StringID  Type  x          y          demand  ReadyTime  DueDate  ServiceTime
D0        d     -21029.10   13516.90    0.0     0.0        86400.0  0.0
D1        d     32819.27    5459.83     0.0     0.0        86400.0  0.0
C001      c     -4919.61    23589.23    495.0   1076.0     21285.0  990.0
C002      c     -51024.92   9543.74     532.0   4973.0     24919.0  1064.0
C003      c     7416.07     41928.28    752.0   701.0      22121.0  1504.0
C004      c     54756.81    24788.85    605.0   4073.0     24402.0  1210.0
C005      c     73429.66    31057.32    394.0   2025.0     22575.0  788.0
C006      c     25555.52    -7565.14    354.0   3322.0     23853.0  708.0
C007      c     45418.37    3247.20     722.0   1520.0     21013.0  1444.0
C008      c     -38103.40   1514.02     380.0   4944.0     24132.0  760.0
C009      c     25936.98    -11713.77   630.0   1093.0     20661.0  1260.0
C010      c     -45755.98   -45279.99   285.0   1380.0     20038.0  570.0
C011      c     20681.58    48406.06    761.0   4286.0     24724.0  1522.0
C012      c     -55111.12   -4496.58    163.0   2990.0     21758.0  326.0
C013      c     -44515.30   -26078.03   645.0   2712.0     23297.0  1290.0
C014      c     -27900.92   16567.62    173.0   3967.0     23482.0  346.0
C015      c     -69400.77   -63132.70   762.0   3002.0     23872.0  1524.0
C016      c     37688.51    4582.16     775.0   5308.0     26526.0  1550.0
C017      c     -49746.00   -42054.20   320.0   4510.0     23738.0  640.0
C018      c     41078.05    -3432.22    329.0   3880.0     23070.0  658.0
C019      c     28387.85    -61044.34   347.0   5150.0     24069.0  694.0
C020      c     -32863.28   -73498.05   286.0   5146.0     25476.0  572.0
C021      c     52780.03    -41167.55   146.0   839.0      19375.0  292.0
C022      c     72623.37    -1811.81    464.0   1752.0     21266.0  928.0
C023      c     25809.50    -42805.68   398.0   4348.0     23842.0  796.0
C024      c     46664.26    -8332.99    374.0   4363.0     24376.0  748.0
C025      c     23281.75    -12477.24   683.0   1546.0     20931.0  1366.0
C026      c     -96131.37   56572.78    769.0   843.0      21908.0  1538.0
C027      c     -45409.44   -65631.88   589.0   1963.0     22930.0  1178.0
C028      c     -24386.81   -49275.83   258.0   684.0      20670.0  516.0
C029      c     -4734.15    24639.50    812.0   4682.0     24678.0  1624.0
C030      c     -18308.04   52429.62    818.0   940.0      20646.0  1636.0
C031      c     64500.90    -8915.89    558.0   5238.0     25464.0  1116.0
C032      c     61698.96    19966.13    314.0   3652.0     23342.0  628.0
C033      c     17454.31    42601.43    210.0   1261.0     20843.0  420.0
C034      c     51373.48    -1194.64    168.0   917.0      20579.0  336.0
C035      c     57218.67    -15575.50   385.0   3342.0     23136.0  770.0
C036      c     -46172.25   7889.07     735.0   5161.0     24650.0  1470.0
C037      c     28243.96    -1031.43    124.0   5000.0     23382.0  248.0
C038      c     30723.83    24285.03    214.0   3780.0     23626.0  428.0
C039      c     -28961.71   26928.88    554.0   3093.0     22853.0  1108.0
C040      c     75081.22    2225.58     328.0   1383.0     21831.0  656.0
C041      c     -9386.59    75203.03    339.0   4231.0     24539.0  678.0
C042      c     22055.02    -2610.90    209.0   3675.0     23528.0  418.0
C043      c     -24064.87   10491.92    731.0   2105.0     23215.0  1462.0
C044      c     29847.86    6688.67     376.0   4385.0     24702.0  752.0
C045      c     -15176.58   101373.50   562.0   1530.0     21361.0  1124.0
C046      c     -53287.09   -33496.15   298.0   1447.0     20463.0  596.0
C047      c     -20221.86   6204.32     567.0   1292.0     20798.0  1134.0
C048      c     60598.13    -1874.47    551.0   2926.0     23533.0  1102.0
C049      c     -48789.75   10237.21    171.0   2782.0     21474.0  342.0
C050      c     -68792.34   47125.92    714.0   610.0      21171.0  1428.0
C051      c     29836.40    -56088.97   288.0   3709.0     22601.0  576.0
C052      c     -9447.01    12214.82    401.0   670.0      19615.0  802.0
C053      c     -3116.82    -85312.42   378.0   4294.0     24250.0  756.0
C054      c     -19884.38   90385.97    518.0   1880.0     21101.0  1036.0
C055      c     -9617.61    22216.63    673.0   1992.0     22405.0  1346.0
C056      c     43563.39    3157.29     502.0   4232.0     24751.0  1004.0
C057      c     -49099.52   -39529.31   674.0   3339.0     24094.0  1348.0
C058      c     -39916.15   943.96      218.0   4132.0     23453.0  436.0
C059      c     38536.71    -21124.36   753.0   3943.0     24516.0  1506.0
C060      c     -1401.32    36490.83    493.0   2759.0     22422.0  986.0
C061      c     39246.82    -16045.36   578.0   920.0      20215.0  1156.0
C062      c     49049.34    -15992.88   736.0   5111.0     24792.0  1472.0
C063      c     22116.18    -21547.69   759.0   4689.0     24510.0  1518.0
C064      c     17277.49    -26184.60   141.0   3067.0     22932.0  282.0
C065      c     -42006.36   -32907.38   718.0   5362.0     26525.0  1436.0
C066      c     39643.66    18826.10    586.0   4716.0     25647.0  1172.0
C067      c     -48149.33   -49573.45   493.0   3642.0     22678.0  986.0
C068      c     -14340.17   29079.13    772.0   1740.0     21666.0  1544.0
C069      c     49759.23    29895.24    807.0   2896.0     23388.0  1614.0
C070      c     24971.83    -9192.19    744.0   4801.0     24478.0  1488.0
C071      c     -37345.29   -27348.39   503.0   1392.0     20507.0  1006.0
C072      c     26850.18    -28265.81   632.0   1098.0     20982.0  1264.0
C073      c     53051.19    22065.77    624.0   2900.0     24009.0  1248.0
C074      c     10366.90    51574.20    687.0   1453.0     22307.0  1374.0
C075      c     -24128.23   31028.86    483.0   2592.0     22952.0  966.0
C076      c     -16262.72   10567.45    472.0   3150.0     22404.0  944.0
C077      c     10888.40    40848.05    432.0   1223.0     21791.0  864.0
C078      c     -2170.26    40960.92    634.0   5055.0     25920.0  1268.0
C079      c     7134.18     8209.85     379.0   5324.0     25575.0  758.0
C080      c     -11029.79   20559.06    467.0   3508.0     22888.0  934.0
C081      c     -74032.91   -58718.25   166.0   3073.0     22995.0  332.0
C082      c     -33129.28   -58685.69   396.0   1626.0     21659.0  792.0
C083      c     5973.28     38461.57    418.0   4740.0     25117.0  836.0
C084      c     2533.67     48963.33    512.0   1709.0     21479.0  1024.0
C085      c     -28692.77   -25660.31   672.0   662.0      20696.0  1344.0
C086      c     -6654.82    28903.33    127.0   1647.0     20341.0  254.0
C087      c     41434.81    35277.00    429.0   2791.0     21864.0  858.0
C088      c     49832.68    -56074.75   694.0   4785.0     25595.0  1388.0
C089      c     29429.29    -4190.33    731.0   4314.0     24722.0  1462.0
C090      c     13014.42    -59736.19   156.0   2673.0     21191.0  312.0
C091      c     47658.16    8180.59     514.0   2022.0     22930.0  1028.0
C092      c     -37548.42   -15205.59   695.0   33347.0    54574.0  1390.0
C093      c     60501.51    -52683.50   460.0   37340.0    57280.0  920.0
C094      c     34400.22    8046.57     543.0   37185.0    57205.0  1086.0
C095      c     29831.41    20094.91    437.0   34017.0    54198.0  874.0
C096      c     -250.12     30853.00    641.0   34493.0    54679.0  1282.0
C097      c     -70875.45   -23877.43   180.0   36100.0    54973.0  360.0
C098      c     -71307.16   5046.76     496.0   35537.0    55540.0  992.0
C099      c     26742.56    34941.59    775.0   36495.0    56732.0  1550.0
C100      c     -54564.84   412.62      498.0   36517.0    56988.0  996.0
C101      c     -36089.71   10082.24    260.0   33803.0    53814.0  520.0
C102      c     -42463.29   2460.93     435.0   37270.0    57178.0  870.0
C103      c     54084.95    -16671.22   194.0   36770.0    56888.0  388.0
C104      c     29274.49    9705.74     767.0   36463.0    57912.0  1534.0
C105      c     11375.97    5953.13     251.0   33073.0    51708.0  502.0
C106      c     21262.78    56411.92    210.0   36284.0    56682.0  420.0
C107      c     -59839.67   -1754.31    327.0   35716.0    56200.0  654.0
C108      c     -31903.61   17950.80    172.0   34442.0    54753.0  344.0
C109      c     35189.06    19950.60    103.0   37517.0    57185.0  206.0
C110      c     -55952.91   42257.96    130.0   33125.0    52717.0  260.0
C111      c     -39333.18   52487.47    605.0   33037.0    53534.0  1210.0
C112      c     94032.80    65878.20    208.0   36222.0    54996.0  416.0
C113      c     67212.12    -27979.33   737.0   34349.0    55503.0  1474.0
C114      c     -17838.07   54591.62    527.0   34696.0    54846.0  1054.0
C115      c     -21952.62   -2958.19    145.0   35129.0    54188.0  290.0
C116      c     -50587.69   -2690.52    348.0   33670.0    53171.0  696.0
C117      c     50221.76    13345.21    608.0   35019.0    54556.0  1216.0
C118      c     32082.04    5932.38     519.0   35681.0    55682.0  1038.0
C119      c     62617.16    -63111.08   496.0   37707.0    57331.0  992.0
C120      c     -39162.32   41186.74    461.0   36067.0    56546.0  922.0
C121      c     69221.78    -64860.85   345.0   37055.0    57291.0  690.0
C122      c     69080.06    -61096.23   282.0   35933.0    56465.0  564.0
C123      c     13229.04    25232.36    252.0   35802.0    54375.0  504.0
C124      c     -39572.23   2240.22     193.0   36202.0    54753.0  386.0
C125      c     -3610.73    21509.49    661.0   36517.0    57734.0  1322.0
C126      c     -32741.54   -60379.31   420.0   35717.0    55474.0  840.0
C127      c     33165.30    -54921.07   125.0   33247.0    51985.0  250.0
C128      c     -7145.46    -34846.57   586.0   34256.0    54197.0  1172.0
C129      c     28005.09    29360.48    431.0   37185.0    57523.0  862.0
C130      c     -40596.66   -10103.07   643.0   35928.0    56510.0  1286.0
C131      c     -51313.95   -21738.73   582.0   34003.0    54870.0  1164.0
C132      c     -33350.76   -5052.30    408.0   37717.0    56721.0  816.0
C133      c     -28665.72   -68982.65   148.0   36942.0    57029.0  296.0
C134      c     24027.72    42580.90    628.0   35447.0    55648.0  1256.0
C135      c     21690.62    10448.36    745.0   34648.0    55352.0  1490.0
C136      c     -24860.96   -69879.64   652.0   37370.0    57405.0  1304.0
C137      c     45192.75    -22512.56   459.0   37297.0    56745.0  918.0
C138      c     -71546.40   -28146.12   507.0   37145.0    57546.0  1014.0
C139      c     61801.46    39060.89    139.0   33556.0    52158.0  278.0
C140      c     -54534.63   28016.94    395.0   33799.0    53393.0  790.0
C141      c     37924.79    -92599.97   383.0   33903.0    52828.0  766.0
C142      c     -26918.43   4249.67     186.0   33201.0    51601.0  372.0
C143      c     -43615.70   8922.14     335.0   35619.0    55059.0  670.0
C144      c     10000.67    63210.09    428.0   35659.0    54932.0  856.0
C145      c     58527.39    -59529.74   163.0   37065.0    55808.0  326.0
C146      c     -60311.91   -10437.12   737.0   35117.0    56130.0  1474.0
C147      c     47697.41    -59704.69   630.0   33239.0    52735.0  1260.0
C148      c     45321.23    12595.03    350.0   33448.0    53681.0  700.0
C149      c     100167.82   59205.50    739.0   33627.0    54794.0  1478.0
C150      c     -21068.14   -15713.61   425.0   36435.0    55325.0  850.0
C151      c     -46478.83   728.13      499.0   35338.0    54479.0  998.0
C152      c     63097.08    69752.89    168.0   37145.0    57377.0  336.0
C153      c     -59403.21   25611.37    767.0   35892.0    56342.0  1534.0
C154      c     -8356.77    46303.40    257.0   36430.0    56919.0  514.0
C155      c     -4815.23    47152.46    307.0   33065.0    53271.0  614.0
C156      c     90554.66    75359.88    746.0   36162.0    56964.0  1492.0
C157      c     -16150.02   -5980.65    436.0   37494.0    57115.0  872.0
C158      c     -58237.00   17022.70    244.0   34556.0    53441.0  488.0
C159      c     -33095.95   4703.60     658.0   33406.0    54099.0  1316.0
C160      c     25190.64    -87952.86   239.0   36883.0    56173.0  478.0
C161      c     -21078.66   -71704.80   262.0   37613.0    56487.0  524.0
C162      c     -59797.50   -8925.75    785.0   37301.0    56918.0  1570.0
C163      c     23707.72    94213.73    464.0   33818.0    54485.0  928.0
C164      c     -67702.08   9010.44     270.0   33858.0    54319.0  540.0
C165      c     31234.10    -91536.66   537.0   35067.0    55327.0  1074.0
C166      c     -60538.75   -4400.69    760.0   34293.0    54913.0  1520.0
C167      c     -59459.39   -21501.17   452.0   36611.0    56261.0  904.0
C168      c     -48168.85   -10132.84   281.0   36718.0    55583.0  562.0
C169      c     2622.10     -80341.87   460.0   33958.0    54739.0  920.0
C170      c     43674.70    -44908.96   607.0   33687.0    54645.0  1214.0
C171      c     12983.60    79465.16    401.0   37409.0    57320.0  802.0
C172      c     38477.58    -15148.34   434.0   36427.0    56706.0  868.0
C173      c     -12677.03   -54471.69   483.0   35741.0    56088.0  966.0
C174      c     -55976.88   31810.94    785.0   35923.0    57284.0  1570.0
C175      c     34092.30    -2769.13    206.0   36880.0    56350.0  412.0
C176      c     -53517.48   -2089.97    385.0   33782.0    52856.0  770.0
C177      c     32321.44    -69888.22   497.0   35594.0    55303.0  994.0
C178      c     -29401.55   -50366.72   344.0   35707.0    55980.0  688.0
C179      c     101109.86   43503.90    289.0   34570.0    54891.0  578.0
C180      c     -28363.99   -3406.73    550.0   37609.0    57940.0  1100.0
C181      c     57336.69    -84513.69   106.0   33861.0    52865.0  212.0
C182      c     -40439.95   -17958.27   396.0   35967.0    54978.0  792.0
C183      c     -44710.54   2478.16     449.0   35720.0    54730.0  898.0
C184      c     1928.61     31513.01    522.0   65806.0    84959.0  1044.0
C185      c     37781.51    52926.87    795.0   66370.0    86057.0  1590.0
C186      c     46050.53    26460.10    615.0   65949.0    86174.0  1230.0
C187      c     -41768.49   -46929.75   127.0   66817.0    85973.0  254.0
C188      c     53166.19    -20121.57   763.0   66481.0    86090.0  1526.0
C189      c     -76594.50   55552.40    249.0   67105.0    86092.0  498.0
C190      c     44634.79    15871.36    820.0   66020.0    85825.0  1640.0
C191      c     67903.90    -35357.45   239.0   65735.0    85494.0  478.0
C192      c     -64512.00   -5973.79    408.0   65892.0    85549.0  816.0
C193      c     -6969.17    50351.28    332.0   66248.0    86080.0  664.0
C194      c     -32384.32   -17909.89   281.0   65549.0    84650.0  562.0
C195      c     -46539.96   -6048.02    484.0   67078.0    86333.0  968.0
C196      c     31035.40    77416.56    535.0   66109.0    85910.0  1070.0
C197      c     -42101.17   -7017.81    395.0   66122.0    85542.0  790.0
C198      c     -42243.41   16720.10    182.0   66516.0    85889.0  364.0
C199      c     -17357.34   10641.50    112.0   65552.0    85205.0  224.0
C200      c     -27142.59   -12498.82   394.0   66141.0    85067.0  788.0
F1        f     -21029.10   13516.90    0.0     0.0        86400.0  0.0
F2        f     -843.39     24755.27    0.0     0.0        86400.0  0.0
F3        f     5973.28     38461.57    0.0     0.0        86400.0  0.0
F4        f     -28692.77   -25660.31   0.0     0.0        86400.0  0.0
F5        f     -47955.49   -34773.76   0.0     0.0        86400.0  0.0
F6        f     -74893.78   -3584.45    0.0     0.0        86400.0  0.0
F7        f     -38103.40   1514.02     0.0     0.0        86400.0  0.0
F8        f     -9451.64    39932.82    0.0     0.0        86400.0  0.0
F9        f     41617.22    -16270.54   0.0     0.0        86400.0  0.0
F10       f     44156.30    32248.31    0.0     0.0        86400.0  0.0
F11       f     -18308.04   52429.62    0.0     0.0        86400.0  0.0
F12       f     45418.37    3247.20     0.0     0.0        86400.0  0.0
F13       f     -47593.64   -63262.15   0.0     0.0        86400.0  0.0
F14       f     -13292.26   -4440.44    0.0     0.0        86400.0  0.0
F15       f     -58962.46   36421.09    0.0     0.0        86400.0  0.0
F16       f     51748.14    -8983.34    0.0     0.0        86400.0  0.0
F17       f     49759.23    29895.24    0.0     0.0        86400.0  0.0
F18       f     52780.03    -41167.55   0.0     0.0        86400.0  0.0
F19       f     -9617.61    22216.63    0.0     0.0        86400.0  0.0
F20       f     66065.77    -13661.25   0.0     0.0        86400.0  0.0
F21       f     -96131.37   56572.78    0.0     0.0        86400.0  0.0

m numVeh /28/
m numPetrolVeh /14/
m numElectroVeh /14/

DistanceMatrix
0 54448 18999 30258 40204 76620 96074 51133 67236 20871 53314 63785 54379 38550 46037 7519 90637 59393 62552 64378 89451 87816 91860 94899 73254 71132 51373 86569 82819 62882 19729 39008 88423 82979 48238 73882 83481 25765 51376 52861 15582 96771 62775 46004 4286 51333 88051 57016 7357 83066 27954 58403 86211 11655 100439 76878 14349 65418 60015 22689 68906 30217 67135 76038 55597 55169 50944 60905 68672 16939 72658 51301 44002 63547 74572 49336 17784 5605 42020 33299 28659 12230 89595 73209 36761 42564 39920 21056 66146 99320 53475 80777 68894 33134 105023 55699 51284 27061 62314 50987 52356 36005 15447 24118 80953 50448 33276 60238 41707 11744 56585 45230 43055 126416 97511 41198 16501 33710 71251 53650 113440 33082 119534 116991 36206 21703 19165 74819 87297 50317 51530 30672 46477 22285 82852 53617 42830 83485 75389 65481 86680 36509 121393 10980 23049 58585 108005 46010 100423 66357 129523 29231 28482 101191 40235 35150 37340 127575 20099 37373 14943 111501 85222 44796 92268 46890 117336 43383 51992 35998 96793 87179 74203 66051 68500 39446 57477 36043 99009 64430 125766 18445 125504 36979 26128 29170 70794 68317 63906 81465 69674 65706 101478 47651 39427 33415 32149 82425 29423 21455 4664 26724 0 23103 36761 39920 55290 56514 20871 28842 69368 67823 39008 67236 81245 19553 44312 76176 72658 91860 14349 91237 86569
54448 0 41868 83944 44444 29238 48005 14913 12792 71032 18501 93534 44628 88492 83518 61728 123101 4948 95261 12136 66652 102706 50720 40463 48772 19543 20315 138711 105706 79174 42168 69427 34791 32318 40194 19711 32215 79029 7942 18941 65405 42386 81520 13454 57106 3215 107252 94509 53046 28731 81749 109823 61621 42803 97627 99951 45625 10988 93460 72875 27192 46195 22445 26900 29051 35255 84089 15008 97901 52744 29733 16621 77456 34250 26174 51290 62424 49347 41633 49846 25832 46376 124644 91999 42542 53007 68936 45911 31037 63843 10228 68138 15086 73339 64397 3032 14937 41694 107765 104127 30102 87530 69064 75342 30692 5531 21449 52246 92939 65917 14683 96097 86125 86009 47969 70570 55415 83804 19106 876 74766 80360 79184 75793 27834 72463 39809 92914 60382 56761 24381 75047 88420 67000 96551 38148 12196 94884 30587 109643 44373 90219 98193 59750 76513 62095 69890 94478 66841 14395 86165 57898 79439 71066 94398 57997 56166 90661 50288 91787 65920 93724 94124 93727 89220 100584 97009 93877 96137 82475 90960 51525 76618 21371 75244 92624 8327 86666 75350 83594 78173 61822 93254 76911 77587 40410 47726 24821 91148 32686 120336 15748 53824 98001 59986 69265 80189 71979 75952 75903 50443 62593 54448 38801 42542 68936 90240 108092 71032 54546 23444 29089 69427 12792 105778 47162 96863 23810 29733 50720 45625 38353 138711
18999 41868 0 48197 22102 59688 78704 43581 54293 39856 46887 80066 35655 57515 63519 24030 108067 46655 79489 53347 90952 101029 86733 81597 73161 60662 45783 96992 97979 75421 1067 31797 76654 66717 29361 61507 73451 44139 41304 35650 24273 82804 51807 37604 23197 38658 78458 74821 23160 70292 45857 68071 86929 12242 108917 68453 4894 52612 77044 41684 62352 13373 59343 66928 52614 54499 67582 44817 84980 10903 55041 44363 60383 60813 57991 31888 20599 17269 23404 17588 19540 6820 107476 86977 18435 26446 54687 5590 47805 96665 44176 85234 54789 50692 100486 42280 34926 8635 81260 68928 33636 54789 33971 43081 71431 36905 24012 41986 60486 27567 40273 54341 44938 107610 88670 33586 31542 52690 56085 40999 109901 38500 115414 112461 18223 40701 2457 88458 87260 58478 33427 49072 64862 40357 95569 34621 29678 95572 68093 84354 68491 49812 123837 29291 41382 42337 104567 65008 98521 51430 110959 42491 47432 82203 54521 22973 23563 108607 31631 53720 33920 115535 96654 63787 76206 64453 120669 62265 70765 54842 104204 83985 58674 58171 78445 51715 47082 54965 100623 77903 107883 35755 124748 54662 45044 10473 51808 51051 79566 72695 78479 50152 93691 66522 26840 49764 51094 64731 48159 37951 17954 42382 18999 4240 18435 54687 72514 75065 39856 16960 61274 49834 31797 54293 96769 29253 55545 65362 55041 86733 4894 80166 96992
30258 83944 48197 0 66814 106875 126300 78468 96649 15213 79844 55076 81560 14623 36212 24167 74964 88852 51614 93013 106250 85005 115530 124169 92973 99311 77501 65164 75385 64570 48690 53941 116991 113205 76041 102960 111120 5127 79971 83067 28090 126318 77749 74084 26977 80923 98579 43099 30984 112206 2340 41570 104145 41664 106268 86633 43303 94804 49111 14049 94667 56468 93829 103281 79475 77083 43399 91142 59187 41562 102818 78272 39347 86568 104827 74401 34424 34777 69377 58085 58174 41484 72035 70537 63914 66501 41690 48410 95974 120325 81618 94344 98692 28181 127712 85438 81542 55065 38872 20775 81810 9793 14945 11112 108330 80300 62504 86152 14330 20888 86840 33083 44507 155613 124048 55952 31646 12242 101318 83185 134882 33794 141405 139338 66142 13583 48901 72274 106036 62417 81477 22243 31284 22922 81648 82002 72721 83622 101417 42915 116624 18804 135445 24681 7435 81266 129510 22034 120588 96394 159140 39183 9919 129031 18121 56319 59580 156130 38174 10390 18571 123751 86592 20447 112933 16686 130322 16881 32170 19883 104678 109239 94795 92846 74623 22811 86003 11898 115135 63693 155879 26100 143489 29469 9476 57330 98837 98538 57227 108332 52636 95869 127123 20560 60051 33184 16224 106492 18813 11341 33685 32500 30258 52436 63914 41690 44424 27241 15213 51496 96171 97852 53941 96649 72887 40241 28025 104430 102818 115530 43303 119368 65164
40204 44444 22102 66814 0 50348 66903 52713 54225 60871 56749 102140 14763 77878 85567 43479 130149 48074 101590 56486 105087 122252 94672 78519 86707 63770 56672 104578 119832 96590 21131 27785 76445 58557 10061 61578 76072 63485 47742 29232 39349 78453 37277 46883 44489 41773 63594 96818 45167 68899 64525 76385 100549 34165 127676 55619 26052 53008 99143 62610 70315 10359 66137 71332 65156 68823 89683 39653 107052 25267 44020 54051 82479 72835 49770 10087 33374 39296 3636 9635 33720 28229 129475 108476 3755 8563 76629 19174 34663 106788 51103 101818 52520 72705 108487 43314 31291 13470 102274 86934 20551 74600 53916 63605 74913 38937 36192 20038 80197 46054 35417 63370 47927 89867 91993 28251 53641 73180 51472 43636 118661 46584 123385 120069 17679 61506 23206 109907 100214 78144 24122 70799 86618 62202 116632 16624 34565 116374 74697 105572 54461 63493 137944 50976 60775 21438 113605 85611 109325 47930 94347 64296 67839 62246 68783 16368 13300 89609 53391 70218 55017 131092 117151 84284 54765 82014 135574 82245 92172 76158 122364 94103 37948 64981 98472 64195 52053 75170 114557 99368 93707 57754 135940 76659 65372 11772 32296 41616 101562 77093 85108 45433 98142 86419 16670 71866 72201 42630 69625 55691 39907 64472 40204 19056 3755 76629 94600 94055 60871 16985 67504 37994 27785 54225 118706 50783 66607 67508 44020 94672 26052 80808 104578
76620 29238 59688 106875 50348 0 19697 43583 23479 95733 46508 122525 41460 113704 111545 83066 152136 26451 124052 31361 89792 131672 65986 32044 73532 34096 48780 154199 134941 108394 59491 78118 35085 8453 41337 26203 40439 102334 37008 24038 83746 30367 81584 42663 80108 30791 103711 122762 77248 27296 104564 125552 84630 65424 124385 99369 64426 24356 122160 97630 48694 57364 43681 41179 56679 63269 112659 16247 126962 69230 7145 45187 105835 59946 3213 51845 79131 72429 46715 59180 50426 65922 153493 121210 50663 57547 97514 61549 16955 81013 38487 94270 18062 100597 77685 26357 25364 55340 134729 127600 29797 112006 92029 99751 41466 29612 47294 46064 117630 86930 20157 112079 98082 56841 54218 78474 81573 108870 12309 29491 88251 95340 90809 87071 41530 96987 58460 122105 82582 85955 27140 101537 115827 93024 125509 35508 36042 123698 48259 136947 15916 109339 118589 84218 99644 58986 84403 120340 84788 15418 56980 85964 104056 45731 114163 66680 63631 61959 77295 113260 90120 116554 122728 119413 76052 123471 118680 118933 123240 108689 117348 70573 68808 43128 104065 110956 34445 111561 97299 112832 49989 87773 109333 104354 101939 53254 32862 8865 120253 44939 134906 13490 61566 123172 66810 97040 105886 57727 101947 97335 73489 89988 76620 55600 50663 97514 118733 132719 95733 65970 43111 12962 78118 23479 135013 74061 114313 33906 7145 65986 64426 40079 154199
96074 48005 78704 126300 66903 19697 0 61511 39472 115380 63913 141537 55528 133367 131055 102361 171091 44479 143239 47288 102526 149097 75119 32879 87883 47623 66408 171470 153204 126576 78427 94194 40958 16144 57153 39073 49370 121825 55421 43239 102475 28879 93848 61424 99640 49932 113117 142212 96893 35343 123980 143127 97442 84992 139288 110578 83517 40871 141407 117278 62773 75028 58199 52992 73487 80185 131973 35932 145886 87792 23699 62994 125229 75425 22274 66316 97558 92003 63303 76246 70122 85109 172641 139315 67862 73122 116816 80113 32272 90271 56378 109057 34460 120235 84733 45308 44955 73680 154408 147055 46848 131612 111510 119369 51500 49047 66939 58002 137249 106146 39821 129866 114781 40460 59363 94253 101266 128527 29195 48383 94787 113047 96010 92256 60482 116618 77630 140118 94939 104095 45456 121228 135456 112721 142939 50728 55693 140888 60556 156599 14116 128000 128653 103867 119120 71113 91805 140031 94339 33629 38823 105439 123685 40051 132944 83195 79883 47497 96935 132413 109737 128415 139613 139098 80380 142843 129652 138581 142905 128385 131998 81586 77441 57936 121365 129409 51881 131203 108995 131165 30350 107470 116686 123971 121548 71503 41822 27762 139114 55044 152011 32554 66644 142826 82681 116595 125577 62821 121643 116558 93054 109599 96074 74540 67862 116816 138087 152315 115380 83355 57026 29298 94194 39472 153437 93706 132501 45534 23699 75119 83517 45321 171470
51133 14913 43581 78468 52713 43583 61511 0 22615 64303 4166 80671 56183 80725 72475 58651 110020 17169 82824 16063 53554 88090 43247 47418 35241 21123 5413 137555 91694 65069 44211 74319 38969 45435 50816 26592 32661 73374 7065 32267 64513 50484 89842 6066 52804 14886 116304 82997 47803 35502 76447 109053 48712 40205 82866 107978 46088 20958 81210 66022 18771 51649 16105 24960 14399 20377 72158 29916 84836 54171 44599 1729 65939 20741 40423 61059 62912 45580 50586 55888 24253 46146 111958 77828 50019 61037 57187 48657 45690 54245 5138 53657 27138 63565 57069 17943 27989 46280 97801 97680 42523 80517 64121 68754 29947 17667 19591 64121 85593 62870 29153 95530 88413 100414 46390 75805 47731 76299 32337 14993 66775 81026 72038 68992 35037 65862 41183 78663 47963 42587 37007 66201 78165 58960 81927 50169 18423 80156 24679 99259 59057 87639 85930 53788 71109 72464 61542 85915 56646 28233 100126 47330 72510 85950 91207 63654 62581 105363 41736 87326 59921 80389 79301 85364 101796 94719 84163 86152 86150 73769 76305 41507 87934 14983 60514 90543 9792 79262 62689 69658 91195 54080 83253 66809 70980 45665 61715 39721 77988 30332 120077 30221 50654 90082 66424 58856 72111 85158 67659 72017 46615 52929 51133 41731 50019 57187 78385 100528 64303 59005 18269 43944 74319 22615 91940 38973 95279 26231 44599 43247 46088 40966 137555
67236 12792 54293 96649 54225 23479 39472 22615 0 83540 24563 103284 51490 100827 94594 74519 132626 7844 105397 7966 66509 109626 45021 27671 50054 11647 27153 151261 113991 87358 54524 80498 22629 23336 48278 7429 22216 91708 17699 25662 78059 29680 90450 24087 69860 15946 115328 105323 65707 16021 94467 122350 61348 55593 100987 108893 58213 1857 103747 85366 25324 57421 20256 19580 34026 40720 94606 16615 107447 65103 26999 23933 88238 36577 20308 59700 74890 62114 51050 60721 38604 59043 134567 100027 52877 62682 79549 58050 32277 59486 17634 70830 5418 84994 57929 12018 22952 53364 119415 116739 36788 100023 81794 87885 21722 17388 34150 58395 105377 78708 19587 108618 98017 79284 38080 81472 67656 96190 11182 13604 68551 92700 72148 68556 38981 84997 52320 100783 59445 64916 31387 87045 99907 79205 103468 44774 24796 101423 25761 121104 39383 102976 96140 72344 89215 69642 64131 106612 62993 9348 78287 69137 91932 68815 107181 68888 66716 85074 62256 104567 78528 93416 100198 105918 93521 113267 95839 106233 107758 94539 93908 48188 82832 19661 81894 105342 12825 99080 74299 92046 68718 74082 88566 88438 90132 51868 50263 23222 100595 24620 132752 12648 44676 110316 70450 80628 92427 75551 88119 88691 63210 74250 67236 51017 52877 79549 100818 120506 83540 66004 19884 29029 80498 0 114345 59212 109526 13771 26999 45021 58213 26687 151261
20871 71032 39856 15213 60871 95733 115380 64303 83540 0 65392 47416 75197 18039 28327 18185 71824 75854 45097 79336 91294 75195 100407 110777 77776 85338 62959 79992 67542 52609 40599 54628 103133 101494 69100 89518 96842 10283 66396 72496 27009 113187 79087 60300 16664 68148 102458 38161 18486 98760 13795 54975 89073 30589 93610 90720 35214 81683 42491 1900 79914 50699 79318 88894 64484 61921 34642 79651 52066 36394 92333 63977 28872 71455 93443 69681 32656 23643 62828 53360 45730 33101 70135 60405 57514 62472 28758 41704 86408 105115 67773 79779 86020 16729 112518 72797 70430 47892 41458 33391 72955 16498 8802 4462 93965 67874 49678 80859 21981 17567 75576 44482 50988 146979 109367 56815 16759 13173 89114 70324 119671 39687 126192 124130 56547 1639 39869 62125 90907 47754 71734 11882 26743 8106 71126 74477 60458 72611 86692 44701 106727 31183 120986 11515 9234 78233 114297 25220 105402 84157 149824 24228 8412 122058 32162 53768 56489 148345 23197 25414 5937 109592 75172 24075 111417 30533 116044 23202 31397 15394 91427 94036 93200 78373 61489 35176 72323 15830 100289 52605 145408 10912 128490 19612 6677 50025 91661 87774 48582 93799 66345 83975 112237 27450 57917 20248 11330 102671 9422 15760 22665 17790 20871 43914 57514 28758 37601 37142 0 47926 81680 87814 54628 83540 65468 25516 40665 90463 92333 100407 35214 105269 79992
53314 18501 46887 79844 56749 46508 63913 4166 24563 65392 0 79162 60349 81369 71902 60814 108320 20091 81538 17258 49391 85292 39851 47725 31092 21001 2763 139870 89429 62796 47563 77923 38665 47776 54974 27526 31519 74726 10929 36316 67135 51083 93820 9896 54711 18813 120329 82164 49515 36031 77884 111516 44546 42715 79126 111910 49147 23062 80026 67059 15726 55417 13997 23505 10550 16864 71172 33475 83199 57326 47946 2700 65185 16577 43316 65175 65829 47721 54674 59705 27395 49072 110469 75466 54001 65034 56382 52077 49480 50388 8294 49731 29455 63581 53602 21496 32046 49977 97574 98678 46662 81410 65745 69854 28581 21678 22894 68286 86353 65004 32988 98076 91553 103235 44364 79452 48683 77055 34896 18686 63144 83883 68543 65574 39071 66979 44462 76233 43808 40368 41126 66553 77899 59661 79128 54328 22565 77225 22077 98859 62164 89745 81770 55213 72549 76600 57866 86258 52694 31091 102663 47175 73477 89542 93146 67395 66415 108431 42476 88944 61273 76243 76219 85780 105951 95905 79998 86784 85955 74123 72480 37637 92094 13002 57613 92759 12104 80035 58524 67501 93274 54933 79283 66670 72059 49446 65717 43149 76316 28498 122627 33325 48169 90631 70249 58650 72698 89276 68200 73872 48725 53085 53314 45246 54001 56382 77407 101158 65392 62608 16329 47588 77923 24563 89800 39898 97595 25955 47946 39851 49147 40176 139870
63785 93534 80066 55076 102140 122525 141537 80671 103284 47416 79162 0 114852 41843 19242 64373 29628 97207 5131 96392 75801 31024 98622 126108 71608 99532 76434 113630 20355 21740 81065 101492 116099 125712 108253 106666 107173 53171 86220 103385 74136 129840 125853 80119 59842 91742 149808 13985 57468 114871 55600 95234 76361 68000 58487 138111 76562 101608 6652 46591 87686 93026 89890 99226 71902 65862 12928 106783 4915 80723 121550 79402 19806 74573 119576 111940 79315 63157 103086 96629 75223 74436 31308 18416 98431 105895 26002 83857 118708 96196 85681 60522 107630 31174 106515 96274 99937 88696 33001 56442 108127 46534 56200 47854 103859 93022 76739 121790 45748 64730 103957 88130 97978 178597 114285 103700 48557 42863 112466 93174 109830 86718 116633 115920 91931 47921 78975 19934 79508 39995 104938 35553 24188 42097 29221 112202 87491 32276 93755 30963 136682 73821 96134 52991 54244 121979 105252 37761 94560 107910 179474 38518 46014 158372 72193 98925 101094 182029 49203 63541 51562 82791 36156 38972 155832 58558 89817 43470 27445 35230 59748 89431 137883 89461 34332 77766 90459 43882 81864 17127 171616 45341 110306 27834 47770 90394 128931 116512 4315 102071 105443 109133 114092 43552 103198 30462 39240 144746 38436 62100 62719 37697 63785 83199 98431 26002 10734 50868 47416 92624 92063 118722 101492 103284 18076 52171 82762 104041 121550 98622 76562 116206 113630
54379 44628 35655 81560 14763 41460 55528 56183 51490 75197 60349 114852 0 92430 98987 58086 143373 47008 114643 55707 109721 133145 95151 72248 91356 62405 60939 117098 131805 107577 34797 39197 72152 49912 6641 58329 73679 78173 50013 26128 54090 71358 40276 51035 58649 42713 63964 110360 58771 64199 79266 89483 104895 47091 135820 58377 40049 50705 112259 76972 71786 25092 67072 70370 69968 74668 102673 35136 119740 40001 34470 57758 95425 76920 41733 10790 48061 52883 12371 24034 42418 42203 142991 119851 17755 18156 89015 33580 24557 108471 53319 108414 48434 86239 108650 42627 29753 27318 116652 101695 14766 89249 68496 78091 73149 39643 43461 8027 94867 60768 31940 76881 60153 75403 89442 39013 66753 87694 45846 43977 119141 60278 123230 119721 24343 75907 36243 121195 104079 87780 20405 84725 100517 76008 127339 6718 37971 126750 75035 119859 42168 77931 142056 64927 75453 18255 114379 100112 111435 43469 80217 76514 82363 47484 83266 29114 25528 74892 65685 84930 69296 136433 127163 98812 45908 96766 140340 96878 106347 90372 130008 96106 31999 65999 108151 78434 52903 89752 118866 110745 80578 71344 137881 90222 79909 25240 17687 33544 113969 75837 97538 40401 96158 101070 27719 84934 86510 30803 83747 70452 53602 77437 54379 31979 17755 89015 107842 108801 75197 31302 67981 28498 39197 51490 130887 62825 80541 65259 34470 95151 40049 76890 117098
38550 88492 57515 14623 77878 113704 133367 80725 100827 18039 81369 41843 92430 0 24042 34411 60352 93243 37939 96195 100845 72499 113953 127763 89531 101848 78798 73567 61900 54306 58196 67787 119694 119344 86510 106536 112875 15274 83427 90532 40882 130366 91884 77189 34475 85692 113151 29057 36493 115739 16033 53405 99387 48626 96097 101211 52757 98971 35545 16140 95113 67563 95062 104793 79087 75568 31288 97583 45611 52817 110366 80220 28945 85338 111376 86205 47138 41667 80075 69779 63529 50705 57428 58478 74677 78619 33850 58852 104418 116934 84541 87707 103548 20570 125253 90386 88431 65263 24983 18799 90859 4940 23966 14435 109873 85572 67303 97687 5466 32287 93551 46762 59128 164914 124557 69862 33194 4871 106833 87815 131513 48387 138212 136481 74526 16936 57694 60194 101663 56761 89747 15560 17655 21767 69698 92083 78242 72042 101909 28800 124763 32519 128132 29518 17669 93935 126263 7895 116694 101876 167838 35843 10090 139593 30412 69041 72092 166119 38989 21745 23860 115816 75334 6448 126318 18465 122603 5428 17552 8942 95319 106732 108104 94193 65560 36318 89220 2886 109181 52584 163429 26769 138012 19911 12523 67455 109208 105792 44481 109399 63776 101804 126827 9516 72979 26390 8710 118874 13252 24814 40676 29091 38550 61649 74677 33850 31111 19804 18039 63708 97442 105850 67787 100827 59244 41819 41099 106953 110366 113953 52757 121523 73567
46037 83518 63519 36212 85567 111545 131055 72475 94594 28327 71902 19242 98987 24042 0 45768 44636 87735 16811 88538 80855 48831 98458 119626 72287 92890 69148 97444 39564 30713 64458 82766 110359 115765 92505 99065 102275 34007 76950 90539 55242 122900 107200 70586 41900 81262 130785 11488 40402 107864 36566 77125 80180 51924 72267 119040 59584 92804 14211 27411 83200 75985 84361 94107 66785 61793 7276 95389 23775 62872 109639 71509 7282 71399 108798 95089 60637 46272 86883 79293 61995 57413 44008 34538 81942 88571 15828 66756 105602 99002 77116 66652 98334 12913 108335 85978 87518 72115 26452 41068 93814 28333 37129 28613 99048 82009 64419 105505 28749 45799 92040 69287 78736 166287 111744 84966 32305 24163 102612 83017 113353 67477 120168 118870 77247 28746 62752 36266 82863 38385 91283 16449 8065 23806 45739 97016 75613 48009 89779 27110 124685 55015 105932 35063 35012 104615 108337 22230 98153 97807 167948 25636 26878 144097 53791 80911 83299 168919 34763 45232 32832 93206 51294 22973 138291 42057 100114 26957 15629 16358 71878 90178 120189 83709 42660 59013 81991 25622 88449 28607 161395 27836 117425 9085 28557 73985 114081 104702 21032 97863 87707 98527 112802 28356 85154 14625 20132 128137 19212 42858 45671 22050 46037 67017 81942 15828 9352 37800 28327 74746 86689 106135 82766 94594 37311 37988 64147 97770 109639 98458 59584 111276 97444
7519 61728 24030 24167 43479 83066 102361 58651 74519 18185 60814 64373 58086 34411 45768 0 89858 66676 62560 71820 95875 90202 99211 102191 80062 78613 58850 79094 84043 65937 24533 37123 95851 89664 52296 81240 90986 20228 58839 59131 10415 103976 61489 53511 7185 58588 85755 56132 12898 90400 21827 51048 92804 18960 104851 74252 19136 72712 59969 19710 76385 33154 74649 83556 62885 62200 51446 67582 69171 18451 78795 58814 44920 70765 81139 51864 14945 13094 45762 35456 36018 17337 88296 75435 40334 44449 42235 24568 71816 106393 60972 86581 76023 33206 112297 62881 57840 31123 59014 44909 57650 31176 10446 20275 88468 57586 40686 63282 36821 4235 63181 38038 37695 131527 105028 39333 20412 29758 78189 60919 120591 27072 126742 124246 42033 18480 24788 77099 94020 55446 57351 29538 44895 22296 85554 58080 49968 86501 82885 62484 92480 28990 127478 12357 17476 60100 115155 42187 107390 73330 134980 32996 24414 105401 32775 35584 38319 132243 25427 30339 12952 117232 88536 40833 93233 40512 123221 38793 49449 33522 101603 94353 75018 73566 72652 31947 64939 31691 105363 66951 131793 19980 132223 36732 21933 33364 75074 74610 64994 88983 62377 72539 108971 42994 39743 34768 29307 84712 27530 14343 12095 29076 7519 28269 40334 42235 55119 51132 18185 29771 76884 73744 37123 74519 82223 25588 36864 83647 78795 99211 19136 98709 79094
90637 123101 108067 74964 130149 152136 171091 110020 132626 71824 108320 29628 143373 60352 44636 89858 0 126702 28820 125578 97811 37979 124140 154697 97356 128351 105622 122654 24121 47099 109022 126353 144461 155218 136834 135730 135256 74724 115720 132916 98724 158577 150793 109668 86463 121348 173212 33734 85007 143709 76210 110260 99487 96290 69896 161307 104204 130978 31133 70535 115824 120618 118412 127486 100522 94225 40792 136411 25209 107400 151173 108700 48042 102372 149175 139716 104480 90859 131371 123917 104630 102037 6399 36543 126502 133192 55329 111390 148219 119442 115072 82485 137071 57546 130322 125862 129514 116684 39283 68206 137339 65254 80437 70909 131937 122647 106291 150036 62119 89334 133573 106245 119466 208217 141063 128521 76631 63302 141980 122755 132018 108614 138633 138496 120980 71857 107204 36762 102894 68380 134324 60347 45173 68359 41153 141082 117097 45048 121580 35052 166306 92354 111297 79656 76530 149222 127979 53474 117148 137462 209094 67710 67850 187655 89305 125310 127805 211580 78115 80929 76940 97794 49077 55051 182831 72163 104567 59397 42802 57094 74050 114535 164686 118069 57381 95888 119811 63075 101946 41987 201110 72465 128528 53661 70103 118515 157981 146136 32032 129895 118903 138729 140086 57368 129523 58441 61492 172747 62403 84344 90284 65951 90637 111465 126502 55329 35555 59801 71824 119233 120503 148300 126353 132626 21808 81197 100100 132700 151173 124140 104204 144217 122654
59393 4948 46655 88852 48074 26451 44479 17169 7844 75854 20091 97207 47008 93243 87735 66676 126702 0 99095 8702 66282 105233 48175 35515 48854 15728 22329 143565 108790 82183 46925 73655 30018 28516 43068 14854 28067 83926 10987 20898 70297 37467 84873 17209 62036 8119 110287 98623 57933 23802 86663 114665 61177 47749 98722 103329 50486 6045 97355 77690 25721 50460 20686 23503 30418 36922 88072 14377 101494 57507 28044 18747 81545 34590 23274 54357 67236 54282 45094 53964 30769 51271 128408 94963 46408 56618 72946 50575 30923 61861 12049 68889 10599 77796 61642 4777 17389 46146 112232 108997 32272 92348 73983 80180 26843 9851 26348 54370 97734 70865 15570 100937 90704 83258 43953 74727 60116 88575 15293 5767 72137 85123 76267 72795 32011 77296 44634 95814 59675 59705 26603 79651 92813 71690 99069 40380 17040 97247 28115 114032 42074 95154 97182 64608 81420 64837 67414 99145 65061 11066 82990 62163 84256 69949 99343 62136 60156 88342 54865 96729 70785 93375 96298 98417 90715 105484 96335 98637 100589 87109 91879 49852 78853 19746 77615 97543 8184 91450 74664 86721 74412 66534 91237 81315 82426 44767 48345 23422 94694 29152 125134 13255 50081 102744 63946 73594 84897 73138 80628 80848 55378 67044 59393 43493 46408 72946 94254 112878 75854 58923 21220 28412 73655 7844 108977 51773 101760 19537 28044 48175 50486 33736 143565
62552 95261 79489 51614 101590 124052 143239 82824 105397 45097 81538 5131 114643 37939 16811 62560 28820 99095 0 98695 80408 35690 102530 128817 75559 102137 78790 108990 23973 26367 80462 99577 118956 127540 108085 109063 110193 50071 88121 104289 72046 132448 124009 81922 58486 93333 147535 9262 56573 117432 52300 91191 80810 67595 63605 135765 75770 103686 2606 44107 90730 92231 92716 102175 74731 68877 11982 108152 7687 79458 122793 81625 19236 77827 121155 111265 77443 62371 102710 95682 75907 73616 29454 23510 97915 104964 26683 83017 119558 100561 87763 65204 109595 29489 110759 97932 100971 88121 27872 51801 108530 42739 53895 45107 106889 94463 77721 121399 41545 62602 105160 84540 95113 179782 117802 101777 47968 39373 114292 94861 114319 83911 121134 120342 92159 45448 78542 24999 83904 43206 105571 33235 20376 40472 34198 112275 88655 37330 96929 25859 137922 70235 101198 51625 51344 121038 109675 33336 99029 109655 180908 38939 42907 158853 68351 97571 99883 182949 49295 59684 49634 87876 41243 34620 154804 54130 94901 39170 22733 31960 64872 93464 136755 92235 39094 74127 92586 40142 86659 21977 173429 44168 115193 25831 44816 89902 129161 117776 9349 105223 101232 110739 117840 38985 101826 29738 36149 144218 35861 59251 61854 37208 62552 82795 97915 26683 7497 45960 45097 91354 94932 119743 99577 105397 21317 52380 79015 106746 122793 102530 75770 119241 108990
64378 12136 53347 93013 56486 31361 47288 16063 7966 79336 17258 96392 55707 96195 88538 71820 125578 8702 98695 0 58993 101865 39508 31587 42230 7431 19963 149757 106531 79920 53729 81531 24056 31188 51741 10536 20198 87982 13057 29588 76337 34471 93435 19041 66614 15118 118949 99038 62053 19582 90901 120945 53843 52892 93046 111885 56815 7043 97134 81112 17874 58295 12745 14877 26224 32926 88158 22304 100452 64251 34440 17105 81989 28621 28169 62999 73752 59025 53593 61977 35885 57366 127699 92519 54657 65046 73226 57654 38711 53366 11673 62910 13347 79503 52943 13280 26077 53698 113805 112705 40964 95720 78342 83749 18559 17662 31150 63039 100932 76050 24113 107250 97944 87225 35855 82691 63032 91669 19107 12986 63447 91812 67569 64103 39965 80850 51178 93233 52093 57553 35302 81947 94188 74446 95713 49071 23844 93612 19519 115304 47277 100652 89223 68429 85590 73532 58749 101632 56660 16579 86111 63348 87656 76426 104595 70124 68301 93038 57285 101400 74619 86001 92329 101025 99179 109489 88653 101621 102148 89498 85988 41558 87529 12001 74126 103256 7017 94605 67030 84677 76202 69442 82696 82802 85992 52477 56455 30303 93571 20607 131628 19629 41699 105621 72119 74875 87657 81470 83256 85724 60106 68820 64378 50517 54657 73226 94389 115972 79336 66587 12850 35813 81531 7966 106969 54380 107687 12028 34440 39508 56815 27000 149757
89451 66652 90952 106250 105087 89792 102526 53554 66509 91294 49391 75801 109721 100845 80855 95875 97811 66282 80408 58993 0 62504 31465 73927 18420 55790 48835 171286 73940 54071 91863 122706 63416 87592 104221 64112 53839 101543 60013 85361 105016 78634 141387 58776 88706 67749 168159 86196 82978 67369 105059 145412 5163 82452 39768 158938 91525 65971 80419 92239 41190 101983 46291 49563 39991 36587 75809 80660 77392 99739 93417 51965 73867 32815 86692 114051 105997 84391 103384 106484 72442 90625 102447 61562 101999 113005 67158 96533 97201 22013 56864 15429 71857 80304 33184 69352 81152 96256 105993 119612 96000 103238 96002 95146 51277 70756 69124 117672 106299 99375 81280 133359 132195 142894 50996 124533 76865 98195 77528 67079 34292 122533 41012 40692 87598 92863 88538 61133 7766 44147 90406 85755 88867 83347 57603 103717 71806 53977 42037 105210 105534 121688 32965 85569 100398 125608 30178 102121 19356 75561 140044 67088 97061 135324 123355 113462 113177 149903 70821 116612 90017 27098 50602 102435 155329 118916 30625 105435 96337 91940 32191 22227 141351 46992 41588 125457 58554 100916 9679 58768 127353 80888 37267 81201 96843 96265 114358 89269 71562 47840 156895 78613 47131 107996 116872 74524 92945 138486 88812 105053 85038 73758 89451 90642 101999 67158 80737 118189 91294 107834 46687 94616 122706 66509 76014 70294 130880 57062 93417 31465 91525 60537 171286
87816 102706 101029 85005 122252 131672 149097 88090 109626 75195 85292 31024 133145 72499 48831 90202 37979 105233 35690 101865 62504 0 91543 127540 66216 102816 82920 144642 14808 25663 102089 126766 116836 132957 126534 111012 107097 82468 94792 116640 100503 131856 150543 89672 84450 101797 175764 44914 80699 117750 85236 125861 65072 88854 32007 164397 98497 108245 37650 74775 88549 114400 92199 100083 75641 68940 41608 117393 28391 104236 132350 86488 46367 74911 128506 132333 104891 85689 122431 118503 90972 96558 43742 14815 118504 127474 48019 105702 131728 84511 93188 47897 114696 58480 95657 105707 112651 109329 62507 87448 123742 77031 83643 76563 103871 103846 90937 140735 76648 91454 115602 118036 126152 188490 109941 128968 71379 72992 120187 102602 96044 114858 102450 102695 108960 76035 99409 13119 68592 46426 119519 63865 54950 68447 6165 129271 100116 8782 93232 59609 147075 103802 73320 77975 83119 143270 92452 68776 81733 116296 187903 58976 75465 172422 102601 122282 123868 193367 69555 94010 78202 59826 11920 69965 176996 89562 66587 74434 58404 65188 36139 81703 159686 92164 27740 107816 97394 74335 65285 23389 177871 70236 90870 56054 76894 110625 144824 127354 28021 101243 136259 118291 107744 74573 126527 55590 68823 163885 67119 90704 85556 61267 87816 103339 118504 48019 41561 81575 75195 115822 93927 130822 126766 109626 17938 71777 112975 106401 132350 91543 98497 115617 144642
91860 50720 86733 115530 94672 65986 75119 43247 45021 100407 39851 98622 95151 113953 98458 99211 124140 48175 102530 39508 31465 91543 0 44075 27020 33399 41150 178123 101191 77592 87398 117533 34315 61781 90913 39998 25974 110445 47042 69069 106390 48788 131935 49302 92595 53067 157912 106344 87025 40063 113837 150252 27369 81987 71227 150288 88944 45273 101893 101813 24589 94691 28535 25450 36403 38535 95146 61415 101279 97158 71127 42376 91179 28962 63234 101980 105486 86275 92095 98816 67243 88780 128022 87677 92367 103190 82935 91883 77282 15196 43733 43887 49613 93985 13865 52534 65420 89438 124858 132414 80440 115117 102588 104760 24531 56041 62727 102543 119317 103278 63599 137050 131362 114720 19550 118982 83934 110297 54573 51447 24048 123433 28839 25746 77287 102045 84311 87653 23956 60258 74753 98408 105892 93396 86064 88547 60256 82780 20139 125006 80734 127683 53535 91731 108633 112804 19241 117193 19221 54278 110997 78112 107738 111399 130555 106719 105440 122497 77392 125343 97359 54314 79923 117104 138468 130513 54784 119134 113949 105612 63643 9844 127028 29691 66795 130973 42704 113253 35262 82695 97494 89500 43585 96066 106815 88704 95282 67962 94724 21050 161532 57618 16202 122458 109296 88283 105346 120561 100840 111267 87198 84909 91860 84978 92367 82935 100938 133091 100407 102225 27285 73921 117533 45021 102777 75594 136038 32201 71127 0 88944 30547 178123
94899 40463 81597 124169 78519 32044 32879 47418 27671 110777 47725 126108 72248 127763 119626 102191 154697 35515 128817 31587 73927 127540 44075 0 62226 26766 50481 178569 134182 107999 81755 105880 10791 24364 70825 21259 20658 119191 44386 49362 105573 4727 112503 50575 97468 43612 135484 129836 93191 12025 122010 149644 69114 83260 112734 130607 85679 29482 127433 112573 39177 83347 36285 27511 54226 60475 118773 38905 129874 92287 39091 48220 112895 52868 30874 82012 102173 89744 75040 86160 66252 86593 157310 120076 77873 86549 104085 85020 48459 58855 43260 83117 26891 110983 52296 39474 48073 79859 145185 144094 58787 127208 109362 115166 23759 44853 61738 77640 132463 106379 43300 135919 124429 70995 26721 106605 94583 123214 27048 41274 62111 119770 63141 59390 65262 112269 79722 120548 66163 86339 54429 113523 125529 106024 121538 65820 52388 118897 34365 146555 42281 130610 97193 99726 116734 90274 59414 133215 63031 30870 66946 94717 119129 72196 134845 94196 91620 79228 88871 132209 105920 98337 116898 132612 107767 140742 98811 133187 133542 121078 105201 51917 100811 36658 100246 132923 38543 126141 79112 112990 53526 101000 84103 114210 117412 78156 64887 38800 122968 26718 159864 33107 33876 137199 95163 106234 119239 89480 114843 116352 90838 100337 94899 78123 77873 104085 125003 147528 110777 92081 34212 44390 105880 27671 135012 85956 137028 22073 39091 44075 85679 13543 178569
73254 48772 73161 92973 86707 73532 87883 35241 50054 77776 31092 71608 91356 89531 72287 80062 97356 48854 75559 42230 18420 66216 27020 62226 0 40290 30434 157308 74788 50612 74039 104958 51435 72307 85815 48836 41569 88042 41845 67270 88672 66750 123146 40370 72994 49659 149892 79643 67237 53718 91535 130527 13880 65347 51416 140812 74047 49273 74981 78955 25141 83835 29945 35483 21576 18683 68534 63165 74268 82337 76544 33624 65019 14577 70359 95635 89137 67961 84974 88316 54326 73295 101103 61041 83653 94675 57135 78715 79631 27444 38785 21222 55470 69109 36071 51573 63029 78133 98520 108266 77753 91257 81416 81916 38503 52626 50850 99322 94979 83798 63453 117987 115431 128322 43977 106730 62202 86289 61228 49140 42037 106189 48693 46978 69191 79397 70725 61131 14174 33902 72200 74022 79949 70180 60438 85405 53413 57450 28063 98453 89429 107103 51247 70671 86577 107188 36744 92003 27652 58736 126236 54143 84385 118574 109280 95435 95028 134741 55827 103166 75677 45151 55079 92067 137036 106908 49032 94504 87890 80872 44121 17989 122942 30421 40216 110710 40884 89166 27854 55726 114540 66985 52283 70756 83808 78061 96478 72163 67704 35538 141989 61623 42748 97543 98756 63296 81152 120336 76763 90413 68702 61012 73254 72628 83653 57135 74201 108072 77776 89939 30887 77264 104958 50054 76200 54780 116031 42624 76544 27020 74047 49699 157308
71132 19543 60662 99311 63770 34096 47623 21123 11647 85338 21001 99532 62405 101848 92890 78613 128351 15728 102137 7431 55790 102816 33399 26766 40290 0 23747 156855 108447 82003 61065 88958 17846 32045 58716 8552 12800 94243 19815 36305 83443 30315 100598 25266 73191 22549 125936 103070 68448 15358 97244 128086 50634 59755 91673 119055 64038 11901 100717 87076 15155 65723 10700 8023 27879 34384 92013 28052 103394 71563 38353 21709 86135 28105 31062 70045 81000 65704 60817 69388 42852 64524 130792 94353 62012 72321 77323 65034 43922 47847 17726 61438 16543 84493 46459 20462 33038 61127 118563 118728 47640 101606 84778 89779 11162 25056 38070 69550 106707 82848 30523 114410 105331 88040 28429 90111 68827 97415 21968 20400 57054 99088 60862 57327 47377 86882 58465 94943 48504 59987 42059 87279 98891 80082 96711 55719 31248 94360 14256 119860 49753 107529 84719 74651 91914 80390 52553 106997 51382 20971 86163 68133 93583 79796 111367 77540 75689 94503 62858 107922 80819 82465 92764 106463 105085 115674 84622 107275 106938 94850 84410 36698 94037 10652 75168 110212 13748 100376 63204 86907 75176 75190 76925 87634 92012 59908 61901 34799 96489 13463 138831 24289 34372 111201 79501 79627 93232 87162 88775 92370 66774 73924 71132 57895 62012 77323 98245 121651 85338 74017 9406 40659 88958 11647 109095 60083 114717 5125 38353 33399 64038 20120 156855
51373 20315 45783 77501 56672 48780 66408 5413 27153 62959 2763 76434 60939 78798 69148 58850 105622 22329 78790 19963 48835 82920 41150 50481 30434 23747 0 137940 86856 60220 46503 77088 41373 50284 55386 30273 34078 72378 12475 37508 65439 53846 93568 9942 52624 20259 120171 79401 47345 38793 75566 109682 44102 40998 77472 111553 47812 25608 77271 64607 17535 54837 16359 26006 9145 14965 68410 35322 80489 56057 49965 3694 62424 16187 45601 65340 64347 45769 54747 59190 26243 47631 107742 72921 53799 64849 53620 51074 51088 51046 10318 48361 31952 60891 54789 23342 33224 49308 94845 96199 47545 78907 63513 67421 31087 22978 21941 68919 83810 63018 34545 96302 90228 105571 46585 78671 46225 74515 37317 20405 64118 82335 69674 66793 39027 64554 43339 73710 43579 37765 42104 63923 75168 57117 76755 55063 22981 74918 24100 96114 64342 87722 81450 52914 70237 76844 58789 83619 53165 33382 105118 44468 70999 91362 91036 66754 65918 110639 39963 86692 58937 75500 73998 83155 106692 93487 79458 84209 83232 71489 70940 38310 92517 15429 55286 90793 14530 77498 58118 64893 95870 52436 79681 63957 69618 48899 66992 45106 73611 30847 120844 35491 50146 88034 69732 55931 70117 90228 65610 71736 46755 50424 51373 44365 53799 53620 74645 98577 62959 61792 18724 49357 77088 27153 87192 37447 95683 28680 49965 41150 47812 42800 137940
86569 138711 96992 65164 104578 154199 171470 137555 151261 79992 139870 113630 117098 73567 97444 79094 122654 143565 108990 149757 171286 144642 178123 178569 157308 156855 137940 0 132313 127872 96815 77934 173469 162020 114442 158413 169475 69757 137067 130900 73420 179631 88723 132177 85540 135496 92524 99740 91100 167273 66244 28925 168999 97375 169656 83408 93086 149559 106993 79087 155475 96835 153625 162306 141723 140394 104576 140924 116487 86288 148310 137808 102463 149406 153121 106616 76400 92171 108169 95249 114030 92408 117390 131354 103698 98958 106350 93657 139205 184377 139491 159501 151714 92650 190973 139260 131138 99271 84321 57194 124763 69869 75937 76213 167122 133877 118828 117394 68696 74946 136331 42652 56945 190392 183930 78318 95113 74742 152604 137852 198810 59010 205153 202832 113763 78428 98942 133027 170729 127577 127084 86774 90229 87972 142533 120971 126529 145154 161948 88214 158901 50455 200558 86765 70912 106339 193389 75983 184952 148131 196317 104210 74726 159773 48037 88373 91801 187629 101538 54774 81633 188697 148620 74901 125611 55411 195342 70602 86258 82159 168813 172755 111491 152524 138908 47176 143107 72507 180257 126051 197674 90498 208465 93040 74635 101211 133963 145336 116911 167845 19563 146532 188039 70085 89379 98038 79879 128864 83445 67023 91187 97623 86569 100460 103698 106350 103272 63796 79992 88262 155823 142381 77934 151261 129292 102883 42280 161759 148310 178123 93086 176750 0
82819 105706 97979 75385 119832 134941 153204 91694 113991 67542 89429 20355 131805 61900 39564 84043 24121 108790 23973 106531 73940 14808 101191 134182 74788 108447 86856 132313 0 26636 99012 121132 123681 137110 125165 116272 114185 73525 97970 117819 94011 138285 145369 92321 79060 104374 169720 33087 76124 123704 75944 115157 75849 85752 46648 158092 94860 112464 26362 66802 95015 111201 98110 106708 80642 74066 32901 119863 16290 99677 134843 90216 39124 81349 131854 129801 98976 81584 120447 115029 90628 92795 29447 14109 116085 124220 43326 102171 133133 95720 96829 58721 118785 51035 106700 108619 114063 106530 48908 75274 123778 66676 76286 68157 110889 106082 91373 139068 65487 84667 117561 108404 118276 191674 118749 123345 66919 63154 124027 105482 108056 107001 114634 114579 108142 68123 96648 13714 79301 49111 120055 55737 44289 61768 17076 128575 101443 20983 100340 45698 149849 94092 87589 72287 74576 140252 104116 57171 93295 119798 191774 55537 66369 173501 92310 117908 119867 195870 66441 83644 71405 74045 25077 58503 174149 77900 80903 63073 46313 55568 50234 91463 156406 97906 34583 98014 101352 64057 77847 22120 182698 64518 104467 47932 68114 108065 144834 129792 19053 108574 125132 121453 117288 62642 122187 49468 59595 162193 58707 82413 81268 56185 82819 100777 116085 43326 30963 68697 67542 111521 100051 132675 121132 113991 3223 69108 102949 112466 134843 101191 94860 122995 132313
62882 79174 75421 64570 96590 108394 126576 65069 87358 52609 62796 21740 107577 54306 30713 65937 47099 82183 26367 79920 54071 25663 77592 107999 50612 82003 60220 127872 26636 0 76483 101887 97621 110477 100956 89730 88290 61175 71397 91915 76342 112010 125379 65837 59769 77932 150931 32928 55636 97310 64322 106137 54650 63280 41846 139734 73002 85828 26565 52566 68934 88793 71788 80626 54142 47635 24049 93476 23764 78996 108470 63584 25470 55377 105291 106670 80305 60392 96781 92931 65560 71101 50536 12844 92842 101861 24005 80165 107153 74530 70206 38836 92151 36524 84957 82108 88045 83685 52974 71781 98523 58135 60501 54804 84976 79739 65797 115125 59289 67646 91332 96824 102855 165178 94042 104074 46382 53448 97406 78973 88097 91661 94897 94211 83465 53708 73771 13896 57828 22483 94491 42394 38514 45123 20166 103835 75433 20609 74549 51677 123417 82964 75893 53585 61292 117625 83546 52906 72835 93205 165173 33726 54667 147720 82669 96914 98394 169545 44072 74440 54677 62880 22672 53685 151335 72619 69855 57626 44738 45801 41165 68201 134055 71531 12811 87023 74717 55454 60338 5132 156069 46041 88997 35192 55602 84967 119626 103428 17539 82852 117109 94911 93334 59035 101138 32369 48574 138284 45821 68369 60328 36880 62882 77685 92842 24005 27673 68108 52609 90450 73796 106510 101887 87358 27096 46188 92409 86140 108470 77592 73002 97211 127872
19729 42168 1067 48690 21131 59491 78427 44211 54524 40599 47563 81065 34797 58196 64458 24533 109022 46925 80462 53729 91863 102089 87398 81755 74039 61065 46503 96815 99012 76483 0 30928 76938 66597 28547 61769 73861 44696 41792 35460 24335 82903 50777 38213 23955 38963 77441 75744 24077 70507 46350 67890 87819 13288 109964 67469 5451 52860 78012 42418 62982 12311 59913 67407 53425 55386 68563 44757 85979 10582 54746 45023 61370 61616 57843 30879 20419 18191 22512 16522 20268 7502 108401 88031 17484 25386 55714 4676 47379 97429 44702 86222 54917 51618 101166 42507 34863 7663 82028 69396 33120 55408 34570 43765 71877 37143 24672 41053 61100 27981 40198 54164 44414 107031 89135 32693 32529 53380 56104 41296 110618 38198 116103 113133 17973 41418 3326 89513 88126 59535 33078 49932 65731 41237 96632 33899 29994 96638 68673 85148 68081 49915 124759 30131 41938 41289 105292 65721 99313 51484 110450 43534 48108 81463 54678 21965 22513 107947 32679 54042 34667 116501 97721 64487 75163 64879 121617 62909 71581 55639 105239 84737 57617 58739 79509 51742 47526 55626 101531 78958 107512 36674 125568 55583 45708 9573 51066 50817 80583 73185 78227 50142 94212 67161 25809 50744 51860 63756 48974 38336 18849 43375 19729 3892 17484 55714 73471 75624 40599 16004 61823 49479 30928 54524 97794 30313 55493 65732 54746 87398 5451 80496 96815
39008 69427 31797 53941 27785 78118 94194 74319 80498 54628 77923 101492 39197 67787 82766 37123 126353 73655 99577 81531 122706 126766 117533 105880 104958 88958 77088 77934 121132 101887 30928 0 103056 86342 37088 87927 101632 52538 70888 56535 27637 106028 24459 68254 42331 66417 49044 92773 46265 95787 52051 50762 118719 41179 138577 37989 31438 79094 96977 55836 92960 23235 89450 96014 84302 86293 88566 66990 106279 23685 71700 75302 82018 92472 77551 28688 22178 41912 31410 19798 51017 32691 124335 112099 28012 21128 78777 26254 62156 128126 74059 116457 79432 70319 131376 68906 57991 28136 92661 71092 48326 63406 45929 55501 100078 63949 55147 39771 68270 37062 62585 38995 21025 113143 117385 2212 55508 63876 78892 68565 141062 23692 146351 143265 41645 54508 34235 113729 119053 87987 51741 66386 81181 59418 121853 43466 57986 122485 98228 96575 81217 43685 155550 48943 50333 30292 135789 75608 130118 75070 118669 68199 58878 83228 49072 11686 14488 111251 58450 53366 49965 146967 124165 74067 59256 65765 152252 70803 84612 69323 134411 115398 41353 88269 107050 42943 76110 64901 132382 103393 119751 56735 156447 73785 56500 29104 56092 69401 102092 101844 58370 72789 123041 74470 11528 71734 64936 55309 64032 42989 41799 65527 39008 32724 28012 78777 92105 79621 54628 15317 91163 65644 0 80498 119341 57091 43693 93163 71700 117533 31438 107177 77934
88423 34791 76654 116991 76445 35085 40958 38969 22629 103133 38665 116099 72152 119694 110359 95851 144461 30018 118956 24056 63416 116836 34315 10791 51435 17846 41373 173469 123681 97621 76938 103056 0 29018 69767 15230 9868 111942 37104 47362 100100 15365 111961 42912 90667 38004 136060 120325 86061 8051 114898 144595 58540 76908 102022 130314 80391 24169 117653 104882 28691 80030 26241 16995 44227 50282 109176 37249 119763 87519 41517 39530 103501 42332 33030 81176 97215 83080 73149 83263 59868 81078 147214 109584 75300 84794 94686 80582 49850 49387 35389 72343 23999 102243 43950 34551 45206 75989 136201 136524 57872 119431 102369 107568 12986 39846 55167 78341 124547 100078 41139 130874 120631 80413 19255 103985 86659 115257 26447 35657 54228 115136 56144 52381 61603 104669 74598 110021 55663 76194 52887 105104 116523 97928 110851 65498 46986 108176 23615 137400 48053 124633 87803 92362 109578 90402 50965 124822 53496 28820 76894 85839 111398 78681 128625 91419 89154 88211 80704 125449 98543 88273 106143 124298 110904 133413 89067 125121 124598 112676 94502 41584 102300 26759 89620 127175 31024 118216 68943 102644 63938 93028 75937 105330 109804 74497 67368 39898 112864 15939 155126 31766 26660 129046 92847 97302 111078 92592 106619 109780 84162 91714 88423 73509 75300 94686 115391 139497 103133 88629 24037 45917 103056 22629 124574 77922 131524 12753 41517 34315 80391 4997 173469
82979 32318 66717 113205 58557 8453 16144 45435 23336 101494 47776 125712 49912 119344 115765 89664 155218 28516 127540 31188 87592 132957 61781 24364 72307 32045 50284 162020 137110 110477 66597 86342 29018 0 49699 23546 35823 108545 39499 31275 90928 22222 90024 45622 86286 34508 111969 126807 83069 21868 110916 133288 82460 71567 123631 107772 71352 24727 125762 103380 47169 65228 42437 38119 57360 64056 116406 22085 130009 76583 15529 46894 109765 59504 8899 60283 86537 78526 54934 67231 55817 72731 156890 123201 58715 65889 101254 68936 25398 76961 40310 93395 18331 105295 72659 29788 31868 62898 139636 133840 38029 117897 98287 105623 37420 34009 52238 54437 123464 93624 26510 119745 106137 56155 48261 86747 86736 114550 13250 32774 83082 103069 85160 81398 48755 102811 65328 123994 80139 88000 34979 106623 120462 98287 126798 43938 41125 124759 45573 141666 19095 116512 115049 90000 105892 67400 79559 125742 80892 17960 54951 90130 109875 49806 121234 74843 71856 62459 82059 119972 96016 113927 123514 124884 83403 129864 115590 124643 128058 113916 116412 67332 76898 42098 105227 118270 35763 117309 94535 115091 45905 93046 104571 108952 107837 60875 40724 16942 123209 40986 142799 17549 55670 128849 75090 101421 111321 65121 107250 103993 79604 94587 82979 62725 58715 101254 122558 138608 101494 73899 41429 21415 86342 23336 137375 78863 121778 30612 15529 61781 71352 33910 162020
48238 40194 29361 76041 10061 41337 57153 50816 48278 69100 54974 108253 6641 86510 92505 52296 136834 43068 108085 51741 104221 126534 90913 70825 85815 58716 55386 114442 125165 100956 28547 37088 69767 49699 0 55395 70468 72480 44947 22618 48991 70364 42229 45446 52487 37991 67223 103900 52386 61964 73727 86365 99464 40584 129557 60643 33888 47302 105711 70899 67123 19821 62565 66570 64318 68786 96110 32521 113137 34551 34714 52336 88859 71487 41096 11434 43163 46508 6796 19693 35907 36017 136512 113216 12205 16220 82397 27729 25074 103853 48300 102434 45794 79793 104558 38486 25685 21248 110551 96379 12039 83466 62646 72121 69678 34955 37149 14326 89117 55171 28768 73408 57642 80038 86357 37274 60238 81738 43928 39479 114956 56634 119281 115838 17876 69865 29809 114563 98780 81261 16930 78407 94174 69657 120740 6573 32431 120177 70776 113694 44488 73451 136742 58650 69741 21915 110081 94131 106683 40951 84364 69890 76425 53108 78713 26075 22730 80105 59072 79896 63179 130783 120626 92860 51990 91542 134844 91061 100124 84186 123835 91354 37134 61457 101642 74220 48325 83871 113468 104108 83660 64931 133225 83781 73989 19079 22799 32837 107346 72177 94936 38122 92859 95279 25624 78393 80387 37370 77517 65067 47258 70887 48238 25560 12205 82397 101318 103254 69100 27038 63638 28639 37088 48278 124251 56199 76666 61944 34714 90913 33888 74354 114442
73882 19711 61507 102960 61578 26203 39073 26592 7429 89518 27526 106666 58329 106536 99065 81240 135730 14854 109063 10536 64112 111012 39998 21259 48836 8552 30273 158413 116272 89730 61769 87927 15230 23546 55395 0 15523 97968 23130 32797 85116 23953 97613 29353 76338 22924 122267 109532 71977 9250 100813 129517 58968 62281 100225 116037 65330 8941 107538 91315 23706 64849 19173 14980 35640 42273 98618 23204 110658 72352 31132 27586 92493 36527 23321 66829 82091 68651 58366 68147 45228 66086 137970 102205 60281 70008 83721 65369 37802 54902 22148 69990 10085 90019 52292 19326 30287 60762 124335 122839 43732 105951 88187 93908 15712 24641 40631 65001 111215 85450 26628 115789 105401 79490 31117 88895 73347 101972 14585 20566 62929 99965 66121 62464 46405 91011 59487 102850 56728 67505 38467 92401 104722 84812 104888 51615 31885 102612 22196 125840 41584 109863 92389 78481 95526 76549 58772 112067 58625 15059 77647 73882 97871 71910 113974 76314 74126 85999 67693 111114 84675 90623 101099 111439 99339 119512 92560 111958 112678 99943 92957 44387 89330 19000 83312 112310 17353 104895 71287 94565 66871 79768 83532 93331 96154 59284 55802 28162 103765 19012 139986 18348 37952 115984 77851 85409 98034 81199 93656 95316 69743 79326 73882 58310 60281 83721 104851 126290 89518 73425 17957 34213 87927 7429 116820 64747 116572 7798 31132 39998 65330 19269 158413
83481 32215 73451 111120 76072 40439 49370 32661 22216 96842 31519 107173 73679 112875 102275 90986 135256 28067 110193 20198 53839 107097 25974 20658 41569 12800 34078 169475 114185 88290 73861 101632 9868 35823 70468 15523 0 106020 32420 47863 96092 25218 112592 37478 85361 35282 137543 111949 80445 14112 109106 140749 48899 72226 92215 131045 76781 23182 108983 98530 19489 78404 17978 8180 35607 41326 100727 38631 110717 84349 46079 32873 95294 32913 37871 81879 93751 77993 73008 81996 55445 77224 138160 100106 74472 84591 86501 77834 53246 41167 30031 62483 25608 94768 37253 32843 44972 73880 128363 130170 58998 112921 96772 101301 3320 37683 50646 80467 117871 95220 41802 127093 118131 89387 15929 102747 80170 108574 29755 33082 47841 111854 50726 47041 60003 98417 71243 100500 46115 67187 53597 97968 108707 91179 101136 66961 44040 98418 13883 129377 54828 119955 79404 86441 103768 91852 43974 117643 45145 30580 86237 78287 104971 85531 123681 90162 88221 96853 73993 119969 92563 79147 96338 117205 114790 127317 80283 118286 116828 105528 84708 32309 104831 18746 79990 122714 26435 111554 59747 93346 73599 86443 68938 97688 103516 72625 71207 43494 103834 6090 151543 33871 22483 122109 92013 89633 104195 96608 99688 104574 79050 84417 83481 70695 74472 86501 106912 132656 96842 86753 15617 49576 101632 22216 115150 71385 127286 8566 46079 25974 76781 9052 169475
25765 79029 44139 5127 63485 102334 121825 73374 91708 10283 74726 53171 78173 15274 34007 20228 74724 83926 50071 87982 101543 82468 110445 119191 88042 94243 72378 69757 73525 61175 44696 52538 111942 108545 72480 97968 106020 0 74949 78625 25665 121386 76710 69030 22260 76030 98489 41992 26005 107216 3516 45290 99350 36979 102666 86584 39262 89860 47509 9347 89540 53127 88709 98171 74363 72020 41009 86510 57497 38240 98423 73166 36326 81483 100231 71450 31959 30029 65895 55045 53307 37357 72199 67840 60447 63713 37830 44757 91788 115362 76560 89868 93831 24652 122672 80573 76978 51344 40241 25295 77772 11240 10318 6574 103222 75469 57581 83078 16727 17459 82250 35733 45120 151724 118922 54626 26538 11464 96548 78279 129908 34028 136412 134321 61881 8687 44688 69577 101191 57874 77222 18836 30071 18217 78840 78304 67911 80636 96290 44072 112383 21796 131036 19595 2757 78840 124528 23147 115674 91614 155077 34457 7167 125566 22116 53904 57026 152468 33071 15132 13459 119492 83456 21642 111064 21559 126005 18906 32254 18132 100825 104212 92858 87729 70787 25853 80969 12391 110501 60622 151527 21089 138753 26475 5605 53589 95271 94074 54995 103212 56545 91157 121998 22990 57792 29252 13942 103899 15453 9666 28946 27889 25765 48365 60447 37830 42700 30928 10283 48736 91053 93555 52538 91708 71165 35116 31268 99363 98423 110445 39262 114288 69757
51376 7942 41304 79971 47742 37008 55421 7065 17699 66396 10929 86220 50013 83427 76950 58839 115720 10987 88121 13057 60013 94792 47042 44386 41845 19815 12475 137067 97970 71397 41792 70888 37104 39499 44947 23130 32420 74949 0 25438 63673 46950 85016 6387 53563 7885 111230 87757 49003 32365 77854 108329 55081 39951 89927 103313 44429 15882 86395 68189 22576 47820 18614 25626 21412 27440 77144 22897 90511 52154 37674 8792 70672 27270 33895 55560 61406 45993 45333 51850 23044 44817 117424 84206 45340 56218 62035 45978 38630 59126 3374 60648 21489 67302 60897 10969 21186 42761 101718 99737 36004 82821 65287 70793 30205 10787 18257 57866 88087 63072 22102 94674 86203 93835 47378 72232 50234 78849 26262 7951 70961 79536 75851 72632 30253 67895 39023 85096 54114 48948 30393 69436 82209 61726 88635 43816 13219 86949 27362 103409 52283 87727 92079 55415 72546 66782 65872 89054 61814 21848 93816 51451 74744 78900 91607 59835 58435 98581 44669 88345 61607 86975 86183 88395 95353 96470 90555 88847 90060 76953 83346 46512 81930 17436 67308 90398 6101 81768 68977 75875 85398 56658 88406 70739 73039 41853 54795 32755 83716 31393 119134 23545 52452 92888 62291 62934 74952 78498 70599 72688 47072 56561 51376 38872 45340 62035 83336 103169 66396 55669 20275 36888 70888 17699 98102 41676 94909 24813 37674 47042 44429 39875 137067
52861 18941 35650 83067 29232 24038 43239 32267 25662 72496 36316 103385 26128 90532 90539 59131 132916 20898 104289 29588 85361 116640 69069 49362 67270 36305 37508 130900 117819 91915 35460 56535 47362 31275 22618 32797 47863 78625 25438 0 59744 49540 64819 28258 56498 17618 89719 101963 54059 39709 80745 102104 80379 41945 114703 83250 40394 24723 102196 74396 46077 34366 41221 44251 46634 52230 92524 10458 108056 45318 19845 33968 85437 52693 22437 34046 55265 48948 25841 36880 28546 41920 133654 104697 28523 37466 77620 37663 15348 82600 28505 85867 23369 78871 82528 16649 4284 31663 112437 103829 11376 88567 68306 76372 47150 14651 26653 33491 94233 62947 6223 88521 75521 75750 63741 57243 59304 85669 22357 18403 93034 71901 97103 93601 17520 73672 34447 105811 79244 70218 5758 79178 94066 70471 110571 19483 16524 109346 48983 114927 34411 85340 117107 61025 75910 44098 88306 97433 85688 18701 77730 65439 80717 55815 90137 44856 42260 78666 55796 89257 66756 112374 109076 96421 70280 99604 115823 95665 101140 86073 108335 70396 57962 40188 89924 87027 27263 88274 94187 95854 72963 65255 112006 82757 78523 29689 29499 15480 101620 49755 111780 16257 70282 99927 45828 75915 83005 53132 79268 73358 49979 68568 52861 31571 28523 77620 98379 109233 72496 43115 41993 15616 56535 25662 117465 52560 90504 39355 19845 69069 40394 51855 130900
15582 65405 24273 28090 39349 83746 102475 64513 78059 27009 67135 74136 54090 40882 55242 10415 98724 70297 72046 76337 105016 100503 106390 105573 88672 83443 65439 73420 94011 76342 24335 27637 100100 90928 48991 85116 96092 25665 63673 59744 0 106935 52092 58952 17151 62195 75710 65138 22492 94078 25918 44659 101731 24440 115178 64103 19910 76322 69442 28200 82856 29172 80618 89039 70420 70421 61242 69082 78872 14779 78777 64912 54921 78495 82157 46413 6338 20711 42211 30244 40661 19030 96782 85716 36789 38438 52590 22394 70890 114447 66166 96296 78880 43001 119757 66116 59189 28979 65864 47665 56278 36860 18293 27946 93796 60730 45465 58239 42145 9448 64529 31040 27583 129014 110744 29815 30698 36674 80340 64554 128429 17531 134407 131760 42225 26872 25924 87390 102758 65515 57019 38817 53555 32281 95912 55253 53266 96895 89125 69618 91570 25596 136971 22771 23216 53239 123002 48776 115681 75653 133102 43367 31517 101532 30470 28283 31497 128956 35315 30906 22607 127005 98948 47291 85448 42684 132882 44482 57233 41743 111824 102160 67227 79489 83014 27453 69698 38014 114583 77297 131123 30341 140950 46331 29084 31229 71628 75014 74961 94651 55571 74423 115163 48440 32129 44969 37369 78413 36401 16752 19999 39470 15582 28202 36789 52590 64560 55144 27009 23447 82750 73311 27637 78059 92095 35065 31467 88339 78777 106390 19910 103333 73420
96771 42386 82804 126318 78453 30367 28879 50484 29680 113187 51083 129840 71358 130366 122900 103976 158577 37467 132448 34471 78634 131856 48788 4727 66750 30315 53846 179631 138285 112010 82903 106028 15365 22222 70364 23953 25218 121386 46950 49540 106935 0 111627 53246 99490 45453 134078 133246 95386 15052 124130 150717 73808 85116 117379 129579 87026 31532 131013 115005 43367 83807 40224 31774 58056 64408 122245 39133 133675 93366 37508 51394 116251 57061 29647 81383 103306 91724 74916 86419 68210 88041 161087 124176 78032 86299 107455 85980 47164 63533 46101 87701 28062 113971 56812 41095 48650 80587 148272 146416 58369 129659 111448 117545 28248 46413 63814 76371 134980 108134 43653 137013 124968 66414 31213 106659 97172 125765 27233 43159 66515 120704 67342 63606 65992 114653 81020 124680 70871 90197 54337 116333 128647 108676 125833 65077 54020 123238 38798 149740 39156 132157 101845 102020 118886 89188 63936 135984 67714 31515 62258 97809 121569 68582 136503 94365 91662 74753 91600 134137 108206 103059 121295 135339 105362 142944 103508 135782 136617 123868 109853 56640 99106 40518 104480 134356 41292 128671 83838 116973 48799 103598 88536 117271 119792 78798 62944 37817 126768 31300 160777 33365 38262 139834 95123 109336 121902 87142 117546 118217 92821 103279 96771 79197 78032 107455 128480 150087 113187 92562 38235 43101 106028 29680 139060 88625 138337 25886 37508 48788 87026 18267 179631
62775 81520 51807 77749 37277 81584 93848 89842 90450 79087 93820 125853 40276 91884 107200 61489 150793 84873 124009 93435 141387 150543 131935 112503 123146 100598 93568 88723 145369 125379 50777 24459 111961 90024 42229 97613 112592 76710 85016 64819 52092 111627 0 83926 66355 78953 26803 117230 69844 104110 75981 65707 137026 62988 160638 18459 52987 89411 121411 80290 107590 39527 103400 108312 101750 104835 112924 74715 130659 46389 74505 91121 106294 109631 81988 30798 46569 65000 39892 34994 69000 54669 148708 135978 39823 28820 102694 46380 64629 144017 88374 136786 88012 94693 145737 80170 67638 45281 116610 93574 54095 87377 70383 79909 111667 76056 72295 35951 92021 61521 70992 57042 37587 103839 128507 22277 79165 88119 85904 80735 155934 45207 160615 157272 54850 78960 54003 137579 136905 110072 59158 90836 105620 83757 145469 46698 71826 145906 111925 120602 79837 65306 174345 73087 74598 22797 150882 99637 146488 83143 110716 91664 83201 72688 70434 28918 28421 99941 81465 75969 74379 166780 147372 98076 38166 88217 171616 94622 108899 93735 156008 131310 22773 102247 129716 63667 89275 89004 150967 127155 114953 80868 173094 98201 80850 45131 52164 73818 126353 114016 70022 80241 134898 98125 24969 95911 89343 40483 88490 67081 65052 89481 62775 51166 39823 102694 116544 102463 79087 35270 104732 68644 24459 90450 143640 79739 62943 104042 74505 131935 52987 116576 88723
46004 13454 37604 74084 46883 42663 61424 6066 24087 60300 9896 80119 51035 77189 70586 53511 109668 17209 81922 19041 58776 89672 49302 50575 40370 25266 9942 132177 92321 65837 38213 68254 42912 45622 45446 29353 37478 69030 6387 28258 58952 53246 83926 0 47945 12133 110449 81427 43186 38550 72000 103571 54041 34816 86447 102016 40244 22268 80162 62073 24787 45598 21818 30129 18937 24053 70864 27729 84464 48258 42710 7199 64345 26099 39619 55431 57136 40521 44871 49853 18431 40391 111270 78675 44109 55145 55737 42631 42557 60249 7542 57836 27784 60920 63130 16309 24001 40216 95333 93676 37844 76679 59514 64717 34980 14277 13689 59028 81899 57744 26106 89991 82488 99356 51795 69739 44009 72643 32372 13173 72839 75271 78101 75046 29209 61818 35221 79623 53477 43495 32520 63098 75821 55460 83533 45235 13064 82013 30519 97022 57587 82487 91378 49452 66676 66916 67602 82738 62588 27795 99614 45070 68615 83192 86209 57598 56554 103787 38353 82658 55634 85400 81452 82096 96839 90506 89398 82613 83675 70626 80123 47503 82576 20661 62417 85287 12038 75574 68056 70203 91522 50425 89179 64352 66959 39617 57721 37695 77702 35701 114519 29179 56342 86632 60394 56548 68681 80530 64307 67141 41581 50181 46004 35683 44109 55737 77045 96954 60300 52940 23859 41275 68254 24087 92355 35395 89930 30369 42710 49302 40244 45377 132177
4286 57106 23197 26977 44489 80108 99640 52804 69860 16664 54711 59842 58649 34475 41900 7185 86463 62036 58486 66614 88706 84450 92595 97468 72994 73191 52624 85540 79060 59769 23955 42331 90667 86286 52487 76338 85361 22260 53563 56498 17151 99490 66355 47945 0 54047 91315 52810 5758 85561 24726 57815 85664 14719 98068 80003 18606 68025 55936 18505 70132 34490 68648 77763 56207 55266 46962 64251 64714 20977 76331 52840 40103 63988 77980 53603 20537 7803 46295 37520 31282 16470 85363 69769 41044 46771 36447 25339 70032 99458 55472 79416 71760 29020 105559 58516 54745 31332 58073 47555 56384 32122 12032 20075 82736 53345 35730 64523 37813 10820 60004 45010 44685 130440 99053 44537 13615 29618 74341 56332 113715 34207 119918 117477 40101 17566 23233 71400 86915 48393 55383 26409 42206 18107 79608 57815 45756 80376 76720 61216 90494 35150 120294 6864 19614 62767 108280 41855 100386 69418 133442 26376 24448 105400 38437 39105 41407 131702 18275 34791 10727 110079 82251 40668 96393 43662 116051 39397 47711 31724 94673 87509 78294 67594 65954 38378 59650 32027 98185 61092 129455 14548 125109 32826 22146 33430 75005 71911 60089 83077 69208 68910 102764 43670 43371 29595 27905 86689 25138 19216 6709 23196 4286 27252 41044 36447 51183 52742 16664 32868 70925 71606 42331 69860 77416 18413 43476 78275 76331 92595 18606 93311 85540
51333 3215 38658 80923 41773 30791 49932 14886 15946 68148 18813 91742 42713 85692 81262 58588 121348 8119 93333 15118 67749 101797 53067 43612 49659 22549 20259 135496 104374 77932 38963 66417 38004 34508 37991 22924 35282 76030 7885 17618 62195 45453 78953 12133 54047 0 104845 92338 50072 31920 78718 106607 62778 39682 97729 97358 42410 14163 91481 70000 29139 43182 24600 29718 29276 35195 82042 15597 96172 49537 30578 16613 75322 35083 27836 48931 59210 46273 39068 46901 22765 43167 122757 90774 39743 50331 66884 42731 30847 65868 10887 68525 17873 70863 66818 4751 13406 38598 105259 101168 28423 84646 66025 72435 33662 3071 18487 50459 90084 62770 14297 92881 82967 87310 50970 67592 52691 80981 21434 2359 77109 77153 81668 78320 24901 69562 36594 91736 61699 55621 22747 72418 85996 64280 95656 36361 8982 94105 32988 107211 45486 87036 99617 56819 73498 59905 72162 91772 68751 16562 87766 55626 76559 71292 91235 55036 53281 91657 47711 88689 62975 94756 93483 90995 87740 97578 98235 91064 93651 79810 91190 53418 74705 23480 74491 89426 10367 83826 76617 82255 80210 59081 95255 74484 74677 37360 46914 25562 89464 35532 117122 17406 56711 95206 57113 66917 77442 70738 73243 72786 47370 60134 51333 35614 39743 66884 88162 105244 68148 51475 25800 29292 66417 15946 104357 44553 93655 26930 30578 53067 42410 41543 135496
88051 107252 78458 98579 63594 103711 113117 116304 115328 102458 120329 149808 63964 113151 130785 85755 173212 110287 147535 118949 168159 175764 157912 135484 149892 125936 120171 92524 169720 150931 77441 49044 136060 111969 67223 122267 137543 98489 111230 89719 75710 134078 26803 110449 91315 104845 0 140151 95303 128070 97137 76272 163770 89343 187075 11954 79352 114441 144929 103432 133757 66329 129418 133790 128454 131622 136935 99093 154506 72299 96570 117629 130617 136281 104617 55968 70912 90813 65899 61797 95798 80921 170568 161063 66372 55322 127751 72969 87026 170341 114601 163558 112397 118706 171641 105678 92908 72083 137077 111488 78552 108372 93656 102607 136864 101877 99046 57874 112384 85083 95741 71815 54529 114833 153362 46858 104552 109924 109663 106501 181953 64790 186432 183018 81267 102091 80697 162704 163600 136457 83967 114338 128306 107966 170889 70665 98115 171527 137812 141255 99038 83248 201111 97831 96727 45720 176981 120577 172914 107432 122811 117235 105401 84419 87726 55491 55202 108884 107359 94706 98317 193582 173179 118983 39538 106254 198414 115091 130611 116285 182585 157677 35679 128281 155865 80645 115209 110339 177726 152406 129890 105607 199530 121977 103211 71924 71775 96751 150668 139398 76627 104346 159993 118142 51678 120518 111906 52053 111685 88875 90758 114499 88051 77947 66372 127751 140038 120757 102458 61707 130636 91097 49044 115328 167797 105831 78333 129064 96570 157912 79352 140831 92524
57016 94509 74821 43099 96818 122762 142212 82997 105323 38161 82164 13985 110360 29057 11488 56132 33734 98623 9262 99038 86196 44914 106344 129836 79643 103070 79401 99740 33087 32928 75744 92773 120325 126807 103900 109532 111949 41992 87757 101963 65138 133246 117230 81427 52810 92338 140151 0 51667 118194 43964 82100 86139 63336 72125 128306 70788 103554 7344 36945 92654 87122 94165 103822 76344 70942 11296 106648 16878 73706 120984 81946 17086 80308 119979 106249 70808 57553 98212 90315 73417 68612 32658 32262 93219 99577 25812 77899 117055 105563 87754 71305 109210 24130 115395 97030 98897 83389 20047 42547 105302 33933 46849 37551 108682 93182 75747 116795 32411 55714 103366 75801 87109 177703 120625 94953 43754 30924 113614 94035 119628 76007 126460 125441 88732 38278 74117 33835 89068 46161 102759 26614 11922 34735 43191 108468 86907 46171 99090 19027 136051 61526 108687 46044 43507 115574 114805 24105 104330 108849 179282 36801 34895 155582 59423 91579 94094 180389 46220 50761 43208 95521 49973 25418 149124 44884 102531 29986 13490 23917 72941 97631 130966 93581 45707 65362 92625 31407 93023 29243 172532 39071 121821 20161 36983 85293 125549 116029 17696 107290 92048 109662 121205 29723 95790 26074 28265 139327 28744 51416 56913 33532 57016 78381 93219 25812 5483 36899 38161 85518 96455 117548 92773 105323 30306 49435 70147 107858 120984 106344 70788 120990 99740
7357 53046 23160 30984 45167 77248 96893 47803 65707 18486 49515 57468 58771 36493 40402 12898 85007 57933 56573 62053 82978 80699 87025 93191 67237 68448 47345 91100 76124 55636 24077 46265 86061 83069 52386 71977 80445 26005 49003 54059 22492 95386 69844 43186 5758 50072 95303 51667 0 81223 28851 63511 79914 12338 93102 84182 19205 63858 54088 20385 64803 35658 63495 72741 50623 49550 44769 61182 62379 23619 73882 47744 37670 58344 74970 54718 25130 5892 46562 39165 27429 17046 84324 66161 41554 48437 32971 26444 68167 93735 50728 73843 67909 27543 99920 54653 51945 31724 58913 51098 55059 34828 16335 22554 77748 49620 31599 65129 40409 16566 57091 50760 50074 128900 93879 48446 9325 31642 70805 52305 108014 39781 114238 111822 38484 19752 22587 67750 81157 43083 53498 26097 41803 17294 75660 57282 42127 76225 71440 61759 88359 40659 114644 6976 23551 64522 102579 43407 94642 65854 131540 21934 26822 104788 43724 41818 43751 130591 12847 39525 12961 104536 77914 42369 98364 47563 110458 41688 48033 32372 89510 81825 80435 62462 61143 43979 55050 34313 92471 57311 126936 12596 119353 31506 24771 33633 74481 69299 57337 77967 74921 65573 97435 45934 46093 27008 29030 87741 25564 24403 5281 19943 7357 26827 41554 32971 49481 55541 18486 35406 65797 69447 46265 65707 74665 12702 49131 73555 73882 87025 19205 88545 91100
83066 28731 70292 112206 68899 27296 35343 35502 16021 98760 36031 114871 64199 115739 107864 90400 143709 23802 117432 19582 67369 117750 40063 12025 53718 15358 38793 167273 123704 97310 70507 95787 8051 21868 61964 9250 14112 107216 32365 39709 94078 15052 104110 38550 85561 31920 128070 118194 81223 0 110056 138358 62334 71448 104983 122431 74234 17762 115980 100554 29279 72910 25626 18240 43219 49676 107195 29455 118748 81079 33568 36370 101202 42842 25102 73348 90891 77861 65546 75992 54407 75059 146139 109601 67903 77175 92405 73961 41803 55259 31255 74915 16387 99048 50809 28014 37805 69091 133302 132087 50016 115186 97424 103153 16167 33396 49841 70318 120438 94602 33496 124627 113761 75553 26930 96647 82558 111189 18420 29565 61270 108657 63574 59826 54577 100255 68334 110159 59720 75342 45143 101529 113661 94003 111676 57565 40812 109215 25754 134731 40953 118950 93516 87731 104772 82438 57692 121213 59252 21042 72777 82831 107109 71671 123109 84118 81747 82840 76858 120328 93925 93076 107459 120602 102926 128761 94348 121163 121651 109080 97562 46243 94251 25798 90198 121344 26521 114116 73658 102232 60831 88975 82704 102310 105399 67504 59361 31851 111843 19703 148727 23869 34271 125177 85398 94355 107219 84623 102828 104509 78954 88382 83066 66964 67903 92405 113430 135503 98760 81577 23823 37877 95787 16021 124394 73935 125544 11352 33568 40063 74234 12993 167273
27954 81749 45857 2340 64525 104564 123980 76447 94467 13795 77884 55600 79266 16033 36566 21827 76210 86663 52300 90901 105059 85236 113837 122010 91535 97244 75566 66244 75944 64322 46350 52051 114898 110916 73727 100813 109106 3516 77854 80745 25918 124130 75981 72000 24726 78718 97137 43964 28851 110056 0 41963 102865 39392 105904 85202 40963 92624 49767 12849 92787 54175 91876 101294 77704 75442 43675 88850 59814 39266 100490 76278 39289 84876 102526 72168 32257 32529 67071 55833 55961 39145 73431 70680 61608 64295 41140 46084 93635 118843 79538 93360 96470 27816 126109 83219 79237 52736 40640 23108 79470 11396 12701 10025 106336 78066 60318 83901 16306 18565 84539 32812 43296 153278 122135 54086 29906 13052 99060 80986 133385 32412 139880 137774 63806 12203 46564 72417 104701 61374 79140 21928 32075 21729 81736 79677 70481 83614 99525 44622 114286 18685 134517 22676 5339 79136 128002 23668 119171 94141 156800 37973 9786 126731 18682 54181 57415 153811 36447 11632 16641 122941 86501 22100 110941 18952 129467 18770 33484 20380 104153 107660 92782 90885 74104 22739 83896 13203 114014 63630 153547 24564 142269 29406 8766 55000 96525 96218 57597 106380 53166 93594 125285 22583 57949 32579 16440 104332 18506 9213 31435 31393 27954 50096 61608 41140 45019 29537 13795 49288 94213 95517 52051 94467 73509 38412 28091 102359 100490 113837 40963 117316 66244
58403 109823 68071 41570 76385 125552 143127 109053 122350 54975 111516 95234 89483 53405 77125 51048 110260 114665 91191 120945 145412 125861 150252 149644 130527 128086 109682 28925 115157 106137 67890 50762 144595 133288 86365 129517 140749 45290 108329 102104 44659 150717 65707 103571 57815 106607 76272 82100 63511 138358 41963 0 142762 68852 147828 65295 64204 120653 88865 54467 127191 68225 125152 133681 113932 113059 84397 112068 98878 57365 119797 109378 80841 121784 124394 79284 47476 63999 79928 66907 85319 63579 105974 111660 75266 71350 83101 64754 110862 157233 110819 134580 122790 69724 163337 110344 102261 70447 71034 42154 96309 48832 49414 51848 138452 104964 90123 90533 49693 47032 107474 13731 29943 163901 155364 51498 68574 53039 123715 108961 171524 30219 177733 175274 84893 53559 70035 113389 144253 102566 98414 63798 71048 63077 122847 92931 97634 124981 133574 75322 130843 23842 175818 59932 45754 80418 166090 58184 158059 119224 169391 78908 51484 133816 23474 60441 63977 161829 74776 31900 55443 164557 128052 56769 103796 38131 170975 52183 69259 60860 146110 145325 87938 124036 116065 19970 114345 51532 154649 105150 169941 64715 182312 70992 50728 72424 106732 116687 97861 139270 11484 117654 159654 53272 61907 74533 57642 104322 60365 40365 63061 72731 58403 71537 75266 83101 84509 51076 54975 59775 127316 113924 50762 122350 112405 75758 14533 132960 119797 150252 64204 147925 28925
86211 61621 86929 104145 100549 84630 97442 48712 61348 89073 44546 76361 104895 99387 80180 92804 99487 61177 80810 53843 5163 65072 27369 69114 13880 50634 44102 168999 75849 54650 87819 118719 58540 82460 99464 58968 48899 99350 55081 80379 101731 73808 137026 54041 85664 62778 163770 86139 79914 62334 102865 142762 0 78795 44045 154684 87683 60816 80654 90101 36031 97708 41134 44462 35394 32435 75490 75554 78257 95944 88262 47148 73071 27983 81530 109409 102478 81044 98772 102192 68189 86862 103903 63019 97515 108542 65966 92495 92099 19996 51900 17213 66695 78817 30854 64298 76184 92001 105738 118185 91083 101568 93407 93034 46279 65797 64730 112827 104853 96404 76228 130506 128737 137830 46766 120512 74196 96537 72365 62062 33524 119262 40350 39562 83000 90663 84500 62725 3528 42649 85469 84116 88121 81224 59906 98841 67034 56409 36921 105163 100376 119131 37396 82836 98090 120937 28897 101049 18223 70408 135053 64973 95143 130163 120990 109284 108901 144795 68012 114465 87500 32201 53256 101285 150428 117268 35475 104112 95760 90536 36453 17790 136598 41843 42544 122843 53489 99316 14021 59514 122469 78503 39550 79954 94802 91940 109305 84126 72188 42871 154244 73466 43347 106832 112624 73000 91310 133511 87080 102453 81733 71741 86211 86470 97515 65966 80659 117154 89073 103748 41525 89490 118719 61348 77762 67288 128232 51953 88262 27369 87683 55791 168999
11655 42803 12242 41664 34165 65424 84992 40205 55593 30589 42715 68000 47091 48626 51924 18960 96290 47749 67595 52892 82452 88854 81987 83260 65347 59755 40998 97375 85752 63280 13288 41179 76908 71567 40584 62281 72226 36979 39951 41945 24440 85116 62988 34816 14719 39682 89343 63336 12338 71448 39392 68852 78795 0 97732 78865 10003 53779 65190 32487 58429 25575 56300 64942 46218 46784 55643 49534 72909 17560 61790 40533 48410 54371 63270 44065 23864 7012 35120 29653 17058 8493 95931 74751 30441 38652 42484 16920 55864 90430 42196 75375 57247 39263 95418 44045 40061 20784 71247 62274 42734 46636 26728 34427 69790 38803 21744 53819 52293 23178 45301 55366 50150 116567 86557 43200 19662 43758 59679 42002 104246 41501 110134 107429 26147 31734 10975 76240 79518 47118 41190 38320 53904 29488 83441 45196 31188 83529 64742 74063 76138 47777 115023 19201 34327 54578 98832 55681 91858 54770 119262 30250 38772 92592 51721 34106 35243 118269 19391 49026 24813 105987 84722 54609 88448 58343 111442 53726 60316 44708 93340 78007 70892 55186 66765 50488 46046 46334 92117 65686 114899 24533 117543 43255 36583 22401 62354 57297 67400 70470 79918 54205 90809 57991 38217 37863 41345 76747 37897 33104 8065 30396 11655 15208 30441 42484 60752 67327 30589 27718 58472 57225 41179 55593 84569 17093 55116 64763 61790 81987 10003 79823 97375
100439 97627 108917 106268 127676 124385 139288 82866 100987 93610 79126 58487 135820 96097 72267 104851 69896 98722 63605 93046 39768 32007 71227 112734 51416 91673 77472 169656 46648 41846 109964 138577 102022 123631 129557 100225 92215 102666 89927 114703 115178 117379 160638 86447 98068 97729 187075 72125 93102 104983 105904 147828 44045 97732 0 176497 107725 100030 64888 93778 76519 121815 81195 86755 68576 62546 65259 112576 57491 114941 126762 81137 67316 64439 121181 137549 118223 96777 126935 126277 94082 106167 75739 40121 124107 134395 64904 114271 128556 60485 87407 30238 106391 78106 71498 100615 110437 116201 91463 113202 123906 99978 100932 96189 89351 100387 92409 143806 100992 107201 112016 138079 142480 179713 90737 140676 84481 95288 112153 97799 69382 131534 75174 76150 111747 94839 106823 38721 47329 50626 118821 84031 79778 85766 30322 130742 98922 26664 79232 89166 140296 124448 41684 92671 102569 149101 66819 94221 56902 109234 177632 71877 96350 168611 124387 131720 132476 185984 80395 116236 94877 28430 22534 95119 181519 114316 34910 99217 85126 87645 7592 61821 165562 81566 32289 128499 90542 97294 38649 43727 165701 85709 60459 77004 97145 116934 144162 122109 54472 86126 158877 111886 86830 100319 135718 73483 90379 166274 87463 109277 97005 76675 100439 110091 124107 64904 67562 108772 93610 125405 82267 126709 138577 100987 49643 81510 133932 94002 126762 71227 107725 99600 169656
76878 99951 68453 86633 55619 99369 110578 107978 108893 90720 111910 138111 58377 101211 119040 74252 161307 103329 135765 111885 158938 164397 150288 130607 140812 119055 111553 83408 158092 139734 67469 37989 130314 107772 60643 116037 131045 86584 103313 83250 64103 129579 18459 102016 80003 97358 11954 128306 84182 122431 85202 65295 154684 78865 176497 0 68938 107863 133160 91658 125887 56976 121754 126761 119554 122351 125262 93083 142785 61557 92246 109215 119022 127524 99936 49209 59509 79901 58318 52504 86504 70386 158632 149659 58007 47100 116380 62890 82444 162207 106661 153685 106394 107059 164106 98623 86096 62687 125125 99635 72444 96426 81923 90778 130126 94477 90034 53360 100430 73426 89410 60144 42598 116524 146956 35853 93367 98010 104164 99161 174264 52841 179001 175674 73086 90318 70773 151313 154688 125879 77573 102601 116446 96384 159610 64912 90103 160343 130312 129301 96472 71348 191900 86423 84850 40394 169184 108626 164604 101505 124035 106106 93519 85508 75878 45565 45784 111457 96439 82783 86695 183947 162095 107032 43760 94385 188968 103137 118680 104422 172205 149481 34635 120597 145037 68802 107663 98402 168562 141074 129760 94175 191188 110277 91346 62784 68764 91836 139049 132470 66554 98565 153356 106192 42066 109015 100050 52546 99905 76984 79784 103140 76878 68337 58007 116380 128269 108887 90720 51521 123118 86494 37989 108893 156127 95055 66628 122497 92246 150288 68938 134956 83408
14349 45625 4894 43303 26052 64426 83517 46088 58213 35214 49147 76562 40049 52757 59584 19136 104204 50486 75770 56815 91525 98497 88944 85679 74047 64038 47812 93086 94860 73002 5451 31438 80391 71352 33888 65330 76781 39262 44429 40394 19910 87026 52987 40244 18606 42410 79352 70788 19205 74234 40963 64204 87683 10003 107725 68938 0 56493 73290 37021 64786 16470 62062 70013 54059 55372 63935 49378 81477 8330 59871 46722 56794 62277 62669 35514 16977 13411 27706 20170 21836 2178 103440 84250 22516 29378 51537 7314 52697 98305 47138 85020 58971 46696 102600 46242 39506 12741 76663 64034 38523 49957 29121 38329 74634 40855 26556 46075 55649 22691 44864 50484 42419 112471 91774 33402 28034 47947 60493 44766 111797 35111 117465 114605 23045 36005 6048 85772 88208 57117 38295 44769 60586 36150 93167 39328 33447 93349 70745 79822 73379 45290 124270 24943 36505 45446 106425 60301 99981 55775 115849 39621 42667 86874 49901 24120 25394 113396 28944 48896 29291 115538 94618 59058 79336 59567 120866 57458 66298 50326 103286 85708 61548 60904 76749 47342 50347 50180 101204 75231 112755 31749 125993 50636 40263 14824 56478 55830 76255 75725 74814 54622 96563 61710 28259 46135 46499 68554 43702 33086 13924 38888 14349 9134 22516 51537 68685 70190 35214 17717 64080 54702 31438 58213 93535 26909 51349 68842 59871 88944 0 83757 93086
65418 10988 52612 94804 53008 24356 40871 20958 1857 81683 23062 101608 50705 98971 92804 72712 130978 6045 103686 7043 65971 108245 45273 29482 49273 11901 25608 149559 112464 85828 52860 79094 24169 24727 47302 8941 23182 89860 15882 24723 76322 31532 89411 22268 68025 14163 114441 103554 63858 17762 92624 120653 60816 53779 100030 107863 56493 0 102022 83509 24796 55973 19682 19920 32716 39394 92859 16152 105791 63441 27446 22319 86469 35591 21155 58704 73205 60283 49882 59335 36778 57300 132881 98521 51569 61495 77791 56433 32190 59563 15930 69920 6481 83164 58353 10386 21805 51833 117589 114886 35961 98167 79954 86029 22447 15718 32309 57735 103520 76903 18766 106922 96464 80505 39099 80098 65801 94333 12171 11812 68953 91048 72697 69135 37516 83141 50618 99294 59002 63369 30474 85198 98089 77351 102084 43998 23056 100081 25722 119290 40270 101199 95923 70490 87369 68795 64448 104761 62998 9600 79658 67330 90075 69401 105386 67508 65392 86148 60409 102740 76675 92944 98909 104065 93196 111419 95493 104376 105933 92690 92996 48066 82207 18999 80524 103582 11172 97223 73906 90491 70281 72226 88746 86617 88277 50374 50104 23435 98946 25182 131085 12759 45561 108460 69143 78815 90572 75309 86267 86872 61379 72419 65418 49381 51569 77791 99068 118649 81683 64522 19525 29097 79094 1857 112788 57361 107787 14642 27446 45273 56493 28093 149559
60015 93460 77044 49111 99143 122160 141407 81210 103747 42491 80026 6652 112259 35545 14211 59969 31133 97355 2606 97134 80419 37650 101893 127433 74981 100717 77271 106993 26362 26565 78012 96977 117653 125762 105711 107538 108983 47509 86395 102196 69442 131013 121411 80162 55936 91481 144929 7344 54088 115980 49767 88865 80654 65190 64888 133160 73290 102022 0 41502 89548 89745 91414 100931 73451 67705 9704 106211 10089 76911 120801 80043 16927 76780 119284 108794 74847 59899 100295 93172 73765 71133 31463 24940 95476 102455 24674 80527 117441 100306 86114 65318 107881 26927 110388 96102 98920 85673 26817 49802 106292 40314 51289 42511 105686 92556 75670 118977 39272 59997 103162 82074 92534 177757 116884 99177 45546 36869 112519 93044 114178 81325 121003 120131 89883 42842 76125 26501 83692 42215 103397 30630 17928 37904 35847 109953 86655 38841 95815 25168 135924 67765 101930 49077 48761 118525 109469 31178 98877 107853 178967 36782 40343 156623 65951 95012 97339 180839 47023 57285 47039 88678 42667 32420 152276 51982 95699 36944 20793 29411 65885 92930 134216 90908 39368 71671 90952 37699 86897 22482 171632 41651 115552 23244 42236 87469 126872 115793 10417 104091 98977 108882 117078 36926 99265 27328 33579 141767 33256 56666 59369 34825 60015 80381 95476 24674 4891 44242 42491 88804 93651 117680 96977 103747 23781 50134 76588 105372 120801 101893 73290 118035 106993
22689 72875 41684 14049 62610 97630 117278 66022 85366 1900 67059 46591 76972 16140 27411 19710 70535 77690 44107 81112 92239 74775 101813 112573 78955 87076 64607 79087 66802 52566 42418 55836 104882 103380 70899 91315 98530 9347 68189 74396 28200 115005 80290 62073 18505 70000 103432 36945 20385 100554 12849 54467 90101 32487 93778 91658 37021 83509 41502 0 81498 52412 80966 90563 65984 63301 33916 81545 51184 38023 94233 65675 28409 72876 95337 71357 33976 25536 64602 55010 47608 34917 68728 60015 59274 64092 28875 43452 88299 106330 69535 80522 87873 16322 113840 74655 72329 49678 39681 31658 74828 14658 9907 2965 95637 69743 51536 82581 20105 18800 77473 44317 51547 148858 110964 58013 18382 11273 90987 72171 120897 40250 127442 125416 58432 1341 41726 61742 91988 48527 73626 11068 25385 8892 70826 76305 62336 72406 88282 42973 108625 30768 121695 13412 8794 79805 115534 23356 106557 86030 151717 25154 6566 123881 31436 55258 58028 150201 24754 24376 7788 110189 75051 22196 112904 28933 116683 21304 29761 13813 91744 95341 94678 80028 61748 34795 74102 13936 101170 52377 147308 12344 129465 18909 5034 51821 93483 89674 47910 95436 65783 85859 113767 25550 59385 20303 9631 104318 8256 15947 24555 18544 22689 45757 59274 28875 36611 35270 1900 49479 83331 89711 55836 85366 64664 27163 40266 92200 94233 101813 37021 106984 79087
68906 27192 62352 94667 70315 48694 62773 18771 25324 79914 15726 87686 71786 95113 83200 76385 115824 25721 90730 17874 41190 88549 24589 39177 25141 15155 17535 155475 95015 68934 62982 92960 28691 47169 67123 23706 19489 89540 22576 46077 82856 43367 107590 24787 70132 29139 133757 92654 64803 29279 92787 127191 36031 58429 76519 125887 64786 24796 89548 81498 0 70104 5128 11698 16426 21853 81400 39966 91235 72913 52239 18066 76137 13696 45564 77965 81528 63304 67860 74240 42972 64764 118681 80913 67903 78794 67382 67417 56476 36730 19228 46285 30692 76315 38450 29463 42128 64854 109447 112919 57293 95560 80889 84364 16173 32191 38352 79437 100265 80553 41211 113779 107156 103195 29483 94398 63158 91011 36396 27816 48402 99598 53427 50306 52815 81529 59950 81373 34221 47699 51572 79897 89853 73662 82502 65337 35786 79977 6799 110307 64525 105248 71478 70201 87475 89031 43297 99425 39653 34395 101249 59850 87779 94138 108519 82131 80877 109613 56745 104021 76147 68148 78182 99088 116287 110430 70790 100477 97997 87399 69257 24333 103784 5976 61114 108328 18886 94001 49158 73964 89957 69207 66118 79040 86529 64116 74055 48174 84350 14664 138328 37495 32635 104156 84732 70994 86402 98826 81862 89206 64290 66243 68906 60463 67903 67382 87563 114779 79914 77659 5749 53668 92960 25324 95886 54448 113215 17943 52239 24589 64786 28523 155475
30217 46195 13373 56468 10359 57364 75028 51649 57421 50699 55417 93026 25092 67563 75985 33154 120618 50460 92231 58295 101983 114400 94691 83347 83835 65723 54837 96835 111201 88793 12311 23235 80030 65228 19821 64849 78404 53127 47820 34366 29172 83807 39527 45598 34490 43182 66329 87122 35658 72910 54175 68225 97708 25575 121815 56976 16470 55973 89745 52412 70104 0 66425 72800 62622 65400 80404 44685 97941 14911 51584 52749 73263 70651 56331 19131 23374 29881 13039 4536 29541 18615 119750 100326 7633 13079 67879 9229 42853 105798 51044 97301 56642 63080 108554 45726 35275 5754 92038 76652 28186 64249 43597 53330 76844 40724 33103 30175 69841 35695 40155 54856 41167 99856 94150 24450 44481 62885 56574 45332 118401 38052 123531 120378 18461 51285 15143 101814 97729 71568 30259 60887 76694 52408 108940 26148 34806 108927 75182 95385 63255 53805 134948 41117 50419 29050 113187 75317 108001 52479 104078 55786 57541 72570 59013 12028 11195 99833 44959 60077 44889 127253 109970 73978 62948 71770 132122 71898 82060 66038 116902 93047 45318 65245 91659 54776 52926 64843 111596 91259 102751 48154 134507 66998 55069 5989 42490 48500 92674 78629 77572 50443 99827 76067 14937 62605 62025 52221 59578 45376 30377 55341 30217 11749 7633 67879 85123 83709 50699 8755 68076 45755 23235 57421 109929 42624 57561 69948 51584 94691 16470 84066 96835
67135 22445 59343 93829 66137 43681 58199 16105 20256 79318 13997 89890 67072 95062 84361 74649 118412 20686 92716 12745 46291 92199 28535 36285 29945 10700 16359 153625 98110 71788 59913 89450 26241 42437 62565 19173 17978 88709 18614 41221 80618 40224 103400 21818 68648 24600 129418 94165 63495 25626 91876 125152 41134 56300 81195 121754 62062 19682 91414 80966 5128 66425 0 9803 17993 24196 82984 34874 93607 70056 47128 15835 77422 17407 40534 73529 78945 61559 63569 70463 40243 62190 121051 84003 63860 74659 68617 64244 51369 41405 15392 50961 25645 76800 42357 24575 37347 61314 110400 112548 52498 95244 79739 83780 14851 27615 35507 74656 100112 78855 36224 111635 104267 98554 30405 90820 62583 90822 31373 23116 52549 97075 57284 54033 48793 80912 56984 84545 39349 50057 46777 80064 90740 73425 86107 60569 31783 83713 8785 111452 59543 103617 76566 69208 86542 84479 47567 99717 44470 29277 96820 60316 87351 89052 107085 78444 77042 104821 56304 102940 75260 73268 82080 99300 111349 109845 75915 100463 98857 87615 73996 29201 99056 1182 64596 106573 14242 93808 54286 76750 85867 68782 70818 79710 85977 60452 68988 43047 86703 14504 136182 32368 34557 104246 80898 71655 86367 93822 81847 87831 62580 66484 67135 57201 63860 68617 89191 114819 79318 74196 2381 48543 89450 20256 98847 53805 111345 14358 47128 28535 62062 26925 153625
76038 26900 66928 103281 71332 41179 52992 24960 19580 88894 23505 99226 70370 104793 94107 83556 127486 23503 102175 14877 49563 100083 25450 27511 35483 8023 26006 162306 106708 80626 67407 96014 16995 38119 66570 14980 8180 98171 25626 44251 89039 31774 108312 30129 77763 29718 133790 103822 72741 18240 101294 133681 44462 64942 86755 126761 70013 19920 100931 90563 11698 72800 9803 0 27500 33366 92613 36067 102836 77780 45894 25020 87138 25366 38268 77857 86983 70506 68463 76598 48401 70325 130287 92607 69432 79894 78341 71545 51832 40090 22896 56674 24213 86601 38436 28151 40886 68007 120184 122182 55605 104905 89043 93355 5081 32426 43599 77554 109816 87781 38523 120078 111808 93415 21761 97242 72189 100521 29362 27724 49033 105123 52868 49351 54613 90478 64649 93059 42044 59273 49998 89839 100528 83123 94061 63694 38048 91469 7575 121207 56511 112546 77411 78618 95956 88306 44557 109502 43733 28830 90928 70118 96981 86889 116159 84713 82998 100340 65964 112251 84712 75812 89564 109076 113083 119399 77616 110199 108648 97395 79349 29411 102044 10605 72738 115394 19964 103505 56432 85651 79058 78430 69020 89511 95562 66912 69835 42559 95943 5830 144586 32169 27027 114002 86831 81456 96105 95131 91591 96977 71549 76272 76038 64418 69432 78341 98806 124563 88894 80932 7437 48489 96014 19580 107584 63403 120057 7511 45894 25450 70013 17175 162306
55597 29051 52614 79475 65156 56679 73487 14399 34026 64484 10550 71902 69968 79087 66785 62885 100522 30418 74731 26224 39991 75641 36403 54226 21576 27879 9145 141723 80642 54142 53425 84302 44227 57360 64318 35640 35607 74363 21412 46634 70420 58056 101750 18937 56207 29276 128454 76344 50623 43219 77704 113932 35394 46218 68576 119554 54059 32716 73451 65984 16426 62622 17993 27500 0 6702 65121 44014 75648 62387 58400 12681 59744 8219 53471 74060 70020 50043 63398 67061 33316 53588 103084 66568 62143 73180 50975 58078 60019 44276 18835 39258 39194 60001 49425 32042 42351 56974 93021 97135 56678 79764 66245 68898 32339 32063 29524 77964 84312 66920 43509 100826 96214 113205 45552 85986 47829 75110 44804 29231 58033 87696 63992 61398 47617 66116 50158 67211 35155 32142 51248 63749 73430 57868 69490 64157 31999 67401 23097 93895 72445 91280 72790 55407 72451 85619 52616 83174 45939 41282 112308 43577 72121 100076 94177 74380 73790 118638 41311 89131 61135 66476 66193 82880 115772 94874 70580 84415 81576 71206 61942 31789 101425 17568 47902 94582 22272 78096 49406 59031 102331 53641 72147 62659 71014 56771 76104 53643 68742 31083 125253 43672 47825 88017 77559 54622 70384 99365 65841 74877 50934 50083 55597 51683 62143 50975 71309 98659 64484 69111 20202 58136 84302 34026 81238 39324 99670 32186 58400 36403 54059 44652 141723
55169 35255 54499 77083 68823 63269 80185 20377 40720 61921 16864 65862 74668 75568 61793 62200 94225 36922 68877 32926 36587 68940 38535 60475 18683 34384 14965 140394 74066 47635 55386 86293 50282 64056 68786 42273 41326 72020 27440 52230 70421 64408 104835 24053 55266 35195 131622 70942 49550 49676 75442 113059 32435 46784 62546 122351 55372 39394 67705 63301 21853 65400 24196 33366 6702 0 59664 50261 69482 63669 64807 18653 54635 9796 60065 78065 70624 49756 67336 69905 35859 54647 96933 59976 65627 76581 45973 60062 66039 44196 25128 33821 45869 55914 50700 38275 47952 59670 88183 93929 61855 76608 64524 66254 38017 37842 32675 82693 80894 66081 49490 100235 96923 119862 49967 88079 45590 71817 51458 35365 58474 87888 64762 62469 51576 63560 52068 60590 32836 25914 56572 60067 68735 54862 62789 69096 36898 60703 28156 88846 78990 89971 69551 53661 70288 89690 53042 79171 45266 47857 119005 39750 69204 106318 92535 76887 76593 125223 39059 87002 59089 62273 59525 78984 120570 91979 66826 80808 76880 67386 56105 32364 105737 23901 41200 93433 28827 74783 46220 52571 109015 51010 70760 58301 68294 59704 81725 59995 62584 36397 124470 50171 51451 84250 80285 50346 66919 104511 62395 73373 50554 46481 55169 54067 65627 45973 65796 94902 61921 71316 26281 64319 86293 40720 74720 37514 98651 38524 64807 38535 55372 50370 140394
50944 84089 67582 43399 89683 112659 131973 72158 94606 34642 71172 12928 102673 31288 7276 51446 40792 88072 11982 88158 75809 41608 95146 118773 68534 92013 68410 104576 32901 24049 68563 88566 109176 116406 96110 98618 100727 41009 77144 92524 61242 122245 112924 70864 46962 82042 136935 11296 44769 107195 43675 84397 75490 55643 65259 125262 63935 92859 9704 33916 81400 80404 82984 92613 65121 59664 0 96660 17762 67880 111198 71053 7255 69013 109809 99399 66389 50525 90762 83925 64074 61792 41133 27264 85998 93202 15158 71206 107757 94716 76992 61213 98630 18254 104398 86690 89274 76217 30248 47948 96591 35608 43395 35371 97453 83047 66029 109457 35896 51852 93558 76448 85437 168123 109330 90775 36043 31412 103176 83652 108896 74149 115727 114607 80195 35232 66599 28992 78329 34915 93696 22848 14539 29169 38463 100294 77052 40754 87816 29921 126315 62199 99761 40104 41860 109285 103999 28983 93621 98471 169406 27093 33932 146921 61050 86062 88277 171156 37331 52502 38652 86865 44082 29860 143102 49167 93817 34001 20850 23594 65129 86518 125106 82420 36404 66209 81849 32897 83019 21534 162237 32502 111948 15031 35489 77976 117191 106200 14024 96028 94981 99429 109938 35099 90331 17819 27239 132312 25890 49628 50041 25248 50944 70848 85998 15158 6235 44062 34642 79784 85262 108024 88566 94606 30865 40433 71372 96759 111198 95146 63935 109772 104576
60905 15008 44817 91142 39653 16247 35932 29916 16615 79651 33475 106783 35136 97583 95389 67582 136411 14377 108152 22304 80660 117393 61415 38905 63165 28052 35322 140924 119863 93476 44757 66990 37249 22085 32521 23204 38631 86510 22897 10458 69082 39133 74715 27729 64251 15597 99093 106648 61182 29455 88850 112068 75554 49534 112576 93083 49378 16152 106211 81545 39966 44685 34874 36067 44014 50261 96660 0 111293 54949 14995 31627 89774 48799 13793 43927 64929 56513 36219 47311 34199 50703 137606 106320 38978 47806 81541 47382 16548 75591 25181 82953 13325 84361 74489 11987 9894 41667 118482 111803 20643 95991 76236 83722 38322 13809 31061 41840 101590 71553 4594 98426 85851 71917 54321 67700 65335 92761 11914 14947 85097 81917 88760 85171 27180 80934 43338 107299 74031 71204 15698 85296 99593 76801 111250 28428 19812 109679 41709 120705 30007 94626 111439 68139 83846 53373 80599 104151 78943 8430 72758 69849 88004 56068 99279 55309 52716 76079 61060 97897 74098 107753 109009 103241 77054 107794 110683 102840 106994 92464 105853 63862 66241 33994 90056 96498 22297 95480 89016 97749 66235 71550 104843 88128 85924 39792 34152 9966 104651 41228 121902 5800 61111 107067 56272 80855 89701 59219 85733 81914 57586 73768 60905 40919 38978 81541 102696 116709 79651 53440 35152 14160 66990 16615 119787 57823 100164 30330 14995 61415 49378 41875 140924
68672 97901 84980 59187 107052 126962 145886 84836 107447 52066 83199 4915 119740 45611 23775 69171 25209 101494 7687 100452 77392 28391 101279 129874 74268 103394 80489 116487 16290 23764 85979 106279 119763 130009 113137 110658 110717 57497 90511 108056 78872 133675 130659 84464 64714 96172 154506 16878 62379 118748 59814 98878 78257 72909 57491 142785 81477 105791 10089 51184 91235 97941 93607 102836 75648 69482 17762 111293 0 85611 126101 83531 24712 77968 123991 116855 84106 68071 107988 101541 79970 79350 27452 17568 103341 110807 30828 88772 123389 98197 89878 62002 111869 35966 108695 100670 104569 93610 34304 59327 112923 50396 60862 52344 107398 97511 81403 126692 49227 69451 108531 92162 102441 183153 117365 108486 53472 46946 116772 97560 111591 91204 118363 117794 96764 52519 83884 18819 81490 43568 109682 40186 28014 46916 27501 117055 92088 30898 97186 31726 141228 77853 96229 57859 58671 126892 107140 40983 96381 112257 183932 43358 50329 163140 76022 103807 105989 186674 54077 67356 56326 82775 34966 42284 160743 61761 89792 46841 30265 39441 59367 91942 142787 93216 35809 81760 94627 47786 82995 18765 175903 50228 111122 32542 52165 95304 133755 121057 6907 105509 108906 113543 116921 46569 108078 35371 43555 149655 42983 66556 67631 42612 68672 88106 103341 30828 14801 53200 52066 97514 95745 123350 106279 107447 13700 57026 86672 107829 126101 101279 81477 119728 116487
16939 52744 10903 41562 25267 69230 87792 54171 65103 36394 57326 80723 40001 52817 62872 18451 107400 57507 79458 64251 99739 104236 97158 92287 82337 71563 56057 86288 99677 78996 10582 23685 87519 76583 34551 72352 84349 38240 52154 45318 14779 93366 46389 48258 20977 49537 72299 73706 23619 81079 39266 57365 95944 17560 114941 61557 8330 63441 76911 38023 72913 14911 70056 77780 62387 63669 67880 54949 85611 0 64105 54865 60937 70605 67755 33414 9980 18611 27839 17008 29945 9141 106168 89754 22376 26079 56590 7687 56118 106627 54978 92932 65426 49998 110844 53085 45076 14201 77464 61829 41499 49394 28878 38723 82311 47724 34585 44885 54963 20792 50363 43650 34243 114450 99531 25751 32929 48200 66451 51873 120089 27618 125727 122844 27836 36837 13131 91331 96503 64329 42346 47166 62845 39069 99103 40674 40563 99516 78777 80915 76793 40208 132429 27834 35544 41921 114722 60621 108311 61897 118405 45295 42856 87469 45196 18234 20430 114651 35106 45522 30756 123528 101009 59251 75433 57011 128939 57054 67780 51788 110728 94021 57318 68890 83567 41726 57966 50064 109416 80861 116348 35384 134316 53793 40373 16450 57318 60447 80806 83533 67649 60436 104480 61204 22513 50334 47652 66298 45537 30518 18683 43504 16939 14172 22376 56590 72161 68802 36394 11904 72027 58582 23685 65103 98146 33536 45222 76265 64105 97158 8330 91060 86288
72658 29733 55041 102818 44020 7145 23699 44599 26999 92333 47946 121550 34470 110366 109639 78795 151173 28044 122793 34440 93417 132350 71127 39091 76544 38353 49965 148310 134843 108470 54746 71700 41517 15529 34714 31132 46079 98423 37674 19845 78777 37508 74505 42710 76331 30578 96570 120984 73882 33568 100490 119797 88262 61790 126762 92246 59871 27446 120801 94233 52239 51584 47128 45894 58400 64807 111198 14995 126101 64105 0 46284 104231 62510 8493 44964 73896 68793 40384 53095 47824 61502 152239 121314 44616 50930 96131 56423 9913 85970 39688 96871 21816 98269 83275 26707 22207 50019 132077 123590 23563 108410 88106 96217 46767 28762 45238 38925 114077 82532 17640 106433 91912 57052 60449 71967 78879 105505 16556 29778 93891 89636 96734 93020 36827 93514 54025 122294 86424 86195 21761 98813 113498 90159 126203 28689 34147 124592 52606 134476 15134 104311 123066 80853 95701 51871 89854 117228 89624 17860 58311 84242 100561 42030 109246 60388 57238 61084 75041 108761 86600 120382 123857 116231 69394 119304 122837 115507 120707 105793 119892 75051 61722 46435 104957 105753 36227 108116 101296 112732 53123 84925 114660 102107 98368 47858 25960 5055 119496 50133 128932 14931 67728 119769 60304 95042 102788 51077 99000 92941 69824 87813 72658 50863 44616 96131 117176 129071 92333 60056 46878 6077 71700 26999 134744 71794 108917 38929 0 71127 59871 46509 148310
51301 16621 44363 78272 54051 45187 62994 1729 23933 63977 2700 79402 57758 80220 71509 58814 108700 18747 81625 17105 51965 86488 42376 48220 33624 21709 3694 137808 90216 63584 45023 75302 39530 46894 52336 27586 32873 73166 8792 33968 64912 51394 91121 7199 52840 16613 117629 81946 47744 36370 76278 109378 47148 40533 81137 109215 46722 22319 80043 65675 18066 52749 15835 25020 12681 18653 71053 31627 83531 54865 46284 0 64908 19166 42018 62497 63471 45725 51984 57027 24920 46704 110701 76324 51301 62334 56135 49513 47419 53066 6700 51939 28574 62809 56159 19649 29688 47326 96966 97326 44169 80115 64031 68435 30058 19382 20353 65709 85137 63020 30882 95895 89104 102005 46230 76818 47337 75839 33845 16713 65760 81555 71113 68114 36372 65549 41947 77142 46457 41106 38672 65575 77311 58469 80324 51782 19913 78526 24214 98362 60702 87783 84408 53603 70939 73934 60497 85293 55389 29812 101650 46500 72136 87669 91271 64735 63734 107005 41247 87241 59707 78761 77643 84770 103414 94445 82582 85645 85324 73147 74577 40317 89464 14761 58887 90741 11155 78810 61139 68204 92595 53649 81981 65997 70653 46775 63426 41417 76671 30239 120447 31856 50277 89542 67570 58015 71581 86821 67108 72037 46745 52219 51301 42648 51301 56135 77284 100023 63977 59985 18088 45666 75302 23933 90495 38558 95528 26777 46284 42376 46722 41336 137808
44002 77456 60383 39347 82479 105835 125229 65939 88238 28872 65185 19806 95425 28945 7282 44920 48042 81545 19236 81989 73867 46367 91179 112895 65019 86135 62424 102463 39124 25470 61370 82018 103501 109765 88859 92493 95294 36326 70672 85437 54921 116251 106294 64345 40103 75322 130617 17086 37670 101202 39289 80841 73071 48410 67316 119022 56794 86469 16927 28409 76137 73263 77422 87138 59744 54635 7255 89774 24712 60937 104231 64908 0 64202 103021 92224 59855 43383 83530 76834 56946 54659 48271 31620 78787 86103 8816 64079 100639 91789 70676 59875 92130 12144 101074 80001 82241 69018 33709 46935 89372 32668 37452 30245 92052 76231 59015 102229 34074 45625 86593 72051 79861 161094 104559 84230 28841 27989 96561 76992 106167 68559 112977 111648 72955 29672 59373 33350 75710 31117 86525 17549 15053 22651 42529 93042 70099 44326 82680 34210 119333 57972 99616 33274 36809 102188 101130 28521 90990 91811 162485 20008 29525 139704 57370 79151 81293 164035 30097 49043 32332 87084 47245 29043 136032 47366 93932 32627 22874 20335 66375 82901 118077 76798 36663 62024 75548 29992 81628 24350 155531 25571 110601 9887 30722 70761 109946 99248 20075 90800 91723 92675 105553 34567 83426 10663 23200 125106 20879 44340 42927 18017 44002 63617 78787 8816 12950 44437 28872 72834 79736 100967 82018 88238 37347 33216 67334 90967 104231 91179 56794 104313 102463
63547 34250 60813 86568 72835 59946 75425 20741 36577 71455 16577 74573 76920 85338 71399 70765 102372 34590 77827 28621 32815 74911 28962 52868 14577 28105 16187 149406 81349 55377 61616 92472 42332 59504 71487 36527 32913 81483 27270 52693 78495 57061 109631 26099 63988 35083 136281 80308 58344 42842 84876 121784 27983 54371 64439 127524 62277 35591 76780 72876 13696 70651 17407 25366 8219 9796 69013 48799 77968 70605 62510 19166 64202 0 56743 81524 78196 58024 70933 75063 41463 61796 105379 67253 69917 80967 55604 66264 65195 36077 24213 34378 41968 65710 41577 37089 48453 65034 97824 103656 63207 86318 73702 75819 29600 38049 37555 84862 90653 74753 48932 108766 104409 115657 40363 94140 54974 81552 47725 34596 49935 95819 55987 53490 55205 73093 58356 67694 27393 34627 57638 69850 78436 64521 68847 70903 39056 66376 19224 98397 75858 98951 65280 62836 79677 93015 44507 88967 37723 44842 114135 49535 78853 104506 101698 82463 81796 121641 48432 96389 68414 59710 64685 88780 122520 101635 63423 90589 86574 77179 57436 23666 108620 17529 47425 102321 26505 84523 41980 60438 103273 60552 63979 68075 77885 64766 81925 57996 71112 27547 133140 47586 41662 94042 85583 60133 76679 105765 72151 82448 58890 56248 63547 59818 69917 55604 75088 104695 71455 77258 19025 62940 92472 36577 82260 46680 107463 31492 62510 28962 62277 41847 149406
74572 26174 57991 104827 49770 3213 22274 40423 20308 93443 43316 119576 41733 111376 108798 81139 149175 23274 121155 28169 86692 128506 63234 30874 70359 31062 45601 153121 131854 105291 57843 77551 33030 8899 41096 23321 37871 100231 33895 22437 82157 29647 81988 39619 77980 27836 104617 119979 74970 25102 102526 124394 81530 63270 121181 99936 62669 21155 119284 95337 45564 56331 40534 38268 53471 60065 109809 13793 123991 67755 8493 42018 103021 56743 0 51891 77698 70261 46157 58365 47962 64099 150587 118101 49851 57232 94657 60096 17592 78207 35318 91074 14896 97967 75120 23332 23303 54021 132169 125518 29290 109773 89943 97506 38751 26797 44682 46799 115377 85054 17987 110859 97264 59992 52010 77995 79068 106555 9168 26457 85712 94175 88418 84693 39948 94721 56665 118986 79514 82841 26087 99019 113185 90558 122342 35542 33443 120517 45266 134335 19115 107750 115659 81930 97556 59550 81779 117931 81946 12225 59994 83192 101792 48734 112510 66018 63070 65167 74669 111402 87879 113491 119533 117027 77887 121457 115678 116633 120651 106218 114151 67628 70001 39966 100887 109463 31244 109272 94262 109749 52623 85307 106666 101698 99705 51988 34432 8266 117265 42187 133901 10450 59313 120861 66351 94325 103483 59568 99498 95444 71329 87326 74572 53962 49851 94657 115901 130491 93443 65006 40005 13520 77551 20308 131948 71443 112930 31076 8493 63234 62669 38024 153121
49336 51290 31888 74401 10087 51845 66316 61059 59700 69681 65175 111940 10790 86205 95089 51864 139716 54357 111265 62999 114051 132333 101980 82012 95635 70045 65340 106616 129801 106670 30879 28688 81176 60283 11434 66829 81879 71450 55560 34046 46413 81383 30798 55431 53603 48931 55968 106249 54718 73348 72168 79284 109409 44065 137549 49209 35514 58704 108794 71357 77965 19131 73529 77857 74060 78065 99399 43927 116855 33414 44964 62497 92224 81524 51891 0 40150 48895 10739 16426 43485 37680 138880 118529 13829 8257 86550 28350 35083 114655 58933 111342 57216 82191 115686 49722 37011 23283 110875 93997 23341 82666 62288 72133 81048 45940 45632 11922 88164 54012 40202 66971 49708 84880 97776 28366 63390 81610 55226 50544 126027 50607 130465 127051 26497 70198 33155 119966 108908 88177 28365 80009 95809 71539 126718 16355 42656 126460 81864 114303 52935 69045 146784 60248 68799 11642 121093 94026 117374 52356 90125 74269 76268 55776 74444 19451 15813 83641 63370 76813 63921 140312 127226 92646 44678 88918 144624 90337 101073 85054 132143 102071 28013 72402 108521 69225 59297 83433 123431 109423 91101 67253 143966 86117 73783 21764 27448 43635 111450 83499 87052 49487 104248 94438 17379 81583 80986 33091 78651 63108 49438 74245 49336 29068 13829 86550 104199 101547 69681 22985 74696 38926 28688 59700 128634 60806 70966 73346 44964 101980 35514 85779 106616
17784 62424 20599 34424 33374 79131 97558 62912 74890 32656 65829 79315 48061 47138 60637 14945 104480 67236 77443 73752 105997 104891 105486 102173 89137 81000 64347 76400 98976 80305 20419 22178 97215 86537 43163 82091 93751 31959 61406 55265 6338 103306 46569 57136 20537 59210 70912 70808 25130 90891 32257 47476 102478 23864 118223 59509 16977 73205 74847 33976 81528 23374 78945 86983 70020 70624 66389 64929 84106 9980 73896 63471 59855 78196 77698 40150 0 21921 36367 24100 38705 16769 102689 90165 31006 32133 56873 17602 65701 114268 64100 98071 75335 48143 119038 62879 55056 23879 72111 53860 51021 43171 24121 33946 91611 57502 43467 52006 48477 15215 60343 33748 26299 123193 108743 24388 34057 42861 76424 61558 128012 18144 133825 131053 37804 32670 22618 91813 103295 68029 52160 44306 59359 37241 100114 49522 50229 100911 87590 75830 86304 30555 138328 26924 29470 46909 122608 55034 115722 71854 127450 46843 37652 95435 35689 21956 25159 122953 37860 36872 27811 128798 102779 53560 79250 48821 134489 50803 63306 47668 114538 101803 61019 77793 86264 31858 67320 44278 115632 81566 125858 34695 141374 51631 35196 26061 65668 70327 79929 92687 57915 70414 113477 54773 25842 49630 43324 72075 42078 23085 21482 43632 17784 24115 31006 56873 69984 61443 32656 17166 80992 68295 22178 74890 97167 37088 35249 85780 73896 105486 16977 100659 76400
5605 49347 17269 34777 39296 72429 92003 45580 62114 23643 47721 63157 52883 41667 46272 13094 90859 54282 62371 59025 84391 85689 86275 89744 67961 65704 45769 92171 81584 60392 18191 41912 83080 78526 46508 68651 77993 30029 45993 48948 20711 91724 65000 40521 7803 46273 90813 57553 5892 77861 32529 63999 81044 7012 96777 79901 13411 60283 59899 25536 63304 29881 61559 70506 50043 49756 50525 56513 68071 18611 68793 45725 43383 58024 70261 48895 21921 0 40671 33502 23515 11279 90210 71277 35672 42750 38301 20701 62766 93860 48016 76156 63965 33426 99466 50726 47068 25844 64568 55321 49432 39625 19833 27426 75437 45545 28021 59244 45285 17296 52300 50790 47849 123387 91945 44052 14674 36796 66542 48566 107938 38235 114005 111441 32937 24752 16727 72835 82048 46320 48092 31928 47668 23151 80511 51460 37954 80905 69793 67491 83102 42062 116532 12388 27402 58830 102505 48801 95021 61617 126181 26717 31778 98999 45688 36600 38334 124932 16548 42468 17825 106886 82413 47700 92706 51463 112611 46738 53799 38033 92850 81671 74848 60480 65138 45039 52091 39346 93987 62335 121906 18486 120238 37393 29576 27742 68667 64308 62900 75909 75257 61128 95881 51006 40855 32724 34537 81890 31255 26699 1097 25503 5605 20954 35672 38301 55320 60315 23643 30145 63799 64191 41912 62114 80202 15299 49917 70765 68793 86275 13411 85820 92171
42020 41633 23404 69377 3636 46715 63303 50586 51050 62828 54674 103086 12371 80075 86883 45762 131371 45094 102710 53593 103384 122431 92095 75040 84974 60817 54747 108169 120447 96781 22512 31410 73149 54934 6796 58366 73008 65895 45333 25841 42211 74916 39892 44871 46295 39068 65899 98212 46562 65546 67071 79928 98772 35120 126935 58318 27706 49882 100295 64602 67860 13039 63569 68463 63398 67336 90762 36219 107988 27839 40384 51984 83530 70933 46157 10739 36367 40671 0 13059 32853 29867 130863 108833 5464 11647 77395 21224 31050 104454 48705 100607 49185 74082 105875 40358 28099 14966 104282 89654 16919 76936 56156 65727 71933 36165 34898 18705 82568 48533 32050 66856 51553 86830 88936 31845 54750 75332 47995 40845 116118 50052 120736 117384 15790 63536 24170 110230 98326 77813 20614 72434 88240 63749 116736 13253 32262 116356 72051 107497 50944 66669 136159 52619 63166 22380 111109 87748 107078 44540 91147 64965 70004 59676 71924 20003 16922 86820 54074 73116 56930 129593 117004 86452 54884 84794 133939 84553 94001 78018 121472 91811 38674 62424 98190 67473 49405 77407 112791 99717 90261 59154 133690 78056 67554 12939 29481 37992 102361 74194 88710 41984 95174 88755 20229 72973 74143 41751 71408 58354 41355 65515 42020 19915 5464 77395 95819 96607 62828 20361 64860 34361 31410 51050 119411 51340 69991 64441 40384 92095 27706 77562 108169
33299 49846 17588 58085 9635 59180 76246 55888 60721 53360 59705 96629 24034 69779 79293 35456 123917 53964 95682 61977 106484 118503 98816 86160 88316 69388 59190 95249 115029 92931 16522 19798 83263 67231 19693 68147 81996 55045 51850 36880 30244 86419 34994 49853 37520 46901 61797 90315 39165 75992 55833 66907 102192 29653 126277 52504 20170 59335 93172 55010 74240 4536 70463 76598 67061 69905 83925 47311 101541 17008 53095 57027 76834 75063 58365 16426 24100 33502 13059 0 34047 22242 122883 104345 8518 9283 71707 12865 43974 110092 55110 101836 59644 66380 112681 49201 38203 10289 94469 77909 29533 66252 45870 55730 80536 44336 37537 28069 71766 37597 42862 53798 38909 99378 97809 20767 48169 65190 59225 48992 122590 36993 127652 124468 22012 53835 19505 105851 102186 75971 32328 63907 79664 55583 113091 26248 38734 113139 79197 97923 64000 53940 139449 44274 52385 25361 117399 77603 112340 55318 103952 59742 59849 71336 59256 8174 6733 98900 48979 60963 47655 131785 114241 76221 59208 72906 136644 73923 84756 68749 121397 97342 41379 69286 96009 54579 56809 67007 116091 95301 103311 51523 138870 70257 57364 10299 41705 50354 96399 82421 75841 53106 103609 78034 10546 66171 64641 49312 62421 46835 33910 59005 33299 16260 8518 71707 88499 85282 53360 7354 72061 47139 19798 60721 113691 46744 56973 73496 53095 98816 20170 87406 95249
28659 25832 19540 58174 33720 50426 70122 24253 38604 45730 27395 75223 42418 63529 61995 36018 104630 30769 75907 35885 72442 90972 67243 66252 54326 42852 26243 114030 90628 65560 20268 51017 59868 55817 35907 45228 55445 53307 23044 28546 40661 68210 69000 18431 31282 22765 95798 73417 27429 54407 55961 85319 68189 17058 94082 86504 21836 36778 73765 47608 42972 29541 40243 48401 33316 35859 64074 34199 79970 29945 47824 24920 56946 41463 47962 43485 38705 23515 32853 34047 0 21964 105202 78078 30274 41012 49303 24867 43694 77173 25511 68200 40524 50446 80970 27267 25621 23817 84351 78505 33152 62190 43264 49930 53136 22191 4805 50230 67711 40235 30413 71689 64185 104293 70136 52677 31157 58742 43393 25052 90361 56840 95886 92955 18081 47086 17098 79338 68287 45363 29714 51123 65674 42602 85090 38298 14728 84390 48911 86674 62772 64772 105407 34282 50755 55075 85029 69976 79106 38438 106093 36982 54133 83183 68775 41123 40735 107089 27268 65963 40383 97843 84749 69090 87586 74841 102617 68838 72921 58266 88667 64473 71495 39090 65738 67380 29108 61520 82059 69037 100385 37351 105442 54296 52161 23878 54211 42983 73701 54052 96186 38275 74773 73037 44439 47370 55536 73218 51536 50106 24612 40047 28659 18368 30274 49303 69875 82872 45730 35797 42289 44142 51017 38604 90019 24026 71865 47812 47824 67243 21836 62859 114030
12230 46376 6820 41484 28229 65922 85109 46146 59043 33101 49072 74436 42203 50705 57413 17337 102037 51271 73616 57366 90625 96558 88780 86593 73295 64524 47631 92408 92795 71101 7502 32691 81078 72731 36017 66086 77224 37357 44817 41920 19030 88041 54669 40391 16470 43167 80921 68612 17046 75059 39145 63579 86862 8493 106167 70386 2178 57300 71133 34917 64764 18615 62190 70325 53588 54647 61792 50703 79350 9141 61502 46704 54659 61796 64099 37680 16769 11279 29867 22242 21964 0 101263 82269 24690 31476 49479 9422 54490 97862 47429 83818 59979 44524 102378 47122 40864 14905 74539 62241 40418 47971 27162 36271 75007 41740 26746 48252 53668 21036 46223 49889 42667 114420 92075 34707 25930 45884 61675 45525 111466 34885 117204 114390 24705 33915 7480 83800 87467 55542 40015 42595 58412 33973 91262 41400 34247 91490 70825 77682 75145 44139 123294 22769 34601 47554 106077 58219 99454 56911 117722 37636 40619 88965 48637 25883 27310 115423 27029 47339 27172 114397 92809 56988 81435 57837 119799 55445 64144 48180 101820 85315 63613 61041 75049 46334 50796 48148 100300 73267 114463 29578 125357 48462 38227 16968 58568 57385 74159 76000 74319 55862 96733 59702 30068 43999 44372 70727 41544 31449 11764 36776 12230 11017 24690 49479 66522 68275 33101 19438 64251 56410 32691 59043 91449 25102 50489 69382 61502 88780 2178 84349 92408
89595 124644 107476 72035 129475 153493 172641 111958 134567 70135 110469 31308 142991 57428 44008 88296 6399 128408 29454 127699 102447 43742 128022 157310 101103 130792 107742 117390 29447 50536 108401 124335 147214 156890 136512 137970 138160 72199 117424 133654 96782 161087 148708 111270 85363 122757 170568 32658 84324 146139 73431 105974 103903 95931 75739 158632 103440 132881 31463 68728 118681 119750 121051 130287 103084 96933 41133 137606 27452 106168 152239 110701 48271 105379 150587 138880 102689 90210 130863 122883 105202 101263 0 40904 125877 132128 56112 110532 148889 123894 116952 87053 138867 56784 134670 127339 130381 116047 34984 63823 137579 62253 78570 68844 134841 123912 107131 149453 58706 87482 134604 102582 116494 209214 144551 126479 76299 60735 143640 124258 136721 105816 143386 143133 121088 70025 106751 41325 107265 71020 134795 59004 43401 67343 46514 140987 118097 50423 124602 30673 167367 88900 116972 78643 74165 148082 132563 50193 121734 139036 210361 68225 65522 187908 85589 123866 126490 212288 78305 77371 75486 103441 54523 51787 181498 68024 110264 55969 39969 55041 79647 118515 163299 120652 61503 92312 121743 60230 106939 45406 202791 71729 133878 52819 67859 117948 158010 147226 34351 132926 114299 140163 143846 53597 128038 58309 59414 171965 60767 81863 89571 65840 89595 111016 125877 56112 35403 55141 70135 117910 123194 149143 124335 134567 26827 81459 96326 135257 152239 128022 103440 147166 117390
73209 91999 86977 70537 108476 121210 139315 77828 100027 60405 75466 18416 119851 58478 34538 75435 36543 94963 23510 92519 61562 14815 87677 120076 61041 94353 72921 131354 14109 12844 88031 112099 109584 123201 113216 102205 100106 67840 84206 104697 85716 124176 135978 78675 69769 90774 161063 32262 66161 109601 70680 111660 63019 74751 40121 149659 84250 98521 24940 60015 80913 100326 84003 92607 66568 59976 27264 106320 17568 89754 121314 76324 31620 67253 118101 118529 90165 71277 108833 104345 78078 82269 40904 0 104722 113403 33322 91503 119953 83003 82966 46156 104870 43704 93823 94939 100849 95385 51346 74293 111134 62866 68832 61855 96807 92583 78479 127303 62886 76646 104168 103492 111346 178007 104935 114305 56837 58654 110163 91804 95849 100054 102537 102238 95871 61266 85455 1737 66401 35263 107189 49153 41180 53634 11223 116283 88231 13917 86272 49077 136258 89306 78733 63241 68416 129301 91661 55379 80833 105997 177951 44633 60895 160487 88297 107872 109560 182390 55373 79763 63389 65252 17740 56456 163122 76013 72262 60812 45563 50829 41799 78030 145644 83804 20882 93336 87438 60156 66403 9116 168709 55484 94081 41378 62251 96772 132234 116272 14589 94520 122228 107731 103691 61347 112131 40783 54319 150469 52441 75955 71099 46573 73209 89469 104722 33322 28135 69141 60405 101421 85942 119340 112099 100027 15171 57759 98553 98359 121314 87677 84250 108935 131354
36761 42542 18435 63914 3755 50663 67862 50019 52877 57514 54001 98431 17755 74677 81942 40334 126502 46408 97915 54657 101999 118504 92367 77873 83653 62012 53799 103698 116085 92842 17484 28012 75300 58715 12205 60281 74472 60447 45340 28523 36789 78032 39823 44109 41044 39743 66372 93219 41554 67903 61608 75266 97515 30441 124107 58007 22516 51569 95476 59274 67903 7633 63860 69432 62143 65627 85998 38978 103341 22376 44616 51301 78787 69917 49851 13829 31006 35672 5464 8518 30274 24690 125877 104722 0 11051 72893 15838 35604 104215 48676 98450 51522 69096 106211 41631 30109 9830 98954 84195 21065 71502 50741 60350 73173 37011 32954 23579 77128 43074 34586 62042 47428 92229 90358 28760 49955 69947 50880 41711 116299 45218 121144 117874 15088 58193 19474 106153 97261 74473 23838 67285 83102 58650 112890 18518 32121 112644 72498 102205 55831 61403 134900 47459 57720 25074 111195 82370 106665 47089 96452 60549 64615 65133 66627 16335 13854 92279 49644 67695 51633 127867 113439 81064 58505 79344 132430 79127 88752 72752 118851 91499 41599 62694 94786 62306 49906 71997 111507 95613 95270 54148 133271 73057 62158 8040 34943 41836 97831 75227 84318 44778 96357 83323 17575 68184 68839 46321 66178 52892 36308 60775 36761 15308 0 72893 90949 91145 57514 15495 65315 38685 28012 52877 114966 47029 64968 65927 44616 92367 22516 79548 103698
42564 53007 26446 66501 8563 57547 73122 61037 62682 62472 65034 105895 18156 78619 88571 44449 133192 56618 104964 65046 113005 127474 103190 86549 94675 72321 64849 98958 124220 101861 25386 21128 84794 65889 16220 70008 84591 63713 56218 37466 38438 86299 28820 55145 46771 50331 55322 99577 48437 77175 64295 71350 108542 38652 134395 47100 29378 61495 102455 64092 78794 13079 74659 79894 73180 76581 93202 47806 110807 26079 50930 62334 86103 80967 57232 8257 32133 42750 11647 9283 41012 31476 132128 113403 11051 0 80894 22064 41239 115196 59571 109204 60823 75659 117014 51862 39731 18323 103415 85914 27976 74949 54804 64709 83459 47500 43910 20156 80391 46343 43682 58870 42015 93049 100516 21135 57406 74095 59521 52199 127164 42415 131921 128614 26030 62896 28133 114892 108306 84367 32141 73137 88873 64849 122003 22422 43016 121959 83238 106929 60089 60791 145920 53542 61099 16085 122090 86475 117680 56155 98170 68849 68767 64032 66193 11211 7569 91894 58034 68653 56819 138778 122957 85067 49959 80804 143401 82619 93853 77866 129305 102492 32242 73500 104547 60973 60599 75817 122528 104338 98727 60805 144290 79531 66279 17461 35470 48991 105632 85653 79402 53550 106692 86679 9604 75441 73719 40273 71597 55178 43177 68252 42564 24442 11051 80894 97781 93575 62472 15007 76046 44853 21128 62682 122912 55699 62762 76026 50930 103190 29378 89209 98958
39920 68936 54687 41690 76629 97514 116816 57187 79549 28758 56382 26002 89015 33850 15828 42235 55329 72946 26683 73226 67158 48019 82935 104085 57135 77323 53620 106350 43326 24005 55714 78777 94686 101254 82397 83721 86501 37830 62035 77620 52590 107455 102694 55737 36447 66884 127751 25812 32971 92405 41140 83101 65966 42484 64904 116380 51537 77791 24674 28875 67382 67879 68617 78341 50975 45973 15158 81541 30828 56590 96131 56135 8816 55604 94657 86550 56873 38301 77395 71707 49303 49479 56112 33322 72893 80894 0 58846 92904 84210 61961 53858 83514 13701 93198 71532 74287 63267 42220 52525 82132 36731 36500 31312 83264 67904 51038 96080 39264 43729 78494 73185 78869 153104 95933 80983 23682 31733 88028 68496 98692 67662 105470 103996 65936 29947 53424 34954 68430 23424 79006 19589 22959 21128 43322 86234 61986 44385 73953 42926 111257 59574 94439 29963 37665 96928 93565 35093 83633 83316 154296 12533 31823 132397 59766 74782 76628 156285 23337 51911 30682 82364 46670 35321 130827 52190 89056 38290 31046 24908 63013 74884 113085 67988 32964 63619 66828 34232 75358 24717 147080 22256 104234 14047 32378 64857 102931 91121 24967 82046 94287 84272 97082 40873 79055 8585 26517 119131 22964 44494 38030 13252 39920 57596 72893 0 21310 51204 28758 68357 70934 93061 78777 79549 42085 26219 69068 82151 96131 82935 51537 95515 106350
21056 45911 5590 48410 19174 61549 80113 48657 58050 41704 52077 83857 33580 58852 66756 24568 111390 50575 83017 57654 96533 105702 91883 85020 78715 65034 51074 93657 102171 80165 4676 26254 80582 68936 27729 65369 77834 44757 45978 37663 22394 85980 46380 42631 25339 42731 72969 77899 26444 73961 46084 64754 92495 16920 114271 62890 7314 56433 80527 43452 67417 9229 64244 71545 58078 60062 71206 47382 88772 7687 56423 49513 64079 66264 60096 28350 17602 20701 21224 12865 24867 9422 110532 91503 15838 22064 58846 0 48510 102040 48962 90796 58132 53852 105671 46049 37534 6695 83127 68913 33939 55741 34938 44513 75937 40737 29186 39193 61388 27522 42791 51075 40300 107262 93231 28017 35344 54113 58966 45036 115175 34751 120619 117625 20220 42361 7996 93016 92802 63752 34663 51706 67521 43193 100330 33593 33824 100447 73019 86403 69206 47888 129423 31913 42016 38136 109860 66534 103950 54474 111037 46887 48783 80833 52851 17483 18342 107740 36153 52933 35844 121118 101637 65232 72023 64207 126259 63345 73000 56985 109638 89338 54242 63067 83592 49408 51609 56184 106202 82469 108749 38926 130224 57771 46331 8971 50515 52762 83568 77343 74845 52919 98430 67556 21450 53418 53032 61434 50466 37616 21167 46194 21056 7140 15838 58846 75898 75578 41704 11379 66113 50921 26254 58050 100849 33998 52845 69615 56423 91883 7314 84262 93657
66146 31037 47805 95974 34663 16955 32272 45690 32277 86408 49480 118708 24557 104418 105602 71816 148219 30923 119558 38711 97201 131728 77282 48459 79631 43922 51088 139205 133133 107153 47379 62156 49850 25398 25074 37802 53246 91788 38630 15348 70890 47164 64629 42557 70032 30847 87026 117055 68167 41803 93635 110862 92099 55864 128556 82444 52697 32190 117441 88299 56476 42853 51369 51832 60019 66039 107757 16548 123389 56118 9913 47419 100639 65195 17592 35083 65701 62766 31050 43974 43694 54490 148889 119953 35604 41239 92904 48510 0 91737 41253 99173 27802 93738 90003 28124 19108 41919 126936 116725 14696 102135 81516 90088 53466 28315 41993 29216 107832 75357 16550 97638 82581 60852 68307 62340 74026 99547 23627 30799 100642 80814 103922 100260 29941 87485 47102 121047 90576 85307 14675 93747 108872 84967 125635 18877 31722 124310 57912 129566 20715 96244 127925 75066 89040 42052 96335 111545 95188 23013 63420 80664 94459 40717 101300 50998 47750 63399 70839 101330 80558 124296 123907 110462 61545 112253 127223 109421 115773 100453 121960 80217 52555 50512 104799 97473 38748 102040 105559 111142 60239 79802 120842 97660 92178 39685 18024 9952 116965 56627 119758 19668 75431 113694 50697 90984 97197 43404 93633 85711 63745 83579 66146 43568 35604 92904 113568 122648 86408 51099 51548 4072 62156 32277 132801 67620 100404 45446 9913 77282 52697 54787 139205
99320 63843 96665 120325 106788 81013 90271 54245 59486 105115 50388 96196 108471 116934 99002 106393 119442 61861 100561 53366 22013 84511 15196 58855 27444 47847 51046 184377 95720 74530 97429 128126 49387 76961 103853 54902 41167 115362 59126 82600 114447 63533 144017 60249 99458 65868 170341 105563 93735 55259 118843 157233 19996 90430 60485 162207 98305 59563 100306 106330 36730 105798 41405 40090 44276 44196 94716 75591 98197 106627 85970 53066 91789 36077 78207 114655 114268 93860 104454 110092 77173 97862 123894 83003 104215 115196 84210 102040 91737 0 55752 37000 64292 96466 11195 65952 78752 100323 124928 135686 93900 118700 108441 109293 39632 68918 72982 116058 122388 110275 77423 144430 140486 129716 33036 129717 89300 113728 69421 64498 14593 131833 21287 19892 89167 106742 94210 82686 16707 60804 88179 101444 106816 97585 79553 101975 72231 75959 33881 124551 95886 134030 38417 97621 113830 125760 9356 119225 4211 68818 125790 81584 111814 126525 136401 117759 116800 137598 82844 130470 102816 40292 72613 119339 152542 134352 40043 121869 114630 108236 53082 12751 140460 42472 62530 137548 55581 116600 22304 79440 112006 94280 29412 97990 111206 99832 109666 82621 92057 36107 168655 72134 27491 124839 120636 90643 108583 134808 104204 117376 94687 88454 99320 95402 104215 84210 100081 135322 105115 112837 40643 88505 128126 59486 97691 81553 142800 47130 85970 15196 98305 45414 184377
53475 10228 44176 81618 51103 38487 56378 5138 17634 67773 8294 85681 53319 84541 77116 60972 115072 12049 87763 11673 56864 93188 43733 43260 38785 17726 10318 139491 96829 70206 44702 74059 35389 40310 48300 22148 30031 76560 3374 28505 66166 46101 88374 7542 55472 10887 114601 87754 50728 31255 79538 110819 51900 42196 87407 106661 47138 15930 86114 69535 19228 51044 15392 22896 18835 25128 76992 25181 89878 54978 39688 6700 70676 24213 35318 58933 64100 48016 48705 55110 25511 47429 116952 82966 48676 59571 61961 48962 41253 55752 0 57921 22030 67877 57594 13208 24289 45923 102219 101159 39224 84120 67056 72200 27635 13897 20708 61150 89302 65207 24819 97199 89110 95306 44648 75429 51397 80031 27200 10465 67625 82243 72556 69358 33588 69301 41858 83800 50868 47723 33581 70275 82628 62786 87023 47082 16558 85220 24170 103778 54024 89929 88817 56976 74213 70145 62523 89958 58443 23115 94989 51796 76067 81247 93698 63067 61715 100322 45614 90196 63155 83870 84316 89352 98570 98024 87365 89968 90559 77825 80732 43139 85257 14211 65583 92684 4875 82973 65762 74789 86098 57799 85033 71213 74439 45067 57725 34867 83041 28587 121697 25173 49514 93958 65572 63318 75992 81623 71586 74661 49081 57179 53475 41884 48676 61961 83209 104325 67773 58810 17160 39302 74059 17634 97067 42722 97275 22828 39688 43733 47138 37841 139491
80777 68138 85234 94344 101818 94270 109057 53657 70830 79779 49731 60522 108414 87707 66652 86581 82485 68889 65204 62910 15429 47897 43887 83117 21222 61438 48361 159501 58721 38836 86222 116457 72343 93395 102434 69990 62483 89868 60648 85867 96296 87701 136786 57836 79416 68525 163558 71305 73843 74915 93360 134580 17213 75375 30238 153685 85020 69920 65318 80522 46285 97301 50961 56674 39258 33821 61213 82953 62002 92932 96871 51939 59875 34378 91074 111342 98071 76156 100607 101836 68200 83818 87053 46156 98450 109204 53858 90796 99173 37000 57921 0 76242 67376 48008 71076 81583 91555 91232 106334 95668 90470 85357 83344 59509 71320 65710 116441 93111 89738 82715 123123 123832 149476 62816 118418 66682 85437 82008 68381 49717 113613 56440 56082 84969 81280 82929 45760 20718 32030 90349 73059 74712 71694 42693 102908 70719 39210 49204 90269 110186 110741 41238 75424 89000 122983 45513 88358 34683 79218 147455 55674 84826 138837 111931 108172 108365 155767 61157 104732 79238 30732 36133 88788 154321 106025 36650 92044 81941 78765 23078 34057 139201 51346 26225 114633 60741 88032 21813 43438 135718 69894 50778 67844 84869 91920 115353 92310 56260 56405 146018 81953 60060 94344 111887 61729 80182 138332 76269 94334 76652 62000 80777 85620 98450 53858 65882 104311 79779 102170 52033 97113 116457 70830 60711 61234 120112 63845 96871 43887 85020 70266 159501
68894 15086 54789 98692 52520 18062 34460 27138 5418 86020 29455 107630 48434 103548 98334 76023 137071 10599 109595 13347 71857 114696 49613 26891 55470 16543 31952 151714 118785 92151 54917 79432 23999 18331 45794 10085 25608 93831 21489 23369 78880 28062 88012 27784 71760 17873 112397 109210 67909 16387 96470 122790 66695 57247 106391 106394 58971 6481 107881 87873 30692 56642 25645 24213 39194 45869 98630 13325 111869 65426 21816 28574 92130 41968 14896 57216 75335 63965 49185 59644 40524 59979 138867 104870 51522 60823 83514 58132 27802 64292 22030 76242 0 88358 62204 13259 21442 53002 122792 119007 33965 102518 83769 90303 25669 18447 36351 54982 107956 80159 17147 109071 97625 74024 41108 80273 70496 98845 5766 15738 72844 92883 76158 72513 38420 87432 52973 105663 64745 69676 28893 90129 103396 82083 108533 41735 26066 106548 30792 124617 33965 104100 101249 74680 91277 66681 68577 109563 67885 4995 73218 72762 94432 63478 108471 67757 65363 79707 65361 106264 80829 98724 105387 108809 89305 115363 101061 108926 111154 97561 99320 53239 79271 25070 86981 106295 17434 101696 79561 96778 64069 76900 93198 91894 92545 51338 45823 18350 105044 28833 132977 8264 48015 113060 69011 84187 95267 71203 91037 90306 65062 77607 68894 51255 51522 83514 104819 123115 86020 65343 25186 24321 79432 5418 119067 62243 110297 17645 21816 49613 58971 28564 151714
33134 73339 50692 28181 72705 100597 120235 63565 84994 16729 63581 31174 86239 20570 12913 33206 57546 77796 29489 79503 80304 58480 93985 110983 69109 84493 60891 92650 51035 36524 51618 70319 102243 105295 79793 90019 94768 24652 67302 78871 43001 113971 94693 60920 29020 70863 118706 24130 27543 99048 27816 69724 78817 39263 78106 107059 46696 83164 26927 16322 76315 63080 76800 86601 60001 55914 18254 84361 35966 49998 98269 62809 12144 65710 97967 82191 48143 33426 74082 66380 50446 44524 56784 43704 69096 75659 13701 53852 93738 96466 67877 67376 88358 0 104968 75613 76067 59267 34437 39368 81536 23097 25330 18337 91645 71315 53304 92671 26035 33633 80788 60339 67717 154558 105536 72527 19830 18073 92297 72768 111032 56415 117752 116084 64912 17563 49998 45429 81103 36195 79268 5944 15237 10987 54506 84445 64555 56127 83063 36377 113204 46440 108102 22170 24879 91706 105807 23258 96161 87409 156534 16488 18266 131710 46300 68085 70427 156884 23302 38297 20401 96064 58851 23118 125399 38674 102750 25403 22797 11770 76527 86484 107313 76026 46480 50499 72712 20665 88724 36093 150575 14952 117502 3992 19079 61164 101571 93407 32004 90848 80816 87863 107361 28500 72338 5829 12834 115250 9368 32269 32799 10752 33134 54260 69096 13701 22163 39112 16729 61884 79173 94486 70319 84994 49095 26538 55892 89513 98269 93985 46696 103626 92650
105023 64397 100486 127712 108487 77685 84733 57069 57929 112518 53602 106515 108650 125253 108335 112297 130322 61642 110759 52943 33184 95657 13865 52296 36071 46459 54789 190973 106700 84957 101166 131376 43950 72659 104558 52292 37253 122672 60897 82528 119757 56812 145737 63130 105559 66818 171641 115395 99920 50809 126109 163337 30854 95418 71498 164106 102600 58353 110388 113840 38450 108554 42357 38436 49425 50700 104398 74489 108695 110844 83275 56159 101074 41577 75120 115686 119038 99466 105875 112681 80970 102378 134670 93823 106211 117014 93198 105671 90003 11195 57594 48008 62204 104968 0 66102 78977 103291 134498 143897 93903 126726 115193 116802 36579 69768 76496 115937 130674 116310 76918 150251 145010 123212 25599 132835 96288 121820 66824 65142 10640 136911 14978 12015 91135 114155 98056 93560 27428 69959 88245 109699 116018 105247 90645 102008 74107 87077 33833 134308 91754 140520 45859 104325 120978 126419 7125 127987 14603 67020 118712 89557 119573 122464 143203 120581 119304 131523 89759 137687 109790 49908 83768 128010 151435 142275 48643 130315 123947 116704 64148 18536 140432 43519 73200 143898 56470 124740 33017 89933 104408 101613 31987 106747 118796 102566 108027 80452 102432 33378 174672 70367 18841 133455 123160 99182 116759 133395 112306 123989 100360 96417 105023 98793 106211 93198 109926 144023 112518 116066 41019 86490 131376 57929 108612 88164 149034 44568 83275 13865 102600 39417 190973
55699 3032 42280 85438 43314 26357 45308 17943 12018 72797 21496 96274 42627 90386 85978 62881 125862 4777 97932 13280 69352 105707 52534 39474 51573 20462 23342 139260 108619 82108 42507 68906 34551 29788 38486 19326 32843 80573 10969 16649 66116 41095 80170 16309 58516 4751 105678 97030 54653 28014 83219 110344 64298 44045 100615 98623 46242 10386 96102 74655 29463 45726 24575 28151 32042 38275 86690 11987 100670 53085 26707 19649 80001 37089 23332 49722 62879 50726 40358 49201 27267 47122 127339 94939 41631 51862 71532 46049 28124 65952 13208 71076 13259 75613 66102 0 12886 41482 110010 105750 27964 89292 70519 77066 31598 5388 23119 50118 94748 67039 11930 96613 86091 83070 48729 69966 57417 85663 16685 3137 76548 80683 80796 77353 27268 74200 40325 95865 62980 59715 22253 77162 90742 69006 99553 36058 12935 97900 32409 111958 41385 91149 100708 61436 78021 60319 71754 96499 69044 11830 83322 60343 81209 68053 95434 57374 55382 87661 52460 93071 67579 96440 97150 95715 86828 102107 99634 95751 98401 84547 93927 53762 74561 23551 78261 93449 10820 88500 77963 86503 75547 63801 95360 79229 79306 40063 45007 21790 93937 33847 120734 12883 54831 99901 59170 71651 82158 69452 77970 77133 51823 64882 55699 39004 41631 71532 92823 109911 72797 54219 25365 26094 68906 12018 108664 49300 97579 24310 26707 52534 46242 38392 139260
51284 14937 34926 81542 31291 25364 44955 27989 22952 70430 32046 99937 29753 88431 87518 57840 129514 17389 100971 26077 81152 112651 65420 48073 63029 33038 33224 131138 114063 88045 34863 57991 45206 31868 25685 30287 44972 76978 21186 4284 59189 48650 67638 24001 54745 13406 92908 98897 51945 37805 79237 102261 76184 40061 110437 86096 39506 21805 98920 72329 42128 35275 37347 40886 42351 47952 89274 9894 104569 45076 22207 29688 82241 48453 23303 37011 55056 47068 28099 38203 25621 40864 130381 100849 30109 39731 74287 37534 19108 78752 24289 81583 21442 76067 78977 12886 0 31947 109888 102252 15165 86661 66677 74414 44045 10404 23251 37314 92295 61772 5360 88601 76374 78854 60897 58842 56684 83585 21478 14340 89432 72146 93643 90180 17379 71663 33472 101939 75090 66226 9444 76629 91294 68003 106568 23223 12623 105293 45292 112270 37172 84737 112985 58920 74292 47457 84638 95174 81775 17210 80479 62234 78729 59771 89405 46317 43960 82107 52860 88122 64782 108147 104972 94210 74371 98161 111640 93631 98504 83653 104057 66462 61714 36288 85832 86604 23258 86251 90018 92051 75024 62762 108164 79913 76595 30149 33781 17423 98076 46496 112177 15394 67264 97879 47642 72905 80722 57334 76873 72154 48126 65638 51284 31027 30109 74287 95191 107369 70430 44008 38228 18786 57991 22952 113767 49615 90282 36413 22207 65420 39506 49522 131138
27061 41694 8635 55065 13470 55340 73680 46280 53364 47892 49977 88696 27318 65263 72115 31123 116684 46146 88121 53698 96256 109329 89438 79859 78133 61127 49308 99271 106530 83685 7663 28136 75989 62898 21248 60762 73880 51344 42761 31663 28979 80587 45281 40216 31332 38598 72083 83389 31724 69091 52736 70447 92001 20784 116201 62687 12741 51833 85673 49678 64854 5754 61314 68007 56974 59670 76217 41667 93610 14201 50019 47326 69018 65034 54021 23283 23879 25844 14966 10289 23817 14905 116047 95385 9830 18323 63267 6695 41919 100323 45923 91555 53002 59267 103291 41482 31947 0 89350 75598 27301 62263 41423 50873 72186 36317 27480 33408 67928 34182 37078 56858 44671 100578 89512 29544 40177 60490 53422 40822 113055 40261 118269 115158 14604 48630 9929 96845 92053 66060 28295 57491 73304 48835 103801 26962 29962 103696 70092 92542 62592 54359 129221 37669 48596 33942 107814 72885 102468 49093 104344 51008 55178 74338 59385 17448 16927 101126 40119 59613 41984 121499 104651 71612 67739 70900 126374 69839 79036 63056 111232 87574 50381 60133 86225 55735 48061 62631 105876 86293 102146 44318 128941 63228 52743 2277 43973 46509 88170 73836 80240 47319 95020 74066 20623 58399 59198 56098 56442 44308 26479 51016 27061 6127 9830 63267 81134 82205 47892 12927 63036 44428 28136 53364 105352 37626 58976 65504 50019 89438 12741 79871 99271
62314 107765 81260 38872 102274 134729 154408 97801 119415 41458 97574 33001 116652 24983 26452 59014 39283 112232 27872 113805 105993 62507 124858 145185 98520 118563 94845 84321 48908 52974 82028 92661 136201 139636 110551 124335 128363 40241 101718 112437 65864 148272 116610 95333 58073 105259 137077 20047 58913 133302 40640 71034 105738 71247 91463 125125 76663 117589 26817 39681 109447 92038 110400 120184 93021 88183 30248 118482 34304 77464 132077 96966 33709 97824 132169 110875 72111 64568 104282 94469 84351 74539 34984 51346 98954 103415 42220 83127 126936 124928 102219 91232 122792 34437 134498 110010 109888 89350 0 28927 113969 29258 48614 38742 125168 105631 87494 122212 24723 57170 114763 67798 82623 187752 138148 94712 53208 29334 126689 107186 139139 72381 145969 144820 97393 40768 81145 52788 108573 64667 112302 33265 19678 41982 61775 115859 98726 65066 116076 4321 146848 54406 128687 52186 42649 118849 134224 17095 123867 121786 190154 50472 34650 163448 50801 93989 97001 189493 57577 42808 47373 115474 69045 18608 151299 33041 122491 22050 11661 26542 92683 116465 133087 109701 65750 57647 107069 27857 112989 49211 184714 47183 141828 31006 37138 91480 133061 127301 37130 124098 79635 122158 139253 19001 97949 38951 30168 143688 33350 49678 63685 45189 62314 85262 98954 42220 25378 20687 41458 88570 112750 127994 92661 119415 45751 60775 61464 123525 132077 124858 76663 137322 84321
50987 104127 68928 20775 86934 127600 147055 97680 116739 33391 98678 56442 101695 18799 41068 44909 68206 108997 51801 112705 119612 87448 132414 144094 108266 118728 96199 57194 75274 71781 69396 71092 136524 133840 96379 122839 130170 25295 99737 103829 47665 146416 93574 93676 47555 101168 111488 42547 51098 132087 23108 42154 118185 62274 113202 99635 64034 114886 49802 31658 112919 76652 112548 122182 97135 93929 47948 111803 59327 61829 123590 97326 46935 103656 125518 93997 53860 55321 89654 77909 78505 62241 63823 74293 84195 85914 52525 68913 116725 135686 101159 106334 119007 39368 143897 105750 102252 75598 28927 0 102506 17372 35576 28960 127259 100689 82688 105866 13333 41463 107534 40255 57210 176175 142402 72895 49999 22117 121812 103393 150270 48367 156957 155188 86913 31859 69669 75947 120460 75553 102245 34244 33424 39277 85432 102458 93155 88154 119715 33194 137386 28442 146515 44396 27961 99970 145007 18991 135480 116872 179824 54359 25201 149169 23761 75265 78702 176474 56249 17727 38213 134018 91726 18103 130302 5358 140865 14325 29072 27673 112946 125365 112441 111627 83546 30844 105689 19168 127883 69475 176654 43767 156749 38497 26720 77871 119134 119295 59784 126992 50782 116446 144956 12947 78688 45188 27139 125345 31600 31320 54239 47522 50987 73168 84195 52525 46162 9347 33391 71015 114919 118624 71092 116739 72308 58786 33716 123853 123590 132414 64034 138641 57194
52356 30102 33636 81810 20551 29797 46848 42523 36788 72955 46662 108127 14766 90859 93814 57650 137339 32272 108530 40964 96000 123742 80440 58787 77753 47640 47545 124763 123778 98523 33120 48326 57872 38029 12039 43732 58998 77772 36004 11376 56278 58369 54095 37844 56384 28423 78552 105302 55059 50016 79470 96309 91083 42734 123906 72444 38523 35961 106292 74828 57293 28186 52498 55605 56678 61855 96591 20643 112923 41499 23563 44169 89372 63207 29290 23341 51021 49432 16919 29533 33152 40418 137579 111134 21065 27976 82132 33939 14696 93900 39224 95668 33965 81536 93903 27964 15165 27301 113969 102506 0 88335 67571 76449 58408 25363 32809 22159 94038 61058 17207 83018 68366 74061 74812 48719 61706 86001 31901 29497 104409 66200 108467 104956 16640 73939 33193 112358 90092 77581 5722 81016 96465 72185 117772 8107 25009 116835 60344 116794 35300 81572 128031 61818 75015 32854 99675 98172 96938 29061 77330 69655 80820 50334 86650 36892 33838 75536 59282 86848 67045 122904 116877 97023 59350 97940 126558 95738 103037 87427 117780 81626 46601 51446 97717 82779 38420 88391 104978 102126 74859 67137 123311 85510 78482 25050 21103 21089 106755 61075 105372 26150 81463 100007 37067 79305 83967 42691 80623 71352 50352 71793 52356 29407 21065 82132 102176 108693 72955 36537 53329 17621 48326 36788 123166 56158 85718 50544 23563 80440 38523 62518 124763
36005 87530 54789 9793 74600 112006 131612 80517 100023 16498 81410 46534 89249 4940 28333 31176 65254 92348 42739 95720 103238 77031 115117 127208 91257 101606 78907 69869 66676 58135 55408 63406 119431 117897 83466 105951 112921 11240 82821 88567 36860 129659 87377 76679 32122 84646 108372 33933 34828 115186 11396 48832 101568 46636 99978 96426 49957 98167 40314 14658 95560 64249 95244 104905 79764 76608 35608 95991 50396 49394 108410 80115 32668 86318 109773 82666 43171 39625 76936 66252 62190 47971 62253 62866 71502 74949 36731 55741 102135 118700 84120 90470 102518 23097 126726 89292 86661 62263 29258 17372 88335 0 20853 12274 109985 84353 66173 94264 5703 28655 91856 41868 54257 162379 125043 65454 32786 5045 105582 86823 133292 43586 139942 138099 72194 15104 55149 64590 103723 59092 87497 17484 22389 21907 74071 89191 76913 76311 102358 33226 122616 27604 131170 27911 13867 90068 127996 12278 118624 100626 165526 37176 8092 136574 25659 65124 68262 163330 38943 17011 21894 119035 79513 10704 122169 15701 125762 7672 22454 12334 98953 108190 103981 94335 69043 31430 88714 2713 111765 56672 161529 26478 140479 23173 10068 64488 106234 103932 49041 109671 59378 100397 127586 11821 68987 28770 10302 115139 14510 20439 38588 30310 36005 58979 71502 36731 35802 20718 16498 59975 97618 103727 63406 100023 64055 41557 36276 106727 108410 115117 49957 121449 69869
15447 69064 33971 14945 53916 92029 111510 64121 81794 8802 65745 56200 68496 23966 37129 10446 80437 73983 53895 78342 96002 83643 102588 109362 81416 84778 63513 75937 76286 60501 34570 45929 102369 98287 62646 88187 96772 10318 65287 68306 18293 111448 70383 59514 12032 66025 93656 46849 16335 97424 12701 49414 93407 26728 100932 81923 29121 79954 51289 9907 80889 43597 79739 89043 66245 64524 43395 76236 60862 28878 88106 64031 37452 73702 89943 62288 24121 19833 56156 45870 43264 27162 78570 68832 50741 54804 36500 34938 81516 108441 67056 85357 83769 25330 115193 70519 66677 41423 48614 35576 67571 20853 0 9935 94060 65365 47645 73728 26536 8913 71959 37813 42529 141581 110091 48106 19233 19322 86373 68298 122883 31256 129255 126992 51593 8581 34431 70541 94983 53445 66931 20682 35275 15380 79413 68339 57781 80746 87574 52140 102090 25727 126577 10869 7615 70334 117466 31745 109044 81450 144842 29851 13980 115752 28012 45619 48500 142478 25605 23209 6156 115612 83153 30387 103217 31631 121897 28417 39289 23549 98362 96883 84983 78720 68669 29456 71349 21258 105240 60818 141212 15545 132954 28376 11495 43643 85397 83757 57294 94228 60895 80932 113488 32644 49695 28236 19220 95077 18126 9051 18741 24289 15447 38179 50741 36500 46399 41140 8802 40008 82054 83251 45929 81794 74241 27030 34884 89883 88106 102588 29121 104878 75937
24118 75342 43081 11112 63605 99751 119369 68754 87885 4462 69854 47854 78091 14435 28613 20275 70909 80180 45107 83749 95146 76563 104760 115166 81916 89779 67421 76213 68157 54804 43765 55501 107568 105623 72121 93908 101301 6574 70793 76372 27946 117545 79909 64717 20075 72435 102607 37551 22554 103153 10025 51848 93034 34427 96189 90778 38329 86029 42511 2965 84364 53330 83780 93355 68898 66254 35371 83722 52344 38723 96217 68435 30245 75819 97506 72133 33946 27426 65727 55730 49930 36271 68844 61855 60350 64709 31312 44513 90088 109293 72200 83344 90303 18337 116802 77066 74414 50873 38742 28960 76449 12274 9935 0 98426 72103 53952 83497 17880 18747 79598 42021 50124 150509 113821 57654 21214 9620 93322 74626 123861 38866 130406 128380 60168 2899 43271 63588 94934 51373 75428 12702 25767 11810 72764 77657 64649 74451 91144 42221 110502 28264 124494 15647 6563 80268 118499 22021 109515 88368 153504 28073 4373 125185 28686 55547 58436 151684 27634 21468 9632 112923 77187 20740 113125 26075 119444 19334 29378 13826 94281 98304 94889 82834 64254 32312 76734 11954 104054 54418 149324 15272 132381 20519 2247 53053 94795 91710 49396 98260 63116 88124 116667 23607 59610 22728 9435 104978 9486 14261 26405 21413 24118 47215 60350 31312 37638 32989 4462 49939 86142 91598 55501 87885 65923 29976 37756 94904 96217 104760 38329 109720 76213
80953 30692 71431 108330 74913 41466 51500 29947 21722 93965 28581 103859 73149 109873 99048 88468 131937 26843 106889 18559 51277 103871 24531 23759 38503 11162 31087 167122 110889 84976 71877 100078 12986 37420 69678 15712 3320 103222 30205 47150 93796 28248 111667 34980 82736 33662 136864 108682 77748 16167 106336 138452 46279 69790 89351 130126 74634 22447 105686 95637 16173 76844 14851 5081 32339 38017 97453 38322 107398 82311 46767 30058 92052 29600 38751 81048 91611 75437 71933 80536 53136 75007 134841 96807 73173 83459 83264 75937 53466 39632 27635 59509 25669 91645 36579 31598 44045 72186 125168 127259 58408 109985 94060 98426 0 36212 48331 80115 114897 92697 41209 124824 116232 91707 17326 101249 77264 105602 30264 31544 47217 109739 50511 46887 58524 95547 69185 97207 43597 63871 52906 94909 105521 88204 97899 66440 42248 95203 10639 126154 56264 117453 77629 83661 100997 91238 43088 114567 43505 30550 88774 75159 102058 86893 121109 88684 86849 98994 71044 117267 89763 76915 93157 114146 114971 124465 78275 115279 113647 102463 81868 30096 104554 15681 76721 120267 24351 108586 57495 90030 76370 83509 67920 94534 100634 71007 71482 43873 100516 3571 149310 33887 23241 119078 90662 86478 101184 96870 96669 101952 76485 81335 80953 68799 73173 83264 103634 129641 93965 85094 12474 49917 100078 21722 111845 68478 124894 8035 46767 24531 74634 12353 167122
50448 5531 36905 80300 38937 29612 49047 17667 17388 67874 21678 93022 39643 85572 82009 57586 122647 9851 94463 17662 70756 103846 56041 44853 52626 25056 22978 133877 106082 79739 37143 63949 39846 34009 34955 24641 37683 75469 10787 14651 60730 46413 76056 14277 53345 3071 101877 93182 49620 33396 78066 104964 65797 38803 100387 94477 40855 15718 92556 69743 32191 40724 27615 32426 32063 37842 83047 13809 97511 47724 28762 19382 76231 38049 26797 45940 57502 45545 36165 44336 22191 41740 123912 92583 37011 47500 67904 40737 28315 68918 13897 71320 18447 71315 69768 5388 10404 36317 105631 100689 25363 84353 65365 72103 36212 0 18288 47388 89848 61731 11830 91232 80854 85726 53474 65072 52769 80819 21261 4703 80088 75330 84593 81224 22328 69250 34939 93584 64744 57544 19696 72625 86506 64341 97719 33291 7620 96252 35936 107692 43815 85786 102671 56457 72894 56870 75162 91823 71814 16305 86464 56396 76283 68918 90093 52493 50640 89809 48057 87817 62571 97744 95724 91000 84691 96979 101261 90914 94062 79944 93909 56481 71636 26503 76673 88071 13373 83628 79652 83974 79389 59111 98310 75003 74337 34976 44050 23710 90855 38216 115370 16552 59354 95088 54458 67561 77434 67734 73309 71861 46641 60629 50448 33669 37011 67904 89123 105013 67874 49126 28760 27012 63949 17388 105986 44856 92193 29229 28762 56041 40855 43585 133877
33276 21449 24012 62504 36192 47294 66939 19591 34150 49678 22894 76739 43461 67303 64419 40686 106291 26348 77721 31150 69124 90937 62727 61738 50850 38070 21941 118828 91373 65797 24672 55147 55167 52238 37149 40631 50646 57581 18257 26653 45465 63814 72295 13689 35730 18487 99046 75747 31599 49841 60318 90123 64730 21744 92409 90034 26556 32309 75670 51536 38352 33103 35507 43599 29524 32675 66029 31061 81403 34585 45238 20353 59015 37555 44682 45632 43467 28021 34898 37537 4805 26746 107131 78479 32954 43910 51038 29186 41993 72982 20708 65710 36351 53304 76496 23119 23251 27480 87494 82688 32809 66173 47645 53952 48331 18288 0 51418 71632 44912 27622 76493 68825 102094 65338 56738 34499 62564 39543 20706 85997 61608 91437 88461 19368 51083 21601 79664 64656 44807 28713 54396 68534 46061 84963 38751 11252 84046 44203 89660 60323 69506 102066 38332 55072 57273 80692 73538 75035 34589 103537 39014 58090 82131 73458 44917 44267 105293 30002 70488 44489 94917 84167 72712 89118 79137 99492 72656 75970 61679 86738 60251 73530 34348 65036 72146 24333 65390 78681 69532 97274 40827 101472 57067 56194 27250 53887 40285 74973 49258 100990 34706 70014 76819 48039 49844 59146 74118 55028 54690 29113 42710 33276 22424 32954 51038 71965 86795 49678 39855 37529 42024 55147 34150 90929 26768 76654 43047 45238 62727 26556 58101 118828
60238 52246 41986 86152 20038 46064 58002 64121 58395 80859 68286 121790 8027 97687 105505 63282 150036 54370 121399 63039 117672 140735 102543 77640 99322 69550 68919 117394 139068 115125 41053 39771 78341 54437 14326 65001 80467 83078 57866 33491 58239 76371 35951 59028 64523 50459 57874 116795 65129 70318 83901 90533 112827 53819 143806 53360 46075 57735 118977 82581 79437 30175 74656 77554 77964 82693 109457 41840 126692 44885 38925 65709 102229 84862 46799 11922 52006 59244 18705 28069 50230 48252 149453 127303 23579 20156 96080 39193 29216 116058 61150 116441 54982 92671 115937 50118 37314 33408 122212 105866 22159 94264 73728 83497 80115 47388 51418 0 99804 65620 39030 78502 60723 73383 96090 39143 73433 93035 51898 51626 126475 62314 130411 126865 32198 81458 42859 128673 111967 95578 27879 90834 106653 82222 134969 14105 45966 134451 82473 125553 44096 80941 149941 71009 80402 13155 121783 105467 119088 49987 78954 83630 87690 43910 86346 31297 27673 71836 72750 88723 75024 144418 134932 104114 37881 100805 148284 101930 112190 96171 138018 103770 24495 73602 115962 81063 60556 94945 126783 118189 80884 77724 145469 96634 85213 31524 16882 38879 121047 82917 97861 46795 102942 106063 28875 91661 92187 23167 89657 74890 59887 84213 60238 38611 23579 96080 114481 113339 80859 34856 75479 33287 39771 58395 138069 69979 82678 72152 38925 102543 46075 83172 117394
41707 92939 60486 14330 80197 117630 137249 85593 105377 21981 86353 45748 94867 5466 28749 36821 62119 97734 41545 100932 106299 76648 119317 132463 94979 106707 83810 68696 65487 59289 61100 68270 124547 123464 89117 111215 117871 16727 88087 94233 42145 134980 92021 81899 37813 90084 112384 32411 40409 120438 16306 49693 104853 52293 100992 100430 55649 103520 39272 20105 100265 69841 100112 109816 84312 80894 35896 101590 49227 54963 114077 85137 34074 90653 115377 88164 48477 45285 82568 71766 67711 53668 58706 62886 77128 80391 39264 61388 107832 122388 89302 93111 107956 26035 130674 94748 92295 67928 24723 13333 94038 5703 26536 17880 114897 89848 71632 99804 0 34186 97476 44184 57989 168080 129730 70278 37906 9299 111092 92243 136968 47660 143664 141922 77893 20657 60851 64585 107129 62224 93192 20976 21727 26693 74104 94865 82438 76580 107064 28872 128306 30240 133457 33464 19422 95384 131715 8696 122158 106135 171226 41208 13590 142221 27369 70427 73618 169012 43894 18845 27512 121080 79972 7172 127240 13330 127888 2737 19751 14367 100387 112150 109086 99225 70735 33787 93937 6331 114612 57355 167192 31519 143455 25277 15710 70157 111892 109585 48656 114489 59706 105951 132089 6296 74231 31856 13976 120525 18503 25513 44254 34417 41707 64679 77128 39264 35093 15165 21981 65397 102490 109414 68270 105377 62715 46625 38185 111822 114077 119317 55649 126467 68696
11744 65917 27567 20888 46054 86930 106146 62870 78708 17567 65004 64730 60768 32287 45799 4235 89334 70865 62602 76050 99375 91454 103278 106379 83798 82848 63018 74946 84667 67646 27981 37062 100078 93624 55171 85450 95220 17459 63072 62947 9448 108134 61521 57744 10820 62770 85083 55714 16566 94602 18565 47032 96404 23178 107201 73426 22691 76903 59997 18800 80553 35695 78855 87781 66920 66081 51852 71553 69451 20792 82532 63020 45625 74753 85054 54012 15215 17296 48533 37597 40235 21036 87482 76646 43074 46343 43729 27522 75357 110275 65207 89738 80159 33633 116310 67039 61772 34182 57170 41463 61058 28655 8913 18747 92697 61731 44912 65620 34186 0 67122 34194 35327 134748 109241 39248 23156 27842 82254 65105 124520 24343 130706 128242 45716 17482 28516 78335 97695 58314 60986 29370 44182 23049 86994 61114 54117 88112 87070 60799 96054 24769 130757 14580 14788 61680 119084 40161 111206 77410 138365 35365 22562 108206 28547 36855 39831 135247 28651 26350 13301 120314 90307 38735 94386 36898 126388 36326 48123 32454 104180 98303 76150 77776 74931 27778 69172 29475 108814 68363 135446 21649 135878 36910 20085 36449 77970 78417 65626 93201 58405 76567 113152 40444 40884 35864 28110 86588 26971 10413 16279 30820 11744 31797 43074 43729 55114 48082 17567 31421 81095 77392 37062 78708 82715 29116 32762 87881 82532 103278 22691 102943 74946
56585 14683 40273 86840 35417 20157 39821 29153 19587 75576 32988 103957 31940 93551 92040 63181 133573 15570 105160 24113 81280 115602 63599 43300 63453 30523 34545 136331 117561 91332 40198 62585 41139 26510 28768 26628 41802 82250 22102 6223 64529 43653 70992 26106 60004 14297 95741 103366 57091 33496 84539 107474 76228 45301 112016 89410 44864 18766 103162 77473 41211 40155 36224 38523 43509 49490 93558 4594 108531 50363 17640 30882 86593 48932 17987 40202 60343 52300 32050 42862 30413 46223 134604 104168 34586 43682 78494 42791 16550 77423 24819 82715 17147 80788 76918 11930 5360 37078 114763 107534 17207 91856 71959 79598 41209 11830 27622 39030 97476 67122 0 93832 81316 74645 57643 63339 61563 88715 16420 14358 87473 77325 91385 87848 22586 76830 38831 105202 74899 69246 11839 81527 96025 72958 109483 25233 16508 108053 43626 117072 32763 90086 112584 64061 79573 50058 82836 100219 80631 12521 75916 66609 83900 57089 94761 50899 48376 78330 57516 93472 69967 108366 107549 99279 75145 103471 111557 98777 103328 88620 105448 65412 63522 35253 88486 91934 22746 91404 89885 95480 70002 67709 106786 84598 81788 35213 33078 12663 101958 43920 117316 10289 64259 103016 51976 77457 85765 57616 81860 77500 53365 70272 56585 36351 34586 78494 99538 112571 75576 48909 36787 15220 62585 19587 117377 54271 95581 33337 17640 63599 44864 45641 136331
45230 96097 54341 33083 63370 112079 129866 95530 108618 44482 98076 88130 76881 46762 69287 38038 106245 100937 84540 107250 133359 118036 137050 135919 117987 114410 96302 42652 108404 96824 54164 38995 130874 119745 73408 115789 127093 35733 94674 88521 31040 137013 57042 89991 45010 92881 71815 75801 50760 124627 32812 13731 130506 55366 138079 60144 50484 106922 82074 44317 113779 54856 111635 120078 100826 100235 76448 98426 92162 43650 106433 95895 72051 108766 110859 66971 33748 50790 66856 53798 71689 49889 102582 103492 62042 58870 73185 51075 97638 144430 97199 123123 109071 60339 150251 96613 88601 56858 67798 40255 83018 41868 37813 42021 124824 91232 76493 78502 44184 34194 93832 0 19516 151834 141785 40061 56573 45268 110041 95235 158624 16825 164752 162220 71246 43241 56305 105229 131855 91254 84943 54566 64165 52432 114538 79981 83907 116368 120107 72110 117798 14311 164316 47829 35546 69202 153188 52875 145395 105529 157038 67658 42597 122184 17000 47768 51371 150201 62540 25338 43963 153425 119179 51328 95106 35262 159695 46883 63855 52966 135874 132377 78337 110511 105969 10447 100676 44415 142720 96355 157068 53352 170016 62182 41338 58870 94340 103220 90309 125691 24552 103991 146167 48985 49648 64619 49215 93825 51186 28985 49892 61874 45230 57822 62042 73185 77446 49601 44482 46559 113778 100608 38995 108618 105851 63251 6567 119269 106433 137050 50484 134222 42652
43055 86125 44938 44507 47927 98082 114781 88413 98017 50988 91553 97978 60153 59128 78736 37695 119466 90704 95113 97944 132195 126152 131362 124429 115431 105331 90228 56945 118276 102855 44414 21025 120631 106137 57642 105401 118131 45120 86203 75521 27583 124968 37587 82488 44685 82967 54529 87109 50074 113761 43296 29943 128737 50150 142480 42598 42419 96464 92534 51547 107156 41167 104267 111808 96214 96923 85437 85851 102441 34243 91912 89104 79861 104409 97264 49708 26299 47849 51553 38909 64185 42667 116494 111346 47428 42015 78869 40300 82581 140486 89110 123832 97625 67717 145010 86091 76374 44671 82623 57210 68366 54257 42529 50124 116232 80854 68825 60723 57989 35327 81316 19516 0 134037 133517 21598 58106 56314 97735 85250 154133 11302 159859 157018 59208 50248 47283 113059 129586 93077 71199 62603 75187 57850 121938 64131 74103 123220 113003 86830 102022 28808 164375 49810 43775 50486 148743 66330 141991 93583 139663 70605 52250 103875 33543 31588 34928 131886 62897 40188 48189 154554 125527 64733 75599 51914 160383 60712 76677 63241 139298 127970 58863 103098 110231 26543 91894 56391 141810 103333 140730 56960 167673 70454 50298 46287 77116 89263 99447 117593 37387 91604 138624 63653 32434 70739 58977 74654 59570 35886 47265 66120 43055 47440 47428 78869 87686 66397 50988 32412 106210 85908 21025 98017 116044 62601 25366 109884 91912 131362 42419 124437 56945
126416 86009 107610 155613 89867 56841 40460 100414 79284 146979 103235 178597 75403 164914 166287 131527 208217 83258 179782 87225 142894 188490 114720 70995 128322 88040 105571 190392 191674 165178 107031 113143 80413 56155 80038 79490 89387 151724 93835 75750 129014 66414 103839 99356 130440 87310 114833 177703 128900 75553 153278 163901 137830 116567 179713 116524 112471 80505 177757 148858 103195 99856 98554 93415 113205 119862 168123 71917 183153 114450 57052 102005 161094 115657 59992 84880 123193 123387 86830 99378 104293 114420 209214 178007 92229 93049 153104 107262 60852 129716 95306 149476 74024 154558 123212 83070 78854 100578 187752 176175 74061 162379 141581 150509 91707 85726 102094 73383 168080 134748 74645 151834 134037 0 97614 112439 134874 160052 68404 86206 132760 135464 133072 129403 90451 147987 107251 178921 135268 142767 75453 154591 169713 145800 182325 73780 91136 180460 100987 190413 41929 153316 168117 135747 148967 84074 130337 172181 133858 72194 9064 141087 154881 31177 158632 104244 100606 10099 131544 159915 141082 168533 179387 171054 75819 171441 169479 169798 176621 161242 172442 121695 82180 98243 160845 153829 91134 162452 149134 169555 23467 140646 154804 158466 152543 98306 57723 62097 176544 95216 170939 70291 104553 174067 102188 151663 157905 64045 154422 144871 124334 144314 126416 103405 92229 153104 174045 182651 146979 106687 97446 60155 113143 79284 191664 128310 155805 85978 57052 114720 112471 84313 190392
97511 47969 88670 124048 91993 54218 59363 46390 38080 109367 44364 114285 89442 124557 111744 105028 141063 43953 117802 35855 50996 109941 19550 26721 43977 28429 46585 183930 118749 94042 89135 117385 19255 48261 86357 31117 15929 118922 47378 63741 110744 31213 128507 51795 99053 50970 153362 120625 93879 26930 122135 155364 46766 86557 90737 146956 91774 39099 116884 110964 29483 94150 30405 21761 45552 49967 109330 54321 117365 99531 60449 46230 104559 40363 52010 97776 108743 91945 88936 97809 70136 92075 144551 104935 90358 100516 95933 93231 68307 33036 44648 62816 41108 105536 25599 48729 60897 89512 138148 142402 74812 125043 110091 113821 17326 53474 65338 96090 129730 109241 57643 141785 133517 97614 0 118539 92609 120484 44681 48828 35431 126884 36936 33170 75800 110978 86400 105074 43417 74674 69463 109281 118690 103143 104278 82726 59573 101159 22688 138759 67258 134007 70948 99495 116810 107651 32724 128725 37247 46103 93206 89128 117259 97819 137490 105965 104080 105943 86216 133277 105498 73230 98525 128431 129707 139893 73034 129909 126837 116753 83149 28993 120354 31469 84167 136932 41623 123474 54532 99174 79113 98684 57390 108117 115993 88325 86093 58408 110616 16094 166307 49322 7410 133550 107882 100104 115847 111432 111305 118231 92971 95616 97511 86096 90358 95933 115368 144185 109367 102418 28146 64490 117385 38080 120105 83875 141660 24495 60449 19550 91774 14364 183930
41198 70570 33586 55952 28251 78474 94253 75805 81472 56815 79452 103700 39013 69862 84966 39333 128521 74727 101777 82691 124533 128968 118982 106605 106730 90111 78671 78318 123345 104074 32693 2212 103985 86747 37274 88895 102747 54626 72232 57243 29815 106659 22277 69739 44537 67592 46858 94953 48446 96647 54086 51498 120512 43200 140676 35853 33402 80098 99177 58013 94398 24450 90820 97242 85986 88079 90775 67700 108486 25751 71967 76818 84230 94140 77995 28366 24388 44052 31845 20767 52677 34707 126479 114305 28760 21135 80983 28017 62340 129717 75429 118418 80273 72527 132835 69966 58842 29544 94712 72895 48719 65454 48106 57654 101249 65072 56738 39143 70278 39248 63339 40061 21598 112439 118539 0 57697 65983 79583 69712 142573 25188 147812 144701 42745 56684 36012 115933 120807 90075 52328 68581 83348 61628 124048 43555 59255 124669 99589 98641 81140 45308 157400 51154 52442 29142 137315 77671 131752 75847 118096 70379 61005 82343 50671 12593 14998 110364 60596 55168 52169 148897 126338 76125 57410 67558 154148 72825 86732 71479 136476 116979 39606 89639 109185 44424 77376 66976 134206 105593 119464 58946 158119 75989 58634 30387 55644 69808 104304 103071 58764 73499 124268 76463 11667 73946 67089 53941 66215 45054 43953 67733 41198 34337 28760 80983 94304 81485 56815 16888 92501 65898 2212 81472 121552 59207 44960 94255 71967 118982 33402 108159 78318
16501 55415 31542 31646 53641 81573 101266 47731 67656 16759 48683 48557 66753 33194 32305 20412 76631 60116 47968 63032 76865 71379 83934 94583 62202 68827 46225 95113 66919 46382 32529 55508 86659 86736 60238 73347 80170 26538 50234 59304 30698 97172 79165 44009 13615 52691 104552 43754 9325 82558 29906 68574 74196 19662 84481 93367 28034 65801 45546 18382 63158 44481 62583 72189 47829 45590 36043 65335 53472 32929 78879 47337 28841 54974 79068 63390 34057 14674 54750 48169 31157 25930 76299 56837 49955 57406 23682 35344 74026 89300 51397 66682 70496 19830 96288 57417 56684 40177 53208 49999 61706 32786 19233 21214 77264 52769 34499 73433 37906 23156 61563 56573 58106 134874 92609 57697 0 28636 73993 54761 103781 47381 110203 108014 45083 18370 30579 58426 75750 35159 59500 19966 34854 11589 66365 64715 45656 66985 69935 55624 93704 44956 107801 8753 24707 73480 98374 39082 89840 69048 137032 12786 24802 111894 47104 51103 52960 137082 6543 41422 13523 97194 68752 38312 107365 47289 103320 38613 41840 27180 81192 77890 89522 61647 52342 48647 56045 31577 86170 47990 131541 6427 113746 23807 23398 41935 81800 74094 48230 77055 80058 69199 95519 42666 55375 18231 24781 96270 20553 28266 14355 10861 16501 34837 49955 23682 41090 52945 16759 44676 64949 74899 55508 67656 65529 8786 54041 73947 78879 83934 28034 88667 95113
33710 83804 52690 12242 73180 108870 128527 76299 96190 13173 77055 42863 87694 4871 24163 29758 63302 88575 39373 91669 98195 72992 110297 123214 86289 97415 74515 74742 63154 53448 53380 63876 115257 114550 81738 101972 108574 11464 78849 85669 36674 125765 88119 72643 29618 80981 109924 30924 31642 111189 13052 53039 96537 43758 95288 98010 47947 94333 36869 11273 91011 62885 90822 100521 75110 71817 31412 92761 46946 48200 105505 75839 27989 81552 106555 81610 42861 36796 75332 65190 58742 45884 60735 58654 69947 74095 31733 54113 99547 113728 80031 85437 98845 18073 121820 85663 83585 60490 29334 22117 86001 5045 19322 9620 105602 80819 62564 93035 9299 27842 88715 45268 56314 160052 120484 65983 28636 0 102077 83118 128320 45340 134979 133160 69658 12069 52844 60386 98705 54048 84877 12441 19062 17398 69823 87275 73463 71946 97810 32974 119894 30960 126167 24666 13545 89520 123032 12433 113625 97119 162967 32265 5345 134805 29643 64683 67672 161286 34594 21145 18990 114070 75058 11122 122108 20732 120783 10097 20798 7826 94133 103285 103879 89932 64176 34920 84680 2991 106721 52172 158575 22235 135435 18333 7827 62673 104415 100939 45110 105208 63786 97015 122912 14306 68673 23727 5259 114366 9526 21128 35805 25414 33710 56813 69947 31733 32191 24323 13173 59236 93200 100981 63876 96190 60646 37336 39998 102529 105505 110297 47947 117168 74742
71251 19106 56085 101318 51472 12309 29195 32337 11182 89114 34896 112466 45846 106833 102612 78189 141980 15293 114292 19107 77528 120187 54573 27048 61228 21968 37317 152604 124027 97406 56104 78892 26447 13250 43928 14585 29755 96548 26262 22357 80340 27233 85904 32372 74341 21434 109663 113614 70805 18420 99060 123715 72365 59679 112153 104164 60493 12171 112519 90987 36396 56574 31373 29362 44804 51458 103176 11914 116772 66451 16556 33845 96561 47725 9168 55226 76424 66542 47995 59225 43393 61675 143640 110163 50880 59521 88028 58966 23627 69421 27200 82008 5766 92297 66824 16685 21478 53422 126689 121812 31901 105582 86373 93322 30264 21261 39543 51898 111092 82254 16420 110041 97735 68404 44681 79583 73993 102077 0 19596 77455 93620 80481 76793 38856 90478 54448 110987 70365 74923 27387 93797 107426 85574 114022 39254 28678 112088 36209 128643 28203 105779 106656 77675 93942 64064 73347 113063 73094 4958 67807 76985 97520 57858 110309 67214 64591 73977 69128 108521 83765 104345 110983 112251 85104 118003 106587 112173 115084 101153 105086 58621 75885 30819 92495 107792 22800 104881 85137 101976 59154 80351 98117 95914 95552 51597 41491 13762 109979 33596 133656 6132 51813 116349 68119 88321 98686 66882 94542 92527 67633 81567 71251 52324 50880 88028 109335 126256 89114 65329 30840 19852 78892 11182 124244 65957 111596 22381 16556 54573 60493 31311 152604
53650 876 40999 83185 43636 29491 48383 14993 13604 70324 18686 93174 43977 87815 83017 60919 122755 5767 94861 12986 67079 102602 51447 41274 49140 20400 20405 137852 105482 78973 41296 68565 35657 32774 39479 20566 33082 78279 7951 18403 64554 43159 80735 13173 56332 2359 106501 94035 52305 29565 80986 108961 62062 42002 97799 99161 44766 11812 93044 72171 27816 45332 23116 27724 29231 35365 83652 14947 97560 51873 29778 16713 76992 34596 26457 50544 61558 48566 40845 48992 25052 45525 124258 91804 41711 52199 68496 45036 30799 64498 10465 68381 15738 72768 65142 3137 14340 40822 107186 103393 29497 86823 68298 74626 31544 4703 20706 51626 92243 65105 14358 95235 85250 86206 48828 69712 54761 83118 19596 0 75494 79490 79944 76562 26980 71749 38944 92733 60863 56584 23780 74427 87867 66348 96450 37523 11330 94815 31321 109088 44506 89388 98705 59024 75757 61387 70602 93833 67469 14821 86451 57389 78733 70958 93578 57141 55322 90770 49682 90997 65190 94138 94094 93073 88678 99832 97473 93195 95564 81843 91165 52146 75972 22030 75180 91783 8931 85975 75821 83366 78590 61163 93906 76356 76870 39542 47339 24830 90820 33516 119469 16011 54663 97325 59144 68734 79530 71492 75305 75104 49663 62026 53650 37926 41711 68496 89794 107398 70324 53676 24164 28954 68565 13604 105528 46545 96014 24683 29778 51447 44766 39228 137852
113440 74766 109901 134882 118661 88251 94787 66775 68551 119671 63144 109830 119141 131513 113353 120591 132018 72137 114319 63447 34292 96044 24048 62111 42037 57054 64118 198810 108056 88097 110618 141062 54228 83082 114956 62929 47841 129908 70961 93034 128429 66515 155934 72839 113715 77109 181953 119628 108014 61270 133385 171524 33524 104246 69382 174264 111797 68953 114178 120897 48402 118401 52549 49033 58033 58474 108896 85097 111591 120089 93891 65760 106167 49935 85712 126027 128012 107938 116118 122590 90361 111466 136721 95849 116299 127164 98692 115175 100642 14593 67625 49717 72844 111032 10640 76548 89432 113055 139139 150270 104409 133292 122883 123861 47217 80088 85997 126475 136968 124520 87473 158624 154133 132760 35431 142573 103781 128320 77455 75494 0 145730 6832 6770 101211 121299 107456 95398 30569 75271 98737 116030 121210 112164 91472 112516 84178 87740 44180 138645 102175 148421 38462 112045 128352 136841 5436 133739 15304 77657 127951 96176 126402 132865 150866 130418 129249 141261 97304 145007 117302 44921 84136 133871 162065 148945 42343 136434 128973 122802 62420 26270 150968 53695 75788 151904 66744 131190 31044 92897 113351 108822 22044 112515 125782 112414 118666 91090 105632 44016 182923 81004 28253 139379 133101 105207 123173 144033 118796 131791 108790 103046 113440 108387 116299 98692 114146 149842 119671 125746 51333 97130 141062 68551 110211 95940 157125 55208 93891 24048 111797 49570 198810
33082 80360 38500 33794 46584 95340 113047 81026 92700 39687 83883 86718 60278 48387 67477 27072 108614 85123 83911 91812 122533 114858 123433 119770 106189 99088 82335 59010 107001 91661 38198 23692 115136 103069 56634 99965 111854 34028 79536 71901 17531 120704 45207 75271 34207 77153 64790 76007 39781 108657 32412 30219 119262 41501 131534 52841 35111 91048 81325 40250 99598 38052 97075 105123 87696 87888 74149 81917 91204 27618 89636 81555 68559 95819 94175 50607 18144 38235 50052 36993 56840 34885 105816 100054 45218 42415 67662 34751 80814 131833 82243 113613 92883 56415 136911 80683 72146 40261 72381 48367 66200 43586 31256 38866 109739 75330 61608 62314 47660 24343 77325 16825 11302 135464 126884 25188 47381 45340 93620 79490 145730 0 151635 148924 54767 38949 40634 101769 120283 82499 68201 51310 64088 46603 110668 63205 68176 111983 105704 76523 100986 20242 154406 38913 32570 53870 140311 55788 133130 89191 140490 59708 41115 106174 25540 31228 34861 134143 52482 30785 36984 144286 114331 54195 82247 43010 150237 50350 65892 52104 128511 119476 64687 95925 99257 19252 85430 45595 132089 92072 140291 45882 158470 59159 39104 42214 77834 86476 88155 110830 40094 87538 131614 53542 33472 59484 47807 78996 48294 24660 37530 55015 33082 41693 45218 67662 76468 57282 39687 29737 99130 83797 23692 92700 104789 52451 20366 103835 89636 123433 35111 118664 59010
119534 79184 115414 141405 123385 90809 96010 72038 72148 126192 68543 116633 123230 138212 120168 126742 138633 76267 121134 67569 41012 102450 28839 63141 48693 60862 69674 205153 114634 94897 116103 146351 56144 85160 119281 66121 50726 136412 75851 97103 134407 67342 160615 78101 119918 81668 186432 126460 114238 63574 139880 177733 40350 110134 75174 179001 117465 72697 121003 127442 53427 123531 57284 52868 63992 64762 115727 88760 118363 125727 96734 71113 112977 55987 88418 130465 133825 114005 120736 127652 95886 117204 143386 102537 121144 131921 105470 120619 103922 21287 72556 56440 76158 117752 14978 80796 93643 118269 145969 156957 108467 139942 129255 130406 50511 84593 91437 130411 143664 130706 91385 164752 159859 133072 36936 147812 110203 134979 80481 79944 6832 151635 0 3767 106075 127823 112980 102062 37401 82054 102842 122713 128017 118736 97974 116560 89054 94217 48691 145477 104186 154732 41821 118403 134819 141100 11950 140502 22133 81060 127868 102799 132998 134753 157257 135558 134270 141834 103707 151495 123726 49719 90559 140623 165458 155580 46418 143155 135790 129521 68375 32415 154896 58451 82555 158178 71340 137859 37241 99683 112959 115324 22967 119271 132345 117543 121912 94215 112429 47533 189108 84393 29533 146125 138126 111929 129845 147313 125454 138130 114876 109672 119534 113755 121144 105470 120978 156602 126192 131039 55884 100292 146351 72148 116826 102270 163368 58546 96734 28839 117465 51297 205153
116991 75793 112461 139338 120069 87071 92256 68992 68556 124130 65574 115920 119721 136481 118870 124246 138496 72795 120342 64103 40692 102695 25746 59390 46978 57327 66793 202832 114579 94211 113133 143265 52381 81398 115838 62464 47041 134321 72632 93601 131760 63606 157272 75046 117477 78320 183018 125441 111822 59826 137774 175274 39562 107429 76150 175674 114605 69135 120131 125416 50306 120378 54033 49351 61398 62469 114607 85171 117794 122844 93020 68114 111648 53490 84693 127051 131053 111441 117384 124468 92955 114390 143133 102238 117874 128614 103996 117625 100260 19892 69358 56082 72513 116084 12015 77353 90180 115158 144820 155188 104956 138099 126992 128380 46887 81224 88461 126865 141922 128242 87848 162220 157018 129403 33170 144701 108014 133160 76793 76562 6770 148924 3767 0 102820 125765 110035 101824 36442 80619 99346 120952 126664 116760 98063 113043 85816 94351 45380 144435 100421 152387 44307 116128 132676 137632 10668 138955 21428 77427 124254 100927 131058 130986 155004 132405 131066 138136 101498 149373 121530 51454 90781 139037 161802 153702 48569 141476 134500 127846 69189 30124 151342 55206 82025 155791 68016 136058 37795 99064 109394 113241 26197 117709 130346 114393 118241 90534 111750 43957 186623 80756 25766 144518 134922 110273 128056 143643 123636 135825 112329 107798 116991 110724 117874 103996 119959 155036 124130 127961 52569 96615 143265 68556 116694 99975 160949 54919 93020 25746 114605 47531 202832
36206 27834 18223 66142 17679 41530 60482 35037 38981 56547 39071 91931 24343 74526 77247 42033 120980 32011 92159 39965 87598 108960 77287 65262 69191 47377 39027 113763 108142 83465 17973 41645 61603 48755 17876 46405 60003 61881 30253 17520 42225 65992 54850 29209 40101 24901 81267 88732 38484 54577 63806 84893 83000 26147 111747 73086 23045 37516 89883 58432 52815 18461 48793 54613 47617 51576 80195 27180 96764 27836 36827 36372 72955 55205 39948 26497 37804 32937 15790 22012 18081 24705 121088 95871 15088 26030 65936 20220 29941 89167 33588 84969 38420 64912 91135 27268 17379 14604 97393 86913 16640 72194 51593 60168 58524 22328 19368 32198 77893 45716 22586 71246 59208 90451 75800 42745 45083 69658 38856 26980 101211 54767 106075 102820 0 57590 17246 97173 82596 63440 15342 64388 79825 55559 103110 20435 17034 102456 57457 100181 50503 67821 120392 45300 59138 38115 96107 81735 91664 34491 93341 53412 64541 66850 72633 30165 28392 92152 42865 71936 50670 113816 102829 80620 69773 82541 118149 79497 86415 70855 106106 76464 54233 47624 83808 69518 34919 72122 97018 86790 89760 50499 118278 68890 62247 12929 37011 32844 90731 60431 94803 32771 81612 83770 32232 62784 67460 55139 64043 56122 33888 55259 36206 14081 15088 65936 85699 92715 56547 27028 50283 31713 41645 38981 107381 39798 73053 51521 36827 77287 23045 65608 113763
21703 72463 40701 13583 61506 96987 116618 65862 84997 1639 66979 47921 75907 16936 28746 18480 71857 77296 45448 80850 92863 76035 102045 112269 79397 86882 64554 78428 68123 53708 41418 54508 104669 102811 69865 91011 98417 8687 67895 73672 26872 114653 78960 61818 17566 69562 102091 38278 19752 100255 12203 53559 90663 31734 94839 90318 36005 83141 42842 1341 81529 51285 80912 90478 66116 63560 35232 80934 52519 36837 93514 65549 29672 73093 94721 70198 32670 24752 63536 53835 47086 33915 70025 61266 58193 62896 29947 42361 87485 106742 69301 81280 87432 17563 114155 74200 71663 48630 40768 31859 73939 15104 8581 2899 95547 69250 51083 81458 20657 17482 76830 43241 50248 147987 110978 56684 18370 12069 90478 71749 121299 38949 127823 125765 57590 0 40799 62991 92510 49264 72816 12386 26699 9586 72053 75315 61810 73605 88305 44110 107854 29805 122476 12812 7810 78580 115927 24307 107019 85523 150905 25783 7070 122878 30651 54000 56790 149263 24823 23810 6929 111036 76223 23103 111640 28933 117506 21993 30970 15066 92737 95672 93412 79963 62766 33816 73835 14602 101839 53581 146609 12550 130068 20217 5144 50786 92481 88982 49219 95396 64906 85303 113863 26258 58117 21394 10828 103135 9597 14724 23750 19280 21703 44798 58193 29947 37951 35799 1639 48249 83273 88944 54508 84997 65992 27116 39298 92007 93514 102045 36005 106828 78428
19165 39809 2457 48901 23206 58460 77630 41183 52320 39869 44462 78975 36243 57694 62752 24788 107204 44634 78542 51178 88538 99409 84311 79722 70725 58465 43339 98942 96648 73771 3326 34235 74598 65328 29809 59487 71243 44688 39023 34447 25924 81020 54003 35221 23233 36594 80697 74117 22587 68334 46564 70035 84500 10975 106823 70773 6048 50618 76125 41726 59950 15143 56984 64649 50158 52068 66599 43338 83884 13131 54025 41947 59373 58356 56665 33155 22618 16727 24170 19505 17098 7480 106751 85455 19474 28133 53424 7996 47102 94210 41858 82929 52973 49998 98056 40325 33472 9929 81145 69669 33193 55149 34431 43271 69185 34939 21601 42859 60851 28516 38831 56305 47283 107251 86400 36012 30579 52844 54448 38944 107456 40634 112980 110035 17246 40799 0 86916 84818 56467 32576 48655 64389 39875 93897 34755 27614 93827 65725 84148 67726 51338 121434 29003 41939 43866 102120 65082 96064 49737 110413 41114 47640 82325 55943 25244 25671 108476 30215 54810 33938 113188 94837 63900 77667 65299 118295 62547 70491 54650 102042 81531 60285 55814 76520 53370 44844 55205 98207 76363 107005 35122 122293 53982 45292 11435 51965 49907 78358 70404 80533 48574 91368 66815 29037 48804 51013 65772 47910 38928 17524 41356 19165 4265 19474 53424 71654 75571 39869 19327 58931 48959 34235 52320 95502 27697 57325 63201 54025 84311 6048 78050 98942
74819 92914 88458 72274 109907 122105 140118 78663 100783 62125 76233 19934 121195 60194 36266 77099 36762 95814 24999 93233 61133 13119 87653 120548 61131 94943 73710 133027 13714 13896 89513 113729 110021 123994 114563 102850 100500 69577 85096 105811 87390 124680 137579 79623 71400 91736 162704 33835 67750 110159 72417 113389 62725 76240 38721 151313 85772 99294 26501 61742 81373 101814 84545 93059 67211 60590 28992 107299 18819 91331 122294 77142 33350 67694 118986 119966 91813 72835 110230 105851 79338 83800 41325 1737 106153 114892 34954 93016 121047 82686 83800 45760 105663 45429 93560 95865 101939 96845 52788 75947 112358 64590 70541 63588 97207 93584 79664 128673 64585 78335 105202 105229 113059 178921 105074 115933 58426 60386 110987 92733 95398 101769 102062 101824 97173 62991 86916 0 66132 36154 108367 50886 42872 55330 9520 117574 89328 12343 86647 50446 137211 91043 77665 64891 70149 130772 91273 57047 80442 106860 178789 46166 62633 161615 90029 109434 111099 183377 56873 81493 65084 64159 16257 58133 164577 77699 71159 62500 47174 52561 40609 77966 147130 84368 20916 95073 88237 61881 65754 10555 169434 57141 93255 43114 63987 98215 133461 117257 16198 94873 123949 108634 103709 63003 113690 42471 56056 151839 54176 77683 72668 48207 74819 90914 106153 34954 29784 70728 62125 102980 86457 120388 113729 100783 15129 59224 100289 98894 122294 87653 85772 109295 133027
87297 60382 87260 106036 100214 82582 94939 47963 59445 90907 43808 79508 104079 101663 82863 94020 102894 59675 83904 52093 7766 68592 23956 66163 14174 48504 43579 170729 79301 57828 88126 119053 55663 80139 98780 56728 46115 101191 54114 79244 102758 70871 136905 53477 86915 61699 163600 89068 81157 59720 104701 144253 3528 79518 47329 154688 88208 59002 83692 91988 34221 97729 39349 42044 35155 32836 78329 74031 81490 96503 86424 46457 75710 27393 79514 108908 103295 82048 98326 102186 68287 87467 107265 66401 97261 108306 68430 92802 90576 16707 50868 20718 64745 81103 27428 62980 75090 92053 108573 120460 90092 103723 94983 94934 43597 64744 64656 111967 107129 97695 74899 131855 129586 135268 43417 120807 75750 98705 70365 60863 30569 120283 37401 36442 82596 92510 84818 66132 0 45033 84439 86310 90762 83134 63410 97929 66369 59923 34568 108081 98248 120706 37978 84328 99856 120381 25777 103522 15299 68602 132341 66922 97160 128217 122696 109410 108911 142361 69478 116320 89138 33981 56781 103719 149434 119421 36666 106455 98469 92851 39738 14515 135893 40126 45845 124374 52160 101514 14991 62732 119599 80247 38210 82365 96744 91905 107947 82395 75359 40138 155729 71716 39869 109255 112663 75277 93496 132355 89218 104014 82771 73734 87297 86631 97261 68430 83585 119634 90907 103988 39564 87860 119053 59445 81189 68605 129734 49554 86424 23956 88208 52771 170729
50317 56761 58478 62417 78144 85955 104095 42587 64916 47754 40368 39995 87780 56761 38385 55446 68380 59705 43206 57553 44147 46426 60258 86339 33902 59987 37765 127577 49111 22483 59535 87987 76194 88000 81261 67505 67187 57874 48948 70218 65515 90197 110072 43495 48393 55621 136457 46161 43083 75342 61374 102566 42649 47118 50626 125879 57117 63369 42215 48527 47699 71568 50057 59273 32142 25914 34915 71204 43568 64329 86195 41106 31117 34627 82841 88177 68029 46320 77813 75971 45363 55542 71020 35263 74473 84367 23424 63752 85307 60804 47723 32030 69676 36195 69959 59715 66226 66060 64667 75553 77581 59092 53445 51373 63871 57544 44807 95578 62224 58314 69246 91254 93077 142767 74674 90075 35159 54048 74923 56584 75271 82499 82054 80619 63440 49264 56467 36154 45033 0 73199 41608 46072 39679 40353 83467 53695 39258 53772 64749 101074 78725 73258 43812 56972 99544 70158 58502 60214 70735 142695 23662 53035 125996 79913 81159 82032 147278 30238 72806 47304 62176 39404 58687 132697 74770 68460 61464 53989 47892 46532 51807 116070 49694 20390 82630 52245 56775 52778 27133 133634 37930 81393 37333 52955 66977 98603 81168 36671 62083 113996 72481 75051 64223 85198 30395 48798 118578 44680 62378 46620 29988 50317 59934 74473 23424 40810 74613 47754 74815 52181 84461 87987 64916 49432 31021 88114 64322 86195 60258 57117 76215 127577
51530 24381 33427 81477 24122 27140 45456 37007 31387 71734 41126 104938 20405 89747 91283 57351 134324 26603 105571 35302 90406 119519 74753 54429 72200 42059 42104 127084 120055 94491 33078 51741 52887 34979 16930 38467 53597 77222 30393 5758 57019 54337 59158 32520 55383 22747 83967 102759 53498 45143 79140 98414 85469 41190 118821 77573 38295 30474 103397 73626 51572 30259 46777 49998 51248 56572 93696 15698 109682 42346 21761 38672 86525 57638 26087 28365 52160 48092 20614 32328 29714 40015 134795 107189 23838 32141 79006 34663 14675 88179 33581 90349 28893 79268 88245 22253 9444 28295 112302 102245 5722 87497 66931 75428 52906 19696 28713 27879 93192 60986 11839 84943 71199 75453 69463 52328 59500 84877 27387 23780 98737 68201 102842 99346 15342 72816 32576 108367 84439 73199 0 79143 94354 70348 113503 13806 19938 112443 54646 114967 35161 82551 122363 60392 74480 38340 93984 96870 91216 24102 78091 66632 79798 53507 87489 40115 37333 77643 56557 87120 65889 117347 112354 95787 64995 97847 120940 94762 101178 85803 112601 75904 52308 45724 93182 84018 32701 87379 99343 98244 74460 65201 117591 83209 77526 26165 25514 18277 103385 55512 107829 21413 76028 99035 40790 76690 82527 48152 78983 71377 49073 69235 51530 29214 23838 79006 99414 108044 71734 38920 47618 16407 51741 31387 119558 53366 87254 45100 21761 74753 38295 57441 127084
30672 75047 49072 22243 70799 101537 121228 66201 87045 11882 66553 35553 84725 15560 16449 29538 60347 79651 33235 81947 85755 63865 98408 113523 74022 87279 63923 86774 55737 42394 49932 66386 105104 106623 78407 92401 97968 18836 69436 79178 38817 116333 90836 63098 26409 72418 114338 26614 26097 101529 21928 63798 84116 38320 84031 102601 44769 85198 30630 11068 79897 60887 80064 89839 63749 60067 22848 85296 40186 47166 98813 65575 17549 69850 99019 80009 44306 31928 72434 63907 51123 42595 59004 49153 67285 73137 19589 51706 93747 101444 70275 73059 90129 5944 109699 77162 76629 57491 33265 34244 81016 17484 20682 12702 94909 72625 54396 90834 20976 29370 81527 54566 62603 154591 109281 68581 19966 12441 93797 74427 116030 51310 122713 120952 64388 12386 48655 50886 86310 41608 79143 0 15819 8833 60076 83378 65590 61813 86682 35825 113589 40588 113892 19827 19263 89078 110764 19718 101273 88866 156902 20318 12325 130879 40363 64970 67517 156539 24792 32357 16598 101924 64620 19237 122544 33167 108587 20741 22039 7572 82470 91176 104371 79235 52422 44647 75048 15204 94294 41791 151507 13946 122995 7857 13237 59500 100578 94046 36845 94297 74876 89101 111401 24269 69178 11331 7195 113097 3433 26874 31151 13666 30672 52872 67285 19589 25745 34911 11882 58937 82445 94745 66386 87045 53618 27885 50018 92352 98813 98408 44769 106722 86774
46477 88420 64862 31284 86618 115827 135456 78165 99907 26743 77899 24188 100517 17655 8065 44895 45173 92813 20376 94188 88867 54950 105892 125529 79949 98891 75168 90229 44289 38514 65731 81181 116523 120462 94174 104722 108707 30071 82209 94066 53555 128647 105620 75821 42206 85996 128306 11922 41803 113661 32075 71048 88121 53904 79778 116446 60586 98089 17928 25385 89853 76694 90740 100528 73430 68735 14539 99593 28014 62845 113498 77311 15053 78436 113185 95809 59359 47668 88240 79664 65674 58412 43401 41180 83102 88873 22959 67521 108872 106816 82628 74712 103396 15237 116018 90742 91294 73304 19678 33424 96465 22389 35275 25767 105521 86506 68534 106653 21727 44182 96025 64165 75187 169713 118690 83348 34854 19062 107426 87867 121210 64088 128017 126664 79825 26699 64389 42872 90762 46072 94354 15819 0 24518 52392 99063 79785 54930 96510 21223 128420 49860 113951 35645 31613 104765 116161 14446 106041 102553 171752 30840 22981 146494 48036 80468 83115 171915 38533 39375 32111 101179 58402 15367 138106 34844 108101 19639 8149 12024 79646 97774 119902 90033 50639 53752 87488 19772 96505 36052 165800 29373 125482 11512 25101 75303 116245 108641 26939 104493 81321 103057 119993 20560 84637 19313 16401 128892 17366 39514 46920 25877 46477 68622 83102 22959 13461 29759 26743 74537 93092 109678 81181 99907 41690 41772 58661 103848 113498 105892 60586 117657 90229
22285 67000 40357 22922 62202 93024 112721 58960 79205 8106 59661 42097 76008 21767 23806 22296 68359 71690 40472 74446 83347 68447 93396 106024 70180 80082 57117 87972 61768 45123 41237 59418 97928 98287 69657 84812 91179 18217 61726 70471 32281 108676 83757 55460 18107 64280 107966 34735 17294 94003 21729 63077 81224 29488 85766 96384 36150 77351 37904 8892 73662 52408 73425 83123 57868 54862 29169 76801 46916 39069 90159 58469 22651 64521 90558 71539 37241 23151 63749 55583 42602 33973 67343 53634 58650 64849 21128 43193 84967 97585 62786 71694 82083 10987 105247 69006 68003 48835 41982 39277 72185 21907 15380 11810 88204 64341 46061 82222 26693 23049 72958 52432 57850 145800 103143 61628 11589 17398 85574 66348 112164 46603 118736 116760 55559 9586 39875 55330 83134 39679 70348 8833 24518 0 64102 74574 57182 65381 80461 44634 104880 39273 112893 11309 17339 80865 106815 27494 97753 80627 148177 16264 14344 122057 40237 57115 59495 147711 17226 33266 9759 101487 67773 26729 114496 37118 107939 27196 30858 15665 83442 86726 96385 72534 53569 43253 67482 20383 92285 45486 142959 5251 120575 14725 13629 50810 91768 85426 42715 87820 74451 80744 105693 31175 61364 12894 13227 104626 8968 23518 22407 9695 22285 44105 58650 21128 33116 41569 8106 50939 75803 86016 59418 79205 59927 20068 48744 85190 90159 93396 36150 99789 87972
82852 96551 95569 81648 116632 125509 142939 81927 103468 71126 79128 29221 127339 69698 45739 85554 41153 99069 34198 95713 57603 6165 86064 121538 60438 96711 76755 142533 17076 20166 96632 121853 110851 126798 120740 104888 101136 78840 88635 110571 95912 125833 145469 83533 79608 95656 170889 43191 75660 111676 81736 122847 59906 83441 30322 159610 93167 102084 35847 70826 82502 108940 86107 94061 69490 62789 38463 111250 27501 99103 126203 80324 42529 68847 122342 126718 100114 80511 116736 113091 85090 91262 46514 11223 112890 122003 43322 100330 125635 79553 87023 42693 108533 54506 90645 99553 106568 103801 61775 85432 117772 74071 79413 72764 97899 97719 84963 134969 74104 86994 109483 114538 121938 182325 104278 124048 66365 69823 114022 96450 91472 110668 97974 98063 103110 72053 93897 9520 63410 40353 113503 60076 52392 64102 0 123382 94048 3909 87261 59215 140917 100390 70655 73253 79326 137732 87704 66551 76925 110132 181742 53808 71951 166337 99463 117061 118559 187212 64233 90947 73819 57100 8061 67646 171394 87217 64005 72019 56593 61997 33286 76241 154180 86060 21592 104428 91229 71360 60994 18630 171741 65577 87394 52365 73240 105049 138842 121210 25652 95309 133440 112130 102256 72492 121290 51208 65424 158104 63405 86772 80423 56504 82852 97780 112890 43322 39273 80087 71126 110597 87854 124703 121853 103468 19773 66348 109672 100331 126203 86064 93167 109702 142533
53617 38148 34621 82002 16624 35508 50728 50169 44774 74477 54328 112202 6718 92083 97016 58080 141082 40380 112275 49071 103717 129271 88547 65820 85405 55719 55063 120971 128575 103835 33899 43466 65498 43938 6573 51615 66961 78304 43816 19483 55253 65077 46698 45235 57815 36361 70665 108468 57282 57565 79677 92931 98841 45196 130742 64912 39328 43998 109953 76305 65337 26148 60569 63694 64157 69096 100294 28428 117055 40674 28689 51782 93042 70903 35542 16355 49522 51460 13253 26248 38298 41400 140987 116283 18518 22422 86234 33593 18877 101975 47082 102908 41735 84445 102008 36058 23223 26962 115859 102458 8107 89191 68339 77657 66440 33291 38751 14105 94865 61114 25233 79981 64131 73780 82726 43555 64715 87275 39254 37523 112516 63205 116560 113043 20435 75315 34755 117574 97929 83467 13806 83378 99063 74574 123382 0 32217 122627 68448 118898 37937 79901 135893 63756 75555 24946 107781 99620 104989 36777 77934 73701 81993 47589 85139 32598 29203 74164 63028 86144 68541 130539 122865 98385 51634 97680 134311 96741 105245 89393 124773 89669 38502 59510 103761 80726 46453 89492 112775 107210 77088 69712 131387 88437 79581 24716 17211 27293 111091 69142 101455 33735 89440 100979 31956 82713 85700 35534 82662 71138 52277 75181 53617 30599 18518 86234 105666 109164 74477 33584 61424 22626 43466 44774 127798 60032 83218 58543 28689 88547 39328 70217 120971
42830 12196 29678 72721 34565 36042 55693 18423 24796 60458 22565 87491 37971 78242 75613 49968 117097 17040 88655 23844 71806 100116 60256 52388 53413 31248 22981 126529 101443 75433 29994 57986 46986 41125 32431 31885 44040 67911 13219 16524 53266 54020 71826 13064 45756 8982 98115 86907 42127 40812 70481 97634 67034 31188 98922 90103 33447 23056 86655 62336 35786 34806 31783 38048 31999 36898 77052 19812 92088 40563 34147 19913 70099 39056 33443 42656 50229 37954 32262 38734 14728 34247 118097 88231 32121 43016 61986 33824 31722 72231 16558 70719 26066 64555 74107 12935 12623 29962 98726 93155 25009 76913 57781 64649 42248 7620 11252 45966 82438 54117 16508 83907 74103 91136 59573 59255 45656 73463 28678 11330 84178 68176 89054 85816 17034 61810 27614 89328 66369 53695 19938 65590 79785 57182 94048 32217 0 92842 40482 100909 49270 78224 104319 49003 65324 54041 79081 84620 74818 23728 92390 50127 68859 72329 82499 46781 45274 94635 41253 80198 55087 98463 92619 83760 83790 89404 102431 83559 87213 72828 92771 59563 69564 30610 73456 80552 18125 76246 81037 79428 86024 51937 101432 68317 66878 28883 45424 29151 85553 43877 108140 23576 65068 87753 49129 61060 70196 67617 66140 64241 39048 53956 42830 26692 32121 61986 83040 97598 60458 42886 33331 31304 57986 24796 101161 38019 84732 35792 34147 60256 33447 50502 126529
83485 94884 95572 83622 116374 123698 140888 80156 101423 72611 77225 32276 126750 72042 48009 86501 45048 97247 37330 93612 53977 8782 82780 118897 57450 94360 74918 145154 20983 20609 96638 122485 108176 124759 120177 102612 98418 80636 86949 109346 96895 123238 145906 82013 80376 94105 171527 46171 76225 109215 83614 124981 56409 83529 26664 160343 93349 100081 38841 72406 79977 108927 83713 91469 67401 60703 40754 109679 30898 99516 124592 78526 44326 66376 120517 126460 100911 80905 116356 113139 84390 91490 50423 13917 112644 121959 44385 100447 124310 75959 85220 39210 106548 56127 87077 97900 105293 103696 65066 88154 116835 76311 80746 74451 95203 96252 84046 134451 76580 88112 108053 116368 123220 180460 101159 124669 66985 71946 112088 94815 87740 111983 94217 94351 102456 73605 93827 12343 59923 39258 112443 61813 54930 65381 3909 122627 92842 0 84565 62620 139206 102295 66770 74158 81003 137580 84028 69211 73268 108294 179709 54299 73843 165027 101547 117349 118736 185514 64490 93091 75036 53215 4200 70256 171130 89772 60131 74568 59477 64132 29407 72943 154065 83710 19643 106345 89327 73598 57182 20034 169483 66565 83490 54208 75031 104872 137861 119624 28505 92542 135682 110376 98980 75207 121555 52511 67413 157545 65183 88327 80870 57426 83485 97635 112644 44385 42021 83056 72611 110888 85401 123262 122485 101423 23676 66454 111637 97864 124592 82780 93349 106903 145154
75389 30587 68093 101417 74697 48259 60556 24679 25761 86692 22077 93755 75035 101909 89779 82885 121580 28115 96929 19519 42037 93232 20139 34365 28063 14256 24100 161948 100340 74549 68673 98228 23615 45573 70776 22196 13883 96290 27362 48983 89125 38798 111925 30519 76720 32988 137812 99090 71440 25754 99525 133574 36921 64742 79232 130312 70745 25722 95815 88282 6799 75182 8785 7575 23097 28156 87816 41709 97186 78777 52606 24214 82680 19224 45266 81864 87590 69793 72051 79197 48911 70825 124602 86272 72498 83238 73953 73019 57912 33881 24170 49204 30792 83063 33833 32409 45292 70092 116076 119715 60344 102358 87574 91144 10639 35936 44203 82473 107064 87070 43626 120107 113003 100987 22688 99589 69935 97810 36209 31321 44180 105704 48691 45380 57457 88305 65725 86647 34568 53772 54646 86682 96510 80461 87261 68448 40482 84565 0 116875 63774 111798 70463 76917 94208 92665 39346 106193 37276 35108 98489 66609 94572 93987 115136 87196 85756 107874 63531 110728 82884 68429 82533 105866 118687 117213 70421 107272 104657 94179 71809 22448 106943 9966 66108 114832 22650 100801 49093 79625 86515 75998 63179 85754 93312 69214 75803 48980 90324 8324 144659 38388 26092 110944 89610 77713 93199 100927 88658 95835 70793 73025 75389 65982 72498 73953 93952 121569 86692 82979 7194 54771 98228 25761 101340 61214 119672 15034 52606 20139 70745 22672 161948
65481 109643 84354 42915 105572 136947 156599 99259 121104 44701 98859 30963 119859 28800 27110 62484 35052 114032 25859 115304 105210 59609 125006 146555 98453 119860 96114 88214 45698 51677 85148 96575 137400 141666 113694 125840 129377 44072 103409 114927 69618 149740 120602 97022 61216 107211 141255 19027 61759 134731 44622 75322 105163 74063 89166 129301 79822 119290 25168 42973 110307 95385 111452 121207 93895 88846 29921 120705 31726 80915 134476 98362 34210 98397 134335 114303 75830 67491 107497 97923 86674 77682 30673 49077 102205 106929 42926 86403 129566 124551 103778 90269 124617 36377 134308 111958 112270 92542 4321 33194 116794 33226 52140 42221 126154 107692 89660 125553 28872 60799 117072 72110 86830 190413 138759 98641 55624 32974 128643 109088 138645 76523 145477 144435 100181 44110 84148 50446 108081 64749 114967 35825 21223 44634 59215 118898 100909 62620 116875 0 149327 58683 127036 55147 46413 122458 133806 20972 123349 123765 192655 51987 38237 166472 55112 97651 100613 192328 59666 47089 50572 113732 66666 22527 155065 37355 120757 26173 13793 29513 90694 116434 136841 110789 64488 61946 108644 31685 111942 47644 186933 49767 140670 32732 40719 94646 136108 129657 35207 124970 83851 124240 139637 23261 101647 40478 33371 147195 36241 53588 66640 47080 65481 88303 102205 42926 24504 24789 44701 92144 113785 130517 96575 121104 42507 62893 65782 124775 134476 125006 79822 138372 88214
86680 44373 68491 116624 54461 15916 14116 59057 39383 106727 62164 136682 42168 124763 124685 92480 166306 42074 137922 47277 105534 147075 80734 42281 89429 49753 64342 158901 149849 123417 68081 81217 48053 19095 44488 41584 54828 112383 52283 34411 91570 39156 79837 57587 90494 45486 99038 136051 88359 40953 114286 130843 100376 76138 140296 96472 73379 40270 135924 108625 64525 63255 59543 56511 72445 78990 126315 30007 141228 76793 15134 60702 119333 75858 19115 52935 86304 83102 50944 64000 62772 75145 167367 136258 55831 60089 111257 69206 20715 95886 54024 110186 33965 113204 91754 41385 37172 62592 146848 137386 35300 122616 102090 110502 56264 43815 60323 44096 128306 96054 32763 117798 102022 41929 67258 81140 93704 119894 28203 44506 102175 100986 104186 100421 50503 107854 67726 137211 98248 101074 35161 113589 128420 104880 140917 37937 49270 139206 63774 149327 0 116859 133808 95305 109641 57153 98645 131764 99768 31178 43333 99336 114865 30719 121949 70531 67106 46307 90029 122045 100925 132185 138341 130725 67030 132944 134127 129831 135543 120472 133264 85904 63369 59014 119563 118001 50175 122441 112867 127731 39559 99666 123655 117066 112619 60347 27735 20171 134615 59809 139375 28852 74668 134102 69691 110076 117357 49170 113662 106416 84106 102808 86680 64258 55831 111257 132281 143193 106727 71258 58898 18915 81217 39383 149791 86784 120793 49085 15134 80734 73379 52894 158901
36509 90219 49812 18804 63493 109339 128000 87639 102976 31183 89745 73821 77931 32519 55015 28990 92354 95154 70235 100652 121688 103802 127683 130610 107103 107529 87722 50455 94092 82964 49915 43685 124633 116512 73451 109863 119955 21796 87727 85340 25596 132157 65306 82487 35150 87036 83248 61526 40659 118950 18685 23842 119131 47777 124448 71348 45290 101199 67765 30768 105248 53805 103617 112546 91280 89971 62199 94626 77853 40208 104311 87783 57972 98951 107750 69045 30555 42062 66669 53940 64772 44139 88900 89306 61403 60791 59574 47888 96244 134030 89929 110741 104100 46440 140520 91149 84737 54359 54406 28442 81572 27604 25727 28264 117453 85786 69506 80941 30240 24769 90086 14311 28808 153316 134007 45308 44956 30960 105779 89388 148421 20242 154732 152387 67821 29805 51338 91043 120706 78725 82551 40588 49860 39273 100390 79901 78224 102295 111798 58683 116859 0 151978 36435 21996 73508 142995 38886 134709 101040 157815 55067 28453 124816 5430 49667 53275 152618 51276 11601 31672 140731 105184 37316 102488 23122 147137 32969 49762 38677 122509 122324 84886 102540 92501 4059 93822 30124 130879 82314 156413 40894 158677 48087 27363 56571 95618 100597 76026 117969 35282 99910 137868 35425 52548 50989 34991 98806 37176 16694 41037 48907 36509 53790 61403 59574 63134 37592 31183 46631 105861 98782 43685 102976 91543 52483 9499 112539 104311 127683 45290 127599 50455
121393 98193 123837 135445 137944 118589 128653 85930 96140 120986 81770 96134 142056 128132 105932 127478 111297 97182 101198 89223 32965 73320 53535 97193 51247 84719 81450 200558 87589 75893 124759 155550 87803 115049 136742 92389 79404 131036 92079 117107 136971 101845 174345 91378 120294 99617 201111 108687 114644 93516 134517 175818 37396 115023 41684 191900 124270 95923 101930 121695 71478 134948 76566 77411 72790 69551 99761 111439 96229 132429 123066 84408 99616 65280 115659 146784 138328 116532 136159 139449 105407 123294 116972 78733 134900 145920 94439 129423 127925 38417 88817 41238 101249 108102 45859 100708 112985 129221 128687 146515 128031 131170 126577 124494 77629 102671 102066 149941 133457 130757 112584 164316 164375 168117 70948 157400 107801 126167 106656 98705 38462 154406 41821 44307 120392 122476 121434 77665 37978 73258 122363 113892 113951 112893 70655 135893 104319 66770 70463 127036 133808 151978 0 116553 130214 158293 38963 128067 34316 105455 164070 96911 125834 164293 153123 146411 146142 176013 102113 145823 120465 13556 62594 128651 187354 146566 6775 132190 120577 119218 37370 48036 173863 77454 63359 155870 89913 128661 23393 79476 150055 111129 21029 108224 125970 129228 145527 119337 91852 74064 187253 108679 64618 134154 149835 102577 120936 170156 117169 135565 117111 103199 121393 123593 134900 94439 103534 143707 120986 140746 76419 125004 155550 96140 90411 101957 161349 84752 123066 53535 124270 83805 200558
10980 59750 29291 24681 50976 84218 103867 53788 72344 11515 55213 52991 64927 29518 35063 12357 79656 64608 51625 68429 85569 77975 91731 99726 70671 74651 52914 86765 72287 53585 30131 48943 92362 90000 58650 78481 86441 19595 55415 61025 22771 102020 73087 49452 6864 56819 97831 46044 6976 87731 22676 59932 82836 19201 92671 86423 24943 70490 49077 13412 70201 41117 69208 78618 55407 53661 40104 68139 57859 27834 80853 53603 33274 62836 81930 60248 26924 12388 52619 44274 34282 22769 78643 63241 47459 53542 29963 31913 75066 97621 56976 75424 74680 22170 104325 61436 58920 37669 52186 44396 61818 27911 10869 15647 83661 56457 38332 71009 33464 14580 64061 47829 49810 135747 99495 51154 8753 24666 77675 59024 112045 38913 118403 116128 45300 12812 29003 64891 84328 43812 60392 19827 35645 11309 73253 63756 49003 74158 76917 55147 95305 36435 116553 0 17339 69565 106625 36480 98274 72720 138460 20803 19875 111326 38879 45968 48262 137319 14853 33823 6194 105909 76179 35421 103231 41061 112057 34715 41497 25660 89601 86023 85144 68212 60424 40050 61413 27344 94899 54673 133911 7792 122384 26000 17880 39692 80966 76274 53290 83711 71412 72491 102762 38959 50233 22824 22160 93338 18907 19758 11501 16750 10980 33172 47459 29963 44333 48611 11515 39729 71542 76391 48943 72344 70607 16161 45407 79772 80853 91731 24943 94694 86765
23049 76513 41382 7435 60775 99644 119120 71109 89215 9234 72549 54244 75453 17669 35012 17476 76530 81420 51344 85590 100398 83119 108633 116734 86577 91914 70237 70912 74576 61292 41938 50333 109578 105892 69741 95526 103768 2757 72546 75910 23216 118886 74598 66676 19614 73498 96727 43507 23551 104772 5339 45754 98090 34327 102569 84850 36505 87369 48761 8794 87475 50419 86542 95956 72451 70288 41860 83846 58671 35544 95701 70939 36809 79677 97556 68799 29470 27402 63166 52385 50755 34601 74165 68416 57720 61099 37665 42016 89040 113830 74213 89000 91277 24879 120978 78021 74292 48596 42649 27961 75015 13867 7615 6563 100997 72894 55072 80402 19422 14788 79573 35546 43775 148967 116810 52442 24707 13545 93942 75757 128352 32570 134819 132676 59138 7810 41939 70149 99856 56972 74480 19263 31613 17339 79326 75555 65324 81003 94208 46413 109641 21996 130214 17339 0 76301 122959 25565 114227 89013 152322 33396 8680 122833 22973 51386 54470 149719 31248 16715 11334 118824 83718 24091 108660 24087 125278 21538 34302 19591 100529 102554 90442 85549 70541 26013 78583 14809 109442 60969 148800 19612 137556 27067 6536 50839 92531 91365 55882 101046 57114 88524 119989 25662 55311 29088 15253 101313 16012 7918 26315 27023 23049 45609 57720 37665 43911 33686 9234 46139 88878 90819 50333 89215 72294 33137 31492 97030 95701 108633 36505 111982 70912
58585 62095 42337 81266 21438 58986 71113 72464 69642 78233 76600 121979 18255 93935 104615 60100 149222 64837 121038 73532 125608 143270 112804 90274 107188 80390 76844 106339 140252 117625 41289 30292 90402 67400 21915 76549 91852 78840 66782 44098 53239 89188 22797 66916 62767 59905 45720 115574 64522 82438 79136 80418 120937 54578 149101 40394 45446 68795 118525 79805 89031 29050 84479 88306 85619 89690 109285 53373 126892 41921 51871 73934 102188 93015 59550 11642 46909 58830 22380 25361 55075 47554 148082 129301 25074 16085 96928 38136 42052 125760 70145 122983 66681 91706 126419 60319 47457 33942 118849 99970 32854 90068 70334 80268 91238 56870 57273 13155 95384 61680 50058 69202 50486 84074 107651 29142 73480 89520 64064 61387 136841 53870 141100 137632 38115 78580 43866 130772 120381 99544 38340 89078 104765 80865 137732 24946 54041 137580 92665 122458 57153 73508 158293 69565 76301 0 131985 101822 128565 61721 90256 84819 84225 53498 78934 24957 21849 81465 73968 82399 72666 151924 138448 100376 33899 94738 156197 97709 109548 93610 143741 113242 16526 83373 119847 73068 70240 91097 134957 120217 93216 76874 155123 95564 81742 32709 29623 51480 121700 93848 86933 58656 114317 101679 21291 91526 89407 25383 87445 69934 59261 84329 58585 39955 25074 96928 113841 108021 78233 30335 85538 46100 30292 69642 138969 71548 73984 83395 51871 112804 45446 95145 106339
108005 69890 104567 129510 113605 84403 91805 61542 64131 114297 57866 105252 114379 126263 108337 115155 127979 67414 109675 58749 30178 92452 19241 59414 36744 52553 58789 193389 104116 83546 105292 135789 50965 79559 110081 58772 43974 124528 65872 88306 123002 63936 150882 67602 108280 72162 176981 114805 102579 57692 128002 166090 28897 98832 66819 169184 106425 64448 109469 115534 43297 113187 47567 44557 52616 53042 103999 80599 107140 114722 89854 60497 101130 44507 81779 121093 122608 102505 111109 117399 85029 106077 132563 91661 111195 122090 93565 109860 96335 9356 62523 45513 68577 105807 7125 71754 84638 107814 134224 145007 99675 127996 117466 118499 43088 75162 80692 121783 131715 119084 82836 153188 148743 130337 32724 137315 98374 123032 73347 70602 5436 140311 11950 10668 96107 115927 102120 91273 25777 70158 93984 110764 116161 106815 87704 107781 79081 84028 39346 133806 98645 142995 38963 106625 122959 131985 0 128580 10831 73324 125825 90859 121067 129363 145453 125196 124070 138640 91892 139622 111896 43809 80532 128692 157637 143637 42064 131210 123964 117576 59654 20842 146266 48700 71384 146473 61797 125910 28179 88405 111486 103440 25012 107344 120429 107202 114354 86890 101084 39771 177488 76670 25927 134190 127920 99986 117896 139679 113506 126368 103356 97731 108005 103096 111195 93565 109323 144676 114297 120474 46447 92896 135789 64131 106187 90515 151692 50999 89854 19241 106425 46484 193389
46010 94478 65008 22034 85611 120340 140031 85915 106612 25220 86258 37761 100112 7895 22230 42187 53474 99145 33336 101632 102121 68776 117193 133215 92003 106997 83619 75983 57171 52906 65721 75608 124822 125742 94131 112067 117643 23147 89054 97433 48776 135984 99637 82738 41855 91772 120577 24105 43407 121213 23668 58184 101049 55681 94221 108626 60301 104761 31178 23356 99425 75317 99717 109502 83174 79171 28983 104151 40983 60621 117228 85293 28521 88967 117931 94026 55034 48801 87748 77603 69976 58219 50193 55379 82370 86475 35093 66534 111545 119225 89958 88358 109563 23258 127987 96499 95174 72885 17095 18991 98172 12278 31745 22021 114567 91823 73538 105467 8696 40161 100219 52875 66330 172181 128725 77671 39082 12433 113063 93833 133739 55788 140502 138955 81735 24307 65082 57047 103522 58502 96870 19718 14446 27494 66551 99620 84620 69211 106193 20972 131764 38886 128067 36480 25565 101822 128580 0 118715 108115 174940 39597 17777 147174 36060 76934 79978 173556 44386 27538 31144 115410 72753 1597 134205 20804 122302 6041 11097 12147 94060 109551 115994 98902 64870 42470 94715 10763 110070 50496 170196 32712 139027 21248 20254 75058 116779 112581 40934 113891 67969 108194 130615 6129 80874 28910 14454 126738 18529 32619 47848 33233 46010 69101 82370 35093 27294 16112 25220 71581 102096 112852 75608 106612 54335 47401 46878 112069 117228 117193 60301 126419 75983
100423 66841 98521 120588 109325 84788 94339 56646 62993 105402 52694 94560 111435 116694 98153 107390 117148 65061 99029 56660 19356 81733 19221 63031 27652 51382 53165 184952 93295 72835 99313 130118 53496 80892 106683 58625 45145 115674 61814 85688 115681 67714 146488 62588 100386 68751 172914 104330 94642 59252 119171 158059 18223 91858 56902 164604 99981 62998 98877 106557 39653 108001 44470 43733 45939 45266 93621 78943 96381 108311 89624 55389 90990 37723 81946 117374 115722 95021 107078 112340 79106 99454 121734 80833 106665 117680 83633 103950 95188 4211 58443 34683 67885 96161 14603 69044 81775 102468 123867 135480 96938 118624 109044 109515 43505 71814 75035 119088 122158 111206 80631 145395 141991 133858 37247 131752 89840 113625 73094 67469 15304 133130 22133 21428 91664 107019 96064 80442 15299 60214 91216 101273 106041 97753 76925 104989 74818 73268 37276 123349 99768 134709 34316 98274 114227 128565 10831 118715 0 72339 129972 81633 111899 130370 136928 119916 119063 141701 83443 130802 103325 36118 69815 118885 155777 134309 35837 121547 113763 107925 49575 15333 143434 45500 60601 138288 58539 116464 18442 77662 116211 94630 26616 97524 111382 102056 113067 86181 90373 39959 169507 75638 31640 124410 122885 90332 108442 138130 104114 118026 95816 88484 100423 97415 106665 83633 98849 134826 105402 114864 43858 92021 130118 62993 95357 82304 143584 50883 89624 19221 99981 49572 184952
66357 14395 51430 96394 47930 15418 33629 28233 9348 84157 31091 107910 43469 101876 97807 73330 137462 11066 109655 16579 75561 116296 54278 30870 58736 20971 33382 148131 119798 93205 51484 75070 28820 17960 40951 15059 30580 91614 21848 18701 75653 31515 83143 27795 69418 16562 107432 108849 65854 21042 94141 119224 70408 54770 109234 101505 55775 9600 107853 86030 34395 52479 29277 28830 41282 47857 98471 8430 112257 61897 17860 29812 91811 44842 12225 52356 71854 61617 44540 55318 38438 56911 139036 105997 47089 56155 83316 54474 23013 68818 23115 79218 4995 87409 67020 11830 17210 49093 121786 116872 29061 100626 81450 88368 30550 16305 34589 49987 106135 77410 12521 105529 93583 72194 46103 75847 69048 97119 4958 14821 77657 89191 81060 77427 34491 85523 49737 106860 68602 70735 24102 88866 102553 80627 110132 36777 23728 108294 35108 123765 31178 101040 105455 72720 89013 61721 73324 108115 72339 0 71977 72173 92564 59858 105530 63384 60892 77366 64217 103653 78813 102543 107310 107299 84432 113080 105080 107216 110189 96213 102277 57528 74279 28575 88666 103105 19030 99924 83501 97712 63779 75403 97849 91041 90598 47337 41031 13884 105488 33644 129262 3347 53004 111392 64497 83479 93734 66377 89595 87662 62709 76686 66357 47739 47089 83316 104615 121299 84157 61216 29102 19688 75070 9348 119948 61039 106971 22515 17860 54278 55775 33462 148131
129523 86165 110959 159140 94347 56980 38823 100126 78287 149824 102663 179474 80217 167838 167948 134980 209094 82990 180908 86111 140044 187903 110997 66946 126236 86163 105118 196317 191774 165173 110450 118669 76894 54951 84364 77647 86237 155077 93816 77730 133102 62258 110716 99614 133442 87766 122811 179282 131540 72777 156800 169391 135053 119262 177632 124035 115849 79658 178967 151717 101249 104078 96820 90928 112308 119005 169406 72758 183932 118405 58311 101650 162485 114135 59994 90125 127450 126181 91147 103952 106093 117722 210361 177951 96452 98170 154296 111037 63420 125790 94989 147455 73218 156534 118712 83322 80479 104344 190154 179824 77330 165526 144842 153504 88774 86464 103537 78954 171226 138365 75916 157038 139663 9064 93206 118096 137032 162967 67807 86451 127951 140490 127868 124254 93341 150905 110413 178789 132341 142695 78091 156902 171752 148177 181742 77934 92390 179709 98489 192655 43333 157815 164070 138460 152322 90256 125825 174940 129972 71977 0 142517 157876 38542 163069 109289 105673 18798 133338 163925 143978 165158 178433 173870 84094 175214 165756 172836 178870 163742 170260 118454 89507 96614 160176 158530 90592 165458 145837 169689 15730 142971 149966 160390 155588 102068 62701 63253 177230 92206 176800 70440 99916 177110 107502 153352 160565 71491 156927 148613 127164 146115 129523 106724 96452 154296 175421 185982 149824 111301 95524 62161 118669 78287 191916 130092 160753 83631 58311 110997 115849 80452 196317
29231 57898 42491 39183 64296 85964 105439 47330 69137 24228 47175 38518 76514 35843 25636 32996 67710 62163 38939 63348 67088 58976 78112 94717 54143 68133 44468 104210 55537 33726 43534 68199 85839 90130 69890 73882 78287 34457 51451 65439 43367 97809 91664 45070 26376 55626 117235 36801 21934 82831 37973 78908 64973 30250 71877 106106 39621 67330 36782 25154 59850 55786 60316 70118 43577 39750 27093 69849 43358 45295 84242 46500 20008 49535 83192 74269 46843 26717 64965 59742 36982 37636 68225 44633 60549 68849 12533 46887 80664 81584 51796 55674 72762 16488 89557 60343 62234 51008 50472 54359 69655 37176 29851 28073 75159 56396 39014 83630 41208 35365 66609 67658 70605 141087 89128 70379 12786 32265 76985 57389 96176 59708 102799 100927 53412 25783 41114 46166 66922 23662 66632 20318 30840 16264 53808 73701 50127 54299 66609 51987 99336 55067 96911 20803 33396 84819 90859 39597 81633 72173 142517 0 30266 119951 56368 63306 64933 144063 10905 49530 23697 85781 55991 39320 118697 52783 92112 41060 38825 27669 68833 71021 101087 59548 39656 58968 56659 35193 76061 35641 135773 14307 104311 19501 29831 52528 90415 79269 37456 74365 90344 72901 91115 44522 67553 11527 27244 106715 22760 38734 26615 6873 29231 45241 60549 12533 32958 55175 24228 56846 62688 80960 68199 69137 54447 13695 64452 73127 84242 78112 39621 87158 104210
28482 79439 47432 9919 67839 104056 123685 72510 91932 8412 73477 46014 82363 10090 26878 24414 67850 84256 42907 87656 97061 75465 107738 119129 84385 93583 70999 74726 66369 54667 48108 58878 111398 109875 76425 97871 104971 7167 74744 80717 31517 121569 83201 68615 24448 76559 105401 34895 26822 107109 9786 51484 95143 38772 96350 93519 42667 90075 40343 6566 87779 57541 87351 96981 72121 69204 33932 88004 50329 42856 100561 72136 29525 78853 101792 76268 37652 31778 70004 59849 54133 40619 65522 60895 64615 68767 31823 48783 94459 111814 76067 84826 94432 18266 119573 81209 78729 55178 34650 25201 80820 8092 13980 4373 102058 76283 58090 87690 13590 22562 83900 42597 52250 154881 117259 61005 24802 5345 97520 78733 126402 41115 132998 131058 64541 7070 47640 62633 97160 53035 79798 12325 22981 14344 71951 81993 68859 73843 94572 38237 114865 28453 125834 19875 8680 84225 121067 17777 111899 92564 157876 30266 0 129504 28040 59417 62378 156039 31062 20094 13961 114021 76757 16449 116900 22782 120632 14966 25742 10992 94780 101047 98668 86427 64727 32502 80647 7582 105812 53873 153663 18581 134327 19638 2488 57367 99119 96041 47890 101803 62551 92363 119940 19238 63431 23367 6776 109039 8897 16543 30763 23427 28482 51574 64615 31823 35533 28740 8412 53926 89721 95960 58878 91932 64000 33587 37813 98706 100561 107738 42667 113461 74726
101191 71066 82203 129031 62246 45731 40051 85950 68815 122058 89542 158372 47484 139593 144097 105401 187655 69949 158853 76426 135324 172422 111399 72196 118574 79796 91362 159773 173501 147720 81463 83228 78681 49806 53108 71910 85531 125566 78900 55815 101532 68582 72688 83192 105400 71292 84419 155582 104788 71671 126731 133816 130163 92592 168611 85508 86874 69401 156623 123881 94138 72570 89052 86889 100076 106318 146921 56068 163140 87469 42030 87669 139704 104506 48734 55776 95435 98999 59676 71336 83183 88965 187908 160487 65133 64032 132397 80833 40717 126525 81247 138837 63478 131710 122464 68053 59771 74338 163448 149169 50334 136574 115752 125185 86893 68918 82131 43910 142221 108206 57089 122184 103875 31177 97819 82343 111894 134805 57858 70958 132865 106174 134753 130986 66850 122878 82325 161615 128217 125996 53507 130879 146494 122057 166337 47589 72329 165027 93987 166472 30719 124816 164293 111326 122833 53498 129363 147174 130370 59858 38542 119951 129504 0 130211 75203 71574 28024 109616 132297 116123 162197 164608 145923 46367 144215 164407 144169 152799 136974 161820 116295 51046 88399 145511 124973 78107 136968 142992 151607 46195 117122 154374 135695 127076 72138 30397 46528 156881 90421 140412 56957 105220 148387 72703 129620 133289 32965 130232 117937 99835 122101 101191 78187 65133 132397 152507 156268 122058 78438 88665 42016 83228 68815 173047 106489 126529 79550 42030 111399 86874 83467 159773
40235 94398 54521 18121 68783 114163 132944 91207 107181 32162 93146 72193 83266 30412 53791 32775 89305 99343 68351 104595 123355 102601 130555 134845 109280 111367 91036 48037 92310 82669 54678 49072 128625 121234 78713 113974 123681 22116 91607 90137 30470 136503 70434 86209 38437 91235 87726 59423 43724 123109 18682 23474 120990 51721 124387 75878 49901 105386 65951 31436 108519 59013 107085 116159 94177 92535 61050 99279 76022 45196 109246 91271 57370 101698 112510 74444 35689 45688 71924 59256 68775 48637 85589 88297 66627 66193 59766 52851 101300 136401 93698 111931 108471 46300 143203 95434 89405 59385 50801 23761 86650 25659 28012 28686 121109 90093 73458 86346 27369 28547 94761 17000 33543 158632 137490 50671 47104 29643 110309 93578 150866 25540 157257 155004 72633 30651 55943 90029 122696 79913 87489 40363 48036 40237 99463 85139 82499 101547 115136 55112 121949 5430 153123 38879 22973 78934 145453 36060 136928 105530 163069 56368 28040 130211 0 55081 58684 157995 53562 8667 33604 141608 104591 34539 107767 18560 148117 30034 47113 37468 122773 124893 90222 106028 92718 7083 97708 28320 132414 81687 161507 42491 160486 47518 27405 61615 100951 105457 74654 121505 34525 104493 141153 31996 57978 51226 34173 104225 36933 19326 44631 49931 40235 58566 66627 59766 61461 33051 32162 51964 109358 103772 49072 107181 89655 55039 10819 116411 109246 130555 49901 131472 48037
35150 57997 22973 56319 16368 66680 83195 63654 68888 53768 67395 98925 29114 69041 80911 35584 125310 62136 97571 70124 113462 122282 106719 94196 95435 77540 66754 88373 117908 96914 21965 11686 91419 74843 26075 76314 90162 53904 59835 44856 28283 94365 28918 57598 39105 55036 55491 91579 41818 84118 54181 60441 109284 34106 131720 45565 24120 67508 95012 55258 82131 12028 78444 84713 74380 76887 86062 55309 103807 18234 60388 64735 79151 82463 66018 19451 21956 36600 20003 8174 41123 25883 123866 107872 16335 11211 74782 17483 50998 117759 63067 108172 67757 68085 120581 57374 46317 17448 93989 75265 36892 65124 45619 55547 88684 52493 44917 31297 70427 36855 50899 47768 31588 104244 105965 12593 51103 64683 67214 57141 130418 31228 135558 132405 30165 54000 25244 109434 109410 81159 40115 64970 80468 57115 117061 32598 46781 117349 87196 97651 70531 49667 146411 45968 51386 24957 125196 76934 119916 63384 109289 63306 59417 75203 55081 0 3642 103091 52862 57839 48400 138384 118692 75475 57650 70090 143413 72759 84905 69066 127120 105009 39435 77264 100868 49777 64885 66192 123106 98934 109502 53585 146386 71825 56941 18015 46611 57913 99039 90539 68862 61108 111733 76722 4279 68561 64797 50197 63102 44983 36780 61730 35150 22820 16335 74782 90231 83162 53768 6464 80081 54361 11686 68888 116379 50983 51562 81665 60388 106719 24120 95574 88373
37340 56166 23563 59580 13300 63631 79883 62581 66716 56489 66415 101094 25528 72092 83299 38319 127805 60156 99883 68301 113177 123868 105440 91620 95028 75689 65918 91801 119867 98394 22513 14488 89154 71856 22730 74126 88221 57026 58435 42260 31497 91662 28421 56554 41407 53281 55202 94094 43751 81747 57415 63977 108901 35243 132476 45784 25394 65392 97339 58028 80877 11195 77042 82998 73790 76593 88277 52716 105989 20430 57238 63734 81293 81796 63070 15813 25159 38334 16922 6733 40735 27310 126490 109560 13854 7569 76628 18342 47750 116800 61715 108365 65363 70427 119304 55382 43960 16927 97001 78702 33838 68262 48500 58436 86849 50640 44267 27673 73618 39831 48376 51371 34928 100606 104080 14998 52960 67672 64591 55322 129249 34861 134270 131066 28392 56790 25671 111099 108911 82032 37333 67517 83115 59495 118559 29203 45274 118736 85756 100613 67106 53275 146142 48262 54470 21849 124070 79978 119063 60892 105673 64933 62378 71574 58684 3642 0 99454 54329 61333 51007 138397 119965 78535 55030 73550 143298 75913 87746 71841 127711 104051 36890 75866 101928 53412 63293 69258 122791 100571 105988 55774 145598 74219 59895 17031 42986 54914 101079 88812 72269 58513 109982 79913 3856 70662 67611 46917 65762 48239 38605 63693 37340 22747 13854 76628 92590 86517 56489 8580 78603 51189 14488 66716 118412 52285 55200 79691 57238 105440 25394 93394 91801
127575 90661 108607 156130 89609 61959 47497 105363 85074 148345 108431 182029 74892 166119 168919 132243 211580 88342 182949 93038 149903 193367 122497 79228 134741 94503 110639 187629 195870 169545 107947 111251 88211 62459 80105 85999 96853 152468 98581 78666 128956 74753 99941 103787 131702 91657 108884 180389 130591 82840 153811 161829 144795 118269 185984 111457 113396 86148 180839 150201 109613 99833 104821 100340 118638 125223 171156 76079 186674 114651 61084 107005 164035 121641 65167 83641 122953 124932 86820 98900 107089 115423 212288 182390 92279 91894 156285 107740 63399 137598 100322 155767 79707 156884 131523 87661 82107 101126 189493 176474 75536 163330 142478 151684 98994 89809 105293 71836 169012 135247 78330 150201 131886 10099 105943 110364 137082 161286 73977 90770 141261 134143 141834 138136 92152 149263 108476 183377 142361 147278 77643 156539 171915 147711 187212 74164 94635 185514 107874 192328 46307 152618 176013 137319 149719 81465 138640 173556 141701 77366 18798 144063 156039 28024 157995 103091 99454 0 134172 159819 142414 175908 184635 172365 69455 171603 177125 170854 178567 162952 178816 129083 77680 104421 165870 152866 96396 163570 156487 173772 33559 142639 163288 160835 153650 98879 57343 66120 180178 102541 168319 75150 113011 175102 100679 154315 159443 59555 156153 145169 125831 146873 127575 104472 92279 156285 176959 183318 148345 106096 103880 63336 111251 85074 195706 130967 154504 92842 61084 122497 113396 92328 187629
20099 50288 31631 38174 53391 77295 96935 41736 62256 23197 42476 49203 65685 38989 34763 25427 78115 54865 49295 57285 70821 69555 77392 88871 55827 62858 39963 101538 66441 44072 32679 58450 80704 82059 59072 67693 73993 33071 44669 55796 35315 91600 81465 38353 18275 47711 107359 46220 12847 76858 36447 74776 68012 19391 80395 96439 28944 60409 47023 24754 56745 44959 56304 65964 41311 39059 37331 61060 54077 35106 75041 41247 30097 48432 74669 63370 37860 16548 54074 48979 27268 27029 78305 55373 49644 58034 23337 36153 70839 82844 45614 61157 65361 23302 89759 52460 52860 40119 57577 56249 59282 38943 25605 27634 71044 48057 30002 72750 43894 28651 57516 62540 62897 131544 86216 60596 6543 34594 69128 49682 97304 52482 103707 101498 42865 24823 30215 56873 69478 30238 56557 24792 38533 17226 64233 63028 41253 64490 63531 59666 90029 51276 102113 14853 31248 73968 91892 44386 83443 64217 133338 10905 31062 109616 53562 52862 54329 134172 0 47963 20033 91807 65909 43747 107831 53688 97801 44417 46006 32287 76694 71375 90276 55392 48615 54903 50345 37569 80210 46322 127274 12482 107553 27083 29787 41625 79867 70152 48303 70744 86255 64593 89040 48362 57075 20146 30390 95820 25972 34586 16666 12780 20099 34336 49644 23337 42903 58793 23197 46400 58677 71402 58450 62256 65344 3246 60256 67965 75041 77392 28944 82574 101538
37373 91787 53720 10390 70218 113260 132413 87326 104567 25414 88944 63541 84930 21745 45232 30339 80929 96729 59684 101400 116612 94010 125343 132209 103166 107922 86692 54774 83644 74440 54042 53366 125449 119972 79896 111114 119969 15132 88345 89257 30906 134137 75969 82658 34791 88689 94706 50761 39525 120328 11632 31900 114465 49026 116236 82783 48896 102740 57285 24376 104021 60077 102940 112251 89131 87002 52502 97897 67356 45522 108761 87241 49043 96389 111402 76813 36872 42468 73116 60963 65963 47339 77371 79763 67695 68653 51911 52933 101330 130470 90196 104732 106264 38297 137687 93071 88122 59613 42808 17727 86848 17011 23209 21468 117267 87817 70488 88723 18845 26350 93472 25338 40188 159915 133277 55168 41422 21145 108521 90997 145007 30785 151495 149373 71936 23810 54810 81493 116320 72806 87120 32357 39375 33266 90947 86144 80198 93091 110728 47089 122045 11601 145823 33823 16715 82399 139622 27538 130802 103653 163925 49530 20094 132297 8667 57839 61333 159819 47963 0 27997 134090 96194 25995 112576 12401 140678 21547 38543 28962 114820 119254 94718 101925 84777 14960 94427 19687 125516 73300 161532 36191 153841 39248 19862 61886 102512 104714 66039 117432 42679 102878 136584 23837 61149 43459 25867 107782 28954 15996 41375 42876 37373 57912 67695 51911 52807 26497 25414 53897 105258 103519 53366 104567 80987 49807 19412 113018 108761 125343 48896 128034 54774
14943 65920 33920 18571 55017 90120 109737 59921 78528 5937 61273 51562 69296 23860 32832 12952 76940 70785 49634 74619 90017 78202 97359 105920 75677 80819 58937 81633 71405 54677 34667 49965 98543 96016 63179 84675 92563 13459 61607 66756 22607 108206 74379 55634 10727 62975 98317 43208 12961 93925 16641 55443 87500 24813 94877 86695 29291 76675 47039 7788 76147 44889 75260 84712 61135 59089 38652 74098 56326 30756 86600 59707 32332 68414 87879 63921 27811 17825 56930 47655 40383 27172 75486 63389 51633 56819 30682 35844 80558 102816 63155 79238 80829 20401 109790 67579 64782 41984 47373 38213 67045 21894 6156 9632 89763 62571 44489 75024 27512 13301 69967 43963 48189 141082 105498 52169 13523 18990 83765 65190 117302 36984 123726 121530 50670 6929 33938 65084 89138 47304 65889 16598 32111 9759 73819 68541 55087 75036 82884 50572 100925 31672 120465 6194 11334 72666 111896 31144 103325 78813 143978 23697 13961 116123 33604 48400 51007 142414 20033 27997 0 109465 77348 29979 106013 34873 115761 28914 37172 21150 92242 91406 87821 74276 62599 35473 67603 21522 99214 55194 139702 9390 127035 23822 11826 44107 85727 82082 52357 89763 66916 78529 108655 33181 52596 22625 17214 96954 14781 15102 16821 18203 14943 37978 51633 30682 42181 42612 5937 42428 77601 82016 49965 78528 69495 21813 40928 85941 86600 97359 29291 100848 81633
111501 93724 115535 123751 131092 116554 128415 80389 93416 109592 76243 82791 136433 115816 93206 117232 97794 93375 87876 86001 27098 59826 54314 98337 45151 82465 75500 188697 74045 62880 116501 146967 88273 113927 130783 90623 79147 119492 86975 112374 127005 103059 166780 85400 110079 94756 193582 95521 104536 93076 122941 164557 32201 105987 28430 183947 115538 92944 88678 110189 68148 127253 73268 75812 66476 62273 86865 107753 82775 123528 120382 78761 87084 59710 113491 140312 128798 106886 129593 131785 97843 114397 103441 65252 127867 138778 82364 121118 124296 40292 83870 30732 98724 96064 49908 96440 108147 121499 115474 134018 122904 119035 115612 112923 76915 97744 94917 144418 121080 120314 108366 153425 154554 168533 73230 148897 97194 114070 104345 94138 44921 144286 49719 51454 113816 111036 113188 64159 33981 62176 117347 101924 101179 101487 57100 130539 98463 53215 68429 113732 132185 140731 13556 105909 118824 151924 43809 115410 36118 102543 165158 85781 114021 162197 141608 138384 138397 175908 91807 134090 109465 0 49039 116053 182173 134279 7026 119710 107617 106947 23817 46845 167862 74007 50547 144677 85648 116479 19421 66280 151805 100081 32329 95951 114298 121710 141441 116299 78527 73374 175937 105629 67755 121520 141994 90669 108875 165473 105255 124514 107383 91826 111501 115676 127867 82364 90434 130900 109592 132495 73540 121688 146967 93416 76858 91952 150169 83316 120382 54314 115538 84794 188697
85222 94124 96654 86592 117151 122728 139613 79301 100198 75172 76219 36156 127163 75334 51294 88536 49077 96298 41243 92329 50602 11920 79923 116898 55079 92764 73998 148620 25077 22672 97721 124165 106143 123514 120626 101099 96338 83456 86183 109076 98948 121295 147372 81452 82251 93483 173179 49973 77914 107459 86501 128052 53256 84722 22534 162095 94618 98909 42667 75051 78182 109970 82080 89564 66193 59525 44082 109009 34966 101009 123857 77643 47245 64685 119533 127226 102779 82413 117004 114241 84749 92809 54523 17740 113439 122957 46670 101637 123907 72613 84316 36133 105387 58851 83768 97150 104972 104651 69045 91726 116877 79513 83153 77187 93157 95724 84167 134932 79972 90307 107549 119179 125527 179387 98525 126338 68752 75058 110983 94094 84136 114331 90559 90781 102829 76223 94837 16257 56781 39404 112354 64620 58402 67773 8061 122865 92619 4200 82533 66666 138341 105184 62594 76179 83718 138448 80532 72753 69815 107310 178433 55991 76757 164608 104591 118692 119965 184635 65909 96194 77348 49039 0 73759 171857 93213 55946 78019 63194 67268 25225 70079 154960 82131 19172 109240 88295 76802 53431 22904 167938 68686 79455 57127 77856 105751 137832 118923 32278 90405 138839 109489 96120 78785 122869 54970 70421 157965 68017 90923 82430 59516 85222 98560 113439 46670 45676 86813 75172 112241 83688 122727 124165 100198 27827 67714 114570 96113 123857 79923 94618 104705 148620
44796 93727 63787 20447 84284 119413 139098 85364 105918 24075 85780 38972 98812 6448 22973 40833 55051 98417 34620 101025 102435 69965 117104 132612 92067 106463 83155 74901 58503 53685 64487 74067 124298 124884 92860 111439 117205 21642 88395 96421 47291 135339 98076 82096 40668 90995 118983 25418 42369 120602 22100 56769 101285 54609 95119 107032 59058 104065 32420 22196 99088 73978 99300 109076 82880 78984 29860 103241 42284 59251 116231 84770 29043 88780 117027 92646 53560 47700 86452 76221 69090 56988 51787 56456 81064 85067 35321 65232 110462 119339 89352 88788 108809 23118 128010 95715 94210 71612 18608 18103 97023 10704 30387 20740 114146 91000 72712 104114 7172 38735 99279 51328 64733 171054 128431 76125 38312 11122 112251 93073 133871 54195 140623 139037 80620 23103 63900 58133 103719 58687 95787 19237 15367 26729 67646 98385 83760 70256 105866 22527 130725 37316 128651 35421 24091 100376 128692 1597 118885 107299 173870 39320 16449 145923 34539 75475 78535 172365 43747 25995 29979 116053 73759 0 132706 19601 122928 4585 12580 11691 94850 109550 114499 98472 65535 40915 94091 9283 110464 51393 169234 31914 139406 21361 18912 73793 115531 111606 42064 113517 66630 107336 130408 5562 79402 28848 13566 125322 17799 31078 46734 32850 44796 67897 81064 35321 28432 16013 24075 70156 101680 111811 74067 105918 55690 46721 45355 111546 116231 117104 59058 125952 74901
92268 89220 76206 112933 54765 76052 80380 101796 93521 111417 105951 155832 45908 126318 138291 93233 182831 90715 154804 99179 155329 176996 138468 107767 137036 105085 106692 125611 174149 151335 75163 59256 110904 83403 51990 99339 114790 111064 95353 70280 85448 105362 38166 96839 96393 87740 39538 149124 98364 102926 110941 103796 150428 88448 181519 43760 79336 93196 152276 112904 116287 62948 111349 113083 115772 120570 143102 77054 160743 75433 69394 103414 136032 122520 77887 44678 79250 92706 54884 59208 87586 81435 181498 163122 58505 49959 130827 72023 61545 152542 98570 154321 89305 125399 151435 86828 74371 67739 151299 130302 59350 122169 103217 113125 114971 84691 89118 37881 127240 94386 75145 95106 75599 75819 129707 57410 107365 122108 85104 88678 162065 82247 165458 161802 69773 111640 77667 164577 149434 132697 64995 122544 138106 114496 171394 51634 83790 171130 118687 155065 67030 102488 187354 103231 108660 33899 157637 134205 155777 84432 84094 118697 116900 46367 107767 57650 55030 69455 107831 112576 106013 182173 171857 132706 0 124961 185903 129701 142502 126706 175825 140548 18235 110355 153073 101211 97537 123443 164328 154026 92534 110640 181864 129219 114440 66376 43620 71343 155591 118069 107495 81089 136901 133493 53526 125372 122422 18326 120742 101759 93116 118209 92268 73670 58505 130827 147558 138877 111417 63608 111926 65252 59256 93521 172866 105364 100868 106939 69394 138468 79336 115893 125611
46890 100584 64453 16686 82014 123471 142843 94719 113267 30533 95905 58558 96766 18465 42057 40512 72163 105484 54130 109489 118916 89562 130513 140742 106908 115674 93487 55411 77900 72619 64879 65765 133413 129864 91542 119512 127317 21559 96470 99604 42684 142944 88217 90506 43662 97578 106254 44884 47563 128761 18952 38131 117268 58343 114316 94385 59567 111419 51982 28933 110430 71770 109845 119399 94874 91979 49167 107794 61761 57011 119304 94445 47366 101635 121457 88918 48821 51463 84794 72906 74841 57837 68024 76013 79344 80804 52190 64207 112253 134352 98024 106025 115363 38674 142275 102107 98161 70900 33041 5358 97940 15701 31631 26075 124465 96979 79137 100805 13330 36898 103471 35262 51914 171441 139893 67558 47289 20732 118003 99832 148945 43010 155580 153702 82541 28933 65299 77699 119421 74770 97847 33167 34844 37118 87217 97680 89404 89772 117213 37355 132944 23122 146566 41061 24087 94738 143637 20804 134309 113080 175214 52783 22782 144215 18560 70090 73550 171603 53688 12401 34873 134279 93213 19601 124961 0 141061 15204 31605 27350 113707 123742 107117 108893 84010 25639 102474 18012 127396 70658 172300 41251 156146 38348 23901 73176 114260 115083 61659 124329 47384 112546 142680 15320 73468 44408 25973 120119 30204 26600 50371 45910 46890 68688 79344 52190 48031 14504 30533 65949 112204 114247 65765 113267 75018 56048 28770 120798 119304 130513 59567 135676 55411
117336 97009 120669 130322 135574 118680 129652 84163 95839 116044 79998 89817 140340 122603 100114 123221 104567 96335 94901 88653 30625 66587 54784 98811 49032 84622 79458 195342 80903 69855 121617 152252 89067 115590 134844 92560 80283 126005 90555 115823 132882 103508 171616 89398 116051 98235 198414 102531 110458 94348 129467 170975 35475 111442 34910 188968 120866 95493 95699 116683 70790 132122 75915 77616 70580 66826 93817 110683 89792 128939 122837 82582 93932 63423 115678 144624 134489 112611 133939 136644 102617 119799 110264 72262 132430 143401 89056 126259 127223 40043 87365 36650 101061 102750 48643 99634 111640 126374 122491 140865 126558 125762 121897 119444 78275 101261 99492 148284 127888 126388 111557 159695 160383 169479 73034 154148 103320 120783 106587 97473 42343 150237 46418 48569 118149 117506 118295 71159 36666 68460 120940 108587 108101 107939 64005 134311 102431 60131 70421 120757 134127 147137 6775 112057 125278 156197 42064 122302 35837 105080 165756 92112 120632 164407 148117 143413 143298 177125 97801 140678 115761 7026 55946 122928 185903 141061 0 126550 114587 113716 30724 48259 171973 76731 57463 151064 88814 123222 21676 73292 152048 106390 27031 102718 120857 126491 144612 118923 85552 74707 182379 108241 67088 128407 146941 97305 115573 168953 111899 130838 113144 98259 117336 120635 132430 89056 97432 137836 116044 137621 75979 124458 152252 95839 83745 97818 156552 85064 122837 54784 120866 85310 195342
43383 93877 62265 16881 82245 118933 138581 86152 106233 23202 86784 43470 96878 5428 26957 38793 59397 98637 39170 101621 105435 74434 119134 133187 94504 107275 84209 70602 63073 57626 62909 70803 125121 124643 91061 111958 118286 18906 88847 95665 44482 135782 94622 82613 39397 91064 115091 29986 41688 121163 18770 52183 104112 53726 99217 103137 57458 104376 36944 21304 100477 71898 100463 110199 84415 80808 34001 102840 46841 57054 115507 85645 32627 90589 116633 90337 50803 46738 84553 73923 68838 55445 55969 60812 79127 82619 38290 63345 109421 121869 89968 92044 108926 25403 130315 95751 93631 69839 22050 14325 95738 7672 28417 19334 115279 90914 72656 101930 2737 36326 98777 46883 60712 169798 129909 72825 38613 10097 112173 93195 136434 50350 143155 141476 79497 21993 62547 62500 106455 61464 94762 20741 19639 27196 72019 96741 83559 74568 107272 26173 129831 32969 132190 34715 21538 97709 131210 6041 121547 107216 172836 41060 14966 144169 30034 72759 75913 170854 44417 21547 28914 119710 78019 4585 129701 15204 126550 0 17135 13633 98774 111809 111530 99598 69267 36498 94645 7392 113629 55519 168598 32190 142523 24244 17258 72055 113813 110967 46487 114787 62066 107109 132121 4273 76599 31228 14095 122800 18622 27943 45726 34364 43383 66435 79127 38290 32876 14378 23202 67641 102843 110924 70803 106233 60268 47247 40852 112380 115507 119134 57458 126943 70602
51992 96137 70765 32170 92172 123240 142905 86150 107758 31397 85955 27445 106347 17552 15629 49449 42802 100589 22733 102148 96337 58404 113949 133542 87890 106938 83232 86258 46313 44738 71581 84612 124598 128058 100124 112678 116828 32254 90060 101140 57233 136617 108899 83675 47711 93651 130611 13490 48033 121651 33484 69259 95760 60316 85126 118680 66298 105933 20793 29761 97997 82060 98857 108648 81576 76880 20850 106994 30265 67780 120707 85324 22874 86574 120651 101073 63306 53799 94001 84756 72921 64144 39969 45563 88752 93853 31046 73000 115773 114630 90559 81941 111154 22797 123947 98401 98504 79036 11661 29072 103037 22454 39289 29378 113647 94062 75970 112190 19751 48123 103328 63855 76677 176621 126837 86732 41840 20798 115084 95564 128973 65892 135790 134500 86415 30970 70491 47174 98469 53989 101178 22039 8149 30858 56593 105245 87213 59477 104657 13793 135543 49762 120577 41497 34302 109548 123964 11097 113763 110189 178870 38825 25742 152799 47113 84905 87746 178567 46006 38543 37172 107617 63194 12580 142502 31605 114587 17135 0 16022 85536 105757 124267 98143 57233 53426 95409 20300 103755 41674 173229 35977 132710 19347 28152 81111 122455 115899 30977 112634 78936 110600 128115 16329 88983 27312 20142 134067 22607 41920 52969 33547 51992 74669 88752 31046 17564 23648 31397 79214 101212 116727 84612 107758 43414 49219 57924 111910 120707 113949 66298 125770 86258
35998 82475 54842 19883 76158 108689 128385 73769 94539 15394 74123 35230 90372 8942 16358 33522 57094 87109 31960 89498 91940 65188 105612 121078 80872 94850 71489 82159 55568 45801 55639 69323 112676 113916 84186 99943 105528 18132 76953 86073 41743 123868 93735 70626 31724 79810 116285 23917 32372 109080 20380 60860 90536 44708 87645 104422 50326 92690 29411 13813 87399 66038 87615 97395 71206 67386 23594 92464 39441 51788 105793 73147 20335 77179 106218 85054 47668 38033 78018 68749 58266 48180 55041 50829 72752 77866 24908 56985 100453 108236 77825 78765 97561 11770 116704 84547 83653 63056 26542 27673 87427 12334 23549 13826 102463 79944 61679 96171 14367 32454 88620 52966 63241 161242 116753 71479 27180 7826 101153 81843 122802 52104 129521 127846 70855 15066 54650 52561 92851 47892 85803 7572 12024 15665 61997 89393 72828 64132 94179 29513 120472 38677 119218 25660 19591 93610 117576 12147 107925 96213 163742 27669 10992 136974 37468 69066 71841 162952 32287 28962 21150 106947 67268 11691 126706 27350 113716 13633 16022 0 86655 98207 108478 86791 56794 42664 82590 9659 100247 44396 158622 20916 129089 10999 13077 65147 106602 101076 37349 101826 71572 96378 118782 16864 73183 17596 4398 118060 6821 27499 37161 21159 35998 58795 72752 24908 24642 27516 15394 63290 89996 101588 69323 94539 53132 35338 47789 99924 105793 105612 50326 114289 82159
96793 90960 104204 104678 122364 117348 131998 76305 93908 91427 72480 59748 130008 95319 71878 101603 74050 91879 64872 85988 32191 36139 63643 105201 44121 84410 70940 168813 50234 41165 105239 134411 94502 116412 123835 92957 84708 100825 83346 108335 111824 109853 156008 80123 94673 91190 182585 72941 89510 97562 104153 146110 36453 93340 7592 172205 103286 92996 65885 91744 69257 116902 73996 79349 61942 56105 65129 105853 59367 110728 119892 74577 66375 57436 114151 132143 114538 92850 121472 121397 88667 101820 79647 41799 118851 129305 63013 109638 121960 53082 80732 23078 99320 76527 64148 93927 104057 111232 92683 112946 117780 98953 98362 94281 81868 93909 86738 138018 100387 104180 105448 135874 139298 172442 83149 136476 81192 94133 105086 91165 62420 128511 68375 69189 106106 92737 102042 40609 39738 46532 112601 82470 79646 83442 33286 124773 92771 29407 71809 90694 133264 122509 37370 89601 100529 143741 59654 94060 49575 102277 170260 68833 94780 161820 122773 127120 127711 178816 76694 114820 92242 23817 25225 94850 175825 113707 30724 98774 85536 86655 0 54229 160143 74403 30055 126539 83713 96307 31485 43864 158233 82941 54873 75803 95391 111857 137829 115294 55560 78621 157298 104986 79280 100188 131045 71577 89087 160297 85887 106930 93151 74085 96793 105154 118851 63013 68077 109089 91427 120879 75005 120007 134411 93908 53041 77552 132009 86634 119892 63643 103286 92040 168813
87179 51525 83985 109239 94103 70573 81586 41507 48188 94036 37637 89431 96106 106732 90178 94353 114535 49852 93464 41558 22227 81703 9844 51917 17989 36698 38310 172755 91463 68201 84737 115398 41584 67332 91354 44387 32309 104212 46512 70396 102160 56640 131310 47503 87509 53418 157677 97631 81825 46243 107660 145325 17790 78007 61821 149481 85708 48066 92930 95341 24333 93047 29201 29411 31789 32364 86518 63862 91942 94021 75051 40317 82901 23666 67628 102071 101803 81671 91811 97342 64473 85315 118515 78030 91499 102492 74884 89338 80217 12751 43139 34057 53239 86484 18536 53762 66462 87574 116465 125365 81626 108190 96883 98304 30096 56481 60251 103770 112150 98303 65412 132377 127970 121695 28993 116979 77890 103285 58621 52146 26270 119476 32415 30124 76464 95672 81531 77966 14515 51807 75904 91176 97774 86726 76241 89669 59563 72943 22448 116434 85904 122324 48036 86023 102554 113242 20842 109551 15333 57528 118454 71021 101047 116295 124893 105009 104051 129083 71375 119254 91406 46845 70079 109550 140548 123742 48259 111809 105757 98207 54229 0 128105 30211 57157 125763 43216 106206 27438 73280 105431 83138 41895 88327 100287 87081 98013 71409 85467 26542 156707 60788 26044 114980 107886 80709 98229 122977 93772 105736 82527 77881 87179 82674 91499 74884 92189 125564 94036 100103 28712 77159 115398 48188 93095 69878 130954 36822 75051 9844 85708 38442 172755
74203 76618 58674 94795 37948 68808 77441 87934 82832 93200 92094 137883 31999 108104 120189 75018 164686 78853 136755 87529 141351 159686 127028 100811 122942 94037 92517 111491 156406 134055 57617 41353 102300 76898 37134 89330 104831 92858 81930 57962 67227 99106 22773 82576 78294 74705 35679 130966 80435 94251 92782 87938 136598 70892 165562 34635 61548 82207 134216 94678 103784 45318 99056 102044 101425 105737 125106 66241 142787 57318 61722 89464 118077 108620 70001 28013 61019 74848 38674 41379 71495 63613 163299 145644 41599 32242 113085 54242 52555 140460 85257 139201 79271 107313 140432 74561 61714 50381 133087 112441 46601 103981 84983 94889 104554 71636 73530 24495 109086 76150 63522 78337 58863 82180 120354 39606 89522 103879 75885 75972 150968 64687 154896 151342 54233 93412 60285 147130 135893 116070 52308 104371 119902 96385 154180 38502 69564 154065 106943 136841 63369 84886 173863 85144 90442 16526 146266 115994 143434 74279 89507 101087 98668 51046 90222 39435 36890 77680 90276 94718 87821 167862 154960 114499 18235 107117 171973 111530 124267 108478 160143 128105 0 97988 136373 83824 84900 105231 150600 136575 95181 92614 169871 111110 96206 49210 36321 62474 137744 107388 92715 71035 127281 115349 35295 107425 104190 18168 102536 83588 75215 100337 74203 56430 41599 113085 129476 120912 93200 45455 99926 56579 41353 82832 155051 87924 83839 96570 61722 127028 61548 107193 111491
66051 21371 58171 92846 64981 43128 57936 14983 19661 78373 13002 89461 65999 94193 83709 73566 118069 19746 92235 12001 46992 92164 29691 36658 30421 10652 15429 152524 97906 71531 58739 88269 26759 42098 61457 19000 18746 87729 17436 40188 79489 40518 102247 20661 67594 23480 128281 93581 62462 25798 90885 124036 41843 55186 81566 120597 60904 18999 90908 80028 5976 65245 1182 10605 17568 23901 82420 33994 93216 68890 46435 14761 76798 17529 39966 72402 77793 60480 62424 69286 39090 61041 120652 83804 62694 73500 67988 63067 50512 42472 14211 51346 25070 76026 43519 23551 36288 60133 109701 111627 51446 94335 78720 82834 15681 26503 34348 73602 99225 77776 35253 110511 103098 98243 31469 89639 61647 89932 30819 22030 53695 95925 58451 55206 47624 79963 55814 84368 40126 49694 45724 79235 90033 72534 86060 59510 30610 83710 9966 110789 59014 102540 77454 68212 85549 83373 48700 98902 45500 28575 96614 59548 86427 88399 106028 77264 75866 104421 55392 101925 74276 74007 82131 98472 110355 108893 76731 99598 98143 86791 74403 30211 97988 0 64522 105484 13133 92917 55085 76472 85807 67865 71883 78968 85035 59271 68079 42292 86310 15508 135056 31625 35698 103397 79722 70916 85503 92864 80988 86784 61503 65674 66051 56022 62694 67988 88633 113960 78373 73015 3334 47736 88269 19661 98606 52866 110245 14633 46435 29691 60904 27628 152524
68500 75244 78445 74623 98472 104065 121365 60514 81894 61489 57613 34332 108151 65560 42660 72652 57381 77615 39094 74126 41588 27740 66795 100246 40216 75168 55286 138908 34583 12811 79509 107050 89620 105227 101642 83312 79990 70787 67308 89924 83014 104480 129716 62417 65954 74491 155865 45707 61143 90198 74104 116065 42544 66765 32289 145037 76749 80524 39368 61748 61114 91659 64596 72738 47902 41200 36404 90056 35809 83567 104957 58887 36663 47425 100887 108521 86264 65138 98190 96009 65738 75049 61503 20882 94786 104547 32964 83592 104799 62530 65583 26225 86981 46480 73200 78261 85832 86225 65750 83546 97717 69043 68669 64254 76721 76673 65036 115962 70735 74931 88486 105969 110231 160845 84167 109185 52342 64176 92495 75180 75788 99257 82555 82025 83808 62766 76520 20916 45845 20390 93182 52422 50639 53569 21592 103761 73456 19643 66108 64488 119563 92501 63359 60424 70541 119847 71384 64870 60601 88666 160176 39656 64727 145511 92718 100868 101928 165870 48615 84777 62599 50547 19172 65535 153073 84010 57463 69267 57233 56794 30055 57157 136373 64522 0 96538 69717 66421 47566 17221 150155 53420 76187 45869 65341 87216 118661 99994 30053 74265 127243 90735 82817 70985 104978 41535 59089 138943 55836 77087 65281 44396 68500 80106 94786 32964 40405 80377 61489 94460 66387 103684 107050 81894 36006 50035 101999 78866 104957 66795 76749 88690 138908
39446 92624 51715 22811 64195 110956 129409 90543 105342 35176 92759 77766 78434 36318 59013 31947 95888 97543 74127 103256 125457 107816 130973 132923 110710 110212 90793 47176 98014 87023 51742 42943 127175 118270 74220 112310 122714 25853 90398 87027 27453 134356 63667 85287 38378 89426 80645 65362 43979 121344 22739 19970 122843 50488 128499 68802 47342 103582 71671 34795 108328 54776 106573 115394 94582 93433 66209 96498 81760 41726 105753 90741 62024 102321 109463 69225 31858 45039 67473 54579 67380 46334 92312 93336 62306 60973 63619 49408 97473 137548 92684 114633 106295 50499 143898 93449 86604 55735 57647 30844 82779 31430 29456 32312 120267 88071 72146 81063 33787 27778 91934 10447 26543 153829 136932 44424 48647 34920 107792 91783 151904 19252 158178 155791 69518 33816 53370 95073 124374 82630 84018 44647 53752 43253 104428 80726 80552 106345 114832 61946 118001 4059 155870 40050 26013 73068 146473 42470 138288 103105 158530 58968 32502 124973 7083 49777 53412 152866 54903 14960 35473 144677 109240 40915 101211 25639 151064 36498 53426 42664 126539 125763 83824 105484 96538 0 96479 33990 134682 86368 157521 44752 162393 52138 31422 57906 96107 102168 80012 120869 31444 101866 140919 38737 52398 55034 39017 98240 41234 20404 44041 52866 39446 55583 62306 63619 67066 40133 35176 47229 108795 100134 42943 105342 95442 56001 5492 115191 105753 130973 47342 130239 47176
57477 8327 47082 86003 52053 34445 51881 9792 12825 72323 12104 90459 52903 89220 81991 64939 119811 8184 92586 7017 58554 97394 42704 38543 40884 13748 14530 143107 101352 74717 47526 76110 31024 35763 48325 17353 26435 80969 6101 27263 69698 41292 89275 12038 59650 10367 115209 92625 55050 26521 83896 114345 53489 46046 90542 107663 50347 11172 90952 74102 18886 52926 14242 19964 22272 28827 81849 22297 94627 57966 36227 11155 75548 26505 31244 59297 67320 52091 49405 56809 29108 50796 121743 87438 49906 60599 66828 51609 38748 55581 4875 60741 17434 72712 56470 10820 23258 48061 107069 105689 38420 88714 71349 76734 24351 13373 24333 60556 93937 69172 22746 100676 91894 91134 41623 77376 56045 84680 22800 8931 66744 85430 71340 68016 34919 73835 44844 88237 52160 52245 32701 75048 87488 67482 91229 46453 18125 89327 22650 108644 50175 93822 89913 61413 78583 70240 61797 94715 58539 19030 90592 56659 80647 78107 97708 64885 63293 96396 50345 94427 67603 85648 88295 94091 97537 102474 88814 94645 95409 82590 83713 43216 84900 13133 69717 96479 0 87612 67142 79354 81440 62460 84985 76064 78977 47008 55818 31581 87778 25786 125112 21415 46960 98656 67140 68179 80699 80244 76312 78784 53169 62003 57477 44476 49906 66828 88069 108989 72323 60988 15457 36435 76110 12825 101646 47414 100971 18718 36227 42704 50347 33778 143107
36043 86666 54965 11898 75170 111561 131203 79262 99080 15830 80035 43882 89752 2886 25622 31691 63075 91450 40142 94605 100916 74335 113253 126141 89166 100376 77498 72507 64057 55454 55626 64901 118216 117309 83871 104895 111554 12391 81768 88274 38014 128671 89004 75574 32027 83826 110339 31407 34313 114116 13203 51532 99316 46334 97294 98402 50180 97223 37699 13936 94001 64843 93808 103505 78096 74783 32897 95480 47786 50064 108116 78810 29992 84523 109272 83433 44278 39346 77407 67007 61520 48148 60230 60156 71997 75817 34232 56184 102040 116600 82973 88032 101696 20665 124740 88500 86251 62631 27857 19168 88391 2713 21258 11954 108586 83628 65390 94945 6331 29475 91404 44415 56391 162452 123474 66976 31577 2991 104881 85975 131190 45595 137859 136058 72122 14602 55205 61881 101514 56775 87379 15204 19772 20383 71360 89492 76246 73598 100801 31685 122441 30124 128661 27344 14809 91097 125910 10763 116464 99924 165458 35193 7582 136968 28320 66192 69258 163570 37569 19687 21522 116479 76802 9283 123443 18012 123222 7392 20300 9659 96307 106206 105231 92917 66421 33990 87612 0 109384 53965 161209 25188 138139 20563 9921 64834 106594 103580 46353 108197 62090 99782 125896 11660 70120 26398 8022 116062 12434 21930 38336 28355 36043 59120 71997 34232 33154 21428 15830 60891 96186 103534 64901 99080 61458 40294 38894 105491 108116 113253 50180 120142 72507
99009 75350 100623 115135 114557 97299 108995 62689 74299 100289 58524 81864 118866 109181 88449 105363 101946 74664 86659 67030 9679 65285 35262 79112 27854 63204 58118 180257 77847 60338 101531 132382 68943 94535 113468 71287 59747 110501 68977 94187 114583 83838 150967 68056 98185 76617 177726 93023 92471 73658 114014 154649 14021 92117 38649 168562 101204 73906 86897 101170 49158 111596 54286 56432 49406 46220 83019 89016 82995 109416 101296 61139 81628 41980 94262 123431 115632 93987 112791 116091 82059 100300 106939 66403 111507 122528 75358 106202 105559 22304 65762 21813 79561 88724 33017 77963 90018 105876 112989 127883 104978 111765 105240 104054 57495 79652 78681 126783 114612 108814 89885 142720 141810 149134 54532 134206 86170 106721 85137 75821 31044 132089 37241 37795 97018 101839 98207 65754 14991 52778 99343 94294 96505 92285 60994 112775 81037 57182 49093 111942 112867 130879 23393 94899 109442 134957 28179 110070 18442 83501 145837 76061 105812 142992 132414 123106 122791 156487 80210 125516 99214 19421 53431 110464 164328 127396 21676 113629 103755 100247 31485 27438 150600 55085 47566 134682 67142 109384 0 64737 132626 90014 28977 89392 105692 105858 122936 97322 77566 53956 166127 86639 49583 116025 126496 82997 101463 147310 97424 114284 94620 82641 99009 100286 111507 75358 87621 126061 100289 117497 54418 102820 132382 74299 80189 79775 140123 63928 101296 35262 101204 65576 180257
64430 83594 77903 63693 99368 112832 131165 69658 92046 52605 67501 17127 110745 52584 28607 66951 41987 86721 21977 84677 58768 23389 82695 112990 55726 86907 64893 126051 22120 5132 78958 103393 102644 115091 104108 94565 93346 60622 75875 95854 77297 116973 127155 70203 61092 82255 152406 29243 57311 102232 63630 105150 59514 65686 43727 141074 75231 90491 22482 52377 73964 91259 76750 85651 59031 52571 21534 97749 18765 80861 112732 68204 24350 60438 109749 109423 81566 62335 99717 95301 69037 73267 45406 9116 95613 104338 24717 82469 111142 79440 74789 43438 96778 36093 89933 86503 92051 86293 49211 69475 102126 56672 60818 54418 90030 83974 69532 118189 57355 68363 95480 96355 103333 169555 99174 105593 47990 52172 101976 83366 92897 92072 99683 99064 86790 53581 76363 10555 62732 27133 98244 41791 36052 45486 18630 107210 79428 20034 79625 47644 127731 82314 79476 54673 60969 120217 88405 50496 77662 97712 169689 35641 53873 151607 81687 98934 100571 173772 46322 73300 55194 66280 22904 51393 154026 70658 73292 55519 41674 44396 43864 73280 136575 76472 17221 86368 79354 53965 64737 0 160764 46971 93218 34237 55018 87669 123220 107682 12836 87933 115957 99342 98456 56599 103186 32594 47517 141355 45171 68305 62186 37935 64430 80367 95613 24717 24236 65254 52605 92477 78780 110616 103393 92046 22299 48670 91684 91093 112732 82695 75231 102281 126051
125766 78173 107883 155879 93707 49989 30350 91195 68718 145408 93274 171616 80578 163429 161395 131793 201110 74412 173429 76202 127353 177871 97494 53526 114540 75176 95870 197674 182698 156069 107512 119751 63938 45905 83660 66871 73599 151527 85398 72963 131123 48799 114953 91522 129455 80210 129890 172532 126936 60831 153547 169941 122469 114899 165701 129760 112755 70281 171632 147308 89957 102751 85867 79058 102331 109015 162237 66235 175903 116348 53123 92595 155531 103273 52623 91101 125858 121906 90261 103311 100385 114463 202791 168709 95270 98727 147080 108749 60239 112006 86098 135718 64069 150575 104408 75547 75024 102146 184714 176654 74859 161529 141212 149324 76370 79389 97274 80884 167192 135446 70002 157068 140730 23467 79113 119464 131541 158575 59154 78590 113351 140291 112959 109394 89760 146609 107005 169434 119599 133634 74460 151507 165800 142959 171741 77088 86024 169483 86515 186933 39559 156413 150055 133911 148800 93216 111486 170196 116211 63779 15730 135773 153663 46195 161507 109502 105988 33559 127274 161532 139702 151805 167938 169234 92534 172300 152048 168598 173229 158622 158233 105431 95181 85807 150155 157521 81440 161209 132626 160764 0 137710 135294 154318 151482 99903 64026 57637 169093 79667 178112 62873 85567 172854 108296 146943 155743 77849 151861 145834 122941 139946 125766 103663 95270 147080 168368 182194 145408 110619 84335 58055 119751 68718 183062 124042 160229 72052 53123 97494 112755 67052 197674
18445 61822 35755 26100 57754 87773 107470 54080 74082 10912 54933 45341 71344 26769 27836 19980 72465 66534 44168 69442 80888 70236 89500 101000 66985 75190 52436 90498 64518 46041 36674 56735 93028 93046 64931 79768 86443 21089 56658 65255 30341 103598 80868 50425 14548 59081 105607 39071 12596 88975 24564 64715 78503 24533 85709 94175 31749 72226 41651 12344 69207 48154 68782 78430 53641 51010 32502 71550 50228 35384 84925 53649 25571 60552 85307 67253 34695 18486 59154 51523 37351 29578 71729 55484 54148 60805 22256 38926 79802 94280 57799 69894 76900 14952 101613 63801 62762 44318 47183 43767 67137 26478 15545 15272 83509 59111 40827 77724 31519 21649 67709 53352 56960 140646 98684 58946 6427 22235 80351 61163 108822 45882 115324 113241 50499 12550 35122 57141 80247 37930 65201 13946 29373 5251 65577 69712 51937 66565 75998 49767 99666 40894 111129 7792 19612 76874 103440 32712 94630 75403 142971 14307 18581 117122 42491 53585 55774 142639 12482 36191 9390 100081 68686 31914 110640 41251 106390 32190 35977 20916 82941 83138 92614 67865 53420 44752 62460 25188 90014 46971 137710 0 117996 18910 17374 46228 86883 80184 45540 83226 76173 75501 101432 36239 57859 15050 18367 100303 14204 24448 17847 9174 18445 39376 54148 22256 36983 46530 10912 47286 71154 80811 56735 74082 62869 15107 50225 80306 84925 89500 31749 94985 90498
125504 93254 124748 143489 135940 109333 116686 83253 88566 128490 79283 110306 137881 138012 117425 132223 128528 91237 115193 82696 37267 90870 43585 84103 52283 76925 79681 208465 104467 88997 125568 156447 75937 104571 133225 83532 68938 138753 88406 112006 140950 88536 173094 89179 125109 95255 199530 121821 119353 82704 142269 182312 39550 117543 60459 191188 125993 88746 115552 129465 66118 134507 70818 69020 72147 70760 111948 104843 111122 134316 114660 81981 110601 63979 106666 143966 141374 120238 133690 138870 105442 125357 133878 94081 133271 144290 104234 130224 120842 29412 85033 50778 93198 117502 31987 95360 108164 128941 141828 156749 123311 140479 132954 132381 67920 98310 101472 145469 143455 135878 106786 170016 167673 154804 57390 158119 113746 135435 98117 93906 22044 158470 22967 26197 118278 130068 122293 93255 38210 81393 117591 122995 125482 120575 87394 131387 101432 83490 63179 140670 123655 158677 21029 122384 137556 155123 25012 139027 26616 97849 149966 104311 134327 154374 160486 146386 145598 163288 107553 153841 127035 32329 79455 139406 181864 156146 27031 142523 132710 129089 54873 41895 169871 71883 76187 162393 84985 138139 28977 93218 135294 117996 0 118279 134094 128578 138825 111546 105992 64527 193794 101185 50279 144968 149412 111740 130181 164052 126069 142002 120970 111009 125504 123793 133271 104234 116450 155030 128490 141236 70030 117504 156447 88566 107061 106772 167782 75737 114660 43585 125993 71388 208465
36979 76911 54662 29469 76659 104354 123971 66809 88438 19612 66670 27834 90222 19911 9085 36732 53661 81315 25831 82802 81201 56054 96066 114210 70756 87634 63957 93040 47932 35192 55583 73785 105330 108952 83781 93331 97688 26475 70739 82757 46331 117271 98201 64352 32826 74484 121977 20161 31506 102310 29406 70992 79954 43255 77004 110277 50636 86617 23244 18909 79040 66998 79710 89511 62659 58301 15031 88128 32542 53793 102107 65997 9887 68075 101698 86117 51631 37393 78056 70257 54296 48462 52819 41378 73057 79531 14047 57771 97660 97990 71213 67844 91894 3992 106747 79229 79913 63228 31006 38497 85510 23173 28376 20519 94534 75003 57067 96634 25277 36910 84598 62182 70454 158466 108117 75989 23807 18333 95914 76356 112515 59159 119271 117709 68890 20217 53982 43114 82365 37333 83209 7857 11512 14725 52365 88437 68317 54208 85754 32732 117066 48087 108224 26000 27067 95564 107344 21248 97524 91041 160390 19501 19638 135695 47518 71825 74219 160835 27083 39248 23822 95951 57127 21361 129219 38348 102718 24244 19347 10999 75803 88327 111110 78968 45869 52138 76064 20563 89392 34237 154318 18910 118279 0 20878 65134 105562 97230 29002 93631 81921 91554 109732 26890 76069 8056 13381 119185 11066 34725 36753 14374 36979 58244 73057 14047 18419 37332 19612 65663 82075 98373 73785 88438 45865 30327 57447 92624 102107 96066 50636 106592 93040
26128 77587 45044 9476 65372 101939 121548 70980 90132 6677 72059 47770 79909 12523 28557 21933 70103 82426 44816 85992 96843 76894 106815 117412 83808 92012 69618 74635 68114 55602 45708 56500 109804 107837 73989 96154 103516 5605 73039 78523 29084 119792 80850 66959 22146 74677 103211 36983 24771 105399 8766 50728 94802 36583 97145 91346 40263 88277 42236 5034 86529 55069 85977 95562 71014 68294 35489 85924 52165 40373 98368 70653 30722 77885 99705 73783 35196 29576 67554 57364 52161 38227 67859 62251 62158 66279 32378 46331 92178 111206 74439 84869 92545 19079 118796 79306 76595 52743 37138 26720 78482 10068 11495 2247 100634 74337 56194 85213 15710 20085 81788 41338 50298 152543 115993 58634 23398 7827 95552 76870 125782 39104 132345 130346 62247 5144 45292 63987 96744 52955 77526 13237 25101 13629 73240 79581 66878 75031 93312 40719 112619 27363 125970 17880 6536 81742 120429 20254 111382 90598 155588 29831 2488 127076 27405 56941 59895 153650 29787 19862 11826 114298 77856 18912 114440 23901 120857 17258 28152 13077 95391 100287 96206 85035 65341 31422 78977 9921 105692 55018 151482 17374 134094 20878 0 54938 96695 93876 49495 100452 61915 90344 118800 21530 60961 23825 8720 106551 9848 14454 28545 23086 26128 49200 62158 32378 37393 30786 6677 51440 88340 93721 56500 90132 65804 32171 36814 97137 98368 106815 40263 111946 74635
29170 40410 10473 57330 11772 53254 71503 45665 51868 50025 49446 90394 25240 67455 73985 33364 118515 44767 89902 52477 96265 110625 88704 78156 78061 59908 48899 101211 108065 84967 9573 29104 74497 60875 19079 59284 72625 53589 41853 29689 31229 78798 45131 39617 33430 37360 71924 85293 33633 67504 55000 72424 91940 22401 116934 62784 14824 50374 87469 51821 64116 5989 60452 66912 56771 59704 77976 39792 95304 16450 47858 46775 70761 64766 51988 21764 26061 27742 12939 10299 23878 16968 117948 96772 8040 17461 64857 8971 39685 99832 45067 91920 51338 61164 102566 40063 30149 2277 91480 77871 25050 64488 43643 53053 71007 34976 27250 31524 70157 36449 35213 58870 46287 98306 88325 30387 41935 62673 51597 39542 112414 42214 117543 114393 12929 50786 11435 98215 91905 66977 26165 59500 75303 50810 105049 24716 28883 104872 69214 94646 60347 56571 129228 39692 50839 32709 107202 75058 102056 47337 102068 52528 57367 72138 61615 18015 17031 98879 41625 61886 44107 121710 105751 73793 66376 73176 126491 72055 81111 65147 111857 87081 49210 59271 87216 57906 47008 64834 105858 87669 99903 46228 128578 65134 54938 0 41761 44410 89793 72742 82120 45481 93938 76286 20834 60166 61319 54354 58509 46583 28418 52746 29170 7304 8040 64857 82960 84460 50025 14156 62116 42234 29104 51868 106934 39043 61089 64202 47858 88704 14824 78449 101211
70794 47726 51808 98837 32296 32862 41822 61715 50263 91661 65717 128931 17687 109208 114081 75074 157981 48345 129161 56455 114358 144824 95282 64887 96478 61901 66992 133963 144834 119626 51066 56092 67368 40724 22799 55802 71207 95271 54795 29499 71628 62944 52164 57721 75005 46914 71775 125549 74481 59361 96525 106732 109305 62354 144162 68764 56478 50104 126872 93483 74055 42490 68988 69835 76104 81725 117191 34152 133755 57318 25960 63426 109946 81925 34432 27448 65668 68667 29481 41705 54211 58568 158010 132234 34943 35470 102931 50515 18024 109666 57725 115353 45823 101571 108027 45007 33781 43973 133061 119134 21103 106234 85397 94795 71482 44050 53887 16882 111892 77970 33078 94340 77116 57723 86093 55644 81800 104415 41491 47339 118666 77834 121912 118241 37011 92481 51965 133461 107947 98603 25514 100578 116245 91768 138842 17211 45424 137861 75803 136108 27735 95618 145527 80966 92531 29623 114354 116779 113067 41031 62701 90415 99119 30397 100951 46611 42986 57343 79867 102512 85727 141441 137832 115531 43620 114260 144612 113813 122455 106602 137829 98013 36321 68079 118661 96107 55818 106594 122936 123220 64026 86883 138825 105562 96695 41761 0 27728 127670 74651 114406 37684 93282 118039 44825 99705 102899 25402 99873 87835 69486 92172 70794 47807 34943 102931 122647 126053 91661 48988 69304 21639 56092 50263 144183 76808 98142 63466 25960 95282 56478 72346 133963
68317 24821 51051 98538 41616 8865 27762 39721 23222 87774 43149 116512 33544 105792 104702 74610 146136 23422 117776 30303 89269 127354 67962 38800 72163 34799 45106 145336 129792 103428 50817 69401 39898 16942 32837 28162 43494 94074 32755 15480 75014 37817 73818 37695 71911 25562 96751 116029 69299 31851 96218 116687 84126 57297 122109 91836 55830 23435 115793 89674 48174 48500 43047 42559 53643 59995 106200 9966 121057 60447 5055 41417 99248 57996 8266 43635 70327 64308 37992 50354 42983 57385 147226 116272 41836 48991 91121 52762 9952 82621 34867 92310 18350 93407 80452 21790 17423 46509 127301 119295 21089 103932 83757 91710 43873 23710 40285 38879 109585 78417 12663 103220 89263 62097 58408 69808 74094 100939 13762 24830 91090 86476 94215 90534 32844 88982 49907 117257 82395 81168 18277 94046 108641 85426 121210 27293 29151 119624 48980 129657 20171 100597 119337 76274 91365 51480 86890 112581 86181 13884 63253 79269 96041 46528 105457 57913 54914 66120 70152 104714 82082 116299 118923 111606 71343 115083 118923 110967 115899 101076 115294 71409 62474 42292 99994 102168 31581 103580 97322 107682 57637 80184 111546 97230 93876 44410 27728 0 114448 47122 126048 10683 65567 115222 58154 90115 98131 53123 94295 88830 65351 82916 68317 46925 41836 91121 112191 124620 87774 57114 42960 6090 69401 23222 129689 66906 105484 35898 5055 67962 55830 44837 145336
63906 91148 79566 57227 101562 120253 139114 77988 100595 48582 76316 4315 113969 44481 21032 64994 32032 94694 9349 93571 71562 28021 94724 122968 67704 96489 73611 116911 19053 17539 80583 102092 112864 123209 107346 103765 103834 54995 83716 101620 74961 126768 126353 77702 60089 89464 150668 17696 57337 111843 57597 97861 72188 67400 54472 139049 76255 98946 10417 47910 84350 92674 86703 95943 68742 62584 14024 104651 6907 80806 119496 76671 20075 71112 117265 111450 79929 62900 102361 96399 73701 74159 34351 14589 97831 105632 24967 83568 116965 92057 83041 56260 105044 32004 102432 93937 98076 88170 37130 59784 106755 49041 57294 49396 100516 90855 74973 121047 48656 65626 101958 90309 99447 176544 110616 104304 48230 45110 109979 90820 105632 88155 112429 111750 90731 49219 78358 16198 75359 36671 103385 36845 26939 42715 25652 111091 85553 28505 90324 35207 134615 76026 91852 53290 55882 121700 101084 40934 90373 105488 177230 37456 47890 156881 74654 99039 101079 180178 48303 66039 52357 78527 32278 42064 155591 61659 85552 46487 30977 37349 55560 85467 137744 86310 30053 80012 87778 46353 77566 12836 169093 45540 105992 29002 49495 89793 127670 114448 0 98647 108238 106815 110281 46847 103318 30499 41159 144092 39913 63652 62533 37409 63906 82545 97831 24967 13640 54554 48582 92679 88843 116843 102092 100595 17340 51149 85106 100922 119496 94724 76255 112850 116911
81465 32686 72695 108332 77093 44939 55044 30332 24620 93799 28498 102071 75837 109399 97863 88983 129895 29152 105223 20607 47840 101243 21050 26718 35538 13463 30847 167845 108574 82852 73185 101844 15939 40986 72177 19012 6090 103212 31393 49755 94651 31300 114016 35701 83077 35532 139398 107290 77967 19703 106380 139270 42871 70470 86126 132470 75725 25182 104091 95436 14664 78629 14504 5830 31083 36397 96028 41228 105509 83533 50133 30239 90800 27547 42187 83499 92687 75909 74194 82421 54052 76000 132926 94520 75227 85653 82046 77343 56627 36107 28587 56405 28833 90848 33378 33847 46496 73836 124098 126992 61075 109671 94228 98260 3571 38216 49258 82917 114489 93201 43920 125691 117593 95216 16094 103071 77055 105208 33596 33516 44016 110830 47533 43957 60431 95396 70404 94873 40138 62083 55512 94297 104493 87820 95309 69142 43877 92542 8324 124970 59809 117969 74064 83711 101046 93848 39771 113891 39959 33644 92206 74365 101803 90421 121505 90539 88812 102541 70744 117432 89763 73374 90405 113517 118069 124329 74707 114787 112634 101826 78621 26542 107388 15508 74265 120869 25786 108197 53956 87933 79667 83226 64527 93631 100452 72742 74651 47122 98647 0 150214 36990 21197 118526 92643 85579 100694 100017 96164 102276 76941 80670 81465 70221 75227 82046 102178 129123 93799 86761 12174 53139 101844 24620 109607 68283 125578 11228 50133 21050 75725 14427 167845
69674 120336 78479 52636 85108 134906 152011 120077 132752 66345 122627 105443 97538 63776 87707 62377 118903 125134 101232 131628 156895 136259 161532 159864 141989 138831 120844 19563 125132 117109 78227 58370 155126 142799 94936 139986 151543 56545 119134 111780 55571 160777 70022 114519 69208 117122 76627 92048 74921 148727 53166 11484 154244 79918 158877 66554 74814 131085 98977 65783 138328 77572 136182 144586 125253 124470 94981 121902 108906 67649 128932 120447 91723 133140 133901 87052 57915 75257 88710 75841 96186 74319 114299 122228 84318 79402 94287 74845 119758 168655 121697 146018 132977 80816 174672 120734 112177 80240 79635 50782 105372 59378 60895 63116 149310 115370 100990 97861 59706 58405 117316 24552 37387 170939 166307 58764 80058 63786 133656 119469 182923 40094 189108 186623 94803 64906 80533 123949 155729 113996 107829 74876 81321 74451 133440 101455 108140 135682 144659 83851 139375 35282 187253 71412 57114 86933 177488 67969 169507 129262 176800 90344 62551 140412 34525 68862 72269 168319 86255 42679 66916 175937 138839 66630 107495 47384 182379 62066 78936 71572 157298 156707 92715 135056 127243 31444 125112 62090 166127 115957 178112 76173 193794 81921 61915 82120 114406 126048 108238 150214 0 127558 170717 62701 69819 85739 68541 109828 71448 51845 74337 84122 69674 81772 84318 94287 94758 59161 66345 68936 138320 122979 58370 132752 122303 87214 26017 143655 128932 161532 74814 158564 19563
65706 15748 50152 95869 45433 13490 32554 30221 12648 83975 33325 109133 40401 101804 98527 72539 138729 13255 110739 19629 78613 118291 57618 33107 61623 24289 35491 146532 121453 94911 50142 72789 31766 17549 38122 18348 33871 91157 23545 16257 74423 33365 80241 29179 68910 17406 104346 109662 65573 23869 93594 117654 73466 54205 111886 98565 54622 12759 108882 85859 37495 50443 32368 32169 43672 50171 99429 5800 113543 60436 14931 31856 92675 47586 10450 49487 70414 61128 41984 53106 38275 55862 140163 107731 44778 53550 84272 52919 19668 72134 25173 81953 8264 87863 70367 12883 15394 47319 122158 116446 26150 100397 80932 88124 33887 16552 34706 46795 105951 76567 10289 103991 91604 70291 49322 73499 69199 97015 6132 16011 81004 87538 84393 80756 32771 85303 48574 108634 71716 72481 21413 89101 103057 80744 112130 33735 23576 110376 38388 124240 28852 99910 108679 72491 88524 58656 76670 108194 75638 3347 70440 72901 92363 56957 104493 61108 58513 75150 64593 102878 78529 105629 109489 107336 81089 112546 108241 107109 110600 96378 104986 60788 71035 31625 90735 101866 21415 99782 86639 99342 62873 75501 101185 91554 90344 45481 37684 10683 106815 36990 127558 0 56266 111311 62063 84102 93773 63030 89705 86882 62212 77181 65706 46338 44778 84272 105536 121102 83975 59197 32283 16384 72789 12648 121524 61385 105616 25853 14931 57618 54622 36489 146532
101478 53824 93691 127123 98142 61566 66644 50654 44676 112237 48169 114092 96158 126827 112802 108971 140086 50081 117840 41699 47131 107744 16202 33876 42748 34372 50146 188039 117288 93334 94212 123041 26660 55670 92859 37952 22483 121998 52452 70282 115163 38262 134898 56342 102764 56711 159993 121205 97435 34271 125285 159654 43347 90809 86830 153356 96563 45561 117078 113767 32635 99827 34557 27027 47825 51451 109938 61111 116921 104480 67728 50277 105553 41662 59313 104248 113477 95881 95174 103609 74773 96733 143846 103691 96357 106692 97082 98430 75431 27491 49514 60060 48015 107361 18841 54831 67264 95020 139253 144956 81463 127586 113488 116667 23241 59354 70014 102942 132089 113152 64259 146167 138624 104553 7410 124268 95519 122912 51813 54663 28253 131614 29533 25766 81612 113863 91368 103709 39869 75051 76028 111401 119993 105693 102256 89440 65068 98980 26092 139637 74668 137868 64618 102762 119989 114317 25927 130615 31640 53004 99916 91115 119940 105220 141153 111733 109982 113011 89040 136584 108655 67755 96120 130408 136901 142680 67088 132121 128115 118782 79280 26044 127281 35698 82817 140919 46960 125896 49583 98456 85567 101432 50279 109732 118800 93938 93282 65567 110281 21197 170717 56266 0 135637 113807 101795 118137 118648 113597 121838 96878 97757 101478 91322 96357 97082 115861 146290 112237 107947 32485 71655 123041 44676 118821 86883 145764 30929 67728 16202 96563 21774 188039
47651 98001 66522 20560 86419 123172 142826 90082 110316 27450 90631 43552 101070 9516 28356 42994 57368 102744 38985 105621 107996 74573 122458 137199 97543 111201 88034 70085 62642 59035 67161 74470 129046 128849 95279 115984 122109 22990 92888 99927 48440 139834 98125 86632 43670 95206 118142 29723 45934 125177 22583 53272 106832 57991 100319 106192 61710 108460 36926 25550 104156 76067 104246 114002 88017 84250 35099 107067 46569 61204 119769 89542 34567 94042 120861 94438 54773 51006 88755 78034 73037 59702 53597 61347 83323 86679 40873 67556 113694 124839 93958 94344 113060 28500 133455 99901 97879 74066 19001 12947 100007 11821 32644 23607 119078 95088 76819 106063 6296 40444 103016 48985 63653 174067 133550 76463 42666 14306 116349 97325 139379 53542 146125 144518 83770 26258 66815 63003 109255 64223 99035 24269 20560 31175 72492 100979 87753 75207 110944 23261 134102 35425 134154 38959 25662 101679 134190 6129 124410 111392 177110 44522 19238 148387 31996 76722 79913 175102 48362 23837 33181 121520 78785 5562 133493 15320 128407 4273 16329 16864 100188 114980 115349 103397 70985 38737 98656 11660 116025 56599 172854 36239 144968 26890 21530 76286 118039 115222 46847 118526 62701 111311 135637 0 80521 34273 17972 126820 22435 31795 49996 37935 47651 70696 83323 40873 33220 10653 27450 71687 106628 115194 74470 110316 59734 51243 42757 116299 119769 122458 61710 130804 70085
39427 59986 26840 60051 16670 66810 82681 66424 70450 57917 70249 103198 27719 72979 85154 39743 129523 63946 101826 72119 116872 126527 109296 95163 98756 79501 69732 89379 122187 101138 25809 11528 92847 75090 25624 77851 92013 57792 62291 45828 32129 95123 24969 60394 43371 57113 51678 95790 46093 85398 57949 61907 112624 38217 135718 42066 28259 69143 99265 59385 84732 14937 80898 86831 77559 80285 90331 56272 108078 22513 60304 67570 83426 85583 66351 17379 25842 40855 20229 10546 44439 30068 128038 112131 17575 9604 79055 21450 50697 120636 65572 111887 69011 72338 123160 59170 47642 20623 97949 78688 37067 68987 49695 59610 90662 54458 48039 28875 74231 40884 51976 49648 32434 102188 107882 11667 55375 68673 68119 59144 133101 33472 138126 134922 32232 58117 29037 113690 112663 85198 40790 69178 84637 61364 121290 31956 49129 121555 89610 101647 69691 52548 149835 50233 55311 21291 127920 80874 122885 64497 107502 67553 63431 72703 57978 4279 3856 100679 57075 61149 52596 141994 122869 79402 53526 73468 146941 76599 88983 73183 131045 107886 35295 79722 104978 52398 67140 70120 126496 103186 108296 57859 149412 76069 60961 20834 44825 58154 103318 92643 69819 62063 113807 80521 0 72839 68897 46657 67272 48737 41046 66008 39427 26319 17575 79055 94478 86734 57917 10710 82457 54236 11528 70450 120658 55155 53827 83476 60304 109296 28259 97117 89379
33415 69265 49764 33184 71866 97040 116595 58856 80628 20248 58650 30462 84934 26390 14625 34768 58441 73594 29738 74875 74524 55590 88283 106234 63296 79627 55931 98038 49468 32369 50744 71734 97302 101421 78393 85409 89633 29252 62934 75915 44969 109336 95911 56548 29595 66917 120518 26074 27008 94355 32579 74533 73000 37863 73483 109015 46135 78815 27328 20303 70994 62605 71655 81456 54622 50346 17819 80855 35371 50334 95042 58015 10663 60133 94325 81583 49630 32724 72973 66171 47370 43999 58309 40783 68184 75441 8585 53418 90984 90643 63318 61729 84187 5829 99182 71651 72905 58399 38951 45188 79305 28770 28236 22728 86478 67561 49844 91661 31856 35864 77457 64619 70739 151663 100104 73946 18231 23727 88321 68734 105207 59484 111929 110273 62784 21394 48804 42471 75277 30395 76690 11331 19313 12894 51208 82713 61060 52511 77713 40478 110076 50989 102577 22824 29088 91526 99986 28910 90332 83479 153352 11527 23367 129620 51226 68561 70662 154315 20146 43459 22625 90669 54970 28848 125372 44408 97305 31228 27312 17596 71577 80709 107425 70916 41535 55034 68179 26398 82997 32594 146943 15050 111740 8056 23825 60166 99705 90115 30499 85579 85739 84102 101795 34273 72839 0 18469 114495 14596 36006 32264 7534 33415 53058 68184 8585 22953 44858 20248 62223 74020 91511 71734 80628 47835 23365 60483 84605 95042 88283 46135 98542 98038
32149 80189 51094 16224 72201 105886 125577 72111 92427 11330 72698 39240 86510 8710 20132 29307 61492 84897 36149 87657 92945 68823 105346 119239 81152 93232 70117 79879 59595 48574 51860 64936 111078 111321 80387 98034 104195 13942 74952 83005 37369 121902 89343 68681 27905 77442 111906 28265 29030 107219 16440 57642 91310 41345 90379 100050 46499 90572 33579 9631 86402 62025 86367 96105 70384 66919 27239 89701 43555 47652 102788 71581 23200 76679 103483 80986 43324 34537 74143 64641 55536 44372 59414 54319 68839 73719 26517 53032 97197 108583 75992 80182 95267 12834 116759 82158 80722 59198 30168 27139 83967 10302 19220 9435 101184 77434 59146 92187 13976 28110 85765 49215 58977 157905 115847 67089 24781 5259 98686 79530 123173 47807 129845 128056 67460 10828 51013 56056 93496 48798 82527 7195 16401 13227 65424 85700 70196 67413 93199 33371 117357 34991 120936 22160 15253 89407 117896 14454 108442 93734 160565 27244 6776 133289 34173 64797 67611 159443 30390 25867 17214 108875 70421 13566 122422 25973 115573 14095 20142 4398 89087 98229 104190 85503 59089 39017 80699 8022 101463 47517 155743 18367 130181 13381 8720 61319 102899 98131 41159 100694 68541 93773 118137 17972 68897 18469 0 113949 4543 23170 33618 20442 32149 55109 68839 26517 28761 28461 11330 59074 88748 98450 64936 92427 57224 33287 44249 98332 102788 105346 46499 112863 79879
82425 71979 64731 106492 42630 57727 62821 85158 75551 102671 89276 144746 30803 118874 128137 84712 172747 73138 144218 81470 138486 163885 120561 89480 120336 87162 90228 128864 162193 138284 63756 55309 92592 65121 37370 81199 96608 103899 78498 53132 78413 87142 40483 80530 86689 70738 52053 139327 87741 84623 104332 104322 133511 76747 166274 52546 68554 75309 141767 104318 98826 52221 93822 95131 99365 104511 132312 59219 149655 66298 51077 86821 125106 105765 59568 33091 72075 81890 41751 49312 73218 70727 171965 150469 46321 40273 119131 61434 43404 134808 81623 138332 71203 115250 133395 69452 57334 56098 143688 125345 42691 115139 95077 104978 96870 67734 74118 23167 120525 86588 57616 93825 74654 64045 111432 53941 96270 114366 66882 71492 144033 78996 147313 143643 55139 103135 65772 151839 132355 118578 48152 113097 128892 104626 158104 35534 67617 157545 100927 147195 49170 98806 170156 93338 101313 25383 139679 126738 138130 66377 71491 106715 109039 32965 104225 50197 46917 59555 95820 107782 96954 165473 157965 125322 18326 120119 168953 122800 134067 118060 160297 122977 18168 92864 138943 98240 80244 116062 147310 141355 77849 100303 164052 119185 106551 54354 25402 53123 144092 100017 109828 63030 118648 126820 46657 114495 113949 0 111706 95152 82467 107096 82425 61559 46321 119131 137209 133350 102671 55175 94283 47035 55309 75551 161161 93089 98895 88848 51077 120561 68554 97582 128864
29423 75952 48159 18813 69625 101947 121643 67659 88119 9422 68200 38436 83747 13252 19212 27530 62403 80628 35861 83256 88812 67119 100840 114843 76763 88775 65610 83445 58707 45821 48974 64032 106619 107250 77517 93656 99688 15453 70599 79268 36401 117546 88490 64307 25138 73243 111685 28744 25564 102828 18506 60365 87080 37897 87463 99905 43702 86267 33256 8256 81862 59578 81847 91591 65841 62395 25890 85733 42983 45537 99000 67108 20879 72151 99498 78651 42078 31255 71408 62421 51536 41544 60767 52441 66178 71597 22964 50466 93633 104204 71586 76269 91037 9368 112306 77970 76873 56442 33350 31600 80623 14510 18126 9486 96669 73309 55028 89657 18503 26971 81860 51186 59570 154422 111305 66215 20553 9526 94542 75305 118796 48294 125454 123636 64043 9597 47910 54176 89218 44680 78983 3433 17366 8968 63405 82662 66140 65183 88658 36241 113662 37176 117169 18907 16012 87445 113506 18529 104114 89595 156927 22760 8897 130232 36933 63102 65762 156153 25972 28954 14781 105255 68017 17799 120742 30204 111899 18622 22607 6821 85887 93772 102536 80988 55836 41234 76312 12434 97424 45171 151861 14204 126069 11066 9848 58509 99873 94295 39913 96164 71448 89705 113597 22435 67272 14596 4543 111706 0 23738 30399 15931 29423 52074 66178 22964 28367 32972 9422 57187 84228 94774 64032 88119 56512 28924 46597 93870 99000 100840 43702 108371 83445
21455 75903 37951 11341 55691 97335 116558 72017 88691 15760 73872 62100 70452 24814 42858 14343 84344 80848 59251 85724 105053 90704 111267 116352 90413 92370 71736 67023 82413 68369 38336 42989 109780 103993 65067 95316 104574 9666 72688 73358 16752 118217 67081 67141 19216 72786 88875 51416 24403 104509 9213 40365 102453 33104 109277 76984 33086 86872 56666 15947 89206 45376 87831 96977 74877 73373 49628 81914 66556 30518 92941 72037 44340 82448 95444 63108 23085 26699 58354 46835 50106 31449 81863 75955 52892 55178 44494 37616 85711 117376 74661 94334 90306 32269 123989 77133 72154 44308 49678 31320 71352 20439 9051 14261 101952 71861 54690 74890 25513 10413 77500 28985 35886 144871 118231 45054 28266 21128 92527 75104 131791 24660 138130 135825 56122 14724 38928 77683 104014 62378 71377 26874 39514 23518 86772 71138 64241 88327 95835 53588 106416 16694 135565 19758 7918 69934 126368 32619 118026 87662 148613 38734 16543 117937 19326 44983 48239 145169 34586 15996 15102 124514 90923 31078 101759 26600 130838 27943 41920 27499 106930 105736 83588 86784 77087 20404 78784 21930 114284 68305 145834 24448 142002 34725 14454 46583 87835 88830 63652 102276 51845 86882 121838 31795 48737 36006 23170 95152 23738 0 25618 32890 21455 42173 52892 44494 51810 38449 15760 40176 90117 87784 42989 88691 80161 35860 25839 97443 92941 111267 33086 112490 67023
4664 50443 17954 33685 39907 73489 93054 46615 63210 22665 48725 62719 53602 40676 45671 12095 90284 55378 61854 60106 85038 85556 87198 90838 68702 66774 46755 91187 81268 60328 18849 41799 84162 79604 47258 69743 79050 28946 47072 49979 19999 92821 65052 41581 6709 47370 90758 56913 5281 78954 31435 63061 81733 8065 97005 79784 13924 61379 59369 24555 64290 30377 62580 71549 50934 50554 50041 57586 67631 18683 69824 46745 42927 58890 71329 49438 21482 1097 41355 33910 24612 11764 89571 71099 36308 43177 38030 21167 63745 94687 49081 76652 65062 32799 100360 51823 48126 26479 63685 54239 50352 38588 18741 26405 76485 46641 29113 59887 44254 16279 53365 49892 47265 124334 92971 43953 14355 35805 67633 49663 108790 37530 114876 112329 33888 23750 17524 72668 82771 46620 49073 31151 46920 22407 80423 52277 39048 80870 70793 66640 84106 41037 117111 11501 26315 59261 103356 47848 95816 62709 127164 26615 30763 99835 44631 36780 38605 125831 16666 41375 16821 107383 82430 46734 93116 50371 113144 45726 52969 37161 93151 82527 75215 61503 65281 44041 53169 38336 94620 62186 122941 17847 120970 36753 28545 28418 69486 65351 62533 76941 74337 62212 96878 49996 41046 32264 33618 82467 30399 25618 0 25124 4664 21723 36308 38030 54761 59269 22665 30339 64825 65198 41799 63210 79850 15620 48945 71838 69824 87198 13924 86891 91187
26724 62593 42382 32500 64472 89988 109599 52929 74250 17790 53085 37697 77437 29091 22050 29076 65951 67044 37208 68820 73758 61267 84909 100337 61012 73924 50424 97623 56185 36880 43375 65527 91714 94587 70887 79326 84417 27889 56561 68568 39470 103279 89481 50181 23196 60134 114499 33532 19943 88382 31393 72731 71741 30396 76675 103140 38888 72419 34825 18544 66243 55341 66484 76272 50083 46481 25248 73768 42612 43504 87813 52219 18017 56248 87326 74245 43632 25503 65515 59005 40047 36776 65840 46573 60775 68252 13252 46194 83579 88454 57179 62000 77607 10752 96417 64882 65638 51016 45189 47522 71793 30310 24289 21413 81335 60629 42710 84213 34417 30820 70272 61874 66120 144314 95616 67733 10861 25414 81567 62026 103046 55015 109672 107798 55259 19280 41356 48207 73734 29988 69235 13666 25877 9695 56504 75181 53956 57426 73025 47080 102808 48907 103199 16750 27023 84329 97731 33233 88484 76686 146115 6873 23427 122101 49931 61730 63693 146873 12780 42876 18203 91826 59516 32850 118209 45910 98259 34364 33547 21159 74085 77881 100337 65674 44396 52866 62003 28355 82641 37935 139946 9174 111009 14374 23086 52746 92172 82916 37409 80670 84122 77181 97757 37935 66008 7534 20442 107096 15931 32890 25124 0 26724 45602 60775 13252 30485 48576 17790 55336 68863 84177 65527 74250 54728 16024 58358 78969 87813 84909 38888 93216 97623
0 54448 18999 30258 40204 76620 96074 51133 67236 20871 53314 63785 54379 38550 46037 7519 90637 59393 62552 64378 89451 87816 91860 94899 73254 71132 51373 86569 82819 62882 19729 39008 88423 82979 48238 73882 83481 25765 51376 52861 15582 96771 62775 46004 4286 51333 88051 57016 7357 83066 27954 58403 86211 11655 100439 76878 14349 65418 60015 22689 68906 30217 67135 76038 55597 55169 50944 60905 68672 16939 72658 51301 44002 63547 74572 49336 17784 5605 42020 33299 28659 12230 89595 73209 36761 42564 39920 21056 66146 99320 53475 80777 68894 33134 105023 55699 51284 27061 62314 50987 52356 36005 15447 24118 80953 50448 33276 60238 41707 11744 56585 45230 43055 126416 97511 41198 16501 33710 71251 53650 113440 33082 119534 116991 36206 21703 19165 74819 87297 50317 51530 30672 46477 22285 82852 53617 42830 83485 75389 65481 86680 36509 121393 10980 23049 58585 108005 46010 100423 66357 129523 29231 28482 101191 40235 35150 37340 127575 20099 37373 14943 111501 85222 44796 92268 46890 117336 43383 51992 35998 96793 87179 74203 66051 68500 39446 57477 36043 99009 64430 125766 18445 125504 36979 26128 29170 70794 68317 63906 81465 69674 65706 101478 47651 39427 33415 32149 82425 29423 21455 4664 26724 0 23103 36761 39920 55290 56514 20871 28842 69368 67823 39008 67236 81245 19553 44312 76176 72658 91860 14349 91237 86569
23103 38801 4240 52436 19056 55600 74540 41731 51017 43914 45246 83199 31979 61649 67017 28269 111465 43493 82795 50517 90642 103339 84978 78123 72628 57895 44365 100460 100777 77685 3892 32724 73509 62725 25560 58310 70695 48365 38872 31571 28202 79197 51166 35683 27252 35614 77947 78381 26827 66964 50096 71537 86470 15208 110091 68337 9134 49381 80381 45757 60463 11749 57201 64418 51683 54067 70848 40919 88106 14172 50863 42648 63617 59818 53962 29068 24115 20954 19915 16260 18368 11017 111016 89469 15308 24442 57596 7140 43568 95402 41884 85620 51255 54260 98793 39004 31027 6127 85262 73168 29407 58979 38179 47215 68799 33669 22424 38611 64679 31797 36351 57822 47440 103405 86096 34337 34837 56813 52324 37926 108387 41693 113755 110724 14081 44798 4265 90914 86631 59934 29214 52872 68622 44105 97780 30599 26692 97635 65982 88303 64258 53790 123593 33172 45609 39955 103096 69101 97415 47739 106724 45241 51574 78187 58566 22820 22747 104472 34336 57912 37978 115676 98560 67897 73670 68688 120635 66435 74669 58795 105154 82674 56430 56022 80106 55583 44476 59120 100286 80367 103663 39376 123793 58244 49200 7304 47807 46925 82545 70221 81772 46338 91322 70696 26319 53058 55109 61559 52074 42173 21723 45602 23103 0 15308 57596 75916 79288 43914 17449 59043 45619 32724 51017 99663 31739 59278 62483 50863 84978 9134 77154 100460
36761 42542 18435 63914 3755 50663 67862 50019 52877 57514 54001 98431 17755 74677 81942 40334 126502 46408 97915 54657 101999 118504 92367 77873 83653 62012 53799 103698 116085 92842 17484 28012 75300 58715 12205 60281 74472 60447 45340 28523 36789 78032 39823 44109 41044 39743 66372 93219 41554 67903 61608 75266 97515 30441 124107 58007 22516 51569 95476 59274 67903 7633 63860 69432 62143 65627 85998 38978 103341 22376 44616 51301 78787 69917 49851 13829 31006 35672 5464 8518 30274 24690 125877 104722 0 11051 72893 15838 35604 104215 48676 98450 51522 69096 106211 41631 30109 9830 98954 84195 21065 71502 50741 60350 73173 37011 32954 23579 77128 43074 34586 62042 47428 92229 90358 28760 49955 69947 50880 41711 116299 45218 121144 117874 15088 58193 19474 106153 97261 74473 23838 67285 83102 58650 112890 18518 32121 112644 72498 102205 55831 61403 134900 47459 57720 25074 111195 82370 106665 47089 96452 60549 64615 65133 66627 16335 13854 92279 49644 67695 51633 127867 113439 81064 58505 79344 132430 79127 88752 72752 118851 91499 41599 62694 94786 62306 49906 71997 111507 95613 95270 54148 133271 73057 62158 8040 34943 41836 97831 75227 84318 44778 96357 83323 17575 68184 68839 46321 66178 52892 36308 60775 36761 15308 0 72893 90949 91145 57514 15495 65315 38685 28012 52877 114966 47029 64968 65927 44616 92367 22516 79548 103698
39920 68936 54687 41690 76629 97514 116816 57187 79549 28758 56382 26002 89015 33850 15828 42235 55329 72946 26683 73226 67158 48019 82935 104085 57135 77323 53620 106350 43326 24005 55714 78777 94686 101254 82397 83721 86501 37830 62035 77620 52590 107455 102694 55737 36447 66884 127751 25812 32971 92405 41140 83101 65966 42484 64904 116380 51537 77791 24674 28875 67382 67879 68617 78341 50975 45973 15158 81541 30828 56590 96131 56135 8816 55604 94657 86550 56873 38301 77395 71707 49303 49479 56112 33322 72893 80894 0 58846 92904 84210 61961 53858 83514 13701 93198 71532 74287 63267 42220 52525 82132 36731 36500 31312 83264 67904 51038 96080 39264 43729 78494 73185 78869 153104 95933 80983 23682 31733 88028 68496 98692 67662 105470 103996 65936 29947 53424 34954 68430 23424 79006 19589 22959 21128 43322 86234 61986 44385 73953 42926 111257 59574 94439 29963 37665 96928 93565 35093 83633 83316 154296 12533 31823 132397 59766 74782 76628 156285 23337 51911 30682 82364 46670 35321 130827 52190 89056 38290 31046 24908 63013 74884 113085 67988 32964 63619 66828 34232 75358 24717 147080 22256 104234 14047 32378 64857 102931 91121 24967 82046 94287 84272 97082 40873 79055 8585 26517 119131 22964 44494 38030 13252 39920 57596 72893 0 21310 51204 28758 68357 70934 93061 78777 79549 42085 26219 69068 82151 96131 82935 51537 95515 106350
55290 90240 72514 44424 94600 118733 138087 78385 100818 37601 77407 10734 107842 31111 9352 55119 35555 94254 7497 94389 80737 41561 100938 125003 74201 98245 74645 103272 30963 27673 73471 92105 115391 122558 101318 104851 106912 42700 83336 98379 64560 128480 116544 77045 51183 88162 140038 5483 49481 113430 45019 84509 80659 60752 67562 128269 68685 99068 4891 36611 87563 85123 89191 98806 71309 65796 6235 102696 14801 72161 117176 77284 12950 75088 115901 104199 69984 55320 95819 88499 69875 66522 35403 28135 90949 97781 21310 75898 113568 100081 83209 65882 104819 22163 109926 92823 95191 81134 25378 46162 102176 35802 46399 37638 103634 89123 71965 114481 35093 55114 99538 77446 87686 174045 115368 94304 41090 32191 109335 89794 114146 76468 120978 119959 85699 37951 71654 29784 83585 40810 99414 25745 13461 33116 39273 105666 83040 42021 93952 24504 132281 63134 103534 44333 43911 113841 109323 27294 98849 104615 175421 32958 35533 152507 61461 90231 92590 176959 42903 52807 42181 90434 45676 28432 147558 48031 97432 32876 17564 24642 68077 92189 129476 88633 40405 67066 88069 33154 87621 24236 168368 36983 116450 18419 37393 82960 122647 112191 13640 102178 94758 105536 115861 33220 94478 22953 28761 137209 28367 51810 54761 30485 55290 75916 90949 21310 0 41212 37601 84045 91464 113915 92105 100818 28491 46061 72041 102985 117176 100938 68685 115959 103272
56514 108092 75065 27241 94055 132719 152315 100528 120506 37142 101158 50868 108801 19804 37800 51132 59801 112878 45960 115972 118189 81575 133091 147528 108072 121651 98577 63796 68697 68108 75624 79621 139497 138608 103254 126290 132656 30928 103169 109233 55144 150087 102463 96954 52742 105244 120757 36899 55541 135503 29537 51076 117154 67327 108772 108887 70190 118649 44242 35270 114779 83709 114819 124563 98659 94902 44062 116709 53200 68802 129071 100023 44437 104695 130491 101547 61443 60315 96607 85282 82872 68275 55141 69141 91145 93575 51204 75578 122648 135322 104325 104311 123115 39112 144023 109911 107369 82205 20687 9347 108693 20718 41140 32989 129641 105013 86795 113339 15165 48082 112571 49601 66397 182651 144185 81485 52945 24323 126256 107398 149842 57282 156602 155036 92715 35799 75571 70728 119634 74613 108044 34911 29759 41569 80087 109164 97598 83056 121569 24789 143193 37592 143707 48611 33686 108021 144676 16112 134826 121299 185982 55175 28740 156268 33051 83162 86517 183318 58793 26497 42612 130900 86813 16013 138877 14504 137836 14378 23648 27516 109089 125564 120912 113960 80377 40133 108989 21428 126061 65254 182194 46530 155030 37332 30786 84460 126053 124620 54554 129123 59161 121102 146290 10653 86734 44858 28461 133350 32972 38449 59269 48576 56514 79288 91145 51204 41212 0 37142 78590 117200 124326 79621 120506 65626 61607 43061 126757 129071 133091 70190 141319 63796
20871 71032 39856 15213 60871 95733 115380 64303 83540 0 65392 47416 75197 18039 28327 18185 71824 75854 45097 79336 91294 75195 100407 110777 77776 85338 62959 79992 67542 52609 40599 54628 103133 101494 69100 89518 96842 10283 66396 72496 27009 113187 79087 60300 16664 68148 102458 38161 18486 98760 13795 54975 89073 30589 93610 90720 35214 81683 42491 1900 79914 50699 79318 88894 64484 61921 34642 79651 52066 36394 92333 63977 28872 71455 93443 69681 32656 23643 62828 53360 45730 33101 70135 60405 57514 62472 28758 41704 86408 105115 67773 79779 86020 16729 112518 72797 70430 47892 41458 33391 72955 16498 8802 4462 93965 67874 49678 80859 21981 17567 75576 44482 50988 146979 109367 56815 16759 13173 89114 70324 119671 39687 126192 124130 56547 1639 39869 62125 90907 47754 71734 11882 26743 8106 71126 74477 60458 72611 86692 44701 106727 31183 120986 11515 9234 78233 114297 25220 105402 84157 149824 24228 8412 122058 32162 53768 56489 148345 23197 25414 5937 109592 75172 24075 111417 30533 116044 23202 31397 15394 91427 94036 93200 78373 61489 35176 72323 15830 100289 52605 145408 10912 128490 19612 6677 50025 91661 87774 48582 93799 66345 83975 112237 27450 57917 20248 11330 102671 9422 15760 22665 17790 20871 43914 57514 28758 37601 37142 0 47926 81680 87814 54628 83540 65468 25516 40665 90463 92333 100407 35214 105269 79992
28842 54546 16960 51496 16985 65970 83355 59005 66004 47926 62608 92624 31302 63708 74746 29771 119233 58923 91354 66587 107834 115822 102225 92081 89939 74017 61792 88262 111521 90450 16004 15317 88629 73899 27038 73425 86753 48736 55669 43115 23447 92562 35270 52940 32868 51475 61707 85518 35406 81577 49288 59775 103748 27718 125405 51521 17717 64522 88804 49479 77659 8755 74196 80932 69111 71316 79784 53440 97514 11904 60056 59985 72834 77258 65006 22985 17166 30145 20361 7354 35797 19438 117910 101421 15495 15007 68357 11379 51099 112837 58810 102170 65343 61884 116066 54219 44008 12927 88570 71015 36537 59975 40008 49939 85094 49126 39855 34856 65397 31421 48909 46559 32412 106687 102418 16888 44676 59236 65329 53676 125746 29737 131039 127961 27028 48249 19327 102980 103988 74815 38920 58937 74537 50939 110597 33584 42886 110888 82979 92144 71258 46631 140746 39729 46139 30335 120474 71581 114864 61216 111301 56846 53926 78438 51964 6464 8580 106096 46400 53897 42428 132495 112241 70156 63608 65949 137621 67641 79214 63290 120879 100103 45455 73015 94460 47229 60988 60891 117497 92477 110619 47286 141236 65663 51440 14156 48988 57114 92679 86761 68936 59197 107947 71687 10710 62223 59074 55175 57187 40176 30339 55336 28842 17449 15495 68357 84045 78590 47926 0 75940 54156 15317 66004 110018 44539 49635 78347 60056 102225 17717 92602 88262
69368 23444 61274 96171 67504 43111 57026 18269 19884 81680 16329 92063 67981 97442 86689 76884 120503 21220 94932 12850 46687 93927 27285 34212 30887 9406 18724 155823 100051 73796 61823 91163 24037 41429 63638 17957 15617 91053 20275 41993 82750 38235 104732 23859 70925 25800 130636 96455 65797 23823 94213 127316 41525 58472 82267 123118 64080 19525 93651 83331 5749 68076 2381 7437 20202 26281 85262 35152 95745 72027 46878 18088 79736 19025 40005 74696 80992 63799 64860 72061 42289 64251 123194 85942 65315 76046 70934 66113 51548 40643 17160 52033 25186 79173 41019 25365 38228 63036 112750 114919 53329 97618 82054 86142 12474 28760 37529 75479 102490 81095 36787 113778 106210 97446 28146 92501 64949 93200 30840 24164 51333 99130 55884 52569 50283 83273 58931 86457 39564 52181 47618 82445 93092 75803 87854 61424 33331 85401 7194 113785 58898 105861 76419 71542 88878 85538 46447 102096 43858 29102 95524 62688 89721 88665 109358 80081 78603 103880 58677 105258 77601 73540 83688 101680 111926 112204 75979 102843 101212 89996 75005 28712 99926 3334 66387 108795 15457 96186 54418 78780 84335 71154 70030 82075 88340 62116 69304 42960 88843 12174 138320 32283 32485 106628 82457 74020 88748 94283 84228 90117 64825 68863 69368 59043 65315 70934 91464 117200 81680 75940 0 48585 91163 19884 100830 56169 113546 12480 46878 27285 64080 24587 155823
67823 29089 49834 97852 37994 12962 29298 43944 29029 87814 47588 118722 28498 105850 106135 73744 148300 28412 119743 35813 94616 130822 73921 44390 77264 40659 49357 142381 132675 106510 49479 65644 45917 21415 28639 34213 49576 93555 36888 15616 73311 43101 68644 41275 71606 29292 91097 117548 69447 37877 95517 113924 89490 57225 126709 86494 54702 29097 117680 89711 53668 45755 48543 48489 58136 64319 108024 14160 123350 58582 6077 45666 100967 62940 13520 38926 68295 64191 34361 47139 44142 56410 149143 119340 38685 44853 93061 50921 4072 88505 39302 97113 24321 94486 86490 26094 18786 44428 127994 118624 17621 103727 83251 91598 49917 27012 42024 33287 109414 77392 15220 100608 85908 60155 64490 65898 74899 100981 19852 28954 97130 83797 100292 96615 31713 88944 48959 120388 87860 84461 16407 94745 109678 86016 124703 22626 31304 123262 54771 130517 18915 98782 125004 76391 90819 46100 92896 112852 92021 19688 62161 80960 95960 42016 103772 54361 51189 63336 71402 103519 82016 121688 122727 111811 65252 114247 124458 110924 116727 101588 120007 77159 56579 47736 103684 100134 36435 103534 102820 110616 58055 80811 117504 98373 93721 42234 21639 6090 116843 53139 122979 16384 71655 115194 54236 91511 98450 47035 94774 87784 65198 84177 67823 45619 38685 93061 113915 124326 87814 54156 48585 0 65644 29029 132440 68165 103203 41925 6077 73921 54702 50870 142381
39008 69427 31797 53941 27785 78118 94194 74319 80498 54628 77923 101492 39197 67787 82766 37123 126353 73655 99577 81531 122706 126766 117533 105880 104958 88958 77088 77934 121132 101887 30928 0 103056 86342 37088 87927 101632 52538 70888 56535 27637 106028 24459 68254 42331 66417 49044 92773 46265 95787 52051 50762 118719 41179 138577 37989 31438 79094 96977 55836 92960 23235 89450 96014 84302 86293 88566 66990 106279 23685 71700 75302 82018 92472 77551 28688 22178 41912 31410 19798 51017 32691 124335 112099 28012 21128 78777 26254 62156 128126 74059 116457 79432 70319 131376 68906 57991 28136 92661 71092 48326 63406 45929 55501 100078 63949 55147 39771 68270 37062 62585 38995 21025 113143 117385 2212 55508 63876 78892 68565 141062 23692 146351 143265 41645 54508 34235 113729 119053 87987 51741 66386 81181 59418 121853 43466 57986 122485 98228 96575 81217 43685 155550 48943 50333 30292 135789 75608 130118 75070 118669 68199 58878 83228 49072 11686 14488 111251 58450 53366 49965 146967 124165 74067 59256 65765 152252 70803 84612 69323 134411 115398 41353 88269 107050 42943 76110 64901 132382 103393 119751 56735 156447 73785 56500 29104 56092 69401 102092 101844 58370 72789 123041 74470 11528 71734 64936 55309 64032 42989 41799 65527 39008 32724 28012 78777 92105 79621 54628 15317 91163 65644 0 80498 119341 57091 43693 93163 71700 117533 31438 107177 77934
67236 12792 54293 96649 54225 23479 39472 22615 0 83540 24563 103284 51490 100827 94594 74519 132626 7844 105397 7966 66509 109626 45021 27671 50054 11647 27153 151261 113991 87358 54524 80498 22629 23336 48278 7429 22216 91708 17699 25662 78059 29680 90450 24087 69860 15946 115328 105323 65707 16021 94467 122350 61348 55593 100987 108893 58213 1857 103747 85366 25324 57421 20256 19580 34026 40720 94606 16615 107447 65103 26999 23933 88238 36577 20308 59700 74890 62114 51050 60721 38604 59043 134567 100027 52877 62682 79549 58050 32277 59486 17634 70830 5418 84994 57929 12018 22952 53364 119415 116739 36788 100023 81794 87885 21722 17388 34150 58395 105377 78708 19587 108618 98017 79284 38080 81472 67656 96190 11182 13604 68551 92700 72148 68556 38981 84997 52320 100783 59445 64916 31387 87045 99907 79205 103468 44774 24796 101423 25761 121104 39383 102976 96140 72344 89215 69642 64131 106612 62993 9348 78287 69137 91932 68815 107181 68888 66716 85074 62256 104567 78528 93416 100198 105918 93521 113267 95839 106233 107758 94539 93908 48188 82832 19661 81894 105342 12825 99080 74299 92046 68718 74082 88566 88438 90132 51868 50263 23222 100595 24620 132752 12648 44676 110316 70450 80628 92427 75551 88119 88691 63210 74250 67236 51017 52877 79549 100818 120506 83540 66004 19884 29029 80498 0 114345 59212 109526 13771 26999 45021 58213 26687 151261
81245 105778 96769 72887 118706 135013 153437 91940 114345 65468 89800 18076 130887 59244 37311 82223 21808 108977 21317 106969 76014 17938 102777 135012 76200 109095 87192 129292 3223 27096 97794 119341 124574 137375 124251 116820 115150 71165 98102 117465 92095 139060 143640 92355 77416 104357 167797 30306 74665 124394 73509 112405 77762 84569 49643 156127 93535 112788 23781 64664 95886 109929 98847 107584 81238 74720 30865 119787 13700 98146 134744 90495 37347 82260 131948 128634 97167 80202 119411 113691 90019 91449 26827 15171 114966 122912 42085 100849 132801 97691 97067 60711 119067 49095 108612 108664 113767 105352 45751 72308 123166 64055 74241 65923 111845 105986 90929 138069 62715 82715 117377 105851 116044 191664 120105 121552 65529 60646 124244 105528 110211 104789 116826 116694 107381 65992 95502 15129 81189 49432 119558 53618 41690 59927 19773 127798 101161 23676 101340 42507 149791 91543 90411 70607 72294 138969 106187 54335 95357 119948 191916 54447 64000 173047 89655 116379 118412 195706 65344 80987 69495 76858 27827 55690 172866 75018 83745 60268 43414 53132 53041 93095 155051 98606 36006 95442 101646 61458 80189 22299 183062 62869 107061 45865 65804 106934 144183 129689 17340 109607 122303 121524 118821 59734 120658 47835 57224 161161 56512 80161 79850 54728 81245 99663 114966 42085 28491 65626 65468 110018 100830 132440 119341 114345 0 68092 100329 113203 134744 102777 93535 124011 129292
19553 47162 29253 40241 50783 74061 93706 38973 59212 25516 39898 52171 62825 41819 37988 25588 81197 51773 52380 54380 70294 71777 75594 85956 54780 60083 37447 102883 69108 46188 30313 57091 77922 78863 56199 64747 71385 35116 41676 52560 35065 88625 79739 35395 18413 44553 105831 49435 12702 73935 38412 75758 67288 17093 81510 95055 26909 57361 50134 27163 54448 42624 53805 63403 39324 37514 40433 57823 57026 33536 71794 38558 33216 46680 71443 60806 37088 15299 51340 46744 24026 25102 81459 57759 47029 55699 26219 33998 67620 81553 42722 61234 62243 26538 88164 49300 49615 37626 60775 58786 56158 41557 27030 29976 68478 44856 26768 69979 46625 29116 54271 63251 62601 128310 83875 59207 8786 37336 65957 46545 95940 52451 102270 99975 39798 27116 27697 59224 68605 31021 53366 27885 41772 20068 66348 60032 38019 66454 61214 62893 86784 52483 101957 16161 33137 71548 90515 47401 82304 61039 130092 13695 33587 106489 55039 50983 52285 130967 3246 49807 21813 91952 67714 46721 105364 56048 97818 47247 49219 35338 77552 69878 87924 52866 50035 56001 47414 40294 79775 48670 124042 15107 106772 30327 32171 39043 76808 66906 51149 68283 87214 61385 86883 51243 55155 23365 33287 93089 28924 35860 15620 16024 19553 31739 47029 26219 46061 61607 25516 44539 56169 68165 57091 59212 68092 0 61282 65199 71794 75594 26909 79892 102883
44312 96863 55545 28025 66607 114313 132501 95279 109526 40665 97595 82762 80541 41099 64147 36864 100100 101760 79015 107687 130880 112975 136038 137028 116031 114717 95683 42280 102949 92409 55493 43693 131524 121778 76666 116572 127286 31268 94909 90504 31467 138337 62943 89930 43476 93655 78333 70147 49131 125544 28091 14533 128232 55116 133932 66628 51349 107787 76588 40266 113215 57561 111345 120057 99670 98651 71372 100164 86672 45222 108917 95528 67334 107463 112930 70966 35249 49917 69991 56973 71865 50489 96326 98553 64968 62762 69068 52845 100404 142800 97275 120112 110297 55892 149034 97579 90282 58976 61464 33716 85718 36276 34884 37756 124894 92193 76654 82678 38185 32762 95581 6567 25366 155805 141660 44960 54041 39998 111596 96014 157125 20366 163368 160949 73053 39298 57325 100289 129734 88114 87254 50018 58661 48744 109672 83218 84732 111637 119672 65782 120793 9499 161349 45407 31492 73984 151692 46878 143584 106971 160753 64452 37813 126529 10819 51562 55200 154504 60256 19412 40928 150169 114570 45355 100868 28770 156552 40852 57924 47789 132009 130954 83839 110245 101999 5492 100971 38894 140123 91684 160229 50225 167782 57447 36814 61089 98142 105484 85106 125578 26017 105616 145764 42757 53827 60483 44249 98895 46597 25839 48945 58358 44312 59278 64968 69068 72041 43061 40665 49635 113546 103203 43693 109526 100329 61282 0 119660 108917 136038 51349 134686 42280
76176 23810 65362 104430 67508 33906 45534 26231 13771 90463 25955 104041 65259 106953 97770 83647 132700 19537 106746 12028 57062 106401 32201 22073 42624 5125 28680 161759 112466 86140 65732 93163 12753 30612 61944 7798 8566 99363 24813 39355 88339 25886 104042 30369 78275 26930 129064 107858 73555 11352 102359 132960 51953 64763 94002 122497 68842 14642 105372 92200 17943 69948 14358 7511 32186 38524 96759 30330 107829 76265 38929 26777 90967 31492 31076 73346 85780 70765 64441 73496 47812 69382 135257 98359 65927 76026 82151 69615 45446 47130 22828 63845 17645 89513 44568 24310 36413 65504 123525 123853 50544 106727 89883 94904 8035 29229 43047 72152 111822 87881 33337 119269 109884 85978 24495 94255 73947 102529 22381 24683 55208 103835 58546 54919 51521 92007 63201 98894 49554 64322 45100 92352 103848 85190 100331 58543 35792 97864 15034 124775 49085 112539 84752 79772 97030 83395 50999 112069 50883 22515 83631 73127 98706 79550 116411 81665 79691 92842 67965 113018 85941 83316 96113 111546 106939 120798 85064 112380 111910 99924 86634 36822 96570 14633 78866 115191 18718 105491 63928 91093 72052 80306 75737 92624 97137 64202 63466 35898 100922 11228 143655 25853 30929 116299 83476 84605 98332 88848 93870 97443 71838 78969 76176 62483 65927 82151 102985 126757 90463 78347 12480 41925 93163 13771 113203 65199 119660 0 38929 32201 68842 15062 161759
72658 29733 55041 102818 44020 7145 23699 44599 26999 92333 47946 121550 34470 110366 109639 78795 151173 28044 122793 34440 93417 132350 71127 39091 76544 38353 49965 148310 134843 108470 54746 71700 41517 15529 34714 31132 46079 98423 37674 19845 78777 37508 74505 42710 76331 30578 96570 120984 73882 33568 100490 119797 88262 61790 126762 92246 59871 27446 120801 94233 52239 51584 47128 45894 58400 64807 111198 14995 126101 64105 0 46284 104231 62510 8493 44964 73896 68793 40384 53095 47824 61502 152239 121314 44616 50930 96131 56423 9913 85970 39688 96871 21816 98269 83275 26707 22207 50019 132077 123590 23563 108410 88106 96217 46767 28762 45238 38925 114077 82532 17640 106433 91912 57052 60449 71967 78879 105505 16556 29778 93891 89636 96734 93020 36827 93514 54025 122294 86424 86195 21761 98813 113498 90159 126203 28689 34147 124592 52606 134476 15134 104311 123066 80853 95701 51871 89854 117228 89624 17860 58311 84242 100561 42030 109246 60388 57238 61084 75041 108761 86600 120382 123857 116231 69394 119304 122837 115507 120707 105793 119892 75051 61722 46435 104957 105753 36227 108116 101296 112732 53123 84925 114660 102107 98368 47858 25960 5055 119496 50133 128932 14931 67728 119769 60304 95042 102788 51077 99000 92941 69824 87813 72658 50863 44616 96131 117176 129071 92333 60056 46878 6077 71700 26999 134744 71794 108917 38929 0 71127 59871 46509 148310
91860 50720 86733 115530 94672 65986 75119 43247 45021 100407 39851 98622 95151 113953 98458 99211 124140 48175 102530 39508 31465 91543 0 44075 27020 33399 41150 178123 101191 77592 87398 117533 34315 61781 90913 39998 25974 110445 47042 69069 106390 48788 131935 49302 92595 53067 157912 106344 87025 40063 113837 150252 27369 81987 71227 150288 88944 45273 101893 101813 24589 94691 28535 25450 36403 38535 95146 61415 101279 97158 71127 42376 91179 28962 63234 101980 105486 86275 92095 98816 67243 88780 128022 87677 92367 103190 82935 91883 77282 15196 43733 43887 49613 93985 13865 52534 65420 89438 124858 132414 80440 115117 102588 104760 24531 56041 62727 102543 119317 103278 63599 137050 131362 114720 19550 118982 83934 110297 54573 51447 24048 123433 28839 25746 77287 102045 84311 87653 23956 60258 74753 98408 105892 93396 86064 88547 60256 82780 20139 125006 80734 127683 53535 91731 108633 112804 19241 117193 19221 54278 110997 78112 107738 111399 130555 106719 105440 122497 77392 125343 97359 54314 79923 117104 138468 130513 54784 119134 113949 105612 63643 9844 127028 29691 66795 130973 42704 113253 35262 82695 97494 89500 43585 96066 106815 88704 95282 67962 94724 21050 161532 57618 16202 122458 109296 88283 105346 120561 100840 111267 87198 84909 91860 84978 92367 82935 100938 133091 100407 102225 27285 73921 117533 45021 102777 75594 136038 32201 71127 0 88944 30547 178123
14349 45625 4894 43303 26052 64426 83517 46088 58213 35214 49147 76562 40049 52757 59584 19136 104204 50486 75770 56815 91525 98497 88944 85679 74047 64038 47812 93086 94860 73002 5451 31438 80391 71352 33888 65330 76781 39262 44429 40394 19910 87026 52987 40244 18606 42410 79352 70788 19205 74234 40963 64204 87683 10003 107725 68938 0 56493 73290 37021 64786 16470 62062 70013 54059 55372 63935 49378 81477 8330 59871 46722 56794 62277 62669 35514 16977 13411 27706 20170 21836 2178 103440 84250 22516 29378 51537 7314 52697 98305 47138 85020 58971 46696 102600 46242 39506 12741 76663 64034 38523 49957 29121 38329 74634 40855 26556 46075 55649 22691 44864 50484 42419 112471 91774 33402 28034 47947 60493 44766 111797 35111 117465 114605 23045 36005 6048 85772 88208 57117 38295 44769 60586 36150 93167 39328 33447 93349 70745 79822 73379 45290 124270 24943 36505 45446 106425 60301 99981 55775 115849 39621 42667 86874 49901 24120 25394 113396 28944 48896 29291 115538 94618 59058 79336 59567 120866 57458 66298 50326 103286 85708 61548 60904 76749 47342 50347 50180 101204 75231 112755 31749 125993 50636 40263 14824 56478 55830 76255 75725 74814 54622 96563 61710 28259 46135 46499 68554 43702 33086 13924 38888 14349 9134 22516 51537 68685 70190 35214 17717 64080 54702 31438 58213 93535 26909 51349 68842 59871 88944 0 83757 93086
91237 38353 80166 119368 80808 40079 45321 40966 26687 105269 40176 116206 76890 121523 111276 98709 144217 33736 119241 27000 60537 115617 30547 13543 49699 20120 42800 176750 122995 97211 80496 107177 4997 33910 74354 19269 9052 114288 39875 51855 103333 18267 116576 45377 93311 41543 140831 120990 88545 12993 117316 147925 55791 79823 99600 134956 83757 28093 118035 106984 28523 84066 26925 17175 44652 50370 109772 41875 119728 91060 46509 41336 104313 41847 38024 85779 100659 85820 77562 87406 62859 84349 147166 108935 79548 89209 95515 84262 54787 45414 37841 70266 28564 103626 39417 38392 49522 79871 137322 138641 62518 121449 104878 109720 12353 43585 58101 83172 126467 102943 45641 134222 124437 84313 14364 108159 88667 117168 31311 39228 49570 118664 51297 47531 65608 106828 78050 109295 52771 76215 57441 106722 117657 99789 109702 70217 50502 106903 22672 138372 52894 127599 83805 94694 111982 95145 46484 126419 49572 33462 80452 87158 113461 83467 131472 95574 93394 92328 82574 128034 100848 84794 104705 125952 115893 135676 85310 126943 125770 114289 92040 38442 107193 27628 88690 130239 33778 120142 65576 102281 67052 94985 71388 106592 111946 78449 72346 44837 112850 14427 158564 36489 21774 130804 97117 98542 112863 97582 108371 112490 86891 93216 91237 77154 79548 95515 115959 141319 105269 92602 24587 50870 107177 26687 124011 79892 134686 15062 46509 30547 83757 0 176750
86569 138711 96992 65164 104578 154199 171470 137555 151261 79992 139870 113630 117098 73567 97444 79094 122654 143565 108990 149757 171286 144642 178123 178569 157308 156855 137940 0 132313 127872 96815 77934 173469 162020 114442 158413 169475 69757 137067 130900 73420 179631 88723 132177 85540 135496 92524 99740 91100 167273 66244 28925 168999 97375 169656 83408 93086 149559 106993 79087 155475 96835 153625 162306 141723 140394 104576 140924 116487 86288 148310 137808 102463 149406 153121 106616 76400 92171 108169 95249 114030 92408 117390 131354 103698 98958 106350 93657 139205 184377 139491 159501 151714 92650 190973 139260 131138 99271 84321 57194 124763 69869 75937 76213 167122 133877 118828 117394 68696 74946 136331 42652 56945 190392 183930 78318 95113 74742 152604 137852 198810 59010 205153 202832 113763 78428 98942 133027 170729 127577 127084 86774 90229 87972 142533 120971 126529 145154 161948 88214 158901 50455 200558 86765 70912 106339 193389 75983 184952 148131 196317 104210 74726 159773 48037 88373 91801 187629 101538 54774 81633 188697 148620 74901 125611 55411 195342 70602 86258 82159 168813 172755 111491 152524 138908 47176 143107 72507 180257 126051 197674 90498 208465 93040 74635 101211 133963 145336 116911 167845 19563 146532 188039 70085 89379 98038 79879 128864 83445 67023 91187 97623 86569 100460 103698 106350 103272 63796 79992 88262 155823 142381 77934 151261 129292 102883 42280 161759 148310 178123 93086 176750 0
