StringID  Type  x          y          demand  ReadyTime  DueDate  ServiceTime
D0        d     11035.44    17409.06    0.0     0.0        86400.0  0.0
D1        d     -24762.72   -16655.78   0.0     0.0        86400.0  0.0
C001      c     -56647.19   -24818.18   104.0   3829.0     22163.0  208.0
C002      c     1928.61     31513.01    522.0   1006.0     20159.0  1044.0
C003      c     -84382.50   31500.61    678.0   3940.0     24877.0  1356.0
C004      c     68031.19    -55578.06   675.0   3525.0     24603.0  1350.0
C005      c     -79256.36   -27199.70   334.0   3620.0     22607.0  668.0
C006      c     37781.51    52926.87    795.0   1570.0     21257.0  1590.0
C007      c     59068.71    -46447.29   467.0   4636.0     23886.0  934.0
C008      c     25949.12    12999.38    705.0   1057.0     22192.0  1410.0
C009      c     46050.53    26460.10    615.0   1149.0     21374.0  1230.0
C010      c     -41768.49   -46929.75   127.0   2017.0     21173.0  254.0
C011      c     53166.19    -20121.57   763.0   1681.0     21290.0  1526.0
C012      c     -76594.50   55552.40    249.0   2305.0     21292.0  498.0
C013      c     -52071.97   8407.40     320.0   1934.0     21956.0  640.0
C014      c     45632.60    -33704.10   592.0   2079.0     22370.0  1184.0
C015      c     9730.41     23584.79    382.0   3515.0     22359.0  764.0
C016      c     -13962.80   4244.81     221.0   2001.0     22245.0  442.0
C017      c     42459.64    3164.70     101.0   5138.0     24778.0  202.0
C018      c     -17085.16   -52196.30   797.0   2286.0     22927.0  1594.0
C019      c     -34889.72   -58954.83   565.0   2843.0     22721.0  1130.0
C020      c     44634.79    15871.36    820.0   1220.0     21025.0  1640.0
C021      c     62162.37    5444.16     504.0   3713.0     24719.0  1008.0
C022      c     61374.26    -51007.19   427.0   1885.0     22443.0  854.0
C023      c     7948.32     43622.83    627.0   3765.0     24009.0  1254.0
C024      c     62180.16    -36341.80   681.0   2779.0     23362.0  1362.0
C025      c     17789.80    25437.15    420.0   3921.0     24097.0  840.0
C026      c     1285.96     45720.60    370.0   2535.0     21964.0  740.0
C027      c     -38485.88   -35146.60   634.0   3598.0     24846.0  1268.0
C028      c     26259.81    23218.08    602.0   4977.0     25047.0  1204.0
C029      c     43992.72    -74601.48   441.0   3282.0     23225.0  882.0
C030      c     67903.90    -35357.45   239.0   935.0      20694.0  478.0
C031      c     70442.85    -7069.66    156.0   3441.0     22499.0  312.0
C032      c     -54715.67   -32766.42   505.0   1679.0     21920.0  1010.0
C033      c     -24579.58   -1463.70    669.0   1558.0     22445.0  1338.0
C034      c     -11944.99   -9315.43    611.0   1619.0     22121.0  1222.0
C035      c     -10152.07   -6901.96    792.0   2739.0     22477.0  1584.0
C036      c     -64512.00   -5973.79    408.0   1092.0     20749.0  816.0
C037      c     43531.94    4757.17     270.0   5198.0     25177.0  540.0
C038      c     -13938.15   8937.93     630.0   1943.0     22171.0  1260.0
C039      c     68839.56    -22234.64   748.0   4134.0     24433.0  1496.0
C040      c     63009.89    -40638.79   409.0   3426.0     24182.0  818.0
C041      c     43550.66    -26713.20   370.0   3282.0     24001.0  740.0
C042      c     -9166.60    -10141.17   678.0   2737.0     23103.0  1356.0
C043      c     -6969.17    50351.28    332.0   1448.0     21280.0  664.0
C044      c     -32384.32   -17909.89   281.0   749.0      19850.0  562.0
C045      c     -10770.97   -5346.38    823.0   4871.0     24748.0  1646.0
C046      c     -45596.88   -3536.75    667.0   5082.0     25091.0  1334.0
C047      c     64694.34    7395.83     470.0   2782.0     23395.0  940.0
C048      c     48976.26    -6134.63    541.0   3214.0     23312.0  1082.0
C049      c     -40641.32   -1381.04    540.0   5312.0     24495.0  1080.0
C050      c     -24244.86   -17484.73   623.0   4471.0     25046.0  1246.0
C051      c     53782.40    -503.71     781.0   4063.0     24836.0  1562.0
C052      c     39231.39    38798.09    802.0   5153.0     26506.0  1604.0
C053      c     -8330.96    -6160.57    593.0   1475.0     21658.0  1186.0
C054      c     -30818.43   11921.28    793.0   3746.0     23631.0  1586.0
C055      c     -66750.30   -38201.03   103.0   3202.0     21930.0  206.0
C056      c     -19426.70   -27120.78   724.0   5211.0     25663.0  1448.0
C057      c     45373.32    -59611.82   429.0   4862.0     24858.0  858.0
C058      c     40342.22    9678.10     174.0   3103.0     22003.0  348.0
C059      c     -71394.73   -20542.47   771.0   2265.0     22623.0  1542.0
C060      c     -46539.96   -6048.02    484.0   2278.0     21533.0  968.0
C061      c     -39945.85   31068.52    183.0   4181.0     23849.0  366.0
C062      c     46207.83    981.81      346.0   3264.0     22212.0  692.0
C063      c     31035.40    77416.56    535.0   1309.0     21110.0  1070.0
C064      c     -42101.17   -7017.81    395.0   1322.0     20742.0  790.0
C065      c     -67604.45   -11406.90   744.0   2275.0     23347.0  1488.0
C066      c     -48503.56   3597.97     506.0   2211.0     22618.0  1012.0
C067      c     103523.61   48195.73    413.0   1622.0     22057.0  826.0
C068      c     55830.07    -34068.93   211.0   5107.0     25194.0  422.0
C069      c     8866.77     9206.52     546.0   2360.0     21982.0  1092.0
C070      c     -42243.41   16720.10    182.0   1716.0     21089.0  364.0
C071      c     -14887.53   -6602.98    582.0   1201.0     22107.0  1164.0
C072      c     -11000.33   -33444.61   246.0   3497.0     21995.0  492.0
C073      c     66642.73    7026.96     792.0   3895.0     24994.0  1584.0
C074      c     -29859.53   20812.04    376.0   5290.0     25832.0  752.0
C075      c     -26052.81   138.34      638.0   3736.0     23677.0  1276.0
C076      c     -17357.34   10641.50    112.0   752.0      20405.0  224.0
C077      c     74230.36    -57356.55   517.0   4277.0     23362.0  1034.0
C078      c     59154.96    67708.10    149.0   4141.0     23349.0  298.0
C079      c     -13085.76   1219.76     794.0   2957.0     23567.0  1588.0
C080      c     -27142.59   -12498.82   394.0   1341.0     20267.0  788.0
C081      c     50129.49    -50247.89   625.0   5213.0     24754.0  1250.0
C082      c     51551.43    -28962.04   708.0   4340.0     25745.0  1416.0
C083      c     -32738.97   -1151.64    614.0   3274.0     24186.0  1228.0
C084      c     -39046.49   27188.69    222.0   2892.0     22062.0  444.0
C085      c     -76692.43   -21155.22   532.0   1540.0     21666.0  1064.0
C086      c     -12285.49   -24838.61   509.0   4572.0     25156.0  1018.0
C087      c     -71779.83   27497.04    470.0   4952.0     25136.0  940.0
C088      c     -22304.35   22281.74    744.0   2141.0     23214.0  1488.0
C089      c     37796.63    -5559.98    674.0   1395.0     21885.0  1348.0
C090      c     32105.57    23969.39    317.0   2331.0     22400.0  634.0
C091      c     27728.53    40134.03    477.0   3877.0     23232.0  954.0
C092      c     -43640.10   25349.61    509.0   2765.0     23124.0  1018.0
C093      c     -4919.61    23589.23    495.0   33476.0    53685.0  990.0
C094      c     -51024.92   9543.74     532.0   37373.0    57319.0  1064.0
C095      c     7416.07     41928.28    752.0   33101.0    54521.0  1504.0
C096      c     54756.81    24788.85    605.0   36473.0    56802.0  1210.0
C097      c     73429.66    31057.32    394.0   34425.0    54975.0  788.0
C098      c     25555.52    -7565.14    354.0   35722.0    56253.0  708.0
C099      c     45418.37    3247.20     722.0   33920.0    53413.0  1444.0
C100      c     -38103.40   1514.02     380.0   37344.0    56532.0  760.0
C101      c     25936.98    -11713.77   630.0   33493.0    53061.0  1260.0
C102      c     -45755.98   -45279.99   285.0   33780.0    52438.0  570.0
C103      c     20681.58    48406.06    761.0   36686.0    57124.0  1522.0
C104      c     -55111.12   -4496.58    163.0   35390.0    54158.0  326.0
C105      c     -44515.30   -26078.03   645.0   35112.0    55697.0  1290.0
C106      c     -27900.92   16567.62    173.0   36367.0    55882.0  346.0
C107      c     -69400.77   -63132.70   762.0   35402.0    56272.0  1524.0
C108      c     37688.51    4582.16     775.0   37708.0    58926.0  1550.0
C109      c     -49746.00   -42054.20   320.0   36910.0    56138.0  640.0
C110      c     41078.05    -3432.22    329.0   36280.0    55470.0  658.0
C111      c     28387.85    -61044.34   347.0   37550.0    56469.0  694.0
C112      c     -32863.28   -73498.05   286.0   37546.0    57876.0  572.0
C113      c     52780.03    -41167.55   146.0   33239.0    51775.0  292.0
C114      c     72623.37    -1811.81    464.0   34152.0    53666.0  928.0
C115      c     25809.50    -42805.68   398.0   36748.0    56242.0  796.0
C116      c     46664.26    -8332.99    374.0   36763.0    56776.0  748.0
C117      c     23281.75    -12477.24   683.0   33946.0    53331.0  1366.0
C118      c     -96131.37   56572.78    769.0   33243.0    54308.0  1538.0
C119      c     -45409.44   -65631.88   589.0   34363.0    55330.0  1178.0
C120      c     -24386.81   -49275.83   258.0   33084.0    53070.0  516.0
C121      c     -4734.15    24639.50    812.0   37082.0    57078.0  1624.0
C122      c     -18308.04   52429.62    818.0   33340.0    53046.0  1636.0
C123      c     64500.90    -8915.89    558.0   37638.0    57864.0  1116.0
C124      c     61698.96    19966.13    314.0   36052.0    55742.0  628.0
C125      c     17454.31    42601.43    210.0   33661.0    53243.0  420.0
C126      c     51373.48    -1194.64    168.0   33317.0    52979.0  336.0
C127      c     57218.67    -15575.50   385.0   35742.0    55536.0  770.0
C128      c     -46172.25   7889.07     735.0   37561.0    57050.0  1470.0
C129      c     28243.96    -1031.43    124.0   37400.0    55782.0  248.0
C130      c     30723.83    24285.03    214.0   36180.0    56026.0  428.0
C131      c     -28961.71   26928.88    554.0   35493.0    55253.0  1108.0
C132      c     75081.22    2225.58     328.0   33783.0    54231.0  656.0
C133      c     -9386.59    75203.03    339.0   36631.0    56939.0  678.0
C134      c     22055.02    -2610.90    209.0   36075.0    55928.0  418.0
C135      c     -24064.87   10491.92    731.0   34505.0    55615.0  1462.0
C136      c     29847.86    6688.67     376.0   36785.0    57102.0  752.0
C137      c     -15176.58   101373.50   562.0   33930.0    53761.0  1124.0
C138      c     -53287.09   -33496.15   298.0   33847.0    52863.0  596.0
C139      c     -20221.86   6204.32     567.0   33692.0    53198.0  1134.0
C140      c     60598.13    -1874.47    551.0   35326.0    55933.0  1102.0
C141      c     -48789.75   10237.21    171.0   35182.0    53874.0  342.0
C142      c     -68792.34   47125.92    714.0   33010.0    53571.0  1428.0
C143      c     29836.40    -56088.97   288.0   36109.0    55001.0  576.0
C144      c     -9447.01    12214.82    401.0   33070.0    52015.0  802.0
C145      c     -3116.82    -85312.42   378.0   36694.0    56650.0  756.0
C146      c     -19884.38   90385.97    518.0   34280.0    53501.0  1036.0
C147      c     -9617.61    22216.63    673.0   34392.0    54805.0  1346.0
C148      c     43563.39    3157.29     502.0   36632.0    57151.0  1004.0
C149      c     -49099.52   -39529.31   674.0   35739.0    56494.0  1348.0
C150      c     -39916.15   943.96      218.0   36532.0    55853.0  436.0
C151      c     38536.71    -21124.36   753.0   36343.0    56916.0  1506.0
C152      c     -1401.32    36490.83    493.0   35159.0    54822.0  986.0
C153      c     39246.82    -16045.36   578.0   33320.0    52615.0  1156.0
C154      c     49049.34    -15992.88   736.0   37511.0    57192.0  1472.0
C155      c     22116.18    -21547.69   759.0   37089.0    56910.0  1518.0
C156      c     17277.49    -26184.60   141.0   35467.0    55332.0  282.0
C157      c     -42006.36   -32907.38   718.0   37762.0    58925.0  1436.0
C158      c     39643.66    18826.10    586.0   37116.0    58047.0  1172.0
C159      c     -48149.33   -49573.45   493.0   36042.0    55078.0  986.0
C160      c     -14340.17   29079.13    772.0   34140.0    54066.0  1544.0
C161      c     49759.23    29895.24    807.0   35296.0    55788.0  1614.0
C162      c     24971.83    -9192.19    744.0   37201.0    56878.0  1488.0
C163      c     -37345.29   -27348.39   503.0   33792.0    52907.0  1006.0
C164      c     26850.18    -28265.81   632.0   33498.0    53382.0  1264.0
C165      c     53051.19    22065.77    624.0   35300.0    56409.0  1248.0
C166      c     10366.90    51574.20    687.0   33853.0    54707.0  1374.0
C167      c     -24128.23   31028.86    483.0   34992.0    55352.0  966.0
C168      c     -16262.72   10567.45    472.0   35550.0    54804.0  944.0
C169      c     10888.40    40848.05    432.0   33623.0    54191.0  864.0
C170      c     -2170.26    40960.92    634.0   37455.0    58320.0  1268.0
C171      c     7134.18     8209.85     379.0   37724.0    57975.0  758.0
C172      c     -11029.79   20559.06    467.0   35908.0    55288.0  934.0
C173      c     -74032.91   -58718.25   166.0   35473.0    55395.0  332.0
C174      c     -33129.28   -58685.69   396.0   34026.0    54059.0  792.0
C175      c     5973.28     38461.57    418.0   37140.0    57517.0  836.0
C176      c     2533.67     48963.33    512.0   34109.0    53879.0  1024.0
C177      c     -28692.77   -25660.31   672.0   33062.0    53096.0  1344.0
C178      c     -6654.82    28903.33    127.0   34047.0    52741.0  254.0
C179      c     41434.81    35277.00    429.0   35191.0    54264.0  858.0
C180      c     49832.68    -56074.75   694.0   37185.0    57995.0  1388.0
C181      c     29429.29    -4190.33    731.0   36714.0    57122.0  1462.0
C182      c     13014.42    -59736.19   156.0   35073.0    53591.0  312.0
C183      c     47658.16    8180.59     514.0   34422.0    55330.0  1028.0
C184      c     -47955.49   -34773.76   825.0   35080.0    54836.0  1650.0
C185      c     -69637.36   -67062.95   686.0   36758.0    57928.0  1372.0
C186      c     -36089.71   10082.24    260.0   66203.0    86214.0  520.0
C187      c     11375.97    5953.13     251.0   65473.0    84108.0  502.0
C188      c     -55952.91   42257.96    130.0   65525.0    85117.0  260.0
C189      c     -39333.18   52487.47    605.0   65437.0    85934.0  1210.0
C190      c     -50587.69   -2690.52    348.0   66070.0    85571.0  696.0
C191      c     33165.30    -54921.07   125.0   65647.0    84385.0  250.0
C192      c     61801.46    39060.89    139.0   65956.0    84558.0  278.0
C193      c     -54534.63   28016.94    395.0   66199.0    85793.0  790.0
C194      c     37924.79    -92599.97   383.0   66303.0    85228.0  766.0
C195      c     -26918.43   4249.67     186.0   65601.0    84001.0  372.0
C196      c     47697.41    -59704.69   630.0   65639.0    85135.0  1260.0
C197      c     45321.23    12595.03    350.0   65848.0    86081.0  700.0
C198      c     -4815.23    47152.46    307.0   65465.0    85671.0  614.0
C199      c     -58237.00   17022.70    244.0   66956.0    85841.0  488.0
C200      c     -53517.48   -2089.97    385.0   66182.0    85256.0  770.0
F1        f     11035.44    17409.06    0.0     0.0        86400.0  0.0
F2        f     41021.35    -16010.23   0.0     0.0        86400.0  0.0
F3        f     45632.60    -33704.10   0.0     0.0        86400.0  0.0
F4        f     57945.97    -66297.39   0.0     0.0        86400.0  0.0
F5        f     63814.23    -43221.05   0.0     0.0        86400.0  0.0
F6        f     2861.23     -14906.64   0.0     0.0        86400.0  0.0
F7        f     41359.25    31148.51    0.0     0.0        86400.0  0.0
F8        f     -34889.72   -58954.83   0.0     0.0        86400.0  0.0
F9        f     32560.07    10383.38    0.0     0.0        86400.0  0.0
F10       f     1928.61     31513.01    0.0     0.0        86400.0  0.0
F11       f     -24579.58   -1463.70    0.0     0.0        86400.0  0.0
F12       f     -11944.99   -9315.43    0.0     0.0        86400.0  0.0
F13       f     8866.77     9206.52     0.0     0.0        86400.0  0.0
F14       f     37781.51    52926.87    0.0     0.0        86400.0  0.0
F15       f     -31056.77   -1815.55    0.0     0.0        86400.0  0.0
F16       f     -26125.13   31466.49    0.0     0.0        86400.0  0.0
F17       f     -8330.96    -6160.57    0.0     0.0        86400.0  0.0
F18       f     70442.85    -7069.66    0.0     0.0        86400.0  0.0
F19       f     92946.24    -8106.21    0.0     0.0        86400.0  0.0
F20       f     -22304.35   22281.74    0.0     0.0        86400.0  0.0
F21       f     43550.66    -26713.20   0.0     0.0        86400.0  0.0

m numVeh /27/
m numPetrolVeh /14/
m numElectroVeh /13/

DistanceMatrix
0 49416 79775 16789 96453 92605 100710 44462 79905 15552 36166 83233 56423 95572 63746 61721 6312 28253 34502 75071 89110 33635 52508 84940 26395 74195 10492 29943 72211 16295 97735 77578 64253 82709 40306 35246 32248 79083 34873 26371 70092 77916 54809 34163 37541 55971 31517 60382 54585 44652 54987 49621 46348 35391 30505 42212 95620 53952 84329 30309 90747 62170 52779 38819 63253 58482 83753 61120 97478 68239 8484 53283 35335 55423 56568 41036 40912 29188 97895 69609 29050 48498 78140 61578 47547 51028 95830 48257 83427 33694 35267 22068 28197 55249 17110 62557 24785 44340 63870 28888 37185 51646 32714 84588 32463 69679 70548 38945 113829 29579 85031 36564 80349 100951 71929 64518 62001 43955 32298 114099 100408 75509 17348 45689 59595 50728 25997 44421 56753 57994 25223 20855 41114 65821 61296 22852 35775 21653 87961 82029 33205 53182 60254 85180 75865 21131 103692 79257 21205 35513 82814 53546 47341 22777 43762 50604 40502 44038 73111 28643 89384 27930 40687 30031 65908 48335 42273 34172 37709 28142 23439 27001 9992 22289 114158 87983 21653 32680 58594 21097 35262 83097 28370 77171 37768 78759 116806 47691 11461 71449 61380 64818 75640 55190 66423 113248 40170 85385 34622 33703 69274 67434 0 44900 61721 95955 80384 33333 33291 89110 22642 16789 40306 35246 8484 44462 46275 39731 30505 64253 85793 33694 54809
49416 0 32913 55070 76639 100626 55504 93560 88968 58746 82907 34723 78006 88885 37067 72430 53001 23526 70084 36360 43494 76642 89690 92734 68582 89144 59854 67597 23027 64755 89917 94535 95687 34011 15193 14771 17567 41160 71573 27789 93768 90990 69050 16902 69329 7724 17991 24621 92634 74486 22033 977 80189 84678 19497 29212 47193 11747 82245 70229 46794 24223 50081 73129 109376 19837 43162 31206 143747 82453 42424 37677 14092 21709 94424 37813 16844 28284 107034 118993 21351 4790 82081 77300 17436 46113 52124 14921 64499 39015 63536 69889 77333 46052 44871 37096 66840 89672 109171 51133 72949 22541 50940 35497 79361 32694 21885 33371 64441 65964 35626 67156 69248 57417 81325 98511 56933 71910 48226 102254 53150 32622 45896 69386 89599 93898 72758 77690 81989 32570 55261 68956 43786 101614 93137 48879 27157 59391 118418 33125 23307 86631 36063 77503 67350 32682 71988 107153 41719 71141 33399 23224 63457 58054 64012 73815 47133 43107 23695 73533 40380 46907 87866 50291 16512 52903 86916 76743 47689 28519 67659 61888 40444 39668 64783 42855 63108 71070 9825 49026 84138 84370 55607 57298 76561 29431 67488 29038 42628 66661 70662 29359 69425 102945 53684 98475 21016 84283 75943 66854 47484 32234 49416 65787 72430 96463 92475 27679 81593 43494 63380 55070 15193 14771 42424 93560 16120 48142 19497 95687 118019 39015 69050
79775 32913 0 81267 62778 128417 22734 122315 117720 90842 114788 26651 109914 82809 33539 102665 82151 51639 102982 48111 40481 109150 122603 120892 94110 119385 89813 91280 20893 95818 112280 124996 128323 8180 39671 47314 49828 20420 104454 54438 125513 120698 100216 49697 90102 25227 49838 23979 125545 107263 28381 33222 113075 115064 51793 44910 16768 37292 107790 102941 15355 21318 58329 106041 134685 22988 17318 29560 176028 112857 73822 43965 45559 46455 127336 52912 39482 52925 134862 148227 50750 31973 109763 108278 33641 54904 20377 44362 54460 58291 96387 101278 106480 51827 70845 34819 92516 121950 141570 83994 105854 32206 83617 23180 106497 20380 12197 50390 40381 98811 18566 100038 92430 54179 110642 131302 84396 104618 80876 90463 42333 40483 71701 86239 122187 126536 100182 110574 114240 34344 88161 100224 58688 134476 110625 81775 48046 92055 132831 9306 47846 119469 35925 72962 91963 59994 80778 120928 66514 104042 16534 30718 95256 82528 96294 106064 78831 73937 16727 105720 26173 68519 119649 83101 19467 83569 119297 101620 64625 53694 94197 85409 71826 64343 38098 41232 89026 94584 27967 73384 115028 110973 88514 77923 109401 13216 44197 40505 74659 67080 79221 22942 94723 134576 52877 116354 41578 110022 108615 88692 41871 22943 79775 98065 102665 121869 121859 60328 112861 40481 95901 81267 39671 47314 73822 122315 34409 64028 51793 128323 150524 58291 100216
16789 55070 81267 0 86311 109336 100191 41761 96658 30327 44410 89793 72742 82120 58736 78507 11123 31561 49461 85842 97673 45481 65633 101702 13523 90744 16985 14222 77954 25706 114148 93938 78631 85676 42310 43121 40270 76286 49464 27593 85825 94535 71573 43107 20834 60166 38986 59052 67240 60256 53798 55550 60942 38007 39046 38160 97861 62402 100951 44186 89923 61319 41877 53785 54354 58509 81713 57642 102956 84890 23361 46583 41661 66232 69192 33541 42040 28418 114566 67712 33810 52746 94911 78228 47632 41203 94632 58117 73818 25932 51584 31106 27202 45984 10473 57330 11772 53254 71503 45665 51868 50025 49446 90394 25240 67455 73985 33364 118515 44767 89902 52477 96265 110625 88704 78156 78061 59908 48899 101211 108065 84967 9573 29104 74497 60875 19079 59284 72625 53589 41853 29689 31229 78798 45131 39617 33430 37360 71924 85293 33633 67504 55000 72424 91940 22401 116934 62784 14824 50374 87469 51821 64116 5989 60452 66912 56771 59704 77976 39792 95304 16450 47858 46775 70761 64766 51988 21764 26061 27742 12939 10299 23878 16968 117948 96772 8040 17461 64857 8971 39685 99832 45067 91920 51338 82960 121815 43643 27250 58870 46287 62673 91905 60347 56571 129228 39692 102056 47337 17031 61886 64834 16789 61536 78507 112716 97031 46429 39432 97673 37212 0 42310 43121 23361 41761 46892 28054 39046 78631 99267 25932 71573
96453 76639 62778 86311 0 175535 58924 124029 163261 111872 130530 89260 146917 25281 39715 145450 94445 75510 129969 107397 103110 129961 148843 167489 93123 161503 102352 86841 80922 110952 166547 166316 159557 70784 68286 83145 83576 42417 130680 73969 162371 164099 140555 85974 79675 71730 82319 52268 151013 138568 54722 77564 141823 123829 84866 57030 71897 87497 158550 126619 53639 53310 44439 134109 124216 57196 46071 45452 188646 154787 95877 44656 79256 97994 152995 55561 66226 70196 181807 148034 77461 72197 157405 148774 61100 45541 53214 91499 13223 62759 127676 116731 112443 41204 79856 39935 92389 139301 157813 116673 132840 55145 118482 85949 106415 46396 70034 58422 95812 125004 81302 130233 145883 116957 155223 160501 132905 136967 116300 27688 104660 100620 79943 69310 154272 146536 102440 139638 149221 44917 117231 115332 55609 162129 86800 111770 63872 116894 98345 72052 68967 148773 41461 22073 143937 77377 142300 87336 75339 131048 79310 53953 133711 83131 132457 141632 118979 116886 77098 124672 88802 70084 134151 116680 75337 126272 137757 96852 60256 71264 95728 82755 94434 74164 90811 103733 90624 88653 79804 77771 125874 160260 119277 133455 134084 75626 99660 52829 99108 30397 49698 48074 145898 146379 30050 174241 63598 160510 131074 81092 29886 45618 96453 134102 145450 172690 165969 98819 125742 103110 118834 86311 68286 83145 95877 124029 62878 58257 84866 159557 181698 62759 140555
92605 100626 128417 109336 175535 0 149997 112643 12794 80460 84932 110140 38446 182391 136084 31308 98314 101498 64067 85184 102976 75183 61304 8075 115977 20106 95329 121311 108459 89183 30655 20221 48568 124849 107262 92393 92098 141521 65120 104313 33353 15761 37848 89577 129792 107248 93451 124979 63062 52988 121437 99830 56888 98673 90957 119697 135897 91971 23014 70888 143760 124819 138444 60624 138044 120363 142647 130699 109675 24729 87735 131862 96302 82072 62620 124169 109344 108057 6449 123605 99025 104469 18678 31305 114529 135336 148761 85998 162630 119259 58446 87284 103851 137912 107654 135703 114811 81456 86803 64105 63022 120516 60795 114252 114257 133317 116348 120033 137639 67379 118551 58700 40018 102474 20982 53962 44111 51852 62130 198814 113885 92633 108304 138276 46796 75809 110441 56877 41438 130654 67516 88147 127338 58232 151978 70138 113344 73042 177644 123312 107730 54216 134085 171081 38198 102950 77111 170396 109915 63628 118225 121850 45354 115315 48902 43901 57151 58651 112349 79636 116336 118118 87405 63291 109092 49415 79076 121683 126468 107148 112086 119365 88189 109761 142099 101208 112670 123365 101245 112761 94668 18205 64271 55174 66934 117838 138147 123095 83642 157937 152333 129875 34872 94844 148359 47718 112227 20748 71856 125937 145652 132797 92605 47908 31308 14718 13057 76820 90735 102976 74894 109336 107262 92393 87735 112643 112733 128227 90957 48568 53613 119259 37848
100710 55504 22734 100191 58924 149997 0 141838 139658 112624 136313 42363 132612 82795 44798 125058 102458 72471 125446 67008 54560 131165 145137 142632 112341 141732 110402 108648 41538 116943 132050 147386 151047 25164 60431 69647 72024 25844 126879 74648 148179 142900 122808 72136 106017 47784 71888 41145 148050 129951 46451 55863 135691 135628 73980 62263 16656 59830 128775 125155 10302 38958 70289 128590 152016 42283 19626 43523 197719 135261 95347 57436 67584 68541 149860 68885 59816 72550 156421 167825 72015 54148 131423 130820 53314 67638 6566 67012 55205 75445 119036 122555 126410 63482 90030 46337 110864 143744 163422 106635 128339 50180 106327 38068 125315 33142 34759 67476 37260 121187 33038 122659 112839 65543 132773 153987 106219 127326 103590 85455 51212 59144 90779 100277 144915 148637 119269 133193 136969 48226 110639 121434 73888 157118 123968 104253 66834 114246 143657 26722 67830 142129 48267 75059 112853 80168 95783 131725 85390 126516 32580 48371 117950 100588 119027 128794 101530 96539 37685 127497 38318 85915 141085 105772 41911 106112 141182 119322 80185 73448 112945 102899 93366 83281 31948 55849 107589 111761 50587 91753 135903 132279 111095 97839 131754 32204 41007 57038 96506 73263 89129 37717 115789 155845 60498 134196 61060 131049 130779 105213 48964 35958 100710 120797 125058 142664 143965 83033 133987 54560 117964 100191 60431 69647 95347 141838 54475 79150 73980 151047 173258 75445 122808
44462 93560 122315 41761 124029 112643 141838 0 101629 41644 27728 127670 74651 114406 100278 86986 40593 71045 49982 118580 133411 37684 53376 106578 31250 92543 33990 37200 116506 31865 127680 93282 68311 126092 82748 79667 76662 118039 48512 67897 81326 96907 79849 78624 44825 99705 75849 100698 52890 60113 95391 93835 55775 14203 74951 79921 138677 98389 112794 43325 131595 102899 80742 52624 25402 99873 123471 99390 65912 88848 52417 87835 79485 99195 54220 74878 82834 69486 116151 25987 72533 92172 103911 83039 88869 81025 136354 92489 112474 67449 58487 29509 16270 85965 51808 98837 32296 32862 41822 61715 50263 91661 65717 128931 17687 109208 114081 75074 157981 48345 129161 56455 114358 144824 95282 64887 96478 61901 66992 133963 144834 119626 51066 56092 67368 40724 22799 55802 71207 95271 54795 29499 71628 62944 52164 57721 75005 46914 71775 125549 74481 59361 96525 106732 109305 62354 144162 68764 56478 50104 126872 93483 74055 42490 68988 69835 76104 81725 117191 34152 133755 57318 25960 63426 109946 81925 34432 27448 65668 68667 29481 41705 54211 58568 158010 132234 34943 35470 102931 50515 18024 109666 57725 115353 45823 122647 161048 85397 53887 94340 77116 104415 107947 27735 95618 145527 80966 113067 41031 42986 102512 106594 44462 69013 86986 120917 99610 76294 22070 133411 42863 41761 82748 79667 52417 0 87951 67414 74951 68311 82269 67449 79849
79905 88968 117720 96658 163261 12794 139658 101629 0 68050 74061 100838 26979 169731 123941 18518 85667 88900 52318 76371 94787 63968 51984 5110 103566 10574 82893 108783 98207 77004 31937 14179 40987 114604 94977 80136 79720 130040 53510 91638 26110 7019 25105 77293 117179 95802 81036 113120 54136 41557 109421 88204 46247 87523 78522 107176 126089 80840 18997 59167 133010 113072 125748 49142 126997 108582 131430 118644 104564 12795 74951 119391 84007 71265 54008 111499 97036 95394 18679 114155 86478 92655 9714 19033 102374 122674 138097 74554 150297 106514 46090 75402 92079 125315 94866 123514 102363 71367 78824 51332 51535 108364 48001 104831 102327 121642 105568 107399 129548 55327 108903 46626 33976 95829 8211 46648 33458 40082 49342 186280 106225 83503 95520 125554 37922 66465 98293 45902 30927 118440 54889 76200 114601 51239 139588 57373 100763 60641 165419 113100 95180 44599 121847 158444 30781 90198 73332 157978 97121 51971 108389 109745 32601 102642 36293 32060 44559 46444 101978 68102 107264 105324 76908 50503 98287 36995 68777 109454 113685 94475 99709 106726 75396 96972 133666 93007 100143 110903 90190 99986 83605 13341 51615 47933 55807 107659 130347 110683 70855 145254 139539 118064 27254 85552 135833 50765 99820 17466 60622 113323 133376 121009 79905 35385 18518 19882 5738 64452 79591 94787 62709 96658 94977 80136 74951 101629 100571 115449 78522 40987 51164 106514 25105
15552 58746 90842 30327 111872 80460 112624 41644 68050 0 24192 90428 42869 111022 78156 50682 19367 40861 19218 78118 94227 18905 36993 73156 35522 61215 14875 40975 80436 10223 89440 64020 48810 92743 52558 43976 41223 92429 19419 40094 55507 65196 43438 42055 49787 66016 41048 73432 39148 29939 68125 58726 30936 29017 39271 56778 105899 60569 75164 14771 102961 74950 68327 23555 64618 70933 96685 75044 85186 55752 17498 68294 45298 59349 41130 56353 53569 43371 85329 63997 40774 58897 67712 49155 60370 66526 108175 53792 98798 49138 22018 12579 27193 70677 32635 77052 34356 31127 50799 20568 21775 65074 24713 92402 35796 82927 80575 53968 122015 14445 93598 22336 74084 104598 60448 48968 55805 29735 25616 129624 106183 80074 32817 59274 44345 36422 30797 29118 42359 72302 14217 12254 56650 50299 71540 16089 50077 7418 97475 91871 46668 37707 74790 100700 69198 35405 102518 89941 36742 20177 91605 66959 36371 36054 31944 37070 34759 40132 82008 14883 96984 43380 29196 22213 75061 41275 28578 41603 53224 42282 31660 39655 19415 37744 123044 92892 32363 42915 66935 36276 27131 73087 17538 73877 22237 88001 124687 62107 16187 86971 76296 78128 68303 44324 81873 106276 53587 75887 19376 45966 84282 80887 15552 32691 50682 85509 67783 36219 23809 94227 7110 30327 52558 43976 17498 41644 58900 55252 39271 48810 70243 49138 43438
36166 82907 114788 44410 130530 84932 136313 27728 74061 24192 0 114448 47122 126048 99769 60166 36434 63993 23571 100861 117673 10683 26481 78968 41789 64840 28279 48732 104603 20055 101083 65567 41464 116883 75950 68142 65359 115222 21849 62495 53764 69209 53232 66246 58154 90115 65118 96432 26665 32726 91053 82901 28050 14097 63415 78232 130020 84606 86075 17726 126502 98131 86120 25479 53123 94295 119797 97279 61446 61314 40992 88830 69330 82725 28314 76120 76758 65351 88427 43280 64298 82916 76816 55694 83488 85100 131655 77683 117835 68482 33067 14166 22862 89698 51051 98538 41616 8865 27762 39721 23222 87774 43149 116512 33544 105792 104702 74610 146136 23422 117776 30303 89269 127354 67962 38800 72163 34799 45106 145336 129792 103428 50817 69401 39898 16942 32837 28162 43494 94074 32755 15480 75014 37817 73818 37695 71911 25562 96751 116029 69299 31851 96218 116687 84126 57297 122109 91836 55830 23435 115793 89674 48174 48500 43047 42559 53643 59995 106200 9966 121057 60447 5055 41417 99248 57996 8266 43635 70327 64308 37992 50354 42983 57385 147226 116272 41836 48991 91121 52762 9952 82621 34867 92310 18350 112191 148762 83757 40285 103220 89263 100939 82395 20171 100597 119337 76274 86181 13884 54914 104714 103580 36166 42767 60166 93517 71910 59804 6632 117673 20987 44410 75950 68142 40992 27728 82128 72349 63415 41464 58258 68482 53232
83233 34723 26651 89793 89260 110140 42363 127670 100838 90428 114448 0 98647 108238 56288 88396 87318 58241 97999 25239 13854 106815 116381 103223 103303 104486 93724 102165 12232 97717 90115 110281 119081 19189 48607 48003 51008 46847 99738 62416 113331 104967 87682 49156 103318 30499 51865 43562 119522 99493 45563 34265 106233 117942 52728 59861 26463 29859 88060 99733 39674 41159 78020 100177 144092 39913 43925 50975 173662 98442 75599 63652 48465 33594 121096 68781 49622 62533 116467 152733 56045 37409 91958 95034 46660 74168 43405 36841 80250 71896 89678 102392 111400 72304 79566 57227 101562 120253 139114 77988 100595 48582 76316 4315 113969 44481 21032 64994 32032 94694 9349 93571 71562 28021 94724 122968 67704 96489 73611 116911 19053 17539 80583 102092 112864 123209 107346 103765 103834 54995 83716 101620 74961 126768 126353 77702 60089 89464 150668 17696 57337 111843 57597 97861 72188 67400 54472 139049 76255 98946 10417 47910 84350 92674 86703 95943 68742 62584 14024 104651 6907 80806 119496 76671 20075 71112 117265 111450 79929 62900 102361 96399 73701 74159 34351 14589 97831 105632 24967 83568 116965 92057 83041 56260 105044 13640 34381 57294 74973 90309 99447 45110 75359 134615 76026 91852 53290 90373 105488 101079 66039 46353 83233 88375 88396 101578 105648 54930 114046 13854 93859 89793 48607 48003 75599 127670 46368 79942 52728 119081 140197 71896 87682
56423 78006 109914 72742 146917 38446 132612 74651 26979 42869 47122 98647 0 150214 109037 15532 61619 71414 25630 77227 96239 36990 27102 31958 78154 18557 57681 83826 92875 51013 55247 21197 21653 108620 79953 66002 64684 118526 26679 73126 15815 22756 11658 63127 92643 85579 65622 100146 29835 14601 95661 77456 19628 60545 63062 89890 121272 72930 40252 32442 124562 100694 106256 22221 100017 96164 121085 104400 84871 14199 53128 102276 69383 65535 30309 92568 81769 76941 42780 88034 69604 80670 30279 8987 87975 103641 129863 65621 133713 86567 21172 48863 65405 106954 72695 108332 77093 44939 55044 30332 24620 93799 28498 102071 75837 109399 97863 88983 129895 29152 105223 20607 47840 101243 21050 26718 35538 13463 30847 167845 108574 82852 73185 101844 15939 40986 72177 19012 6090 103212 31393 49755 94651 31300 114016 35701 83077 35532 139398 107290 77967 19703 106380 139270 42871 70470 86126 132470 75725 25182 104091 95436 14664 78629 14504 5830 31083 36397 96028 41228 105509 83533 50133 30239 90800 27547 42187 83499 92687 75909 74194 82421 54052 76000 132926 94520 75227 85653 82046 77343 56627 36107 28587 56405 28833 102178 131469 94228 49258 125691 117593 105208 40138 59809 117969 74064 83711 39959 33644 88812 117432 108197 56423 12822 15532 46423 25436 50575 52612 96239 36813 72742 79953 66002 53128 74651 86189 94596 63062 21653 41555 86567 11658
95572 88885 82809 82120 25281 182391 82795 114406 169731 111022 126048 108238 150214 0 53141 151348 92054 80964 130071 123090 121865 127558 147527 174328 85380 166442 99072 78499 98380 107817 177430 170717 159817 90988 77178 91583 91187 62701 130424 78094 164930 169535 145611 94139 69819 85739 89674 66726 149270 139905 67335 89860 141917 117031 92024 63239 94269 100514 167747 125613 76272 68541 44075 134381 109828 71448 67560 59062 180268 159901 97219 51845 87584 110558 151234 58233 75001 74337 188405 136293 83579 84122 165084 153506 71684 47057 76708 102948 28465 63674 129692 113195 105456 44701 78479 52636 85108 134906 152011 120077 132752 66345 122627 105443 97538 63776 87707 62377 118903 125134 101232 131628 156895 136259 161532 159864 141989 138831 120844 19563 125132 117109 78227 58370 155126 142799 94936 139986 151543 56545 119134 111780 55571 160777 70022 114519 69208 117122 76627 92048 74921 148727 53166 11484 154244 79918 158877 66554 74814 131085 98977 65783 138328 77572 136182 144586 125253 124470 94981 121902 108906 67649 128932 120447 91723 133140 133901 87052 57915 75257 88710 75841 96186 74319 114299 122228 84318 79402 94287 74845 119758 168655 121697 146018 132977 94758 122813 60895 100990 24552 37387 63786 155729 139375 35282 187253 71412 169507 129262 72269 42679 62090 95572 137676 151348 181517 171671 106196 120452 121865 118131 82120 77178 91583 97219 114406 73245 55922 92024 159817 181098 63674 145611
63746 37067 33539 58736 39715 136084 44798 100278 123941 78156 99769 56288 109037 53141 0 106393 63639 38336 94677 69978 69519 96994 114273 128063 69589 122703 71907 65110 45624 79720 126960 127709 123489 41259 29211 43867 44628 19015 95674 38138 124734 125097 101868 46743 61592 32866 43531 13586 116771 102089 15049 38010 106229 96228 46103 21542 48865 48249 118837 92423 34806 15478 25702 98560 108024 18367 25177 5989 160602 115962 60944 12873 40100 58638 118723 25441 27302 34786 142398 126048 39643 32535 117837 110156 21567 22856 38472 51848 27437 32842 90948 85604 85876 18924 49536 1545 68282 108077 127529 79254 97627 15577 80562 54058 83024 13257 35304 25511 73609 89842 50515 93899 106289 84128 115981 125113 93211 100145 78194 65277 74338 63983 50043 55479 117853 114357 77480 103890 111891 5922 80869 84304 29616 127303 79270 74941 28085 81938 100020 41921 31926 113138 3758 42175 104253 42795 105736 88071 44644 95779 48029 14264 95300 57933 94536 104024 80007 77498 42523 92306 58113 43023 104074 79028 38670 87027 106007 75908 35953 35874 70827 59581 59206 42803 70627 69716 65364 68019 41318 49828 97291 120592 82469 94233 99730 43377 77488 16070 63495 34072 45884 11197 106188 117927 19764 135285 25495 120802 97483 61110 10594 10596 63746 96242 106393 132984 126866 59676 96159 69519 84655 58736 29211 43867 60944 100278 23370 34713 46103 123489 145955 32842 101868
61721 72430 102665 78507 145450 31308 125058 86986 18518 50682 60166 88396 15532 151348 106393 0 67609 70652 37005 65387 84389 49586 42495 23392 86021 16756 65367 90967 84131 60129 40930 22333 36400 100353 77261 62530 61889 113582 38519 73260 25887 18710 7294 59650 99158 79600 63131 96088 45305 27771 92130 71735 34186 72784 60586 89031 112473 65392 25909 43704 117765 96232 107327 34691 112075 91703 115411 101257 100294 10204 56507 101315 66311 56634 45831 93119 79272 77034 37112 102310 68319 75802 17144 7584 84863 104300 122967 58593 132406 88033 29215 59239 75978 107037 76407 105892 84739 59200 70475 32960 36952 90841 29521 92119 85817 104892 90470 89075 118738 39102 95743 30613 32324 88007 10334 41781 21813 25392 30824 168068 96478 71730 77076 107273 31152 56023 81342 33012 21515 100788 37012 59875 96128 46456 122016 39022 82529 43367 148134 98920 77003 35172 104146 140095 27397 71710 70992 140324 78611 36919 94911 92299 14443 84496 18778 18038 26473 29335 87643 52870 95115 86824 63733 32058 83221 19554 56261 92282 95168 76099 82251 88657 56911 78455 122252 82629 82345 93228 74759 81570 69109 22762 33669 41733 41934 93594 120000 92713 52404 126846 121030 101095 24609 74540 117656 59398 81879 26082 46300 95304 115595 104068 61721 18285 0 34842 20522 46720 64993 84389 45985 78507 77261 62530 56507 86986 83055 96935 60586 36400 53794 88033 7294
6312 53001 82151 11123 94445 98314 102458 40593 85667 19367 36434 87318 61619 92054 63639 67609 0 30584 38577 80386 93828 35747 55481 90725 20117 79638 8270 23692 75988 16533 103993 82815 68012 85608 42481 39399 36397 79910 38691 27834 74788 83447 60611 38659 31549 59122 35459 61617 57298 49229 56219 53301 50208 33193 34799 42193 98320 58491 90510 33623 92350 63596 50237 42913 57894 60192 84883 61568 96968 73818 14404 52425 38953 60680 59272 39687 42781 30021 103498 66254 31950 51591 84163 67158 49148 48910 97317 53193 81604 32061 40461 22378 24450 53400 14650 62357 18489 45042 64136 34939 41076 52680 38841 88437 27130 70661 73546 38280 117395 33805 88577 41383 86661 106016 77757 67827 68310 48814 38524 110882 104881 80453 14503 40227 63688 52094 20525 48458 61552 58064 30801 21005 38836 68753 55045 28950 36243 26271 81679 85026 34630 56883 60023 81976 82172 22295 109652 73071 19396 39522 86281 54565 53186 17044 49414 55789 46801 50338 76603 30289 93286 24690 40523 36147 69356 54604 43347 27997 34667 29070 17302 21061 15593 20980 117431 92765 15344 26379 62461 17227 33792 89184 34051 83386 40937 82057 120483 47768 17708 68286 56944 65793 81929 54322 64418 119557 41437 91535 37249 27695 68283 68260 6312 50467 67609 101998 85954 39100 32521 93828 26372 11123 42481 39399 14404 40593 48050 36712 34799 68012 89046 32061 60611
28253 23526 51639 31561 75510 101498 72471 71045 88900 40861 63993 58241 71414 80964 38336 70652 30584 0 56433 56527 66574 59740 76135 93426 45064 86285 38175 44190 46401 44473 97855 90942 85161 55051 12054 13710 11780 51572 57497 4693 86933 89103 65316 15164 46634 28813 10108 32577 78720 63789 27265 24039 67911 63431 11832 18521 67736 31838 87169 54576 62553 34165 37345 60259 85901 30309 55878 34547 125438 79618 23363 30910 10887 37806 80654 22960 12768 7242 107577 96818 3150 21309 84127 73449 19536 33994 67677 29132 62318 19872 52680 50113 55011 36416 21354 37439 43326 71725 91413 41245 59390 24295 42973 58852 56129 42067 43046 18604 87253 51652 58515 55574 77822 80007 80727 86798 61608 61918 40826 97416 76627 54526 22386 48380 79560 77278 49581 65562 73889 32415 42535 48975 27194 89067 71106 36664 11878 43879 97136 54505 6559 74812 35339 69607 74556 9160 90212 86344 18490 57536 56132 26162 58308 34606 56947 66182 44350 43611 46548 55554 63758 24837 68691 41188 39305 52179 69343 53217 28648 6728 44242 38563 21466 16576 87022 65785 39601 47664 33336 25719 63497 87797 44204 69436 61747 51749 90468 22884 25396 56641 54507 37276 75642 83381 47023 109869 12956 88834 59869 43872 46081 40059 28253 58596 70652 100733 91117 25492 61517 66574 46926 31561 12054 13710 23363 71045 18136 29815 11832 85161 107620 19872 65316
34502 70084 102982 49461 129969 64067 125446 49982 52318 19218 23571 97999 25630 130071 94677 37005 38577 56433 0 81305 99206 12891 19834 57379 53178 44155 33236 59214 89554 25779 77781 46167 29796 103605 67199 55818 53566 107361 1920 56693 36620 48384 29898 53313 68336 77754 53907 88311 22634 11355 83225 69828 11902 35779 51640 73799 116782 68899 62844 6849 116296 89475 87002 4338 75126 85172 111024 90964 75872 39561 34132 85781 58173 64794 24490 74441 68579 60282 68353 66668 55579 71343 53960 33388 75322 84973 121609 61492 116802 67527 9893 23239 39796 88912 51594 93702 52256 24876 41679 20022 2960 80580 22234 100642 50210 97871 91759 71626 130031 4977 102697 6740 65733 107474 45518 30571 48893 12242 24748 148526 111597 84962 51850 78229 25135 25543 46696 9923 23854 88758 14822 24162 75271 32635 88756 21206 66927 13095 113872 102525 62755 18825 91523 119623 60583 52690 99526 107212 55453 1104 101024 82406 24604 55086 19477 20259 32009 38672 91846 15913 104839 62432 27709 21413 85439 35093 21666 58081 72183 59187 49161 58484 35684 56247 131909 97669 50765 60759 76769 55450 32129 59697 14963 69452 7224 98052 132279 78853 31208 105893 95513 93231 58825 40776 100128 95872 69387 63087 9855 64574 101646 96121 34502 19229 37005 71167 51065 43527 28005 99206 12252 49461 67199 55818 34132 49982 73685 74195 51640 29796 51729 67527 29898
75071 36360 48111 85842 107397 85184 67008 118580 76371 78118 100861 25239 77227 123090 69978 65387 80386 56527 81305 0 19044 91883 97993 78468 99035 80835 85107 99625 27362 86983 65058 86641 98476 42351 51283 43188 45822 66226 83175 61215 90999 80925 65773 42794 103045 37545 47274 56397 101188 80534 56010 35442 87717 107012 46861 65572 51599 25185 62897 84418 62861 54747 86346 82667 138257 51642 64931 64032 156924 75135 66662 73365 45646 19714 102556 74117 53097 62838 91461 142090 53566 40952 67243 72462 53391 82367 67205 27776 96657 74661 72021 90669 102631 81967 76756 70454 97261 105299 122980 61727 83550 57676 59074 29493 107458 61002 37876 69609 53446 78892 34199 75901 46326 26509 70730 102889 43911 77382 56631 134458 31349 7864 77822 104633 92355 106838 100894 85368 82838 66756 68356 90195 80012 107034 127632 63172 63076 75300 153582 40746 58485 92558 70022 111976 47083 64862 35942 142610 74787 82111 34429 57837 63712 90063 66934 75395 49760 43098 31514 90897 31175 81322 105864 60151 32061 50030 102147 107340 83523 62769 97158 94344 65081 73007 57320 17307 93544 103045 28964 81768 105243 67030 66844 31030 88527 35447 54615 65114 64741 102139 107022 59777 50324 120627 88525 68254 57296 65216 89958 100104 80528 61951 75071 68453 65387 76345 81396 42289 101794 19044 79880 85842 51283 43188 66662 118580 52282 84150 46861 98476 118536 74661 65773
89110 43494 40481 97673 103110 102976 54560 133411 94787 94227 117673 13854 96239 121865 69519 84389 93828 66574 99206 19044 0 109193 116475 96592 111163 99669 99484 110750 24078 102429 80419 105467 117418 32847 58408 54686 57632 60700 101040 71052 110037 99598 84808 55177 112816 41121 58784 56443 119664 99113 57860 42815 106204 122677 59098 70993 38024 35391 80266 101835 52992 54174 90165 100843 151470 52435 57715 64017 175041 94071 80998 76031 56043 34950 121089 79925 59750 71771 109132 157759 64003 47098 85464 91497 57843 86244 56358 40925 93994 82206 90190 106606 117216 84757 87816 70373 109395 122676 140838 79338 101580 60554 77017 17466 120891 58091 34257 75845 34763 96460 22502 94095 63312 14684 89456 121755 62811 95988 74459 130756 12460 14283 88867 112612 111276 124731 114252 103815 101812 67789 85680 105991 86088 125844 136560 80108 70285 92196 161536 31410 66790 111248 70574 111367 64790 75581 41282 150093 85015 100064 24068 60109 82599 101150 85659 94295 68183 61606 27002 107727 16243 90401 122718 77844 31702 68947 119574 119435 90625 71974 109801 105137 79228 83017 39144 1781 105640 114223 33866 92284 121264 84771 84475 47911 106402 27485 35681 69047 79709 103381 111531 58413 68174 137682 89163 80212 63705 82591 107486 110287 79484 59838 89110 87217 84389 93126 99950 58012 118036 0 96733 97673 58408 54686 80998 133411 57268 90845 59098 117418 137578 82206 84808
33635 76642 109150 45481 129961 75183 131165 37684 63968 18905 10683 106815 36990 127558 96994 49586 35747 59740 12891 91883 109193 0 20395 68942 46000 55082 28498 52632 97529 19789 90475 56266 34530 110617 71352 61933 59331 111311 11169 58982 45144 59423 42598 59760 62063 84102 59330 92295 21777 22430 87004 76531 18757 23555 57365 75557 123816 77150 75487 7535 121609 93773 85935 14972 63030 89705 115506 93944 67177 51180 36384 86882 63624 74346 23719 74658 72417 62212 78982 53832 59551 77181 66347 45364 79224 84443 126851 69980 116994 67245 22496 14918 29572 88782 50152 95869 45433 13490 32554 30221 12648 83975 33325 109133 40401 101804 98527 72539 138729 13255 110739 19629 78613 118291 57618 33107 61623 24289 35491 146532 121453 94911 50142 72789 31766 17549 38122 18348 33871 91157 23545 16257 74423 33365 80241 29179 68910 17406 104346 109662 65573 23869 93594 117654 73466 54205 111886 98565 54622 12759 108882 85859 37495 50443 32368 32169 43672 50171 99429 5800 113543 60436 14931 31856 92675 47586 10450 49487 70414 61128 41984 53106 38275 55862 140163 107731 44778 53550 84272 52919 19668 72134 25173 81953 8264 105536 141196 80932 34706 103991 91604 97015 71716 28852 99910 108679 72491 75638 3347 58513 102878 99782 33635 32086 49586 83240 62127 51888 15624 109193 13263 45481 71352 61933 36384 37684 77731 72458 57365 34530 53934 67245 42598
52508 89690 122603 65633 148843 61304 145137 53376 51984 36993 26481 116381 27102 147527 114273 42495 55481 76135 19834 97993 116475 20395 0 56457 66308 41786 48669 72994 108525 40061 82082 41204 15005 122966 87017 75563 73361 127188 18643 76181 28473 46091 37155 73012 82437 97388 73727 108133 3197 17548 103030 89398 10276 40476 71442 93206 136101 87848 67187 22227 136062 109308 105274 16567 78415 105006 130856 110681 59485 40017 53428 105013 77986 82856 4752 93296 88375 79689 63950 62337 75367 91090 56977 36005 95130 103518 141380 80371 135746 86129 26735 35307 48878 107659 69493 113262 65789 20714 27982 38850 16888 100343 40083 119245 59719 117694 111237 90748 148363 24489 121571 22877 74575 123538 47547 12731 60412 20736 42812 166346 128932 102396 69596 93183 14549 14529 58133 12668 21593 108362 34531 36652 93623 13314 99928 40908 86375 32338 123222 121840 82388 7484 111056 137428 69508 71929 111795 118096 73714 18739 120008 102178 35554 70741 31415 25130 48293 54909 111004 26195 123270 80070 27417 39967 104772 48819 18955 69360 90004 78592 62309 73486 55098 74737 150552 114861 65172 73821 96032 72706 36327 62742 34122 81633 14760 117232 150428 98361 50789 123719 111868 113043 66969 33619 118860 100996 89089 66735 18296 78902 120955 115925 52508 30120 42495 71865 48693 62696 33068 116475 30012 65633 87017 75563 53428 53376 93501 92043 71442 15005 33634 86129 37155
84940 92734 120892 101702 167489 8075 142632 106578 5110 73156 78968 103223 31958 174328 128063 23392 90725 93426 57379 78468 96592 68942 56457 0 108670 14688 87996 113872 101112 82112 29305 16957 44864 117514 99210 84344 84031 133699 58549 96257 29725 10497 30131 81523 122247 99429 85381 117031 58497 46554 113446 91948 51071 92495 82886 111622 128763 84258 18168 64227 136219 116905 130392 54156 131959 112438 134921 122698 107786 17823 79892 123789 88247 74475 58273 116110 101288 99996 14339 118736 90950 96530 11270 24135 106503 127275 141257 78170 154573 111236 51199 80487 97153 129840 99797 127671 107464 76084 82945 56304 56552 112491 52913 107283 107419 125428 108784 111966 131336 60425 111480 51723 34480 96884 13064 50465 36498 45138 54181 190739 107781 85779 100463 130570 42207 70974 103400 50807 35675 122617 59960 81292 119309 54969 144693 62355 105271 65747 170528 115991 99655 49139 126044 163014 31945 94935 73048 163080 101988 57018 111068 113836 37610 107688 41376 37120 49082 50603 104953 73136 109533 110211 81732 55440 101515 41341 73545 114563 118493 99091 104815 111786 80303 101804 135627 94815 105233 116001 93566 104946 88558 12605 56677 49141 60756 110528 131992 115027 75791 149880 144406 121943 28479 90069 140284 47748 104158 16208 65597 118391 137604 124872 84940 40485 23392 15670 8159 68753 84559 96592 67816 101702 99210 84344 79892 106578 104706 120242 82886 44864 53266 111236 30131
26395 68582 94110 13523 93123 115977 112341 31250 103566 35522 41789 103303 78154 85380 69589 86021 20117 45064 53178 99035 111163 46000 66308 108670 0 96620 20678 6985 91437 27417 123597 99159 80469 98803 55595 56553 53669 87808 52695 41013 89694 100657 78833 56422 16365 73573 52425 71352 67324 64491 66229 69069 63623 31653 52377 50078 110793 75855 109809 46921 102042 73730 49512 57289 40927 71200 93469 69201 95685 91262 34429 56947 55173 79363 69169 44156 55199 41571 120790 56588 47333 66189 102912 84675 60500 49785 106584 71389 81343 37023 57531 31142 20086 54729 23810 68112 1776 50455 66676 54132 55084 62401 58187 103865 13602 79322 87239 44913 131832 49078 103292 57548 106644 124028 95913 79039 88255 64795 58158 104882 121588 98365 22830 27694 77191 58726 9561 62405 77020 64853 49050 29878 40510 78871 36025 48338 46071 42939 62209 98474 46837 69585 65832 76821 102086 35903 129409 54419 27691 53906 100840 64129 71609 11759 67379 72411 66693 70428 91391 40243 108777 26614 44007 55491 84193 74332 49990 8311 34460 40974 4043 10463 35422 29868 131128 110247 5526 7605 78376 20734 34511 108138 52417 103483 53226 96287 135170 55356 37825 63916 48105 74642 101719 54046 64402 139482 52592 110709 48574 13243 71331 76601 26395 68190 86021 120757 103261 58750 35664 111163 41359 13523 55595 56553 34429 31250 59884 36177 52377 80469 99501 37023 78833
74195 89144 119385 90744 161503 20106 141732 92543 10574 61215 64840 104486 18557 166442 122703 16756 79638 86285 44155 80835 99669 55082 41786 14688 96620 0 76073 102188 100673 69553 42363 5808 30416 116950 93508 78898 78094 130281 45132 88568 15600 4376 20971 76005 110893 96344 79263 112659 43810 32967 108603 88458 36809 78566 76699 104776 128944 82126 28705 50938 134506 112862 122368 40598 117945 108326 132158 117669 94106 6745 70121 117132 82606 73238 43598 108341 95477 92378 24225 104094 84118 92450 18401 12940 101232 119511 139700 75349 148394 102832 39269 67394 83878 122490 89967 122151 95526 61580 68331 46577 42991 107191 43819 108306 94363 121537 107188 104470 134281 47693 112072 39094 41859 102048 10566 36075 36941 32019 45636 183564 111505 87528 90533 119828 27524 56310 90733 36771 21351 117033 48974 68302 110951 40668 132529 52419 98141 53824 157954 115502 92738 34504 120349 155308 37896 86534 81620 150979 92650 43666 111325 108692 28117 96681 30625 24218 42708 46037 104243 59594 111120 100674 67392 46060 99931 36241 59117 102048 109489 91399 92677 100582 70816 92722 138039 97894 93567 104090 91499 94843 74563 23278 45895 54448 46831 110147 135350 108684 66105 141892 134891 117682 34454 75404 133283 61264 97909 27488 51759 107050 131712 120661 74195 29344 16756 30253 7071 63073 70629 99669 55323 90744 93508 78898 70121 92543 99424 111336 76699 30416 41759 102832 20971
10492 59854 89813 16985 102352 95329 110402 33990 82893 14875 28279 93724 57681 99072 71907 65367 8270 38175 33236 85107 99484 28498 48669 87996 20678 76073 0 26149 82688 8756 103413 78787 61879 92977 50188 45737 42738 88092 33020 35762 69848 80068 58166 44637 35124 66305 41992 69695 50255 44378 64292 60077 44367 25264 40996 50452 105815 64400 89410 27513 100339 71621 58010 37492 53641 68119 93004 69798 88703 70626 18522 60663 45764 65543 52207 47873 50618 38134 100201 59143 39240 58805 82305 64024 57097 56863 105346 58585 89593 40218 36893 14391 17742 61430 22784 70626 19483 36973 55923 33904 35436 60798 38034 95074 23150 78807 80844 46544 124285 28825 95479 37092 87128 111148 75236 61231 68712 44431 38310 118099 110850 85796 22538 45074 57983 44249 17168 42862 56892 66326 28458 12985 46775 61815 56703 28370 44443 22291 82784 92331 42600 50779 68293 89257 82411 30277 112706 75085 27596 34069 93246 62689 50975 22147 46703 51900 47184 51624 83544 22832 99873 32336 32279 35366 76329 54462 35422 27171 42289 37158 16886 25286 20256 29230 124553 98333 17586 28040 69077 24689 25611 87584 31832 85307 34495 89150 127278 56025 20513 75637 63204 73937 81816 46072 72370 119742 49475 90242 30379 31346 76491 76436 10492 47514 65367 100139 82657 43017 24252 99484 21090 16985 50188 45737 18522 33990 55935 44327 40996 61879 82302 40218 58166
29943 67597 91280 14222 86841 121311 108648 37200 108783 40975 48732 102165 83826 78499 65110 90967 23692 44190 59214 99625 110750 52632 72994 113872 6985 102188 26149 0 90118 33616 127676 104936 87003 96418 53809 56604 53851 83676 58845 39809 95820 106150 83863 56831 9465 71990 52471 68002 74091 70451 63059 68167 69947 38572 52765 46616 108036 75729 114187 53146 98353 70479 43758 63400 43470 68292 89495 65217 102268 96651 37293 52305 54766 80113 75952 39881 53152 39726 126277 61905 46764 64790 107683 90023 57920 44386 102728 71853 75304 33255 62950 37722 27026 49329 22985 63602 7208 57422 73619 58552 61251 59209 62501 102440 19581 75514 85163 41253 129791 54932 101532 63241 110151 124013 101001 85723 91860 70576 62216 98020 120747 98404 21924 20711 83554 65674 16466 68628 82980 60692 53967 36415 35610 85660 31355 52605 43402 48366 58037 96195 44990 76048 61373 70092 105737 35183 131107 49429 25910 59992 99026 60849 76524 9613 72499 78038 70420 73662 89758 46847 107354 22828 50991 59803 82653 78278 56914 10804 29355 39290 10768 5882 37964 28014 128765 109932 8641 3474 77421 18598 41485 112779 57299 106107 59663 94361 133230 51643 41028 57344 41179 70954 105570 60881 58561 143091 50153 115189 55104 6267 66080 72727 29943 73414 90967 125532 108722 60648 42641 110750 47189 14222 53809 56604 37293 37200 57496 30896 52765 87003 106296 33255 83863
72211 23027 20893 77954 80922 108459 41538 116506 98207 80436 104603 12232 92875 98380 45624 84131 75988 46401 89554 27362 24078 97529 108525 101112 91437 100673 82688 90118 0 87169 91430 106390 112489 16403 36441 37036 40007 39095 91210 50458 108099 101644 82469 38534 91122 18285 40696 32400 111607 92148 33834 22688 98557 107274 41827 47688 28429 20680 87355 90681 36004 30193 66231 92078 132301 28360 37569 40019 164659 94322 64880 52003 37035 27538 113272 56620 37411 50428 114884 141820 44359 25330 89893 90249 34477 62338 40688 28155 70942 59665 81819 92075 100257 60715 67651 46416 89708 110844 130031 69728 92271 36663 68552 12472 102381 34869 10890 52786 41701 85912 13210 85652 71713 38761 91464 116002 64750 89272 65796 108330 31262 19960 68655 89871 106275 114343 95781 96060 97685 43717 74945 91226 62802 119558 114122 68730 47863 80123 138496 14893 45205 104521 46539 87677 71460 55555 61381 126903 64218 90550 11483 36119 78289 80667 80045 89606 62109 56479 4172 94959 17364 68615 109625 68560 7881 65697 107946 99534 67715 50830 90626 84328 62936 62104 42652 24141 85993 93579 13634 71523 106521 90764 74638 57070 96426 9477 44599 45292 64617 79351 87638 34639 74330 124757 65171 95601 41059 89614 96452 88920 55783 36314 72211 81778 84131 101338 102618 46035 103780 24078 84383 77954 36441 37036 64880 116506 34149 67750 41827 112489 134185 59665 82469
16295 64755 95818 25706 110952 89183 116943 31865 77004 10223 20055 97717 51013 107817 79720 60129 16533 44473 25779 86983 102429 19789 40061 82112 27417 69553 8756 33616 87169 0 99414 71870 53568 98444 56514 50180 47255 95350 25281 42659 62281 73677 52840 48661 42900 71629 46768 76676 41564 37116 71280 64865 36335 20273 45383 58185 111459 67980 85007 19536 107011 78462 66669 29873 54408 74749 100047 77295 81201 64469 22335 68811 50817 67816 43508 56171 57178 45394 93773 55330 45078 64246 77246 57986 63834 65427 112108 61605 98133 48573 31004 5894 16980 69932 31182 78485 26555 28540 47817 30791 27675 67924 34933 99389 25798 85961 86251 54568 128870 21861 100187 30493 84289 113356 69634 52688 66025 37574 35819 126855 114153 88433 31027 53288 49950 35588 21290 35024 49633 74036 24331 4590 55346 53143 63033 26169 51909 16914 88460 97694 49498 42529 76164 98013 79388 37364 112436 81491 35891 26492 98063 69824 46011 30681 41356 45353 44957 50213 88376 14086 104093 41021 24430 32436 81256 51487 26816 32506 50990 44364 23390 33512 24311 37384 129507 101170 25375 35011 73545 33402 19383 82723 27591 84005 26154 94186 131708 63718 22795 84389 71827 81097 78444 38913 80937 116404 56460 85649 21822 39224 84724 83695 16295 41914 60129 94958 76318 44732 17055 102429 14298 25706 56514 50180 22335 31865 62545 53030 45383 53568 73677 48573 52840
97735 89917 112280 114148 166547 30655 132050 127680 31937 89440 101083 90115 55247 177430 126960 40930 103993 97855 77781 65058 80419 90475 82082 29305 123597 42363 103413 127676 91430 99414 0 45955 72527 107208 100256 85973 86688 128386 79360 101660 57962 38925 47890 83553 134946 95118 88291 114352 84570 68648 111911 88987 74742 113499 86151 114380 116572 79224 15053 84359 127423 113559 134951 75616 152569 109452 128248 121123 136466 42226 90871 125604 89948 68689 84713 120656 102432 105025 34810 143115 94904 94430 25115 46261 106220 131365 131990 75124 154361 117395 69319 99285 115883 132928 109699 126920 122135 99972 109683 69526 77862 111952 65428 94417 125197 121393 100937 116106 113972 79434 99228 71229 20671 76864 34569 78218 36628 66322 65486 191941 89851 72919 110558 141486 68813 96211 120170 73777 60490 122206 75237 99773 125023 82879 159031 75259 108962 82512 185656 105608 103214 74599 125723 165946 23305 101945 48312 176921 110670 77760 99480 112906 53755 120009 58748 58826 57387 55298 95573 93529 95481 118964 104656 68119 94068 49405 97091 130579 125691 104329 120102 124442 90644 109923 119090 78747 119284 130335 87627 115232 109908 19425 71901 34360 82863 100203 113880 116553 86907 153770 151970 118813 22462 115049 142261 18994 106047 15351 87207 131173 137280 121516 97735 58667 40930 16237 37116 72493 105783 80419 85750 114148 100256 85973 90871 127680 104548 127149 86151 72527 82572 117395 47890
77578 94535 124996 93938 166316 20221 147386 93282 14179 64020 65567 110281 21197 170717 127709 22333 82815 90942 46167 86641 105467 56266 41204 16957 99159 5808 78787 104936 106390 71870 45955 0 28402 122647 98499 83988 83081 135637 46938 93060 13156 7200 25842 81091 113807 101795 84205 117877 42874 34817 113739 93866 37606 79506 81635 109459 134684 87718 33104 52800 140084 118137 126665 42323 118648 113597 137609 122753 90829 12142 73968 121838 87643 78927 42403 112751 100438 96878 22891 103436 88866 97757 23187 17559 106297 123897 145292 80876 153174 107050 42360 69291 85516 126994 93691 127123 98142 61566 66644 50654 44676 112237 48169 114092 96158 126827 112802 108971 140086 50081 117840 41699 47131 107744 16202 33876 42748 34372 50146 188039 117288 93334 94212 123041 26660 55670 92859 37952 22483 121998 52452 70282 115163 38262 134898 56342 102764 56711 159993 121205 97435 34271 125285 159654 43347 90809 86830 153356 96563 45561 117078 113767 32635 99827 34557 27027 47825 51451 109938 61111 116921 104480 67728 50277 105553 41662 59313 104248 113477 95881 95174 103609 74773 96733 143846 103691 96357 106692 97082 98430 75431 27491 49514 60060 48015 115861 141148 113488 70014 146167 138624 122912 39869 74668 137868 64618 102762 31640 53004 109982 136584 125896 77578 33121 22333 32503 8863 68182 71608 105467 57805 93938 98499 83988 73968 93282 104491 115356 81635 28402 37010 107050 25842
64253 95687 128323 78631 159557 48568 151047 68311 40987 48810 41464 119081 21653 159817 123489 36400 68012 85161 29796 98476 117418 34530 15005 44864 80469 30416 61879 87003 112489 53568 72527 28402 0 127769 95188 82418 80595 134959 29395 85886 15249 34382 33303 79669 96384 103397 81232 116093 15566 21487 111230 95259 17908 55480 78779 103027 140681 92079 58216 34446 142476 116987 116791 25537 93225 112544 138115 119424 64410 30700 63691 115170 85332 85607 14600 104106 96764 89569 50429 75625 83939 97736 47718 28916 103351 114724 147808 84615 146363 97281 32681 49327 63661 118600 81360 122599 79832 35511 38244 44890 27068 108885 44748 122320 74523 125580 116519 101145 150663 34765 125177 29589 68424 122821 38401 5692 57177 23812 47470 178318 129813 103798 81591 106850 6222 28415 72629 19954 15723 117571 42629 50604 105058 10388 114637 48593 96126 42863 138169 126521 91631 11131 120482 149411 63654 82184 107392 132878 85249 28759 123871 110650 34865 84018 32462 23180 50449 56497 115379 40239 125979 92168 42358 45521 109679 48473 33931 83954 101957 88481 76438 87061 65126 86030 153430 115721 78927 88042 100864 85077 51329 53163 41115 77922 27417 121596 152387 107904 60485 135680 124891 121110 60658 46933 129809 91503 98017 57339 31903 92757 130916 124060 64253 30750 36400 60532 36754 68035 48026 117418 41710 78631 95188 82418 63691 68311 101636 103973 78779 0 22527 97281 33303
82709 34011 8180 85676 70784 124849 25164 126092 114604 92743 116883 19189 108620 90988 41259 100353 85608 55051 103605 42351 32847 110617 122966 117514 98803 116950 92977 96418 16403 98444 107208 122647 127769 0 43452 48778 51526 28527 105169 58327 124003 117988 98453 50859 95856 26822 51798 30619 125983 107057 34397 34088 113193 118100 53473 50676 13205 35738 103627 104104 20679 27941 65521 106417 139619 28673 24947 36891 177749 110553 76187 51034 47653 43721 127716 59063 43638 57270 131270 151861 53741 34221 106293 106335 38503 61969 24856 43164 62633 63881 96430 103715 110052 59162 75204 42471 97158 123680 143160 84134 106413 38094 83355 15390 110787 28273 12198 56150 33731 99667 10534 100184 87783 46223 107823 131047 81149 104283 80593 98472 34158 34531 76116 92649 121579 127801 104350 110687 113247 41543 88822 102736 65014 134431 117099 82481 53017 93315 139846 1604 52044 119380 43410 81123 87710 63817 73645 127983 71112 104639 8791 36816 93976 87401 95439 105112 77647 72293 12710 107543 18044 73858 121826 83101 18196 81690 120914 106532 70749 57935 98605 90536 74192 68935 32352 33731 93577 99786 26976 78186 117791 107115 88865 72902 110259 7052 37402 46722 76598 75035 86631 30358 90631 136877 60784 110283 46291 105897 109841 94218 49913 30700 82709 97192 100353 117546 118990 60283 115393 32847 97360 85676 43452 48778 76187 126092 38958 70309 53473 127769 149707 63881 98453
40306 15193 39671 42310 68286 107262 60431 82748 94977 52558 75950 48607 79953 77178 29211 77261 42481 12054 67199 51283 58408 71352 87017 99210 55595 93508 50188 53809 36441 56514 100256 98499 95188 43452 0 14876 15418 40186 68395 14881 95700 95951 72659 17688 54726 18204 14344 21119 89712 73704 16062 16025 78368 75451 16914 14768 55929 26169 90965 65871 50554 22434 35979 70830 96515 18381 44159 24454 137392 86769 35107 25351 10970 34744 91617 22893 2176 14096 113523 108610 11803 11329 89226 80945 8165 32098 55709 26411 55377 23854 62511 62129 66832 32898 31846 28645 53913 83567 103264 50505 70156 13848 51546 48665 67347 30682 31675 18335 76237 62561 47759 65687 79721 72509 86953 97204 65178 71574 49112 92130 67464 47813 32791 54257 89392 88900 60898 75954 83007 23531 52825 61004 28729 99729 78158 46649 11967 55035 103266 43014 8820 85179 26889 65694 77104 20398 86552 91970 28011 68299 45279 15524 66108 44472 65471 75049 50832 48612 35950 67352 53573 32214 80682 50150 28861 57995 81118 63516 32496 14626 55211 47979 33156 25857 75655 57857 50274 57254 24544 35263 75550 92301 54078 69347 72879 40694 79583 16303 36713 53813 55932 26037 78690 95414 42029 110511 6174 92822 71301 52480 38400 28945 40306 67194 77261 104947 97761 30557 73563 58408 58355 42310 0 14876 35107 82748 6487 32966 16914 95188 117713 23854 72659
35246 14771 47314 43121 83145 92393 69647 79667 80136 43976 68142 48003 66002 91583 43867 62530 39399 13710 55818 43188 54686 61933 75563 84344 56553 78898 45737 56604 37036 50180 85973 83988 82418 48778 14876 0 3007 52673 57234 18362 81811 81237 58159 2898 59874 22173 4139 34144 78440 61004 29773 14766 66315 70242 4797 28411 61952 19313 76257 55630 60501 34749 49142 59057 96797 30244 55699 38772 128998 72154 27860 39948 4002 24148 80269 35051 16982 20678 98662 104823 10597 15527 74355 66466 22339 45465 65821 15527 70252 33252 49883 55212 63397 46971 33646 43393 54779 74915 94439 37541 58723 28311 37958 49362 66304 43434 36631 30406 78724 51542 50007 53348 65594 67505 72138 84901 50468 58617 35368 106905 65509 41853 34712 62072 76447 79252 59663 63837 69446 38308 41034 54310 40040 87788 84557 34655 23221 44752 110736 47894 17589 72924 41711 80108 62717 21675 76508 100017 31618 56892 47889 29793 51845 47004 51632 61359 36191 33742 38213 58765 54143 38469 73109 36917 31151 43176 72175 64849 42144 20346 55116 51218 25907 29889 79344 53723 51027 60050 23402 38583 69555 77478 41690 56260 62118 44101 81628 30972 27875 67798 67600 39206 64147 88198 56636 97074 20204 78079 61315 56916 53260 42196 35246 53388 62530 90176 83000 15827 66923 54686 48670 43121 14876 0 27860 79667 20531 43177 4797 82418 104898 33252 58159
32248 17567 49828 40270 83576 92098 72024 76662 79720 41223 65359 51008 64684 91187 44628 61889 36397 11780 53566 45822 57632 59331 73361 84031 53669 78094 42738 53851 40007 47255 86688 83081 80595 51526 15418 3007 0 54368 54935 16286 80466 80566 57240 3386 57342 24808 1674 35604 76200 59133 30985 17624 64254 67285 1966 27954 64676 22245 76560 53147 62743 36398 48264 56909 93840 31949 57629 39763 126325 71356 24924 39848 4745 26556 78048 34007 17390 18965 98316 101834 8635 17889 74248 65528 23307 44688 68050 18063 70578 31613 47967 52333 60393 46493 30937 44057 51894 72232 91798 35714 56490 29191 36408 52350 63322 45023 39352 29425 81684 49200 52947 51347 66458 70362 71656 82932 50816 56834 33895 106871 68500 44701 32003 59890 74680 76710 56681 61790 67927 38939 38842 51415 38708 85721 82109 32492 22274 42246 108392 50674 16528 70929 42268 79735 63391 19130 78725 97774 29123 54649 50808 30781 50724 44266 50238 59895 35436 33529 41121 56050 57137 36224 70309 35198 34022 42727 69525 61972 40424 18507 52180 48524 22960 27475 82254 56653 48144 57288 26375 35976 66635 77564 39674 57690 59745 46967 84604 31004 25074 67189 66171 40654 64670 85381 56472 98263 20136 78324 58800 54317 53708 43632 32248 51978 61889 90361 82402 15278 64041 57632 46077 40270 15418 3007 24924 76662 21515 41561 1966 80595 103105 31613 57240
79083 41160 20420 76286 42417 141521 25844 118039 130040 92429 115222 46847 118526 62701 19015 113582 79910 51572 107361 66226 60700 111311 127188 133699 87808 130281 88092 83676 39095 95350 128386 135637 134959 28527 40186 52673 54368 0 108576 52726 134339 132150 110035 55502 80521 34273 53745 19071 129896 113488 24308 41880 118421 112992 56181 38151 32305 49798 122278 106016 16113 17972 44448 110938 126820 22435 6252 18652 176551 123578 74933 31795 49628 60151 131798 43798 38942 49996 147951 143953 51927 37935 122894 118318 32137 41812 19464 55529 34251 50792 102309 101151 103122 37640 66522 20560 86419 123172 142826 90082 110316 27450 90631 43552 101070 9516 28356 42994 57368 102744 38985 105621 107996 74573 122458 137199 97543 111201 88034 70085 62642 59035 67161 74470 129046 128849 95279 115984 122109 22990 92888 99927 48440 139834 98125 86632 43670 95206 118142 29723 45934 125177 22583 53272 106832 57991 100319 106192 61710 108460 36926 25550 104156 76067 104246 114002 88017 84250 35099 107067 46569 61204 119769 89542 34567 94042 120861 94438 54773 51006 88755 78034 73037 59702 53597 61347 83323 86679 40873 67556 113694 124839 93958 94344 113060 33220 61304 32644 76819 48985 63653 14306 109255 134102 35425 134154 38959 124410 111392 79913 23837 11660 79083 106010 113582 136510 133623 67963 112191 60700 98441 76286 40186 52673 74933 118039 33713 53622 56181 134959 157473 50792 110035
34873 71573 104454 49464 130680 65120 126879 48512 53510 19419 21849 99738 26679 130424 95674 38519 38691 57497 1920 83175 101040 11169 18643 58549 52695 45132 33020 58845 91210 25281 79360 46938 29395 105169 68395 57234 54935 108576 0 57622 37000 49398 31470 54764 68038 79228 55235 89514 21326 12177 84397 71333 11522 34311 53000 74695 118354 70569 64395 5864 117678 90718 87526 4627 73726 86439 112306 92043 74067 40727 34950 86606 59514 66582 23222 75127 69738 61173 69286 64861 56728 72751 55399 34660 76499 85571 122985 63178 117533 68129 11804 22353 38746 89571 51983 94678 51827 22962 39819 21794 2416 81700 24101 102353 49268 99076 93291 72403 131768 5846 104365 8549 67522 109362 46847 29824 50757 13460 26591 148965 113425 86790 52201 78082 25033 23693 45959 9844 24510 89759 16347 23353 75808 31651 88108 22706 67840 13820 113055 104102 63770 18309 92484 120049 62368 53501 101433 106555 55944 1600 102674 83535 26359 55009 21239 21471 33920 40579 93463 14596 106571 62775 25898 23218 87017 36997 19754 57374 72582 60076 48664 58304 36561 56804 133606 99508 50464 60291 78369 55693 30592 61157 16702 71349 5361 99663 134035 79800 32178 106318 95628 94414 60572 38865 100787 97518 70452 64596 8040 64302 102505 97291 34873 20919 38519 72502 52089 45175 26481 101040 12330 49464 68395 57234 34950 48512 74878 74602 53000 29395 51061 68129 31470
26371 27789 54438 27593 73969 104313 74648 67897 91638 40094 62495 62416 73126 78094 38138 73260 27834 4693 56693 61215 71052 58982 76181 96257 41013 88568 35762 39809 50458 42659 101660 93060 85886 58327 14881 18362 16286 52726 57622 0 88453 91536 67646 19667 41996 32574 14631 34028 78648 64695 28628 28362 68376 60981 16106 17142 70790 36474 90647 54285 64578 35881 34149 60670 81926 32369 57393 34975 123848 81958 22807 29356 15570 42484 80604 19862 14973 3820 110312 93790 7765 25177 87222 75666 21337 31041 69597 33817 60746 15750 53728 48435 52051 33934 17204 37092 39298 70500 90124 42803 59629 25280 44906 62865 52500 43309 46487 15911 90941 51810 62309 56390 81786 84580 83438 87226 65248 63015 42941 94999 80939 59144 18200 43711 80445 76437 46030 66093 75261 32251 43344 47225 23439 89272 66421 37801 10245 43844 92444 57870 6853 75316 34876 66838 78388 5560 94870 81665 13964 57791 59878 27180 60476 30271 58761 67742 47215 46989 50387 54487 67779 20145 67056 42927 43181 55207 68264 49077 24328 2839 40430 34117 21085 11980 90492 70294 35611 43282 37613 21252 61318 91068 45311 73774 61601 55389 94226 22181 25489 53623 50413 38450 79352 81510 44856 114016 13801 92254 59372 39288 45031 41087 26371 60357 73260 104056 93627 29168 59591 71052 46521 27593 14881 18362 22807 67897 20216 25614 16106 85886 108235 15750 67646
70092 93768 125513 85825 162371 33353 148179 81326 26110 55507 53764 113331 15815 164930 124734 25887 74788 86933 36620 90999 110037 45144 28473 29725 89694 15600 69848 95820 108099 62281 57962 13156 15249 124003 95700 81811 80466 134339 37000 88453 0 19305 25682 78938 104956 101316 81382 115954 29919 25569 111449 93206 26438 67835 78827 105349 136527 88401 44133 42785 140244 116509 121142 32422 106581 111979 136873 120153 78507 17587 67715 117715 85174 80623 29344 107678 97494 92254 35533 90463 85217 96475 33687 18551 103743 118668 145536 81167 149154 101434 35238 59027 74699 122131 86835 124005 88824 49087 53489 45702 34610 109548 44174 116890 85494 125213 113420 104232 144163 41104 120230 33530 56058 113892 24827 20770 47694 26173 46591 182828 122214 97069 87237 114758 14008 42801 82729 27345 13394 118891 45799 60141 109463 25244 124954 50733 98500 48548 149458 122645 93492 21965 122029 154121 51647 85531 95690 143371 90175 35828 119200 111198 30323 91556 30233 20751 46728 51713 111359 50382 120141 97734 55512 45766 106308 42420 47030 94164 107145 91205 85661 95058 68807 90611 147457 108288 87385 97291 97592 91184 63707 38813 43345 67252 37064 117466 145552 109793 64005 140472 131471 121016 48384 61698 133216 76857 99353 43023 42026 101191 133002 124004 70092 28506 25887 45389 21580 66384 60041 110037 48787 85825 95700 81811 67715 81326 101962 109097 78827 15249 27942 101434 25682
77916 90990 120698 94535 164099 15761 142900 96907 7019 65196 69209 104967 22756 169535 125097 18710 83447 89103 48384 80925 99598 59423 46091 10497 100657 4376 80068 106150 101644 73677 38925 7200 34382 117988 95951 81237 80566 132150 49398 91536 19305 0 23929 78355 114788 98065 81787 114769 48064 37249 110837 90275 41182 82919 79236 107547 129783 83538 25904 55187 135899 114881 125466 44884 122309 110357 133845 119967 97637 9732 73594 119868 85008 74359 47804 111359 97954 95334 20134 108415 86849 94442 16070 16360 103572 122540 141054 76935 151032 106007 43200 71619 88142 125414 93486 124588 99539 65946 72449 49967 47280 109548 47022 108865 98593 123527 108507 107412 134308 51828 112765 43190 40188 101348 10244 39999 37263 36206 48697 186483 111263 87822 94077 123589 31758 60619 94891 41125 25724 119481 52701 72509 114123 44532 136604 55888 100977 57789 162113 116516 95508 38839 122831 158349 36595 89686 79803 155045 96050 47919 112115 111009 31301 100488 34198 28325 45131 47962 105300 63891 111518 104133 71768 49354 101231 38218 63490 106182 112824 94373 96730 104436 74218 96058 138230 97818 97519 108101 92918 98434 78922 20296 49560 53519 51176 111120 135254 111325 69548 144997 138371 119768 33086 79709 136126 57699 100509 24454 56096 110939 134260 122738 77916 33016 18710 26154 2705 65422 74981 99598 59418 94535 95951 81237 73594 96907 101763 114648 79236 34382 44210 106007 23929
54809 69050 100216 71573 140555 37848 122808 79849 25105 43438 53232 87682 11658 145611 101868 7294 60611 65316 29898 65773 84808 42598 37155 30131 78833 20971 58166 83863 82469 52840 47890 25842 33303 98453 72659 58159 57240 110035 31470 67646 25682 23929 0 55261 92148 76444 58373 92111 40131 21282 87920 68421 28136 65654 55804 83806 110898 62979 32949 36532 115111 92430 101540 27822 104879 87887 112204 96916 95959 14314 49932 96162 61802 54965 40886 87451 74603 71450 43362 95702 63150 72108 24437 8311 80458 98629 120371 55868 127436 82082 21922 51959 68694 101552 69855 101287 77572 52707 65040 26277 30019 86395 23135 91216 78523 101132 88068 83538 118678 31840 94550 23412 37530 89599 17150 38279 23952 18642 24769 162627 97101 71586 70488 100449 27489 50083 74064 26691 17631 96164 29897 52587 90197 42798 114845 32295 77176 36103 140908 97075 71767 30126 99459 134436 32419 65758 74911 133177 72256 29870 93532 87930 7508 77559 11503 12048 22048 26278 85781 45707 94507 80400 56948 25537 80898 16772 49696 85030 88964 70480 75042 81671 50456 72206 121861 83079 75232 86077 72251 74925 62026 30026 26584 44978 35135 91860 120165 87730 45851 121070 114641 97155 30059 68259 112321 66127 76971 33251 39348 88292 110786 100143 54809 10998 7294 42120 26137 42368 57903 84808 38690 71573 72659 58159 49932 79849 78652 90772 55804 33303 52784 82082 0
34163 16902 49697 43107 85974 89577 72136 78624 77293 42055 66246 49156 63127 94139 46743 59650 38659 15164 53313 42794 55177 59760 73012 81523 56422 76005 44637 56831 38534 48661 83553 81091 79669 50859 17688 2898 3386 55502 54764 19667 78938 78355 55261 0 60532 24483 5056 37024 75914 58281 32671 16771 63682 68829 4067 30912 64057 19839 73634 53328 63091 37597 51435 56481 96346 33082 58452 41667 126895 69261 26449 42610 6727 23375 77729 37233 19769 22338 95835 103578 12018 18130 71586 63568 25228 47816 68418 15025 73055 34984 47186 53544 62361 49477 33997 46256 54646 72844 92301 34818 56203 31196 35139 50730 65717 46290 38775 32624 80226 49114 51625 50691 63257 67643 69282 82213 47857 55860 32532 109607 66278 41990 35062 63235 73678 76996 59080 61198 66607 41164 38504 52692 42024 85151 85344 32117 25450 42490 111677 49921 19733 70253 44556 82673 60270 22358 75414 101097 32361 54381 49581 32687 48951 47274 48772 58509 33297 30930 39959 56759 55449 39560 71240 34152 33017 40320 70060 64733 43804 21891 54791 51579 24545 30757 81039 54137 50906 60251 24942 39125 67995 74772 39052 54329 59705 45949 83047 33673 26096 70247 69515 42086 61622 86356 59282 94958 22852 75432 59041 57459 56087 45076 34163 50530 59650 87508 80128 12937 65251 55177 46501 43107 17688 2898 26449 78624 23420 44931 4067 79669 102133 34984 55261
37541 69329 90102 20834 79675 129792 106017 44825 117179 49787 58154 103318 92643 69819 61592 99158 31549 46634 68336 103045 112816 62063 82437 122247 16365 110893 35124 9465 91122 42900 134946 113807 96384 95856 54726 59874 57342 80521 68038 41996 104956 114788 92148 60532 0 72839 55827 66302 83551 79502 61726 70001 79227 47623 56528 45229 106842 78467 121785 62391 95794 68897 38201 72561 46657 67272 86549 62538 110514 105217 44087 48737 57502 83893 85415 37370 53717 41046 134886 68364 49511 66008 115674 98566 57590 39566 99872 75378 68722 31985 71624 47147 36171 44383 26840 60051 16670 66810 82681 66424 70450 57917 70249 103198 27719 72979 85154 39743 129523 63946 101826 72119 116872 126527 109296 95163 98756 79501 69732 89379 122187 101138 25809 11528 92847 75090 25624 77851 92013 57792 62291 45828 32129 95123 24969 60394 43371 57113 51678 95790 46093 85398 57949 61907 112624 38217 135718 42066 28259 69143 99265 59385 84732 14937 80898 86831 77559 80285 90331 56272 108078 22513 60304 67570 83426 85583 66351 17379 25842 40855 20229 10546 44439 30068 128038 112131 17575 9604 79055 21450 50697 120636 65572 111887 69011 94478 133092 49695 48039 49648 32434 68673 112663 69691 52548 149835 50233 122885 64497 3856 61149 70120 37541 81896 99158 133495 117329 65994 52004 112816 56214 20834 54726 59874 44087 44825 57459 26900 56528 96384 115760 31985 92148
55971 7724 25227 60166 71730 107248 47784 99705 95802 66016 90115 30499 85579 85739 32866 79600 59122 28813 77754 37545 41121 84102 97388 99429 73573 96344 66305 71990 18285 71629 95118 101795 103397 26822 18204 22173 24808 34273 79228 32574 101316 98065 76444 24483 72839 0 25000 19523 100323 82208 18476 8151 87907 91349 26770 29872 39909 15898 88234 77783 39099 18469 49559 80831 114495 14596 35815 26878 151132 89682 49365 36006 20832 26431 102119 38804 19127 32264 113678 125339 27173 7534 88624 84660 16762 45588 44427 21260 60115 41436 71259 76895 83562 44700 49764 33184 71866 97040 116595 58856 80628 20248 58650 30462 84934 26390 14625 34768 58441 73594 29738 74875 74524 55590 88283 106234 63296 79627 55931 98038 49468 32369 50744 71734 97302 101421 78393 85409 89633 29252 62934 75915 44969 109336 95911 56548 29595 66917 120518 26074 27008 94355 32579 74533 73000 37863 73483 109015 46135 78815 27328 20303 70994 62605 71655 81456 54622 50346 17819 80855 35371 50334 95042 58015 10663 60133 94325 81583 49630 32724 72973 66171 47370 43999 58309 40783 68184 75441 8585 53418 90984 90643 63318 61729 84187 22953 61675 28236 49844 64619 70739 23727 75277 110076 50989 102577 22824 90332 83479 70662 43459 26398 55971 73430 79600 102474 99473 35373 88571 41121 70840 60166 18204 22173 49365 99705 16149 49772 26770 103397 125713 41436 76444
31517 17991 49838 38986 82319 93451 71888 75849 81036 41048 65118 51865 65622 89674 43531 63131 35459 10108 53907 47274 58784 59330 73727 85381 52425 79263 41992 52471 40696 46768 88291 84205 81232 51798 14344 4139 1674 53745 55235 14631 81382 81787 58373 5056 55827 25000 0 34873 76534 59752 30132 18135 64735 66701 2572 26459 64909 23432 78083 53276 62499 35776 46661 57329 92723 31375 57156 38778 126214 72531 24442 38438 4304 28099 78396 32383 16236 17291 99651 101127 6962 17866 75664 66647 22365 43105 67791 19551 69288 29939 48568 51940 59588 44974 29521 42920 50652 72125 91733 36394 56843 28180 37256 53091 62278 44348 39604 27815 82321 49466 53540 51884 68086 71643 72951 83469 52358 57513 34791 105453 69528 45991 30588 58266 75356 76763 55639 62283 68755 37795 39253 50989 37049 86185 80561 32940 20678 42364 106811 50990 14924 71453 41089 78229 64991 17611 80332 96165 27587 54996 51357 29816 51771 42874 51149 60760 36661 34942 41656 55910 57907 34610 70042 35949 34500 44053 69460 60719 38750 16835 51020 47099 22458 25907 82769 57836 46899 55916 27090 34496 66149 79033 40217 59363 59975 47420 85289 29649 24863 65632 64502 39905 66242 85081 55031 99922 18784 79833 58892 52836 52473 42870 31517 52879 63131 91853 83651 16650 63635 58784 46098 38986 14344 4139 24442 75849 20591 39887 2572 81232 103754 29939 58373
60382 24621 23979 59052 52268 124979 41145 100698 113120 73432 96432 43562 100146 66726 13586 96088 61617 32577 88311 56397 56443 92295 108133 117031 71352 112659 69695 68002 32400 76676 114352 117877 116093 30619 21119 34144 35604 19071 89514 34028 115954 114769 92111 37024 66302 19523 34873 0 110832 94609 5404 25504 99426 94805 37358 21386 40609 35229 106864 86949 30899 2683 35064 91916 111472 4933 23372 7704 157839 105923 55935 20533 30862 45732 112736 28992 19887 31599 131359 126684 32857 20515 106515 100420 13077 31416 35740 39540 40603 34773 83418 82427 85345 28953 48892 14162 69839 104275 123952 71266 91268 9037 72000 41744 84207 9563 22567 26783 64174 83680 38740 86675 93706 71111 105329 118233 81492 92386 69456 78530 62095 50418 49635 62265 110229 109840 78129 96999 103518 11440 73883 81234 34711 120816 86667 67658 25699 76135 109232 30931 27181 106208 14139 55720 91934 39433 92151 97379 44246 89411 36163 7235 85952 59628 85761 95462 70067 66829 29589 88125 46107 45175 101047 70795 25201 76551 101916 78544 40690 32549 71837 62176 54024 42137 62077 56541 66508 71224 27842 50684 95294 108936 75029 81201 93988 31326 67923 16609 57758 46951 56373 5062 94042 115538 32795 122099 20236 108897 92338 65058 24134 8052 60382 87512 96088 121079 116386 49774 93619 56443 79387 59052 21119 34144 55935 100698 14642 40055 37358 116093 138618 34773 92111
54585 92634 125545 67240 151013 63062 148050 52890 54136 39148 26665 119522 29835 149270 116771 45305 57298 78720 22634 101188 119664 21777 3197 58497 67324 43810 50255 74091 111607 41564 84570 42874 15566 125983 89712 78440 76200 129896 21326 78648 29919 48064 40131 75914 83551 100323 76534 110832 0 20740 105701 92354 13471 40429 74273 95620 139129 90927 69738 24459 138927 112044 107285 19568 77691 107764 133628 113262 56324 42402 55857 107343 80804 86009 1983 95501 91037 82116 65451 60566 78025 93967 59455 38660 97808 105612 144241 83456 137947 88263 29855 36561 49379 109812 71473 115739 66883 20032 25222 41901 19717 102966 43212 122368 60158 120394 114225 93048 151512 27152 124667 25980 77474 126733 50004 12151 63500 23927 45934 168176 132121 105580 71538 94432 16313 12922 58916 15851 24157 110868 37412 37937 95671 11603 100428 43798 88813 34854 123334 124867 84925 10135 113520 139274 72425 74298 114862 118494 75775 21552 123089 104809 38699 72216 34599 28139 51484 58103 114059 27535 126409 81955 27005 43047 107793 51999 18729 70023 91913 81019 63357 74816 57566 76860 153676 118052 66432 74778 99065 74520 36309 65187 37120 84720 17054 120284 153587 100820 53338 125583 113380 115722 69839 31797 120999 103517 91667 69220 20059 80076 123308 118592 54585 33290 45305 74002 50625 65732 33297 119664 32273 67240 89712 78440 55857 52890 96193 93955 74273 15566 32226 88263 40131
44652 74486 107263 60256 138568 52988 129951 60113 41557 29939 32726 99493 14601 139905 102089 27771 49229 63789 11355 80534 99113 22430 17548 46554 64491 32967 44378 70451 92148 37116 68648 34817 21487 107057 73704 61004 59133 113488 12177 64695 25569 37249 21282 58281 79502 82208 59752 94609 20740 0 89744 74096 7403 45977 57307 81812 120087 71550 53598 18016 121230 95516 96391 7636 85456 91082 116700 97964 76988 28763 42943 94039 63866 65902 22030 83314 75291 68422 57109 74541 62496 76384 44128 22972 81867 94119 126563 64053 125352 76736 11194 34509 50914 97822 61549 101223 63540 31459 44511 23464 10034 87415 23705 102501 61443 104100 95595 80159 131385 15565 105054 8348 58643 105998 35239 24039 43376 3190 26466 158077 111573 85108 61902 89202 15772 29036 58042 5491 12533 96176 21351 35475 84661 27411 100110 27151 74910 23029 125194 105861 70290 12378 99127 129252 53496 61237 94778 118566 65093 10754 103605 89174 18267 65991 13888 9859 30968 37508 94840 26648 106397 72450 36038 24198 88890 31295 28493 69433 82008 67343 60482 69527 44233 65676 133777 97483 61952 72060 80086 65746 42093 49947 19643 64548 14376 101074 133347 86598 39496 115551 105996 99624 51285 46980 108999 87169 76602 53585 19083 75717 109686 102574 44652 12681 27771 60828 39945 46942 38053 99113 23288 60256 73704 61004 42943 60113 80149 83988 57307 21487 44014 76736 21282
54987 22033 28381 53798 54722 121437 46451 95391 109421 68125 91053 45563 95661 67335 15049 92130 56219 27265 83225 56010 57860 87004 103030 113446 66229 108603 64292 63059 33834 71280 111911 113739 111230 34397 16062 29773 30985 24308 84397 28628 111449 110837 87920 32671 61726 18476 30132 5404 105701 89744 0 22982 94428 89409 32662 16536 45137 33356 103872 81735 36234 7522 32457 86881 106520 5823 28767 9306 152451 101859 50628 18172 26278 43665 107613 24673 14667 26205 127784 121378 27678 17488 103089 96230 7906 28614 41118 36801 42468 29936 78549 77037 79987 26898 43584 15072 64693 98923 118594 66485 86184 3850 67375 44196 78989 14801 24999 22011 68120 78556 41680 81745 91240 72535 101541 113266 78305 87582 64879 80236 64428 50578 44344 58261 105412 104543 72867 92015 98884 10795 68886 75840 30625 115779 82716 62708 20390 70950 105863 34515 21783 101241 14191 56084 89219 34028 91938 94085 38978 84327 39075 2435 81602 54535 81223 90873 65918 63006 31556 82789 48774 40244 95658 66076 26176 72649 96582 73526 36374 27149 66623 57209 48729 36854 66352 57795 61322 66322 27060 45522 89891 105721 70127 79273 88816 34184 71798 12334 52532 46247 53884 10032 91181 110137 32516 120389 14833 105855 87091 60324 25462 12896 54987 82963 92130 118041 112524 45557 88217 57860 74141 53798 16062 29773 50628 95391 9594 35912 32662 111230 133757 29936 87920
49621 977 33222 55550 77564 99830 55863 93835 88204 58726 82901 34265 77456 89860 38010 71735 53301 24039 69828 35442 42815 76531 89398 91948 69069 88458 60077 68167 22688 64865 88987 93866 95259 34088 16025 14766 17624 41880 71333 28362 93206 90275 68421 16771 70001 8151 18135 25504 92354 74096 22982 0 79854 84835 19532 30132 47285 10773 81372 70066 47249 25057 51029 72833 109828 20698 43783 32140 143662 81774 42530 38651 14352 20740 94135 38706 17716 28957 106241 119220 21780 5767 81271 76660 18410 47062 52576 14039 65444 39814 63177 69956 77596 47021 45393 38049 67323 89601 109072 50779 72683 23516 50513 35147 79749 33488 22017 34248 64209 65747 35411 66817 68320 56672 80584 98128 56094 71497 47790 103209 52594 31791 46423 70166 89158 93749 73138 77353 81486 33536 55007 69038 44663 101263 93871 48630 27977 59248 119204 33163 24028 86267 37026 78479 66446 33182 71042 107959 42310 70881 33222 24191 62887 58610 63508 73309 46539 42424 23523 73486 40014 47606 87872 49910 16399 52220 86827 77247 48514 29166 68096 62475 40557 40274 64646 42148 63586 71641 9307 49611 84247 83526 55296 56333 76346 29345 67220 30004 42640 67636 71580 30213 68538 102963 54661 97506 21898 83416 75791 67494 48438 33074 49621 65283 71735 95593 91743 27228 81665 42815 63273 55550 16025 14766 42530 93835 17086 48987 19532 95259 117566 39814 68421
46348 80189 113075 60942 141823 56888 135691 55775 46247 30936 28050 106233 19628 141917 106229 34186 50208 67911 11902 87717 106204 18757 10276 51071 63623 36809 44367 69947 98557 36335 74742 37606 17908 113193 78368 66315 64254 118421 11522 68376 26438 41182 28136 63682 79227 87907 64735 99426 13471 7403 94428 79854 0 41909 62370 85508 126290 77898 59703 16861 126771 100475 98903 7719 81173 96105 121876 102368 69612 33628 45953 97558 68940 72677 14903 86315 79838 72007 60418 68423 66890 81809 49878 28546 86524 96871 132099 70407 128646 79425 16766 32693 48272 100795 63454 105288 62851 25311 37177 29097 9167 91908 30017 109146 59058 108967 101570 83448 138190 16878 111555 13038 65651 113295 40676 18886 50714 10581 32767 160412 118662 92137 63690 89437 13625 21947 56372 2506 15459 100306 25544 33855 87173 21473 98599 31797 78620 24992 123022 112037 74308 6952 103133 131503 60524 64496 102128 116995 67348 10855 110035 93710 25645 66437 21280 16196 38021 44633 101121 23949 113128 74269 30664 30092 94999 38679 22581 67801 84050 70915 59581 69642 47455 68149 140448 104589 61677 71228 86226 67212 37851 55711 24631 71906 10627 107355 140223 90493 42895 117773 107138 104393 58192 40369 112009 93452 80841 59513 15594 75530 113382 107312 46348 20082 34186 65925 43879 52919 34003 106204 23852 60942 78368 66315 45953 55775 84849 86066 62370 17908 39895 79425 28136
35391 84678 115064 38007 123829 98673 135628 14203 87523 29017 14097 117942 60545 117031 96228 72784 33193 63431 35779 107012 122677 23555 40476 92495 31653 78566 25264 38572 107274 20273 113499 79506 55480 118100 75451 70242 67285 112992 34311 60981 67835 82919 65654 68829 47623 91349 66701 94805 40429 45977 89409 84835 41909 0 65448 75029 131000 88239 98601 29141 125537 96788 79554 38454 39479 93349 118044 94533 64975 74734 42399 84413 70641 87990 41962 71394 75872 63207 102326 35110 64414 83886 89710 68871 82315 79134 130510 81876 111585 63714 44381 16452 11580 83956 46697 94879 31969 20912 35063 48338 36085 85853 52232 119549 20890 103802 105936 70717 148966 34251 120225 42271 100430 133447 81105 52576 82700 47714 53699 136525 134424 108648 46189 59132 53992 29316 22107 41795 57272 90825 41317 16823 69218 51213 60737 44830 69337 33452 82921 117414 67801 45943 92539 108344 95351 55464 131137 78460 51587 35903 118057 87734 59926 40698 54843 55664 62726 68591 108357 19976 124278 54446 13788 50064 101190 68197 21702 31566 63834 62262 28417 41458 44338 53468 149460 121405 33260 38080 93641 46941 4154 95463 44092 101962 31756 114081 151852 80609 43066 95247 79748 98938 93915 22572 94384 131405 74628 98866 26901 44832 99871 101362 35391 54838 72784 106749 85624 64861 7940 122677 29187 38007 75451 70242 42399 14203 81178 65766 65448 55480 71311 63714 65654
30505 19497 51793 39046 84866 90957 73980 74951 78522 39271 63415 52728 63062 92024 46103 60586 34799 11832 51640 46861 59098 57365 71442 82886 52377 76699 40996 52765 41827 45383 86151 81635 78779 53473 16914 4797 1966 56181 53000 16106 78827 79236 55804 4067 56528 26770 2572 37358 74273 57307 32662 19532 62370 65448 0 28855 66629 23716 75771 51185 64683 38209 48842 55004 92384 33781 59505 41341 124363 69968 23063 40909 6571 27414 76125 34511 18808 19073 97146 100055 8779 19851 73221 64077 24917 45339 69987 19092 71823 31689 46131 50427 58681 47325 29945 45491 50601 70270 89833 33916 54566 30746 34715 54138 61800 46810 41304 29993 83519 47257 54805 49484 66034 71667 70428 81071 50084 55038 32238 107909 70083 46008 31009 59434 72884 74745 55160 59911 66222 40365 36933 49520 38994 83833 81370 30593 22910 40283 107752 52615 17155 69062 43655 80592 62846 18409 79323 97235 28406 52724 52683 32374 49199 43211 48594 58217 34114 32508 43005 54092 58908 35748 68370 33440 35927 41549 67561 60687 40406 18513 50786 47523 21111 26856 84137 58085 46859 56184 28193 35104 64759 76645 37812 57671 57797 48876 86415 32162 23132 67913 66338 42399 64028 83448 57471 98038 21304 77499 56836 53429 55028 45369 30505 50326 60586 89493 81107 14204 62138 59098 44111 39046 16914 4797 23063 74951 23137 41622 0 78779 101296 31689 55804
42212 29212 44910 38160 57030 119697 62263 79921 107176 56778 78232 59861 89890 63239 21542 89031 42193 18521 73799 65572 70993 75557 93206 111622 50078 104776 50452 46616 47688 58185 114380 109459 103027 50676 14768 28411 27954 38151 74695 17142 105349 107547 83806 30912 45229 29872 26459 21386 95620 81812 16536 30132 85508 75029 28855 0 61671 40670 104509 71196 51965 23876 21211 77799 90086 22045 43559 19546 139153 98097 39778 12392 24432 49506 97584 8942 12710 13522 125836 105865 20712 24695 102067 91958 13213 17343 56555 41167 43823 13410 70807 64067 64990 18567 28406 20346 48603 86537 105990 59647 76729 12704 61480 59120 63114 29320 40392 5486 84390 68899 57198 73518 93965 85444 99031 104349 78751 80086 59347 79117 78914 61534 29020 42396 97570 92867 57197 83232 92231 15874 60466 62772 15122 106343 66812 54834 6903 60892 90810 50671 12040 92452 18050 51782 91128 21373 101103 79223 23568 74896 54602 14257 76825 38328 75441 84605 62628 61362 46204 70800 63890 23789 82558 59652 39808 70290 84481 57172 20245 14619 50756 40792 38134 21592 82810 70645 45365 49845 37642 29534 75934 105490 62365 84001 78566 49740 88008 5583 42614 39396 41450 24583 92530 96514 28662 125101 8606 106278 76143 43788 27889 26675 42212 77079 89031 118310 109526 43059 74695 70993 63397 38160 14768 28411 39778 79921 13739 20101 28855 103027 125375 13410 83806
95620 47193 16768 97861 71897 135897 16656 138677 126089 105899 130020 26463 121272 94269 48865 112473 98320 67736 116782 51599 38024 123816 136101 128763 110793 128944 105815 108036 28429 111459 116572 134684 140681 13205 55929 61952 64676 32305 118354 70790 136527 129783 110898 64057 106842 39909 64909 40609 139129 120087 45137 47285 126290 131000 66629 61671 0 48603 114150 117308 18259 37977 74275 119561 151425 39749 26808 45608 190939 122650 89249 60141 60730 55953 140852 69595 55912 69464 142276 164526 66587 47216 117499 118662 50293 71016 19733 56080 65890 75057 109524 116780 122730 67622 87413 50268 109185 136864 156356 97257 119582 48969 96398 22156 123066 35658 25325 67148 25072 112862 17435 113295 97842 48931 119567 144046 92674 117282 93635 99224 34755 43787 88289 102765 134479 141006 116702 123785 126017 50475 102007 115783 75299 147480 127087 95672 64754 106519 148798 14262 64317 132428 51661 85351 98229 76324 79175 136861 83153 117812 17701 47459 106663 99244 108288 117910 90413 84883 25304 120714 21802 85284 134950 96200 31344 94126 134106 118350 81298 70195 110799 102163 87252 80979 21771 39370 105669 111346 40071 90080 130779 117945 102016 82621 123453 19105 29006 57196 89740 81180 94742 39016 101305 149983 67335 117967 58212 116450 123046 105457 55876 38459 95620 110033 112473 127822 130661 73406 128441 38024 110558 97861 55929 61952 89249 138677 50970 80647 66629 140681 162507 75057 110898
53952 11747 37292 62402 87497 91971 59830 98389 80840 60569 84606 29859 72930 100514 48249 65392 58491 31838 68899 25185 35391 77150 87848 84258 75855 82126 64400 75729 20680 67980 79224 87718 92079 35738 26169 19313 22245 49798 70569 36474 88401 83538 62979 19839 78467 15898 23432 35229 90927 71550 33356 10773 77898 88239 23716 40670 48603 0 72489 70189 52383 34339 61701 71398 116080 30303 50676 42298 144185 75577 46046 49423 21014 10535 92596 49055 28053 37819 98417 123157 29041 16533 73300 71002 29182 57745 57576 7497 75657 49486 61150 72566 82139 57788 52744 48402 74083 90542 109576 49049 71604 34187 47909 31984 85516 42252 25110 44503 61598 65324 33797 64977 58626 48284 73560 95466 47878 68710 45149 113526 46457 22704 53805 79558 85879 93801 78876 75398 77510 44057 54343 71817 54884 98959 102815 48182 37898 59758 128565 34455 33335 83913 47516 89160 57149 40582 60434 117508 50303 69889 32163 34748 58273 66116 59710 69374 41915 36716 23309 74836 36457 56430 89652 47882 17920 46291 87592 84146 58339 37821 74423 70235 44201 48414 63089 34411 70329 79190 9380 57461 87164 75068 53970 46002 75806 29537 64160 40764 45196 78406 82059 39596 59488 104776 65366 87044 32253 74615 75958 75697 58778 42293 53952 61461 65392 86726 84784 25415 84204 35391 64103 62402 26169 19313 46046 98389 27850 58969 23716 92079 113970 49486 62979
84329 82245 107790 100951 158550 23014 128775 112794 18997 75164 86075 88060 40252 167747 118837 25909 90510 87169 62844 62897 80266 75487 67187 18168 109809 28705 89410 114187 87355 85007 15053 33104 58216 103627 90965 76257 76560 122278 64395 90647 44133 25904 32949 73634 121785 88234 78083 106864 69738 53598 103872 81372 59703 98601 75771 104509 114150 72489 0 69472 123131 106382 124508 60599 137776 102068 122832 113174 122491 27600 77902 116203 80258 62151 69951 110127 93122 94184 28945 128064 84368 86477 10503 31266 97566 121083 127980 67333 145989 106239 54580 84628 101294 123052 97220 118639 108403 84921 94911 55692 62859 103464 51691 92249 110804 114607 95940 105700 114828 64652 96726 56344 17046 79459 19876 63902 25791 51295 52055 183091 90982 70522 98026 128874 54184 81235 105958 58725 45602 113741 61033 85166 114083 68603 145512 61586 98672 68094 171996 102058 92922 59711 117242 156291 15931 90357 54880 163578 98590 62795 96584 104601 39090 106881 43995 43774 44607 43666 91369 78647 94060 106920 89614 54391 88788 36410 82038 116567 114220 93403 106214 111244 77859 98024 119410 78508 105692 116721 81477 102674 94971 5692 57669 32359 67831 96577 115252 107208 73855 143682 140504 111573 13078 100031 132892 33819 96459 2326 72207 117972 128872 114403 84329 43818 25909 14240 24672 61691 90849 80266 71158 100951 90965 76257 77902 112794 95823 115790 75771 58216 70114 106239 32949
30309 70229 102941 44186 126619 70888 125155 43325 59167 14771 17726 99733 32442 125613 92423 43704 33623 54576 6849 84418 101835 7535 22227 64227 46921 50938 27513 53146 90681 19536 84359 52800 34446 104104 65871 55630 53147 106016 5864 54285 42785 55187 36532 53328 62391 77783 53276 86949 24459 18016 81735 70066 16861 29141 51185 71196 117308 70189 69472 0 115752 88294 83089 10490 68375 84117 109987 89054 73997 46408 31479 82885 57580 67049 26434 71079 67077 57708 75114 61003 54093 71035 60720 40233 73879 81297 121028 62937 113529 63902 15449 16495 32965 85432 47351 91367 46089 20883 39394 22715 8193 78869 25790 102143 43433 96500 92083 68590 131700 5746 103885 13131 71726 110803 52345 34265 54459 19088 27963 144306 114127 87552 47494 72578 30486 23706 40097 15489 30374 86533 16157 17489 71419 35529 82259 22033 64412 10912 107193 103104 60664 23319 89134 115381 66601 49854 104460 100703 51509 7273 102084 80732 30855 49613 25747 27107 36156 42639 92708 9175 106496 58022 22303 24338 86060 40271 17747 51515 67914 56612 42885 52782 33240 52512 133266 100358 44830 54524 77554 50777 25622 66434 17647 74600 7468 98856 134107 76433 29205 101657 90448 91767 64997 36385 96633 102307 67479 69772 5771 58682 98852 94595 30309 25697 43704 77988 57873 44824 21494 101835 7814 44186 65871 55630 31479 43325 72318 69947 51185 34446 55529 63902 36532
90747 46794 15355 89923 53639 143760 10302 131595 133010 102961 126502 39674 124562 76272 34806 117765 92350 62553 116296 62861 52992 121609 136062 136219 102042 134506 100339 98353 36004 107011 127423 140084 142476 20679 50554 60501 62743 16113 117678 64578 140244 135899 115111 63091 95794 39099 62499 30899 138927 121230 36234 47249 126771 125537 64683 51965 18259 52383 123131 115752 0 28772 60438 119556 141732 32265 9891 33268 187940 127942 85597 47311 58201 61757 140764 58612 49836 62390 150206 157580 62238 44977 125102 123234 43247 57660 5333 59265 48041 65144 110214 112666 116220 53632 79791 36333 100567 134049 153742 97815 119211 39935 97731 35627 115030 22861 27444 57174 42637 111939 30519 113767 107689 65490 125876 145231 99721 118689 95019 80986 52041 55094 80530 90239 136392 139122 109001 124283 128709 38007 101531 111524 63672 148235 114071 95155 56597 104841 134253 22264 57741 133306 38189 67718 107291 70075 94112 122305 75132 117376 29284 38113 109933 90288 110733 120530 93516 88852 31884 117811 37191 75614 131234 97033 34723 98548 131538 109022 69955 63304 102661 92600 83627 73029 38267 54029 97300 101471 43008 81463 125882 126327 102141 93065 122469 27421 46554 46737 86908 64671 79758 27416 110067 145924 51403 130931 50919 125366 121329 94950 39803 25692 90747 112507 117765 137195 137098 74470 124038 52992 108457 89923 50554 60501 85597 131595 44473 68951 64683 142476 164811 65144 115111
62170 24223 21318 61319 53310 124819 38958 102899 113072 74950 98131 41159 100694 68541 15478 96232 63596 34165 89475 54747 54174 93773 109308 116905 73730 112862 71621 70479 30193 78462 113559 118137 116987 27941 22434 34749 36398 17972 90718 35881 116509 114881 92430 37597 68897 18469 35776 2683 112044 95516 7522 25057 100475 96788 38209 23876 37977 34339 106382 88294 28772 0 37698 93014 113949 4543 21735 9844 159566 106136 57468 23170 31657 44874 113935 31618 21401 33618 131218 128885 34235 20442 106295 100732 14644 34071 33725 39070 41980 37282 84338 84179 87456 31531 51094 16224 72201 105886 125577 72111 92427 11330 72698 39240 86510 8710 20132 29307 61492 84897 36149 87657 92945 68823 105346 119239 81152 93232 70117 79879 59595 48574 51860 64936 111078 111321 80387 98034 104195 13942 74952 83005 37369 121902 89343 68681 27905 77442 111906 28265 29030 107219 16440 57642 91310 41345 90379 100050 46499 90572 33579 9631 86402 62025 86367 96105 70384 66919 27239 89701 43555 47652 102788 71581 23200 76679 103483 80986 43324 34537 74143 64641 55536 44372 59414 54319 68839 73719 26517 53032 97197 108583 75992 80182 95267 28761 65240 19220 59146 49215 58977 5259 93496 117357 34991 120936 22160 108442 93734 67611 25867 8022 62170 88126 96232 120612 116447 50189 95446 54174 80789 61319 22434 34749 57468 102899 16051 42710 38209 116987 139501 37282 92430
52779 50081 58329 41877 44439 138444 70289 80742 125748 68327 86120 78020 106256 44075 25702 107327 50237 37345 87002 86346 90165 85935 105274 130392 49512 122368 58010 43758 66231 66669 134951 126665 116791 65521 35979 49142 48264 44448 87526 34149 121142 125466 101540 51435 38201 49559 46661 35064 107285 96391 32457 51029 98903 79554 48842 21211 74275 61701 124508 83089 60438 37698 0 91256 84773 38147 50687 28773 144488 115827 53485 14531 45244 70709 109266 14385 33907 30455 144413 105657 40155 45410 121350 109432 33016 3983 63856 62375 32034 19709 85939 72400 68279 6808 35816 24209 48591 94911 113376 76046 89783 29612 78555 76569 63058 38663 57329 18851 98699 82028 73777 88063 114692 104806 117542 117273 98900 95151 76772 61703 96855 81837 35794 30405 111839 102249 58547 96851 107780 24001 75367 70995 11738 118588 53682 70558 25992 73929 74541 65929 31737 105803 22631 33015 111651 35856 122069 62618 31594 88050 71189 30125 94253 38924 92148 100672 81364 80947 64009 80526 81058 25683 89713 76389 58475 89344 93432 54331 15818 31324 51766 39049 52336 30767 96040 90013 46510 46095 57834 33361 81489 125116 77821 105120 90545 66328 102525 21338 57138 19530 21428 35397 112869 102061 14905 146143 29816 126179 87245 38637 23062 35828 52779 93659 107327 138069 127613 62818 81305 90165 75399 41877 35979 49142 53485 80742 34064 13826 48842 116791 138546 19709 101540
38819 73129 106041 53785 134109 60624 128590 52624 49142 23555 25479 100177 22221 134381 98560 34691 42913 60259 4338 82667 100843 14972 16567 54156 57289 40598 37492 63400 92078 29873 75616 42323 25537 106417 70830 59057 56909 110938 4627 60670 32422 44884 27822 56481 72561 80831 57329 91916 19568 7636 86881 72833 7719 38454 55004 77799 119561 71398 60599 10490 119556 93014 91256 0 77926 88671 114485 94748 74258 36348 38236 89841 61564 66768 21310 78610 72266 64295 64720 67971 59294 74579 51380 30417 78976 89191 124878 63939 120930 71747 10656 26969 43294 93094 55903 97609 56404 25295 40566 22351 2399 84313 23918 102944 53858 101467 94673 75730 132197 9249 105163 6767 64535 108625 42659 26563 48306 9326 26585 152810 113274 86657 56167 82518 20799 24503 50586 5605 19884 92638 18076 27978 79522 28900 92734 24419 70913 17327 117671 105299 66635 14671 95447 123913 59373 56777 99396 111181 59728 3424 103560 86124 23399 59393 18395 17211 32985 39686 94500 19013 107047 66750 29131 23547 88225 35073 22167 62001 76485 63202 53261 62760 39737 60493 134246 99270 54987 64882 79498 59784 34626 57172 17558 69199 7343 100723 134351 82799 35185 110184 99850 96865 57404 41148 104307 93948 73199 60705 11647 68812 105669 99773 38819 17766 34691 68295 47580 46167 30554 100843 16573 53785 70830 59057 38236 52624 77315 78494 55004 25537 47614 71747 27822
63253 109376 134685 54354 124216 138044 152016 25402 126997 64618 53123 144092 100017 109828 108024 112075 57894 85901 75126 138257 151470 63030 78415 131959 40927 117945 53641 43470 132301 54408 152569 118648 93225 139619 96515 96797 93840 126820 73726 81926 106581 122309 104879 96346 46657 114495 92723 111472 77691 85456 106520 109828 81173 39479 92384 90086 151425 116080 137776 68375 141732 113949 84773 77926 0 111706 132738 108516 78156 114209 71722 95152 95751 118563 78883 83140 96078 82467 141526 29748 88049 107096 129084 108339 101194 86222 146019 111053 114293 76714 83252 53458 37429 91035 64731 106492 42630 57727 62821 85158 75551 102671 89276 144746 30803 118874 128137 84712 172747 73138 144218 81470 138486 163885 120561 89480 120336 87162 90228 128864 162193 138284 63756 55309 92592 65121 37370 81199 96608 103899 78498 53132 78413 87142 40483 80530 86689 70738 52053 139327 87741 84623 104332 104322 133511 76747 166274 52546 68554 75309 141767 104318 98826 52221 93822 95131 99365 104511 132312 59219 149655 66298 51077 86821 125106 105765 59568 33091 72075 81890 41751 49312 73218 70727 171965 150469 46321 40273 119131 61434 43404 134808 81623 138332 71203 137209 176095 95077 74118 93825 74654 114366 132355 49170 98806 170156 93338 138130 66377 46917 107782 116062 63253 93959 112075 146212 125012 96526 47406 151470 67051 54354 96515 96797 71722 25402 100664 73340 92384 93225 105580 76714 104879
58482 19837 22988 58509 57196 120363 42283 99873 108582 70933 94295 39913 96164 71448 18367 91703 60192 30309 85172 51642 52435 89705 105006 112438 71200 108326 68119 68292 28360 74749 109452 113597 112544 28673 18381 30244 31949 22435 86439 32369 111979 110357 87887 33082 67272 14596 31375 4933 107764 91082 5823 20698 96105 93349 33781 22045 39749 30303 102068 84117 32265 4543 38147 88671 111706 0 25878 12397 155741 101599 53488 23738 27217 40812 109647 30403 17572 30399 126756 125844 30162 15931 101859 96189 11048 34343 37369 34736 45520 35361 79911 80417 84258 32404 48159 18813 69625 101947 121643 67659 88119 9422 68200 38436 83747 13252 19212 27530 62403 80628 35861 83256 88812 67119 100840 114843 76763 88775 65610 83445 58707 45821 48974 64032 106619 107250 77517 93656 99688 15453 70599 79268 36401 117546 88490 64307 25138 73243 111685 28744 25564 102828 18506 60365 87080 37897 87463 99905 43702 86267 33256 8256 81862 59578 81847 91591 65841 62395 25890 85733 42983 45537 99000 67108 20879 72151 99498 78651 42078 31255 71408 62421 51536 41544 60767 52441 66178 71597 22964 50466 93633 104204 71586 76269 91037 28367 66058 18126 55028 51186 59570 9526 89218 113662 37176 117169 18907 104114 89595 65762 28954 12434 58482 83608 91703 116291 111932 45649 91773 52435 76662 58509 18381 30244 53488 99873 12208 41669 33781 112544 135052 35361 87887
83753 43162 17318 81713 46071 142647 19626 123471 131430 96685 119797 43925 121085 67560 25177 115411 84883 55878 111024 64931 57715 115506 130856 134921 93469 132158 93004 89495 37569 100047 128248 137609 138115 24947 44159 55699 57629 6252 112306 57393 136873 133845 112204 58452 86549 35815 57156 23372 133628 116700 28767 43783 121876 118044 59505 43559 26808 50676 122832 109987 9891 21735 50687 114485 132738 25878 0 24290 181211 125498 79201 37872 52935 60743 135507 49626 43126 54872 149092 149423 55962 40477 123975 120442 36342 48012 13327 56926 39127 56454 105563 105800 108374 43879 71792 26717 92047 127603 147288 93239 113969 32207 93542 40308 106640 14277 27356 48569 51757 106500 35471 108975 108067 71150 124009 140556 98550 114310 90893 73723 58592 57461 72471 80655 132129 133055 100757 119415 124893 28839 96408 104606 54432 143335 104358 90090 48737 99118 124371 26323 50550 128556 28679 58545 107197 62772 98085 112423 67030 112118 33665 30318 106585 81713 106952 116744 90292 86159 33430 111428 42839 66904 124419 92603 34202 95947 125213 100230 60753 55847 94296 83809 77270 64981 47746 58513 88885 92541 41440 73074 118613 125645 97302 93995 116915 30530 55693 38144 80866 54915 69870 19119 109763 138899 41534 133149 43594 125009 115448 85859 29933 16889 83753 108723 115411 137025 135215 70553 116979 57715 102507 81713 44159 55699 79201 123471 37785 59655 59505 138115 160585 56454 112204
61120 31206 29560 57642 45452 130699 43523 99390 118644 75044 97279 50975 104400 59062 5989 101257 61568 34547 90964 64032 64017 93944 110681 122698 69201 117669 69798 65217 40019 77295 121123 122753 119424 36891 24454 38772 39763 18652 92043 34975 120153 119967 96916 41667 62538 26878 38778 7704 113262 97964 9306 32140 102368 94533 41341 19546 45608 42298 113174 89054 33268 9844 28773 94748 108516 12397 24290 0 158434 110925 57644 14539 35130 52713 115197 25376 22716 31933 137037 125301 35498 26747 112374 105220 16465 25416 37514 46048 33361 32179 86785 83143 84535 22289 47950 6458 67795 105412 124987 74896 93923 10607 75999 48955 82428 10449 29943 24345 69926 86198 45669 89857 100454 78666 110735 121248 87611 95913 73563 71237 69299 58114 48564 57413 113695 111411 76627 99992 107447 4883 76887 81884 30434 123592 81593 70831 25392 78412 103299 37401 28402 109239 6645 48024 98487 39996 99825 91385 43113 92068 43131 8988 90483 57451 89922 99501 74963 72209 37079 89453 53173 42620 101721 74580 32897 81814 103220 75944 36696 32986 70107 59521 55829 41133 67343 64153 64678 68285 35334 48905 95354 115025 78321 88293 96271 38376 73754 14005 59926 39371 49742 6625 100470 115866 25153 129321 21595 115160 94255 61690 16582 7582 61120 91647 101257 127345 121685 54596 93991 64017 81347 57642 24454 38772 57644 99390 18267 35741 41341 119424 141933 32179 96916
97478 143747 176028 102956 188646 109675 197719 65912 104564 85186 61446 173662 84871 180268 160602 100294 96968 125438 75872 156924 175041 67177 59485 107786 95685 94106 88703 102268 164659 81201 136466 90829 64410 177749 137392 128998 126325 176551 74067 123848 78507 97637 95959 126895 110514 151132 126214 157839 56324 76988 152451 143662 69612 64975 124363 139153 190939 144185 122491 73997 187940 159566 144488 74258 78156 155741 181211 158434 0 95090 102372 149127 130476 140645 55273 136165 138201 126580 109542 48470 125716 144075 111991 93029 144923 144109 193099 136915 176521 128469 84910 75415 76223 148927 111200 159309 96312 54093 34632 95856 73461 149122 98025 176131 82842 167157 165626 135177 205662 78971 177867 81024 132585 182786 102765 58784 119669 80178 100598 199831 187451 160816 110791 121905 69170 50460 86251 71826 78809 155027 89946 76626 134181 54058 116095 96013 133043 84563 130068 176814 130676 65952 156972 172319 127691 118562 170870 130421 116086 74991 176038 151022 95019 105576 90876 84188 107198 113890 166603 70308 180454 119404 56794 97282 159847 108283 56835 93218 128801 125557 92926 105941 104354 117840 207261 173487 98035 100993 151446 111855 63419 117282 90743 140859 68718 172713 208013 144722 101369 159587 142921 162295 124833 42710 159341 155328 137646 121487 68227 108344 164737 164896 97478 89604 100294 123231 99669 118806 64459 175041 80409 102956 137392 128998 102372 65912 143572 130724 124363 64410 57287 128469 95959
68239 82453 112857 84890 154787 24729 135261 88848 12795 55752 61314 98442 14199 159901 115962 10204 73818 79618 39561 75135 94071 51180 40017 17823 91262 6745 70626 96651 94322 64469 42226 12142 30700 110553 86769 72154 71356 123578 40727 81958 17587 9732 14314 69261 105217 89682 72531 105923 42402 28763 101859 81774 33628 74734 69968 98097 122650 75577 27600 46408 127942 106136 115827 36348 114209 101599 125498 110925 95090 0 63862 110444 75864 66833 42495 101758 88741 85764 29680 101831 77425 85731 17154 6662 94488 112934 133150 68738 141685 96335 33734 62700 79346 115866 83756 115413 90108 58868 67462 40237 38741 100447 37328 102203 89652 114815 100663 97852 128559 42697 105878 34003 38480 97063 7726 36367 31266 27319 39059 176941 106046 81646 84349 113923 26606 54353 85738 33175 18545 110295 43040 63526 104453 41084 127254 46156 91482 48335 152927 109119 86057 32546 113615 148739 34067 80021 78107 145677 86322 39195 105072 101947 21601 90852 24492 19306 35964 39351 97843 55316 105129 94401 64252 39637 93417 29555 56203 96962 103107 84793 87363 94834 64489 86339 132182 92302 88013 98665 84940 88712 70824 22808 39871 49920 43033 103788 129733 101973 59816 135356 128639 110947 30798 73373 126629 61209 91190 26895 47833 101365 124987 113928 68239 23354 10204 32298 12145 56328 66804 94071 50175 84890 86769 72154 63862 88848 92680 104936 69968 30700 45295 96335 14314
8484 42424 73822 23361 95877 87735 95347 52417 74951 17498 40992 75599 53128 97219 60944 56507 14404 23363 34132 66662 80998 36384 53428 79892 34429 70121 18522 37293 64880 22335 90871 73968 63691 76187 35107 27860 24924 74933 34950 22807 67715 73594 49932 26449 44087 49365 24442 55935 55857 42943 50628 42530 45953 42399 23063 39778 89249 46046 77902 31479 85597 57468 53485 38236 71722 53488 79201 57644 102372 63862 0 51660 28534 47051 57817 40428 36078 26263 93290 77145 23360 42045 72370 57261 42876 51177 90787 40081 82695 33802 32481 27532 36225 54932 19923 59893 32754 48463 68160 23660 37034 47596 27001 77152 40941 65429 63989 37497 106578 29190 77866 34602 72913 92636 66828 64702 54702 41669 26038 115188 92448 67275 20571 51056 58511 53917 34481 43761 54333 55055 21916 26554 41774 66581 68474 17708 32957 21132 95251 75410 29243 52905 57666 86422 68580 18559 95276 86120 22604 35220 75732 49478 42430 29152 39504 47430 33487 36377 66043 32245 81890 30553 45828 24452 58922 41564 46018 42394 39559 25166 31706 33618 1999 22907 107173 79831 29398 40258 51249 25078 41717 77070 24542 69067 38805 71854 109453 44965 4109 72760 64780 60633 68577 60773 66133 105872 36127 79099 36612 40337 67557 63399 8484 40863 56507 90053 75947 24850 39207 80998 23723 23361 35107 27860 0 52417 41417 41472 23063 63691 85843 33802 49932
53283 37677 43965 46583 44656 131862 57436 87835 119391 68294 88830 63652 102276 51845 12873 101315 52425 30910 85781 73365 76031 86882 105013 123789 56947 117132 60663 52305 52003 68811 125604 121838 115170 51034 25351 39948 39848 31795 86606 29356 117715 119868 96162 42610 48737 36006 38438 20533 107343 94039 18172 38651 97558 84413 40909 12392 60141 49423 116203 82885 47311 23170 14531 89841 95152 23738 37872 14539 149127 110444 51660 0 35949 59098 109317 13042 23175 25618 138034 113496 33022 32890 114094 104328 20242 10946 51198 51231 31441 20700 83083 74702 73785 8742 37951 11341 55691 97335 116558 72017 88691 15760 73872 62100 70452 24814 42858 14343 84344 80848 59251 85724 105053 90704 111267 116352 90413 92370 71736 67023 82413 68369 38336 42989 109780 103993 65067 95316 104574 9666 72688 73358 16752 118217 67081 67141 19216 72786 88875 51416 24403 104509 9213 40365 102453 33104 109277 76984 33086 86872 56666 15947 89206 45376 87831 96977 74877 73373 49628 81914 66556 30518 92941 72037 44340 82448 95444 63108 23085 26699 58354 46835 50106 31449 81863 75955 52892 55178 44494 37616 85711 117376 74661 94334 90306 51810 88148 9051 54690 28985 35886 21128 104014 106416 16694 135565 19758 118026 87662 48239 15996 21930 53283 89467 101315 130115 121824 55088 84839 76031 75071 46583 25351 39948 51660 87835 21650 21846 40909 115170 137450 20700 96162
35335 14092 45559 41661 79256 96302 67584 79485 84007 45298 69330 48465 69383 87584 40100 66311 38953 10887 58173 45646 56043 63624 77986 88247 55173 82606 45764 54766 37035 50817 89948 87643 85332 47653 10970 4002 4745 49628 59514 15570 85174 85008 61802 6727 57502 20832 4304 30862 80804 63866 26278 14352 68940 70641 6571 24432 60730 21014 80258 57580 58201 31657 45244 61564 95751 27217 52935 35130 130476 75864 28534 35949 0 27122 82662 31237 13043 17420 102557 104902 8028 13600 78308 70100 18665 41540 63495 18420 66329 29822 52694 56063 63249 42985 31795 39581 53411 76392 96012 40454 61105 24594 41143 49485 65507 40279 35455 26575 78532 53753 49718 56055 69546 69268 75984 87642 54469 61576 38619 102916 66453 43717 32851 59132 79422 81064 58882 66481 72662 34478 43490 55086 36366 90401 81991 37158 19403 46668 107977 46880 13874 75634 37854 76109 66702 19588 79585 97118 29297 59260 47483 26142 55363 45155 54952 64623 39908 37657 37780 60169 54340 35686 74238 39943 30573 47025 73740 63422 38750 17225 54000 49235 26540 27435 78830 55185 49659 58233 23532 36448 70186 81463 44382 60014 64269 43441 81566 26980 29111 63826 63947 35914 68145 89255 52635 100919 16203 82077 63195 54691 49370 38893 35335 56695 66311 94171 86804 19595 67741 56043 50397 41661 10970 4002 28534 79485 16863 39693 6571 85332 107844 29822 61802
55423 21709 46455 66232 97994 82072 68541 99195 71265 59349 82725 33594 65535 110558 58638 56634 60680 37806 64794 19714 34950 74346 82856 74475 79363 73238 65543 80113 27538 67816 68689 78927 85607 43721 34744 24148 26556 60151 66582 42484 80623 74359 54965 23375 83893 26431 28099 45732 86009 65902 43665 20740 72677 87990 27414 49506 55953 10535 62151 67049 61757 44874 70709 66768 118563 40812 60743 52713 140645 66833 47051 59098 27122 0 87558 57441 36802 44542 88521 123100 34727 26444 63397 62712 38928 66806 66832 8701 86070 56861 56202 71795 83149 67247 57357 58736 77590 87836 106249 44789 67301 44234 42856 36716 87768 52761 34315 52791 65513 61779 39691 60107 48095 45632 64246 89407 37981 62895 40186 123897 47117 20732 58421 86185 79386 90210 81195 70218 70520 54273 50899 71229 62989 93179 108660 45204 45838 57265 134883 42287 40707 78250 57759 99154 46695 45686 52464 124149 55678 65703 38582 44930 51046 70591 53174 62534 35189 29195 31011 72781 40499 62613 87771 43384 27041 38203 84758 87663 65796 44326 77450 74928 45431 54004 67911 33568 73882 83512 19329 62499 86441 64906 49904 35608 71927 36979 67591 50240 45309 88043 90482 50130 49110 102748 75318 76766 40918 64304 72745 80834 69125 52828 55423 54865 56634 76373 75451 23147 83149 34950 61793 66232 34744 24148 47051 99195 37452 66650 27414 85607 106990 56861 54965
56568 94424 127336 69192 152995 62620 149860 54220 54008 41130 28314 121096 30309 151234 118723 45831 59272 80654 24490 102556 121089 23719 4752 58273 69169 43598 52207 75952 113272 43508 84713 42403 14600 127716 91617 80269 78048 131798 23222 80604 29344 47804 40886 77729 85415 102119 78396 112736 1983 22030 107613 94135 14903 41962 76125 97584 140852 92596 69951 26434 140764 113935 109266 21310 78883 109647 135507 115197 55273 42495 57817 109317 82662 87558 0 97482 92951 84078 64829 61141 79940 95796 59608 39025 99718 107595 146079 85118 139928 90246 31473 38469 51092 111795 73454 117695 68745 21372 24970 43601 21558 104891 44813 123974 61844 122298 115983 95024 153069 29057 126314 27622 78084 128007 50149 10672 64425 25201 47546 170148 133548 107034 73518 96323 16086 13851 60705 17342 24488 112818 39235 39850 97654 9709 102120 45617 90774 36796 124883 126591 86868 10760 115477 141247 73064 76266 115728 120149 77758 23402 124755 106732 39780 74149 35817 28973 52907 59497 115756 29465 127988 83932 28426 44716 109522 53189 20271 71773 93891 82981 65211 76725 59520 78842 155281 119468 68329 76607 100784 76493 37862 65302 38867 85635 19020 121984 155118 102778 55277 127557 115315 117632 70415 32398 122982 103683 93602 69369 22037 81953 125279 120506 56568 34455 45831 73838 50328 67447 34944 121089 34248 69192 91617 80269 57817 54220 98099 95933 76125 14600 30346 90246 40886
41036 37813 52912 33541 55561 124169 68885 74878 111499 56353 76120 68781 92568 58233 25441 93119 39687 22960 74441 74117 79925 74658 93296 116110 44156 108341 47873 39881 56620 56171 120656 112751 104106 59063 22893 35051 34007 43798 75127 19862 107678 111359 87451 37233 37370 38804 32383 28992 95501 83314 24673 38706 86315 71394 34511 8942 69595 49055 110127 71079 58612 31618 14385 78610 83140 30403 49626 25376 136165 101758 40428 13042 31237 57441 97482 0 21021 16117 130173 100612 25792 33421 106994 95421 22152 11183 62885 48917 42450 7697 72614 62045 60743 14508 25094 23978 42841 84710 103796 62258 77300 20985 64585 67977 57583 35751 49127 4675 92791 69470 65937 74966 100465 94358 103299 104950 84536 81886 62707 75305 87831 70301 25415 33662 98933 91562 52090 84161 94375 20811 62074 60683 6182 106574 58116 56954 11836 61355 81889 59146 17501 93259 21684 46991 97352 22149 109442 70285 20291 75516 63334 22268 80229 32491 78321 87070 67051 66563 55076 69532 72723 17584 80135 62504 48739 74998 82920 50641 11715 17024 45407 34244 39081 18831 90974 79565 39944 42916 46487 24575 72747 110736 64345 91248 78540 58457 96459 12407 43831 33776 33062 31337 98527 93460 25705 132125 16821 111795 75628 36346 28629 32927 41036 79875 93119 123685 113468 48440 71965 79925 63285 33541 22893 35051 40428 74878 22659 11290 34511 104106 126165 7697 87451
40912 16844 39482 42040 66226 109344 59816 82834 97036 53569 76758 49622 81769 75001 27302 79272 42781 12768 68579 53097 59750 72417 88375 101288 55199 95477 50618 53152 37411 57178 102432 100438 96764 43638 2176 16982 17390 38942 69738 14973 97494 97954 74603 19769 53717 19127 16236 19887 91037 75291 14667 17716 79838 75872 18808 12710 55912 28053 93122 67077 49836 21401 33907 72266 96078 17572 43126 22716 138201 88741 36078 23175 13043 36802 92951 21021 0 13636 115596 108748 13012 12684 91337 82881 6809 30009 54934 28520 53287 22458 64103 62852 67023 30740 31568 26685 53540 84486 104177 52180 71539 12129 53324 49508 67185 29426 32065 16533 76696 63896 48390 67226 81897 73951 88999 98695 67334 73209 50922 89977 68559 49442 32478 52862 91005 89964 60795 77438 84741 21561 54309 61698 26948 101156 76893 48186 10543 56283 101818 43278 8414 86674 24879 63518 79279 20533 88475 90458 27524 69682 45877 13887 67999 43923 67275 76815 52826 50699 36695 68303 54401 31221 81443 51871 29716 60046 82087 63024 30950 14304 54972 47295 34154 25351 75935 59248 49943 56578 25933 34694 76087 94438 55651 71493 74148 41214 80098 14129 37878 51653 54007 24697 80860 96090 39855 112666 4201 94975 72453 51588 36344 27555 40912 68991 79272 107096 99780 32594 74203 59750 59502 42040 2176 16982 36078 82834 5372 31328 18808 96764 119284 22458 74603
29188 28284 52925 28418 70196 108057 72550 69486 95394 43371 65351 62533 76941 74337 34786 77034 30021 7242 60282 62838 71771 62212 79689 99996 41571 92378 38134 39726 50428 45394 105025 96878 89569 57270 14096 20678 18965 49996 61173 3820 92254 95334 71450 22338 41046 32264 17291 31599 82116 68422 26205 28957 72007 63207 19073 13522 69464 37819 94184 57708 62390 33618 30455 64295 82467 30399 54872 31933 126580 85764 26263 25618 17420 44542 84078 16117 13636 0 114070 95450 10345 25124 90895 79479 19382 27281 67318 35841 56973 12648 57484 51227 53875 30118 17954 33685 39907 73489 93054 46615 63210 22665 48725 62719 53602 40676 45671 12095 90284 55378 61854 60106 85038 85556 87198 90838 68702 66774 46755 91187 81268 60328 18849 41799 84162 79604 47258 69743 79050 28946 47072 49979 19999 92821 65052 41581 6709 47370 90758 56913 5281 78954 31435 63061 81733 8065 97005 79784 13924 61379 59369 24555 64290 30377 62580 71549 50934 50554 50041 57586 67631 18683 69824 46745 42927 58890 71329 49438 21482 1097 41355 33910 24612 11764 89571 71099 36308 43177 38030 21167 63745 94687 49081 76652 65062 54761 93655 18741 29113 49892 47265 35805 82771 84106 41037 117111 11501 95816 62709 38605 41375 38336 29188 64175 77034 107658 97417 32581 62195 71771 49918 28418 14096 20678 26263 69486 18516 22595 19073 89569 111885 12648 71450
97895 107034 134862 114566 181807 6449 156421 116151 18679 85329 88427 116467 42780 188405 142398 37112 103498 107577 68353 91461 109132 78982 63950 14339 120790 24225 100201 126277 114884 93773 34810 22891 50429 131270 113523 98662 98316 147951 69286 110312 35533 20134 43362 95835 134886 113678 99651 131359 65451 57109 127784 106241 60418 102326 97146 125836 142276 98417 28945 75114 150206 131218 144413 64720 141526 126756 149092 137037 109542 29680 93290 138034 102557 88521 64829 130173 115596 114070 0 125970 105144 110854 25127 36340 120836 141349 155204 92425 168876 125145 63327 91588 108013 143992 113212 142002 119673 84422 88417 69631 67104 126825 66449 120593 118546 139726 122796 126078 143747 71915 124917 63300 45991 108303 26874 55568 50560 56242 67896 204946 119926 98948 113836 143584 49408 78332 114957 60635 45112 136944 72714 92510 133239 59588 156729 75626 119438 77920 182178 129731 113847 57132 140367 177122 44412 108821 82244 175173 115596 67841 124612 128173 50861 120530 54134 48426 63231 64925 118780 83666 122627 123757 90618 68893 115541 55598 82198 126271 132236 113149 116860 124513 93813 115500 148270 107368 117644 128235 107693 118250 98268 24431 69525 61262 70719 124255 144195 129300 89212 163923 157995 136264 41137 97215 154496 50598 118433 26637 75690 131036 151921 139190 97895 53032 37112 18577 17559 83039 94412 109132 79531 114566 113523 98662 93290 116151 119039 134018 97146 50429 52687 125145 43362
69609 118993 148227 67712 148034 123605 167825 25987 114155 63997 43280 152733 88034 136293 126048 102310 66254 96818 66668 142090 157759 53832 62337 118736 56588 104094 59143 61905 141820 55330 143115 103436 75625 151861 108610 104823 101834 143953 64861 93790 90463 108415 95702 103578 68364 125339 101127 126684 60566 74541 121378 119220 68423 35110 100055 105865 164526 123157 128064 61003 157580 128885 105657 67971 29748 125844 149423 125301 48470 101831 77145 113496 104902 123100 61141 100612 108748 95450 125970 0 98181 117815 118301 96969 114831 106233 162331 116913 136970 93269 76318 51427 41808 111180 77795 124590 57806 43144 39333 82432 65908 117647 86089 154184 43044 135167 139798 100966 183428 66676 154619 73401 132378 168542 109062 70813 115435 77060 87844 155685 169450 143751 77050 78955 76810 47810 48675 69341 83306 121129 75370 51903 97095 67391 68950 79506 100991 67693 81600 151280 100416 69598 122290 129592 127221 88237 165206 82228 82457 66407 152377 119468 91194 68129 86087 84309 96636 102808 142678 52632 158963 83028 38963 84155 135455 101265 46049 51387 91003 94620 55237 66904 79033 84551 183637 156498 60693 59643 128199 76399 36956 124133 77801 135540 60628 148240 186415 111321 78080 117888 99657 130382 125353 28769 120419 161708 106937 127927 56823 67192 127867 132540 69609 85660 102310 134011 111027 99971 40661 157759 63193 67712 108610 104823 77145 25987 113893 92661 100055 75625 83004 93269 95702
29050 21351 50750 33810 77461 99025 72015 72533 86478 40774 64298 56045 69604 83579 39643 68319 31950 3150 55579 53566 64003 59551 75367 90950 47333 84118 39240 46764 44359 45078 94904 88866 83939 53741 11803 10597 8635 51927 56728 7765 85217 86849 63150 12018 49511 27173 6962 32857 78025 62496 27678 21780 66890 64414 8779 20712 66587 29041 84368 54093 62238 34235 40155 59294 88049 30162 55962 35498 125716 77425 23360 33022 8028 34727 79940 25792 13012 10345 105144 98181 0 19642 81517 71337 19796 36720 67427 26071 64308 22991 51332 50594 56393 38933 23813 38842 45580 71820 91516 39627 58539 25019 41110 56829 58024 42412 41629 21332 85514 50885 56715 54363 74812 77291 78326 85763 58746 60509 38861 99802 74256 51745 24864 51475 78246 77099 51431 64504 72283 33752 41391 49510 30216 88173 74076 35349 14371 43281 100176 53116 8705 73749 36825 72184 71600 11582 87105 89425 21281 56682 54383 26832 56251 37156 55107 64475 41923 40901 44733 55591 61720 27888 69078 39456 37479 49641 69344 55548 31789 9873 46316 41213 21394 19448 85482 63170 41835 50234 31082 28421 64284 85096 42858 66309 61141 50114 88660 24652 24915 59344 57596 37705 72739 83905 49357 106791 14161 86060 59504 46671 47837 40567 29050 56784 68319 98000 88818 22680 62129 64003 46557 33810 11803 10597 23360 72533 18226 32938 8779 83939 106441 22991 63150
48498 4790 31973 52746 72197 104469 54148 92172 92655 58897 82916 37409 80670 84122 32535 75802 51591 21309 71343 40952 47098 77181 91090 96530 66189 92450 58805 64790 25330 64246 94430 97757 97736 34221 11329 15527 17889 37935 72751 25177 96475 94442 72108 18130 66008 7534 17866 20515 93967 76384 17488 5767 81809 83886 19851 24695 47216 16533 86477 71035 44977 20442 45410 74579 107096 15931 40477 26747 144075 85731 42045 32890 13600 26444 95796 33421 12684 25124 110854 117815 19642 0 86000 80398 12652 41434 50300 19313 59935 35115 65309 69572 76033 41288 42382 32500 64472 89988 109599 52929 74250 17790 53085 37697 77437 29091 22050 29076 65951 67044 37208 68820 73758 61267 84909 100337 61012 73924 50424 97623 56185 36880 43375 65527 91714 94587 70887 79326 84417 27889 56561 68568 39470 103279 89481 50181 23196 60134 114499 33532 19943 88382 31393 72731 71741 30396 76675 103140 38888 72419 34825 18544 66243 55341 66484 76272 50083 46481 25248 73768 42612 43504 87813 52219 18017 56248 87326 74245 43632 25503 65515 59005 40047 36776 65840 46573 60775 68252 13252 46194 83579 88454 57179 62000 77607 30485 69160 24289 42710 61874 66120 25414 73734 102808 48907 103199 16750 88484 76686 63693 42876 28355 48498 68254 75802 100670 96005 30100 81226 47098 63937 52746 11329 15527 42045 92172 11378 43977 19851 97736 120169 35115 72108
78140 82081 109763 94911 157405 18678 131423 103911 9714 67712 76816 91958 30279 165084 117837 17144 84163 84127 53960 67243 85464 66347 56977 11270 102912 18401 82305 107683 89893 77246 25115 23187 47718 106293 89226 74355 74248 122894 55399 87222 33687 16070 24437 71586 115674 88624 75664 106515 59455 44128 103089 81271 49878 89710 73221 102067 117499 73300 10503 60720 125102 106295 121350 51380 129084 101859 123975 112374 111991 17154 72370 114094 78308 63397 59608 106994 91337 90895 25127 118301 81517 86000 0 21333 96320 118105 130116 67389 144590 102505 46358 76375 93117 120448 92100 117504 101592 75179 84578 49251 53702 102295 45499 96014 102955 114755 97682 102728 120223 56224 100211 47683 24275 86188 9459 53404 25433 42058 46340 181116 96770 74523 92834 123395 43759 71161 98431 49069 35390 112490 53863 77018 110506 58104 138853 55294 95886 60441 165088 104765 90201 49493 115946 153701 21117 86319 63755 157098 93919 53807 99806 103580 31346 100891 35892 34272 40105 40722 93753 69865 98281 102221 80144 48151 90422 32018 72373 109311 110091 90036 99188 105139 72567 93563 124451 83685 99092 110037 82568 97413 85966 5834 50496 38309 58481 99298 120941 105231 68267 140751 136228 111381 17596 90068 130690 44076 94374 9765 63027 111829 127549 114289 78140 35428 17144 17852 15383 59019 81868 85464 63126 94911 89226 74355 72370 103911 94535 111768 73221 47718 60077 102505 24437
61578 77300 108278 78228 148774 31305 130820 83039 19033 49155 55694 95034 8987 153506 110156 7584 67158 73449 33388 72462 91497 45364 36005 24135 84675 12940 64024 90023 90249 57986 46261 17559 28916 106335 80945 66466 65528 118318 34660 75666 18551 16360 8311 63568 98566 84660 66647 100420 38660 22972 96230 76660 28546 68871 64077 91958 118662 71002 31266 40233 123234 100732 109432 30417 108339 96189 120442 105220 93029 6662 57261 104328 70100 62712 39025 95421 82881 79479 36340 96969 71337 80398 21333 0 88760 106587 128481 63970 135640 89892 27145 56390 73088 109596 77140 109566 83507 53846 63883 33669 32788 94693 30880 98666 83299 109432 96110 91573 125686 36296 102140 27595 39571 95443 12267 34368 29228 21200 32725 170665 103663 78608 77725 107261 23865 49969 79271 27768 14537 104441 36378 57176 98011 39068 120681 39553 85290 41737 146424 104937 79925 28558 107726 142380 34748 73596 78511 139094 79755 33098 101204 96232 15193 84191 17839 13208 30355 34386 93641 49249 101809 87809 58885 33126 88911 24711 51050 90456 96573 78494 80789 88177 57919 79804 129061 89746 81384 92060 80312 82075 65031 27167 33212 49317 37346 99676 127037 95945 53227 128955 122041 105464 31811 68791 120420 65080 85209 30983 42021 94713 119030 108451 61578 16692 7584 37879 18807 50678 60969 91497 43689 78228 80945 66466 57261 83039 86954 98414 64077 28916 46352 89892 8311
47547 17436 33641 47632 61100 114529 53314 88869 102374 60370 83488 46660 87975 71684 21567 84863 49148 19536 75322 53391 57843 79224 95130 106503 60500 101232 57097 57920 34477 63834 106220 106297 103351 38503 8165 22339 23307 32137 76499 21337 103743 103572 80458 25228 57590 16762 22365 13077 97808 81867 7906 18410 86524 82315 24917 13213 50293 29182 97566 73879 43247 14644 33016 78976 101194 11048 36342 16465 144923 94488 42876 20242 18665 38928 99718 22152 6809 19382 120836 114831 19796 12652 96320 88760 0 29034 48291 31296 48425 25652 70673 69540 73218 28656 37229 21184 58892 91260 110947 58646 78281 5990 59619 46008 72868 22621 27568 18368 72012 70661 44297 73852 85578 72347 94418 105364 71854 79727 57154 85736 65713 48844 38072 55491 97549 96770 66586 84112 91107 16192 60983 68371 28333 107873 79846 54813 14519 63076 104018 38320 14519 93340 19681 60254 83269 26855 89222 92436 32874 76424 41719 7477 74021 48980 73510 83124 58524 55931 33080 75089 50815 35389 88147 58268 26599 65468 88876 68104 33313 20219 60558 52038 40957 30702 70846 57535 55388 61284 24840 39796 82637 99170 62242 74334 80937 36905 75537 11723 44683 49227 54043 17915 85056 102737 36412 115569 7941 99491 79261 55794 31312 20800 47547 75242 84863 111659 105320 38165 80832 57843 66310 47632 8165 22339 42876 88869 1808 33282 24917 103351 125877 25652 80458
51028 46113 54904 41203 45541 135336 67638 81025 122674 66526 85100 74168 103641 47057 22856 104300 48910 33994 84973 82367 86244 84443 103518 127275 49785 119511 56863 44386 62338 65427 131365 123897 114724 61969 32098 45465 44688 41812 85571 31041 118668 122540 98629 47816 39566 45588 43105 31416 105612 94119 28614 47062 96871 79134 45339 17343 71016 57745 121083 81297 57660 34071 3983 89191 86222 34343 48012 25416 144109 112934 51177 10946 41540 66806 107595 11183 30009 27281 141349 106233 36720 41434 118105 106587 29034 0 61273 58506 32735 17446 83530 71225 68018 4948 34316 21327 48744 93834 112543 73357 87792 25692 75738 72779 63385 35525 53547 15396 95286 79996 70065 85776 111052 100876 114476 115374 95423 92780 73880 64204 93038 77857 34407 32668 109661 101004 58565 94770 105336 20573 72968 69831 10088 116826 56437 67981 22433 71880 77930 62333 28191 103797 19552 35809 108074 33171 118099 66038 29846 86034 67471 26259 91396 38777 89437 98110 78206 77596 60169 79133 77300 24779 88847 73634 54564 86125 92240 55103 15405 28202 51769 39364 49928 28790 92758 86078 46410 46937 53854 32437 80887 121788 75323 101323 88764 62600 99092 17360 54712 22648 25300 32031 109346 101544 15510 142386 25948 122780 85621 39627 21717 32660 51028 90978 104300 134711 124651 59399 80503 86244 73552 41203 32098 45465 51177 81025 30085 13611 45339 114724 136630 17446 98629
95830 52124 20377 94632 53214 148761 6566 136354 138097 108175 131655 43405 129863 76708 38472 122967 97317 67677 121609 67205 56358 126851 141380 141257 106584 139700 105346 102728 40688 112108 131990 145292 147808 24856 55709 65821 68050 19464 122985 69597 145536 141054 120371 68418 99872 44427 67791 35740 144241 126563 41118 52576 132099 130510 69987 56555 19733 57576 127980 121028 5333 33725 63856 124878 146019 37369 13327 37514 193099 133150 90787 51198 63495 66832 146079 62885 54934 67318 155204 162331 67427 50300 130116 128481 48291 61273 0 64512 48900 69605 115546 117785 121079 57054 84578 40016 105137 139247 158943 103147 124525 44755 103063 39231 119668 27263 32552 61674 42606 117241 34101 119097 112397 68270 131010 150564 104763 124021 100350 80122 54376 59386 85294 93933 141723 144372 113704 129612 134027 42131 106849 116632 67752 153564 117537 100474 61410 110119 137104 26460 62749 138638 42001 68737 112110 75070 97619 125174 79876 122689 33151 42905 115229 94825 116052 125848 98809 94104 36623 123015 40278 80071 136368 102366 39832 103786 136753 113441 74069 68250 107307 97015 88821 77792 37657 57500 101920 105799 48211 86088 130915 131255 107469 97651 127764 31801 46447 51229 92146 66719 82577 31975 114930 151018 53934 135061 55883 130226 126595 99158 42405 30009 95830 117826 122967 142005 142229 79799 129120 56358 113714 94632 55709 65821 90787 136354 49564 72980 69987 147808 170140 69605 120371
48257 14921 44362 58117 91499 85998 67012 92489 74554 53792 77683 36841 65621 102948 51848 58593 53193 29132 61492 27776 40925 69980 80371 78170 71389 75349 58585 71853 28155 61605 75124 80876 84615 43164 26411 15527 18063 55529 63178 33817 81167 76935 55868 15025 75378 21260 19551 39540 83456 64053 36801 14039 70407 81876 19092 41167 56080 7497 67333 62937 59265 39070 62375 63939 111053 34736 56926 46048 136915 68738 40081 51231 18420 8701 85118 48917 28520 35841 92425 116913 26071 19313 67389 63970 31296 58506 64512 0 79238 48174 53665 65976 76306 59177 48985 51797 69613 83412 102330 41597 64176 36892 40413 39219 80322 47411 32254 44253 68765 57991 41227 57497 54453 52832 67083 87976 42119 61217 37654 116867 52548 27269 50051 77503 78420 86494 73706 67908 70119 47111 47004 65291 54387 91463 100084 40906 37242 52623 126245 41906 32041 76416 50625 91498 52448 37162 61165 115475 47131 62473 39637 37791 50958 62288 52277 61969 34559 29594 30797 67847 43566 53957 82737 40409 25185 39285 80429 79700 57109 35629 69655 66572 38332 45415 70431 39750 65881 75275 16428 54036 80621 69530 46545 43104 68436 37028 71219 42262 38833 80055 81920 44245 54504 97837 67666 84337 32561 69380 68701 72378 62160 47091 48257 54033 58593 81555 78288 18113 77539 40925 57024 58117 26411 15527 40081 92489 29706 57981 19092 84615 106554 48174 55868
83427 64499 54460 73818 13223 162630 55205 112474 150297 98798 117835 80250 133713 28465 27437 132406 81604 62318 116802 96657 93994 116994 135746 154573 81343 148394 89593 75304 70942 98133 154361 153174 146363 62633 55377 70252 70578 34251 117533 60746 149154 151032 127436 73055 68722 60115 69288 40603 137947 125352 42468 65444 128646 111585 71823 43823 65890 75657 145989 113529 48041 41980 32034 120930 114293 45520 39127 33361 176521 141685 82695 31441 66329 86070 139928 42450 53287 56973 168876 136970 64308 59935 144590 135640 48425 32735 48900 79238 0 49750 114454 103945 100308 28222 66974 27442 80500 126566 145253 103458 119681 42535 105290 77290 94796 36075 60114 45220 90661 111841 72958 117019 133690 108234 142232 147348 120275 123745 103124 37926 96790 90223 67107 58999 141061 133691 90503 126451 135999 32252 104013 102554 42822 149020 78542 98547 50655 103736 93068 63735 55782 135597 28748 19855 131577 64179 132063 81536 62386 117883 70760 41477 120556 70951 119260 128418 105933 103985 67344 111760 80612 57461 121563 103475 64759 113302 124949 85603 47782 58041 83739 70900 81237 61145 86245 94453 78522 77352 68427 65140 113482 147560 106054 121654 120990 66673 94584 39712 85901 21642 40955 36884 133440 134081 17253 162660 50527 147915 118045 69790 17121 34769 83427 120901 132406 160082 152927 85845 113198 93994 105734 73818 55377 70252 82695 112474 50176 45827 71823 146363 168530 49750 127436
33694 39015 58291 25932 62759 119259 75445 67449 106514 49138 68482 71896 86567 63674 32842 88033 32061 19872 67527 74661 82206 67245 86129 111236 37023 102832 40218 33255 59665 48573 117395 107050 97281 63881 23854 33252 31613 50792 68129 15750 101434 106007 82082 34984 31985 41436 29939 34773 88263 76736 29936 39814 79425 63714 31689 13410 75057 49486 106239 63902 65144 37282 19709 71747 76714 35361 56454 32179 128469 96335 33802 20700 29822 56861 90246 7697 22458 12648 125145 93269 22991 35115 102505 89892 25652 17446 69605 48174 49750 0 66237 54436 53122 21555 17434 31419 35627 77102 96135 56404 70347 26094 59016 71516 50302 42348 53216 7998 97538 62549 69944 68400 97534 96360 98303 97938 80940 75458 57326 81402 90899 71588 17728 30412 92241 84035 44650 77328 88074 27872 55665 53066 8119 99429 54475 50866 11921 54433 79412 63805 16212 86350 29095 52710 94131 16330 109292 68147 12687 68588 67369 27667 74738 25275 72509 80971 62404 62576 58600 62044 76362 10471 72465 56795 51859 70507 75356 43880 8935 13181 38032 27464 32629 11405 96108 81688 32579 36453 48366 16993 65050 106506 58113 89299 71369 62556 101108 18408 37430 39132 34675 37730 95064 85763 32737 129713 18613 107805 68316 30404 36315 39601 33694 74003 88033 119526 108199 44903 64278 82206 56140 25932 23854 33252 33802 67449 25638 9948 31689 97281 119189 0 82082
35267 63536 96387 51584 127676 58446 119036 58487 46090 22018 33067 89678 21172 129692 90948 29215 40461 52680 9893 72021 90190 22496 26735 51199 57531 39269 36893 62950 81819 31004 69319 42360 32681 96430 62511 49883 47967 102309 11804 53728 35238 43200 21922 47186 71624 71259 48568 83418 29855 11194 78549 63177 16766 44381 46131 70807 109524 61150 54580 15449 110214 84338 85939 10656 83252 79911 105563 86785 84910 33734 32481 83083 52694 56202 31473 72614 64103 57484 63327 76318 51332 65309 46358 27145 70673 83530 115546 53665 114454 66237 0 30073 46790 87105 51714 90097 56375 34766 51093 12404 11647 76229 13361 92513 56615 92914 84831 69324 121679 10143 94845 3911 56276 98022 38632 35028 39127 9291 16079 147639 102625 76012 52162 80688 26914 34970 52281 14261 21852 85039 10572 30672 74244 38089 93536 16015 63910 14602 119335 95272 59199 23097 88016 118899 51152 50477 89635 111950 54951 10452 93300 77984 15582 57487 10585 15345 22394 29093 84359 24456 96560 62595 37419 13329 78237 25207 31558 63377 71927 56414 53645 61331 33612 55373 123821 88616 54320 64933 69461 56246 40999 51929 8479 59575 16913 90592 123793 75524 28820 105240 96532 88431 49578 50668 98247 87040 65454 55042 19653 67782 98653 91380 35267 10936 29215 63992 45774 36164 36881 90190 16781 51584 62511 49883 32481 58487 68955 73871 46131 32681 55208 66237 21922
22068 69889 101278 31106 116731 87284 122555 29509 75402 12579 14166 102392 48863 113195 85604 59239 22378 50113 23239 90669 106606 14918 35307 80487 31142 67394 14391 37722 92075 5894 99285 69291 49327 103715 62129 55212 52333 101151 22353 48435 59027 71619 51959 53544 47147 76895 51940 82427 36561 34509 77037 69956 32693 16452 50427 64067 116780 72566 84628 16495 112666 84179 72400 26969 53458 80417 105800 83143 75415 62700 27532 74702 56063 71795 38469 62045 62852 51227 91588 51427 50594 69572 76375 56390 69540 71225 117785 65976 103945 54436 30073 0 16747 75758 37027 84373 30530 22666 41928 32208 24630 73713 36212 104201 26975 91745 91518 60461 133755 20175 105161 28833 85095 117136 68339 48025 67071 35432 37500 132317 118478 92500 36846 57892 46162 29863 23703 31694 46845 79912 25297 1417 61139 48163 65928 28417 57765 17428 90703 102928 55261 38467 82053 103521 80091 43183 114818 84345 41760 23758 103084 75613 45550 35770 40647 43406 46600 52300 93421 9126 108855 46726 18622 33920 86354 52499 21032 35137 56675 50191 27112 38256 29529 43270 134546 105297 29882 38719 78483 39073 14659 81984 28287 85855 22162 99300 136523 69595 27465 89938 76921 86885 78898 33311 86735 116715 62231 85114 17436 43596 90609 89501 22068 40962 59239 93893 74297 48647 11712 106606 13594 31106 62129 55212 27532 29509 68223 58711 50427 49327 68778 54436 51959
28197 77333 106480 27202 112443 103851 126410 16270 92079 27193 22862 111400 65405 105456 85876 75978 24450 55011 39796 102631 117216 29572 48878 97153 20086 83878 17742 27026 100257 16980 115883 85516 63661 110052 66832 63397 60393 103122 38746 52051 74699 88142 68694 62361 36171 83562 59588 85345 49379 50914 79987 77596 48272 11580 58681 64990 122730 82139 101294 32965 116220 87456 68279 43294 37429 84258 108374 84535 76223 79346 36225 73785 63249 83149 51092 60743 67023 53875 108013 41808 56393 76033 93117 73088 73218 68018 121079 76306 100308 53122 46790 16747 0 72884 36601 84486 20392 31081 46594 47749 40909 76324 51879 112674 10867 94097 97996 60415 141768 36921 112948 45566 101181 128777 85074 61441 82962 52035 52799 124946 128591 103490 35971 47650 61303 39506 10566 47615 63033 80629 41169 16130 58208 60657 51062 43120 59676 33512 74774 109476 58741 53340 82151 96774 96246 46492 129183 69226 41422 40225 110674 78177 62205 29357 57348 60040 61937 67137 100985 24413 117494 43497 24294 49403 93747 68405 31108 20792 52650 53004 16855 29910 37991 43421 141870 116056 21819 26697 86673 36171 14541 98715 44357 100948 37659 106486 144815 70540 37891 83708 68190 89260 95210 34090 83151 133125 65376 101816 32679 33292 89018 91563 28197 57696 75978 110638 90831 60397 16326 117216 30140 27202 66832 63397 36225 16270 72218 54547 58681 63661 81120 53122 68694
55249 46052 51827 45984 41204 137912 63482 85965 125315 70677 89698 72304 106954 44701 18924 107037 53400 36416 88912 81967 84757 88782 107659 129840 54729 122490 61430 49329 60715 69932 132928 126994 118600 59162 32898 46971 46493 37640 89571 33934 122131 125414 101552 49477 44383 44700 44974 28953 109812 97822 26898 47021 100795 83956 47325 18567 67622 57788 123052 85432 53632 31531 6808 93094 91035 32404 43879 22289 148927 115866 54932 8742 42985 67247 111795 14508 30740 30118 143992 111180 38933 41288 120448 109596 28656 4948 57054 59177 28222 21555 87105 75758 72884 0 38760 17446 53680 98399 117209 76625 91760 24470 78833 70661 68329 31975 51435 18023 92156 83938 67680 89474 112481 99433 117138 119394 97306 96382 76873 61076 90999 77069 38912 37082 113440 105477 63483 98652 108846 17643 76572 74372 14763 120952 60487 71398 24575 75820 81178 59631 30248 107735 15966 33269 109686 36629 117848 69239 34166 89983 65108 24688 94408 43683 92649 101492 80767 79792 58280 83539 75059 29536 93510 76816 53073 88563 96747 60037 20322 31113 56688 44311 53589 32960 89393 84690 51317 51862 53155 37156 85652 123964 78815 102222 92899 60278 96000 17032 58335 20916 27477 28888 111097 106329 11216 143405 26923 124807 89871 44528 16805 29163 55249 94224 107037 136817 127469 61506 85197 84757 77656 45984 32898 46971 54932 85965 29938 18552 47325 118600 140624 21555 101552
17110 44871 70845 10473 79856 107654 90030 51808 94866 32635 51051 79566 72695 78479 49536 76407 14650 21354 51594 76756 87816 50152 69493 99797 23810 89967 22784 22985 67651 31182 109699 93691 81360 75204 31846 33646 30937 66522 51983 17204 86835 93486 69855 33997 26840 49764 29521 48892 71473 61549 43584 45393 63454 46697 29945 28406 87413 52744 97220 47351 79791 51094 35816 55903 64731 48159 71792 47950 111200 83756 19923 37951 31795 57357 73454 25094 31568 17954 113212 77795 23813 42382 92100 77140 37229 34316 84578 48985 66974 17434 51714 37027 36601 38760 0 48197 22102 59688 78704 43581 54293 39856 46887 80066 35655 57515 63519 24030 108067 46655 79489 53347 90952 101029 86733 81597 73161 60662 45783 96992 97979 75421 1067 31797 76654 66717 29361 61507 73451 44139 41304 35650 24273 82804 51807 37604 23197 38658 78458 74821 23160 70292 45857 68071 86929 12242 108917 68453 4894 52612 77044 41684 62352 13373 59343 66928 52614 54499 67582 44817 84980 10903 55041 44363 60383 60813 57991 31888 20599 17269 23404 17588 19540 6820 107476 86977 18435 26446 54687 5590 47805 96665 44176 85234 54789 72514 111383 33971 24012 54341 44938 52690 87260 68491 49812 123837 29291 98521 51430 23563 53720 54965 17110 60652 76407 109689 95854 39274 46892 87816 39738 10473 31846 33646 19923 51808 36449 22621 29945 81360 102870 17434 69855
62557 37096 34819 57330 39935 135703 46337 98837 123514 77052 98538 57227 108332 52636 1545 105892 62357 37439 93702 70454 70373 95869 113262 127671 68112 122151 70626 63602 46416 78485 126920 127123 122599 42471 28645 43393 44057 20560 94678 37092 124005 124588 101287 46256 60051 33184 42920 14162 115739 101223 15072 38049 105288 94879 45491 20346 50268 48402 118639 91367 36333 16224 24209 97609 106492 18813 26717 6458 159309 115413 59893 11341 39581 58736 117695 23978 26685 33685 142002 124590 38842 32500 117504 109566 21184 21327 40016 51797 27442 31419 90097 84373 84486 17446 48197 0 66814 106875 126300 78468 96649 15213 79844 55076 81560 14623 36212 24167 74964 88852 51614 93013 106250 85005 115530 124169 92973 99311 77501 65164 75385 64570 48690 53941 116991 113205 76041 102960 111120 5127 79971 83067 28090 126318 77749 74084 26977 80923 98579 43099 30984 112206 2340 41570 104145 41664 106268 86633 43303 94804 49111 14049 94667 56468 93829 103281 79475 77083 43399 91142 59187 41562 102818 78272 39347 86568 104827 74401 34424 34777 69377 58085 58174 41484 72035 70537 63914 66501 41690 48410 95974 120325 81618 94344 98692 44424 78835 14945 62504 33083 44507 12242 106036 116624 18804 135445 24681 120588 96394 59580 10390 11898 62557 95528 105892 132765 126381 59174 94877 70373 83589 57330 28645 43393 59893 98837 22973 33175 45491 122599 145049 31419 101287
24785 66840 92516 11772 92389 114811 110864 32296 102363 34356 41616 101562 77093 85108 68282 84739 18489 43326 52256 97261 109395 45433 65789 107464 1776 95526 19483 7208 89708 26555 122135 98142 79832 97158 53913 54779 51894 86419 51827 39298 88824 99539 77572 54646 16670 71866 50652 69839 66883 63540 64693 67323 62851 31969 50601 48603 109185 74083 108403 46089 100567 72201 48591 56404 42630 69625 92047 67795 96312 90108 32754 55691 53411 77590 68745 42841 53540 39907 119673 57806 45580 64472 101592 83507 58892 48744 105137 69613 80500 35627 56375 30530 20392 53680 22102 66814 0 50348 66903 52713 54225 60871 56749 102140 14763 77878 85567 43479 130149 48074 101590 56486 105087 122252 94672 78519 86707 63770 56672 104578 119832 96590 21131 27785 76445 58557 10061 61578 76072 63485 47742 29232 39349 78453 37277 46883 44489 41773 63594 96818 45167 68899 64525 76385 100549 34165 127676 55619 26052 53008 99143 62610 70315 10359 66137 71332 65156 68823 89683 39653 107052 25267 44020 54051 82479 72835 49770 10087 33374 39296 3636 9635 33720 28229 129475 108476 3755 8563 76629 19174 34663 106788 51103 101818 52520 94600 133478 53916 36192 63370 47927 73180 100214 54461 63493 137944 50976 109325 47930 13300 70218 75170 24785 66979 84739 119441 102133 57017 35614 109395 40340 11772 53913 54779 32754 32296 58255 35135 50601 79832 99090 35627 77572
44340 89672 121950 53254 139301 81456 143744 32862 71367 31127 8865 120253 44939 134906 108077 59200 45042 71725 24876 105299 122676 13490 20714 76084 50455 61580 36973 57422 110844 28540 99972 61566 35511 123680 83567 74915 72232 123172 22962 70500 49087 65946 52707 72844 66810 97040 72125 104275 20032 31459 98923 89601 25311 20912 70270 86537 136864 90542 84921 20883 134049 105886 94911 25295 57727 101947 127603 105412 54093 58868 48463 97335 76392 87836 21372 84710 84486 73489 84422 43144 71820 89988 75179 53846 91260 93834 139247 83412 126566 77102 34766 22666 31081 98399 59688 106875 50348 0 19697 43583 23479 95733 46508 122525 41460 113704 111545 83066 152136 26451 124052 31361 89792 131672 65986 32044 73532 34096 48780 154199 134941 108394 59491 78118 35085 8453 41337 26203 40439 102334 37008 24038 83746 30367 81584 42663 80108 30791 103711 122762 77248 27296 104564 125552 84630 65424 124385 99369 64426 24356 122160 97630 48694 57364 43681 41179 56679 63269 112659 16247 126962 69230 7145 45187 105835 59946 3213 51845 79131 72429 46715 59180 50426 65922 153493 121210 50663 57547 97514 61549 16955 81013 38487 94270 18062 118733 154631 92029 47294 112079 98082 108870 82582 15916 109339 118589 84218 84788 15418 63631 113260 111561 44340 43049 59200 91142 68610 65337 14830 122676 26462 53254 83567 74915 48463 32862 89843 81157 70270 35511 50404 77102 52707
63870 109171 141570 71503 157813 86803 163422 41822 78824 50799 27762 139114 55044 152011 127529 70475 64136 91413 41679 122980 140838 32554 27982 82945 66676 68331 55923 73619 130031 47817 109683 66644 38244 143160 103264 94439 91798 142826 39819 90124 53489 72449 65040 92301 82681 116595 91733 123952 25222 44511 118594 109072 37177 35063 89833 105990 156356 109576 94911 39394 153742 125577 113376 40566 62821 121643 147288 124987 34632 67462 68160 116558 96012 106249 24970 103796 104177 93054 88417 39333 91516 109599 84578 63883 110947 112543 158943 102330 145253 96135 51093 41928 46594 117209 78704 126300 66903 19697 0 61511 39472 115380 63913 141537 55528 133367 131055 102361 171091 44479 143239 47288 102526 149097 75119 32879 87883 47623 66408 171470 153204 126576 78427 94194 40958 16144 57153 39073 49370 121825 55421 43239 102475 28879 93848 61424 99640 49932 113117 142212 96893 35343 123980 143127 97442 84992 139288 110578 83517 40871 141407 117278 62773 75028 58199 52992 73487 80185 131973 35932 145886 87792 23699 62994 125229 75425 22274 66316 97558 92003 63303 76246 70122 85109 172641 139315 67862 73122 116816 80113 32272 90271 56378 109057 34460 138087 173481 111510 66939 129866 114781 128527 94939 14116 128000 128653 103867 94339 33629 79883 132413 131203 63870 57146 70475 98578 74898 84218 32071 140838 45801 71503 103264 94439 68160 41822 109536 99556 89833 38244 43757 96135 65040
28888 51133 83994 45665 116673 64105 106635 61715 51332 20568 39721 77988 30332 120077 79254 32960 34939 41245 20022 61727 79338 30221 38850 56304 54132 46577 33904 58552 69728 30791 69526 50654 44890 84134 50505 37541 35714 90082 21794 42803 45702 49967 26277 34818 66424 58856 36394 71266 41901 23464 66485 50779 29097 48338 33916 59647 97257 49049 55692 22715 97815 72111 76046 22351 85158 67659 93239 74896 95856 40237 23660 72017 40454 44789 43601 62258 52180 46615 69631 82432 39627 52929 49251 33669 58646 73357 103147 41597 103458 56404 12404 32208 47749 76625 43581 78468 52713 43583 61511 0 22615 64303 4166 80671 56183 80725 72475 58651 110020 17169 82824 16063 53554 88090 43247 47418 35241 21123 5413 137555 91694 65069 44211 74319 38969 45435 50816 26592 32661 73374 7065 32267 64513 50484 89842 6066 52804 14886 116304 82997 47803 35502 76447 109053 48712 40205 82866 107978 46088 20958 81210 66022 18771 51649 16105 24960 14399 20377 72158 29916 84836 54171 44599 1729 65939 20741 40423 61059 62912 45580 50586 55888 24253 46146 111958 77828 50019 61037 57187 48657 45690 54245 5138 53657 27138 78385 112257 64121 19591 95530 88413 76299 47963 59057 87639 85930 53788 56646 28233 62581 87326 79262 28888 17621 32960 67072 52298 23852 41815 79338 19267 45665 50505 37541 23660 61715 56904 64764 33916 44890 67393 56404 26277
37185 72949 105854 51868 132840 63022 128339 50263 51535 21775 23222 100595 24620 132752 97627 36952 41076 59390 2960 83550 101580 12648 16888 56552 55084 42991 35436 61251 92271 27675 77862 44676 27068 106413 70156 58723 56490 110316 2416 59629 34610 47280 30019 56203 70450 80628 56843 91268 19717 10034 86184 72683 9167 36085 54566 76729 119582 71604 62859 8193 119211 92427 89783 2399 75551 88119 113969 93923 73461 38741 37034 88691 61105 67301 21558 77300 71539 63210 67104 65908 58539 74250 53702 32788 78281 87792 124525 64176 119681 70347 11647 24630 40909 91760 54293 96649 54225 23479 39472 22615 0 83540 24563 103284 51490 100827 94594 74519 132626 7844 105397 7966 66509 109626 45021 27671 50054 11647 27153 151261 113991 87358 54524 80498 22629 23336 48278 7429 22216 91708 17699 25662 78059 29680 90450 24087 69860 15946 115328 105323 65707 16021 94467 122350 61348 55593 100987 108893 58213 1857 103747 85366 25324 57421 20256 19580 34026 40720 94606 16615 107447 65103 26999 23933 88238 36577 20308 59700 74890 62114 51050 60721 38604 59043 134567 100027 52877 62682 79549 58050 32277 59486 17634 70830 5418 100818 134838 81794 34150 108618 98017 96190 59445 39383 102976 96140 72344 62993 9348 66716 104567 99080 37185 19753 36952 70664 49977 46267 28195 101580 14706 51868 70156 58723 37034 50263 76643 76908 54566 27068 48865 70347 30019
51646 22541 32206 50025 55145 120516 50180 91661 108364 65074 87774 48582 93799 66345 15577 90841 52680 24295 80580 57676 60554 83975 100343 112491 62401 107191 60798 59209 36663 67924 111952 112237 108885 38094 13848 28311 29191 27450 81700 25280 109548 109548 86395 31196 57917 20248 28180 9037 102966 87415 3850 23516 91908 85853 30746 12704 48969 34187 103464 78869 39935 11330 29612 84313 102671 9422 32207 10607 149122 100447 47596 15760 24594 44234 104891 20985 12129 22665 126825 117647 25019 17790 102295 94693 5990 25692 44755 36892 42535 26094 76229 73713 76324 24470 39856 15213 60871 95733 115380 64303 83540 0 65392 47416 75197 18039 28327 18185 71824 75854 45097 79336 91294 75195 100407 110777 77776 85338 62959 79992 67542 52609 40599 54628 103133 101494 69100 89518 96842 10283 66396 72496 27009 113187 79087 60300 16664 68148 102458 38161 18486 98760 13795 54975 89073 30589 93610 90720 35214 81683 42491 1900 79914 50699 79318 88894 64484 61921 34642 79651 52066 36394 92333 63977 28872 71455 93443 69681 32656 23643 62828 53360 45730 33101 70135 60405 57514 62472 28758 41704 86408 105115 67773 79779 86020 37601 75480 8802 49678 44482 50988 13173 90907 106727 31183 120986 11515 105402 84157 56489 25414 15830 51646 81042 90841 117575 111303 44133 84809 60554 71218 50025 13848 28311 47596 91661 7794 32259 30746 108885 131402 26094 86395
32714 50940 83617 49446 118482 60795 106327 65717 48001 24713 43149 76316 28498 122627 80562 29521 38841 42973 22234 59074 77017 33325 40083 52913 58187 43819 38034 62501 68552 34933 65428 48169 44748 83355 51546 37958 36408 90631 24101 44906 44174 47022 23135 35139 70249 58650 37256 72000 43212 23705 67375 50513 30017 52232 34715 61480 96398 47909 51691 25790 97731 72698 78555 23918 89276 68200 93542 75999 98025 37328 27001 73872 41143 42856 44813 64585 53324 48725 66449 86089 41110 53085 45499 30880 59619 75738 103063 40413 105290 59016 13361 36212 51879 78833 46887 79844 56749 46508 63913 4166 24563 65392 0 79162 60349 81369 71902 60814 108320 20091 81538 17258 49391 85292 39851 47725 31092 21001 2763 139870 89429 62796 47563 77923 38665 47776 54974 27526 31519 74726 10929 36316 67135 51083 93820 9896 54711 18813 120329 82164 49515 36031 77884 111516 44546 42715 79126 111910 49147 23062 80026 67059 15726 55417 13997 23505 10550 16864 71172 33475 83199 57326 47946 2700 65185 16577 43316 65175 65829 47721 54674 59705 27395 49072 110469 75466 54001 65034 56382 52077 49480 50388 8294 49731 29455 77407 110444 65745 22894 98076 91553 77055 43808 62164 89745 81770 55213 52694 31091 66415 88944 80035 32714 15684 29521 63277 49269 23296 45552 77017 23068 49446 51546 37958 27001 65717 57847 67639 34715 44748 67106 59016 23135
84588 35497 23180 90394 85949 114252 38068 128931 104831 92402 116512 4315 102071 105443 54058 92119 88437 58852 100642 29493 17466 109133 119245 107283 103865 108306 95074 102440 12472 99389 94417 114092 122320 15390 48665 49362 52350 43552 102353 62865 116890 108865 91216 50730 103198 30462 53091 41744 122368 102501 44196 35147 109146 119549 54138 59120 22156 31984 92249 102143 35627 39240 76569 102944 144746 38436 40308 48955 176131 102203 77152 62100 49485 36716 123974 67977 49508 62719 120593 154184 56829 37697 96014 98666 46008 72779 39231 39219 77290 71516 92513 104201 112674 70661 80066 55076 102140 122525 141537 80671 103284 47416 79162 0 114852 41843 19242 64373 29628 97207 5131 96392 75801 31024 98622 126108 71608 99532 76434 113630 20355 21740 81065 101492 116099 125712 108253 106666 107173 53171 86220 103385 74136 129840 125853 80119 59842 91742 149808 13985 57468 114871 55600 95234 76361 68000 58487 138111 76562 101608 6652 46591 87686 93026 89890 99226 71902 65862 12928 106783 4915 80723 121550 79402 19806 74573 119576 111940 79315 63157 103086 96629 75223 74436 31308 18416 98431 105895 26002 83857 118708 96196 85681 60522 107630 10734 32324 56200 76739 88130 97978 42863 79508 136682 73821 96134 52991 94560 107910 101094 63541 43882 84588 91581 92119 105810 109590 57325 115890 17466 96082 90394 48665 49362 77152 128931 45883 79217 54138 122320 143597 71516 91216
32463 79361 106497 25240 106415 114257 125315 17687 102327 35796 33544 113969 75837 97538 83024 85817 27130 56129 50210 107458 120891 40401 59719 107419 13602 94363 23150 19581 102381 25798 125197 96158 74523 110787 67347 66304 63322 101070 49268 52500 85494 98593 78523 65717 27719 84934 62278 84207 60158 61443 78989 79749 59058 20890 61800 63114 123066 85516 110804 43433 115030 86510 63058 53858 30803 83747 106640 82428 82842 89652 40941 70452 65507 87768 61844 57583 67185 53602 118546 43044 58024 77437 102955 83299 72868 63385 119668 80322 94796 50302 56615 26975 10867 68329 35655 81560 14763 41460 55528 56183 51490 75197 60349 114852 0 92430 98987 58086 143373 47008 114643 55707 109721 133145 95151 72248 91356 62405 60939 117098 131805 107577 34797 39197 72152 49912 6641 58329 73679 78173 50013 26128 54090 71358 40276 51035 58649 42713 63964 110360 58771 64199 79266 89483 104895 47091 135820 58377 40049 50705 112259 76972 71786 25092 67072 70370 69968 74668 102673 35136 119740 40001 34470 57758 95425 76920 41733 10790 48061 52883 12371 24034 42418 42203 142991 119851 17755 18156 89015 33580 24557 108471 53319 108414 48434 107842 146597 68496 43461 76881 60153 87694 104079 42168 77931 142056 64927 111435 43469 25528 84930 89752 32463 67551 85817 120605 101272 65773 26933 120891 39835 25240 67347 66304 40941 17687 72105 49778 61800 74523 91738 50302 78523
69679 32694 20380 67455 46396 133317 33142 109208 121642 82927 105792 44481 109399 63776 13257 104892 70661 42067 97871 61002 58091 101804 117694 125428 79322 121537 78807 75514 34869 85961 121393 126827 125580 28273 30682 43434 45023 9516 99076 43309 125213 123527 101132 46290 72979 26390 44348 9563 120394 104100 14801 33488 108967 103802 46810 29320 35658 42252 114607 96500 22861 8710 38663 101467 118874 13252 14277 10449 167157 114815 65429 24814 40279 52761 122298 35751 29426 40676 139726 135167 42412 29091 114755 109432 22621 35525 27263 47411 36075 42348 92914 91745 94097 31975 57515 14623 77878 113704 133367 80725 100827 18039 81369 41843 92430 0 24042 34411 60352 93243 37939 96195 100845 72499 113953 127763 89531 101848 78798 73567 61900 54306 58196 67787 119694 119344 86510 106536 112875 15274 83427 90532 40882 130366 91884 77189 34475 85692 113151 29057 36493 115739 16033 53405 99387 48626 96097 101211 52757 98971 35545 16140 95113 67563 95062 104793 79087 75568 31288 97583 45611 52817 110366 80220 28945 85338 111376 86205 47138 41667 80075 69779 63529 50705 57428 58478 74677 78619 33850 58852 104418 116934 84541 87707 103548 31111 64231 23966 67303 46762 59128 4871 101663 124763 32519 128132 29518 116694 101876 72092 21745 2886 69679 96820 104892 128846 125071 58900 102845 58091 88925 67455 30682 43434 65429 109208 24203 46190 46810 125580 148101 42348 101132
70548 21885 12197 73985 70034 116348 34759 114081 105568 80575 104702 21032 97863 87707 35304 90470 73546 43046 91759 37876 34257 98527 111237 108784 87239 107188 80844 85163 10890 86251 100937 112802 116519 12198 31675 36631 39352 28356 93291 46487 113420 108507 88068 38775 85154 14625 39604 22567 114225 95595 24999 22017 101570 105936 41304 40392 25325 25110 95940 92083 27444 20132 57329 94673 128137 19212 27356 29943 165626 100663 63989 42858 35455 34315 115983 49127 32065 45671 122796 139798 41629 22050 97682 96110 27568 53547 32552 32254 60114 53216 84831 91518 97996 51435 63519 36212 85567 111545 131055 72475 94594 28327 71902 19242 98987 24042 0 45768 44636 87735 16811 88538 80855 48831 98458 119626 72287 92890 69148 97444 39564 30713 64458 82766 110359 115765 92505 99065 102275 34007 76950 90539 55242 122900 107200 70586 41900 81262 130785 11488 40402 107864 36566 77125 80180 51924 72267 119040 59584 92804 14211 27411 83200 75985 84361 94107 66785 61793 7276 95389 23775 62872 109639 71509 7282 71399 108798 95089 60637 46272 86883 79293 61995 57413 44008 34538 81942 88571 15828 66756 105602 99002 77116 66652 98334 9352 48072 37129 64419 69287 78736 24163 82863 124685 55015 105932 35063 98153 97807 83299 45232 25622 70548 86127 90470 110072 109678 48676 103196 34257 85265 73985 31675 36631 63989 114081 27745 60412 41304 116519 138631 53216 88068
38945 33371 50390 33364 58422 120033 67476 75074 107399 53968 74610 64994 88983 62377 25511 89075 38280 18604 71626 69609 75845 72539 90748 111966 44913 104470 46544 41253 52786 54568 116106 108971 101145 56150 18335 30406 29425 42994 72403 15911 104232 107412 83538 32624 39743 34768 27815 26783 93048 80159 22011 34248 83448 70717 29993 5486 67148 44503 105700 68590 57174 29307 18851 75730 84712 27530 48569 24345 135177 97852 37497 14343 26575 52791 95024 4675 16533 12095 126078 100966 21332 29076 102728 91573 18368 15396 61674 44253 45220 7998 69324 60461 60415 18023 24030 24167 43479 83066 102361 58651 74519 18185 60814 64373 58086 34411 45768 0 89858 66676 62560 71820 95875 90202 99211 102191 80062 78613 58850 79094 84043 65937 24533 37123 95851 89664 52296 81240 90986 20228 58839 59131 10415 103976 61489 53511 7185 58588 85755 56132 12898 90400 21827 51048 92804 18960 104851 74252 19136 72712 59969 19710 76385 33154 74649 83556 62885 62200 51446 67582 69171 18451 78795 58814 44920 70765 81139 51864 14945 13094 45762 35456 36018 17337 88296 75435 40334 44449 42235 24568 71816 106393 60972 86581 76023 55119 93467 10446 40686 38038 37695 29758 94020 92480 28990 127478 12357 107390 73330 38319 30339 31691 38945 76234 89075 119316 109482 44011 70778 75845 60776 33364 18335 30406 37497 75074 18652 15004 29993 101145 123340 7998 83538
113829 64441 40381 118515 95812 137639 37260 157981 129548 122015 146136 32032 129895 118903 73609 118738 117395 87253 130031 53446 34763 138729 148363 131336 131832 134281 124285 129791 41701 128870 113972 140086 150663 33731 76237 78724 81684 57368 131768 90941 144163 134308 118678 80226 129523 58441 82321 64174 151512 131385 68120 64209 138190 148966 83519 84390 25072 61598 114828 131700 42637 61492 98699 132197 172747 62403 51757 69926 205662 128559 106578 84344 78532 65513 153069 92791 76696 90284 143747 183428 85514 65951 120223 125686 72012 95286 42606 68765 90661 97538 121679 133755 141768 92156 108067 74964 130149 152136 171091 110020 132626 71824 108320 29628 143373 60352 44636 89858 0 126702 28820 125578 97811 37979 124140 154697 97356 128351 105622 122654 24121 47099 109022 126353 144461 155218 136834 135730 135256 74724 115720 132916 98724 158577 150793 109668 86463 121348 173212 33734 85007 143709 76210 110260 99487 96290 69896 161307 104204 130978 31133 70535 115824 120618 118412 127486 100522 94225 40792 136411 25209 107400 151173 108700 48042 102372 149175 139716 104480 90859 131371 123917 104630 102037 6399 36543 126502 133192 55329 111390 148219 119442 115072 82485 137071 35555 3937 80437 106291 106245 119466 63302 102894 166306 92354 111297 79656 117148 137462 127805 80929 63075 113829 120057 118738 127386 134695 86877 145454 34763 125701 118515 76237 78724 106578 157981 72319 104028 83519 150663 171419 97538 118678
29579 65964 98811 44767 125004 67379 121187 48345 55327 14445 23422 94694 29152 125134 89842 39102 33805 51652 4977 78892 96460 13255 24489 60425 49078 47693 28825 54932 85912 21861 79434 50081 34765 99667 62561 51542 49200 102744 5846 51810 41104 51828 31840 49114 63946 73594 49466 83680 27152 15565 78556 65747 16878 34251 47257 68899 112862 65324 64652 5746 111939 84897 82028 9249 73138 80628 106500 86198 78971 42697 29190 80848 53753 61779 29057 69470 63896 55378 71915 66676 50885 67044 56224 36296 70661 79996 117241 57991 111841 62549 10143 20175 36921 83938 46655 88852 48074 26451 44479 17169 7844 75854 20091 97207 47008 93243 87735 66676 126702 0 99095 8702 66282 105233 48175 35515 48854 15728 22329 143565 108790 82183 46925 73655 30018 28516 43068 14854 28067 83926 10987 20898 70297 37467 84873 17209 62036 8119 110287 98623 57933 23802 86663 114665 61177 47749 98722 103329 50486 6045 97355 77690 25721 50460 20686 23503 30418 36922 88072 14377 101494 57507 28044 18747 81545 34590 23274 54357 67236 54282 45094 53964 30769 51271 128408 94963 46408 56618 72946 50575 30923 61861 12049 68889 10599 94254 129042 73983 26348 100937 90704 88575 59675 42074 95154 97182 64608 65061 11066 60156 96729 91450 29579 20860 39102 73718 54477 39909 26819 96460 7743 44767 62561 51542 29190 48345 69042 69246 47257 34765 56696 62549 31840
85031 35626 18566 89902 81302 118551 33038 129161 108903 93598 117776 9349 105223 101232 50515 95743 88577 58515 102697 34199 22502 110739 121571 111480 103292 112072 95479 101532 13210 100187 99228 117840 125177 10534 47759 50007 52947 38985 104365 62309 120230 112765 94550 51625 101826 29738 53540 38740 124667 105054 41680 35411 111555 120225 54805 57198 17435 33797 96726 103885 30519 36149 73777 105163 144218 35861 35471 45669 177867 105878 77866 59251 49718 39691 126314 65937 48390 61854 124917 154619 56715 37208 100211 102140 44297 70065 34101 41227 72958 69944 94845 105161 112948 67680 79489 51614 101590 124052 143239 82824 105397 45097 81538 5131 114643 37939 16811 62560 28820 99095 0 98695 80408 35690 102530 128817 75559 102137 78790 108990 23973 26367 80462 99577 118956 127540 108085 109063 110193 50071 88121 104289 72046 132448 124009 81922 58486 93333 147535 9262 56573 117432 52300 91191 80810 67595 63605 135765 75770 103686 2606 44107 90730 92231 92716 102175 74731 68877 11982 108152 7687 79458 122793 81625 19236 77827 121155 111265 77443 62371 102710 95682 75907 73616 29454 23510 97915 104964 26683 83017 119558 100561 87763 65204 109595 7497 31955 53895 77721 84540 95113 39373 83904 137922 70235 101198 51625 99029 109655 99883 59684 40142 85031 94430 95743 110387 113566 59199 116871 22502 97591 89902 47759 50007 77866 129161 44367 77222 54805 125177 146675 69944 94550
36564 67156 100038 52477 130233 58700 122659 56455 46626 22336 30303 93571 20607 131628 93899 30613 41383 55574 6740 75901 94095 19629 22877 51723 57548 39094 37092 63241 85652 30493 71229 41699 29589 100184 65687 53348 51347 105621 8549 56390 33530 43190 23412 50691 72119 74875 51884 86675 25980 8348 81745 66817 13038 42271 49484 73518 113295 64977 56344 13131 113767 87657 88063 6767 81470 83256 108975 89857 81024 34003 34602 85724 56055 60107 27622 74966 67226 60106 63300 73401 54363 68820 47683 27595 73852 85776 119097 57497 117019 68400 3911 28833 45566 89474 53347 93013 56486 31361 47288 16063 7966 79336 17258 96392 55707 96195 88538 71820 125578 8702 98695 0 58993 101865 39508 31587 42230 7431 19963 149757 106531 79920 53729 81531 24056 31188 51741 10536 20198 87982 13057 29588 76337 34471 93435 19041 66614 15118 118949 99038 62053 19582 90901 120945 53843 52892 93046 111885 56815 7043 97134 81112 17874 58295 12745 14877 26224 32926 88158 22304 100452 64251 34440 17105 81989 28621 28169 62999 73752 59025 53593 61977 35885 57366 127699 92519 54657 65046 73226 57654 38711 53366 11673 62910 13347 94389 127698 78342 31150 107250 97944 91669 52093 47277 100652 89223 68429 56660 16579 68301 101400 94605 36564 12578 30613 65089 45827 39902 34582 94095 16230 52477 65687 53348 34602 56455 72153 75724 49484 29589 52078 68400 23412
80349 69248 92430 96265 145883 40018 112839 114358 33976 74084 89269 71562 47840 156895 106289 32324 86661 77822 65733 46326 63312 78613 74575 34480 106644 41859 87128 110151 71713 84289 20671 47131 68424 87783 79721 65594 66458 107996 67522 81786 56058 40188 37530 63257 116872 74524 68086 93706 77474 58643 91240 68320 65651 100430 66034 93965 97842 58626 17046 71726 107689 92945 114692 64535 138486 88812 108067 100454 132585 38480 72913 105053 69546 48095 78084 100465 81897 85038 45991 132378 74812 73758 24275 39571 85578 111052 112397 54453 133690 97534 56276 85095 101181 112481 90952 106250 105087 89792 102526 53554 66509 91294 49391 75801 109721 100845 80855 95875 97811 66282 80408 58993 0 62504 31465 73927 18420 55790 48835 171286 73940 54071 91863 122706 63416 87592 104221 64112 53839 101543 60013 85361 105016 78634 141387 58776 88706 67749 168159 86196 82978 67369 105059 145412 5163 82452 39768 158938 91525 65971 80419 92239 41190 101983 46291 49563 39991 36587 75809 80660 77392 99739 93417 51965 73867 32815 86692 114051 105997 84391 103384 106484 72442 90625 102447 61562 101999 113005 67158 96533 97201 22013 56864 15429 71857 80737 98210 96002 69124 133359 132195 98195 7766 105534 121688 32965 85569 19356 75561 113177 116612 100916 80349 46773 32324 30021 39657 52729 93101 63312 71549 96265 79721 65594 72913 114358 83915 107377 66034 68424 83488 97534 37530
100951 57417 54179 110625 116957 102474 65543 144824 95829 104598 127354 28021 101243 136259 84128 88007 106016 80007 107474 26509 14684 118291 123538 96884 124028 102048 111148 124013 38761 113356 76864 107744 122821 46223 72509 67505 70362 74573 109362 84580 113892 101348 89599 67643 126527 55590 71643 71111 126733 105998 72535 56672 113295 133447 71667 85444 48931 48284 79459 110803 65490 68823 104806 108625 163885 67119 71150 78666 182786 97063 92636 90704 69268 45632 128007 94358 73951 85556 108303 168542 77291 61267 86188 95443 72347 100876 68270 52832 108234 96360 98022 117136 128777 99433 101029 85005 122252 131672 149097 88090 109626 75195 85292 31024 133145 72499 48831 90202 37979 105233 35690 101865 62504 0 91543 127540 66216 102816 82920 144642 14808 25663 102089 126766 116836 132957 126534 111012 107097 82468 94792 116640 100503 131856 150543 89672 84450 101797 175764 44914 80699 117750 85236 125861 65072 88854 32007 164397 98497 108245 37650 74775 88549 114400 92199 100083 75641 68940 41608 117393 28391 104236 132350 86488 46367 74911 128506 132333 104891 85689 122431 118503 90972 96558 43742 14815 118504 127474 48019 105702 131728 84511 93188 47897 114696 41561 37333 83643 90937 118036 126152 72992 68592 147075 103802 73320 77975 81733 116296 123868 94010 74335 100951 93615 88007 91094 101308 68624 128296 14684 106378 110625 72509 67505 92636 144824 71705 105181 71667 122821 141789 96360 89599
71929 81325 110642 88704 155223 20982 132773 95282 8211 60448 67962 94724 21050 161532 115981 10334 77757 80727 45518 70730 89456 57618 47547 13064 95913 10566 75236 101001 91464 69634 34569 16202 38401 107823 86953 72138 71656 122458 46847 83438 24827 10244 17150 69282 109296 88283 72951 105329 50004 35239 101541 80584 40676 81105 70428 99031 119567 73560 19876 52345 125876 105346 117542 42659 120561 100840 124009 110735 102765 7726 66828 111267 75984 64246 50149 103299 88999 87198 26874 109062 78326 84909 9459 12267 94418 114476 131010 67083 142232 98303 38632 68339 85074 117138 86733 115530 94672 65986 75119 43247 45021 100407 39851 98622 95151 113953 98458 99211 124140 48175 102530 39508 31465 91543 0 44075 27020 33399 41150 178123 101191 77592 87398 117533 34315 61781 90913 39998 25974 110445 47042 69069 106390 48788 131935 49302 92595 53067 157912 106344 87025 40063 113837 150252 27369 81987 71227 150288 88944 45273 101893 101813 24589 94691 28535 25450 36403 38535 95146 61415 101279 97158 71127 42376 91179 28962 63234 101980 105486 86275 92095 98816 67243 88780 128022 87677 92367 103190 82935 91883 77282 15196 43733 43887 49613 100938 125126 102588 62727 137050 131362 110297 23956 80734 127683 53535 91731 19221 54278 105440 125343 113253 71929 27770 10334 25655 11224 56405 73212 89456 55375 88704 86953 72138 66828 95282 92613 107246 70428 38401 52023 98303 17150
64518 98511 131302 78156 160501 53962 153987 64887 46648 48968 38800 122968 26718 159864 125113 41781 67827 86798 30571 102889 121755 33107 12731 50465 79039 36075 61231 85723 116002 52688 78218 33876 5692 131047 97204 84901 82932 137199 29824 87226 20770 39999 38279 82213 95163 106234 83469 118233 12151 24039 113266 98128 18886 52576 81071 104349 144046 95466 63902 34265 145231 119239 117273 26563 89480 114843 140556 121248 58784 36367 64702 116352 87642 89407 10672 104950 98695 90838 55568 70813 85763 100337 53404 34368 105364 115374 150564 87976 147348 97938 35028 48025 61441 119394 81597 124169 78519 32044 32879 47418 27671 110777 47725 126108 72248 127763 119626 102191 154697 35515 128817 31587 73927 127540 44075 0 62226 26766 50481 178569 134182 107999 81755 105880 10791 24364 70825 21259 20658 119191 44386 49362 105573 4727 112503 50575 97468 43612 135484 129836 93191 12025 122010 149644 69114 83260 112734 130607 85679 29482 127433 112573 39177 83347 36285 27511 54226 60475 118773 38905 129874 92287 39091 48220 112895 52868 30874 82012 102173 89744 75040 86160 66252 86593 157310 120076 77873 86549 104085 85020 48459 58855 43260 83117 26891 125003 156511 109362 61738 135919 124429 123214 66163 42281 130610 97193 99726 63031 30870 91620 132209 126141 64518 34645 41781 66135 42336 70980 45429 121755 41878 78156 97204 84901 64702 64887 103680 104205 81071 5692 21275 97938 38279
62001 56933 84396 78061 132905 44111 106219 96478 33458 55805 72163 67704 35538 141989 93211 21813 68310 61608 48893 43911 62811 61623 60412 36498 88255 36941 68712 91860 64750 66025 36628 42748 57177 81149 65178 50468 50816 97543 50757 65248 47694 37263 23952 47857 98756 63296 52358 81492 63500 43376 78305 56094 50714 82700 50084 78751 92674 47878 25791 54459 99721 81152 98900 48306 120336 76763 98550 87611 119669 31266 54702 90413 54469 37981 64425 84536 67334 68702 50560 115435 58746 61012 25433 29228 71854 95423 104763 42119 120275 80940 39127 67071 82962 97306 73161 92973 86707 73532 87883 35241 50054 77776 31092 71608 91356 89531 72287 80062 97356 48854 75559 42230 18420 66216 27020 62226 0 40290 30434 157308 74788 50612 74039 104958 51435 72307 85815 48836 41569 88042 41845 67270 88672 66750 123146 40370 72994 49659 149892 79643 67237 53718 91535 130527 13880 65347 51416 140812 74047 49273 74981 78955 25141 83835 29945 35483 21576 18683 68534 63165 74268 82337 76544 33624 65019 14577 70359 95635 89137 67961 84974 88316 54326 73295 101103 61041 83653 94675 57135 78715 79631 27444 38785 21222 55470 74201 98481 81416 50850 117987 115431 86289 14174 89429 107103 51247 70671 27652 58736 95028 103166 89166 62001 30812 21813 39807 38007 36125 75571 62811 53616 78061 65178 50468 54702 96478 70100 90629 50084 57177 75574 80940 23952
43955 71910 104618 59908 136967 51852 127326 61901 40082 29735 34799 96489 13463 138831 100145 25392 48814 61918 12242 77382 95988 24289 20736 45138 64795 32019 44431 70576 89272 37574 66322 34372 23812 104283 71574 58617 56834 111201 13460 63015 26173 36206 18642 55860 79501 79627 57513 92386 23927 3190 87582 71497 10581 47714 55038 80086 117282 68710 51295 19088 118689 93232 95151 9326 87162 88775 114310 95913 80178 27319 41669 92370 61576 62895 25201 81886 73209 66774 56242 77060 60509 73924 42058 21200 79727 92780 124021 61217 123745 75458 9291 35432 52035 96382 60662 99311 63770 34096 47623 21123 11647 85338 21001 99532 62405 101848 92890 78613 128351 15728 102137 7431 55790 102816 33399 26766 40290 0 23747 156855 108447 82003 61065 88958 17846 32045 58716 8552 12800 94243 19815 36305 83443 30315 100598 25266 73191 22549 125936 103070 68448 15358 97244 128086 50634 59755 91673 119055 64038 11901 100717 87076 15155 65723 10700 8023 27879 34384 92013 28052 103394 71563 38353 21709 86135 28105 31062 70045 81000 65704 60817 69388 42852 64524 130792 94353 62012 72321 77323 65034 43922 47847 17726 61438 16543 98245 130289 84778 38070 114410 105331 97415 48504 49753 107529 84719 74651 51382 20971 75689 107922 100376 43955 9528 25392 59052 38875 44294 39836 95988 23436 59908 71574 58617 41669 61901 77994 82960 55038 23812 46283 75458 18642
32298 48226 80876 48899 116300 62130 103590 66992 49342 25616 45106 73611 30847 120844 78194 30824 38524 40826 24748 56631 74459 35491 42812 54181 58158 45636 38310 62216 65796 35819 65486 50146 47470 80593 49112 35368 33895 88034 26591 42941 46591 48697 24769 32532 69732 55931 34791 69456 45934 26466 64879 47790 32767 53699 32238 59347 93635 45149 52055 27963 95019 70117 76772 26585 90228 65610 90893 73563 100598 39059 26038 71736 38619 40186 47546 62707 50922 46755 67896 87844 38861 50424 46340 32725 57154 73880 100350 37654 103124 57326 16079 37500 52799 76873 45783 77501 56672 48780 66408 5413 27153 62959 2763 76434 60939 78798 69148 58850 105622 22329 78790 19963 48835 82920 41150 50481 30434 23747 0 137940 86856 60220 46503 77088 41373 50284 55386 30273 34078 72378 12475 37508 65439 53846 93568 9942 52624 20259 120171 79401 47345 38793 75566 109682 44102 40998 77472 111553 47812 25608 77271 64607 17535 54837 16359 26006 9145 14965 68410 35322 80489 56057 49965 3694 62424 16187 45601 65340 64347 45769 54747 59190 26243 47631 107742 72921 53799 64849 53620 51074 51088 51046 10318 48361 31952 74645 107766 63513 21941 96302 90228 74515 43579 64342 87722 81450 52914 53165 33382 65918 86692 77498 32298 18088 30824 64017 50873 20565 47223 74459 24672 48899 49112 35368 26038 66992 55375 66122 32238 47470 69801 57326 24769
114099 102254 90463 101211 27688 198814 85455 133963 186280 129624 145336 116911 167845 19563 65277 168068 110882 97416 148526 134458 130756 146532 166346 190739 104882 183564 118099 98020 108330 126855 191941 188039 178318 98472 92130 106905 106871 70085 148965 94999 182828 186483 162627 109607 89379 98038 105453 78530 168176 158077 80236 103209 160412 136525 107909 79117 99224 113526 183091 144306 80986 79879 61703 152810 128864 83445 73723 71237 199831 176941 115188 67023 102916 123897 170148 75305 89977 91187 204946 155685 99802 97623 181116 170665 85736 64204 80122 116867 37926 81402 147639 132317 124946 61076 96992 65164 104578 154199 171470 137555 151261 79992 139870 113630 117098 73567 97444 79094 122654 143565 108990 149757 171286 144642 178123 178569 157308 156855 137940 0 132313 127872 96815 77934 173469 162020 114442 158413 169475 69757 137067 130900 73420 179631 88723 132177 85540 135496 92524 99740 91100 167273 66244 28925 168999 97375 169656 83408 93086 149559 106993 79087 155475 96835 153625 162306 141723 140394 104576 140924 116487 86288 148310 137808 102463 149406 153121 106616 76400 92171 108169 95249 114030 92408 117390 131354 103698 98958 106350 93657 139205 184377 139491 159501 151714 103272 126443 75937 118828 42652 56945 74742 170729 158901 50455 200558 86765 184952 148131 91801 54774 72507 114099 155175 168068 197071 188524 122102 139822 130756 136729 101211 92130 106905 115188 133963 87429 74372 107909 178318 199834 81402 162627
100408 53150 42333 108065 104660 113885 51212 144834 106225 106183 129792 19053 108574 125132 74338 96478 104881 76627 111597 31349 12460 121453 128932 107781 121588 111505 110850 120747 31262 114153 89851 117288 129813 34158 67464 65509 68500 62642 113425 80939 122214 111263 97101 66278 122187 49468 69528 62095 132121 111573 64428 52594 118662 134424 70083 78914 34755 46457 90982 114127 52041 59595 96855 113274 162193 58707 58592 69299 187451 106046 92448 82413 66453 47117 133548 87831 68559 81268 119926 169450 74256 56185 96770 103663 65713 93038 54376 52548 96790 90899 102625 118478 128591 90999 97979 75385 119832 134941 153204 91694 113991 67542 89429 20355 131805 61900 39564 84043 24121 108790 23973 106531 73940 14808 101191 134182 74788 108447 86856 132313 0 26636 99012 121132 123681 137110 125165 116272 114185 73525 97970 117819 94011 138285 145369 92321 79060 104374 169720 33087 76124 123704 75944 115157 75849 85752 46648 158092 94860 112464 26362 66802 95015 111201 98110 106708 80642 74066 32901 119863 16290 99677 134843 90216 39124 81349 131854 129801 98976 81584 120447 115029 90628 92795 29447 14109 116085 124220 43326 102171 133133 95720 96829 58721 118785 30963 24270 76286 91373 108404 118276 63154 79301 149849 94092 87589 72287 93295 119798 119867 83644 64057 100408 99662 96478 103358 111499 70022 129982 12460 108892 108065 67464 65509 92448 144834 65410 98995 70083 129813 149838 90899 97101
75509 32622 40483 84967 100620 92633 59144 119626 83503 80074 103428 17539 82852 117109 63983 71730 80453 54526 84962 7864 14283 94911 102396 85779 98365 87528 85796 98404 19960 88433 72919 93334 103798 34531 47813 41853 44701 59035 86790 59144 97069 87822 71586 41990 101138 32369 45991 50418 105580 85108 50578 31791 92137 108648 46008 61534 43787 22704 70522 87552 55094 48574 81837 86657 138284 45821 57461 58114 160816 81646 67275 68369 43717 20732 107034 70301 49442 60328 98948 143751 51745 36880 74523 78608 48844 77857 59386 27269 90223 71588 76012 92500 103490 77069 75421 64570 96590 108394 126576 65069 87358 52609 62796 21740 107577 54306 30713 65937 47099 82183 26367 79920 54071 25663 77592 107999 50612 82003 60220 127872 26636 0 76483 101887 97621 110477 100956 89730 88290 61175 71397 91915 76342 112010 125379 65837 59769 77932 150931 32928 55636 97310 64322 106137 54650 63280 41846 139734 73002 85828 26565 52566 68934 88793 71788 80626 54142 47635 24049 93476 23764 78996 108470 63584 25470 55377 105291 106670 80305 60392 96781 92931 65560 71101 50536 12844 92842 101861 24005 80165 107153 74530 70206 38836 92151 27673 48621 60501 65797 96824 102855 53448 57828 123417 82964 75893 53585 72835 93205 98394 74440 55454 75509 73381 71730 84074 88409 43860 103878 14283 82475 84967 47813 41853 67275 119626 47927 80761 46008 103798 124346 71588 71586
17348 45896 71701 9573 79943 108304 90779 51066 95520 32817 50817 80583 73185 78227 50043 77076 14503 22386 51850 77822 88867 50142 69596 100463 22830 90533 22538 21924 68655 31027 110558 94212 81591 76116 32791 34712 32003 67161 52201 18200 87237 94077 70488 35062 25809 50744 30588 49635 71538 61902 44344 46423 63690 46189 31009 29020 88289 53805 98026 47494 80530 51860 35794 56167 63756 48974 72471 48564 110791 84349 20571 38336 32851 58421 73518 25415 32478 18849 113836 77050 24864 43375 92834 77725 38072 34407 85294 50051 67107 17728 52162 36846 35971 38912 1067 48690 21131 59491 78427 44211 54524 40599 47563 81065 34797 58196 64458 24533 109022 46925 80462 53729 91863 102089 87398 81755 74039 61065 46503 96815 99012 76483 0 30928 76938 66597 28547 61769 73861 44696 41792 35460 24335 82903 50777 38213 23955 38963 77441 75744 24077 70507 46350 67890 87819 13288 109964 67469 5451 52860 78012 42418 62982 12311 59913 67407 53425 55386 68563 44757 85979 10582 54746 45023 61370 61616 57843 30879 20419 18191 22512 16522 20268 7502 108401 88031 17484 25386 55714 4676 47379 97429 44702 86222 54917 73471 112347 34570 24672 54164 44414 53380 88126 68081 49915 124759 30131 99313 51484 22513 54042 55626 17348 61204 77076 110446 96457 40269 46551 88867 39926 9573 32791 34712 20571 51066 37320 22454 31009 81591 103023 17728 70488
45689 69386 86239 29104 69310 138276 100277 56092 125554 59274 69401 102092 101844 58370 55479 107273 40227 48380 78229 104633 112612 72789 93183 130570 27694 119828 45074 20711 89871 53288 141486 123041 106850 92649 54257 62072 59890 74470 78082 43711 114758 123589 100449 63235 11528 71734 58266 62265 94432 89202 58261 70166 89437 59132 59434 42396 102765 79558 128874 72578 90239 64936 30405 82518 55309 64032 80655 57413 121905 113923 51056 42989 59132 86185 96323 33662 52862 41799 143584 78955 51475 65527 123395 107261 55491 32668 93933 77503 58999 30412 80688 57892 47650 37082 31797 53941 27785 78118 94194 74319 80498 54628 77923 101492 39197 67787 82766 37123 126353 73655 99577 81531 122706 126766 117533 105880 104958 88958 77088 77934 121132 101887 30928 0 103056 86342 37088 87927 101632 52538 70888 56535 27637 106028 24459 68254 42331 66417 49044 92773 46265 95787 52051 50762 118719 41179 138577 37989 31438 79094 96977 55836 92960 23235 89450 96014 84302 86293 88566 66990 106279 23685 71700 75302 82018 92472 77551 28688 22178 41912 31410 19798 51017 32691 124335 112099 28012 21128 78777 26254 62156 128126 74059 116457 79432 92105 130051 45929 55147 38995 21025 63876 119053 81217 43685 155550 48943 130118 75070 14488 53366 64901 45689 90576 107273 141106 126068 70585 63349 112612 65996 29104 54257 62072 51056 56092 55723 22373 59434 106850 126657 30412 100449
59595 89599 122187 74497 154272 46796 144915 67368 37922 44345 39898 112864 15939 155126 117853 31152 63688 79560 25135 92355 111276 31766 14549 42207 77191 27524 57983 83554 106275 49950 68813 26660 6222 121579 89392 76447 74680 129046 25033 80445 14008 31758 27489 73678 92847 97302 75356 110229 16313 15772 105412 89158 13625 53992 72884 97570 134479 85879 54184 30486 136392 111078 111839 20799 92592 106619 132129 113695 69170 26606 58511 109780 79422 79386 16086 98933 91005 84162 49408 76810 78246 91714 43759 23865 97549 109661 141723 78420 141061 92241 26914 46162 61303 113440 76654 116991 76445 35085 40958 38969 22629 103133 38665 116099 72152 119694 110359 95851 144461 30018 118956 24056 63416 116836 34315 10791 51435 17846 41373 173469 123681 97621 76938 103056 0 29018 69767 15230 9868 111942 37104 47362 100100 15365 111961 42912 90667 38004 136060 120325 86061 8051 114898 144595 58540 76908 102022 130314 80391 24169 117653 104882 28691 80030 26241 16995 44227 50282 109176 37249 119763 87519 41517 39530 103501 42332 33030 81176 97215 83080 73149 83263 59868 81078 147214 109584 75300 84794 94686 80582 49850 49387 35389 72343 23999 115391 146199 102369 55167 130874 120631 115257 55663 48053 124633 87803 92362 53496 28820 89154 125449 118216 59595 24528 31152 57755 34312 61930 46268 111276 37319 74497 89392 76447 58511 67368 95821 99216 72884 6222 28457 92241 27489
50728 93898 126536 60875 146536 75809 148637 40724 66465 36422 16942 123209 40986 142799 114357 56023 52094 77278 25543 106838 124731 17549 14529 70974 58726 56310 44249 65674 114343 35588 96211 55670 28415 127801 88900 79252 76710 128849 23693 76437 42801 60619 50083 76996 75090 101421 76763 109840 12922 29036 104543 93749 21947 29316 74745 92867 141006 93801 81235 23706 139122 111321 102249 24503 65121 107250 133055 111411 50460 54353 53917 103993 81064 90210 13851 91562 89964 79604 78332 47810 77099 94587 71161 49969 96770 101004 144372 86494 133691 84035 34970 29863 39506 105477 66717 113205 58557 8453 16144 45435 23336 101494 47776 125712 49912 119344 115765 89664 155218 28516 127540 31188 87592 132957 61781 24364 72307 32045 50284 162020 137110 110477 66597 86342 29018 0 49699 23546 35823 108545 39499 31275 90928 22222 90024 45622 86286 34508 111969 126807 83069 21868 110916 133288 82460 71567 123631 107772 71352 24727 125762 103380 47169 65228 42437 38119 57360 64056 116406 22085 130009 76583 15529 46894 109765 59504 8899 60283 86537 78526 54934 67231 55817 72731 156890 123201 58715 65889 101254 68936 25398 76961 40310 93395 18331 122558 157554 98287 52238 119745 106137 114550 80139 19095 116512 115049 90000 80892 17960 71856 119972 117309 50728 41495 56023 86345 63223 68396 23211 124731 30674 60875 88900 79252 53917 40724 95279 88574 74745 28415 42005 84035 50083
25997 72758 100182 19079 102440 110441 119269 22799 98293 30797 32837 107346 72177 94936 77480 81342 20525 49581 46696 100894 114252 38122 58133 103400 9561 90733 17168 16466 95781 21290 120170 92859 72629 104350 60898 59663 56681 95279 45959 46030 82729 94891 74064 59080 25624 78393 55639 78129 58916 58042 72867 73138 56372 22107 55160 57197 116702 78876 105958 40097 109001 80387 58547 50586 37370 77517 100757 76627 86251 85738 34481 65067 58882 81195 60705 52090 60795 47258 114957 48675 51431 70887 98431 79271 66586 58565 113704 73706 90503 44650 52281 23703 10566 63483 29361 76041 10061 41337 57153 50816 48278 69100 54974 108253 6641 86510 92505 52296 136834 43068 108085 51741 104221 126534 90913 70825 85815 58716 55386 114442 125165 100956 28547 37088 69767 49699 0 55395 70468 72480 44947 22618 48991 70364 42229 45446 52487 37991 67223 103900 52386 61964 73727 86365 99464 40584 129557 60643 33888 47302 105711 70899 67123 19821 62565 66570 64318 68786 96110 32521 113137 34551 34714 52336 88859 71487 41096 11434 43163 46508 6796 19693 35907 36017 136512 113216 12205 16220 82397 27729 25074 103853 48300 102434 45794 101318 140040 62646 37149 73408 57642 81738 98780 44488 73451 136742 58650 106683 40951 22730 79896 83871 25997 63172 81342 116183 97544 59331 26507 114252 35584 19079 60898 59663 34481 22799 65774 44979 55160 72629 90941 44650 74064
44421 77690 110574 59284 139638 56877 133193 55802 45902 29118 28162 103765 19012 139986 103890 33012 48458 65562 9923 85368 103815 18348 12668 50807 62405 36771 42862 68628 96060 35024 73777 37952 19954 110687 75954 63837 61790 115984 9844 66093 27345 41125 26691 61198 77851 85409 62283 96999 15851 5491 92015 77353 2506 41795 59911 83232 123785 75398 58725 15489 124283 98034 96851 5605 81199 93656 119415 99992 71826 33175 43761 95316 66481 70218 17342 84161 77438 69743 60635 69341 64504 79326 49069 27768 84112 94770 129612 67908 126451 77328 14261 31694 47615 98652 61507 102960 61578 26203 39073 26592 7429 89518 27526 106666 58329 106536 99065 81240 135730 14854 109063 10536 64112 111012 39998 21259 48836 8552 30273 158413 116272 89730 61769 87927 15230 23546 55395 0 15523 97968 23130 32797 85116 23953 97613 29353 76338 22924 122267 109532 71977 9250 100813 129517 58968 62281 100225 116037 65330 8941 107538 91315 23706 64849 19173 14980 35640 42273 98618 23204 110658 72352 31132 27586 92493 36527 23321 66829 82091 68651 58366 68147 45228 66086 137970 102205 60281 70008 83721 65369 37802 54902 22148 69990 10085 104851 137776 88187 40631 115789 105401 101972 56728 41584 109863 92389 78481 58625 15059 74126 111114 104895 44421 18074 33012 65434 43829 50413 33858 103815 22091 59284 75954 63837 43761 55802 82433 84100 59911 19954 42143 77328 26691
56753 81989 114240 72625 149221 41438 136969 71207 30927 42359 43494 103834 6090 151543 111891 21515 61552 73889 23854 82838 101812 33871 21593 35675 77020 21351 56892 82980 97685 49633 60490 22483 15723 113247 83007 69446 67927 122109 24510 75261 13394 25724 17631 66607 92013 89633 68755 103518 24157 12533 98884 81486 15459 57272 66222 92231 126017 77510 45602 30374 128709 104195 107780 19884 96608 99688 124893 107447 78809 18545 54333 104574 72662 70520 24488 94375 84741 79050 45112 83306 72283 84417 35390 14537 91107 105336 134027 70119 135999 88074 21852 46845 63033 108846 73451 111120 76072 40439 49370 32661 22216 96842 31519 107173 73679 112875 102275 90986 135256 28067 110193 20198 53839 107097 25974 20658 41569 12800 34078 169475 114185 88290 73861 101632 9868 35823 70468 15523 0 106020 32420 47863 96092 25218 112592 37478 85361 35282 137543 111949 80445 14112 109106 140749 48899 72226 92215 131045 76781 23182 108983 98530 19489 78404 17978 8180 35607 41326 100727 38631 110717 84349 46079 32873 95294 32913 37871 81879 93751 77993 73008 81996 55445 77224 138160 100106 74472 84591 86501 77834 53246 41167 30031 62483 25608 106912 136907 96772 50646 127093 118131 108574 46115 54828 119955 79404 86441 45145 30580 88221 119969 111554 56753 16203 21515 50727 28421 54362 49342 101812 35804 72625 83007 69446 54333 71207 89341 95703 66222 15723 36500 88074 17631
57994 32570 34344 53589 44917 130654 48226 95271 118440 72302 94074 54995 103212 56545 5922 100788 58064 32415 88758 66756 67789 91157 108362 122617 64853 117033 66326 60692 43717 74036 122206 121998 117571 41543 23531 38308 38939 22990 89759 32251 118891 119481 96164 41164 57792 29252 37795 11440 110868 96176 10795 33536 100306 90825 40365 15874 50475 44057 113741 86533 38007 13942 24001 92638 103899 15453 28839 4883 155027 110295 55055 9666 34478 54273 112818 20811 21561 28946 136944 121129 33752 27889 112490 104441 16192 20573 42131 47111 32252 27872 85039 79912 80629 17643 44139 5127 63485 102334 121825 73374 91708 10283 74726 53171 78173 15274 34007 20228 74724 83926 50071 87982 101543 82468 110445 119191 88042 94243 72378 69757 73525 61175 44696 52538 111942 108545 72480 97968 106020 0 74949 78625 25665 121386 76710 69030 22260 76030 98489 41992 26005 107216 3516 45290 99350 36979 102666 86584 39262 89860 47509 9347 89540 53127 88709 98171 74363 72020 41009 86510 57497 38240 98423 73166 36326 81483 100231 71450 31959 30029 65895 55045 53307 37357 72199 67840 60447 63713 37830 44757 91788 115362 76560 89868 93831 42700 78539 10318 57581 35733 45120 11464 101191 112383 21796 131036 19595 115674 91614 57026 15132 12391 57994 90410 100788 127845 121282 54073 90569 67789 78772 53589 23531 38308 55055 95271 17963 30948 40365 117571 140035 27872 96164
25223 55261 88161 41853 117231 67516 110639 54795 54889 14217 32755 83716 31393 119134 80869 37012 30801 42535 14822 68356 85680 23545 34531 59960 49050 48974 28458 53967 74945 24331 75237 52452 42629 88822 52825 41034 38842 92888 16347 43344 45799 52701 29897 38504 62291 62934 39253 73883 37412 21351 68886 55007 25544 41317 36933 60466 102007 54343 61033 16157 101531 74952 75367 18076 78498 70599 96408 76887 89946 43040 21916 72688 43490 50899 39235 62074 54309 47072 72714 75370 41391 56561 53863 36378 60983 72968 106849 47004 104013 55665 10572 25297 41169 76572 41304 79971 47742 37008 55421 7065 17699 66396 10929 86220 50013 83427 76950 58839 115720 10987 88121 13057 60013 94792 47042 44386 41845 19815 12475 137067 97970 71397 41792 70888 37104 39499 44947 23130 32420 74949 0 25438 63673 46950 85016 6387 53563 7885 111230 87757 49003 32365 77854 108329 55081 39951 89927 103313 44429 15882 86395 68189 22576 47820 18614 25626 21412 27440 77144 22897 90511 52154 37674 8792 70672 27270 33895 55560 61406 45993 45333 51850 23044 44817 117424 84206 45340 56218 62035 45978 38630 59126 3374 60648 21489 83336 118072 65287 18257 94674 86203 78849 54114 52283 87727 92079 55415 61814 21848 58435 88345 81768 25223 19688 37012 71707 55183 28928 34750 85680 12204 41853 52825 41034 21916 54795 59306 63341 36933 42629 65088 55665 29897
20855 68956 100224 29689 115332 88147 121434 29499 76200 12254 15480 101620 49755 111780 84304 59875 21005 48975 24162 90195 105991 16257 36652 81292 29878 68302 12985 36415 91226 4590 99773 70282 50604 102736 61004 54310 51415 99927 23353 47225 60141 72509 52587 52692 45828 75915 50989 81234 37937 35475 75840 69038 33855 16823 49520 62772 115783 71817 85166 17489 111524 83005 70995 27978 53132 79268 104606 81884 76626 63526 26554 73358 55086 71229 39850 60683 61698 49979 92510 51903 49510 68568 77018 57176 68371 69831 116632 65291 102554 53066 30672 1417 16130 74372 35650 83067 29232 24038 43239 32267 25662 72496 36316 103385 26128 90532 90539 59131 132916 20898 104289 29588 85361 116640 69069 49362 67270 36305 37508 130900 117819 91915 35460 56535 47362 31275 22618 32797 47863 78625 25438 0 59744 49540 64819 28258 56498 17618 89719 101963 54059 39709 80745 102104 80379 41945 114703 83250 40394 24723 102196 74396 46077 34366 41221 44251 46634 52230 92524 10458 108056 45318 19845 33968 85437 52693 22437 34046 55265 48948 25841 36880 28546 41920 133654 104697 28523 37466 77620 37663 15348 82600 28505 85867 23369 98379 135709 68306 26653 88521 75521 85669 79244 34411 85340 117107 61025 85688 18701 42260 89257 88274 20855 41590 59875 94584 75180 48086 12658 105991 14022 29689 61004 54310 26554 29499 67068 57301 49520 50604 70149 53066 52587
41114 43786 58688 31229 55609 127338 73888 71628 114601 56650 75014 74961 94651 55571 29616 96128 38836 27194 75271 80012 86088 74423 93623 119309 40510 110951 46775 35610 62802 55346 125023 115163 105058 65014 28729 40040 38708 48440 75808 23439 109463 114123 90197 42024 32129 44969 37049 34711 95671 84661 30625 44663 87173 69218 38994 15122 75299 54884 114083 71419 63672 37369 11738 79522 78413 36401 54432 30434 134181 104453 41774 16752 36366 62989 97654 6182 26948 19999 133239 97095 30216 39470 110506 98011 28333 10088 67752 54387 42822 8119 74244 61139 58208 14763 24273 28090 39349 83746 102475 64513 78059 27009 67135 74136 54090 40882 55242 10415 98724 70297 72046 76337 105016 100503 106390 105573 88672 83443 65439 73420 94011 76342 24335 27637 100100 90928 48991 85116 96092 25665 63673 59744 0 106935 52092 58952 17151 62195 75710 65138 22492 94078 25918 44659 101731 24440 115178 64103 19910 76322 69442 28200 82856 29172 80618 89039 70420 70421 61242 69082 78872 14779 78777 64912 54921 78495 82157 46413 6338 20711 42211 30244 40661 19030 96782 85716 36789 38438 52590 22394 70890 114447 66166 96296 78880 64560 102416 18293 45465 31040 27583 36674 102758 91570 25596 136971 22771 115681 75653 31497 30906 38014 41114 82106 96128 127452 116312 52563 70447 86088 63708 31229 28729 40040 41774 71628 28821 5351 38994 105058 126842 8119 90197
65821 101614 134476 78798 162129 58232 157118 62944 51239 50299 37817 126768 31300 160777 127303 46456 68753 89067 32635 107034 125844 33365 13314 54969 78871 40668 61815 85660 119558 53143 82879 38262 10388 134431 99729 87788 85721 139834 31651 89272 25244 44532 42798 85151 95123 109336 86185 120816 11603 27411 115779 101263 21473 51213 83833 106343 147480 98959 68603 35529 148235 121902 118588 28900 87142 117546 143335 123592 54058 41084 66581 118217 90401 93179 9709 106574 101156 92821 59588 67391 88173 103279 58104 39068 107873 116826 153564 91463 149020 99429 38089 48163 60657 120952 82804 126318 78453 30367 28879 50484 29680 113187 51083 129840 71358 130366 122900 103976 158577 37467 132448 34471 78634 131856 48788 4727 66750 30315 53846 179631 138285 112010 82903 106028 15365 22222 70364 23953 25218 121386 46950 49540 106935 0 111627 53246 99490 45453 134078 133246 95386 15052 124130 150717 73808 85116 117379 129579 87026 31532 131013 115005 43367 83807 40224 31774 58056 64408 122245 39133 133675 93366 37508 51394 116251 57061 29647 81383 103306 91724 74916 86419 68210 88041 161087 124176 78032 86299 107455 85980 47164 63533 46101 87701 28062 128480 160451 111448 63814 137013 124968 125765 70871 39156 132157 101845 102020 67714 31515 91662 134137 128671 65821 38634 46456 70633 46822 74224 44426 125844 43297 78798 99729 87788 66581 62944 106215 105346 83833 10388 20637 99429 42798
61296 93137 110625 45131 86800 151978 123968 52164 139588 71540 73818 126353 114016 70022 79270 122016 55045 71106 88756 127632 136560 80241 99928 144693 36025 132529 56703 31355 114122 63033 159031 134898 114637 117099 78158 84557 82109 98125 88108 66421 124954 136604 114845 85344 24969 95911 80561 86667 100428 100110 82716 93871 98599 60737 81370 66812 127087 102815 145512 82259 114071 89343 53682 92734 40483 88490 104358 81593 116095 127254 68474 67081 81991 108660 102120 58116 76893 65052 156729 68950 74076 89481 138853 120681 79846 56437 117537 100084 78542 54475 93536 65928 51062 60487 51807 77749 37277 81584 93848 89842 90450 79087 93820 125853 40276 91884 107200 61489 150793 84873 124009 93435 141387 150543 131935 112503 123146 100598 93568 88723 145369 125379 50777 24459 111961 90024 42229 97613 112592 76710 85016 64819 52092 111627 0 83926 66355 78953 26803 117230 69844 104110 75981 65707 137026 62988 160638 18459 52987 89411 121411 80290 107590 39527 103400 108312 101750 104835 112924 74715 130659 46389 74505 91121 106294 109631 81988 30798 46569 65000 39892 34994 69000 54669 148708 135978 39823 28820 102694 46380 64629 144017 88374 136786 88012 116544 154498 70383 72295 57042 37587 88119 136905 79837 65306 174345 73087 146488 83143 28421 75969 89004 61296 104215 122016 156704 139221 90938 67201 136560 77208 45131 78158 84557 68474 52164 80009 46830 81370 114637 131956 54475 114845
22852 48879 81775 39617 111770 70138 104253 57721 57373 16089 37695 77702 35701 114519 74941 39022 28950 36664 21206 63172 80108 29179 40908 62355 48338 52419 28370 52605 68730 26169 75259 56342 48593 82481 46649 34655 32492 86632 22706 37801 50733 55888 32295 32117 60394 56548 32940 67658 43798 27151 62708 48630 31797 44830 30593 54834 95672 48182 61586 22033 95155 68681 70558 24419 80530 64307 90090 70831 96013 46156 17708 67141 37158 45204 45617 56954 48186 41581 75626 79506 35349 50181 55294 39553 54813 67981 100474 40906 98547 50866 16015 28417 43120 71398 37604 74084 46883 42663 61424 6066 24087 60300 9896 80119 51035 77189 70586 53511 109668 17209 81922 19041 58776 89672 49302 50575 40370 25266 9942 132177 92321 65837 38213 68254 42912 45622 45446 29353 37478 69030 6387 28258 58952 53246 83926 0 47945 12133 110449 81427 43186 38550 72000 103571 54041 34816 86447 102016 40244 22268 80162 62073 24787 45598 21818 30129 18937 24053 70864 27729 84464 48258 42710 7199 64345 26099 39619 55431 57136 40521 44871 49853 18431 40391 111270 78675 44109 55145 55737 42631 42557 60249 7542 57836 27784 77045 112078 59514 13689 89991 82488 72643 53477 57587 82487 91378 49452 62588 27795 56554 82658 75574 22852 23222 39022 73104 58250 22794 38889 80108 16709 39617 46649 34655 17708 57721 53118 59014 30593 48593 71104 50866 32295
35775 27157 48046 33430 63872 113344 66834 75005 100763 50077 71911 60089 83077 69208 28085 82529 36243 11878 66927 63076 70285 68910 86375 105271 46071 98141 44443 43402 47863 51909 108962 102764 96126 53017 11967 23221 22274 43670 67840 10245 98500 100977 77176 25450 43371 29595 20678 25699 88813 74910 20390 27977 78620 69337 22910 6903 64754 37898 98672 64412 56597 27905 25992 70913 86689 25138 48737 25392 133043 91482 32957 19216 19403 45838 90774 11836 10543 6709 119438 100991 14371 23196 95886 85290 14519 22433 61410 37242 50655 11921 63910 57765 59676 24575 23197 26977 44489 80108 99640 52804 69860 16664 54711 59842 58649 34475 41900 7185 86463 62036 58486 66614 88706 84450 92595 97468 72994 73191 52624 85540 79060 59769 23955 42331 90667 86286 52487 76338 85361 22260 53563 56498 17151 99490 66355 47945 0 54047 91315 52810 5758 85561 24726 57815 85664 14719 98068 80003 18606 68025 55936 18505 70132 34490 68648 77763 56207 55266 46962 64251 64714 20977 76331 52840 40103 63988 77980 53603 20537 7803 46295 37520 31282 16470 85363 69769 41044 46771 36447 25339 70032 99458 55472 79416 71760 51183 89953 12032 35730 45010 44685 29618 86915 90494 35150 120294 6864 100386 69418 41407 34791 32027 35775 70275 82529 112349 102994 37015 68608 70285 56625 33430 11967 23221 32957 75005 14155 21076 22910 96126 118480 11921 77176
21653 59391 92055 37360 116894 73042 114246 46914 60641 7418 25562 89464 35532 117122 81938 43367 26271 43879 13095 75300 92196 17406 32338 65747 42939 53824 22291 48366 80123 16914 82512 56711 42863 93315 55035 44752 42246 95206 13820 43844 48548 57789 36103 42490 57113 66917 42364 76135 34854 23029 70950 59248 24992 33452 40283 60892 106519 59758 68094 10912 104841 77442 73929 17327 70738 73243 99118 78412 84563 48335 21132 72786 46668 57265 36796 61355 56283 47370 77920 67693 43281 60134 60441 41737 63076 71880 110119 52623 103736 54433 14602 17428 33512 75820 38658 80923 41773 30791 49932 14886 15946 68148 18813 91742 42713 85692 81262 58588 121348 8119 93333 15118 67749 101797 53067 43612 49659 22549 20259 135496 104374 77932 38963 66417 38004 34508 37991 22924 35282 76030 7885 17618 62195 45453 78953 12133 54047 0 104845 92338 50072 31920 78718 106607 62778 39682 97729 97358 42410 14163 91481 70000 29139 43182 24600 29718 29276 35195 82042 15597 96172 49537 30578 16613 75322 35083 27836 48931 59210 46273 39068 46901 22765 43167 122757 90774 39743 50331 66884 42731 30847 65868 10887 68525 17873 88162 123841 66025 18487 92881 82967 80981 61699 45486 87036 99617 56819 68751 16562 53281 88689 83826 21653 25300 43367 78208 60371 34564 27033 92196 4583 37360 55035 44752 21132 46914 61495 61212 40283 42863 64810 54433 36103
87961 118418 132831 71924 98345 177644 143657 71775 165419 97475 96751 150668 139398 76627 100020 148134 81679 97136 113872 153582 161536 104346 123222 170528 62209 157954 82784 58037 138496 88460 185656 159993 138169 139846 103266 110736 108392 118142 113055 92444 149458 162113 140908 111677 51678 120518 106811 109232 123334 125194 105863 119204 123022 82921 107752 90810 148798 128565 171996 107193 134253 111906 74541 117671 52053 111685 124371 103299 130068 152927 95251 88875 107977 134883 124883 81889 101818 90758 182178 81600 100176 114499 165088 146424 104018 77930 137104 126245 93068 79412 119335 90703 74774 81178 78458 98579 63594 103711 113117 116304 115328 102458 120329 149808 63964 113151 130785 85755 173212 110287 147535 118949 168159 175764 157912 135484 149892 125936 120171 92524 169720 150931 77441 49044 136060 111969 67223 122267 137543 98489 111230 89719 75710 134078 26803 110449 91315 104845 0 140151 95303 128070 97137 76272 163770 89343 187075 11954 79352 114441 144929 103432 133757 66329 129418 133790 128454 131622 136935 99093 154506 72299 96570 117629 130617 136281 104617 55968 70912 90813 65899 61797 95798 80921 170568 161063 66372 55322 127751 72969 87026 170341 114601 163558 112397 140038 177022 93656 99046 71815 54529 109924 163600 99038 83248 201111 97831 172914 107432 55202 94706 110339 87961 130143 148134 182922 164764 117671 90155 161536 102752 71924 103266 110736 95251 71775 104404 70759 107752 138169 153871 79412 140908
82029 33125 9306 85293 72052 123312 26722 125549 113100 91871 116029 17696 107290 92048 41921 98920 85026 54505 102525 40746 31410 109662 121840 115991 98474 115502 92331 96195 14893 97694 105608 121205 126521 1604 43014 47894 50674 29723 104102 57870 122645 116516 97075 49921 95790 26074 50990 30931 124867 105861 34515 33163 112037 117414 52615 50671 14262 34455 102058 103104 22264 28265 65929 105299 139327 28744 26323 37401 176814 109119 75410 51416 46880 42287 126591 59146 43278 56913 129731 151280 53116 33532 104765 104937 38320 62333 26460 41906 63735 63805 95272 102928 109476 59631 74821 43099 96818 122762 142212 82997 105323 38161 82164 13985 110360 29057 11488 56132 33734 98623 9262 99038 86196 44914 106344 129836 79643 103070 79401 99740 33087 32928 75744 92773 120325 126807 103900 109532 111949 41992 87757 101963 65138 133246 117230 81427 52810 92338 140151 0 51667 118194 43964 82100 86139 63336 72125 128306 70788 103554 7344 36945 92654 87122 94165 103822 76344 70942 11296 106648 16878 73706 120984 81946 17086 80308 119979 106249 70808 57553 98212 90315 73417 68612 32658 32262 93219 99577 25812 77899 117055 105563 87754 71305 109210 5483 37337 46849 75747 75801 87109 30924 89068 136051 61526 108687 46044 104330 108849 94094 50761 31407 82029 95916 98920 115969 117504 59146 114616 31410 96411 85293 43014 47894 75410 125549 38702 70412 52615 126521 148421 63805 97075
33205 23307 47846 33633 68967 107730 67830 74481 95180 46668 69299 57337 77967 74921 31926 77003 34630 6559 62755 58485 66790 65573 82388 99655 46837 92738 42600 44990 45205 49498 103214 97435 91631 52044 8820 17589 16528 45934 63770 6853 93492 95508 71767 19733 46093 27008 14924 27181 84925 70290 21783 24028 74308 67801 17155 12040 64317 33335 92922 60664 57741 29030 31737 66635 87741 25564 50550 28402 130676 86057 29243 24403 13874 40707 86868 17501 8414 5281 113847 100416 8705 19943 90201 79925 14519 28191 62749 32041 55782 16212 59199 55261 58741 30248 23160 30984 45167 77248 96893 47803 65707 18486 49515 57468 58771 36493 40402 12898 85007 57933 56573 62053 82978 80699 87025 93191 67237 68448 47345 91100 76124 55636 24077 46265 86061 83069 52386 71977 80445 26005 49003 54059 22492 95386 69844 43186 5758 50072 95303 51667 0 81223 28851 63511 79914 12338 93102 84182 19205 63858 54088 20385 64803 35658 63495 72741 50623 49550 44769 61182 62379 23619 73882 47744 37670 58344 74970 54718 25130 5892 46562 39165 27429 17046 84324 66161 41554 48437 32971 26444 68167 93735 50728 73843 67909 49481 88374 16335 31599 50760 50074 31642 81157 88359 40659 114644 6976 94642 65854 43751 39525 34313 33205 65148 77003 106615 97493 31281 66441 66790 52947 33633 8820 17589 29243 74481 13480 25943 17155 91631 114069 16212 71767
53182 86631 119469 67504 148773 54216 142129 59361 44599 37707 31851 111843 19703 148727 113138 35172 56883 74812 18825 92558 111248 23869 7484 49139 69585 34504 50779 76048 104521 42529 74599 34271 11131 119380 85179 72924 70929 125177 18309 75316 21965 38839 30126 70253 85398 94355 71453 106208 10135 12378 101241 86267 6952 45943 69062 92452 132428 83913 59711 23319 133306 107219 105803 14671 84623 102828 128556 109239 65952 32546 52905 104509 75634 78250 10760 93259 86674 78954 57132 69598 73749 88382 49493 28558 93340 103797 138638 76416 135597 86350 23097 38467 53340 107735 70292 112206 68899 27296 35343 35502 16021 98760 36031 114871 64199 115739 107864 90400 143709 23802 117432 19582 67369 117750 40063 12025 53718 15358 38793 167273 123704 97310 70507 95787 8051 21868 61964 9250 14112 107216 32365 39709 94078 15052 104110 38550 85561 31920 128070 118194 81223 0 110056 138358 62334 71448 104983 122431 74234 17762 115980 100554 29279 72910 25626 18240 43219 49676 107195 29455 118748 81079 33568 36370 101202 42842 25102 73348 90891 77861 65546 75992 54407 75059 146139 109601 67903 77175 92405 73961 41803 55259 31255 74915 16387 113430 145639 97424 49841 124627 113761 111189 59720 40953 118950 93516 87731 59252 21042 81747 120328 114116 53182 24147 35172 64477 41471 59189 38218 111248 30600 67504 85179 72924 52905 59361 91655 92911 69062 11131 32943 86350 30126
60254 36063 35925 55000 41461 134085 48267 96525 121847 74790 96218 57597 106380 53166 3758 104146 60023 35339 91523 70022 70574 93594 111056 126044 65832 120349 68293 61373 46539 76164 125723 125285 120482 43410 26889 41711 42268 22583 92484 34876 122029 122831 99459 44556 57949 32579 41089 14139 113520 99127 14191 37026 103133 92539 43655 18050 51661 47516 117242 89134 38189 16440 22631 95447 104332 18506 28679 6645 156972 113615 57666 9213 37854 57759 115477 21684 24879 31435 140367 122290 36825 31393 115946 107726 19681 19552 42001 50625 28748 29095 88016 82053 82151 15966 45857 2340 64525 104564 123980 76447 94467 13795 77884 55600 79266 16033 36566 21827 76210 86663 52300 90901 105059 85236 113837 122010 91535 97244 75566 66244 75944 64322 46350 52051 114898 110916 73727 100813 109106 3516 77854 80745 25918 124130 75981 72000 24726 78718 97137 43964 28851 110056 0 41963 102865 39392 105904 85202 40963 92624 49767 12849 92787 54175 91876 101294 77704 75442 43675 88850 59814 39266 100490 76278 39289 84876 102526 72168 32257 32529 67071 55833 55961 39145 73431 70680 61608 64295 41140 46084 93635 118843 79538 93360 96470 45019 80062 12701 60318 32812 43296 13052 104701 114286 18685 134517 22676 119171 94141 57415 11632 13203 60254 93568 104146 131339 124649 57446 92543 70574 81350 55000 26889 41711 57666 96525 21441 31054 43655 120482 142918 29095 99459
85180 77503 72962 72424 22073 171081 75059 106732 158444 100700 116687 97861 139270 11484 42175 140095 81976 69607 119623 111976 111367 117654 137428 163014 76821 155308 89257 70092 87677 98013 165946 159654 149411 81123 65694 80108 79735 53272 120049 66838 154121 158349 134436 82673 61907 74533 78229 55720 139274 129252 56084 78479 131503 108344 80592 51782 85351 89160 156291 115381 67718 57642 33015 123913 104322 60365 58545 48024 172319 148739 86422 40365 76109 99154 141247 46991 63518 63061 177122 129592 72184 72731 153701 142380 60254 35809 68737 91498 19855 52710 118899 103521 96774 33269 68071 41570 76385 125552 143127 109053 122350 54975 111516 95234 89483 53405 77125 51048 110260 114665 91191 120945 145412 125861 150252 149644 130527 128086 109682 28925 115157 106137 67890 50762 144595 133288 86365 129517 140749 45290 108329 102104 44659 150717 65707 103571 57815 106607 76272 82100 63511 138358 41963 0 142762 68852 147828 65295 64204 120653 88865 54467 127191 68225 125152 133681 113932 113059 84397 112068 98878 57365 119797 109378 80841 121784 124394 79284 47476 63999 79928 66907 85319 63579 105974 111660 75266 71350 83101 64754 110862 157233 110819 134580 122790 84509 114192 49414 90123 13731 29943 53039 144253 130843 23842 175818 59932 158059 119224 63977 31900 51532 85180 126670 140095 170081 160459 94775 111304 111367 107807 72424 65694 80108 86422 106732 61800 45450 80592 149411 170909 52710 134436
75865 67350 91963 91940 143937 38198 112853 109305 30781 69198 84126 72188 42871 154244 104253 27397 82172 74556 60583 47083 64790 73466 69508 31945 102086 37896 82411 105737 71460 79388 23305 43347 63654 87710 77104 62717 63391 106832 62368 78388 51647 36595 32419 60270 112624 73000 64991 91934 72425 53496 89219 66446 60524 95351 62846 91128 98229 57149 15931 66601 107291 91310 111651 59373 133511 87080 107197 98487 127691 34067 68580 102453 66702 46695 73064 97352 79279 81733 44412 127221 71600 71741 21117 34748 83269 108074 112110 52448 131577 94131 51152 80091 96246 109686 86929 104145 100549 84630 97442 48712 61348 89073 44546 76361 104895 99387 80180 92804 99487 61177 80810 53843 5163 65072 27369 69114 13880 50634 44102 168999 75849 54650 87819 118719 58540 82460 99464 58968 48899 99350 55081 80379 101731 73808 137026 54041 85664 62778 163770 86139 79914 62334 102865 142762 0 78795 44045 154684 87683 60816 80654 90101 36031 97708 41134 44462 35394 32435 75490 75554 78257 95944 88262 47148 73071 27983 81530 109409 102478 81044 98772 102192 68189 86862 103903 63019 97515 108542 65966 92495 92099 19996 51900 17213 66695 80659 100077 93407 64730 130506 128737 96537 3528 100376 119131 37396 82836 18223 70408 108901 114465 99316 75865 41610 27397 29906 36333 49231 87995 64790 66528 91940 77104 62717 68580 109305 81569 103912 62846 63654 79279 94131 32419
21131 32682 59994 22401 77377 102950 80168 62354 90198 35405 57297 67400 70470 79918 42795 71710 22295 9160 52690 64862 75581 54205 71929 94935 35903 86534 30277 35183 55555 37364 101945 90809 82184 63817 20398 21675 19130 57991 53501 5560 85531 89686 65758 22358 38217 37863 17611 39433 74298 61237 34028 33182 64496 55464 18409 21373 76324 40582 90357 49854 70075 41345 35856 56777 76747 37897 62772 39996 118562 80021 18559 33104 19588 45686 76266 22149 20533 8065 108821 88237 11582 30396 86319 73596 26855 33171 75070 37162 64179 16330 50477 43183 46492 36629 12242 41664 34165 65424 84992 40205 55593 30589 42715 68000 47091 48626 51924 18960 96290 47749 67595 52892 82452 88854 81987 83260 65347 59755 40998 97375 85752 63280 13288 41179 76908 71567 40584 62281 72226 36979 39951 41945 24440 85116 62988 34816 14719 39682 89343 63336 12338 71448 39392 68852 78795 0 97732 78865 10003 53779 65190 32487 58429 25575 56300 64942 46218 46784 55643 49534 72909 17560 61790 40533 48410 54371 63270 44065 23864 7012 35120 29653 17058 8493 95931 74751 30441 38652 42484 16920 55864 90430 42196 75375 57247 60752 99538 26728 21744 55366 50150 43758 79518 76138 47777 115023 19201 91858 54770 35243 49026 46334 21131 57825 71710 103470 91871 29784 54220 75581 42047 22401 20398 21675 18559 62354 25765 25471 18409 82184 104390 16330 65758
103692 71988 80778 116934 142300 77111 95783 144162 73332 102518 122109 54472 86126 158877 105736 70992 109652 90212 99526 35942 41282 111886 111795 73048 129409 81620 112706 131107 61381 112436 48312 86830 107392 73645 86552 76508 78725 100319 101433 94870 95690 79803 74911 75414 135718 73483 80332 92151 114862 94778 91938 71042 102128 131137 79323 101103 79175 60434 54880 104460 94112 90379 122069 99396 166274 87463 98085 99825 170870 78107 95276 109277 79585 52464 115728 109442 88475 97005 82244 165206 87105 76675 63755 78511 89222 118099 97619 61165 132063 109292 89635 114818 129183 117848 108917 106268 127676 124385 139288 82866 100987 93610 79126 58487 135820 96097 72267 104851 69896 98722 63605 93046 39768 32007 71227 112734 51416 91673 77472 169656 46648 41846 109964 138577 102022 123631 129557 100225 92215 102666 89927 114703 115178 117379 160638 86447 98068 97729 187075 72125 93102 104983 105904 147828 44045 97732 0 176497 107725 100030 64888 93778 76519 121815 81195 86755 68576 62546 65259 112576 57491 114941 126762 81137 67316 64439 121181 137549 118223 96777 126935 126277 94082 106167 75739 40121 124107 134395 64904 114271 128556 60485 87407 30238 106391 67562 68978 100932 92409 138079 142480 95288 47329 140296 124448 41684 92671 56902 109234 132476 116236 97294 103692 82164 70992 63955 79066 70659 124665 41282 102130 116934 86552 76508 95276 144162 88048 119024 79323 107392 123243 109292 74911
79257 107153 120928 62784 87336 170396 131725 68764 157978 89941 91836 139049 132470 66554 88071 140324 73071 86344 107212 142610 150093 98565 118096 163080 54419 150979 75085 49429 126903 81491 176921 153356 132878 127983 91970 100017 97774 106192 106555 81665 143371 155045 133177 101097 42066 109015 96165 97379 118494 118566 94085 107959 116995 78460 97235 79223 136861 117508 163578 100703 122305 100050 62618 111181 52546 99905 112423 91385 130421 145677 86120 76984 97118 124149 120149 70285 90458 79784 175173 82228 89425 103140 157098 139094 92436 66038 125174 115475 81536 68147 111950 84345 69226 69239 68453 86633 55619 99369 110578 107978 108893 90720 111910 138111 58377 101211 119040 74252 161307 103329 135765 111885 158938 164397 150288 130607 140812 119055 111553 83408 158092 139734 67469 37989 130314 107772 60643 116037 131045 86584 103313 83250 64103 129579 18459 102016 80003 97358 11954 128306 84182 122431 85202 65295 154684 78865 176497 0 68938 107863 133160 91658 125887 56976 121754 126761 119554 122351 125262 93083 142785 61557 92246 109215 119022 127524 99936 49209 59509 79901 58318 52504 86504 70386 158632 149659 58007 47100 116380 62890 82444 162207 106661 153685 106394 128269 165123 81923 90034 60144 42598 98010 154688 96472 71348 191900 86423 164604 101505 45784 82783 98402 79257 122596 140324 174949 157659 107721 85205 150093 95660 62784 91970 100017 86120 68764 92876 59249 97235 132878 149771 68147 133177
21205 41719 66514 14824 75339 109915 85390 56478 97121 36742 55830 76255 75725 74814 44644 78611 19396 18490 55453 74787 85015 54622 73714 101988 27691 92650 27596 25910 64218 35891 110670 96563 85249 71112 28011 31618 29123 61710 55944 13964 90175 96050 72256 32361 28259 46135 27587 44246 75775 65093 38978 42310 67348 51587 28406 23568 83153 50303 98590 51509 75132 46499 31594 59728 68554 43702 67030 43113 116086 86322 22604 33086 29297 55678 77758 20291 27524 13924 115596 82457 21281 38888 93919 79755 32874 29846 79876 47131 62386 12687 54951 41760 41422 34166 4894 43303 26052 64426 83517 46088 58213 35214 49147 76562 40049 52757 59584 19136 104204 50486 75770 56815 91525 98497 88944 85679 74047 64038 47812 93086 94860 73002 5451 31438 80391 71352 33888 65330 76781 39262 44429 40394 19910 87026 52987 40244 18606 42410 79352 70788 19205 74234 40963 64204 87683 10003 107725 68938 0 56493 73290 37021 64786 16470 62062 70013 54059 55372 63935 49378 81477 8330 59871 46722 56794 62277 62669 35514 16977 13411 27706 20170 21836 2178 103440 84250 22516 29378 51537 7314 52697 98305 47138 85020 58971 68685 107579 29121 26556 50484 42419 47947 88208 73379 45290 124270 24943 99981 55775 25394 48896 50180 21205 63448 78611 111353 98358 39165 51753 85015 43806 14824 28011 31618 22604 56478 32205 18922 28406 85249 106952 12687 72256
35513 71141 104042 50374 131048 63628 126516 50104 51971 20177 23435 98946 25182 131085 95779 36919 39522 57536 1104 82111 100064 12759 18739 57018 53906 43666 34069 59992 90550 26492 77760 45561 28759 104639 68299 56892 54649 108460 1600 57791 35828 47919 29870 54381 69143 78815 54996 89411 21552 10754 84327 70881 10855 35903 52724 74896 117812 69889 62795 7273 117376 90572 88050 3424 75309 86267 112118 92068 74991 39195 35220 86872 59260 65703 23402 75516 69682 61379 67841 66407 56682 72419 53807 33098 76424 86034 122689 62473 117883 68588 10452 23758 40225 89983 52612 94804 53008 24356 40871 20958 1857 81683 23062 101608 50705 98971 92804 72712 130978 6045 103686 7043 65971 108245 45273 29482 49273 11901 25608 149559 112464 85828 52860 79094 24169 24727 47302 8941 23182 89860 15882 24723 76322 31532 89411 22268 68025 14163 114441 103554 63858 17762 92624 120653 60816 53779 100030 107863 56493 0 102022 83509 24796 55973 19682 19920 32716 39394 92859 16152 105791 63441 27446 22319 86469 35591 21155 58704 73205 60283 49882 59335 36778 57300 132881 98521 51569 61495 77791 56433 32190 59563 15930 69920 6481 99068 133211 79954 32309 106922 96464 94333 59002 40270 101199 95923 70490 62998 9600 65392 102740 97223 35513 19335 36919 70928 50607 44531 28078 100064 13164 50374 68299 56892 35220 50104 74786 75219 52724 28759 50651 68588 29870
82814 33399 16534 87469 79310 118225 32580 126872 108389 91605 115793 10417 104091 98977 48029 94911 86281 56132 101024 34429 24068 108882 120008 111068 100840 111325 93246 99026 11483 98063 99480 117078 123871 8791 45279 47889 50808 36926 102674 59878 119200 112115 93532 49581 99265 27328 51357 36163 123089 103605 39075 33222 110035 118057 52683 54602 17701 32163 96584 102084 29284 33579 71189 103560 141767 33256 33665 43131 176038 105072 75732 56666 47483 38582 124755 63334 45877 59369 124612 152377 54383 34825 99806 101204 41719 67471 33151 39637 70760 67369 93300 103084 110674 65108 77044 49111 99143 122160 141407 81210 103747 42491 80026 6652 112259 35545 14211 59969 31133 97355 2606 97134 80419 37650 101893 127433 74981 100717 77271 106993 26362 26565 78012 96977 117653 125762 105711 107538 108983 47509 86395 102196 69442 131013 121411 80162 55936 91481 144929 7344 54088 115980 49767 88865 80654 65190 64888 133160 73290 102022 0 41502 89548 89745 91414 100931 73451 67705 9704 106211 10089 76911 120801 80043 16927 76780 119284 108794 74847 59899 100295 93172 73765 71133 31463 24940 95476 102455 24674 80527 117441 100306 86114 65318 107881 4891 34350 51289 75670 82074 92534 36869 83692 135924 67765 101930 49077 98877 107853 97339 57285 37699 82814 93139 94911 110342 112974 57500 114796 24068 95706 87469 45279 47889 75732 126872 41808 74621 52683 123871 145480 67369 93532
53546 23224 30718 51821 53953 121850 48371 93483 109745 66959 89674 47910 95436 65783 14264 92299 54565 26162 82406 57837 60109 85859 102178 113836 64129 108692 62689 60849 36119 69824 112906 113767 110650 36816 15524 29793 30781 25550 83535 27180 111198 111009 87930 32687 59385 20303 29816 7235 104809 89174 2435 24191 93710 87734 32374 14257 47459 34748 104601 80732 38113 9631 30125 86124 104318 8256 30318 8988 151022 101947 49478 15947 26142 44930 106732 22268 13887 24555 128173 119468 26832 18544 103580 96232 7477 26259 42905 37791 41477 27667 77984 75613 78177 24688 41684 14049 62610 97630 117278 66022 85366 1900 67059 46591 76972 16140 27411 19710 70535 77690 44107 81112 92239 74775 101813 112573 78955 87076 64607 79087 66802 52566 42418 55836 104882 103380 70899 91315 98530 9347 68189 74396 28200 115005 80290 62073 18505 70000 103432 36945 20385 100554 12849 54467 90101 32487 93778 91658 37021 83509 41502 0 81498 52412 80966 90563 65984 63301 33916 81545 51184 38023 94233 65675 28409 72876 95337 71357 33976 25536 64602 55010 47608 34917 68728 60015 59274 64092 28875 43452 88299 106330 69535 80522 87873 36611 74218 9907 51536 44317 51547 11273 91988 108625 30768 121695 13412 106557 86030 58028 24376 13936 53546 82694 92299 118737 112741 45620 86706 60109 73088 51821 15524 29793 49478 93483 9279 33494 32374 110650 133170 27667 87930
47341 63457 95256 64116 133711 45354 117950 74055 32601 36371 48174 84350 14664 138328 95300 14443 53186 58308 24604 63712 82599 37495 35554 37610 71609 28117 50975 76524 78289 46011 53755 32635 34865 93976 66108 51845 50724 104156 26359 60476 30323 31301 7508 48951 84732 70994 51771 85952 38699 18267 81602 62887 25645 59926 49199 76825 106663 58273 39090 30855 109933 86402 94253 23399 98826 81862 106585 90483 95019 21601 42430 89206 55363 51046 39780 80229 67999 64290 50861 91194 56251 66243 31346 15193 74021 91396 115229 50958 120556 74738 15582 45550 62205 94408 62352 94667 70315 48694 62773 18771 25324 79914 15726 87686 71786 95113 83200 76385 115824 25721 90730 17874 41190 88549 24589 39177 25141 15155 17535 155475 95015 68934 62982 92960 28691 47169 67123 23706 19489 89540 22576 46077 82856 43367 107590 24787 70132 29139 133757 92654 64803 29279 92787 127191 36031 58429 76519 125887 64786 24796 89548 81498 0 70104 5128 11698 16426 21853 81400 39966 91235 72913 52239 18066 76137 13696 45564 77965 81528 63304 67860 74240 42972 64764 118681 80913 67903 78794 67382 67417 56476 36730 19228 46285 30692 87563 117524 80889 38352 113779 107156 91011 34221 64525 105248 71478 70201 39653 34395 80877 104021 94001 47341 5686 14443 49166 33574 36213 52349 82599 32070 64116 66108 51845 42430 74055 72222 83348 49199 34865 55945 74738 7508
22777 58054 82528 5989 83131 115315 100588 42490 102642 36054 48500 92674 78629 77572 57933 84496 17044 34606 55086 90063 101150 50443 70741 107688 11759 96681 22147 9613 80667 30681 120009 99827 84018 87401 44472 47004 44266 76067 55009 30271 91556 100488 77559 47274 14937 62605 42874 59628 72216 65991 54535 58610 66437 40698 43211 38328 99244 66116 106881 49613 90288 62025 38924 59393 52221 59578 81713 57451 105576 90852 29152 45376 45155 70591 74149 32491 43923 30377 120530 68129 37156 55341 100891 84191 48980 38777 94825 62288 70951 25275 57487 35770 29357 43683 13373 56468 10359 57364 75028 51649 57421 50699 55417 93026 25092 67563 75985 33154 120618 50460 92231 58295 101983 114400 94691 83347 83835 65723 54837 96835 111201 88793 12311 23235 80030 65228 19821 64849 78404 53127 47820 34366 29172 83807 39527 45598 34490 43182 66329 87122 35658 72910 54175 68225 97708 25575 121815 56976 16470 55973 89745 52412 70104 0 66425 72800 62622 65400 80404 44685 97941 14911 51584 52749 73263 70651 56331 19131 23374 29881 13039 4536 29541 18615 119750 100326 7633 13079 67879 9229 42853 105798 51044 97301 56642 85123 124014 43597 33103 54856 41167 62885 97729 63255 53805 134948 41117 108001 52479 11195 60077 64843 22777 67498 84496 118691 102991 51574 43093 101150 42837 5989 44472 47004 29152 42490 48444 25229 43211 84018 104357 25275 77559
43762 64012 96294 60452 132457 48902 119027 68988 36293 31944 43047 86703 14504 136182 94536 18778 49414 56947 19477 66934 85659 32368 31415 41376 67379 30625 46703 72499 80045 41356 58748 34557 32462 95439 65471 51632 50238 104246 21239 58761 30233 34198 11503 48772 80898 71655 51149 85761 34599 13888 81223 63508 21280 54843 48594 75441 108288 59710 43995 25747 110733 86367 92148 18395 93822 81847 106952 89922 90876 24492 39504 87831 54952 53174 35817 78321 67275 62580 54134 86087 55107 66484 35892 17839 73510 89437 116052 52277 119260 72509 10585 40647 57348 92649 59343 93829 66137 43681 58199 16105 20256 79318 13997 89890 67072 95062 84361 74649 118412 20686 92716 12745 46291 92199 28535 36285 29945 10700 16359 153625 98110 71788 59913 89450 26241 42437 62565 19173 17978 88709 18614 41221 80618 40224 103400 21818 68648 24600 129418 94165 63495 25626 91876 125152 41134 56300 81195 121754 62062 19682 91414 80966 5128 66425 0 9803 17993 24196 82984 34874 93607 70056 47128 15835 77422 17407 40534 73529 78945 61559 63569 70463 40243 62190 121051 84003 63860 74659 68617 64244 51369 41405 15392 50961 25645 89191 120244 79739 35507 111635 104267 90822 39349 59543 103617 76566 69208 44470 29277 77042 102940 93808 43762 1775 18778 53618 36634 36403 47241 85659 27262 60452 65471 51632 39504 68988 71729 80814 48594 32462 54283 72509 11503
50604 73815 106064 66912 141632 43901 128794 69835 32060 37070 42559 95943 5830 144586 104024 18038 55789 66182 20259 75395 94295 32169 25130 37120 72411 24218 51900 78038 89606 45353 58826 27027 23180 105112 75049 61359 59895 114002 21471 67742 20751 28325 12048 58509 86831 81456 60760 95462 28139 9859 90873 73309 16196 55664 58217 84605 117910 69374 43774 27107 120530 96105 100672 17211 95131 91591 116744 99501 84188 19306 47430 96977 64623 62534 28973 87070 76815 71549 48426 84309 64475 76272 34272 13208 83124 98110 125848 61969 128418 80971 15345 43406 60040 101492 66928 103281 71332 41179 52992 24960 19580 88894 23505 99226 70370 104793 94107 83556 127486 23503 102175 14877 49563 100083 25450 27511 35483 8023 26006 162306 106708 80626 67407 96014 16995 38119 66570 14980 8180 98171 25626 44251 89039 31774 108312 30129 77763 29718 133790 103822 72741 18240 101294 133681 44462 64942 86755 126761 70013 19920 100931 90563 11698 72800 9803 0 27500 33366 92613 36067 102836 77780 45894 25020 87138 25366 38268 77857 86983 70506 68463 76598 48401 70325 130287 92607 69432 79894 78341 71545 51832 40090 22896 56674 24213 98806 129208 89043 43599 120078 111808 100521 42044 56511 112546 77411 78618 43733 28830 82998 112251 103505 50604 8028 18038 51085 30974 46201 47765 94295 31106 66912 75049 61359 47430 69835 81351 88902 58217 23180 44600 80971 12048
40502 47133 78831 56771 118979 57151 101530 76104 44559 34759 53643 68742 31083 125253 80007 26473 46801 44350 32009 49760 68183 43672 48293 49082 66693 42708 47184 70420 62109 44957 57387 47825 50449 77647 50832 36191 35436 88017 33920 47215 46728 45131 22048 33297 77559 54622 36661 70067 51484 30968 65918 46539 38021 62726 34114 62628 90413 41915 44607 36156 93516 70384 81364 32985 99365 65841 90292 74963 107198 35964 33487 74877 39908 35189 52907 67051 52826 50934 63231 96636 41923 50083 40105 30355 58524 78206 98809 34559 105933 62404 22394 46600 61937 80767 52614 79475 65156 56679 73487 14399 34026 64484 10550 71902 69968 79087 66785 62885 100522 30418 74731 26224 39991 75641 36403 54226 21576 27879 9145 141723 80642 54142 53425 84302 44227 57360 64318 35640 35607 74363 21412 46634 70420 58056 101750 18937 56207 29276 128454 76344 50623 43219 77704 113932 35394 46218 68576 119554 54059 32716 73451 65984 16426 62622 17993 27500 0 6702 65121 44014 75648 62387 58400 12681 59744 8219 53471 74060 70020 50043 63398 67061 33316 53588 103084 66568 62143 73180 50975 58078 60019 44276 18835 39258 39194 71309 102422 66245 29524 100826 96214 75110 35155 72445 91280 72790 55407 45939 41282 73790 89131 78096 40502 19699 26473 57326 46994 20368 56100 68183 33596 56771 50832 36191 33487 76104 56716 71678 34114 50449 72094 62404 22048
44038 43107 73937 59704 116886 58651 96539 81725 46444 40132 59995 62584 36397 124470 77498 29335 50338 43611 38672 43098 61606 50171 54909 50603 70428 46037 51624 73662 56479 50213 55298 51451 56497 72293 48612 33742 33529 84250 40579 46989 51713 47962 26278 30930 80285 50346 34942 66829 58103 37508 63006 42424 44633 68591 32508 61362 84883 36716 43666 42639 88852 66919 80947 39686 104511 62395 86159 72209 113890 39351 36377 73373 37657 29195 59497 66563 50699 50554 64925 102808 40901 46481 40722 34386 55931 77596 94104 29594 103985 62576 29093 52300 67137 79792 54499 77083 68823 63269 80185 20377 40720 61921 16864 65862 74668 75568 61793 62200 94225 36922 68877 32926 36587 68940 38535 60475 18683 34384 14965 140394 74066 47635 55386 86293 50282 64056 68786 42273 41326 72020 27440 52230 70421 64408 104835 24053 55266 35195 131622 70942 49550 49676 75442 113059 32435 46784 62546 122351 55372 39394 67705 63301 21853 65400 24196 33366 6702 0 59664 50261 69482 63669 64807 18653 54635 9796 60065 78065 70624 49756 67336 69905 35859 54647 96933 59976 65627 76581 45973 60062 66039 44196 25128 33821 45869 65796 96048 64524 32675 100235 96923 71817 32836 78990 89971 69551 53661 45266 47857 76593 87002 74783 44038 25832 29335 57122 49557 18304 62185 61606 39633 59704 48612 33742 36377 81725 54130 72163 32508 56497 77798 62576 26278
73111 23695 16727 77976 77098 112349 37685 117191 101978 82008 106200 14024 96028 94981 42523 87643 76603 46548 91846 31514 27002 99429 111004 104953 91391 104243 83544 89758 4172 88376 95573 109938 115379 12710 35950 38213 41121 35099 93463 50387 111359 105300 85781 39959 90331 17819 41656 29589 114059 94840 31556 23523 101121 108357 43005 46204 25304 23309 91369 92708 31884 27239 64009 94500 132312 25890 33430 37079 166603 97843 66043 49628 37780 31011 115756 55076 36695 50041 118780 142678 44733 25248 93753 93641 33080 60169 36623 30797 67344 58600 84359 93421 100985 58280 67582 43399 89683 112659 131973 72158 94606 34642 71172 12928 102673 31288 7276 51446 40792 88072 11982 88158 75809 41608 95146 118773 68534 92013 68410 104576 32901 24049 68563 88566 109176 116406 96110 98618 100727 41009 77144 92524 61242 122245 112924 70864 46962 82042 136935 11296 44769 107195 43675 84397 75490 55643 65259 125262 63935 92859 9704 33916 81400 80404 82984 92613 65121 59664 0 96660 17762 67880 111198 71053 7255 69013 109809 99399 66389 50525 90762 83925 64074 61792 41133 27264 85998 93202 15158 71206 107757 94716 76992 61213 98630 6235 43933 43395 66029 76448 85437 31412 78329 126315 62199 99761 40104 93621 98471 88277 52502 32897 73111 84730 87643 105382 106322 48344 105133 27002 86222 77976 35950 38213 66043 117191 32964 66304 43005 115379 137213 58600 85781
28643 73533 105720 39792 124672 79636 127497 34152 68102 14883 9966 104651 41228 121902 92306 52870 30289 55554 15913 90897 107727 5800 26195 73136 40243 59594 22832 46847 94959 14086 93529 61111 40239 107543 67352 58765 56050 107067 14596 54487 50382 63891 45707 56759 56272 80855 55910 88125 27535 26648 82789 73486 23949 19976 54092 70800 120714 74836 78647 9175 117811 89701 80526 19013 59219 85733 111428 89453 70308 55316 32245 81914 60169 72781 29465 69532 68303 57586 83666 52632 55591 73768 69865 49249 75089 79133 123015 67847 111760 62044 24456 9126 24413 83539 44817 91142 39653 16247 35932 29916 16615 79651 33475 106783 35136 97583 95389 67582 136411 14377 108152 22304 80660 117393 61415 38905 63165 28052 35322 140924 119863 93476 44757 66990 37249 22085 32521 23204 38631 86510 22897 10458 69082 39133 74715 27729 64251 15597 99093 106648 61182 29455 88850 112068 75554 49534 112576 93083 49378 16152 106211 81545 39966 44685 34874 36067 44014 50261 96660 0 111293 54949 14995 31627 89774 48799 13793 43927 64929 56513 36219 47311 34199 50703 137606 106320 38978 47806 81541 47382 16548 75591 25181 82953 13325 102696 138994 76236 31061 98426 85851 92761 74031 30007 94626 111439 68139 78943 8430 52716 97897 95480 28643 34864 52870 87069 66589 49908 12441 107727 11021 39792 67352 58765 32245 34152 73652 66972 54092 40239 59720 62044 45707
89384 40380 26173 95304 88802 116336 38318 133755 107264 96984 121057 6907 105509 108906 58113 95115 93286 63758 104839 31175 16243 113543 123270 109533 108777 111120 99873 107354 17364 104093 95481 116921 125979 18044 53573 54143 57137 46569 106571 67779 120141 111518 94507 55449 108078 35371 57907 46107 126409 106397 48774 40014 113128 124278 58908 63890 21802 36457 94060 106496 37191 43555 81058 107047 149655 42983 42839 53173 180454 105129 81890 66556 54340 40499 127988 72723 54401 67631 122627 158963 61720 42612 98281 101809 50815 77300 40278 43566 80612 76362 96560 108855 117494 75059 84980 59187 107052 126962 145886 84836 107447 52066 83199 4915 119740 45611 23775 69171 25209 101494 7687 100452 77392 28391 101279 129874 74268 103394 80489 116487 16290 23764 85979 106279 119763 130009 113137 110658 110717 57497 90511 108056 78872 133675 130659 84464 64714 96172 154506 16878 62379 118748 59814 98878 78257 72909 57491 142785 81477 105791 10089 51184 91235 97941 93607 102836 75648 69482 17762 111293 0 85611 126101 83531 24712 77968 123991 116855 84106 68071 107988 101541 79970 79350 27452 17568 103341 110807 30828 88772 123389 98197 89878 62002 111869 14801 27706 60862 81403 92162 102441 46946 81490 141228 77853 96229 57859 96381 112257 105989 67356 47786 89384 95278 95115 107405 112144 61675 120531 16243 100543 95304 53573 54143 81890 133755 50724 83979 58908 125979 147063 76362 94507
27930 46907 68519 16450 70084 118118 85915 57318 105324 43380 60447 80806 83533 67649 43023 86824 24690 24837 62432 81322 90401 60436 80070 110211 26614 100674 32336 22828 68615 41021 118964 104480 92168 73858 32214 38469 36224 61204 62775 20145 97734 104133 80400 39560 22513 50334 34610 45175 81955 72450 40244 47606 74269 54446 35748 23789 85284 56430 106920 58022 75614 47652 25683 66750 66298 45537 66904 42620 119404 94401 30553 30518 35686 62613 83932 17584 31221 18683 123757 83028 27888 43504 102221 87809 35389 24779 80071 53957 57461 10471 62595 46726 43497 29536 10903 41562 25267 69230 87792 54171 65103 36394 57326 80723 40001 52817 62872 18451 107400 57507 79458 64251 99739 104236 97158 92287 82337 71563 56057 86288 99677 78996 10582 23685 87519 76583 34551 72352 84349 38240 52154 45318 14779 93366 46389 48258 20977 49537 72299 73706 23619 81079 39266 57365 95944 17560 114941 61557 8330 63441 76911 38023 72913 14911 70056 77780 62387 63669 67880 54949 85611 0 64105 54865 60937 70605 67755 33414 9980 18611 27839 17008 29945 9141 106168 89754 22376 26079 56590 7687 56118 106627 54978 92932 65426 72161 110910 28878 34585 43650 34243 48200 96503 76793 40208 132429 27834 108311 61897 20430 45522 50064 27930 71400 86824 119674 106468 47230 55738 90401 50489 16450 32214 38469 30553 57318 35127 12024 35748 92168 113548 10471 80400
40687 87866 119649 47858 134151 87405 141085 25960 76908 29196 5055 119496 50133 128932 104074 63733 40523 68691 27709 105864 122718 14931 27417 81732 44007 67392 32279 50991 109625 24430 104656 67728 42358 121826 80682 73109 70309 119769 25898 67056 55512 71768 56948 71240 60304 95042 70042 101047 27005 36038 95658 87872 30664 13788 68370 82558 134950 89652 89614 22303 131234 102788 89713 29131 51077 99000 124419 101721 56794 64252 45828 92941 74238 87771 28426 80135 81443 69824 90618 38963 69078 87813 80144 58885 88147 88847 136368 82737 121563 72465 37419 18622 24294 93510 55041 102818 44020 7145 23699 44599 26999 92333 47946 121550 34470 110366 109639 78795 151173 28044 122793 34440 93417 132350 71127 39091 76544 38353 49965 148310 134843 108470 54746 71700 41517 15529 34714 31132 46079 98423 37674 19845 78777 37508 74505 42710 76331 30578 96570 120984 73882 33568 100490 119797 88262 61790 126762 92246 59871 27446 120801 94233 52239 51584 47128 45894 58400 64807 111198 14995 126101 64105 0 46284 104231 62510 8493 44964 73896 68793 40384 53095 47824 61502 152239 121314 44616 50930 96131 56423 9913 85970 39688 96871 21816 117176 153806 88106 45238 106433 91912 105505 86424 15134 104311 123066 80853 89624 17860 57238 108761 108116 40687 46730 63733 96540 74455 64859 8493 122718 26010 47858 80682 73109 45828 25960 86815 75901 68370 42358 57526 72465 56948
30031 50291 83101 46775 116680 63291 105772 63426 50503 22213 41417 76671 30239 120447 79028 32058 36147 41188 21413 60151 77844 31856 39967 55440 55491 46060 35366 59803 68560 32436 68119 50277 45521 83101 50150 36917 35198 89542 23218 42927 45766 49354 25537 34152 67570 58015 35949 70795 43047 24198 66076 49910 30092 50064 33440 59652 96200 47882 54391 24338 97033 71581 76389 23547 86821 67108 92603 74580 97282 39637 24452 72037 39943 43384 44716 62504 51871 46745 68893 84155 39456 52219 48151 33126 58268 73634 102366 40409 103475 56795 13329 33920 49403 76816 44363 78272 54051 45187 62994 1729 23933 63977 2700 79402 57758 80220 71509 58814 108700 18747 81625 17105 51965 86488 42376 48220 33624 21709 3694 137808 90216 63584 45023 75302 39530 46894 52336 27586 32873 73166 8792 33968 64912 51394 91121 7199 52840 16613 117629 81946 47744 36370 76278 109378 47148 40533 81137 109215 46722 22319 80043 65675 18066 52749 15835 25020 12681 18653 71053 31627 83531 54865 46284 0 64908 19166 42018 62497 63471 45725 51984 57027 24920 46704 110701 76324 51301 62334 56135 49513 47419 53066 6700 51939 28574 77284 110905 64031 20353 95895 89104 75839 46457 60702 87783 84408 53603 55389 29812 63734 87241 78810 30031 17438 32058 65942 51640 22837 43542 77844 20995 46775 50150 36917 24452 63426 56512 65300 33440 45521 67983 56795 25537
65908 16512 19467 70761 75337 109092 41911 109946 98287 75061 99248 20075 90800 91723 38670 83221 69356 39305 85439 32061 31702 92675 104772 101515 84193 99931 76329 82653 7881 81256 94068 105553 109679 18196 28861 31151 34022 34567 87017 43181 106308 101231 80898 33017 83426 10663 34500 25201 107793 88890 26176 16399 94999 101190 35927 39808 31344 17920 88788 86060 34723 23200 58475 88225 125106 20879 34202 32897 159847 93417 58922 44340 30573 27041 109522 48739 29716 42927 115541 135455 37479 18017 90422 88911 26599 54564 39832 25185 64759 51859 78237 86354 93747 53073 60383 39347 82479 105835 125229 65939 88238 28872 65185 19806 95425 28945 7282 44920 48042 81545 19236 81989 73867 46367 91179 112895 65019 86135 62424 102463 39124 25470 61370 82018 103501 109765 88859 92493 95294 36326 70672 85437 54921 116251 106294 64345 40103 75322 130617 17086 37670 101202 39289 80841 73071 48410 67316 119022 56794 86469 16927 28409 76137 73263 77422 87138 59744 54635 7255 89774 24712 60937 104231 64908 0 64202 103021 92224 59855 43383 83530 76834 56946 54659 48271 31620 78787 86103 8816 64079 100639 91789 70676 59875 92130 12950 51186 37452 59015 72051 79861 27989 75710 119333 57972 99616 33274 90990 91811 81293 49043 29992 65908 79183 83221 102944 102397 42088 98063 31702 79438 70761 28861 31151 58922 109946 26296 59876 35927 109679 131705 51859 80898
48335 52903 83569 64766 126272 49415 106112 81925 36995 41275 57996 71112 27547 133140 87027 19554 54604 52179 35093 50030 68947 47586 48819 41341 74332 36241 54462 78278 65697 51487 49405 41662 48473 81690 57995 43176 42727 94042 36997 55207 42420 38218 16772 40320 85583 60133 44053 76551 51999 31295 72649 52220 38679 68197 41549 70290 94126 46291 36410 40271 98548 76679 89344 35073 105765 72151 95947 81814 108283 29555 41564 82448 47025 38203 53189 74998 60046 58890 55598 101265 49641 56248 32018 24711 65468 86125 103786 39285 113302 70507 25207 52499 68405 88563 60813 86568 72835 59946 75425 20741 36577 71455 16577 74573 76920 85338 71399 70765 102372 34590 77827 28621 32815 74911 28962 52868 14577 28105 16187 149406 81349 55377 61616 92472 42332 59504 71487 36527 32913 81483 27270 52693 78495 57061 109631 26099 63988 35083 136281 80308 58344 42842 84876 121784 27983 54371 64439 127524 62277 35591 76780 72876 13696 70651 17407 25366 8219 9796 69013 48799 77968 70605 62510 19166 64202 0 56743 81524 78196 58024 70933 75063 41463 61796 105379 67253 69917 80967 55604 66264 65195 36077 24213 34378 41968 75088 103995 73702 37555 108766 104409 81552 27393 75858 98951 65280 62836 37723 44842 81796 96389 84523 48335 18736 19554 49126 39875 27458 61160 68947 39069 64766 57995 43176 41564 81925 63662 79839 41549 48473 69102 70507 16772
42273 86916 119297 51988 137757 79076 141182 34432 68777 28578 8266 117265 42187 133901 106007 56261 43347 69343 21666 102147 119574 10450 18955 73545 49990 59117 35422 56914 107946 26816 97091 59313 33931 120914 81118 72175 69525 120861 19754 68264 47030 63490 49696 70060 66351 94325 69460 101916 18729 28493 96582 86827 22581 21702 67561 84481 134106 87592 82038 17747 131538 103483 93432 22167 59568 99498 125213 103220 56835 56203 46018 95444 73740 84758 20271 82920 82087 71329 82198 46049 69344 87326 72373 51050 88876 92240 136753 80429 124949 75356 31558 21032 31108 96747 57991 104827 49770 3213 22274 40423 20308 93443 43316 119576 41733 111376 108798 81139 149175 23274 121155 28169 86692 128506 63234 30874 70359 31062 45601 153121 131854 105291 57843 77551 33030 8899 41096 23321 37871 100231 33895 22437 82157 29647 81988 39619 77980 27836 104617 119979 74970 25102 102526 124394 81530 63270 121181 99936 62669 21155 119284 95337 45564 56331 40534 38268 53471 60065 109809 13793 123991 67755 8493 42018 103021 56743 0 51891 77698 70261 46157 58365 47962 64099 150587 118101 49851 57232 94657 60096 17592 78207 35318 91074 14896 115901 151646 89943 44682 110859 97264 106555 79514 19115 107750 115659 81930 81946 12225 63070 111402 109272 42273 39931 56261 88499 66168 62338 14805 119574 23587 51988 81118 72175 46018 34432 87433 79732 67561 33931 50020 75356 49696
34172 76743 101620 21764 96852 121683 119322 27448 109454 41603 43635 111450 83499 87052 75908 92282 27997 53217 58081 107340 119435 49487 69360 114563 8311 102048 27171 10804 99534 32506 130579 104248 83954 106532 63516 64849 61972 94438 57374 49077 94164 106182 85030 64733 17379 81583 60719 78544 70023 69433 73526 77247 67801 31566 60687 57172 118350 84146 116567 51515 109022 80986 54331 62001 33091 78651 100230 75944 93218 96962 42394 63108 63422 87663 71773 50641 63024 49438 126271 51387 55548 74245 109311 90456 68104 55103 113441 79700 85603 43880 63377 35137 20792 60037 31888 74401 10087 51845 66316 61059 59700 69681 65175 111940 10790 86205 95089 51864 139716 54357 111265 62999 114051 132333 101980 82012 95635 70045 65340 106616 129801 106670 30879 28688 81176 60283 11434 66829 81879 71450 55560 34046 46413 81383 30798 55431 53603 48931 55968 106249 54718 73348 72168 79284 109409 44065 137549 49209 35514 58704 108794 71357 77965 19131 73529 77857 74060 78065 99399 43927 116855 33414 44964 62497 92224 81524 51891 0 40150 48895 10739 16426 43485 37680 138880 118529 13829 8257 86550 28350 35083 114655 58933 111342 57216 104199 143092 62288 45632 66971 49708 81610 108908 52935 69045 146784 60248 117374 52356 15813 76813 83433 34172 74212 92282 127112 108824 66903 37118 119435 46789 21764 63516 64849 42394 27448 67575 41665 60687 83954 101888 43880 85030
37709 47689 64625 26061 60256 126468 80185 65668 113685 53224 70327 79929 92687 57915 35953 95168 34667 28648 72183 83523 90625 70414 90004 118493 34460 109489 42289 29355 67715 50990 125691 113477 101957 70749 32496 42144 40424 54773 72582 24328 107145 112824 88964 43804 25842 49630 38750 40690 91913 82008 36374 48514 84050 63834 40406 20245 81298 58339 114220 67914 69955 43324 15818 76485 72075 42078 60753 36696 128801 103107 39559 23085 38750 65796 93891 11715 30950 21482 132236 91003 31789 43632 110091 96573 33313 15405 74069 57109 47782 8935 71927 56675 52650 20322 20599 34424 33374 79131 97558 62912 74890 32656 65829 79315 48061 47138 60637 14945 104480 67236 77443 73752 105997 104891 105486 102173 89137 81000 64347 76400 98976 80305 20419 22178 97215 86537 43163 82091 93751 31959 61406 55265 6338 103306 46569 57136 20537 59210 70912 70808 25130 90891 32257 47476 102478 23864 118223 59509 16977 73205 74847 33976 81528 23374 78945 86983 70020 70624 66389 64929 84106 9980 73896 63471 59855 78196 77698 40150 0 21921 36367 24100 38705 16769 102689 90165 31006 32133 56873 17602 65701 114268 64100 98071 75335 69984 108135 24121 43467 33748 26299 42861 103295 86304 30555 138328 26924 115722 71854 25159 36872 44278 37709 80356 95168 127313 115095 53278 65488 90625 60331 26061 32496 42144 39559 65668 33567 2044 40406 101957 123442 8935 88964
28142 28519 53694 27742 71264 107148 73448 68667 94475 42282 64308 62900 75909 75257 35874 76099 29070 6728 59187 62769 71974 61128 78592 99091 40974 91399 37158 39290 50830 44364 104329 95881 88481 57935 14626 20346 18507 51006 60076 2839 91205 94373 70480 21891 40855 32724 16835 32549 81019 67343 27149 29166 70915 62262 18513 14619 70195 37821 93403 56612 63304 34537 31324 63202 81890 31255 55847 32986 125557 84793 25166 26699 17225 44326 82981 17024 14304 1097 113149 94620 9873 25503 90036 78494 20219 28202 68250 35629 58041 13181 56414 50191 53004 31113 17269 34777 39296 72429 92003 45580 62114 23643 47721 63157 52883 41667 46272 13094 90859 54282 62371 59025 84391 85689 86275 89744 67961 65704 45769 92171 81584 60392 18191 41912 83080 78526 46508 68651 77993 30029 45993 48948 20711 91724 65000 40521 7803 46273 90813 57553 5892 77861 32529 63999 81044 7012 96777 79901 13411 60283 59899 25536 63304 29881 61559 70506 50043 49756 50525 56513 68071 18611 68793 45725 43383 58024 70261 48895 21921 0 40671 33502 23515 11279 90210 71277 35672 42750 38301 20701 62766 93860 48016 76156 63965 55320 94209 19833 28021 50790 47849 36796 82048 83102 42062 116532 12388 95021 61617 38334 42468 39346 28142 63149 76099 106842 96465 31854 61187 71974 48823 27742 14626 20346 25166 68667 19293 23109 18513 88481 110794 13181 70480
23439 67659 94197 12939 95728 112086 112945 29481 99709 31660 37992 102361 74194 88710 70827 82251 17302 44242 49161 97158 109801 41984 62309 104815 4043 92677 16886 10768 90626 23390 120102 95174 76438 98605 55211 55116 52180 88755 48664 40430 85661 96730 75042 54791 20229 72973 51020 71837 63357 60482 66623 68096 59581 28417 50786 50756 110799 74423 106214 42885 102661 74143 51766 53261 41751 71408 94296 70107 92926 87363 31706 58354 54000 77450 65211 45407 54972 41355 116860 55237 46316 65515 99188 80789 60558 51769 107307 69655 83739 38032 53645 27112 16855 56688 23404 69377 3636 46715 63303 50586 51050 62828 54674 103086 12371 80075 86883 45762 131371 45094 102710 53593 103384 122431 92095 75040 84974 60817 54747 108169 120447 96781 22512 31410 73149 54934 6796 58366 73008 65895 45333 25841 42211 74916 39892 44871 46295 39068 65899 98212 46562 65546 67071 79928 98772 35120 126935 58318 27706 49882 100295 64602 67860 13039 63569 68463 63398 67336 90762 36219 107988 27839 40384 51984 83530 70933 46157 10739 36367 40671 0 13059 32853 29867 130863 108833 5464 11647 77395 21224 31050 104454 48705 100607 49185 95819 134645 56156 34898 66856 51553 75332 98326 50944 66669 136159 52619 107078 44540 16922 73116 77407 23439 64350 82251 117024 99342 56330 31977 109801 37387 12939 55211 55116 31706 29481 59830 38184 50786 76438 95551 38032 75042
27001 61888 85409 10299 82755 119365 102899 41705 106726 39655 50354 96399 82421 75841 59581 88657 21061 38563 58484 94344 105137 53106 73486 111786 10463 100582 25286 5882 84328 33512 124442 103609 87061 90536 47979 51218 48524 78034 58304 34117 95058 104436 81671 51579 10546 66171 47099 62176 74816 69527 57209 62475 69642 41458 47523 40792 102163 70235 111244 52782 92600 64641 39049 62760 49312 62421 83809 59521 105941 94834 33618 46835 49235 74928 76725 34244 47295 33910 124513 66904 41213 59005 105139 88177 52038 39364 97015 66572 70900 27464 61331 38256 29910 44311 17588 58085 9635 59180 76246 55888 60721 53360 59705 96629 24034 69779 79293 35456 123917 53964 95682 61977 106484 118503 98816 86160 88316 69388 59190 95249 115029 92931 16522 19798 83263 67231 19693 68147 81996 55045 51850 36880 30244 86419 34994 49853 37520 46901 61797 90315 39165 75992 55833 66907 102192 29653 126277 52504 20170 59335 93172 55010 74240 4536 70463 76598 67061 69905 83925 47311 101541 17008 53095 57027 76834 75063 58365 16426 24100 33502 13059 0 34047 22242 122883 104345 8518 9283 71707 12865 43974 110092 55110 101836 59644 88499 127362 45870 37537 53798 38909 65190 102186 64000 53940 139449 44274 112340 55318 6733 60963 67007 27001 71493 88657 122957 106961 56094 44622 105137 46273 10299 47979 51218 33618 41705 51616 25768 47523 87061 107027 27464 81671
9992 40444 71826 23878 94434 88189 93366 54211 75396 19415 42983 73701 54052 96186 59206 56911 15593 21466 35684 65081 79228 38275 55098 80303 35422 70816 20256 37964 62936 24311 90644 74773 65126 74192 33156 25907 22960 73037 36561 21085 68807 74218 50456 24545 44439 47370 22458 54024 57566 44233 48729 40557 47455 44338 21111 38134 87252 44201 77859 33240 83627 55536 52336 39737 73218 51536 77270 55829 104354 64489 1999 50106 26540 45431 59520 39081 34154 24612 93813 79033 21394 40047 72567 57919 40957 49928 88821 38332 81237 32629 33612 29529 37991 53589 19540 58174 33720 50426 70122 24253 38604 45730 27395 75223 42418 63529 61995 36018 104630 30769 75907 35885 72442 90972 67243 66252 54326 42852 26243 114030 90628 65560 20268 51017 59868 55817 35907 45228 55445 53307 23044 28546 40661 68210 69000 18431 31282 22765 95798 73417 27429 54407 55961 85319 68189 17058 94082 86504 21836 36778 73765 47608 42972 29541 40243 48401 33316 35859 64074 34199 79970 29945 47824 24920 56946 41463 47962 43485 38705 23515 32853 34047 0 21964 105202 78078 30274 41012 49303 24867 43694 77173 25511 68200 40524 69875 107517 43264 4805 71689 64185 58742 68287 62772 64772 105407 34282 79106 38438 40735 65963 61520 9992 41653 56911 90184 76536 23508 41201 79228 25519 23878 33156 25907 1999 54211 39485 40584 21111 65126 87349 32629 50456
22289 39668 64343 16968 74164 109761 83281 58568 96972 37744 57385 74159 76000 74319 42803 78455 20980 16576 56247 73007 83017 55862 74737 101804 29868 92722 29230 28014 62104 37384 109923 96733 86030 68935 25857 29889 27475 59702 56804 11980 90611 96058 72206 30757 30068 43999 25907 42137 76860 65676 36854 40274 68149 53468 26856 21592 80979 48414 98024 52512 73029 44372 30767 60493 70727 41544 64981 41133 117840 86339 22907 31449 27435 54004 78842 18831 25351 11764 115500 84551 19448 36776 93563 79804 30702 28790 77792 45415 61145 11405 55373 43270 43421 32960 6820 41484 28229 65922 85109 46146 59043 33101 49072 74436 42203 50705 57413 17337 102037 51271 73616 57366 90625 96558 88780 86593 73295 64524 47631 92408 92795 71101 7502 32691 81078 72731 36017 66086 77224 37357 44817 41920 19030 88041 54669 40391 16470 43167 80921 68612 17046 75059 39145 63579 86862 8493 106167 70386 2178 57300 71133 34917 64764 18615 62190 70325 53588 54647 61792 50703 79350 9141 61502 46704 54659 61796 64099 37680 16769 11279 29867 22242 21964 0 101263 82269 24690 31476 49479 9422 54490 97862 47429 83818 59979 66522 105416 27162 26746 49889 42667 45884 87467 75145 44139 123294 22769 99454 56911 27310 47339 48148 22289 63613 78455 110913 98334 38089 53449 83017 44762 16968 25857 29889 22907 58568 30028 18624 26856 86030 107855 11405 72206
114158 64783 38098 117948 90811 142099 31948 158010 133666 123044 147226 34351 132926 114299 70627 122252 117431 87022 131909 57320 39144 140163 150552 135627 131128 138039 124553 128765 42652 129507 119090 143846 153430 32352 75655 79344 82254 53597 133606 90492 147457 138230 121861 81039 128038 58309 82769 62077 153676 133777 66352 64646 140448 149460 84137 82810 21771 63089 119410 133266 38267 59414 96040 134246 171965 60767 47746 67343 207261 132182 107173 81863 78830 67911 155281 90974 75935 89571 148270 183637 85482 65840 124451 129061 70846 92758 37657 70431 86245 96108 123821 134546 141870 89393 107476 72035 129475 153493 172641 111958 134567 70135 110469 31308 142991 57428 44008 88296 6399 128408 29454 127699 102447 43742 128022 157310 101103 130792 107742 117390 29447 50536 108401 124335 147214 156890 136512 137970 138160 72199 117424 133654 96782 161087 148708 111270 85363 122757 170568 32658 84324 146139 73431 105974 103903 95931 75739 158632 103440 132881 31463 68728 118681 119750 121051 130287 103084 96933 41133 137606 27452 106168 152239 110701 48271 105379 150587 138880 102689 90210 130863 122883 105202 101263 0 40904 125877 132128 56112 110532 148889 123894 116952 87053 138867 35403 9432 78570 107131 102582 116494 60735 107265 167367 88900 116972 78643 121734 139036 126490 77371 60230 114158 122725 122252 132196 138716 88500 146258 39144 127032 117948 75655 79344 107173 158010 71308 102120 84137 153430 174481 96108 121861
87983 42855 41232 96772 103733 101208 55849 132234 93007 92892 116272 14589 94520 122228 69716 82629 92765 65785 97669 17307 1781 107731 114861 94815 110247 97894 98333 109932 24141 101170 78747 103691 115721 33731 57857 53723 56653 61347 99508 70294 108288 97818 83079 54137 112131 40783 57836 56541 118052 97483 57795 42148 104589 121405 58085 70645 39370 34411 78508 100358 54029 54319 90013 99270 150469 52441 58513 64153 173487 92302 79831 75955 55185 33568 119468 79565 59248 71099 107368 156498 63170 46573 83685 89746 57535 86078 57500 39750 94453 81688 88616 105297 116056 84690 86977 70537 108476 121210 139315 77828 100027 60405 75466 18416 119851 58478 34538 75435 36543 94963 23510 92519 61562 14815 87677 120076 61041 94353 72921 131354 14109 12844 88031 112099 109584 123201 113216 102205 100106 67840 84206 104697 85716 124176 135978 78675 69769 90774 161063 32262 66161 109601 70680 111660 63019 74751 40121 149659 84250 98521 24940 60015 80913 100326 84003 92607 66568 59976 27264 106320 17568 89754 121314 76324 31620 67253 118101 118529 90165 71277 108833 104345 78078 82269 40904 0 104722 113403 33322 91503 119953 83003 82966 46156 104870 28135 37457 68832 78479 103492 111346 58654 66401 136258 89306 78733 63241 80833 105997 109560 79763 60156 87983 85554 82629 91393 98169 56674 116699 1781 95319 96772 57857 53723 79831 132234 56908 90424 58085 115721 135843 81688 83079
21653 63108 89026 8040 90624 112670 107589 34943 100143 32363 41836 97831 75227 84318 65364 82345 15344 39601 50765 93544 105640 44778 65172 105233 5526 93567 17586 8641 85993 25375 119284 96357 78927 93577 50274 51027 48144 83323 50464 35611 87385 97519 75232 50906 17575 68184 46899 66508 66432 61952 61322 63586 61677 33260 46859 45365 105669 70329 105692 44830 97300 68839 46510 54987 46321 66178 88885 64678 98035 88013 29398 52892 49659 73882 68329 39944 49943 36308 117644 60693 41835 60775 99092 81384 55388 46410 101920 65881 78522 32579 54320 29882 21819 51317 18435 63914 3755 50663 67862 50019 52877 57514 54001 98431 17755 74677 81942 40334 126502 46408 97915 54657 101999 118504 92367 77873 83653 62012 53799 103698 116085 92842 17484 28012 75300 58715 12205 60281 74472 60447 45340 28523 36789 78032 39823 44109 41044 39743 66372 93219 41554 67903 61608 75266 97515 30441 124107 58007 22516 51569 95476 59274 67903 7633 63860 69432 62143 65627 85998 38978 103341 22376 44616 51301 78787 69917 49851 13829 31006 35672 5464 8518 30274 24690 125877 104722 0 11051 72893 15838 35604 104215 48676 98450 51522 90949 129817 50741 32954 62042 47428 69947 97261 55831 61403 134900 47459 106665 47089 13854 67695 71997 21653 64773 82345 116943 100088 53459 36134 105640 38668 8040 50274 51027 29398 34943 54713 32852 46859 78927 98655 32579 75232
32680 71070 94584 17461 88653 123365 111761 35470 110903 42915 48991 105632 85653 79402 68019 93228 26379 47664 60759 103045 114223 53550 73821 116001 7605 104090 28040 3474 93579 35011 130335 106692 88042 99786 57254 60050 57288 86679 60291 43282 97291 108101 86077 60251 9604 75441 55916 71224 74778 72060 66322 71641 71228 38080 56184 49845 111346 79190 116721 54524 101471 73719 46095 64882 40273 71597 92541 68285 100993 98665 40258 55178 58233 83512 76607 42916 56578 43177 128235 59643 50234 68252 110037 92060 61284 46937 105799 75275 77352 36453 64933 38719 26697 51862 26446 66501 8563 57547 73122 61037 62682 62472 65034 105895 18156 78619 88571 44449 133192 56618 104964 65046 113005 127474 103190 86549 94675 72321 64849 98958 124220 101861 25386 21128 84794 65889 16220 70008 84591 63713 56218 37466 38438 86299 28820 55145 46771 50331 55322 99577 48437 77175 64295 71350 108542 38652 134395 47100 29378 61495 102455 64092 78794 13079 74659 79894 73180 76581 93202 47806 110807 26079 50930 62334 86103 80967 57232 8257 32133 42750 11647 9283 41012 31476 132128 113403 11051 0 80894 22064 41239 115196 59571 109204 60823 97781 136641 54804 43910 58870 42015 74095 108306 60089 60791 145920 53542 117680 56155 7569 68653 75817 32680 75517 93228 127889 110694 63871 42718 114223 48888 17461 57254 60050 40258 35470 60884 33578 56184 88042 106918 36453 86077
58594 9825 27967 64857 79804 101245 50587 102931 90190 66935 91121 24967 82046 94287 41318 74759 62461 33336 76769 28964 33866 84272 96032 93566 78376 91499 69077 77421 13634 73545 87627 97082 100864 26976 24544 23402 26375 40873 78369 37613 97592 92918 72251 24942 79055 8585 27090 27842 99065 80086 27060 9307 86226 93641 28193 37642 40071 9380 81477 77554 43008 26517 57834 79498 119131 22964 41440 35334 151446 84940 51249 44494 23532 19329 100784 46487 25933 38030 107693 128199 31082 13252 82568 80312 24840 53854 48211 16428 68427 48366 69461 78483 86673 53155 54687 41690 76629 97514 116816 57187 79549 28758 56382 26002 89015 33850 15828 42235 55329 72946 26683 73226 67158 48019 82935 104085 57135 77323 53620 106350 43326 24005 55714 78777 94686 101254 82397 83721 86501 37830 62035 77620 52590 107455 102694 55737 36447 66884 127751 25812 32971 92405 41140 83101 65966 42484 64904 116380 51537 77791 24674 28875 67382 67879 68617 78341 50975 45973 15158 81541 30828 56590 96131 56135 8816 55604 94657 86550 56873 38301 77395 71707 49303 49479 56112 33322 72893 80894 0 58846 92904 84210 61961 53858 83514 21310 58229 36500 51038 73185 78869 31733 68430 111257 59574 94439 29963 83633 83316 76628 51911 34232 58594 70379 74759 95696 94159 33336 90192 33866 71071 64857 24544 23402 51249 102931 23962 57184 28193 100864 122899 48366 72251
21097 49026 73384 8971 77771 112761 91753 50515 99986 36276 52762 83568 77343 74845 49828 81570 17227 25719 55450 81768 92284 52919 72706 104946 20734 94843 24689 18598 71523 33402 115232 98430 85077 78186 35263 38583 35976 67556 55693 21252 91184 98434 74925 39125 21450 53418 34496 50684 74520 65746 45522 49611 67212 46941 35104 29534 90080 57461 102674 50777 81463 53032 33361 59784 61434 50466 73074 48905 111855 88712 25078 37616 36448 62499 76493 24575 34694 21167 118250 76399 28421 46194 97413 82075 39796 32437 86088 54036 65140 16993 56246 39073 36171 37156 5590 48410 19174 61549 80113 48657 58050 41704 52077 83857 33580 58852 66756 24568 111390 50575 83017 57654 96533 105702 91883 85020 78715 65034 51074 93657 102171 80165 4676 26254 80582 68936 27729 65369 77834 44757 45978 37663 22394 85980 46380 42631 25339 42731 72969 77899 26444 73961 46084 64754 92495 16920 114271 62890 7314 56433 80527 43452 67417 9229 64244 71545 58078 60062 71206 47382 88772 7687 56423 49513 64079 66264 60096 28350 17602 20701 21224 12865 24867 9422 110532 91503 15838 22064 58846 0 48510 102040 48962 90796 58132 75898 114788 34938 29186 51075 40300 54113 92802 69206 47888 129423 31913 103950 54474 18342 52933 56184 21097 65500 81570 115050 100836 44832 48067 92284 43368 8971 35263 38583 25078 50515 39231 19638 35104 85077 106255 16993 74925
35262 84138 115028 39685 125874 94668 135903 18024 83605 27131 9952 116965 56627 119758 97291 69109 33792 63497 32129 105243 121264 19668 36327 88558 34511 74563 25611 41485 106521 19383 109908 75431 51329 117791 75550 69555 66635 113694 30592 61318 63707 78922 62026 67995 50697 90984 66149 95294 36309 42093 89891 84247 37851 4154 64759 75934 130779 87164 94971 25622 125882 97197 81489 34626 43404 93633 118613 95354 63419 70824 41717 85711 70186 86441 37862 72747 76087 63745 98268 36956 64284 83579 85966 65031 82637 80887 130915 80621 113482 65050 40999 14659 14541 85652 47805 95974 34663 16955 32272 45690 32277 86408 49480 118708 24557 104418 105602 71816 148219 30923 119558 38711 97201 131728 77282 48459 79631 43922 51088 139205 133133 107153 47379 62156 49850 25398 25074 37802 53246 91788 38630 15348 70890 47164 64629 42557 70032 30847 87026 117055 68167 41803 93635 110862 92099 55864 128556 82444 52697 32190 117441 88299 56476 42853 51369 51832 60019 66039 107757 16548 123389 56118 9913 47419 100639 65195 17592 35083 65701 62766 31050 43974 43694 54490 148889 119953 35604 41239 92904 48510 0 91737 41253 99173 27802 113568 151031 81516 41993 97638 82581 99547 90576 20715 96244 127925 75066 95188 23013 47750 101330 102040 35262 51289 69109 102908 81626 63295 4129 121264 26428 39685 75550 69555 41717 18024 81430 67667 64759 51329 67346 65050 62026
83097 84370 110973 99832 160260 18205 132279 109666 13341 73087 82621 92057 36107 168655 120592 22762 89184 87797 59697 67030 84771 72134 62742 12605 108138 23278 87584 112779 90764 82723 19425 27491 53163 107115 92301 77478 77564 124839 61157 91068 38813 20296 30026 74772 120636 90643 79033 108936 65187 49947 105721 83526 55711 95463 76645 105490 117945 75068 5692 66434 126327 108583 125116 57172 134808 104204 125645 115025 117282 22808 77070 117376 81463 64906 65302 110736 94438 94687 24431 124133 85096 88454 5834 27167 99170 121788 131255 69530 147560 106506 51929 81984 98715 123964 96665 120325 106788 81013 90271 54245 59486 105115 50388 96196 108471 116934 99002 106393 119442 61861 100561 53366 22013 84511 15196 58855 27444 47847 51046 184377 95720 74530 97429 128126 49387 76961 103853 54902 41167 115362 59126 82600 114447 63533 144017 60249 99458 65868 170341 105563 93735 55259 118843 157233 19996 90430 60485 162207 98305 59563 100306 106330 36730 105798 41405 40090 44276 44196 94716 75591 98197 106627 85970 53066 91789 36077 78207 114655 114268 93860 104454 110092 77173 97862 123894 83003 104215 115196 84210 102040 91737 0 55752 37000 64292 100081 119974 108441 72982 144430 140486 113728 16707 95886 134030 38417 97621 4211 68818 116800 130470 116600 83097 41022 22762 13051 18992 62459 87634 84771 68666 99832 92301 77478 77070 109666 97402 115901 76645 53163 64496 106506 30026
28370 55607 88514 45067 119277 64271 111095 57725 51615 17538 34867 83041 28587 121697 82469 33669 34051 44204 14963 66844 84475 25173 34122 56677 52417 45895 31832 57299 74638 27591 71901 49514 41115 88865 54078 41690 39674 93958 16702 45311 43345 49560 26584 39052 65572 63318 40217 75029 37120 19643 70127 55296 24631 44092 37812 62365 102016 53970 57669 17647 102141 75992 77821 17558 81623 71586 97302 78321 90743 39871 24542 74661 44382 49904 38867 64345 55651 49081 69525 77801 42858 57179 50496 33212 62242 75323 107469 46545 106054 58113 8479 28287 44357 78815 44176 81618 51103 38487 56378 5138 17634 67773 8294 85681 53319 84541 77116 60972 115072 12049 87763 11673 56864 93188 43733 43260 38785 17726 10318 139491 96829 70206 44702 74059 35389 40310 48300 22148 30031 76560 3374 28505 66166 46101 88374 7542 55472 10887 114601 87754 50728 31255 79538 110819 51900 42196 87407 106661 47138 15930 86114 69535 19228 51044 15392 22896 18835 25128 76992 25181 89878 54978 39688 6700 70676 24213 35318 58933 64100 48016 48705 55110 25511 47429 116952 82966 48676 59571 61961 48962 41253 55752 0 57921 22030 83209 117334 67056 20708 97199 89110 80031 50868 54024 89929 88817 56976 58443 23115 61715 90196 82973 28370 16556 33669 68341 52017 28648 37298 84475 14906 45067 54078 41690 24542 57725 60533 66013 37812 41115 63638 58113 26584
77171 57298 77923 91920 133455 55174 97839 115353 47933 73877 92310 56260 56405 146018 94233 41733 83386 69436 69452 31030 47911 81953 81633 49141 103483 54448 85307 106107 57070 84005 34360 60060 77922 72902 69347 56260 57690 94344 71349 73774 67252 53519 44978 54329 111887 61729 59363 81201 84720 64548 79273 56333 71906 101962 57671 84001 82621 46002 32359 74600 93065 80182 105120 69199 138332 76269 93995 88293 140859 49920 69067 94334 60014 35608 85635 91248 71493 76652 61262 135540 66309 62000 38309 49317 74334 101323 97651 43104 121654 89299 59575 85855 100948 102222 85234 94344 101818 94270 109057 53657 70830 79779 49731 60522 108414 87707 66652 86581 82485 68889 65204 62910 15429 47897 43887 83117 21222 61438 48361 159501 58721 38836 86222 116457 72343 93395 102434 69990 62483 89868 60648 85867 96296 87701 136786 57836 79416 68525 163558 71305 73843 74915 93360 134580 17213 75375 30238 153685 85020 69920 65318 80522 46285 97301 50961 56674 39258 33821 61213 82953 62002 92932 96871 51939 59875 34378 91074 111342 98071 76156 100607 101836 68200 83818 87053 46156 98450 109204 53858 90796 99173 37000 57921 0 76242 65882 82976 85357 65710 123123 123832 85437 20718 110186 110741 41238 75424 34683 79218 108365 104732 88032 77171 51926 41733 45408 53417 45965 95202 47911 72793 91920 69347 56260 69067 115353 72781 99246 57671 77922 95156 89299 44978
37768 76561 109401 51338 134084 66934 131754 45823 55807 22237 18350 105044 28833 132977 99730 41934 40937 61747 7224 88527 106402 8264 14760 60756 53226 46831 34495 59663 96426 26154 82863 48015 27417 110259 72879 62118 59745 113060 5361 61601 37064 51176 35135 59705 69011 84187 59975 93988 17054 14376 88816 76346 10627 31756 57797 78566 123453 75806 67831 7468 122469 95267 90545 7343 71203 91037 116915 96271 68718 43033 38805 90306 64269 71927 19020 78540 74148 65062 70719 60628 61141 77607 58481 37346 80937 88764 127764 68436 120990 71369 16913 22162 37659 92899 54789 98692 52520 18062 34460 27138 5418 86020 29455 107630 48434 103548 98334 76023 137071 10599 109595 13347 71857 114696 49613 26891 55470 16543 31952 151714 118785 92151 54917 79432 23999 18331 45794 10085 25608 93831 21489 23369 78880 28062 88012 27784 71760 17873 112397 109210 67909 16387 96470 122790 66695 57247 106391 106394 58971 6481 107881 87873 30692 56642 25645 24213 39194 45869 98630 13325 111869 65426 21816 28574 92130 41968 14896 57216 75335 63965 49185 59644 40524 59979 138867 104870 51522 60823 83514 58132 27802 64292 22030 76242 0 104819 139355 83769 36351 109071 97625 98845 64745 33965 104100 101249 74680 67885 4995 65363 106264 101696 37768 25085 41934 75185 53881 50396 23816 106402 15258 51338 72879 62118 38805 45823 79347 77371 57797 27417 48128 71369 35135
78759 29431 13216 82960 75626 117838 32204 122647 107659 88001 112191 13640 102178 94758 43377 93594 82057 51749 98052 35447 27485 105536 117232 110528 96287 110147 89150 94361 9477 94186 100203 115861 121596 7052 40694 44101 46967 33220 99663 55389 117466 111120 91860 45949 94478 22953 47420 31326 120284 101074 34184 29345 107355 114081 48876 49740 19105 29537 96577 98856 27421 28761 66328 100723 137209 28367 30530 38376 172713 103788 71854 51810 43441 36979 121984 58457 41214 54761 124255 148240 50114 30485 99298 99676 36905 62600 31801 37028 66673 62556 90592 99300 106486 60278 72514 44424 94600 118733 138087 78385 100818 37601 77407 10734 107842 31111 9352 55119 35555 94254 7497 94389 80737 41561 100938 125003 74201 98245 74645 103272 30963 27673 73471 92105 115391 122558 101318 104851 106912 42700 83336 98379 64560 128480 116544 77045 51183 88162 140038 5483 49481 113430 45019 84509 80659 60752 67562 128269 68685 99068 4891 36611 87563 85123 89191 98806 71309 65796 6235 102696 14801 72161 117176 77284 12950 75088 115901 104199 69984 55320 95819 88499 69875 66522 35403 28135 90949 97781 21310 75898 113568 100081 83209 65882 104819 0 38893 46399 71965 77446 87686 32191 83585 132281 63134 103534 44333 98849 104615 92590 52807 33154 78759 90934 93594 110494 112088 54562 111008 27485 92314 82960 40694 44101 71854 122647 37038 69745 48876 121596 143403 62556 91860
116806 67488 44197 121815 99660 138147 41007 161048 130347 124687 148762 34381 131469 122813 77488 120000 120483 90468 132279 54615 35681 141196 150428 131992 135170 135350 127278 133230 44599 131708 113880 141148 152387 37402 79583 81628 84604 61304 134035 94226 145552 135254 120165 83047 133092 61675 85289 67923 153587 133347 71798 67220 140223 151852 86415 88008 29006 64160 115252 134107 46554 65240 102525 134351 176095 66058 55693 73754 208013 129733 109453 88148 81566 67591 155118 96459 80098 93655 144195 186415 88660 69160 120941 127037 75537 99092 46447 71219 94584 101108 123793 136523 144815 96000 111383 78835 133478 154631 173481 112257 134838 75480 110444 32324 146597 64231 48072 93467 3937 129042 31955 127698 98210 37333 125126 156511 98481 130289 107766 126443 24270 48621 112347 130051 146199 157554 140040 137776 136907 78539 118072 135709 102416 160451 154498 112078 89953 123841 177022 37337 88374 145639 80062 114192 100077 99538 68978 165123 107579 133211 34350 74218 117524 124014 120244 129208 102422 96048 43933 138994 27706 110910 153806 110905 51186 103995 151646 143092 108135 94209 134645 127362 107517 105416 9432 37457 129817 136641 58229 114788 151031 119974 117334 82976 139355 38893 0 84124 109062 110174 123331 67132 103517 168933 96272 110552 83129 117565 139860 131328 84855 66943 116806 121868 120000 127586 135565 89310 148208 35681 128227 121815 79583 81628 109453 161048 75800 107710 86415 152387 172943 101108 120165
47691 29038 40505 43643 52829 123095 57038 85397 110683 62107 83757 57294 94228 60895 16070 92713 47768 22884 78853 65114 69047 80932 98361 115027 55356 108684 56025 51643 45292 63718 116553 113488 107904 46722 16303 30972 31004 32644 79800 22181 109793 111325 87730 33673 49695 28236 29649 16609 100820 86598 12334 30004 90493 80609 32162 5583 57196 40764 107208 76433 46737 19220 21338 82799 95077 18126 38144 14005 144722 101973 44965 9051 26980 50240 102778 12407 14129 18741 129300 111321 24652 24289 105231 95945 11723 17360 51229 42262 39712 18408 75524 69595 70540 17032 33971 14945 53916 92029 111510 64121 81794 8802 65745 56200 68496 23966 37129 10446 80437 73983 53895 78342 96002 83643 102588 109362 81416 84778 63513 75937 76286 60501 34570 45929 102369 98287 62646 88187 96772 10318 65287 68306 18293 111448 70383 59514 12032 66025 93656 46849 16335 97424 12701 49414 93407 26728 100932 81923 29121 79954 51289 9907 80889 43597 79739 89043 66245 64524 43395 76236 60862 28878 88106 64031 37452 73702 89943 62288 24121 19833 56156 45870 43264 27162 78570 68832 50741 54804 36500 34938 81516 108441 67056 85357 83769 46399 84124 0 47645 37813 42529 19322 94983 102090 25727 126577 10869 109044 81450 48500 23209 21258 47691 81406 92713 121147 113234 46278 80263 69047 68650 43643 16303 30972 44965 85397 12919 23592 32162 107904 130312 18408 87730
11461 42628 74659 27250 99108 83642 96506 53887 70855 16187 40285 74973 49258 100990 63495 52404 17708 25396 31208 64741 79709 34706 50789 75791 37825 66105 20513 41028 64617 22795 86907 70014 60485 76598 36713 27875 25074 76819 32178 25489 64005 69548 45851 26096 48039 49844 24863 57758 53338 39496 52532 42640 42895 43066 23132 42614 89740 45196 73855 29205 86908 59146 57138 35185 74118 55028 80866 59926 101369 59816 4109 54690 29111 45309 55277 43831 37878 29113 89212 78080 24915 42710 68267 53227 44683 54712 92146 38833 85901 37430 28820 27465 37891 58335 24012 62504 36192 47294 66939 19591 34150 49678 22894 76739 43461 67303 64419 40686 106291 26348 77721 31150 69124 90937 62727 61738 50850 38070 21941 118828 91373 65797 24672 55147 55167 52238 37149 40631 50646 57581 18257 26653 45465 63814 72295 13689 35730 18487 99046 75747 31599 49841 60318 90123 64730 21744 92409 90034 26556 32309 75670 51536 38352 33103 35507 43599 29524 32675 66029 31061 81403 34585 45238 20353 59015 37555 44682 45632 43467 28021 34898 37537 4805 26746 107131 78479 32954 43910 51038 29186 41993 72982 20708 65710 36351 71965 109062 47645 0 76493 68825 62564 64656 60323 69506 102066 38332 75035 34589 44267 70488 65390 11461 36895 52404 85959 71888 22531 39164 79709 21642 27250 36713 27875 4109 53887 43138 45357 23132 60485 82773 37430 45851
71449 66661 67080 58870 30397 157937 73263 94340 145254 86971 103220 90309 125691 24552 34072 126846 68286 56641 105893 102139 103381 103991 123719 149880 63916 141892 75637 57344 79351 84389 153770 146167 135680 75035 53813 67798 67189 48985 106318 53623 140472 144997 121070 70247 49648 64619 65632 46951 125583 115551 46247 67636 117773 95247 67913 39396 81180 78406 143682 101657 64671 49215 19530 110184 93825 51186 54915 39371 159587 135356 72760 28985 63826 88043 127557 33776 51653 49892 163923 117888 59344 61874 140751 128955 49227 22648 66719 80055 21642 39132 105240 89938 83708 20916 54341 33083 63370 112079 129866 95530 108618 44482 98076 88130 76881 46762 69287 38038 106245 100937 84540 107250 133359 118036 137050 135919 117987 114410 96302 42652 108404 96824 54164 38995 130874 119745 73408 115789 127093 35733 94674 88521 31040 137013 57042 89991 45010 92881 71815 75801 50760 124627 32812 13731 130506 55366 138079 60144 50484 106922 82074 44317 113779 54856 111635 120078 100826 100235 76448 98426 92162 43650 106433 95895 72051 108766 110859 66971 33748 50790 66856 53798 71689 49889 102582 103492 62042 58870 73185 51075 97638 144430 97199 123123 109071 77446 110174 37813 76493 0 19516 45268 131855 117798 14311 164316 47829 145395 105529 51371 25338 44415 71449 113134 126846 157344 147142 82018 97944 103381 94077 58870 53813 67798 72760 94340 50619 31720 67913 135680 157186 39132 121070
61380 70662 79221 46287 49698 152333 89129 77116 139539 76296 89263 99447 117593 37387 45884 121030 56944 54507 95513 107022 111531 91604 111868 144406 48105 134891 63204 41179 87638 71827 151970 138624 124891 86631 55932 67600 66171 63653 95628 50413 131471 138371 114641 69515 32434 70739 64502 56373 113380 105996 53884 71580 107138 79748 66338 41450 94742 82059 140504 90448 79758 58977 21428 99850 74654 59570 69870 49742 142921 128639 64780 35886 63947 90482 115315 33062 54007 47265 157995 99657 57596 66120 136228 122041 54043 25300 82577 81920 40955 34675 96532 76921 68190 27477 44938 44507 47927 98082 114781 88413 98017 50988 91553 97978 60153 59128 78736 37695 119466 90704 95113 97944 132195 126152 131362 124429 115431 105331 90228 56945 118276 102855 44414 21025 120631 106137 57642 105401 118131 45120 86203 75521 27583 124968 37587 82488 44685 82967 54529 87109 50074 113761 43296 29943 128737 50150 142480 42598 42419 96464 92534 51547 107156 41167 104267 111808 96214 96923 85437 85851 102441 34243 91912 89104 79861 104409 97264 49708 26299 47849 51553 38909 64185 42667 116494 111346 47428 42015 78869 40300 82581 140486 89110 123832 97625 87686 123331 42529 68825 19516 0 56314 129586 102022 28808 164375 49810 141991 93583 34928 40188 56391 61380 105588 121030 153535 140711 79513 83466 111531 83315 46287 55932 67600 64780 77116 54930 24826 66338 124891 145497 34675 114641
64818 29359 22942 62673 48074 129875 37717 104415 118064 78128 100939 45110 105208 63786 11197 101095 65793 37276 93231 59777 58413 97015 113043 121943 74642 117682 73937 70954 34639 81097 118813 122912 121110 30358 26037 39206 40654 14306 94414 38450 121016 119768 97155 42086 68673 23727 39905 5062 115722 99624 10032 30213 104393 98938 42399 24583 39016 39596 111573 91767 27416 5259 35397 96865 114366 9526 19119 6625 162295 110947 60633 21128 35914 50130 117632 31337 24697 35805 136264 130382 37705 25414 111381 105464 17915 32031 31975 44245 36884 37730 88431 86885 89260 28888 52690 12242 73180 108870 128527 76299 96190 13173 77055 42863 87694 4871 24163 29758 63302 88575 39373 91669 98195 72992 110297 123214 86289 97415 74515 74742 63154 53448 53380 63876 115257 114550 81738 101972 108574 11464 78849 85669 36674 125765 88119 72643 29618 80981 109924 30924 31642 111189 13052 53039 96537 43758 95288 98010 47947 94333 36869 11273 91011 62885 90822 100521 75110 71817 31412 92761 46946 48200 105505 75839 27989 81552 106555 81610 42861 36796 75332 65190 58742 45884 60735 58654 69947 74095 31733 54113 99547 113728 80031 85437 98845 32191 67132 19322 62564 45268 56314 0 98705 119894 30960 126167 24666 113625 97119 67672 21145 2991 64818 92572 101095 125799 121369 54827 97976 58413 84169 62673 26037 39206 60633 104415 19551 42013 42399 121110 143636 37730 97155
75640 69425 94723 91905 145898 34872 115789 107947 27254 68303 82395 75359 40138 155729 106188 24609 81929 75642 58825 50324 68174 71716 66969 28479 101719 34454 81816 105570 74330 78444 22462 39869 60658 90631 78690 64147 64670 109255 60572 79352 48384 33086 30059 61622 112663 75277 66242 94042 69839 51285 91181 68538 58192 93915 64028 92530 101305 59488 13078 64997 110067 93496 112869 57404 132355 89218 109763 100470 124833 30798 68577 104014 68145 49110 70415 98527 80860 82771 41137 125353 72739 73734 17596 31811 85056 109346 114930 54504 133440 95064 49578 78898 95210 111097 87260 106036 100214 82582 94939 47963 59445 90907 43808 79508 104079 101663 82863 94020 102894 59675 83904 52093 7766 68592 23956 66163 14174 48504 43579 170729 79301 57828 88126 119053 55663 80139 98780 56728 46115 101191 54114 79244 102758 70871 136905 53477 86915 61699 163600 89068 81157 59720 104701 144253 3528 79518 47329 154688 88208 59002 83692 91988 34221 97729 39349 42044 35155 32836 78329 74031 81490 96503 86424 46457 75710 27393 79514 108908 103295 82048 98326 102186 68287 87467 107265 66401 97261 108306 68430 92802 90576 16707 50868 20718 64745 83585 103517 94983 64656 131855 129586 98705 0 98248 120706 37978 84328 15299 68602 108911 116320 101514 75640 39696 24609 27267 32806 50195 86459 68174 65307 91905 78690 64147 68577 107947 83335 104777 64028 60658 75930 95064 30059
55190 102945 134576 60347 146379 94844 155845 27735 85552 44324 20171 134615 59809 139375 117927 74540 54322 83381 40776 120627 137682 28852 33619 90069 54046 75404 46072 60881 124757 38913 115049 74668 46933 136877 95414 88198 85381 134102 38865 81510 61698 79709 68259 86356 69691 110076 85081 115538 31797 46980 110137 102963 40369 22572 83448 96514 149983 104776 100031 36385 145924 117357 102061 41148 49170 113662 138899 115866 42710 73373 60773 106416 89255 102748 32398 93460 96090 84106 97215 28769 83905 102808 90068 68791 102737 101544 151018 97837 134081 85763 50668 33311 34090 106329 68491 116624 54461 15916 14116 59057 39383 106727 62164 136682 42168 124763 124685 92480 166306 42074 137922 47277 105534 147075 80734 42281 89429 49753 64342 158901 149849 123417 68081 81217 48053 19095 44488 41584 54828 112383 52283 34411 91570 39156 79837 57587 90494 45486 99038 136051 88359 40953 114286 130843 100376 76138 140296 96472 73379 40270 135924 108625 64525 63255 59543 56511 72445 78990 126315 30007 141228 76793 15134 60702 119333 75858 19115 52935 86304 83102 50944 64000 62772 75145 167367 136258 55831 60089 111257 69206 20715 95886 54024 110186 33965 132281 168933 102090 60323 117798 102022 119894 98248 0 116859 133808 95305 99768 31178 67106 122045 122441 55190 58861 74540 105429 82307 79915 21920 137682 40957 60347 95414 88198 60773 27735 101457 88254 83448 46933 56522 85763 68259
66423 53684 52877 56571 30050 148359 60498 95618 135833 81873 100597 76026 117969 35282 19764 117656 64418 47023 100128 88525 89163 99910 118860 140284 64402 133283 72370 58561 65171 80937 142261 137868 129809 60784 42029 56636 56472 35425 100787 44856 133216 136126 112321 59282 52548 50989 55031 32795 120999 108999 32516 54661 112009 94384 57471 28662 67335 65366 132892 96633 51403 34991 14905 104307 98806 37176 41534 25153 159341 126629 66133 16694 52635 75318 122982 25705 39855 41037 154496 120419 49357 48907 130690 120420 36412 15510 53934 67666 17253 32737 98247 86735 83151 11216 49812 18804 63493 109339 128000 87639 102976 31183 89745 73821 77931 32519 55015 28990 92354 95154 70235 100652 121688 103802 127683 130610 107103 107529 87722 50455 94092 82964 49915 43685 124633 116512 73451 109863 119955 21796 87727 85340 25596 132157 65306 82487 35150 87036 83248 61526 40659 118950 18685 23842 119131 47777 124448 71348 45290 101199 67765 30768 105248 53805 103617 112546 91280 89971 62199 94626 77853 40208 104311 87783 57972 98951 107750 69045 30555 42062 66669 53940 64772 44139 88900 89306 61403 60791 59574 47888 96244 134030 89929 110741 104100 63134 96272 25727 69506 14311 28808 30960 120706 116859 0 151978 36435 134709 101040 53275 11601 30124 66423 105211 117656 146789 138135 71671 95945 89163 88862 56571 42029 56636 66133 95618 37963 28618 57471 129809 151840 32737 112321
113248 98475 116354 129228 174241 47718 134196 145527 50765 106276 119337 91852 74064 187253 135285 59398 119557 109869 95872 68254 80212 108679 100996 47748 139482 61264 119742 143091 95601 116404 18994 64618 91503 110283 110511 97074 98263 134154 97518 114016 76857 57699 66127 94958 149835 102577 99922 122099 103517 87169 120389 97506 93452 131405 98038 125101 117967 87044 33819 102307 130931 120936 146143 93948 170156 117169 133149 129321 155328 61209 105872 135565 100919 76766 103683 132125 112666 117111 50598 161708 106791 103199 44076 65080 115569 142386 135061 84337 162660 129713 87040 116715 133125 143405 123837 135445 137944 118589 128653 85930 96140 120986 81770 96134 142056 128132 105932 127478 111297 97182 101198 89223 32965 73320 53535 97193 51247 84719 81450 200558 87589 75893 124759 155550 87803 115049 136742 92389 79404 131036 92079 117107 136971 101845 174345 91378 120294 99617 201111 108687 114644 93516 134517 175818 37396 115023 41684 191900 124270 95923 101930 121695 71478 134948 76566 77411 72790 69551 99761 111439 96229 132429 123066 84408 99616 65280 115659 146784 138328 116532 136159 139449 105407 123294 116972 78733 134900 145920 94439 129423 127925 38417 88817 41238 101249 103534 110552 126577 102066 164316 164375 126167 37978 133808 151978 0 116553 34316 105455 146142 145823 128661 113248 76652 59398 33056 55754 85239 123796 80212 103123 129228 110511 97074 105872 145527 114019 139624 98038 91503 100829 129713 66127
40170 21016 41578 39692 63598 112227 61060 80966 99820 53587 76274 53290 83711 71412 25495 81879 41437 12956 69387 57296 63705 72491 89089 104158 52592 97909 49475 50153 41059 56460 106047 102762 98017 46291 6174 20204 20136 38959 70452 13801 99353 100509 76971 22852 50233 22824 18784 20236 91667 76602 14833 21898 80841 74628 21304 8606 58212 32253 96459 67479 50919 22160 29816 73199 93338 18907 43594 21595 137646 91190 36127 19758 16203 40918 93602 16821 4201 11501 118433 106937 14161 16750 94374 85209 7941 25948 55883 32561 50527 18613 65454 62231 65376 26923 29291 24681 50976 84218 103867 53788 72344 11515 55213 52991 64927 29518 35063 12357 79656 64608 51625 68429 85569 77975 91731 99726 70671 74651 52914 86765 72287 53585 30131 48943 92362 90000 58650 78481 86441 19595 55415 61025 22771 102020 73087 49452 6864 56819 97831 46044 6976 87731 22676 59932 82836 19201 92671 86423 24943 70490 49077 13412 70201 41117 69208 78618 55407 53661 40104 68139 57859 27834 80853 53603 33274 62836 81930 60248 26924 12388 52619 44274 34282 22769 78643 63241 47459 53542 29963 31913 75066 97621 56976 75424 74680 44333 83129 10869 38332 47829 49810 24666 84328 95305 36435 116553 0 98274 72720 48262 33823 27344 40170 70896 81879 110358 102401 35409 73385 63705 59794 39692 6174 20204 36127 80966 7343 27228 21304 98017 120500 18613 76971
85385 84283 110022 102056 160510 20748 131049 113067 17466 75887 86181 90373 39959 169507 120802 26082 91535 88834 63087 65216 82591 75638 66735 16208 110709 27488 90242 115189 89614 85649 15351 31640 57339 105897 92822 78079 78324 124410 64596 92254 43023 24454 33251 75432 122885 90332 79833 108897 69220 53585 105855 83416 59513 98866 77499 106278 116450 74615 2326 69772 125366 108442 126179 60705 138130 104114 125009 115160 121487 26895 79099 118026 82077 64304 69369 111795 94975 95816 26637 127927 86060 88484 9765 30983 99491 122780 130226 69380 147915 107805 55042 85114 101816 124807 98521 120588 109325 84788 94339 56646 62993 105402 52694 94560 111435 116694 98153 107390 117148 65061 99029 56660 19356 81733 19221 63031 27652 51382 53165 184952 93295 72835 99313 130118 53496 80892 106683 58625 45145 115674 61814 85688 115681 67714 146488 62588 100386 68751 172914 104330 94642 59252 119171 158059 18223 91858 56902 164604 99981 62998 98877 106557 39653 108001 44470 43733 45939 45266 93621 78943 96381 108311 89624 55389 90990 37723 81946 117374 115722 95021 107078 112340 79106 99454 121734 80833 106665 117680 83633 103950 95188 4211 58443 34683 67885 98849 117565 109044 75035 145395 141991 113625 15299 99768 134709 34316 98274 0 72339 119063 130802 116464 85385 44202 26082 12186 23053 63381 91074 82591 71704 102056 92822 78079 79099 113067 97741 117311 77499 57339 68628 107805 33251
34622 75943 108615 47337 131074 71856 130779 41031 60622 19376 13884 105488 33644 129262 97483 46300 37249 59869 9855 89958 107486 3347 18296 65597 48574 51759 30379 55104 96452 21822 87207 53004 31903 109841 71301 61315 58800 111392 8040 59372 42026 56096 39348 59041 64497 83479 58892 92338 20059 19083 87091 75791 15594 26901 56836 76143 123046 75958 72207 5771 121329 93734 87245 11647 66377 89595 115448 94255 68227 47833 36612 87662 63195 72745 22037 75628 72453 62709 75690 56823 59504 76686 63027 42021 79261 85621 126595 68701 118045 68316 19653 17436 32679 89871 51430 96394 47930 15418 33629 28233 9348 84157 31091 107910 43469 101876 97807 73330 137462 11066 109655 16579 75561 116296 54278 30870 58736 20971 33382 148131 119798 93205 51484 75070 28820 17960 40951 15059 30580 91614 21848 18701 75653 31515 83143 27795 69418 16562 107432 108849 65854 21042 94141 119224 70408 54770 109234 101505 55775 9600 107853 86030 34395 52479 29277 28830 41282 47857 98471 8430 112257 61897 17860 29812 91811 44842 12225 52356 71854 61617 44540 55318 38438 56911 139036 105997 47089 56155 83316 54474 23013 68818 23115 79218 4995 104615 139860 81450 34589 105529 93583 97119 68602 31178 101040 105455 72720 72339 0 60892 103653 99924 34622 28927 46300 79896 58800 50588 18972 107486 12951 47337 71301 61315 36612 41031 77726 73897 56836 31903 51930 68316 39348
33703 66854 88692 17031 81092 125937 105213 42986 113323 45966 54914 101079 88812 72269 61110 95304 27695 43872 64574 100104 110287 58513 78902 118391 13243 107050 31346 6267 88920 39224 131173 109982 92757 94218 52480 56916 54317 79913 64302 39288 101191 110939 88292 57459 3856 70662 52836 65058 80076 75717 60324 67494 75530 44832 53429 43788 105457 75697 117972 58682 94950 67611 38637 68812 46917 65762 85859 61690 108344 101365 40337 48239 54691 80834 81953 36346 51588 38605 131036 67192 46671 63693 111829 94713 55794 39627 99158 72378 69790 30404 67782 43596 33292 44528 23563 59580 13300 63631 79883 62581 66716 56489 66415 101094 25528 72092 83299 38319 127805 60156 99883 68301 113177 123868 105440 91620 95028 75689 65918 91801 119867 98394 22513 14488 89154 71856 22730 74126 88221 57026 58435 42260 31497 91662 28421 56554 41407 53281 55202 94094 43751 81747 57415 63977 108901 35243 132476 45784 25394 65392 97339 58028 80877 11195 77042 82998 73790 76593 88277 52716 105989 20430 57238 63734 81293 81796 63070 15813 25159 38334 16922 6733 40735 27310 126490 109560 13854 7569 76628 18342 47750 116800 61715 108365 65363 92590 131328 48500 44267 51371 34928 67672 108911 67106 53275 146142 48262 119063 60892 0 61333 69258 33703 78042 95304 129653 113479 62532 48869 110287 52430 17031 52480 56916 40337 42986 55556 26461 53429 92757 112298 30404 88292
69274 47484 41871 61886 29886 145652 48964 102512 133376 84282 104714 66039 117432 42679 10594 115595 68283 46081 101646 80528 79484 102878 120955 137604 71331 131712 76491 66080 55783 84724 137280 136584 130916 49913 38400 53260 53708 23837 102505 45031 133002 134260 110786 56087 61149 43459 52473 24134 123308 109686 25462 48438 113382 99871 55028 27889 55876 58778 128872 98852 39803 25867 23062 105669 107782 28954 29933 16582 164737 124987 67557 15996 49370 69125 125279 28629 36344 41375 151921 127867 47837 42876 127549 119030 31312 21717 42405 62160 17121 36315 98653 90609 89018 16805 53720 10390 70218 113260 132413 87326 104567 25414 88944 63541 84930 21745 45232 30339 80929 96729 59684 101400 116612 94010 125343 132209 103166 107922 86692 54774 83644 74440 54042 53366 125449 119972 79896 111114 119969 15132 88345 89257 30906 134137 75969 82658 34791 88689 94706 50761 39525 120328 11632 31900 114465 49026 116236 82783 48896 102740 57285 24376 104021 60077 102940 112251 89131 87002 52502 97897 67356 45522 108761 87241 49043 96389 111402 76813 36872 42468 73116 60963 65963 47339 77371 79763 67695 68653 51911 52933 101330 130470 90196 104732 106264 52807 84855 23209 70488 25338 40188 21145 116320 122045 11601 145823 33823 130802 103653 61333 0 19687 69274 104611 115595 142971 136110 68938 100593 79484 91039 61886 38400 53260 67557 102512 33070 35211 55028 130916 153257 36315 110786
67434 32234 22943 64834 45618 132797 35958 106594 121009 80887 103580 46353 108197 62090 10596 104068 68260 40059 96121 61951 59838 99782 115925 124872 76601 120661 76436 72727 36314 83695 121516 125896 124060 30700 28945 42196 43632 11660 97291 41087 124004 122738 100143 45076 70120 26398 42870 8052 118592 102574 12896 33074 107312 101362 45369 26675 38459 42293 114403 94595 25692 8022 35828 99773 116062 12434 16889 7582 164896 113928 63399 21930 38893 52828 120506 32927 27555 38336 139190 132540 40567 28355 114289 108451 20800 32660 30009 47091 34769 39601 91380 89501 91563 29163 54965 11898 75170 111561 131203 79262 99080 15830 80035 43882 89752 2886 25622 31691 63075 91450 40142 94605 100916 74335 113253 126141 89166 100376 77498 72507 64057 55454 55626 64901 118216 117309 83871 104895 111554 12391 81768 88274 38014 128671 89004 75574 32027 83826 110339 31407 34313 114116 13203 51532 99316 46334 97294 98402 50180 97223 37699 13936 94001 64843 93808 103505 78096 74783 32897 95480 47786 50064 108116 78810 29992 84523 109272 83433 44278 39346 77407 67007 61520 48148 60230 60156 71997 75817 34232 56184 102040 116600 82973 88032 101696 33154 66943 21258 65390 44415 56391 2991 101514 122441 30124 128661 27344 116464 99924 69258 19687 0 67434 95558 104068 128634 124332 57817 100531 59838 86977 64834 28945 42196 63399 106594 22462 43317 45369 124060 146587 39601 100143
0 49416 79775 16789 96453 92605 100710 44462 79905 15552 36166 83233 56423 95572 63746 61721 6312 28253 34502 75071 89110 33635 52508 84940 26395 74195 10492 29943 72211 16295 97735 77578 64253 82709 40306 35246 32248 79083 34873 26371 70092 77916 54809 34163 37541 55971 31517 60382 54585 44652 54987 49621 46348 35391 30505 42212 95620 53952 84329 30309 90747 62170 52779 38819 63253 58482 83753 61120 97478 68239 8484 53283 35335 55423 56568 41036 40912 29188 97895 69609 29050 48498 78140 61578 47547 51028 95830 48257 83427 33694 35267 22068 28197 55249 17110 62557 24785 44340 63870 28888 37185 51646 32714 84588 32463 69679 70548 38945 113829 29579 85031 36564 80349 100951 71929 64518 62001 43955 32298 114099 100408 75509 17348 45689 59595 50728 25997 44421 56753 57994 25223 20855 41114 65821 61296 22852 35775 21653 87961 82029 33205 53182 60254 85180 75865 21131 103692 79257 21205 35513 82814 53546 47341 22777 43762 50604 40502 44038 73111 28643 89384 27930 40687 30031 65908 48335 42273 34172 37709 28142 23439 27001 9992 22289 114158 87983 21653 32680 58594 21097 35262 83097 28370 77171 37768 78759 116806 47691 11461 71449 61380 64818 75640 55190 66423 113248 40170 85385 34622 33703 69274 67434 0 44900 61721 95955 80384 33333 33291 89110 22642 16789 40306 35246 8484 44462 46275 39731 30505 64253 85793 33694 54809
44900 65787 98065 61536 134102 47908 120797 69013 35385 32691 42767 88375 12822 137676 96242 18285 50467 58596 19229 68453 87217 32086 30120 40485 68190 29344 47514 73414 81778 41914 58667 33121 30750 97192 67194 53388 51978 106010 20919 60357 28506 33016 10998 50530 81896 73430 52879 87512 33290 12681 82963 65283 20082 54838 50326 77079 110033 61461 43818 25697 112507 88126 93659 17766 93959 83608 108723 91647 89604 23354 40863 89467 56695 54865 34455 79875 68991 64175 53032 85660 56784 68254 35428 16692 75242 90978 117826 54033 120901 74003 10936 40962 57696 94224 60652 95528 66979 43049 57146 17621 19753 81042 15684 91581 67551 96820 86127 76234 120057 20860 94430 12578 46773 93615 27770 34645 30812 9528 18088 155175 99662 73381 61204 90576 24528 41495 63172 18074 16203 90410 19688 41590 82106 38634 104215 23222 70275 25300 130143 95916 65148 24147 93568 126670 41610 57825 82164 122596 63448 19335 93139 82694 5686 67498 1775 8028 19699 25832 84730 34864 95278 71400 46730 17438 79183 18736 39931 74212 80356 63149 64350 71493 41653 63613 122725 85554 64773 75517 70379 65500 51289 41022 16556 51926 25085 90934 121868 81406 36895 113134 105588 92572 39696 58861 105211 76652 70896 44202 28927 78042 104611 95558 44900 0 18285 53059 35496 38176 47160 87217 27717 61536 67194 53388 40863 69013 73463 82236 50326 30750 52523 74003 10998
61721 72430 102665 78507 145450 31308 125058 86986 18518 50682 60166 88396 15532 151348 106393 0 67609 70652 37005 65387 84389 49586 42495 23392 86021 16756 65367 90967 84131 60129 40930 22333 36400 100353 77261 62530 61889 113582 38519 73260 25887 18710 7294 59650 99158 79600 63131 96088 45305 27771 92130 71735 34186 72784 60586 89031 112473 65392 25909 43704 117765 96232 107327 34691 112075 91703 115411 101257 100294 10204 56507 101315 66311 56634 45831 93119 79272 77034 37112 102310 68319 75802 17144 7584 84863 104300 122967 58593 132406 88033 29215 59239 75978 107037 76407 105892 84739 59200 70475 32960 36952 90841 29521 92119 85817 104892 90470 89075 118738 39102 95743 30613 32324 88007 10334 41781 21813 25392 30824 168068 96478 71730 77076 107273 31152 56023 81342 33012 21515 100788 37012 59875 96128 46456 122016 39022 82529 43367 148134 98920 77003 35172 104146 140095 27397 71710 70992 140324 78611 36919 94911 92299 14443 84496 18778 18038 26473 29335 87643 52870 95115 86824 63733 32058 83221 19554 56261 92282 95168 76099 82251 88657 56911 78455 122252 82629 82345 93228 74759 81570 69109 22762 33669 41733 41934 93594 120000 92713 52404 126846 121030 101095 24609 74540 117656 59398 81879 26082 46300 95304 115595 104068 61721 18285 0 34842 20522 46720 64993 84389 45985 78507 77261 62530 56507 86986 83055 96935 60586 36400 53794 88033 7294
95955 96463 121869 112716 172690 14718 142664 120917 19882 85509 93517 101578 46423 181517 132984 34842 101998 100733 71167 76345 93126 83240 71865 15670 120757 30253 100139 125532 101338 94958 16237 32503 60532 117546 104947 90176 90361 136510 72502 104056 45389 26154 42120 87508 133495 102474 91853 121079 74002 60828 118041 95593 65925 106749 89493 118310 127822 86726 14240 77988 137195 120612 138069 68295 146212 116291 137025 127345 123231 32298 90053 130115 94171 76373 73838 123685 107096 107658 18577 134011 98000 100670 17852 37879 111659 134711 142005 81555 160082 119526 63992 93893 110638 136817 109689 132765 119441 91142 98578 67072 70664 117575 63277 105810 120605 128846 110072 119316 127386 73718 110387 65089 30021 91094 25655 66135 39807 59052 64017 197071 103358 84074 110446 141106 57755 86345 116183 65434 50727 127845 71707 94584 127452 70633 156704 73104 112349 78208 182922 115969 106615 64477 131339 170081 29906 103470 63955 174949 111353 70928 110342 118737 49166 118691 53618 51085 57326 57122 105382 87069 107405 119674 96540 65942 102944 49126 88499 127112 127313 106842 117024 122957 90184 110913 132196 91393 116943 127889 95696 115050 102908 13051 68341 45408 75185 110494 127586 121147 85959 157344 153535 125799 27267 105429 146789 33056 110358 12186 79896 129653 142971 128634 95955 53059 34842 0 23811 75335 98847 93126 80774 112716 104947 90176 90053 120917 109906 128941 89493 60532 67906 119526 42120
80384 92475 121859 97031 165969 13057 143965 99610 5738 67783 71910 105648 25436 171671 126866 20522 85954 91117 51065 81396 99950 62127 48693 8159 103261 7071 82657 108722 102618 76318 37116 8863 36754 118990 97761 83000 82402 133623 52089 93627 21580 2705 26137 80128 117329 99473 83651 116386 50625 39945 112524 91743 43879 85624 81107 109526 130661 84784 24672 57873 137098 116447 127613 47580 125012 111932 135215 121685 99669 12145 75947 121824 86804 75451 50328 113468 99780 97417 17559 111027 88818 96005 15383 18807 105320 124651 142229 78288 152927 108199 45774 74297 90831 127469 95854 126381 102133 68610 74898 52298 49977 111303 49269 109590 101272 125071 109678 109482 134695 54477 113566 45827 39657 101308 11224 42336 38007 38875 50873 188524 111499 88409 96457 126068 34312 63223 97544 43829 28421 121282 55183 75180 116312 46822 139221 58250 102994 60371 164764 117504 97493 41471 124649 160459 36333 91871 79066 157659 98358 50607 112974 112741 33574 102991 36634 30974 46994 49557 106322 66589 112144 106468 74455 51640 102397 39875 66168 108824 115095 96465 99342 106961 76536 98334 138716 98169 100088 110694 94159 100836 81626 18992 52017 53417 53881 112088 135565 113234 71888 147142 140711 121369 32806 82307 138135 55754 102401 23053 58800 113479 136110 124332 80384 35496 20522 23811 0 67208 77686 99950 62050 97031 97761 83000 75947 99610 103513 116907 81107 36754 45626 108199 26137
33333 27679 60328 46429 98819 76820 83033 76294 64452 36219 59804 54930 50575 106196 59676 46720 39100 25492 43527 42289 58012 51888 62696 68753 58750 63073 43017 60648 46035 44732 72493 68182 68035 60283 30557 15827 15278 67963 45175 29168 66384 65422 42368 12937 65994 35373 16650 49774 65732 46942 45557 27228 52919 64861 14204 43059 73406 25415 61691 44824 74470 50189 62818 46167 96526 45649 70553 54596 118806 56328 24850 55088 19595 23147 67447 48440 32594 32581 83039 99971 22680 30100 59019 50678 38165 59399 79799 18113 85845 44903 36164 48647 60397 61506 39274 59174 57017 65337 84218 23852 46267 44133 23296 57325 65773 58900 48676 44011 86877 39909 59199 39902 52729 68624 56405 70980 36125 44294 20565 122102 70022 43860 40269 70585 61930 68396 59331 50413 54362 54073 28928 48086 52563 74224 90938 22794 37015 34564 117671 59146 31281 59189 57446 94775 49231 29784 70659 107721 39165 44531 57500 45620 36213 51574 36403 46201 20368 18304 48344 49908 61675 47230 64859 22837 42088 27458 62338 66903 53278 31854 56330 56094 23508 38089 88500 56674 53459 63871 33336 44832 63295 62459 28648 45965 50396 54562 89310 46278 22531 82018 79513 54827 50195 79915 71671 85239 35409 63381 50588 62532 68938 57817 33333 38176 46720 75335 67208 0 60026 58012 39008 46429 30557 15827 24850 76294 36357 54687 14204 68035 90341 44903 42368
33291 81593 112861 39432 125742 90735 133987 22070 79591 23809 6632 114046 52612 120452 96159 64993 32521 61517 28005 101794 118036 15624 33068 84559 35664 70629 24252 42641 103780 17055 105783 71608 48026 115393 73563 66923 64041 112191 26481 59591 60041 74981 57903 65251 52004 88571 63635 93619 33297 38053 88217 81665 34003 7940 62138 74695 128441 84204 90849 21494 124038 95446 81305 30554 47406 91773 116979 93991 64459 66804 39207 84839 67741 83149 34944 71965 74203 62195 94412 40661 62129 81226 81868 60969 80832 80503 129120 77539 113198 64278 36881 11712 16326 85197 46892 94877 35614 14830 32071 41815 28195 84809 45552 115890 26933 102845 103196 70778 145454 26819 116871 34582 93101 128296 73212 45429 75571 39836 47223 139822 129982 103878 46551 63349 46268 23211 26507 33858 49342 90569 34750 12658 70447 44426 67201 38889 68608 27033 90155 114616 66441 38218 92543 111304 87995 54220 124665 85205 51753 28078 114796 86706 52349 43093 47241 47765 56100 62185 105133 12441 120531 55738 8493 43542 98063 61160 14805 37118 65488 61187 31977 44622 41201 53449 146258 116699 36134 42718 90192 48067 4129 87634 37298 95202 23816 111008 148208 80263 39164 97944 83466 97976 86459 21920 95945 123796 73385 91074 18972 48869 100593 100531 33291 47160 64993 98847 77686 60026 0 118036 22553 39432 73563 66923 39207 22070 79566 67485 62138 48026 64824 64278 57903
89110 43494 40481 97673 103110 102976 54560 133411 94787 94227 117673 13854 96239 121865 69519 84389 93828 66574 99206 19044 0 109193 116475 96592 111163 99669 99484 110750 24078 102429 80419 105467 117418 32847 58408 54686 57632 60700 101040 71052 110037 99598 84808 55177 112816 41121 58784 56443 119664 99113 57860 42815 106204 122677 59098 70993 38024 35391 80266 101835 52992 54174 90165 100843 151470 52435 57715 64017 175041 94071 80998 76031 56043 34950 121089 79925 59750 71771 109132 157759 64003 47098 85464 91497 57843 86244 56358 40925 93994 82206 90190 106606 117216 84757 87816 70373 109395 122676 140838 79338 101580 60554 77017 17466 120891 58091 34257 75845 34763 96460 22502 94095 63312 14684 89456 121755 62811 95988 74459 130756 12460 14283 88867 112612 111276 124731 114252 103815 101812 67789 85680 105991 86088 125844 136560 80108 70285 92196 161536 31410 66790 111248 70574 111367 64790 75581 41282 150093 85015 100064 24068 60109 82599 101150 85659 94295 68183 61606 27002 107727 16243 90401 122718 77844 31702 68947 119574 119435 90625 71974 109801 105137 79228 83017 39144 1781 105640 114223 33866 92284 121264 84771 84475 47911 106402 27485 35681 69047 79709 103381 111531 58413 68174 137682 89163 80212 63705 82591 107486 110287 79484 59838 89110 87217 84389 93126 99950 58012 118036 0 96733 97673 58408 54686 80998 133411 57268 90845 59098 117418 137578 82206 84808
22642 63380 95901 37212 118834 74894 117964 42863 62709 7110 20987 93859 36813 118131 84655 45985 26372 46926 12252 79880 96733 13263 30012 67816 41359 55323 21090 47189 84383 14298 85750 57805 41710 97360 58355 48670 46077 98441 12330 46521 48787 59418 38690 46501 56214 70840 46098 79387 32273 23288 74141 63273 23852 29187 44111 63397 110558 64103 71158 7814 108457 80789 75399 16573 67051 76662 102507 81347 80409 50175 23723 75071 50397 61793 34248 63285 59502 49918 79531 63193 46557 63937 63126 43689 66310 73552 113714 57024 105734 56140 16781 13594 30140 77656 39738 83589 40340 26462 45801 19267 14706 71218 23068 96082 39835 88925 85265 60776 125701 7743 97591 16230 71549 106378 55375 41878 53616 23436 24672 136729 108892 82475 39926 65996 37319 30674 35584 22091 35804 78772 12204 14022 63708 43297 77208 16709 56625 4583 102752 96411 52947 30600 81350 107807 66528 42047 102130 95660 43806 13164 95706 73088 32070 42837 27262 31106 33596 39633 86222 11021 100543 50489 26010 20995 79438 39069 23587 46789 60331 48823 37387 46273 25519 44762 127032 95319 38668 48888 71071 43368 26428 68666 14906 72793 15258 92314 128227 68650 21642 94077 83315 84169 65307 40957 88862 103123 59794 71704 12951 52430 91039 86977 22642 27717 45985 80774 62050 39008 22553 96733 0 37212 58355 48670 23723 42863 64776 62357 44111 41710 63153 56140 38690
16789 55070 81267 0 86311 109336 100191 41761 96658 30327 44410 89793 72742 82120 58736 78507 11123 31561 49461 85842 97673 45481 65633 101702 13523 90744 16985 14222 77954 25706 114148 93938 78631 85676 42310 43121 40270 76286 49464 27593 85825 94535 71573 43107 20834 60166 38986 59052 67240 60256 53798 55550 60942 38007 39046 38160 97861 62402 100951 44186 89923 61319 41877 53785 54354 58509 81713 57642 102956 84890 23361 46583 41661 66232 69192 33541 42040 28418 114566 67712 33810 52746 94911 78228 47632 41203 94632 58117 73818 25932 51584 31106 27202 45984 10473 57330 11772 53254 71503 45665 51868 50025 49446 90394 25240 67455 73985 33364 118515 44767 89902 52477 96265 110625 88704 78156 78061 59908 48899 101211 108065 84967 9573 29104 74497 60875 19079 59284 72625 53589 41853 29689 31229 78798 45131 39617 33430 37360 71924 85293 33633 67504 55000 72424 91940 22401 116934 62784 14824 50374 87469 51821 64116 5989 60452 66912 56771 59704 77976 39792 95304 16450 47858 46775 70761 64766 51988 21764 26061 27742 12939 10299 23878 16968 117948 96772 8040 17461 64857 8971 39685 99832 45067 91920 51338 82960 121815 43643 27250 58870 46287 62673 91905 60347 56571 129228 39692 102056 47337 17031 61886 64834 16789 61536 78507 112716 97031 46429 39432 97673 37212 0 42310 43121 23361 41761 46892 28054 39046 78631 99267 25932 71573
40306 15193 39671 42310 68286 107262 60431 82748 94977 52558 75950 48607 79953 77178 29211 77261 42481 12054 67199 51283 58408 71352 87017 99210 55595 93508 50188 53809 36441 56514 100256 98499 95188 43452 0 14876 15418 40186 68395 14881 95700 95951 72659 17688 54726 18204 14344 21119 89712 73704 16062 16025 78368 75451 16914 14768 55929 26169 90965 65871 50554 22434 35979 70830 96515 18381 44159 24454 137392 86769 35107 25351 10970 34744 91617 22893 2176 14096 113523 108610 11803 11329 89226 80945 8165 32098 55709 26411 55377 23854 62511 62129 66832 32898 31846 28645 53913 83567 103264 50505 70156 13848 51546 48665 67347 30682 31675 18335 76237 62561 47759 65687 79721 72509 86953 97204 65178 71574 49112 92130 67464 47813 32791 54257 89392 88900 60898 75954 83007 23531 52825 61004 28729 99729 78158 46649 11967 55035 103266 43014 8820 85179 26889 65694 77104 20398 86552 91970 28011 68299 45279 15524 66108 44472 65471 75049 50832 48612 35950 67352 53573 32214 80682 50150 28861 57995 81118 63516 32496 14626 55211 47979 33156 25857 75655 57857 50274 57254 24544 35263 75550 92301 54078 69347 72879 40694 79583 16303 36713 53813 55932 26037 78690 95414 42029 110511 6174 92822 71301 52480 38400 28945 40306 67194 77261 104947 97761 30557 73563 58408 58355 42310 0 14876 35107 82748 6487 32966 16914 95188 117713 23854 72659
35246 14771 47314 43121 83145 92393 69647 79667 80136 43976 68142 48003 66002 91583 43867 62530 39399 13710 55818 43188 54686 61933 75563 84344 56553 78898 45737 56604 37036 50180 85973 83988 82418 48778 14876 0 3007 52673 57234 18362 81811 81237 58159 2898 59874 22173 4139 34144 78440 61004 29773 14766 66315 70242 4797 28411 61952 19313 76257 55630 60501 34749 49142 59057 96797 30244 55699 38772 128998 72154 27860 39948 4002 24148 80269 35051 16982 20678 98662 104823 10597 15527 74355 66466 22339 45465 65821 15527 70252 33252 49883 55212 63397 46971 33646 43393 54779 74915 94439 37541 58723 28311 37958 49362 66304 43434 36631 30406 78724 51542 50007 53348 65594 67505 72138 84901 50468 58617 35368 106905 65509 41853 34712 62072 76447 79252 59663 63837 69446 38308 41034 54310 40040 87788 84557 34655 23221 44752 110736 47894 17589 72924 41711 80108 62717 21675 76508 100017 31618 56892 47889 29793 51845 47004 51632 61359 36191 33742 38213 58765 54143 38469 73109 36917 31151 43176 72175 64849 42144 20346 55116 51218 25907 29889 79344 53723 51027 60050 23402 38583 69555 77478 41690 56260 62118 44101 81628 30972 27875 67798 67600 39206 64147 88198 56636 97074 20204 78079 61315 56916 53260 42196 35246 53388 62530 90176 83000 15827 66923 54686 48670 43121 14876 0 27860 79667 20531 43177 4797 82418 104898 33252 58159
8484 42424 73822 23361 95877 87735 95347 52417 74951 17498 40992 75599 53128 97219 60944 56507 14404 23363 34132 66662 80998 36384 53428 79892 34429 70121 18522 37293 64880 22335 90871 73968 63691 76187 35107 27860 24924 74933 34950 22807 67715 73594 49932 26449 44087 49365 24442 55935 55857 42943 50628 42530 45953 42399 23063 39778 89249 46046 77902 31479 85597 57468 53485 38236 71722 53488 79201 57644 102372 63862 0 51660 28534 47051 57817 40428 36078 26263 93290 77145 23360 42045 72370 57261 42876 51177 90787 40081 82695 33802 32481 27532 36225 54932 19923 59893 32754 48463 68160 23660 37034 47596 27001 77152 40941 65429 63989 37497 106578 29190 77866 34602 72913 92636 66828 64702 54702 41669 26038 115188 92448 67275 20571 51056 58511 53917 34481 43761 54333 55055 21916 26554 41774 66581 68474 17708 32957 21132 95251 75410 29243 52905 57666 86422 68580 18559 95276 86120 22604 35220 75732 49478 42430 29152 39504 47430 33487 36377 66043 32245 81890 30553 45828 24452 58922 41564 46018 42394 39559 25166 31706 33618 1999 22907 107173 79831 29398 40258 51249 25078 41717 77070 24542 69067 38805 71854 109453 44965 4109 72760 64780 60633 68577 60773 66133 105872 36127 79099 36612 40337 67557 63399 8484 40863 56507 90053 75947 24850 39207 80998 23723 23361 35107 27860 0 52417 41417 41472 23063 63691 85843 33802 49932
44462 93560 122315 41761 124029 112643 141838 0 101629 41644 27728 127670 74651 114406 100278 86986 40593 71045 49982 118580 133411 37684 53376 106578 31250 92543 33990 37200 116506 31865 127680 93282 68311 126092 82748 79667 76662 118039 48512 67897 81326 96907 79849 78624 44825 99705 75849 100698 52890 60113 95391 93835 55775 14203 74951 79921 138677 98389 112794 43325 131595 102899 80742 52624 25402 99873 123471 99390 65912 88848 52417 87835 79485 99195 54220 74878 82834 69486 116151 25987 72533 92172 103911 83039 88869 81025 136354 92489 112474 67449 58487 29509 16270 85965 51808 98837 32296 32862 41822 61715 50263 91661 65717 128931 17687 109208 114081 75074 157981 48345 129161 56455 114358 144824 95282 64887 96478 61901 66992 133963 144834 119626 51066 56092 67368 40724 22799 55802 71207 95271 54795 29499 71628 62944 52164 57721 75005 46914 71775 125549 74481 59361 96525 106732 109305 62354 144162 68764 56478 50104 126872 93483 74055 42490 68988 69835 76104 81725 117191 34152 133755 57318 25960 63426 109946 81925 34432 27448 65668 68667 29481 41705 54211 58568 158010 132234 34943 35470 102931 50515 18024 109666 57725 115353 45823 122647 161048 85397 53887 94340 77116 104415 107947 27735 95618 145527 80966 113067 41031 42986 102512 106594 44462 69013 86986 120917 99610 76294 22070 133411 42863 41761 82748 79667 52417 0 87951 67414 74951 68311 82269 67449 79849
46275 16120 34409 46892 62878 112733 54475 87951 100571 58900 82128 46368 86189 73245 23370 83055 48050 18136 73685 52282 57268 77731 93501 104706 59884 99424 55935 57496 34149 62545 104548 104491 101636 38958 6487 20531 21515 33713 74878 20216 101962 101763 78652 23420 57459 16149 20591 14642 96193 80149 9594 17086 84849 81178 23137 13739 50970 27850 95823 72318 44473 16051 34064 77315 100664 12208 37785 18267 143572 92680 41417 21650 16863 37452 98099 22659 5372 18516 119039 113893 18226 11378 94535 86954 1808 30085 49564 29706 50176 25638 68955 68223 72218 29938 36449 22973 58255 89843 109536 56904 76643 7794 57847 45883 72105 24203 27745 18652 72319 69042 44367 72153 83915 71705 92613 103680 70100 77994 55375 87429 65410 47927 37320 55723 95821 95279 65774 82433 89341 17963 59306 67068 28821 106215 80009 53118 14155 61495 104404 38702 13480 91655 21441 61800 81569 25765 88048 92876 32205 74786 41808 9279 72222 48444 71729 81351 56716 54130 32964 73652 50724 35127 86815 56512 26296 63662 87433 67575 33567 19293 59830 51616 39485 30028 71308 56908 54713 60884 23962 39231 81430 97402 60533 72781 79347 37038 75800 12919 43138 50619 54930 19551 83335 101457 37963 114019 7343 97741 77726 55556 33070 22462 46275 73463 83055 109906 103513 36357 79566 57268 64776 46892 6487 20531 41417 87951 0 33645 23137 101636 124162 25638 78652
39731 48142 64028 28054 58257 128227 79150 67414 115449 55252 72349 79942 94596 55922 34713 96935 36712 29815 74195 84150 90845 72458 92043 120242 36177 111336 44327 30896 67750 53030 127149 115356 103973 70309 32966 43177 41561 53622 74602 25614 109097 114648 90772 44931 26900 49772 39887 40055 93955 83988 35912 48987 86066 65766 41622 20101 80647 58969 115790 69947 68951 42710 13826 78494 73340 41669 59655 35741 130724 104936 41472 21846 39693 66650 95933 11290 31328 22595 134018 92661 32938 43977 111768 98414 33282 13611 72980 57981 45827 9948 73871 58711 54547 18552 22621 33175 35135 81157 99556 64764 76908 32259 67639 79217 49778 46190 60412 15004 104028 69246 77222 75724 107377 105181 107246 104205 90629 82960 66122 74372 98995 80761 22454 22373 99216 88574 44979 84100 95703 30948 63341 57301 5351 105346 46830 59014 21076 61212 70759 70412 25943 92911 31054 45450 103912 25471 119024 59249 18922 75219 74621 33494 83348 25229 80814 88902 71678 72163 66304 66972 83979 12024 75901 65300 59876 79839 79732 41665 2044 23109 38184 25768 40584 18624 102120 90424 32852 33578 57184 19638 67667 115901 66013 99246 77371 69745 107710 23592 45357 31720 24826 42013 104777 88254 28618 139624 27228 117311 73897 26461 35211 43317 39731 82236 96935 128941 116907 54687 67485 90845 62357 28054 32966 43177 41472 67414 33645 0 41622 103973 125475 9948 90772
30505 19497 51793 39046 84866 90957 73980 74951 78522 39271 63415 52728 63062 92024 46103 60586 34799 11832 51640 46861 59098 57365 71442 82886 52377 76699 40996 52765 41827 45383 86151 81635 78779 53473 16914 4797 1966 56181 53000 16106 78827 79236 55804 4067 56528 26770 2572 37358 74273 57307 32662 19532 62370 65448 0 28855 66629 23716 75771 51185 64683 38209 48842 55004 92384 33781 59505 41341 124363 69968 23063 40909 6571 27414 76125 34511 18808 19073 97146 100055 8779 19851 73221 64077 24917 45339 69987 19092 71823 31689 46131 50427 58681 47325 29945 45491 50601 70270 89833 33916 54566 30746 34715 54138 61800 46810 41304 29993 83519 47257 54805 49484 66034 71667 70428 81071 50084 55038 32238 107909 70083 46008 31009 59434 72884 74745 55160 59911 66222 40365 36933 49520 38994 83833 81370 30593 22910 40283 107752 52615 17155 69062 43655 80592 62846 18409 79323 97235 28406 52724 52683 32374 49199 43211 48594 58217 34114 32508 43005 54092 58908 35748 68370 33440 35927 41549 67561 60687 40406 18513 50786 47523 21111 26856 84137 58085 46859 56184 28193 35104 64759 76645 37812 57671 57797 48876 86415 32162 23132 67913 66338 42399 64028 83448 57471 98038 21304 77499 56836 53429 55028 45369 30505 50326 60586 89493 81107 14204 62138 59098 44111 39046 16914 4797 23063 74951 23137 41622 0 78779 101296 31689 55804
64253 95687 128323 78631 159557 48568 151047 68311 40987 48810 41464 119081 21653 159817 123489 36400 68012 85161 29796 98476 117418 34530 15005 44864 80469 30416 61879 87003 112489 53568 72527 28402 0 127769 95188 82418 80595 134959 29395 85886 15249 34382 33303 79669 96384 103397 81232 116093 15566 21487 111230 95259 17908 55480 78779 103027 140681 92079 58216 34446 142476 116987 116791 25537 93225 112544 138115 119424 64410 30700 63691 115170 85332 85607 14600 104106 96764 89569 50429 75625 83939 97736 47718 28916 103351 114724 147808 84615 146363 97281 32681 49327 63661 118600 81360 122599 79832 35511 38244 44890 27068 108885 44748 122320 74523 125580 116519 101145 150663 34765 125177 29589 68424 122821 38401 5692 57177 23812 47470 178318 129813 103798 81591 106850 6222 28415 72629 19954 15723 117571 42629 50604 105058 10388 114637 48593 96126 42863 138169 126521 91631 11131 120482 149411 63654 82184 107392 132878 85249 28759 123871 110650 34865 84018 32462 23180 50449 56497 115379 40239 125979 92168 42358 45521 109679 48473 33931 83954 101957 88481 76438 87061 65126 86030 153430 115721 78927 88042 100864 85077 51329 53163 41115 77922 27417 121596 152387 107904 60485 135680 124891 121110 60658 46933 129809 91503 98017 57339 31903 92757 130916 124060 64253 30750 36400 60532 36754 68035 48026 117418 41710 78631 95188 82418 63691 68311 101636 103973 78779 0 22527 97281 33303
85793 118019 150524 99267 181698 53613 173258 82269 51164 70243 58258 140197 41555 181098 145955 53794 89046 107620 51729 118536 137578 53934 33634 53266 99501 41759 82302 106296 134185 73677 82572 37010 22527 149707 117713 104898 103105 157473 51061 108235 27942 44210 52784 102133 115760 125713 103754 138618 32226 44014 133757 117566 39895 71311 101296 125375 162507 113970 70114 55529 164811 139501 138546 47614 105580 135052 160585 141933 57287 45295 85843 137450 107844 106990 30346 126165 119284 111885 52687 83004 106441 120169 60077 46352 125877 136630 170140 106554 168530 119189 55208 68778 81120 140624 102870 145049 99090 50404 43757 67393 48865 131402 67106 143597 91738 148101 138631 123340 171419 56696 146675 52078 83488 141789 52023 21275 75574 46283 69801 199834 149838 124346 103023 126657 28457 42005 90941 42143 36500 140035 65088 70149 126842 20637 131956 71104 118480 64810 153871 148421 114069 32943 142918 170909 79279 104390 123243 149771 106952 50651 145480 133170 55945 104357 54283 44600 72094 77798 137213 59720 147063 113548 57526 67983 131705 69102 50020 101888 123442 110794 95551 107027 87349 107855 174481 135843 98655 106918 122899 106255 67346 64496 63638 95156 48128 143403 172943 130312 82773 157186 145497 143636 75930 56522 151840 100829 120500 68628 51930 112298 153257 146587 85793 52523 53794 67906 45626 90341 64824 137578 63153 99267 117713 104898 85843 82269 124162 125475 101296 22527 0 119189 52784
33694 39015 58291 25932 62759 119259 75445 67449 106514 49138 68482 71896 86567 63674 32842 88033 32061 19872 67527 74661 82206 67245 86129 111236 37023 102832 40218 33255 59665 48573 117395 107050 97281 63881 23854 33252 31613 50792 68129 15750 101434 106007 82082 34984 31985 41436 29939 34773 88263 76736 29936 39814 79425 63714 31689 13410 75057 49486 106239 63902 65144 37282 19709 71747 76714 35361 56454 32179 128469 96335 33802 20700 29822 56861 90246 7697 22458 12648 125145 93269 22991 35115 102505 89892 25652 17446 69605 48174 49750 0 66237 54436 53122 21555 17434 31419 35627 77102 96135 56404 70347 26094 59016 71516 50302 42348 53216 7998 97538 62549 69944 68400 97534 96360 98303 97938 80940 75458 57326 81402 90899 71588 17728 30412 92241 84035 44650 77328 88074 27872 55665 53066 8119 99429 54475 50866 11921 54433 79412 63805 16212 86350 29095 52710 94131 16330 109292 68147 12687 68588 67369 27667 74738 25275 72509 80971 62404 62576 58600 62044 76362 10471 72465 56795 51859 70507 75356 43880 8935 13181 38032 27464 32629 11405 96108 81688 32579 36453 48366 16993 65050 106506 58113 89299 71369 62556 101108 18408 37430 39132 34675 37730 95064 85763 32737 129713 18613 107805 68316 30404 36315 39601 33694 74003 88033 119526 108199 44903 64278 82206 56140 25932 23854 33252 33802 67449 25638 9948 31689 97281 119189 0 82082
54809 69050 100216 71573 140555 37848 122808 79849 25105 43438 53232 87682 11658 145611 101868 7294 60611 65316 29898 65773 84808 42598 37155 30131 78833 20971 58166 83863 82469 52840 47890 25842 33303 98453 72659 58159 57240 110035 31470 67646 25682 23929 0 55261 92148 76444 58373 92111 40131 21282 87920 68421 28136 65654 55804 83806 110898 62979 32949 36532 115111 92430 101540 27822 104879 87887 112204 96916 95959 14314 49932 96162 61802 54965 40886 87451 74603 71450 43362 95702 63150 72108 24437 8311 80458 98629 120371 55868 127436 82082 21922 51959 68694 101552 69855 101287 77572 52707 65040 26277 30019 86395 23135 91216 78523 101132 88068 83538 118678 31840 94550 23412 37530 89599 17150 38279 23952 18642 24769 162627 97101 71586 70488 100449 27489 50083 74064 26691 17631 96164 29897 52587 90197 42798 114845 32295 77176 36103 140908 97075 71767 30126 99459 134436 32419 65758 74911 133177 72256 29870 93532 87930 7508 77559 11503 12048 22048 26278 85781 45707 94507 80400 56948 25537 80898 16772 49696 85030 88964 70480 75042 81671 50456 72206 121861 83079 75232 86077 72251 74925 62026 30026 26584 44978 35135 91860 120165 87730 45851 121070 114641 97155 30059 68259 112321 66127 76971 33251 39348 88292 110786 100143 54809 10998 7294 42120 26137 42368 57903 84808 38690 71573 72659 58159 49932 79849 78652 90772 55804 33303 52784 82082 0
