action_id,focus_customer_ids,focus_direct_roundtrip_advantage_km,status,evaluated,complete_model_feasible,violation_count,violations_json,cross_site_service_count,after_cost_cny,cost_change_cny,after_emissions_kg,minimum_participation_margin_cny,penalized_change_cny,improves_initial_penalized,maximum_charge_end_soc,charging_actions_entering_taper_region,wall_seconds,error_type,error
relocate:CV_D_dongguan_2#T1:C012->CV_D_foshan_1#T1@0,C012,C012:2.04503592614,REJECTED_INTERFACE,False,,,[],,,,,,,,,,0.001474166987463832,ValueError,E3_STRICT_MULTITRIP_V2: route CV_D_foshan_1#T1 misses C030's time window
relocate:CV_D_dongguan_2#T1:C012->CV_D_foshan_1#T1@1,C012,C012:2.04503592614,REJECTED_INTERFACE,False,,,[],,,,,,,,,,0.001778292004019022,ValueError,E3_STRICT_MULTITRIP_V2: route CV_D_foshan_1#T1 misses C031's time window
relocate:CV_D_dongguan_2#T1:C012->CV_D_foshan_1#T1@2,C012,C012:2.04503592614,REJECTED_INTERFACE,False,,,[],,,,,,,,,,0.0015413330111186951,ValueError,E3_STRICT_MULTITRIP_V2: route CV_D_foshan_1#T1 misses C041's time window
relocate:CV_D_dongguan_2#T1:C012->CV_D_foshan_1#T1@3,C012,C012:2.04503592614,REJECTED_INTERFACE,False,,,[],,,,,,,,,,0.0013871250266674906,ValueError,E3_STRICT_MULTITRIP_V2: route CV_D_foshan_1#T1 misses C039's time window
relocate:CV_D_dongguan_2#T1:C012->CV_D_foshan_1#T1@4,C012,C012:2.04503592614,REJECTED_INTERFACE,False,,,[],,,,,,,,,,0.001310291001573205,ValueError,E3_STRICT_MULTITRIP_V2: route CV_D_foshan_1#T1 misses C036's time window
relocate:CV_D_dongguan_2#T1:C012->CV_D_foshan_1#T1@5,C012,C012:2.04503592614,REJECTED_INTERFACE,False,,,[],,,,,,,,,,0.0013011250121053308,ValueError,E3_STRICT_MULTITRIP_V2: route CV_D_foshan_1#T1 misses C012's time window
relocate:CV_D_dongguan_2#T1:C012->CV_D_foshan_1#T1@6,C012,C012:2.04503592614,REJECTED_INTERFACE,False,,,[],,,,,,,,,,0.001291874999878928,ValueError,E3_STRICT_MULTITRIP_V2: route CV_D_foshan_1#T1 misses C012's time window
relocate:CV_D_dongguan_2#T1:C012->CV_D_foshan_1#T2@0,C012,C012:2.04503592614,REJECTED_INTERFACE,False,,,[],,,,,,,,,,0.0013370829983614385,ValueError,E3_STRICT_MULTITRIP_V2: CV_D_foshan_1 has overlap or incomplete recharge
relocate:CV_D_dongguan_2#T1:C012->CV_D_foshan_1#T2@1,C012,C012:2.04503592614,REJECTED_INTERFACE,False,,,[],,,,,,,,,,0.001299459021538496,ValueError,E3_STRICT_MULTITRIP_V2: route CV_D_foshan_1#T2 misses C012's time window
relocate:CV_D_dongguan_2#T1:C012->CV_D_foshan_1#T2@2,C012,C012:2.04503592614,REJECTED_INTERFACE,False,,,[],,,,,,,,,,0.0013108339917380363,ValueError,E3_STRICT_MULTITRIP_V2: route CV_D_foshan_1#T2 misses C012's time window
relocate:CV_D_dongguan_2#T1:C012->CV_D_foshan_1#T2@3,C012,C012:2.04503592614,REJECTED_INTERFACE,False,,,[],,,,,,,,,,0.0012981659965589643,ValueError,E3_STRICT_MULTITRIP_V2: route CV_D_foshan_1#T2 misses C012's time window
relocate:CV_D_dongguan_2#T1:C012->CV_D_foshan_1#T2@4,C012,C012:2.04503592614,REJECTED_INTERFACE,False,,,[],,,,,,,,,,0.0012944999907631427,ValueError,E3_STRICT_MULTITRIP_V2: route CV_D_foshan_1#T2 misses C012's time window
relocate:CV_D_dongguan_2#T1:C012->CV_D_foshan_1#T2@5,C012,C012:2.04503592614,REJECTED_INTERFACE,False,,,[],,,,,,,,,,0.0012906249903608114,ValueError,E3_STRICT_MULTITRIP_V2: route CV_D_foshan_1#T2 misses C012's time window
relocate:CV_D_dongguan_2#T1:C012->CV_D_foshan_1#T2@6,C012,C012:2.04503592614,REJECTED_INTERFACE,False,,,[],,,,,,,,,,0.0014817499904893339,ValueError,E3_STRICT_MULTITRIP_V2: route CV_D_foshan_1#T2 misses C012's time window
relocate:CV_D_dongguan_2#T1:C012->CV_D_foshan_2#T1@0,C012,C012:2.04503592614,REJECTED_INTERFACE,False,,,[],,,,,,,,,,0.0014259169984143227,ValueError,E3_STRICT_MULTITRIP_V2: route CV_D_foshan_2#T1 misses C028's time window
relocate:CV_D_dongguan_2#T1:C012->CV_D_foshan_2#T1@1,C012,C012:2.04503592614,REJECTED_INTERFACE,False,,,[],,,,,,,,,,0.001447874994482845,ValueError,E3_STRICT_MULTITRIP_V2: route CV_D_foshan_2#T1 misses C024's time window
relocate:CV_D_dongguan_2#T1:C012->CV_D_foshan_2#T1@2,C012,C012:2.04503592614,REJECTED_INTERFACE,False,,,[],,,,,,,,,,0.0012964590277988464,ValueError,E3_STRICT_MULTITRIP_V2: route CV_D_foshan_2#T1 misses C021's time window
relocate:CV_D_dongguan_2#T1:C012->CV_D_foshan_2#T1@3,C012,C012:2.04503592614,REJECTED_INTERFACE,False,,,[],,,,,,,,,,0.001291458000196144,ValueError,E3_STRICT_MULTITRIP_V2: route CV_D_foshan_2#T1 misses C012's time window
relocate:CV_D_dongguan_2#T1:C012->CV_D_foshan_2#T1@4,C012,C012:2.04503592614,REJECTED_INTERFACE,False,,,[],,,,,,,,,,0.0013108749990351498,ValueError,E3_STRICT_MULTITRIP_V2: route CV_D_foshan_2#T1 misses C012's time window
relocate:CV_D_dongguan_2#T1:C012->CV_D_foshan_2#T1@5,C012,C012:2.04503592614,REJECTED_INTERFACE,False,,,[],,,,,,,,,,0.0013014579890295863,ValueError,E3_STRICT_MULTITRIP_V2: route CV_D_foshan_2#T1 misses C012's time window
relocate:CV_D_dongguan_2#T1:C012->CV_D_foshan_2#T1@6,C012,C012:2.04503592614,REJECTED_INTERFACE,False,,,[],,,,,,,,,,0.001289624982746318,ValueError,E3_STRICT_MULTITRIP_V2: route CV_D_foshan_2#T1 misses C012's time window
relocate:CV_D_dongguan_2#T1:C012->CV_D_foshan_2#T1@7,C012,C012:2.04503592614,REJECTED_INTERFACE,False,,,[],,,,,,,,,,0.0012971250107511878,ValueError,E3_STRICT_MULTITRIP_V2: route CV_D_foshan_2#T1 misses C012's time window
relocate:CV_D_dongguan_2#T1:C012->CV_D_foshan_2#T2@0,C012,C012:2.04503592614,REJECTED_INTERFACE,False,,,[],,,,,,,,,,0.001323625008808449,ValueError,E3_STRICT_MULTITRIP_V2: CV_D_foshan_2 has overlap or incomplete recharge
relocate:CV_D_dongguan_2#T1:C012->CV_D_foshan_2#T2@1,C012,C012:2.04503592614,REJECTED_INTERFACE,False,,,[],,,,,,,,,,0.0012953749974258244,ValueError,E3_STRICT_MULTITRIP_V2: route CV_D_foshan_2#T2 misses C012's time window
relocate:CV_D_dongguan_2#T1:C012->CV_D_foshan_2#T2@2,C012,C012:2.04503592614,REJECTED_INTERFACE,False,,,[],,,,,,,,,,0.0012977079895790666,ValueError,E3_STRICT_MULTITRIP_V2: route CV_D_foshan_2#T2 misses C012's time window
relocate:CV_D_dongguan_2#T1:C012->CV_D_guangzhou_1#T1@0,C012,C012:2.04503592614,REJECTED_INTERFACE,False,,,[],,,,,,,,,,0.001611082989256829,ValueError,E3_STRICT_MULTITRIP_V2: route CV_D_guangzhou_1#T1 misses C055's time window
relocate:CV_D_dongguan_2#T1:C012->CV_D_guangzhou_1#T1@1,C012,C012:2.04503592614,REJECTED_INTERFACE,False,,,[],,,,,,,,,,0.001428207993740216,ValueError,E3_STRICT_MULTITRIP_V2: route CV_D_guangzhou_1#T1 misses C046's time window
relocate:CV_D_dongguan_2#T1:C012->CV_D_guangzhou_1#T1@2,C012,C012:2.04503592614,REJECTED_INTERFACE,False,,,[],,,,,,,,,,0.0014330830017570406,ValueError,E3_STRICT_MULTITRIP_V2: route CV_D_guangzhou_1#T1 misses C052's time window
relocate:CV_D_dongguan_2#T1:C012->CV_D_guangzhou_1#T1@3,C012,C012:2.04503592614,REJECTED_INTERFACE,False,,,[],,,,,,,,,,0.001311291998717934,ValueError,E3_STRICT_MULTITRIP_V2: route CV_D_guangzhou_1#T1 misses C042's time window
relocate:CV_D_dongguan_2#T1:C012->CV_D_guangzhou_1#T1@4,C012,C012:2.04503592614,REJECTED_INTERFACE,False,,,[],,,,,,,,,,0.0013118330098222941,ValueError,E3_STRICT_MULTITRIP_V2: route CV_D_guangzhou_1#T1 misses C074's time window
relocate:CV_D_dongguan_2#T1:C012->CV_D_guangzhou_1#T1@5,C012,C012:2.04503592614,REJECTED_INTERFACE,False,,,[],,,,,,,,,,0.0013050000125076622,ValueError,E3_STRICT_MULTITRIP_V2: route CV_D_guangzhou_1#T1 misses C067's time window
relocate:CV_D_dongguan_2#T1:C012->CV_D_guangzhou_1#T1@6,C012,C012:2.04503592614,REJECTED_INTERFACE,False,,,[],,,,,,,,,,0.0013593330222647637,ValueError,E3_STRICT_MULTITRIP_V2: CV_D_guangzhou_1 has overlap or incomplete recharge
relocate:CV_D_dongguan_2#T1:C012->CV_D_guangzhou_1#T2@0,C012,C012:2.04503592614,REJECTED_INTERFACE,False,,,[],,,,,,,,,,0.001377542008413002,ValueError,E3_STRICT_MULTITRIP_V2: CV_D_guangzhou_1 has overlap or incomplete recharge
relocate:CV_D_dongguan_2#T1:C012->CV_D_guangzhou_1#T2@1,C012,C012:2.04503592614,REJECTED_INTERFACE,False,,,[],,,,,,,,,,0.0013447499950416386,ValueError,E3_STRICT_MULTITRIP_V2: route CV_D_guangzhou_1#T2 misses C012's time window
relocate:CV_D_dongguan_2#T1:C012->CV_D_guangzhou_1#T2@2,C012,C012:2.04503592614,REJECTED_INTERFACE,False,,,[],,,,,,,,,,0.0013119580107741058,ValueError,E3_STRICT_MULTITRIP_V2: route CV_D_guangzhou_1#T2 misses C012's time window
relocate:CV_D_dongguan_2#T1:C012->CV_D_guangzhou_1#T2@3,C012,C012:2.04503592614,REJECTED_INTERFACE,False,,,[],,,,,,,,,,0.0013150419981684536,ValueError,E3_STRICT_MULTITRIP_V2: route CV_D_guangzhou_1#T2 misses C012's time window
relocate:CV_D_dongguan_2#T1:C012->CV_D_guangzhou_1#T2@4,C012,C012:2.04503592614,REJECTED_INTERFACE,False,,,[],,,,,,,,,,0.0013188330049160868,ValueError,E3_STRICT_MULTITRIP_V2: route CV_D_guangzhou_1#T2 misses C012's time window
relocate:CV_D_dongguan_2#T1:C012->CV_D_guangzhou_1#T2@5,C012,C012:2.04503592614,REJECTED_INTERFACE,False,,,[],,,,,,,,,,0.0014741670165676624,ValueError,E3_STRICT_MULTITRIP_V2: route CV_D_guangzhou_1#T2 misses C012's time window
relocate:CV_D_dongguan_2#T1:C012->CV_D_guangzhou_1#T2@6,C012,C012:2.04503592614,REJECTED_INTERFACE,False,,,[],,,,,,,,,,0.0015573750133626163,ValueError,E3_STRICT_MULTITRIP_V2: route CV_D_guangzhou_1#T2 misses C012's time window
relocate:CV_D_dongguan_2#T1:C012->CV_D_guangzhou_2#T1@0,C012,C012:2.04503592614,REJECTED_INTERFACE,False,,,[],,,,,,,,,,0.0014090420154388994,ValueError,E3_STRICT_MULTITRIP_V2: route CV_D_guangzhou_2#T1 misses C069's time window
relocate:CV_D_dongguan_2#T1:C012->CV_D_guangzhou_2#T1@1,C012,C012:2.04503592614,REJECTED_INTERFACE,False,,,[],,,,,,,,,,0.001315292000072077,ValueError,E3_STRICT_MULTITRIP_V2: route CV_D_guangzhou_2#T1 misses C051's time window
relocate:CV_D_dongguan_2#T1:C012->CV_D_guangzhou_2#T1@2,C012,C012:2.04503592614,REJECTED_INTERFACE,False,,,[],,,,,,,,,,0.001309624989517033,ValueError,E3_STRICT_MULTITRIP_V2: route CV_D_guangzhou_2#T1 misses C057's time window
relocate:CV_D_dongguan_2#T1:C012->CV_D_guangzhou_2#T1@3,C012,C012:2.04503592614,REJECTED_INTERFACE,False,,,[],,,,,,,,,,0.0013142079988028854,ValueError,E3_STRICT_MULTITRIP_V2: route CV_D_guangzhou_2#T1 misses C071's time window
relocate:CV_D_dongguan_2#T1:C012->CV_D_guangzhou_2#T1@4,C012,C012:2.04503592614,REJECTED_INTERFACE,False,,,[],,,,,,,,,,0.0013092919834889472,ValueError,E3_STRICT_MULTITRIP_V2: route CV_D_guangzhou_2#T1 misses C012's time window
relocate:CV_D_dongguan_2#T1:C012->CV_D_guangzhou_2#T1@5,C012,C012:2.04503592614,REJECTED_INTERFACE,False,,,[],,,,,,,,,,0.001317209011176601,ValueError,E3_STRICT_MULTITRIP_V2: route CV_D_guangzhou_2#T1 misses C012's time window
relocate:CV_D_dongguan_2#T1:C012->CV_D_guangzhou_2#T1@6,C012,C012:2.04503592614,REJECTED_INTERFACE,False,,,[],,,,,,,,,,0.0013060420169495046,ValueError,E3_STRICT_MULTITRIP_V2: route CV_D_guangzhou_2#T1 misses C012's time window
relocate:CV_D_dongguan_2#T1:C012->CV_D_guangzhou_2#T2@0,C012,C012:2.04503592614,REJECTED_INTERFACE,False,,,[],,,,,,,,,,0.0013549580180551857,ValueError,E3_STRICT_MULTITRIP_V2: CV_D_guangzhou_2 has overlap or incomplete recharge
relocate:CV_D_dongguan_2#T1:C012->CV_D_guangzhou_2#T2@1,C012,C012:2.04503592614,REJECTED_INTERFACE,False,,,[],,,,,,,,,,0.0013270000054035336,ValueError,E3_STRICT_MULTITRIP_V2: route CV_D_guangzhou_2#T2 misses C012's time window
relocate:CV_D_dongguan_2#T1:C012->CV_D_guangzhou_2#T2@2,C012,C012:2.04503592614,REJECTED_INTERFACE,False,,,[],,,,,,,,,,0.0013304160092957318,ValueError,E3_STRICT_MULTITRIP_V2: route CV_D_guangzhou_2#T2 misses C012's time window
relocate:CV_D_dongguan_2#T1:C012->CV_D_guangzhou_2#T2@3,C012,C012:2.04503592614,REJECTED_INTERFACE,False,,,[],,,,,,,,,,0.0017625420005060732,ValueError,E3_STRICT_MULTITRIP_V2: route CV_D_guangzhou_2#T2 misses C012's time window
relocate:CV_D_dongguan_2#T1:C012->CV_D_guangzhou_2#T2@4,C012,C012:2.04503592614,REJECTED_INTERFACE,False,,,[],,,,,,,,,,0.0015978750016074628,ValueError,E3_STRICT_MULTITRIP_V2: route CV_D_guangzhou_2#T2 misses C012's time window
relocate:CV_D_dongguan_2#T1:C012->CV_D_guangzhou_2#T2@5,C012,C012:2.04503592614,REJECTED_INTERFACE,False,,,[],,,,,,,,,,0.001414541999110952,ValueError,E3_STRICT_MULTITRIP_V2: route CV_D_guangzhou_2#T2 misses C012's time window
relocate:CV_D_dongguan_2#T1:C012->CV_D_guangzhou_2#T2@6,C012,C012:2.04503592614,REJECTED_INTERFACE,False,,,[],,,,,,,,,,0.001373582985252142,ValueError,E3_STRICT_MULTITRIP_V2: route CV_D_guangzhou_2#T2 misses C012's time window
relocate:CV_D_dongguan_2#T1:C012->CV_D_guangzhou_2#T2@7,C012,C012:2.04503592614,REJECTED_INTERFACE,False,,,[],,,,,,,,,,0.0013720830029342324,ValueError,E3_STRICT_MULTITRIP_V2: route CV_D_guangzhou_2#T2 misses C012's time window
relocate:CV_D_dongguan_2#T1:C012->CV_D_guangzhou_3#T1@0,C012,C012:2.04503592614,REJECTED_INTERFACE,False,,,[],,,,,,,,,,0.001342167000984773,ValueError,E3_STRICT_MULTITRIP_V2: route CV_D_guangzhou_3#T1 misses C054's time window
relocate:CV_D_dongguan_2#T1:C012->CV_D_guangzhou_3#T1@1,C012,C012:2.04503592614,REJECTED_INTERFACE,False,,,[],,,,,,,,,,0.0013926250103395432,ValueError,E3_STRICT_MULTITRIP_V2: route CV_D_guangzhou_3#T1 misses C012's time window
relocate:CV_D_dongguan_2#T1:C012->CV_D_guangzhou_3#T1@2,C012,C012:2.04503592614,REJECTED_INTERFACE,False,,,[],,,,,,,,,,0.0013709999911952764,ValueError,E3_STRICT_MULTITRIP_V2: route CV_D_guangzhou_3#T1 misses C012's time window
relocate:CV_D_dongguan_2#T1:C012->CV_D_guangzhou_3#T1@3,C012,C012:2.04503592614,REJECTED_INTERFACE,False,,,[],,,,,,,,,,0.0013506670075003058,ValueError,E3_STRICT_MULTITRIP_V2: route CV_D_guangzhou_3#T1 misses C012's time window
relocate:CV_D_dongguan_2#T1:C012->CV_D_guangzhou_3#T1@4,C012,C012:2.04503592614,REJECTED_INTERFACE,False,,,[],,,,,,,,,,0.001336790999630466,ValueError,E3_STRICT_MULTITRIP_V2: route CV_D_guangzhou_3#T1 misses C012's time window
relocate:CV_D_dongguan_2#T1:C012->CV_D_guangzhou_3#T1@5,C012,C012:2.04503592614,REJECTED_INTERFACE,False,,,[],,,,,,,,,,0.0013371669920161366,ValueError,E3_STRICT_MULTITRIP_V2: route CV_D_guangzhou_3#T1 misses C012's time window
relocate:CV_D_dongguan_2#T1:C012->CV_D_guangzhou_3#T1@6,C012,C012:2.04503592614,REJECTED_INTERFACE,False,,,[],,,,,,,,,,0.0013792499958071858,ValueError,E3_STRICT_MULTITRIP_V2: route CV_D_guangzhou_3#T1 misses C012's time window
relocate:CV_D_dongguan_2#T1:C012->CV_D_guangzhou_3#T1@7,C012,C012:2.04503592614,REJECTED_INTERFACE,False,,,[],,,,,,,,,,0.0016282079741358757,ValueError,E3_STRICT_MULTITRIP_V2: route CV_D_guangzhou_3#T1 misses C012's time window
relocate:CV_D_dongguan_2#T1:C012->CV_D_guangzhou_3#T2@0,C012,C012:2.04503592614,REJECTED_INTERFACE,False,,,[],,,,,,,,,,0.0015517919964622706,ValueError,E3_STRICT_MULTITRIP_V2: CV_D_guangzhou_3 has overlap or incomplete recharge
relocate:CV_D_dongguan_2#T1:C012->CV_D_guangzhou_3#T2@1,C012,C012:2.04503592614,REJECTED_INTERFACE,False,,,[],,,,,,,,,,0.0013746249896939844,ValueError,E3_STRICT_MULTITRIP_V2: route CV_D_guangzhou_3#T2 misses C012's time window
relocate:CV_D_dongguan_2#T1:C012->CV_D_guangzhou_3#T2@2,C012,C012:2.04503592614,REJECTED_INTERFACE,False,,,[],,,,,,,,,,0.0013600419915746897,ValueError,E3_STRICT_MULTITRIP_V2: route CV_D_guangzhou_3#T2 misses C012's time window
relocate:CV_D_dongguan_2#T1:C012->CV_D_shenzhen_1#T1@0,C012,C012:2.04503592614,REJECTED_INTERFACE,False,,,[],,,,,,,,,,0.0013622499827761203,ValueError,E3_STRICT_MULTITRIP_V2: route CV_D_shenzhen_1#T1 misses C093's time window
relocate:CV_D_dongguan_2#T1:C012->CV_D_shenzhen_1#T1@1,C012,C012:2.04503592614,REJECTED_INTERFACE,False,,,[],,,,,,,,,,0.0013627089792862535,ValueError,E3_STRICT_MULTITRIP_V2: route CV_D_shenzhen_1#T1 misses C122's time window
relocate:CV_D_dongguan_2#T1:C012->CV_D_shenzhen_1#T1@2,C012,C012:2.04503592614,REJECTED_INTERFACE,False,,,[],,,,,,,,,,0.0013530840224120766,ValueError,E3_STRICT_MULTITRIP_V2: route CV_D_shenzhen_1#T1 misses C147's time window
relocate:CV_D_dongguan_2#T1:C012->CV_D_shenzhen_1#T1@3,C012,C012:2.04503592614,REJECTED_INTERFACE,False,,,[],,,,,,,,,,0.0013535839971154928,ValueError,E3_STRICT_MULTITRIP_V2: route CV_D_shenzhen_1#T1 misses C111's time window
relocate:CV_D_dongguan_2#T1:C012->CV_D_shenzhen_1#T1@4,C012,C012:2.04503592614,REJECTED_INTERFACE,False,,,[],,,,,,,,,,0.0013523329980671406,ValueError,E3_STRICT_MULTITRIP_V2: route CV_D_shenzhen_1#T1 misses C106's time window
relocate:CV_D_dongguan_2#T1:C012->CV_D_shenzhen_1#T1@5,C012,C012:2.04503592614,REJECTED_INTERFACE,False,,,[],,,,,,,,,,0.0013543750101234764,ValueError,E3_STRICT_MULTITRIP_V2: route CV_D_shenzhen_1#T1 misses C100's time window
relocate:CV_D_dongguan_2#T1:C012->CV_D_shenzhen_1#T1@6,C012,C012:2.04503592614,REJECTED_INTERFACE,False,,,[],,,,,,,,,,0.001362500013783574,ValueError,E3_STRICT_MULTITRIP_V2: route CV_D_shenzhen_1#T1 misses C112's time window
relocate:CV_D_dongguan_2#T1:C012->CV_D_shenzhen_1#T1@7,C012,C012:2.04503592614,REJECTED_INTERFACE,False,,,[],,,,,,,,,,0.0016310830251313746,ValueError,E3_STRICT_MULTITRIP_V2: route CV_D_shenzhen_1#T1 misses C012's time window
relocate:CV_D_dongguan_2#T1:C012->CV_D_shenzhen_1#T2@0,C012,C012:2.04503592614,REJECTED_INTERFACE,False,,,[],,,,,,,,,,0.0017985000158660114,ValueError,E3_STRICT_MULTITRIP_V2: CV_D_shenzhen_1 has overlap or incomplete recharge
relocate:CV_D_dongguan_2#T1:C012->CV_D_shenzhen_1#T2@1,C012,C012:2.04503592614,REJECTED_INTERFACE,False,,,[],,,,,,,,,,0.0014827080012764782,ValueError,E3_STRICT_MULTITRIP_V2: route CV_D_shenzhen_1#T2 misses C012's time window
relocate:CV_D_dongguan_2#T1:C012->CV_D_shenzhen_1#T2@2,C012,C012:2.04503592614,REJECTED_INTERFACE,False,,,[],,,,,,,,,,0.0013760000001639128,ValueError,E3_STRICT_MULTITRIP_V2: route CV_D_shenzhen_1#T2 misses C012's time window
relocate:CV_D_dongguan_2#T1:C012->CV_D_shenzhen_1#T2@3,C012,C012:2.04503592614,REJECTED_INTERFACE,False,,,[],,,,,,,,,,0.0013738340057898313,ValueError,E3_STRICT_MULTITRIP_V2: route CV_D_shenzhen_1#T2 misses C012's time window
relocate:CV_D_dongguan_2#T1:C012->CV_D_shenzhen_1#T2@4,C012,C012:2.04503592614,REJECTED_INTERFACE,False,,,[],,,,,,,,,,0.0013689589977730066,ValueError,E3_STRICT_MULTITRIP_V2: route CV_D_shenzhen_1#T2 misses C012's time window
relocate:CV_D_dongguan_2#T1:C012->CV_D_shenzhen_1#T2@5,C012,C012:2.04503592614,REJECTED_INTERFACE,False,,,[],,,,,,,,,,0.0013797499996144325,ValueError,E3_STRICT_MULTITRIP_V2: route CV_D_shenzhen_1#T2 misses C012's time window
relocate:CV_D_dongguan_2#T1:C012->CV_D_shenzhen_2#T1@0,C012,C012:2.04503592614,REJECTED_INTERFACE,False,,,[],,,,,,,,,,0.0013717089896090329,ValueError,E3_STRICT_MULTITRIP_V2: route CV_D_shenzhen_2#T1 misses C108's time window
relocate:CV_D_dongguan_2#T1:C012->CV_D_shenzhen_2#T1@1,C012,C012:2.04503592614,REJECTED_INTERFACE,False,,,[],,,,,,,,,,0.001362374983727932,ValueError,E3_STRICT_MULTITRIP_V2: route CV_D_shenzhen_2#T1 misses C104's time window
relocate:CV_D_dongguan_2#T1:C012->CV_D_shenzhen_2#T1@2,C012,C012:2.04503592614,REJECTED_INTERFACE,False,,,[],,,,,,,,,,0.0013576250057667494,ValueError,E3_STRICT_MULTITRIP_V2: route CV_D_shenzhen_2#T1 misses C012's time window
relocate:CV_D_dongguan_2#T1:C012->CV_D_shenzhen_2#T1@3,C012,C012:2.04503592614,REJECTED_INTERFACE,False,,,[],,,,,,,,,,0.0013583750114776194,ValueError,E3_STRICT_MULTITRIP_V2: route CV_D_shenzhen_2#T1 misses C012's time window
relocate:CV_D_dongguan_2#T1:C012->CV_D_shenzhen_2#T1@4,C012,C012:2.04503592614,REJECTED_INTERFACE,False,,,[],,,,,,,,,,0.001365957985399291,ValueError,E3_STRICT_MULTITRIP_V2: route CV_D_shenzhen_2#T1 misses C012's time window
relocate:CV_D_dongguan_2#T1:C012->CV_D_shenzhen_2#T1@5,C012,C012:2.04503592614,REJECTED_INTERFACE,False,,,[],,,,,,,,,,0.0018608749960549176,ValueError,E3_STRICT_MULTITRIP_V2: route CV_D_shenzhen_2#T1 misses C012's time window
relocate:CV_D_dongguan_2#T1:C012->CV_D_shenzhen_2#T1@6,C012,C012:2.04503592614,REJECTED_INTERFACE,False,,,[],,,,,,,,,,0.0015627090178895742,ValueError,E3_STRICT_MULTITRIP_V2: route CV_D_shenzhen_2#T1 misses C012's time window
relocate:CV_D_dongguan_2#T1:C012->CV_D_shenzhen_2#T2@0,C012,C012:2.04503592614,REJECTED_INTERFACE,False,,,[],,,,,,,,,,0.0014615419786423445,ValueError,E3_STRICT_MULTITRIP_V2: CV_D_shenzhen_2 has overlap or incomplete recharge
relocate:CV_D_dongguan_2#T1:C012->CV_D_shenzhen_2#T2@1,C012,C012:2.04503592614,REJECTED_INTERFACE,False,,,[],,,,,,,,,,0.0014023330004420131,ValueError,E3_STRICT_MULTITRIP_V2: route CV_D_shenzhen_2#T2 misses C012's time window
relocate:CV_D_dongguan_2#T1:C012->CV_D_shenzhen_2#T2@2,C012,C012:2.04503592614,REJECTED_INTERFACE,False,,,[],,,,,,,,,,0.0013925420062150806,ValueError,E3_STRICT_MULTITRIP_V2: route CV_D_shenzhen_2#T2 misses C012's time window
relocate:CV_D_dongguan_2#T1:C012->CV_D_shenzhen_2#T2@3,C012,C012:2.04503592614,REJECTED_INTERFACE,False,,,[],,,,,,,,,,0.0013864579959772527,ValueError,E3_STRICT_MULTITRIP_V2: route CV_D_shenzhen_2#T2 misses C012's time window
relocate:CV_D_dongguan_2#T1:C012->CV_D_shenzhen_2#T2@4,C012,C012:2.04503592614,REJECTED_INTERFACE,False,,,[],,,,,,,,,,0.0013946249964646995,ValueError,E3_STRICT_MULTITRIP_V2: route CV_D_shenzhen_2#T2 misses C012's time window
relocate:CV_D_dongguan_2#T1:C012->CV_D_shenzhen_2#T2@5,C012,C012:2.04503592614,REJECTED_INTERFACE,False,,,[],,,,,,,,,,0.001388166012475267,ValueError,E3_STRICT_MULTITRIP_V2: route CV_D_shenzhen_2#T2 misses C012's time window
relocate:CV_D_dongguan_2#T1:C012->CV_D_shenzhen_2#T2@6,C012,C012:2.04503592614,REJECTED_INTERFACE,False,,,[],,,,,,,,,,0.0013897920143790543,ValueError,E3_STRICT_MULTITRIP_V2: route CV_D_shenzhen_2#T2 misses C012's time window
relocate:CV_D_dongguan_2#T1:C012->CV_D_shenzhen_3#T1@0,C012,C012:2.04503592614,REJECTED_INTERFACE,False,,,[],,,,,,,,,,0.001374332990963012,ValueError,E3_STRICT_MULTITRIP_V2: route CV_D_shenzhen_3#T1 misses C110's time window
relocate:CV_D_dongguan_2#T1:C012->CV_D_shenzhen_3#T1@1,C012,C012:2.04503592614,REJECTED_INTERFACE,False,,,[],,,,,,,,,,0.0013657499803230166,ValueError,E3_STRICT_MULTITRIP_V2: route CV_D_shenzhen_3#T1 misses C124's time window
relocate:CV_D_dongguan_2#T1:C012->CV_D_shenzhen_3#T1@2,C012,C012:2.04503592614,REJECTED_INTERFACE,False,,,[],,,,,,,,,,0.001716792001388967,ValueError,E3_STRICT_MULTITRIP_V2: route CV_D_shenzhen_3#T1 misses C012's time window
relocate:CV_D_dongguan_2#T1:C012->CV_D_shenzhen_3#T1@3,C012,C012:2.04503592614,REJECTED_INTERFACE,False,,,[],,,,,,,,,,0.0015977919974830002,ValueError,E3_STRICT_MULTITRIP_V2: route CV_D_shenzhen_3#T1 misses C012's time window
relocate:CV_D_dongguan_2#T1:C012->CV_D_shenzhen_3#T1@4,C012,C012:2.04503592614,REJECTED_INTERFACE,False,,,[],,,,,,,,,,0.0014129579940345138,ValueError,E3_STRICT_MULTITRIP_V2: route CV_D_shenzhen_3#T1 misses C012's time window
relocate:CV_D_dongguan_2#T1:C012->CV_D_shenzhen_3#T1@5,C012,C012:2.04503592614,REJECTED_INTERFACE,False,,,[],,,,,,,,,,0.0013992080057505518,ValueError,E3_STRICT_MULTITRIP_V2: route CV_D_shenzhen_3#T1 misses C012's time window
relocate:CV_D_dongguan_2#T1:C012->CV_D_shenzhen_3#T1@6,C012,C012:2.04503592614,REJECTED_INTERFACE,False,,,[],,,,,,,,,,0.00138116700691171,ValueError,E3_STRICT_MULTITRIP_V2: route CV_D_shenzhen_3#T1 misses C012's time window
relocate:CV_D_dongguan_2#T1:C012->CV_D_shenzhen_3#T1@7,C012,C012:2.04503592614,REJECTED_INTERFACE,False,,,[],,,,,,,,,,0.0013848330127075315,ValueError,E3_STRICT_MULTITRIP_V2: route CV_D_shenzhen_3#T1 misses C012's time window
relocate:CV_D_dongguan_2#T1:C012->CV_D_shenzhen_4#T1@0,C012,C012:2.04503592614,REJECTED_INTERFACE,False,,,[],,,,,,,,,,0.0013926250103395432,ValueError,E3_STRICT_MULTITRIP_V2: route CV_D_shenzhen_4#T1 misses C096's time window
relocate:CV_D_dongguan_2#T1:C012->CV_D_shenzhen_4#T1@1,C012,C012:2.04503592614,REJECTED_INTERFACE,False,,,[],,,,,,,,,,0.0013849159877281636,ValueError,E3_STRICT_MULTITRIP_V2: route CV_D_shenzhen_4#T1 misses C012's time window
relocate:CV_D_dongguan_2#T1:C012->CV_D_shenzhen_4#T1@2,C012,C012:2.04503592614,REJECTED_INTERFACE,False,,,[],,,,,,,,,,0.0013785419869236648,ValueError,E3_STRICT_MULTITRIP_V2: route CV_D_shenzhen_4#T1 misses C012's time window
relocate:CV_D_dongguan_2#T1:C012->CV_D_shenzhen_4#T1@3,C012,C012:2.04503592614,REJECTED_INTERFACE,False,,,[],,,,,,,,,,0.0013915419986005872,ValueError,E3_STRICT_MULTITRIP_V2: route CV_D_shenzhen_4#T1 misses C012's time window
relocate:CV_D_dongguan_2#T1:C012->CV_D_shenzhen_4#T1@4,C012,C012:2.04503592614,REJECTED_INTERFACE,False,,,[],,,,,,,,,,0.0013817500148434192,ValueError,E3_STRICT_MULTITRIP_V2: route CV_D_shenzhen_4#T1 misses C012's time window
relocate:CV_D_dongguan_2#T1:C012->CV_D_shenzhen_4#T1@5,C012,C012:2.04503592614,REJECTED_INTERFACE,False,,,[],,,,,,,,,,0.0016684160218574107,ValueError,E3_STRICT_MULTITRIP_V2: route CV_D_shenzhen_4#T1 misses C012's time window
relocate:CV_D_dongguan_2#T1:C012->CV_D_shenzhen_4#T1@6,C012,C012:2.04503592614,REJECTED_INTERFACE,False,,,[],,,,,,,,,,0.0015929169894661754,ValueError,E3_STRICT_MULTITRIP_V2: route CV_D_shenzhen_4#T1 misses C012's time window
relocate:CV_D_dongguan_2#T1:C012->CV_D_shenzhen_5#T1@0,C012,C012:2.04503592614,REJECTED_INTERFACE,False,,,[],,,,,,,,,,0.0015769579913467169,ValueError,E3_STRICT_MULTITRIP_V2: route CV_D_shenzhen_5#T1 misses C134's time window
relocate:CV_D_dongguan_2#T1:C012->CV_D_shenzhen_5#T1@1,C012,C012:2.04503592614,REJECTED_INTERFACE,False,,,[],,,,,,,,,,0.001437375001842156,ValueError,E3_STRICT_MULTITRIP_V2: route CV_D_shenzhen_5#T1 misses C012's time window
relocate:CV_D_dongguan_2#T1:C012->CV_D_shenzhen_5#T1@2,C012,C012:2.04503592614,REJECTED_INTERFACE,False,,,[],,,,,,,,,,0.0014133750228211284,ValueError,E3_STRICT_MULTITRIP_V2: route CV_D_shenzhen_5#T1 misses C012's time window
relocate:CV_D_dongguan_2#T1:C012->CV_D_shenzhen_5#T1@3,C012,C012:2.04503592614,REJECTED_INTERFACE,False,,,[],,,,,,,,,,0.0014163749874569476,ValueError,E3_STRICT_MULTITRIP_V2: route CV_D_shenzhen_5#T1 misses C012's time window
relocate:CV_D_dongguan_2#T1:C012->CV_D_shenzhen_5#T1@4,C012,C012:2.04503592614,REJECTED_INTERFACE,False,,,[],,,,,,,,,,0.0013837500009685755,ValueError,E3_STRICT_MULTITRIP_V2: route CV_D_shenzhen_5#T1 misses C012's time window
relocate:CV_D_dongguan_2#T1:C012->CV_D_shenzhen_5#T1@5,C012,C012:2.04503592614,REJECTED_INTERFACE,False,,,[],,,,,,,,,,0.001384417002554983,ValueError,E3_STRICT_MULTITRIP_V2: route CV_D_shenzhen_5#T1 misses C012's time window
relocate:CV_D_dongguan_2#T1:C012->EV_D_guangzhou_1#T1@0,C012,C012:2.04503592614,REJECTED_CHARGING,False,,,[],,,,,,,,,,0.00012858299305662513,ValueError,E3_STRICT_MULTITRIP_V2: route EV_D_guangzhou_1#T1 misses C081's time window
relocate:CV_D_dongguan_2#T1:C012->EV_D_guangzhou_1#T1@1,C012,C012:2.04503592614,REJECTED_CHARGING,False,,,[],,,,,,,,,,0.0001092919846996665,ValueError,E3_STRICT_MULTITRIP_V2: route EV_D_guangzhou_1#T1 misses C073's time window
relocate:CV_D_dongguan_2#T1:C012->EV_D_guangzhou_1#T1@2,C012,C012:2.04503592614,REJECTED_CHARGING,False,,,[],,,,,,,,,,0.00010579099762253463,ValueError,E3_STRICT_MULTITRIP_V2: route EV_D_guangzhou_1#T1 misses C012's time window
relocate:CV_D_dongguan_2#T1:C012->EV_D_guangzhou_1#T1@3,C012,C012:2.04503592614,REJECTED_CHARGING,False,,,[],,,,,,,,,,0.00010345899499952793,ValueError,E3_STRICT_MULTITRIP_V2: route EV_D_guangzhou_1#T1 misses C012's time window
relocate:CV_D_dongguan_2#T1:C012->EV_D_guangzhou_1#T1@4,C012,C012:2.04503592614,REJECTED_CHARGING,False,,,[],,,,,,,,,,0.00010441700578667223,ValueError,E3_STRICT_MULTITRIP_V2: route EV_D_guangzhou_1#T1 misses C012's time window
relocate:CV_D_dongguan_2#T1:C012->EV_D_guangzhou_1#T1@5,C012,C012:2.04503592614,REJECTED_CHARGING,False,,,[],,,,,,,,,,0.00010487501276656985,ValueError,E3_STRICT_MULTITRIP_V2: route EV_D_guangzhou_1#T1 misses C012's time window
relocate:CV_D_dongguan_2#T1:C012->EV_D_guangzhou_1#T1@6,C012,C012:2.04503592614,REJECTED_CHARGING,False,,,[],,,,,,,,,,0.0001067080011125654,ValueError,E3_STRICT_MULTITRIP_V2: route EV_D_guangzhou_1#T1 misses C012's time window
relocate:CV_D_dongguan_2#T1:C012->EV_D_guangzhou_1#T1@7,C012,C012:2.04503592614,REJECTED_CHARGING,False,,,[],,,,,,,,,,0.0001177079975605011,ValueError,E3_STRICT_MULTITRIP_V2: route EV_D_guangzhou_1#T1 misses C012's time window
relocate:CV_D_dongguan_2#T1:C012->EV_D_guangzhou_2#T1@0,C012,C012:2.04503592614,REJECTED_CHARGING,False,,,[],,,,,,,,,,0.00010641699191182852,ValueError,E3_STRICT_MULTITRIP_V2: route EV_D_guangzhou_2#T1 misses C045's time window
relocate:CV_D_dongguan_2#T1:C012->EV_D_guangzhou_2#T1@1,C012,C012:2.04503592614,REJECTED_CHARGING,False,,,[],,,,,,,,,,0.00010075001046061516,ValueError,E3_STRICT_MULTITRIP_V2: route EV_D_guangzhou_2#T1 misses C012's time window
relocate:CV_D_dongguan_2#T1:C012->EV_D_guangzhou_2#T1@2,C012,C012:2.04503592614,REJECTED_CHARGING,False,,,[],,,,,,,,,,0.00010475001181475818,ValueError,E3_STRICT_MULTITRIP_V2: route EV_D_guangzhou_2#T1 misses C012's time window
relocate:CV_D_dongguan_2#T1:C012->EV_D_guangzhou_2#T1@3,C012,C012:2.04503592614,REJECTED_CHARGING,False,,,[],,,,,,,,,,0.00013254201621748507,ValueError,E3_STRICT_MULTITRIP_V2: route EV_D_guangzhou_2#T1 misses C012's time window
relocate:CV_D_dongguan_2#T1:C012->EV_D_guangzhou_2#T1@4,C012,C012:2.04503592614,REJECTED_CHARGING,False,,,[],,,,,,,,,,0.00010641699191182852,ValueError,E3_STRICT_MULTITRIP_V2: route EV_D_guangzhou_2#T1 misses C012's time window
relocate:CV_D_dongguan_2#T1:C012->EV_D_guangzhou_2#T1@5,C012,C012:2.04503592614,REJECTED_CHARGING,False,,,[],,,,,,,,,,0.00010695800301618874,ValueError,E3_STRICT_MULTITRIP_V2: route EV_D_guangzhou_2#T1 misses C012's time window
relocate:CV_D_dongguan_2#T1:C012->EV_D_guangzhou_2#T1@6,C012,C012:2.04503592614,REJECTED_CHARGING,False,,,[],,,,,,,,,,0.0001130840100813657,ValueError,E3_STRICT_MULTITRIP_V2: route EV_D_guangzhou_2#T1 misses C012's time window
relocate:CV_D_dongguan_2#T1:C012->EV_D_guangzhou_2#T1@7,C012,C012:2.04503592614,REJECTED_CHARGING,False,,,[],,,,,,,,,,0.00010895801824517548,ValueError,E3_STRICT_MULTITRIP_V2: route EV_D_guangzhou_2#T1 misses C012's time window
relocate:CV_D_dongguan_2#T1:C012->EV_D_guangzhou_2#T1@8,C012,C012:2.04503592614,REJECTED_CHARGING,False,,,[],,,,,,,,,,0.000110417022369802,ValueError,E3_STRICT_MULTITRIP_V2: route EV_D_guangzhou_2#T1 misses C012's time window
relocate:CV_D_dongguan_2#T1:C012->EV_D_guangzhou_2#T1@9,C012,C012:2.04503592614,REJECTED_CHARGING,False,,,[],,,,,,,,,,0.00011208400246687233,ValueError,E3_STRICT_MULTITRIP_V2: route EV_D_guangzhou_2#T1 misses C012's time window
relocate:CV_D_dongguan_2#T1:C012->EV_D_shenzhen_1#T1@0,C012,C012:2.04503592614,REJECTED_CHARGING,False,,,[],,,,,,,,,,0.00011212498066015542,ValueError,E3_STRICT_MULTITRIP_V2: route EV_D_shenzhen_1#T1 misses C141's time window
relocate:CV_D_dongguan_2#T1:C012->EV_D_shenzhen_1#T1@1,C012,C012:2.04503592614,REJECTED_CHARGING,False,,,[],,,,,,,,,,0.00010879198089241982,ValueError,E3_STRICT_MULTITRIP_V2: route EV_D_shenzhen_1#T1 misses C138's time window
relocate:CV_D_dongguan_2#T1:C012->EV_D_shenzhen_1#T1@2,C012,C012:2.04503592614,REJECTED_CHARGING,False,,,[],,,,,,,,,,0.00010783399920910597,ValueError,E3_STRICT_MULTITRIP_V2: route EV_D_shenzhen_1#T1 misses C136's time window
relocate:CV_D_dongguan_2#T1:C012->EV_D_shenzhen_1#T1@3,C012,C012:2.04503592614,REJECTED_CHARGING,False,,,[],,,,,,,,,,0.00010554201435297728,ValueError,E3_STRICT_MULTITRIP_V2: route EV_D_shenzhen_1#T1 misses C012's time window
relocate:CV_D_dongguan_2#T1:C012->EV_D_shenzhen_1#T1@4,C012,C012:2.04503592614,REJECTED_CHARGING,False,,,[],,,,,,,,,,0.00010716699762269855,ValueError,E3_STRICT_MULTITRIP_V2: route EV_D_shenzhen_1#T1 misses C012's time window
relocate:CV_D_dongguan_2#T1:C012->EV_D_shenzhen_1#T1@5,C012,C012:2.04503592614,REJECTED_CHARGING,False,,,[],,,,,,,,,,0.00010904198279604316,ValueError,E3_STRICT_MULTITRIP_V2: route EV_D_shenzhen_1#T1 misses C012's time window
relocate:CV_D_dongguan_2#T1:C012->EV_D_shenzhen_1#T1@6,C012,C012:2.04503592614,REJECTED_CHARGING,False,,,[],,,,,,,,,,0.00011154200183227658,ValueError,E3_STRICT_MULTITRIP_V2: route EV_D_shenzhen_1#T1 misses C012's time window
relocate:CV_D_dongguan_2#T1:C012->EV_D_shenzhen_1#T1@7,C012,C012:2.04503592614,REJECTED_CHARGING,False,,,[],,,,,,,,,,0.00012295797932893038,ValueError,E3_STRICT_MULTITRIP_V2: route EV_D_shenzhen_1#T1 misses C012's time window
relocate:CV_D_dongguan_2#T1:C012->EV_D_shenzhen_1#T1@8,C012,C012:2.04503592614,REJECTED_CHARGING,False,,,[],,,,,,,,,,0.00012983300257474184,ValueError,E3_STRICT_MULTITRIP_V2: route EV_D_shenzhen_1#T1 misses C012's time window
relocate:CV_D_dongguan_2#T1:C012->EV_D_shenzhen_1#T2@0,C012,C012:2.04503592614,REJECTED_CHARGING,False,,,[],,,,,,,,,,0.0626432080171071,ValueError,no feasible depot charging window
relocate:CV_D_dongguan_2#T1:C012->EV_D_shenzhen_1#T2@1,C012,C012:2.04503592614,REJECTED_CHARGING,False,,,[],,,,,,,,,,0.027994000003673136,ValueError,E3_STRICT_MULTITRIP_V2: route EV_D_shenzhen_1#T2 misses C012's time window
relocate:CV_D_dongguan_2#T1:C012->EV_D_shenzhen_1#T2@2,C012,C012:2.04503592614,REJECTED_CHARGING,False,,,[],,,,,,,,,,0.030567292007617652,ValueError,E3_STRICT_MULTITRIP_V2: route EV_D_shenzhen_1#T2 misses C012's time window
relocate:CV_D_dongguan_2#T1:C012->EV_D_shenzhen_2#T1@0,C012,C012:2.04503592614,REJECTED_CHARGING,False,,,[],,,,,,,,,,0.0002496670058462769,ValueError,E3_STRICT_MULTITRIP_V2: route EV_D_shenzhen_2#T1 misses C149's time window
relocate:CV_D_dongguan_2#T1:C012->EV_D_shenzhen_2#T1@1,C012,C012:2.04503592614,REJECTED_CHARGING,False,,,[],,,,,,,,,,0.00012266699923202395,ValueError,E3_STRICT_MULTITRIP_V2: route EV_D_shenzhen_2#T1 misses C012's time window
relocate:CV_D_dongguan_2#T1:C012->EV_D_shenzhen_2#T1@2,C012,C012:2.04503592614,REJECTED_CHARGING,False,,,[],,,,,,,,,,0.00011175000690855086,ValueError,E3_STRICT_MULTITRIP_V2: route EV_D_shenzhen_2#T1 misses C012's time window
relocate:CV_D_dongguan_2#T1:C012->EV_D_shenzhen_2#T1@3,C012,C012:2.04503592614,REJECTED_CHARGING,False,,,[],,,,,,,,,,0.00010720899445004761,ValueError,E3_STRICT_MULTITRIP_V2: route EV_D_shenzhen_2#T1 misses C012's time window
relocate:CV_D_dongguan_2#T1:C012->EV_D_shenzhen_2#T1@4,C012,C012:2.04503592614,REJECTED_CHARGING,False,,,[],,,,,,,,,,0.0001057499903254211,ValueError,E3_STRICT_MULTITRIP_V2: route EV_D_shenzhen_2#T1 misses C012's time window
relocate:CV_D_dongguan_2#T1:C012->EV_D_shenzhen_2#T1@5,C012,C012:2.04503592614,REJECTED_CHARGING,False,,,[],,,,,,,,,,0.0001093749888241291,ValueError,E3_STRICT_MULTITRIP_V2: route EV_D_shenzhen_2#T1 misses C012's time window
relocate:CV_D_dongguan_2#T1:C012->EV_D_shenzhen_2#T1@6,C012,C012:2.04503592614,REJECTED_CHARGING,False,,,[],,,,,,,,,,0.00011008299770765007,ValueError,E3_STRICT_MULTITRIP_V2: route EV_D_shenzhen_2#T1 misses C012's time window
relocate:CV_D_dongguan_2#T1:C012->EV_D_shenzhen_2#T1@7,C012,C012:2.04503592614,REJECTED_CHARGING,False,,,[],,,,,,,,,,0.00011070800246670842,ValueError,E3_STRICT_MULTITRIP_V2: route EV_D_shenzhen_2#T1 misses C012's time window
relocate:CV_D_guangzhou_2#T1:C069->CV_D_dongguan_1#T1@0,C069,C069:1.03288723259,REJECTED_INTERFACE,False,,,[],,,,,,,,,,0.00119704200187698,ValueError,E3_STRICT_MULTITRIP_V2: route CV_D_dongguan_1#T1 misses C005's time window
relocate:CV_D_guangzhou_2#T1:C069->CV_D_dongguan_1#T1@1,C069,C069:1.03288723259,REJECTED_INTERFACE,False,,,[],,,,,,,,,,0.001131500001065433,ValueError,E3_STRICT_MULTITRIP_V2: route CV_D_dongguan_1#T1 misses C006's time window
relocate:CV_D_guangzhou_2#T1:C069->CV_D_dongguan_1#T1@2,C069,C069:1.03288723259,REJECTED_INTERFACE,False,,,[],,,,,,,,,,0.001125291979406029,ValueError,E3_STRICT_MULTITRIP_V2: route CV_D_dongguan_1#T1 misses C010's time window
relocate:CV_D_guangzhou_2#T1:C069->CV_D_dongguan_1#T1@3,C069,C069:1.03288723259,REJECTED_INTERFACE,False,,,[],,,,,,,,,,0.001144208014011383,ValueError,E3_STRICT_MULTITRIP_V2: route CV_D_dongguan_1#T1 misses C069's time window
relocate:CV_D_guangzhou_2#T1:C069->CV_D_dongguan_1#T1@4,C069,C069:1.03288723259,REJECTED_INTERFACE,False,,,[],,,,,,,,,,0.0011057090014219284,ValueError,E3_STRICT_MULTITRIP_V2: route CV_D_dongguan_1#T1 misses C069's time window
relocate:CV_D_guangzhou_2#T1:C069->CV_D_dongguan_1#T1@5,C069,C069:1.03288723259,REJECTED_INTERFACE,False,,,[],,,,,,,,,,0.0011205420014448464,ValueError,E3_STRICT_MULTITRIP_V2: route CV_D_dongguan_1#T1 misses C069's time window
relocate:CV_D_guangzhou_2#T1:C069->CV_D_dongguan_1#T1@6,C069,C069:1.03288723259,REJECTED_INTERFACE,False,,,[],,,,,,,,,,0.0011341670178808272,ValueError,E3_STRICT_MULTITRIP_V2: route CV_D_dongguan_1#T1 misses C069's time window
relocate:CV_D_guangzhou_2#T1:C069->CV_D_dongguan_1#T1@7,C069,C069:1.03288723259,REJECTED_INTERFACE,False,,,[],,,,,,,,,,0.001141624990850687,ValueError,E3_STRICT_MULTITRIP_V2: route CV_D_dongguan_1#T1 misses C069's time window
relocate:CV_D_guangzhou_2#T1:C069->CV_D_dongguan_1#T2@0,C069,C069:1.03288723259,REJECTED_INTERFACE,False,,,[],,,,,,,,,,0.001209291978739202,ValueError,E3_STRICT_MULTITRIP_V2: CV_D_dongguan_1 has overlap or incomplete recharge
relocate:CV_D_guangzhou_2#T1:C069->CV_D_dongguan_1#T2@1,C069,C069:1.03288723259,REJECTED_INTERFACE,False,,,[],,,,,,,,,,0.0011393750028219074,ValueError,E3_STRICT_MULTITRIP_V2: route CV_D_dongguan_1#T2 misses C069's time window
relocate:CV_D_guangzhou_2#T1:C069->CV_D_dongguan_1#T2@2,C069,C069:1.03288723259,REJECTED_INTERFACE,False,,,[],,,,,,,,,,0.0011382919910829514,ValueError,E3_STRICT_MULTITRIP_V2: route CV_D_dongguan_1#T2 misses C069's time window
relocate:CV_D_guangzhou_2#T1:C069->CV_D_dongguan_1#T2@3,C069,C069:1.03288723259,REJECTED_INTERFACE,False,,,[],,,,,,,,,,0.0014577920082956553,ValueError,E3_STRICT_MULTITRIP_V2: route CV_D_dongguan_1#T2 misses C069's time window
relocate:CV_D_guangzhou_2#T1:C069->CV_D_dongguan_1#T2@4,C069,C069:1.03288723259,REJECTED_INTERFACE,False,,,[],,,,,,,,,,0.0013365409977268428,ValueError,E3_STRICT_MULTITRIP_V2: route CV_D_dongguan_1#T2 misses C069's time window
relocate:CV_D_guangzhou_2#T1:C069->CV_D_dongguan_1#T2@5,C069,C069:1.03288723259,REJECTED_INTERFACE,False,,,[],,,,,,,,,,0.0011662080069072545,ValueError,E3_STRICT_MULTITRIP_V2: route CV_D_dongguan_1#T2 misses C069's time window
relocate:CV_D_guangzhou_2#T1:C069->CV_D_dongguan_1#T2@6,C069,C069:1.03288723259,REJECTED_INTERFACE,False,,,[],,,,,,,,,,0.001140499982284382,ValueError,E3_STRICT_MULTITRIP_V2: route CV_D_dongguan_1#T2 misses C069's time window
relocate:CV_D_guangzhou_2#T1:C069->CV_D_dongguan_1#T2@7,C069,C069:1.03288723259,REJECTED_INTERFACE,False,,,[],,,,,,,,,,0.001136583014158532,ValueError,E3_STRICT_MULTITRIP_V2: route CV_D_dongguan_1#T2 misses C069's time window
relocate:CV_D_guangzhou_2#T1:C069->CV_D_dongguan_2#T1@0,C069,C069:1.03288723259,REJECTED_INTERFACE,False,,,[],,,,,,,,,,0.0011353750014677644,ValueError,E3_STRICT_MULTITRIP_V2: route CV_D_dongguan_2#T1 misses C017's time window
relocate:CV_D_guangzhou_2#T1:C069->CV_D_dongguan_2#T1@1,C069,C069:1.03288723259,REJECTED_INTERFACE,False,,,[],,,,,,,,,,0.0011192919919267297,ValueError,E3_STRICT_MULTITRIP_V2: route CV_D_dongguan_2#T1 misses C069's time window
relocate:CV_D_guangzhou_2#T1:C069->CV_D_dongguan_2#T1@2,C069,C069:1.03288723259,REJECTED_INTERFACE,False,,,[],,,,,,,,,,0.0011095420049969107,ValueError,E3_STRICT_MULTITRIP_V2: route CV_D_dongguan_2#T1 misses C069's time window
relocate:CV_D_guangzhou_2#T1:C069->CV_D_dongguan_2#T1@3,C069,C069:1.03288723259,REJECTED_INTERFACE,False,,,[],,,,,,,,,,0.001110167009755969,ValueError,E3_STRICT_MULTITRIP_V2: route CV_D_dongguan_2#T1 misses C069's time window
relocate:CV_D_guangzhou_2#T1:C069->CV_D_dongguan_2#T1@4,C069,C069:1.03288723259,REJECTED_INTERFACE,False,,,[],,,,,,,,,,0.00114487498649396,ValueError,E3_STRICT_MULTITRIP_V2: route CV_D_dongguan_2#T1 misses C069's time window
relocate:CV_D_guangzhou_2#T1:C069->CV_D_dongguan_2#T1@5,C069,C069:1.03288723259,REJECTED_INTERFACE,False,,,[],,,,,,,,,,0.0011308749963063747,ValueError,E3_STRICT_MULTITRIP_V2: route CV_D_dongguan_2#T1 misses C069's time window
relocate:CV_D_guangzhou_2#T1:C069->CV_D_dongguan_2#T2@0,C069,C069:1.03288723259,REJECTED_INTERFACE,False,,,[],,,,,,,,,,0.0011684999917633832,ValueError,E3_STRICT_MULTITRIP_V2: CV_D_dongguan_2 has overlap or incomplete recharge
relocate:CV_D_guangzhou_2#T1:C069->CV_D_dongguan_2#T2@1,C069,C069:1.03288723259,REJECTED_INTERFACE,False,,,[],,,,,,,,,,0.001135124999564141,ValueError,E3_STRICT_MULTITRIP_V2: route CV_D_dongguan_2#T2 misses C069's time window
relocate:CV_D_guangzhou_2#T1:C069->CV_D_foshan_1#T1@0,C069,C069:1.03288723259,REJECTED_INTERFACE,False,,,[],,,,,,,,,,0.0012334579951129854,ValueError,E3_STRICT_MULTITRIP_V2: route CV_D_foshan_1#T1 misses C030's time window
relocate:CV_D_guangzhou_2#T1:C069->CV_D_foshan_1#T1@1,C069,C069:1.03288723259,REJECTED_INTERFACE,False,,,[],,,,,,,,,,0.0014359590131789446,ValueError,E3_STRICT_MULTITRIP_V2: route CV_D_foshan_1#T1 misses C031's time window
relocate:CV_D_guangzhou_2#T1:C069->CV_D_foshan_1#T1@2,C069,C069:1.03288723259,REJECTED_INTERFACE,False,,,[],,,,,,,,,,0.0013092500157654285,ValueError,E3_STRICT_MULTITRIP_V2: route CV_D_foshan_1#T1 misses C041's time window
relocate:CV_D_guangzhou_2#T1:C069->CV_D_foshan_1#T1@3,C069,C069:1.03288723259,REJECTED_INTERFACE,False,,,[],,,,,,,,,,0.0011620830046012998,ValueError,E3_STRICT_MULTITRIP_V2: route CV_D_foshan_1#T1 misses C039's time window
relocate:CV_D_guangzhou_2#T1:C069->CV_D_foshan_1#T1@4,C069,C069:1.03288723259,REJECTED_INTERFACE,False,,,[],,,,,,,,,,0.0011502499983180314,ValueError,E3_STRICT_MULTITRIP_V2: route CV_D_foshan_1#T1 misses C069's time window
relocate:CV_D_guangzhou_2#T1:C069->CV_D_foshan_1#T1@5,C069,C069:1.03288723259,REJECTED_INTERFACE,False,,,[],,,,,,,,,,0.0011410419829189777,ValueError,E3_STRICT_MULTITRIP_V2: route CV_D_foshan_1#T1 misses C069's time window
relocate:CV_D_guangzhou_2#T1:C069->CV_D_foshan_1#T1@6,C069,C069:1.03288723259,REJECTED_INTERFACE,False,,,[],,,,,,,,,,0.0011481250112410635,ValueError,E3_STRICT_MULTITRIP_V2: route CV_D_foshan_1#T1 misses C069's time window
relocate:CV_D_guangzhou_2#T1:C069->CV_D_foshan_1#T2@0,C069,C069:1.03288723259,REJECTED_INTERFACE,False,,,[],,,,,,,,,,0.0012034589890390635,ValueError,E3_STRICT_MULTITRIP_V2: CV_D_foshan_1 has overlap or incomplete recharge
relocate:CV_D_guangzhou_2#T1:C069->CV_D_foshan_1#T2@1,C069,C069:1.03288723259,REJECTED_INTERFACE,False,,,[],,,,,,,,,,0.001170167000964284,ValueError,E3_STRICT_MULTITRIP_V2: route CV_D_foshan_1#T2 misses C069's time window
relocate:CV_D_guangzhou_2#T1:C069->CV_D_foshan_1#T2@2,C069,C069:1.03288723259,REJECTED_INTERFACE,False,,,[],,,,,,,,,,0.0011578749981708825,ValueError,E3_STRICT_MULTITRIP_V2: route CV_D_foshan_1#T2 misses C069's time window
relocate:CV_D_guangzhou_2#T1:C069->CV_D_foshan_1#T2@3,C069,C069:1.03288723259,REJECTED_INTERFACE,False,,,[],,,,,,,,,,0.001158583996584639,ValueError,E3_STRICT_MULTITRIP_V2: route CV_D_foshan_1#T2 misses C069's time window
relocate:CV_D_guangzhou_2#T1:C069->CV_D_foshan_1#T2@4,C069,C069:1.03288723259,REJECTED_INTERFACE,False,,,[],,,,,,,,,,0.0011622500023804605,ValueError,E3_STRICT_MULTITRIP_V2: route CV_D_foshan_1#T2 misses C069's time window
relocate:CV_D_guangzhou_2#T1:C069->CV_D_foshan_1#T2@5,C069,C069:1.03288723259,REJECTED_INTERFACE,False,,,[],,,,,,,,,,0.0011549580085556954,ValueError,E3_STRICT_MULTITRIP_V2: route CV_D_foshan_1#T2 misses C069's time window
relocate:CV_D_guangzhou_2#T1:C069->CV_D_foshan_1#T2@6,C069,C069:1.03288723259,REJECTED_INTERFACE,False,,,[],,,,,,,,,,0.0011603340099100024,ValueError,E3_STRICT_MULTITRIP_V2: route CV_D_foshan_1#T2 misses C069's time window
relocate:CV_D_guangzhou_2#T1:C069->CV_D_foshan_2#T1@0,C069,C069:1.03288723259,EVALUATED,True,False,2,"[{""detail"": ""initial load 2084.000000 exceeds Q=1735.000000"", ""location"": ""D_foshan"", ""severity"": ""hard"", ""type"": ""CAPACITY"", ""vehicle_id"": ""CV_D_foshan_2#T1""}, {""detail"": ""profit Pi=15481.618556 below theta*Pi0=16098.687226 (theta=1.000000, Pi0=16098.687226)"", ""location"": ""D_guangzhou"", ""severity"": ""hard"", ""type"": ""PROFIT_FAIRNESS"", ""vehicle_id"": """"}]",1,6162.696216590845,15.978656532992318,661.1950872559273,-617.068669242075,96622.8455807405,False,0.4740953687509735,0,0.01047420798568055,,
relocate:CV_D_guangzhou_2#T1:C069->CV_D_foshan_2#T1@1,C069,C069:1.03288723259,REJECTED_INTERFACE,False,,,[],,,,,,,,,,0.0012803330027963966,ValueError,E3_STRICT_MULTITRIP_V2: route CV_D_foshan_2#T1 misses C024's time window
relocate:CV_D_guangzhou_2#T1:C069->CV_D_foshan_2#T1@2,C069,C069:1.03288723259,REJECTED_INTERFACE,False,,,[],,,,,,,,,,0.0012019590067211539,ValueError,E3_STRICT_MULTITRIP_V2: route CV_D_foshan_2#T1 misses C069's time window
relocate:CV_D_guangzhou_2#T1:C069->CV_D_foshan_2#T1@3,C069,C069:1.03288723259,REJECTED_INTERFACE,False,,,[],,,,,,,,,,0.001179166982183233,ValueError,E3_STRICT_MULTITRIP_V2: route CV_D_foshan_2#T1 misses C069's time window
relocate:CV_D_guangzhou_2#T1:C069->CV_D_foshan_2#T1@4,C069,C069:1.03288723259,REJECTED_INTERFACE,False,,,[],,,,,,,,,,0.0011626250052358955,ValueError,E3_STRICT_MULTITRIP_V2: route CV_D_foshan_2#T1 misses C069's time window
relocate:CV_D_guangzhou_2#T1:C069->CV_D_foshan_2#T1@5,C069,C069:1.03288723259,REJECTED_INTERFACE,False,,,[],,,,,,,,,,0.001164750021416694,ValueError,E3_STRICT_MULTITRIP_V2: route CV_D_foshan_2#T1 misses C069's time window
relocate:CV_D_guangzhou_2#T1:C069->CV_D_foshan_2#T1@6,C069,C069:1.03288723259,REJECTED_INTERFACE,False,,,[],,,,,,,,,,0.0012819169787690043,ValueError,E3_STRICT_MULTITRIP_V2: route CV_D_foshan_2#T1 misses C069's time window
relocate:CV_D_guangzhou_2#T1:C069->CV_D_foshan_2#T1@7,C069,C069:1.03288723259,REJECTED_INTERFACE,False,,,[],,,,,,,,,,0.0012931250093970448,ValueError,E3_STRICT_MULTITRIP_V2: route CV_D_foshan_2#T1 misses C069's time window
relocate:CV_D_guangzhou_2#T1:C069->CV_D_foshan_2#T2@0,C069,C069:1.03288723259,REJECTED_INTERFACE,False,,,[],,,,,,,,,,0.0013462910137604922,ValueError,E3_STRICT_MULTITRIP_V2: CV_D_foshan_2 has overlap or incomplete recharge
relocate:CV_D_guangzhou_2#T1:C069->CV_D_foshan_2#T2@1,C069,C069:1.03288723259,REJECTED_INTERFACE,False,,,[],,,,,,,,,,0.0011871249880641699,ValueError,E3_STRICT_MULTITRIP_V2: route CV_D_foshan_2#T2 misses C069's time window
relocate:CV_D_guangzhou_2#T1:C069->CV_D_foshan_2#T2@2,C069,C069:1.03288723259,REJECTED_INTERFACE,False,,,[],,,,,,,,,,0.0011714159918483347,ValueError,E3_STRICT_MULTITRIP_V2: route CV_D_foshan_2#T2 misses C069's time window
relocate:CV_D_guangzhou_2#T1:C069->CV_D_shenzhen_1#T1@0,C069,C069:1.03288723259,REJECTED_INTERFACE,False,,,[],,,,,,,,,,0.0014397499908227473,ValueError,E3_STRICT_MULTITRIP_V2: route CV_D_shenzhen_1#T1 misses C093's time window
relocate:CV_D_guangzhou_2#T1:C069->CV_D_shenzhen_1#T1@1,C069,C069:1.03288723259,REJECTED_INTERFACE,False,,,[],,,,,,,,,,0.001411709003150463,ValueError,E3_STRICT_MULTITRIP_V2: route CV_D_shenzhen_1#T1 misses C069's time window
relocate:CV_D_guangzhou_2#T1:C069->CV_D_shenzhen_1#T1@2,C069,C069:1.03288723259,REJECTED_INTERFACE,False,,,[],,,,,,,,,,0.00141050000092946,ValueError,E3_STRICT_MULTITRIP_V2: route CV_D_shenzhen_1#T1 misses C069's time window
relocate:CV_D_guangzhou_2#T1:C069->CV_D_shenzhen_1#T1@3,C069,C069:1.03288723259,REJECTED_INTERFACE,False,,,[],,,,,,,,,,0.0014334580046124756,ValueError,E3_STRICT_MULTITRIP_V2: route CV_D_shenzhen_1#T1 misses C069's time window
relocate:CV_D_guangzhou_2#T1:C069->CV_D_shenzhen_1#T1@4,C069,C069:1.03288723259,REJECTED_INTERFACE,False,,,[],,,,,,,,,,0.001486875000409782,ValueError,E3_STRICT_MULTITRIP_V2: route CV_D_shenzhen_1#T1 misses C069's time window
relocate:CV_D_guangzhou_2#T1:C069->CV_D_shenzhen_1#T1@5,C069,C069:1.03288723259,REJECTED_INTERFACE,False,,,[],,,,,,,,,,0.0014339170011226088,ValueError,E3_STRICT_MULTITRIP_V2: route CV_D_shenzhen_1#T1 misses C069's time window
relocate:CV_D_guangzhou_2#T1:C069->CV_D_shenzhen_1#T1@6,C069,C069:1.03288723259,REJECTED_INTERFACE,False,,,[],,,,,,,,,,0.001431832992238924,ValueError,E3_STRICT_MULTITRIP_V2: route CV_D_shenzhen_1#T1 misses C069's time window
relocate:CV_D_guangzhou_2#T1:C069->CV_D_shenzhen_1#T1@7,C069,C069:1.03288723259,REJECTED_INTERFACE,False,,,[],,,,,,,,,,0.0017367910186294466,ValueError,E3_STRICT_MULTITRIP_V2: route CV_D_shenzhen_1#T1 misses C069's time window
relocate:CV_D_guangzhou_2#T1:C069->CV_D_shenzhen_1#T2@0,C069,C069:1.03288723259,REJECTED_INTERFACE,False,,,[],,,,,,,,,,0.001777541998308152,ValueError,E3_STRICT_MULTITRIP_V2: CV_D_shenzhen_1 has overlap or incomplete recharge
relocate:CV_D_guangzhou_2#T1:C069->CV_D_shenzhen_1#T2@1,C069,C069:1.03288723259,REJECTED_INTERFACE,False,,,[],,,,,,,,,,0.001498875004472211,ValueError,E3_STRICT_MULTITRIP_V2: route CV_D_shenzhen_1#T2 misses C069's time window
relocate:CV_D_guangzhou_2#T1:C069->CV_D_shenzhen_1#T2@2,C069,C069:1.03288723259,REJECTED_INTERFACE,False,,,[],,,,,,,,,,0.0014485419960692525,ValueError,E3_STRICT_MULTITRIP_V2: route CV_D_shenzhen_1#T2 misses C069's time window
relocate:CV_D_guangzhou_2#T1:C069->CV_D_shenzhen_1#T2@3,C069,C069:1.03288723259,REJECTED_INTERFACE,False,,,[],,,,,,,,,,0.001434833975508809,ValueError,E3_STRICT_MULTITRIP_V2: route CV_D_shenzhen_1#T2 misses C069's time window
relocate:CV_D_guangzhou_2#T1:C069->CV_D_shenzhen_1#T2@4,C069,C069:1.03288723259,REJECTED_INTERFACE,False,,,[],,,,,,,,,,0.0014380420034285635,ValueError,E3_STRICT_MULTITRIP_V2: route CV_D_shenzhen_1#T2 misses C069's time window
relocate:CV_D_guangzhou_2#T1:C069->CV_D_shenzhen_1#T2@5,C069,C069:1.03288723259,REJECTED_INTERFACE,False,,,[],,,,,,,,,,0.0014157500118017197,ValueError,E3_STRICT_MULTITRIP_V2: route CV_D_shenzhen_1#T2 misses C069's time window
relocate:CV_D_guangzhou_2#T1:C069->CV_D_shenzhen_2#T1@0,C069,C069:1.03288723259,REJECTED_INTERFACE,False,,,[],,,,,,,,,,0.001409041986335069,ValueError,E3_STRICT_MULTITRIP_V2: route CV_D_shenzhen_2#T1 misses C108's time window
relocate:CV_D_guangzhou_2#T1:C069->CV_D_shenzhen_2#T1@1,C069,C069:1.03288723259,REJECTED_INTERFACE,False,,,[],,,,,,,,,,0.0013986249978188425,ValueError,E3_STRICT_MULTITRIP_V2: route CV_D_shenzhen_2#T1 misses C069's time window
relocate:CV_D_guangzhou_2#T1:C069->CV_D_shenzhen_2#T1@2,C069,C069:1.03288723259,REJECTED_INTERFACE,False,,,[],,,,,,,,,,0.0013926250103395432,ValueError,E3_STRICT_MULTITRIP_V2: route CV_D_shenzhen_2#T1 misses C069's time window
relocate:CV_D_guangzhou_2#T1:C069->CV_D_shenzhen_2#T1@3,C069,C069:1.03288723259,REJECTED_INTERFACE,False,,,[],,,,,,,,,,0.0014024170232005417,ValueError,E3_STRICT_MULTITRIP_V2: route CV_D_shenzhen_2#T1 misses C069's time window
relocate:CV_D_guangzhou_2#T1:C069->CV_D_shenzhen_2#T1@4,C069,C069:1.03288723259,REJECTED_INTERFACE,False,,,[],,,,,,,,,,0.001668708020588383,ValueError,E3_STRICT_MULTITRIP_V2: route CV_D_shenzhen_2#T1 misses C069's time window
relocate:CV_D_guangzhou_2#T1:C069->CV_D_shenzhen_2#T1@5,C069,C069:1.03288723259,REJECTED_INTERFACE,False,,,[],,,,,,,,,,0.001581791992066428,ValueError,E3_STRICT_MULTITRIP_V2: route CV_D_shenzhen_2#T1 misses C069's time window
relocate:CV_D_guangzhou_2#T1:C069->CV_D_shenzhen_2#T1@6,C069,C069:1.03288723259,REJECTED_INTERFACE,False,,,[],,,,,,,,,,0.0015156669833231717,ValueError,E3_STRICT_MULTITRIP_V2: route CV_D_shenzhen_2#T1 misses C069's time window
relocate:CV_D_guangzhou_2#T1:C069->CV_D_shenzhen_2#T2@0,C069,C069:1.03288723259,REJECTED_INTERFACE,False,,,[],,,,,,,,,,0.00147929199738428,ValueError,E3_STRICT_MULTITRIP_V2: CV_D_shenzhen_2 has overlap or incomplete recharge
relocate:CV_D_guangzhou_2#T1:C069->CV_D_shenzhen_2#T2@1,C069,C069:1.03288723259,REJECTED_INTERFACE,False,,,[],,,,,,,,,,0.0014722080086357892,ValueError,E3_STRICT_MULTITRIP_V2: route CV_D_shenzhen_2#T2 misses C069's time window
relocate:CV_D_guangzhou_2#T1:C069->CV_D_shenzhen_2#T2@2,C069,C069:1.03288723259,REJECTED_INTERFACE,False,,,[],,,,,,,,,,0.0014420840016100556,ValueError,E3_STRICT_MULTITRIP_V2: route CV_D_shenzhen_2#T2 misses C069's time window
relocate:CV_D_guangzhou_2#T1:C069->CV_D_shenzhen_2#T2@3,C069,C069:1.03288723259,REJECTED_INTERFACE,False,,,[],,,,,,,,,,0.0014418750070035458,ValueError,E3_STRICT_MULTITRIP_V2: route CV_D_shenzhen_2#T2 misses C069's time window
relocate:CV_D_guangzhou_2#T1:C069->CV_D_shenzhen_2#T2@4,C069,C069:1.03288723259,REJECTED_INTERFACE,False,,,[],,,,,,,,,,0.0014306659868452698,ValueError,E3_STRICT_MULTITRIP_V2: route CV_D_shenzhen_2#T2 misses C069's time window
relocate:CV_D_guangzhou_2#T1:C069->CV_D_shenzhen_2#T2@5,C069,C069:1.03288723259,REJECTED_INTERFACE,False,,,[],,,,,,,,,,0.0014832080050837249,ValueError,E3_STRICT_MULTITRIP_V2: route CV_D_shenzhen_2#T2 misses C069's time window
relocate:CV_D_guangzhou_2#T1:C069->CV_D_shenzhen_2#T2@6,C069,C069:1.03288723259,REJECTED_INTERFACE,False,,,[],,,,,,,,,,0.001436624996131286,ValueError,E3_STRICT_MULTITRIP_V2: route CV_D_shenzhen_2#T2 misses C069's time window
relocate:CV_D_guangzhou_2#T1:C069->CV_D_shenzhen_3#T1@0,C069,C069:1.03288723259,REJECTED_INTERFACE,False,,,[],,,,,,,,,,0.0014313330175355077,ValueError,E3_STRICT_MULTITRIP_V2: route CV_D_shenzhen_3#T1 misses C110's time window
relocate:CV_D_guangzhou_2#T1:C069->CV_D_shenzhen_3#T1@1,C069,C069:1.03288723259,REJECTED_INTERFACE,False,,,[],,,,,,,,,,0.0016812090179882944,ValueError,E3_STRICT_MULTITRIP_V2: route CV_D_shenzhen_3#T1 misses C069's time window
relocate:CV_D_guangzhou_2#T1:C069->CV_D_shenzhen_3#T1@2,C069,C069:1.03288723259,REJECTED_INTERFACE,False,,,[],,,,,,,,,,0.001632041996344924,ValueError,E3_STRICT_MULTITRIP_V2: route CV_D_shenzhen_3#T1 misses C069's time window
relocate:CV_D_guangzhou_2#T1:C069->CV_D_shenzhen_3#T1@3,C069,C069:1.03288723259,REJECTED_INTERFACE,False,,,[],,,,,,,,,,0.0015220839995890856,ValueError,E3_STRICT_MULTITRIP_V2: route CV_D_shenzhen_3#T1 misses C069's time window
relocate:CV_D_guangzhou_2#T1:C069->CV_D_shenzhen_3#T1@4,C069,C069:1.03288723259,REJECTED_INTERFACE,False,,,[],,,,,,,,,,0.001445582980522886,ValueError,E3_STRICT_MULTITRIP_V2: route CV_D_shenzhen_3#T1 misses C069's time window
relocate:CV_D_guangzhou_2#T1:C069->CV_D_shenzhen_3#T1@5,C069,C069:1.03288723259,REJECTED_INTERFACE,False,,,[],,,,,,,,,,0.001452832977520302,ValueError,E3_STRICT_MULTITRIP_V2: route CV_D_shenzhen_3#T1 misses C069's time window
relocate:CV_D_guangzhou_2#T1:C069->CV_D_shenzhen_3#T1@6,C069,C069:1.03288723259,REJECTED_INTERFACE,False,,,[],,,,,,,,,,0.0014439590158872306,ValueError,E3_STRICT_MULTITRIP_V2: route CV_D_shenzhen_3#T1 misses C069's time window
relocate:CV_D_guangzhou_2#T1:C069->CV_D_shenzhen_3#T1@7,C069,C069:1.03288723259,REJECTED_INTERFACE,False,,,[],,,,,,,,,,0.00143333402229473,ValueError,E3_STRICT_MULTITRIP_V2: route CV_D_shenzhen_3#T1 misses C069's time window
relocate:CV_D_guangzhou_2#T1:C069->CV_D_shenzhen_4#T1@0,C069,C069:1.03288723259,REJECTED_INTERFACE,False,,,[],,,,,,,,,,0.0014372919977176934,ValueError,E3_STRICT_MULTITRIP_V2: route CV_D_shenzhen_4#T1 misses C121's time window
relocate:CV_D_guangzhou_2#T1:C069->CV_D_shenzhen_4#T1@1,C069,C069:1.03288723259,REJECTED_INTERFACE,False,,,[],,,,,,,,,,0.0014382500085048378,ValueError,E3_STRICT_MULTITRIP_V2: route CV_D_shenzhen_4#T1 misses C069's time window
relocate:CV_D_guangzhou_2#T1:C069->CV_D_shenzhen_4#T1@2,C069,C069:1.03288723259,REJECTED_INTERFACE,False,,,[],,,,,,,,,,0.0014255839923862368,ValueError,E3_STRICT_MULTITRIP_V2: route CV_D_shenzhen_4#T1 misses C069's time window
relocate:CV_D_guangzhou_2#T1:C069->CV_D_shenzhen_4#T1@3,C069,C069:1.03288723259,REJECTED_INTERFACE,False,,,[],,,,,,,,,,0.0014317920140456408,ValueError,E3_STRICT_MULTITRIP_V2: route CV_D_shenzhen_4#T1 misses C069's time window
relocate:CV_D_guangzhou_2#T1:C069->CV_D_shenzhen_4#T1@4,C069,C069:1.03288723259,REJECTED_INTERFACE,False,,,[],,,,,,,,,,0.001796041993657127,ValueError,E3_STRICT_MULTITRIP_V2: route CV_D_shenzhen_4#T1 misses C069's time window
relocate:CV_D_guangzhou_2#T1:C069->CV_D_shenzhen_4#T1@5,C069,C069:1.03288723259,REJECTED_INTERFACE,False,,,[],,,,,,,,,,0.0016938330081757158,ValueError,E3_STRICT_MULTITRIP_V2: route CV_D_shenzhen_4#T1 misses C069's time window
relocate:CV_D_guangzhou_2#T1:C069->CV_D_shenzhen_4#T1@6,C069,C069:1.03288723259,REJECTED_INTERFACE,False,,,[],,,,,,,,,,0.0015521250024903566,ValueError,E3_STRICT_MULTITRIP_V2: route CV_D_shenzhen_4#T1 misses C069's time window
relocate:CV_D_guangzhou_2#T1:C069->CV_D_shenzhen_5#T1@0,C069,C069:1.03288723259,REJECTED_INTERFACE,False,,,[],,,,,,,,,,0.0015076670097187161,ValueError,E3_STRICT_MULTITRIP_V2: route CV_D_shenzhen_5#T1 misses C120's time window
relocate:CV_D_guangzhou_2#T1:C069->CV_D_shenzhen_5#T1@1,C069,C069:1.03288723259,REJECTED_INTERFACE,False,,,[],,,,,,,,,,0.0014975829981267452,ValueError,E3_STRICT_MULTITRIP_V2: route CV_D_shenzhen_5#T1 misses C069's time window
relocate:CV_D_guangzhou_2#T1:C069->CV_D_shenzhen_5#T1@2,C069,C069:1.03288723259,REJECTED_INTERFACE,False,,,[],,,,,,,,,,0.0014962920104153454,ValueError,E3_STRICT_MULTITRIP_V2: route CV_D_shenzhen_5#T1 misses C069's time window
relocate:CV_D_guangzhou_2#T1:C069->CV_D_shenzhen_5#T1@3,C069,C069:1.03288723259,REJECTED_INTERFACE,False,,,[],,,,,,,,,,0.0014942080015316606,ValueError,E3_STRICT_MULTITRIP_V2: route CV_D_shenzhen_5#T1 misses C069's time window
relocate:CV_D_guangzhou_2#T1:C069->CV_D_shenzhen_5#T1@4,C069,C069:1.03288723259,REJECTED_INTERFACE,False,,,[],,,,,,,,,,0.0014925419818609953,ValueError,E3_STRICT_MULTITRIP_V2: route CV_D_shenzhen_5#T1 misses C069's time window
relocate:CV_D_guangzhou_2#T1:C069->CV_D_shenzhen_5#T1@5,C069,C069:1.03288723259,REJECTED_INTERFACE,False,,,[],,,,,,,,,,0.001484417007304728,ValueError,E3_STRICT_MULTITRIP_V2: route CV_D_shenzhen_5#T1 misses C069's time window
relocate:CV_D_guangzhou_2#T1:C069->EV_D_shenzhen_1#T1@0,C069,C069:1.03288723259,REJECTED_CHARGING,False,,,[],,,,,,,,,,0.0001389170065522194,ValueError,E3_STRICT_MULTITRIP_V2: route EV_D_shenzhen_1#T1 misses C141's time window
relocate:CV_D_guangzhou_2#T1:C069->EV_D_shenzhen_1#T1@1,C069,C069:1.03288723259,REJECTED_CHARGING,False,,,[],,,,,,,,,,0.00011829100549221039,ValueError,E3_STRICT_MULTITRIP_V2: route EV_D_shenzhen_1#T1 misses C069's time window
relocate:CV_D_guangzhou_2#T1:C069->EV_D_shenzhen_1#T1@2,C069,C069:1.03288723259,REJECTED_CHARGING,False,,,[],,,,,,,,,,0.00011741698835976422,ValueError,E3_STRICT_MULTITRIP_V2: route EV_D_shenzhen_1#T1 misses C069's time window
relocate:CV_D_guangzhou_2#T1:C069->EV_D_shenzhen_1#T1@3,C069,C069:1.03288723259,REJECTED_CHARGING,False,,,[],,,,,,,,,,0.00011933300993405282,ValueError,E3_STRICT_MULTITRIP_V2: route EV_D_shenzhen_1#T1 misses C069's time window
relocate:CV_D_guangzhou_2#T1:C069->EV_D_shenzhen_1#T1@4,C069,C069:1.03288723259,REJECTED_CHARGING,False,,,[],,,,,,,,,,0.00011704099597409368,ValueError,E3_STRICT_MULTITRIP_V2: route EV_D_shenzhen_1#T1 misses C069's time window
relocate:CV_D_guangzhou_2#T1:C069->EV_D_shenzhen_1#T1@5,C069,C069:1.03288723259,REJECTED_CHARGING,False,,,[],,,,,,,,,,0.00012008301564492285,ValueError,E3_STRICT_MULTITRIP_V2: route EV_D_shenzhen_1#T1 misses C069's time window
relocate:CV_D_guangzhou_2#T1:C069->EV_D_shenzhen_1#T1@6,C069,C069:1.03288723259,REJECTED_CHARGING,False,,,[],,,,,,,,,,0.0001267919724341482,ValueError,E3_STRICT_MULTITRIP_V2: route EV_D_shenzhen_1#T1 misses C069's time window
relocate:CV_D_guangzhou_2#T1:C069->EV_D_shenzhen_1#T1@7,C069,C069:1.03288723259,REJECTED_CHARGING,False,,,[],,,,,,,,,,0.00012629199773073196,ValueError,E3_STRICT_MULTITRIP_V2: route EV_D_shenzhen_1#T1 misses C069's time window
relocate:CV_D_guangzhou_2#T1:C069->EV_D_shenzhen_1#T1@8,C069,C069:1.03288723259,REJECTED_CHARGING,False,,,[],,,,,,,,,,0.0001278329873457551,ValueError,E3_STRICT_MULTITRIP_V2: route EV_D_shenzhen_1#T1 misses C069's time window
relocate:CV_D_guangzhou_2#T1:C069->EV_D_shenzhen_1#T2@0,C069,C069:1.03288723259,REJECTED_CHARGING,False,,,[],,,,,,,,,,0.041654667002148926,ValueError,No feasible charging insert between C146 and C117
relocate:CV_D_guangzhou_2#T1:C069->EV_D_shenzhen_1#T2@1,C069,C069:1.03288723259,REJECTED_CHARGING,False,,,[],,,,,,,,,,0.028972750005777925,ValueError,E3_STRICT_MULTITRIP_V2: route EV_D_shenzhen_1#T2 misses C069's time window
relocate:CV_D_guangzhou_2#T1:C069->EV_D_shenzhen_1#T2@2,C069,C069:1.03288723259,REJECTED_CHARGING,False,,,[],,,,,,,,,,0.030716666020452976,ValueError,E3_STRICT_MULTITRIP_V2: route EV_D_shenzhen_1#T2 misses C069's time window
relocate:CV_D_guangzhou_2#T1:C069->EV_D_shenzhen_2#T1@0,C069,C069:1.03288723259,REJECTED_CHARGING,False,,,[],,,,,,,,,,0.00016062500071711838,ValueError,E3_STRICT_MULTITRIP_V2: route EV_D_shenzhen_2#T1 misses C140's time window
relocate:CV_D_guangzhou_2#T1:C069->EV_D_shenzhen_2#T1@1,C069,C069:1.03288723259,REJECTED_CHARGING,False,,,[],,,,,,,,,,0.0001830830005928874,ValueError,E3_STRICT_MULTITRIP_V2: route EV_D_shenzhen_2#T1 misses C069's time window
relocate:CV_D_guangzhou_2#T1:C069->EV_D_shenzhen_2#T1@2,C069,C069:1.03288723259,REJECTED_CHARGING,False,,,[],,,,,,,,,,0.0006658750062342733,ValueError,E3_STRICT_MULTITRIP_V2: route EV_D_shenzhen_2#T1 misses C069's time window
relocate:CV_D_guangzhou_2#T1:C069->EV_D_shenzhen_2#T1@3,C069,C069:1.03288723259,REJECTED_CHARGING,False,,,[],,,,,,,,,,0.0001413749996572733,ValueError,E3_STRICT_MULTITRIP_V2: route EV_D_shenzhen_2#T1 misses C069's time window
relocate:CV_D_guangzhou_2#T1:C069->EV_D_shenzhen_2#T1@4,C069,C069:1.03288723259,REJECTED_CHARGING,False,,,[],,,,,,,,,,0.00012479201541282237,ValueError,E3_STRICT_MULTITRIP_V2: route EV_D_shenzhen_2#T1 misses C069's time window
relocate:CV_D_guangzhou_2#T1:C069->EV_D_shenzhen_2#T1@5,C069,C069:1.03288723259,REJECTED_CHARGING,False,,,[],,,,,,,,,,0.00011724999058060348,ValueError,E3_STRICT_MULTITRIP_V2: route EV_D_shenzhen_2#T1 misses C069's time window
relocate:CV_D_guangzhou_2#T1:C069->EV_D_shenzhen_2#T1@6,C069,C069:1.03288723259,REJECTED_CHARGING,False,,,[],,,,,,,,,,0.00011904200073331594,ValueError,E3_STRICT_MULTITRIP_V2: route EV_D_shenzhen_2#T1 misses C069's time window
relocate:CV_D_guangzhou_2#T1:C069->EV_D_shenzhen_2#T1@7,C069,C069:1.03288723259,REJECTED_CHARGING,False,,,[],,,,,,,,,,0.00012420900748111308,ValueError,E3_STRICT_MULTITRIP_V2: route EV_D_shenzhen_2#T1 misses C069's time window
relocate:CV_D_guangzhou_3#T1:C089->CV_D_dongguan_1#T1@0,C089,C089:2.65628788961,REJECTED_INTERFACE,False,,,[],,,,,,,,,,0.0014158749836497009,ValueError,E3_STRICT_MULTITRIP_V2: route CV_D_dongguan_1#T1 misses C005's time window
relocate:CV_D_guangzhou_3#T1:C089->CV_D_dongguan_1#T1@1,C089,C089:2.65628788961,REJECTED_INTERFACE,False,,,[],,,,,,,,,,0.0014925419818609953,ValueError,E3_STRICT_MULTITRIP_V2: route CV_D_dongguan_1#T1 misses C006's time window
relocate:CV_D_guangzhou_3#T1:C089->CV_D_dongguan_1#T1@2,C089,C089:2.65628788961,REJECTED_INTERFACE,False,,,[],,,,,,,,,,0.0012481250159908086,ValueError,E3_STRICT_MULTITRIP_V2: route CV_D_dongguan_1#T1 misses C010's time window
relocate:CV_D_guangzhou_3#T1:C089->CV_D_dongguan_1#T1@3,C089,C089:2.65628788961,REJECTED_INTERFACE,False,,,[],,,,,,,,,,0.0012034160026814789,ValueError,E3_STRICT_MULTITRIP_V2: route CV_D_dongguan_1#T1 misses C003's time window
relocate:CV_D_guangzhou_3#T1:C089->CV_D_dongguan_1#T1@4,C089,C089:2.65628788961,REJECTED_INTERFACE,False,,,[],,,,,,,,,,0.0011904579878319055,ValueError,E3_STRICT_MULTITRIP_V2: route CV_D_dongguan_1#T1 misses C004's time window
relocate:CV_D_guangzhou_3#T1:C089->CV_D_dongguan_1#T1@5,C089,C089:2.65628788961,REJECTED_INTERFACE,False,,,[],,,,,,,,,,0.0011808330018538982,ValueError,E3_STRICT_MULTITRIP_V2: route CV_D_dongguan_1#T1 misses C002's time window
relocate:CV_D_guangzhou_3#T1:C089->CV_D_dongguan_1#T1@6,C089,C089:2.65628788961,REJECTED_INTERFACE,False,,,[],,,,,,,,,,0.001182584004709497,ValueError,E3_STRICT_MULTITRIP_V2: route CV_D_dongguan_1#T1 misses C011's time window
relocate:CV_D_guangzhou_3#T1:C089->CV_D_dongguan_1#T1@7,C089,C089:2.65628788961,REJECTED_INTERFACE,False,,,[],,,,,,,,,,0.0012505410122685134,ValueError,E3_STRICT_MULTITRIP_V2: CV_D_dongguan_1 has overlap or incomplete recharge
relocate:CV_D_guangzhou_3#T1:C089->CV_D_dongguan_1#T2@0,C089,C089:2.65628788961,REJECTED_INTERFACE,False,,,[],,,,,,,,,,0.0012159170000813901,ValueError,E3_STRICT_MULTITRIP_V2: route CV_D_dongguan_1#T2 misses C001's time window
relocate:CV_D_guangzhou_3#T1:C089->CV_D_dongguan_1#T2@1,C089,C089:2.65628788961,REJECTED_INTERFACE,False,,,[],,,,,,,,,,0.0011924169957637787,ValueError,E3_STRICT_MULTITRIP_V2: route CV_D_dongguan_1#T2 misses C019's time window
relocate:CV_D_guangzhou_3#T1:C089->CV_D_dongguan_1#T2@2,C089,C089:2.65628788961,REJECTED_INTERFACE,False,,,[],,,,,,,,,,0.00120825000340119,ValueError,E3_STRICT_MULTITRIP_V2: route CV_D_dongguan_1#T2 misses C018's time window
relocate:CV_D_guangzhou_3#T1:C089->CV_D_dongguan_1#T2@3,C089,C089:2.65628788961,REJECTED_INTERFACE,False,,,[],,,,,,,,,,0.0018777920049615204,ValueError,E3_STRICT_MULTITRIP_V2: route CV_D_dongguan_1#T2 misses C089's time window
relocate:CV_D_guangzhou_3#T1:C089->CV_D_dongguan_1#T2@4,C089,C089:2.65628788961,REJECTED_INTERFACE,False,,,[],,,,,,,,,,0.001350167003693059,ValueError,E3_STRICT_MULTITRIP_V2: route CV_D_dongguan_1#T2 misses C089's time window
relocate:CV_D_guangzhou_3#T1:C089->CV_D_dongguan_1#T2@5,C089,C089:2.65628788961,REJECTED_INTERFACE,False,,,[],,,,,,,,,,0.0014935420185793191,ValueError,E3_STRICT_MULTITRIP_V2: route CV_D_dongguan_1#T2 misses C089's time window
relocate:CV_D_guangzhou_3#T1:C089->CV_D_dongguan_1#T2@6,C089,C089:2.65628788961,REJECTED_INTERFACE,False,,,[],,,,,,,,,,0.0012544589990284294,ValueError,E3_STRICT_MULTITRIP_V2: route CV_D_dongguan_1#T2 misses C089's time window
relocate:CV_D_guangzhou_3#T1:C089->CV_D_dongguan_1#T2@7,C089,C089:2.65628788961,REJECTED_INTERFACE,False,,,[],,,,,,,,,,0.0012193750008009374,ValueError,E3_STRICT_MULTITRIP_V2: route CV_D_dongguan_1#T2 misses C089's time window
relocate:CV_D_guangzhou_3#T1:C089->CV_D_dongguan_2#T1@0,C089,C089:2.65628788961,REJECTED_INTERFACE,False,,,[],,,,,,,,,,0.0012172500137239695,ValueError,E3_STRICT_MULTITRIP_V2: route CV_D_dongguan_2#T1 misses C017's time window
relocate:CV_D_guangzhou_3#T1:C089->CV_D_dongguan_2#T1@1,C089,C089:2.65628788961,REJECTED_INTERFACE,False,,,[],,,,,,,,,,0.0011779170017689466,ValueError,E3_STRICT_MULTITRIP_V2: route CV_D_dongguan_2#T1 misses C012's time window
relocate:CV_D_guangzhou_3#T1:C089->CV_D_dongguan_2#T1@2,C089,C089:2.65628788961,REJECTED_INTERFACE,False,,,[],,,,,,,,,,0.001204291998874396,ValueError,E3_STRICT_MULTITRIP_V2: route CV_D_dongguan_2#T1 misses C016's time window
relocate:CV_D_guangzhou_3#T1:C089->CV_D_dongguan_2#T1@3,C089,C089:2.65628788961,REJECTED_INTERFACE,False,,,[],,,,,,,,,,0.0012123750057071447,ValueError,E3_STRICT_MULTITRIP_V2: route CV_D_dongguan_2#T1 misses C020's time window
relocate:CV_D_guangzhou_3#T1:C089->CV_D_dongguan_2#T1@4,C089,C089:2.65628788961,REJECTED_INTERFACE,False,,,[],,,,,,,,,,0.0011882079998031259,ValueError,E3_STRICT_MULTITRIP_V2: route CV_D_dongguan_2#T1 misses C007's time window
relocate:CV_D_guangzhou_3#T1:C089->CV_D_dongguan_2#T1@5,C089,C089:2.65628788961,REJECTED_INTERFACE,False,,,[],,,,,,,,,,0.0011994169908575714,ValueError,E3_STRICT_MULTITRIP_V2: CV_D_dongguan_2 has overlap or incomplete recharge
relocate:CV_D_guangzhou_3#T1:C089->CV_D_dongguan_2#T2@0,C089,C089:2.65628788961,REJECTED_INTERFACE,False,,,[],,,,,,,,,,0.0011776669998653233,ValueError,E3_STRICT_MULTITRIP_V2: CV_D_dongguan_2 has overlap or incomplete recharge
relocate:CV_D_guangzhou_3#T1:C089->CV_D_dongguan_2#T2@1,C089,C089:2.65628788961,REJECTED_INTERFACE,False,,,[],,,,,,,,,,0.001140250009484589,ValueError,E3_STRICT_MULTITRIP_V2: route CV_D_dongguan_2#T2 misses C089's time window
relocate:CV_D_guangzhou_3#T1:C089->CV_D_foshan_1#T1@0,C089,C089:2.65628788961,REJECTED_INTERFACE,False,,,[],,,,,,,,,,0.0015347909939009696,ValueError,E3_STRICT_MULTITRIP_V2: route CV_D_foshan_1#T1 misses C030's time window
relocate:CV_D_guangzhou_3#T1:C089->CV_D_foshan_1#T1@1,C089,C089:2.65628788961,REJECTED_INTERFACE,False,,,[],,,,,,,,,,0.0013833330012857914,ValueError,E3_STRICT_MULTITRIP_V2: route CV_D_foshan_1#T1 misses C031's time window
relocate:CV_D_guangzhou_3#T1:C089->CV_D_foshan_1#T1@2,C089,C089:2.65628788961,REJECTED_INTERFACE,False,,,[],,,,,,,,,,0.00128749999566935,ValueError,E3_STRICT_MULTITRIP_V2: route CV_D_foshan_1#T1 misses C041's time window
relocate:CV_D_guangzhou_3#T1:C089->CV_D_foshan_1#T1@3,C089,C089:2.65628788961,REJECTED_INTERFACE,False,,,[],,,,,,,,,,0.0011699169990606606,ValueError,E3_STRICT_MULTITRIP_V2: route CV_D_foshan_1#T1 misses C039's time window
relocate:CV_D_guangzhou_3#T1:C089->CV_D_foshan_1#T1@4,C089,C089:2.65628788961,REJECTED_INTERFACE,False,,,[],,,,,,,,,,0.001162583997938782,ValueError,E3_STRICT_MULTITRIP_V2: route CV_D_foshan_1#T1 misses C036's time window
relocate:CV_D_guangzhou_3#T1:C089->CV_D_foshan_1#T1@5,C089,C089:2.65628788961,REJECTED_INTERFACE,False,,,[],,,,,,,,,,0.0011592079827096313,ValueError,E3_STRICT_MULTITRIP_V2: route CV_D_foshan_1#T1 misses C026's time window
relocate:CV_D_guangzhou_3#T1:C089->CV_D_foshan_1#T1@6,C089,C089:2.65628788961,REJECTED_INTERFACE,False,,,[],,,,,,,,,,0.0012092920078430325,ValueError,E3_STRICT_MULTITRIP_V2: CV_D_foshan_1 has overlap or incomplete recharge
relocate:CV_D_guangzhou_3#T1:C089->CV_D_foshan_1#T2@0,C089,C089:2.65628788961,EVALUATED,True,False,2,"[{""detail"": ""initial load 1945.000000 exceeds Q=1735.000000"", ""location"": ""D_foshan"", ""severity"": ""hard"", ""type"": ""CAPACITY"", ""vehicle_id"": ""CV_D_foshan_1#T2""}, {""detail"": ""profit Pi=15701.339835 below theta*Pi0=16098.687226 (theta=1.000000, Pi0=16098.687226)"", ""location"": ""D_guangzhou"", ""severity"": ""hard"", ""type"": ""PROFIT_FAIRNESS"", ""vehicle_id"": """"}]",1,6141.770498045893,-4.947062011960043,657.0646542577202,-397.34739108013855,60729.79204600189,False,0.4740953687509735,0,0.010620790999382734,,
relocate:CV_D_guangzhou_3#T1:C089->CV_D_foshan_1#T2@1,C089,C089:2.65628788961,REJECTED_INTERFACE,False,,,[],,,,,,,,,,0.0012801660050172359,ValueError,E3_STRICT_MULTITRIP_V2: route CV_D_foshan_1#T2 misses C037's time window
relocate:CV_D_guangzhou_3#T1:C089->CV_D_foshan_1#T2@2,C089,C089:2.65628788961,REJECTED_INTERFACE,False,,,[],,,,,,,,,,0.001189041999168694,ValueError,E3_STRICT_MULTITRIP_V2: route CV_D_foshan_1#T2 misses C089's time window
relocate:CV_D_guangzhou_3#T1:C089->CV_D_foshan_1#T2@3,C089,C089:2.65628788961,REJECTED_INTERFACE,False,,,[],,,,,,,,,,0.001165833993582055,ValueError,E3_STRICT_MULTITRIP_V2: route CV_D_foshan_1#T2 misses C089's time window
relocate:CV_D_guangzhou_3#T1:C089->CV_D_foshan_1#T2@4,C089,C089:2.65628788961,REJECTED_INTERFACE,False,,,[],,,,,,,,,,0.001188707974506542,ValueError,E3_STRICT_MULTITRIP_V2: route CV_D_foshan_1#T2 misses C089's time window
relocate:CV_D_guangzhou_3#T1:C089->CV_D_foshan_1#T2@5,C089,C089:2.65628788961,REJECTED_INTERFACE,False,,,[],,,,,,,,,,0.0011597920092754066,ValueError,E3_STRICT_MULTITRIP_V2: route CV_D_foshan_1#T2 misses C089's time window
relocate:CV_D_guangzhou_3#T1:C089->CV_D_foshan_1#T2@6,C089,C089:2.65628788961,REJECTED_INTERFACE,False,,,[],,,,,,,,,,0.0011597919801715761,ValueError,E3_STRICT_MULTITRIP_V2: route CV_D_foshan_1#T2 misses C089's time window
relocate:CV_D_guangzhou_3#T1:C089->CV_D_foshan_2#T1@0,C089,C089:2.65628788961,REJECTED_INTERFACE,False,,,[],,,,,,,,,,0.001179208018584177,ValueError,E3_STRICT_MULTITRIP_V2: route CV_D_foshan_2#T1 misses C028's time window
relocate:CV_D_guangzhou_3#T1:C089->CV_D_foshan_2#T1@1,C089,C089:2.65628788961,REJECTED_INTERFACE,False,,,[],,,,,,,,,,0.0011858330108225346,ValueError,E3_STRICT_MULTITRIP_V2: route CV_D_foshan_2#T1 misses C024's time window
relocate:CV_D_guangzhou_3#T1:C089->CV_D_foshan_2#T1@2,C089,C089:2.65628788961,REJECTED_INTERFACE,False,,,[],,,,,,,,,,0.0011782909859903157,ValueError,E3_STRICT_MULTITRIP_V2: route CV_D_foshan_2#T1 misses C021's time window
relocate:CV_D_guangzhou_3#T1:C089->CV_D_foshan_2#T1@3,C089,C089:2.65628788961,REJECTED_INTERFACE,False,,,[],,,,,,,,,,0.0011610840156208724,ValueError,E3_STRICT_MULTITRIP_V2: route CV_D_foshan_2#T1 misses C033's time window
relocate:CV_D_guangzhou_3#T1:C089->CV_D_foshan_2#T1@4,C089,C089:2.65628788961,REJECTED_INTERFACE,False,,,[],,,,,,,,,,0.0012318340013734996,ValueError,E3_STRICT_MULTITRIP_V2: route CV_D_foshan_2#T1 misses C035's time window
relocate:CV_D_guangzhou_3#T1:C089->CV_D_foshan_2#T1@5,C089,C089:2.65628788961,REJECTED_INTERFACE,False,,,[],,,,,,,,,,0.0017053750052582473,ValueError,E3_STRICT_MULTITRIP_V2: route CV_D_foshan_2#T1 misses C023's time window
relocate:CV_D_guangzhou_3#T1:C089->CV_D_foshan_2#T1@6,C089,C089:2.65628788961,REJECTED_INTERFACE,False,,,[],,,,,,,,,,0.001691792014753446,ValueError,E3_STRICT_MULTITRIP_V2: CV_D_foshan_2 has overlap or incomplete recharge
relocate:CV_D_guangzhou_3#T1:C089->CV_D_foshan_2#T1@7,C089,C089:2.65628788961,REJECTED_INTERFACE,False,,,[],,,,,,,,,,0.0013429590035229921,ValueError,E3_STRICT_MULTITRIP_V2: CV_D_foshan_2 has overlap or incomplete recharge
relocate:CV_D_guangzhou_3#T1:C089->CV_D_foshan_2#T2@0,C089,C089:2.65628788961,REJECTED_INTERFACE,False,,,[],,,,,,,,,,0.001277666015084833,ValueError,E3_STRICT_MULTITRIP_V2: CV_D_foshan_2 has overlap or incomplete recharge
relocate:CV_D_guangzhou_3#T1:C089->CV_D_foshan_2#T2@1,C089,C089:2.65628788961,REJECTED_INTERFACE,False,,,[],,,,,,,,,,0.0012360000109765679,ValueError,E3_STRICT_MULTITRIP_V2: route CV_D_foshan_2#T2 misses C089's time window
relocate:CV_D_guangzhou_3#T1:C089->CV_D_foshan_2#T2@2,C089,C089:2.65628788961,REJECTED_INTERFACE,False,,,[],,,,,,,,,,0.001293207984417677,ValueError,E3_STRICT_MULTITRIP_V2: route CV_D_foshan_2#T2 misses C089's time window
relocate:CV_D_guangzhou_3#T1:C089->CV_D_shenzhen_1#T1@0,C089,C089:2.65628788961,REJECTED_INTERFACE,False,,,[],,,,,,,,,,0.0016103330126497895,ValueError,E3_STRICT_MULTITRIP_V2: route CV_D_shenzhen_1#T1 misses C093's time window
relocate:CV_D_guangzhou_3#T1:C089->CV_D_shenzhen_1#T1@1,C089,C089:2.65628788961,REJECTED_INTERFACE,False,,,[],,,,,,,,,,0.001655667001614347,ValueError,E3_STRICT_MULTITRIP_V2: route CV_D_shenzhen_1#T1 misses C122's time window
relocate:CV_D_guangzhou_3#T1:C089->CV_D_shenzhen_1#T1@2,C089,C089:2.65628788961,REJECTED_INTERFACE,False,,,[],,,,,,,,,,0.0014839580107945949,ValueError,E3_STRICT_MULTITRIP_V2: route CV_D_shenzhen_1#T1 misses C147's time window
relocate:CV_D_guangzhou_3#T1:C089->CV_D_shenzhen_1#T1@3,C089,C089:2.65628788961,REJECTED_INTERFACE,False,,,[],,,,,,,,,,0.001467792026232928,ValueError,E3_STRICT_MULTITRIP_V2: route CV_D_shenzhen_1#T1 misses C111's time window
relocate:CV_D_guangzhou_3#T1:C089->CV_D_shenzhen_1#T1@4,C089,C089:2.65628788961,REJECTED_INTERFACE,False,,,[],,,,,,,,,,0.0014367919939104468,ValueError,E3_STRICT_MULTITRIP_V2: route CV_D_shenzhen_1#T1 misses C106's time window
relocate:CV_D_guangzhou_3#T1:C089->CV_D_shenzhen_1#T1@5,C089,C089:2.65628788961,REJECTED_INTERFACE,False,,,[],,,,,,,,,,0.002278667001519352,ValueError,E3_STRICT_MULTITRIP_V2: route CV_D_shenzhen_1#T1 misses C100's time window
relocate:CV_D_guangzhou_3#T1:C089->CV_D_shenzhen_1#T1@6,C089,C089:2.65628788961,REJECTED_INTERFACE,False,,,[],,,,,,,,,,0.001643959025386721,ValueError,E3_STRICT_MULTITRIP_V2: route CV_D_shenzhen_1#T1 misses C112's time window
relocate:CV_D_guangzhou_3#T1:C089->CV_D_shenzhen_1#T1@7,C089,C089:2.65628788961,REJECTED_INTERFACE,False,,,[],,,,,,,,,,0.001590500003658235,ValueError,E3_STRICT_MULTITRIP_V2: CV_D_shenzhen_1 has overlap or incomplete recharge
relocate:CV_D_guangzhou_3#T1:C089->CV_D_shenzhen_1#T2@0,C089,C089:2.65628788961,REJECTED_INTERFACE,False,,,[],,,,,,,,,,0.0014856669877190143,ValueError,E3_STRICT_MULTITRIP_V2: route CV_D_shenzhen_1#T2 misses C129's time window
relocate:CV_D_guangzhou_3#T1:C089->CV_D_shenzhen_1#T2@1,C089,C089:2.65628788961,REJECTED_INTERFACE,False,,,[],,,,,,,,,,0.0014592090155929327,ValueError,E3_STRICT_MULTITRIP_V2: route CV_D_shenzhen_1#T2 misses C115's time window
relocate:CV_D_guangzhou_3#T1:C089->CV_D_shenzhen_1#T2@2,C089,C089:2.65628788961,REJECTED_INTERFACE,False,,,[],,,,,,,,,,0.001449249975848943,ValueError,E3_STRICT_MULTITRIP_V2: route CV_D_shenzhen_1#T2 misses C089's time window
relocate:CV_D_guangzhou_3#T1:C089->CV_D_shenzhen_1#T2@3,C089,C089:2.65628788961,REJECTED_INTERFACE,False,,,[],,,,,,,,,,0.001461915991967544,ValueError,E3_STRICT_MULTITRIP_V2: route CV_D_shenzhen_1#T2 misses C089's time window
relocate:CV_D_guangzhou_3#T1:C089->CV_D_shenzhen_1#T2@4,C089,C089:2.65628788961,REJECTED_INTERFACE,False,,,[],,,,,,,,,,0.0014577910187654197,ValueError,E3_STRICT_MULTITRIP_V2: route CV_D_shenzhen_1#T2 misses C089's time window
relocate:CV_D_guangzhou_3#T1:C089->CV_D_shenzhen_1#T2@5,C089,C089:2.65628788961,REJECTED_INTERFACE,False,,,[],,,,,,,,,,0.0014532920031342655,ValueError,E3_STRICT_MULTITRIP_V2: route CV_D_shenzhen_1#T2 misses C089's time window
relocate:CV_D_guangzhou_3#T1:C089->CV_D_shenzhen_2#T1@0,C089,C089:2.65628788961,REJECTED_INTERFACE,False,,,[],,,,,,,,,,0.0014378749765455723,ValueError,E3_STRICT_MULTITRIP_V2: route CV_D_shenzhen_2#T1 misses C108's time window
relocate:CV_D_guangzhou_3#T1:C089->CV_D_shenzhen_2#T1@1,C089,C089:2.65628788961,REJECTED_INTERFACE,False,,,[],,,,,,,,,,0.015388041007099673,ValueError,E3_STRICT_MULTITRIP_V2: route CV_D_shenzhen_2#T1 misses C104's time window
relocate:CV_D_guangzhou_3#T1:C089->CV_D_shenzhen_2#T1@2,C089,C089:2.65628788961,REJECTED_INTERFACE,False,,,[],,,,,,,,,,0.004857250023633242,ValueError,E3_STRICT_MULTITRIP_V2: route CV_D_shenzhen_2#T1 misses C126's time window
relocate:CV_D_guangzhou_3#T1:C089->CV_D_shenzhen_2#T1@3,C089,C089:2.65628788961,REJECTED_INTERFACE,False,,,[],,,,,,,,,,0.0048897079832386225,ValueError,E3_STRICT_MULTITRIP_V2: route CV_D_shenzhen_2#T1 misses C135's time window
relocate:CV_D_guangzhou_3#T1:C089->CV_D_shenzhen_2#T1@4,C089,C089:2.65628788961,REJECTED_INTERFACE,False,,,[],,,,,,,,,,0.0015085000195540488,ValueError,E3_STRICT_MULTITRIP_V2: route CV_D_shenzhen_2#T1 misses C114's time window
relocate:CV_D_guangzhou_3#T1:C089->CV_D_shenzhen_2#T1@5,C089,C089:2.65628788961,REJECTED_INTERFACE,False,,,[],,,,,,,,,,0.0014776250172872096,ValueError,E3_STRICT_MULTITRIP_V2: route CV_D_shenzhen_2#T1 misses C143's time window
relocate:CV_D_guangzhou_3#T1:C089->CV_D_shenzhen_2#T1@6,C089,C089:2.65628788961,REJECTED_INTERFACE,False,,,[],,,,,,,,,,0.0015060419973451644,ValueError,E3_STRICT_MULTITRIP_V2: CV_D_shenzhen_2 has overlap or incomplete recharge
relocate:CV_D_guangzhou_3#T1:C089->CV_D_shenzhen_2#T2@0,C089,C089:2.65628788961,REJECTED_INTERFACE,False,,,[],,,,,,,,,,0.0014709999959450215,ValueError,E3_STRICT_MULTITRIP_V2: route CV_D_shenzhen_2#T2 misses C101's time window
relocate:CV_D_guangzhou_3#T1:C089->CV_D_shenzhen_2#T2@1,C089,C089:2.65628788961,REJECTED_INTERFACE,False,,,[],,,,,,,,,,0.001467417023377493,ValueError,E3_STRICT_MULTITRIP_V2: route CV_D_shenzhen_2#T2 misses C089's time window
relocate:CV_D_guangzhou_3#T1:C089->CV_D_shenzhen_2#T2@2,C089,C089:2.65628788961,REJECTED_INTERFACE,False,,,[],,,,,,,,,,0.004857957974309102,ValueError,E3_STRICT_MULTITRIP_V2: route CV_D_shenzhen_2#T2 misses C089's time window
relocate:CV_D_guangzhou_3#T1:C089->CV_D_shenzhen_2#T2@3,C089,C089:2.65628788961,REJECTED_INTERFACE,False,,,[],,,,,,,,,,0.001578875002451241,ValueError,E3_STRICT_MULTITRIP_V2: route CV_D_shenzhen_2#T2 misses C089's time window
relocate:CV_D_guangzhou_3#T1:C089->CV_D_shenzhen_2#T2@4,C089,C089:2.65628788961,REJECTED_INTERFACE,False,,,[],,,,,,,,,,0.001485791988670826,ValueError,E3_STRICT_MULTITRIP_V2: route CV_D_shenzhen_2#T2 misses C089's time window
relocate:CV_D_guangzhou_3#T1:C089->CV_D_shenzhen_2#T2@5,C089,C089:2.65628788961,REJECTED_INTERFACE,False,,,[],,,,,,,,,,0.0014854999899398535,ValueError,E3_STRICT_MULTITRIP_V2: route CV_D_shenzhen_2#T2 misses C089's time window
relocate:CV_D_guangzhou_3#T1:C089->CV_D_shenzhen_2#T2@6,C089,C089:2.65628788961,REJECTED_INTERFACE,False,,,[],,,,,,,,,,0.001469542010454461,ValueError,E3_STRICT_MULTITRIP_V2: route CV_D_shenzhen_2#T2 misses C089's time window
relocate:CV_D_guangzhou_3#T1:C089->CV_D_shenzhen_3#T1@0,C089,C089:2.65628788961,REJECTED_INTERFACE,False,,,[],,,,,,,,,,0.0014649159857071936,ValueError,E3_STRICT_MULTITRIP_V2: route CV_D_shenzhen_3#T1 misses C110's time window
relocate:CV_D_guangzhou_3#T1:C089->CV_D_shenzhen_3#T1@1,C089,C089:2.65628788961,REJECTED_INTERFACE,False,,,[],,,,,,,,,,0.001457624981412664,ValueError,E3_STRICT_MULTITRIP_V2: route CV_D_shenzhen_3#T1 misses C124's time window
relocate:CV_D_guangzhou_3#T1:C089->CV_D_shenzhen_3#T1@2,C089,C089:2.65628788961,REJECTED_INTERFACE,False,,,[],,,,,,,,,,0.0014552079956047237,ValueError,E3_STRICT_MULTITRIP_V2: route CV_D_shenzhen_3#T1 misses C125's time window
relocate:CV_D_guangzhou_3#T1:C089->CV_D_shenzhen_3#T1@3,C089,C089:2.65628788961,REJECTED_INTERFACE,False,,,[],,,,,,,,,,0.0014531670021824539,ValueError,E3_STRICT_MULTITRIP_V2: route CV_D_shenzhen_3#T1 misses C102's time window
relocate:CV_D_guangzhou_3#T1:C089->CV_D_shenzhen_3#T1@4,C089,C089:2.65628788961,REJECTED_INTERFACE,False,,,[],,,,,,,,,,0.0020640830043703318,ValueError,E3_STRICT_MULTITRIP_V2: route CV_D_shenzhen_3#T1 misses C113's time window
relocate:CV_D_guangzhou_3#T1:C089->CV_D_shenzhen_3#T1@5,C089,C089:2.65628788961,REJECTED_INTERFACE,False,,,[],,,,,,,,,,0.0017305420187767595,ValueError,E3_STRICT_MULTITRIP_V2: route CV_D_shenzhen_3#T1 misses C107's time window
relocate:CV_D_guangzhou_3#T1:C089->CV_D_shenzhen_3#T1@6,C089,C089:2.65628788961,REJECTED_INTERFACE,False,,,[],,,,,,,,,,0.0015757910150568932,ValueError,E3_STRICT_MULTITRIP_V2: route CV_D_shenzhen_3#T1 misses C089's time window
relocate:CV_D_guangzhou_3#T1:C089->CV_D_shenzhen_3#T1@7,C089,C089:2.65628788961,REJECTED_INTERFACE,False,,,[],,,,,,,,,,0.0015825839946046472,ValueError,E3_STRICT_MULTITRIP_V2: route CV_D_shenzhen_3#T1 misses C089's time window
relocate:CV_D_guangzhou_3#T1:C089->CV_D_shenzhen_4#T1@0,C089,C089:2.65628788961,REJECTED_INTERFACE,False,,,[],,,,,,,,,,0.001973125006770715,ValueError,E3_STRICT_MULTITRIP_V2: route CV_D_shenzhen_4#T1 misses C096's time window
relocate:CV_D_guangzhou_3#T1:C089->CV_D_shenzhen_4#T1@1,C089,C089:2.65628788961,REJECTED_INTERFACE,False,,,[],,,,,,,,,,0.0015008749905973673,ValueError,E3_STRICT_MULTITRIP_V2: route CV_D_shenzhen_4#T1 misses C121's time window
relocate:CV_D_guangzhou_3#T1:C089->CV_D_shenzhen_4#T1@2,C089,C089:2.65628788961,REJECTED_INTERFACE,False,,,[],,,,,,,,,,0.0015139589959289879,ValueError,E3_STRICT_MULTITRIP_V2: route CV_D_shenzhen_4#T1 misses C130's time window
relocate:CV_D_guangzhou_3#T1:C089->CV_D_shenzhen_4#T1@3,C089,C089:2.65628788961,REJECTED_INTERFACE,False,,,[],,,,,,,,,,0.0014277499867603183,ValueError,E3_STRICT_MULTITRIP_V2: route CV_D_shenzhen_4#T1 misses C089's time window
relocate:CV_D_guangzhou_3#T1:C089->CV_D_shenzhen_4#T1@4,C089,C089:2.65628788961,REJECTED_INTERFACE,False,,,[],,,,,,,,,,0.0014314170111902058,ValueError,E3_STRICT_MULTITRIP_V2: route CV_D_shenzhen_4#T1 misses C089's time window
relocate:CV_D_guangzhou_3#T1:C089->CV_D_shenzhen_4#T1@5,C089,C089:2.65628788961,REJECTED_INTERFACE,False,,,[],,,,,,,,,,0.0014233329857233912,ValueError,E3_STRICT_MULTITRIP_V2: route CV_D_shenzhen_4#T1 misses C089's time window
relocate:CV_D_guangzhou_3#T1:C089->CV_D_shenzhen_4#T1@6,C089,C089:2.65628788961,REJECTED_INTERFACE,False,,,[],,,,,,,,,,0.0016224590071942657,ValueError,E3_STRICT_MULTITRIP_V2: route CV_D_shenzhen_4#T1 misses C089's time window
relocate:CV_D_guangzhou_3#T1:C089->CV_D_shenzhen_5#T1@0,C089,C089:2.65628788961,REJECTED_INTERFACE,False,,,[],,,,,,,,,,0.0017121249984484166,ValueError,E3_STRICT_MULTITRIP_V2: route CV_D_shenzhen_5#T1 misses C134's time window
relocate:CV_D_guangzhou_3#T1:C089->CV_D_shenzhen_5#T1@1,C089,C089:2.65628788961,REJECTED_INTERFACE,False,,,[],,,,,,,,,,0.001532583002699539,ValueError,E3_STRICT_MULTITRIP_V2: route CV_D_shenzhen_5#T1 misses C092's time window
relocate:CV_D_guangzhou_3#T1:C089->CV_D_shenzhen_5#T1@2,C089,C089:2.65628788961,REJECTED_INTERFACE,False,,,[],,,,,,,,,,0.0014932079939171672,ValueError,E3_STRICT_MULTITRIP_V2: route CV_D_shenzhen_5#T1 misses C089's time window
relocate:CV_D_guangzhou_3#T1:C089->CV_D_shenzhen_5#T1@3,C089,C089:2.65628788961,REJECTED_INTERFACE,False,,,[],,,,,,,,,,0.0014932500198483467,ValueError,E3_STRICT_MULTITRIP_V2: route CV_D_shenzhen_5#T1 misses C089's time window
relocate:CV_D_guangzhou_3#T1:C089->CV_D_shenzhen_5#T1@4,C089,C089:2.65628788961,REJECTED_INTERFACE,False,,,[],,,,,,,,,,0.001477207988500595,ValueError,E3_STRICT_MULTITRIP_V2: route CV_D_shenzhen_5#T1 misses C089's time window
relocate:CV_D_guangzhou_3#T1:C089->CV_D_shenzhen_5#T1@5,C089,C089:2.65628788961,REJECTED_INTERFACE,False,,,[],,,,,,,,,,0.0014795830065850168,ValueError,E3_STRICT_MULTITRIP_V2: route CV_D_shenzhen_5#T1 misses C089's time window
relocate:CV_D_guangzhou_3#T1:C089->EV_D_shenzhen_1#T1@0,C089,C089:2.65628788961,REJECTED_CHARGING,False,,,[],,,,,,,,,,0.0001367499935440719,ValueError,E3_STRICT_MULTITRIP_V2: route EV_D_shenzhen_1#T1 misses C141's time window
relocate:CV_D_guangzhou_3#T1:C089->EV_D_shenzhen_1#T1@1,C089,C089:2.65628788961,REJECTED_CHARGING,False,,,[],,,,,,,,,,0.00011808300041593611,ValueError,E3_STRICT_MULTITRIP_V2: route EV_D_shenzhen_1#T1 misses C138's time window
relocate:CV_D_guangzhou_3#T1:C089->EV_D_shenzhen_1#T1@2,C089,C089:2.65628788961,REJECTED_CHARGING,False,,,[],,,,,,,,,,0.00011904200073331594,ValueError,E3_STRICT_MULTITRIP_V2: route EV_D_shenzhen_1#T1 misses C136's time window
relocate:CV_D_guangzhou_3#T1:C089->EV_D_shenzhen_1#T1@3,C089,C089:2.65628788961,REJECTED_CHARGING,False,,,[],,,,,,,,,,0.00011837499914690852,ValueError,E3_STRICT_MULTITRIP_V2: route EV_D_shenzhen_1#T1 misses C132's time window
relocate:CV_D_guangzhou_3#T1:C089->EV_D_shenzhen_1#T1@4,C089,C089:2.65628788961,REJECTED_CHARGING,False,,,[],,,,,,,,,,0.00011820800136774778,ValueError,E3_STRICT_MULTITRIP_V2: route EV_D_shenzhen_1#T1 misses C133's time window
relocate:CV_D_guangzhou_3#T1:C089->EV_D_shenzhen_1#T1@5,C089,C089:2.65628788961,REJECTED_CHARGING,False,,,[],,,,,,,,,,0.00012020801659673452,ValueError,E3_STRICT_MULTITRIP_V2: route EV_D_shenzhen_1#T1 misses C142's time window
relocate:CV_D_guangzhou_3#T1:C089->EV_D_shenzhen_1#T1@6,C089,C089:2.65628788961,REJECTED_CHARGING,False,,,[],,,,,,,,,,0.00012075001723133028,ValueError,E3_STRICT_MULTITRIP_V2: route EV_D_shenzhen_1#T1 misses C127's time window
relocate:CV_D_guangzhou_3#T1:C089->EV_D_shenzhen_1#T1@7,C089,C089:2.65628788961,REJECTED_CHARGING,False,,,[],,,,,,,,,,0.0001235830131918192,ValueError,E3_STRICT_MULTITRIP_V2: route EV_D_shenzhen_1#T1 misses C109's time window
relocate:CV_D_guangzhou_3#T1:C089->EV_D_shenzhen_1#T1@8,C089,C089:2.65628788961,REJECTED_CHARGING,False,,,[],,,,,,,,,,0.07913083300809376,ValueError,no feasible depot charging window
relocate:CV_D_guangzhou_3#T1:C089->EV_D_shenzhen_1#T2@0,C089,C089:2.65628788961,REJECTED_CHARGING,False,,,[],,,,,,,,,,0.03533329098718241,ValueError,No feasible charging insert between C146 and C117
relocate:CV_D_guangzhou_3#T1:C089->EV_D_shenzhen_1#T2@1,C089,C089:2.65628788961,REJECTED_CHARGING,False,,,[],,,,,,,,,,0.03182908400776796,ValueError,E3_STRICT_MULTITRIP_V2: route EV_D_shenzhen_1#T2 misses C089's time window
relocate:CV_D_guangzhou_3#T1:C089->EV_D_shenzhen_1#T2@2,C089,C089:2.65628788961,REJECTED_CHARGING,False,,,[],,,,,,,,,,0.02778450000914745,ValueError,E3_STRICT_MULTITRIP_V2: route EV_D_shenzhen_1#T2 misses C089's time window
relocate:CV_D_guangzhou_3#T1:C089->EV_D_shenzhen_2#T1@0,C089,C089:2.65628788961,REJECTED_CHARGING,False,,,[],,,,,,,,,,0.0001700839784462005,ValueError,E3_STRICT_MULTITRIP_V2: route EV_D_shenzhen_2#T1 misses C149's time window
relocate:CV_D_guangzhou_3#T1:C089->EV_D_shenzhen_2#T1@1,C089,C089:2.65628788961,REJECTED_CHARGING,False,,,[],,,,,,,,,,0.00017166699399240315,ValueError,E3_STRICT_MULTITRIP_V2: route EV_D_shenzhen_2#T1 misses C097's time window
relocate:CV_D_guangzhou_3#T1:C089->EV_D_shenzhen_2#T1@2,C089,C089:2.65628788961,REJECTED_CHARGING,False,,,[],,,,,,,,,,0.00012670800788328052,ValueError,E3_STRICT_MULTITRIP_V2: route EV_D_shenzhen_2#T1 misses C140's time window
relocate:CV_D_guangzhou_3#T1:C089->EV_D_shenzhen_2#T1@3,C089,C089:2.65628788961,REJECTED_CHARGING,False,,,[],,,,,,,,,,0.00011175000690855086,ValueError,E3_STRICT_MULTITRIP_V2: route EV_D_shenzhen_2#T1 misses C089's time window
relocate:CV_D_guangzhou_3#T1:C089->EV_D_shenzhen_2#T1@4,C089,C089:2.65628788961,REJECTED_CHARGING,False,,,[],,,,,,,,,,0.00010766700142994523,ValueError,E3_STRICT_MULTITRIP_V2: route EV_D_shenzhen_2#T1 misses C089's time window
relocate:CV_D_guangzhou_3#T1:C089->EV_D_shenzhen_2#T1@5,C089,C089:2.65628788961,REJECTED_CHARGING,False,,,[],,,,,,,,,,0.00010920900967903435,ValueError,E3_STRICT_MULTITRIP_V2: route EV_D_shenzhen_2#T1 misses C089's time window
relocate:CV_D_guangzhou_3#T1:C089->EV_D_shenzhen_2#T1@6,C089,C089:2.65628788961,REJECTED_CHARGING,False,,,[],,,,,,,,,,0.00011070899199694395,ValueError,E3_STRICT_MULTITRIP_V2: route EV_D_shenzhen_2#T1 misses C089's time window
relocate:CV_D_guangzhou_3#T1:C089->EV_D_shenzhen_2#T1@7,C089,C089:2.65628788961,REJECTED_CHARGING,False,,,[],,,,,,,,,,0.00011133297812193632,ValueError,E3_STRICT_MULTITRIP_V2: route EV_D_shenzhen_2#T1 misses C089's time window
relocate:CV_D_guangzhou_3#T2:C043->CV_D_dongguan_1#T1@0,C043,C043:5.609774712,REJECTED_INTERFACE,False,,,[],,,,,,,,,,0.001193750009406358,ValueError,E3_STRICT_MULTITRIP_V2: route CV_D_dongguan_1#T1 misses C005's time window
relocate:CV_D_guangzhou_3#T2:C043->CV_D_dongguan_1#T1@1,C043,C043:5.609774712,REJECTED_INTERFACE,False,,,[],,,,,,,,,,0.0011418750218581408,ValueError,E3_STRICT_MULTITRIP_V2: route CV_D_dongguan_1#T1 misses C006's time window
relocate:CV_D_guangzhou_3#T2:C043->CV_D_dongguan_1#T1@2,C043,C043:5.609774712,REJECTED_INTERFACE,False,,,[],,,,,,,,,,0.001125375012634322,ValueError,E3_STRICT_MULTITRIP_V2: route CV_D_dongguan_1#T1 misses C010's time window
relocate:CV_D_guangzhou_3#T2:C043->CV_D_dongguan_1#T1@3,C043,C043:5.609774712,REJECTED_INTERFACE,False,,,[],,,,,,,,,,0.001141624990850687,ValueError,E3_STRICT_MULTITRIP_V2: route CV_D_dongguan_1#T1 misses C003's time window
relocate:CV_D_guangzhou_3#T2:C043->CV_D_dongguan_1#T1@4,C043,C043:5.609774712,REJECTED_INTERFACE,False,,,[],,,,,,,,,,0.001115499995648861,ValueError,E3_STRICT_MULTITRIP_V2: route CV_D_dongguan_1#T1 misses C004's time window
relocate:CV_D_guangzhou_3#T2:C043->CV_D_dongguan_1#T1@5,C043,C043:5.609774712,REJECTED_INTERFACE,False,,,[],,,,,,,,,,0.0011139169801026583,ValueError,E3_STRICT_MULTITRIP_V2: route CV_D_dongguan_1#T1 misses C002's time window
relocate:CV_D_guangzhou_3#T2:C043->CV_D_dongguan_1#T1@6,C043,C043:5.609774712,REJECTED_INTERFACE,False,,,[],,,,,,,,,,0.0011521250125952065,ValueError,E3_STRICT_MULTITRIP_V2: route CV_D_dongguan_1#T1 misses C011's time window
relocate:CV_D_guangzhou_3#T2:C043->CV_D_dongguan_1#T1@7,C043,C043:5.609774712,REJECTED_INTERFACE,False,,,[],,,,,,,,,,0.0012236250040587038,ValueError,E3_STRICT_MULTITRIP_V2: CV_D_dongguan_1 has overlap or incomplete recharge
relocate:CV_D_guangzhou_3#T2:C043->CV_D_dongguan_1#T2@0,C043,C043:5.609774712,REJECTED_INTERFACE,False,,,[],,,,,,,,,,0.0011684999917633832,ValueError,E3_STRICT_MULTITRIP_V2: route CV_D_dongguan_1#T2 misses C001's time window
relocate:CV_D_guangzhou_3#T2:C043->CV_D_dongguan_1#T2@1,C043,C043:5.609774712,REJECTED_INTERFACE,False,,,[],,,,,,,,,,0.0011622090241871774,ValueError,E3_STRICT_MULTITRIP_V2: route CV_D_dongguan_1#T2 misses C019's time window
relocate:CV_D_guangzhou_3#T2:C043->CV_D_dongguan_1#T2@2,C043,C043:5.609774712,REJECTED_INTERFACE,False,,,[],,,,,,,,,,0.0011674170091282576,ValueError,E3_STRICT_MULTITRIP_V2: route CV_D_dongguan_1#T2 misses C018's time window
relocate:CV_D_guangzhou_3#T2:C043->CV_D_dongguan_1#T2@3,C043,C043:5.609774712,REJECTED_INTERFACE,False,,,[],,,,,,,,,,0.0015655829920433462,ValueError,E3_STRICT_MULTITRIP_V2: route CV_D_dongguan_1#T2 misses C008's time window
relocate:CV_D_guangzhou_3#T2:C043->CV_D_dongguan_1#T2@4,C043,C043:5.609774712,REJECTED_INTERFACE,False,,,[],,,,,,,,,,0.0013915839954279363,ValueError,E3_STRICT_MULTITRIP_V2: route CV_D_dongguan_1#T2 misses C009's time window
relocate:CV_D_guangzhou_3#T2:C043->CV_D_dongguan_1#T2@5,C043,C043:5.609774712,REJECTED_INTERFACE,False,,,[],,,,,,,,,,0.0012733339972328395,ValueError,E3_STRICT_MULTITRIP_V2: route CV_D_dongguan_1#T2 misses C013's time window
relocate:CV_D_guangzhou_3#T2:C043->CV_D_dongguan_1#T2@6,C043,C043:5.609774712,REJECTED_INTERFACE,False,,,[],,,,,,,,,,0.0012841669959016144,ValueError,E3_STRICT_MULTITRIP_V2: route CV_D_dongguan_1#T2 misses C015's time window
relocate:CV_D_guangzhou_3#T2:C043->CV_D_dongguan_1#T2@7,C043,C043:5.609774712,EVALUATED,True,False,2,"[{""detail"": ""initial load 1876.000000 exceeds Q=1735.000000"", ""location"": ""D_dongguan"", ""severity"": ""hard"", ""type"": ""CAPACITY"", ""vehicle_id"": ""CV_D_dongguan_1#T2""}, {""detail"": ""profit Pi=15508.063079 below theta*Pi0=16098.687226 (theta=1.000000, Pi0=16098.687226)"", ""location"": ""D_guangzhou"", ""severity"": ""hard"", ""type"": ""PROFIT_FAIRNESS"", ""vehicle_id"": """"}]",1,6346.082235403238,199.36467534538497,697.3906634253113,-590.6241468476164,73361.77936010703,False,0.4740953687509735,0,0.010129417001735419,,
relocate:CV_D_guangzhou_3#T2:C043->CV_D_dongguan_2#T1@0,C043,C043:5.609774712,REJECTED_INTERFACE,False,,,[],,,,,,,,,,0.0012804580037482083,ValueError,E3_STRICT_MULTITRIP_V2: route CV_D_dongguan_2#T1 misses C017's time window
relocate:CV_D_guangzhou_3#T2:C043->CV_D_dongguan_2#T1@1,C043,C043:5.609774712,REJECTED_INTERFACE,False,,,[],,,,,,,,,,0.0013071249995846301,ValueError,E3_STRICT_MULTITRIP_V2: route CV_D_dongguan_2#T1 misses C012's time window
relocate:CV_D_guangzhou_3#T2:C043->CV_D_dongguan_2#T1@2,C043,C043:5.609774712,REJECTED_INTERFACE,False,,,[],,,,,,,,,,0.0012277080095373094,ValueError,E3_STRICT_MULTITRIP_V2: route CV_D_dongguan_2#T1 misses C016's time window
relocate:CV_D_guangzhou_3#T2:C043->CV_D_dongguan_2#T1@3,C043,C043:5.609774712,REJECTED_INTERFACE,False,,,[],,,,,,,,,,0.0011935410147998482,ValueError,E3_STRICT_MULTITRIP_V2: route CV_D_dongguan_2#T1 misses C020's time window
relocate:CV_D_guangzhou_3#T2:C043->CV_D_dongguan_2#T1@4,C043,C043:5.609774712,REJECTED_INTERFACE,False,,,[],,,,,,,,,,0.0012304999982006848,ValueError,E3_STRICT_MULTITRIP_V2: route CV_D_dongguan_2#T1 misses C007's time window
relocate:CV_D_guangzhou_3#T2:C043->CV_D_dongguan_2#T1@5,C043,C043:5.609774712,REJECTED_INTERFACE,False,,,[],,,,,,,,,,0.001351499988231808,ValueError,E3_STRICT_MULTITRIP_V2: CV_D_dongguan_2 has overlap or incomplete recharge
relocate:CV_D_guangzhou_3#T2:C043->CV_D_dongguan_2#T2@0,C043,C043:5.609774712,REJECTED_INTERFACE,False,,,[],,,,,,,,,,0.0011810830037575215,ValueError,E3_STRICT_MULTITRIP_V2: route CV_D_dongguan_2#T2 misses C014's time window
relocate:CV_D_guangzhou_3#T2:C043->CV_D_dongguan_2#T2@1,C043,C043:5.609774712,EVALUATED,True,False,1,"[{""detail"": ""profit Pi=15508.063079 below theta*Pi0=16098.687226 (theta=1.000000, Pi0=16098.687226)"", ""location"": ""D_guangzhou"", ""severity"": ""hard"", ""type"": ""PROFIT_FAIRNESS"", ""vehicle_id"": """"}]",1,6342.542063302956,195.8245032451032,696.4881350579874,-590.6241468476164,59258.239188006744,False,0.4740953687509735,0,0.010058250016300008,,
relocate:CV_D_guangzhou_3#T2:C043->CV_D_foshan_1#T1@0,C043,C043:5.609774712,REJECTED_INTERFACE,False,,,[],,,,,,,,,,0.0013557499914895743,ValueError,E3_STRICT_MULTITRIP_V2: route CV_D_foshan_1#T1 misses C030's time window
relocate:CV_D_guangzhou_3#T2:C043->CV_D_foshan_1#T1@1,C043,C043:5.609774712,REJECTED_INTERFACE,False,,,[],,,,,,,,,,0.0012727089924737811,ValueError,E3_STRICT_MULTITRIP_V2: route CV_D_foshan_1#T1 misses C031's time window
relocate:CV_D_guangzhou_3#T2:C043->CV_D_foshan_1#T1@2,C043,C043:5.609774712,REJECTED_INTERFACE,False,,,[],,,,,,,,,,0.0012119580060243607,ValueError,E3_STRICT_MULTITRIP_V2: route CV_D_foshan_1#T1 misses C041's time window
relocate:CV_D_guangzhou_3#T2:C043->CV_D_foshan_1#T1@3,C043,C043:5.609774712,REJECTED_INTERFACE,False,,,[],,,,,,,,,,0.0012047079799231142,ValueError,E3_STRICT_MULTITRIP_V2: route CV_D_foshan_1#T1 misses C039's time window
relocate:CV_D_guangzhou_3#T2:C043->CV_D_foshan_1#T1@4,C043,C043:5.609774712,REJECTED_INTERFACE,False,,,[],,,,,,,,,,0.0011888330045621842,ValueError,E3_STRICT_MULTITRIP_V2: route CV_D_foshan_1#T1 misses C036's time window
relocate:CV_D_guangzhou_3#T2:C043->CV_D_foshan_1#T1@5,C043,C043:5.609774712,REJECTED_INTERFACE,False,,,[],,,,,,,,,,0.001193750009406358,ValueError,E3_STRICT_MULTITRIP_V2: route CV_D_foshan_1#T1 misses C026's time window
relocate:CV_D_guangzhou_3#T2:C043->CV_D_foshan_1#T1@6,C043,C043:5.609774712,REJECTED_INTERFACE,False,,,[],,,,,,,,,,0.0012563329946715385,ValueError,E3_STRICT_MULTITRIP_V2: CV_D_foshan_1 has overlap or incomplete recharge
relocate:CV_D_guangzhou_3#T2:C043->CV_D_foshan_1#T2@0,C043,C043:5.609774712,REJECTED_INTERFACE,False,,,[],,,,,,,,,,0.0012047500058542937,ValueError,E3_STRICT_MULTITRIP_V2: route CV_D_foshan_1#T2 misses C038's time window
relocate:CV_D_guangzhou_3#T2:C043->CV_D_foshan_1#T2@1,C043,C043:5.609774712,REJECTED_INTERFACE,False,,,[],,,,,,,,,,0.001209999987622723,ValueError,E3_STRICT_MULTITRIP_V2: route CV_D_foshan_1#T2 misses C025's time window
relocate:CV_D_guangzhou_3#T2:C043->CV_D_foshan_1#T2@2,C043,C043:5.609774712,REJECTED_INTERFACE,False,,,[],,,,,,,,,,0.0012309160083532333,ValueError,E3_STRICT_MULTITRIP_V2: route CV_D_foshan_1#T2 misses C037's time window
relocate:CV_D_guangzhou_3#T2:C043->CV_D_foshan_1#T2@3,C043,C043:5.609774712,REJECTED_INTERFACE,False,,,[],,,,,,,,,,0.0012575830041896552,ValueError,E3_STRICT_MULTITRIP_V2: route CV_D_foshan_1#T2 misses C022's time window
relocate:CV_D_guangzhou_3#T2:C043->CV_D_foshan_1#T2@4,C043,C043:5.609774712,REJECTED_INTERFACE,False,,,[],,,,,,,,,,0.0015918750141281635,ValueError,E3_STRICT_MULTITRIP_V2: route CV_D_foshan_1#T2 misses C027's time window
relocate:CV_D_guangzhou_3#T2:C043->CV_D_foshan_1#T2@5,C043,C043:5.609774712,REJECTED_INTERFACE,False,,,[],,,,,,,,,,0.0013486250245478004,ValueError,E3_STRICT_MULTITRIP_V2: route CV_D_foshan_1#T2 misses C034's time window
relocate:CV_D_guangzhou_3#T2:C043->CV_D_foshan_1#T2@6,C043,C043:5.609774712,EVALUATED,True,False,2,"[{""detail"": ""initial load 2084.000000 exceeds Q=1735.000000"", ""location"": ""D_foshan"", ""severity"": ""hard"", ""type"": ""CAPACITY"", ""vehicle_id"": ""CV_D_foshan_1#T2""}, {""detail"": ""profit Pi=15508.063079 below theta*Pi0=16098.687226 (theta=1.000000, Pi0=16098.687226)"", ""location"": ""D_guangzhou"", ""severity"": ""hard"", ""type"": ""PROFIT_FAIRNESS"", ""vehicle_id"": """"}]",1,6117.973854969595,-28.74370508825814,652.7690987691177,-590.6241468476164,93933.67097967338,False,0.4740953687509735,0,0.01025549997575581,,
relocate:CV_D_guangzhou_3#T2:C043->CV_D_foshan_2#T1@0,C043,C043:5.609774712,REJECTED_INTERFACE,False,,,[],,,,,,,,,,0.001270791020942852,ValueError,E3_STRICT_MULTITRIP_V2: route CV_D_foshan_2#T1 misses C028's time window
relocate:CV_D_guangzhou_3#T2:C043->CV_D_foshan_2#T1@1,C043,C043:5.609774712,REJECTED_INTERFACE,False,,,[],,,,,,,,,,0.001245083985850215,ValueError,E3_STRICT_MULTITRIP_V2: route CV_D_foshan_2#T1 misses C024's time window
relocate:CV_D_guangzhou_3#T2:C043->CV_D_foshan_2#T1@2,C043,C043:5.609774712,REJECTED_INTERFACE,False,,,[],,,,,,,,,,0.0012592499842867255,ValueError,E3_STRICT_MULTITRIP_V2: route CV_D_foshan_2#T1 misses C021's time window
relocate:CV_D_guangzhou_3#T2:C043->CV_D_foshan_2#T1@3,C043,C043:5.609774712,REJECTED_INTERFACE,False,,,[],,,,,,,,,,0.0015653330192435533,ValueError,E3_STRICT_MULTITRIP_V2: route CV_D_foshan_2#T1 misses C033's time window
relocate:CV_D_guangzhou_3#T2:C043->CV_D_foshan_2#T1@4,C043,C043:5.609774712,REJECTED_INTERFACE,False,,,[],,,,,,,,,,0.0013167499855626374,ValueError,E3_STRICT_MULTITRIP_V2: route CV_D_foshan_2#T1 misses C035's time window
relocate:CV_D_guangzhou_3#T2:C043->CV_D_foshan_2#T1@5,C043,C043:5.609774712,REJECTED_INTERFACE,False,,,[],,,,,,,,,,0.0012948339863214642,ValueError,E3_STRICT_MULTITRIP_V2: route CV_D_foshan_2#T1 misses C023's time window
relocate:CV_D_guangzhou_3#T2:C043->CV_D_foshan_2#T1@6,C043,C043:5.609774712,REJECTED_INTERFACE,False,,,[],,,,,,,,,,0.001269792002858594,ValueError,E3_STRICT_MULTITRIP_V2: route CV_D_foshan_2#T1 misses C040's time window
relocate:CV_D_guangzhou_3#T2:C043->CV_D_foshan_2#T1@7,C043,C043:5.609774712,REJECTED_INTERFACE,False,,,[],,,,,,,,,,0.0014089170144870877,ValueError,E3_STRICT_MULTITRIP_V2: CV_D_foshan_2 has overlap or incomplete recharge
relocate:CV_D_guangzhou_3#T2:C043->CV_D_foshan_2#T2@0,C043,C043:5.609774712,REJECTED_INTERFACE,False,,,[],,,,,,,,,,0.0012278329813852906,ValueError,E3_STRICT_MULTITRIP_V2: route CV_D_foshan_2#T2 misses C029's time window
relocate:CV_D_guangzhou_3#T2:C043->CV_D_foshan_2#T2@1,C043,C043:5.609774712,EVALUATED,True,False,1,"[{""detail"": ""profit Pi=15508.063079 below theta*Pi0=16098.687226 (theta=1.000000, Pi0=16098.687226)"", ""location"": ""D_guangzhou"", ""severity"": ""hard"", ""type"": ""PROFIT_FAIRNESS"", ""vehicle_id"": """"}]",1,6154.08502724526,7.367467187406874,659.5406003908932,-590.6241468476164,59069.782151949046,False,0.4740953687509735,0,0.010052458994323388,,
relocate:CV_D_guangzhou_3#T2:C043->CV_D_foshan_2#T2@2,C043,C043:5.609774712,EVALUATED,True,False,1,"[{""detail"": ""profit Pi=15508.063079 below theta*Pi0=16098.687226 (theta=1.000000, Pi0=16098.687226)"", ""location"": ""D_guangzhou"", ""severity"": ""hard"", ""type"": ""PROFIT_FAIRNESS"", ""vehicle_id"": """"}]",1,6131.0681772418475,-15.649382816005527,655.3618426455533,-590.6241468476164,59046.765301945634,False,0.4740953687509735,0,0.010321542009478435,,
relocate:CV_D_guangzhou_3#T2:C043->CV_D_shenzhen_1#T1@0,C043,C043:5.609774712,REJECTED_INTERFACE,False,,,[],,,,,,,,,,0.0014664579939562827,ValueError,E3_STRICT_MULTITRIP_V2: route CV_D_shenzhen_1#T1 misses C093's time window
relocate:CV_D_guangzhou_3#T2:C043->CV_D_shenzhen_1#T1@1,C043,C043:5.609774712,REJECTED_INTERFACE,False,,,[],,,,,,,,,,0.001411665987689048,ValueError,E3_STRICT_MULTITRIP_V2: route CV_D_shenzhen_1#T1 misses C122's time window
relocate:CV_D_guangzhou_3#T2:C043->CV_D_shenzhen_1#T1@2,C043,C043:5.609774712,REJECTED_INTERFACE,False,,,[],,,,,,,,,,0.0014005000120960176,ValueError,E3_STRICT_MULTITRIP_V2: route CV_D_shenzhen_1#T1 misses C147's time window
relocate:CV_D_guangzhou_3#T2:C043->CV_D_shenzhen_1#T1@3,C043,C043:5.609774712,REJECTED_INTERFACE,False,,,[],,,,,,,,,,0.0016848340164870024,ValueError,E3_STRICT_MULTITRIP_V2: route CV_D_shenzhen_1#T1 misses C111's time window
relocate:CV_D_guangzhou_3#T2:C043->CV_D_shenzhen_1#T1@4,C043,C043:5.609774712,REJECTED_INTERFACE,False,,,[],,,,,,,,,,0.0017003329994622618,ValueError,E3_STRICT_MULTITRIP_V2: route CV_D_shenzhen_1#T1 misses C106's time window
relocate:CV_D_guangzhou_3#T2:C043->CV_D_shenzhen_1#T1@5,C043,C043:5.609774712,REJECTED_INTERFACE,False,,,[],,,,,,,,,,0.0014694580167997628,ValueError,E3_STRICT_MULTITRIP_V2: route CV_D_shenzhen_1#T1 misses C100's time window
relocate:CV_D_guangzhou_3#T2:C043->CV_D_shenzhen_1#T1@6,C043,C043:5.609774712,REJECTED_INTERFACE,False,,,[],,,,,,,,,,0.0014299169997684658,ValueError,E3_STRICT_MULTITRIP_V2: route CV_D_shenzhen_1#T1 misses C112's time window
relocate:CV_D_guangzhou_3#T2:C043->CV_D_shenzhen_1#T1@7,C043,C043:5.609774712,REJECTED_INTERFACE,False,,,[],,,,,,,,,,0.0014512090128846467,ValueError,E3_STRICT_MULTITRIP_V2: CV_D_shenzhen_1 has overlap or incomplete recharge
relocate:CV_D_guangzhou_3#T2:C043->CV_D_shenzhen_1#T2@0,C043,C043:5.609774712,REJECTED_INTERFACE,False,,,[],,,,,,,,,,0.0014282500196713954,ValueError,E3_STRICT_MULTITRIP_V2: route CV_D_shenzhen_1#T2 misses C129's time window
relocate:CV_D_guangzhou_3#T2:C043->CV_D_shenzhen_1#T2@1,C043,C043:5.609774712,REJECTED_INTERFACE,False,,,[],,,,,,,,,,0.0014092079945839942,ValueError,E3_STRICT_MULTITRIP_V2: route CV_D_shenzhen_1#T2 misses C115's time window
relocate:CV_D_guangzhou_3#T2:C043->CV_D_shenzhen_1#T2@2,C043,C043:5.609774712,REJECTED_INTERFACE,False,,,[],,,,,,,,,,0.0014041250105947256,ValueError,E3_STRICT_MULTITRIP_V2: route CV_D_shenzhen_1#T2 misses C123's time window
relocate:CV_D_guangzhou_3#T2:C043->CV_D_shenzhen_1#T2@3,C043,C043:5.609774712,REJECTED_INTERFACE,False,,,[],,,,,,,,,,0.0014365419920068234,ValueError,E3_STRICT_MULTITRIP_V2: route CV_D_shenzhen_1#T2 misses C116's time window
relocate:CV_D_guangzhou_3#T2:C043->CV_D_shenzhen_1#T2@4,C043,C043:5.609774712,REJECTED_INTERFACE,False,,,[],,,,,,,,,,0.001421749999281019,ValueError,E3_STRICT_MULTITRIP_V2: route CV_D_shenzhen_1#T2 misses C128's time window
relocate:CV_D_guangzhou_3#T2:C043->CV_D_shenzhen_1#T2@5,C043,C043:5.609774712,EVALUATED,True,False,2,"[{""detail"": ""initial load 2084.000000 exceeds Q=1735.000000"", ""location"": ""D_shenzhen"", ""severity"": ""hard"", ""type"": ""CAPACITY"", ""vehicle_id"": ""CV_D_shenzhen_1#T2""}, {""detail"": ""profit Pi=15508.063079 below theta*Pi0=16098.687226 (theta=1.000000, Pi0=16098.687226)"", ""location"": ""D_guangzhou"", ""severity"": ""hard"", ""type"": ""PROFIT_FAIRNESS"", ""vehicle_id"": """"}]",1,6509.281455084852,362.5638950269986,730.3425912421781,-590.6241468476164,94324.97857978864,False,0.4740953687509735,0,0.010238040995318443,,
relocate:CV_D_guangzhou_3#T2:C043->CV_D_shenzhen_2#T1@0,C043,C043:5.609774712,REJECTED_INTERFACE,False,,,[],,,,,,,,,,0.0015040419821161777,ValueError,E3_STRICT_MULTITRIP_V2: route CV_D_shenzhen_2#T1 misses C108's time window
relocate:CV_D_guangzhou_3#T2:C043->CV_D_shenzhen_2#T1@1,C043,C043:5.609774712,REJECTED_INTERFACE,False,,,[],,,,,,,,,,0.0014720000035595149,ValueError,E3_STRICT_MULTITRIP_V2: route CV_D_shenzhen_2#T1 misses C104's time window
relocate:CV_D_guangzhou_3#T2:C043->CV_D_shenzhen_2#T1@2,C043,C043:5.609774712,REJECTED_INTERFACE,False,,,[],,,,,,,,,,0.0014517090166918933,ValueError,E3_STRICT_MULTITRIP_V2: route CV_D_shenzhen_2#T1 misses C126's time window
relocate:CV_D_guangzhou_3#T2:C043->CV_D_shenzhen_2#T1@3,C043,C043:5.609774712,REJECTED_INTERFACE,False,,,[],,,,,,,,,,0.0014535830123350024,ValueError,E3_STRICT_MULTITRIP_V2: route CV_D_shenzhen_2#T1 misses C135's time window
relocate:CV_D_guangzhou_3#T2:C043->CV_D_shenzhen_2#T1@4,C043,C043:5.609774712,REJECTED_INTERFACE,False,,,[],,,,,,,,,,0.001532583002699539,ValueError,E3_STRICT_MULTITRIP_V2: route CV_D_shenzhen_2#T1 misses C114's time window
relocate:CV_D_guangzhou_3#T2:C043->CV_D_shenzhen_2#T1@5,C043,C043:5.609774712,REJECTED_INTERFACE,False,,,[],,,,,,,,,,0.002132374997017905,ValueError,E3_STRICT_MULTITRIP_V2: route CV_D_shenzhen_2#T1 misses C143's time window
relocate:CV_D_guangzhou_3#T2:C043->CV_D_shenzhen_2#T1@6,C043,C043:5.609774712,REJECTED_INTERFACE,False,,,[],,,,,,,,,,0.0015782499976921827,ValueError,E3_STRICT_MULTITRIP_V2: CV_D_shenzhen_2 has overlap or incomplete recharge
relocate:CV_D_guangzhou_3#T2:C043->CV_D_shenzhen_2#T2@0,C043,C043:5.609774712,REJECTED_INTERFACE,False,,,[],,,,,,,,,,0.001494124997407198,ValueError,E3_STRICT_MULTITRIP_V2: route CV_D_shenzhen_2#T2 misses C131's time window
relocate:CV_D_guangzhou_3#T2:C043->CV_D_shenzhen_2#T2@1,C043,C043:5.609774712,REJECTED_INTERFACE,False,,,[],,,,,,,,,,0.0014805409882683307,ValueError,E3_STRICT_MULTITRIP_V2: route CV_D_shenzhen_2#T2 misses C101's time window
relocate:CV_D_guangzhou_3#T2:C043->CV_D_shenzhen_2#T2@2,C043,C043:5.609774712,REJECTED_INTERFACE,False,,,[],,,,,,,,,,0.0014679169980809093,ValueError,E3_STRICT_MULTITRIP_V2: route CV_D_shenzhen_2#T2 misses C043's time window
relocate:CV_D_guangzhou_3#T2:C043->CV_D_shenzhen_2#T2@3,C043,C043:5.609774712,REJECTED_INTERFACE,False,,,[],,,,,,,,,,0.0014754580042790622,ValueError,E3_STRICT_MULTITRIP_V2: route CV_D_shenzhen_2#T2 misses C043's time window
relocate:CV_D_guangzhou_3#T2:C043->CV_D_shenzhen_2#T2@4,C043,C043:5.609774712,REJECTED_INTERFACE,False,,,[],,,,,,,,,,0.0014727910165674984,ValueError,E3_STRICT_MULTITRIP_V2: route CV_D_shenzhen_2#T2 misses C043's time window
relocate:CV_D_guangzhou_3#T2:C043->CV_D_shenzhen_2#T2@5,C043,C043:5.609774712,REJECTED_INTERFACE,False,,,[],,,,,,,,,,0.0014746249944437295,ValueError,E3_STRICT_MULTITRIP_V2: route CV_D_shenzhen_2#T2 misses C043's time window
relocate:CV_D_guangzhou_3#T2:C043->CV_D_shenzhen_2#T2@6,C043,C043:5.609774712,REJECTED_INTERFACE,False,,,[],,,,,,,,,,0.001587583014043048,ValueError,E3_STRICT_MULTITRIP_V2: route CV_D_shenzhen_2#T2 misses C043's time window
relocate:CV_D_guangzhou_3#T2:C043->CV_D_shenzhen_3#T1@0,C043,C043:5.609774712,REJECTED_INTERFACE,False,,,[],,,,,,,,,,0.0016144999826792628,ValueError,E3_STRICT_MULTITRIP_V2: route CV_D_shenzhen_3#T1 misses C110's time window
relocate:CV_D_guangzhou_3#T2:C043->CV_D_shenzhen_3#T1@1,C043,C043:5.609774712,REJECTED_INTERFACE,False,,,[],,,,,,,,,,0.0017694169946480542,ValueError,E3_STRICT_MULTITRIP_V2: route CV_D_shenzhen_3#T1 misses C124's time window
relocate:CV_D_guangzhou_3#T2:C043->CV_D_shenzhen_3#T1@2,C043,C043:5.609774712,REJECTED_INTERFACE,False,,,[],,,,,,,,,,0.0020763750071637332,ValueError,E3_STRICT_MULTITRIP_V2: route CV_D_shenzhen_3#T1 misses C125's time window
relocate:CV_D_guangzhou_3#T2:C043->CV_D_shenzhen_3#T1@3,C043,C043:5.609774712,REJECTED_INTERFACE,False,,,[],,,,,,,,,,0.001786290988093242,ValueError,E3_STRICT_MULTITRIP_V2: route CV_D_shenzhen_3#T1 misses C102's time window
relocate:CV_D_guangzhou_3#T2:C043->CV_D_shenzhen_3#T1@4,C043,C043:5.609774712,REJECTED_INTERFACE,False,,,[],,,,,,,,,,0.0017258749867323786,ValueError,E3_STRICT_MULTITRIP_V2: route CV_D_shenzhen_3#T1 misses C113's time window
relocate:CV_D_guangzhou_3#T2:C043->CV_D_shenzhen_3#T1@5,C043,C043:5.609774712,REJECTED_INTERFACE,False,,,[],,,,,,,,,,0.0023720420140307397,ValueError,E3_STRICT_MULTITRIP_V2: route CV_D_shenzhen_3#T1 misses C107's time window
relocate:CV_D_guangzhou_3#T2:C043->CV_D_shenzhen_3#T1@6,C043,C043:5.609774712,REJECTED_INTERFACE,False,,,[],,,,,,,,,,0.0015577909944113344,ValueError,E3_STRICT_MULTITRIP_V2: route CV_D_shenzhen_3#T1 misses C144's time window
relocate:CV_D_guangzhou_3#T2:C043->CV_D_shenzhen_3#T1@7,C043,C043:5.609774712,EVALUATED,True,False,2,"[{""detail"": ""initial load 2014.000000 exceeds Q=1735.000000"", ""location"": ""D_shenzhen"", ""severity"": ""hard"", ""type"": ""CAPACITY"", ""vehicle_id"": ""CV_D_shenzhen_3#T1""}, {""detail"": ""profit Pi=15508.063079 below theta*Pi0=16098.687226 (theta=1.000000, Pi0=16098.687226)"", ""location"": ""D_guangzhou"", ""severity"": ""hard"", ""type"": ""PROFIT_FAIRNESS"", ""vehicle_id"": """"}]",1,6500.944306402748,354.2267463448952,728.8549633481975,-590.6241468476164,87316.64143110653,False,0.4740953687509735,0,0.011653374996967614,,
relocate:CV_D_guangzhou_3#T2:C043->CV_D_shenzhen_4#T1@0,C043,C043:5.609774712,REJECTED_INTERFACE,False,,,[],,,,,,,,,,0.0015416670066770166,ValueError,E3_STRICT_MULTITRIP_V2: route CV_D_shenzhen_4#T1 misses C096's time window
relocate:CV_D_guangzhou_3#T2:C043->CV_D_shenzhen_4#T1@1,C043,C043:5.609774712,REJECTED_INTERFACE,False,,,[],,,,,,,,,,0.0014648750075139105,ValueError,E3_STRICT_MULTITRIP_V2: route CV_D_shenzhen_4#T1 misses C121's time window
relocate:CV_D_guangzhou_3#T2:C043->CV_D_shenzhen_4#T1@2,C043,C043:5.609774712,REJECTED_INTERFACE,False,,,[],,,,,,,,,,0.001426167000317946,ValueError,E3_STRICT_MULTITRIP_V2: route CV_D_shenzhen_4#T1 misses C130's time window
relocate:CV_D_guangzhou_3#T2:C043->CV_D_shenzhen_4#T1@3,C043,C043:5.609774712,REJECTED_INTERFACE,False,,,[],,,,,,,,,,0.0014443749969359487,ValueError,E3_STRICT_MULTITRIP_V2: route CV_D_shenzhen_4#T1 misses C148's time window
relocate:CV_D_guangzhou_3#T2:C043->CV_D_shenzhen_4#T1@4,C043,C043:5.609774712,REJECTED_INTERFACE,False,,,[],,,,,,,,,,0.001444207999156788,ValueError,E3_STRICT_MULTITRIP_V2: route CV_D_shenzhen_4#T1 misses C118's time window
relocate:CV_D_guangzhou_3#T2:C043->CV_D_shenzhen_4#T1@5,C043,C043:5.609774712,REJECTED_INTERFACE,False,,,[],,,,,,,,,,0.0014475839852821082,ValueError,E3_STRICT_MULTITRIP_V2: route CV_D_shenzhen_4#T1 misses C139's time window
relocate:CV_D_guangzhou_3#T2:C043->CV_D_shenzhen_4#T1@6,C043,C043:5.609774712,EVALUATED,True,False,2,"[{""detail"": ""initial load 2015.000000 exceeds Q=1735.000000"", ""location"": ""D_shenzhen"", ""severity"": ""hard"", ""type"": ""CAPACITY"", ""vehicle_id"": ""CV_D_shenzhen_4#T1""}, {""detail"": ""profit Pi=15508.063079 below theta*Pi0=16098.687226 (theta=1.000000, Pi0=16098.687226)"", ""location"": ""D_guangzhou"", ""severity"": ""hard"", ""type"": ""PROFIT_FAIRNESS"", ""vehicle_id"": """"}]",1,6504.820337362848,358.10277730499456,729.40850501265,-590.6241468476164,87420.51746206664,False,0.4740953687509735,0,0.010688540991395712,,
relocate:CV_D_guangzhou_3#T2:C043->CV_D_shenzhen_5#T1@0,C043,C043:5.609774712,REJECTED_INTERFACE,False,,,[],,,,,,,,,,0.0015165419899858534,ValueError,E3_STRICT_MULTITRIP_V2: route CV_D_shenzhen_5#T1 misses C134's time window
relocate:CV_D_guangzhou_3#T2:C043->CV_D_shenzhen_5#T1@1,C043,C043:5.609774712,REJECTED_INTERFACE,False,,,[],,,,,,,,,,0.001463458000216633,ValueError,E3_STRICT_MULTITRIP_V2: route CV_D_shenzhen_5#T1 misses C092's time window
relocate:CV_D_guangzhou_3#T2:C043->CV_D_shenzhen_5#T1@2,C043,C043:5.609774712,REJECTED_INTERFACE,False,,,[],,,,,,,,,,0.0014597080007661134,ValueError,E3_STRICT_MULTITRIP_V2: route CV_D_shenzhen_5#T1 misses C120's time window
relocate:CV_D_guangzhou_3#T2:C043->CV_D_shenzhen_5#T1@3,C043,C043:5.609774712,REJECTED_INTERFACE,False,,,[],,,,,,,,,,0.0014498750097118318,ValueError,E3_STRICT_MULTITRIP_V2: route CV_D_shenzhen_5#T1 misses C095's time window
relocate:CV_D_guangzhou_3#T2:C043->CV_D_shenzhen_5#T1@4,C043,C043:5.609774712,REJECTED_INTERFACE,False,,,[],,,,,,,,,,0.0014439579972531646,ValueError,E3_STRICT_MULTITRIP_V2: route CV_D_shenzhen_5#T1 misses C099's time window
relocate:CV_D_guangzhou_3#T2:C043->CV_D_shenzhen_5#T1@5,C043,C043:5.609774712,REJECTED_INTERFACE,False,,,[],,,,,,,,,,0.0018794579955283552,ValueError,E3_STRICT_MULTITRIP_V2: route CV_D_shenzhen_5#T1 misses C043's time window
relocate:CV_D_guangzhou_3#T2:C043->EV_D_shenzhen_1#T1@0,C043,C043:5.609774712,REJECTED_CHARGING,False,,,[],,,,,,,,,,0.00017333301366306841,ValueError,E3_STRICT_MULTITRIP_V2: route EV_D_shenzhen_1#T1 misses C141's time window
relocate:CV_D_guangzhou_3#T2:C043->EV_D_shenzhen_1#T1@1,C043,C043:5.609774712,REJECTED_CHARGING,False,,,[],,,,,,,,,,0.0001915409811772406,ValueError,E3_STRICT_MULTITRIP_V2: route EV_D_shenzhen_1#T1 misses C138's time window
relocate:CV_D_guangzhou_3#T2:C043->EV_D_shenzhen_1#T1@2,C043,C043:5.609774712,REJECTED_CHARGING,False,,,[],,,,,,,,,,0.00015083298785611987,ValueError,E3_STRICT_MULTITRIP_V2: route EV_D_shenzhen_1#T1 misses C136's time window
relocate:CV_D_guangzhou_3#T2:C043->EV_D_shenzhen_1#T1@3,C043,C043:5.609774712,REJECTED_CHARGING,False,,,[],,,,,,,,,,0.00013033399591222405,ValueError,E3_STRICT_MULTITRIP_V2: route EV_D_shenzhen_1#T1 misses C132's time window
relocate:CV_D_guangzhou_3#T2:C043->EV_D_shenzhen_1#T1@4,C043,C043:5.609774712,REJECTED_CHARGING,False,,,[],,,,,,,,,,0.00012958399020135403,ValueError,E3_STRICT_MULTITRIP_V2: route EV_D_shenzhen_1#T1 misses C133's time window
relocate:CV_D_guangzhou_3#T2:C043->EV_D_shenzhen_1#T1@5,C043,C043:5.609774712,REJECTED_CHARGING,False,,,[],,,,,,,,,,0.0001253749942407012,ValueError,E3_STRICT_MULTITRIP_V2: route EV_D_shenzhen_1#T1 misses C142's time window
relocate:CV_D_guangzhou_3#T2:C043->EV_D_shenzhen_1#T1@6,C043,C043:5.609774712,REJECTED_CHARGING,False,,,[],,,,,,,,,,0.0001246670144610107,ValueError,E3_STRICT_MULTITRIP_V2: route EV_D_shenzhen_1#T1 misses C127's time window
relocate:CV_D_guangzhou_3#T2:C043->EV_D_shenzhen_1#T1@7,C043,C043:5.609774712,REJECTED_CHARGING,False,,,[],,,,,,,,,,0.00012845799210481346,ValueError,E3_STRICT_MULTITRIP_V2: route EV_D_shenzhen_1#T1 misses C109's time window
relocate:CV_D_guangzhou_3#T2:C043->EV_D_shenzhen_1#T1@8,C043,C043:5.609774712,REJECTED_CHARGING,False,,,[],,,,,,,,,,0.07924883300438523,ValueError,no feasible depot charging window
relocate:CV_D_guangzhou_3#T2:C043->EV_D_shenzhen_1#T2@0,C043,C043:5.609774712,REJECTED_CHARGING,False,,,[],,,,,,,,,,0.02890245901653543,ValueError,E3_STRICT_MULTITRIP_V2: route EV_D_shenzhen_1#T2 misses C146's time window
relocate:CV_D_guangzhou_3#T2:C043->EV_D_shenzhen_1#T2@1,C043,C043:5.609774712,REJECTED_CHARGING,False,,,[],,,,,,,,,,0.028579042002093047,ValueError,E3_STRICT_MULTITRIP_V2: route EV_D_shenzhen_1#T2 misses C043's time window
relocate:CV_D_guangzhou_3#T2:C043->EV_D_shenzhen_1#T2@2,C043,C043:5.609774712,REJECTED_CHARGING,False,,,[],,,,,,,,,,0.027517457987414673,ValueError,E3_STRICT_MULTITRIP_V2: route EV_D_shenzhen_1#T2 misses C043's time window
relocate:CV_D_guangzhou_3#T2:C043->EV_D_shenzhen_2#T1@0,C043,C043:5.609774712,REJECTED_CHARGING,False,,,[],,,,,,,,,,0.000451375002739951,ValueError,E3_STRICT_MULTITRIP_V2: route EV_D_shenzhen_2#T1 misses C149's time window
relocate:CV_D_guangzhou_3#T2:C043->EV_D_shenzhen_2#T1@1,C043,C043:5.609774712,REJECTED_CHARGING,False,,,[],,,,,,,,,,0.00013958397903479636,ValueError,E3_STRICT_MULTITRIP_V2: route EV_D_shenzhen_2#T1 misses C097's time window
relocate:CV_D_guangzhou_3#T2:C043->EV_D_shenzhen_2#T1@2,C043,C043:5.609774712,REJECTED_CHARGING,False,,,[],,,,,,,,,,0.00020241699530743062,ValueError,E3_STRICT_MULTITRIP_V2: route EV_D_shenzhen_2#T1 misses C140's time window
relocate:CV_D_guangzhou_3#T2:C043->EV_D_shenzhen_2#T1@3,C043,C043:5.609774712,REJECTED_CHARGING,False,,,[],,,,,,,,,,0.00013829098315909505,ValueError,E3_STRICT_MULTITRIP_V2: route EV_D_shenzhen_2#T1 misses C119's time window
relocate:CV_D_guangzhou_3#T2:C043->EV_D_shenzhen_2#T1@4,C043,C043:5.609774712,REJECTED_CHARGING,False,,,[],,,,,,,,,,0.00012129099923186004,ValueError,E3_STRICT_MULTITRIP_V2: route EV_D_shenzhen_2#T1 misses C094's time window
relocate:CV_D_guangzhou_3#T2:C043->EV_D_shenzhen_2#T1@5,C043,C043:5.609774712,REJECTED_CHARGING,False,,,[],,,,,,,,,,0.00011929200263693929,ValueError,E3_STRICT_MULTITRIP_V2: route EV_D_shenzhen_2#T1 misses C098's time window
relocate:CV_D_guangzhou_3#T2:C043->EV_D_shenzhen_2#T1@6,C043,C043:5.609774712,REJECTED_CHARGING,False,,,[],,,,,,,,,,0.00011816600454039872,ValueError,E3_STRICT_MULTITRIP_V2: route EV_D_shenzhen_2#T1 misses C150's time window
relocate:CV_D_guangzhou_3#T2:C043->EV_D_shenzhen_2#T1@7,C043,C043:5.609774712,REJECTED_CHARGING,False,,,[],,,,,,,,,,0.00012112499098293483,ValueError,E3_STRICT_MULTITRIP_V2: route EV_D_shenzhen_2#T1 misses C043's time window
relocate:EV_D_guangzhou_1#T1:C064->CV_D_dongguan_1#T1@0,C064,C064:4.51895645403,REJECTED_INTERFACE,False,,,[],,,,,,,,,,0.03427249999367632,ValueError,E3_STRICT_MULTITRIP_V2: route CV_D_dongguan_1#T1 misses C005's time window
relocate:EV_D_guangzhou_1#T1:C064->CV_D_dongguan_1#T1@1,C064,C064:4.51895645403,REJECTED_INTERFACE,False,,,[],,,,,,,,,,0.0013018329918850213,ValueError,E3_STRICT_MULTITRIP_V2: route CV_D_dongguan_1#T1 misses C006's time window
relocate:EV_D_guangzhou_1#T1:C064->CV_D_dongguan_1#T1@2,C064,C064:4.51895645403,REJECTED_INTERFACE,False,,,[],,,,,,,,,,0.0011612089874688536,ValueError,E3_STRICT_MULTITRIP_V2: route CV_D_dongguan_1#T1 misses C010's time window
relocate:EV_D_guangzhou_1#T1:C064->CV_D_dongguan_1#T1@3,C064,C064:4.51895645403,REJECTED_INTERFACE,False,,,[],,,,,,,,,,0.0011407090059947222,ValueError,E3_STRICT_MULTITRIP_V2: route CV_D_dongguan_1#T1 misses C003's time window
relocate:EV_D_guangzhou_1#T1:C064->CV_D_dongguan_1#T1@4,C064,C064:4.51895645403,REJECTED_INTERFACE,False,,,[],,,,,,,,,,0.0011260409955866635,ValueError,E3_STRICT_MULTITRIP_V2: route CV_D_dongguan_1#T1 misses C004's time window
relocate:EV_D_guangzhou_1#T1:C064->CV_D_dongguan_1#T1@5,C064,C064:4.51895645403,REJECTED_INTERFACE,False,,,[],,,,,,,,,,0.0011194589897058904,ValueError,E3_STRICT_MULTITRIP_V2: route CV_D_dongguan_1#T1 misses C002's time window
relocate:EV_D_guangzhou_1#T1:C064->CV_D_dongguan_1#T1@6,C064,C064:4.51895645403,REJECTED_INTERFACE,False,,,[],,,,,,,,,,0.0011222499888390303,ValueError,E3_STRICT_MULTITRIP_V2: route CV_D_dongguan_1#T1 misses C011's time window
relocate:EV_D_guangzhou_1#T1:C064->CV_D_dongguan_1#T1@7,C064,C064:4.51895645403,REJECTED_INTERFACE,False,,,[],,,,,,,,,,0.0017591250070836395,ValueError,E3_STRICT_MULTITRIP_V2: CV_D_dongguan_1 has overlap or incomplete recharge
relocate:EV_D_guangzhou_1#T1:C064->CV_D_dongguan_1#T2@0,C064,C064:4.51895645403,REJECTED_INTERFACE,False,,,[],,,,,,,,,,0.00136283301981166,ValueError,E3_STRICT_MULTITRIP_V2: route CV_D_dongguan_1#T2 misses C001's time window
relocate:EV_D_guangzhou_1#T1:C064->CV_D_dongguan_1#T2@1,C064,C064:4.51895645403,REJECTED_INTERFACE,False,,,[],,,,,,,,,,0.001211458002217114,ValueError,E3_STRICT_MULTITRIP_V2: route CV_D_dongguan_1#T2 misses C064's time window
relocate:EV_D_guangzhou_1#T1:C064->CV_D_dongguan_1#T2@2,C064,C064:4.51895645403,REJECTED_INTERFACE,False,,,[],,,,,,,,,,0.0011896250071004033,ValueError,E3_STRICT_MULTITRIP_V2: route CV_D_dongguan_1#T2 misses C064's time window
relocate:EV_D_guangzhou_1#T1:C064->CV_D_dongguan_1#T2@3,C064,C064:4.51895645403,REJECTED_INTERFACE,False,,,[],,,,,,,,,,0.0011848750000353903,ValueError,E3_STRICT_MULTITRIP_V2: route CV_D_dongguan_1#T2 misses C064's time window
relocate:EV_D_guangzhou_1#T1:C064->CV_D_dongguan_1#T2@4,C064,C064:4.51895645403,REJECTED_INTERFACE,False,,,[],,,,,,,,,,0.0012026250187773257,ValueError,E3_STRICT_MULTITRIP_V2: route CV_D_dongguan_1#T2 misses C064's time window
relocate:EV_D_guangzhou_1#T1:C064->CV_D_dongguan_1#T2@5,C064,C064:4.51895645403,REJECTED_INTERFACE,False,,,[],,,,,,,,,,0.0011793750163633376,ValueError,E3_STRICT_MULTITRIP_V2: route CV_D_dongguan_1#T2 misses C064's time window
relocate:EV_D_guangzhou_1#T1:C064->CV_D_dongguan_1#T2@6,C064,C064:4.51895645403,REJECTED_INTERFACE,False,,,[],,,,,,,,,,0.0011849580041598529,ValueError,E3_STRICT_MULTITRIP_V2: route CV_D_dongguan_1#T2 misses C064's time window
relocate:EV_D_guangzhou_1#T1:C064->CV_D_dongguan_1#T2@7,C064,C064:4.51895645403,REJECTED_INTERFACE,False,,,[],,,,,,,,,,0.0012292080209590495,ValueError,E3_STRICT_MULTITRIP_V2: route CV_D_dongguan_1#T2 misses C064's time window
relocate:EV_D_guangzhou_1#T1:C064->CV_D_dongguan_2#T1@0,C064,C064:4.51895645403,REJECTED_INTERFACE,False,,,[],,,,,,,,,,0.0011975420056842268,ValueError,E3_STRICT_MULTITRIP_V2: route CV_D_dongguan_2#T1 misses C017's time window
relocate:EV_D_guangzhou_1#T1:C064->CV_D_dongguan_2#T1@1,C064,C064:4.51895645403,REJECTED_INTERFACE,False,,,[],,,,,,,,,,0.001145916001405567,ValueError,E3_STRICT_MULTITRIP_V2: route CV_D_dongguan_2#T1 misses C012's time window
relocate:EV_D_guangzhou_1#T1:C064->CV_D_dongguan_2#T1@2,C064,C064:4.51895645403,REJECTED_INTERFACE,False,,,[],,,,,,,,,,0.0011268749949522316,ValueError,E3_STRICT_MULTITRIP_V2: route CV_D_dongguan_2#T1 misses C064's time window
relocate:EV_D_guangzhou_1#T1:C064->CV_D_dongguan_2#T1@3,C064,C064:4.51895645403,REJECTED_INTERFACE,False,,,[],,,,,,,,,,0.00112825000542216,ValueError,E3_STRICT_MULTITRIP_V2: route CV_D_dongguan_2#T1 misses C064's time window
relocate:EV_D_guangzhou_1#T1:C064->CV_D_dongguan_2#T1@4,C064,C064:4.51895645403,REJECTED_INTERFACE,False,,,[],,,,,,,,,,0.0016867080121301115,ValueError,E3_STRICT_MULTITRIP_V2: route CV_D_dongguan_2#T1 misses C064's time window
relocate:EV_D_guangzhou_1#T1:C064->CV_D_dongguan_2#T1@5,C064,C064:4.51895645403,REJECTED_INTERFACE,False,,,[],,,,,,,,,,0.0013296249962877482,ValueError,E3_STRICT_MULTITRIP_V2: route CV_D_dongguan_2#T1 misses C064's time window
relocate:EV_D_guangzhou_1#T1:C064->CV_D_dongguan_2#T2@0,C064,C064:4.51895645403,REJECTED_INTERFACE,False,,,[],,,,,,,,,,0.0012442090082913637,ValueError,E3_STRICT_MULTITRIP_V2: CV_D_dongguan_2 has overlap or incomplete recharge
relocate:EV_D_guangzhou_1#T1:C064->CV_D_dongguan_2#T2@1,C064,C064:4.51895645403,REJECTED_INTERFACE,False,,,[],,,,,,,,,,0.0011578330013435334,ValueError,E3_STRICT_MULTITRIP_V2: route CV_D_dongguan_2#T2 misses C064's time window
relocate:EV_D_guangzhou_1#T1:C064->CV_D_foshan_1#T1@0,C064,C064:4.51895645403,REJECTED_INTERFACE,False,,,[],,,,,,,,,,0.0011715409928001463,ValueError,E3_STRICT_MULTITRIP_V2: route CV_D_foshan_1#T1 misses C030's time window
relocate:EV_D_guangzhou_1#T1:C064->CV_D_foshan_1#T1@1,C064,C064:4.51895645403,REJECTED_INTERFACE,False,,,[],,,,,,,,,,0.0011537499958649278,ValueError,E3_STRICT_MULTITRIP_V2: route CV_D_foshan_1#T1 misses C031's time window
relocate:EV_D_guangzhou_1#T1:C064->CV_D_foshan_1#T1@2,C064,C064:4.51895645403,REJECTED_INTERFACE,False,,,[],,,,,,,,,,0.0011433339968789369,ValueError,E3_STRICT_MULTITRIP_V2: route CV_D_foshan_1#T1 misses C041's time window
relocate:EV_D_guangzhou_1#T1:C064->CV_D_foshan_1#T1@3,C064,C064:4.51895645403,REJECTED_INTERFACE,False,,,[],,,,,,,,,,0.0011441250098869205,ValueError,E3_STRICT_MULTITRIP_V2: route CV_D_foshan_1#T1 misses C039's time window
relocate:EV_D_guangzhou_1#T1:C064->CV_D_foshan_1#T1@4,C064,C064:4.51895645403,REJECTED_INTERFACE,False,,,[],,,,,,,,,,0.001144916022894904,ValueError,E3_STRICT_MULTITRIP_V2: route CV_D_foshan_1#T1 misses C036's time window
relocate:EV_D_guangzhou_1#T1:C064->CV_D_foshan_1#T1@5,C064,C064:4.51895645403,REJECTED_INTERFACE,False,,,[],,,,,,,,,,0.001148790994193405,ValueError,E3_STRICT_MULTITRIP_V2: route CV_D_foshan_1#T1 misses C026's time window
relocate:EV_D_guangzhou_1#T1:C064->CV_D_foshan_1#T1@6,C064,C064:4.51895645403,EVALUATED,True,False,2,"[{""detail"": ""initial load 1737.000000 exceeds Q=1735.000000"", ""location"": ""D_foshan"", ""severity"": ""hard"", ""type"": ""CAPACITY"", ""vehicle_id"": ""CV_D_foshan_1#T1""}, {""detail"": ""profit Pi=15905.800027 below theta*Pi0=16098.687226 (theta=1.000000, Pi0=16098.687226)"", ""location"": ""D_guangzhou"", ""severity"": ""hard"", ""type"": ""PROFIT_FAIRNESS"", ""vehicle_id"": """"}]",1,6150.815159857655,4.097599799802083,658.2046508087694,-192.88719813650096,19492.8174134499,False,0.44938236870202103,0,0.011247958987951279,,
relocate:EV_D_guangzhou_1#T1:C064->CV_D_foshan_1#T2@0,C064,C064:4.51895645403,REJECTED_INTERFACE,False,,,[],,,,,,,,,,0.0012832499924115837,ValueError,E3_STRICT_MULTITRIP_V2: CV_D_foshan_1 has overlap or incomplete recharge
relocate:EV_D_guangzhou_1#T1:C064->CV_D_foshan_1#T2@1,C064,C064:4.51895645403,REJECTED_INTERFACE,False,,,[],,,,,,,,,,0.0011892500042449683,ValueError,E3_STRICT_MULTITRIP_V2: route CV_D_foshan_1#T2 misses C064's time window
relocate:EV_D_guangzhou_1#T1:C064->CV_D_foshan_1#T2@2,C064,C064:4.51895645403,REJECTED_INTERFACE,False,,,[],,,,,,,,,,0.0011822909873444587,ValueError,E3_STRICT_MULTITRIP_V2: route CV_D_foshan_1#T2 misses C064's time window
relocate:EV_D_guangzhou_1#T1:C064->CV_D_foshan_1#T2@3,C064,C064:4.51895645403,REJECTED_INTERFACE,False,,,[],,,,,,,,,,0.0011839999933727086,ValueError,E3_STRICT_MULTITRIP_V2: route CV_D_foshan_1#T2 misses C064's time window
relocate:EV_D_guangzhou_1#T1:C064->CV_D_foshan_1#T2@4,C064,C064:4.51895645403,REJECTED_INTERFACE,False,,,[],,,,,,,,,,0.0012157500023022294,ValueError,E3_STRICT_MULTITRIP_V2: route CV_D_foshan_1#T2 misses C064's time window
relocate:EV_D_guangzhou_1#T1:C064->CV_D_foshan_1#T2@5,C064,C064:4.51895645403,REJECTED_INTERFACE,False,,,[],,,,,,,,,,0.0011702920019160956,ValueError,E3_STRICT_MULTITRIP_V2: route CV_D_foshan_1#T2 misses C064's time window
relocate:EV_D_guangzhou_1#T1:C064->CV_D_foshan_1#T2@6,C064,C064:4.51895645403,REJECTED_INTERFACE,False,,,[],,,,,,,,,,0.0011943750141654164,ValueError,E3_STRICT_MULTITRIP_V2: route CV_D_foshan_1#T2 misses C064's time window
relocate:EV_D_guangzhou_1#T1:C064->CV_D_foshan_2#T1@0,C064,C064:4.51895645403,REJECTED_INTERFACE,False,,,[],,,,,,,,,,0.0012273750035092235,ValueError,E3_STRICT_MULTITRIP_V2: route CV_D_foshan_2#T1 misses C028's time window
relocate:EV_D_guangzhou_1#T1:C064->CV_D_foshan_2#T1@1,C064,C064:4.51895645403,REJECTED_INTERFACE,False,,,[],,,,,,,,,,0.0016382090107072145,ValueError,E3_STRICT_MULTITRIP_V2: route CV_D_foshan_2#T1 misses C024's time window
relocate:EV_D_guangzhou_1#T1:C064->CV_D_foshan_2#T1@2,C064,C064:4.51895645403,REJECTED_INTERFACE,False,,,[],,,,,,,,,,0.001379792025545612,ValueError,E3_STRICT_MULTITRIP_V2: route CV_D_foshan_2#T1 misses C021's time window
relocate:EV_D_guangzhou_1#T1:C064->CV_D_foshan_2#T1@3,C064,C064:4.51895645403,REJECTED_INTERFACE,False,,,[],,,,,,,,,,0.00120674999197945,ValueError,E3_STRICT_MULTITRIP_V2: route CV_D_foshan_2#T1 misses C033's time window
relocate:EV_D_guangzhou_1#T1:C064->CV_D_foshan_2#T1@4,C064,C064:4.51895645403,EVALUATED,True,False,2,"[{""detail"": ""initial load 1806.000000 exceeds Q=1735.000000"", ""location"": ""D_foshan"", ""severity"": ""hard"", ""type"": ""CAPACITY"", ""vehicle_id"": ""CV_D_foshan_2#T1""}, {""detail"": ""profit Pi=15905.800027 below theta*Pi0=16098.687226 (theta=1.000000, Pi0=16098.687226)"", ""location"": ""D_guangzhou"", ""severity"": ""hard"", ""type"": ""PROFIT_FAIRNESS"", ""vehicle_id"": """"}]",1,6182.742174052235,36.02461399438198,664.277499146531,-192.88719813650096,26424.744427644477,False,0.44938236870202103,0,0.00984862499171868,,
relocate:EV_D_guangzhou_1#T1:C064->CV_D_foshan_2#T1@5,C064,C064:4.51895645403,REJECTED_INTERFACE,False,,,[],,,,,,,,,,0.001221165992319584,ValueError,E3_STRICT_MULTITRIP_V2: route CV_D_foshan_2#T1 misses C064's time window
relocate:EV_D_guangzhou_1#T1:C064->CV_D_foshan_2#T1@6,C064,C064:4.51895645403,REJECTED_INTERFACE,False,,,[],,,,,,,,,,0.0014068339951336384,ValueError,E3_STRICT_MULTITRIP_V2: route CV_D_foshan_2#T1 misses C064's time window
relocate:EV_D_guangzhou_1#T1:C064->CV_D_foshan_2#T1@7,C064,C064:4.51895645403,REJECTED_INTERFACE,False,,,[],,,,,,,,,,0.0014655000122729689,ValueError,E3_STRICT_MULTITRIP_V2: route CV_D_foshan_2#T1 misses C064's time window
relocate:EV_D_guangzhou_1#T1:C064->CV_D_foshan_2#T2@0,C064,C064:4.51895645403,REJECTED_INTERFACE,False,,,[],,,,,,,,,,0.0014281669864431024,ValueError,E3_STRICT_MULTITRIP_V2: CV_D_foshan_2 has overlap or incomplete recharge
relocate:EV_D_guangzhou_1#T1:C064->CV_D_foshan_2#T2@1,C064,C064:4.51895645403,REJECTED_INTERFACE,False,,,[],,,,,,,,,,0.001197375007905066,ValueError,E3_STRICT_MULTITRIP_V2: route CV_D_foshan_2#T2 misses C064's time window
relocate:EV_D_guangzhou_1#T1:C064->CV_D_foshan_2#T2@2,C064,C064:4.51895645403,REJECTED_INTERFACE,False,,,[],,,,,,,,,,0.0011794169840868562,ValueError,E3_STRICT_MULTITRIP_V2: route CV_D_foshan_2#T2 misses C064's time window
relocate:EV_D_guangzhou_1#T1:C064->CV_D_shenzhen_1#T1@0,C064,C064:4.51895645403,REJECTED_INTERFACE,False,,,[],,,,,,,,,,0.0012355000071693212,ValueError,E3_STRICT_MULTITRIP_V2: route CV_D_shenzhen_1#T1 misses C093's time window
relocate:EV_D_guangzhou_1#T1:C064->CV_D_shenzhen_1#T1@1,C064,C064:4.51895645403,REJECTED_INTERFACE,False,,,[],,,,,,,,,,0.0012697089987341315,ValueError,E3_STRICT_MULTITRIP_V2: route CV_D_shenzhen_1#T1 misses C122's time window
relocate:EV_D_guangzhou_1#T1:C064->CV_D_shenzhen_1#T1@2,C064,C064:4.51895645403,REJECTED_INTERFACE,False,,,[],,,,,,,,,,0.0012369579926598817,ValueError,E3_STRICT_MULTITRIP_V2: route CV_D_shenzhen_1#T1 misses C147's time window
relocate:EV_D_guangzhou_1#T1:C064->CV_D_shenzhen_1#T1@3,C064,C064:4.51895645403,REJECTED_INTERFACE,False,,,[],,,,,,,,,,0.0012322500115260482,ValueError,E3_STRICT_MULTITRIP_V2: route CV_D_shenzhen_1#T1 misses C111's time window
relocate:EV_D_guangzhou_1#T1:C064->CV_D_shenzhen_1#T1@4,C064,C064:4.51895645403,REJECTED_INTERFACE,False,,,[],,,,,,,,,,0.0012403749860823154,ValueError,E3_STRICT_MULTITRIP_V2: route CV_D_shenzhen_1#T1 misses C106's time window
relocate:EV_D_guangzhou_1#T1:C064->CV_D_shenzhen_1#T1@5,C064,C064:4.51895645403,REJECTED_INTERFACE,False,,,[],,,,,,,,,,0.0012404580193106085,ValueError,E3_STRICT_MULTITRIP_V2: route CV_D_shenzhen_1#T1 misses C064's time window
relocate:EV_D_guangzhou_1#T1:C064->CV_D_shenzhen_1#T1@6,C064,C064:4.51895645403,REJECTED_INTERFACE,False,,,[],,,,,,,,,,0.001235665986314416,ValueError,E3_STRICT_MULTITRIP_V2: route CV_D_shenzhen_1#T1 misses C064's time window
relocate:EV_D_guangzhou_1#T1:C064->CV_D_shenzhen_1#T1@7,C064,C064:4.51895645403,REJECTED_INTERFACE,False,,,[],,,,,,,,,,0.0012370830227155238,ValueError,E3_STRICT_MULTITRIP_V2: route CV_D_shenzhen_1#T1 misses C064's time window
relocate:EV_D_guangzhou_1#T1:C064->CV_D_shenzhen_1#T2@0,C064,C064:4.51895645403,REJECTED_INTERFACE,False,,,[],,,,,,,,,,0.0016181250102818012,ValueError,E3_STRICT_MULTITRIP_V2: route CV_D_shenzhen_1#T2 misses C129's time window
relocate:EV_D_guangzhou_1#T1:C064->CV_D_shenzhen_1#T2@1,C064,C064:4.51895645403,REJECTED_INTERFACE,False,,,[],,,,,,,,,,0.0014866249985061586,ValueError,E3_STRICT_MULTITRIP_V2: route CV_D_shenzhen_1#T2 misses C064's time window
relocate:EV_D_guangzhou_1#T1:C064->CV_D_shenzhen_1#T2@2,C064,C064:4.51895645403,REJECTED_INTERFACE,False,,,[],,,,,,,,,,0.0013592090108431876,ValueError,E3_STRICT_MULTITRIP_V2: route CV_D_shenzhen_1#T2 misses C064's time window
relocate:EV_D_guangzhou_1#T1:C064->CV_D_shenzhen_1#T2@3,C064,C064:4.51895645403,REJECTED_INTERFACE,False,,,[],,,,,,,,,,0.001336790999630466,ValueError,E3_STRICT_MULTITRIP_V2: route CV_D_shenzhen_1#T2 misses C064's time window
relocate:EV_D_guangzhou_1#T1:C064->CV_D_shenzhen_1#T2@4,C064,C064:4.51895645403,REJECTED_INTERFACE,False,,,[],,,,,,,,,,0.0013022919883951545,ValueError,E3_STRICT_MULTITRIP_V2: route CV_D_shenzhen_1#T2 misses C064's time window
relocate:EV_D_guangzhou_1#T1:C064->CV_D_shenzhen_1#T2@5,C064,C064:4.51895645403,REJECTED_INTERFACE,False,,,[],,,,,,,,,,0.0013026669912505895,ValueError,E3_STRICT_MULTITRIP_V2: route CV_D_shenzhen_1#T2 misses C064's time window
relocate:EV_D_guangzhou_1#T1:C064->CV_D_shenzhen_2#T1@0,C064,C064:4.51895645403,REJECTED_INTERFACE,False,,,[],,,,,,,,,,0.0012854159867856652,ValueError,E3_STRICT_MULTITRIP_V2: route CV_D_shenzhen_2#T1 misses C108's time window
relocate:EV_D_guangzhou_1#T1:C064->CV_D_shenzhen_2#T1@1,C064,C064:4.51895645403,REJECTED_INTERFACE,False,,,[],,,,,,,,,,0.0012771250039804727,ValueError,E3_STRICT_MULTITRIP_V2: route CV_D_shenzhen_2#T1 misses C064's time window
relocate:EV_D_guangzhou_1#T1:C064->CV_D_shenzhen_2#T1@2,C064,C064:4.51895645403,REJECTED_INTERFACE,False,,,[],,,,,,,,,,0.001281708013266325,ValueError,E3_STRICT_MULTITRIP_V2: route CV_D_shenzhen_2#T1 misses C064's time window
relocate:EV_D_guangzhou_1#T1:C064->CV_D_shenzhen_2#T1@3,C064,C064:4.51895645403,REJECTED_INTERFACE,False,,,[],,,,,,,,,,0.0012780420074705034,ValueError,E3_STRICT_MULTITRIP_V2: route CV_D_shenzhen_2#T1 misses C064's time window
relocate:EV_D_guangzhou_1#T1:C064->CV_D_shenzhen_2#T1@4,C064,C064:4.51895645403,REJECTED_INTERFACE,False,,,[],,,,,,,,,,0.0013045000087004155,ValueError,E3_STRICT_MULTITRIP_V2: route CV_D_shenzhen_2#T1 misses C064's time window
relocate:EV_D_guangzhou_1#T1:C064->CV_D_shenzhen_2#T1@5,C064,C064:4.51895645403,REJECTED_INTERFACE,False,,,[],,,,,,,,,,0.0013285840104799718,ValueError,E3_STRICT_MULTITRIP_V2: route CV_D_shenzhen_2#T1 misses C064's time window
relocate:EV_D_guangzhou_1#T1:C064->CV_D_shenzhen_2#T1@6,C064,C064:4.51895645403,REJECTED_INTERFACE,False,,,[],,,,,,,,,,0.0017600420105736703,ValueError,E3_STRICT_MULTITRIP_V2: route CV_D_shenzhen_2#T1 misses C064's time window
relocate:EV_D_guangzhou_1#T1:C064->CV_D_shenzhen_2#T2@0,C064,C064:4.51895645403,REJECTED_INTERFACE,False,,,[],,,,,,,,,,0.0014889160229358822,ValueError,E3_STRICT_MULTITRIP_V2: CV_D_shenzhen_2 has overlap or incomplete recharge
relocate:EV_D_guangzhou_1#T1:C064->CV_D_shenzhen_2#T2@1,C064,C064:4.51895645403,REJECTED_INTERFACE,False,,,[],,,,,,,,,,0.0013390420062933117,ValueError,E3_STRICT_MULTITRIP_V2: route CV_D_shenzhen_2#T2 misses C064's time window
relocate:EV_D_guangzhou_1#T1:C064->CV_D_shenzhen_2#T2@2,C064,C064:4.51895645403,REJECTED_INTERFACE,False,,,[],,,,,,,,,,0.001312499982304871,ValueError,E3_STRICT_MULTITRIP_V2: route CV_D_shenzhen_2#T2 misses C064's time window
relocate:EV_D_guangzhou_1#T1:C064->CV_D_shenzhen_2#T2@3,C064,C064:4.51895645403,REJECTED_INTERFACE,False,,,[],,,,,,,,,,0.0013129170110914856,ValueError,E3_STRICT_MULTITRIP_V2: route CV_D_shenzhen_2#T2 misses C064's time window
relocate:EV_D_guangzhou_1#T1:C064->CV_D_shenzhen_2#T2@4,C064,C064:4.51895645403,REJECTED_INTERFACE,False,,,[],,,,,,,,,,0.0013077500043436885,ValueError,E3_STRICT_MULTITRIP_V2: route CV_D_shenzhen_2#T2 misses C064's time window
relocate:EV_D_guangzhou_1#T1:C064->CV_D_shenzhen_2#T2@5,C064,C064:4.51895645403,REJECTED_INTERFACE,False,,,[],,,,,,,,,,0.00134433398488909,ValueError,E3_STRICT_MULTITRIP_V2: route CV_D_shenzhen_2#T2 misses C064's time window
relocate:EV_D_guangzhou_1#T1:C064->CV_D_shenzhen_2#T2@6,C064,C064:4.51895645403,REJECTED_INTERFACE,False,,,[],,,,,,,,,,0.0013165829877834767,ValueError,E3_STRICT_MULTITRIP_V2: route CV_D_shenzhen_2#T2 misses C064's time window
relocate:EV_D_guangzhou_1#T1:C064->CV_D_shenzhen_3#T1@0,C064,C064:4.51895645403,REJECTED_INTERFACE,False,,,[],,,,,,,,,,0.0013279580161906779,ValueError,E3_STRICT_MULTITRIP_V2: route CV_D_shenzhen_3#T1 misses C110's time window
relocate:EV_D_guangzhou_1#T1:C064->CV_D_shenzhen_3#T1@1,C064,C064:4.51895645403,REJECTED_INTERFACE,False,,,[],,,,,,,,,,0.0012938340078108013,ValueError,E3_STRICT_MULTITRIP_V2: route CV_D_shenzhen_3#T1 misses C064's time window
relocate:EV_D_guangzhou_1#T1:C064->CV_D_shenzhen_3#T1@2,C064,C064:4.51895645403,REJECTED_INTERFACE,False,,,[],,,,,,,,,,0.0013531250006053597,ValueError,E3_STRICT_MULTITRIP_V2: route CV_D_shenzhen_3#T1 misses C064's time window
relocate:EV_D_guangzhou_1#T1:C064->CV_D_shenzhen_3#T1@3,C064,C064:4.51895645403,REJECTED_INTERFACE,False,,,[],,,,,,,,,,0.001526041975012049,ValueError,E3_STRICT_MULTITRIP_V2: route CV_D_shenzhen_3#T1 misses C064's time window
relocate:EV_D_guangzhou_1#T1:C064->CV_D_shenzhen_3#T1@4,C064,C064:4.51895645403,REJECTED_INTERFACE,False,,,[],,,,,,,,,,0.0018279170035384595,ValueError,E3_STRICT_MULTITRIP_V2: route CV_D_shenzhen_3#T1 misses C064's time window
relocate:EV_D_guangzhou_1#T1:C064->CV_D_shenzhen_3#T1@5,C064,C064:4.51895645403,REJECTED_INTERFACE,False,,,[],,,,,,,,,,0.0014541249838657677,ValueError,E3_STRICT_MULTITRIP_V2: route CV_D_shenzhen_3#T1 misses C064's time window
relocate:EV_D_guangzhou_1#T1:C064->CV_D_shenzhen_3#T1@6,C064,C064:4.51895645403,REJECTED_INTERFACE,False,,,[],,,,,,,,,,0.0013541659864131361,ValueError,E3_STRICT_MULTITRIP_V2: route CV_D_shenzhen_3#T1 misses C064's time window
relocate:EV_D_guangzhou_1#T1:C064->CV_D_shenzhen_3#T1@7,C064,C064:4.51895645403,REJECTED_INTERFACE,False,,,[],,,,,,,,,,0.0014346660173032433,ValueError,E3_STRICT_MULTITRIP_V2: route CV_D_shenzhen_3#T1 misses C064's time window
relocate:EV_D_guangzhou_1#T1:C064->CV_D_shenzhen_4#T1@0,C064,C064:4.51895645403,REJECTED_INTERFACE,False,,,[],,,,,,,,,,0.0012919580040033907,ValueError,E3_STRICT_MULTITRIP_V2: route CV_D_shenzhen_4#T1 misses C096's time window
relocate:EV_D_guangzhou_1#T1:C064->CV_D_shenzhen_4#T1@1,C064,C064:4.51895645403,REJECTED_INTERFACE,False,,,[],,,,,,,,,,0.001270917011424899,ValueError,E3_STRICT_MULTITRIP_V2: route CV_D_shenzhen_4#T1 misses C064's time window
relocate:EV_D_guangzhou_1#T1:C064->CV_D_shenzhen_4#T1@2,C064,C064:4.51895645403,REJECTED_INTERFACE,False,,,[],,,,,,,,,,0.0012559579918161035,ValueError,E3_STRICT_MULTITRIP_V2: route CV_D_shenzhen_4#T1 misses C064's time window
relocate:EV_D_guangzhou_1#T1:C064->CV_D_shenzhen_4#T1@3,C064,C064:4.51895645403,REJECTED_INTERFACE,False,,,[],,,,,,,,,,0.001253166003152728,ValueError,E3_STRICT_MULTITRIP_V2: route CV_D_shenzhen_4#T1 misses C064's time window
relocate:EV_D_guangzhou_1#T1:C064->CV_D_shenzhen_4#T1@4,C064,C064:4.51895645403,REJECTED_INTERFACE,False,,,[],,,,,,,,,,0.0012515000125858933,ValueError,E3_STRICT_MULTITRIP_V2: route CV_D_shenzhen_4#T1 misses C064's time window
relocate:EV_D_guangzhou_1#T1:C064->CV_D_shenzhen_4#T1@5,C064,C064:4.51895645403,REJECTED_INTERFACE,False,,,[],,,,,,,,,,0.0012607079988811165,ValueError,E3_STRICT_MULTITRIP_V2: route CV_D_shenzhen_4#T1 misses C064's time window
relocate:EV_D_guangzhou_1#T1:C064->CV_D_shenzhen_4#T1@6,C064,C064:4.51895645403,REJECTED_INTERFACE,False,,,[],,,,,,,,,,0.0012494999973569065,ValueError,E3_STRICT_MULTITRIP_V2: route CV_D_shenzhen_4#T1 misses C064's time window
relocate:EV_D_guangzhou_1#T1:C064->CV_D_shenzhen_5#T1@0,C064,C064:4.51895645403,REJECTED_INTERFACE,False,,,[],,,,,,,,,,0.0012580839975271374,ValueError,E3_STRICT_MULTITRIP_V2: route CV_D_shenzhen_5#T1 misses C134's time window
relocate:EV_D_guangzhou_1#T1:C064->CV_D_shenzhen_5#T1@1,C064,C064:4.51895645403,REJECTED_INTERFACE,False,,,[],,,,,,,,,,0.0017751660197973251,ValueError,E3_STRICT_MULTITRIP_V2: route CV_D_shenzhen_5#T1 misses C064's time window
relocate:EV_D_guangzhou_1#T1:C064->CV_D_shenzhen_5#T1@2,C064,C064:4.51895645403,REJECTED_INTERFACE,False,,,[],,,,,,,,,,0.001441666012397036,ValueError,E3_STRICT_MULTITRIP_V2: route CV_D_shenzhen_5#T1 misses C064's time window
relocate:EV_D_guangzhou_1#T1:C064->CV_D_shenzhen_5#T1@3,C064,C064:4.51895645403,REJECTED_INTERFACE,False,,,[],,,,,,,,,,0.0014009999867994338,ValueError,E3_STRICT_MULTITRIP_V2: route CV_D_shenzhen_5#T1 misses C064's time window
relocate:EV_D_guangzhou_1#T1:C064->CV_D_shenzhen_5#T1@4,C064,C064:4.51895645403,REJECTED_INTERFACE,False,,,[],,,,,,,,,,0.0012845829769503325,ValueError,E3_STRICT_MULTITRIP_V2: route CV_D_shenzhen_5#T1 misses C064's time window
relocate:EV_D_guangzhou_1#T1:C064->CV_D_shenzhen_5#T1@5,C064,C064:4.51895645403,REJECTED_INTERFACE,False,,,[],,,,,,,,,,0.0012957080034539104,ValueError,E3_STRICT_MULTITRIP_V2: route CV_D_shenzhen_5#T1 misses C064's time window
relocate:EV_D_guangzhou_1#T1:C064->EV_D_shenzhen_1#T1@0,C064,C064:4.51895645403,REJECTED_CHARGING,False,,,[],,,,,,,,,,0.00013991701416671276,ValueError,E3_STRICT_MULTITRIP_V2: route EV_D_shenzhen_1#T1 misses C141's time window
relocate:EV_D_guangzhou_1#T1:C064->EV_D_shenzhen_1#T1@1,C064,C064:4.51895645403,REJECTED_CHARGING,False,,,[],,,,,,,,,,0.00011512497439980507,ValueError,E3_STRICT_MULTITRIP_V2: route EV_D_shenzhen_1#T1 misses C138's time window
relocate:EV_D_guangzhou_1#T1:C064->EV_D_shenzhen_1#T1@2,C064,C064:4.51895645403,REJECTED_CHARGING,False,,,[],,,,,,,,,,0.00011249998351559043,ValueError,E3_STRICT_MULTITRIP_V2: route EV_D_shenzhen_1#T1 misses C064's time window
relocate:EV_D_guangzhou_1#T1:C064->EV_D_shenzhen_1#T1@3,C064,C064:4.51895645403,REJECTED_CHARGING,False,,,[],,,,,,,,,,0.00010791598469950259,ValueError,E3_STRICT_MULTITRIP_V2: route EV_D_shenzhen_1#T1 misses C064's time window
relocate:EV_D_guangzhou_1#T1:C064->EV_D_shenzhen_1#T1@4,C064,C064:4.51895645403,REJECTED_CHARGING,False,,,[],,,,,,,,,,0.0001084999821614474,ValueError,E3_STRICT_MULTITRIP_V2: route EV_D_shenzhen_1#T1 misses C064's time window
relocate:EV_D_guangzhou_1#T1:C064->EV_D_shenzhen_1#T1@5,C064,C064:4.51895645403,REJECTED_CHARGING,False,,,[],,,,,,,,,,0.00011141700088046491,ValueError,E3_STRICT_MULTITRIP_V2: route EV_D_shenzhen_1#T1 misses C064's time window
relocate:EV_D_guangzhou_1#T1:C064->EV_D_shenzhen_1#T1@6,C064,C064:4.51895645403,REJECTED_CHARGING,False,,,[],,,,,,,,,,0.00011354099842719734,ValueError,E3_STRICT_MULTITRIP_V2: route EV_D_shenzhen_1#T1 misses C064's time window
relocate:EV_D_guangzhou_1#T1:C064->EV_D_shenzhen_1#T1@7,C064,C064:4.51895645403,REJECTED_CHARGING,False,,,[],,,,,,,,,,0.00011495797662064433,ValueError,E3_STRICT_MULTITRIP_V2: route EV_D_shenzhen_1#T1 misses C064's time window
relocate:EV_D_guangzhou_1#T1:C064->EV_D_shenzhen_1#T1@8,C064,C064:4.51895645403,REJECTED_CHARGING,False,,,[],,,,,,,,,,0.00011495800572447479,ValueError,E3_STRICT_MULTITRIP_V2: route EV_D_shenzhen_1#T1 misses C064's time window
relocate:EV_D_guangzhou_1#T1:C064->EV_D_shenzhen_1#T2@0,C064,C064:4.51895645403,REJECTED_CHARGING,False,,,[],,,,,,,,,,0.03656345800845884,ValueError,No feasible charging insert between C146 and C117
relocate:EV_D_guangzhou_1#T1:C064->EV_D_shenzhen_1#T2@1,C064,C064:4.51895645403,REJECTED_CHARGING,False,,,[],,,,,,,,,,0.028235250007128343,ValueError,E3_STRICT_MULTITRIP_V2: route EV_D_shenzhen_1#T2 misses C064's time window
relocate:EV_D_guangzhou_1#T1:C064->EV_D_shenzhen_1#T2@2,C064,C064:4.51895645403,REJECTED_CHARGING,False,,,[],,,,,,,,,,0.028388582984916866,ValueError,E3_STRICT_MULTITRIP_V2: route EV_D_shenzhen_1#T2 misses C064's time window
relocate:EV_D_guangzhou_1#T1:C064->EV_D_shenzhen_2#T1@0,C064,C064:4.51895645403,REJECTED_CHARGING,False,,,[],,,,,,,,,,0.00015987499500624835,ValueError,E3_STRICT_MULTITRIP_V2: route EV_D_shenzhen_2#T1 misses C149's time window
relocate:EV_D_guangzhou_1#T1:C064->EV_D_shenzhen_2#T1@1,C064,C064:4.51895645403,REJECTED_CHARGING,False,,,[],,,,,,,,,,0.00011520800762809813,ValueError,E3_STRICT_MULTITRIP_V2: route EV_D_shenzhen_2#T1 misses C064's time window
relocate:EV_D_guangzhou_1#T1:C064->EV_D_shenzhen_2#T1@2,C064,C064:4.51895645403,REJECTED_CHARGING,False,,,[],,,,,,,,,,0.00011187497875653207,ValueError,E3_STRICT_MULTITRIP_V2: route EV_D_shenzhen_2#T1 misses C064's time window
relocate:EV_D_guangzhou_1#T1:C064->EV_D_shenzhen_2#T1@3,C064,C064:4.51895645403,REJECTED_CHARGING,False,,,[],,,,,,,,,,0.00011054199421778321,ValueError,E3_STRICT_MULTITRIP_V2: route EV_D_shenzhen_2#T1 misses C064's time window
relocate:EV_D_guangzhou_1#T1:C064->EV_D_shenzhen_2#T1@4,C064,C064:4.51895645403,REJECTED_CHARGING,False,,,[],,,,,,,,,,0.00010841700714081526,ValueError,E3_STRICT_MULTITRIP_V2: route EV_D_shenzhen_2#T1 misses C064's time window
relocate:EV_D_guangzhou_1#T1:C064->EV_D_shenzhen_2#T1@5,C064,C064:4.51895645403,REJECTED_CHARGING,False,,,[],,,,,,,,,,0.00010870798723772168,ValueError,E3_STRICT_MULTITRIP_V2: route EV_D_shenzhen_2#T1 misses C064's time window
relocate:EV_D_guangzhou_1#T1:C064->EV_D_shenzhen_2#T1@6,C064,C064:4.51895645403,REJECTED_CHARGING,False,,,[],,,,,,,,,,0.00011316599557176232,ValueError,E3_STRICT_MULTITRIP_V2: route EV_D_shenzhen_2#T1 misses C064's time window
relocate:EV_D_guangzhou_1#T1:C064->EV_D_shenzhen_2#T1@7,C064,C064:4.51895645403,REJECTED_CHARGING,False,,,[],,,,,,,,,,0.0001111250021494925,ValueError,E3_STRICT_MULTITRIP_V2: route EV_D_shenzhen_2#T1 misses C064's time window
relocate:EV_D_guangzhou_1#T1:C081->CV_D_dongguan_1#T1@0,C081,C081:1.15613569085,REJECTED_INTERFACE,False,,,[],,,,,,,,,,0.03196758302510716,ValueError,E3_STRICT_MULTITRIP_V2: route CV_D_dongguan_1#T1 misses C005's time window
relocate:EV_D_guangzhou_1#T1:C081->CV_D_dongguan_1#T1@1,C081,C081:1.15613569085,REJECTED_INTERFACE,False,,,[],,,,,,,,,,0.0012586250086314976,ValueError,E3_STRICT_MULTITRIP_V2: route CV_D_dongguan_1#T1 misses C006's time window
relocate:EV_D_guangzhou_1#T1:C081->CV_D_dongguan_1#T1@2,C081,C081:1.15613569085,REJECTED_INTERFACE,False,,,[],,,,,,,,,,0.0012710829905699939,ValueError,E3_STRICT_MULTITRIP_V2: route CV_D_dongguan_1#T1 misses C010's time window
relocate:EV_D_guangzhou_1#T1:C081->CV_D_dongguan_1#T1@3,C081,C081:1.15613569085,REJECTED_INTERFACE,False,,,[],,,,,,,,,,0.001155334000941366,ValueError,E3_STRICT_MULTITRIP_V2: route CV_D_dongguan_1#T1 misses C003's time window
relocate:EV_D_guangzhou_1#T1:C081->CV_D_dongguan_1#T1@4,C081,C081:1.15613569085,REJECTED_INTERFACE,False,,,[],,,,,,,,,,0.0011484170099720359,ValueError,E3_STRICT_MULTITRIP_V2: route CV_D_dongguan_1#T1 misses C004's time window
relocate:EV_D_guangzhou_1#T1:C081->CV_D_dongguan_1#T1@5,C081,C081:1.15613569085,REJECTED_INTERFACE,False,,,[],,,,,,,,,,0.001125750015489757,ValueError,E3_STRICT_MULTITRIP_V2: route CV_D_dongguan_1#T1 misses C081's time window
relocate:EV_D_guangzhou_1#T1:C081->CV_D_dongguan_1#T1@6,C081,C081:1.15613569085,REJECTED_INTERFACE,False,,,[],,,,,,,,,,0.001141959015512839,ValueError,E3_STRICT_MULTITRIP_V2: route CV_D_dongguan_1#T1 misses C081's time window
relocate:EV_D_guangzhou_1#T1:C081->CV_D_dongguan_1#T1@7,C081,C081:1.15613569085,REJECTED_INTERFACE,False,,,[],,,,,,,,,,0.001117708015954122,ValueError,E3_STRICT_MULTITRIP_V2: route CV_D_dongguan_1#T1 misses C081's time window
relocate:EV_D_guangzhou_1#T1:C081->CV_D_dongguan_1#T2@0,C081,C081:1.15613569085,REJECTED_INTERFACE,False,,,[],,,,,,,,,,0.0012266669946257025,ValueError,E3_STRICT_MULTITRIP_V2: CV_D_dongguan_1 has overlap or incomplete recharge
relocate:EV_D_guangzhou_1#T1:C081->CV_D_dongguan_1#T2@1,C081,C081:1.15613569085,REJECTED_INTERFACE,False,,,[],,,,,,,,,,0.0011845830013044178,ValueError,E3_STRICT_MULTITRIP_V2: route CV_D_dongguan_1#T2 misses C081's time window
relocate:EV_D_guangzhou_1#T1:C081->CV_D_dongguan_1#T2@2,C081,C081:1.15613569085,REJECTED_INTERFACE,False,,,[],,,,,,,,,,0.0011685829958878458,ValueError,E3_STRICT_MULTITRIP_V2: route CV_D_dongguan_1#T2 misses C081's time window
relocate:EV_D_guangzhou_1#T1:C081->CV_D_dongguan_1#T2@3,C081,C081:1.15613569085,REJECTED_INTERFACE,False,,,[],,,,,,,,,,0.001144583016866818,ValueError,E3_STRICT_MULTITRIP_V2: route CV_D_dongguan_1#T2 misses C081's time window
relocate:EV_D_guangzhou_1#T1:C081->CV_D_dongguan_1#T2@4,C081,C081:1.15613569085,REJECTED_INTERFACE,False,,,[],,,,,,,,,,0.001140457985457033,ValueError,E3_STRICT_MULTITRIP_V2: route CV_D_dongguan_1#T2 misses C081's time window
relocate:EV_D_guangzhou_1#T1:C081->CV_D_dongguan_1#T2@5,C081,C081:1.15613569085,REJECTED_INTERFACE,False,,,[],,,,,,,,,,0.00120133301243186,ValueError,E3_STRICT_MULTITRIP_V2: route CV_D_dongguan_1#T2 misses C081's time window
relocate:EV_D_guangzhou_1#T1:C081->CV_D_dongguan_1#T2@6,C081,C081:1.15613569085,REJECTED_INTERFACE,False,,,[],,,,,,,,,,0.0014938749955035746,ValueError,E3_STRICT_MULTITRIP_V2: route CV_D_dongguan_1#T2 misses C081's time window
relocate:EV_D_guangzhou_1#T1:C081->CV_D_dongguan_1#T2@7,C081,C081:1.15613569085,REJECTED_INTERFACE,False,,,[],,,,,,,,,,0.0013313749805092812,ValueError,E3_STRICT_MULTITRIP_V2: route CV_D_dongguan_1#T2 misses C081's time window
relocate:EV_D_guangzhou_1#T1:C081->CV_D_dongguan_2#T1@0,C081,C081:1.15613569085,REJECTED_INTERFACE,False,,,[],,,,,,,,,,0.0011942080163862556,ValueError,E3_STRICT_MULTITRIP_V2: route CV_D_dongguan_2#T1 misses C017's time window
relocate:EV_D_guangzhou_1#T1:C081->CV_D_dongguan_2#T1@1,C081,C081:1.15613569085,REJECTED_INTERFACE,False,,,[],,,,,,,,,,0.001146750000771135,ValueError,E3_STRICT_MULTITRIP_V2: route CV_D_dongguan_2#T1 misses C012's time window
relocate:EV_D_guangzhou_1#T1:C081->CV_D_dongguan_2#T1@2,C081,C081:1.15613569085,REJECTED_INTERFACE,False,,,[],,,,,,,,,,0.0011292090057395399,ValueError,E3_STRICT_MULTITRIP_V2: route CV_D_dongguan_2#T1 misses C081's time window
relocate:EV_D_guangzhou_1#T1:C081->CV_D_dongguan_2#T1@3,C081,C081:1.15613569085,REJECTED_INTERFACE,False,,,[],,,,,,,,,,0.0011250410170760006,ValueError,E3_STRICT_MULTITRIP_V2: route CV_D_dongguan_2#T1 misses C081's time window
relocate:EV_D_guangzhou_1#T1:C081->CV_D_dongguan_2#T1@4,C081,C081:1.15613569085,REJECTED_INTERFACE,False,,,[],,,,,,,,,,0.001122749992646277,ValueError,E3_STRICT_MULTITRIP_V2: route CV_D_dongguan_2#T1 misses C081's time window
relocate:EV_D_guangzhou_1#T1:C081->CV_D_dongguan_2#T1@5,C081,C081:1.15613569085,REJECTED_INTERFACE,False,,,[],,,,,,,,,,0.001130707998527214,ValueError,E3_STRICT_MULTITRIP_V2: route CV_D_dongguan_2#T1 misses C081's time window
relocate:EV_D_guangzhou_1#T1:C081->CV_D_dongguan_2#T2@0,C081,C081:1.15613569085,REJECTED_INTERFACE,False,,,[],,,,,,,,,,0.0011827079870272428,ValueError,E3_STRICT_MULTITRIP_V2: CV_D_dongguan_2 has overlap or incomplete recharge
relocate:EV_D_guangzhou_1#T1:C081->CV_D_dongguan_2#T2@1,C081,C081:1.15613569085,REJECTED_INTERFACE,False,,,[],,,,,,,,,,0.0011457499931566417,ValueError,E3_STRICT_MULTITRIP_V2: route CV_D_dongguan_2#T2 misses C081's time window
relocate:EV_D_guangzhou_1#T1:C081->CV_D_foshan_1#T1@0,C081,C081:1.15613569085,REJECTED_INTERFACE,False,,,[],,,,,,,,,,0.001157958002295345,ValueError,E3_STRICT_MULTITRIP_V2: route CV_D_foshan_1#T1 misses C030's time window
relocate:EV_D_guangzhou_1#T1:C081->CV_D_foshan_1#T1@1,C081,C081:1.15613569085,REJECTED_INTERFACE,False,,,[],,,,,,,,,,0.001148124982137233,ValueError,E3_STRICT_MULTITRIP_V2: route CV_D_foshan_1#T1 misses C031's time window
relocate:EV_D_guangzhou_1#T1:C081->CV_D_foshan_1#T1@2,C081,C081:1.15613569085,REJECTED_INTERFACE,False,,,[],,,,,,,,,,0.001143416011473164,ValueError,E3_STRICT_MULTITRIP_V2: route CV_D_foshan_1#T1 misses C041's time window
relocate:EV_D_guangzhou_1#T1:C081->CV_D_foshan_1#T1@3,C081,C081:1.15613569085,REJECTED_INTERFACE,False,,,[],,,,,,,,,,0.001415665989043191,ValueError,E3_STRICT_MULTITRIP_V2: route CV_D_foshan_1#T1 misses C039's time window
relocate:EV_D_guangzhou_1#T1:C081->CV_D_foshan_1#T1@4,C081,C081:1.15613569085,REJECTED_INTERFACE,False,,,[],,,,,,,,,,0.0012569579994305968,ValueError,E3_STRICT_MULTITRIP_V2: route CV_D_foshan_1#T1 misses C036's time window
relocate:EV_D_guangzhou_1#T1:C081->CV_D_foshan_1#T1@5,C081,C081:1.15613569085,REJECTED_INTERFACE,False,,,[],,,,,,,,,,0.0012832919892389327,ValueError,E3_STRICT_MULTITRIP_V2: route CV_D_foshan_1#T1 misses C026's time window
relocate:EV_D_guangzhou_1#T1:C081->CV_D_foshan_1#T1@6,C081,C081:1.15613569085,REJECTED_INTERFACE,False,,,[],,,,,,,,,,0.0011795409955084324,ValueError,E3_STRICT_MULTITRIP_V2: route CV_D_foshan_1#T1 misses C081's time window
relocate:EV_D_guangzhou_1#T1:C081->CV_D_foshan_1#T2@0,C081,C081:1.15613569085,REJECTED_INTERFACE,False,,,[],,,,,,,,,,0.0012343339913059026,ValueError,E3_STRICT_MULTITRIP_V2: CV_D_foshan_1 has overlap or incomplete recharge
relocate:EV_D_guangzhou_1#T1:C081->CV_D_foshan_1#T2@1,C081,C081:1.15613569085,REJECTED_INTERFACE,False,,,[],,,,,,,,,,0.0011834579927381128,ValueError,E3_STRICT_MULTITRIP_V2: route CV_D_foshan_1#T2 misses C081's time window
relocate:EV_D_guangzhou_1#T1:C081->CV_D_foshan_1#T2@2,C081,C081:1.15613569085,REJECTED_INTERFACE,False,,,[],,,,,,,,,,0.0011657499999273568,ValueError,E3_STRICT_MULTITRIP_V2: route CV_D_foshan_1#T2 misses C081's time window
relocate:EV_D_guangzhou_1#T1:C081->CV_D_foshan_1#T2@3,C081,C081:1.15613569085,REJECTED_INTERFACE,False,,,[],,,,,,,,,,0.0011635419796220958,ValueError,E3_STRICT_MULTITRIP_V2: route CV_D_foshan_1#T2 misses C081's time window
relocate:EV_D_guangzhou_1#T1:C081->CV_D_foshan_1#T2@4,C081,C081:1.15613569085,REJECTED_INTERFACE,False,,,[],,,,,,,,,,0.0011646250204648823,ValueError,E3_STRICT_MULTITRIP_V2: route CV_D_foshan_1#T2 misses C081's time window
relocate:EV_D_guangzhou_1#T1:C081->CV_D_foshan_1#T2@5,C081,C081:1.15613569085,REJECTED_INTERFACE,False,,,[],,,,,,,,,,0.0011620000004768372,ValueError,E3_STRICT_MULTITRIP_V2: route CV_D_foshan_1#T2 misses C081's time window
relocate:EV_D_guangzhou_1#T1:C081->CV_D_foshan_1#T2@6,C081,C081:1.15613569085,REJECTED_INTERFACE,False,,,[],,,,,,,,,,0.0011643749894574285,ValueError,E3_STRICT_MULTITRIP_V2: route CV_D_foshan_1#T2 misses C081's time window
relocate:EV_D_guangzhou_1#T1:C081->CV_D_foshan_2#T1@0,C081,C081:1.15613569085,EVALUATED,True,False,2,"[{""detail"": ""initial load 1806.000000 exceeds Q=1735.000000"", ""location"": ""D_foshan"", ""severity"": ""hard"", ""type"": ""CAPACITY"", ""vehicle_id"": ""CV_D_foshan_2#T1""}, {""detail"": ""profit Pi=15901.818758 below theta*Pi0=16098.687226 (theta=1.000000, Pi0=16098.687226)"", ""location"": ""D_guangzhou"", ""severity"": ""hard"", ""type"": ""PROFIT_FAIRNESS"", ""vehicle_id"": """"}]",1,6158.1831696418385,11.465609583985497,659.3449366088278,-196.86846775900085,26798.31238548407,False,0.44938236870202103,0,0.010528000013437122,,
relocate:EV_D_guangzhou_1#T1:C081->CV_D_foshan_2#T1@1,C081,C081:1.15613569085,EVALUATED,True,False,2,"[{""detail"": ""initial load 1806.000000 exceeds Q=1735.000000"", ""location"": ""D_foshan"", ""severity"": ""hard"", ""type"": ""CAPACITY"", ""vehicle_id"": ""CV_D_foshan_2#T1""}, {""detail"": ""profit Pi=15901.818758 below theta*Pi0=16098.687226 (theta=1.000000, Pi0=16098.687226)"", ""location"": ""D_guangzhou"", ""severity"": ""hard"", ""type"": ""PROFIT_FAIRNESS"", ""vehicle_id"": """"}]",1,6195.36720410638,48.64964404852708,666.5924394236058,-196.86846775900085,26835.49641994861,False,0.44938236870202103,0,0.009828167007071897,,
relocate:EV_D_guangzhou_1#T1:C081->CV_D_foshan_2#T1@2,C081,C081:1.15613569085,EVALUATED,True,False,2,"[{""detail"": ""initial load 1806.000000 exceeds Q=1735.000000"", ""location"": ""D_foshan"", ""severity"": ""hard"", ""type"": ""CAPACITY"", ""vehicle_id"": ""CV_D_foshan_2#T1""}, {""detail"": ""profit Pi=15901.818758 below theta*Pi0=16098.687226 (theta=1.000000, Pi0=16098.687226)"", ""location"": ""D_guangzhou"", ""severity"": ""hard"", ""type"": ""PROFIT_FAIRNESS"", ""vehicle_id"": """"}]",1,6194.525377390364,47.80781733251115,666.3371912625844,-196.86846775900085,26834.654593232593,False,0.44938236870202103,0,0.010349374992074445,,
relocate:EV_D_guangzhou_1#T1:C081->CV_D_foshan_2#T1@3,C081,C081:1.15613569085,EVALUATED,True,False,2,"[{""detail"": ""initial load 1806.000000 exceeds Q=1735.000000"", ""location"": ""D_foshan"", ""severity"": ""hard"", ""type"": ""CAPACITY"", ""vehicle_id"": ""CV_D_foshan_2#T1""}, {""detail"": ""profit Pi=15901.818758 below theta*Pi0=16098.687226 (theta=1.000000, Pi0=16098.687226)"", ""location"": ""D_guangzhou"", ""severity"": ""hard"", ""type"": ""PROFIT_FAIRNESS"", ""vehicle_id"": """"}]",1,6191.234820556111,44.51726049825811,665.6286746721205,-196.86846775900085,26831.364036398347,False,0.44938236870202103,0,0.010367832990596071,,
relocate:EV_D_guangzhou_1#T1:C081->CV_D_foshan_2#T1@4,C081,C081:1.15613569085,REJECTED_INTERFACE,False,,,[],,,,,,,,,,0.0012662920053116977,ValueError,E3_STRICT_MULTITRIP_V2: route CV_D_foshan_2#T1 misses C081's time window
relocate:EV_D_guangzhou_1#T1:C081->CV_D_foshan_2#T1@5,C081,C081:1.15613569085,REJECTED_INTERFACE,False,,,[],,,,,,,,,,0.00120058300672099,ValueError,E3_STRICT_MULTITRIP_V2: route CV_D_foshan_2#T1 misses C081's time window
relocate:EV_D_guangzhou_1#T1:C081->CV_D_foshan_2#T1@6,C081,C081:1.15613569085,REJECTED_INTERFACE,False,,,[],,,,,,,,,,0.001185041997814551,ValueError,E3_STRICT_MULTITRIP_V2: route CV_D_foshan_2#T1 misses C081's time window
relocate:EV_D_guangzhou_1#T1:C081->CV_D_foshan_2#T1@7,C081,C081:1.15613569085,REJECTED_INTERFACE,False,,,[],,,,,,,,,,0.0011668750084936619,ValueError,E3_STRICT_MULTITRIP_V2: route CV_D_foshan_2#T1 misses C081's time window
relocate:EV_D_guangzhou_1#T1:C081->CV_D_foshan_2#T2@0,C081,C081:1.15613569085,REJECTED_INTERFACE,False,,,[],,,,,,,,,,0.001230208988999948,ValueError,E3_STRICT_MULTITRIP_V2: CV_D_foshan_2 has overlap or incomplete recharge
relocate:EV_D_guangzhou_1#T1:C081->CV_D_foshan_2#T2@1,C081,C081:1.15613569085,REJECTED_INTERFACE,False,,,[],,,,,,,,,,0.0012005409807898104,ValueError,E3_STRICT_MULTITRIP_V2: route CV_D_foshan_2#T2 misses C081's time window
relocate:EV_D_guangzhou_1#T1:C081->CV_D_foshan_2#T2@2,C081,C081:1.15613569085,REJECTED_INTERFACE,False,,,[],,,,,,,,,,0.0011689579987432808,ValueError,E3_STRICT_MULTITRIP_V2: route CV_D_foshan_2#T2 misses C081's time window
relocate:EV_D_guangzhou_1#T1:C081->CV_D_shenzhen_1#T1@0,C081,C081:1.15613569085,REJECTED_INTERFACE,False,,,[],,,,,,,,,,0.0012414579978212714,ValueError,E3_STRICT_MULTITRIP_V2: route CV_D_shenzhen_1#T1 misses C093's time window
relocate:EV_D_guangzhou_1#T1:C081->CV_D_shenzhen_1#T1@1,C081,C081:1.15613569085,REJECTED_INTERFACE,False,,,[],,,,,,,,,,0.0012323750124778599,ValueError,E3_STRICT_MULTITRIP_V2: route CV_D_shenzhen_1#T1 misses C122's time window
relocate:EV_D_guangzhou_1#T1:C081->CV_D_shenzhen_1#T1@2,C081,C081:1.15613569085,REJECTED_INTERFACE,False,,,[],,,,,,,,,,0.0012599170149769634,ValueError,E3_STRICT_MULTITRIP_V2: route CV_D_shenzhen_1#T1 misses C081's time window
relocate:EV_D_guangzhou_1#T1:C081->CV_D_shenzhen_1#T1@3,C081,C081:1.15613569085,REJECTED_INTERFACE,False,,,[],,,,,,,,,,0.001416999992216006,ValueError,E3_STRICT_MULTITRIP_V2: route CV_D_shenzhen_1#T1 misses C081's time window
relocate:EV_D_guangzhou_1#T1:C081->CV_D_shenzhen_1#T1@4,C081,C081:1.15613569085,REJECTED_INTERFACE,False,,,[],,,,,,,,,,0.001393167010974139,ValueError,E3_STRICT_MULTITRIP_V2: route CV_D_shenzhen_1#T1 misses C081's time window
relocate:EV_D_guangzhou_1#T1:C081->CV_D_shenzhen_1#T1@5,C081,C081:1.15613569085,REJECTED_INTERFACE,False,,,[],,,,,,,,,,0.00123929200344719,ValueError,E3_STRICT_MULTITRIP_V2: route CV_D_shenzhen_1#T1 misses C081's time window
relocate:EV_D_guangzhou_1#T1:C081->CV_D_shenzhen_1#T1@6,C081,C081:1.15613569085,REJECTED_INTERFACE,False,,,[],,,,,,,,,,0.0012340000248514116,ValueError,E3_STRICT_MULTITRIP_V2: route CV_D_shenzhen_1#T1 misses C081's time window
relocate:EV_D_guangzhou_1#T1:C081->CV_D_shenzhen_1#T1@7,C081,C081:1.15613569085,REJECTED_INTERFACE,False,,,[],,,,,,,,,,0.001224084000568837,ValueError,E3_STRICT_MULTITRIP_V2: route CV_D_shenzhen_1#T1 misses C081's time window
relocate:EV_D_guangzhou_1#T1:C081->CV_D_shenzhen_1#T2@0,C081,C081:1.15613569085,REJECTED_INTERFACE,False,,,[],,,,,,,,,,0.001293209003051743,ValueError,E3_STRICT_MULTITRIP_V2: CV_D_shenzhen_1 has overlap or incomplete recharge
relocate:EV_D_guangzhou_1#T1:C081->CV_D_shenzhen_1#T2@1,C081,C081:1.15613569085,REJECTED_INTERFACE,False,,,[],,,,,,,,,,0.001240084005985409,ValueError,E3_STRICT_MULTITRIP_V2: route CV_D_shenzhen_1#T2 misses C081's time window
relocate:EV_D_guangzhou_1#T1:C081->CV_D_shenzhen_1#T2@2,C081,C081:1.15613569085,REJECTED_INTERFACE,False,,,[],,,,,,,,,,0.0012497080024331808,ValueError,E3_STRICT_MULTITRIP_V2: route CV_D_shenzhen_1#T2 misses C081's time window
relocate:EV_D_guangzhou_1#T1:C081->CV_D_shenzhen_1#T2@3,C081,C081:1.15613569085,REJECTED_INTERFACE,False,,,[],,,,,,,,,,0.0012824999867007136,ValueError,E3_STRICT_MULTITRIP_V2: route CV_D_shenzhen_1#T2 misses C081's time window
relocate:EV_D_guangzhou_1#T1:C081->CV_D_shenzhen_1#T2@4,C081,C081:1.15613569085,REJECTED_INTERFACE,False,,,[],,,,,,,,,,0.0012457080010790378,ValueError,E3_STRICT_MULTITRIP_V2: route CV_D_shenzhen_1#T2 misses C081's time window
relocate:EV_D_guangzhou_1#T1:C081->CV_D_shenzhen_1#T2@5,C081,C081:1.15613569085,REJECTED_INTERFACE,False,,,[],,,,,,,,,,0.0012692919990513474,ValueError,E3_STRICT_MULTITRIP_V2: route CV_D_shenzhen_1#T2 misses C081's time window
relocate:EV_D_guangzhou_1#T1:C081->CV_D_shenzhen_2#T1@0,C081,C081:1.15613569085,REJECTED_INTERFACE,False,,,[],,,,,,,,,,0.001231667003594339,ValueError,E3_STRICT_MULTITRIP_V2: route CV_D_shenzhen_2#T1 misses C108's time window
relocate:EV_D_guangzhou_1#T1:C081->CV_D_shenzhen_2#T1@1,C081,C081:1.15613569085,REJECTED_INTERFACE,False,,,[],,,,,,,,,,0.001532917027361691,ValueError,E3_STRICT_MULTITRIP_V2: route CV_D_shenzhen_2#T1 misses C081's time window
relocate:EV_D_guangzhou_1#T1:C081->CV_D_shenzhen_2#T1@2,C081,C081:1.15613569085,REJECTED_INTERFACE,False,,,[],,,,,,,,,,0.0014767499815206975,ValueError,E3_STRICT_MULTITRIP_V2: route CV_D_shenzhen_2#T1 misses C081's time window
relocate:EV_D_guangzhou_1#T1:C081->CV_D_shenzhen_2#T1@3,C081,C081:1.15613569085,REJECTED_INTERFACE,False,,,[],,,,,,,,,,0.001412792014889419,ValueError,E3_STRICT_MULTITRIP_V2: route CV_D_shenzhen_2#T1 misses C081's time window
relocate:EV_D_guangzhou_1#T1:C081->CV_D_shenzhen_2#T1@4,C081,C081:1.15613569085,REJECTED_INTERFACE,False,,,[],,,,,,,,,,0.0012697499769274145,ValueError,E3_STRICT_MULTITRIP_V2: route CV_D_shenzhen_2#T1 misses C081's time window
relocate:EV_D_guangzhou_1#T1:C081->CV_D_shenzhen_2#T1@5,C081,C081:1.15613569085,REJECTED_INTERFACE,False,,,[],,,,,,,,,,0.0012445829925127327,ValueError,E3_STRICT_MULTITRIP_V2: route CV_D_shenzhen_2#T1 misses C081's time window
relocate:EV_D_guangzhou_1#T1:C081->CV_D_shenzhen_2#T1@6,C081,C081:1.15613569085,REJECTED_INTERFACE,False,,,[],,,,,,,,,,0.0012337919906713068,ValueError,E3_STRICT_MULTITRIP_V2: route CV_D_shenzhen_2#T1 misses C081's time window
relocate:EV_D_guangzhou_1#T1:C081->CV_D_shenzhen_2#T2@0,C081,C081:1.15613569085,REJECTED_INTERFACE,False,,,[],,,,,,,,,,0.0013244999863673002,ValueError,E3_STRICT_MULTITRIP_V2: CV_D_shenzhen_2 has overlap or incomplete recharge
relocate:EV_D_guangzhou_1#T1:C081->CV_D_shenzhen_2#T2@1,C081,C081:1.15613569085,REJECTED_INTERFACE,False,,,[],,,,,,,,,,0.0012557499867398292,ValueError,E3_STRICT_MULTITRIP_V2: route CV_D_shenzhen_2#T2 misses C081's time window
relocate:EV_D_guangzhou_1#T1:C081->CV_D_shenzhen_2#T2@2,C081,C081:1.15613569085,REJECTED_INTERFACE,False,,,[],,,,,,,,,,0.0012763749982696027,ValueError,E3_STRICT_MULTITRIP_V2: route CV_D_shenzhen_2#T2 misses C081's time window
relocate:EV_D_guangzhou_1#T1:C081->CV_D_shenzhen_2#T2@3,C081,C081:1.15613569085,REJECTED_INTERFACE,False,,,[],,,,,,,,,,0.0012955839920323342,ValueError,E3_STRICT_MULTITRIP_V2: route CV_D_shenzhen_2#T2 misses C081's time window
relocate:EV_D_guangzhou_1#T1:C081->CV_D_shenzhen_2#T2@4,C081,C081:1.15613569085,REJECTED_INTERFACE,False,,,[],,,,,,,,,,0.001270833017770201,ValueError,E3_STRICT_MULTITRIP_V2: route CV_D_shenzhen_2#T2 misses C081's time window
relocate:EV_D_guangzhou_1#T1:C081->CV_D_shenzhen_2#T2@5,C081,C081:1.15613569085,REJECTED_INTERFACE,False,,,[],,,,,,,,,,0.0012770829780492932,ValueError,E3_STRICT_MULTITRIP_V2: route CV_D_shenzhen_2#T2 misses C081's time window
relocate:EV_D_guangzhou_1#T1:C081->CV_D_shenzhen_2#T2@6,C081,C081:1.15613569085,REJECTED_INTERFACE,False,,,[],,,,,,,,,,0.0012559170136228204,ValueError,E3_STRICT_MULTITRIP_V2: route CV_D_shenzhen_2#T2 misses C081's time window
relocate:EV_D_guangzhou_1#T1:C081->CV_D_shenzhen_3#T1@0,C081,C081:1.15613569085,REJECTED_INTERFACE,False,,,[],,,,,,,,,,0.0015697920171078295,ValueError,E3_STRICT_MULTITRIP_V2: route CV_D_shenzhen_3#T1 misses C110's time window
relocate:EV_D_guangzhou_1#T1:C081->CV_D_shenzhen_3#T1@1,C081,C081:1.15613569085,REJECTED_INTERFACE,False,,,[],,,,,,,,,,0.0014616659900639206,ValueError,E3_STRICT_MULTITRIP_V2: route CV_D_shenzhen_3#T1 misses C081's time window
relocate:EV_D_guangzhou_1#T1:C081->CV_D_shenzhen_3#T1@2,C081,C081:1.15613569085,REJECTED_INTERFACE,False,,,[],,,,,,,,,,0.001290707994485274,ValueError,E3_STRICT_MULTITRIP_V2: route CV_D_shenzhen_3#T1 misses C081's time window
relocate:EV_D_guangzhou_1#T1:C081->CV_D_shenzhen_3#T1@3,C081,C081:1.15613569085,REJECTED_INTERFACE,False,,,[],,,,,,,,,,0.0012626669777091593,ValueError,E3_STRICT_MULTITRIP_V2: route CV_D_shenzhen_3#T1 misses C081's time window
relocate:EV_D_guangzhou_1#T1:C081->CV_D_shenzhen_3#T1@4,C081,C081:1.15613569085,REJECTED_INTERFACE,False,,,[],,,,,,,,,,0.0012560829927679151,ValueError,E3_STRICT_MULTITRIP_V2: route CV_D_shenzhen_3#T1 misses C081's time window
relocate:EV_D_guangzhou_1#T1:C081->CV_D_shenzhen_3#T1@5,C081,C081:1.15613569085,REJECTED_INTERFACE,False,,,[],,,,,,,,,,0.001241582998773083,ValueError,E3_STRICT_MULTITRIP_V2: route CV_D_shenzhen_3#T1 misses C081's time window
relocate:EV_D_guangzhou_1#T1:C081->CV_D_shenzhen_3#T1@6,C081,C081:1.15613569085,REJECTED_INTERFACE,False,,,[],,,,,,,,,,0.0012385410082060844,ValueError,E3_STRICT_MULTITRIP_V2: route CV_D_shenzhen_3#T1 misses C081's time window
relocate:EV_D_guangzhou_1#T1:C081->CV_D_shenzhen_3#T1@7,C081,C081:1.15613569085,REJECTED_INTERFACE,False,,,[],,,,,,,,,,0.0012405839806888252,ValueError,E3_STRICT_MULTITRIP_V2: route CV_D_shenzhen_3#T1 misses C081's time window
relocate:EV_D_guangzhou_1#T1:C081->CV_D_shenzhen_4#T1@0,C081,C081:1.15613569085,REJECTED_INTERFACE,False,,,[],,,,,,,,,,0.0012533749977592379,ValueError,E3_STRICT_MULTITRIP_V2: route CV_D_shenzhen_4#T1 misses C096's time window
relocate:EV_D_guangzhou_1#T1:C081->CV_D_shenzhen_4#T1@1,C081,C081:1.15613569085,REJECTED_INTERFACE,False,,,[],,,,,,,,,,0.0012514170084614307,ValueError,E3_STRICT_MULTITRIP_V2: route CV_D_shenzhen_4#T1 misses C081's time window
relocate:EV_D_guangzhou_1#T1:C081->CV_D_shenzhen_4#T1@2,C081,C081:1.15613569085,REJECTED_INTERFACE,False,,,[],,,,,,,,,,0.0012433750089257956,ValueError,E3_STRICT_MULTITRIP_V2: route CV_D_shenzhen_4#T1 misses C081's time window
relocate:EV_D_guangzhou_1#T1:C081->CV_D_shenzhen_4#T1@3,C081,C081:1.15613569085,REJECTED_INTERFACE,False,,,[],,,,,,,,,,0.001256291987374425,ValueError,E3_STRICT_MULTITRIP_V2: route CV_D_shenzhen_4#T1 misses C081's time window
relocate:EV_D_guangzhou_1#T1:C081->CV_D_shenzhen_4#T1@4,C081,C081:1.15613569085,REJECTED_INTERFACE,False,,,[],,,,,,,,,,0.0014386249822564423,ValueError,E3_STRICT_MULTITRIP_V2: route CV_D_shenzhen_4#T1 misses C081's time window
relocate:EV_D_guangzhou_1#T1:C081->CV_D_shenzhen_4#T1@5,C081,C081:1.15613569085,REJECTED_INTERFACE,False,,,[],,,,,,,,,,0.0014466250140685588,ValueError,E3_STRICT_MULTITRIP_V2: route CV_D_shenzhen_4#T1 misses C081's time window
relocate:EV_D_guangzhou_1#T1:C081->CV_D_shenzhen_4#T1@6,C081,C081:1.15613569085,REJECTED_INTERFACE,False,,,[],,,,,,,,,,0.0014055419887881726,ValueError,E3_STRICT_MULTITRIP_V2: route CV_D_shenzhen_4#T1 misses C081's time window
relocate:EV_D_guangzhou_1#T1:C081->CV_D_shenzhen_5#T1@0,C081,C081:1.15613569085,REJECTED_INTERFACE,False,,,[],,,,,,,,,,0.001276666997000575,ValueError,E3_STRICT_MULTITRIP_V2: route CV_D_shenzhen_5#T1 misses C092's time window
relocate:EV_D_guangzhou_1#T1:C081->CV_D_shenzhen_5#T1@1,C081,C081:1.15613569085,REJECTED_INTERFACE,False,,,[],,,,,,,,,,0.0012624170049093664,ValueError,E3_STRICT_MULTITRIP_V2: route CV_D_shenzhen_5#T1 misses C081's time window
relocate:EV_D_guangzhou_1#T1:C081->CV_D_shenzhen_5#T1@2,C081,C081:1.15613569085,REJECTED_INTERFACE,False,,,[],,,,,,,,,,0.001260416000150144,ValueError,E3_STRICT_MULTITRIP_V2: route CV_D_shenzhen_5#T1 misses C081's time window
relocate:EV_D_guangzhou_1#T1:C081->CV_D_shenzhen_5#T1@3,C081,C081:1.15613569085,REJECTED_INTERFACE,False,,,[],,,,,,,,,,0.0012629579869098961,ValueError,E3_STRICT_MULTITRIP_V2: route CV_D_shenzhen_5#T1 misses C081's time window
relocate:EV_D_guangzhou_1#T1:C081->CV_D_shenzhen_5#T1@4,C081,C081:1.15613569085,REJECTED_INTERFACE,False,,,[],,,,,,,,,,0.0012648339907173067,ValueError,E3_STRICT_MULTITRIP_V2: route CV_D_shenzhen_5#T1 misses C081's time window
relocate:EV_D_guangzhou_1#T1:C081->CV_D_shenzhen_5#T1@5,C081,C081:1.15613569085,REJECTED_INTERFACE,False,,,[],,,,,,,,,,0.001256417017430067,ValueError,E3_STRICT_MULTITRIP_V2: route CV_D_shenzhen_5#T1 misses C081's time window
relocate:EV_D_guangzhou_1#T1:C081->EV_D_shenzhen_1#T1@0,C081,C081:1.15613569085,REJECTED_CHARGING,False,,,[],,,,,,,,,,0.00013133400352671742,ValueError,E3_STRICT_MULTITRIP_V2: route EV_D_shenzhen_1#T1 misses C141's time window
relocate:EV_D_guangzhou_1#T1:C081->EV_D_shenzhen_1#T1@1,C081,C081:1.15613569085,REJECTED_CHARGING,False,,,[],,,,,,,,,,0.00011245798668824136,ValueError,E3_STRICT_MULTITRIP_V2: route EV_D_shenzhen_1#T1 misses C138's time window
relocate:EV_D_guangzhou_1#T1:C081->EV_D_shenzhen_1#T1@2,C081,C081:1.15613569085,REJECTED_CHARGING,False,,,[],,,,,,,,,,0.00011095800437033176,ValueError,E3_STRICT_MULTITRIP_V2: route EV_D_shenzhen_1#T1 misses C081's time window
relocate:EV_D_guangzhou_1#T1:C081->EV_D_shenzhen_1#T1@3,C081,C081:1.15613569085,REJECTED_CHARGING,False,,,[],,,,,,,,,,0.00010729100904427469,ValueError,E3_STRICT_MULTITRIP_V2: route EV_D_shenzhen_1#T1 misses C081's time window
relocate:EV_D_guangzhou_1#T1:C081->EV_D_shenzhen_1#T1@4,C081,C081:1.15613569085,REJECTED_CHARGING,False,,,[],,,,,,,,,,0.00010991701856255531,ValueError,E3_STRICT_MULTITRIP_V2: route EV_D_shenzhen_1#T1 misses C081's time window
relocate:EV_D_guangzhou_1#T1:C081->EV_D_shenzhen_1#T1@5,C081,C081:1.15613569085,REJECTED_CHARGING,False,,,[],,,,,,,,,,0.00011195801198482513,ValueError,E3_STRICT_MULTITRIP_V2: route EV_D_shenzhen_1#T1 misses C081's time window
relocate:EV_D_guangzhou_1#T1:C081->EV_D_shenzhen_1#T1@6,C081,C081:1.15613569085,REJECTED_CHARGING,False,,,[],,,,,,,,,,0.0001141660031862557,ValueError,E3_STRICT_MULTITRIP_V2: route EV_D_shenzhen_1#T1 misses C081's time window
relocate:EV_D_guangzhou_1#T1:C081->EV_D_shenzhen_1#T1@7,C081,C081:1.15613569085,REJECTED_CHARGING,False,,,[],,,,,,,,,,0.00011537500540725887,ValueError,E3_STRICT_MULTITRIP_V2: route EV_D_shenzhen_1#T1 misses C081's time window
relocate:EV_D_guangzhou_1#T1:C081->EV_D_shenzhen_1#T1@8,C081,C081:1.15613569085,REJECTED_CHARGING,False,,,[],,,,,,,,,,0.00011658298899419606,ValueError,E3_STRICT_MULTITRIP_V2: route EV_D_shenzhen_1#T1 misses C081's time window
relocate:EV_D_guangzhou_1#T1:C081->EV_D_shenzhen_1#T2@0,C081,C081:1.15613569085,REJECTED_CHARGING,False,,,[],,,,,,,,,,0.036822124995524064,ValueError,No feasible charging insert between C146 and C117
relocate:EV_D_guangzhou_1#T1:C081->EV_D_shenzhen_1#T2@1,C081,C081:1.15613569085,REJECTED_CHARGING,False,,,[],,,,,,,,,,0.02778137498535216,ValueError,E3_STRICT_MULTITRIP_V2: route EV_D_shenzhen_1#T2 misses C081's time window
relocate:EV_D_guangzhou_1#T1:C081->EV_D_shenzhen_1#T2@2,C081,C081:1.15613569085,REJECTED_CHARGING,False,,,[],,,,,,,,,,0.031875207991106436,ValueError,E3_STRICT_MULTITRIP_V2: route EV_D_shenzhen_1#T2 misses C081's time window
relocate:EV_D_guangzhou_1#T1:C081->EV_D_shenzhen_2#T1@0,C081,C081:1.15613569085,REJECTED_CHARGING,False,,,[],,,,,,,,,,0.00013658299576491117,ValueError,E3_STRICT_MULTITRIP_V2: route EV_D_shenzhen_2#T1 misses C149's time window
relocate:EV_D_guangzhou_1#T1:C081->EV_D_shenzhen_2#T1@1,C081,C081:1.15613569085,REJECTED_CHARGING,False,,,[],,,,,,,,,,0.00010325000039301813,ValueError,E3_STRICT_MULTITRIP_V2: route EV_D_shenzhen_2#T1 misses C081's time window
relocate:EV_D_guangzhou_1#T1:C081->EV_D_shenzhen_2#T1@2,C081,C081:1.15613569085,REJECTED_CHARGING,False,,,[],,,,,,,,,,0.00010304199531674385,ValueError,E3_STRICT_MULTITRIP_V2: route EV_D_shenzhen_2#T1 misses C081's time window
relocate:EV_D_guangzhou_1#T1:C081->EV_D_shenzhen_2#T1@3,C081,C081:1.15613569085,REJECTED_CHARGING,False,,,[],,,,,,,,,,0.00010412500705569983,ValueError,E3_STRICT_MULTITRIP_V2: route EV_D_shenzhen_2#T1 misses C081's time window
relocate:EV_D_guangzhou_1#T1:C081->EV_D_shenzhen_2#T1@4,C081,C081:1.15613569085,REJECTED_CHARGING,False,,,[],,,,,,,,,,0.00010237499373033643,ValueError,E3_STRICT_MULTITRIP_V2: route EV_D_shenzhen_2#T1 misses C081's time window
relocate:EV_D_guangzhou_1#T1:C081->EV_D_shenzhen_2#T1@5,C081,C081:1.15613569085,REJECTED_CHARGING,False,,,[],,,,,,,,,,0.00010520897922106087,ValueError,E3_STRICT_MULTITRIP_V2: route EV_D_shenzhen_2#T1 misses C081's time window
relocate:EV_D_guangzhou_1#T1:C081->EV_D_shenzhen_2#T1@6,C081,C081:1.15613569085,REJECTED_CHARGING,False,,,[],,,,,,,,,,0.00010641699191182852,ValueError,E3_STRICT_MULTITRIP_V2: route EV_D_shenzhen_2#T1 misses C081's time window
relocate:EV_D_guangzhou_1#T1:C081->EV_D_shenzhen_2#T1@7,C081,C081:1.15613569085,REJECTED_CHARGING,False,,,[],,,,,,,,,,0.0001102499954868108,ValueError,E3_STRICT_MULTITRIP_V2: route EV_D_shenzhen_2#T1 misses C081's time window
swap:CV_D_dongguan_1#T1:C002<->CV_D_guangzhou_2#T1:C069,C069,C069:1.03288723259,REJECTED_INTERFACE,False,,,[],,,,,,,,,,0.001233540999237448,ValueError,E3_STRICT_MULTITRIP_V2: route CV_D_dongguan_1#T1 misses C069's time window
swap:CV_D_dongguan_1#T1:C002<->CV_D_guangzhou_3#T1:C089,C089,C089:2.65628788961,REJECTED_INTERFACE,False,,,[],,,,,,,,,,0.001161541003966704,ValueError,E3_STRICT_MULTITRIP_V2: route CV_D_dongguan_1#T1 misses C011's time window
swap:CV_D_dongguan_1#T1:C002<->CV_D_guangzhou_3#T2:C043,C043,C043:5.609774712,REJECTED_INTERFACE,False,,,[],,,,,,,,,,0.0011451249883975834,ValueError,E3_STRICT_MULTITRIP_V2: route CV_D_dongguan_1#T1 misses C011's time window
swap:CV_D_dongguan_1#T1:C002<->EV_D_guangzhou_1#T1:C064,C064,C064:4.51895645403,REJECTED_CHARGING,False,,,[],,,,,,,,,,0.00012145898654125631,ValueError,E3_STRICT_MULTITRIP_V2: route EV_D_guangzhou_1#T1 misses C002's time window
swap:CV_D_dongguan_1#T1:C002<->EV_D_guangzhou_1#T1:C081,C081,C081:1.15613569085,REJECTED_CHARGING,False,,,[],,,,,,,,,,0.00010649999603629112,ValueError,E3_STRICT_MULTITRIP_V2: route EV_D_guangzhou_1#T1 misses C068's time window
swap:CV_D_dongguan_1#T1:C003<->CV_D_guangzhou_2#T1:C069,C069,C069:1.03288723259,REJECTED_INTERFACE,False,,,[],,,,,,,,,,0.0011119580012746155,ValueError,E3_STRICT_MULTITRIP_V2: route CV_D_dongguan_1#T1 misses C069's time window
swap:CV_D_dongguan_1#T1:C003<->CV_D_guangzhou_3#T1:C089,C089,C089:2.65628788961,REJECTED_INTERFACE,False,,,[],,,,,,,,,,0.0011227079958189279,ValueError,E3_STRICT_MULTITRIP_V2: route CV_D_dongguan_1#T1 misses C004's time window
swap:CV_D_dongguan_1#T1:C003<->CV_D_guangzhou_3#T2:C043,C043,C043:5.609774712,REJECTED_INTERFACE,False,,,[],,,,,,,,,,0.001516541000455618,ValueError,E3_STRICT_MULTITRIP_V2: route CV_D_dongguan_1#T1 misses C004's time window
swap:CV_D_dongguan_1#T1:C003<->EV_D_guangzhou_1#T1:C064,C064,C064:4.51895645403,REJECTED_CHARGING,False,,,[],,,,,,,,,,0.000144041987368837,ValueError,E3_STRICT_MULTITRIP_V2: route EV_D_guangzhou_1#T1 misses C003's time window
swap:CV_D_dongguan_1#T1:C003<->EV_D_guangzhou_1#T1:C081,C081,C081:1.15613569085,REJECTED_CHARGING,False,,,[],,,,,,,,,,0.00011154101230204105,ValueError,E3_STRICT_MULTITRIP_V2: route EV_D_guangzhou_1#T1 misses C086's time window
swap:CV_D_dongguan_1#T1:C004<->CV_D_guangzhou_2#T1:C069,C069,C069:1.03288723259,REJECTED_INTERFACE,False,,,[],,,,,,,,,,0.001235290983458981,ValueError,E3_STRICT_MULTITRIP_V2: route CV_D_dongguan_1#T1 misses C069's time window
swap:CV_D_dongguan_1#T1:C004<->CV_D_guangzhou_3#T1:C089,C089,C089:2.65628788961,REJECTED_INTERFACE,False,,,[],,,,,,,,,,0.001243709004484117,ValueError,E3_STRICT_MULTITRIP_V2: route CV_D_dongguan_1#T1 misses C002's time window
swap:CV_D_dongguan_1#T1:C004<->CV_D_guangzhou_3#T2:C043,C043,C043:5.609774712,REJECTED_INTERFACE,False,,,[],,,,,,,,,,0.001142374996561557,ValueError,E3_STRICT_MULTITRIP_V2: route CV_D_dongguan_1#T1 misses C002's time window
swap:CV_D_dongguan_1#T1:C004<->EV_D_guangzhou_1#T1:C064,C064,C064:4.51895645403,REJECTED_CHARGING,False,,,[],,,,,,,,,,0.00013475000741891563,ValueError,E3_STRICT_MULTITRIP_V2: route EV_D_guangzhou_1#T1 misses C004's time window
swap:CV_D_dongguan_1#T1:C004<->EV_D_guangzhou_1#T1:C081,C081,C081:1.15613569085,REJECTED_CHARGING,False,,,[],,,,,,,,,,0.00011249998351559043,ValueError,E3_STRICT_MULTITRIP_V2: route EV_D_guangzhou_1#T1 misses C064's time window
swap:CV_D_dongguan_1#T1:C005<->CV_D_guangzhou_2#T1:C069,C069,C069:1.03288723259,REJECTED_INTERFACE,False,,,[],,,,,,,,,,0.001123082998674363,ValueError,E3_STRICT_MULTITRIP_V2: route CV_D_dongguan_1#T1 misses C006's time window
swap:CV_D_dongguan_1#T1:C005<->CV_D_guangzhou_3#T1:C089,C089,C089:2.65628788961,REJECTED_INTERFACE,False,,,[],,,,,,,,,,0.001137582992669195,ValueError,E3_STRICT_MULTITRIP_V2: route CV_D_dongguan_1#T1 misses C006's time window
swap:CV_D_dongguan_1#T1:C005<->CV_D_guangzhou_3#T2:C043,C043,C043:5.609774712,REJECTED_INTERFACE,False,,,[],,,,,,,,,,0.0011095000081695616,ValueError,E3_STRICT_MULTITRIP_V2: route CV_D_dongguan_1#T1 misses C006's time window
swap:CV_D_dongguan_1#T1:C005<->EV_D_guangzhou_1#T1:C064,C064,C064:4.51895645403,REJECTED_CHARGING,False,,,[],,,,,,,,,,0.00011783299851231277,ValueError,E3_STRICT_MULTITRIP_V2: route EV_D_guangzhou_1#T1 misses C005's time window
swap:CV_D_dongguan_1#T1:C005<->EV_D_guangzhou_1#T1:C081,C081,C081:1.15613569085,REJECTED_INTERFACE,False,,,[],,,,,,,,,,0.026399875001516193,ValueError,E3_STRICT_MULTITRIP_V2: route CV_D_dongguan_1#T1 misses C006's time window
swap:CV_D_dongguan_1#T1:C006<->CV_D_guangzhou_2#T1:C069,C069,C069:1.03288723259,REJECTED_INTERFACE,False,,,[],,,,,,,,,,0.0013123340031597763,ValueError,E3_STRICT_MULTITRIP_V2: route CV_D_dongguan_1#T1 misses C010's time window
swap:CV_D_dongguan_1#T1:C006<->CV_D_guangzhou_3#T1:C089,C089,C089:2.65628788961,REJECTED_INTERFACE,False,,,[],,,,,,,,,,0.0014407499984372407,ValueError,E3_STRICT_MULTITRIP_V2: route CV_D_dongguan_1#T1 misses C010's time window
swap:CV_D_dongguan_1#T1:C006<->CV_D_guangzhou_3#T2:C043,C043,C043:5.609774712,REJECTED_INTERFACE,False,,,[],,,,,,,,,,0.0013528749987017363,ValueError,E3_STRICT_MULTITRIP_V2: route CV_D_dongguan_1#T1 misses C010's time window
swap:CV_D_dongguan_1#T1:C006<->EV_D_guangzhou_1#T1:C064,C064,C064:4.51895645403,REJECTED_CHARGING,False,,,[],,,,,,,,,,0.00016274998779408634,ValueError,E3_STRICT_MULTITRIP_V2: route EV_D_guangzhou_1#T1 misses C006's time window
swap:CV_D_dongguan_1#T1:C006<->EV_D_guangzhou_1#T1:C081,C081,C081:1.15613569085,REJECTED_INTERFACE,False,,,[],,,,,,,,,,0.02729387499857694,ValueError,E3_STRICT_MULTITRIP_V2: route CV_D_dongguan_1#T1 misses C010's time window
swap:CV_D_dongguan_1#T1:C010<->CV_D_guangzhou_2#T1:C069,C069,C069:1.03288723259,REJECTED_INTERFACE,False,,,[],,,,,,,,,,0.001339250011369586,ValueError,E3_STRICT_MULTITRIP_V2: route CV_D_dongguan_1#T1 misses C003's time window
swap:CV_D_dongguan_1#T1:C010<->CV_D_guangzhou_3#T1:C089,C089,C089:2.65628788961,REJECTED_INTERFACE,False,,,[],,,,,,,,,,0.0012750419846270233,ValueError,E3_STRICT_MULTITRIP_V2: route CV_D_dongguan_1#T1 misses C003's time window
swap:CV_D_dongguan_1#T1:C010<->CV_D_guangzhou_3#T2:C043,C043,C043:5.609774712,REJECTED_INTERFACE,False,,,[],,,,,,,,,,0.0012011249782517552,ValueError,E3_STRICT_MULTITRIP_V2: route CV_D_dongguan_1#T1 misses C003's time window
swap:CV_D_dongguan_1#T1:C010<->EV_D_guangzhou_1#T1:C064,C064,C064:4.51895645403,REJECTED_CHARGING,False,,,[],,,,,,,,,,0.00014391701552085578,ValueError,E3_STRICT_MULTITRIP_V2: route EV_D_guangzhou_1#T1 misses C010's time window
swap:CV_D_dongguan_1#T1:C010<->EV_D_guangzhou_1#T1:C081,C081,C081:1.15613569085,REJECTED_INTERFACE,False,,,[],,,,,,,,,,0.027074582991190255,ValueError,E3_STRICT_MULTITRIP_V2: route CV_D_dongguan_1#T1 misses C003's time window
swap:CV_D_dongguan_1#T1:C011<->CV_D_guangzhou_2#T1:C069,C069,C069:1.03288723259,REJECTED_INTERFACE,False,,,[],,,,,,,,,,0.0014819999923929572,ValueError,E3_STRICT_MULTITRIP_V2: route CV_D_dongguan_1#T1 misses C069's time window
swap:CV_D_dongguan_1#T1:C011<->CV_D_guangzhou_3#T1:C089,C089,C089:2.65628788961,REJECTED_INTERFACE,False,,,[],,,,,,,,,,0.0015461670118384063,ValueError,E3_STRICT_MULTITRIP_V2: CV_D_dongguan_1 has overlap or incomplete recharge
swap:CV_D_dongguan_1#T1:C011<->CV_D_guangzhou_3#T2:C043,C043,C043:5.609774712,REJECTED_INTERFACE,False,,,[],,,,,,,,,,0.0014551250205840915,ValueError,E3_STRICT_MULTITRIP_V2: CV_D_dongguan_1 has overlap or incomplete recharge
swap:CV_D_dongguan_1#T1:C011<->EV_D_guangzhou_1#T1:C064,C064,C064:4.51895645403,REJECTED_CHARGING,False,,,[],,,,,,,,,,0.00017025001579895616,ValueError,E3_STRICT_MULTITRIP_V2: route EV_D_guangzhou_1#T1 misses C011's time window
swap:CV_D_dongguan_1#T1:C011<->EV_D_guangzhou_1#T1:C081,C081,C081:1.15613569085,REJECTED_CHARGING,False,,,[],,,,,,,,,,0.00011533297947607934,ValueError,E3_STRICT_MULTITRIP_V2: route EV_D_guangzhou_1#T1 misses C073's time window
swap:CV_D_dongguan_1#T2:C001<->CV_D_guangzhou_2#T1:C069,C069,C069:1.03288723259,REJECTED_INTERFACE,False,,,[],,,,,,,,,,0.0012948329967912287,ValueError,E3_STRICT_MULTITRIP_V2: CV_D_dongguan_1 has overlap or incomplete recharge
swap:CV_D_dongguan_1#T2:C001<->CV_D_guangzhou_3#T1:C089,C089,C089:2.65628788961,REJECTED_INTERFACE,False,,,[],,,,,,,,,,0.001374458021018654,ValueError,E3_STRICT_MULTITRIP_V2: route CV_D_dongguan_1#T2 misses C019's time window
swap:CV_D_dongguan_1#T2:C001<->CV_D_guangzhou_3#T2:C043,C043,C043:5.609774712,REJECTED_INTERFACE,False,,,[],,,,,,,,,,0.00119779200758785,ValueError,E3_STRICT_MULTITRIP_V2: route CV_D_dongguan_1#T2 misses C019's time window
swap:CV_D_dongguan_1#T2:C001<->EV_D_guangzhou_1#T1:C064,C064,C064:4.51895645403,REJECTED_CHARGING,False,,,[],,,,,,,,,,0.00014445799752138555,ValueError,E3_STRICT_MULTITRIP_V2: route EV_D_guangzhou_1#T1 misses C001's time window
swap:CV_D_dongguan_1#T2:C001<->EV_D_guangzhou_1#T1:C081,C081,C081:1.15613569085,REJECTED_CHARGING,False,,,[],,,,,,,,,,0.00010620898683555424,ValueError,E3_STRICT_MULTITRIP_V2: route EV_D_guangzhou_1#T1 misses C073's time window
swap:CV_D_dongguan_1#T2:C008<->CV_D_guangzhou_2#T1:C069,C069,C069:1.03288723259,REJECTED_INTERFACE,False,,,[],,,,,,,,,,0.0011539999977685511,ValueError,E3_STRICT_MULTITRIP_V2: route CV_D_dongguan_1#T2 misses C069's time window
swap:CV_D_dongguan_1#T2:C008<->CV_D_guangzhou_3#T1:C089,C089,C089:2.65628788961,REJECTED_INTERFACE,False,,,[],,,,,,,,,,0.0011525000154506415,ValueError,E3_STRICT_MULTITRIP_V2: route CV_D_dongguan_1#T2 misses C089's time window
swap:CV_D_dongguan_1#T2:C008<->CV_D_guangzhou_3#T2:C043,C043,C043:5.609774712,REJECTED_INTERFACE,False,,,[],,,,,,,,,,0.0011366670078132302,ValueError,E3_STRICT_MULTITRIP_V2: route CV_D_dongguan_1#T2 misses C009's time window
swap:CV_D_dongguan_1#T2:C008<->EV_D_guangzhou_1#T1:C064,C064,C064:4.51895645403,REJECTED_CHARGING,False,,,[],,,,,,,,,,0.00011795799946412444,ValueError,E3_STRICT_MULTITRIP_V2: route EV_D_guangzhou_1#T1 misses C079's time window
swap:CV_D_dongguan_1#T2:C008<->EV_D_guangzhou_1#T1:C081,C081,C081:1.15613569085,REJECTED_CHARGING,False,,,[],,,,,,,,,,0.00010237499373033643,ValueError,E3_STRICT_MULTITRIP_V2: route EV_D_guangzhou_1#T1 misses C073's time window
swap:CV_D_dongguan_1#T2:C009<->CV_D_guangzhou_2#T1:C069,C069,C069:1.03288723259,REJECTED_INTERFACE,False,,,[],,,,,,,,,,0.001142374996561557,ValueError,E3_STRICT_MULTITRIP_V2: route CV_D_dongguan_1#T2 misses C069's time window
swap:CV_D_dongguan_1#T2:C009<->CV_D_guangzhou_3#T1:C089,C089,C089:2.65628788961,REJECTED_INTERFACE,False,,,[],,,,,,,,,,0.0011438329820521176,ValueError,E3_STRICT_MULTITRIP_V2: route CV_D_dongguan_1#T2 misses C089's time window
swap:CV_D_dongguan_1#T2:C009<->CV_D_guangzhou_3#T2:C043,C043,C043:5.609774712,REJECTED_INTERFACE,False,,,[],,,,,,,,,,0.0011435839987825602,ValueError,E3_STRICT_MULTITRIP_V2: route CV_D_dongguan_1#T2 misses C013's time window
swap:CV_D_dongguan_1#T2:C009<->EV_D_guangzhou_1#T1:C064,C064,C064:4.51895645403,REJECTED_CHARGING,False,,,[],,,,,,,,,,0.00011758299660868943,ValueError,E3_STRICT_MULTITRIP_V2: route EV_D_guangzhou_1#T1 misses C079's time window
swap:CV_D_dongguan_1#T2:C009<->EV_D_guangzhou_1#T1:C081,C081,C081:1.15613569085,REJECTED_CHARGING,False,,,[],,,,,,,,,,0.00010291600483469665,ValueError,E3_STRICT_MULTITRIP_V2: route EV_D_guangzhou_1#T1 misses C073's time window
swap:CV_D_dongguan_1#T2:C013<->CV_D_guangzhou_2#T1:C069,C069,C069:1.03288723259,REJECTED_INTERFACE,False,,,[],,,,,,,,,,0.0011451250175014138,ValueError,E3_STRICT_MULTITRIP_V2: route CV_D_dongguan_1#T2 misses C069's time window
swap:CV_D_dongguan_1#T2:C013<->CV_D_guangzhou_3#T1:C089,C089,C089:2.65628788961,REJECTED_INTERFACE,False,,,[],,,,,,,,,,0.0013864999928046018,ValueError,E3_STRICT_MULTITRIP_V2: route CV_D_dongguan_1#T2 misses C089's time window
swap:CV_D_dongguan_1#T2:C013<->CV_D_guangzhou_3#T2:C043,C043,C043:5.609774712,REJECTED_INTERFACE,False,,,[],,,,,,,,,,0.0012592499842867255,ValueError,E3_STRICT_MULTITRIP_V2: route CV_D_dongguan_1#T2 misses C015's time window
swap:CV_D_dongguan_1#T2:C013<->EV_D_guangzhou_1#T1:C064,C064,C064:4.51895645403,REJECTED_CHARGING,False,,,[],,,,,,,,,,0.00022337501286529005,ValueError,E3_STRICT_MULTITRIP_V2: route EV_D_guangzhou_1#T1 misses C079's time window
swap:CV_D_dongguan_1#T2:C013<->EV_D_guangzhou_1#T1:C081,C081,C081:1.15613569085,REJECTED_CHARGING,False,,,[],,,,,,,,,,0.00010900001507252455,ValueError,E3_STRICT_MULTITRIP_V2: route EV_D_guangzhou_1#T1 misses C073's time window
swap:CV_D_dongguan_1#T2:C015<->CV_D_guangzhou_2#T1:C069,C069,C069:1.03288723259,REJECTED_INTERFACE,False,,,[],,,,,,,,,,0.0011708749807439744,ValueError,E3_STRICT_MULTITRIP_V2: route CV_D_dongguan_1#T2 misses C069's time window
swap:CV_D_dongguan_1#T2:C015<->CV_D_guangzhou_3#T1:C089,C089,C089:2.65628788961,REJECTED_INTERFACE,False,,,[],,,,,,,,,,0.0011502499983180314,ValueError,E3_STRICT_MULTITRIP_V2: route CV_D_dongguan_1#T2 misses C089's time window
swap:CV_D_dongguan_1#T2:C015<->CV_D_guangzhou_3#T2:C043,C043,C043:5.609774712,EVALUATED,True,False,2,"[{""detail"": ""initial load 1737.000000 exceeds Q=1735.000000"", ""location"": ""D_dongguan"", ""severity"": ""hard"", ""type"": ""CAPACITY"", ""vehicle_id"": ""CV_D_dongguan_1#T2""}, {""detail"": ""profit Pi=15612.998484 below theta*Pi0=16098.687226 (theta=1.000000, Pi0=16098.687226)"", ""location"": ""D_guangzhou"", ""severity"": ""hard"", ""type"": ""PROFIT_FAIRNESS"", ""vehicle_id"": """"}]",2,6449.371792732532,302.6542326746794,717.6365044087125,-485.6887419036284,49071.52842303752,False,0.4740953687509735,0,0.009747208008775488,,
swap:CV_D_dongguan_1#T2:C015<->EV_D_guangzhou_1#T1:C064,C064,C064:4.51895645403,REJECTED_CHARGING,False,,,[],,,,,,,,,,0.0001347920042462647,ValueError,E3_STRICT_MULTITRIP_V2: route EV_D_guangzhou_1#T1 misses C079's time window
swap:CV_D_dongguan_1#T2:C015<->EV_D_guangzhou_1#T1:C081,C081,C081:1.15613569085,REJECTED_CHARGING,False,,,[],,,,,,,,,,0.00011004199041053653,ValueError,E3_STRICT_MULTITRIP_V2: route EV_D_guangzhou_1#T1 misses C073's time window
swap:CV_D_dongguan_1#T2:C018<->CV_D_guangzhou_2#T1:C069,C069,C069:1.03288723259,REJECTED_INTERFACE,False,,,[],,,,,,,,,,0.0011813330056611449,ValueError,E3_STRICT_MULTITRIP_V2: route CV_D_dongguan_1#T2 misses C069's time window
swap:CV_D_dongguan_1#T2:C018<->CV_D_guangzhou_3#T1:C089,C089,C089:2.65628788961,REJECTED_INTERFACE,False,,,[],,,,,,,,,,0.0014088329917285591,ValueError,E3_STRICT_MULTITRIP_V2: CV_D_dongguan_1 has overlap or incomplete recharge
swap:CV_D_dongguan_1#T2:C018<->CV_D_guangzhou_3#T2:C043,C043,C043:5.609774712,REJECTED_INTERFACE,False,,,[],,,,,,,,,,0.0012904590112157166,ValueError,E3_STRICT_MULTITRIP_V2: route CV_D_dongguan_1#T2 misses C008's time window
swap:CV_D_dongguan_1#T2:C018<->EV_D_guangzhou_1#T1:C064,C064,C064:4.51895645403,REJECTED_CHARGING,False,,,[],,,,,,,,,,0.00014879199443385005,ValueError,E3_STRICT_MULTITRIP_V2: route EV_D_guangzhou_1#T1 misses C079's time window
swap:CV_D_dongguan_1#T2:C018<->EV_D_guangzhou_1#T1:C081,C081,C081:1.15613569085,REJECTED_CHARGING,False,,,[],,,,,,,,,,0.0001051669823937118,ValueError,E3_STRICT_MULTITRIP_V2: route EV_D_guangzhou_1#T1 misses C073's time window
swap:CV_D_dongguan_1#T2:C019<->CV_D_guangzhou_2#T1:C069,C069,C069:1.03288723259,REJECTED_INTERFACE,False,,,[],,,,,,,,,,0.0011654160043690354,ValueError,E3_STRICT_MULTITRIP_V2: route CV_D_dongguan_1#T2 misses C069's time window
swap:CV_D_dongguan_1#T2:C019<->CV_D_guangzhou_3#T1:C089,C089,C089:2.65628788961,REJECTED_INTERFACE,False,,,[],,,,,,,,,,0.001148792012827471,ValueError,E3_STRICT_MULTITRIP_V2: route CV_D_dongguan_1#T2 misses C013's time window
swap:CV_D_dongguan_1#T2:C019<->CV_D_guangzhou_3#T2:C043,C043,C043:5.609774712,REJECTED_INTERFACE,False,,,[],,,,,,,,,,0.0011352080036886036,ValueError,E3_STRICT_MULTITRIP_V2: route CV_D_dongguan_1#T2 misses C018's time window
swap:CV_D_dongguan_1#T2:C019<->EV_D_guangzhou_1#T1:C064,C064,C064:4.51895645403,REJECTED_CHARGING,False,,,[],,,,,,,,,,0.0001145839923992753,ValueError,E3_STRICT_MULTITRIP_V2: route EV_D_guangzhou_1#T1 misses C019's time window
swap:CV_D_dongguan_1#T2:C019<->EV_D_guangzhou_1#T1:C081,C081,C081:1.15613569085,REJECTED_CHARGING,False,,,[],,,,,,,,,,0.00010029200348071754,ValueError,E3_STRICT_MULTITRIP_V2: route EV_D_guangzhou_1#T1 misses C073's time window
swap:CV_D_dongguan_2#T1:C007<->CV_D_guangzhou_2#T1:C069,C069,C069:1.03288723259,REJECTED_INTERFACE,False,,,[],,,,,,,,,,0.0011717920133378357,ValueError,E3_STRICT_MULTITRIP_V2: route CV_D_dongguan_2#T1 misses C069's time window
swap:CV_D_dongguan_2#T1:C007<->CV_D_guangzhou_3#T1:C089,C089,C089:2.65628788961,REJECTED_INTERFACE,False,,,[],,,,,,,,,,0.0011777499748859555,ValueError,E3_STRICT_MULTITRIP_V2: CV_D_dongguan_2 has overlap or incomplete recharge
swap:CV_D_dongguan_2#T1:C007<->CV_D_guangzhou_3#T2:C043,C043,C043:5.609774712,REJECTED_INTERFACE,False,,,[],,,,,,,,,,0.001176042016595602,ValueError,E3_STRICT_MULTITRIP_V2: CV_D_dongguan_2 has overlap or incomplete recharge
swap:CV_D_dongguan_2#T1:C007<->EV_D_guangzhou_1#T1:C064,C064,C064:4.51895645403,REJECTED_CHARGING,False,,,[],,,,,,,,,,0.0001164170098491013,ValueError,E3_STRICT_MULTITRIP_V2: route EV_D_guangzhou_1#T1 misses C007's time window
swap:CV_D_dongguan_2#T1:C007<->EV_D_guangzhou_1#T1:C081,C081,C081:1.15613569085,REJECTED_CHARGING,False,,,[],,,,,,,,,,0.00010133397881872952,ValueError,E3_STRICT_MULTITRIP_V2: route EV_D_guangzhou_1#T1 misses C073's time window
swap:CV_D_dongguan_2#T1:C012<->CV_D_foshan_1#T1:C026,C012,C012:2.04503592614,REJECTED_INTERFACE,False,,,[],,,,,,,,,,0.0011745419760700315,ValueError,E3_STRICT_MULTITRIP_V2: route CV_D_dongguan_2#T1 misses C026's time window
swap:CV_D_dongguan_2#T1:C012<->CV_D_foshan_1#T1:C030,C012,C012:2.04503592614,REJECTED_INTERFACE,False,,,[],,,,,,,,,,0.0011414159962441772,ValueError,E3_STRICT_MULTITRIP_V2: route CV_D_dongguan_2#T1 misses C030's time window
swap:CV_D_dongguan_2#T1:C012<->CV_D_foshan_1#T1:C031,C012,C012:2.04503592614,REJECTED_INTERFACE,False,,,[],,,,,,,,,,0.001144832989666611,ValueError,E3_STRICT_MULTITRIP_V2: route CV_D_dongguan_2#T1 misses C031's time window
swap:CV_D_dongguan_2#T1:C012<->CV_D_foshan_1#T1:C036,C012,C012:2.04503592614,REJECTED_INTERFACE,False,,,[],,,,,,,,,,0.0011170840007252991,ValueError,E3_STRICT_MULTITRIP_V2: route CV_D_dongguan_2#T1 misses C036's time window
swap:CV_D_dongguan_2#T1:C012<->CV_D_foshan_1#T1:C039,C012,C012:2.04503592614,REJECTED_INTERFACE,False,,,[],,,,,,,,,,0.001122374989790842,ValueError,E3_STRICT_MULTITRIP_V2: route CV_D_dongguan_2#T1 misses C039's time window
swap:CV_D_dongguan_2#T1:C012<->CV_D_foshan_1#T1:C041,C012,C012:2.04503592614,REJECTED_INTERFACE,False,,,[],,,,,,,,,,0.0015017080004327,ValueError,E3_STRICT_MULTITRIP_V2: route CV_D_dongguan_2#T1 misses C041's time window
swap:CV_D_dongguan_2#T1:C012<->CV_D_foshan_1#T2:C022,C012,C012:2.04503592614,REJECTED_INTERFACE,False,,,[],,,,,,,,,,0.0012124589993618429,ValueError,E3_STRICT_MULTITRIP_V2: route CV_D_dongguan_2#T1 misses C016's time window
swap:CV_D_dongguan_2#T1:C012<->CV_D_foshan_1#T2:C025,C012,C012:2.04503592614,REJECTED_INTERFACE,False,,,[],,,,,,,,,,0.0011699580063577741,ValueError,E3_STRICT_MULTITRIP_V2: route CV_D_dongguan_2#T1 misses C016's time window
swap:CV_D_dongguan_2#T1:C012<->CV_D_foshan_1#T2:C027,C012,C012:2.04503592614,REJECTED_INTERFACE,False,,,[],,,,,,,,,,0.0011729999969247729,ValueError,E3_STRICT_MULTITRIP_V2: route CV_D_dongguan_2#T1 misses C016's time window
swap:CV_D_dongguan_2#T1:C012<->CV_D_foshan_1#T2:C034,C012,C012:2.04503592614,REJECTED_INTERFACE,False,,,[],,,,,,,,,,0.001170542003819719,ValueError,E3_STRICT_MULTITRIP_V2: route CV_D_dongguan_2#T1 misses C016's time window
swap:CV_D_dongguan_2#T1:C012<->CV_D_foshan_1#T2:C037,C012,C012:2.04503592614,REJECTED_INTERFACE,False,,,[],,,,,,,,,,0.0011719170142896473,ValueError,E3_STRICT_MULTITRIP_V2: route CV_D_dongguan_2#T1 misses C016's time window
swap:CV_D_dongguan_2#T1:C012<->CV_D_foshan_1#T2:C038,C012,C012:2.04503592614,REJECTED_INTERFACE,False,,,[],,,,,,,,,,0.0011682079930324107,ValueError,E3_STRICT_MULTITRIP_V2: route CV_D_dongguan_2#T1 misses C016's time window
swap:CV_D_dongguan_2#T1:C012<->CV_D_foshan_2#T1:C021,C012,C012:2.04503592614,REJECTED_INTERFACE,False,,,[],,,,,,,,,,0.0011634999827947468,ValueError,E3_STRICT_MULTITRIP_V2: route CV_D_dongguan_2#T1 misses C021's time window
swap:CV_D_dongguan_2#T1:C012<->CV_D_foshan_2#T1:C023,C012,C012:2.04503592614,REJECTED_INTERFACE,False,,,[],,,,,,,,,,0.0011581250000745058,ValueError,E3_STRICT_MULTITRIP_V2: route CV_D_dongguan_2#T1 misses C016's time window
swap:CV_D_dongguan_2#T1:C012<->CV_D_foshan_2#T1:C024,C012,C012:2.04503592614,REJECTED_INTERFACE,False,,,[],,,,,,,,,,0.0011570409988053143,ValueError,E3_STRICT_MULTITRIP_V2: route CV_D_dongguan_2#T1 misses C024's time window
swap:CV_D_dongguan_2#T1:C012<->CV_D_foshan_2#T1:C028,C012,C012:2.04503592614,REJECTED_INTERFACE,False,,,[],,,,,,,,,,0.0011570000206120312,ValueError,E3_STRICT_MULTITRIP_V2: route CV_D_dongguan_2#T1 misses C028's time window
swap:CV_D_dongguan_2#T1:C012<->CV_D_foshan_2#T1:C033,C012,C012:2.04503592614,REJECTED_INTERFACE,False,,,[],,,,,,,,,,0.0011749999830499291,ValueError,E3_STRICT_MULTITRIP_V2: route CV_D_dongguan_2#T1 misses C016's time window
swap:CV_D_dongguan_2#T1:C012<->CV_D_foshan_2#T1:C035,C012,C012:2.04503592614,REJECTED_INTERFACE,False,,,[],,,,,,,,,,0.0012039589928463101,ValueError,E3_STRICT_MULTITRIP_V2: route CV_D_dongguan_2#T1 misses C016's time window
swap:CV_D_dongguan_2#T1:C012<->CV_D_foshan_2#T1:C040,C012,C012:2.04503592614,REJECTED_INTERFACE,False,,,[],,,,,,,,,,0.0016510419955011457,ValueError,E3_STRICT_MULTITRIP_V2: route CV_D_dongguan_2#T1 misses C016's time window
swap:CV_D_dongguan_2#T1:C012<->CV_D_foshan_2#T2:C029,C012,C012:2.04503592614,REJECTED_INTERFACE,False,,,[],,,,,,,,,,0.0011975830129813403,ValueError,E3_STRICT_MULTITRIP_V2: route CV_D_dongguan_2#T1 misses C016's time window
swap:CV_D_dongguan_2#T1:C012<->CV_D_foshan_2#T2:C032,C012,C012:2.04503592614,REJECTED_INTERFACE,False,,,[],,,,,,,,,,0.0011693749984260648,ValueError,E3_STRICT_MULTITRIP_V2: route CV_D_dongguan_2#T1 misses C016's time window
swap:CV_D_dongguan_2#T1:C012<->CV_D_guangzhou_1#T1:C042,C012,C012:2.04503592614,REJECTED_INTERFACE,False,,,[],,,,,,,,,,0.001163292006822303,ValueError,E3_STRICT_MULTITRIP_V2: route CV_D_dongguan_2#T1 misses C042's time window
swap:CV_D_dongguan_2#T1:C012<->CV_D_guangzhou_1#T1:C046,C012,C012:2.04503592614,REJECTED_INTERFACE,False,,,[],,,,,,,,,,0.0011559999838937074,ValueError,E3_STRICT_MULTITRIP_V2: route CV_D_dongguan_2#T1 misses C046's time window
swap:CV_D_dongguan_2#T1:C012<->CV_D_guangzhou_1#T1:C052,C012,C012:2.04503592614,REJECTED_INTERFACE,False,,,[],,,,,,,,,,0.0011514999787323177,ValueError,E3_STRICT_MULTITRIP_V2: route CV_D_dongguan_2#T1 misses C052's time window
swap:CV_D_dongguan_2#T1:C012<->CV_D_guangzhou_1#T1:C055,C012,C012:2.04503592614,REJECTED_INTERFACE,False,,,[],,,,,,,,,,0.0011566250177565962,ValueError,E3_STRICT_MULTITRIP_V2: route CV_D_dongguan_2#T1 misses C055's time window
swap:CV_D_dongguan_2#T1:C012<->CV_D_guangzhou_1#T1:C067,C012,C012:2.04503592614,REJECTED_INTERFACE,False,,,[],,,,,,,,,,0.0011534160003066063,ValueError,E3_STRICT_MULTITRIP_V2: route CV_D_dongguan_2#T1 misses C067's time window
swap:CV_D_dongguan_2#T1:C012<->CV_D_guangzhou_1#T1:C074,C012,C012:2.04503592614,REJECTED_INTERFACE,False,,,[],,,,,,,,,,0.0011502499983180314,ValueError,E3_STRICT_MULTITRIP_V2: route CV_D_dongguan_2#T1 misses C074's time window
swap:CV_D_dongguan_2#T1:C012<->CV_D_guangzhou_1#T2:C047,C012,C012:2.04503592614,REJECTED_INTERFACE,False,,,[],,,,,,,,,,0.0011533749930094928,ValueError,E3_STRICT_MULTITRIP_V2: route CV_D_dongguan_2#T1 misses C016's time window
swap:CV_D_dongguan_2#T1:C012<->CV_D_guangzhou_1#T2:C049,C012,C012:2.04503592614,REJECTED_INTERFACE,False,,,[],,,,,,,,,,0.0011608749919105321,ValueError,E3_STRICT_MULTITRIP_V2: route CV_D_dongguan_2#T1 misses C016's time window
swap:CV_D_dongguan_2#T1:C012<->CV_D_guangzhou_1#T2:C053,C012,C012:2.04503592614,REJECTED_INTERFACE,False,,,[],,,,,,,,,,0.0011529590119607747,ValueError,E3_STRICT_MULTITRIP_V2: route CV_D_dongguan_2#T1 misses C016's time window
swap:CV_D_dongguan_2#T1:C012<->CV_D_guangzhou_1#T2:C058,C012,C012:2.04503592614,REJECTED_INTERFACE,False,,,[],,,,,,,,,,0.001214791991515085,ValueError,E3_STRICT_MULTITRIP_V2: route CV_D_dongguan_2#T1 misses C016's time window
swap:CV_D_dongguan_2#T1:C012<->CV_D_guangzhou_1#T2:C070,C012,C012:2.04503592614,REJECTED_INTERFACE,False,,,[],,,,,,,,,,0.0012650840217247605,ValueError,E3_STRICT_MULTITRIP_V2: route CV_D_dongguan_2#T1 misses C016's time window
swap:CV_D_dongguan_2#T1:C012<->CV_D_guangzhou_1#T2:C084,C012,C012:2.04503592614,REJECTED_INTERFACE,False,,,[],,,,,,,,,,0.0017025409906636924,ValueError,E3_STRICT_MULTITRIP_V2: route CV_D_dongguan_2#T1 misses C016's time window
swap:CV_D_dongguan_2#T1:C012<->CV_D_guangzhou_2#T1:C051,C012,C012:2.04503592614,REJECTED_INTERFACE,False,,,[],,,,,,,,,,0.0012754170165862888,ValueError,E3_STRICT_MULTITRIP_V2: route CV_D_dongguan_2#T1 misses C051's time window
swap:CV_D_dongguan_2#T1:C012<->CV_D_guangzhou_2#T1:C057,C012,C012:2.04503592614,REJECTED_INTERFACE,False,,,[],,,,,,,,,,0.001301582989981398,ValueError,E3_STRICT_MULTITRIP_V2: route CV_D_dongguan_2#T1 misses C057's time window
swap:CV_D_dongguan_2#T1:C012<->CV_D_guangzhou_2#T1:C069,C012|C069,C012:2.04503592614|C069:1.03288723259,REJECTED_INTERFACE,False,,,[],,,,,,,,,,0.0013197919761296362,ValueError,E3_STRICT_MULTITRIP_V2: route CV_D_dongguan_2#T1 misses C069's time window
swap:CV_D_dongguan_2#T1:C012<->CV_D_guangzhou_2#T1:C071,C012,C012:2.04503592614,REJECTED_INTERFACE,False,,,[],,,,,,,,,,0.001476459001423791,ValueError,E3_STRICT_MULTITRIP_V2: route CV_D_dongguan_2#T1 misses C071's time window
swap:CV_D_dongguan_2#T1:C012<->CV_D_guangzhou_2#T1:C083,C012,C012:2.04503592614,REJECTED_INTERFACE,False,,,[],,,,,,,,,,0.0011575419921427965,ValueError,E3_STRICT_MULTITRIP_V2: route CV_D_dongguan_2#T1 misses C016's time window
swap:CV_D_dongguan_2#T1:C012<->CV_D_guangzhou_2#T1:C088,C012,C012:2.04503592614,REJECTED_INTERFACE,False,,,[],,,,,,,,,,0.0011258749873377383,ValueError,E3_STRICT_MULTITRIP_V2: route CV_D_dongguan_2#T1 misses C088's time window
swap:CV_D_dongguan_2#T1:C012<->CV_D_guangzhou_2#T2:C048,C012,C012:2.04503592614,REJECTED_INTERFACE,False,,,[],,,,,,,,,,0.0011248750088270754,ValueError,E3_STRICT_MULTITRIP_V2: route CV_D_dongguan_2#T1 misses C016's time window
swap:CV_D_dongguan_2#T1:C012<->CV_D_guangzhou_2#T2:C060,C012,C012:2.04503592614,REJECTED_INTERFACE,False,,,[],,,,,,,,,,0.0011179579887539148,ValueError,E3_STRICT_MULTITRIP_V2: route CV_D_dongguan_2#T1 misses C016's time window
swap:CV_D_dongguan_2#T1:C012<->CV_D_guangzhou_2#T2:C065,C012,C012:2.04503592614,REJECTED_INTERFACE,False,,,[],,,,,,,,,,0.0011216670100111514,ValueError,E3_STRICT_MULTITRIP_V2: route CV_D_dongguan_2#T1 misses C016's time window
swap:CV_D_dongguan_2#T1:C012<->CV_D_guangzhou_2#T2:C076,C012,C012:2.04503592614,REJECTED_INTERFACE,False,,,[],,,,,,,,,,0.0011197919957339764,ValueError,E3_STRICT_MULTITRIP_V2: route CV_D_dongguan_2#T1 misses C016's time window
swap:CV_D_dongguan_2#T1:C012<->CV_D_guangzhou_2#T2:C077,C012,C012:2.04503592614,REJECTED_INTERFACE,False,,,[],,,,,,,,,,0.001120667002396658,ValueError,E3_STRICT_MULTITRIP_V2: route CV_D_dongguan_2#T1 misses C016's time window
swap:CV_D_dongguan_2#T1:C012<->CV_D_guangzhou_2#T2:C087,C012,C012:2.04503592614,REJECTED_INTERFACE,False,,,[],,,,,,,,,,0.0011204170004930347,ValueError,E3_STRICT_MULTITRIP_V2: route CV_D_dongguan_2#T1 misses C016's time window
swap:CV_D_dongguan_2#T1:C012<->CV_D_guangzhou_2#T2:C091,C012,C012:2.04503592614,REJECTED_INTERFACE,False,,,[],,,,,,,,,,0.0013492500002030283,ValueError,E3_STRICT_MULTITRIP_V2: route CV_D_dongguan_2#T1 misses C016's time window
swap:CV_D_dongguan_2#T1:C012<->CV_D_guangzhou_3#T1:C054,C012,C012:2.04503592614,REJECTED_INTERFACE,False,,,[],,,,,,,,,,0.0014086249866522849,ValueError,E3_STRICT_MULTITRIP_V2: route CV_D_dongguan_2#T1 misses C016's time window
swap:CV_D_dongguan_2#T1:C012<->CV_D_guangzhou_3#T1:C056,C012,C012:2.04503592614,REJECTED_INTERFACE,False,,,[],,,,,,,,,,0.0013655409857165068,ValueError,E3_STRICT_MULTITRIP_V2: route CV_D_dongguan_2#T1 misses C016's time window
swap:CV_D_dongguan_2#T1:C012<->CV_D_guangzhou_3#T1:C061,C012,C012:2.04503592614,REJECTED_INTERFACE,False,,,[],,,,,,,,,,0.0011557080142665654,ValueError,E3_STRICT_MULTITRIP_V2: route CV_D_dongguan_2#T1 misses C016's time window
swap:CV_D_dongguan_2#T1:C012<->CV_D_guangzhou_3#T1:C072,C012,C012:2.04503592614,REJECTED_INTERFACE,False,,,[],,,,,,,,,,0.0011447499855421484,ValueError,E3_STRICT_MULTITRIP_V2: route CV_D_dongguan_2#T1 misses C016's time window
swap:CV_D_dongguan_2#T1:C012<->CV_D_guangzhou_3#T1:C082,C012,C012:2.04503592614,REJECTED_INTERFACE,False,,,[],,,,,,,,,,0.001133333978941664,ValueError,E3_STRICT_MULTITRIP_V2: route CV_D_dongguan_2#T1 misses C016's time window
swap:CV_D_dongguan_2#T1:C012<->CV_D_guangzhou_3#T1:C089,C012|C089,C012:2.04503592614|C089:2.65628788961,REJECTED_INTERFACE,False,,,[],,,,,,,,,,0.0011316669988445938,ValueError,E3_STRICT_MULTITRIP_V2: route CV_D_dongguan_2#T1 misses C016's time window
swap:CV_D_dongguan_2#T1:C012<->CV_D_guangzhou_3#T1:C090,C012,C012:2.04503592614,REJECTED_INTERFACE,False,,,[],,,,,,,,,,0.0011250410170760006,ValueError,E3_STRICT_MULTITRIP_V2: route CV_D_dongguan_2#T1 misses C016's time window
swap:CV_D_dongguan_2#T1:C012<->CV_D_guangzhou_3#T2:C043,C012|C043,C012:2.04503592614|C043:5.609774712,REJECTED_INTERFACE,False,,,[],,,,,,,,,,0.0011262499901931733,ValueError,E3_STRICT_MULTITRIP_V2: route CV_D_dongguan_2#T1 misses C016's time window
swap:CV_D_dongguan_2#T1:C012<->CV_D_guangzhou_3#T2:C062,C012,C012:2.04503592614,REJECTED_INTERFACE,False,,,[],,,,,,,,,,0.0011352919973433018,ValueError,E3_STRICT_MULTITRIP_V2: route CV_D_dongguan_2#T1 misses C016's time window
swap:CV_D_dongguan_2#T1:C012<->CV_D_shenzhen_1#T1:C093,C012,C012:2.04503592614,REJECTED_INTERFACE,False,,,[],,,,,,,,,,0.0011222919856663793,ValueError,E3_STRICT_MULTITRIP_V2: route CV_D_dongguan_2#T1 misses C093's time window
swap:CV_D_dongguan_2#T1:C012<->CV_D_shenzhen_1#T1:C100,C012,C012:2.04503592614,REJECTED_INTERFACE,False,,,[],,,,,,,,,,0.0011237500002607703,ValueError,E3_STRICT_MULTITRIP_V2: route CV_D_dongguan_2#T1 misses C100's time window
swap:CV_D_dongguan_2#T1:C012<->CV_D_shenzhen_1#T1:C106,C012,C012:2.04503592614,REJECTED_INTERFACE,False,,,[],,,,,,,,,,0.0011232499964535236,ValueError,E3_STRICT_MULTITRIP_V2: route CV_D_dongguan_2#T1 misses C106's time window
swap:CV_D_dongguan_2#T1:C012<->CV_D_shenzhen_1#T1:C111,C012,C012:2.04503592614,REJECTED_INTERFACE,False,,,[],,,,,,,,,,0.0011236249993089586,ValueError,E3_STRICT_MULTITRIP_V2: route CV_D_dongguan_2#T1 misses C111's time window
swap:CV_D_dongguan_2#T1:C012<->CV_D_shenzhen_1#T1:C112,C012,C012:2.04503592614,REJECTED_INTERFACE,False,,,[],,,,,,,,,,0.0016706250025890768,ValueError,E3_STRICT_MULTITRIP_V2: route CV_D_dongguan_2#T1 misses C112's time window
swap:CV_D_dongguan_2#T1:C012<->CV_D_shenzhen_1#T1:C122,C012,C012:2.04503592614,REJECTED_INTERFACE,False,,,[],,,,,,,,,,0.0012589160178322345,ValueError,E3_STRICT_MULTITRIP_V2: route CV_D_dongguan_2#T1 misses C122's time window
swap:CV_D_dongguan_2#T1:C012<->CV_D_shenzhen_1#T1:C147,C012,C012:2.04503592614,REJECTED_INTERFACE,False,,,[],,,,,,,,,,0.0012235829781275243,ValueError,E3_STRICT_MULTITRIP_V2: route CV_D_dongguan_2#T1 misses C147's time window
swap:CV_D_dongguan_2#T1:C012<->CV_D_shenzhen_1#T2:C115,C012,C012:2.04503592614,REJECTED_INTERFACE,False,,,[],,,,,,,,,,0.0011312080023344606,ValueError,E3_STRICT_MULTITRIP_V2: route CV_D_dongguan_2#T1 misses C016's time window
swap:CV_D_dongguan_2#T1:C012<->CV_D_shenzhen_1#T2:C116,C012,C012:2.04503592614,REJECTED_INTERFACE,False,,,[],,,,,,,,,,0.0011265829962212592,ValueError,E3_STRICT_MULTITRIP_V2: route CV_D_dongguan_2#T1 misses C016's time window
swap:CV_D_dongguan_2#T1:C012<->CV_D_shenzhen_1#T2:C123,C012,C012:2.04503592614,REJECTED_INTERFACE,False,,,[],,,,,,,,,,0.001126374991144985,ValueError,E3_STRICT_MULTITRIP_V2: route CV_D_dongguan_2#T1 misses C016's time window
swap:CV_D_dongguan_2#T1:C012<->CV_D_shenzhen_1#T2:C128,C012,C012:2.04503592614,REJECTED_INTERFACE,False,,,[],,,,,,,,,,0.0011178329878021032,ValueError,E3_STRICT_MULTITRIP_V2: route CV_D_dongguan_2#T1 misses C016's time window
swap:CV_D_dongguan_2#T1:C012<->CV_D_shenzhen_1#T2:C129,C012,C012:2.04503592614,REJECTED_INTERFACE,False,,,[],,,,,,,,,,0.0011163750023115426,ValueError,E3_STRICT_MULTITRIP_V2: route CV_D_dongguan_2#T1 misses C016's time window
swap:CV_D_dongguan_2#T1:C012<->CV_D_shenzhen_2#T1:C104,C012,C012:2.04503592614,REJECTED_INTERFACE,False,,,[],,,,,,,,,,0.0011262080224696547,ValueError,E3_STRICT_MULTITRIP_V2: route CV_D_dongguan_2#T1 misses C016's time window
swap:CV_D_dongguan_2#T1:C012<->CV_D_shenzhen_2#T1:C108,C012,C012:2.04503592614,REJECTED_INTERFACE,False,,,[],,,,,,,,,,0.0011547499743755907,ValueError,E3_STRICT_MULTITRIP_V2: route CV_D_dongguan_2#T1 misses C108's time window
swap:CV_D_dongguan_2#T1:C012<->CV_D_shenzhen_2#T1:C114,C012,C012:2.04503592614,REJECTED_INTERFACE,False,,,[],,,,,,,,,,0.0011553329823073,ValueError,E3_STRICT_MULTITRIP_V2: route CV_D_dongguan_2#T1 misses C016's time window
swap:CV_D_dongguan_2#T1:C012<->CV_D_shenzhen_2#T1:C126,C012,C012:2.04503592614,REJECTED_INTERFACE,False,,,[],,,,,,,,,,0.0011489999887999147,ValueError,E3_STRICT_MULTITRIP_V2: route CV_D_dongguan_2#T1 misses C126's time window
swap:CV_D_dongguan_2#T1:C012<->CV_D_shenzhen_2#T1:C135,C012,C012:2.04503592614,REJECTED_INTERFACE,False,,,[],,,,,,,,,,0.0011104170116595924,ValueError,E3_STRICT_MULTITRIP_V2: route CV_D_dongguan_2#T1 misses C016's time window
swap:CV_D_dongguan_2#T1:C012<->CV_D_shenzhen_2#T1:C143,C012,C012:2.04503592614,REJECTED_INTERFACE,False,,,[],,,,,,,,,,0.001163707987871021,ValueError,E3_STRICT_MULTITRIP_V2: route CV_D_dongguan_2#T1 misses C016's time window
swap:CV_D_dongguan_2#T1:C012<->CV_D_shenzhen_2#T2:C101,C012,C012:2.04503592614,REJECTED_INTERFACE,False,,,[],,,,,,,,,,0.0016424590139649808,ValueError,E3_STRICT_MULTITRIP_V2: route CV_D_dongguan_2#T1 misses C016's time window
swap:CV_D_dongguan_2#T1:C012<->CV_D_shenzhen_2#T2:C103,C012,C012:2.04503592614,REJECTED_INTERFACE,False,,,[],,,,,,,,,,0.0013160830130800605,ValueError,E3_STRICT_MULTITRIP_V2: route CV_D_dongguan_2#T1 misses C016's time window
swap:CV_D_dongguan_2#T1:C012<->CV_D_shenzhen_2#T2:C105,C012,C012:2.04503592614,REJECTED_INTERFACE,False,,,[],,,,,,,,,,0.0011893329792656004,ValueError,E3_STRICT_MULTITRIP_V2: route CV_D_dongguan_2#T1 misses C016's time window
swap:CV_D_dongguan_2#T1:C012<->CV_D_shenzhen_2#T2:C131,C012,C012:2.04503592614,REJECTED_INTERFACE,False,,,[],,,,,,,,,,0.0011356660106685013,ValueError,E3_STRICT_MULTITRIP_V2: route CV_D_dongguan_2#T1 misses C016's time window
swap:CV_D_dongguan_2#T1:C012<->CV_D_shenzhen_2#T2:C137,C012,C012:2.04503592614,REJECTED_INTERFACE,False,,,[],,,,,,,,,,0.0011379159986972809,ValueError,E3_STRICT_MULTITRIP_V2: route CV_D_dongguan_2#T1 misses C016's time window
swap:CV_D_dongguan_2#T1:C012<->CV_D_shenzhen_2#T2:C145,C012,C012:2.04503592614,REJECTED_INTERFACE,False,,,[],,,,,,,,,,0.0011328750115353614,ValueError,E3_STRICT_MULTITRIP_V2: route CV_D_dongguan_2#T1 misses C016's time window
swap:CV_D_dongguan_2#T1:C012<->CV_D_shenzhen_3#T1:C102,C012,C012:2.04503592614,REJECTED_INTERFACE,False,,,[],,,,,,,,,,0.0011276250006631017,ValueError,E3_STRICT_MULTITRIP_V2: route CV_D_dongguan_2#T1 misses C016's time window
swap:CV_D_dongguan_2#T1:C012<->CV_D_shenzhen_3#T1:C107,C012,C012:2.04503592614,REJECTED_INTERFACE,False,,,[],,,,,,,,,,0.0011183340102434158,ValueError,E3_STRICT_MULTITRIP_V2: route CV_D_dongguan_2#T1 misses C016's time window
swap:CV_D_dongguan_2#T1:C012<->CV_D_shenzhen_3#T1:C110,C012,C012:2.04503592614,REJECTED_INTERFACE,False,,,[],,,,,,,,,,0.0011194589897058904,ValueError,E3_STRICT_MULTITRIP_V2: route CV_D_dongguan_2#T1 misses C016's time window
swap:CV_D_dongguan_2#T1:C012<->CV_D_shenzhen_3#T1:C113,C012,C012:2.04503592614,REJECTED_INTERFACE,False,,,[],,,,,,,,,,0.0011218750150874257,ValueError,E3_STRICT_MULTITRIP_V2: route CV_D_dongguan_2#T1 misses C016's time window
swap:CV_D_dongguan_2#T1:C012<->CV_D_shenzhen_3#T1:C124,C012,C012:2.04503592614,REJECTED_INTERFACE,False,,,[],,,,,,,,,,0.001131124998209998,ValueError,E3_STRICT_MULTITRIP_V2: route CV_D_dongguan_2#T1 misses C016's time window
swap:CV_D_dongguan_2#T1:C012<->CV_D_shenzhen_3#T1:C125,C012,C012:2.04503592614,REJECTED_INTERFACE,False,,,[],,,,,,,,,,0.0011160830035805702,ValueError,E3_STRICT_MULTITRIP_V2: route CV_D_dongguan_2#T1 misses C016's time window
swap:CV_D_dongguan_2#T1:C012<->CV_D_shenzhen_3#T1:C144,C012,C012:2.04503592614,REJECTED_INTERFACE,False,,,[],,,,,,,,,,0.00111779200960882,ValueError,E3_STRICT_MULTITRIP_V2: route CV_D_dongguan_2#T1 misses C016's time window
swap:CV_D_dongguan_2#T1:C012<->CV_D_shenzhen_4#T1:C096,C012,C012:2.04503592614,REJECTED_INTERFACE,False,,,[],,,,,,,,,,0.0011374999885447323,ValueError,E3_STRICT_MULTITRIP_V2: route CV_D_dongguan_2#T1 misses C016's time window
swap:CV_D_dongguan_2#T1:C012<->CV_D_shenzhen_4#T1:C118,C012,C012:2.04503592614,REJECTED_INTERFACE,False,,,[],,,,,,,,,,0.0013998750073369592,ValueError,E3_STRICT_MULTITRIP_V2: route CV_D_dongguan_2#T1 misses C016's time window
swap:CV_D_dongguan_2#T1:C012<->CV_D_shenzhen_4#T1:C121,C012,C012:2.04503592614,REJECTED_INTERFACE,False,,,[],,,,,,,,,,0.0014591249928344041,ValueError,E3_STRICT_MULTITRIP_V2: route CV_D_dongguan_2#T1 misses C016's time window
swap:CV_D_dongguan_2#T1:C012<->CV_D_shenzhen_4#T1:C130,C012,C012:2.04503592614,REJECTED_INTERFACE,False,,,[],,,,,,,,,,0.0011414579930715263,ValueError,E3_STRICT_MULTITRIP_V2: route CV_D_dongguan_2#T1 misses C016's time window
swap:CV_D_dongguan_2#T1:C012<->CV_D_shenzhen_4#T1:C139,C012,C012:2.04503592614,REJECTED_INTERFACE,False,,,[],,,,,,,,,,0.0011209590011276305,ValueError,E3_STRICT_MULTITRIP_V2: route CV_D_dongguan_2#T1 misses C016's time window
swap:CV_D_dongguan_2#T1:C012<->CV_D_shenzhen_4#T1:C148,C012,C012:2.04503592614,REJECTED_INTERFACE,False,,,[],,,,,,,,,,0.00111983300303109,ValueError,E3_STRICT_MULTITRIP_V2: route CV_D_dongguan_2#T1 misses C016's time window
swap:CV_D_dongguan_2#T1:C012<->CV_D_shenzhen_5#T1:C092,C012,C012:2.04503592614,REJECTED_INTERFACE,False,,,[],,,,,,,,,,0.0011105829908046871,ValueError,E3_STRICT_MULTITRIP_V2: route CV_D_dongguan_2#T1 misses C016's time window
swap:CV_D_dongguan_2#T1:C012<->CV_D_shenzhen_5#T1:C095,C012,C012:2.04503592614,REJECTED_INTERFACE,False,,,[],,,,,,,,,,0.0011107499885838479,ValueError,E3_STRICT_MULTITRIP_V2: route CV_D_dongguan_2#T1 misses C016's time window
swap:CV_D_dongguan_2#T1:C012<->CV_D_shenzhen_5#T1:C099,C012,C012:2.04503592614,REJECTED_INTERFACE,False,,,[],,,,,,,,,,0.0011209160147700459,ValueError,E3_STRICT_MULTITRIP_V2: route CV_D_dongguan_2#T1 misses C016's time window
swap:CV_D_dongguan_2#T1:C012<->CV_D_shenzhen_5#T1:C120,C012,C012:2.04503592614,REJECTED_INTERFACE,False,,,[],,,,,,,,,,0.0011265829962212592,ValueError,E3_STRICT_MULTITRIP_V2: route CV_D_dongguan_2#T1 misses C016's time window
swap:CV_D_dongguan_2#T1:C012<->CV_D_shenzhen_5#T1:C134,C012,C012:2.04503592614,REJECTED_INTERFACE,False,,,[],,,,,,,,,,0.0011205000046174973,ValueError,E3_STRICT_MULTITRIP_V2: route CV_D_dongguan_2#T1 misses C016's time window
swap:CV_D_dongguan_2#T1:C012<->EV_D_guangzhou_1#T1:C044,C012,C012:2.04503592614,REJECTED_CHARGING,False,,,[],,,,,,,,,,0.00012454198440536857,ValueError,E3_STRICT_MULTITRIP_V2: route EV_D_guangzhou_1#T1 misses C012's time window
swap:CV_D_dongguan_2#T1:C012<->EV_D_guangzhou_1#T1:C064,C012|C064,C012:2.04503592614|C064:4.51895645403,REJECTED_CHARGING,False,,,[],,,,,,,,,,0.00010912498692050576,ValueError,E3_STRICT_MULTITRIP_V2: route EV_D_guangzhou_1#T1 misses C012's time window
swap:CV_D_dongguan_2#T1:C012<->EV_D_guangzhou_1#T1:C068,C012,C012:2.04503592614,REJECTED_CHARGING,False,,,[],,,,,,,,,,0.00010683300206437707,ValueError,E3_STRICT_MULTITRIP_V2: route EV_D_guangzhou_1#T1 misses C012's time window
swap:CV_D_dongguan_2#T1:C012<->EV_D_guangzhou_1#T1:C073,C012,C012:2.04503592614,REJECTED_CHARGING,False,,,[],,,,,,,,,,0.00010083400411531329,ValueError,E3_STRICT_MULTITRIP_V2: route EV_D_guangzhou_1#T1 misses C044's time window
swap:CV_D_dongguan_2#T1:C012<->EV_D_guangzhou_1#T1:C079,C012,C012:2.04503592614,REJECTED_CHARGING,False,,,[],,,,,,,,,,0.00010624999413266778,ValueError,E3_STRICT_MULTITRIP_V2: route EV_D_guangzhou_1#T1 misses C012's time window
swap:CV_D_dongguan_2#T1:C012<->EV_D_guangzhou_1#T1:C081,C012|C081,C012:2.04503592614|C081:1.15613569085,REJECTED_CHARGING,False,,,[],,,,,,,,,,9.833299554884434e-05,ValueError,E3_STRICT_MULTITRIP_V2: route EV_D_guangzhou_1#T1 misses C073's time window
swap:CV_D_dongguan_2#T1:C012<->EV_D_guangzhou_1#T1:C086,C012,C012:2.04503592614,REJECTED_CHARGING,False,,,[],,,,,,,,,,0.00010070801363326609,ValueError,E3_STRICT_MULTITRIP_V2: route EV_D_guangzhou_1#T1 misses C012's time window
swap:CV_D_dongguan_2#T1:C012<->EV_D_guangzhou_2#T1:C045,C012,C012:2.04503592614,REJECTED_CHARGING,False,,,[],,,,,,,,,,0.00010583302355371416,ValueError,E3_STRICT_MULTITRIP_V2: route EV_D_guangzhou_2#T1 misses C063's time window
swap:CV_D_dongguan_2#T1:C012<->EV_D_guangzhou_2#T1:C050,C012,C012:2.04503592614,REJECTED_CHARGING,False,,,[],,,,,,,,,,0.0001119170046877116,ValueError,E3_STRICT_MULTITRIP_V2: route EV_D_guangzhou_2#T1 misses C012's time window
swap:CV_D_dongguan_2#T1:C012<->EV_D_guangzhou_2#T1:C059,C012,C012:2.04503592614,REJECTED_CHARGING,False,,,[],,,,,,,,,,0.00010758297867141664,ValueError,E3_STRICT_MULTITRIP_V2: route EV_D_guangzhou_2#T1 misses C012's time window
swap:CV_D_dongguan_2#T1:C012<->EV_D_guangzhou_2#T1:C063,C012,C012:2.04503592614,REJECTED_CHARGING,False,,,[],,,,,,,,,,0.00010087501141242683,ValueError,E3_STRICT_MULTITRIP_V2: route EV_D_guangzhou_2#T1 misses C012's time window
swap:CV_D_dongguan_2#T1:C012<->EV_D_guangzhou_2#T1:C066,C012,C012:2.04503592614,REJECTED_CHARGING,False,,,[],,,,,,,,,,0.00010704199667088687,ValueError,E3_STRICT_MULTITRIP_V2: route EV_D_guangzhou_2#T1 misses C012's time window
swap:CV_D_dongguan_2#T1:C012<->EV_D_guangzhou_2#T1:C075,C012,C012:2.04503592614,REJECTED_CHARGING,False,,,[],,,,,,,,,,0.00010437497985549271,ValueError,E3_STRICT_MULTITRIP_V2: route EV_D_guangzhou_2#T1 misses C012's time window
swap:CV_D_dongguan_2#T1:C012<->EV_D_guangzhou_2#T1:C078,C012,C012:2.04503592614,REJECTED_CHARGING,False,,,[],,,,,,,,,,0.00010104099055752158,ValueError,E3_STRICT_MULTITRIP_V2: route EV_D_guangzhou_2#T1 misses C012's time window
swap:CV_D_dongguan_2#T1:C012<->EV_D_guangzhou_2#T1:C080,C012,C012:2.04503592614,REJECTED_CHARGING,False,,,[],,,,,,,,,,0.00010862501221708953,ValueError,E3_STRICT_MULTITRIP_V2: route EV_D_guangzhou_2#T1 misses C012's time window
swap:CV_D_dongguan_2#T1:C012<->EV_D_guangzhou_2#T1:C085,C012,C012:2.04503592614,REJECTED_CHARGING,False,,,[],,,,,,,,,,0.00010570802260190248,ValueError,E3_STRICT_MULTITRIP_V2: route EV_D_guangzhou_2#T1 misses C012's time window
swap:CV_D_dongguan_2#T1:C012<->EV_D_shenzhen_1#T1:C109,C012,C012:2.04503592614,REJECTED_CHARGING,False,,,[],,,,,,,,,,0.000120542012155056,ValueError,E3_STRICT_MULTITRIP_V2: route EV_D_shenzhen_1#T1 misses C012's time window
swap:CV_D_dongguan_2#T1:C012<->EV_D_shenzhen_1#T1:C127,C012,C012:2.04503592614,REJECTED_CHARGING,False,,,[],,,,,,,,,,0.00011341701610945165,ValueError,E3_STRICT_MULTITRIP_V2: route EV_D_shenzhen_1#T1 misses C012's time window
swap:CV_D_dongguan_2#T1:C012<->EV_D_shenzhen_1#T1:C132,C012,C012:2.04503592614,REJECTED_CHARGING,False,,,[],,,,,,,,,,0.00010945799294859171,ValueError,E3_STRICT_MULTITRIP_V2: route EV_D_shenzhen_1#T1 misses C012's time window
swap:CV_D_dongguan_2#T1:C012<->EV_D_shenzhen_1#T1:C133,C012,C012:2.04503592614,REJECTED_CHARGING,False,,,[],,,,,,,,,,0.00010883298818953335,ValueError,E3_STRICT_MULTITRIP_V2: route EV_D_shenzhen_1#T1 misses C012's time window
swap:CV_D_dongguan_2#T1:C012<->EV_D_shenzhen_1#T1:C136,C012,C012:2.04503592614,REJECTED_CHARGING,False,,,[],,,,,,,,,,0.00010716699762269855,ValueError,E3_STRICT_MULTITRIP_V2: route EV_D_shenzhen_1#T1 misses C132's time window
swap:CV_D_dongguan_2#T1:C012<->EV_D_shenzhen_1#T1:C138,C012,C012:2.04503592614,REJECTED_CHARGING,False,,,[],,,,,,,,,,0.00010329199722036719,ValueError,E3_STRICT_MULTITRIP_V2: route EV_D_shenzhen_1#T1 misses C136's time window
swap:CV_D_dongguan_2#T1:C012<->EV_D_shenzhen_1#T1:C141,C012,C012:2.04503592614,REJECTED_CHARGING,False,,,[],,,,,,,,,,0.00010120897786691785,ValueError,E3_STRICT_MULTITRIP_V2: route EV_D_shenzhen_1#T1 misses C138's time window
swap:CV_D_dongguan_2#T1:C012<->EV_D_shenzhen_1#T1:C142,C012,C012:2.04503592614,REJECTED_CHARGING,False,,,[],,,,,,,,,,0.00010704199667088687,ValueError,E3_STRICT_MULTITRIP_V2: route EV_D_shenzhen_1#T1 misses C012's time window
swap:CV_D_dongguan_2#T1:C012<->EV_D_shenzhen_1#T2:C117,C012,C012:2.04503592614,REJECTED_CHARGING,False,,,[],,,,,,,,,,0.028790750016923994,ValueError,E3_STRICT_MULTITRIP_V2: route EV_D_shenzhen_1#T2 misses C012's time window
swap:CV_D_dongguan_2#T1:C012<->EV_D_shenzhen_1#T2:C146,C012,C012:2.04503592614,REJECTED_CHARGING,False,,,[],,,,,,,,,,0.06619041701196693,ValueError,no feasible depot charging window
swap:CV_D_dongguan_2#T1:C012<->EV_D_shenzhen_2#T1:C094,C012,C012:2.04503592614,REJECTED_CHARGING,False,,,[],,,,,,,,,,0.00018541599274612963,ValueError,E3_STRICT_MULTITRIP_V2: route EV_D_shenzhen_2#T1 misses C012's time window
swap:CV_D_dongguan_2#T1:C012<->EV_D_shenzhen_2#T1:C097,C012,C012:2.04503592614,REJECTED_CHARGING,False,,,[],,,,,,,,,,0.00012983300257474184,ValueError,E3_STRICT_MULTITRIP_V2: route EV_D_shenzhen_2#T1 misses C012's time window
swap:CV_D_dongguan_2#T1:C012<->EV_D_shenzhen_2#T1:C098,C012,C012:2.04503592614,REJECTED_CHARGING,False,,,[],,,,,,,,,,0.00011225001071579754,ValueError,E3_STRICT_MULTITRIP_V2: route EV_D_shenzhen_2#T1 misses C012's time window
swap:CV_D_dongguan_2#T1:C012<->EV_D_shenzhen_2#T1:C119,C012,C012:2.04503592614,REJECTED_CHARGING,False,,,[],,,,,,,,,,0.00010604201816022396,ValueError,E3_STRICT_MULTITRIP_V2: route EV_D_shenzhen_2#T1 misses C012's time window
swap:CV_D_dongguan_2#T1:C012<->EV_D_shenzhen_2#T1:C140,C012,C012:2.04503592614,REJECTED_CHARGING,False,,,[],,,,,,,,,,0.00010487501276656985,ValueError,E3_STRICT_MULTITRIP_V2: route EV_D_shenzhen_2#T1 misses C012's time window
swap:CV_D_dongguan_2#T1:C012<->EV_D_shenzhen_2#T1:C149,C012,C012:2.04503592614,REJECTED_CHARGING,False,,,[],,,,,,,,,,0.00011683302000164986,ValueError,E3_STRICT_MULTITRIP_V2: route EV_D_shenzhen_2#T1 misses C097's time window
swap:CV_D_dongguan_2#T1:C012<->EV_D_shenzhen_2#T1:C150,C012,C012:2.04503592614,REJECTED_CHARGING,False,,,[],,,,,,,,,,0.00010579099762253463,ValueError,E3_STRICT_MULTITRIP_V2: route EV_D_shenzhen_2#T1 misses C012's time window
swap:CV_D_dongguan_2#T1:C016<->CV_D_guangzhou_2#T1:C069,C069,C069:1.03288723259,REJECTED_INTERFACE,False,,,[],,,,,,,,,,0.0012094170087948442,ValueError,E3_STRICT_MULTITRIP_V2: route CV_D_dongguan_2#T1 misses C069's time window
swap:CV_D_dongguan_2#T1:C016<->CV_D_guangzhou_3#T1:C089,C089,C089:2.65628788961,REJECTED_INTERFACE,False,,,[],,,,,,,,,,0.0011546250025276095,ValueError,E3_STRICT_MULTITRIP_V2: route CV_D_dongguan_2#T1 misses C020's time window
swap:CV_D_dongguan_2#T1:C016<->CV_D_guangzhou_3#T2:C043,C043,C043:5.609774712,REJECTED_INTERFACE,False,,,[],,,,,,,,,,0.0011536669917404652,ValueError,E3_STRICT_MULTITRIP_V2: route CV_D_dongguan_2#T1 misses C020's time window
swap:CV_D_dongguan_2#T1:C016<->EV_D_guangzhou_1#T1:C064,C064,C064:4.51895645403,REJECTED_CHARGING,False,,,[],,,,,,,,,,0.00011908399756066501,ValueError,E3_STRICT_MULTITRIP_V2: route EV_D_guangzhou_1#T1 misses C016's time window
swap:CV_D_dongguan_2#T1:C016<->EV_D_guangzhou_1#T1:C081,C081,C081:1.15613569085,REJECTED_CHARGING,False,,,[],,,,,,,,,,0.00010066700633615255,ValueError,E3_STRICT_MULTITRIP_V2: route EV_D_guangzhou_1#T1 misses C073's time window
swap:CV_D_dongguan_2#T1:C017<->CV_D_guangzhou_2#T1:C069,C069,C069:1.03288723259,REJECTED_INTERFACE,False,,,[],,,,,,,,,,0.0016608749865554273,ValueError,E3_STRICT_MULTITRIP_V2: route CV_D_guangzhou_2#T1 misses C051's time window
swap:CV_D_dongguan_2#T1:C017<->CV_D_guangzhou_3#T1:C089,C089,C089:2.65628788961,REJECTED_INTERFACE,False,,,[],,,,,,,,,,0.001298334012972191,ValueError,E3_STRICT_MULTITRIP_V2: route CV_D_dongguan_2#T1 misses C012's time window
swap:CV_D_dongguan_2#T1:C017<->CV_D_guangzhou_3#T2:C043,C043,C043:5.609774712,REJECTED_INTERFACE,False,,,[],,,,,,,,,,0.0012637079926207662,ValueError,E3_STRICT_MULTITRIP_V2: route CV_D_dongguan_2#T1 misses C012's time window
swap:CV_D_dongguan_2#T1:C017<->EV_D_guangzhou_1#T1:C064,C064,C064:4.51895645403,REJECTED_CHARGING,False,,,[],,,,,,,,,,0.00014020799426361918,ValueError,E3_STRICT_MULTITRIP_V2: route EV_D_guangzhou_1#T1 misses C017's time window
swap:CV_D_dongguan_2#T1:C017<->EV_D_guangzhou_1#T1:C081,C081,C081:1.15613569085,REJECTED_CHARGING,False,,,[],,,,,,,,,,0.00010554201435297728,ValueError,E3_STRICT_MULTITRIP_V2: route EV_D_guangzhou_1#T1 misses C044's time window
swap:CV_D_dongguan_2#T1:C020<->CV_D_guangzhou_2#T1:C069,C069,C069:1.03288723259,REJECTED_INTERFACE,False,,,[],,,,,,,,,,0.0011353750014677644,ValueError,E3_STRICT_MULTITRIP_V2: route CV_D_dongguan_2#T1 misses C069's time window
swap:CV_D_dongguan_2#T1:C020<->CV_D_guangzhou_3#T1:C089,C089,C089:2.65628788961,REJECTED_INTERFACE,False,,,[],,,,,,,,,,0.001138332998380065,ValueError,E3_STRICT_MULTITRIP_V2: route CV_D_dongguan_2#T1 misses C007's time window
swap:CV_D_dongguan_2#T1:C020<->CV_D_guangzhou_3#T2:C043,C043,C043:5.609774712,REJECTED_INTERFACE,False,,,[],,,,,,,,,,0.001130791992181912,ValueError,E3_STRICT_MULTITRIP_V2: route CV_D_dongguan_2#T1 misses C007's time window
swap:CV_D_dongguan_2#T1:C020<->EV_D_guangzhou_1#T1:C064,C064,C064:4.51895645403,REJECTED_CHARGING,False,,,[],,,,,,,,,,0.00011420800001360476,ValueError,E3_STRICT_MULTITRIP_V2: route EV_D_guangzhou_1#T1 misses C020's time window
swap:CV_D_dongguan_2#T1:C020<->EV_D_guangzhou_1#T1:C081,C081,C081:1.15613569085,REJECTED_CHARGING,False,,,[],,,,,,,,,,9.987500379793346e-05,ValueError,E3_STRICT_MULTITRIP_V2: route EV_D_guangzhou_1#T1 misses C073's time window
swap:CV_D_dongguan_2#T2:C014<->CV_D_guangzhou_2#T1:C069,C069,C069:1.03288723259,REJECTED_INTERFACE,False,,,[],,,,,,,,,,0.0011797500192187726,ValueError,E3_STRICT_MULTITRIP_V2: CV_D_dongguan_2 has overlap or incomplete recharge
swap:CV_D_dongguan_2#T2:C014<->CV_D_guangzhou_3#T1:C089,C089,C089:2.65628788961,REJECTED_INTERFACE,False,,,[],,,,,,,,,,0.0011651249951682985,ValueError,E3_STRICT_MULTITRIP_V2: CV_D_dongguan_2 has overlap or incomplete recharge
swap:CV_D_dongguan_2#T2:C014<->CV_D_guangzhou_3#T2:C043,C043,C043:5.609774712,REJECTED_INTERFACE,False,,,[],,,,,,,,,,0.0013944160018581897,ValueError,E3_STRICT_MULTITRIP_V2: route CV_D_guangzhou_3#T2 misses C014's time window
swap:CV_D_dongguan_2#T2:C014<->EV_D_guangzhou_1#T1:C064,C064,C064:4.51895645403,REJECTED_CHARGING,False,,,[],,,,,,,,,,0.00012004200834780931,ValueError,E3_STRICT_MULTITRIP_V2: route EV_D_guangzhou_1#T1 misses C079's time window
swap:CV_D_dongguan_2#T2:C014<->EV_D_guangzhou_1#T1:C081,C081,C081:1.15613569085,REJECTED_CHARGING,False,,,[],,,,,,,,,,9.979101014323533e-05,ValueError,E3_STRICT_MULTITRIP_V2: route EV_D_guangzhou_1#T1 misses C073's time window
swap:CV_D_foshan_1#T1:C026<->CV_D_guangzhou_2#T1:C069,C069,C069:1.03288723259,REJECTED_INTERFACE,False,,,[],,,,,,,,,,0.0011662920005619526,ValueError,E3_STRICT_MULTITRIP_V2: route CV_D_foshan_1#T1 misses C069's time window
swap:CV_D_foshan_1#T1:C026<->CV_D_guangzhou_3#T1:C089,C089,C089:2.65628788961,REJECTED_INTERFACE,False,,,[],,,,,,,,,,0.0011992090148851275,ValueError,E3_STRICT_MULTITRIP_V2: CV_D_foshan_1 has overlap or incomplete recharge
swap:CV_D_foshan_1#T1:C026<->CV_D_guangzhou_3#T2:C043,C043,C043:5.609774712,REJECTED_INTERFACE,False,,,[],,,,,,,,,,0.001198875019326806,ValueError,E3_STRICT_MULTITRIP_V2: CV_D_foshan_1 has overlap or incomplete recharge
swap:CV_D_foshan_1#T1:C026<->EV_D_guangzhou_1#T1:C064,C064,C064:4.51895645403,REJECTED_CHARGING,False,,,[],,,,,,,,,,0.00011662501492537558,ValueError,E3_STRICT_MULTITRIP_V2: route EV_D_guangzhou_1#T1 misses C026's time window
swap:CV_D_foshan_1#T1:C026<->EV_D_guangzhou_1#T1:C081,C081,C081:1.15613569085,REJECTED_CHARGING,False,,,[],,,,,,,,,,0.00010354199912399054,ValueError,E3_STRICT_MULTITRIP_V2: route EV_D_guangzhou_1#T1 misses C044's time window
swap:CV_D_foshan_1#T1:C030<->CV_D_guangzhou_2#T1:C069,C069,C069:1.03288723259,REJECTED_INTERFACE,False,,,[],,,,,,,,,,0.0011500419932417572,ValueError,E3_STRICT_MULTITRIP_V2: route CV_D_foshan_1#T1 misses C031's time window
swap:CV_D_foshan_1#T1:C030<->CV_D_guangzhou_3#T1:C089,C089,C089:2.65628788961,REJECTED_INTERFACE,False,,,[],,,,,,,,,,0.0014366660034283996,ValueError,E3_STRICT_MULTITRIP_V2: route CV_D_foshan_1#T1 misses C031's time window
swap:CV_D_foshan_1#T1:C030<->CV_D_guangzhou_3#T2:C043,C043,C043:5.609774712,REJECTED_INTERFACE,False,,,[],,,,,,,,,,0.00126937500317581,ValueError,E3_STRICT_MULTITRIP_V2: route CV_D_foshan_1#T1 misses C031's time window
swap:CV_D_foshan_1#T1:C030<->EV_D_guangzhou_1#T1:C064,C064,C064:4.51895645403,REJECTED_CHARGING,False,,,[],,,,,,,,,,0.00015191698912531137,ValueError,E3_STRICT_MULTITRIP_V2: route EV_D_guangzhou_1#T1 misses C030's time window
swap:CV_D_foshan_1#T1:C030<->EV_D_guangzhou_1#T1:C081,C081,C081:1.15613569085,REJECTED_INTERFACE,False,,,[],,,,,,,,,,0.03456804101006128,ValueError,E3_STRICT_MULTITRIP_V2: route CV_D_foshan_1#T1 misses C031's time window
swap:CV_D_foshan_1#T1:C031<->CV_D_guangzhou_2#T1:C069,C069,C069:1.03288723259,REJECTED_INTERFACE,False,,,[],,,,,,,,,,0.001182209001854062,ValueError,E3_STRICT_MULTITRIP_V2: route CV_D_foshan_1#T1 misses C041's time window
swap:CV_D_foshan_1#T1:C031<->CV_D_guangzhou_3#T1:C089,C089,C089:2.65628788961,REJECTED_INTERFACE,False,,,[],,,,,,,,,,0.0011580840218812227,ValueError,E3_STRICT_MULTITRIP_V2: route CV_D_foshan_1#T1 misses C041's time window
swap:CV_D_foshan_1#T1:C031<->CV_D_guangzhou_3#T2:C043,C043,C043:5.609774712,REJECTED_INTERFACE,False,,,[],,,,,,,,,,0.0011537919926922768,ValueError,E3_STRICT_MULTITRIP_V2: route CV_D_foshan_1#T1 misses C041's time window
swap:CV_D_foshan_1#T1:C031<->EV_D_guangzhou_1#T1:C064,C064,C064:4.51895645403,REJECTED_CHARGING,False,,,[],,,,,,,,,,0.00012700000661425292,ValueError,E3_STRICT_MULTITRIP_V2: route EV_D_guangzhou_1#T1 misses C031's time window
swap:CV_D_foshan_1#T1:C031<->EV_D_guangzhou_1#T1:C081,C081,C081:1.15613569085,REJECTED_INTERFACE,False,,,[],,,,,,,,,,0.033356749976519495,ValueError,E3_STRICT_MULTITRIP_V2: route CV_D_foshan_1#T1 misses C041's time window
swap:CV_D_foshan_1#T1:C036<->CV_D_guangzhou_2#T1:C069,C069,C069:1.03288723259,REJECTED_INTERFACE,False,,,[],,,,,,,,,,0.0011879590165335685,ValueError,E3_STRICT_MULTITRIP_V2: route CV_D_foshan_1#T1 misses C069's time window
swap:CV_D_foshan_1#T1:C036<->CV_D_guangzhou_3#T1:C089,C089,C089:2.65628788961,REJECTED_INTERFACE,False,,,[],,,,,,,,,,0.0011587909830268472,ValueError,E3_STRICT_MULTITRIP_V2: route CV_D_foshan_1#T1 misses C026's time window
swap:CV_D_foshan_1#T1:C036<->CV_D_guangzhou_3#T2:C043,C043,C043:5.609774712,REJECTED_INTERFACE,False,,,[],,,,,,,,,,0.0011562079889699817,ValueError,E3_STRICT_MULTITRIP_V2: route CV_D_foshan_1#T1 misses C026's time window
swap:CV_D_foshan_1#T1:C036<->EV_D_guangzhou_1#T1:C064,C064,C064:4.51895645403,REJECTED_CHARGING,False,,,[],,,,,,,,,,0.00012604097719304264,ValueError,E3_STRICT_MULTITRIP_V2: route EV_D_guangzhou_1#T1 misses C036's time window
swap:CV_D_foshan_1#T1:C036<->EV_D_guangzhou_1#T1:C081,C081,C081:1.15613569085,REJECTED_CHARGING,False,,,[],,,,,,,,,,0.00010625002323649824,ValueError,E3_STRICT_MULTITRIP_V2: route EV_D_guangzhou_1#T1 misses C086's time window
swap:CV_D_foshan_1#T1:C039<->CV_D_guangzhou_2#T1:C069,C069,C069:1.03288723259,REJECTED_INTERFACE,False,,,[],,,,,,,,,,0.001161541003966704,ValueError,E3_STRICT_MULTITRIP_V2: route CV_D_foshan_1#T1 misses C036's time window
swap:CV_D_foshan_1#T1:C039<->CV_D_guangzhou_3#T1:C089,C089,C089:2.65628788961,REJECTED_INTERFACE,False,,,[],,,,,,,,,,0.0011555420060176402,ValueError,E3_STRICT_MULTITRIP_V2: route CV_D_foshan_1#T1 misses C036's time window
swap:CV_D_foshan_1#T1:C039<->CV_D_guangzhou_3#T2:C043,C043,C043:5.609774712,REJECTED_INTERFACE,False,,,[],,,,,,,,,,0.001148832991020754,ValueError,E3_STRICT_MULTITRIP_V2: route CV_D_foshan_1#T1 misses C036's time window
swap:CV_D_foshan_1#T1:C039<->EV_D_guangzhou_1#T1:C064,C064,C064:4.51895645403,REJECTED_CHARGING,False,,,[],,,,,,,,,,0.00011979197734035552,ValueError,E3_STRICT_MULTITRIP_V2: route EV_D_guangzhou_1#T1 misses C039's time window
swap:CV_D_foshan_1#T1:C039<->EV_D_guangzhou_1#T1:C081,C081,C081:1.15613569085,REJECTED_INTERFACE,False,,,[],,,,,,,,,,0.034817917010514066,ValueError,E3_STRICT_MULTITRIP_V2: route CV_D_foshan_1#T1 misses C036's time window
swap:CV_D_foshan_1#T1:C041<->CV_D_guangzhou_2#T1:C069,C069,C069:1.03288723259,REJECTED_INTERFACE,False,,,[],,,,,,,,,,0.0014534580113831908,ValueError,E3_STRICT_MULTITRIP_V2: route CV_D_foshan_1#T1 misses C039's time window
swap:CV_D_foshan_1#T1:C041<->CV_D_guangzhou_3#T1:C089,C089,C089:2.65628788961,REJECTED_INTERFACE,False,,,[],,,,,,,,,,0.001345040975138545,ValueError,E3_STRICT_MULTITRIP_V2: route CV_D_foshan_1#T1 misses C039's time window
swap:CV_D_foshan_1#T1:C041<->CV_D_guangzhou_3#T2:C043,C043,C043:5.609774712,REJECTED_INTERFACE,False,,,[],,,,,,,,,,0.001174542005173862,ValueError,E3_STRICT_MULTITRIP_V2: route CV_D_foshan_1#T1 misses C039's time window
swap:CV_D_foshan_1#T1:C041<->EV_D_guangzhou_1#T1:C064,C064,C064:4.51895645403,REJECTED_CHARGING,False,,,[],,,,,,,,,,0.0001370410027448088,ValueError,E3_STRICT_MULTITRIP_V2: route EV_D_guangzhou_1#T1 misses C041's time window
swap:CV_D_foshan_1#T1:C041<->EV_D_guangzhou_1#T1:C081,C081,C081:1.15613569085,REJECTED_INTERFACE,False,,,[],,,,,,,,,,0.03534658398712054,ValueError,E3_STRICT_MULTITRIP_V2: route CV_D_foshan_1#T1 misses C039's time window
swap:CV_D_foshan_1#T2:C022<->CV_D_guangzhou_2#T1:C069,C069,C069:1.03288723259,REJECTED_INTERFACE,False,,,[],,,,,,,,,,0.001235749979969114,ValueError,E3_STRICT_MULTITRIP_V2: route CV_D_foshan_1#T2 misses C069's time window
swap:CV_D_foshan_1#T2:C022<->CV_D_guangzhou_3#T1:C089,C089,C089:2.65628788961,REJECTED_INTERFACE,False,,,[],,,,,,,,,,0.0011870420130435377,ValueError,E3_STRICT_MULTITRIP_V2: route CV_D_foshan_1#T2 misses C089's time window
swap:CV_D_foshan_1#T2:C022<->CV_D_guangzhou_3#T2:C043,C043,C043:5.609774712,REJECTED_INTERFACE,False,,,[],,,,,,,,,,0.0011762500216718763,ValueError,E3_STRICT_MULTITRIP_V2: route CV_D_foshan_1#T2 misses C027's time window
swap:CV_D_foshan_1#T2:C022<->EV_D_guangzhou_1#T1:C064,C064,C064:4.51895645403,REJECTED_CHARGING,False,,,[],,,,,,,,,,0.0001301660086028278,ValueError,E3_STRICT_MULTITRIP_V2: route EV_D_guangzhou_1#T1 misses C079's time window
swap:CV_D_foshan_1#T2:C022<->EV_D_guangzhou_1#T1:C081,C081,C081:1.15613569085,REJECTED_CHARGING,False,,,[],,,,,,,,,,0.00010745800682343543,ValueError,E3_STRICT_MULTITRIP_V2: route EV_D_guangzhou_1#T1 misses C073's time window
swap:CV_D_foshan_1#T2:C025<->CV_D_guangzhou_2#T1:C069,C069,C069:1.03288723259,REJECTED_INTERFACE,False,,,[],,,,,,,,,,0.0011732919956557453,ValueError,E3_STRICT_MULTITRIP_V2: route CV_D_foshan_1#T2 misses C069's time window
swap:CV_D_foshan_1#T2:C025<->CV_D_guangzhou_3#T1:C089,C089,C089:2.65628788961,REJECTED_INTERFACE,False,,,[],,,,,,,,,,0.0014612080121878535,ValueError,E3_STRICT_MULTITRIP_V2: route CV_D_guangzhou_3#T1 misses C072's time window
swap:CV_D_foshan_1#T2:C025<->CV_D_guangzhou_3#T2:C043,C043,C043:5.609774712,REJECTED_INTERFACE,False,,,[],,,,,,,,,,0.001179665996460244,ValueError,E3_STRICT_MULTITRIP_V2: route CV_D_foshan_1#T2 misses C037's time window
swap:CV_D_foshan_1#T2:C025<->EV_D_guangzhou_1#T1:C064,C064,C064:4.51895645403,REJECTED_CHARGING,False,,,[],,,,,,,,,,0.00012074998812749982,ValueError,E3_STRICT_MULTITRIP_V2: route EV_D_guangzhou_1#T1 misses C079's time window
swap:CV_D_foshan_1#T2:C025<->EV_D_guangzhou_1#T1:C081,C081,C081:1.15613569085,REJECTED_CHARGING,False,,,[],,,,,,,,,,0.00010458400356583297,ValueError,E3_STRICT_MULTITRIP_V2: route EV_D_guangzhou_1#T1 misses C073's time window
swap:CV_D_foshan_1#T2:C027<->CV_D_guangzhou_2#T1:C069,C069,C069:1.03288723259,REJECTED_INTERFACE,False,,,[],,,,,,,,,,0.0011786249815486372,ValueError,E3_STRICT_MULTITRIP_V2: route CV_D_foshan_1#T2 misses C069's time window
swap:CV_D_foshan_1#T2:C027<->CV_D_guangzhou_3#T1:C089,C089,C089:2.65628788961,REJECTED_INTERFACE,False,,,[],,,,,,,,,,0.0011983750155195594,ValueError,E3_STRICT_MULTITRIP_V2: route CV_D_foshan_1#T2 misses C089's time window
swap:CV_D_foshan_1#T2:C027<->CV_D_guangzhou_3#T2:C043,C043,C043:5.609774712,REJECTED_INTERFACE,False,,,[],,,,,,,,,,0.0014466670108959079,ValueError,E3_STRICT_MULTITRIP_V2: route CV_D_foshan_1#T2 misses C034's time window
swap:CV_D_foshan_1#T2:C027<->EV_D_guangzhou_1#T1:C064,C064,C064:4.51895645403,REJECTED_CHARGING,False,,,[],,,,,,,,,,0.00019916699966415763,ValueError,E3_STRICT_MULTITRIP_V2: route EV_D_guangzhou_1#T1 misses C079's time window
swap:CV_D_foshan_1#T2:C027<->EV_D_guangzhou_1#T1:C081,C081,C081:1.15613569085,REJECTED_CHARGING,False,,,[],,,,,,,,,,0.00011883300612680614,ValueError,E3_STRICT_MULTITRIP_V2: route EV_D_guangzhou_1#T1 misses C073's time window
swap:CV_D_foshan_1#T2:C034<->CV_D_guangzhou_2#T1:C069,C069,C069:1.03288723259,REJECTED_INTERFACE,False,,,[],,,,,,,,,,0.001275625021662563,ValueError,E3_STRICT_MULTITRIP_V2: route CV_D_foshan_1#T2 misses C069's time window
swap:CV_D_foshan_1#T2:C034<->CV_D_guangzhou_3#T1:C089,C089,C089:2.65628788961,REJECTED_INTERFACE,False,,,[],,,,,,,,,,0.0012466659827623516,ValueError,E3_STRICT_MULTITRIP_V2: route CV_D_foshan_1#T2 misses C089's time window
swap:CV_D_foshan_1#T2:C034<->CV_D_guangzhou_3#T2:C043,C043,C043:5.609774712,EVALUATED,True,False,2,"[{""detail"": ""initial load 1876.000000 exceeds Q=1735.000000"", ""location"": ""D_foshan"", ""severity"": ""hard"", ""type"": ""CAPACITY"", ""vehicle_id"": ""CV_D_foshan_1#T2""}, {""detail"": ""profit Pi=15742.751962 below theta*Pi0=16098.687226 (theta=1.000000, Pi0=16098.687226)"", ""location"": ""D_guangzhou"", ""severity"": ""hard"", ""type"": ""PROFIT_FAIRNESS"", ""vehicle_id"": """"}]",2,6192.355379290017,45.637819232163565,667.1052393035197,-355.9352634798215,49739.16416721431,False,0.4740953687509735,0,0.010554499982390553,,
swap:CV_D_foshan_1#T2:C034<->EV_D_guangzhou_1#T1:C064,C064,C064:4.51895645403,REJECTED_CHARGING,False,,,[],,,,,,,,,,0.00018412500503472984,ValueError,E3_STRICT_MULTITRIP_V2: route EV_D_guangzhou_1#T1 misses C079's time window
swap:CV_D_foshan_1#T2:C034<->EV_D_guangzhou_1#T1:C081,C081,C081:1.15613569085,REJECTED_CHARGING,False,,,[],,,,,,,,,,0.00012450001668184996,ValueError,E3_STRICT_MULTITRIP_V2: route EV_D_guangzhou_1#T1 misses C073's time window
swap:CV_D_foshan_1#T2:C037<->CV_D_guangzhou_2#T1:C069,C069,C069:1.03288723259,REJECTED_INTERFACE,False,,,[],,,,,,,,,,0.0016980000073090196,ValueError,E3_STRICT_MULTITRIP_V2: route CV_D_foshan_1#T2 misses C069's time window
swap:CV_D_foshan_1#T2:C037<->CV_D_guangzhou_3#T1:C089,C089,C089:2.65628788961,REJECTED_INTERFACE,False,,,[],,,,,,,,,,0.0012399580155033618,ValueError,E3_STRICT_MULTITRIP_V2: route CV_D_foshan_1#T2 misses C089's time window
swap:CV_D_foshan_1#T2:C037<->CV_D_guangzhou_3#T2:C043,C043,C043:5.609774712,REJECTED_INTERFACE,False,,,[],,,,,,,,,,0.0012144579959567636,ValueError,E3_STRICT_MULTITRIP_V2: route CV_D_foshan_1#T2 misses C022's time window
swap:CV_D_foshan_1#T2:C037<->EV_D_guangzhou_1#T1:C064,C064,C064:4.51895645403,REJECTED_CHARGING,False,,,[],,,,,,,,,,0.00013945897808298469,ValueError,E3_STRICT_MULTITRIP_V2: route EV_D_guangzhou_1#T1 misses C079's time window
swap:CV_D_foshan_1#T2:C037<->EV_D_guangzhou_1#T1:C081,C081,C081:1.15613569085,REJECTED_CHARGING,False,,,[],,,,,,,,,,0.0001102499954868108,ValueError,E3_STRICT_MULTITRIP_V2: route EV_D_guangzhou_1#T1 misses C073's time window
swap:CV_D_foshan_1#T2:C038<->CV_D_guangzhou_2#T1:C069,C069,C069:1.03288723259,REJECTED_INTERFACE,False,,,[],,,,,,,,,,0.0012522500182967633,ValueError,E3_STRICT_MULTITRIP_V2: CV_D_foshan_1 has overlap or incomplete recharge
swap:CV_D_foshan_1#T2:C038<->CV_D_guangzhou_3#T1:C089,C089,C089:2.65628788961,REJECTED_INTERFACE,False,,,[],,,,,,,,,,0.0014976670208852738,ValueError,E3_STRICT_MULTITRIP_V2: CV_D_guangzhou_3 has overlap or incomplete recharge
swap:CV_D_foshan_1#T2:C038<->CV_D_guangzhou_3#T2:C043,C043,C043:5.609774712,REJECTED_INTERFACE,False,,,[],,,,,,,,,,0.0012414999946486205,ValueError,E3_STRICT_MULTITRIP_V2: route CV_D_foshan_1#T2 misses C025's time window
swap:CV_D_foshan_1#T2:C038<->EV_D_guangzhou_1#T1:C064,C064,C064:4.51895645403,REJECTED_CHARGING,False,,,[],,,,,,,,,,0.0001286249898839742,ValueError,E3_STRICT_MULTITRIP_V2: route EV_D_guangzhou_1#T1 misses C079's time window
swap:CV_D_foshan_1#T2:C038<->EV_D_guangzhou_1#T1:C081,C081,C081:1.15613569085,REJECTED_CHARGING,False,,,[],,,,,,,,,,0.00011545800953172147,ValueError,E3_STRICT_MULTITRIP_V2: route EV_D_guangzhou_1#T1 misses C073's time window
swap:CV_D_foshan_2#T1:C021<->CV_D_guangzhou_2#T1:C069,C069,C069:1.03288723259,REJECTED_INTERFACE,False,,,[],,,,,,,,,,0.0012094999838154763,ValueError,E3_STRICT_MULTITRIP_V2: route CV_D_foshan_2#T1 misses C069's time window
swap:CV_D_foshan_2#T1:C021<->CV_D_guangzhou_3#T1:C089,C089,C089:2.65628788961,REJECTED_INTERFACE,False,,,[],,,,,,,,,,0.0012021669826935977,ValueError,E3_STRICT_MULTITRIP_V2: route CV_D_foshan_2#T1 misses C033's time window
swap:CV_D_foshan_2#T1:C021<->CV_D_guangzhou_3#T2:C043,C043,C043:5.609774712,REJECTED_INTERFACE,False,,,[],,,,,,,,,,0.0011910829925909638,ValueError,E3_STRICT_MULTITRIP_V2: route CV_D_foshan_2#T1 misses C033's time window
swap:CV_D_foshan_2#T1:C021<->EV_D_guangzhou_1#T1:C064,C064,C064:4.51895645403,REJECTED_CHARGING,False,,,[],,,,,,,,,,0.00013316702097654343,ValueError,E3_STRICT_MULTITRIP_V2: route EV_D_guangzhou_1#T1 misses C021's time window
swap:CV_D_foshan_2#T1:C021<->EV_D_guangzhou_1#T1:C081,C081,C081:1.15613569085,REJECTED_CHARGING,False,,,[],,,,,,,,,,0.0001084999821614474,ValueError,E3_STRICT_MULTITRIP_V2: route EV_D_guangzhou_1#T1 misses C044's time window
swap:CV_D_foshan_2#T1:C023<->CV_D_guangzhou_2#T1:C069,C069,C069:1.03288723259,REJECTED_INTERFACE,False,,,[],,,,,,,,,,0.0012032919912599027,ValueError,E3_STRICT_MULTITRIP_V2: route CV_D_foshan_2#T1 misses C069's time window
swap:CV_D_foshan_2#T1:C023<->CV_D_guangzhou_3#T1:C089,C089,C089:2.65628788961,REJECTED_INTERFACE,False,,,[],,,,,,,,,,0.0012699580111075193,ValueError,E3_STRICT_MULTITRIP_V2: CV_D_foshan_2 has overlap or incomplete recharge
swap:CV_D_foshan_2#T1:C023<->CV_D_guangzhou_3#T2:C043,C043,C043:5.609774712,REJECTED_INTERFACE,False,,,[],,,,,,,,,,0.0012536660069599748,ValueError,E3_STRICT_MULTITRIP_V2: route CV_D_foshan_2#T1 misses C040's time window
swap:CV_D_foshan_2#T1:C023<->EV_D_guangzhou_1#T1:C064,C064,C064:4.51895645403,REJECTED_CHARGING,False,,,[],,,,,,,,,,0.00014379198546521366,ValueError,E3_STRICT_MULTITRIP_V2: route EV_D_guangzhou_1#T1 misses C079's time window
swap:CV_D_foshan_2#T1:C023<->EV_D_guangzhou_1#T1:C081,C081,C081:1.15613569085,REJECTED_CHARGING,False,,,[],,,,,,,,,,0.0001112080062739551,ValueError,E3_STRICT_MULTITRIP_V2: route EV_D_guangzhou_1#T1 misses C073's time window
swap:CV_D_foshan_2#T1:C024<->CV_D_guangzhou_2#T1:C069,C069,C069:1.03288723259,REJECTED_INTERFACE,False,,,[],,,,,,,,,,0.0017996660026255995,ValueError,E3_STRICT_MULTITRIP_V2: route CV_D_foshan_2#T1 misses C021's time window
swap:CV_D_foshan_2#T1:C024<->CV_D_guangzhou_3#T1:C089,C089,C089:2.65628788961,REJECTED_INTERFACE,False,,,[],,,,,,,,,,0.001342083007330075,ValueError,E3_STRICT_MULTITRIP_V2: route CV_D_foshan_2#T1 misses C021's time window
swap:CV_D_foshan_2#T1:C024<->CV_D_guangzhou_3#T2:C043,C043,C043:5.609774712,REJECTED_INTERFACE,False,,,[],,,,,,,,,,0.0012655000027734786,ValueError,E3_STRICT_MULTITRIP_V2: route CV_D_foshan_2#T1 misses C021's time window
swap:CV_D_foshan_2#T1:C024<->EV_D_guangzhou_1#T1:C064,C064,C064:4.51895645403,REJECTED_CHARGING,False,,,[],,,,,,,,,,0.0001474160235375166,ValueError,E3_STRICT_MULTITRIP_V2: route EV_D_guangzhou_1#T1 misses C024's time window
swap:CV_D_foshan_2#T1:C024<->EV_D_guangzhou_1#T1:C081,C081,C081:1.15613569085,REJECTED_CHARGING,False,,,[],,,,,,,,,,0.000110417022369802,ValueError,E3_STRICT_MULTITRIP_V2: route EV_D_guangzhou_1#T1 misses C086's time window
swap:CV_D_foshan_2#T1:C028<->CV_D_guangzhou_2#T1:C069,C069,C069:1.03288723259,REJECTED_INTERFACE,False,,,[],,,,,,,,,,0.0015106249775271863,ValueError,E3_STRICT_MULTITRIP_V2: route CV_D_guangzhou_2#T1 misses C071's time window
swap:CV_D_foshan_2#T1:C028<->CV_D_guangzhou_3#T1:C089,C089,C089:2.65628788961,REJECTED_INTERFACE,False,,,[],,,,,,,,,,0.0011631250090431422,ValueError,E3_STRICT_MULTITRIP_V2: route CV_D_foshan_2#T1 misses C024's time window
swap:CV_D_foshan_2#T1:C028<->CV_D_guangzhou_3#T2:C043,C043,C043:5.609774712,REJECTED_INTERFACE,False,,,[],,,,,,,,,,0.0011658750008791685,ValueError,E3_STRICT_MULTITRIP_V2: route CV_D_foshan_2#T1 misses C024's time window
swap:CV_D_foshan_2#T1:C028<->EV_D_guangzhou_1#T1:C064,C064,C064:4.51895645403,REJECTED_CHARGING,False,,,[],,,,,,,,,,0.00011895800707861781,ValueError,E3_STRICT_MULTITRIP_V2: route EV_D_guangzhou_1#T1 misses C028's time window
swap:CV_D_foshan_2#T1:C028<->EV_D_guangzhou_1#T1:C081,C081,C081:1.15613569085,EVALUATED,True,False,1,"[{""detail"": ""profit Pi=7138.990193 below theta*Pi0=7262.000022 (theta=1.000000, Pi0=7262.000022)"", ""location"": ""D_foshan"", ""severity"": ""hard"", ""type"": ""PROFIT_FAIRNESS"", ""vehicle_id"": """"}]",2,6189.140640270996,42.423080213143294,663.1418923119862,-123.00982888295766,12343.405968508912,False,0.6020520774226892,0,0.0385015000065323,,
swap:CV_D_foshan_2#T1:C033<->CV_D_guangzhou_2#T1:C069,C069,C069:1.03288723259,REJECTED_INTERFACE,False,,,[],,,,,,,,,,0.001248000015038997,ValueError,E3_STRICT_MULTITRIP_V2: route CV_D_foshan_2#T1 misses C069's time window
swap:CV_D_foshan_2#T1:C033<->CV_D_guangzhou_3#T1:C089,C089,C089:2.65628788961,REJECTED_INTERFACE,False,,,[],,,,,,,,,,0.0011919579992536455,ValueError,E3_STRICT_MULTITRIP_V2: route CV_D_foshan_2#T1 misses C035's time window
swap:CV_D_foshan_2#T1:C033<->CV_D_guangzhou_3#T2:C043,C043,C043:5.609774712,REJECTED_INTERFACE,False,,,[],,,,,,,,,,0.0013831660035066307,ValueError,E3_STRICT_MULTITRIP_V2: route CV_D_foshan_2#T1 misses C035's time window
swap:CV_D_foshan_2#T1:C033<->EV_D_guangzhou_1#T1:C064,C064,C064:4.51895645403,REJECTED_CHARGING,False,,,[],,,,,,,,,,0.00017425001715309918,ValueError,E3_STRICT_MULTITRIP_V2: route EV_D_guangzhou_1#T1 misses C033's time window
swap:CV_D_foshan_2#T1:C033<->EV_D_guangzhou_1#T1:C081,C081,C081:1.15613569085,REJECTED_CHARGING,False,,,[],,,,,,,,,,0.00011933300993405282,ValueError,E3_STRICT_MULTITRIP_V2: route EV_D_guangzhou_1#T1 misses C073's time window
swap:CV_D_foshan_2#T1:C035<->CV_D_guangzhou_2#T1:C069,C069,C069:1.03288723259,REJECTED_INTERFACE,False,,,[],,,,,,,,,,0.0013195420033298433,ValueError,E3_STRICT_MULTITRIP_V2: route CV_D_foshan_2#T1 misses C069's time window
swap:CV_D_foshan_2#T1:C035<->CV_D_guangzhou_3#T1:C089,C089,C089:2.65628788961,REJECTED_INTERFACE,False,,,[],,,,,,,,,,0.0013731670042034239,ValueError,E3_STRICT_MULTITRIP_V2: CV_D_foshan_2 has overlap or incomplete recharge
swap:CV_D_foshan_2#T1:C035<->CV_D_guangzhou_3#T2:C043,C043,C043:5.609774712,REJECTED_INTERFACE,False,,,[],,,,,,,,,,0.0012157500023022294,ValueError,E3_STRICT_MULTITRIP_V2: route CV_D_foshan_2#T1 misses C023's time window
swap:CV_D_foshan_2#T1:C035<->EV_D_guangzhou_1#T1:C064,C064,C064:4.51895645403,REJECTED_CHARGING,False,,,[],,,,,,,,,,0.00013862500782124698,ValueError,E3_STRICT_MULTITRIP_V2: route EV_D_guangzhou_1#T1 misses C079's time window
swap:CV_D_foshan_2#T1:C035<->EV_D_guangzhou_1#T1:C081,C081,C081:1.15613569085,REJECTED_CHARGING,False,,,[],,,,,,,,,,0.00010524998651817441,ValueError,E3_STRICT_MULTITRIP_V2: route EV_D_guangzhou_1#T1 misses C073's time window
swap:CV_D_foshan_2#T1:C040<->CV_D_guangzhou_2#T1:C069,C069,C069:1.03288723259,REJECTED_INTERFACE,False,,,[],,,,,,,,,,0.0011861669772770256,ValueError,E3_STRICT_MULTITRIP_V2: route CV_D_foshan_2#T1 misses C069's time window
swap:CV_D_foshan_2#T1:C040<->CV_D_guangzhou_3#T1:C089,C089,C089:2.65628788961,REJECTED_INTERFACE,False,,,[],,,,,,,,,,0.0014593329979106784,ValueError,E3_STRICT_MULTITRIP_V2: CV_D_guangzhou_3 has overlap or incomplete recharge
swap:CV_D_foshan_2#T1:C040<->CV_D_guangzhou_3#T2:C043,C043,C043:5.609774712,REJECTED_INTERFACE,False,,,[],,,,,,,,,,0.0012177079916000366,ValueError,E3_STRICT_MULTITRIP_V2: CV_D_foshan_2 has overlap or incomplete recharge
swap:CV_D_foshan_2#T1:C040<->EV_D_guangzhou_1#T1:C064,C064,C064:4.51895645403,REJECTED_CHARGING,False,,,[],,,,,,,,,,0.0001211669878102839,ValueError,E3_STRICT_MULTITRIP_V2: route EV_D_guangzhou_1#T1 misses C079's time window
swap:CV_D_foshan_2#T1:C040<->EV_D_guangzhou_1#T1:C081,C081,C081:1.15613569085,REJECTED_CHARGING,False,,,[],,,,,,,,,,0.00010387500515207648,ValueError,E3_STRICT_MULTITRIP_V2: route EV_D_guangzhou_1#T1 misses C073's time window
swap:CV_D_foshan_2#T2:C029<->CV_D_guangzhou_2#T1:C069,C069,C069:1.03288723259,REJECTED_INTERFACE,False,,,[],,,,,,,,,,0.0012115420249756426,ValueError,E3_STRICT_MULTITRIP_V2: CV_D_foshan_2 has overlap or incomplete recharge
swap:CV_D_foshan_2#T2:C029<->CV_D_guangzhou_3#T1:C089,C089,C089:2.65628788961,REJECTED_INTERFACE,False,,,[],,,,,,,,,,0.001210707996506244,ValueError,E3_STRICT_MULTITRIP_V2: CV_D_foshan_2 has overlap or incomplete recharge
swap:CV_D_foshan_2#T2:C029<->CV_D_guangzhou_3#T2:C043,C043,C043:5.609774712,REJECTED_INTERFACE,False,,,[],,,,,,,,,,0.0013957080082036555,ValueError,E3_STRICT_MULTITRIP_V2: route CV_D_guangzhou_3#T2 misses C029's time window
swap:CV_D_foshan_2#T2:C029<->EV_D_guangzhou_1#T1:C064,C064,C064:4.51895645403,REJECTED_CHARGING,False,,,[],,,,,,,,,,0.00012120799510739744,ValueError,E3_STRICT_MULTITRIP_V2: route EV_D_guangzhou_1#T1 misses C079's time window
swap:CV_D_foshan_2#T2:C029<->EV_D_guangzhou_1#T1:C081,C081,C081:1.15613569085,REJECTED_CHARGING,False,,,[],,,,,,,,,,0.00010229201870970428,ValueError,E3_STRICT_MULTITRIP_V2: route EV_D_guangzhou_1#T1 misses C073's time window
swap:CV_D_foshan_2#T2:C032<->CV_D_guangzhou_2#T1:C069,C069,C069:1.03288723259,REJECTED_INTERFACE,False,,,[],,,,,,,,,,0.0011894169729202986,ValueError,E3_STRICT_MULTITRIP_V2: route CV_D_foshan_2#T2 misses C069's time window
swap:CV_D_foshan_2#T2:C032<->CV_D_guangzhou_3#T1:C089,C089,C089:2.65628788961,REJECTED_INTERFACE,False,,,[],,,,,,,,,,0.001185375003842637,ValueError,E3_STRICT_MULTITRIP_V2: route CV_D_foshan_2#T2 misses C089's time window
swap:CV_D_foshan_2#T2:C032<->CV_D_guangzhou_3#T2:C043,C043,C043:5.609774712,EVALUATED,True,False,1,"[{""detail"": ""profit Pi=15955.876722 below theta*Pi0=16098.687226 (theta=1.000000, Pi0=16098.687226)"", ""location"": ""D_guangzhou"", ""severity"": ""hard"", ""type"": ""PROFIT_FAIRNESS"", ""vehicle_id"": """"}]",2,6199.029262526323,52.311702468469775,668.3968793757349,-142.81050368930482,14333.362071398955,False,0.4740953687509735,0,0.010319166991394013,,
swap:CV_D_foshan_2#T2:C032<->EV_D_guangzhou_1#T1:C064,C064,C064:4.51895645403,REJECTED_CHARGING,False,,,[],,,,,,,,,,0.00014695801655761898,ValueError,E3_STRICT_MULTITRIP_V2: route EV_D_guangzhou_1#T1 misses C079's time window
swap:CV_D_foshan_2#T2:C032<->EV_D_guangzhou_1#T1:C081,C081,C081:1.15613569085,REJECTED_CHARGING,False,,,[],,,,,,,,,,0.0001141660031862557,ValueError,E3_STRICT_MULTITRIP_V2: route EV_D_guangzhou_1#T1 misses C073's time window
swap:CV_D_guangzhou_2#T1:C069<->CV_D_shenzhen_1#T1:C093,C069,C069:1.03288723259,REJECTED_INTERFACE,False,,,[],,,,,,,,,,0.0012319589732214808,ValueError,E3_STRICT_MULTITRIP_V2: route CV_D_guangzhou_2#T1 misses C051's time window
swap:CV_D_guangzhou_2#T1:C069<->CV_D_shenzhen_1#T1:C100,C069,C069:1.03288723259,REJECTED_INTERFACE,False,,,[],,,,,,,,,,0.0012073329999111593,ValueError,E3_STRICT_MULTITRIP_V2: route CV_D_guangzhou_2#T1 misses C051's time window
swap:CV_D_guangzhou_2#T1:C069<->CV_D_shenzhen_1#T1:C106,C069,C069:1.03288723259,REJECTED_INTERFACE,False,,,[],,,,,,,,,,0.001196666999021545,ValueError,E3_STRICT_MULTITRIP_V2: route CV_D_guangzhou_2#T1 misses C051's time window
swap:CV_D_guangzhou_2#T1:C069<->CV_D_shenzhen_1#T1:C111,C069,C069:1.03288723259,REJECTED_INTERFACE,False,,,[],,,,,,,,,,0.0011915420182049274,ValueError,E3_STRICT_MULTITRIP_V2: route CV_D_guangzhou_2#T1 misses C051's time window
swap:CV_D_guangzhou_2#T1:C069<->CV_D_shenzhen_1#T1:C112,C069,C069:1.03288723259,REJECTED_INTERFACE,False,,,[],,,,,,,,,,0.0011917910014744848,ValueError,E3_STRICT_MULTITRIP_V2: route CV_D_guangzhou_2#T1 misses C051's time window
swap:CV_D_guangzhou_2#T1:C069<->CV_D_shenzhen_1#T1:C122,C069,C069:1.03288723259,REJECTED_INTERFACE,False,,,[],,,,,,,,,,0.0013637499941978604,ValueError,E3_STRICT_MULTITRIP_V2: route CV_D_guangzhou_2#T1 misses C051's time window
swap:CV_D_guangzhou_2#T1:C069<->CV_D_shenzhen_1#T1:C147,C069,C069:1.03288723259,REJECTED_INTERFACE,False,,,[],,,,,,,,,,0.001327332982327789,ValueError,E3_STRICT_MULTITRIP_V2: route CV_D_guangzhou_2#T1 misses C051's time window
swap:CV_D_guangzhou_2#T1:C069<->CV_D_shenzhen_1#T2:C115,C069,C069:1.03288723259,REJECTED_INTERFACE,False,,,[],,,,,,,,,,0.001319416012847796,ValueError,E3_STRICT_MULTITRIP_V2: route CV_D_guangzhou_2#T1 misses C051's time window
swap:CV_D_guangzhou_2#T1:C069<->CV_D_shenzhen_1#T2:C116,C069,C069:1.03288723259,REJECTED_INTERFACE,False,,,[],,,,,,,,,,0.0012033339880872518,ValueError,E3_STRICT_MULTITRIP_V2: route CV_D_guangzhou_2#T1 misses C051's time window
swap:CV_D_guangzhou_2#T1:C069<->CV_D_shenzhen_1#T2:C123,C069,C069:1.03288723259,REJECTED_INTERFACE,False,,,[],,,,,,,,,,0.0011888750013895333,ValueError,E3_STRICT_MULTITRIP_V2: route CV_D_guangzhou_2#T1 misses C051's time window
swap:CV_D_guangzhou_2#T1:C069<->CV_D_shenzhen_1#T2:C128,C069,C069:1.03288723259,REJECTED_INTERFACE,False,,,[],,,,,,,,,,0.0011884169944096357,ValueError,E3_STRICT_MULTITRIP_V2: route CV_D_guangzhou_2#T1 misses C051's time window
swap:CV_D_guangzhou_2#T1:C069<->CV_D_shenzhen_1#T2:C129,C069,C069:1.03288723259,REJECTED_INTERFACE,False,,,[],,,,,,,,,,0.001190167007734999,ValueError,E3_STRICT_MULTITRIP_V2: route CV_D_guangzhou_2#T1 misses C051's time window
swap:CV_D_guangzhou_2#T1:C069<->CV_D_shenzhen_2#T1:C104,C069,C069:1.03288723259,REJECTED_INTERFACE,False,,,[],,,,,,,,,,0.0011877919896505773,ValueError,E3_STRICT_MULTITRIP_V2: route CV_D_guangzhou_2#T1 misses C051's time window
swap:CV_D_guangzhou_2#T1:C069<->CV_D_shenzhen_2#T1:C108,C069,C069:1.03288723259,REJECTED_INTERFACE,False,,,[],,,,,,,,,,0.0011912499903701246,ValueError,E3_STRICT_MULTITRIP_V2: route CV_D_guangzhou_2#T1 misses C051's time window
swap:CV_D_guangzhou_2#T1:C069<->CV_D_shenzhen_2#T1:C114,C069,C069:1.03288723259,REJECTED_INTERFACE,False,,,[],,,,,,,,,,0.0011903330159839243,ValueError,E3_STRICT_MULTITRIP_V2: route CV_D_guangzhou_2#T1 misses C051's time window
swap:CV_D_guangzhou_2#T1:C069<->CV_D_shenzhen_2#T1:C126,C069,C069:1.03288723259,REJECTED_INTERFACE,False,,,[],,,,,,,,,,0.0011902500118594617,ValueError,E3_STRICT_MULTITRIP_V2: route CV_D_guangzhou_2#T1 misses C051's time window
swap:CV_D_guangzhou_2#T1:C069<->CV_D_shenzhen_2#T1:C135,C069,C069:1.03288723259,REJECTED_INTERFACE,False,,,[],,,,,,,,,,0.0011871249880641699,ValueError,E3_STRICT_MULTITRIP_V2: route CV_D_guangzhou_2#T1 misses C051's time window
swap:CV_D_guangzhou_2#T1:C069<->CV_D_shenzhen_2#T1:C143,C069,C069:1.03288723259,REJECTED_INTERFACE,False,,,[],,,,,,,,,,0.0011884169944096357,ValueError,E3_STRICT_MULTITRIP_V2: route CV_D_guangzhou_2#T1 misses C051's time window
swap:CV_D_guangzhou_2#T1:C069<->CV_D_shenzhen_2#T2:C101,C069,C069:1.03288723259,REJECTED_INTERFACE,False,,,[],,,,,,,,,,0.0014000419760122895,ValueError,E3_STRICT_MULTITRIP_V2: route CV_D_guangzhou_2#T1 misses C051's time window
swap:CV_D_guangzhou_2#T1:C069<->CV_D_shenzhen_2#T2:C103,C069,C069:1.03288723259,REJECTED_INTERFACE,False,,,[],,,,,,,,,,0.0014188339991960675,ValueError,E3_STRICT_MULTITRIP_V2: route CV_D_guangzhou_2#T1 misses C051's time window
swap:CV_D_guangzhou_2#T1:C069<->CV_D_shenzhen_2#T2:C105,C069,C069:1.03288723259,REJECTED_INTERFACE,False,,,[],,,,,,,,,,0.0013715419918298721,ValueError,E3_STRICT_MULTITRIP_V2: route CV_D_guangzhou_2#T1 misses C051's time window
swap:CV_D_guangzhou_2#T1:C069<->CV_D_shenzhen_2#T2:C131,C069,C069:1.03288723259,REJECTED_INTERFACE,False,,,[],,,,,,,,,,0.0012161250051576644,ValueError,E3_STRICT_MULTITRIP_V2: route CV_D_guangzhou_2#T1 misses C051's time window
swap:CV_D_guangzhou_2#T1:C069<->CV_D_shenzhen_2#T2:C137,C069,C069:1.03288723259,REJECTED_INTERFACE,False,,,[],,,,,,,,,,0.0012034589890390635,ValueError,E3_STRICT_MULTITRIP_V2: route CV_D_guangzhou_2#T1 misses C051's time window
swap:CV_D_guangzhou_2#T1:C069<->CV_D_shenzhen_2#T2:C145,C069,C069:1.03288723259,REJECTED_INTERFACE,False,,,[],,,,,,,,,,0.0011982499854639173,ValueError,E3_STRICT_MULTITRIP_V2: route CV_D_guangzhou_2#T1 misses C051's time window
swap:CV_D_guangzhou_2#T1:C069<->CV_D_shenzhen_3#T1:C102,C069,C069:1.03288723259,REJECTED_INTERFACE,False,,,[],,,,,,,,,,0.0012181249912828207,ValueError,E3_STRICT_MULTITRIP_V2: route CV_D_guangzhou_2#T1 misses C051's time window
swap:CV_D_guangzhou_2#T1:C069<->CV_D_shenzhen_3#T1:C107,C069,C069:1.03288723259,REJECTED_INTERFACE,False,,,[],,,,,,,,,,0.001182125008199364,ValueError,E3_STRICT_MULTITRIP_V2: route CV_D_guangzhou_2#T1 misses C051's time window
swap:CV_D_guangzhou_2#T1:C069<->CV_D_shenzhen_3#T1:C110,C069,C069:1.03288723259,REJECTED_INTERFACE,False,,,[],,,,,,,,,,0.0011884580017067492,ValueError,E3_STRICT_MULTITRIP_V2: route CV_D_guangzhou_2#T1 misses C051's time window
swap:CV_D_guangzhou_2#T1:C069<->CV_D_shenzhen_3#T1:C113,C069,C069:1.03288723259,REJECTED_INTERFACE,False,,,[],,,,,,,,,,0.0012239170027896762,ValueError,E3_STRICT_MULTITRIP_V2: route CV_D_guangzhou_2#T1 misses C051's time window
swap:CV_D_guangzhou_2#T1:C069<->CV_D_shenzhen_3#T1:C124,C069,C069:1.03288723259,REJECTED_INTERFACE,False,,,[],,,,,,,,,,0.0012189169938210398,ValueError,E3_STRICT_MULTITRIP_V2: route CV_D_guangzhou_2#T1 misses C051's time window
swap:CV_D_guangzhou_2#T1:C069<->CV_D_shenzhen_3#T1:C125,C069,C069:1.03288723259,REJECTED_INTERFACE,False,,,[],,,,,,,,,,0.0012105420173611492,ValueError,E3_STRICT_MULTITRIP_V2: route CV_D_guangzhou_2#T1 misses C051's time window
swap:CV_D_guangzhou_2#T1:C069<->CV_D_shenzhen_3#T1:C144,C069,C069:1.03288723259,REJECTED_INTERFACE,False,,,[],,,,,,,,,,0.0011866669810842723,ValueError,E3_STRICT_MULTITRIP_V2: route CV_D_guangzhou_2#T1 misses C051's time window
swap:CV_D_guangzhou_2#T1:C069<->CV_D_shenzhen_4#T1:C096,C069,C069:1.03288723259,REJECTED_INTERFACE,False,,,[],,,,,,,,,,0.0012390829797368497,ValueError,E3_STRICT_MULTITRIP_V2: route CV_D_guangzhou_2#T1 misses C051's time window
swap:CV_D_guangzhou_2#T1:C069<->CV_D_shenzhen_4#T1:C118,C069,C069:1.03288723259,REJECTED_INTERFACE,False,,,[],,,,,,,,,,0.0014560419949702919,ValueError,E3_STRICT_MULTITRIP_V2: route CV_D_guangzhou_2#T1 misses C051's time window
swap:CV_D_guangzhou_2#T1:C069<->CV_D_shenzhen_4#T1:C121,C069,C069:1.03288723259,REJECTED_INTERFACE,False,,,[],,,,,,,,,,0.001346875011222437,ValueError,E3_STRICT_MULTITRIP_V2: route CV_D_guangzhou_2#T1 misses C051's time window
swap:CV_D_guangzhou_2#T1:C069<->CV_D_shenzhen_4#T1:C130,C069,C069:1.03288723259,REJECTED_INTERFACE,False,,,[],,,,,,,,,,0.001195916993310675,ValueError,E3_STRICT_MULTITRIP_V2: route CV_D_guangzhou_2#T1 misses C051's time window
swap:CV_D_guangzhou_2#T1:C069<->CV_D_shenzhen_4#T1:C139,C069,C069:1.03288723259,REJECTED_INTERFACE,False,,,[],,,,,,,,,,0.0011802910012193024,ValueError,E3_STRICT_MULTITRIP_V2: route CV_D_guangzhou_2#T1 misses C051's time window
swap:CV_D_guangzhou_2#T1:C069<->CV_D_shenzhen_4#T1:C148,C069,C069:1.03288723259,REJECTED_INTERFACE,False,,,[],,,,,,,,,,0.0011891250032931566,ValueError,E3_STRICT_MULTITRIP_V2: route CV_D_guangzhou_2#T1 misses C051's time window
swap:CV_D_guangzhou_2#T1:C069<->CV_D_shenzhen_5#T1:C092,C069,C069:1.03288723259,REJECTED_INTERFACE,False,,,[],,,,,,,,,,0.0011999580019619316,ValueError,E3_STRICT_MULTITRIP_V2: route CV_D_guangzhou_2#T1 misses C051's time window
swap:CV_D_guangzhou_2#T1:C069<->CV_D_shenzhen_5#T1:C095,C069,C069:1.03288723259,REJECTED_INTERFACE,False,,,[],,,,,,,,,,0.0011771249992307276,ValueError,E3_STRICT_MULTITRIP_V2: route CV_D_guangzhou_2#T1 misses C051's time window
swap:CV_D_guangzhou_2#T1:C069<->CV_D_shenzhen_5#T1:C099,C069,C069:1.03288723259,REJECTED_INTERFACE,False,,,[],,,,,,,,,,0.0011812919983640313,ValueError,E3_STRICT_MULTITRIP_V2: route CV_D_guangzhou_2#T1 misses C051's time window
swap:CV_D_guangzhou_2#T1:C069<->CV_D_shenzhen_5#T1:C120,C069,C069:1.03288723259,REJECTED_INTERFACE,False,,,[],,,,,,,,,,0.0011836669873446226,ValueError,E3_STRICT_MULTITRIP_V2: route CV_D_guangzhou_2#T1 misses C051's time window
swap:CV_D_guangzhou_2#T1:C069<->CV_D_shenzhen_5#T1:C134,C069,C069:1.03288723259,REJECTED_INTERFACE,False,,,[],,,,,,,,,,0.0011697079753503203,ValueError,E3_STRICT_MULTITRIP_V2: route CV_D_guangzhou_2#T1 misses C051's time window
swap:CV_D_guangzhou_2#T1:C069<->EV_D_shenzhen_1#T1:C109,C069,C069:1.03288723259,REJECTED_CHARGING,False,,,[],,,,,,,,,,0.00014366698451340199,ValueError,E3_STRICT_MULTITRIP_V2: route EV_D_shenzhen_1#T1 misses C069's time window
swap:CV_D_guangzhou_2#T1:C069<->EV_D_shenzhen_1#T1:C127,C069,C069:1.03288723259,REJECTED_CHARGING,False,,,[],,,,,,,,,,0.00012216597679071128,ValueError,E3_STRICT_MULTITRIP_V2: route EV_D_shenzhen_1#T1 misses C069's time window
swap:CV_D_guangzhou_2#T1:C069<->EV_D_shenzhen_1#T1:C132,C069,C069:1.03288723259,REJECTED_CHARGING,False,,,[],,,,,,,,,,0.00011333299335092306,ValueError,E3_STRICT_MULTITRIP_V2: route EV_D_shenzhen_1#T1 misses C069's time window
swap:CV_D_guangzhou_2#T1:C069<->EV_D_shenzhen_1#T1:C133,C069,C069:1.03288723259,REJECTED_CHARGING,False,,,[],,,,,,,,,,0.00011283301864750683,ValueError,E3_STRICT_MULTITRIP_V2: route EV_D_shenzhen_1#T1 misses C069's time window
swap:CV_D_guangzhou_2#T1:C069<->EV_D_shenzhen_1#T1:C136,C069,C069:1.03288723259,REJECTED_CHARGING,False,,,[],,,,,,,,,,0.00010816700523719192,ValueError,E3_STRICT_MULTITRIP_V2: route EV_D_shenzhen_1#T1 misses C069's time window
swap:CV_D_guangzhou_2#T1:C069<->EV_D_shenzhen_1#T1:C138,C069,C069:1.03288723259,REJECTED_CHARGING,False,,,[],,,,,,,,,,0.00010529099381528795,ValueError,E3_STRICT_MULTITRIP_V2: route EV_D_shenzhen_1#T1 misses C069's time window
swap:CV_D_guangzhou_2#T1:C069<->EV_D_shenzhen_1#T1:C141,C069,C069:1.03288723259,REJECTED_CHARGING,False,,,[],,,,,,,,,,0.00010341600864194334,ValueError,E3_STRICT_MULTITRIP_V2: route EV_D_shenzhen_1#T1 misses C138's time window
swap:CV_D_guangzhou_2#T1:C069<->EV_D_shenzhen_1#T1:C142,C069,C069:1.03288723259,REJECTED_CHARGING,False,,,[],,,,,,,,,,0.00011337499017827213,ValueError,E3_STRICT_MULTITRIP_V2: route EV_D_shenzhen_1#T1 misses C069's time window
swap:CV_D_guangzhou_2#T1:C069<->EV_D_shenzhen_1#T2:C117,C069,C069:1.03288723259,REJECTED_CHARGING,False,,,[],,,,,,,,,,0.028494208003394306,ValueError,E3_STRICT_MULTITRIP_V2: route EV_D_shenzhen_1#T2 misses C069's time window
swap:CV_D_guangzhou_2#T1:C069<->EV_D_shenzhen_1#T2:C146,C069,C069:1.03288723259,REJECTED_CHARGING,False,,,[],,,,,,,,,,0.03736070799641311,ValueError,No feasible charging insert between C117 and D_shenzhen
swap:CV_D_guangzhou_2#T1:C069<->EV_D_shenzhen_2#T1:C094,C069,C069:1.03288723259,REJECTED_CHARGING,False,,,[],,,,,,,,,,0.0001552909961901605,ValueError,E3_STRICT_MULTITRIP_V2: route EV_D_shenzhen_2#T1 misses C069's time window
swap:CV_D_guangzhou_2#T1:C069<->EV_D_shenzhen_2#T1:C097,C069,C069:1.03288723259,REJECTED_CHARGING,False,,,[],,,,,,,,,,0.00011366599937900901,ValueError,E3_STRICT_MULTITRIP_V2: route EV_D_shenzhen_2#T1 misses C069's time window
swap:CV_D_guangzhou_2#T1:C069<->EV_D_shenzhen_2#T1:C098,C069,C069:1.03288723259,REJECTED_CHARGING,False,,,[],,,,,,,,,,0.00011212498066015542,ValueError,E3_STRICT_MULTITRIP_V2: route EV_D_shenzhen_2#T1 misses C069's time window
swap:CV_D_guangzhou_2#T1:C069<->EV_D_shenzhen_2#T1:C119,C069,C069:1.03288723259,REJECTED_CHARGING,False,,,[],,,,,,,,,,0.00010791700333356857,ValueError,E3_STRICT_MULTITRIP_V2: route EV_D_shenzhen_2#T1 misses C069's time window
swap:CV_D_guangzhou_2#T1:C069<->EV_D_shenzhen_2#T1:C140,C069,C069:1.03288723259,REJECTED_CHARGING,False,,,[],,,,,,,,,,0.00010645799920894206,ValueError,E3_STRICT_MULTITRIP_V2: route EV_D_shenzhen_2#T1 misses C069's time window
swap:CV_D_guangzhou_2#T1:C069<->EV_D_shenzhen_2#T1:C149,C069,C069:1.03288723259,REJECTED_CHARGING,False,,,[],,,,,,,,,,0.00010358402505517006,ValueError,E3_STRICT_MULTITRIP_V2: route EV_D_shenzhen_2#T1 misses C140's time window
swap:CV_D_guangzhou_2#T1:C069<->EV_D_shenzhen_2#T1:C150,C069,C069:1.03288723259,REJECTED_CHARGING,False,,,[],,,,,,,,,,0.00010974999167956412,ValueError,E3_STRICT_MULTITRIP_V2: route EV_D_shenzhen_2#T1 misses C069's time window
swap:CV_D_guangzhou_3#T1:C089<->CV_D_shenzhen_1#T1:C093,C089,C089:2.65628788961,REJECTED_INTERFACE,False,,,[],,,,,,,,,,0.0012843339936807752,ValueError,E3_STRICT_MULTITRIP_V2: route CV_D_guangzhou_3#T1 misses C093's time window
swap:CV_D_guangzhou_3#T1:C089<->CV_D_shenzhen_1#T1:C100,C089,C089:2.65628788961,REJECTED_INTERFACE,False,,,[],,,,,,,,,,0.0013048750115558505,ValueError,E3_STRICT_MULTITRIP_V2: route CV_D_guangzhou_3#T1 misses C100's time window
swap:CV_D_guangzhou_3#T1:C089<->CV_D_shenzhen_1#T1:C106,C089,C089:2.65628788961,REJECTED_INTERFACE,False,,,[],,,,,,,,,,0.0016039159963838756,ValueError,E3_STRICT_MULTITRIP_V2: route CV_D_guangzhou_3#T1 misses C106's time window
swap:CV_D_guangzhou_3#T1:C089<->CV_D_shenzhen_1#T1:C111,C089,C089:2.65628788961,REJECTED_INTERFACE,False,,,[],,,,,,,,,,0.0014067919983062893,ValueError,E3_STRICT_MULTITRIP_V2: route CV_D_guangzhou_3#T1 misses C111's time window
swap:CV_D_guangzhou_3#T1:C089<->CV_D_shenzhen_1#T1:C112,C089,C089:2.65628788961,REJECTED_INTERFACE,False,,,[],,,,,,,,,,0.0012373339850455523,ValueError,E3_STRICT_MULTITRIP_V2: route CV_D_guangzhou_3#T1 misses C112's time window
swap:CV_D_guangzhou_3#T1:C089<->CV_D_shenzhen_1#T1:C122,C089,C089:2.65628788961,REJECTED_INTERFACE,False,,,[],,,,,,,,,,0.001214707997860387,ValueError,E3_STRICT_MULTITRIP_V2: route CV_D_guangzhou_3#T1 misses C122's time window
swap:CV_D_guangzhou_3#T1:C089<->CV_D_shenzhen_1#T1:C147,C089,C089:2.65628788961,REJECTED_INTERFACE,False,,,[],,,,,,,,,,0.001213000010466203,ValueError,E3_STRICT_MULTITRIP_V2: route CV_D_guangzhou_3#T1 misses C147's time window
swap:CV_D_guangzhou_3#T1:C089<->CV_D_shenzhen_1#T2:C115,C089,C089:2.65628788961,REJECTED_INTERFACE,False,,,[],,,,,,,,,,0.0012016250111628324,ValueError,E3_STRICT_MULTITRIP_V2: route CV_D_guangzhou_3#T1 misses C115's time window
swap:CV_D_guangzhou_3#T1:C089<->CV_D_shenzhen_1#T2:C116,C089,C089:2.65628788961,REJECTED_INTERFACE,False,,,[],,,,,,,,,,0.0012009159836452454,ValueError,E3_STRICT_MULTITRIP_V2: route CV_D_guangzhou_3#T1 misses C072's time window
swap:CV_D_guangzhou_3#T1:C089<->CV_D_shenzhen_1#T2:C123,C089,C089:2.65628788961,REJECTED_INTERFACE,False,,,[],,,,,,,,,,0.0012426250032149255,ValueError,E3_STRICT_MULTITRIP_V2: route CV_D_guangzhou_3#T1 misses C123's time window
swap:CV_D_guangzhou_3#T1:C089<->CV_D_shenzhen_1#T2:C128,C089,C089:2.65628788961,REJECTED_INTERFACE,False,,,[],,,,,,,,,,0.0012298329966142774,ValueError,E3_STRICT_MULTITRIP_V2: route CV_D_guangzhou_3#T1 misses C072's time window
swap:CV_D_guangzhou_3#T1:C089<->CV_D_shenzhen_1#T2:C129,C089,C089:2.65628788961,REJECTED_INTERFACE,False,,,[],,,,,,,,,,0.0012089999800082296,ValueError,E3_STRICT_MULTITRIP_V2: route CV_D_guangzhou_3#T1 misses C129's time window
swap:CV_D_guangzhou_3#T1:C089<->CV_D_shenzhen_2#T1:C104,C089,C089:2.65628788961,REJECTED_INTERFACE,False,,,[],,,,,,,,,,0.0012319170054979622,ValueError,E3_STRICT_MULTITRIP_V2: route CV_D_guangzhou_3#T1 misses C104's time window
swap:CV_D_guangzhou_3#T1:C089<->CV_D_shenzhen_2#T1:C108,C089,C089:2.65628788961,REJECTED_INTERFACE,False,,,[],,,,,,,,,,0.001203124993480742,ValueError,E3_STRICT_MULTITRIP_V2: route CV_D_guangzhou_3#T1 misses C108's time window
swap:CV_D_guangzhou_3#T1:C089<->CV_D_shenzhen_2#T1:C114,C089,C089:2.65628788961,REJECTED_INTERFACE,False,,,[],,,,,,,,,,0.0012681249936576933,ValueError,E3_STRICT_MULTITRIP_V2: route CV_D_guangzhou_3#T1 misses C114's time window
swap:CV_D_guangzhou_3#T1:C089<->CV_D_shenzhen_2#T1:C126,C089,C089:2.65628788961,REJECTED_INTERFACE,False,,,[],,,,,,,,,,0.0014914170023985207,ValueError,E3_STRICT_MULTITRIP_V2: route CV_D_guangzhou_3#T1 misses C126's time window
swap:CV_D_guangzhou_3#T1:C089<->CV_D_shenzhen_2#T1:C135,C089,C089:2.65628788961,REJECTED_INTERFACE,False,,,[],,,,,,,,,,0.0014005840057507157,ValueError,E3_STRICT_MULTITRIP_V2: route CV_D_guangzhou_3#T1 misses C135's time window
swap:CV_D_guangzhou_3#T1:C089<->CV_D_shenzhen_2#T1:C143,C089,C089:2.65628788961,REJECTED_INTERFACE,False,,,[],,,,,,,,,,0.0012626250099856406,ValueError,E3_STRICT_MULTITRIP_V2: route CV_D_guangzhou_3#T1 misses C143's time window
swap:CV_D_guangzhou_3#T1:C089<->CV_D_shenzhen_2#T2:C101,C089,C089:2.65628788961,REJECTED_INTERFACE,False,,,[],,,,,,,,,,0.0012244580138940364,ValueError,E3_STRICT_MULTITRIP_V2: route CV_D_guangzhou_3#T1 misses C072's time window
swap:CV_D_guangzhou_3#T1:C089<->CV_D_shenzhen_2#T2:C103,C089,C089:2.65628788961,REJECTED_INTERFACE,False,,,[],,,,,,,,,,0.001211458002217114,ValueError,E3_STRICT_MULTITRIP_V2: route CV_D_guangzhou_3#T1 misses C072's time window
swap:CV_D_guangzhou_3#T1:C089<->CV_D_shenzhen_2#T2:C105,C089,C089:2.65628788961,REJECTED_INTERFACE,False,,,[],,,,,,,,,,0.001209666981594637,ValueError,E3_STRICT_MULTITRIP_V2: route CV_D_guangzhou_3#T1 misses C072's time window
swap:CV_D_guangzhou_3#T1:C089<->CV_D_shenzhen_2#T2:C131,C089,C089:2.65628788961,REJECTED_INTERFACE,False,,,[],,,,,,,,,,0.0012054579856339842,ValueError,E3_STRICT_MULTITRIP_V2: route CV_D_guangzhou_3#T1 misses C072's time window
swap:CV_D_guangzhou_3#T1:C089<->CV_D_shenzhen_2#T2:C137,C089,C089:2.65628788961,REJECTED_INTERFACE,False,,,[],,,,,,,,,,0.001207916997373104,ValueError,E3_STRICT_MULTITRIP_V2: route CV_D_guangzhou_3#T1 misses C072's time window
swap:CV_D_guangzhou_3#T1:C089<->CV_D_shenzhen_2#T2:C145,C089,C089:2.65628788961,REJECTED_INTERFACE,False,,,[],,,,,,,,,,0.0012037499982398003,ValueError,E3_STRICT_MULTITRIP_V2: route CV_D_guangzhou_3#T1 misses C072's time window
swap:CV_D_guangzhou_3#T1:C089<->CV_D_shenzhen_3#T1:C102,C089,C089:2.65628788961,REJECTED_INTERFACE,False,,,[],,,,,,,,,,0.0012055830156896263,ValueError,E3_STRICT_MULTITRIP_V2: route CV_D_guangzhou_3#T1 misses C102's time window
swap:CV_D_guangzhou_3#T1:C089<->CV_D_shenzhen_3#T1:C107,C089,C089:2.65628788961,REJECTED_INTERFACE,False,,,[],,,,,,,,,,0.0011989159975200891,ValueError,E3_STRICT_MULTITRIP_V2: route CV_D_guangzhou_3#T1 misses C107's time window
swap:CV_D_guangzhou_3#T1:C089<->CV_D_shenzhen_3#T1:C110,C089,C089:2.65628788961,REJECTED_INTERFACE,False,,,[],,,,,,,,,,0.0011986670142505318,ValueError,E3_STRICT_MULTITRIP_V2: route CV_D_guangzhou_3#T1 misses C110's time window
swap:CV_D_guangzhou_3#T1:C089<->CV_D_shenzhen_3#T1:C113,C089,C089:2.65628788961,REJECTED_INTERFACE,False,,,[],,,,,,,,,,0.0012394999794196337,ValueError,E3_STRICT_MULTITRIP_V2: route CV_D_guangzhou_3#T1 misses C113's time window
swap:CV_D_guangzhou_3#T1:C089<->CV_D_shenzhen_3#T1:C124,C089,C089:2.65628788961,REJECTED_INTERFACE,False,,,[],,,,,,,,,,0.0014340000052470714,ValueError,E3_STRICT_MULTITRIP_V2: route CV_D_guangzhou_3#T1 misses C124's time window
swap:CV_D_guangzhou_3#T1:C089<->CV_D_shenzhen_3#T1:C125,C089,C089:2.65628788961,REJECTED_INTERFACE,False,,,[],,,,,,,,,,0.0013613329792860895,ValueError,E3_STRICT_MULTITRIP_V2: route CV_D_guangzhou_3#T1 misses C125's time window
swap:CV_D_guangzhou_3#T1:C089<->CV_D_shenzhen_3#T1:C144,C089,C089:2.65628788961,REJECTED_INTERFACE,False,,,[],,,,,,,,,,0.001213708019349724,ValueError,E3_STRICT_MULTITRIP_V2: route CV_D_guangzhou_3#T1 misses C144's time window
swap:CV_D_guangzhou_3#T1:C089<->CV_D_shenzhen_4#T1:C096,C089,C089:2.65628788961,REJECTED_INTERFACE,False,,,[],,,,,,,,,,0.0012020409922115505,ValueError,E3_STRICT_MULTITRIP_V2: route CV_D_guangzhou_3#T1 misses C096's time window
swap:CV_D_guangzhou_3#T1:C089<->CV_D_shenzhen_4#T1:C118,C089,C089:2.65628788961,REJECTED_INTERFACE,False,,,[],,,,,,,,,,0.0012023329909425229,ValueError,E3_STRICT_MULTITRIP_V2: route CV_D_guangzhou_3#T1 misses C118's time window
swap:CV_D_guangzhou_3#T1:C089<->CV_D_shenzhen_4#T1:C121,C089,C089:2.65628788961,REJECTED_INTERFACE,False,,,[],,,,,,,,,,0.0011945830192416906,ValueError,E3_STRICT_MULTITRIP_V2: route CV_D_guangzhou_3#T1 misses C121's time window
swap:CV_D_guangzhou_3#T1:C089<->CV_D_shenzhen_4#T1:C130,C089,C089:2.65628788961,REJECTED_INTERFACE,False,,,[],,,,,,,,,,0.0011912499903701246,ValueError,E3_STRICT_MULTITRIP_V2: route CV_D_guangzhou_3#T1 misses C130's time window
swap:CV_D_guangzhou_3#T1:C089<->CV_D_shenzhen_4#T1:C139,C089,C089:2.65628788961,REJECTED_INTERFACE,False,,,[],,,,,,,,,,0.0011942500132136047,ValueError,E3_STRICT_MULTITRIP_V2: route CV_D_guangzhou_3#T1 misses C139's time window
swap:CV_D_guangzhou_3#T1:C089<->CV_D_shenzhen_4#T1:C148,C089,C089:2.65628788961,REJECTED_INTERFACE,False,,,[],,,,,,,,,,0.0011918329983018339,ValueError,E3_STRICT_MULTITRIP_V2: route CV_D_guangzhou_3#T1 misses C148's time window
swap:CV_D_guangzhou_3#T1:C089<->CV_D_shenzhen_5#T1:C092,C089,C089:2.65628788961,REJECTED_INTERFACE,False,,,[],,,,,,,,,,0.0012177499884273857,ValueError,E3_STRICT_MULTITRIP_V2: route CV_D_guangzhou_3#T1 misses C092's time window
swap:CV_D_guangzhou_3#T1:C089<->CV_D_shenzhen_5#T1:C095,C089,C089:2.65628788961,REJECTED_INTERFACE,False,,,[],,,,,,,,,,0.0012058330175932497,ValueError,E3_STRICT_MULTITRIP_V2: route CV_D_guangzhou_3#T1 misses C095's time window
swap:CV_D_guangzhou_3#T1:C089<->CV_D_shenzhen_5#T1:C099,C089,C089:2.65628788961,REJECTED_INTERFACE,False,,,[],,,,,,,,,,0.0012084580084774643,ValueError,E3_STRICT_MULTITRIP_V2: route CV_D_guangzhou_3#T1 misses C072's time window
swap:CV_D_guangzhou_3#T1:C089<->CV_D_shenzhen_5#T1:C120,C089,C089:2.65628788961,REJECTED_INTERFACE,False,,,[],,,,,,,,,,0.0012007500045001507,ValueError,E3_STRICT_MULTITRIP_V2: route CV_D_guangzhou_3#T1 misses C120's time window
swap:CV_D_guangzhou_3#T1:C089<->CV_D_shenzhen_5#T1:C134,C089,C089:2.65628788961,REJECTED_INTERFACE,False,,,[],,,,,,,,,,0.0015480830043088645,ValueError,E3_STRICT_MULTITRIP_V2: route CV_D_guangzhou_3#T1 misses C134's time window
swap:CV_D_guangzhou_3#T1:C089<->EV_D_shenzhen_1#T1:C109,C089,C089:2.65628788961,REJECTED_CHARGING,False,,,[],,,,,,,,,,0.07588454100186937,ValueError,no feasible depot charging window
swap:CV_D_guangzhou_3#T1:C089<->EV_D_shenzhen_1#T1:C127,C089,C089:2.65628788961,REJECTED_CHARGING,False,,,[],,,,,,,,,,0.00016291599604301155,ValueError,E3_STRICT_MULTITRIP_V2: route EV_D_shenzhen_1#T1 misses C109's time window
swap:CV_D_guangzhou_3#T1:C089<->EV_D_shenzhen_1#T1:C132,C089,C089:2.65628788961,REJECTED_CHARGING,False,,,[],,,,,,,,,,0.0001256669929716736,ValueError,E3_STRICT_MULTITRIP_V2: route EV_D_shenzhen_1#T1 misses C133's time window
swap:CV_D_guangzhou_3#T1:C089<->EV_D_shenzhen_1#T1:C133,C089,C089:2.65628788961,REJECTED_CHARGING,False,,,[],,,,,,,,,,0.00011820797226391733,ValueError,E3_STRICT_MULTITRIP_V2: route EV_D_shenzhen_1#T1 misses C142's time window
swap:CV_D_guangzhou_3#T1:C089<->EV_D_shenzhen_1#T1:C136,C089,C089:2.65628788961,REJECTED_CHARGING,False,,,[],,,,,,,,,,0.00011320802150294185,ValueError,E3_STRICT_MULTITRIP_V2: route EV_D_shenzhen_1#T1 misses C132's time window
swap:CV_D_guangzhou_3#T1:C089<->EV_D_shenzhen_1#T1:C138,C089,C089:2.65628788961,REJECTED_CHARGING,False,,,[],,,,,,,,,,0.00011079199612140656,ValueError,E3_STRICT_MULTITRIP_V2: route EV_D_shenzhen_1#T1 misses C136's time window
swap:CV_D_guangzhou_3#T1:C089<->EV_D_shenzhen_1#T1:C141,C089,C089:2.65628788961,REJECTED_CHARGING,False,,,[],,,,,,,,,,0.00010824998025782406,ValueError,E3_STRICT_MULTITRIP_V2: route EV_D_shenzhen_1#T1 misses C138's time window
swap:CV_D_guangzhou_3#T1:C089<->EV_D_shenzhen_1#T1:C142,C089,C089:2.65628788961,REJECTED_CHARGING,False,,,[],,,,,,,,,,0.00011450002784840763,ValueError,E3_STRICT_MULTITRIP_V2: route EV_D_shenzhen_1#T1 misses C127's time window
swap:CV_D_guangzhou_3#T1:C089<->EV_D_shenzhen_1#T2:C117,C089,C089:2.65628788961,REJECTED_CHARGING,False,,,[],,,,,,,,,,0.03265137498965487,ValueError,E3_STRICT_MULTITRIP_V2: route EV_D_shenzhen_1#T2 misses C089's time window
swap:CV_D_guangzhou_3#T1:C089<->EV_D_shenzhen_1#T2:C146,C089,C089:2.65628788961,REJECTED_CHARGING,False,,,[],,,,,,,,,,0.036351374990772456,ValueError,No feasible charging insert between C117 and D_shenzhen
swap:CV_D_guangzhou_3#T1:C089<->EV_D_shenzhen_2#T1:C094,C089,C089:2.65628788961,REJECTED_CHARGING,False,,,[],,,,,,,,,,0.0001575829810462892,ValueError,E3_STRICT_MULTITRIP_V2: route EV_D_shenzhen_2#T1 misses C089's time window
swap:CV_D_guangzhou_3#T1:C089<->EV_D_shenzhen_2#T1:C097,C089,C089:2.65628788961,REJECTED_CHARGING,False,,,[],,,,,,,,,,0.00011562500731088221,ValueError,E3_STRICT_MULTITRIP_V2: route EV_D_shenzhen_2#T1 misses C140's time window
swap:CV_D_guangzhou_3#T1:C089<->EV_D_shenzhen_2#T1:C098,C089,C089:2.65628788961,REJECTED_CHARGING,False,,,[],,,,,,,,,,0.0001126249844674021,ValueError,E3_STRICT_MULTITRIP_V2: route EV_D_shenzhen_2#T1 misses C089's time window
swap:CV_D_guangzhou_3#T1:C089<->EV_D_shenzhen_2#T1:C119,C089,C089:2.65628788961,REJECTED_CHARGING,False,,,[],,,,,,,,,,0.00010999999358318746,ValueError,E3_STRICT_MULTITRIP_V2: route EV_D_shenzhen_2#T1 misses C089's time window
swap:CV_D_guangzhou_3#T1:C089<->EV_D_shenzhen_2#T1:C140,C089,C089:2.65628788961,REJECTED_CHARGING,False,,,[],,,,,,,,,,0.00010608401498757303,ValueError,E3_STRICT_MULTITRIP_V2: route EV_D_shenzhen_2#T1 misses C119's time window
swap:CV_D_guangzhou_3#T1:C089<->EV_D_shenzhen_2#T1:C149,C089,C089:2.65628788961,REJECTED_CHARGING,False,,,[],,,,,,,,,,0.00010037500760518014,ValueError,E3_STRICT_MULTITRIP_V2: route EV_D_shenzhen_2#T1 misses C097's time window
swap:CV_D_guangzhou_3#T1:C089<->EV_D_shenzhen_2#T1:C150,C089,C089:2.65628788961,REJECTED_CHARGING,False,,,[],,,,,,,,,,0.0001084580144379288,ValueError,E3_STRICT_MULTITRIP_V2: route EV_D_shenzhen_2#T1 misses C089's time window
swap:CV_D_guangzhou_3#T2:C043<->CV_D_shenzhen_1#T1:C093,C043,C043:5.609774712,REJECTED_INTERFACE,False,,,[],,,,,,,,,,0.0013080000062473118,ValueError,E3_STRICT_MULTITRIP_V2: route CV_D_guangzhou_3#T2 misses C093's time window
swap:CV_D_guangzhou_3#T2:C043<->CV_D_shenzhen_1#T1:C100,C043,C043:5.609774712,REJECTED_INTERFACE,False,,,[],,,,,,,,,,0.0016652920166961849,ValueError,E3_STRICT_MULTITRIP_V2: route CV_D_guangzhou_3#T2 misses C100's time window
swap:CV_D_guangzhou_3#T2:C043<->CV_D_shenzhen_1#T1:C106,C043,C043:5.609774712,REJECTED_INTERFACE,False,,,[],,,,,,,,,,0.0013986249978188425,ValueError,E3_STRICT_MULTITRIP_V2: route CV_D_guangzhou_3#T2 misses C106's time window
swap:CV_D_guangzhou_3#T2:C043<->CV_D_shenzhen_1#T1:C111,C043,C043:5.609774712,REJECTED_INTERFACE,False,,,[],,,,,,,,,,0.0012489999935496598,ValueError,E3_STRICT_MULTITRIP_V2: route CV_D_guangzhou_3#T2 misses C111's time window
swap:CV_D_guangzhou_3#T2:C043<->CV_D_shenzhen_1#T1:C112,C043,C043:5.609774712,REJECTED_INTERFACE,False,,,[],,,,,,,,,,0.0012279160146135837,ValueError,E3_STRICT_MULTITRIP_V2: route CV_D_guangzhou_3#T2 misses C112's time window
swap:CV_D_guangzhou_3#T2:C043<->CV_D_shenzhen_1#T1:C122,C043,C043:5.609774712,REJECTED_INTERFACE,False,,,[],,,,,,,,,,0.0012269169965293258,ValueError,E3_STRICT_MULTITRIP_V2: route CV_D_guangzhou_3#T2 misses C122's time window
swap:CV_D_guangzhou_3#T2:C043<->CV_D_shenzhen_1#T1:C147,C043,C043:5.609774712,REJECTED_INTERFACE,False,,,[],,,,,,,,,,0.001229957997566089,ValueError,E3_STRICT_MULTITRIP_V2: route CV_D_guangzhou_3#T2 misses C147's time window
swap:CV_D_guangzhou_3#T2:C043<->CV_D_shenzhen_1#T2:C115,C043,C043:5.609774712,REJECTED_INTERFACE,False,,,[],,,,,,,,,,0.001219875004608184,ValueError,E3_STRICT_MULTITRIP_V2: route CV_D_guangzhou_3#T2 misses C115's time window
swap:CV_D_guangzhou_3#T2:C043<->CV_D_shenzhen_1#T2:C116,C043,C043:5.609774712,REJECTED_INTERFACE,False,,,[],,,,,,,,,,0.0012230419961269945,ValueError,E3_STRICT_MULTITRIP_V2: route CV_D_guangzhou_3#T2 misses C116's time window
swap:CV_D_guangzhou_3#T2:C043<->CV_D_shenzhen_1#T2:C123,C043,C043:5.609774712,REJECTED_INTERFACE,False,,,[],,,,,,,,,,0.0012202090001665056,ValueError,E3_STRICT_MULTITRIP_V2: route CV_D_guangzhou_3#T2 misses C123's time window
swap:CV_D_guangzhou_3#T2:C043<->CV_D_shenzhen_1#T2:C128,C043,C043:5.609774712,REJECTED_INTERFACE,False,,,[],,,,,,,,,,0.0012281659874133766,ValueError,E3_STRICT_MULTITRIP_V2: route CV_D_guangzhou_3#T2 misses C128's time window
swap:CV_D_guangzhou_3#T2:C043<->CV_D_shenzhen_1#T2:C129,C043,C043:5.609774712,REJECTED_INTERFACE,False,,,[],,,,,,,,,,0.001216625008964911,ValueError,E3_STRICT_MULTITRIP_V2: route CV_D_guangzhou_3#T2 misses C129's time window
swap:CV_D_guangzhou_3#T2:C043<->CV_D_shenzhen_2#T1:C104,C043,C043:5.609774712,REJECTED_INTERFACE,False,,,[],,,,,,,,,,0.0012132080155424774,ValueError,E3_STRICT_MULTITRIP_V2: route CV_D_guangzhou_3#T2 misses C104's time window
swap:CV_D_guangzhou_3#T2:C043<->CV_D_shenzhen_2#T1:C108,C043,C043:5.609774712,REJECTED_INTERFACE,False,,,[],,,,,,,,,,0.0012805419974029064,ValueError,E3_STRICT_MULTITRIP_V2: route CV_D_guangzhou_3#T2 misses C108's time window
swap:CV_D_guangzhou_3#T2:C043<->CV_D_shenzhen_2#T1:C114,C043,C043:5.609774712,REJECTED_INTERFACE,False,,,[],,,,,,,,,,0.0015052919916342944,ValueError,E3_STRICT_MULTITRIP_V2: route CV_D_guangzhou_3#T2 misses C114's time window
swap:CV_D_guangzhou_3#T2:C043<->CV_D_shenzhen_2#T1:C126,C043,C043:5.609774712,REJECTED_INTERFACE,False,,,[],,,,,,,,,,0.001428999996278435,ValueError,E3_STRICT_MULTITRIP_V2: route CV_D_guangzhou_3#T2 misses C126's time window
swap:CV_D_guangzhou_3#T2:C043<->CV_D_shenzhen_2#T1:C135,C043,C043:5.609774712,REJECTED_INTERFACE,False,,,[],,,,,,,,,,0.0012395830126479268,ValueError,E3_STRICT_MULTITRIP_V2: route CV_D_guangzhou_3#T2 misses C135's time window
swap:CV_D_guangzhou_3#T2:C043<->CV_D_shenzhen_2#T1:C143,C043,C043:5.609774712,REJECTED_INTERFACE,False,,,[],,,,,,,,,,0.0012203330115880817,ValueError,E3_STRICT_MULTITRIP_V2: route CV_D_guangzhou_3#T2 misses C143's time window
swap:CV_D_guangzhou_3#T2:C043<->CV_D_shenzhen_2#T2:C101,C043,C043:5.609774712,REJECTED_INTERFACE,False,,,[],,,,,,,,,,0.0012210419808980078,ValueError,E3_STRICT_MULTITRIP_V2: route CV_D_guangzhou_3#T2 misses C101's time window
swap:CV_D_guangzhou_3#T2:C043<->CV_D_shenzhen_2#T2:C103,C043,C043:5.609774712,REJECTED_INTERFACE,False,,,[],,,,,,,,,,0.0012135830183979124,ValueError,E3_STRICT_MULTITRIP_V2: route CV_D_guangzhou_3#T2 misses C103's time window
swap:CV_D_guangzhou_3#T2:C043<->CV_D_shenzhen_2#T2:C105,C043,C043:5.609774712,REJECTED_INTERFACE,False,,,[],,,,,,,,,,0.001213000010466203,ValueError,E3_STRICT_MULTITRIP_V2: route CV_D_guangzhou_3#T2 misses C105's time window
swap:CV_D_guangzhou_3#T2:C043<->CV_D_shenzhen_2#T2:C131,C043,C043:5.609774712,REJECTED_INTERFACE,False,,,[],,,,,,,,,,0.0012218339834362268,ValueError,E3_STRICT_MULTITRIP_V2: route CV_D_guangzhou_3#T2 misses C131's time window
swap:CV_D_guangzhou_3#T2:C043<->CV_D_shenzhen_2#T2:C137,C043,C043:5.609774712,REJECTED_INTERFACE,False,,,[],,,,,,,,,,0.001220834004925564,ValueError,E3_STRICT_MULTITRIP_V2: route CV_D_guangzhou_3#T2 misses C137's time window
swap:CV_D_guangzhou_3#T2:C043<->CV_D_shenzhen_2#T2:C145,C043,C043:5.609774712,REJECTED_INTERFACE,False,,,[],,,,,,,,,,0.0012120000028517097,ValueError,E3_STRICT_MULTITRIP_V2: route CV_D_guangzhou_3#T2 misses C145's time window
swap:CV_D_guangzhou_3#T2:C043<->CV_D_shenzhen_3#T1:C102,C043,C043:5.609774712,REJECTED_INTERFACE,False,,,[],,,,,,,,,,0.0012280419759918004,ValueError,E3_STRICT_MULTITRIP_V2: route CV_D_guangzhou_3#T2 misses C102's time window
swap:CV_D_guangzhou_3#T2:C043<->CV_D_shenzhen_3#T1:C107,C043,C043:5.609774712,REJECTED_INTERFACE,False,,,[],,,,,,,,,,0.0012119159800931811,ValueError,E3_STRICT_MULTITRIP_V2: route CV_D_guangzhou_3#T2 misses C107's time window
swap:CV_D_guangzhou_3#T2:C043<->CV_D_shenzhen_3#T1:C110,C043,C043:5.609774712,REJECTED_INTERFACE,False,,,[],,,,,,,,,,0.0012507910141721368,ValueError,E3_STRICT_MULTITRIP_V2: route CV_D_guangzhou_3#T2 misses C110's time window
swap:CV_D_guangzhou_3#T2:C043<->CV_D_shenzhen_3#T1:C113,C043,C043:5.609774712,REJECTED_INTERFACE,False,,,[],,,,,,,,,,0.0014881250099278986,ValueError,E3_STRICT_MULTITRIP_V2: route CV_D_guangzhou_3#T2 misses C113's time window
swap:CV_D_guangzhou_3#T2:C043<->CV_D_shenzhen_3#T1:C124,C043,C043:5.609774712,REJECTED_INTERFACE,False,,,[],,,,,,,,,,0.0014134160010144114,ValueError,E3_STRICT_MULTITRIP_V2: route CV_D_guangzhou_3#T2 misses C124's time window
swap:CV_D_guangzhou_3#T2:C043<->CV_D_shenzhen_3#T1:C125,C043,C043:5.609774712,REJECTED_INTERFACE,False,,,[],,,,,,,,,,0.0012760829995386302,ValueError,E3_STRICT_MULTITRIP_V2: route CV_D_guangzhou_3#T2 misses C125's time window
swap:CV_D_guangzhou_3#T2:C043<->CV_D_shenzhen_3#T1:C144,C043,C043:5.609774712,REJECTED_INTERFACE,False,,,[],,,,,,,,,,0.001236499985679984,ValueError,E3_STRICT_MULTITRIP_V2: route CV_D_guangzhou_3#T2 misses C144's time window
swap:CV_D_guangzhou_3#T2:C043<->CV_D_shenzhen_4#T1:C096,C043,C043:5.609774712,REJECTED_INTERFACE,False,,,[],,,,,,,,,,0.001218374993186444,ValueError,E3_STRICT_MULTITRIP_V2: route CV_D_guangzhou_3#T2 misses C096's time window
swap:CV_D_guangzhou_3#T2:C043<->CV_D_shenzhen_4#T1:C118,C043,C043:5.609774712,REJECTED_INTERFACE,False,,,[],,,,,,,,,,0.0012293750187382102,ValueError,E3_STRICT_MULTITRIP_V2: route CV_D_guangzhou_3#T2 misses C118's time window
swap:CV_D_guangzhou_3#T2:C043<->CV_D_shenzhen_4#T1:C121,C043,C043:5.609774712,REJECTED_INTERFACE,False,,,[],,,,,,,,,,0.0012073749967385083,ValueError,E3_STRICT_MULTITRIP_V2: route CV_D_guangzhou_3#T2 misses C121's time window
swap:CV_D_guangzhou_3#T2:C043<->CV_D_shenzhen_4#T1:C130,C043,C043:5.609774712,REJECTED_INTERFACE,False,,,[],,,,,,,,,,0.0012329580204095691,ValueError,E3_STRICT_MULTITRIP_V2: route CV_D_guangzhou_3#T2 misses C130's time window
swap:CV_D_guangzhou_3#T2:C043<->CV_D_shenzhen_4#T1:C139,C043,C043:5.609774712,REJECTED_INTERFACE,False,,,[],,,,,,,,,,0.0012557499867398292,ValueError,E3_STRICT_MULTITRIP_V2: route CV_D_guangzhou_3#T2 misses C139's time window
swap:CV_D_guangzhou_3#T2:C043<->CV_D_shenzhen_4#T1:C148,C043,C043:5.609774712,REJECTED_INTERFACE,False,,,[],,,,,,,,,,0.0012117080041207373,ValueError,E3_STRICT_MULTITRIP_V2: route CV_D_guangzhou_3#T2 misses C148's time window
swap:CV_D_guangzhou_3#T2:C043<->CV_D_shenzhen_5#T1:C092,C043,C043:5.609774712,REJECTED_INTERFACE,False,,,[],,,,,,,,,,0.0012324580166023225,ValueError,E3_STRICT_MULTITRIP_V2: route CV_D_guangzhou_3#T2 misses C092's time window
swap:CV_D_guangzhou_3#T2:C043<->CV_D_shenzhen_5#T1:C095,C043,C043:5.609774712,REJECTED_INTERFACE,False,,,[],,,,,,,,,,0.0012157919991295785,ValueError,E3_STRICT_MULTITRIP_V2: route CV_D_guangzhou_3#T2 misses C095's time window
swap:CV_D_guangzhou_3#T2:C043<->CV_D_shenzhen_5#T1:C099,C043,C043:5.609774712,REJECTED_INTERFACE,False,,,[],,,,,,,,,,0.001362749986583367,ValueError,E3_STRICT_MULTITRIP_V2: route CV_D_guangzhou_3#T2 misses C099's time window
swap:CV_D_guangzhou_3#T2:C043<->CV_D_shenzhen_5#T1:C120,C043,C043:5.609774712,REJECTED_INTERFACE,False,,,[],,,,,,,,,,0.0014609170029871166,ValueError,E3_STRICT_MULTITRIP_V2: route CV_D_guangzhou_3#T2 misses C120's time window
swap:CV_D_guangzhou_3#T2:C043<->CV_D_shenzhen_5#T1:C134,C043,C043:5.609774712,REJECTED_INTERFACE,False,,,[],,,,,,,,,,0.0013456669985316694,ValueError,E3_STRICT_MULTITRIP_V2: route CV_D_guangzhou_3#T2 misses C134's time window
swap:CV_D_guangzhou_3#T2:C043<->EV_D_shenzhen_1#T1:C109,C043,C043:5.609774712,REJECTED_CHARGING,False,,,[],,,,,,,,,,0.07974499999545515,ValueError,no feasible depot charging window
swap:CV_D_guangzhou_3#T2:C043<->EV_D_shenzhen_1#T1:C127,C043,C043:5.609774712,REJECTED_CHARGING,False,,,[],,,,,,,,,,0.0001772079849615693,ValueError,E3_STRICT_MULTITRIP_V2: route EV_D_shenzhen_1#T1 misses C109's time window
swap:CV_D_guangzhou_3#T2:C043<->EV_D_shenzhen_1#T1:C132,C043,C043:5.609774712,REJECTED_CHARGING,False,,,[],,,,,,,,,,0.0001536250056233257,ValueError,E3_STRICT_MULTITRIP_V2: route EV_D_shenzhen_1#T1 misses C133's time window
swap:CV_D_guangzhou_3#T2:C043<->EV_D_shenzhen_1#T1:C133,C043,C043:5.609774712,REJECTED_CHARGING,False,,,[],,,,,,,,,,0.00025895898579619825,ValueError,E3_STRICT_MULTITRIP_V2: route EV_D_shenzhen_1#T1 misses C142's time window
swap:CV_D_guangzhou_3#T2:C043<->EV_D_shenzhen_1#T1:C136,C043,C043:5.609774712,REJECTED_CHARGING,False,,,[],,,,,,,,,,0.0001337080029770732,ValueError,E3_STRICT_MULTITRIP_V2: route EV_D_shenzhen_1#T1 misses C132's time window
swap:CV_D_guangzhou_3#T2:C043<->EV_D_shenzhen_1#T1:C138,C043,C043:5.609774712,REJECTED_CHARGING,False,,,[],,,,,,,,,,0.00011725001968443394,ValueError,E3_STRICT_MULTITRIP_V2: route EV_D_shenzhen_1#T1 misses C136's time window
swap:CV_D_guangzhou_3#T2:C043<->EV_D_shenzhen_1#T1:C141,C043,C043:5.609774712,REJECTED_CHARGING,False,,,[],,,,,,,,,,0.00011549997725524008,ValueError,E3_STRICT_MULTITRIP_V2: route EV_D_shenzhen_1#T1 misses C138's time window
swap:CV_D_guangzhou_3#T2:C043<->EV_D_shenzhen_1#T1:C142,C043,C043:5.609774712,REJECTED_CHARGING,False,,,[],,,,,,,,,,0.00011824999819509685,ValueError,E3_STRICT_MULTITRIP_V2: route EV_D_shenzhen_1#T1 misses C127's time window
swap:CV_D_guangzhou_3#T2:C043<->EV_D_shenzhen_1#T2:C117,C043,C043:5.609774712,REJECTED_CHARGING,False,,,[],,,,,,,,,,0.028349624975817278,ValueError,E3_STRICT_MULTITRIP_V2: route EV_D_shenzhen_1#T2 misses C043's time window
swap:CV_D_guangzhou_3#T2:C043<->EV_D_shenzhen_1#T2:C146,C043,C043:5.609774712,REJECTED_CHARGING,False,,,[],,,,,,,,,,0.028113790991483256,ValueError,E3_STRICT_MULTITRIP_V2: route EV_D_shenzhen_1#T2 misses C117's time window
swap:CV_D_guangzhou_3#T2:C043<->EV_D_shenzhen_2#T1:C094,C043,C043:5.609774712,REJECTED_CHARGING,False,,,[],,,,,,,,,,0.00014925000141374767,ValueError,E3_STRICT_MULTITRIP_V2: route EV_D_shenzhen_2#T1 misses C098's time window
swap:CV_D_guangzhou_3#T2:C043<->EV_D_shenzhen_2#T1:C097,C043,C043:5.609774712,REJECTED_CHARGING,False,,,[],,,,,,,,,,0.00010912498692050576,ValueError,E3_STRICT_MULTITRIP_V2: route EV_D_shenzhen_2#T1 misses C140's time window
swap:CV_D_guangzhou_3#T2:C043<->EV_D_shenzhen_2#T1:C098,C043,C043:5.609774712,REJECTED_CHARGING,False,,,[],,,,,,,,,,0.00011275001452304423,ValueError,E3_STRICT_MULTITRIP_V2: route EV_D_shenzhen_2#T1 misses C150's time window
swap:CV_D_guangzhou_3#T2:C043<->EV_D_shenzhen_2#T1:C119,C043,C043:5.609774712,REJECTED_CHARGING,False,,,[],,,,,,,,,,0.0001087500131689012,ValueError,E3_STRICT_MULTITRIP_V2: route EV_D_shenzhen_2#T1 misses C094's time window
swap:CV_D_guangzhou_3#T2:C043<->EV_D_shenzhen_2#T1:C140,C043,C043:5.609774712,REJECTED_CHARGING,False,,,[],,,,,,,,,,0.00010199999087490141,ValueError,E3_STRICT_MULTITRIP_V2: route EV_D_shenzhen_2#T1 misses C119's time window
swap:CV_D_guangzhou_3#T2:C043<->EV_D_shenzhen_2#T1:C149,C043,C043:5.609774712,REJECTED_CHARGING,False,,,[],,,,,,,,,,0.0001003340003080666,ValueError,E3_STRICT_MULTITRIP_V2: route EV_D_shenzhen_2#T1 misses C097's time window
swap:CV_D_guangzhou_3#T2:C043<->EV_D_shenzhen_2#T1:C150,C043,C043:5.609774712,REJECTED_INTERFACE,False,,,[],,,,,,,,,,0.029827916994690895,ValueError,E3_STRICT_MULTITRIP_V2: route CV_D_guangzhou_3#T2 misses C150's time window
swap:CV_D_shenzhen_1#T1:C093<->EV_D_guangzhou_1#T1:C064,C064,C064:4.51895645403,REJECTED_CHARGING,False,,,[],,,,,,,,,,0.0001442909997422248,ValueError,E3_STRICT_MULTITRIP_V2: route EV_D_guangzhou_1#T1 misses C093's time window
swap:CV_D_shenzhen_1#T1:C093<->EV_D_guangzhou_1#T1:C081,C081,C081:1.15613569085,REJECTED_CHARGING,False,,,[],,,,,,,,,,0.00011816699407063425,ValueError,E3_STRICT_MULTITRIP_V2: route EV_D_guangzhou_1#T1 misses C044's time window
swap:CV_D_shenzhen_1#T1:C100<->EV_D_guangzhou_1#T1:C064,C064,C064:4.51895645403,REJECTED_CHARGING,False,,,[],,,,,,,,,,0.00011433300096541643,ValueError,E3_STRICT_MULTITRIP_V2: route EV_D_guangzhou_1#T1 misses C100's time window
swap:CV_D_shenzhen_1#T1:C100<->EV_D_guangzhou_1#T1:C081,C081,C081:1.15613569085,REJECTED_CHARGING,False,,,[],,,,,,,,,,0.00010345899499952793,ValueError,E3_STRICT_MULTITRIP_V2: route EV_D_guangzhou_1#T1 misses C073's time window
swap:CV_D_shenzhen_1#T1:C106<->EV_D_guangzhou_1#T1:C064,C064,C064:4.51895645403,REJECTED_CHARGING,False,,,[],,,,,,,,,,0.00010879099136218429,ValueError,E3_STRICT_MULTITRIP_V2: route EV_D_guangzhou_1#T1 misses C106's time window
swap:CV_D_shenzhen_1#T1:C106<->EV_D_guangzhou_1#T1:C081,C081,C081:1.15613569085,REJECTED_CHARGING,False,,,[],,,,,,,,,,0.00010245799785479903,ValueError,E3_STRICT_MULTITRIP_V2: route EV_D_guangzhou_1#T1 misses C073's time window
swap:CV_D_shenzhen_1#T1:C111<->EV_D_guangzhou_1#T1:C064,C064,C064:4.51895645403,REJECTED_CHARGING,False,,,[],,,,,,,,,,0.00010666699381545186,ValueError,E3_STRICT_MULTITRIP_V2: route EV_D_guangzhou_1#T1 misses C111's time window
swap:CV_D_shenzhen_1#T1:C111<->EV_D_guangzhou_1#T1:C081,C081,C081:1.15613569085,REJECTED_CHARGING,False,,,[],,,,,,,,,,0.00010166701395064592,ValueError,E3_STRICT_MULTITRIP_V2: route EV_D_guangzhou_1#T1 misses C044's time window
swap:CV_D_shenzhen_1#T1:C112<->EV_D_guangzhou_1#T1:C064,C064,C064:4.51895645403,REJECTED_CHARGING,False,,,[],,,,,,,,,,0.00010450000991113484,ValueError,E3_STRICT_MULTITRIP_V2: route EV_D_guangzhou_1#T1 misses C112's time window
swap:CV_D_shenzhen_1#T1:C112<->EV_D_guangzhou_1#T1:C081,C081,C081:1.15613569085,REJECTED_CHARGING,False,,,[],,,,,,,,,,9.700001101009548e-05,ValueError,E3_STRICT_MULTITRIP_V2: route EV_D_guangzhou_1#T1 misses C073's time window
swap:CV_D_shenzhen_1#T1:C122<->EV_D_guangzhou_1#T1:C064,C064,C064:4.51895645403,REJECTED_CHARGING,False,,,[],,,,,,,,,,0.00010549998842179775,ValueError,E3_STRICT_MULTITRIP_V2: route EV_D_guangzhou_1#T1 misses C122's time window
swap:CV_D_shenzhen_1#T1:C122<->EV_D_guangzhou_1#T1:C081,C081,C081:1.15613569085,REJECTED_CHARGING,False,,,[],,,,,,,,,,0.00010204198770225048,ValueError,E3_STRICT_MULTITRIP_V2: route EV_D_guangzhou_1#T1 misses C044's time window
swap:CV_D_shenzhen_1#T1:C147<->EV_D_guangzhou_1#T1:C064,C064,C064:4.51895645403,REJECTED_CHARGING,False,,,[],,,,,,,,,,0.00010591701720841229,ValueError,E3_STRICT_MULTITRIP_V2: route EV_D_guangzhou_1#T1 misses C147's time window
swap:CV_D_shenzhen_1#T1:C147<->EV_D_guangzhou_1#T1:C081,C081,C081:1.15613569085,REJECTED_CHARGING,False,,,[],,,,,,,,,,0.00010220799595117569,ValueError,E3_STRICT_MULTITRIP_V2: route EV_D_guangzhou_1#T1 misses C086's time window
swap:CV_D_shenzhen_1#T2:C115<->EV_D_guangzhou_1#T1:C064,C064,C064:4.51895645403,REJECTED_CHARGING,False,,,[],,,,,,,,,,0.00011070800246670842,ValueError,E3_STRICT_MULTITRIP_V2: route EV_D_guangzhou_1#T1 misses C079's time window
swap:CV_D_shenzhen_1#T2:C115<->EV_D_guangzhou_1#T1:C081,C081,C081:1.15613569085,REJECTED_CHARGING,False,,,[],,,,,,,,,,9.995800792239606e-05,ValueError,E3_STRICT_MULTITRIP_V2: route EV_D_guangzhou_1#T1 misses C073's time window
swap:CV_D_shenzhen_1#T2:C116<->EV_D_guangzhou_1#T1:C064,C064,C064:4.51895645403,REJECTED_CHARGING,False,,,[],,,,,,,,,,0.00010745797771960497,ValueError,E3_STRICT_MULTITRIP_V2: route EV_D_guangzhou_1#T1 misses C079's time window
swap:CV_D_shenzhen_1#T2:C116<->EV_D_guangzhou_1#T1:C081,C081,C081:1.15613569085,REJECTED_CHARGING,False,,,[],,,,,,,,,,9.991700062528253e-05,ValueError,E3_STRICT_MULTITRIP_V2: route EV_D_guangzhou_1#T1 misses C073's time window
swap:CV_D_shenzhen_1#T2:C123<->EV_D_guangzhou_1#T1:C064,C064,C064:4.51895645403,REJECTED_CHARGING,False,,,[],,,,,,,,,,0.00010454098810441792,ValueError,E3_STRICT_MULTITRIP_V2: route EV_D_guangzhou_1#T1 misses C079's time window
swap:CV_D_shenzhen_1#T2:C123<->EV_D_guangzhou_1#T1:C081,C081,C081:1.15613569085,REJECTED_CHARGING,False,,,[],,,,,,,,,,9.854199015535414e-05,ValueError,E3_STRICT_MULTITRIP_V2: route EV_D_guangzhou_1#T1 misses C073's time window
swap:CV_D_shenzhen_1#T2:C128<->EV_D_guangzhou_1#T1:C064,C064,C064:4.51895645403,REJECTED_CHARGING,False,,,[],,,,,,,,,,0.00010995898628607392,ValueError,E3_STRICT_MULTITRIP_V2: route EV_D_guangzhou_1#T1 misses C079's time window
swap:CV_D_shenzhen_1#T2:C128<->EV_D_guangzhou_1#T1:C081,C081,C081:1.15613569085,REJECTED_CHARGING,False,,,[],,,,,,,,,,0.000101707992143929,ValueError,E3_STRICT_MULTITRIP_V2: route EV_D_guangzhou_1#T1 misses C073's time window
swap:CV_D_shenzhen_1#T2:C129<->EV_D_guangzhou_1#T1:C064,C064,C064:4.51895645403,REJECTED_CHARGING,False,,,[],,,,,,,,,,0.00010245799785479903,ValueError,E3_STRICT_MULTITRIP_V2: route EV_D_guangzhou_1#T1 misses C129's time window
swap:CV_D_shenzhen_1#T2:C129<->EV_D_guangzhou_1#T1:C081,C081,C081:1.15613569085,REJECTED_CHARGING,False,,,[],,,,,,,,,,9.824999142438173e-05,ValueError,E3_STRICT_MULTITRIP_V2: route EV_D_guangzhou_1#T1 misses C073's time window
swap:CV_D_shenzhen_2#T1:C104<->EV_D_guangzhou_1#T1:C064,C064,C064:4.51895645403,REJECTED_CHARGING,False,,,[],,,,,,,,,,0.00010612502228468657,ValueError,E3_STRICT_MULTITRIP_V2: route EV_D_guangzhou_1#T1 misses C104's time window
swap:CV_D_shenzhen_2#T1:C104<->EV_D_guangzhou_1#T1:C081,C081,C081:1.15613569085,REJECTED_CHARGING,False,,,[],,,,,,,,,,9.716697968542576e-05,ValueError,E3_STRICT_MULTITRIP_V2: route EV_D_guangzhou_1#T1 misses C073's time window
swap:CV_D_shenzhen_2#T1:C108<->EV_D_guangzhou_1#T1:C064,C064,C064:4.51895645403,REJECTED_CHARGING,False,,,[],,,,,,,,,,0.00010212499182671309,ValueError,E3_STRICT_MULTITRIP_V2: route EV_D_guangzhou_1#T1 misses C108's time window
swap:CV_D_shenzhen_2#T1:C108<->EV_D_guangzhou_1#T1:C081,C081,C081:1.15613569085,REJECTED_CHARGING,False,,,[],,,,,,,,,,9.849999332800508e-05,ValueError,E3_STRICT_MULTITRIP_V2: route EV_D_guangzhou_1#T1 misses C073's time window
swap:CV_D_shenzhen_2#T1:C114<->EV_D_guangzhou_1#T1:C064,C064,C064:4.51895645403,REJECTED_CHARGING,False,,,[],,,,,,,,,,0.00010429200483486056,ValueError,E3_STRICT_MULTITRIP_V2: route EV_D_guangzhou_1#T1 misses C114's time window
swap:CV_D_shenzhen_2#T1:C114<->EV_D_guangzhou_1#T1:C081,C081,C081:1.15613569085,REJECTED_CHARGING,False,,,[],,,,,,,,,,9.704101830720901e-05,ValueError,E3_STRICT_MULTITRIP_V2: route EV_D_guangzhou_1#T1 misses C073's time window
swap:CV_D_shenzhen_2#T1:C126<->EV_D_guangzhou_1#T1:C064,C064,C064:4.51895645403,REJECTED_CHARGING,False,,,[],,,,,,,,,,0.00010445798397995532,ValueError,E3_STRICT_MULTITRIP_V2: route EV_D_guangzhou_1#T1 misses C126's time window
swap:CV_D_shenzhen_2#T1:C126<->EV_D_guangzhou_1#T1:C081,C081,C081:1.15613569085,REJECTED_CHARGING,False,,,[],,,,,,,,,,9.73339774645865e-05,ValueError,E3_STRICT_MULTITRIP_V2: route EV_D_guangzhou_1#T1 misses C073's time window
swap:CV_D_shenzhen_2#T1:C135<->EV_D_guangzhou_1#T1:C064,C064,C064:4.51895645403,REJECTED_CHARGING,False,,,[],,,,,,,,,,0.00010341597953811288,ValueError,E3_STRICT_MULTITRIP_V2: route EV_D_guangzhou_1#T1 misses C135's time window
swap:CV_D_shenzhen_2#T1:C135<->EV_D_guangzhou_1#T1:C081,C081,C081:1.15613569085,REJECTED_CHARGING,False,,,[],,,,,,,,,,9.683400276117027e-05,ValueError,E3_STRICT_MULTITRIP_V2: route EV_D_guangzhou_1#T1 misses C073's time window
swap:CV_D_shenzhen_2#T1:C143<->EV_D_guangzhou_1#T1:C064,C064,C064:4.51895645403,REJECTED_CHARGING,False,,,[],,,,,,,,,,0.00010220799595117569,ValueError,E3_STRICT_MULTITRIP_V2: route EV_D_guangzhou_1#T1 misses C143's time window
swap:CV_D_shenzhen_2#T1:C143<->EV_D_guangzhou_1#T1:C081,C081,C081:1.15613569085,REJECTED_CHARGING,False,,,[],,,,,,,,,,9.737498476170003e-05,ValueError,E3_STRICT_MULTITRIP_V2: route EV_D_guangzhou_1#T1 misses C073's time window
swap:CV_D_shenzhen_2#T2:C101<->EV_D_guangzhou_1#T1:C064,C064,C064:4.51895645403,REJECTED_CHARGING,False,,,[],,,,,,,,,,0.00010558299254626036,ValueError,E3_STRICT_MULTITRIP_V2: route EV_D_guangzhou_1#T1 misses C079's time window
swap:CV_D_shenzhen_2#T2:C101<->EV_D_guangzhou_1#T1:C081,C081,C081:1.15613569085,REJECTED_CHARGING,False,,,[],,,,,,,,,,9.779099491424859e-05,ValueError,E3_STRICT_MULTITRIP_V2: route EV_D_guangzhou_1#T1 misses C073's time window
swap:CV_D_shenzhen_2#T2:C103<->EV_D_guangzhou_1#T1:C064,C064,C064:4.51895645403,REJECTED_CHARGING,False,,,[],,,,,,,,,,0.00010691600618883967,ValueError,E3_STRICT_MULTITRIP_V2: route EV_D_guangzhou_1#T1 misses C079's time window
swap:CV_D_shenzhen_2#T2:C103<->EV_D_guangzhou_1#T1:C081,C081,C081:1.15613569085,REJECTED_CHARGING,False,,,[],,,,,,,,,,9.795799269340932e-05,ValueError,E3_STRICT_MULTITRIP_V2: route EV_D_guangzhou_1#T1 misses C073's time window
swap:CV_D_shenzhen_2#T2:C105<->EV_D_guangzhou_1#T1:C064,C064,C064:4.51895645403,REJECTED_CHARGING,False,,,[],,,,,,,,,,0.00010912501602433622,ValueError,E3_STRICT_MULTITRIP_V2: route EV_D_guangzhou_1#T1 misses C079's time window
swap:CV_D_shenzhen_2#T2:C105<->EV_D_guangzhou_1#T1:C081,C081,C081:1.15613569085,REJECTED_CHARGING,False,,,[],,,,,,,,,,9.937499999068677e-05,ValueError,E3_STRICT_MULTITRIP_V2: route EV_D_guangzhou_1#T1 misses C073's time window
swap:CV_D_shenzhen_2#T2:C131<->EV_D_guangzhou_1#T1:C064,C064,C064:4.51895645403,REJECTED_CHARGING,False,,,[],,,,,,,,,,0.0001077920023817569,ValueError,E3_STRICT_MULTITRIP_V2: route EV_D_guangzhou_1#T1 misses C079's time window
swap:CV_D_shenzhen_2#T2:C131<->EV_D_guangzhou_1#T1:C081,C081,C081:1.15613569085,REJECTED_CHARGING,False,,,[],,,,,,,,,,9.89580003079027e-05,ValueError,E3_STRICT_MULTITRIP_V2: route EV_D_guangzhou_1#T1 misses C073's time window
swap:CV_D_shenzhen_2#T2:C137<->EV_D_guangzhou_1#T1:C064,C064,C064:4.51895645403,REJECTED_CHARGING,False,,,[],,,,,,,,,,0.00010450000991113484,ValueError,E3_STRICT_MULTITRIP_V2: route EV_D_guangzhou_1#T1 misses C079's time window
swap:CV_D_shenzhen_2#T2:C137<->EV_D_guangzhou_1#T1:C081,C081,C081:1.15613569085,REJECTED_CHARGING,False,,,[],,,,,,,,,,9.745900752022862e-05,ValueError,E3_STRICT_MULTITRIP_V2: route EV_D_guangzhou_1#T1 misses C073's time window
swap:CV_D_shenzhen_2#T2:C145<->EV_D_guangzhou_1#T1:C064,C064,C064:4.51895645403,REJECTED_CHARGING,False,,,[],,,,,,,,,,0.00010708300396800041,ValueError,E3_STRICT_MULTITRIP_V2: route EV_D_guangzhou_1#T1 misses C079's time window
swap:CV_D_shenzhen_2#T2:C145<->EV_D_guangzhou_1#T1:C081,C081,C081:1.15613569085,REJECTED_CHARGING,False,,,[],,,,,,,,,,9.708301513455808e-05,ValueError,E3_STRICT_MULTITRIP_V2: route EV_D_guangzhou_1#T1 misses C073's time window
swap:CV_D_shenzhen_3#T1:C102<->EV_D_guangzhou_1#T1:C064,C064,C064:4.51895645403,REJECTED_CHARGING,False,,,[],,,,,,,,,,0.00010333300451748073,ValueError,E3_STRICT_MULTITRIP_V2: route EV_D_guangzhou_1#T1 misses C102's time window
swap:CV_D_shenzhen_3#T1:C102<->EV_D_guangzhou_1#T1:C081,C081,C081:1.15613569085,REJECTED_CHARGING,False,,,[],,,,,,,,,,9.408401092514396e-05,ValueError,E3_STRICT_MULTITRIP_V2: route EV_D_guangzhou_1#T1 misses C073's time window
swap:CV_D_shenzhen_3#T1:C107<->EV_D_guangzhou_1#T1:C064,C064,C064:4.51895645403,REJECTED_CHARGING,False,,,[],,,,,,,,,,0.0001016249880194664,ValueError,E3_STRICT_MULTITRIP_V2: route EV_D_guangzhou_1#T1 misses C107's time window
swap:CV_D_shenzhen_3#T1:C107<->EV_D_guangzhou_1#T1:C081,C081,C081:1.15613569085,REJECTED_CHARGING,False,,,[],,,,,,,,,,9.329200838692486e-05,ValueError,E3_STRICT_MULTITRIP_V2: route EV_D_guangzhou_1#T1 misses C073's time window
swap:CV_D_shenzhen_3#T1:C110<->EV_D_guangzhou_1#T1:C064,C064,C064:4.51895645403,REJECTED_CHARGING,False,,,[],,,,,,,,,,0.0001007910177577287,ValueError,E3_STRICT_MULTITRIP_V2: route EV_D_guangzhou_1#T1 misses C110's time window
swap:CV_D_shenzhen_3#T1:C110<->EV_D_guangzhou_1#T1:C081,C081,C081:1.15613569085,REJECTED_CHARGING,False,,,[],,,,,,,,,,9.44170169532299e-05,ValueError,E3_STRICT_MULTITRIP_V2: route EV_D_guangzhou_1#T1 misses C073's time window
swap:CV_D_shenzhen_3#T1:C113<->EV_D_guangzhou_1#T1:C064,C064,C064:4.51895645403,REJECTED_CHARGING,False,,,[],,,,,,,,,,9.904199396260083e-05,ValueError,E3_STRICT_MULTITRIP_V2: route EV_D_guangzhou_1#T1 misses C113's time window
swap:CV_D_shenzhen_3#T1:C113<->EV_D_guangzhou_1#T1:C081,C081,C081:1.15613569085,REJECTED_CHARGING,False,,,[],,,,,,,,,,9.370798943564296e-05,ValueError,E3_STRICT_MULTITRIP_V2: route EV_D_guangzhou_1#T1 misses C073's time window
swap:CV_D_shenzhen_3#T1:C124<->EV_D_guangzhou_1#T1:C064,C064,C064:4.51895645403,REJECTED_CHARGING,False,,,[],,,,,,,,,,0.00010137498611584306,ValueError,E3_STRICT_MULTITRIP_V2: route EV_D_guangzhou_1#T1 misses C124's time window
swap:CV_D_shenzhen_3#T1:C124<->EV_D_guangzhou_1#T1:C081,C081,C081:1.15613569085,REJECTED_CHARGING,False,,,[],,,,,,,,,,9.637500625103712e-05,ValueError,E3_STRICT_MULTITRIP_V2: route EV_D_guangzhou_1#T1 misses C073's time window
swap:CV_D_shenzhen_3#T1:C125<->EV_D_guangzhou_1#T1:C064,C064,C064:4.51895645403,REJECTED_CHARGING,False,,,[],,,,,,,,,,0.00010020798072218895,ValueError,E3_STRICT_MULTITRIP_V2: route EV_D_guangzhou_1#T1 misses C125's time window
swap:CV_D_shenzhen_3#T1:C125<->EV_D_guangzhou_1#T1:C081,C081,C081:1.15613569085,REJECTED_CHARGING,False,,,[],,,,,,,,,,9.399998816661537e-05,ValueError,E3_STRICT_MULTITRIP_V2: route EV_D_guangzhou_1#T1 misses C073's time window
swap:CV_D_shenzhen_3#T1:C144<->EV_D_guangzhou_1#T1:C064,C064,C064:4.51895645403,REJECTED_CHARGING,False,,,[],,,,,,,,,,0.0001002080098260194,ValueError,E3_STRICT_MULTITRIP_V2: route EV_D_guangzhou_1#T1 misses C144's time window
swap:CV_D_shenzhen_3#T1:C144<->EV_D_guangzhou_1#T1:C081,C081,C081:1.15613569085,REJECTED_CHARGING,False,,,[],,,,,,,,,,9.216699982061982e-05,ValueError,E3_STRICT_MULTITRIP_V2: route EV_D_guangzhou_1#T1 misses C073's time window
swap:CV_D_shenzhen_4#T1:C096<->EV_D_guangzhou_1#T1:C064,C064,C064:4.51895645403,REJECTED_CHARGING,False,,,[],,,,,,,,,,0.00010124998516403139,ValueError,E3_STRICT_MULTITRIP_V2: route EV_D_guangzhou_1#T1 misses C096's time window
swap:CV_D_shenzhen_4#T1:C096<->EV_D_guangzhou_1#T1:C081,C081,C081:1.15613569085,REJECTED_CHARGING,False,,,[],,,,,,,,,,9.220800711773336e-05,ValueError,E3_STRICT_MULTITRIP_V2: route EV_D_guangzhou_1#T1 misses C073's time window
swap:CV_D_shenzhen_4#T1:C118<->EV_D_guangzhou_1#T1:C064,C064,C064:4.51895645403,REJECTED_CHARGING,False,,,[],,,,,,,,,,0.00010087498230859637,ValueError,E3_STRICT_MULTITRIP_V2: route EV_D_guangzhou_1#T1 misses C118's time window
swap:CV_D_shenzhen_4#T1:C118<->EV_D_guangzhou_1#T1:C081,C081,C081:1.15613569085,REJECTED_CHARGING,False,,,[],,,,,,,,,,9.337498340755701e-05,ValueError,E3_STRICT_MULTITRIP_V2: route EV_D_guangzhou_1#T1 misses C073's time window
swap:CV_D_shenzhen_4#T1:C121<->EV_D_guangzhou_1#T1:C064,C064,C064:4.51895645403,REJECTED_CHARGING,False,,,[],,,,,,,,,,9.920800221152604e-05,ValueError,E3_STRICT_MULTITRIP_V2: route EV_D_guangzhou_1#T1 misses C121's time window
swap:CV_D_shenzhen_4#T1:C121<->EV_D_guangzhou_1#T1:C081,C081,C081:1.15613569085,REJECTED_CHARGING,False,,,[],,,,,,,,,,9.262500680051744e-05,ValueError,E3_STRICT_MULTITRIP_V2: route EV_D_guangzhou_1#T1 misses C073's time window
swap:CV_D_shenzhen_4#T1:C130<->EV_D_guangzhou_1#T1:C064,C064,C064:4.51895645403,REJECTED_CHARGING,False,,,[],,,,,,,,,,0.00010391700197942555,ValueError,E3_STRICT_MULTITRIP_V2: route EV_D_guangzhou_1#T1 misses C130's time window
swap:CV_D_shenzhen_4#T1:C130<->EV_D_guangzhou_1#T1:C081,C081,C081:1.15613569085,REJECTED_CHARGING,False,,,[],,,,,,,,,,9.212500299327075e-05,ValueError,E3_STRICT_MULTITRIP_V2: route EV_D_guangzhou_1#T1 misses C073's time window
swap:CV_D_shenzhen_4#T1:C139<->EV_D_guangzhou_1#T1:C064,C064,C064:4.51895645403,REJECTED_CHARGING,False,,,[],,,,,,,,,,0.0001007499813567847,ValueError,E3_STRICT_MULTITRIP_V2: route EV_D_guangzhou_1#T1 misses C079's time window
swap:CV_D_shenzhen_4#T1:C139<->EV_D_guangzhou_1#T1:C081,C081,C081:1.15613569085,REJECTED_CHARGING,False,,,[],,,,,,,,,,9.258300997316837e-05,ValueError,E3_STRICT_MULTITRIP_V2: route EV_D_guangzhou_1#T1 misses C073's time window
swap:CV_D_shenzhen_4#T1:C148<->EV_D_guangzhou_1#T1:C064,C064,C064:4.51895645403,REJECTED_CHARGING,False,,,[],,,,,,,,,,9.899999713525176e-05,ValueError,E3_STRICT_MULTITRIP_V2: route EV_D_guangzhou_1#T1 misses C148's time window
swap:CV_D_shenzhen_4#T1:C148<->EV_D_guangzhou_1#T1:C081,C081,C081:1.15613569085,REJECTED_CHARGING,False,,,[],,,,,,,,,,9.304200648330152e-05,ValueError,E3_STRICT_MULTITRIP_V2: route EV_D_guangzhou_1#T1 misses C073's time window
swap:CV_D_shenzhen_5#T1:C092<->EV_D_guangzhou_1#T1:C064,C064,C064:4.51895645403,REJECTED_CHARGING,False,,,[],,,,,,,,,,9.762501576915383e-05,ValueError,E3_STRICT_MULTITRIP_V2: route EV_D_guangzhou_1#T1 misses C092's time window
swap:CV_D_shenzhen_5#T1:C092<->EV_D_guangzhou_1#T1:C081,C081,C081:1.15613569085,REJECTED_CHARGING,False,,,[],,,,,,,,,,9.258300997316837e-05,ValueError,E3_STRICT_MULTITRIP_V2: route EV_D_guangzhou_1#T1 misses C073's time window
swap:CV_D_shenzhen_5#T1:C095<->EV_D_guangzhou_1#T1:C064,C064,C064:4.51895645403,REJECTED_CHARGING,False,,,[],,,,,,,,,,0.00010254202061332762,ValueError,E3_STRICT_MULTITRIP_V2: route EV_D_guangzhou_1#T1 misses C079's time window
swap:CV_D_shenzhen_5#T1:C095<->EV_D_guangzhou_1#T1:C081,C081,C081:1.15613569085,REJECTED_CHARGING,False,,,[],,,,,,,,,,9.295801282860339e-05,ValueError,E3_STRICT_MULTITRIP_V2: route EV_D_guangzhou_1#T1 misses C073's time window
swap:CV_D_shenzhen_5#T1:C099<->EV_D_guangzhou_1#T1:C064,C064,C064:4.51895645403,REJECTED_CHARGING,False,,,[],,,,,,,,,,9.841701830737293e-05,ValueError,E3_STRICT_MULTITRIP_V2: route EV_D_guangzhou_1#T1 misses C079's time window
swap:CV_D_shenzhen_5#T1:C099<->EV_D_guangzhou_1#T1:C081,C081,C081:1.15613569085,REJECTED_CHARGING,False,,,[],,,,,,,,,,9.183300426229835e-05,ValueError,E3_STRICT_MULTITRIP_V2: route EV_D_guangzhou_1#T1 misses C073's time window
swap:CV_D_shenzhen_5#T1:C120<->EV_D_guangzhou_1#T1:C064,C064,C064:4.51895645403,REJECTED_CHARGING,False,,,[],,,,,,,,,,9.941699681803584e-05,ValueError,E3_STRICT_MULTITRIP_V2: route EV_D_guangzhou_1#T1 misses C120's time window
swap:CV_D_shenzhen_5#T1:C120<->EV_D_guangzhou_1#T1:C081,C081,C081:1.15613569085,REJECTED_CHARGING,False,,,[],,,,,,,,,,9.216699982061982e-05,ValueError,E3_STRICT_MULTITRIP_V2: route EV_D_guangzhou_1#T1 misses C073's time window
swap:CV_D_shenzhen_5#T1:C134<->EV_D_guangzhou_1#T1:C064,C064,C064:4.51895645403,REJECTED_CHARGING,False,,,[],,,,,,,,,,9.849999332800508e-05,ValueError,E3_STRICT_MULTITRIP_V2: route EV_D_guangzhou_1#T1 misses C134's time window
swap:CV_D_shenzhen_5#T1:C134<->EV_D_guangzhou_1#T1:C081,C081,C081:1.15613569085,REJECTED_CHARGING,False,,,[],,,,,,,,,,9.120898903347552e-05,ValueError,E3_STRICT_MULTITRIP_V2: route EV_D_guangzhou_1#T1 misses C073's time window
swap:EV_D_guangzhou_1#T1:C064<->EV_D_shenzhen_1#T1:C109,C064,C064:4.51895645403,REJECTED_CHARGING,False,,,[],,,,,,,,,,0.00011170899961143732,ValueError,E3_STRICT_MULTITRIP_V2: route EV_D_guangzhou_1#T1 misses C109's time window
swap:EV_D_guangzhou_1#T1:C064<->EV_D_shenzhen_1#T1:C127,C064,C064:4.51895645403,REJECTED_CHARGING,False,,,[],,,,,,,,,,0.00010812500840984285,ValueError,E3_STRICT_MULTITRIP_V2: route EV_D_guangzhou_1#T1 misses C127's time window
swap:EV_D_guangzhou_1#T1:C064<->EV_D_shenzhen_1#T1:C132,C064,C064:4.51895645403,REJECTED_CHARGING,False,,,[],,,,,,,,,,0.00010604099952615798,ValueError,E3_STRICT_MULTITRIP_V2: route EV_D_guangzhou_1#T1 misses C132's time window
swap:EV_D_guangzhou_1#T1:C064<->EV_D_shenzhen_1#T1:C133,C064,C064:4.51895645403,REJECTED_CHARGING,False,,,[],,,,,,,,,,0.00010612499318085611,ValueError,E3_STRICT_MULTITRIP_V2: route EV_D_guangzhou_1#T1 misses C133's time window
swap:EV_D_guangzhou_1#T1:C064<->EV_D_shenzhen_1#T1:C136,C064,C064:4.51895645403,REJECTED_CHARGING,False,,,[],,,,,,,,,,0.00010733300587162375,ValueError,E3_STRICT_MULTITRIP_V2: route EV_D_guangzhou_1#T1 misses C136's time window
swap:EV_D_guangzhou_1#T1:C064<->EV_D_shenzhen_1#T1:C138,C064,C064:4.51895645403,REJECTED_CHARGING,False,,,[],,,,,,,,,,0.00010854197898879647,ValueError,E3_STRICT_MULTITRIP_V2: route EV_D_guangzhou_1#T1 misses C138's time window
swap:EV_D_guangzhou_1#T1:C064<->EV_D_shenzhen_1#T1:C141,C064,C064:4.51895645403,REJECTED_CHARGING,False,,,[],,,,,,,,,,0.00010462501086294651,ValueError,E3_STRICT_MULTITRIP_V2: route EV_D_guangzhou_1#T1 misses C141's time window
swap:EV_D_guangzhou_1#T1:C064<->EV_D_shenzhen_1#T1:C142,C064,C064:4.51895645403,REJECTED_CHARGING,False,,,[],,,,,,,,,,0.00010408301022835076,ValueError,E3_STRICT_MULTITRIP_V2: route EV_D_guangzhou_1#T1 misses C142's time window
swap:EV_D_guangzhou_1#T1:C064<->EV_D_shenzhen_1#T2:C117,C064,C064:4.51895645403,REJECTED_CHARGING,False,,,[],,,,,,,,,,0.0001060419890563935,ValueError,E3_STRICT_MULTITRIP_V2: route EV_D_guangzhou_1#T1 misses C079's time window
swap:EV_D_guangzhou_1#T1:C064<->EV_D_shenzhen_1#T2:C146,C064,C064:4.51895645403,REJECTED_CHARGING,False,,,[],,,,,,,,,,0.0001084580144379288,ValueError,E3_STRICT_MULTITRIP_V2: route EV_D_guangzhou_1#T1 misses C079's time window
swap:EV_D_guangzhou_1#T1:C064<->EV_D_shenzhen_2#T1:C094,C064,C064:4.51895645403,REJECTED_CHARGING,False,,,[],,,,,,,,,,0.00010245799785479903,ValueError,E3_STRICT_MULTITRIP_V2: route EV_D_guangzhou_1#T1 misses C094's time window
swap:EV_D_guangzhou_1#T1:C064<->EV_D_shenzhen_2#T1:C097,C064,C064:4.51895645403,REJECTED_CHARGING,False,,,[],,,,,,,,,,0.0001012090069707483,ValueError,E3_STRICT_MULTITRIP_V2: route EV_D_guangzhou_1#T1 misses C097's time window
swap:EV_D_guangzhou_1#T1:C064<->EV_D_shenzhen_2#T1:C098,C064,C064:4.51895645403,REJECTED_CHARGING,False,,,[],,,,,,,,,,0.00010495801689103246,ValueError,E3_STRICT_MULTITRIP_V2: route EV_D_guangzhou_1#T1 misses C079's time window
swap:EV_D_guangzhou_1#T1:C064<->EV_D_shenzhen_2#T1:C119,C064,C064:4.51895645403,REJECTED_CHARGING,False,,,[],,,,,,,,,,0.00015033400268293917,ValueError,E3_STRICT_MULTITRIP_V2: route EV_D_guangzhou_1#T1 misses C119's time window
swap:EV_D_guangzhou_1#T1:C064<->EV_D_shenzhen_2#T1:C140,C064,C064:4.51895645403,REJECTED_CHARGING,False,,,[],,,,,,,,,,0.00012591597624123096,ValueError,E3_STRICT_MULTITRIP_V2: route EV_D_guangzhou_1#T1 misses C140's time window
swap:EV_D_guangzhou_1#T1:C064<->EV_D_shenzhen_2#T1:C149,C064,C064:4.51895645403,REJECTED_CHARGING,False,,,[],,,,,,,,,,0.00022133401944302022,ValueError,E3_STRICT_MULTITRIP_V2: route EV_D_guangzhou_1#T1 misses C149's time window
swap:EV_D_guangzhou_1#T1:C064<->EV_D_shenzhen_2#T1:C150,C064,C064:4.51895645403,REJECTED_CHARGING,False,,,[],,,,,,,,,,0.00017004198161885142,ValueError,E3_STRICT_MULTITRIP_V2: route EV_D_guangzhou_1#T1 misses C079's time window
swap:EV_D_guangzhou_1#T1:C081<->EV_D_shenzhen_1#T1:C109,C081,C081:1.15613569085,REJECTED_CHARGING,False,,,[],,,,,,,,,,0.00012749998131766915,ValueError,E3_STRICT_MULTITRIP_V2: route EV_D_guangzhou_1#T1 misses C073's time window
swap:EV_D_guangzhou_1#T1:C081<->EV_D_shenzhen_1#T1:C127,C081,C081:1.15613569085,REJECTED_CHARGING,False,,,[],,,,,,,,,,0.00011916598305106163,ValueError,E3_STRICT_MULTITRIP_V2: route EV_D_guangzhou_1#T1 misses C073's time window
swap:EV_D_guangzhou_1#T1:C081<->EV_D_shenzhen_1#T1:C132,C081,C081:1.15613569085,REJECTED_CHARGING,False,,,[],,,,,,,,,,0.00011733299470506608,ValueError,E3_STRICT_MULTITRIP_V2: route EV_D_guangzhou_1#T1 misses C073's time window
swap:EV_D_guangzhou_1#T1:C081<->EV_D_shenzhen_1#T1:C133,C081,C081:1.15613569085,REJECTED_CHARGING,False,,,[],,,,,,,,,,0.00010616600047796965,ValueError,E3_STRICT_MULTITRIP_V2: route EV_D_guangzhou_1#T1 misses C073's time window
swap:EV_D_guangzhou_1#T1:C081<->EV_D_shenzhen_1#T1:C136,C081,C081:1.15613569085,REJECTED_CHARGING,False,,,[],,,,,,,,,,0.00010687499889172614,ValueError,E3_STRICT_MULTITRIP_V2: route EV_D_guangzhou_1#T1 misses C073's time window
swap:EV_D_guangzhou_1#T1:C081<->EV_D_shenzhen_1#T1:C138,C081,C081:1.15613569085,REJECTED_CHARGING,False,,,[],,,,,,,,,,0.00010475001181475818,ValueError,E3_STRICT_MULTITRIP_V2: route EV_D_guangzhou_1#T1 misses C073's time window
swap:EV_D_guangzhou_1#T1:C081<->EV_D_shenzhen_1#T1:C141,C081,C081:1.15613569085,REJECTED_CHARGING,False,,,[],,,,,,,,,,0.00010537498746998608,ValueError,E3_STRICT_MULTITRIP_V2: route EV_D_guangzhou_1#T1 misses C044's time window
swap:EV_D_guangzhou_1#T1:C081<->EV_D_shenzhen_1#T1:C142,C081,C081:1.15613569085,REJECTED_CHARGING,False,,,[],,,,,,,,,,0.0001050409919116646,ValueError,E3_STRICT_MULTITRIP_V2: route EV_D_guangzhou_1#T1 misses C073's time window
swap:EV_D_guangzhou_1#T1:C081<->EV_D_shenzhen_1#T2:C117,C081,C081:1.15613569085,REJECTED_CHARGING,False,,,[],,,,,,,,,,0.00011100000119768083,ValueError,E3_STRICT_MULTITRIP_V2: route EV_D_guangzhou_1#T1 misses C073's time window
swap:EV_D_guangzhou_1#T1:C081<->EV_D_shenzhen_1#T2:C146,C081,C081:1.15613569085,REJECTED_CHARGING,False,,,[],,,,,,,,,,0.00010395899880677462,ValueError,E3_STRICT_MULTITRIP_V2: route EV_D_guangzhou_1#T1 misses C073's time window
swap:EV_D_guangzhou_1#T1:C081<->EV_D_shenzhen_2#T1:C094,C081,C081:1.15613569085,REJECTED_CHARGING,False,,,[],,,,,,,,,,0.00010295800166204572,ValueError,E3_STRICT_MULTITRIP_V2: route EV_D_guangzhou_1#T1 misses C073's time window
swap:EV_D_guangzhou_1#T1:C081<->EV_D_shenzhen_2#T1:C097,C081,C081:1.15613569085,REJECTED_CHARGING,False,,,[],,,,,,,,,,0.00010016700252890587,ValueError,E3_STRICT_MULTITRIP_V2: route EV_D_guangzhou_1#T1 misses C073's time window
swap:EV_D_guangzhou_1#T1:C081<->EV_D_shenzhen_2#T1:C098,C081,C081:1.15613569085,REJECTED_CHARGING,False,,,[],,,,,,,,,,9.929199586622417e-05,ValueError,E3_STRICT_MULTITRIP_V2: route EV_D_guangzhou_1#T1 misses C073's time window
swap:EV_D_guangzhou_1#T1:C081<->EV_D_shenzhen_2#T1:C119,C081,C081:1.15613569085,REJECTED_CHARGING,False,,,[],,,,,,,,,,0.0001589579915162176,ValueError,E3_STRICT_MULTITRIP_V2: route EV_D_guangzhou_1#T1 misses C073's time window
swap:EV_D_guangzhou_1#T1:C081<->EV_D_shenzhen_2#T1:C140,C081,C081:1.15613569085,REJECTED_CHARGING,False,,,[],,,,,,,,,,0.00011454199557192624,ValueError,E3_STRICT_MULTITRIP_V2: route EV_D_guangzhou_1#T1 misses C073's time window
swap:EV_D_guangzhou_1#T1:C081<->EV_D_shenzhen_2#T1:C149,C081,C081:1.15613569085,REJECTED_CHARGING,False,,,[],,,,,,,,,,9.72079869825393e-05,ValueError,E3_STRICT_MULTITRIP_V2: route EV_D_guangzhou_1#T1 misses C073's time window
swap:EV_D_guangzhou_1#T1:C081<->EV_D_shenzhen_2#T1:C150,C081,C081:1.15613569085,REJECTED_CHARGING,False,,,[],,,,,,,,,,9.449999197386205e-05,ValueError,E3_STRICT_MULTITRIP_V2: route EV_D_guangzhou_1#T1 misses C073's time window
