StringID  Type  x          y          demand  ReadyTime  DueDate  ServiceTime
D0        d     24928.56    4269.81     0.0     0.0        86400.0  0.0
D1        d     -42388.78   -2690.48    0.0     0.0        86400.0  0.0
C001      c     -37548.42   -15205.59   695.0   947.0      22174.0  1390.0
C002      c     60501.51    -52683.50   460.0   4940.0     24880.0  920.0
C003      c     34400.22    8046.57     543.0   4785.0     24805.0  1086.0
C004      c     29831.41    20094.91    437.0   1617.0     21798.0  874.0
C005      c     -250.12     30853.00    641.0   2093.0     22279.0  1282.0
C006      c     -70875.45   -23877.43   180.0   3700.0     22573.0  360.0
C007      c     -71307.16   5046.76     496.0   3137.0     23140.0  992.0
C008      c     26742.56    34941.59    775.0   4095.0     24332.0  1550.0
C009      c     -54564.84   412.62      498.0   4117.0     24588.0  996.0
C010      c     -36089.71   10082.24    260.0   1403.0     21414.0  520.0
C011      c     -42463.29   2460.93     435.0   4870.0     24778.0  870.0
C012      c     54084.95    -16671.22   194.0   4370.0     24488.0  388.0
C013      c     29274.49    9705.74     767.0   4063.0     25512.0  1534.0
C014      c     11375.97    5953.13     251.0   673.0      19308.0  502.0
C015      c     21262.78    56411.92    210.0   3884.0     24282.0  420.0
C016      c     -59839.67   -1754.31    327.0   3316.0     23800.0  654.0
C017      c     -31903.61   17950.80    172.0   2042.0     22353.0  344.0
C018      c     35189.06    19950.60    103.0   5117.0     24785.0  206.0
C019      c     -55952.91   42257.96    130.0   725.0      20317.0  260.0
C020      c     -39333.18   52487.47    605.0   637.0      21134.0  1210.0
C021      c     94032.80    65878.20    208.0   3822.0     22596.0  416.0
C022      c     67212.12    -27979.33   737.0   1949.0     23103.0  1474.0
C023      c     -17838.07   54591.62    527.0   2296.0     22446.0  1054.0
C024      c     -21952.62   -2958.19    145.0   2729.0     21788.0  290.0
C025      c     -50587.69   -2690.52    348.0   1270.0     20771.0  696.0
C026      c     50221.76    13345.21    608.0   2619.0     22156.0  1216.0
C027      c     32082.04    5932.38     519.0   3281.0     23282.0  1038.0
C028      c     62617.16    -63111.08   496.0   5307.0     24931.0  992.0
C029      c     -39162.32   41186.74    461.0   3667.0     24146.0  922.0
C030      c     69221.78    -64860.85   345.0   4655.0     24891.0  690.0
C031      c     69080.06    -61096.23   282.0   3533.0     24065.0  564.0
C032      c     13229.04    25232.36    252.0   3402.0     21975.0  504.0
C033      c     -39572.23   2240.22     193.0   3802.0     22353.0  386.0
C034      c     -3610.73    21509.49    661.0   4117.0     25334.0  1322.0
C035      c     -32741.54   -60379.31   420.0   3317.0     23074.0  840.0
C036      c     33165.30    -54921.07   125.0   847.0      19585.0  250.0
C037      c     -7145.46    -34846.57   586.0   1856.0     21797.0  1172.0
C038      c     28005.09    29360.48    431.0   4785.0     25123.0  862.0
C039      c     -40596.66   -10103.07   643.0   3528.0     24110.0  1286.0
C040      c     -51313.95   -21738.73   582.0   1603.0     22470.0  1164.0
C041      c     -33350.76   -5052.30    408.0   5317.0     24321.0  816.0
C042      c     -28665.72   -68982.65   148.0   4542.0     24629.0  296.0
C043      c     24027.72    42580.90    628.0   3047.0     23248.0  1256.0
C044      c     21690.62    10448.36    745.0   2248.0     22952.0  1490.0
C045      c     -24860.96   -69879.64   652.0   4970.0     25005.0  1304.0
C046      c     45192.75    -22512.56   459.0   4897.0     24345.0  918.0
C047      c     -71546.40   -28146.12   507.0   4745.0     25146.0  1014.0
C048      c     61801.46    39060.89    139.0   1156.0     19758.0  278.0
C049      c     -54534.63   28016.94    395.0   1399.0     20993.0  790.0
C050      c     37924.79    -92599.97   383.0   1503.0     20428.0  766.0
C051      c     -26918.43   4249.67     186.0   801.0      19201.0  372.0
C052      c     -43615.70   8922.14     335.0   3219.0     22659.0  670.0
C053      c     10000.67    63210.09    428.0   3259.0     22532.0  856.0
C054      c     58527.39    -59529.74   163.0   4665.0     23408.0  326.0
C055      c     -60311.91   -10437.12   737.0   2717.0     23730.0  1474.0
C056      c     47697.41    -59704.69   630.0   839.0      20335.0  1260.0
C057      c     45321.23    12595.03    350.0   1048.0     21281.0  700.0
C058      c     100167.82   59205.50    739.0   1227.0     22394.0  1478.0
C059      c     -21068.14   -15713.61   425.0   4035.0     22925.0  850.0
C060      c     -46478.83   728.13      499.0   2938.0     22079.0  998.0
C061      c     63097.08    69752.89    168.0   4745.0     24977.0  336.0
C062      c     -59403.21   25611.37    767.0   3492.0     23942.0  1534.0
C063      c     -8356.77    46303.40    257.0   4030.0     24519.0  514.0
C064      c     -4815.23    47152.46    307.0   665.0      20871.0  614.0
C065      c     90554.66    75359.88    746.0   3762.0     24564.0  1492.0
C066      c     -16150.02   -5980.65    436.0   5094.0     24715.0  872.0
C067      c     -58237.00   17022.70    244.0   2156.0     21041.0  488.0
C068      c     -33095.95   4703.60     658.0   1006.0     21699.0  1316.0
C069      c     25190.64    -87952.86   239.0   4483.0     23773.0  478.0
C070      c     -21078.66   -71704.80   262.0   5213.0     24087.0  524.0
C071      c     -59797.50   -8925.75    785.0   4901.0     24518.0  1570.0
C072      c     23707.72    94213.73    464.0   1418.0     22085.0  928.0
C073      c     -67702.08   9010.44     270.0   1458.0     21919.0  540.0
C074      c     31234.10    -91536.66   537.0   2667.0     22927.0  1074.0
C075      c     -60538.75   -4400.69    760.0   1893.0     22513.0  1520.0
C076      c     -59459.39   -21501.17   452.0   4211.0     23861.0  904.0
C077      c     -48168.85   -10132.84   281.0   4318.0     23183.0  562.0
C078      c     2622.10     -80341.87   460.0   1558.0     22339.0  920.0
C079      c     43674.70    -44908.96   607.0   1287.0     22245.0  1214.0
C080      c     12983.60    79465.16    401.0   5009.0     24920.0  802.0
C081      c     38477.58    -15148.34   434.0   4027.0     24306.0  868.0
C082      c     -12677.03   -54471.69   483.0   3341.0     23688.0  966.0
C083      c     -55976.88   31810.94    785.0   3523.0     24884.0  1570.0
C084      c     34092.30    -2769.13    206.0   4480.0     23950.0  412.0
C085      c     -53517.48   -2089.97    385.0   1382.0     20456.0  770.0
C086      c     32321.44    -69888.22   497.0   3194.0     22903.0  994.0
C087      c     -29401.55   -50366.72   344.0   3307.0     23580.0  688.0
C088      c     101109.86   43503.90    289.0   2170.0     22491.0  578.0
C089      c     -56647.19   -24818.18   104.0   36229.0    54563.0  208.0
C090      c     1928.61     31513.01    522.0   33406.0    52559.0  1044.0
C091      c     -84382.50   31500.61    678.0   36340.0    57277.0  1356.0
C092      c     68031.19    -55578.06   675.0   35925.0    57003.0  1350.0
C093      c     -79256.36   -27199.70   334.0   36020.0    55007.0  668.0
C094      c     37781.51    52926.87    795.0   33970.0    53657.0  1590.0
C095      c     59068.71    -46447.29   467.0   37036.0    56286.0  934.0
C096      c     25949.12    12999.38    705.0   33457.0    54592.0  1410.0
C097      c     46050.53    26460.10    615.0   33549.0    53774.0  1230.0
C098      c     -41768.49   -46929.75   127.0   34417.0    53573.0  254.0
C099      c     53166.19    -20121.57   763.0   34081.0    53690.0  1526.0
C100      c     -76594.50   55552.40    249.0   34705.0    53692.0  498.0
C101      c     -52071.97   8407.40     320.0   34334.0    54356.0  640.0
C102      c     45632.60    -33704.10   592.0   34479.0    54770.0  1184.0
C103      c     9730.41     23584.79    382.0   35915.0    54759.0  764.0
C104      c     -13962.80   4244.81     221.0   34401.0    54645.0  442.0
C105      c     42459.64    3164.70     101.0   37538.0    57178.0  202.0
C106      c     -17085.16   -52196.30   797.0   34686.0    55327.0  1594.0
C107      c     -34889.72   -58954.83   565.0   35243.0    55121.0  1130.0
C108      c     44634.79    15871.36    820.0   33620.0    53425.0  1640.0
C109      c     62162.37    5444.16     504.0   36113.0    57119.0  1008.0
C110      c     61374.26    -51007.19   427.0   34285.0    54843.0  854.0
C111      c     7948.32     43622.83    627.0   36165.0    56409.0  1254.0
C112      c     62180.16    -36341.80   681.0   35179.0    55762.0  1362.0
C113      c     17789.80    25437.15    420.0   36321.0    56497.0  840.0
C114      c     1285.96     45720.60    370.0   34935.0    54364.0  740.0
C115      c     -38485.88   -35146.60   634.0   35998.0    57246.0  1268.0
C116      c     26259.81    23218.08    602.0   37377.0    57447.0  1204.0
C117      c     43992.72    -74601.48   441.0   35682.0    55625.0  882.0
C118      c     67903.90    -35357.45   239.0   33335.0    53094.0  478.0
C119      c     70442.85    -7069.66    156.0   35841.0    54899.0  312.0
C120      c     -54715.67   -32766.42   505.0   34079.0    54320.0  1010.0
C121      c     -24579.58   -1463.70    669.0   33958.0    54845.0  1338.0
C122      c     -11944.99   -9315.43    611.0   34019.0    54521.0  1222.0
C123      c     -10152.07   -6901.96    792.0   35139.0    54877.0  1584.0
C124      c     -64512.00   -5973.79    408.0   33492.0    53149.0  816.0
C125      c     43531.94    4757.17     270.0   37598.0    57577.0  540.0
C126      c     -13938.15   8937.93     630.0   34343.0    54571.0  1260.0
C127      c     68839.56    -22234.64   748.0   36534.0    56833.0  1496.0
C128      c     63009.89    -40638.79   409.0   35826.0    56582.0  818.0
C129      c     43550.66    -26713.20   370.0   35682.0    56401.0  740.0
C130      c     -9166.60    -10141.17   678.0   35137.0    55503.0  1356.0
C131      c     -6969.17    50351.28    332.0   33848.0    53680.0  664.0
C132      c     -32384.32   -17909.89   281.0   33149.0    52250.0  562.0
C133      c     -10770.97   -5346.38    823.0   37271.0    57148.0  1646.0
C134      c     -45596.88   -3536.75    667.0   37482.0    57491.0  1334.0
C135      c     64694.34    7395.83     470.0   35182.0    55795.0  940.0
C136      c     48976.26    -6134.63    541.0   35614.0    55712.0  1082.0
C137      c     -40641.32   -1381.04    540.0   37712.0    56895.0  1080.0
C138      c     -24244.86   -17484.73   623.0   36871.0    57446.0  1246.0
C139      c     53782.40    -503.71     781.0   36463.0    57236.0  1562.0
C140      c     39231.39    38798.09    802.0   37553.0    58906.0  1604.0
C141      c     -8330.96    -6160.57    593.0   33875.0    54058.0  1186.0
C142      c     -30818.43   11921.28    793.0   36146.0    56031.0  1586.0
C143      c     -66750.30   -38201.03   103.0   35602.0    54330.0  206.0
C144      c     -19426.70   -27120.78   724.0   37611.0    58063.0  1448.0
C145      c     45373.32    -59611.82   429.0   37262.0    57258.0  858.0
C146      c     40342.22    9678.10     174.0   35503.0    54403.0  348.0
C147      c     -71394.73   -20542.47   771.0   34665.0    55023.0  1542.0
C148      c     -46539.96   -6048.02    484.0   34678.0    53933.0  968.0
C149      c     -39945.85   31068.52    183.0   36581.0    56249.0  366.0
C150      c     46207.83    981.81      346.0   35664.0    54612.0  692.0
C151      c     31035.40    77416.56    535.0   33709.0    53510.0  1070.0
C152      c     -42101.17   -7017.81    395.0   33722.0    53142.0  790.0
C153      c     -67604.45   -11406.90   744.0   34675.0    55747.0  1488.0
C154      c     -48503.56   3597.97     506.0   34611.0    55018.0  1012.0
C155      c     103523.61   48195.73    413.0   34022.0    54457.0  826.0
C156      c     55830.07    -34068.93   211.0   37507.0    57594.0  422.0
C157      c     8866.77     9206.52     546.0   34760.0    54382.0  1092.0
C158      c     -42243.41   16720.10    182.0   34116.0    53489.0  364.0
C159      c     -14887.53   -6602.98    582.0   33601.0    54507.0  1164.0
C160      c     -11000.33   -33444.61   246.0   35897.0    54395.0  492.0
C161      c     66642.73    7026.96     792.0   36295.0    57394.0  1584.0
C162      c     -29859.53   20812.04    376.0   37690.0    58232.0  752.0
C163      c     -26052.81   138.34      638.0   36136.0    56077.0  1276.0
C164      c     -17357.34   10641.50    112.0   33152.0    52805.0  224.0
C165      c     74230.36    -57356.55   517.0   36677.0    55762.0  1034.0
C166      c     59154.96    67708.10    149.0   36541.0    55749.0  298.0
C167      c     -13085.76   1219.76     794.0   35357.0    55967.0  1588.0
C168      c     -27142.59   -12498.82   394.0   33741.0    52667.0  788.0
C169      c     50129.49    -50247.89   625.0   37613.0    57154.0  1250.0
C170      c     51551.43    -28962.04   708.0   36740.0    58145.0  1416.0
C171      c     -32738.97   -1151.64    614.0   35674.0    56586.0  1228.0
C172      c     -39046.49   27188.69    222.0   35292.0    54462.0  444.0
C173      c     -76692.43   -21155.22   532.0   33940.0    54066.0  1064.0
C174      c     -12285.49   -24838.61   509.0   36972.0    57556.0  1018.0
C175      c     -71779.83   27497.04    470.0   37352.0    57536.0  940.0
C176      c     -22304.35   22281.74    744.0   34541.0    55614.0  1488.0
C177      c     -4919.61    23589.23    495.0   65876.0    86085.0  990.0
C178      c     45418.37    3247.20     722.0   66320.0    85813.0  1444.0
C179      c     25936.98    -11713.77   630.0   65893.0    85461.0  1260.0
C180      c     -45755.98   -45279.99   285.0   66180.0    84838.0  570.0
C181      c     52780.03    -41167.55   146.0   65639.0    84175.0  292.0
C182      c     72623.37    -1811.81    464.0   66552.0    86066.0  928.0
C183      c     23281.75    -12477.24   683.0   66346.0    85731.0  1366.0
C184      c     -24386.81   -49275.83   258.0   65484.0    85470.0  516.0
C185      c     -18308.04   52429.62    818.0   65740.0    85446.0  1636.0
C186      c     17454.31    42601.43    210.0   66061.0    85643.0  420.0
C187      c     51373.48    -1194.64    168.0   65717.0    85379.0  336.0
C188      c     -15176.58   101373.50   562.0   66330.0    86161.0  1124.0
C189      c     -53287.09   -33496.15   298.0   66247.0    85263.0  596.0
C190      c     -20221.86   6204.32     567.0   66092.0    85598.0  1134.0
C191      c     -48789.75   10237.21    171.0   67582.0    86274.0  342.0
C192      c     -68792.34   47125.92    714.0   65410.0    85971.0  1428.0
C193      c     -9447.01    12214.82    401.0   65470.0    84415.0  802.0
C194      c     -19884.38   90385.97    518.0   66680.0    85901.0  1036.0
C195      c     39246.82    -16045.36   578.0   65720.0    85015.0  1156.0
C196      c     -37345.29   -27348.39   503.0   66192.0    85307.0  1006.0
C197      c     26850.18    -28265.81   632.0   65898.0    85782.0  1264.0
C198      c     2533.67     48963.33    512.0   66509.0    86279.0  1024.0
C199      c     -28692.77   -25660.31   672.0   65462.0    85496.0  1344.0
C200      c     -6654.82    28903.33    127.0   66447.0    85141.0  254.0
F1        f     24928.56    4269.81     0.0     0.0        86400.0  0.0
F2        f     32321.44    -69888.22   0.0     0.0        86400.0  0.0
F3        f     54672.32    -50949.03   0.0     0.0        86400.0  0.0
F4        f     -59459.39   -21501.17   0.0     0.0        86400.0  0.0
F5        f     -25770.58   -22397.00   0.0     0.0        86400.0  0.0
F6        f     2622.10     -80341.87   0.0     0.0        86400.0  0.0
F7        f     -35504.92   -5594.49    0.0     0.0        86400.0  0.0
F8        f     -46261.94   -15410.21   0.0     0.0        86400.0  0.0
F9        f     22616.04    17826.11    0.0     0.0        86400.0  0.0
F10       f     25639.37    14591.84    0.0     0.0        86400.0  0.0
F11       f     -49695.51   5081.49     0.0     0.0        86400.0  0.0
F12       f     -8356.77    46303.40    0.0     0.0        86400.0  0.0
F13       f     47433.04    44342.84    0.0     0.0        86400.0  0.0
F14       f     -28098.81   11923.42    0.0     0.0        86400.0  0.0
F15       f     50221.76    13345.21    0.0     0.0        86400.0  0.0
F16       f     33165.30    -54921.07   0.0     0.0        86400.0  0.0
F17       f     42529.44    71708.18    0.0     0.0        86400.0  0.0
F18       f     40556.76    -16705.19   0.0     0.0        86400.0  0.0
F19       f     -28665.72   -68982.65   0.0     0.0        86400.0  0.0
F20       f     47388.74    11134.75    0.0     0.0        86400.0  0.0
F21       f     37942.45    -23869.49   0.0     0.0        86400.0  0.0

m numVeh /24/
m numPetrolVeh /12/
m numElectroVeh /12/

DistanceMatrix
0 67676 65442 67150 10197 16567 36615 99853 96239 30725 79587 61294 67416 35897 6960 13657 52271 84982 58456 18739 89358 80340 92580 53178 66040 47435 75836 26872 7344 77205 73963 82103 78880 24006 64533 33342 86633 59761 50585 25279 67083 80557 59020 90765 38322 6976 89315 33585 101775 50695 82936 97738 51847 68702 60801 72106 86500 67906 22027 93160 50150 71495 75795 86990 53617 52188 96750 42338 84138 58026 92223 88819 85747 89952 92752 96014 85906 88235 74503 87503 52630 76138 23678 69748 85465 11555 78703 74526 77051 85691 86607 35654 112652 73754 108834 50326 61137 8789 30636 84083 37314 113740 77112 43251 24577 38891 17566 70382 87038 22868 37252 66211 42860 55109 22339 47719 74666 18995 81143 58457 46906 87834 49839 39297 36817 90025 18610 39146 51290 58881 36149 37016 56044 61455 36972 70956 39888 26202 65813 53771 29246 37373 34857 56270 101039 54339 67073 16335 99468 72209 70192 21532 73401 67973 93852 73435 90037 49242 16803 68316 41274 52089 41805 57231 51149 42763 78921 72082 38136 54705 60061 42581 57922 67956 104753 47246 99459 50551 35555 20515 16015 86322 53294 48081 16828 72795 64721 39054 27004 105060 86856 45192 73959 103055 35282 97078 24854 69841 32592 49990 61409 40054 0 74526 62720 88235 57285 87503 61233 73861 13752 10346 74628 53617 45960 53577 26872 59761 69697 26157 90765 23486 31003
67676 0 13419 114393 77536 75729 53859 35502 29936 78710 12565 14242 5152 97481 72728 54455 86860 17476 23152 80814 46950 55262 152684 112481 62322 20438 8199 93989 74968 121148 43996 127758 125843 62234 5678 45710 58490 91850 47709 77347 7626 21036 9342 67698 80378 65413 69438 89797 38706 112244 33022 120557 16956 11677 84188 115822 19526 106612 89032 155414 24983 5331 127966 33023 59654 62419 154162 26444 25294 11876 108796 72229 18492 117300 27887 115386 18230 25402 9423 89754 95861 99074 81820 59700 37081 76481 11145 100485 49413 150751 26324 55981 54153 122432 44271 97573 110491 70116 93120 44244 97132 67545 14728 93325 58368 29260 85050 55598 56762 88981 104867 114461 68401 109850 66428 65201 32690 73375 112396 115029 112917 32504 17851 31156 32511 22366 86243 30735 112932 112022 89234 34047 63781 18213 31729 3318 107557 91430 2184 23411 96196 91560 34234 18638 43064 33528 104605 83650 34059 5339 33847 88673 108666 4337 26680 8771 154531 103109 52618 19411 27778 43944 109464 26634 16579 28360 128796 123560 29563 18129 104026 97545 9772 30066 38958 37373 42132 32047 45766 88008 68919 42722 102653 115016 66396 49943 60151 75050 93774 107563 32677 23885 14426 56381 36157 95758 82721 25168 73811 68455 26743 47698 67676 100485 108396 25402 25778 89754 7471 13296 68166 70189 10667 59654 101391 20439 93989 91850 112899 84121 67698 90836 83076
65442 13419 0 104968 75613 76067 59267 34437 39368 81536 23097 25330 18337 91645 71315 53304 92671 26035 33633 80788 60339 67717 154558 105536 72527 19830 18073 92297 72768 111032 56415 117752 116084 64912 17563 49998 45429 81103 36195 79268 5944 15237 10987 54506 84445 64555 56127 83063 36377 113204 46440 108102 22170 24879 91706 105807 23258 96161 87409 156534 16488 18266 131710 46300 68085 70427 156884 23302 38297 20401 96064 58851 23118 125399 38674 102750 25403 22797 11770 76527 86484 107313 76026 46480 50499 72712 20665 88724 36093 150575 21381 61164 66143 113035 43398 101571 101543 69480 93407 32004 90848 80816 27722 85213 61155 30571 82090 42274 43830 87863 101827 105202 74369 101944 68660 72250 19963 74484 100880 107361 108297 24558 18895 26272 28627 28500 83502 33769 106620 103725 81911 28830 72338 5829 28535 14175 104711 86999 14166 13497 92507 93870 30585 27949 37169 21688 94063 81769 34264 12834 46336 85306 115250 9368 30295 21762 154664 95265 52444 32269 24239 32210 106537 36829 19173 32799 119462 127382 29465 10752 94421 90156 14854 42421 39594 27037 54729 40468 50692 84994 63581 31174 93985 110983 60891 36524 70319 79793 90019 118706 24130 27543 27816 69724 39263 107059 76800 12144 65710 75659 13701 53852 65442 88724 98905 22797 13800 76527 9826 8716 68636 69861 23646 68085 103768 28728 92297 81103 118180 78120 54506 88928 75986
67150 114393 104968 0 66102 78977 103291 134498 143897 93903 126726 115193 116802 36579 69768 76496 115937 130674 116310 76918 150251 145010 123212 25599 132835 96288 121820 66824 65142 10640 136911 14978 12015 91135 114155 98056 93560 27428 69959 88245 109699 116018 105247 90645 102008 74107 87077 33833 134308 91754 140520 45859 104325 120978 126419 7125 127987 14603 67020 118712 89557 119573 122464 143203 120581 119304 131523 89759 137687 109790 49908 83768 128010 151435 142275 48643 130315 123947 116704 64148 18536 140432 43519 73200 143898 56470 124740 33017 89933 104408 120417 102566 167566 8067 142062 108027 6399 74217 80452 102432 33378 174672 128082 24110 91622 93732 58690 77588 95597 70367 58151 1890 109712 16428 89034 114847 100529 83268 27440 18841 46685 116926 99309 84435 84190 133455 59895 96636 31570 12303 31013 81630 123160 99182 85560 116928 60225 47954 113410 91765 52611 93922 83080 111862 128073 83916 16639 65539 135756 116759 130783 55536 133395 112306 134592 122677 109670 19192 80601 123989 88357 74045 60025 116476 101399 100360 14502 120399 91218 96417 10654 25354 106533 127630 140770 77931 154684 111699 100486 57929 53602 106515 13865 52296 54789 84957 131376 104558 52292 171641 115395 99920 126109 163337 95418 164106 42357 101074 41577 117014 93198 105671 67150 33017 6082 123947 91434 64148 106933 113083 80043 75772 124419 120581 97902 109654 66824 27428 125683 41137 90645 65151 36595
10197 77536 75613 66102 0 12886 41482 110010 105750 27964 89292 70519 77066 31598 5388 23119 50118 94748 67039 11930 96613 86091 83070 48729 69966 57417 85663 16685 3137 76548 80683 80796 77353 27268 74200 40325 95865 62980 59715 22253 77162 90742 69006 99553 36058 12935 97900 32409 111958 41385 91149 100708 61436 78021 60319 71754 96499 69044 11830 83322 60343 81209 68053 95434 57374 55382 87661 52460 93071 67579 96440 97150 95715 86828 102107 99634 95751 98401 84547 93927 53762 74561 23551 78261 93449 10820 88500 77963 86503 75547 96797 40063 121076 71966 118996 45007 59817 9795 21790 93937 33847 120734 86473 43235 29155 48512 9423 79246 96386 12883 27884 64923 44333 52365 24049 50159 84723 17217 83203 54831 39084 98017 59742 49491 46993 99901 9706 48347 45859 56469 35944 47211 59170 71651 47115 80831 30301 20336 75631 63962 21184 31129 45031 65334 111222 64297 68542 6162 109590 82158 77829 13760 69452 77970 103843 83023 79937 47254 25560 77133 51419 61504 32259 65515 60968 51823 76577 64593 47974 64882 60379 40790 67766 75900 114867 57105 107947 58464 42280 12018 21496 96274 52534 39474 23342 82108 68906 38486 19326 105678 97030 54653 83219 110344 44045 98623 24575 80001 37089 51862 71532 46049 10197 77963 62381 98401 67434 93927 71224 84004 15314 10936 84148 57374 38565 62619 16685 62980 64179 25506 99553 13351 32112
16567 75729 76067 78977 12886 0 31947 109888 102252 15165 86661 66677 74414 44045 10404 23251 37314 92295 61772 5360 88601 76374 78854 60897 58842 56684 83585 21478 14340 89432 72146 93643 90180 17379 71663 33472 101939 75090 66226 9444 76629 91294 68003 106568 23223 12623 105293 45292 112270 37172 84737 112985 58920 74292 47457 84638 95174 81775 17210 80479 62234 78729 59771 89405 46317 43960 82107 52860 88122 64782 108147 104972 94210 74371 98161 111640 93631 98504 83653 104057 66462 61714 36288 85832 86604 23258 86251 90018 92051 75024 97446 30149 114782 84768 118899 33781 72682 8088 17423 98076 46496 112177 82733 56071 20402 46574 21121 86181 102165 15394 35496 77785 32131 65050 13173 38360 87857 4745 95749 67264 48859 99712 58526 51090 48244 97879 20566 45169 57562 69205 48777 49346 47642 72905 47915 79044 37104 32473 73672 65852 31590 20932 46322 61198 112812 68233 81208 14798 109079 80722 70635 25169 57334 76873 102402 80053 78868 60080 23624 72154 52082 67333 39062 59695 59341 48126 89275 55919 46884 65638 73213 53650 66079 69242 114232 61586 101880 52182 34926 22952 32046 99937 65420 48073 33224 88045 57991 25685 30287 92908 98897 51945 79237 102261 40061 86096 37347 82241 48453 39731 74287 37534 16567 90018 75262 98504 69980 104057 70205 83969 7564 6918 80932 46317 29963 58504 21478 75090 53152 38331 106568 19712 44706
36615 53859 59267 103291 41482 31947 0 89350 75598 27301 62263 41423 50873 72186 36317 27480 33408 67928 34182 37078 56858 44671 100578 89512 29544 40177 60490 53422 40822 113055 40261 118269 115158 14604 48630 9929 96845 92053 66060 28295 57491 73304 48835 103801 26962 29962 103696 70092 92542 62592 54359 129221 37669 48596 33942 107814 72885 102468 49093 104344 51008 55178 74338 59385 17448 16927 101126 40119 59613 41984 121499 104651 71612 67739 70900 126374 69839 79036 63056 111232 87574 50381 60133 86225 55735 48061 62631 105876 86293 102146 79246 2277 84135 110148 98041 43973 97437 31704 46509 88170 73836 80240 56474 79201 12347 29934 50900 84738 96257 47319 67386 102463 15175 91721 18835 14947 76275 27587 114359 95020 80222 83749 40451 41836 39032 74066 50969 25839 87130 95462 72335 41953 20623 58399 37697 56912 69051 61574 51677 53966 62472 40273 37885 35956 95868 61063 101318 45783 87767 59198 39696 55233 56098 56442 79514 55419 105213 85790 23488 44308 40214 65190 71009 31266 40114 26479 115448 69909 32294 51016 95475 79128 45605 38969 92457 56977 71608 23661 8635 53364 49977 88696 89438 79859 49308 83685 28136 21248 60762 72083 83389 31724 52736 70447 20784 62687 61314 69018 65034 18323 63267 6695 36615 105876 98529 79036 59050 111232 50708 65249 26317 30573 55759 17448 49555 33673 53422 92053 59154 62666 103801 51558 66732
99853 35502 34437 134498 110010 109888 89350 0 28927 113969 29258 48614 38742 125168 105631 87494 122212 24723 57170 114763 67798 82623 187752 138148 94712 53208 29334 126689 107186 139139 72381 145969 144820 97393 40768 81145 52788 108573 64667 112302 33265 19678 41982 61775 115859 98726 65066 116076 4321 146848 54406 128687 52186 42649 118849 134224 17095 123867 121786 190154 50472 34650 163448 50801 93989 97001 189493 57577 42808 47373 115474 69045 18608 151299 33041 122491 22050 11661 26542 92683 116465 133087 109701 65750 57647 107069 27857 112989 49211 184714 14259 91480 57001 142478 9015 133061 131890 103609 127301 37130 124098 79635 37361 116922 93541 63482 116517 60789 50253 122158 136231 135004 103776 133638 101457 100255 34294 107950 125569 139253 142314 18443 51436 60703 63052 19001 117936 65717 139725 134930 114461 63219 97949 38951 62896 32446 139130 121158 37685 47067 126830 126695 65005 53723 14906 51551 121617 116169 3375 30168 63053 119693 143688 33350 12892 35432 188705 127115 86333 49678 58592 60635 140948 60659 50851 63685 148918 159047 63004 45189 123845 122532 44394 60173 6422 58598 51382 67006 81260 119415 97574 33001 124858 145185 94845 52974 92661 110551 124335 137077 20047 58913 40640 71034 71247 125125 110400 33709 97824 103415 42220 83127 99853 112989 128433 11661 45129 92683 39816 26029 102371 103899 35878 93989 136568 55781 126689 108573 148315 111663 61775 123338 108818
96239 29936 39368 143897 105750 102252 75598 28927 0 102506 17372 35576 28960 127259 100689 82688 105866 13333 41463 107534 40255 57210 176175 142402 72895 49999 22117 121812 103393 150270 48367 156957 155188 86913 31859 69669 75947 120460 75553 102245 34244 33424 39277 85432 102458 93155 88154 119715 33194 137386 28442 146515 44396 27961 99970 145007 18991 135480 116872 179824 54359 25201 149169 23761 75265 78702 176474 56249 17727 38213 134018 91726 18103 130302 5358 140865 14325 29072 27673 112946 125365 112441 111627 83546 30844 105689 19168 127883 69475 176654 33269 77871 29509 151956 33212 119134 140177 97581 119295 59784 126992 50782 19527 123193 83131 57350 113782 78847 73637 116446 133470 144036 88145 139756 91400 83211 51892 99245 140135 144956 142267 41293 47179 61075 62311 12947 114839 57501 142777 141874 119168 63970 78688 45188 61422 27105 136022 120802 31332 52178 125213 115576 63966 41068 43487 61044 133398 111745 25589 27139 40751 117585 125345 31600 16865 22850 180077 133018 80282 31320 57610 71544 137964 44345 45520 54239 158352 144730 58347 47522 133433 127479 39063 39128 26750 66157 22455 51945 68928 116739 98678 56442 132414 144094 96199 71781 71092 96379 122839 111488 42547 51098 23108 42154 62274 99635 112548 46935 103656 85914 52525 68913 96239 127883 137864 29072 53167 112946 37350 32338 94789 97415 21612 75265 125074 43752 121812 120460 131919 113959 85432 118852 113012
30725 78710 81536 93903 27964 15165 27301 113969 102506 0 88335 67571 76449 58408 25363 32809 22159 94038 61058 17207 83018 68366 74061 74812 48719 61706 86001 31901 29497 104409 66200 108467 104956 16640 73939 33193 112358 90092 77581 5722 81016 96465 72185 117772 8107 25009 116835 60344 116794 35300 81572 128031 61818 75015 32854 99675 98172 96938 29061 77330 69655 80820 50334 86650 36892 33838 75536 59282 86848 67045 122904 116877 97023 59350 97940 126558 95738 103037 87427 117780 81626 46601 51446 97717 82779 38420 88391 104978 102126 74859 102592 25050 111178 99491 122871 21103 87574 21957 21089 106755 61075 105372 83161 71197 20455 50983 35451 97539 112317 26150 46094 92664 20702 79606 13057 27645 95745 11733 110893 81463 60619 105924 62923 58783 55786 100007 34540 48282 71002 83831 63905 57636 37067 79305 55049 81936 46895 46708 76550 73132 44582 13071 54033 61994 118704 77352 96371 28691 112736 83967 66801 39143 42691 80623 105117 81513 77917 74890 31334 71352 58813 78110 48695 58339 63235 50352 103798 46089 52187 71793 88341 68550 69576 66244 117668 71392 98803 50654 33636 36788 46662 108127 80440 58787 47545 98523 48326 12039 43732 78552 105302 55059 79470 96309 42734 72444 52498 89372 63207 27976 82132 33939 30725 104978 90318 103037 77752 117780 74283 88685 17606 20380 82063 36892 22726 59476 31901 90092 40013 53462 117772 31512 59868
79587 12565 23097 126726 89292 86661 62263 29258 17372 88335 0 20853 12274 109985 84353 66173 94264 5703 28655 91856 41868 54257 162379 125043 65454 32786 5045 105582 86823 133292 43586 139942 138099 72194 15104 55149 64590 103723 59092 87497 17484 22389 21907 74071 89191 76913 76311 102358 33226 122616 27604 131170 27911 13867 90068 127996 12278 118624 100626 165526 37176 8092 136574 25659 65124 68262 163330 38943 17011 21894 119035 79513 10704 122169 15701 125762 7672 22454 12334 98953 108190 103981 94335 69043 31430 88714 2713 111765 56672 161529 25317 64488 43076 134777 37042 106234 122916 81492 103932 49041 109671 59378 8374 105846 68343 40782 97064 64594 62543 100397 116836 126830 75994 122394 76560 71917 39026 83980 123858 127586 125231 33179 30044 43716 45011 11821 98193 41512 125465 124535 101796 46609 68987 28770 44171 9799 119463 103748 14039 35208 108351 101347 46699 26388 40491 44641 116579 95358 26877 10302 33963 100774 115139 14510 17599 6847 165152 115655 64038 20439 40293 55174 121388 32039 28513 38588 141158 132140 41487 30310 116307 110107 21882 30948 30900 49246 32092 38974 54789 100023 81410 46534 115117 127208 78907 58135 63406 83466 105951 108372 33933 34828 11396 48832 46636 96426 95244 32668 86318 74949 36731 55741 79587 111765 120709 22454 36734 98953 19984 17869 79121 81448 6746 65124 111056 28861 105582 103723 120459 96650 74071 102516 95641
61294 14242 25330 115193 70519 66677 41423 48614 35576 67571 20853 0 9935 94060 65365 47645 73728 26536 8913 71959 37813 42529 141581 110091 48106 19233 19322 86373 68298 122883 31256 129255 126992 51593 8581 34431 70541 94983 53445 66931 20682 35275 15380 79413 68339 57781 80746 87574 52140 102090 25727 126577 10869 7615 70334 117466 31745 109044 81450 144842 29851 13980 115752 28012 45619 48500 142478 25605 23209 6156 115612 83153 30387 103217 31631 121897 28417 39289 23549 98362 96883 84983 78720 68669 29456 71349 21258 105240 60818 141212 40505 43643 52829 123095 57038 85397 110683 62107 83757 57294 94228 60895 16070 92713 47768 22884 78853 65114 69047 80932 98361 115027 55356 108684 56025 51643 45292 63718 116553 113488 107904 46722 16303 30972 31004 32644 79800 22181 109793 111325 87730 33673 49695 28236 29649 16609 100820 86598 12334 30004 90493 80609 32162 5583 57196 40764 107208 76433 46737 19220 21338 82799 95077 18126 38144 14005 144722 101973 44965 9051 26980 50240 102778 12407 14129 18741 129300 111321 24652 24289 105231 95945 11723 17360 51229 42262 39712 18408 33971 81794 65745 56200 102588 109362 63513 60501 45929 62646 88187 93656 46849 16335 12701 49414 26728 81923 79739 37452 73702 54804 36500 34938 61294 105240 109373 39289 34079 98362 15688 27447 59214 61894 14496 45619 90276 8200 86373 94983 99894 81193 79413 83485 81446
67416 5152 18337 116802 77066 74414 50873 38742 28960 76449 12274 9935 0 98426 72103 53952 83497 17880 18747 79598 42021 50124 150509 113821 57654 21214 9620 93322 74626 123861 38866 130406 128380 60168 2899 43271 63588 94934 51373 75428 12702 25767 11810 72764 77657 64649 74451 91144 42221 110502 28264 124494 15647 6563 80268 118499 22021 109515 88368 153504 28073 4373 125185 28686 55547 58436 151684 27634 21468 9632 112923 77187 20740 113125 26075 119444 19334 29378 13826 94281 98304 94889 82834 64254 32312 76734 11954 104054 54418 149324 30746 53053 50995 124810 47260 94795 112698 69219 91710 49396 98260 63116 11300 95230 56306 28556 84926 60262 61881 88124 104668 116795 65082 111606 64485 61526 37817 71789 115816 116667 113308 37297 18309 32712 33640 23607 86026 29251 114010 113939 90827 35602 59610 22728 32640 6767 107271 91843 4252 27014 96291 89411 35204 15003 47363 37493 107556 83119 36962 9435 28718 88683 104978 9486 28712 6146 152983 104862 51771 14261 29027 47740 109202 22262 16574 26405 131132 120762 29404 21413 106544 99127 10374 24963 41586 40694 38552 28271 43081 87885 69854 47854 104760 115166 67421 54804 55501 72121 93908 102607 37551 22554 10025 51848 34427 90778 83780 30245 75819 64709 31312 44513 67416 104054 110851 29378 29943 94281 10645 18270 66869 69175 7692 55547 99174 17201 93322 94934 109631 85204 72764 90270 84607
35897 97481 91645 36579 31598 44045 72186 125168 127259 58408 109985 94060 98426 0 36212 48331 80115 114897 92697 41209 124824 116232 91707 17326 101249 77264 105602 30264 31544 47217 109739 50511 46887 58524 95547 69185 97207 43597 63871 52906 94909 105521 88204 97899 66440 42248 95203 10639 126154 56264 117453 77629 83661 100997 91238 43088 114567 43505 30550 88774 75159 102058 86893 121109 88684 86849 98994 71044 117267 89763 76915 93157 114146 114971 124465 78275 115279 113647 102463 81868 30096 104554 15681 76721 120267 24351 108586 57495 90030 76370 111031 71007 146608 41331 133756 71482 30190 40890 43873 100516 3571 149310 109079 19015 59899 71190 22992 79544 98511 33887 23544 35101 75921 21271 55592 81734 94396 48635 58803 23241 18968 109985 80121 66438 64976 119078 23886 72684 15769 25575 14554 63588 90662 86478 65837 100543 26302 11710 95952 78334 16170 57424 63295 89589 122738 74251 43815 29718 125539 101184 105456 19331 96870 96669 121803 104572 81559 17485 52099 101952 69703 67212 26820 91933 81882 76485 45400 84532 69513 81335 33809 12549 88200 102942 130854 66871 133390 85748 71431 21722 28581 103859 24531 23759 31087 84976 100078 69678 15712 136864 108682 77748 106336 138452 69790 130126 14851 92052 29600 83459 83264 75937 35897 57495 34283 113647 80061 81868 90272 100355 46694 42267 106036 88684 61376 87016 30264 43597 89132 13528 97899 28601 17675
6960 72728 71315 69768 5388 10404 36317 105631 100689 25363 84353 65365 72103 36212 0 18288 47388 89848 61731 11830 91232 80854 85726 53474 65072 52769 80819 21261 4703 80088 75330 84593 81224 22328 69250 34939 93584 64744 57544 19696 72625 86506 64341 97719 33291 7620 96252 35936 107692 43815 85786 102671 56457 72894 56870 75162 91823 71814 16305 86464 56396 76283 68918 90093 52493 50640 89809 48057 87817 62571 97744 95724 91000 84691 96979 101261 90914 94062 79944 93909 56481 71636 26503 76673 88071 13373 83628 79652 83974 79389 92598 34976 115728 75921 114634 44050 63568 4680 23710 90855 38216 115370 81357 46390 23971 43581 14718 77337 93975 16552 33163 68676 40065 56596 19478 45612 81260 13845 85582 59354 44455 94118 55000 45397 42782 95088 15092 43219 50849 60602 39117 43262 54458 67561 42781 76033 35495 25280 70789 60030 26549 30749 40816 60134 107312 61057 71162 11068 105115 77434 72442 19048 67734 73309 99153 78017 83633 51200 20414 71861 47077 59026 37464 60168 56148 46641 80736 65247 43202 60629 63477 44626 62957 70522 110369 54042 102609 53090 36905 17388 21678 93022 56041 44853 22978 79739 63949 34955 24641 101877 93182 49620 78066 104964 38803 94477 27615 76231 38049 47500 67904 40737 6960 79652 65758 94062 63722 93909 66562 79603 10501 6090 79105 52493 39108 57416 21261 64744 63403 28720 97719 18171 34676
13657 54455 53304 76496 23119 23251 27480 87494 82688 32809 66173 47645 53952 48331 18288 0 51418 71632 44912 27622 76493 68825 102094 65338 56738 34499 62564 39543 20706 85997 61608 91437 88461 19368 51083 21601 79664 64656 44807 28713 54396 68534 46061 84963 38751 11252 84046 44203 89660 60323 69506 102066 38332 55072 57273 80692 73538 75035 34589 103537 39014 58090 82131 73458 44917 44267 105293 30002 70488 44489 94917 84167 72712 89118 79137 99492 72656 75970 61679 86738 60251 73530 34348 65036 72146 24333 65390 78681 69532 97274 74659 27250 99108 83642 96506 53887 70855 16187 40285 74973 49258 100990 63495 52404 17708 25396 31208 64741 79709 34706 50789 75791 37825 66105 20513 41028 64617 22795 86907 70014 60485 76598 36713 27875 25074 76819 32178 25489 64005 69548 45851 26096 48039 49844 24863 57758 53338 39496 52532 42640 42895 43066 23132 42614 89740 45196 73855 29205 86908 59146 57138 35185 74118 55028 80866 59926 101369 59816 4109 54690 29111 45309 55277 43831 37878 29113 89212 78080 24915 42710 68267 53227 44683 54712 92146 38833 85901 37430 24012 34150 22894 76739 62727 61738 21941 65797 55147 37149 40631 99046 75747 31599 60318 90123 21744 90034 35507 59015 37555 43910 51038 29186 13657 78681 71501 75970 46729 86738 48282 61470 16350 16675 61078 44917 52668 39924 39543 64656 72762 36945 84963 36384 39940
52271 86860 92671 115937 50118 37314 33408 122212 105866 22159 94264 73728 83497 80115 47388 51418 0 99804 65620 39030 78502 60723 73383 96090 39143 73433 93035 51898 51626 126475 62314 130411 126865 32198 81458 42859 128673 111967 95578 27879 90834 106653 82222 134969 14105 45966 134451 82473 125553 44096 80941 149941 71009 80402 13155 121783 105467 119088 49987 78954 83630 87690 43910 86346 31297 27673 71836 72750 88723 75024 144418 134932 104114 37881 100805 148284 101930 112190 96171 138018 103770 24495 73602 115962 81063 60556 94945 126783 118189 80884 112554 31524 108543 121363 130748 16882 109587 43665 38879 121047 82917 97861 87649 93353 34794 62946 57311 115179 128307 46795 65349 114664 18462 101378 31169 22658 109329 33568 132971 102942 80303 117156 73832 73640 70679 106063 56251 59101 91918 105649 86061 73180 28875 91661 69572 89800 65490 68411 84689 86785 65551 25162 69218 68497 129220 92916 118502 50478 120447 92187 66248 60784 23167 89657 111789 87502 82670 96859 48806 74890 72648 95473 67069 62296 73522 59887 125494 39540 65008 84213 110497 90588 78929 67016 124948 87904 97432 55344 41986 58395 68286 121790 102543 77640 68919 115125 39771 14326 65001 57874 116795 65129 83901 90533 53819 53360 74656 102229 84862 20156 96080 39193 52271 126783 112439 112190 91777 138018 84068 98580 38610 42048 87578 31297 28819 66451 51898 111967 26196 75620 134969 52274 81996
84982 17476 26035 130674 94748 92295 67928 24723 13333 94038 5703 26536 17880 114897 89848 71632 99804 0 34186 97476 44184 57989 168080 129730 70278 37906 9299 111092 92243 136968 47660 143664 141922 77893 20657 60851 64585 107129 62224 93192 20976 21727 26693 74104 94865 82438 76580 107064 28872 128306 30240 133457 33464 19422 95384 131715 8696 122158 106135 171226 41208 13590 142221 27369 70427 73618 169012 43894 18845 27512 121080 79972 7172 127240 13330 127888 2737 19751 14367 100387 112150 109086 99225 70735 33787 93937 6331 114612 57355 167192 23284 70157 41331 138737 32007 111892 127030 87048 109585 48656 114489 59706 12791 110205 74041 46267 102418 66124 62405 105951 122214 130838 81574 126827 82254 77396 39636 89648 126838 132089 130391 31433 35261 48488 49954 6296 103576 47130 130299 128857 106360 51362 74231 31856 49200 14354 124870 108904 19202 38916 113629 107049 51697 32082 37096 47714 120072 100832 22057 13976 38381 106083 120525 18503 12388 12536 170829 120099 69575 25513 45213 58220 126787 37524 33840 44254 145143 137785 46848 34417 120187 114666 27107 35638 25698 52861 31594 44572 60486 105377 86353 45748 119317 132463 83810 59289 68270 89117 111215 112384 32411 40409 16306 49693 52293 100430 100112 34074 90653 80391 39264 61388 84982 114612 124632 19751 39835 100387 24636 19257 84749 87028 12232 70427 116758 34562 111092 107129 126001 101504 74104 108000 100252
58456 23152 33633 116310 67039 61772 34182 57170 41463 61058 28655 8913 18747 92697 61731 44912 65620 34186 0 67122 34194 35327 134748 109241 39248 23156 27842 82254 65105 124520 24343 130706 128242 45716 17482 28516 78335 97695 58314 60986 29370 44182 23049 86994 61114 54117 88112 87070 60799 96054 24769 130757 14580 14788 61680 119084 40161 111206 77410 138365 35365 22562 108206 28547 36855 39831 135247 28651 26350 13301 120314 90307 38735 94386 36898 126388 36326 48123 32454 104180 98303 76150 77776 74931 27778 69172 29475 108814 68363 135446 49411 36449 54200 124070 65428 77970 111459 58064 78417 65626 93201 58405 22312 93167 42013 22577 75819 71695 76964 76567 94894 116000 47405 108625 50254 43275 53504 58401 119692 113152 105360 55611 20750 33790 33027 40444 76581 20099 108462 111541 87682 36140 40884 35864 31454 25480 97173 84390 21215 36254 87651 74127 33720 6126 66086 46767 109488 72718 55148 28110 15387 79933 86588 26971 46221 21945 138763 101996 41698 10413 29874 55484 99150 3516 18749 16279 130137 103766 25180 30820 106679 95737 19121 11677 59459 47072 41003 10531 27567 78708 65004 64730 103278 106379 63018 67646 37062 55171 85450 85083 55714 16566 18565 47032 23178 73426 78855 45625 74753 46343 43729 27522 58456 108814 110646 48123 40811 104180 23819 36320 54520 57641 21958 36855 83611 7128 82254 97695 91816 80321 86994 79585 81409
18739 80814 80788 76918 11930 5360 37078 114763 107534 17207 91856 71959 79598 41209 11830 27622 39030 97476 67122 0 93832 81316 74645 57643 63339 61563 88715 16420 14358 87473 77325 91385 87848 22586 76830 38831 105202 74899 69246 11839 81527 96025 72958 109483 25233 16508 108053 43626 117072 32763 90086 112584 64061 79573 50058 82836 100219 80631 12521 75916 66609 83900 57089 94761 50899 48376 78330 57516 93472 69967 108366 107549 99279 75145 103471 111557 98777 103328 88620 105448 65412 63522 35253 88486 91934 22746 91404 89885 95480 70002 102167 35213 120128 82360 123778 33078 70561 11563 12663 101958 43920 117316 88021 54662 25717 51600 18293 89094 105532 10289 30627 75635 36089 62429 18244 42585 91998 9508 94961 64259 44418 104221 63489 55481 52696 103016 17333 50346 53962 66671 47407 53600 51976 77457 52462 84131 32065 29505 78774 70241 27642 19276 50752 66494 117359 72101 80212 11493 114017 85765 75953 21937 57616 81860 107470 85275 73942 57829 28431 77500 56681 70601 34005 65054 64367 53365 86606 53434 51781 70272 71771 51577 71130 74588 119194 65268 107235 57541 40273 19587 32988 103957 63599 43300 34545 91332 62585 28768 26628 95741 103366 57091 84539 107474 45301 89410 36224 86593 48932 43682 78494 42791 18739 89885 73528 103328 74225 105448 75168 88796 12751 10950 86177 50899 27293 63795 16420 74899 52276 37047 109483 15052 43907
89358 46950 60339 150251 96613 88601 56858 67798 40255 83018 41868 37813 42021 124824 91232 76493 78502 44184 34194 93832 0 19516 151834 141785 40061 56573 45268 110041 95235 158624 16825 164752 162220 71246 43241 56305 105229 131855 91254 84943 54566 64165 52432 114538 79981 83907 116368 120107 72110 117798 14311 164316 47829 35546 69202 153188 52875 145395 105529 157038 67658 42597 122184 17000 47768 51371 150201 62540 25338 43963 153425 119179 51328 95106 35262 159695 46883 63855 52966 135874 132377 78337 110511 105969 10447 100676 44415 142720 96355 157068 67080 58870 30397 157937 73263 94340 145254 86971 103220 90309 125691 24552 34072 126846 68286 56641 105893 102139 103381 103991 123719 149880 63916 141892 75637 57344 79351 84389 153770 146167 135680 75035 53813 67798 67189 48985 106318 53623 140472 144997 121070 70247 49648 64619 65632 46951 125583 115551 46247 67636 117773 95247 67913 39396 81180 78406 143682 101657 64671 49215 19530 110184 93825 51186 54915 39371 159587 135356 72760 28985 63826 88043 127557 33776 51653 49892 163923 117888 59344 61874 140751 128955 49227 22648 66719 80055 21642 39132 54341 108618 98076 88130 137050 135919 96302 96824 38995 73408 115789 71815 75801 50760 32812 13731 55366 60144 111635 72051 108766 58870 73185 51075 89358 142720 144656 63855 71353 135874 52038 58477 82280 86155 37699 47768 103407 41183 110041 131855 102791 113096 114538 107927 114844
80340 55262 67717 145010 86091 76374 44671 82623 57210 68366 54257 42529 50124 116232 80854 68825 60723 57989 35327 81316 19516 0 134037 133517 21598 58106 56314 97735 85250 154133 11302 159859 157018 59208 50248 47283 113059 129586 93077 71199 62603 75187 57850 121938 64131 74103 123220 113003 86830 102022 28808 164375 49810 43775 50486 148743 66330 141991 93583 139663 70605 52250 103875 33543 31588 34928 131886 62897 40188 48189 154554 125527 64733 75599 51914 160383 60712 76677 63241 139298 127970 58863 103098 110231 26543 91894 56391 141810 103333 140730 79221 46287 49698 152333 89129 77116 139539 76296 89263 99447 117593 37387 45884 121030 56944 54507 95513 107022 111531 91604 111868 144406 48105 134891 63204 41179 87638 71827 151970 138624 124891 86631 55932 67600 66171 63653 95628 50413 131471 138371 114641 69515 32434 70739 64502 56373 113380 105996 53884 71580 107138 79748 66338 41450 94742 82059 140504 90448 79758 58977 21428 99850 74654 59570 69870 49742 142921 128639 64780 35886 63947 90482 115315 33062 54007 47265 157995 99657 57596 66120 136228 122041 54043 25300 82577 81920 40955 34675 44938 98017 91553 97978 131362 124429 90228 102855 21025 57642 105401 54529 87109 50074 43296 29943 50150 42598 104267 79861 104409 42015 78869 40300 80340 141810 139772 76677 76103 139298 58208 68250 70987 75216 48525 31588 87148 42091 97735 129586 84089 105688 121938 96077 108637
92580 152684 154558 123212 83070 78854 100578 187752 176175 74061 162379 141581 150509 91707 85726 102094 73383 168080 134748 74645 151834 134037 0 97614 112439 134874 160052 68404 86206 132760 135464 133072 129403 90451 147987 107251 178921 135268 142767 75453 154591 169713 145800 182325 73780 91136 180460 100987 190413 41929 153316 168117 135747 148967 84074 130337 172181 133858 72194 9064 141087 154881 31177 158632 104244 100606 10099 131544 159915 141082 168533 179387 171054 75819 171441 169479 169798 176621 161242 172442 121695 82180 98243 160845 153829 91134 162452 149134 169555 23467 175870 98306 181697 124208 196704 57723 117641 86206 62097 176544 95216 170939 157002 110721 94317 124345 81196 162138 179456 70291 68323 121362 88915 107068 86305 94912 166635 80082 149126 104553 76667 178485 136396 129944 127088 174067 79285 122065 91644 110943 105459 128176 102188 151663 126715 155932 65429 84947 150535 144703 77632 61127 125172 136012 191530 146703 134594 77725 186641 157905 138427 80615 64045 154422 179164 155549 20069 106999 102298 144871 130833 144558 64913 131834 136902 124334 124816 34926 125120 144314 124148 103920 143402 138589 191630 139761 170197 124238 107610 79284 103235 178597 114720 70995 105571 165178 113143 80038 79490 114833 177703 128900 153278 163901 116567 116524 98554 161094 115657 93049 153104 107262 92580 149134 123280 176621 148813 172442 147947 162143 86078 85487 156058 104244 51335 133519 68404 135268 51832 98385 182325 71920 105834
53178 112481 105536 25599 48729 60897 89512 138148 142402 74812 125043 110091 113821 17326 53474 65338 96090 129730 109241 57643 141785 133517 97614 0 118539 92609 120484 44681 48828 35431 126884 36936 33170 75800 110978 86400 105074 43417 74674 69463 109281 118690 103143 104278 82726 59573 101159 22688 138759 67258 134007 70948 99495 116810 107651 32724 128725 37247 46103 93206 89128 117259 97819 137490 105965 104080 105943 86216 133277 105498 73230 98525 128431 129707 139893 73034 129909 126837 116753 83149 28993 120354 31469 84167 136932 41623 123474 54532 99174 79113 123900 88325 162846 27611 146471 86093 20184 58154 58408 110616 16094 166307 124710 22326 77220 87337 39782 87707 106697 49322 33803 23756 92947 9760 72773 98883 105941 65561 52084 7410 21158 122022 95545 81328 80184 133550 40403 89153 5971 13339 23695 78434 107882 100104 81201 115427 35465 28456 111085 92057 30582 72403 78631 105840 134352 86643 38439 46261 138806 115847 122350 35776 111432 111305 135831 119947 84387 12909 69188 118231 84837 78403 35011 108644 97411 92971 30204 96026 85442 95616 28066 15691 103489 119726 144066 79560 149654 102661 88670 38080 44364 114285 19550 26721 46585 94042 117385 86357 31117 153362 120625 93879 122135 155364 86557 146956 30405 104559 40363 100516 95933 93231 53178 54532 26170 126837 93150 83149 105128 114168 63929 59503 121492 105965 74978 103327 44681 43417 102698 28942 104278 43851 29557
66040 62322 72527 132835 69966 58842 29544 94712 72895 48719 65454 48106 57654 101249 65072 56738 39143 70278 39248 63339 40061 21598 112439 118539 0 57697 65983 79583 69712 142573 25188 147812 144701 42745 56684 36012 115933 120807 90075 52328 68581 83348 61628 124048 43555 59255 124669 99589 98641 81140 45308 157400 51154 52442 29142 137315 77671 131752 75847 118096 70379 61005 82343 50671 12593 14998 110364 60596 55168 52169 148897 126338 76125 57410 67558 154148 72825 86732 71479 136476 116979 39606 89639 109185 44424 77376 66976 134206 105593 119464 88386 30387 70437 139681 102284 55644 126978 60392 69808 104304 103071 58764 57489 108741 41490 50496 79250 106791 114820 73499 93891 132006 28022 121127 46036 21081 92083 54120 143227 124268 107683 94823 56459 64178 61972 76463 79055 45820 115824 124921 101878 65311 11667 73946 60353 64416 95074 90287 60439 72361 90360 59215 61492 44601 104895 81728 130530 73499 92268 67089 32281 83522 53941 66215 82659 59504 121530 115272 52659 45054 61266 88301 96951 35855 55069 43953 144945 78102 53583 67733 124944 108610 57701 34651 95924 79624 60364 32617 33586 81472 79452 103700 118982 106605 78671 104074 2212 37274 88895 46858 94953 48446 54086 51498 43200 35853 90820 84230 94140 21135 80983 28017 66040 134206 128049 86732 77396 136476 62725 75552 54665 59079 58874 12593 66071 43885 79583 120807 62747 92159 124048 78378 96268
47435 20438 19830 96288 57417 56684 40177 53208 49999 61706 32786 19233 21214 77264 52769 34499 73433 37906 23156 61563 56573 58106 134874 92609 57697 0 28636 73993 54761 103781 47381 110203 108014 45083 18370 30579 58426 75750 35159 59500 19966 34854 11589 66365 64715 45656 66985 69935 55624 93704 44956 107801 8753 24707 73480 98374 39082 89840 69048 137032 12786 24802 111894 47104 51103 52960 137082 6543 41422 13523 97194 68752 38312 107365 47289 103320 38613 41840 27180 81192 77890 89522 61647 52342 48647 56045 31577 86170 47990 131541 41007 41935 71308 104240 62220 81800 91955 50490 74094 48230 77055 80058 32192 74250 41332 10757 64703 49478 57472 69199 84534 96188 55352 90514 48844 53941 36186 54860 97373 95519 92487 44294 3022 11856 12442 42666 65938 14344 92816 92943 69678 14666 55375 18231 11434 23651 87263 71000 18755 14706 75775 74075 13993 17321 56999 24294 87991 63564 52476 24781 38491 68274 96270 20553 46427 27348 135503 83774 33133 28266 7950 32394 89156 25051 5138 14355 110500 107574 9802 10861 86210 77968 10937 34656 57685 23921 58398 25242 31542 67656 48683 48557 83934 94583 46225 46382 55508 60238 73347 104552 43754 9325 29906 68574 19662 93367 62583 28841 54974 57406 23682 35344 47435 86170 90413 41840 19810 81192 13806 27313 49177 50725 28884 51103 83975 16101 73993 75750 98656 64003 66365 70759 63441
75836 8199 18073 121820 85663 83585 60490 29334 22117 86001 5045 19322 9620 105602 80819 62564 93035 9299 27842 88715 45268 56314 160052 120484 65983 28636 0 102077 83118 128320 45340 134979 133160 69658 12069 52844 60386 98705 54048 84877 12441 19062 17398 69823 87275 73463 71946 97810 32974 119894 30960 126167 24666 13545 89520 123032 12433 113625 97119 162967 32265 5345 134805 29643 64683 67672 161286 34594 21145 18990 114070 75058 11122 122108 20732 120783 10097 20798 7826 94133 103285 103879 89932 64176 34920 84680 2991 106721 52172 158575 22942 62673 48074 129875 37717 104415 118064 78128 100939 45110 105208 63786 11197 101095 65793 37276 93231 59777 58413 97015 113043 121943 74642 117682 73937 70954 34639 81097 118813 122912 121110 30358 26037 39206 40654 14306 94414 38450 121016 119768 97155 42086 68673 23727 39905 5062 115722 99624 10032 30213 104393 98938 42399 24583 39016 39596 111573 91767 27416 5259 35397 96865 114366 9526 19119 6625 162295 110947 60633 21128 35914 50130 117632 31337 24697 35805 136264 130382 37705 25414 111381 105464 17915 32031 31975 44245 36884 37730 52690 96190 77055 42863 110297 123214 74515 53448 63876 81738 101972 109924 30924 31642 13052 53039 43758 98010 90822 27989 81552 74095 31733 54113 75836 106721 115795 20798 31690 94133 15360 13435 76024 78162 7823 64683 108721 26820 102077 98705 119189 92216 69823 98947 91028
26872 93989 92297 66824 16685 21478 53422 126689 121812 31901 105582 86373 93322 30264 21261 39543 51898 111092 82254 16420 110041 97735 68404 44681 79583 73993 102077 0 19596 77455 93620 80481 76793 38856 90478 54448 110987 70365 74923 27387 93797 107426 85574 114022 39254 28678 112088 36209 128643 28203 105779 106656 77675 93942 64064 73347 113063 73094 4958 67807 76985 97520 57858 110309 67214 64591 73977 69128 108521 83765 104345 110983 112251 85104 118003 106587 112173 115084 101153 105086 58621 75885 30819 92495 107792 22800 104881 85137 101976 59154 113479 51597 135823 71187 135678 41491 60443 24275 13762 109979 33596 133656 102413 47273 41766 64826 12802 93946 111675 6132 14318 65312 51998 51106 34613 58676 101096 25916 88167 51813 28734 114622 76253 66168 63678 116349 10886 64311 40157 55478 40610 63864 68119 88321 63793 97294 15648 19520 92049 80596 14299 27724 61716 81053 127826 80551 73118 10538 126250 98686 91893 12999 66882 94542 120398 99205 63684 47745 41562 92527 68097 77055 17595 80429 77410 67633 74667 55092 64458 81567 63593 42328 84218 90335 131520 73247 122820 73075 56085 11182 34896 112466 54573 27048 37317 97406 78892 43928 14585 109663 113614 70805 99060 123715 59679 104164 31373 96561 47725 59521 88028 58966 26872 85137 64448 115084 83978 105086 87794 100678 27967 24614 100258 67214 31123 78333 0 70365 58868 31566 114022 3593 39188
7344 74968 72768 65142 3137 14340 40822 107186 103393 29497 86823 68298 74626 31544 4703 20706 51626 92243 65105 14358 95235 85250 86206 48828 69712 54761 83118 19596 0 75494 79490 79944 76562 26980 71749 38944 92733 60863 56584 23780 74427 87867 66348 96450 37523 11330 94815 31321 109088 44506 89388 98705 59024 75757 61387 70602 93833 67469 14821 86451 57389 78733 70958 93578 57141 55322 90770 49682 90997 65190 94138 94094 93073 88678 99832 97473 93195 95564 81843 91165 52146 75972 22030 75180 91783 8931 85975 75821 83366 78590 93907 39542 119238 71245 116164 47339 58923 9357 24830 90820 33516 119469 84190 41889 28482 46076 10740 76134 93250 16011 30084 64032 44755 51894 24181 50314 81654 18240 81410 54663 40504 95034 57142 46593 44141 97325 11510 46118 46309 55905 34601 44270 59144 68734 44312 78254 32645 20761 73090 61001 22635 33634 42184 63185 108239 61202 66878 9070 106810 79530 76288 14968 71492 75305 101183 80619 83007 46520 23445 75104 48614 58366 34578 63704 58423 49663 76039 67448 45413 62026 59008 39958 65207 74237 112096 53994 106077 56791 40999 13604 18686 93174 51447 41274 20405 78973 68565 39479 20566 106501 94035 52305 80986 108961 42002 99161 23116 76992 34596 52199 68496 45036 7344 75821 61203 95564 64416 91165 68563 81199 15201 10793 81782 57141 41364 60478 19596 60863 66600 24172 96450 16167 30373
77205 121148 111032 10640 76548 89432 113055 139139 150270 104409 133292 122883 123861 47217 80088 85997 126475 136968 124520 87473 158624 154133 132760 35431 142573 103781 128320 77455 75494 0 145730 6832 6770 101211 121299 107456 95398 30569 75271 98737 116030 121210 112164 91472 112516 84178 87740 44180 138645 102175 148421 38462 112045 128352 136841 5436 133739 15304 77657 127951 96176 126402 132865 150866 130418 129249 141261 97304 145007 117302 44921 84136 133871 162065 148945 42343 136434 128973 122802 62420 26270 150968 53695 75788 151904 66744 131190 31044 92897 113351 125261 112414 174815 9277 146348 118666 17037 84483 91090 105632 44016 182923 135161 33959 101554 101987 69273 80446 97595 81004 68557 12168 119920 26773 99249 124923 104899 93673 21884 28253 56585 121193 106788 91943 91950 139379 70501 105127 41347 22476 41089 89212 133101 105207 93395 123529 70538 58587 120303 98116 63228 104558 90978 119833 131744 89591 17595 76121 140610 123173 139244 66160 144033 118796 140111 129607 118586 29825 90105 131791 95917 79370 70253 124880 108917 108790 12961 130865 99345 103046 17928 35897 113718 135976 145490 84114 162088 120431 109901 68551 63144 109830 24048 62111 64118 88097 141062 114956 62929 181953 119628 108014 133385 171524 104246 174264 52549 106167 49935 127164 98692 115175 77205 31044 14527 128973 97314 62420 113737 118870 90282 86053 131394 130418 108521 117727 77455 30569 136308 51383 91472 75791 46355
73963 43996 56415 136911 80683 72146 40261 72381 48367 66200 43586 31256 38866 109739 75330 61608 62314 47660 24343 77325 16825 11302 135464 126884 25188 47381 45340 93620 79490 145730 0 151635 148924 54767 38949 40634 101769 120283 82499 68201 51310 64088 46603 110668 63205 68176 111983 105704 76523 100986 20242 154406 38913 32570 53870 140311 55788 133130 89191 140490 59708 41115 106174 25540 31228 34861 134143 52482 30785 36984 144286 114331 54195 82247 43010 150237 50350 65892 52104 128511 119476 64687 95925 99257 19252 85430 45595 132089 92072 140291 68282 42214 46246 144409 79273 77834 131640 70951 86476 88155 110830 40094 35230 113132 51965 44718 90043 95957 100233 87538 107444 136409 47174 127597 59090 40702 76336 67845 142554 131614 119758 75571 45075 57369 56162 53542 90363 40942 125246 130899 107013 59450 33472 59484 54511 45184 109216 100039 42593 60538 101867 78430 56501 30432 84045 71101 131555 85521 69638 47807 10149 94364 78996 48294 59792 38732 142858 121190 57702 24660 53602 79768 111183 22398 43091 37530 150229 101832 47722 55015 127802 114673 42823 13999 72767 71286 35374 25330 38500 92700 83883 86718 123433 119770 82335 91661 23692 56634 99965 64790 76007 39781 32412 30219 41501 52841 97075 68559 95819 42415 67662 34751 73963 132089 131506 65892 64979 128511 46924 57041 66048 70047 37610 31228 86653 31285 93620 120283 87207 98522 110668 91620 100883
82103 127758 117752 14978 80796 93643 118269 145969 156957 108467 139942 129255 130406 50511 84593 91437 130411 143664 130706 91385 164752 159859 133072 36936 147812 110203 134979 80481 79944 6832 151635 0 3767 106075 127823 112980 102062 37401 82054 102842 122713 128017 118736 97974 116560 89054 94217 48691 145477 104186 154732 41821 118403 134819 141100 11950 140502 22133 81060 127868 102799 132998 134753 157257 135558 134270 141834 103707 151495 123726 49719 90559 140623 165458 155580 46418 143155 135790 129521 68375 32415 154896 58451 82555 158178 71340 137859 37241 99683 112959 132085 117543 181328 9359 153180 121912 21027 89077 94215 112429 47533 189108 141705 39079 106592 108145 73101 87231 104279 84393 70659 15922 124592 29376 103918 129783 111731 97998 27044 29533 57804 128026 113216 98353 98282 146125 74207 111184 42628 25006 45981 95598 138126 111929 99704 130169 72398 62118 126884 104788 66183 107910 97263 126109 138561 96348 24419 79938 147435 129845 145327 69749 147313 125454 146897 136183 118146 33578 95544 138130 102315 86154 71934 130985 115335 114876 9022 132951 105552 109672 24043 40012 120228 142110 152319 90803 168557 126376 115414 72148 68543 116633 28839 63141 69674 94897 146351 119281 66121 186432 126460 114238 139880 177733 110134 179001 57284 112977 55987 131921 105470 120619 82103 37241 20130 135790 104052 68375 120334 125626 94917 90621 137961 135558 111356 123964 80481 37401 139153 56042 97974 79070 51562
78880 125843 116084 12015 77353 90180 115158 144820 155188 104956 138099 126992 128380 46887 81224 88461 126865 141922 128242 87848 162220 157018 129403 33170 144701 108014 133160 76793 76562 6770 148924 3767 0 102820 125765 110035 101824 36442 80619 99346 120952 126664 116760 98063 113043 85816 94351 45380 144435 100421 152387 44307 116128 132676 137632 10668 138955 21428 77427 124254 100927 131058 130986 155004 132405 131066 138136 101498 149373 121530 51454 90781 139037 161802 153702 48569 141476 134500 127846 69189 30124 151342 55206 82025 155791 68016 136058 37795 99064 109394 130857 114393 179234 5617 152160 118241 17743 85735 90534 111750 43957 186623 139673 36057 103408 105667 69557 86624 103992 80756 66899 12695 121257 25698 100592 126514 110652 94565 28492 25766 54044 126996 111032 96158 95993 144518 70636 108613 38862 21339 42825 93375 134922 110273 97387 128312 68632 58523 124919 103012 62494 104258 94923 123739 137746 94804 23753 76386 146211 128056 142762 66158 143643 123636 145436 134206 114591 30100 92564 135825 100100 84720 68167 128445 113137 112329 6365 129186 103124 107798 21836 36604 118154 139591 151145 89078 166404 123705 112461 68556 65574 115920 25746 59390 66793 94211 143265 115838 62464 183018 125441 111822 137774 175274 107429 175674 54033 111648 53490 128614 103996 117625 78880 37795 17622 134500 102442 69189 118400 124060 91584 87268 135967 132405 107638 121555 76793 36442 135432 52765 98063 75418 48532
24006 62234 64912 91135 27268 17379 14604 97393 86913 16640 72194 51593 60168 58524 22328 19368 32198 77893 45716 22586 71246 59208 90451 75800 42745 45083 69658 38856 26980 101211 54767 106075 102820 0 57590 17246 97173 82596 63440 15342 64388 79825 55559 103110 20435 17034 102456 57457 100181 50503 67821 120392 45300 59138 38115 96107 81735 91664 34491 93341 53412 64541 66850 72633 30165 28392 92152 42865 71936 50670 113816 102829 80620 69773 82541 118149 79497 86415 70855 106106 76464 54233 47624 83808 69518 34919 72122 97018 86790 89760 85952 12929 97813 97640 106314 37011 85084 17648 32844 90731 60431 94803 67434 67257 3867 34349 36625 83151 96969 32771 52783 90169 19134 78661 4565 23715 79499 13186 104466 81612 65703 89333 46284 42747 39740 83770 36572 31679 73114 82566 60148 41867 32232 62784 38872 65484 54469 47558 60086 56825 48030 29328 38083 46015 102081 61703 90729 31258 96211 67460 53494 40935 55139 64043 88750 65414 93169 73017 16609 56122 42474 63483 56431 43315 46613 33888 102675 62557 35624 55259 84017 66375 53002 52312 101181 56197 85039 35656 18223 38981 39071 91931 77287 65262 39027 83465 41645 17876 46405 81267 88732 38484 63806 84893 26147 73086 48793 72955 55205 26030 65936 20220 24006 97018 86725 86415 61559 106106 57665 72049 11957 16347 66072 30165 39181 43418 38856 82596 54941 50056 103110 36954 54970
64533 5678 17563 114155 74200 71663 48630 40768 31859 73939 15104 8581 2899 95547 69250 51083 81458 20657 17482 76830 43241 50248 147987 110978 56684 18370 12069 90478 71749 121299 38949 127823 125765 57590 0 40799 62991 92510 49264 72816 12386 26699 9586 72053 75315 61810 73605 88305 44110 107854 29805 122476 12812 7810 78580 115927 24307 107019 85523 150905 25783 7070 122878 30651 54000 56790 149263 24823 23810 6929 111036 76223 23103 111640 28933 117506 21993 30970 15066 92737 95672 93412 79963 62766 33816 73835 14602 101839 53581 146609 31995 50786 53518 122153 49412 92481 110002 66399 88982 49219 95396 64906 13938 92476 53725 25688 82037 58898 61374 85303 101785 114129 63014 108822 61875 59665 37403 69094 113524 113863 110408 38142 15443 29947 30808 26258 83142 26495 111140 111183 88021 32830 58117 21394 29784 8347 104394 88944 3776 24980 93395 86871 32351 13052 48725 35608 105078 80260 39137 10828 28831 85789 103135 9597 31178 9034 150294 102078 48937 14724 26221 45714 106323 20958 13682 23750 128463 118461 26506 19280 103930 96318 7629 24954 43878 38443 40930 26455 40701 84997 66979 47921 102045 112269 64554 53708 54508 69865 91011 102091 38278 19752 12203 53559 31734 90318 80912 29672 73093 62896 29947 42361 64533 101839 108218 30970 28240 92737 8828 18876 64112 66371 10514 54000 96657 15013 90478 92510 107548 82338 72053 87415 81794
33342 45710 49998 98056 40325 33472 9929 81145 69669 33193 55149 34431 43271 69185 34939 21601 42859 60851 28516 38831 56305 47283 107251 86400 36012 30579 52844 54448 38944 107456 40634 112980 110035 17246 40799 0 86916 84818 56467 32576 48655 64389 39875 93897 34755 27614 93827 65725 84148 67726 51338 121434 29003 41939 43866 102120 65082 96064 49737 110413 41114 47640 82325 55943 25244 25671 108476 30215 54810 33938 113188 94837 63900 77667 65299 118295 62547 70491 54650 102042 81531 60285 55814 76520 53370 44844 55205 98207 76363 107005 70421 11435 81387 105238 89971 51965 92449 30760 49907 78358 70404 80533 50201 73983 13502 20130 49588 74927 86330 48574 67707 97374 24952 87608 21758 24701 66530 29919 107254 91368 79377 74549 31104 31932 29155 66815 50031 16270 84632 91108 67451 32135 29037 48804 27794 48889 69748 59410 43534 44117 61470 46199 28070 28848 86902 51138 94763 45518 79769 51013 37571 53882 65772 47910 71963 48334 110408 81377 17523 38928 30290 55449 71731 26258 30990 17524 110811 77935 22393 41356 89650 74768 36905 35888 84624 47153 68432 18710 2457 52320 44462 78975 84311 79722 43339 73771 34235 29809 59487 80697 74117 22587 46564 70035 10975 70773 56984 59373 58356 28133 53424 7996 33342 98207 92990 70491 49182 102042 41855 56411 26484 30057 48925 25244 55918 26298 54448 84818 68182 58405 93897 52044 61530
86633 58490 45429 93560 95865 101939 96845 52788 75947 112358 64590 70541 63588 97207 93584 79664 128673 64585 78335 105202 105229 113059 178921 105074 115933 58426 60386 110987 92733 95398 101769 102062 101824 97173 62991 86916 0 66132 36154 108367 50886 42872 55330 9520 117574 89328 12343 86647 50446 137211 91043 77665 64891 70149 130772 91273 57047 80442 106860 178789 46166 62633 161615 90029 109434 111099 183377 56873 81493 65084 64159 16257 58133 164577 77699 71159 62500 47174 52561 40609 77966 147130 84368 20916 95073 88237 61881 65754 10555 169434 42849 98215 105398 100887 57136 133461 92861 93963 117257 16198 94873 123949 71451 82789 94095 67297 98453 17666 2578 108634 115497 94581 111679 97918 99589 111423 25878 102321 78041 103709 116142 35289 59478 55136 58053 63003 100302 71822 108507 97765 83390 55495 113690 42471 59256 58278 118690 98083 59525 43728 105221 122541 59460 72326 40601 35825 78119 101239 55507 56056 91731 99991 151839 54176 60114 65890 174232 92397 81077 77683 56663 34614 120087 81242 60886 72668 107015 157643 64659 48207 83488 89957 59228 87795 58908 41007 96157 83317 88458 100783 76233 19934 87653 120548 73710 13896 113729 114563 102850 162704 33835 67750 72417 113389 76240 151313 84545 33350 67694 114892 34954 93016 86633 65754 87921 47174 38617 40609 54854 46958 95815 95021 67621 109434 131889 72452 110987 66132 152029 85323 9520 107402 79556
59761 91850 81103 27428 62980 75090 92053 108573 120460 90092 103723 94983 94934 43597 64744 64656 111967 107129 97695 74899 131855 129586 135268 43417 120807 75750 98705 70365 60863 30569 120283 37401 36442 82596 92510 84818 66132 0 45033 84439 86310 90762 83134 63410 97929 66369 59923 34568 108081 98248 120706 37978 84328 99856 120381 25777 103522 15299 68602 132341 66922 97160 128217 122696 109410 108911 142361 69478 116320 89138 33981 56781 103719 149434 119421 36666 106455 98469 92851 39738 14515 135893 40126 45845 124374 52160 101514 14991 62732 119599 94723 91905 145898 34872 115789 107947 27254 68303 82395 75359 40138 155729 106188 24609 81929 75642 58825 50324 68174 71716 66969 28479 101719 34454 81816 105570 74330 78444 22462 39869 60658 90631 78690 64147 64670 109255 60572 79352 48384 33086 30059 61622 112663 75277 66242 94042 69839 51285 91181 68538 58192 93915 64028 92530 101305 59488 13078 64997 110067 93496 112869 57404 132355 89218 109763 100470 124833 30798 68577 104014 68145 49110 70415 98527 80860 82771 41137 125353 72739 73734 17596 31811 85056 109346 114930 54504 133440 95064 87260 59445 43808 79508 23956 66163 43579 57828 119053 98780 56728 163600 89068 81157 104701 144253 79518 154688 39349 75710 27393 108306 68430 92802 59761 14991 21871 98469 67315 39738 84550 88712 73508 69919 102305 109410 100284 90672 70365 0 126975 38924 63410 67570 31417
50585 47709 36195 69959 59715 66226 66060 64667 75553 77581 59092 53445 51373 63871 57544 44807 95578 62224 58314 69246 91254 93077 142767 74674 90075 35159 54048 74923 56584 75271 82499 82054 80619 63440 49264 56467 36154 45033 0 73199 41608 46072 39679 40353 83467 53695 39258 53772 64749 101074 78725 73258 43812 56972 99544 70158 58502 60214 70735 142695 23662 53035 125996 79913 81159 82032 147278 30238 72806 47304 62176 39404 58687 132697 74770 68460 61464 53989 47892 46532 51807 116070 49694 20390 82630 52245 56775 52778 27133 133634 50507 66977 101821 77983 72515 98603 67223 58176 81168 36671 62083 113996 62364 52790 60820 39681 62494 19995 36755 72481 80168 70400 79908 69342 65237 81007 31342 66988 64773 75051 82411 47616 37661 25978 28106 64223 64317 44308 77025 70394 51344 24788 85198 30395 29722 49586 83339 63040 47349 24368 69940 87031 28710 52418 59699 14509 58065 65096 65822 48798 73625 64267 118578 44680 64844 56467 138361 62980 46873 62378 29285 4102 84842 60115 39767 46620 84432 122120 36552 29988 59310 58991 42313 69757 70882 11251 89802 59105 58478 64916 40368 39995 60258 86339 37765 22483 87987 81261 67505 136457 46161 43083 61374 102566 47118 125879 50057 31117 34627 84367 23424 63752 50585 52778 63881 53989 22403 46532 40742 43679 60499 59321 58350 81159 96176 51249 74923 45033 117565 51035 40353 71332 46405
25279 77347 79268 88245 22253 9444 28295 112302 102245 5722 87497 66931 75428 52906 19696 28713 27879 93192 60986 11839 84943 71199 75453 69463 52328 59500 84877 27387 23780 98737 68201 102842 99346 15342 72816 32576 108367 84439 73199 0 79143 94354 70348 113503 13806 19938 112443 54646 114967 35161 82551 122363 60392 74480 38340 93984 96870 91216 24102 78091 66632 79798 53507 87489 40115 37333 77643 56557 87120 65889 117347 112354 95787 64995 97847 120940 94762 101178 85803 112601 75904 52308 45724 93182 84018 32701 87379 99343 98244 74460 100505 26165 112408 93897 121260 25514 81925 16490 18277 103385 55512 107829 82773 65482 19166 48909 29919 93191 108422 21413 41698 87020 24611 74059 10943 31330 92640 6386 105184 76028 55930 103453 60953 55604 52640 99035 29093 46651 65799 78264 58189 54241 40790 76690 52040 80619 42762 41227 75215 70175 39450 14666 50814 61354 116375 73756 90652 23229 111223 82527 67972 33715 48152 78983 103938 80730 77832 69264 27793 71377 55975 73932 44628 58493 61451 49073 98268 49405 49803 69235 82626 62896 67977 67087 116247 67534 99802 50805 33427 31387 41126 104938 74753 54429 42104 94491 51741 16930 38467 83967 102759 53498 79140 98414 41190 77573 46777 86525 57638 32141 79006 34663 25279 99343 84621 101178 74637 112601 72494 86718 12731 14957 81405 40115 24534 58751 27387 84439 44769 47745 113503 26606 54150
67083 7626 5944 109699 77162 76629 57491 33265 34244 81016 17484 20682 12702 94909 72625 54396 90834 20976 29370 81527 54566 62603 154591 109281 68581 19966 12441 93797 74427 116030 51310 122713 120952 64388 12386 48655 50886 86310 41608 79143 0 15819 8833 60076 83378 65590 61813 86682 35825 113589 40588 113892 19827 19263 89078 110764 19718 101273 88866 156902 20318 12325 130879 40363 64970 67517 156539 24792 32357 16598 101924 64620 19237 122544 33167 108587 20741 22039 7572 82470 91176 104371 79235 52422 44647 75048 15204 94294 41791 151507 21775 59500 60399 117762 42271 100578 106085 70442 94046 36845 94297 74876 21779 89401 60561 30253 84109 48214 49184 89101 103929 109869 72409 106073 68353 69789 25132 74700 106374 111401 111081 26702 18199 28662 30612 24269 85431 32760 110107 108013 85771 31430 69178 11331 30203 8253 106735 89661 8722 17941 94866 93615 32506 24097 38386 27162 99207 83321 32519 7195 41177 87509 113097 3433 27039 15819 155465 99360 53099 26874 25946 37693 108599 32727 17788 31151 124170 126511 29750 13666 99211 94058 11911 37324 37750 31916 48848 37194 49072 87045 66553 35553 98408 113523 63923 42394 66386 78407 92401 114338 26614 26097 21928 63798 38320 102601 80064 17549 69850 73137 19589 51706 67083 94294 103656 22039 19260 82470 6801 7763 69108 70690 17702 64970 103506 25325 93797 86310 116632 81422 60076 90512 79736
80557 21036 15237 116018 90742 91294 73304 19678 33424 96465 22389 35275 25767 105521 86506 68534 106653 21727 44182 96025 64165 75187 169713 118690 83348 34854 19062 107426 87867 121210 64088 128017 126664 79825 26699 64389 42872 90762 46072 94354 15819 0 24518 52392 99063 79785 54930 96510 21223 128420 49860 113951 35645 31613 104765 116161 14446 106041 102553 171752 30840 22981 146494 48036 80468 83115 171915 38533 39375 32111 101179 58402 15367 138106 34844 108101 19639 8149 12024 79646 97774 119902 90033 50639 53752 87488 19772 96505 36052 165800 6158 75303 62673 124050 28471 116245 113114 84713 108641 26939 104493 81321 30156 97682 76030 45500 97024 45818 40679 103057 116687 116427 88228 114430 83671 85542 18556 89659 108985 119993 122637 11540 33553 41283 43754 20560 98477 48353 120155 115876 94995 43714 84637 19313 43731 19079 119611 101497 22986 27401 107220 108918 45719 39409 22567 32338 103840 96891 20116 16401 54017 100134 128892 17366 19291 25492 169898 107851 67671 39514 39446 41979 121414 47654 33418 46920 130499 142141 44592 25877 105373 103119 27728 50442 25385 39151 53320 52720 64862 99907 77899 24188 105892 125529 75168 38514 81181 94174 104722 128306 11922 41803 32075 71048 53904 116446 90740 15053 78436 88873 22959 67521 80557 96505 109938 8149 25552 79646 22596 8098 83851 85098 26869 80468 118818 40891 107426 90762 132435 92008 52392 104033 89282
59020 9342 10987 105247 69006 68003 48835 41982 39277 72185 21907 15380 11810 88204 64341 46061 82222 26693 23049 72958 52432 57850 145800 103143 61628 11589 17398 85574 66348 112164 46603 118736 116760 55559 9586 39875 55330 83134 39679 70348 8833 24518 0 64102 74574 57182 65381 80461 44634 104880 39273 112893 11309 17339 80865 106815 27494 97753 80627 148177 16264 14344 122057 40237 57115 59495 147711 17226 33266 9759 101487 67773 26729 114496 37118 107939 27196 30858 15665 83442 86726 96385 72534 53569 43253 67482 20383 92285 45486 142959 30552 50810 62772 113275 50969 91768 101266 61987 85426 42715 87820 74451 23057 84020 51731 21502 76254 49871 53924 80744 96088 105284 63835 100525 59540 61462 30529 65974 104015 105693 103813 34993 9477 21826 23272 31175 77506 23929 103625 102722 79894 24714 61364 12894 22582 12340 98832 82334 8163 15410 87252 84800 25044 17161 47057 26094 95782 75151 41077 13227 36718 79787 104626 8968 34838 17448 146867 93783 44560 23518 18528 36134 100720 26099 8956 22407 119622 117692 21213 9695 94929 88205 3948 32740 46236 28901 50361 29482 40357 79205 59661 42097 93396 106024 57117 45123 59418 69657 84812 107966 34735 17294 21729 63077 29488 96384 73425 22651 64521 64849 21128 43193 59020 92285 99270 30858 18929 83442 2221 16552 60462 62175 19231 57115 94688 17770 85574 83134 107935 74821 64102 82346 73735
90765 67698 54506 90645 99553 106568 103801 61775 85432 117772 74071 79413 72764 97899 97719 84963 134969 74104 86994 109483 114538 121938 182325 104278 124048 66365 69823 114022 96450 91472 110668 97974 98063 103110 72053 93897 9520 63410 40353 113503 60076 52392 64102 0 123382 94048 3909 87261 59215 140917 100390 70655 73253 79326 137732 87704 66551 76925 110132 181742 53808 71951 166337 99463 117061 118559 187212 64233 90947 73819 57100 8061 67646 171394 87217 64005 72019 56593 61997 33286 76241 154180 86060 21592 104428 91229 71360 60994 18630 171741 52283 105049 114897 97622 65614 138842 90582 98508 121210 25652 95309 133440 80852 82249 100215 74689 101312 20393 11802 112130 117427 91817 118409 96532 105229 118549 35232 107321 72875 102256 116858 44612 67642 61966 64782 72492 103199 79300 108133 95957 83677 61988 121290 51208 66104 67601 120622 99891 68654 51687 107178 127384 66031 80933 48969 42869 74630 104640 64593 65424 100685 102475 158104 63405 69507 75243 176649 91425 86731 86772 63883 39687 121906 89803 69170 80423 103551 162471 71910 56504 80992 89646 67953 96730 67779 47085 105675 91486 95569 103468 79128 29221 86064 121538 76755 20166 121853 120740 104888 170889 43191 75660 81736 122847 83441 159610 86107 42529 68847 122003 43322 100330 90765 60994 85267 56593 46676 33286 63756 56388 100824 99668 76992 117061 136505 80908 114022 63410 157679 86745 0 110468 80448
38322 80378 84445 102008 36058 23223 26962 115859 102458 8107 89191 68339 77657 66440 33291 38751 14105 94865 61114 25233 79981 64131 73780 82726 43555 64715 87275 39254 37523 112516 63205 116560 113043 20435 75315 34755 117574 97929 83467 13806 83378 99063 74574 123382 0 32217 122627 68448 118898 37937 79901 135893 63756 75555 24946 107781 99620 104989 36777 77934 73701 81993 47589 85139 32598 29203 74164 63028 86144 68541 130539 122865 98385 51634 97680 134311 96741 105245 89393 124773 89669 38502 59510 103761 80726 46453 89492 112775 107210 77088 105124 24716 108975 107571 124647 17211 95676 29644 27293 111091 69142 101455 83421 79285 23775 53972 43513 103310 117392 33735 53230 100765 16113 87661 18243 22957 99747 19491 118871 89440 67967 108985 65594 63145 60140 100979 42556 50727 78798 91897 71992 62302 31956 82713 59228 83513 53775 54732 78197 77059 52361 15667 58505 62834 121517 82138 104398 36725 114412 85700 65001 47143 35534 82662 106354 82344 79694 82985 36657 71138 62717 83707 55499 58118 65646 52277 111838 43189 55571 75181 96429 76655 71659 64925 119192 76577 96988 50584 34621 44774 54328 112202 88547 65820 55063 103835 43466 6573 51615 70665 108468 57282 79677 92931 45196 64912 60569 93042 70903 22422 86234 33593 38322 112775 98422 105245 81866 124773 76583 91124 24795 28035 82712 32598 23472 60474 39254 97929 34507 61547 123382 39174 67892
6976 65413 64555 74107 12935 12623 29962 98726 93155 25009 76913 57781 64649 42248 7620 11252 45966 82438 54117 16508 83907 74103 91136 59573 59255 45656 73463 28678 11330 84178 68176 89054 85816 17034 61810 27614 89328 66369 53695 19938 65590 79785 57182 94048 32217 0 92842 40482 100909 49270 78224 104319 49003 65324 54041 79081 84620 74818 23728 92390 50127 68859 72329 82499 46781 45274 94635 41253 80198 55087 98463 92619 83760 83790 89404 102431 83559 87213 72828 92771 59563 69564 30610 73456 80552 18125 76246 81037 79428 86024 85910 28883 108142 80666 107739 45424 68075 4964 29151 85553 43877 108140 73791 50226 17765 36189 22009 73674 89544 23576 40780 73154 35908 61877 15488 40749 75499 13563 87925 65068 51804 87781 47779 39012 36263 87753 22571 35661 57369 65705 43114 37096 49129 61060 36100 68725 43112 31930 63445 53762 33909 33337 34310 52530 100938 55696 73955 18667 98109 70196 64994 26281 67617 66140 91931 70528 90119 56101 12884 64241 40357 54729 45082 52582 48844 39048 85778 68427 35980 53956 67028 49445 55652 63002 103334 48985 95013 45559 29678 24796 22565 87491 60256 52388 22981 75433 57986 32431 31885 98115 86907 42127 70481 97634 31188 90103 31783 70099 39056 43016 61986 33824 6976 81037 69695 87213 57718 92771 59403 72706 7436 5724 71588 46781 42562 49811 28678 66369 64707 33064 94048 25707 37972
89315 69438 56127 87077 97900 105293 103696 65066 88154 116835 76311 80746 74451 95203 96252 84046 134451 76580 88112 108053 116368 123220 180460 101159 124669 66985 71946 112088 94815 87740 111983 94217 94351 102456 73605 93827 12343 59923 39258 112443 61813 54930 65381 3909 122627 92842 0 84565 62620 139206 102295 66770 74158 81003 137580 84028 69211 73268 108294 179709 54299 73843 165027 101547 117349 118736 185514 64490 93091 75036 53215 4200 70256 171130 89772 60131 74568 59477 64132 29407 72943 154065 83710 19643 106345 89327 73598 57182 20034 169483 55144 104872 117562 93987 69141 137861 87139 97214 119624 28505 92542 135682 82881 79234 99660 74921 99335 19317 14830 110376 115094 88276 118149 93279 104424 118520 37310 106210 69015 98980 114140 47631 68417 61926 64673 75207 101234 79571 105118 92608 80892 61766 121555 52511 66054 69508 118286 97547 70293 52399 104870 126169 65828 82018 52519 43103 70981 102863 67820 67413 102069 100360 157545 65183 72430 77188 174426 88281 85978 88327 64058 38982 119531 90829 70028 80870 99880 161211 72068 57426 77518 86678 69178 98099 71138 46764 108091 92197 95572 101423 77225 32276 82780 118897 74918 20609 122485 120177 102612 171527 46171 76225 83614 124981 83529 160343 83713 44326 66376 121959 44385 100447 89315 57182 81755 59477 47491 29407 65160 58523 99731 98416 78968 117349 135178 81867 112088 59923 156807 84303 3909 108551 77854
33585 89797 83063 33833 32409 45292 70092 116076 119715 60344 102358 87574 91144 10639 35936 44203 82473 107064 87070 43626 120107 113003 100987 22688 99589 69935 97810 36209 31321 44180 105704 48691 45380 57457 88305 65725 86647 34568 53772 54646 86682 96510 80461 87261 68448 40482 84565 0 116875 63774 111798 70463 76917 94208 92665 39346 106193 37276 35108 98489 66609 94572 93987 115136 87196 85756 107874 63531 110728 82884 68429 82533 105866 118687 117213 70421 107272 104657 94179 71809 22448 106943 9966 66108 114832 22650 100801 49093 79625 86515 101866 69214 140382 40186 124537 75803 27666 40391 48980 90324 8324 144659 102061 11200 58160 64926 25822 68990 87984 38388 32704 32769 75901 21905 55228 81139 84627 49495 52103 26092 29598 100433 72878 58642 57504 110944 27320 66975 23648 25417 4510 55749 89610 77713 58537 92751 35705 16809 88397 69619 23626 61600 55966 83447 113037 64784 37100 32554 116604 93199 100596 23516 100927 88658 113343 97266 91663 15707 48225 95835 62151 57247 36506 86659 74760 70793 45357 91295 62925 73025 28171 9057 80806 97808 121893 57525 127215 81009 68093 25761 22077 93755 20139 34365 24100 74549 98228 70776 22196 137812 99090 71440 99525 133574 64742 130312 8785 82680 19224 83238 73953 73019 33585 49093 29975 104657 70963 71809 82452 91730 46227 41941 98819 87196 66893 80978 36209 34568 94258 7431 87261 33719 7376
101775 38706 36377 134308 111958 112270 92542 4321 33194 116794 33226 52140 42221 126154 107692 89660 125553 28872 60799 117072 72110 86830 190413 138759 98641 55624 32974 128643 109088 138645 76523 145477 144435 100181 44110 84148 50446 108081 64749 114967 35825 21223 44634 59215 118898 100909 62620 116875 0 149327 58683 127036 55147 46413 122458 133806 20972 123349 123765 192655 51987 38237 166472 55112 97651 100613 192328 59666 47089 50572 113732 66666 22527 155065 37355 120757 26173 13793 29513 90694 116434 136841 110789 64488 61946 108644 31685 111942 47644 186933 15266 94646 61012 142248 7768 136108 131891 105822 129657 35207 124970 83851 41418 117311 96343 66068 118228 59535 47884 124240 137863 134872 107099 133977 104174 103734 33794 110473 124529 139637 143545 17453 54017 62505 64966 23261 119690 68512 140510 135135 115106 64926 101647 40478 64911 35763 140800 122516 40884 48488 128341 129434 66929 57133 11140 52130 121080 118109 7605 33371 67119 121303 147195 36241 17197 39226 190991 127514 88665 53588 60616 60777 142595 64302 53569 66640 148675 162083 65422 47080 123667 123101 47273 64173 8681 59353 55644 70482 84354 121104 98859 30963 125006 146555 96114 51677 96575 113694 125840 141255 19027 61759 44622 75322 74063 129301 111452 34210 98397 106929 42926 86403 101775 111942 128262 13793 46135 90694 42515 28311 104786 106168 39769 97651 139322 59104 128643 108081 151605 112685 59215 125254 109572
50695 112244 113204 91754 41385 37172 62592 146848 137386 35300 122616 102090 110502 56264 43815 60323 44096 128306 96054 32763 117798 102022 41929 67258 81140 93704 119894 28203 44506 102175 100986 104186 100421 50503 107854 67726 137211 98248 101074 35161 113589 128420 104880 140917 37937 49270 139206 63774 149327 0 116859 133808 95305 109641 57153 98645 131764 99768 31178 43333 99336 114865 30719 121949 70531 67106 46307 90029 122045 100925 132185 138341 130725 67030 132944 134127 129831 135543 120472 133264 85904 63369 59014 119563 118001 50175 122441 112867 127731 39559 134576 60347 146379 94844 155845 27735 85552 44324 20171 134615 59809 139375 117927 74540 54322 83381 40776 120627 137682 28852 33619 90069 54046 75404 46072 60881 124757 38913 115049 74668 46933 136877 95414 88198 85381 134102 38865 81510 61698 79709 68259 86356 69691 110076 85081 115538 31797 46980 110137 102963 40369 22572 83448 96514 149983 104776 100031 36385 145924 117357 102061 41148 49170 113662 138899 115866 42710 73373 60773 106416 89255 102748 32398 93460 96090 84106 97215 28769 83905 102808 90068 68791 102737 101544 151018 97837 134081 85763 68491 39383 62164 136682 80734 42281 64342 123417 81217 44488 41584 99038 136051 88359 114286 130843 76138 96472 59543 119333 75858 60089 111257 69206 50695 112867 90292 135543 106986 133264 107064 121016 44569 43663 116560 70531 15309 93907 28203 98248 37911 59676 140917 31426 67301
82936 33022 46440 140520 91149 84737 54359 54406 28442 81572 27604 25727 28264 117453 85786 69506 80941 30240 24769 90086 14311 28808 153316 134007 45308 44956 30960 105779 89388 148421 20242 154732 152387 67821 29805 51338 91043 120706 78725 82551 40588 49860 39273 100390 79901 78224 102295 111798 58683 116859 0 151978 36435 21996 73508 142995 38886 134709 101040 157815 55067 28453 124816 5430 49667 53275 152618 51276 11601 31672 140731 105184 37316 102488 23122 147137 32969 49762 38677 122509 122324 84886 102540 92501 4059 93822 30124 130879 82314 156413 52877 56571 30050 148359 60498 95618 135833 81873 100597 76026 117969 35282 19764 117656 64418 47023 100128 88525 89163 99910 118860 140284 64402 133283 72370 58561 65171 80937 142261 137868 129809 60784 42029 56636 56472 35425 100787 44856 133216 136126 112321 59282 52548 50989 55031 32795 120999 108999 32516 54661 112009 94384 57471 28662 67335 65366 132892 96633 51403 34991 14905 104307 98806 37176 41534 25153 159341 126629 66133 16694 52635 75318 122982 25705 39855 41037 154496 120419 49357 48907 130690 120420 36412 15510 53934 67666 17253 32737 49812 102976 89745 73821 127683 130610 87722 82964 43685 73451 109863 83248 61526 40659 18685 23842 47777 71348 103617 57972 98951 60791 59574 47888 82936 130879 134766 49762 58043 122509 38625 44208 77821 81290 23440 49667 103266 30949 105779 120706 106444 105083 100390 103312 106039
97738 120557 108102 45859 100708 112985 129221 128687 146515 128031 131170 126577 124494 77629 102671 102066 149941 133457 130757 112584 164316 164375 168117 70948 157400 107801 126167 106656 98705 38462 154406 41821 44307 120392 122476 121434 77665 37978 73258 122363 113892 113951 112893 70655 135893 104319 66770 70463 127036 133808 151978 0 116553 130214 158293 38963 128067 34316 105455 164070 96911 125834 164293 153123 146411 146142 176013 102113 145823 120465 13556 62594 128651 187354 146566 6775 132190 120577 119218 37370 48036 173863 77454 63359 155870 89913 128661 23393 79476 150055 116354 129228 174241 47718 134196 145527 50765 106276 119337 91852 74064 187253 135285 59398 119557 109869 95872 68254 80212 108679 100996 47748 139482 61264 119742 143091 95601 116404 18994 64618 91503 110283 110511 97074 98263 134154 97518 114016 76857 57699 66127 94958 149835 102577 99922 122099 103517 87169 120389 97506 93452 131405 98038 125101 117967 87044 33819 102307 130931 120936 146143 93948 170156 117169 133149 129321 155328 61209 105872 135565 100919 76766 103683 132125 112666 117111 50598 161708 106791 103199 44076 65080 115569 142386 135061 84337 162660 129713 123837 96140 81770 96134 53535 97193 81450 75893 155550 136742 92389 201111 108687 114644 134517 175818 115023 191900 76566 99616 65280 145920 94439 129423 97738 23393 44892 120577 94792 37370 113850 114218 111482 107894 131221 146411 137273 123630 106656 37978 164373 75940 70655 104166 68730
51847 16956 22170 104325 61436 58920 37669 52186 44396 61818 27911 10869 15647 83661 56457 38332 71009 33464 14580 64061 47829 49810 135747 99495 51154 8753 24666 77675 59024 112045 38913 118403 116128 45300 12812 29003 64891 84328 43812 60392 19827 35645 11309 73253 63756 49003 74158 76917 55147 95305 36435 116553 0 17339 69565 106625 36480 98274 72720 138460 20803 19875 111326 38879 45968 48262 137319 14853 33823 6194 105909 76179 35421 103231 41061 112057 34715 41497 25660 89601 86023 85144 68212 60424 40050 61413 27344 94899 54673 133911 41578 39692 63598 112227 61060 80966 99820 53587 76274 53290 83711 71412 25495 81879 41437 12956 69387 57296 63705 72491 89089 104158 52592 97909 49475 50153 41059 56460 106047 102762 98017 46291 6174 20204 20136 38959 70452 13801 99353 100509 76971 22852 50233 22824 18784 20236 91667 76602 14833 21898 80841 74628 21304 8606 58212 32253 96459 67479 50919 22160 29816 73199 93338 18907 43594 21595 137646 91190 36127 19758 16203 40918 93602 16821 4201 11501 118433 106937 14161 16750 94374 85209 7941 25948 55883 32561 50527 18613 29291 72344 55213 52991 91731 99726 52914 53585 48943 58650 78481 97831 46044 6976 22676 59932 19201 86423 69208 33274 62836 53542 29963 31913 51847 94899 98509 41497 26671 89601 13063 27580 51361 53566 22792 45968 84473 7764 77675 84328 96818 70654 73253 74625 70694
68702 11677 24879 120978 78021 74292 48596 42649 27961 75015 13867 7615 6563 100997 72894 55072 80402 19422 14788 79573 35546 43775 148967 116810 52442 24707 13545 93942 75757 128352 32570 134819 132676 59138 7810 41939 70149 99856 56972 74480 19263 31613 17339 79326 75555 65324 81003 94208 46413 109641 21996 130214 17339 0 76301 122959 25565 114227 89013 152322 33396 8680 122833 22973 51386 54470 149719 31248 16715 11334 118824 83718 24091 108660 24087 125278 21538 34302 19591 100529 102554 90442 85549 70541 26013 78583 14809 109442 60969 148800 36169 50839 46602 128939 50745 92531 116661 69684 91365 55882 101046 57114 8472 98905 55325 30020 86268 66628 68436 88524 105835 120890 62153 115072 63588 58054 44366 71323 121043 119989 115174 43141 21685 36546 37016 25662 87247 29678 116692 117581 94169 39372 55311 29088 35810 12615 108321 93808 10724 32750 97853 88069 38373 13144 52496 43407 112321 83961 40495 15253 22448 90174 101313 16012 31444 7228 152290 108341 52483 7918 32655 53467 110275 18182 19637 26315 135206 118396 31487 27023 110857 102430 14825 18829 44707 46058 33738 25153 41382 89215 72549 54244 108633 116734 70237 61292 50333 69741 95526 96727 43507 23551 5339 45754 34327 84850 86542 36809 79677 61099 37665 42016 68702 109442 115087 34302 36046 100529 16629 24476 66828 69487 7191 51386 97696 15804 93942 99856 106598 87987 79326 91031 87903
60801 84188 91706 126419 60319 47457 33942 118849 99970 32854 90068 70334 80268 91238 56870 57273 13155 95384 61680 50058 69202 50486 84074 107651 29142 73480 89520 64064 61387 136841 53870 141100 137632 38115 78580 43866 130772 120381 99544 38340 89078 104765 80865 137732 24946 54041 137580 92665 122458 57153 73508 158293 69565 76301 0 131985 101822 128565 61721 90256 84819 84225 53498 78934 24957 21849 81465 73968 82399 72666 151924 138448 100376 33899 94738 156197 97709 109548 93610 143741 113242 16526 83373 119847 73068 70240 91097 134957 120217 93216 110412 32709 99567 132205 127046 29623 120135 52683 51480 121700 93848 86933 82803 103257 39626 63649 68257 118542 130152 58656 77832 125239 19694 112398 38568 19540 109658 43171 141942 114317 92696 115757 73338 75773 72951 101679 67388 59317 103744 116596 95978 75814 21291 91526 71634 86869 78145 79547 82077 87661 77306 38084 71752 65550 127181 95003 127814 61533 116789 89407 59395 71995 25383 87445 107658 83525 94720 107534 54015 69934 74117 98910 79780 58193 72649 59261 136608 49360 66150 84329 120345 101105 77260 60854 120968 90825 89238 52142 42337 69642 76600 121979 112804 90274 76844 117625 30292 21915 76549 45720 115574 64522 79136 80418 54578 40394 84479 102188 93015 16085 96928 38136 60801 134957 122588 109548 92780 143741 82491 96678 47105 51072 83322 24957 41918 63890 64064 120381 33621 85558 137732 64107 91453
72106 115822 105807 7125 71754 84638 107814 134224 145007 99675 127996 117466 118499 43088 75162 80692 121783 131715 119084 82836 153188 148743 130337 32724 137315 98374 123032 73347 70602 5436 140311 11950 10668 96107 115927 102120 91273 25777 70158 93984 110764 116161 106815 87704 107781 79081 84028 39346 133806 98645 142995 38963 106625 122959 131985 0 128580 10831 73324 125825 90859 121067 129363 145453 125196 124070 138640 91892 139622 111896 43809 80532 128692 157637 143637 42064 131210 123964 117576 59654 20842 146266 48700 71384 146473 61797 125910 28179 88405 111486 120292 107202 169440 10293 141526 114354 13094 79510 86890 101084 39771 177488 129799 28866 96380 96551 64721 75967 93419 76670 65076 8985 114886 23474 94228 119809 100031 88817 20938 25927 53796 116363 101383 86532 86525 134190 66013 99695 38695 19415 36073 83796 127920 99986 87966 118225 67209 54243 114960 92839 59216 100203 85547 114402 127080 84423 13154 71557 135646 117896 133810 61753 139679 113506 135000 124261 116745 25603 84799 126368 90504 74260 67050 119445 103509 103356 15853 127239 93909 97731 12517 31354 108340 130540 140560 78854 156696 115008 104567 64131 57866 105252 19241 59414 58789 83546 135789 110081 58772 176981 114805 102579 128002 166090 98832 169184 47567 101130 44507 122090 93565 109860 72106 28179 9407 123964 92114 59654 108402 113698 85285 81090 126043 125196 104463 112293 73347 25777 132209 46442 87704 71537 41175
86500 19526 23258 127987 96499 95174 72885 17095 18991 98172 12278 31745 22021 114567 91823 73538 105467 8696 40161 100219 52875 66330 172181 128725 77671 39082 12433 113063 93833 133739 55788 140502 138955 81735 24307 65082 57047 103522 58502 96870 19718 14446 27494 66551 99620 84620 69211 106193 20972 131764 38886 128067 36480 25565 101822 128580 0 118715 108115 174940 39597 17777 147174 36060 76934 79978 173556 44386 27538 31144 115410 72753 1597 134205 20804 122302 6041 11097 12147 94060 109551 115994 98902 64870 42470 94715 10763 110070 50496 170196 14841 75058 48355 136050 25296 116779 124693 89388 112581 40934 113891 67969 20567 108469 77868 48619 103668 60103 54775 108194 123500 128271 87074 125201 85947 83355 32969 92883 122460 130615 130798 23020 36842 48380 50284 6129 104950 50259 129689 126966 105130 51146 80874 28910 49802 16253 126272 109373 21655 36749 114526 111054 52157 37010 28501 44158 116566 102644 14998 14454 46233 107130 126738 18529 7357 18342 174011 118522 71914 32619 45586 54415 128150 43633 35854 47848 142489 142755 48644 33233 117398 113387 29094 43219 19575 50139 39630 50151 65008 106612 86258 37761 117193 133215 83619 52906 75608 94131 112067 120577 24105 43407 23668 58184 55681 108626 99717 28521 88967 86475 35093 66534 86500 110070 121912 11097 36553 94060 25275 14904 87612 89521 18803 76934 120871 39213 113063 103522 131621 101063 66551 109840 99168
67906 106612 96161 14603 69044 81775 102468 123867 135480 96938 118624 109044 109515 43505 71814 75035 119088 122158 111206 80631 145395 141991 133858 37247 131752 89840 113625 73094 67469 15304 133130 22133 21428 91664 107019 96064 80442 15299 60214 91216 101273 106041 97753 76925 104989 74818 73268 37276 123349 99768 134709 34316 98274 114227 128565 10831 118715 0 72339 129972 81633 111899 130370 136928 119916 119063 141701 83443 130802 103325 36118 69815 118885 155777 134309 35837 121547 113763 107925 49575 15333 143434 45500 60601 138288 58539 116464 18442 77662 116211 110022 102056 160510 20748 131049 113067 17466 75887 86181 90373 39959 169507 120802 26082 91535 88834 63087 65216 82591 75638 66735 16208 110709 27488 90242 115189 89614 85649 15351 31640 57339 105897 92822 78079 78324 124410 64596 92254 43023 24454 33251 75432 122885 90332 79833 108897 69220 53585 105855 83416 59513 98866 77499 106278 116450 74615 2326 69772 125366 108442 126179 60705 138130 104114 125009 115160 121487 26895 79099 118026 82077 64304 69369 111795 94975 95816 26637 127927 86060 88484 9765 30983 99491 122780 130226 69380 147915 107805 98521 62993 52694 94560 19221 63031 53165 72835 130118 106683 58625 172914 104330 94642 119171 158059 91858 164604 44470 90990 37723 117680 83633 103950 67906 18442 11194 113763 82398 49575 99250 103877 81487 77502 116973 119916 104048 104286 73094 15299 131514 43588 76925 70840 37139
22027 89032 87409 67020 11830 17210 49093 121786 116872 29061 100626 81450 88368 30550 16305 34589 49987 106135 77410 12521 105529 93583 72194 46103 75847 69048 97119 4958 14821 77657 89191 81060 77427 34491 85523 49737 106860 68602 70735 24102 88866 102553 80627 110132 36777 23728 108294 35108 123765 31178 101040 105455 72720 89013 61721 73324 108115 72339 0 71977 72173 92564 59858 105530 63384 60892 77366 64217 103653 78813 102543 107310 107299 84432 113080 105080 107216 110189 96213 102277 57528 74279 28575 88666 103105 19030 99924 83501 97712 63779 108615 47337 131074 71856 130779 41031 60622 19376 13884 105488 33644 129262 97483 46300 37249 59869 9855 89958 107486 3347 18296 65597 48574 51759 30379 55104 96452 21822 87207 53004 31903 109841 71301 61315 58800 111392 8040 59372 42026 56096 39348 59041 64497 83479 58892 92338 20059 19083 87091 75791 15594 26901 56836 76143 123046 75958 72207 5771 121329 93734 87245 11647 66377 89595 115448 94255 68227 47833 36612 87662 63195 72745 22037 75628 72453 62709 75690 56823 59504 76686 63027 42021 79261 85621 126595 68701 118045 68316 51430 9348 31091 107910 54278 30870 33382 93205 75070 40951 15059 107432 108849 65854 94141 119224 54770 101505 29277 91811 44842 56155 83316 54474 22027 83501 64228 110189 79237 102277 82848 95769 23300 19783 95313 63384 31818 73423 4958 68602 59179 29685 110132 2531 37204
93160 155414 156534 118712 83322 80479 104344 190154 179824 77330 165526 144842 153504 88774 86464 103537 78954 171226 138365 75916 157038 139663 9064 93206 118096 137032 162967 67807 86451 127951 140490 127868 124254 93341 150905 110413 178789 132341 142695 78091 156902 171752 148177 181742 77934 92390 179709 98489 192655 43333 157815 164070 138460 152322 90256 125825 174940 129972 71977 0 142517 157876 38542 163069 109289 105673 18798 133338 163925 143978 165158 178433 173870 84094 175214 165756 172836 178870 163742 170260 118454 89507 96614 160176 158530 90592 165458 145837 169689 15730 177907 102068 186618 119197 199145 62701 113365 87427 63253 177230 92206 176800 160491 107732 97200 126675 80441 161736 179450 70440 65838 116841 93527 102822 89031 99797 167712 82204 145120 99916 72636 180133 138718 131394 128611 177110 78564 124688 87258 106534 102896 129472 107502 153352 128352 158694 62790 83005 153290 146150 75610 64263 126668 139259 193261 147496 130843 77666 189192 160565 142911 79383 71491 156927 182026 158731 11510 103276 104095 148613 132546 144715 62020 135577 139358 127164 119413 41885 127235 146115 120349 100683 145970 142849 194261 140389 174847 127917 110959 78287 102663 179474 110997 66946 105118 165173 118669 84364 77647 122811 179282 131540 156800 169391 119262 124035 96820 162485 114135 98170 154296 111037 93160 145837 119180 178870 150065 170260 150353 164345 87901 86861 159337 109289 54789 136704 67807 132341 58979 96519 181742 71389 103795
50150 24983 16488 89557 60343 62234 51008 50472 54359 69655 37176 29851 28073 75159 56396 39014 83630 41208 35365 66609 67658 70605 141087 89128 70379 12786 32265 76985 57389 96176 59708 102799 100927 53412 25783 41114 46166 66922 23662 66632 20318 30840 16264 53808 73701 50127 54299 66609 51987 99336 55067 96911 20803 33396 84819 90859 39597 81633 72173 142517 0 30266 119951 56368 63306 64933 144063 10905 49530 23697 85781 55991 39320 118697 52783 92112 41060 38825 27669 68833 71021 101087 59548 39656 58968 56659 35193 76061 35641 135773 36725 52528 78980 97611 59311 90415 85828 55091 79269 37456 74365 90344 39282 69084 49929 21185 66273 36699 45396 72901 85878 89679 66051 85766 56598 65375 26096 61283 87754 91115 91918 37722 14676 11143 14029 44522 67766 25662 90144 87695 65548 13141 67553 11527 14612 27385 88821 70696 24260 3637 76380 81287 15922 29305 50917 11525 79634 66453 50558 27244 50447 69317 106715 22760 46735 33551 140027 79059 38950 38734 11009 20390 90611 37569 16617 26615 104000 115736 18721 6873 79131 73818 18662 46517 55890 12665 66625 38015 42491 69137 47175 38518 78112 94717 44468 33726 68199 69890 73882 117235 36801 21934 37973 78908 30250 106106 60316 20008 49535 68849 12533 46887 50150 76061 83535 38825 8172 68833 17630 25196 55075 55678 35383 63306 91100 28517 76985 66922 108107 61633 53808 73534 59572
71495 5331 18266 119573 81209 78729 55178 34650 25201 80820 8092 13980 4373 102058 76283 58090 87690 13590 22562 83900 42597 52250 154881 117259 61005 24802 5345 97520 78733 126402 41115 132998 131058 64541 7070 47640 62633 97160 53035 79798 12325 22981 14344 71951 81993 68859 73843 94572 38237 114865 28453 125834 19875 8680 84225 121067 17777 111899 92564 157876 30266 0 129504 28040 59417 62378 156039 31062 20094 13961 114021 76757 16449 116900 22782 120632 14966 25742 10992 94780 101047 98668 86427 64727 32502 80647 7582 105812 53873 153663 27496 57367 48822 127605 43062 99119 115611 73460 96041 47890 101803 62551 9500 98337 60679 32706 88972 60539 60798 92363 108744 119620 69298 114808 68855 65619 36754 76136 117727 119940 117181 34492 22009 35965 37119 19238 90101 33560 117582 117043 94119 38863 63431 23367 36221 4355 111373 95701 6207 28741 100269 93785 38765 19249 43891 38825 109899 87281 32760 6776 31036 92687 109039 8897 24363 3512 157334 108065 55991 16543 32431 49260 113297 26068 20435 30763 133957 125079 33397 23427 109232 102428 13868 27485 37306 42695 36834 32388 47432 91932 73477 46014 107738 119129 70999 54667 58878 76425 97871 105401 34895 26822 9786 51484 38772 93519 87351 29525 78853 68767 31823 48783 71495 105812 113587 25742 31042 94780 12665 16140 71179 73439 5413 59417 103546 21521 97520 97160 113845 88764 71951 94443 87932
75795 127966 131710 122464 68053 59771 74338 163448 149169 50334 136574 115752 125185 86893 68918 82131 43910 142221 108206 57089 122184 103875 31177 97819 82343 111894 134805 57858 70958 132865 106174 134753 130986 66850 122878 82325 161615 128217 125996 53507 130879 146494 122057 166337 47589 72329 165027 93987 166472 30719 124816 164293 111326 122833 53498 129363 147174 130370 59858 38542 119951 129504 0 130211 75203 71574 28024 109616 132297 116123 162197 164608 145923 46367 144215 164407 144169 152799 136974 161820 116295 51046 88399 145511 124973 78107 136968 142992 151607 46195 152586 72138 152360 125428 172233 30397 116270 67830 46528 156881 90421 140412 130488 104921 70566 101141 69713 145948 161762 56957 64316 120772 61026 106099 63377 66319 146024 59350 145613 105220 77173 156173 112956 109010 106025 148387 67877 98147 92167 110392 98426 107727 72703 129620 105339 131094 62378 77190 125784 123446 70871 39087 104234 110293 168862 127258 130573 64240 161992 133289 110065 70815 32965 130232 153850 129735 45815 104076 81282 117937 109141 127044 62826 105053 113110 99835 127596 4441 102473 122101 120699 99388 119214 110657 166749 120955 141341 97708 82203 68815 89542 158372 111399 72196 91362 147720 83228 53108 71910 84419 155582 104788 126731 133816 92592 85508 89052 139704 104506 64032 132397 80833 75795 142992 120996 152799 128020 161820 124095 138608 65842 66677 130018 75203 29850 107986 57858 128217 20660 89348 166337 60686 96943
86990 33023 46300 143203 95434 89405 59385 50801 23761 86650 25659 28012 28686 121109 90093 73458 86346 27369 28547 94761 17000 33543 158632 137490 50671 47104 29643 110309 93578 150866 25540 157257 155004 72633 30651 55943 90029 122696 79913 87489 40363 48036 40237 99463 85139 82499 101547 115136 55112 121949 5430 153123 38879 22973 78934 145453 36060 136928 105530 163069 56368 28040 130211 0 55081 58684 157995 53562 8667 33604 141608 104591 34539 107767 18560 148117 30034 47113 37468 122773 124893 90222 106028 92718 7083 97708 28320 132414 81687 161507 50505 61615 25664 151100 56419 100951 138665 86279 105457 74654 121505 34525 18701 120627 69163 50213 104307 88571 88047 104493 123227 143030 69718 136458 77193 63934 64258 85696 143991 141153 133896 58566 44111 58925 59015 31996 105026 48426 136877 139191 115487 61660 57978 51226 57650 32253 125427 112933 32872 55618 116159 99512 60148 31694 64234 66173 135060 101010 47686 34173 20208 108445 104225 36933 37916 24564 164485 129771 70213 19326 54949 76357 127409 29931 41966 44631 157295 125810 52347 49931 133237 123649 37779 20418 49860 69031 12519 37248 54521 107181 93146 72193 130555 134845 91036 82669 49072 78713 113974 87726 59423 43724 18682 23474 51721 75878 107085 57370 101698 66193 59766 52851 86990 132414 137385 47113 58617 122773 39306 43075 82388 85754 22709 55081 108466 34166 110309 122696 111871 108548 99463 107769 109200
53617 59654 68085 120581 57374 46317 17448 93989 75265 36892 65124 45619 55547 88684 52493 44917 31297 70427 36855 50899 47768 31588 104244 105965 12593 51103 64683 67214 57141 130418 31228 135558 132405 30165 54000 25244 109434 109410 81159 40115 64970 80468 57115 117061 32598 46781 117349 87196 97651 70531 49667 146411 45968 51386 24957 125196 76934 119916 63384 109289 63306 59417 75203 55081 0 3642 103091 52862 57839 48400 138384 118692 75475 57650 70090 143413 72759 84905 69066 127120 105009 39435 77264 100868 49777 64885 66192 123106 98934 109502 85967 18015 77453 127338 102125 46611 114669 47813 57913 99039 90539 68862 57854 96520 29039 42431 66658 98886 108551 61108 81501 119715 16524 108654 33452 9660 86844 41608 131752 111733 95174 91658 50447 55734 53236 76722 66472 37780 103231 112482 89587 56450 4279 68561 51706 62216 82766 77697 57586 65737 77796 48176 52464 41069 102717 74254 118764 60934 91881 64797 35071 70932 50197 63102 82709 58613 111896 102857 40900 44983 53308 79792 84661 33349 49440 36780 132537 70824 45331 61730 112884 96197 53352 36156 96023 71250 66153 27777 22973 68888 67395 98925 106719 94196 66754 96914 11686 26075 76314 55491 91579 41818 54181 60441 34106 45565 78444 79151 82463 11211 74782 17483 53617 123106 115891 84905 70873 127120 58570 72425 42075 46490 58379 0 55824 39645 67214 109410 56875 79766 117061 65912 84071
52188 62419 70427 119304 55382 43960 16927 97001 78702 33838 68262 48500 58436 86849 50640 44267 27673 73618 39831 48376 51371 34928 100606 104080 14998 52960 67672 64591 55322 129249 34861 134270 131066 28392 56790 25671 111099 108911 82032 37333 67517 83115 59495 118559 29203 45274 118736 85756 100613 67106 53275 146142 48262 54470 21849 124070 79978 119063 60892 105673 64933 62378 71574 58684 3642 0 99454 54329 61333 51007 138397 119965 78535 55030 73550 143298 75913 87746 71841 127711 104051 36890 75866 101928 53412 63293 69258 122791 100571 105988 88692 17031 81092 125937 105213 42986 113323 45966 54914 101079 88812 72269 61110 95304 27695 43872 64574 100104 110287 58513 78902 118391 13243 107050 31346 6267 88920 39224 131173 109982 92757 94218 52480 56916 54317 79913 64302 39288 101191 110939 88292 57459 3856 70662 52836 65058 80076 75717 60324 67494 75530 44832 53429 43788 105457 75697 117972 58682 94950 67611 38637 68812 46917 65762 85859 61690 108344 101365 40337 48239 54691 80834 81953 36346 51588 38605 131036 67192 46671 63693 111829 94713 55794 39627 99158 72378 69790 30404 23563 66716 66415 101094 105440 91620 65918 98394 14488 22730 74126 55202 94094 43751 57415 63977 35243 45784 77042 81293 81796 7569 76628 18342 52188 122791 114729 87746 72638 127711 61025 75046 40156 44583 61516 3642 52324 42228 64591 108911 53334 78335 118559 63423 82900
96750 154162 156884 131523 87661 82107 101126 189493 176474 75536 163330 142478 151684 98994 89809 105293 71836 169012 135247 78330 150201 131886 10099 105943 110364 137082 161286 73977 90770 141261 134143 141834 138136 92152 149263 108476 183377 142361 147278 77643 156539 171915 147711 187212 74164 94635 185514 107874 192328 46307 152618 176013 137319 149719 81465 138640 173556 141701 77366 18798 144063 156039 28024 157995 103091 99454 0 134172 159819 142414 175908 184635 172365 69455 171603 177125 170854 178567 162952 178816 129083 77680 104421 165870 152866 96396 163570 156487 173772 33559 178056 98879 180351 132861 198379 57343 125811 89793 66120 180178 102541 168319 157559 117953 95986 126417 86748 166904 183784 75150 75461 129692 88493 115249 88244 94061 169892 82780 157024 113011 84848 181093 138412 132951 130034 175102 84829 123817 99981 119224 112376 131357 100679 154315 129539 157359 72718 91488 151992 147645 84306 63015 128156 136952 194013 150327 142333 82676 188215 159443 137812 86595 59555 156153 180396 156483 30101 114806 105115 145169 133551 148835 72396 132193 138764 125831 133717 32319 127429 146873 131953 111375 145105 138264 193098 143582 169243 124717 108607 85074 108431 182029 122497 79228 110639 169545 111251 80105 85999 108884 180389 130591 153811 161829 118269 111457 104821 164035 121641 91894 156285 107740 96750 156487 131307 178567 151947 178816 149815 164189 89027 88920 156873 103091 53118 134547 73977 142361 48164 104765 187212 77383 112314
42338 26444 23302 89759 52460 52860 40119 57577 56249 59282 38943 25605 27634 71044 48057 30002 72750 43894 28651 57516 62540 62897 131544 86216 60596 6543 34594 69128 49682 97304 52482 103707 101498 42865 24823 30215 56873 69478 30238 56557 24792 38533 17226 64233 63028 41253 64490 63531 59666 90029 51276 102113 14853 31248 73968 91892 44386 83443 64217 133338 10905 31062 109616 53562 52862 54329 134172 0 47963 20033 91807 65909 43747 107831 53688 97801 44417 46006 32287 76694 71375 90276 55392 48615 54903 50345 37569 80210 46322 127274 44664 41625 77849 97706 66578 79867 85413 46180 70152 48303 70744 86255 38696 67718 39293 10457 59319 46225 56191 64593 79141 89652 55147 84008 46249 54562 36736 51489 91247 89040 86600 46955 9563 5367 6068 48362 60640 15082 86530 86415 63198 8129 57075 20146 5416 29548 81944 65126 24919 14067 70147 71220 7821 23144 59988 21393 81618 58622 57132 30390 44033 62745 95820 25972 51740 33742 131365 77266 29266 34586 1408 27943 83808 30096 11641 16666 103962 105361 7825 12780 79703 71496 17278 40305 62415 19250 64926 28925 31631 62256 42476 49203 77392 88871 39963 44072 58450 59072 67693 107359 46220 12847 36447 74776 19391 96439 56304 30097 48432 58034 23337 36153 42338 80210 83893 46006 19028 76694 19359 31554 45493 46579 35322 52862 81088 21525 69128 69478 97359 57712 64233 65804 56974
84138 25294 38297 137687 93071 88122 59613 42808 17727 86848 17011 23209 21468 117267 87817 70488 88723 18845 26350 93472 25338 40188 159915 133277 55168 41422 21145 108521 90997 145007 30785 151495 149373 71936 23810 54810 81493 116320 72806 87120 32357 39375 33266 90947 86144 80198 93091 110728 47089 122045 11601 145823 33823 16715 82399 139622 27538 130802 103653 163925 49530 20094 132297 8667 57839 61333 159819 47963 0 27997 134090 96194 25995 112576 12401 140678 21547 38543 28962 114820 119254 94718 101925 84777 14960 94427 19687 125516 73300 161532 41871 61886 29886 145652 48964 102512 133376 84282 104714 66039 117432 42679 10594 115595 68283 46081 101646 80528 79484 102878 120955 137604 71331 131712 76491 66080 55783 84724 137280 136584 130916 49913 38400 53260 53708 23837 102505 45031 133002 134260 110786 56087 61149 43459 52473 24134 123308 109686 25462 48438 113382 99871 55028 27889 55876 58778 128872 98852 39803 25867 23062 105669 107782 28954 29933 16582 164737 124987 67557 15996 49370 69125 125279 28629 36344 41375 151921 127867 47837 42876 127549 119030 31312 21717 42405 62160 17121 36315 53720 104567 88944 63541 125343 132209 86692 74440 53366 79896 111114 94706 50761 39525 11632 31900 49026 82783 102940 49043 96389 68653 51911 52933 84138 125516 131790 38543 51068 114820 32067 34573 80857 83912 14682 57839 109145 30567 108521 116320 114649 104392 90947 105790 104512
58026 11876 20401 109790 67579 64782 41984 47373 38213 67045 21894 6156 9632 89763 62571 44489 75024 27512 13301 69967 43963 48189 141082 105498 52169 13523 18990 83765 65190 117302 36984 123726 121530 50670 6929 33938 65084 89138 47304 65889 16598 32111 9759 73819 68541 55087 75036 82884 50572 100925 31672 120465 6194 11334 72666 111896 31144 103325 78813 143978 23697 13961 116123 33604 48400 51007 142414 20033 27997 0 109465 77348 29979 106013 34873 115761 28914 37172 21150 92242 91406 87821 74276 62599 35473 67603 21522 99214 55194 139702 37765 44107 57865 117731 56112 85727 105407 59625 82082 52357 89763 66916 19334 87598 46804 19139 75571 59110 63684 78529 95261 109674 56563 103741 54948 53521 40213 62176 110598 108655 104206 43260 10515 25375 25712 33181 76628 19620 105435 106265 82835 28160 52596 22625 24483 14973 97827 82785 9693 23889 87034 79960 27043 7568 54529 34636 101459 73606 45871 17214 27240 79391 96954 14781 38084 15447 143375 97011 42204 15102 21433 44085 99766 16430 8393 16821 123977 111713 20311 18203 99730 91096 5866 23259 50689 36136 44900 20626 33920 78528 61273 51562 97359 105920 58937 54677 49965 63179 84675 98317 43208 12961 16641 55443 24813 86695 75260 32332 68414 56819 30682 35844 58026 99214 103925 37172 28073 92242 10576 24040 57237 59562 16604 48400 89756 8781 83765 89138 101039 76701 73819 80741 76569
92223 108796 96064 49908 96440 108147 121499 115474 134018 122904 119035 115612 112923 76915 97744 94917 144418 121080 120314 108366 153425 154554 168533 73230 148897 97194 114070 104345 94138 44921 144286 49719 51454 113816 111036 113188 64159 33981 62176 117347 101924 101179 101487 57100 130539 98463 53215 68429 113732 132185 140731 13556 105909 118824 151924 43809 115410 36118 102543 165158 85781 114021 162197 141608 138384 138397 175908 91807 134090 109465 0 49039 116053 182173 134279 7026 119710 107617 106947 23817 46845 167862 74007 50547 144677 85648 116479 19421 66280 151805 103361 121710 162097 53698 120831 141441 53576 100955 116299 78527 73374 175937 123510 57972 112604 100167 92740 55369 66712 105629 100449 51713 132701 63497 113631 135794 82724 111176 23060 67755 92681 97111 99787 86965 88421 121520 94507 104493 78893 60572 63933 85059 141994 90669 90095 110168 103208 85206 108759 86079 92005 127526 88395 114507 104539 75440 34793 98800 117783 108875 135679 91384 165473 105255 120292 117526 157075 61986 98521 124514 90687 65429 103631 121903 101911 107383 57802 159323 97040 91826 45206 64613 104357 131848 121828 73402 150771 120031 115535 93416 76243 82791 54314 98337 75500 62880 146967 130783 90623 193582 95521 104536 122941 164557 105987 183947 73268 87084 59710 138778 82364 121118 92223 19421 47312 107617 83034 23817 102308 101823 105810 102546 119429 138384 134152 113204 104345 33981 160600 72886 57100 101544 65340
88819 72229 58851 83768 97150 104972 104651 69045 91726 116877 79513 83153 77187 93157 95724 84167 134932 79972 90307 107549 119179 125527 179387 98525 126338 68752 75058 110983 94094 84136 114331 90559 90781 102829 76223 94837 16257 56781 39404 112354 64620 58402 67773 8061 122865 92619 4200 82533 66666 138341 105184 62594 76179 83718 138448 80532 72753 69815 107310 178433 55991 76757 164608 104591 118692 119965 184635 65909 96194 77348 49039 0 73759 171857 93213 55946 78019 63194 67268 25225 70079 154960 82131 19172 109240 88295 76802 53431 22904 167938 58851 105751 121073 90557 73249 137832 84033 96883 118923 32278 90405 138839 85898 76775 100146 76282 98197 19913 18796 109489 113495 85011 118924 90458 104629 119536 40491 106072 65136 96120 112044 51455 70328 63054 65718 78785 100105 80958 102628 89644 78748 62705 122869 54970 67154 72443 116679 95954 72994 54312 103314 125890 66772 84191 56643 44615 67543 101959 71759 70421 104491 99050 157965 68017 76161 80141 172922 85624 86275 90923 65396 39565 117872 92933 72015 82430 96383 160852 73361 59516 74371 84274 71510 100513 75154 47684 111407 93995 96654 100198 76219 36156 79923 116898 73998 22672 124165 120626 101099 173179 49973 77914 86501 128052 84722 162095 82080 47245 64685 122957 46670 101637 88819 53431 78543 63194 49531 25225 67666 61671 99624 98131 81945 118692 134762 83922 110983 56781 156886 82607 8061 107472 75972
85747 18492 23118 128010 95715 94210 71612 18608 18103 97023 10704 30387 20740 114146 91000 72712 104114 7172 38735 99279 51328 64733 171054 128431 76125 38312 11122 112251 93073 133871 54195 140623 139037 80620 23103 63900 58133 103719 58687 95787 19237 15367 26729 67646 98385 83760 70256 105866 22527 130725 37316 128651 35421 24091 100376 128692 1597 118885 107299 173870 39320 16449 145923 34539 75475 78535 172365 43747 25995 29979 116053 73759 0 132706 19601 122928 4585 12580 11691 94850 109550 114499 98472 65535 40915 94091 9283 110464 51393 169234 16202 73793 47315 136076 26694 115531 124648 88505 111606 42064 113517 66630 18977 108303 76753 47689 102969 60800 55887 107336 122804 128271 85737 125021 84856 81960 33789 91865 122824 130408 130254 24376 36000 47854 49687 5562 104231 49216 129324 126836 104868 50645 79402 28848 49157 15189 125557 108810 20588 36568 113892 109929 51541 35699 30090 44282 116748 101853 16415 13566 44650 106467 125322 17799 8192 16864 173022 118330 71018 31078 44970 54611 127443 42197 34941 46734 142510 141501 47801 32850 117437 113137 28153 41652 20857 50106 38343 48782 63787 105918 85780 38972 117104 132612 83155 53685 74067 92860 111439 118983 25418 42369 22100 56769 54609 107032 99300 29043 88780 85067 35321 65232 85747 110464 121940 12580 36597 94850 24520 15009 86647 88615 17270 75475 119733 37941 112251 103719 130279 100655 67646 109047 98876
89952 117300 125399 151435 86828 74371 67739 151299 130302 59350 122169 103217 113125 114971 84691 89118 37881 127240 94386 75145 95106 75599 75819 129707 57410 107365 122108 85104 88678 162065 82247 165458 161802 69773 111640 77667 164577 149434 132697 64995 122544 138106 114496 171394 51634 83790 171130 118687 155065 67030 102488 187354 103231 108660 33899 157637 134205 155777 84432 84094 118697 116900 46367 107767 57650 55030 69455 107831 112576 106013 182173 171857 132706 0 124961 185903 129701 142502 126706 175825 140548 18235 110355 153073 101211 97537 123443 164328 154026 92534 143616 66376 124966 156212 159194 43620 145038 81245 71343 155591 118069 107495 114478 129783 71999 97537 92960 151987 163995 81089 96741 150026 52989 136106 69031 53426 143534 71042 170030 136901 111546 149245 107172 109496 106634 133493 91627 93216 124888 140463 122544 109411 53526 125372 105361 119826 96007 103481 115235 121557 99377 57549 105364 98718 160363 128774 155344 86157 149042 122422 89661 95909 18326 120742 139620 115869 92132 132243 86293 101759 107952 132292 97185 90869 106425 93116 159769 44261 100008 118209 146858 126284 110819 91817 152938 124374 116486 85389 76206 93521 105951 155832 138468 107767 106692 151335 59256 51990 99339 39538 149124 98364 110941 103796 88448 43760 111349 136032 122520 49959 130827 72023 89952 164328 148429 142502 126673 175825 116051 130051 76395 79645 115467 57650 55227 97240 85104 149434 29339 112191 171394 86388 118938
92752 27887 38674 142275 102107 98161 70900 33041 5358 97940 15701 31631 26075 124465 96979 79137 100805 13330 36898 103471 35262 51914 171441 139893 67558 47289 20732 118003 99832 148945 43010 155580 153702 82541 28933 65299 77699 119421 74770 97847 33167 34844 37118 87217 97680 89404 89772 117213 37355 132944 23122 146566 41061 24087 94738 143637 20804 134309 113080 175214 52783 22782 144215 18560 70090 73550 171603 53688 12401 34873 134279 93213 19601 124961 0 141061 15204 31605 27350 113707 123742 107117 108893 84010 25639 102474 18012 127396 70658 172300 35589 73176 28001 150317 38009 114260 138370 93736 115083 61659 124329 47384 15642 121117 78792 53950 110317 79425 75471 112546 129913 142348 83193 137573 87056 78147 52947 95030 139523 142680 139078 43749 44376 58691 59709 15320 111315 53764 140071 139824 116848 61589 73468 44408 58713 25418 132406 117657 28987 50897 121856 111005 61279 36998 47221 60299 132269 108046 29783 25973 35454 114192 120119 30204 20418 19947 175652 130828 76569 26600 55074 70834 134359 39640 42584 50371 156682 139779 55169 45910 131893 125153 36410 33935 31477 64937 18931 47298 64453 113267 95905 58558 130513 140742 93487 72619 65765 91542 119512 106254 44884 47563 18952 38131 58343 94385 109845 47366 101635 80804 52190 64207 92752 127396 136274 31605 52390 113707 35355 32497 90747 93508 18430 70090 120435 39710 118003 119421 126815 111271 87217 115110 110643
96014 115386 102750 48643 99634 111640 126374 122491 140865 126558 125762 121897 119444 78275 101261 99492 148284 127888 126388 111557 159695 160383 169479 73034 154148 103320 120783 106587 97473 42343 150237 46418 48569 118149 117506 118295 71159 36666 68460 120940 108587 108101 107939 64005 134311 102431 60131 70421 120757 134127 147137 6775 112057 125278 156197 42064 122302 35837 105080 165756 92112 120632 164407 148117 143413 143298 177125 97801 140678 115761 7026 55946 122928 185903 141061 0 126550 114587 113716 30724 48259 171973 76731 57463 151064 88814 123222 21676 73292 152048 110338 126491 168835 51449 127857 144612 52989 104670 118923 85552 74707 182379 130110 59598 117113 105910 95364 62309 73715 108241 101793 50508 137151 63278 117744 140486 89670 114863 21203 67088 93124 104122 105964 92870 94212 128407 97076 110162 78848 60002 65983 90870 146941 97305 95881 116820 104438 87226 115300 92529 93784 130580 94098 120640 111560 81951 34916 101624 124791 115573 141770 93722 168953 111899 127239 124132 157324 62510 103196 130838 96649 71822 104731 127885 108102 113144 54927 161674 102801 98259 45407 65790 110734 137968 128848 79640 157419 125782 120669 95839 79998 89817 54784 98811 79458 69855 152252 134844 92560 198414 102531 110458 129467 170975 111442 188968 75915 93932 63423 143401 89056 126259 96014 21676 46869 114587 89609 30724 108812 108632 109702 106276 126034 143413 136842 119266 106587 36666 163635 75410 64005 103935 67999
85906 18230 25403 130315 95751 93631 69839 22050 14325 95738 7672 28417 19334 115279 90914 72656 101930 2737 36326 98777 46883 60712 169798 129909 72825 38613 10097 112173 93195 136434 50350 143155 141476 79497 21993 62547 62500 106455 61464 94762 20741 19639 27196 72019 96741 83559 74568 107272 26173 129831 32969 132190 34715 21538 97709 131210 6041 121547 107216 172836 41060 14966 144169 30034 72759 75913 170854 44417 21547 28914 119710 78019 4585 129701 15204 126550 0 17135 13633 98774 111809 111530 99598 69267 36498 94645 7392 113629 55519 168598 20785 72055 43098 138381 29498 113813 126783 88221 110967 46487 114787 62066 15354 110141 75637 47372 103276 64596 60283 107109 123095 130518 83647 126808 83819 79589 37837 91087 125917 132121 131009 28957 36079 48842 50449 4273 104473 48472 130602 128754 106454 51692 76599 31228 49777 14967 125787 109529 20125 38580 114388 108721 52237 33907 34366 46972 119439 101859 19453 14095 41014 106882 122800 18622 9950 14451 172287 120091 70727 27943 45704 57425 127694 39710 34783 45726 144800 139736 47785 34364 119789 114750 27989 38207 23273 52403 33821 46624 62265 106233 86784 43470 119134 133187 84209 57626 70803 91061 111958 115091 29986 41688 18770 52183 53726 103137 100463 32627 90589 82619 38290 63345 85906 113629 124259 17135 39150 98774 25062 18029 86074 88246 14404 72759 118465 36316 112173 106455 128123 101842 72019 109040 100387
88235 25402 22797 123947 98401 98504 79036 11661 29072 103037 22454 39289 29378 113647 94062 75970 112190 19751 48123 103328 63855 76677 176621 126837 86732 41840 20798 115084 95564 128973 65892 135790 134500 86415 30970 70491 47174 98469 53989 101178 22039 8149 30858 56593 105245 87213 59477 104657 13793 135543 49762 120577 41497 34302 109548 123964 11097 113763 110189 178870 38825 25742 152799 47113 84905 87746 178567 46006 38543 37172 107617 63194 12580 142502 31605 114587 17135 0 16022 85536 105757 124267 98143 57233 53426 95409 20300 103755 41674 173229 4349 81111 58569 131966 20601 122455 121125 92114 115899 30977 112634 78936 30807 105798 82583 52276 104861 52324 44793 110600 124571 124384 93728 122542 90392 90602 25022 96683 116284 128115 130701 12223 40226 49052 51423 16329 106286 54761 128301 123956 103142 51560 88983 27312 51299 22691 127472 109519 27549 35443 115172 115654 53380 44016 18222 40425 111545 104559 11974 20142 56075 108033 134067 22607 12971 27386 177260 115972 74909 41920 46996 49909 129289 51639 39803 52969 138414 148417 51641 33547 113296 111261 33587 52796 17237 47292 50523 57423 70765 107758 85955 27445 113949 133542 83232 44738 84612 100124 112678 130611 13490 48033 33484 69259 60316 118680 98857 22874 86574 93853 31046 73000 88235 103755 117870 0 33701 85536 28755 14535 91011 92436 28319 84905 125545 45833 115084 98469 138165 100131 56593 111721 97431
74503 9423 11770 116704 84547 83653 63056 26542 27673 87427 12334 23549 13826 102463 79944 61679 96171 14367 32454 88620 52966 63241 161242 116753 71479 27180 7826 101153 81843 122802 52104 129521 127846 70855 15066 54650 52561 92851 47892 85803 7572 12024 15665 61997 89393 72828 64132 94179 29513 120472 38677 119218 25660 19591 93610 117576 12147 107925 96213 163742 27669 10992 136974 37468 69066 71841 162952 32287 28962 21150 106947 67268 11691 126706 27350 113716 13633 16022 0 86655 98207 108478 86791 56794 42664 82590 9659 100247 44396 158622 16957 65147 55179 124771 35464 106602 113219 77644 101076 37349 101826 71572 18947 96718 67002 37105 91599 52302 50596 96378 111425 116921 77710 113419 74938 74602 26823 81559 112472 118782 118651 23561 25132 36233 38154 16864 92902 39185 117633 115288 93206 39002 73183 17596 37703 7080 114216 97227 11544 25028 102405 100165 40035 28061 33661 33387 105822 90701 25452 4398 42014 95029 118060 6821 19477 13735 162520 106718 60225 27499 33468 43874 116087 35956 24385 37161 131193 132581 36874 21159 106169 101482 17853 38420 30579 38780 44424 41469 54842 94539 74123 35230 105612 121078 71489 45801 69323 84186 99943 116285 23917 32372 20380 60860 44708 104422 87615 20335 77179 77866 24908 56985 74503 100247 110645 16022 25536 86655 13453 5611 76107 77839 15291 69066 110033 29821 101153 92851 122164 88969 61997 97896 87200
87503 89754 76527 64148 93927 104057 111232 92683 112946 117780 98953 98362 94281 81868 93909 86738 138018 100387 104180 105448 135874 139298 172442 83149 136476 81192 94133 105086 91165 62420 128511 68375 69189 106106 92737 102042 40609 39738 46532 112601 82470 79646 83442 33286 124773 92771 29407 71809 90694 133264 122509 37370 89601 100529 143741 59654 94060 49575 102277 170260 68833 94780 161820 122773 127120 127711 178816 76694 114820 92242 23817 25225 94850 175825 113707 30724 98774 85536 86655 0 54229 160143 74403 30055 126539 83713 96307 31485 43864 158233 81214 111857 141699 69940 97612 137829 65841 96212 115294 55560 78621 157298 104249 63443 104169 86197 92522 34359 43180 104986 104424 65668 124079 74048 106861 126070 61094 106223 41767 79280 99842 74505 83437 72505 74543 100188 94422 90803 88098 72270 67462 71184 131045 71577 76182 90687 107475 87495 90036 68358 94824 124638 74986 98136 81169 57608 47512 97603 95155 89087 119266 92267 160297 85887 98406 98284 163411 70514 89766 106930 75789 48836 108314 106241 85436 93151 75207 158476 83060 74085 56237 70950 86727 115322 98964 57470 131015 105607 104204 93908 72480 59748 63643 105201 70940 41165 134411 123835 92957 182585 72941 89510 104153 146110 93340 172205 73996 66375 57436 129305 63013 109638 87503 31485 59776 85536 64527 0 83910 81276 100183 97684 100171 127120 132493 97245 105086 39738 157200 74086 33286 101843 66608
52630 95861 86484 18536 53762 66462 87574 116465 125365 81626 108190 96883 98304 30096 56481 60251 103770 112150 98303 65412 132377 127970 121695 28993 116979 77890 103285 58621 52146 26270 119476 32415 30124 76464 95672 81531 77966 14515 51807 75904 91176 97774 86726 76241 89669 59563 72943 22448 116434 85904 122324 48036 86023 102554 113242 20842 109551 15333 57528 118454 71021 101047 116295 124893 105009 104051 129083 71375 119254 91406 46845 70079 109550 140548 123742 48259 111809 105757 98207 54229 0 128105 30211 57157 125763 43216 106206 27438 73280 105431 102314 87081 149121 26591 124200 98013 15471 60560 71409 85467 26542 156707 109590 11375 76443 75751 48089 61195 79810 60788 53640 18721 95469 20392 74957 100053 82739 70318 29694 26044 46350 99137 80908 66034 65893 114980 49666 78859 33873 19801 18196 63253 107886 80709 67302 98392 56370 39135 94889 73247 45541 83825 64854 93696 110629 65561 14801 54689 117621 98229 112982 45961 122977 93772 116213 104162 110681 16287 64343 105736 69978 55864 56788 98623 83013 82527 32994 113676 73141 77881 8377 17786 88055 109731 122689 59450 136281 94169 83985 48188 37637 89431 9844 51917 38310 68201 115398 91354 44387 157677 97631 81825 107660 145325 78007 149481 29201 82901 23666 102492 74884 89338 52630 27438 12547 105757 73003 54229 88403 94651 66175 62174 105911 105009 89331 91550 58621 14515 116623 28376 76241 56167 21806
76138 99074 107313 140432 74561 61714 50381 133087 112441 46601 103981 84983 94889 104554 71636 73530 24495 109086 76150 63522 78337 58863 82180 120354 39606 89522 103879 75885 75972 150968 64687 154896 151342 54233 93412 60285 147130 135893 116070 52308 104371 119902 96385 154180 38502 69564 154065 106943 136841 63369 84886 173863 85144 90442 16526 146266 115994 143434 74279 89507 101087 98668 51046 90222 39435 36890 77680 90276 94718 87821 167862 154960 114499 18235 107117 171973 111530 124267 108478 160143 128105 0 97988 136373 83824 84900 105231 150600 136575 95181 125393 49210 108539 145832 141016 36321 134081 67719 62474 137744 107388 92715 96340 117785 55975 79901 81796 135051 146465 71035 88869 139157 36194 125824 54241 35715 125638 57793 157156 127281 103874 131069 89221 92214 89412 115349 80712 75491 116029 130106 110491 92303 35295 107425 88075 101592 88702 92859 97014 103852 89775 48402 88239 80503 142137 111405 142799 74958 130848 104190 71720 85226 18168 102536 121458 97655 95788 121350 70379 83588 90468 115429 90148 72634 88411 75215 149904 47645 82474 100337 134927 115082 92680 73756 134782 107321 99426 67195 58674 82832 92094 137883 127028 100811 92517 134055 41353 37134 89330 35679 130966 80435 92782 87938 70892 34635 99056 118077 108620 32242 113085 54242 76138 150600 136915 124267 108985 160143 97910 111854 62387 66096 97271 39435 49197 79055 75885 135893 30547 100045 154180 76503 106306
23678 81820 76026 43519 23551 36288 60133 109701 111627 51446 94335 78720 82834 15681 26503 34348 73602 99225 77776 35253 110511 103098 98243 31469 89639 61647 89932 30819 22030 53695 95925 58451 55206 47624 79963 55814 84368 40126 49694 45724 79235 90033 72534 86060 59510 30610 83710 9966 110789 59014 102540 77454 68212 85549 83373 48700 98902 45500 28575 96614 59548 86427 88399 106028 77264 75866 104421 55392 101925 74276 74007 82131 98472 110355 108893 76731 99598 98143 86791 74403 30211 97988 0 64522 105484 13133 92917 55085 76472 85807 95615 59271 131418 50080 118349 68079 37465 30810 42292 86310 15508 135056 93563 19887 48235 55911 18741 66782 85450 31625 31385 42545 66228 31796 45554 71332 79519 40265 59708 35698 32970 94844 64525 50759 49324 103397 20537 57685 31178 35378 12629 47907 79722 70916 50215 84873 34577 13837 80308 62766 21183 53952 47664 74396 107723 59129 44995 24896 110005 85503 91029 17887 92864 80988 106148 88978 90793 25673 38340 86784 54045 52752 35847 77221 66316 61503 55315 85398 54099 65674 36983 19020 72579 88331 115327 51680 118217 71382 58171 19661 13002 89461 29691 36658 15429 71531 88269 61457 19000 128281 93581 62462 90885 124036 55186 120597 1182 76798 17529 73500 67988 63067 23678 55085 39293 98143 64656 74403 74597 84740 36591 32393 90464 77264 60161 71870 30819 40126 86951 2597 86060 27753 8738
69748 59700 46480 73200 78261 85832 86225 65750 83546 97717 69043 68669 64254 76721 76673 65036 115962 70735 74931 88486 105969 110231 160845 84167 109185 52342 64176 92495 75180 75788 99257 82555 82025 83808 62766 76520 20916 45845 20390 93182 52422 50639 53569 21592 103761 73456 19643 66108 64488 119563 92501 63359 60424 70541 119847 71384 64870 60601 88666 160176 39656 64727 145511 92718 100868 101928 165870 48615 84777 62599 50547 19172 65535 153073 84010 57463 69267 57233 56794 30055 57157 136373 64522 0 96538 69717 66421 47566 17221 150155 53035 87216 111950 80716 71948 118661 72193 77745 99994 30053 74265 127243 74201 61898 81209 58731 79762 4961 22661 90735 95869 74132 100239 77021 85520 101161 32242 86901 60139 82817 95686 47311 54328 45162 47637 70985 81655 63422 87659 76941 62706 44469 104978 41535 49162 60647 99065 78343 60005 38754 85612 106741 48506 68827 56468 28171 58277 83224 67816 59089 89781 80886 138943 55836 69797 68232 155059 71481 67224 77087 47920 21094 100368 77220 56224 65281 86955 141731 55693 44396 62948 69109 56969 85812 72166 29636 101055 77355 78445 81894 57613 34332 66795 100246 55286 12811 107050 101642 83312 155865 45707 61143 74104 116065 66765 145037 64596 36663 47425 104547 32964 83592 69748 47566 67441 57233 34644 30055 53945 51515 80452 78980 70121 100868 115661 68163 92495 45845 137728 65270 21592 88950 59151
85465 37081 50499 143898 93449 86604 55735 57647 30844 82779 31430 29456 32312 120267 88071 72146 81063 33787 27778 91934 10447 26543 153829 136932 44424 48647 34920 107792 91783 151904 19252 158178 155791 69518 33816 53370 95073 124374 82630 84018 44647 53752 43253 104428 80726 80552 106345 114832 61946 118001 4059 155870 40050 26013 73068 146473 42470 138288 103105 158530 58968 32502 124973 7083 49777 53412 152866 54903 14960 35473 144677 109240 40915 101211 25639 151064 36498 53426 42664 126539 125763 83824 105484 96538 0 96479 33990 134682 86368 157521 56633 57906 28407 151706 63437 96107 139140 84058 102168 80012 120869 31444 23727 120900 66220 50250 102520 92573 93183 101866 121046 143632 65007 136403 74042 58928 69204 82684 146005 140919 132264 64590 45749 60251 59988 38737 103121 47858 136015 139308 115459 62858 52398 55034 58517 36840 123116 111602 36563 58626 114417 95464 60926 32071 70836 69346 136492 98829 54576 39017 16048 106734 98240 41234 44755 29186 160340 129773 68671 20404 56249 79254 125099 28339 43573 44041 157812 120598 52683 52866 134135 123514 40330 17550 56873 71541 16381 34995 51715 105342 92759 77766 130973 132923 90793 87023 42943 74220 112310 80645 65362 43979 22739 19970 50488 68802 106573 62024 102321 60973 63619 49408 85465 134682 138175 53426 62056 126539 42641 48210 79827 83413 27458 49777 104167 34245 107792 124374 106279 108040 104428 105413 109184
11555 76481 72712 56470 10820 23258 48061 107069 105689 38420 88714 71349 76734 24351 13373 24333 60556 93937 69172 22746 100676 91894 91134 41623 77376 56045 84680 22800 8931 66744 85430 71340 68016 34919 73835 44844 88237 52160 52245 32701 75048 87488 67482 91229 46453 18125 89327 22650 108644 50175 93822 89913 61413 78583 70240 61797 94715 58539 19030 90592 56659 80647 78107 97708 64885 63293 96396 50345 94427 67603 85648 88295 94091 97537 102474 88814 94645 95409 82590 83713 43216 84900 13133 69717 96479 0 87612 67142 79354 81440 93380 47008 123332 62774 115952 55818 50315 17747 31581 87778 25786 125112 86886 33017 35889 48564 10258 71149 88968 21415 29247 55419 53251 43773 32579 58545 79473 27142 72511 46960 36604 93737 58686 46500 44437 98656 12073 49437 39828 47648 25744 43883 67140 68179 44937 79693 32246 15260 74747 60165 19820 41884 42559 66552 106886 58799 57951 13928 106974 80699 81404 12683 80244 76312 102063 82841 86129 38108 27924 78784 49130 54537 33993 68161 60215 53169 67756 74801 47346 62003 50114 31478 66851 79036 112300 51361 110113 61710 47082 12825 12104 90459 42704 38543 14530 74717 76110 48325 17353 115209 92625 55050 83896 114345 46046 107663 14242 75548 26505 60599 66828 51609 11555 67142 52391 95409 62999 83713 69655 81342 23577 19309 84155 64885 48964 63903 22800 52160 74954 15362 91229 19238 21449
78703 11145 20665 124740 88500 86251 62631 27857 19168 88391 2713 21258 11954 108586 83628 65390 94945 6331 29475 91404 44415 56391 162452 123474 66976 31577 2991 104881 85975 131190 45595 137859 136058 72122 14602 55205 61881 101514 56775 87379 15204 19772 20383 71360 89492 76246 73598 100801 31685 122441 30124 128661 27344 14809 91097 125910 10763 116464 99924 165458 35193 7582 136968 28320 66192 69258 163570 37569 19687 21522 116479 76802 9283 123443 18012 123222 7392 20300 9659 96307 106206 105231 92917 66421 33990 87612 0 109384 53965 161209 22943 64834 45618 132797 35958 106594 121009 80887 103580 46353 108197 62090 10596 104068 68260 40059 96121 61951 59838 99782 115925 124872 76601 120661 76436 72727 36314 83695 121516 125896 124060 30700 28945 42196 43632 11660 97291 41087 124004 122738 100143 45076 70120 26398 42870 8052 118592 102574 12896 33074 107312 101362 45369 26675 38459 42293 114403 94595 25692 8022 35828 99773 116062 12434 16889 7582 164896 113928 63399 21930 38893 52828 120506 32927 27555 38336 139190 132540 40567 28355 114289 108451 20800 32660 30009 47091 34769 39601 54965 99080 80035 43882 113253 126141 77498 55454 64901 83871 104895 110339 31407 34313 13203 51532 46334 98402 93808 29992 84523 75817 34232 56184 78703 109384 118711 20300 34384 96307 18350 15168 78695 80896 8126 66192 111117 29026 104881 101514 121125 95203 71360 101769 94017
74526 100485 88724 33017 77963 90018 105876 112989 127883 104978 111765 105240 104054 57495 79652 78681 126783 114612 108814 89885 142720 141810 149134 54532 134206 86170 106721 85137 75821 31044 132089 37241 37795 97018 101839 98207 65754 14991 52778 99343 94294 96505 92285 60994 112775 81037 57182 49093 111942 112867 130879 23393 94899 109442 134957 28179 110070 18442 83501 145837 76061 105812 142992 132414 123106 122791 156487 80210 125516 99214 19421 53431 110464 164328 127396 21676 113629 103755 100247 31485 27438 150600 55085 47566 134682 67142 109384 0 64737 132626 99733 105858 154595 38470 119465 122936 35565 83132 97322 77566 53956 166127 115119 38555 96164 87395 73753 52479 68095 86639 81027 34649 116098 44910 96427 119702 78871 93303 12587 49583 73481 94623 88992 75024 75969 116025 75483 91398 60037 42395 44611 72739 126496 82997 77605 102341 83790 65893 100084 77109 72628 108906 75590 103341 104016 67134 16612 79970 114857 101463 124156 72218 147310 97424 115781 109238 137890 42845 82499 114284 78954 56612 84225 109968 91166 94620 43742 140188 84369 82641 26512 45219 94644 120488 119411 63398 142552 107141 100623 74299 58524 81864 35262 79112 58118 60338 132382 113468 71287 177726 93023 92471 114014 154649 92117 168562 54286 81628 41980 122528 75358 106202 74526 0 29296 103755 75034 31485 93456 95620 88250 84744 111118 123106 115226 101704 85137 14991 141964 53817 60994 82412 46361
77051 49413 36093 89933 86503 92051 86293 49211 69475 102126 56672 60818 54418 90030 83974 69532 118189 57355 68363 95480 96355 103333 169555 99174 105593 47990 52172 101976 83366 92897 92072 99683 99064 86790 53581 76363 10555 62732 27133 98244 41791 36052 45486 18630 107210 79428 20034 79625 47644 127731 82314 79476 54673 60969 120217 88405 50496 77662 97712 169689 35641 53873 151607 81687 98934 100571 173772 46322 73300 55194 66280 22904 51393 154026 70658 73292 55519 41674 44396 43864 73280 136575 76472 17221 86368 79354 53965 64737 0 160764 37350 87669 98616 97572 54975 123220 88557 84137 107682 12836 87933 115957 62995 76862 83667 56752 89608 12452 10192 99342 107232 90778 101139 92649 89293 100869 17725 92265 77292 98456 108828 30831 49140 44609 47537 56599 91422 61288 102190 92922 76691 45028 103186 32594 48723 49551 110411 89998 50259 33284 96984 112520 48971 62304 39280 25296 75344 92030 51506 47517 82115 91397 141355 45171 54565 57246 165480 86776 70806 68305 46108 24999 111886 71180 50616 62186 103867 147594 54105 37935 79531 83735 49328 78153 55585 30735 88649 72994 77903 92046 67501 17127 82695 112990 64893 5132 103393 104108 94565 152406 29243 57311 63630 105150 65686 141074 76750 24350 60438 104338 24717 82469 77051 64737 84076 41674 28204 43864 45186 38810 85768 85142 59045 98934 121957 62304 101976 62732 141691 77635 18630 98383 72369
85691 150751 150575 104408 75547 75024 102146 184714 176654 74859 161529 141212 149324 76370 79389 97274 80884 167192 135446 70002 157068 140730 23467 79113 119464 131541 158575 59154 78590 113351 140291 112959 109394 89760 146609 107005 169434 119599 133634 74460 151507 165800 142959 171741 77088 86024 169483 86515 186933 39559 156413 150055 133911 148800 93216 111486 170196 116211 63779 15730 135773 153663 46195 161507 109502 105988 33559 127274 161532 139702 151805 167938 169234 92534 172300 152048 168598 173229 158622 158233 105431 95181 85807 150155 157521 81440 161209 132626 160764 0 171916 99903 185880 104458 193729 64026 99291 81115 57637 169093 79667 178112 157151 95073 93525 121585 71184 152081 170275 62873 54456 102524 93162 88830 85256 99849 160228 77550 131192 85567 59145 173490 133491 124785 122147 172854 69401 120128 73232 92367 90794 122632 108296 146943 122081 154064 51282 71985 148688 139404 64626 62057 120183 135656 186689 139703 117215 69548 184010 155743 141603 69443 77849 151861 177425 154844 5276 89821 98413 145834 126357 135977 50185 132921 134354 122941 104381 48436 121773 139946 106716 87792 141101 141103 189194 132398 173629 125226 107883 68718 93274 171616 97494 53526 95870 156069 119751 83660 66871 129890 172532 126936 153547 169941 114899 129760 85867 155531 103273 98727 147080 108749 85691 132626 105251 173229 142974 158233 145170 158711 82587 80819 155623 109502 53683 133012 59154 119599 65017 85392 171741 62719 92354
86607 26324 21381 120417 96797 97446 79246 14259 33269 102592 25317 40505 30746 111031 92598 74659 112554 23284 49411 102167 67080 79221 175870 123900 88386 41007 22942 113479 93907 125261 68282 132085 130857 85952 31995 70421 42849 94723 50507 100505 21775 6158 30552 52283 105124 85910 55144 101866 15266 134576 52877 116354 41578 36169 110412 120292 14841 110022 108615 177907 36725 27496 152586 50505 85967 88692 178056 44664 41871 37765 103361 58851 16202 143616 35589 110338 20785 4349 16957 81214 102314 125393 95615 53035 56633 93380 22943 99733 37350 171916 0 81267 62778 128417 22734 122315 117720 90842 114788 26651 109914 82809 33539 102665 82151 51639 102982 48111 40481 109150 122603 120892 94110 119385 89813 91280 20893 95818 112280 124996 128323 8180 39671 47314 49828 20420 104454 54438 125513 120698 100216 49697 90102 25227 49838 23979 125545 107263 28381 33222 113075 115064 51793 44910 16768 37292 107790 102941 15355 21318 58329 106041 134685 22988 17318 29560 176028 112857 73822 43965 45559 46455 127336 52912 39482 52925 134862 148227 50750 31973 109763 108278 33641 54904 20377 44362 54460 58291 70845 105854 83617 23180 110642 131302 80876 40483 86239 100182 110574 132831 9306 47846 35925 72962 59994 120928 96294 19467 83569 94584 27967 73384 86607 99733 114345 4349 30971 81214 28575 14013 90007 91237 30697 85967 124964 46529 113479 94723 138396 97542 52283 110073 94594
35654 55981 61164 102566 40063 30149 2277 91480 77871 25050 64488 43643 53053 71007 34976 27250 31524 70157 36449 35213 58870 46287 98306 88325 30387 41935 62673 51597 39542 112414 42214 117543 114393 12929 50786 11435 98215 91905 66977 26165 59500 75303 50810 105049 24716 28883 104872 69214 94646 60347 56571 129228 39692 50839 32709 107202 75058 102056 47337 102068 52528 57367 72138 61615 18015 17031 98879 41625 61886 44107 121710 105751 73793 66376 73176 126491 72055 81111 65147 111857 87081 49210 59271 87216 57906 47008 64834 105858 87669 99903 81267 0 86311 109336 100191 41761 96658 30327 44410 89793 72742 82120 58736 78507 11123 31561 49461 85842 97673 45481 65633 101702 13523 90744 16985 14222 77954 25706 114148 93938 78631 85676 42310 43121 40270 76286 49464 27593 85825 94535 71573 43107 20834 60166 38986 59052 67240 60256 53798 55550 60942 38007 39046 38160 97861 62402 100951 44186 89923 61319 41877 53785 54354 58509 81713 57642 102956 84890 23361 46583 41661 66232 69192 33541 42040 28418 114566 67712 33810 52746 94911 78228 47632 41203 94632 58117 73818 25932 10473 51868 49446 90394 88704 78156 48899 84967 29104 19079 59284 71924 85293 33633 55000 72424 22401 62784 60452 70761 64766 17461 64857 8971 35654 105858 97887 81111 60610 111857 52709 67262 24805 29129 57997 18015 47279 35852 51597 91905 57132 61783 105049 49819 66062
112652 54153 66143 167566 121076 114782 84135 57001 29509 111178 43076 52829 50995 146608 115728 99108 108543 41331 54200 120128 30397 49698 181697 162846 70437 71308 48074 135823 119238 174815 46246 181328 179234 97813 53518 81387 105398 145898 101821 112408 60399 62673 62772 114897 108975 108142 117562 140382 61012 146379 30050 174241 63598 46602 99567 169440 48355 160510 131074 186618 78980 48822 152360 25664 77453 81092 180351 77849 29886 57865 162097 121073 47315 124966 28001 168835 43098 58569 55179 141699 149121 108539 131418 111950 28407 123332 45618 154595 98616 185880 62778 86311 0 175535 58924 124029 163261 111872 130530 89260 146917 25281 39715 145450 94445 75510 129969 107397 103110 129961 148843 167489 93123 161503 102352 86841 80922 110952 166547 166316 159557 70784 68286 83145 83576 42417 130680 73969 162371 164099 140555 85974 79675 71730 82319 52268 151013 138568 54722 77564 141823 123829 84866 57030 71897 87497 158550 126619 53639 53310 44439 134109 124216 57196 46071 45452 188646 154787 95877 44656 79256 97994 152995 55561 66226 70196 181807 148034 77461 72197 157405 148774 61100 45541 53214 91499 13223 62759 79856 132840 118482 85949 155223 160501 116300 100620 69310 102440 139638 98345 72052 68967 41461 22073 77377 87336 132457 75337 126272 88653 79804 77771 112652 154595 161661 58569 79626 141699 61360 60447 107869 111314 43602 77453 132440 59591 135823 145898 133129 133916 114897 133336 134273
73754 122432 113035 8067 71966 84768 110148 142478 151956 99491 134777 123095 124810 41331 75921 83642 121363 138737 124070 82360 157937 152333 124208 27611 139681 104240 129875 71187 71245 9277 144409 9359 5617 97640 122153 105238 100887 34872 77983 93897 117762 124050 113275 97622 107571 80666 93987 40186 142248 94844 148359 47718 112227 128939 132205 10293 136050 20748 71856 119197 97611 127605 125428 151100 127338 125937 132861 97706 145652 117731 53698 90557 136076 156212 150317 51449 138381 131966 124771 69940 26591 145832 50080 80716 151706 62774 132797 38470 97572 104458 128417 109336 175535 0 149997 112643 12794 80460 84932 110140 38446 182391 136084 31308 98314 101498 64067 85184 102976 75183 61304 8075 115977 20106 95329 121311 108459 89183 30655 20221 48568 124849 107262 92393 92098 141521 65120 104313 33353 15761 37848 89577 129792 107248 93451 124979 63062 52988 121437 99830 56888 98673 90957 119697 135897 91971 23014 70888 143760 124819 138444 60624 138044 120363 142647 130699 109675 24729 87735 131862 96302 82072 62620 124169 109344 108057 6449 123605 99025 104469 18678 31305 114529 135336 148761 85998 162630 119259 107654 63022 60795 114252 20982 53962 62130 92633 138276 110441 56877 177644 123312 107730 134085 171081 102950 170396 48902 109092 49415 123365 101245 112761 73754 38470 14138 131966 99498 69940 114970 121146 86317 81981 132435 127338 102022 117462 71187 34872 129816 47602 97622 69833 43712
108834 44271 43398 142062 118996 118899 98041 9015 33212 122871 37042 57038 47260 133756 114634 96506 130748 32007 65428 123778 73263 89129 196704 146471 102284 62220 37717 135678 116164 146348 79273 153180 152160 106314 49412 89971 57136 115789 72515 121260 42271 28471 50969 65614 124647 107739 69141 124537 7768 155845 60498 134196 61060 50745 127046 141526 25296 131049 130779 199145 59311 43062 172233 56419 102125 105213 198379 66578 48964 56112 120831 73249 26694 159194 38009 127857 29498 20601 35464 97612 124200 141016 118349 71948 63437 115952 35958 119465 54975 193729 22734 100191 58924 149997 0 141838 139658 112624 136313 42363 132612 82795 44798 125058 102458 72471 125446 67008 54560 131165 145137 142632 112341 141732 110402 108648 41538 116943 132050 147386 151047 25164 60431 69647 72024 25844 126879 74648 148179 142900 122808 72136 106017 47784 71888 41145 148050 129951 46451 55863 135691 135628 73980 62263 16656 59830 128775 125155 10302 38958 70289 128590 152016 42283 19626 43523 197719 135261 95347 57436 67584 68541 149860 68885 59816 72550 156421 167825 72015 54148 131423 130820 53314 67638 6566 67012 55205 75445 90030 128339 106327 38068 132773 153987 103590 59144 100277 119269 133193 143657 26722 67830 48267 75059 80168 131725 119027 41911 106112 111761 50587 91753 108834 119465 136018 20601 53701 97612 48795 35037 111379 112914 43771 102125 145494 64403 135678 115789 156890 120272 65614 132320 117246
50326 97573 101571 108027 45007 33781 43973 133061 119134 21103 106234 85397 94795 71482 44050 53887 16882 111892 77970 33078 94340 77116 57723 86093 55644 81800 104415 41491 47339 118666 77834 121912 118241 37011 92481 51965 133461 107947 98603 25514 100578 116245 91768 138842 17211 45424 137861 75803 136108 27735 95618 145527 80966 92531 29623 114354 116779 113067 41031 62701 90415 99119 30397 100951 46611 42986 57343 79867 102512 85727 141441 137832 115531 43620 114260 144612 113813 122455 106602 137829 98013 36321 68079 118661 96107 55818 106594 122936 123220 64026 122315 41761 124029 112643 141838 0 101629 41644 27728 127670 74651 114406 100278 86986 40593 71045 49982 118580 133411 37684 53376 106578 31250 92543 33990 37200 116506 31865 127680 93282 68311 126092 82748 79667 76662 118039 48512 67897 81326 96907 79849 78624 44825 99705 75849 100698 52890 60113 95391 93835 55775 14203 74951 79921 138677 98389 112794 43325 131595 102899 80742 52624 25402 99873 123471 99390 65912 88848 52417 87835 79485 99195 54220 74878 82834 69486 116151 25987 72533 92172 103911 83039 88869 81025 136354 92489 112474 67449 51808 50263 65717 128931 95282 64887 66992 119626 56092 22799 55802 71775 125549 74481 96525 106732 62354 68764 68988 109946 81925 35470 102931 50515 50326 122936 105240 122455 98552 137829 93785 108320 38237 40212 99707 46611 12917 77598 41491 107947 19372 69687 138842 42882 76797
61137 110491 101543 6399 59817 72682 97437 131890 140177 87574 122916 110683 112698 30190 63568 70855 109587 127030 111459 70561 145254 139539 117641 20184 126978 91955 118064 60443 58923 17037 131640 21027 17743 85084 110002 92449 92861 27254 67223 81925 106085 113114 101266 90582 95676 68075 87139 27666 131891 85552 135833 50765 99820 116661 120135 13094 124693 17466 60622 113365 85828 115611 116270 138665 114669 113323 125811 85413 133376 105407 53576 84033 124648 145038 138370 52989 126783 121125 113219 65841 15471 134081 37465 72193 139140 50315 121009 35565 88557 99291 117720 96658 163261 12794 139658 101629 0 68050 74061 100838 26979 169731 123941 18518 85667 88900 52318 76371 94787 63968 51984 5110 103566 10574 82893 108783 98207 77004 31937 14179 40987 114604 94977 80136 79720 130040 53510 91638 26110 7019 25105 77293 117179 95802 81036 113120 54136 41557 109421 88204 46247 87523 78522 107176 126089 80840 18997 59167 133010 113072 125748 49142 126997 108582 131430 118644 104564 12795 74951 119391 84007 71265 54008 111499 97036 95394 18679 114155 86478 92655 9714 19033 102374 122674 138097 74554 150297 106514 94866 51535 48001 104831 8211 46648 49342 83503 125554 98293 45902 165419 113100 95180 121847 158444 90198 157978 36293 98287 36995 110903 90190 99986 61137 35565 6292 121125 88182 65841 103020 109808 73891 69594 120353 114669 91533 104906 60443 27254 119307 35033 90582 58755 30920
8789 70116 69480 74217 9795 8088 31704 103609 97581 21957 81492 62107 69219 40890 4680 16187 43665 87048 58064 11563 86971 76296 86206 58154 60392 50490 78128 24275 9357 84483 70951 89077 85735 17648 66399 30760 93963 68303 58176 16490 70442 84713 61987 98508 29644 4964 97214 40391 105822 44324 81873 106276 53587 69684 52683 79510 89388 75887 19376 87427 55091 73460 67830 86279 47813 45966 89793 46180 84282 59625 100955 96883 88505 81245 93736 104670 88221 92114 77644 96212 60560 67719 30810 77745 84058 17747 80887 83132 84137 81115 90842 30327 111872 80460 112624 41644 68050 0 24192 90428 42869 111022 78156 50682 19367 40861 19218 78118 94227 18905 36993 73156 35522 61215 14875 40975 80436 10223 89440 64020 48810 92743 52558 43976 41223 92429 19419 40094 55507 65196 43438 42055 49787 66016 41048 73432 39148 29939 68125 58726 30936 29017 39271 56778 105899 60569 75164 14771 102961 74950 68327 23555 64618 70933 96685 75044 85186 55752 17498 68294 45298 59349 41130 56353 53569 43371 85329 63997 40774 58897 67712 49155 60370 66526 108175 53792 98798 49138 32635 21775 24713 92402 60448 48968 25616 80074 59274 30797 29118 97475 91871 46668 74790 100700 35405 89941 31944 75061 41275 42915 66935 36276 8789 83132 70103 92114 62672 96212 64205 77599 5866 1622 76058 47813 38000 54059 24275 68303 61005 33102 98508 21521 38771
30636 93120 93407 80452 21790 17423 46509 127301 119295 21089 103932 83757 91710 43873 23710 40285 38879 109585 78417 12663 103220 89263 62097 58408 69808 74094 100939 13762 24830 91090 86476 94215 90534 32844 88982 49907 117257 82395 81168 18277 94046 108641 85426 121210 27293 29151 119624 48980 129657 20171 100597 119337 76274 91365 51480 86890 112581 86181 13884 63253 79269 96041 46528 105457 57913 54914 66120 70152 104714 82082 116299 118923 111606 71343 115083 118923 110967 115899 101076 115294 71409 62474 42292 99994 102168 31581 103580 97322 107682 57637 114788 44410 130530 84932 136313 27728 74061 24192 0 114448 47122 126048 99769 60166 36434 63993 23571 100861 117673 10683 26481 78968 41789 64840 28279 48732 104603 20055 101083 65567 41464 116883 75950 68142 65359 115222 21849 62495 53764 69209 53232 66246 58154 90115 65118 96432 26665 32726 91053 82901 28050 14097 63415 78232 130020 84606 86075 17726 126502 98131 86120 25479 53123 94295 119797 97279 61446 61314 40992 88830 69330 82725 28314 76120 76758 65351 88427 43280 64298 82916 76816 55694 83488 85100 131655 77683 117835 68482 51051 23222 43149 116512 67962 38800 45106 103428 69401 32837 28162 96751 116029 69299 96218 116687 57297 91836 43047 99248 57996 48991 91121 52762 30636 97322 77888 115899 86864 115294 87629 101364 24974 23611 98104 57913 17936 75561 13762 82395 45385 43513 121210 15384 50979
84083 44244 32004 102432 93937 98076 88170 37130 59784 106755 49041 57294 49396 100516 90855 74973 121047 48656 65626 101958 90309 99447 176544 110616 104304 48230 45110 109979 90820 105632 88155 112429 111750 90731 49219 78358 16198 75359 36671 103385 36845 26939 42715 25652 111091 85553 28505 90324 35207 134615 76026 91852 53290 55882 121700 101084 40934 90373 105488 177230 37456 47890 156881 74654 99039 101079 180178 48303 66039 52357 78527 32278 42064 155591 61659 85552 46487 30977 37349 55560 85467 137744 86310 30053 80012 87778 46353 77566 12836 169093 26651 89793 89260 110140 42363 127670 100838 90428 114448 0 98647 108238 56288 88396 87318 58241 97999 25239 13854 106815 116381 103223 103303 104486 93724 102165 12232 97717 90115 110281 119081 19189 48607 48003 51008 46847 99738 62416 113331 104967 87682 49156 103318 30499 51865 43562 119522 99493 45563 34265 106233 117942 52728 59861 26463 29859 88060 99733 39674 41159 78020 100177 144092 39913 43925 50975 173662 98442 75599 63652 48465 33594 121096 68781 49622 62533 116467 152733 56045 37409 91958 95034 46660 74168 43405 36841 80250 71896 79566 100595 76316 4315 94724 122968 73611 17539 102092 107346 103765 150668 17696 57337 57597 97861 67400 139049 86703 20075 71112 105632 24967 83568 84083 77566 96525 30977 29288 55560 41807 31838 91316 91262 52612 99039 127623 60420 109979 75359 145537 87698 25652 106398 82980
37314 97132 90848 33378 33847 46496 73836 124098 126992 61075 109671 94228 98260 3571 38216 49258 82917 114489 93201 43920 125691 117593 95216 16094 103071 77055 105208 33596 33516 44016 110830 47533 43957 60431 95396 70404 94873 40138 62083 55512 94297 104493 87820 95309 69142 43877 92542 8324 124970 59809 117969 74064 83711 101046 93848 39771 113891 39959 33644 92206 74365 101803 90421 121505 90539 88812 102541 70744 117432 89763 73374 90405 113517 118069 124329 74707 114787 112634 101826 78621 26542 107388 15508 74265 120869 25786 108197 53956 87933 79667 109914 72742 146917 38446 132612 74651 26979 42869 47122 98647 0 150214 109037 15532 61619 71414 25630 77227 96239 36990 27102 31958 78154 18557 57681 83826 92875 51013 55247 21197 21653 108620 79953 66002 64684 118526 26679 73126 15815 22756 11658 63127 92643 85579 65622 100146 29835 14601 95661 77456 19628 60545 63062 89890 121272 72930 40252 32442 124562 100694 106256 22221 100017 96164 121085 104400 84871 14199 53128 102276 69383 65535 30309 92568 81769 76941 42780 88034 69604 80670 30279 8987 87975 103641 129863 65621 133713 86567 72695 24620 28498 102071 21050 26718 30847 82852 101844 72177 19012 139398 107290 77967 106380 139270 70470 132470 14504 90800 27547 85653 82046 77343 37314 53956 30864 112634 78970 78621 89853 99540 48717 44303 105904 90539 64719 87355 33596 40138 92444 13064 95309 31786 15678
113740 67545 80816 174672 120734 112177 80240 79635 50782 105372 59378 60895 63116 149310 115370 100990 97861 59706 58405 117316 24552 37387 170939 166307 58764 80058 63786 133656 119469 182923 40094 189108 186623 94803 64906 80533 123949 155729 113996 107829 74876 81321 74451 133440 101455 108140 135682 144659 83851 139375 35282 187253 71412 57114 86933 177488 67969 169507 129262 176800 90344 62551 140412 34525 68862 72269 168319 86255 42679 66916 175937 138839 66630 107495 47384 182379 62066 78936 71572 157298 156707 92715 135056 127243 31444 125112 62090 166127 115957 178112 82809 82120 25281 182391 82795 114406 169731 111022 126048 108238 150214 0 53141 151348 92054 80964 130071 123090 121865 127558 147527 174328 85380 166442 99072 78499 98380 107817 177430 170717 159817 90988 77178 91583 91187 62701 130424 78094 164930 169535 145611 94139 69819 85739 89674 66726 149270 139905 67335 89860 141917 117031 92024 63239 94269 100514 167747 125613 76272 68541 44075 134381 109828 71448 67560 59062 180268 159901 97219 51845 87584 110558 151234 58233 75001 74337 188405 136293 83579 84122 165084 153506 71684 47057 76708 102948 28465 63674 78479 132752 122627 105443 161532 159864 120844 117109 58370 94936 139986 76627 92048 74921 53166 11484 79918 66554 136182 91723 133140 79402 94287 74845 113740 166127 169037 78936 93055 157298 73670 77174 106141 110134 57192 68862 124533 65233 133656 155729 120214 137643 133440 131700 139379
77112 14728 27722 128082 86473 82733 56474 37361 19527 83161 8374 16070 11300 109079 81357 63495 87649 12791 22312 88021 34072 45884 157002 124710 57489 32192 11197 102413 84190 135161 35230 141705 139673 67434 13938 50201 71451 106188 62364 82773 21779 30156 23057 80852 83421 73791 82881 102061 41418 117927 19764 135285 25495 8472 82803 129799 20567 120802 97483 160491 39282 9500 130488 18701 57854 61110 157559 38696 10594 19334 123510 85898 18977 114478 15642 130110 15354 30807 18947 104249 109590 96340 93563 74201 23727 86886 10596 115119 62995 157151 33539 58736 39715 136084 44798 100278 123941 78156 99769 56288 109037 53141 0 106393 63639 38336 94677 69978 69519 96994 114273 128063 69589 122703 71907 65110 45624 79720 126960 127709 123489 41259 29211 43867 44628 19015 95674 38138 124734 125097 101868 46743 61592 32866 43531 13586 116771 102089 15049 38010 106229 96228 46103 21542 48865 48249 118837 92423 34806 15478 25702 98560 108024 18367 25177 5989 160602 115962 60944 12873 40100 58638 118723 25441 27302 34786 142398 126048 39643 32535 117837 110156 21567 22856 38472 51848 27437 32842 49536 97627 80562 54058 115981 125113 78194 63983 55479 77480 103890 100020 41921 31926 3758 42175 42795 88071 94536 38670 87027 68019 41318 49828 77112 115119 122137 30807 40505 104249 21691 24516 75280 77957 4088 57854 105795 24230 102413 106188 113826 95973 80852 99498 95626
43251 93325 85213 24110 43235 56071 79201 116922 123193 71197 105846 92713 95230 19015 46390 52404 93353 110205 93167 54662 126846 121030 110721 22326 108741 74250 101095 47273 41889 33959 113132 39079 36057 67257 92476 73983 82789 24609 52790 65482 89401 97682 84020 82249 79285 50226 79234 11200 117311 74540 117656 59398 81879 98905 103257 28866 108469 26082 46300 107732 69084 98337 104921 120627 96520 95304 117953 67718 115595 87598 57972 76775 108303 129783 121117 59598 110141 105798 96718 63443 11375 117785 19887 61898 120900 33017 104068 38555 76862 95073 102665 78507 145450 31308 125058 86986 18518 50682 60166 88396 15532 151348 106393 0 67609 70652 37005 65387 84389 49586 42495 23392 86021 16756 65367 90967 84131 60129 40930 22333 36400 100353 77261 62530 61889 113582 38519 73260 25887 18710 7294 59650 99158 79600 63131 96088 45305 27771 92130 71735 34186 72784 60586 89031 112473 65392 25909 43704 117765 96232 107327 34691 112075 91703 115411 101257 100294 10204 56507 101315 66311 56634 45831 93119 79272 77034 37112 102310 68319 75802 17144 7584 84863 104300 122967 58593 132406 88033 76407 36952 29521 92119 10334 41781 30824 71730 107273 81342 33012 148134 98920 77003 104146 140095 71710 140324 18778 83221 19554 93228 74759 81570 43251 38555 19471 105798 72293 63443 85869 93698 56437 52271 102916 96520 78068 86708 47273 24609 105458 17741 82249 44873 12484
24577 58368 61155 91622 29155 20402 12347 93541 83131 20455 68343 47768 56306 59899 23971 17708 34794 74041 42013 25717 68286 56944 94317 77220 41490 41332 65793 41766 28482 101554 51965 106592 103408 3867 53725 13502 94095 81929 60820 19166 60561 76030 51731 100215 23775 17765 99660 58160 96343 54322 64418 119557 41437 55325 39626 96380 77868 91535 37249 97200 49929 60679 70566 69163 29039 27695 95986 39293 68283 46804 112604 100146 76753 71999 78792 117113 75637 82583 67002 104169 76443 55975 48235 81209 66220 35889 68260 96164 83667 93525 82151 11123 94445 98314 102458 40593 85667 19367 36434 87318 61619 92054 63639 67609 0 30584 38577 80386 93828 35747 55481 90725 20117 79638 8270 23692 75988 16533 103993 82815 68012 85608 42481 39399 36397 79910 38691 27834 74788 83447 60611 38659 31549 59122 35459 61617 57298 49229 56219 53301 50208 33193 34799 42193 98320 58491 90510 33623 92350 63596 50237 42913 57894 60192 84883 61568 96968 73818 14404 52425 38953 60680 59272 39687 42781 30021 103498 66254 31950 51591 84163 67158 49148 48910 97317 53193 81604 32061 14650 41076 38841 88437 77757 67827 38524 80453 40227 20525 48458 81679 85026 34630 60023 81976 22295 73071 49414 69356 54604 26379 62461 17227 24577 96164 87035 82583 58092 104169 53830 68233 14114 18275 62240 29039 43039 39586 41766 81929 58238 50730 100215 39663 55207
38891 29260 30571 93732 48512 46574 29934 63482 57350 50983 40782 22884 28556 71190 43581 25396 62946 46267 22577 51600 56641 54507 124345 87337 50496 10757 37276 64826 46076 101987 44718 108145 105667 34349 25688 20130 67297 75642 39681 48909 30253 45500 21502 74689 53972 36189 74921 64926 66068 83381 47023 109869 12956 30020 63649 96551 48619 88834 59869 126675 21185 32706 101141 50213 42431 43872 126417 10457 46081 19139 100167 76282 47689 97537 53950 105910 47372 52276 37105 86197 75751 79901 55911 58731 50250 48564 40059 87395 56752 121585 51639 31561 75510 101498 72471 71045 88900 40861 63993 58241 71414 80964 38336 70652 30584 0 56433 56527 66574 59740 76135 93426 45064 86285 38175 44190 46401 44473 97855 90942 85161 55051 12054 13710 11780 51572 57497 4693 86933 89103 65316 15164 46634 28813 10108 32577 78720 63789 27265 24039 67911 63431 11832 18521 67736 31838 87169 54576 62553 34165 37345 60259 85901 30309 55878 34547 125438 79618 23363 30910 10887 37806 80654 22960 12768 7242 107577 96818 3150 21309 84127 73449 19536 33994 67677 29132 62318 19872 21354 59390 42973 58852 80727 86798 40826 54526 48380 49581 65562 97136 54505 6559 35339 69607 9160 86344 56947 39305 52179 47664 33336 25719 38891 87395 88075 52276 29141 86197 23683 37809 39019 40932 35743 42431 73330 16087 64826 75642 87992 58406 74689 61737 59030
17566 85050 82090 58690 9423 21121 50900 116517 113782 35451 97064 78853 84926 22992 14718 31208 57311 102418 75819 18293 105893 95513 81196 39782 79250 64703 93231 12802 10740 69273 90043 73101 69557 36625 82037 49588 98453 58825 62494 29919 84109 97024 76254 101312 43513 22009 99335 25822 118228 40776 100128 95872 69387 86268 68257 64721 103668 63087 9855 80441 66273 88972 69713 104307 66658 64574 86748 59319 101646 75571 92740 98197 102969 92960 110317 95364 103276 104861 91599 92522 48089 81796 18741 79762 102520 10258 96121 73753 89608 71184 102982 49461 129969 64067 125446 49982 52318 19218 23571 97999 25630 130071 94677 37005 38577 56433 0 81305 99206 12891 19834 57379 53178 44155 33236 59214 89554 25779 77781 46167 29796 103605 67199 55818 53566 107361 1920 56693 36620 48384 29898 53313 68336 77754 53907 88311 22634 11355 83225 69828 11902 35779 51640 73799 116782 68899 62844 6849 116296 89475 87002 4338 75126 85172 111024 90964 75872 39561 34132 85781 58173 64794 24490 74441 68579 60282 68353 66668 55579 71343 53960 33388 75322 84973 121609 61492 116802 67527 51594 2960 22234 100642 45518 30571 24748 84962 78229 46696 9923 113872 102525 62755 91523 119623 52690 107212 19477 85439 35093 60759 76769 55450 17566 73753 55475 104861 72861 92522 78455 90645 24672 20335 92175 66658 41477 71100 12802 58825 68544 19961 101312 9371 27409
70382 55598 42274 77588 79246 86181 84738 60789 78847 97539 64594 65114 60262 79544 77337 64741 115179 66124 71695 89094 102139 107022 162138 87707 106791 49478 59777 93946 76134 80446 95957 87231 86624 83151 58898 74927 17666 50324 19995 93191 48214 45818 49871 20393 103310 73674 19317 68990 59535 120627 88525 68254 57296 66628 118542 75967 60103 65216 89958 161736 36699 60539 145948 88571 98886 100104 166904 46225 80528 59110 55369 19913 60800 151987 79425 62309 64596 52324 52302 34359 61195 135051 66782 4961 92573 71149 61951 52479 12452 152081 48111 85842 107397 85184 67008 118580 76371 78118 100861 25239 77227 123090 69978 65387 80386 56527 81305 0 19044 91883 97993 78468 99035 80835 85107 99625 27362 86983 65058 86641 98476 42351 51283 43188 45822 66226 83175 61215 90999 80925 65773 42794 103045 37545 47274 56397 101188 80534 56010 35442 87717 107012 46861 65572 51599 25185 62897 84418 62861 54747 86346 82667 138257 51642 64931 64032 156924 75135 66662 73365 45646 19714 102556 74117 53097 62838 91461 142090 53566 40952 67243 72462 53391 82367 67205 27776 96657 74661 76756 83550 59074 29493 70730 102889 56631 7864 104633 100894 85368 153582 40746 58485 70022 111976 64862 142610 66934 32061 50030 103045 28964 81768 70382 52479 71768 52324 31039 34359 50110 46952 80494 79285 65910 98886 116114 65059 93946 50324 137500 67692 20393 90375 61891
87038 56762 43830 95597 96386 102165 96257 50253 73637 112317 62543 69047 61881 98511 93975 79709 128307 62405 76964 105532 103381 111531 179456 106697 114820 57472 58413 111675 93250 97595 100233 104279 103992 96969 61374 86330 2578 68174 36755 108422 49184 40679 53924 11802 117392 89544 14830 87984 47884 137682 89163 80212 63705 68436 130152 93419 54775 82591 107486 179450 45396 60798 161762 88047 108551 110287 183784 56191 79484 63684 66712 18796 55887 163995 75471 73715 60283 44793 50596 43180 79810 146465 85450 22661 93183 88968 59838 68095 10192 170275 40481 97673 103110 102976 54560 133411 94787 94227 117673 13854 96239 121865 69519 84389 93828 66574 99206 19044 0 109193 116475 96592 111163 99669 99484 110750 24078 102429 80419 105467 117418 32847 58408 54686 57632 60700 101040 71052 110037 99598 84808 55177 112816 41121 58784 56443 119664 99113 57860 42815 106204 122677 59098 70993 38024 35391 80266 101835 52992 54174 90165 100843 151470 52435 57715 64017 175041 94071 80998 76031 56043 34950 121089 79925 59750 71771 109132 157759 64003 47098 85464 91497 57843 86244 56358 40925 93994 82206 87816 101580 77017 17466 89456 121755 74459 14283 112612 114252 103815 161536 31410 66790 70574 111367 75581 150093 85659 31702 68947 114223 33866 92284 87038 68095 89919 44793 37678 43180 53364 45005 95928 95252 65726 108551 132089 71203 111675 68174 151877 86471 11802 108085 80842
22868 88981 87863 70367 12883 15394 47319 122158 116446 26150 100397 80932 88124 33887 16552 34706 46795 105951 76567 10289 103991 91604 70291 49322 73499 69199 97015 6132 16011 81004 87538 84393 80756 32771 85303 48574 108634 71716 72481 21413 89101 103057 80744 112130 33735 23576 110376 38388 124240 28852 99910 108679 72491 88524 58656 76670 108194 75638 3347 70440 72901 92363 56957 104493 61108 58513 75150 64593 102878 78529 105629 109489 107336 81089 112546 108241 107109 110600 96378 104986 60788 71035 31625 90735 101866 21415 99782 86639 99342 62873 109150 45481 129961 75183 131165 37684 63968 18905 10683 106815 36990 127558 96994 49586 35747 59740 12891 91883 109193 0 20395 68942 46000 55082 28498 52632 97529 19789 90475 56266 34530 110617 71352 61933 59331 111311 11169 58982 45144 59423 42598 59760 62063 84102 59330 92295 21777 22430 87004 76531 18757 23555 57365 75557 123816 77150 75487 7535 121609 93773 85935 14972 63030 89705 115506 93944 67177 51180 36384 86882 63624 74346 23719 74658 72417 62212 78982 53832 59551 77181 66347 45364 79224 84443 126851 69980 116994 67245 50152 12648 33325 109133 57618 33107 35491 94911 72789 38122 18348 104346 109662 65573 93594 117654 54205 98565 32368 92675 47586 53550 84272 52919 22868 86639 67570 110600 80134 104986 82965 96129 22105 19038 94945 61108 28609 72841 6132 71716 55876 32831 112130 5479 40300
37252 104867 101827 58151 27884 35496 67386 136231 133470 46094 116836 98361 104668 23544 33163 50789 65349 122214 94894 30627 123719 111868 68323 33803 93891 84534 113043 14318 30084 68557 107444 70659 66899 52783 101785 67707 115497 66969 80168 41698 103929 116687 96088 117427 53230 40780 115094 32704 137863 33619 118860 100996 89089 105835 77832 65076 123500 66735 18296 65838 85878 108744 64316 123227 81501 78902 75461 79141 120955 95261 100449 113495 122804 96741 129913 101793 123095 124571 111425 104424 53640 88869 31385 95869 121046 29247 115925 81027 107232 54456 122603 65633 148843 61304 145137 53376 51984 36993 26481 116381 27102 147527 114273 42495 55481 76135 19834 97993 116475 20395 0 56457 66308 41786 48669 72994 108525 40061 82082 41204 15005 122966 87017 75563 73361 127188 18643 76181 28473 46091 37155 73012 82437 97388 73727 108133 3197 17548 103030 89398 10276 40476 71442 93206 136101 87848 67187 22227 136062 109308 105274 16567 78415 105006 130856 110681 59485 40017 53428 105013 77986 82856 4752 93296 88375 79689 63950 62337 75367 91090 56977 36005 95130 103518 141380 80371 135746 86129 69493 16888 40083 119245 47547 12731 42812 102396 93183 58133 12668 123222 121840 82388 111056 137428 71929 118096 31415 104772 48819 73821 96032 72706 37252 81027 56888 124571 92235 104424 98289 110412 41439 37651 111858 81501 41594 90493 14318 66969 69111 30942 117427 15832 38025
66211 114461 105202 1890 64923 77785 102463 135004 144036 92664 126830 115027 116795 35101 68676 75791 114664 130838 116000 75635 149880 144406 121362 23756 132006 96188 121943 65312 64032 12168 136409 15922 12695 90169 114129 97374 94581 28479 70400 87020 109869 116427 105284 91817 100765 73154 88276 32769 134872 90069 140284 47748 104158 120890 125239 8985 128271 16208 65597 116841 89679 119620 120772 143030 119715 118391 129692 89652 137604 109674 51713 85011 128271 150026 142348 50508 130518 124384 116921 65668 18721 139157 42545 74132 143632 55419 124872 34649 90778 102524 120892 101702 167489 8075 142632 106578 5110 73156 78968 103223 31958 174328 128063 23392 90725 93426 57379 78468 96592 68942 56457 0 108670 14688 87996 113872 101112 82112 29305 16957 44864 117514 99210 84344 84031 133699 58549 96257 29725 10497 30131 81523 122247 99429 85381 117031 58497 46554 113446 91948 51071 92495 82886 111622 128763 84258 18168 64227 136219 116905 130392 54156 131959 112438 134921 122698 107786 17823 79892 123789 88247 74475 58273 116110 101288 99996 14339 118736 90950 96530 11270 24135 106503 127275 141257 78170 154573 111236 99797 56552 52913 107283 13064 50465 54181 85779 130570 103400 50807 170528 115991 99655 126044 163014 94935 163080 41376 101515 41341 116001 93566 104946 66211 34649 6702 124384 91721 65668 106995 113370 78995 74701 124428 119715 96364 109388 65312 28479 124154 40125 91817 63696 35854
42860 68401 74369 109712 44333 32131 15175 103776 88145 20702 75994 55356 65082 75921 40065 37825 18462 81574 47405 36089 63916 48105 88915 92947 28022 55352 74642 51998 44755 119920 47174 124592 121257 19134 63014 24952 111679 101719 79908 24611 72409 88228 63835 118409 16113 35908 118149 75901 107099 54046 64402 139482 52592 62153 19694 114886 87074 110709 48574 93527 66051 69298 61026 69718 16524 13243 88493 55147 71331 56563 132701 118924 85737 52989 83193 137151 83647 93728 77710 124079 95469 36194 66228 100239 65007 53251 76601 116098 101139 93162 94110 13523 93123 115977 112341 31250 103566 35522 41789 103303 78154 85380 69589 86021 20117 45064 53178 99035 111163 46000 66308 108670 0 96620 20678 6985 91437 27417 123597 99159 80469 98803 55595 56553 53669 87808 52695 41013 89694 100657 78833 56422 16365 73573 52425 71352 67324 64491 66229 69069 63623 31653 52377 50078 110793 75855 109809 46921 102042 73730 49512 57289 40927 71200 93469 69201 95685 91262 34429 56947 55173 79363 69169 44156 55199 41571 120790 56588 47333 66189 102912 84675 60500 49785 106584 71389 81343 37023 23810 55084 58187 103865 95913 79039 58158 98365 27694 9561 62405 62209 98474 46837 65832 76821 35903 54419 67379 84193 74332 7605 78376 20734 42860 116098 105484 93728 74132 124079 65655 80148 29675 33997 69342 16524 39491 48003 51998 101719 44549 68577 118409 51098 73857
55109 109850 101944 16428 52365 65050 91721 133638 139756 79606 122394 108684 111606 21271 56596 66105 101378 126827 108625 62429 141892 134891 107068 9760 121127 90514 117682 51106 51894 26773 127597 29376 25698 78661 108822 87608 97918 34454 69342 74059 106073 114430 100525 96532 87661 61877 93279 21905 133977 75404 133283 61264 97909 115072 112398 23474 125201 27488 51759 102822 85766 114808 106099 136458 108654 107050 115249 84008 131712 103741 63497 90458 125021 136106 137573 63278 126808 122542 113419 74048 20392 125824 31796 77021 136403 43773 120661 44910 92649 88830 119385 90744 161503 20106 141732 92543 10574 61215 64840 104486 18557 166442 122703 16756 79638 86285 44155 80835 99669 55082 41786 14688 96620 0 76073 102188 100673 69553 42363 5808 30416 116950 93508 78898 78094 130281 45132 88568 15600 4376 20971 76005 110893 96344 79263 112659 43810 32967 108603 88458 36809 78566 76699 104776 128944 82126 28705 50938 134506 112862 122368 40598 117945 108326 132158 117669 94106 6745 70121 117132 82606 73238 43598 108341 95477 92378 24225 104094 84118 92450 18401 12940 101232 119511 139700 75349 148394 102832 89967 42991 43819 108306 10566 36075 45636 87528 119828 90733 36771 157954 115502 92738 120349 155308 86534 150979 30625 99931 36241 104090 91499 94843 55109 44910 16424 122542 89049 74048 102410 110444 67078 62685 119298 108654 82021 102371 51106 34454 109822 29209 96532 49727 27258
22339 66428 68660 89034 24049 13173 18835 101457 91400 13057 76560 56025 64485 55592 19478 20513 31169 82254 50254 18244 75637 63204 86305 72773 46036 48844 73937 34613 24181 99249 59090 103918 100592 4565 61875 21758 99589 81816 65237 10943 68353 83671 59540 105229 18243 15488 104424 55228 104174 46072 72370 119742 49475 63588 38568 94228 85947 90242 30379 89031 56598 68855 63377 77193 33452 31346 88244 46249 76491 54948 113631 104629 84856 69031 87056 117744 83819 90392 74938 106861 74957 54241 45554 85520 74042 32579 76436 96427 89293 85256 89813 16985 102352 95329 110402 33990 82893 14875 28279 93724 57681 99072 71907 65367 8270 38175 33236 85107 99484 28498 48669 87996 20678 76073 0 26149 82688 8756 103413 78787 61879 92977 50188 45737 42738 88092 33020 35762 69848 80068 58166 44637 35124 66305 41992 69695 50255 44378 64292 60077 44367 25264 40996 50452 105815 64400 89410 27513 100339 71621 58010 37492 53641 68119 93004 69798 88703 70626 18522 60663 45764 65543 52207 47873 50618 38134 100201 59143 39240 58805 82305 64024 57097 56863 105346 58585 89593 40218 22784 35436 38034 95074 75236 61231 38310 85796 45074 17168 42862 82784 92331 42600 68293 89257 30277 75085 46703 76329 54462 28040 69077 24689 22339 96427 84824 90392 64696 106861 61671 75968 9012 13388 70488 33452 35159 47837 34613 81816 52470 47899 105229 32873 53266
47719 65201 72250 114847 50159 38360 14947 100255 83211 27645 71917 51643 61526 81734 45612 41028 22658 77396 43275 42585 57344 41179 94912 98883 21081 53941 70954 58676 50314 124923 40702 129783 126514 23715 59665 24701 111423 105570 81007 31330 69789 85542 61462 118549 22957 40749 118520 81139 103734 60881 58561 143091 50153 58054 19540 119809 83355 115189 55104 99797 65375 65619 66319 63934 9660 6267 94061 54562 66080 53521 135794 119536 81960 53426 78147 140486 79589 90602 74602 126070 100053 35715 71332 101161 58928 58545 72727 119702 100869 99849 91280 14222 86841 121311 108648 37200 108783 40975 48732 102165 83826 78499 65110 90967 23692 44190 59214 99625 110750 52632 72994 113872 6985 102188 26149 0 90118 33616 127676 104936 87003 96418 53809 56604 53851 83676 58845 39809 95820 106150 83863 56831 9465 71990 52471 68002 74091 70451 63059 68167 69947 38572 52765 46616 108036 75729 114187 53146 98353 70479 43758 63400 43470 68292 89495 65217 102268 96651 37293 52305 54766 80113 75952 39881 53152 39726 126277 61905 46764 64790 107683 90023 57920 44386 102728 71853 75304 33255 22985 61251 62501 102440 101001 85723 62216 98404 20711 16466 68628 58037 96195 44990 61373 70092 35183 49429 72499 82653 78278 3474 77421 18598 47719 119702 110432 90602 73294 126070 63141 77445 35115 39523 65197 9660 46168 44785 58676 105570 48748 73751 118549 57634 78654
74666 32690 19963 100529 84723 87857 76275 34294 51892 95745 39026 45292 37817 94396 81260 64617 109329 39636 53504 91998 79351 87638 166635 105941 92083 36186 34639 101096 81654 104899 76336 111731 110652 79499 37403 66530 25878 74330 31342 92640 25132 18556 30529 35232 99747 75499 37310 84627 33794 124757 65171 95601 41059 44366 109658 100031 32969 89614 96452 167712 26096 36754 146024 64258 86844 88920 169892 36736 55783 40213 82724 40491 33789 143534 52947 89670 37837 25022 26823 61094 82739 125638 79519 32242 69204 79473 36314 78871 17725 160228 20893 77954 80922 108459 41538 116506 98207 80436 104603 12232 92875 98380 45624 84131 75988 46401 89554 27362 24078 97529 108525 101112 91437 100673 82688 90118 0 87169 91430 106390 112489 16403 36441 37036 40007 39095 91210 50458 108099 101644 82469 38534 91122 18285 40696 32400 111607 92148 33834 22688 98557 107274 41827 47688 28429 20680 87355 90681 36004 30193 66231 92078 132301 28360 37569 40019 164659 94322 64880 52003 37035 27538 113272 56620 37411 50428 114884 141820 44359 25330 89893 90249 34477 62338 40688 28155 70942 59665 67651 92271 68552 12472 91464 116002 65796 19960 89871 95781 96060 138496 14893 45205 46539 87677 55555 126903 80045 7881 65697 93579 13634 71523 74666 78871 94489 25022 18006 61094 29702 21213 80868 81154 41761 86844 117050 48202 101096 74330 134095 81165 35232 97552 77256
18995 73375 74484 83268 17217 4745 27587 107950 99245 11733 83980 63718 71789 48635 13845 22795 33568 89648 58401 9508 84389 71827 80082 65561 54120 54860 81097 25916 18240 93673 67845 97998 94565 13186 69094 29919 102321 78444 66988 6386 74700 89659 65974 107321 19491 13563 106210 49495 110473 38913 80937 116404 56460 71323 43171 88817 92883 85649 21822 82204 61283 76136 59350 85696 41608 39224 82780 51489 84724 62176 111176 106072 91865 71042 95030 114863 91087 96683 81559 106223 70318 57793 40265 86901 82684 27142 83695 93303 92265 77550 95818 25706 110952 89183 116943 31865 77004 10223 20055 97717 51013 107817 79720 60129 16533 44473 25779 86983 102429 19789 40061 82112 27417 69553 8756 33616 87169 0 99414 71870 53568 98444 56514 50180 47255 95350 25281 42659 62281 73677 52840 48661 42900 71629 46768 76676 41564 37116 71280 64865 36335 20273 45383 58185 111459 67980 85007 19536 107011 78462 66669 29873 54408 74749 100047 77295 81201 64469 22335 68811 50817 67816 43508 56171 57178 45394 93773 55330 45078 64246 77246 57986 63834 65427 112108 61605 98133 48573 31182 27675 34933 99389 69634 52688 35819 88433 53288 21290 35024 88460 97694 49498 76164 98013 37364 81491 41356 81256 51487 35011 73545 33402 18995 93303 79423 96683 69195 106223 68155 82168 6508 8649 78091 41608 29909 55520 25916 78444 51147 42406 107321 24340 48515
81143 112396 100880 27440 83203 95749 114359 125569 140135 110893 123858 116553 115816 58803 85582 86907 132971 126838 119692 94961 153770 151970 149126 52084 143227 97373 118813 88167 81410 21884 142554 27044 28492 104466 113524 107254 78041 22462 64773 105184 106374 108985 104015 72875 118871 87925 69015 52103 124529 115049 142261 18994 106047 121043 141942 20938 122460 15351 87207 145120 87754 117727 145613 143991 131752 131173 157024 91247 137280 110598 23060 65136 122824 170030 139523 21203 125917 116284 112472 41767 29694 157156 59708 60139 146005 72511 121516 12587 77292 131192 112280 114148 166547 30655 132050 127680 31937 89440 101083 90115 55247 177430 126960 40930 103993 97855 77781 65058 80419 90475 82082 29305 123597 42363 103413 127676 91430 99414 0 45955 72527 107208 100256 85973 86688 128386 79360 101660 57962 38925 47890 83553 134946 95118 88291 114352 84570 68648 111911 88987 74742 113499 86151 114380 116572 79224 15053 84359 127423 113559 134951 75616 152569 109452 128248 121123 136466 42226 90871 125604 89948 68689 84713 120656 102432 105025 34810 143115 94904 94430 25115 46261 106220 131365 131990 75124 154361 117395 109699 77862 65428 94417 34569 78218 65486 72919 141486 120170 73777 185656 105608 103214 125723 165946 101945 176921 58748 94068 49405 130335 87627 115232 81143 12587 25952 116284 87133 41767 105270 107933 94867 91062 122991 131752 118994 112622 88167 22462 146317 57998 72875 85803 51091
58457 115029 107361 18841 54831 67264 95020 139253 144956 81463 127586 113488 116667 23241 59354 70014 102942 132089 113152 64259 146167 138624 104553 7410 124268 95519 122912 51813 54663 28253 131614 29533 25766 81612 113863 91368 103709 39869 75051 76028 111401 119993 105693 102256 89440 65068 98980 26092 139637 74668 137868 64618 102762 119989 114317 25927 130615 31640 53004 99916 91115 119940 105220 141153 111733 109982 113011 89040 136584 108655 67755 96120 130408 136901 142680 67088 132121 128115 118782 79280 26044 127281 35698 82817 140919 46960 125896 49583 98456 85567 124996 93938 166316 20221 147386 93282 14179 64020 65567 110281 21197 170717 127709 22333 82815 90942 46167 86641 105467 56266 41204 16957 99159 5808 78787 104936 106390 71870 45955 0 28402 122647 98499 83988 83081 135637 46938 93060 13156 7200 25842 81091 113807 101795 84205 117877 42874 34817 113739 93866 37606 79506 81635 109459 134684 87718 33104 52800 140084 118137 126665 42323 118648 113597 137609 122753 90829 12142 73968 121838 87643 78927 42403 112751 100438 96878 22891 103436 88866 97757 23187 17559 106297 123897 145292 80876 153174 107050 93691 44676 48169 114092 16202 33876 50146 93334 123041 92859 37952 159993 121205 97435 125285 159654 90809 153356 34557 105553 41662 106692 97082 98430 58457 49583 20449 128115 94567 79280 107607 115895 69853 65431 124358 111733 82287 107014 51813 39869 110031 33102 102256 50817 32088
46906 112917 108297 46685 39084 48859 80222 142314 142267 60619 125231 107904 113308 18968 44455 60485 80303 130391 105360 44418 135680 124891 76667 21158 107683 92487 121110 28734 40504 56585 119758 57804 54044 65703 110408 79377 116142 60658 82411 55930 111081 122637 103813 116858 67967 51804 114140 29598 143545 46933 129809 91503 98017 115174 92696 53796 130798 57339 31903 72636 91918 117181 77173 133896 95174 92757 84848 86600 130916 104206 92681 112044 130254 111546 139078 93124 131009 130701 118651 99842 46350 103874 32970 95686 132264 36604 124060 73481 108828 59145 128323 78631 159557 48568 151047 68311 40987 48810 41464 119081 21653 159817 123489 36400 68012 85161 29796 98476 117418 34530 15005 44864 80469 30416 61879 87003 112489 53568 72527 28402 0 127769 95188 82418 80595 134959 29395 85886 15249 34382 33303 79669 96384 103397 81232 116093 15566 21487 111230 95259 17908 55480 78779 103027 140681 92079 58216 34446 142476 116987 116791 25537 93225 112544 138115 119424 64410 30700 63691 115170 85332 85607 14600 104106 96764 89569 50429 75625 83939 97736 47718 28916 103351 114724 147808 84615 146363 97281 81360 27068 44748 122320 38401 5692 47470 103798 106850 72629 19954 138169 126521 91631 120482 149411 82184 132878 32462 109679 48473 88042 100864 85077 46906 73481 46627 130701 97427 99842 105958 117002 53918 49765 120751 95174 56327 100355 28734 60658 83577 31401 116858 29375 36586
87834 32504 24558 116926 98017 99712 83749 18443 41293 105924 33179 46722 37297 109985 94118 76598 117156 31433 55611 104221 75035 86631 178485 122022 94823 44294 30358 114622 95034 121193 75571 128026 126996 89333 38142 74549 35289 90631 47616 103453 26702 11540 34993 44612 108985 87781 47631 100433 17453 136877 60784 110283 46291 43141 115757 116363 23020 105897 109841 180133 37722 34492 156173 58566 91658 94218 181093 46955 49913 43260 97111 51455 24376 149245 43749 104122 28957 12223 23561 74505 99137 131069 94844 47311 64590 93737 30700 94623 30831 173490 8180 85676 70784 124849 25164 126092 114604 92743 116883 19189 108620 90988 41259 100353 85608 55051 103605 42351 32847 110617 122966 117514 98803 116950 92977 96418 16403 98444 107208 122647 127769 0 43452 48778 51526 28527 105169 58327 124003 117988 98453 50859 95856 26822 51798 30619 125983 107057 34397 34088 113193 118100 53473 50676 13205 35738 103627 104104 20679 27941 65521 106417 139619 28673 24947 36891 177749 110553 76187 51034 47653 43721 127716 59063 43638 57270 131270 151861 53741 34221 106293 106335 38503 61969 24856 43164 62633 63881 75204 106413 83355 15390 107823 131047 80593 34531 92649 104350 110687 139846 1604 52044 43410 81123 63817 127983 95439 18196 81690 99786 26976 78186 87834 94623 110889 12223 30746 74505 33277 19306 92411 93272 38179 91658 127985 52016 114622 90631 142729 96617 44612 111142 93084
49839 17851 18895 99309 59742 58526 40451 51436 47179 62923 30044 16303 18309 80121 55000 36713 73832 35261 20750 63489 53813 55932 136396 95545 56459 3022 26037 76253 57142 106788 45075 113216 111032 46284 15443 31104 59478 78690 37661 60953 18199 33553 9477 67642 65594 47779 68417 72878 54017 95414 42029 110511 6174 21685 73338 101383 36842 92822 71301 138718 14676 22009 112956 44111 50447 52480 138412 9563 38400 10515 99787 70328 36000 107172 44376 105964 36079 40226 25132 83437 80908 89221 64525 54328 45749 58686 28945 88992 49140 133491 39671 42310 68286 107262 60431 82748 94977 52558 75950 48607 79953 77178 29211 77261 42481 12054 67199 51283 58408 71352 87017 99210 55595 93508 50188 53809 36441 56514 100256 98499 95188 43452 0 14876 15418 40186 68395 14881 95700 95951 72659 17688 54726 18204 14344 21119 89712 73704 16062 16025 78368 75451 16914 14768 55929 26169 90965 65871 50554 22434 35979 70830 96515 18381 44159 24454 137392 86769 35107 25351 10970 34744 91617 22893 2176 14096 113523 108610 11803 11329 89226 80945 8165 32098 55709 26411 55377 23854 31846 70156 51546 48665 86953 97204 49112 47813 54257 60898 75954 103266 43014 8820 26889 65694 20398 91970 65471 28861 57995 57254 24544 35263 49839 88992 93433 40226 20967 83437 11680 25780 50986 52723 25955 50447 85347 13842 76253 78690 99286 66896 67642 73063 66416
39297 31156 26272 84435 49491 51090 41836 60703 61075 58783 43716 30972 32712 66438 45397 27875 73640 48488 33790 55481 67798 67600 129944 81328 64178 11856 39206 66168 46593 91943 57369 98353 96158 42747 29947 31932 55136 64147 25978 55604 28662 41283 21826 61966 63145 39012 61926 58642 62505 88198 56636 97074 20204 36546 75773 86532 48380 78079 61315 131394 11143 35965 109010 58925 55734 56916 132951 5367 53260 25375 86965 63054 47854 109496 58691 92870 48842 49052 36233 72505 66034 92214 50759 45162 60251 46500 42196 75024 44609 124785 47314 43121 83145 92393 69647 79667 80136 43976 68142 48003 66002 91583 43867 62530 39399 13710 55818 43188 54686 61933 75563 84344 56553 78898 45737 56604 37036 50180 85973 83988 82418 48778 14876 0 3007 52673 57234 18362 81811 81237 58159 2898 59874 22173 4139 34144 78440 61004 29773 14766 66315 70242 4797 28411 61952 19313 76257 55630 60501 34749 49142 59057 96797 30244 55699 38772 128998 72154 27860 39948 4002 24148 80269 35051 16982 20678 98662 104823 10597 15527 74355 66466 22339 45465 65821 15527 70252 33252 33646 58723 37958 49362 72138 84901 35368 41853 62072 59663 63837 110736 47894 17589 41711 80108 21675 100017 51632 31151 43176 60050 23402 38583 39297 75024 78557 49052 19034 72505 23852 34854 43945 44544 40403 55734 80031 26684 66168 64147 97633 53019 61966 62759 51967
36817 32511 28627 84190 46993 48244 39032 63052 62311 55786 45011 31004 33640 64976 42782 25074 70679 49954 33027 52696 67189 66171 127088 80184 61972 12442 40654 63678 44141 91950 56162 98282 95993 39740 30808 29155 58053 64670 28106 52640 30612 43754 23272 64782 60140 36263 64673 57504 64966 85381 56472 98263 20136 37016 72951 86525 50284 78324 58800 128611 14029 37119 106025 59015 53236 54317 130034 6068 53708 25712 88421 65718 49687 106634 59709 94212 50449 51423 38154 74543 65893 89412 49324 47637 59988 44437 43632 75969 47537 122147 49828 40270 83576 92098 72024 76662 79720 41223 65359 51008 64684 91187 44628 61889 36397 11780 53566 45822 57632 59331 73361 84031 53669 78094 42738 53851 40007 47255 86688 83081 80595 51526 15418 3007 0 54368 54935 16286 80466 80566 57240 3386 57342 24808 1674 35604 76200 59133 30985 17624 64254 67285 1966 27954 64676 22245 76560 53147 62743 36398 48264 56909 93840 31949 57629 39763 126325 71356 24924 39848 4745 26556 78048 34007 17390 18965 98316 101834 8635 17889 74248 65528 23307 44688 68050 18063 70578 31613 30937 56490 36408 52350 71656 82932 33895 44701 59890 56681 61790 108392 50674 16528 42268 79735 19130 97774 50238 34022 42727 57288 26375 35976 36817 75969 78373 51423 22001 74543 25387 37099 41052 41749 41319 53236 77085 26009 63678 64670 94630 51648 64782 60301 51000
90025 22366 28500 133455 99901 97879 74066 19001 12947 100007 11821 32644 23607 119078 95088 76819 106063 6296 40444 103016 48985 63653 174067 133550 76463 42666 14306 116349 97325 139379 53542 146125 144518 83770 26258 66815 63003 109255 64223 99035 24269 20560 31175 72492 100979 87753 75207 110944 23261 134102 35425 134154 38959 25662 101679 134190 6129 124410 111392 177110 44522 19238 148387 31996 76722 79913 175102 48362 23837 33181 121520 78785 5562 133493 15320 128407 4273 16329 16864 100188 114980 115349 103397 70985 38737 98656 11660 116025 56599 172854 20420 76286 42417 141521 25844 118039 130040 92429 115222 46847 118526 62701 19015 113582 79910 51572 107361 66226 60700 111311 127188 133699 87808 130281 88092 83676 39095 95350 128386 135637 134959 28527 40186 52673 54368 0 108576 52726 134339 132150 110035 55502 80521 34273 53745 19071 129896 113488 24308 41880 118421 112992 56181 38151 32305 49798 122278 106016 16113 17972 44448 110938 126820 22435 6252 18652 176551 123578 74933 31795 49628 60151 131798 43798 38942 49996 147951 143953 51927 37935 122894 118318 32137 41812 19464 55529 34251 50792 66522 110316 90631 43552 122458 137199 88034 59035 74470 95279 115984 118142 29723 45934 22583 53272 57991 106192 104246 34567 94042 86679 40873 67556 90025 116025 127388 16329 42079 100188 29010 20545 90320 92467 18486 76722 122733 40574 116349 109255 132259 105615 72492 113201 104006
18610 86243 83502 59895 9706 20566 50969 117936 114839 34540 98193 79800 86026 23886 15092 32178 56251 103576 76581 17333 106318 95628 79285 40403 79055 65938 94414 10886 11510 70501 90363 74207 70636 36572 83142 50031 100302 60572 64317 29093 85431 98477 77506 103199 42556 22571 101234 27320 119690 38865 100787 97518 70452 87247 67388 66013 104950 64596 8040 78564 67766 90101 67877 105026 66472 64302 84829 60640 102505 76628 94507 100105 104231 91627 111315 97076 104473 106286 92902 94422 49666 80712 20537 81655 103121 12073 97291 75483 91422 69401 104454 49464 130680 65120 126879 48512 53510 19419 21849 99738 26679 130424 95674 38519 38691 57497 1920 83175 101040 11169 18643 58549 52695 45132 33020 58845 91210 25281 79360 46938 29395 105169 68395 57234 54935 108576 0 57622 37000 49398 31470 54764 68038 79228 55235 89514 21326 12177 84397 71333 11522 34311 53000 74695 118354 70569 64395 5864 117678 90718 87526 4627 73726 86439 112306 92043 74067 40727 34950 86606 59514 66582 23222 75127 69738 61173 69286 64861 56728 72751 55399 34660 76499 85571 122985 63178 117533 68129 51983 2416 24101 102353 46847 29824 26591 86790 78082 45959 9844 113055 104102 63770 92484 120049 53501 106555 21239 87017 36997 60291 78369 55693 18610 75483 56809 106286 74432 94422 79712 92031 24663 20417 93228 66472 39777 71988 10886 60572 66959 21668 103199 7453 29167
39146 30735 33769 96636 48347 45169 25839 65717 57501 48282 41512 22181 29251 72684 43219 25489 59101 47130 20099 50346 53623 50413 122065 89153 45820 14344 38450 64311 46118 105127 40942 111184 108613 31679 26495 16270 71822 79352 44308 46651 32760 48353 23929 79300 50727 35661 79571 66975 68512 81510 44856 114016 13801 29678 59317 99695 50259 92254 59372 124688 25662 33560 98147 48426 37780 39288 123817 15082 45031 19620 104493 80958 49216 93216 53764 110162 48472 54761 39185 90803 78859 75491 57685 63422 47858 49437 41087 91398 61288 120128 54438 27593 73969 104313 74648 67897 91638 40094 62495 62416 73126 78094 38138 73260 27834 4693 56693 61215 71052 58982 76181 96257 41013 88568 35762 39809 50458 42659 101660 93060 85886 58327 14881 18362 16286 52726 57622 0 88453 91536 67646 19667 41996 32574 14631 34028 78648 64695 28628 28362 68376 60981 16106 17142 70790 36474 90647 54285 64578 35881 34149 60670 81926 32369 57393 34975 123848 81958 22807 29356 15570 42484 80604 19862 14973 3820 110312 93790 7765 25177 87222 75666 21337 31041 69597 33817 60746 15750 17204 59629 44906 62865 83438 87226 42941 59144 43711 46030 66093 92444 57870 6853 34876 66838 5560 81665 58761 43181 55207 43282 37613 21252 39146 91398 91071 54761 33495 90803 26006 40468 37619 39979 35965 37780 70851 14472 64311 79352 84432 60227 79300 61366 61383
51290 112932 106620 31570 45859 57562 87130 139725 142777 71002 125465 109793 114010 15769 50849 64005 91918 130299 108462 53962 140472 131471 91644 5971 115824 92816 121016 40157 46309 41347 125246 42628 38862 73114 111140 84632 108507 48384 77025 65799 110107 120155 103625 108133 78798 57369 105118 23648 140510 61698 133216 76857 99353 116692 103744 38695 129689 43023 42026 87258 90144 117582 92167 136877 103231 101191 99981 86530 133002 105435 78893 102628 129324 124888 140071 78848 130602 128301 117633 88098 33873 116029 31178 87659 136015 39828 124004 60037 102190 73232 125513 85825 162371 33353 148179 81326 26110 55507 53764 113331 15815 164930 124734 25887 74788 86933 36620 90999 110037 45144 28473 29725 89694 15600 69848 95820 108099 62281 57962 13156 15249 124003 95700 81811 80466 134339 37000 88453 0 19305 25682 78938 104956 101316 81382 115954 29919 25569 111449 93206 26438 67835 78827 105349 136527 88401 44133 42785 140244 116509 121142 32422 106581 111979 136873 120153 78507 17587 67715 117715 85174 80623 29344 107678 97494 92254 35533 90463 85217 96475 33687 18551 103743 118668 145536 81167 149154 101434 86835 34610 44174 116890 24827 20770 46591 97069 114758 82729 27345 149458 122645 93492 122029 154121 85531 143371 30233 106308 42420 97291 97592 91184 51290 60037 32019 128301 94610 88098 105663 115304 61168 56767 121642 103231 69934 102780 40157 48384 97558 28818 108133 39669 30940
58881 112022 103725 12303 56469 69205 95462 134930 141874 83831 124535 111325 113939 25575 60602 69548 105649 128857 111541 66671 144997 138371 110943 13339 124921 92943 119768 55478 55905 22476 130899 25006 21339 82566 111183 91108 97765 33086 70394 78264 108013 115876 102722 95957 91897 65705 92608 25417 135135 79709 136126 57699 100509 117581 116596 19415 126966 24454 56096 106534 87695 117043 110392 139191 112482 110939 119224 86415 134260 106265 60572 89644 126836 140463 139824 60002 128754 123956 115288 72270 19801 130106 35378 76941 139308 47648 122738 42395 92922 92367 120698 94535 164099 15761 142900 96907 7019 65196 69209 104967 22756 169535 125097 18710 83447 89103 48384 80925 99598 59423 46091 10497 100657 4376 80068 106150 101644 73677 38925 7200 34382 117988 95951 81237 80566 132150 49398 91536 19305 0 23929 78355 114788 98065 81787 114769 48064 37249 110837 90275 41182 82919 79236 107547 129783 83538 25904 55187 135899 114881 125466 44884 122309 110357 133845 119967 97637 9732 73594 119868 85008 74359 47804 111359 97954 95334 20134 108415 86849 94442 16070 16360 103572 122540 141054 76935 151032 106007 93486 47280 47022 108865 10244 39999 48697 87822 123589 94891 41125 162113 116516 95508 122831 158349 89686 155045 34198 101231 38218 108101 92918 98434 58881 42395 13260 123956 90635 72270 104562 112146 71062 66686 121626 112482 86397 105184 55478 33086 114198 32817 95957 54079 30159
36149 89234 81911 31013 35944 48777 72335 114461 119168 63905 101796 87730 90827 14554 39117 45851 86061 106360 87682 47407 121070 114641 105459 23695 101878 69678 97155 40610 34601 41089 107013 45981 42825 60148 88021 67451 83390 30059 51344 58189 85771 94995 79894 83677 71992 43114 80892 4510 115106 68259 112321 66127 76971 94169 95978 36073 105130 33251 39348 102896 65548 94119 98426 115487 89587 88292 112376 63198 110786 82835 63933 78748 104868 122544 116848 65983 106454 103142 93206 67462 18196 110491 12629 62706 115459 25744 100143 44611 76691 90794 100216 71573 140555 37848 122808 79849 25105 43438 53232 87682 11658 145611 101868 7294 60611 65316 29898 65773 84808 42598 37155 30131 78833 20971 58166 83863 82469 52840 47890 25842 33303 98453 72659 58159 57240 110035 31470 67646 25682 23929 0 55261 92148 76444 58373 92111 40131 21282 87920 68421 28136 65654 55804 83806 110898 62979 32949 36532 115111 92430 101540 27822 104879 87887 112204 96916 95959 14314 49932 96162 61802 54965 40886 87451 74603 71450 43362 95702 63150 72108 24437 8311 80458 98629 120371 55868 127436 82082 69855 30019 23135 91216 17150 38279 24769 71586 100449 74064 26691 140908 97075 71767 99459 134436 65758 133177 11503 80898 16772 86077 72251 74925 36149 44611 26666 103142 69455 67462 81828 90521 49214 45021 98518 89587 71162 81403 40610 30059 98427 10446 83677 38042 6288
37016 34047 28830 81630 47211 49346 41953 63219 63970 57636 46609 33673 35602 63588 43262 26096 73180 51362 36140 53600 70247 69515 128176 78434 65311 14666 42086 63864 44270 89212 59450 95598 93375 41867 32830 32135 55495 61622 24788 54241 31430 43714 24714 61988 62302 37096 61766 55749 64926 86356 59282 94958 22852 39372 75814 83796 51146 75432 59041 129472 13141 38863 107727 61660 56450 57459 131357 8129 56087 28160 85059 62705 50645 109411 61589 90870 51692 51560 39002 71184 63253 92303 47907 44469 62858 43883 45076 72739 45028 122632 49697 43107 85974 89577 72136 78624 77293 42055 66246 49156 63127 94139 46743 59650 38659 15164 53313 42794 55177 59760 73012 81523 56422 76005 44637 56831 38534 48661 83553 81091 79669 50859 17688 2898 3386 55502 54764 19667 78938 78355 55261 0 60532 24483 5056 37024 75914 58281 32671 16771 63682 68829 4067 30912 64057 19839 73634 53328 63091 37597 51435 56481 96346 33082 58452 41667 126895 69261 26449 42610 6727 23375 77729 37233 19769 22338 95835 103578 12018 18130 71586 63568 25228 47816 68418 15025 73055 34984 33997 56203 35139 50730 69282 82213 32532 41990 63235 59080 61198 111677 49921 19733 44556 82673 22358 101097 48772 33017 40320 60251 24942 39125 37016 72739 75767 51560 20637 71184 26728 37468 42336 42699 43293 56450 78562 29074 63864 61622 96808 50155 61988 60425 49069
56044 63781 72338 123160 59170 47642 20623 97949 78688 37067 68987 49695 59610 90662 54458 48039 28875 74231 40884 51976 49648 32434 102188 107882 11667 55375 68673 68119 59144 133101 33472 138126 134922 32232 58117 29037 113690 112663 85198 40790 69178 84637 61364 121290 31956 49129 121555 89610 101647 69691 52548 149835 50233 55311 21291 127920 80874 122885 64497 107502 67553 63431 72703 57978 4279 3856 100679 57075 61149 52596 141994 122869 79402 53526 73468 146941 76599 88983 73183 131045 107886 35295 79722 104978 52398 67140 70120 126496 103186 108296 90102 20834 79675 129792 106017 44825 117179 49787 58154 103318 92643 69819 61592 99158 31549 46634 68336 103045 112816 62063 82437 122247 16365 110893 35124 9465 91122 42900 134946 113807 96384 95856 54726 59874 57342 80521 68038 41996 104956 114788 92148 60532 0 72839 55827 66302 83551 79502 61726 70001 79227 47623 56528 45229 106842 78467 121785 62391 95794 68897 38201 72561 46657 67272 86549 62538 110514 105217 44087 48737 57502 83893 85415 37370 53717 41046 134886 68364 49511 66008 115674 98566 57590 39566 99872 75378 68722 31985 26840 70450 70249 103198 109296 95163 69732 101138 11528 25624 77851 51678 95790 46093 57949 61907 38217 42066 80898 83426 85583 9604 79055 21450 56044 126496 118581 88983 75139 131045 62803 76606 43968 48395 62249 4279 54733 43854 68119 112663 53909 82191 121290 67028 86751
61455 18213 5829 99182 71651 72905 58399 38951 45188 79305 28770 28236 22728 86478 67561 49844 91661 31856 35864 77457 64619 70739 151663 100104 73946 18231 23727 88321 68734 105207 59484 111929 110273 62784 21394 48804 42471 75277 30395 76690 11331 19313 12894 51208 82713 61060 52511 77713 40478 110076 50989 102577 22824 29088 91526 99986 28910 90332 83479 153352 11527 23367 129620 51226 68561 70662 154315 20146 43459 22625 90669 54970 28848 125372 44408 97305 31228 27312 17596 71577 80709 107425 70916 41535 55034 68179 26398 82997 32594 146943 25227 60166 71730 107248 47784 99705 95802 66016 90115 30499 85579 85739 32866 79600 59122 28813 77754 37545 41121 84102 97388 99429 73573 96344 66305 71990 18285 71629 95118 101795 103397 26822 18204 22173 24808 34273 79228 32574 101316 98065 76444 24483 72839 0 25000 19523 100323 82208 18476 8151 87907 91349 26770 29872 39909 15898 88234 77783 39099 18469 49559 80831 114495 14596 35815 26878 151132 89682 49365 36006 20832 26431 102119 38804 19127 32264 113678 125339 27173 7534 88624 84660 16762 45588 44427 21260 60115 41436 49764 80628 58650 30462 88283 106234 55931 32369 71734 78393 85409 120518 26074 27008 32579 74533 37863 109015 71655 10663 60133 75441 8585 53418 61455 82997 93115 27312 7992 71577 12705 14101 65590 66506 28780 68561 101224 30140 88321 75277 116805 72951 51208 84896 70579
36972 31729 28535 85560 47115 47915 37697 62896 61422 55049 44171 29649 32640 65837 42781 24863 69572 49200 31454 52462 65632 64502 126715 81201 60353 11434 39905 63793 44312 93395 54511 99704 97387 38872 29784 27794 59256 66242 29722 52040 30203 43731 22582 66104 59228 36100 66054 58537 64911 85081 55031 99922 18784 35810 71634 87966 49802 79833 58892 128352 14612 36221 105339 57650 51706 52836 129539 5416 52473 24483 90095 67154 49157 105361 58713 95881 49777 51299 37703 76182 67302 88075 50215 49162 58517 44937 42870 77605 48723 122081 49838 38986 82319 93451 71888 75849 81036 41048 65118 51865 65622 89674 43531 63131 35459 10108 53907 47274 58784 59330 73727 85381 52425 79263 41992 52471 40696 46768 88291 84205 81232 51798 14344 4139 1674 53745 55235 14631 81382 81787 58373 5056 55827 25000 0 34873 76534 59752 30132 18135 64735 66701 2572 26459 64909 23432 78083 53276 62499 35776 46661 57329 92723 31375 57156 38778 126214 72531 24442 38438 4304 28099 78396 32383 16236 17291 99651 101127 6962 17866 75664 66647 22365 43105 67791 19551 69288 29939 29521 56843 37256 53091 72951 83469 34791 45991 58266 55639 62283 106811 50990 14924 41089 78229 17611 96165 51149 34500 44053 55916 27090 34496 36972 77605 79765 51299 22709 76182 24735 36890 40641 41512 40297 51706 76529 24464 63793 66242 93693 52570 66104 60450 52116
70956 3318 14175 116928 80831 79044 56912 32446 27105 81936 9799 16609 6767 100543 76033 57758 89800 14354 25480 84131 46951 56373 155932 115427 64416 23651 5062 97294 78254 123529 45184 130169 128312 65484 8347 48889 58278 94042 49586 80619 8253 19079 12340 67601 83513 68725 69508 92751 35763 115538 32795 122099 20236 12615 86869 118225 16253 108897 92338 158694 27385 4355 131094 32253 62216 65058 157359 29548 24134 14973 110168 72443 15189 119826 25418 116820 14967 22691 7080 90687 98392 101592 84873 60647 36840 79693 8052 102341 49551 154064 23979 59052 52268 124979 41145 100698 113120 73432 96432 43562 100146 66726 13586 96088 61617 32577 88311 56397 56443 92295 108133 117031 71352 112659 69695 68002 32400 76676 114352 117877 116093 30619 21119 34144 35604 19071 89514 34028 115954 114769 92111 37024 66302 19523 34873 0 110832 94609 5404 25504 99426 94805 37358 21386 40609 35229 106864 86949 30899 2683 35064 91916 111472 4933 23372 7704 157839 105923 55935 20533 30862 45732 112736 28992 19887 31599 131359 126684 32857 20515 106515 100420 13077 31416 35740 39540 40603 34773 48892 91268 72000 41744 105329 118233 69456 50418 62265 78129 96999 109232 30931 27181 14139 55720 39433 97379 85761 25201 76551 71224 27842 50684 70956 102341 110914 22691 27364 90687 10300 11892 71480 73507 9543 62216 104628 23350 97294 94042 115879 87154 67601 94136 85978
39888 107557 104711 60225 30301 37104 69051 139130 136022 46895 119463 100820 107271 26302 35495 53338 65490 124870 97173 32065 125583 113380 65429 35465 95074 87263 115722 15648 32645 70538 109216 72398 68632 54469 104394 69748 118690 69839 83339 42762 106735 119611 98832 120622 53775 43112 118286 35705 140800 31797 120999 103517 91667 108321 78145 67209 126272 69220 20059 62790 88821 111373 62378 125427 82766 80076 72718 81944 123308 97827 103208 116679 125557 96007 132406 104438 125787 127472 114216 107475 56370 88702 34577 99065 123116 32246 118592 83790 110411 51282 125545 67240 151013 63062 148050 52890 54136 39148 26665 119522 29835 149270 116771 45305 57298 78720 22634 101188 119664 21777 3197 58497 67324 43810 50255 74091 111607 41564 84570 42874 15566 125983 89712 78440 76200 129896 21326 78648 29919 48064 40131 75914 83551 100323 76534 110832 0 20740 105701 92354 13471 40429 74273 95620 139129 90927 69738 24459 138927 112044 107285 19568 77691 107764 133628 113262 56324 42402 55857 107343 80804 86009 1983 95501 91037 82116 65451 60566 78025 93967 59455 38660 97808 105612 144241 83456 137947 88263 71473 19717 43212 122368 50004 12151 45934 105580 94432 58916 15851 123334 124867 84925 113520 139274 74298 118494 34599 107793 51999 74778 99065 74520 39888 83790 59199 127472 95244 107475 101038 113276 43352 39712 114413 82766 40780 92904 15648 69839 68025 34110 120622 17705 41148
26202 91430 86999 47954 20336 32473 61574 121158 120802 46708 103748 86598 91843 11710 25280 39496 68411 108904 84390 29505 115551 105996 84947 28456 90287 71000 99624 19520 20761 58587 100039 62118 58523 47558 88944 59410 98083 51285 63040 41227 89661 101497 82334 99891 54732 31930 97547 16809 122516 46980 108999 87169 76602 93808 79547 54243 109373 53585 19083 83005 70696 95701 77190 112933 77697 75717 91488 65126 109686 82785 85206 95954 108810 103481 117657 87226 109529 109519 97227 87495 39135 92859 13837 78343 111602 15260 102574 65893 89998 71985 107263 60256 138568 52988 129951 60113 41557 29939 32726 99493 14601 139905 102089 27771 49229 63789 11355 80534 99113 22430 17548 46554 64491 32967 44378 70451 92148 37116 68648 34817 21487 107057 73704 61004 59133 113488 12177 64695 25569 37249 21282 58281 79502 82208 59752 94609 20740 0 89744 74096 7403 45977 57307 81812 120087 71550 53598 18016 121230 95516 96391 7636 85456 91082 116700 97964 76988 28763 42943 94039 63866 65902 22030 83314 75291 68422 57109 74541 62496 76384 44128 22972 81867 94119 126563 64053 125352 76736 61549 10034 23705 102501 35239 24039 26466 85108 89202 58042 5491 125194 105861 70290 99127 129252 61237 118566 13888 88890 31295 72060 80086 65746 26202 65893 45175 109519 76495 87495 84483 95689 35623 31212 99307 77697 50501 79162 19520 51285 78109 13514 99891 17342 20887
65813 2184 14166 113410 75631 73672 51677 37685 31332 76550 14039 12334 4252 95952 70789 52532 84689 19202 21215 78774 46247 53884 150535 111085 60439 18755 10032 92049 73090 120303 42593 126884 124919 60086 3776 43534 59525 91181 47349 75215 8722 22986 8163 68654 78197 63445 70293 88397 40884 110137 32516 120389 14833 10724 82077 114960 21655 105855 87091 153290 24260 6207 125784 32872 57586 60324 151992 24919 25462 9693 108759 72994 20588 115235 28987 115300 20125 27549 11544 90036 94889 97014 80308 60005 36563 74747 12896 100084 50259 148688 28381 53798 54722 121437 46451 95391 109421 68125 91053 45563 95661 67335 15049 92130 56219 27265 83225 56010 57860 87004 103030 113446 66229 108603 64292 63059 33834 71280 111911 113739 111230 34397 16062 29773 30985 24308 84397 28628 111449 110837 87920 32671 61726 18476 30132 5404 105701 89744 0 22982 94428 89409 32662 16536 45137 33356 103872 81735 36234 7522 32457 86881 106520 5823 28767 9306 152451 101859 50628 18172 26278 43665 107613 24673 14667 26205 127784 121378 27678 17488 103089 96230 7906 28614 41118 36801 42468 29936 43584 86184 67375 44196 101541 113266 64879 50578 58261 72867 92015 105863 34515 21783 14191 56084 34028 94085 81223 26176 72649 66322 27060 45522 65813 100084 107432 27549 25745 90036 6643 15113 66109 68178 11124 57586 99236 18285 92049 91181 110722 82631 68654 88915 81738
53771 23411 13497 91765 63962 65852 53966 47067 52178 73132 35208 30004 27014 78334 60030 42640 86785 38916 36254 70241 67636 71580 144703 92057 72361 14706 30213 80596 61001 98116 60538 104788 103012 56825 24980 44117 43728 68538 24368 70175 17941 27401 15410 51687 77059 53762 52399 69619 48488 102963 54661 97506 21898 32750 87661 92839 36749 83416 75791 146150 3637 28741 123446 55618 65737 67494 147645 14067 48438 23889 86079 54312 36568 121557 50897 92529 38580 35443 25028 68358 73247 103852 62766 38754 58626 60165 33074 77109 33284 139404 33222 55550 77564 99830 55863 93835 88204 58726 82901 34265 77456 89860 38010 71735 53301 24039 69828 35442 42815 76531 89398 91948 69069 88458 60077 68167 22688 64865 88987 93866 95259 34088 16025 14766 17624 41880 71333 28362 93206 90275 68421 16771 70001 8151 18135 25504 92354 74096 22982 0 79854 84835 19532 30132 47285 10773 81372 70066 47249 25057 51029 72833 109828 20698 43783 32140 143662 81774 42530 38651 14352 20740 94135 38706 17716 28957 106241 119220 21780 5767 81271 76660 18410 47062 52576 14039 65444 39814 45393 72683 50513 35147 80584 98128 47790 31791 70166 73138 77353 119204 33163 24028 37026 78479 33182 107959 63508 16399 52220 71641 9307 49611 53771 77109 85719 35443 5144 68358 16376 22115 58675 59307 34014 65737 94659 29660 80596 68538 111419 64806 51687 77139 62514
29246 96196 92507 52611 21184 31590 62472 126830 125213 44582 108351 90493 96291 16170 26549 42895 65551 113629 87651 27642 117773 107138 77632 30582 90360 75775 104393 14299 22635 63228 101867 66183 62494 48030 93395 61470 105221 58192 69940 39450 94866 107220 87252 107178 52361 33909 104870 23626 128341 40369 112009 93452 80841 97853 77306 59216 114526 59513 15594 75610 76380 100269 70871 116159 77796 75530 84306 70147 113382 87034 92005 103314 113892 99377 121856 93784 114388 115172 102405 94824 45541 89775 21183 85612 114417 19820 107312 72628 96984 64626 113075 60942 141823 56888 135691 55775 46247 30936 28050 106233 19628 141917 106229 34186 50208 67911 11902 87717 106204 18757 10276 51071 63623 36809 44367 69947 98557 36335 74742 37606 17908 113193 78368 66315 64254 118421 11522 68376 26438 41182 28136 63682 79227 87907 64735 99426 13471 7403 94428 79854 0 41909 62370 85508 126290 77898 59703 16861 126771 100475 98903 7719 81173 96105 121876 102368 69612 33628 45953 97558 68940 72677 14903 86315 79838 72007 60418 68423 66890 81809 49878 28546 86524 96871 132099 70407 128646 79425 63454 9167 30017 109146 40676 18886 32767 92137 89437 56372 2506 123022 112037 74308 103133 131503 64496 116995 21280 94999 38679 71228 86226 67212 29246 72628 50453 115172 82511 94824 89432 101149 36157 31936 103629 77796 45294 82819 14299 58192 73083 20914 107178 13279 28229
37373 91560 93870 93922 31129 20932 40273 126695 115576 13071 101347 80609 89411 57424 30749 43066 25162 107049 74127 19276 95247 79748 61127 72403 59215 74075 98938 27724 33634 104558 78430 107910 104258 29328 86871 46199 122541 93915 87031 14666 93615 108918 84800 127384 15667 33337 126169 61600 129434 22572 94384 131405 74628 88069 38084 100203 111054 98866 26901 64263 81287 93785 39087 99512 48176 44832 63015 71220 99871 79960 127526 125890 109929 57549 111005 130580 108721 115654 100165 124638 83825 48402 53952 106741 95464 41884 101362 108906 112520 62057 115064 38007 123829 98673 135628 14203 87523 29017 14097 117942 60545 117031 96228 72784 33193 63431 35779 107012 122677 23555 40476 92495 31653 78566 25264 38572 107274 20273 113499 79506 55480 118100 75451 70242 67285 112992 34311 60981 67835 82919 65654 68829 47623 91349 66701 94805 40429 45977 89409 84835 41909 0 65448 75029 131000 88239 98601 29141 125537 96788 79554 38454 39479 93349 118044 94533 64975 74734 42399 84413 70641 87990 41962 71394 75872 63207 102326 35110 64414 83886 89710 68871 82315 79134 130510 81876 111585 63714 46697 36085 52232 119549 81105 52576 53699 108648 59132 22107 41795 82921 117414 67801 92539 108344 55464 78460 54843 101190 68197 38080 93641 46941 37373 108906 91066 115654 89275 124638 86927 101231 26756 27761 95104 48176 9900 72496 27724 93915 33075 55519 127384 28841 62681
34857 34234 30585 83080 45031 46322 37885 65005 63966 54033 46699 32162 35204 63295 40816 23132 69218 51697 33720 50752 67913 66338 125172 78631 61492 13993 42399 61716 42184 90978 56501 97263 94923 38083 32351 28070 59460 64028 28710 50814 32506 45719 25044 66031 58505 34310 65828 55966 66929 83448 57471 98038 21304 38373 71752 85547 52157 77499 56836 126668 15922 38765 104234 60148 52464 53429 128156 7821 55028 27043 88395 66772 51541 105364 61279 94098 52237 53380 40035 74986 64854 88239 47664 48506 60926 42559 45369 75590 48971 120183 51793 39046 84866 90957 73980 74951 78522 39271 63415 52728 63062 92024 46103 60586 34799 11832 51640 46861 59098 57365 71442 82886 52377 76699 40996 52765 41827 45383 86151 81635 78779 53473 16914 4797 1966 56181 53000 16106 78827 79236 55804 4067 56528 26770 2572 37358 74273 57307 32662 19532 62370 65448 0 28855 66629 23716 75771 51185 64683 38209 48842 55004 92384 33781 59505 41341 124363 69968 23063 40909 6571 27414 76125 34511 18808 19073 97146 100055 8779 19851 73221 64077 24917 45339 69987 19092 71823 31689 29945 54566 34715 54138 70428 81071 32238 46008 59434 55160 59911 107752 52615 17155 43655 80592 18409 97235 48594 35927 41549 56184 28193 35104 34857 75590 77301 53380 23828 74986 27180 39042 39155 39808 42865 52464 75234 26792 61716 64028 93007 50012 66031 58342 49546
56270 18638 27949 111862 65334 61198 35956 53723 41068 61994 26388 5583 15003 89589 60134 42614 68497 32082 6126 66494 39396 41450 136012 105840 44601 17321 24583 81053 63185 119833 30432 126109 123739 46015 13052 28848 72326 92530 52418 61354 24097 39409 17161 80933 62834 52530 82018 83447 57133 96514 28662 125101 8606 13144 65550 114402 37010 106278 76143 139259 29305 19249 110293 31694 41069 43788 136952 23144 27889 7568 114507 84191 35699 98718 36998 120640 33907 44016 28061 98136 93696 80503 74396 68827 32071 66552 26675 103341 62304 135656 44910 38160 57030 119697 62263 79921 107176 56778 78232 59861 89890 63239 21542 89031 42193 18521 73799 65572 70993 75557 93206 111622 50078 104776 50452 46616 47688 58185 114380 109459 103027 50676 14768 28411 27954 38151 74695 17142 105349 107547 83806 30912 45229 29872 26459 21386 95620 81812 16536 30132 85508 75029 28855 0 61671 40670 104509 71196 51965 23876 21211 77799 90086 22045 43559 19546 139153 98097 39778 12392 24432 49506 97584 8942 12710 13522 125836 105865 20712 24695 102067 91958 13213 17343 56555 41167 43823 13410 28406 76729 61480 59120 99031 104349 59347 61534 42396 57197 83232 90810 50671 12040 18050 51782 21373 79223 75441 39808 70290 49845 37642 29534 56270 103341 106119 44016 34688 98136 18132 31393 53760 56521 20078 41069 84702 2720 81053 92530 94628 76902 80933 78211 77518
101039 43064 37169 128073 111222 112812 95868 14906 43487 118704 40491 57196 47363 122738 107312 89740 129220 37096 66086 117359 81180 94742 191530 134352 104895 56999 39016 127826 108239 131744 84045 138561 137746 102081 48725 86902 40601 101305 59699 116375 38386 22567 47057 48969 121517 100938 52519 113037 11140 149983 67335 117967 58212 52496 127181 127080 28501 116450 123046 193261 50917 43891 168862 64234 102717 105457 194013 59988 55876 54529 104539 56643 30090 160363 47221 111560 34366 18222 33661 81169 110629 142137 107723 56468 70836 106886 38459 104016 39280 186689 16768 97861 71897 135897 16656 138677 126089 105899 130020 26463 121272 94269 48865 112473 98320 67736 116782 51599 38024 123816 136101 128763 110793 128944 105815 108036 28429 111459 116572 134684 140681 13205 55929 61952 64676 32305 118354 70790 136527 129783 110898 64057 106842 39909 64909 40609 139129 120087 45137 47285 126290 131000 66629 61671 0 48603 114150 117308 18259 37977 74275 119561 151425 39749 26808 45608 190939 122650 89249 60141 60730 55953 140852 69595 55912 69464 142276 164526 66587 47216 117499 118662 50293 71016 19733 56080 65890 75057 87413 119582 96398 22156 119567 144046 93635 43787 102765 116702 123785 148798 14262 64317 51661 85351 76324 136861 108288 31344 94126 111346 40071 90080 101039 104016 122090 18222 43922 81169 45160 30646 105477 106409 46521 102717 140895 63296 127826 101305 154991 109439 48969 124345 105669
54339 33528 21688 83916 64297 68233 61063 51551 61044 77352 44641 40764 37493 74251 61057 45196 92916 47714 46767 72101 78406 82059 146703 86643 81728 24294 39596 80551 61202 89591 71101 96348 94804 61703 35608 51138 35825 59488 14509 73756 27162 32338 26094 42869 82138 55696 43103 64784 52130 104776 65366 87044 32253 43407 95003 84423 44158 74615 75958 147496 11525 38825 127258 66173 74254 75697 150327 21393 58778 34636 75440 44615 44282 128774 60299 81951 46972 40425 33387 57608 65561 111405 59129 28171 69346 58799 42293 67134 25296 139703 37292 62402 87497 91971 59830 98389 80840 60569 84606 29859 72930 100514 48249 65392 58491 31838 68899 25185 35391 77150 87848 84258 75855 82126 64400 75729 20680 67980 79224 87718 92079 35738 26169 19313 22245 49798 70569 36474 88401 83538 62979 19839 78467 15898 23432 35229 90927 71550 33356 10773 77898 88239 23716 40670 48603 0 72489 70189 52383 34339 61701 71398 116080 30303 50676 42298 144185 75577 46046 49423 21014 10535 92596 49055 28053 37819 98417 123157 29041 16533 73300 71002 29182 57745 57576 7497 75657 49486 52744 71604 47909 31984 73560 95466 45149 22704 79558 78876 75398 128565 34455 33335 47516 89160 40582 117508 59710 17920 46291 79190 9380 57461 54339 67134 77836 40425 7909 57608 26868 29279 61545 61408 44195 74254 97864 39996 80551 59488 116644 60881 42869 76992 57461
67073 104605 94063 16639 68542 81208 101318 121617 133398 96371 116579 107208 107556 43815 71162 73855 118502 120072 109488 80212 143682 140504 134594 38439 130530 87991 111573 73118 66878 17595 131555 24419 23753 90729 105078 94763 78119 13078 58065 90652 99207 103840 95782 74630 104398 73955 70981 37100 121080 100031 132892 33819 96459 112321 127814 13154 116566 2326 72207 130843 79634 109899 130573 135060 118764 117972 142333 81618 128872 101459 34793 67543 116748 155344 132269 34916 119439 111545 105822 47512 14801 142799 44995 58277 136492 57951 114403 16612 75344 117215 107790 100951 158550 23014 128775 112794 18997 75164 86075 88060 40252 167747 118837 25909 90510 87169 62844 62897 80266 75487 67187 18168 109809 28705 89410 114187 87355 85007 15053 33104 58216 103627 90965 76257 76560 122278 64395 90647 44133 25904 32949 73634 121785 88234 78083 106864 69738 53598 103872 81372 59703 98601 75771 104509 114150 72489 0 69472 123131 106382 124508 60599 137776 102068 122832 113174 122491 27600 77902 116203 80258 62151 69951 110127 93122 94184 28945 128064 84368 86477 10503 31266 97566 121083 127980 67333 145989 106239 97220 62859 51691 92249 19876 63902 52055 70522 128874 105958 58725 171996 102058 92922 117242 156291 90357 163578 43995 88788 36410 116721 81477 102674 67073 16612 12709 111545 80289 47512 97258 101739 80713 76783 114993 118764 103975 102545 73118 13078 131351 43176 74630 70775 36507
16335 83650 81769 65539 6162 14798 45783 116169 111745 28691 95358 76433 83119 29718 11068 29205 50478 100832 72718 11493 101657 90448 77725 46261 73499 63564 91767 10538 9070 76121 85521 79938 76386 31258 80260 45518 101239 64997 65096 23229 83321 96891 75151 104640 36725 18667 102863 32554 118109 36385 96633 102307 67479 83961 61533 71557 102644 69772 5771 77666 66453 87281 64240 101010 60934 58682 82676 58622 98852 73606 98800 101959 101853 86157 108046 101624 101859 104559 90701 97603 54689 74958 24896 83224 98829 13928 94595 79970 92030 69548 102941 44186 126619 70888 125155 43325 59167 14771 17726 99733 32442 125613 92423 43704 33623 54576 6849 84418 101835 7535 22227 64227 46921 50938 27513 53146 90681 19536 84359 52800 34446 104104 65871 55630 53147 106016 5864 54285 42785 55187 36532 53328 62391 77783 53276 86949 24459 18016 81735 70066 16861 29141 51185 71196 117308 70189 69472 0 115752 88294 83089 10490 68375 84117 109987 89054 73997 46408 31479 82885 57580 67049 26434 71079 67077 57708 75114 61003 54093 71035 60720 40233 73879 81297 121028 62937 113529 63902 47351 8193 25790 102143 52345 34265 27963 87552 72578 40097 15489 107193 103104 60664 89134 115381 49854 100703 25747 86060 40271 54524 77554 50777 16335 79970 62298 104559 73483 97603 77370 90165 19509 15502 90155 60934 35383 68478 10538 64997 62069 26384 104640 7196 33633
99468 34059 34264 135756 109590 109079 87767 3375 25589 112736 26877 46737 36962 125539 105115 86908 120447 22057 55148 114017 64671 79758 186641 138806 92268 52476 27416 126250 106810 140610 69638 147435 146211 96211 39137 79769 55507 110067 65822 111223 32519 20116 41077 64593 114412 98109 67820 116604 7605 145924 51403 130931 50919 40495 116789 135646 14998 125366 121329 189192 50558 32760 161992 47686 91881 94950 188215 57132 39803 45871 117783 71759 16415 149042 29783 124791 19453 11974 25452 95155 117621 130848 110005 67816 54576 106974 25692 114857 51506 184010 15355 89923 53639 143760 10302 131595 133010 102961 126502 39674 124562 76272 34806 117765 92350 62553 116296 62861 52992 121609 136062 136219 102042 134506 100339 98353 36004 107011 127423 140084 142476 20679 50554 60501 62743 16113 117678 64578 140244 135899 115111 63091 95794 39099 62499 30899 138927 121230 36234 47249 126771 125537 64683 51965 18259 52383 123131 115752 0 28772 60438 119556 141732 32265 9891 33268 187940 127942 85597 47311 58201 61757 140764 58612 49836 62390 150206 157580 62238 44977 125102 123234 43247 57660 5333 59265 48041 65144 79791 119211 97731 35627 125876 145231 95019 55094 90239 109001 124283 134253 22264 57741 38189 67718 70075 122305 110733 34723 98548 101471 43008 81463 99468 114857 129682 11974 45662 95155 38878 25651 101539 103199 33577 91881 135389 54116 126250 110067 146591 112017 64593 122935 109388
72209 5339 12834 116759 82158 80722 59198 30168 27139 83967 10302 19220 9435 101184 77434 59146 92187 13976 28110 85765 49215 58977 157905 115847 67089 24781 5259 98686 79530 123173 47807 129845 128056 67460 10828 51013 56056 93496 48798 82527 7195 16401 13227 65424 85700 70196 67413 93199 33371 117357 34991 120936 22160 15253 89407 117896 14454 108442 93734 160565 27244 6776 133289 34173 64797 67611 159443 30390 25867 17214 108875 70421 13566 122422 25973 115573 14095 20142 4398 89087 98229 104190 85503 59089 39017 80699 8022 101463 47517 155743 21318 61319 53310 124819 38958 102899 113072 74950 98131 41159 100694 68541 15478 96232 63596 34165 89475 54747 54174 93773 109308 116905 73730 112862 71621 70479 30193 78462 113559 118137 116987 27941 22434 34749 36398 17972 90718 35881 116509 114881 92430 37597 68897 18469 35776 2683 112044 95516 7522 25057 100475 96788 38209 23876 37977 34339 106382 88294 28772 0 37698 93014 113949 4543 21735 9844 159566 106136 57468 23170 31657 44874 113935 31618 21401 33618 131218 128885 34235 20442 106295 100732 14644 34071 33725 39070 41980 37282 51094 92427 72698 39240 105346 119239 70117 48574 64936 80387 98034 111906 28265 29030 16440 57642 41345 100050 86367 23200 76679 73719 26517 53032 72209 101463 110725 20142 26432 89087 11044 9366 73161 75072 11568 64797 106631 25750 98686 93496 118234 87746 65424 95487 86342
70192 33847 46336 130783 77829 70635 39696 63053 40751 66801 33963 21338 28718 105456 72442 57138 66248 38381 15387 75953 19530 21428 138427 122350 32281 38491 35397 91893 76288 139244 10149 145327 142762 53494 28831 37571 91731 112869 73625 67972 41177 54017 36718 100685 65001 64994 102069 100596 67119 102061 14905 146143 29816 22448 59395 133810 46233 126179 87245 142911 50447 31036 110065 20208 35071 38637 137812 44033 23062 27240 135679 104491 44650 89661 35454 141770 41014 56075 42014 119266 112982 71720 91029 89781 16048 81404 35828 124156 82115 141603 58329 41877 44439 138444 70289 80742 125748 68327 86120 78020 106256 44075 25702 107327 50237 37345 87002 86346 90165 85935 105274 130392 49512 122368 58010 43758 66231 66669 134951 126665 116791 65521 35979 49142 48264 44448 87526 34149 121142 125466 101540 51435 38201 49559 46661 35064 107285 96391 32457 51029 98903 79554 48842 21211 74275 61701 124508 83089 60438 37698 0 91256 84773 38147 50687 28773 144488 115827 53485 14531 45244 70709 109266 14385 33907 30455 144413 105657 40155 45410 121350 109432 33016 3983 63856 62375 32034 19709 35816 89783 78555 76569 117542 117273 76772 81837 30405 58547 96851 74541 65929 31737 22631 33015 35856 62618 92148 58475 89344 46095 57834 33361 70192 124156 125218 56075 55313 119266 36931 46906 63948 67623 27756 35071 88381 22514 91893 112869 91944 93611 100685 89581 95314
21532 88673 85306 55536 13760 25169 55233 119693 117585 39143 100774 82799 88683 19331 19048 35185 60784 106083 79933 21937 110184 99850 80615 35776 83522 68274 96865 12999 14968 66160 94364 69749 66158 40935 85789 53882 99991 57404 64267 33715 87509 100134 79787 102475 47143 26281 100360 23516 121303 41148 104307 93948 73199 90174 71995 61753 107130 60705 11647 79383 69317 92687 70815 108445 70932 68812 86595 62745 105669 79391 91384 99050 106467 95909 114192 93722 106882 108033 95029 92267 45961 85226 17887 80886 106734 12683 99773 72218 91397 69443 106041 53785 134109 60624 128590 52624 49142 23555 25479 100177 22221 134381 98560 34691 42913 60259 4338 82667 100843 14972 16567 54156 57289 40598 37492 63400 92078 29873 75616 42323 25537 106417 70830 59057 56909 110938 4627 60670 32422 44884 27822 56481 72561 80831 57329 91916 19568 7636 86881 72833 7719 38454 55004 77799 119561 71398 60599 10490 119556 93014 91256 0 77926 88671 114485 94748 74258 36348 38236 89841 61564 66768 21310 78610 72266 64295 64720 67971 59294 74579 51380 30417 78976 89191 124878 63939 120930 71747 55903 2399 23918 102944 42659 26563 26585 86657 82518 50586 5605 117671 105299 66635 95447 123913 56777 111181 18395 88225 35073 64882 79498 59784 21532 72218 52616 108033 75680 92267 81977 93911 28988 24664 95991 70932 43378 75108 12999 57404 70822 18568 102475 10221 26190
73401 108666 115250 133395 69452 57334 56098 143688 125345 42691 115139 95077 104978 96870 67734 74118 23167 120525 86588 57616 93825 74654 64045 111432 53941 96270 114366 66882 71492 144033 78996 147313 143643 55139 103135 65772 151839 132355 118578 48152 113097 128892 104626 158104 35534 67617 157545 100927 147195 49170 98806 170156 93338 101313 25383 139679 126738 138130 66377 71491 106715 109039 32965 104225 50197 46917 59555 95820 107782 96954 165473 157965 125322 18326 120119 168953 122800 134067 118060 160297 122977 18168 92864 138943 98240 80244 116062 147310 141355 77849 134685 54354 124216 138044 152016 25402 126997 64618 53123 144092 100017 109828 108024 112075 57894 85901 75126 138257 151470 63030 78415 131959 40927 117945 53641 43470 132301 54408 152569 118648 93225 139619 96515 96797 93840 126820 73726 81926 106581 122309 104879 96346 46657 114495 92723 111472 77691 85456 106520 109828 81173 39479 92384 90086 151425 116080 137776 68375 141732 113949 84773 77926 0 111706 132738 108516 78156 114209 71722 95152 95751 118563 78883 83140 96078 82467 141526 29748 88049 107096 129084 108339 101194 86222 146019 111053 114293 76714 64731 75551 89276 144746 120561 89480 90228 138284 55309 37370 81199 52053 139327 87741 104332 104322 76747 52546 93822 125106 105765 40273 119131 61434 73401 147310 130524 134067 114846 160297 106388 120796 60182 63056 108397 50197 36915 88239 66882 132355 12833 94602 158104 68269 101521
67973 4337 9368 112306 77970 76873 56442 33350 31600 80623 14510 18126 9486 96669 73309 55028 89657 18503 26971 81860 51186 59570 154422 111305 66215 20553 9526 94542 75305 118796 48294 125454 123636 64043 9597 47910 54176 89218 44680 78983 3433 17366 8968 63405 82662 66140 65183 88658 36241 113662 37176 117169 18907 16012 87445 113506 18529 104114 89595 156927 22760 8897 130232 36933 63102 65762 156153 25972 28954 14781 105255 68017 17799 120742 30204 111899 18622 22607 6821 85887 93772 102536 80988 55836 41234 76312 12434 97424 45171 151861 22988 58509 57196 120363 42283 99873 108582 70933 94295 39913 96164 71448 18367 91703 60192 30309 85172 51642 52435 89705 105006 112438 71200 108326 68119 68292 28360 74749 109452 113597 112544 28673 18381 30244 31949 22435 86439 32369 111979 110357 87887 33082 67272 14596 31375 4933 107764 91082 5823 20698 96105 93349 33781 22045 39749 30303 102068 84117 32265 4543 38147 88671 111706 0 25878 12397 155741 101599 53488 23738 27217 40812 109647 30403 17572 30399 126756 125844 30162 15931 101859 96189 11048 34343 37369 34736 45520 35361 48159 88119 68200 38436 100840 114843 65610 45821 64032 77517 93656 111685 28744 25564 18506 60365 37897 99905 81847 20879 72151 71597 22964 50466 67973 97424 106278 22607 22432 85887 6748 9367 69322 71104 14285 63102 103220 23555 94542 89218 115586 83224 63405 91312 81798
93852 26680 30295 134592 103843 102402 79514 12892 16865 105117 17599 38144 28712 121803 99153 80866 111789 12388 46221 107470 54915 69870 179164 135831 82659 46427 19119 120398 101183 140111 59792 146897 145436 88750 31178 71963 60114 109763 64844 103938 27039 19291 34838 69507 106354 91931 72430 113343 17197 138899 41534 133149 43594 31444 107658 135000 7357 125009 115448 182026 46735 24363 153850 37916 82709 85859 180396 51740 29933 38084 120292 76161 8192 139620 20418 127239 9950 12971 19477 98406 116213 121458 106148 69797 44755 102063 16889 115781 54565 177425 17318 81713 46071 142647 19626 123471 131430 96685 119797 43925 121085 67560 25177 115411 84883 55878 111024 64931 57715 115506 130856 134921 93469 132158 93004 89495 37569 100047 128248 137609 138115 24947 44159 55699 57629 6252 112306 57393 136873 133845 112204 58452 86549 35815 57156 23372 133628 116700 28767 43783 121876 118044 59505 43559 26808 50676 122832 109987 9891 21735 50687 114485 132738 25878 0 24290 181211 125498 79201 37872 52935 60743 135507 49626 43126 54872 149092 149423 55962 40477 123975 120442 36342 48012 13327 56926 39127 56454 71792 113969 93542 40308 124009 140556 90893 57461 80655 100757 119415 124371 26323 50550 28679 58545 62772 112423 106952 34202 95947 92541 41440 73074 93852 115781 128511 12971 43253 98406 32622 21715 94838 96801 24343 82709 127834 45880 120398 109763 137977 108291 69507 117182 106280
73435 8771 21762 122677 83023 80053 55419 35432 22850 81513 6847 14005 6146 104572 78017 59926 87502 12536 21945 85275 39371 49742 155549 119947 59504 27348 6625 99205 80619 129607 38732 136183 134206 65414 9034 48334 65890 100470 56467 80730 15819 25492 17448 75243 82344 70528 77188 97266 39226 115866 25153 129321 21595 7228 83525 124261 18342 115160 94255 158731 33551 3512 129735 24564 58613 61690 156483 33742 16582 15447 117526 80141 16864 115869 19947 124132 14451 27386 13735 98284 104162 97655 88978 68232 29186 82841 7582 109238 57246 154844 29560 57642 45452 130699 43523 99390 118644 75044 97279 50975 104400 59062 5989 101257 61568 34547 90964 64032 64017 93944 110681 122698 69201 117669 69798 65217 40019 77295 121123 122753 119424 36891 24454 38772 39763 18652 92043 34975 120153 119967 96916 41667 62538 26878 38778 7704 113262 97964 9306 32140 102368 94533 41341 19546 45608 42298 113174 89054 33268 9844 28773 94748 108516 12397 24290 0 158434 110925 57644 14539 35130 52713 115197 25376 22716 31933 137037 125301 35498 26747 112374 105220 16465 25416 37514 46048 33361 32179 47950 93923 75999 48955 110735 121248 73563 58114 57413 76627 99992 103299 37401 28402 6645 48024 39996 91385 89922 32897 81814 68285 35334 48905 73435 109238 116707 27386 34533 98284 15921 19140 72529 74954 1903 58613 104230 22038 99205 100470 113693 91345 75243 96188 90705
90037 154531 154664 109670 79937 78868 105213 188705 180077 77917 165152 144722 152983 81559 83633 101369 82670 170829 138763 73942 159587 142921 20069 84387 121530 135503 162295 63684 83007 118586 142858 118146 114591 93169 150294 110408 174232 124833 138361 77832 155465 169898 146867 176649 79694 90119 174426 91663 190991 42710 159341 155328 137646 152290 94720 116745 174011 121487 68227 11510 140027 157334 45815 164485 111896 108344 30101 131365 164737 143375 157075 172922 173022 92132 175652 157324 172287 177260 162520 163411 110681 95788 90793 155059 160340 86129 164896 137890 165480 5276 176028 102956 188646 109675 197719 65912 104564 85186 61446 173662 84871 180268 160602 100294 96968 125438 75872 156924 175041 67177 59485 107786 95685 94106 88703 102268 164659 81201 136466 90829 64410 177749 137392 128998 126325 176551 74067 123848 78507 97637 95959 126895 110514 151132 126214 157839 56324 76988 152451 143662 69612 64975 124363 139153 190939 144185 122491 73997 187940 159566 144488 74258 78156 155741 181211 158434 0 95090 102372 149127 130476 140645 55273 136165 138201 126580 109542 48470 125716 144075 111991 93029 144923 144109 193099 136915 176521 128469 111200 73461 98025 176131 102765 58784 100598 160816 121905 86251 71826 130068 176814 130676 156972 172319 118562 130421 90876 159847 108283 100993 151446 111855 90037 137890 110527 177260 147310 163411 149072 162731 86420 84824 159170 111896 56223 136529 63684 124833 65369 90427 176649 67265 97439
49242 103109 95265 19192 47254 60080 85790 127115 133018 74890 115655 101973 104862 17485 51200 59816 96859 120099 101996 57829 135356 128639 106999 12909 115272 83774 110947 47745 46520 29825 121190 33578 30100 73017 102078 81377 92397 30798 62980 69264 99360 107851 93783 91425 82985 56101 88281 15707 127514 73373 126629 61209 91190 108341 107534 25603 118522 26895 47833 103276 79059 108065 104076 129771 102857 101365 114806 77266 124987 97011 61986 85624 118330 132243 130828 62510 120091 115972 106718 70514 16287 121350 25673 71481 129773 38108 113928 42845 86776 89821 112857 84890 154787 24729 135261 88848 12795 55752 61314 98442 14199 159901 115962 10204 73818 79618 39561 75135 94071 51180 40017 17823 91262 6745 70626 96651 94322 64469 42226 12142 30700 110553 86769 72154 71356 123578 40727 81958 17587 9732 14314 69261 105217 89682 72531 105923 42402 28763 101859 81774 33628 74734 69968 98097 122650 75577 27600 46408 127942 106136 115827 36348 114209 101599 125498 110925 95090 0 63862 110444 75864 66833 42495 101758 88741 85764 29680 101831 77425 85731 17154 6662 94488 112934 133150 68738 141685 96335 83756 38741 37328 102203 7726 36367 39059 81646 113923 85738 33175 152927 109119 86057 113615 148739 80021 145677 24492 93417 29555 98665 84940 88712 49242 42845 16920 115972 82431 70514 95671 103783 61614 57266 112554 102857 78860 95705 47745 30798 106610 23125 91425 45985 20591
16803 52618 52444 80601 25560 23624 23488 86333 80282 31334 64038 44965 51771 52099 20414 4109 48806 69575 41698 28431 72760 64780 102298 69188 52659 33133 60633 41562 23445 90105 57702 95544 92564 16609 48937 17523 81077 68577 46873 27793 53099 67671 44560 86731 36657 12884 85978 48225 88665 60773 66133 105872 36127 52483 54015 84799 71914 79099 36612 104095 38950 55991 81282 70213 40900 40337 105115 29266 67557 42204 98521 86275 71018 86293 76569 103196 70727 74909 60225 89766 64343 70379 38340 67224 68671 27924 63399 82499 70806 98413 73822 23361 95877 87735 95347 52417 74951 17498 40992 75599 53128 97219 60944 56507 14404 23363 34132 66662 80998 36384 53428 79892 34429 70121 18522 37293 64880 22335 90871 73968 63691 76187 35107 27860 24924 74933 34950 22807 67715 73594 49932 26449 44087 49365 24442 55935 55857 42943 50628 42530 45953 42399 23063 39778 89249 46046 77902 31479 85597 57468 53485 38236 71722 53488 79201 57644 102372 63862 0 51660 28534 47051 57817 40428 36078 26263 93290 77145 23360 42045 72370 57261 42876 51177 90787 40081 82695 33802 19923 37034 27001 77152 66828 64702 26038 67275 51056 34481 43761 95251 75410 29243 57666 86422 18559 86120 39504 58922 41564 40258 51249 25078 16803 82499 75610 74909 46888 89766 46775 60375 16228 17616 58707 40900 52172 37065 41562 68577 70990 40935 86731 38570 44039
68316 19411 32269 123989 77133 72154 44308 49678 31320 71352 20439 9051 14261 101952 71861 54690 74890 25513 10413 77500 28985 35886 144871 118231 45054 28266 21128 92527 75104 131791 24660 138130 135825 56122 14724 38928 77683 104014 62378 71377 26874 39514 23518 86772 71138 64241 88327 95835 53588 106416 16694 135565 19758 7918 69934 126368 32619 118026 87662 148613 38734 16543 117937 19326 44983 48239 145169 34586 15996 15102 124514 90923 31078 101759 26600 130838 27943 41920 27499 106930 105736 83588 86784 77087 20404 78784 21930 114284 68305 145834 43965 46583 44656 131862 57436 87835 119391 68294 88830 63652 102276 51845 12873 101315 52425 30910 85781 73365 76031 86882 105013 123789 56947 117132 60663 52305 52003 68811 125604 121838 115170 51034 25351 39948 39848 31795 86606 29356 117715 119868 96162 42610 48737 36006 38438 20533 107343 94039 18172 38651 97558 84413 40909 12392 60141 49423 116203 82885 47311 23170 14531 89841 95152 23738 37872 14539 149127 110444 51660 0 35949 59098 109317 13042 23175 25618 138034 113496 33022 32890 114094 104328 20242 10946 51198 51231 31441 20700 37951 88691 73872 62100 111267 116352 71736 68369 42989 65067 95316 88875 51416 24403 9213 40365 33104 76984 87831 44340 82448 55178 44494 37616 68316 114284 118202 41920 42444 106930 23310 32381 64869 67916 13820 44983 93834 14936 92527 104014 101045 89292 86772 89806 89874
41274 27778 24239 88357 51419 52082 40214 58592 57610 58813 40293 26980 29027 69703 47077 29111 72648 45213 29874 56681 63826 63947 130833 84837 61266 7950 35914 68097 48614 95917 53602 102315 100100 42474 26221 30290 56663 68145 29285 55975 25946 39446 18528 63883 62717 40357 64058 62151 60616 89255 52635 100919 16203 32655 74117 90504 45586 82077 63195 132546 11009 32431 109141 54949 53308 54691 133551 1408 49370 21433 90687 65396 44970 107952 55074 96649 45704 46996 33468 75789 69978 90468 54045 47920 56249 49130 38893 78954 46108 126357 45559 41661 79256 96302 67584 79485 84007 45298 69330 48465 69383 87584 40100 66311 38953 10887 58173 45646 56043 63624 77986 88247 55173 82606 45764 54766 37035 50817 89948 87643 85332 47653 10970 4002 4745 49628 59514 15570 85174 85008 61802 6727 57502 20832 4304 30862 80804 63866 26278 14352 68940 70641 6571 24432 60730 21014 80258 57580 58201 31657 45244 61564 95751 27217 52935 35130 130476 75864 28534 35949 0 27122 82662 31237 13043 17420 102557 104902 8028 13600 78308 70100 18665 41540 63495 18420 66329 29822 31795 61105 41143 49485 75984 87642 38619 43717 59132 58882 66481 107977 46880 13874 37854 76109 19588 97118 54952 30573 47025 58233 23532 36448 41274 78954 82493 46996 19181 75789 20642 32587 44758 45735 36717 53308 80494 22754 68097 68145 97105 56357 63883 64753 55580
52089 43944 32210 74045 61504 67333 65190 60635 71544 78110 55174 50240 47740 67212 59026 45309 95473 58220 55484 70601 88043 90482 144558 78403 88301 32394 50130 77055 58366 79370 79768 86154 84720 63483 45714 55449 34614 49110 4102 73932 37693 41979 36134 39687 83707 54729 38982 57247 60777 102748 75318 76766 40918 53467 98910 74260 54415 64304 72745 144715 20390 49260 127044 76357 79792 80834 148835 27943 69125 44085 65429 39565 54611 132292 70834 71822 57425 49909 43874 48836 55864 115429 52752 21094 79254 54537 52828 56612 24999 135977 46455 66232 97994 82072 68541 99195 71265 59349 82725 33594 65535 110558 58638 56634 60680 37806 64794 19714 34950 74346 82856 74475 79363 73238 65543 80113 27538 67816 68689 78927 85607 43721 34744 24148 26556 60151 66582 42484 80623 74359 54965 23375 83893 26431 28099 45732 86009 65902 43665 20740 72677 87990 27414 49506 55953 10535 62151 67049 61757 44874 70709 66768 118563 40812 60743 52713 140645 66833 47051 59098 27122 0 87558 57441 36802 44542 88521 123100 34727 26444 63397 62712 38928 66806 66832 8701 86070 56861 57357 67301 42856 36716 64246 89407 40186 20732 86185 81195 70218 134883 42287 40707 57759 99154 45686 124149 53174 27041 38203 83512 19329 62499 52089 56612 67965 49909 18445 48836 37096 39606 61309 60415 54604 79792 97290 48483 77055 49110 117994 54206 39687 73462 49871
41805 109464 106537 60025 32259 39062 71009 140948 137964 48695 121388 102778 109202 26820 37464 55277 67069 126787 99150 34005 127557 115315 64913 35011 96951 89156 117632 17595 34578 70253 111183 71934 68167 56431 106323 71731 120087 70415 84842 44628 108599 121414 100720 121906 55499 45082 119531 36506 142595 32398 122982 103683 93602 110275 79780 67050 128150 69369 22037 62020 90611 113297 62826 127409 84661 81953 72396 83808 125279 99766 103631 117872 127443 97185 134359 104731 127694 129289 116087 108314 56788 90148 35847 100368 125099 33993 120506 84225 111886 50185 127336 69192 152995 62620 149860 54220 54008 41130 28314 121096 30309 151234 118723 45831 59272 80654 24490 102556 121089 23719 4752 58273 69169 43598 52207 75952 113272 43508 84713 42403 14600 127716 91617 80269 78048 131798 23222 80604 29344 47804 40886 77729 85415 102119 78396 112736 1983 22030 107613 94135 14903 41962 76125 97584 140852 92596 69951 26434 140764 113935 109266 21310 78883 109647 135507 115197 55273 42495 57817 109317 82662 87558 0 97482 92951 84078 64829 61141 79940 95796 59608 39025 99718 107595 146079 85118 139928 90246 73454 21558 44813 123974 50149 10672 47546 107034 96323 60705 17342 124883 126591 86868 115477 141247 76266 120149 35817 109522 53189 76607 100784 76493 41805 84225 59199 129289 96984 108314 102924 115113 45332 41695 116355 84661 41970 94868 17595 70415 69030 35266 121906 19687 42170
57231 26634 36829 116476 65515 59695 31266 60659 44345 58339 32039 12407 22262 91933 60168 43831 62296 37524 3516 65054 33776 33062 131834 108644 35855 25051 31337 80429 63704 124880 22398 130985 128445 43315 20958 26258 81242 98527 60115 58493 32727 47654 26099 89803 58118 52582 90829 86659 64302 93460 25705 132125 16821 18182 58193 119445 43633 111795 75628 135577 37569 26068 105053 29931 33349 36346 132193 30096 28629 16430 121903 92933 42197 90869 39640 127885 39710 51639 35956 106241 98623 72634 77221 77220 28339 68161 32927 109968 71180 132921 52912 33541 55561 124169 68885 74878 111499 56353 76120 68781 92568 58233 25441 93119 39687 22960 74441 74117 79925 74658 93296 116110 44156 108341 47873 39881 56620 56171 120656 112751 104106 59063 22893 35051 34007 43798 75127 19862 107678 111359 87451 37233 37370 38804 32383 28992 95501 83314 24673 38706 86315 71394 34511 8942 69595 49055 110127 71079 58612 31618 14385 78610 83140 30403 49626 25376 136165 101758 40428 13042 31237 57441 97482 0 21021 16117 130173 100612 25792 33421 106994 95421 22152 11183 62885 48917 42450 7697 25094 77300 64585 67977 103299 104950 62707 70301 33662 52090 84161 81889 59146 17501 21684 46991 22149 70285 78321 48739 74998 42916 46487 24575 57231 109968 110884 51639 43402 106241 27003 39763 52560 55846 25316 33349 80795 9061 80429 98527 88491 79787 89803 77852 81201
51149 16579 19173 101399 60968 59341 40114 50851 45520 63235 28513 14129 16574 81882 56148 37878 73522 33840 18749 64367 51653 54007 136902 97411 55069 5138 24697 77410 58423 108917 43091 115335 113137 46613 13682 30990 60886 80860 39767 61451 17788 33418 8956 69170 65646 48844 70028 74760 53569 96090 39855 112666 4201 19637 72649 103509 35854 94975 72453 139358 16617 20435 113110 41966 49440 51588 138764 11641 36344 8393 101911 72015 34941 106425 42584 108102 34783 39803 24385 85436 83013 88411 66316 56224 43573 60215 27555 91166 50616 134354 39482 42040 66226 109344 59816 82834 97036 53569 76758 49622 81769 75001 27302 79272 42781 12768 68579 53097 59750 72417 88375 101288 55199 95477 50618 53152 37411 57178 102432 100438 96764 43638 2176 16982 17390 38942 69738 14973 97494 97954 74603 19769 53717 19127 16236 19887 91037 75291 14667 17716 79838 75872 18808 12710 55912 28053 93122 67077 49836 21401 33907 72266 96078 17572 43126 22716 138201 88741 36078 23175 13043 36802 92951 21021 0 13636 115596 108748 13012 12684 91337 82881 6809 30009 54934 28520 53287 22458 31568 71539 53324 49508 88999 98695 50922 49442 52862 60795 77438 101818 43278 8414 24879 63518 20533 90458 67275 29716 60046 56578 25933 34694 51149 91166 95533 39803 22537 85436 11055 25498 51783 53675 24154 49440 85757 11961 77410 80860 99125 68706 69170 74260 68350
42763 28360 32799 100360 51823 48126 26479 63685 54239 50352 38588 18741 26405 76485 46641 29113 59887 44254 16279 53365 49892 47265 124334 92971 43953 14355 35805 67633 49663 108790 37530 114876 112329 33888 23750 17524 72668 82771 46620 49073 31151 46920 22407 80423 52277 39048 80870 70793 66640 84106 41037 117111 11501 26315 59261 103356 47848 95816 62709 127164 26615 30763 99835 44631 36780 38605 125831 16666 41375 16821 107383 82430 46734 93116 50371 113144 45726 52969 37161 93151 82527 75215 61503 65281 44041 53169 38336 94620 62186 122941 52925 28418 70196 108057 72550 69486 95394 43371 65351 62533 76941 74337 34786 77034 30021 7242 60282 62838 71771 62212 79689 99996 41571 92378 38134 39726 50428 45394 105025 96878 89569 57270 14096 20678 18965 49996 61173 3820 92254 95334 71450 22338 41046 32264 17291 31599 82116 68422 26205 28957 72007 63207 19073 13522 69464 37819 94184 57708 62390 33618 30455 64295 82467 30399 54872 31933 126580 85764 26263 25618 17420 44542 84078 16117 13636 0 114070 95450 10345 25124 90895 79479 19382 27281 67318 35841 56973 12648 17954 63210 48725 62719 87198 90838 46755 60328 41799 47258 69743 90758 56913 5281 31435 63061 8065 79784 62580 42927 58890 43177 38030 21167 42763 94620 94772 52969 34093 93151 24350 38912 40614 43178 32813 36780 73031 10818 67633 82771 85531 64046 80423 64748 65185
78921 128796 119462 14502 76577 89275 115448 148918 158352 103798 141158 129300 131132 45400 80736 89212 125494 145143 130137 86606 163923 157995 124816 30204 144945 110500 136264 74667 76039 12961 150229 9022 6365 102675 128463 110811 107015 41137 84432 98268 124170 130499 119622 103551 111838 85778 99880 45357 148675 97215 154496 50598 118433 135206 136608 15853 142489 26637 75690 119413 104000 133957 127596 157295 132537 131036 133717 103962 151921 123977 57802 96383 142510 159769 156682 54927 144800 138414 131193 75207 32994 149904 55315 86955 157812 67756 139190 43742 103867 104381 134862 114566 181807 6449 156421 116151 18679 85329 88427 116467 42780 188405 142398 37112 103498 107577 68353 91461 109132 78982 63950 14339 120790 24225 100201 126277 114884 93773 34810 22891 50429 131270 113523 98662 98316 147951 69286 110312 35533 20134 43362 95835 134886 113678 99651 131359 65451 57109 127784 106241 60418 102326 97146 125836 142276 98417 28945 75114 150206 131218 144413 64720 141526 126756 149092 137037 109542 29680 93290 138034 102557 88521 64829 130173 115596 114070 0 125970 105144 110854 25127 36340 120836 141349 155204 92425 168876 125145 113212 67104 66449 120593 26874 55568 67896 98948 143584 114957 60635 182178 129731 113847 140367 177122 108821 175173 54134 115541 55598 128235 107693 118250 78921 43742 20581 138414 105936 75207 121331 127585 91195 86820 138766 132537 105171 123576 74667 41137 132901 52787 103551 73563 49378
72082 123560 127382 120399 64593 55919 69909 159047 144730 46089 132140 111321 120762 84532 65247 78080 39540 137785 103766 53434 117888 99657 34926 96026 78102 107574 130382 55092 67448 130865 101832 132951 129186 62557 118461 77935 157643 125353 122120 49405 126511 142141 117692 162471 43189 68427 161211 91295 162083 28769 120419 161708 106937 118396 49360 127239 142755 127927 56823 41885 115736 125079 4441 125810 70824 67192 32319 105361 127867 111713 159323 160852 141501 44261 139779 161674 139736 148417 132581 158476 113676 47645 85398 141731 120598 74801 132540 140188 147594 48436 148227 67712 148034 123605 167825 25987 114155 63997 43280 152733 88034 136293 126048 102310 66254 96818 66668 142090 157759 53832 62337 118736 56588 104094 59143 61905 141820 55330 143115 103436 75625 151861 108610 104823 101834 143953 64861 93790 90463 108415 95702 103578 68364 125339 101127 126684 60566 74541 121378 119220 68423 35110 100055 105865 164526 123157 128064 61003 157580 128885 105657 67971 29748 125844 149423 125301 48470 101831 77145 113496 104902 123100 61141 100612 108748 95450 125970 0 98181 117815 118301 96969 114831 106233 162331 116913 136970 93269 77795 65908 86089 154184 109062 70813 87844 143751 78955 48675 69341 81600 151280 100416 122290 129592 88237 82228 86087 135455 101265 59643 128199 76399 72082 140188 118742 148417 123820 158476 119724 134244 61833 62806 125581 70824 26141 103562 55092 125353 17100 86438 162471 57784 94002
38136 29563 29465 91218 47974 46884 32294 63004 58347 52187 41487 24652 29404 69513 43202 24915 65008 46848 25180 51781 59344 57596 125120 85442 53583 9802 37705 64458 45413 99345 47722 105552 103124 35624 26506 22393 64659 72739 36552 49803 29750 44592 21213 71910 55571 35980 72068 62925 65422 83905 49357 106791 14161 31487 66150 93909 48644 86060 59504 127235 18721 33397 102473 52347 45331 46671 127429 7825 47837 20311 97040 73361 47801 100008 55169 102801 47785 51641 36874 83060 73141 82474 54099 55693 52683 47346 40567 84369 54105 121773 50750 33810 77461 99025 72015 72533 86478 40774 64298 56045 69604 83579 39643 68319 31950 3150 55579 53566 64003 59551 75367 90950 47333 84118 39240 46764 44359 45078 94904 88866 83939 53741 11803 10597 8635 51927 56728 7765 85217 86849 63150 12018 49511 27173 6962 32857 78025 62496 27678 21780 66890 64414 8779 20712 66587 29041 84368 54093 62238 34235 40155 59294 88049 30162 55962 35498 125716 77425 23360 33022 8028 34727 79940 25792 13012 10345 105144 98181 0 19642 81517 71337 19796 36720 67427 26071 64308 22991 23813 58539 41110 56829 78326 85763 38861 51745 51475 51431 64504 100176 53116 8705 36825 72184 11582 89425 55107 37479 49641 50234 31082 28421 38136 84369 85515 51641 26808 83060 23432 37111 39375 40969 36813 45331 74311 18438 64458 72739 89787 56558 71910 61282 56863
54705 18129 10752 96417 64882 65638 51016 45189 47522 71793 30310 24289 21413 81335 60629 42710 84213 34417 30820 70272 61874 66120 144314 95616 67733 10861 25414 81567 62026 103046 55015 109672 107798 55259 19280 41356 48207 73734 29988 69235 13666 25877 9695 56504 75181 53956 57426 73025 47080 102808 48907 103199 16750 27023 84329 97731 33233 88484 76686 146115 6873 23427 122101 49931 61730 63693 146873 12780 42876 18203 91826 59516 32850 118209 45910 98259 34364 33547 21159 74085 77881 100337 65674 44396 52866 62003 28355 82641 37935 139946 31973 52746 72197 104469 54148 92172 92655 58897 82916 37409 80670 84122 32535 75802 51591 21309 71343 40952 47098 77181 91090 96530 66189 92450 58805 64790 25330 64246 94430 97757 97736 34221 11329 15527 17889 37935 72751 25177 96475 94442 72108 18130 66008 7534 17866 20515 93967 76384 17488 5767 81809 83886 19851 24695 47216 16533 86477 71035 44977 20442 45410 74579 107096 15931 40477 26747 144075 85731 42045 32890 13600 26444 95796 33421 12684 25124 110854 117815 19642 0 86000 80398 12652 41434 50300 19313 59935 35115 42382 74250 53085 37697 84909 100337 50424 36880 65527 70887 79326 114499 33532 19943 31393 72731 30396 103140 66484 18017 56248 68252 13252 46194 54705 82641 90400 33547 9993 74085 10844 19340 58271 59328 28595 61730 93768 24441 81567 73734 109293 67830 56504 78189 66071
60061 104026 94421 10654 60379 73213 95475 123845 133433 88341 116307 105231 106544 33809 63477 68267 110497 120187 106679 71771 140751 136228 124148 28066 124944 86210 111381 63593 59008 17928 127802 24043 21836 84017 103930 89650 83488 17596 59310 82626 99211 105373 94929 80992 96429 67028 77518 28171 123667 90068 130690 44076 94374 110857 120345 12517 117398 9765 63027 120349 79131 109232 120699 133237 112884 111829 131953 79703 127549 99730 45206 74371 117437 146858 131893 45407 119789 113296 106169 56237 8377 134927 36983 62948 134135 50114 114289 26512 79531 106716 109763 94911 157405 18678 131423 103911 9714 67712 76816 91958 30279 165084 117837 17144 84163 84127 53960 67243 85464 66347 56977 11270 102912 18401 82305 107683 89893 77246 25115 23187 47718 106293 89226 74355 74248 122894 55399 87222 33687 16070 24437 71586 115674 88624 75664 106515 59455 44128 103089 81271 49878 89710 73221 102067 117499 73300 10503 60720 125102 106295 121350 51380 129084 101859 123975 112374 111991 17154 72370 114094 78308 63397 59608 106994 91337 90895 25127 118301 81517 86000 0 21333 96320 118105 130116 67389 144590 102505 92100 53702 45499 96014 9459 53404 46340 74523 123395 98431 49069 165088 104765 90201 115946 153701 86319 157098 35892 90422 32018 110037 82568 97413 60061 26512 4597 113296 80849 56237 96577 102494 73424 69311 114133 112884 94629 99925 63593 17596 122193 34882 80992 61444 29058
42581 97545 90156 25354 40790 53650 79128 122532 127479 68550 110107 95945 99127 12549 44626 53227 90588 114666 95737 51577 128955 122041 103920 15691 108610 77968 105464 42328 39958 35897 114673 40012 36604 66375 96318 74768 89957 31811 58991 62896 94058 103119 88205 89646 76655 49445 86678 9057 123101 68791 120420 65080 85209 102430 101105 31354 113387 30983 42021 100683 73818 102428 99388 123649 96197 94713 111375 71496 119030 91096 64613 84274 113137 126284 125153 65790 114750 111261 101482 70950 17786 115082 19020 69109 123514 31478 108451 45219 83735 87792 108278 78228 148774 31305 130820 83039 19033 49155 55694 95034 8987 153506 110156 7584 67158 73449 33388 72462 91497 45364 36005 24135 84675 12940 64024 90023 90249 57986 46261 17559 28916 106335 80945 66466 65528 118318 34660 75666 18551 16360 8311 63568 98566 84660 66647 100420 38660 22972 96230 76660 28546 68871 64077 91958 118662 71002 31266 40233 123234 100732 109432 30417 108339 96189 120442 105220 93029 6662 57261 104328 70100 62712 39025 95421 82881 79479 36340 96969 71337 80398 21333 0 88760 106587 128481 63970 135640 89892 77140 32788 30880 98666 12267 34368 32725 78608 107261 79271 27768 146424 104937 79925 107726 142380 73596 139094 17839 88911 24711 92060 80312 82075 42581 45219 22207 111261 77600 70950 90138 98748 55013 50679 106817 96197 73420 89531 42328 31811 101074 16466 89646 40312 14531
57922 9772 14854 106533 67766 66079 45605 44394 39063 69576 21882 11723 10374 88200 62957 44683 78929 27107 19121 71130 49227 54043 143402 103489 57701 10937 17915 84218 65207 113718 42823 120228 118154 53002 7629 36905 59228 85056 42313 67977 11911 27728 3948 67953 71659 55652 69178 80806 47273 102737 36412 115569 7941 14825 77260 108340 29094 99491 79261 145970 18662 13868 119214 37779 53352 55794 145105 17278 31312 5866 104357 71510 28153 110819 36410 110734 27989 33587 17853 86727 88055 92680 72579 56969 40330 66851 20800 94644 49328 141101 33641 47632 61100 114529 53314 88869 102374 60370 83488 46660 87975 71684 21567 84863 49148 19536 75322 53391 57843 79224 95130 106503 60500 101232 57097 57920 34477 63834 106220 106297 103351 38503 8165 22339 23307 32137 76499 21337 103743 103572 80458 25228 57590 16762 22365 13077 97808 81867 7906 18410 86524 82315 24917 13213 50293 29182 97566 73879 43247 14644 33016 78976 101194 11048 36342 16465 144923 94488 42876 20242 18665 38928 99718 22152 6809 19382 120836 114831 19796 12652 96320 88760 0 29034 48291 31296 48425 25652 37229 78281 59619 46008 94418 105364 57154 48844 55491 66586 84112 104018 38320 14519 19681 60254 26855 92436 73510 26599 65468 61284 24840 39796 57922 94644 100601 33587 22359 86727 5233 19651 58518 60464 18066 53352 92181 13874 84218 85056 104756 74928 67953 81064 74243
67956 30066 42421 127630 75900 69242 38969 60173 39128 66244 30948 17360 24963 102942 70522 54712 67016 35638 11677 74588 22648 25300 138589 119726 34651 34656 32031 90335 74237 135976 13999 142110 139591 52312 24954 35888 87795 109346 69757 67087 37324 50442 32740 96730 64925 63002 98099 97808 64173 101544 15510 142386 25948 18829 60854 130540 43219 122780 85621 142849 46517 27485 110657 20418 36156 39627 138264 40305 21717 23259 131848 100513 41652 91817 33935 137968 38207 52796 38420 115322 109731 73756 88331 85812 17550 79036 32660 120488 78153 141103 54904 41203 45541 135336 67638 81025 122674 66526 85100 74168 103641 47057 22856 104300 48910 33994 84973 82367 86244 84443 103518 127275 49785 119511 56863 44386 62338 65427 131365 123897 114724 61969 32098 45465 44688 41812 85571 31041 118668 122540 98629 47816 39566 45588 43105 31416 105612 94119 28614 47062 96871 79134 45339 17343 71016 57745 121083 81297 57660 34071 3983 89191 86222 34343 48012 25416 144109 112934 51177 10946 41540 66806 107595 11183 30009 27281 141349 106233 36720 41434 118105 106587 29034 0 61273 58506 32735 17446 34316 87792 75738 72779 114476 115374 73880 77857 32668 58565 94770 77930 62333 28191 19552 35809 33171 66038 89437 54564 86125 46937 53854 32437 67956 120488 122019 52796 51332 115322 32974 43206 62369 65901 24538 36156 88164 18785 90335 109346 92933 90903 96730 87913 92381
104753 38958 39594 140770 114867 114232 92457 6422 26750 117668 30900 51229 41586 130854 110369 92146 124948 25698 59459 119194 66719 82577 191630 144066 95924 57685 31975 131520 112096 145490 72767 152319 151145 101181 43878 84624 58908 114930 70882 116247 37750 25385 46236 67779 119192 103334 71138 121893 8681 151018 53934 135061 55883 44707 120968 140560 19575 130226 126595 194261 55890 37306 166749 49860 96023 99158 193098 62415 42405 50689 121828 75154 20857 152938 31477 128848 23273 17237 30579 98964 122689 134782 115327 72166 56873 112300 30009 119411 55585 189194 20377 94632 53214 148761 6566 136354 138097 108175 131655 43405 129863 76708 38472 122967 97317 67677 121609 67205 56358 126851 141380 141257 106584 139700 105346 102728 40688 112108 131990 145292 147808 24856 55709 65821 68050 19464 122985 69597 145536 141054 120371 68418 99872 44427 67791 35740 144241 126563 41118 52576 132099 130510 69987 56555 19733 57576 127980 121028 5333 33725 63856 124878 146019 37369 13327 37514 193099 133150 90787 51198 63495 66832 146079 62885 54934 67318 155204 162331 67427 50300 130116 128481 48291 61273 0 64512 48900 69605 84578 124525 103063 39231 131010 150564 100350 59386 93933 113704 129612 137104 26460 62749 42001 68737 75070 125174 116052 39832 103786 105799 48211 86088 104753 119411 134701 17237 50937 98964 44029 30968 106685 108396 37646 96023 140346 58784 131520 114930 151121 117334 67779 128214 114667
47246 37373 27037 77931 57105 61586 56977 58598 66157 71392 49246 42262 40694 66871 54042 38833 87904 52861 47072 65268 80055 81920 139761 79560 79624 23921 44245 73247 53994 84114 71286 90803 89078 56197 38443 47153 41007 54504 11251 67534 31916 39151 28901 47085 76577 48985 46764 57525 59353 97837 67666 84337 32561 46058 90825 78854 50139 69380 68701 140389 12665 42695 120955 69031 71250 72378 143582 19250 62160 36136 73402 47684 50106 124374 64937 79640 52403 47292 38780 57470 59450 107321 51680 29636 71541 51361 47091 63398 30735 132398 44362 58117 91499 85998 67012 92489 74554 53792 77683 36841 65621 102948 51848 58593 53193 29132 61492 27776 40925 69980 80371 78170 71389 75349 58585 71853 28155 61605 75124 80876 84615 43164 26411 15527 18063 55529 63178 33817 81167 76935 55868 15025 75378 21260 19551 39540 83456 64053 36801 14039 70407 81876 19092 41167 56080 7497 67333 62937 59265 39070 62375 63939 111053 34736 56926 46048 136915 68738 40081 51231 18420 8701 85118 48917 28520 35841 92425 116913 26071 19313 67389 63970 31296 58506 64512 0 79238 48174 48985 64176 40413 39219 67083 87976 37654 27269 77503 73706 67908 126245 41906 32041 50625 91498 37162 115475 52277 25185 39285 75275 16428 54036 47246 63398 71869 47292 13704 57470 30158 35260 55122 54709 47903 71250 91391 40019 73247 54504 111022 53465 47085 69679 50237
99459 42132 54729 154684 107947 101880 71608 51382 22455 98803 32092 39712 38552 133390 102609 85901 97432 31594 41003 107235 21642 40955 170197 149654 60364 58398 36884 122820 106077 162088 35374 168557 166404 85039 40930 68432 96157 133440 89802 99802 48848 53320 50361 105675 96988 95013 108091 127215 55644 134081 17253 162660 50527 33738 89238 156696 39630 147915 118045 174847 66625 36834 141341 12519 66153 69790 169243 64926 17121 44900 150771 111407 38343 116486 18931 157419 33821 50523 44424 131015 136281 99426 118217 101055 16381 110113 34769 142552 88649 173629 54460 73818 13223 162630 55205 112474 150297 98798 117835 80250 133713 28465 27437 132406 81604 62318 116802 96657 93994 116994 135746 154573 81343 148394 89593 75304 70942 98133 154361 153174 146363 62633 55377 70252 70578 34251 117533 60746 149154 151032 127436 73055 68722 60115 69288 40603 137947 125352 42468 65444 128646 111585 71823 43823 65890 75657 145989 113529 48041 41980 32034 120930 114293 45520 39127 33361 176521 141685 82695 31441 66329 86070 139928 42450 53287 56973 168876 136970 64308 59935 144590 135640 48425 32735 48900 79238 0 49750 66974 119681 105290 77290 142232 147348 103124 90223 58999 90503 126451 93068 63735 55782 28748 19855 64179 81536 119260 64759 113302 77352 68427 65140 99459 142552 148808 50523 67869 131015 49101 49922 94890 98270 31467 66153 120397 46374 122820 133440 122561 120720 105675 120287 121151
50551 32047 40468 111699 58464 52182 23661 67006 51945 50654 38974 18408 28271 85748 53090 37430 55344 44572 10531 57541 39132 34675 124238 102661 32617 25242 37730 73075 56791 120431 25330 126376 123705 35656 26455 18710 83317 95064 59105 50805 37194 52720 29482 91486 50584 45559 92197 81009 70482 85763 32737 129713 18613 25153 52142 115008 50151 107805 68316 127917 38015 32388 97708 37248 27777 30404 124717 28925 36315 20626 120031 93995 48782 85389 47298 125782 46624 57423 41469 105607 94169 67195 71382 77355 34995 61710 39601 107141 72994 125226 58291 25932 62759 119259 75445 67449 106514 49138 68482 71896 86567 63674 32842 88033 32061 19872 67527 74661 82206 67245 86129 111236 37023 102832 40218 33255 59665 48573 117395 107050 97281 63881 23854 33252 31613 50792 68129 15750 101434 106007 82082 34984 31985 41436 29939 34773 88263 76736 29936 39814 79425 63714 31689 13410 75057 49486 106239 63902 65144 37282 19709 71747 76714 35361 56454 32179 128469 96335 33802 20700 29822 56861 90246 7697 22458 12648 125145 93269 22991 35115 102505 89892 25652 17446 69605 48174 49750 0 17434 70347 59016 71516 98303 97938 57326 71588 30412 44650 77328 79412 63805 16212 29095 52710 16330 68147 72509 51859 70507 36453 48366 16993 50551 107141 106246 57423 44813 105607 30844 44661 45141 48557 32344 27777 73144 11869 73075 95064 81525 73970 91486 70579 75892
35555 45766 50692 100486 42280 34926 8635 81260 68928 33636 54789 33971 43081 71431 36905 24012 41986 60486 27567 40273 54341 44938 107610 88670 33586 31542 52690 56085 40999 109901 38500 115414 112461 18223 40701 2457 88458 87260 58478 33427 49072 64862 40357 95569 34621 29678 95572 68093 84354 68491 49812 123837 29291 41382 42337 104567 65008 98521 51430 110959 42491 47432 82203 54521 22973 23563 108607 31631 53720 33920 115535 96654 63787 76206 64453 120669 62265 70765 54842 104204 83985 58674 58171 78445 51715 47082 54965 100623 77903 107883 70845 10473 79856 107654 90030 51808 94866 32635 51051 79566 72695 78479 49536 76407 14650 21354 51594 76756 87816 50152 69493 99797 23810 89967 22784 22985 67651 31182 109699 93691 81360 75204 31846 33646 30937 66522 51983 17204 86835 93486 69855 33997 26840 49764 29521 48892 71473 61549 43584 45393 63454 46697 29945 28406 87413 52744 97220 47351 79791 51094 35816 55903 64731 48159 71792 47950 111200 83756 19923 37951 31795 57357 73454 25094 31568 17954 113212 77795 23813 42382 92100 77140 37229 34316 84578 48985 66974 17434 0 54293 46887 80066 86733 81597 45783 75421 31797 29361 61507 78458 74821 23160 45857 68071 12242 68453 59343 60383 60813 26446 54687 5590 35555 100623 95431 70765 50493 104204 42275 56834 28132 31856 48450 22973 56316 25949 56085 87260 67578 60760 95569 53771 63949
20515 88008 84994 57929 12018 22952 53364 119415 116739 36788 100023 81794 87885 21722 17388 34150 58395 105377 78708 19587 108618 98017 79284 38080 81472 67656 96190 11182 13604 68551 92700 72148 68556 38981 84997 52320 100783 59445 64916 31387 87045 99907 79205 103468 44774 24796 101423 25761 121104 39383 102976 96140 72344 89215 69642 64131 106612 62993 9348 78287 69137 91932 68815 107181 68888 66716 85074 62256 104567 78528 93416 100198 105918 93521 113267 95839 106233 107758 94539 93908 48188 82832 19661 81894 105342 12825 99080 74299 92046 68718 105854 51868 132840 63022 128339 50263 51535 21775 23222 100595 24620 132752 97627 36952 41076 59390 2960 83550 101580 12648 16888 56552 55084 42991 35436 61251 92271 27675 77862 44676 27068 106413 70156 58723 56490 110316 2416 59629 34610 47280 30019 56203 70450 80628 56843 91268 19717 10034 86184 72683 9167 36085 54566 76729 119582 71604 62859 8193 119211 92427 89783 2399 75551 88119 113969 93923 73461 38741 37034 88691 61105 67301 21558 77300 71539 63210 67104 65908 58539 74250 53702 32788 78281 87792 124525 64176 119681 70347 54293 0 24563 103284 45021 27671 27153 87358 80498 48278 7429 115328 105323 65707 94467 122350 55593 108893 20256 88238 36577 62682 79549 58050 20515 74299 54981 107758 75667 93908 81405 93559 27065 22802 95132 68888 41145 74027 11182 59445 68522 20536 103468 8130 28128
16015 68919 63581 53602 21496 32046 49977 97574 98678 46662 81410 65745 69854 28581 21678 22894 68286 86353 65004 32988 98076 91553 103235 44364 79452 48683 77055 34896 18686 63144 83883 68543 65574 39071 66979 44462 76233 43808 40368 41126 66553 77899 59661 79128 54328 22565 77225 22077 98859 62164 89745 81770 55213 72549 76600 57866 86258 52694 31091 102663 47175 73477 89542 93146 67395 66415 108431 42476 88944 61273 76243 76219 85780 105951 95905 79998 86784 85955 74123 72480 37637 92094 13002 57613 92759 12104 80035 58524 67501 93274 83617 49446 118482 60795 106327 65717 48001 24713 43149 76316 28498 122627 80562 29521 38841 42973 22234 59074 77017 33325 40083 52913 58187 43819 38034 62501 68552 34933 65428 48169 44748 83355 51546 37958 36408 90631 24101 44906 44174 47022 23135 35139 70249 58650 37256 72000 43212 23705 67375 50513 30017 52232 34715 61480 96398 47909 51691 25790 97731 72698 78555 23918 89276 68200 93542 75999 98025 37328 27001 73872 41143 42856 44813 64585 53324 48725 66449 86089 41110 53085 45499 30880 59619 75738 103063 40413 105290 59016 46887 24563 0 79162 39851 47725 2763 62796 77923 54974 27526 120329 82164 49515 77884 111516 42715 111910 13997 65185 16577 65034 56382 52077 16015 58524 48633 85955 52800 72480 61746 72293 29726 26307 77475 67395 60037 58980 34896 43808 85056 15448 79128 31341 17085
86322 42722 31174 106515 96274 99937 88696 33001 56442 108127 46534 56200 47854 103859 93022 76739 121790 45748 64730 103957 88130 97978 178597 114285 103700 48557 42863 112466 93174 109830 86718 116633 115920 91931 47921 78975 19934 79508 39995 104938 35553 24188 42097 29221 112202 87491 32276 93755 30963 136682 73821 96134 52991 54244 121979 105252 37761 94560 107910 179474 38518 46014 158372 72193 98925 101094 182029 49203 63541 51562 82791 36156 38972 155832 58558 89817 43470 27445 35230 59748 89431 137883 89461 34332 77766 90459 43882 81864 17127 171616 23180 90394 85949 114252 38068 128931 104831 92402 116512 4315 102071 105443 54058 92119 88437 58852 100642 29493 17466 109133 119245 107283 103865 108306 95074 102440 12472 99389 94417 114092 122320 15390 48665 49362 52350 43552 102353 62865 116890 108865 91216 50730 103198 30462 53091 41744 122368 102501 44196 35147 109146 119549 54138 59120 22156 31984 92249 102143 35627 39240 76569 102944 144746 38436 40308 48955 176131 102203 77152 62100 49485 36716 123974 67977 49508 62719 120593 154184 56829 37697 96014 98666 46008 72779 39231 39219 77290 71516 80066 103284 79162 0 98622 126108 76434 21740 101492 108253 106666 149808 13985 57468 55600 95234 68000 138111 89890 19806 74573 105895 26002 83857 86322 81864 100588 27445 30382 59748 40988 29874 93044 93177 50515 98925 129292 59867 112466 79508 146562 90920 29221 108897 86393
53294 102653 93985 13865 52534 65420 89438 124858 132414 80440 115117 102588 104760 24531 56041 62727 102543 119317 103278 63599 137050 131362 114720 19550 118982 83934 110297 54573 51447 24048 123433 28839 25746 77287 102045 84311 87653 23956 60258 74753 98408 105892 93396 86064 88547 60256 82780 20139 125006 80734 127683 53535 91731 108633 112804 19241 117193 19221 54278 110997 78112 107738 111399 130555 106719 105440 122497 77392 125343 97359 54314 79923 117104 138468 130513 54784 119134 113949 105612 63643 9844 127028 29691 66795 130973 42704 113253 35262 82695 97494 110642 88704 155223 20982 132773 95282 8211 60448 67962 94724 21050 161532 115981 10334 77757 80727 45518 70730 89456 57618 47547 13064 95913 10566 75236 101001 91464 69634 34569 16202 38401 107823 86953 72138 71656 122458 46847 83438 24827 10244 17150 69282 109296 88283 72951 105329 50004 35239 101541 80584 40676 81105 70428 99031 119567 73560 19876 52345 125876 105346 117542 42659 120561 100840 124009 110735 102765 7726 66828 111267 75984 64246 50149 103299 88999 87198 26874 109062 78326 84909 9459 12267 94418 114476 131010 67083 142232 98303 86733 45021 39851 98622 0 44075 41150 77592 117533 90913 39998 157912 106344 87025 113837 150252 81987 150288 28535 91179 28962 103190 82935 91883 53294 35262 9963 113949 80762 63643 95182 102336 66258 62014 112429 106719 85677 96747 54573 23956 113340 27346 86064 52579 22790
48081 115016 110983 52296 39474 48073 79859 145185 144094 58787 127208 109362 115166 23759 44853 61738 77640 132463 106379 43300 135919 124429 70995 26721 106605 94583 123214 27048 41274 62111 119770 63141 59390 65262 112269 79722 120548 66163 86339 54429 113523 125529 106024 121538 65820 52388 118897 34365 146555 42281 130610 97193 99726 116734 90274 59414 133215 63031 30870 66946 94717 119129 72196 134845 94196 91620 79228 88871 132209 105920 98337 116898 132612 107767 140742 98811 133187 133542 121078 105201 51917 100811 36658 100246 132923 38543 126141 79112 112990 53526 131302 78156 160501 53962 153987 64887 46648 48968 38800 122968 26718 159864 125113 41781 67827 86798 30571 102889 121755 33107 12731 50465 79039 36075 61231 85723 116002 52688 78218 33876 5692 131047 97204 84901 82932 137199 29824 87226 20770 39999 38279 82213 95163 106234 83469 118233 12151 24039 113266 98128 18886 52576 81071 104349 144046 95466 63902 34265 145231 119239 117273 26563 89480 114843 140556 121248 58784 36367 64702 116352 87642 89407 10672 104950 98695 90838 55568 70813 85763 100337 53404 34368 105364 115374 150564 87976 147348 97938 81597 27671 47725 126108 44075 0 50481 107999 105880 70825 21259 135484 129836 93191 122010 149644 83260 130607 36285 112895 52868 86549 104085 85020 48081 79112 52314 133542 100524 105201 108194 119660 53725 49765 122513 94196 52581 101654 27048 66163 79441 35356 121538 28362 41101
16828 66396 60891 54789 23342 33224 49308 94845 96199 47545 78907 63513 67421 31087 22978 21941 68919 83810 63018 34545 96302 90228 105571 46585 78671 46225 74515 37317 20405 64118 82335 69674 66793 39027 64554 43339 73710 43579 37765 42104 63923 75168 57117 76755 55063 22981 74918 24100 96114 64342 87722 81450 52914 70237 76844 58789 83619 53165 33382 105118 44468 70999 91362 91036 66754 65918 110639 39963 86692 58937 75500 73998 83155 106692 93487 79458 84209 83232 71489 70940 38310 92517 15429 55286 90793 14530 77498 58118 64893 95870 80876 48899 116300 62130 103590 66992 49342 25616 45106 73611 30847 120844 78194 30824 38524 40826 24748 56631 74459 35491 42812 54181 58158 45636 38310 62216 65796 35819 65486 50146 47470 80593 49112 35368 33895 88034 26591 42941 46591 48697 24769 32532 69732 55931 34791 69456 45934 26466 64879 47790 32767 53699 32238 59347 93635 45149 52055 27963 95019 70117 76772 26585 90228 65610 90893 73563 100598 39059 26038 71736 38619 40186 47546 62707 50922 46755 67896 87844 38861 50424 46340 32725 57154 73880 100350 37654 103124 57326 45783 27153 2763 76434 41150 50481 0 60220 77088 55386 30273 120171 79401 47345 75566 109682 40998 111553 16359 62424 16187 64849 53620 51074 16828 58118 49653 83232 50045 70940 59188 69606 30311 27172 75060 66754 61740 56880 37317 43579 86358 17785 76755 33744 18567
72795 49943 36524 84957 82108 88045 83685 52974 71781 98523 58135 60501 54804 84976 79739 65797 115125 59289 67646 91332 96824 102855 165178 94042 104074 46382 53448 97406 78973 88097 91661 94897 94211 83465 53708 73771 13896 57828 22483 94491 42394 38514 45123 20166 103835 75433 20609 74549 51677 123417 82964 75893 53585 61292 117625 83546 52906 72835 93205 165173 33726 54667 147720 82669 96914 98394 169545 44072 74440 54677 62880 22672 53685 151335 72619 69855 57626 44738 45801 41165 68201 134055 71531 12811 87023 74717 55454 60338 5132 156069 40483 84967 100620 92633 59144 119626 83503 80074 103428 17539 82852 117109 63983 71730 80453 54526 84962 7864 14283 94911 102396 85779 98365 87528 85796 98404 19960 88433 72919 93334 103798 34531 47813 41853 44701 59035 86790 59144 97069 87822 71586 41990 101138 32369 45991 50418 105580 85108 50578 31791 92137 108648 46008 61534 43787 22704 70522 87552 55094 48574 81837 86657 138284 45821 57461 58114 160816 81646 67275 68369 43717 20732 107034 70301 49442 60328 98948 143751 51745 36880 74523 78608 48844 77857 59386 27269 90223 71588 75421 87358 62796 21740 77592 107999 60220 0 101887 100956 89730 150931 32928 55636 64322 106137 63280 139734 71788 25470 55377 101861 24005 80165 72795 60338 79077 44738 26914 41165 45074 40316 81926 81128 59960 96914 117994 61312 97406 57828 138257 72653 20166 93815 67308
64721 60151 70319 131376 68906 57991 28136 92661 71092 48326 63406 45929 55501 100078 63949 55147 39771 68270 37062 62585 38995 21025 113143 117385 2212 55508 63876 78892 68565 141062 23692 146351 143265 41645 54508 34235 113729 119053 87987 51741 66386 81181 59418 121853 43466 57986 122485 98228 96575 81217 43685 155550 48943 50333 30292 135789 75608 130118 75070 118669 68199 58878 83228 49072 11686 14488 111251 58450 53366 49965 146967 124165 74067 59256 65765 152252 70803 84612 69323 134411 115398 41353 88269 107050 42943 76110 64901 132382 103393 119751 86239 29104 69310 138276 100277 56092 125554 59274 69401 102092 101844 58370 55479 107273 40227 48380 78229 104633 112612 72789 93183 130570 27694 119828 45074 20711 89871 53288 141486 123041 106850 92649 54257 62072 59890 74470 78082 43711 114758 123589 100449 63235 11528 71734 58266 62265 94432 89202 58261 70166 89437 59132 59434 42396 102765 79558 128874 72578 90239 64936 30405 82518 55309 64032 80655 57413 121905 113923 51056 42989 59132 86185 96323 33662 52862 41799 143584 78955 51475 65527 123395 107261 55491 32668 93933 77503 58999 30412 31797 80498 77923 101492 117533 105880 77088 101887 0 37088 87927 49044 92773 46265 52051 50762 41179 37989 89450 82018 92472 21128 78777 26254 64721 132382 126544 84612 75198 134411 60519 73373 53593 57992 56807 11686 66237 41673 78892 119053 63819 90800 121853 77597 94793
39054 75050 79793 104558 38486 25685 21248 110551 96379 12039 83466 62646 72121 69678 34955 37149 14326 89117 55171 28768 73408 57642 80038 86357 37274 60238 81738 43928 39479 114956 56634 119281 115838 17876 69865 29809 114563 98780 81261 16930 78407 94174 69657 120740 6573 32431 120177 70776 113694 44488 73451 136742 58650 69741 21915 110081 94131 106683 40951 84364 69890 76425 53108 78713 26075 22730 80105 59072 79896 63179 130783 120626 92860 51990 91542 134844 91061 100124 84186 123835 91354 37134 61457 101642 74220 48325 83871 113468 104108 83660 100182 19079 102440 110441 119269 22799 98293 30797 32837 107346 72177 94936 77480 81342 20525 49581 46696 100894 114252 38122 58133 103400 9561 90733 17168 16466 95781 21290 120170 92859 72629 104350 60898 59663 56681 95279 45959 46030 82729 94891 74064 59080 25624 78393 55639 78129 58916 58042 72867 73138 56372 22107 55160 57197 116702 78876 105958 40097 109001 80387 58547 50586 37370 77517 100757 76627 86251 85738 34481 65067 58882 81195 60705 52090 60795 47258 114957 48675 51431 70887 98431 79271 66586 58565 113704 73706 90503 44650 29361 48278 54974 108253 90913 70825 55386 100956 37088 0 55395 67223 103900 52386 73727 86365 40584 60643 62565 88859 71487 16220 82397 27729 39054 113468 100682 100124 78059 123835 71607 86169 25307 29181 76921 26075 30029 54920 43928 98780 38418 63647 120740 43431 69557
27004 93774 90019 52292 19326 30287 60762 124335 122839 43732 105951 88187 93908 15712 24641 40631 65001 111215 85450 26628 115789 105401 79490 31117 88895 73347 101972 14585 20566 62929 99965 66121 62464 46405 91011 59487 102850 56728 67505 38467 92401 104722 84812 104888 51615 31885 102612 22196 125840 41584 109863 92389 78481 95526 76549 58772 112067 58625 15059 77647 73882 97871 71910 113974 76314 74126 85999 67693 111114 84675 90623 101099 111439 99339 119512 92560 111958 112678 99943 92957 44387 89330 19000 83312 112310 17353 104895 71287 94565 66871 110574 59284 139638 56877 133193 55802 45902 29118 28162 103765 19012 139986 103890 33012 48458 65562 9923 85368 103815 18348 12668 50807 62405 36771 42862 68628 96060 35024 73777 37952 19954 110687 75954 63837 61790 115984 9844 66093 27345 41125 26691 61198 77851 85409 62283 96999 15851 5491 92015 77353 2506 41795 59911 83232 123785 75398 58725 15489 124283 98034 96851 5605 81199 93656 119415 99992 71826 33175 43761 95316 66481 70218 17342 84161 77438 69743 60635 69341 64504 79326 49069 27768 84112 94770 129612 67908 126451 77328 61507 7429 27526 106666 39998 21259 30273 89730 87927 55395 0 122267 109532 71977 100813 129517 62281 116037 19173 92493 36527 70008 83721 65369 27004 71287 49864 112678 80005 92957 86990 98665 34479 30190 101264 76314 45708 80548 14585 56728 73437 18910 104888 12957 26354
105060 107563 118706 171641 105678 92908 72083 137077 111488 78552 108372 93656 102607 136864 101877 99046 57874 112384 85083 95741 71815 54529 114833 153362 46858 104552 109924 109663 106501 181953 64790 186432 183018 81267 102091 80697 162704 163600 136457 83967 114338 128306 107966 170889 70665 98115 171527 137812 141255 99038 83248 201111 97831 96727 45720 176981 120577 172914 107432 122811 117235 105401 84419 87726 55491 55202 108884 107359 94706 98317 193582 173179 118983 39538 106254 198414 115091 130611 116285 182585 157677 35679 128281 155865 80645 115209 110339 177726 152406 129890 132831 71924 98345 177644 143657 71775 165419 97475 96751 150668 139398 76627 100020 148134 81679 97136 113872 153582 161536 104346 123222 170528 62209 157954 82784 58037 138496 88460 185656 159993 138169 139846 103266 110736 108392 118142 113055 92444 149458 162113 140908 111677 51678 120518 106811 109232 123334 125194 105863 119204 123022 82921 107752 90810 148798 128565 171996 107193 134253 111906 74541 117671 52053 111685 124371 103299 130068 152927 95251 88875 107977 134883 124883 81889 101818 90758 182178 81600 100176 114499 165088 146424 104018 77930 137104 126245 93068 79412 78458 115328 120329 149808 157912 135484 120171 150931 49044 67223 122267 0 140151 95303 97137 76272 89343 11954 129418 130617 136281 55322 127751 72969 105060 177726 167574 130611 124223 182585 108882 120850 91698 95901 102292 55491 84690 90379 109663 163600 64885 130571 170889 109806 136042
86856 32677 24130 115395 97030 98897 83389 20047 42547 105302 33933 46849 37551 108682 93182 75747 116795 32411 55714 103366 75801 87109 177703 120625 94953 43754 30924 113614 94035 119628 76007 126460 125441 88732 38278 74117 33835 89068 46161 102759 26614 11922 34735 43191 108468 86907 46171 99090 19027 136051 61526 108687 46044 43507 115574 114805 24105 104330 108849 179282 36801 34895 155582 59423 91579 94094 180389 46220 50761 43208 95521 49973 25418 149124 44884 102531 29986 13490 23917 72941 97631 130966 93581 45707 65362 92625 31407 93023 29243 172532 9306 85293 72052 123312 26722 125549 113100 91871 116029 17696 107290 92048 41921 98920 85026 54505 102525 40746 31410 109662 121840 115991 98474 115502 92331 96195 14893 97694 105608 121205 126521 1604 43014 47894 50674 29723 104102 57870 122645 116516 97075 49921 95790 26074 50990 30931 124867 105861 34515 33163 112037 117414 52615 50671 14262 34455 102058 103104 22264 28265 65929 105299 139327 28744 26323 37401 176814 109119 75410 51416 46880 42287 126591 59146 43278 56913 129731 151280 53116 33532 104765 104937 38320 62333 26460 41906 63735 63805 74821 105323 82164 13985 106344 129836 79401 32928 92773 103900 109532 140151 0 51667 43964 82100 63336 128306 94165 17086 80308 99577 25812 77899 86856 93023 109361 13490 29671 72941 33086 19402 91626 92422 38744 91579 127293 51936 113614 89068 142298 95334 43191 110125 91736
45192 23885 27543 99920 54653 51945 31724 58913 51098 55059 34828 16335 22554 77748 49620 31599 65129 40409 16566 57091 50760 50074 128900 93879 48446 9325 31642 70805 52305 108014 39781 114238 111822 38484 19752 22587 67750 81157 43083 53498 26097 41803 17294 75660 57282 42127 76225 71440 61759 88359 40659 114644 6976 23551 64522 102579 43407 94642 65854 131540 21934 26822 104788 43724 41818 43751 130591 12847 39525 12961 104536 77914 42369 98364 47563 110458 41688 48033 32372 89510 81825 80435 62462 61143 43979 55050 34313 92471 57311 126936 47846 33633 68967 107730 67830 74481 95180 46668 69299 57337 77967 74921 31926 77003 34630 6559 62755 58485 66790 65573 82388 99655 46837 92738 42600 44990 45205 49498 103214 97435 91631 52044 8820 17589 16528 45934 63770 6853 93492 95508 71767 19733 46093 27008 14924 27181 84925 70290 21783 24028 74308 67801 17155 12040 64317 33335 92922 60664 57741 29030 31737 66635 87741 25564 50550 28402 130676 86057 29243 24403 13874 40707 86868 17501 8414 5281 113847 100416 8705 19943 90201 79925 14519 28191 62749 32041 55782 16212 23160 65707 49515 57468 87025 93191 47345 55636 46265 52386 71977 95303 51667 0 28851 63511 12338 84182 63495 37670 58344 48437 32971 26444 45192 92471 94211 48033 29135 89510 19308 33842 44386 46622 29495 41818 77664 9734 70805 81157 90711 64953 75660 67790 65479
73959 14426 27816 126109 83219 79237 52736 40640 23108 79470 11396 12701 10025 106336 78066 60318 83901 16306 18565 84539 32812 43296 153278 122135 54086 29906 13052 99060 80986 133385 32412 139880 137774 63806 12203 46564 72417 104701 61374 79140 21928 32075 21729 81736 79677 70481 83614 99525 44622 114286 18685 134517 22676 5339 79136 128002 23668 119171 94141 156800 37973 9786 126731 18682 54181 57415 153811 36447 11632 16641 122941 86501 22100 110941 18952 129467 18770 33484 20380 104153 107660 92782 90885 74104 22739 83896 13203 114014 63630 153547 35925 55000 41461 134085 48267 96525 121847 74790 96218 57597 106380 53166 3758 104146 60023 35339 91523 70022 70574 93594 111056 126044 65832 120349 68293 61373 46539 76164 125723 125285 120482 43410 26889 41711 42268 22583 92484 34876 122029 122831 99459 44556 57949 32579 41089 14139 113520 99127 14191 37026 103133 92539 43655 18050 51661 47516 117242 89134 38189 16440 22631 95447 104332 18506 28679 6645 156972 113615 57666 9213 37854 57759 115477 21684 24879 31435 140367 122290 36825 31393 115946 107726 19681 19552 42001 50625 28748 29095 45857 94467 77884 55600 113837 122010 75566 64322 52051 73727 100813 97137 43964 28851 0 41963 39392 85202 91876 39289 84876 64295 41140 46084 73959 114014 120200 33484 39936 104153 20667 25772 71808 74556 5235 54181 102088 20760 99060 104701 110081 93320 81736 96183 93197
103055 56381 69724 163337 110344 102261 70447 71034 42154 96309 48832 49414 51848 138452 104964 90123 90533 49693 47032 107474 13731 29943 163901 155364 51498 68574 53039 123715 108961 171524 30219 177733 175274 84893 53559 70035 113389 144253 102566 98414 63798 71048 63077 122847 92931 97634 124981 133574 75322 130843 23842 175818 59932 45754 80418 166090 58184 158059 119224 169391 78908 51484 133816 23474 60441 63977 161829 74776 31900 55443 164557 128052 56769 103796 38131 170975 52183 69259 60860 146110 145325 87938 124036 116065 19970 114345 51532 154649 105150 169941 72962 72424 22073 171081 75059 106732 158444 100700 116687 97861 139270 11484 42175 140095 81976 69607 119623 111976 111367 117654 137428 163014 76821 155308 89257 70092 87677 98013 165946 159654 149411 81123 65694 80108 79735 53272 120049 66838 154121 158349 134436 82673 61907 74533 78229 55720 139274 129252 56084 78479 131503 108344 80592 51782 85351 89160 156291 115381 67718 57642 33015 123913 104322 60365 58545 48024 172319 148739 86422 40365 76109 99154 141247 46991 63518 63061 177122 129592 72184 72731 153701 142380 60254 35809 68737 91498 19855 52710 68071 122350 111516 95234 150252 149644 109682 106137 50762 86365 129517 76272 82100 63511 41963 0 68852 65295 125152 80841 121784 71350 83101 64754 103055 154649 157678 69259 81758 146110 62350 66471 95989 99879 46178 60441 116259 53807 123715 144253 114004 126616 122847 121628 128190
35282 36157 39263 95418 44045 40061 20784 71247 62274 42734 46636 26728 34427 69790 38803 21744 53819 52293 23178 45301 55366 50150 116567 86557 43200 19662 43758 59679 42002 104246 41501 110134 107429 26147 31734 10975 76240 79518 47118 41190 38320 53904 29488 83441 45196 31188 83529 64742 74063 76138 47777 115023 19201 34327 54578 98832 55681 91858 54770 119262 30250 38772 92592 51721 34106 35243 118269 19391 49026 24813 105987 84722 54609 88448 58343 111442 53726 60316 44708 93340 78007 70892 55186 66765 50488 46046 46334 92117 65686 114899 59994 22401 77377 102950 80168 62354 90198 35405 57297 67400 70470 79918 42795 71710 22295 9160 52690 64862 75581 54205 71929 94935 35903 86534 30277 35183 55555 37364 101945 90809 82184 63817 20398 21675 19130 57991 53501 5560 85531 89686 65758 22358 38217 37863 17611 39433 74298 61237 34028 33182 64496 55464 18409 21373 76324 40582 90357 49854 70075 41345 35856 56777 76747 37897 62772 39996 118562 80021 18559 33104 19588 45686 76266 22149 20533 8065 108821 88237 11582 30396 86319 73596 26855 33171 75070 37162 64179 16330 12242 55593 42715 68000 81987 83260 40998 63280 41179 40584 62281 89343 63336 12338 39392 68852 0 78865 56300 48410 54371 38652 42484 16920 35282 92117 90005 60316 38268 93340 31562 46027 32550 35167 40876 34106 65326 18654 59679 79518 79000 57765 83441 56846 59564
97078 95758 107059 164106 98623 86096 62687 125125 99635 72444 96426 81923 90778 130126 94477 90034 53360 100430 73426 89410 60144 42598 116524 146956 35853 93367 98010 104164 99161 174264 52841 179001 175674 73086 90318 70773 151313 154688 125879 77573 102601 116446 96384 159610 64912 90103 160343 130312 129301 96472 71348 191900 86423 84850 40394 169184 108626 164604 101505 124035 106106 93519 85508 75878 45565 45784 111457 96439 82783 86695 183947 162095 107032 43760 94385 188968 103137 118680 104422 172205 149481 34635 120597 145037 68802 107663 98402 168562 141074 129760 120928 62784 87336 170396 131725 68764 157978 89941 91836 139049 132470 66554 88071 140324 73071 86344 107212 142610 150093 98565 118096 163080 54419 150979 75085 49429 126903 81491 176921 153356 132878 127983 91970 100017 97774 106192 106555 81665 143371 155045 133177 101097 42066 109015 96165 97379 118494 118566 94085 107959 116995 78460 97235 79223 136861 117508 163578 100703 122305 100050 62618 111181 52546 99905 112423 91385 130421 145677 86120 76984 97118 124149 120149 70285 90458 79784 175173 82228 89425 103140 157098 139094 92436 66038 125174 115475 81536 68147 68453 108893 111910 138111 150288 130607 111553 139734 37989 60643 116037 11954 128306 84182 85202 65295 78865 0 121754 119022 127524 47100 116380 62890 97078 168562 159795 118680 112936 172205 97243 109035 84091 88415 90363 45565 81557 78891 104164 154688 65149 122970 159610 103954 128056
24854 82721 76800 42357 24575 37347 61314 110400 112548 52498 95244 79739 83780 14851 27615 35507 74656 100112 78855 36224 111635 104267 98554 30405 90820 62583 90822 31373 23116 52549 97075 57284 54033 48793 80912 56984 84545 39349 50057 46777 80064 90740 73425 86107 60569 31783 83713 8785 111452 59543 103617 76566 69208 86542 84479 47567 99717 44470 29277 96820 60316 87351 89052 107085 78444 77042 104821 56304 102940 75260 73268 82080 99300 111349 109845 75915 100463 98857 87615 73996 29201 99056 1182 64596 106573 14242 93808 54286 76750 85867 96294 60452 132457 48902 119027 68988 36293 31944 43047 86703 14504 136182 94536 18778 49414 56947 19477 66934 85659 32368 31415 41376 67379 30625 46703 72499 80045 41356 58748 34557 32462 95439 65471 51632 50238 104246 21239 58761 30233 34198 11503 48772 80898 71655 51149 85761 34599 13888 81223 63508 21280 54843 48594 75441 108288 59710 43995 25747 110733 86367 92148 18395 93822 81847 106952 89922 90876 24492 39504 87831 54952 53174 35817 78321 67275 62580 54134 86087 55107 66484 35892 17839 73510 89437 116052 52277 119260 72509 59343 20256 13997 89890 28535 36285 16359 71788 89450 62565 19173 129418 94165 63495 91876 125152 56300 121754 0 77422 17407 74659 68617 64244 24854 54286 38160 98857 65327 73996 75479 85511 37734 33523 91417 78444 60941 72922 31373 39349 87815 1467 86107 28373 7932
69841 25168 12144 101074 80001 82241 69018 33709 46935 89372 32668 37452 30245 92052 76231 59015 102229 34074 45625 86593 72051 79861 161094 104559 84230 28841 27989 96561 76992 106167 68559 112977 111648 72955 29672 59373 33350 75710 31117 86525 17549 15053 22651 42529 93042 70099 44326 82680 34210 119333 57972 99616 33274 36809 102188 101130 28521 90990 91811 162485 20008 29525 139704 57370 79151 81293 164035 30097 49043 32332 87084 47245 29043 136032 47366 93932 32627 22874 20335 66375 82901 118077 76798 36663 62024 75548 29992 81628 24350 155531 19467 70761 75337 109092 41911 109946 98287 75061 99248 20075 90800 91723 38670 83221 69356 39305 85439 32061 31702 92675 104772 101515 84193 99931 76329 82653 7881 81256 94068 105553 109679 18196 28861 31151 34022 34567 87017 43181 106308 101231 80898 33017 83426 10663 34500 25201 107793 88890 26176 16399 94999 101190 35927 39808 31344 17920 88788 86060 34723 23200 58475 88225 125106 20879 34202 32897 159847 93417 58922 44340 30573 27041 109522 48739 29716 42927 115541 135455 37479 18017 90422 88911 26599 54564 39832 25185 64759 51859 60383 88238 65185 19806 91179 112895 62424 25470 82018 88859 92493 130617 17086 37670 39289 80841 48410 119022 77422 0 64202 86103 8816 64079 69841 81628 94996 22874 12589 66375 21832 14901 75074 75671 34702 79151 111027 40346 96561 75710 127248 78626 42529 93063 75368
32592 73811 65710 41577 37089 48453 65034 97824 103656 63207 86318 73702 75819 29600 38049 37555 84862 90653 74753 48932 108766 104409 115657 40363 94140 54974 81552 47725 34596 49935 95819 55987 53490 55205 73093 58356 67694 27393 34627 57638 69850 78436 64521 68847 70903 39056 66376 19224 98397 75858 98951 65280 62836 79677 93015 44507 88967 37723 44842 114135 49535 78853 104506 101698 82463 81796 121641 48432 96389 68414 59710 64685 88780 122520 101635 63423 90589 86574 77179 57436 23666 108620 17529 47425 102321 26505 84523 41980 60438 103273 83569 64766 126272 49415 106112 81925 36995 41275 57996 71112 27547 133140 87027 19554 54604 52179 35093 50030 68947 47586 48819 41341 74332 36241 54462 78278 65697 51487 49405 41662 48473 81690 57995 43176 42727 94042 36997 55207 42420 38218 16772 40320 85583 60133 44053 76551 51999 31295 72649 52220 38679 68197 41549 70290 94126 46291 36410 40271 98548 76679 89344 35073 105765 72151 95947 81814 108283 29555 41564 82448 47025 38203 53189 74998 60046 58890 55598 101265 49641 56248 32018 24711 65468 86125 103786 39285 113302 70507 60813 36577 16577 74573 28962 52868 16187 55377 92472 71487 36527 136281 80308 58344 84876 121784 54371 127524 17407 64202 0 80967 55604 66264 32592 41980 35897 86574 52947 57436 66349 74234 46286 42875 83494 82463 75470 68078 47725 27393 101196 17931 68847 44432 11932
49990 68455 75659 117014 51862 39731 18323 103415 85914 27976 74949 54804 64709 83459 47500 43910 20156 80391 46343 43682 58870 42015 93049 100516 21135 57406 74095 59521 52199 127164 42415 131921 128614 26030 62896 28133 114892 108306 84367 32141 73137 88873 64849 122003 22422 43016 121959 83238 106929 60089 60791 145920 53542 61099 16085 122090 86475 117680 56155 98170 68849 68767 64032 66193 11211 7569 91894 58034 68653 56819 138778 122957 85067 49959 80804 143401 82619 93853 77866 129305 102492 32242 73500 104547 60973 60599 75817 122528 104338 98727 94584 17461 88653 123365 111761 35470 110903 42915 48991 105632 85653 79402 68019 93228 26379 47664 60759 103045 114223 53550 73821 116001 7605 104090 28040 3474 93579 35011 130335 106692 88042 99786 57254 60050 57288 86679 60291 43282 97291 108101 86077 60251 9604 75441 55916 71224 74778 72060 66322 71641 71228 38080 56184 49845 111346 79190 116721 54524 101471 73719 46095 64882 40273 71597 92541 68285 100993 98665 40258 55178 58233 83512 76607 42916 56578 43177 128235 59643 50234 68252 110037 92060 61284 46937 105799 75275 77352 36453 26446 62682 65034 105895 103190 86549 64849 101861 21128 16220 70008 55322 99577 48437 64295 71350 38652 47100 74659 86103 80967 0 80894 22064 49990 122528 112698 93853 76769 129305 66509 80777 37052 41416 68217 11211 45136 48066 59521 108306 46011 75882 122003 58677 80984
61409 26743 13701 93198 71532 74287 63267 42220 52525 82132 36731 36500 31312 83264 67904 51038 96080 39264 43729 78494 73185 78869 153104 95933 80983 23682 31733 88028 68496 98692 67662 105470 103996 65936 29947 53424 34954 68430 23424 79006 19589 22959 21128 43322 86234 61986 44385 73953 42926 111257 59574 94439 29963 37665 96928 93565 35093 83633 83316 154296 12533 31823 132397 59766 74782 76628 156285 23337 51911 30682 82364 46670 35321 130827 52190 89056 38290 31046 24908 63013 74884 113085 67988 32964 63619 66828 34232 75358 24717 147080 27967 64857 79804 101245 50587 102931 90190 66935 91121 24967 82046 94287 41318 74759 62461 33336 76769 28964 33866 84272 96032 93566 78376 91499 69077 77421 13634 73545 87627 97082 100864 26976 24544 23402 26375 40873 78369 37613 97592 92918 72251 24942 79055 8585 27090 27842 99065 80086 27060 9307 86226 93641 28193 37642 40071 9380 81477 77554 43008 26517 57834 79498 119131 22964 41440 35334 151446 84940 51249 44494 23532 19329 100784 46487 25933 38030 107693 128199 31082 13252 82568 80312 24840 53854 48211 16428 68427 48366 54687 79549 56382 26002 82935 104085 53620 24005 78777 82397 83721 127751 25812 32971 41140 83101 42484 116380 68617 8816 55604 80894 0 58846 61409 75358 87116 31046 4380 63013 21191 20341 67258 67618 37231 74782 103419 37588 88028 68430 120637 69826 43322 84512 66659
40054 47698 53852 105671 46049 37534 6695 83127 68913 33939 55741 34938 44513 75937 40737 29186 39193 61388 27522 42791 51075 40300 107262 93231 28017 35344 54113 58966 45036 115175 34751 120619 117625 20220 42361 7996 93016 92802 63752 34663 51706 67521 43193 100330 33593 33824 100447 73019 86403 69206 47888 129423 31913 42016 38136 109860 66534 103950 54474 111037 46887 48783 80833 52851 17483 18342 107740 36153 52933 35844 121118 101637 65232 72023 64207 126259 63345 73000 56985 109638 89338 54242 63067 83592 49408 51609 56184 106202 82469 108749 73384 8971 77771 112761 91753 50515 99986 36276 52762 83568 77343 74845 49828 81570 17227 25719 55450 81768 92284 52919 72706 104946 20734 94843 24689 18598 71523 33402 115232 98430 85077 78186 35263 38583 35976 67556 55693 21252 91184 98434 74925 39125 21450 53418 34496 50684 74520 65746 45522 49611 67212 46941 35104 29534 90080 57461 102674 50777 81463 53032 33361 59784 61434 50466 73074 48905 111855 88712 25078 37616 36448 62499 76493 24575 34694 21167 118250 76399 28421 46194 97413 82075 39796 32437 86088 54036 65140 16993 5590 58050 52077 83857 91883 85020 51074 80165 26254 27729 65369 72969 77899 26444 46084 64754 16920 62890 64244 64079 66264 22064 58846 0 40054 106202 100685 73000 54746 109638 44971 59434 31297 35323 49193 17483 56248 27353 58966 92802 65202 65644 100330 56890 69093
0 67676 65442 67150 10197 16567 36615 99853 96239 30725 79587 61294 67416 35897 6960 13657 52271 84982 58456 18739 89358 80340 92580 53178 66040 47435 75836 26872 7344 77205 73963 82103 78880 24006 64533 33342 86633 59761 50585 25279 67083 80557 59020 90765 38322 6976 89315 33585 101775 50695 82936 97738 51847 68702 60801 72106 86500 67906 22027 93160 50150 71495 75795 86990 53617 52188 96750 42338 84138 58026 92223 88819 85747 89952 92752 96014 85906 88235 74503 87503 52630 76138 23678 69748 85465 11555 78703 74526 77051 85691 86607 35654 112652 73754 108834 50326 61137 8789 30636 84083 37314 113740 77112 43251 24577 38891 17566 70382 87038 22868 37252 66211 42860 55109 22339 47719 74666 18995 81143 58457 46906 87834 49839 39297 36817 90025 18610 39146 51290 58881 36149 37016 56044 61455 36972 70956 39888 26202 65813 53771 29246 37373 34857 56270 101039 54339 67073 16335 99468 72209 70192 21532 73401 67973 93852 73435 90037 49242 16803 68316 41274 52089 41805 57231 51149 42763 78921 72082 38136 54705 60061 42581 57922 67956 104753 47246 99459 50551 35555 20515 16015 86322 53294 48081 16828 72795 64721 39054 27004 105060 86856 45192 73959 103055 35282 97078 24854 69841 32592 49990 61409 40054 0 74526 62720 88235 57285 87503 61233 73861 13752 10346 74628 53617 45960 53577 26872 59761 69697 26157 90765 23486 31003
74526 100485 88724 33017 77963 90018 105876 112989 127883 104978 111765 105240 104054 57495 79652 78681 126783 114612 108814 89885 142720 141810 149134 54532 134206 86170 106721 85137 75821 31044 132089 37241 37795 97018 101839 98207 65754 14991 52778 99343 94294 96505 92285 60994 112775 81037 57182 49093 111942 112867 130879 23393 94899 109442 134957 28179 110070 18442 83501 145837 76061 105812 142992 132414 123106 122791 156487 80210 125516 99214 19421 53431 110464 164328 127396 21676 113629 103755 100247 31485 27438 150600 55085 47566 134682 67142 109384 0 64737 132626 99733 105858 154595 38470 119465 122936 35565 83132 97322 77566 53956 166127 115119 38555 96164 87395 73753 52479 68095 86639 81027 34649 116098 44910 96427 119702 78871 93303 12587 49583 73481 94623 88992 75024 75969 116025 75483 91398 60037 42395 44611 72739 126496 82997 77605 102341 83790 65893 100084 77109 72628 108906 75590 103341 104016 67134 16612 79970 114857 101463 124156 72218 147310 97424 115781 109238 137890 42845 82499 114284 78954 56612 84225 109968 91166 94620 43742 140188 84369 82641 26512 45219 94644 120488 119411 63398 142552 107141 100623 74299 58524 81864 35262 79112 58118 60338 132382 113468 71287 177726 93023 92471 114014 154649 92117 168562 54286 81628 41980 122528 75358 106202 74526 0 29296 103755 75034 31485 93456 95620 88250 84744 111118 123106 115226 101704 85137 14991 141964 53817 60994 82412 46361
62720 108396 98905 6082 62381 75262 98529 128433 137864 90318 120709 109373 110851 34283 65758 71501 112439 124632 110646 73528 144656 139772 123280 26170 128049 90413 115795 64448 61203 14527 131506 20130 17622 86725 108218 92990 87921 21871 63881 84621 103656 109938 99270 85267 98422 69695 81755 29975 128262 90292 134766 44892 98509 115087 122588 9407 121912 11194 64228 119180 83535 113587 120996 137385 115891 114729 131307 83893 131790 103925 47312 78543 121940 148429 136274 46869 124259 117870 110645 59776 12547 136915 39293 67441 138175 52391 118711 29296 84076 105251 114345 97887 161661 14138 136018 105240 6292 70103 77888 96525 30864 169037 122137 19471 87035 88075 55475 71768 89919 67570 56888 6702 105484 16424 84824 110432 94489 79423 25952 20449 46627 110889 93433 78557 78373 127388 56809 91071 32019 13260 26666 75767 118581 93115 79765 110914 59199 45175 107432 85719 50453 91066 77301 106119 122090 77836 12709 62298 129682 110725 125218 52616 130524 106278 128511 116707 110527 16920 75610 118202 82493 67965 59199 110884 95533 94772 20581 118742 85515 90400 4597 22207 100601 122019 134701 71869 148808 106246 95431 54981 48633 100588 9963 52314 49653 79077 126544 100682 49864 167574 109361 94211 120200 157678 90005 159795 38160 94996 35897 112698 87116 100685 62720 29296 0 117870 85360 59776 100940 107008 75879 71683 118457 115891 95566 103942 64448 21871 123257 37039 85267 62510 31831
88235 25402 22797 123947 98401 98504 79036 11661 29072 103037 22454 39289 29378 113647 94062 75970 112190 19751 48123 103328 63855 76677 176621 126837 86732 41840 20798 115084 95564 128973 65892 135790 134500 86415 30970 70491 47174 98469 53989 101178 22039 8149 30858 56593 105245 87213 59477 104657 13793 135543 49762 120577 41497 34302 109548 123964 11097 113763 110189 178870 38825 25742 152799 47113 84905 87746 178567 46006 38543 37172 107617 63194 12580 142502 31605 114587 17135 0 16022 85536 105757 124267 98143 57233 53426 95409 20300 103755 41674 173229 4349 81111 58569 131966 20601 122455 121125 92114 115899 30977 112634 78936 30807 105798 82583 52276 104861 52324 44793 110600 124571 124384 93728 122542 90392 90602 25022 96683 116284 128115 130701 12223 40226 49052 51423 16329 106286 54761 128301 123956 103142 51560 88983 27312 51299 22691 127472 109519 27549 35443 115172 115654 53380 44016 18222 40425 111545 104559 11974 20142 56075 108033 134067 22607 12971 27386 177260 115972 74909 41920 46996 49909 129289 51639 39803 52969 138414 148417 51641 33547 113296 111261 33587 52796 17237 47292 50523 57423 70765 107758 85955 27445 113949 133542 83232 44738 84612 100124 112678 130611 13490 48033 33484 69259 60316 118680 98857 22874 86574 93853 31046 73000 88235 103755 117870 0 33701 85536 28755 14535 91011 92436 28319 84905 125545 45833 115084 98469 138165 100131 56593 111721 97431
57285 25778 13800 91434 67434 69980 59050 45129 53167 77752 36734 34079 29943 80061 63722 46729 91777 39835 40811 74225 71353 76103 148813 93150 77396 19810 31690 83978 64416 97314 64979 104052 102442 61559 28240 49182 38617 67315 22403 74637 19260 25552 18929 46676 81866 57718 47491 70963 46135 106986 58043 94792 26671 36046 92780 92114 36553 82398 79237 150065 8172 31042 128020 58617 70873 72638 151947 19028 51068 28073 83034 49531 36597 126673 52390 89609 39150 33701 25536 64527 73003 108985 64656 34644 62056 62999 34384 75034 28204 142974 30971 60610 79626 99498 53701 98552 88182 62672 86864 29288 78970 93055 40505 72293 58092 29141 72861 31039 37678 80134 92235 91721 74132 89049 64696 73294 18006 69195 87133 94567 97427 30746 20967 19034 22001 42079 74432 33495 94610 90635 69455 20637 75139 7992 22709 27364 95244 76495 25745 5144 82511 89275 23828 34688 43922 7909 80289 73483 45662 26432 55313 75680 114846 22432 43253 34533 147310 82431 46888 42444 19181 18445 96984 43402 22537 34093 105936 123820 26808 9993 80849 77600 22359 51332 50937 13704 67869 44813 50493 75667 52800 30382 80762 100524 50045 26914 75198 78059 80005 124223 29671 29135 39936 81758 38268 112936 65327 12589 52947 76769 4380 54746 57285 75034 85360 33701 0 64527 19419 21650 62922 63334 36434 70873 99060 34399 83978 67315 116278 66571 46676 80478 63730
87503 89754 76527 64148 93927 104057 111232 92683 112946 117780 98953 98362 94281 81868 93909 86738 138018 100387 104180 105448 135874 139298 172442 83149 136476 81192 94133 105086 91165 62420 128511 68375 69189 106106 92737 102042 40609 39738 46532 112601 82470 79646 83442 33286 124773 92771 29407 71809 90694 133264 122509 37370 89601 100529 143741 59654 94060 49575 102277 170260 68833 94780 161820 122773 127120 127711 178816 76694 114820 92242 23817 25225 94850 175825 113707 30724 98774 85536 86655 0 54229 160143 74403 30055 126539 83713 96307 31485 43864 158233 81214 111857 141699 69940 97612 137829 65841 96212 115294 55560 78621 157298 104249 63443 104169 86197 92522 34359 43180 104986 104424 65668 124079 74048 106861 126070 61094 106223 41767 79280 99842 74505 83437 72505 74543 100188 94422 90803 88098 72270 67462 71184 131045 71577 76182 90687 107475 87495 90036 68358 94824 124638 74986 98136 81169 57608 47512 97603 95155 89087 119266 92267 160297 85887 98406 98284 163411 70514 89766 106930 75789 48836 108314 106241 85436 93151 75207 158476 83060 74085 56237 70950 86727 115322 98964 57470 131015 105607 104204 93908 72480 59748 63643 105201 70940 41165 134411 123835 92957 182585 72941 89510 104153 146110 93340 172205 73996 66375 57436 129305 63013 109638 87503 31485 59776 85536 64527 0 83910 81276 100183 97684 100171 127120 132493 97245 105086 39738 157200 74086 33286 101843 66608
61233 7471 9826 106933 71224 70205 50708 39816 37350 74283 19984 15688 10645 90272 66562 48282 84068 24636 23819 75168 52038 58208 147947 105128 62725 13806 15360 87794 68563 113737 46924 120334 118400 57665 8828 41855 54854 84550 40742 72494 6801 22596 2221 63756 76583 59403 65160 82452 42515 107064 38625 113850 13063 16629 82491 108402 25275 99250 82848 150353 17630 12665 124095 39306 58570 61025 149815 19359 32067 10576 102308 67666 24520 116051 35355 108812 25062 28755 13453 83910 88403 97910 74597 53945 42641 69655 18350 93456 45186 145170 28575 52709 61360 114970 48795 93785 103020 64205 87629 41807 89853 73670 21691 85869 53830 23683 78455 50110 53364 82965 98289 106995 65655 102410 61671 63141 29702 68155 105270 107607 105958 33277 11680 23852 25387 29010 79712 26006 105663 104562 81828 26728 62803 12705 24735 10300 101038 84483 6643 16376 89432 86927 27180 18132 45160 26868 97258 77370 38878 11044 36931 81977 106388 6748 32622 15921 149072 95671 46775 23310 20642 37096 102924 27003 11055 24350 121331 119724 23432 10844 96577 90138 5233 32974 44029 30158 49101 30844 42275 81405 61746 40988 95182 108194 59188 45074 60519 71607 86990 108882 33086 19308 20667 62350 31562 97243 75479 21832 66349 66509 21191 44971 61233 93456 100940 28755 19419 83910 0 14562 62662 64390 17758 58570 96811 19019 87794 84550 109841 76869 63756 84565 75687
73861 13296 8716 113083 84004 83969 65249 26029 32338 88685 17869 27447 18270 100355 79603 61470 98580 19257 36320 88796 58477 68250 162143 114168 75552 27313 13435 100678 81199 118870 57041 125626 124060 72049 18876 56411 46958 88712 43679 86718 7763 8098 16552 56388 91124 72706 58523 91730 28311 121016 44208 114218 27580 24476 96678 113698 14904 103877 95769 164345 25196 16140 138608 43075 72425 75046 164189 31554 34573 24040 101823 61671 15009 130051 32497 108632 18029 14535 5611 81276 94651 111854 84740 51515 48210 81342 15168 95620 38810 158711 14013 67262 60447 121146 35037 108320 109808 77599 101364 31838 99540 77174 24516 93698 68233 37809 90645 46952 45005 96129 110412 113370 80148 110444 75968 77445 21213 82168 107933 115895 117002 19306 25780 34854 37099 20545 92031 40468 115304 112146 90521 37468 76606 14101 36890 11892 113276 95689 15113 22115 101149 101231 39042 31393 30646 29279 101739 90165 25651 9366 46906 93911 120796 9367 21715 19140 162731 103783 60375 32381 32587 39606 115113 39763 25498 38912 127585 134244 37111 19340 102494 98748 19651 43206 30968 35260 49922 44661 56834 93559 72293 29874 102336 119660 69606 40316 73373 86169 98665 120850 19402 33842 25772 66471 46027 109035 85511 14901 74234 80777 20341 59434 73861 95620 107008 14535 21650 81276 14562 0 76478 77910 20777 72425 111127 32818 100678 88712 124393 86828 56388 97340 84628
13752 68166 68636 80043 15314 7564 26317 102371 94789 17606 79121 59214 66869 46694 10501 16350 38610 84749 54520 12751 82280 70987 86078 63929 54665 49177 76024 27967 15201 90282 66048 94917 91584 11957 64112 26484 95815 73508 60499 12731 69108 83851 60462 100824 24795 7436 99731 46227 104786 44569 77821 111482 51361 66828 47105 85285 87612 81487 23300 87901 55075 71179 65842 82388 42075 40156 89027 45493 80857 57237 105810 99624 86647 76395 90747 109702 86074 91011 76107 100183 66175 62387 36591 80452 79827 23577 78695 88250 85768 82587 90007 24805 107869 86317 111379 38237 73891 5866 24974 91316 48717 106141 75280 56437 14114 39019 24672 80494 95928 22105 41439 78995 29675 67078 9012 35115 80868 6508 94867 69853 53918 92411 50986 43945 41052 90320 24663 37619 61168 71062 49214 42336 43968 65590 40641 71480 43352 35623 66109 58675 36157 26756 39155 53760 105477 61545 80713 19509 101539 73161 63948 28988 60182 69322 94838 72529 86420 61614 16228 64869 44758 61309 45332 52560 51783 40614 91195 61833 39375 58271 73424 55013 58518 62369 106685 55122 94890 45141 28132 27065 29726 93044 66258 53725 30311 81926 53593 25307 34479 91698 91626 44386 71808 95989 32550 84091 37734 75074 46286 37052 67258 31297 13752 88250 75879 91011 62922 100183 62662 76478 0 4427 73426 42075 36318 51057 27967 73508 57444 38914 100824 25660 44423
10346 70189 69861 75772 10936 6918 30573 103899 97415 20380 81448 61894 69175 42267 6090 16675 42048 87028 57641 10950 86155 75216 85487 59503 59079 50725 78162 24614 10793 86053 70047 90621 87268 16347 66371 30057 95021 69919 59321 14957 70690 85098 62175 99668 28035 5724 98416 41941 106168 43663 81290 107894 53566 69487 51072 81090 89521 77502 19783 86861 55678 73439 66677 85754 46490 44583 88920 46579 83912 59562 102546 98131 88615 79645 93508 106276 88246 92436 77839 97684 62174 66096 32393 78980 83413 19309 80896 84744 85142 80819 91237 29129 111314 81981 112914 40212 69594 1622 23611 91262 44303 110134 77957 52271 18275 40932 20335 79285 95252 19038 37651 74701 33997 62685 13388 39523 81154 8649 91062 65431 49765 93272 52723 44544 41749 92467 20417 39979 56767 66686 45021 42699 48395 66506 41512 73507 39712 31212 68178 59307 31936 27761 39808 56521 106409 61408 76783 15502 103199 75072 67623 24664 63056 71104 96801 74954 84824 57266 17616 67916 45735 60415 41695 55846 53675 43178 86820 62806 40969 59328 69311 50679 60464 65901 108396 54709 98270 48557 31856 22802 26307 93177 62014 49765 27172 81128 57992 29181 30190 95901 92422 46622 74556 99879 35167 88415 33523 75671 42875 41416 67618 35323 10346 84744 71683 92436 63334 97684 64390 77910 4427 0 75933 46490 36879 53804 24614 69919 59561 34670 99668 22022 40381
74628 10667 23646 124419 84148 80932 55759 35878 21612 82063 6746 14496 7692 106036 79105 61078 87578 12232 21958 86177 37699 48525 156058 121492 58874 28884 7823 100258 81782 131394 37610 137961 135967 66072 10514 48925 67621 102305 58350 81405 17702 26869 19231 76992 82712 71588 78968 98819 39769 116560 23440 131221 22792 7191 83322 126043 18803 116973 95313 159337 35383 5413 130018 22709 58379 61516 156873 35322 14682 16604 119429 81945 17270 115467 18430 126034 14404 28319 15291 100171 105911 97271 90464 70121 27458 84155 8126 111118 59045 155623 30697 57997 43602 132435 43771 99707 120353 76058 98104 52612 105904 57192 4088 102916 62240 35743 92175 65910 65726 94945 111858 124428 69342 119298 70488 65197 41761 78091 122991 124358 120751 38179 25955 40403 41319 18486 93228 35965 121642 121626 98518 43293 62249 28780 40297 9543 114413 99307 11124 34014 103629 95104 42865 20078 46521 44195 114993 90155 33577 11568 27756 95991 108397 14285 24343 1903 159170 112554 58707 13820 36717 54604 116355 25316 24154 32813 138766 125581 36813 28595 114133 106817 18066 24538 37646 47903 31467 32344 48450 95132 77475 50515 112429 122513 75060 59960 56807 76921 101264 102292 38744 29495 5235 46178 40876 90363 91417 34702 83494 68217 37231 49193 74628 111118 118457 28319 36434 100171 17758 20777 73426 75933 0 58379 104764 22655 100258 102305 113774 92845 76992 97273 92296
53617 59654 68085 120581 57374 46317 17448 93989 75265 36892 65124 45619 55547 88684 52493 44917 31297 70427 36855 50899 47768 31588 104244 105965 12593 51103 64683 67214 57141 130418 31228 135558 132405 30165 54000 25244 109434 109410 81159 40115 64970 80468 57115 117061 32598 46781 117349 87196 97651 70531 49667 146411 45968 51386 24957 125196 76934 119916 63384 109289 63306 59417 75203 55081 0 3642 103091 52862 57839 48400 138384 118692 75475 57650 70090 143413 72759 84905 69066 127120 105009 39435 77264 100868 49777 64885 66192 123106 98934 109502 85967 18015 77453 127338 102125 46611 114669 47813 57913 99039 90539 68862 57854 96520 29039 42431 66658 98886 108551 61108 81501 119715 16524 108654 33452 9660 86844 41608 131752 111733 95174 91658 50447 55734 53236 76722 66472 37780 103231 112482 89587 56450 4279 68561 51706 62216 82766 77697 57586 65737 77796 48176 52464 41069 102717 74254 118764 60934 91881 64797 35071 70932 50197 63102 82709 58613 111896 102857 40900 44983 53308 79792 84661 33349 49440 36780 132537 70824 45331 61730 112884 96197 53352 36156 96023 71250 66153 27777 22973 68888 67395 98925 106719 94196 66754 96914 11686 26075 76314 55491 91579 41818 54181 60441 34106 45565 78444 79151 82463 11211 74782 17483 53617 123106 115891 84905 70873 127120 58570 72425 42075 46490 58379 0 55824 39645 67214 109410 56875 79766 117061 65912 84071
45960 101391 103768 97902 38565 29963 49555 136568 125074 22726 111056 90276 99174 61376 39108 52668 28819 116758 83611 27293 103407 87148 51335 74978 66071 83975 108721 31123 41364 108521 86653 111356 107638 39181 96657 55918 131889 100284 96176 24534 103506 118818 94688 136505 23472 42562 135178 66893 139322 15309 103266 137273 84473 97696 41918 104463 120871 104048 31818 54789 91100 103546 29850 108466 55824 52324 53118 81088 109145 89756 134152 134762 119733 55227 120435 136842 118465 125545 110033 132493 89331 49197 60161 115661 104167 48964 111117 115226 121957 53683 124964 47279 132440 102022 145494 12917 91533 38000 17936 127623 64719 124533 105795 78068 43039 73330 41477 116114 132089 28609 41594 96364 39491 82021 35159 46168 117050 29909 118994 82287 56327 127985 85347 80031 77085 122733 39777 70851 69934 86397 71162 78562 54733 101224 76529 104628 40780 50501 99236 94659 45294 9900 75234 84702 140895 97864 103975 35383 135389 106631 88381 43378 36915 103220 127834 104230 56223 78860 52172 93834 80494 97290 41970 80795 85757 73031 105171 26141 74311 93768 94629 73420 92181 88164 140346 91391 120397 73144 56316 41145 60037 129292 85677 52581 61740 117994 66237 30029 45708 84690 127293 77664 102088 116259 65326 81557 60941 111027 75470 45136 103419 56248 45960 115226 95566 125545 99060 132493 96811 111127 36318 36879 104764 55824 0 82195 31123 100284 27801 61434 136505 33208 68869
53577 20439 28728 109654 62619 58504 33673 55781 43752 59476 28861 8200 17201 87016 57416 39924 66451 34562 7128 63795 41183 42091 133519 103327 43885 16101 26820 78333 60478 117727 31285 123964 121555 43418 15013 26298 72452 90672 51249 58751 25325 40891 17770 80908 60474 49811 81867 80978 59104 93907 30949 123630 7764 15804 63890 112293 39213 104286 73423 136704 28517 21521 107986 34166 39645 42228 134547 21525 30567 8781 113204 83922 37941 97240 39710 119266 36316 45833 29821 97245 91550 79055 71870 68163 34245 63903 29026 101704 62304 133012 46529 35852 59591 117462 64403 77598 104906 54059 75561 60420 87355 65233 24230 86708 39586 16087 71100 65059 71203 72841 90493 109388 48003 102371 47837 44785 48202 55520 112622 107014 100355 52016 13842 26684 26009 40574 71988 14472 102780 105184 81403 29074 43854 30140 24464 23350 92904 79162 18285 29660 82819 72496 26792 2720 63296 39996 102545 68478 54116 25750 22514 75108 88239 23555 45880 22038 136529 95705 37065 14936 22754 48483 94868 9061 11961 10818 123576 103562 18438 24441 99925 89531 13874 18785 58784 40019 46374 11869 25949 74027 58980 59867 96747 101654 56880 61312 41673 54920 80548 90379 51936 9734 20760 53807 18654 78891 72922 40346 68078 48066 37588 27353 53577 101704 103942 45833 34399 97245 19019 32818 51057 53804 22655 39645 82195 0 78333 90672 92534 74385 80908 75492 75117
26872 93989 92297 66824 16685 21478 53422 126689 121812 31901 105582 86373 93322 30264 21261 39543 51898 111092 82254 16420 110041 97735 68404 44681 79583 73993 102077 0 19596 77455 93620 80481 76793 38856 90478 54448 110987 70365 74923 27387 93797 107426 85574 114022 39254 28678 112088 36209 128643 28203 105779 106656 77675 93942 64064 73347 113063 73094 4958 67807 76985 97520 57858 110309 67214 64591 73977 69128 108521 83765 104345 110983 112251 85104 118003 106587 112173 115084 101153 105086 58621 75885 30819 92495 107792 22800 104881 85137 101976 59154 113479 51597 135823 71187 135678 41491 60443 24275 13762 109979 33596 133656 102413 47273 41766 64826 12802 93946 111675 6132 14318 65312 51998 51106 34613 58676 101096 25916 88167 51813 28734 114622 76253 66168 63678 116349 10886 64311 40157 55478 40610 63864 68119 88321 63793 97294 15648 19520 92049 80596 14299 27724 61716 81053 127826 80551 73118 10538 126250 98686 91893 12999 66882 94542 120398 99205 63684 47745 41562 92527 68097 77055 17595 80429 77410 67633 74667 55092 64458 81567 63593 42328 84218 90335 131520 73247 122820 73075 56085 11182 34896 112466 54573 27048 37317 97406 78892 43928 14585 109663 113614 70805 99060 123715 59679 104164 31373 96561 47725 59521 88028 58966 26872 85137 64448 115084 83978 105086 87794 100678 27967 24614 100258 67214 31123 78333 0 70365 58868 31566 114022 3593 39188
59761 91850 81103 27428 62980 75090 92053 108573 120460 90092 103723 94983 94934 43597 64744 64656 111967 107129 97695 74899 131855 129586 135268 43417 120807 75750 98705 70365 60863 30569 120283 37401 36442 82596 92510 84818 66132 0 45033 84439 86310 90762 83134 63410 97929 66369 59923 34568 108081 98248 120706 37978 84328 99856 120381 25777 103522 15299 68602 132341 66922 97160 128217 122696 109410 108911 142361 69478 116320 89138 33981 56781 103719 149434 119421 36666 106455 98469 92851 39738 14515 135893 40126 45845 124374 52160 101514 14991 62732 119599 94723 91905 145898 34872 115789 107947 27254 68303 82395 75359 40138 155729 106188 24609 81929 75642 58825 50324 68174 71716 66969 28479 101719 34454 81816 105570 74330 78444 22462 39869 60658 90631 78690 64147 64670 109255 60572 79352 48384 33086 30059 61622 112663 75277 66242 94042 69839 51285 91181 68538 58192 93915 64028 92530 101305 59488 13078 64997 110067 93496 112869 57404 132355 89218 109763 100470 124833 30798 68577 104014 68145 49110 70415 98527 80860 82771 41137 125353 72739 73734 17596 31811 85056 109346 114930 54504 133440 95064 87260 59445 43808 79508 23956 66163 43579 57828 119053 98780 56728 163600 89068 81157 104701 144253 79518 154688 39349 75710 27393 108306 68430 92802 59761 14991 21871 98469 67315 39738 84550 88712 73508 69919 102305 109410 100284 90672 70365 0 126975 38924 63410 67570 31417
69697 112899 118180 125683 64179 53152 59154 148315 131919 40013 120459 99894 109631 89132 63403 72762 26196 126001 91816 52276 102791 84089 51832 102698 62747 98656 119189 58868 66600 136308 87207 139153 135432 54941 107548 68182 152029 126975 117565 44769 116632 132435 107935 157679 34507 64707 156807 94258 151605 37911 106444 164373 96818 106598 33621 132209 131621 131514 59179 58979 108107 113845 20660 111871 56875 53334 48164 97359 114649 101039 160600 156886 130279 29339 126815 163635 128123 138165 122164 157200 116623 30547 86951 137728 106279 74954 121125 141964 141691 65017 138396 57132 133129 129816 156890 19372 119307 61005 45385 145537 92444 120214 113826 105458 58238 87992 68544 137500 151877 55876 69111 124154 44549 109822 52470 48748 134095 51147 146317 110031 83577 142729 99286 97633 94630 132259 66959 84432 97558 114198 98427 96808 53909 116805 93693 115879 68025 78109 110722 111419 73083 33075 93007 94628 154991 116644 131351 62069 146591 118234 91944 70822 12833 115586 137977 113693 65369 106610 70990 101045 97105 117994 69030 88491 99125 85531 132901 17100 89787 109293 122193 101074 104756 92933 151121 111022 122561 81525 67578 68522 85056 146562 113340 79441 86358 138257 63819 38418 73437 64885 142298 90711 110081 114004 79000 65149 87815 127248 101196 46011 120637 65202 69697 141964 123257 138165 116278 157200 109841 124393 57444 59561 113774 56875 27801 92534 58868 126975 0 88435 157679 60768 95688
26157 84121 78120 41137 25506 38331 62666 111663 113959 53462 96650 81193 85204 13528 28720 36945 75620 101504 80321 37047 113096 105688 98385 28942 92159 64003 92216 31566 24172 51383 98522 56042 52765 50056 82338 58405 85323 38924 51035 47745 81422 92008 74821 86745 61547 33064 84303 7431 112685 59676 105083 75940 70654 87987 85558 46442 101063 43588 29685 96519 61633 88764 89348 108548 79766 78335 104765 57712 104392 76701 72886 82607 100655 112191 111271 75410 101842 100131 88969 74086 28376 100045 2597 65270 108040 15362 95203 53817 77635 85392 97542 61783 133916 47602 120272 69687 35033 33102 43513 87698 13064 137643 95973 17741 50730 58406 19961 67692 86471 32831 30942 40125 68577 29209 47899 73751 81165 42406 57998 33102 31401 96617 66896 53019 51648 105615 21668 60227 28818 32817 10446 50155 82191 72951 52570 87154 34110 13514 82631 64806 20914 55519 50012 76902 109439 60881 43176 26384 112017 87746 93611 18568 94602 83224 108291 91345 90427 23125 40935 89292 56357 54206 35266 79787 68706 64046 52787 86438 56558 67830 34882 16466 74928 90903 117334 53465 120720 73970 60760 20536 15448 90920 27346 35356 17785 72653 90800 63647 18910 130571 95334 64953 93320 126616 57765 122970 1467 78626 17931 75882 69826 65644 26157 53817 37039 100131 66571 74086 76869 86828 38914 34670 92845 79766 61434 74385 31566 38924 88435 0 86745 28666 7626
90765 67698 54506 90645 99553 106568 103801 61775 85432 117772 74071 79413 72764 97899 97719 84963 134969 74104 86994 109483 114538 121938 182325 104278 124048 66365 69823 114022 96450 91472 110668 97974 98063 103110 72053 93897 9520 63410 40353 113503 60076 52392 64102 0 123382 94048 3909 87261 59215 140917 100390 70655 73253 79326 137732 87704 66551 76925 110132 181742 53808 71951 166337 99463 117061 118559 187212 64233 90947 73819 57100 8061 67646 171394 87217 64005 72019 56593 61997 33286 76241 154180 86060 21592 104428 91229 71360 60994 18630 171741 52283 105049 114897 97622 65614 138842 90582 98508 121210 25652 95309 133440 80852 82249 100215 74689 101312 20393 11802 112130 117427 91817 118409 96532 105229 118549 35232 107321 72875 102256 116858 44612 67642 61966 64782 72492 103199 79300 108133 95957 83677 61988 121290 51208 66104 67601 120622 99891 68654 51687 107178 127384 66031 80933 48969 42869 74630 104640 64593 65424 100685 102475 158104 63405 69507 75243 176649 91425 86731 86772 63883 39687 121906 89803 69170 80423 103551 162471 71910 56504 80992 89646 67953 96730 67779 47085 105675 91486 95569 103468 79128 29221 86064 121538 76755 20166 121853 120740 104888 170889 43191 75660 81736 122847 83441 159610 86107 42529 68847 122003 43322 100330 90765 60994 85267 56593 46676 33286 63756 56388 100824 99668 76992 117061 136505 80908 114022 63410 157679 86745 0 110468 80448
23486 90836 88928 65151 13351 19712 51558 123338 118852 31512 102516 83485 90270 28601 18171 36384 52274 108000 79585 15052 107927 96077 71920 43851 78378 70759 98947 3593 16167 75791 91620 79070 75418 36954 87415 52044 107402 67570 71332 26606 90512 104033 82346 110468 39174 25707 108551 33719 125254 31426 103312 104166 74625 91031 64107 71537 109840 70840 2531 71389 73534 94443 60686 107769 65912 63423 77383 65804 105790 80741 101544 107472 109047 86388 115110 103935 109040 111721 97896 101843 56167 76503 27753 88950 105413 19238 101769 82412 98383 62719 110073 49819 133336 69833 132320 42882 58755 21521 15384 106398 31786 131700 99498 44873 39663 61737 9371 90375 108085 5479 15832 63696 51098 49727 32873 57634 97552 24340 85803 50817 29375 111142 73063 62759 60301 113201 7453 61366 39669 54079 38042 60425 67028 84896 60450 94136 17705 17342 88915 77139 13279 28841 58342 78211 124345 76992 70775 7196 122935 95487 89581 10221 68269 91312 117182 96188 67265 45985 38570 89806 64753 73462 19687 77852 74260 64748 73563 57784 61282 78189 61444 40312 81064 87913 128214 69679 120287 70579 53771 8130 31341 108897 52579 28362 33744 93815 77597 43431 12957 109806 110125 67790 96183 121628 56846 103954 28373 93063 44432 58677 84512 56890 23486 82412 62510 111721 80478 101843 84565 97340 25660 22022 97273 65912 33208 75492 3593 67570 60768 28666 110468 0 36256
31003 83076 75986 36595 32112 44706 66732 108818 113012 59868 95641 81446 84607 17675 34676 39940 81996 100252 81409 43907 114844 108637 105834 29557 96268 63441 91028 39188 30373 46355 100883 51562 48532 54970 81794 61530 79556 31417 46405 54150 79736 89282 73735 80448 67892 37972 77854 7376 109572 67301 106039 68730 70694 87903 91453 41175 99168 37139 37204 103795 59572 87932 96943 109200 84071 82900 112314 56974 104512 76569 65340 75972 98876 118938 110643 67999 100387 97431 87200 66608 21806 106306 8738 59151 109184 21449 94017 46361 72369 92354 94594 66062 134273 43712 117246 76797 30920 38771 50979 82980 15678 139379 95626 12484 55207 59030 27409 61891 80842 40300 38025 35854 73857 27258 53266 78654 77256 48515 51091 32088 36586 93084 66416 51967 51000 104006 29167 61383 30940 30159 6288 49069 86751 70579 52116 85978 41148 20887 81738 62514 28229 62681 49546 77518 105669 57461 36507 33633 109388 86342 95314 26190 101521 81798 106280 90705 97439 20591 44039 89874 55580 49871 42170 81201 68350 65185 49378 94002 56863 66071 29058 14531 74243 92381 114667 50237 121151 75892 63949 28128 17085 86393 22790 41101 18567 67308 94793 69557 26354 136042 91736 65479 93197 128190 59564 128056 7932 75368 11932 80984 66659 69093 31003 46361 31831 97431 63730 66608 75687 84628 44423 40381 92296 84071 68869 75117 39188 31417 95688 7626 80448 36256 0
