instance,condition,arm,operating_day,source_row_count,mean_charging_kwh,mean_immediate_actual_charging_kg,mean_forecast_actual_charging_kg,mean_direct_fuel_emissions_kg,mean_immediate_total_operational_kg,mean_forecast_total_operational_kg,mean_realized_saving_kg,charging_reduction_pct,total_operational_reduction_pct,charging_share_of_immediate_total_pct,mean_oracle_potential_kg,oracle_potential_pct,forecast_capture_ratio,mean_predicted_saving_kg,mean_pre_day_realized_saving_kg,mean_between_trip_realized_saving_kg,mean_moved_pre_day_kwh,mean_moved_between_trip_kwh
L-main-threeshift-100c-01,geographic,ownership_fixed,2025-11-02,3,2083.666222220228,111.7570973350294,111.11760539493282,1661.7813695698344,1773.5384669048638,1772.8989749647671,0.6394919400965667,0.5722159534794242,0.036057404563239755,6.301363033307372,2.600976486432254,2.3273479255057548,0.2458660981490665,11.272935569383298,0.6978771177564104,-0.058385177659846,1452.6244899721332,86.7143774602218
L-main-threeshift-100c-01,geographic,ownership_fixed,2025-11-03,3,2083.666222220228,140.6219637100402,141.09671560328832,1661.7813695698344,1802.4033332798747,1802.8780851731226,-0.4747518932481067,-0.3376086357512657,-0.026339936488254813,7.801914317043965,0.5942213120326537,0.42256650124579875,-0.7989479401607495,9.433856367540509,-0.43025812715798395,-0.04449376609012153,1452.6244899721332,66.46858462270878
L-main-threeshift-100c-01,geographic,ownership_fixed,2025-11-04,3,2083.666222220228,135.06769006724895,134.13711059406748,1661.7813695698344,1796.8490596370834,1795.918480163902,0.9305794731814766,0.688972671938159,0.05178951833435744,7.516919094725135,4.425960150620615,3.276845963988109,0.21025482415402885,3.1261618173662526,1.0763829064946009,-0.14580343331312662,1452.6244899721332,73.49642578115751
L-main-threeshift-100c-01,geographic,ownership_fixed,2025-11-05,3,2083.666222220228,147.36189358136127,147.51421768190082,1661.7813695698344,1809.1432631511957,1809.2955872517352,-0.15232410053954007,-0.10336736101686904,-0.008419681494666124,8.145396585380634,0.4161784506732431,0.2824193151694696,-0.3660066980717733,0.8789155337275171,0.09236698033704253,-0.24469108087658734,604.6769905203087,136.1989862575925
L-main-threeshift-100c-01,geographic,ownership_fixed,2025-11-06,3,2083.666222220228,222.99505055600412,222.4940416452572,1661.7813695698344,1884.7764201258385,1884.2754112150915,0.5010089107469279,0.22467265954905216,0.026581874932066353,11.831379476888602,1.1158977108103063,0.5004136674908191,0.4489738673118359,1.7566253397031442,0.5921416291594852,-0.09113271841255255,450.44648979938194,34.54643397124601
L-main-threeshift-100c-01,geographic,ownership_fixed,2025-11-07,3,2083.666222220228,339.5969504000404,339.5421858493866,1661.7813695698344,2001.3783199698748,2001.323555419221,0.0547645506537909,0.01612633758615295,0.002736341755446578,16.96815374742103,0.21770284637608484,0.064106243038883,0.2515564291666832,0.5217205083944426,0.0,0.05476455065380037,0.0,181.68895031871136
L-main-threeshift-100c-01,geographic,ownership_fixed,2025-11-08,3,2083.666222220228,397.26831581138777,402.0552626294552,1661.7813695698344,2059.049685381222,2063.83663219929,-4.786946818067444,-1.2049656686792403,-0.23248330781202917,19.2937702587704,1.7349015409306123,0.43670775440201387,-2.7592037387318795,5.954365586378022,-4.6873532538368465,-0.09959356423061176,1452.6244899721332,67.17660613283823
L-main-threeshift-100c-01,geographic,ownership_fixed,2025-11-09,3,2083.666222220228,343.2163274744909,344.7174265353308,1661.7813695698344,2004.9976970443254,2006.4987961051652,-1.5010990608399009,-0.4373623690590501,-0.07486786957674572,17.11804098231357,1.4184020886549813,0.41326766097991136,-1.058302912020764,1.858421039116024,-1.6089599477306347,0.10786088689074329,963.4397480432664,35.42909581235998
L-main-threeshift-100c-01,geographic,ownership_fixed,2025-11-10,3,2083.666222220228,269.29644194366546,251.926335087605,1661.7813695698344,1931.0778115135,1913.7077046574393,17.37010685606043,6.450180600490114,0.8995032076126674,13.945395692398428,18.81414432740066,6.9864065754483375,0.9232472417447574,26.492880616457843,17.39900763971039,-0.028900783649945083,1452.6244899721332,6.319819648319282
L-main-threeshift-100c-01,geographic,ownership_fixed,2025-11-11,3,2083.666222220228,195.71833829268778,196.17921705530546,1661.7813695698344,1857.4997078625222,1857.96058662514,-0.4608787626176725,-0.2354806231434734,-0.024811781162970885,10.536655131854983,1.2200634710081317,0.623377186650534,-0.37774982496349224,1.8679941606034351,-1.4797231978927528,1.0188444352750707,543.2097998170092,175.36913067039208
L-main-threeshift-100c-01,geographic,ownership_fixed,2025-11-12,3,2083.666222220228,199.24126090433757,148.64866078862937,1661.7813695698344,1861.022630474172,1810.4300303584637,50.592600115708244,25.39263197094474,2.718537608691932,10.706009569242728,50.5956339562159,25.39415466784692,0.9999400375038233,41.62805968395609,50.594657055770476,-0.002056940062241589,1452.6244899721332,29.109276164040704
L-main-threeshift-100c-01,geographic,ownership_fixed,2025-11-13,3,2083.666222220228,134.30338853661166,134.30338853661166,1661.7813695698344,1796.084758106446,1796.084758106446,0.0,0.0,0.0,7.4775640698718115,0.01779094846300211,0.013246835137113628,0.0,0.0,0.0,0.0,36.867849022711994,0.0
L-main-threeshift-100c-01,geographic,ownership_fixed,2025-11-14,3,2083.666222220228,136.89677089798573,136.05733211144317,1661.7813695698344,1798.6781404678202,1797.8387016812776,0.8394387865425538,0.6131910789686165,0.046669760845829994,7.61096539831079,1.3420069744113192,0.9803057921734114,0.6255100029646117,0.6509993029854352,0.6631291701636522,0.17630961637890388,248.8180870462098,144.32964186004327
L-main-threeshift-100c-01,geographic,ownership_fixed,2025-11-15,3,2083.666222220228,141.61836147103548,143.62249350814508,1661.7813695698344,1803.39973104087,1805.4038630779794,-2.004132037109585,-1.4151639775323064,-0.11113077165387278,7.852854751691544,0.6095761314456875,0.4304358030369961,-3.2877469010417624,2.914962609014547,-1.947053279971281,-0.05707875713830172,645.406889546991,35.42909581235998
L-main-threeshift-100c-01,geographic,ownership_fixed,2025-11-16,3,2083.666222220228,166.54582234669581,165.75248390017885,1661.7813695698344,1828.3271919165302,1827.5338534700131,0.7933384465169695,0.47634845193864384,0.043391491961860415,9.109191346222632,2.368249589765213,1.4219807836640088,0.33498937356329095,2.6930470424842476,0.8016201772134934,-0.008281730696538148,876.4029585617559,35.42909581235998
L-main-threeshift-100c-01,geographic,ownership_fixed,2025-11-17,3,2083.666222220228,237.08764235213457,234.66808633367881,1661.7813695698344,1898.8690119219689,1896.4494559035131,2.4195560184557316,1.020532320643724,0.12742090177177318,12.485729182138938,4.417340202038512,1.863167627892497,0.5477404745369523,2.6094021302954977,2.949601737149218,-0.5300457186934816,754.7942380490521,107.00939560950258
L-main-threeshift-100c-01,geographic,ownership_fixed,2025-11-18,3,2083.666222220228,222.23140848546743,223.56061590406838,1661.7813695698344,1884.0127780553019,1885.3419854739027,-1.3292074186009586,-0.5981186132327828,-0.07055193224182804,11.79564231591131,2.5856189243872145,1.1634804198058701,-0.5140770768901985,5.249252952417824,-1.0498645952282242,-0.2793428233727345,543.2097998170092,175.36913067039208
L-main-threeshift-100c-01,geographic,ownership_fixed,2025-11-19,3,2083.666222220228,320.0060061070837,312.1334077692739,1661.7813695698344,1981.7873756769181,1973.9147773391082,7.872598337809809,2.46014080597456,0.3972473754971201,16.147343051763027,22.380386973742105,6.993739663202744,0.35176328036893967,4.113652091190299,7.828340889139175,0.0442574486706396,635.2658056638087,146.2598545063514
L-main-threeshift-100c-01,geographic,ownership_fixed,2025-11-20,3,2083.666222220228,225.97301623895066,227.15851996492302,1661.7813695698344,1887.7543858087852,1888.9398895347574,-1.1855037259723435,-0.5246218091450159,-0.06279968066208089,11.97046702355483,0.271042760408136,0.11994474602291773,-4.373862353627202,1.3875646028886497,-0.794257461132157,-0.3912462648401913,450.44648979938194,146.2598545063514
L-main-threeshift-100c-01,geographic,ownership_fixed,2025-11-21,3,2083.666222220228,307.2784677926698,306.5856664501441,1661.7813695698344,1969.0598373625041,1968.3670360199785,0.6928013425256646,0.2254636803881484,0.035184372225764905,15.60533925694508,1.023555001800806,0.3331033928779643,0.6768579522417211,1.8511878414795433,0.0,0.6928013425256504,0.0,152.57967415467067
L-main-threeshift-100c-01,geographic,ownership_fixed,2025-11-22,3,2083.666222220228,414.647378078065,329.2498254657546,1661.7813695698344,2076.4287476478994,1991.031195035589,85.39755261231043,20.595223104541798,4.1127128830712625,19.969256279453944,85.59086901418665,20.641844984263372,0.9977413898923707,77.11677854127981,85.59086901418668,-0.1933164018762644,1452.6244899721332,80.39455781190253
L-main-threeshift-100c-01,geographic,ownership_fixed,2025-11-23,3,2083.666222220228,188.04547207557084,187.6606894974908,1661.7813695698344,1849.8268416454052,1849.4420590673253,0.38478257808005384,0.20462209157868963,0.020801005230186465,10.165571600653497,0.7146115655254448,0.38002061822486216,0.5384499728843992,1.1295916011847755,0.23564349592631592,0.1491390821537332,363.34858208635495,35.42909581235998
L-main-threeshift-100c-01,geographic,ownership_fixed,2025-11-24,3,2083.666222220228,176.79267617863752,151.80963539369534,1661.7813695698344,1838.574045748472,1813.5910049635297,24.983040784942204,14.131264555155251,1.3588270128534186,9.615749585253518,25.50049873689382,14.423956516800063,0.9797079281746375,19.372794843388505,23.65385633604861,1.3291844488935947,1452.6244899721332,146.2598545063514
L-main-threeshift-100c-01,geographic,ownership_fixed,2025-11-25,3,2083.666222220228,232.1051698002234,232.34543945237036,1661.7813695698344,1893.8865393700578,1894.1268090222047,-0.24026965214695414,-0.1035175788431417,-0.012686591680770505,12.255494982155895,0.056354158026143374,0.024279578983375637,-4.26356564559957,0.48993321022580477,0.0,-0.24026965214696835,0.0,127.24989478092338
L-main-threeshift-100c-01,geographic,ownership_fixed,2025-11-26,3,2083.666222220228,297.62087902209623,297.38508971496327,1661.7813695698344,1959.4022485919306,1959.1664592847976,0.23578930713298027,0.07922471968624036,0.01203373668180812,15.18937110723299,0.3081620293987726,0.10354180473201738,0.7651471779083482,0.38492112844346593,0.0,0.23578930713297078,0.0,133.56971442924265
L-main-threeshift-100c-01,geographic,ownership_fixed,2025-11-27,3,2083.666222220228,341.7087246378506,250.43536281360343,1661.7813695698344,2003.490094207685,1912.2167323834378,91.27336182424716,26.710866666041497,4.55571814845148,17.055673278633567,91.3993299512736,26.747730848294946,0.9986217828172964,83.52615147894306,91.2687697721849,0.004592052062266798,1452.6244899721332,136.1989862575925
L-main-threeshift-100c-01,geographic,ownership_fixed,2025-11-28,3,2083.666222220228,161.8379093084169,160.8936120101062,1661.7813695698344,1823.6192788782514,1822.6749815799405,0.944297298310687,0.5834833768836729,0.05178149349745552,8.87454476835576,1.9131932063966417,1.1821662888332554,0.4935713210529329,1.0021254587692094,1.1078972053199105,-0.16359990700922822,618.3082146449209,133.56971442924265
L-main-threeshift-100c-01,geographic,ownership_fixed,2025-11-29,3,2083.666222220228,169.03185194644092,155.74405459709337,1661.7813695698344,1830.8132215162752,1817.5254241669277,13.287797349347557,7.861120372483347,0.7257866172903554,9.232610402848692,15.133928295417007,8.95329970129672,0.8780137641706343,18.94499961707233,12.955901102370253,0.33189624697730835,1452.6244899721332,175.36913067039208
L-main-threeshift-100c-01,geographic,reassignment_allowed,2025-11-02,3,1791.6703435090506,92.49205363836465,91.9090339093903,1784.9841132184329,1877.4761668567976,1876.893147127823,0.5830197289743401,0.6303457497591016,0.031053375764040218,4.92640360879848,2.527730722725854,2.7329166380163277,0.2306494610888075,10.467772600111113,0.7208723828402365,-0.13785265386589884,1360.905867466069,42.76298456724544
L-main-threeshift-100c-01,geographic,reassignment_allowed,2025-11-03,3,1791.6703435090506,121.79397484999203,122.35272191771503,1784.9841132184329,1906.778088068425,1907.3368351361478,-0.5587470677230092,-0.4587641288587485,-0.02930320372461499,6.387422616827419,0.6063801983841207,0.49787372415669245,-0.9214467576809994,8.333431635127761,-0.4724368663203933,-0.0863102014026147,1360.905867466069,115.38347948703915
L-main-threeshift-100c-01,geographic,reassignment_allowed,2025-11-04,3,1791.6703435090506,114.34341744734961,113.36909121322937,1784.9841132184329,1899.3275306657824,1898.3532044316623,0.9743262341202268,0.8521052246569975,0.051298484247142485,6.020205341164519,4.26208646028132,3.727443656512919,0.22860311333428843,3.3250763902977667,1.0093299509087263,-0.035003716788496085,1360.905867466069,69.44705292769468
L-main-threeshift-100c-01,geographic,reassignment_allowed,2025-11-05,3,1791.6703435090506,121.99749084790608,121.85133159745509,1784.9841132184329,1906.981604066339,1906.835444815888,0.14615925045099706,0.11980512831465803,0.007664428966663097,6.397413094482169,0.6729543518003614,0.5516132726363461,0.21719043804379268,0.9323693668496796,0.27676363417454297,-0.1306043837235471,563.6461402152086,92.92073982376996
L-main-threeshift-100c-01,geographic,reassignment_allowed,2025-11-06,3,1791.6703435090506,177.31709644132783,176.29315019423913,1784.9841132184329,1962.3012096597606,1961.277263412672,1.0239462470886924,0.5774661708536968,0.05218089058133091,9.036181375644796,1.5638444462074403,0.8819479213189678,0.6547622108911901,2.2641817481239364,1.0463228974710812,-0.022376650382391006,409.8038432088065,7.6747820010331935
L-main-threeshift-100c-01,geographic,reassignment_allowed,2025-11-07,3,1791.6703435090506,286.4713091790805,286.4036480095959,1784.9841132184329,2071.4554223975133,2071.387761228029,0.06766116948458982,0.023618829291659746,0.003266358945165155,13.829470143630564,0.09091800944147128,0.03173721295232261,0.7441998554548962,0.24127846967331834,0.0,0.06766116948460639,0.0,152.6095691315526
L-main-threeshift-100c-01,geographic,reassignment_allowed,2025-11-08,3,1791.6703435090506,343.28859332962537,346.5527366857188,1784.9841132184329,2128.272706548058,2131.5368499041515,-3.2641433560934274,-0.9508452711562135,-0.15337054062905733,16.129915695175207,2.6006002867780276,0.7575551117368277,-1.2551499639098656,6.974944666093582,-3.2282068706255322,-0.0359364854678906,1360.905867466069,15.349564002066392
L-main-threeshift-100c-01,geographic,reassignment_allowed,2025-11-09,3,1791.6703435090506,298.42790182988193,299.0837263131953,1784.9841132184329,2083.412015048315,2084.067839531628,-0.6558244833134381,-0.21975977423427692,-0.03147838634780213,14.323998310193161,2.2873732270492724,0.7664743185954455,-0.2867151173923008,2.4364439608902635,-0.7811205965384621,0.12529611322500736,884.580385913729,53.79989984977661
L-main-threeshift-100c-01,geographic,reassignment_allowed,2025-11-10,3,1791.6703435090506,231.17999061366788,215.33126709373676,1784.9841132184329,2016.1641038321009,2000.3153803121695,15.848723519931108,6.8555775427884695,0.7860830122809752,11.466328071919673,17.800586900851822,7.699882179941317,0.8903483693098169,24.175789770529065,15.953892071227775,-0.10516855129667373,1360.905867466069,21.44798973414071
L-main-threeshift-100c-01,geographic,reassignment_allowed,2025-11-11,3,1791.6703435090506,167.97129941927827,168.91571352939437,1784.9841132184329,1952.955412637711,1953.8998267478273,-0.9444141101161184,-0.5622473085468832,-0.04835820131912632,8.600877333518431,0.7844439916923704,0.4670107300499569,-1.2039280307044309,1.2011516722531326,-1.44398765836434,0.4995735482482206,454.0474730938151,163.66537255201243
L-main-threeshift-100c-01,geographic,reassignment_allowed,2025-11-12,3,1791.6703435090506,169.43242545405903,121.70924907847922,1784.9841132184329,1954.416538672492,1906.693362296912,47.723176375579804,28.16649543184387,2.4418119388201176,8.669207515463588,47.75292837942686,28.184055237038965,0.9993769595947989,40.394033846659006,47.7438766529498,-0.020700277369992175,1360.905867466069,23.473686896075275
L-main-threeshift-100c-01,geographic,reassignment_allowed,2025-11-13,3,1791.6703435090506,110.74465467833168,110.74929223895408,1784.9841132184329,1895.7287678967646,1895.7334054573869,-0.004637560622417898,-0.004187615768804491,-0.00024463207506014094,5.841798497429485,0.028918174070488096,0.02611247843472325,-0.16036837634056136,0.009457647901963165,-0.0038062883965229353,-0.0008312722258949634,14.638742320695465,16.55300522059382
L-main-threeshift-100c-01,geographic,reassignment_allowed,2025-11-14,3,1791.6703435090506,115.18848694044328,114.06179523223767,1784.9841132184329,1900.172600158876,1899.0459084506706,1.126691708205622,0.9781287506521059,0.05929417717692686,6.062001258770504,1.5502864078680858,1.345869234891193,0.7267635854171098,0.9079595485326735,1.0731735512028184,0.05351815700280701,325.26013086152585,139.89409658008546
L-main-threeshift-100c-01,geographic,reassignment_allowed,2025-11-15,3,1791.6703435090506,118.49338960458199,120.41618780000294,1784.9841132184329,1903.477502823015,1905.4003010184358,-1.922798195420943,-1.622705031763722,-0.10101502080110082,6.225100608168285,0.8295679624062112,0.700096406368759,-2.3178308258720026,3.189930030616073,-1.9174296682030985,-0.005368527217850527,600.5964743744753,32.351910115635896
L-main-threeshift-100c-01,geographic,reassignment_allowed,2025-11-16,3,1791.6703435090506,132.3830124424035,131.21233310848564,1784.9841132184329,1917.3671256608363,1916.1964463269185,1.1706793339178319,0.8843123542207991,0.06105660821290798,6.904416513179583,2.656474197546018,2.0066579151926933,0.44068914164469397,2.7896869898804604,1.1560275502668418,0.014651783650994806,823.5385670392349,32.351910115635896
L-main-threeshift-100c-01,geographic,reassignment_allowed,2025-11-17,3,1791.6703435090506,205.57609638128588,201.48921736275022,1784.9841132184329,1990.5602095997187,1986.473330581183,4.0868790185356545,1.9880127556054195,0.20531300680211448,10.32754977166077,5.971728029916345,2.904874708215331,0.6843712570401345,3.045546768257784,4.421278754997398,-0.3343997364617479,761.5171346438601,92.92073982376996
L-main-threeshift-100c-01,geographic,reassignment_allowed,2025-11-18,3,1791.6703435090506,179.43065715757885,179.83548287988057,1784.9841132184329,1964.4147703760118,1964.8195960983135,-0.40482572230169467,-0.22561680858481742,-0.020607955529890785,9.134051518215461,3.3484418090853105,1.8661481054180478,-0.12089973348298395,5.175538390105818,-0.07814375331732511,-0.3266819689843648,454.0474730938151,163.66537255201243
L-main-threeshift-100c-01,geographic,reassignment_allowed,2025-11-19,3,1791.6703435090506,280.46241490140784,266.82964808124296,1784.9841132184329,2065.446528119841,2051.8137612996757,13.632766820164846,4.8608177409287565,0.660039688007544,13.57877878139554,23.38173649642808,8.33685201799591,0.583051939801283,5.565860779119968,13.708601328116893,-0.07583450795206421,713.3316864801873,72.54506237366137
L-main-threeshift-100c-01,geographic,reassignment_allowed,2025-11-20,3,1791.6703435090506,187.01160947672975,187.61710062656343,1784.9841132184329,1971.9957226951626,1972.6012138449962,-0.6054911498336631,-0.3237719580767555,-0.03070448596136544,9.483367906150303,0.3897558376871378,0.2084126428181112,-1.5535139984733186,1.4691858329343195,-0.535722674162893,-0.06976847567077016,409.8038432088065,60.56882970813407
L-main-threeshift-100c-01,geographic,reassignment_allowed,2025-11-21,3,1791.6703435090506,253.37640805784952,253.31152943592474,1784.9841132184329,2038.3605212762823,2038.2956426543576,0.0648786219247673,0.025605628567421546,0.0031828825787964506,12.43040205170391,0.36668553978627,0.1447196850712914,0.176932589058688,0.8583678887028819,0.0,0.06487862192475784,0.0,131.3134624363765
L-main-threeshift-100c-01,geographic,reassignment_allowed,2025-11-22,3,1791.6703435090506,365.55015821021806,284.31535352997776,1784.9841132184329,2150.5342714286508,2069.299466748411,81.23480468024029,22.222615106495,3.7774243247132295,16.99810893817444,81.261376240284,22.229884029636438,0.9996730111982705,73.59844253765995,81.26137624028401,-0.02657156004372041,1360.905867466069,89.54740848723087
L-main-threeshift-100c-01,geographic,reassignment_allowed,2025-11-23,3,1791.6703435090506,167.5736248133617,167.04810834419033,1784.9841132184329,1952.5577380317945,1952.0322215626231,0.5255164691713977,0.31360333092794385,0.026914260148902212,8.58226220661102,1.0778345475549524,0.643200592429394,0.4875669186551146,1.5509755644589422,0.3917659960237169,0.13375047314768432,325.26013086152585,43.96642578577288
L-main-threeshift-100c-01,geographic,reassignment_allowed,2025-11-24,3,1791.6703435090506,141.0931075650859,118.37755597407853,1784.9841132184329,1926.0772207835187,1903.3616691925115,22.715551591007355,16.09968905145046,1.1793686850087342,7.325412815364168,23.302151217085974,16.515442617448024,0.9748263745860295,17.769585833634014,21.99948743786214,0.7160641531452209,1360.905867466069,119.33722977084922
L-main-threeshift-100c-01,geographic,reassignment_allowed,2025-11-25,3,1791.6703435090506,190.3213975336555,190.44901588571872,1784.9841132184329,1975.3055107520884,1975.4331291041517,-0.12761835206321356,-0.06705412723792455,-0.006460689314567014,9.635036023424625,0.012338800758584512,0.00648313900511506,-10.342848917016935,0.15289991024873947,0.0,-0.12761835206321828,0.0,72.54506237366137
L-main-threeshift-100c-01,geographic,reassignment_allowed,2025-11-26,3,1791.6703435090506,248.82078619869512,248.84920736092297,1784.9841132184329,2033.804899417128,2033.8333205793558,-0.02842116222790499,-0.011422342426492194,-0.0013974379861141186,12.234250506034535,0.12389785892951484,0.04979401472937094,-0.22939187548086454,0.17182193990601982,0.0,-0.028421162227900254,0.0,100.81422377668383
L-main-threeshift-100c-01,geographic,reassignment_allowed,2025-11-27,3,1791.6703435090506,306.26732607115736,220.0550058251682,1784.9841132184329,2091.25143928959,2005.039119043601,86.21232024598915,28.149369164492196,4.1225229365664395,14.645169888093328,86.28446468169604,28.172925198572745,0.9991638768812784,79.32203095720101,86.1999392187574,0.012381027231771924,1360.905867466069,92.92073982376996
L-main-threeshift-100c-01,geographic,reassignment_allowed,2025-11-28,3,1791.6703435090506,139.85257271491852,138.57389992383767,1784.9841132184329,1924.8366859333514,1923.5580131422705,1.2786727910808462,0.9143005139328738,0.0664301964122644,7.265685122117471,2.456318564360842,1.7563628016825312,0.520564722195783,0.972784298391853,1.3400512488292264,-0.06137845774836611,744.6608770909203,98.63664357578465
L-main-threeshift-100c-01,geographic,reassignment_allowed,2025-11-29,3,1791.6703435090506,145.2885272841515,133.72525740358583,1784.9841132184329,1930.2726405025844,1918.7093706220187,11.563269880565684,7.9588320541996715,0.5990485301369117,7.526839692776394,13.446721900827953,9.255184942806395,0.8599322545559376,17.066294268502308,11.500872344968528,0.062397535597146,1360.905867466069,175.27988822214942
L-main-threeshift-100c-01,mixed,ownership_fixed,2025-11-02,3,3122.303411275212,169.56243495140222,169.98547026004923,3720.1844591055064,3889.746894056909,3890.1699293655556,-0.4230353086470018,-0.2494864553981232,-0.010875651299917525,4.3592151255515965,1.5154122522500302,0.8937193268570116,-0.27915526485871683,8.000122652813587,-0.9223962253781792,0.49936091673117744,2324.728795506521,277.9503979341139
L-main-threeshift-100c-01,mixed,ownership_fixed,2025-11-03,3,3122.303411275212,219.50493709252825,220.0825695363511,3720.1844591055064,3939.6893961980345,3940.2670286418575,-0.5776324438228073,-0.26315236981631857,-0.014661877770878254,5.571630527633973,0.9212206476227891,0.4196810604011451,-0.627029415062926,5.16610887774965,-1.2148625313263324,0.6372300875035251,2324.728795506521,109.3995476724308
L-main-threeshift-100c-01,mixed,ownership_fixed,2025-11-04,3,3122.303411275212,208.0572400064486,205.31023770136866,3720.1844591055064,3928.241699111955,3925.4946968068753,2.7470023050799455,1.320310845705155,0.06992956430611058,5.296447009701145,3.8351059064116555,1.8432936562518991,0.7162780825654429,1.6066489576745653,2.7470023050799455,0.0,2324.728795506521,0.0
L-main-threeshift-100c-01,mixed,ownership_fixed,2025-11-05,3,3122.303411275212,240.85490764031087,240.85490764031087,3720.1844591055064,3961.0393667458175,3961.0393667458175,0.0,0.0,0.0,6.080598684839244,0.0,0.0,0.0,0.0,0.0,0.0,0.0,0.0
L-main-threeshift-100c-01,mixed,ownership_fixed,2025-11-06,3,3122.303411275212,370.0084854526934,370.0084854526934,3720.1844591055064,4090.1929445582,4090.1929445582,0.0,0.0,0.0,9.046235482484303,0.0,0.0,0.0,0.0,0.0,0.0,0.0,0.0
L-main-threeshift-100c-01,mixed,ownership_fixed,2025-11-07,3,3122.303411275212,558.5240652952805,557.6933556766662,3720.1844591055064,4278.708524400787,4277.877814782172,0.8307096186142644,0.148733003684467,0.01941496163800037,13.05356656360459,1.0845602585923189,0.19418326370931457,0.765941414534648,0.60163478770869,0.0,0.8307096186142928,0.0,277.9503979341139
L-main-threeshift-100c-01,mixed,ownership_fixed,2025-11-08,3,3122.303411275212,621.2596085376563,625.3812539718299,3720.1844591055064,4341.444067643162,4345.565713077336,-4.121645434173615,-0.6634336720964841,-0.09493719992599446,14.309976101452326,3.7184984990699377,0.5985418089263321,-1.108416592128385,7.303043819620825,-5.099249246947181,0.9776038127736797,2324.728795506521,109.3995476724308
L-main-threeshift-100c-01,mixed,ownership_fixed,2025-11-09,3,3122.303411275212,527.5105589648181,528.4961496994481,3720.1844591055064,4247.695018070324,4248.680608804954,-0.9855907346300228,-0.1868381054900848,-0.023202954318452096,12.418748444055186,0.6906255417054581,0.1309216526510361,-1.4270985868784494,4.079924695388513,-1.5566215761750186,0.5710308415449106,1985.4022133695807,277.9503979341139
L-main-threeshift-100c-01,mixed,ownership_fixed,2025-11-10,3,3122.303411275212,411.4618395706598,404.9934683846068,3720.1844591055064,4131.646298676166,4125.177927490113,6.468371186052991,1.5720464363845792,0.1565567504683434,9.95878663917813,7.67687042301452,1.8657551405070656,0.8425791800082277,14.194725174922382,6.468371186052991,0.0,2324.728795506521,0.0
L-main-threeshift-100c-01,mixed,ownership_fixed,2025-11-11,3,3122.303411275212,333.7231982588196,330.74485790905806,3720.1844591055064,4053.907657364326,4050.9293170145647,2.978340349761538,0.8924582903738328,0.07346838165766029,8.232136162563503,3.1838305832810647,0.9540333425702817,0.935458175884547,2.5368487319156543,-0.008038490002803655,2.986378839764342,142.6346140907814,369.9426676644923
L-main-threeshift-100c-01,mixed,ownership_fixed,2025-11-12,3,3122.303411275212,334.40361798364574,264.07372852587326,3720.1844591055064,4054.588077089152,3984.2581876313798,70.32988945777248,21.03143796165866,1.7345754518240317,8.247536164603902,70.32988945777248,21.03143796165866,1.0,56.98115531033784,70.32988945777245,0.0,2324.728795506521,0.0
L-main-threeshift-100c-01,mixed,ownership_fixed,2025-11-13,3,3122.303411275212,245.12815214365784,245.12815214365784,3720.1844591055064,3965.312611249164,3965.312611249164,0.0,0.0,0.0,6.181811528509901,0.0,0.0,0.0,0.0,0.0,0.0,0.0,0.0
L-main-threeshift-100c-01,mixed,ownership_fixed,2025-11-14,3,3122.303411275212,229.01011699581656,229.01011699581656,3720.1844591055064,3949.194576101323,3949.194576101323,0.0,0.0,0.0,5.798906905769561,0.0,0.0,0.0,0.0,0.0,0.0,0.0,0.0
L-main-threeshift-100c-01,mixed,ownership_fixed,2025-11-15,3,3122.303411275212,234.00850005112946,234.29778852431244,3720.1844591055064,3954.192959156636,3954.482247629819,-0.2892884731829781,-0.12362306203397326,-0.007315992825111868,5.917983833066144,0.0,0.0,0.0,0.23684617454750878,-0.2892884731829781,0.0,142.6346140907814,0.0
L-main-threeshift-100c-01,mixed,ownership_fixed,2025-11-16,3,3122.303411275212,253.0816310567428,253.14032333855843,3720.1844591055064,3973.2660901622494,3973.324782444065,-0.058692281815638125,-0.023191047714750532,-0.0014771797429062046,6.369611934206202,0.331096157727643,0.13082583526317199,-0.17726657481757283,0.308730771818432,-0.058692281815638125,0.0,142.6346140907814,0.0
L-main-threeshift-100c-01,mixed,ownership_fixed,2025-11-17,3,3122.303411275212,412.2141064365617,412.2526263424704,3720.1844591055064,4132.398565542068,4132.437085447977,-0.03851990590874266,-0.009344635544312876,-0.0009321440150991293,9.975177851279923,0.6260925491551461,0.1518852798531046,-0.061524300138568494,0.10344674757834582,0.0146538590922205,-0.05317376500099158,142.6346140907814,109.3995476724308
L-main-threeshift-100c-01,mixed,ownership_fixed,2025-11-18,3,3122.303411275212,374.21237170308814,372.7241712708783,3720.1844591055064,4094.3968308085946,4092.9086303763847,1.488200432209851,0.3976887309836555,0.0363472446298262,9.139621467252494,1.9368206917737325,0.5175725973353086,0.7683728486228444,1.6699307379053607,-0.014980822277976813,1.5031812544878278,142.6346140907814,109.3995476724308
L-main-threeshift-100c-01,mixed,ownership_fixed,2025-11-19,3,3122.303411275212,544.1165463154882,529.6373843005961,3720.1844591055064,4264.301005420994,4249.821843406103,14.479162014892154,2.6610405643677826,0.3395436203139861,12.759806252508438,25.911481403360995,4.7621197294627144,0.5587932928070277,1.3575620989523713,13.292890273521436,1.186271741370689,1433.1947986685602,109.3995476724308
L-main-threeshift-100c-01,mixed,ownership_fixed,2025-11-20,3,3122.303411275212,403.9685501714518,402.61830038783364,3720.1844591055064,4124.153009276958,4122.80275949334,1.3502497836181533,0.3342462632413048,0.03274005063781272,9.795188230474386,1.3660534022387196,0.33815835456966664,0.9884311853440964,1.2527801218774357,0.0,1.3502497836181817,0.0,109.3995476724308
L-main-threeshift-100c-01,mixed,ownership_fixed,2025-11-21,3,3122.303411275212,505.60835542966305,500.9311418307132,3720.1844591055064,4225.79281453517,4221.115600936219,4.67721359894972,0.925066516152616,0.11068251105122402,11.964816488176057,4.997222645501097,0.9883583987164306,0.935962619788519,5.645820351406144,0.0,4.677213598949663,0.0,696.2662051285556
L-main-threeshift-100c-01,mixed,ownership_fixed,2025-11-22,3,3122.303411275212,658.5524746449204,549.8596107186968,3720.1844591055064,4378.736933750427,4270.044069824204,108.6928639262236,16.50481443940042,2.4822880563671403,15.039781667835076,108.6928639262236,16.50481443940042,1.0,108.23428319919151,108.69286392622354,0.0,2324.728795506521,0.0
L-main-threeshift-100c-01,mixed,ownership_fixed,2025-11-23,3,3122.303411275212,311.4096435094179,311.1349159647547,3720.1844591055064,4031.5941026149244,4031.3193750702612,0.27472754466316474,0.08822062848379846,0.0068143651784036054,7.7242310506267255,0.28692844931828176,0.09213858828671895,0.9574775360055604,0.3494573569278714,0.0,0.27472754466317895,0.0,277.9503979341139
L-main-threeshift-100c-01,mixed,ownership_fixed,2025-11-24,3,3122.303411275212,279.575392371238,262.86222702305906,3720.1844591055064,3999.7598514767446,3983.0466861285654,16.71316534817896,5.978053077713705,0.41785422047296966,6.989804457085503,17.244912698919904,6.168251272995089,0.9691649728807123,13.896837054751018,15.125280414904381,1.5878849332745517,2324.728795506521,109.3995476724308
L-main-threeshift-100c-01,mixed,ownership_fixed,2025-11-25,3,3122.303411275212,444.3770144534724,444.3770144534724,3720.1844591055064,4164.561473558979,4164.561473558979,0.0,0.0,0.0,10.670439547473258,0.33198971176028635,0.07470901981025994,0.0,0.0,0.0,0.0,0.0,0.0
L-main-threeshift-100c-01,mixed,ownership_fixed,2025-11-26,3,3122.303411275212,504.6922962064418,500.41501846845784,3720.1844591055064,4224.876755311949,4220.599477573965,4.277277737984036,0.8475020859510877,0.1012402961247616,11.945728252827514,4.298076833328878,0.8516232297650866,0.9951608367762164,4.310346672308924,0.0,4.277277737984036,0.0,696.2662051285556
L-main-threeshift-100c-01,mixed,ownership_fixed,2025-11-27,3,3122.303411275212,551.9108669239604,437.49073513637603,3720.1844591055064,4272.095326029466,4157.675194241882,114.42013178758435,20.731632342247142,2.6783141071416052,12.918973590341501,114.50693088292923,20.74735935552895,0.9992419751828506,106.46385823513918,113.37447713151215,1.0456546560722586,2324.728795506521,109.3995476724308
L-main-threeshift-100c-01,mixed,ownership_fixed,2025-11-28,3,3122.303411275212,259.6217178918461,259.51645167262456,3720.1844591055064,3979.8061769973524,3979.700910778131,0.1052662192215621,0.04054599903133457,0.002645008689869977,6.523476429390417,1.7778189986867687,0.6847728353093239,0.059210875403693894,2.887505878504413,-1.2894428501245727,1.3947090693461206,1762.2534343413936,176.64198729397836
L-main-threeshift-100c-01,mixed,ownership_fixed,2025-11-29,3,3122.303411275212,263.1296619684124,253.91880614576652,3720.1844591055064,3983.3141210739186,3974.103265251273,9.210855822645897,3.5005007621495827,0.23123598949717303,6.605797433255691,10.768278554638925,4.092384900312612,0.8553693866581769,15.85445591958404,9.210855822645897,0.0,2324.728795506521,0.0
L-main-threeshift-100c-01,mixed,reassignment_allowed,2025-11-02,3,2231.873541234668,125.68056270458011,124.93906875866513,2409.5577997767455,2535.2383624813256,2534.4968685354106,0.7414939459149915,0.5899829933590595,0.02924750417508142,4.957346992082125,2.633918925477971,2.09572496239467,0.28151737653824493,9.847158906765353,0.8323380032549395,-0.09084405733993843,1395.3380094600195,61.47032904598328
L-main-threeshift-100c-01,mixed,reassignment_allowed,2025-11-03,3,2231.873541234668,149.6426801000064,150.01023546408655,2409.5577997767455,2559.200479876752,2559.568035240832,-0.36755536408015627,-0.2456220136090309,-0.01436211687870023,5.8472433588795285,0.6921766803364354,0.46255298279464985,-0.5310137924633699,7.866043288037541,-0.38452406233898745,0.016968698258835957,1395.3380094600195,94.10407804436697
L-main-threeshift-100c-01,mixed,reassignment_allowed,2025-11-04,3,2231.873541234668,144.94407134442773,143.55683434996618,2409.5577997767455,2554.5018711211733,2553.1146341267117,1.3872369944615741,0.9570843302483966,0.05430557754309706,5.674064011580137,4.157609556779069,2.868423329229813,0.3336621622392741,3.5132469941257605,1.4099327387072502,-0.02269574424568314,1395.3380094600195,52.53185346325885
L-main-threeshift-100c-01,mixed,reassignment_allowed,2025-11-05,3,2231.873541234668,160.50419141841527,160.119036959485,2409.5577997767455,2570.0619911951608,2569.6768367362306,0.38515445893031597,0.23996535886484374,0.014986193338908797,6.245148637203716,0.8047267714841363,0.5013743032954882,0.4786151928560619,0.9488724310739372,0.4202484172412208,-0.035093958310900085,439.1870893163222,95.2068244403416
L-main-threeshift-100c-01,mixed,reassignment_allowed,2025-11-06,3,2231.873541234668,253.08052584542767,251.98427082790332,2409.5577997767455,2662.638325622173,2661.542070604649,1.0962550175243564,0.43316450914674837,0.04117175836369729,9.504878053097613,1.6945029310360553,0.6695508970417565,0.646947843786899,2.3798601295312665,1.2052059533871358,-0.10895093586277464,384.6426164298186,21.871508077103282
L-main-threeshift-100c-01,mixed,reassignment_allowed,2025-11-07,3,2231.873541234668,376.29133870560673,376.3161714788686,2409.5577997767455,2785.8491384823524,2785.873971255614,-0.024832773261891816,-0.006599347555357858,-0.0008913897353185453,13.507240342188776,0.08984654087555555,0.023876855944815516,-0.27639097754789627,0.3725130291566832,0.0,-0.02483277326190129,0.0,126.00435913307943
L-main-threeshift-100c-01,mixed,reassignment_allowed,2025-11-08,3,2231.873541234668,425.0230418513206,426.8897866792601,2409.5577997767455,2834.580841628066,2836.4475864560054,-1.8667448279395558,-0.4392102648854908,-0.06585611532135294,14.994211334865472,3.101581117933904,0.7297442285538212,-0.601868774975995,7.341713462421353,-1.8502028725710413,-0.016541955368523986,1395.3380094600195,31.897673311879846
L-main-threeshift-100c-01,mixed,reassignment_allowed,2025-11-09,3,2231.873541234668,363.2403930428812,363.43816992163676,2409.5577997767455,2772.798192819627,2772.9959696983824,-0.19777687875550023,-0.05444793105158663,-0.007132754171135086,13.100138119806916,2.7387222810265826,0.7539696392474918,-0.07221501797596125,2.746502663270064,-0.37115170308142825,0.17337482432589488,1016.8227087662523,102.90797209734176
L-main-threeshift-100c-01,mixed,reassignment_allowed,2025-11-10,3,2231.873541234668,279.89996358907075,265.34688934787636,2409.5577997767455,2689.4577633658164,2674.9046891246217,14.553074241194414,5.199384113732935,0.5411155527120627,10.407300958643058,16.90542695301507,6.039810343753533,0.8608522151875546,22.100993977521295,14.559685938654335,-0.006611697459888433,1395.3380094600195,17.85947330309757
L-main-threeshift-100c-01,mixed,reassignment_allowed,2025-11-11,3,2231.873541234668,213.45652943642054,214.18921090746912,2409.5577997767455,2623.014329213166,2623.7470106842147,-0.7326814710485697,-0.34324622113131653,-0.027932804746375692,8.137833143307752,0.9305594186728285,0.4359479755103963,-0.7873559241316649,1.4235202807190603,-1.3189875446251353,0.5863060735765752,522.047501980808,202.70668684377674
L-main-threeshift-100c-01,mixed,reassignment_allowed,2025-11-12,3,2231.873541234668,207.32872786305373,158.95333614044716,2409.5577997767455,2616.886527639799,2568.5111359171924,48.37539172260656,23.332700789328058,1.8485857606610436,7.92272518021811,48.429277861966334,23.358691466025483,0.9988873230876297,41.45287174151763,48.40136857212656,-0.025976849520011076,1395.3380094600195,49.757146614977415
L-main-threeshift-100c-01,mixed,reassignment_allowed,2025-11-13,3,2231.873541234668,149.7563410873889,149.794496791343,2409.5577997767455,2559.3141408641345,2559.3522965680886,-0.038155703954089404,-0.025478523097612275,-0.0014908566066534684,5.851424750727346,0.02678407625728596,0.017885103270289145,-1.4245667309026597,0.06332042341581712,-0.033763522049994776,-0.004392181904104102,57.47339738833327,63.30915112846176
L-main-threeshift-100c-01,mixed,reassignment_allowed,2025-11-14,3,2231.873541234668,148.2254877586538,146.69563458764807,2409.5577997767455,2557.7832875353993,2556.2534343643933,1.5298531710057166,1.0321120841893803,0.059811680624429896,5.795076091121046,1.747321355787714,1.178826517766477,0.875541963668177,1.0052363579220014,1.287340892258565,0.24251227874715417,304.5762802247064,176.0913909839804
L-main-threeshift-100c-01,mixed,reassignment_allowed,2025-11-15,3,2231.873541234668,151.5704657421364,153.6055957137131,2409.5577997767455,2561.128265518882,2563.1633954904587,-2.03512997157668,-1.3426955981246393,-0.07946224322210449,5.918113035679156,0.8968879663691212,0.5917300326139906,-2.269101658053807,3.32816696533583,-2.0162525887173595,-0.018877382859315617,522.047501980808,92.88180686256517
L-main-threeshift-100c-01,mixed,reassignment_allowed,2025-11-16,3,2231.873541234668,190.28208632027807,188.91668889681242,2409.5577997767455,2599.8398860970237,2598.474488673558,1.3653974234656516,0.7175648795270453,0.052518519727591265,7.318992501724273,2.464955944353837,1.2954219664193112,0.5539236620407739,2.673531080442435,1.3774635510652473,-0.012066127599614637,636.9079891984019,102.90797209734176
L-main-threeshift-100c-01,mixed,reassignment_allowed,2025-11-17,3,2231.873541234668,251.20597531162448,246.5512605926107,2409.5577997767455,2660.76377508837,2656.109060369356,4.654714719013792,1.8529474520817244,0.17493904429224266,9.441122795776238,6.560001077265544,2.611403279371747,0.7095600540593284,3.40994853304638,4.680729296397298,-0.026014577383520532,576.5919748673116,95.2068244403416
L-main-threeshift-100c-01,mixed,reassignment_allowed,2025-11-18,3,2231.873541234668,258.1527220931617,258.22019709136435,2409.5577997767455,2667.710521869907,2667.7779968681098,-0.06747499820271703,-0.0261376280116724,-0.0025293223402448124,9.67693908228888,3.6955738800302433,1.4315455789370262,-0.01825832750018377,5.664310307961358,0.36921334465615036,-0.4366883428588532,522.047501980808,223.5101497437562
L-main-threeshift-100c-01,mixed,reassignment_allowed,2025-11-19,3,2231.873541234668,334.2190670279576,319.34173706965686,2409.5577997767455,2743.776866804703,2728.8995368464025,14.8773299583007,4.4513708001752645,0.5422208393945046,12.180985672394572,24.492921781638113,7.328403492787343,0.6074134433995522,6.048673022404121,14.912227831421339,-0.03489787312064626,866.8988306569012,75.63763561184572
L-main-threeshift-100c-01,mixed,reassignment_allowed,2025-11-20,3,2231.873541234668,249.83650077883917,250.3933388912874,2409.5577997767455,2659.394300555585,2659.951138668033,-0.5568381124482755,-0.22288100846449216,-0.020938531466805965,9.394488840058235,0.40843279165714347,0.16348003209454862,-1.3633530995124163,1.6283251492240538,-0.4409013592810614,-0.11593675316721885,384.6426164298186,67.80432754352472
L-main-threeshift-100c-01,mixed,reassignment_allowed,2025-11-21,3,2231.873541234668,355.3814712624455,355.4179201376046,2409.5577997767455,2764.9392710391908,2764.97571991435,-0.036448875159199666,-0.010256267731044018,-0.0013182522864417384,12.853138402887122,0.372967798493562,0.10494857741700585,-0.0977266008122383,1.0161259356565135,-0.018936084845231942,-0.017512790313967724,11.60275151190397,102.75607462074204
L-main-threeshift-100c-01,mixed,reassignment_allowed,2025-11-22,3,2231.873541234668,421.5858936850505,340.1651521083032,2409.5577997767455,2831.143693461796,2749.7229518850486,81.42074157674737,19.312966300901298,2.8758957648380514,14.891010112226207,81.48358013547549,19.32787158109909,0.9992288193692074,74.91330954832625,81.46564048321677,-0.04489890646938951,1395.3380094600195,42.505688228482285
L-main-threeshift-100c-01,mixed,reassignment_allowed,2025-11-23,3,2231.873541234668,199.92842957433962,199.27218816127345,2409.5577997767455,2609.486229351085,2608.829987938019,0.6562414130661693,0.3282381672598285,0.025148299526737125,7.6616012502988715,1.3756947688479026,0.6880936201904075,0.4770254477421246,1.672753476666249,0.40875467976968594,0.24748673329647866,341.59662668371465,102.90797209734176
L-main-threeshift-100c-01,mixed,reassignment_allowed,2025-11-24,3,2231.873541234668,190.94727185038423,169.2901630245709,2409.5577997767455,2600.50507162713,2578.8479628013165,21.65710882581334,11.341931526930983,0.8328039449760634,7.342699459951793,22.185019239783674,11.618400736914761,0.9762041939984595,17.069764267913552,20.983611016362737,0.673497809450609,1395.3380094600195,134.15721175900867
L-main-threeshift-100c-01,mixed,reassignment_allowed,2025-11-25,3,2231.873541234668,259.20565389030287,259.34054052875985,2409.5577997767455,2668.7634536670485,2668.8983403055054,-0.13488663845698548,-0.052038463063028007,-0.005054274790508045,9.71257507045587,0.020865001676166155,0.00804959358062318,-6.464731733573973,0.14513111187379005,0.0,-0.1348866384569618,0.0,75.63763561184572
L-main-threeshift-100c-01,mixed,reassignment_allowed,2025-11-26,3,2231.873541234668,340.02095207613587,340.1080214388084,2409.5577997767455,2749.5787518528814,2749.665821215554,-0.08706936267248011,-0.025607058077110483,-0.003166643712743487,12.366292540157401,0.1129055859845683,0.03320547904332878,-0.7711696628046425,0.16725957117140902,0.0,-0.08706936267248011,0.0,117.31238197560579
L-main-threeshift-100c-01,mixed,reassignment_allowed,2025-11-27,3,2231.873541234668,346.33138592729296,259.69576950824097,2409.5577997767455,2755.8891857040385,2669.2535692849865,86.63561641905191,25.01523683367229,3.143653847493849,12.566956165141187,86.69577663838574,25.032607543281166,0.9993060767010052,79.85992733843969,86.55855102577046,0.07706539328148192,1395.3380094600195,85.18065920556504
L-main-threeshift-100c-01,mixed,reassignment_allowed,2025-11-28,3,2231.873541234668,177.77411496543402,176.35499604477772,2409.5577997767455,2587.3319147421794,2585.912795821523,1.4191189206562929,0.7982708398982736,0.054848738678265174,6.870943536563948,2.635814014295543,1.4826759310870674,0.5383987310787448,0.9792361873746339,1.4444436504568898,-0.025324729800596895,803.9699077624842,59.62001399033655
L-main-threeshift-100c-01,mixed,reassignment_allowed,2025-11-29,3,2231.873541234668,177.3584801920571,165.98565298159227,2409.5577997767455,2586.9162799688024,2575.543452758338,11.372827210464843,6.412339121393852,0.43962873087651666,6.85598067341383,12.884091462765687,7.264434973063494,0.8827030794784161,16.691163876933512,11.150092620609163,0.22273458985567393,1395.3380094600195,176.0913909839804
L-main-threeshift-10c-01,geographic,ownership_fixed,2025-11-02,3,346.5176349145035,17.24093222560696,17.094022798326424,114.67191443273379,131.91284665834075,131.7659372310602,0.14690942728053594,0.85209677387595,0.11136855204181659,13.069941754999515,0.38750870934001824,2.247608796724309,0.3791125818326595,2.4483429186490984,0.1469094272805377,0.0,291.46151342472496,0.0
L-main-threeshift-10c-01,geographic,ownership_fixed,2025-11-03,3,346.5176349145035,23.92028724611686,24.167783056649437,114.67191443273379,138.59220167885064,138.8396974893832,-0.24749581053257805,-1.0346690572152544,-0.17857845357423618,17.2594756099954,0.01771432150784354,0.07405563873702739,-13.971509460466322,2.15437706433775,-0.24749581053257805,0.0,291.46151342472496,0.0
L-main-threeshift-10c-01,geographic,ownership_fixed,2025-11-04,3,346.5176349145035,21.68564293706308,21.783448164403737,114.67191443273379,136.35755736979687,136.45536259713754,-0.09780522734065873,-0.45101373117925475,-0.07172703092312985,15.903513787836772,0.8921749571753163,4.114127304247429,-0.10962561384856219,0.4072245085084821,-0.09780522734065993,0.0,291.46151342472496,0.0
L-main-threeshift-10c-01,geographic,ownership_fixed,2025-11-05,3,346.5176349145035,22.111085580634025,22.12915590395451,114.67191443273379,136.78300001336783,136.8010703366883,-0.018070323320480714,-0.08172517470742183,-0.013210942382251229,16.16508307207263,0.0,0.0,0.0,0.027306341756356527,-0.018070323320480124,0.0,132.84087979090688,0.0
L-main-threeshift-10c-01,geographic,ownership_fixed,2025-11-06,3,346.5176349145035,29.330653326082384,29.360179159708423,114.67191443273379,144.00256775881616,144.0320935924422,-0.02952583362604126,-0.10066544818415385,-0.02050368551447835,20.36814605640023,0.019298888498613092,0.06579767686746851,-1.5299240486395433,0.11694833274792653,-0.02952583362603889,0.0,78.25430560433966,0.0
L-main-threeshift-10c-01,geographic,ownership_fixed,2025-11-07,3,346.5176349145035,52.21258242744616,52.21258242744616,114.67191443273379,166.88449686017995,166.88449686017995,0.0,0.0,0.0,31.2866583833675,0.0,0.0,0.0,0.0,0.0,0.0,0.0,0.0
L-main-threeshift-10c-01,geographic,ownership_fixed,2025-11-08,3,346.5176349145035,66.43831738247276,68.05182132807285,114.67191443273379,181.11023181520653,182.72373576080662,-1.6135039456000915,-2.4285743666737614,-0.8908960744119687,36.6839116247514,0.025511913710294227,0.038399397690081445,-63.24511614152379,0.7632459060889237,-1.613503945600094,0.0,291.46151342472496,0.0
L-main-threeshift-10c-01,geographic,ownership_fixed,2025-11-09,3,346.5176349145035,58.6553806544548,58.741257043831546,114.67191443273379,173.3272950871886,173.41317147656534,-0.0858763893767313,-0.14640837450640448,-0.04954579677340088,33.84082156532211,0.0,0.0,0.0,0.06783486018421551,-0.0858763893767313,0.0,78.25430560433966,0.0
L-main-threeshift-10c-01,geographic,ownership_fixed,2025-11-10,3,346.5176349145035,45.313563897091434,41.27259084649405,114.67191443273379,159.9854783298252,155.94450527922783,4.040973050597384,8.917800108979652,2.5258374027338504,28.323548093329592,4.299599861022713,9.488549324408124,0.9398486327135076,6.225683735762277,4.040973050597386,0.0,291.46151342472496,0.0
L-main-threeshift-10c-01,geographic,ownership_fixed,2025-11-11,3,346.5176349145035,31.028027372034007,31.315959533009686,114.67191443273379,145.6999418047678,145.98787396574346,-0.2879321609756751,-0.9279744326743515,-0.19761995606113067,21.295840607548318,0.0,0.0,0.0,0.058562144072972444,-0.28793216097567625,0.0,124.70599396994199,0.0
L-main-threeshift-10c-01,geographic,ownership_fixed,2025-11-12,3,346.5176349145035,31.55733105869129,21.49233276766043,114.67191443273379,146.22924549142508,136.16424720039421,10.064998291030863,31.894326780397467,6.883026891922983,21.58072480825446,10.064998291030863,31.894326780397467,1.0,7.773278594448584,10.06499829103086,0.0,291.46151342472496,0.0
L-main-threeshift-10c-01,geographic,ownership_fixed,2025-11-13,3,346.5176349145035,18.51552986617266,18.51552986617266,114.67191443273379,133.18744429890646,133.18744429890646,0.0,0.0,0.0,13.901858364831378,0.0,0.0,0.0,0.0,0.0,0.0,0.0,0.0
L-main-threeshift-10c-01,geographic,ownership_fixed,2025-11-14,3,346.5176349145035,20.607474955892936,20.607474955892936,114.67191443273379,135.27938938862673,135.27938938862673,0.0,0.0,0.0,15.233270233570005,0.048728471978301734,0.23646017807905811,0.0,0.0,0.0,0.0,0.0,0.0
L-main-threeshift-10c-01,geographic,ownership_fixed,2025-11-15,3,346.5176349145035,20.917883209807574,21.377764204861393,114.67191443273379,135.58979764254136,136.04967863759518,-0.45988099505382135,-2.198506371037588,-0.3391707953324163,15.427328289812698,0.019395138644968075,0.09272036969722852,-23.71114759590203,0.5019077291832209,-0.4598809950538219,0.0,172.7856490496772,0.0
L-main-threeshift-10c-01,geographic,ownership_fixed,2025-11-16,3,346.5176349145035,21.983681480308746,21.96443093625305,114.67191443273379,136.65559591304253,136.63634536898684,0.01925054405570137,0.0875674261972204,0.014086905060185742,16.08692372487807,0.5268096838174117,2.396366979249069,0.036541742961531176,0.5579861550080251,0.019250544055699592,0.0,227.3722232362444,0.0
L-main-threeshift-10c-01,geographic,ownership_fixed,2025-11-17,3,346.5176349145035,38.6851083720712,38.68565000280277,114.67191443273379,153.35702280480498,153.35756443553655,-0.0005416307315708006,-0.0014001013681063696,-0.00035318286809740424,25.22552124744242,0.26434765778849584,0.683331826929409,-0.0020489333482355213,0.20025592276334928,-0.0005416307315719848,0.0,227.3722232362444,0.0
L-main-threeshift-10c-01,geographic,ownership_fixed,2025-11-18,3,346.5176349145035,29.49526479583585,29.885305851306914,114.67191443273379,144.16717922856964,144.5572202840407,-0.39004105547106366,-1.3223853325979624,-0.27054774710731744,20.459070471977974,0.026535971685595666,0.08996688746236318,-14.69857822024987,0.2730636709238503,-0.3900410554710625,0.0,124.70599396994199,0.0
L-main-threeshift-10c-01,geographic,ownership_fixed,2025-11-19,3,346.5176349145035,54.18205794525205,54.37715924482276,114.67191443273379,168.85397237798583,169.04907367755655,-0.19510129957070652,-0.36008469772013,-0.11554439426154872,32.088115655321104,3.3280658280316877,6.142376192861691,-0.0586230290060383,0.06397155700117452,-0.19510129957070652,0.0,124.70599396994199,0.0
L-main-threeshift-10c-01,geographic,ownership_fixed,2025-11-20,3,346.5176349145035,32.99395572349331,33.22215530814381,114.67191443273379,147.6658701562271,147.8940697408776,-0.22819958465050524,-0.6916405736945813,-0.1545377983477667,22.343657128479627,0.0,0.0,0.0,0.046123610623268974,-0.22819958465050524,0.0,78.25430560433966,0.0
L-main-threeshift-10c-01,geographic,ownership_fixed,2025-11-21,3,346.5176349145035,44.449651719175414,44.449651719175414,114.67191443273379,159.1215661519092,159.1215661519092,0.0,0.0,0.0,27.93439807947874,0.0,0.0,0.0,0.0,0.0,0.0,0.0,0.0
L-main-threeshift-10c-01,geographic,ownership_fixed,2025-11-22,3,346.5176349145035,73.5751749169249,56.05738482789898,114.67191443273379,188.24708934965867,170.72929926063276,17.517790089025915,23.80937606849808,9.30574286675295,39.084362563642635,17.517790089025915,23.80937606849808,1.0,15.225940385681085,17.51779008902592,0.0,291.46151342472496,0.0
L-main-threeshift-10c-01,geographic,ownership_fixed,2025-11-23,3,346.5176349145035,32.50443613743684,32.51167322062383,114.67191443273379,147.17635057017063,147.18358765335762,-0.00723708318698139,-0.02226490918464545,-0.004917286750856687,22.08536630478509,0.0,0.0,0.0,0.026535971685595666,-0.007237083186982574,0.0,78.25430560433966,0.0
L-main-threeshift-10c-01,geographic,ownership_fixed,2025-11-24,3,346.5176349145035,24.90986776724679,19.72740683422529,114.67191443273379,139.58178219998058,134.39932126695908,5.182460933021498,20.804851239859868,3.71284909200867,17.846073731569145,5.288206124138767,21.229362490201833,0.9800035799220118,3.998679192196583,5.182460933021497,0.0,291.46151342472496,0.0
L-main-threeshift-10c-01,geographic,ownership_fixed,2025-11-25,3,346.5176349145035,31.97786468192459,31.97786468192459,114.67191443273379,146.64977911465837,146.64977911465837,0.0,0.0,0.0,21.805600305011467,0.0,0.0,0.0,0.0,0.0,0.0,0.0,0.0
L-main-threeshift-10c-01,geographic,ownership_fixed,2025-11-26,3,346.5176349145035,43.601080806976135,43.601080806976135,114.67191443273379,158.27299523970993,158.27299523970993,0.0,0.0,0.0,27.548022795007316,0.0,0.0,0.0,0.0,0.0,0.0,0.0,0.0
L-main-threeshift-10c-01,geographic,ownership_fixed,2025-11-27,3,346.5176349145035,62.49378987796327,44.03516046335002,114.67191443273379,177.16570431069707,158.7070748960838,18.45862941461326,29.536741891728656,10.418850243296637,35.27420282673184,18.45862941461326,29.536741891728656,1.0,16.636425209645633,18.45862941461326,0.0,291.46151342472496,0.0
L-main-threeshift-10c-01,geographic,ownership_fixed,2025-11-28,3,346.5176349145035,26.444410732926013,26.37889198365777,114.67191443273379,141.1163251656598,141.05080641639157,0.06551874926823942,0.2477602920705729,0.04642889417034168,18.739441168045083,0.06551874926823942,0.2477602920705729,1.0,0.02199999999999965,0.06551874926823824,0.0,78.25430560433966,0.0
L-main-threeshift-10c-01,geographic,ownership_fixed,2025-11-29,3,346.5176349145035,28.38069037705643,25.33442041367593,114.67191443273379,143.0526048097902,140.00633484640971,3.046269963380501,10.733600637999887,2.1294753544900296,19.839338413161226,3.3000858153296626,11.627926493280532,0.9230881055364899,3.8545004620469974,3.046269963380501,0.0,291.46151342472496,0.0
L-main-threeshift-10c-01,geographic,reassignment_allowed,2025-11-02,3,256.00381173042337,11.69597495184158,11.453995614767729,154.29159287664743,165.987567828489,165.74558849141516,0.24197933707384914,2.0689112115082673,0.1457816029474452,7.0462957586840185,0.5740046264259474,4.907710804694978,0.4215633915366482,2.360532053396764,0.24197933707384914,0.0,256.00381173042337,0.0
L-main-threeshift-10c-01,geographic,reassignment_allowed,2025-11-03,3,256.00381173042337,18.089440736388724,18.174796617442414,154.29159287664743,172.38103361303615,172.46638949408984,-0.0853558810536903,-0.47185472617729074,-0.049515819266578144,10.49386951524853,0.0798612566552599,0.44147996513021526,-1.068802127947338,2.0564645265010078,-0.0853558810536903,0.0,256.00381173042337,0.0
L-main-threeshift-10c-01,geographic,reassignment_allowed,2025-11-04,3,256.00381173042337,16.019866169742034,15.932916406148257,154.29159287664743,170.31145904638947,170.22450928279568,0.08694976359377904,0.542762109698568,0.0510533842412187,9.40621744387648,0.9534349526605895,5.9515787620087375,0.09119632477406356,0.7014249030275378,0.08694976359377904,0.0,256.00381173042337,0.0
L-main-threeshift-10c-01,geographic,reassignment_allowed,2025-11-05,3,256.00381173042337,15.624718789640076,15.603028165622439,154.29159287664743,169.9163116662875,169.89462104226988,0.0216906240176377,0.13882249216555248,0.012765474841660691,9.195537871800523,0.09599902293972325,0.6144048045419871,0.22594629979991576,0.13921061539765014,0.0216906240176377,0.0,94.04889176221758,0.0
L-main-threeshift-10c-01,geographic,reassignment_allowed,2025-11-06,3,256.00381173042337,18.107430350796353,17.947715607902513,154.29159287664743,172.3990232274438,172.23930848454995,0.15971474289383872,0.882039802443943,0.09264248712310227,10.503209363841613,0.26217774904448987,1.447901463461708,0.6091849650701523,0.4473802709749973,0.15971474289383872,0.0,94.04889176221758,0.0
L-main-threeshift-10c-01,geographic,reassignment_allowed,2025-11-07,3,256.00381173042337,35.946486696092954,35.946486696092954,154.29159287664743,190.2380795727404,190.2380795727404,0.0,0.0,0.0,18.895526477572684,0.0,0.0,0.0,0.0,0.0,0.0,0.0,0.0
L-main-threeshift-10c-01,geographic,reassignment_allowed,2025-11-08,3,256.00381173042337,49.83896517454525,50.66291744220671,154.29159287664743,204.13055805119268,204.95451031885415,-0.8239522676614636,-1.6532290844639945,-0.4036398447775906,24.415239761430737,0.2492651307610553,0.5001410641013168,-3.305525586935388,1.3862202788038236,-0.8239522676614636,0.0,256.00381173042337,0.0
L-main-threeshift-10c-01,geographic,reassignment_allowed,2025-11-09,3,256.00381173042337,44.70056855349855,44.63726938662911,154.29159287664743,198.99216143014598,198.92886226327653,0.06329916686943686,0.1416070732829251,0.031809879552294494,22.463482095092573,0.14737705490034614,0.3296983901311284,0.42950489757200455,0.21248924067263886,0.06329916686943686,0.0,94.04889176221758,0.0
L-main-threeshift-10c-01,geographic,reassignment_allowed,2025-11-10,3,256.00381173042337,35.05558326522053,31.038479919124082,154.29159287664743,189.34717614186795,185.3300727957715,4.017103346096448,11.459239789862265,2.12155439967409,18.513919235296758,4.174871363345621,11.909290830392798,0.9622100890019418,5.696764536838441,4.017103346096448,0.0,256.00381173042337,0.0
L-main-threeshift-10c-01,geographic,reassignment_allowed,2025-11-11,3,256.00381173042337,22.7221611943835,23.338241613295093,154.29159287664743,177.01375407103092,177.6298344899425,-0.6160804189115984,-2.711363649087579,-0.348040988195969,12.836381734080222,0.022992068058085142,0.10118785735825321,-26.795346001724894,0.11741837205275492,-0.6160804189115984,0.0,139.2103573447812,0.0
L-main-threeshift-10c-01,geographic,reassignment_allowed,2025-11-12,3,256.00381173042337,24.238649192953545,14.900716161444217,154.29159287664743,178.53024206960097,169.19230903809165,9.337933031509325,38.52497289421545,5.230448871440437,13.576774955306439,9.337933031509325,38.52497289421545,1.0,7.778038660222978,9.337933031509325,0.0,256.00381173042337,0.0
L-main-threeshift-10c-01,geographic,reassignment_allowed,2025-11-13,3,256.00381173042337,12.752415718819373,12.752415718819373,154.29159287664743,167.0440085954668,167.0440085954668,0.0,0.0,0.0,7.634165287365741,0.007625706846361879,0.0597981356199692,0.0,0.0,0.0,0.0,0.0,0.0
L-main-threeshift-10c-01,geographic,reassignment_allowed,2025-11-14,3,256.00381173042337,14.843346229139579,14.694640718298393,154.29159287664743,169.134939105787,168.98623359494582,0.14870551084118588,1.0018327979795825,0.08792122528165316,8.776037823773166,0.2135360167890704,1.4385975607701527,0.6963954515835907,0.12843127838299986,0.14870551084118588,0.0,94.04889176221758,0.0
L-main-threeshift-10c-01,geographic,reassignment_allowed,2025-11-15,3,256.00381173042337,15.187326267899847,15.625507855030557,154.29159287664743,169.47891914454726,169.91710073167798,-0.4381815871307116,-2.8851792567126084,-0.2585463663224037,8.961189004838232,0.1460479147019408,0.9616433605606394,-3.000259113763907,0.729691921722677,-0.4381815871307116,0.0,139.2103573447812,0.0
L-main-threeshift-10c-01,geographic,reassignment_allowed,2025-11-16,3,256.00381173042337,12.958291416669176,12.950815047268586,154.29159287664743,167.2498842933166,167.242407923916,0.0074763694005900065,0.05769564181102316,0.004470179116822723,7.747862709395607,0.5288346348338356,4.081052183728156,0.01413744279993905,0.6775398876221566,0.0074763694005900065,0.0,256.00381173042337,0.0
L-main-threeshift-10c-01,geographic,reassignment_allowed,2025-11-17,3,256.00381173042337,30.413814513086823,30.368780613829443,154.29159287664743,184.70540738973426,184.66037349047687,0.04503389925738569,0.14807053958328034,0.02438147312187928,16.46612026301575,1.007848217110033,3.313784322174924,0.044683215679558096,0.49606820727832,0.04503389925738569,0.0,256.00381173042337,0.0
L-main-threeshift-10c-01,geographic,reassignment_allowed,2025-11-18,3,256.00381173042337,17.964526519449237,18.19824399518903,154.29159287664743,172.25611939609666,172.48983687183647,-0.2337174757397964,-1.300994353994039,-0.1356802165050355,10.42896274595648,0.5103715234980383,2.8409962430431226,-0.45793596425192157,0.9299354322519365,-0.2337174757397964,0.0,139.2103573447812,0.0
L-main-threeshift-10c-01,geographic,reassignment_allowed,2025-11-19,3,256.00381173042337,42.926078232958254,41.061921152975394,154.29159287664743,197.21767110960567,195.35351402962283,1.86415707998286,4.342714631106405,0.9452282188987193,21.765837711926768,4.380454734203596,10.204646952444685,0.42556245711822877,0.85173726691909,1.86415707998286,0.0,139.2103573447812,0.0
L-main-threeshift-10c-01,geographic,reassignment_allowed,2025-11-20,3,256.00381173042337,22.83529623680093,23.07060089691603,154.29159287664743,177.12688911344836,177.36219377356346,-0.23530466011509787,-1.030442774532022,-0.13284525082150972,12.892055153847986,0.06599999999999777,0.28902624829378576,-3.5652221229561487,0.22246316767588561,-0.23530466011509787,0.0,94.04889176221758,0.0
L-main-threeshift-10c-01,geographic,reassignment_allowed,2025-11-21,3,256.00381173042337,27.61685454293564,27.61685454293564,154.29159287664743,181.90844741958307,181.90844741958307,0.0,0.0,0.0,15.181732863254922,0.0,0.0,0.0,0.0,0.0,0.0,0.0,0.0
L-main-threeshift-10c-01,geographic,reassignment_allowed,2025-11-22,3,256.00381173042337,58.930211933900615,42.71110451833175,154.29159287664743,213.22180481054804,197.00269739497918,16.21910741556887,27.52256759870662,7.606683298633497,27.637985705196204,16.21910741556887,27.52256759870662,1.0,14.184296001369319,16.21910741556887,0.0,256.00381173042337,0.0
L-main-threeshift-10c-01,geographic,reassignment_allowed,2025-11-23,3,256.00381173042337,25.36158232513399,25.353947386234974,154.29159287664743,179.6531752017814,179.6455402628824,0.0076349388990154905,0.030104347596045168,0.004249821296194816,14.116968596101112,0.08769985607029203,0.3457980458237386,0.08705759896454146,0.25929948991989465,0.0076349388990154905,0.0,94.04889176221758,0.0
L-main-threeshift-10c-01,geographic,reassignment_allowed,2025-11-24,3,256.00381173042337,17.327582443972027,12.229741582315718,154.29159287664743,171.61917532061946,166.52133445896314,5.097840861656308,29.42038151103855,2.970437803428729,10.096530537220321,5.191523700687867,29.961038808930386,0.9819546544650954,3.8311418183694674,5.097840861656308,0.0,256.00381173042337,0.0
L-main-threeshift-10c-01,geographic,reassignment_allowed,2025-11-25,3,256.00381173042337,20.93867653973275,20.93867653973275,154.29159287664743,175.23026941638017,175.23026941638017,0.0,0.0,0.0,11.949234917843164,0.0,0.0,0.0,0.0,0.0,0.0,0.0,0.0
L-main-threeshift-10c-01,geographic,reassignment_allowed,2025-11-26,3,256.00381173042337,28.532819551045417,28.532819551045417,154.29159287664743,182.82441242769283,182.82441242769283,0.0,0.0,0.0,15.606679202281132,0.00733333333333519,0.02570139736879422,0.0,0.0,0.0,0.0,0.0,0.0
L-main-threeshift-10c-01,geographic,reassignment_allowed,2025-11-27,3,256.00381173042337,50.98976003745005,33.66757058599722,154.29159287664743,205.28135291409748,187.95916346264465,17.322189451452832,33.97189835514099,8.438267385494832,24.83896336107418,17.322189451452832,33.97189835514099,1.0,15.752649703356797,17.322189451452832,0.0,256.00381173042337,0.0
L-main-threeshift-10c-01,geographic,reassignment_allowed,2025-11-28,3,256.00381173042337,19.60186016322561,19.34644023254105,154.29159287664743,173.89345303987304,173.63803310918848,0.25541993068456154,1.303039245039337,0.14688300578285418,11.27233936675637,0.4389491541172272,2.2393239746742246,0.5818895612140723,0.126748747832508,0.25541993068456154,0.0,94.04889176221758,0.0
L-main-threeshift-10c-01,geographic,reassignment_allowed,2025-11-29,3,256.00381173042337,21.56768606006854,18.9041273781159,154.29159287664743,175.85927893671595,173.19572025476333,2.6635586819526416,12.349765637974876,1.5145966127332637,12.264172917386864,3.0230001907549267,14.01633991859635,0.881097755169998,3.7241512016957308,2.6635586819526416,0.0,256.00381173042337,0.0
L-main-threeshift-10c-01,mixed,ownership_fixed,2025-11-02,3,501.2103084900438,24.822019252284658,24.98279848869905,122.76078866350157,147.58280791578622,147.74358715220063,-0.16077923641439304,-0.6477282721452836,-0.10894171122298811,16.819045255222825,0.20010972010565098,0.8061782487225835,-0.8034554060117979,1.6258057217794704,-0.16077923641439185,0.0,425.32508571681365,0.0
L-main-threeshift-10c-01,mixed,ownership_fixed,2025-11-03,3,501.2103084900438,34.978220246508975,35.23175601172192,122.76078866350157,157.73900891001054,157.99254467522348,-0.25353576521294724,-0.7248389524285517,-0.16073117674879545,22.174743259902126,0.036262773658978155,0.10367243788682298,-6.991626387910769,1.2480226929241962,-0.25353576521294485,0.0,425.32508571681365,0.0
L-main-threeshift-10c-01,mixed,ownership_fixed,2025-11-04,3,501.2103084900438,31.5024471737573,31.259396205095104,122.76078866350157,154.26323583725886,154.0201848685967,0.24305096866219364,0.7715304380056673,0.15755599015088861,20.421228041003264,0.7459203661358865,2.3678172112205482,0.3258403707640774,0.27550701535449323,0.24305096866219364,0.0,425.32508571681365,0.0
L-main-threeshift-10c-01,mixed,ownership_fixed,2025-11-05,3,501.2103084900438,33.23960036005528,33.28343139426651,122.76078866350157,156.00038902355686,156.0442200577681,-0.04383103421122551,-0.1318639025031666,-0.028096746736065378,21.307382993151336,0.0,0.0,0.0,0.009356753179037725,-0.04383103421122551,0.0,49.52112072359682,0.0
L-main-threeshift-10c-01,mixed,ownership_fixed,2025-11-06,3,501.2103084900438,46.94673207354848,46.94673207354848,122.76078866350157,169.70752073705006,169.70752073705006,0.0,0.0,0.0,27.66331855515653,0.0,0.0,0.0,0.0,0.0,0.0,0.0,0.0
L-main-threeshift-10c-01,mixed,ownership_fixed,2025-11-07,3,501.2103084900438,84.36880340496133,84.36880340496133,122.76078866350157,207.1295920684629,207.1295920684629,0.0,0.0,0.0,40.732375592703704,0.0,0.0,0.0,0.0,0.0,0.0,0.0,0.0
L-main-threeshift-10c-01,mixed,ownership_fixed,2025-11-08,3,501.2103084900438,98.44390414803597,99.35253313032588,122.76078866350157,221.20469281153754,222.11332179382745,-0.9086289822899261,-0.9229916165490212,-0.4107638815167731,44.50353330971527,0.3885405578877652,0.3946821910917852,-2.338569201705823,0.9138854544079654,-0.9086289822899261,0.0,425.32508571681365,0.0
L-main-threeshift-10c-01,mixed,ownership_fixed,2025-11-09,3,501.2103084900438,86.8222090507129,87.1589277467168,122.76078866350157,209.58299771421446,209.91971641021837,-0.33671869600388976,-0.38782553414093873,-0.16066126531076552,41.4261700603705,0.005041912376138195,0.005807168962025848,-66.78392460715398,0.3458918860633607,-0.33671869600388976,0.0,329.8679809888708,0.0
L-main-threeshift-10c-01,mixed,ownership_fixed,2025-11-10,3,501.2103084900438,63.56116433019463,61.59002044955779,122.76078866350157,186.3219529936962,184.35080911305937,1.9711438806368282,3.1011764831696755,1.0579235827908682,34.11362070273334,2.1946194457987525,3.4527678479863875,0.8981711541881521,3.6267329982730345,1.9711438806368282,0.0,425.32508571681365,0.0
L-main-threeshift-10c-01,mixed,ownership_fixed,2025-11-11,3,501.2103084900438,49.92648396119154,49.96455897976259,122.76078866350157,172.68727262469312,172.72534764326417,-0.03807501857105441,-0.07626216699067087,-0.02204853779456236,28.911501816175186,0.0,0.0,0.0,0.01730682662320741,-0.03807501857105441,0.0,45.93598400434606,0.0
L-main-threeshift-10c-01,mixed,ownership_fixed,2025-11-12,3,501.2103084900438,49.17689497665689,36.22357702807056,122.76078866350157,171.93768364015847,158.98436569157212,12.953317948586337,26.340251768101606,7.533728310366109,28.601580488647997,12.953317948586337,26.340251768101606,1.0,10.347569334677337,12.953317948586337,0.0,425.32508571681365,0.0
L-main-threeshift-10c-01,mixed,ownership_fixed,2025-11-13,3,501.2103084900438,34.1703923429211,34.1703923429211,122.76078866350157,156.93118100642266,156.93118100642266,0.0,0.0,0.0,21.77412552673176,0.0,0.0,0.0,0.0,0.0,0.0,0.0,0.0
L-main-threeshift-10c-01,mixed,ownership_fixed,2025-11-14,3,501.2103084900438,32.94302401367378,32.94302401367378,122.76078866350157,155.70381267717534,155.70381267717534,0.0,0.0,0.0,21.157493478965335,0.0,0.0,0.0,0.0,0.0,0.0,0.0,0.0
L-main-threeshift-10c-01,mixed,ownership_fixed,2025-11-15,3,501.2103084900438,34.871880188953355,35.02990719410072,122.76078866350157,157.6326688524549,157.7906958576023,-0.15802700514736875,-0.45316456781538333,-0.10025016152919604,22.122241818790517,0.0,0.0,0.0,0.14274738740159876,-0.15802700514736875,0.0,95.45710472794288,0.0
L-main-threeshift-10c-01,mixed,ownership_fixed,2025-11-16,3,501.2103084900438,33.717014669011995,33.730109923879446,122.76078866350157,156.47780333251356,156.49089858738103,-0.013095254867449077,-0.03883871391343677,-0.008368761951253757,21.547474434673475,0.21035641553151999,0.6238880209191546,-0.06225270018202451,0.20508579054411533,-0.013095254867449077,0.0,95.45710472794288,0.0
L-main-threeshift-10c-01,mixed,ownership_fixed,2025-11-17,3,501.2103084900438,60.778287598966244,60.772191979579,122.76078866350157,183.5390762624678,183.53298064308058,0.006095619387238571,0.01002927135338089,0.00332115618720975,33.114630865882205,0.03143911921120927,0.05172755017162412,0.19388645547885597,0.028962019149505618,0.006095619387238571,0.0,95.45710472794288,0.0
L-main-threeshift-10c-01,mixed,ownership_fixed,2025-11-18,3,501.2103084900438,49.372435849830175,49.44339383898532,122.76078866350157,172.13322451333175,172.2041825024869,-0.07095798915514706,-0.1437198467804402,-0.04122271534491086,28.682688068744255,0.0,0.0,0.0,0.01730682662320741,-0.07095798915514706,0.0,45.93598400434606,0.0
L-main-threeshift-10c-01,mixed,ownership_fixed,2025-11-19,3,501.2103084900438,84.06060054551463,81.45788706785935,122.76078866350157,206.82138920901622,204.21867573136092,2.602713477655295,3.096234693500738,1.2584353521699638,40.64405565933123,4.409661809839311,5.245812879306874,0.5902297250659543,0.1910035846288641,2.602713477655295,0.0,309.40007198552786,0.0
L-main-threeshift-10c-01,mixed,ownership_fixed,2025-11-20,3,501.2103084900438,54.64903105829487,54.64903105829487,122.76078866350157,177.40981972179645,177.40981972179645,0.0,0.0,0.0,30.803836644438416,0.0,0.0,0.0,0.0,0.0,0.0,0.0,0.0
L-main-threeshift-10c-01,mixed,ownership_fixed,2025-11-21,3,501.2103084900438,73.28050837051228,73.28050837051228,122.76078866350157,196.04129703401384,196.04129703401384,0.0,0.0,0.0,37.380138511222896,0.0,0.0,0.0,0.0,0.0,0.0,0.0,0.0
L-main-threeshift-10c-01,mixed,ownership_fixed,2025-11-22,3,501.2103084900438,107.524063000904,86.78756884883838,122.76078866350157,230.28485166440555,209.54835751233995,20.736494152065617,19.285445111845593,9.004714813931807,46.69176553462533,20.736494152065617,19.285445111845593,1.0,19.865678948496278,20.736494152065614,0.0,425.32508571681365,0.0
L-main-threeshift-10c-01,mixed,ownership_fixed,2025-11-23,3,501.2103084900438,52.467707515498546,52.467707515498546,122.76078866350157,175.2284961790001,175.2284961790001,0.0,0.0,0.0,29.942451518788094,0.0,0.0,0.0,0.0,0.0,0.0,0.0,0.0
L-main-threeshift-10c-01,mixed,ownership_fixed,2025-11-24,3,501.2103084900438,32.8069947347142,29.416687779088676,122.76078866350157,155.56778339821577,152.17747644259026,3.3903069556255274,10.334097905158401,2.179311732524442,21.088553181179076,3.5328351793893162,10.768542525631286,0.9596561355040554,2.8587061221500725,3.3903069556255283,0.0,425.32508571681365,0.0
L-main-threeshift-10c-01,mixed,ownership_fixed,2025-11-25,3,501.2103084900438,59.28073874594573,59.28073874594573,122.76078866350157,182.0415274094473,182.0415274094473,0.0,0.0,0.0,32.564404171698506,0.0,0.0,0.0,0.0,0.0,0.0,0.0,0.0
L-main-threeshift-10c-01,mixed,ownership_fixed,2025-11-26,3,501.2103084900438,74.00729008936871,74.00729008936871,122.76078866350157,196.76807875287028,196.76807875287028,0.0,0.0,0.0,37.61143095894011,0.0,0.0,0.0,0.0,0.0,0.0,0.0,0.0
L-main-threeshift-10c-01,mixed,ownership_fixed,2025-11-27,3,501.2103084900438,92.30699668987133,70.81587634108087,122.76078866350157,215.0677853533729,193.57666500458242,21.491120348790464,23.282222496085872,9.992719417963459,42.919954998468896,21.491120348790464,23.282222496085872,1.0,19.816893662542757,21.491120348790464,0.0,425.32508571681365,0.0
L-main-threeshift-10c-01,mixed,ownership_fixed,2025-11-28,3,501.2103084900438,40.57553743000431,40.66614014854131,122.76078866350157,163.33632609350587,163.4269288120429,-0.09060271853700404,-0.22329394575068826,-0.05547003578685631,24.84171059827552,0.0,0.0,0.0,0.052328315813885716,-0.09060271853700286,0.0,263.4640879811818,0.0
L-main-threeshift-10c-01,mixed,ownership_fixed,2025-11-29,3,501.2103084900438,40.58847217514724,38.496396272451356,122.76078866350157,163.3492608386488,161.25718493595292,2.0920759026958833,5.154359823321667,1.2807379059782642,24.84766197701944,2.407546551181987,5.931601812438148,0.8689659195452635,3.2166327474617376,2.092075902695884,0.0,425.32508571681365,0.0
L-main-threeshift-10c-01,mixed,reassignment_allowed,2025-11-02,3,295.75751704616476,14.371955061060396,14.170937155297791,139.00748469182304,153.37943975288343,153.17842184712083,0.2010179057626047,1.3986817027228662,0.13105922546494744,9.370196607978034,0.5213983037874428,3.6278871007614524,0.38553617129631707,2.4156038115041696,0.2010179057626047,0.0,269.4463902471622,0.0
L-main-threeshift-10c-01,mixed,reassignment_allowed,2025-11-03,3,295.75751704616476,20.665222313215637,20.81713453413983,139.00748469182304,159.67270700503866,159.82461922596286,-0.15191222092419446,-0.7351105089590299,-0.09513975417188905,12.942238345444673,0.06649603402904347,0.32177749177427684,-2.284530545954722,2.052284823335963,-0.15191222092419446,0.0,269.4463902471622,0.0
L-main-threeshift-10c-01,mixed,reassignment_allowed,2025-11-04,3,295.75751704616476,19.219908458079473,19.15407007410094,139.00748469182304,158.22739314990253,158.16155476592397,0.06583838397853488,0.34255305701447497,0.04160997831529745,12.147017071734721,1.0124772032136349,5.267856532313607,0.06502702852919726,0.5769241437081499,0.06583838397853488,0.0,269.4463902471622,0.0
L-main-threeshift-10c-01,mixed,reassignment_allowed,2025-11-05,3,295.75751704616476,19.81573284506318,19.838174075874424,139.00748469182304,158.8232175368862,158.84565876769747,-0.02244123081124627,-0.11324956279291581,-0.014129691589980769,12.476597031829453,0.09048017014521766,0.4566077411957012,-0.24802374680804473,0.1273677089172196,-0.02244123081124627,0.0,107.49147027895644,0.0
L-main-threeshift-10c-01,mixed,reassignment_allowed,2025-11-06,3,295.75751704616476,25.32498146829612,25.172362393280935,139.00748469182304,164.33246616011917,164.17984708510397,0.15261907501518834,0.6026423956370881,0.0928721381607468,15.410820551807724,0.22496034029043463,0.8882941950897708,0.6784265831841727,0.3491309729280587,0.15261907501518834,0.0,58.17063263762308,0.0
L-main-threeshift-10c-01,mixed,reassignment_allowed,2025-11-07,3,295.75751704616476,43.782020289717366,43.782020289717366,139.00748469182304,182.7895049815404,182.7895049815404,0.0,0.0,0.0,23.952152118437454,0.0,0.0,0.0,0.0,0.0,0.0,0.0,0.0
L-main-threeshift-10c-01,mixed,reassignment_allowed,2025-11-08,3,295.75751704616476,57.55250818458506,58.65972477769734,139.00748469182304,196.5599928764081,197.66720946952037,-1.1072165931122886,-1.923837254079653,-0.563297025457504,29.279868879916272,0.2492651307610553,0.4331090661793586,-4.441923303639539,1.2296798979766,-1.1072165931122886,0.0,269.4463902471622,0.0
L-main-threeshift-10c-01,mixed,reassignment_allowed,2025-11-09,3,295.75751704616476,51.37477202378901,51.2970815612966,139.00748469182304,190.38225671561204,190.30456625311965,0.07769046249240812,0.15122298247169574,0.04080761717645782,26.985063056864213,0.14737705490034614,0.2868665866431551,0.5271543968967292,0.1349762041742603,0.07769046249240812,0.0,58.17063263762308,0.0
L-main-threeshift-10c-01,mixed,reassignment_allowed,2025-11-10,3,295.75751704616476,40.787011073094185,36.80444683649287,139.00748469182304,179.79449576491723,175.8119315283159,3.9825642366013128,9.76429537693797,2.2150646045408133,22.68535023809824,4.184767934458345,10.260050502251428,0.9516810248444029,5.809944677029509,3.9825642366013128,0.0,269.4463902471622,0.0
L-main-threeshift-10c-01,mixed,reassignment_allowed,2025-11-11,3,295.75751704616476,26.73125586514334,27.160664050806947,139.00748469182304,165.73874055696638,166.16814874263,-0.42940818566361116,-1.6063898674642707,-0.2590873951500907,16.128550135781616,0.04633483443516203,0.1733357933832847,-9.267502320840213,0.143073926095821,-0.452106491908354,0.022698306244740785,103.3320982201867,26.31112679900256
L-main-threeshift-10c-01,mixed,reassignment_allowed,2025-11-12,3,295.75751704616476,29.527488279589818,19.850010472262596,139.00748469182304,168.53497297141286,158.85749516408563,9.677477807327218,32.77447006563219,5.742118467582824,17.52009553803311,9.677477807327218,32.77447006563219,1.0,7.795855769807012,9.677477807327216,0.0,269.4463902471622,0.0
L-main-threeshift-10c-01,mixed,reassignment_allowed,2025-11-13,3,295.75751704616476,17.205154094879347,17.205154094879347,139.00748469182304,156.21263878670237,156.21263878670237,0.0,0.0,0.0,11.013932181487442,0.006837299304289483,0.03973983183518491,0.0,0.0,0.0,0.0,0.0,0.0
L-main-threeshift-10c-01,mixed,reassignment_allowed,2025-11-14,3,295.75751704616476,18.2577147931709,18.1186451244006,139.00748469182304,157.26519948499393,157.12612981622362,0.13906966877029703,0.7617035885691156,0.08843003361564865,11.609507286393027,0.18376488462179927,1.0065053962313757,0.7567804319988116,0.14422443752409345,0.1408214354204643,-0.0017517666501669638,58.17063263762308,26.31112679900256
L-main-threeshift-10c-01,mixed,reassignment_allowed,2025-11-15,3,295.75751704616476,19.37179792118692,19.74000295226918,139.00748469182304,158.37928261300996,158.74748764409222,-0.3682050310822594,-1.9007271941421284,-0.23248307796793455,12.231270151993755,0.11931746944950798,0.6159338949071452,-3.0859272559252027,0.584678960210983,-0.3682050310822606,0.0,152.65293586152004,0.0
L-main-threeshift-10c-01,mixed,reassignment_allowed,2025-11-16,3,295.75751704616476,18.251634320437685,18.352222811235617,139.00748469182304,157.25911901226073,157.35970750305864,-0.1005884907979322,-0.5511204587596626,-0.06396353447083078,11.606089640508982,0.4972679337031695,2.724511816162909,-0.2022822787885127,0.6278663230466061,-0.1005884907979322,0.0,269.4463902471622,0.0
L-main-threeshift-10c-01,mixed,reassignment_allowed,2025-11-17,3,295.75751704616476,35.81438561965393,35.81861805909952,139.00748469182304,174.82187031147697,174.82610275092256,-0.004232439445587488,-0.011817707807515324,-0.002421001124199522,20.486215801171838,0.8584636008829326,2.396979833745443,-0.0049302491581872665,0.37767669314233626,-0.004232439445587488,0.0,269.4463902471622,0.0
L-main-threeshift-10c-01,mixed,reassignment_allowed,2025-11-18,3,295.75751704616476,24.31882305155517,24.471247125685114,139.00748469182304,163.3263077433782,163.47873181750816,-0.15242407412994416,-0.6267740581310606,-0.0933248759712588,14.889715801183376,0.45190481669704496,1.8582511815601455,-0.33729243083533805,0.7370724986684394,-0.11539577499871712,-0.0370282991312294,103.3320982201867,26.31112679900256
L-main-threeshift-10c-01,mixed,reassignment_allowed,2025-11-19,3,295.75751704616476,49.17719489169564,47.33925522046684,139.00748469182304,188.1846795835187,186.34673991228988,1.8379396712288003,3.7373820838633596,0.9766680663359207,26.132411522836108,4.1794032615904895,8.498661362842899,0.4397612664276298,0.7495459311617907,1.8379396712288003,0.0,103.3320982201867,0.0
L-main-threeshift-10c-01,mixed,reassignment_allowed,2025-11-20,3,295.75751704616476,29.148624194592514,29.328378112620225,139.00748469182304,168.15610888641555,168.33586280444325,-0.17975391802770938,-0.6166806255681058,-0.10689704894939486,17.334264207006324,0.06599999999999777,0.22642578105707545,-2.7235442125411433,0.17164287084092913,-0.17975391802770938,0.0,58.17063263762308,0.0
L-main-threeshift-10c-01,mixed,reassignment_allowed,2025-11-21,3,295.75751704616476,35.04566145711829,35.04566145711829,139.00748469182304,174.05314614894132,174.05314614894132,0.0,0.0,0.0,20.13503474802398,0.0,0.0,0.0,0.0,0.0,0.0,0.0,0.0
L-main-threeshift-10c-01,mixed,reassignment_allowed,2025-11-22,3,295.75751704616476,66.43737411749076,49.722843695773065,139.00748469182304,205.4448588093138,188.7303283875961,16.714530421717686,25.158324879244894,8.135774493744565,32.338299679309785,16.714530421717686,25.158324879244894,1.0,14.62807259755209,16.714530421717686,0.0,269.4463902471622,0.0
L-main-threeshift-10c-01,mixed,reassignment_allowed,2025-11-23,3,295.75751704616476,28.621472241351828,28.602837302452816,139.00748469182304,167.62895693317486,167.61032199427586,0.018634938899014724,0.06510824719942698,0.011116777936191254,17.07430074432889,0.08612304098614725,0.3009036022323062,0.21637576524976776,0.2102936736237666,0.018634938899014724,0.0,58.17063263762308,0.0
L-main-threeshift-10c-01,mixed,reassignment_allowed,2025-11-24,3,295.75751704616476,22.728664304672787,17.47642161934165,139.00748469182304,161.7361489964958,156.48390631116467,5.252242685331137,23.10845289862162,3.2474142100693473,14.05292783690876,5.386915410409219,23.700976609090585,0.9750000297354119,4.133930975559451,5.063241189620002,0.18900149571113425,269.4463902471622,26.31112679900256
L-main-threeshift-10c-01,mixed,reassignment_allowed,2025-11-25,3,295.75751704616476,28.250023676524492,28.250023676524492,139.00748469182304,167.25750836834754,167.25750836834754,0.0,0.0,0.0,16.890137819290054,0.0,0.0,0.0,0.0,0.0,0.0,0.0,0.0
L-main-threeshift-10c-01,mixed,reassignment_allowed,2025-11-26,3,295.75751704616476,35.450571897156,35.450571897156,139.00748469182304,174.45805658897905,174.45805658897905,0.0,0.0,0.0,20.320398260928183,0.009801886608748589,0.02764944564839288,0.0,0.0,0.0,0.0,0.0,0.0
L-main-threeshift-10c-01,mixed,reassignment_allowed,2025-11-27,3,295.75751704616476,56.254692793729454,38.4527935222112,139.00748469182304,195.26217748555248,177.46027821403425,17.80189927151826,31.645180850587785,9.116921413434216,28.809825598657866,17.80189927151826,31.645180850587785,1.0,16.29795789533276,17.80189927151826,0.0,269.4463902471622,0.0
L-main-threeshift-10c-01,mixed,reassignment_allowed,2025-11-28,3,295.75751704616476,22.647627775531674,22.472123809560713,139.00748469182304,161.6551124673547,161.47960850138375,0.17550396597095622,0.7749331087142353,0.1085669134073308,14.009843196332703,0.35745637431947824,1.5783391437829593,0.4909800987745116,0.11496034029043518,0.17550396597095622,0.0,58.17063263762308,0.0
L-main-threeshift-10c-01,mixed,reassignment_allowed,2025-11-29,3,295.75751704616476,25.012394820411348,22.148351961726366,139.00748469182304,164.01987951223438,161.15583665354941,2.8640428586849858,11.45049436189047,1.746155933782011,15.249611751205837,3.143708026361883,12.568600683515768,0.9110397131884588,3.8196230218462652,2.886259838163723,-0.02221697947873776,269.4463902471622,26.31112679900256
L-main-threeshift-150c-01,geographic,ownership_fixed,2025-11-02,3,3380.573988738395,191.1952925406201,190.49529699317813,2612.255153525179,2803.450446065799,2802.7504505183574,0.6999955474419911,0.366115471851,0.024969071539121535,6.819999005473151,3.4999950769828936,1.8305864283971882,0.1999990091544384,17.899381239048797,0.9366866854884345,-0.23669113804644817,2172.5548434650805,170.09272286102708
L-main-threeshift-150c-01,geographic,ownership_fixed,2025-11-03,3,3380.573988738395,228.61057165338198,230.11462210441798,2612.255153525179,2840.865725178561,2842.369775629597,-1.5040504510359654,-0.6579094046955964,-0.05294338404330705,8.047214960820185,0.6768180973850993,0.2960572175162954,-2.2222373438991885,14.696545169541887,-1.4423004419434449,-0.06175000909252285,2172.5548434650805,158.38151231767702
L-main-threeshift-150c-01,geographic,ownership_fixed,2025-11-04,3,3380.573988738395,220.66937184440062,220.04837942677113,2612.255153525179,2832.92452536958,2832.3035329519503,0.6209924176294616,0.2814130535828681,0.021920542254772836,7.789454673721403,7.09152087439971,3.2136407581746846,0.08756829862423947,4.100002255389967,0.7285004739645728,-0.10750805633510652,2172.5548434650805,110.86696643176246
L-main-threeshift-150c-01,geographic,ownership_fixed,2025-11-05,3,3380.573988738395,243.45453532100396,243.89629922825998,2612.255153525179,2855.709688846183,2856.151452753439,-0.44176390725599884,-0.18145642950274743,-0.015469496391087589,8.52518504496054,0.6824510481112611,0.2803197102947471,-0.6473195527776189,1.1328686017347518,-0.154761131955226,-0.28700277530075863,1090.3204308902098,151.2750041584209
L-main-threeshift-150c-01,geographic,ownership_fixed,2025-11-06,3,3380.573988738395,376.9923165122911,376.31985736943165,2612.255153525179,2989.24747003747,2988.575010894611,0.6724591428594143,0.1783747608122645,0.022495934164025073,12.611612798573866,1.4906026336167695,0.3953933723124491,0.45113239953680506,2.2841298380473822,0.9145244515825178,-0.2420653087230941,570.5448803786988,57.69476219206707
L-main-threeshift-150c-01,geographic,ownership_fixed,2025-11-07,3,3380.573988738395,558.8348299116511,558.6653233224591,2612.255153525179,3171.08998343683,3170.9204768476384,0.1695065891919588,0.030332144690902126,0.005345373044515357,17.622799505234646,0.24072075354896091,0.043075474301953874,0.7041627557778575,0.6774502367835945,0.0,0.1695065891919493,0.0,148.51732948161103
L-main-threeshift-150c-01,geographic,ownership_fixed,2025-11-08,3,3380.573988738395,646.3585425182331,654.7682679857548,2612.255153525179,3258.6136960434123,3267.023421510934,-8.40972546752183,-1.3010929560483993,-0.2580767851596789,19.835384086890613,2.455761378767003,0.3799379473193438,-3.4244880387133594,8.687208582373879,-8.322141605348028,-0.08758386217385805,2172.5548434650805,57.69476219206707
L-main-threeshift-150c-01,geographic,ownership_fixed,2025-11-09,3,3380.573988738395,551.0551541865127,551.8770176775091,2612.255153525179,3163.310307711692,3164.1321712026884,-0.8218634909964635,-0.14914359928449045,-0.02598112139023729,17.420205436157183,2.6199401791326977,0.4754406449569185,-0.31369551776122323,3.0183781872307613,-1.2924221460920837,0.4705586550955824,977.8273121571169,201.3971386812738
L-main-threeshift-150c-01,geographic,ownership_fixed,2025-11-10,3,3380.573988738395,431.48092158094613,403.5839111997871,2612.255153525179,3043.736075106125,3015.839064724966,27.89701038115898,6.465409937232991,0.9165384150525042,14.176029423507156,30.422134763713302,7.050632656537072,0.9169971337591266,42.87696499153255,27.98520109779768,-0.08819071663871607,2172.5548434650805,15.410953605076449
L-main-threeshift-150c-01,geographic,ownership_fixed,2025-11-11,3,3380.573988738395,319.5294921717082,320.6132225089529,2612.255153525179,2931.7846456968873,2932.868376034132,-1.0837303372446552,-0.33916441636701317,-0.03696486844063718,10.898805021054192,1.193927205310634,0.3736516454853699,-0.9077021885624024,1.8887761835706744,-1.950698257286111,0.8669679200414606,753.6171116793589,267.95918616923456
L-main-threeshift-150c-01,geographic,ownership_fixed,2025-11-12,3,3380.573988738395,311.75396831409336,235.7983046448935,2612.255153525179,2924.0091218392727,2848.0534581700726,75.95566366919984,24.363976529297684,2.597654812424863,10.661867159907919,76.10576773222041,24.41212477383561,0.998027691363042,61.345033924821564,76.0835781173496,-0.12791444814976197,2172.5548434650805,56.10799579137426
L-main-threeshift-150c-01,geographic,ownership_fixed,2025-11-13,3,3380.573988738395,216.2400702677118,216.2568481005485,2612.255153525179,2828.495223792891,2828.512001625728,-0.016777832836680773,-0.0077588916873312635,-0.0005931716870351444,7.645056935176405,0.027439806286849944,0.012689510437579227,-0.6114413732111973,0.031731903177444565,-0.016601053570525437,-0.0001767792661553358,21.475462610603888,39.59997037647645
L-main-threeshift-150c-01,geographic,ownership_fixed,2025-11-14,3,3380.573988738395,218.89696593153235,217.7391450007478,2612.255153525179,2831.1521194567113,2829.9942985259268,1.157820930784548,0.5289342069486229,0.04089575133838905,7.7317274627241845,1.7441877324862578,0.7968076327891238,0.6638166919876959,0.9046597409677114,1.0092031565519146,0.14861777423263334,316.25544060906003,243.11132649312762
L-main-threeshift-150c-01,geographic,ownership_fixed,2025-11-15,3,3380.573988738395,220.03059362879307,223.00737389582105,2612.255153525179,2832.2857471539724,2835.2625274210004,-2.976780267027967,-1.3528938035089806,-0.10510169286482449,7.768658012345372,0.832886734103179,0.3785322397067732,-3.5740517229311517,4.2097369831259925,-2.9005112493224536,-0.07626901770550394,1251.3046635998774,132.92045956701043
L-main-threeshift-150c-01,geographic,ownership_fixed,2025-11-16,3,3380.573988738395,278.200395297831,277.6214207198889,2612.255153525179,2890.4555488230103,2889.876574245068,0.5789745779420817,0.2081142182857983,0.020030565015187293,9.624794105936479,4.048809578909413,1.4553572343327938,0.14299871768680072,4.323338075228198,0.5607780913595045,0.01819648658260083,1721.2713305542766,73.23861112172986
L-main-threeshift-150c-01,geographic,ownership_fixed,2025-11-17,3,3380.573988738395,381.2016033744463,377.093410344408,2612.255153525179,2993.4567568996254,2989.348563869587,4.108193030038251,1.0776956323562101,0.13723909726002448,12.7344950781672,6.132520471031891,1.6087341754982196,0.6699028644819157,3.2908018350146144,4.466327460262875,-0.35813443022460945,1419.053514722699,151.2750041584209
L-main-threeshift-150c-01,geographic,ownership_fixed,2025-11-18,3,3380.573988738395,379.118210548148,380.45879164109766,2612.255153525179,2991.373364073327,2992.713945166277,-1.3405810929497193,-0.35360503812555993,-0.04481490371781146,12.673717533939193,3.451013182299713,0.9102736524605521,-0.38846014840672743,6.22575425118301,-0.935743966119683,-0.4048371268300362,753.6171116793589,243.398574394681
L-main-threeshift-150c-01,geographic,ownership_fixed,2025-11-19,3,3380.573988738395,509.9719215792402,501.07348657788833,2612.255153525179,3122.2270751044193,3113.3286401030673,8.898435001351856,1.7448872427713071,0.2850028132900698,16.333594876733454,31.67883040802576,6.211877373547409,0.28089531358132014,5.585225743527038,8.92920807869596,-0.030773077344131632,837.4264122721828,118.26209140190916
L-main-threeshift-150c-01,geographic,ownership_fixed,2025-11-20,3,3380.573988738395,376.7926092308854,377.7190548413558,2612.255153525179,2989.0477627560645,2989.974208366535,-0.9264456104704474,-0.24587680006821835,-0.030994674023415877,12.60577411728818,0.4485753532322481,0.11905099575808738,-2.0653065394584527,1.781407988604845,-0.8033172618512291,-0.12312834861920881,526.5437992463134,100.22501212979155
L-main-threeshift-150c-01,geographic,ownership_fixed,2025-11-21,3,3380.573988738395,525.8105223005916,525.423142766202,2612.255153525179,3138.065675825771,3137.6782962913812,0.38737953438974654,0.07367283802059256,0.012344532409692445,16.75588010637242,1.0459252416814404,0.19891675752420818,0.37037019373104635,1.9111510941273575,-0.018743933334083824,0.40612346772383984,10.58939999925397,136.59381035654815
L-main-threeshift-150c-01,geographic,ownership_fixed,2025-11-22,3,3380.573988738395,649.040851016674,518.5973865912846,2612.255153525179,3261.296004541853,3130.852540116464,130.4434644253893,20.09788200866854,3.999743177059882,19.901316841917613,130.48538639056397,20.10434107285672,0.9996787229104016,116.124899948774,130.485386390564,-0.04192196517467058,2172.5548434650805,70.42373422088603
L-main-threeshift-150c-01,geographic,ownership_fixed,2025-11-23,3,3380.573988738395,296.14287448097207,295.44276739404705,2612.255153525179,2908.3980280061514,2907.6979209192264,0.7001070869250157,0.23640855386172707,0.02407191451044179,10.182336517536164,1.2242165808233192,0.41338714732505855,0.5718817224760789,1.797368744986083,0.39304072912402904,0.30706635780097,316.25544060906003,194.07710069280358
L-main-threeshift-150c-01,geographic,ownership_fixed,2025-11-24,3,3380.573988738395,299.42989251927867,261.5320452892414,2612.255153525179,2911.685046044458,2873.7871988144207,37.897847230037236,12.656667946937596,1.3015778365699853,10.283732195762587,39.11938815871761,13.06462351824106,0.9687740277602435,29.795633942433806,36.87702619592818,1.0208210341090382,2172.5548434650805,281.05878607338576
L-main-threeshift-150c-01,geographic,ownership_fixed,2025-11-25,3,3380.573988738395,380.3385811557226,380.6194456845454,2612.255153525179,2992.593734680902,2992.8745992097247,-0.2808645288227846,-0.07384592117090268,-0.009385321019952379,12.709328925874992,0.048189761708007005,0.012670227028132232,-5.828302918877421,0.44681532407253144,0.0,-0.28086452882280355,0.0,97.70732154757691
L-main-threeshift-150c-01,geographic,ownership_fixed,2025-11-26,3,3380.573988738395,499.13248844081664,499.21205554251713,2612.255153525179,3111.387641965996,3111.4672090676963,-0.07956710170045274,-0.01594107847978467,-0.002557286679012988,16.042118368941946,0.23381923806607574,0.0468451249880522,-0.3402932212017884,0.3513541573932268,0.0015983584142513034,-0.0811654601146851,5.73497491907754,98.30675534313389
L-main-threeshift-150c-01,geographic,ownership_fixed,2025-11-27,3,3380.573988738395,533.897682113793,395.7152480790976,2612.255153525179,3146.152835638972,3007.970401604277,138.1824340346955,25.881819431694737,4.392108115962877,16.969858427280133,138.3071324865561,25.905175676915153,0.999098394640835,126.7049856563421,138.14621611069353,0.03621792400196,2172.5548434650805,150.67357279968405
L-main-threeshift-150c-01,geographic,ownership_fixed,2025-11-28,3,3380.573988738395,267.66034110850774,266.5152610592725,2612.255153525179,2879.9154946336866,2878.770414584452,1.1450800492351618,0.4278108757139161,0.03976089060143799,9.294034550918413,2.4966213333446867,0.9327572859710931,0.45865187240914707,1.1897166355803392,1.1539186275048887,-0.008838578269745767,766.4997321576724,120.79845842448287
L-main-threeshift-150c-01,geographic,ownership_fixed,2025-11-29,3,3380.573988738395,272.1431602903299,250.82324024586705,2612.255153525179,2884.398313815509,2863.078393771046,21.31992004446285,7.834082628318922,0.7391461831864914,9.435006219038327,23.624921861655377,8.681063979874288,0.9024334628198843,28.756086283095147,20.89621032801084,0.4237097164519999,2172.5548434650805,209.4527167276724
L-main-threeshift-150c-01,geographic,reassignment_allowed,2025-11-02,3,3366.263076983812,182.32573045855293,181.71281869364017,3370.017858187548,3552.343588646101,3551.730676881188,0.6129117649127522,0.33616306561408893,0.017253729815767914,5.132547736691271,3.7282755395278193,2.0448433307526757,0.16439551165533667,16.507858218474592,0.7633065966578366,-0.15039483174508442,2410.98475075114,125.67797547265688
L-main-threeshift-150c-01,geographic,reassignment_allowed,2025-11-03,3,3366.263076983812,231.70624104097666,233.02684273460918,3370.017858187548,3601.7240992285247,3603.044700922157,-1.320601693632521,-0.5699465356217901,-0.036665820513997416,6.4332035063598365,0.6648820371106391,0.2869504222776012,-1.986219539591453,13.619030301149488,-1.3683710962800149,0.04776940264749167,2410.98475075114,143.6525295010509
L-main-threeshift-150c-01,geographic,reassignment_allowed,2025-11-04,3,3366.263076983812,219.19689480522936,217.016965263564,3370.017858187548,3589.2147529927774,3587.034823451112,2.17992954166535,0.9945074922718948,0.06073555615048305,6.107098902969165,7.6171535962576895,3.4750280577770156,0.2861868956845442,3.8229040667051586,2.2017279892512156,-0.021798447585856213,2410.98475075114,104.13816243540873
L-main-threeshift-150c-01,geographic,reassignment_allowed,2025-11-05,3,3366.263076983812,241.28274343235805,241.0338916272274,3370.017858187548,3611.300601619906,3611.0517498147756,0.248851805130613,0.10313700913317776,0.006890919161340005,6.681325374136034,0.6931243933176461,0.2872664590337596,0.3590290682737072,0.8780100829714191,0.18295389184107572,0.06589791328954202,847.1964585657579,60.14033301576409
L-main-threeshift-150c-01,geographic,reassignment_allowed,2025-11-06,3,3366.263076983812,364.6017714363658,363.6472386102844,3370.017858187548,3734.6196296239136,3733.665096797832,0.9545328260814282,0.2618014779031383,0.025559037351751728,9.762755182462376,1.477972979448604,0.40536637373594214,0.6458391590065072,2.0152156176663616,0.9545328260814093,0.0,357.29130327043646,0.0
L-main-threeshift-150c-01,geographic,reassignment_allowed,2025-11-07,3,3366.263076983812,560.9909685862826,561.0108604764458,3370.017858187548,3931.0088267738306,3931.028718663994,-0.019891890163269938,-0.0035458485567776993,-0.00050602506989523,14.270916024543412,0.03883066985470881,0.006921799463646177,-0.512272650399765,0.2084812553324961,0.0,-0.019891890163232045,0.0,130.20725671705918
L-main-threeshift-150c-01,geographic,reassignment_allowed,2025-11-08,3,3366.263076983812,652.3406574580927,659.3608233552366,3370.017858187548,4022.3585156456406,4029.3786815427848,-7.020165897143897,-1.0761502930843894,-0.17452859733506548,16.217864591649498,2.9624941255279205,0.45413298890054776,-2.369680951145479,9.09932539348957,-6.9822507883567555,-0.037915108787179484,2410.98475075114,8.263132881637992
L-main-threeshift-150c-01,geographic,reassignment_allowed,2025-11-09,3,3366.263076983812,558.3583643088074,559.2950274363203,3370.017858187548,3928.3762224963552,3929.312885623868,-0.9366631275130052,-0.16775303951477505,-0.02384351891117461,14.213464614496337,2.431875025802848,0.4355401801517328,-0.3851608810381938,2.954028964591089,-1.263859372275931,0.3271962447629259,1141.094843810043,133.94110835429487
L-main-threeshift-150c-01,geographic,reassignment_allowed,2025-11-10,3,3366.263076983812,435.7221053669318,411.28781626679046,3370.017858187548,3805.73996355448,3781.3056744543383,24.434289100141353,5.607768988347439,0.6420377990649747,11.449077171315107,27.346561729661136,6.276147432692668,0.8935049803222238,38.05917711104456,24.442612665106576,-0.008323564965219058,2410.98475075114,28.185529096671427
L-main-threeshift-150c-01,geographic,reassignment_allowed,2025-11-11,3,3366.263076983812,328.54861274389503,329.0013214379113,3370.017858187548,3698.566470931443,3699.0191796254594,-0.4527086940162614,-0.13779047497277053,-0.012240112421239025,8.883133920293009,0.9024252609281879,0.2746702393266935,-0.5016578254365671,1.2988630218435258,-1.0655349800219653,0.6128262860056756,496.1054093066757,192.1097650212239
L-main-threeshift-150c-01,geographic,reassignment_allowed,2025-11-12,3,3366.263076983812,325.52422584633763,243.1689849364279,3370.017858187548,3695.5420840338857,3613.186843123976,82.35524090990974,25.299266343631576,2.2285023154171335,8.808564980296753,82.3710917193071,25.304135661531387,0.9998075682977302,65.78294519148433,82.35056699724852,0.004673912661227557,2410.98475075114,19.922396215033434
L-main-threeshift-150c-01,geographic,reassignment_allowed,2025-11-13,3,3366.263076983812,219.2362821821679,219.22818567785444,3370.017858187548,3589.254140369716,3589.2460438654025,0.008096504313461613,0.0036930494500604888,0.00022557623385864847,6.108129254942789,0.04853961094790785,0.022140318411153905,0.16680200263967274,0.07922355480697736,-0.005624339624783185,0.013720843938244798,14.275132075042073,28.185529096671427
L-main-threeshift-150c-01,geographic,reassignment_allowed,2025-11-14,3,3366.263076983812,223.25530002690564,221.97356551144242,3370.017858187548,3593.273158214454,3591.9914236989903,1.2817345154632562,0.5741115733014123,0.035670389058319395,6.213145792062305,1.501706329579548,0.672640841851714,0.8535187541109451,0.8536474548207119,1.0667118850416462,0.21502263042160052,236.76513204131106,164.13318328328762
L-main-threeshift-150c-01,geographic,reassignment_allowed,2025-11-15,3,3366.263076983812,223.79522333925226,225.72498874908115,3370.017858187548,3593.8130815268,3595.742846936629,-1.9297654098288888,-0.8622907053308945,-0.053696877551824285,6.22723603766768,0.7719062560990722,0.3449163233162201,-2.499999701493815,3.048229770489437,-1.9303302119404293,0.0005648021115310561,593.2344019346875,132.61508686846707
L-main-threeshift-150c-01,geographic,reassignment_allowed,2025-11-16,3,3366.263076983812,259.7773708552556,259.67230154084524,3370.017858187548,3629.7952290428034,3629.690159728393,0.10506931441035287,0.040445907226036276,0.002894634759825287,7.156805121586991,2.921446124745671,1.1245960782217097,0.03596483040381235,3.4720032514896295,0.06798172221616028,0.03708759219420207,1436.2388131732296,28.185529096671427
L-main-threeshift-150c-01,geographic,reassignment_allowed,2025-11-17,3,3366.263076983812,395.2507591600125,391.9189810719459,3370.017858187548,3765.2686173475604,3761.936839259494,3.331778088066585,0.842952988919562,0.08848712871948171,10.49727919381344,5.641571364788736,1.4273397922823,0.5905762548465702,2.9842780147103745,3.2055864390433535,0.12619164902321245,1135.7493909063442,28.185529096671427
L-main-threeshift-150c-01,geographic,reassignment_allowed,2025-11-18,3,3366.263076983812,369.2756339340226,369.8742845148517,3370.017858187548,3739.2934921215706,3739.8921427023997,-0.5986505808290872,-0.1621148339660142,-0.016009724352752785,9.875545600046118,3.164087349430133,0.856836210860165,-0.1892016606105729,4.950714294420322,-0.07584534774503975,-0.5228052330840475,496.1054093066757,192.1097650212239
L-main-threeshift-150c-01,geographic,reassignment_allowed,2025-11-19,3,3366.263076983812,538.08643488156,524.1193987440462,3370.017858187548,3908.104293069108,3894.137256931594,13.967036137513864,2.5956863492736435,0.3573864741092999,13.768476850421782,33.84819447115844,6.290475335734655,0.41263755292516335,5.050988669681108,14.003702064702205,-0.036665927188380465,912.0364500448622,94.26052877348609
L-main-threeshift-150c-01,geographic,reassignment_allowed,2025-11-20,3,3366.263076983812,384.14437137756113,384.75612929181466,3370.017858187548,3754.162229565109,3754.7739874793624,-0.6117579142535495,-0.15925208328831025,-0.01629545759732437,10.232492574569994,0.3277791332024549,0.08532706909827219,-1.8663723595720576,1.2157273467328953,-0.5633196361324432,-0.04843827812111575,357.29130327043646,97.00249938607764
L-main-threeshift-150c-01,geographic,reassignment_allowed,2025-11-21,3,3366.263076983812,512.2680282968013,512.5799976350713,3370.017858187548,3882.2858864843492,3882.5978558226193,-0.3119693382701219,-0.060899630864601026,-0.008035712654655362,13.195010446814152,0.15243026644111524,0.029755959384761596,-2.0466364427082966,0.897469382412396,0.0,-0.3119693382701409,0.0,163.92423592455248
L-main-threeshift-150c-01,geographic,reassignment_allowed,2025-11-22,3,3366.263076983812,681.6936329640613,545.2594426546757,3370.017858187548,4051.711491151609,3915.2773008422237,136.43419030938568,20.01400390321358,3.367322441574123,16.824831542245494,136.46016511634357,20.017814237607485,0.9998096528247951,124.66242487055085,136.41117777815143,0.023012531234234263,2410.98475075114,33.49774400698271
L-main-threeshift-150c-01,geographic,reassignment_allowed,2025-11-23,3,3366.263076983812,309.9529977622056,309.26532057756026,3370.017858187548,3679.9708559497535,3679.2831787651085,0.6876771846453001,0.22186498908227456,0.018687028010927535,8.422702513012448,1.2118313574486592,0.3909726204288465,0.5674693763438404,1.5103396985258162,0.3838400918153108,0.30383709283000354,314.8573704943874,153.86350456932828
L-main-threeshift-150c-01,geographic,reassignment_allowed,2025-11-24,3,3366.263076983812,290.30732608960176,254.41391462777332,3370.017858187548,3660.3251842771497,3624.4317728153214,35.893411461828464,12.363935814265384,0.9806071770892888,7.931189483836322,36.69611382521746,12.640436712193548,0.9781256847193073,27.858945980594864,34.78693954430779,1.1064719175206885,2410.98475075114,172.18736880619045
L-main-threeshift-150c-01,geographic,reassignment_allowed,2025-11-25,3,3366.263076983812,396.3647777815974,396.46822476223923,3370.017858187548,3766.382635969145,3766.486082949787,-0.10344698064176328,-0.0260989337197777,-0.0027465871272302333,10.523752260226928,0.02355462475689289,0.0059426634446998776,-4.3917906444886645,0.04667219706330646,0.0,-0.10344698064177275,0.0,113.97397762978437
L-main-threeshift-150c-01,geographic,reassignment_allowed,2025-11-26,3,3366.263076983812,498.01699863438495,498.02091680036636,3370.017858187548,3868.034856821933,3868.038774987914,-0.003918165981379691,-0.0007867534626576433,-0.00010129603600829357,12.875194176599724,0.12067135124594112,0.02423036795467518,-0.03246972824058338,0.14574016917659569,0.0,-0.003918165981408113,0.0,127.00340356267161
L-main-threeshift-150c-01,geographic,reassignment_allowed,2025-11-27,3,3366.263076983812,569.3414117101609,424.3018812232843,3370.017858187548,3939.359269897709,3794.3197394108324,145.0395304868766,25.474965899847984,3.6818050995039795,14.452639952408925,145.13697284686532,25.492080825617396,0.999328617938783,133.73165407527583,144.96088222150752,0.07864826536910148,2410.98475075114,60.14033301576409
L-main-threeshift-150c-01,geographic,reassignment_allowed,2025-11-28,3,3366.263076983812,269.9350720994683,269.0619199824343,3370.017858187548,3639.9529302870164,3639.079778169982,0.8731521170340386,0.32346745839395447,0.02398800571756814,7.41589458076271,2.288402026258287,0.847760170051202,0.3815553853802993,1.0786191228576172,1.0352668479234428,-0.162114730889409,928.5811268962134,142.82113039157647
L-main-threeshift-150c-01,geographic,reassignment_allowed,2025-11-29,3,3366.263076983812,276.6496473818517,255.7257310001863,3370.017858187548,3646.6675055693995,3625.7435891877344,20.923916381665435,7.563326604492195,0.5737818528755153,7.586368841122382,22.95767932019991,8.298466865028054,0.9114125208315365,28.72876387393463,20.92504093426253,-0.0011245525971096033,2410.98475075114,153.22327621225267
L-main-threeshift-150c-01,mixed,ownership_fixed,2025-11-02,3,3830.5526028469594,196.7164705261648,195.73294742945146,4979.8492073982,5176.5656779243645,5175.582154827651,0.983523096713327,0.4999698775006798,0.018999528990960045,3.8001347373040915,4.993382943752759,2.538365460907657,0.19696528541713723,16.902138965500882,-0.49606903001820984,1.4795921267315368,3146.3189573931236,246.52304463950318
L-main-threeshift-150c-01,mixed,ownership_fixed,2025-11-03,3,3830.5526028469594,273.8328240782532,275.1576666274975,4979.8492073982,5253.682031476453,5255.0068740256975,-1.3248425492442948,-0.4838143687499255,-0.02521741021452666,5.212207789463372,2.064384796852172,0.7538850770725106,-0.6417614348179901,12.374037248448664,-1.3248425492443232,0.0,3146.3189573931236,0.0
L-main-threeshift-150c-01,mixed,ownership_fixed,2025-11-04,3,3830.5526028469594,244.59692950358468,239.50004424515274,4979.8492073982,5224.4461369017845,5219.3492516433525,5.096885258431911,2.083789550742179,0.0975583846569137,4.681777227559595,7.394564706295266,3.0231633411354397,0.6892745497368823,2.4402870768926164,5.096885258431911,0.0,3146.3189573931236,0.0
L-main-threeshift-150c-01,mixed,ownership_fixed,2025-11-05,3,3830.5526028469594,265.54412615350026,265.57958037815746,4979.8492073982,5245.3933335517,5245.428787776357,-0.03545422465720094,-0.013351537904742165,-0.0006759116505223944,5.062425432521341,0.0,0.0,0.0,0.018780663927278358,-0.03545422465721989,0.0,50.568221917847204,0.0
L-main-threeshift-150c-01,mixed,ownership_fixed,2025-11-06,3,3830.5526028469594,390.12208554400473,390.12208554400473,4979.8492073982,5369.971292942205,5369.971292942205,0.0,0.0,0.0,7.264882142978031,0.0,0.0,0.0,0.0,0.0,0.0,0.0,0.0
L-main-threeshift-150c-01,mixed,ownership_fixed,2025-11-07,3,3830.5526028469594,657.6202513090434,656.127216582288,4979.8492073982,5637.469458707243,5635.976423980488,1.4930347267553923,0.22703600197582002,0.02648412976232368,11.66516743240762,1.7120157787686974,0.2603350148297287,0.8720916858775689,0.4071228396866218,0.0,1.4930347267553923,0.0,170.81080511365676
L-main-threeshift-150c-01,mixed,ownership_fixed,2025-11-08,3,3830.5526028469594,762.4681997504916,767.8973514271235,4979.8492073982,5742.317407148691,5747.7465588253235,-5.429151676632046,-0.7120495882200292,-0.09454635283436646,13.27805737107608,4.9064744259562,0.6434988931422693,-1.106528069913252,10.388260021411233,-8.036381540096878,2.607229863464852,3146.3189573931236,170.81080511365676
L-main-threeshift-150c-01,mixed,ownership_fixed,2025-11-09,3,3830.5526028469594,653.7410563852069,655.2472861767855,4979.8492073982,5633.590263783407,5635.096493574985,-1.506229791578524,-0.23040159048707523,-0.026736587523263897,11.604341561506596,2.0215156591448626,0.3092226867810052,-0.7450992450959724,5.895743973093583,-3.1413829400987274,1.6351531485201842,2259.9851484922765,246.52304463950318
L-main-threeshift-150c-01,mixed,ownership_fixed,2025-11-10,3,3830.5526028469594,493.0284152465449,474.66002272906763,4979.8492073982,5472.877622644744,5454.509230127267,18.36839251747722,3.7256255318046687,0.3356258587159998,9.008577374479845,20.0740970754761,4.071590288652592,0.9150295750994106,31.21517713143974,18.36839251747722,0.0,3146.3189573931236,0.0
L-main-threeshift-150c-01,mixed,ownership_fixed,2025-11-11,3,3830.5526028469594,397.2070205291446,393.3746433500084,4979.8492073982,5377.0562279273445,5373.223850748208,3.8323771791362446,0.9648311789733456,0.07127277485460634,7.387072102131488,3.8749378913726296,0.9755461739348363,0.9890164143453385,2.2952670245764466,0.0,3.8323771791362446,0.0,170.81080511365676
L-main-threeshift-150c-01,mixed,ownership_fixed,2025-11-12,3,3830.5526028469594,379.9157215050777,279.04239665258086,4979.8492073982,5359.764928903278,5258.89160405078,100.87332485249686,26.551500541455916,1.882047556013575,7.088290746788714,100.87332485249686,26.551500541455916,1.0,79.01091090126454,100.87332485249685,0.0,3146.3189573931236,0.0
L-main-threeshift-150c-01,mixed,ownership_fixed,2025-11-13,3,3830.5526028469594,250.73035705210285,250.73035705210285,4979.8492073982,5230.579564450302,5230.579564450302,0.0,0.0,0.0,4.793548285857169,0.0,0.0,0.0,0.0,0.0,0.0,0.0,0.0
L-main-threeshift-150c-01,mixed,ownership_fixed,2025-11-14,3,3830.5526028469594,256.35899911034744,256.35899911034744,4979.8492073982,5236.208206508547,5236.208206508547,0.0,0.0,0.0,4.895890098329095,0.0,0.0,0.0,0.0,0.0,0.0,0.0,0.0
L-main-threeshift-150c-01,mixed,ownership_fixed,2025-11-15,3,3830.5526028469594,250.21669164194498,250.31798189597842,4979.8492073982,5230.065899040144,5230.167189294179,-0.1012902540334532,-0.04048101402379563,-0.001936691735605906,4.784197684542873,0.0020504730538277727,0.0008194789245962688,-49.39848092339816,0.03572045554822504,-0.01989289680265453,-0.08139735723081287,50.568221917847204,62.776084857680246
L-main-threeshift-150c-01,mixed,ownership_fixed,2025-11-16,3,3830.5526028469594,253.55260354529045,254.7283176888656,4979.8492073982,5233.40181094349,5234.577525087066,-1.175714143575154,-0.46369634037898716,-0.02246558139519567,4.844890812990707,0.28599642593136804,0.1127956968031221,-4.110939987261574,0.6468350399395794,-1.175714143575154,0.0,691.4040860104072,0.0
L-main-threeshift-150c-01,mixed,ownership_fixed,2025-11-17,3,3830.5526028469594,471.0561986525959,471.3921865474899,4979.8492073982,5450.905406050796,5451.241393945689,-0.3359878948940036,-0.0713264990154168,-0.006163891498117709,8.641797344890602,0.0007651114154896277,0.0001624246571169521,-439.1359063424645,0.044791877044284924,-0.3359878948940036,0.0,506.95826320747943,0.0
L-main-threeshift-150c-01,mixed,ownership_fixed,2025-11-18,3,3830.5526028469594,412.6642380071192,411.826856333785,4979.8492073982,5392.513445405319,5391.676063731985,0.837381673334221,0.2029208242948774,0.015528596855844849,7.652539806993509,2.1209453316997724,0.513963929111585,0.39481530278912225,0.1209971023286774,0.0,0.8373816733342494,0.0,108.03472025597648
L-main-threeshift-150c-01,mixed,ownership_fixed,2025-11-19,3,3830.5526028469594,664.253089913234,660.6897319989824,4979.8492073982,5644.102297311434,5640.538939397182,3.5633579142516587,0.5364458168673497,0.06313418372925422,11.76897679954615,35.51344257415716,5.346372205629633,0.10033828477233252,0.2072342641919628,3.5633579142515828,0.0,358.6304054338643,0.0
L-main-threeshift-150c-01,mixed,ownership_fixed,2025-11-20,3,3830.5526028469594,456.0156873694679,456.0156873694679,4979.8492073982,5435.8648947676675,5435.8648947676675,0.0,0.0,0.0,8.389018053197187,1.1488572942698738,0.25193372203861475,0.0,0.0,0.0,0.0,0.0,0.0
L-main-threeshift-150c-01,mixed,ownership_fixed,2025-11-21,3,3830.5526028469594,590.8076633912286,583.172240541675,4979.8492073982,5570.6568707894285,5563.021447939875,7.635422849553568,1.2923703131618733,0.13706503607484868,10.605709112855557,8.429531799567258,1.426781052767977,0.9057944178994074,8.485445469779847,0.0,7.635422849553549,0.0,170.81080511365676
L-main-threeshift-150c-01,mixed,ownership_fixed,2025-11-22,3,3830.5526028469594,826.8415314412015,670.1718834266295,4979.8492073982,5806.690738839401,5650.021090824829,156.66964801457198,18.94796548759393,2.6980883787498895,14.239462176118312,156.66964801457198,18.94796548759393,1.0,151.0351067190385,156.66964801457198,0.0,3146.3189573931236,0.0
L-main-threeshift-150c-01,mixed,ownership_fixed,2025-11-23,3,3830.5526028469594,383.004013834265,382.1637456437065,4979.8492073982,5362.853221232464,5362.012953041906,0.8402681905585041,0.21938887327747647,0.015668304835040735,7.141795571019654,0.8551987500465165,0.22328715082776693,0.9825414156800389,1.0262731628360484,0.0,0.840268190558497,0.0,246.52304463950318
L-main-threeshift-150c-01,mixed,ownership_fixed,2025-11-24,3,3830.5526028469594,299.92618215724474,269.37824534336346,4979.8492073982,5279.775389555444,5249.227452741563,30.547936813881297,10.185151757730068,0.5785840222353366,5.680661771153459,31.241242492100827,10.416310529276076,0.9778079992050627,23.98526577889241,30.547936813881318,0.0,3146.3189573931236,0.0
L-main-threeshift-150c-01,mixed,ownership_fixed,2025-11-25,3,3830.5526028469594,482.80278595176446,482.80278595176446,4979.8492073982,5462.651993349964,5462.651993349964,0.0,0.0,0.0,8.838249014206125,0.0,0.0,0.0,0.0,0.0,0.0,0.0,0.0
L-main-threeshift-150c-01,mixed,ownership_fixed,2025-11-26,3,3830.5526028469594,591.0206270374143,584.4240724492691,4979.8492073982,5570.869834435614,5564.273279847469,6.596554588145295,1.1161293339644647,0.1184115727739597,10.60912648477436,6.739048522112967,1.1402391412112853,0.9788554818235685,5.91158760228609,0.0,6.596554588145362,0.0,170.81080511365676
L-main-threeshift-150c-01,mixed,ownership_fixed,2025-11-27,3,3830.5526028469594,712.8885076999098,544.2232256790257,4979.8492073982,5692.737715098109,5524.0724330772255,168.6652820208841,23.659419418202162,2.9628149137023305,12.52277100013247,168.80112754625372,23.678475066301743,0.9991952333059363,156.24315232451605,167.47889435800923,1.186387662874831,3146.3189573931236,170.81080511365676
L-main-threeshift-150c-01,mixed,ownership_fixed,2025-11-28,3,3830.5526028469594,320.48250014326203,318.1017179137762,4979.8492073982,5300.331707541462,5297.950925311976,2.380782229485798,0.7428743311792504,0.044917608196074855,6.046461199537201,3.9068432037644243,1.2190504011975656,0.6093877090311185,4.795879972169057,-1.0416438308077052,3.422426060293501,978.7500962717418,170.81080511365676
L-main-threeshift-150c-01,mixed,ownership_fixed,2025-11-29,3,3830.5526028469594,320.3255237299036,299.7293680386516,4979.8492073982,5300.174731128103,5279.578575436852,20.596155691251965,6.429757907340069,0.38859389993862004,6.043678557399647,21.97452009122164,6.860059053474119,0.9372744253686659,29.042437580393955,20.59615569125201,0.0,3146.3189573931236,0.0
L-main-threeshift-150c-01,mixed,reassignment_allowed,2025-11-02,3,3603.3074265366663,199.58012564798048,198.6375095703431,3249.8084199745267,3449.388545622507,3448.4459295448696,0.9426160776373914,0.4722995712007808,0.027327048407858573,5.7859566415404355,4.0615152425511285,2.0350299055903145,0.23208483074541245,15.993175466372842,0.993129290003831,-0.050513212366439575,2393.9100055013755,56.80582448202919
L-main-threeshift-150c-01,mixed,reassignment_allowed,2025-11-03,3,3603.3074265366663,245.07355887465155,245.9926886406062,3249.8084199745267,3494.8819788491783,3495.8011086151328,-0.9191297659546555,-0.37504240366655195,-0.026299307716746236,7.0123557922076465,1.007373248366908,0.4110493408561272,-0.9124023964748841,13.354205617640758,-0.8537595037893576,-0.06537026216529303,2393.9100055013755,159.9569308889343
L-main-threeshift-150c-01,mixed,reassignment_allowed,2025-11-04,3,3603.3074265366663,233.4166753180344,230.7627476355461,3249.8084199745267,3483.225095292561,3480.5711676100727,2.653927682488311,1.1369914676714021,0.07619167897231183,6.701165412292409,7.008112371941498,3.0024043322495353,0.3786936541020501,4.80892036024747,2.6942350117787157,-0.040307329290404446,2393.9100055013755,75.51900285451417
L-main-threeshift-150c-01,mixed,reassignment_allowed,2025-11-05,3,3603.3074265366663,257.7445383871538,257.36827627556147,3249.8084199745267,3507.5529583616803,3507.1766962500883,0.3762621115923442,0.1459825740428172,0.010727196882241514,7.348272184250698,0.8825138182308573,0.34239864935770153,0.4263526573970512,1.1248534927929559,0.35050879392682077,0.025753317665504483,681.3584523232975,101.38709680159799
L-main-threeshift-150c-01,mixed,reassignment_allowed,2025-11-06,3,3603.3074265366663,401.76691214020957,400.50313758055773,3249.8084199745267,3651.5753321147363,3650.3115575550846,1.2637745596518168,0.31455416597641117,0.0346090233586918,11.00256397853182,1.9013874239443567,0.47325635001042743,0.6646591555918488,2.811725871661338,1.271994124887944,-0.008219565236146309,523.5542910733972,31.686083372731122
L-main-threeshift-150c-01,mixed,reassignment_allowed,2025-11-07,3,3603.3074265366663,607.8740712981976,608.0803820524354,3249.8084199745267,3857.6824912727243,3857.8888020269624,-0.2063107542378854,-0.03393971942203107,-0.005348049112507946,15.757493590345952,0.10476989060612141,0.017235459703417038,-1.969179819166779,0.5460591510457485,0.0,-0.20631075423789488,0.0,176.28135188450415
L-main-threeshift-150c-01,mixed,reassignment_allowed,2025-11-08,3,3603.3074265366663,692.7562167797087,697.7778656886659,3249.8084199745267,3942.5646367542354,3947.5862856631925,-5.021648908957256,-0.7248796600195798,-0.12737010985548203,17.571207592173522,3.7095673629484054,0.5354794764877614,-1.3537020405975304,10.386182194728386,-4.987998474996194,-0.03365043396109968,2393.9100055013755,51.538807998693166
L-main-threeshift-150c-01,mixed,reassignment_allowed,2025-11-09,3,3603.3074265366663,590.5781190198281,591.3166854084543,3249.8084199745267,3840.386538994355,3841.125105382981,-0.738566388626206,-0.12505820395987433,-0.019231563831582622,15.378090539148623,2.8762821115919905,0.4870282218321438,-0.25677814622204,3.972394716677627,-1.0347186668880302,0.29615227826182416,1601.468579809074,131.98834299885118
L-main-threeshift-150c-01,mixed,reassignment_allowed,2025-11-10,3,3603.3074265366663,456.1648504694505,432.7468882059388,3249.8084199745267,3705.973270443977,3682.5553081804655,23.41796226351181,5.133662148543844,0.6318977648941955,12.308908272692474,26.439513161157663,5.796043499175377,0.8857183610292485,36.11285540458986,23.56683294121539,-0.14887067770356546,2393.9100055013755,75.57797831721405
L-main-threeshift-150c-01,mixed,reassignment_allowed,2025-11-11,3,3603.3074265366663,350.2114692662081,351.5871013768942,3249.8084199745267,3600.0198892407348,3601.395521351421,-1.3756321106861076,-0.39280041672205807,-0.03821179196252265,9.728042623121999,1.0724979310186313,0.3062429489433391,-1.2826431370171196,1.6223740013263068,-1.9833819811315436,0.607749870445455,614.5953772116035,240.7056680275513
L-main-threeshift-150c-01,mixed,reassignment_allowed,2025-11-12,3,3603.3074265366663,339.1218523509937,257.1022341327304,3249.8084199745267,3588.9302723255205,3506.910654107257,82.01961821826325,24.185884115003095,2.285350006678089,9.449106742640971,82.05989193598914,24.197759998980107,0.999509215564684,68.0277179387359,82.02719894975799,-0.00758073149473167,2393.9100055013755,10.853370590076585
L-main-threeshift-150c-01,mixed,reassignment_allowed,2025-11-13,3,3603.3074265366663,237.47253736170214,237.53860608578123,3249.8084199745267,3487.2809573362288,3487.347026060308,-0.06606872407908781,-0.027821627213447588,-0.0018945626947578847,6.809676084805519,0.048190119110406236,0.020292922982082053,-1.3710014687392804,0.13789209554264895,-0.03624426846099027,-0.029824455618111756,73.87197070482289,75.51900285451417
L-main-threeshift-150c-01,mixed,reassignment_allowed,2025-11-14,3,3603.3074265366663,239.05366674076868,237.5767415096221,3249.8084199745267,3488.8620867152954,3487.3851614841487,1.4769252311465664,0.6178216177491866,0.04233257705342737,6.851909327428693,2.0974332225066425,0.8773901070428309,0.7041584043288363,1.2178863144869467,1.3068195448320996,0.17010568631446668,409.2911591873908,229.7379491608757
L-main-threeshift-150c-01,mixed,reassignment_allowed,2025-11-15,3,3603.3074265366663,240.2551028775482,242.64671405123806,3249.8084199745267,3490.063522852075,3492.455134025765,-2.391611173689853,-0.9954465670220519,-0.06852629351959277,6.883975071067247,1.0308483443205982,0.4290640789619336,-2.3200417276375345,4.158066520949319,-2.3865764626760324,-0.005034711013810996,717.7488145849949,105.43148209811567
L-main-threeshift-150c-01,mixed,reassignment_allowed,2025-11-16,3,3603.3074265366663,291.9613811913303,290.70112492921817,3249.8084199745267,3541.769801165857,3540.509544903745,1.2602562621121176,0.43165169892323435,0.03558267004527721,8.243375419125893,3.2333774352802416,1.1074675089173251,0.38976466166959856,3.7754619768040243,1.1887317194710743,0.0715245426410623,1059.2793561254662,105.30948991536098
L-main-threeshift-150c-01,mixed,reassignment_allowed,2025-11-17,3,3603.3074265366663,412.2612625807894,407.9204808261323,3249.8084199745267,3662.069682555316,3657.728900800659,4.340781754656973,1.0529201136879374,0.118533565194971,11.257602894468192,7.2832562754572905,1.7666603526762392,0.5959946472410008,4.241743294532209,4.551092499983194,-0.21031074532623015,940.390583910233,91.7872058492245
L-main-threeshift-150c-01,mixed,reassignment_allowed,2025-11-18,3,3603.3074265366663,410.40780488144543,411.5011536015224,3249.8084199745267,3660.216224855972,3661.309573576049,-1.0933487200769225,-0.26640544041133873,-0.029871151126323017,11.212665582279767,3.997899799339185,0.9741285988686446,-0.2734807711432995,7.021247611755655,-0.15230772545065938,-0.9410409946262632,614.5953772116035,267.20355346558694
L-main-threeshift-150c-01,mixed,reassignment_allowed,2025-11-19,3,3603.3074265366663,557.7947460452453,540.7941989348346,3249.8084199745267,3807.6031660197723,3790.6026189093614,17.000547110410746,3.04781413431093,0.44648946776094955,14.649497905222322,36.80405266920777,6.598135412738797,0.461920519003993,6.5600315494819865,17.098513282531353,-0.0979661721206071,1116.2252032417534,110.82986429273127
L-main-threeshift-150c-01,mixed,reassignment_allowed,2025-11-20,3,3603.3074265366663,410.1517764788312,411.11840860632265,3249.8084199745267,3659.960196453358,3660.9268285808494,-0.9666321274914177,-0.2356766891978359,-0.026411001093075308,11.206454564076518,0.40423437376301763,0.09855726512594565,-2.3912665281110055,1.796199827141758,-0.8711835619695307,-0.09544856552190595,523.5542910733972,70.1444268841147
L-main-threeshift-150c-01,mixed,reassignment_allowed,2025-11-21,3,3603.3074265366663,568.6245129152784,569.1697425300777,3249.8084199745267,3818.432932889805,3818.9781625046044,-0.5452296147992305,-0.09588570355574284,-0.014278884149121313,14.891567376173374,0.35004176386204716,0.06155938689090621,-1.5576130367521164,1.3635761853222068,-0.01840211626349249,-0.5268274985357569,11.068782930153356,138.40921983209805
L-main-threeshift-150c-01,mixed,reassignment_allowed,2025-11-22,3,3603.3074265366663,702.1076108828184,566.6265803654879,3249.8084199745267,3951.916030857345,3816.4350003400145,135.48103051733054,19.296334125616294,3.4282365682739147,17.766258326356702,135.62592191496753,19.316970762421125,0.9989316835926997,125.26841820569173,135.59698183452429,-0.1159513171937571,2393.9100055013755,51.538807998693166
L-main-threeshift-150c-01,mixed,reassignment_allowed,2025-11-23,3,3603.3074265366663,326.68227123738507,325.901695666354,3249.8084199745267,3576.490691211912,3575.7101156408808,0.7805755710310412,0.23894029145641416,0.02182518111815746,9.134156899669915,1.6194670400448103,0.49573153569390294,0.4819953427452546,2.0268290170954515,0.36028565064394985,0.42028992038710555,523.5542910733972,105.43148209811567
L-main-threeshift-150c-01,mixed,reassignment_allowed,2025-11-24,3,3603.3074265366663,309.48894160691583,273.9646039102957,3249.8084199745267,3559.2973615814426,3523.7730238848226,35.52433769662019,11.478386759853898,0.998071644141479,8.695225775387472,36.09194611493842,11.661788601409567,0.984273266492457,27.55408498207447,34.206624066879826,1.3177136297403536,2393.9100055013755,213.99052988961304
L-main-threeshift-150c-01,mixed,reassignment_allowed,2025-11-25,3,3603.3074265366663,424.8101334067118,425.00925776253115,3249.8084199745267,3674.6185533812386,3674.8176777370577,-0.1991243558193029,-0.046873730205645045,-0.005418912274202626,11.560659351045249,0.023051069778716737,0.0054262052540652835,-8.638399767595873,0.14149467549132547,0.0,-0.1991243558193124,0.0,78.48010689197663
L-main-threeshift-150c-01,mixed,reassignment_allowed,2025-11-26,3,3603.3074265366663,548.4951434481396,548.5104752478748,3249.8084199745267,3798.3035634226662,3798.3188952224014,-0.015331799735084436,-0.0027952480378769413,-0.00040364861520622884,14.440529417661619,0.18092919305460478,0.03298647129620605,-0.08473922575035897,0.2604634502345486,0.0,-0.015331799735037066,0.0,79.83302596727127
L-main-threeshift-150c-01,mixed,reassignment_allowed,2025-11-27,3,3603.3074265366663,582.228001182655,437.9159573951495,3249.8084199745267,3832.036421157182,3687.7243773696764,144.31204378750542,24.786173714484786,3.7659361218682434,15.193696958831,144.48906272690286,24.8165774290155,0.9987748627054768,132.80506971231327,144.27946469727127,0.03257909023412727,2393.9100055013755,75.51900285451417
L-main-threeshift-150c-01,mixed,reassignment_allowed,2025-11-28,3,3603.3074265366663,289.39513915027925,288.0970662607802,3249.8084199745267,3539.203559124806,3537.905486235307,1.2980728894990534,0.4485468875912876,0.03667697739940248,8.176843584036249,3.0664954453389064,1.0596223054550042,0.4233082724685383,1.19585333689425,1.415631424908374,-0.11755853540930161,1178.4736133780777,64.51810332701992
L-main-threeshift-150c-01,mixed,reassignment_allowed,2025-11-29,3,3603.3074265366663,290.52764365257934,271.65400497987065,3249.8084199745267,3540.336063627106,3521.462424954397,18.87363867270875,6.49633144558125,0.5331030256312035,8.206216540780346,21.874313691323795,7.5291677639741845,0.8628219810249302,28.09186791354922,18.836907987125915,0.036730685582848345,2393.9100055013755,219.2210629084913
L-main-threeshift-15c-01,geographic,ownership_fixed,2025-11-02,3,364.65343257867227,17.019978202840676,16.92913362974426,301.11110386148454,318.1310820643252,318.0402374912288,0.09084457309641476,0.5337525818996206,0.028555704933617972,5.349989096443989,0.5233460625528098,3.0748926721037875,0.17358413408765797,2.2152632244546546,0.09084457309641476,0.0,354.5718198973107,0.0
L-main-threeshift-15c-01,geographic,ownership_fixed,2025-11-03,3,364.65343257867227,26.29300833711265,26.39447059001014,301.11110386148454,327.4041121985972,327.5055744514947,-0.10146225289748874,-0.3858906200332904,-0.030989914028918375,8.030750793124982,0.06502011438848854,0.24729050991366583,-1.5604748446190382,1.957621321728361,-0.10146225289748993,0.0,354.5718198973107,0.0
L-main-threeshift-15c-01,geographic,ownership_fixed,2025-11-04,3,364.65343257867227,22.969954147712173,22.61806593453369,301.11110386148454,324.0810580091967,323.72916979601825,0.3518882131784835,1.531950002666992,0.10858030868576643,7.087718822202913,0.9428633240126985,4.104767984948757,0.37321232485838457,0.4220343984353754,0.3518882131784835,0.0,354.5718198973107,0.0
L-main-threeshift-15c-01,geographic,ownership_fixed,2025-11-05,3,364.65343257867227,23.029070139141286,23.033315968924768,301.11110386148454,324.14017400062585,324.14441983040933,-0.0042458297834784275,-0.018436826835930367,-0.0013098745925490339,7.104663965256223,0.0,0.0,0.0,0.014377085108260227,-0.0042458297834784275,0.0,36.95624822507284,0.0
L-main-threeshift-15c-01,geographic,ownership_fixed,2025-11-06,3,364.65343257867227,29.367449930211233,29.369187419561666,301.11110386148454,330.4785537916958,330.4802912810462,-0.0017374893504372342,-0.005916378012276181,-0.0005257495018972979,8.88634060917667,0.027016680866084403,0.09199532451842705,-0.06431172500610187,0.08452502129912531,-0.0017374893504372342,0.0,36.95624822507284,0.0
L-main-threeshift-15c-01,geographic,ownership_fixed,2025-11-07,3,364.65343257867227,57.06981664098206,57.06981664098206,301.11110386148454,358.1809205024666,358.1809205024666,0.0,0.0,0.0,15.933237471421666,0.0,0.0,0.0,0.0,0.0,0.0,0.0,0.0
L-main-threeshift-15c-01,geographic,ownership_fixed,2025-11-08,3,364.65343257867227,72.38089899990771,73.60839612374184,301.11110386148454,373.4920028613923,374.7194999852264,-1.2274971238341337,-1.6958854349621972,-0.32865419190506034,19.379504365658185,0.1711664546735084,0.23648014467701853,-7.171365009432041,0.8822935280082618,-1.2274971238341337,0.0,354.5718198973107,0.0
L-main-threeshift-15c-01,geographic,ownership_fixed,2025-11-09,3,364.65343257867227,64.4883097616819,64.59487138763363,301.11110386148454,365.59941362316647,365.7059752491182,-0.10656162595173176,-0.16524177226156617,-0.02914709979857019,17.639062689567606,0.007199486220599738,0.011164017551716912,-14.801282020212668,0.23876393201774704,-0.10656162595173176,0.0,116.35607696527256,0.0
L-main-threeshift-15c-01,geographic,ownership_fixed,2025-11-10,3,364.65343257867227,48.487470121196964,45.16406904771449,301.11110386148454,349.5985739826815,346.275172909199,3.323401073482477,6.854144101920482,0.9506334753090591,13.869470223754101,3.5304241933678497,7.281106200309833,0.9413602704529727,5.2095938937042545,3.323401073482477,0.0,354.5718198973107,0.0
L-main-threeshift-15c-01,geographic,ownership_fixed,2025-11-11,3,364.65343257867227,35.22154300353112,35.40905356643932,301.11110386148454,336.33264686501565,336.52015742792383,-0.18751056290820026,-0.5323746403994892,-0.05575152000735036,10.472234358404998,0.0,0.0,0.0,0.04039040028280757,-0.18751056290820026,0.0,83.12158337428495,0.0
L-main-threeshift-15c-01,geographic,ownership_fixed,2025-11-12,3,364.65343257867227,36.26356912850641,24.499139720159874,301.11110386148454,337.3746729899909,325.6102435816444,11.764429408346539,32.441454856959034,3.4870517410462405,10.7487526574297,11.764429408346539,32.441454856959034,1.0,9.289853147381566,11.764429408346539,0.0,354.5718198973107,0.0
L-main-threeshift-15c-01,geographic,ownership_fixed,2025-11-13,3,364.65343257867227,21.364371014410384,21.364371014410384,301.11110386148454,322.4754748758949,322.4754748758949,0.0,0.0,0.0,6.625114986692395,0.0,0.0,0.0,0.0,0.0,0.0,36.95624822507284,0.0
L-main-threeshift-15c-01,geographic,ownership_fixed,2025-11-14,3,364.65343257867227,22.65920202590387,22.65920202590387,301.11110386148454,323.7703058873884,323.7703058873884,0.0,0.0,0.0,6.998542365952805,0.035218758874635846,0.15542806332885845,0.0,0.0,0.0,0.0,0.0,0.0
L-main-threeshift-15c-01,geographic,ownership_fixed,2025-11-15,3,364.65343257867227,23.515299581469606,23.74996989136032,301.11110386148454,324.62640344295414,324.86107375284485,-0.23467030989071583,-0.9979473537119612,-0.07228934781700648,7.243803748576446,0.020552092207969015,0.08739881087530077,-11.418317294222877,0.2826171482621689,-0.23467030989071583,0.0,83.12158337428495,0.0
L-main-threeshift-15c-01,geographic,ownership_fixed,2025-11-16,3,364.65343257867227,19.419680673827557,19.36653806370651,301.11110386148454,320.5307845353121,320.47764192519105,0.053142610121046374,0.27365336749675884,0.01657956511044317,6.058600799290197,0.24312690944410184,1.251961417531292,0.218579713132349,0.25088808857621164,0.053142610121046374,0.0,83.12158337428495,0.0
L-main-threeshift-15c-01,geographic,ownership_fixed,2025-11-17,3,364.65343257867227,44.53748576663398,44.47934119613465,301.11110386148454,345.64858962811854,345.5904450576192,0.058144570499325234,0.1305519822200768,0.016821874077913253,12.88519238992169,0.1696679089526801,0.3809552920021133,0.34269633461175963,0.1352477747261247,0.058144570499325234,0.0,83.12158337428495,0.0
L-main-threeshift-15c-01,geographic,ownership_fixed,2025-11-18,3,364.65343257867227,30.594419692316276,30.795695093016263,301.11110386148454,331.7055235538008,331.9067989545008,-0.2012754006999901,-0.6578827208497109,-0.060678941533315864,9.223367571494187,0.03714793619086502,0.121420626913197,-5.4182121899274005,0.18888835067308918,-0.2012754006999901,0.0,83.12158337428495,0.0
L-main-threeshift-15c-01,geographic,ownership_fixed,2025-11-19,3,364.65343257867227,63.899900296137815,63.956580114951784,301.11110386148454,365.0110041576223,365.06768397643634,-0.05667981881396855,-0.08870095031649736,-0.015528249331763314,17.506294212583242,4.21031582172206,6.588923929786689,-0.013462129971709808,0.08855670018553023,-0.05667981881396855,0.0,83.12158337428495,0.0
L-main-threeshift-15c-01,geographic,ownership_fixed,2025-11-20,3,364.65343257867227,37.63819165671605,37.69367702545969,301.11110386148454,338.7492955182006,338.80478088694423,-0.055485368743634446,-0.1474177326309825,-0.016379478711167763,11.110928392969543,0.0,0.0,0.0,0.044770851082604445,-0.055485368743634446,0.0,36.95624822507284,0.0
L-main-threeshift-15c-01,geographic,ownership_fixed,2025-11-21,3,364.65343257867227,46.70838975751811,46.70838975751811,301.11110386148454,347.8194936190026,347.8194936190026,0.0,0.0,0.0,13.428916611753204,0.0,0.0,0.0,0.0,0.0,0.0,0.0,0.0
L-main-threeshift-15c-01,geographic,ownership_fixed,2025-11-22,3,364.65343257867227,84.41598832590385,65.2571979974786,301.11110386148454,385.5270921873884,366.36830185896315,19.158790328425255,22.695689179707436,4.969505572156516,21.896253217107972,19.158790328425255,22.695689179707436,1.0,17.791893870995185,19.158790328425255,0.0,354.5718198973107,0.0
L-main-threeshift-15c-01,geographic,ownership_fixed,2025-11-23,3,364.65343257867227,38.186319620210405,38.196450875535184,301.11110386148454,339.2974234816949,339.3075547370197,-0.0101312553247818,-0.02653111225576123,-0.002985951151889127,11.254526847967814,0.0,0.0,0.0,0.03714793619086502,-0.0101312553247818,0.0,36.95624822507284,0.0
L-main-threeshift-15c-01,geographic,ownership_fixed,2025-11-24,3,364.65343257867227,23.74289970926181,19.055731535752148,301.11110386148454,324.85400357074633,320.1668353972367,4.687168173509665,19.741346806436027,1.4428537502967542,7.308790856287264,4.745418138760047,19.986683163678272,0.987725008935545,3.59181433243425,4.687168173509666,0.0,354.5718198973107,0.0
L-main-threeshift-15c-01,geographic,ownership_fixed,2025-11-25,3,364.65343257867227,38.40144974301386,38.40144974301386,301.11110386148454,339.5125536044984,339.5125536044984,0.0,0.0,0.0,11.31075989247458,0.0,0.0,0.0,0.0,0.0,0.0,0.0,0.0
L-main-threeshift-15c-01,geographic,ownership_fixed,2025-11-26,3,364.65343257867227,48.07601108499828,48.07601108499828,301.11110386148454,349.18711494648284,349.18711494648284,0.0,0.0,0.0,13.767979695461133,0.0,0.0,0.0,0.0,0.0,0.0,0.0,0.0
L-main-threeshift-15c-01,geographic,ownership_fixed,2025-11-27,3,364.65343257867227,73.46032206808917,52.9405563655659,301.11110386148454,374.5714259295737,354.05166022705043,20.519765702523276,27.933127877528012,5.478198357389218,19.611832879612408,20.519765702523276,27.933127877528012,1.0,18.677755628437996,20.519765702523276,0.0,354.5718198973107,0.0
L-main-threeshift-15c-01,geographic,ownership_fixed,2025-11-28,3,364.65343257867227,29.305592794817063,29.33247190664409,301.11110386148454,330.4166966563016,330.44357576812865,-0.02687911182702744,-0.09172007546553106,-0.008134913307661026,8.869283269089953,0.06532294329057346,0.2229026512035831,-0.41148041519596185,0.05599914370099768,-0.02687911182702744,0.0,116.35607696527256,0.0
L-main-threeshift-15c-01,geographic,ownership_fixed,2025-11-29,3,364.65343257867227,30.898388427131,27.910049116922668,301.11110386148454,332.00949228861555,329.0211529784072,2.988339310208334,9.671505416070044,0.9000764675759853,9.306477418504366,3.1982796280361767,10.350959356921857,0.9343583606675595,3.956942008494979,2.988339310208334,0.0,354.5718198973107,0.0
L-main-threeshift-15c-01,geographic,reassignment_allowed,2025-11-02,3,327.5984430984748,16.153857515771687,16.02193858060961,290.6024588268114,306.7563163425831,306.62439740742104,0.1319189351620782,0.8166404528037976,0.04300447232348173,5.2660227858947115,0.49479939975141285,3.0630417488102735,0.2666109442096216,2.3562113242657783,0.1319189351620782,0.0,283.5694099341099,0.0
L-main-threeshift-15c-01,geographic,reassignment_allowed,2025-11-03,3,327.5984430984748,22.756838154701892,22.872644770445294,290.6024588268114,313.3592969815133,313.4751035972567,-0.11580661574340449,-0.508887108816025,-0.036956495900690174,7.2622189205525425,0.055538031226891604,0.24404985811008478,-2.0851768272140467,2.145617816323714,-0.1158066157434039,0.0,283.5694099341099,0.0
L-main-threeshift-15c-01,geographic,reassignment_allowed,2025-11-04,3,327.5984430984748,21.280368068093466,21.208561151420216,290.6024588268114,311.8828268949049,311.8110199782316,0.07180691667324979,0.33743268181960095,0.023023684050884452,6.823193274204966,0.7967273524098601,3.7439547561417714,0.09012733961756868,0.5906888266467464,0.07180691667324919,0.0,283.5694099341099,0.0
L-main-threeshift-15c-01,geographic,reassignment_allowed,2025-11-05,3,327.5984430984748,22.584296510304256,22.595161176059168,290.6024588268114,313.18675533711564,313.19762000287056,-0.010864665754915848,-0.04810716928888514,-0.0034690693555099648,7.2111275861568345,0.0,0.0,0.0,0.04310585282386133,-0.010864665754914663,0.0,155.18196245990717,0.0
L-main-threeshift-15c-01,geographic,reassignment_allowed,2025-11-06,3,327.5984430984748,30.379562559551687,30.388381226013735,290.6024588268114,320.9820213863631,320.99084005282515,-0.008818666462050354,-0.029028286515855914,-0.002747401995900389,9.464568273431142,0.07739303918567231,0.2547536325908651,-0.1139465067509966,0.2498164504811129,-0.008818666462049762,0.0,155.18196245990717,0.0
L-main-threeshift-15c-01,geographic,reassignment_allowed,2025-11-07,3,327.5984430984748,49.37309763411861,49.37309763411861,290.6024588268114,339.97555646093,339.97555646093,0.0,0.0,0.0,14.522543369906229,0.0,0.0,0.0,0.0,0.0,0.0,0.0,0.0
L-main-threeshift-15c-01,geographic,reassignment_allowed,2025-11-08,3,327.5984430984748,63.359361586068,64.24043237227008,290.6024588268114,353.96182041287943,354.84289119908146,-0.8810707862020782,-1.3905929039471505,-0.24891689877014184,17.900055297535296,0.04098476602047185,0.06468620420803599,-21.49751899918092,1.040061897683015,-0.8810707862020782,0.0,283.5694099341099,0.0
L-main-threeshift-15c-01,geographic,reassignment_allowed,2025-11-09,3,327.5984430984748,56.001953075053024,56.198052001654425,290.6024588268114,346.6044119018644,346.80051082846586,-0.1960989266013987,-0.35016444219113163,-0.05657715824371013,16.157311087808395,0.0,0.0,0.0,0.301760382002288,-0.1960989266013963,0.0,224.70363708535183,0.0
L-main-threeshift-15c-01,geographic,reassignment_allowed,2025-11-10,3,327.5984430984748,45.07927821374374,41.070844222455655,290.6024588268114,335.68173704055516,331.6733030492671,4.008433991288084,8.891965777007483,1.1941173882819272,13.429172111409063,4.138726992567868,9.180996583272835,0.9685185803475904,5.942897104460298,4.008433991288083,0.0,283.5694099341099,0.0
L-main-threeshift-15c-01,geographic,reassignment_allowed,2025-11-11,3,327.5984430984748,30.130294539248865,30.67081571121467,290.6024588268114,320.73275336606025,321.2732745380261,-0.5405211719658046,-1.793945861570325,-0.16852696405124998,9.39420568153213,0.0,0.0,0.0,0.11176516599734043,-0.5405211719658034,0.0,155.18196245990717,0.0
L-main-threeshift-15c-01,geographic,reassignment_allowed,2025-11-12,3,327.5984430984748,33.019640459147865,23.100802749506716,290.6024588268114,323.6220992859593,313.70326157631814,9.918837709641148,30.039205671887327,3.0649444928285487,10.203147600859921,9.918837709641148,30.039205671887327,1.0,8.038325518784516,9.918837709641148,0.0,283.5694099341099,0.0
L-main-threeshift-15c-01,geographic,reassignment_allowed,2025-11-13,3,327.5984430984748,20.18250966906309,20.18250966906309,290.6024588268114,310.7849684958745,310.7849684958745,0.0,0.0,0.0,6.49404305708273,0.0,0.0,0.0,0.0,0.0,0.0,36.95624822507284,0.0
L-main-threeshift-15c-01,geographic,reassignment_allowed,2025-11-14,3,327.5984430984748,21.025971001637483,21.025971001637483,290.6024588268114,311.6284298284489,311.6284298284489,0.0,0.0,0.0,6.747128627902228,0.10409018770046312,0.49505531845524126,0.0,0.0,0.0,0.0,0.0,0.0
L-main-threeshift-15c-01,geographic,reassignment_allowed,2025-11-15,3,327.5984430984748,22.35194981689641,22.860018353562563,290.6024588268114,312.95440864370784,313.462477180374,-0.5080685366661513,-2.2730390003027354,-0.16234586336969511,7.142238357902045,0.059514557132927116,0.266261143302758,-8.53687838979241,0.6787187995491083,-0.5080685366661507,0.0,155.18196245990717,0.0
L-main-threeshift-15c-01,geographic,reassignment_allowed,2025-11-16,3,327.5984430984748,22.048318781469746,21.893728076478183,290.6024588268114,312.65077760828115,312.4961869032896,0.1545907049915615,0.7011450919400053,0.049445168879524604,7.052059473555506,0.5181602744811684,2.350112403657054,0.2983453433329147,0.5926360344845184,0.1545907049915615,0.0,214.0477353086653,0.0
L-main-threeshift-15c-01,geographic,reassignment_allowed,2025-11-17,3,327.5984430984748,40.18148510617079,40.08092525046501,290.6024588268114,330.7839439329822,330.6833840772764,0.10055985570578467,0.25026415882856806,0.030400464578219794,12.147350511762347,0.48595289489145443,1.2093950574684589,0.20693334017126572,0.36742204371317183,0.10055985570578348,0.0,155.18196245990717,0.0
L-main-threeshift-15c-01,geographic,reassignment_allowed,2025-11-18,3,327.5984430984748,28.79163693135692,29.36897152253417,290.6024588268114,319.3940957581683,319.9714303493456,-0.5773345911772516,-2.0052162805251186,-0.18075931861131989,9.014454967619917,0.10641542888029558,0.3696053445450291,-5.42529027277316,0.5518835098266403,-0.5773345911772504,0.0,155.18196245990717,0.0
L-main-threeshift-15c-01,geographic,reassignment_allowed,2025-11-19,3,327.5984430984748,53.75896865408891,53.90787407164959,290.6024588268114,344.3614274809003,344.510332898461,-0.14890541756067913,-0.27698711729164355,-0.04324102692045497,15.611205078150224,3.790748704508386,7.051379145496425,-0.03928126846909794,0.24993682032281583,-0.14890541756067913,0.0,155.18196245990717,0.0
L-main-threeshift-15c-01,geographic,reassignment_allowed,2025-11-20,3,327.5984430984748,33.46955696396568,33.6541117623894,290.6024588268114,324.0720157907771,324.2565705892008,-0.18455479842372333,-0.5514109392676471,-0.056948699496124675,10.327814600805839,0.0,0.0,0.0,0.1301730219077394,-0.18455479842372213,0.0,155.18196245990717,0.0
L-main-threeshift-15c-01,geographic,reassignment_allowed,2025-11-21,3,327.5984430984748,40.2198978646776,40.2198978646776,290.6024588268114,330.822356691489,330.822356691489,0.0,0.0,0.0,12.157551341726576,0.0,0.0,0.0,0.0,0.0,0.0,0.0,0.0
L-main-threeshift-15c-01,geographic,reassignment_allowed,2025-11-22,3,327.5984430984748,72.32936512489182,55.22602977991158,290.6024588268114,362.9318239517032,345.828488606723,17.10333534498024,23.64646131684931,4.712547706275615,19.929187894671088,17.10333534498024,23.64646131684931,1.0,15.049179005945634,17.10333534498024,0.0,283.5694099341099,0.0
L-main-threeshift-15c-01,geographic,reassignment_allowed,2025-11-23,3,327.5984430984748,31.05360798952449,31.082630379219115,290.6024588268114,321.6560668163359,321.6850892060305,-0.02902238969462682,-0.09345899421547772,-0.009022801895789663,9.654289532569567,0.0,0.0,0.0,0.10641542888029794,-0.02902238969462682,0.0,111.32587010179118,0.0
L-main-threeshift-15c-01,geographic,reassignment_allowed,2025-11-24,3,327.5984430984748,26.802985063700135,21.69718404926297,290.6024588268114,317.40544389051155,312.29964287607436,5.105801014437167,19.049374546539088,1.6086053697927134,8.444399924327,5.173815890503277,19.30313313314601,0.9868540208029138,3.8553780923254686,5.1058010144371675,0.0,283.5694099341099,0.0
L-main-threeshift-15c-01,geographic,reassignment_allowed,2025-11-25,3,327.5984430984748,33.15483992362859,33.15483992362859,290.6024588268114,323.75729875044,323.75729875044,0.0,0.0,0.0,10.240646327230804,0.0,0.0,0.0,0.0,0.0,0.0,0.0,0.0
L-main-threeshift-15c-01,geographic,reassignment_allowed,2025-11-26,3,327.5984430984748,40.76238424204198,40.76238424204198,290.6024588268114,331.3648430688534,331.3648430688534,0.0,0.0,0.0,12.301360598345696,0.0,0.0,0.0,0.0,0.0,0.0,0.0,0.0
L-main-threeshift-15c-01,geographic,reassignment_allowed,2025-11-27,3,327.5984430984748,60.493130515648325,42.3505385889874,290.6024588268114,351.09558934245973,332.9529974157988,18.142591926660938,29.99116060288502,5.167422342342386,17.229817847880494,18.142591926660938,29.99116060288502,1.0,16.22263838264897,18.142591926660938,0.0,283.5694099341099,0.0
L-main-threeshift-15c-01,geographic,reassignment_allowed,2025-11-28,3,327.5984430984748,24.766125932287853,24.576438353247188,290.6024588268114,315.3685847590993,315.1788971800586,0.18968757904066536,0.7659154264146243,0.06014789938115176,7.853073238479338,0.18968757904066536,0.7659154264146243,1.0,0.033431722925652,0.18968757904066594,0.0,155.18196245990717,0.0
L-main-threeshift-15c-01,geographic,reassignment_allowed,2025-11-29,3,327.5984430984748,27.508376045298494,24.90287081788587,290.6024588268114,318.11083487210993,315.50532964469727,2.605505227412626,9.47167954633926,0.8190557949590486,8.647418770365897,3.0357696055315295,11.035800879457508,0.8582684346878923,3.6989912520193897,2.6055052274126247,0.0,283.5694099341099,0.0
L-main-threeshift-15c-01,mixed,ownership_fixed,2025-11-02,3,378.4624087799081,19.115538983703217,19.014659906676332,497.0518687967876,516.1674077804907,516.0665287034639,0.10087907702688408,0.5277333645307498,0.019543868037050622,3.7033603237173853,0.5572563374463316,2.915200758510736,0.18102813776720764,2.170232915997191,0.10087907702688526,0.0,315.2208588508687,0.0
L-main-threeshift-15c-01,mixed,ownership_fixed,2025-11-03,3,378.4624087799081,26.37409969939281,26.388927557734416,497.0518687967876,523.4259684961804,523.440796354522,-0.014827858341605568,-0.05622128721211643,-0.0028328472857788237,5.038744977664452,0.10403466959238017,0.39445770956411175,-0.14252804761819138,1.9336254475349068,-0.014827858341605568,0.0,315.2208588508687,0.0
L-main-threeshift-15c-01,mixed,ownership_fixed,2025-11-04,3,378.4624087799081,25.165444239931862,24.80753514933663,497.0518687967876,522.2173130367195,521.8594039461242,0.3579090905952332,1.4222244089270337,0.06853642758681709,4.8189601554175905,0.8047104595725768,3.1976803266428475,0.44476753885532583,0.7058001403168651,0.35790909059523085,0.0,315.2208588508687,0.0
L-main-threeshift-15c-01,mixed,ownership_fixed,2025-11-05,3,378.4624087799081,27.38209038188082,27.37178460259265,497.0518687967876,524.4339591786684,524.4236533993802,0.010305779288174222,0.0376369340121444,0.0019651243226724694,5.221265690872636,0.049713485005739244,0.18155474732723648,0.20730349696836695,0.08661155857634739,0.010305779288174222,0.0,102.89807357060893,0.0
L-main-threeshift-15c-01,mixed,ownership_fixed,2025-11-06,3,378.4624087799081,38.87629301749573,38.81237567963121,497.0518687967876,535.9281618142833,535.8642444764188,0.06391733786451918,0.16441212086696144,0.0119264749305465,7.25401197165818,0.15901926429391247,0.40903916487703207,0.40194713608020416,0.35632504358208195,0.06391733786451918,0.0,102.89807357060893,0.0
L-main-threeshift-15c-01,mixed,ownership_fixed,2025-11-07,3,378.4624087799081,60.48596522188899,60.48596522188899,497.0518687967876,557.5378340186766,557.5378340186766,0.0,0.0,0.0,10.84876425083339,0.0,0.0,0.0,0.0,0.0,0.0,0.0,0.0
L-main-threeshift-15c-01,mixed,ownership_fixed,2025-11-08,3,378.4624087799081,73.94106840716577,74.87430383714262,497.0518687967876,570.9929372039534,571.9261726339302,-0.9332354299768468,-1.2621340887825272,-0.1634408009574913,12.949559195817988,0.15160934949078353,0.20504078823412128,-6.155526905902192,1.1194611280524782,-0.9332354299768468,0.0,315.2208588508687,0.0
L-main-threeshift-15c-01,mixed,ownership_fixed,2025-11-09,3,378.4624087799081,65.3435098273038,65.62650028947519,497.0518687967876,562.3953786240913,562.6783690862628,-0.2829904621713837,-0.43308120870657,-0.050318774464990106,11.61878498844846,0.03416713825830205,0.05228849559597012,-8.282533352134683,0.47959191700912146,-0.28299046217137896,0.0,250.06464591894766,0.0
L-main-threeshift-15c-01,mixed,ownership_fixed,2025-11-10,3,378.4624087799081,51.762821755390895,48.42622871390637,497.0518687967876,548.8146905521785,545.4780975106939,3.336593041484536,6.445925721074205,0.607963507341156,9.431748574971783,3.4826716381630263,6.728133281876813,0.9580555929885077,5.042192682432803,3.336593041484536,0.0,315.2208588508687,0.0
L-main-threeshift-15c-01,mixed,ownership_fixed,2025-11-11,3,378.4624087799081,36.360005301165664,36.88982071260079,497.0518687967876,533.4118740979533,533.9416895093883,-0.5298154114351306,-1.457137882810334,-0.09932576254158108,6.816497169781542,0.0,0.0,0.0,0.06989807357060822,-0.5298154114351282,0.0,102.89807357060893,0.0
L-main-threeshift-15c-01,mixed,ownership_fixed,2025-11-12,3,378.4624087799081,40.24359017124719,29.343439825174894,497.0518687967876,537.2954589680347,526.3953086219625,10.9001503460723,27.085432238250263,2.028706955202609,7.490029833593177,10.9001503460723,27.085432238250263,1.0,9.262123310214958,10.9001503460723,0.0,315.2208588508687,0.0
L-main-threeshift-15c-01,mixed,ownership_fixed,2025-11-13,3,378.4624087799081,26.652613171774515,26.652613171774515,497.0518687967876,523.704481968562,523.704481968562,0.0,0.0,0.0,5.089246720132991,0.007101926429392336,0.026646266854288697,0.0,0.0,0.0,0.0,0.0,0.0
L-main-threeshift-15c-01,mixed,ownership_fixed,2025-11-14,3,378.4624087799081,25.700521477352968,25.54790991877663,497.0518687967876,522.7523902741406,522.5997787155642,0.1526115585763428,0.5938072451596849,0.02919385189158305,4.916385262987542,0.1526115585763428,0.5938072451596849,1.0,0.03412119072330455,0.1526115585763428,0.0,102.89807357060893,0.0
L-main-threeshift-15c-01,mixed,ownership_fixed,2025-11-15,3,378.4624087799081,28.188391395069544,28.541085615781373,497.0518687967876,525.2402601918571,525.5929544125689,-0.3526942207118253,-1.2512037872920814,-0.06714912154353798,5.366761372171476,0.10861155857634704,0.3853059830698405,-3.247299139565368,0.5855096321469565,-0.3526942207118253,0.0,102.89807357060893,0.0
L-main-threeshift-15c-01,mixed,ownership_fixed,2025-11-16,3,378.4624087799081,27.405149849299267,27.166353702158048,497.0518687967876,524.4570186460868,524.2182224989456,0.238796147141219,0.871355013398421,0.045532071962290394,5.225432947784186,0.3850000000000004,1.4048454473597582,0.6202497328343344,0.46130577928817357,0.2387961471412184,0.0,102.89807357060893,0.0
L-main-threeshift-15c-01,mixed,ownership_fixed,2025-11-17,3,378.4624087799081,48.100682444227886,48.01519207637484,497.0518687967876,545.1525512410154,545.0670608731624,0.08549036785304054,0.1777321308323754,0.015681916494461143,8.823343545715568,0.6449943950401575,1.3409256631400608,0.1325443577656483,0.42691733786451397,0.08549036785304054,0.0,102.89807357060893,0.0
L-main-threeshift-15c-01,mixed,ownership_fixed,2025-11-18,3,378.4624087799081,37.38079437902227,37.63155199757567,497.0518687967876,534.4326631758098,534.6834207943632,-0.2507576185534006,-0.6708193946090223,-0.046920339236621485,6.994481616615802,0.2843443078759904,0.7606695165246719,-0.8818802121502718,0.7023443078759991,-0.25075761855339823,0.0,102.89807357060893,0.0
L-main-threeshift-15c-01,mixed,ownership_fixed,2025-11-19,3,378.4624087799081,63.8071706379267,63.68115137363279,497.0518687967876,560.8590394347143,560.7330201704203,0.1260192642939136,0.19750016030174564,0.022468972671088175,11.376685789398612,4.622068780009111,7.243807762981695,0.027264688236349695,0.3918346757290436,0.12601926429390886,0.0,102.89807357060893,0.0
L-main-threeshift-15c-01,mixed,ownership_fixed,2025-11-20,3,378.4624087799081,42.214337825366975,42.428357089660885,497.0518687967876,539.2662066221545,539.4802258864485,-0.21401926429390983,-0.5069824029439205,-0.03968712700068481,7.828107399829176,0.0,0.0,0.0,0.17140770571756292,-0.21401926429390983,0.0,102.89807357060893,0.0
L-main-threeshift-15c-01,mixed,ownership_fixed,2025-11-21,3,378.4624087799081,50.62925850044138,50.62925850044138,497.0518687967876,547.681127297229,547.681127297229,0.0,0.0,0.0,9.244294896611375,0.0,0.0,0.0,0.0,0.0,0.0,0.0,0.0
L-main-threeshift-15c-01,mixed,ownership_fixed,2025-11-22,3,378.4624087799081,83.24645344899291,65.43994191738233,497.0518687967876,580.2983222457805,562.4918107141699,17.806511531610578,21.390114285794834,3.068509911022762,14.345458233762491,17.806511531610578,21.390114285794834,1.0,16.55353879474261,17.806511531610575,0.0,315.2208588508687,0.0
L-main-threeshift-15c-01,mixed,ownership_fixed,2025-11-23,3,378.4624087799081,37.01405594627443,37.04705594627443,497.0518687967876,534.065924743062,534.098924743062,-0.03300000000000125,-0.08915531993548735,-0.0061790124535425995,6.930615534792229,0.014203852858779934,0.03837421351336556,-2.323313281832733,0.1991211907232966,-0.03300000000000125,0.0,102.89807357060893,0.0
L-main-threeshift-15c-01,mixed,ownership_fixed,2025-11-24,3,378.4624087799081,31.663413081428825,26.935107619619448,497.0518687967876,528.7152818782164,523.9869764164071,4.72830546180937,14.933025222674457,0.8943008881855021,5.988745581354718,4.75633219426674,15.021539788003514,0.9941074905383704,3.546306819409866,4.728305461809367,0.0,315.2208588508687,0.0
L-main-threeshift-15c-01,mixed,ownership_fixed,2025-11-25,3,378.4624087799081,43.95536583308047,43.95536583308047,497.0518687967876,541.0072346298681,541.0072346298681,0.0,0.0,0.0,8.124727918500513,0.0,0.0,0.0,0.0,0.0,0.0,0.0,0.0
L-main-threeshift-15c-01,mixed,ownership_fixed,2025-11-26,3,378.4624087799081,51.68872908327387,51.68872908327387,497.0518687967876,548.7405978800614,548.7405978800614,0.0,0.0,0.0,9.419519766345319,0.0,0.0,0.0,0.0,0.0,0.0,0.0,0.0
L-main-threeshift-15c-01,mixed,ownership_fixed,2025-11-27,3,378.4624087799081,69.24541563614947,50.109383614106754,497.0518687967876,566.2972844329371,547.1612524108943,19.136032022042727,27.63508868600507,3.3791495294215705,12.227749900917944,19.136032022042727,27.63508868600507,1.0,17.288058967695974,19.13603202204273,0.0,315.2208588508687,0.0
L-main-threeshift-15c-01,mixed,ownership_fixed,2025-11-28,3,378.4624087799081,29.52290016645434,29.430575122872256,497.0518687967876,526.5747689632419,526.4824439196598,0.09232504358208023,0.3127234894320626,0.017533130910137674,5.606592246070038,0.31552889644086096,1.0687598259719198,0.2926040835673019,0.05361155857634851,0.0923250435820826,0.0,102.89807357060893,0.0
L-main-threeshift-15c-01,mixed,ownership_fixed,2025-11-29,3,378.4624087799081,31.867423423866768,29.512074059530494,497.0518687967876,528.9192922206544,526.563942856318,2.355349364336272,7.391088174929945,0.4453135665457384,6.025006819106974,2.8186789423468923,8.84501675851168,0.8356217265295061,3.5918138705360136,2.355349364336275,0.0,315.2208588508687,0.0
L-main-threeshift-15c-01,mixed,reassignment_allowed,2025-11-02,3,334.2178583991564,15.292710382202458,15.225909660748286,322.7186931407091,338.01140352291156,337.9446028014574,0.06680072145417171,0.436814140755022,0.01976286029345271,4.524317884785762,0.4948584787335572,3.2359108775738656,0.1349895461529289,2.3701069423479844,0.06680072145417171,0.0,334.2178583991564,0.0
L-main-threeshift-15c-01,mixed,reassignment_allowed,2025-11-03,3,334.2178583991564,24.12899364990227,24.22737018108761,322.7186931407091,346.84768679061136,346.9460633217967,-0.09837653118534344,-0.4077108751932632,-0.028363035110778298,6.9566540498419736,0.11189665082583744,0.46374354624727854,-0.8791731518261657,2.085345584251441,-0.09837653118534344,0.0,334.2178583991564,0.0
L-main-threeshift-15c-01,mixed,reassignment_allowed,2025-11-04,3,334.2178583991564,20.953175867543578,20.67880247847314,322.7186931407091,343.67186900825266,343.3974956191822,0.27437338907043457,1.3094596771625362,0.07983585908913772,6.096855098442877,0.8226671428508467,3.9262169517946743,0.33351689253034833,0.4411845405461546,0.27437338907043457,0.0,334.2178583991564,0.0
L-main-threeshift-15c-01,mixed,reassignment_allowed,2025-11-05,3,334.2178583991564,20.864320438914067,20.912296083827236,322.7186931407091,343.5830135796232,343.63098922453634,-0.047975644913166825,-0.22994108556580353,-0.01396333433755414,6.072570416546188,0.0,0.0,0.0,0.03464807809854283,-0.047975644913166825,0.0,129.43116169224297,0.0
L-main-threeshift-15c-01,mixed,reassignment_allowed,2025-11-06,3,334.2178583991564,25.38340353276494,25.438700881956603,322.7186931407091,348.102096673474,348.1573940226657,-0.055297349191658185,-0.21784844227166097,-0.015885382397891182,7.291942155859815,0.02701668086608559,0.10643443000546564,-2.046785445841858,0.10485512641820922,-0.055297349191658185,0.0,79.26207279848255,0.0
L-main-threeshift-15c-01,mixed,reassignment_allowed,2025-11-07,3,334.2178583991564,50.72313641195839,50.72313641195839,322.7186931407091,373.4418295526675,373.4418295526675,0.0,0.0,0.0,13.582607088423332,0.0,0.0,0.0,0.0,0.0,0.0,0.0,0.0
L-main-threeshift-15c-01,mixed,reassignment_allowed,2025-11-08,3,334.2178583991564,66.10426233344093,67.17352091981893,322.7186931407091,388.82295547415004,389.89221406052803,-1.0692585863779982,-1.6175334972871787,-0.2749988320710363,17.00112130798196,0.09478669670690702,0.1433896898036425,-11.280682031617653,0.7322568873355664,-1.0692585863779982,0.0,334.2178583991564,0.0
L-main-threeshift-15c-01,mixed,reassignment_allowed,2025-11-09,3,334.2178583991564,59.31328667663316,59.76342158000102,322.7186931407091,382.03197981734223,382.4821147207101,-0.45013490336786316,-0.7589107408967721,-0.11782649808088905,15.525738631878967,0.0,0.0,0.0,0.24312786430263125,-0.45013490336786316,0.0,284.04876950539597,0.0
L-main-threeshift-15c-01,mixed,reassignment_allowed,2025-11-10,3,334.2178583991564,45.00584367149944,41.46196922516552,322.7186931407091,367.72453681220856,364.1806623658746,3.5438744463339233,7.874254001771173,0.9637307526594906,12.23901022805102,3.7903705487120405,8.421951994452543,0.9349678087642709,5.659147471114042,3.5438744463339233,0.0,334.2178583991564,0.0
L-main-threeshift-15c-01,mixed,reassignment_allowed,2025-11-11,3,334.2178583991564,31.59339110302449,31.84548079348126,322.7186931407091,354.3120842437336,354.56417393419036,-0.2520896904567695,-0.7979190636254191,-0.07114905239397801,8.916825733014287,0.0,0.0,0.0,0.05526705006856739,-0.2520896904567695,0.0,79.26207279848255,0.0
L-main-threeshift-15c-01,mixed,reassignment_allowed,2025-11-12,3,334.2178583991564,33.174646582905616,21.872391252496044,322.7186931407091,355.8933397236147,344.59108439320516,11.30225533040957,34.068954742786765,3.1757422994166893,9.32151374585119,11.30225533040957,34.068954742786765,1.0,8.912775337175798,11.30225533040957,0.0,334.2178583991564,0.0
L-main-threeshift-15c-01,mixed,reassignment_allowed,2025-11-13,3,334.2178583991564,18.85238876408997,18.85238876408997,322.7186931407091,341.5710819047991,341.5710819047991,0.0,0.0,0.0,5.5193164066928855,0.0,0.0,0.0,0.0,0.0,0.0,36.95624822507284,0.0
L-main-threeshift-15c-01,mixed,reassignment_allowed,2025-11-14,3,334.2178583991564,20.425926752432048,20.425926752432048,322.7186931407091,343.1446198931411,343.1446198931411,0.0,0.0,0.0,5.952570889438074,0.04368963600758846,0.21389304160892714,0.0,0.0,0.0,0.0,0.0,0.0
L-main-threeshift-15c-01,mixed,reassignment_allowed,2025-11-15,3,334.2178583991564,21.20941224937886,21.49892345732115,322.7186931407091,343.928105390088,344.21761659803025,-0.2895112079422913,-1.3650128751246746,-0.08417782769277425,6.166815656232239,0.022246267634560724,0.10488865685192303,-13.013922726188941,0.35357087186672587,-0.2895112079422913,0.0,129.43116169224297,0.0
L-main-threeshift-15c-01,mixed,reassignment_allowed,2025-11-16,3,334.2178583991564,17.100338849374225,16.9982507751574,322.7186931407091,339.8190319900833,339.71694391586647,0.10208807421682901,0.596994452075228,0.030041894245584275,5.032189853884715,0.3446860633547608,2.0156680308552737,0.29617697107688695,0.3613514582200654,0.10208807421682901,0.0,129.43116169224297,0.0
L-main-threeshift-15c-01,mixed,reassignment_allowed,2025-11-17,3,334.2178583991564,40.845667964530215,40.82386998426404,322.7186931407091,363.5643611052393,363.5425631249731,0.02179798026617874,0.05336668820083391,0.0059956317500188035,11.234783255531147,0.22533646117611048,0.5516777479849011,0.09673525603627302,0.16415075899845988,0.02179798026617874,0.0,129.43116169224297,0.0
L-main-threeshift-15c-01,mixed,reassignment_allowed,2025-11-18,3,334.2178583991564,26.21182839689385,26.51882429297744,322.7186931407091,348.93052153760294,349.23751743368655,-0.3069958960835895,-1.1712112998571633,-0.08798195547089901,7.512048037926972,0.03714793619086502,0.14172203338271175,-8.264144056516452,0.2427310352704263,-0.3069958960835895,0.0,79.26207279848255,0.0
L-main-threeshift-15c-01,mixed,reassignment_allowed,2025-11-19,3,334.2178583991564,58.34928627744034,58.56119860593683,322.7186931407091,381.06797941814943,381.27989174664594,-0.2119123284964838,-0.36317895558975455,-0.05561011156593413,15.312041270571603,3.966118964180803,6.797202189110972,-0.05343065359620498,0.0926066742252279,-0.2119123284964838,0.0,79.26207279848255,0.0
L-main-threeshift-15c-01,mixed,reassignment_allowed,2025-11-20,3,334.2178583991564,33.06638415386012,33.18963653966736,322.7186931407091,355.7850772945692,355.9083296803765,-0.12325238580724591,-0.37274225459228993,-0.034642370822427763,9.293921039437834,0.0,0.0,0.0,0.049853377362376015,-0.12325238580724591,0.0,79.26207279848255,0.0
L-main-threeshift-15c-01,mixed,reassignment_allowed,2025-11-21,3,334.2178583991564,40.45553727832001,40.45553727832001,322.7186931407091,363.1742304190291,363.1742304190291,0.0,0.0,0.0,11.13942947759332,0.0,0.0,0.0,0.0,0.0,0.0,0.0,0.0
L-main-threeshift-15c-01,mixed,reassignment_allowed,2025-11-22,3,334.2178583991564,78.32339378891152,59.63939374422764,322.7186931407091,401.0420869296206,382.3580868849367,18.68400004468388,23.85494185177792,4.658862661454971,19.529968634602827,18.68400004468388,23.85494185177792,1.0,16.949773029336523,18.68400004468388,0.0,334.2178583991564,0.0
L-main-threeshift-15c-01,mixed,reassignment_allowed,2025-11-23,3,334.2178583991564,34.912034566079285,34.922165821404064,322.7186931407091,357.6307277067884,357.64085896211316,-0.010131255324779431,-0.029019378133358666,-0.0028328816681227036,9.762034372701526,0.0,0.0,0.0,0.03714793619086739,-0.010131255324779431,0.0,36.95624822507284,0.0
L-main-threeshift-15c-01,mixed,reassignment_allowed,2025-11-24,3,334.2178583991564,21.355679890325785,16.50877659053907,322.7186931407091,344.0743730310349,339.22746973124816,4.846903299786715,22.69608518519882,1.4086789600426104,6.206704586045861,4.945593050795846,23.158209320398278,0.9800449106921059,3.751440318268982,4.846903299786715,0.0,334.2178583991564,0.0
L-main-threeshift-15c-01,mixed,reassignment_allowed,2025-11-25,3,334.2178583991564,33.19086829157239,33.19086829157239,322.7186931407091,355.90956143228146,355.90956143228146,0.0,0.0,0.0,9.325646705866198,0.0,0.0,0.0,0.0,0.0,0.0,0.0,0.0
L-main-threeshift-15c-01,mixed,reassignment_allowed,2025-11-26,3,334.2178583991564,41.84636158693393,41.84636158693393,322.7186931407091,364.56505472764303,364.56505472764303,0.0,0.0,0.0,11.478434656386977,0.0,0.0,0.0,0.0,0.0,0.0,0.0,0.0
L-main-threeshift-15c-01,mixed,reassignment_allowed,2025-11-27,3,334.2178583991564,68.18065284571557,48.21737021779731,322.7186931407091,390.8993459864247,370.93606335850643,19.96328262791826,29.27998162923537,5.107013565740669,17.44199716519438,19.96328262791826,29.27998162923537,1.0,18.07931025933753,19.96328262791826,0.0,334.2178583991564,0.0
L-main-threeshift-15c-01,mixed,reassignment_allowed,2025-11-28,3,334.2178583991564,26.407025507687166,26.334925862690227,322.7186931407091,349.1257186483963,349.0536190033993,0.07209964499693555,0.2730320572301758,0.020651484879447377,7.563758295985528,0.07209964499693555,0.2730320572301758,1.0,0.016082526279770804,0.07209964499693555,0.0,79.26207279848255,0.0
L-main-threeshift-15c-01,mixed,reassignment_allowed,2025-11-29,3,334.2178583991564,28.481552570932674,25.76014073101591,322.7186931407091,351.20024571164174,348.478833871725,2.721411839916763,9.554998215561273,0.7748889339192603,8.109775809871694,3.203694388002327,11.24831372876741,0.849460501010431,3.882456204946331,2.721411839916763,0.0,334.2178583991564,0.0
L-main-threeshift-200c-01,geographic,ownership_fixed,2025-11-02,3,3702.6412488719475,200.53174446318084,199.21117532191226,4567.22383050486,4767.755574968041,4766.435005826773,1.3205691412685496,0.6585337123574548,0.02769792034226506,4.205998845998414,3.4570740280943255,1.7239535004040574,0.38199041459245203,25.750740877311728,1.0313828418805429,0.2891862993880068,2664.819571008232,271.5320836545271
L-main-threeshift-200c-01,geographic,ownership_fixed,2025-11-03,3,3702.6412488719475,254.6000475219556,257.24871693416264,4567.22383050486,4821.823878026816,4824.472547439023,-2.648669412207056,-1.0403255765216015,-0.05493086183170471,5.280160660412651,0.8915336003763059,0.350170241150259,-2.970913727860715,21.120717966700255,-2.648669412207056,0.0,2664.819571008232,0.0
L-main-threeshift-200c-01,geographic,ownership_fixed,2025-11-04,3,3702.6412488719475,234.7752949357904,237.1452164896043,4567.22383050486,4801.9991254406505,4804.369046994465,-2.3699215538138674,-1.009442477523892,-0.049352811025270525,4.88911573706808,8.25575856179853,3.516451151325964,-0.28706284662684906,4.383523530527498,-2.3699215538138674,0.0,2664.819571008232,0.0
L-main-threeshift-200c-01,geographic,ownership_fixed,2025-11-05,3,3702.6412488719475,260.04311222295905,260.15734193637445,4567.22383050486,4827.26694272782,4827.381172441235,-0.11422971341539778,-0.043927221313002154,-0.002366343414827774,5.386963582254525,0.31569747968336515,0.12140197715088429,-0.36183283290689133,0.5461087450991613,-0.11422971341536936,0.0,1075.1558825501677,0.0
L-main-threeshift-200c-01,geographic,ownership_fixed,2025-11-06,3,3702.6412488719475,382.16274862570225,381.91843111438703,4567.22383050486,4949.3865791305625,4949.142261619248,0.24431751131510282,0.06393022663608489,0.00493631902477137,7.721416432434646,0.8401639085989245,0.21984453262915943,0.2907974370412221,1.5337039405378619,0.2443175113150744,0.0,911.8860451606464,0.0
L-main-threeshift-200c-01,geographic,ownership_fixed,2025-11-07,3,3702.6412488719475,586.4834927227025,585.9431235658271,4567.22383050486,5153.707323227563,5153.166954070688,0.5403691568753857,0.09213714683882496,0.010485057124605474,11.379836997717035,0.6371638301986877,0.10864139197519539,0.848085109769777,0.007101788585259783,0.0,0.5403691568753857,0.0,149.0513316691696
L-main-threeshift-200c-01,geographic,ownership_fixed,2025-11-08,3,3702.6412488719475,712.7257658917301,724.1211537440907,4567.22383050486,5279.949596396591,5291.344984248951,-11.3953878523605,-1.5988460636193091,-0.21582379991160358,13.498722911638103,1.615164657338255,0.2266179692995151,-7.055248392532172,9.031696468014616,-11.954636881893066,0.5592490295325092,2664.819571008232,149.0513316691696
L-main-threeshift-200c-01,geographic,ownership_fixed,2025-11-09,3,3702.6412488719475,594.5866342156817,594.8740450977539,4567.22383050486,5161.810464720542,5162.097875602614,-0.28741088207220855,-0.04833793185602495,-0.005568024708318476,11.518955185966371,1.4502332507234996,0.24390613028772504,-0.19818252127981728,2.0745653000166158,-0.6775256322176801,0.3901147501454716,774.7471810105825,271.5320836545271
L-main-threeshift-200c-01,geographic,ownership_fixed,2025-11-10,3,3702.6412488719475,483.66127275110466,442.55297610215126,4567.22383050486,5050.885103255965,5009.776806607012,41.1082966489534,8.499398021910265,0.8138830285894576,9.575772619324104,44.04951479377473,9.107513310548416,0.9332292725903759,63.921666602491655,41.1082966489534,0.0,2664.819571008232,0.0
L-main-threeshift-200c-01,geographic,ownership_fixed,2025-11-11,3,3702.6412488719475,353.5068821088086,354.2778836738568,4567.22383050486,4920.730712613669,4921.5017141787175,-0.7710015650482092,-0.21810086424594605,-0.01566843645948445,7.1840322658307345,2.523890932595293,0.7139580755936868,-0.30548133245020836,2.8508049894108467,-3.179155702643726,2.4081541375955027,1870.3750278539276,149.0513316691696
L-main-threeshift-200c-01,geographic,ownership_fixed,2025-11-12,3,3702.6412488719475,328.29160058827364,235.00306183621345,4567.22383050486,4895.515431093134,4802.226892341074,93.2885387520602,28.41636477597789,1.9055917617898213,6.705966005196892,93.2885387520602,28.41636477597789,1.0,73.15877045704553,93.2885387520602,0.0,2664.819571008232,0.0
L-main-threeshift-200c-01,geographic,ownership_fixed,2025-11-13,3,3702.6412488719475,201.0159569818567,201.0159569818567,4567.22383050486,4768.239787486717,4768.239787486717,0.0,0.0,0.0,4.215726681979847,0.012791646652601685,0.006363498124557461,0.0,0.0,0.0,0.0,0.0,0.0
L-main-threeshift-200c-01,geographic,ownership_fixed,2025-11-14,3,3702.6412488719475,231.61628269344408,231.01768346083176,4567.22383050486,4798.840113198305,4798.241513965692,0.5985992326123437,0.25844436567726986,0.012473831561214333,4.826505514456028,0.801312812975425,0.3459656651324481,0.7470231636377214,0.3529414661435055,0.5985992326123437,0.0,264.94474537640906,0.0
L-main-threeshift-200c-01,geographic,ownership_fixed,2025-11-15,3,3702.6412488719475,207.21031261830944,213.12653849490914,4567.22383050486,4774.43414312317,4780.35036899977,-5.916225876599697,-2.8551792629634445,-0.12391470275322784,4.339997294061825,0.47412499274574316,0.22881341510212494,-12.478198717890335,6.5427063814588,-5.793326036653582,-0.12289983994611475,2315.260613927376,122.48075198535753
L-main-threeshift-200c-01,geographic,ownership_fixed,2025-11-16,3,3702.6412488719475,270.2573124431993,269.309116538839,4567.22383050486,4837.48114294806,4836.532947043699,0.9481959043602615,0.3508493057184332,0.01960102533407317,5.586736246758762,6.463770474021487,2.3917097434246095,0.14669393168757333,6.532283543252447,0.9481959043602615,0.0,2664.819571008232,0.0
L-main-threeshift-200c-01,geographic,ownership_fixed,2025-11-17,3,3702.6412488719475,426.43466397022854,424.08498084179564,4567.22383050486,4993.658494475089,4991.3088113466565,2.3496831284329005,0.5510065965455715,0.04705334037224523,8.539523967088051,4.893869478563602,1.147624687214749,0.4801278699248341,2.7940133357589048,2.3496831284329005,0.0,2486.2498027891806,0.0
L-main-threeshift-200c-01,geographic,ownership_fixed,2025-11-18,3,3702.6412488719475,384.3247961122279,388.3006661819201,4567.22383050486,4951.548626617088,4955.52449668678,-3.975870069692178,-1.0345078199250957,-0.0802954867154057,7.761709014555304,2.1384612479732823,0.5564203167751954,-1.8592200693186711,3.8188858780413852,-3.975870069692121,0.0,1870.3750278539276,0.0
L-main-threeshift-200c-01,geographic,ownership_fixed,2025-11-19,3,3702.6412488719475,578.4122287049255,577.5655633880293,4567.22383050486,5145.636059209786,5144.78939389289,0.8466653168961784,0.1463774925353629,0.016454045858544465,11.240830522198884,32.60369117308153,5.636756893276916,0.025968388438030836,3.0593910936894417,0.8466653168961216,0.0,1870.3750278539276,0.0
L-main-threeshift-200c-01,geographic,ownership_fixed,2025-11-20,3,3702.6412488719475,405.3881702501437,406.4243415705221,4567.22383050486,4972.612000755004,4973.648172075383,-1.0361713203784007,-0.2555997921051899,-0.020837566257352797,8.152419094604456,0.13094024043311947,0.032299965820986626,-7.913314630788748,0.8119345839421612,-1.036171320378429,0.0,774.7471810105825,0.0
L-main-threeshift-200c-01,geographic,ownership_fixed,2025-11-21,3,3702.6412488719475,539.1584377084287,534.3874584508303,4567.22383050486,5106.382268213289,5101.611288955691,4.770979257598356,0.8848937388193955,0.09343169012819932,10.558520874252507,4.873825262590913,0.9039690231513408,0.9788982986768212,5.4815273050331825,0.0,4.7709792575984125,0.0,149.0513316691696
L-main-threeshift-200c-01,geographic,ownership_fixed,2025-11-22,3,3702.6412488719475,741.3571379836236,573.8543758998711,4567.22383050486,5308.580968488484,5141.078206404732,167.5027620837526,22.59407153471728,3.1553208489809617,13.96526006449348,167.5027620837526,22.59407153471728,1.0,143.64879063051058,167.5027620837526,0.0,2664.819571008232,0.0
L-main-threeshift-200c-01,geographic,ownership_fixed,2025-11-23,3,3702.6412488719475,313.45372388114544,313.0505739742737,4567.22383050486,4880.677554386006,4880.274404479134,0.4031499068717608,0.12861544660564508,0.008260121722433218,6.422340349025132,0.8507228541555492,0.2714030140149568,0.4738910032832472,1.2141604848399652,0.12979347111382822,0.27335643575791835,384.8599373180794,271.5320836545271
L-main-threeshift-200c-01,geographic,ownership_fixed,2025-11-24,3,3702.6412488719475,346.3456865644757,295.08409929200934,4567.22383050486,4913.569517069336,4862.30792979687,51.261587272466386,14.80070035834661,1.0432657377572017,7.048759264752424,53.017098566131835,15.3075671569717,0.9668878278679155,40.06045428410573,51.26158727246633,0.0,2664.819571008232,0.0
L-main-threeshift-200c-01,geographic,ownership_fixed,2025-11-25,3,3702.6412488719475,389.4856434997444,389.4856434997444,4567.22383050486,4956.709474004605,4956.709474004605,0.0,0.0,0.0,7.857746062027571,0.0,0.0,0.0,0.0,0.0,0.0,0.0,0.0
L-main-threeshift-200c-01,geographic,ownership_fixed,2025-11-26,3,3702.6412488719475,516.7548097085192,512.6882624681888,4567.22383050486,5083.97864021338,5079.912092973049,4.066547240330465,0.7869394079997517,0.07998749656744797,10.164378064476496,4.18964165229977,0.8107600691056904,0.9706193459524788,3.77855475200613,0.0,4.066547240330522,0.0,149.0513316691696
L-main-threeshift-200c-01,geographic,ownership_fixed,2025-11-27,3,3702.6412488719475,622.725359348097,447.4816911487699,4567.22383050486,5189.949189852958,5014.70552165363,175.24366819932698,28.14140544762488,3.3765969913915863,11.998679304329377,175.38118151601861,28.163487945892754,0.9992159174918144,158.0567515888743,174.98489929630855,0.25876890301833555,2664.819571008232,149.0513316691696
L-main-threeshift-200c-01,geographic,ownership_fixed,2025-11-28,3,3702.6412488719475,291.033611460511,288.40737228524307,4567.22383050486,4858.257441965371,4855.631202790103,2.6262391752679264,0.9023834608272621,0.054057225386670765,5.990493812587576,3.300843317448539,1.134179416900929,0.7956267301102729,2.8795293501832475,1.0622118643974545,1.564027310870486,774.7471810105825,149.0513316691696
L-main-threeshift-200c-01,geographic,ownership_fixed,2025-11-29,3,3702.6412488719475,303.29681343445503,275.0330782392109,4567.22383050486,4870.520643939315,4842.256908744072,28.263735195244124,9.318836843418454,0.5803021332106334,6.227194905987426,31.033936332626922,10.232199930228946,0.9107363916813092,36.60988691172713,28.263735195244124,0.0,2664.819571008232,0.0
L-main-threeshift-200c-01,geographic,reassignment_allowed,2025-11-02,3,4046.382853941275,222.01893883154608,220.4136110276048,3780.8614266162276,4002.880365447774,4001.2750376438325,1.605327803941312,0.7230589482095187,0.04010431632676924,5.546479498812361,4.195093202738481,1.889520427769206,0.3826679709746098,25.604664553631835,1.4391434258702134,0.16618437807111755,2748.955379097061,207.9457519994238
L-main-threeshift-200c-01,geographic,reassignment_allowed,2025-11-03,3,4046.382853941275,274.64265384065305,276.6470693746696,3780.8614266162276,4055.5040804568807,4057.5084959908972,-2.0044155340166108,-0.7298267424911964,-0.04942457199527215,6.7720965974151515,1.0687325309240805,0.38913566992553034,-1.8755071788480988,21.447044131955806,-2.006397909660952,0.0019823756443410425,2748.955379097061,91.06293274089471
L-main-threeshift-200c-01,geographic,reassignment_allowed,2025-11-04,3,4046.382853941275,258.698068432015,259.8377319707147,3780.8614266162276,4039.5594950482428,4040.6991585869423,-1.1396635386996838,-0.4405380935417319,-0.028212569714512234,6.404115813843844,8.398614207783055,3.2464928163892273,-0.13569661738284747,5.605347073117723,-1.1451580486689086,0.005494509969234211,2748.955379097061,41.489471354686664
L-main-threeshift-200c-01,geographic,reassignment_allowed,2025-11-05,3,4046.382853941275,286.3046085388446,286.2859957815305,3780.8614266162276,4067.166035155072,4067.147422397758,0.018612757314125854,0.006501033081205381,0.0004576345581479609,7.039412850720476,0.6033066318790551,0.2107219422551492,0.03085123937085637,1.008811718367762,-0.04643656354857247,0.06504932086268884,1400.3526854500303,83.53533161148736
L-main-threeshift-200c-01,geographic,reassignment_allowed,2025-11-06,3,4046.382853941275,433.4485453937932,432.9620235714419,3780.8614266162276,4214.309972010021,4213.82345018767,0.48652182235135416,0.11224442382413424,0.01154451916405444,10.285160519102948,1.3867802383027386,0.31994114481174046,0.3508283496646892,2.5475554345417777,0.48652182235135416,0.0,1129.7418604865795,0.0
L-main-threeshift-200c-01,geographic,reassignment_allowed,2025-11-07,3,4046.382853941275,649.4351234785012,649.1560380393094,3780.8614266162276,4430.296550094728,4430.017464655537,0.27908543919177947,0.04297356719743513,0.006299475351956114,14.658953777363164,0.4791255113376944,0.07377573124955188,0.5824892070818499,0.310901369632802,0.0,0.27908543919177947,0.0,233.25932418430364
L-main-threeshift-200c-01,geographic,reassignment_allowed,2025-11-08,3,4046.382853941275,772.8137908404657,783.2013064062668,3780.8614266162276,4553.675217456694,4564.062733022494,-10.387515565801019,-1.3441162268214937,-0.22811278955468908,16.971210153017797,2.0646256468742195,0.2671569362949459,-5.031185959317807,10.315424681017626,-10.744694245295932,0.3571786794949124,2748.955379097061,113.80369388249933
L-main-threeshift-200c-01,geographic,reassignment_allowed,2025-11-09,3,4046.382853941275,649.1350215859787,650.1344016220137,3780.8614266162276,4429.996448202206,4430.995828238241,-0.9993800360349118,-0.153955649102587,-0.02255938684647215,14.65317250647938,1.9079668975386994,0.29392450477823845,-0.5237931734162287,2.649451599469709,-1.4230858886967326,0.42370585266175453,1185.4693489843828,257.7765865534762
L-main-threeshift-200c-01,geographic,reassignment_allowed,2025-11-10,3,4046.382853941275,523.1243537997202,482.31418560832185,3780.8614266162276,4303.985780415947,4263.17561222455,40.81016819139836,7.801236531041463,0.9481947727869671,12.1544164058359,43.94057161026834,8.399641746958531,0.9287582454175801,63.25579193470427,40.97968438317523,-0.16951619177687385,2748.955379097061,62.222325164065325
L-main-threeshift-200c-01,geographic,reassignment_allowed,2025-11-11,3,4046.382853941275,382.5195605153851,384.33129633005393,3780.8614266162276,4163.3809871316125,4165.192722946282,-1.8117358146688882,-0.47363220124687444,-0.04351597464341343,9.187714544926246,2.1720356825292506,0.5678234283242335,-0.8341188081031858,2.850563608244215,-3.7750948628435026,1.963359048174605,1768.7345156154333,268.17350805561455
L-main-threeshift-200c-01,geographic,reassignment_allowed,2025-11-12,3,4046.382853941275,362.53316846418323,265.56433094565256,3780.8614266162276,4143.394595080411,4046.4257575618803,96.96883751853063,26.74757676085871,2.34032350270633,8.74966552533111,96.99461873352136,26.754688169478218,0.9997341995326404,78.24641183331543,96.974732609123,-0.005895090592341982,2748.955379097061,22.874235485758458
L-main-threeshift-200c-01,geographic,reassignment_allowed,2025-11-13,3,4046.382853941275,233.89122819055254,233.86673513900254,3780.8614266162276,4014.7526548067804,4014.7281617552303,0.024493051550033822,0.010471983810388646,0.0006100762277523823,5.825794221980759,0.06123830924059348,0.026182388161518515,0.3999628966535532,0.08760827044667015,0.0,0.024493051550033822,39.777058415548424,41.489471354686664
L-main-threeshift-200c-01,geographic,reassignment_allowed,2025-11-14,3,4046.382853941275,257.0714624227348,256.21635902401545,3780.8614266162276,4037.9328890389625,4037.077785640243,0.8551033987193364,0.33263256475865954,0.021176761036334434,6.366412456248582,1.5330747009466563,0.5963612944425662,0.5577702105391992,0.777442741343369,0.8933980787098316,-0.03829467999049522,378.84912077967516,189.0791513667726
L-main-threeshift-200c-01,geographic,reassignment_allowed,2025-11-15,3,4046.382853941275,241.91459121330138,247.67173712466172,3780.8614266162276,4022.776017829529,4028.5331637408894,-5.75714591136034,-2.3798258230253415,-0.1431137574113953,6.013623183122816,0.8351988534255194,0.34524534019905656,-6.893143935420579,7.192545879711115,-5.706372418510237,-0.05077349285010276,2017.394410449533,137.67617829798445
L-main-threeshift-200c-01,geographic,reassignment_allowed,2025-11-16,3,4046.382853941275,314.7586766344354,312.7862770931833,3780.8614266162276,4095.620103250663,4093.647703709411,1.9723995412521163,0.6266386561101492,0.0481587523141279,7.685250797177546,6.646024789987355,2.111466746858302,0.29677884202653854,6.835176533830311,1.8883396941218393,0.0840598471302864,2340.6224927776007,56.02234364107943
L-main-threeshift-200c-01,geographic,reassignment_allowed,2025-11-17,3,4046.382853941275,458.0917815914256,454.77686445970977,3780.8614266162276,4238.953208207653,4235.638291075938,3.3149171317158257,0.7236360190090502,0.07820131454382023,10.806719468015064,7.059101811114867,1.5409797981075584,0.4695947473793823,4.196873402440436,3.387782639012604,-0.07286550729676833,2340.6224927776007,83.53533161148736
L-main-threeshift-200c-01,geographic,reassignment_allowed,2025-11-18,3,4046.382853941275,433.6368261297316,438.0353390860546,3780.8614266162276,4214.49825274596,4218.896765702282,-4.398512956322937,-1.014331046461222,-0.10436623039188786,10.289168487546418,3.191227706985501,0.7359217471144339,-1.3783137275647002,6.653000658099093,-4.1917731890974705,-0.2067397672254477,1768.7345156154333,142.67584532091155
L-main-threeshift-200c-01,geographic,reassignment_allowed,2025-11-19,3,4046.382853941275,616.7725196499294,611.6535688735396,3780.8614266162276,4397.633946266157,4392.514995489767,5.118950776389852,0.8299576607750438,0.11640238453080284,14.025099114345444,37.46277430890833,6.074001858930359,0.1366409955167845,4.783647719976027,5.204660544998963,-0.08570976860915873,1768.7345156154333,101.0896411162184
L-main-threeshift-200c-01,geographic,reassignment_allowed,2025-11-20,3,4046.382853941275,442.8210382450925,444.794921136018,3780.8614266162276,4223.68246486132,4225.656347752246,-1.9738828909254,-0.44575183210534264,-0.046733695237438026,10.484240752687171,0.20990586399489075,0.04740196283960477,-9.403657684253384,1.397949769529551,-1.8081981257317732,-0.165684765193627,1038.3159510532034,77.86942609711116
L-main-threeshift-200c-01,geographic,reassignment_allowed,2025-11-21,3,4046.382853941275,602.4959768988579,599.4770174336139,3780.8614266162276,4383.357403515085,4380.338444049841,3.018959465244014,0.5010754562682852,0.06887322176428191,13.745079888208673,3.4677248320667786,0.5755598319370873,0.8705879536135805,4.404057994241195,0.0,3.0189594652439573,0.0,214.3426422673847
L-main-threeshift-200c-01,geographic,reassignment_allowed,2025-11-22,3,4046.382853941275,791.4431617279346,619.616601714148,3780.8614266162276,4572.304588344162,4400.478028330375,171.82656001378663,21.71053694350492,3.7579858623550884,17.30950216539603,171.93159399515466,21.723808140534246,0.9993890943547526,149.10810965902124,171.87478024439073,-0.04822023060406385,2748.955379097061,28.969011722779044
L-main-threeshift-200c-01,geographic,reassignment_allowed,2025-11-23,3,4046.382853941275,342.6021149566754,341.92438901948316,3780.8614266162276,4123.463541572903,4122.785815635711,0.6777259371922165,0.19781720766023875,0.016435841625840997,8.308600561216291,1.2851629986596624,0.3751182326536953,0.5273462882910872,1.7327225586026505,0.19731809892221008,0.4804078382700254,692.8334053095105,257.7765865534762
L-main-threeshift-200c-01,geographic,reassignment_allowed,2025-11-24,3,4046.382853941275,374.4655930602533,321.6189801575285,3780.8614266162276,4155.327019676481,4102.480406773756,52.84661290272491,14.112541681291834,1.2717798780332663,9.011699711889532,54.44843215338701,14.540303077892126,0.9705809848454477,41.18342133443067,52.329482075342405,0.5171308273825067,2748.955379097061,154.2730813231087
L-main-threeshift-200c-01,geographic,reassignment_allowed,2025-11-25,3,4046.382853941275,433.1603359627114,433.3014322799051,3780.8614266162276,4214.021762578939,4214.162858896133,-0.14109631719365248,-0.03257369280593567,-0.003348257914721896,10.279024655478324,0.014070783326436262,0.0032484006863563674,-10.027609260996861,0.09399024946499897,0.0,-0.14109631719363355,0.0,77.86942609711116
L-main-threeshift-200c-01,geographic,reassignment_allowed,2025-11-26,3,4046.382853941275,575.8074658027462,573.2315220896056,3780.8614266162276,4356.668892418974,4354.092948705833,2.57594371314057,0.447361985754976,0.059126451349630016,13.216691009149374,2.844014186726023,0.4939175602318943,0.9057422164640989,2.6135678520460033,0.0,2.575943713140513,0.0,186.14946027189487
L-main-threeshift-200c-01,geographic,reassignment_allowed,2025-11-27,3,4046.382853941275,656.234318225187,475.2682293824373,3780.8614266162276,4437.095744841415,4256.129655998665,180.9660888427497,27.576443934261164,4.078480592922558,14.789726342689983,181.14681930996957,27.60398447309014,0.9990022984234098,163.16259475723487,180.7295070975006,0.23658174524907358,2748.955379097061,191.24424925696613
L-main-threeshift-200c-01,geographic,reassignment_allowed,2025-11-28,3,4046.382853941275,316.3102574129641,313.79428271689784,3780.8614266162276,4097.171684029192,4094.6557093331253,2.515974696066261,0.7954135653531742,0.06140759748666502,7.720209984022492,3.6365256363430944,1.1496704742000725,0.6918622189602754,2.4740830854636138,1.5290648344345736,0.9869098616316876,1038.3159510532034,177.36538468917388
L-main-threeshift-200c-01,geographic,reassignment_allowed,2025-11-29,3,4046.382853941275,327.6161418067859,299.5721664646805,3780.8614266162276,4108.4775684230135,4080.433593080908,28.043975342105437,8.560010256956321,0.6825880116188576,7.974149459273722,31.53434479440108,9.625394103138756,0.8893153012991931,37.88610883097067,27.931326151302745,0.11264919080268972,2748.955379097061,155.06733593092451
L-main-threeshift-200c-01,mixed,ownership_fixed,2025-11-02,3,5905.788055397429,303.577203606577,303.5862460381489,6840.46145764516,7144.038661251738,7144.047703683309,-0.009042431571913312,-0.002978626676999079,-0.00012657310522349482,4.249377949942196,4.9067625753068,1.6163145707296762,-0.0018428508478113852,20.48417127431378,-0.9652006944475033,0.9561582628755758,4787.719140244829,95.79322880159799
L-main-threeshift-200c-01,mixed,ownership_fixed,2025-11-03,3,5905.788055397429,418.53347320169354,420.845804079846,6840.46145764516,7258.994930846854,7261.307261725006,-2.3123308781524656,-0.5524840965439677,-0.03185469751916059,5.765722075698795,1.6802264828657485,0.40145569959132954,-1.3762019000013719,15.617388505418432,-2.3123308781524656,0.0,4787.719140244829,0.0
L-main-threeshift-200c-01,mixed,ownership_fixed,2025-11-04,3,5905.788055397429,383.51947115265193,376.34695515822983,6840.46145764516,7223.980928797812,7216.808412803391,7.172515994422099,1.8701830112732996,0.09928758208413103,5.30897679455081,10.279053869803533,2.6801908750317844,0.6977797845278916,3.518730569044635,7.172515994422099,0.0,4787.719140244829,0.0
L-main-threeshift-200c-01,mixed,ownership_fixed,2025-11-05,3,5905.788055397429,427.81589515352266,427.98518613124196,6840.46145764516,7268.277352798683,7268.446643776402,-0.16929097771924262,-0.03957098827721027,-0.002329176082611327,5.886070032657604,0.0,0.0,0.0,0.04717415544348569,-0.16929097771924262,0.0,354.7060976450177,0.0
L-main-threeshift-200c-01,mixed,ownership_fixed,2025-11-06,3,5905.788055397429,633.2004708615768,633.2004708615768,6840.46145764516,7473.661928506737,7473.661928506737,0.0,0.0,0.0,8.472425926122837,0.0,0.0,0.0,0.0,0.0,0.0,0.0,0.0
L-main-threeshift-200c-01,mixed,ownership_fixed,2025-11-07,3,5905.788055397429,1025.0679184225764,1024.0273982617034,6840.46145764516,7865.529376067737,7864.488855906864,1.0405201608730295,0.10150743596329029,0.013228863705461402,13.03240849295569,1.8217738537188097,0.17772225829896643,0.5711576981681906,0.26020854026569396,0.0,1.0405201608730579,0.0,95.79322880159799
L-main-threeshift-200c-01,mixed,ownership_fixed,2025-11-08,3,5905.788055397429,1174.8953200366918,1184.736031142163,6840.46145764516,8015.356777681853,8025.197488787324,-9.8407111054712,-0.8375819477401507,-0.12277321369988055,14.658053941006068,5.748674319377642,0.4892924689833739,-1.7118226844578954,13.580569179762051,-11.33856802083426,1.497856915363144,4787.719140244829,285.2910241185648
L-main-threeshift-200c-01,mixed,ownership_fixed,2025-11-09,3,5905.788055397429,1006.9603537000361,1011.0248757576347,6840.46145764516,7847.421811345196,7851.486333402795,-4.064522057598765,-0.40364270973170285,-0.051794361961308016,12.831734777455834,0.9752080215325805,0.09684671476381539,-4.167851338231609,7.0223149368498525,-4.70152989036194,0.6370078327632314,3741.557696243332,95.79322880159799
L-main-threeshift-200c-01,mixed,ownership_fixed,2025-11-10,3,5905.788055397429,772.6088568755434,750.1422760068712,6840.46145764516,7613.0703145207035,7590.603733652031,22.46658086867228,2.907885493253067,0.2951053903419347,10.148452923151343,24.623231783799383,3.1870242703891036,0.9124139782274214,40.484249251161714,22.46658086867228,0.0,4787.719140244829,0.0
L-main-threeshift-200c-01,mixed,ownership_fixed,2025-11-11,3,5905.788055397429,619.0101499184377,611.1854624515495,6840.46145764516,7459.471607563598,7451.646920096709,7.824687466888236,1.2640644855208327,0.10489600173495296,8.298310959328363,7.852653610896255,1.2685823668531024,0.9964386377658103,5.078544360903038,0.0,7.824687466888278,0.0,729.5219582513323
L-main-threeshift-200c-01,mixed,ownership_fixed,2025-11-12,3,5905.788055397429,615.1188831082419,464.2579482059553,6840.46145764516,7455.580340753402,7304.719405851116,150.8609349022866,24.52549239587232,2.0234633389658008,8.250449394876789,150.8609349022866,24.52549239587232,1.0,119.60711788760415,150.86093490228654,0.0,4787.719140244829,0.0
L-main-threeshift-200c-01,mixed,ownership_fixed,2025-11-13,3,5905.788055397429,418.0716571301011,418.0716571301011,6840.46145764516,7258.533114775261,7258.533114775261,0.0,0.0,0.0,5.759726524896421,0.0,0.0,0.0,0.0,0.0,0.0,0.0,0.0
L-main-threeshift-200c-01,mixed,ownership_fixed,2025-11-14,3,5905.788055397429,412.8793703200645,412.8793703200645,6840.46145764516,7253.340827965225,7253.340827965225,0.0,0.0,0.0,5.692264848884665,0.0,0.0,0.0,0.0,0.0,0.0,0.0,0.0
L-main-threeshift-200c-01,mixed,ownership_fixed,2025-11-15,3,5905.788055397429,414.41597767134607,414.5021412222873,6840.46145764516,7254.877435316506,7254.963598867448,-0.08616355094125083,-0.020791561036187442,-0.001187663771159103,5.712239543206928,0.0,0.0,0.0,0.06959363729862389,-0.08616355094125083,0.0,150.6860172714928,0.0
L-main-threeshift-200c-01,mixed,ownership_fixed,2025-11-16,3,5905.788055397429,422.03223393019925,424.0154493353318,6840.46145764516,7262.49369157536,7264.4769069804925,-1.9832154051325688,-0.469920362874599,-0.027307636871797065,5.811120144858305,0.3998096749398883,0.09473439296724752,-4.960398733299155,0.8307030792747696,-1.9832154051326256,0.0,1046.1614440014966,0.0
L-main-threeshift-200c-01,mixed,ownership_fixed,2025-11-17,3,5905.788055397429,752.4492388792186,752.5761746997823,6840.46145764516,7592.910696524379,7593.037632344943,-0.12693582056374453,-0.016869685555508943,-0.0016717675952892326,9.909891857725246,0.3744027156858465,0.04975787021108872,-0.33903552310302615,0.028576404166642533,-0.12693582056374453,0.0,500.1411986111223,0.0
L-main-threeshift-200c-01,mixed,ownership_fixed,2025-11-18,3,5905.788055397429,653.9658061373133,651.4593046654351,6840.46145764516,7494.427263782473,7491.920762310596,2.5065014718782095,0.3832771451282759,0.033444870216982614,8.726027795314856,3.5286486310184273,0.539576931684027,0.7103290052301952,0.7184976086257393,0.0,2.506501471878238,0.0,285.2910241185648
L-main-threeshift-200c-01,mixed,ownership_fixed,2025-11-19,3,5905.788055397429,1034.8235426846493,1018.7939057520808,6840.46145764516,7875.28500032981,7859.255363397241,16.02963693256845,1.5490212844387616,0.20354357882790455,13.140140866537678,53.34662220315613,5.155141915766494,0.30048082278806576,0.856389061300888,16.02963693256845,0.0,1517.3598081961675,0.0
L-main-threeshift-200c-01,mixed,ownership_fixed,2025-11-20,3,5905.788055397429,724.1883327230975,724.1883327230975,6840.46145764516,7564.6497903682575,7564.6497903682575,0.0,0.0,0.0,9.573322662539846,1.3043176354362913,0.18010751851411194,0.0,0.0,0.0,0.0,0.0,0.0
L-main-threeshift-200c-01,mixed,ownership_fixed,2025-11-21,3,5905.788055397429,910.6134680865133,901.339489571535,6840.46145764516,7751.074925731674,7741.800947216695,9.273978514978467,1.0184319516453042,0.11964764376346208,11.748221721654364,9.872527481343354,1.0841622518595793,0.9393722663729225,12.158092370398549,0.0,9.273978514978467,0.0,729.5219582513323
L-main-threeshift-200c-01,mixed,ownership_fixed,2025-11-22,3,5905.788055397429,1281.7088040992762,1047.8659271653903,6840.46145764516,8122.170261744437,7888.327384810551,233.84287693388592,18.24461813681771,2.8790688867394216,15.780373506033811,233.84287693388592,18.24461813681771,1.0,228.48675481489659,233.8428769338858,0.0,4787.719140244829,0.0
L-main-threeshift-200c-01,mixed,ownership_fixed,2025-11-23,3,5905.788055397429,593.4812722209562,593.1629075406956,6840.46145764516,7433.942729866117,7433.624365185856,0.31836468026051534,0.05364359334695005,0.004282581825408399,7.983398497766536,0.3417443666652389,0.057583007697335674,0.9315872076170154,0.37665275433334955,0.0,0.31836468026051534,0.0,95.79322880159799
L-main-threeshift-200c-01,mixed,ownership_fixed,2025-11-24,3,5905.788055397429,486.12158973311244,444.2386314224414,6840.46145764516,7326.583047378273,7284.700089067602,41.882958310671086,8.615737131458287,0.5716574566865571,6.63503827895686,44.43885698336311,9.141510667683093,0.9424850492070735,32.85621209028932,40.980041877061325,0.9029164336097608,4787.719140244829,209.91688936114667
L-main-threeshift-200c-01,mixed,ownership_fixed,2025-11-25,3,5905.788055397429,784.4907561967807,784.4907561967807,6840.46145764516,7624.952213841942,7624.952213841942,0.0,0.0,0.0,10.288467838167655,0.0,0.0,0.0,0.0,0.0,0.0,0.0,0.0
L-main-threeshift-200c-01,mixed,ownership_fixed,2025-11-26,3,5905.788055397429,915.8272709887673,905.1958155629151,6840.46145764516,7756.288728633927,7745.657273208076,10.631455425852096,1.1608581402444929,0.1370688456529977,11.807544858506922,10.669041883455407,1.1649622392153316,0.9964770540772179,10.54569943522415,0.0,10.631455425852153,0.0,729.5219582513323
L-main-threeshift-200c-01,mixed,ownership_fixed,2025-11-27,3,5905.788055397429,1091.5222024048899,843.3985601018716,6840.46145764516,7931.98366005005,7683.860017747032,248.1236423030184,22.731891459133077,3.1281411174951006,13.761024343789463,248.96258993881543,22.808751795455013,0.9966302261074518,229.97964359137245,247.18602946837302,0.9376128346454209,4787.719140244829,95.79322880159799
L-main-threeshift-200c-01,mixed,ownership_fixed,2025-11-28,3,5905.788055397429,488.9589077487251,489.4030242955808,6840.46145764516,7329.420365393886,7329.864481940741,-0.444116546855696,-0.09082901238071452,-0.006059367927000173,6.67118112173456,2.787515304745284,0.5700919362691684,-0.15932344697790932,4.791813888629065,-2.5764704870120454,2.1323539401563636,2689.879012342308,729.5219582513323
L-main-threeshift-200c-01,mixed,ownership_fixed,2025-11-29,3,5905.788055397429,498.53492135356765,472.10661386935203,6840.46145764516,7338.996378998728,7312.568071514513,26.42830748421568,5.301194831539669,0.3601079237461259,6.7929577234862135,29.231104895909084,5.863401668341302,0.9041159264532057,40.35475915591417,26.428307484215736,0.0,4787.719140244829,0.0
L-main-threeshift-200c-01,mixed,reassignment_allowed,2025-11-02,3,5400.1721675583785,286.1923047288619,286.24243980913997,4326.992065908492,4613.184370637354,4613.234505717632,-0.050135080277991996,-0.017517969368704683,-0.001086778161243648,6.203790738355464,4.600142026153274,1.607360488085604,-0.010898593998393545,20.886405398675095,0.024124280659871527,-0.07425936093786352,3969.9186912369582,227.10936238636768
L-main-threeshift-200c-01,mixed,reassignment_allowed,2025-11-03,3,5400.1721675583785,372.8457758493658,375.08027387997794,4326.992065908492,4699.837841757858,4702.072339788469,-2.2344980306121065,-0.5993089302196817,-0.04754415164622675,7.933162555878994,1.2881071094997196,0.34547987209063363,-1.7347144613462697,16.839933949843555,-1.998470881676904,-0.2360271489351836,3969.9186912369582,179.27627665753826
L-main-threeshift-200c-01,mixed,reassignment_allowed,2025-11-04,3,5400.1721675583785,350.3405017747512,346.0542652442095,4326.992065908492,4677.332567683243,4673.046331152701,4.286236530541771,1.2234487616557606,0.09163848130356085,7.490177290264404,9.661244809154653,2.7576728240705317,0.4436526157043744,4.847419894850437,4.411645970886809,-0.12540944034504284,3969.9186912369582,164.2191558131092
L-main-threeshift-200c-01,mixed,reassignment_allowed,2025-11-05,3,5400.1721675583785,389.10181663774057,389.43848462691835,4326.992065908492,4716.093882546233,4716.4305505354105,-0.3366679891777835,-0.08652439407427036,-0.007138704138688934,8.25051040815293,0.6698477089428062,0.17215229544056435,-0.5026037779678804,1.282663477372978,0.05455847986987313,-0.3912264690476803,937.4856897838243,180.59364882377727
L-main-threeshift-200c-01,mixed,reassignment_allowed,2025-11-06,3,5400.1721675583785,592.1321834029527,591.7970089151573,4326.992065908492,4919.124249311444,4918.78907482365,0.3351744877953706,0.05660467327905407,0.006813702415471347,12.037349605183008,1.2781026086102163,0.21584751588150933,0.2622438022873866,1.8338352686957364,0.6981492877890881,-0.3629747999936986,402.0177923498402,123.76074774683946
L-main-threeshift-200c-01,mixed,reassignment_allowed,2025-11-07,3,5400.1721675583785,922.2049638956801,921.8018715874056,4326.992065908492,5249.197029804172,5248.793937495898,0.4030923082743432,0.04370962248690965,0.007679123225621825,17.568495879646644,0.719433453491888,0.07801231631336897,0.5602913046618401,1.7448262885573815,0.0,0.4030923082743243,0.0,326.1276029742253
L-main-threeshift-200c-01,mixed,reassignment_allowed,2025-11-08,3,5400.1721675583785,1052.7274983919112,1061.688053622894,4326.992065908492,5379.719564300403,5388.680119531386,-8.960555230982587,-0.8511751849049484,-0.16656175333830525,19.568445637534108,5.026905250308687,0.4775124861835101,-1.7825192210321343,12.59741292847525,-9.227199804986375,0.26664457400372044,3969.9186912369582,185.97749665340265
L-main-threeshift-200c-01,mixed,reassignment_allowed,2025-11-09,3,5400.1721675583785,902.3328697887854,903.8479960028412,4326.992065908492,5229.324935697277,5230.840061911333,-1.5151262140559159,-0.16791211589250546,-0.028973648275575917,17.25524577042693,2.761539262164092,0.3060444049667062,-0.5486527875285686,5.641170946627881,-2.050053432887921,0.5349272188320432,2779.566091243712,187.5167319408306
L-main-threeshift-200c-01,mixed,reassignment_allowed,2025-11-10,3,5400.1721675583785,696.5382495401032,669.0393008249665,4326.992065908492,5023.5303154485955,4996.0313667334585,27.49894871513656,3.947945246839357,0.5474028618991411,13.865513011797225,31.09651504715426,4.464437533428503,0.8843096621418057,45.82042512044601,27.575858077464677,-0.07690936232809993,3969.9186912369582,55.74541091630115
L-main-threeshift-200c-01,mixed,reassignment_allowed,2025-11-11,3,5400.1721675583785,542.181415274526,541.5497193750572,4326.992065908492,4869.173481183017,4868.541785283549,0.6316958994687715,0.11651006133231642,0.012973370160458818,11.134978397664264,2.5032064935171925,0.46169168160249996,0.2523546903160959,2.7685343369153657,-1.1814123532903409,1.8131082527591076,402.0177923498402,340.0692729260771
L-main-threeshift-200c-01,mixed,reassignment_allowed,2025-11-12,3,5400.1721675583785,538.4833506122435,409.85451107774225,4326.992065908492,4865.475416520735,4736.846576986234,128.62883953450122,23.887245425184105,2.64370546602171,11.067435440816777,128.8623360530312,23.930607307824395,0.9981880157873756,103.82299678602472,128.80258836245824,-0.17374882795699875,3969.9186912369582,90.01919849826568
L-main-threeshift-200c-01,mixed,reassignment_allowed,2025-11-13,3,5400.1721675583785,372.4042890820352,372.45117461833394,4326.992065908492,4699.3963549905275,4699.443240526826,-0.04688553629877864,-0.012589956043296388,-0.0009976927408769961,7.924513298108175,0.09486146611942559,0.025472710411917142,-0.4942527057272362,0.15819165914943292,-0.01640902294521614,-0.03047651335355302,61.609523151748,41.95123615886048
L-main-threeshift-200c-01,mixed,reassignment_allowed,2025-11-14,3,5400.1721675583785,369.51532807936957,368.11051611677,4326.992065908492,4696.507393987861,4695.102582025262,1.4048119625995998,0.38017691171334983,0.029911843945948882,7.867874935157073,2.101468076108555,0.5687093109320686,0.6684907463362445,0.9835139504723619,0.8498854799081338,0.5549264826914614,237.74794641495816,322.52998628288293
L-main-threeshift-200c-01,mixed,reassignment_allowed,2025-11-15,3,5400.1721675583785,376.15626349247106,377.88024186559863,4326.992065908492,4703.148329400963,4704.872307774091,-1.7239783731275413,-0.45831441356872354,-0.036655836737071894,7.997967258251067,0.700153564035323,0.18613369814306893,-2.462286077916138,2.958247432922368,-1.6799436545339101,-0.04403471859365027,601.6625326512059,68.77921957621719
L-main-threeshift-200c-01,mixed,reassignment_allowed,2025-11-16,3,5400.1721675583785,417.5560307070777,417.141453052897,4326.992065908492,4744.548096615569,4744.133518961389,0.4145776541806754,0.0992867121278649,0.008737979797831669,8.80075451242518,2.8349273327925744,0.6789333943978698,0.14623925254983217,3.319559941922345,0.416244191792894,-0.0016665376122470359,1206.3263582320824,48.71061807595586
L-main-threeshift-200c-01,mixed,reassignment_allowed,2025-11-17,3,5400.1721675583785,650.3926128032709,647.9916278362483,4326.992065908492,4977.384678711763,4974.98369374474,2.400984967022642,0.36915932311624916,0.04823788238212001,13.066954932878613,4.91300500744281,0.7553906533881379,0.4886998819226404,3.1344713728668316,3.0051966331154745,-0.6042116660928419,1146.2794440255666,168.73217341767375
L-main-threeshift-200c-01,mixed,reassignment_allowed,2025-11-18,3,5400.1721675583785,602.2896609689093,603.228227111007,4326.992065908492,4929.2817268774015,4930.220293019499,-0.9385661420975945,-0.15583301572663788,-0.01904062689255452,12.218609005138918,3.3729536736095724,0.5600218453332685,-0.2782623874857985,6.691311232554426,-0.06193333308571406,-0.8766328090118805,402.0177923498402,302.7853833708254
L-main-threeshift-200c-01,mixed,reassignment_allowed,2025-11-19,3,5400.1721675583785,885.0976319941288,865.9722889954031,4326.992065908492,5212.089697902621,5192.964354903895,19.12534299872584,2.160817327647387,0.36694193897741256,16.9816270113367,49.71544416931317,5.616944659235395,0.38469621097202117,5.564826513384825,19.331968067978966,-0.20662506925314497,1690.675095040867,207.00918681640667
L-main-threeshift-200c-01,mixed,reassignment_allowed,2025-11-20,3,5400.1721675583785,633.7752416674358,634.561318435261,4326.992065908492,4960.767307575928,4961.553384343753,-0.7860767678250795,-0.12403084187336584,-0.015845870589910716,12.77575024935264,0.613564455780003,0.09681104837193401,-1.2811641228887154,1.99697372215788,-0.661239810892198,-0.12483695693288155,402.0177923498402,172.97234126612003
L-main-threeshift-200c-01,mixed,reassignment_allowed,2025-11-21,3,5400.1721675583785,834.4991259140029,833.6921491812815,4326.992065908492,5161.491191822495,5160.684215089774,0.8069767327213336,0.09670192666019574,0.015634565723949136,16.167791339760974,2.357823294389732,0.28254353074453803,0.34225496653692233,3.7299665199815686,-0.05728646231204948,0.8642631950333263,30.713537687954005,347.0731780001574
L-main-threeshift-200c-01,mixed,reassignment_allowed,2025-11-22,3,5400.1721675583785,1111.0383280422914,904.1054849833399,4326.992065908492,5438.030393950783,5231.097550891832,206.93284305895136,18.625175913019856,3.8052902993911477,20.430895886095094,207.1476258615277,18.644507631571347,0.9989631413747415,195.772905141753,207.0983611237284,-0.16551806477704645,3969.9186912369582,89.02737877116799
L-main-threeshift-200c-01,mixed,reassignment_allowed,2025-11-23,3,5400.1721675583785,515.5074264701021,514.671328897824,4326.992065908492,4842.499492378594,4841.663394806315,0.8360975722781253,0.16218923905776486,0.017265826740798303,10.645482302712422,1.3511563229829449,0.2621022033057574,0.6188015095339039,1.6176891958399817,0.3770766026785471,0.45902096959955924,277.50007085926603,179.63752204882883
L-main-threeshift-200c-01,mixed,reassignment_allowed,2025-11-24,3,5400.1721675583785,453.9107543050163,408.29901727351034,4326.992065908492,4780.902820213509,4735.291083182003,45.611737031505925,10.048613433127873,0.9540402460945434,9.494247663556258,47.00932754113023,10.356513278277866,0.9702699318895489,37.37064877010473,43.40024026994686,2.2114967615590424,3969.9186912369582,334.4518036013822
L-main-threeshift-200c-01,mixed,reassignment_allowed,2025-11-25,3,5400.1721675583785,674.984482079817,675.5274242106549,4326.992065908492,5001.976547988309,5002.519490119147,-0.5429421308379953,-0.08043772045914861,-0.010854551708291301,13.494355193474101,0.09188587318726604,0.01361303491069007,-5.908874911940638,0.7330193100464347,0.0,-0.5429421308379668,0.0,218.11384247373132
L-main-threeshift-200c-01,mixed,reassignment_allowed,2025-11-26,3,5400.1721675583785,822.8811911237364,822.625756120238,4326.992065908492,5149.873257032228,5149.61782202873,0.2554350034983675,0.031041541142718603,0.00496002504818089,15.978668795393748,1.0004203950250787,0.12157531437301329,0.2553276650182289,1.3001622802324846,0.0015667075023391892,0.25386829599604727,5.7666258309975165,352.76613466001055
L-main-threeshift-200c-01,mixed,reassignment_allowed,2025-11-27,3,5400.1721675583785,930.6744046916511,712.1438097005733,4326.992065908492,5257.666470600143,5039.135875609065,218.530594991078,23.4808858919335,4.15641798910332,17.7012826868308,219.3978231553087,23.57406865916755,0.9960472344175594,202.33805090103928,218.64955094432187,-0.1189559532438788,3969.9186912369582,208.2908661021686
L-main-threeshift-200c-01,mixed,reassignment_allowed,2025-11-28,3,5400.1721675583785,435.74491266746026,435.42106626743424,4326.992065908492,4762.736978575952,4762.413132175926,0.3238464000259569,0.07432017921758298,0.0067995860674797595,9.14904422871882,2.472530714632702,0.5674261804909744,0.13097770559912528,1.7310188982128238,-0.16010601040438624,0.4839524104303384,2224.675590096143,271.71794900413755
L-main-threeshift-200c-01,mixed,reassignment_allowed,2025-11-29,3,5400.1721675583785,444.37904932967484,417.7835777502114,4326.992065908492,4771.371115238167,4744.775643658703,26.59547157946336,5.984861711995962,0.5573968349375781,9.313445519055863,30.56953059345375,6.879156575803126,0.8699993445486073,39.65579667030661,26.019039633208155,0.5764319462552171,3969.9186912369582,259.00847919437047
L-main-threeshift-20c-01,geographic,ownership_fixed,2025-11-02,3,463.65342966800216,22.71898332575617,22.759916516613163,326.0333313288818,348.752314654638,348.79324784549493,-0.04093319085699439,-0.18017175447542608,-0.011737037759170049,6.514360585177563,0.3859804715227118,1.6989337330299086,-0.10604990116601225,1.825968413810969,-0.04093319085699498,0.0,398.0342349176411,0.0
L-main-threeshift-20c-01,geographic,ownership_fixed,2025-11-03,3,463.65342966800216,32.57552362411634,32.76775773742748,326.0333313288818,358.6088549529981,358.80108906630926,-0.19223411331113738,-0.590118260351838,-0.0536055121495349,9.083859245022248,0.05872268235827486,0.18026627303329432,-3.273592172412895,1.4913927923332366,-0.19223411331113618,0.0,398.0342349176411,0.0
L-main-threeshift-20c-01,geographic,ownership_fixed,2025-11-04,3,463.65342966800216,29.802945094488482,29.191308078661635,326.0333313288818,355.8362764233703,355.2246394075434,0.6116370158268486,2.052270384311649,0.1718872010393705,8.375465647867012,0.903643742584021,3.032061897638209,0.6768563616429607,0.4664076208963254,0.6116370158268474,0.0,398.0342349176411,0.0
L-main-threeshift-20c-01,geographic,ownership_fixed,2025-11-05,3,463.65342966800216,31.75574360189785,31.74655880113951,326.0333313288818,357.78907493077963,357.7798901300213,0.009184800758342012,0.028923274080702336,0.002567099277729195,8.87554870367172,0.0349240037917132,0.10997696740953028,0.26299392283657325,0.0477754712167228,0.009184800758342012,0.0,31.148532574990522,0.0
L-main-threeshift-20c-01,geographic,ownership_fixed,2025-11-06,3,463.65342966800216,45.309928845113774,45.256562703438675,326.0333313288818,371.34326017399553,371.2898940323205,0.05336614167510353,0.11778023721363345,0.01437110818979142,12.201629517628374,0.08821760910011278,0.19469818503064407,0.604937520065201,0.15418134091675975,0.05336614167510471,0.0,31.148532574990522,0.0
L-main-threeshift-20c-01,geographic,ownership_fixed,2025-11-07,3,463.65342966800216,77.50398216405144,77.50398216405144,326.0333313288818,403.5373134929332,403.5373134929332,0.0,0.0,0.0,19.206150106217798,0.0,0.0,0.0,0.0,0.0,0.0,0.0,0.0
L-main-threeshift-20c-01,geographic,ownership_fixed,2025-11-08,3,463.65342966800216,91.33456518310436,92.31778046540762,326.0333313288818,417.36789651198615,418.3511117942894,-0.983215282303244,-1.076498563640313,-0.23557520607601584,21.883466827804128,0.39795857922243744,0.43571519547350324,-2.470647282499417,1.1139388071895648,-0.983215282303244,0.0,398.0342349176411,0.0
L-main-threeshift-20c-01,geographic,ownership_fixed,2025-11-09,3,463.65342966800216,80.29911761699374,80.7130408055759,326.0333313288818,406.3324489458755,406.7463721344577,-0.41392318858215066,-0.5154766339481567,-0.10186811062123326,19.76192593658445,0.0575260430100523,0.0716396950766468,-7.195405192563311,0.632552607761402,-0.41392318858215066,0.0,340.4958548258389,0.0
L-main-threeshift-20c-01,geographic,ownership_fixed,2025-11-10,3,463.65342966800216,60.60468504151711,58.37681198686798,326.0333313288818,386.6380163703989,384.4101433157498,2.2278730546491303,3.676073975341891,0.5762167609805938,15.674786874412751,2.446553992302744,4.03690571220152,0.9106167538743802,3.8353239014251437,2.2278730546491303,0.0,398.0342349176411,0.0
L-main-threeshift-20c-01,geographic,ownership_fixed,2025-11-11,3,463.65342966800216,46.29188755018694,46.48444195246197,326.0333313288818,372.32521887906876,372.51777328134375,-0.1925544022750311,-0.4159571200596971,-0.0517167230451754,12.433186150955448,0.005554402275026386,0.011998651532635454,-34.66698894690993,0.02755440227502722,-0.19255440227502993,0.0,31.148532574990522,0.0
L-main-threeshift-20c-01,geographic,ownership_fixed,2025-11-12,3,463.65342966800216,48.052697746715715,35.15802253554566,326.0333313288818,374.0860290755975,361.19135386442747,12.894675211170046,26.834445964173504,3.44698123130501,12.845360160992525,12.894675211170046,26.834445964173504,1.0,10.502843710316354,12.894675211170046,0.0,398.0342349176411,0.0
L-main-threeshift-20c-01,geographic,ownership_fixed,2025-11-13,3,463.65342966800216,31.800323802957205,31.798472335532193,326.0333313288818,357.833655131839,357.831803664414,0.0018514674250103742,0.0058221653228518406,0.0005174100866303997,8.88690131486956,0.003666666666667595,0.011530280915965457,0.5049456613663378,0.0,0.0018514674250103742,0.0,31.148532574990522,0.0
L-main-threeshift-20c-01,geographic,ownership_fixed,2025-11-14,3,463.65342966800216,31.336336043401914,31.27211497446022,326.0333313288818,357.3696673722837,357.305446303342,0.06422106894169606,0.2049412185673132,0.017970486811012664,8.768605425809076,0.07162693864173282,0.2285747081041224,0.896604966783799,0.04418134091676151,0.06422106894169606,0.0,31.148532574990522,0.0
L-main-threeshift-20c-01,geographic,ownership_fixed,2025-11-15,3,463.65342966800216,33.272719233587736,33.37898003055437,326.0333313288818,359.3060505624695,359.41231135943616,-0.10626079696662909,-0.3193631281550389,-0.029573895791703185,9.260272456169755,0.05140586970003724,0.15449855282084873,-2.0670946253157565,0.20722106894169676,-0.10626079696662909,0.0,31.148532574990522,0.0
L-main-threeshift-20c-01,geographic,ownership_fixed,2025-11-16,3,463.65342966800216,31.286825117601712,31.318412906471632,326.0333313288818,357.3201564464835,357.3517442353534,-0.03158778886992053,-0.10096195044140001,-0.008840192275761384,8.755964239114396,0.1483596259322475,0.47419201333017835,-0.21291364595611723,0.2180262925989164,-0.03158778886992172,0.0,88.68691266679276,0.0
L-main-threeshift-20c-01,geographic,ownership_fixed,2025-11-17,3,463.65342966800216,57.21609687110293,57.237838955724754,326.0333313288818,383.2494281999847,383.27117028460657,-0.02174208462183221,-0.037999943741029774,-0.005673089904908324,14.929206062962942,0.3397650916919777,0.5938278041883989,-0.06399151988675465,0.16664219684964365,-0.02174208462183221,0.0,88.68691266679276,0.0
L-main-threeshift-20c-01,geographic,ownership_fixed,2025-11-18,3,463.65342966800216,46.23084625224664,46.26177717572151,326.0333313288818,372.2641775811284,372.2951085046033,-0.030930923474874323,-0.06690538024354507,-0.008308863795559129,12.41882755215453,0.17280481971691586,0.3737868408768706,-0.17899340727616578,0.3065837507752178,-0.030930923474876693,0.0,31.148532574990522,0.0
L-main-threeshift-20c-01,geographic,ownership_fixed,2025-11-19,3,463.65342966800216,79.66884523459295,77.00988366809287,326.0333313288818,405.7021765634747,403.04321499697465,2.658961566500087,3.337517392991585,0.6553974122157749,19.63727330955747,4.887066270879369,6.134225061865663,0.5440813402396606,0.342710849672405,2.658961566500087,0.0,194.72658233531968,0.0
L-main-threeshift-20c-01,geographic,ownership_fixed,2025-11-20,3,463.65342966800216,52.22291335011132,52.31280108571968,326.0333313288818,378.2562446789931,378.34613241460147,-0.08988773560836212,-0.17212317322425005,-0.023763714908301193,13.806226357063917,0.016663206825083893,0.03190784610841397,-5.394383959337885,0.07344213788339242,-0.08988773560836212,0.0,31.148532574990522,0.0
L-main-threeshift-20c-01,geographic,ownership_fixed,2025-11-21,3,463.65342966800216,66.17337173032406,66.17337173032406,326.0333313288818,392.20670305920584,392.20670305920584,0.0,0.0,0.0,16.872065473173418,0.0,0.0,0.0,0.0,0.0,0.0,0.0,0.0
L-main-threeshift-20c-01,geographic,ownership_fixed,2025-11-22,3,463.65342966800216,102.22989485367869,82.04969654875687,326.0333313288818,428.26322618256046,408.08302787763864,20.180198304921806,19.74001668866593,4.712101593406334,23.870808559710433,20.180198304921806,19.74001668866593,1.0,19.591150686715963,20.180198304921806,0.0,398.0342349176411,0.0
L-main-threeshift-20c-01,geographic,ownership_fixed,2025-11-23,3,463.65342966800216,47.755955506278156,47.75769816915311,326.0333313288818,373.78928683515994,373.7910294980349,-0.001742662874955651,-0.003649100633588108,-0.00046621530801768554,12.776170208253827,0.023996540158416717,0.05024826726639792,-0.07262142223217195,0.09177547121672329,-0.0017426628749532824,0.0,31.148532574990522,0.0
L-main-threeshift-20c-01,geographic,ownership_fixed,2025-11-24,3,463.65342966800216,33.72586871219682,29.793856331350735,326.0333313288818,359.7592000410786,355.82718766023254,3.9320123808460905,11.658743068711805,1.0929567278327057,9.374567407406365,3.99330989109466,11.840495274330756,0.9846499490597345,3.059510996805056,3.932012380846089,0.0,398.0342349176411,0.0
L-main-threeshift-20c-01,geographic,ownership_fixed,2025-11-25,3,463.65342966800216,56.42436937497647,56.42436937497647,326.0333313288818,382.4577007038583,382.4577007038583,0.0,0.0,0.0,14.753100609854513,0.0,0.0,0.0,0.0,0.0,0.0,0.0,0.0
L-main-threeshift-20c-01,geographic,ownership_fixed,2025-11-26,3,463.65342966800216,67.6662983219902,67.6662983219902,326.0333313288818,393.699629650872,393.699629650872,0.0,0.0,0.0,17.187290316223017,0.0018514674250103742,0.002736173650581805,0.0,0.0,0.0,0.0,0.0,0.0
L-main-threeshift-20c-01,geographic,ownership_fixed,2025-11-27,3,463.65342966800216,86.97618145965446,65.61446147138916,326.0333313288818,413.00951278853626,391.64779280027096,21.361719988265293,24.56042519890843,5.172210161464887,21.059123038695446,21.361719988265293,24.56042519890843,1.0,19.739734218708033,21.361719988265293,0.0,398.0342349176411,0.0
L-main-threeshift-20c-01,geographic,ownership_fixed,2025-11-28,3,463.65342966800216,37.314387852208725,37.38239731245098,326.0333313288818,363.3477191810905,363.41572864133275,-0.06800946024225851,-0.1822606885891413,-0.018717458966176412,10.26960838953593,0.15058721061680083,0.4035633954742399,-0.4516283950256715,0.12967677417143383,-0.06800946024225851,0.0,194.72658233531968,0.0
L-main-threeshift-20c-01,geographic,ownership_fixed,2025-11-29,3,463.65342966800216,38.6495205556566,36.33801782055577,326.0333313288818,364.68285188453837,362.37134914943755,2.3115027351008286,5.980676349586762,0.63383916275632,10.598118435218709,2.561006625058816,6.626231291461639,0.9025758514184798,3.5713575974935288,2.3115027351008273,0.0,398.0342349176411,0.0
L-main-threeshift-20c-01,geographic,reassignment_allowed,2025-11-02,3,397.2864555650937,19.115502329873618,19.06629189778265,339.55183844169363,358.66734077156724,358.6181303394763,0.04921043209096728,0.25743729482882305,0.013720354907448646,5.3295910045091475,0.4034391214554158,2.110533714957221,0.12197734298409021,2.124203411706862,0.04921043209096728,0.0,356.3002425976536,0.0
L-main-threeshift-20c-01,geographic,reassignment_allowed,2025-11-03,3,397.2864555650937,27.980035045995766,28.166492956249176,339.55183844169363,367.5318734876894,367.7183313979428,-0.18645791025341296,-0.6663962712945102,-0.05073244627303282,7.6129547025349265,0.042162407800502656,0.15068747316146244,-4.422373388532854,1.8471857034161019,-0.18645791025341296,0.0,356.3002425976536,0.0
L-main-threeshift-20c-01,geographic,reassignment_allowed,2025-11-04,3,397.2864555650937,25.48811354751292,25.257049604355576,339.55183844169363,365.03995198920654,364.8088880460492,0.2310639431573449,0.9065556881116911,0.06329826143637478,6.982280544532438,0.8593734747493862,3.3716637096245288,0.2688748837922053,0.3495978019408348,0.2310639431573449,0.0,356.3002425976536,0.0
L-main-threeshift-20c-01,geographic,reassignment_allowed,2025-11-05,3,397.2864555650937,27.01240577565078,27.036301053603268,339.55183844169363,366.5642442173444,366.5881394952969,-0.02389527795248725,-0.08846038428027267,-0.006518714885437431,7.369078190734419,0.0,0.0,0.0,0.022058775561992167,-0.02389527795248725,0.0,138.09574466666388,0.0
L-main-threeshift-20c-01,geographic,reassignment_allowed,2025-11-06,3,397.2864555650937,36.633010140527965,36.651416658185006,339.55183844169363,376.1848485822216,376.2032550998786,-0.01840651765704256,-0.0502457144155866,-0.004892944978090871,9.738034447318043,0.0,0.0,0.0,0.03681303531408394,-0.01840651765704256,0.0,84.93224705715967,0.0
L-main-threeshift-20c-01,geographic,reassignment_allowed,2025-11-07,3,397.2864555650937,63.46539270904547,63.46539270904547,339.55183844169363,403.0172311507391,403.0172311507391,0.0,0.0,0.0,15.747563082559049,0.0,0.0,0.0,0.0,0.0,0.0,0.0,0.0
L-main-threeshift-20c-01,geographic,reassignment_allowed,2025-11-08,3,397.2864555650937,77.93959399074912,78.91100798180075,339.55183844169363,417.49143243244276,418.4628464234944,-0.9714139910516337,-1.2463677847320243,-0.23267878466196432,18.66854932486814,0.17483320869362254,0.22431885995502363,-5.556232699211843,0.8558114206692172,-0.9714139910516337,0.0,356.3002425976536,0.0
L-main-threeshift-20c-01,geographic,reassignment_allowed,2025-11-09,3,397.2864555650937,68.66821544391136,68.86857640340993,339.55183844169363,408.220053885605,408.42041484510355,-0.20036095949856284,-0.29178122396703166,-0.04908160625413805,16.821372392242683,0.00019581577988484847,0.0002851621796474266,-1023.2115083696891,0.15475464163714747,-0.20036095949855812,0.0,240.3705166720696,0.0
L-main-threeshift-20c-01,geographic,reassignment_allowed,2025-11-10,3,397.2864555650937,53.50431138264423,50.35553908272192,339.55183844169363,393.05614982433787,389.90737752441555,3.1487722999223187,5.885081442135371,0.8010998686395183,13.612383728522255,3.4233432197179448,6.398256759600893,0.9197945101694336,5.147203375355595,3.1487722999223187,0.0,356.3002425976536,0.0
L-main-threeshift-20c-01,geographic,reassignment_allowed,2025-11-11,3,397.2864555650937,38.627954632266615,38.819965495028356,339.55183844169363,378.17979307396024,378.371803936722,-0.1920108627617386,-0.49707747818816306,-0.0507723750126933,10.214177314521981,0.0,0.0,0.0,0.06106232156197322,-0.1920108627617374,0.0,84.93224705715967,0.0
L-main-threeshift-20c-01,geographic,reassignment_allowed,2025-11-12,3,397.2864555650937,40.95314327785574,29.37092244326816,339.55183844169363,380.5049817195494,368.9227608849618,11.582220834587579,28.281640693622506,3.043907804372516,10.762840237408557,11.582220834587579,28.281640693622506,1.0,9.070304580045276,11.582220834587575,0.0,356.3002425976536,0.0
L-main-threeshift-20c-01,geographic,reassignment_allowed,2025-11-13,3,397.2864555650937,25.446527777775426,25.446527777775426,339.55183844169363,364.99836621946906,364.99836621946906,0.0,0.0,0.0,6.971682651991582,0.0,0.0,0.0,0.0,0.0,0.0,0.0,0.0
L-main-threeshift-20c-01,geographic,reassignment_allowed,2025-11-14,3,397.2864555650937,26.293522852549625,26.293522852549625,339.55183844169363,365.8453612942433,365.8453612942433,0.0,0.0,0.0,7.1870592426077495,0.015338764714201147,0.05833666641103507,0.0,0.0,0.0,0.0,0.0,0.0
L-main-threeshift-20c-01,geographic,reassignment_allowed,2025-11-15,3,397.2864555650937,27.481091876624657,27.74696180211984,339.55183844169363,367.0329303183183,367.2988002438135,-0.265869925495186,-0.9674649271171581,-0.07243762167732574,7.487364104575305,0.0030677529428402295,0.011163140666363595,-86.66601595662871,0.2928076039332173,-0.265869925495186,0.0,84.93224705715967,0.0
L-main-threeshift-20c-01,geographic,reassignment_allowed,2025-11-16,3,397.2864555650937,25.715978051173096,25.657931045106295,339.55183844169363,365.2678164928667,365.2097694867999,0.05804700606679939,0.22572350136280908,0.01589162894890111,7.040307656471373,0.3117381184573074,1.2122351241588758,0.18620438961412714,0.32335144094285084,0.05804700606679939,0.0,138.09574466666388,0.0
L-main-threeshift-20c-01,geographic,reassignment_allowed,2025-11-17,3,397.2864555650937,49.161269559277905,49.218507901830215,339.55183844169363,388.71310800097154,388.77034634352384,-0.05723834255230997,-0.11642974859160798,-0.014725086799019628,12.647185944435668,0.1572141215902576,0.3197926396117399,-0.3640788879098821,0.08627010503790444,-0.05723834255230997,0.0,138.09574466666388,0.0
L-main-threeshift-20c-01,geographic,reassignment_allowed,2025-11-18,3,397.2864555650937,36.354778490568656,36.68612268666373,339.55183844169363,375.9066169322623,376.23796112835737,-0.3313441960950729,-0.9114185530824563,-0.08814534811840796,9.671226004813777,0.0,0.0,0.0,0.13162063924730324,-0.3313441960950729,0.0,84.93224705715967,0.0
L-main-threeshift-20c-01,geographic,reassignment_allowed,2025-11-19,3,397.2864555650937,68.07947115922987,67.62269010857858,339.55183844169363,407.6313096009235,407.1745285502722,0.45678105065128705,0.6709527011203273,0.11205740086513026,16.70123701387918,3.9015973291256096,5.730945412311199,0.11707539556719367,0.09367069000218464,0.45678105065128705,0.0,172.73643127726578,0.0
L-main-threeshift-20c-01,geographic,reassignment_allowed,2025-11-20,3,397.2864555650937,42.851380114866394,42.974090232580004,339.55183844169363,382.40321855656003,382.52592867427364,-0.12271011771360918,-0.28636211338975626,-0.03208919584327701,11.205810525501208,0.0,0.0,0.0,0.009203258828520688,-0.12271011771360918,0.0,84.93224705715967,0.0
L-main-threeshift-20c-01,geographic,reassignment_allowed,2025-11-21,3,397.2864555650937,52.26577541517483,52.26577541517483,339.55183844169363,391.81761385686843,391.81761385686843,0.0,0.0,0.0,13.339312365438374,0.0,0.0,0.0,0.0,0.0,0.0,0.0,0.0
L-main-threeshift-20c-01,geographic,reassignment_allowed,2025-11-22,3,397.2864555650937,89.46529621266,70.28370263262143,339.55183844169363,429.01713465435364,409.8355410743151,19.181593580038555,21.440261634459574,4.471055356680006,20.85354849165629,19.181593580038555,21.440261634459574,1.0,17.513391720921437,19.181593580038555,0.0,356.3002425976536,0.0
L-main-threeshift-20c-01,geographic,reassignment_allowed,2025-11-23,3,397.2864555650937,40.04442769053491,40.04442769053491,339.55183844169363,379.59626613222855,379.59626613222855,0.0,0.0,0.0,10.549215380476328,0.0,0.0,0.0,0.0,0.0,0.0,0.0,0.0
L-main-threeshift-20c-01,geographic,reassignment_allowed,2025-11-24,3,397.2864555650937,29.96913723636382,25.45070503345082,339.55183844169363,369.5209756780574,365.0025434751445,4.518432202913,15.07695122244108,1.2227809787040755,8.110266861406597,4.601059242528819,15.352658323930678,0.9820417353351866,3.504980402358617,4.518432202913,0.0,356.3002425976536,0.0
L-main-threeshift-20c-01,geographic,reassignment_allowed,2025-11-25,3,397.2864555650937,44.99945655463608,44.99945655463608,339.55183844169363,384.5512949963297,384.5512949963297,0.0,0.0,0.0,11.701808611791456,0.0,0.0,0.0,0.0,0.0,0.0,0.0,0.0
L-main-threeshift-20c-01,geographic,reassignment_allowed,2025-11-26,3,397.2864555650937,53.38994630859103,53.38994630859103,339.55183844169363,392.9417847502847,392.9417847502847,0.0,0.0,0.0,13.5872407518382,0.0,0.0,0.0,0.0,0.0,0.0,0.0,0.0
L-main-threeshift-20c-01,geographic,reassignment_allowed,2025-11-27,3,397.2864555650937,76.12180539418569,55.91011832041995,339.55183844169363,415.6736438358793,395.4619567621136,20.21168707376573,26.55177050662744,4.862393219654293,18.3128775478103,20.21168707376573,26.55177050662744,1.0,18.400624682050218,20.21168707376573,0.0,356.3002425976536,0.0
L-main-threeshift-20c-01,geographic,reassignment_allowed,2025-11-28,3,397.2864555650937,31.053739937517417,31.06483963620531,339.55183844169363,370.60557837921107,370.61667807789894,-0.011099698687895435,-0.03574351659487362,-0.00299501662560999,8.379188482085558,0.012271011771360918,0.03951540714919093,-0.9045463320148394,0.024653188614761252,-0.011099698687894252,0.0,172.73643127726578,0.0
L-main-threeshift-20c-01,geographic,reassignment_allowed,2025-11-29,3,397.2864555650937,33.629335971064144,30.91672701736876,339.55183844169363,373.1811744127578,370.4685654590624,2.71260895369538,8.066198381167572,0.7268879406802802,9.011530665764063,3.044252867235129,9.052372814778474,0.8910590125054373,3.7645665079186585,2.7126089536953786,0.0,356.3002425976536,0.0
L-main-threeshift-20c-01,mixed,ownership_fixed,2025-11-02,3,573.4297299908516,27.780923769913056,28.021531363722243,499.65078540367875,527.4317091735918,527.672316767401,-0.2406075938091874,-0.8660892481544015,-0.04561871985023127,5.267207732626029,0.1558304560159911,0.5609261135684647,-1.5440344587356953,1.0776895101952373,-0.2406075938091874,0.0,493.01921372775536,0.0
L-main-threeshift-20c-01,mixed,ownership_fixed,2025-11-03,3,573.4297299908516,40.07373243511168,40.33995960734999,499.65078540367875,539.7245178387905,539.9907450110287,-0.2662271722383096,-0.6643433392918686,-0.049326492208350746,7.424849364927543,0.0009214154470858679,0.0022993002924742417,-288.93282946394925,0.7254933335638872,-0.26714858768539546,0.0009214154470852757,493.01921372775536,21.346738906678553
L-main-threeshift-20c-01,mixed,ownership_fixed,2025-11-04,3,573.4297299908516,36.80154027345112,36.30124341691556,499.65078540367875,536.4523256771299,535.9520288205944,0.5002968565355559,1.359445427604761,0.09326026425629952,6.860169769419651,0.7246180242322448,1.9689883055111939,0.6904283909658967,0.2747896269409722,0.5076681801122405,-0.00737132357668339,493.01921372775536,21.346738906678553
L-main-threeshift-20c-01,mixed,ownership_fixed,2025-11-05,3,573.4297299908516,40.69401149880613,40.69815786831801,499.65078540367875,540.3447969024849,540.3489432719967,-0.004146369511886405,-0.01018913928406407,-0.0007673562391375619,7.5311193393706555,0.0,0.0,0.0,0.0041463695118840365,0.0,-0.004146369511885221,0.0,21.346738906678553
L-main-threeshift-20c-01,mixed,ownership_fixed,2025-11-06,3,573.4297299908516,59.70486317108731,59.70486317108731,499.65078540367875,559.3556485747661,559.3556485747661,0.0,0.0,0.0,10.67386435145776,0.0,0.0,0.0,0.0,0.0,0.0,0.0,0.0
L-main-threeshift-20c-01,mixed,ownership_fixed,2025-11-07,3,573.4297299908516,100.39381626743732,100.37528297394137,499.65078540367875,600.0446016711161,600.0260683776202,0.0185332934959348,0.018460592678899948,0.003088652650872923,16.731058989255448,0.0185332934959348,0.018460592678899948,1.0,0.0558903165921644,0.0,0.018533293495931247,0.0,42.693477813357106
L-main-threeshift-20c-01,mixed,ownership_fixed,2025-11-08,3,573.4297299908516,113.75864505081337,114.39872241645196,499.65078540367875,613.4094304544922,614.0495078201307,-0.6400773656385846,-0.5626626137755744,-0.10434749351087305,18.5453042295953,0.6166900783139985,0.5421039236521648,-1.0379238910224176,1.3610727906642144,-0.6400773656385894,0.0,493.01921372775536,0.0
L-main-threeshift-20c-01,mixed,ownership_fixed,2025-11-09,3,573.4297299908516,98.8908111701724,99.20464472846042,499.65078540367875,598.5415965738512,598.8554301321392,-0.3138335582880292,-0.3173536090708984,-0.052433040591408055,16.521961336729042,0.006892032694224781,0.006969335788301802,-45.53570364676416,0.5851433593914995,-0.3138335582880292,0.0,433.2633608159187,0.0
L-main-threeshift-20c-01,mixed,ownership_fixed,2025-11-10,3,573.4297299908516,74.90994387798787,74.15143863900119,499.65078540367875,574.5607292816667,573.8022240426799,0.7585052389866908,1.0125561437105495,0.13201480719627273,13.037776523926821,0.9092741250242398,1.2138229959232796,0.8341876427710623,1.9383044172863275,0.7585052389866908,0.0,493.01921372775536,0.0
L-main-threeshift-20c-01,mixed,ownership_fixed,2025-11-11,3,573.4297299908516,60.46042413177468,60.39295248894154,499.65078540367875,560.1112095354534,560.0437378926202,0.0674716428331384,0.11159637697228626,0.012046115429308802,10.794360673823956,0.0674716428331384,0.11159637697228626,1.0,0.07274312203719309,0.0,0.06747164283314137,0.0,42.693477813357106
L-main-threeshift-20c-01,mixed,ownership_fixed,2025-11-12,3,573.4297299908516,61.93834353138737,47.44095891441512,499.65078540367875,561.5891289350661,547.0917443180939,14.49738461697224,23.406154879853485,2.581493100563295,11.029120818068577,14.49738461697224,23.406154879853485,1.0,11.812877371492776,14.497384616972242,0.0,493.01921372775536,0.0
L-main-threeshift-20c-01,mixed,ownership_fixed,2025-11-13,3,573.4297299908516,43.660824442828876,43.660824442828876,499.65078540367875,543.3116098465076,543.3116098465076,0.0,0.0,0.0,8.036055856631448,0.0,0.0,0.0,0.0,0.0,0.0,0.0,0.0
L-main-threeshift-20c-01,mixed,ownership_fixed,2025-11-14,3,573.4297299908516,41.38590038957193,41.38590038957193,499.65078540367875,541.0366857932506,541.0366857932506,0.0,0.0,0.0,7.649370454222202,0.029857606258448282,0.07214439211759073,0.0,0.0,0.0,0.0,0.0,0.0
L-main-threeshift-20c-01,mixed,ownership_fixed,2025-11-15,3,573.4297299908516,43.98718970228011,43.98718970228011,499.65078540367875,543.6379751059588,543.6379751059588,0.0,0.0,0.0,8.09126509120462,0.0,0.0,0.0,0.0,0.0,0.0,0.0,0.0
L-main-threeshift-20c-01,mixed,ownership_fixed,2025-11-16,3,573.4297299908516,41.41835808537319,41.549668007059175,499.65078540367875,541.069143489052,541.200453410738,-0.1313099216859873,-0.3170331412349229,-0.024268602870095884,7.654910390618358,0.007732441264489391,0.018669115875020858,-16.981690153796247,0.036084725900956016,-0.1313099216859873,0.0,59.75585291183662,0.0
L-main-threeshift-20c-01,mixed,ownership_fixed,2025-11-17,3,573.4297299908516,74.49742897100839,74.50894666409695,499.65078540367875,574.1482143746871,574.1597320677757,-0.011517693088568612,-0.015460524272657608,-0.0020060487519085457,12.975295769602731,0.0,0.0,0.0,0.0046070772354293394,0.0,-0.011517693088568018,0.0,21.346738906678553
L-main-threeshift-20c-01,mixed,ownership_fixed,2025-11-18,3,573.4297299908516,60.63305871072435,60.593024183146156,499.65078540367875,560.2838441144031,560.2438095868249,0.0400345275781954,0.06602755729213175,0.007145401031770754,10.821846702819405,0.0400345275781954,0.06602755729213175,1.0,0.14300129296219666,0.0,0.04003452757819659,0.0,42.693477813357106
L-main-threeshift-20c-01,mixed,ownership_fixed,2025-11-19,3,573.4297299908516,101.72961765092255,97.2385616804453,499.65078540367875,601.3804030546013,596.8893470841241,4.491055970477253,4.414698564864334,0.7467912069741147,16.916018070127603,5.180364700605476,5.0922875955176625,0.866938184864155,0.3840115038496255,4.5071910547202805,-0.016135084243028192,433.2633608159187,42.693477813357106
L-main-threeshift-20c-01,mixed,ownership_fixed,2025-11-20,3,573.4297299908516,68.96087613453929,69.0318743084169,499.65078540367875,568.6116615382181,568.6826597120956,-0.0709981738776122,-0.10295428053886416,-0.012486232464094514,12.127939118938423,0.0,0.0,0.0,0.03272766411019745,0.0,-0.0709981738776116,0.0,42.693477813357106
L-main-threeshift-20c-01,mixed,ownership_fixed,2025-11-21,3,573.4297299908516,85.40551247794072,85.31143046466453,499.65078540367875,585.0562978816195,584.9622158683433,0.09408201327618808,0.11015918123609224,0.016080847880253855,14.597828070081166,0.09408201327618808,0.11015918123609224,1.0,0.23380907199587378,0.0,0.0940820132761857,0.0,42.693477813357106
L-main-threeshift-20c-01,mixed,ownership_fixed,2025-11-22,3,573.4297299908516,127.11311189911169,104.70183684086932,499.65078540367875,626.7638973027904,604.3526222445481,22.41127505824237,17.6309703408331,3.575712505887278,20.28086053554281,22.417724966371967,17.636044489387274,0.9997122853394236,22.302493211603007,22.417724966371964,-0.006449908129597522,493.01921372775536,21.346738906678553
L-main-threeshift-20c-01,mixed,ownership_fixed,2025-11-23,3,573.4297299908516,60.98566158863766,60.98566158863766,499.65078540367875,560.6364469923165,560.6364469923165,0.0,0.0,0.0,10.877933804662804,0.0,0.0,0.0,0.0,0.0,0.0,0.0,0.0
L-main-threeshift-20c-01,mixed,ownership_fixed,2025-11-24,3,573.4297299908516,42.95746453113583,40.34676945050979,499.65078540367875,542.6082499348146,539.9975548541886,2.6106950806260385,6.077395649675253,0.48113811040279436,7.916846921567532,2.623335904964083,6.106822024057481,0.9951813931589452,2.1848985002899006,2.560480419628688,0.050214660997349135,493.01921372775536,42.693477813357106
L-main-threeshift-20c-01,mixed,ownership_fixed,2025-11-25,3,573.4297299908516,77.73941491270057,77.79494240430377,499.65078540367875,577.3902003163794,577.4457278079825,-0.05552749160320521,-0.07142771998678046,-0.00961697853077158,13.463930435622819,0.0,0.0,0.0,0.0656176710636629,0.0,-0.05552749160320639,0.0,42.693477813357106
L-main-threeshift-20c-01,mixed,ownership_fixed,2025-11-26,3,573.4297299908516,88.34955381665736,88.34733701989893,499.65078540367875,588.0003392203362,587.9981224235777,0.0022167967584276007,0.0025091204908944853,0.00037700603393647363,15.025425654312574,0.00722012160871562,0.008172221926212312,0.3070303907002952,0.030843481814216034,0.0,0.0022167967584276007,0.0,42.693477813357106
L-main-threeshift-20c-01,mixed,ownership_fixed,2025-11-27,3,573.4297299908516,107.96763699769515,84.99106818425541,499.65078540367875,607.6184224013739,584.6418535879342,22.976568813439744,21.280977756260647,3.781414118853384,17.76898675504198,22.982878660476672,21.286821958479372,0.9997254544511094,21.380313822939076,22.975186690269116,0.0013821231706279136,493.01921372775536,21.346738906678553
L-main-threeshift-20c-01,mixed,ownership_fixed,2025-11-28,3,573.4297299908516,46.5508322692282,46.73554956522907,499.65078540367875,546.201617672907,546.3863349689078,-0.1847172960008668,-0.3968077196397876,-0.033818518661269295,8.52264635677172,0.0,0.0,0.0,0.1631828967917149,-0.15793344183924538,-0.02678385416162084,433.2633608159187,42.693477813357106
L-main-threeshift-20c-01,mixed,ownership_fixed,2025-11-29,3,573.4297299908516,47.746782797649395,46.15121206014805,499.65078540367875,547.3975682013281,545.8019974638268,1.59557073750135,3.3417345505002296,0.29148297876882656,8.72250546427136,1.9893847979363837,4.166531609820469,0.8020422892325595,2.9988439051421003,1.5171598886452482,0.07841084885610232,493.01921372775536,42.693477813357106
L-main-threeshift-20c-01,mixed,reassignment_allowed,2025-11-02,3,477.87117255801854,22.320369588151124,22.484022632058004,313.3574610443022,335.6778306324534,335.8414836763602,-0.1636530439068835,-0.7332004215277848,-0.04875300927634794,6.649342777894248,0.21203985313783255,0.9499836116082726,-0.7718032317278767,1.5325668400176948,-0.1636530439068835,0.0,446.1266471576234,0.0
L-main-threeshift-20c-01,mixed,reassignment_allowed,2025-11-03,3,477.87117255801854,34.04849129807841,34.25873362037497,313.3574610443022,347.40595234238066,347.6161946646772,-0.21024232229655956,-0.6174791137028295,-0.060517766284372256,9.800779482477733,0.048009295291267996,0.14100270955023927,-4.379200340705663,1.1940408204985384,-0.21024232229655956,0.0,446.1266471576234,0.0
L-main-threeshift-20c-01,mixed,reassignment_allowed,2025-11-04,3,477.87117255801854,30.040405717105727,29.58357277366009,313.3574610443022,343.39786676140795,342.9410338179623,0.45683294344564135,1.5207282742706423,0.1330331337681395,8.747988448622989,0.7259342824569567,2.416526225688065,0.629303443142911,0.33727146600914776,0.45683294344564135,0.0,446.1266471576234,0.0
L-main-threeshift-20c-01,mixed,reassignment_allowed,2025-11-05,3,477.87117255801854,31.722978451242295,31.722978451242295,313.3574610443022,345.0804394955445,345.0804394955445,0.0,0.0,0.0,9.192922814638957,0.0,0.0,0.0,0.0,0.0,0.0,0.0,0.0
L-main-threeshift-20c-01,mixed,reassignment_allowed,2025-11-06,3,477.87117255801854,43.62319824602412,43.62319824602412,313.3574610443022,356.98065929032634,356.98065929032634,0.0,0.0,0.0,12.220045291178115,0.0,0.0,0.0,0.0,0.0,0.0,0.0,0.0
L-main-threeshift-20c-01,mixed,reassignment_allowed,2025-11-07,3,477.87117255801854,80.63699162180126,80.63699162180126,313.3574610443022,393.9944526661035,393.9944526661035,0.0,0.0,0.0,20.466529687446716,0.0,0.0,0.0,0.0,0.0,0.0,0.0,0.0
L-main-threeshift-20c-01,mixed,reassignment_allowed,2025-11-08,3,477.87117255801854,95.26554865153257,96.14019666315478,313.3574610443022,408.6230096958348,409.497657707457,-0.8746480116222225,-0.9181157553834669,-0.21404766517511603,23.313799367892923,0.4232696520979857,0.44430505895288985,-2.0664085111864905,0.9012703792641048,-0.8746480116222225,0.0,446.1266471576234,0.0
L-main-threeshift-20c-01,mixed,reassignment_allowed,2025-11-09,3,477.87117255801854,83.84366477967745,84.23052552591342,313.3574610443022,397.2011258239797,397.58798657021566,-0.3868607462359582,-0.46140724794478194,-0.09739668925495346,21.108617103173295,0.018408596905809798,0.021955859102990673,-21.015221758365733,0.5748512524748813,-0.3868607462359582,0.0,401.53743647927973,0.0
L-main-threeshift-20c-01,mixed,reassignment_allowed,2025-11-10,3,477.87117255801854,62.21677347189476,60.59782900874944,313.3574610443022,375.574234516197,373.95529005305167,1.618944463145321,2.6021028941281377,0.43105844713517016,16.56577255679971,1.8690892720897192,3.0041565445917002,0.8661675433700788,3.2539416030858326,1.618944463145321,0.0,446.1266471576234,0.0
L-main-threeshift-20c-01,mixed,reassignment_allowed,2025-11-11,3,477.87117255801854,49.265512836120685,49.3332168678638,313.3574610443022,362.62297388042293,362.69067791216605,-0.06770403174310739,-0.1374268283135944,-0.018670640477796423,13.585877449774124,0.0,0.0,0.0,0.030774559883231706,-0.06770403174310739,0.0,44.58921067834362,0.0
L-main-threeshift-20c-01,mixed,reassignment_allowed,2025-11-12,3,477.87117255801854,49.527409217556475,35.92348233544663,313.3574610443022,362.8848702618587,349.28094337974886,13.603926882109848,27.467471238708622,3.748827244380075,13.64824308652421,13.603926882109848,27.467471238708622,1.0,10.999550535401797,13.603926882109848,0.0,446.1266471576234,0.0
L-main-threeshift-20c-01,mixed,reassignment_allowed,2025-11-13,3,477.87117255801854,32.93463546541353,32.93463546541353,313.3574610443022,346.29209650971575,346.29209650971575,0.0,0.0,0.0,9.51065178713644,0.0,0.0,0.0,0.0,0.0,0.0,0.0,0.0
L-main-threeshift-20c-01,mixed,reassignment_allowed,2025-11-14,3,477.87117255801854,32.38383976925027,32.38383976925027,313.3574610443022,345.74130081355247,345.74130081355247,0.0,0.0,0.0,9.366494454972237,0.0,0.0,0.0,0.0,0.0,0.0,0.0,0.0
L-main-threeshift-20c-01,mixed,reassignment_allowed,2025-11-15,3,477.87117255801854,33.952553259341435,34.07558369656968,313.3574610443022,347.31001430364364,347.4330447408719,-0.12303043722823996,-0.36235989761503534,-0.03542380932347025,9.775863597661093,0.0,0.0,0.0,0.12623929581316892,-0.12303043722823996,0.0,44.58921067834362,0.0
L-main-threeshift-20c-01,mixed,reassignment_allowed,2025-11-16,3,477.87117255801854,29.43742804819206,29.3978789284256,313.3574610443022,342.79488909249426,342.7553399727278,0.039549119766460215,0.13434977981674992,0.011537254791388946,8.587475771918273,0.11923236796496776,0.405036634891378,0.33169784716579925,0.10882157864331295,0.039549119766460215,0.0,44.58921067834362,0.0
L-main-threeshift-20c-01,mixed,reassignment_allowed,2025-11-17,3,477.87117255801854,60.968866005958255,60.93442477940835,313.3574610443022,374.3263270502605,374.2918858237106,0.03444122654989693,0.05648985917916059,0.009200856060886291,16.28762435343534,0.04982850649151279,0.08172778953547084,0.6911952409362951,0.023899034631635157,0.03444122654989693,0.0,44.58921067834362,0.0
L-main-threeshift-20c-01,mixed,reassignment_allowed,2025-11-18,3,477.87117255801854,45.63409757642722,45.76027327194847,313.3574610443022,358.99155862072945,359.1177343162507,-0.12617569552124527,-0.27649433695917475,-0.035147259731126014,12.711746691692863,0.0,0.0,0.0,0.030774559883231706,-0.12617569552124527,0.0,44.58921067834362,0.0
L-main-threeshift-20c-01,mixed,reassignment_allowed,2025-11-19,3,477.87117255801854,85.4044780963199,83.75627404801278,313.3574610443022,398.76193914062213,397.113735092315,1.6482040483071263,1.9298801246092359,0.4133303323429502,21.417409665620642,4.701402664311796,5.504866687446428,0.35057708645519625,0.14649798554269466,1.6482040483071263,0.0,224.70052454447364,0.0
L-main-threeshift-20c-01,mixed,reassignment_allowed,2025-11-20,3,477.87117255801854,53.911483673706975,53.911483673706975,313.3574610443022,367.2689447180092,367.2689447180092,0.0,0.0,0.0,14.679020496846107,0.0,0.0,0.0,0.0,0.0,0.0,0.0,0.0
L-main-threeshift-20c-01,mixed,reassignment_allowed,2025-11-21,3,477.87117255801854,67.47670758436601,67.47670758436601,313.3574610443022,380.83416862866824,380.83416862866824,0.0,0.0,0.0,17.718133808040495,0.0,0.0,0.0,0.0,0.0,0.0,0.0,0.0
L-main-threeshift-20c-01,mixed,reassignment_allowed,2025-11-22,3,477.87117255801854,108.69158772417178,87.41800291342098,313.3574610443022,422.049048768474,400.7754639577232,21.273584810750823,19.572429896540942,5.0405479820003105,25.753307119475913,21.273584810750823,19.572429896540942,1.0,20.83599938060519,21.273584810750823,0.0,446.1266471576234,0.0
L-main-threeshift-20c-01,mixed,reassignment_allowed,2025-11-23,3,477.87117255801854,51.882043203034755,51.882043203034755,313.3574610443022,365.239504247337,365.239504247337,0.0,0.0,0.0,14.204937472453881,0.0,0.0,0.0,0.0,0.0,0.0,0.0,0.0
L-main-threeshift-20c-01,mixed,reassignment_allowed,2025-11-24,3,477.87117255801854,31.642562384934376,28.37995663820279,313.3574610443022,345.0000234292366,341.737417682505,3.262605746731585,10.310813982261354,0.9456827609174882,9.171756590162849,3.3739855047689353,10.662807467120153,0.9669886672957186,2.73033270749634,3.262605746731586,0.0,446.1266471576234,0.0
L-main-threeshift-20c-01,mixed,reassignment_allowed,2025-11-25,3,477.87117255801854,59.16344448660582,59.16344448660582,313.3574610443022,372.52090553090807,372.52090553090807,0.0,0.0,0.0,15.88191256066219,0.0,0.0,0.0,0.0,0.0,0.0,0.0,0.0
L-main-threeshift-20c-01,mixed,reassignment_allowed,2025-11-26,3,477.87117255801854,70.20856267966582,70.20856267966582,313.3574610443022,383.56602372396804,383.56602372396804,0.0,0.0,0.0,18.304166254879544,0.0,0.0,0.0,0.0,0.0,0.0,0.0,0.0
L-main-threeshift-20c-01,mixed,reassignment_allowed,2025-11-27,3,477.87117255801854,94.19290269004955,71.95936762701933,313.3574610443022,407.5503637343518,385.31682867132156,22.23353506303023,23.604257250879858,5.45540797934913,23.11196629220679,22.23353506303023,23.604257250879858,1.0,20.53034531333221,22.233535063030235,0.0,446.1266471576234,0.0
L-main-threeshift-20c-01,mixed,reassignment_allowed,2025-11-28,3,477.87117255801854,39.025066477492736,39.17388190794651,313.3574610443022,352.38252752179494,352.53134295224874,-0.14881543045376824,-0.3813329326154918,-0.042231217166283586,11.07463152385699,0.0,0.0,0.0,0.05331686749076662,-0.14881543045376824,0.0,257.77480901729416,0.0
L-main-threeshift-20c-01,mixed,reassignment_allowed,2025-11-29,3,477.87117255801854,39.88292419247968,37.966629388674185,313.3574610443022,353.2403852367819,351.3240904329764,1.9162948038054968,4.804800155969589,0.5424902938323368,11.290590164469899,2.2165950710376996,5.557754642914725,0.8645218194536465,3.220608242793015,1.9162948038054957,0.0,446.1266471576234,0.0
L-main-threeshift-25c-01,geographic,ownership_fixed,2025-11-02,3,330.3417767044143,16.62221429448633,16.55201547394452,346.6274601377308,363.24967443221715,363.17947561167534,0.07019882054180944,0.42231930895689834,0.019325226003721753,4.575975001345268,0.47008229764381565,2.828036561890219,0.14933304422154509,2.3311098674041943,0.07019882054180886,0.0,269.1052603336177,0.0
L-main-threeshift-25c-01,geographic,ownership_fixed,2025-11-03,3,330.3417767044143,22.66597508899602,22.7981038997625,346.6274601377308,369.29343522672684,369.4255640374933,-0.13212881076647895,-0.5829390098934037,-0.03577881385445121,6.137659900474618,0.13132056195969946,0.5793730975353165,-1.0061547772467463,1.8216678469327068,-0.13212881076647953,0.0,269.1052603336177,0.0
L-main-threeshift-25c-01,geographic,ownership_fixed,2025-11-04,3,330.3417767044143,20.976648963629117,20.821872602519395,346.6274601377308,367.6041091013599,367.4493327402502,0.15477636110971815,0.7378507471716812,0.04210408895811377,5.706315148355755,0.9393055059388011,4.477862539280889,0.16477744475161454,0.6090250002876338,0.15477636110971815,0.0,269.1052603336177,0.0
L-main-threeshift-25c-01,geographic,ownership_fixed,2025-11-05,3,330.3417767044143,21.708312082025074,21.720780362769897,346.6274601377308,368.3357722197559,368.3482405005007,-0.01246828074482309,-0.057435514551806545,-0.003385031182196522,5.893620364701774,0.1304209185063693,0.6007879286679341,-0.09560031387307077,0.18879523686880914,-0.01246828074482309,0.0,152.1641976549887,0.0
L-main-threeshift-25c-01,geographic,ownership_fixed,2025-11-06,3,330.3417767044143,29.88772764326932,29.65306097660265,346.6274601377308,376.5151877810001,376.28052111433345,0.23466666666666805,0.7851606166503418,0.06232594973118635,7.937987261393955,0.3134732147722931,1.0488358918209257,0.7486019717414448,0.41354379258651736,0.23466666666666688,0.0,48.456207413481884,0.0
L-main-threeshift-25c-01,geographic,ownership_fixed,2025-11-07,3,330.3417767044143,51.001359232118205,51.001359232118205,346.6274601377308,397.628819369849,397.628819369849,0.0,0.0,0.0,12.826373931583664,0.0,0.0,0.0,0.0,0.0,0.0,0.0,0.0
L-main-threeshift-25c-01,geographic,ownership_fixed,2025-11-08,3,330.3417767044143,63.43322897358561,64.38919999550909,346.6274601377308,410.0606891113164,411.0166601332399,-0.9559710219234887,-1.507050858662054,-0.23312915558798608,15.469229472119876,0.46891711216413984,0.7392294539497631,-2.0386780459162694,1.1859346169994514,-0.955971021923491,0.0,269.1052603336177,0.0
L-main-threeshift-25c-01,geographic,ownership_fixed,2025-11-09,3,330.3417767044143,55.88254639594877,56.30821774446982,346.6274601377308,402.5100065336796,402.9356778822006,-0.4256713485210402,-0.7617250393441259,-0.10575422762450568,13.883517301146366,0.43775214932992174,0.783343239637442,-0.9724026465035662,0.34676151303866476,-0.4256713485210402,0.0,121.02848906014906,0.0
L-main-threeshift-25c-01,geographic,ownership_fixed,2025-11-10,3,330.3417767044143,43.071989215825575,39.589682199361974,346.6274601377308,389.69944935355636,386.21714233709275,3.482307016463602,8.08485300972384,0.8935878719459687,11.05261741767265,3.8397979604726125,8.914837764357975,0.9068985015125615,5.463974869218586,3.4823070164635994,0.0,269.1052603336177,0.0
L-main-threeshift-25c-01,geographic,ownership_fixed,2025-11-11,3,330.3417767044143,30.084592771601024,30.34878658627566,346.6274601377308,376.7120529093318,376.97624672400644,-0.26419381467463526,-0.8781698216105704,-0.07013150034204566,7.986097747406525,0.04817517034607022,0.1601323664634948,-5.484024504257643,0.1271893907292648,-0.2641938146746341,0.0,92.82498844544371,0.0
L-main-threeshift-25c-01,geographic,ownership_fixed,2025-11-12,3,330.3417767044143,30.91454746903804,21.25060109055506,346.6274601377308,377.54200760676883,367.87806122828584,9.663946378482981,31.260190330011294,2.559700956124735,8.188372908488974,9.663946378482981,31.260190330011294,1.0,7.929679210669448,9.663946378482983,0.0,269.1052603336177,0.0
L-main-threeshift-25c-01,geographic,ownership_fixed,2025-11-13,3,330.3417767044143,18.950028347180567,18.950028347180567,346.6274601377308,365.5774884849114,365.5774884849114,0.0,0.0,0.0,5.183587322544533,0.002877125919850935,0.015182699820493941,0.0,0.0,0.0,0.0,0.0,0.0
L-main-threeshift-25c-01,geographic,ownership_fixed,2025-11-14,3,330.3417767044143,20.312231398185926,20.142266687093038,346.6274601377308,366.9396915359167,366.7697268248238,0.1699647110928885,0.8367604117983214,0.04631952198505951,5.535577607634667,0.23726275551910803,1.1680782424539424,0.7163564745803533,0.17154379258651767,0.1699647110928879,0.0,48.456207413481884,0.0
L-main-threeshift-25c-01,geographic,ownership_fixed,2025-11-15,3,330.3417767044143,20.937842990629523,21.280561975386004,346.6274601377308,367.5653031283603,367.9080221131168,-0.3427189847564793,-1.6368399787402121,-0.09324029821084494,5.696360024307751,0.15242091850636777,0.727968580978384,-2.2485036051148146,0.5710148225242596,-0.3427189847564775,0.0,143.40044944374623,0.0
L-main-threeshift-25c-01,geographic,ownership_fixed,2025-11-16,3,330.3417767044143,22.225500386720494,21.99102290890569,346.6274601377308,368.8529605244513,368.61848304663647,0.2344774778148017,1.054993020336674,0.06356936310919432,6.025571912211117,0.5445863990821481,2.450277337321651,0.4305606570600966,0.6067042730468005,0.2344774778148011,0.0,196.53297868695054,0.0
L-main-threeshift-25c-01,geographic,ownership_fixed,2025-11-17,3,330.3417767044143,37.447210264592975,36.39292293480059,346.6274601377308,384.07467040232376,383.0203830725314,1.0542873297923887,2.8153961866399344,0.27450061434356177,9.749981748436179,1.156943845598703,3.0895328047777553,0.9112692321266544,0.5470977248727896,1.05428732979239,0.0,196.53297868695054,0.0
L-main-threeshift-25c-01,geographic,ownership_fixed,2025-11-18,3,330.3417767044143,30.17500090186287,30.295547546219098,346.6274601377308,376.80246103959365,376.9230076839499,-0.12054664435622915,-0.3994917672025227,-0.031992000270816265,8.008175110802192,0.650525511038218,2.1558425570686808,-0.18530655955957906,0.8836455230137131,-0.12054664435623035,0.0,92.82498844544371,0.0
L-main-threeshift-25c-01,geographic,ownership_fixed,2025-11-19,3,330.3417767044143,52.06829353194441,49.998241542926586,346.6274601377308,398.6957536696752,396.62570168065736,2.0700519890178293,3.9756478436302736,0.5192059283211968,13.059655903705384,4.520915953852932,8.68266587434694,0.4578833161571243,1.072663324330108,2.0700519890178293,0.0,92.82498844544371,0.0
L-main-threeshift-25c-01,geographic,ownership_fixed,2025-11-20,3,330.3417767044143,32.68602098880485,32.718231448058035,346.6274601377308,379.31348112653563,379.3456915857888,-0.03221045925318459,-0.0985450607898002,-0.008491778134940441,8.617152464955781,0.07175425183970319,0.21952580849250336,-0.4488996599831014,0.22417517034607215,-0.03221045925318459,0.0,48.456207413481884,0.0
L-main-threeshift-25c-01,geographic,ownership_fixed,2025-11-21,3,330.3417767044143,43.92137193771908,43.92137193771908,346.6274601377308,390.54883207544987,390.54883207544987,0.0,0.0,0.0,11.246064084819473,0.0,0.0,0.0,0.0,0.0,0.0,0.0,0.0
L-main-threeshift-25c-01,geographic,ownership_fixed,2025-11-22,3,330.3417767044143,69.26665614434292,52.69964697362648,346.6274601377308,415.8941162820737,399.3271071113573,16.567009170716446,23.917726208975502,3.9834680323970084,16.65487763172968,16.567009170716446,23.917726208975502,1.0,14.740153978545225,16.567009170716446,0.0,269.1052603336177,0.0
L-main-threeshift-25c-01,geographic,ownership_fixed,2025-11-23,3,330.3417767044143,31.177752206512356,31.081401865820215,346.6274601377308,377.80521234424316,377.708862003551,0.09635034069214517,0.30903555860585635,0.025502649922244595,8.252335115510332,0.18435034069214615,0.591288106567347,0.5226480207760743,0.27578954074681644,0.09635034069214517,0.0,48.456207413481884,0.0
L-main-threeshift-25c-01,geographic,ownership_fixed,2025-11-24,3,330.3417767044143,24.56643946830655,19.799150885243705,346.6274601377308,371.19389960603735,366.4266110229745,4.767288583062846,19.405696088817347,1.284312212060208,6.618222846436829,4.888544283115471,19.899278808482762,0.9751959493398822,3.7072298722906063,4.767288583062846,0.0,269.1052603336177,0.0
L-main-threeshift-25c-01,geographic,ownership_fixed,2025-11-25,3,330.3417767044143,32.32550324313037,32.32550324313037,346.6274601377308,378.95296338086115,378.95296338086115,0.0,0.0,0.0,8.530215189435554,0.0,0.0,0.0,0.0,0.0,0.0,0.0,0.0
L-main-threeshift-25c-01,geographic,ownership_fixed,2025-11-26,3,330.3417767044143,43.30890038448606,43.30890038448606,346.6274601377308,389.93636052221683,389.93636052221683,0.0,0.0,0.0,11.106658616417617,0.013087585173037061,0.03021915831814849,0.0,0.0,0.0,0.0,0.0,0.0
L-main-threeshift-25c-01,geographic,ownership_fixed,2025-11-27,3,330.3417767044143,58.60024572574698,40.98545602105932,346.6274601377308,405.22770586347775,387.6129161587901,17.61478970468765,30.05924205015458,4.346886811984696,14.46106593350494,17.61478970468765,30.05924205015458,1.0,16.266760897702415,17.61478970468765,0.0,269.1052603336177,0.0
L-main-threeshift-25c-01,geographic,ownership_fixed,2025-11-28,3,330.3417767044143,25.578289556595838,25.396164643227355,346.6274601377308,372.20574969432664,372.02362478095813,0.18212491336848538,0.712029289392109,0.04893124663389944,6.872083404837772,0.46431505178503346,1.8152701366432893,0.39224425886758624,0.18333333333333238,0.18212491336848538,0.0,48.456207413481884,0.0
L-main-threeshift-25c-01,geographic,ownership_fixed,2025-11-29,3,330.3417767044143,26.93565966409392,24.34773447679825,346.6274601377308,373.5631198018247,370.9751946145291,2.5879251872956672,9.60780325994931,0.6927678483541314,7.210470797648143,2.8599729875604787,10.61779448963306,0.9048774930923859,3.5815853101858743,2.5879251872956672,0.0,269.1052603336177,0.0
L-main-threeshift-25c-01,geographic,reassignment_allowed,2025-11-02,3,321.74355575104846,15.83466504338305,15.681026084811577,329.04016954866916,344.8748345920522,344.72119563348076,0.1536389585714749,0.9702697098457232,0.04454919384106769,4.59142374424439,0.4699109806765313,2.967609225639393,0.32695332709672104,2.3831618496954174,0.15363895857147547,0.0,273.95404778069513,0.0
L-main-threeshift-25c-01,geographic,reassignment_allowed,2025-11-03,3,321.74355575104846,22.234560272670553,22.46786891182857,329.04016954866916,351.2747298213397,351.50803846049774,-0.23330863915801578,-1.0493062884845328,-0.06641771222105214,6.329678278872828,0.05040949384087057,0.22671684630899144,-4.628267839675388,1.9593974325574723,-0.23330863915801578,0.0,273.95404778069513,0.0
L-main-threeshift-25c-01,geographic,reassignment_allowed,2025-11-04,3,321.74355575104846,20.910196651236543,20.893851342215427,329.04016954866916,349.9503661999057,349.9340208908846,0.016345309021114456,0.07816908321686139,0.004670750654902118,5.975189247063624,1.0088840551096052,4.824842501182044,0.016201375111770104,0.4157153410413616,0.016345309021114456,0.0,273.95404778069513,0.0
L-main-threeshift-25c-01,geographic,reassignment_allowed,2025-11-05,3,321.74355575104846,22.303032958898996,22.34838849688766,329.04016954866916,351.34320250756815,351.3885580455568,-0.04535553798866113,-0.2033604042653943,-0.012909183290000934,6.347933530439819,0.07699999999999936,0.34524452410530143,-0.5890329608917079,0.11625804230714583,-0.04535553798866113,0.0,212.05661785890007,0.0
L-main-threeshift-25c-01,geographic,reassignment_allowed,2025-11-06,3,321.74355575104846,30.181319085702864,30.100043061046396,329.04016954866916,359.221488634372,359.14021260971555,0.08127602465646551,0.26929248660628163,0.022625602094531443,8.401869053112923,0.16827704793222745,0.5575536558040687,0.4829893657820699,0.22775756315743578,0.08127602465646729,0.0,58.99360902555842,0.0
L-main-threeshift-25c-01,geographic,reassignment_allowed,2025-11-07,3,321.74355575104846,49.17148725540875,49.17148725540875,329.04016954866916,378.2116568040779,378.2116568040779,0.0,0.0,0.0,13.001050171460124,0.0,0.0,0.0,0.0,0.0,0.0,0.0,0.0
L-main-threeshift-25c-01,geographic,reassignment_allowed,2025-11-08,3,321.74355575104846,62.1769080589926,63.2342185362892,329.04016954866916,391.21707760766174,392.27438808495833,-1.0573104772966009,-1.7004873839873786,-0.2702618412678144,15.8931988447978,0.30956622295432606,0.49787973158879795,-3.415458143999768,1.0660566758918293,-1.0573104772966033,0.0,273.95404778069513,0.0
L-main-threeshift-25c-01,geographic,reassignment_allowed,2025-11-09,3,321.74355575104846,54.47810614251835,54.62895336879768,329.04016954866916,383.5182756911875,383.66912291746684,-0.15084722627933664,-0.2768951363410289,-0.03933247405419611,14.204826626406879,0.3303896187344411,0.6064631135857034,-0.4565737472537957,0.15999567619046692,-0.15084722627933664,0.0,58.99360902555842,0.0
L-main-threeshift-25c-01,geographic,reassignment_allowed,2025-11-10,3,321.74355575104846,44.16067250561573,40.34611647438379,329.04016954866916,373.20084205428486,369.38628602305295,3.8145560312319304,8.637902945764354,1.0221188168372553,11.832950928656325,4.259320013822861,9.645052423694908,0.8955786413916943,5.843806661370721,3.8145560312319304,0.0,273.95404778069513,0.0
L-main-threeshift-25c-01,geographic,reassignment_allowed,2025-11-11,3,321.74355575104846,29.67590686897542,29.749604656718258,329.04016954866916,358.71607641764456,358.7897742053874,-0.07369778774283493,-0.2483421587357859,-0.020544880084223033,8.27281207057597,0.04143661220015815,0.13963048335172504,-1.7785669201632668,0.0827208849028646,-0.07369778774283613,0.0,58.99360902555842,0.0
L-main-threeshift-25c-01,geographic,reassignment_allowed,2025-11-12,3,321.74355575104846,32.62161342746902,22.938523193745784,329.04016954866916,361.66178297613817,351.9786927424149,9.683090233723238,29.683051254508445,2.67738829191198,9.019922746335999,9.683090233723238,29.683051254508445,1.0,7.500325354945738,9.68309023372324,0.0,273.95404778069513,0.0
L-main-threeshift-25c-01,geographic,reassignment_allowed,2025-11-13,3,321.74355575104846,18.97769538091113,18.978798659777954,329.04016954866916,348.0178649295803,348.0189682084471,-0.0011032788668252635,-0.0058135555697400735,-0.00031701788270223043,5.453080802260302,0.0,0.0,0.0,0.0011032788668246714,-0.0011032788668252635,0.0,17.230054466508562,0.0
L-main-threeshift-25c-01,geographic,reassignment_allowed,2025-11-14,3,321.74355575104846,20.817312205260595,20.68274881746075,329.04016954866916,349.85748175392973,349.72291836612993,0.1345633877998426,0.6464013532248319,0.03846234390221987,5.950226389585212,0.15051556053808332,0.7230307114289596,0.8940164546362332,0.09056338779984212,0.134563387799842,0.0,17.230054466508562,0.0
L-main-threeshift-25c-01,geographic,reassignment_allowed,2025-11-15,3,321.74355575104846,21.404080932780847,21.73957158185799,329.04016954866916,350.44425048145,350.77974113052716,-0.33549064907714293,-1.5674144109749242,-0.09573295855652836,6.107699271246519,0.08069655437396743,0.37701480679032,-4.1574346225787755,0.41489132628702424,-0.3354906490771441,0.0,158.44983430169347,0.0
L-main-threeshift-25c-01,geographic,reassignment_allowed,2025-11-16,3,321.74355575104846,21.981363853652216,22.0200431208527,329.04016954866916,351.0215334023214,351.06021266952183,-0.0386792672004835,-0.17596390950990476,-0.011019058239983094,6.2621126517780885,0.5187161219519704,2.359799534758101,-0.07456731256960034,0.5469922836509072,-0.038679267200482315,0.0,273.95404778069513,0.0
L-main-threeshift-25c-01,geographic,reassignment_allowed,2025-11-17,3,321.74355575104846,38.290797951979755,37.77534117390113,329.04016954866916,367.3309675006489,366.8155107225703,0.5154567780786176,1.3461635840680275,0.1403248905437593,10.424059319722918,0.6966645589219359,1.8194046512052806,0.7398923505973505,0.3584330091875773,0.5154567780786188,0.0,212.05661785890007,0.0
L-main-threeshift-25c-01,geographic,reassignment_allowed,2025-11-18,3,321.74355575104846,28.829500895597562,28.79177136307563,329.04016954866916,357.8696704442667,357.83194091174477,0.037729532521932896,0.1308712650231639,0.01054281366596244,8.055865941309872,0.3688404357320678,1.2793854360079886,0.10229228920372574,0.4358634982417158,0.03772953252193408,0.0,58.99360902555842,0.0
L-main-threeshift-25c-01,geographic,reassignment_allowed,2025-11-19,3,321.74355575104846,52.77811142730186,51.96673337776082,329.04016954866916,381.818280975971,381.00690292643,0.8113780495410339,1.5373381646265425,0.2125037196927971,13.82283511737442,3.769739687360918,7.142619516716641,0.21523450339592423,0.5905050352338298,0.8113780495410339,0.0,58.99360902555842,0.0
L-main-threeshift-25c-01,geographic,reassignment_allowed,2025-11-20,3,321.74355575104846,33.275895749815014,33.3422502885862,329.04016954866916,362.31606529848415,362.3824198372554,-0.06635453877118162,-0.19940722037978645,-0.0183139929819334,9.184217575999998,0.04289672113317522,0.12891229572208793,-1.5468440714892946,0.15081261518967656,-0.06635453877118162,0.0,58.99360902555842,0.0
L-main-threeshift-25c-01,geographic,reassignment_allowed,2025-11-21,3,321.74355575104846,40.316667805455715,40.316667805455715,329.04016954866916,369.3568373541249,369.3568373541249,0.0,0.0,0.0,10.915370646517008,0.0,0.0,0.0,0.0,0.0,0.0,0.0,0.0
L-main-threeshift-25c-01,geographic,reassignment_allowed,2025-11-22,3,321.74355575104846,70.80801374920382,54.08523271575331,329.04016954866916,399.848183297873,383.12540226442246,16.722781033450513,23.617074040067315,4.182282609245375,17.708724637734395,16.722781033450513,23.617074040067315,1.0,14.583956094080257,16.722781033450513,0.0,273.95404778069513,0.0
L-main-threeshift-25c-01,geographic,reassignment_allowed,2025-11-23,3,321.74355575104846,30.10336179435647,30.04618802529107,329.04016954866916,359.14353134302564,359.08635757396024,0.05717376906540158,0.18992486439212264,0.015919476219326278,8.381986355645678,0.1429999999999995,0.47503000155553377,0.39981656689092154,0.13676994553349076,0.05717376906540158,0.0,17.230054466508562,0.0
L-main-threeshift-25c-01,geographic,reassignment_allowed,2025-11-24,3,321.74355575104846,26.960252907069073,22.081034786144837,329.04016954866916,356.0004224557382,351.12120433481397,4.879218120924235,18.097820290272153,1.370565261486697,7.573095762385242,5.023543410920378,18.633146462818186,0.9712702213974298,3.8250509341734436,4.879218120924235,0.0,273.95404778069513,0.0
L-main-threeshift-25c-01,geographic,reassignment_allowed,2025-11-25,3,321.74355575104846,33.345188742579346,33.345188742579346,329.04016954866916,362.3853582912485,362.3853582912485,0.0,0.0,0.0,9.201582784638852,0.0011032788668264477,0.0033086598349873547,0.0,0.0,0.0,0.0,0.0,0.0
L-main-threeshift-25c-01,geographic,reassignment_allowed,2025-11-26,3,321.74355575104846,40.30632372047595,40.30632372047595,329.04016954866916,369.3464932691451,369.3464932691451,0.0,0.0,0.0,10.912875702086192,0.0073333333333328215,0.01819400197395682,0.0,0.0,0.0,0.0,0.0,0.0
L-main-threeshift-25c-01,geographic,reassignment_allowed,2025-11-27,3,321.74355575104846,59.35515929788994,41.64548994932756,329.04016954866916,388.3953288465591,370.6856594979967,17.709669348562382,29.836781769351525,4.559701941101055,15.282150656693148,17.709669348562382,29.836781769351525,1.0,16.250049491987316,17.709669348562382,0.0,273.95404778069513,0.0
L-main-threeshift-25c-01,geographic,reassignment_allowed,2025-11-28,3,321.74355575104846,24.354333556629637,24.14187138053171,329.04016954866916,353.3945031052988,353.18204092920087,0.21246217609792595,0.8723793472069383,0.06012039639298518,6.891542834601738,0.2593496052957131,1.0649012615872382,0.8192114881211189,0.07965305092174428,0.21246217609792536,0.0,58.99360902555842,0.0
L-main-threeshift-25c-01,geographic,reassignment_allowed,2025-11-29,3,321.74355575104846,27.40502875042937,24.412884251075013,329.04016954866916,356.44519829909854,353.45305379974417,2.9921444993543567,10.918231564736004,0.8394402599985659,7.688426967511958,3.1988702958676085,11.672566830704346,0.9353753739936546,3.714181819000173,2.9921444993543567,0.0,273.95404778069513,0.0
L-main-threeshift-25c-01,mixed,ownership_fixed,2025-11-02,3,491.2081019182708,24.887834461102468,24.880053115242344,549.6134079426594,574.5012424037618,574.4934610579018,0.007781345860126502,0.03126566062743656,0.0013544523990180932,4.3320766996028865,0.520348048708076,2.0907727006997536,0.014954117497790345,1.9758915244280786,0.013622206066947603,-0.005840860206821101,396.1904046569659,18.113973963660744
L-main-threeshift-25c-01,mixed,ownership_fixed,2025-11-03,3,491.2081019182708,34.2360291943631,34.297524913813106,549.6134079426594,583.8494371370225,583.9109328564725,-0.0614957194500055,-0.17962281519531673,-0.010532804442110508,5.863845542481582,0.12349678666149326,0.36072170040626905,-0.49795400441119403,1.7419044959495114,-0.04618263384108682,-0.015313085608918087,396.1904046569659,18.113973963660744
L-main-threeshift-25c-01,mixed,ownership_fixed,2025-11-04,3,491.2081019182708,31.553908744174645,30.994018765041417,549.6134079426594,581.167316686834,580.6074267077008,0.5598899791332291,1.7743918310488038,0.09633886198644058,5.429401798445882,0.8340273691792189,2.643182421363863,0.6713088800481772,0.4568963242071433,0.5673392015203156,-0.007449222387086785,396.1904046569659,18.113973963660744
L-main-threeshift-25c-01,mixed,ownership_fixed,2025-11-05,3,491.2081019182708,33.8653478343794,33.89392670745631,549.6134079426594,583.4787557770387,583.5073346501157,-0.028578873076916977,-0.08438972254672754,-0.004898014331105768,5.804041278123272,0.005996583749004951,0.017707137627322237,-4.765859074620486,0.03334865977960059,-0.0010967022028071465,-0.027482170874110423,35.810011845380245,18.113973963660744
L-main-threeshift-25c-01,mixed,ownership_fixed,2025-11-06,3,491.2081019182708,49.64357256460105,49.63586267120948,549.6134079426594,599.2569805072604,599.2492706138688,0.007709893391577793,0.015530496685235394,0.0012865754830342576,8.284187615566639,0.03789988154619787,0.07634398490736913,0.20342790206823888,0.09913651267672445,0.007709893391577793,0.0,35.810011845380245,0.0
L-main-threeshift-25c-01,mixed,ownership_fixed,2025-11-07,3,491.2081019182708,82.52834386725904,82.55016394519784,549.6134079426594,632.1417518099184,632.1635718878572,-0.021820077938789,-0.02643949571299412,-0.0034517697773188975,13.055354061168684,0.0,0.0,0.0,0.007262485239048526,0.0,-0.021820077938789,0.0,18.113973963660744
L-main-threeshift-25c-01,mixed,ownership_fixed,2025-11-08,3,491.2081019182708,96.00307603721187,96.86279978634275,549.6134079426594,645.6164839798712,646.4762077290021,-0.8597237491308837,-0.8955168778109205,-0.1331632277774506,14.869985265153952,0.2700051684100326,0.28124637204892844,-3.184101082929266,0.8962931540535001,-0.8480178282368982,-0.011705920893992547,396.1904046569659,18.113973963660744
L-main-threeshift-25c-01,mixed,ownership_fixed,2025-11-09,3,491.2081019182708,83.98074161646441,84.44170514956795,549.6134079426594,633.5941495591238,634.0551130922273,-0.46096353310353777,-0.5488919533584661,-0.0727537546589235,13.254658628855877,0.04272901398888962,0.050879538768579535,-10.7880685761529,0.3788504822561549,-0.4868697188675147,0.02590618576397811,331.164302428486,18.113973963660744
L-main-threeshift-25c-01,mixed,ownership_fixed,2025-11-10,3,491.2081019182708,63.682851715997394,61.103022411921444,549.6134079426594,613.2962596586567,610.7164303545808,2.5798293040759503,4.051058070673501,0.4206497697396378,10.383701304723669,2.824910002659242,4.435903742592001,0.9132430065550463,4.314019597002589,2.579829304075948,0.0,396.1904046569659,0.0
L-main-threeshift-25c-01,mixed,ownership_fixed,2025-11-11,3,491.2081019182708,48.65480304236113,48.825521258210415,549.6134079426594,598.2682109850205,598.4389292008698,-0.1707182158492818,-0.3508763887105793,-0.028535398123226755,8.13260710647709,0.0,0.0,0.0,0.026532264581123382,-0.1645199052369577,-0.006198310612324083,35.810011845380245,18.113973963660744
L-main-threeshift-25c-01,mixed,ownership_fixed,2025-11-12,3,491.2081019182708,49.86287023783196,37.08430723851658,549.6134079426594,599.4762781804914,586.6977151811759,12.778562999315374,25.627411615827967,2.1316211273781183,8.317738675027131,12.778782358685048,25.627851541104285,0.9999828340945549,10.31679730797848,12.77771818405832,0.0008448152570537104,396.1904046569659,18.113973963660744
L-main-threeshift-25c-01,mixed,ownership_fixed,2025-11-13,3,491.2081019182708,33.39501931159444,33.39501931159444,549.6134079426594,583.0084272542538,583.0084272542538,0.0,0.0,0.0,5.72805087378791,0.0008566548212864215,0.0025652173256537057,0.0,0.0,0.0,0.0,0.0,0.0
L-main-threeshift-25c-01,mixed,ownership_fixed,2025-11-14,3,491.2081019182708,33.17036717597966,33.168405157472584,549.6134079426594,582.783775118639,582.7818131001319,0.001962018507080406,0.005914973737466502,0.00033666320011757226,5.691710818343745,0.04393494484783863,0.13245239226551023,0.04465735677774334,0.017233792481179695,0.008566548212864214,-0.006604529705783809,35.810011845380245,18.113973963660744
L-main-threeshift-25c-01,mixed,ownership_fixed,2025-11-15,3,491.2081019182708,34.83924662709908,34.967842267617726,549.6134079426594,584.4526545697585,584.5812502102771,-0.128595640518648,-0.3691114273941337,-0.0220027472735688,5.961004087276461,0.027139928927716994,0.07790044721175655,-4.738245293904145,0.20511486500412582,-0.12209670220280817,-0.006498938315839216,35.810011845380245,18.113973963660744
L-main-threeshift-25c-01,mixed,ownership_fixed,2025-11-16,3,491.2081019182708,34.945146326588905,34.856279346173615,549.6134079426594,584.5585542692482,584.469687288833,0.08886698041528973,0.25430421605552994,0.015202408683657295,5.978040364198167,0.13458029005786187,0.3851186908765726,0.6603268604717821,0.1732337044349729,0.08262002369076053,0.006246956724529203,35.810011845380245,18.113973963660744
L-main-threeshift-25c-01,mixed,ownership_fixed,2025-11-17,3,491.2081019182708,58.95390198188551,58.98884425082675,549.6134079426594,608.5673099245448,608.6022521934862,-0.034942268941243526,-0.05927049400730095,-0.00574172624316215,9.687326450248387,0.15180659559438445,0.2575005054644718,-0.23017622392775727,0.17737826457580988,0.0360500592268996,-0.0709923281681449,35.810011845380245,18.113973963660744
L-main-threeshift-25c-01,mixed,ownership_fixed,2025-11-18,3,491.2081019182708,50.75620697675787,50.87305985957787,549.6134079426594,600.3696149194172,600.4864678022373,-0.1168528828200029,-0.23022382833593497,-0.019463490475894105,8.454159856769312,0.061100568849648575,0.12038048642529091,-1.9124680018535538,0.22948384313918288,-0.11682026059836659,-3.262222163750531e-05,35.810011845380245,18.113973963660744
L-main-threeshift-25c-01,mixed,ownership_fixed,2025-11-19,3,491.2081019182708,82.00002008366816,81.06858578784764,549.6134079426594,631.6134280263275,630.681993730507,0.931434295820516,1.1358952045013322,0.14746904585785517,12.98262773480018,4.722326716778177,5.758933609967148,0.19724054511331865,0.17233161852160114,0.931434295820516,0.0,123.43259438126405,0.0
L-main-threeshift-25c-01,mixed,ownership_fixed,2025-11-20,3,491.2081019182708,55.40758353000132,55.46381674488085,549.6134079426594,605.0209914726606,605.0772246875403,-0.05623321487953111,-0.10149010531939684,-0.00929442377571988,9.15796051887979,0.0,0.0,0.0,0.05109328595181258,-0.05623321487953111,0.0,35.810011845380245,0.0
L-main-threeshift-25c-01,mixed,ownership_fixed,2025-11-21,3,491.2081019182708,72.28041043123348,72.28041043123348,549.6134079426594,621.8938183738928,621.8938183738928,0.0,0.0,0.0,11.622628862951215,0.0,0.0,0.0,0.0,0.0,0.0,0.0,0.0
L-main-threeshift-25c-01,mixed,ownership_fixed,2025-11-22,3,491.2081019182708,105.16568583992273,85.008583313028,549.6134079426594,654.7790937825821,634.6219912556874,20.157102526894743,19.166995741915997,3.0784584783319096,16.061246737795628,20.17892260483353,19.1877440285501,0.9989186698236525,19.237692522995076,20.17892260483353,-0.02182007793878782,396.1904046569659,18.113973963660744
L-main-threeshift-25c-01,mixed,ownership_fixed,2025-11-23,3,491.2081019182708,48.97341514295238,48.935088571083384,549.6134079426594,598.5868230856117,598.5484965137427,0.03832657186900216,0.07825995339946722,0.0064028425603215415,8.18150571549552,0.05103988151157542,0.10421956762172103,0.7509142014820315,0.0783681263115928,-0.011000000000000417,0.0493265718690008,35.810011845380245,18.113973963660744
L-main-threeshift-25c-01,mixed,ownership_fixed,2025-11-24,3,491.2081019182708,37.05197542539825,32.870184823874474,549.6134079426594,586.6653833680576,582.4835927665339,4.181790601523769,11.28628245461172,0.712806775391455,6.315691444530461,4.199217470260869,11.333316029844944,0.9958499723197194,3.22616988275958,4.18179060152377,0.0,396.1904046569659,0.0
L-main-threeshift-25c-01,mixed,ownership_fixed,2025-11-25,3,491.2081019182708,59.56121976215914,59.56121976215914,549.6134079426594,609.1746277048185,609.1746277048185,0.0,0.0,0.0,9.777363838439463,0.0,0.0,0.0,0.0,0.0,0.0,0.0,0.0
L-main-threeshift-25c-01,mixed,ownership_fixed,2025-11-26,3,491.2081019182708,72.4992733326393,72.4992733326393,549.6134079426594,622.1126812752987,622.1126812752987,0.0,0.0,0.0,11.653720542076005,0.0,0.0,0.0,0.0,0.0,0.0,0.0,0.0
L-main-threeshift-25c-01,mixed,ownership_fixed,2025-11-27,3,491.2081019182708,88.87703806480192,67.32509417072197,549.6134079426594,638.4904460074613,616.9385021133813,21.551943894079958,24.249169823105525,3.3754528401867594,13.919869689602736,21.581611359485265,24.282550172013725,0.9986253359440528,19.739893657934257,21.581611359485265,-0.029667465405303517,396.1904046569659,18.113973963660744
L-main-threeshift-25c-01,mixed,ownership_fixed,2025-11-28,3,491.2081019182708,39.368299346292034,39.312138089197454,549.6134079426594,588.9817072889514,588.9255460318568,0.05616125709457739,0.14265604058882728,0.009535314322932777,6.684129381114743,0.08251648898596169,0.209601355293834,0.6806064798046843,0.028032991344417724,0.05616125709457739,0.0,123.43259438126405,0.0
L-main-threeshift-25c-01,mixed,ownership_fixed,2025-11-29,3,491.2081019182708,40.7110240762317,38.10135819211058,549.6134079426594,590.3244320188911,587.7147661347699,2.609665884121121,6.410219205575624,0.44207316224336923,6.896381357112609,2.9240452043597904,7.182440802482624,0.8924847947733757,3.77640282000659,2.605953373167756,0.0037125109533674796,396.1904046569659,18.113973963660744
L-main-threeshift-25c-01,mixed,reassignment_allowed,2025-11-02,3,406.63864416319603,19.84173365190033,19.866394897754798,307.1909593640799,327.0326930159802,327.0573542618347,-0.024661245854465125,-0.1242897737018217,-0.007540911468829837,6.06720186563451,0.25877790321753835,1.304210144927301,-0.09529888583158494,2.1810728069623195,-0.024661245854465125,0.0,349.9356301004212,0.0
L-main-threeshift-25c-01,mixed,reassignment_allowed,2025-11-03,3,406.63864416319603,28.348303177646688,28.66525995328287,307.1909593640799,335.5392625417266,335.8562193173628,-0.31695677563617747,-1.1180802379950043,-0.09446190387235584,8.448580044823036,0.012122927025771446,0.04276420690791349,-26.14523497191536,1.7804942689361063,-0.31695677563617747,0.0,349.9356301004212,0.0
L-main-threeshift-25c-01,mixed,reassignment_allowed,2025-11-04,3,406.63864416319603,25.969840674054122,25.799161875665163,307.1909593640799,333.160800038134,332.99012123974506,0.17067879838895905,0.65721927420017,0.051230156239696546,7.794986886536945,0.9377047551982128,3.610745121494151,0.18201763128830548,0.33170382988662084,0.17067879838895905,0.0,349.9356301004212,0.0
L-main-threeshift-25c-01,mixed,reassignment_allowed,2025-11-05,3,406.63864416319603,27.387434008295873,27.43277027676019,307.1909593640799,334.5783933723758,334.6237296408401,-0.04533626846431815,-0.1655367510902461,-0.013550267848246924,8.18565530554583,0.0,0.0,0.0,0.04349042098292699,-0.04533626846431934,0.0,145.11343609104838,0.0
L-main-threeshift-25c-01,mixed,reassignment_allowed,2025-11-06,3,406.63864416319603,37.75907639766711,37.77702753795404,307.1909593640799,344.950035761747,344.96798690203394,-0.01795114028693116,-0.04754125894890863,-0.005203982729640824,10.946245103087007,0.005398479617425049,0.01429717072676753,-3.3252214621666836,0.05209771942613628,-0.01795114028693116,0.0,39.6585233811553,0.0
L-main-threeshift-25c-01,mixed,reassignment_allowed,2025-11-07,3,406.63864416319603,65.0704818144949,65.0704818144949,307.1909593640799,372.2614411785748,372.2614411785748,0.0,0.0,0.0,17.479780234150123,0.0,0.0,0.0,0.0,0.0,0.0,0.0,0.0
L-main-threeshift-25c-01,mixed,reassignment_allowed,2025-11-08,3,406.63864416319603,79.32069577299669,80.79768890545942,307.1909593640799,386.51165513707656,387.98864826953934,-1.4769931324627283,-1.8620526686876897,-0.3821341770247295,20.522200228312794,0.1765957711787157,0.22263517668088154,-8.363694796338043,0.8301193380892139,-1.4769931324627283,0.0,349.9356301004212,0.0
L-main-threeshift-25c-01,mixed,reassignment_allowed,2025-11-09,3,406.63864416319603,69.69779671780267,69.90543398315207,307.1909593640799,376.88875608188255,377.096393347232,-0.20763726534939053,-0.2979108022454237,-0.05509245420531448,18.49293607014909,0.007631218922696803,0.010949010273014249,-27.208925265115237,0.34199634765496967,-0.20763726534938817,0.0,196.20226302205333,0.0
L-main-threeshift-25c-01,mixed,reassignment_allowed,2025-11-10,3,406.63864416319603,53.78832658640763,50.63643528059894,307.1909593640799,360.9792859504875,357.82739464467886,3.1518913058086846,5.859805474233085,0.8731501857535955,14.900668453808544,3.4176048843194025,6.353804070906038,0.9222515218977301,5.293251815704603,3.1518913058086846,0.0,349.9356301004212,0.0
L-main-threeshift-25c-01,mixed,reassignment_allowed,2025-11-11,3,406.63864416319603,38.86838714416007,38.993143386967354,307.1909593640799,346.05934650823997,346.18410275104725,-0.12475624280729154,-0.32097097917796164,-0.036050534125458444,11.231711420698351,0.0,0.0,0.0,0.02267480995217852,-0.12475624280729154,0.0,39.6585233811553,0.0
L-main-threeshift-25c-01,mixed,reassignment_allowed,2025-11-12,3,406.63864416319603,40.64124200394837,29.035255180967123,307.1909593640799,347.8322013680283,336.226214545047,11.605986822981246,28.557165703385003,3.3366625566393098,11.68415168121464,11.605986822981246,28.557165703385003,1.0,9.017922702295037,11.605986822981244,0.0,349.9356301004212,0.0
L-main-threeshift-25c-01,mixed,reassignment_allowed,2025-11-13,3,406.63864416319603,25.377813077045015,25.377813077045015,307.1909593640799,332.5687724411249,332.5687724411249,0.0,0.0,0.0,7.630846663914509,0.0,0.0,0.0,0.0,0.0,0.0,0.0,0.0
L-main-threeshift-25c-01,mixed,reassignment_allowed,2025-11-14,3,406.63864416319603,26.23627326275972,26.23627326275972,307.1909593640799,333.4272326268396,333.4272326268396,0.0,0.0,0.0,7.868665392464346,0.02170738309422286,0.08273805840037024,0.0,0.0,0.0,0.0,0.0,0.0
L-main-threeshift-25c-01,mixed,reassignment_allowed,2025-11-15,3,406.63864416319603,27.398090809591693,27.614151756202634,307.1909593640799,334.5890501736716,334.80511112028256,-0.21606094661094133,-0.7885985491197123,-0.06457502016243295,8.188579630854763,0.00704071642755603,0.025697835942244462,-30.687352463922522,0.22953465130843043,-0.21606094661094133,0.0,87.9369777496301,0.0
L-main-threeshift-25c-01,mixed,reassignment_allowed,2025-11-16,3,406.63864416319603,26.82126264998489,26.86567121279735,307.1909593640799,334.0122220140648,334.05663057687724,-0.044408562812456864,-0.16557223047991695,-0.013295490369986188,8.030024317150732,0.3670935152911987,1.368666047090089,-0.12097343309709395,0.41266415685103536,-0.04440856281245805,0.0,193.3918904595232,0.0
L-main-threeshift-25c-01,mixed,reassignment_allowed,2025-11-17,3,406.63864416319603,48.667503842763416,48.74642098057337,307.1909593640799,355.85846320684334,355.93738034465326,-0.07891713780994536,-0.1621557129063234,-0.02217655218841167,13.676084419685516,0.11681112177214932,0.24001872409471944,-0.67559609575431,0.09587956483472244,-0.07891713780994536,0.0,193.3918904595232,0.0
L-main-threeshift-25c-01,mixed,reassignment_allowed,2025-11-18,3,406.63864416319603,37.62874470080988,37.80629736147939,307.1909593640799,344.8197040648898,344.9972567255593,-0.17755266066950762,-0.471853797093811,-0.05149144859659613,10.912585405423563,0.00742290947395811,0.019726699715811532,-23.91955085703496,0.11982953237689387,-0.17755266066950762,0.0,39.6585233811553,0.0
L-main-threeshift-25c-01,mixed,reassignment_allowed,2025-11-19,3,406.63864416319603,67.88476436910554,68.13432463168793,307.1909593640799,375.07572373318544,375.32528399576785,-0.2495602625823873,-0.36762337602804224,-0.06653596775031885,18.09894911177887,3.759194511859976,5.537611490290141,-0.06638663197529243,0.016488055758050752,-0.2495602625823873,0.0,39.6585233811553,0.0
L-main-threeshift-25c-01,mixed,reassignment_allowed,2025-11-20,3,406.63864416319603,43.26773823417767,43.39618503213552,307.1909593640799,350.4586975982576,350.5871443962154,-0.12844679795785888,-0.2968650620530872,-0.03665105156131742,12.346030653739662,0.0,0.0,0.0,0.017748099521779654,-0.12844679795785888,0.0,39.6585233811553,0.0
L-main-threeshift-25c-01,mixed,reassignment_allowed,2025-11-21,3,406.63864416319603,54.88743004129595,54.88743004129595,307.1909593640799,362.07838940537584,362.07838940537584,0.0,0.0,0.0,15.158990883558383,0.0,0.0,0.0,0.0,0.0,0.0,0.0,0.0
L-main-threeshift-25c-01,mixed,reassignment_allowed,2025-11-22,3,406.63864416319603,89.23776952149099,70.17131245917138,307.1909593640799,396.4287288855709,377.36227182325126,19.066457062319632,21.36590500250893,4.809554826139546,22.510419406876405,19.066457062319632,21.36590500250893,1.0,17.572018884173616,19.066457062319635,0.0,349.9356301004212,0.0
L-main-threeshift-25c-01,mixed,reassignment_allowed,2025-11-23,3,406.63864416319603,40.110271560851764,40.1122959907083,307.1909593640799,347.30123092493164,347.3032553547882,-0.0020244298565354293,-0.00504716068417573,-0.0005829031619450278,11.549130261942985,0.0,0.0,0.0,0.007422909473959294,-0.0020244298565354293,0.0,39.6585233811553,0.0
L-main-threeshift-25c-01,mixed,reassignment_allowed,2025-11-24,3,406.63864416319603,30.421449464726134,25.856099428213437,307.1909593640799,337.61240882880605,333.04705879229334,4.565350036512696,15.007010240607531,1.3522459237651006,9.010761651285161,4.673035576691633,15.360989232646682,0.9769559768138606,3.574534208928661,4.565350036512696,0.0,349.9356301004212,0.0
L-main-threeshift-25c-01,mixed,reassignment_allowed,2025-11-25,3,406.63864416319603,44.95879596495987,44.95879596495987,307.1909593640799,352.14975532903975,352.14975532903975,0.0,0.0,0.0,12.76695362827997,0.0,0.0,0.0,0.0,0.0,0.0,0.0,0.0
L-main-threeshift-25c-01,mixed,reassignment_allowed,2025-11-26,3,406.63864416319603,55.32328462509984,55.32328462509984,307.1909593640799,362.51424398917976,362.51424398917976,0.0,0.0,0.0,15.26099609668058,0.0,0.0,0.0,0.0,0.0,0.0,0.0,0.0
L-main-threeshift-25c-01,mixed,reassignment_allowed,2025-11-27,3,406.63864416319603,75.67453918625466,55.667063044852945,307.1909593640799,382.86549855033456,362.85802240893287,20.007476141401714,26.43884767128628,5.225719271430087,19.7653064778063,20.007476141401714,26.43884767128628,1.0,18.358213571064734,20.007476141401717,0.0,349.9356301004212,0.0
L-main-threeshift-25c-01,mixed,reassignment_allowed,2025-11-28,3,406.63864416319603,31.848170006927287,32.034856315287165,307.1909593640799,339.03912937100716,339.2258156793671,-0.1866863083598839,-0.586175935129955,-0.05506335174533642,9.39365614406004,0.024788815949338055,0.07783434948992751,-7.531070009209901,0.08971869820449167,-0.1866863083598851,0.0,196.20226302205333,0.0
L-main-threeshift-25c-01,mixed,reassignment_allowed,2025-11-29,3,406.63864416319603,33.88178511132859,31.23208640034333,307.1909593640799,341.0727444754085,338.42304576442325,2.6496987109852554,7.8204223959242105,0.7768720174520718,9.933888198378597,2.9401616210313173,8.677705768366542,0.9012085226987704,3.7025954580534113,2.6496987109852554,0.0,349.9356301004212,0.0
L-main-threeshift-50c-01,geographic,ownership_fixed,2025-11-02,3,1082.3918511445797,57.01520374330199,56.69732313272032,649.2668316928698,706.2820354361718,705.9641548255901,0.31788061058167233,0.5575365686893932,0.045007602435387144,8.072583030954718,1.4100957666382712,2.473192541741861,0.225431930300389,5.91175019245658,0.31788061058167233,0.0,819.4245221082373,0.0
L-main-threeshift-50c-01,geographic,ownership_fixed,2025-11-03,3,1082.3918511445797,74.66346456243346,74.94057938254672,649.2668316928698,723.9302962553032,724.2074110754165,-0.27711482011324523,-0.37115183676150243,-0.03827921300526939,10.313626180399893,0.2066427627841989,0.27676556933867513,-1.3410332710400397,5.175834270650166,-0.27711482011325234,0.0,819.4245221082373,0.0
L-main-threeshift-50c-01,geographic,ownership_fixed,2025-11-04,3,1082.3918511445797,70.38021634236394,69.57899447541769,649.2668316928698,719.6470480352338,718.8458261682874,0.8012218669462499,1.1384191589419295,0.11133539269475642,9.779824225572053,2.4940669061937677,3.5437045178454714,0.3212511520667288,1.1075636114641014,0.8012218669462451,0.0,819.4245221082373,0.0
L-main-threeshift-50c-01,geographic,ownership_fixed,2025-11-05,3,1082.3918511445797,75.31249240755517,75.3748569773995,649.2668316928698,724.579324100425,724.6416886702693,-0.06236456984432929,-0.08280773594218882,-0.008607003784127534,10.393961006416605,0.0729441142107466,0.09685526514778978,-0.8549637008977666,0.1515427649376401,-0.06236456984432929,0.0,298.01867597715005,0.0
L-main-threeshift-50c-01,geographic,ownership_fixed,2025-11-06,3,1082.3918511445797,110.1560391972231,110.04622437590024,649.2668316928698,759.4228708900929,759.31305606877,0.10981482132284744,0.09969024133686874,0.014460299463214392,14.50523067182755,0.20774755592698094,0.18859388685447398,0.5285974163828195,0.3949167408992859,0.10981482132284033,0.0,142.96603516010526,0.0
L-main-threeshift-50c-01,geographic,ownership_fixed,2025-11-07,3,1082.3918511445797,176.06642728205983,176.06642728205983,649.2668316928698,825.3332589749297,825.3332589749297,0.0,0.0,0.0,21.33276774775025,0.0,0.0,0.0,0.0,0.0,0.0,0.0,0.0
L-main-threeshift-50c-01,geographic,ownership_fixed,2025-11-08,3,1082.3918511445797,209.04465205162057,211.84372267707465,649.2668316928698,858.3114837444904,861.1105543699445,-2.799070625454059,-1.3389821734176048,-0.32611361708021963,24.35533672922997,0.359917187797483,0.17217239678946994,-7.776985152009553,2.364524237433121,-2.79907062545405,0.0,819.4245221082373,0.0
L-main-threeshift-50c-01,geographic,ownership_fixed,2025-11-09,3,1082.3918511445797,182.77339532041105,183.29533693965755,649.2668316928698,832.0402270132809,832.5621686325273,-0.5219416192464715,-0.2855676113755404,-0.06273033470028852,21.96689407392002,0.08375128966990057,0.04582247297156149,-6.2320427697730425,0.48010512799446775,-0.5219416192464621,0.0,419.73287863847844,0.0
L-main-threeshift-50c-01,geographic,ownership_fixed,2025-11-10,3,1082.3918511445797,141.20184544552754,132.16778310166143,649.2668316928698,790.4686771383973,781.4346147945312,9.03406234386613,6.397977530223758,1.1428741713802815,17.863053847585356,9.625428791181037,6.816786820887768,0.9385620671926092,13.855661659615317,9.034062343866125,0.0,819.4245221082373,0.0
L-main-threeshift-50c-01,geographic,ownership_fixed,2025-11-11,3,1082.3918511445797,102.35691131891959,102.93086599148721,649.2668316928698,751.6237430117894,752.197697684357,-0.573954672567614,-0.5607385619318943,-0.07636196672922443,13.618105105191454,0.06349316707125278,0.062031147924563004,-9.039628971783928,0.19904234809695728,-0.6182682051101835,0.04431353254256957,142.96603516010526,64.1472548984408
L-main-threeshift-50c-01,geographic,ownership_fixed,2025-11-12,3,1082.3918511445797,105.78525464690692,77.73983283935279,649.2668316928698,755.0520863397767,727.0066645322225,28.04542180755414,26.511655051703528,3.7143691561079377,14.01032545446184,28.04542180755414,26.511655051703528,1.0,22.00932601503438,28.045421807554135,0.0,819.4245221082373,0.0
L-main-threeshift-50c-01,geographic,ownership_fixed,2025-11-13,3,1082.3918511445797,69.19146230242363,69.19146230242363,649.2668316928698,718.4582939952934,718.4582939952934,0.0,0.0,0.0,9.63054680845217,0.007153475171527646,0.010338667421510869,0.0,0.0,0.0,0.0,37.303158565236096,0.0
L-main-threeshift-50c-01,geographic,ownership_fixed,2025-11-14,3,1082.3918511445797,70.26272192460782,70.13153652497486,649.2668316928698,719.5295536174776,719.3983682178447,0.1311853996329546,0.18670697069452713,0.01823210721135945,9.765091867506733,0.19403016530969808,0.27614951427286466,0.6761082712245551,0.11331145562117702,0.1302998018597871,0.0008855977731651402,61.67784382451574,64.1472548984408
L-main-threeshift-50c-01,geographic,ownership_fixed,2025-11-15,3,1082.3918511445797,73.46481353250061,74.001776759045,649.2668316928698,722.7316452253704,723.2686084519148,-0.5369632265443774,-0.730912120680503,-0.07429634914864361,10.164881255419774,0.12412113243874028,0.16895317155311293,-4.326122522362536,0.772061983997626,-0.5369632265443798,0.0,298.01867597715005,0.0
L-main-threeshift-50c-01,geographic,ownership_fixed,2025-11-16,3,1082.3918511445797,79.78080797837491,80.06056872077858,649.2668316928698,729.0476396712447,729.3274004136483,-0.2797607424036623,-0.3506617061079316,-0.038373451497602684,10.943154279239023,0.7544907508848931,0.9457045748263199,-0.3707941311083656,0.9394910407166795,-0.2797607424036623,0.0,478.13501275752884,0.0
L-main-threeshift-50c-01,geographic,ownership_fixed,2025-11-17,3,1082.3918511445797,125.04188708228007,125.14650704692438,649.2668316928698,774.3087187751498,774.4133387397942,-0.10461996464432843,-0.08366793487008589,-0.013511402120051402,16.14884141819805,0.9002642652735157,0.7199701526266343,-0.11621028255802544,0.48894172413447734,-0.1046199646443237,0.0,356.1659753926953,0.0
L-main-threeshift-50c-01,geographic,ownership_fixed,2025-11-18,3,1082.3918511445797,110.63717003122832,111.14258870279063,649.2668316928698,759.9040017240982,760.4094203956604,-0.5054186715623151,-0.45682537922802635,-0.06651085800516941,14.559361416732987,0.39468160002137626,0.35673508271223303,-1.2805731798364588,0.8566333932860412,-0.35049125205143145,-0.15492741951088837,142.96603516010526,64.1472548984408
L-main-threeshift-50c-01,geographic,ownership_fixed,2025-11-19,3,1082.3918511445797,172.2926377500693,170.65155581294323,649.2668316928698,821.5594694429391,819.918387505813,1.6410819371260932,0.9524968440651974,0.1997520566878541,20.971414019108423,10.37922952859777,6.024186328642818,0.15811211541323364,0.6663404174787502,1.6410819371260932,0.0,142.96603516010526,0.0
L-main-threeshift-50c-01,geographic,ownership_fixed,2025-11-20,3,1082.3918511445797,117.44869229061474,117.69577606292175,649.2668316928698,766.7155239834846,766.9626077557915,-0.24708377230701709,-0.21037592457448026,-0.03222626444594324,15.318418450745318,0.0372806821230777,0.03174210065347555,-6.6276623236479315,0.19194625308949279,-0.24708377230702183,0.0,142.96603516010526,0.0
L-main-threeshift-50c-01,geographic,ownership_fixed,2025-11-21,3,1082.3918511445797,156.4128737149817,156.42320407259706,649.2668316928698,805.6797054078515,805.6900357654669,-0.010330357615335592,-0.006604544351099738,-0.0012821916136147619,19.413778535702637,0.0,0.0,0.0,0.0024306723800862073,0.0,-0.010330357615333222,0.0,36.84196967730914
L-main-threeshift-50c-01,geographic,ownership_fixed,2025-11-22,3,1082.3918511445797,224.6716502637056,178.5424551575877,649.2668316928698,873.9384819565754,827.8092868504575,46.12919510611789,20.53182724744057,5.278311466825874,25.70794797371895,46.12919510611789,20.53182724744057,1.0,41.82305185591062,46.12919510611789,0.0,819.4245221082373,0.0
L-main-threeshift-50c-01,geographic,ownership_fixed,2025-11-23,3,1082.3918511445797,101.85207945874062,101.86101962768207,649.2668316928698,751.1189111516104,751.1278513205518,-0.008940168941445373,-0.00877760080005726,-0.0011902468182752005,13.560047277012599,0.05392578856963345,0.052945201370658626,-0.16578652215537074,0.22131762548255077,-0.008940168941445373,0.0,98.98100238975184,0.0
L-main-threeshift-50c-01,geographic,ownership_fixed,2025-11-24,3,1082.3918511445797,86.58568072349271,74.05056223801995,649.2668316928698,735.8525124163625,723.3173939308897,12.53511848547277,14.477126449468104,1.7034824606782217,11.766716735010686,12.779023034821877,14.758818003211276,0.9809136779326177,9.73733112699128,12.243249242716438,0.291869242756339,819.4245221082373,64.1472548984408
L-main-threeshift-50c-01,geographic,ownership_fixed,2025-11-25,3,1082.3918511445797,121.116923663018,121.116923663018,649.2668316928698,770.3837553558878,770.3837553558878,0.0,0.0,0.0,15.721635200766483,0.0,0.0,0.0,0.0,0.0,0.0,0.0,0.0
L-main-threeshift-50c-01,geographic,ownership_fixed,2025-11-26,3,1082.3918511445797,152.76411620434718,152.76411620434718,649.2668316928698,802.030947897217,802.030947897217,0.0,0.0,0.0,19.047159789141258,0.007736288337203708,0.005064205213516993,0.0,0.0,0.0,0.0,0.0,0.0
L-main-threeshift-50c-01,geographic,ownership_fixed,2025-11-27,3,1082.3918511445797,187.69077301179118,138.17968507227582,649.2668316928698,836.957604704661,787.4465167651456,49.51108793951536,26.379074018947623,5.9156028526661695,22.42536204423664,49.51108793951536,26.379074018947623,1.0,45.20468361695962,49.51108793951537,0.0,819.4245221082373,0.0
L-main-threeshift-50c-01,geographic,ownership_fixed,2025-11-28,3,1082.3918511445797,85.19935433150617,84.99845642107752,649.2668316928698,734.4661860243759,734.2652881139473,0.20089791042865576,0.23579745645368702,0.027352914845012108,11.600173834099222,0.3694831024114033,0.43366889961837524,0.543726923146176,0.09731520074975701,0.20089791042866287,0.0,142.96603516010526,0.0
L-main-threeshift-50c-01,geographic,ownership_fixed,2025-11-29,3,1082.3918511445797,89.43869202414193,81.99276814555482,649.2668316928698,738.7055237170117,731.2595998384246,7.445923878587114,8.325170807034228,1.007969162206989,12.107489270434195,8.270114825503446,9.246685789267936,0.9003410515686329,10.000726543185033,7.471223051547891,-0.02529917296077618,819.4245221082373,27.30528522113168
L-main-threeshift-50c-01,geographic,reassignment_allowed,2025-11-02,3,815.8339450494485,39.892410167172216,39.77809932782636,698.5398070165808,738.432217183753,738.3179063444071,0.11431083934585,0.2865478392175896,0.015480207483607756,5.40231171377038,0.9201034787229053,2.306462494662872,0.12423693855012083,5.14844976997701,0.20440318091090148,-0.0900923415650509,700.5570745883966,17.329723254614606
L-main-threeshift-50c-01,geographic,reassignment_allowed,2025-11-03,3,815.8339450494485,56.53871550215579,57.047158599779635,698.5398070165808,755.0785225187366,755.5869656163604,-0.5084430976238465,-0.8992830719765113,-0.06733645342312461,7.4877928342549085,0.1902879615845142,0.3365622297826321,-2.671966704514975,4.12261415958902,-0.49355914103262677,-0.014883956591218587,700.5570745883966,20.795703919410773
L-main-threeshift-50c-01,geographic,reassignment_allowed,2025-11-04,3,815.8339450494485,52.0528234710145,51.87596889574877,698.5398070165808,750.5926304875952,750.4157759123295,0.17685457526572415,0.3397598121919462,0.02356199196238271,6.9348966878612,1.9743369556150252,3.7929488238316806,0.08957669295646256,1.258854008550152,0.1768545752657218,0.0,700.5570745883966,0.0
L-main-threeshift-50c-01,geographic,reassignment_allowed,2025-11-05,3,815.8339450494485,54.969923519142235,54.894922766589794,698.5398070165808,753.509730535723,753.4347297831706,0.07500075255244099,0.13643961597713228,0.00995352143616217,7.295184294443053,0.1964200841344237,0.3573228259377587,0.3818385114890433,0.2495672114779642,0.07500075255243861,0.0,214.44843932182962,0.0
L-main-threeshift-50c-01,geographic,reassignment_allowed,2025-11-06,3,815.8339450494485,75.44785322084317,75.20942559578316,698.5398070165808,773.9876602374239,773.7492326123639,0.23842762506001472,0.31601644696518266,0.030805093841790195,9.74794006376009,0.46301273488852246,0.6136857645680645,0.5149483093967596,0.6529664484509349,0.23842762506001472,0.0,157.40894400393225,0.0
L-main-threeshift-50c-01,geographic,reassignment_allowed,2025-11-07,3,815.8339450494485,127.79527790818294,127.80498160304636,698.5398070165808,826.3350849247637,826.3447886196271,-0.009703694863418377,-0.0075931560400769975,-0.0011743050779820007,15.465309441607271,0.0,0.0,0.0,0.0032345649544680555,0.0,-0.009703694863417192,0.0,21.908839165511313
L-main-threeshift-50c-01,geographic,reassignment_allowed,2025-11-08,3,815.8339450494485,158.53008442312475,160.18096321759694,698.5398070165808,857.0698914397055,858.7207702341777,-1.6508787944721917,-1.0413662494911144,-0.19261892302610775,18.496751082554773,1.036729541657697,0.653963911916311,-1.5923910027995247,2.635100597214356,-1.650878794472182,0.0,700.5570745883966,0.0
L-main-threeshift-50c-01,geographic,reassignment_allowed,2025-11-09,3,815.8339450494485,138.67787550205833,138.89554343889802,698.5398070165808,837.2176825186391,837.4353504554788,-0.21766793683970795,-0.15695938234680934,-0.025998965547990797,16.564135994460546,1.0202894151459436,0.7357261650080585,-0.2133394050829905,1.3581882662819045,-0.35054051647640944,0.13287257963670265,351.03491616216235,17.329723254614606
L-main-threeshift-50c-01,geographic,reassignment_allowed,2025-11-10,3,815.8339450494485,108.75909707420571,100.84663721029203,698.5398070165808,807.2989040907864,799.3864442268728,7.9124598639136865,7.275216581207051,0.9801152737628237,13.471973828168975,8.816696297958165,8.106628810960597,0.8974404466836531,12.36689380988454,7.9124598639136865,0.0,700.5570745883966,0.0
L-main-threeshift-50c-01,geographic,reassignment_allowed,2025-11-11,3,815.8339450494485,77.23023906251504,77.47514105166924,698.5398070165808,775.7700460790958,776.01494806825,-0.2449019891541937,-0.3171063460724944,-0.03156888956875554,9.955300472459955,0.2877961234456355,0.3726469410675721,-0.8509565251335136,0.47591039975118105,-0.40375346491205494,0.15885147575786243,295.39930282023755,42.704543084922086
L-main-threeshift-50c-01,geographic,reassignment_allowed,2025-11-12,3,815.8339450494485,80.54838964424535,56.54265402577362,698.5398070165808,779.0881966608262,755.0824610423543,24.00573561847172,29.802874675082688,3.0812603401463865,10.338802460296014,24.011278389904266,29.809755968994363,0.9997691596697794,19.613048204496952,24.00573561847172,0.0,700.5570745883966,0.0
L-main-threeshift-50c-01,geographic,reassignment_allowed,2025-11-13,3,815.8339450494485,49.67182565932401,49.68790399227447,698.5398070165808,748.2116326759048,748.2277110088553,-0.016078332950466272,-0.032369120194494345,-0.0021489017609848844,6.638740095723671,0.01124922562010037,0.02264709515058614,-1.4292835341249752,0.004821704355191987,-0.016078332950466272,0.0,76.65014331008469,0.0
L-main-threeshift-50c-01,geographic,reassignment_allowed,2025-11-14,3,815.8339450494485,52.45847130730696,52.15227329064961,698.5398070165808,750.9982783238877,750.6920803072304,0.3061980166573548,0.5836960342660698,0.040772132972227516,6.985165322134449,0.5189374753508508,0.9892348412344372,0.5900479946073195,0.25655503503266885,0.3298032852069899,-0.023605268549631592,75.59573669137136,60.03426633953669
L-main-threeshift-50c-01,geographic,reassignment_allowed,2025-11-15,3,815.8339450494485,54.11563595185712,55.12298139775413,698.5398070165808,752.6554429684379,753.662788414335,-1.007345445897009,-1.861468368944557,-0.1338388575154769,7.189961416930379,0.25867462265018776,0.4780034792168245,-3.894256945565425,1.3302193468729204,-1.0073454458970066,0.0,396.78015778541857,0.0
L-main-threeshift-50c-01,geographic,reassignment_allowed,2025-11-16,3,815.8339450494485,54.253043816801814,53.75031389807623,698.5398070165808,752.7928508333825,752.290120914657,0.5027299187255826,0.9266391032790134,0.06678197304464745,7.206902105504954,1.2599799934544507,2.3224134625682384,0.398998334368201,1.2043663988785636,0.5027299187255801,0.0,396.78015778541857,0.0
L-main-threeshift-50c-01,geographic,reassignment_allowed,2025-11-17,3,815.8339450494485,98.11076199906923,96.50241926335713,698.5398070165808,796.65056901565,795.042226279938,1.6083427357121138,1.6393132648662663,0.20188810480602548,12.315407258203045,1.9051095524836275,1.9417946753911677,0.8442258523219157,1.0589153960960356,1.6083427357121138,0.0,396.78015778541857,0.0
L-main-threeshift-50c-01,geographic,reassignment_allowed,2025-11-18,3,815.8339450494485,74.75586202577075,75.00990641315651,698.5398070165808,773.2956690423515,773.5497134297373,-0.2540443873857517,-0.3398320619969233,-0.03285216736055951,9.667177124934417,0.9398620111227132,1.2572418879989806,-0.2702996656735628,1.4030052849219412,-0.08041241316878948,-0.17363197421695986,295.39930282023755,42.704543084922086
L-main-threeshift-50c-01,geographic,reassignment_allowed,2025-11-19,3,815.8339450494485,135.0657070128496,132.019654183114,698.5398070165808,833.6055140294304,830.5594611996947,3.0460528297355864,2.25523776323608,0.36540699149310635,16.202592801957053,9.967549792579211,7.379778341241674,0.30559695141963145,1.749801702197009,3.0460528297355864,0.0,380.23646932254064,0.0
L-main-threeshift-50c-01,geographic,reassignment_allowed,2025-11-20,3,815.8339450494485,85.25074047028339,85.34763277008193,698.5398070165808,783.7905474868642,783.8874397866628,-0.09689229979853071,-0.11365566945697711,-0.012362014330130023,10.876724750461745,0.13272106707735296,0.15568318391746605,-0.7300446110944814,0.4915282593781735,-0.03220100070910329,-0.06469129908942506,113.06758435664862,21.908839165511313
L-main-threeshift-50c-01,geographic,reassignment_allowed,2025-11-21,3,815.8339450494485,107.36237259347631,107.4855550661044,698.5398070165808,805.902179610057,806.0253620826852,-0.1231824726280782,-0.11473523698521838,-0.01528504026229103,13.32201045112256,0.019407389726822544,0.018076528357200073,-6.347194257547696,0.09684182718605427,0.0,-0.12318247262807702,0.0,42.704543084922086
L-main-threeshift-50c-01,geographic,reassignment_allowed,2025-11-22,3,815.8339450494485,177.89682291853845,137.00099057824318,698.5398070165808,876.4366299351192,835.540797594824,40.89583234029531,22.98851191908138,4.666148235192171,20.29773937354807,40.89583234029531,22.98851191908138,1.0,37.036678536089056,40.89583234029531,0.0,700.5570745883966,0.0
L-main-threeshift-50c-01,geographic,reassignment_allowed,2025-11-23,3,815.8339450494485,79.044623914825,78.83686566716966,698.5398070165808,777.5844309314058,777.3766726837505,0.20775824765533932,0.26283665778359633,0.026718416597729774,10.165407224028883,0.4153852764992602,0.5255073095759948,0.5001579483179138,0.5476508051099293,0.15271801292017054,0.05504023473517231,113.06758435664862,17.329723254614606
L-main-threeshift-50c-01,geographic,reassignment_allowed,2025-11-24,3,815.8339450494485,63.26485521553577,52.17232681198726,698.5398070165808,761.8046622321166,750.7121338285681,11.092528403548508,17.533476312808425,1.4560856546935508,8.30460331263494,11.3954396006431,18.012274843307875,0.9734182087124137,9.019145143587979,10.66617288942787,0.42635551412063916,700.5570745883966,42.704543084922086
L-main-threeshift-50c-01,geographic,reassignment_allowed,2025-11-25,3,815.8339450494485,86.5366247125546,86.5366247125546,698.5398070165808,785.0764317291354,785.0764317291354,0.0,0.0,0.0,11.022700620620745,0.010364475787736657,0.01197698179489198,0.0,0.0,0.0,0.0,0.0,0.0
L-main-threeshift-50c-01,geographic,reassignment_allowed,2025-11-26,3,815.8339450494485,108.18942862206472,108.18763806016393,698.5398070165808,806.7292356386455,806.7274450767447,0.0017905619007857847,0.0016550248241357364,0.0002219532677984938,13.410872426907499,0.02933333333334076,0.02711293858091267,0.061041882981318116,0.007162247603152612,0.0017905619007857847,0.0,5.542771432545881,0.0
L-main-threeshift-50c-01,geographic,reassignment_allowed,2025-11-27,3,815.8339450494485,150.6331525329308,107.65939515398433,698.5398070165808,849.1729595495116,806.1992021705651,42.97375737894649,28.528751245215915,5.060660127678132,17.738807016752165,42.997306218230506,28.54438448324356,0.9994523182646723,39.40160044142171,42.97375737894649,0.0,700.5570745883966,0.0
L-main-threeshift-50c-01,geographic,reassignment_allowed,2025-11-28,3,815.8339450494485,63.40310110014688,63.08352049703506,698.5398070165808,761.9429081167276,761.6233275136158,0.3195806031118167,0.5040456973974043,0.041942854209604086,8.321240400656592,0.7340107132479332,1.1576889781598283,0.43538956222818664,0.26177042302922376,0.3195806031118167,0.0,351.03491616216235,0.0
L-main-threeshift-50c-01,geographic,reassignment_allowed,2025-11-29,3,815.8339450494485,67.8606870255833,62.06471077593128,698.5398070165808,766.400494042164,760.6045177925121,5.795976249652024,8.540992588929958,0.7562594615620322,8.854468068994995,6.5486390371571686,9.65012192506738,0.8850657696607624,8.23125154646822,5.884872002881816,-0.08889575322979404,700.5570745883966,42.704543084922086
L-main-threeshift-50c-01,mixed,ownership_fixed,2025-11-02,3,1268.2643118854637,74.95408014151046,74.4394993343491,1584.0516292705695,1659.00570941208,1658.4911286049187,0.5145808071613729,0.6865280798455052,0.03101742231759591,4.51801218743682,1.4614763180961106,1.9498289023584823,0.3520965757636948,6.4217756004797595,0.3313056981981373,0.18327510896323554,769.6582164974284,153.13901041747067
L-main-threeshift-50c-01,mixed,ownership_fixed,2025-11-03,3,1268.2643118854637,86.13656267056858,86.60565472532862,1584.0516292705695,1670.188191941138,1670.657283995898,-0.4690920547600399,-0.5445911007084112,-0.0280861795708691,5.15729682955418,0.2309662022737816,0.26813956247257925,-2.03099869219822,5.074754515331108,-0.46693966205884624,-0.0021523927011960118,769.6582164974284,4.261098460738698
L-main-threeshift-50c-01,mixed,ownership_fixed,2025-11-04,3,1268.2643118854637,86.11991529383182,85.6319773203579,1584.0516292705695,1670.1715445644013,1669.6836065909274,0.4879379734739378,0.5665797183022606,0.029214841736583248,5.156351488211519,2.5515911084960456,2.9628351349281905,0.19122890491711164,1.0998183972762046,0.523345567322392,-0.03540759384845652,769.6582164974284,4.261098460738698
L-main-threeshift-50c-01,mixed,ownership_fixed,2025-11-05,3,1268.2643118854637,98.19941435637979,98.2166614023294,1584.0516292705695,1682.2510436269492,1682.268290672899,-0.01724704594958837,-0.01756328799171486,-0.001025236156929561,5.837381687376512,0.11607236504493319,0.11820066932750728,-0.14858873550919552,0.18316295498424986,-0.01724704594958837,0.0,295.823321980914,0.0
L-main-threeshift-50c-01,mixed,ownership_fixed,2025-11-06,3,1268.2643118854637,155.13112428713512,154.95637870562578,1584.0516292705695,1739.1827535577047,1739.0080079761954,0.17474558150935593,0.1126437923481532,0.010047568672808715,8.91977131039254,0.2867655059674424,0.1848536244968242,0.6093675071547674,0.4374740292337454,0.1747455815093583,0.0,134.90287316184546,0.0
L-main-threeshift-50c-01,mixed,ownership_fixed,2025-11-07,3,1268.2643118854637,215.89147574884962,215.89147574884962,1584.0516292705695,1799.9431050194191,1799.9431050194191,0.0,0.0,0.0,11.994349996219487,0.0,0.0,0.0,0.0,0.0,0.0,0.0,0.0
L-main-threeshift-50c-01,mixed,ownership_fixed,2025-11-08,3,1268.2643118854637,244.67420988834195,247.13853510784148,1584.0516292705695,1828.7258391589114,1831.190164378411,-2.464325219499519,-1.0071863400004943,-0.13475640616709061,13.379491045025935,0.6225941104990511,0.254458412590021,-3.958156972484363,2.819894017721746,-2.552158726678291,0.08783350717875275,769.6582164974284,103.74181265169061
L-main-threeshift-50c-01,mixed,ownership_fixed,2025-11-09,3,1268.2643118854637,207.97849366163112,208.24481441719868,1584.0516292705695,1792.0301229322006,1792.2964436877683,-0.2663207555675721,-0.12805206484515674,-0.014861399490975412,11.605747637842567,0.6792575619658692,0.3265999046377274,-0.39207624689050424,1.2097958449514483,-0.41741620417478487,0.15109544860722698,277.76031629091875,153.13901041747067
L-main-threeshift-50c-01,mixed,ownership_fixed,2025-11-10,3,1268.2643118854637,166.30628727246355,157.16471591617946,1584.0516292705695,1750.357916543033,1741.2163451867489,9.141571356284109,5.496828476067928,0.5222686897282565,9.50127317965456,9.945610506049102,5.980297359266382,0.9191563806690437,14.157685901595451,9.201433796673664,-0.05986244038955372,769.6582164974284,4.261098460738698
L-main-threeshift-50c-01,mixed,ownership_fixed,2025-11-11,3,1268.2643118854637,122.88162370064079,123.23672216923183,1584.0516292705695,1706.9332529712103,1707.2883514398013,-0.3550984685910474,-0.2889760550821853,-0.020803301357738363,7.198970638526388,0.20417135094818661,0.16615287526276554,-1.7392179017376543,0.3543919525928061,-0.5114181674362163,0.15631969884516414,224.34531513004458,97.71594501470702
L-main-threeshift-50c-01,mixed,ownership_fixed,2025-11-12,3,1268.2643118854637,125.19924153551396,98.6340681594062,1584.0516292705695,1709.2508708060834,1682.6856974299758,26.565173376107747,21.218318138590543,1.5541997859904322,7.3248019745907715,26.56756492355352,21.22022833182849,0.9999099824371314,20.69991118409598,26.56756492355353,-0.00239154744577282,769.6582164974284,4.261098460738698
L-main-threeshift-50c-01,mixed,ownership_fixed,2025-11-13,3,1268.2643118854637,90.94639707704978,90.95373732051787,1584.0516292705695,1674.9980263476193,1675.0053665910873,-0.007340243468073974,-0.008070955754140893,-0.0004382240069905983,5.429642044137866,0.00622096610489109,0.006840255694374224,-1.1799201835070083,0.008020930894891384,0.0,-0.007340243468076342,0.0,4.261098460738698
L-main-threeshift-50c-01,mixed,ownership_fixed,2025-11-14,3,1268.2643118854637,86.64030768323282,86.56006889732153,1584.0516292705695,1670.6919369538023,1670.611698167891,0.08023878591128646,0.09261138153461888,0.004802727788199364,5.1858936867323004,0.24123362299147763,0.27843117071266205,0.3326185832483275,0.16994517881527335,0.16196517407813596,-0.08172638816684952,51.12271975173266,56.996429922216954
L-main-threeshift-50c-01,mixed,ownership_fixed,2025-11-15,3,1268.2643118854637,89.4207430458311,90.17464910794268,1584.0516292705695,1673.4723723164007,1674.2262783785122,-0.7539060621115728,-0.8430997511675462,-0.0450504038538757,5.343425115650756,0.16215015022791116,0.1813339329385843,-4.649431783146149,0.9811932026887243,-0.7101591648348441,-0.043746897276726315,224.34531513004458,49.39719776578007
L-main-threeshift-50c-01,mixed,ownership_fixed,2025-11-16,3,1268.2643118854637,112.85809520233931,113.18034145852185,1584.0516292705695,1696.9097244729087,1697.2319707290912,-0.3222462561825428,-0.2855322479125656,-0.018990182655865114,6.65080136996652,0.9788878749888615,0.8673616839216078,-0.3291962893975059,1.1358421608090623,-0.3222462561825334,0.0,626.8007733683552,0.0
L-main-threeshift-50c-01,mixed,ownership_fixed,2025-11-17,3,1268.2643118854637,150.87501149576613,150.39157773161185,1584.0516292705695,1734.9266407663356,1734.4432070021812,0.4834337641542845,0.32042003467741287,0.027864795709214924,8.69633377865032,1.2826580070905038,0.8501460873966514,0.37689996981414675,0.6222374473403439,0.4834337641542656,0.0,385.2657639491131,0.0
L-main-threeshift-50c-01,mixed,ownership_fixed,2025-11-18,3,1268.2643118854637,152.61740321760146,153.4040638952566,1584.0516292705695,1736.669032488171,1737.455693165826,-0.7866606776551256,-0.5154462473283646,-0.045297098234547105,8.787938309635344,0.6188548412710778,0.40549428061537407,-1.2711554070408306,1.1006438139057952,-0.5788254978724462,-0.20783517978269117,224.34531513004458,82.59614206550123
L-main-threeshift-50c-01,mixed,ownership_fixed,2025-11-19,3,1268.2643118854637,196.16714825324985,194.79721920460454,1584.0516292705695,1780.2187775238194,1778.848848475174,1.3699290486453037,0.6983478430734686,0.07695284792753367,11.01927194173892,9.967954093623026,5.081357496594943,0.13743332240281006,1.0048119250965992,1.3699290486453037,0.0,224.34531513004458,0.0
L-main-threeshift-50c-01,mixed,ownership_fixed,2025-11-20,3,1268.2643118854637,152.9919058823082,153.25121046867335,1584.0516292705695,1737.0435351528777,1737.302839739243,-0.25930458636511844,-0.1694890882427422,-0.014927926739746161,8.807603424219494,0.07243157968648954,0.047343406351319554,-3.5799935261316107,0.22101003879379277,-0.25930458636512554,0.0,134.90287316184546,0.0
L-main-threeshift-50c-01,mixed,ownership_fixed,2025-11-21,3,1268.2643118854637,204.8004215277076,203.4958380297364,1584.0516292705695,1788.852050798277,1787.547467300306,1.3045834979712179,0.6370023500145578,0.07292852963379762,11.44870652865424,1.476739650378467,0.721062798290519,0.8834214599959254,0.9447095088853908,0.0,1.3045834979712225,0.0,186.33795471719182
L-main-threeshift-50c-01,mixed,ownership_fixed,2025-11-22,3,1268.2643118854637,244.7574799355808,200.07193866329533,1584.0516292705695,1828.8091092061502,1784.1235679338647,44.685541272285455,18.257068704926407,2.4434229383121653,13.38343508371003,44.685541272285455,18.257068704926407,1.0,39.85617337357652,44.68554127228544,0.0,769.6582164974284,0.0
L-main-threeshift-50c-01,mixed,ownership_fixed,2025-11-23,3,1268.2643118854637,110.72533744555831,110.49845507487355,1584.0516292705695,1694.7769667161278,1694.550084345443,0.22688237068477216,0.20490555813056446,0.013387152123290247,6.533327961147858,0.3799760461854949,0.3431699148104402,0.5970965090099754,0.4775479526713866,0.07465321460570351,0.15222915607905918,91.33437729158642,153.13901041747067
L-main-threeshift-50c-01,mixed,ownership_fixed,2025-11-24,3,1268.2643118854637,123.29524612412837,110.65437450853028,1584.0516292705695,1707.346875394698,1694.7060037790998,12.640871615598096,10.25252149857571,0.7403809851279242,7.221452646851592,12.896563902185306,10.459903611532273,0.9801736114730619,9.914682512323447,12.399592217470603,0.24127939812748878,769.6582164974284,123.2728543728714
L-main-threeshift-50c-01,mixed,ownership_fixed,2025-11-25,3,1268.2643118854637,157.94752821298215,157.94752821298215,1584.0516292705695,1741.9991574835517,1741.9991574835517,0.0,0.0,0.0,9.06702667073325,0.0,0.0,0.0,0.0,0.0,0.0,0.0,0.0
L-main-threeshift-50c-01,mixed,ownership_fixed,2025-11-26,3,1268.2643118854637,193.45332910790933,192.70201069636062,1584.0516292705695,1777.504958378479,1776.7536399669302,0.7513184115487282,0.38837192154477673,0.04226814715803185,10.883419941871008,0.9465515544411384,0.4892919438533656,0.7937427264511975,0.6521339745115711,0.0,0.7513184115487329,0.0,227.014667024562
L-main-threeshift-50c-01,mixed,ownership_fixed,2025-11-27,3,1268.2643118854637,197.80496604215838,150.79842025234424,1584.0516292705695,1781.856595312728,1734.8500495229137,47.00654578981412,23.764087793324443,2.6380655948109086,11.101059791371272,47.631078881760466,24.079819548923158,0.9868881178715962,43.642075205508156,47.63107888176046,-0.6245330919463375,769.6582164974284,123.12271406163508
L-main-threeshift-50c-01,mixed,ownership_fixed,2025-11-28,3,1268.2643118854637,101.49400651624444,100.65591440353948,1584.0516292705695,1685.5456357868138,1684.707543674109,0.8380921127049655,0.8257552750869345,0.049722303265538316,6.021433318764281,1.1110195167162782,1.0946651480730105,0.7543450858379382,0.8202603232416834,0.18988966301613175,0.6482024496888362,134.90287316184546,108.00291111242932
L-main-threeshift-50c-01,mixed,ownership_fixed,2025-11-29,3,1268.2643118854637,104.62762178737819,97.08377353623364,1584.0516292705695,1688.6792510579476,1681.135402806803,7.543848251144567,7.210188019445763,0.44673067703167374,6.19582562655576,8.108333726525109,7.749706614762472,0.9303820619107083,9.862745667945006,7.54384825114457,0.0,769.6582164974284,0.0
L-main-threeshift-50c-01,mixed,reassignment_allowed,2025-11-02,3,993.4312996622144,52.79407378720828,52.479736445427164,854.644306032822,907.4383798200303,907.1240424782492,0.31433734178112377,0.5954027019170587,0.034640075708883444,5.817923834969244,0.9653233971285596,1.8284692350497342,0.3256290510684276,5.663374965347167,0.31433734178112377,0.0,771.104420165595,0.0
L-main-threeshift-50c-01,mixed,reassignment_allowed,2025-11-03,3,993.4312996622144,68.6823570430383,69.07906047755596,854.644306032822,923.3266630758603,923.7233665103779,-0.3967034345176425,-0.5775914683141363,-0.04296458126705797,7.438576160493198,0.1568817644780959,0.22841639575617562,-2.528677796539131,4.88874252157198,-0.39670343451763773,0.0,771.104420165595,0.0
L-main-threeshift-50c-01,mixed,reassignment_allowed,2025-11-04,3,993.4312996622144,64.5565819498975,64.35878968086166,854.644306032822,919.2008879827195,919.0030957136837,0.19779226903583455,0.30638590684578304,0.021517850082794193,7.0231200593782654,1.9158868759056986,2.9677638097268257,0.10323796854776829,1.263094687817495,0.19779226903582744,0.0,771.104420165595,0.0
L-main-threeshift-50c-01,mixed,reassignment_allowed,2025-11-05,3,993.4312996622144,69.07394073589205,69.12955108046599,854.644306032822,923.718246768714,923.7738571132879,-0.05561034457393769,-0.08050842905657699,-0.006020271307670912,7.477814904871873,0.06255675217243113,0.09056490987190127,-0.8889583081400007,0.14335259564926162,-0.05561034457394006,0.0,319.2499100138845,0.0
L-main-threeshift-50c-01,mixed,reassignment_allowed,2025-11-06,3,993.4312996622144,98.59729880603112,98.54843347086427,854.644306032822,953.2416048388532,953.1927395036862,0.048865335166861236,0.04956052118932104,0.0051262276970298615,10.343369226178408,0.1832245047232135,0.18583116063216715,0.2666965056921793,0.4497086554449557,0.048865335166856504,0.0,269.1996561894446,0.0
L-main-threeshift-50c-01,mixed,reassignment_allowed,2025-11-07,3,993.4312996622144,158.523248293058,158.523248293058,854.644306032822,1013.16755432588,1013.16755432588,0.0,0.0,0.0,15.646301306848782,0.0,0.0,0.0,0.0,0.0,0.0,0.0,0.0
L-main-threeshift-50c-01,mixed,reassignment_allowed,2025-11-08,3,993.4312996622144,192.44477979376006,195.19872687488592,854.644306032822,1047.089085826582,1049.843032907708,-2.753947081125839,-1.4310323637134763,-0.2630098162996176,18.3790264265664,0.4435594706458801,0.23048662121219166,-6.208743727454935,2.1575197170832894,-2.753947081125849,0.0,771.104420165595,0.0
L-main-threeshift-50c-01,mixed,reassignment_allowed,2025-11-09,3,993.4312996622144,168.40424826885086,169.24231146663996,854.644306032822,1023.0485543016729,1023.886617499462,-0.8380631977890781,-0.4976496771335261,-0.08191822316401544,16.461022065937296,0.18563767577733378,0.11023336862676435,-4.51451029151166,0.6421628082076533,-0.8380631977890781,0.0,566.2338290727326,0.0
L-main-threeshift-50c-01,mixed,reassignment_allowed,2025-11-10,3,993.4312996622144,130.73386727182324,121.867948390335,854.644306032822,985.3781733046452,976.512254423157,8.865918881488275,6.781654261825027,0.8997478452110219,13.267380059108007,9.420100019124627,7.205554471618479,0.9411703552498109,14.044759048998685,8.865918881488279,0.0,771.104420165595,0.0
L-main-threeshift-50c-01,mixed,reassignment_allowed,2025-11-11,3,993.4312996622144,93.29772402683453,94.28604751685424,854.644306032822,947.9420300596565,948.9303535496763,-0.9883234900197237,-1.0593221863970226,-0.10425990816733022,9.84213391413429,0.025311739430847524,0.02713007170846665,-39.04605184167034,0.2462865167962652,-0.9883234900197237,0.0,360.39820942756415,0.0
L-main-threeshift-50c-01,mixed,reassignment_allowed,2025-11-12,3,993.4312996622144,95.82846082350557,69.73798261779034,854.644306032822,950.4727668563276,924.3822886506123,26.090478205715243,27.226231102436287,2.7450000794877116,10.08218900794565,26.090478205715243,27.226231102436287,1.0,21.05905848891668,26.090478205715243,0.0,771.104420165595,0.0
L-main-threeshift-50c-01,mixed,reassignment_allowed,2025-11-13,3,993.4312996622144,64.01505784627506,64.01505784627506,854.644306032822,918.6593638790971,918.6593638790971,0.0,0.0,0.0,6.968312778739602,0.00011170941955166806,0.00017450491073510492,0.0,0.0,0.0,0.0,0.0,0.0
L-main-threeshift-50c-01,mixed,reassignment_allowed,2025-11-14,3,993.4312996622144,63.609962730863806,63.52896093593849,854.644306032822,918.2542687636858,918.1732669687605,0.08100179492531841,0.12734136516954128,0.008821281608020964,6.927271115930302,0.2124467618056561,0.3339834715900189,0.38128044050592746,0.08444504275288504,0.08100179492531605,0.0,25.554957247117226,0.0
L-main-threeshift-50c-01,mixed,reassignment_allowed,2025-11-15,3,993.4312996622144,66.80514697602841,67.9651487458515,854.644306032822,921.4494530088504,922.6094547786735,-1.1600017698230924,-1.7363958053102317,-0.1258888120271043,7.250006688688843,0.11179998928995853,0.16735235883857205,-10.37568766500123,1.411782941265604,-1.1600017698230924,0.0,410.4484632520041,0.0
L-main-threeshift-50c-01,mixed,reassignment_allowed,2025-11-16,3,993.4312996622144,72.29968039618221,71.90226531635572,854.644306032822,926.9439864290042,926.5465713491777,0.3974150798264849,0.549677505694023,0.04287368877136821,7.799789572475935,1.2284036956423894,1.6990444340985709,0.3235215599206237,1.2308338484103605,0.39741507982648255,0.0,410.4484632520041,0.0
L-main-threeshift-50c-01,mixed,reassignment_allowed,2025-11-17,3,993.4312996622144,118.48121548792399,117.82312345888029,854.644306032822,973.125521520746,972.4674294917023,0.6580920290436912,0.5554399710819697,0.0676266334085311,12.175327115331246,1.197994086059424,1.0111257562018579,0.5493282785797057,0.6516829727558692,0.6580920290437007,0.0,410.4484632520041,0.0
L-main-threeshift-50c-01,mixed,reassignment_allowed,2025-11-18,3,993.4312996622144,97.9727758237475,99.13319386853556,854.644306032822,952.6170818565695,953.7774999013575,-1.1604180447880499,-1.1844290773955775,-0.12181369270919372,10.28459154152547,0.3585323371991933,0.36595098402049064,-3.236578473933706,1.0779038383962198,-1.1604180447880499,0.0,360.39820942756415,0.0
L-main-threeshift-50c-01,mixed,reassignment_allowed,2025-11-19,3,993.4312996622144,158.47195905778062,157.61771450015814,854.644306032822,1013.1162650906026,1012.2620205329802,0.8542445576224887,0.5390509227635797,0.08431851180931281,15.6420308821721,9.619569645809264,6.070203020776605,0.08880278318839739,0.7305106227606757,0.8542445576224887,0.0,446.4680714842384,0.0
L-main-threeshift-50c-01,mixed,reassignment_allowed,2025-11-20,3,993.4312996622144,106.03609896189691,106.56546645128749,854.644306032822,960.6804049947189,961.2097724841095,-0.5293674893906039,-0.49923327486880403,-0.055103391995750546,11.037604015924508,0.03322341883909985,0.031332177592687915,-15.933564572457662,0.19914996228929738,-0.5293674893906086,0.0,269.1996561894446,0.0
L-main-threeshift-50c-01,mixed,reassignment_allowed,2025-11-21,3,993.4312996622144,140.00811675437149,140.00811675437149,854.644306032822,994.6524227871935,994.6524227871935,0.0,0.0,0.0,14.076084624822384,0.0,0.0,0.0,0.0,0.0,0.0,0.0,0.0
L-main-threeshift-50c-01,mixed,reassignment_allowed,2025-11-22,3,993.4312996622144,206.84838673609178,162.24969626404513,854.644306032822,1061.4926927689137,1016.8940022968671,44.59869047204668,21.561053086165987,4.201507064142907,19.486557763909406,44.59869047204668,21.561053086165987,1.0,39.93722121717381,44.59869047204666,0.0,771.104420165595,0.0
L-main-threeshift-50c-01,mixed,reassignment_allowed,2025-11-23,3,993.4312996622144,94.3764521178734,94.35230772789521,854.644306032822,949.0207581506954,948.9966137607172,0.02414438997818043,0.025583065941093865,0.0025441371825448028,9.94461409904032,0.08156034202306255,0.08642022474122686,0.2960310045212072,0.18841344807837382,0.024144389978175695,0.0,101.74963989882103,0.0
L-main-threeshift-50c-01,mixed,reassignment_allowed,2025-11-24,3,993.4312996622144,78.94782811455707,66.90930567784405,854.644306032822,933.592134147379,921.553611710666,12.038522436713029,15.248706296574186,1.2894841329942694,8.456351036703806,12.268604003158332,15.540141250442003,0.9812463124259229,9.355874285295142,11.977848032127659,0.06067440458537021,771.104420165595,30.564071499022294
L-main-threeshift-50c-01,mixed,reassignment_allowed,2025-11-25,3,993.4312996622144,107.41256375047845,107.41256375047845,854.644306032822,962.0568697833005,962.0568697833005,0.0,0.0,0.0,11.164887141720916,0.0,0.0,0.0,0.0,0.0,0.0,0.0,0.0
L-main-threeshift-50c-01,mixed,reassignment_allowed,2025-11-26,3,993.4312996622144,137.00999637811609,137.00999637811609,854.644306032822,991.654302410938,991.654302410938,0.0,0.0,0.0,13.816306352426798,0.003890085505763826,0.0028392713003422645,0.0,0.0,0.0,0.0,0.0,0.0
L-main-threeshift-50c-01,mixed,reassignment_allowed,2025-11-27,3,993.4312996622144,173.07940082040807,126.09727114673967,854.644306032822,1027.72370685323,980.7415771795617,46.98212967366839,27.144841876601095,4.571474741739896,16.841043917373185,46.98212967366839,27.144841876601095,1.0,42.412758403973264,46.982129673668396,0.0,771.104420165595,0.0
L-main-threeshift-50c-01,mixed,reassignment_allowed,2025-11-28,3,993.4312996622144,77.97020445376243,77.78708264679196,854.644306032822,932.6145104865844,932.431388679614,0.18312180697046898,0.23486126303421856,0.019635316083054143,8.360389376000818,0.3481751653436618,0.44654899622603295,0.5259473540846056,0.1617038362347666,0.18312180697046662,0.0,355.2695182461188,0.0
L-main-threeshift-50c-01,mixed,reassignment_allowed,2025-11-29,3,993.4312996622144,81.62122857498255,75.21415610212267,854.644306032822,936.2655346078045,929.8584621349446,6.407072472859883,7.849762353152931,0.6843221539222591,8.717743584267806,7.275286200219466,8.913473035432096,0.8806626016536102,9.086448960425363,6.407072472859883,0.0,771.104420165595,0.0
L-main-threeshift-75c-01,geographic,ownership_fixed,2025-11-02,3,1590.7791345706528,89.94525445136674,88.90850899080571,999.5263634017684,1089.4716178531353,1088.434872392574,1.0367454605610267,1.1526405332719287,0.09516039184242281,8.255860270009503,2.631273999608728,2.925417261487046,0.3940089328269087,10.017459852335294,1.2140527555030143,-0.17730729494198982,957.8160742360166,157.51609124472483
L-main-threeshift-75c-01,geographic,ownership_fixed,2025-11-03,3,1590.7791345706528,105.6044109538218,105.99363310197877,999.5263634017684,1105.1307743555903,1105.5199965037473,-0.3892221481569796,-0.3685661845386144,-0.035219555657016045,9.55582935561635,0.7442059317763494,0.704711029638499,-0.5230032865069256,8.078764992192873,-0.40253119496868334,0.013309046811707267,957.8160742360166,129.35290864003716
L-main-threeshift-75c-01,geographic,ownership_fixed,2025-11-04,3,1590.7791345706528,101.7068923571418,101.31580393128768,999.5263634017684,1101.2332557589102,1100.842167333056,0.3910884258541311,0.3845249980510973,0.035513677398401326,9.235726566126168,3.9071899134560844,3.841617635642688,0.10009455248316709,3.4289395254188073,0.4482010616902296,-0.057112635836096125,957.8160742360166,68.73732563707631
L-main-threeshift-75c-01,geographic,ownership_fixed,2025-11-05,3,1590.7791345706528,111.61378059624536,111.16300584226019,999.5263634017684,1111.1401439980139,1110.6893692440285,0.4507747539851721,0.40387015973933954,0.04056866781567545,10.044977782428575,0.9386536486201891,0.8409836523822265,0.4802354464267051,1.161392676831132,0.33996507820737776,0.11080967577779433,627.3060452572369,77.45690301067405
L-main-threeshift-75c-01,geographic,ownership_fixed,2025-11-06,3,1590.7791345706528,175.65906305923716,174.33909526201023,999.5263634017684,1175.1854264610056,1173.8654586637786,1.3199677972269417,0.7514373435897307,0.11231995968516549,14.947348656987943,1.8422398374862798,1.0487587747550633,0.7165016033026548,2.5935555014680745,1.3199677972269346,0.0,476.38696263076173,0.0
L-main-threeshift-75c-01,geographic,ownership_fixed,2025-11-07,3,1590.7791345706528,257.1102133833632,257.2853161454694,999.5263634017684,1256.6365767851316,1256.8116795472379,-0.17510276210620646,-0.06810416428114435,-0.013934240443181587,20.460188580626177,0.062079413782356596,0.02414505941457616,-2.820625251393271,0.3097762808938948,0.0,-0.17510276210621592,0.0,88.85642726377925
L-main-threeshift-75c-01,geographic,ownership_fixed,2025-11-08,3,1590.7791345706528,299.26501870777173,301.554637177061,999.5263634017684,1298.79138210954,1301.0810005788294,-2.2896184692893464,-0.7650805560823426,-0.17628839402756677,23.041808163347646,2.7309632090187486,0.9125567768699011,-0.8383922792251822,7.080168368072179,-2.2266437274907767,-0.06297474179858398,957.8160742360166,54.74124374267324
L-main-threeshift-75c-01,geographic,ownership_fixed,2025-11-09,3,1590.7791345706528,251.87982547728814,250.40722598055206,999.5263634017684,1251.4061888790566,1249.9335893823204,1.4725994967360805,0.584643686307804,0.11767558046481752,20.127743311139348,3.690958562717318,1.4653649039669236,0.3989748114787664,2.788560681504625,0.6087529684857031,0.8638465282503868,476.38696263076173,165.35903424803894
L-main-threeshift-75c-01,geographic,ownership_fixed,2025-11-10,3,1590.7791345706528,198.7581353706926,182.6842274450894,999.5263634017684,1198.2844987724611,1182.210590846858,16.07390792560322,8.087169813514642,1.3414099858647548,16.586890306459203,18.43430478744865,9.274742265551982,0.8719562853570397,23.307761521740844,16.102727805288833,-0.02881987968562309,957.8160742360166,26.93230468619481
L-main-threeshift-75c-01,geographic,ownership_fixed,2025-11-11,3,1590.7791345706528,147.0324675959112,148.13877362757458,999.5263634017684,1146.5588309976797,1147.665137029343,-1.1063060316633841,-0.7524229510340811,-0.09648925129299563,12.823804903928979,0.7415058144223489,0.5043143371981123,-1.4919721600905094,1.1415467421156127,-1.449318510786166,0.34301247912277927,523.2748736500149,117.1777824577671
L-main-threeshift-75c-01,geographic,ownership_fixed,2025-11-12,3,1590.7791345706528,136.68845773472188,100.49982357652856,999.5263634017684,1136.2148211364904,1100.026186978297,36.18863415819334,26.475267010786254,3.1850169074538144,12.03015971909258,36.237543034305055,26.51104828809545,0.9986503258218854,31.234732026159993,36.18863415819334,0.0,957.8160742360166,0.0
L-main-threeshift-75c-01,geographic,ownership_fixed,2025-11-13,3,1590.7791345706528,92.24661999723503,92.30783164186465,999.5263634017684,1091.7729833990034,1091.8341950436331,-0.06121164462961796,-0.06635651759539016,-0.0056066275279178,8.449249193733001,0.038756009747293284,0.04201347404214371,-1.5794103941232747,0.14210871959377394,-0.06160174091635421,0.00039009628674098923,84.06803450651034,49.647963954195625
L-main-threeshift-75c-01,geographic,ownership_fixed,2025-11-14,3,1590.7791345706528,100.09548028905415,98.76519579404304,999.5263634017684,1099.6218436908225,1098.2915591958115,1.3302844950111183,1.3290155471251486,0.12097654322199428,9.102718435738687,1.7724049981884964,1.7707143150421707,0.7505533421372363,1.1055593472170386,1.2557731031322252,0.07451139187889073,317.23669437909433,105.7782582046619
L-main-threeshift-75c-01,geographic,ownership_fixed,2025-11-15,3,1590.7791345706528,96.01875933681647,98.42576025093645,999.5263634017684,1095.545122738585,1097.9521236527048,-2.4070009141199713,-2.5068027651520124,-0.2197080580399171,8.764473260288351,0.9874368064193959,1.0283790513847881,-2.437625272292758,3.8711224706350102,-2.210642994845479,-0.19635791927448784,670.5574913764125,153.2259261122781
L-main-threeshift-75c-01,geographic,ownership_fixed,2025-11-16,3,1590.7791345706528,132.44068355397644,131.23142128843202,999.5263634017684,1131.967046955745,1130.7577846902004,1.209262265544415,0.913059516981108,0.10682839829980421,11.700047621541257,3.0169779733546847,2.2779842963624617,0.4008190567595671,3.402362837167592,1.199689477960689,0.009572787583730738,957.8160742360166,132.93152377485742
L-main-threeshift-75c-01,geographic,ownership_fixed,2025-11-17,3,1590.7791345706528,169.46223560248893,164.4884214088999,999.5263634017684,1168.9885990042574,1164.0147848106683,4.973814193589031,2.93505758135766,0.4254801285338213,14.49648317758074,7.140463854477275,4.2136018264428,0.6965673792284947,4.003303555061876,5.083673691994666,-0.10985949840562863,835.9851319184163,68.73732563707631
L-main-threeshift-75c-01,geographic,ownership_fixed,2025-11-18,3,1590.7791345706528,178.91100558519202,178.6197982415823,999.5263634017684,1178.4373689869603,1178.1461616433508,0.2912073436097368,0.1627665903823187,0.02471131273273116,15.182054667783683,4.036029712435408,2.2558867741166275,0.07215193255701219,5.750420871114784,0.29165991829961985,-0.0004525746898877969,523.2748736500149,117.7484011225218
L-main-threeshift-75c-01,geographic,ownership_fixed,2025-11-19,3,1590.7791345706528,228.07914996508998,216.73576586488414,999.5263634017684,1227.6055133668583,1216.2621292666527,11.343384100205819,4.973441939757338,0.9240251837168115,18.579189119113273,20.38533962384251,8.937835671065377,0.5564481293673763,6.218815677744487,11.33747505122679,0.005909048979025518,523.2748736500149,88.85642726377925
L-main-threeshift-75c-01,geographic,ownership_fixed,2025-11-20,3,1590.7791345706528,169.1912991744068,169.99189207937118,999.5263634017684,1168.7176625761751,1169.5182554811397,-0.8005929049644086,-0.47318798831323866,-0.06850182303223533,14.476661437755858,0.4437982515613707,0.26230559947641985,-1.8039568703746875,1.7016108356761777,-0.6516929993963316,-0.1488999055680864,476.38696263076173,47.92804068318136
L-main-threeshift-75c-01,geographic,ownership_fixed,2025-11-21,3,1590.7791345706528,246.24267258163863,246.0575355476251,999.5263634017684,1245.769035983407,1245.5838989493936,0.18513703401352663,0.07518478908327589,0.01486126470203844,19.76631827160925,0.3866077157323578,0.1570027289255411,0.4788756832305281,0.49848107445357454,-0.05708255614428973,0.2422195901578116,35.08255614428404,85.51004982489236
L-main-threeshift-75c-01,geographic,ownership_fixed,2025-11-22,3,1590.7791345706528,291.3802156387707,226.94961440057546,999.5263634017684,1290.906579040539,1226.475977802344,64.43060123819528,22.11220864702463,4.991112624593102,22.57175076567801,64.65918329733539,22.190656683944024,0.9964648167903858,56.228755752496625,64.60157199424364,-0.17097075604837406,957.8160742360166,68.73732563707631
L-main-threeshift-75c-01,geographic,ownership_fixed,2025-11-23,3,1590.7791345706528,131.41872525121593,130.0062223539987,999.5263634017684,1130.9450886529844,1129.532585755767,1.4125028972172327,1.074810986423081,0.1248957983362038,11.620256948791617,2.1495814468412675,1.6356736399110512,0.657106014425671,2.3033531452133977,0.4592093209700702,0.9532935762471695,393.2580185772581,188.07469351603973
L-main-threeshift-75c-01,geographic,ownership_fixed,2025-11-24,3,1590.7791345706528,143.9160695731235,122.6663965614265,999.5263634017684,1143.442432974892,1122.192759963195,21.24967301169703,14.76532334069901,1.8583946510023945,12.586210326189956,21.69672287379025,15.075955685939702,0.979395512184319,16.788487889860892,20.8161820614349,0.4334909502621258,957.8160742360166,94.46212318976627
L-main-threeshift-75c-01,geographic,ownership_fixed,2025-11-25,3,1590.7791345706528,164.8589376416409,164.90111469044808,999.5263634017684,1164.3853010434093,1164.4274780922165,-0.042177048807180505,-0.02558371988230453,-0.003622258780610295,14.158452317622892,0.04235364040278947,0.025690836668409767,-0.9958305450504477,0.12794909670860952,0.0,-0.042177048807175765,0.0,51.898841675239964
L-main-threeshift-75c-01,geographic,ownership_fixed,2025-11-26,3,1590.7791345706528,231.7475377598546,231.67397159462686,999.5263634017684,1231.2739011616231,1231.2003349963952,0.07356616522773152,0.03174409788291408,0.005974800989310895,18.82176967620418,0.3029834999565253,0.1307386058489597,0.24280584664936353,0.3071958579416408,0.0,0.0735661652277173,0.0,100.41891673478536
L-main-threeshift-75c-01,geographic,ownership_fixed,2025-11-27,3,1590.7791345706528,239.34354820200073,170.46621442065006,999.5263634017684,1238.8699116037692,1169.9925778224185,68.87733378135066,28.777602028035318,5.559690580602289,19.319506104733826,68.93099353989936,28.800021583085712,0.999221543810802,63.347480865649125,68.786326726329,0.09100705502167254,957.8160742360166,68.73732563707631
L-main-threeshift-75c-01,geographic,ownership_fixed,2025-11-28,3,1590.7791345706528,124.82297656321937,122.77404889446855,999.5263634017684,1124.3493399649878,1122.300412296237,2.04892766875084,1.641466759697975,0.18223230057791856,11.101796579264798,2.956134871965773,2.368261800317326,0.6931103476304998,1.050098941472939,2.0256102537050515,0.023317415045795542,476.38696263076173,114.98561729394316
L-main-threeshift-75c-01,geographic,ownership_fixed,2025-11-29,3,1590.7791345706528,124.94945456173974,114.23929611315846,999.5263634017684,1124.4758179635082,1113.765659514927,10.710158448581282,8.571592798181607,0.9524578721468647,11.111795608733548,12.27273356789683,9.822158576796872,0.8726791296600008,14.994010879121547,10.686148405342072,0.024010043239213037,957.8160742360166,125.89735983136484
L-main-threeshift-75c-01,geographic,reassignment_allowed,2025-11-02,3,1523.3511830798714,79.2712590919917,78.39806792053014,878.9465261366,958.2177852285918,957.3445940571302,0.8731911714615611,1.1015230254489228,0.0911265878093938,8.272781022644116,2.254186186763704,2.8436361584061567,0.3873642632488963,9.815893284656477,0.8882355602294183,-0.015044388767859592,1159.7790669873991,2.50739812797633
L-main-threeshift-75c-01,geographic,reassignment_allowed,2025-11-03,3,1523.3511830798714,103.74662626403945,104.1357150301468,878.9465261366,982.6931524006395,983.0822411667468,-0.3890887661073255,-0.3750375121761343,-0.039594126117274066,10.55737755072322,0.5450327843501223,0.525349887487417,-0.7138813981094021,7.9926430679469105,-0.377716962168203,-0.011371803939128474,1159.7790669873991,37.25411730871835
L-main-threeshift-75c-01,geographic,reassignment_allowed,2025-11-04,3,1523.3511830798714,97.66824718586123,97.07805544361928,878.9465261366,976.6147733224612,976.0245815802193,0.5901917422419652,0.6042821072838945,0.060432399587211055,10.000693195904878,3.643050360744681,3.7300253313771567,0.1620048266698469,3.018068192431121,0.5952065384979193,-0.0050147962559528025,1159.7790669873991,2.50739812797633
L-main-threeshift-75c-01,geographic,reassignment_allowed,2025-11-05,3,1523.3511830798714,103.65970810706581,103.53213439452172,878.9465261366,982.6062342436659,982.4786605311217,0.1275737125441007,0.12306972002307309,0.012983197958467772,10.549465746760198,0.5745617662870236,0.5542768514200161,0.22203655034082265,0.7448588060221558,0.15264769382386115,-0.02507398127976283,705.4377613402762,2.50739812797633
L-main-threeshift-75c-01,geographic,reassignment_allowed,2025-11-06,3,1523.3511830798714,148.8562187673117,147.94166693943285,878.9465261366,1027.8027449039118,1026.8881930760328,0.9145518278788435,0.6143860400675957,0.08898125952799864,14.482955947079914,1.2965240010795327,0.8709908204145816,0.7053875031371225,1.9648113208822717,0.9220740222627768,-0.007522194383928611,484.4465849062094,2.50739812797633
L-main-threeshift-75c-01,geographic,reassignment_allowed,2025-11-07,3,1523.3511830798714,239.12957294131638,239.11703595067652,878.9465261366,1118.0760990779163,1118.0635620872765,0.012536990639877862,0.005242760435554537,0.001121300298809463,21.38759366545156,0.012536990639877862,0.005242760435554537,1.0,0.030088777535714446,0.0,0.012536990639882598,0.0,2.50739812797633
L-main-threeshift-75c-01,geographic,reassignment_allowed,2025-11-08,3,1523.3511830798714,291.52111986865486,294.46561207131316,878.9465261366,1170.467646005255,1173.4121382079131,-2.944492202658296,-1.0100442136010386,-0.25156545016068527,24.90638001516755,2.099147940046843,0.7200671913556782,-1.4027082829581743,5.865311478948816,-2.9269404157624592,-0.01755178689583185,1159.7790669873991,2.50739812797633
L-main-threeshift-75c-01,geographic,reassignment_allowed,2025-11-09,3,1523.3511830798714,254.30608536724688,254.6984813609272,878.9465261366,1133.252611503847,1133.6450074975273,-0.39239599368029116,-0.15430067004241238,-0.034625642129302005,22.44037055690329,1.795346287357385,0.705978500185987,-0.2185628457548814,1.5604000561056257,-0.39239599368026273,0.0,719.2904858082399,0.0
L-main-threeshift-75c-01,geographic,reassignment_allowed,2025-11-10,3,1523.3511830798714,198.19755108815642,182.79868204088373,878.9465261366,1077.1440772247565,1061.7452081774838,15.398869047272674,7.769454749934524,1.4296016078877396,18.40028230938326,17.173184779678042,8.664680610528618,0.8966810317847967,23.393986262718453,15.398869047272674,0.0,1159.7790669873991,0.0
L-main-threeshift-75c-01,geographic,reassignment_allowed,2025-11-11,3,1523.3511830798714,140.50433766254548,142.41422400725193,878.9465261366,1019.4508637991455,1021.360750143852,-1.9098863447064502,-1.3593077455683225,-0.18734461978765268,13.78235505524354,0.34395283663196113,0.24479873173598773,-5.55275648664029,0.7139777923119937,-2.0067273672739154,0.09684102256746978,577.1894132635939,57.42651379386319
L-main-threeshift-75c-01,geographic,reassignment_allowed,2025-11-12,3,1523.3511830798714,142.47613084494162,101.31424934492425,878.9465261366,1021.4226569815416,980.2607754815243,41.161881500017365,28.890370096317607,4.029857886808282,13.948792879333627,41.199343686225895,28.91666375405969,0.9990907091507613,34.944659507252986,41.186955481297126,-0.02507398127976283,1159.7790669873991,2.50739812797633
L-main-threeshift-75c-01,geographic,reassignment_allowed,2025-11-13,3,1523.3511830798714,92.42484805629528,92.47204795485021,878.9465261366,971.3713741928952,971.4185740914502,-0.047199898554926754,-0.05106840806076052,-0.00485909918790275,9.514882825643317,0.014489071748883475,0.01567659785608551,-3.257620596610267,0.008631322118863713,-0.03717030604302588,-0.010029592511905605,68.38443460217042,2.50739812797633
L-main-threeshift-75c-01,geographic,reassignment_allowed,2025-11-14,3,1523.3511830798714,96.14609810064174,95.2906242457404,878.9465261366,975.0926242372418,974.2371503823405,0.8554738549013147,0.889764506101787,0.08773257366914267,9.860201555298527,1.1840739360493255,1.2315361303688956,0.7224834774723711,0.7497178311960747,0.8749729972587943,-0.019499142357474852,235.23474463976854,57.42651379386319
L-main-threeshift-75c-01,geographic,reassignment_allowed,2025-11-15,3,1523.3511830798714,99.3009373800149,101.35658115488316,878.9465261366,978.247463516615,980.3031072914832,-2.055643774868263,-2.0701151762561083,-0.2101353544509701,10.150901595292337,0.6793764101561521,0.6841591107607027,-3.025780324630025,3.128156802535784,-2.055643774868263,0.0,678.7166249779676,0.0
L-main-threeshift-75c-01,geographic,reassignment_allowed,2025-11-16,3,1523.3511830798714,111.45152911165354,110.1512698426115,878.9465261366,990.3980552482535,989.0977959792115,1.300259269042049,1.1666589766923994,0.1312865329401445,11.25320556932203,2.5443005304229964,2.282876287748447,0.5110478316120453,2.6368520073433643,1.3002592690420467,0.0,730.8828762899344,2.50739812797633
L-main-threeshift-75c-01,geographic,reassignment_allowed,2025-11-17,3,1523.3511830798714,174.94251538191227,171.60815633949198,878.9465261366,1053.8890415185124,1050.554682476092,3.3343590424202794,1.9059741053460506,0.31638615746643656,16.599709124012108,5.302635114813721,3.0310728659855393,0.6288117078064146,2.4784528989399726,3.3544182274440857,-0.02005918502381121,730.8828762899344,2.50739812797633
L-main-threeshift-75c-01,geographic,reassignment_allowed,2025-11-18,3,1523.3511830798714,149.00629126330782,149.61257419735168,878.9465261366,1027.9528173999079,1028.5591003339516,-0.6062829340438659,-0.40688411804875285,-0.05897964612591763,14.49544071878733,2.7026773830397275,1.8138008537262686,-0.22432678715132978,4.023002979522033,-0.5354406358410699,-0.0708422982027912,577.1894132635939,37.25411730871835
L-main-threeshift-75c-01,geographic,reassignment_allowed,2025-11-19,3,1523.3511830798714,236.40456482429042,226.97578756630642,878.9465261366,1115.3510909608904,1105.9223137029064,9.428777257983967,3.988407442551704,0.8453640592991167,21.195529079603503,19.961371634545127,8.44373358415544,0.47235117058121073,4.551654844304703,9.433792054239925,-0.0050147962559539865,666.0275451003859,2.50739812797633
L-main-threeshift-75c-01,geographic,reassignment_allowed,2025-11-20,3,1523.3511830798714,156.33224972781275,157.10762199459776,878.9465261366,1035.2787758644129,1036.0541481311977,-0.7753722667850127,-0.4959771692245198,-0.07489502198454812,15.100497892201268,0.3333619209242518,0.2132393805530607,-2.3259173232361974,1.1447762860239454,-0.7879092574248953,0.012536990639882598,484.4465849062094,2.50739812797633
L-main-threeshift-75c-01,geographic,reassignment_allowed,2025-11-21,3,1523.3511830798714,210.6179293110489,210.6733868357678,878.9465261366,1089.564455447649,1089.6199129723677,-0.055457524718879846,-0.026330865990510228,-0.005089880129771217,19.33046991924092,0.057670156943449534,0.02738140913838345,-0.9616329772305048,0.09290422112447534,-0.037805897535629164,-0.01765162718324594,23.13923086895546,19.68444236447968
L-main-threeshift-75c-01,geographic,reassignment_allowed,2025-11-22,3,1523.3511830798714,310.876413850863,239.31871358724393,878.9465261366,1189.822939987463,1118.265239723844,71.55770026361907,23.018053823133556,6.01414696747846,26.12795596747686,71.55770026361907,23.018053823133556,1.0,63.68675160412317,71.55770026361905,0.0,1159.7790669873991,0.0
L-main-threeshift-75c-01,geographic,reassignment_allowed,2025-11-23,3,1523.3511830798714,140.6592556239207,140.3599490023895,878.9465261366,1019.6057817605207,1019.3064751389895,0.29930662153121074,0.2127884298858114,0.02935513184462406,13.795454884636772,0.7796064364190537,0.5542517859638614,0.38392015195001233,1.2462350722082174,0.29930662153121074,0.0,353.72693774716964,0.0
L-main-threeshift-75c-01,geographic,reassignment_allowed,2025-11-24,3,1523.3511830798714,121.60975818876754,100.67650791758327,878.9465261366,1000.5562843253675,979.6230340541833,20.933250271184267,17.213462622539577,2.09216119064193,12.154214619796608,21.358220182087152,17.56291641410393,0.9801027469854767,16.530387286645546,20.679490351115554,0.25375992006871445,1159.7790669873991,57.42651379386319
L-main-threeshift-75c-01,geographic,reassignment_allowed,2025-11-25,3,1523.3511830798714,155.7876989048524,155.81277288613217,878.9465261366,1034.7342250414524,1034.7592990227322,-0.025073981279765196,-0.016094968637465512,-0.0024232291416436628,15.05581772929289,0.003616525862904988,0.0023214450745009,-6.933167971215454,0.020059185023806474,0.0,-0.02507398127976046,0.0,2.50739812797633
L-main-threeshift-75c-01,geographic,reassignment_allowed,2025-11-26,3,1523.3511830798714,206.47811163499293,206.49073864302918,878.9465261366,1085.4246377715929,1085.4372647796292,-0.012627008036237916,-0.006115422083363315,-0.0011633242508813433,19.022795728950676,0.038209520977981505,0.018505361500751896,-0.3304675827659372,0.031786019096481745,0.0,-0.012627008036237916,0.0,2.50739812797633
L-main-threeshift-75c-01,geographic,reassignment_allowed,2025-11-27,3,1523.3511830798714,260.0610418653425,184.14236405623024,878.9465261366,1139.0075680019424,1063.0888901928301,75.91867780911222,29.192637722501438,6.665335678347552,22.832248807753224,75.94450789591227,29.202570039397028,0.9996598820966034,69.34633965417018,75.91617041098426,0.0025073981279769932,1159.7790669873991,2.50739812797633
L-main-threeshift-75c-01,geographic,reassignment_allowed,2025-11-28,3,1523.3511830798714,118.30692981617334,117.17432838635546,878.9465261366,997.2534559527734,996.1208545229555,1.1326014298178915,0.9573415788726328,0.11357207368469904,11.86327599167287,2.0172739121273175,1.7051189776133833,0.5614514831173848,0.7192842057366988,1.1351088279458612,-0.0025073981279769932,651.9927724005134,2.50739812797633
L-main-threeshift-75c-01,geographic,reassignment_allowed,2025-11-29,3,1523.3511830798714,123.11208829077987,112.40779410852808,878.9465261366,1002.0586144273799,991.3543202451281,10.704294182251786,8.694754780675305,1.06823034382761,12.285916863369465,12.198840035025489,9.908726433275104,0.8774845929217416,15.28477736347702,10.790651308304016,-0.08635712605223489,1159.7790669873991,57.42651379386319
L-main-threeshift-75c-01,mixed,ownership_fixed,2025-11-02,3,2320.482416085097,124.75799535839502,124.77377123134163,2683.7625770906043,2808.5205724489992,2808.5363483219458,-0.015775872946591107,-0.01264517989510124,-0.0005617147013751342,4.442125031315238,2.0289864294392714,1.6263377939109696,-0.007775248132611173,9.768182439750277,-0.015775872946591107,0.0,1749.6101764641855,0.0
L-main-threeshift-75c-01,mixed,ownership_fixed,2025-11-03,3,2320.482416085097,162.87474577235295,163.6489982517605,2683.7625770906043,2846.6373228629573,2847.411575342365,-0.7742524794075507,-0.4753668076263396,-0.027198845219553975,5.721654264286271,0.2920555230968489,0.17931295715116544,-2.651045497094742,8.326349423346045,-0.7742524794075507,0.0,1749.6101764641855,0.0
L-main-threeshift-75c-01,mixed,ownership_fixed,2025-11-04,3,2320.482416085097,154.31440479522172,151.97309077741033,2683.7625770906043,2838.076981885826,2835.7356678680144,2.341314017811385,1.517236204175725,0.08249649437823368,5.437287493614212,4.391924663313603,2.8460885872202106,0.533095213897617,1.476555604815161,2.3413140178113565,0.0,1749.6101764641855,0.0
L-main-threeshift-75c-01,mixed,ownership_fixed,2025-11-05,3,2320.482416085097,174.30456462970506,174.41624104188804,2683.7625770906043,2858.0671417203093,2858.1788181324923,-0.1116764121829874,-0.06406970030890141,-0.003907410380701129,6.098686839273789,0.0,0.0,0.0,0.050364036294183734,-0.1116764121829732,0.0,151.04044847712865,0.0
L-main-threeshift-75c-01,mixed,ownership_fixed,2025-11-06,3,2320.482416085097,261.5817647747143,261.5817647747143,2683.7625770906043,2945.3443418653187,2945.3443418653187,0.0,0.0,0.0,8.881194672438596,0.0,0.0,0.0,0.0,0.0,0.0,0.0,0.0
L-main-threeshift-75c-01,mixed,ownership_fixed,2025-11-07,3,2320.482416085097,397.7761464390131,397.7761464390131,2683.7625770906043,3081.5387235296175,3081.5387235296175,0.0,0.0,0.0,12.908361118480359,0.44388623584308107,0.11159196945740878,0.0,0.0,0.0,0.0,0.0,0.0
L-main-threeshift-75c-01,mixed,ownership_fixed,2025-11-08,3,2320.482416085097,457.82794873577836,462.9001117995226,2683.7625770906043,3141.590525826383,3146.662688890127,-5.072163063744256,-1.1078753662266045,-0.1614520741021793,14.573126095589702,0.9481727652673726,0.20710242087351946,-5.349408092642242,3.232868222193929,-5.072163063744313,0.0,1749.6101764641855,0.0
L-main-threeshift-75c-01,mixed,ownership_fixed,2025-11-09,3,2320.482416085097,392.4616584711296,394.27101243966825,2683.7625770906043,3076.224235561734,3078.0335895302724,-1.8093539685385736,-0.46102693842427256,-0.058817362779413136,12.757901518822933,0.10676037008704498,0.02720275160201376,-16.94780532386083,1.7608171647733002,-1.8093539685385736,0.0,1094.1166680989902,0.0
L-main-threeshift-75c-01,mixed,ownership_fixed,2025-11-10,3,2320.482416085097,308.8942481973139,295.7695312357012,2683.7625770906043,2992.6568252879183,2979.5321083263057,13.124716961612705,4.24893536807748,0.4385640495331435,10.321739719274218,14.19554448289091,4.595600133616975,0.9245659423230428,21.956912710021584,13.124716961612677,0.0,1749.6101764641855,0.0
L-main-threeshift-75c-01,mixed,ownership_fixed,2025-11-11,3,2320.482416085097,236.42856644639346,233.90596173769902,2683.7625770906043,2920.1911435369975,2917.668538828303,2.5226047086944448,1.066962739152084,0.08638491744889727,8.096338726650139,2.680913319203313,1.1339210652496041,0.9409497467244063,1.3565017761631566,-0.15830861050886824,2.6809133192032917,135.80415406777848,451.546579841377
L-main-threeshift-75c-01,mixed,ownership_fixed,2025-11-12,3,2320.482416085097,243.02268381912438,185.6505737302606,2683.7625770906043,2926.7852609097285,2869.4131508208648,57.37211008886379,23.607718089215243,1.9602432353042156,8.303399879210339,57.37211008886379,23.607718089215243,1.0,44.69051593865848,57.37211008886377,0.0,1749.6101764641855,0.0
L-main-threeshift-75c-01,mixed,ownership_fixed,2025-11-13,3,2320.482416085097,165.54720727971554,165.54720727971554,2683.7625770906043,2849.30978437032,2849.30978437032,0.0,0.0,0.0,5.810081030424022,0.0,0.0,0.0,0.0,0.0,0.0,0.0,0.0
L-main-threeshift-75c-01,mixed,ownership_fixed,2025-11-14,3,2320.482416085097,162.25049297061648,162.25049297061648,2683.7625770906043,2846.013070061221,2846.013070061221,0.0,0.0,0.0,5.700974977150273,0.0,0.0,0.0,0.0,0.0,0.0,0.0,0.0
L-main-threeshift-75c-01,mixed,ownership_fixed,2025-11-15,3,2320.482416085097,164.92538482406115,165.35309577704578,2683.7625770906043,2848.6879619146653,2849.11567286765,-0.4277109529846257,-0.2593360345594455,-0.015014313912330076,5.789520896251873,0.0,0.0,0.0,0.40828411689585664,-0.4277109529846399,0.0,286.84460254490716,0.0
L-main-threeshift-75c-01,mixed,ownership_fixed,2025-11-16,3,2320.482416085097,178.84602509268004,179.4138195660878,2683.7625770906043,2862.6086021832843,2863.1763966566923,-0.5677944734077585,-0.3174767083101349,-0.019834862264254603,6.247659039250978,0.6382115945231135,0.3568497506122292,-0.8896649297511238,0.7120664694463699,-0.5677944734077727,0.0,466.8620543637492,0.0
L-main-threeshift-75c-01,mixed,ownership_fixed,2025-11-17,3,2320.482416085097,292.4487316019839,292.435177627433,2683.7625770906043,2976.2113086925883,2976.1977547180372,0.013553974550916337,0.004634649798845081,0.00045541035716548046,9.826208601110817,0.12189724050620043,0.04168157606239845,0.11119180790829222,0.08546619236528841,0.013553974550916337,0.0,286.84460254490716,0.0
L-main-threeshift-75c-01,mixed,ownership_fixed,2025-11-18,3,2320.482416085097,262.8768502832927,263.17187996651376,2683.7625770906043,2946.639427373897,2946.934457057118,-0.2950296832210597,-0.11223113899269452,-0.010012412122103314,8.921242546380157,0.8687008671357717,0.3304592497207741,-0.33962172064339463,0.071958459322218,-0.29502968322108813,0.0,135.80415406777848,0.0
L-main-threeshift-75c-01,mixed,ownership_fixed,2025-11-19,3,2320.482416085097,394.771168255739,395.1237647064179,2683.7625770906043,3078.5337453463435,3078.8863417970224,-0.35259645067890233,-0.08931666723201143,-0.011453389173073179,12.823350364519916,19.217519437231772,4.868014936891835,-0.018347656773838695,0.035979229661109,-0.35259645067890233,0.0,135.80415406777848,0.0
L-main-threeshift-75c-01,mixed,ownership_fixed,2025-11-20,3,2320.482416085097,284.78858956535674,284.78858956535674,2683.7625770906043,2968.551166655961,2968.551166655961,0.0,0.0,0.0,9.593521336745825,0.0,0.0,0.0,0.0,0.0,0.0,0.0,0.0
L-main-threeshift-75c-01,mixed,ownership_fixed,2025-11-21,3,2320.482416085097,357.85849127399297,355.4770619506294,2683.7625770906043,3041.6210683645972,3039.2396390412337,2.381429323363591,0.6654667644983331,0.07829474052939886,11.765387049557901,2.381429323363591,0.6654667644983331,1.0,3.0625283882008034,0.0,2.3814293233636192,0.0,451.546579841377
L-main-threeshift-75c-01,mixed,ownership_fixed,2025-11-22,3,2320.482416085097,492.99544695520507,402.1249098621035,2683.7625770906043,3176.758024045809,3085.8874869527076,90.87053709310158,18.432327855019384,2.860480288560726,15.518822750224555,90.87053709310158,18.432327855019384,1.0,85.97479665006995,90.87053709310158,0.0,1749.6101764641855,0.0
L-main-threeshift-75c-01,mixed,ownership_fixed,2025-11-23,3,2320.482416085097,222.33103068380535,222.33103068380535,2683.7625770906043,2906.0936077744095,2906.0936077744095,0.0,0.0,0.0,7.6505116727494,0.0,0.0,0.0,0.0,0.0,0.0,0.0,0.0
L-main-threeshift-75c-01,mixed,ownership_fixed,2025-11-24,3,2320.482416085097,207.3709180494071,186.62804724471985,2683.7625770906043,2891.1334951400113,2870.390624335324,20.742870804687186,10.002786793732138,0.7174649956342696,7.172651086433647,21.158974754808156,10.203443642838543,0.9803343992351796,15.873930646678815,20.003211074190077,0.7396597304970953,1749.6101764641855,219.0502948556012
L-main-threeshift-75c-01,mixed,ownership_fixed,2025-11-25,3,2320.482416085097,303.7113789781222,303.7113789781222,2683.7625770906043,2987.4739560687267,2987.4739560687267,0.0,0.0,0.0,10.166159887726074,0.0,0.0,0.0,0.0,0.0,0.0,0.0,0.0
L-main-threeshift-75c-01,mixed,ownership_fixed,2025-11-26,3,2320.482416085097,352.7412037912588,349.45188785285814,2683.7625770906043,3036.503780881863,3033.214464943462,3.289315938400591,0.9325011943733983,0.10832576462148538,11.616689101859624,3.289315938400591,0.9325011943733983,1.0,3.635121761464859,0.0,3.289315938400591,0.0,451.546579841377
L-main-threeshift-75c-01,mixed,ownership_fixed,2025-11-27,3,2320.482416085097,412.2980270317719,315.03707877858494,2683.7625770906043,3096.0606041223764,2998.7996558691893,97.26094825318694,23.589962084803275,3.141442002901522,13.316859058986145,97.35640395881904,23.613114197928653,0.9990195230950346,89.40153466044467,97.26094825318694,0.0,1749.6101764641855,0.0
L-main-threeshift-75c-01,mixed,ownership_fixed,2025-11-28,3,2320.482416085097,188.8350882122187,189.1626081161572,2683.7625770906043,2872.597665302823,2872.9251852067614,-0.3275199039384802,-0.17344229138728878,-0.011401523711255742,6.573669904877268,0.0888809579748795,0.04706803106157492,-3.684927698810891,0.29785329821123696,-0.306868023460396,-0.020651880478084195,235.67766471163304,451.546579841377
L-main-threeshift-75c-01,mixed,ownership_fixed,2025-11-29,3,2320.482416085097,197.49303386601227,184.65326882957015,2683.7625770906043,2881.2556109566167,2868.4158459201744,12.839765036442088,6.501376167603529,0.44563089049149335,6.854408651387992,13.92166836682486,7.049194644642462,0.9222863738831093,17.80027964512584,12.839765036442088,0.0,1749.6101764641855,0.0
L-main-threeshift-75c-01,mixed,reassignment_allowed,2025-11-02,3,2125.950240673476,125.61928815900704,124.86714290538335,1612.0941854497669,1737.713473608774,1736.9613283551503,0.7521452536236856,0.5987498135410791,0.043283617526523384,7.2289989153464305,2.3016535451006113,1.8322453333656947,0.32678473926917934,8.852407485110803,0.8033048782323604,-0.051159624608677255,1240.1001372071194,29.672620463338802
L-main-threeshift-75c-01,mixed,reassignment_allowed,2025-11-03,3,2125.950240673476,143.52616894754,143.96588942686148,1612.0941854497669,1755.620354397307,1756.0600748766283,-0.43972047932150343,-0.30636955096476165,-0.02504644459265549,8.175239515083636,0.6622312117759085,0.4614010229855432,-0.6639984215517463,7.0164329366096565,-0.46047819810055063,0.020757718779028284,1240.1001372071194,50.406948783833165
L-main-threeshift-75c-01,mixed,reassignment_allowed,2025-11-04,3,2125.950240673476,140.7642806274932,139.61477224708426,1612.0941854497669,1752.8584660772601,1751.708957696851,1.1495083804089556,0.8166193691217151,0.06557907570149986,8.030555994775268,3.762995158240983,2.6732599644359056,0.3054769756722979,3.25864565536205,1.1690866772795303,-0.019578296870562895,1240.1001372071194,35.651946846201696
L-main-threeshift-75c-01,mixed,reassignment_allowed,2025-11-05,3,2125.950240673476,160.5190802816402,160.15440026739202,1612.0941854497669,1772.6132657314072,1772.248585717159,0.3646800142482031,0.2271879539855016,0.020573016195821518,9.055504851782072,0.7724972656568335,0.4812494965093504,0.4720793593206127,0.9920288148941268,0.33048664877215356,0.0341933654760472,459.73648075558185,35.651946846201696
L-main-threeshift-75c-01,mixed,reassignment_allowed,2025-11-06,3,2125.950240673476,258.2915970665308,257.25396769824164,1612.0941854497669,1870.3857825162977,1869.3481531480086,1.0376293682891458,0.4017278843267491,0.05547675661291573,13.80953595140366,1.5621497873207772,0.6048008549493766,0.6642316740117287,2.1933961858311286,1.0376293682891504,0.0,408.810412703621,4.957429777179338
L-main-threeshift-75c-01,mixed,reassignment_allowed,2025-11-07,3,2125.950240673476,365.7188894470537,365.79163398174813,1612.0941854497669,1977.8130748968206,1977.885819431515,-0.07274453469439852,-0.01989083331309032,-0.0036780288095827,18.491074515023755,0.08379258323448842,0.022911746057519222,-0.8681500424784303,0.29503396542505317,0.0,-0.07274453469438906,0.0,69.70157373424821
L-main-threeshift-75c-01,mixed,reassignment_allowed,2025-11-08,3,2125.950240673476,408.35015080063596,409.5706551189239,1612.0941854497669,2020.4443362504028,2021.6648405686908,-1.220504318287965,-0.2988867068850031,-0.060407718064285354,20.21090823805934,2.9125347889057025,0.7132444504294196,-0.4190522712164866,6.895098892903813,-1.1992318919366671,-0.021272426351297707,1240.1001372071194,24.53621001972465
L-main-threeshift-75c-01,mixed,reassignment_allowed,2025-11-09,3,2125.950240673476,342.75781443602665,343.8115940260114,1612.0941854497669,1954.8519998857935,1955.9057794757782,-1.0537795899847235,-0.30744144862710465,-0.05390585016391458,17.533696384997498,2.852194547200971,0.8321311512310724,-0.3694627321333534,2.861661453332753,-1.3270513717583678,0.2732717817736538,904.6571386080291,49.251400705884116
L-main-threeshift-75c-01,mixed,reassignment_allowed,2025-11-10,3,2125.950240673476,268.9224129680734,255.67049701830607,1612.0941854497669,1881.0165984178402,1867.764682468073,13.251915949767342,4.927784115688645,0.7045081878019465,14.296652841568187,15.26534861064573,5.676488040607475,0.8681043772905217,20.091905357879444,13.285799151237716,-0.033883201470364575,1240.1001372071194,24.53621001972465
L-main-threeshift-75c-01,mixed,reassignment_allowed,2025-11-11,3,2125.950240673476,209.09886206144233,210.019149875201,1612.0941854497669,1821.1930475112092,1822.113335324968,-0.920287813758686,-0.4401209096433367,-0.0505321396332105,11.481422156052645,0.5311338817495445,0.25401089059656107,-1.732685195542932,0.9838279367253809,-1.1085521557407436,0.18826434198206718,453.69345093172456,69.70157373424821
L-main-threeshift-75c-01,mixed,reassignment_allowed,2025-11-12,3,2125.950240673476,198.81750323992262,155.82374290286944,1612.0941854497669,1810.9116886896895,1767.9179283526364,42.993760337053146,21.624736070229446,2.3741500265074706,10.97886244159039,43.012564772398434,21.634194208994323,0.9995628152972326,36.73134031236548,42.98885284315323,0.004907493899911704,1240.1001372071194,30.694517069022357
L-main-threeshift-75c-01,mixed,reassignment_allowed,2025-11-13,3,2125.950240673476,148.13880653456172,148.1497370580467,1612.0941854497669,1760.2329919843287,1760.2439225078135,-0.010930523484953861,-0.007378568614567378,-0.0006209702655687511,8.415863536767556,0.025477542469625785,0.017198425629061428,-0.4290258174619936,0.0723374659634004,-0.022998685044062956,0.01206816155911857,84.93268692119345,30.694517069022357
L-main-threeshift-75c-01,mixed,reassignment_allowed,2025-11-14,3,2125.950240673476,144.3670410320248,143.2886959755334,1612.0941854497669,1756.4612264817918,1755.3828814253002,1.07834505649141,0.7469468438105633,0.06139304644095932,8.21919885594021,1.4464625217921612,1.0019340366415723,0.7455050098051245,0.903928594328363,1.1347195113727178,-0.05637445488131713,249.27928254488825,103.47342407907547
L-main-threeshift-75c-01,mixed,reassignment_allowed,2025-11-15,3,2125.950240673476,143.55425103418952,145.34073538381247,1612.0941854497669,1755.6484364839564,1757.4349208335793,-1.786484349622943,-1.2444663510504232,-0.10175638314016568,8.176708277750992,0.8383933493804913,0.5840254421868815,-2.1308427016304683,3.1109014254000535,-1.8049073022366926,0.018422952613747157,504.6195189836854,30.694517069022357
L-main-threeshift-75c-01,mixed,reassignment_allowed,2025-11-16,3,2125.950240673476,189.35098789273525,188.13333714556208,1612.0941854497669,1801.4451733425021,1800.227522595329,1.2176507471731668,0.6430654314108725,0.06759299506816904,10.511060269539197,2.416722762998404,1.2763190675125733,0.503843786228272,2.62762383138759,1.1658185605620683,0.05183218661108905,680.4797383526023,35.651946846201696
L-main-threeshift-75c-01,mixed,reassignment_allowed,2025-11-17,3,2125.950240673476,247.698228311233,242.47145768525766,1612.0941854497669,1859.7924137609998,1854.5656431350246,5.22677062597531,2.110136459840911,0.2810405391107804,13.318595477563038,6.1479632664463395,2.4820376424822137,0.8501629563243146,3.324847165313372,5.237781547018618,-0.011010921043312768,619.9188990718861,35.651946846201696
L-main-threeshift-75c-01,mixed,reassignment_allowed,2025-11-18,3,2125.950240673476,262.18145157180123,262.13580003581353,1612.0941854497669,1874.2756370215682,1874.2299854855805,0.04565153598767324,0.017412191333135204,0.0024356895584588933,13.988414851747025,3.427282741413535,1.3072178526995974,0.013320037893589399,4.954035405903217,0.07308483234146006,-0.027433296353791548,453.69345093172456,69.70157373424821
L-main-threeshift-75c-01,mixed,reassignment_allowed,2025-11-19,3,2125.950240673476,322.1007944804822,310.5341859170441,1612.0941854497669,1934.194979930249,1922.628371366811,11.5666085634381,3.590990386128645,0.5980063376989644,16.652964040476302,21.926144175989787,6.80723070284709,0.5275258828273194,5.53573370772682,11.589370726200599,-0.022762162762508826,719.9177485908563,58.58583690777116
L-main-threeshift-75c-01,mixed,reassignment_allowed,2025-11-20,3,2125.950240673476,253.09353541780874,253.78528092612282,1612.0941854497669,1865.1877208675755,1865.8794663758897,-0.6917455083141041,-0.2733161505576053,-0.037087178978014335,13.569333133937024,0.4198158650848711,0.16587380013157424,-1.6477355094102004,1.4300299371093008,-0.6674451146924033,-0.024300393621691303,408.810412703621,39.00705666522585
L-main-threeshift-75c-01,mixed,reassignment_allowed,2025-11-21,3,2125.950240673476,353.6295031640873,353.5509051448935,1612.0941854497669,1965.7236886138542,1965.6450905946604,0.07859801919378621,0.02222609213612927,0.003998426617588876,17.98978692745225,0.31917494135696717,0.09025687577002509,0.24625372800141512,0.5676496817699975,-0.018778374195202712,0.09737639338897945,11.445040861867673,39.00705666522585
L-main-threeshift-75c-01,mixed,reassignment_allowed,2025-11-22,3,2125.950240673476,394.7176169046029,321.8842633925204,1612.0941854497669,2006.8118023543698,1933.9784488422872,72.8333535120825,18.452014907073476,3.6293066159285687,19.66889054775961,72.9181823292214,18.473505920776926,0.9988366575464552,66.63871549390007,72.89765345451325,-0.06429994243077886,1240.1001372071194,35.651946846201696
L-main-threeshift-75c-01,mixed,reassignment_allowed,2025-11-23,3,2125.950240673476,186.29318975341263,185.41868413167546,1612.0941854497669,1798.3873752031795,1797.5128695814424,0.8745056217371617,0.4694243643016167,0.048627210899896425,10.358902221072668,1.4736211611156211,0.7910225613003796,0.5934399184897071,1.6132979769001186,0.4547830386700961,0.41972258306706084,367.4009421078602,44.29397092870477
L-main-threeshift-75c-01,mixed,reassignment_allowed,2025-11-24,3,2125.950240673476,199.7737179163663,180.8535111936795,1612.0941854497669,1811.8679033661333,1792.9476966434463,18.9202067226868,9.47081874433933,1.044237644893227,11.025843415252387,19.38546950356466,9.703713634483309,0.9759994061122788,15.084619783422378,18.92523965151619,-0.005032928829384294,1240.1001372071194,80.69085713212326
L-main-threeshift-75c-01,mixed,reassignment_allowed,2025-11-25,3,2125.950240673476,261.42272856710014,261.4687558127369,1612.0941854497669,1873.516914016867,1873.5629412625037,-0.04602724563683106,-0.01760644374309524,-0.002456729656000142,13.953582516989572,0.05406737427045982,0.020681971520537547,-0.8512942649404457,0.13432679161667238,0.0,-0.04602724563683106,0.0,58.58583690777116
L-main-threeshift-75c-01,mixed,reassignment_allowed,2025-11-26,3,2125.950240673476,335.6961461602369,335.83889439623795,1612.0941854497669,1947.7903316100037,1947.9330798460048,-0.1427482360010496,-0.04252304878499022,-0.0073287270033349445,17.23471673066358,0.20901434851172476,0.06226295741028749,-0.6829590265810965,0.34902291869074514,0.0,-0.1427482360010496,0.0,100.26963737466856
L-main-threeshift-75c-01,mixed,reassignment_allowed,2025-11-27,3,2125.950240673476,322.4884433613516,245.54662348558546,1612.0941854497669,1934.5826288111184,1857.6408089353524,76.94181987576614,23.858783612147008,3.9771793011007284,16.66966499950091,77.31928106374257,23.975830035281458,0.9951181492794114,71.31737676886063,77.19545729593062,-0.25363742016448515,1240.1001372071194,71.91835276558574
L-main-threeshift-75c-01,mixed,reassignment_allowed,2025-11-28,3,2125.950240673476,172.69597817481727,171.3939117739842,1612.0941854497669,1784.7901636245842,1783.488097223751,1.3020664008330602,0.7539645188002004,0.07295347247929695,9.675982179557913,2.5396499009415643,1.470590066880839,0.5126952342330038,1.023010799185376,1.307241644632749,-0.005175243799698137,904.6571386080291,54.946571796616745
L-main-threeshift-75c-01,mixed,reassignment_allowed,2025-11-29,3,2125.950240673476,170.51148593551537,160.50647426397828,1612.0941854497669,1782.6056713852822,1772.6006597137452,10.00501167153711,5.867646755081848,0.5612577045018659,9.565294707214134,11.293682910770903,6.62341475051246,0.8858945085128277,14.749322408710498,9.837334445962574,0.16767722557454098,1240.1001372071194,69.70157373424821
