StringID  Type  x          y          demand  ReadyTime  DueDate  ServiceTime
D0        d     6420.45     3099.80     0.0     0.0        86400.0  0.0
D1        d     27663.07    -5455.96    0.0     0.0        86400.0  0.0
C001      c     -23244.14   50213.87    103.0   4254.0     23362.0  206.0
C002      c     -30466.24   39068.20    325.0   4404.0     24321.0  650.0
C003      c     56334.20    2250.32     156.0   4847.0     23799.0  312.0
C004      c     -56355.05   -62865.65   558.0   2705.0     22514.0  1116.0
C005      c     30898.76    169.40      264.0   4027.0     24241.0  528.0
C006      c     -38691.18   18037.01    135.0   3409.0     22912.0  270.0
C007      c     23533.07    33728.38    246.0   2153.0     21415.0  492.0
C008      c     64892.15    25188.86    243.0   4481.0     24336.0  486.0
C009      c     -62772.04   12793.53    753.0   1987.0     22078.0  1506.0
C010      c     4156.16     -5494.80    604.0   5243.0     26207.0  1208.0
C011      c     -71413.23   -52195.92   724.0   2918.0     23329.0  1448.0
C012      c     -47996.82   -16647.06   547.0   4473.0     25134.0  1094.0
C013      c     -342.26     8815.40     374.0   2839.0     21753.0  748.0
C014      c     39477.24    -37337.74   705.0   3387.0     23869.0  1410.0
C015      c     64230.56    -33866.96   438.0   4794.0     24169.0  876.0
C016      c     -23167.22   21792.24    686.0   2619.0     22099.0  1372.0
C017      c     -61259.75   -65323.40   361.0   4467.0     24802.0  722.0
C018      c     85192.83    -35489.58   341.0   3720.0     24296.0  682.0
C019      c     79529.78    -33308.75   751.0   2336.0     23072.0  1502.0
C020      c     41708.37    36783.31    428.0   970.0      21255.0  856.0
C021      c     65972.07    1851.78     206.0   2465.0     21825.0  412.0
C022      c     42331.83    26427.54    309.0   862.0      20301.0  618.0
C023      c     7671.75     9242.64     368.0   1678.0     22275.0  736.0
C024      c     39784.53    -12149.82   735.0   5135.0     25605.0  1470.0
C025      c     78235.71    -35877.53   787.0   4086.0     24854.0  1574.0
C026      c     -12619.73   -15776.97   768.0   2322.0     23423.0  1536.0
C027      c     45002.55    -1354.06    828.0   2144.0     23632.0  1656.0
C028      c     -60947.93   40317.24    411.0   3887.0     24462.0  822.0
C029      c     -43773.90   12177.11    587.0   1800.0     22863.0  1174.0
C030      c     14516.25    24099.11    793.0   2298.0     23695.0  1586.0
C031      c     25474.01    -50750.77   553.0   905.0      21287.0  1106.0
C032      c     53685.80    -7343.82    713.0   4026.0     25342.0  1426.0
C033      c     22453.88    -54186.57   654.0   3115.0     23344.0  1308.0
C034      c     -60462.18   -11861.08   547.0   5170.0     24920.0  1094.0
C035      c     71394.61    -12213.19   428.0   649.0      19647.0  856.0
C036      c     -627.97     -10125.03   574.0   4627.0     25192.0  1148.0
C037      c     57927.44    53414.47    600.0   1417.0     21978.0  1200.0
C038      c     8556.89     -35388.66   764.0   4220.0     25548.0  1528.0
C039      c     39832.46    1138.90     367.0   2517.0     22652.0  734.0
C040      c     15532.29    -68340.15   598.0   1153.0     21800.0  1196.0
C041      c     -83135.33   22538.34    502.0   2018.0     22378.0  1004.0
C042      c     24277.98    -7968.85    588.0   2631.0     22942.0  1176.0
C043      c     712.86      4432.97     381.0   4817.0     25229.0  762.0
C044      c     9811.48     -4832.90    462.0   3265.0     23961.0  924.0
C045      c     35613.70    20520.53    820.0   1465.0     21326.0  1640.0
C046      c     -34996.50   38545.36    335.0   3611.0     22481.0  670.0
C047      c     22332.96    10436.73    322.0   2123.0     22584.0  644.0
C048      c     14690.35    16728.56    313.0   868.0      20531.0  626.0
C049      c     -38.73      -17757.17   355.0   917.0      19733.0  710.0
C050      c     -46121.07   17.87       256.0   4008.0     23131.0  512.0
C051      c     -2440.05    -6629.67    458.0   910.0      21455.0  916.0
C052      c     5328.55     34238.02    336.0   3088.0     22572.0  672.0
C053      c     -36245.23   -57215.50   101.0   4661.0     23493.0  202.0
C054      c     14820.00    32411.73    751.0   3955.0     25104.0  1502.0
C055      c     77229.41    -15544.68   115.0   706.0      19448.0  230.0
C056      c     58432.12    64203.28    226.0   1151.0     21078.0  452.0
C057      c     29920.54    -16364.74   406.0   2213.0     22424.0  812.0
C058      c     -74.47      -5504.70    345.0   3388.0     22545.0  690.0
C059      c     -74090.50   -12020.98   354.0   3163.0     22655.0  708.0
C060      c     -59303.54   12793.15    613.0   692.0      20510.0  1226.0
C061      c     13256.83    10616.64    354.0   4520.0     24930.0  708.0
C062      c     -61769.66   66354.37    146.0   4008.0     24043.0  292.0
C063      c     23824.71    -12908.84   178.0   1880.0     21192.0  356.0
C064      c     28077.01    6707.39     698.0   1353.0     22661.0  1396.0
C065      c     39131.40    17046.10    807.0   2199.0     23783.0  1614.0
C066      c     -81768.02   44791.44    719.0   2417.0     23128.0  1438.0
C067      c     64394.30    1671.68     715.0   1236.0     21904.0  1430.0
C068      c     -17118.94   55897.56    564.0   4271.0     24977.0  1128.0
C069      c     -33195.72   14677.45    623.0   1448.0     20787.0  1246.0
C070      c     -4225.58    -22315.24   737.0   1531.0     21190.0  1474.0
C071      c     78500.72    19258.80    159.0   34405.0    53960.0  318.0
C072      c     40587.95    -28829.87   729.0   35847.0    55953.0  1458.0
C073      c     -102035.42  -7109.97    719.0   34519.0    55438.0  1438.0
C074      c     -14237.37   -35902.79   794.0   35052.0    54690.0  1588.0
C075      c     64820.85    68841.24    285.0   33994.0    53314.0  570.0
C076      c     -50641.99   11650.44    471.0   35493.0    55702.0  942.0
C077      c     -88009.71   53495.71    705.0   34944.0    54962.0  1410.0
C078      c     -7750.97    -37029.55   722.0   36059.0    56144.0  1444.0
C079      c     -15004.46   -27183.82   443.0   33596.0    52997.0  886.0
C080      c     -56072.11   -65154.15   355.0   34653.0    53865.0  710.0
C081      c     77687.08    61494.44    662.0   37074.0    56657.0  1324.0
C082      c     3221.58     16911.78    819.0   33444.0    54940.0  1638.0
C083      c     26396.60    -66338.14   719.0   37155.0    57970.0  1438.0
C084      c     15591.52    -30357.74   430.0   34289.0    54578.0  860.0
C085      c     41099.15    -32690.79   550.0   33086.0    52610.0  1100.0
C086      c     -37736.84   84682.97    663.0   33957.0    54952.0  1326.0
C087      c     -29139.72   2997.54     310.0   36883.0    55516.0  620.0
C088      c     66572.45    13159.68    718.0   33267.0    53375.0  1436.0
C089      c     25347.05    18338.00    271.0   35120.0    54082.0  542.0
C090      c     -98436.05   21395.70    518.0   37217.0    56726.0  1036.0
C091      c     63481.10    3600.04     293.0   36239.0    56125.0  586.0
C092      c     -59046.27   -3418.58    152.0   35250.0    55298.0  304.0
C093      c     26467.26    720.94      513.0   36909.0    57434.0  1026.0
C094      c     8545.02     932.14      750.0   36002.0    55842.0  1500.0
C095      c     -8642.17    -23596.92   802.0   36792.0    57174.0  1604.0
C096      c     -105218.38  17084.26    358.0   33485.0    53489.0  716.0
C097      c     -36239.94   -9326.49    367.0   34197.0    53302.0  734.0
C098      c     33382.97    -62313.17   820.0   37518.0    58148.0  1640.0
C099      c     46437.89    -9900.14    505.0   35479.0    54751.0  1010.0
C100      c     23315.21    -55512.29   775.0   34660.0    54290.0  1550.0
C101      c     34098.66    -39152.76   631.0   36743.0    56476.0  1262.0
C102      c     17135.70    10663.25    131.0   34237.0    53173.0  262.0
C103      c     22650.61    31970.62    327.0   34790.0    54779.0  654.0
C104      c     -3664.98    -3498.34    378.0   33073.0    53766.0  756.0
C105      c     -15526.04   57073.34    670.0   35937.0    55807.0  1340.0
C106      c     12384.74    -71074.96   658.0   36825.0    56708.0  1316.0
C107      c     3897.33     -24016.69   828.0   34134.0    55107.0  1656.0
C108      c     -89561.19   52129.69    211.0   36656.0    56113.0  422.0
C109      c     -19342.81   -5077.15    581.0   35803.0    56031.0  1162.0
C110      c     -53089.77   80122.19    514.0   36971.0    57925.0  1028.0
C111      c     58901.79    -1400.27    686.0   37012.0    57205.0  1372.0
C112      c     31266.65    72577.69    199.0   35905.0    55962.0  398.0
C113      c     -4593.38    -69262.17   503.0   34094.0    54101.0  1006.0
C114      c     65950.18    2499.27     449.0   37782.0    56906.0  898.0
C115      c     23363.60    -9141.27    366.0   34562.0    54057.0  732.0
C116      c     -4104.65    -58678.05   398.0   36872.0    57056.0  796.0
C117      c     -28571.17   19972.34    378.0   36071.0    55301.0  756.0
C118      c     29612.32    -10082.59   515.0   33992.0    54353.0  1030.0
C119      c     -14011.65   -69894.89   390.0   33656.0    53770.0  780.0
C120      c     40489.64    -211.46     288.0   34430.0    53911.0  576.0
C121      c     -57140.16   87793.90    515.0   36436.0    56335.0  1030.0
C122      c     -16008.65   39277.71    646.0   36065.0    55883.0  1292.0
C123      c     -7689.78    75925.29    427.0   33521.0    53995.0  854.0
C124      c     5333.18     6270.56     271.0   34760.0    53656.0  542.0
C125      c     36175.62    -66415.17   827.0   33888.0    54258.0  1654.0
C126      c     22337.62    83436.96    301.0   36747.0    55890.0  602.0
C127      c     27826.75    -15185.12   101.0   34925.0    53891.0  202.0
C128      c     29319.46    -77336.38   496.0   34420.0    53520.0  992.0
C129      c     45529.61    36941.34    129.0   37702.0    57524.0  258.0
C130      c     -91429.68   -20542.62   135.0   37650.0    57666.0  270.0
C131      c     49008.92    -26594.62   461.0   33877.0    53533.0  922.0
C132      c     -43848.85   -10973.07   712.0   34926.0    55702.0  1424.0
C133      c     -45735.69   40611.84    499.0   35185.0    54456.0  998.0
C134      c     9130.59     -70409.98   469.0   36446.0    56569.0  938.0
C135      c     -11591.15   -49565.93   594.0   34686.0    55547.0  1188.0
C136      c     54199.75    23130.60    712.0   36937.0    57333.0  1424.0
C137      c     -25450.73   -13936.80   345.0   36080.0    56067.0  690.0
C138      c     58647.56    6450.49     221.0   37346.0    56457.0  442.0
C139      c     -37797.67   109480.28   452.0   33447.0    52474.0  904.0
C140      c     55636.43    83601.09    366.0   36083.0    55541.0  732.0
C141      c     -72813.92   -4393.87    371.0   65533.0    85884.0  742.0
C142      c     -42340.34   -70693.41   134.0   66589.0    85868.0  268.0
C143      c     33387.64    -2996.25    191.0   66445.0    84932.0  382.0
C144      c     30978.23    28741.53    305.0   65876.0    84970.0  610.0
C145      c     -24966.35   -60602.57   214.0   66250.0    86054.0  428.0
C146      c     18694.49    54327.48    392.0   66357.0    85208.0  784.0
C147      c     14345.56    3512.28     338.0   66072.0    86086.0  676.0
C148      c     -16421.67   20302.20    192.0   67162.0    85576.0  384.0
C149      c     -25498.54   8949.19     485.0   65800.0    85370.0  970.0
C150      c     -63679.57   19791.81    272.0   66330.0    85003.0  544.0
F1        f     6420.45     3099.80     0.0     0.0        86400.0  0.0
F2        f     19041.54    -65808.05   0.0     0.0        86400.0  0.0
F3        f     -22770.85   3468.15     0.0     0.0        86400.0  0.0
F4        f     56334.20    2250.32     0.0     0.0        86400.0  0.0
F5        f     -26621.18   11323.19    0.0     0.0        86400.0  0.0
F6        f     -60255.27   -35139.63   0.0     0.0        86400.0  0.0
F7        f     33842.22    -27408.02   0.0     0.0        86400.0  0.0
F8        f     -47996.82   -16647.06   0.0     0.0        86400.0  0.0
F9        f     -36665.58   -7348.28    0.0     0.0        86400.0  0.0
F10       f     20339.80    5353.20     0.0     0.0        86400.0  0.0
F11       f     -83135.33   22538.34    0.0     0.0        86400.0  0.0
F12       f     654.44      1258.91     0.0     0.0        86400.0  0.0
F13       f     -4225.58    -22315.24   0.0     0.0        86400.0  0.0
F14       f     -59303.54   12793.15    0.0     0.0        86400.0  0.0
F15       f     -77164.48   -11570.46   0.0     0.0        86400.0  0.0
F16       f     -38326.23   16219.53    0.0     0.0        86400.0  0.0

m numVeh /20/
m numPetrolVeh /10/
m numElectroVeh /10/

DistanceMatrix
0 22901 55675 51520 49921 91062 24653 47520 35085 62505 69868 8888 95476 57889 8855 52230 68619 34998 96241 87717 81673 48783 59565 42823 6269 36684 81711 26812 38838 76965 51009 22506 57122 48405 59488 68535 66754 14986 72004 38548 33470 72019 91641 21010 5861 8627 33996 54514 17523 15942 21834 52632 13159 31157 73880 30492 73222 80242 30514 10781 81919 66435 10161 93011 23647 21955 35560 97547 57991 57807 41273 27555 73869 46765 108935 44136 87935 57700 107036 42558 37096 92541 92135 14178 72254 34692 49836 92767 35560 60987 24299 106441 57063 65790 20187 3035 30653 112511 44433 70752 42076 60998 50511 13116 33120 12052 58265 74414 27234 107779 27030 97334 52674 73787 73195 59533 20902 62668 38847 26677 75800 34230 105892 42566 74180 3352 75615 81899 28153 83632 51718 100666 51919 52202 64245 73560 55661 51808 36139 52334 115204 94354 79588 88448 27648 35505 71015 52678 7936 28595 32451 72060 0 70054 29194 49921 34050 76863 41020 57889 44335 14101 91641 6053 27555 66435 84863 46630
22901 0 75437 73222 29689 101759 6490 70390 39401 48219 92258 23507 109548 76483 31432 34000 46307 57673 107198 64898 58872 44513 39000 35096 24813 13847 59017 41584 17818 99735 73581 32347 45348 26091 49008 88358 44251 28674 66194 35511 13841 64044 114280 4216 28707 17862 27166 76566 16763 25699 30310 73987 30126 45546 82239 39986 50583 76152 11140 27738 101965 88861 21584 114695 8383 12170 25256 120416 37416 75958 64103 36071 56527 26709 129709 51794 83071 80152 129829 47445 47881 102837 83575 33132 60895 27673 30369 111365 57428 43133 23906 128926 36945 86733 6292 20157 40585 134780 64020 57144 19294 50245 34306 19252 37761 31389 75995 67374 30155 130605 47007 117663 31501 78117 71496 39105 5663 61982 61716 5020 76741 13857 126044 62517 88728 25222 61551 89052 9731 71900 46008 120045 30041 71724 86658 67546 59047 39005 53787 33193 132270 93347 100483 95689 6231 34358 76230 60452 16056 51058 55079 94768 22901 60965 51217 29689 56818 92794 22805 76483 64356 13056 114280 27831 36071 88861 105006 69458
55675 75437 0 13281 92915 117827 73729 35693 49597 91620 54431 62082 113173 71296 47311 107700 121332 28422 121631 138216 132433 66327 101481 69757 51327 88667 133079 66841 85539 38981 43223 45911 112104 96079 113964 72377 113374 64438 81235 91319 79919 124734 65976 75124 51670 64209 65924 16561 60494 50599 71823 55163 60531 32736 108213 42021 120080 82866 85201 60344 80365 51967 53854 41770 78740 67281 70646 58775 100184 8356 36904 74981 106350 101599 97438 86586 90013 47305 64849 88608 77835 119948 101560 42538 126683 89443 104944 37392 47583 97160 58113 80525 98459 64484 70148 58645 75241 88416 60942 125972 92029 115524 106182 56522 49388 57169 10326 126414 79037 66345 55428 42252 97015 58920 120923 101155 75467 110561 30707 80184 120463 81269 50608 13113 30050 52418 130893 56405 82977 137957 70043 98264 105452 64563 24455 124893 100458 82043 64189 92852 61027 85655 73751 122406 77708 58319 110830 42140 59950 30680 41326 50602 55675 123488 46748 92915 39037 93032 96354 71296 59106 62546 65976 54477 74981 51967 82004 37190
51520 73222 13281 0 94286 105170 72655 22582 54263 96363 41642 56432 100029 58408 42693 103586 119528 18755 108839 137608 131672 72211 103370 73887 48416 86939 132034 57676 85612 30507 30004 47408 105815 96102 107224 59106 114041 57535 89550 84063 79878 116844 55202 72176 46602 59579 68634 4560 60063 50380 64459 42071 53607 36119 96457 45773 120751 92383 81972 53948 67180 39012 52165 41526 75161 66892 72999 51620 101966 21480 24543 66757 110753 98279 85174 76707 99830 34041 59325 79416 68032 107322 110454 40321 119766 83314 101346 46191 36095 100438 59539 70230 100420 51205 68644 54555 66357 77918 48738 119812 91171 108802 101426 55433 53589 50301 23396 118185 71837 60521 45525 46875 98104 70241 111377 103118 72262 101239 19190 77622 110198 81103 55549 14459 43327 48552 124771 68970 79634 130860 76026 85264 103092 51800 15347 116419 90622 86153 53242 94896 70793 96937 60682 110402 76464 62306 99822 51474 57204 23440 30526 38402 51520 115974 36422 94286 28010 79964 92491 58408 46829 60975 55202 48970 66757 39012 68884 24163
49921 29689 92915 94286 0 130150 25520 96328 45462 24483 119572 52750 138866 106029 57055 43028 36970 81868 135626 47509 42456 37503 9646 27939 49162 21938 43971 71272 11891 123305 100599 47182 61331 9953 65826 117646 20881 58291 51189 60822 16539 81534 140937 33646 55664 47059 27625 98278 34973 44089 59818 102480 59441 60206 110032 51314 27446 61988 32314 56939 131203 116117 43882 134380 35870 28607 22690 144506 8081 90958 90388 65353 27940 34841 158646 80225 67130 107388 153171 75165 77172 131067 62975 55099 74837 52185 38118 125078 85477 14961 34914 155950 7273 115520 29906 47807 69929 162232 93295 68522 15671 66534 46996 40091 44921 60274 90385 85488 58648 154186 76031 134304 4463 74661 93948 9619 34883 85820 86735 29431 100764 16035 142106 81268 97607 51159 71563 88017 33417 84047 36335 149511 29761 101052 109041 86647 85433 20989 83371 4795 142685 81354 129319 122709 23539 36670 102763 64256 42008 74962 82106 121289 49921 77606 79114 0 83450 122438 37222 106029 93494 36128 140937 55689 65353 116117 134212 95686
91062 101759 117827 105170 130150 0 107641 82809 125350 149848 75931 83385 18455 46968 90970 99174 124023 90931 5486 144171 139062 139808 138392 133088 96432 108696 137270 64266 118562 103285 76090 112186 82721 123254 79285 51170 137425 76727 163039 70488 115536 72095 89504 97547 88237 88010 124143 103636 107541 106690 72155 63711 77906 115039 20888 118927 141718 171238 98009 80360 53849 75716 101220 129333 94469 109404 124513 110616 136914 125077 80928 66044 157894 102744 72079 50009 178970 74735 120590 55044 54617 2306 182846 99568 82824 78950 102019 148719 71265 144537 115192 94185 137034 59508 104416 91006 61794 93700 57193 89740 115636 80009 93510 103959 123433 79377 126698 69228 71691 119694 68625 143025 130622 161315 52155 138676 96132 52418 87373 100878 42923 115345 150662 109823 147076 92657 92599 166123 96747 86888 142625 54968 111432 53378 104021 65919 46698 140063 57871 134277 173342 184376 60744 16053 107880 126566 31470 139164 96977 92258 78163 82981 91062 75454 74351 130150 79926 27999 96916 46968 58905 102645 89504 85802 66044 75716 55355 81114
24653 6490 73729 72655 25520 107641 0 71847 34358 42208 94518 27336 114934 80668 32415 38476 47639 58230 113060 64957 59040 38176 35114 28639 24936 15189 59499 46348 14186 100238 75632 29000 51208 23994 55008 92150 42347 33165 59713 41994 8986 70212 116207 10491 30486 21672 20890 76255 13371 23171 35756 77020 34025 42597 88325 36029 48923 69702 16563 31489 105695 91081 20503 113877 14869 7121 18778 121181 33529 73562 65716 41705 51287 30575 133133 57780 76593 82345 130319 53643 53435 108771 77136 32347 66660 34150 34407 108873 60105 37965 18998 131065 32762 90017 4466 22367 46134 137164 67807 62532 18516 56196 39452 17307 32853 34758 73439 73611 36250 131189 50515 115959 28047 72409 77977 35129 11978 68471 62680 10332 83222 9598 124213 61072 85018 26284 66793 83707 15659 77522 39576 124069 32315 75574 86651 73860 65414 32713 58088 28451 129105 87022 103813 101909 4027 28572 82548 55516 16887 51425 57077 96592 24653 67034 53771 25520 58591 97754 27734 80668 67981 11763 116207 30264 41705 91081 108699 71061
47520 70390 35693 22582 96328 82809 71847 0 64172 103830 24645 48884 77482 35911 39442 95795 115269 15972 86361 134953 128890 82556 105907 81456 47190 84081 128758 42698 85911 31492 7757 53552 94069 95800 94631 36985 114166 47349 102892 71321 80321 101986 44672 68128 41686 53624 74346 20838 61496 53398 52681 19491 43847 46906 75292 55408 120687 107537 76753 45227 46439 21269 52475 53546 69756 67723 77829 50709 104376 43575 6441 53068 117198 92096 68153 59224 115307 13550 60742 63163 51049 84987 124227 41928 106563 72723 94551 66653 17816 105377 64039 59839 103187 29575 67420 50238 51345 66534 27473 107939 89596 96199 92569 56312 62904 41117 45392 102712 59852 61238 30143 63733 99510 88706 93722 105789 67746 84151 10303 73865 91330 81256 72155 31075 65667 45570 112859 89452 74353 117139 86316 65343 98404 29465 23648 100547 72832 93030 34607 98026 91448 114875 40835 88805 75085 70487 79828 67898 54990 22384 16020 25050 47520 101799 21580 96328 13812 57383 85594 35911 25466 60378 44672 42774 53068 21269 48547 1854
35085 39401 49597 54263 45462 125350 34358 64172 0 42231 88808 43748 128054 87488 34506 72833 78901 48202 130388 92699 87348 18430 53077 20167 29174 48672 88529 61301 41130 84738 70673 13192 84501 50952 87922 95570 66343 50069 39630 70721 36438 102382 107254 41704 37135 40930 17899 58727 23323 19162 56625 77383 47993 18212 108831 8812 72878 46332 50499 45788 107812 85441 25293 91329 46638 27400 22839 105881 51935 46304 59842 62541 56840 64841 132042 79216 54200 77391 113281 77365 72079 126944 60857 26370 100107 64576 68703 79689 60982 47702 15497 122591 50036 90550 33138 36059 65738 129823 73665 96545 49276 89241 73643 23936 1967 46104 45504 105395 60992 114581 57829 89574 49849 39612 106762 52673 42870 96451 53890 44231 110215 37940 97115 39929 52492 32942 100938 49723 49102 111215 22230 127129 65482 80861 69610 105130 90397 32446 68348 44465 97467 59312 103615 123463 38024 8961 106068 21160 31582 42150 54937 88319 35085 99638 55315 45462 54931 108459 61999 87488 72878 28554 107254 39720 62541 85441 110417 64289
62505 48219 91620 96363 24483 149848 42208 103830 42231 0 128265 68047 156740 120392 67258 67494 59060 88125 155264 63984 60301 25921 23362 22594 59401 44995 62507 87671 33168 126746 109442 50388 85561 34409 90008 130715 37963 74431 29072 82724 34733 105755 148051 52430 67452 62731 29648 100778 45043 50910 77848 113831 74472 60247 130458 50590 42561 39546 54311 71852 143878 124813 53652 133183 56018 41194 27017 147964 23522 87572 98649 83868 14844 59234 170024 99968 43652 116325 155500 95646 95532 150978 38494 62224 99293 74270 62579 118627 96615 12146 40134 163372 21635 127197 45554 61346 88246 170303 106860 93002 39646 90782 71331 49917 42782 74317 86508 109653 78368 156785 89507 130144 27256 58107 117257 22714 53881 108601 93609 49887 123559 35223 137154 82118 88557 62491 96000 72137 54808 108521 22650 162874 54165 114596 111698 110673 106948 10889 98451 19751 132854 59141 140848 143848 42272 34099 124237 54619 54998 81461 91838 128685 62505 101896 90314 24483 92558 138929 61078 120392 106643 48768 148051 68550 83868 124813 146736 103607
69868 92258 54431 41642 119572 75931 94518 24645 88808 128265 0 69382 65561 32940 62556 113877 135303 40614 78132 155643 149584 107199 129208 105984 70533 105546 149171 57719 108699 27584 19008 78111 108744 118186 108396 24763 136477 66236 127352 86078 103264 112757 22575 89492 64033 74693 98689 37877 85138 77562 69777 20987 63381 71397 74866 80034 142841 131656 97171 65313 27274 3469 76060 53570 90331 91053 101992 37212 127652 62787 29636 68266 141421 111426 44020 68753 139360 12184 47892 74227 62289 78235 148663 66122 119218 89459 113393 76124 35030 129345 88293 36687 126587 16635 90052 72297 65225 42663 34543 122011 111543 109894 109920 79936 87549 61311 64752 112616 76156 47592 46962 68021 122499 111433 100588 129133 88885 92466 34946 95175 95995 104077 75212 53742 83783 68417 126746 110608 94821 128857 110961 43961 118518 30380 32620 109967 80673 117428 45906 121585 99860 137965 19906 85951 97447 95097 82561 91443 77674 46955 37471 7057 69868 113453 41074 119572 36181 47999 104645 32940 32973 83444 22575 64467 68266 3469 28297 24685
8888 23507 62082 56432 52750 83385 27336 48884 43748 68047 69382 0 88835 53332 15001 47556 66437 38615 88649 86410 80342 56547 62251 49764 15151 36245 80068 19676 41056 79607 51084 31355 50026 49564 52016 64931 67573 6658 79760 30216 36288 63867 91682 20273 10508 5694 40821 58928 24170 24594 12960 50579 6693 39750 65630 39378 73761 88339 27964 4231 78518 66042 18504 97512 21020 26853 41610 99557 60663 64974 42451 18793 78357 43264 106204 35538 95948 57418 109428 33708 28940 84774 99470 22426 64781 27367 45874 99434 34362 65144 31891 106058 60018 63237 23161 7783 22169 111681 40577 63895 42511 53561 45049 20726 41782 8072 65591 66094 18524 110016 23503 102992 54899 82646 64365 62309 19551 53821 41469 25866 66914 36716 111624 49104 82277 11824 68823 90771 25577 76121 59267 96763 49568 48317 67934 65105 46800 57652 30787 55785 122390 102899 76978 80080 29338 43492 62330 61564 13600 32999 32985 72395 8888 62123 28380 52750 35073 70906 36898 53332 40864 19483 91682 7608 18793 66042 81547 47710
95476 109548 113173 100029 138866 18455 114934 77482 128054 156740 65561 88835 0 42568 93667 111881 136877 88329 16596 157495 152120 143923 147634 138274 100146 118189 150536 69159 127034 93103 70056 114912 96898 132896 93888 41795 148299 82344 166981 81717 123370 88432 75648 105417 91701 94025 129393 97776 112744 110292 79249 58017 82665 115586 35524 120808 153095 174381 107482 85260 40264 66108 105425 118942 103023 115620 130440 97539 146101 120963 77024 73533 166072 114413 54502 59452 182235 67140 106987 65444 61705 20081 187500 101716 98827 89704 114191 140961 69522 152681 119740 78396 145978 50321 111269 96000 68979 77088 55452 105283 125211 94786 106315 108592 126222 83434 122732 85898 80410 105892 70225 133581 139865 161591 68965 147852 104098 67620 83927 109452 60068 123388 140716 106944 143093 96480 108524 164880 105917 103823 147041 37451 123113 49589 96294 82578 59880 146467 59802 142672 165134 185964 47823 34459 115775 130518 47202 139523 102264 90995 76465 72402 95476 91473 73923 138866 77724 20382 108135 42568 56734 108308 75648 89728 73533 66108 41031 75996
57889 76483 71296 58408 106029 46968 80668 35911 87488 120392 32940 53332 42568 0 54030 89888 113541 45761 50451 134516 128610 104412 115460 100073 61394 87896 127689 35388 94248 58418 29132 74620 81000 102107 79828 13353 119474 47816 126998 59578 89612 81903 52633 72794 53075 59003 91499 56703 75365 71018 47971 16770 46645 73708 42236 79704 125231 133656 77918 49201 26501 31537 67047 84136 71919 79578 93416 70108 113874 78843 34645 44137 131495 89419 54874 38865 141549 28421 80753 45113 34634 49175 147995 61233 89463 65050 90529 101848 27231 118383 81261 63177 113302 17236 76463 59212 39964 66424 13850 93317 94675 81215 85124 70626 85760 46241 80555 81292 52415 80361 30902 96903 107980 119347 68207 115544 71754 60771 41453 77886 63169 90000 104840 64427 100967 58046 97785 122326 75838 98290 107791 43607 97514 7029 57304 78447 49082 109665 22708 109117 126539 144186 27677 54342 82521 91089 49623 97392 65521 48603 34078 39670 57889 83132 32264 106029 35203 22187 82543 0 14658 71791 52633 51842 44137 31537 29606 34260
8855 31432 47311 42693 57055 90970 32415 39442 34506 67258 62556 15001 93667 54030 0 60957 77404 26256 95956 96329 90299 50502 66679 46166 8025 45274 90399 27487 46471 68304 43562 21316 64920 56393 66999 63576 74755 18943 73379 45091 40902 78772 83923 29797 4508 17011 37813 45659 22733 16988 26574 46616 15587 26047 75161 28048 81307 80760 39368 14323 76635 59095 13718 84167 32496 28497 40323 89019 65130 49982 33372 31372 79532 55610 102933 46827 88596 50380 98397 46440 38871 92614 94147 8846 79769 42290 58653 84583 29379 67056 27397 98897 64036 59965 28005 11880 33458 105202 40222 78719 50385 68540 59052 17575 32632 12754 50590 80898 33105 99177 23538 88696 60118 71167 78193 66593 29739 67598 30354 35418 79888 41818 97281 34255 67511 6220 83625 77992 37007 91115 53808 95702 60741 47795 55422 79790 59455 56389 33884 59037 107407 93416 73666 89919 35738 37122 73656 49333 15616 19761 25157 64281 8855 77100 23057 57055 26398 74308 49807 54030 39757 20970 83923 7622 31372 59095 79481 38699
52230 34000 107700 103586 43028 99174 38476 95795 72833 67494 113877 47556 111881 89888 60957 0 24995 86143 104552 45753 40255 74155 47305 63829 56403 25190 38786 56382 36405 126947 96863 66314 19391 33189 23952 103136 40620 48466 92609 30982 38478 39173 136451 33069 56987 44007 57987 106323 50758 59477 44101 93394 51962 79305 78288 73980 43591 103295 23048 50771 116355 110773 54655 144924 29013 45497 54385 146443 46288 109069 89370 46213 68746 8580 144705 53734 109162 102573 156536 47229 55420 99516 105961 65249 31814 24885 4922 144399 79594 57307 57441 149899 47456 104199 40221 49208 50043 154592 80732 25708 28307 24321 5677 52946 71322 54830 109265 43269 37992 157020 67086 149551 40851 110222 54419 47831 32476 48526 88966 28986 62618 37140 158091 94597 122692 55385 29264 121985 25029 41268 74525 131980 14362 87398 115488 44885 52512 62235 69016 47801 165912 122014 117024 88356 34877 66624 68514 93992 47962 80294 79777 117920 52230 35045 74431 43028 82079 99757 11417 89888 81836 46784 136451 54744 46213 110773 119454 94455
68619 46307 121332 119528 36970 124023 47639 115269 78901 59060 135303 66437 136877 113541 77404 24995 0 103616 129373 21025 15309 74153 35761 64148 71115 32699 14149 78951 37773 145509 117410 76365 42274 28542 46456 126620 22808 69067 87509 55694 42669 59665 157792 47612 74171 61680 61457 122840 60977 70811 66258 115437 72020 90043 103153 82670 22465 98242 38516 70282 140036 132052 67654 160998 45518 54345 56764 165839 35539 121142 108851 69424 55009 24173 168405 78494 102710 123562 175526 72051 79516 124305 96306 79376 49858 48765 23161 156370 100384 47085 65094 171798 37474 126981 51209 65665 73593 176943 103424 41961 29849 46288 30592 64814 77868 74378 120960 63816 61132 176203 88393 163577 32901 111432 77392 36407 47765 72700 107289 42001 86139 41186 171849 108575 131251 71274 42971 124560 40918 55753 73236 156229 16870 110478 132814 66117 77430 57873 91869 40702 175949 117782 140178 112754 43638 70891 93118 99256 62336 97155 99421 138709 68619 55338 94674 36970 101470 124492 31067 113541 104323 58861 157792 72634 69424 132052 143142 114134
34998 57673 28422 18755 81868 90931 58230 15972 48202 88125 40614 38615 88329 45761 26256 86143 103616 0 95080 122569 116545 66585 91342 65663 33295 71519 116655 39022 71992 42078 22740 37754 87341 82191 88623 50234 100490 39073 87042 65392 66299 98089 59973 56007 29523 42385 58795 20509 46896 38195 45816 31639 35177 31095 80083 39444 107115 91963 65378 35755 61127 37240 38100 58957 58416 53418 62479 62952 89844 34637 12296 48003 101700 81408 83997 58382 99777 29287 72178 60808 49652 92965 108388 26836 101112 64976 84253 64556 19721 90154 48637 75270 88537 43851 53922 37958 47657 82186 33753 101349 76481 90203 83628 41811 46935 31937 36099 99440 53207 72997 27140 65557 85283 74446 92930 91182 55875 82697 5702 61658 92143 67352 74232 18894 56302 32453 106311 76621 62990 112167 70347 80324 86895 38747 29386 97695 72291 77379 35802 83241 88900 100152 56129 94452 61749 54590 82414 53018 41730 6908 13053 40562 34998 97239 18328 81868 11024 67947 75304 45761 32115 46509 59973 31450 48003 37240 63473 16151
96241 107198 121631 108839 135626 5486 113060 86361 130388 155264 78132 88649 16596 50451 95956 104552 129373 95080 0 149460 144384 145011 143876 138382 101546 114181 142569 69431 124031 105641 79449 117211 87949 128740 84451 53468 142891 81994 168239 75963 120983 76851 90544 102987 93309 93329 129436 107138 112816 111808 77528 67072 83095 119777 26296 123856 147164 176361 103493 85568 54825 78141 106394 131679 99933 114758 129858 112008 142398 129007 84780 71432 163362 108188 71074 55468 184110 77703 121793 60529 59951 5190 188120 104501 87662 84432 107435 151840 75495 150002 120416 94352 142516 61944 109808 96242 67154 93399 61332 94691 121122 85142 98884 109178 128480 84496 130662 73869 77147 120815 73394 145675 136106 166066 56803 144161 101575 57540 91345 106345 47469 120799 153173 113970 151066 97777 97441 170640 102226 91372 147858 53996 116872 57071 107067 70574 52108 145448 62633 139747 176371 189323 62015 19667 113326 131742 36599 143906 102247 96655 82433 85150 96241 80303 78827 135626 84110 30200 102381 50451 62976 107952 90544 90921 71432 78141 56057 84707
87717 64898 138216 137608 47509 144171 64957 134953 92699 63984 155643 86410 157495 134516 96329 45753 21025 122569 149460 0 6068 84346 41998 75305 89501 51055 6968 99779 52730 164632 137494 92445 61638 42248 65466 147559 27059 89491 92991 76636 58303 77018 178049 66843 93438 81377 74801 141162 77850 87734 87057 136030 92263 106020 123366 97790 21476 103222 58487 90386 161003 152350 85443 178802 65391 71013 69869 185259 42586 137183 128579 90384 55156 45099 189367 99431 106301 143782 194724 92957 100541 144346 97274 97289 66398 69790 44182 171910 120637 52091 80492 192238 44715 147762 68992 84861 94586 197536 124219 58342 46441 65037 51225 82231 91991 94441 136792 81039 82101 195489 108870 180245 43050 120775 95928 42584 67209 92259 126563 61112 105001 56947 188302 125825 145053 90119 57958 134515 60853 69807 82580 177254 37261 131350 151439 83695 97802 66309 112723 49635 190113 122704 161037 132303 61152 84053 112985 111755 80873 115923 119279 158805 87717 72768 114777 47509 121218 145449 51983 134516 125066 76642 178049 92180 90384 152350 164110 133906
81673 58872 132433 131672 42456 139062 59040 128890 87348 60301 149584 80342 152120 128610 90299 40255 15309 116545 144384 6068 0 79645 37684 70371 83512 45026 2876 93802 47045 158603 131426 86732 56800 36635 60775 141625 22610 83443 89373 71003 52560 72958 171985 60785 87387 75309 69471 135201 72008 81902 81074 129995 86202 100341 118218 92231 17912 99768 52423 84320 155088 146288 79508 172911 59323 65182 64557 179211 38114 131525 122514 84474 52578 39199 183446 93803 103204 137717 188692 87360 94732 139291 94821 91351 62563 64006 38436 166354 114574 48241 74854 186184 40247 141763 63037 78812 88705 191498 118228 54505 40534 60441 45805 76332 86583 88374 131166 77037 76201 189450 102824 174512 37996 116367 91484 38296 61145 87397 120518 55056 100442 51182 182605 119985 139783 84093 54549 130002 54787 66780 78045 171435 31251 125384 145450 79577 92560 61863 106753 44910 184809 119326 155063 127475 55208 78788 108002 106682 74865 109913 113211 152737 81673 68666 108710 42456 115152 139797 46067 128610 119060 70698 171985 86118 84474 146288 158195 127840
48783 44513 66327 72211 37503 139808 38176 82556 18430 25921 107199 56547 143923 104412 50502 74155 74153 66585 145011 84346 79645 0 42532 10375 43783 48971 81326 75592 38279 102717 88953 30005 89027 45724 92985 113160 57288 63188 23230 79422 35694 108333 125654 48027 52222 52434 17367 76725 32704 33648 68684 95214 61917 36469 122117 27241 63245 32118 54440 59448 125663 103822 38655 107620 52812 33021 19905 123736 41803 61855 78098 74850 40753 65623 150296 91723 39521 95709 130790 88851 85488 141252 43648 43314 104252 72042 69477 92768 78492 34297 24656 140987 39689 108479 39151 48838 78619 148241 90565 99446 46922 94110 76316 35862 19656 60674 60724 111773 71598 132164 74024 104235 41876 37286 115713 41989 49453 105885 72262 48402 120353 37015 111234 57771 63026 47478 103347 50515 53790 114790 3825 144955 63797 97983 87528 112034 101474 18505 84160 34742 107731 48846 121700 136438 40640 13409 118023 28938 43078 60421 72743 106749 48783 105066 72577 37503 72919 124778 64672 104412 89945 38006 125654 54290 74850 103822 128331 82634
59565 39000 101481 103370 9646 138392 35114 105907 53077 23362 129208 62251 147634 115460 66679 47305 35761 91342 143876 41998 37684 42532 0 34100 58767 29696 39672 80545 21213 132621 110231 56059 66386 15346 70952 127176 15074 67668 52186 68435 26149 86435 150536 42835 65310 56557 35639 107429 44476 53396 68862 112108 68936 68750 118056 59586 20721 62806 40393 66455 140748 125753 53439 143103 44657 38205 30843 153854 1588 99121 99994 74241 21447 39821 168246 88651 66999 117025 162411 83348 86025 139229 60782 64532 78842 59797 42566 132727 95119 11324 43843 165566 3043 125129 39521 57434 78835 171867 102821 71967 22797 71486 51935 49625 52763 69842 98445 90498 67249 163458 85596 142485 7782 78782 100183 648 44004 92599 96264 38268 107448 25566 150142 90120 104465 60800 74486 92521 41777 87259 40610 158987 33120 110567 118241 91939 93058 24318 92776 8649 149506 82400 138926 130363 32943 44132 110319 70632 51653 84434 91746 130887 59565 82343 88758 9646 93076 131536 43456 115460 103049 45766 150536 65320 74241 125753 143764 105283
42823 35096 69757 73887 27939 133088 28639 81456 20167 22594 105984 49764 138274 100073 46166 63829 64148 65663 138382 75305 70371 10375 34100 0 38686 38661 71910 69288 27910 104210 87277 27913 78998 35629 83029 109693 48350 56406 31169 70441 25412 98484 125527 38847 47073 45109 8946 78272 25606 29294 61217 92311 55653 37819 114763 28155 54585 41064 44556 53084 122607 102546 33096 111496 43473 24333 9912 125451 33160 66354 76436 67405 36872 55285 148212 84173 48007 94141 133123 80840 78496 134427 49796 40251 94124 62766 59131 99019 75214 27634 18813 140858 31119 105680 30208 42327 71420 147846 86324 89191 36559 84118 66095 29721 20447 54875 65473 101998 63418 134374 69255 109492 32388 47458 106576 33621 40310 96950 71196 38662 111591 26703 116878 59739 70372 42133 93047 60414 44068 104577 10989 141769 53441 93946 89202 102371 93181 12317 78891 25793 115406 58701 119199 128848 30753 11587 110015 36567 36171 59072 70046 106219 42823 95131 69033 27939 70588 119644 54501 100073 85915 30459 125527 48687 67405 102546 125392 81301
6269 24813 51327 48416 49162 96432 24936 47190 29174 59401 70533 15151 100146 61394 8025 56403 71115 33295 101546 89501 83512 43783 58767 38686 0 38586 83756 32214 38806 75328 51529 16357 62579 48912 65129 71327 67238 21071 66909 44640 33166 77980 91775 23917 8459 14237 30132 51761 14710 10262 28079 54578 18820 25105 79658 24247 73842 74815 33923 16658 84482 67069 5752 89910 27415 20562 32413 96245 57226 52832 41227 33726 71534 50329 110919 50181 82571 58363 105420 48775 42908 97970 87364 8867 77866 40385 53627 88052 37337 59031 19878 106802 56094 67909 20637 8356 36669 113162 47677 76035 43235 66618 55141 9570 27220 17054 53159 80456 33473 106271 30575 93359 52324 67587 79457 58667 24170 68934 37798 29238 82054 34153 101838 38247 68429 3782 80849 75630 31669 89244 46909 103481 54709 55345 61939 79666 61883 48556 40428 51052 110068 88486 81633 94292 28480 30387 77095 46413 8796 26511 33172 72127 6269 75907 30985 49162 34356 81141 45035 61394 47340 13252 91775 10629 33726 67069 87352 46524
36684 13847 88667 86939 21938 108696 15189 84081 48672 44995 105546 36245 118189 87896 45274 25190 32699 71519 114181 51055 45026 48971 29696 38661 38586 0 45183 52530 11991 113577 87028 44187 41168 14709 45469 100247 31610 40463 68028 38926 13289 61201 127721 16060 42445 30853 32936 90345 28543 38258 40216 86763 42584 57784 88382 51078 37598 78597 10727 40409 113875 102179 34958 128360 15978 22196 29203 134229 28225 88704 77755 45169 49854 16699 141909 59013 84772 93506 143669 53653 56814 109535 82826 46706 55818 30279 20583 124041 70569 36853 33733 142233 28453 99216 18520 33868 49761 147921 76077 50570 7023 46385 27595 32147 47331 44302 88606 64984 37798 144437 59549 130919 21932 85155 72327 29987 16694 63962 75527 10380 78921 11959 139223 75879 100055 39067 54385 97166 12337 66021 49426 131482 17139 83642 100486 65832 63556 38112 65260 26491 144267 97054 112865 100856 11167 41829 80872 69743 29874 64902 68608 108282 36684 57528 64476 21938 70432 102647 16374 87896 76601 26162 127721 41364 45169 102179 116950 83103
81711 59017 133079 132034 43971 137270 59499 128758 88529 62507 149171 80068 150536 127689 90399 38786 14149 116655 142569 6968 2876 81326 39672 71910 83756 45183 0 93052 47920 158675 131132 87506 54818 37641 58710 140762 24633 82962 91572 69681 53339 70608 171619 60748 87377 75138 70692 135500 72596 82495 80344 129434 85814 101152 116453 93193 20358 102021 52107 83994 154183 145897 79900 173358 59060 65798 65803 179189 40019 132345 122363 83569 55137 38302 182552 92473 105575 137362 188746 85994 93645 137462 97374 91727 60126 62887 37273 167286 114196 50405 75740 185723 42145 141067 63399 78815 87742 190946 117514 52064 41060 58325 44258 76807 87710 88069 132027 74667 75279 189476 102324 175221 39528 118189 89304 40295 61039 85439 120528 55042 98320 51931 183361 120542 141007 84210 51977 131759 54491 64122 79827 170357 30666 124599 145669 77253 90864 63716 105982 46641 185991 121597 154296 125502 55611 80056 106123 108084 75057 110074 113005 152444 81711 66331 108399 43971 114991 138493 45194 127689 118390 71077 171619 86011 83569 145897 157290 127675
26812 41584 66841 57676 71272 64266 46348 42698 61301 87671 57719 19676 69159 35388 27487 56382 78951 39022 69431 99779 93802 75592 80545 69288 32214 52530 93052 0 59400 74042 41857 48233 51714 66840 52014 48002 84090 13257 98815 28863 55112 59627 80253 37715 24212 24959 60365 58751 43690 42455 12736 37038 13686 53138 47700 55453 89849 106982 42544 16214 61585 54732 36962 95715 36557 46495 61282 91924 78966 71816 36754 10640 97624 54785 89835 20191 114705 46882 102383 21803 11653 65774 118854 36325 63865 31756 56319 103552 25008 84313 51042 93521 78529 48043 42426 26966 8773 98257 24485 65436 59349 53574 52240 39805 59362 15197 72908 60688 18458 102622 12637 104089 72952 98654 54084 80668 36590 43738 39147 42614 54136 55343 112734 55159 91835 28432 70322 105192 40451 74488 78489 78954 62571 31596 65394 58803 33805 77322 12962 74653 127763 120561 61261 62443 47750 62311 46495 76780 33154 36279 27879 62227 26812 59208 21758 71272 30503 51420 47896 35388 25480 39151 80253 21597 10640 54732 64682 41044
38838 17818 85539 85612 11891 118562 14186 85911 41130 33168 108699 41056 127034 94248 46471 36405 37773 71992 124031 52730 47045 38279 21213 27910 38806 11991 47920 59400 0 113851 89802 39715 53117 10549 57443 105987 28539 46466 56273 49866 5740 73182 130346 21755 44666 35363 23804 89397 25553 35296 47935 91134 47735 53299 98599 45289 35213 66919 21279 45268 119570 105261 33928 126431 24125 18747 19314 134908 19626 84480 79825 53505 39332 27828 147151 68578 72939 96525 143878 63684 65330 119526 70839 45599 67595 41306 31579 119366 74270 25998 27823 145231 19131 104069 18651 36529 58073 151348 81633 62057 8666 58339 39340 30348 40127 48715 84128 76974 46939 144803 64453 127517 13899 75197 84091 21299 22997 75482 76602 17693 90446 4655 135575 73303 93534 40395 65657 87768 22052 77584 38299 137775 25557 89371 99973 77817 74345 26155 71568 15719 138348 85618 117856 111520 11730 33203 91684 61584 31041 65130 71250 110720 38838 69486 67945 11891 72737 110547 28344 94248 81888 25559 130346 44425 53505 105261 122593 85162
76965 99735 38981 30507 123305 103285 100238 31492 84738 126746 27584 79607 93103 58418 68304 126947 145509 42078 105641 164632 158603 102717 132621 104210 75328 113577 158675 74042 113851 0 32967 77187 125547 124147 126043 52181 142387 78632 119595 102773 108128 132875 28432 97954 71342 83937 98570 26012 88479 79231 84158 42940 75015 66555 100612 76179 149042 121746 107098 76192 53963 27573 79928 26050 100097 95158 102749 21295 131165 46516 37783 84500 141030 122845 62750 89394 128963 30463 30100 93875 81653 105584 140243 68305 137857 104179 125474 50071 49036 130380 89050 41993 129733 43777 95965 79878 82589 49996 55453 139396 118547 127607 123892 83525 84014 72119 48414 133364 91344 30956 61576 40573 126903 97695 123221 132413 97748 114154 38238 103640 119790 109234 47629 44951 64065 74514 144308 93786 104697 148292 106531 68067 128716 54065 15215 131040 102543 116423 64835 124298 72935 124360 46259 112559 103804 92652 107142 80865 83808 48818 47335 20706 76965 132894 53060 123305 44933 75460 116498 58418 53494 88488 28432 72941 84500 27573 54363 33052
51009 73581 43223 30004 100599 76090 75632 7757 70673 109442 19008 51084 70056 29132 43562 96863 117410 22740 79449 137494 131426 88953 110231 87277 51529 87028 131132 41857 89802 32967 0 59497 93569 99395 93756 29263 117723 48569 109744 70718 84332 100001 40702 70971 45156 56220 79825 27791 66130 58641 52998 12384 45411 53831 69800 61989 124138 114686 79029 47141 38790 15542 57052 57088 72103 72059 83048 50072 108677 51205 10870 52477 122480 93800 61371 56428 122489 6888 60531 60983 48754 78303 131091 47233 105302 73031 96003 72757 17275 110351 69395 55434 107597 21828 71169 53514 50140 61640 22785 107247 92874 95304 93268 60928 69311 43063 53044 100423 59854 60767 29910 68581 103570 96329 90374 110150 70441 81204 17085 76688 87302 85169 76789 38799 73252 49461 112110 97204 76651 115565 92674 57807 100558 23150 28502 98079 69627 98584 31901 102581 97487 122408 33435 82883 78639 76565 75171 75359 58762 28534 18558 21312 51009 100137 22737 100599 17174 50105 87128 29132 20779 64476 40702 45750 52477 15542 40974 6784
22506 32347 45911 47408 47182 112186 29000 53552 13192 50388 78111 31355 114912 74620 21316 66314 76365 37754 117211 92445 86732 30005 56059 27913 16357 44187 87506 48233 39715 77187 59497 0 75648 50229 78687 83156 67481 37425 52382 59786 34177 92445 97664 33521 24027 29312 21399 51577 15740 7373 44315 65244 35097 13683 95858 8318 74193 59472 43297 33004 95686 74681 13541 87207 38161 22054 25606 98483 54688 44855 48633 50055 64167 59002 120658 66536 67323 66337 106657 65058 59173 113793 73410 13388 91214 54467 62704 80005 48488 53193 12268 112985 53083 78541 26256 23924 53021 119940 60774 88448 46636 80096 66214 13689 11319 33048 44608 95198 49274 107786 44696 87802 51189 51291 95297 55785 34398 84846 43285 37367 98228 35576 95873 34090 56383 20055 93070 59851 41478 102510 33567 114967 61316 68092 62474 94662 78155 39695 55173 47529 100133 72328 91861 110536 33020 17104 93452 30516 20588 31170 42787 78314 22506 90021 42614 47182 43076 95394 55013 74620 60071 19630 97664 26717 50055 74681 98375 53427
57122 45348 112104 105815 61331 82721 51208 94069 84501 85561 108744 50026 96898 81000 64920 19391 42274 87341 87949 61638 56800 89027 66386 78998 62579 41168 54818 51714 53117 125547 93569 75648 0 51769 4574 94326 59949 48288 109104 22851 53840 20205 131024 42799 60484 48516 71989 107845 61268 68336 41707 87769 52210 87344 62057 83842 62595 119585 34672 51961 106832 105948 62572 146031 37878 57517 69159 143629 65291 114839 87881 41117 87825 26626 134771 42396 125898 98425 154097 35947 46839 82808 123795 71228 15615 22661 23881 149459 76626 75984 69089 143383 66322 96871 51481 54385 43603 147248 74328 14009 45916 5228 14453 61977 82770 55515 115356 24174 34355 154329 63989 152643 59606 123464 35309 66887 41663 30623 89009 40878 43882 52723 161306 99126 130945 60474 18971 134224 35643 26862 89956 120744 33726 79924 115836 25565 37084 79269 62838 66125 172271 137696 108671 70686 48406 79683 51393 105297 55392 82485 78500 113686 57122 16374 72576 61331 81038 87139 24797 81000 75796 56338 131024 57628 41117 105948 109862 92496
48405 26091 96079 96102 9953 123254 23994 95800 50952 34409 118186 49564 132896 102107 56393 33189 28542 82191 128740 42248 36635 45724 15346 35629 48912 14709 37641 66840 10549 124147 99395 50229 51769 0 56300 114237 18366 54385 60906 53133 16244 71946 140046 29414 54266 43946 33212 99852 36044 45827 54724 100078 56130 63777 102834 55597 24931 71704 25420 53792 127862 114770 44239 136972 30375 29210 28402 145141 13998 94936 89629 59815 36380 25164 155721 73683 76994 106043 154205 68233 71498 124052 72902 55991 65000 44506 28300 129719 83469 24217 38244 154813 14687 112800 28388 45893 64412 160771 89948 58599 7686 56944 37356 40745 50088 57480 94551 75944 52506 155103 73064 138027 7908 83006 85031 15726 30375 77298 86674 24229 92171 15000 146060 83850 103444 50233 61612 96041 27022 74113 45030 145714 19811 97602 110383 77217 77742 30479 79411 14660 148382 90966 126534 115040 20759 42636 94988 70907 40811 75362 80843 120461 48405 67958 77217 9953 82448 117282 28219 102107 90351 35682 140046 53725 59815 114770 130919 94981
59488 49008 113964 107224 65826 79285 55008 94631 87922 90008 108396 52016 93888 79828 66999 23952 46456 88623 84451 65466 60775 92985 70952 83029 65129 45469 58710 52014 57443 126043 93756 78687 4574 56300 0 93094 64474 49741 113298 23377 57991 15755 130521 46254 62521 50947 75857 109086 64623 71339 42814 87411 53678 90068 58777 86934 67034 123736 38552 53642 105351 105691 65453 147050 41300 61153 73159 143732 69851 116981 88539 41564 92388 31174 133093 40994 130118 98374 154265 34738 46177 79288 128190 73654 12775 24797 28455 151353 77019 80511 72582 142573 70870 96019 55054 56847 43620 146218 73874 13619 50364 1581 19016 65068 86157 57022 117564 19662 35420 154436 64488 154096 64147 127070 30965 71451 45054 26936 90017 44681 39705 56909 162769 101069 133558 62835 18380 137624 39370 24146 94004 118749 38295 79142 116776 20993 34357 83581 62569 70618 174405 141727 107495 66864 52345 83365 47852 108579 58266 84023 79282 113542 59488 12112 73276 65826 81853 84874 29100 79828 75425 59577 130521 59577 41564 105691 108351 93012
68535 88358 72377 59106 117646 51170 92150 36985 95570 130715 24763 64931 41795 13353 63576 103136 126620 50234 53468 147559 141625 113160 127176 109693 71327 100247 140762 48002 105987 52181 29263 83156 94326 114237 93094 0 131857 59859 135192 72919 101134 94684 41199 84830 63308 70624 101386 56474 85745 80407 60710 18622 58257 80334 51415 87335 137741 141144 90495 60721 13629 24681 77070 78226 84293 90465 103704 60526 125588 80436 38049 57200 142405 102465 41844 52103 149026 25480 70925 58412 47971 53474 156417 69882 102529 78271 103675 99183 34668 129475 90968 50478 124904 8560 87835 70183 53132 53301 24354 106547 106918 94467 98420 80801 93963 57410 82287 93877 65497 70296 41675 92278 119821 124676 80101 127225 83870 73267 45060 90092 74334 101622 99710 67759 102427 68248 110973 126244 88351 111120 116687 32161 110458 16637 54500 90946 61725 119882 35073 120509 123440 150306 14433 61560 94268 100050 60297 103183 76371 54535 40688 31816 68535 96079 40689 117646 41021 23279 95577 13353 24221 82615 41199 62509 57200 24681 16705 35756
66754 44251 113374 114041 20881 137425 42347 114166 66343 37963 136477 67573 148299 119474 74755 40620 22808 100490 142891 27059 22610 57288 15074 48350 67238 31610 24633 84090 28539 142387 117723 67481 59949 18366 64474 131857 0 72053 66995 66975 34270 79189 158389 47307 72615 62024 48495 117879 54038 63663 71648 118150 74045 80762 116669 72056 6719 77508 41681 71783 145485 133069 62460 154614 47575 47269 43555 163427 15550 111686 107992 76292 32264 35002 173505 88848 81321 124348 172416 82945 87686 138024 73976 74134 70387 58679 36567 145940 101679 25827 55261 173124 17683 130737 46752 64210 80842 179027 107673 62888 25064 64703 46008 58884 65789 75564 111157 83348 68522 173340 91018 154991 16522 93807 95020 15688 48129 88652 105019 41837 103060 33154 162858 101443 118418 68599 64639 107497 43669 77533 55544 163037 26607 115250 128491 85227 91005 39305 96861 22601 163500 97101 144420 127889 39109 57539 107828 84882 59177 93643 99177 138814 66754 74922 95462 20881 100802 133631 40510 119474 108170 53992 158389 72012 76292 133069 148560 113345
14986 28674 64438 57535 58291 76727 33165 47349 50069 74431 66236 6658 82344 47816 18943 48466 69067 39073 81994 89491 83443 63188 67668 56406 21071 40463 82962 13257 46466 78632 48569 37425 48288 54385 49741 59859 72053 0 86406 26881 41999 60417 88738 24999 14620 11704 47462 59582 30822 30915 7655 46610 3937 44761 59043 45255 78046 94936 31179 4653 73487 62993 24960 97915 24611 33276 48157 97977 66084 68051 40937 12710 84408 45262 101452 29150 102563 54549 108089 27831 22309 78117 106125 27309 62372 25931 47438 101812 31387 71120 38534 102762 65562 58802 29185 14367 15675 108072 35621 62292 47066 51315 45261 27344 48103 7289 68830 62324 14610 108558 19384 104388 60166 88640 59270 67764 24012 48677 41069 30240 61250 42296 113056 51742 86340 17446 67254 96339 28901 73581 65922 91397 52298 43229 67889 61070 40936 64125 25114 61549 125248 109317 72413 73542 34755 50096 56039 67287 20253 34282 31343 69789 14986 59055 25982 58291 33700 64662 38560 47816 36144 26062 88738 11456 12710 62993 76550 45991
72004 66194 81235 89550 51189 163039 59713 102892 39630 29072 127352 79760 166981 126998 73379 92609 87509 87042 168239 92991 89373 23230 52186 31169 66909 68028 91572 98815 56273 119595 109744 52382 109104 60906 113298 135192 66995 86406 0 101604 55319 128925 144402 70001 75317 75551 39748 94106 55804 56704 91790 116950 85144 55986 145284 47952 71610 10801 75190 82678 147345 124069 61864 120395 74577 55431 40938 139961 52145 75087 99015 97969 39873 84052 171030 114827 16897 116325 145937 111776 108697 164482 21348 65766 123834 93862 87734 100645 100611 41173 47873 159608 50123 130049 61371 72063 101795 167142 113154 118302 64349 114294 95585 59090 41283 83861 73545 132558 94418 147494 96912 114185 54823 32833 137690 51543 71469 128112 92738 69524 142760 56390 120094 75275 69371 70631 121788 46562 74913 133844 20617 166665 80505 120433 104451 133093 124249 30512 107183 46970 110935 30273 142951 159551 61517 36538 140965 39244 66254 81389 94536 126170 72004 125404 94904 51189 94447 147679 84335 126998 112428 61014 144402 77462 97969 124069 149910 103190
38548 35511 91319 84063 60822 70488 41994 71321 70721 82724 86078 30216 81717 59578 45091 30982 55694 65392 75963 76636 71003 79422 68435 70441 44640 38926 69681 28863 49866 102773 70718 59786 22851 53133 23377 72919 66975 26881 101604 0 48088 33682 108457 31607 40587 30582 62112 85809 47851 52477 19615 65141 30790 69701 49836 68089 71482 111383 28606 31105 85887 83226 46245 123683 27174 46402 60698 120778 67017 94828 65191 18284 88761 32696 114151 22800 118446 75612 131246 16390 24949 71154 119018 52572 35723 8648 32654 128687 53801 75649 56289 121128 67356 74782 40307 36321 20853 125293 51827 36623 45658 24955 25818 46844 68818 34152 95547 35891 12290 131479 41197 130932 60744 110329 36337 68771 30136 26509 66658 32920 41231 47509 139607 78604 112493 41784 41538 119622 27920 46805 81232 101083 41397 57814 93401 35026 24636 74214 40208 65266 152104 127965 87074 61943 40815 67937 41947 90287 39329 61036 55907 90901 38548 32176 49913 60822 58476 68813 26515 59578 53210 42412 108457 37490 18284 83226 88969 69724
33470 13841 79919 79878 16539 115536 8986 80321 36438 34733 103264 36288 123370 89612 40902 38478 42669 66299 120983 58303 52560 35694 26149 25412 33166 13289 53339 55112 5740 108128 84332 34177 53840 16244 57991 101134 34270 41999 55319 48088 0 73606 124816 18025 39258 30609 19835 83658 19816 29583 44122 85961 42980 47813 95880 40045 40950 65750 20115 40456 114681 99819 28215 120731 21298 13008 15923 129198 24568 79006 74273 49912 42703 29978 142107 65541 72167 91083 138148 61000 61719 116587 71244 39864 68802 39745 33853 114003 68997 29318 22486 139744 23776 98984 13372 31288 54421 145925 76789 63779 12864 59010 40698 24614 35296 43744 78697 77254 43865 139078 59501 121955 19238 71950 83246 26153 19414 74220 70949 15178 89135 1502 130049 67622 88608 34879 67653 84137 20264 79176 36253 133041 29212 84553 94234 77858 72218 26269 67001 19550 133283 83963 112782 109143 7657 28988 89504 57235 25597 59429 65796 105179 33470 70101 62647 16539 67230 106460 29169 89612 76967 19943 124816 39178 49912 99819 117685 79600
72019 64044 124734 116844 81534 72095 70212 101986 102382 105755 112757 63867 88432 81903 78772 39173 59665 98089 76851 77018 72958 108333 86435 98484 77980 61201 70608 59627 73182 132875 100001 92445 20205 71946 15755 94684 79189 60417 128925 33682 73606 0 134142 61001 74267 63764 91102 118227 79070 85073 52925 92054 64274 103084 52959 100754 81203 139313 53930 64745 105849 110377 78990 155300 56048 76089 88587 149218 85377 128457 96262 50087 107882 46785 132557 44027 145767 103815 159890 39019 51248 71675 143945 86136 11047 37982 43870 162030 84170 96163 87232 145056 86455 98878 69921 69624 50856 147912 78505 18841 66109 15004 34592 79020 100563 67624 129202 4170 45825 159868 72239 163554 79761 141794 20147 86949 59715 21885 98713 59935 29585 72556 172218 112145 146122 75305 20733 151930 54558 16463 109472 117156 53511 82566 124997 6728 32987 99308 68113 86328 185645 157145 109060 57920 67739 98303 41231 122708 71862 94226 87505 118498 72019 4327 81385 81534 90129 82741 44841 81903 80278 73850 134142 71171 50087 110377 108699 100255
91641 114280 65976 55202 140937 89504 116207 44672 107254 148051 22575 91682 75648 52633 83923 136451 157792 59973 90544 178049 171985 125654 150536 125527 91775 127721 171619 80253 130346 28432 40702 97664 131024 140046 130521 41199 158389 88738 144402 108457 124816 134142 0 111662 85781 96893 118766 50730 106160 97998 92351 43327 85805 89234 92517 98452 164825 147571 119562 87667 35723 25747 97127 48748 112681 112333 122390 22295 148998 73966 50555 90767 161669 133963 35160 90345 155032 34269 31339 96079 84345 91774 165473 86540 141054 112004 135958 76961 57423 150001 108564 15343 147834 35412 111753 94192 87622 22747 56697 144140 133572 131999 132475 100972 106206 83627 75919 133744 98702 30281 69513 64951 144040 124867 120815 150426 111111 113322 54624 117372 115421 125701 70243 69182 92424 89952 148821 121792 117199 150403 129469 43872 140983 51638 41538 130967 101576 137336 68249 142693 98053 151612 28842 101766 119288 114282 101469 106676 99320 66751 59217 19649 91641 135075 63305 140937 57616 62050 127194 52633 55251 104892 0 86450 90767 25747 34627 45252
21010 4216 75124 72176 33646 97547 10491 68128 41704 52430 89492 20273 105417 72794 29797 33069 47612 56007 102987 66843 60785 48027 42835 38847 23917 16060 60748 37715 21755 97954 70971 33521 42799 29414 46254 84830 47307 24999 70001 31607 18025 61001 111662 0 26629 14802 30662 75346 18508 26493 26213 70851 26752 46266 78028 41473 53491 79846 10116 24477 98452 86122 21608 113702 4961 15160 29092 118446 41258 76109 61774 31910 60675 26480 126316 47579 86853 77446 128009 43248 43730 98622 87622 32595 58408 24015 29902 111491 54532 47278 26329 126178 40874 83448 8961 18076 36441 131898 60533 55102 22244 47553 32694 19954 39973 28298 76255 64217 25940 128729 43717 117242 35241 80849 67753 42967 1487 58112 59781 5738 72807 17972 125696 62091 89778 23699 59645 91426 8042 69550 49685 116389 30960 68193 85217 64252 54926 43157 50086 37272 132845 96791 97158 91501 10378 37317 72079 62546 15181 49555 52573 92234 21010 58076 48419 33646 54433 88793 21665 72794 60947 13892 111662 25362 31910 86122 101506 67115
5861 28707 51670 46602 55664 88237 30486 41686 37135 67452 64033 10508 91701 53075 4508 56987 74171 29523 93309 93438 87387 52222 65310 47073 8459 42445 87377 24212 44666 71342 45156 24027 60484 54266 62521 63308 72615 14620 75317 40587 39258 74267 85781 26629 0 12986 38430 49384 22438 18616 22203 47042 11503 30160 71878 31334 79082 83090 35856 9969 76592 60596 13985 87968 28895 27459 40436 91825 63741 54466 35422 27200 79188 51927 103395 43017 90875 51860 101385 42318 35308 89816 95818 12728 75287 37839 54856 88986 29887 66435 28288 100589 62774 60273 26021 8579 29550 106684 39431 74313 47919 64065 54903 17565 35208 9059 55088 76405 28627 102100 22196 92863 58481 74681 73886 65266 26407 63295 33152 32340 75772 40047 101469 38649 71984 4972 79228 81910 33467 86629 55365 95467 57404 47150 58876 75315 55383 56661 31968 57970 111884 96355 74055 86588 33509 38819 69922 53036 13664 23354 26598 66199 5861 72593 23504 55664 28189 72685 45950 53075 39191 19649 85781 3175 27200 60596 79505 40780
8627 17862 64209 59579 47059 88010 21672 53624 40930 62731 74693 5694 94025 59003 17011 44007 61680 42385 93329 81377 75309 52434 56557 45109 14237 30853 75138 24959 35363 83937 56220 29312 48516 43946 50947 70624 62024 11704 75551 30582 30609 63764 96893 14802 12986 0 36174 62365 19747 22107 16250 56142 12383 39327 69751 37580 68264 84439 23181 9909 84209 71327 15829 100953 16174 21606 36583 104160 54969 66434 47226 22420 72792 39026 111870 39290 91945 62660 113891 36675 33398 89327 94902 22721 63702 26171 41892 101360 39730 59544 27897 111380 54328 68872 17557 5903 26318 117099 46270 62126 36975 52448 42044 17140 38979 13542 66891 66292 20075 114541 29155 105707 49210 80329 66020 56615 14220 55614 45700 20485 69286 31024 114290 51112 82633 11973 66988 89154 20778 75082 54962 102453 44833 54010 71768 65581 49589 52462 36418 50123 123831 99602 82627 84008 23648 39690 65725 59824 9497 36331 37904 77507 8627 61670 33623 47059 39854 76340 32971 59003 46545 14649 96893 10998 22420 71327 87237 52540
33996 27166 65924 68634 27625 124143 20890 74346 17899 29648 98689 40821 129393 91499 37813 57987 61457 58795 129436 74801 69471 17367 35639 8946 30132 32936 70692 60365 23804 98570 79825 21399 71989 33212 75857 101386 48495 47462 39748 62112 19835 91102 118766 30662 38430 36174 0 72875 16675 21264 52309 84267 46746 33247 105861 23954 55069 49283 37322 44170 114429 95231 24452 107630 35447 15735 4944 119865 34404 63500 69057 58498 42906 49600 140395 75291 56462 86711 127946 72059 69555 125485 58728 32593 87346 54676 53493 97453 67082 31822 10496 134053 32602 97640 21810 33413 62489 140874 77806 82864 32289 77021 59693 20943 17296 46040 62860 94495 54676 129104 60626 106868 31982 52238 98375 35286 32092 88600 64187 31186 103139 21298 114582 54924 70320 33466 86938 64302 36545 98059 19182 133515 48982 85476 83794 94709 84501 18768 70115 26991 115339 66182 111253 119987 23622 9438 101247 37804 27233 52036 62198 99296 33996 87905 60824 27625 62911 110855 47961 91499 77466 21525 118766 39914 58498 95231 117255 74065
54514 76566 16561 4560 98278 103636 76255 20838 58727 100778 37877 58928 97776 56703 45659 106323 122840 20509 107138 141162 135201 76725 107429 78272 51761 90345 135500 58751 89397 26012 27791 51577 107845 99852 109086 56474 117879 59582 94106 85809 83658 118227 50730 75346 49384 62365 72875 0 63850 54266 66272 40101 55684 40554 95769 50193 124581 96888 85026 56213 63916 35412 55753 38602 78150 70654 77183 47187 106010 24914 23936 68197 115124 101254 81109 77288 104314 31115 55081 80336 68702 105820 114997 43916 121530 85480 104236 46219 36027 104693 63637 65717 104494 48367 72170 57538 67500 73428 47888 121853 94755 110667 103977 59120 58021 52434 26877 119422 73666 56230 46346 45343 102042 74492 112013 107189 75365 102013 19653 80864 110452 84854 53998 19002 46292 51654 126816 72818 82666 132533 80542 81707 106302 50303 10936 117552 91167 90518 53343 98991 70990 101214 57218 109485 80013 66699 99654 55962 60514 26035 31083 34270 54514 117515 37147 98278 28481 77894 95334 56703 45924 64528 50730 51587 68197 35412 65496 22573
17523 16763 60494 60063 34973 107541 13371 61496 23323 45043 85138 24170 112744 75365 22733 50758 60977 46896 112816 77850 72008 32704 44476 25606 14710 28543 72596 43690 25553 88479 66130 15740 61268 36044 64623 85745 54038 30822 55804 47851 19816 79070 106160 18508 22438 19747 16675 63850 0 9899 35992 69242 30083 29252 89489 23224 60734 64761 27855 27499 99004 81671 9078 100995 23393 6849 18052 109623 42965 60193 55690 42167 56856 43303 125600 59032 72224 72985 118447 56197 53004 108910 75306 20178 76882 41348 47034 95503 52007 44323 8457 121265 41712 82550 10559 16746 46019 127724 61817 73584 31538 65956 50966 5202 21536 29497 60069 82117 39076 119409 44470 102687 38437 62780 84125 44334 19605 73999 51790 21772 88171 21049 110906 47978 72042 17503 78089 73000 26204 88051 35222 117905 45639 69559 74457 81918 68929 34302 53641 36533 115868 80387 96296 103753 17397 20244 85345 44041 10571 39991 47855 86520 17523 76316 45639 34973 48962 94329 39556 75365 61621 5460 106160 23541 42167 81671 101902 60934
15942 25699 50599 50380 44089 106690 23171 53398 19162 50910 77562 24594 110292 71018 16988 59477 70811 38195 111808 87734 81902 33648 53396 29294 10262 38258 82495 42455 35296 79231 58641 7373 68336 45827 71339 80407 63663 30915 56704 52477 29583 85073 97998 26493 18616 22107 21264 54266 9899 0 37499 63066 28966 19855 89790 15684 70375 64554 36430 26689 93320 74098 6278 91153 31013 16722 24443 100458 51934 50458 47930 43385 63861 52405 119135 60057 72310 65529 109083 58254 53010 108222 77282 11470 83888 47095 56033 85828 45931 52005 10778 113223 50526 76439 19873 16950 46589 119909 57208 81222 41437 72754 59156 6540 17196 27314 50406 87834 42151 110098 40420 92806 47784 58257 88126 53198 27285 77714 43383 30684 91255 30864 101044 38091 63286 14033 85875 67145 34512 95196 36873 112475 55269 64763 64975 87316 71314 40025 50514 45143 106573 78412 90018 104380 27178 20239 86907 37812 13221 31317 40935 78430 15942 82651 39739 44089 41664 91144 48113 71018 56720 12701 97998 20888 43385 74098 96115 53019
21834 30310 71823 64459 59818 72155 35756 52681 56625 77848 69777 12960 79249 47971 26574 44101 66258 45816 77528 87057 81074 68684 68862 61217 28079 40216 80344 12736 47935 84158 52998 44315 41707 54724 42814 60710 71648 7655 91790 19615 44122 52925 92351 26213 22203 16250 52309 66272 35992 37499 0 49392 11384 52271 53553 52323 77300 100679 29992 12253 74274 66676 31334 104333 24351 37269 52398 102917 67299 75609 46383 6189 86825 42109 102551 23041 108194 58528 113207 20758 17687 73391 111005 34822 55308 20077 43765 109156 35744 73436 44128 105901 67014 60725 32311 20566 10398 110800 37170 55698 47136 44394 40288 33207 54659 14713 76416 54746 7394 113571 23096 111332 61168 95606 51706 69028 24938 41122 47303 30628 53978 44163 120007 59229 93994 24621 60655 103639 27984 66420 71193 91433 49837 44332 74129 53445 33842 67924 25698 63483 132722 115643 73992 67762 36540 55894 49569 74479 25677 41436 36898 73892 21834 51701 31101 59818 39399 62675 35229 47971 38077 30812 92351 19029 6189 66676 77373 51189
52632 73987 55163 42071 102480 63711 77020 19491 77383 113831 20987 50579 58017 16770 46616 93394 115437 31639 67072 136030 129995 95214 112108 92311 54578 86763 129434 37038 91134 42940 12384 65244 87769 100078 87411 18622 118150 46610 116950 65141 85961 92054 43327 70851 47042 56142 84267 40101 69242 63066 49392 0 44184 61791 58079 69016 124328 122683 77786 46377 30450 18357 60316 68157 71130 74499 86936 57231 110528 62958 19544 47476 126098 91382 56367 48030 130556 12480 67930 53336 41330 65927 138231 52155 98295 68783 93152 85079 17241 113457 73779 56514 109661 13374 72592 54674 44298 61512 13600 101025 93089 88910 89272 64146 75832 42601 64741 92071 55493 67843 27259 80407 105032 106084 80773 112099 70086 72184 26574 76404 76934 86611 88465 49478 85082 51833 105764 107914 75494 108051 98809 49755 98782 11223 40596 89514 60422 102949 24940 104966 109778 131684 27055 70812 79566 82276 64206 84561 60568 35965 22473 26444 52632 92624 23604 102480 22540 37892 84536 16770 11986 66675 43327 46792 47476 18357 33136 17979
13159 30126 60531 53607 59441 77906 34025 43847 47993 74472 63381 6693 82665 46645 15587 51962 72020 35177 83095 92263 86202 61917 68936 55653 18820 42584 85814 13686 47735 75015 45411 35097 52210 56130 53678 58257 74045 3937 85144 30790 42980 64274 85805 26752 11503 12383 46746 55684 30083 28966 11384 44184 0 41600 60842 42687 80167 93396 33793 2619 71853 60089 23320 94057 27005 33304 47841 94536 67348 64227 37415 15787 84980 48418 99597 31561 101093 51552 104581 30860 24090 79382 105172 24213 66307 29802 50743 97897 28382 71794 37356 100003 66710 56697 29827 13336 18065 105479 33907 66211 48987 55253 48917 26120 46038 3362 65033 66128 18506 105085 16974 100455 61564 86081 62670 68997 25926 52075 37289 32238 64315 43407 109123 47871 82722 15061 71172 93413 31453 77512 64804 90071 55187 41636 64080 64821 43901 63982 24143 62472 121374 107305 70409 75473 36011 48661 58485 64517 19612 30345 27828 66696 13159 62957 22700 59441 30117 64463 41811 46645 34233 25739 85805 8474 15787 60089 74888 42543
31157 45546 32736 36119 60206 115039 42597 46906 18212 60247 71397 39750 115586 73708 26047 79305 90043 31095 119777 106020 100341 36469 68750 37819 25105 57784 101152 53138 53299 66555 53831 13683 87344 63777 90068 80334 80762 44761 55986 69701 47813 103084 89234 46266 30160 39327 33247 40554 29252 19855 52271 61791 41600 0 100460 9666 87453 60975 56262 40108 91909 68097 24916 74388 50645 35713 37924 87734 67449 31193 43206 57355 74690 72255 115051 72819 68824 60356 95304 72458 64700 116828 77322 17454 102759 65406 75888 66327 46519 64770 25565 104556 65730 74580 39626 33461 59498 111870 60215 100544 60317 91535 78828 26366 17470 38793 30925 105549 58272 96562 46415 74284 64344 46289 103975 68428 46979 93394 36779 50537 105914 49225 82283 21924 43673 27967 105274 52056 54303 114125 40292 111189 74890 66802 51460 104717 85495 50118 57168 60125 86725 70481 87170 115252 46623 26232 99562 24130 32022 25832 39873 70504 31157 100981 41670 60206 39318 95470 67921 73708 59101 32553 89234 33309 57355 68097 94358 47227
73880 82239 108213 96457 110032 20888 88325 75292 108831 130458 74866 65630 35524 42236 75161 78288 103153 80083 26296 123366 118218 122117 118056 114763 79658 88382 116453 47700 98599 100612 69800 95858 62057 102834 58777 51415 116669 59043 145284 49836 95880 52959 92517 78028 71878 69751 105861 95769 89489 89790 53553 58079 60842 100460 0 103154 120884 153969 77760 63106 58948 73708 83974 126178 74642 90683 105813 111704 116602 114719 71958 47363 137895 81909 82698 30636 161569 70355 122215 34920 36784 21357 164538 83979 63303 58381 81139 141906 60631 124596 97478 100237 116807 58429 85378 73398 43499 101379 47889 69815 95264 59585 72626 86354 106878 62825 116152 50566 52092 121651 54810 138367 110310 146301 33867 118363 76579 32174 77568 80986 25595 95591 146507 98592 136169 75890 73003 152365 76627 68583 124710 66259 90586 46863 98287 47255 25814 120978 44605 114272 166703 168141 64245 14792 88252 109122 11776 124339 79040 80012 67032 81748 73880 55951 62162 110032 69211 32616 76163 42236 49869 84361 92517 69144 47363 73708 61301 73465
30492 39986 42021 45773 51314 118927 36029 55408 8812 50590 80034 39378 120808 79704 28048 73980 82670 39444 123856 97790 92231 27241 59586 28155 24247 51078 93193 55453 45289 76179 61989 8318 83842 55597 86934 87335 72056 45255 47952 68089 40045 100754 98452 41473 31334 37580 23954 50193 23224 15684 52323 69016 42687 9666 103154 0 78707 53970 51060 40737 99395 76676 21851 83774 46206 28922 28760 97378 58331 39644 51186 57946 65025 66442 123358 74237 61864 68675 104969 73017 66642 120602 69268 19359 99426 62774 70206 74125 52893 55217 17575 113791 56551 82098 33763 32099 60724 121013 65948 96527 52820 88333 74116 21871 7843 40388 39103 103515 57476 106227 50720 82994 55556 43403 103511 59237 42422 93035 45139 44995 106292 41511 90804 31584 48991 27809 101108 51576 49342 110702 31042 118715 68196 72968 61108 102979 86127 40459 61400 50940 93318 65470 95049 117890 39981 16570 101166 22256 28903 33506 46648 79508 30492 98310 47443 51314 46498 100992 62771 79704 65051 27616 98452 34222 57946 76676 101959 55558
73222 50583 120080 120751 27446 141718 48923 120687 72878 42561 142841 73761 153095 125231 81307 43591 22465 107115 147164 21476 17912 63245 20721 54585 73842 37598 20358 89849 35213 149042 124138 74193 62595 24931 67034 137741 6719 78046 71610 71482 40950 81203 164825 53491 79082 68264 55069 124581 60734 70375 77300 124328 80167 87453 120884 78707 0 81933 47316 77953 151361 139443 69115 161333 53470 53955 50136 170061 21474 118345 114486 81736 34827 38976 179463 93705 85293 130731 179083 87654 92965 142234 77040 80812 71861 63393 39992 152522 107973 30619 61966 179508 23570 136814 53304 70633 86248 185343 113640 64108 31305 67113 49169 65560 72364 81786 117800 85372 73820 179997 97138 161664 23151 99389 97880 21279 54245 92064 111603 47929 106202 39811 169511 108161 124812 75133 65370 113183 49404 78189 61316 168733 30307 121165 135181 87451 95113 45013 102693 28794 169890 101470 150457 131675 45602 64035 111688 91151 65708 100277 105608 145272 73222 76891 101792 27446 107270 138874 44980 125231 114190 60607 164825 78397 81736 139443 154445 119842
80242 76152 82866 92383 61988 171238 69702 107537 46332 39546 131656 88339 174381 133656 80760 103295 98242 91963 176361 103222 99768 32118 62806 41064 74815 78597 102021 106982 66919 121746 114686 59472 119585 71704 123736 141144 77508 94936 10801 111383 65750 139313 147571 79846 83090 84439 49283 96888 64761 64554 100679 122683 93396 60975 153969 53970 81933 0 85464 91007 152880 128471 70088 120221 84522 65017 50954 141538 62815 76006 104156 106824 49221 94729 175600 123702 7895 121074 146833 120947 117237 172756 19445 72696 134415 103813 98432 98325 106841 51689 56553 162604 60813 135550 71076 80573 110489 170299 119873 128972 75068 124760 106182 67616 48159 91867 74301 142901 103715 148485 104157 112652 65605 28427 147598 62160 81297 137879 97601 79680 152415 66867 117955 78503 67153 78586 132501 40899 85084 144503 30161 172164 91286 126937 106806 143357 133592 41290 114639 57753 106349 19598 148091 168381 71715 44847 150106 40946 75013 86778 100486 129937 80242 135848 101404 61988 100152 154776 94854 133656 119009 70102 147571 85442 106824 128471 155332 108003
30514 11140 85201 81972 32314 98009 16563 76753 50499 54311 97171 27964 107482 77918 39368 23048 38516 65378 103493 58487 52423 54440 40393 44556 33923 10727 52107 42544 21279 107098 79029 43297 34672 25420 38552 90495 41681 31179 75190 28606 20115 53930 119562 10116 35856 23181 37322 85026 27855 36430 29992 77786 33793 56262 77760 51060 47316 85464 0 31900 104102 93868 31712 123489 7007 23146 34657 127336 38907 86224 70337 34661 60242 16406 132280 48287 92077 85295 137069 42967 46209 98869 91344 42663 50097 20028 19786 121607 62153 47064 35003 133796 39050 89904 17431 27497 39235 139217 66534 46079 17737 39701 23168 29899 48879 35966 86363 57452 27125 137722 50540 127281 32617 88953 63161 40669 9756 54297 68860 6290 69250 19304 135752 72150 99659 33420 50440 100089 2403 60975 55544 121422 21657 73966 94711 57906 53156 46361 55424 36685 142908 103221 103430 90406 13811 45119 70495 71578 25252 59094 60927 100341 30514 50626 56300 32314 62957 92110 11719 77918 67194 23737 119562 34163 34661 93868 107192 75626
10781 27738 60344 53948 56939 80360 31489 45227 45788 71852 65313 4231 85260 49201 14323 50771 70282 35755 85568 90386 84320 59448 66455 53084 16658 40409 83994 16214 45268 76192 47141 33004 51961 53792 53642 60721 71783 4653 82678 31105 40456 64745 87667 24477 9969 9909 44170 56213 27499 26689 12253 46377 2619 40108 63106 40737 77953 91007 31900 0 74302 61991 20919 94710 25020 30686 45229 95935 64867 63724 38786 17315 82385 46877 101974 33536 98685 53398 105895 32446 26323 81816 102644 22658 66343 29379 49339 97736 30283 69211 34853 101974 64204 59009 27262 10758 20018 107543 36367 65929 46720 55207 47958 23613 43827 4113 64457 66743 18933 106441 19273 100710 59119 84138 63917 66508 23719 53326 38225 30038 65881 40908 109367 47533 81785 12958 70881 91722 29533 77613 62301 92585 53423 44115 64897 65555 45541 61365 26741 59927 121015 105088 72748 77692 33556 46229 60460 62707 17007 30549 29245 68451 10781 63261 24406 56939 31431 67082 40374 49201 36638 23122 87667 6803 17315 61991 77328 43990
81919 101965 80365 67180 131203 53849 105695 46439 107812 143878 27274 78518 40264 26501 76635 116355 140036 61127 54825 161003 155088 125663 140748 122607 84482 113875 154183 61585 119570 53963 38790 95686 106832 127862 105351 13629 145485 73487 147345 85887 114681 105849 35723 98452 76592 84209 114429 63916 99004 93320 74274 30450 71853 91909 58948 99395 151361 152880 104102 74302 0 28886 90233 79338 97919 103870 116894 57329 139160 88649 48838 70619 155764 115904 28373 64442 160733 33319 66979 70897 61001 56105 168644 82549 114228 91537 117029 103311 47393 142899 103969 41345 138456 17330 101362 83645 66464 42615 37946 118659 120547 106674 111539 94004 106274 70939 90575 104716 78905 65990 55186 94506 133416 135119 90036 140791 97497 84112 55638 103721 83420 115187 101244 77492 110198 81503 122953 135686 101966 122310 129253 19320 123959 30260 59785 101661 72909 133019 48677 134017 126806 161160 7733 66712 107856 112699 69089 114067 89790 66110 52924 33473 81919 107548 53606 131203 52899 26942 109024 26501 37715 96015 35723 75915 70619 28886 3107 45570
66435 88861 51967 39012 116117 75716 91081 21269 85441 124813 3469 66042 66108 31537 59095 110773 132052 37240 78141 152350 146288 103822 125753 102546 67069 102179 145897 54732 105261 27573 15542 74681 105948 114770 105691 24681 133069 62993 124069 83226 99819 110377 25747 86122 60596 71327 95231 35412 81671 74098 66676 18357 60089 68097 73708 76676 139443 128471 93868 61991 28886 0 72593 53618 87011 87592 98527 39097 124197 60312 26176 65316 137956 108216 47140 66349 136192 8737 49807 71694 59670 78014 145390 62661 116646 86437 110225 75055 31715 125877 84832 40067 123128 16214 86616 68878 62376 46115 31956 119297 108149 107198 106875 76469 84168 57975 62267 110332 73139 49628 43775 67615 119054 108523 98622 125676 85528 90305 31560 91811 94280 100637 75032 50753 81545 64965 124057 107962 91512 126402 107578 46296 115252 28349 30951 107731 78518 113973 43134 118122 99050 135000 21861 85192 94026 91680 81031 88367 74232 43534 34023 8254 66435 110978 37704 116117 32715 47942 101451 31537 30301 79990 25747 61057 65316 0 30209 21255
10161 21584 53854 52165 43882 101220 20503 52475 25293 53652 76060 18504 105425 67047 13718 54655 67654 38100 106394 85443 79508 38655 53439 33096 5752 34958 79900 36962 33928 79928 57052 13541 62572 44239 65453 77070 62460 24960 61864 46245 28215 78990 97127 21608 13985 15829 24452 55753 9078 6278 31334 60316 23320 24916 83974 21851 69115 70088 31712 20919 90233 72593 0 93465 25790 15327 26661 100983 51914 54526 46630 37285 65814 47990 116647 54037 77775 63907 109971 52072 47197 102702 82096 11846 78069 41041 51485 89923 43076 53376 14345 112212 50712 73653 16506 10770 40622 118652 53363 75656 39012 66890 53957 3879 23329 22036 54651 81696 35876 110882 36181 96088 47200 64525 81849 53315 22193 71437 42862 26381 85004 29307 104461 40962 68586 9037 80369 73384 29631 89408 41648 109225 51603 61051 66180 81132 65110 42813 45838 45582 111268 84396 87370 98501 24301 25349 80828 44048 7187 31219 38791 77482 10161 76643 36730 43882 39884 86589 43239 67047 53056 8825 97127 15697 37285 72593 93104 51886
93011 114695 41770 41526 134380 129333 113877 53546 91329 133183 53570 97512 118942 84136 84167 144924 160998 58957 131679 178802 172911 107620 143103 111496 89910 128360 173358 95715 126431 26050 57088 87207 146031 136972 147050 78226 154614 97915 120395 123683 120731 155300 48748 113702 87968 100953 107630 38602 100995 91153 104333 68157 94057 74388 126178 83774 161333 120221 123489 94710 79338 53618 93465 0 116658 107843 112305 29409 141779 45859 59051 105705 147965 139775 83776 112765 126615 55824 29221 116646 104577 131632 139541 81660 159313 123847 142800 30224 71266 138929 99473 58015 140092 69826 109970 96043 104469 65691 79871 160029 132377 148630 142557 96579 91154 90860 47166 156159 111710 31220 83081 16276 138392 93244 147177 142793 113786 137689 57039 119136 144377 122016 21934 53172 54920 90071 164988 85825 121145 170130 111258 91819 144608 79377 30328 154050 126315 123763 88123 134495 49341 118666 71605 138418 117747 100084 132184 81358 98705 64632 67904 46602 93011 154911 73997 134380 65298 101505 133914 84136 77861 102289 48748 90190 105705 53618 79431 55345
23647 8383 78740 75161 35870 94469 14869 69756 46638 56018 90331 21020 103023 71919 32496 29013 45518 58416 99933 65391 59323 52812 44657 43473 27415 15978 59060 36557 24125 100097 72103 38161 37878 30375 41300 84293 47575 24611 74577 27174 21298 56048 112681 4961 28895 16174 35447 78150 23393 31013 24351 71130 27005 50645 74642 46206 53470 84522 7007 25020 97919 87011 25790 116658 0 20072 33639 120329 43110 80067 63343 29585 63437 23119 125994 44468 91454 78412 130063 39735 41370 95462 91853 36246 53491 19294 26263 115386 55301 50069 31284 126982 42955 83413 13884 20617 34181 132483 60171 50320 22812 42606 28183 24503 44895 29056 80287 59280 22814 130715 43872 120709 36917 85810 63113 44855 3796 53618 61859 6441 68403 20951 129214 65652 94259 26642 54913 96357 4604 64661 54370 115507 28663 67701 87767 59349 50971 47133 49286 39842 137027 101618 97013 87846 13773 42260 68229 67432 18961 52180 53950 93415 23647 53115 49390 35870 55964 86969 17623 71919 60745 18592 112681 27159 29585 87011 100998 68638
21955 12170 67281 66892 28607 109404 7121 67723 27400 41194 91053 26853 115620 79578 28497 45497 54345 53418 114758 71013 65182 33021 38205 24333 20562 22196 65798 46495 18747 95158 72059 22054 57517 29210 61153 90465 47269 33276 55431 46402 13008 76089 112333 15160 27459 21606 15735 70654 6849 16722 37269 74499 33304 35713 90683 28922 53955 65017 23146 30686 103870 87592 15327 107843 20072 0 15136 116260 36665 66801 61789 43425 51962 37675 130844 60051 72185 78874 125161 56538 54814 110658 73911 26869 73065 39112 41494 102038 57337 39032 11947 127363 35540 87710 6199 20368 47609 133699 66285 69224 24757 62402 46254 11634 25839 33342 66618 79349 39098 126103 48862 109443 31873 65947 82697 38106 16535 72876 58181 16860 87403 14211 117631 54812 77913 22748 73570 76944 21894 84053 34910 122574 39334 74067 81227 79411 68849 30856 57371 30572 122073 81683 101500 104640 11062 22224 85698 48536 14098 46529 53622 92685 21955 73076 50951 28607 54893 97743 34599 79578 66251 7855 112333 27959 43425 87592 106817 67081
35560 25256 70646 72999 22690 124513 18778 77829 22839 27017 101992 41610 130440 93416 40323 54385 56764 62479 129858 69869 64557 19905 30843 9912 32413 29203 65803 61282 19314 102749 83048 25606 69159 28402 73159 103704 43555 48157 40938 60698 15923 88587 122390 29092 40436 36583 4944 77183 18052 24443 52398 86936 47841 37924 105813 28760 50136 50954 34657 45229 116894 98527 26661 112305 33639 15136 0 124042 29573 68363 72366 58559 39431 45899 143219 75179 57816 89935 132263 71569 69907 125780 58840 35910 84351 52927 49776 102389 69702 27715 13845 137636 27816 100288 20661 34571 62723 144350 79852 79567 27919 74262 56424 22903 22234 47472 67747 92091 54107 133389 62519 111729 27040 56086 96752 30510 30568 87198 67766 28750 101897 17311 119472 59453 75226 35474 83514 68482 34156 94891 20899 135864 44745 87583 88078 92459 83725 16250 71630 22207 120259 68571 113980 119732 20849 14257 100687 42516 28240 55648 65135 102848 35560 85255 63374 22690 66001 112254 44768 93416 79626 22133 122390 41590 58559 98527 119765 77462
97547 120416 58775 51620 144506 110616 121181 50709 105881 147964 37212 99557 97539 70108 89019 146443 165839 62952 112008 185259 179211 123736 153854 125451 96245 134229 179189 91924 134908 21295 50072 98483 143629 145141 143732 60526 163427 97977 139961 120778 129198 149218 22295 118446 91825 104160 119865 47187 109623 100458 102917 57231 94536 87734 111704 97378 170061 141538 127336 95935 57329 39097 100983 29409 120329 116260 124042 0 152390 65596 57150 102548 162290 142797 55718 105223 148549 45466 10711 110332 98172 112908 160328 89446 155079 122989 145258 59414 67205 151676 110333 28726 150977 53296 116864 100400 100122 36299 70722 157261 139384 145270 143079 104626 105203 91826 67371 149298 109878 10704 79899 45505 148060 116400 137710 153653 118158 129374 58702 124164 133206 130277 49555 65990 80355 95239 162104 111047 124933 165093 127539 66045 148992 67435 36274 146744 117593 137682 81367 145556 78218 142780 49994 122030 124678 113883 119726 100914 104603 69784 66715 30857 97547 149649 72030 144506 64508 82775 136303 70108 68940 109459 22295 93212 102548 39097 56550 51996
57991 37416 100184 101966 8081 136914 33529 104376 51935 23522 127652 60663 146101 113874 65130 46288 35539 89844 142398 42586 38114 41803 1588 33160 57226 28225 40019 78966 19626 131165 108677 54688 65291 13998 69851 125588 15550 66084 52145 67017 24568 85377 148998 41258 63741 54969 34404 106010 42965 51934 67299 110528 67348 67449 116602 58331 21474 62815 38907 64867 139160 124197 51914 141779 43110 36665 29573 152390 0 97902 98453 72692 22545 38692 166661 87148 67171 115468 160974 81870 84480 137760 61282 63043 77905 58375 41514 131612 93543 11693 42455 164021 2134 123545 37939 55854 77284 170312 101233 71104 21362 70410 50838 48106 51581 68255 97245 89426 65725 162013 84009 141269 6293 78263 98949 1762 42432 91292 94750 36714 106157 23979 148955 88763 103488 59240 73703 91947 40266 86444 39998 157399 32182 108979 116812 90829 91647 23757 91191 7474 148546 82396 137342 128953 31356 43005 108919 69722 50083 82936 90187 129349 57991 81304 87184 8081 91526 129971 42179 113874 101462 44208 148998 63741 72692 124197 142177 103746
57807 75958 8356 21480 90958 125077 73562 43575 46304 87572 62787 64974 120963 78843 49982 109069 121142 34637 129007 137183 131525 61855 99121 66354 52832 88704 132345 71816 84480 46516 51205 44855 114839 94936 116981 80436 111686 68051 75087 94828 79006 128457 73966 76109 54466 66434 63500 24914 60193 50458 75609 62958 64227 31193 114719 39644 118345 76006 86224 63724 88649 60312 54526 45859 80067 66801 68363 65596 97902 0 44244 79268 102399 102513 105739 91846 82956 55512 70931 93398 83108 127165 94971 43973 129750 92249 106006 35408 54249 93972 56693 88334 96080 72638 70315 60662 79945 96270 67969 128547 91481 118520 107971 56741 46412 60901 1980 130355 82632 72540 61015 43367 95196 51180 125785 98751 76609 115312 37706 80853 125831 80417 51177 16657 22136 54470 133419 48117 84100 141095 65454 106608 105725 72015 32443 129006 105608 78486 70330 90474 57434 77851 82079 129079 77585 55234 116764 35848 61108 35602 47690 58920 57807 126964 52733 90958 45576 100740 97657 78843 66197 62912 73966 57457 79268 60312 90318 44990
41273 64103 36904 24543 90388 80928 65716 6441 59842 98649 29636 42451 77024 34645 33372 89370 108851 12296 84780 128579 122514 78098 99994 76436 41227 77755 122363 36754 79825 37783 10870 48633 87881 89629 88539 38049 107992 40937 99015 65191 74273 96262 50555 61774 35422 47226 69057 23936 55690 47930 46383 19544 37415 43206 71958 51186 114486 104156 70337 38786 48838 26176 46630 59051 63343 61789 72366 57150 98453 44244 0 46986 111790 85656 72205 54016 111986 17707 67167 57629 45643 83045 120361 36486 100572 66396 88111 70153 12364 99780 58657 65585 97309 31555 61274 43946 45473 72063 24196 101785 83340 90112 86176 50491 58463 34676 45931 97114 53602 67674 24128 68402 93490 86648 88679 99891 61370 78913 7030 67512 86721 75175 76937 30009 66346 39435 106716 88385 67938 111242 81813 68056 91984 27775 28807 95034 67779 87803 29644 92211 94914 112435 43970 85859 68889 65697 75728 65305 48835 17692 9595 30910 41273 95951 15308 90388 7381 56692 79153 34645 22297 54341 50555 36413 46986 26176 51207 5357
27555 36071 74981 66757 65353 66044 41705 53068 62541 83868 68266 18793 73533 44137 31372 46213 69424 48003 71432 90384 84474 74850 74241 67405 33726 45169 83569 10640 53505 84500 52477 50055 41117 59815 41564 57200 76292 12710 97969 18284 49912 50087 90767 31910 27200 22420 58498 68197 42167 43385 6189 47476 15787 57355 47363 57946 81736 106824 34661 17315 70619 65316 37285 105705 29585 43425 58559 102548 72692 79268 46986 0 92585 45285 98985 16878 114354 57517 112992 15131 11827 67255 117191 39928 53626 21387 46497 112123 35517 79189 50272 103857 72497 57986 38376 26524 4599 108406 34549 54902 52162 43134 41860 39292 60575 18825 80189 51511 8299 113244 22928 113495 66502 101313 46948 74434 30573 36363 48795 35981 48576 49880 122164 62710 98302 30142 59809 109037 32836 64441 77375 87222 53406 41215 75385 49915 28229 74019 22819 69141 136004 121662 70891 61589 42284 62017 43544 79996 31811 44328 37815 72855 27555 49325 31760 65353 40412 57479 38407 44137 35726 37000 90767 24074 0 65316 73726 51457
73869 56527 106350 110753 27940 157894 51287 117198 56840 14844 141421 78357 166072 131495 79532 68746 55009 101700 163362 55156 52578 40753 21447 36872 71534 49854 55137 97624 39332 141030 122480 64167 87825 36380 92388 142405 32264 84408 39873 88761 42703 107882 161669 60675 79188 72792 42906 115124 56856 63861 86825 126098 84980 74690 137895 65025 34827 49221 60242 82385 155764 137956 65814 147965 63437 51962 39431 162290 22545 102399 111790 92585 0 61236 182452 107903 51435 129367 169994 102994 104404 158857 42243 75316 100208 80121 64013 133385 108862 13397 53162 176950 21698 139404 55237 72316 97111 183732 118248 93218 43339 92931 73372 61964 57278 85259 101346 111944 86246 171246 100825 144984 28477 71232 121411 20938 62021 113568 107074 57017 128479 42708 151972 96606 103150 74311 95559 85283 61272 108395 37413 174529 54519 126029 126058 113370 113373 24607 109123 23626 147191 68284 153152 150645 50304 48459 130703 69330 66059 94928 104509 142181 73869 103787 102495 27940 105421 149038 64592 131495 118200 59800 161669 79900 92585 137956 158689 116866
46765 26709 101599 98279 34841 102744 30575 92096 64841 59234 111426 43264 114413 89419 55610 8580 24173 81408 108188 45099 39199 65623 39821 55285 50329 16699 38302 54785 27828 122845 93800 59002 26626 25164 31174 102465 35002 45262 84052 32696 29978 46785 133963 26480 51927 39026 49600 101254 43303 52405 42109 91382 48418 72255 81909 66442 38976 94729 16406 46877 115904 108216 47990 139775 23119 37675 45899 142797 38692 102513 85656 45285 61236 0 144268 55280 100632 99808 152692 49029 55617 103260 97646 59064 40103 25043 3895 137913 76648 49379 49569 147818 39696 102824 32751 43732 49507 152865 79265 34250 19813 31785 12193 45932 63391 50990 102607 50794 37005 153275 64466 143687 32982 101835 60631 40308 26159 53743 84644 21724 68319 28619 152157 88554 115345 49749 37843 113741 18682 49798 65957 132277 8713 86304 110788 52139 56148 53714 67697 39634 158978 113434 116005 92896 26818 58368 72848 85991 41649 75260 76123 115047 46765 42798 71116 34841 78290 101040 6894 89419 80185 39730 133963 50000 45285 108216 119011 90867
108935 129709 97438 85174 158646 72079 133133 68153 132042 170024 44020 106204 54502 54874 102933 144705 168405 83997 71074 189367 183446 150296 168246 148212 110919 141909 182552 89835 147151 62750 61371 120658 134771 155721 133093 41844 173505 101452 171030 114151 142107 132557 35160 126316 103395 111870 140395 81109 125600 119135 102551 56367 99597 115051 82698 123358 179463 175600 132280 101974 28373 47140 116647 83776 125994 130844 143219 55718 166661 105739 72205 98985 182452 144268 0 92399 183329 54710 62207 98918 89316 74039 192371 107963 141431 119902 145402 112073 73593 169822 129900 28732 165863 43147 128741 110872 94837 24403 65833 146238 148500 134371 139854 120489 130667 98437 107719 131086 107273 60539 82718 100026 161038 155305 115576 168260 125415 110678 78297 131681 108121 142692 104987 97736 125682 108199 150397 153842 130113 148949 154000 17115 152296 58315 73804 127925 99913 159135 76888 161254 133116 181904 29347 87214 135486 137761 93814 135463 116865 89895 78204 46850 108935 134555 79967 158646 77634 50311 137385 54874 65370 123008 35160 103030 98985 47140 25268 67846
44136 51794 86586 76707 80225 50009 57780 59224 79216 99968 68753 35538 59452 38865 46827 53734 78494 58382 55468 99431 93803 91723 88651 84173 50181 59013 92473 20191 68578 89394 56428 66536 42396 73683 40994 52103 88848 29150 114827 22800 65541 44027 90345 47579 43017 39290 75291 77288 59032 60057 23041 48030 31561 72819 30636 74237 93705 123702 48287 33536 64442 66349 54037 112765 44468 60051 75179 105223 87148 91846 54016 16878 107903 55280 92399 0 131231 59888 115907 6584 8753 51047 133927 55625 50768 30340 55430 122854 41657 94538 67149 101846 87182 55345 54755 43311 13518 105286 34502 54454 66012 42364 48445 56149 77250 34086 92985 44111 21683 115859 31246 122357 80869 117638 34725 88909 46152 24928 57684 50887 33993 65337 130926 75201 112020 46493 58928 124819 46889 60116 94225 78706 63928 38708 82744 41675 13917 90380 24663 84297 147280 138432 66513 44723 57888 78888 26929 96052 48688 56247 46244 74474 44136 44742 40285 80225 48823 46024 48824 38865 36310 53830 90345 40034 16878 66349 67468 57420
87935 83071 90013 99830 67130 178970 76593 115307 54200 43652 139360 95948 182235 141549 88596 109162 102710 99777 184110 106301 103204 39521 66999 48007 82571 84772 105575 114705 72939 128963 122489 67323 125898 76994 130118 149026 81321 102563 16897 118446 72167 145767 155032 86853 90875 91945 56462 104314 72224 72310 108194 130556 101093 68824 161569 61864 85293 7895 92077 98685 160733 136192 77775 126615 91454 72185 57816 148549 67171 82956 111986 114354 51435 100632 183329 131231 0 128851 153599 128356 124872 180471 14816 80568 140534 110743 104266 103774 114734 55709 64100 170011 65255 143403 78175 88196 118075 177742 127763 134870 80859 131097 112279 75223 56016 99616 81204 149419 111060 155284 112015 118449 70490 33762 154567 66352 88317 144955 105405 86421 159569 73214 123425 86066 72856 86336 138256 44921 91810 150427 37279 180010 96737 134831 114104 149974 140922 46928 122479 62695 110373 17384 155906 175936 78413 52472 157536 48356 82557 94638 108373 137543 87935 142219 109298 67130 108028 162653 101112 141549 126903 77520 155032 93192 114354 136192 163174 115794
57700 80152 47305 34041 107388 74735 82345 13550 77391 116325 12184 57418 67140 28421 50380 102573 123562 29287 77703 143782 137717 95709 117025 94141 58363 93506 137362 46882 96525 30463 6888 66337 98425 106043 98374 25480 124348 54549 116325 75612 91083 103815 34269 77446 51860 62660 86711 31115 72985 65529 58528 12480 51552 60356 70355 68675 130731 121074 85295 53398 33319 8737 63907 55824 78412 78874 89935 45466 115468 55512 17707 57517 129367 99808 54710 59888 128851 0 56101 64880 52708 76996 137669 54120 109623 78432 101895 74164 23178 117224 76283 48777 114407 17254 77880 60150 54830 54846 25445 111941 99443 99902 98803 67785 76057 49359 57414 103999 65167 56154 35489 68515 110318 102084 93098 116951 76871 84332 23588 83145 89395 91900 76420 44303 77306 56233 116754 102369 82931 119635 99441 51962 106738 23621 29374 101522 72611 105468 35907 109413 98669 128343 27368 82761 85297 83390 76679 81418 65495 35297 25288 15371 57700 104190 29047 107388 24023 47767 93076 28421 23586 71261 34269 52338 57517 8737 35251 13136
107036 129829 64849 59325 153171 120590 130319 60742 113281 155500 47892 109428 106987 80753 98397 156536 175526 72178 121793 194724 188692 130790 162411 133123 105420 143669 188746 102383 143878 30100 60531 106657 154097 154205 154265 70925 172416 108089 145937 131246 138148 159890 31339 128009 101385 113891 127946 55081 118447 109083 113207 67930 104581 95304 122215 104969 179083 146833 137069 105895 66979 49807 109971 29221 130063 125161 132263 10711 160974 70931 67167 112992 169994 152692 62207 115907 153599 56101 0 120981 108807 122873 165890 98293 165677 133284 155233 59161 77561 159758 118684 33751 159496 63860 126056 109935 110646 40273 81405 167773 148645 155808 153278 113535 112734 101796 72572 159990 120229 2067 90255 43913 156833 120793 148418 162186 127779 140082 68240 133705 143878 139271 46144 73391 83393 104609 172629 114337 134667 175736 134561 74117 158709 78143 44194 157445 128302 145415 91982 154018 75203 146767 59851 132320 133898 121536 130357 106707 113908 78909 76760 41568 107036 160291 82212 153171 74479 92879 146265 80753 79613 118564 31339 102908 112992 49807 65964 62112
42558 47445 88608 79416 75165 55044 53643 63163 77365 95646 74227 33708 65444 45113 46440 47229 72051 60808 60529 92957 87360 88851 83348 80840 48775 53653 85994 21803 63684 93875 60983 65058 35947 68233 34738 58412 82945 27831 111776 16390 61000 39019 96079 43248 42318 36675 72059 80336 56197 58254 20758 53336 30860 72458 34920 73017 87654 120947 42967 32446 70897 71694 52072 116646 39735 56538 71569 110332 81870 93398 57629 15131 102994 49029 98918 6584 128356 64880 120981 0 12229 55910 130409 55046 45001 24277 49042 125352 45383 89682 64506 107876 82005 61326 50951 41312 13462 111482 39738 48283 60601 36149 41903 53795 75401 33779 94424 39554 17465 121005 33990 125619 75578 116345 32387 83632 41784 21953 60685 46067 33456 60685 134239 76753 112955 45234 52849 124167 41749 54762 91162 85287 57711 44520 86435 37406 13111 86355 29096 79368 149559 136271 72789 48267 53391 76327 29190 95108 46172 57984 49285 79729 42558 39320 43193 75165 51904 52538 42692 45113 41437 50847 96079 39200 15131 71694 73935 61403
37096 47881 77835 68032 77172 54617 53435 51049 72079 95532 62289 28940 61705 34634 38871 55420 79516 49652 59951 100541 94732 85488 86025 78496 42908 56814 93645 11653 65330 81653 48754 59173 46839 71498 46177 47971 87686 22309 108697 24949 61719 51248 84345 43730 35308 33398 69555 68702 53004 53010 17687 41330 24090 64700 36784 66642 92965 117237 46209 26323 61001 59670 47197 104577 41370 54814 69907 98172 84480 83108 45643 11827 104404 55617 89316 8753 124872 52708 108807 12229 0 55931 128279 47714 56983 30760 56373 114153 33327 91008 60832 96544 84307 50045 49986 36675 7304 100490 27746 59795 63827 47654 50541 49653 70122 26260 84259 51736 19165 108855 22528 113864 78275 109970 43347 86225 42399 33327 49069 47782 42723 61702 122455 66469 103368 39151 64486 116754 44480 66932 88184 76713 64016 33088 74436 49508 22641 85561 16870 80968 138552 131390 62139 51384 54100 72402 34872 88203 42470 47507 37626 67646 37096 51487 31621 77172 40221 45945 48847 34634 29371 48040 84345 32468 11827 59670 64091 49272
92541 102837 119948 107322 131067 2306 108771 84987 126944 150978 78235 84774 20081 49175 92614 99516 124305 92965 5190 144346 139291 141252 139229 134427 97970 109535 137462 65774 119526 105584 78303 113793 82808 124052 79288 53474 138024 78117 164482 71154 116587 71675 91774 98622 89816 89327 125485 105820 108910 108222 73391 65927 79382 116828 21357 120602 142234 172756 98869 81816 56105 78014 102702 131632 95462 110658 125780 112908 137760 127165 83045 67255 158857 103260 74039 51047 180471 76996 122873 55910 55931 0 184205 101245 82477 79665 102451 150955 73280 145515 116619 96362 137913 61807 105604 92427 63060 95805 59246 89500 116453 79971 93845 105393 125022 80919 128777 68712 72723 121971 70415 145307 131467 163089 51642 139522 97198 52369 89458 101856 42327 116369 152952 111853 149145 94192 92256 168010 97652 86256 144036 56924 111932 55543 106270 65414 47133 141259 59673 135232 175588 186029 63025 14807 108934 128040 31437 140946 98355 94207 80163 85286 92541 75116 76276 131067 81952 30305 97516 49175 60976 103971 91774 87342 67255 78014 57586 83286
92135 83575 101560 110454 62975 182846 77136 124227 60857 38494 148663 99470 187500 147995 94147 105961 96306 108388 188120 97274 94821 43648 60782 49796 87364 82826 97374 118854 70839 140243 131091 73410 123795 72902 128190 156417 73976 106125 21348 119018 71244 143945 165473 87622 95818 94902 58728 114997 75306 77282 111005 138231 105172 77322 164538 69268 77040 19445 91344 102644 168644 145390 82096 139541 91853 73911 58840 160328 61282 94971 120361 117191 42243 97646 192371 133927 14816 137669 165890 130409 128279 184205 0 86791 137738 110872 101042 117730 121794 49596 67838 180630 59612 151360 79479 91915 121216 188220 134145 131496 77934 129023 109680 79059 62455 104126 93318 147780 112947 167510 117671 132097 65640 47725 154491 60151 89109 145366 114083 86223 160224 72050 137368 96294 86588 91021 134477 59540 91465 147015 40459 187964 92640 141501 125177 148657 142496 44983 127778 58244 125057 31224 164292 178550 78240 57048 159516 59426 85872 102729 115794 147389 92135 140161 116012 62975 115747 168423 99126 147995 133476 80253 165473 97787 117191 145390 171223 124535
14178 33132 42538 40321 55099 99568 32347 41928 26370 62224 66122 22426 101716 61233 8846 65249 79376 26836 104501 97289 91351 43314 64532 40251 8867 46706 91727 36325 45599 68305 47233 13388 71228 55991 73654 69882 74134 27309 65766 52572 39864 86136 86540 32595 12728 22721 32593 43916 20178 11470 34822 52155 24213 17454 83979 19359 80812 72696 42663 22658 82549 62661 11846 81660 36246 26869 35910 89446 63043 43973 36486 39928 75316 59064 107963 55625 80568 54120 98293 55046 47714 101245 86791 0 86415 48861 62411 79187 35226 63462 22171 101756 61712 65503 28329 16843 42210 108440 47388 84772 50858 75160 64005 15253 24582 21541 44322 88463 40934 99242 31507 84655 58614 62332 86528 64363 32931 75944 31940 37751 88501 41014 93101 29496 60014 10849 89607 69217 40443 97795 46810 101792 63161 54710 54392 87521 68108 51356 42116 56405 101250 84822 78964 98745 36143 30172 82481 40489 17415 19934 29803 66963 14178 84219 29263 55099 30362 82089 53869 61233 46686 20655 86540 15862 39928 62661 85283 41554
72254 60895 126683 119766 74837 82824 66660 106563 100107 99293 119218 64781 98827 89463 79769 31814 49858 101112 87662 66398 62563 104252 78842 94124 77866 55818 60126 63865 67595 137857 105302 91214 15615 65000 12775 102529 70387 62372 123834 35723 68802 11047 141054 58408 75287 63702 87346 121530 76882 83888 55308 98295 66307 102759 63303 99426 71861 134415 50097 66343 114228 116646 78069 159313 53491 73065 84351 155079 77905 129750 100572 53626 100208 40103 141431 50768 140534 109623 165677 45001 56983 82477 137738 86415 0 37568 36719 164075 88835 89073 84683 152579 79162 106110 67059 69599 55268 155826 84697 8063 59891 11256 28255 77556 98380 69660 130338 14791 47930 165773 76453 166639 72619 139001 31128 79392 57277 31448 102328 56347 40564 67612 175314 113811 146290 75602 9779 149830 51173 11380 105037 126413 45726 89441 129001 17740 41526 93689 73716 79613 187171 152764 116961 68875 63727 95190 51682 120911 70882 96643 91440 124628 72254 7374 85384 74837 94033 92097 39636 89463 86352 71947 141054 72333 53626 116646 117151 104904
34692 27673 89443 83314 52185 78950 34150 72723 64576 74270 89459 27367 89704 65050 42290 24885 48765 64976 84432 69790 64006 72042 59797 62766 40385 30279 62887 31756 41306 104179 73031 54467 22661 44506 24797 78271 58679 25931 93862 8648 39745 37982 112004 24015 37839 26171 54676 85480 41348 47095 20077 68783 29802 65406 58381 62774 63393 103813 20028 29379 91537 86437 41041 123847 19294 39112 52927 122989 58375 92249 66396 21387 80121 25043 119902 30340 110743 78432 133284 24277 30760 79665 110872 48861 37568 0 25614 126800 55798 67029 49663 125223 58707 79351 32927 32074 25159 129791 55936 36574 37014 26314 20491 41050 62727 33049 92804 40843 13303 133646 43122 130088 52099 104122 43829 60130 22595 34496 66959 24651 49392 39099 138743 76470 108803 38038 41519 113994 19491 48943 73658 107470 33629 62521 93796 40570 33284 65967 44205 56645 149683 120790 92139 70591 32640 61069 50593 84742 33893 59927 56863 93802 34692 35618 51146 52185 59323 75997 18488 65050 57099 36025 112004 34968 21387 86437 94640 71250
49836 30369 104944 101346 38118 102019 34407 94551 68703 62579 113393 45874 114191 90529 58653 4922 23161 84253 107435 44182 38436 69477 42566 59131 53627 20583 37273 56319 31579 125474 96003 62704 23881 28300 28455 103675 36567 47438 87734 32654 33853 43870 135958 29902 54856 41892 53493 104236 47034 56033 43765 93152 50743 75888 81139 70206 39992 98432 19786 49339 117029 110225 51485 142800 26263 41494 49776 145258 41514 106006 88111 46497 64013 3895 145402 55430 104266 101895 155233 49042 56373 102451 101042 62411 36719 25614 0 141392 78786 52451 53405 149651 42638 104336 36475 46800 50566 154552 80791 30611 23408 28932 9527 49536 67242 53442 106132 47936 38200 155778 66451 146964 36000 105727 58526 43080 29481 52141 87335 25359 66493 32485 155459 91874 119071 52888 34082 117634 21968 46173 69773 133084 9986 87680 113638 49444 55327 57338 69142 42895 162596 117197 117375 91686 30680 62260 71720 89856 45016 78211 78544 117188 49836 39791 73395 38118 80767 101384 8976 90529 81790 43339 135958 52805 46497 110225 120135 93277
92767 111365 37392 46191 125078 148719 108873 66653 79689 118627 76124 99434 140961 101848 84583 144399 156370 64556 151840 171910 166354 92768 132727 99019 88052 124041 167286 103552 119366 50071 72757 80005 149459 129719 151353 99183 145940 101812 100645 128687 114003 162030 76961 111491 88986 101360 97453 46219 95503 85828 109156 85079 97897 66327 141906 74125 152522 98325 121607 97736 103311 75055 89923 30224 115386 102038 102389 59414 131612 35408 70153 112123 133385 137913 112073 122854 103774 74164 59161 125352 114153 150955 117730 79187 164075 126800 141392 0 82137 126475 91549 87691 129690 90642 105697 95688 112121 95516 94021 163297 126615 152912 143163 92141 80158 94535 35435 163624 116400 61200 91625 16016 129419 70057 157473 132307 111965 147253 65357 116260 156388 115440 19651 50336 31297 89462 168207 60087 119466 175348 95982 118133 141094 95851 44791 162020 136771 110639 99382 124138 24797 93380 95734 155445 112900 88607 145846 64078 96443 67818 76716 69885 92767 160846 82582 125078 74197 121920 132996 101848 92037 98316 76961 91834 112123 75055 104016 68466
35560 57428 47583 36095 85477 71265 60105 17816 60982 96615 35030 34362 69522 27231 29379 79594 100384 19721 75495 120637 114574 78492 95119 75214 37337 70569 114196 25008 74270 49036 17275 48488 76626 83469 77019 34668 101679 31387 100611 53801 68997 84170 57423 54532 29887 39730 67082 36027 52007 45931 35744 17241 28382 46519 60631 52893 107973 106841 62153 30283 47393 31715 43076 71266 55301 57337 69702 67205 93543 54249 12364 35517 108862 76648 73593 41657 114734 23178 77561 45383 33327 73280 121794 35226 88835 55798 78786 82137 0 96250 56605 71697 92623 30587 55654 37741 33577 77372 14223 90413 76670 78581 75998 46906 59344 26290 55763 84918 42676 77876 12696 80758 88151 92143 76315 95091 53888 66563 16984 60190 74446 69703 89300 38583 76017 34628 95311 95501 59798 99353 82022 66590 83564 20286 41113 82785 55415 85737 17331 87855 106834 116978 44295 74864 62814 65398 63737 70163 43488 21476 6977 38406 35560 83998 6386 85477 8698 49220 69937 27231 12794 49536 57423 29845 35517 31715 50186 16100
60987 43133 97160 100438 14961 144537 37965 105377 47702 12146 129345 65144 152681 118383 67056 57307 47085 90154 150002 52091 48241 34297 11324 27634 59031 36853 50405 84313 25998 130380 110351 53193 75984 24217 80511 129475 25827 71120 41173 75649 29318 96163 150001 47278 66435 59544 31822 104693 44323 52005 73436 113457 71794 64770 124596 55217 30619 51689 47064 69211 142899 125877 53376 138929 50069 39032 27715 151676 11693 93972 99780 79189 13397 49379 169822 94538 55709 117224 159758 89682 91008 145515 49596 63462 89073 67029 52451 126475 96250 0 41549 165214 10047 126708 41990 59302 83716 171836 105243 82448 30613 81161 61572 49500 47781 72186 93105 100159 72871 160924 87829 137124 16457 69116 108894 10679 48624 100777 95387 43661 115723 29310 144482 86613 97234 61626 85183 83040 48007 97864 31755 161557 43461 113028 115615 101407 100220 15890 95930 10384 142024 71285 140487 137453 36909 38855 117559 63143 53110 83301 92167 130421 60987 92169 89867 14961 93212 135713 52125 118383 105255 46887 150001 66984 79189 125877 145849 104943
24299 23906 58113 59539 34914 115192 18998 64039 15497 40134 88293 31891 119740 81261 27397 57441 65094 48637 120416 80492 74854 24656 43843 18813 19878 33733 75740 51042 27823 89050 69395 12268 69089 38244 72582 90968 55261 38534 47873 56289 22486 87232 108564 26329 28288 27897 10496 63637 8457 10778 44128 73779 37356 25565 97478 17575 61966 56553 35003 34853 103969 84832 14345 99473 31284 11947 13845 110333 42455 56693 58657 50272 53162 49569 129900 67149 64100 76283 118684 64506 60832 116619 67838 22171 84683 49663 53405 91549 56605 41549 0 123821 40883 87153 17653 24192 53980 130571 67515 81051 35245 73878 58153 11240 13897 36311 56312 90348 47476 119774 50452 99848 38930 54562 92575 43583 27551 82455 53943 28739 96613 23945 107834 46355 66391 23370 85442 65168 33615 95757 27448 123079 50782 75148 74491 90217 77301 29248 60184 35359 110879 71949 100759 111840 22799 11830 93611 36599 18462 41815 51705 89038 24299 84382 50363 34914 52440 100934 46528 81261 67122 13917 108564 30024 50272 84832 106785 63709
106441 128926 80525 70230 155950 94185 131065 59839 122591 163372 36687 106058 78396 63177 98897 149899 171798 75270 94352 192238 186184 140987 165566 140858 106802 142233 185723 93521 145231 41993 55434 112985 143383 154813 142573 50478 173124 102762 159608 121128 139744 145056 15343 126178 100589 111380 134053 65717 121265 113223 105901 56514 100003 104556 100237 113791 179508 162604 133796 101974 41345 40067 112212 58015 126982 127363 137636 28726 164021 88334 65585 103857 176950 147818 28732 101846 170011 48777 33751 107876 96544 96362 180630 101756 152579 125223 149651 87691 71697 165214 123821 0 162892 46554 126603 108921 100435 8037 69370 156152 148216 144008 145711 116069 121548 97986 90261 144333 111957 31990 83406 74196 158981 139436 130481 165469 125569 123734 69879 131861 124344 140596 78193 84345 105870 104866 160720 135777 131455 161461 144803 42520 155058 63463 56094 141417 112150 152646 81088 157793 106939 166156 36354 107829 134061 129623 110098 121672 114191 82022 73992 34793 106441 146306 77760 155950 72518 68220 140994 63177 68131 119854 15343 101116 103857 40067 39233 60332
57063 36945 98459 100420 7273 137034 32762 103187 50036 21635 126587 60018 145978 113302 64036 47456 37474 88537 142516 44715 40247 39689 3043 31119 56094 28453 42145 78529 19131 129733 107597 53083 66322 14687 70870 124904 17683 65562 50123 67356 23776 86455 147834 40874 62774 54328 32602 104494 41712 50526 67014 109661 66710 65730 116807 56551 23570 60813 39050 64204 138456 123128 50712 140092 42955 35540 27816 150977 2134 96080 97309 72497 21698 39696 165863 87182 65255 114407 159496 82005 84307 137913 59612 61712 79162 58707 42638 129690 92623 10047 40883 162892 0 122728 37126 55001 77081 169238 100555 72460 21742 71467 51876 46881 49719 67520 95402 90483 65673 160552 83277 139443 6780 76129 99715 2703 42092 91904 93497 36528 106802 23305 147099 87129 101470 58209 75151 89815 40300 87851 37867 156781 33484 108315 115318 91823 91992 21624 90644 5611 146520 80385 136529 129297 30808 41092 109293 67669 49136 81630 89140 128187 57063 82416 86252 7273 90433 129659 42895 113302 100743 43177 147834 62870 72497 123128 141461 102586
65790 86733 64484 51205 115520 59508 90017 29575 90550 127197 16635 63237 50321 17236 59965 104199 126981 43851 61944 147762 141763 108479 125129 105680 67909 99216 141067 48043 104069 43777 21828 78541 96871 112800 96019 8560 130737 58802 130049 74782 98984 98878 35412 83448 60273 68872 97640 48367 82550 76439 60725 13374 56697 74580 58429 82098 136814 135550 89904 59009 17330 16214 73653 69826 83413 87710 100288 53296 123545 72638 31555 57986 139404 102824 43147 55345 143403 17254 63860 61326 50045 61807 151360 65503 106110 79351 104336 90642 30587 126708 87153 46554 122728 0 85614 67731 54293 50520 23559 109598 105683 97453 99764 77473 89032 55381 74520 98386 66228 63378 39738 83753 117965 118033 85443 125136 82608 77924 38417 88909 80295 99588 91232 60624 94514 65104 114174 119026 87666 115206 112094 36632 110513 16972 45998 95582 66193 116316 35204 118107 114881 143960 13802 69318 92435 95596 66569 96841 73718 48780 35755 23668 65790 99951 36923 115520 35619 31744 95936 17236 22723 79869 35412 59884 57986 16214 19868 28548
20187 6292 70148 68644 29906 104416 4466 67420 33138 45554 90052 23161 111269 76463 28005 40221 51209 53922 109808 68992 63037 39151 39521 30208 20637 18520 63399 42426 18651 95965 71169 26256 51481 28388 55054 87835 46752 29185 61371 40307 13372 69921 111753 8961 26021 17557 21810 72170 10559 19873 32311 72592 29827 39626 85378 33763 53304 71076 17431 27262 101362 86616 16506 109970 13884 6199 20661 116864 37939 70315 61274 38376 55237 32751 128741 54755 78175 77880 126056 50951 49986 105604 79479 28329 67059 32927 36475 105697 55654 41990 17653 126603 37126 85614 0 17923 42709 132698 63507 63412 22619 56322 40597 13636 31482 30426 70278 73164 33487 126907 46176 112401 32504 72017 76566 39523 10339 66805 58308 11252 81395 14053 120714 57366 82598 21851 67834 82819 15964 78109 40930 119799 35416 71282 82490 73213 63065 35655 53947 32686 126327 87863 99413 99169 7856 28381 80037 54167 12439 47147 52613 92142 20187 66942 49315 29906 54137 93844 29080 76463 63646 7681 111753 25818 38376 86616 104358 66621
3035 20157 58645 54555 47807 91006 22367 50238 36059 61346 72297 7783 96000 59212 11880 49208 65665 37958 96242 84861 78812 48838 57434 42327 8356 33868 78815 26966 36529 79878 53514 23924 54385 45893 56847 70183 64210 14367 72063 36321 31288 69624 94192 18076 8579 5903 33413 57538 16746 16950 20566 54674 13336 33461 73398 32099 70633 80573 27497 10758 83645 68878 10770 96043 20617 20368 34571 100400 55854 60662 43946 26524 72316 43732 110872 43311 88196 60150 109935 41312 36675 92427 91915 16843 69599 32074 46800 95688 37741 59302 24192 108921 55001 67731 17923 0 29951 114904 45945 67948 39411 58345 47537 12981 34093 12989 61084 72109 25378 110662 28528 100349 50411 75162 71413 57427 17918 60938 41715 23773 74332 31965 108901 45533 76730 6230 72795 83650 25131 80979 51619 102255 48939 53729 67237 71345 54365 50765 37105 50406 118027 95141 81533 87861 25151 35730 70068 54351 6348 31600 34975 74646 3035 67561 31418 47807 36669 77683 37988 59212 45963 12596 94192 7897 26524 68878 86617 49301
30653 40585 75241 66357 69929 61794 46134 51345 65738 88246 65225 22169 68979 39964 33458 50043 73593 47657 67154 94586 88705 78619 78835 71420 36669 49761 87742 8773 58073 82589 50140 53021 43603 64412 43620 53132 80842 15675 101795 20853 54421 50856 87622 36441 29550 26318 62489 67500 46019 46589 10398 44298 18065 59498 43499 60724 86248 110489 39235 20018 66464 62376 40622 104469 34181 47609 62723 100122 77284 79945 45473 4599 97111 49507 94837 13518 118075 54830 110646 13462 7304 63060 121216 42210 55268 25159 50566 112121 33577 83716 53980 100435 77081 54293 42709 29951 0 104795 31069 57141 56758 45165 45484 42875 63773 20706 80963 51926 12547 110826 21389 112842 71098 104126 45844 79026 35119 35373 47911 40571 46608 54413 121491 63305 99527 32975 61984 111427 37426 65795 81237 82844 57729 37401 74153 50073 26136 78311 19387 73694 136234 124993 66983 57911 46807 65644 40446 82580 35544 44583 36652 70084 30653 50479 30531 69929 39277 52888 42655 39964 32393 40964 87622 26538 4599 62376 69570 49664
112511 134780 88416 77918 162232 93700 137164 66534 129823 170303 42663 111681 77088 66424 105202 154592 176943 82186 93399 197536 191498 148241 171867 147846 113162 147921 190946 98257 151348 49996 61640 119940 147248 160771 146218 53301 179027 108072 167142 125293 145925 147912 22747 131898 106684 117099 140874 73428 127724 119909 110800 61512 105479 111870 101379 121013 185343 170299 139217 107543 42615 46115 118652 65691 132483 133699 144350 36299 170312 96270 72063 108406 183732 152865 24403 105286 177742 54846 40273 111482 100490 95805 188220 108440 155826 129791 154552 95516 77372 171836 130571 8037 169238 50520 132698 114904 104795 0 73862 159732 154038 147618 150239 122522 128733 103618 98203 146978 116600 38384 88689 81800 165158 147335 132594 171789 131229 126348 76702 137540 126032 146731 85507 91929 113904 111079 164208 143782 136903 164364 152050 40074 160293 67479 63967 143982 114927 159533 85587 164211 114379 174065 38876 107975 140053 136695 111694 129389 120332 88855 80134 41627 112511 149371 83564 162232 78808 68913 146005 66424 72777 126105 22747 107049 108406 46115 40101 66898
44433 64020 60942 48738 93295 57193 67807 27473 73665 106860 34543 40577 55452 13850 40222 80732 103424 33753 61332 124219 118228 90565 102821 86324 47677 76077 117514 24485 81633 55453 22785 60774 74328 89948 73874 24354 107673 35621 113154 51827 76789 78505 56697 60533 39431 46270 77806 47888 61817 57208 37170 13600 33907 60215 47889 65948 113640 119873 66534 36367 37946 31956 53363 79871 60171 66285 79852 70722 101233 67969 24196 34549 118248 79265 65833 34502 127763 25445 81405 39738 27746 59246 134145 47388 84697 55936 80791 94021 14223 105243 67515 69370 100555 23559 63507 45945 31069 73862 0 87493 82680 75365 76401 56996 71927 33092 69556 78595 42741 81363 17423 91022 95471 106139 67778 102872 59604 58892 30286 65857 64518 77269 99344 52647 89905 44403 92212 109710 64334 94464 93952 56318 86980 7785 50833 76090 47189 96087 11733 96190 118817 130678 36905 61669 69915 77249 52501 84081 52189 35646 21199 40010 44433 79033 18577 93295 22780 35257 72377 13850 2023 58453 56697 38383 34549 31956 40986 25631
70752 57144 125972 119812 68522 89740 62532 107939 96545 93002 122011 63895 105283 93317 78719 25708 41961 101349 94691 58342 54505 99446 71967 89191 76035 50570 52064 65436 62057 139396 107247 88448 14009 58599 13619 106547 62888 62292 118302 36623 63779 18841 144140 55102 74313 62126 82864 121853 73584 81222 55698 101025 66211 100544 69815 96527 64108 128972 46079 65929 118659 119297 75656 160029 50320 69224 79567 157261 71104 128547 101785 54902 93218 34250 146238 54454 134870 111941 167773 48283 59795 89500 131496 84772 8063 36574 30611 163297 90413 82448 81051 156152 72460 109598 63412 67948 57141 159732 87493 0 54014 12150 23171 74763 94893 69511 129016 22753 48332 167966 77820 166629 66042 134907 38607 72535 54108 37663 103001 52367 47997 62507 175290 112961 144211 74098 4962 146168 47454 15563 99995 131617 38987 92739 129820 25568 46746 87943 76169 73258 185956 147601 120965 76186 59317 91086 58374 117562 68523 96467 92441 127131 70752 14761 86489 68522 94988 97501 34908 93317 89039 68912 144140 71502 54902 119297 121637 106347
42076 19294 92029 91171 15671 115636 18516 89596 49276 39646 111543 42511 125211 94675 50385 28307 29849 76481 121122 46441 40534 46922 22797 36559 43235 7023 41060 59349 8666 118547 92874 46636 45916 7686 50364 106918 25064 47066 64349 45658 12864 66109 133572 22244 47919 36975 32289 94755 31538 41437 47136 93089 48987 60317 95264 52820 31305 75068 17737 46720 120547 108149 39012 132377 22812 24757 27919 139384 21362 91481 83340 52162 43339 19813 148500 66012 80859 99443 148645 60601 63827 116453 77934 50858 59891 37014 23408 126615 76670 30613 35245 148216 21742 105683 22619 39411 56758 154038 82680 54014 0 51138 31749 35798 48156 50510 91241 70014 44822 149477 65957 134201 15086 83862 78282 23119 23087 70241 80739 16827 85168 11369 142382 79486 101468 44171 57439 96398 19347 69575 46850 138278 16891 90293 105107 71086 70290 33930 72002 20406 146107 93953 119379 107598 14764 41619 87575 69963 34782 69739 74365 114050 42076 62260 70488 15671 76079 109638 21568 94675 83143 30229 133572 47124 52162 108149 123614 88697
60998 50245 115524 108802 66534 80009 56196 96199 89241 90782 109894 53561 94786 81215 68540 24321 46288 90203 85142 65037 60441 94110 71486 84118 66618 46385 58325 53574 58339 127607 95304 80096 5228 56944 1581 94467 64703 51315 114294 24955 59010 15004 131999 47553 64065 52448 77021 110667 65956 72754 44394 88910 55253 91535 59585 88333 67113 124760 39701 55207 106674 107198 66890 148630 42606 62402 74262 145270 70410 118520 90112 43134 92931 31785 134371 42364 131097 99902 155808 36149 47654 79971 129023 75160 11256 26314 28932 152912 78581 81161 73878 144008 71467 97453 56322 58345 45165 147618 75365 12150 51138 0 19594 66463 87485 58595 119097 19018 37000 155974 66056 155674 64765 128337 31112 71994 46371 27602 91598 45864 40002 57906 164346 102623 135045 64347 16860 138953 40579 22635 95085 119955 38683 80590 118355 20570 35409 84490 64083 71329 175947 142819 108876 67388 53473 84602 48549 109937 59702 85597 80858 115060 60998 11148 74851 66534 83430 86018 30011 81215 76925 60938 131999 61127 43134 107198 109668 94579
50511 34306 106182 101426 46996 93510 39452 92569 73643 71331 109920 45049 106315 85124 59052 5677 30592 83628 98884 51225 45805 76316 51935 66095 55141 27595 44258 52240 39340 123892 93268 66214 14453 37356 19016 98420 46008 45261 95585 25818 40698 34592 132475 32694 54903 42044 59693 103977 50966 59156 40288 89272 48917 78828 72626 74116 49169 106182 23168 47958 111539 106875 53957 142557 28183 46254 56424 143079 50838 107971 86176 41860 73372 12193 139854 48445 112279 98803 153278 41903 50541 93845 109680 64005 28255 20491 9527 143163 75998 61572 58153 145711 51876 99764 40597 47537 45484 150239 76401 23171 31749 19594 0 52625 72039 51936 108269 38607 33782 153702 63381 147744 45171 111766 49027 52435 31874 42904 86158 29414 57094 39462 156333 93070 122431 53766 27341 123153 24775 38482 76948 126900 19494 82885 112854 40005 46861 65447 64668 51791 165109 124629 112421 82691 36164 67966 62839 94741 47016 78020 76587 114171 50511 30614 71068 46996 78960 94439 11748 85124 77583 46584 132475 52456 41860 106875 114631 91167
13116 19252 56522 55433 40091 103959 17307 56312 23936 49917 79936 20726 108592 70626 17575 52946 64814 41811 109178 82231 76332 35862 49625 29721 9570 32147 76807 39805 30348 83525 60928 13689 61977 40745 65068 80801 58884 27344 59090 46844 24614 79020 100972 19954 17565 17140 20943 59120 5202 6540 33207 64146 26120 26366 86354 21871 65560 67616 29899 23613 94004 76469 3879 96579 24503 11634 22903 104626 48106 56741 50491 39292 61964 45932 120489 56149 75223 67785 113535 53795 49653 105393 79059 15253 77556 41050 49536 92141 46906 49500 11240 116069 46881 77473 13636 12981 42875 122522 56996 74763 35798 66463 52625 0 22010 25164 56751 81876 37121 114471 39730 98773 43473 63507 82826 49492 20761 72522 46645 24209 86370 25762 107080 43787 69824 12593 79395 72959 27972 88839 38688 112961 49031 64709 69640 81467 66729 39105 49181 41725 113060 82476 91201 100778 21230 22769 82773 43692 7676 34914 42669 81329 13116 76495 40550 40091 43762 89929 41576 70626 56736 6202 100972 18976 39292 76469 96886 55740
33120 37761 49388 53589 44921 123433 32853 62904 1967 42782 87549 41782 126222 85760 32632 71322 77868 46935 128480 91991 86583 19656 52763 20447 27220 47331 87710 59362 40127 84014 69311 11319 82770 50088 86157 93963 65789 48103 41283 68818 35296 100563 106206 39973 35208 38979 17296 58021 21536 17196 54659 75832 46038 17470 106878 7843 72364 48159 48879 43827 106274 84168 23329 91154 44895 25839 22234 105203 51581 46412 58463 60575 57278 63391 130667 77250 56016 76057 112734 75401 70122 125022 62455 24582 98380 62727 67242 80158 59344 47781 13897 121548 49719 89032 31482 34093 63773 128733 71927 94893 48156 87485 72039 22010 0 44165 45690 103556 59045 114008 56000 89751 49272 41511 104835 52378 41118 94515 52608 42626 108262 36796 97380 39344 53409 30990 99311 51467 47439 109510 23413 125586 64223 79160 68930 103269 88435 32764 66492 44125 98294 61268 102156 121506 36578 8932 104102 22704 29645 40777 53370 87185 33120 97845 53624 44921 53423 106664 60424 85760 71165 26718 106206 37776 60575 84168 108898 62978
12052 31389 57169 50301 60274 79377 34758 41117 46104 74317 61311 8072 83434 46241 12754 54830 74378 31937 84496 94441 88374 60674 69842 54875 17054 44302 88069 15197 48715 72119 43063 33048 55515 57480 57022 57410 75564 7289 83861 34152 43744 67624 83627 28298 9059 13542 46040 52434 29497 27314 14713 42601 3362 38793 62825 40388 81786 91867 35966 4113 70939 57975 22036 90860 29056 33342 47472 91826 68255 60901 34676 18825 85259 50990 98437 34086 99616 49359 101796 33779 26260 80919 104126 21541 69660 33049 53442 94535 26290 72186 36311 97986 67520 55381 30426 12989 20706 103618 33092 69511 50510 58595 51936 25164 44165 0 61722 69456 21868 102336 15757 97135 62602 83712 65770 69873 27611 55181 34223 33922 67198 44277 105801 44521 79526 13282 74470 90741 33590 80870 63683 89404 57515 40873 60956 68124 46744 63698 24157 63102 118022 105371 69155 77530 37056 47324 60948 61998 19327 27004 25133 64375 12052 66318 20336 60274 27325 64835 44480 46241 33224 25585 83627 6426 18825 57975 73941 39877
58265 75995 10326 23396 90385 126698 73439 45392 45504 86508 64752 65591 122732 80555 50590 109265 120960 36099 130662 136792 131166 60724 98445 65473 53159 88606 132027 72908 84128 48414 53044 44608 115356 94551 117564 82287 111157 68830 73545 95547 78697 129202 75919 76255 55088 66891 62860 26877 60069 50406 76416 64741 65033 30925 116152 39103 117800 74301 86363 64457 90575 62267 54651 47166 80287 66618 67747 67371 97245 1980 45931 80189 101346 102607 107719 92985 81204 57414 72572 94424 84259 128777 93318 44322 130338 92804 106132 35435 55763 93105 56312 90261 95402 74520 70278 61084 80963 98203 69556 129016 91241 119097 108269 56751 45690 61722 0 131153 83384 74200 62268 44071 94650 49294 126808 98065 76790 116314 39328 80916 126977 80121 51725 17802 20416 54918 133875 46138 84266 141694 64289 108562 105665 73705 34404 129846 106712 77549 71700 89802 56943 75946 84025 130550 77466 54455 118054 34331 61328 36782 49147 60899 58265 127651 54093 90385 47076 102489 97848 80555 67801 62939 75919 58112 80189 62267 92257 46785
74414 67374 126414 118185 85488 69228 73611 102712 105395 109653 112616 66094 85898 81292 80898 43269 63816 99440 73869 81039 77037 111773 90498 101998 80456 64984 74667 60688 76974 133364 100423 95198 24174 75944 19662 93877 83348 62324 132558 35891 77254 4170 133744 64217 76405 66292 94495 119422 82117 87834 54746 92071 66128 105549 50566 103515 85372 142901 57452 66743 104716 110332 81696 156159 59280 79349 92091 149298 89426 130355 97114 51511 111944 50794 131086 44111 149419 103999 159990 39554 51736 68712 147780 88463 14791 40843 47936 163624 84918 100159 90348 144333 90483 98386 73164 72109 51926 146978 78595 22753 70014 19018 38607 81876 103556 69456 131153 0 47818 159914 73228 164765 83776 144888 17075 91008 62899 20630 99835 63379 26423 76233 173416 113947 148365 77666 24243 154832 57984 18055 112987 115460 57618 82307 125904 3321 32210 103069 68529 90280 187399 160609 108190 54726 71245 101533 38791 125561 74613 95810 88538 118501 74414 8488 82417 85488 91164 81043 48654 81292 80418 76841 133744 73279 51511 110332 107517 100955
27234 30155 79037 71837 58648 71691 36250 59852 60992 78368 76156 18524 80410 52415 33105 37992 61132 53207 77147 82101 76201 71598 67249 63418 33473 37798 75279 18458 46939 91344 59854 49274 34355 52506 35420 65497 68522 14610 94418 12290 43865 45825 98702 25940 28627 20075 54676 73666 39076 42151 7394 55493 18506 58272 52092 57476 73820 103715 27125 18933 78905 73139 35876 111710 22814 39098 54107 109878 65725 82632 53602 8299 86246 37005 107273 21683 111060 65167 120229 17465 19165 72723 112947 40934 47930 13303 38200 116400 42676 72871 47476 111957 65673 66228 33487 25378 12547 116600 42741 48332 44822 37000 33782 37121 59045 21868 83384 47818 0 120552 29980 118712 59473 100397 46035 67481 24499 35573 54674 29248 49250 43654 127386 66351 100611 30321 53287 109024 25507 59070 73818 95390 45185 49496 81488 46688 29877 68943 31031 62656 139857 119409 79181 65701 36215 59303 46601 79729 29445 48755 44169 80535 27234 44451 38296 58648 46694 65110 30136 52415 43854 33659 98702 25483 8299 73139 82012 58325
107779 130605 66345 60521 154186 119694 131189 61238 114581 156785 47592 110016 105892 80361 99177 157020 176203 72997 120815 195489 189450 132164 163458 134374 106271 144437 189476 102622 144803 30956 60767 107786 154329 155103 154436 70296 173340 108558 147494 131479 139078 159868 30281 128729 102100 114541 129104 56230 119409 110098 113571 67843 105085 96562 121651 106227 179997 148485 137722 106441 65990 49628 110882 31220 130715 126103 133389 10704 162013 72540 67674 113244 171246 153275 60539 115859 155284 56154 2067 121005 108855 121971 167510 99242 165773 133646 155778 61200 77876 160924 119774 31990 160552 63378 126907 110662 110826 38384 81363 167966 149477 155974 153702 114471 114008 102336 74200 159914 120552 0 90572 45975 157819 122546 148174 163239 128476 139933 68948 134435 143519 140188 48198 74667 85259 105395 172808 116196 135319 175767 135942 72696 159371 77920 45314 157341 128146 146657 92059 155088 77256 148569 58952 131588 134742 122787 129927 108278 114718 79765 77257 41420 107779 160324 82637 154186 75011 92059 146815 80361 79596 119441 30281 103570 113244 49628 64895 62566
27030 47007 55428 45525 76031 68625 50515 30143 57829 89507 46962 23503 70225 30902 23538 67086 88393 27140 73394 108870 102824 74024 85596 69255 30575 59549 102324 12637 64453 61576 29910 44696 63989 73064 64488 41675 91018 19384 96912 41197 59501 72239 69513 43717 22196 29155 60626 46346 44470 40420 23096 27259 16974 46415 54810 50720 97138 104157 50540 19273 55186 43775 36181 83081 43872 48862 62519 79899 84009 61015 24128 22928 100825 64466 82718 31246 112015 35489 90255 33990 22528 70415 117671 31507 76453 43122 66451 91625 12696 87829 50452 83406 83277 39738 46176 28528 21389 88689 17423 77820 65957 66056 63381 39730 56000 15757 62268 73228 29980 90572 0 91639 78331 92691 65858 85629 42899 55725 26695 49210 65037 60030 100268 44480 81836 27160 82732 97837 48240 87117 77292 73727 71659 25205 52764 71268 45159 78767 10761 78838 116034 116128 53475 69530 52771 60629 55809 70539 34766 25547 15318 50835 27030 71844 9207 76031 17943 50770 57683 30902 17471 41030 69513 20977 22928 43775 58185 28529
97334 117663 42252 46875 134304 143025 115959 63733 89574 130144 68021 102992 133581 96903 88696 149551 163577 65557 145675 180245 174512 104235 142485 109492 93359 130919 175221 104089 127517 40573 68581 87802 152643 138027 154096 92278 154991 104388 114185 130932 121955 163554 64951 117242 92863 105707 106868 45343 102687 92806 111332 80407 100455 74284 138367 82994 161664 112652 127281 100710 94506 67615 96088 16276 120709 109443 111729 45505 141269 43367 68402 113495 144984 143687 100026 122357 118449 68515 43913 125619 113864 145307 132097 84655 166639 130088 146964 16016 80758 137124 99848 74196 139443 83753 112401 100349 112842 81800 91022 166629 134201 155674 147744 98773 89751 97135 44071 164765 118712 45975 91639 0 138521 84693 157059 142112 117529 147191 64955 122379 155023 123331 8675 55166 45594 94166 171585 75500 125024 177720 107659 107719 147691 91563 40189 162884 136166 121487 98036 133839 33102 108782 86787 151198 119946 98526 143507 76278 102062 70164 76334 61253 97334 162784 82432 134304 73715 115484 138275 96903 88999 104796 64951 95435 113495 67615 94800 65586
52674 31501 97015 98104 4463 130622 28047 99510 49849 27256 122499 54899 139865 107980 60118 40851 32901 85283 136106 43050 37996 41876 7782 32388 52324 21932 39528 72952 13899 126903 103570 51189 59606 7908 64147 119821 16522 60166 54823 60744 19238 79761 144040 35241 58481 49210 31982 102042 38437 47784 61168 105032 61564 64344 110310 55556 23151 65605 32617 59119 133416 119054 47200 138392 36917 31873 27040 148060 6293 95196 93490 66502 28477 32982 161038 80869 70490 110318 156833 75578 78275 131467 65640 58614 72619 52099 36000 129419 88151 16457 38930 158981 6780 117965 32504 50411 71098 165158 95471 66042 15086 64765 45171 43473 49272 62602 94650 83776 59473 157819 78331 138521 0 78971 92935 8055 36372 85150 90046 30549 100039 18450 146360 85242 102047 54115 68872 92381 33995 81495 40607 151545 27067 103196 112756 85085 85377 24977 85279 7855 147123 85064 131750 122685 25564 41088 102659 68718 44826 78388 85033 124400 52674 75744 81818 4463 86464 123842 36116 107980 95752 39149 144040 58308 66502 119054 136446 98812
73787 78117 58920 70241 74661 161315 72409 88706 39612 58107 111433 82646 161591 119347 71167 110222 111432 74446 166066 120775 116367 37286 78782 47458 67587 85155 118189 98654 75197 97695 96329 51291 123464 83006 127070 124676 93807 88640 32833 110329 71950 141794 124867 80849 74681 80329 52238 74492 62780 58257 95606 106084 86081 46289 146301 43403 99389 28427 88953 84138 135119 108523 64525 93244 85810 65947 56086 116400 78263 51180 86648 101313 71232 101835 155305 117638 33762 102084 120793 116345 109970 163089 47725 62332 139001 104122 105727 70057 92143 69116 54562 139436 76129 118033 72017 75162 104126 147335 106139 134907 83862 128337 111766 63507 41511 83712 49294 144888 100397 122546 92691 84693 78971 0 146303 78192 82100 135938 79674 82677 149494 73371 89707 57826 39100 71198 139080 14059 87830 149927 38385 154032 100747 112352 83374 144691 129444 54506 103449 71572 78305 26747 129450 161073 75604 43837 144565 22161 71108 70759 85269 108633 73787 138925 87728 74661 84280 141348 100019 119347 104895 68107 124867 77611 101313 108523 137252 89551
73195 71496 120923 111377 93948 52155 77977 93722 106762 117257 100588 64365 68965 68207 78193 54419 77392 92930 56803 95928 91484 115713 100183 106576 79457 72327 89304 54084 84091 123221 90374 95297 35309 85031 30965 80101 95020 59270 137690 36337 83246 20147 120815 67753 73886 66020 98375 112013 84125 88126 51706 80773 62670 103975 33867 103511 97880 147598 63161 63917 90036 98622 81849 147177 63113 82697 96752 137710 98949 125785 88679 46948 121411 60631 115576 34725 154567 93098 148418 32387 43347 51642 154491 86528 31128 43829 58526 157473 76315 108894 92575 130481 99715 85443 76566 71413 45844 132594 67778 38607 78282 31112 49027 82826 104835 65770 126808 17075 46035 148174 65858 157059 92935 146303 0 100629 66303 10595 92400 68354 9439 82465 165613 109139 145220 76182 40868 155056 63051 34861 117437 99570 68511 70275 117324 13772 20902 109513 59126 98650 181800 164301 94138 37774 76379 104260 22137 125765 75198 90342 80957 106873 73195 23886 74967 93948 83542 65289 56825 68207 69728 78671 120815 70716 46948 98622 92709 91897
59533 39105 101155 103118 9619 138676 35129 105789 52673 22714 129133 62309 147852 115544 66593 47831 36407 91182 144161 42584 38296 41989 648 33621 58667 29987 40295 80668 21299 132413 110150 55785 66887 15726 71451 127225 15688 67764 51543 68771 26153 86949 150426 42967 65266 56615 35286 107189 44334 53198 69028 112099 68997 68428 118363 59237 21279 62160 40669 66508 140791 125676 53315 142793 44855 38106 30510 153653 1762 98751 99891 74434 20938 40308 168260 88909 66352 116951 162186 83632 86225 139522 60151 64363 79392 60130 43080 132307 95091 10679 43583 165469 2703 125136 39523 57427 79026 171789 102872 72535 23119 71994 52435 49492 52378 69873 98065 91008 67481 163239 85629 142112 8055 78192 100629 0 44149 93007 96123 38454 107865 25604 149754 89833 103991 60734 75071 91940 42025 87838 40041 159058 33667 110622 118010 92435 93399 23743 92867 8303 149025 81755 138935 130706 33023 43723 110669 70137 51615 84274 91676 130778 59533 82863 88726 9619 92991 131699 43879 115544 103087 45700 150426 65308 74434 125676 143805 105175
20902 5663 75467 72262 34883 96132 11978 67746 42870 53881 88885 19551 104098 71754 29739 32476 47765 55875 101575 67209 61145 49453 44004 40310 24170 16694 61039 36590 22997 97748 70441 34398 41663 30375 45054 83870 48129 24012 71469 30136 19414 59715 111111 1487 26407 14220 32092 75365 19605 27285 24938 70086 25926 46979 76579 42422 54245 81297 9756 23719 97497 85528 22193 113786 3796 16535 30568 118158 42432 76609 61370 30573 62021 26159 125415 46152 88317 76871 127779 41784 42399 97198 89109 32931 57277 22595 29481 111965 53888 48624 27551 125569 42092 82608 10339 17918 35119 131229 59604 54108 23087 46371 31874 20761 41118 27611 76790 62899 24499 128476 42899 117529 36372 82100 66303 44149 0 56643 59538 6319 71330 19314 126005 62407 90557 23720 58689 92584 7513 68455 51136 115358 31021 67237 85147 62900 53441 44636 49049 38575 133461 98197 96295 90032 11758 38641 70598 63640 15538 49495 52103 91726 20902 56831 47827 34883 54012 87567 21059 71754 60056 14807 111111 24977 30573 85528 100557 66699
62668 61982 110561 101239 85820 52418 68471 84151 96451 108601 92466 53821 67620 60771 67598 48526 72700 82697 57540 92259 87397 105885 92599 96950 68934 63962 85439 43738 75482 114154 81204 84846 30623 77298 26936 73267 88652 48677 128112 26509 74220 21885 113322 58112 63295 55614 88600 102013 73999 77714 41122 72184 52075 93394 32174 93035 92064 137879 54297 53326 84112 90305 71437 137689 53618 72876 87198 129374 91292 115312 78913 36363 113568 53743 110678 24928 144955 84332 140082 21953 33327 52369 145366 75944 31448 34496 52141 147253 66563 100777 82455 123734 91904 77924 66805 60938 35373 126348 58892 37663 70241 27602 42904 72522 94515 55181 116314 20630 35573 139933 55725 147191 85150 135938 10595 93007 56643 0 82368 59147 14965 73532 155778 98676 134651 65631 41017 144554 53956 38279 107734 95289 62052 62092 107664 17686 11793 100459 49573 90441 171501 154313 87566 40079 67128 94197 20950 115282 64869 79935 70931 98523 62668 24219 64889 85820 73533 60885 49171 60771 60786 68539 113322 60126 36363 90305 86930 82345
38847 61716 30707 19190 86735 87373 62680 10303 53890 93609 34946 41469 83927 41453 30354 88966 107289 5702 91345 126563 120518 72262 96264 71196 37798 75527 120528 39147 76602 38238 17085 43285 89009 86674 90017 45060 105019 41069 92738 66658 70949 98713 54624 59781 33152 45700 64187 19653 51790 43383 47303 26574 37289 36779 77568 45139 111603 97601 68860 38225 55638 31560 42862 57039 61859 58181 67766 58702 94750 37706 7030 48795 107074 84644 78297 57684 105405 23588 68240 60685 49069 89458 114083 31940 102328 66959 87335 65357 16984 95387 53943 69879 93497 38417 58308 41715 47911 76702 30286 103001 80739 91598 86158 46645 52608 34223 39328 99835 54674 68948 26695 64955 90046 79674 92400 96123 59538 82368 0 65488 91039 71950 73593 23033 59722 36568 107958 81360 66459 113227 76019 74784 90483 34511 26844 97931 71581 82831 34052 88261 89982 105544 50509 91705 66079 60192 80656 58432 45965 12154 11443 35109 38847 98108 17494 86735 8866 63571 78360 41453 28494 51049 54624 34703 48795 31560 57933 10452
26677 5020 80184 77622 29431 100878 10332 73865 44231 49887 95175 25866 109452 77886 35418 28986 42001 61658 106345 61112 55056 48402 38268 38662 29238 10380 55042 42614 17693 103640 76688 37367 40878 24229 44681 90092 41837 30240 69524 32920 15178 59935 117372 5738 32340 20485 31186 80864 21772 30684 30628 76404 32238 50537 80986 44995 47929 79680 6290 30038 103721 91811 26381 119136 6441 16860 28750 124164 36714 80853 67512 35981 57017 21724 131681 50887 86421 83145 133705 46067 47782 101856 86223 37751 56347 24651 25359 116260 60190 43661 28739 131861 36528 88909 11252 23773 40571 137540 65857 52367 16827 45864 29414 24209 42626 33922 80916 63379 29248 134435 49210 122379 30549 82677 68354 38454 6319 59147 65488 0 74031 14689 130789 67214 93749 29273 56714 93802 5406 67254 49645 121493 25473 73467 90814 63709 57067 41324 55198 33412 137257 97231 102584 94079 8029 38848 74371 65329 20442 55158 58305 97958 26677 56719 54107 29431 60170 93295 17834 77886 66334 18007 117372 31100 35981 91811 106787 72852
75800 76741 120463 110198 100764 42923 83222 91330 110215 123559 95995 66914 60068 63169 79888 62618 86139 92143 47469 105001 100442 120353 107448 111591 82054 78921 98320 54136 90446 119790 87302 98228 43882 92171 39705 74334 103060 61250 142760 41231 89135 29585 115421 72807 75772 69286 103139 110452 88171 91255 53978 76934 64315 105914 25595 106292 106202 152415 69250 65881 83420 94280 85004 144377 68403 87403 101897 133206 106157 125831 86721 48576 128479 68319 108121 33993 159569 89395 143878 33456 42723 42327 160224 88501 40564 49392 66493 156388 74446 115723 96613 124344 106802 80295 81395 74332 46608 126032 64518 47997 85168 40002 57094 86370 108262 67198 126977 26423 49250 143519 65037 155023 100039 149494 9439 107865 71330 14965 91039 74031 0 88466 163480 109191 145957 78584 50308 157581 68874 43965 122308 91811 76462 66046 114970 23148 20473 115354 57115 105394 180945 168558 88023 28340 81989 108412 14365 128456 78694 90229 79676 102521 75800 33305 73884 100764 82191 57848 63993 63169 66523 82718 115421 72650 48576 94280 85965 89481
34230 13857 81269 81103 16035 115345 9598 81256 37940 35223 104077 36716 123388 90000 41818 37140 41186 67352 120799 56947 51182 37015 25566 26703 34153 11959 51931 55343 4655 109234 85169 35576 52723 15000 56909 101622 33154 42296 56390 47509 1502 72556 125701 17972 40047 31024 21298 84854 21049 30864 44163 86611 43407 49225 95591 41511 39811 66867 19304 40908 115187 100637 29307 122016 20951 14211 17311 130277 23979 80417 75175 49880 42708 28619 142692 65337 73214 91900 139271 60685 61702 116369 72050 41014 67612 39099 32485 115440 69703 29310 23945 140596 23305 99588 14053 31965 54413 146731 77269 62507 11369 57906 39462 25762 36796 44277 80121 76233 43654 140188 60030 123331 18450 73371 82465 25604 19314 73532 71950 14689 88466 0 131440 68931 90100 35749 66344 85595 19610 77930 37493 133477 27725 85022 95401 76884 71751 27071 67354 19341 134763 85170 113381 108759 7628 30475 89059 58733 26408 60496 66621 106072 34230 69014 63367 16035 68095 106628 27997 90000 77485 20904 125701 39862 49880 100637 118201 80510
105892 126044 50608 55549 142106 150662 124213 72155 97115 137154 75212 111624 140716 104840 97281 158091 171849 74232 153173 188302 182605 111234 150142 116878 101838 139223 183361 112734 135575 47629 76789 95873 161306 146060 162769 99710 162858 113056 120094 139607 130049 172218 70243 125696 101469 114290 114582 53998 110906 101044 120007 88465 109123 82283 146507 90804 169511 117955 135752 109367 101244 75032 104461 21934 129214 117631 119472 49555 148955 51177 76937 122164 151972 152157 104987 130926 123425 76420 46144 134239 122455 152952 137368 93101 175314 138743 155459 19651 89300 144482 107834 78193 147099 91232 120714 108901 121491 85507 99344 175290 142382 164346 156333 107080 97380 105801 51725 173416 127386 48198 100268 8675 146360 89707 165613 149754 126005 155778 73593 130789 163480 131440 0 63605 50855 102708 180245 79597 133507 186395 114573 113634 156052 99657 48541 171523 144715 128755 106552 141505 29059 112855 93511 159177 128211 106076 151844 82891 110515 78823 84957 68316 105892 171456 91061 142106 82336 122973 146797 104840 97320 113135 70243 104060 122164 75032 101362 74006
42566 62517 13113 14459 81268 109823 61072 31075 39929 82118 53742 49104 106944 64427 34255 94597 108575 18894 113970 125825 119985 57771 90120 59739 38247 75879 120542 55159 73303 44951 38799 34090 99126 83850 101069 67759 101443 51742 75275 78604 67622 112145 69182 62091 38649 51112 54924 19002 47978 38091 59229 49478 47871 21924 98592 31584 108161 78503 72150 47533 77492 50753 40962 53172 65652 54812 59453 65990 88763 16657 30009 62710 96606 88554 97736 75201 86066 44303 73391 76753 66469 111853 96294 29496 113811 76470 91874 50336 38583 86613 46355 84345 87129 60624 57366 45533 63305 91929 52647 112961 79486 102623 93070 43787 39344 44521 17802 113947 66351 74667 44480 55166 85242 57826 109139 89833 62407 98676 23033 67214 109191 68931 63605 0 37580 39306 117874 58485 69912 125114 61583 96264 92555 57448 29757 112532 88953 72041 54046 81555 73506 84247 71652 113080 65016 48154 100281 37826 46910 18980 31779 51500 42566 110777 36442 81268 29901 86578 83259 64427 50997 49720 69182 41510 62710 50753 79533 32090
74180 88728 30050 43327 97607 147076 85018 65667 52492 88557 83783 82277 143093 100967 67511 122692 131251 56302 151066 145053 139783 63026 104465 70372 68429 100055 141007 91835 93534 64065 73252 56383 130945 103444 133558 102427 118418 86340 69371 112493 88608 146122 92424 89778 71984 82633 70320 46292 72042 63286 93994 85082 82722 43673 136169 48991 124812 67153 99659 81785 110198 81545 68586 54920 94259 77913 75226 80355 103488 22136 66346 98302 103150 115345 125682 112020 72856 77306 83393 112955 103368 149145 86588 60014 146290 108803 119071 31297 76017 97234 66391 105870 101470 94514 82598 76730 99527 113904 89905 144211 101468 135045 122431 69824 53409 79526 20416 148365 100611 85259 81836 45594 102047 39100 145220 103991 90557 134651 59722 93749 145957 90100 50855 37580 0 70862 148946 30953 97788 157667 65970 127744 117154 94121 51909 147299 125552 81349 91600 96059 45082 63790 103404 150658 88972 61004 137617 34097 75691 56304 69303 79283 74180 144232 74010 97607 67319 122876 111367 100967 88171 75935 92424 75131 98302 81545 111724 67107
3352 25222 52418 48552 51159 92657 26284 45570 32942 62491 68417 11824 96480 58046 6220 55385 71274 32453 97777 90119 84093 47478 60800 42133 3782 39067 84210 28432 40395 74514 49461 20055 60474 50233 62835 68248 68599 17446 70631 41784 34879 75305 89952 23699 4972 11973 33466 51654 17503 14033 24621 51833 15061 27967 75890 27809 75133 78586 33420 12958 81503 64965 9037 90071 26642 22748 35474 95239 59240 54470 39435 30142 74311 49749 108199 46493 86336 56233 104609 45234 39151 94192 91021 10849 75602 38038 52888 89462 34628 61626 23370 104866 58209 65104 21851 6230 32975 111079 44403 74098 44171 64347 53766 12593 30990 13282 54918 77666 30321 105395 27160 94166 54115 71198 76182 60734 23720 65631 36568 29273 78584 35749 102708 39306 70862 0 78959 79018 31085 86980 50561 100409 54660 52117 61541 76775 58345 51693 36824 53315 111859 92252 78871 90533 29545 34097 73417 49880 9425 25887 30948 70325 3352 73371 28243 51159 32351 77567 44125 58046 44152 15035 89952 6856 30142 64965 84405 44779
75615 61551 130893 124771 71563 92599 66793 112859 100938 96000 126746 68823 108524 97785 83625 29264 42971 106311 97441 57958 54549 103347 74486 93047 80849 54385 51977 70322 65657 144308 112110 93070 18971 61612 18380 110973 64639 67254 121788 41538 67653 20733 148821 59645 79228 66988 86938 126816 78089 85875 60655 105764 71172 105274 73003 101108 65370 132501 50440 70881 122953 124057 80369 164988 54913 73570 83514 162104 73703 133419 106716 59809 95559 37843 150397 58928 138256 116754 172629 52849 64486 92256 134477 89607 9779 41519 34082 168207 95311 85183 85442 160720 75151 114174 67834 72795 61984 164208 92212 4962 57439 16860 27341 79395 99311 74470 133875 24243 53287 172808 82732 171585 68872 139080 40868 75071 58689 41017 107958 56714 50308 66344 180245 117874 148946 78959 0 150490 51906 12895 103779 135600 41837 97354 134775 27338 50651 91342 80943 76252 190817 151273 125401 78632 63480 95299 61418 122002 73256 101422 97383 131919 75615 17145 91424 71563 99933 101376 39077 97785 93780 73495 148821 76430 59809 124057 125912 111261
81899 89052 56405 68970 88017 166123 83707 89452 49723 72137 110608 90771 164880 122326 77992 121985 124560 76621 170640 134515 130002 50515 92521 60414 75630 97166 131759 105192 87768 93786 97204 59851 134224 96041 137624 126244 107497 96339 46562 119622 84137 151930 121792 91426 81910 89154 64302 72818 73000 67145 103639 107914 93413 52056 152365 51576 113183 40899 100089 91722 135686 107962 73384 85825 96357 76944 68482 111047 91947 48117 88385 109037 85283 113741 153842 124819 44921 102369 114337 124167 116754 168010 59540 69217 149830 113994 117634 60087 95501 83040 65168 135777 89815 119026 82819 83650 111427 143782 109710 146168 96398 138953 123153 72959 51467 90741 46138 154832 109024 116196 97837 75500 92381 14059 155056 91940 92584 144554 81360 93802 157581 85595 79597 58485 30953 79018 150490 0 98775 160925 51959 154126 113218 115299 80424 154413 137262 68206 108468 85119 65532 33299 129492 167151 87137 55374 151608 29337 80323 74083 88525 107003 81899 149281 91814 88017 87163 144506 111440 122326 108274 78109 121792 84991 109037 107962 137576 90544
28153 9731 82977 79634 33417 96747 15659 74353 49102 54808 94821 25577 105917 75838 37007 25029 40918 62990 102226 60853 54787 53790 41777 44068 31669 12337 54491 40451 22052 104697 76651 41478 35643 27022 39370 88351 43669 28901 74913 27920 20264 54558 117199 8042 33467 20778 36545 82666 26204 34512 27984 75494 31453 54303 76627 49342 49404 85084 2403 29533 101966 91512 29631 121145 4604 21894 34156 124933 40266 84100 67938 32836 61272 18682 130113 46889 91810 82931 134667 41749 44480 97652 91465 40443 51173 19491 21968 119466 59798 48007 33615 131455 40300 87666 15964 25131 37426 136903 64334 47454 19347 40579 24775 27972 47439 33590 84266 57984 25507 135319 48240 125024 33995 87830 63051 42025 7513 53956 66459 5406 68874 19610 133507 69912 97788 31085 51906 98775 0 62169 55051 119377 24060 71799 92329 58304 52305 46515 53292 37657 140883 102626 101218 89468 13397 44040 69641 70110 23051 56721 58532 97963 28153 51380 53926 33417 60558 90314 13623 75838 64967 21860 117199 31761 32836 91512 105053 73229
83632 71900 137957 130860 84047 86888 77522 117139 111215 108521 128857 76121 103823 98290 91115 41268 55753 112167 91372 69807 66780 114790 87259 104577 89244 66021 64122 74488 77584 148292 115565 102510 26862 74113 24146 111120 77533 73581 133844 46805 79176 16463 150403 69550 86629 75082 98059 132533 88051 95196 66420 108051 77512 114125 68583 110702 78189 144503 60975 77613 122310 126402 89408 170130 64661 84053 94891 165093 86444 141095 111242 64441 108395 49798 148949 60116 150427 119635 175736 54762 66932 86256 147015 97795 11380 48943 46173 175348 99353 97864 95757 161461 87851 115206 78109 80979 65795 164364 94464 15563 69575 22635 38482 88839 109510 80870 141694 18055 59070 175767 87117 177720 81495 149927 34861 87838 68455 38279 113227 67254 43965 77930 186395 125114 157667 86980 12895 160925 62169 0 115422 133439 54428 98781 139804 21344 49446 103502 83781 88771 198507 163075 125506 71967 74451 106091 56806 132092 82224 107822 102226 134472 83632 15445 96139 84047 104833 99016 50133 98290 96189 83176 150403 83659 64441 126402 125156 115450
51718 46008 70043 76026 36335 142625 39576 86316 22230 22650 110961 59267 147041 107791 53808 74525 73236 70347 147858 82580 78045 3825 40610 10989 46909 49426 79827 78489 38299 106531 92674 33567 89956 45030 94004 116687 55544 65922 20617 81232 36253 109472 129469 49685 55365 54962 19182 80542 35222 36873 71193 98809 64804 40292 124710 31042 61316 30161 55544 62301 129253 107578 41648 111258 54370 34910 20899 127539 39998 65454 81813 77375 37413 65957 154000 94225 37279 99441 134561 91162 88184 144036 40459 46810 105037 73658 69773 95982 82022 31755 27448 144803 37867 112094 40930 51619 81237 152050 93952 99995 46850 95085 76948 38688 23413 63683 64289 112987 73818 135942 77292 107659 40607 38385 117437 40041 51136 107734 76019 49645 122308 37493 114573 61583 65970 50561 103779 51959 55051 115422 0 148534 63631 101412 91339 113354 103664 16307 87332 33193 110478 47742 125355 138947 41743 16703 120352 31975 45716 64147 76345 110548 51718 106109 76062 36335 76564 128008 65402 107791 93368 40402 129469 57333 77375 107578 131936 86378
100666 120045 98264 85264 149511 54968 124069 65343 127129 162874 43961 96763 37451 43607 95702 131980 156229 80324 53996 177254 171435 144955 158987 141769 103481 131482 170357 78954 137775 68067 57807 114967 120744 145714 118749 32161 163037 91397 166665 101083 133041 117156 43872 116389 95467 102453 133515 81707 117905 112475 91433 49755 90071 111189 66259 118715 168733 172164 121422 92585 19320 46296 109225 91819 115507 122574 135864 66045 157399 106608 68056 87222 174529 132277 17115 78706 180010 51962 74117 85287 76713 56924 187964 101792 126413 107470 133084 118133 66590 161557 123079 42520 156781 36632 119799 102255 82844 40074 56318 131617 138278 119955 126900 112961 125586 89404 108562 115460 95390 72696 73727 107719 151545 154032 99570 159058 115358 95289 74784 121493 91811 133477 113634 96264 127744 100409 135600 154126 119377 133439 148534 0 140569 48534 76340 112246 84950 152037 66309 152485 140650 180206 24644 70177 126045 131957 77603 133165 108476 85408 72227 48959 100666 119385 72736 149511 72219 34423 125460 43607 56331 114730 43872 94630 87222 46296 16852 64587
51919 30041 105452 103092 29761 111432 32315 98404 65482 54165 118518 49568 123113 97514 60741 14362 16870 86895 116872 37261 31251 63797 33120 53441 54709 17139 30666 62571 25557 128716 100558 61316 33726 19811 38295 110458 26607 52298 80505 41397 29212 53511 140983 30960 57404 44833 48982 106302 45639 55269 49837 98782 55187 74890 90586 68196 30307 91286 21657 53423 123959 115252 51603 144608 28663 39334 44745 148992 32182 105725 91984 53406 54519 8713 152296 63928 96737 106738 158709 57711 64016 111932 92640 63161 45726 33629 9986 141094 83564 43461 50782 155058 33484 110513 35416 48939 57729 160293 86980 38987 16891 38683 19494 49031 64223 57515 105665 57618 45185 159371 71659 147691 27067 100747 68511 33667 31021 62052 90483 25473 76462 27725 156052 92555 117154 54660 41837 113218 24060 54428 63631 140569 0 94163 116160 59246 64808 49995 75528 34422 161406 110395 123829 101437 28300 58200 81418 86414 45913 80501 82551 121862 51919 49353 77821 29761 84603 109598 15188 97514 87810 42925 140983 55803 53406 115252 127065 97265
52202 71724 64563 51800 101052 53378 75574 29465 80861 114596 30380 48317 49589 7029 47795 87398 110478 38747 57071 131350 125384 97983 110567 93946 55345 83642 124599 31596 89371 54065 23150 68092 79924 97602 79142 16637 115250 43229 120433 57814 84553 82566 51638 68193 47150 54010 85476 50303 69559 64763 44332 11223 41636 66802 46863 72968 121165 126937 73966 44115 30260 28349 61051 79377 67701 74067 87583 67435 108979 72015 27775 41215 126029 86304 58315 38708 134831 23621 78143 44520 33088 55543 141501 54710 89441 62521 87680 95851 20286 113028 75148 63463 108315 16972 71282 53729 37401 67479 7785 92739 90293 80590 82885 64709 79160 40873 73705 82307 49496 77920 25205 91563 103196 112352 70275 110622 67237 62092 34511 73467 66046 85022 99657 57448 94121 52117 97354 115299 71799 98781 101412 48534 94163 0 51619 79621 50299 103810 18635 103967 120605 137265 29703 59739 77647 84713 53100 90420 59970 41598 27086 36602 52202 83439 25551 101052 28177 29209 79410 7029 8046 66232 51638 46154 41215 28349 33321 27748
64245 86658 24455 15347 109041 104021 86651 23648 69610 111698 32620 67934 96294 57304 55422 115488 132814 29386 107067 151439 145450 87528 118241 89202 61939 100486 145669 65394 99973 15215 28502 62474 115836 110383 116776 54500 128491 67889 104451 93401 94234 124997 41538 85217 58876 71768 83794 10936 74457 64975 74129 40596 64080 51460 98287 61108 135181 106806 94711 64897 59785 30951 66180 30328 87767 81227 88078 36274 116812 32443 28807 75385 126058 110788 73804 82744 114104 29374 44194 86435 74436 106270 125177 54392 129001 93796 113638 44791 41113 115615 74491 56094 115318 45998 82490 67237 74153 63967 50833 129820 105107 118355 112854 69640 68930 60956 34404 125904 81488 45314 52764 40189 112756 83374 117324 118010 85147 107664 26844 90814 114970 95401 48541 29757 51909 61541 134775 80424 92329 139804 91339 76340 116160 51619 0 123839 96426 101453 58198 109831 69324 110111 52524 111357 90345 77627 103323 65874 70613 35662 37577 27486 64245 124584 43670 109041 34974 77130 104687 57304 48810 74894 41538 60833 75385 30951 60916 25493
73560 67546 124893 116419 86647 65919 73860 100547 105130 110673 109967 65105 82578 78447 79790 44885 66117 97695 70574 83695 79577 112034 91939 102371 79666 65832 77253 58803 77817 131040 98079 94662 25565 77217 20993 90946 85227 61070 133093 35026 77858 6728 130967 64252 75315 65581 94709 117552 81918 87316 53445 89514 64821 104717 47255 102979 87451 143357 57906 65555 101661 107731 81132 154050 59349 79411 92459 146744 90829 129006 95034 49915 113370 52139 127925 41675 149974 101522 157445 37406 49508 65414 148657 87521 17740 40570 49444 162020 82785 101407 90217 141417 91823 95582 73213 71345 50073 143982 76090 25568 71086 20570 40005 81467 103269 68124 129846 3321 46688 157341 71268 162884 85085 144691 13772 92435 62900 17686 97931 63709 23148 76884 171523 112532 147299 76775 27338 154413 58304 21344 113354 112246 59246 79621 123839 0 29392 103832 66220 91430 185911 160879 105228 51472 71645 101530 35479 125104 74106 94242 86586 115921 73560 10927 80472 86647 89210 77836 49597 78447 77936 76588 130967 72168 49915 107731 104446 98777
55661 59047 100458 90622 85433 46698 65414 72832 90397 106948 80673 46800 59880 49082 59455 52512 77430 72291 52108 97802 92560 101474 93058 93181 61883 63556 90864 33805 74345 102543 69627 78155 37084 77742 34357 61725 91005 40936 124249 24636 72218 32987 101576 54926 55383 49589 84501 91167 68929 71314 33842 60422 43901 85495 25814 86127 95113 133592 53156 45541 72909 78518 65110 126315 50971 68849 83725 117593 91647 105608 67779 28229 113373 56148 99913 13917 140922 72611 128302 13111 22641 47133 142496 68108 41526 33284 55327 136771 55415 100220 77301 112150 91992 66193 63065 54365 26136 114927 47189 46746 70290 35409 46861 66729 88435 46744 106712 32210 29877 128146 45159 136166 85377 129444 20902 93399 53441 11793 71581 57067 20473 71751 144715 88953 125552 58345 50651 137262 52305 49446 103664 84950 64808 50299 96426 29392 0 98047 38230 89841 161191 149174 76084 37308 64744 89130 17341 108218 59076 70035 60145 86739 55661 34672 54200 85433 62717 50757 50549 49082 49103 63527 101576 52279 28229 78518 75786 71011
51808 39005 82043 86153 20989 140063 32713 93030 32446 10889 117428 57652 146467 109665 56389 62235 57873 77379 145448 66309 61863 18505 24318 12317 48556 38112 63716 77322 26155 116423 98584 39695 79269 30479 83581 119882 39305 64125 30512 74214 26269 99308 137336 43157 56661 52462 18768 90518 34302 40025 67924 102949 63982 50118 120978 40459 45013 41290 46361 61365 133019 113973 42813 123763 47133 30856 16250 137682 23757 78486 87803 74019 24607 53714 159135 90380 46928 105468 145415 86355 85561 141259 44983 51356 93689 65967 57338 110639 85737 15890 29248 152646 21624 116316 35655 50765 78311 159533 96087 87943 33930 84490 65447 39105 32764 63698 77549 103069 68943 146657 78767 121487 24977 54506 109513 23743 44636 100459 82831 41324 115354 27071 128755 72041 81349 51693 91342 68206 46515 103502 16307 152037 49995 103810 101453 103832 98047 0 87853 17263 126174 60488 129962 134621 33403 23890 115232 47264 44421 70678 80950 117927 51808 95636 79442 20989 81679 128434 54485 109665 95841 38243 137336 57840 74019 113973 135870 92784
36139 53787 64189 53242 83371 57871 58088 34607 68348 98451 45906 30787 59802 22708 33884 69016 91869 35802 62633 112723 106753 84160 92776 78891 40428 65260 105982 12962 71568 64835 31901 55173 62838 79411 62569 35073 96861 25114 107183 40208 67001 68113 68249 50086 31968 36418 70115 53343 53641 50514 25698 24940 24143 57168 44605 61400 102693 114639 55424 26741 48677 43134 45838 88123 49286 57371 71630 81367 91191 70330 29644 22819 109123 67697 76888 24663 122479 35907 91982 29096 16870 59673 127778 42116 73716 44205 69142 99382 17331 95930 60184 81088 90644 35204 53947 37105 19387 85587 11733 76169 72002 64083 64668 49181 66492 24157 71700 68529 31031 92059 10761 98036 85279 103449 59126 92867 49049 49573 34052 55198 57115 67354 106552 54046 91600 36824 80943 108468 53292 83781 87332 66309 75528 18635 58198 66220 38230 87853 0 86534 124033 126842 48315 59216 59847 70751 46668 81295 43454 35410 22886 50981 36139 68339 17610 83371 25287 40754 60804 22708 13007 49688 68249 30206 22819 43134 51768 32790
52334 33193 92852 94896 4795 134277 28451 98026 44465 19751 121585 55785 142672 109117 59037 47801 40702 83241 139747 49635 44910 34742 8649 25793 51052 26491 46641 74653 15719 124298 102581 47529 66125 14660 70618 120509 22601 61549 46970 65266 19550 86328 142693 37272 57970 50123 26991 98991 36533 45143 63483 104966 62472 60125 114272 50940 28794 57753 36685 59927 134017 118122 45582 134495 39842 30572 22207 145556 7474 90474 92211 69141 23626 39634 161254 84297 62695 109413 154018 79368 80968 135232 58244 56405 79613 56645 42895 124138 87855 10384 35359 157793 5611 118107 32686 50406 73694 164211 96190 73258 20406 71329 51791 41725 44125 63102 89802 90280 62656 155088 78838 133839 7855 71572 98650 8303 38575 90441 88261 33412 105394 19341 141505 81555 96059 53315 76252 85119 37657 88771 33193 152485 34422 103967 109831 91430 89841 17263 86534 0 141127 77209 131908 127082 26969 35531 107179 62357 44399 76336 84183 123052 52334 82401 81473 4795 85408 125967 41973 109117 96307 38323 142693 58225 69141 118122 137002 97465
115204 132270 61027 70793 142685 173342 129105 91448 97467 132854 99860 122390 165134 126539 107407 165912 175949 88900 176371 190113 184809 107731 149506 115406 110068 144267 185991 127763 138348 72935 97487 100133 172271 148382 174405 123440 163500 125248 110935 152104 133283 185645 98053 132845 111884 123831 115339 70990 115868 106573 132722 109778 121374 86725 166703 93318 169890 106349 142908 121015 126806 99050 111268 49341 137027 122073 120259 78218 148546 57434 94914 136004 147191 158978 133116 147280 110373 98669 75203 149559 138552 175588 125057 101250 187171 149683 162596 24797 106834 142024 110879 106939 146520 114881 126327 118027 136234 114379 118817 185956 146107 175947 165109 113060 98294 118022 56943 187399 139857 77256 116034 33102 147123 78305 181800 149025 133461 171501 89982 137257 180945 134763 29059 73506 45082 111859 190817 65532 140883 198507 110478 140650 161406 120605 69324 185911 161191 126174 124033 141127 0 96952 119136 180231 133110 106061 170566 78951 118102 91704 101281 93348 115204 184273 107072 142685 98791 146353 154501 126539 116834 119258 98053 114850 136004 99050 127291 93262
94354 93347 85655 96937 81354 184376 87022 114875 59312 59141 137965 102899 185964 144186 93416 122014 117782 100152 189323 122704 119326 48846 82400 58701 88486 97054 121597 120561 85618 124360 122408 72328 137696 90966 141727 150306 97101 109317 30273 127965 83963 157145 151612 96791 96355 99602 66182 101214 80387 78412 115643 131684 107305 70481 168141 65470 101470 19598 103221 105088 161160 135000 84396 118666 101618 81683 68571 142780 82396 77851 112435 121662 68284 113434 181904 138432 17384 128343 146767 136271 131390 186029 31224 84822 152764 120790 117197 93380 116978 71285 71949 166156 80385 143960 87863 95141 124993 174065 130678 147601 93953 142819 124629 82476 61268 105371 75946 160609 119409 148569 116128 108782 85064 26747 164301 81755 98197 154313 105544 97231 168558 85170 112855 84247 63790 92252 151273 33299 102626 163075 47742 180206 110395 137265 110111 160879 149174 60488 126842 77209 96952 0 155700 182774 89410 60146 165201 47134 90106 95912 110253 135307 94354 153825 112112 81354 109501 165922 113128 144186 129582 85840 151612 99011 121662 135000 163382 115625
79588 100483 73751 60682 129319 60744 103813 40835 103615 140848 19906 76978 47823 27677 73666 117024 140178 56129 62015 161037 155063 121700 138926 119199 81633 112865 154296 61261 117856 46259 33435 91861 108671 126534 107495 14433 144420 72413 142951 87074 112782 109060 28842 97158 74055 82627 111253 57218 96296 90018 73992 27055 70409 87170 64245 95049 150457 148091 103430 72748 7733 21861 87370 71605 97013 101500 113980 49994 137342 82079 43970 70891 153152 116005 29347 66513 155906 27368 59851 72789 62139 63025 164292 78964 116961 92139 117375 95734 44295 140487 100759 36354 136529 13802 99413 81533 66983 38876 36905 120965 119379 108876 112421 91201 102156 69155 84025 108190 79181 58952 53475 86787 131750 129450 94138 138935 96295 87566 50509 102584 88023 113381 93511 71652 103404 78871 125401 129492 101218 125506 125355 24644 123829 29703 52524 105228 76084 129962 48315 131908 119136 155700 0 72968 106211 108953 73816 108729 87517 61563 49161 25853 79588 110495 50657 129319 48793 33212 109111 27677 36269 93662 28842 73686 70891 21861 8392 40179
88448 95689 122406 110402 122709 16053 101909 88805 123463 143848 85951 80080 34459 54342 89919 88356 112754 94452 19667 132303 127475 136438 130363 128848 94292 100856 125502 62443 111520 112559 82883 110536 70686 115040 66864 61560 127889 73542 159551 61943 109143 57920 101766 91501 86588 84008 119987 109485 103753 104380 67762 70812 75473 115252 14792 117890 131675 168381 90406 77692 66712 85192 98501 138418 87846 104640 119732 122030 128953 129079 85859 61589 150645 92896 87214 44723 175936 82761 132320 48267 51384 14807 178550 98745 68875 70591 91686 155445 74864 137453 111840 107829 129297 69318 99169 87861 57911 107975 61669 76186 107598 67388 82691 100778 121506 77530 130550 54726 65701 131588 69530 151198 122685 161073 37774 130706 90032 40079 91705 94079 28340 108759 159177 113080 150658 90533 78632 167151 89468 71967 138947 70177 101437 59739 111357 51472 37308 134621 59216 127082 180231 182774 72968 0 101576 123543 20092 139124 93380 94615 81404 92967 88448 61576 76700 122709 83509 39812 87621 54342 63599 98549 101766 83819 61589 85192 68617 87006
27648 6231 77708 76464 23539 107880 4027 75085 38024 42272 97447 29338 115775 82521 35738 34877 43638 61749 113326 61152 55208 40640 32943 30753 28480 11167 55611 47750 11730 103804 78639 33020 48406 20759 52345 94268 39109 34755 61517 40815 7657 67739 119288 10378 33509 23648 23622 80013 17397 27178 36540 79566 36011 46623 88252 39981 45602 71715 13811 33556 107856 94026 24301 117747 13773 11062 20849 124678 31356 77585 68889 42284 50304 26818 135486 57888 78413 85297 133898 53391 54100 108934 78240 36143 63727 32640 30680 112900 62814 36909 22799 134061 30808 92435 7856 25151 46807 140053 69915 59317 14764 53473 36164 21230 36578 37056 77466 71245 36215 134742 52771 119946 25564 75604 76379 33023 11758 67128 66079 8029 81989 7628 128211 65016 88972 29545 63480 87137 13397 74451 41743 126045 28300 77647 90345 71645 64744 33403 59847 26969 133110 89410 106211 101576 0 31829 81998 59177 20124 54989 60086 99706 27648 64429 56529 23539 61694 99006 24416 82521 70188 15491 119288 33009 42284 94026 110884 74244
35505 34358 58319 62306 36670 126566 28572 70487 8961 34099 95097 43492 130518 91089 37122 66624 70891 54590 131742 84053 78788 13409 44132 11587 30387 41829 80056 62311 33203 92652 76565 17104 79683 42636 83365 100050 57539 50096 36538 67937 28988 98303 114282 37317 38819 39690 9438 66699 20244 20239 55894 82276 48661 26232 109122 16570 64035 44847 45119 46229 112699 91680 25349 100084 42260 22224 14257 113883 43005 55234 65697 62017 48459 58368 137761 78888 52472 83390 121536 76327 72402 128040 57048 30172 95190 61069 62260 88607 65398 38855 11830 129623 41092 95596 28381 35730 65644 136695 77249 91086 41619 84602 67966 22769 8932 47324 54455 101533 59303 122787 60629 98526 41088 43837 104260 43723 38641 94197 60192 38848 108412 30475 106076 48154 61004 34097 95299 55374 44040 106091 16703 131957 58200 84713 77627 101530 89130 23890 70751 35531 106061 60146 108953 123543 31829 0 105414 28382 30219 48145 59844 95080 35505 95300 59395 36670 60175 111375 56223 91089 76669 25694 114282 40925 62017 91680 115412 70427
71015 76230 110830 99822 102763 31470 82548 79828 106068 124237 82561 62330 47202 49623 73656 68514 93118 82414 36599 112985 108002 118023 110319 110015 77095 80872 106123 46495 91684 107142 75171 93452 51393 94988 47852 60297 107828 56039 140965 41947 89504 41231 101469 72079 69922 65725 101247 99654 85345 86907 49569 64206 58485 99562 11776 101166 111688 150106 70495 60460 69089 81031 80828 132184 68229 85698 100687 119726 108919 116764 75728 43544 130703 72848 93814 26929 157536 76679 130357 29190 34872 31437 159516 82481 51682 50593 71720 145846 63737 117559 93611 110098 109293 66569 80037 70068 40446 111694 52501 58374 87575 48549 62839 82773 104102 60948 118054 38791 46601 129927 55809 143507 102659 144565 22137 110669 70598 20950 80656 74371 14365 89059 151844 100281 137617 73417 61418 151608 69641 56806 120352 77603 81418 53100 103323 35479 17341 115232 46668 107179 170566 165201 73816 20092 81998 105414 0 122944 75207 81355 69554 89230 71015 44315 64108 102763 71945 43516 67530 49623 54524 80018 101469 66957 43544 81031 71616 77975
52678 60452 42140 51474 64256 139164 55516 67898 21160 54619 91443 61564 139523 97392 49333 93992 99256 53018 143906 111755 106682 28938 70632 36567 46413 69743 108084 76780 61584 80865 75359 30516 105297 70907 108579 103183 84882 67287 39244 90287 57235 122708 106676 62546 53036 59824 37804 55962 44041 37812 74479 84561 64517 24130 124339 22256 91151 40946 71578 62707 114067 88367 44048 81358 67432 48536 42516 100914 69722 35848 65305 79996 69330 85991 135463 96052 48356 81418 106707 95108 88203 140946 59426 40489 120911 84742 89856 64078 70163 63143 36599 121672 67669 96841 54167 54351 82580 129389 84081 117562 69963 109937 94741 43692 22704 61998 34331 125561 79729 108278 70539 76278 68718 22161 125765 70137 63640 115282 58432 65329 128456 58733 82891 37826 34097 49880 122002 29337 70110 132092 31975 133165 86414 90420 65874 125104 108218 47264 81295 62357 78951 47134 108729 139124 59177 28382 122944 0 51001 48896 63342 89321 52678 120136 65620 64256 62473 119321 83127 97392 82877 49002 106676 56051 79996 88367 116325 68583
7936 16056 59950 57204 42008 96977 16887 54990 31582 54998 77674 13600 102264 65521 15616 47962 62336 41730 102247 80873 74865 43078 51653 36171 8796 29874 75057 33154 31041 83808 58762 20588 55392 40811 58266 76371 59177 20253 66254 39329 25597 71862 99320 15181 13664 9497 27233 60514 10571 13221 25677 60568 19612 32022 79040 28903 65708 75013 25252 17007 89790 74232 7187 98705 18961 14098 28240 104603 50083 61108 48835 31811 66059 41649 116865 48688 82557 65495 113908 46172 42470 98355 85872 17415 70882 33893 45016 96443 43488 53110 18462 114191 49136 73718 12439 6348 35544 120332 52189 68523 34782 59702 47016 7676 29645 19327 61328 74613 29445 114718 34766 102062 44826 71108 75198 51615 15538 64869 45965 20442 78694 26408 110515 46910 75691 9425 73256 80323 23051 82224 45716 108476 45913 59970 70613 74106 59076 44421 43454 44399 118102 90106 87517 93380 20124 30219 75207 51001 0 35050 40213 79705 7936 69479 37116 42008 41705 84019 36554 65521 52154 6271 99320 13875 31811 74232 92745 54183
28595 51058 30680 23440 74962 92258 51425 22384 42150 81461 46955 32999 90995 48603 19761 80294 97155 6908 96655 115923 109913 60421 84434 59072 26511 64902 110074 36279 65130 48818 28534 31170 82485 75362 84023 54535 93643 34282 81389 61036 59429 94226 66751 49555 23354 36331 52036 26035 39991 31317 41436 35965 30345 25832 80012 33506 100277 86778 59094 30549 66110 43534 31219 64632 52180 46529 55648 69784 82936 35602 17692 44328 94928 75260 89895 56247 94638 35297 78909 57984 47507 94207 102729 19934 96643 59927 78211 67818 21476 83301 41815 82022 81630 48780 47147 31600 44583 88855 35646 96467 69739 85597 78020 34914 40777 27004 36782 95810 48755 79765 25547 70164 78388 70759 90342 84274 49495 79935 12154 55158 90229 60496 78823 18980 56304 25887 101422 74083 56721 107822 64147 85408 80501 41598 35662 94242 70035 70678 35410 76336 91704 95912 61563 94615 54989 48145 81355 48896 35050 0 14535 47261 28595 93127 17992 74962 13589 70677 69302 48603 34269 39685 66751 25578 44328 43534 68597 22282
32451 55079 41326 30526 82106 78163 57077 16020 54937 91838 37471 32985 76465 34078 25157 79777 99421 13053 82433 119279 113211 72743 91746 70046 33172 68608 113005 27879 71250 47335 18558 42787 78500 80843 79282 40688 99177 31343 94536 55907 65796 87505 59217 52573 26598 37904 62198 31083 47855 40935 36898 22473 27828 39873 67032 46648 105608 100486 60927 29245 52924 34023 38791 67904 53950 53622 65135 66715 90187 47690 9595 37815 104509 76123 78204 46244 108373 25288 76760 49285 37626 80163 115794 29803 91440 56863 78544 76716 6977 92167 51705 73992 89140 35755 52613 34975 36652 80134 21199 92441 74365 80858 76587 42669 53370 25133 49147 88538 44169 77257 15318 76334 85033 85269 80957 91676 52103 70931 11443 58305 79676 66621 84957 31779 69303 30948 97383 88525 58532 102226 76345 72227 82551 27086 37577 86586 60145 80950 22886 84183 101281 110253 49161 81404 60086 59844 69554 63342 40213 14535 0 39691 32451 87020 6122 82106 2626 56141 69593 34078 19756 45979 59217 27260 37815 34023 55592 14745
72060 94768 50602 38402 121289 82981 96592 25050 88319 128685 7057 72395 72402 39670 64281 117920 138709 40562 85150 158805 152737 106749 130887 106219 72127 108282 152444 62227 110720 20706 21312 78314 113686 120461 113542 31816 138814 69789 126170 90901 105179 118498 19649 92234 66199 77507 99296 34270 86520 78430 73892 26444 66696 70504 81748 79508 145272 129937 100341 68451 33473 8254 77482 46602 93415 92685 102848 30857 129349 58920 30910 72855 142181 115047 46850 74474 137543 15371 41568 79729 67646 85286 147389 66963 124628 93802 117188 69885 38406 130421 89038 34793 128187 23668 92142 74646 70084 41627 40010 127131 114050 115060 114171 81329 87185 64375 60899 118501 80535 41420 50835 61253 124400 108633 106873 130778 91726 98523 35109 97958 102521 106072 68316 51500 79283 70325 131919 107003 97963 134472 110548 48959 121862 36602 27486 115921 86739 117927 50981 123052 93348 135307 25853 92967 99706 95080 89230 89321 79705 47261 39691 0 72060 119038 44045 121289 38014 55038 108344 39670 38293 85251 19649 66950 72855 8254 34138 25604
0 22901 55675 51520 49921 91062 24653 47520 35085 62505 69868 8888 95476 57889 8855 52230 68619 34998 96241 87717 81673 48783 59565 42823 6269 36684 81711 26812 38838 76965 51009 22506 57122 48405 59488 68535 66754 14986 72004 38548 33470 72019 91641 21010 5861 8627 33996 54514 17523 15942 21834 52632 13159 31157 73880 30492 73222 80242 30514 10781 81919 66435 10161 93011 23647 21955 35560 97547 57991 57807 41273 27555 73869 46765 108935 44136 87935 57700 107036 42558 37096 92541 92135 14178 72254 34692 49836 92767 35560 60987 24299 106441 57063 65790 20187 3035 30653 112511 44433 70752 42076 60998 50511 13116 33120 12052 58265 74414 27234 107779 27030 97334 52674 73787 73195 59533 20902 62668 38847 26677 75800 34230 105892 42566 74180 3352 75615 81899 28153 83632 51718 100666 51919 52202 64245 73560 55661 51808 36139 52334 115204 94354 79588 88448 27648 35505 71015 52678 7936 28595 32451 72060 0 70054 29194 49921 34050 76863 41020 57889 44335 14101 91641 6053 27555 66435 84863 46630
70054 60965 123488 115974 77606 75454 67034 101799 99638 101896 113453 62123 91473 83132 77100 35045 55338 97239 80303 72768 68666 105066 82343 95131 75907 57528 66331 59208 69486 132894 100137 90021 16374 67958 12112 96079 74922 59055 125404 32176 70101 4327 135075 58076 72593 61670 87905 117515 76316 82651 51701 92624 62957 100981 55951 98310 76891 135848 50626 63261 107548 110978 76643 154911 53115 73076 85255 149649 81304 126964 95951 49325 103787 42798 134555 44742 142219 104190 160291 39320 51487 75116 140161 84219 7374 35618 39791 160846 83998 92169 84382 146306 82416 99951 66942 67561 50479 149371 79033 14761 62260 11148 30614 76495 97845 66318 127651 8488 44451 160324 71844 162784 75744 138925 23886 82863 56831 24219 98108 56719 33305 69014 171456 110777 144232 73371 17145 149281 51380 15445 106109 119385 49353 83439 124584 10927 34672 95636 68339 82401 184273 153825 110495 61576 64429 95300 44315 120136 69479 93127 87020 119038 70054 0 80916 77606 89634 85021 41154 83132 80752 71173 135075 69542 49325 110978 110441 100098
29194 51217 46748 36422 79114 74351 53771 21580 55315 90314 41074 28380 73923 32264 23057 74431 94674 18328 78827 114777 108710 72577 88758 69033 30985 64476 108399 21758 67945 53060 22737 42614 72576 77217 73276 40689 95462 25982 94904 49913 62647 81385 63305 48419 23504 33623 60824 37147 45639 39739 31101 23604 22700 41670 62162 47443 101792 101404 56300 24406 53606 37704 36730 73997 49390 50951 63374 72030 87184 52733 15308 31760 102495 71116 79967 40285 109298 29047 82212 43193 31621 76276 116012 29263 85384 51146 73395 82582 6386 89867 50363 77760 86252 36923 49315 31418 30531 83564 18577 86489 70488 74851 71068 40550 53624 20336 54093 82417 38296 82637 9207 82432 81818 87728 74967 88726 47827 64889 17494 54107 73884 63367 91061 36442 74010 28243 91424 91814 53926 96139 76062 72736 77821 25551 43670 80472 54200 79442 17610 81473 107072 112112 50657 76700 56529 59395 64108 65620 37116 17992 6122 44045 29194 80916 0 79114 8748 53811 64485 32264 17608 43152 63305 23529 31760 37704 56434 20114
49921 29689 92915 94286 0 130150 25520 96328 45462 24483 119572 52750 138866 106029 57055 43028 36970 81868 135626 47509 42456 37503 9646 27939 49162 21938 43971 71272 11891 123305 100599 47182 61331 9953 65826 117646 20881 58291 51189 60822 16539 81534 140937 33646 55664 47059 27625 98278 34973 44089 59818 102480 59441 60206 110032 51314 27446 61988 32314 56939 131203 116117 43882 134380 35870 28607 22690 144506 8081 90958 90388 65353 27940 34841 158646 80225 67130 107388 153171 75165 77172 131067 62975 55099 74837 52185 38118 125078 85477 14961 34914 155950 7273 115520 29906 47807 69929 162232 93295 68522 15671 66534 46996 40091 44921 60274 90385 85488 58648 154186 76031 134304 4463 74661 93948 9619 34883 85820 86735 29431 100764 16035 142106 81268 97607 51159 71563 88017 33417 84047 36335 149511 29761 101052 109041 86647 85433 20989 83371 4795 142685 81354 129319 122709 23539 36670 102763 64256 42008 74962 82106 121289 49921 77606 79114 0 83450 122438 37222 106029 93494 36128 140937 55689 65353 116117 134212 95686
34050 56818 39037 28010 83450 79926 58591 13812 54931 92558 36181 35073 77724 35203 26398 82079 101470 11024 84110 121218 115152 72919 93076 70588 34356 70432 114991 30503 72737 44933 17174 43076 81038 82448 81853 41021 100802 33700 94447 58476 67230 90129 57616 54433 28189 39854 62911 28481 48962 41664 39399 22540 30117 39318 69211 46498 107270 100152 62957 31431 52899 32715 39884 65298 55964 54893 66001 64508 91526 45576 7381 40412 105421 78290 77634 48823 108028 24023 74479 51904 40221 81952 115747 30362 94033 59323 80767 74197 8698 93212 52440 72518 90433 35619 54137 36669 39277 78808 22780 94988 76079 83430 78960 43762 53423 27325 47076 91164 46694 75011 17943 73715 86464 84280 83542 92991 54012 73533 8866 60170 82191 68095 82336 29901 67319 32351 99933 87163 60558 104833 76564 72219 84603 28177 34974 89210 62717 81679 25287 85408 98791 109501 48793 83509 61694 60175 71945 62473 41705 13589 2626 38014 34050 89634 8748 83450 0 57359 71805 35203 21202 47339 57616 29073 40412 32715 55486 12688
76863 92794 93032 79964 122438 27999 97754 57383 108459 138929 47999 70906 20382 22187 74308 99757 124492 67947 30200 145449 139797 124778 131536 119644 81141 102647 138493 51420 110547 75460 50105 95394 87139 117282 84874 23279 133631 64662 147679 68813 106460 82741 62050 88793 72685 76340 110855 77894 94329 91144 62675 37892 64463 95470 32616 100992 138874 154776 92110 67082 26942 47942 86589 101505 86969 97743 112254 82775 129971 100740 56692 57479 149038 101040 50311 46024 162653 47767 92879 52538 45945 30305 168423 82089 92097 75997 101384 121920 49220 135713 100934 68220 129659 31744 93844 77683 52888 68913 35257 97501 109638 86018 94439 89929 106664 64835 102489 81043 65110 92059 50770 115484 123842 141348 65289 131699 87567 60885 63571 93295 57848 106628 122973 86578 122876 77567 101376 144506 90314 99016 128008 34423 109598 29209 77130 77836 50757 128434 40754 125967 146353 165922 33212 39812 99006 111375 43516 119321 84019 70677 56141 55038 76863 85021 53811 122438 57359 0 94415 22187 36453 90196 62050 70957 57479 47942 29007 55845
41020 22805 96354 92491 37222 96916 27734 85594 61999 61078 104645 36898 108135 82543 49807 11417 31067 75304 102381 51983 46067 64672 43456 54501 45035 16374 45194 47896 28344 116498 87128 55013 24797 28219 29100 95577 40510 38560 84335 26515 29169 44841 127194 21665 45950 32971 47961 95334 39556 48113 35229 84536 41811 67921 76163 62771 44980 94854 11719 40374 109024 101451 43239 133914 17623 34599 44768 136303 42179 97657 79153 38407 64592 6894 137385 48824 101112 93076 146265 42692 48847 97516 99126 53869 39636 18488 8976 132996 69937 52125 46528 140994 42895 95936 29080 37988 42655 146005 72377 34908 21568 30011 11748 41576 60424 44480 97848 48654 30136 146815 57683 138275 36116 100019 56825 43879 21059 49171 78360 17834 63993 27997 146797 83259 111367 44125 39077 111440 13623 50133 65402 125460 15188 79410 104687 49597 50549 54485 60804 41973 154501 113128 109111 87621 24416 56223 67530 83127 36554 69302 69593 108344 41020 41154 64485 37222 71805 94415 0 82543 73306 35435 127194 43855 38407 101451 112131 84331
57889 76483 71296 58408 106029 46968 80668 35911 87488 120392 32940 53332 42568 0 54030 89888 113541 45761 50451 134516 128610 104412 115460 100073 61394 87896 127689 35388 94248 58418 29132 74620 81000 102107 79828 13353 119474 47816 126998 59578 89612 81903 52633 72794 53075 59003 91499 56703 75365 71018 47971 16770 46645 73708 42236 79704 125231 133656 77918 49201 26501 31537 67047 84136 71919 79578 93416 70108 113874 78843 34645 44137 131495 89419 54874 38865 141549 28421 80753 45113 34634 49175 147995 61233 89463 65050 90529 101848 27231 118383 81261 63177 113302 17236 76463 59212 39964 66424 13850 93317 94675 81215 85124 70626 85760 46241 80555 81292 52415 80361 30902 96903 107980 119347 68207 115544 71754 60771 41453 77886 63169 90000 104840 64427 100967 58046 97785 122326 75838 98290 107791 43607 97514 7029 57304 78447 49082 109665 22708 109117 126539 144186 27677 54342 82521 91089 49623 97392 65521 48603 34078 39670 57889 83132 32264 106029 35203 22187 82543 0 14658 71791 52633 51842 44137 31537 29606 34260
44335 64356 59106 46829 93494 58905 67981 25466 72878 106643 32973 40864 56734 14658 39757 81836 104323 32115 62976 125066 119060 89945 103049 85915 47340 76601 118390 25480 81888 53494 20779 60071 75796 90351 75425 24221 108170 36144 112428 53210 76967 80278 55251 60947 39191 46545 77466 45924 61621 56720 38077 11986 34233 59101 49869 65051 114190 119009 67194 36638 37715 30301 53056 77861 60745 66251 79626 68940 101462 66197 22297 35726 118200 80185 65370 36310 126903 23586 79613 41437 29371 60976 133476 46686 86352 57099 81790 92037 12794 105255 67122 68131 100743 22723 63646 45963 32393 72777 2023 89039 83143 76925 77583 56736 71165 33224 67801 80418 43854 79596 17471 88999 95752 104895 69728 103087 60056 60786 28494 66334 66523 77485 97320 50997 88171 44152 93780 108274 64967 96189 93368 56331 87810 8046 48810 77936 49103 95841 13007 96307 116834 129582 36269 63599 70188 76669 54524 82877 52154 34269 19756 38293 44335 80752 17608 93494 21202 36453 73306 14658 0 58403 55251 38300 35726 30301 40718 23626
14101 13056 62546 60975 36128 102645 11763 60378 28554 48768 83444 19483 108308 71791 20970 46784 58861 46509 107952 76642 70698 38006 45766 30459 13252 26162 71077 39151 25559 88488 64476 19630 56338 35682 59577 82615 53992 26062 61014 42412 19943 73850 104892 13892 19649 14649 21525 64528 5460 12701 30812 66675 25739 32553 84361 27616 60607 70102 23737 23122 96015 79990 8825 102289 18592 7855 22133 109459 44208 62912 54341 37000 59800 39730 123008 53830 77520 71261 118564 50847 48040 103971 80253 20655 71947 36025 43339 98316 49536 46887 13917 119854 43177 79869 7681 12596 40964 126105 58453 68912 30229 60938 46584 6202 26718 25585 62939 76841 33659 119441 41030 104796 39149 68107 78671 45700 14807 68539 51049 18007 82718 20904 113135 49720 75935 15035 73495 78109 21860 83176 40402 114730 42925 66232 74894 76588 63527 38243 49688 38323 119258 85840 93662 98549 15491 25694 80018 49002 6271 39685 45979 85251 14101 71173 43152 36128 47339 90196 35435 71791 58403 0 104892 20107 37000 79990 98962 59664
91641 114280 65976 55202 140937 89504 116207 44672 107254 148051 22575 91682 75648 52633 83923 136451 157792 59973 90544 178049 171985 125654 150536 125527 91775 127721 171619 80253 130346 28432 40702 97664 131024 140046 130521 41199 158389 88738 144402 108457 124816 134142 0 111662 85781 96893 118766 50730 106160 97998 92351 43327 85805 89234 92517 98452 164825 147571 119562 87667 35723 25747 97127 48748 112681 112333 122390 22295 148998 73966 50555 90767 161669 133963 35160 90345 155032 34269 31339 96079 84345 91774 165473 86540 141054 112004 135958 76961 57423 150001 108564 15343 147834 35412 111753 94192 87622 22747 56697 144140 133572 131999 132475 100972 106206 83627 75919 133744 98702 30281 69513 64951 144040 124867 120815 150426 111111 113322 54624 117372 115421 125701 70243 69182 92424 89952 148821 121792 117199 150403 129469 43872 140983 51638 41538 130967 101576 137336 68249 142693 98053 151612 28842 101766 119288 114282 101469 106676 99320 66751 59217 19649 91641 135075 63305 140937 57616 62050 127194 52633 55251 104892 0 86450 90767 25747 34627 45252
6053 27831 54477 48970 55689 85802 30264 42774 39720 68550 64467 7608 89728 51842 7622 54744 72634 31450 90921 92180 86118 54290 65320 48687 10629 41364 86011 21597 44425 72941 45750 26717 57628 53725 59577 62509 72012 11456 77462 37490 39178 71171 86450 25362 3175 10998 39914 51587 23541 20888 19029 46792 8474 33309 69144 34222 78397 85442 34163 6803 75915 61057 15697 90190 27159 27959 41590 93212 63741 57457 36413 24074 79900 50000 103030 40034 93192 52338 102908 39200 32468 87342 97787 15862 72333 34968 52805 91834 29845 66984 30024 101116 62870 59884 25818 7897 26538 107049 38383 71502 47124 61127 52456 18976 37776 6426 58112 73279 25483 103570 20977 95435 58308 77611 70716 65308 24977 60126 34703 31100 72650 39862 104060 41510 75131 6856 76430 84991 31761 83659 57333 94630 55803 46154 60833 72168 52279 57840 30206 58225 114850 99011 73686 83819 33009 40925 66957 56051 13875 25578 27260 66950 6053 69542 23529 55689 29073 70957 43855 51842 38300 20107 86450 0 24074 61057 78869 41753
27555 36071 74981 66757 65353 66044 41705 53068 62541 83868 68266 18793 73533 44137 31372 46213 69424 48003 71432 90384 84474 74850 74241 67405 33726 45169 83569 10640 53505 84500 52477 50055 41117 59815 41564 57200 76292 12710 97969 18284 49912 50087 90767 31910 27200 22420 58498 68197 42167 43385 6189 47476 15787 57355 47363 57946 81736 106824 34661 17315 70619 65316 37285 105705 29585 43425 58559 102548 72692 79268 46986 0 92585 45285 98985 16878 114354 57517 112992 15131 11827 67255 117191 39928 53626 21387 46497 112123 35517 79189 50272 103857 72497 57986 38376 26524 4599 108406 34549 54902 52162 43134 41860 39292 60575 18825 80189 51511 8299 113244 22928 113495 66502 101313 46948 74434 30573 36363 48795 35981 48576 49880 122164 62710 98302 30142 59809 109037 32836 64441 77375 87222 53406 41215 75385 49915 28229 74019 22819 69141 136004 121662 70891 61589 42284 62017 43544 79996 31811 44328 37815 72855 27555 49325 31760 65353 40412 57479 38407 44137 35726 37000 90767 24074 0 65316 73726 51457
66435 88861 51967 39012 116117 75716 91081 21269 85441 124813 3469 66042 66108 31537 59095 110773 132052 37240 78141 152350 146288 103822 125753 102546 67069 102179 145897 54732 105261 27573 15542 74681 105948 114770 105691 24681 133069 62993 124069 83226 99819 110377 25747 86122 60596 71327 95231 35412 81671 74098 66676 18357 60089 68097 73708 76676 139443 128471 93868 61991 28886 0 72593 53618 87011 87592 98527 39097 124197 60312 26176 65316 137956 108216 47140 66349 136192 8737 49807 71694 59670 78014 145390 62661 116646 86437 110225 75055 31715 125877 84832 40067 123128 16214 86616 68878 62376 46115 31956 119297 108149 107198 106875 76469 84168 57975 62267 110332 73139 49628 43775 67615 119054 108523 98622 125676 85528 90305 31560 91811 94280 100637 75032 50753 81545 64965 124057 107962 91512 126402 107578 46296 115252 28349 30951 107731 78518 113973 43134 118122 99050 135000 21861 85192 94026 91680 81031 88367 74232 43534 34023 8254 66435 110978 37704 116117 32715 47942 101451 31537 30301 79990 25747 61057 65316 0 30209 21255
84863 105006 82004 68884 134212 55355 108699 48547 110417 146736 28297 81547 41031 29606 79481 119454 143142 63473 56057 164110 158195 128331 143764 125392 87352 116950 157290 64682 122593 54363 40974 98375 109862 130919 108351 16705 148560 76550 149910 88969 117685 108699 34627 101506 79505 87237 117255 65496 101902 96115 77373 33136 74888 94358 61301 101959 154445 155332 107192 77328 3107 30209 93104 79431 100998 106817 119765 56550 142177 90318 51207 73726 158689 119011 25268 67468 163174 35251 65964 73935 64091 57586 171223 85283 117151 94640 120135 104016 50186 145849 106785 39233 141461 19868 104358 86617 69570 40101 40986 121637 123614 109668 114631 96886 108898 73941 92257 107517 82012 64895 58185 94800 136446 137252 92709 143805 100557 86930 57933 106787 85965 118201 101362 79533 111724 84405 125912 137576 105053 125156 131936 16852 127065 33321 60916 104446 75786 135870 51768 137002 127291 163382 8392 68617 110884 115412 71616 116325 92745 68597 55592 34138 84863 110441 56434 134212 55486 29007 112131 29606 40718 98962 34627 78869 73726 30209 0 47757
46630 69458 37190 24163 95686 81114 71061 1854 64289 103607 24685 47710 75996 34260 38699 94455 114134 16151 84707 133906 127840 82634 105283 81301 46524 83103 127675 41044 85162 33052 6784 53427 92496 94981 93012 35756 113345 45991 103190 69724 79600 100255 45252 67115 40780 52540 74065 22573 60934 53019 51189 17979 42543 47227 73465 55558 119842 108003 75626 43990 45570 21255 51886 55345 68638 67081 77462 51996 103746 44990 5357 51457 116866 90867 67846 57420 115794 13136 62112 61403 49272 83286 124535 41554 104904 71250 93277 68466 16100 104943 63709 60332 102586 28548 66621 49301 49664 66898 25631 106347 88697 94579 91167 55740 62978 39877 46785 100955 58325 62566 28529 65586 98812 89551 91897 105175 66699 82345 10452 72852 89481 80510 74006 32090 67107 44779 111261 90544 73229 115450 86378 64587 97265 27748 25493 98777 71011 92784 32790 97465 93262 115625 40179 87006 74244 70427 77975 68583 54183 22282 14745 25604 46630 100098 20114 95686 12688 55845 84331 34260 23626 59664 45252 41753 51457 21255 47757 0
