active_flags,actual_evals,algorithm,battery_kwh,best_cost,category,charging_action_count,checkpoint_operator,checkpoint_path,checkpoint_readable,commit_hash,comparison_mode,cv_physical_vehicle_count,cv_route_count,elapsed_seconds,ev_physical_vehicle_count,ev_route_count,eval_budget_backstop,evals_per_second,failure_reason,feasible,gate_status,instance,max_trips_per_physical_vehicle,numpy,python,replicate,route_count,runtime_cap_seconds,scenario,scenario_label,seed,size,status,timings,violation_count,winner_all_cv,winner_all_ev,winner_ev_route_share,worker_stderr_tail,worker_stdout_tail
{},16000,LNS,100.0,3960.9142264324673,multidepot,1,,/Volumes/移动硬盘（512G）/ReSETP/baselines/e2_alns/high_tension_separation_probe_stage_a_data/checkpoints/wc100/e2-multidepot-100c-01__LNS__seed1.json,True,7cb71f35c46fbd099747fc0d18c15a95315b746d,wallclock,7,14,571.2153181249996,1,1,16000,28.01045331298119,,True,OK,e2-multidepot-100c-01,2,2.3.5,/opt/anaconda3/bin/python3.13,1,15,900.0,wc100,100kWh same wall-clock,1,100,OK,{},0,False,False,0.06666666666666667,,
"{""SETP_ALNS_CRUSH_ADAPTIVE_Q"": ""1"", ""SETP_ALNS_CRUSH_LOCAL_SEARCH"": ""0"", ""SETP_ALNS_CRUSH_REPAIR_STRUCTURE_CACHE"": ""1"", ""SETP_ALNS_CRUSH_ROUTE_COST_CACHE"": ""1"", ""SETP_ALNS_CRUSH_ROUTE_ELIMINATION"": ""0"", ""SETP_ALNS_CRUSH_SA_ACCEPTANCE"": ""1"", ""SETP_ALNS_CRUSH_SA_MODE"": ""lns_cooling"", ""SETP_ALNS_CRUSH_SCAN_REBUILD"": ""1"", ""SETP_ALNS_CRUSH_SCAN_RESTART"": ""1"", ""SETP_ALNS_CRUSH_TIMING_LEDGER"": ""1"", ""SETP_ALNS_CRUSH_TRUE_ACCEPTANCE"": ""0"", ""SETP_ALNS_CRUSH_TRUE_REPAIR"": ""1""}",16000,alns_e2_throughput,100.0,3960.9142264324673,multidepot,1,,/Volumes/移动硬盘（512G）/ReSETP/baselines/e2_alns/high_tension_separation_probe_stage_a_data/checkpoints/wc100/e2-multidepot-100c-01__alns_e2_throughput__seed1.json,True,7cb71f35c46fbd099747fc0d18c15a95315b746d,wallclock,7,14,299.8526834589993,1,1,16000,53.35953580748187,,True,OK,e2-multidepot-100c-01,2,2.3.5,/opt/anaconda3/bin/python3.13,1,15,900.0,wc100,100kWh same wall-clock,1,100,OK,"{""acceptance"": {""count"": 15936.0, ""seconds"": 0.004460611948161386}, ""checkpoint_model_cost"": {""count"": 1.0, ""seconds"": 0.0002467499998601852}, ""destroy:random_customer_removal"": {""count"": 2658.0, ""seconds"": 0.4792975429954822}, ""destroy:route_segment_removal"": {""count"": 2655.0, ""seconds"": 0.4839480689388438}, ""destroy:shaw_related_removal"": {""count"": 2655.0, ""seconds"": 14.68315967991839}, ""destroy:vehicle_type_swap"": {""count"": 2655.0, ""seconds"": 8.306276372950379}, ""destroy:whole_route_removal"": {""count"": 2655.0, ""seconds"": 0.43392369496541505}, ""destroy:worst_customer_removal"": {""count"": 2658.0, ""seconds"": 0.5350195760202041}, ""final_check"": {""count"": 1.0, ""seconds"": 0.0003222499999537831}, ""full_candidate_score"": {""count"": 15936.0, ""seconds"": 9.551177333905798}, ""history_model_cost"": {""count"": 1.0, ""seconds"": 0.0003027079983439762}, ""initial_reference_score"": {""count"": 1.0, ""seconds"": 0.00078229199971247}, ""repair:greedy_insert_repair"": {""count"": 5312.0, ""seconds"": 89.35129004106784}, ""repair:regret2_insert_repair"": {""count"": 5312.0, ""seconds"": 90.33151561511113}, ""repair:regret3_insert_repair"": {""count"": 5312.0, ""seconds"": 90.84604740700524}, ""repair_full_check"": {""count"": 31872.0, ""seconds"": 11.706565760905505}, ""repair_solution_score"": {""count"": 7213.0, ""seconds"": 1.8753161910008203}, ""route_model_cost"": {""count"": 629819.0, ""seconds"": 15.809087639559948}, ""scan_build"": {""count"": 64.0, ""seconds"": 0.0675468359986553}, ""scan_score"": {""count"": 64.0, ""seconds"": 0.03387020598711388}}",0,False,False,0.06666666666666667,,
{},16000,LNS,100.0,476.14411336859115,multidepot,1,,/Volumes/移动硬盘（512G）/ReSETP/baselines/e2_alns/high_tension_separation_probe_stage_a_data/checkpoints/wc100/e2-multidepot-10c-01__LNS__seed1.json,True,7cb71f35c46fbd099747fc0d18c15a95315b746d,wallclock,1,2,33.39667337500032,1,1,16000,479.08963327997475,,True,OK,e2-multidepot-10c-01,2,2.3.5,/opt/anaconda3/bin/python3.13,1,3,300.0,wc100,100kWh same wall-clock,1,10,OK,{},0,False,False,0.3333333333333333,,
"{""SETP_ALNS_CRUSH_ADAPTIVE_Q"": ""1"", ""SETP_ALNS_CRUSH_LOCAL_SEARCH"": ""0"", ""SETP_ALNS_CRUSH_REPAIR_STRUCTURE_CACHE"": ""1"", ""SETP_ALNS_CRUSH_ROUTE_COST_CACHE"": ""1"", ""SETP_ALNS_CRUSH_ROUTE_ELIMINATION"": ""0"", ""SETP_ALNS_CRUSH_SA_ACCEPTANCE"": ""1"", ""SETP_ALNS_CRUSH_SA_MODE"": ""lns_cooling"", ""SETP_ALNS_CRUSH_SCAN_REBUILD"": ""1"", ""SETP_ALNS_CRUSH_SCAN_RESTART"": ""1"", ""SETP_ALNS_CRUSH_TIMING_LEDGER"": ""1"", ""SETP_ALNS_CRUSH_TRUE_ACCEPTANCE"": ""0"", ""SETP_ALNS_CRUSH_TRUE_REPAIR"": ""1""}",16000,alns_e2_throughput,100.0,387.9007343319535,multidepot,1,,/Volumes/移动硬盘（512G）/ReSETP/baselines/e2_alns/high_tension_separation_probe_stage_a_data/checkpoints/wc100/e2-multidepot-10c-01__alns_e2_throughput__seed1.json,True,7cb71f35c46fbd099747fc0d18c15a95315b746d,wallclock,1,1,10.208561249999548,1,1,16000,1567.3119461374354,,True,OK,e2-multidepot-10c-01,1,2.3.5,/opt/anaconda3/bin/python3.13,1,2,300.0,wc100,100kWh same wall-clock,1,10,OK,"{""acceptance"": {""count"": 15936.0, ""seconds"": 0.010421385013614781}, ""checkpoint_model_cost"": {""count"": 4.0, ""seconds"": 0.0001577080001879949}, ""destroy:random_customer_removal"": {""count"": 1152.0, ""seconds"": 0.03959765898252954}, ""destroy:route_segment_removal"": {""count"": 9386.0, ""seconds"": 0.24011741589856683}, ""destroy:shaw_related_removal"": {""count"": 1152.0, ""seconds"": 0.06989898896790692}, ""destroy:vehicle_type_swap"": {""count"": 1152.0, ""seconds"": 0.15740387599180394}, ""destroy:whole_route_removal"": {""count"": 1942.0, ""seconds"": 0.03467591405751591}, ""destroy:worst_customer_removal"": {""count"": 1152.0, ""seconds"": 0.02978718903796107}, ""final_check"": {""count"": 1.0, ""seconds"": 8.141699981933925e-05}, ""full_candidate_score"": {""count"": 15936.0, ""seconds"": 1.8687976819564938}, ""history_model_cost"": {""count"": 4.0, ""seconds"": 0.00019078999866906088}, ""initial_reference_score"": {""count"": 1.0, ""seconds"": 0.00015241700020851567}, ""local_search"": {""count"": 1869.0, ""seconds"": 0.002033965027294471}, ""repair:greedy_insert_repair"": {""count"": 2304.0, ""seconds"": 1.1832378869803506}, ""repair:regret2_insert_repair"": {""count"": 11246.0, ""seconds"": 4.9584884520318155}, ""repair:regret3_insert_repair"": {""count"": 2386.0, ""seconds"": 1.2779585400476208}, ""repair_full_check"": {""count"": 17105.0, ""seconds"": 1.4425732410545606}, ""repair_solution_score"": {""count"": 1155.0, ""seconds"": 0.037570390004475485}, ""route_model_cost"": {""count"": 834.0, ""seconds"": 0.01703813900167006}, ""scan_build"": {""count"": 64.0, ""seconds"": 0.005342372005543439}, ""scan_score"": {""count"": 64.0, ""seconds"": 0.004601291006110841}}",0,False,False,0.5,,
{},15490,LNS,100.0,5488.782859056312,multidepot,1,,/Volumes/移动硬盘（512G）/ReSETP/baselines/e2_alns/high_tension_separation_probe_stage_a_data/checkpoints/wc100/e2-multidepot-150c-01__LNS__seed1.json,True,7cb71f35c46fbd099747fc0d18c15a95315b746d,wallclock,10,21,902.1670656669994,1,1,16000,17.169768870411794,,True,OK,e2-multidepot-150c-01,3,2.3.5,/opt/anaconda3/bin/python3.13,1,22,900.0,wc100,100kWh same wall-clock,1,150,OK,{},0,False,False,0.045454545454545456,,
"{""SETP_ALNS_CRUSH_ADAPTIVE_Q"": ""1"", ""SETP_ALNS_CRUSH_LOCAL_SEARCH"": ""0"", ""SETP_ALNS_CRUSH_REPAIR_STRUCTURE_CACHE"": ""1"", ""SETP_ALNS_CRUSH_ROUTE_COST_CACHE"": ""1"", ""SETP_ALNS_CRUSH_ROUTE_ELIMINATION"": ""0"", ""SETP_ALNS_CRUSH_SA_ACCEPTANCE"": ""1"", ""SETP_ALNS_CRUSH_SA_MODE"": ""lns_cooling"", ""SETP_ALNS_CRUSH_SCAN_REBUILD"": ""1"", ""SETP_ALNS_CRUSH_SCAN_RESTART"": ""1"", ""SETP_ALNS_CRUSH_TIMING_LEDGER"": ""1"", ""SETP_ALNS_CRUSH_TRUE_ACCEPTANCE"": ""0"", ""SETP_ALNS_CRUSH_TRUE_REPAIR"": ""1""}",16000,alns_e2_throughput,100.0,5488.782859056312,multidepot,1,,/Volumes/移动硬盘（512G）/ReSETP/baselines/e2_alns/high_tension_separation_probe_stage_a_data/checkpoints/wc100/e2-multidepot-150c-01__alns_e2_throughput__seed1.json,True,7cb71f35c46fbd099747fc0d18c15a95315b746d,wallclock,10,21,691.5980306670008,1,1,16000,23.134825853348733,,True,OK,e2-multidepot-150c-01,3,2.3.5,/opt/anaconda3/bin/python3.13,1,22,900.0,wc100,100kWh same wall-clock,1,150,OK,"{""acceptance"": {""count"": 15936.0, ""seconds"": 0.004674143010561238}, ""checkpoint_model_cost"": {""count"": 1.0, ""seconds"": 0.00037487500048882794}, ""destroy:random_customer_removal"": {""count"": 2658.0, ""seconds"": 0.7054902410254726}, ""destroy:route_segment_removal"": {""count"": 2655.0, ""seconds"": 0.7940702860196325}, ""destroy:shaw_related_removal"": {""count"": 2655.0, ""seconds"": 40.0460509890363}, ""destroy:vehicle_type_swap"": {""count"": 2655.0, ""seconds"": 8.875675357014188}, ""destroy:whole_route_removal"": {""count"": 2655.0, ""seconds"": 0.7168834980366228}, ""destroy:worst_customer_removal"": {""count"": 2658.0, ""seconds"": 0.8420416020017001}, ""final_check"": {""count"": 1.0, ""seconds"": 0.00048225000136881135}, ""full_candidate_score"": {""count"": 15936.0, ""seconds"": 14.089341623957807}, ""history_model_cost"": {""count"": 1.0, ""seconds"": 0.0004684590003307676}, ""initial_reference_score"": {""count"": 1.0, ""seconds"": 0.0009096670000872109}, ""repair:greedy_insert_repair"": {""count"": 5312.0, ""seconds"": 204.6248949610308}, ""repair:regret2_insert_repair"": {""count"": 5312.0, ""seconds"": 213.1764749479862}, ""repair:regret3_insert_repair"": {""count"": 5312.0, ""seconds"": 215.77111499198145}, ""repair_full_check"": {""count"": 31872.0, ""seconds"": 18.434069332904983}, ""repair_solution_score"": {""count"": 5674.0, ""seconds"": 2.139981057967816}, ""route_model_cost"": {""count"": 1313829.0, ""seconds"": 34.51258648037765}, ""scan_build"": {""count"": 64.0, ""seconds"": 0.10937895500137529}, ""scan_score"": {""count"": 64.0, ""seconds"": 0.05105608999474498}}",0,False,False,0.045454545454545456,,
{},16000,LNS,100.0,621.371321439464,multidepot,0,,/Volumes/移动硬盘（512G）/ReSETP/baselines/e2_alns/high_tension_separation_probe_stage_a_data/checkpoints/wc100/e2-multidepot-15c-01__LNS__seed1.json,True,7cb71f35c46fbd099747fc0d18c15a95315b746d,wallclock,2,2,32.47434724999948,0,0,16000,492.69658530242685,,True,OK,e2-multidepot-15c-01,1,2.3.5,/opt/anaconda3/bin/python3.13,1,2,300.0,wc100,100kWh same wall-clock,1,15,OK,{},0,True,False,0.0,,
"{""SETP_ALNS_CRUSH_ADAPTIVE_Q"": ""1"", ""SETP_ALNS_CRUSH_LOCAL_SEARCH"": ""0"", ""SETP_ALNS_CRUSH_REPAIR_STRUCTURE_CACHE"": ""1"", ""SETP_ALNS_CRUSH_ROUTE_COST_CACHE"": ""1"", ""SETP_ALNS_CRUSH_ROUTE_ELIMINATION"": ""0"", ""SETP_ALNS_CRUSH_SA_ACCEPTANCE"": ""1"", ""SETP_ALNS_CRUSH_SA_MODE"": ""lns_cooling"", ""SETP_ALNS_CRUSH_SCAN_REBUILD"": ""1"", ""SETP_ALNS_CRUSH_SCAN_RESTART"": ""1"", ""SETP_ALNS_CRUSH_TIMING_LEDGER"": ""1"", ""SETP_ALNS_CRUSH_TRUE_ACCEPTANCE"": ""0"", ""SETP_ALNS_CRUSH_TRUE_REPAIR"": ""1""}",16000,alns_e2_throughput,100.0,621.371321439464,multidepot,0,,/Volumes/移动硬盘（512G）/ReSETP/baselines/e2_alns/high_tension_separation_probe_stage_a_data/checkpoints/wc100/e2-multidepot-15c-01__alns_e2_throughput__seed1.json,True,7cb71f35c46fbd099747fc0d18c15a95315b746d,wallclock,2,2,13.860795915999915,0,0,16000,1154.3348662633969,,True,OK,e2-multidepot-15c-01,1,2.3.5,/opt/anaconda3/bin/python3.13,1,2,300.0,wc100,100kWh same wall-clock,1,15,OK,"{""acceptance"": {""count"": 15936.0, ""seconds"": 0.005545939065996208}, ""checkpoint_model_cost"": {""count"": 2.0, ""seconds"": 8.870800047589e-05}, ""destroy:random_customer_removal"": {""count"": 2180.0, ""seconds"": 0.07588345101066807}, ""destroy:route_segment_removal"": {""count"": 2319.0, ""seconds"": 0.06509454999832087}, ""destroy:shaw_related_removal"": {""count"": 6284.0, ""seconds"": 0.5510255790795782}, ""destroy:vehicle_type_swap"": {""count"": 1449.0, ""seconds"": 0.3588546190148918}, ""destroy:whole_route_removal"": {""count"": 2255.0, ""seconds"": 0.043909465997785446}, ""destroy:worst_customer_removal"": {""count"": 1449.0, ""seconds"": 0.04206023800179537}, ""final_check"": {""count"": 1.0, ""seconds"": 4.3125000956933945e-05}, ""full_candidate_score"": {""count"": 15936.0, ""seconds"": 1.3411265838785766}, ""history_model_cost"": {""count"": 2.0, ""seconds"": 0.00011116699897684157}, ""initial_reference_score"": {""count"": 1.0, ""seconds"": 0.00013175000094634015}, ""local_search"": {""count"": 353.0, ""seconds"": 0.00043500699939613696}, ""repair:greedy_insert_repair"": {""count"": 3627.0, ""seconds"": 2.464250081027785}, ""repair:regret2_insert_repair"": {""count"": 3769.0, ""seconds"": 2.17244113498964}, ""repair:regret3_insert_repair"": {""count"": 8540.0, ""seconds"": 6.180718569008604}, ""repair_full_check"": {""count"": 19757.0, ""seconds"": 1.2332818728191342}, ""route_model_cost"": {""count"": 3384.0, ""seconds"": 0.06750784904579632}, ""scan_build"": {""count"": 64.0, ""seconds"": 0.008401038001466077}, ""scan_score"": {""count"": 64.0, ""seconds"": 0.006534040998303681}}",0,True,False,0.0,,
{},10906,LNS,100.0,6608.239546640648,multidepot,1,,/Volumes/移动硬盘（512G）/ReSETP/baselines/e2_alns/high_tension_separation_probe_stage_a_data/checkpoints/wc100/e2-multidepot-200c-01__LNS__seed1.json,True,7cb71f35c46fbd099747fc0d18c15a95315b746d,wallclock,14,28,905.796574375001,1,1,16000,12.040231006090007,,True,OK,e2-multidepot-200c-01,2,2.3.5,/opt/anaconda3/bin/python3.13,1,29,900.0,wc100,100kWh same wall-clock,1,200,OK,{},0,False,False,0.034482758620689655,,
"{""SETP_ALNS_CRUSH_ADAPTIVE_Q"": ""1"", ""SETP_ALNS_CRUSH_LOCAL_SEARCH"": ""0"", ""SETP_ALNS_CRUSH_REPAIR_STRUCTURE_CACHE"": ""1"", ""SETP_ALNS_CRUSH_ROUTE_COST_CACHE"": ""1"", ""SETP_ALNS_CRUSH_ROUTE_ELIMINATION"": ""0"", ""SETP_ALNS_CRUSH_SA_ACCEPTANCE"": ""1"", ""SETP_ALNS_CRUSH_SA_MODE"": ""lns_cooling"", ""SETP_ALNS_CRUSH_SCAN_REBUILD"": ""1"", ""SETP_ALNS_CRUSH_SCAN_RESTART"": ""1"", ""SETP_ALNS_CRUSH_TIMING_LEDGER"": ""1"", ""SETP_ALNS_CRUSH_TRUE_ACCEPTANCE"": ""0"", ""SETP_ALNS_CRUSH_TRUE_REPAIR"": ""1""}",7396,alns_e2_throughput,100.0,6608.239546640648,multidepot,1,,/Volumes/移动硬盘（512G）/ReSETP/baselines/e2_alns/high_tension_separation_probe_stage_a_data/checkpoints/wc100/e2-multidepot-200c-01__alns_e2_throughput__seed1.json,True,7cb71f35c46fbd099747fc0d18c15a95315b746d,wallclock,14,28,907.6776811659984,1,1,16000,8.148266894145875,,True,OK,e2-multidepot-200c-01,2,2.3.5,/opt/anaconda3/bin/python3.13,1,29,900.0,wc100,100kWh same wall-clock,1,200,OK,"{""acceptance"": {""count"": 7366.0, ""seconds"": 0.0022037290891603334}, ""checkpoint_model_cost"": {""count"": 1.0, ""seconds"": 0.000476166998851113}, ""destroy:random_customer_removal"": {""count"": 1230.0, ""seconds"": 0.4627764440356259}, ""destroy:route_segment_removal"": {""count"": 1227.0, ""seconds"": 0.5692568280210253}, ""destroy:shaw_related_removal"": {""count"": 1227.0, ""seconds"": 42.482628037014365}, ""destroy:vehicle_type_swap"": {""count"": 1227.0, ""seconds"": 11.151050952927108}, ""destroy:whole_route_removal"": {""count"": 1227.0, ""seconds"": 0.543975020011203}, ""destroy:worst_customer_removal"": {""count"": 1228.0, ""seconds"": 0.5563843419749901}, ""final_check"": {""count"": 1.0, ""seconds"": 0.0006958750000194414}, ""full_candidate_score"": {""count"": 7366.0, ""seconds"": 8.818901053078662}, ""history_model_cost"": {""count"": 1.0, ""seconds"": 0.0006431250003515743}, ""initial_reference_score"": {""count"": 1.0, ""seconds"": 0.001205833001222345}, ""repair:greedy_insert_repair"": {""count"": 2456.0, ""seconds"": 275.10763745000986}, ""repair:regret2_insert_repair"": {""count"": 2455.0, ""seconds"": 292.6721365789672}, ""repair:regret3_insert_repair"": {""count"": 2455.0, ""seconds"": 275.56883147396366}, ""repair_full_check"": {""count"": 14732.0, ""seconds"": 12.38790678908299}, ""repair_solution_score"": {""count"": 5064.0, ""seconds"": 2.49265079198085}, ""route_model_cost"": {""count"": 1524298.0, ""seconds"": 41.689330265035096}, ""scan_build"": {""count"": 30.0, ""seconds"": 0.07580170900291705}, ""scan_score"": {""count"": 30.0, ""seconds"": 0.03322157900038292}}",0,False,False,0.034482758620689655,,
{},16000,LNS,100.0,694.5670096792054,multidepot,2,,/Volumes/移动硬盘（512G）/ReSETP/baselines/e2_alns/high_tension_separation_probe_stage_a_data/checkpoints/wc100/e2-multidepot-20c-01__LNS__seed1.json,True,7cb71f35c46fbd099747fc0d18c15a95315b746d,wallclock,2,2,121.0623743340002,1,1,16000,132.16327606344015,,True,OK,e2-multidepot-20c-01,1,2.3.5,/opt/anaconda3/bin/python3.13,1,3,300.0,wc100,100kWh same wall-clock,1,20,OK,{},0,False,False,0.3333333333333333,,
"{""SETP_ALNS_CRUSH_ADAPTIVE_Q"": ""1"", ""SETP_ALNS_CRUSH_LOCAL_SEARCH"": ""0"", ""SETP_ALNS_CRUSH_REPAIR_STRUCTURE_CACHE"": ""1"", ""SETP_ALNS_CRUSH_ROUTE_COST_CACHE"": ""1"", ""SETP_ALNS_CRUSH_ROUTE_ELIMINATION"": ""0"", ""SETP_ALNS_CRUSH_SA_ACCEPTANCE"": ""1"", ""SETP_ALNS_CRUSH_SA_MODE"": ""lns_cooling"", ""SETP_ALNS_CRUSH_SCAN_REBUILD"": ""1"", ""SETP_ALNS_CRUSH_SCAN_RESTART"": ""1"", ""SETP_ALNS_CRUSH_TIMING_LEDGER"": ""1"", ""SETP_ALNS_CRUSH_TRUE_ACCEPTANCE"": ""0"", ""SETP_ALNS_CRUSH_TRUE_REPAIR"": ""1""}",16000,alns_e2_throughput,100.0,1130.7005298293218,multidepot,1,,/Volumes/移动硬盘（512G）/ReSETP/baselines/e2_alns/high_tension_separation_probe_stage_a_data/checkpoints/wc100/e2-multidepot-20c-01__alns_e2_throughput__seed1.json,True,7cb71f35c46fbd099747fc0d18c15a95315b746d,wallclock,2,4,24.31838124999922,1,1,16000,657.938529522828,,True,OK,e2-multidepot-20c-01,2,2.3.5,/opt/anaconda3/bin/python3.13,1,5,300.0,wc100,100kWh same wall-clock,1,20,OK,"{""acceptance"": {""count"": 15936.0, ""seconds"": 0.0037408580155897653}, ""checkpoint_model_cost"": {""count"": 1.0, ""seconds"": 7.18749997759005e-05}, ""destroy:random_customer_removal"": {""count"": 2658.0, ""seconds"": 0.13853813902460388}, ""destroy:route_segment_removal"": {""count"": 2655.0, ""seconds"": 0.12005373600186431}, ""destroy:shaw_related_removal"": {""count"": 2655.0, ""seconds"": 0.5217984710270684}, ""destroy:vehicle_type_swap"": {""count"": 2655.0, ""seconds"": 1.6269028729839192}, ""destroy:whole_route_removal"": {""count"": 2655.0, ""seconds"": 0.09610893098761153}, ""destroy:worst_customer_removal"": {""count"": 2658.0, ""seconds"": 0.12444301301366067}, ""final_check"": {""count"": 1.0, ""seconds"": 9.754099846759345e-05}, ""full_candidate_score"": {""count"": 15936.0, ""seconds"": 2.5843306017122814}, ""history_model_cost"": {""count"": 1.0, ""seconds"": 0.00010016700070991646}, ""initial_reference_score"": {""count"": 1.0, ""seconds"": 0.0002079170008073561}, ""repair:greedy_insert_repair"": {""count"": 5312.0, ""seconds"": 6.274266717968203}, ""repair:regret2_insert_repair"": {""count"": 5312.0, ""seconds"": 6.282297947074767}, ""repair:regret3_insert_repair"": {""count"": 5312.0, ""seconds"": 6.565382971888539}, ""repair_full_check"": {""count"": 31872.0, ""seconds"": 2.5738351740274084}, ""repair_solution_score"": {""count"": 5310.0, ""seconds"": 0.34830716801661765}, ""route_model_cost"": {""count"": 9810.0, ""seconds"": 0.1961997031175997}, ""scan_build"": {""count"": 64.0, ""seconds"": 0.010900703997322125}, ""scan_score"": {""count"": 64.0, ""seconds"": 0.00787729698822659}}",0,False,False,0.2,,
{},16000,LNS,100.0,828.678306576153,multidepot,1,,/Volumes/移动硬盘（512G）/ReSETP/baselines/e2_alns/high_tension_separation_probe_stage_a_data/checkpoints/wc100/e2-multidepot-25c-01__LNS__seed1.json,True,7cb71f35c46fbd099747fc0d18c15a95315b746d,wallclock,2,4,146.9848067089988,1,1,16000,108.85478818009315,,True,OK,e2-multidepot-25c-01,2,2.3.5,/opt/anaconda3/bin/python3.13,1,5,300.0,wc100,100kWh same wall-clock,1,25,OK,{},0,False,False,0.2,,
"{""SETP_ALNS_CRUSH_ADAPTIVE_Q"": ""1"", ""SETP_ALNS_CRUSH_LOCAL_SEARCH"": ""0"", ""SETP_ALNS_CRUSH_REPAIR_STRUCTURE_CACHE"": ""1"", ""SETP_ALNS_CRUSH_ROUTE_COST_CACHE"": ""1"", ""SETP_ALNS_CRUSH_ROUTE_ELIMINATION"": ""0"", ""SETP_ALNS_CRUSH_SA_ACCEPTANCE"": ""1"", ""SETP_ALNS_CRUSH_SA_MODE"": ""lns_cooling"", ""SETP_ALNS_CRUSH_SCAN_REBUILD"": ""1"", ""SETP_ALNS_CRUSH_SCAN_RESTART"": ""1"", ""SETP_ALNS_CRUSH_TIMING_LEDGER"": ""1"", ""SETP_ALNS_CRUSH_TRUE_ACCEPTANCE"": ""0"", ""SETP_ALNS_CRUSH_TRUE_REPAIR"": ""1""}",16000,alns_e2_throughput,100.0,828.678306576153,multidepot,1,,/Volumes/移动硬盘（512G）/ReSETP/baselines/e2_alns/high_tension_separation_probe_stage_a_data/checkpoints/wc100/e2-multidepot-25c-01__alns_e2_throughput__seed1.json,True,7cb71f35c46fbd099747fc0d18c15a95315b746d,wallclock,2,4,36.21065791699948,1,1,16000,441.8588592528342,,True,OK,e2-multidepot-25c-01,2,2.3.5,/opt/anaconda3/bin/python3.13,1,5,300.0,wc100,100kWh same wall-clock,1,25,OK,"{""acceptance"": {""count"": 15936.0, ""seconds"": 0.004117875972951879}, ""checkpoint_model_cost"": {""count"": 1.0, ""seconds"": 8.150000030582305e-05}, ""destroy:random_customer_removal"": {""count"": 2658.0, ""seconds"": 0.1949364559714013}, ""destroy:route_segment_removal"": {""count"": 2655.0, ""seconds"": 0.1391122269742482}, ""destroy:shaw_related_removal"": {""count"": 2655.0, ""seconds"": 0.7758912169956602}, ""destroy:vehicle_type_swap"": {""count"": 2655.0, ""seconds"": 2.550372806010273}, ""destroy:whole_route_removal"": {""count"": 2655.0, ""seconds"": 0.11165341402374906}, ""destroy:worst_customer_removal"": {""count"": 2658.0, ""seconds"": 0.15222560597976553}, ""final_check"": {""count"": 1.0, ""seconds"": 0.00010816700159921311}, ""full_candidate_score"": {""count"": 15936.0, ""seconds"": 3.034856760988987}, ""history_model_cost"": {""count"": 1.0, ""seconds"": 0.00011241699940001126}, ""initial_reference_score"": {""count"": 1.0, ""seconds"": 0.00031829199906496797}, ""repair:greedy_insert_repair"": {""count"": 5312.0, ""seconds"": 9.767951173000256}, ""repair:regret2_insert_repair"": {""count"": 5312.0, ""seconds"": 9.602586999060804}, ""repair:regret3_insert_repair"": {""count"": 5312.0, ""seconds"": 9.722152063926842}, ""repair_full_check"": {""count"": 31872.0, ""seconds"": 3.115977625035157}, ""repair_solution_score"": {""count"": 7965.0, ""seconds"": 0.5964994769965415}, ""route_model_cost"": {""count"": 21828.0, ""seconds"": 0.5546027910768316}, ""scan_build"": {""count"": 64.0, ""seconds"": 0.014594250000300235}, ""scan_score"": {""count"": 64.0, ""seconds"": 0.009478210000452236}}",0,False,False,0.2,,
{},16000,LNS,100.0,2020.688951370618,multidepot,1,,/Volumes/移动硬盘（512G）/ReSETP/baselines/e2_alns/high_tension_separation_probe_stage_a_data/checkpoints/wc100/e2-multidepot-50c-01__LNS__seed1.json,True,7cb71f35c46fbd099747fc0d18c15a95315b746d,wallclock,4,8,264.98782674999893,1,1,16000,60.380132160165594,,True,OK,e2-multidepot-50c-01,2,2.3.5,/opt/anaconda3/bin/python3.13,1,9,600.0,wc100,100kWh same wall-clock,1,50,OK,{},0,False,False,0.1111111111111111,,
"{""SETP_ALNS_CRUSH_ADAPTIVE_Q"": ""1"", ""SETP_ALNS_CRUSH_LOCAL_SEARCH"": ""0"", ""SETP_ALNS_CRUSH_REPAIR_STRUCTURE_CACHE"": ""1"", ""SETP_ALNS_CRUSH_ROUTE_COST_CACHE"": ""1"", ""SETP_ALNS_CRUSH_ROUTE_ELIMINATION"": ""0"", ""SETP_ALNS_CRUSH_SA_ACCEPTANCE"": ""1"", ""SETP_ALNS_CRUSH_SA_MODE"": ""lns_cooling"", ""SETP_ALNS_CRUSH_SCAN_REBUILD"": ""1"", ""SETP_ALNS_CRUSH_SCAN_RESTART"": ""1"", ""SETP_ALNS_CRUSH_TIMING_LEDGER"": ""1"", ""SETP_ALNS_CRUSH_TRUE_ACCEPTANCE"": ""0"", ""SETP_ALNS_CRUSH_TRUE_REPAIR"": ""1""}",16000,alns_e2_throughput,100.0,2020.688951370618,multidepot,1,,/Volumes/移动硬盘（512G）/ReSETP/baselines/e2_alns/high_tension_separation_probe_stage_a_data/checkpoints/wc100/e2-multidepot-50c-01__alns_e2_throughput__seed1.json,True,7cb71f35c46fbd099747fc0d18c15a95315b746d,wallclock,4,8,83.5088220839989,1,1,16000,191.59652358532975,,True,OK,e2-multidepot-50c-01,2,2.3.5,/opt/anaconda3/bin/python3.13,1,9,600.0,wc100,100kWh same wall-clock,1,50,OK,"{""acceptance"": {""count"": 15936.0, ""seconds"": 0.004203540087473812}, ""checkpoint_model_cost"": {""count"": 1.0, ""seconds"": 0.00013404099991021212}, ""destroy:random_customer_removal"": {""count"": 2658.0, ""seconds"": 0.2754763419397932}, ""destroy:route_segment_removal"": {""count"": 2655.0, ""seconds"": 0.23538760103656386}, ""destroy:shaw_related_removal"": {""count"": 2655.0, ""seconds"": 2.983637078967149}, ""destroy:vehicle_type_swap"": {""count"": 2655.0, ""seconds"": 6.1199365090487845}, ""destroy:whole_route_removal"": {""count"": 2655.0, ""seconds"": 0.20365883698650578}, ""destroy:worst_customer_removal"": {""count"": 2658.0, ""seconds"": 0.25806583097437397}, ""final_check"": {""count"": 1.0, ""seconds"": 0.0001748750000842847}, ""full_candidate_score"": {""count"": 15936.0, ""seconds"": 5.02540170895918}, ""history_model_cost"": {""count"": 1.0, ""seconds"": 0.0002162079999834532}, ""initial_reference_score"": {""count"": 1.0, ""seconds"": 0.0003639580008893972}, ""repair:greedy_insert_repair"": {""count"": 5312.0, ""seconds"": 23.109138091000204}, ""repair:regret2_insert_repair"": {""count"": 5312.0, ""seconds"": 23.1541512939948}, ""repair:regret3_insert_repair"": {""count"": 5312.0, ""seconds"": 23.79483994192924}, ""repair_full_check"": {""count"": 31872.0, ""seconds"": 5.63343228703161}, ""repair_solution_score"": {""count"": 10620.0, ""seconds"": 1.441988542852414}, ""route_model_cost"": {""count"": 143562.0, ""seconds"": 3.302722450085639}, ""scan_build"": {""count"": 64.0, ""seconds"": 0.02851832800115517}, ""scan_score"": {""count"": 64.0, ""seconds"": 0.016780496000137646}}",0,False,False,0.1111111111111111,,
{},16000,LNS,100.0,3062.7977925322516,multidepot,1,,/Volumes/移动硬盘（512G）/ReSETP/baselines/e2_alns/high_tension_separation_probe_stage_a_data/checkpoints/wc100/e2-multidepot-75c-01__LNS__seed1.json,True,7cb71f35c46fbd099747fc0d18c15a95315b746d,wallclock,6,12,384.6789184169993,1,1,16000,41.59312931897062,,True,OK,e2-multidepot-75c-01,2,2.3.5,/opt/anaconda3/bin/python3.13,1,13,900.0,wc100,100kWh same wall-clock,1,75,OK,{},0,False,False,0.07692307692307693,,
"{""SETP_ALNS_CRUSH_ADAPTIVE_Q"": ""1"", ""SETP_ALNS_CRUSH_LOCAL_SEARCH"": ""0"", ""SETP_ALNS_CRUSH_REPAIR_STRUCTURE_CACHE"": ""1"", ""SETP_ALNS_CRUSH_ROUTE_COST_CACHE"": ""1"", ""SETP_ALNS_CRUSH_ROUTE_ELIMINATION"": ""0"", ""SETP_ALNS_CRUSH_SA_ACCEPTANCE"": ""1"", ""SETP_ALNS_CRUSH_SA_MODE"": ""lns_cooling"", ""SETP_ALNS_CRUSH_SCAN_REBUILD"": ""1"", ""SETP_ALNS_CRUSH_SCAN_RESTART"": ""1"", ""SETP_ALNS_CRUSH_TIMING_LEDGER"": ""1"", ""SETP_ALNS_CRUSH_TRUE_ACCEPTANCE"": ""0"", ""SETP_ALNS_CRUSH_TRUE_REPAIR"": ""1""}",16000,alns_e2_throughput,100.0,3062.7977925322516,multidepot,1,,/Volumes/移动硬盘（512G）/ReSETP/baselines/e2_alns/high_tension_separation_probe_stage_a_data/checkpoints/wc100/e2-multidepot-75c-01__alns_e2_throughput__seed1.json,True,7cb71f35c46fbd099747fc0d18c15a95315b746d,wallclock,6,12,164.18227195799955,1,1,16000,97.4526653163446,,True,OK,e2-multidepot-75c-01,2,2.3.5,/opt/anaconda3/bin/python3.13,1,13,900.0,wc100,100kWh same wall-clock,1,75,OK,"{""acceptance"": {""count"": 15936.0, ""seconds"": 0.0042011639725387795}, ""checkpoint_model_cost"": {""count"": 1.0, ""seconds"": 0.00022479200015368406}, ""destroy:random_customer_removal"": {""count"": 2658.0, ""seconds"": 0.35990645000674704}, ""destroy:route_segment_removal"": {""count"": 2655.0, ""seconds"": 0.35556697997890296}, ""destroy:shaw_related_removal"": {""count"": 2655.0, ""seconds"": 7.436191528033305}, ""destroy:vehicle_type_swap"": {""count"": 2655.0, ""seconds"": 6.617183422031303}, ""destroy:whole_route_removal"": {""count"": 2655.0, ""seconds"": 0.31461819098331034}, ""destroy:worst_customer_removal"": {""count"": 2658.0, ""seconds"": 0.38871624403509486}, ""final_check"": {""count"": 1.0, ""seconds"": 0.0005189170005905908}, ""full_candidate_score"": {""count"": 15936.0, ""seconds"": 7.29733519005822}, ""history_model_cost"": {""count"": 1.0, ""seconds"": 0.00034079200122505426}, ""initial_reference_score"": {""count"": 1.0, ""seconds"": 0.0005204999997658888}, ""repair:greedy_insert_repair"": {""count"": 5312.0, ""seconds"": 47.2593159390708}, ""repair:regret2_insert_repair"": {""count"": 5312.0, ""seconds"": 48.91445602098611}, ""repair:regret3_insert_repair"": {""count"": 5312.0, ""seconds"": 48.83402973398006}, ""repair_full_check"": {""count"": 31872.0, ""seconds"": 8.812225083087469}, ""repair_solution_score"": {""count"": 7968.0, ""seconds"": 1.58852798199041}, ""route_model_cost"": {""count"": 346836.0, ""seconds"": 7.945570016352576}, ""scan_build"": {""count"": 64.0, ""seconds"": 0.04504762099531945}, ""scan_score"": {""count"": 64.0, ""seconds"": 0.02511058400705224}}",0,False,False,0.07692307692307693,,
{},16000,LNS,100.0,4086.253616024695,threeshift,1,,/Volumes/移动硬盘（512G）/ReSETP/baselines/e2_alns/high_tension_separation_probe_stage_a_data/checkpoints/wc100/e2-threeshift-100c-01__LNS__seed1.json,True,7cb71f35c46fbd099747fc0d18c15a95315b746d,wallclock,7,14,529.5571883330012,1,1,16000,30.213922787766457,,True,OK,e2-threeshift-100c-01,2,2.3.5,/opt/anaconda3/bin/python3.13,1,15,900.0,wc100,100kWh same wall-clock,1,100,OK,{},0,False,False,0.06666666666666667,,
"{""SETP_ALNS_CRUSH_ADAPTIVE_Q"": ""1"", ""SETP_ALNS_CRUSH_LOCAL_SEARCH"": ""0"", ""SETP_ALNS_CRUSH_REPAIR_STRUCTURE_CACHE"": ""1"", ""SETP_ALNS_CRUSH_ROUTE_COST_CACHE"": ""1"", ""SETP_ALNS_CRUSH_ROUTE_ELIMINATION"": ""0"", ""SETP_ALNS_CRUSH_SA_ACCEPTANCE"": ""1"", ""SETP_ALNS_CRUSH_SA_MODE"": ""lns_cooling"", ""SETP_ALNS_CRUSH_SCAN_REBUILD"": ""1"", ""SETP_ALNS_CRUSH_SCAN_RESTART"": ""1"", ""SETP_ALNS_CRUSH_TIMING_LEDGER"": ""1"", ""SETP_ALNS_CRUSH_TRUE_ACCEPTANCE"": ""0"", ""SETP_ALNS_CRUSH_TRUE_REPAIR"": ""1""}",16000,alns_e2_throughput,100.0,4086.253616024695,threeshift,1,,/Volumes/移动硬盘（512G）/ReSETP/baselines/e2_alns/high_tension_separation_probe_stage_a_data/checkpoints/wc100/e2-threeshift-100c-01__alns_e2_throughput__seed1.json,True,7cb71f35c46fbd099747fc0d18c15a95315b746d,wallclock,7,14,262.0545119590024,1,1,16000,61.055998923243685,,True,OK,e2-threeshift-100c-01,2,2.3.5,/opt/anaconda3/bin/python3.13,1,15,900.0,wc100,100kWh same wall-clock,1,100,OK,"{""acceptance"": {""count"": 15936.0, ""seconds"": 0.004157481278525665}, ""checkpoint_model_cost"": {""count"": 1.0, ""seconds"": 0.0002473339991411194}, ""destroy:random_customer_removal"": {""count"": 2658.0, ""seconds"": 0.4109214950403839}, ""destroy:route_segment_removal"": {""count"": 2655.0, ""seconds"": 0.4473881379417435}, ""destroy:shaw_related_removal"": {""count"": 2655.0, ""seconds"": 13.759856733009656}, ""destroy:vehicle_type_swap"": {""count"": 2655.0, ""seconds"": 15.677859919051116}, ""destroy:whole_route_removal"": {""count"": 2655.0, ""seconds"": 0.3986038670191192}, ""destroy:worst_customer_removal"": {""count"": 2658.0, ""seconds"": 0.46033271696796874}, ""final_check"": {""count"": 1.0, ""seconds"": 0.00030737499764654785}, ""full_candidate_score"": {""count"": 15936.0, ""seconds"": 8.868201265151583}, ""history_model_cost"": {""count"": 1.0, ""seconds"": 0.0003071669998462312}, ""initial_reference_score"": {""count"": 1.0, ""seconds"": 0.0005819159996462986}, ""repair:greedy_insert_repair"": {""count"": 5312.0, ""seconds"": 72.4640134031506}, ""repair:regret2_insert_repair"": {""count"": 5312.0, ""seconds"": 78.65839058893107}, ""repair:regret3_insert_repair"": {""count"": 5312.0, ""seconds"": 76.2732213938034}, ""repair_full_check"": {""count"": 31872.0, ""seconds"": 11.084839203722368}, ""repair_solution_score"": {""count"": 10274.0, ""seconds"": 2.551795927902276}, ""route_model_cost"": {""count"": 287885.0, ""seconds"": 7.09630588471191}, ""scan_build"": {""count"": 64.0, ""seconds"": 0.06963258798714378}, ""scan_score"": {""count"": 64.0, ""seconds"": 0.04517429000043194}}",0,False,False,0.06666666666666667,,
{},16000,LNS,100.0,5803.553350198798,threeshift,1,,/Volumes/移动硬盘（512G）/ReSETP/baselines/e2_alns/high_tension_separation_probe_stage_a_data/checkpoints/wc100/e2-threeshift-150c-01__LNS__seed1.json,True,7cb71f35c46fbd099747fc0d18c15a95315b746d,wallclock,10,21,874.9989854160012,1,1,16000,18.285735488473865,,True,OK,e2-threeshift-150c-01,3,2.3.5,/opt/anaconda3/bin/python3.13,1,22,900.0,wc100,100kWh same wall-clock,1,150,OK,{},0,False,False,0.045454545454545456,,
"{""SETP_ALNS_CRUSH_ADAPTIVE_Q"": ""1"", ""SETP_ALNS_CRUSH_LOCAL_SEARCH"": ""0"", ""SETP_ALNS_CRUSH_REPAIR_STRUCTURE_CACHE"": ""1"", ""SETP_ALNS_CRUSH_ROUTE_COST_CACHE"": ""1"", ""SETP_ALNS_CRUSH_ROUTE_ELIMINATION"": ""0"", ""SETP_ALNS_CRUSH_SA_ACCEPTANCE"": ""1"", ""SETP_ALNS_CRUSH_SA_MODE"": ""lns_cooling"", ""SETP_ALNS_CRUSH_SCAN_REBUILD"": ""1"", ""SETP_ALNS_CRUSH_SCAN_RESTART"": ""1"", ""SETP_ALNS_CRUSH_TIMING_LEDGER"": ""1"", ""SETP_ALNS_CRUSH_TRUE_ACCEPTANCE"": ""0"", ""SETP_ALNS_CRUSH_TRUE_REPAIR"": ""1""}",16000,alns_e2_throughput,100.0,5803.553350198798,threeshift,1,,/Volumes/移动硬盘（512G）/ReSETP/baselines/e2_alns/high_tension_separation_probe_stage_a_data/checkpoints/wc100/e2-threeshift-150c-01__alns_e2_throughput__seed1.json,True,7cb71f35c46fbd099747fc0d18c15a95315b746d,wallclock,10,21,611.5851716249999,1,1,16000,26.16152376207475,,True,OK,e2-threeshift-150c-01,3,2.3.5,/opt/anaconda3/bin/python3.13,1,22,900.0,wc100,100kWh same wall-clock,1,150,OK,"{""acceptance"": {""count"": 15936.0, ""seconds"": 0.004193854048935464}, ""checkpoint_model_cost"": {""count"": 1.0, ""seconds"": 0.0003767079979297705}, ""destroy:random_customer_removal"": {""count"": 2658.0, ""seconds"": 0.6343569319869857}, ""destroy:route_segment_removal"": {""count"": 2655.0, ""seconds"": 0.7503583199650166}, ""destroy:shaw_related_removal"": {""count"": 2655.0, ""seconds"": 38.576068232065154}, ""destroy:vehicle_type_swap"": {""count"": 2655.0, ""seconds"": 29.594209401020635}, ""destroy:whole_route_removal"": {""count"": 2655.0, ""seconds"": 0.6827169619100459}, ""destroy:worst_customer_removal"": {""count"": 2658.0, ""seconds"": 0.7469832899660105}, ""final_check"": {""count"": 1.0, ""seconds"": 0.00046829199709463865}, ""full_candidate_score"": {""count"": 15936.0, ""seconds"": 13.30582709106966}, ""history_model_cost"": {""count"": 1.0, ""seconds"": 0.00044387500020093285}, ""initial_reference_score"": {""count"": 1.0, ""seconds"": 0.0009019169992825482}, ""repair:greedy_insert_repair"": {""count"": 5312.0, ""seconds"": 176.45471223998175}, ""repair:regret2_insert_repair"": {""count"": 5312.0, ""seconds"": 185.68008038008338}, ""repair:regret3_insert_repair"": {""count"": 5312.0, ""seconds"": 173.26326803888514}, ""repair_full_check"": {""count"": 31872.0, ""seconds"": 17.98083515151302}, ""repair_solution_score"": {""count"": 11721.0, ""seconds"": 4.3200234898977214}, ""route_model_cost"": {""count"": 593962.0, ""seconds"": 15.076095298161817}, ""scan_build"": {""count"": 64.0, ""seconds"": 0.11657487199408934}, ""scan_score"": {""count"": 64.0, ""seconds"": 0.061892580011772225}}",0,False,False,0.045454545454545456,,
{},11316,LNS,100.0,6633.4344963179965,threeshift,1,,/Volumes/移动硬盘（512G）/ReSETP/baselines/e2_alns/high_tension_separation_probe_stage_a_data/checkpoints/wc100/e2-threeshift-200c-01__LNS__seed1.json,True,7cb71f35c46fbd099747fc0d18c15a95315b746d,wallclock,14,26,903.6116977090023,1,1,16000,12.523078252185472,,True,OK,e2-threeshift-200c-01,2,2.3.5,/opt/anaconda3/bin/python3.13,1,27,900.0,wc100,100kWh same wall-clock,1,200,OK,{},0,False,False,0.037037037037037035,,
"{""SETP_ALNS_CRUSH_ADAPTIVE_Q"": ""1"", ""SETP_ALNS_CRUSH_LOCAL_SEARCH"": ""0"", ""SETP_ALNS_CRUSH_REPAIR_STRUCTURE_CACHE"": ""1"", ""SETP_ALNS_CRUSH_ROUTE_COST_CACHE"": ""1"", ""SETP_ALNS_CRUSH_ROUTE_ELIMINATION"": ""0"", ""SETP_ALNS_CRUSH_SA_ACCEPTANCE"": ""1"", ""SETP_ALNS_CRUSH_SA_MODE"": ""lns_cooling"", ""SETP_ALNS_CRUSH_SCAN_REBUILD"": ""1"", ""SETP_ALNS_CRUSH_SCAN_RESTART"": ""1"", ""SETP_ALNS_CRUSH_TIMING_LEDGER"": ""1"", ""SETP_ALNS_CRUSH_TRUE_ACCEPTANCE"": ""0"", ""SETP_ALNS_CRUSH_TRUE_REPAIR"": ""1""}",9150,alns_e2_throughput,100.0,6633.4344963179965,threeshift,1,,/Volumes/移动硬盘（512G）/ReSETP/baselines/e2_alns/high_tension_separation_probe_stage_a_data/checkpoints/wc100/e2-threeshift-200c-01__alns_e2_throughput__seed1.json,True,7cb71f35c46fbd099747fc0d18c15a95315b746d,wallclock,14,26,905.1942961669993,1,1,16000,10.108327061654304,,True,OK,e2-threeshift-200c-01,2,2.3.5,/opt/anaconda3/bin/python3.13,1,27,900.0,wc100,100kWh same wall-clock,1,200,OK,"{""acceptance"": {""count"": 9113.0, ""seconds"": 0.0024965289267129265}, ""checkpoint_model_cost"": {""count"": 1.0, ""seconds"": 0.00046137499884935096}, ""destroy:random_customer_removal"": {""count"": 1521.0, ""seconds"": 0.5074314520643384}, ""destroy:route_segment_removal"": {""count"": 1518.0, ""seconds"": 0.6424911769754544}, ""destroy:shaw_related_removal"": {""count"": 1518.0, ""seconds"": 48.01524998511377}, ""destroy:vehicle_type_swap"": {""count"": 1518.0, ""seconds"": 22.254109938996407}, ""destroy:whole_route_removal"": {""count"": 1518.0, ""seconds"": 0.5949252039754356}, ""destroy:worst_customer_removal"": {""count"": 1520.0, ""seconds"": 0.6132982020426425}, ""final_check"": {""count"": 1.0, ""seconds"": 0.0006342089982354082}, ""full_candidate_score"": {""count"": 9113.0, ""seconds"": 10.143124502101273}, ""history_model_cost"": {""count"": 1.0, ""seconds"": 0.0005544999985431787}, ""initial_reference_score"": {""count"": 1.0, ""seconds"": 0.0012223750018165447}, ""repair:greedy_insert_repair"": {""count"": 3038.0, ""seconds"": 271.233267087071}, ""repair:regret2_insert_repair"": {""count"": 3038.0, ""seconds"": 280.58992925299754}, ""repair:regret3_insert_repair"": {""count"": 3037.0, ""seconds"": 274.59387780709585}, ""repair_full_check"": {""count"": 18226.0, ""seconds"": 14.380677701901732}, ""repair_solution_score"": {""count"": 8451.0, ""seconds"": 3.985849245927966}, ""route_model_cost"": {""count"": 1000013.0, ""seconds"": 26.629557960073726}, ""scan_build"": {""count"": 37.0, ""seconds"": 0.10386296199067147}, ""scan_score"": {""count"": 37.0, ""seconds"": 0.05284991999724298}}",0,False,False,0.037037037037037035,,
{},16000,LNS,100.0,1783.6949728422799,threeshift,1,,/Volumes/移动硬盘（512G）/ReSETP/baselines/e2_alns/high_tension_separation_probe_stage_a_data/checkpoints/wc100/e2-threeshift-50c-01__LNS__seed1.json,True,7cb71f35c46fbd099747fc0d18c15a95315b746d,wallclock,4,7,251.40441004199965,1,1,16000,63.642479451044785,,True,OK,e2-threeshift-50c-01,2,2.3.5,/opt/anaconda3/bin/python3.13,1,8,600.0,wc100,100kWh same wall-clock,1,50,OK,{},0,False,False,0.125,,
"{""SETP_ALNS_CRUSH_ADAPTIVE_Q"": ""1"", ""SETP_ALNS_CRUSH_LOCAL_SEARCH"": ""0"", ""SETP_ALNS_CRUSH_REPAIR_STRUCTURE_CACHE"": ""1"", ""SETP_ALNS_CRUSH_ROUTE_COST_CACHE"": ""1"", ""SETP_ALNS_CRUSH_ROUTE_ELIMINATION"": ""0"", ""SETP_ALNS_CRUSH_SA_ACCEPTANCE"": ""1"", ""SETP_ALNS_CRUSH_SA_MODE"": ""lns_cooling"", ""SETP_ALNS_CRUSH_SCAN_REBUILD"": ""1"", ""SETP_ALNS_CRUSH_SCAN_RESTART"": ""1"", ""SETP_ALNS_CRUSH_TIMING_LEDGER"": ""1"", ""SETP_ALNS_CRUSH_TRUE_ACCEPTANCE"": ""0"", ""SETP_ALNS_CRUSH_TRUE_REPAIR"": ""1""}",16000,alns_e2_throughput,100.0,1783.6949728422799,threeshift,1,,/Volumes/移动硬盘（512G）/ReSETP/baselines/e2_alns/high_tension_separation_probe_stage_a_data/checkpoints/wc100/e2-threeshift-50c-01__alns_e2_throughput__seed1.json,True,7cb71f35c46fbd099747fc0d18c15a95315b746d,wallclock,4,7,77.01211079200039,1,1,16000,207.75953074723407,,True,OK,e2-threeshift-50c-01,2,2.3.5,/opt/anaconda3/bin/python3.13,1,8,600.0,wc100,100kWh same wall-clock,1,50,OK,"{""acceptance"": {""count"": 15936.0, ""seconds"": 0.004152632009208901}, ""checkpoint_model_cost"": {""count"": 1.0, ""seconds"": 0.00013129199942341074}, ""destroy:random_customer_removal"": {""count"": 2658.0, ""seconds"": 0.24035732391530473}, ""destroy:route_segment_removal"": {""count"": 2655.0, ""seconds"": 0.21299288894078927}, ""destroy:shaw_related_removal"": {""count"": 2655.0, ""seconds"": 2.6550082360117813}, ""destroy:vehicle_type_swap"": {""count"": 2655.0, ""seconds"": 8.031809786984013}, ""destroy:whole_route_removal"": {""count"": 2655.0, ""seconds"": 0.1830804079600057}, ""destroy:worst_customer_removal"": {""count"": 2658.0, ""seconds"": 0.2375333610925736}, ""final_check"": {""count"": 1.0, ""seconds"": 0.00016629200035822578}, ""full_candidate_score"": {""count"": 15936.0, ""seconds"": 4.750802767055575}, ""history_model_cost"": {""count"": 1.0, ""seconds"": 0.00016925000090850517}, ""initial_reference_score"": {""count"": 1.0, ""seconds"": 0.0003362500010553049}, ""repair:greedy_insert_repair"": {""count"": 5312.0, ""seconds"": 19.9697037589267}, ""repair:regret2_insert_repair"": {""count"": 5312.0, ""seconds"": 21.275882554038617}, ""repair:regret3_insert_repair"": {""count"": 5312.0, ""seconds"": 21.350361481041546}, ""repair_full_check"": {""count"": 31872.0, ""seconds"": 5.355033231953712}, ""repair_solution_score"": {""count"": 7965.0, ""seconds"": 1.0657996859954437}, ""route_model_cost"": {""count"": 39509.0, ""seconds"": 0.9368504771355219}, ""scan_build"": {""count"": 64.0, ""seconds"": 0.030037917003937764}, ""scan_score"": {""count"": 64.0, ""seconds"": 0.019632663001175388}}",0,False,False,0.125,,
{},16000,LNS,100.0,2732.803960039656,threeshift,1,,/Volumes/移动硬盘（512G）/ReSETP/baselines/e2_alns/high_tension_separation_probe_stage_a_data/checkpoints/wc100/e2-threeshift-75c-01__LNS__seed1.json,True,7cb71f35c46fbd099747fc0d18c15a95315b746d,wallclock,6,11,374.1418427089993,1,1,16000,42.76452984822793,,True,OK,e2-threeshift-75c-01,2,2.3.5,/opt/anaconda3/bin/python3.13,1,12,900.0,wc100,100kWh same wall-clock,1,75,OK,{},0,False,False,0.08333333333333333,,
"{""SETP_ALNS_CRUSH_ADAPTIVE_Q"": ""1"", ""SETP_ALNS_CRUSH_LOCAL_SEARCH"": ""0"", ""SETP_ALNS_CRUSH_REPAIR_STRUCTURE_CACHE"": ""1"", ""SETP_ALNS_CRUSH_ROUTE_COST_CACHE"": ""1"", ""SETP_ALNS_CRUSH_ROUTE_ELIMINATION"": ""0"", ""SETP_ALNS_CRUSH_SA_ACCEPTANCE"": ""1"", ""SETP_ALNS_CRUSH_SA_MODE"": ""lns_cooling"", ""SETP_ALNS_CRUSH_SCAN_REBUILD"": ""1"", ""SETP_ALNS_CRUSH_SCAN_RESTART"": ""1"", ""SETP_ALNS_CRUSH_TIMING_LEDGER"": ""1"", ""SETP_ALNS_CRUSH_TRUE_ACCEPTANCE"": ""0"", ""SETP_ALNS_CRUSH_TRUE_REPAIR"": ""1""}",16000,alns_e2_throughput,100.0,2732.803960039656,threeshift,1,,/Volumes/移动硬盘（512G）/ReSETP/baselines/e2_alns/high_tension_separation_probe_stage_a_data/checkpoints/wc100/e2-threeshift-75c-01__alns_e2_throughput__seed1.json,True,7cb71f35c46fbd099747fc0d18c15a95315b746d,wallclock,6,11,151.70750350000162,1,1,16000,105.46610833919516,,True,OK,e2-threeshift-75c-01,2,2.3.5,/opt/anaconda3/bin/python3.13,1,12,900.0,wc100,100kWh same wall-clock,1,75,OK,"{""acceptance"": {""count"": 15936.0, ""seconds"": 0.004043668886879459}, ""checkpoint_model_cost"": {""count"": 1.0, ""seconds"": 0.00018966700008604676}, ""destroy:random_customer_removal"": {""count"": 2658.0, ""seconds"": 0.32429749304355937}, ""destroy:route_segment_removal"": {""count"": 2655.0, ""seconds"": 0.32237466387596214}, ""destroy:shaw_related_removal"": {""count"": 2655.0, ""seconds"": 6.718236518987396}, ""destroy:vehicle_type_swap"": {""count"": 2655.0, ""seconds"": 13.19229645903033}, ""destroy:whole_route_removal"": {""count"": 2655.0, ""seconds"": 0.28137499992590165}, ""destroy:worst_customer_removal"": {""count"": 2658.0, ""seconds"": 0.34855147291818867}, ""final_check"": {""count"": 1.0, ""seconds"": 0.0002467910017003305}, ""full_candidate_score"": {""count"": 15936.0, ""seconds"": 6.85238852195107}, ""history_model_cost"": {""count"": 1.0, ""seconds"": 0.000239792003412731}, ""initial_reference_score"": {""count"": 1.0, ""seconds"": 0.000473000000056345}, ""repair:greedy_insert_repair"": {""count"": 5312.0, ""seconds"": 41.26369202095884}, ""repair:regret2_insert_repair"": {""count"": 5312.0, ""seconds"": 43.08745565205027}, ""repair:regret3_insert_repair"": {""count"": 5312.0, ""seconds"": 42.79355012318774}, ""repair_full_check"": {""count"": 31872.0, ""seconds"": 7.90758706500128}, ""repair_solution_score"": {""count"": 10420.0, ""seconds"": 1.9807432406851149}, ""route_model_cost"": {""count"": 178468.0, ""seconds"": 4.053785688323842}, ""scan_build"": {""count"": 64.0, ""seconds"": 0.048151418999623274}, ""scan_score"": {""count"": 64.0, ""seconds"": 0.030409579991101054}}",0,False,False,0.08333333333333333,,
{},16000,LNS,100.0,4635.703685132771,vanilla,1,,/Volumes/移动硬盘（512G）/ReSETP/baselines/e2_alns/high_tension_separation_probe_stage_a_data/checkpoints/wc100/e2-vanilla-100c-01__LNS__seed1.json,True,7cb71f35c46fbd099747fc0d18c15a95315b746d,wallclock,7,14,537.9431406249987,1,1,16000,29.742920378928364,,True,OK,e2-vanilla-100c-01,2,2.3.5,/opt/anaconda3/bin/python3.13,1,15,900.0,wc100,100kWh same wall-clock,1,100,OK,{},0,False,False,0.06666666666666667,,
"{""SETP_ALNS_CRUSH_ADAPTIVE_Q"": ""1"", ""SETP_ALNS_CRUSH_LOCAL_SEARCH"": ""0"", ""SETP_ALNS_CRUSH_REPAIR_STRUCTURE_CACHE"": ""1"", ""SETP_ALNS_CRUSH_ROUTE_COST_CACHE"": ""1"", ""SETP_ALNS_CRUSH_ROUTE_ELIMINATION"": ""0"", ""SETP_ALNS_CRUSH_SA_ACCEPTANCE"": ""1"", ""SETP_ALNS_CRUSH_SA_MODE"": ""lns_cooling"", ""SETP_ALNS_CRUSH_SCAN_REBUILD"": ""1"", ""SETP_ALNS_CRUSH_SCAN_RESTART"": ""1"", ""SETP_ALNS_CRUSH_TIMING_LEDGER"": ""1"", ""SETP_ALNS_CRUSH_TRUE_ACCEPTANCE"": ""0"", ""SETP_ALNS_CRUSH_TRUE_REPAIR"": ""1""}",16000,alns_e2_throughput,100.0,4635.703685132771,vanilla,1,,/Volumes/移动硬盘（512G）/ReSETP/baselines/e2_alns/high_tension_separation_probe_stage_a_data/checkpoints/wc100/e2-vanilla-100c-01__alns_e2_throughput__seed1.json,True,7cb71f35c46fbd099747fc0d18c15a95315b746d,wallclock,7,14,276.91003433399965,1,1,16000,57.78049913749725,,True,OK,e2-vanilla-100c-01,2,2.3.5,/opt/anaconda3/bin/python3.13,1,15,900.0,wc100,100kWh same wall-clock,1,100,OK,"{""acceptance"": {""count"": 15936.0, ""seconds"": 0.004087571118361666}, ""checkpoint_model_cost"": {""count"": 1.0, ""seconds"": 0.00024337499962712172}, ""destroy:random_customer_removal"": {""count"": 2658.0, ""seconds"": 0.4148149659977207}, ""destroy:route_segment_removal"": {""count"": 2655.0, ""seconds"": 0.4518441149521095}, ""destroy:shaw_related_removal"": {""count"": 2655.0, ""seconds"": 13.892800797088057}, ""destroy:vehicle_type_swap"": {""count"": 2655.0, ""seconds"": 4.0424592859653785}, ""destroy:whole_route_removal"": {""count"": 2655.0, ""seconds"": 0.4018824519826012}, ""destroy:worst_customer_removal"": {""count"": 2658.0, ""seconds"": 0.47212825304086437}, ""final_check"": {""count"": 1.0, ""seconds"": 0.00030941700060793664}, ""full_candidate_score"": {""count"": 15936.0, ""seconds"": 8.908182945082444}, ""history_model_cost"": {""count"": 1.0, ""seconds"": 0.0003313750003144378}, ""initial_reference_score"": {""count"": 1.0, ""seconds"": 0.0006063750006433111}, ""repair:greedy_insert_repair"": {""count"": 5312.0, ""seconds"": 81.68945337112382}, ""repair:regret2_insert_repair"": {""count"": 5312.0, ""seconds"": 86.8629386979901}, ""repair:regret3_insert_repair"": {""count"": 5312.0, ""seconds"": 83.45373380204728}, ""repair_full_check"": {""count"": 31872.0, ""seconds"": 11.194331925111328}, ""repair_solution_score"": {""count"": 4218.0, ""seconds"": 1.0292084471457201}, ""route_model_cost"": {""count"": 540158.0, ""seconds"": 13.111135735780408}, ""scan_build"": {""count"": 64.0, ""seconds"": 0.06285466800363793}, ""scan_score"": {""count"": 64.0, ""seconds"": 0.032491744994331384}}",0,False,False,0.06666666666666667,,
{},16000,LNS,100.0,573.7936728978657,vanilla,1,,/Volumes/移动硬盘（512G）/ReSETP/baselines/e2_alns/high_tension_separation_probe_stage_a_data/checkpoints/wc100/e2-vanilla-10c-01__LNS__seed1.json,True,7cb71f35c46fbd099747fc0d18c15a95315b746d,wallclock,1,2,27.89391704100126,1,1,16000,573.6017632977687,,True,OK,e2-vanilla-10c-01,2,2.3.5,/opt/anaconda3/bin/python3.13,1,3,300.0,wc100,100kWh same wall-clock,1,10,OK,{},0,False,False,0.3333333333333333,,
"{""SETP_ALNS_CRUSH_ADAPTIVE_Q"": ""1"", ""SETP_ALNS_CRUSH_LOCAL_SEARCH"": ""0"", ""SETP_ALNS_CRUSH_REPAIR_STRUCTURE_CACHE"": ""1"", ""SETP_ALNS_CRUSH_ROUTE_COST_CACHE"": ""1"", ""SETP_ALNS_CRUSH_ROUTE_ELIMINATION"": ""0"", ""SETP_ALNS_CRUSH_SA_ACCEPTANCE"": ""1"", ""SETP_ALNS_CRUSH_SA_MODE"": ""lns_cooling"", ""SETP_ALNS_CRUSH_SCAN_REBUILD"": ""1"", ""SETP_ALNS_CRUSH_SCAN_RESTART"": ""1"", ""SETP_ALNS_CRUSH_TIMING_LEDGER"": ""1"", ""SETP_ALNS_CRUSH_TRUE_ACCEPTANCE"": ""0"", ""SETP_ALNS_CRUSH_TRUE_REPAIR"": ""1""}",16000,alns_e2_throughput,100.0,398.0471571718608,vanilla,1,,/Volumes/移动硬盘（512G）/ReSETP/baselines/e2_alns/high_tension_separation_probe_stage_a_data/checkpoints/wc100/e2-vanilla-10c-01__alns_e2_throughput__seed1.json,True,7cb71f35c46fbd099747fc0d18c15a95315b746d,wallclock,1,1,11.35895554200033,1,1,16000,1408.580211520255,,True,OK,e2-vanilla-10c-01,1,2.3.5,/opt/anaconda3/bin/python3.13,1,2,300.0,wc100,100kWh same wall-clock,1,10,OK,"{""acceptance"": {""count"": 15936.0, ""seconds"": 0.01942996499928995}, ""checkpoint_model_cost"": {""count"": 4.0, ""seconds"": 0.00017795799976738635}, ""destroy:random_customer_removal"": {""count"": 1014.0, ""seconds"": 0.033121329062851146}, ""destroy:route_segment_removal"": {""count"": 1014.0, ""seconds"": 0.026282706967322156}, ""destroy:shaw_related_removal"": {""count"": 8698.0, ""seconds"": 0.5018792440114339}, ""destroy:vehicle_type_swap"": {""count"": 1014.0, ""seconds"": 0.13965704498150444}, ""destroy:whole_route_removal"": {""count"": 2237.0, ""seconds"": 0.03967659597219608}, ""destroy:worst_customer_removal"": {""count"": 1959.0, ""seconds"": 0.050308088002566365}, ""final_check"": {""count"": 1.0, ""seconds"": 7.754099897283595e-05}, ""full_candidate_score"": {""count"": 15936.0, ""seconds"": 1.8682534710569598}, ""history_model_cost"": {""count"": 4.0, ""seconds"": 0.00020162500004516914}, ""initial_reference_score"": {""count"": 1.0, ""seconds"": 0.0001575840014993446}, ""local_search"": {""count"": 4905.0, ""seconds"": 0.005313963045409764}, ""repair:greedy_insert_repair"": {""count"": 10657.0, ""seconds"": 5.311855333940912}, ""repair:regret2_insert_repair"": {""count"": 2028.0, ""seconds"": 0.9787119849806913}, ""repair:regret3_insert_repair"": {""count"": 3251.0, ""seconds"": 1.992224340001485}, ""repair_full_check"": {""count"": 17038.0, ""seconds"": 1.4059209309416474}, ""repair_solution_score"": {""count"": 1014.0, ""seconds"": 0.0331566679833486}, ""route_model_cost"": {""count"": 790.0, ""seconds"": 0.01584105903020827}, ""scan_build"": {""count"": 64.0, ""seconds"": 0.0051529549946280895}, ""scan_score"": {""count"": 64.0, ""seconds"": 0.004527373992459616}}",0,False,False,0.5,,
{},16000,LNS,100.0,6015.377586977482,vanilla,1,,/Volumes/移动硬盘（512G）/ReSETP/baselines/e2_alns/high_tension_separation_probe_stage_a_data/checkpoints/wc100/e2-vanilla-150c-01__LNS__seed1.json,True,7cb71f35c46fbd099747fc0d18c15a95315b746d,wallclock,10,20,864.1752858330001,1,1,16000,18.51476229683796,,True,OK,e2-vanilla-150c-01,2,2.3.5,/opt/anaconda3/bin/python3.13,1,21,900.0,wc100,100kWh same wall-clock,1,150,OK,{},0,False,False,0.047619047619047616,,
"{""SETP_ALNS_CRUSH_ADAPTIVE_Q"": ""1"", ""SETP_ALNS_CRUSH_LOCAL_SEARCH"": ""0"", ""SETP_ALNS_CRUSH_REPAIR_STRUCTURE_CACHE"": ""1"", ""SETP_ALNS_CRUSH_ROUTE_COST_CACHE"": ""1"", ""SETP_ALNS_CRUSH_ROUTE_ELIMINATION"": ""0"", ""SETP_ALNS_CRUSH_SA_ACCEPTANCE"": ""1"", ""SETP_ALNS_CRUSH_SA_MODE"": ""lns_cooling"", ""SETP_ALNS_CRUSH_SCAN_REBUILD"": ""1"", ""SETP_ALNS_CRUSH_SCAN_RESTART"": ""1"", ""SETP_ALNS_CRUSH_TIMING_LEDGER"": ""1"", ""SETP_ALNS_CRUSH_TRUE_ACCEPTANCE"": ""0"", ""SETP_ALNS_CRUSH_TRUE_REPAIR"": ""1""}",16000,alns_e2_throughput,100.0,6015.377586977482,vanilla,1,,/Volumes/移动硬盘（512G）/ReSETP/baselines/e2_alns/high_tension_separation_probe_stage_a_data/checkpoints/wc100/e2-vanilla-150c-01__alns_e2_throughput__seed1.json,True,7cb71f35c46fbd099747fc0d18c15a95315b746d,wallclock,10,20,632.2418608750013,1,1,16000,25.306771016168625,,True,OK,e2-vanilla-150c-01,2,2.3.5,/opt/anaconda3/bin/python3.13,1,21,900.0,wc100,100kWh same wall-clock,1,150,OK,"{""acceptance"": {""count"": 15936.0, ""seconds"": 0.0042855670835706405}, ""checkpoint_model_cost"": {""count"": 1.0, ""seconds"": 0.00037391700061562005}, ""destroy:random_customer_removal"": {""count"": 2658.0, ""seconds"": 0.6233445819598273}, ""destroy:route_segment_removal"": {""count"": 2655.0, ""seconds"": 0.731008974938959}, ""destroy:shaw_related_removal"": {""count"": 2655.0, ""seconds"": 37.17853870801446}, ""destroy:vehicle_type_swap"": {""count"": 2655.0, ""seconds"": 6.482239396014847}, ""destroy:whole_route_removal"": {""count"": 2655.0, ""seconds"": 0.6620284410128079}, ""destroy:worst_customer_removal"": {""count"": 2658.0, ""seconds"": 0.7602571409861412}, ""final_check"": {""count"": 1.0, ""seconds"": 0.0004735000002256129}, ""full_candidate_score"": {""count"": 15936.0, ""seconds"": 13.251955897903827}, ""history_model_cost"": {""count"": 1.0, ""seconds"": 0.0004522079998423578}, ""initial_reference_score"": {""count"": 1.0, ""seconds"": 0.0008734160001040436}, ""repair:greedy_insert_repair"": {""count"": 5312.0, ""seconds"": 189.15767547004543}, ""repair:regret2_insert_repair"": {""count"": 5312.0, ""seconds"": 199.96057803495933}, ""repair:regret3_insert_repair"": {""count"": 5312.0, ""seconds"": 189.8271274320232}, ""repair_full_check"": {""count"": 31872.0, ""seconds"": 18.318697527967743}, ""repair_solution_score"": {""count"": 4744.0, ""seconds"": 1.6911716570248245}, ""route_model_cost"": {""count"": 980109.0, ""seconds"": 25.048454492061865}, ""scan_build"": {""count"": 64.0, ""seconds"": 0.10338904200580146}, ""scan_score"": {""count"": 64.0, ""seconds"": 0.04949145300088276}}",0,False,False,0.047619047619047616,,
{},16000,LNS,100.0,642.185285005708,vanilla,0,,/Volumes/移动硬盘（512G）/ReSETP/baselines/e2_alns/high_tension_separation_probe_stage_a_data/checkpoints/wc100/e2-vanilla-15c-01__LNS__seed1.json,True,7cb71f35c46fbd099747fc0d18c15a95315b746d,wallclock,2,2,32.065799375001006,0,0,16000,498.97399446944235,,True,OK,e2-vanilla-15c-01,1,2.3.5,/opt/anaconda3/bin/python3.13,1,2,300.0,wc100,100kWh same wall-clock,1,15,OK,{},0,True,False,0.0,,
"{""SETP_ALNS_CRUSH_ADAPTIVE_Q"": ""1"", ""SETP_ALNS_CRUSH_LOCAL_SEARCH"": ""0"", ""SETP_ALNS_CRUSH_REPAIR_STRUCTURE_CACHE"": ""1"", ""SETP_ALNS_CRUSH_ROUTE_COST_CACHE"": ""1"", ""SETP_ALNS_CRUSH_ROUTE_ELIMINATION"": ""0"", ""SETP_ALNS_CRUSH_SA_ACCEPTANCE"": ""1"", ""SETP_ALNS_CRUSH_SA_MODE"": ""lns_cooling"", ""SETP_ALNS_CRUSH_SCAN_REBUILD"": ""1"", ""SETP_ALNS_CRUSH_SCAN_RESTART"": ""1"", ""SETP_ALNS_CRUSH_TIMING_LEDGER"": ""1"", ""SETP_ALNS_CRUSH_TRUE_ACCEPTANCE"": ""0"", ""SETP_ALNS_CRUSH_TRUE_REPAIR"": ""1""}",16000,alns_e2_throughput,100.0,642.185285005708,vanilla,0,,/Volumes/移动硬盘（512G）/ReSETP/baselines/e2_alns/high_tension_separation_probe_stage_a_data/checkpoints/wc100/e2-vanilla-15c-01__alns_e2_throughput__seed1.json,True,7cb71f35c46fbd099747fc0d18c15a95315b746d,wallclock,2,2,13.149204207998991,0,0,16000,1216.8036747248018,,True,OK,e2-vanilla-15c-01,1,2.3.5,/opt/anaconda3/bin/python3.13,1,2,300.0,wc100,100kWh same wall-clock,1,15,OK,"{""acceptance"": {""count"": 15938.0, ""seconds"": 0.005272378157314961}, ""checkpoint_model_cost"": {""count"": 8.0, ""seconds"": 0.000347376002537203}, ""destroy:random_customer_removal"": {""count"": 10373.0, ""seconds"": 0.3458808351533662}, ""destroy:route_segment_removal"": {""count"": 1113.0, ""seconds"": 0.031204963948766817}, ""destroy:shaw_related_removal"": {""count"": 1113.0, ""seconds"": 0.09890947597159538}, ""destroy:vehicle_type_swap"": {""count"": 1113.0, ""seconds"": 0.09963366704141663}, ""destroy:whole_route_removal"": {""count"": 1113.0, ""seconds"": 0.022269122000579955}, ""destroy:worst_customer_removal"": {""count"": 1113.0, ""seconds"": 0.032682331002433784}, ""final_check"": {""count"": 1.0, ""seconds"": 4.033299956063274e-05}, ""full_candidate_score"": {""count"": 15938.0, ""seconds"": 1.3557237959939812}, ""history_model_cost"": {""count"": 8.0, ""seconds"": 0.0003763330005313037}, ""initial_reference_score"": {""count"": 1.0, ""seconds"": 0.0001218329998664558}, ""local_search"": {""count"": 194.0, ""seconds"": 0.0002982099958899198}, ""repair:greedy_insert_repair"": {""count"": 2226.0, ""seconds"": 1.435297042997263}, ""repair:regret2_insert_repair"": {""count"": 2226.0, ""seconds"": 1.4369910099867411}, ""repair:regret3_insert_repair"": {""count"": 11486.0, ""seconds"": 7.641228667975156}, ""repair_full_check"": {""count"": 17813.0, ""seconds"": 0.9478960089818429}, ""repair_solution_score"": {""count"": 6.0, ""seconds"": 0.00035870699866791256}, ""route_model_cost"": {""count"": 12311.0, ""seconds"": 0.25026136215274164}, ""scan_build"": {""count"": 62.0, ""seconds"": 0.0077026620110700605}, ""scan_score"": {""count"": 62.0, ""seconds"": 0.005918747012401582}}",0,True,False,0.0,,
{},0,LNS,100.0,8714.98386087934,vanilla,1,shared_warm_start,/Volumes/移动硬盘（512G）/ReSETP/baselines/e2_alns/high_tension_separation_probe_stage_a_data/checkpoints/wc100/e2-vanilla-200c-01__LNS__seed1.json,True,7cb71f35c46fbd099747fc0d18c15a95315b746d,wallclock,14,28,915.0121318330002,1,1,16000,0.0,Worker exceeded runtime cap plus hard-timeout grace; returned last readable checkpoint.,True,OK,e2-vanilla-200c-01,2,2.3.5,/opt/anaconda3/bin/python3.13,1,29,900.0,wc100,100kWh same wall-clock,1,200,OK,{},0,False,False,0.034482758620689655,,
{},0,alns_e2_throughput,100.0,8714.98386087934,vanilla,1,shared_warm_start,/Volumes/移动硬盘（512G）/ReSETP/baselines/e2_alns/high_tension_separation_probe_stage_a_data/checkpoints/wc100/e2-vanilla-200c-01__alns_e2_throughput__seed1.json,True,7cb71f35c46fbd099747fc0d18c15a95315b746d,wallclock,14,28,915.0119302500007,1,1,16000,0.0,Worker exceeded runtime cap plus hard-timeout grace; returned last readable checkpoint.,True,OK,e2-vanilla-200c-01,2,2.3.5,/opt/anaconda3/bin/python3.13,1,29,900.0,wc100,100kWh same wall-clock,1,200,OK,{},0,False,False,0.034482758620689655,,
{},16000,LNS,100.0,1155.0731809827587,vanilla,1,,/Volumes/移动硬盘（512G）/ReSETP/baselines/e2_alns/high_tension_separation_probe_stage_a_data/checkpoints/wc100/e2-vanilla-20c-01__LNS__seed1.json,True,7cb71f35c46fbd099747fc0d18c15a95315b746d,wallclock,2,3,105.66694012500011,1,1,16000,151.41916649684933,,True,OK,e2-vanilla-20c-01,2,2.3.5,/opt/anaconda3/bin/python3.13,1,4,300.0,wc100,100kWh same wall-clock,1,20,OK,{},0,False,False,0.25,,
"{""SETP_ALNS_CRUSH_ADAPTIVE_Q"": ""1"", ""SETP_ALNS_CRUSH_LOCAL_SEARCH"": ""0"", ""SETP_ALNS_CRUSH_REPAIR_STRUCTURE_CACHE"": ""1"", ""SETP_ALNS_CRUSH_ROUTE_COST_CACHE"": ""1"", ""SETP_ALNS_CRUSH_ROUTE_ELIMINATION"": ""0"", ""SETP_ALNS_CRUSH_SA_ACCEPTANCE"": ""1"", ""SETP_ALNS_CRUSH_SA_MODE"": ""lns_cooling"", ""SETP_ALNS_CRUSH_SCAN_REBUILD"": ""1"", ""SETP_ALNS_CRUSH_SCAN_RESTART"": ""1"", ""SETP_ALNS_CRUSH_TIMING_LEDGER"": ""1"", ""SETP_ALNS_CRUSH_TRUE_ACCEPTANCE"": ""0"", ""SETP_ALNS_CRUSH_TRUE_REPAIR"": ""1""}",16000,alns_e2_throughput,100.0,1155.0731809827587,vanilla,1,,/Volumes/移动硬盘（512G）/ReSETP/baselines/e2_alns/high_tension_separation_probe_stage_a_data/checkpoints/wc100/e2-vanilla-20c-01__alns_e2_throughput__seed1.json,True,7cb71f35c46fbd099747fc0d18c15a95315b746d,wallclock,2,3,22.97103841599892,1,1,16000,696.5292430513845,,True,OK,e2-vanilla-20c-01,2,2.3.5,/opt/anaconda3/bin/python3.13,1,4,300.0,wc100,100kWh same wall-clock,1,20,OK,"{""acceptance"": {""count"": 15936.0, ""seconds"": 0.0037804549665452214}, ""checkpoint_model_cost"": {""count"": 1.0, ""seconds"": 6.416699943656567e-05}, ""destroy:random_customer_removal"": {""count"": 2658.0, ""seconds"": 0.12287378706969321}, ""destroy:route_segment_removal"": {""count"": 2655.0, ""seconds"": 0.1063828200167336}, ""destroy:shaw_related_removal"": {""count"": 2655.0, ""seconds"": 0.457277498951953}, ""destroy:vehicle_type_swap"": {""count"": 2655.0, ""seconds"": 0.7112285639741458}, ""destroy:whole_route_removal"": {""count"": 2655.0, ""seconds"": 0.08179870597086847}, ""destroy:worst_customer_removal"": {""count"": 2658.0, ""seconds"": 0.11148947500441864}, ""final_check"": {""count"": 1.0, ""seconds"": 8.937500024330802e-05}, ""full_candidate_score"": {""count"": 15936.0, ""seconds"": 2.4344239919719257}, ""history_model_cost"": {""count"": 1.0, ""seconds"": 9.345800026494544e-05}, ""initial_reference_score"": {""count"": 1.0, ""seconds"": 0.00019629199960036203}, ""repair:greedy_insert_repair"": {""count"": 5312.0, ""seconds"": 6.464949560895548}, ""repair:regret2_insert_repair"": {""count"": 5312.0, ""seconds"": 6.404627313040692}, ""repair:regret3_insert_repair"": {""count"": 5312.0, ""seconds"": 6.530153744992276}, ""repair_full_check"": {""count"": 31872.0, ""seconds"": 2.527726539727155}, ""repair_solution_score"": {""count"": 2655.0, ""seconds"": 0.1521968239958369}, ""route_model_cost"": {""count"": 13281.0, ""seconds"": 0.2938150919126201}, ""scan_build"": {""count"": 64.0, ""seconds"": 0.010857042005227413}, ""scan_score"": {""count"": 64.0, ""seconds"": 0.007374414997684653}}",0,False,False,0.25,,
{},16000,LNS,100.0,887.3747488211219,vanilla,1,,/Volumes/移动硬盘（512G）/ReSETP/baselines/e2_alns/high_tension_separation_probe_stage_a_data/checkpoints/wc100/e2-vanilla-25c-01__LNS__seed1.json,True,7cb71f35c46fbd099747fc0d18c15a95315b746d,wallclock,2,3,148.8751589580006,1,1,16000,107.47259725521961,,True,OK,e2-vanilla-25c-01,2,2.3.5,/opt/anaconda3/bin/python3.13,1,4,300.0,wc100,100kWh same wall-clock,1,25,OK,{},0,False,False,0.25,,
"{""SETP_ALNS_CRUSH_ADAPTIVE_Q"": ""1"", ""SETP_ALNS_CRUSH_LOCAL_SEARCH"": ""0"", ""SETP_ALNS_CRUSH_REPAIR_STRUCTURE_CACHE"": ""1"", ""SETP_ALNS_CRUSH_ROUTE_COST_CACHE"": ""1"", ""SETP_ALNS_CRUSH_ROUTE_ELIMINATION"": ""0"", ""SETP_ALNS_CRUSH_SA_ACCEPTANCE"": ""1"", ""SETP_ALNS_CRUSH_SA_MODE"": ""lns_cooling"", ""SETP_ALNS_CRUSH_SCAN_REBUILD"": ""1"", ""SETP_ALNS_CRUSH_SCAN_RESTART"": ""1"", ""SETP_ALNS_CRUSH_TIMING_LEDGER"": ""1"", ""SETP_ALNS_CRUSH_TRUE_ACCEPTANCE"": ""0"", ""SETP_ALNS_CRUSH_TRUE_REPAIR"": ""1""}",16000,alns_e2_throughput,100.0,887.3747488211219,vanilla,1,,/Volumes/移动硬盘（512G）/ReSETP/baselines/e2_alns/high_tension_separation_probe_stage_a_data/checkpoints/wc100/e2-vanilla-25c-01__alns_e2_throughput__seed1.json,True,7cb71f35c46fbd099747fc0d18c15a95315b746d,wallclock,2,3,32.7204201250006,1,1,16000,488.99127636123853,,True,OK,e2-vanilla-25c-01,2,2.3.5,/opt/anaconda3/bin/python3.13,1,4,300.0,wc100,100kWh same wall-clock,1,25,OK,"{""acceptance"": {""count"": 15936.0, ""seconds"": 0.003991266010416439}, ""checkpoint_model_cost"": {""count"": 1.0, ""seconds"": 7.295800060092006e-05}, ""destroy:random_customer_removal"": {""count"": 2658.0, ""seconds"": 0.14407158200810954}, ""destroy:route_segment_removal"": {""count"": 2655.0, ""seconds"": 0.11742011000569619}, ""destroy:shaw_related_removal"": {""count"": 2655.0, ""seconds"": 0.6263345670267881}, ""destroy:vehicle_type_swap"": {""count"": 2655.0, ""seconds"": 2.140126796988625}, ""destroy:whole_route_removal"": {""count"": 2655.0, ""seconds"": 0.09034174106091086}, ""destroy:worst_customer_removal"": {""count"": 2658.0, ""seconds"": 0.13018549598928075}, ""final_check"": {""count"": 1.0, ""seconds"": 9.787499948288314e-05}, ""full_candidate_score"": {""count"": 15936.0, ""seconds"": 2.729926321080711}, ""history_model_cost"": {""count"": 1.0, ""seconds"": 0.00010429200119688176}, ""initial_reference_score"": {""count"": 1.0, ""seconds"": 0.00020700000095530413}, ""repair:greedy_insert_repair"": {""count"": 5312.0, ""seconds"": 9.045998983949175}, ""repair:regret2_insert_repair"": {""count"": 5312.0, ""seconds"": 9.066322442959063}, ""repair:regret3_insert_repair"": {""count"": 5312.0, ""seconds"": 9.184781880030641}, ""repair_full_check"": {""count"": 31872.0, ""seconds"": 2.9742540208244463}, ""repair_solution_score"": {""count"": 5310.0, ""seconds"": 0.3994056200444902}, ""route_model_cost"": {""count"": 28331.0, ""seconds"": 0.6712430110001151}, ""scan_build"": {""count"": 64.0, ""seconds"": 0.014275750001615961}, ""scan_score"": {""count"": 64.0, ""seconds"": 0.008791037002083613}}",0,False,False,0.25,,
{},16000,LNS,100.0,2320.739433561989,vanilla,1,,/Volumes/移动硬盘（512G）/ReSETP/baselines/e2_alns/high_tension_separation_probe_stage_a_data/checkpoints/wc100/e2-vanilla-50c-01__LNS__seed1.json,True,7cb71f35c46fbd099747fc0d18c15a95315b746d,wallclock,4,7,250.56347808400096,1,1,16000,63.856074007066695,,True,OK,e2-vanilla-50c-01,2,2.3.5,/opt/anaconda3/bin/python3.13,1,8,600.0,wc100,100kWh same wall-clock,1,50,OK,{},0,False,False,0.125,,
"{""SETP_ALNS_CRUSH_ADAPTIVE_Q"": ""1"", ""SETP_ALNS_CRUSH_LOCAL_SEARCH"": ""0"", ""SETP_ALNS_CRUSH_REPAIR_STRUCTURE_CACHE"": ""1"", ""SETP_ALNS_CRUSH_ROUTE_COST_CACHE"": ""1"", ""SETP_ALNS_CRUSH_ROUTE_ELIMINATION"": ""0"", ""SETP_ALNS_CRUSH_SA_ACCEPTANCE"": ""1"", ""SETP_ALNS_CRUSH_SA_MODE"": ""lns_cooling"", ""SETP_ALNS_CRUSH_SCAN_REBUILD"": ""1"", ""SETP_ALNS_CRUSH_SCAN_RESTART"": ""1"", ""SETP_ALNS_CRUSH_TIMING_LEDGER"": ""1"", ""SETP_ALNS_CRUSH_TRUE_ACCEPTANCE"": ""0"", ""SETP_ALNS_CRUSH_TRUE_REPAIR"": ""1""}",16000,alns_e2_throughput,100.0,2320.739433561989,vanilla,1,,/Volumes/移动硬盘（512G）/ReSETP/baselines/e2_alns/high_tension_separation_probe_stage_a_data/checkpoints/wc100/e2-vanilla-50c-01__alns_e2_throughput__seed1.json,True,7cb71f35c46fbd099747fc0d18c15a95315b746d,wallclock,4,7,75.94756004200099,1,1,16000,210.67167913164798,,True,OK,e2-vanilla-50c-01,2,2.3.5,/opt/anaconda3/bin/python3.13,1,8,600.0,wc100,100kWh same wall-clock,1,50,OK,"{""acceptance"": {""count"": 15936.0, ""seconds"": 0.004009060037788004}, ""checkpoint_model_cost"": {""count"": 1.0, ""seconds"": 0.0001320000010309741}, ""destroy:random_customer_removal"": {""count"": 2658.0, ""seconds"": 0.22257367807287665}, ""destroy:route_segment_removal"": {""count"": 2655.0, ""seconds"": 0.20843114497074566}, ""destroy:shaw_related_removal"": {""count"": 2655.0, ""seconds"": 2.631765072059352}, ""destroy:vehicle_type_swap"": {""count"": 2655.0, ""seconds"": 3.086466619075509}, ""destroy:whole_route_removal"": {""count"": 2655.0, ""seconds"": 0.1756941260136955}, ""destroy:worst_customer_removal"": {""count"": 2658.0, ""seconds"": 0.22771529205419938}, ""final_check"": {""count"": 1.0, ""seconds"": 0.0001761659987096209}, ""full_candidate_score"": {""count"": 15936.0, ""seconds"": 4.757882286116001}, ""history_model_cost"": {""count"": 1.0, ""seconds"": 0.00017137500071839895}, ""initial_reference_score"": {""count"": 1.0, ""seconds"": 0.00035458399906929117}, ""repair:greedy_insert_repair"": {""count"": 5312.0, ""seconds"": 21.897389495938114}, ""repair:regret2_insert_repair"": {""count"": 5312.0, ""seconds"": 22.382798208956956}, ""repair:regret3_insert_repair"": {""count"": 5312.0, ""seconds"": 22.230627582037414}, ""repair_full_check"": {""count"": 31872.0, ""seconds"": 5.572518081949966}, ""repair_solution_score"": {""count"": 5310.0, ""seconds"": 0.6986793179712549}, ""route_model_cost"": {""count"": 122992.0, ""seconds"": 2.786627225757911}, ""scan_build"": {""count"": 64.0, ""seconds"": 0.027738794999095262}, ""scan_score"": {""count"": 64.0, ""seconds"": 0.016452705989649985}}",0,False,False,0.125,,
{},16000,LNS,100.0,3817.814283649194,vanilla,1,,/Volumes/移动硬盘（512G）/ReSETP/baselines/e2_alns/high_tension_separation_probe_stage_a_data/checkpoints/wc100/e2-vanilla-75c-01__LNS__seed1.json,True,7cb71f35c46fbd099747fc0d18c15a95315b746d,wallclock,6,11,373.45455458299875,1,1,16000,42.843231669421414,,True,OK,e2-vanilla-75c-01,2,2.3.5,/opt/anaconda3/bin/python3.13,1,12,900.0,wc100,100kWh same wall-clock,1,75,OK,{},0,False,False,0.08333333333333333,,
"{""SETP_ALNS_CRUSH_ADAPTIVE_Q"": ""1"", ""SETP_ALNS_CRUSH_LOCAL_SEARCH"": ""0"", ""SETP_ALNS_CRUSH_REPAIR_STRUCTURE_CACHE"": ""1"", ""SETP_ALNS_CRUSH_ROUTE_COST_CACHE"": ""1"", ""SETP_ALNS_CRUSH_ROUTE_ELIMINATION"": ""0"", ""SETP_ALNS_CRUSH_SA_ACCEPTANCE"": ""1"", ""SETP_ALNS_CRUSH_SA_MODE"": ""lns_cooling"", ""SETP_ALNS_CRUSH_SCAN_REBUILD"": ""1"", ""SETP_ALNS_CRUSH_SCAN_RESTART"": ""1"", ""SETP_ALNS_CRUSH_TIMING_LEDGER"": ""1"", ""SETP_ALNS_CRUSH_TRUE_ACCEPTANCE"": ""0"", ""SETP_ALNS_CRUSH_TRUE_REPAIR"": ""1""}",16000,alns_e2_throughput,100.0,3817.814283649194,vanilla,1,,/Volumes/移动硬盘（512G）/ReSETP/baselines/e2_alns/high_tension_separation_probe_stage_a_data/checkpoints/wc100/e2-vanilla-75c-01__alns_e2_throughput__seed1.json,True,7cb71f35c46fbd099747fc0d18c15a95315b746d,wallclock,6,11,156.46528741600014,1,1,16000,102.25910337198435,,True,OK,e2-vanilla-75c-01,2,2.3.5,/opt/anaconda3/bin/python3.13,1,12,900.0,wc100,100kWh same wall-clock,1,75,OK,"{""acceptance"": {""count"": 15936.0, ""seconds"": 0.0043951690386165865}, ""checkpoint_model_cost"": {""count"": 1.0, ""seconds"": 0.00019645800057332963}, ""destroy:random_customer_removal"": {""count"": 2658.0, ""seconds"": 0.3305430169002648}, ""destroy:route_segment_removal"": {""count"": 2655.0, ""seconds"": 0.3299137729991344}, ""destroy:shaw_related_removal"": {""count"": 2655.0, ""seconds"": 6.819993263974538}, ""destroy:vehicle_type_swap"": {""count"": 2655.0, ""seconds"": 2.534218673961732}, ""destroy:whole_route_removal"": {""count"": 2655.0, ""seconds"": 0.2865165899784188}, ""destroy:worst_customer_removal"": {""count"": 2658.0, ""seconds"": 0.3582422320268961}, ""final_check"": {""count"": 1.0, ""seconds"": 0.00023879199943621643}, ""full_candidate_score"": {""count"": 15936.0, ""seconds"": 7.06193396222443}, ""history_model_cost"": {""count"": 1.0, ""seconds"": 0.00025254200045310427}, ""initial_reference_score"": {""count"": 1.0, ""seconds"": 0.0005016670002078172}, ""repair:greedy_insert_repair"": {""count"": 5312.0, ""seconds"": 46.16912796395445}, ""repair:regret2_insert_repair"": {""count"": 5312.0, ""seconds"": 48.3949865829818}, ""repair:regret3_insert_repair"": {""count"": 5312.0, ""seconds"": 47.526455458950295}, ""repair_full_check"": {""count"": 31872.0, ""seconds"": 8.915073279080389}, ""repair_solution_score"": {""count"": 2655.0, ""seconds"": 0.49426071002017125}, ""route_model_cost"": {""count"": 255420.0, ""seconds"": 6.204200546108041}, ""scan_build"": {""count"": 64.0, ""seconds"": 0.045328092002819176}, ""scan_score"": {""count"": 64.0, ""seconds"": 0.02475675299865543}}",0,False,False,0.08333333333333333,,
{},16000,LNS,150.0,3960.9142264324673,multidepot,1,,/Volumes/移动硬盘（512G）/ReSETP/baselines/e2_alns/high_tension_separation_probe_stage_a_data/checkpoints/wc150/e2-multidepot-100c-01__LNS__seed1.json,True,7cb71f35c46fbd099747fc0d18c15a95315b746d,wallclock,7,14,517.2132607500025,1,1,16000,30.935015039635026,,True,OK,e2-multidepot-100c-01,2,2.3.5,/opt/anaconda3/bin/python3.13,1,15,900.0,wc150,150kWh same wall-clock,1,100,OK,{},0,False,False,0.06666666666666667,,
"{""SETP_ALNS_CRUSH_ADAPTIVE_Q"": ""1"", ""SETP_ALNS_CRUSH_LOCAL_SEARCH"": ""0"", ""SETP_ALNS_CRUSH_REPAIR_STRUCTURE_CACHE"": ""1"", ""SETP_ALNS_CRUSH_ROUTE_COST_CACHE"": ""1"", ""SETP_ALNS_CRUSH_ROUTE_ELIMINATION"": ""0"", ""SETP_ALNS_CRUSH_SA_ACCEPTANCE"": ""1"", ""SETP_ALNS_CRUSH_SA_MODE"": ""lns_cooling"", ""SETP_ALNS_CRUSH_SCAN_REBUILD"": ""1"", ""SETP_ALNS_CRUSH_SCAN_RESTART"": ""1"", ""SETP_ALNS_CRUSH_TIMING_LEDGER"": ""1"", ""SETP_ALNS_CRUSH_TRUE_ACCEPTANCE"": ""0"", ""SETP_ALNS_CRUSH_TRUE_REPAIR"": ""1""}",16000,alns_e2_throughput,150.0,3960.9142264324673,multidepot,1,,/Volumes/移动硬盘（512G）/ReSETP/baselines/e2_alns/high_tension_separation_probe_stage_a_data/checkpoints/wc150/e2-multidepot-100c-01__alns_e2_throughput__seed1.json,True,7cb71f35c46fbd099747fc0d18c15a95315b746d,wallclock,7,14,272.6720407920002,1,1,16000,58.678550076225555,,True,OK,e2-multidepot-100c-01,2,2.3.5,/opt/anaconda3/bin/python3.13,1,15,900.0,wc150,150kWh same wall-clock,1,100,OK,"{""acceptance"": {""count"": 15936.0, ""seconds"": 0.004170024978520814}, ""checkpoint_model_cost"": {""count"": 1.0, ""seconds"": 0.0002595410005596932}, ""destroy:random_customer_removal"": {""count"": 2658.0, ""seconds"": 0.414279749878915}, ""destroy:route_segment_removal"": {""count"": 2655.0, ""seconds"": 0.45259939598327037}, ""destroy:shaw_related_removal"": {""count"": 2655.0, ""seconds"": 13.933304325026256}, ""destroy:vehicle_type_swap"": {""count"": 2655.0, ""seconds"": 4.9602508179305005}, ""destroy:whole_route_removal"": {""count"": 2655.0, ""seconds"": 0.40333760382054606}, ""destroy:worst_customer_removal"": {""count"": 2658.0, ""seconds"": 0.47008369796094485}, ""final_check"": {""count"": 1.0, ""seconds"": 0.00030579200029023923}, ""full_candidate_score"": {""count"": 15936.0, ""seconds"": 8.869727826931921}, ""history_model_cost"": {""count"": 1.0, ""seconds"": 0.0003317080008855555}, ""initial_reference_score"": {""count"": 1.0, ""seconds"": 0.000589791001402773}, ""repair:greedy_insert_repair"": {""count"": 5312.0, ""seconds"": 82.38400479192569}, ""repair:regret2_insert_repair"": {""count"": 5312.0, ""seconds"": 82.77158090294688}, ""repair:regret3_insert_repair"": {""count"": 5312.0, ""seconds"": 83.80730317098278}, ""repair_full_check"": {""count"": 31872.0, ""seconds"": 10.587875565033755}, ""repair_solution_score"": {""count"": 5724.0, ""seconds"": 1.3754743190220324}, ""route_model_cost"": {""count"": 631670.0, ""seconds"": 14.82389911204882}, ""scan_build"": {""count"": 64.0, ""seconds"": 0.06414187500922708}, ""scan_score"": {""count"": 64.0, ""seconds"": 0.0324142089993984}}",0,False,False,0.06666666666666667,,
{},16000,LNS,150.0,476.14411336859115,multidepot,1,,/Volumes/移动硬盘（512G）/ReSETP/baselines/e2_alns/high_tension_separation_probe_stage_a_data/checkpoints/wc150/e2-multidepot-10c-01__LNS__seed1.json,True,7cb71f35c46fbd099747fc0d18c15a95315b746d,wallclock,1,2,32.029038209002465,1,1,16000,499.5466893383907,,True,OK,e2-multidepot-10c-01,2,2.3.5,/opt/anaconda3/bin/python3.13,1,3,300.0,wc150,150kWh same wall-clock,1,10,OK,{},0,False,False,0.3333333333333333,,
"{""SETP_ALNS_CRUSH_ADAPTIVE_Q"": ""1"", ""SETP_ALNS_CRUSH_LOCAL_SEARCH"": ""0"", ""SETP_ALNS_CRUSH_REPAIR_STRUCTURE_CACHE"": ""1"", ""SETP_ALNS_CRUSH_ROUTE_COST_CACHE"": ""1"", ""SETP_ALNS_CRUSH_ROUTE_ELIMINATION"": ""0"", ""SETP_ALNS_CRUSH_SA_ACCEPTANCE"": ""1"", ""SETP_ALNS_CRUSH_SA_MODE"": ""lns_cooling"", ""SETP_ALNS_CRUSH_SCAN_REBUILD"": ""1"", ""SETP_ALNS_CRUSH_SCAN_RESTART"": ""1"", ""SETP_ALNS_CRUSH_TIMING_LEDGER"": ""1"", ""SETP_ALNS_CRUSH_TRUE_ACCEPTANCE"": ""0"", ""SETP_ALNS_CRUSH_TRUE_REPAIR"": ""1""}",16000,alns_e2_throughput,150.0,360.2189817754974,multidepot,1,,/Volumes/移动硬盘（512G）/ReSETP/baselines/e2_alns/high_tension_separation_probe_stage_a_data/checkpoints/wc150/e2-multidepot-10c-01__alns_e2_throughput__seed1.json,True,7cb71f35c46fbd099747fc0d18c15a95315b746d,wallclock,1,1,10.382756292001432,1,1,16000,1541.016619288842,,True,OK,e2-multidepot-10c-01,1,2.3.5,/opt/anaconda3/bin/python3.13,1,2,300.0,wc150,150kWh same wall-clock,1,10,OK,"{""acceptance"": {""count"": 15936.0, ""seconds"": 0.013032959122938337}, ""checkpoint_model_cost"": {""count"": 6.0, ""seconds"": 0.00023766799859004095}, ""destroy:random_customer_removal"": {""count"": 942.0, ""seconds"": 0.03236118102722685}, ""destroy:route_segment_removal"": {""count"": 10516.0, ""seconds"": 0.2650792530257604}, ""destroy:shaw_related_removal"": {""count"": 942.0, ""seconds"": 0.05758800598050584}, ""destroy:vehicle_type_swap"": {""count"": 942.0, ""seconds"": 0.38511153591025504}, ""destroy:whole_route_removal"": {""count"": 1652.0, ""seconds"": 0.028961801992409164}, ""destroy:worst_customer_removal"": {""count"": 942.0, ""seconds"": 0.024001866007893113}, ""final_check"": {""count"": 1.0, ""seconds"": 8.658300066599622e-05}, ""full_candidate_score"": {""count"": 15936.0, ""seconds"": 2.046491738190525}, ""history_model_cost"": {""count"": 6.0, ""seconds"": 0.0002756670073722489}, ""initial_reference_score"": {""count"": 1.0, ""seconds"": 0.00015587500092806295}, ""local_search"": {""count"": 2788.0, ""seconds"": 0.002926107965322444}, ""repair:greedy_insert_repair"": {""count"": 11458.0, ""seconds"": 4.732084437069716}, ""repair:regret2_insert_repair"": {""count"": 2519.0, ""seconds"": 1.5875569211166294}, ""repair:regret3_insert_repair"": {""count"": 1959.0, ""seconds"": 1.043522307958483}, ""repair_full_check"": {""count"": 16975.0, ""seconds"": 1.5500201272734557}, ""repair_solution_score"": {""count"": 1881.0, ""seconds"": 0.07724820204384741}, ""route_model_cost"": {""count"": 866.0, ""seconds"": 0.018090920006216038}, ""scan_build"": {""count"": 64.0, ""seconds"": 0.005395291998866014}, ""scan_score"": {""count"": 64.0, ""seconds"": 0.004652418003388448}}",0,False,False,0.5,,
{},16000,LNS,150.0,5488.782859056312,multidepot,1,,/Volumes/移动硬盘（512G）/ReSETP/baselines/e2_alns/high_tension_separation_probe_stage_a_data/checkpoints/wc150/e2-multidepot-150c-01__LNS__seed1.json,True,7cb71f35c46fbd099747fc0d18c15a95315b746d,wallclock,10,21,846.5281050000012,1,1,16000,18.90073100408164,,True,OK,e2-multidepot-150c-01,3,2.3.5,/opt/anaconda3/bin/python3.13,1,22,900.0,wc150,150kWh same wall-clock,1,150,OK,{},0,False,False,0.045454545454545456,,
"{""SETP_ALNS_CRUSH_ADAPTIVE_Q"": ""1"", ""SETP_ALNS_CRUSH_LOCAL_SEARCH"": ""0"", ""SETP_ALNS_CRUSH_REPAIR_STRUCTURE_CACHE"": ""1"", ""SETP_ALNS_CRUSH_ROUTE_COST_CACHE"": ""1"", ""SETP_ALNS_CRUSH_ROUTE_ELIMINATION"": ""0"", ""SETP_ALNS_CRUSH_SA_ACCEPTANCE"": ""1"", ""SETP_ALNS_CRUSH_SA_MODE"": ""lns_cooling"", ""SETP_ALNS_CRUSH_SCAN_REBUILD"": ""1"", ""SETP_ALNS_CRUSH_SCAN_RESTART"": ""1"", ""SETP_ALNS_CRUSH_TIMING_LEDGER"": ""1"", ""SETP_ALNS_CRUSH_TRUE_ACCEPTANCE"": ""0"", ""SETP_ALNS_CRUSH_TRUE_REPAIR"": ""1""}",16000,alns_e2_throughput,150.0,5488.782859056312,multidepot,1,,/Volumes/移动硬盘（512G）/ReSETP/baselines/e2_alns/high_tension_separation_probe_stage_a_data/checkpoints/wc150/e2-multidepot-150c-01__alns_e2_throughput__seed1.json,True,7cb71f35c46fbd099747fc0d18c15a95315b746d,wallclock,10,21,639.2599238750008,1,1,16000,25.028942692063076,,True,OK,e2-multidepot-150c-01,3,2.3.5,/opt/anaconda3/bin/python3.13,1,22,900.0,wc150,150kWh same wall-clock,1,150,OK,"{""acceptance"": {""count"": 15936.0, ""seconds"": 0.004309761887270724}, ""checkpoint_model_cost"": {""count"": 1.0, ""seconds"": 0.0003642919982667081}, ""destroy:random_customer_removal"": {""count"": 2658.0, ""seconds"": 0.641894201944524}, ""destroy:route_segment_removal"": {""count"": 2655.0, ""seconds"": 0.759406284083525}, ""destroy:shaw_related_removal"": {""count"": 2655.0, ""seconds"": 38.63690757890072}, ""destroy:vehicle_type_swap"": {""count"": 2655.0, ""seconds"": 5.834823624103592}, ""destroy:whole_route_removal"": {""count"": 2655.0, ""seconds"": 0.6908482149483461}, ""destroy:worst_customer_removal"": {""count"": 2658.0, ""seconds"": 0.770648542096751}, ""final_check"": {""count"": 1.0, ""seconds"": 0.0005737499996030238}, ""full_candidate_score"": {""count"": 15936.0, ""seconds"": 13.454175044065778}, ""history_model_cost"": {""count"": 1.0, ""seconds"": 0.00044604099821299314}, ""initial_reference_score"": {""count"": 1.0, ""seconds"": 0.000890292001713533}, ""repair:greedy_insert_repair"": {""count"": 5312.0, ""seconds"": 188.72684475698406}, ""repair:regret2_insert_repair"": {""count"": 5312.0, ""seconds"": 198.03140393326248}, ""repair:regret3_insert_repair"": {""count"": 5312.0, ""seconds"": 200.0611447279698}, ""repair_full_check"": {""count"": 31872.0, ""seconds"": 17.46462334021271}, ""repair_solution_score"": {""count"": 4645.0, ""seconds"": 1.673056285988423}, ""route_model_cost"": {""count"": 1314460.0, ""seconds"": 32.80813883741939}, ""scan_build"": {""count"": 64.0, ""seconds"": 0.10469233299954794}, ""scan_score"": {""count"": 64.0, ""seconds"": 0.0490836649951234}}",0,False,False,0.045454545454545456,,
{},16000,LNS,150.0,621.371321439464,multidepot,0,,/Volumes/移动硬盘（512G）/ReSETP/baselines/e2_alns/high_tension_separation_probe_stage_a_data/checkpoints/wc150/e2-multidepot-15c-01__LNS__seed1.json,True,7cb71f35c46fbd099747fc0d18c15a95315b746d,wallclock,2,2,31.863913042001514,0,0,16000,502.13544014225596,,True,OK,e2-multidepot-15c-01,1,2.3.5,/opt/anaconda3/bin/python3.13,1,2,300.0,wc150,150kWh same wall-clock,1,15,OK,{},0,True,False,0.0,,
"{""SETP_ALNS_CRUSH_ADAPTIVE_Q"": ""1"", ""SETP_ALNS_CRUSH_LOCAL_SEARCH"": ""0"", ""SETP_ALNS_CRUSH_REPAIR_STRUCTURE_CACHE"": ""1"", ""SETP_ALNS_CRUSH_ROUTE_COST_CACHE"": ""1"", ""SETP_ALNS_CRUSH_ROUTE_ELIMINATION"": ""0"", ""SETP_ALNS_CRUSH_SA_ACCEPTANCE"": ""1"", ""SETP_ALNS_CRUSH_SA_MODE"": ""lns_cooling"", ""SETP_ALNS_CRUSH_SCAN_REBUILD"": ""1"", ""SETP_ALNS_CRUSH_SCAN_RESTART"": ""1"", ""SETP_ALNS_CRUSH_TIMING_LEDGER"": ""1"", ""SETP_ALNS_CRUSH_TRUE_ACCEPTANCE"": ""0"", ""SETP_ALNS_CRUSH_TRUE_REPAIR"": ""1""}",16000,alns_e2_throughput,150.0,621.371321439464,multidepot,0,,/Volumes/移动硬盘（512G）/ReSETP/baselines/e2_alns/high_tension_separation_probe_stage_a_data/checkpoints/wc150/e2-multidepot-15c-01__alns_e2_throughput__seed1.json,True,7cb71f35c46fbd099747fc0d18c15a95315b746d,wallclock,2,2,13.806859874999645,0,0,16000,1158.8442372020822,,True,OK,e2-multidepot-15c-01,1,2.3.5,/opt/anaconda3/bin/python3.13,1,2,300.0,wc150,150kWh same wall-clock,1,15,OK,"{""acceptance"": {""count"": 15936.0, ""seconds"": 0.005093236119137146}, ""checkpoint_model_cost"": {""count"": 2.0, ""seconds"": 9.004200182971545e-05}, ""destroy:random_customer_removal"": {""count"": 2180.0, ""seconds"": 0.07262808089217287}, ""destroy:route_segment_removal"": {""count"": 2319.0, ""seconds"": 0.0636819220817415}, ""destroy:shaw_related_removal"": {""count"": 6284.0, ""seconds"": 0.5447357838966127}, ""destroy:vehicle_type_swap"": {""count"": 1449.0, ""seconds"": 0.12776322397621698}, ""destroy:whole_route_removal"": {""count"": 2255.0, ""seconds"": 0.04285190806695027}, ""destroy:worst_customer_removal"": {""count"": 1449.0, ""seconds"": 0.04124369703276898}, ""final_check"": {""count"": 1.0, ""seconds"": 4.1375002183485776e-05}, ""full_candidate_score"": {""count"": 15936.0, ""seconds"": 1.3312448648284771}, ""history_model_cost"": {""count"": 2.0, ""seconds"": 0.00010875000225496478}, ""initial_reference_score"": {""count"": 1.0, ""seconds"": 0.0001271660003112629}, ""local_search"": {""count"": 376.0, ""seconds"": 0.00044920297295902856}, ""repair:greedy_insert_repair"": {""count"": 3627.0, ""seconds"": 2.570232508915069}, ""repair:regret2_insert_repair"": {""count"": 3769.0, ""seconds"": 2.2355968221017974}, ""repair:regret3_insert_repair"": {""count"": 8540.0, ""seconds"": 6.280777972067881}, ""repair_full_check"": {""count"": 19822.0, ""seconds"": 1.3125641033220745}, ""route_model_cost"": {""count"": 3481.0, ""seconds"": 0.06964954197974293}, ""scan_build"": {""count"": 64.0, ""seconds"": 0.008363955010281643}, ""scan_score"": {""count"": 64.0, ""seconds"": 0.006573960981768323}}",0,True,False,0.0,,
{},11206,LNS,150.0,6608.239546640648,multidepot,1,,/Volumes/移动硬盘（512G）/ReSETP/baselines/e2_alns/high_tension_separation_probe_stage_a_data/checkpoints/wc150/e2-multidepot-200c-01__LNS__seed1.json,True,7cb71f35c46fbd099747fc0d18c15a95315b746d,wallclock,14,28,905.6843462079996,1,1,16000,12.37296420868737,,True,OK,e2-multidepot-200c-01,2,2.3.5,/opt/anaconda3/bin/python3.13,1,29,900.0,wc150,150kWh same wall-clock,1,200,OK,{},0,False,False,0.034482758620689655,,
"{""SETP_ALNS_CRUSH_ADAPTIVE_Q"": ""1"", ""SETP_ALNS_CRUSH_LOCAL_SEARCH"": ""0"", ""SETP_ALNS_CRUSH_REPAIR_STRUCTURE_CACHE"": ""1"", ""SETP_ALNS_CRUSH_ROUTE_COST_CACHE"": ""1"", ""SETP_ALNS_CRUSH_ROUTE_ELIMINATION"": ""0"", ""SETP_ALNS_CRUSH_SA_ACCEPTANCE"": ""1"", ""SETP_ALNS_CRUSH_SA_MODE"": ""lns_cooling"", ""SETP_ALNS_CRUSH_SCAN_REBUILD"": ""1"", ""SETP_ALNS_CRUSH_SCAN_RESTART"": ""1"", ""SETP_ALNS_CRUSH_TIMING_LEDGER"": ""1"", ""SETP_ALNS_CRUSH_TRUE_ACCEPTANCE"": ""0"", ""SETP_ALNS_CRUSH_TRUE_REPAIR"": ""1""}",8376,alns_e2_throughput,150.0,6608.239546640648,multidepot,1,,/Volumes/移动硬盘（512G）/ReSETP/baselines/e2_alns/high_tension_separation_probe_stage_a_data/checkpoints/wc150/e2-multidepot-200c-01__alns_e2_throughput__seed1.json,True,7cb71f35c46fbd099747fc0d18c15a95315b746d,wallclock,14,28,907.3207169999987,1,1,16000,9.231575828770602,,True,OK,e2-multidepot-200c-01,2,2.3.5,/opt/anaconda3/bin/python3.13,1,29,900.0,wc150,150kWh same wall-clock,1,200,OK,"{""acceptance"": {""count"": 8342.0, ""seconds"": 0.0022540971731359605}, ""checkpoint_model_cost"": {""count"": 1.0, ""seconds"": 0.0004751659980684053}, ""destroy:random_customer_removal"": {""count"": 1392.0, ""seconds"": 0.49380078697868157}, ""destroy:route_segment_removal"": {""count"": 1389.0, ""seconds"": 0.6261400270195736}, ""destroy:shaw_related_removal"": {""count"": 1391.0, ""seconds"": 46.74812978505361}, ""destroy:vehicle_type_swap"": {""count"": 1389.0, ""seconds"": 5.365093521013478}, ""destroy:whole_route_removal"": {""count"": 1389.0, ""seconds"": 0.5815120769693749}, ""destroy:worst_customer_removal"": {""count"": 1392.0, ""seconds"": 0.5969308661078685}, ""final_check"": {""count"": 1.0, ""seconds"": 0.000664791001327103}, ""full_candidate_score"": {""count"": 8342.0, ""seconds"": 9.618596888110915}, ""history_model_cost"": {""count"": 1.0, ""seconds"": 0.000563292000151705}, ""initial_reference_score"": {""count"": 1.0, ""seconds"": 0.001225915999384597}, ""repair:greedy_insert_repair"": {""count"": 2781.0, ""seconds"": 276.0111479239604}, ""repair:regret2_insert_repair"": {""count"": 2781.0, ""seconds"": 292.8165950561197}, ""repair:regret3_insert_repair"": {""count"": 2780.0, ""seconds"": 275.89832964411835}, ""repair_full_check"": {""count"": 16684.0, ""seconds"": 13.197862523240474}, ""repair_solution_score"": {""count"": 3355.0, ""seconds"": 1.5906113410819671}, ""route_model_cost"": {""count"": 1643914.0, ""seconds"": 42.75113490657532}, ""scan_build"": {""count"": 34.0, ""seconds"": 0.08423429500180646}, ""scan_score"": {""count"": 34.0, ""seconds"": 0.03705245799937984}}",0,False,False,0.034482758620689655,,
{},16000,LNS,150.0,1130.7005298293218,multidepot,1,,/Volumes/移动硬盘（512G）/ReSETP/baselines/e2_alns/high_tension_separation_probe_stage_a_data/checkpoints/wc150/e2-multidepot-20c-01__LNS__seed1.json,True,7cb71f35c46fbd099747fc0d18c15a95315b746d,wallclock,2,4,88.59670745800031,1,1,16000,180.59361864643645,,True,OK,e2-multidepot-20c-01,2,2.3.5,/opt/anaconda3/bin/python3.13,1,5,300.0,wc150,150kWh same wall-clock,1,20,OK,{},0,False,False,0.2,,
"{""SETP_ALNS_CRUSH_ADAPTIVE_Q"": ""1"", ""SETP_ALNS_CRUSH_LOCAL_SEARCH"": ""0"", ""SETP_ALNS_CRUSH_REPAIR_STRUCTURE_CACHE"": ""1"", ""SETP_ALNS_CRUSH_ROUTE_COST_CACHE"": ""1"", ""SETP_ALNS_CRUSH_ROUTE_ELIMINATION"": ""0"", ""SETP_ALNS_CRUSH_SA_ACCEPTANCE"": ""1"", ""SETP_ALNS_CRUSH_SA_MODE"": ""lns_cooling"", ""SETP_ALNS_CRUSH_SCAN_REBUILD"": ""1"", ""SETP_ALNS_CRUSH_SCAN_RESTART"": ""1"", ""SETP_ALNS_CRUSH_TIMING_LEDGER"": ""1"", ""SETP_ALNS_CRUSH_TRUE_ACCEPTANCE"": ""0"", ""SETP_ALNS_CRUSH_TRUE_REPAIR"": ""1""}",16000,alns_e2_throughput,150.0,1130.7005298293218,multidepot,1,,/Volumes/移动硬盘（512G）/ReSETP/baselines/e2_alns/high_tension_separation_probe_stage_a_data/checkpoints/wc150/e2-multidepot-20c-01__alns_e2_throughput__seed1.json,True,7cb71f35c46fbd099747fc0d18c15a95315b746d,wallclock,2,4,23.838859625000623,1,1,16000,671.1730448389509,,True,OK,e2-multidepot-20c-01,2,2.3.5,/opt/anaconda3/bin/python3.13,1,5,300.0,wc150,150kWh same wall-clock,1,20,OK,"{""acceptance"": {""count"": 15936.0, ""seconds"": 0.0038032141419535037}, ""checkpoint_model_cost"": {""count"": 1.0, ""seconds"": 6.795800072723068e-05}, ""destroy:random_customer_removal"": {""count"": 2658.0, ""seconds"": 0.13761463798073237}, ""destroy:route_segment_removal"": {""count"": 2655.0, ""seconds"": 0.11882078008056851}, ""destroy:shaw_related_removal"": {""count"": 2655.0, ""seconds"": 0.5221966880490072}, ""destroy:vehicle_type_swap"": {""count"": 2655.0, ""seconds"": 1.498594776072423}, ""destroy:whole_route_removal"": {""count"": 2655.0, ""seconds"": 0.09390295906632673}, ""destroy:worst_customer_removal"": {""count"": 2658.0, ""seconds"": 0.12296092997712549}, ""final_check"": {""count"": 1.0, ""seconds"": 9.624999802326784e-05}, ""full_candidate_score"": {""count"": 15936.0, ""seconds"": 2.5656182558341243}, ""history_model_cost"": {""count"": 1.0, ""seconds"": 9.59999997576233e-05}, ""initial_reference_score"": {""count"": 1.0, ""seconds"": 0.00021391600239439867}, ""repair:greedy_insert_repair"": {""count"": 5312.0, ""seconds"": 6.405676708051033}, ""repair:regret2_insert_repair"": {""count"": 5312.0, ""seconds"": 6.34900635680242}, ""repair:regret3_insert_repair"": {""count"": 5312.0, ""seconds"": 6.588643158036575}, ""repair_full_check"": {""count"": 31872.0, ""seconds"": 2.564788627842063}, ""repair_solution_score"": {""count"": 5310.0, ""seconds"": 0.3446791159331042}, ""route_model_cost"": {""count"": 9852.0, ""seconds"": 0.19434265100426273}, ""scan_build"": {""count"": 64.0, ""seconds"": 0.010739037024904974}, ""scan_score"": {""count"": 64.0, ""seconds"": 0.007814083008270245}}",0,False,False,0.2,,
{},16000,LNS,150.0,828.678306576153,multidepot,1,,/Volumes/移动硬盘（512G）/ReSETP/baselines/e2_alns/high_tension_separation_probe_stage_a_data/checkpoints/wc150/e2-multidepot-25c-01__LNS__seed1.json,True,7cb71f35c46fbd099747fc0d18c15a95315b746d,wallclock,2,4,134.88071483300155,1,1,16000,118.62333336392763,,True,OK,e2-multidepot-25c-01,2,2.3.5,/opt/anaconda3/bin/python3.13,1,5,300.0,wc150,150kWh same wall-clock,1,25,OK,{},0,False,False,0.2,,
"{""SETP_ALNS_CRUSH_ADAPTIVE_Q"": ""1"", ""SETP_ALNS_CRUSH_LOCAL_SEARCH"": ""0"", ""SETP_ALNS_CRUSH_REPAIR_STRUCTURE_CACHE"": ""1"", ""SETP_ALNS_CRUSH_ROUTE_COST_CACHE"": ""1"", ""SETP_ALNS_CRUSH_ROUTE_ELIMINATION"": ""0"", ""SETP_ALNS_CRUSH_SA_ACCEPTANCE"": ""1"", ""SETP_ALNS_CRUSH_SA_MODE"": ""lns_cooling"", ""SETP_ALNS_CRUSH_SCAN_REBUILD"": ""1"", ""SETP_ALNS_CRUSH_SCAN_RESTART"": ""1"", ""SETP_ALNS_CRUSH_TIMING_LEDGER"": ""1"", ""SETP_ALNS_CRUSH_TRUE_ACCEPTANCE"": ""0"", ""SETP_ALNS_CRUSH_TRUE_REPAIR"": ""1""}",16000,alns_e2_throughput,150.0,828.678306576153,multidepot,1,,/Volumes/移动硬盘（512G）/ReSETP/baselines/e2_alns/high_tension_separation_probe_stage_a_data/checkpoints/wc150/e2-multidepot-25c-01__alns_e2_throughput__seed1.json,True,7cb71f35c46fbd099747fc0d18c15a95315b746d,wallclock,2,4,32.679047666999395,1,1,16000,489.61035104329056,,True,OK,e2-multidepot-25c-01,2,2.3.5,/opt/anaconda3/bin/python3.13,1,5,300.0,wc150,150kWh same wall-clock,1,25,OK,"{""acceptance"": {""count"": 15936.0, ""seconds"": 0.0038922447129152715}, ""checkpoint_model_cost"": {""count"": 1.0, ""seconds"": 7.750000077066943e-05}, ""destroy:random_customer_removal"": {""count"": 2658.0, ""seconds"": 0.14432987401960418}, ""destroy:route_segment_removal"": {""count"": 2655.0, ""seconds"": 0.12626520494086435}, ""destroy:shaw_related_removal"": {""count"": 2655.0, ""seconds"": 0.6939176868909271}, ""destroy:vehicle_type_swap"": {""count"": 2655.0, ""seconds"": 2.3919690589391394}, ""destroy:whole_route_removal"": {""count"": 2655.0, ""seconds"": 0.1002636239209096}, ""destroy:worst_customer_removal"": {""count"": 2658.0, ""seconds"": 0.13597835397013114}, ""final_check"": {""count"": 1.0, ""seconds"": 0.0001042910007527098}, ""full_candidate_score"": {""count"": 15936.0, ""seconds"": 2.8274309041007655}, ""history_model_cost"": {""count"": 1.0, ""seconds"": 0.00010737499906099401}, ""initial_reference_score"": {""count"": 1.0, ""seconds"": 0.00021970899979351088}, ""repair:greedy_insert_repair"": {""count"": 5312.0, ""seconds"": 9.136489285945572}, ""repair:regret2_insert_repair"": {""count"": 5312.0, ""seconds"": 8.893668802160391}, ""repair:regret3_insert_repair"": {""count"": 5312.0, ""seconds"": 9.046069035954133}, ""repair_full_check"": {""count"": 31872.0, ""seconds"": 2.8750464643781015}, ""repair_solution_score"": {""count"": 7965.0, ""seconds"": 0.5739344069806975}, ""route_model_cost"": {""count"": 21848.0, ""seconds"": 0.4892083331105823}, ""scan_build"": {""count"": 64.0, ""seconds"": 0.01363100399976247}, ""scan_score"": {""count"": 64.0, ""seconds"": 0.009006667012727121}}",0,False,False,0.2,,
{},16000,LNS,150.0,2020.688951370618,multidepot,1,,/Volumes/移动硬盘（512G）/ReSETP/baselines/e2_alns/high_tension_separation_probe_stage_a_data/checkpoints/wc150/e2-multidepot-50c-01__LNS__seed1.json,True,7cb71f35c46fbd099747fc0d18c15a95315b746d,wallclock,4,8,240.39315237499977,1,1,16000,66.55763628009213,,True,OK,e2-multidepot-50c-01,2,2.3.5,/opt/anaconda3/bin/python3.13,1,9,600.0,wc150,150kWh same wall-clock,1,50,OK,{},0,False,False,0.1111111111111111,,
"{""SETP_ALNS_CRUSH_ADAPTIVE_Q"": ""1"", ""SETP_ALNS_CRUSH_LOCAL_SEARCH"": ""0"", ""SETP_ALNS_CRUSH_REPAIR_STRUCTURE_CACHE"": ""1"", ""SETP_ALNS_CRUSH_ROUTE_COST_CACHE"": ""1"", ""SETP_ALNS_CRUSH_ROUTE_ELIMINATION"": ""0"", ""SETP_ALNS_CRUSH_SA_ACCEPTANCE"": ""1"", ""SETP_ALNS_CRUSH_SA_MODE"": ""lns_cooling"", ""SETP_ALNS_CRUSH_SCAN_REBUILD"": ""1"", ""SETP_ALNS_CRUSH_SCAN_RESTART"": ""1"", ""SETP_ALNS_CRUSH_TIMING_LEDGER"": ""1"", ""SETP_ALNS_CRUSH_TRUE_ACCEPTANCE"": ""0"", ""SETP_ALNS_CRUSH_TRUE_REPAIR"": ""1""}",16000,alns_e2_throughput,150.0,2020.688951370618,multidepot,1,,/Volumes/移动硬盘（512G）/ReSETP/baselines/e2_alns/high_tension_separation_probe_stage_a_data/checkpoints/wc150/e2-multidepot-50c-01__alns_e2_throughput__seed1.json,True,7cb71f35c46fbd099747fc0d18c15a95315b746d,wallclock,4,8,79.70118954099962,1,1,16000,200.74982684881175,,True,OK,e2-multidepot-50c-01,2,2.3.5,/opt/anaconda3/bin/python3.13,1,9,600.0,wc150,150kWh same wall-clock,1,50,OK,"{""acceptance"": {""count"": 15936.0, ""seconds"": 0.004135750044952147}, ""checkpoint_model_cost"": {""count"": 1.0, ""seconds"": 0.0001336249988526106}, ""destroy:random_customer_removal"": {""count"": 2658.0, ""seconds"": 0.2373944619030226}, ""destroy:route_segment_removal"": {""count"": 2655.0, ""seconds"": 0.22632829593203496}, ""destroy:shaw_related_removal"": {""count"": 2655.0, ""seconds"": 2.887765671883244}, ""destroy:vehicle_type_swap"": {""count"": 2655.0, ""seconds"": 5.3325564749357}, ""destroy:whole_route_removal"": {""count"": 2655.0, ""seconds"": 0.1927703659494}, ""destroy:worst_customer_removal"": {""count"": 2658.0, ""seconds"": 0.23863247202098137}, ""final_check"": {""count"": 1.0, ""seconds"": 0.0001710840006126091}, ""full_candidate_score"": {""count"": 15936.0, ""seconds"": 4.855994655044924}, ""history_model_cost"": {""count"": 1.0, ""seconds"": 0.00017529199976706877}, ""initial_reference_score"": {""count"": 1.0, ""seconds"": 0.00036212499981047586}, ""repair:greedy_insert_repair"": {""count"": 5312.0, ""seconds"": 22.254420581924933}, ""repair:regret2_insert_repair"": {""count"": 5312.0, ""seconds"": 22.374535690843913}, ""repair:regret3_insert_repair"": {""count"": 5312.0, ""seconds"": 23.13711262495417}, ""repair_full_check"": {""count"": 31872.0, ""seconds"": 5.38136154771928}, ""repair_solution_score"": {""count"": 10620.0, ""seconds"": 1.383721084199351}, ""route_model_cost"": {""count"": 143678.0, ""seconds"": 3.1674945705708524}, ""scan_build"": {""count"": 64.0, ""seconds"": 0.027802542008430464}, ""scan_score"": {""count"": 64.0, ""seconds"": 0.016628164004941937}}",0,False,False,0.1111111111111111,,
{},16000,LNS,150.0,3062.7977925322516,multidepot,1,,/Volumes/移动硬盘（512G）/ReSETP/baselines/e2_alns/high_tension_separation_probe_stage_a_data/checkpoints/wc150/e2-multidepot-75c-01__LNS__seed1.json,True,7cb71f35c46fbd099747fc0d18c15a95315b746d,wallclock,6,12,361.81965420800043,1,1,16000,44.22092557415919,,True,OK,e2-multidepot-75c-01,2,2.3.5,/opt/anaconda3/bin/python3.13,1,13,900.0,wc150,150kWh same wall-clock,1,75,OK,{},0,False,False,0.07692307692307693,,
"{""SETP_ALNS_CRUSH_ADAPTIVE_Q"": ""1"", ""SETP_ALNS_CRUSH_LOCAL_SEARCH"": ""0"", ""SETP_ALNS_CRUSH_REPAIR_STRUCTURE_CACHE"": ""1"", ""SETP_ALNS_CRUSH_ROUTE_COST_CACHE"": ""1"", ""SETP_ALNS_CRUSH_ROUTE_ELIMINATION"": ""0"", ""SETP_ALNS_CRUSH_SA_ACCEPTANCE"": ""1"", ""SETP_ALNS_CRUSH_SA_MODE"": ""lns_cooling"", ""SETP_ALNS_CRUSH_SCAN_REBUILD"": ""1"", ""SETP_ALNS_CRUSH_SCAN_RESTART"": ""1"", ""SETP_ALNS_CRUSH_TIMING_LEDGER"": ""1"", ""SETP_ALNS_CRUSH_TRUE_ACCEPTANCE"": ""0"", ""SETP_ALNS_CRUSH_TRUE_REPAIR"": ""1""}",16000,alns_e2_throughput,150.0,3062.7977925322516,multidepot,1,,/Volumes/移动硬盘（512G）/ReSETP/baselines/e2_alns/high_tension_separation_probe_stage_a_data/checkpoints/wc150/e2-multidepot-75c-01__alns_e2_throughput__seed1.json,True,7cb71f35c46fbd099747fc0d18c15a95315b746d,wallclock,6,12,153.5119344170016,1,1,16000,104.2264242240438,,True,OK,e2-multidepot-75c-01,2,2.3.5,/opt/anaconda3/bin/python3.13,1,13,900.0,wc150,150kWh same wall-clock,1,75,OK,"{""acceptance"": {""count"": 15936.0, ""seconds"": 0.004009376236354001}, ""checkpoint_model_cost"": {""count"": 1.0, ""seconds"": 0.0002797089982777834}, ""destroy:random_customer_removal"": {""count"": 2658.0, ""seconds"": 0.32248702099605}, ""destroy:route_segment_removal"": {""count"": 2655.0, ""seconds"": 0.3374992879398633}, ""destroy:shaw_related_removal"": {""count"": 2655.0, ""seconds"": 7.105815842896845}, ""destroy:vehicle_type_swap"": {""count"": 2655.0, ""seconds"": 4.186092826152162}, ""destroy:whole_route_removal"": {""count"": 2655.0, ""seconds"": 0.29605649299628567}, ""destroy:worst_customer_removal"": {""count"": 2658.0, ""seconds"": 0.35769612800504547}, ""final_check"": {""count"": 1.0, ""seconds"": 0.00024083400057861581}, ""full_candidate_score"": {""count"": 15936.0, ""seconds"": 6.972373390894063}, ""history_model_cost"": {""count"": 1.0, ""seconds"": 0.00024108400248223916}, ""initial_reference_score"": {""count"": 1.0, ""seconds"": 0.0004727499981527217}, ""repair:greedy_insert_repair"": {""count"": 5312.0, ""seconds"": 45.022252206916164}, ""repair:regret2_insert_repair"": {""count"": 5312.0, ""seconds"": 46.26891429585157}, ""repair:regret3_insert_repair"": {""count"": 5312.0, ""seconds"": 46.73144264705115}, ""repair_full_check"": {""count"": 31872.0, ""seconds"": 8.287342670799262}, ""repair_solution_score"": {""count"": 6199.0, ""seconds"": 1.1754441728335223}, ""route_model_cost"": {""count"": 347951.0, ""seconds"": 7.630894278838241}, ""scan_build"": {""count"": 64.0, ""seconds"": 0.04330104700056836}, ""scan_score"": {""count"": 64.0, ""seconds"": 0.024755910962994676}}",0,False,False,0.07692307692307693,,
{},16000,LNS,150.0,4086.253616024695,threeshift,1,,/Volumes/移动硬盘（512G）/ReSETP/baselines/e2_alns/high_tension_separation_probe_stage_a_data/checkpoints/wc150/e2-threeshift-100c-01__LNS__seed1.json,True,7cb71f35c46fbd099747fc0d18c15a95315b746d,wallclock,7,14,521.9441449170008,1,1,16000,30.654621104226216,,True,OK,e2-threeshift-100c-01,2,2.3.5,/opt/anaconda3/bin/python3.13,1,15,900.0,wc150,150kWh same wall-clock,1,100,OK,{},0,False,False,0.06666666666666667,,
"{""SETP_ALNS_CRUSH_ADAPTIVE_Q"": ""1"", ""SETP_ALNS_CRUSH_LOCAL_SEARCH"": ""0"", ""SETP_ALNS_CRUSH_REPAIR_STRUCTURE_CACHE"": ""1"", ""SETP_ALNS_CRUSH_ROUTE_COST_CACHE"": ""1"", ""SETP_ALNS_CRUSH_ROUTE_ELIMINATION"": ""0"", ""SETP_ALNS_CRUSH_SA_ACCEPTANCE"": ""1"", ""SETP_ALNS_CRUSH_SA_MODE"": ""lns_cooling"", ""SETP_ALNS_CRUSH_SCAN_REBUILD"": ""1"", ""SETP_ALNS_CRUSH_SCAN_RESTART"": ""1"", ""SETP_ALNS_CRUSH_TIMING_LEDGER"": ""1"", ""SETP_ALNS_CRUSH_TRUE_ACCEPTANCE"": ""0"", ""SETP_ALNS_CRUSH_TRUE_REPAIR"": ""1""}",16000,alns_e2_throughput,150.0,4086.253616024695,threeshift,1,,/Volumes/移动硬盘（512G）/ReSETP/baselines/e2_alns/high_tension_separation_probe_stage_a_data/checkpoints/wc150/e2-threeshift-100c-01__alns_e2_throughput__seed1.json,True,7cb71f35c46fbd099747fc0d18c15a95315b746d,wallclock,7,14,259.8585639999983,1,1,16000,61.57195573512099,,True,OK,e2-threeshift-100c-01,2,2.3.5,/opt/anaconda3/bin/python3.13,1,15,900.0,wc150,150kWh same wall-clock,1,100,OK,"{""acceptance"": {""count"": 15936.0, ""seconds"": 0.0041047579143196344}, ""checkpoint_model_cost"": {""count"": 1.0, ""seconds"": 0.00025100000129896216}, ""destroy:random_customer_removal"": {""count"": 2658.0, ""seconds"": 0.407094601810968}, ""destroy:route_segment_removal"": {""count"": 2655.0, ""seconds"": 0.4450184209708823}, ""destroy:shaw_related_removal"": {""count"": 2655.0, ""seconds"": 13.811229945047671}, ""destroy:vehicle_type_swap"": {""count"": 2655.0, ""seconds"": 15.819757167057105}, ""destroy:whole_route_removal"": {""count"": 2655.0, ""seconds"": 0.3973782850698626}, ""destroy:worst_customer_removal"": {""count"": 2658.0, ""seconds"": 0.46037288598745363}, ""final_check"": {""count"": 1.0, ""seconds"": 0.00040158399860956706}, ""full_candidate_score"": {""count"": 15936.0, ""seconds"": 8.828040487678663}, ""history_model_cost"": {""count"": 1.0, ""seconds"": 0.00031679200037615374}, ""initial_reference_score"": {""count"": 1.0, ""seconds"": 0.0005807919988001231}, ""repair:greedy_insert_repair"": {""count"": 5312.0, ""seconds"": 71.47355093810256}, ""repair:regret2_insert_repair"": {""count"": 5312.0, ""seconds"": 78.1434547040044}, ""repair:regret3_insert_repair"": {""count"": 5312.0, ""seconds"": 75.75440407508358}, ""repair_full_check"": {""count"": 31872.0, ""seconds"": 11.076455421887658}, ""repair_solution_score"": {""count"": 11785.0, ""seconds"": 2.913468659935461}, ""route_model_cost"": {""count"": 288902.0, ""seconds"": 7.124674268285162}, ""scan_build"": {""count"": 64.0, ""seconds"": 0.06888887400054955}, ""scan_score"": {""count"": 64.0, ""seconds"": 0.04463462302010157}}",0,False,False,0.06666666666666667,,
{},16000,LNS,150.0,5803.553350198798,threeshift,1,,/Volumes/移动硬盘（512G）/ReSETP/baselines/e2_alns/high_tension_separation_probe_stage_a_data/checkpoints/wc150/e2-threeshift-150c-01__LNS__seed1.json,True,7cb71f35c46fbd099747fc0d18c15a95315b746d,wallclock,10,21,835.0942262089993,1,1,16000,19.159514576736726,,True,OK,e2-threeshift-150c-01,3,2.3.5,/opt/anaconda3/bin/python3.13,1,22,900.0,wc150,150kWh same wall-clock,1,150,OK,{},0,False,False,0.045454545454545456,,
"{""SETP_ALNS_CRUSH_ADAPTIVE_Q"": ""1"", ""SETP_ALNS_CRUSH_LOCAL_SEARCH"": ""0"", ""SETP_ALNS_CRUSH_REPAIR_STRUCTURE_CACHE"": ""1"", ""SETP_ALNS_CRUSH_ROUTE_COST_CACHE"": ""1"", ""SETP_ALNS_CRUSH_ROUTE_ELIMINATION"": ""0"", ""SETP_ALNS_CRUSH_SA_ACCEPTANCE"": ""1"", ""SETP_ALNS_CRUSH_SA_MODE"": ""lns_cooling"", ""SETP_ALNS_CRUSH_SCAN_REBUILD"": ""1"", ""SETP_ALNS_CRUSH_SCAN_RESTART"": ""1"", ""SETP_ALNS_CRUSH_TIMING_LEDGER"": ""1"", ""SETP_ALNS_CRUSH_TRUE_ACCEPTANCE"": ""0"", ""SETP_ALNS_CRUSH_TRUE_REPAIR"": ""1""}",16000,alns_e2_throughput,150.0,5803.553350198798,threeshift,1,,/Volumes/移动硬盘（512G）/ReSETP/baselines/e2_alns/high_tension_separation_probe_stage_a_data/checkpoints/wc150/e2-threeshift-150c-01__alns_e2_throughput__seed1.json,True,7cb71f35c46fbd099747fc0d18c15a95315b746d,wallclock,10,21,604.6551524999995,1,1,16000,26.46136385979116,,True,OK,e2-threeshift-150c-01,3,2.3.5,/opt/anaconda3/bin/python3.13,1,22,900.0,wc150,150kWh same wall-clock,1,150,OK,"{""acceptance"": {""count"": 15936.0, ""seconds"": 0.004187526712485123}, ""checkpoint_model_cost"": {""count"": 1.0, ""seconds"": 0.0003584590012906119}, ""destroy:random_customer_removal"": {""count"": 2658.0, ""seconds"": 0.6318704519908351}, ""destroy:route_segment_removal"": {""count"": 2655.0, ""seconds"": 0.7504016130005766}, ""destroy:shaw_related_removal"": {""count"": 2655.0, ""seconds"": 38.430342542927974}, ""destroy:vehicle_type_swap"": {""count"": 2655.0, ""seconds"": 28.71008884387993}, ""destroy:whole_route_removal"": {""count"": 2655.0, ""seconds"": 0.6840145241476421}, ""destroy:worst_customer_removal"": {""count"": 2658.0, ""seconds"": 0.7455504797653703}, ""final_check"": {""count"": 1.0, ""seconds"": 0.0004767079990415368}, ""full_candidate_score"": {""count"": 15936.0, ""seconds"": 13.263815213962516}, ""history_model_cost"": {""count"": 1.0, ""seconds"": 0.00042866700096055865}, ""initial_reference_score"": {""count"": 1.0, ""seconds"": 0.000872374999744352}, ""repair:greedy_insert_repair"": {""count"": 5312.0, ""seconds"": 173.09107036394562}, ""repair:regret2_insert_repair"": {""count"": 5312.0, ""seconds"": 183.83161761509837}, ""repair:regret3_insert_repair"": {""count"": 5312.0, ""seconds"": 172.53938063713213}, ""repair_full_check"": {""count"": 31872.0, ""seconds"": 18.114457250027044}, ""repair_solution_score"": {""count"": 15789.0, ""seconds"": 5.751502935898316}, ""route_model_cost"": {""count"": 595411.0, ""seconds"": 15.215046444543987}, ""scan_build"": {""count"": 64.0, ""seconds"": 0.11691795598744648}, ""scan_score"": {""count"": 64.0, ""seconds"": 0.06187187201430788}}",0,False,False,0.045454545454545456,,
{},11765,LNS,150.0,6633.4344963179965,threeshift,1,,/Volumes/移动硬盘（512G）/ReSETP/baselines/e2_alns/high_tension_separation_probe_stage_a_data/checkpoints/wc150/e2-threeshift-200c-01__LNS__seed1.json,True,7cb71f35c46fbd099747fc0d18c15a95315b746d,wallclock,14,26,903.7058614999987,1,1,16000,13.018616456102311,,True,OK,e2-threeshift-200c-01,2,2.3.5,/opt/anaconda3/bin/python3.13,1,27,900.0,wc150,150kWh same wall-clock,1,200,OK,{},0,False,False,0.037037037037037035,,
"{""SETP_ALNS_CRUSH_ADAPTIVE_Q"": ""1"", ""SETP_ALNS_CRUSH_LOCAL_SEARCH"": ""0"", ""SETP_ALNS_CRUSH_REPAIR_STRUCTURE_CACHE"": ""1"", ""SETP_ALNS_CRUSH_ROUTE_COST_CACHE"": ""1"", ""SETP_ALNS_CRUSH_ROUTE_ELIMINATION"": ""0"", ""SETP_ALNS_CRUSH_SA_ACCEPTANCE"": ""1"", ""SETP_ALNS_CRUSH_SA_MODE"": ""lns_cooling"", ""SETP_ALNS_CRUSH_SCAN_REBUILD"": ""1"", ""SETP_ALNS_CRUSH_SCAN_RESTART"": ""1"", ""SETP_ALNS_CRUSH_TIMING_LEDGER"": ""1"", ""SETP_ALNS_CRUSH_TRUE_ACCEPTANCE"": ""0"", ""SETP_ALNS_CRUSH_TRUE_REPAIR"": ""1""}",9604,alns_e2_throughput,150.0,6633.4344963179965,threeshift,1,,/Volumes/移动硬盘（512G）/ReSETP/baselines/e2_alns/high_tension_separation_probe_stage_a_data/checkpoints/wc150/e2-threeshift-200c-01__alns_e2_throughput__seed1.json,True,7cb71f35c46fbd099747fc0d18c15a95315b746d,wallclock,14,26,905.3319364169984,1,1,16000,10.608263791079134,,True,OK,e2-threeshift-200c-01,2,2.3.5,/opt/anaconda3/bin/python3.13,1,27,900.0,wc150,150kWh same wall-clock,1,200,OK,"{""acceptance"": {""count"": 9565.0, ""seconds"": 0.0025657049081928562}, ""checkpoint_model_cost"": {""count"": 1.0, ""seconds"": 0.0005825000007462222}, ""destroy:random_customer_removal"": {""count"": 1596.0, ""seconds"": 0.5322735148838547}, ""destroy:route_segment_removal"": {""count"": 1593.0, ""seconds"": 0.6732744640066812}, ""destroy:shaw_related_removal"": {""count"": 1594.0, ""seconds"": 50.29910962703434}, ""destroy:vehicle_type_swap"": {""count"": 1593.0, ""seconds"": 17.756647752910794}, ""destroy:whole_route_removal"": {""count"": 1593.0, ""seconds"": 0.6260916029168584}, ""destroy:worst_customer_removal"": {""count"": 1596.0, ""seconds"": 0.64283164101289}, ""final_check"": {""count"": 1.0, ""seconds"": 0.0006280419984250329}, ""full_candidate_score"": {""count"": 9565.0, ""seconds"": 10.68966409505083}, ""history_model_cost"": {""count"": 1.0, ""seconds"": 0.0005688330020348076}, ""initial_reference_score"": {""count"": 1.0, ""seconds"": 0.0011303749997750856}, ""repair:greedy_insert_repair"": {""count"": 3189.0, ""seconds"": 268.6767626811379}, ""repair:regret2_insert_repair"": {""count"": 3188.0, ""seconds"": 282.4143145238959}, ""repair:regret3_insert_repair"": {""count"": 3188.0, ""seconds"": 277.3742464830102}, ""repair_full_check"": {""count"": 19130.0, ""seconds"": 14.989298990054522}, ""repair_solution_score"": {""count"": 8885.0, ""seconds"": 4.195131621971086}, ""route_model_cost"": {""count"": 1029095.0, ""seconds"": 27.48211850966618}, ""scan_build"": {""count"": 39.0, ""seconds"": 0.1082724179905199}, ""scan_score"": {""count"": 39.0, ""seconds"": 0.056001668992394116}}",0,False,False,0.037037037037037035,,
{},16000,LNS,150.0,1783.6949728422799,threeshift,1,,/Volumes/移动硬盘（512G）/ReSETP/baselines/e2_alns/high_tension_separation_probe_stage_a_data/checkpoints/wc150/e2-threeshift-50c-01__LNS__seed1.json,True,7cb71f35c46fbd099747fc0d18c15a95315b746d,wallclock,4,7,248.43340341599833,1,1,16000,64.40357769928474,,True,OK,e2-threeshift-50c-01,2,2.3.5,/opt/anaconda3/bin/python3.13,1,8,600.0,wc150,150kWh same wall-clock,1,50,OK,{},0,False,False,0.125,,
"{""SETP_ALNS_CRUSH_ADAPTIVE_Q"": ""1"", ""SETP_ALNS_CRUSH_LOCAL_SEARCH"": ""0"", ""SETP_ALNS_CRUSH_REPAIR_STRUCTURE_CACHE"": ""1"", ""SETP_ALNS_CRUSH_ROUTE_COST_CACHE"": ""1"", ""SETP_ALNS_CRUSH_ROUTE_ELIMINATION"": ""0"", ""SETP_ALNS_CRUSH_SA_ACCEPTANCE"": ""1"", ""SETP_ALNS_CRUSH_SA_MODE"": ""lns_cooling"", ""SETP_ALNS_CRUSH_SCAN_REBUILD"": ""1"", ""SETP_ALNS_CRUSH_SCAN_RESTART"": ""1"", ""SETP_ALNS_CRUSH_TIMING_LEDGER"": ""1"", ""SETP_ALNS_CRUSH_TRUE_ACCEPTANCE"": ""0"", ""SETP_ALNS_CRUSH_TRUE_REPAIR"": ""1""}",16000,alns_e2_throughput,150.0,1783.6949728422799,threeshift,1,,/Volumes/移动硬盘（512G）/ReSETP/baselines/e2_alns/high_tension_separation_probe_stage_a_data/checkpoints/wc150/e2-threeshift-50c-01__alns_e2_throughput__seed1.json,True,7cb71f35c46fbd099747fc0d18c15a95315b746d,wallclock,4,7,74.86162779200095,1,1,16000,213.7276528965567,,True,OK,e2-threeshift-50c-01,2,2.3.5,/opt/anaconda3/bin/python3.13,1,8,600.0,wc150,150kWh same wall-clock,1,50,OK,"{""acceptance"": {""count"": 15936.0, ""seconds"": 0.003987626336311223}, ""checkpoint_model_cost"": {""count"": 1.0, ""seconds"": 0.0001314590008405503}, ""destroy:random_customer_removal"": {""count"": 2658.0, ""seconds"": 0.21986580803786637}, ""destroy:route_segment_removal"": {""count"": 2655.0, ""seconds"": 0.20720790803898126}, ""destroy:shaw_related_removal"": {""count"": 2655.0, ""seconds"": 2.624956809966534}, ""destroy:vehicle_type_swap"": {""count"": 2655.0, ""seconds"": 8.347887765870837}, ""destroy:whole_route_removal"": {""count"": 2655.0, ""seconds"": 0.17437703782707104}, ""destroy:worst_customer_removal"": {""count"": 2658.0, ""seconds"": 0.22649168507632567}, ""final_check"": {""count"": 1.0, ""seconds"": 0.0001642499992158264}, ""full_candidate_score"": {""count"": 15936.0, ""seconds"": 4.683410622867086}, ""history_model_cost"": {""count"": 1.0, ""seconds"": 0.00016954199963947758}, ""initial_reference_score"": {""count"": 1.0, ""seconds"": 0.00034337500255787745}, ""repair:greedy_insert_repair"": {""count"": 5312.0, ""seconds"": 19.457154395964608}, ""repair:regret2_insert_repair"": {""count"": 5312.0, ""seconds"": 20.498253922000004}, ""repair:regret3_insert_repair"": {""count"": 5312.0, ""seconds"": 20.56123999708143}, ""repair_full_check"": {""count"": 31872.0, ""seconds"": 5.211446570061526}, ""repair_solution_score"": {""count"": 10620.0, ""seconds"": 1.40193857597842}, ""route_model_cost"": {""count"": 39552.0, ""seconds"": 0.9037762975058286}, ""scan_build"": {""count"": 64.0, ""seconds"": 0.030019835983694065}, ""scan_score"": {""count"": 64.0, ""seconds"": 0.019665919004182797}}",0,False,False,0.125,,
{},16000,LNS,150.0,2732.803960039656,threeshift,1,,/Volumes/移动硬盘（512G）/ReSETP/baselines/e2_alns/high_tension_separation_probe_stage_a_data/checkpoints/wc150/e2-threeshift-75c-01__LNS__seed1.json,True,7cb71f35c46fbd099747fc0d18c15a95315b746d,wallclock,6,11,378.0193249999975,1,1,16000,42.32587844550039,,True,OK,e2-threeshift-75c-01,2,2.3.5,/opt/anaconda3/bin/python3.13,1,12,900.0,wc150,150kWh same wall-clock,1,75,OK,{},0,False,False,0.08333333333333333,,
"{""SETP_ALNS_CRUSH_ADAPTIVE_Q"": ""1"", ""SETP_ALNS_CRUSH_LOCAL_SEARCH"": ""0"", ""SETP_ALNS_CRUSH_REPAIR_STRUCTURE_CACHE"": ""1"", ""SETP_ALNS_CRUSH_ROUTE_COST_CACHE"": ""1"", ""SETP_ALNS_CRUSH_ROUTE_ELIMINATION"": ""0"", ""SETP_ALNS_CRUSH_SA_ACCEPTANCE"": ""1"", ""SETP_ALNS_CRUSH_SA_MODE"": ""lns_cooling"", ""SETP_ALNS_CRUSH_SCAN_REBUILD"": ""1"", ""SETP_ALNS_CRUSH_SCAN_RESTART"": ""1"", ""SETP_ALNS_CRUSH_TIMING_LEDGER"": ""1"", ""SETP_ALNS_CRUSH_TRUE_ACCEPTANCE"": ""0"", ""SETP_ALNS_CRUSH_TRUE_REPAIR"": ""1""}",16000,alns_e2_throughput,150.0,2732.803960039656,threeshift,1,,/Volumes/移动硬盘（512G）/ReSETP/baselines/e2_alns/high_tension_separation_probe_stage_a_data/checkpoints/wc150/e2-threeshift-75c-01__alns_e2_throughput__seed1.json,True,7cb71f35c46fbd099747fc0d18c15a95315b746d,wallclock,6,11,152.30637366600058,1,1,16000,105.05141455922988,,True,OK,e2-threeshift-75c-01,2,2.3.5,/opt/anaconda3/bin/python3.13,1,12,900.0,wc150,150kWh same wall-clock,1,75,OK,"{""acceptance"": {""count"": 15936.0, ""seconds"": 0.004086477070813999}, ""checkpoint_model_cost"": {""count"": 1.0, ""seconds"": 0.00019404100021347404}, ""destroy:random_customer_removal"": {""count"": 2658.0, ""seconds"": 0.3186405090345943}, ""destroy:route_segment_removal"": {""count"": 2655.0, ""seconds"": 0.31956422916118754}, ""destroy:shaw_related_removal"": {""count"": 2655.0, ""seconds"": 6.683931905972713}, ""destroy:vehicle_type_swap"": {""count"": 2655.0, ""seconds"": 14.493128934005654}, ""destroy:whole_route_removal"": {""count"": 2655.0, ""seconds"": 0.2787388131255284}, ""destroy:worst_customer_removal"": {""count"": 2658.0, ""seconds"": 0.34635099795195856}, ""final_check"": {""count"": 1.0, ""seconds"": 0.00023962499835761264}, ""full_candidate_score"": {""count"": 15936.0, ""seconds"": 6.875105201994302}, ""history_model_cost"": {""count"": 1.0, ""seconds"": 0.00024341600146726705}, ""initial_reference_score"": {""count"": 1.0, ""seconds"": 0.00046633300007670186}, ""repair:greedy_insert_repair"": {""count"": 5312.0, ""seconds"": 41.324509701982606}, ""repair:regret2_insert_repair"": {""count"": 5312.0, ""seconds"": 42.85278403815755}, ""repair:regret3_insert_repair"": {""count"": 5312.0, ""seconds"": 42.56177256697629}, ""repair_full_check"": {""count"": 31872.0, ""seconds"": 7.866020306919381}, ""repair_solution_score"": {""count"": 16195.0, ""seconds"": 3.160646288877615}, ""route_model_cost"": {""count"": 178731.0, ""seconds"": 4.104786898344173}, ""scan_build"": {""count"": 64.0, ""seconds"": 0.04843062598956749}, ""scan_score"": {""count"": 64.0, ""seconds"": 0.03077595699869562}}",0,False,False,0.08333333333333333,,
{},16000,LNS,150.0,4635.703685132771,vanilla,1,,/Volumes/移动硬盘（512G）/ReSETP/baselines/e2_alns/high_tension_separation_probe_stage_a_data/checkpoints/wc150/e2-vanilla-100c-01__LNS__seed1.json,True,7cb71f35c46fbd099747fc0d18c15a95315b746d,wallclock,7,14,512.4021202499971,1,1,16000,31.225475788807667,,True,OK,e2-vanilla-100c-01,2,2.3.5,/opt/anaconda3/bin/python3.13,1,15,900.0,wc150,150kWh same wall-clock,1,100,OK,{},0,False,False,0.06666666666666667,,
"{""SETP_ALNS_CRUSH_ADAPTIVE_Q"": ""1"", ""SETP_ALNS_CRUSH_LOCAL_SEARCH"": ""0"", ""SETP_ALNS_CRUSH_REPAIR_STRUCTURE_CACHE"": ""1"", ""SETP_ALNS_CRUSH_ROUTE_COST_CACHE"": ""1"", ""SETP_ALNS_CRUSH_ROUTE_ELIMINATION"": ""0"", ""SETP_ALNS_CRUSH_SA_ACCEPTANCE"": ""1"", ""SETP_ALNS_CRUSH_SA_MODE"": ""lns_cooling"", ""SETP_ALNS_CRUSH_SCAN_REBUILD"": ""1"", ""SETP_ALNS_CRUSH_SCAN_RESTART"": ""1"", ""SETP_ALNS_CRUSH_TIMING_LEDGER"": ""1"", ""SETP_ALNS_CRUSH_TRUE_ACCEPTANCE"": ""0"", ""SETP_ALNS_CRUSH_TRUE_REPAIR"": ""1""}",16000,alns_e2_throughput,150.0,4635.703685132771,vanilla,1,,/Volumes/移动硬盘（512G）/ReSETP/baselines/e2_alns/high_tension_separation_probe_stage_a_data/checkpoints/wc150/e2-vanilla-100c-01__alns_e2_throughput__seed1.json,True,7cb71f35c46fbd099747fc0d18c15a95315b746d,wallclock,7,14,265.8119346670028,1,1,16000,60.192933097771096,,True,OK,e2-vanilla-100c-01,2,2.3.5,/opt/anaconda3/bin/python3.13,1,15,900.0,wc150,150kWh same wall-clock,1,100,OK,"{""acceptance"": {""count"": 15936.0, ""seconds"": 0.004206951289233984}, ""checkpoint_model_cost"": {""count"": 1.0, ""seconds"": 0.0002467909980623517}, ""destroy:random_customer_removal"": {""count"": 2658.0, ""seconds"": 0.41451397896162234}, ""destroy:route_segment_removal"": {""count"": 2655.0, ""seconds"": 0.45093723309764755}, ""destroy:shaw_related_removal"": {""count"": 2655.0, ""seconds"": 13.964561208984378}, ""destroy:vehicle_type_swap"": {""count"": 2655.0, ""seconds"": 2.710316196011263}, ""destroy:whole_route_removal"": {""count"": 2655.0, ""seconds"": 0.40103314105363097}, ""destroy:worst_customer_removal"": {""count"": 2658.0, ""seconds"": 0.47165425215280266}, ""final_check"": {""count"": 1.0, ""seconds"": 0.0003096250002272427}, ""full_candidate_score"": {""count"": 15936.0, ""seconds"": 8.900182580866385}, ""history_model_cost"": {""count"": 1.0, ""seconds"": 0.00029712499963352457}, ""initial_reference_score"": {""count"": 1.0, ""seconds"": 0.000586665999435354}, ""repair:greedy_insert_repair"": {""count"": 5312.0, ""seconds"": 79.06546292806524}, ""repair:regret2_insert_repair"": {""count"": 5312.0, ""seconds"": 82.65028154887113}, ""repair:regret3_insert_repair"": {""count"": 5312.0, ""seconds"": 81.0977698699462}, ""repair_full_check"": {""count"": 31872.0, ""seconds"": 11.202403065024555}, ""repair_solution_score"": {""count"": 2655.0, ""seconds"": 0.6355524340797274}, ""route_model_cost"": {""count"": 533835.0, ""seconds"": 12.755904384284804}, ""scan_build"": {""count"": 64.0, ""seconds"": 0.061951250998390606}, ""scan_score"": {""count"": 64.0, ""seconds"": 0.03208291700866539}}",0,False,False,0.06666666666666667,,
{},16000,LNS,150.0,573.7936728978657,vanilla,1,,/Volumes/移动硬盘（512G）/ReSETP/baselines/e2_alns/high_tension_separation_probe_stage_a_data/checkpoints/wc150/e2-vanilla-10c-01__LNS__seed1.json,True,7cb71f35c46fbd099747fc0d18c15a95315b746d,wallclock,1,2,28.038937375000387,1,1,16000,570.6350346310077,,True,OK,e2-vanilla-10c-01,2,2.3.5,/opt/anaconda3/bin/python3.13,1,3,300.0,wc150,150kWh same wall-clock,1,10,OK,{},0,False,False,0.3333333333333333,,
"{""SETP_ALNS_CRUSH_ADAPTIVE_Q"": ""1"", ""SETP_ALNS_CRUSH_LOCAL_SEARCH"": ""0"", ""SETP_ALNS_CRUSH_REPAIR_STRUCTURE_CACHE"": ""1"", ""SETP_ALNS_CRUSH_ROUTE_COST_CACHE"": ""1"", ""SETP_ALNS_CRUSH_ROUTE_ELIMINATION"": ""0"", ""SETP_ALNS_CRUSH_SA_ACCEPTANCE"": ""1"", ""SETP_ALNS_CRUSH_SA_MODE"": ""lns_cooling"", ""SETP_ALNS_CRUSH_SCAN_REBUILD"": ""1"", ""SETP_ALNS_CRUSH_SCAN_RESTART"": ""1"", ""SETP_ALNS_CRUSH_TIMING_LEDGER"": ""1"", ""SETP_ALNS_CRUSH_TRUE_ACCEPTANCE"": ""0"", ""SETP_ALNS_CRUSH_TRUE_REPAIR"": ""1""}",16000,alns_e2_throughput,150.0,396.37361362956347,vanilla,1,,/Volumes/移动硬盘（512G）/ReSETP/baselines/e2_alns/high_tension_separation_probe_stage_a_data/checkpoints/wc150/e2-vanilla-10c-01__alns_e2_throughput__seed1.json,True,7cb71f35c46fbd099747fc0d18c15a95315b746d,wallclock,1,1,10.190462792001199,1,1,16000,1570.0955223112028,,True,OK,e2-vanilla-10c-01,1,2.3.5,/opt/anaconda3/bin/python3.13,1,2,300.0,wc150,150kWh same wall-clock,1,10,OK,"{""acceptance"": {""count"": 15937.0, ""seconds"": 0.014292651430878323}, ""checkpoint_model_cost"": {""count"": 9.0, ""seconds"": 0.00037829299981240183}, ""destroy:random_customer_removal"": {""count"": 954.0, ""seconds"": 0.03341144600562984}, ""destroy:route_segment_removal"": {""count"": 9997.0, ""seconds"": 0.251833836959122}, ""destroy:shaw_related_removal"": {""count"": 954.0, ""seconds"": 0.057578561012633145}, ""destroy:vehicle_type_swap"": {""count"": 954.0, ""seconds"": 0.1283730980103428}, ""destroy:whole_route_removal"": {""count"": 2124.0, ""seconds"": 0.03724607602634933}, ""destroy:worst_customer_removal"": {""count"": 954.0, ""seconds"": 0.023987813026906224}, ""final_check"": {""count"": 1.0, ""seconds"": 8.199999865610152e-05}, ""full_candidate_score"": {""count"": 15937.0, ""seconds"": 1.9512769040229614}, ""history_model_cost"": {""count"": 9.0, ""seconds"": 0.00040537500171922147}, ""initial_reference_score"": {""count"": 1.0, ""seconds"": 0.00015595800141454674}, ""local_search"": {""count"": 3238.0, ""seconds"": 0.0034176229310105555}, ""repair:greedy_insert_repair"": {""count"": 8962.0, ""seconds"": 3.651796677735547}, ""repair:regret2_insert_repair"": {""count"": 3897.0, ""seconds"": 1.721391196075274}, ""repair:regret3_insert_repair"": {""count"": 3078.0, ""seconds"": 1.9976989959250204}, ""repair_full_check"": {""count"": 17023.0, ""seconds"": 1.486274210987176}, ""repair_solution_score"": {""count"": 954.0, ""seconds"": 0.03122500592508004}, ""route_model_cost"": {""count"": 900.0, ""seconds"": 0.01805943101498997}, ""scan_build"": {""count"": 63.0, ""seconds"": 0.005112579994602129}, ""scan_score"": {""count"": 63.0, ""seconds"": 0.004460961015865905}}",0,False,False,0.5,,
{},16000,LNS,150.0,6015.377586977482,vanilla,1,,/Volumes/移动硬盘（512G）/ReSETP/baselines/e2_alns/high_tension_separation_probe_stage_a_data/checkpoints/wc150/e2-vanilla-150c-01__LNS__seed1.json,True,7cb71f35c46fbd099747fc0d18c15a95315b746d,wallclock,10,20,822.2565965829999,1,1,16000,19.458645958561103,,True,OK,e2-vanilla-150c-01,2,2.3.5,/opt/anaconda3/bin/python3.13,1,21,900.0,wc150,150kWh same wall-clock,1,150,OK,{},0,False,False,0.047619047619047616,,
"{""SETP_ALNS_CRUSH_ADAPTIVE_Q"": ""1"", ""SETP_ALNS_CRUSH_LOCAL_SEARCH"": ""0"", ""SETP_ALNS_CRUSH_REPAIR_STRUCTURE_CACHE"": ""1"", ""SETP_ALNS_CRUSH_ROUTE_COST_CACHE"": ""1"", ""SETP_ALNS_CRUSH_ROUTE_ELIMINATION"": ""0"", ""SETP_ALNS_CRUSH_SA_ACCEPTANCE"": ""1"", ""SETP_ALNS_CRUSH_SA_MODE"": ""lns_cooling"", ""SETP_ALNS_CRUSH_SCAN_REBUILD"": ""1"", ""SETP_ALNS_CRUSH_SCAN_RESTART"": ""1"", ""SETP_ALNS_CRUSH_TIMING_LEDGER"": ""1"", ""SETP_ALNS_CRUSH_TRUE_ACCEPTANCE"": ""0"", ""SETP_ALNS_CRUSH_TRUE_REPAIR"": ""1""}",16000,alns_e2_throughput,150.0,6015.377586977482,vanilla,1,,/Volumes/移动硬盘（512G）/ReSETP/baselines/e2_alns/high_tension_separation_probe_stage_a_data/checkpoints/wc150/e2-vanilla-150c-01__alns_e2_throughput__seed1.json,True,7cb71f35c46fbd099747fc0d18c15a95315b746d,wallclock,10,20,612.6417441250014,1,1,16000,26.116405147761874,,True,OK,e2-vanilla-150c-01,2,2.3.5,/opt/anaconda3/bin/python3.13,1,21,900.0,wc150,150kWh same wall-clock,1,150,OK,"{""acceptance"": {""count"": 15936.0, ""seconds"": 0.004287241230485961}, ""checkpoint_model_cost"": {""count"": 1.0, ""seconds"": 0.00036183300107950345}, ""destroy:random_customer_removal"": {""count"": 2658.0, ""seconds"": 0.6258585870309616}, ""destroy:route_segment_removal"": {""count"": 2655.0, ""seconds"": 0.7356254700825957}, ""destroy:shaw_related_removal"": {""count"": 2655.0, ""seconds"": 37.30577645993981}, ""destroy:vehicle_type_swap"": {""count"": 2655.0, ""seconds"": 4.875490876976983}, ""destroy:whole_route_removal"": {""count"": 2655.0, ""seconds"": 0.6663691429130267}, ""destroy:worst_customer_removal"": {""count"": 2658.0, ""seconds"": 0.7625935000505706}, ""final_check"": {""count"": 1.0, ""seconds"": 0.00046508299783454277}, ""full_candidate_score"": {""count"": 15936.0, ""seconds"": 13.298426241031848}, ""history_model_cost"": {""count"": 1.0, ""seconds"": 0.00043395899774623103}, ""initial_reference_score"": {""count"": 1.0, ""seconds"": 0.0008625830014352687}, ""repair:greedy_insert_repair"": {""count"": 5312.0, ""seconds"": 182.26839221206683}, ""repair:regret2_insert_repair"": {""count"": 5312.0, ""seconds"": 194.060909476113}, ""repair:regret3_insert_repair"": {""count"": 5312.0, ""seconds"": 184.71355293222223}, ""repair_full_check"": {""count"": 31872.0, ""seconds"": 18.673772282232676}, ""repair_solution_score"": {""count"": 3704.0, ""seconds"": 1.3201011970159016}, ""route_model_cost"": {""count"": 977913.0, ""seconds"": 24.817201149526227}, ""scan_build"": {""count"": 64.0, ""seconds"": 0.10355537600480602}, ""scan_score"": {""count"": 64.0, ""seconds"": 0.04996854401179007}}",0,False,False,0.047619047619047616,,
{},16000,LNS,150.0,642.185285005708,vanilla,0,,/Volumes/移动硬盘（512G）/ReSETP/baselines/e2_alns/high_tension_separation_probe_stage_a_data/checkpoints/wc150/e2-vanilla-15c-01__LNS__seed1.json,True,7cb71f35c46fbd099747fc0d18c15a95315b746d,wallclock,2,2,32.317661125001905,0,0,16000,495.0853323857005,,True,OK,e2-vanilla-15c-01,1,2.3.5,/opt/anaconda3/bin/python3.13,1,2,300.0,wc150,150kWh same wall-clock,1,15,OK,{},0,True,False,0.0,,
"{""SETP_ALNS_CRUSH_ADAPTIVE_Q"": ""1"", ""SETP_ALNS_CRUSH_LOCAL_SEARCH"": ""0"", ""SETP_ALNS_CRUSH_REPAIR_STRUCTURE_CACHE"": ""1"", ""SETP_ALNS_CRUSH_ROUTE_COST_CACHE"": ""1"", ""SETP_ALNS_CRUSH_ROUTE_ELIMINATION"": ""0"", ""SETP_ALNS_CRUSH_SA_ACCEPTANCE"": ""1"", ""SETP_ALNS_CRUSH_SA_MODE"": ""lns_cooling"", ""SETP_ALNS_CRUSH_SCAN_REBUILD"": ""1"", ""SETP_ALNS_CRUSH_SCAN_RESTART"": ""1"", ""SETP_ALNS_CRUSH_TIMING_LEDGER"": ""1"", ""SETP_ALNS_CRUSH_TRUE_ACCEPTANCE"": ""0"", ""SETP_ALNS_CRUSH_TRUE_REPAIR"": ""1""}",16000,alns_e2_throughput,150.0,642.185285005708,vanilla,0,,/Volumes/移动硬盘（512G）/ReSETP/baselines/e2_alns/high_tension_separation_probe_stage_a_data/checkpoints/wc150/e2-vanilla-15c-01__alns_e2_throughput__seed1.json,True,7cb71f35c46fbd099747fc0d18c15a95315b746d,wallclock,2,2,13.965567875002307,0,0,16000,1145.6748585669206,,True,OK,e2-vanilla-15c-01,1,2.3.5,/opt/anaconda3/bin/python3.13,1,2,300.0,wc150,150kWh same wall-clock,1,15,OK,"{""acceptance"": {""count"": 15938.0, ""seconds"": 0.004543297029158566}, ""checkpoint_model_cost"": {""count"": 8.0, ""seconds"": 0.00034724899160210043}, ""destroy:random_customer_removal"": {""count"": 10373.0, ""seconds"": 0.3304883852360945}, ""destroy:route_segment_removal"": {""count"": 1113.0, ""seconds"": 0.030612407990702195}, ""destroy:shaw_related_removal"": {""count"": 1113.0, ""seconds"": 0.09674200906374608}, ""destroy:vehicle_type_swap"": {""count"": 1113.0, ""seconds"": 0.09912029699989944}, ""destroy:whole_route_removal"": {""count"": 1113.0, ""seconds"": 0.021601721025945153}, ""destroy:worst_customer_removal"": {""count"": 1113.0, ""seconds"": 0.03203620090789627}, ""final_check"": {""count"": 1.0, ""seconds"": 4.1250001231674105e-05}, ""full_candidate_score"": {""count"": 15938.0, ""seconds"": 1.3311848777921114}, ""history_model_cost"": {""count"": 8.0, ""seconds"": 0.0003621669893618673}, ""initial_reference_score"": {""count"": 1.0, ""seconds"": 0.00012633399819605984}, ""local_search"": {""count"": 197.0, ""seconds"": 0.0002531359968998004}, ""repair:greedy_insert_repair"": {""count"": 2226.0, ""seconds"": 1.5274973679843242}, ""repair:regret2_insert_repair"": {""count"": 2226.0, ""seconds"": 1.5303587669404806}, ""repair:regret3_insert_repair"": {""count"": 11486.0, ""seconds"": 7.67248650305919}, ""repair_full_check"": {""count"": 17819.0, ""seconds"": 1.0214879819723137}, ""repair_solution_score"": {""count"": 6.0, ""seconds"": 0.00034695799331529997}, ""route_model_cost"": {""count"": 13346.0, ""seconds"": 0.2615237280224392}, ""scan_build"": {""count"": 62.0, ""seconds"": 0.00779379498999333}, ""scan_score"": {""count"": 62.0, ""seconds"": 0.006060706018615747}}",0,True,False,0.0,,
{},0,LNS,150.0,8714.98386087934,vanilla,1,shared_warm_start,/Volumes/移动硬盘（512G）/ReSETP/baselines/e2_alns/high_tension_separation_probe_stage_a_data/checkpoints/wc150/e2-vanilla-200c-01__LNS__seed1.json,True,7cb71f35c46fbd099747fc0d18c15a95315b746d,wallclock,14,28,915.0065855840003,1,1,16000,0.0,Worker exceeded runtime cap plus hard-timeout grace; returned last readable checkpoint.,True,OK,e2-vanilla-200c-01,2,2.3.5,/opt/anaconda3/bin/python3.13,1,29,900.0,wc150,150kWh same wall-clock,1,200,OK,{},0,False,False,0.034482758620689655,,
{},0,alns_e2_throughput,150.0,8714.98386087934,vanilla,1,shared_warm_start,/Volumes/移动硬盘（512G）/ReSETP/baselines/e2_alns/high_tension_separation_probe_stage_a_data/checkpoints/wc150/e2-vanilla-200c-01__alns_e2_throughput__seed1.json,True,7cb71f35c46fbd099747fc0d18c15a95315b746d,wallclock,14,28,915.0104325409993,1,1,16000,0.0,Worker exceeded runtime cap plus hard-timeout grace; returned last readable checkpoint.,True,OK,e2-vanilla-200c-01,2,2.3.5,/opt/anaconda3/bin/python3.13,1,29,900.0,wc150,150kWh same wall-clock,1,200,OK,{},0,False,False,0.034482758620689655,,
{},16000,LNS,150.0,1155.0731809827587,vanilla,1,,/Volumes/移动硬盘（512G）/ReSETP/baselines/e2_alns/high_tension_separation_probe_stage_a_data/checkpoints/wc150/e2-vanilla-20c-01__LNS__seed1.json,True,7cb71f35c46fbd099747fc0d18c15a95315b746d,wallclock,2,3,98.1162558750002,1,1,16000,163.0718565166607,,True,OK,e2-vanilla-20c-01,2,2.3.5,/opt/anaconda3/bin/python3.13,1,4,300.0,wc150,150kWh same wall-clock,1,20,OK,{},0,False,False,0.25,,
"{""SETP_ALNS_CRUSH_ADAPTIVE_Q"": ""1"", ""SETP_ALNS_CRUSH_LOCAL_SEARCH"": ""0"", ""SETP_ALNS_CRUSH_REPAIR_STRUCTURE_CACHE"": ""1"", ""SETP_ALNS_CRUSH_ROUTE_COST_CACHE"": ""1"", ""SETP_ALNS_CRUSH_ROUTE_ELIMINATION"": ""0"", ""SETP_ALNS_CRUSH_SA_ACCEPTANCE"": ""1"", ""SETP_ALNS_CRUSH_SA_MODE"": ""lns_cooling"", ""SETP_ALNS_CRUSH_SCAN_REBUILD"": ""1"", ""SETP_ALNS_CRUSH_SCAN_RESTART"": ""1"", ""SETP_ALNS_CRUSH_TIMING_LEDGER"": ""1"", ""SETP_ALNS_CRUSH_TRUE_ACCEPTANCE"": ""0"", ""SETP_ALNS_CRUSH_TRUE_REPAIR"": ""1""}",16000,alns_e2_throughput,150.0,1155.0731809827587,vanilla,1,,/Volumes/移动硬盘（512G）/ReSETP/baselines/e2_alns/high_tension_separation_probe_stage_a_data/checkpoints/wc150/e2-vanilla-20c-01__alns_e2_throughput__seed1.json,True,7cb71f35c46fbd099747fc0d18c15a95315b746d,wallclock,2,3,23.797107374997722,1,1,16000,672.3506242952157,,True,OK,e2-vanilla-20c-01,2,2.3.5,/opt/anaconda3/bin/python3.13,1,4,300.0,wc150,150kWh same wall-clock,1,20,OK,"{""acceptance"": {""count"": 15936.0, ""seconds"": 0.0036904829285049345}, ""checkpoint_model_cost"": {""count"": 1.0, ""seconds"": 6.504199700430036e-05}, ""destroy:random_customer_removal"": {""count"": 2658.0, ""seconds"": 0.12493703293876024}, ""destroy:route_segment_removal"": {""count"": 2655.0, ""seconds"": 0.10684128300999873}, ""destroy:shaw_related_removal"": {""count"": 2655.0, ""seconds"": 0.4619592200178886}, ""destroy:vehicle_type_swap"": {""count"": 2655.0, ""seconds"": 0.7116741869867838}, ""destroy:whole_route_removal"": {""count"": 2655.0, ""seconds"": 0.08167920306004817}, ""destroy:worst_customer_removal"": {""count"": 2658.0, ""seconds"": 0.11220586402487243}, ""final_check"": {""count"": 1.0, ""seconds"": 9.124999996856786e-05}, ""full_candidate_score"": {""count"": 15936.0, ""seconds"": 2.4348828901784145}, ""history_model_cost"": {""count"": 1.0, ""seconds"": 9.720799789647572e-05}, ""initial_reference_score"": {""count"": 1.0, ""seconds"": 0.00020358399706310593}, ""repair:greedy_insert_repair"": {""count"": 5312.0, ""seconds"": 6.643162819909776}, ""repair:regret2_insert_repair"": {""count"": 5312.0, ""seconds"": 6.444662233032432}, ""repair:regret3_insert_repair"": {""count"": 5312.0, ""seconds"": 6.4977916510542855}, ""repair_full_check"": {""count"": 31872.0, ""seconds"": 2.567986840946105}, ""repair_solution_score"": {""count"": 2655.0, ""seconds"": 0.15224277207016712}, ""route_model_cost"": {""count"": 13285.0, ""seconds"": 0.27112535505511914}, ""scan_build"": {""count"": 64.0, ""seconds"": 0.010777039977256209}, ""scan_score"": {""count"": 64.0, ""seconds"": 0.007359455008554505}}",0,False,False,0.25,,
{},16000,LNS,150.0,887.3747488211219,vanilla,1,,/Volumes/移动硬盘（512G）/ReSETP/baselines/e2_alns/high_tension_separation_probe_stage_a_data/checkpoints/wc150/e2-vanilla-25c-01__LNS__seed1.json,True,7cb71f35c46fbd099747fc0d18c15a95315b746d,wallclock,2,3,145.3700362089985,1,1,16000,110.06394727037696,,True,OK,e2-vanilla-25c-01,2,2.3.5,/opt/anaconda3/bin/python3.13,1,4,300.0,wc150,150kWh same wall-clock,1,25,OK,{},0,False,False,0.25,,
"{""SETP_ALNS_CRUSH_ADAPTIVE_Q"": ""1"", ""SETP_ALNS_CRUSH_LOCAL_SEARCH"": ""0"", ""SETP_ALNS_CRUSH_REPAIR_STRUCTURE_CACHE"": ""1"", ""SETP_ALNS_CRUSH_ROUTE_COST_CACHE"": ""1"", ""SETP_ALNS_CRUSH_ROUTE_ELIMINATION"": ""0"", ""SETP_ALNS_CRUSH_SA_ACCEPTANCE"": ""1"", ""SETP_ALNS_CRUSH_SA_MODE"": ""lns_cooling"", ""SETP_ALNS_CRUSH_SCAN_REBUILD"": ""1"", ""SETP_ALNS_CRUSH_SCAN_RESTART"": ""1"", ""SETP_ALNS_CRUSH_TIMING_LEDGER"": ""1"", ""SETP_ALNS_CRUSH_TRUE_ACCEPTANCE"": ""0"", ""SETP_ALNS_CRUSH_TRUE_REPAIR"": ""1""}",16000,alns_e2_throughput,150.0,887.3747488211219,vanilla,1,,/Volumes/移动硬盘（512G）/ReSETP/baselines/e2_alns/high_tension_separation_probe_stage_a_data/checkpoints/wc150/e2-vanilla-25c-01__alns_e2_throughput__seed1.json,True,7cb71f35c46fbd099747fc0d18c15a95315b746d,wallclock,2,3,31.559439874999953,1,1,16000,506.9798470242978,,True,OK,e2-vanilla-25c-01,2,2.3.5,/opt/anaconda3/bin/python3.13,1,4,300.0,wc150,150kWh same wall-clock,1,25,OK,"{""acceptance"": {""count"": 15936.0, ""seconds"": 0.00385120644205017}, ""checkpoint_model_cost"": {""count"": 1.0, ""seconds"": 7.395899956463836e-05}, ""destroy:random_customer_removal"": {""count"": 2658.0, ""seconds"": 0.13498773500759853}, ""destroy:route_segment_removal"": {""count"": 2655.0, ""seconds"": 0.1144573780693463}, ""destroy:shaw_related_removal"": {""count"": 2655.0, ""seconds"": 0.6146532360107813}, ""destroy:vehicle_type_swap"": {""count"": 2655.0, ""seconds"": 0.8165777650101518}, ""destroy:whole_route_removal"": {""count"": 2655.0, ""seconds"": 0.08813867292701616}, ""destroy:worst_customer_removal"": {""count"": 2658.0, ""seconds"": 0.12622229187036282}, ""final_check"": {""count"": 1.0, ""seconds"": 0.00010091700096381828}, ""full_candidate_score"": {""count"": 15936.0, ""seconds"": 2.7041640298739367}, ""history_model_cost"": {""count"": 1.0, ""seconds"": 0.00010575000123935752}, ""initial_reference_score"": {""count"": 1.0, ""seconds"": 0.00022499999977299012}, ""repair:greedy_insert_repair"": {""count"": 5312.0, ""seconds"": 8.960291046976636}, ""repair:regret2_insert_repair"": {""count"": 5312.0, ""seconds"": 8.91088087002936}, ""repair:regret3_insert_repair"": {""count"": 5312.0, ""seconds"": 9.075066634097311}, ""repair_full_check"": {""count"": 31872.0, ""seconds"": 2.926844615580194}, ""repair_solution_score"": {""count"": 2655.0, ""seconds"": 0.17661114197107963}, ""route_model_cost"": {""count"": 28417.0, ""seconds"": 0.6497659657434269}, ""scan_build"": {""count"": 64.0, ""seconds"": 0.014154879994748626}, ""scan_score"": {""count"": 64.0, ""seconds"": 0.008790958003373817}}",0,False,False,0.25,,
{},16000,LNS,150.0,2320.739433561989,vanilla,1,,/Volumes/移动硬盘（512G）/ReSETP/baselines/e2_alns/high_tension_separation_probe_stage_a_data/checkpoints/wc150/e2-vanilla-50c-01__LNS__seed1.json,True,7cb71f35c46fbd099747fc0d18c15a95315b746d,wallclock,4,7,234.95156708300055,1,1,16000,68.09914144708698,,True,OK,e2-vanilla-50c-01,2,2.3.5,/opt/anaconda3/bin/python3.13,1,8,600.0,wc150,150kWh same wall-clock,1,50,OK,{},0,False,False,0.125,,
"{""SETP_ALNS_CRUSH_ADAPTIVE_Q"": ""1"", ""SETP_ALNS_CRUSH_LOCAL_SEARCH"": ""0"", ""SETP_ALNS_CRUSH_REPAIR_STRUCTURE_CACHE"": ""1"", ""SETP_ALNS_CRUSH_ROUTE_COST_CACHE"": ""1"", ""SETP_ALNS_CRUSH_ROUTE_ELIMINATION"": ""0"", ""SETP_ALNS_CRUSH_SA_ACCEPTANCE"": ""1"", ""SETP_ALNS_CRUSH_SA_MODE"": ""lns_cooling"", ""SETP_ALNS_CRUSH_SCAN_REBUILD"": ""1"", ""SETP_ALNS_CRUSH_SCAN_RESTART"": ""1"", ""SETP_ALNS_CRUSH_TIMING_LEDGER"": ""1"", ""SETP_ALNS_CRUSH_TRUE_ACCEPTANCE"": ""0"", ""SETP_ALNS_CRUSH_TRUE_REPAIR"": ""1""}",16000,alns_e2_throughput,150.0,2320.739433561989,vanilla,1,,/Volumes/移动硬盘（512G）/ReSETP/baselines/e2_alns/high_tension_separation_probe_stage_a_data/checkpoints/wc150/e2-vanilla-50c-01__alns_e2_throughput__seed1.json,True,7cb71f35c46fbd099747fc0d18c15a95315b746d,wallclock,4,7,75.8203182920006,1,1,16000,211.02522859875776,,True,OK,e2-vanilla-50c-01,2,2.3.5,/opt/anaconda3/bin/python3.13,1,8,600.0,wc150,150kWh same wall-clock,1,50,OK,"{""acceptance"": {""count"": 15936.0, ""seconds"": 0.003920407951227389}, ""checkpoint_model_cost"": {""count"": 1.0, ""seconds"": 0.00013795799895888194}, ""destroy:random_customer_removal"": {""count"": 2658.0, ""seconds"": 0.22602305794498534}, ""destroy:route_segment_removal"": {""count"": 2655.0, ""seconds"": 0.21298605801712256}, ""destroy:shaw_related_removal"": {""count"": 2655.0, ""seconds"": 2.674703814995155}, ""destroy:vehicle_type_swap"": {""count"": 2655.0, ""seconds"": 2.8247045599273406}, ""destroy:whole_route_removal"": {""count"": 2655.0, ""seconds"": 0.1771339760198316}, ""destroy:worst_customer_removal"": {""count"": 2658.0, ""seconds"": 0.2295144140443881}, ""final_check"": {""count"": 1.0, ""seconds"": 0.0001765000015439}, ""full_candidate_score"": {""count"": 15936.0, ""seconds"": 4.8065161940940015}, ""history_model_cost"": {""count"": 1.0, ""seconds"": 0.00018266600091010332}, ""initial_reference_score"": {""count"": 1.0, ""seconds"": 0.0003392079997865949}, ""repair:greedy_insert_repair"": {""count"": 5312.0, ""seconds"": 21.85021868687545}, ""repair:regret2_insert_repair"": {""count"": 5312.0, ""seconds"": 22.326632305142994}, ""repair:regret3_insert_repair"": {""count"": 5312.0, ""seconds"": 22.272744457957742}, ""repair_full_check"": {""count"": 31872.0, ""seconds"": 5.623520389417536}, ""repair_solution_score"": {""count"": 5310.0, ""seconds"": 0.6980878172507801}, ""route_model_cost"": {""count"": 122733.0, ""seconds"": 2.7614390883281885}, ""scan_build"": {""count"": 64.0, ""seconds"": 0.027747912008635467}, ""scan_score"": {""count"": 64.0, ""seconds"": 0.016241326007730095}}",0,False,False,0.125,,
{},16000,LNS,150.0,3817.814283649194,vanilla,1,,/Volumes/移动硬盘（512G）/ReSETP/baselines/e2_alns/high_tension_separation_probe_stage_a_data/checkpoints/wc150/e2-vanilla-75c-01__LNS__seed1.json,True,7cb71f35c46fbd099747fc0d18c15a95315b746d,wallclock,6,11,341.2837287080001,1,1,16000,46.881813148758354,,True,OK,e2-vanilla-75c-01,2,2.3.5,/opt/anaconda3/bin/python3.13,1,12,900.0,wc150,150kWh same wall-clock,1,75,OK,{},0,False,False,0.08333333333333333,,
"{""SETP_ALNS_CRUSH_ADAPTIVE_Q"": ""1"", ""SETP_ALNS_CRUSH_LOCAL_SEARCH"": ""0"", ""SETP_ALNS_CRUSH_REPAIR_STRUCTURE_CACHE"": ""1"", ""SETP_ALNS_CRUSH_ROUTE_COST_CACHE"": ""1"", ""SETP_ALNS_CRUSH_ROUTE_ELIMINATION"": ""0"", ""SETP_ALNS_CRUSH_SA_ACCEPTANCE"": ""1"", ""SETP_ALNS_CRUSH_SA_MODE"": ""lns_cooling"", ""SETP_ALNS_CRUSH_SCAN_REBUILD"": ""1"", ""SETP_ALNS_CRUSH_SCAN_RESTART"": ""1"", ""SETP_ALNS_CRUSH_TIMING_LEDGER"": ""1"", ""SETP_ALNS_CRUSH_TRUE_ACCEPTANCE"": ""0"", ""SETP_ALNS_CRUSH_TRUE_REPAIR"": ""1""}",16000,alns_e2_throughput,150.0,3817.814283649194,vanilla,1,,/Volumes/移动硬盘（512G）/ReSETP/baselines/e2_alns/high_tension_separation_probe_stage_a_data/checkpoints/wc150/e2-vanilla-75c-01__alns_e2_throughput__seed1.json,True,7cb71f35c46fbd099747fc0d18c15a95315b746d,wallclock,6,11,144.37792162499682,1,1,16000,110.82026822326722,,True,OK,e2-vanilla-75c-01,2,2.3.5,/opt/anaconda3/bin/python3.13,1,12,900.0,wc150,150kWh same wall-clock,1,75,OK,"{""acceptance"": {""count"": 15936.0, ""seconds"": 0.003959417132136878}, ""checkpoint_model_cost"": {""count"": 1.0, ""seconds"": 0.00019241699919803068}, ""destroy:random_customer_removal"": {""count"": 2658.0, ""seconds"": 0.3068269190407591}, ""destroy:route_segment_removal"": {""count"": 2655.0, ""seconds"": 0.31745961990964133}, ""destroy:shaw_related_removal"": {""count"": 2655.0, ""seconds"": 6.685404668034607}, ""destroy:vehicle_type_swap"": {""count"": 2655.0, ""seconds"": 2.190484002876474}, ""destroy:whole_route_removal"": {""count"": 2655.0, ""seconds"": 0.27571670215547783}, ""destroy:worst_customer_removal"": {""count"": 2658.0, ""seconds"": 0.34028222501365235}, ""final_check"": {""count"": 1.0, ""seconds"": 0.00023541699920315295}, ""full_candidate_score"": {""count"": 15936.0, ""seconds"": 6.8653530357187265}, ""history_model_cost"": {""count"": 1.0, ""seconds"": 0.0002406249986961484}, ""initial_reference_score"": {""count"": 1.0, ""seconds"": 0.0005189170005905908}, ""repair:greedy_insert_repair"": {""count"": 5312.0, ""seconds"": 42.652880551002454}, ""repair:regret2_insert_repair"": {""count"": 5312.0, ""seconds"": 44.692520654916734}, ""repair:regret3_insert_repair"": {""count"": 5312.0, ""seconds"": 43.826447191218904}, ""repair_full_check"": {""count"": 31872.0, ""seconds"": 8.692737760145974}, ""repair_solution_score"": {""count"": 2655.0, ""seconds"": 0.4897564849052287}, ""route_model_cost"": {""count"": 248580.0, ""seconds"": 5.609699276606989}, ""scan_build"": {""count"": 64.0, ""seconds"": 0.042853711998759536}, ""scan_score"": {""count"": 64.0, ""seconds"": 0.024461202996462816}}",0,False,False,0.08333333333333333,,
{},16000,LNS,280.0,3960.9142264324673,multidepot,1,,/Volumes/移动硬盘（512G）/ReSETP/baselines/e2_alns/high_tension_separation_probe_stage_a_data/checkpoints/wc280/e2-multidepot-100c-01__LNS__seed1.json,True,7cb71f35c46fbd099747fc0d18c15a95315b746d,wallclock,7,14,521.1557689580004,1,1,16000,30.70099373933905,,True,OK,e2-multidepot-100c-01,2,2.3.5,/opt/anaconda3/bin/python3.13,1,15,900.0,wc280,280kWh same wall-clock,1,100,OK,{},0,False,False,0.06666666666666667,,
"{""SETP_ALNS_CRUSH_ADAPTIVE_Q"": ""1"", ""SETP_ALNS_CRUSH_LOCAL_SEARCH"": ""0"", ""SETP_ALNS_CRUSH_REPAIR_STRUCTURE_CACHE"": ""1"", ""SETP_ALNS_CRUSH_ROUTE_COST_CACHE"": ""1"", ""SETP_ALNS_CRUSH_ROUTE_ELIMINATION"": ""0"", ""SETP_ALNS_CRUSH_SA_ACCEPTANCE"": ""1"", ""SETP_ALNS_CRUSH_SA_MODE"": ""lns_cooling"", ""SETP_ALNS_CRUSH_SCAN_REBUILD"": ""1"", ""SETP_ALNS_CRUSH_SCAN_RESTART"": ""1"", ""SETP_ALNS_CRUSH_TIMING_LEDGER"": ""1"", ""SETP_ALNS_CRUSH_TRUE_ACCEPTANCE"": ""0"", ""SETP_ALNS_CRUSH_TRUE_REPAIR"": ""1""}",16000,alns_e2_throughput,280.0,3960.9142264324673,multidepot,1,,/Volumes/移动硬盘（512G）/ReSETP/baselines/e2_alns/high_tension_separation_probe_stage_a_data/checkpoints/wc280/e2-multidepot-100c-01__alns_e2_throughput__seed1.json,True,7cb71f35c46fbd099747fc0d18c15a95315b746d,wallclock,7,14,273.19867091599735,1,1,16000,58.56543864709961,,True,OK,e2-multidepot-100c-01,2,2.3.5,/opt/anaconda3/bin/python3.13,1,15,900.0,wc280,280kWh same wall-clock,1,100,OK,"{""acceptance"": {""count"": 15936.0, ""seconds"": 0.00409501218382502}, ""checkpoint_model_cost"": {""count"": 1.0, ""seconds"": 0.0002449999992677476}, ""destroy:random_customer_removal"": {""count"": 2658.0, ""seconds"": 0.4119129729224369}, ""destroy:route_segment_removal"": {""count"": 2655.0, ""seconds"": 0.4509201390683302}, ""destroy:shaw_related_removal"": {""count"": 2655.0, ""seconds"": 13.924107780934719}, ""destroy:vehicle_type_swap"": {""count"": 2655.0, ""seconds"": 4.942842106069293}, ""destroy:whole_route_removal"": {""count"": 2655.0, ""seconds"": 0.4010072110249894}, ""destroy:worst_customer_removal"": {""count"": 2658.0, ""seconds"": 0.46928709202984464}, ""final_check"": {""count"": 1.0, ""seconds"": 0.00031062500056577846}, ""full_candidate_score"": {""count"": 15936.0, ""seconds"": 8.847863703082112}, ""history_model_cost"": {""count"": 1.0, ""seconds"": 0.00029383400033111684}, ""initial_reference_score"": {""count"": 1.0, ""seconds"": 0.0006029169999237638}, ""repair:greedy_insert_repair"": {""count"": 5312.0, ""seconds"": 82.5855181369734}, ""repair:regret2_insert_repair"": {""count"": 5312.0, ""seconds"": 82.86801263408779}, ""repair:regret3_insert_repair"": {""count"": 5312.0, ""seconds"": 84.06466992977221}, ""repair_full_check"": {""count"": 31872.0, ""seconds"": 10.571442059172114}, ""repair_solution_score"": {""count"": 5724.0, ""seconds"": 1.3717349460057449}, ""route_model_cost"": {""count"": 631670.0, ""seconds"": 14.862452905879763}, ""scan_build"": {""count"": 64.0, ""seconds"": 0.06541791700874455}, ""scan_score"": {""count"": 64.0, ""seconds"": 0.03397700499772327}}",0,False,False,0.06666666666666667,,
{},16000,LNS,280.0,476.14411336859115,multidepot,1,,/Volumes/移动硬盘（512G）/ReSETP/baselines/e2_alns/high_tension_separation_probe_stage_a_data/checkpoints/wc280/e2-multidepot-10c-01__LNS__seed1.json,True,7cb71f35c46fbd099747fc0d18c15a95315b746d,wallclock,1,2,31.8682650419978,1,1,16000,502.0668674279662,,True,OK,e2-multidepot-10c-01,2,2.3.5,/opt/anaconda3/bin/python3.13,1,3,300.0,wc280,280kWh same wall-clock,1,10,OK,{},0,False,False,0.3333333333333333,,
"{""SETP_ALNS_CRUSH_ADAPTIVE_Q"": ""1"", ""SETP_ALNS_CRUSH_LOCAL_SEARCH"": ""0"", ""SETP_ALNS_CRUSH_REPAIR_STRUCTURE_CACHE"": ""1"", ""SETP_ALNS_CRUSH_ROUTE_COST_CACHE"": ""1"", ""SETP_ALNS_CRUSH_ROUTE_ELIMINATION"": ""0"", ""SETP_ALNS_CRUSH_SA_ACCEPTANCE"": ""1"", ""SETP_ALNS_CRUSH_SA_MODE"": ""lns_cooling"", ""SETP_ALNS_CRUSH_SCAN_REBUILD"": ""1"", ""SETP_ALNS_CRUSH_SCAN_RESTART"": ""1"", ""SETP_ALNS_CRUSH_TIMING_LEDGER"": ""1"", ""SETP_ALNS_CRUSH_TRUE_ACCEPTANCE"": ""0"", ""SETP_ALNS_CRUSH_TRUE_REPAIR"": ""1""}",16000,alns_e2_throughput,280.0,360.2189817754974,multidepot,1,,/Volumes/移动硬盘（512G）/ReSETP/baselines/e2_alns/high_tension_separation_probe_stage_a_data/checkpoints/wc280/e2-multidepot-10c-01__alns_e2_throughput__seed1.json,True,7cb71f35c46fbd099747fc0d18c15a95315b746d,wallclock,1,1,10.428021458999865,1,1,16000,1534.3274908771175,,True,OK,e2-multidepot-10c-01,1,2.3.5,/opt/anaconda3/bin/python3.13,1,2,300.0,wc280,280kWh same wall-clock,1,10,OK,"{""acceptance"": {""count"": 15936.0, ""seconds"": 0.012944299891387345}, ""checkpoint_model_cost"": {""count"": 6.0, ""seconds"": 0.00024375000793952495}, ""destroy:random_customer_removal"": {""count"": 942.0, ""seconds"": 0.03228286895318888}, ""destroy:route_segment_removal"": {""count"": 10516.0, ""seconds"": 0.2649796902551316}, ""destroy:shaw_related_removal"": {""count"": 942.0, ""seconds"": 0.057230579972383566}, ""destroy:vehicle_type_swap"": {""count"": 942.0, ""seconds"": 0.3849716060285573}, ""destroy:whole_route_removal"": {""count"": 1652.0, ""seconds"": 0.029281299885042245}, ""destroy:worst_customer_removal"": {""count"": 942.0, ""seconds"": 0.024113244999171002}, ""final_check"": {""count"": 1.0, ""seconds"": 8.808300117379986e-05}, ""full_candidate_score"": {""count"": 15936.0, ""seconds"": 2.0486930131919507}, ""history_model_cost"": {""count"": 6.0, ""seconds"": 0.0002742100004979875}, ""initial_reference_score"": {""count"": 1.0, ""seconds"": 0.00014583300071535632}, ""local_search"": {""count"": 2788.0, ""seconds"": 0.0029204358434071764}, ""repair:greedy_insert_repair"": {""count"": 11458.0, ""seconds"": 4.73783613206615}, ""repair:regret2_insert_repair"": {""count"": 2519.0, ""seconds"": 1.5897361800416547}, ""repair:regret3_insert_repair"": {""count"": 1959.0, ""seconds"": 1.0447487919991545}, ""repair_full_check"": {""count"": 16975.0, ""seconds"": 1.5548610040314088}, ""repair_solution_score"": {""count"": 1881.0, ""seconds"": 0.07736353806831175}, ""route_model_cost"": {""count"": 866.0, ""seconds"": 0.018065036954794778}, ""scan_build"": {""count"": 64.0, ""seconds"": 0.005332374996214639}, ""scan_score"": {""count"": 64.0, ""seconds"": 0.004562836013064953}}",0,False,False,0.5,,
{},16000,LNS,280.0,5488.782859056312,multidepot,1,,/Volumes/移动硬盘（512G）/ReSETP/baselines/e2_alns/high_tension_separation_probe_stage_a_data/checkpoints/wc280/e2-multidepot-150c-01__LNS__seed1.json,True,7cb71f35c46fbd099747fc0d18c15a95315b746d,wallclock,10,21,845.7571827909997,1,1,16000,18.917959345257916,,True,OK,e2-multidepot-150c-01,3,2.3.5,/opt/anaconda3/bin/python3.13,1,22,900.0,wc280,280kWh same wall-clock,1,150,OK,{},0,False,False,0.045454545454545456,,
"{""SETP_ALNS_CRUSH_ADAPTIVE_Q"": ""1"", ""SETP_ALNS_CRUSH_LOCAL_SEARCH"": ""0"", ""SETP_ALNS_CRUSH_REPAIR_STRUCTURE_CACHE"": ""1"", ""SETP_ALNS_CRUSH_ROUTE_COST_CACHE"": ""1"", ""SETP_ALNS_CRUSH_ROUTE_ELIMINATION"": ""0"", ""SETP_ALNS_CRUSH_SA_ACCEPTANCE"": ""1"", ""SETP_ALNS_CRUSH_SA_MODE"": ""lns_cooling"", ""SETP_ALNS_CRUSH_SCAN_REBUILD"": ""1"", ""SETP_ALNS_CRUSH_SCAN_RESTART"": ""1"", ""SETP_ALNS_CRUSH_TIMING_LEDGER"": ""1"", ""SETP_ALNS_CRUSH_TRUE_ACCEPTANCE"": ""0"", ""SETP_ALNS_CRUSH_TRUE_REPAIR"": ""1""}",16000,alns_e2_throughput,280.0,5488.782859056312,multidepot,1,,/Volumes/移动硬盘（512G）/ReSETP/baselines/e2_alns/high_tension_separation_probe_stage_a_data/checkpoints/wc280/e2-multidepot-150c-01__alns_e2_throughput__seed1.json,True,7cb71f35c46fbd099747fc0d18c15a95315b746d,wallclock,10,21,640.6184640840002,1,1,16000,24.975864569994698,,True,OK,e2-multidepot-150c-01,3,2.3.5,/opt/anaconda3/bin/python3.13,1,22,900.0,wc280,280kWh same wall-clock,1,150,OK,"{""acceptance"": {""count"": 15936.0, ""seconds"": 0.004209699749480933}, ""checkpoint_model_cost"": {""count"": 1.0, ""seconds"": 0.0003628750018833671}, ""destroy:random_customer_removal"": {""count"": 2658.0, ""seconds"": 0.642565298028785}, ""destroy:route_segment_removal"": {""count"": 2655.0, ""seconds"": 0.7581395408706157}, ""destroy:shaw_related_removal"": {""count"": 2655.0, ""seconds"": 38.473930456071685}, ""destroy:vehicle_type_swap"": {""count"": 2655.0, ""seconds"": 5.837746779874578}, ""destroy:whole_route_removal"": {""count"": 2655.0, ""seconds"": 0.687814028984576}, ""destroy:worst_customer_removal"": {""count"": 2658.0, ""seconds"": 0.775244949010812}, ""final_check"": {""count"": 1.0, ""seconds"": 0.0004889579977316316}, ""full_candidate_score"": {""count"": 15936.0, ""seconds"": 13.45218524322263}, ""history_model_cost"": {""count"": 1.0, ""seconds"": 0.00043541600098251365}, ""initial_reference_score"": {""count"": 1.0, ""seconds"": 0.0008936249978432897}, ""repair:greedy_insert_repair"": {""count"": 5312.0, ""seconds"": 189.28529804008576}, ""repair:regret2_insert_repair"": {""count"": 5312.0, ""seconds"": 198.38704412119114}, ""repair:regret3_insert_repair"": {""count"": 5312.0, ""seconds"": 200.6214516250766}, ""repair_full_check"": {""count"": 31872.0, ""seconds"": 17.46273131606722}, ""repair_solution_score"": {""count"": 4645.0, ""seconds"": 1.675111663982534}, ""route_model_cost"": {""count"": 1314460.0, ""seconds"": 32.880912695472944}, ""scan_build"": {""count"": 64.0, ""seconds"": 0.10500887300804607}, ""scan_score"": {""count"": 64.0, ""seconds"": 0.049097169994638534}}",0,False,False,0.045454545454545456,,
{},16000,LNS,280.0,621.371321439464,multidepot,0,,/Volumes/移动硬盘（512G）/ReSETP/baselines/e2_alns/high_tension_separation_probe_stage_a_data/checkpoints/wc280/e2-multidepot-15c-01__LNS__seed1.json,True,7cb71f35c46fbd099747fc0d18c15a95315b746d,wallclock,2,2,32.11446112499834,0,0,16000,498.2179192645826,,True,OK,e2-multidepot-15c-01,1,2.3.5,/opt/anaconda3/bin/python3.13,1,2,300.0,wc280,280kWh same wall-clock,1,15,OK,{},0,True,False,0.0,,
"{""SETP_ALNS_CRUSH_ADAPTIVE_Q"": ""1"", ""SETP_ALNS_CRUSH_LOCAL_SEARCH"": ""0"", ""SETP_ALNS_CRUSH_REPAIR_STRUCTURE_CACHE"": ""1"", ""SETP_ALNS_CRUSH_ROUTE_COST_CACHE"": ""1"", ""SETP_ALNS_CRUSH_ROUTE_ELIMINATION"": ""0"", ""SETP_ALNS_CRUSH_SA_ACCEPTANCE"": ""1"", ""SETP_ALNS_CRUSH_SA_MODE"": ""lns_cooling"", ""SETP_ALNS_CRUSH_SCAN_REBUILD"": ""1"", ""SETP_ALNS_CRUSH_SCAN_RESTART"": ""1"", ""SETP_ALNS_CRUSH_TIMING_LEDGER"": ""1"", ""SETP_ALNS_CRUSH_TRUE_ACCEPTANCE"": ""0"", ""SETP_ALNS_CRUSH_TRUE_REPAIR"": ""1""}",16000,alns_e2_throughput,280.0,621.371321439464,multidepot,0,,/Volumes/移动硬盘（512G）/ReSETP/baselines/e2_alns/high_tension_separation_probe_stage_a_data/checkpoints/wc280/e2-multidepot-15c-01__alns_e2_throughput__seed1.json,True,7cb71f35c46fbd099747fc0d18c15a95315b746d,wallclock,2,2,13.948996833998535,0,0,16000,1147.0358901367345,,True,OK,e2-multidepot-15c-01,1,2.3.5,/opt/anaconda3/bin/python3.13,1,2,300.0,wc280,280kWh same wall-clock,1,15,OK,"{""acceptance"": {""count"": 15936.0, ""seconds"": 0.005224015851126751}, ""checkpoint_model_cost"": {""count"": 2.0, ""seconds"": 9.037500058184378e-05}, ""destroy:random_customer_removal"": {""count"": 2180.0, ""seconds"": 0.07369298589037498}, ""destroy:route_segment_removal"": {""count"": 2319.0, ""seconds"": 0.06429510096131708}, ""destroy:shaw_related_removal"": {""count"": 6284.0, ""seconds"": 0.5473485678958241}, ""destroy:vehicle_type_swap"": {""count"": 1449.0, ""seconds"": 0.12784750907303533}, ""destroy:whole_route_removal"": {""count"": 2255.0, ""seconds"": 0.04320047809233074}, ""destroy:worst_customer_removal"": {""count"": 1449.0, ""seconds"": 0.041634938042989234}, ""final_check"": {""count"": 1.0, ""seconds"": 4.324999827076681e-05}, ""full_candidate_score"": {""count"": 15936.0, ""seconds"": 1.3396207990736002}, ""history_model_cost"": {""count"": 2.0, ""seconds"": 0.00011241700121900067}, ""initial_reference_score"": {""count"": 1.0, ""seconds"": 0.0001357080000161659}, ""local_search"": {""count"": 376.0, ""seconds"": 0.0004437159368535504}, ""repair:greedy_insert_repair"": {""count"": 3627.0, ""seconds"": 2.5824381149868714}, ""repair:regret2_insert_repair"": {""count"": 3769.0, ""seconds"": 2.24518739893756}, ""repair:regret3_insert_repair"": {""count"": 8540.0, ""seconds"": 6.307003236084711}, ""repair_full_check"": {""count"": 19822.0, ""seconds"": 1.3242137116940285}, ""route_model_cost"": {""count"": 3481.0, ""seconds"": 0.06966489011028898}, ""scan_build"": {""count"": 64.0, ""seconds"": 0.008472375986457337}, ""scan_score"": {""count"": 64.0, ""seconds"": 0.006592790025024442}}",0,True,False,0.0,,
{},11292,LNS,280.0,6608.239546640648,multidepot,1,,/Volumes/移动硬盘（512G）/ReSETP/baselines/e2_alns/high_tension_separation_probe_stage_a_data/checkpoints/wc280/e2-multidepot-200c-01__LNS__seed1.json,True,7cb71f35c46fbd099747fc0d18c15a95315b746d,wallclock,14,28,905.6227404590027,1,1,16000,12.468768169709168,,True,OK,e2-multidepot-200c-01,2,2.3.5,/opt/anaconda3/bin/python3.13,1,29,900.0,wc280,280kWh same wall-clock,1,200,OK,{},0,False,False,0.034482758620689655,,
"{""SETP_ALNS_CRUSH_ADAPTIVE_Q"": ""1"", ""SETP_ALNS_CRUSH_LOCAL_SEARCH"": ""0"", ""SETP_ALNS_CRUSH_REPAIR_STRUCTURE_CACHE"": ""1"", ""SETP_ALNS_CRUSH_ROUTE_COST_CACHE"": ""1"", ""SETP_ALNS_CRUSH_ROUTE_ELIMINATION"": ""0"", ""SETP_ALNS_CRUSH_SA_ACCEPTANCE"": ""1"", ""SETP_ALNS_CRUSH_SA_MODE"": ""lns_cooling"", ""SETP_ALNS_CRUSH_SCAN_REBUILD"": ""1"", ""SETP_ALNS_CRUSH_SCAN_RESTART"": ""1"", ""SETP_ALNS_CRUSH_TIMING_LEDGER"": ""1"", ""SETP_ALNS_CRUSH_TRUE_ACCEPTANCE"": ""0"", ""SETP_ALNS_CRUSH_TRUE_REPAIR"": ""1""}",8394,alns_e2_throughput,280.0,6608.239546640648,multidepot,1,,/Volumes/移动硬盘（512G）/ReSETP/baselines/e2_alns/high_tension_separation_probe_stage_a_data/checkpoints/wc280/e2-multidepot-200c-01__alns_e2_throughput__seed1.json,True,7cb71f35c46fbd099747fc0d18c15a95315b746d,wallclock,14,28,907.3348573750009,1,1,16000,9.251270279954388,,True,OK,e2-multidepot-200c-01,2,2.3.5,/opt/anaconda3/bin/python3.13,1,29,900.0,wc280,280kWh same wall-clock,1,200,OK,"{""acceptance"": {""count"": 8360.0, ""seconds"": 0.002266503081045812}, ""checkpoint_model_cost"": {""count"": 1.0, ""seconds"": 0.00047375000212923624}, ""destroy:random_customer_removal"": {""count"": 1395.0, ""seconds"": 0.4926092300665914}, ""destroy:route_segment_removal"": {""count"": 1392.0, ""seconds"": 0.6258064259054663}, ""destroy:shaw_related_removal"": {""count"": 1394.0, ""seconds"": 46.44207787400228}, ""destroy:vehicle_type_swap"": {""count"": 1392.0, ""seconds"": 5.363600710083119}, ""destroy:whole_route_removal"": {""count"": 1392.0, ""seconds"": 0.5802855520305457}, ""destroy:worst_customer_removal"": {""count"": 1395.0, ""seconds"": 0.595153947982908}, ""final_check"": {""count"": 1.0, ""seconds"": 0.0006785000005038455}, ""full_candidate_score"": {""count"": 8360.0, ""seconds"": 9.603074024023954}, ""history_model_cost"": {""count"": 1.0, ""seconds"": 0.0005592499983322341}, ""initial_reference_score"": {""count"": 1.0, ""seconds"": 0.0011909579989151098}, ""repair:greedy_insert_repair"": {""count"": 2787.0, ""seconds"": 276.0249465630732}, ""repair:regret2_insert_repair"": {""count"": 2787.0, ""seconds"": 292.98679901798823}, ""repair:regret3_insert_repair"": {""count"": 2786.0, ""seconds"": 276.01094127496253}, ""repair_full_check"": {""count"": 16720.0, ""seconds"": 13.195272947170452}, ""repair_solution_score"": {""count"": 3362.0, ""seconds"": 1.5832649068433966}, ""route_model_cost"": {""count"": 1645670.0, ""seconds"": 42.44346268690788}, ""scan_build"": {""count"": 34.0, ""seconds"": 0.08445354301147745}, ""scan_score"": {""count"": 34.0, ""seconds"": 0.0366519589915697}}",0,False,False,0.034482758620689655,,
{},16000,LNS,280.0,1130.7005298293218,multidepot,1,,/Volumes/移动硬盘（512G）/ReSETP/baselines/e2_alns/high_tension_separation_probe_stage_a_data/checkpoints/wc280/e2-multidepot-20c-01__LNS__seed1.json,True,7cb71f35c46fbd099747fc0d18c15a95315b746d,wallclock,2,4,88.89800133400058,1,1,16000,179.98154919013373,,True,OK,e2-multidepot-20c-01,2,2.3.5,/opt/anaconda3/bin/python3.13,1,5,300.0,wc280,280kWh same wall-clock,1,20,OK,{},0,False,False,0.2,,
"{""SETP_ALNS_CRUSH_ADAPTIVE_Q"": ""1"", ""SETP_ALNS_CRUSH_LOCAL_SEARCH"": ""0"", ""SETP_ALNS_CRUSH_REPAIR_STRUCTURE_CACHE"": ""1"", ""SETP_ALNS_CRUSH_ROUTE_COST_CACHE"": ""1"", ""SETP_ALNS_CRUSH_ROUTE_ELIMINATION"": ""0"", ""SETP_ALNS_CRUSH_SA_ACCEPTANCE"": ""1"", ""SETP_ALNS_CRUSH_SA_MODE"": ""lns_cooling"", ""SETP_ALNS_CRUSH_SCAN_REBUILD"": ""1"", ""SETP_ALNS_CRUSH_SCAN_RESTART"": ""1"", ""SETP_ALNS_CRUSH_TIMING_LEDGER"": ""1"", ""SETP_ALNS_CRUSH_TRUE_ACCEPTANCE"": ""0"", ""SETP_ALNS_CRUSH_TRUE_REPAIR"": ""1""}",16000,alns_e2_throughput,280.0,1130.7005298293218,multidepot,1,,/Volumes/移动硬盘（512G）/ReSETP/baselines/e2_alns/high_tension_separation_probe_stage_a_data/checkpoints/wc280/e2-multidepot-20c-01__alns_e2_throughput__seed1.json,True,7cb71f35c46fbd099747fc0d18c15a95315b746d,wallclock,2,4,23.877384082999924,1,1,16000,670.0901549509178,,True,OK,e2-multidepot-20c-01,2,2.3.5,/opt/anaconda3/bin/python3.13,1,5,300.0,wc280,280kWh same wall-clock,1,20,OK,"{""acceptance"": {""count"": 15936.0, ""seconds"": 0.003722824327269336}, ""checkpoint_model_cost"": {""count"": 1.0, ""seconds"": 6.962499901419505e-05}, ""destroy:random_customer_removal"": {""count"": 2658.0, ""seconds"": 0.13561514806133346}, ""destroy:route_segment_removal"": {""count"": 2655.0, ""seconds"": 0.1184825559030287}, ""destroy:shaw_related_removal"": {""count"": 2655.0, ""seconds"": 0.5210901220161759}, ""destroy:vehicle_type_swap"": {""count"": 2655.0, ""seconds"": 1.4996649650092877}, ""destroy:whole_route_removal"": {""count"": 2655.0, ""seconds"": 0.094100722039002}, ""destroy:worst_customer_removal"": {""count"": 2658.0, ""seconds"": 0.12272982706053881}, ""final_check"": {""count"": 1.0, ""seconds"": 9.766699804458767e-05}, ""full_candidate_score"": {""count"": 15936.0, ""seconds"": 2.5608737176444265}, ""history_model_cost"": {""count"": 1.0, ""seconds"": 0.00010137500066775829}, ""initial_reference_score"": {""count"": 1.0, ""seconds"": 0.00021787500008940697}, ""repair:greedy_insert_repair"": {""count"": 5312.0, ""seconds"": 6.41176766200806}, ""repair:regret2_insert_repair"": {""count"": 5312.0, ""seconds"": 6.357578743791237}, ""repair:regret3_insert_repair"": {""count"": 5312.0, ""seconds"": 6.599382014948787}, ""repair_full_check"": {""count"": 31872.0, ""seconds"": 2.5681694672312005}, ""repair_solution_score"": {""count"": 5310.0, ""seconds"": 0.3445187850120419}, ""route_model_cost"": {""count"": 9852.0, ""seconds"": 0.19456623197038425}, ""scan_build"": {""count"": 64.0, ""seconds"": 0.010835294000571594}, ""scan_score"": {""count"": 64.0, ""seconds"": 0.007831168997654459}}",0,False,False,0.2,,
{},16000,LNS,280.0,828.678306576153,multidepot,1,,/Volumes/移动硬盘（512G）/ReSETP/baselines/e2_alns/high_tension_separation_probe_stage_a_data/checkpoints/wc280/e2-multidepot-25c-01__LNS__seed1.json,True,7cb71f35c46fbd099747fc0d18c15a95315b746d,wallclock,2,4,134.41506737500094,1,1,16000,119.0342743002318,,True,OK,e2-multidepot-25c-01,2,2.3.5,/opt/anaconda3/bin/python3.13,1,5,300.0,wc280,280kWh same wall-clock,1,25,OK,{},0,False,False,0.2,,
"{""SETP_ALNS_CRUSH_ADAPTIVE_Q"": ""1"", ""SETP_ALNS_CRUSH_LOCAL_SEARCH"": ""0"", ""SETP_ALNS_CRUSH_REPAIR_STRUCTURE_CACHE"": ""1"", ""SETP_ALNS_CRUSH_ROUTE_COST_CACHE"": ""1"", ""SETP_ALNS_CRUSH_ROUTE_ELIMINATION"": ""0"", ""SETP_ALNS_CRUSH_SA_ACCEPTANCE"": ""1"", ""SETP_ALNS_CRUSH_SA_MODE"": ""lns_cooling"", ""SETP_ALNS_CRUSH_SCAN_REBUILD"": ""1"", ""SETP_ALNS_CRUSH_SCAN_RESTART"": ""1"", ""SETP_ALNS_CRUSH_TIMING_LEDGER"": ""1"", ""SETP_ALNS_CRUSH_TRUE_ACCEPTANCE"": ""0"", ""SETP_ALNS_CRUSH_TRUE_REPAIR"": ""1""}",16000,alns_e2_throughput,280.0,828.678306576153,multidepot,1,,/Volumes/移动硬盘（512G）/ReSETP/baselines/e2_alns/high_tension_separation_probe_stage_a_data/checkpoints/wc280/e2-multidepot-25c-01__alns_e2_throughput__seed1.json,True,7cb71f35c46fbd099747fc0d18c15a95315b746d,wallclock,2,4,33.20159212500221,1,1,16000,481.90460083241976,,True,OK,e2-multidepot-25c-01,2,2.3.5,/opt/anaconda3/bin/python3.13,1,5,300.0,wc280,280kWh same wall-clock,1,25,OK,"{""acceptance"": {""count"": 15936.0, ""seconds"": 0.004022956400149269}, ""checkpoint_model_cost"": {""count"": 1.0, ""seconds"": 7.695800013607368e-05}, ""destroy:random_customer_removal"": {""count"": 2658.0, ""seconds"": 0.15399089795755572}, ""destroy:route_segment_removal"": {""count"": 2655.0, ""seconds"": 0.128142636094708}, ""destroy:shaw_related_removal"": {""count"": 2655.0, ""seconds"": 0.7050365070281259}, ""destroy:vehicle_type_swap"": {""count"": 2655.0, ""seconds"": 2.425632641057746}, ""destroy:whole_route_removal"": {""count"": 2655.0, ""seconds"": 0.10266575388959609}, ""destroy:worst_customer_removal"": {""count"": 2658.0, ""seconds"": 0.13857368197932374}, ""final_check"": {""count"": 1.0, ""seconds"": 0.00010299999848939478}, ""full_candidate_score"": {""count"": 15936.0, ""seconds"": 2.8776345510013925}, ""history_model_cost"": {""count"": 1.0, ""seconds"": 0.00010449999899719842}, ""initial_reference_score"": {""count"": 1.0, ""seconds"": 0.0002324169981875457}, ""repair:greedy_insert_repair"": {""count"": 5312.0, ""seconds"": 9.284143502925872}, ""repair:regret2_insert_repair"": {""count"": 5312.0, ""seconds"": 9.01465486907182}, ""repair:regret3_insert_repair"": {""count"": 5312.0, ""seconds"": 9.167762492888869}, ""repair_full_check"": {""count"": 31872.0, ""seconds"": 2.92506795967347}, ""repair_solution_score"": {""count"": 7965.0, ""seconds"": 0.5819000061092083}, ""route_model_cost"": {""count"": 21848.0, ""seconds"": 0.5102081079130585}, ""scan_build"": {""count"": 64.0, ""seconds"": 0.013726753975788597}, ""scan_score"": {""count"": 64.0, ""seconds"": 0.009108624013606459}}",0,False,False,0.2,,
{},16000,LNS,280.0,2020.688951370618,multidepot,1,,/Volumes/移动硬盘（512G）/ReSETP/baselines/e2_alns/high_tension_separation_probe_stage_a_data/checkpoints/wc280/e2-multidepot-50c-01__LNS__seed1.json,True,7cb71f35c46fbd099747fc0d18c15a95315b746d,wallclock,4,8,237.9161314169978,1,1,16000,67.25058912443667,,True,OK,e2-multidepot-50c-01,2,2.3.5,/opt/anaconda3/bin/python3.13,1,9,600.0,wc280,280kWh same wall-clock,1,50,OK,{},0,False,False,0.1111111111111111,,
"{""SETP_ALNS_CRUSH_ADAPTIVE_Q"": ""1"", ""SETP_ALNS_CRUSH_LOCAL_SEARCH"": ""0"", ""SETP_ALNS_CRUSH_REPAIR_STRUCTURE_CACHE"": ""1"", ""SETP_ALNS_CRUSH_ROUTE_COST_CACHE"": ""1"", ""SETP_ALNS_CRUSH_ROUTE_ELIMINATION"": ""0"", ""SETP_ALNS_CRUSH_SA_ACCEPTANCE"": ""1"", ""SETP_ALNS_CRUSH_SA_MODE"": ""lns_cooling"", ""SETP_ALNS_CRUSH_SCAN_REBUILD"": ""1"", ""SETP_ALNS_CRUSH_SCAN_RESTART"": ""1"", ""SETP_ALNS_CRUSH_TIMING_LEDGER"": ""1"", ""SETP_ALNS_CRUSH_TRUE_ACCEPTANCE"": ""0"", ""SETP_ALNS_CRUSH_TRUE_REPAIR"": ""1""}",16000,alns_e2_throughput,280.0,2020.688951370618,multidepot,1,,/Volumes/移动硬盘（512G）/ReSETP/baselines/e2_alns/high_tension_separation_probe_stage_a_data/checkpoints/wc280/e2-multidepot-50c-01__alns_e2_throughput__seed1.json,True,7cb71f35c46fbd099747fc0d18c15a95315b746d,wallclock,4,8,79.22537658299916,1,1,16000,201.95549317759145,,True,OK,e2-multidepot-50c-01,2,2.3.5,/opt/anaconda3/bin/python3.13,1,9,600.0,wc280,280kWh same wall-clock,1,50,OK,"{""acceptance"": {""count"": 15936.0, ""seconds"": 0.0037709239841206}, ""checkpoint_model_cost"": {""count"": 1.0, ""seconds"": 0.00013604199921246618}, ""destroy:random_customer_removal"": {""count"": 2658.0, ""seconds"": 0.23206525501882425}, ""destroy:route_segment_removal"": {""count"": 2655.0, ""seconds"": 0.2231124790450849}, ""destroy:shaw_related_removal"": {""count"": 2655.0, ""seconds"": 2.8554662620445015}, ""destroy:vehicle_type_swap"": {""count"": 2655.0, ""seconds"": 5.32755704401643}, ""destroy:whole_route_removal"": {""count"": 2655.0, ""seconds"": 0.19027462896337966}, ""destroy:worst_customer_removal"": {""count"": 2658.0, ""seconds"": 0.23673589989266475}, ""final_check"": {""count"": 1.0, ""seconds"": 0.0001703750021988526}, ""full_candidate_score"": {""count"": 15936.0, ""seconds"": 4.847768599087431}, ""history_model_cost"": {""count"": 1.0, ""seconds"": 0.00017466699864598922}, ""initial_reference_score"": {""count"": 1.0, ""seconds"": 0.00035804199796984904}, ""repair:greedy_insert_repair"": {""count"": 5312.0, ""seconds"": 22.192887828827224}, ""repair:regret2_insert_repair"": {""count"": 5312.0, ""seconds"": 22.33228206086642}, ""repair:regret3_insert_repair"": {""count"": 5312.0, ""seconds"": 23.082757577820303}, ""repair_full_check"": {""count"": 31872.0, ""seconds"": 5.372210388552048}, ""repair_solution_score"": {""count"": 10620.0, ""seconds"": 1.388027908924414}, ""route_model_cost"": {""count"": 143678.0, ""seconds"": 3.17143442417364}, ""scan_build"": {""count"": 64.0, ""seconds"": 0.027810711992060533}, ""scan_score"": {""count"": 64.0, ""seconds"": 0.016734044991608243}}",0,False,False,0.1111111111111111,,
{},16000,LNS,280.0,3062.7977925322516,multidepot,1,,/Volumes/移动硬盘（512G）/ReSETP/baselines/e2_alns/high_tension_separation_probe_stage_a_data/checkpoints/wc280/e2-multidepot-75c-01__LNS__seed1.json,True,7cb71f35c46fbd099747fc0d18c15a95315b746d,wallclock,6,12,361.76817262499753,1,1,16000,44.22721845292155,,True,OK,e2-multidepot-75c-01,2,2.3.5,/opt/anaconda3/bin/python3.13,1,13,900.0,wc280,280kWh same wall-clock,1,75,OK,{},0,False,False,0.07692307692307693,,
"{""SETP_ALNS_CRUSH_ADAPTIVE_Q"": ""1"", ""SETP_ALNS_CRUSH_LOCAL_SEARCH"": ""0"", ""SETP_ALNS_CRUSH_REPAIR_STRUCTURE_CACHE"": ""1"", ""SETP_ALNS_CRUSH_ROUTE_COST_CACHE"": ""1"", ""SETP_ALNS_CRUSH_ROUTE_ELIMINATION"": ""0"", ""SETP_ALNS_CRUSH_SA_ACCEPTANCE"": ""1"", ""SETP_ALNS_CRUSH_SA_MODE"": ""lns_cooling"", ""SETP_ALNS_CRUSH_SCAN_REBUILD"": ""1"", ""SETP_ALNS_CRUSH_SCAN_RESTART"": ""1"", ""SETP_ALNS_CRUSH_TIMING_LEDGER"": ""1"", ""SETP_ALNS_CRUSH_TRUE_ACCEPTANCE"": ""0"", ""SETP_ALNS_CRUSH_TRUE_REPAIR"": ""1""}",16000,alns_e2_throughput,280.0,3062.7977925322516,multidepot,1,,/Volumes/移动硬盘（512G）/ReSETP/baselines/e2_alns/high_tension_separation_probe_stage_a_data/checkpoints/wc280/e2-multidepot-75c-01__alns_e2_throughput__seed1.json,True,7cb71f35c46fbd099747fc0d18c15a95315b746d,wallclock,6,12,153.73073133399885,1,1,16000,104.07808420060164,,True,OK,e2-multidepot-75c-01,2,2.3.5,/opt/anaconda3/bin/python3.13,1,13,900.0,wc280,280kWh same wall-clock,1,75,OK,"{""acceptance"": {""count"": 15936.0, ""seconds"": 0.004030340180179337}, ""checkpoint_model_cost"": {""count"": 1.0, ""seconds"": 0.000194958000065526}, ""destroy:random_customer_removal"": {""count"": 2658.0, ""seconds"": 0.32334287303092424}, ""destroy:route_segment_removal"": {""count"": 2655.0, ""seconds"": 0.3397486540416139}, ""destroy:shaw_related_removal"": {""count"": 2655.0, ""seconds"": 7.159921200098324}, ""destroy:vehicle_type_swap"": {""count"": 2655.0, ""seconds"": 4.190592045080848}, ""destroy:whole_route_removal"": {""count"": 2655.0, ""seconds"": 0.29774930001804023}, ""destroy:worst_customer_removal"": {""count"": 2658.0, ""seconds"": 0.3582163720857352}, ""final_check"": {""count"": 1.0, ""seconds"": 0.00024283300081151538}, ""full_candidate_score"": {""count"": 15936.0, ""seconds"": 6.987311588753073}, ""history_model_cost"": {""count"": 1.0, ""seconds"": 0.00023874999897088856}, ""initial_reference_score"": {""count"": 1.0, ""seconds"": 0.00047525000263703987}, ""repair:greedy_insert_repair"": {""count"": 5312.0, ""seconds"": 45.147306920025585}, ""repair:regret2_insert_repair"": {""count"": 5312.0, ""seconds"": 46.41944510301255}, ""repair:regret3_insert_repair"": {""count"": 5312.0, ""seconds"": 46.90098839989878}, ""repair_full_check"": {""count"": 31872.0, ""seconds"": 8.321732988071744}, ""repair_solution_score"": {""count"": 6199.0, ""seconds"": 1.1767814771446865}, ""route_model_cost"": {""count"": 347951.0, ""seconds"": 7.656402729167894}, ""scan_build"": {""count"": 64.0, ""seconds"": 0.04335546000220347}, ""scan_score"": {""count"": 64.0, ""seconds"": 0.02470137400086969}}",0,False,False,0.07692307692307693,,
{},16000,LNS,280.0,4086.253616024695,threeshift,1,,/Volumes/移动硬盘（512G）/ReSETP/baselines/e2_alns/high_tension_separation_probe_stage_a_data/checkpoints/wc280/e2-threeshift-100c-01__LNS__seed1.json,True,7cb71f35c46fbd099747fc0d18c15a95315b746d,wallclock,7,14,535.1719529580005,1,1,16000,29.89693296063977,,True,OK,e2-threeshift-100c-01,2,2.3.5,/opt/anaconda3/bin/python3.13,1,15,900.0,wc280,280kWh same wall-clock,1,100,OK,{},0,False,False,0.06666666666666667,,
"{""SETP_ALNS_CRUSH_ADAPTIVE_Q"": ""1"", ""SETP_ALNS_CRUSH_LOCAL_SEARCH"": ""0"", ""SETP_ALNS_CRUSH_REPAIR_STRUCTURE_CACHE"": ""1"", ""SETP_ALNS_CRUSH_ROUTE_COST_CACHE"": ""1"", ""SETP_ALNS_CRUSH_ROUTE_ELIMINATION"": ""0"", ""SETP_ALNS_CRUSH_SA_ACCEPTANCE"": ""1"", ""SETP_ALNS_CRUSH_SA_MODE"": ""lns_cooling"", ""SETP_ALNS_CRUSH_SCAN_REBUILD"": ""1"", ""SETP_ALNS_CRUSH_SCAN_RESTART"": ""1"", ""SETP_ALNS_CRUSH_TIMING_LEDGER"": ""1"", ""SETP_ALNS_CRUSH_TRUE_ACCEPTANCE"": ""0"", ""SETP_ALNS_CRUSH_TRUE_REPAIR"": ""1""}",16000,alns_e2_throughput,280.0,4086.253616024695,threeshift,1,,/Volumes/移动硬盘（512G）/ReSETP/baselines/e2_alns/high_tension_separation_probe_stage_a_data/checkpoints/wc280/e2-threeshift-100c-01__alns_e2_throughput__seed1.json,True,7cb71f35c46fbd099747fc0d18c15a95315b746d,wallclock,7,14,254.84597995900185,1,1,16000,62.78301899278139,,True,OK,e2-threeshift-100c-01,2,2.3.5,/opt/anaconda3/bin/python3.13,1,15,900.0,wc280,280kWh same wall-clock,1,100,OK,"{""acceptance"": {""count"": 15936.0, ""seconds"": 0.004039821949845646}, ""checkpoint_model_cost"": {""count"": 1.0, ""seconds"": 0.00024516699704690836}, ""destroy:random_customer_removal"": {""count"": 2658.0, ""seconds"": 0.4064809319206688}, ""destroy:route_segment_removal"": {""count"": 2655.0, ""seconds"": 0.4467802430226584}, ""destroy:shaw_related_removal"": {""count"": 2655.0, ""seconds"": 13.875312010877678}, ""destroy:vehicle_type_swap"": {""count"": 2655.0, ""seconds"": 11.713138681854616}, ""destroy:whole_route_removal"": {""count"": 2655.0, ""seconds"": 0.3983613279378915}, ""destroy:worst_customer_removal"": {""count"": 2658.0, ""seconds"": 0.4588149469200289}, ""final_check"": {""count"": 1.0, ""seconds"": 0.00030670799969811924}, ""full_candidate_score"": {""count"": 15936.0, ""seconds"": 8.853806552117021}, ""history_model_cost"": {""count"": 1.0, ""seconds"": 0.0002956669995910488}, ""initial_reference_score"": {""count"": 1.0, ""seconds"": 0.0005899999996472616}, ""repair:greedy_insert_repair"": {""count"": 5312.0, ""seconds"": 71.15238166200652}, ""repair:regret2_insert_repair"": {""count"": 5312.0, ""seconds"": 77.25426015209086}, ""repair:regret3_insert_repair"": {""count"": 5312.0, ""seconds"": 75.47088461392923}, ""repair_full_check"": {""count"": 31872.0, ""seconds"": 11.058914456312777}, ""repair_solution_score"": {""count"": 13316.0, ""seconds"": 3.285951261055743}, ""route_model_cost"": {""count"": 289332.0, ""seconds"": 7.228441242787085}, ""scan_build"": {""count"": 64.0, ""seconds"": 0.06985987399093574}, ""scan_score"": {""count"": 64.0, ""seconds"": 0.0451915440025914}}",0,False,False,0.06666666666666667,,
{},16000,LNS,280.0,5803.553350198798,threeshift,1,,/Volumes/移动硬盘（512G）/ReSETP/baselines/e2_alns/high_tension_separation_probe_stage_a_data/checkpoints/wc280/e2-threeshift-150c-01__LNS__seed1.json,True,7cb71f35c46fbd099747fc0d18c15a95315b746d,wallclock,10,21,855.0393516249969,1,1,16000,18.712589040015644,,True,OK,e2-threeshift-150c-01,3,2.3.5,/opt/anaconda3/bin/python3.13,1,22,900.0,wc280,280kWh same wall-clock,1,150,OK,{},0,False,False,0.045454545454545456,,
"{""SETP_ALNS_CRUSH_ADAPTIVE_Q"": ""1"", ""SETP_ALNS_CRUSH_LOCAL_SEARCH"": ""0"", ""SETP_ALNS_CRUSH_REPAIR_STRUCTURE_CACHE"": ""1"", ""SETP_ALNS_CRUSH_ROUTE_COST_CACHE"": ""1"", ""SETP_ALNS_CRUSH_ROUTE_ELIMINATION"": ""0"", ""SETP_ALNS_CRUSH_SA_ACCEPTANCE"": ""1"", ""SETP_ALNS_CRUSH_SA_MODE"": ""lns_cooling"", ""SETP_ALNS_CRUSH_SCAN_REBUILD"": ""1"", ""SETP_ALNS_CRUSH_SCAN_RESTART"": ""1"", ""SETP_ALNS_CRUSH_TIMING_LEDGER"": ""1"", ""SETP_ALNS_CRUSH_TRUE_ACCEPTANCE"": ""0"", ""SETP_ALNS_CRUSH_TRUE_REPAIR"": ""1""}",16000,alns_e2_throughput,280.0,5803.553350198798,threeshift,1,,/Volumes/移动硬盘（512G）/ReSETP/baselines/e2_alns/high_tension_separation_probe_stage_a_data/checkpoints/wc280/e2-threeshift-150c-01__alns_e2_throughput__seed1.json,True,7cb71f35c46fbd099747fc0d18c15a95315b746d,wallclock,10,21,608.6803849170028,1,1,16000,26.286373598488304,,True,OK,e2-threeshift-150c-01,3,2.3.5,/opt/anaconda3/bin/python3.13,1,22,900.0,wc280,280kWh same wall-clock,1,150,OK,"{""acceptance"": {""count"": 15936.0, ""seconds"": 0.004683820916397963}, ""checkpoint_model_cost"": {""count"": 1.0, ""seconds"": 0.0003557499985618051}, ""destroy:random_customer_removal"": {""count"": 2658.0, ""seconds"": 0.671806826016109}, ""destroy:route_segment_removal"": {""count"": 2655.0, ""seconds"": 0.7678455886125448}, ""destroy:shaw_related_removal"": {""count"": 2655.0, ""seconds"": 39.01515190217469}, ""destroy:vehicle_type_swap"": {""count"": 2655.0, ""seconds"": 19.727934472186462}, ""destroy:whole_route_removal"": {""count"": 2655.0, ""seconds"": 0.70445109801949}, ""destroy:worst_customer_removal"": {""count"": 2658.0, ""seconds"": 0.7875420311538619}, ""final_check"": {""count"": 1.0, ""seconds"": 0.0004687079999712296}, ""full_candidate_score"": {""count"": 15936.0, ""seconds"": 13.567191959005868}, ""history_model_cost"": {""count"": 1.0, ""seconds"": 0.00042345799738541245}, ""initial_reference_score"": {""count"": 1.0, ""seconds"": 0.0008555829990655184}, ""repair:greedy_insert_repair"": {""count"": 5312.0, ""seconds"": 176.90683416128013}, ""repair:regret2_insert_repair"": {""count"": 5312.0, ""seconds"": 187.15613805429166}, ""repair:regret3_insert_repair"": {""count"": 5312.0, ""seconds"": 177.42530061986326}, ""repair_full_check"": {""count"": 31872.0, ""seconds"": 18.934076990848553}, ""repair_solution_score"": {""count"": 16802.0, ""seconds"": 6.159897785561043}, ""route_model_cost"": {""count"": 595601.0, ""seconds"": 15.616831309122063}, ""scan_build"": {""count"": 64.0, ""seconds"": 0.12035007899612538}, ""scan_score"": {""count"": 64.0, ""seconds"": 0.06378562498139217}}",0,False,False,0.045454545454545456,,
{},11539,LNS,280.0,6633.4344963179965,threeshift,1,,/Volumes/移动硬盘（512G）/ReSETP/baselines/e2_alns/high_tension_separation_probe_stage_a_data/checkpoints/wc280/e2-threeshift-200c-01__LNS__seed1.json,True,7cb71f35c46fbd099747fc0d18c15a95315b746d,wallclock,14,26,903.7504984999978,1,1,16000,12.767904437288705,,True,OK,e2-threeshift-200c-01,2,2.3.5,/opt/anaconda3/bin/python3.13,1,27,900.0,wc280,280kWh same wall-clock,1,200,OK,{},0,False,False,0.037037037037037035,,
"{""SETP_ALNS_CRUSH_ADAPTIVE_Q"": ""1"", ""SETP_ALNS_CRUSH_LOCAL_SEARCH"": ""0"", ""SETP_ALNS_CRUSH_REPAIR_STRUCTURE_CACHE"": ""1"", ""SETP_ALNS_CRUSH_ROUTE_COST_CACHE"": ""1"", ""SETP_ALNS_CRUSH_ROUTE_ELIMINATION"": ""0"", ""SETP_ALNS_CRUSH_SA_ACCEPTANCE"": ""1"", ""SETP_ALNS_CRUSH_SA_MODE"": ""lns_cooling"", ""SETP_ALNS_CRUSH_SCAN_REBUILD"": ""1"", ""SETP_ALNS_CRUSH_SCAN_RESTART"": ""1"", ""SETP_ALNS_CRUSH_TIMING_LEDGER"": ""1"", ""SETP_ALNS_CRUSH_TRUE_ACCEPTANCE"": ""0"", ""SETP_ALNS_CRUSH_TRUE_REPAIR"": ""1""}",9221,alns_e2_throughput,280.0,6633.4344963179965,threeshift,1,,/Volumes/移动硬盘（512G）/ReSETP/baselines/e2_alns/high_tension_separation_probe_stage_a_data/checkpoints/wc280/e2-threeshift-200c-01__alns_e2_throughput__seed1.json,True,7cb71f35c46fbd099747fc0d18c15a95315b746d,wallclock,14,26,905.3463941250011,1,1,16000,10.185051887141947,,True,OK,e2-threeshift-200c-01,2,2.3.5,/opt/anaconda3/bin/python3.13,1,27,900.0,wc280,280kWh same wall-clock,1,200,OK,"{""acceptance"": {""count"": 9184.0, ""seconds"": 0.00255787510832306}, ""checkpoint_model_cost"": {""count"": 1.0, ""seconds"": 0.00047650000487919897}, ""destroy:random_customer_removal"": {""count"": 1533.0, ""seconds"": 0.5625585080633755}, ""destroy:route_segment_removal"": {""count"": 1530.0, ""seconds"": 0.6641154405660927}, ""destroy:shaw_related_removal"": {""count"": 1530.0, ""seconds"": 49.36953101402469}, ""destroy:vehicle_type_swap"": {""count"": 1530.0, ""seconds"": 13.953216454821813}, ""destroy:whole_route_removal"": {""count"": 1530.0, ""seconds"": 0.6197730490239337}, ""destroy:worst_customer_removal"": {""count"": 1531.0, ""seconds"": 0.6472466311970493}, ""final_check"": {""count"": 1.0, ""seconds"": 0.0008872079997672699}, ""full_candidate_score"": {""count"": 9184.0, ""seconds"": 10.695988115287037}, ""history_model_cost"": {""count"": 1.0, ""seconds"": 0.0008556249958928674}, ""initial_reference_score"": {""count"": 1.0, ""seconds"": 0.0011657920040306635}, ""repair:greedy_insert_repair"": {""count"": 3062.0, ""seconds"": 269.9324512642197}, ""repair:regret2_insert_repair"": {""count"": 3061.0, ""seconds"": 282.4098870281523}, ""repair:regret3_insert_repair"": {""count"": 3061.0, ""seconds"": 280.63344529089954}, ""repair_full_check"": {""count"": 18368.0, ""seconds"": 15.094125966104912}, ""repair_solution_score"": {""count"": 9028.0, ""seconds"": 4.431688307107834}, ""route_model_cost"": {""count"": 1007901.0, ""seconds"": 28.18059553110652}, ""scan_build"": {""count"": 37.0, ""seconds"": 0.10511454100924311}, ""scan_score"": {""count"": 37.0, ""seconds"": 0.054216832999372855}}",0,False,False,0.037037037037037035,,
{},16000,LNS,280.0,1783.6949728422799,threeshift,1,,/Volumes/移动硬盘（512G）/ReSETP/baselines/e2_alns/high_tension_separation_probe_stage_a_data/checkpoints/wc280/e2-threeshift-50c-01__LNS__seed1.json,True,7cb71f35c46fbd099747fc0d18c15a95315b746d,wallclock,4,7,248.28774879199773,1,1,16000,64.44135918040784,,True,OK,e2-threeshift-50c-01,2,2.3.5,/opt/anaconda3/bin/python3.13,1,8,600.0,wc280,280kWh same wall-clock,1,50,OK,{},0,False,False,0.125,,
"{""SETP_ALNS_CRUSH_ADAPTIVE_Q"": ""1"", ""SETP_ALNS_CRUSH_LOCAL_SEARCH"": ""0"", ""SETP_ALNS_CRUSH_REPAIR_STRUCTURE_CACHE"": ""1"", ""SETP_ALNS_CRUSH_ROUTE_COST_CACHE"": ""1"", ""SETP_ALNS_CRUSH_ROUTE_ELIMINATION"": ""0"", ""SETP_ALNS_CRUSH_SA_ACCEPTANCE"": ""1"", ""SETP_ALNS_CRUSH_SA_MODE"": ""lns_cooling"", ""SETP_ALNS_CRUSH_SCAN_REBUILD"": ""1"", ""SETP_ALNS_CRUSH_SCAN_RESTART"": ""1"", ""SETP_ALNS_CRUSH_TIMING_LEDGER"": ""1"", ""SETP_ALNS_CRUSH_TRUE_ACCEPTANCE"": ""0"", ""SETP_ALNS_CRUSH_TRUE_REPAIR"": ""1""}",16000,alns_e2_throughput,280.0,1783.6949728422799,threeshift,1,,/Volumes/移动硬盘（512G）/ReSETP/baselines/e2_alns/high_tension_separation_probe_stage_a_data/checkpoints/wc280/e2-threeshift-50c-01__alns_e2_throughput__seed1.json,True,7cb71f35c46fbd099747fc0d18c15a95315b746d,wallclock,4,7,74.94420416600042,1,1,16000,213.49215964132748,,True,OK,e2-threeshift-50c-01,2,2.3.5,/opt/anaconda3/bin/python3.13,1,8,600.0,wc280,280kWh same wall-clock,1,50,OK,"{""acceptance"": {""count"": 15936.0, ""seconds"": 0.0039841231737227645}, ""checkpoint_model_cost"": {""count"": 1.0, ""seconds"": 0.0001312080021307338}, ""destroy:random_customer_removal"": {""count"": 2658.0, ""seconds"": 0.22274664001452038}, ""destroy:route_segment_removal"": {""count"": 2655.0, ""seconds"": 0.20797943204888725}, ""destroy:shaw_related_removal"": {""count"": 2655.0, ""seconds"": 2.634346272032417}, ""destroy:vehicle_type_swap"": {""count"": 2655.0, ""seconds"": 8.597993060044246}, ""destroy:whole_route_removal"": {""count"": 2655.0, ""seconds"": 0.17497405209360295}, ""destroy:worst_customer_removal"": {""count"": 2658.0, ""seconds"": 0.22728361392364604}, ""final_check"": {""count"": 1.0, ""seconds"": 0.00016716699974494986}, ""full_candidate_score"": {""count"": 15936.0, ""seconds"": 4.709244304824097}, ""history_model_cost"": {""count"": 1.0, ""seconds"": 0.00016674999642418697}, ""initial_reference_score"": {""count"": 1.0, ""seconds"": 0.0003510409987939056}, ""repair:greedy_insert_repair"": {""count"": 5312.0, ""seconds"": 19.41588876210517}, ""repair:regret2_insert_repair"": {""count"": 5312.0, ""seconds"": 20.432543502804037}, ""repair:regret3_insert_repair"": {""count"": 5312.0, ""seconds"": 20.466262308960722}, ""repair_full_check"": {""count"": 31872.0, ""seconds"": 5.225412402945949}, ""repair_solution_score"": {""count"": 15930.0, ""seconds"": 2.123019674934767}, ""route_model_cost"": {""count"": 39624.0, ""seconds"": 0.907691154814529}, ""scan_build"": {""count"": 64.0, ""seconds"": 0.030024081985175144}, ""scan_score"": {""count"": 64.0, ""seconds"": 0.019614080985775217}}",0,False,False,0.125,,
{},16000,LNS,280.0,2732.803960039656,threeshift,1,,/Volumes/移动硬盘（512G）/ReSETP/baselines/e2_alns/high_tension_separation_probe_stage_a_data/checkpoints/wc280/e2-threeshift-75c-01__LNS__seed1.json,True,7cb71f35c46fbd099747fc0d18c15a95315b746d,wallclock,6,11,377.48579837500074,1,1,16000,42.385700518739334,,True,OK,e2-threeshift-75c-01,2,2.3.5,/opt/anaconda3/bin/python3.13,1,12,900.0,wc280,280kWh same wall-clock,1,75,OK,{},0,False,False,0.08333333333333333,,
"{""SETP_ALNS_CRUSH_ADAPTIVE_Q"": ""1"", ""SETP_ALNS_CRUSH_LOCAL_SEARCH"": ""0"", ""SETP_ALNS_CRUSH_REPAIR_STRUCTURE_CACHE"": ""1"", ""SETP_ALNS_CRUSH_ROUTE_COST_CACHE"": ""1"", ""SETP_ALNS_CRUSH_ROUTE_ELIMINATION"": ""0"", ""SETP_ALNS_CRUSH_SA_ACCEPTANCE"": ""1"", ""SETP_ALNS_CRUSH_SA_MODE"": ""lns_cooling"", ""SETP_ALNS_CRUSH_SCAN_REBUILD"": ""1"", ""SETP_ALNS_CRUSH_SCAN_RESTART"": ""1"", ""SETP_ALNS_CRUSH_TIMING_LEDGER"": ""1"", ""SETP_ALNS_CRUSH_TRUE_ACCEPTANCE"": ""0"", ""SETP_ALNS_CRUSH_TRUE_REPAIR"": ""1""}",16000,alns_e2_throughput,280.0,2732.803960039656,threeshift,1,,/Volumes/移动硬盘（512G）/ReSETP/baselines/e2_alns/high_tension_separation_probe_stage_a_data/checkpoints/wc280/e2-threeshift-75c-01__alns_e2_throughput__seed1.json,True,7cb71f35c46fbd099747fc0d18c15a95315b746d,wallclock,6,11,149.45910954200008,1,1,16000,107.05269186354799,,True,OK,e2-threeshift-75c-01,2,2.3.5,/opt/anaconda3/bin/python3.13,1,12,900.0,wc280,280kWh same wall-clock,1,75,OK,"{""acceptance"": {""count"": 15936.0, ""seconds"": 0.004091780996532179}, ""checkpoint_model_cost"": {""count"": 1.0, ""seconds"": 0.00018854100198950619}, ""destroy:random_customer_removal"": {""count"": 2658.0, ""seconds"": 0.3194020679475216}, ""destroy:route_segment_removal"": {""count"": 2655.0, ""seconds"": 0.32077635907990043}, ""destroy:shaw_related_removal"": {""count"": 2655.0, ""seconds"": 6.682227584140492}, ""destroy:vehicle_type_swap"": {""count"": 2655.0, ""seconds"": 12.011550317940419}, ""destroy:whole_route_removal"": {""count"": 2655.0, ""seconds"": 0.28002048702182947}, ""destroy:worst_customer_removal"": {""count"": 2658.0, ""seconds"": 0.3464065048538032}, ""final_check"": {""count"": 1.0, ""seconds"": 0.00024500000290572643}, ""full_candidate_score"": {""count"": 15936.0, ""seconds"": 6.796392491003644}, ""history_model_cost"": {""count"": 1.0, ""seconds"": 0.00024029199994402006}, ""initial_reference_score"": {""count"": 1.0, ""seconds"": 0.00047870799971860833}, ""repair:greedy_insert_repair"": {""count"": 5312.0, ""seconds"": 41.22601209691493}, ""repair:regret2_insert_repair"": {""count"": 5312.0, ""seconds"": 42.65857059306654}, ""repair:regret3_insert_repair"": {""count"": 5312.0, ""seconds"": 42.40503303311925}, ""repair_full_check"": {""count"": 31872.0, ""seconds"": 7.8396398598233645}, ""repair_solution_score"": {""count"": 18074.0, ""seconds"": 3.4051889668262447}, ""route_model_cost"": {""count"": 178930.0, ""seconds"": 4.04502465006226}, ""scan_build"": {""count"": 64.0, ""seconds"": 0.048455538002599496}, ""scan_score"": {""count"": 64.0, ""seconds"": 0.03040171199972974}}",0,False,False,0.08333333333333333,,
{},16000,LNS,280.0,4635.703685132771,vanilla,1,,/Volumes/移动硬盘（512G）/ReSETP/baselines/e2_alns/high_tension_separation_probe_stage_a_data/checkpoints/wc280/e2-vanilla-100c-01__LNS__seed1.json,True,7cb71f35c46fbd099747fc0d18c15a95315b746d,wallclock,7,14,510.59381116700024,1,1,16000,31.33606332483899,,True,OK,e2-vanilla-100c-01,2,2.3.5,/opt/anaconda3/bin/python3.13,1,15,900.0,wc280,280kWh same wall-clock,1,100,OK,{},0,False,False,0.06666666666666667,,
"{""SETP_ALNS_CRUSH_ADAPTIVE_Q"": ""1"", ""SETP_ALNS_CRUSH_LOCAL_SEARCH"": ""0"", ""SETP_ALNS_CRUSH_REPAIR_STRUCTURE_CACHE"": ""1"", ""SETP_ALNS_CRUSH_ROUTE_COST_CACHE"": ""1"", ""SETP_ALNS_CRUSH_ROUTE_ELIMINATION"": ""0"", ""SETP_ALNS_CRUSH_SA_ACCEPTANCE"": ""1"", ""SETP_ALNS_CRUSH_SA_MODE"": ""lns_cooling"", ""SETP_ALNS_CRUSH_SCAN_REBUILD"": ""1"", ""SETP_ALNS_CRUSH_SCAN_RESTART"": ""1"", ""SETP_ALNS_CRUSH_TIMING_LEDGER"": ""1"", ""SETP_ALNS_CRUSH_TRUE_ACCEPTANCE"": ""0"", ""SETP_ALNS_CRUSH_TRUE_REPAIR"": ""1""}",16000,alns_e2_throughput,280.0,4635.703685132771,vanilla,1,,/Volumes/移动硬盘（512G）/ReSETP/baselines/e2_alns/high_tension_separation_probe_stage_a_data/checkpoints/wc280/e2-vanilla-100c-01__alns_e2_throughput__seed1.json,True,7cb71f35c46fbd099747fc0d18c15a95315b746d,wallclock,7,14,266.89157833300123,1,1,16000,59.94943752041799,,True,OK,e2-vanilla-100c-01,2,2.3.5,/opt/anaconda3/bin/python3.13,1,15,900.0,wc280,280kWh same wall-clock,1,100,OK,"{""acceptance"": {""count"": 15936.0, ""seconds"": 0.003976174972194713}, ""checkpoint_model_cost"": {""count"": 1.0, ""seconds"": 0.00024983299954328686}, ""destroy:random_customer_removal"": {""count"": 2658.0, ""seconds"": 0.4099558630914544}, ""destroy:route_segment_removal"": {""count"": 2655.0, ""seconds"": 0.4506227760211914}, ""destroy:shaw_related_removal"": {""count"": 2655.0, ""seconds"": 13.915496496087144}, ""destroy:vehicle_type_swap"": {""count"": 2655.0, ""seconds"": 2.7175837279755797}, ""destroy:whole_route_removal"": {""count"": 2655.0, ""seconds"": 0.40093025885653333}, ""destroy:worst_customer_removal"": {""count"": 2658.0, ""seconds"": 0.46961903200644883}, ""final_check"": {""count"": 1.0, ""seconds"": 0.00030304099709610455}, ""full_candidate_score"": {""count"": 15936.0, ""seconds"": 8.95939157365865}, ""history_model_cost"": {""count"": 1.0, ""seconds"": 0.0003108340024482459}, ""initial_reference_score"": {""count"": 1.0, ""seconds"": 0.0006056659985915758}, ""repair:greedy_insert_repair"": {""count"": 5312.0, ""seconds"": 79.46541868184431}, ""repair:regret2_insert_repair"": {""count"": 5312.0, ""seconds"": 83.03427662911781}, ""repair:regret3_insert_repair"": {""count"": 5312.0, ""seconds"": 81.37708603098872}, ""repair_full_check"": {""count"": 31872.0, ""seconds"": 11.146294567399309}, ""repair_solution_score"": {""count"": 2655.0, ""seconds"": 0.6485802380157111}, ""route_model_cost"": {""count"": 533835.0, ""seconds"": 12.992069908268604}, ""scan_build"": {""count"": 64.0, ""seconds"": 0.06441525400077808}, ""scan_score"": {""count"": 64.0, ""seconds"": 0.03285812600370264}}",0,False,False,0.06666666666666667,,
{},16000,LNS,280.0,573.7936728978657,vanilla,1,,/Volumes/移动硬盘（512G）/ReSETP/baselines/e2_alns/high_tension_separation_probe_stage_a_data/checkpoints/wc280/e2-vanilla-10c-01__LNS__seed1.json,True,7cb71f35c46fbd099747fc0d18c15a95315b746d,wallclock,1,2,27.908699374998832,1,1,16000,573.2979450247373,,True,OK,e2-vanilla-10c-01,2,2.3.5,/opt/anaconda3/bin/python3.13,1,3,300.0,wc280,280kWh same wall-clock,1,10,OK,{},0,False,False,0.3333333333333333,,
"{""SETP_ALNS_CRUSH_ADAPTIVE_Q"": ""1"", ""SETP_ALNS_CRUSH_LOCAL_SEARCH"": ""0"", ""SETP_ALNS_CRUSH_REPAIR_STRUCTURE_CACHE"": ""1"", ""SETP_ALNS_CRUSH_ROUTE_COST_CACHE"": ""1"", ""SETP_ALNS_CRUSH_ROUTE_ELIMINATION"": ""0"", ""SETP_ALNS_CRUSH_SA_ACCEPTANCE"": ""1"", ""SETP_ALNS_CRUSH_SA_MODE"": ""lns_cooling"", ""SETP_ALNS_CRUSH_SCAN_REBUILD"": ""1"", ""SETP_ALNS_CRUSH_SCAN_RESTART"": ""1"", ""SETP_ALNS_CRUSH_TIMING_LEDGER"": ""1"", ""SETP_ALNS_CRUSH_TRUE_ACCEPTANCE"": ""0"", ""SETP_ALNS_CRUSH_TRUE_REPAIR"": ""1""}",16000,alns_e2_throughput,280.0,396.37361362956347,vanilla,1,,/Volumes/移动硬盘（512G）/ReSETP/baselines/e2_alns/high_tension_separation_probe_stage_a_data/checkpoints/wc280/e2-vanilla-10c-01__alns_e2_throughput__seed1.json,True,7cb71f35c46fbd099747fc0d18c15a95315b746d,wallclock,1,1,10.345628167000541,1,1,16000,1546.5469802051473,,True,OK,e2-vanilla-10c-01,1,2.3.5,/opt/anaconda3/bin/python3.13,1,2,300.0,wc280,280kWh same wall-clock,1,10,OK,"{""acceptance"": {""count"": 15937.0, ""seconds"": 0.013751197377132485}, ""checkpoint_model_cost"": {""count"": 9.0, ""seconds"": 0.0003767929993045982}, ""destroy:random_customer_removal"": {""count"": 954.0, ""seconds"": 0.03172344391714432}, ""destroy:route_segment_removal"": {""count"": 9997.0, ""seconds"": 0.2487165069724142}, ""destroy:shaw_related_removal"": {""count"": 954.0, ""seconds"": 0.056966715048474725}, ""destroy:vehicle_type_swap"": {""count"": 954.0, ""seconds"": 0.12767412894027075}, ""destroy:whole_route_removal"": {""count"": 2124.0, ""seconds"": 0.03651461991103133}, ""destroy:worst_customer_removal"": {""count"": 954.0, ""seconds"": 0.02387522900608019}, ""final_check"": {""count"": 1.0, ""seconds"": 8.191600136342458e-05}, ""full_candidate_score"": {""count"": 15937.0, ""seconds"": 1.944788378004887}, ""history_model_cost"": {""count"": 9.0, ""seconds"": 0.0004054570017615333}, ""initial_reference_score"": {""count"": 1.0, ""seconds"": 0.00016808399959700182}, ""local_search"": {""count"": 3238.0, ""seconds"": 0.0033616039763728622}, ""repair:greedy_insert_repair"": {""count"": 8962.0, ""seconds"": 3.638658381139976}, ""repair:regret2_insert_repair"": {""count"": 3897.0, ""seconds"": 1.717545441013499}, ""repair:regret3_insert_repair"": {""count"": 3078.0, ""seconds"": 1.9930134709138656}, ""repair_full_check"": {""count"": 17023.0, ""seconds"": 1.4832849859412818}, ""repair_solution_score"": {""count"": 954.0, ""seconds"": 0.03077656311870669}, ""route_model_cost"": {""count"": 900.0, ""seconds"": 0.018009329010965303}, ""scan_build"": {""count"": 63.0, ""seconds"": 0.005164253001566976}, ""scan_score"": {""count"": 63.0, ""seconds"": 0.0044710030233545695}}",0,False,False,0.5,,
{},16000,LNS,280.0,6015.377586977482,vanilla,1,,/Volumes/移动硬盘（512G）/ReSETP/baselines/e2_alns/high_tension_separation_probe_stage_a_data/checkpoints/wc280/e2-vanilla-150c-01__LNS__seed1.json,True,7cb71f35c46fbd099747fc0d18c15a95315b746d,wallclock,10,20,830.2301137499999,1,1,16000,19.27176542384241,,True,OK,e2-vanilla-150c-01,2,2.3.5,/opt/anaconda3/bin/python3.13,1,21,900.0,wc280,280kWh same wall-clock,1,150,OK,{},0,False,False,0.047619047619047616,,
"{""SETP_ALNS_CRUSH_ADAPTIVE_Q"": ""1"", ""SETP_ALNS_CRUSH_LOCAL_SEARCH"": ""0"", ""SETP_ALNS_CRUSH_REPAIR_STRUCTURE_CACHE"": ""1"", ""SETP_ALNS_CRUSH_ROUTE_COST_CACHE"": ""1"", ""SETP_ALNS_CRUSH_ROUTE_ELIMINATION"": ""0"", ""SETP_ALNS_CRUSH_SA_ACCEPTANCE"": ""1"", ""SETP_ALNS_CRUSH_SA_MODE"": ""lns_cooling"", ""SETP_ALNS_CRUSH_SCAN_REBUILD"": ""1"", ""SETP_ALNS_CRUSH_SCAN_RESTART"": ""1"", ""SETP_ALNS_CRUSH_TIMING_LEDGER"": ""1"", ""SETP_ALNS_CRUSH_TRUE_ACCEPTANCE"": ""0"", ""SETP_ALNS_CRUSH_TRUE_REPAIR"": ""1""}",16000,alns_e2_throughput,280.0,6015.377586977482,vanilla,1,,/Volumes/移动硬盘（512G）/ReSETP/baselines/e2_alns/high_tension_separation_probe_stage_a_data/checkpoints/wc280/e2-vanilla-150c-01__alns_e2_throughput__seed1.json,True,7cb71f35c46fbd099747fc0d18c15a95315b746d,wallclock,10,20,617.6810014999974,1,1,16000,25.903338391734668,,True,OK,e2-vanilla-150c-01,2,2.3.5,/opt/anaconda3/bin/python3.13,1,21,900.0,wc280,280kWh same wall-clock,1,150,OK,"{""acceptance"": {""count"": 15936.0, ""seconds"": 0.004339897164754802}, ""checkpoint_model_cost"": {""count"": 1.0, ""seconds"": 0.00035729099909076467}, ""destroy:random_customer_removal"": {""count"": 2658.0, ""seconds"": 0.6301956571041956}, ""destroy:route_segment_removal"": {""count"": 2655.0, ""seconds"": 0.734981072924711}, ""destroy:shaw_related_removal"": {""count"": 2655.0, ""seconds"": 37.19666900399898}, ""destroy:vehicle_type_swap"": {""count"": 2655.0, ""seconds"": 4.870371027038345}, ""destroy:whole_route_removal"": {""count"": 2655.0, ""seconds"": 0.6668340490214177}, ""destroy:worst_customer_removal"": {""count"": 2658.0, ""seconds"": 0.7621009740032605}, ""final_check"": {""count"": 1.0, ""seconds"": 0.0004744590005429927}, ""full_candidate_score"": {""count"": 15936.0, ""seconds"": 13.299350936849805}, ""history_model_cost"": {""count"": 1.0, ""seconds"": 0.0004252500002621673}, ""initial_reference_score"": {""count"": 1.0, ""seconds"": 0.0008615830010967329}, ""repair:greedy_insert_repair"": {""count"": 5312.0, ""seconds"": 183.92627514497872}, ""repair:regret2_insert_repair"": {""count"": 5312.0, ""seconds"": 195.80844345707374}, ""repair:regret3_insert_repair"": {""count"": 5312.0, ""seconds"": 186.3687616401039}, ""repair_full_check"": {""count"": 31872.0, ""seconds"": 18.760763594535092}, ""repair_solution_score"": {""count"": 3704.0, ""seconds"": 1.3083130170271033}, ""route_model_cost"": {""count"": 977913.0, ""seconds"": 24.857856886083027}, ""scan_build"": {""count"": 64.0, ""seconds"": 0.10349554499407532}, ""scan_score"": {""count"": 64.0, ""seconds"": 0.04965891699612257}}",0,False,False,0.047619047619047616,,
{},16000,LNS,280.0,642.185285005708,vanilla,0,,/Volumes/移动硬盘（512G）/ReSETP/baselines/e2_alns/high_tension_separation_probe_stage_a_data/checkpoints/wc280/e2-vanilla-15c-01__LNS__seed1.json,True,7cb71f35c46fbd099747fc0d18c15a95315b746d,wallclock,2,2,32.08618816700255,0,0,16000,498.65692729603853,,True,OK,e2-vanilla-15c-01,1,2.3.5,/opt/anaconda3/bin/python3.13,1,2,300.0,wc280,280kWh same wall-clock,1,15,OK,{},0,True,False,0.0,,
"{""SETP_ALNS_CRUSH_ADAPTIVE_Q"": ""1"", ""SETP_ALNS_CRUSH_LOCAL_SEARCH"": ""0"", ""SETP_ALNS_CRUSH_REPAIR_STRUCTURE_CACHE"": ""1"", ""SETP_ALNS_CRUSH_ROUTE_COST_CACHE"": ""1"", ""SETP_ALNS_CRUSH_ROUTE_ELIMINATION"": ""0"", ""SETP_ALNS_CRUSH_SA_ACCEPTANCE"": ""1"", ""SETP_ALNS_CRUSH_SA_MODE"": ""lns_cooling"", ""SETP_ALNS_CRUSH_SCAN_REBUILD"": ""1"", ""SETP_ALNS_CRUSH_SCAN_RESTART"": ""1"", ""SETP_ALNS_CRUSH_TIMING_LEDGER"": ""1"", ""SETP_ALNS_CRUSH_TRUE_ACCEPTANCE"": ""0"", ""SETP_ALNS_CRUSH_TRUE_REPAIR"": ""1""}",16000,alns_e2_throughput,280.0,642.185285005708,vanilla,0,,/Volumes/移动硬盘（512G）/ReSETP/baselines/e2_alns/high_tension_separation_probe_stage_a_data/checkpoints/wc280/e2-vanilla-15c-01__alns_e2_throughput__seed1.json,True,7cb71f35c46fbd099747fc0d18c15a95315b746d,wallclock,2,2,13.293235375000222,0,0,16000,1203.6197019493256,,True,OK,e2-vanilla-15c-01,1,2.3.5,/opt/anaconda3/bin/python3.13,1,2,300.0,wc280,280kWh same wall-clock,1,15,OK,"{""acceptance"": {""count"": 15938.0, ""seconds"": 0.004687945009209216}, ""checkpoint_model_cost"": {""count"": 8.0, ""seconds"": 0.0003411250036151614}, ""destroy:random_customer_removal"": {""count"": 10373.0, ""seconds"": 0.3287181229861744}, ""destroy:route_segment_removal"": {""count"": 1113.0, ""seconds"": 0.030677962055051466}, ""destroy:shaw_related_removal"": {""count"": 1113.0, ""seconds"": 0.09709235101763625}, ""destroy:vehicle_type_swap"": {""count"": 1113.0, ""seconds"": 0.09901932196589769}, ""destroy:whole_route_removal"": {""count"": 1113.0, ""seconds"": 0.021671633978257887}, ""destroy:worst_customer_removal"": {""count"": 1113.0, ""seconds"": 0.03200042797107017}, ""final_check"": {""count"": 1.0, ""seconds"": 4.191699918010272e-05}, ""full_candidate_score"": {""count"": 15938.0, ""seconds"": 1.3308007729865494}, ""history_model_cost"": {""count"": 8.0, ""seconds"": 0.00036312600423116237}, ""initial_reference_score"": {""count"": 1.0, ""seconds"": 0.00012737499855575152}, ""local_search"": {""count"": 197.0, ""seconds"": 0.0002554190323280636}, ""repair:greedy_insert_repair"": {""count"": 2226.0, ""seconds"": 1.5279539251350798}, ""repair:regret2_insert_repair"": {""count"": 2226.0, ""seconds"": 1.5312127090292051}, ""repair:regret3_insert_repair"": {""count"": 11486.0, ""seconds"": 7.661040021775989}, ""repair_full_check"": {""count"": 17819.0, ""seconds"": 1.0183752301018103}, ""repair_solution_score"": {""count"": 6.0, ""seconds"": 0.0003414999991946388}, ""route_model_cost"": {""count"": 13346.0, ""seconds"": 0.26179956994747045}, ""scan_build"": {""count"": 62.0, ""seconds"": 0.007712164984695846}, ""scan_score"": {""count"": 62.0, ""seconds"": 0.005945954006165266}}",0,True,False,0.0,,
{},0,LNS,280.0,8714.98386087934,vanilla,1,shared_warm_start,/Volumes/移动硬盘（512G）/ReSETP/baselines/e2_alns/high_tension_separation_probe_stage_a_data/checkpoints/wc280/e2-vanilla-200c-01__LNS__seed1.json,True,7cb71f35c46fbd099747fc0d18c15a95315b746d,wallclock,14,28,915.004589917,1,1,16000,0.0,Worker exceeded runtime cap plus hard-timeout grace; returned last readable checkpoint.,True,OK,e2-vanilla-200c-01,2,2.3.5,/opt/anaconda3/bin/python3.13,1,29,900.0,wc280,280kWh same wall-clock,1,200,OK,{},0,False,False,0.034482758620689655,,
{},0,alns_e2_throughput,280.0,8714.98386087934,vanilla,1,shared_warm_start,/Volumes/移动硬盘（512G）/ReSETP/baselines/e2_alns/high_tension_separation_probe_stage_a_data/checkpoints/wc280/e2-vanilla-200c-01__alns_e2_throughput__seed1.json,True,7cb71f35c46fbd099747fc0d18c15a95315b746d,wallclock,14,28,915.0119116660026,1,1,16000,0.0,Worker exceeded runtime cap plus hard-timeout grace; returned last readable checkpoint.,True,OK,e2-vanilla-200c-01,2,2.3.5,/opt/anaconda3/bin/python3.13,1,29,900.0,wc280,280kWh same wall-clock,1,200,OK,{},0,False,False,0.034482758620689655,,
{},16000,LNS,280.0,1155.0731809827587,vanilla,1,,/Volumes/移动硬盘（512G）/ReSETP/baselines/e2_alns/high_tension_separation_probe_stage_a_data/checkpoints/wc280/e2-vanilla-20c-01__LNS__seed1.json,True,7cb71f35c46fbd099747fc0d18c15a95315b746d,wallclock,2,3,96.20685554100055,1,1,16000,166.30831462089796,,True,OK,e2-vanilla-20c-01,2,2.3.5,/opt/anaconda3/bin/python3.13,1,4,300.0,wc280,280kWh same wall-clock,1,20,OK,{},0,False,False,0.25,,
"{""SETP_ALNS_CRUSH_ADAPTIVE_Q"": ""1"", ""SETP_ALNS_CRUSH_LOCAL_SEARCH"": ""0"", ""SETP_ALNS_CRUSH_REPAIR_STRUCTURE_CACHE"": ""1"", ""SETP_ALNS_CRUSH_ROUTE_COST_CACHE"": ""1"", ""SETP_ALNS_CRUSH_ROUTE_ELIMINATION"": ""0"", ""SETP_ALNS_CRUSH_SA_ACCEPTANCE"": ""1"", ""SETP_ALNS_CRUSH_SA_MODE"": ""lns_cooling"", ""SETP_ALNS_CRUSH_SCAN_REBUILD"": ""1"", ""SETP_ALNS_CRUSH_SCAN_RESTART"": ""1"", ""SETP_ALNS_CRUSH_TIMING_LEDGER"": ""1"", ""SETP_ALNS_CRUSH_TRUE_ACCEPTANCE"": ""0"", ""SETP_ALNS_CRUSH_TRUE_REPAIR"": ""1""}",16000,alns_e2_throughput,280.0,1155.0731809827587,vanilla,1,,/Volumes/移动硬盘（512G）/ReSETP/baselines/e2_alns/high_tension_separation_probe_stage_a_data/checkpoints/wc280/e2-vanilla-20c-01__alns_e2_throughput__seed1.json,True,7cb71f35c46fbd099747fc0d18c15a95315b746d,wallclock,2,3,23.162899415998254,1,1,16000,690.7598100153666,,True,OK,e2-vanilla-20c-01,2,2.3.5,/opt/anaconda3/bin/python3.13,1,4,300.0,wc280,280kWh same wall-clock,1,20,OK,"{""acceptance"": {""count"": 15936.0, ""seconds"": 0.003957221211749129}, ""checkpoint_model_cost"": {""count"": 1.0, ""seconds"": 6.587499956367537e-05}, ""destroy:random_customer_removal"": {""count"": 2658.0, ""seconds"": 0.12412008192404755}, ""destroy:route_segment_removal"": {""count"": 2655.0, ""seconds"": 0.1079304430859338}, ""destroy:shaw_related_removal"": {""count"": 2655.0, ""seconds"": 0.4610187319740362}, ""destroy:vehicle_type_swap"": {""count"": 2655.0, ""seconds"": 0.7133715469390154}, ""destroy:whole_route_removal"": {""count"": 2655.0, ""seconds"": 0.08278963596967515}, ""destroy:worst_customer_removal"": {""count"": 2658.0, ""seconds"": 0.11299840784704429}, ""final_check"": {""count"": 1.0, ""seconds"": 9.316599971498363e-05}, ""full_candidate_score"": {""count"": 15936.0, ""seconds"": 2.4447422441917297}, ""history_model_cost"": {""count"": 1.0, ""seconds"": 9.158399916486815e-05}, ""initial_reference_score"": {""count"": 1.0, ""seconds"": 0.00020849999782512896}, ""repair:greedy_insert_repair"": {""count"": 5312.0, ""seconds"": 6.6390598041325575}, ""repair:regret2_insert_repair"": {""count"": 5312.0, ""seconds"": 6.450542240185314}, ""repair:regret3_insert_repair"": {""count"": 5312.0, ""seconds"": 6.501758102163876}, ""repair_full_check"": {""count"": 31872.0, ""seconds"": 2.56704916619492}, ""repair_solution_score"": {""count"": 2655.0, ""seconds"": 0.15359652103143162}, ""route_model_cost"": {""count"": 13285.0, ""seconds"": 0.2737416319687327}, ""scan_build"": {""count"": 64.0, ""seconds"": 0.01083166700482252}, ""scan_score"": {""count"": 64.0, ""seconds"": 0.007503292999899713}}",0,False,False,0.25,,
{},16000,LNS,280.0,887.3747488211219,vanilla,1,,/Volumes/移动硬盘（512G）/ReSETP/baselines/e2_alns/high_tension_separation_probe_stage_a_data/checkpoints/wc280/e2-vanilla-25c-01__LNS__seed1.json,True,7cb71f35c46fbd099747fc0d18c15a95315b746d,wallclock,2,3,146.9082813749992,1,1,16000,108.91149123961418,,True,OK,e2-vanilla-25c-01,2,2.3.5,/opt/anaconda3/bin/python3.13,1,4,300.0,wc280,280kWh same wall-clock,1,25,OK,{},0,False,False,0.25,,
"{""SETP_ALNS_CRUSH_ADAPTIVE_Q"": ""1"", ""SETP_ALNS_CRUSH_LOCAL_SEARCH"": ""0"", ""SETP_ALNS_CRUSH_REPAIR_STRUCTURE_CACHE"": ""1"", ""SETP_ALNS_CRUSH_ROUTE_COST_CACHE"": ""1"", ""SETP_ALNS_CRUSH_ROUTE_ELIMINATION"": ""0"", ""SETP_ALNS_CRUSH_SA_ACCEPTANCE"": ""1"", ""SETP_ALNS_CRUSH_SA_MODE"": ""lns_cooling"", ""SETP_ALNS_CRUSH_SCAN_REBUILD"": ""1"", ""SETP_ALNS_CRUSH_SCAN_RESTART"": ""1"", ""SETP_ALNS_CRUSH_TIMING_LEDGER"": ""1"", ""SETP_ALNS_CRUSH_TRUE_ACCEPTANCE"": ""0"", ""SETP_ALNS_CRUSH_TRUE_REPAIR"": ""1""}",16000,alns_e2_throughput,280.0,887.3747488211219,vanilla,1,,/Volumes/移动硬盘（512G）/ReSETP/baselines/e2_alns/high_tension_separation_probe_stage_a_data/checkpoints/wc280/e2-vanilla-25c-01__alns_e2_throughput__seed1.json,True,7cb71f35c46fbd099747fc0d18c15a95315b746d,wallclock,2,3,30.853562457999942,1,1,16000,518.578689957775,,True,OK,e2-vanilla-25c-01,2,2.3.5,/opt/anaconda3/bin/python3.13,1,4,300.0,wc280,280kWh same wall-clock,1,25,OK,"{""acceptance"": {""count"": 15936.0, ""seconds"": 0.0036406239269126672}, ""checkpoint_model_cost"": {""count"": 1.0, ""seconds"": 7.550000009359792e-05}, ""destroy:random_customer_removal"": {""count"": 2658.0, ""seconds"": 0.13344693492763327}, ""destroy:route_segment_removal"": {""count"": 2655.0, ""seconds"": 0.11407341593076126}, ""destroy:shaw_related_removal"": {""count"": 2655.0, ""seconds"": 0.6155033899813134}, ""destroy:vehicle_type_swap"": {""count"": 2655.0, ""seconds"": 0.8217041329553467}, ""destroy:whole_route_removal"": {""count"": 2655.0, ""seconds"": 0.08775192695611622}, ""destroy:worst_customer_removal"": {""count"": 2658.0, ""seconds"": 0.1256613939513045}, ""final_check"": {""count"": 1.0, ""seconds"": 0.00010191699766437523}, ""full_candidate_score"": {""count"": 15936.0, ""seconds"": 2.7132665648459806}, ""history_model_cost"": {""count"": 1.0, ""seconds"": 0.00010312499944120646}, ""initial_reference_score"": {""count"": 1.0, ""seconds"": 0.00021216700042714365}, ""repair:greedy_insert_repair"": {""count"": 5312.0, ""seconds"": 8.966420685232151}, ""repair:regret2_insert_repair"": {""count"": 5312.0, ""seconds"": 8.914989926073758}, ""repair:regret3_insert_repair"": {""count"": 5312.0, ""seconds"": 9.085056467021786}, ""repair_full_check"": {""count"": 31872.0, ""seconds"": 2.916747891544219}, ""repair_solution_score"": {""count"": 2655.0, ""seconds"": 0.18010235408655717}, ""route_model_cost"": {""count"": 28417.0, ""seconds"": 0.6622909564393922}, ""scan_build"": {""count"": 64.0, ""seconds"": 0.014174123007251183}, ""scan_score"": {""count"": 64.0, ""seconds"": 0.0088567460043123}}",0,False,False,0.25,,
{},16000,LNS,280.0,2320.739433561989,vanilla,1,,/Volumes/移动硬盘（512G）/ReSETP/baselines/e2_alns/high_tension_separation_probe_stage_a_data/checkpoints/wc280/e2-vanilla-50c-01__LNS__seed1.json,True,7cb71f35c46fbd099747fc0d18c15a95315b746d,wallclock,4,7,233.39511866599787,1,1,16000,68.55327605585848,,True,OK,e2-vanilla-50c-01,2,2.3.5,/opt/anaconda3/bin/python3.13,1,8,600.0,wc280,280kWh same wall-clock,1,50,OK,{},0,False,False,0.125,,
"{""SETP_ALNS_CRUSH_ADAPTIVE_Q"": ""1"", ""SETP_ALNS_CRUSH_LOCAL_SEARCH"": ""0"", ""SETP_ALNS_CRUSH_REPAIR_STRUCTURE_CACHE"": ""1"", ""SETP_ALNS_CRUSH_ROUTE_COST_CACHE"": ""1"", ""SETP_ALNS_CRUSH_ROUTE_ELIMINATION"": ""0"", ""SETP_ALNS_CRUSH_SA_ACCEPTANCE"": ""1"", ""SETP_ALNS_CRUSH_SA_MODE"": ""lns_cooling"", ""SETP_ALNS_CRUSH_SCAN_REBUILD"": ""1"", ""SETP_ALNS_CRUSH_SCAN_RESTART"": ""1"", ""SETP_ALNS_CRUSH_TIMING_LEDGER"": ""1"", ""SETP_ALNS_CRUSH_TRUE_ACCEPTANCE"": ""0"", ""SETP_ALNS_CRUSH_TRUE_REPAIR"": ""1""}",16000,alns_e2_throughput,280.0,2320.739433561989,vanilla,1,,/Volumes/移动硬盘（512G）/ReSETP/baselines/e2_alns/high_tension_separation_probe_stage_a_data/checkpoints/wc280/e2-vanilla-50c-01__alns_e2_throughput__seed1.json,True,7cb71f35c46fbd099747fc0d18c15a95315b746d,wallclock,4,7,75.55290795799738,1,1,16000,211.7721267445455,,True,OK,e2-vanilla-50c-01,2,2.3.5,/opt/anaconda3/bin/python3.13,1,8,600.0,wc280,280kWh same wall-clock,1,50,OK,"{""acceptance"": {""count"": 15936.0, ""seconds"": 0.003950636575609678}, ""checkpoint_model_cost"": {""count"": 1.0, ""seconds"": 0.00013233299978310242}, ""destroy:random_customer_removal"": {""count"": 2658.0, ""seconds"": 0.2228674790203513}, ""destroy:route_segment_removal"": {""count"": 2655.0, ""seconds"": 0.21158857609407278}, ""destroy:shaw_related_removal"": {""count"": 2655.0, ""seconds"": 2.658001364005031}, ""destroy:vehicle_type_swap"": {""count"": 2655.0, ""seconds"": 2.811129329038522}, ""destroy:whole_route_removal"": {""count"": 2655.0, ""seconds"": 0.17762061502435245}, ""destroy:worst_customer_removal"": {""count"": 2658.0, ""seconds"": 0.2299505220471474}, ""final_check"": {""count"": 1.0, ""seconds"": 0.00016879200120456517}, ""full_candidate_score"": {""count"": 15936.0, ""seconds"": 4.788936998713325}, ""history_model_cost"": {""count"": 1.0, ""seconds"": 0.00017104200014728121}, ""initial_reference_score"": {""count"": 1.0, ""seconds"": 0.0003384159972483758}, ""repair:greedy_insert_repair"": {""count"": 5312.0, ""seconds"": 21.810441666155384}, ""repair:regret2_insert_repair"": {""count"": 5312.0, ""seconds"": 22.290469995787134}, ""repair:regret3_insert_repair"": {""count"": 5312.0, ""seconds"": 22.257570217941975}, ""repair_full_check"": {""count"": 31872.0, ""seconds"": 5.589476552890119}, ""repair_solution_score"": {""count"": 5310.0, ""seconds"": 0.6953042810637271}, ""route_model_cost"": {""count"": 122733.0, ""seconds"": 2.770688270466053}, ""scan_build"": {""count"": 64.0, ""seconds"": 0.028036871011863695}, ""scan_score"": {""count"": 64.0, ""seconds"": 0.016168336009286577}}",0,False,False,0.125,,
{},16000,LNS,280.0,3817.814283649194,vanilla,1,,/Volumes/移动硬盘（512G）/ReSETP/baselines/e2_alns/high_tension_separation_probe_stage_a_data/checkpoints/wc280/e2-vanilla-75c-01__LNS__seed1.json,True,7cb71f35c46fbd099747fc0d18c15a95315b746d,wallclock,6,11,341.05894408400127,1,1,16000,46.912711944769505,,True,OK,e2-vanilla-75c-01,2,2.3.5,/opt/anaconda3/bin/python3.13,1,12,900.0,wc280,280kWh same wall-clock,1,75,OK,{},0,False,False,0.08333333333333333,,
"{""SETP_ALNS_CRUSH_ADAPTIVE_Q"": ""1"", ""SETP_ALNS_CRUSH_LOCAL_SEARCH"": ""0"", ""SETP_ALNS_CRUSH_REPAIR_STRUCTURE_CACHE"": ""1"", ""SETP_ALNS_CRUSH_ROUTE_COST_CACHE"": ""1"", ""SETP_ALNS_CRUSH_ROUTE_ELIMINATION"": ""0"", ""SETP_ALNS_CRUSH_SA_ACCEPTANCE"": ""1"", ""SETP_ALNS_CRUSH_SA_MODE"": ""lns_cooling"", ""SETP_ALNS_CRUSH_SCAN_REBUILD"": ""1"", ""SETP_ALNS_CRUSH_SCAN_RESTART"": ""1"", ""SETP_ALNS_CRUSH_TIMING_LEDGER"": ""1"", ""SETP_ALNS_CRUSH_TRUE_ACCEPTANCE"": ""0"", ""SETP_ALNS_CRUSH_TRUE_REPAIR"": ""1""}",16000,alns_e2_throughput,280.0,3817.814283649194,vanilla,1,,/Volumes/移动硬盘（512G）/ReSETP/baselines/e2_alns/high_tension_separation_probe_stage_a_data/checkpoints/wc280/e2-vanilla-75c-01__alns_e2_throughput__seed1.json,True,7cb71f35c46fbd099747fc0d18c15a95315b746d,wallclock,6,11,144.25829200000226,1,1,16000,110.91216857052314,,True,OK,e2-vanilla-75c-01,2,2.3.5,/opt/anaconda3/bin/python3.13,1,12,900.0,wc280,280kWh same wall-clock,1,75,OK,"{""acceptance"": {""count"": 15936.0, ""seconds"": 0.003912690062861657}, ""checkpoint_model_cost"": {""count"": 1.0, ""seconds"": 0.00019266600065748207}, ""destroy:random_customer_removal"": {""count"": 2658.0, ""seconds"": 0.3064195361439488}, ""destroy:route_segment_removal"": {""count"": 2655.0, ""seconds"": 0.31838517107462394}, ""destroy:shaw_related_removal"": {""count"": 2655.0, ""seconds"": 6.72410982286965}, ""destroy:vehicle_type_swap"": {""count"": 2655.0, ""seconds"": 2.1917874359933194}, ""destroy:whole_route_removal"": {""count"": 2655.0, ""seconds"": 0.27665957599310786}, ""destroy:worst_customer_removal"": {""count"": 2658.0, ""seconds"": 0.34144268193631433}, ""final_check"": {""count"": 1.0, ""seconds"": 0.0002386250016570557}, ""full_candidate_score"": {""count"": 15936.0, ""seconds"": 6.891904951098695}, ""history_model_cost"": {""count"": 1.0, ""seconds"": 0.00023841699658078142}, ""initial_reference_score"": {""count"": 1.0, ""seconds"": 0.0004747909988509491}, ""repair:greedy_insert_repair"": {""count"": 5312.0, ""seconds"": 42.7357433779689}, ""repair:regret2_insert_repair"": {""count"": 5312.0, ""seconds"": 44.83989299410314}, ""repair:regret3_insert_repair"": {""count"": 5312.0, ""seconds"": 43.90252161102762}, ""repair_full_check"": {""count"": 31872.0, ""seconds"": 8.72430997099218}, ""repair_solution_score"": {""count"": 2655.0, ""seconds"": 0.48973644214493106}, ""route_model_cost"": {""count"": 248580.0, ""seconds"": 5.614817655397928}, ""scan_build"": {""count"": 64.0, ""seconds"": 0.04330946001573466}, ""scan_score"": {""count"": 64.0, ""seconds"": 0.02447833201222238}}",0,False,False,0.08333333333333333,,
{},16000,LNS,80.0,3960.9142264324673,multidepot,1,,/Volumes/移动硬盘（512G）/ReSETP/baselines/e2_alns/high_tension_separation_probe_stage_a_data/checkpoints/wc80/e2-multidepot-100c-01__LNS__seed1.json,True,7cb71f35c46fbd099747fc0d18c15a95315b746d,wallclock,7,14,553.0162264999999,1,1,16000,28.932243274782106,,True,OK,e2-multidepot-100c-01,2,2.3.5,/opt/anaconda3/bin/python3.13,1,15,900.0,wc80,Goeke80 same wall-clock,1,100,OK,{},0,False,False,0.06666666666666667,,
"{""SETP_ALNS_CRUSH_ADAPTIVE_Q"": ""1"", ""SETP_ALNS_CRUSH_LOCAL_SEARCH"": ""0"", ""SETP_ALNS_CRUSH_REPAIR_STRUCTURE_CACHE"": ""1"", ""SETP_ALNS_CRUSH_ROUTE_COST_CACHE"": ""1"", ""SETP_ALNS_CRUSH_ROUTE_ELIMINATION"": ""0"", ""SETP_ALNS_CRUSH_SA_ACCEPTANCE"": ""1"", ""SETP_ALNS_CRUSH_SA_MODE"": ""lns_cooling"", ""SETP_ALNS_CRUSH_SCAN_REBUILD"": ""1"", ""SETP_ALNS_CRUSH_SCAN_RESTART"": ""1"", ""SETP_ALNS_CRUSH_TIMING_LEDGER"": ""1"", ""SETP_ALNS_CRUSH_TRUE_ACCEPTANCE"": ""0"", ""SETP_ALNS_CRUSH_TRUE_REPAIR"": ""1""}",16000,alns_e2_throughput,80.0,3960.9142264324673,multidepot,1,,/Volumes/移动硬盘（512G）/ReSETP/baselines/e2_alns/high_tension_separation_probe_stage_a_data/checkpoints/wc80/e2-multidepot-100c-01__alns_e2_throughput__seed1.json,True,7cb71f35c46fbd099747fc0d18c15a95315b746d,wallclock,7,14,284.48176237499956,1,1,16000,56.24262120152729,,True,OK,e2-multidepot-100c-01,2,2.3.5,/opt/anaconda3/bin/python3.13,1,15,900.0,wc80,Goeke80 same wall-clock,1,100,OK,"{""acceptance"": {""count"": 15936.0, ""seconds"": 0.004175492994363594}, ""checkpoint_model_cost"": {""count"": 1.0, ""seconds"": 0.00024316700000781566}, ""destroy:random_customer_removal"": {""count"": 2658.0, ""seconds"": 0.42629629196744645}, ""destroy:route_segment_removal"": {""count"": 2655.0, ""seconds"": 0.45902624904192635}, ""destroy:shaw_related_removal"": {""count"": 2655.0, ""seconds"": 14.073608245977084}, ""destroy:vehicle_type_swap"": {""count"": 2655.0, ""seconds"": 9.134437441973205}, ""destroy:whole_route_removal"": {""count"": 2655.0, ""seconds"": 0.408591838015127}, ""destroy:worst_customer_removal"": {""count"": 2658.0, ""seconds"": 0.4795276580025529}, ""final_check"": {""count"": 1.0, ""seconds"": 0.00030804100060777273}, ""full_candidate_score"": {""count"": 15936.0, ""seconds"": 8.959241056983046}, ""history_model_cost"": {""count"": 1.0, ""seconds"": 0.00029549999999289867}, ""initial_reference_score"": {""count"": 1.0, ""seconds"": 0.0006098750000091968}, ""repair:greedy_insert_repair"": {""count"": 5312.0, ""seconds"": 84.43829021497095}, ""repair:regret2_insert_repair"": {""count"": 5312.0, ""seconds"": 85.69015550998483}, ""repair:regret3_insert_repair"": {""count"": 5312.0, ""seconds"": 85.92140335107797}, ""repair_full_check"": {""count"": 31872.0, ""seconds"": 10.514828883904556}, ""repair_solution_score"": {""count"": 7234.0, ""seconds"": 1.7815110439551063}, ""route_model_cost"": {""count"": 628491.0, ""seconds"": 15.005046136995588}, ""scan_build"": {""count"": 64.0, ""seconds"": 0.0644484590011416}, ""scan_score"": {""count"": 64.0, ""seconds"": 0.03272949800521019}}",0,False,False,0.06666666666666667,,
{},16000,LNS,80.0,476.14411336859115,multidepot,1,,/Volumes/移动硬盘（512G）/ReSETP/baselines/e2_alns/high_tension_separation_probe_stage_a_data/checkpoints/wc80/e2-multidepot-10c-01__LNS__seed1.json,True,7cb71f35c46fbd099747fc0d18c15a95315b746d,wallclock,1,2,35.910910417000196,1,1,16000,445.5470444554815,,True,OK,e2-multidepot-10c-01,2,2.3.5,/opt/anaconda3/bin/python3.13,1,3,300.0,wc80,Goeke80 same wall-clock,1,10,OK,{},0,False,False,0.3333333333333333,,
"{""SETP_ALNS_CRUSH_ADAPTIVE_Q"": ""1"", ""SETP_ALNS_CRUSH_LOCAL_SEARCH"": ""0"", ""SETP_ALNS_CRUSH_REPAIR_STRUCTURE_CACHE"": ""1"", ""SETP_ALNS_CRUSH_ROUTE_COST_CACHE"": ""1"", ""SETP_ALNS_CRUSH_ROUTE_ELIMINATION"": ""0"", ""SETP_ALNS_CRUSH_SA_ACCEPTANCE"": ""1"", ""SETP_ALNS_CRUSH_SA_MODE"": ""lns_cooling"", ""SETP_ALNS_CRUSH_SCAN_REBUILD"": ""1"", ""SETP_ALNS_CRUSH_SCAN_RESTART"": ""1"", ""SETP_ALNS_CRUSH_TIMING_LEDGER"": ""1"", ""SETP_ALNS_CRUSH_TRUE_ACCEPTANCE"": ""0"", ""SETP_ALNS_CRUSH_TRUE_REPAIR"": ""1""}",16000,alns_e2_throughput,80.0,387.9007343319535,multidepot,1,,/Volumes/移动硬盘（512G）/ReSETP/baselines/e2_alns/high_tension_separation_probe_stage_a_data/checkpoints/wc80/e2-multidepot-10c-01__alns_e2_throughput__seed1.json,True,7cb71f35c46fbd099747fc0d18c15a95315b746d,wallclock,1,1,12.864953082999818,1,1,16000,1243.6889506533014,,True,OK,e2-multidepot-10c-01,1,2.3.5,/opt/anaconda3/bin/python3.13,1,2,300.0,wc80,Goeke80 same wall-clock,1,10,OK,"{""acceptance"": {""count"": 15936.0, ""seconds"": 0.011932305134905619}, ""checkpoint_model_cost"": {""count"": 2.0, ""seconds"": 7.97909997345414e-05}, ""destroy:random_customer_removal"": {""count"": 6558.0, ""seconds"": 0.2096467669989579}, ""destroy:route_segment_removal"": {""count"": 1425.0, ""seconds"": 0.03696150000178022}, ""destroy:shaw_related_removal"": {""count"": 1425.0, ""seconds"": 0.08749366300162364}, ""destroy:vehicle_type_swap"": {""count"": 1424.0, ""seconds"": 0.3261337389731125}, ""destroy:whole_route_removal"": {""count"": 3679.0, ""seconds"": 0.0666113770348602}, ""destroy:worst_customer_removal"": {""count"": 1425.0, ""seconds"": 0.037121843003660615}, ""final_check"": {""count"": 1.0, ""seconds"": 8.120900020003319e-05}, ""full_candidate_score"": {""count"": 15936.0, ""seconds"": 1.896689618902201}, ""history_model_cost"": {""count"": 2.0, ""seconds"": 0.0001112079999074922}, ""initial_reference_score"": {""count"": 1.0, ""seconds"": 0.00014845799978502328}, ""local_search"": {""count"": 2303.0, ""seconds"": 0.0025937199852705817}, ""repair:greedy_insert_repair"": {""count"": 8162.0, ""seconds"": 4.571961271012697}, ""repair:regret2_insert_repair"": {""count"": 3784.0, ""seconds"": 2.35437535499932}, ""repair:regret3_insert_repair"": {""count"": 3990.0, ""seconds"": 2.5431793270181515}, ""repair_full_check"": {""count"": 19444.0, ""seconds"": 1.798780105017613}, ""repair_solution_score"": {""count"": 1427.0, ""seconds"": 0.04712047100565542}, ""route_model_cost"": {""count"": 874.0, ""seconds"": 0.01713499499055615}, ""scan_build"": {""count"": 64.0, ""seconds"": 0.005559999001889082}, ""scan_score"": {""count"": 64.0, ""seconds"": 0.004750039000100514}}",0,False,False,0.5,,
{},16000,LNS,80.0,5488.782859056312,multidepot,1,,/Volumes/移动硬盘（512G）/ReSETP/baselines/e2_alns/high_tension_separation_probe_stage_a_data/checkpoints/wc80/e2-multidepot-150c-01__LNS__seed1.json,True,7cb71f35c46fbd099747fc0d18c15a95315b746d,wallclock,10,21,896.6017875829993,1,1,16000,17.845157372630002,,True,OK,e2-multidepot-150c-01,3,2.3.5,/opt/anaconda3/bin/python3.13,1,22,900.0,wc80,Goeke80 same wall-clock,1,150,OK,{},0,False,False,0.045454545454545456,,
"{""SETP_ALNS_CRUSH_ADAPTIVE_Q"": ""1"", ""SETP_ALNS_CRUSH_LOCAL_SEARCH"": ""0"", ""SETP_ALNS_CRUSH_REPAIR_STRUCTURE_CACHE"": ""1"", ""SETP_ALNS_CRUSH_ROUTE_COST_CACHE"": ""1"", ""SETP_ALNS_CRUSH_ROUTE_ELIMINATION"": ""0"", ""SETP_ALNS_CRUSH_SA_ACCEPTANCE"": ""1"", ""SETP_ALNS_CRUSH_SA_MODE"": ""lns_cooling"", ""SETP_ALNS_CRUSH_SCAN_REBUILD"": ""1"", ""SETP_ALNS_CRUSH_SCAN_RESTART"": ""1"", ""SETP_ALNS_CRUSH_TIMING_LEDGER"": ""1"", ""SETP_ALNS_CRUSH_TRUE_ACCEPTANCE"": ""0"", ""SETP_ALNS_CRUSH_TRUE_REPAIR"": ""1""}",16000,alns_e2_throughput,80.0,5488.782859056312,multidepot,1,,/Volumes/移动硬盘（512G）/ReSETP/baselines/e2_alns/high_tension_separation_probe_stage_a_data/checkpoints/wc80/e2-multidepot-150c-01__alns_e2_throughput__seed1.json,True,7cb71f35c46fbd099747fc0d18c15a95315b746d,wallclock,10,21,668.7156475419997,1,1,16000,23.926462703259975,,True,OK,e2-multidepot-150c-01,3,2.3.5,/opt/anaconda3/bin/python3.13,1,22,900.0,wc80,Goeke80 same wall-clock,1,150,OK,"{""acceptance"": {""count"": 15936.0, ""seconds"": 0.004379718996460724}, ""checkpoint_model_cost"": {""count"": 1.0, ""seconds"": 0.000359000000571541}, ""destroy:random_customer_removal"": {""count"": 2658.0, ""seconds"": 0.6505500730236236}, ""destroy:route_segment_removal"": {""count"": 2655.0, ""seconds"": 0.7645677520058598}, ""destroy:shaw_related_removal"": {""count"": 2655.0, ""seconds"": 38.72042982799758}, ""destroy:vehicle_type_swap"": {""count"": 2655.0, ""seconds"": 14.309947048007416}, ""destroy:whole_route_removal"": {""count"": 2655.0, ""seconds"": 0.6937289149882417}, ""destroy:worst_customer_removal"": {""count"": 2658.0, ""seconds"": 0.7838516820002042}, ""final_check"": {""count"": 1.0, ""seconds"": 0.0005299169997670106}, ""full_candidate_score"": {""count"": 15936.0, ""seconds"": 13.50730642500912}, ""history_model_cost"": {""count"": 1.0, ""seconds"": 0.00042845799998758594}, ""initial_reference_score"": {""count"": 1.0, ""seconds"": 0.0009966659999918193}, ""repair:greedy_insert_repair"": {""count"": 5312.0, ""seconds"": 195.97826257702764}, ""repair:regret2_insert_repair"": {""count"": 5312.0, ""seconds"": 204.7060768190122}, ""repair:regret3_insert_repair"": {""count"": 5312.0, ""seconds"": 206.80665357902035}, ""repair_full_check"": {""count"": 31872.0, ""seconds"": 17.239712722981494}, ""repair_solution_score"": {""count"": 5674.0, ""seconds"": 2.069029083049827}, ""route_model_cost"": {""count"": 1299627.0, ""seconds"": 32.41978504245799}, ""scan_build"": {""count"": 64.0, ""seconds"": 0.10521716300172557}, ""scan_score"": {""count"": 64.0, ""seconds"": 0.0500986240012935}}",0,False,False,0.045454545454545456,,
{},16000,LNS,80.0,621.371321439464,multidepot,0,,/Volumes/移动硬盘（512G）/ReSETP/baselines/e2_alns/high_tension_separation_probe_stage_a_data/checkpoints/wc80/e2-multidepot-15c-01__LNS__seed1.json,True,7cb71f35c46fbd099747fc0d18c15a95315b746d,wallclock,2,2,32.24773812499916,0,0,16000,496.1588294341936,,True,OK,e2-multidepot-15c-01,1,2.3.5,/opt/anaconda3/bin/python3.13,1,2,300.0,wc80,Goeke80 same wall-clock,1,15,OK,{},0,True,False,0.0,,
"{""SETP_ALNS_CRUSH_ADAPTIVE_Q"": ""1"", ""SETP_ALNS_CRUSH_LOCAL_SEARCH"": ""0"", ""SETP_ALNS_CRUSH_REPAIR_STRUCTURE_CACHE"": ""1"", ""SETP_ALNS_CRUSH_ROUTE_COST_CACHE"": ""1"", ""SETP_ALNS_CRUSH_ROUTE_ELIMINATION"": ""0"", ""SETP_ALNS_CRUSH_SA_ACCEPTANCE"": ""1"", ""SETP_ALNS_CRUSH_SA_MODE"": ""lns_cooling"", ""SETP_ALNS_CRUSH_SCAN_REBUILD"": ""1"", ""SETP_ALNS_CRUSH_SCAN_RESTART"": ""1"", ""SETP_ALNS_CRUSH_TIMING_LEDGER"": ""1"", ""SETP_ALNS_CRUSH_TRUE_ACCEPTANCE"": ""0"", ""SETP_ALNS_CRUSH_TRUE_REPAIR"": ""1""}",16000,alns_e2_throughput,80.0,621.371321439464,multidepot,0,,/Volumes/移动硬盘（512G）/ReSETP/baselines/e2_alns/high_tension_separation_probe_stage_a_data/checkpoints/wc80/e2-multidepot-15c-01__alns_e2_throughput__seed1.json,True,7cb71f35c46fbd099747fc0d18c15a95315b746d,wallclock,2,2,14.044806666999648,0,0,16000,1139.2111247493615,,True,OK,e2-multidepot-15c-01,1,2.3.5,/opt/anaconda3/bin/python3.13,1,2,300.0,wc80,Goeke80 same wall-clock,1,15,OK,"{""acceptance"": {""count"": 15936.0, ""seconds"": 0.0053994499448890565}, ""checkpoint_model_cost"": {""count"": 2.0, ""seconds"": 8.712499857210787e-05}, ""destroy:random_customer_removal"": {""count"": 2180.0, ""seconds"": 0.0778013339786412}, ""destroy:route_segment_removal"": {""count"": 2319.0, ""seconds"": 0.06566977297643461}, ""destroy:shaw_related_removal"": {""count"": 6284.0, ""seconds"": 0.5611911489831982}, ""destroy:vehicle_type_swap"": {""count"": 1449.0, ""seconds"": 0.3237193099985234}, ""destroy:whole_route_removal"": {""count"": 2255.0, ""seconds"": 0.04433896001864923}, ""destroy:worst_customer_removal"": {""count"": 1449.0, ""seconds"": 0.0427803939955993}, ""final_check"": {""count"": 1.0, ""seconds"": 4.0750000152911525e-05}, ""full_candidate_score"": {""count"": 15936.0, ""seconds"": 1.3532629720066325}, ""history_model_cost"": {""count"": 2.0, ""seconds"": 0.00011141699997097021}, ""initial_reference_score"": {""count"": 1.0, ""seconds"": 0.00011774999984481838}, ""local_search"": {""count"": 353.0, ""seconds"": 0.00046567000845243456}, ""repair:greedy_insert_repair"": {""count"": 3627.0, ""seconds"": 2.4698869839849067}, ""repair:regret2_insert_repair"": {""count"": 3769.0, ""seconds"": 2.186043158952998}, ""repair:regret3_insert_repair"": {""count"": 8540.0, ""seconds"": 6.174898775024303}, ""repair_full_check"": {""count"": 19757.0, ""seconds"": 1.2247416549644186}, ""route_model_cost"": {""count"": 3367.0, ""seconds"": 0.06755262893875624}, ""scan_build"": {""count"": 64.0, ""seconds"": 0.008561245003875229}, ""scan_score"": {""count"": 64.0, ""seconds"": 0.006513287002235302}}",0,True,False,0.0,,
{},10833,LNS,80.0,6608.239546640648,multidepot,1,,/Volumes/移动硬盘（512G）/ReSETP/baselines/e2_alns/high_tension_separation_probe_stage_a_data/checkpoints/wc80/e2-multidepot-200c-01__LNS__seed1.json,True,7cb71f35c46fbd099747fc0d18c15a95315b746d,wallclock,14,28,905.6819084580002,1,1,16000,11.961153136473815,,True,OK,e2-multidepot-200c-01,2,2.3.5,/opt/anaconda3/bin/python3.13,1,29,900.0,wc80,Goeke80 same wall-clock,1,200,OK,{},0,False,False,0.034482758620689655,,
"{""SETP_ALNS_CRUSH_ADAPTIVE_Q"": ""1"", ""SETP_ALNS_CRUSH_LOCAL_SEARCH"": ""0"", ""SETP_ALNS_CRUSH_REPAIR_STRUCTURE_CACHE"": ""1"", ""SETP_ALNS_CRUSH_ROUTE_COST_CACHE"": ""1"", ""SETP_ALNS_CRUSH_ROUTE_ELIMINATION"": ""0"", ""SETP_ALNS_CRUSH_SA_ACCEPTANCE"": ""1"", ""SETP_ALNS_CRUSH_SA_MODE"": ""lns_cooling"", ""SETP_ALNS_CRUSH_SCAN_REBUILD"": ""1"", ""SETP_ALNS_CRUSH_SCAN_RESTART"": ""1"", ""SETP_ALNS_CRUSH_TIMING_LEDGER"": ""1"", ""SETP_ALNS_CRUSH_TRUE_ACCEPTANCE"": ""0"", ""SETP_ALNS_CRUSH_TRUE_REPAIR"": ""1""}",7864,alns_e2_throughput,80.0,6608.239546640648,multidepot,1,,/Volumes/移动硬盘（512G）/ReSETP/baselines/e2_alns/high_tension_separation_probe_stage_a_data/checkpoints/wc80/e2-multidepot-200c-01__alns_e2_throughput__seed1.json,True,7cb71f35c46fbd099747fc0d18c15a95315b746d,wallclock,14,28,907.4043045830003,1,1,16000,8.666478614088037,,True,OK,e2-multidepot-200c-01,2,2.3.5,/opt/anaconda3/bin/python3.13,1,29,900.0,wc80,Goeke80 same wall-clock,1,200,OK,"{""acceptance"": {""count"": 7832.0, ""seconds"": 0.0021508359895960893}, ""checkpoint_model_cost"": {""count"": 1.0, ""seconds"": 0.0004742920000353479}, ""destroy:random_customer_removal"": {""count"": 1307.0, ""seconds"": 0.4662643459996616}, ""destroy:route_segment_removal"": {""count"": 1305.0, ""seconds"": 0.5896395360050519}, ""destroy:shaw_related_removal"": {""count"": 1305.0, ""seconds"": 43.88337484499698}, ""destroy:vehicle_type_swap"": {""count"": 1305.0, ""seconds"": 11.866617401020449}, ""destroy:whole_route_removal"": {""count"": 1305.0, ""seconds"": 0.5488735289936812}, ""destroy:worst_customer_removal"": {""count"": 1305.0, ""seconds"": 0.5633406019887843}, ""final_check"": {""count"": 1.0, ""seconds"": 0.0006725419998474536}, ""full_candidate_score"": {""count"": 7832.0, ""seconds"": 9.095236637966082}, ""history_model_cost"": {""count"": 1.0, ""seconds"": 0.0005586249999396387}, ""initial_reference_score"": {""count"": 1.0, ""seconds"": 0.001224749999892083}, ""repair:greedy_insert_repair"": {""count"": 2611.0, ""seconds"": 276.2055085060001}, ""repair:regret2_insert_repair"": {""count"": 2611.0, ""seconds"": 290.9670005270027}, ""repair:regret3_insert_repair"": {""count"": 2610.0, ""seconds"": 274.17385838002065}, ""repair_full_check"": {""count"": 15664.0, ""seconds"": 12.361175691043172}, ""repair_solution_score"": {""count"": 3917.0, ""seconds"": 1.886734237012206}, ""route_model_cost"": {""count"": 1575217.0, ""seconds"": 41.30145966362761}, ""scan_build"": {""count"": 32.0, ""seconds"": 0.07972699899892177}, ""scan_score"": {""count"": 32.0, ""seconds"": 0.03450816600161488}}",0,False,False,0.034482758620689655,,
{},16000,LNS,80.0,1130.7005298293218,multidepot,1,,/Volumes/移动硬盘（512G）/ReSETP/baselines/e2_alns/high_tension_separation_probe_stage_a_data/checkpoints/wc80/e2-multidepot-20c-01__LNS__seed1.json,True,7cb71f35c46fbd099747fc0d18c15a95315b746d,wallclock,2,4,96.64203766699939,1,1,16000,165.55942306526472,,True,OK,e2-multidepot-20c-01,2,2.3.5,/opt/anaconda3/bin/python3.13,1,5,300.0,wc80,Goeke80 same wall-clock,1,20,OK,{},0,False,False,0.2,,
"{""SETP_ALNS_CRUSH_ADAPTIVE_Q"": ""1"", ""SETP_ALNS_CRUSH_LOCAL_SEARCH"": ""0"", ""SETP_ALNS_CRUSH_REPAIR_STRUCTURE_CACHE"": ""1"", ""SETP_ALNS_CRUSH_ROUTE_COST_CACHE"": ""1"", ""SETP_ALNS_CRUSH_ROUTE_ELIMINATION"": ""0"", ""SETP_ALNS_CRUSH_SA_ACCEPTANCE"": ""1"", ""SETP_ALNS_CRUSH_SA_MODE"": ""lns_cooling"", ""SETP_ALNS_CRUSH_SCAN_REBUILD"": ""1"", ""SETP_ALNS_CRUSH_SCAN_RESTART"": ""1"", ""SETP_ALNS_CRUSH_TIMING_LEDGER"": ""1"", ""SETP_ALNS_CRUSH_TRUE_ACCEPTANCE"": ""0"", ""SETP_ALNS_CRUSH_TRUE_REPAIR"": ""1""}",16000,alns_e2_throughput,80.0,1130.7005298293218,multidepot,1,,/Volumes/移动硬盘（512G）/ReSETP/baselines/e2_alns/high_tension_separation_probe_stage_a_data/checkpoints/wc80/e2-multidepot-20c-01__alns_e2_throughput__seed1.json,True,7cb71f35c46fbd099747fc0d18c15a95315b746d,wallclock,2,4,23.99327599999924,1,1,16000,666.8534967880379,,True,OK,e2-multidepot-20c-01,2,2.3.5,/opt/anaconda3/bin/python3.13,1,5,300.0,wc80,Goeke80 same wall-clock,1,20,OK,"{""acceptance"": {""count"": 15936.0, ""seconds"": 0.0039018299967210623}, ""checkpoint_model_cost"": {""count"": 1.0, ""seconds"": 6.845900043117581e-05}, ""destroy:random_customer_removal"": {""count"": 2658.0, ""seconds"": 0.1397683949826387}, ""destroy:route_segment_removal"": {""count"": 2655.0, ""seconds"": 0.12195757301287813}, ""destroy:shaw_related_removal"": {""count"": 2655.0, ""seconds"": 0.5291659650183647}, ""destroy:vehicle_type_swap"": {""count"": 2655.0, ""seconds"": 2.164310668015787}, ""destroy:whole_route_removal"": {""count"": 2655.0, ""seconds"": 0.09604447898163926}, ""destroy:worst_customer_removal"": {""count"": 2658.0, ""seconds"": 0.12523334298566624}, ""final_check"": {""count"": 1.0, ""seconds"": 9.508299990557134e-05}, ""full_candidate_score"": {""count"": 15936.0, ""seconds"": 2.6129980610330676}, ""history_model_cost"": {""count"": 1.0, ""seconds"": 9.675000001152512e-05}, ""initial_reference_score"": {""count"": 1.0, ""seconds"": 0.00021220899998297682}, ""repair:greedy_insert_repair"": {""count"": 5312.0, ""seconds"": 6.121329362016695}, ""repair:regret2_insert_repair"": {""count"": 5312.0, ""seconds"": 6.104615257988371}, ""repair:regret3_insert_repair"": {""count"": 5312.0, ""seconds"": 6.381903974983288}, ""repair_full_check"": {""count"": 31872.0, ""seconds"": 2.603794447063592}, ""repair_solution_score"": {""count"": 5310.0, ""seconds"": 0.3646038359793238}, ""route_model_cost"": {""count"": 9777.0, ""seconds"": 0.19675497696971433}, ""scan_build"": {""count"": 64.0, ""seconds"": 0.01104870699782623}, ""scan_score"": {""count"": 64.0, ""seconds"": 0.00795066500268149}}",0,False,False,0.2,,
{},16000,LNS,80.0,828.678306576153,multidepot,1,,/Volumes/移动硬盘（512G）/ReSETP/baselines/e2_alns/high_tension_separation_probe_stage_a_data/checkpoints/wc80/e2-multidepot-25c-01__LNS__seed1.json,True,7cb71f35c46fbd099747fc0d18c15a95315b746d,wallclock,2,4,140.28739495799982,1,1,16000,114.05158677862816,,True,OK,e2-multidepot-25c-01,2,2.3.5,/opt/anaconda3/bin/python3.13,1,5,300.0,wc80,Goeke80 same wall-clock,1,25,OK,{},0,False,False,0.2,,
"{""SETP_ALNS_CRUSH_ADAPTIVE_Q"": ""1"", ""SETP_ALNS_CRUSH_LOCAL_SEARCH"": ""0"", ""SETP_ALNS_CRUSH_REPAIR_STRUCTURE_CACHE"": ""1"", ""SETP_ALNS_CRUSH_ROUTE_COST_CACHE"": ""1"", ""SETP_ALNS_CRUSH_ROUTE_ELIMINATION"": ""0"", ""SETP_ALNS_CRUSH_SA_ACCEPTANCE"": ""1"", ""SETP_ALNS_CRUSH_SA_MODE"": ""lns_cooling"", ""SETP_ALNS_CRUSH_SCAN_REBUILD"": ""1"", ""SETP_ALNS_CRUSH_SCAN_RESTART"": ""1"", ""SETP_ALNS_CRUSH_TIMING_LEDGER"": ""1"", ""SETP_ALNS_CRUSH_TRUE_ACCEPTANCE"": ""0"", ""SETP_ALNS_CRUSH_TRUE_REPAIR"": ""1""}",16000,alns_e2_throughput,80.0,828.678306576153,multidepot,1,,/Volumes/移动硬盘（512G）/ReSETP/baselines/e2_alns/high_tension_separation_probe_stage_a_data/checkpoints/wc80/e2-multidepot-25c-01__alns_e2_throughput__seed1.json,True,7cb71f35c46fbd099747fc0d18c15a95315b746d,wallclock,2,4,34.92674062500009,1,1,16000,458.1017213082693,,True,OK,e2-multidepot-25c-01,2,2.3.5,/opt/anaconda3/bin/python3.13,1,5,300.0,wc80,Goeke80 same wall-clock,1,25,OK,"{""acceptance"": {""count"": 15936.0, ""seconds"": 0.0038991759911368717}, ""checkpoint_model_cost"": {""count"": 1.0, ""seconds"": 7.562500013591489e-05}, ""destroy:random_customer_removal"": {""count"": 2658.0, ""seconds"": 0.1539557650075949}, ""destroy:route_segment_removal"": {""count"": 2655.0, ""seconds"": 0.12899482702505338}, ""destroy:shaw_related_removal"": {""count"": 2655.0, ""seconds"": 0.7052895010028806}, ""destroy:vehicle_type_swap"": {""count"": 2655.0, ""seconds"": 3.8831507429822523}, ""destroy:whole_route_removal"": {""count"": 2655.0, ""seconds"": 0.10258035001970711}, ""destroy:worst_customer_removal"": {""count"": 2658.0, ""seconds"": 0.1397687269909511}, ""final_check"": {""count"": 1.0, ""seconds"": 0.00011191699923074339}, ""full_candidate_score"": {""count"": 15936.0, ""seconds"": 2.880346669046048}, ""history_model_cost"": {""count"": 1.0, ""seconds"": 0.00011279099999228492}, ""initial_reference_score"": {""count"": 1.0, ""seconds"": 0.0002212919998783036}, ""repair:greedy_insert_repair"": {""count"": 5312.0, ""seconds"": 9.111350832969038}, ""repair:regret2_insert_repair"": {""count"": 5312.0, ""seconds"": 8.975691160962924}, ""repair:regret3_insert_repair"": {""count"": 5312.0, ""seconds"": 9.117954637988078}, ""repair_full_check"": {""count"": 31872.0, ""seconds"": 2.9313277629507866}, ""repair_solution_score"": {""count"": 7965.0, ""seconds"": 0.5831031369789343}, ""route_model_cost"": {""count"": 21823.0, ""seconds"": 0.48907829904419486}, ""scan_build"": {""count"": 64.0, ""seconds"": 0.013875203998395591}, ""scan_score"": {""count"": 64.0, ""seconds"": 0.009128584001700801}}",0,False,False,0.2,,
{},16000,LNS,80.0,2020.688951370618,multidepot,1,,/Volumes/移动硬盘（512G）/ReSETP/baselines/e2_alns/high_tension_separation_probe_stage_a_data/checkpoints/wc80/e2-multidepot-50c-01__LNS__seed1.json,True,7cb71f35c46fbd099747fc0d18c15a95315b746d,wallclock,4,8,252.06310483299967,1,1,16000,63.47616804371485,,True,OK,e2-multidepot-50c-01,2,2.3.5,/opt/anaconda3/bin/python3.13,1,9,600.0,wc80,Goeke80 same wall-clock,1,50,OK,{},0,False,False,0.1111111111111111,,
"{""SETP_ALNS_CRUSH_ADAPTIVE_Q"": ""1"", ""SETP_ALNS_CRUSH_LOCAL_SEARCH"": ""0"", ""SETP_ALNS_CRUSH_REPAIR_STRUCTURE_CACHE"": ""1"", ""SETP_ALNS_CRUSH_ROUTE_COST_CACHE"": ""1"", ""SETP_ALNS_CRUSH_ROUTE_ELIMINATION"": ""0"", ""SETP_ALNS_CRUSH_SA_ACCEPTANCE"": ""1"", ""SETP_ALNS_CRUSH_SA_MODE"": ""lns_cooling"", ""SETP_ALNS_CRUSH_SCAN_REBUILD"": ""1"", ""SETP_ALNS_CRUSH_SCAN_RESTART"": ""1"", ""SETP_ALNS_CRUSH_TIMING_LEDGER"": ""1"", ""SETP_ALNS_CRUSH_TRUE_ACCEPTANCE"": ""0"", ""SETP_ALNS_CRUSH_TRUE_REPAIR"": ""1""}",16000,alns_e2_throughput,80.0,2020.688951370618,multidepot,1,,/Volumes/移动硬盘（512G）/ReSETP/baselines/e2_alns/high_tension_separation_probe_stage_a_data/checkpoints/wc80/e2-multidepot-50c-01__alns_e2_throughput__seed1.json,True,7cb71f35c46fbd099747fc0d18c15a95315b746d,wallclock,4,8,82.64500599999974,1,1,16000,193.59911474868852,,True,OK,e2-multidepot-50c-01,2,2.3.5,/opt/anaconda3/bin/python3.13,1,9,600.0,wc80,Goeke80 same wall-clock,1,50,OK,"{""acceptance"": {""count"": 15936.0, ""seconds"": 0.003936943929147674}, ""checkpoint_model_cost"": {""count"": 1.0, ""seconds"": 0.0001367920003758627}, ""destroy:random_customer_removal"": {""count"": 2658.0, ""seconds"": 0.2465679279894175}, ""destroy:route_segment_removal"": {""count"": 2655.0, ""seconds"": 0.23109810501046013}, ""destroy:shaw_related_removal"": {""count"": 2655.0, ""seconds"": 2.938243431972296}, ""destroy:vehicle_type_swap"": {""count"": 2655.0, ""seconds"": 6.723799759971371}, ""destroy:whole_route_removal"": {""count"": 2655.0, ""seconds"": 0.1991804850194967}, ""destroy:worst_customer_removal"": {""count"": 2658.0, ""seconds"": 0.24582502795055916}, ""final_check"": {""count"": 1.0, ""seconds"": 0.00017437499991501682}, ""full_candidate_score"": {""count"": 15936.0, ""seconds"": 4.968001981024827}, ""history_model_cost"": {""count"": 1.0, ""seconds"": 0.00023970799975359114}, ""initial_reference_score"": {""count"": 1.0, ""seconds"": 0.00035962499987363117}, ""repair:greedy_insert_repair"": {""count"": 5312.0, ""seconds"": 22.553305688992623}, ""repair:regret2_insert_repair"": {""count"": 5312.0, ""seconds"": 22.895836012990912}, ""repair:regret3_insert_repair"": {""count"": 5312.0, ""seconds"": 23.54718337498798}, ""repair_full_check"": {""count"": 31872.0, ""seconds"": 5.45587426905513}, ""repair_solution_score"": {""count"": 7965.0, ""seconds"": 1.0636317139178573}, ""route_model_cost"": {""count"": 143238.0, ""seconds"": 3.226063075755519}, ""scan_build"": {""count"": 64.0, ""seconds"": 0.028418250997674477}, ""scan_score"": {""count"": 64.0, ""seconds"": 0.01698916600253142}}",0,False,False,0.1111111111111111,,
{},16000,LNS,80.0,3062.7977925322516,multidepot,1,,/Volumes/移动硬盘（512G）/ReSETP/baselines/e2_alns/high_tension_separation_probe_stage_a_data/checkpoints/wc80/e2-multidepot-75c-01__LNS__seed1.json,True,7cb71f35c46fbd099747fc0d18c15a95315b746d,wallclock,6,12,371.9058857500004,1,1,16000,43.02163695993613,,True,OK,e2-multidepot-75c-01,2,2.3.5,/opt/anaconda3/bin/python3.13,1,13,900.0,wc80,Goeke80 same wall-clock,1,75,OK,{},0,False,False,0.07692307692307693,,
"{""SETP_ALNS_CRUSH_ADAPTIVE_Q"": ""1"", ""SETP_ALNS_CRUSH_LOCAL_SEARCH"": ""0"", ""SETP_ALNS_CRUSH_REPAIR_STRUCTURE_CACHE"": ""1"", ""SETP_ALNS_CRUSH_ROUTE_COST_CACHE"": ""1"", ""SETP_ALNS_CRUSH_ROUTE_ELIMINATION"": ""0"", ""SETP_ALNS_CRUSH_SA_ACCEPTANCE"": ""1"", ""SETP_ALNS_CRUSH_SA_MODE"": ""lns_cooling"", ""SETP_ALNS_CRUSH_SCAN_REBUILD"": ""1"", ""SETP_ALNS_CRUSH_SCAN_RESTART"": ""1"", ""SETP_ALNS_CRUSH_TIMING_LEDGER"": ""1"", ""SETP_ALNS_CRUSH_TRUE_ACCEPTANCE"": ""0"", ""SETP_ALNS_CRUSH_TRUE_REPAIR"": ""1""}",16000,alns_e2_throughput,80.0,3062.7977925322516,multidepot,1,,/Volumes/移动硬盘（512G）/ReSETP/baselines/e2_alns/high_tension_separation_probe_stage_a_data/checkpoints/wc80/e2-multidepot-75c-01__alns_e2_throughput__seed1.json,True,7cb71f35c46fbd099747fc0d18c15a95315b746d,wallclock,6,12,157.7755929169998,1,1,16000,101.40985499840293,,True,OK,e2-multidepot-75c-01,2,2.3.5,/opt/anaconda3/bin/python3.13,1,13,900.0,wc80,Goeke80 same wall-clock,1,75,OK,"{""acceptance"": {""count"": 15936.0, ""seconds"": 0.003956911937166296}, ""checkpoint_model_cost"": {""count"": 1.0, ""seconds"": 0.00020112499987590127}, ""destroy:random_customer_removal"": {""count"": 2658.0, ""seconds"": 0.3335598549938368}, ""destroy:route_segment_removal"": {""count"": 2655.0, ""seconds"": 0.34184000099048717}, ""destroy:shaw_related_removal"": {""count"": 2655.0, ""seconds"": 7.180949911005882}, ""destroy:vehicle_type_swap"": {""count"": 2655.0, ""seconds"": 6.267668389004939}, ""destroy:whole_route_removal"": {""count"": 2655.0, ""seconds"": 0.30041591299050197}, ""destroy:worst_customer_removal"": {""count"": 2658.0, ""seconds"": 0.36390689800555265}, ""final_check"": {""count"": 1.0, ""seconds"": 0.00023950000013428507}, ""full_candidate_score"": {""count"": 15936.0, ""seconds"": 7.027418990021943}, ""history_model_cost"": {""count"": 1.0, ""seconds"": 0.00029929100037406897}, ""initial_reference_score"": {""count"": 1.0, ""seconds"": 0.00048620899997331435}, ""repair:greedy_insert_repair"": {""count"": 5312.0, ""seconds"": 45.38027487202817}, ""repair:regret2_insert_repair"": {""count"": 5312.0, ""seconds"": 47.08379581499048}, ""repair:regret3_insert_repair"": {""count"": 5312.0, ""seconds"": 47.25482551500045}, ""repair_full_check"": {""count"": 31872.0, ""seconds"": 8.323059990001639}, ""repair_solution_score"": {""count"": 6199.0, ""seconds"": 1.1903849670197815}, ""route_model_cost"": {""count"": 345077.0, ""seconds"": 7.623207635157087}, ""scan_build"": {""count"": 64.0, ""seconds"": 0.04356016600286239}, ""scan_score"": {""count"": 64.0, ""seconds"": 0.025134505000096397}}",0,False,False,0.07692307692307693,,
{},16000,LNS,80.0,4086.253616024695,threeshift,1,,/Volumes/移动硬盘（512G）/ReSETP/baselines/e2_alns/high_tension_separation_probe_stage_a_data/checkpoints/wc80/e2-threeshift-100c-01__LNS__seed1.json,True,7cb71f35c46fbd099747fc0d18c15a95315b746d,wallclock,7,14,551.2842127500007,1,1,16000,29.023142019950722,,True,OK,e2-threeshift-100c-01,2,2.3.5,/opt/anaconda3/bin/python3.13,1,15,900.0,wc80,Goeke80 same wall-clock,1,100,OK,{},0,False,False,0.06666666666666667,,
"{""SETP_ALNS_CRUSH_ADAPTIVE_Q"": ""1"", ""SETP_ALNS_CRUSH_LOCAL_SEARCH"": ""0"", ""SETP_ALNS_CRUSH_REPAIR_STRUCTURE_CACHE"": ""1"", ""SETP_ALNS_CRUSH_ROUTE_COST_CACHE"": ""1"", ""SETP_ALNS_CRUSH_ROUTE_ELIMINATION"": ""0"", ""SETP_ALNS_CRUSH_SA_ACCEPTANCE"": ""1"", ""SETP_ALNS_CRUSH_SA_MODE"": ""lns_cooling"", ""SETP_ALNS_CRUSH_SCAN_REBUILD"": ""1"", ""SETP_ALNS_CRUSH_SCAN_RESTART"": ""1"", ""SETP_ALNS_CRUSH_TIMING_LEDGER"": ""1"", ""SETP_ALNS_CRUSH_TRUE_ACCEPTANCE"": ""0"", ""SETP_ALNS_CRUSH_TRUE_REPAIR"": ""1""}",16000,alns_e2_throughput,80.0,4086.253616024695,threeshift,1,,/Volumes/移动硬盘（512G）/ReSETP/baselines/e2_alns/high_tension_separation_probe_stage_a_data/checkpoints/wc80/e2-threeshift-100c-01__alns_e2_throughput__seed1.json,True,7cb71f35c46fbd099747fc0d18c15a95315b746d,wallclock,7,14,256.9892096250005,1,1,16000,62.25942335612943,,True,OK,e2-threeshift-100c-01,2,2.3.5,/opt/anaconda3/bin/python3.13,1,15,900.0,wc80,Goeke80 same wall-clock,1,100,OK,"{""acceptance"": {""count"": 15936.0, ""seconds"": 0.004103452065464808}, ""checkpoint_model_cost"": {""count"": 1.0, ""seconds"": 0.00025333400117233396}, ""destroy:random_customer_removal"": {""count"": 2658.0, ""seconds"": 0.4103327460161381}, ""destroy:route_segment_removal"": {""count"": 2655.0, ""seconds"": 0.4471940549537976}, ""destroy:shaw_related_removal"": {""count"": 2655.0, ""seconds"": 13.807472660986605}, ""destroy:vehicle_type_swap"": {""count"": 2655.0, ""seconds"": 11.455466650984818}, ""destroy:whole_route_removal"": {""count"": 2655.0, ""seconds"": 0.3982437719714653}, ""destroy:worst_customer_removal"": {""count"": 2658.0, ""seconds"": 0.46139760895312065}, ""final_check"": {""count"": 1.0, ""seconds"": 0.0003060000017285347}, ""full_candidate_score"": {""count"": 15936.0, ""seconds"": 8.869361003977247}, ""history_model_cost"": {""count"": 1.0, ""seconds"": 0.0003094159983447753}, ""initial_reference_score"": {""count"": 1.0, ""seconds"": 0.0005793750005977927}, ""repair:greedy_insert_repair"": {""count"": 5312.0, ""seconds"": 72.36705683301989}, ""repair:regret2_insert_repair"": {""count"": 5312.0, ""seconds"": 77.93808385492775}, ""repair:regret3_insert_repair"": {""count"": 5312.0, ""seconds"": 75.95207811092769}, ""repair_full_check"": {""count"": 31872.0, ""seconds"": 10.880547277141886}, ""repair_solution_score"": {""count"": 7228.0, ""seconds"": 1.76995264899233}, ""route_model_cost"": {""count"": 287182.0, ""seconds"": 7.138823696233885}, ""scan_build"": {""count"": 64.0, ""seconds"": 0.07335812800920394}, ""scan_score"": {""count"": 64.0, ""seconds"": 0.04672845699133177}}",0,False,False,0.06666666666666667,,
{},16000,LNS,80.0,5803.553350198798,threeshift,1,,/Volumes/移动硬盘（512G）/ReSETP/baselines/e2_alns/high_tension_separation_probe_stage_a_data/checkpoints/wc80/e2-threeshift-150c-01__LNS__seed1.json,True,7cb71f35c46fbd099747fc0d18c15a95315b746d,wallclock,10,21,886.866840834,1,1,16000,18.041039830685037,,True,OK,e2-threeshift-150c-01,3,2.3.5,/opt/anaconda3/bin/python3.13,1,22,900.0,wc80,Goeke80 same wall-clock,1,150,OK,{},0,False,False,0.045454545454545456,,
"{""SETP_ALNS_CRUSH_ADAPTIVE_Q"": ""1"", ""SETP_ALNS_CRUSH_LOCAL_SEARCH"": ""0"", ""SETP_ALNS_CRUSH_REPAIR_STRUCTURE_CACHE"": ""1"", ""SETP_ALNS_CRUSH_ROUTE_COST_CACHE"": ""1"", ""SETP_ALNS_CRUSH_ROUTE_ELIMINATION"": ""0"", ""SETP_ALNS_CRUSH_SA_ACCEPTANCE"": ""1"", ""SETP_ALNS_CRUSH_SA_MODE"": ""lns_cooling"", ""SETP_ALNS_CRUSH_SCAN_REBUILD"": ""1"", ""SETP_ALNS_CRUSH_SCAN_RESTART"": ""1"", ""SETP_ALNS_CRUSH_TIMING_LEDGER"": ""1"", ""SETP_ALNS_CRUSH_TRUE_ACCEPTANCE"": ""0"", ""SETP_ALNS_CRUSH_TRUE_REPAIR"": ""1""}",16000,alns_e2_throughput,80.0,5803.553350198798,threeshift,1,,/Volumes/移动硬盘（512G）/ReSETP/baselines/e2_alns/high_tension_separation_probe_stage_a_data/checkpoints/wc80/e2-threeshift-150c-01__alns_e2_throughput__seed1.json,True,7cb71f35c46fbd099747fc0d18c15a95315b746d,wallclock,10,21,600.4256265839995,1,1,16000,26.64776333919785,,True,OK,e2-threeshift-150c-01,3,2.3.5,/opt/anaconda3/bin/python3.13,1,22,900.0,wc80,Goeke80 same wall-clock,1,150,OK,"{""acceptance"": {""count"": 15936.0, ""seconds"": 0.004099657104234211}, ""checkpoint_model_cost"": {""count"": 1.0, ""seconds"": 0.00035554200076148845}, ""destroy:random_customer_removal"": {""count"": 2658.0, ""seconds"": 0.6277662779484672}, ""destroy:route_segment_removal"": {""count"": 2655.0, ""seconds"": 0.7511380720206944}, ""destroy:shaw_related_removal"": {""count"": 2655.0, ""seconds"": 38.720124666981064}, ""destroy:vehicle_type_swap"": {""count"": 2655.0, ""seconds"": 20.434986539021338}, ""destroy:whole_route_removal"": {""count"": 2655.0, ""seconds"": 0.6828142939757527}, ""destroy:worst_customer_removal"": {""count"": 2658.0, ""seconds"": 0.7425626300446311}, ""final_check"": {""count"": 1.0, ""seconds"": 0.00046312500126077794}, ""full_candidate_score"": {""count"": 15936.0, ""seconds"": 13.264961186045184}, ""history_model_cost"": {""count"": 1.0, ""seconds"": 0.0004275410010450287}, ""initial_reference_score"": {""count"": 1.0, ""seconds"": 0.000922625000384869}, ""repair:greedy_insert_repair"": {""count"": 5312.0, ""seconds"": 176.359651161054}, ""repair:regret2_insert_repair"": {""count"": 5312.0, ""seconds"": 184.0079780749693}, ""repair:regret3_insert_repair"": {""count"": 5312.0, ""seconds"": 172.80197174303794}, ""repair_full_check"": {""count"": 31872.0, ""seconds"": 17.553266182128937}, ""repair_solution_score"": {""count"": 6673.0, ""seconds"": 2.4287739159335615}, ""route_model_cost"": {""count"": 589221.0, ""seconds"": 15.027007317381504}, ""scan_build"": {""count"": 64.0, ""seconds"": 0.11630340999727196}, ""scan_score"": {""count"": 64.0, ""seconds"": 0.061944792982103536}}",0,False,False,0.045454545454545456,,
{},11205,LNS,80.0,6633.4344963179965,threeshift,1,,/Volumes/移动硬盘（512G）/ReSETP/baselines/e2_alns/high_tension_separation_probe_stage_a_data/checkpoints/wc80/e2-threeshift-200c-01__LNS__seed1.json,True,7cb71f35c46fbd099747fc0d18c15a95315b746d,wallclock,14,26,903.6470209589988,1,1,16000,12.399753155948714,,True,OK,e2-threeshift-200c-01,2,2.3.5,/opt/anaconda3/bin/python3.13,1,27,900.0,wc80,Goeke80 same wall-clock,1,200,OK,{},0,False,False,0.037037037037037035,,
"{""SETP_ALNS_CRUSH_ADAPTIVE_Q"": ""1"", ""SETP_ALNS_CRUSH_LOCAL_SEARCH"": ""0"", ""SETP_ALNS_CRUSH_REPAIR_STRUCTURE_CACHE"": ""1"", ""SETP_ALNS_CRUSH_ROUTE_COST_CACHE"": ""1"", ""SETP_ALNS_CRUSH_ROUTE_ELIMINATION"": ""0"", ""SETP_ALNS_CRUSH_SA_ACCEPTANCE"": ""1"", ""SETP_ALNS_CRUSH_SA_MODE"": ""lns_cooling"", ""SETP_ALNS_CRUSH_SCAN_REBUILD"": ""1"", ""SETP_ALNS_CRUSH_SCAN_RESTART"": ""1"", ""SETP_ALNS_CRUSH_TIMING_LEDGER"": ""1"", ""SETP_ALNS_CRUSH_TRUE_ACCEPTANCE"": ""0"", ""SETP_ALNS_CRUSH_TRUE_REPAIR"": ""1""}",9276,alns_e2_throughput,80.0,6633.4344963179965,threeshift,1,,/Volumes/移动硬盘（512G）/ReSETP/baselines/e2_alns/high_tension_separation_probe_stage_a_data/checkpoints/wc80/e2-threeshift-200c-01__alns_e2_throughput__seed1.json,True,7cb71f35c46fbd099747fc0d18c15a95315b746d,wallclock,14,26,905.3033060839989,1,1,16000,10.246289765718942,,True,OK,e2-threeshift-200c-01,2,2.3.5,/opt/anaconda3/bin/python3.13,1,27,900.0,wc80,Goeke80 same wall-clock,1,200,OK,"{""acceptance"": {""count"": 9239.0, ""seconds"": 0.0023973279439815087}, ""checkpoint_model_cost"": {""count"": 1.0, ""seconds"": 0.00046462499994959217}, ""destroy:random_customer_removal"": {""count"": 1542.0, ""seconds"": 0.5134915029684635}, ""destroy:route_segment_removal"": {""count"": 1539.0, ""seconds"": 0.648780516035913}, ""destroy:shaw_related_removal"": {""count"": 1539.0, ""seconds"": 48.29540230100429}, ""destroy:vehicle_type_swap"": {""count"": 1539.0, ""seconds"": 19.187121684002705}, ""destroy:whole_route_removal"": {""count"": 1539.0, ""seconds"": 0.6029161259975808}, ""destroy:worst_customer_removal"": {""count"": 1541.0, ""seconds"": 0.6146700599911128}, ""final_check"": {""count"": 1.0, ""seconds"": 0.0007073749984556343}, ""full_candidate_score"": {""count"": 9239.0, ""seconds"": 10.240945566903974}, ""history_model_cost"": {""count"": 1.0, ""seconds"": 0.0005616250000457512}, ""initial_reference_score"": {""count"": 1.0, ""seconds"": 0.001160124998932588}, ""repair:greedy_insert_repair"": {""count"": 3080.0, ""seconds"": 271.21115100598945}, ""repair:regret2_insert_repair"": {""count"": 3080.0, ""seconds"": 282.6844383490061}, ""repair:regret3_insert_repair"": {""count"": 3079.0, ""seconds"": 275.33558261201324}, ""repair_full_check"": {""count"": 18478.0, ""seconds"": 14.314846483141082}, ""repair_solution_score"": {""count"": 6702.0, ""seconds"": 3.158243380885324}, ""route_model_cost"": {""count"": 998221.0, ""seconds"": 26.393385197407042}, ""scan_build"": {""count"": 37.0, ""seconds"": 0.10280941599376092}, ""scan_score"": {""count"": 37.0, ""seconds"": 0.052017334004631266}}",0,False,False,0.037037037037037035,,
{},16000,LNS,80.0,1783.6949728422799,threeshift,1,,/Volumes/移动硬盘（512G）/ReSETP/baselines/e2_alns/high_tension_separation_probe_stage_a_data/checkpoints/wc80/e2-threeshift-50c-01__LNS__seed1.json,True,7cb71f35c46fbd099747fc0d18c15a95315b746d,wallclock,4,7,256.8601408329996,1,1,16000,62.29070788527899,,True,OK,e2-threeshift-50c-01,2,2.3.5,/opt/anaconda3/bin/python3.13,1,8,600.0,wc80,Goeke80 same wall-clock,1,50,OK,{},0,False,False,0.125,,
"{""SETP_ALNS_CRUSH_ADAPTIVE_Q"": ""1"", ""SETP_ALNS_CRUSH_LOCAL_SEARCH"": ""0"", ""SETP_ALNS_CRUSH_REPAIR_STRUCTURE_CACHE"": ""1"", ""SETP_ALNS_CRUSH_ROUTE_COST_CACHE"": ""1"", ""SETP_ALNS_CRUSH_ROUTE_ELIMINATION"": ""0"", ""SETP_ALNS_CRUSH_SA_ACCEPTANCE"": ""1"", ""SETP_ALNS_CRUSH_SA_MODE"": ""lns_cooling"", ""SETP_ALNS_CRUSH_SCAN_REBUILD"": ""1"", ""SETP_ALNS_CRUSH_SCAN_RESTART"": ""1"", ""SETP_ALNS_CRUSH_TIMING_LEDGER"": ""1"", ""SETP_ALNS_CRUSH_TRUE_ACCEPTANCE"": ""0"", ""SETP_ALNS_CRUSH_TRUE_REPAIR"": ""1""}",16000,alns_e2_throughput,80.0,1783.6949728422799,threeshift,1,,/Volumes/移动硬盘（512G）/ReSETP/baselines/e2_alns/high_tension_separation_probe_stage_a_data/checkpoints/wc80/e2-threeshift-50c-01__alns_e2_throughput__seed1.json,True,7cb71f35c46fbd099747fc0d18c15a95315b746d,wallclock,4,7,74.95996966599978,1,1,16000,213.44725820049595,,True,OK,e2-threeshift-50c-01,2,2.3.5,/opt/anaconda3/bin/python3.13,1,8,600.0,wc80,Goeke80 same wall-clock,1,50,OK,"{""acceptance"": {""count"": 15936.0, ""seconds"": 0.003967457068029034}, ""checkpoint_model_cost"": {""count"": 1.0, ""seconds"": 0.00013162499999452848}, ""destroy:random_customer_removal"": {""count"": 2658.0, ""seconds"": 0.22182743398207094}, ""destroy:route_segment_removal"": {""count"": 2655.0, ""seconds"": 0.20778350297314319}, ""destroy:shaw_related_removal"": {""count"": 2655.0, ""seconds"": 2.625596719033638}, ""destroy:vehicle_type_swap"": {""count"": 2655.0, ""seconds"": 7.844115818984392}, ""destroy:whole_route_removal"": {""count"": 2655.0, ""seconds"": 0.1754227730580169}, ""destroy:worst_customer_removal"": {""count"": 2658.0, ""seconds"": 0.22733281599357724}, ""final_check"": {""count"": 1.0, ""seconds"": 0.00016495899944857229}, ""full_candidate_score"": {""count"": 15936.0, ""seconds"": 4.688935720043446}, ""history_model_cost"": {""count"": 1.0, ""seconds"": 0.0001706670000203303}, ""initial_reference_score"": {""count"": 1.0, ""seconds"": 0.00034050000067509245}, ""repair:greedy_insert_repair"": {""count"": 5312.0, ""seconds"": 19.55547580795792}, ""repair:regret2_insert_repair"": {""count"": 5312.0, ""seconds"": 20.83322098602548}, ""repair:regret3_insert_repair"": {""count"": 5312.0, ""seconds"": 20.69924081098361}, ""repair_full_check"": {""count"": 31872.0, ""seconds"": 5.271755284838946}, ""repair_solution_score"": {""count"": 7965.0, ""seconds"": 1.0673732569648564}, ""route_model_cost"": {""count"": 39016.0, ""seconds"": 0.8895617720172595}, ""scan_build"": {""count"": 64.0, ""seconds"": 0.029972419009027362}, ""scan_score"": {""count"": 64.0, ""seconds"": 0.019624836001639778}}",0,False,False,0.125,,
{},16000,LNS,80.0,2732.803960039656,threeshift,1,,/Volumes/移动硬盘（512G）/ReSETP/baselines/e2_alns/high_tension_separation_probe_stage_a_data/checkpoints/wc80/e2-threeshift-75c-01__LNS__seed1.json,True,7cb71f35c46fbd099747fc0d18c15a95315b746d,wallclock,6,11,380.0881370420011,1,1,16000,42.09549954523296,,True,OK,e2-threeshift-75c-01,2,2.3.5,/opt/anaconda3/bin/python3.13,1,12,900.0,wc80,Goeke80 same wall-clock,1,75,OK,{},0,False,False,0.08333333333333333,,
"{""SETP_ALNS_CRUSH_ADAPTIVE_Q"": ""1"", ""SETP_ALNS_CRUSH_LOCAL_SEARCH"": ""0"", ""SETP_ALNS_CRUSH_REPAIR_STRUCTURE_CACHE"": ""1"", ""SETP_ALNS_CRUSH_ROUTE_COST_CACHE"": ""1"", ""SETP_ALNS_CRUSH_ROUTE_ELIMINATION"": ""0"", ""SETP_ALNS_CRUSH_SA_ACCEPTANCE"": ""1"", ""SETP_ALNS_CRUSH_SA_MODE"": ""lns_cooling"", ""SETP_ALNS_CRUSH_SCAN_REBUILD"": ""1"", ""SETP_ALNS_CRUSH_SCAN_RESTART"": ""1"", ""SETP_ALNS_CRUSH_TIMING_LEDGER"": ""1"", ""SETP_ALNS_CRUSH_TRUE_ACCEPTANCE"": ""0"", ""SETP_ALNS_CRUSH_TRUE_REPAIR"": ""1""}",16000,alns_e2_throughput,80.0,2732.803960039656,threeshift,1,,/Volumes/移动硬盘（512G）/ReSETP/baselines/e2_alns/high_tension_separation_probe_stage_a_data/checkpoints/wc80/e2-threeshift-75c-01__alns_e2_throughput__seed1.json,True,7cb71f35c46fbd099747fc0d18c15a95315b746d,wallclock,6,11,149.4759403750013,1,1,16000,107.0406378435193,,True,OK,e2-threeshift-75c-01,2,2.3.5,/opt/anaconda3/bin/python3.13,1,12,900.0,wc80,Goeke80 same wall-clock,1,75,OK,"{""acceptance"": {""count"": 15936.0, ""seconds"": 0.004261004927684553}, ""checkpoint_model_cost"": {""count"": 1.0, ""seconds"": 0.000188209000043571}, ""destroy:random_customer_removal"": {""count"": 2658.0, ""seconds"": 0.32041241899969464}, ""destroy:route_segment_removal"": {""count"": 2655.0, ""seconds"": 0.3214870400261134}, ""destroy:shaw_related_removal"": {""count"": 2655.0, ""seconds"": 6.708028713961539}, ""destroy:vehicle_type_swap"": {""count"": 2655.0, ""seconds"": 11.076688236957125}, ""destroy:whole_route_removal"": {""count"": 2655.0, ""seconds"": 0.28104207195974595}, ""destroy:worst_customer_removal"": {""count"": 2658.0, ""seconds"": 0.3487101100727159}, ""final_check"": {""count"": 1.0, ""seconds"": 0.00024129200028255582}, ""full_candidate_score"": {""count"": 15936.0, ""seconds"": 6.855900657019447}, ""history_model_cost"": {""count"": 1.0, ""seconds"": 0.0002352920000703307}, ""initial_reference_score"": {""count"": 1.0, ""seconds"": 0.00047566700050083455}, ""repair:greedy_insert_repair"": {""count"": 5312.0, ""seconds"": 41.444684900043285}, ""repair:regret2_insert_repair"": {""count"": 5312.0, ""seconds"": 43.04567193400544}, ""repair:regret3_insert_repair"": {""count"": 5312.0, ""seconds"": 42.740903643047204}, ""repair_full_check"": {""count"": 31872.0, ""seconds"": 7.941973103928831}, ""repair_solution_score"": {""count"": 8500.0, ""seconds"": 1.6306460650230292}, ""route_model_cost"": {""count"": 177770.0, ""seconds"": 4.039573357826157}, ""scan_build"": {""count"": 64.0, ""seconds"": 0.048299879003025126}, ""scan_score"": {""count"": 64.0, ""seconds"": 0.03052662500340375}}",0,False,False,0.08333333333333333,,
{},16000,LNS,80.0,4635.703685132771,vanilla,1,,/Volumes/移动硬盘（512G）/ReSETP/baselines/e2_alns/high_tension_separation_probe_stage_a_data/checkpoints/wc80/e2-vanilla-100c-01__LNS__seed1.json,True,7cb71f35c46fbd099747fc0d18c15a95315b746d,wallclock,7,14,608.3896344169998,1,1,16000,26.298935903686598,,True,OK,e2-vanilla-100c-01,2,2.3.5,/opt/anaconda3/bin/python3.13,1,15,900.0,wc80,Goeke80 same wall-clock,1,100,OK,{},0,False,False,0.06666666666666667,,
"{""SETP_ALNS_CRUSH_ADAPTIVE_Q"": ""1"", ""SETP_ALNS_CRUSH_LOCAL_SEARCH"": ""0"", ""SETP_ALNS_CRUSH_REPAIR_STRUCTURE_CACHE"": ""1"", ""SETP_ALNS_CRUSH_ROUTE_COST_CACHE"": ""1"", ""SETP_ALNS_CRUSH_ROUTE_ELIMINATION"": ""0"", ""SETP_ALNS_CRUSH_SA_ACCEPTANCE"": ""1"", ""SETP_ALNS_CRUSH_SA_MODE"": ""lns_cooling"", ""SETP_ALNS_CRUSH_SCAN_REBUILD"": ""1"", ""SETP_ALNS_CRUSH_SCAN_RESTART"": ""1"", ""SETP_ALNS_CRUSH_TIMING_LEDGER"": ""1"", ""SETP_ALNS_CRUSH_TRUE_ACCEPTANCE"": ""0"", ""SETP_ALNS_CRUSH_TRUE_REPAIR"": ""1""}",16000,alns_e2_throughput,80.0,4635.703685132771,vanilla,1,,/Volumes/移动硬盘（512G）/ReSETP/baselines/e2_alns/high_tension_separation_probe_stage_a_data/checkpoints/wc80/e2-vanilla-100c-01__alns_e2_throughput__seed1.json,True,7cb71f35c46fbd099747fc0d18c15a95315b746d,wallclock,7,14,291.6765342909998,1,1,16000,54.855287001034924,,True,OK,e2-vanilla-100c-01,2,2.3.5,/opt/anaconda3/bin/python3.13,1,15,900.0,wc80,Goeke80 same wall-clock,1,100,OK,"{""acceptance"": {""count"": 15936.0, ""seconds"": 0.004403856988119514}, ""checkpoint_model_cost"": {""count"": 1.0, ""seconds"": 0.0002521249998608255}, ""destroy:random_customer_removal"": {""count"": 2658.0, ""seconds"": 0.48547016499014717}, ""destroy:route_segment_removal"": {""count"": 2655.0, ""seconds"": 0.4816421219966287}, ""destroy:shaw_related_removal"": {""count"": 2655.0, ""seconds"": 14.52090630300063}, ""destroy:vehicle_type_swap"": {""count"": 2655.0, ""seconds"": 4.638114098000187}, ""destroy:whole_route_removal"": {""count"": 2655.0, ""seconds"": 0.431068802997288}, ""destroy:worst_customer_removal"": {""count"": 2658.0, ""seconds"": 0.5360787229992638}, ""final_check"": {""count"": 1.0, ""seconds"": 0.0003110419997938152}, ""full_candidate_score"": {""count"": 15936.0, ""seconds"": 9.428315931015732}, ""history_model_cost"": {""count"": 1.0, ""seconds"": 0.00032845800024006166}, ""initial_reference_score"": {""count"": 1.0, ""seconds"": 0.0006092919998081925}, ""repair:greedy_insert_repair"": {""count"": 5312.0, ""seconds"": 86.08068029599599}, ""repair:regret2_insert_repair"": {""count"": 5312.0, ""seconds"": 90.15638071698186}, ""repair:regret3_insert_repair"": {""count"": 5312.0, ""seconds"": 88.34788076599943}, ""repair_full_check"": {""count"": 31872.0, ""seconds"": 11.516840653004238}, ""repair_solution_score"": {""count"": 2655.0, ""seconds"": 0.6681782709883919}, ""route_model_cost"": {""count"": 534899.0, ""seconds"": 13.611176736855668}, ""scan_build"": {""count"": 64.0, ""seconds"": 0.06589687399900868}, ""scan_score"": {""count"": 64.0, ""seconds"": 0.03440687499869455}}",0,False,False,0.06666666666666667,,
{},16000,LNS,80.0,573.7936728978657,vanilla,1,,/Volumes/移动硬盘（512G）/ReSETP/baselines/e2_alns/high_tension_separation_probe_stage_a_data/checkpoints/wc80/e2-vanilla-10c-01__LNS__seed1.json,True,7cb71f35c46fbd099747fc0d18c15a95315b746d,wallclock,1,2,30.47240158300019,1,1,16000,525.0652777208742,,True,OK,e2-vanilla-10c-01,2,2.3.5,/opt/anaconda3/bin/python3.13,1,3,300.0,wc80,Goeke80 same wall-clock,1,10,OK,{},0,False,False,0.3333333333333333,,
"{""SETP_ALNS_CRUSH_ADAPTIVE_Q"": ""1"", ""SETP_ALNS_CRUSH_LOCAL_SEARCH"": ""0"", ""SETP_ALNS_CRUSH_REPAIR_STRUCTURE_CACHE"": ""1"", ""SETP_ALNS_CRUSH_ROUTE_COST_CACHE"": ""1"", ""SETP_ALNS_CRUSH_ROUTE_ELIMINATION"": ""0"", ""SETP_ALNS_CRUSH_SA_ACCEPTANCE"": ""1"", ""SETP_ALNS_CRUSH_SA_MODE"": ""lns_cooling"", ""SETP_ALNS_CRUSH_SCAN_REBUILD"": ""1"", ""SETP_ALNS_CRUSH_SCAN_RESTART"": ""1"", ""SETP_ALNS_CRUSH_TIMING_LEDGER"": ""1"", ""SETP_ALNS_CRUSH_TRUE_ACCEPTANCE"": ""0"", ""SETP_ALNS_CRUSH_TRUE_REPAIR"": ""1""}",16000,alns_e2_throughput,80.0,408.6283967549251,vanilla,2,,/Volumes/移动硬盘（512G）/ReSETP/baselines/e2_alns/high_tension_separation_probe_stage_a_data/checkpoints/wc80/e2-vanilla-10c-01__alns_e2_throughput__seed1.json,True,7cb71f35c46fbd099747fc0d18c15a95315b746d,wallclock,1,1,14.261569208999845,1,1,16000,1121.8961788512802,,True,OK,e2-vanilla-10c-01,1,2.3.5,/opt/anaconda3/bin/python3.13,1,2,300.0,wc80,Goeke80 same wall-clock,1,10,OK,"{""acceptance"": {""count"": 15936.0, ""seconds"": 0.009895750971281814}, ""checkpoint_model_cost"": {""count"": 6.0, ""seconds"": 0.00026816800027518184}, ""destroy:random_customer_removal"": {""count"": 1389.0, ""seconds"": 0.05556058299180222}, ""destroy:route_segment_removal"": {""count"": 1389.0, ""seconds"": 0.040008276988373837}, ""destroy:shaw_related_removal"": {""count"": 7420.0, ""seconds"": 0.48600565001288487}, ""destroy:vehicle_type_swap"": {""count"": 1389.0, ""seconds"": 0.33950089700329045}, ""destroy:whole_route_removal"": {""count"": 2174.0, ""seconds"": 0.04424590600638112}, ""destroy:worst_customer_removal"": {""count"": 2175.0, ""seconds"": 0.06226698399905217}, ""final_check"": {""count"": 1.0, ""seconds"": 8.604200002082507e-05}, ""full_candidate_score"": {""count"": 15936.0, ""seconds"": 2.1918540810124796}, ""history_model_cost"": {""count"": 6.0, ""seconds"": 0.00032754100084275706}, ""initial_reference_score"": {""count"": 1.0, ""seconds"": 0.0001534590001028846}, ""local_search"": {""count"": 809.0, ""seconds"": 0.0011542230017766997}, ""repair:greedy_insert_repair"": {""count"": 3564.0, ""seconds"": 1.93426543500982}, ""repair:regret2_insert_repair"": {""count"": 8809.0, ""seconds"": 4.894684076011345}, ""repair:regret3_insert_repair"": {""count"": 3563.0, ""seconds"": 2.231778635007686}, ""repair_full_check"": {""count"": 17087.0, ""seconds"": 1.6250738469589123}, ""repair_solution_score"": {""count"": 1389.0, ""seconds"": 0.048785368996504985}, ""route_model_cost"": {""count"": 935.0, ""seconds"": 0.021566809004525567}, ""scan_build"": {""count"": 64.0, ""seconds"": 0.005494540000654524}, ""scan_score"": {""count"": 64.0, ""seconds"": 0.004865919001986185}}",0,False,False,0.5,,
{},15572,LNS,80.0,6015.377586977482,vanilla,1,,/Volumes/移动硬盘（512G）/ReSETP/baselines/e2_alns/high_tension_separation_probe_stage_a_data/checkpoints/wc80/e2-vanilla-150c-01__LNS__seed1.json,True,7cb71f35c46fbd099747fc0d18c15a95315b746d,wallclock,10,20,904.093353667,1,1,16000,17.22388505217964,,True,OK,e2-vanilla-150c-01,2,2.3.5,/opt/anaconda3/bin/python3.13,1,21,900.0,wc80,Goeke80 same wall-clock,1,150,OK,{},0,False,False,0.047619047619047616,,
"{""SETP_ALNS_CRUSH_ADAPTIVE_Q"": ""1"", ""SETP_ALNS_CRUSH_LOCAL_SEARCH"": ""0"", ""SETP_ALNS_CRUSH_REPAIR_STRUCTURE_CACHE"": ""1"", ""SETP_ALNS_CRUSH_ROUTE_COST_CACHE"": ""1"", ""SETP_ALNS_CRUSH_ROUTE_ELIMINATION"": ""0"", ""SETP_ALNS_CRUSH_SA_ACCEPTANCE"": ""1"", ""SETP_ALNS_CRUSH_SA_MODE"": ""lns_cooling"", ""SETP_ALNS_CRUSH_SCAN_REBUILD"": ""1"", ""SETP_ALNS_CRUSH_SCAN_RESTART"": ""1"", ""SETP_ALNS_CRUSH_TIMING_LEDGER"": ""1"", ""SETP_ALNS_CRUSH_TRUE_ACCEPTANCE"": ""0"", ""SETP_ALNS_CRUSH_TRUE_REPAIR"": ""1""}",16000,alns_e2_throughput,80.0,6015.377586977482,vanilla,1,,/Volumes/移动硬盘（512G）/ReSETP/baselines/e2_alns/high_tension_separation_probe_stage_a_data/checkpoints/wc80/e2-vanilla-150c-01__alns_e2_throughput__seed1.json,True,7cb71f35c46fbd099747fc0d18c15a95315b746d,wallclock,10,20,702.3227478329995,1,1,16000,22.781548866767633,,True,OK,e2-vanilla-150c-01,2,2.3.5,/opt/anaconda3/bin/python3.13,1,21,900.0,wc80,Goeke80 same wall-clock,1,150,OK,"{""acceptance"": {""count"": 15936.0, ""seconds"": 0.004620402987711714}, ""checkpoint_model_cost"": {""count"": 1.0, ""seconds"": 0.0003588340000533208}, ""destroy:random_customer_removal"": {""count"": 2658.0, ""seconds"": 0.7007556129842669}, ""destroy:route_segment_removal"": {""count"": 2655.0, ""seconds"": 0.7771417609947093}, ""destroy:shaw_related_removal"": {""count"": 2655.0, ""seconds"": 39.39408907201687}, ""destroy:vehicle_type_swap"": {""count"": 2655.0, ""seconds"": 8.013770208980077}, ""destroy:whole_route_removal"": {""count"": 2655.0, ""seconds"": 0.708294334990569}, ""destroy:worst_customer_removal"": {""count"": 2658.0, ""seconds"": 0.8478089670006739}, ""final_check"": {""count"": 1.0, ""seconds"": 0.0004662080000343849}, ""full_candidate_score"": {""count"": 15936.0, ""seconds"": 14.078971208017265}, ""history_model_cost"": {""count"": 1.0, ""seconds"": 0.00042716699999800767}, ""initial_reference_score"": {""count"": 1.0, ""seconds"": 0.0008880829996087414}, ""repair:greedy_insert_repair"": {""count"": 5312.0, ""seconds"": 211.2630497760142}, ""repair:regret2_insert_repair"": {""count"": 5312.0, ""seconds"": 222.13826673602762}, ""repair:regret3_insert_repair"": {""count"": 5312.0, ""seconds"": 210.80704465701183}, ""repair_full_check"": {""count"": 31872.0, ""seconds"": 19.372258603099}, ""repair_solution_score"": {""count"": 3704.0, ""seconds"": 1.3919330830035506}, ""route_model_cost"": {""count"": 972736.0, ""seconds"": 27.179181568439162}, ""scan_build"": {""count"": 64.0, ""seconds"": 0.10792724599832582}, ""scan_score"": {""count"": 64.0, ""seconds"": 0.051052376998995896}}",0,False,False,0.047619047619047616,,
{},16000,LNS,80.0,642.185285005708,vanilla,0,,/Volumes/移动硬盘（512G）/ReSETP/baselines/e2_alns/high_tension_separation_probe_stage_a_data/checkpoints/wc80/e2-vanilla-15c-01__LNS__seed1.json,True,7cb71f35c46fbd099747fc0d18c15a95315b746d,wallclock,2,2,35.166151999999784,0,0,16000,454.98296202553234,,True,OK,e2-vanilla-15c-01,1,2.3.5,/opt/anaconda3/bin/python3.13,1,2,300.0,wc80,Goeke80 same wall-clock,1,15,OK,{},0,True,False,0.0,,
"{""SETP_ALNS_CRUSH_ADAPTIVE_Q"": ""1"", ""SETP_ALNS_CRUSH_LOCAL_SEARCH"": ""0"", ""SETP_ALNS_CRUSH_REPAIR_STRUCTURE_CACHE"": ""1"", ""SETP_ALNS_CRUSH_ROUTE_COST_CACHE"": ""1"", ""SETP_ALNS_CRUSH_ROUTE_ELIMINATION"": ""0"", ""SETP_ALNS_CRUSH_SA_ACCEPTANCE"": ""1"", ""SETP_ALNS_CRUSH_SA_MODE"": ""lns_cooling"", ""SETP_ALNS_CRUSH_SCAN_REBUILD"": ""1"", ""SETP_ALNS_CRUSH_SCAN_RESTART"": ""1"", ""SETP_ALNS_CRUSH_TIMING_LEDGER"": ""1"", ""SETP_ALNS_CRUSH_TRUE_ACCEPTANCE"": ""0"", ""SETP_ALNS_CRUSH_TRUE_REPAIR"": ""1""}",16000,alns_e2_throughput,80.0,644.386285554954,vanilla,0,,/Volumes/移动硬盘（512G）/ReSETP/baselines/e2_alns/high_tension_separation_probe_stage_a_data/checkpoints/wc80/e2-vanilla-15c-01__alns_e2_throughput__seed1.json,True,7cb71f35c46fbd099747fc0d18c15a95315b746d,wallclock,2,2,14.001111791000312,0,0,16000,1142.7663916150245,,True,OK,e2-vanilla-15c-01,1,2.3.5,/opt/anaconda3/bin/python3.13,1,2,300.0,wc80,Goeke80 same wall-clock,1,15,OK,"{""acceptance"": {""count"": 15937.0, ""seconds"": 0.009338446998299332}, ""checkpoint_model_cost"": {""count"": 7.0, ""seconds"": 0.00029783299987684586}, ""destroy:random_customer_removal"": {""count"": 5131.0, ""seconds"": 0.1897057539972593}, ""destroy:route_segment_removal"": {""count"": 762.0, ""seconds"": 0.022594362001200352}, ""destroy:shaw_related_removal"": {""count"": 7758.0, ""seconds"": 0.7362018140183864}, ""destroy:vehicle_type_swap"": {""count"": 762.0, ""seconds"": 0.07857093200345844}, ""destroy:whole_route_removal"": {""count"": 762.0, ""seconds"": 0.016649652995056385}, ""destroy:worst_customer_removal"": {""count"": 762.0, ""seconds"": 0.02297538699758661}, ""final_check"": {""count"": 1.0, ""seconds"": 4.579199958243407e-05}, ""full_candidate_score"": {""count"": 15937.0, ""seconds"": 1.4112987830044403}, ""history_model_cost"": {""count"": 7.0, ""seconds"": 0.0003254990006098524}, ""initial_reference_score"": {""count"": 1.0, ""seconds"": 0.00013312500004758476}, ""local_search"": {""count"": 313.0, ""seconds"": 0.0004717320020972693}, ""repair:greedy_insert_repair"": {""count"": 8520.0, ""seconds"": 5.565689095988091}, ""repair:regret2_insert_repair"": {""count"": 1524.0, ""seconds"": 0.9983721459907429}, ""repair:regret3_insert_repair"": {""count"": 5893.0, ""seconds"": 4.103480929001307}, ""repair_full_check"": {""count"": 18349.0, ""seconds"": 1.0513008509974497}, ""repair_solution_score"": {""count"": 6.0, ""seconds"": 0.00037424899892357644}, ""route_model_cost"": {""count"": 9154.0, ""seconds"": 0.1861779709934126}, ""scan_build"": {""count"": 63.0, ""seconds"": 0.007973291999405774}, ""scan_score"": {""count"": 63.0, ""seconds"": 0.006077958000332728}}",0,True,False,0.0,,
{},0,LNS,80.0,8714.98386087934,vanilla,1,shared_warm_start,/Volumes/移动硬盘（512G）/ReSETP/baselines/e2_alns/high_tension_separation_probe_stage_a_data/checkpoints/wc80/e2-vanilla-200c-01__LNS__seed1.json,True,7cb71f35c46fbd099747fc0d18c15a95315b746d,wallclock,14,28,915.0093695830001,1,1,16000,0.0,Worker exceeded runtime cap plus hard-timeout grace; returned last readable checkpoint.,True,OK,e2-vanilla-200c-01,2,2.3.5,/opt/anaconda3/bin/python3.13,1,29,900.0,wc80,Goeke80 same wall-clock,1,200,OK,{},0,False,False,0.034482758620689655,,
{},0,alns_e2_throughput,80.0,8714.98386087934,vanilla,1,shared_warm_start,/Volumes/移动硬盘（512G）/ReSETP/baselines/e2_alns/high_tension_separation_probe_stage_a_data/checkpoints/wc80/e2-vanilla-200c-01__alns_e2_throughput__seed1.json,True,7cb71f35c46fbd099747fc0d18c15a95315b746d,wallclock,14,28,915.0125269580003,1,1,16000,0.0,Worker exceeded runtime cap plus hard-timeout grace; returned last readable checkpoint.,True,OK,e2-vanilla-200c-01,2,2.3.5,/opt/anaconda3/bin/python3.13,1,29,900.0,wc80,Goeke80 same wall-clock,1,200,OK,{},0,False,False,0.034482758620689655,,
{},16000,LNS,80.0,1155.0731809827587,vanilla,1,,/Volumes/移动硬盘（512G）/ReSETP/baselines/e2_alns/high_tension_separation_probe_stage_a_data/checkpoints/wc80/e2-vanilla-20c-01__LNS__seed1.json,True,7cb71f35c46fbd099747fc0d18c15a95315b746d,wallclock,2,3,113.90994762499986,1,1,16000,140.46183264584764,,True,OK,e2-vanilla-20c-01,2,2.3.5,/opt/anaconda3/bin/python3.13,1,4,300.0,wc80,Goeke80 same wall-clock,1,20,OK,{},0,False,False,0.25,,
"{""SETP_ALNS_CRUSH_ADAPTIVE_Q"": ""1"", ""SETP_ALNS_CRUSH_LOCAL_SEARCH"": ""0"", ""SETP_ALNS_CRUSH_REPAIR_STRUCTURE_CACHE"": ""1"", ""SETP_ALNS_CRUSH_ROUTE_COST_CACHE"": ""1"", ""SETP_ALNS_CRUSH_ROUTE_ELIMINATION"": ""0"", ""SETP_ALNS_CRUSH_SA_ACCEPTANCE"": ""1"", ""SETP_ALNS_CRUSH_SA_MODE"": ""lns_cooling"", ""SETP_ALNS_CRUSH_SCAN_REBUILD"": ""1"", ""SETP_ALNS_CRUSH_SCAN_RESTART"": ""1"", ""SETP_ALNS_CRUSH_TIMING_LEDGER"": ""1"", ""SETP_ALNS_CRUSH_TRUE_ACCEPTANCE"": ""0"", ""SETP_ALNS_CRUSH_TRUE_REPAIR"": ""1""}",16000,alns_e2_throughput,80.0,1155.0731809827587,vanilla,1,,/Volumes/移动硬盘（512G）/ReSETP/baselines/e2_alns/high_tension_separation_probe_stage_a_data/checkpoints/wc80/e2-vanilla-20c-01__alns_e2_throughput__seed1.json,True,7cb71f35c46fbd099747fc0d18c15a95315b746d,wallclock,2,3,23.93359591599983,1,1,16000,668.5163423062496,,True,OK,e2-vanilla-20c-01,2,2.3.5,/opt/anaconda3/bin/python3.13,1,4,300.0,wc80,Goeke80 same wall-clock,1,20,OK,"{""acceptance"": {""count"": 15936.0, ""seconds"": 0.003996622989689058}, ""checkpoint_model_cost"": {""count"": 1.0, ""seconds"": 6.46670000605809e-05}, ""destroy:random_customer_removal"": {""count"": 2658.0, ""seconds"": 0.15513794599519315}, ""destroy:route_segment_removal"": {""count"": 2655.0, ""seconds"": 0.11813934900874301}, ""destroy:shaw_related_removal"": {""count"": 2655.0, ""seconds"": 0.4961320049906135}, ""destroy:vehicle_type_swap"": {""count"": 2655.0, ""seconds"": 0.7498626819979108}, ""destroy:whole_route_removal"": {""count"": 2655.0, ""seconds"": 0.09220072899779552}, ""destroy:worst_customer_removal"": {""count"": 2658.0, ""seconds"": 0.12393414901362121}, ""final_check"": {""count"": 1.0, ""seconds"": 8.987499995782855e-05}, ""full_candidate_score"": {""count"": 15936.0, ""seconds"": 2.5853561939852625}, ""history_model_cost"": {""count"": 1.0, ""seconds"": 9.154200006378233e-05}, ""initial_reference_score"": {""count"": 1.0, ""seconds"": 0.00020545799998217262}, ""repair:greedy_insert_repair"": {""count"": 5312.0, ""seconds"": 6.6575336409723604}, ""repair:regret2_insert_repair"": {""count"": 5312.0, ""seconds"": 6.580495969990807}, ""repair:regret3_insert_repair"": {""count"": 5312.0, ""seconds"": 6.7660207089897995}, ""repair_full_check"": {""count"": 31872.0, ""seconds"": 2.6976215700178727}, ""repair_solution_score"": {""count"": 2655.0, ""seconds"": 0.15884274600512072}, ""route_model_cost"": {""count"": 13235.0, ""seconds"": 0.28522901700580405}, ""scan_build"": {""count"": 64.0, ""seconds"": 0.011663754000892368}, ""scan_score"": {""count"": 64.0, ""seconds"": 0.008028166002532089}}",0,False,False,0.25,,
{},16000,LNS,80.0,887.3747488211219,vanilla,1,,/Volumes/移动硬盘（512G）/ReSETP/baselines/e2_alns/high_tension_separation_probe_stage_a_data/checkpoints/wc80/e2-vanilla-25c-01__LNS__seed1.json,True,7cb71f35c46fbd099747fc0d18c15a95315b746d,wallclock,2,3,170.78630425000028,1,1,16000,93.68432714943519,,True,OK,e2-vanilla-25c-01,2,2.3.5,/opt/anaconda3/bin/python3.13,1,4,300.0,wc80,Goeke80 same wall-clock,1,25,OK,{},0,False,False,0.25,,
"{""SETP_ALNS_CRUSH_ADAPTIVE_Q"": ""1"", ""SETP_ALNS_CRUSH_LOCAL_SEARCH"": ""0"", ""SETP_ALNS_CRUSH_REPAIR_STRUCTURE_CACHE"": ""1"", ""SETP_ALNS_CRUSH_ROUTE_COST_CACHE"": ""1"", ""SETP_ALNS_CRUSH_ROUTE_ELIMINATION"": ""0"", ""SETP_ALNS_CRUSH_SA_ACCEPTANCE"": ""1"", ""SETP_ALNS_CRUSH_SA_MODE"": ""lns_cooling"", ""SETP_ALNS_CRUSH_SCAN_REBUILD"": ""1"", ""SETP_ALNS_CRUSH_SCAN_RESTART"": ""1"", ""SETP_ALNS_CRUSH_TIMING_LEDGER"": ""1"", ""SETP_ALNS_CRUSH_TRUE_ACCEPTANCE"": ""0"", ""SETP_ALNS_CRUSH_TRUE_REPAIR"": ""1""}",16000,alns_e2_throughput,80.0,887.3747488211219,vanilla,1,,/Volumes/移动硬盘（512G）/ReSETP/baselines/e2_alns/high_tension_separation_probe_stage_a_data/checkpoints/wc80/e2-vanilla-25c-01__alns_e2_throughput__seed1.json,True,7cb71f35c46fbd099747fc0d18c15a95315b746d,wallclock,2,3,34.16599220800026,1,1,16000,468.30192732565985,,True,OK,e2-vanilla-25c-01,2,2.3.5,/opt/anaconda3/bin/python3.13,1,4,300.0,wc80,Goeke80 same wall-clock,1,25,OK,"{""acceptance"": {""count"": 15936.0, ""seconds"": 0.004330429948367964}, ""checkpoint_model_cost"": {""count"": 1.0, ""seconds"": 7.441700017807307e-05}, ""destroy:random_customer_removal"": {""count"": 2658.0, ""seconds"": 0.16922297999553848}, ""destroy:route_segment_removal"": {""count"": 2655.0, ""seconds"": 0.1254243220078024}, ""destroy:shaw_related_removal"": {""count"": 2655.0, ""seconds"": 0.6584602599996288}, ""destroy:vehicle_type_swap"": {""count"": 2655.0, ""seconds"": 2.21836545900851}, ""destroy:whole_route_removal"": {""count"": 2655.0, ""seconds"": 0.09828060201334665}, ""destroy:worst_customer_removal"": {""count"": 2658.0, ""seconds"": 0.1381709170045724}, ""final_check"": {""count"": 1.0, ""seconds"": 0.00011233299983359757}, ""full_candidate_score"": {""count"": 15936.0, ""seconds"": 2.863596566956403}, ""history_model_cost"": {""count"": 1.0, ""seconds"": 0.00010750000001280569}, ""initial_reference_score"": {""count"": 1.0, ""seconds"": 0.00022929099986868096}, ""repair:greedy_insert_repair"": {""count"": 5312.0, ""seconds"": 9.258338614009517}, ""repair:regret2_insert_repair"": {""count"": 5312.0, ""seconds"": 9.402700652983185}, ""repair:regret3_insert_repair"": {""count"": 5312.0, ""seconds"": 9.63000866000084}, ""repair_full_check"": {""count"": 31872.0, ""seconds"": 3.1746992529920135}, ""repair_solution_score"": {""count"": 5310.0, ""seconds"": 0.4104418600027202}, ""route_model_cost"": {""count"": 28323.0, ""seconds"": 0.6762033210607115}, ""scan_build"": {""count"": 64.0, ""seconds"": 0.014289208002537634}, ""scan_score"": {""count"": 64.0, ""seconds"": 0.009015627000735549}}",0,False,False,0.25,,
{},16000,LNS,80.0,2320.739433561989,vanilla,1,,/Volumes/移动硬盘（512G）/ReSETP/baselines/e2_alns/high_tension_separation_probe_stage_a_data/checkpoints/wc80/e2-vanilla-50c-01__LNS__seed1.json,True,7cb71f35c46fbd099747fc0d18c15a95315b746d,wallclock,4,7,271.35387791699986,1,1,16000,58.963594413395434,,True,OK,e2-vanilla-50c-01,2,2.3.5,/opt/anaconda3/bin/python3.13,1,8,600.0,wc80,Goeke80 same wall-clock,1,50,OK,{},0,False,False,0.125,,
"{""SETP_ALNS_CRUSH_ADAPTIVE_Q"": ""1"", ""SETP_ALNS_CRUSH_LOCAL_SEARCH"": ""0"", ""SETP_ALNS_CRUSH_REPAIR_STRUCTURE_CACHE"": ""1"", ""SETP_ALNS_CRUSH_ROUTE_COST_CACHE"": ""1"", ""SETP_ALNS_CRUSH_ROUTE_ELIMINATION"": ""0"", ""SETP_ALNS_CRUSH_SA_ACCEPTANCE"": ""1"", ""SETP_ALNS_CRUSH_SA_MODE"": ""lns_cooling"", ""SETP_ALNS_CRUSH_SCAN_REBUILD"": ""1"", ""SETP_ALNS_CRUSH_SCAN_RESTART"": ""1"", ""SETP_ALNS_CRUSH_TIMING_LEDGER"": ""1"", ""SETP_ALNS_CRUSH_TRUE_ACCEPTANCE"": ""0"", ""SETP_ALNS_CRUSH_TRUE_REPAIR"": ""1""}",16000,alns_e2_throughput,80.0,2320.739433561989,vanilla,1,,/Volumes/移动硬盘（512G）/ReSETP/baselines/e2_alns/high_tension_separation_probe_stage_a_data/checkpoints/wc80/e2-vanilla-50c-01__alns_e2_throughput__seed1.json,True,7cb71f35c46fbd099747fc0d18c15a95315b746d,wallclock,4,7,82.10941099999991,1,1,16000,194.86195072085,,True,OK,e2-vanilla-50c-01,2,2.3.5,/opt/anaconda3/bin/python3.13,1,8,600.0,wc80,Goeke80 same wall-clock,1,50,OK,"{""acceptance"": {""count"": 15936.0, ""seconds"": 0.004718314031379123}, ""checkpoint_model_cost"": {""count"": 1.0, ""seconds"": 0.00013483300017469446}, ""destroy:random_customer_removal"": {""count"": 2658.0, ""seconds"": 0.2860188640124761}, ""destroy:route_segment_removal"": {""count"": 2655.0, ""seconds"": 0.23120635798295552}, ""destroy:shaw_related_removal"": {""count"": 2655.0, ""seconds"": 2.8311903470003017}, ""destroy:vehicle_type_swap"": {""count"": 2655.0, ""seconds"": 3.230576804995053}, ""destroy:whole_route_removal"": {""count"": 2655.0, ""seconds"": 0.19626296899741646}, ""destroy:worst_customer_removal"": {""count"": 2658.0, ""seconds"": 0.2600639379866152}, ""final_check"": {""count"": 1.0, ""seconds"": 0.00016729200024201418}, ""full_candidate_score"": {""count"": 15936.0, ""seconds"": 5.149225630000728}, ""history_model_cost"": {""count"": 1.0, ""seconds"": 0.0001816250000956643}, ""initial_reference_score"": {""count"": 1.0, ""seconds"": 0.0003431670002100873}, ""repair:greedy_insert_repair"": {""count"": 5312.0, ""seconds"": 23.554002893007237}, ""repair:regret2_insert_repair"": {""count"": 5312.0, ""seconds"": 24.00587134599118}, ""repair:regret3_insert_repair"": {""count"": 5312.0, ""seconds"": 24.129953592020684}, ""repair_full_check"": {""count"": 31872.0, ""seconds"": 5.770987895978124}, ""repair_solution_score"": {""count"": 5310.0, ""seconds"": 0.7522324110082081}, ""route_model_cost"": {""count"": 122398.0, ""seconds"": 2.9772731240750545}, ""scan_build"": {""count"": 64.0, ""seconds"": 0.02985686899864959}, ""scan_score"": {""count"": 64.0, ""seconds"": 0.017390460997830814}}",0,False,False,0.125,,
{},16000,LNS,80.0,3817.814283649194,vanilla,1,,/Volumes/移动硬盘（512G）/ReSETP/baselines/e2_alns/high_tension_separation_probe_stage_a_data/checkpoints/wc80/e2-vanilla-75c-01__LNS__seed1.json,True,7cb71f35c46fbd099747fc0d18c15a95315b746d,wallclock,6,11,404.3542540839999,1,1,16000,39.56926343274278,,True,OK,e2-vanilla-75c-01,2,2.3.5,/opt/anaconda3/bin/python3.13,1,12,900.0,wc80,Goeke80 same wall-clock,1,75,OK,{},0,False,False,0.08333333333333333,,
"{""SETP_ALNS_CRUSH_ADAPTIVE_Q"": ""1"", ""SETP_ALNS_CRUSH_LOCAL_SEARCH"": ""0"", ""SETP_ALNS_CRUSH_REPAIR_STRUCTURE_CACHE"": ""1"", ""SETP_ALNS_CRUSH_ROUTE_COST_CACHE"": ""1"", ""SETP_ALNS_CRUSH_ROUTE_ELIMINATION"": ""0"", ""SETP_ALNS_CRUSH_SA_ACCEPTANCE"": ""1"", ""SETP_ALNS_CRUSH_SA_MODE"": ""lns_cooling"", ""SETP_ALNS_CRUSH_SCAN_REBUILD"": ""1"", ""SETP_ALNS_CRUSH_SCAN_RESTART"": ""1"", ""SETP_ALNS_CRUSH_TIMING_LEDGER"": ""1"", ""SETP_ALNS_CRUSH_TRUE_ACCEPTANCE"": ""0"", ""SETP_ALNS_CRUSH_TRUE_REPAIR"": ""1""}",16000,alns_e2_throughput,80.0,3817.814283649194,vanilla,1,,/Volumes/移动硬盘（512G）/ReSETP/baselines/e2_alns/high_tension_separation_probe_stage_a_data/checkpoints/wc80/e2-vanilla-75c-01__alns_e2_throughput__seed1.json,True,7cb71f35c46fbd099747fc0d18c15a95315b746d,wallclock,6,11,159.6931794999996,1,1,16000,100.19213124878662,,True,OK,e2-vanilla-75c-01,2,2.3.5,/opt/anaconda3/bin/python3.13,1,12,900.0,wc80,Goeke80 same wall-clock,1,75,OK,"{""acceptance"": {""count"": 15936.0, ""seconds"": 0.004389723008898727}, ""checkpoint_model_cost"": {""count"": 1.0, ""seconds"": 0.0001892079999379348}, ""destroy:random_customer_removal"": {""count"": 2658.0, ""seconds"": 0.3915227739889815}, ""destroy:route_segment_removal"": {""count"": 2655.0, ""seconds"": 0.3499608629758768}, ""destroy:shaw_related_removal"": {""count"": 2655.0, ""seconds"": 7.172531523005091}, ""destroy:vehicle_type_swap"": {""count"": 2655.0, ""seconds"": 2.5510436570061756}, ""destroy:whole_route_removal"": {""count"": 2655.0, ""seconds"": 0.3192706339923461}, ""destroy:worst_customer_removal"": {""count"": 2658.0, ""seconds"": 0.39656973101500625}, ""final_check"": {""count"": 1.0, ""seconds"": 0.00023725000028207432}, ""full_candidate_score"": {""count"": 15936.0, ""seconds"": 7.431924326015633}, ""history_model_cost"": {""count"": 1.0, ""seconds"": 0.0002450840001984034}, ""initial_reference_score"": {""count"": 1.0, ""seconds"": 0.0004845420003221079}, ""repair:greedy_insert_repair"": {""count"": 5312.0, ""seconds"": 47.237846136004464}, ""repair:regret2_insert_repair"": {""count"": 5312.0, ""seconds"": 48.89019459597466}, ""repair:regret3_insert_repair"": {""count"": 5312.0, ""seconds"": 48.42797153900983}, ""repair_full_check"": {""count"": 31872.0, ""seconds"": 8.894390588051465}, ""repair_solution_score"": {""count"": 2655.0, ""seconds"": 0.5470666039900607}, ""route_model_cost"": {""count"": 249100.0, ""seconds"": 6.038375783947231}, ""scan_build"": {""count"": 64.0, ""seconds"": 0.04732262599782189}, ""scan_score"": {""count"": 64.0, ""seconds"": 0.027182338998045452}}",0,False,False,0.08333333333333333,,
