StringID  Type  x          y          demand  ReadyTime  DueDate  ServiceTime
D0        d     23624.47    -19784.23   0.0     0.0        32400.0  0.0
D1        d     -32138.61   10585.68    0.0     0.0        32400.0  0.0
C1        c     23989.27    43482.21    579.0   2857.0     22314.0  1158.0
C2        c     -50056.29   20076.53    598.0   4652.0     25578.0  1196.0
C3        c     15940.33    16034.54    439.0   3612.0     24480.0  878.0
C4        c     51612.07    -52970.08   609.0   2410.0     22155.0  1218.0
C5        c     -23592.57   -17435.73   768.0   4607.0     25625.0  1536.0
C6        c     -72813.92   -4393.87    371.0   733.0      21084.0  742.0
C7        c     -42340.34   -70693.41   134.0   1789.0     21068.0  268.0
C8        c     -51944.34   37818.89    157.0   3315.0     23081.0  314.0
C9        c     -16081.53   13653.22    510.0   1777.0     21806.0  1020.0
C10       c     59469.80    40296.31    431.0   3106.0     22264.0  862.0
C11       c     33387.64    -2996.25    191.0   1645.0     20132.0  382.0
C12       c     -12855.15   1286.09     390.0   1896.0     22385.0  780.0
C13       c     8670.04     -9766.41    113.0   1997.0     21744.0  226.0
C14       c     30978.23    28741.53    305.0   1076.0     20170.0  610.0
C15       c     10039.68    -13556.73   582.0   2076.0     22483.0  1164.0
C16       c     -24966.35   -60602.57   214.0   1450.0     21254.0  428.0
C17       c     3176.37     -8744.83    594.0   1964.0     22517.0  1188.0
C18       c     -35412.71   -18577.38   287.0   3224.0     23030.0  574.0
C19       c     -37422.05   27128.00    801.0   2906.0     24117.0  1602.0
C20       c     18694.49    54327.48    392.0   1557.0     20408.0  784.0
C21       c     -25308.79   5334.63     478.0   3511.0     24332.0  956.0
C22       c     35489.94    -29437.04   565.0   5363.0     25206.0  1130.0
C23       c     29175.25    -8883.26    204.0   2546.0     21864.0  408.0
C24       c     14345.56    3512.28     338.0   1272.0     21286.0  676.0
C25       c     -28857.73   -8643.54    152.0   3276.0     22395.0  304.0
C26       c     -1024.59    -39427.62   407.0   3963.0     23642.0  814.0
C27       c     -32046.02   -68209.80   523.0   5059.0     25486.0  1046.0
C28       c     44367.80    25283.06    530.0   2318.0     21783.0  1060.0
C29       c     -41579.56   5036.44     692.0   4981.0     24676.0  1384.0
C30       c     -8803.72    -5269.12    323.0   4253.0     24520.0  646.0
C31       c     -39491.32   43021.32    580.0   974.0      21866.0  1160.0
C32       c     -8065.47    32767.50    597.0   2199.0     22688.0  1194.0
C33       c     63777.43    -13904.37   450.0   3086.0     22380.0  900.0
C34       c     -36187.97   -21333.47   592.0   3894.0     24096.0  1184.0
C35       c     -637.34     48984.01    381.0   2338.0     22794.0  762.0
C36       c     704.71      11123.56    598.0   2425.0     21878.0  1196.0
C37       c     -7194.06    7104.57     785.0   2240.0     22478.0  1570.0
C38       c     -12172.89   14525.12    246.0   5020.0     25098.0  492.0
C39       c     47447.49    -28024.15   614.0   1832.0     22227.0  1228.0
C40       c     -8482.02    -28098.43   415.0   4157.0     23760.0  830.0
C41       c     5438.68     22235.32    518.0   4197.0     23580.0  1036.0
C42       c     2277.67     -15379.47   170.0   4407.0     23445.0  340.0
C43       c     81273.73    56898.17    198.0   3329.0     23261.0  396.0
C44       c     -16421.67   20302.20    192.0   2362.0     20776.0  384.0
C45       c     4306.75     2148.42     472.0   2685.0     23349.0  944.0
C46       c     -24678.74   -61421.31   676.0   975.0      21824.0  1352.0
C47       c     -41249.55   -9516.11    726.0   4930.0     25471.0  1452.0
C48       c     -19078.47   12954.59    384.0   2218.0     22495.0  768.0
C49       c     51939.26    -6293.91    683.0   5064.0     25123.0  1366.0
C50       c     82410.42    53284.46    132.0   3422.0     21936.0  264.0
C51       c     -25498.54   8949.19     485.0   1000.0     20570.0  970.0
C52       c     41546.86    -26858.75   774.0   3463.0     24970.0  1548.0
C53       c     -16773.23   -39413.02   735.0   3221.0     23379.0  1470.0
C54       c     -51744.12   17038.00    471.0   2925.0     21917.0  942.0
C55       c     -48926.78   -10576.65   644.0   3247.0     22622.0  1288.0
C56       c     -14623.01   19594.56    266.0   4815.0     24609.0  532.0
C57       c     26477.01    -33747.17   376.0   3441.0     22985.0  752.0
C58       c     -11607.05   -2775.69    665.0   4288.0     24381.0  1330.0
C59       c     49951.66    69318.73    105.0   4273.0     23710.0  210.0
C60       c     -58253.31   27554.40    130.0   5025.0     24134.0  260.0
C61       c     -4569.17    19354.08    543.0   1303.0     21639.0  1086.0
C62       c     17965.67    -4776.15    363.0   3079.0     22670.0  726.0
C63       c     35374.90    54292.33    624.0   2354.0     22240.0  1248.0
C64       c     37485.95    46436.51    102.0   2318.0     21837.0  204.0
C65       c     -20705.01   21112.76    135.0   3512.0     23696.0  270.0
C66       c     -63679.57   19791.81    272.0   1530.0     20203.0  544.0
C67       c     57809.61    -12974.84   705.0   5046.0     25379.0  1410.0
C68       c     36007.89    49507.48    349.0   4052.0     23713.0  698.0
C69       c     -23110.96   -3906.05    504.0   919.0      21763.0  1008.0
C70       c     -11790.71   3443.05     532.0   4431.0     24556.0  1064.0
C71       c     8002.64     -13873.71   553.0   994.0      20216.0  1106.0
C72       c     -15196.70   17844.97    565.0   4509.0     24635.0  1130.0
C73       c     -55325.81   13584.61    330.0   4383.0     24145.0  660.0
C74       c     3262.18     -13062.88   790.0   3346.0     24546.0  1580.0
C75       c     100077.28   -23878.76   155.0   1111.0     20705.0  310.0
C76       c     68535.82    -20027.92   679.0   2515.0     23688.0  1358.0
C77       c     -17792.72   -4177.31    749.0   2430.0     23341.0  1498.0
C78       c     692.22      -13618.26   374.0   3842.0     23055.0  748.0
C79       c     9764.85     -8692.84    147.0   816.0      20646.0  294.0
C80       c     -53226.40   25864.98    765.0   5370.0     25868.0  1530.0
C81       c     -8458.71    -18240.90   378.0   3174.0     23292.0  756.0
C82       c     -16520.94   7927.22     525.0   4931.0     24005.0  1050.0
C83       c     -37858.13   48659.42    111.0   1154.0     19583.0  222.0
C84       c     19842.91    -18747.29   615.0   2014.0     22549.0  1230.0
C85       c     11539.92    -27860.01   106.0   2990.0     22570.0  212.0
C86       c     7424.80     5622.12     700.0   2631.0     22515.0  1400.0
C87       c     17791.72    -5777.28    797.0   2402.0     22262.0  1594.0
C88       c     52099.51    -7337.38    251.0   3096.0     23106.0  502.0
C89       c     72758.38    -5407.40    778.0   4305.0     25186.0  1556.0
C90       c     -1343.73    -9051.47    195.0   2150.0     22187.0  390.0
C91       c     26573.59    -34999.55   105.0   3809.0     22992.0  210.0
C92       c     -64932.11   29960.75    529.0   3136.0     23099.0  1058.0
C93       c     -12299.53   21166.96    693.0   4659.0     25056.0  1386.0
C94       c     -1888.43    8172.31     813.0   3284.0     24135.0  1626.0
C95       c     -34766.23   -13867.43   160.0   730.0      20617.0  320.0
C96       c     -30104.84   -6132.81    539.0   613.0      21290.0  1078.0
C97       c     -43248.59   -26591.45   775.0   3862.0     25213.0  1550.0
C98       c     -58380.26   -14690.89   321.0   5325.0     25417.0  642.0
C99       c     -19861.31   -48862.88   580.0   3654.0     23969.0  1160.0
C100      c     2319.27     -15278.70   187.0   4671.0     24503.0  374.0
C101      c     4146.97     32802.57    304.0   4656.0     24331.0  608.0
C102      c     98871.31    -33492.51   770.0   4707.0     25402.0  1540.0
C103      c     -30132.17   -38730.19   475.0   3231.0     22195.0  950.0
C104      c     14026.47    -16549.76   186.0   2666.0     22488.0  372.0
C105      c     30407.85    40558.74    593.0   3006.0     22925.0  1186.0
C106      c     -8453.79    10122.61    601.0   2715.0     23063.0  1202.0
C107      c     -67135.75   -8715.08    480.0   4412.0     24932.0  960.0
C108      c     45061.56    -11031.76   263.0   4424.0     23636.0  526.0
C109      c     25558.18    -10816.42   533.0   1896.0     22654.0  1066.0
C110      c     83700.72    -27030.14   299.0   1845.0     22206.0  598.0
C111      c     34709.78    14946.62    647.0   4241.0     24106.0  1294.0
C112      c     -11108.52   17727.45    396.0   4811.0     25081.0  792.0
C113      c     -19817.75   33482.63    393.0   3086.0     22733.0  786.0
C114      c     -18241.83   -1360.50    227.0   5124.0     24505.0  454.0
C115      c     37716.71    27290.26    219.0   4788.0     24560.0  438.0
C116      c     -19761.41   -48236.25   262.0   5171.0     25496.0  524.0
C117      c     35150.05    -32006.89   340.0   753.0      20247.0  680.0
C118      c     -8290.37    -16903.15   421.0   2936.0     22768.0  842.0
C119      c     31371.44    35672.89    769.0   5322.0     26346.0  1538.0
C120      c     -33079.87   -19195.88   181.0   4063.0     22756.0  362.0
C121      c     -10459.74   -32490.81   326.0   3462.0     23638.0  652.0
C122      c     6536.23     11195.84    479.0   4680.0     24974.0  958.0
C123      c     -6342.84    -3673.20    647.0   653.0      21321.0  1294.0
C124      c     -67657.32   4176.34     501.0   2992.0     22293.0  1002.0
C125      c     30949.87    -27957.97   638.0   4781.0     24096.0  1276.0
C126      c     -41327.49   -14179.80   504.0   4104.0     23274.0  1008.0
C127      c     63518.34    -18341.09   538.0   1676.0     22667.0  1076.0
C128      c     -6360.35    -22841.70   262.0   4857.0     25184.0  524.0
C129      c     90765.75    8547.88     434.0   2628.0     22773.0  868.0
C130      c     -71143.08   -12722.23   690.0   2139.0     22659.0  1380.0
C131      c     88128.84    38104.45    193.0   1317.0     20905.0  386.0
C132      c     -11200.71   -9738.50    299.0   1466.0     20946.0  598.0
C133      c     -28916.22   6286.62     105.0   1894.0     21791.0  210.0
C134      c     -46597.71   17765.88    100.0   1135.0     20614.0  200.0
C135      c     -9791.32    -3543.32    791.0   1255.0     22298.0  1582.0
C136      c     78945.00    -25182.07   482.0   1910.0     22191.0  964.0
C137      c     -45441.71   23887.79    404.0   1118.0     21919.0  808.0
C138      c     -69366.27   11403.72    321.0   2692.0     22737.0  642.0
C139      c     22582.16    38377.54    396.0   3608.0     22631.0  792.0
C140      c     6972.57     -48791.48   756.0   4458.0     24493.0  1512.0
C141      c     -673.96     27509.02    446.0   5143.0     24075.0  892.0
C142      c     -57743.22   27867.74    551.0   1752.0     22561.0  1102.0
C143      c     -56817.53   24318.81    635.0   1250.0     21873.0  1270.0
C144      c     21402.75    -42533.37   263.0   3370.0     23384.0  526.0
C145      c     -961.54     5439.02     404.0   1693.0     20596.0  808.0
C146      c     24544.54    11196.42    757.0   2455.0     22126.0  1514.0
C147      c     61361.09    -13747.66   446.0   1331.0     22050.0  892.0
C148      c     -21499.53   11430.56    750.0   3274.0     24693.0  1500.0
C149      c     -20351.12   3946.61     335.0   3772.0     22921.0  670.0
C150      c     -45169.71   -10094.33   486.0   2748.0     23657.0  972.0
F1        f     23624.47    -19784.23   0.0     0.0        32400.0  0.0
F2        f     100077.28   -23878.76   0.0     0.0        32400.0  0.0
F3        f     -30132.17   -38730.19   0.0     0.0        32400.0  0.0
F4        f     -50056.29   20076.53    0.0     0.0        32400.0  0.0
F5        f     23989.27    43482.21    0.0     0.0        32400.0  0.0
F6        f     -12855.15   1286.09     0.0     0.0        32400.0  0.0
F7        f     30978.23    28741.53    0.0     0.0        32400.0  0.0
F8        f     -15196.70   17844.97    0.0     0.0        32400.0  0.0
F9        f     15940.33    16034.54    0.0     0.0        32400.0  0.0
F10       f     -16520.94   7927.22     0.0     0.0        32400.0  0.0
F11       f     41546.86    -26858.75   0.0     0.0        32400.0  0.0
F12       f     26477.01    -33747.17   0.0     0.0        32400.0  0.0
F13       f     -23110.96   -3906.05    0.0     0.0        32400.0  0.0
F14       f     26573.59    -34999.55   0.0     0.0        32400.0  0.0
F15       f     10039.68    -13556.73   0.0     0.0        32400.0  0.0
F16       f     -42340.34   -70693.41   0.0     0.0        32400.0  0.0

m numVeh /19/
m numPetrolVeh /10/
m numElectroVeh /9/

DistanceMatrix
0 63497 63267 83772 36634 43412 47275 97659 83325 95020 51910 69961 19420 42127 18000 49080 14944 63460 23238 59050 76990 74276 55004 15296 12233 25076 53652 31519 73785 49612 69768 35529 89040 61367 40581 59833 72923 38479 40900 49584 25208 33166 45786 21797 95936 56662 29227 63772 65682 53809 31364 93781 56909 19268 44914 83883 73133 54896 14251 39122 92911 94578 48236 16039 75003 67656 60313 95855 34857 70390 49359 42353 16703 54065 85712 21443 76562 44912 44260 23747 17751 89386 32120 48781 92003 3921 14535 30132 15173 31077 51194 27177 15498 101572 54475 37848 58690 55436 67219 82163 52312 21776 56078 76485 56998 10128 60723 43857 91433 23155 9174 60512 36457 51122 68736 45741 49139 51883 16800 32045 55996 56707 36376 35380 34024 94374 10976 65193 39920 30140 72874 95030 86671 36245 58653 79631 37153 55583 81715 98081 58171 33447 53170 94294 91739 22857 35223 30994 38216 54868 49970 69473 0 76562 56998 83772 63267 42127 49080 54065 36634 48781 19268 14251 49359 15498 14944 83325
63497 0 65058 20276 48387 105136 29296 43346 81917 33674 16347 96306 66919 21409 45602 65676 48599 71549 40259 29346 17366 67062 8615 78584 64331 47019 19507 58902 78796 77905 10951 28212 33259 32735 98993 32175 49667 32848 25186 20351 88457 45344 39342 43112 122504 18478 37409 72392 22070 13273 85756 122248 6839 82654 52306 20640 27013 19697 73493 24496 100938 31143 28930 52406 80426 78313 15542 32857 92983 78478 17074 21565 47006 18432 23380 42573 136634 105226 20585 40788 46125 26041 37306 15842 38501 59687 58188 39874 52543 86124 106109 36523 74331 38089 22484 30346 24594 16842 38802 36435 60703 43085 42547 138226 49357 53549 69357 23689 39966 80170 61538 121794 66990 22210 26001 18326 71825 60110 79636 36392 68285 29796 48224 38680 29474 36092 73931 26415 99935 42213 122921 45438 123376 29180 5373 16144 26439 116700 18813 37237 61374 71101 35727 30891 28243 75421 31599 56686 96614 10673 13529 24443 63497 136634 49357 20276 65058 21409 65676 18432 48387 15842 82654 73493 17074 74331 48599 81917
63267 65058 0 77657 28603 100330 77298 107995 132044 76145 49954 35623 47419 56018 55408 16314 58720 115023 56221 85907 63552 12069 62334 73821 52622 41117 74229 86601 124960 27322 76009 58754 63482 33798 69831 88444 25234 39865 47914 46327 75256 78601 28206 62738 58834 46587 45781 115643 84053 52790 57086 59238 60345 72499 92375 80217 90770 45404 77269 58369 36627 83771 37387 48633 15700 13816 49980 90813 65812 13444 66814 53697 59542 46827 84763 60224 101621 77575 63381 61670 54079 79200 69732 53900 62064 62367 72420 41325 49648 58076 69055 58323 78524 89944 42601 43777 82105 73402 97115 100841 102228 62629 22534 107389 98428 60853 7053 46534 105016 58445 54321 92398 30483 43533 44934 61598 21228 101619 76310 68472 10746 84767 83418 36702 56068 99720 71778 87127 73380 72938 75362 110495 64365 63803 64672 75126 57901 87948 72143 98713 5295 93830 29384 83211 83048 86054 45495 32291 68351 55647 59407 87484 63267 101621 98428 77657 0 56018 16314 46827 28603 53900 72499 77269 66814 78524 58720 132044
83772 20276 77657 0 66120 125189 45907 33417 91097 17843 34577 111377 86575 41677 65874 81496 68867 84490 60534 41335 14469 76810 28806 98842 84358 66498 35696 77103 90105 94568 17264 48417 25260 43867 118797 43671 57253 51544 44782 38288 108723 63634 55537 63214 136394 33635 57243 85358 30875 31786 105349 136566 26961 102927 68167 3476 30674 35437 93565 44728 111474 11095 45493 72420 92028 91425 29370 13626 112816 90957 36072 41724 67257 34931 8361 62778 156436 125190 40363 60916 66380 6600 56556 35668 31077 79957 78051 59271 72607 105770 125431 56757 94369 17860 37773 49617 37229 32939 47162 35750 75262 63192 55677 158269 62090 73811 83030 42777 33476 100076 81682 141810 84921 39019 33077 38363 88069 74729 99864 55784 82908 42785 65812 57285 49749 23719 94177 35351 119896 61248 141293 38992 139356 48976 25240 4159 46682 136710 5985 21168 74908 89415 49939 10945 7982 95007 51230 75127 116438 29837 33802 30564 83772 156436 62090 0 77657 41677 81496 34931 66120 35668 102927 93565 36072 94369 68867 91097
36634 48387 28603 66120 0 77680 51799 91075 104491 71294 32110 49834 25818 32353 26806 19688 30174 86871 27874 61928 54503 38392 42614 49496 28215 12623 51146 57999 96953 29894 58562 32651 61652 29262 56433 64138 36885 16008 24798 28154 54165 50440 12196 34257 77060 32642 18115 87460 62638 35154 42361 76196 42040 49955 64379 67692 70113 30770 50885 33357 63214 75083 20776 20909 42911 37262 36996 79709 50937 39027 43848 30456 30944 31190 71308 31739 93124 63771 39325 33344 25487 69862 42073 33458 62918 35000 44115 13451 21890 43055 60729 30464 52130 82063 28702 19485 58867 51103 72940 80421 74118 34148 20500 96594 71567 32640 28474 25100 86684 39757 28522 80287 18801 27102 39788 38354 24513 73521 51740 40890 24976 60367 55242 10576 29748 84434 46483 64750 58697 44818 75199 91709 75487 37428 45904 62562 32333 75289 61882 85432 23309 65443 20192 74628 73228 58822 19948 9871 54314 37722 38252 66462 36634 93124 71567 66120 28603 32353 19688 31190 0 33458 49955 50885 43848 52130 30174 104491
43412 105136 100330 125189 77680 0 83177 133572 95609 137719 94979 93597 53193 84260 60914 84277 57286 76958 65589 93574 119761 112233 96521 28526 49468 67669 91871 54351 85035 78588 109770 76977 132341 104462 40916 93326 114563 81851 84066 92866 25291 65038 88249 62024 113802 99987 72635 76757 102526 96660 46677 110628 98894 27984 69716 124834 109111 98248 31643 80723 122300 136215 91581 58777 108484 100405 103528 136332 40473 103659 89391 84867 58569 97356 125957 62692 56526 37035 84840 64354 60923 131172 69387 91382 135401 46696 47289 73386 58060 45635 52052 68798 30820 143039 97883 81245 94817 94188 98460 116463 71591 62052 98030 51116 82975 52337 95902 87113 126726 42447 49555 41262 69988 94509 112144 86851 81454 71530 26654 69922 90924 91178 65363 78416 76085 132253 32443 100710 36619 65334 72921 129185 98123 76252 99981 121032 78825 38978 123801 137039 95849 44835 95972 135990 133156 31961 78585 69642 40416 97431 91751 105854 43412 56526 82975 125189 100330 84260 84277 97356 77680 91382 27984 31643 89391 30820 57286 95609
47275 29296 77298 45907 51799 83177 0 50920 56461 62104 31983 101155 58781 21582 33162 71486 33855 43189 28144 11875 46660 83296 22835 60289 53456 43337 10248 31511 51473 80271 28784 19150 62513 52550 87441 13185 70275 37497 29515 33940 71825 18494 49159 25952 128540 38413 34087 43999 19352 30724 76349 127428 26454 65817 23011 44508 26246 38101 52660 18936 113733 56793 41417 43444 92855 88376 38656 54707 81524 89630 13538 23983 31795 36266 44376 27208 123838 92165 14471 24583 34484 52470 15155 26330 67617 43455 36646 38649 42995 76363 97099 23776 53152 62892 40221 33568 11730 13045 21684 34896 31648 26001 57388 123512 22276 37629 79243 31443 44408 68952 49594 107721 66692 37314 51058 16942 75890 31038 60523 15311 76430 9649 19978 41563 22067 49079 55548 18031 87116 18060 117273 47784 124765 14588 24312 42052 19582 102830 46744 54101 72438 43788 50451 56733 53360 51522 32178 56009 85034 28942 21627 22792 47275 123838 22276 45907 77298 21582 71486 36266 51799 26330 65817 52660 13538 53152 33855 56461
97659 43346 107995 33417 91075 133572 50920 0 72968 47090 59534 139629 106211 60227 81661 108953 83359 73816 76115 40000 47394 108729 48491 111162 102088 87517 44161 79882 75726 120881 32627 64016 57953 74655 136922 40354 89770 75138 66620 63524 122561 68560 82659 75891 165830 61563 77398 74627 31977 56467 124768 165594 49161 116546 66083 30054 24674 62941 103539 61228 143195 35110 72259 90780 123081 121449 58017 25853 130905 121439 49705 61524 81371 61760 25081 76568 173986 142212 55022 74083 82691 36045 65828 57626 63534 93762 87557 80861 90616 124948 145576 71622 103993 35247 65691 72030 39209 42744 36971 17730 69148 75918 85478 174134 54779 87687 112585 65977 7135 118062 98582 158143 109249 65551 65140 54656 114982 68824 111439 65725 111624 42402 68392 80867 66475 10002 106406 32972 137044 68967 164091 8494 166459 61845 45178 34327 63028 153176 39358 16169 104546 91307 78879 35608 32868 101644 72522 98599 134501 53699 53122 28226 97659 173986 54779 33417 107995 60227 108953 61760 91075 57626 116546 103539 49705 103993 83359 72968
83325 81917 132044 91097 104491 95609 56461 72968 0 108936 88340 150612 101576 77784 79462 123543 77513 20092 76873 52574 97945 139124 77912 88089 94525 93380 63498 51813 10590 129344 75734 73519 113750 108990 120358 49742 126735 92449 85369 90401 99411 54412 104492 71066 177651 94615 86498 19948 61187 86822 114175 175879 81404 94650 40400 88234 60476 94447 78108 74548 167694 99528 97648 89341 147177 141745 94321 92967 115592 143481 69501 80184 75914 92606 85273 73491 149915 121904 70901 71480 80988 97170 62444 82752 119437 81026 68832 91108 88487 113723 132325 74030 77609 103158 96648 88635 57329 65710 44111 58254 31335 71171 113457 146030 34215 78159 132926 87633 66754 105823 90529 133390 115200 93775 106583 73402 126530 31845 86611 63662 129411 52324 49758 95366 76076 79034 84840 56523 118097 59869 154908 64732 169880 68448 78142 88562 74623 129543 94632 86431 126931 53958 106676 99757 96109 69686 86651 105733 118308 84727 77812 60665 83325 149915 34215 91097 132044 77784 123543 92606 104491 82752 94650 78108 69501 77609 77513 0
95020 33674 76145 17843 71294 137719 62104 47090 108936 0 43245 111442 94591 53503 77061 83418 80508 102052 72156 58769 18033 72542 42008 110309 93603 74641 51882 92519 107880 97125 34382 60973 13496 44169 126755 61215 52508 59030 54277 46091 119223 78956 59461 75961 134577 39607 66608 102918 48528 41212 112862 135242 39151 113683 84863 20782 48490 41533 106168 57228 106654 12048 50846 81864 88860 89845 35426 21510 120938 88726 50718 52858 79157 41825 24469 75078 164065 133648 54130 73596 77275 12022 70949 46350 17775 91396 91345 67538 82242 113421 131982 68973 107087 15180 43000 58177 54466 49079 64995 52903 92429 75920 56315 166825 79596 85487 82398 51561 48951 108612 91499 150350 89622 45511 32418 51681 90277 91876 111629 70001 83343 60055 81636 64255 61653 37131 105821 53071 128396 75879 145681 54065 140073 62624 39046 20754 59057 145262 15374 31643 74529 104750 52297 11517 14353 108795 60396 80990 124488 40289 46319 48390 95020 164065 79596 17843 76145 53503 83418 41825 71294 46350 113683 106168 50718 107087 80508 108936
51910 16347 49954 34577 32110 94979 31983 59534 88340 43245 0 80112 52196 12781 34075 49419 37719 74785 29539 37583 25239 53514 12423 67204 50558 32073 25698 55175 83405 61558 26915 20274 37557 20727 84480 40353 38559 16976 11040 4005 75980 42438 23168 34351 106528 6658 23410 75565 34209 3077 70885 106166 10527 70443 53071 35823 40815 6118 63703 17027 86366 44404 12847 38715 65569 62803 8776 47992 78543 63236 18914 11075 36576 4284 39244 32984 122072 91074 17912 32017 34167 39101 32792 5743 41227 48377 49863 24840 39050 71339 90862 27069 64704 51501 8412 15215 33264 24252 48556 50917 62630 34288 27855 124245 54235 42646 53714 8405 55739 65938 48297 107757 50808 6429 20178 15168 55500 61999 68626 31534 52313 36987 46485 22751 19876 52439 62797 37577 85789 37767 106969 61053 107040 23896 14799 30792 18311 102656 31093 53332 45893 66564 20721 44020 42109 67543 17207 40700 82147 5856 10604 37551 51910 122072 54235 34577 49954 12781 49419 4284 32110 5743 70443 63703 18914 64704 37719 88340
69961 96306 35623 111377 49834 93597 101155 139629 150612 111442 80112 0 50542 82175 71322 30745 73099 131568 74659 111664 97783 43122 91705 73741 57761 58217 100980 100077 141946 21295 107024 82082 98999 67954 54372 113792 60732 65608 74470 76137 69370 96412 56970 79817 27405 78481 67069 132013 112364 83171 47195 26362 90566 69506 110302 113620 119741 76931 81061 83109 30543 118411 67376 61271 27865 22825 82438 124845 53297 25205 93667 80226 74721 77969 117862 77502 75943 61002 89148 79760 69789 113616 89671 82598 97687 71109 83322 62538 62128 48201 47596 78317 82168 124831 74275 69259 108693 100892 122577 130047 119343 79717 55828 83650 119473 72778 29063 74324 135761 53312 61339 71554 35435 74099 79580 88172 25345 118809 76284 88675 28476 110022 100936 60405 79149 132159 73973 114576 58777 91214 44580 140963 28743 86590 94703 108434 81970 68313 106187 132036 36938 103405 61488 117870 117380 91158 69764 45460 54077 85961 87708 116141 69961 75943 119473 111377 35623 82175 30745 77969 49834 82598 69506 81061 93667 82168 73099 150612
19420 66919 47419 86575 25818 53193 58781 106211 101576 94591 52196 50542 0 46441 25628 31829 25625 81998 30753 70543 76951 59177 59285 26524 7239 20124 62501 50114 92382 30336 75396 42253 86191 54749 32288 71952 62126 35603 41820 48814 28707 48818 37653 33484 76684 54989 29532 82372 74921 54837 18842 74637 60086 25219 61986 87457 82663 53060 31518 44995 74188 96599 44048 15524 57323 49602 59222 99706 26382 52569 56506 45635 27617 52866 90250 31763 69883 39057 51194 34378 24300 91296 44537 51090 88002 20774 33099 27356 15842 19209 39445 35255 32721 103696 51683 37002 69015 63570 80186 92510 70279 33408 46223 72237 72881 23634 43657 43850 100686 14172 11066 55759 17992 49085 64510 51655 30594 69796 29064 43937 38722 68413 52844 30371 39736 101299 25080 75547 33813 44427 58528 104982 68453 45095 62992 82636 43182 50672 83288 103758 42762 52867 45725 96215 94250 41314 35370 16722 29968 56752 54185 78877 19420 69883 72881 86575 47419 46441 31829 52866 25818 51090 25219 31518 56506 32721 25625 101576
42127 21409 56018 41677 32353 84260 21582 60227 77784 53503 12781 82175 46441 0 24197 51722 27285 63063 18911 30057 35656 61715 13095 57281 43243 27292 18833 42398 72097 62051 28968 7706 49511 31844 78124 32497 49238 16752 8118 13257 67048 29708 27812 22511 109330 19348 17184 63812 30380 13224 65236 108533 14784 61251 40887 41958 37972 18394 52672 4249 92591 52450 19877 31411 71664 67622 21324 54089 72089 68651 11495 2405 25785 16724 44216 21579 115702 84135 7364 20141 24723 47265 20016 7586 53567 38347 38008 20738 31450 65525 85875 15472 53584 59450 19889 12949 26641 18777 41242 48247 50636 22465 35810 117014 43587 32260 58430 9872 55194 59212 40275 100622 49488 16534 32941 6002 56866 50002 58420 18753 56022 28785 33862 21777 8186 54878 52670 32402 78855 24987 103875 59948 107487 11148 16822 37552 5719 95540 39658 57410 51299 53860 28914 52168 49631 55621 12598 38690 75724 13328 7954 34260 42127 115702 43587 41677 56018 0 51722 16724 32353 7586 61251 52672 11495 53584 27285 77784
18000 45602 55408 65874 26806 60914 33162 81661 79462 77061 34075 71322 25628 24197 0 44503 4030 60957 5588 44955 59040 64873 37183 33260 20524 14441 37545 31205 71228 50028 52385 18043 71457 45708 55263 46325 59483 22357 23158 32008 42861 25105 32164 8507 98567 39163 12689 61485 49920 35864 43408 97021 38959 37054 39068 66093 57603 37478 29869 21448 89211 76626 31989 10550 69402 63160 42619 78155 49244 65274 32317 24354 4161 36497 68123 6333 92490 60739 27047 8859 1533 71420 19110 30784 74689 14335 18320 15439 9956 43497 64236 10039 30939 83639 37371 20815 43629 38945 54577 67231 48400 8409 42809 93269 48420 8643 54819 26245 75813 36414 16921 76991 35900 33869 51788 28194 47084 47836 34581 18401 50795 42802 29704 21071 16202 77590 28763 50192 55515 19922 84114 79868 92765 19871 40871 61746 19482 71946 63724 80857 50114 39062 38429 76335 73827 35154 17999 26295 52841 36872 32098 53841 18000 92490 48420 65874 55408 24197 44503 36497 26806 30784 37054 29869 32317 30939 4030 79462
49080 65676 16314 81496 19688 84277 71486 108953 123543 83418 49419 30745 31829 51722 44503 0 47197 105414 46671 81528 68419 28382 60960 58353 37668 30219 70555 75307 115636 13829 76332 52339 71902 39251 53800 83778 37541 35027 43878 45433 59107 69195 26355 52634 57641 48145 37664 105958 81734 52487 40827 56988 59844 56596 83218 83546 89055 46510 62651 52980 44794 89239 36766 35955 25926 18854 52243 95080 49600 21366 63178 49691 48414 47443 87625 50158 86854 61555 58841 52073 43027 84254 61340 51859 71660 48777 59846 33004 36952 41807 53960 49729 63893 95918 43936 38773 78344 70337 92582 99354 92774 52527 27137 92101 91032 48360 11831 43607 105021 42193 39928 76747 14291 43504 51017 57695 6893 92196 60891 60212 6943 80009 73936 30088 49433 101649 56700 84085 57233 63679 63106 110218 57912 57094 63965 78349 52004 72170 76574 101831 12781 81164 31676 88726 87907 71915 39537 18688 52235 55259 57004 85479 49080 86854 91032 81496 16314 51722 0 47443 19688 51859 56596 62651 63178 63893 47197 123543
14944 48599 58720 68867 30174 57286 33855 83359 77513 80508 37719 73099 25625 27285 4030 47197 0 58641 8382 45729 62513 68434 40080 29998 19698 17604 39206 28138 68979 51836 54866 20585 75196 49737 53739 46877 63446 26387 26905 35805 40108 23548 36087 7973 100191 42972 16719 59130 51448 39379 42524 98515 42065 34200 37249 68944 59042 41319 26035 24183 91985 79712 36007 11829 72425 65973 46338 80911 47773 68201 34527 27669 2062 40286 70776 6795 90627 58853 29370 9348 4872 74543 19082 34162 78518 11093 14382 19356 10982 42517 63246 12243 27077 86686 41289 24788 44807 40825 54859 68429 46267 7910 46732 91041 47408 4985 57822 30045 77327 35113 15759 74883 37697 37762 55715 30799 49341 45725 31160 18633 53653 43487 27906 24999 19133 79695 25390 51371 53692 18846 83698 81187 93631 21581 43719 64722 22216 69879 66935 83237 53427 35368 42440 79439 76840 31125 21951 28690 51322 40238 35071 55318 14944 90627 47408 68867 58720 27285 47197 40286 30174 34162 34200 26035 34527 27077 0 77513
63460 71549 115023 84490 86871 76958 43189 73816 20092 102052 74785 131568 81998 63063 60957 105414 58641 0 59002 43304 88610 122944 65938 68017 74875 75207 52105 31962 10392 110379 67709 57646 104637 94887 100281 40841 112255 76182 70001 76209 79405 36445 88242 52796 158409 81355 69243 868 53619 73792 94148 156525 69554 74583 22718 82129 55468 80861 58031 59350 149974 94232 82517 70425 129776 123926 81826 89230 95500 125865 56727 65387 57189 79054 80159 55289 130325 101926 56879 53534 62457 90968 45464 69048 110020 61317 49039 73722 69527 93682 112235 56706 57549 98990 82745 72544 47752 54712 38613 56784 12802 52903 97837 126770 22474 58831 115325 72627 66862 85797 70932 113735 96275 79546 94226 59622 107955 13417 66571 46773 111548 42194 31634 78406 59898 77581 64748 49222 98059 42096 134817 66519 150112 52694 67006 81299 59043 109782 86936 84595 109809 34053 91399 94347 90698 49765 70269 87215 98223 72117 64714 54399 63460 130325 22474 84490 115023 63063 105414 79054 86871 69048 74583 58031 56727 57549 58641 20092
23238 40259 56221 60534 27874 65589 28144 76115 76873 72156 29539 74659 30753 18911 5588 46671 8382 59002 0 39822 54176 64953 31775 38371 25999 16583 32034 30969 69114 53429 46830 12474 67084 43008 60820 41328 57855 20022 18941 27876 48287 22594 31063 6695 102021 35040 10952 59588 44433 31083 48824 100626 33695 42431 36586 60671 52135 33465 34177 15943 91005 71353 29147 15313 70784 64978 38233 72692 54797 66867 26729 19302 7043 32320 62619 4319 98076 66326 21461 5470 6589 66175 15018 25806 70563 19438 20865 14982 14914 48943 69662 4530 35167 78338 33678 17659 38287 33384 49737 61843 46262 6590 41559 98843 44817 13366 56324 22164 70312 41948 22477 82574 39442 30081 48082 22655 49916 45670 39540 14073 52611 37732 27383 20222 10786 72003 33771 44835 61100 17020 89280 74426 97014 14411 35438 56394 13972 77531 58554 75289 50962 40226 36458 71075 68502 38391 14775 29228 58399 31874 26732 48365 23238 98076 44817 60534 56221 18911 46671 32320 27874 25806 42431 34177 26729 35167 8382 76873
59050 29346 85907 41335 61928 93574 11875 40000 52574 58769 37583 111664 70543 30057 44955 81528 45729 43304 39822 0 45750 90789 25959 71729 65311 54441 11902 40215 49746 91042 24406 29751 61734 58174 99300 2863 75986 46761 38156 40446 83397 28564 57745 37826 138969 43270 44802 44168 10778 35512 88211 138009 29258 77404 27956 39181 15705 43466 63722 28573 122527 51477 48889 55134 101592 97678 42328 47657 93391 98673 19146 32294 43669 41657 37828 39066 135594 103959 22756 36444 46246 47880 26956 32548 67281 55256 47861 49200 54723 88231 108970 35376 64125 56810 45976 42888 4754 13529 11208 23294 34045 37876 64845 135110 20833 49481 88484 39376 33221 80827 61463 119413 77724 43689 54346 24316 86324 33535 71829 27174 86042 2413 28570 51441 32668 39464 67022 7370 98931 29364 129061 36207 135924 25775 25699 38025 29707 114548 43633 45296 81285 52052 57713 51534 47940 61659 41996 66943 96894 33076 27096 12929 59050 135594 20833 41335 85907 30057 81528 41657 61928 32548 77404 63722 19146 64125 45729 52574
76990 17366 63552 14469 54503 119761 46660 47394 97945 18033 25239 97783 76951 35656 59040 68419 62513 88610 54176 45750 0 62361 24934 92281 75710 56900 36782 75858 95489 81811 22479 43227 16027 29893 109202 48477 42788 41350 36258 28220 101216 62350 43139 58163 122372 22082 48634 89462 36843 23181 95407 122654 21740 95659 69671 17519 39421 24011 88255 39505 97027 20836 33760 63919 77700 77356 17766 27263 103331 76765 34175 34899 61193 24086 22449 57188 146655 115977 36950 55794 59243 15855 53826 28382 21536 73375 73627 49737 64275 95927 114884 51094 89192 27656 25820 40274 41081 34056 54035 46777 77994 58118 41955 149167 66260 67488 69147 33591 46558 90883 73527 132679 73153 27942 18716 34343 75139 77406 93614 52796 69322 46527 65432 46756 43756 37960 87802 41492 110709 58837 129527 52203 126030 45240 22510 13109 41282 127584 8650 35605 61050 87947 36750 20335 19598 91176 42424 63982 106906 22359 28789 38020 76990 146655 66260 14469 63552 35656 68419 24086 54503 28382 95659 88255 34175 89192 62513 97945
74276 67062 12069 76810 38392 112233 83296 108729 139124 72542 53514 43122 59177 61715 64873 28382 68434 122944 64953 90789 62361 0 65853 85432 64074 51001 78909 95806 132627 38765 77862 65635 59274 34365 81781 93470 20057 46800 53854 50369 87227 86791 34722 71614 62632 48896 54126 123608 87574 56022 69139 63724 63342 84341 100226 79700 93729 48129 88418 64645 34666 81472 42004 59108 16680 20381 51532 89321 77843 17972 71686 59318 69034 49795 84493 69135 112869 89515 68950 70290 63650 77348 77482 58250 56836 73084 82498 49992 60112 70132 80568 66471 89674 87104 45390 50537 86652 77697 101906 103460 110158 71506 25980 118915 105089 71031 18077 51876 106495 70477 65504 104139 42513 47199 43792 66824 33058 109536 87889 76171 22554 89924 91583 44813 63174 99859 83193 91082 85381 81135 85382 112100 71304 70698 67637 74832 64502 99759 70993 97965 16417 103783 33081 80888 81256 96899 52692 43526 80341 58785 63740 90713 74276 112869 105089 76810 12069 61715 28382 49795 38392 58250 84341 88418 71686 89674 68434 139124
55004 8615 62334 28806 42614 96521 22835 48491 77912 42008 12423 91705 59285 13095 37183 60960 40080 65938 31775 25959 24934 65853 0 70040 56309 39696 14422 50925 73852 72476 16274 19618 40267 32402 91140 28802 50139 26650 18201 16032 80039 37429 35086 34498 118400 17407 29786 66759 21787 9843 78118 117909 3620 74203 45554 28910 28478 17819 64878 15922 98783 39737 25034 44440 77970 75050 16436 41004 85111 75571 9498 13650 38453 16086 31130 33982 128744 97211 12123 32176 37775 34654 28978 9162 45106 51172 49595 32735 44510 78439 98654 27951 65716 46652 20492 23592 21405 12430 36621 38662 54471 34471 40276 130109 44328 45013 65917 17522 44124 72248 53370 113713 60783 18848 28679 9735 66740 53857 71061 28003 64289 25732 40636 32380 20996 42364 65372 25247 91928 33955 116119 49263 118076 20646 3731 24653 17878 108628 27378 44474 58184 63022 33145 39493 36786 66883 24347 50197 88746 7188 5148 25150 55004 128744 44328 28806 62334 13095 60960 16086 42614 9162 74203 64878 9498 65716 40080 77912
15296 78584 73821 98842 49496 28526 60289 111162 88089 110309 67204 73741 26524 57281 33260 58353 29998 68017 38371 71729 92281 85432 70040 0 21502 39150 67624 37857 77874 55436 84428 50458 104271 75937 32271 72135 86343 53434 56189 64841 12041 43992 59776 36065 97724 71894 44385 68141 79283 69100 28393 95102 72063 6583 53207 98842 86498 70110 9991 54120 99809 109708 63129 30253 83729 75900 75585 110716 27734 78946 63921 57590 31587 69316 100491 36149 64826 34359 58967 38225 33047 104541 45352 64041 107140 18950 24002 44909 29547 27645 44344 42099 10509 116673 69603 53025 71961 69612 78790 95021 58661 36066 69686 63511 66277 25035 70180 59127 104697 20745 21104 48271 44391 66302 83772 60625 56771 58362 2592 45539 65240 69330 46051 49893 49130 108486 4775 78318 30145 42367 67069 107935 85631 50676 73650 94692 52162 43663 96920 112529 69032 34465 67459 109436 106819 19234 50448 42082 30257 70128 65059 82946 15296 64826 66277 98842 73821 57281 58353 69316 49496 64041 6583 9991 63921 10509 29998 88089
12233 64331 52622 84358 28215 49468 53456 102088 94525 93603 50558 57761 7239 43243 20524 37668 19698 74875 25999 65311 75710 64074 56309 21502 0 19328 58033 42953 85251 37392 72111 38151 86077 55872 34965 66538 65095 34797 39728 47514 26462 42276 39138 27671 83913 54138 27206 75236 70428 52965 22911 81846 57508 21821 55166 84970 78120 52242 25010 41237 80915 94718 44000 11938 63479 55941 58205 97182 28925 58789 52523 42780 21753 51800 87437 26248 72470 40908 47203 28874 19411 89429 38780 48690 88344 13579 25906 26144 11800 22976 43722 30519 26246 101809 51217 35438 64135 59344 74557 87748 63269 27607 48622 73913 66394 16978 49457 42156 96311 16031 4101 57466 24464 48280 64770 48010 37168 62797 23883 38314 44610 63103 46133 30260 35898 97709 19157 70701 35622 38179 64010 100392 75388 40385 60040 80323 39331 52371 81496 100608 47718 45669 47068 94369 92180 34536 33367 20607 32551 54595 51161 74355 12233 72470 66394 84358 52622 43243 37668 51800 28215 48690 21821 25010 52523 26246 19698 94525
25076 47019 41117 66498 12623 67669 43337 87517 93380 74641 32073 58217 20124 27292 14441 30219 17604 75207 16583 54441 56900 51001 39696 39150 19328 0 44881 45608 85418 37085 55946 24759 66779 36853 52410 56311 47877 15621 21837 28714 45720 38991 20734 22417 85612 35050 10131 75758 57101 34732 38852 84321 40213 40771 53018 67460 64822 33133 39185 26703 74822 76476 24672 9045 54962 48764 39221 79705 46486 50841 38184 26136 18507 32836 70396 19939 90001 59082 33045 21906 13036 71173 31516 31181 69018 22928 31497 7235 9908 39282 59090 20100 40407 83573 31963 16890 52096 45485 64987 74969 62556 22310 31015 92271 61341 20065 40379 23738 82394 33985 18194 75782 23355 29154 45446 32950 33341 61977 41164 30482 36389 52582 43721 10955 21901 82006 35582 58417 53810 33515 76586 87016 81490 28778 43351 62588 25147 70686 63164 84083 35825 52821 28310 76092 74142 46583 15428 12770 50084 36709 34699 61051 25076 90001 61341 66498 41117 27292 30219 32836 12623 31181 40771 39185 38184 40407 17604 93380
53652 19507 74229 35696 51146 91871 10248 44161 63498 51882 25698 100980 62501 18833 37545 70555 39206 52105 32034 11902 36782 78909 14422 67624 58033 44881 0 41501 59652 80703 18681 20336 52748 46338 92784 14655 64166 35562 26783 28551 78728 28172 46149 31856 128159 31504 34876 52943 12423 23709 80831 127341 17911 72723 33057 34400 20162 31623 60763 18221 110856 46630 37065 46983 89926 86228 30853 44957 86776 87115 7448 20913 37230 29804 34564 32423 129832 98057 11932 29966 38623 42245 22544 20659 58005 49738 44735 38986 46737 80968 101668 27517 61378 52836 34100 31782 7887 2803 23005 30136 41213 31875 52982 130124 30114 43607 77028 27722 38278 73958 54459 114050 67804 31788 43085 12874 75653 40624 68138 22164 74776 11366 30119 40575 23057 40863 62849 13643 92884 26603 120852 42482 125981 17691 14930 31815 19737 109064 36515 45198 69692 53811 45840 46556 43223 60619 31249 56969 90363 21380 15195 16376 53652 129832 30114 35696 74229 18833 70555 29804 51146 20659 72723 60763 7448 61378 39206 63498
31519 58902 86601 77103 57999 54351 31511 79882 51813 92519 55175 100077 50114 42398 31205 75307 28138 31962 30969 40215 75858 95806 50925 37857 42953 45608 41501 0 42317 79044 60181 35033 90981 72538 69647 39546 88412 50581 46939 55092 49795 13563 62001 24274 126695 61682 41916 32299 50127 55406 62474 124727 54215 44388 15749 75900 55920 60568 28082 38149 120101 88101 58888 39514 100540 94105 63659 86212 64507 96337 41828 44202 27102 59000 75888 26711 102291 72215 39035 25866 32574 83595 22453 49826 95478 29379 17079 45835 38554 62064 81248 30378 27951 94334 61635 47608 42330 44206 44132 62463 21068 24379 72415 100072 29116 27385 85941 50104 72897 54132 39054 85628 65065 58038 75293 41780 77150 20704 36928 23667 81790 37906 11711 51185 36148 79632 33969 47558 67900 17423 103572 75032 118151 31385 53551 73130 36940 81229 77342 85173 81308 12314 66938 88009 84714 22641 44867 56715 67464 54825 47485 53002 31519 102291 29116 77103 86601 42398 75307 59000 57999 49826 44388 28082 41828 27951 28138 51813
73785 78796 124960 90105 96953 85035 51473 75726 10590 107880 83405 141946 92382 72097 71228 115636 68979 10392 69114 49746 95489 132627 73852 77874 85251 85418 59652 42317 0 120748 73864 67095 111480 103786 110142 47059 121330 85828 79309 85088 89074 46521 97905 63001 168800 89880 79195 10018 59411 82194 104341 166917 77436 84415 32596 87494 60054 89516 67916 68552 160118 99285 91774 80777 139830 134084 90040 93515 105475 135973 64922 74461 67500 87689 85043 65482 139362 111527 65600 63656 72735 96430 55256 77704 117014 71687 59396 83720 79885 103855 122181 66651 67373 103532 91532 82120 54410 62107 43100 59647 22864 63108 107301 135442 29542 69220 125424 81808 69072 95994 81316 122854 106636 88451 102425 68260 118267 23449 76328 56539 121710 49025 41735 88283 69467 80672 74758 54821 107793 52135 144826 67878 160452 62076 74562 87198 68389 119039 93067 87927 119771 43584 100729 99455 95787 59296 79940 97508 108125 80336 73098 59579 73785 139362 29542 90105 124960 72097 115636 87689 96953 77704 84415 67916 64922 67373 68979 10590
49612 77905 27322 94568 29894 78588 80271 120881 129344 97125 61558 21295 30336 62051 50028 13829 51836 110379 53429 91042 81811 38765 72476 55436 37392 37085 80703 79044 120748 0 88300 61324 85715 52965 43731 93072 50865 45902 54673 57555 53396 75118 39048 58524 48596 60993 46261 110838 92419 64633 32472 47237 71750 52218 89016 96465 99949 59264 61682 62614 44388 102646 49295 40008 30371 22245 65206 108187 40551 25626 73521 60256 53439 60027 100378 56215 74300 51353 68788 58488 48495 97596 68447 63314 85484 50400 62465 41849 40878 33524 41808 57170 62854 109400 56817 49320 88289 80828 101821 110250 98097 58424 40918 80157 98224 51678 20694 54954 116572 36321 40706 65450 14146 55988 64707 68043 6947 97558 58027 67473 16639 89311 79648 40369 58395 113996 54906 94345 47643 69924 49324 121602 45601 65684 75706 91276 61353 61174 89820 114578 25418 82979 45097 102144 101190 71599 49483 24319 42570 67308 68145 96273 49612 74300 98224 94568 27322 62051 13829 60027 29894 63314 52218 61682 73521 62854 51836 129344
69768 10951 76009 17264 58562 109770 28784 32627 75734 34382 26915 107024 75396 28968 52385 76332 54866 67709 46830 24406 22479 77862 16274 84428 72111 55946 18681 60181 73864 88300 0 34358 38042 43499 107046 26915 60064 42720 34448 30900 94967 46833 50065 48376 133351 29427 45977 68573 14556 23854 94203 133047 16550 89035 50903 15728 17255 30636 78332 30974 111849 28019 39683 60348 91368 89249 26348 26573 101008 89429 20520 29831 53066 29328 16187 48357 144578 112932 25509 46205 53148 23864 40482 25225 43781 65866 62481 49008 60348 94493 114814 42631 79043 34155 33429 39815 20094 16013 31672 25912 58110 48372 53496 145640 45239 59649 80275 33514 29021 88119 68984 129319 76930 33008 35816 24199 82360 57567 85204 39869 79123 25680 48752 48508 36297 26092 79682 19218 107667 44918 132392 34487 133857 33781 12725 13683 32926 124255 19243 28507 72307 72490 46672 27974 24577 78928 40620 66410 104640 21073 21256 15551 69768 144578 45239 17264 76009 28968 76332 29328 58562 25225 89035 78332 20520 79043 54866 75734
35529 28212 58754 48417 32651 76977 19150 64016 73519 60973 20274 82082 42253 7706 18043 52339 20585 57646 12474 29751 43227 65635 19618 50458 38151 24759 20336 35033 67095 61324 34358 0 57216 38044 73093 31748 54864 18951 12478 20079 60679 22832 30973 15001 109447 26682 15063 58353 32723 20921 60752 108391 21929 54784 35062 48389 40473 25536 45340 3752 94950 59352 24985 26774 74157 69399 28942 60328 67058 70771 14372 9210 18881 23982 50197 14364 110460 78735 9055 12644 18882 54247 12976 15287 61257 31659 30401 19544 26600 60938 81562 8364 46211 66269 26666 15116 27349 21319 40510 50464 44974 14964 40214 111312 39681 25465 60314 15396 58434 54173 34807 95030 47980 23112 40287 10215 56783 44342 51447 11645 57361 27987 27272 22504 2933 59607 45773 33722 73494 17742 100524 62783 106194 5072 23196 44261 1988 89980 46824 62816 53760 46293 33771 59103 56398 47969 13273 37192 70675 20978 14774 36685 35529 110460 39681 48417 58754 7706 52339 23982 32651 15287 54784 45340 14372 46211 20585 73519
89040 33259 63482 25260 61652 132341 62513 57953 113750 13496 37557 98999 86191 49511 71457 71902 75196 104637 67084 61734 16027 59274 40267 104271 86077 66779 52748 90981 111480 85715 38042 57216 0 33056 117919 64440 39309 51315 48302 39476 112276 77586 49505 71800 121560 32378 59907 105488 52567 36341 103882 122333 36834 107007 85507 28727 54422 34165 101219 53618 93229 24315 42186 74739 75710 77053 28860 33536 112263 75777 49704 48309 74113 34987 33425 70522 154774 125080 51947 69446 71418 21977 68674 41943 5870 85650 87340 59999 75251 104522 122251 64551 102234 28597 34886 51268 57085 50042 69714 60725 93958 71743 44819 158109 82285 80080 69943 45229 58659 100354 84439 141716 79335 38018 21864 49207 78794 93366 105833 67561 71243 62547 80901 55959 57264 47982 100000 57231 119901 73727 134742 64103 127715 59866 38227 26236 55230 136671 20037 43499 62247 102900 41802 23723 25495 105013 53824 71508 115732 36355 43511 53418 89040 154774 82285 25260 63482 49511 71902 34987 61652 41943 107007 101219 49704 102234 75196 113750
61367 32735 33798 43867 29262 104462 52550 74655 108990 44169 20727 67954 54749 31844 45708 39251 49737 94887 43008 58174 29893 34365 32402 75937 55872 36853 46338 72538 103786 52965 43499 38044 33056 0 85672 60974 17837 23353 25678 18699 82324 60867 17126 49245 92541 15007 33024 95643 53750 22668 71599 92773 29517 77567 72704 46425 59568 14715 74949 35719 68571 50458 13862 45685 48481 47558 17193 57108 80199 47145 39640 29560 49331 16539 51005 47210 122081 93033 38204 47205 45132 45685 51010 26240 33766 58589 63719 31254 46414 72306 89386 42356 76107 56936 12349 25359 53738 44710 69002 69166 82478 49156 12212 125801 74826 54039 39254 22648 72181 68854 55046 109530 46339 15345 11774 35613 46109 81844 77867 49671 39544 57671 65302 26049 36481 66096 72179 57536 87956 55635 101756 77770 96342 42621 33704 41350 36352 104542 38417 64917 31157 82934 9071 49919 49479 80862 28237 39099 83569 25214 31330 56691 61367 122081 74826 43867 33798 31844 39251 16539 29262 26240 77567 74949 39640 76107 49737 108990
40581 98993 69831 118797 56433 40916 87441 136922 120358 126755 84480 54372 32288 78124 55263 53800 53739 100281 60820 99300 109202 81781 91140 32271 34965 52410 92784 69647 110142 43731 107046 73093 117919 85672 0 100241 90023 67857 74016 81097 21588 73640 68626 61517 72932 87189 61599 100411 105119 87101 14073 69725 92155 25730 84493 119594 112753 85257 42250 76201 84364 128881 76009 46712 73875 65820 91452 131836 6040 69226 87462 77534 55775 85117 122234 60521 37645 7755 82148 63086 54263 123578 72366 83213 119348 44201 54070 59640 46698 13398 12363 65302 42768 135979 83772 69278 98544 94203 107775 122160 90651 61474 75745 40190 97136 49821 63873 76123 131016 18935 38344 23858 40955 81293 96092 82973 48746 90318 33871 72130 59229 97002 76529 62503 70863 132673 35709 105105 4444 70705 35107 134926 57427 75094 94867 114829 74295 18901 115573 135528 66562 66663 76610 128500 126508 51139 67567 46575 2421 88961 86002 109014 40581 37645 97136 118797 69831 78124 53800 85117 56433 83213 25730 42250 87462 42768 53739 120358
59833 32175 88444 43671 64138 93326 13185 40354 49742 61215 40353 113792 71952 32497 46325 83778 46877 40841 41328 2863 48477 93470 28802 72135 66538 56311 14655 39546 47059 93072 26915 31748 64440 60974 100241 0 78793 49138 40612 43157 83903 28520 60258 38924 141129 46089 46810 41707 12856 38320 89401 140119 32114 77931 26529 41405 16673 46262 63883 30800 125051 53637 51529 56628 104118 100103 45182 49468 94368 101147 21788 34772 44816 44448 39819 40308 136289 104732 25154 37679 47660 50180 27901 35256 70013 56091 48172 51271 56177 89390 110104 36945 64232 58799 48754 45244 7600 16373 8803 23165 32007 38980 67510 135605 18421 50442 90916 41936 33421 81900 62635 120024 79641 46419 57208 26851 88466 31521 72132 28247 88397 3772 28043 53698 34679 40510 67464 8808 99751 29866 130423 36000 137795 27546 28561 40461 31832 115197 46158 46610 83781 51154 60389 53716 50097 61369 44246 68896 97844 35906 29831 14387 59833 136289 18421 43671 88444 32497 83778 44448 64138 35256 77931 63883 21788 64232 46877 49742
72923 49667 25234 57253 36885 114563 70275 89770 126735 52508 38559 60732 62126 49238 59483 37541 63446 112255 57855 75986 42788 20057 50139 86343 65095 47877 64166 88412 121330 50865 60064 54864 39309 17837 90023 78793 0 37884 42390 36338 90788 77481 27430 64429 82293 32738 47096 112993 71215 40475 76289 83159 47126 86785 89858 60270 76677 32547 87061 52909 54523 61472 29890 56888 36401 38208 34344 69473 85176 36649 57467 46887 63449 34375 65146 62169 124308 97712 55861 62616 58607 57446 67678 44022 37222 70760 77803 44105 57779 77157 91353 58040 88282 67050 30163 40831 71520 62500 86760 85958 99717 64331 16874 129245 92540 67154 32168 39640 88041 75434 65286 113539 49071 32964 24661 53334 44064 99083 88545 66330 34666 75505 82065 38463 52965 80619 83173 75136 92998 72053 99948 93695 89430 59665 51213 55560 53319 108784 51354 78332 25527 98071 21475 60885 61356 94134 43546 45410 88199 42959 49163 73982 72923 124308 92540 57253 25234 49238 37541 34375 36885 44022 86785 87061 57467 88282 63446 126735
38479 32848 39865 51544 16008 81851 37497 75138 92449 59030 16976 65608 35603 16752 22357 35027 26387 76182 20022 46761 41350 46800 26650 53434 34797 15621 35562 50581 85828 45902 42720 18951 51315 23353 67857 49138 37884 0 8862 13319 60971 40284 12078 26550 92664 19431 9671 76858 46756 19868 54114 91942 26293 55774 53474 52781 54168 17513 51745 18568 76236 61205 9775 23468 55368 50989 23625 64965 61981 52150 28162 14667 26041 17264 56085 24321 105357 74642 24006 24742 21789 55910 30761 17520 53815 35476 40461 8685 24033 54610 73926 20279 52882 68286 16431 3929 43391 35313 57916 64478 63414 26452 21951 107830 58620 30713 41818 9213 70682 49582 33152 91346 34219 13534 30350 22690 40389 62789 55197 29435 39283 45395 45021 5832 16389 68714 49418 49061 69381 34692 90098 75702 91493 24020 30013 47767 18036 86253 47879 70072 34949 60242 16443 60799 59016 57511 5924 23840 65557 22206 22245 50544 38479 105357 58620 51544 39865 16752 35027 17264 16008 17520 55774 51745 28162 52882 26387 92449
40900 25186 47914 44782 24798 84066 29515 66620 85369 54277 11040 74470 41820 8118 23158 43878 26905 70001 18941 38156 36258 53854 18201 56189 39728 21837 26783 46939 79309 54673 34448 12478 48302 25678 74016 40612 42390 8862 0 8936 64959 35227 19711 24398 101518 16104 12523 70721 37895 13246 60632 100804 18397 59407 47494 45644 45324 14532 52940 10821 84476 55002 12528 27824 63552 59526 19462 57893 68034 60534 19354 5877 25904 13394 48566 22717 111656 80444 15479 22173 23177 49708 25377 9363 51644 37407 39667 14694 28111 61027 80926 17183 53972 62097 14961 5412 34642 26460 49349 55633 57383 24321 28089 113569 51254 31778 50330 3270 61994 55313 37335 97093 42631 11321 29243 13918 49239 56750 57643 24033 47994 36902 39730 14327 10811 60534 51811 40226 75151 29958 97970 66952 100237 17313 21738 40820 10960 91991 41768 62321 43181 57663 21421 54647 52524 57286 6451 32001 71656 14945 13531 41689 40900 111656 51254 44782 47914 8118 43878 13394 24798 9363 59407 52940 19354 53972 26905 85369
49584 20351 46327 38288 28154 92866 33940 63524 90401 46091 4005 76137 48814 13257 32008 45433 35805 76209 27876 40446 28220 50369 16032 64841 47514 28714 28551 55092 85088 57555 30900 20079 39476 18699 81097 43157 36338 13319 8936 0 73246 42783 19225 33213 102605 7171 20610 76969 37728 7082 67408 102217 14445 67812 54134 39651 44508 5630 61839 17310 82836 47887 9008 35789 61986 59028 10779 51775 75192 59541 21432 11089 34836 4491 43163 31612 118638 87794 19529 30944 31943 42591 32976 7902 42719 46174 48567 21525 36195 67889 87239 25945 62881 54971 6643 12088 36285 27355 51539 54669 63853 33140 24503 120981 56202 40645 49909 5763 59674 62681 45451 104492 46885 3375 20441 17005 51497 63218 66368 31667 48408 39676 47047 19003 19109 56441 60534 40914 82519 37816 103112 64961 103036 24283 18660 34577 18225 99394 34561 57278 42153 66148 17344 47483 45706 66204 14431 36868 78782 9827 13371 41169 49584 118638 56202 38288 46327 13257 45433 4491 28154 7902 67812 61839 21432 62881 35805 90401
25208 88457 75256 108723 54165 25291 71825 122561 99411 119223 75980 69370 28707 67048 42861 59107 40108 79405 48287 83397 101216 87227 80039 12041 26462 45720 78728 49795 89074 53396 94967 60679 112276 82324 21588 83903 90788 60971 64959 73246 0 55930 65504 46906 91411 80092 52645 79483 90607 78134 22190 88507 81781 6015 65223 108948 97941 78232 21737 64226 97375 119422 70359 37545 83197 75124 84019 120978 18272 78371 74567 67077 41906 77642 110877 46650 52793 22553 69462 48924 42352 114190 56756 73379 114706 29122 35908 52287 37073 21203 33943 52350 22009 126457 77392 61190 83424 80583 90707 106664 70461 46894 74665 51714 78315 35336 70668 67677 116199 17159 27843 36267 44819 74310 91147 70895 56164 70182 12926 56836 65694 81010 58079 56674 59045 119524 16498 89848 18763 54057 56692 119574 77640 61433 83718 104600 62254 31625 106411 123288 70905 45492 73482 119118 116666 29814 58849 45418 19935 79438 74959 94337 25208 52793 78315 108723 75256 67048 59107 77642 54165 73379 6015 21737 74567 22009 40108 99411
33166 45344 78601 63634 50440 65038 18494 68560 54412 78956 42438 96412 48818 29708 25105 69195 23548 36445 22594 28564 62350 86791 37429 43992 42276 38991 28172 13563 46521 75118 46833 22832 77586 60867 73640 28520 77481 40284 35227 42783 55930 0 52223 16660 123614 49048 32839 37051 37670 42399 64235 122003 40769 50044 14027 62521 44077 48087 35412 25515 113598 74662 47614 35262 93336 87570 50706 73077 67995 89454 28271 31715 21774 46431 62704 19079 108641 77440 25669 17142 26637 70101 9858 36912 82187 29829 20023 37284 34475 64040 84350 20341 35728 80978 49413 36865 29889 30823 34799 51668 23678 16763 62197 107489 24120 25298 78906 38221 61774 56198 38176 92189 60979 45901 62616 28463 72126 23082 43807 11197 75200 26159 4817 42066 24519 67405 39432 35673 72658 5669 105797 64520 117117 18560 39999 59635 24590 87476 63785 72576 73376 25827 56153 74558 71301 33188 34370 51331 71302 41617 34173 40867 33166 108641 24120 63634 78601 29708 69195 46431 50440 36912 50044 35412 28271 35728 23548 54412
45786 39342 28206 55537 12196 88249 49159 82659 104492 59461 23168 56970 37653 27812 32164 26355 36087 88242 31063 57745 43139 34722 35086 59776 39138 20734 46149 62001 97905 39048 50065 30973 49505 17126 68626 60258 27430 12078 19711 19225 65504 52223 0 37747 83381 21946 20119 88913 56462 26215 54555 82998 33669 60943 65528 57419 63500 20235 59805 30267 64794 63914 10414 29775 43861 40159 26168 69161 63107 40966 38710 25495 36200 21097 61377 35365 105276 75944 35176 36166 31229 58777 42796 26210 50723 43440 50466 16731 30615 55243 72774 32014 61012 70794 17770 15857 54036 45476 68953 73732 75466 37643 10646 108790 70584 39724 30971 18431 78899 51737 38694 92477 30165 17150 27648 33429 32671 74842 61846 41477 29207 56571 56989 11094 28461 75294 56304 59272 70850 46596 86418 84183 84199 36044 37876 52228 29941 87473 50907 75585 23547 71043 8073 63432 62291 66707 17974 22066 66499 29024 31616 60053 45786 105276 70584 55537 28206 27812 26355 21097 12196 26210 60943 59805 38710 61012 36087 104492
21797 43112 62738 63214 34257 62024 25952 75891 71066 75961 34351 79817 33484 22511 8507 52634 7973 52796 6695 37826 58163 71614 34498 36065 27671 22417 31856 24274 63001 58524 48376 15001 71800 49245 61517 38924 64429 26550 24398 33213 46906 16660 37747 0 107072 40285 17645 53353 43920 35481 50486 105527 36924 40913 30668 63002 51429 38843 30381 18752 97194 74211 35402 18935 77134 71140 43126 74749 55584 73130 27861 23499 5920 37540 64475 2517 98168 66421 22985 2370 10038 69151 11111 29943 75577 17885 15542 21623 18245 50467 71183 7291 31229 81073 39346 23917 37075 33677 46887 60662 40141 109 48218 98277 39946 11807 62613 27668 69733 43004 23723 82252 44402 35711 53626 24851 55467 39564 36838 10677 58760 35563 21332 26914 14538 72618 31310 43622 61312 11415 91666 73469 101148 14611 37980 59054 16904 77291 61799 76487 57464 33740 42990 73979 71191 33213 21069 34671 59106 35835 29758 47741 21797 98168 39946 63214 62738 22511 52634 37540 34257 29943 40913 30381 27861 31229 7973 71066
95936 122504 58834 136394 77060 113802 128540 165830 177651 134577 106528 27405 76684 109330 98567 57641 100191 158409 102021 138969 122372 62632 118400 97724 83913 85612 128159 126695 168800 48596 133351 109447 121560 92541 72932 141129 82293 92664 101518 102605 91411 123614 83381 107072 0 104325 94453 158825 139366 109552 69669 3788 117045 92701 137437 138862 146646 102897 105921 110398 33695 142579 93694 88383 45973 45020 108075 149627 73708 45865 120803 107324 101869 104075 143302 104787 82937 77974 116380 107079 97035 138034 117038 109371 119416 97447 109758 89905 89209 70550 62885 105712 106945 148667 100163 96385 135916 127977 149921 156934 146334 106973 80803 92088 146820 99583 53426 101188 162267 76979 87690 83963 62675 100344 103768 115314 52667 145813 100157 116053 54229 137357 128084 87604 106516 157987 98656 141715 77306 118483 49273 167565 20005 113982 121257 133725 109298 82113 130945 157360 61544 129194 87058 142016 141882 116065 97009 72848 73399 112382 114593 143094 95936 82937 146820 136394 58834 109330 57641 104075 77060 109371 92701 105921 120803 106945 100191 177651
56662 18478 46587 33635 32642 99987 38413 61563 94615 39607 6658 78481 54989 19348 39163 48145 42972 81355 35040 43270 22082 48896 17407 71894 54138 35050 31504 61682 89880 60993 29427 26682 32378 15007 87189 46089 32738 19431 16104 7171 80092 49048 21946 40285 104325 0 27554 82140 38801 7813 73352 104190 14535 74730 59716 35473 44834 1933 69005 23575 82511 42456 11890 42561 61953 59909 4359 47261 81349 60015 25115 17484 42006 2746 39480 38739 124595 94044 24518 37993 39070 37223 39357 12375 35548 53291 55691 28003 43020 73886 92812 33000 70049 49463 4212 18930 38783 29766 54025 54636 69251 40215 24069 127226 60604 47803 51023 12927 58429 69007 52256 110747 51411 5904 13611 21739 54588 68620 73457 38084 50204 42867 53129 24698 26008 53713 67625 42536 88790 44302 107830 63914 106055 30491 18776 30282 24750 105658 29241 53687 42989 72947 17318 42008 40595 73342 21446 41966 84909 10222 16821 41838 56662 124595 60604 33635 46587 19348 48145 2746 32642 12375 74730 69005 25115 70049 42972 94615
29227 37409 45781 57243 18115 72635 34087 77398 86498 66608 23410 67069 29532 17184 12689 37664 16719 69243 10952 44802 48634 54126 29786 44385 27206 10131 34876 41916 79195 46261 45977 15063 59907 33024 61599 46810 47096 9671 12523 20610 52645 32839 20119 17645 94453 27554 0 69866 47026 25761 48375 93355 30571 47204 46602 57995 54733 25743 42190 16658 81212 67522 19360 15314 60698 55338 31388 70238 55599 56990 28078 16149 16443 25035 60719 15247 99244 67950 22987 16176 12138 62230 24056 21615 62779 26038 30868 4668 15642 48725 68867 12545 43310 74616 25248 8641 42228 35394 55565 64909 56447 17540 30655 101058 53452 21074 46439 15047 72264 42833 24894 84586 32987 21917 39545 22820 41813 55838 46021 22840 43086 43050 37655 9318 12137 71993 40203 48467 62656 27172 86696 76901 91208 19539 33480 53246 15204 79485 54291 74252 40578 51010 25845 67169 65021 47841 6212 22168 59227 27425 24723 50969 29227 99244 53452 57243 45781 17184 37664 25035 18115 21615 47204 42190 28078 43310 16719 86498
63772 72392 115643 85358 87460 76757 43999 74627 19948 102918 75565 132013 82372 63812 61485 105958 59130 868 59588 44168 89462 123608 66759 68141 75236 75758 52943 32299 10018 110838 68573 58353 105488 95643 100411 41707 112993 76858 70721 76969 79483 37051 88913 53353 158825 82140 69866 0 54486 74586 94389 156925 70375 74702 23385 82996 56331 81638 58162 60085 150541 95100 83241 70903 130369 124490 82630 90092 95663 126444 57537 66132 57696 79831 81025 55850 130282 101992 57657 54119 62981 91836 46126 69827 110867 61670 49378 74333 70000 93915 112390 57333 57662 99855 83511 73230 48612 55554 39471 57615 13451 53461 98535 126667 23337 59258 115907 73361 67680 86040 71306 113705 96742 80304 95028 60405 108457 14072 66669 47439 112111 43053 32236 79042 60589 78423 64918 50089 98156 42708 134993 67309 150436 53411 67840 82165 59762 109778 87799 85443 110424 34078 92113 95214 91566 49802 70942 87728 98365 72921 65511 55266 63772 130282 23337 85358 115643 63812 105958 79831 87460 69827 74702 58162 57537 57662 59130 19948
65682 22070 84053 30875 62638 102526 19352 31977 61187 48528 34209 112364 74921 30380 49920 81734 51448 53619 44433 10778 36843 87574 21787 79283 70428 57101 12423 50127 59411 92419 14556 32723 52567 53750 105119 12856 71215 46756 37895 37728 90607 37670 56462 43920 139366 38801 47026 54486 0 31567 93245 138693 24271 84593 38638 28553 7750 39451 71931 30399 120551 40784 46679 59405 99714 96592 36881 36906 99120 97224 18986 32183 49445 37781 27052 44653 142055 110287 24057 42142 51021 37353 33932 30262 58274 61786 55886 50974 59160 93374 114082 39909 72453 46036 42185 43153 7808 11647 17192 17895 44784 43948 62062 142157 31258 55722 87420 38226 25899 86324 66820 126172 79801 40629 48044 24410 87123 44283 79641 33777 85533 12667 38417 52081 35392 29746 74518 4664 105139 37347 133245 30065 137864 30050 20046 27801 32020 121211 33666 35046 79802 62193 54929 40861 37245 70820 42974 68977 102698 28789 24859 3963 65682 142055 31258 30875 84053 30380 81734 37781 62638 30262 84593 71931 18986 72453 51448 61187
53809 13273 52790 31786 35154 96660 30724 56467 86822 41212 3077 83171 54837 13224 35864 52487 39379 73792 31083 35512 23181 56022 9843 69100 52965 34732 23709 55406 82194 64633 23854 20921 36341 22668 87101 38320 40475 19868 13246 7082 78134 42399 26215 35481 109552 7813 25761 74586 31567 0 73580 109208 7567 72530 52418 32920 38008 7996 65241 17414 89118 41807 15858 41069 68366 65731 8319 45122 81143 66111 17336 11983 38120 6244 36253 34293 124719 93617 17180 33121 36063 36507 32954 5641 40342 50198 51023 27499 41356 74014 93655 28263 66210 48906 10649 17843 31073 22043 46347 48051 61822 35426 30551 126765 52854 44345 56665 10996 52717 68478 50572 110283 53825 9290 20541 14340 58576 61195 70443 31747 55329 35067 46255 25675 20945 49366 64627 35090 88327 37988 109933 58052 110118 24022 11885 27937 18932 105181 28540 50312 48805 67017 23464 41441 39413 68685 19614 43658 84756 2861 9097 34814 53809 124719 52854 31786 52790 13224 52487 6244 35154 5641 72530 65241 17336 66210 39379 86822
31364 85756 57086 105349 42361 46677 76349 124768 114175 112862 70885 47195 18842 65236 43408 40827 42524 94148 48824 88211 95407 69139 78118 28393 22911 38852 80831 62474 104341 32472 94203 60752 103882 71599 14073 89401 76289 54114 60632 67408 22190 64235 54555 50486 69669 73352 48375 94389 93245 73580 0 66918 78924 23042 76278 106276 100957 71420 37443 63644 75639 115274 62057 34007 62810 54675 77642 118525 8894 58031 75088 64470 44586 71344 109091 49145 51249 21542 69764 51768 42243 109973 61568 69922 105278 34428 45795 46082 34151 1056 20838 53354 38307 122366 69862 55738 87036 82044 97328 110639 83471 50427 61747 54244 88249 39275 51563 62585 119100 8352 26766 37931 27350 67469 82044 70354 36472 83067 30709 61157 46736 85993 67675 48655 58341 120054 30164 93600 16710 60603 41567 123250 57279 63234 81828 101432 61792 32956 101951 122590 53454 61871 62536 114879 112983 47390 54186 32502 12014 75547 73012 97183 31364 51249 88249 105349 57086 65236 40827 71344 42361 69922 23042 37443 75088 38307 42524 114175
93781 122248 59238 136566 76196 110628 127428 165594 175879 135242 106166 26362 74637 108533 97021 56988 98515 156525 100626 138009 122654 63724 117909 95102 81846 84321 127341 124727 166917 47237 133047 108391 122333 92773 69725 140119 83159 91942 100804 102217 88507 122003 82998 105527 3788 104190 93355 156925 138693 109208 66918 0 116662 89960 135758 138965 146040 102716 103456 109462 36203 142998 93363 86742 47046 45443 108018 149880 70679 46556 120023 106574 100233 103842 143343 103278 79160 74614 115510 105612 95491 138381 115642 108833 120357 95411 107736 88851 87544 67777 59480 104406 104460 149177 100008 95611 135055 127240 148897 156341 144546 105430 80899 88324 145370 97740 53537 100594 161889 74374 85680 80325 61198 100050 104128 114529 51703 144033 97510 114686 53992 136350 126421 86766 105458 157898 96169 140934 74075 116942 45510 167139 16221 112849 120840 133808 108308 78543 131188 157449 61657 126927 86991 142440 142209 113591 96125 71553 70259 112022 113992 142455 93781 79160 145370 136566 59238 108533 56988 103842 76196 108833 89960 103456 120023 104460 98515 175879
56909 6839 60345 26961 42040 98894 26454 49161 81404 39151 10527 90566 60086 14784 38959 59844 42065 69554 33695 29258 21740 63342 3620 72063 57508 40213 17911 54215 77436 71750 16550 21929 36834 29517 92155 32114 47126 26293 18397 14445 81781 40769 33669 36924 117045 14535 30571 70375 24271 7567 78924 116662 0 76009 49143 27464 30498 15218 67264 18178 96629 37670 23373 45580 75905 73296 13074 39691 86145 73675 13075 14772 40537 13611 30185 36218 129796 98398 15221 34572 39430 32480 32088 9036 41589 53131 52218 33091 45727 79289 99300 30124 68140 44682 17986 23623 24627 15770 39727 40498 58086 36889 38050 131412 47904 47036 64224 17085 45229 73335 54749 114974 60506 16856 25183 12608 65822 57473 73182 31056 62836 29148 44084 32113 22940 42428 67443 28027 93106 37107 116265 50528 117308 23530 4332 22867 20069 109879 24918 43936 56372 66245 30996 37385 34887 69643 24787 50094 89776 4706 7178 27379 56909 129796 47904 26961 60345 14784 59844 13611 42040 9036 76009 67264 13075 68140 42065 81404
19268 82654 72499 102927 49955 27984 65817 116546 94650 113683 70443 69506 25219 61251 37054 56596 34200 74583 42431 77404 95659 84341 74203 6583 21821 40771 72723 44388 84415 52218 89035 54784 107007 77567 25730 77931 86785 55774 59407 67812 6015 50044 60943 40913 92701 74730 47204 74702 84593 72530 23042 89960 76009 0 59656 103103 91927 72890 16570 58355 96544 113670 65286 32307 81385 73408 78591 115104 21383 76567 68611 61344 35970 72237 104976 40695 58606 27840 63527 42947 36607 108452 50743 67690 109582 23170 30024 47110 31761 22191 37872 46440 17043 120691 72152 55801 77411 74589 84796 100665 65231 40901 70415 57707 72655 29388 68332 62191 110187 16213 22649 42154 42361 68997 86062 64999 54284 64928 8211 50822 63354 75019 52311 51710 53207 113529 10654 83839 23565 48075 60631 113573 79938 55456 77870 98797 56385 37436 100709 117327 67937 40944 68836 113373 110881 25524 53386 41681 23759 73763 69140 88322 19268 58606 72655 102927 72499 61251 56596 72237 49955 67690 0 16570 68611 17043 34200 94650
44914 52306 92375 68167 64379 69716 23011 66083 40400 84863 53071 110302 61986 40887 39068 83218 37249 22718 36586 27956 69671 100226 45554 53207 55166 53018 33057 15749 32596 89016 50903 35062 85507 72704 84493 26529 89858 53474 47494 54134 65223 14027 65528 30668 137437 59716 46602 23385 38638 52418 76278 135758 49143 59656 0 66405 43190 59047 43620 37000 127573 78773 60021 49056 107239 101559 60653 75534 79130 103406 36068 43145 35582 57280 65537 33102 117879 87484 35250 31151 40596 74767 22746 47341 90561 42045 30580 51124 48230 75976 95772 34057 43571 84451 60745 49859 31246 35851 29417 48398 9942 30773 75185 115796 13376 38358 92852 50229 58981 68037 51085 101234 74870 57421 72959 38081 86131 9316 52449 24055 89195 25974 9369 55719 37231 67002 49079 35208 83011 19571 117749 60568 130435 30193 47285 64490 36543 96770 69490 73133 87179 25531 68831 78773 75268 38303 47557 65334 82242 51063 43507 40816 44914 117879 13376 68167 92375 40887 83218 57280 64379 47341 59656 43620 36068 43571 37249 40400
83883 20640 80217 3476 67692 124834 44508 30054 88234 20782 35823 113620 87457 41958 66093 83546 68944 82129 60671 39181 17519 79700 28910 98842 84970 67460 34400 75900 87494 96465 15728 48389 28727 46425 119594 41405 60270 52781 45644 39651 108948 62521 57419 63002 138862 35473 57995 82996 28553 32920 106276 138965 27464 103103 66405 0 27758 37209 93261 44761 114347 12368 47232 73043 94750 93948 31305 12249 113590 93566 35475 42203 67270 36556 4975 62704 157238 125862 40035 60740 66674 8951 55841 36382 34536 80033 77593 60260 73183 106666 126510 56753 94030 18464 39660 50638 35262 31704 44449 32415 73208 62986 58072 158866 59809 73851 85453 43839 30002 100793 82168 142434 86479 40641 35913 38222 90046 72689 99780 55138 85179 40758 64479 58572 49902 20461 94143 32910 120570 60416 142763 35525 141450 48588 25233 5198 46729 137340 9308 18501 77329 88211 52133 12380 8874 94336 52090 76512 117220 30760 34013 27917 83883 157238 59809 3476 80217 41958 83546 36556 67692 36382 103103 93261 35475 94030 68944 88234
73133 27013 90770 30674 70113 109111 26246 24674 60476 48490 40815 119741 82663 37972 57603 89055 59042 55468 52135 15705 39421 93729 28478 86498 78120 64822 20162 55920 60054 99949 17255 40473 54422 59568 112753 16673 76677 54168 45324 44508 97941 44077 63500 51429 146646 44834 54733 56331 7750 38008 100957 146040 30498 91927 43190 27758 0 45684 78883 38126 127123 39255 53511 67143 106371 103526 42435 33762 106763 104038 26664 39694 57025 44108 24994 52248 149597 117842 31785 49712 58722 36694 41187 37317 60261 69253 62888 58634 66891 101078 121795 47607 79352 43583 48469 50637 14538 19339 16992 10310 48069 51461 68546 149564 33851 63236 94387 45459 18304 93989 74485 133644 87444 47237 52807 32039 94557 47633 86765 41126 92665 18039 44271 59583 43140 23843 81746 8410 112713 44298 140996 22320 145444 37735 26169 28438 39762 128703 34640 30015 86660 67713 61472 39442 35776 77249 50568 76630 110333 35165 32055 3788 73133 149597 33851 30674 90770 37972 89055 44108 70113 37317 91927 78883 26664 79352 59042 60476
54896 19697 45404 35437 30770 98248 38101 62941 94447 41533 6118 76931 53060 18394 37478 46510 41319 80861 33465 43466 24011 48129 17819 70110 52242 33133 31623 60568 89516 59264 30636 25536 34165 14715 85257 46262 32547 17513 14532 5630 78232 48087 20235 38843 102897 1933 25743 81638 39451 7996 71420 102716 15218 72890 59047 37209 45684 0 67339 22573 81501 44350 10057 40693 60858 58616 6269 49057 79418 58807 24986 16398 40399 1841 41144 37234 122662 92116 23982 36574 37349 39109 38334 11821 37211 51556 54189 26102 41164 71953 90888 31574 68394 51366 2806 17107 39057 30026 54338 55589 68658 38771 22951 125296 60352 46122 49672 11304 59658 67084 50392 108818 49551 3980 14828 21265 52902 68025 71694 37043 48724 42958 52251 22765 24697 55230 65864 43056 86863 43233 105966 65107 104406 29532 19529 32027 23637 103730 31116 55353 41678 71715 16038 43907 42458 71817 19673 40058 82978 10674 16663 42597 54896 122662 60352 35437 45404 18394 46510 1841 30770 11821 72890 67339 24986 68394 41319 94447
14251 73493 77269 93565 50885 31643 52660 103539 78108 106168 63703 81061 31518 52672 29869 62651 26035 58031 34177 63722 88255 88418 64878 9991 25010 39185 60763 28082 67916 61682 78332 45340 101219 74949 42250 63883 87061 51745 52940 61839 21737 35412 59805 30381 105921 69005 42190 58162 71931 65241 37443 103456 67264 16570 43620 93261 78883 67339 0 49088 105705 104581 61511 30195 88488 80936 72359 104855 37593 83798 57875 53362 27134 66321 94509 31093 74259 44240 53237 32711 30117 99530 38222 59880 104546 16401 16055 43737 29287 36797 54269 37200 1256 111420 67225 50615 64389 62961 70092 86971 48741 30409 70196 72395 56828 21231 74410 56078 96902 29349 22949 57617 49385 63736 81628 55215 62064 48455 8846 38633 69592 61309 36958 49168 44515 101486 7316 70571 40117 34601 76954 99859 94676 44677 68346 89406 47198 53162 92163 105946 72230 24632 67004 104353 101536 10146 47838 44985 40210 65900 60114 75450 14251 74259 56828 93565 77269 52672 62651 66321 50885 59880 16570 0 57875 1256 26035 78108
39122 24496 58369 44728 33357 80723 18936 61228 74548 57228 17027 83109 44995 4249 21448 52980 24183 59350 15943 28573 39505 64645 15922 54120 41237 26703 18221 38149 68552 62614 30974 3752 53618 35719 76201 30800 52909 18568 10821 17310 64226 25515 30267 18752 110398 23575 16658 60085 30399 17414 63644 109462 18178 58355 37000 44761 38126 22573 49088 0 94800 55640 23222 29640 73919 69512 25562 56752 70162 70716 11559 6221 22532 20931 46680 18081 113661 81979 6342 16396 22176 50522 15782 11777 57747 35273 34132 20802 29552 63870 84406 12030 49961 62572 23953 14639 25678 18800 39603 48267 46821 18715 38910 114669 40446 29100 60358 13278 55845 57267 38025 98346 49592 20509 37176 6784 57765 46186 55142 14512 57667 27032 29737 22899 5340 56480 49449 31833 76721 20741 102997 60361 107789 6975 19538 40575 1971 93283 43078 59474 53502 49625 32198 55386 52708 51675 13446 38758 73788 17311 11029 34351 39122 113661 40446 44728 58369 4249 52980 20931 33357 11777 58355 49088 11559 49961 24183 74548
92911 100938 36627 111474 63214 122300 113733 143195 167694 106654 86366 30543 74188 92591 89211 44794 91985 149974 91005 122527 97027 34666 98783 99809 80915 74822 110856 120101 160118 44388 111849 94950 93229 68571 84364 125051 54523 76236 84476 82836 97375 113598 64794 97194 33695 82511 81212 150541 120551 89118 75639 36203 96629 96544 127573 114347 127123 81501 105705 94800 0 115985 73953 80704 20935 26057 85535 123956 82668 24226 103441 90287 93170 83029 119120 94692 105822 91259 99955 96463 87754 111955 105254 90485 90207 93071 104495 76588 81693 76686 78129 93665 106906 121439 78701 80164 118731 110009 133735 137089 137262 97085 58579 113856 134492 93081 34772 83159 140708 80499 83766 102089 56468 79938 78435 98214 43773 136671 102401 104050 38435 121363 118384 72548 92179 134445 99115 123709 88703 108003 73204 146269 49314 99948 100961 109451 94224 98848 105659 132631 41309 125687 65658 115397 115865 115438 81687 63433 83846 91958 96000 123913 92911 105822 134492 111474 36627 92591 44794 83029 63214 90485 96544 105705 103441 106906 91985 167694
94578 31143 83771 11095 75083 136215 56793 35110 99528 12048 44404 118411 96599 52450 76626 89239 79712 94232 71353 51477 20836 81472 39737 109708 94718 76476 46630 88101 99285 102646 28019 59352 24315 50458 128881 53637 61472 61205 55002 47887 119422 74662 63914 74211 142579 42456 67522 95100 40784 41807 115274 142998 37670 113670 78773 12368 39255 44350 104581 55640 115985 0 54307 82792 97371 97584 38097 9471 122936 96784 47167 52346 78142 44138 14273 73715 166475 135424 51419 71901 77074 5303 67651 46117 29349 90790 89117 69243 83029 115738 135095 67666 105397 7099 46396 59604 47617 43899 56186 42245 85519 74187 62621 168567 72003 84673 89610 52762 37341 110285 92177 152087 93814 48158 38890 49366 95970 85005 110778 66879 89992 53097 76744 66823 60579 25199 105066 45036 130134 72337 150226 42289 146762 60039 36235 15221 57582 146985 13326 19605 81557 100415 57579 599 3540 106101 61412 84398 126544 40135 44653 39857 94578 166475 72003 11095 83771 52450 89239 44138 75083 46117 113670 104581 47167 105397 79712 99528
48236 28930 37387 45493 20776 91581 41417 72259 97648 50846 12847 67376 44048 19877 31989 36766 36007 82517 29147 48889 33760 42004 25034 63129 44000 24672 37065 58888 91774 49295 39683 24985 42186 13862 76009 51529 29890 9775 12528 9008 70359 47614 10414 35402 93694 11890 19360 83241 46679 15858 62057 93363 23373 65286 60021 47232 53511 10057 61511 23222 73953 54307 0 33016 53068 50021 16231 59112 70259 50554 29746 17473 35527 10734 51083 33350 113225 83038 26992 33389 31498 49091 37796 16535 44350 45251 49887 18232 33639 62640 81195 28588 62643 61288 7940 11499 44895 36078 60059 63676 69910 35311 16026 116158 63461 40434 40903 10016 68574 58194 42637 99715 39525 6739 20788 24820 43024 69277 64927 36448 39472 47947 52178 13780 23095 64888 59161 49756 77826 42234 95945 73898 94575 29839 27632 42059 23485 94647 41123 65283 33152 69116 9037 53851 52484 67116 14375 30235 73773 18693 22056 50156 48236 113225 63461 45493 37387 19877 36766 10734 20776 16535 65286 61511 29746 62643 36007 97648
16039 52406 48633 72420 20909 58777 43444 90780 89341 81864 38715 61271 15524 31411 10550 35955 11829 70425 15313 55134 63919 59108 44440 30253 11938 9045 46983 39514 80777 40008 60348 26774 74739 45685 46712 56628 56888 23468 27824 35789 37545 35262 29775 18935 88383 42561 15314 70903 59405 41069 34007 86742 45580 32307 49056 73043 67143 40693 30195 29640 80704 82792 33016 0 61581 54807 46537 85262 40679 57203 41086 30871 13492 40143 75556 16878 84304 52820 35763 19405 9088 77506 29657 36752 77276 14097 23962 14807 1016 34230 54796 19777 31425 89882 39863 23703 53510 48090 64985 76987 58091 18844 40039 85851 58875 12415 47011 30331 85193 27809 9702 69400 25872 36766 53771 36368 37661 57551 32200 28921 42613 53043 39700 19640 24334 86090 26570 60034 47529 30300 74009 89462 82229 29586 48169 68385 27784 64303 69585 88818 43400 45367 37280 82447 80244 37913 21508 17274 44313 42663 39297 63359 16039 84304 58875 72420 48633 31411 35955 40143 20909 36752 32307 30195 41086 31425 11829 89341
75003 80426 15700 92028 42911 108484 92855 123081 147177 88860 65569 27865 57323 71664 69402 25926 72425 129776 70784 101592 77700 16680 77970 83729 63479 54962 89926 100540 139830 30371 91368 74157 75710 48481 73875 104118 36401 55368 63552 61986 83197 93336 43861 77134 45973 61953 60698 130369 99714 68366 62810 47046 75905 81385 107239 94750 106371 60858 88488 73919 20935 97371 53068 61581 0 8135 65160 104891 70910 4827 82508 69356 73456 62337 99417 74619 101475 81383 79028 76254 67993 93050 84749 69591 73449 74673 85540 56125 62590 63859 70439 73217 89725 103216 58053 59293 97804 89100 112800 116399 117013 77025 37908 108342 113773 73989 14604 62225 120326 66038 65845 94598 39351 59141 58985 77279 27103 116414 86300 83519 19045 100432 98143 51855 71417 114574 82369 102819 77895 87701 71838 125845 55182 79178 80237 89742 73382 90634 86347 113182 20419 106925 44910 96795 96943 97829 60885 44436 72834 71217 75100 103117 75003 101475 113773 92028 15700 71664 25926 62337 42911 69591 81385 88488 82508 89725 72425 147177
67656 78313 13816 91425 37262 100405 88376 121449 141745 89845 62803 22825 49602 67622 63160 18854 65973 123926 64978 97678 77356 20381 75050 75900 55941 48764 86228 94105 134084 22245 89249 69399 77053 47558 65820 100103 38208 50989 59526 59028 75124 87570 40159 71140 45020 59909 55338 124490 96592 65731 54675 45443 73296 73408 101559 93948 103526 58616 80936 69512 26057 97584 50021 54807 8135 0 63462 104615 62791 3408 78780 65396 67131 59941 98454 68640 94138 73359 74950 70430 61707 93016 79335 66330 75377 67529 78697 50690 55805 55724 62705 67725 82164 103735 55831 54904 94111 85627 108863 113696 111224 71031 36019 100781 108745 67213 9200 58559 118268 57965 58482 86794 31612 56441 58750 73418 19148 110635 78478 78150 12379 96370 92349 46902 66573 113318 74681 99428 69813 81988 65378 123693 51324 74337 77597 88837 68798 82753 85939 112449 16943 99997 42596 97023 96862 90412 56205 37541 64747 68591 71767 100138 67656 94138 108745 91425 13816 67622 18854 59941 37262 66330 73408 80936 78780 82164 65973 141745
60313 15542 49980 29370 36996 103528 38656 58017 94321 35426 8776 82438 59222 21324 42619 52243 46338 81826 38233 42328 17766 51532 16436 75585 58205 39221 30853 63659 90040 65206 26348 28942 28860 17193 91452 45182 34344 23625 19462 10779 84019 50706 26168 43126 108075 4359 31388 82630 36881 8319 77642 108018 13074 78591 60653 31305 42435 6269 72359 25562 85535 38097 16231 46537 65160 63462 0 42995 85595 63424 25134 19791 45257 6405 35430 41742 128890 98267 25457 40793 42624 32867 41215 13833 32451 56859 58635 32113 46958 78166 97153 35843 73375 45103 8406 22837 37701 28821 52763 51974 69981 43063 27464 131454 60581 51232 54687 16458 55186 73202 56212 114971 55757 10176 12402 22608 58747 69355 77081 39992 54074 42165 54574 28990 28646 49914 71247 40876 93006 46236 112177 60736 110152 32282 16948 26108 26964 109879 24892 49620 46603 75184 21027 37649 36255 76314 25209 46323 89163 9715 17170 39654 60313 128890 60581 29370 49980 21324 52243 6405 36996 13833 78591 72359 25134 73375 46338 94321
95855 32857 90813 13626 79709 136332 54707 25853 92967 21510 47992 124845 99706 54089 78155 95080 80911 89230 72692 47657 27263 89321 41004 110716 97182 79705 44957 86212 93515 108187 26573 60328 33536 57108 131836 49468 69473 64965 57893 51775 120978 73077 69161 74749 149627 47261 70238 90092 36906 45122 118525 149880 39691 115104 75534 12249 33762 49057 104855 56752 123956 9471 59112 85262 104891 104615 42995 0 125830 104022 46983 54403 79194 48522 10407 74570 169480 138082 51770 72526 78775 12089 67051 48628 38731 91985 89043 72502 85389 118915 138746 68685 105583 10246 51398 62874 44373 42419 50684 34888 81446 74738 69063 171061 67456 85784 96352 56066 28716 113025 94341 154639 98509 52612 45949 50120 101673 80973 111581 66442 96369 49562 74604 70740 61952 16114 105994 40666 132791 71436 154854 33360 152909 60217 37295 17202 58724 149547 18692 10134 88241 98465 63476 10023 8221 105468 64339 88642 129461 43001 46135 35154 95855 169480 67456 13626 90813 54089 95080 48522 79709 48628 115104 104855 46983 105583 80911 92967
34857 92983 65812 112816 50937 40473 81524 130905 115592 120938 78543 53297 26382 72089 49244 49600 47773 95500 54797 93391 103331 77843 85111 27734 28925 46486 86776 64507 105475 40551 101008 67058 112263 80199 6040 94368 85176 61981 68034 75192 18272 67995 63107 55584 73708 81349 55599 95663 99120 81143 8894 70679 86145 21383 79130 113590 106763 79418 37593 70162 82668 122936 70259 40679 70910 62791 85595 125830 0 66177 81427 71511 49815 79245 116211 54548 43651 12837 76112 57121 48235 117633 66477 77214 113803 38403 48605 53707 40660 8024 16755 59283 38220 130035 77980 63333 92580 88180 101971 116203 85561 55538 70535 45902 91636 43929 60139 70174 125018 12895 32324 29460 36238 75448 90467 76933 45000 85209 29592 66217 55368 91102 71004 56685 64823 126634 30756 99144 7835 64924 39362 128953 59400 69086 88839 108839 68256 24407 109634 129491 62274 62187 71129 122558 120541 46895 61588 41120 3635 82979 79971 103020 34857 43651 91636 112816 65812 72089 49600 79245 50937 77214 21383 37593 81427 38220 47773 115592
70390 78478 13444 90957 39027 103659 89630 121439 143481 88726 63236 25205 52569 68651 65274 21366 68201 125865 66867 98673 76765 17972 75571 78946 58789 50841 87115 96337 135973 25626 89429 70771 75777 47145 69226 101147 36649 52150 60534 59541 78371 89454 40966 73130 45865 60015 56990 126444 97224 66111 58031 46556 73675 76567 103406 93566 104038 58807 83798 70716 24226 96784 50554 57203 4827 3408 63424 104022 66177 0 79675 66383 69293 60203 98144 70621 97419 76767 76004 72333 63843 92313 81038 66994 73871 70143 81144 52373 58209 59079 66078 69457 85032 102815 56007 56078 95002 86410 109876 114151 113129 73022 35975 104119 110274 69619 10557 59397 118442 61212 61222 90181 34585 56832 58080 74368 22283 112535 81519 79829 14591 97433 94249 48336 67984 113143 77630 100184 73214 83842 68382 123911 53354 75754 77995 88494 70085 86152 85384 112052 17439 102497 42773 96216 96182 93192 57522 39989 68147 68971 72472 100708 70390 97419 110274 90957 13444 68651 21366 60203 39027 66994 76567 83798 79675 85032 68201 143481
49359 17074 66814 36072 43848 89391 13538 49705 69501 50718 18914 93667 56506 11495 32317 63178 34527 56727 26729 19146 34175 71686 9498 63921 52523 38184 7448 41828 64922 73521 20520 14372 49704 39640 87462 21788 57467 28162 19354 21432 74567 28271 38710 27861 120803 25115 28078 57537 18986 17336 75088 120023 13075 68611 36068 35475 26664 24986 57875 11559 103441 47167 29746 41086 82508 78780 25134 46983 81427 79675 0 13497 32671 23146 36657 27918 124797 93054 5325 25708 33222 42347 20498 13545 54595 45446 42125 31988 40945 75289 95881 22367 58612 53814 27305 24419 15332 7340 30334 36881 45074 27857 45722 125519 35525 39231 69580 20289 44287 68544 49157 109286 60817 24740 37533 5494 68361 44457 64684 19712 67341 18253 31259 33272 16770 45274 59170 20914 87824 25281 114556 48835 118908 13262 11730 31958 13325 104250 35653 48723 62256 54034 38605 47000 43963 58937 24040 49991 85043 15421 8324 22910 49359 124797 35525 36072 66814 11495 63178 23146 43848 13545 68611 57875 0 58612 34527 69501
42353 21565 53697 41724 30456 84867 23983 61524 80184 52858 11075 80226 45635 2405 24354 49691 27669 65387 19302 32294 34899 59318 13650 57590 42780 26136 20913 44202 74461 60256 29831 9210 48309 29560 77534 34772 46887 14667 5877 11089 67077 31715 25495 23499 107324 17484 16149 66132 32183 11983 64470 106574 14772 61344 43145 42203 39694 16398 53362 6221 90287 52346 17473 30871 69356 65396 19791 54403 71511 66383 13497 0 26299 14799 44701 22339 115156 83685 9700 21140 24737 47113 21938 6518 52192 38641 39041 19339 30986 64793 85011 16287 54311 59390 17731 10974 28767 20667 43493 49994 52925 23443 33406 116663 45989 32653 56199 7467 56665 58666 39978 100236 47902 14301 31094 8043 54952 52290 58823 20645 53868 31077 35959 19899 8962 55871 53036 34395 78396 26840 102683 61514 105761 13195 17360 37639 7267 95144 39375 58123 49009 55502 26509 52040 49631 56707 11012 37153 75145 12572 8575 36020 42353 115156 45989 41724 53697 2405 49691 14799 30456 6518 61344 53362 13497 54311 27669 80184
16703 47006 59542 67257 30944 58569 31795 81371 75914 79157 36576 74721 27617 25785 4161 48414 2062 57189 7043 43669 61193 69034 38453 31587 21753 18507 37230 27102 67500 53439 53066 18881 74113 49331 55775 44816 63449 26041 25904 34836 41906 21774 36200 5920 101869 42006 16443 57696 49445 38120 44586 100233 40537 35970 35582 67270 57025 40399 27134 22532 93170 78142 35527 13492 73456 67131 45257 79194 49815 69293 32671 26299 0 39297 69025 4809 92617 60845 27558 7315 5472 72994 17031 32813 77547 12804 14427 19504 12703 44579 65307 10517 28128 85094 40497 24163 42769 38886 52806 66388 44729 5854 46835 92962 45520 6591 58863 29097 75315 37168 17820 76833 39292 36931 54924 29075 50768 44177 32647 16572 54781 41426 26219 25112 17602 77783 26925 49331 55695 16933 85746 79154 95509 19644 42065 63105 20575 71838 65439 81393 54247 34933 42283 77877 75235 31638 21292 30036 53359 38868 33489 53306 16703 92617 45520 67257 59542 25785 48414 39297 30944 32813 35970 27134 32671 28128 2062 75914
54065 18432 46827 34931 31190 97356 36266 61760 92606 41825 4284 77969 52866 16724 36497 47443 40286 79054 32320 41657 24086 49795 16086 69316 51800 32836 29804 59000 87689 60027 29328 23982 34987 16539 85117 44448 34375 17264 13394 4491 77642 46431 21097 37540 104075 2746 25035 79831 37781 6244 71344 103842 13611 72237 57280 36556 44108 1841 66321 20931 83029 44138 10734 40143 62337 59941 6405 48522 79245 60203 23146 14799 39297 0 40355 36000 122593 91899 22175 35248 36433 38866 36710 10006 38250 50663 52951 25712 40574 71854 90977 30254 67359 51190 4408 16452 37264 28234 52550 54068 66871 37470 24452 125088 58513 45133 50948 10252 58336 66820 49824 108602 49991 4090 16306 19445 53750 66239 70852 35428 49864 41132 50558 22727 23268 54212 65019 41333 86634 41635 106370 63752 105293 27871 17939 31401 22061 103508 30843 54551 42998 70227 17444 43711 42121 70605 18882 40294 82820 8993 14823 40975 54065 122593 58513 34931 46827 16724 47443 0 31190 10006 72237 66321 23146 67359 40286 92606
85712 23380 84763 8361 71308 125957 44376 25081 85273 24469 39244 117862 90250 44216 68123 87625 70776 80159 62619 37828 22449 84493 31130 100491 87437 70396 34564 75888 85043 100378 16187 50197 33425 51005 122234 39819 65146 56085 48566 43163 110877 62704 61377 64475 143302 39480 60719 81025 27052 36253 109091 143343 30185 104976 65537 4975 24994 41144 94509 46680 119120 14273 51083 75556 99417 98454 35430 10407 116211 98144 36657 44701 69025 40355 0 64363 159855 128341 41524 62274 68797 12459 56651 39215 39184 81827 78668 63254 75638 109444 129485 58536 95226 18986 43689 53711 34297 32014 41952 28440 71815 64467 62501 161223 58065 75616 89877 47000 25234 103361 84484 144838 90046 44411 40703 39982 94047 71321 101314 56052 89467 39616 64311 61908 51934 15511 95756 31094 123058 61029 146178 30696 145535 49910 27399 9678 48649 139755 14278 14209 81758 88158 56398 14486 10837 95061 54971 79906 119845 33895 36278 25765 85712 159855 58065 8361 84763 44216 87625 40355 71308 39215 104976 94509 36657 95226 70776 85273
21443 42573 60224 62778 31739 62692 27208 76568 73491 75078 32984 77502 31763 21579 6333 50158 6795 55289 4319 39066 57188 69135 33982 36149 26248 19939 32423 26711 65482 56215 48357 14364 70522 47210 60521 40308 62169 24321 22717 31612 46650 19079 35365 2517 104787 38739 15247 55850 44653 34293 49145 103278 36218 40695 33102 62704 52248 37234 31093 18081 94692 73715 33350 16878 74619 68640 41742 74570 54548 70621 27918 22339 4809 36000 64363 0 97417 65644 22853 2629 7835 68603 12814 28844 74166 17528 16955 19143 16254 49172 69917 6108 32010 80632 37601 21851 38037 34079 48438 61664 42618 2408 45874 97767 42119 11315 60101 25978 70532 41849 22409 81642 42113 33979 51954 24482 53061 42039 37091 12174 56261 36856 23785 24479 13432 72985 31440 44604 60487 13719 90133 74406 99098 14840 37548 58621 16156 76647 61134 76639 54949 35921 40762 73464 70760 34606 18978 32272 58103 34829 29102 48523 21443 97417 42119 62778 60224 21579 50158 36000 31739 28844 40695 31093 27918 32010 6795 73491
76562 136634 101621 156436 93124 56526 123838 173986 149915 164065 122072 75943 69883 115702 92490 86854 90627 130325 98076 135594 146655 112869 128744 64826 72470 90001 129832 102291 139362 74300 144578 110460 154774 122081 37645 136289 124308 105357 111656 118638 52793 108641 105276 98168 82937 124595 99244 130282 142055 124719 51249 79160 129796 58606 117879 157238 149597 122662 74259 113661 105822 166475 113225 84304 101475 94138 128890 169480 43651 97419 124797 115156 92617 122593 159855 97417 0 31776 119505 99913 91580 161172 108682 120858 155846 80398 88627 97236 84253 50749 32977 102499 74340 173571 121069 106884 135215 131386 143352 158724 122513 98136 111424 9689 131054 86362 94900 113733 167899 56496 75655 16677 76028 118715 132910 120443 80667 122289 65434 108592 90922 133239 110872 99901 108321 170065 69248 141737 36976 106443 33737 171583 63124 112173 132474 152472 111735 21172 153158 173078 99405 96380 113100 166087 164131 80856 105206 83279 40020 126600 123601 145900 76562 0 131054 156436 101621 115702 86854 122593 93124 120858 58606 74259 124797 74340 90627 149915
44912 105226 77575 125190 63771 37035 92165 142212 121904 133648 91074 61002 39057 84135 60739 61555 58853 101926 66326 103959 115977 89515 97211 34359 40908 59082 98057 72215 111527 51353 112932 78735 125080 93033 7755 104732 97712 74642 80444 87794 22553 77440 75944 66421 77974 94044 67950 101992 110287 93617 21542 74614 98398 27840 87484 125862 117842 92116 44240 81979 91259 135424 83038 52820 81383 73359 98267 138082 12837 76767 93054 83685 60845 91899 128341 65644 31776 0 87772 68146 59854 130124 77015 89533 126640 48710 57532 66276 52707 20765 15218 70736 44553 142522 90727 75861 103486 99615 111977 127028 92981 66387 83289 33189 100425 54620 71586 82683 136142 25139 43954 16703 48656 88140 103294 88763 56470 92694 35470 76890 66961 101619 79973 69418 76644 138327 38413 110019 5293 74949 36204 139870 61345 80398 100942 121178 80043 11615 122145 141439 74316 67951 83963 135057 132967 52230 74017 53946 9535 95373 92063 114139 44912 31776 100425 125190 77575 84135 61555 91899 63771 89533 27840 44240 93054 44553 58853 121904
44260 20585 63381 40363 39325 84840 14471 55022 70901 54130 17912 89148 51194 7364 27047 58841 29370 56879 21461 22756 36950 68950 12123 58967 47203 33045 11932 39035 65600 68788 25509 9055 51947 38204 82148 25154 55861 24006 15479 19529 69462 25669 35176 22985 116380 24518 22987 57657 24057 17180 69764 115510 15221 63527 35250 40035 31785 23982 53237 6342 99955 51419 26992 35763 79028 74950 25457 51770 76112 76004 5325 9700 27558 22175 41524 22853 119505 87772 0 20756 27925 46455 16879 12171 56518 40357 37700 27055 35620 69964 90559 17156 54022 58202 25933 20136 19545 12466 33917 41927 44733 22972 42998 120291 36690 34140 65762 17079 49551 63227 43856 104034 55877 22902 37714 2852 63808 44103 59812 15882 63286 21430 29248 28779 11461 50559 54234 25572 82535 21887 109302 54030 114049 8624 15272 36211 8026 98992 39397 53876 58660 51027 36015 51215 48321 54840 19385 45042 79730 16042 8517 28009 44260 119505 36690 40363 63381 7364 58841 22175 39325 12171 63527 53237 5325 54022 29370 70901
23747 40788 61670 60916 33344 64354 24583 74083 71480 73596 32017 79760 34378 20141 8859 52073 9348 53534 5470 36444 55794 70290 32176 38225 28874 21906 29966 25866 63656 58488 46205 12644 69446 47205 63086 37679 62616 24742 22173 30944 48924 17142 36166 2370 107079 37993 16176 54119 42142 33121 51768 105612 34572 42947 31151 60740 49712 36574 32711 16396 96463 71901 33389 19405 76254 70430 40793 72526 57121 72333 25708 21140 7315 35248 62274 2629 99913 68146 20756 0 10323 66829 10252 27577 73244 19826 17903 20384 18812 51790 72532 5000 33571 78776 37132 21943 35459 31694 45816 59082 40800 2325 46549 100170 39759 13653 61791 25442 68005 44445 25023 84085 44420 33493 51373 22556 55175 40209 39057 9564 58059 34230 21921 25493 12182 70628 33484 42023 63003 11611 92761 71841 101589 12510 35677 56757 14540 79103 59456 74393 56416 35730 41150 71664 68896 35567 19129 34419 60669 33465 27411 45997 23747 99913 39759 60916 61670 20141 52073 35248 33344 27577 42947 32711 25708 33571 9348 71480
17751 46125 54079 66380 25487 60923 34484 82691 80988 77275 34167 69789 24300 24723 1533 43027 4872 62457 6589 46246 59243 63650 37775 33047 19411 13036 38623 32574 72735 48495 53148 18882 71418 45132 54263 47660 58607 21789 23177 31943 42352 26637 31229 10038 97035 39070 12138 62981 51021 36063 42243 95491 39430 36607 40596 66674 58722 37349 30117 22176 87754 77074 31498 9088 67993 61707 42624 78775 48235 63843 33222 24737 5472 36433 68797 7835 91580 59854 27925 10323 0 71848 20573 31099 74547 14236 19249 14505 8540 42356 63079 11114 31218 84106 37127 20500 44831 39952 55953 68409 49913 9940 41874 92493 49940 8938 53403 26190 76901 35374 15935 76176 34367 33671 51516 28951 45564 49351 34467 19834 49347 44113 31231 20149 16872 78484 28635 51386 54613 21453 82815 81008 91274 20992 41480 62264 20223 71118 64104 81643 48784 40196 37677 76772 74317 35786 17742 24779 51843 37181 32661 54952 17751 91580 49940 66380 54079 24723 43027 36433 25487 31099 36607 30117 33222 31218 4872 80988
89386 26041 79200 6600 69862 131172 52470 36045 97170 12022 39101 113616 91296 47265 71420 84254 74543 90968 66175 47880 15855 77348 34654 104541 89429 71173 42245 83595 96430 97596 23864 54247 21977 45685 123578 50180 57446 55910 49708 42591 114190 70101 58777 69151 138034 37223 62230 91836 37353 36507 109973 138381 32480 108452 74767 8951 36694 39109 99530 50522 111955 5303 49091 77506 93050 93016 32867 12089 117633 92313 42347 47113 72994 38866 12459 68603 161172 130124 46455 66829 71848 0 62845 40854 27491 85612 84149 63940 77748 110435 129808 62538 100362 12402 41196 54301 43811 39477 53397 40882 81838 69124 57791 163270 68599 79511 84915 47460 37273 104985 86905 146789 88611 42897 34266 44330 90954 81307 105639 62035 85164 49360 72349 61537 55413 26051 99913 41775 124834 67593 145030 42544 141884 55080 31214 10466 52454 141687 8032 21671 76834 95904 52578 4941 3910 101232 56114 79142 121241 34856 39512 36851 89386 161172 68599 6600 79200 47265 84254 38866 69862 40854 108452 99530 42347 100362 74543 97170
32120 37306 69732 56556 42073 69387 15155 65828 62444 70949 32792 89671 44537 20016 19110 61340 19082 45464 15018 26956 53826 77482 28978 45352 38780 31516 22544 22453 55256 68447 40482 12976 68674 51010 72366 27901 67678 30761 25377 32976 56756 9858 42796 11111 117038 39357 24056 46126 33932 32954 61568 115642 32088 50743 22746 55841 41187 38334 38222 15782 105254 67651 37796 29657 84749 79335 41215 67051 66477 81038 20498 21938 17031 36710 56651 12814 108682 77015 16879 10252 20573 62845 0 27382 73075 28306 22192 28666 29059 61532 82225 11622 38834 74247 39595 27218 26669 24802 35778 50048 32676 11178 52577 108408 29825 22549 70484 28364 59445 54004 34818 92578 54451 36066 52956 19510 64848 32054 45730 1348 67031 24640 14390 33036 14721 63301 40589 33119 71977 5057 102777 62927 111821 8934 31939 52451 14758 87679 56059 67739 64569 34227 46408 67491 64420 38495 24838 44224 69964 32411 25174 37604 32120 108682 29825 56556 69732 20016 61340 36710 42073 27382 50743 38222 20498 38834 19082 62444
48781 15842 53900 35668 33458 91382 26330 57626 82752 46350 5743 82598 51090 7586 30784 51859 34162 69048 25806 32548 28382 58250 9162 64041 48690 31181 20659 49826 77704 63314 25225 15287 41943 26240 83213 35256 44022 17520 9363 7902 73379 36912 26210 29943 109371 12375 21615 69827 30262 5641 69922 108833 9036 67690 47341 36382 37317 11821 59880 11777 90485 46117 16535 36752 69591 66330 13833 48628 77214 66994 13545 6518 32813 10006 39215 28844 120858 89533 12171 27577 31099 40854 27382 0 45982 45098 45477 24056 36948 70298 90270 22773 60826 53189 13896 14635 28424 19550 43657 47579 56888 29891 32341 122601 48602 39144 57159 8361 53281 64435 46065 106143 51709 11195 25767 9446 57590 56257 65304 26159 55349 31778 40870 23288 15433 51274 59508 33228 84240 32403 107288 58395 108914 18449 12503 31645 13299 101044 33033 52960 49561 61392 25191 45792 43503 63123 15757 41195 80842 6088 5524 33846 48781 120858 48602 35668 53900 7586 51859 10006 33458 0 67690 59880 13545 60826 34162 82752
92003 38501 62064 31077 62918 135401 67617 63534 119437 17775 41227 97687 88002 53567 74689 71660 78518 110020 70563 67281 21536 56836 45106 107140 88344 69018 58005 95478 117014 85484 43781 61257 5870 33766 119348 70013 37222 53815 51644 42719 114706 82187 50723 75577 119416 35548 62779 110867 58274 40342 105278 120357 41589 109582 90561 34536 60261 37211 104546 57747 90207 29349 44350 77276 73449 75377 32451 38731 113803 73871 54595 52192 77547 38250 39184 74166 155846 126640 56518 73244 74547 27491 73075 45982 0 88730 91079 62472 77848 105962 123123 68292 105595 32904 37538 54157 62603 55338 75444 66591 99169 75514 44898 159511 87730 83332 68745 48474 64413 102170 86943 143197 80017 40894 23575 53729 78538 98571 108799 71922 70437 68023 85651 58089 61089 53542 102979 62935 121516 78131 134733 69825 126428 64195 43306 32106 59269 138187 25906 48793 61309 107268 42779 28770 30853 108757 56827 72784 117214 40664 48018 59207 92003 155846 87730 31077 62064 53567 71660 38250 62918 45982 109582 104546 54595 105595 78518 119437
3921 59687 62367 79957 35000 46696 43455 93762 81026 91396 48377 71109 20774 38347 14335 48777 11093 61317 19438 55256 73375 73084 51172 18950 13579 22928 49738 29379 71687 50400 65866 31659 85650 58589 44201 56091 70760 35476 37407 46174 29122 29829 43440 17885 97447 53291 26038 61670 61786 50198 34428 95411 53131 23170 42045 80033 69253 51556 16401 35273 93071 90790 45251 14097 74673 67529 56859 91985 38403 70143 45446 38641 12804 50663 81827 17528 80398 48710 40357 19826 14236 85612 28306 45098 88730 0 12328 27351 13131 34215 54571 23300 17591 97772 51247 34596 54827 51516 63577 78328 49833 17864 53886 80392 53822 6218 60240 40425 87555 26373 9776 64393 36828 47837 65581 41866 49386 49377 20252 28194 55628 52925 33274 32767 30215 90453 14429 61341 43677 26521 75994 91185 88854 32324 54810 75813 33307 59451 77973 94167 57190 32685 50602 90513 87929 23837 31903 30311 41818 51185 46158 65586 3921 80398 53822 79957 62367 38347 48777 50663 35000 45098 23170 16401 45446 17591 11093 81026
14535 58188 72420 78051 44115 47289 36646 87557 68832 91345 49863 83322 33099 38008 18320 59846 14382 49039 20865 47861 73627 82498 49595 24002 25906 31497 44735 17079 59396 62465 62481 30401 87340 63719 54070 48172 77803 40461 39667 48567 35908 20023 50466 15542 109758 55691 30868 49378 55886 51023 45795 107736 52218 30024 30580 77593 62888 54189 16055 34132 104495 89117 49887 23962 85540 78697 58635 89043 48605 81144 42125 39041 14427 52951 78668 16955 88627 57532 37700 17903 19249 84149 22192 45477 91079 12328 0 33734 22951 45456 65206 22798 16643 95871 54516 38453 48374 46972 54803 71150 37778 15598 61111 87513 43067 11580 70973 42924 80972 37509 22068 72166 48675 50904 68893 39864 61047 37349 23972 22656 66556 45453 22482 39375 30080 85431 19410 54609 52843 18590 87191 84057 101080 29078 52940 73903 32347 67458 76972 89930 67152 21424 56700 88914 85996 17680 35568 41165 51781 51336 45041 59427 14535 88627 43067 78051 72420 38008 59846 52951 44115 45477 30024 16055 42125 16643 14382 68832
30132 39874 41325 59271 13451 73386 38649 80861 91108 67538 24840 62538 27356 20738 15439 33004 19356 73722 14982 49200 49737 49992 32735 44909 26144 7235 38986 45835 83720 41849 49008 19544 59999 31254 59640 51271 44105 8685 14694 21525 52287 37284 16731 21623 89905 28003 4668 74333 50974 27499 46082 88851 33091 47110 51124 60260 58634 26102 43737 20802 76588 69243 18232 14807 56125 50690 32113 72502 53707 52373 31988 19339 19504 25712 63254 19143 97236 66276 27055 20384 14505 63940 28666 24056 62472 27351 33734 0 15408 46516 66258 17094 44909 76341 25114 9656 46475 39328 60046 68869 60936 21515 27377 99461 58118 23134 41819 16504 75926 41157 24475 82971 28834 22136 38966 26599 37244 60331 46740 27466 38425 47503 42101 5644 16612 75096 41001 52620 60998 31626 83392 80681 86996 24142 36347 55371 19504 77872 55933 77008 36092 54415 23337 68860 66908 50143 8388 18004 57309 29502 27826 54893 30132 97236 58118 59271 41325 20738 33004 25712 13451 24056 47110 43737 31988 44909 19356 91108
15173 52543 49648 72607 21890 58060 42995 90616 88487 82242 39050 62128 15842 31450 9956 36952 10982 69527 14914 54723 64275 60112 44510 29547 11800 9908 46737 38554 79885 40878 60348 26600 75251 46414 46698 56177 57779 24033 28111 36195 37073 34475 30615 18245 89209 43020 15642 70000 59160 41356 34151 87544 45727 31761 48230 73183 66891 41164 29287 29552 81693 83029 33639 1016 62590 55805 46958 85389 40660 58209 40945 30986 12703 40574 75638 16254 84253 52707 35620 18812 8540 77748 29059 36948 77848 13131 22951 15408 0 34343 54968 19414 30513 90113 40392 24123 53177 47898 64491 76692 57220 18157 40922 85686 58160 11412 48023 30686 84978 27771 9258 69251 26753 37252 54367 36303 38607 56683 31453 28356 43618 52612 38881 20366 24226 86027 25790 59713 47421 29572 74367 89206 82903 29262 48241 68559 27673 64158 69846 88835 44414 44354 38065 82689 80451 36933 21852 18268 44292 42894 39363 63109 15173 84253 58160 72607 49648 31450 36952 40574 21890 36948 31761 29287 40945 30513 10982 88487
31077 86124 58076 105770 43055 45635 76363 124948 113723 113421 71339 48201 19209 65525 43497 41807 42517 93682 48943 88231 95927 70132 78439 27645 22976 39282 80968 62064 103855 33524 94493 60938 104522 72306 13398 89390 77157 54610 61027 67889 21203 64040 55243 50467 70550 73886 48725 93915 93374 74014 1056 67777 79289 22191 75976 106666 101078 71953 36797 63870 76686 115738 62640 34230 63859 55724 78166 118915 8024 59079 75289 64793 44579 71854 109444 49172 50749 20765 69964 51790 42356 110435 61532 70298 105962 34215 45456 46516 34343 0 20749 53471 37640 122831 70425 56172 87111 82213 97273 110724 83083 50410 62535 53588 88020 39172 52579 63020 119243 7949 26768 37235 28266 67996 82694 70595 37496 82684 29931 61143 47744 86001 67427 49188 58557 120309 29538 93677 15858 60481 41802 123360 57992 63346 82153 101840 62007 32235 102417 122903 54416 61277 63240 115347 113424 46702 54578 33208 11264 75954 73324 97308 31077 50749 88020 105770 58076 65525 41807 71854 43055 70298 22191 36797 75289 37640 42517 113723
51194 106109 69055 125431 60729 52052 97099 145576 132325 131982 90862 47596 39445 85875 64236 53960 63246 112235 69662 108970 114884 80568 98654 44344 43722 59090 101668 81248 122181 41808 114814 81562 122251 89386 12363 110104 91353 73926 80926 87239 33943 84350 72774 71183 62885 92812 68867 112390 114082 93655 20838 59480 99300 37872 95772 126510 121795 90888 54269 84406 78129 135095 81195 54796 70439 62705 97153 138746 16755 66078 95881 85011 65307 90977 129485 69917 32977 15218 90559 72532 63079 129808 82225 90270 123123 54571 65206 66258 54968 20749 0 74192 54852 142160 89113 75872 107857 102866 117925 131467 102307 71127 78534 38349 108152 59780 62502 82684 139933 28262 47509 24234 43151 86999 100413 91090 47928 101952 46064 81860 58314 106733 87514 68272 79120 140742 47502 114423 15895 81017 22782 144087 46147 84071 102345 121585 82571 20720 121776 143115 66594 78803 80472 134677 132942 63370 74514 50993 14123 95750 93578 118021 51194 32977 108152 125431 69055 85875 53960 90977 60729 90270 37872 54269 95881 54852 63246 132325
27177 36523 58323 56757 30464 68798 23776 71622 74030 68973 27069 78317 35255 15472 10039 49729 12243 56706 4530 35376 51094 66471 27951 42099 30519 20100 27517 30378 66651 57170 42631 8364 64551 42356 65302 36945 58040 20279 17183 25945 52350 20341 32014 7291 105712 33000 12545 57333 39909 28263 53354 104406 30124 46440 34057 56753 47607 31574 37200 12030 93665 67666 28588 19777 73217 67725 35843 68685 59283 69457 22367 16287 10517 30254 58536 6108 102499 70736 17156 5000 11114 62538 11622 22773 68292 23300 22798 17094 19414 53471 74192 0 38114 74602 32143 17232 33768 28909 45428 57315 43907 7225 42213 103152 41347 17102 58901 20450 65793 46448 26960 86924 43310 28504 46373 18566 53352 43297 43113 10484 55413 33318 25150 21727 7343 67620 37421 40311 65524 14674 93776 69896 101139 9881 31552 52603 10085 81893 55042 71032 53122 40601 36567 67409 64737 40478 14496 32866 62880 28736 23027 43838 27177 102499 41347 56757 58323 15472 49729 30254 30464 22773 46440 37200 22367 38114 12243 74030
15498 74331 78524 94369 52130 30820 53152 103993 77609 107087 64704 82168 32721 53584 30939 63893 27077 57549 35167 64125 89192 89674 65716 10509 26246 40407 61378 27951 67373 62854 79043 46211 102234 76107 42768 64232 88282 52882 53972 62881 22009 35728 61012 31229 106945 70049 43310 57662 72453 66210 38307 104460 68140 17043 43571 94030 79352 68394 1256 49961 106906 105397 62643 31425 89725 82164 73375 105583 38220 85032 58612 54311 28128 67359 95226 32010 74340 44553 54022 33571 31218 100362 38834 60826 105595 17591 16643 44909 30513 37640 54852 38114 0 112219 68307 51710 64878 63606 70327 87348 48460 31260 71415 72313 56828 22312 75656 57122 97326 30270 24204 57680 50605 64808 82716 56036 63279 48189 9084 39281 70835 61711 37118 50354 45440 102050 8291 71021 40527 35106 77569 100224 95568 45442 69164 90212 48082 53284 93026 106573 73486 23967 68189 105174 102336 9138 48923 46241 40765 66834 60981 75943 15498 74340 56828 94369 78524 53584 63893 67359 52130 60826 17043 1256 58612 0 27077 77609
101572 38089 89944 17860 82063 143039 62892 35247 103158 15180 51501 124831 103696 59450 83639 95918 86686 98990 78338 56810 27656 87104 46652 116673 101809 83573 52836 94334 103532 109400 34155 66269 28597 56936 135979 58799 67050 68286 62097 54971 126457 80978 70794 81073 148667 49463 74616 99855 46036 48906 122366 149177 44682 120691 84451 18464 43583 51366 111420 62572 121439 7099 61288 89882 103216 103735 45103 10246 130035 102815 53814 59390 85094 51190 18986 80632 173571 142522 58202 78776 84106 12402 74247 53189 32904 97772 95871 76341 90113 122831 142160 74602 112219 0 53362 66703 53206 50157 60567 45130 90799 81052 69138 175664 77003 91639 95927 59861 38739 117384 99254 159184 100767 55196 45252 56223 102684 90306 117713 73515 96473 58574 82870 73891 67557 25928 112018 50056 137232 78859 157163 43133 153277 66806 43100 22020 64522 154082 20415 19079 87918 106641 64305 7487 9883 112735 68509 91423 133643 47220 51616 44665 101572 173571 77003 17860 89944 59450 95918 51190 82063 53189 120691 111420 53814 112219 86686 103158
54475 22484 42601 37773 28702 97883 40221 65691 96648 43000 8412 74275 51683 19889 37371 43936 41289 82745 33678 45976 25820 45390 20492 69603 51217 31963 34100 61635 91532 56817 33429 26666 34886 12349 83772 48754 30163 16431 14961 6643 77392 49413 17770 39346 100163 4212 25248 83511 42185 10649 69862 100008 17986 72152 60745 39660 48469 2806 67225 23953 78701 46396 7940 39863 58053 55831 8406 51398 77980 56007 27305 17731 40497 4408 43689 37601 121069 90727 25933 37132 37127 41196 39595 13896 37538 51247 54516 25114 40392 70425 89113 32143 68307 53362 0 16651 41619 32593 56910 58389 70437 39268 20146 123881 62495 45996 46904 11695 62450 65780 49559 107420 47419 3640 14429 23298 50390 69803 71267 38281 46017 45398 53689 21312 25544 57907 65451 45739 85494 44408 103835 67905 101847 30925 22306 34466 24837 102342 33254 57896 38896 72564 13243 45935 44629 72066 19389 38169 81516 13395 19010 45362 54475 121069 62495 37773 42601 19889 43936 4408 28702 13896 72152 67225 27305 68307 41289 96648
37848 30346 43777 49617 19485 81245 33568 72030 88635 58177 15215 69259 37002 12949 20815 38773 24788 72544 17659 42888 40274 50537 23592 53025 35438 16890 31782 47608 82120 49320 39815 15116 51268 25359 69278 45244 40831 3929 5412 12088 61190 36865 15857 23917 96385 18930 8641 73230 43153 17843 55738 95611 23623 55801 49859 50638 50637 17107 50615 14639 80164 59604 11499 23703 59293 54904 22837 62874 63333 56078 24419 10974 24163 16452 53711 21851 106884 75861 20136 21943 20500 54301 27218 14635 54157 34596 38453 9656 24123 56172 75872 17232 51710 66703 16651 0 39582 31635 54029 60943 59800 23826 25359 109034 54750 29402 45738 6849 67397 50726 33375 92546 37220 13278 31017 18929 43978 59172 54646 25880 43157 41496 41557 8951 12655 65890 48824 45333 70576 31335 92655 72338 94863 20187 27093 45727 14132 87445 46302 67555 38874 57649 19375 59226 57253 55799 2886 26605 66940 19880 18940 46978 37848 106884 54750 49617 43777 12949 38773 16452 19485 14635 55801 50615 24419 51710 24788 88635
58690 24594 82105 37229 58867 94817 11730 39209 57329 54466 33264 108693 69015 26641 43629 78344 44807 47752 38287 4754 41081 86652 21405 71961 64135 52096 7887 42330 54410 88289 20094 27349 57085 53738 98544 7600 71520 43391 34642 36285 83424 29889 54036 37075 135916 38783 42228 48612 7808 31073 87036 135055 24627 77411 31246 35262 14538 39057 64389 25678 118731 47617 44895 53510 97804 94111 37701 44373 92580 95002 15332 28767 42769 37264 34297 38037 135215 103486 19545 35459 44831 43811 26669 28424 62603 54827 48374 46475 53177 87111 107857 33768 64878 53206 41619 39582 0 9031 15292 23628 38037 37112 60765 135071 25291 48866 84911 35607 32777 79878 60402 119196 75214 39471 49654 20724 83353 37501 72231 26649 82634 5589 30621 48312 30196 37515 67210 6569 98386 29790 127518 36395 133433 23925 20986 33774 27025 114273 39235 42846 77578 54423 53612 47642 44096 63061 38929 64389 96127 28566 22916 11067 58690 135215 25291 37229 82105 26641 78344 37264 58867 28424 77411 64389 15332 64878 44807 57329
55436 16842 73402 32939 51103 94188 13045 42744 65710 49079 24252 100892 63570 18777 38945 70337 40825 54712 33384 13529 34056 77697 12430 69612 59344 45485 2803 44206 62107 80828 16013 21319 50042 44710 94203 16373 62500 35313 26460 27355 80583 30823 45476 33677 127977 29766 35394 55554 11647 22043 82044 127240 15770 74589 35851 31704 19339 30026 62961 18800 110009 43899 36078 48090 89100 85627 28821 42419 88180 86410 7340 20667 38886 28234 32014 34079 131386 99615 12466 31694 39952 39477 24802 19550 55338 51516 46972 39328 47898 82213 102866 28909 63606 50157 32593 31635 9031 0 24317 29542 43941 33689 51857 131846 32597 45344 76432 27074 37121 75326 55860 115708 68156 30499 40929 12787 75610 43355 70197 24328 74344 13398 32874 40532 23889 38942 64838 13809 94416 29034 121759 41564 126238 19245 12476 29037 20478 110701 33711 43000 68972 56520 44698 43817 40508 63072 31357 57331 91782 19558 14026 15577 55436 131386 32597 32939 73402 18777 70337 28234 51103 19550 74589 62961 7340 63606 40825 65710
67219 38802 97115 47162 72940 98460 21684 36971 44111 64995 48556 122577 80186 41242 54577 92582 54859 38613 49737 11208 54035 101906 36621 78790 74557 64987 23005 44132 43100 101821 31672 40510 69714 69002 107775 8803 86760 57916 49349 51539 90707 34799 68953 46887 149921 54025 55565 39471 17192 46347 97328 148897 39727 84796 29417 44449 16992 54338 70092 39603 133735 56186 60059 64985 112800 108863 52763 50684 101971 109876 30334 43493 52806 52550 41952 48438 143352 111977 33917 45816 55953 53397 35778 43657 75444 63577 54803 60046 64491 97273 117925 45428 70327 60567 56910 54029 15292 24317 0 19251 32295 46951 75987 142287 17871 58149 99672 50583 29836 89670 70592 126950 88334 54746 64482 35524 97255 31940 78585 36276 97185 12574 33315 62501 43443 39274 74211 12559 107085 37078 138545 31152 146443 36209 35866 44484 40628 122202 50527 46106 92491 54909 68844 56355 52687 66588 53049 77613 105395 43803 38169 16609 67219 143352 17871 47162 97115 41242 92582 52550 72940 43657 84796 70092 30334 70327 54859 44111
82163 36435 100841 35750 80421 116463 34896 17730 58254 52903 50917 130047 92510 48247 67231 99354 68429 56784 61843 23294 46777 103460 38662 95021 87748 74969 30136 62463 59647 110250 25912 50464 60725 69166 122160 23165 85958 64478 55633 54669 106664 51668 73732 60662 156934 54636 64909 57615 17895 48051 110639 156341 40498 100665 48398 32415 10310 55589 86971 48267 137089 42245 63676 76987 116399 113696 51974 34888 116203 114151 36881 49994 66388 54068 28440 61664 158724 127028 41927 59082 68409 40882 50048 47579 66591 78328 71150 68869 76692 110724 131467 57315 87348 45130 58389 60943 23628 29542 19251 0 51492 60702 78519 158372 37092 72431 104575 55753 10600 103507 84028 142616 97694 57320 61707 42294 104867 51154 95120 50139 102917 25698 51120 69888 53191 21025 90310 17060 121953 52655 150946 12914 155731 47439 36169 34529 49851 137725 40691 28313 96805 73715 71490 42563 39041 84502 60845 86872 119745 45194 42351 13987 82163 158724 37092 35750 100841 48247 99354 54068 80421 47579 100665 86971 36881 87348 68429 58254
52312 60703 102228 75262 74118 71591 31648 69148 31335 92429 62630 119343 70279 50636 48400 92774 46267 12802 46262 34045 77994 110158 54471 58661 63269 62556 41213 21068 22864 98097 58110 44974 93958 82478 90651 32007 99717 63414 57383 63853 70461 23678 75466 40141 146334 69251 56447 13451 44784 61822 83471 144546 58086 65231 9942 73208 48069 68658 48741 46821 137262 85519 69910 58091 117013 111224 69981 81446 85561 113129 45074 52925 44729 66871 71815 42618 122513 92981 44733 40800 49913 81838 32676 56888 99169 49833 37778 60936 57220 83083 102307 43907 48460 90799 70437 59800 38037 43941 32295 51492 0 40248 85121 119723 14428 46824 102583 60078 62022 75141 59249 105838 83962 67163 82346 47530 95470 635 57536 33990 98849 32479 18879 65604 47168 71398 54944 40789 88790 29315 124637 62737 138655 40071 55888 71793 46425 101604 77117 77992 97017 26834 78745 85572 81984 41747 57497 74693 88488 60316 52812 46298 52312 122513 14428 75262 102228 50636 92774 66871 74118 56888 65231 48741 45074 48460 46267 31335
21776 43085 62629 63192 34148 62052 26001 75918 71171 75920 34288 79717 33408 22465 8409 52527 7910 52903 6590 37876 58118 71506 34471 36066 27607 22310 31875 24379 63108 58424 48372 14964 71743 49156 61474 38980 64331 26452 24321 33140 46894 16763 37643 109 106973 40215 17540 53461 43948 35426 50427 105430 36889 40901 30773 62986 51461 38771 30409 18715 97085 74187 35311 18844 77025 71031 43063 74738 55538 73022 27857 23443 5854 37470 64467 2408 98136 66387 22972 2325 9940 69124 11178 29891 75514 17864 15598 21515 18157 50410 71127 7225 31260 81052 39268 23826 37112 33689 46951 60702 40248 0 48116 98255 40038 11776 62504 27591 69764 42953 23663 82226 44303 35633 53551 24829 55363 39671 36847 10733 58652 35615 21437 26808 14482 72631 31313 43661 61276 11512 91600 73507 101060 14611 37957 59032 16864 77263 61767 76490 57355 33834 42892 73953 71170 33272 20976 34567 59062 35787 29725 47771 21776 98136 40038 63192 62629 22465 52527 37470 34148 29891 40901 30409 27857 31260 7910 71171
56078 42547 22534 55677 20500 98030 57388 85478 113457 56315 27855 55828 46223 35810 42809 27137 46732 97837 41559 64845 41955 25980 40276 69686 48622 31015 52982 72415 107301 40918 53496 40214 44819 12212 75745 67510 16874 21951 28089 24503 74665 62197 10646 48218 80803 24069 30655 98535 62062 30551 61747 80899 38050 70415 75185 58072 68546 22951 70196 38910 58579 62621 16026 40039 37908 36019 27464 69063 70535 35975 45722 33406 46835 24452 62501 45874 111424 83289 42998 46549 41874 57791 52577 32341 44898 53886 61111 27377 40922 62535 78534 42213 71415 69138 20146 25359 60765 51857 75987 78519 85121 48116 0 115619 79322 50331 27382 25945 82492 59962 48591 99543 35397 21447 23974 40846 34019 84492 71843 51238 27375 63951 66907 21738 37954 77300 66410 65386 78362 56628 89951 87984 84149 45225 42382 52926 38927 94641 50384 76564 19260 81643 7160 62087 61552 77287 27836 29713 73759 33384 37853 65363 56078 111424 79322 55677 22534 35810 27137 24452 20500 32341 70415 70196 45722 71415 46732 113457
76485 138226 107389 158269 96594 51116 123512 174134 146030 166825 124245 83650 72237 117014 93269 92101 91041 126770 98843 135110 149167 118915 130109 63511 73913 92271 130124 100072 135442 80157 145640 111312 158109 125801 40190 135605 129245 107830 113569 120981 51714 107489 108790 98277 92088 127226 101058 126667 142157 126765 54244 88324 131412 57707 115796 158866 149564 125296 72395 114669 113856 168567 116158 85851 108342 100781 131454 171061 45902 104119 125519 116663 92962 125088 161223 97767 9689 33189 120291 100170 92493 163270 108408 122601 159511 80392 87513 99461 85686 53588 38349 103152 72313 175664 123881 109034 135071 131846 142287 158372 119723 98255 115619 0 129110 86520 100851 115849 167846 58309 76740 16490 80393 121322 136282 121441 86223 119545 63739 108438 96644 132723 109336 102581 109358 170736 68147 141523 38463 105769 42815 171278 72398 112606 133836 154236 112714 21590 155302 174125 104811 93163 116750 168206 166076 77994 107155 86727 42390 128480 124963 145929 76485 9689 129110 158269 107389 117014 92101 125088 96594 122601 57707 72395 125519 72313 91041 146030
56998 49357 98428 62090 71567 82975 22276 54779 34215 79596 54235 119473 72881 43587 48420 91032 47408 22474 44817 20833 66260 105089 44328 66277 66394 61341 30114 29116 29542 98224 45239 39681 82285 74826 97136 18421 92540 58620 51254 56202 78315 24120 70584 39946 146820 60604 53452 23337 31258 52854 88249 145370 47904 72655 13376 59809 33851 60352 56828 40446 134492 72003 63461 58875 113773 108745 60581 67456 91636 110274 35525 45989 45520 58513 58065 42119 131054 100425 36690 39759 49940 68599 29825 48602 87730 53822 43067 58118 58160 88020 108152 41347 56828 77003 62495 54750 25291 32597 17871 37092 14428 40038 79322 129110 0 49416 99759 53447 47646 80133 62294 114433 84176 59577 72946 39216 94669 14068 65628 30879 96532 19755 20638 61945 42367 57001 62025 26983 95844 28593 129813 48562 141029 34625 45033 58847 40643 109915 64462 63661 93405 38445 72494 72095 68464 51675 52932 74042 94843 50898 43783 32344 56998 131054 0 62090 98428 43587 91032 58513 71567 48602 72655 56828 35525 56828 47408 34215
10128 53549 60853 73811 32640 52337 37629 87687 78159 85487 42646 72778 23634 32260 8643 48360 4985 58831 13366 49481 67488 71031 45013 25035 16978 20065 43607 27385 69220 51678 59649 25465 80080 54039 49821 50442 67154 30713 31778 40645 35336 25298 39724 11807 99583 47803 21074 59258 55722 44345 39275 97740 47036 29388 38358 73851 63236 46122 21231 29100 93081 84673 40434 12415 73989 67213 51232 85784 43929 69619 39231 32653 6591 45133 75616 11315 86362 54620 34140 13653 8938 79511 22549 39144 83332 6218 11580 23134 11412 39172 59780 17102 22312 91639 45996 29402 48866 45344 58149 72431 46824 11776 50331 86520 49416 0 59412 34882 81539 31522 12878 70458 37681 42505 60404 35665 49831 46321 26175 22320 55028 47181 29218 28739 24098 84272 20410 55405 49524 21336 80739 85256 92077 26131 48637 69662 27138 65490 71914 87953 55590 33004 46447 84403 81787 27010 26611 29673 47417 45222 40024 59547 10128 86362 49416 73811 60853 32260 48360 45133 32640 39144 29388 21231 39231 22312 4985 78159
60723 69357 7053 83030 28474 95902 79243 112585 132926 82398 53714 29063 43657 58430 54819 11831 57822 115325 56324 88484 69147 18077 65917 70180 49457 40379 77028 85941 125424 20694 80275 60314 69943 39254 63873 90916 32168 41818 50330 49909 70668 78906 30971 62613 53426 51023 46439 115907 87420 56665 51563 53537 64224 68332 92852 85453 94387 49672 74410 60358 34772 89610 40903 47011 14604 9200 54687 96352 60139 10557 69580 56199 58863 50948 89877 60101 94900 71586 65762 61791 53403 84915 70484 57159 68745 60240 70973 41819 48023 52579 62502 58901 75656 95927 46904 45738 84911 76432 99672 104575 102583 62504 27382 100851 99759 59412 0 49362 109282 53631 51604 86072 25971 47380 50722 64218 15148 101988 72720 69278 4980 87185 83704 37842 57507 104597 68519 90235 67568 73291 68321 114680 57773 65277 68512 80308 59674 81717 77660 103947 8124 92372 33710 89060 88724 83579 47090 29942 62508 59522 62585 90982 60723 94900 99759 83030 7053 58430 11831 50948 28474 57159 68332 74410 69580 75656 57822 132926
43857 23689 46534 42777 25100 87113 31443 65977 87633 51561 8405 74324 43850 9872 26245 43607 30045 72627 22164 39376 33591 51876 17522 59127 42156 23738 27722 50104 81808 54954 33514 15396 45229 22648 76123 41936 39640 9213 3270 5763 67677 38221 18431 27668 101188 12927 15047 73361 38226 10996 62585 100594 17085 62191 50229 43839 45459 11304 56078 13278 83159 52762 10016 30331 62225 58559 16458 56066 70174 59397 20289 7467 29097 10252 47000 25978 113733 82683 17079 25442 26190 47460 28364 8361 48474 40425 42924 16504 30686 63020 82684 20450 57122 59861 11695 6849 35607 27074 50583 55753 60078 27591 25945 115849 53447 34882 49362 0 61631 57545 39941 99362 43432 8055 25977 15089 49259 59444 60632 27026 47317 38289 42661 15028 13956 59501 54798 40881 77396 33031 99232 66722 100554 20050 20819 38902 13731 94260 39466 60926 41971 60900 19048 52386 50404 60532 8836 33016 73783 13111 13405 41914 43857 113733 53447 42777 46534 9872 43607 10252 25100 8361 62191 56078 20289 57122 30045 87633
91433 39966 105016 33476 86684 126726 44408 7135 66754 48951 55739 135761 100686 55194 75813 105021 77327 66862 70312 33221 46558 106495 44124 104697 96311 82394 38278 72897 69072 116572 29021 58434 58659 72181 131016 33421 88041 70682 61994 59674 116199 61774 78899 69733 162267 58429 72264 67680 25899 52717 119100 161889 45229 110187 58981 30002 18304 59658 96902 55845 140708 37341 68574 85193 120326 118268 55186 28716 125018 118442 44287 56665 75315 58336 25234 70532 167899 136142 49551 68005 76901 37273 59445 53281 64413 87555 80972 75926 84978 119243 139933 65793 97326 38739 62450 67397 32777 37121 29836 10600 62022 69764 82492 167846 47646 81539 109282 61631 0 112221 92718 151944 104558 61954 63401 49444 110862 61695 104904 59412 108046 35632 61461 76315 61002 12902 99955 26380 131008 62396 158842 5667 162170 55944 41058 33512 57577 147006 39161 20242 101326 84251 75693 37769 34608 94777 67671 93818 128595 49885 48468 22009 91433 167899 47646 33476 105016 55194 105021 58336 86684 53281 110187 96902 44287 97326 77327 66754
23155 80170 58445 100076 39757 42447 68952 118062 105823 108612 65938 53312 14172 59212 36414 42193 35113 85797 41948 80827 90883 70477 72248 20745 16031 33985 73958 54132 95994 36321 88119 54173 100354 68854 18935 81900 75434 49582 55313 62681 17159 56198 51737 43004 76979 69007 42833 86040 86324 68478 8352 74374 73335 16213 68037 100793 93989 67084 29349 57267 80499 110285 58194 27809 66038 57965 73202 113025 12895 61212 68544 58666 37168 66820 103361 41849 56496 25139 63227 44445 35374 104985 54004 64435 102170 26373 37509 41157 27771 7949 28262 46448 30270 117384 65780 50726 79878 75326 89670 103507 75141 42953 59962 58309 80133 31522 53631 57545 112221 0 19505 41820 27965 63104 78682 64038 39020 74741 23199 53674 48670 78567 59524 44478 51928 113740 22037 86446 19851 52761 49722 116217 65339 56277 75978 96077 55362 36719 97006 116607 54283 53634 59809 109918 107838 39397 48882 30250 16524 70249 67106 90236 23155 56496 80133 100076 58445 59212 42193 66820 39757 64435 16213 29349 68544 30270 35113 105823
9174 61538 54321 81682 28522 49555 49594 98582 90529 91499 48297 61339 11066 40275 16921 39928 15759 70932 22477 61463 73527 65504 53370 21104 4101 18194 54459 39054 81316 40706 68984 34807 84439 55046 38344 62635 65286 33152 37335 45451 27843 38176 38694 23723 87690 52256 24894 71306 66820 50572 26766 85680 54749 22649 51085 82168 74485 50392 22949 38025 83766 92177 42637 9702 65845 58482 56212 94341 32324 61222 49157 39978 17820 49824 84484 22409 75655 43954 43856 25023 15935 86905 34818 46065 86943 9776 22068 24475 9258 26768 47509 26960 24204 99254 49559 33375 60402 55860 70592 84028 59249 23663 48591 76740 62294 12878 51604 39941 92718 19505 0 60361 27340 46467 63414 44809 39999 58772 23260 34391 46851 59234 42037 29093 32691 94414 17970 66970 38699 34109 68022 96720 79425 36775 57096 77611 36090 55286 79028 97490 49284 42279 46443 91845 89556 31988 31105 22036 35923 52051 48225 70732 9174 75655 62294 81682 54321 40275 39928 49824 28522 46065 22649 22949 49157 24204 15759 90529
60512 121794 92398 141810 80287 41262 107721 158143 133390 150350 107757 71554 55759 100622 76991 76747 74883 113735 82574 119413 132679 104139 113713 48271 57466 75782 114050 85628 122854 65450 129319 95030 141716 109530 23858 120024 113539 91346 97093 104492 36267 92189 92477 82252 83963 110747 84586 113705 126172 110283 37931 80325 114974 42154 101234 142434 133644 108818 57617 98346 102089 152087 99715 69400 94598 86794 114971 154639 29460 90181 109286 100236 76833 108602 144838 81642 16677 16703 104034 84085 76176 146789 92578 106143 143197 64393 72166 82971 69251 37235 24234 86924 57680 159184 107420 92546 119196 115708 126950 142616 105838 82226 99543 16490 114433 70458 86072 99362 151944 41820 60361 0 64515 104843 119908 105125 71170 105613 48805 92547 81670 117043 94319 86114 93024 154542 52759 125687 21973 90158 36273 155503 65285 96464 117442 137784 96397 5102 138818 157818 89519 79754 100467 151724 149606 64198 90675 70432 25990 112010 108565 129978 60512 16677 114433 141810 92398 100622 76747 108602 80287 106143 42154 57617 109286 57680 74883 133390
36457 66990 30483 84921 18801 69988 66692 109249 115200 89622 50808 35435 17992 49488 35900 14291 37697 96275 39442 77724 73153 42513 60783 44391 24464 23355 67804 65065 106636 14146 76930 47980 79335 46339 40955 79641 49071 34219 42631 46885 44819 60979 30165 44402 62675 51411 32987 96742 79801 53825 27350 61198 60506 42361 74870 86479 87444 49551 49385 49592 56468 93814 39525 25872 39351 31612 55757 98509 36238 34585 60817 47902 39292 49991 90046 42113 76028 48656 55877 44420 34367 88611 54451 51709 80017 36828 48675 28834 26753 28266 43151 43310 50605 100767 47419 37220 75214 68156 88334 97694 83962 44303 35397 80393 84176 37681 25971 43432 104558 27965 27340 64515 0 45903 57592 55406 12705 83422 46956 53511 20993 75902 65503 28422 45078 102932 43069 81425 44023 55810 56420 109409 58223 52126 64213 81356 48189 59725 80649 104136 26383 69512 37548 93352 92006 59000 36917 10835 39162 56319 56149 83712 36457 76028 84176 84921 30483 49488 14291 49991 18801 51709 42361 49385 60817 50605 37697 115200
51122 22210 43533 39019 27102 94509 37314 65551 93775 45511 6429 74099 49085 16534 33869 43504 37762 79546 30081 43689 27942 47199 18848 66302 48280 29154 31788 58038 88451 55988 33008 23112 38018 15345 81293 46419 32964 13534 11321 3375 74310 45901 17150 35711 100344 5904 21917 80304 40629 9290 67469 100050 16856 68997 57421 40641 47237 3980 63736 20509 79938 48158 6739 36766 59141 56441 10176 52612 75448 56832 24740 14301 36931 4090 44411 33979 118715 88140 22902 33493 33671 42897 36066 11195 40894 47837 50904 22136 37252 67996 86999 28504 64808 55196 3640 13278 39471 30499 54746 57320 67163 35633 21447 121322 59577 42505 47380 8055 61954 63104 46467 104843 45903 0 18002 20377 49753 66529 67922 34745 46115 42966 50222 18815 21925 58150 62097 43946 82886 40846 102287 67315 101308 27466 21166 35489 21312 99754 34881 58600 39516 68933 14302 47724 46182 68472 15936 36246 79010 12150 16593 43980 51122 118715 59577 39019 43533 16534 43504 4090 27102 11195 68997 63736 24740 64808 37762 93775
68736 26001 44934 33077 39788 112144 51058 65140 106583 32418 20178 79580 64510 32941 51788 51017 55715 94226 48082 54346 18716 43792 28679 83772 64770 45446 43085 75293 102425 64707 35816 40287 21864 11774 96092 57208 24661 30350 29243 20441 91147 62616 27648 53626 103768 13611 39545 95028 48044 20541 82044 104128 25183 86062 72959 35913 52807 14828 81628 37176 78435 38890 20788 53771 58985 58750 12402 45949 90467 58080 37533 31094 54924 16306 40703 51954 132910 103294 37714 51373 51516 34266 52956 25767 23575 65581 68893 38966 54367 82694 100413 46373 82716 45252 14429 31017 49654 40929 64482 61707 82346 53551 23974 136282 72946 60404 50722 25977 63401 78682 63414 119908 57592 18002 0 34879 57867 81719 85501 51688 51236 54322 66634 34514 39524 56102 79701 52291 98136 57910 113360 69059 108045 44072 28678 31051 38359 114872 27361 54245 42682 86526 20054 38339 38118 86473 33794 49646 93919 22116 29541 50415 68736 132910 72946 33077 44934 32941 51017 16306 39788 25767 86062 81628 37533 82716 55715 106583
45741 18326 61598 38363 38354 86851 16942 54656 73402 51681 15168 88172 51655 6002 28194 57695 30799 59622 22655 24316 34343 66824 9735 60625 48010 32950 12874 41780 68260 68043 24199 10215 49207 35613 82973 26851 53334 22690 13918 17005 70895 28463 33429 24851 115314 21739 22820 60405 24410 14340 70354 114529 12608 64999 38081 38222 32039 21265 55215 6784 98214 49366 24820 36368 77279 73418 22608 50120 76933 74368 5494 8043 29075 19445 39982 24482 120443 88763 2852 22556 28951 44330 19510 9446 53729 41866 39864 26599 36303 70595 91090 18566 56036 56223 23298 18929 20724 12787 35524 42294 47530 24829 40846 121441 39216 35665 64218 15089 49444 64038 44809 105125 55406 20377 34879 0 62867 46900 61562 18456 61911 23201 32088 27778 12122 49725 55922 26406 83505 24548 109457 54108 113456 10944 13131 34203 8728 100064 37112 52694 56971 53717 33795 49139 46341 57157 18570 44591 80561 13199 5711 28309 45741 120443 39216 38363 61598 6002 57695 19445 38354 9446 64999 55215 5494 56036 30799 73402
49139 71825 21228 88069 24513 81454 75890 114982 126530 90277 55500 25345 30594 56866 47084 6893 49341 107955 49916 86324 75139 33058 66740 56771 37168 33341 75653 77150 118267 6947 82360 56783 78794 46109 48746 88466 44064 40389 49239 51497 56164 72126 32671 55467 52667 54588 41813 108457 87123 58576 36472 51703 65822 54284 86131 90046 94557 52902 62064 57765 43773 95970 43024 37661 27103 19148 58747 101673 45000 22283 68361 54952 50768 53750 94047 53061 80667 56470 63808 55175 45564 90954 64848 57590 78538 49386 61047 37244 38607 37496 47928 53352 63279 102684 50390 43978 83353 75610 97255 104867 95470 55363 34019 86223 94669 49831 15148 49259 110862 39020 39999 71170 12705 49753 57867 62867 0 94910 59353 63794 10513 84694 76777 35089 53851 107879 55661 89262 52421 66753 56263 115980 51559 61352 69865 84851 56637 66732 83228 108255 18761 82059 38391 95462 94581 71704 44424 20797 47362 61303 62584 90927 49139 80667 94669 88069 21228 56866 6893 53750 24513 57590 54284 62064 68361 63279 49341 126530
51883 60110 101619 74729 73521 71530 31038 68824 31845 91876 61999 118809 69796 50002 47836 92196 45725 13417 45670 33535 77406 109536 53857 58362 62797 61977 40624 20704 23449 97558 57567 44342 93366 81844 90318 31521 99083 62789 56750 63218 70182 23082 74842 39564 145813 68620 55838 14072 44283 61195 83067 144033 57473 64928 9316 72689 47633 68025 48455 46186 136671 85005 69277 57551 116414 110635 69355 80973 85209 112535 44457 52290 44177 66239 71321 42039 122289 92694 44103 40209 49351 81307 32054 56257 98571 49377 37349 60331 56683 82684 101952 43297 48189 90306 69803 59172 37501 43355 31940 51154 635 39671 84492 119545 14068 46321 101988 59444 61695 74741 58772 105613 83422 66529 81719 46900 94910 0 57260 33367 98261 31949 18288 64990 46539 71001 54615 40311 88483 28714 124261 62461 138185 39438 55286 71249 45791 101363 76559 77573 96410 26740 78113 85055 81470 41557 56872 74130 88149 59692 52186 45830 51883 122289 14068 74729 101619 50002 92196 66239 73521 56257 64928 48455 44457 48189 45725 31845
16800 79636 76310 99864 51740 26654 60523 111439 86611 111629 68626 76284 29064 58420 34581 60891 31160 66571 39540 71829 93614 87889 71061 2592 23883 41164 68138 36928 76328 58027 85204 51447 105833 77867 33871 72132 88545 55197 57643 66368 12926 43807 61846 36838 100157 73457 46021 66669 79641 70443 30709 97510 73182 8211 52449 99780 86765 71694 8846 55142 102401 110778 64927 32200 86300 78478 77081 111581 29592 81519 64684 58823 32647 70852 101314 37091 65434 35470 59812 39057 34467 105639 45730 65304 108799 20252 23972 46740 31453 29931 46064 43113 9084 117713 71267 54646 72231 70197 78585 95120 57536 36847 71843 63739 65628 26175 72720 60632 104904 23199 23260 48805 46956 67922 85501 61562 59353 57260 0 45991 67785 69422 45612 51819 50244 108989 5834 78528 31488 42510 68832 108028 87877 51423 74638 95708 53197 44324 98078 113173 71498 32798 69466 110518 107845 17315 52022 44486 31944 71386 66129 83255 16800 65434 65628 99864 76310 58420 60891 70852 51740 65304 8211 8846 64684 9084 31160 86611
32045 36392 68472 55784 40890 69922 15311 65725 63662 70001 31534 88675 43937 18753 18401 60212 18633 46773 14073 27174 52796 76171 28003 45539 38314 30482 22164 23667 56539 67473 39869 11645 67561 49671 72130 28247 66330 29435 24033 31667 56836 11197 41477 10677 116053 38084 22840 47439 33777 31747 61157 114686 31056 50822 24055 55138 41126 37043 38633 14512 104050 66879 36448 28921 83519 78150 39992 66442 66217 79829 19712 20645 16572 35428 56052 12174 108592 76890 15882 9564 19834 62035 1348 26159 71922 28194 22656 27466 28356 61143 81860 10484 39281 73515 38281 25880 26649 24328 36276 50139 33990 10733 51238 108438 30879 22320 69278 27026 59412 53674 34391 92547 53511 34745 51688 18456 63794 33367 45991 0 65858 24895 15738 31771 13373 62998 40768 33149 71823 6244 102274 62992 111007 7733 31035 51666 13444 87627 55174 67317 63317 35353 45061 66708 63672 39225 23513 43217 69723 31261 24087 37503 32045 108592 30879 55784 68472 18753 60212 35428 40890 26159 50822 38633 19712 39281 18633 63662
55996 68285 10746 82908 24976 90924 76430 111624 129411 83343 52313 28476 38722 56022 50795 6943 53653 111548 52611 86042 69322 22554 64289 65240 44610 36389 74776 81790 121710 16639 79123 57361 71243 39544 59229 88397 34666 39283 47994 48408 65694 75200 29207 58760 54229 50204 43086 112111 85533 55329 46736 53992 62836 63354 89195 85179 92665 48724 69592 57667 38435 89992 39472 42613 19045 12379 54074 96369 55368 14591 67341 53868 54781 49864 89467 56261 90922 66961 63286 58059 49347 85164 67031 55349 70437 55628 66556 38425 43618 47744 58314 55413 70835 96473 46017 43157 82634 74344 97185 102917 98849 58652 27375 96644 96532 55028 4980 47317 108046 48670 46851 81670 20993 46115 51236 61911 10513 98261 67785 65858 0 84644 79976 34870 54502 103917 63632 88150 62856 69625 65295 113364 56809 62246 67068 79999 56853 77244 77712 103620 9196 87918 33069 89456 88917 78839 44266 25411 57808 58164 60678 89181 55996 90922 96532 82908 10746 56022 6943 49864 24976 55349 63354 69592 67341 70835 53653 129411
56707 29796 84767 42785 60367 91178 9649 42402 52324 60055 36987 110022 68413 28785 42802 80009 43487 42194 37732 2413 46527 89924 25732 69330 63103 52582 11366 37906 49025 89311 25680 27987 62547 57671 97002 3772 75505 45395 36902 39676 81010 26159 56571 35563 137357 42867 43050 43053 12667 35067 85993 136350 29148 75019 25974 40758 18039 42958 61309 27032 121363 53097 47947 53043 100432 96370 42165 49562 91102 97433 18253 31077 41426 41132 39616 36856 133239 101619 21430 34230 44113 49360 24640 31778 68023 52925 45453 47503 52612 86001 106733 33318 61711 58574 45398 41496 5589 13398 12574 25698 32479 35615 63951 132723 19755 47181 87185 38289 35632 78567 59234 117043 75902 42966 54322 23201 84694 31949 69422 24895 84644 0 26238 49931 30916 41736 64626 9653 96602 26967 126915 38610 134070 23836 25820 39356 28060 112185 44822 47466 80081 49801 56846 53134 49568 59271 40478 65148 94598 32743 26412 15133 56707 133239 19755 42785 84767 28785 80009 41132 60367 31778 75019 61309 18253 61711 43487 52324
36376 48224 83418 65812 55242 65363 19978 68392 49758 81636 46485 100936 52844 33862 29704 73936 27906 31634 27383 28570 65432 91583 40636 46051 46133 43721 30119 11711 41735 79648 48752 27272 80901 65302 76529 28043 82065 45021 39730 47047 58079 4817 56989 21332 128084 53129 37655 32236 38417 46255 67675 126421 44084 52311 9369 64479 44271 52251 36958 29737 118384 76744 52178 39700 98143 92349 54574 74604 71004 94249 31259 35959 26219 50558 64311 23785 110872 79973 29248 21921 31231 72349 14390 40870 85651 33274 22482 42101 38881 67427 87514 25150 37118 82870 53689 41557 30621 32874 33315 51120 18879 21437 66907 109336 20638 29218 83704 42661 61461 59524 42037 94319 65503 50222 66634 32088 76777 18288 45612 15738 79976 26238 0 46876 29110 67941 41657 35890 75319 10484 109228 63822 121258 22764 42946 61901 28955 89703 66350 73462 78193 23866 60793 76674 73324 33408 39101 55981 74226 45288 37756 41308 36376 110872 20638 65812 83418 33862 73936 50558 55242 40870 52311 36958 31259 37118 27906 49758
35380 38680 36702 57285 10576 78416 41563 80867 95366 64255 22751 60405 30371 21777 21071 30088 24999 78406 20222 51441 46756 44813 32380 49893 30260 10955 40575 51185 88283 40369 48508 22504 55959 26049 62503 53698 38463 5832 14327 19003 56674 42066 11094 26914 87604 24698 9318 79042 52081 25675 48655 86766 32113 51710 55719 58572 59583 22765 49168 22899 72548 66823 13780 19640 51855 46902 28990 70740 56685 48336 33272 19899 25112 22727 61908 24479 99901 69418 28779 25493 20149 61537 33036 23288 58089 32767 39375 5644 20366 49188 68272 21727 50354 73891 21312 8951 48312 40532 62501 69888 65604 26808 21738 102581 61945 28739 37842 15028 76315 44478 29093 86114 28422 18815 34514 27778 35089 64990 51819 31771 34870 49931 46876 0 19671 74525 46142 54174 64182 36399 84271 81278 85915 27438 35791 53539 21996 81033 53505 75903 31564 59989 17836 66406 64699 55748 9453 18008 60232 28037 27847 55918 35380 99901 61945 57285 36702 21777 30088 22727 10576 23288 51710 49168 33272 50354 24999 95366
34024 29474 56068 49749 29748 76085 22067 66475 76076 61653 19876 79149 39736 8186 16202 49433 19133 59898 10786 32668 43756 63174 20996 49130 35898 21901 23057 36148 69467 58395 36297 2933 57264 36481 70863 34679 52965 16389 10811 19109 59045 24519 28461 14538 106516 26008 12137 60589 35392 20945 58341 105458 22940 53207 37231 49902 43140 24697 44515 5340 92179 60579 23095 24334 71417 66573 28646 61952 64823 67984 16770 8962 17602 23268 51934 13432 108321 76644 11461 12182 16872 55413 14721 15433 61089 30215 30080 16612 24226 58557 79120 7343 45440 67557 25544 12655 30196 23889 43443 53191 47168 14482 37954 109358 42367 24098 57507 13956 61002 51928 32691 93024 45078 21925 39524 12122 53851 46539 50244 13373 54502 30916 29110 19671 0 61815 44503 36528 71384 19169 97875 65429 103297 7771 24673 45608 3451 87958 47836 64802 51038 47042 31693 60306 57717 47749 10583 34280 68449 21397 15947 39354 34024 108321 42367 49749 56068 8186 49433 23268 29748 15433 53207 44515 16770 45440 19133 76076
94374 36092 99720 23719 84434 132253 49079 10002 79034 37131 52439 132159 101299 54878 77590 101649 79695 77581 72003 39464 37960 99859 42364 108486 97709 82006 40863 79632 80672 113996 26092 59607 47982 66096 132673 40510 80619 68714 60534 56441 119524 67405 75294 72618 157987 53713 71993 78423 29746 49366 120054 157898 42428 113529 67002 20461 23843 55230 101486 56480 134445 25199 64888 86090 114574 113318 49914 16114 126634 113143 45274 55871 77783 54212 15511 72985 170065 138327 50559 70628 78484 26051 63301 51274 53542 90453 85431 75096 86027 120309 140742 67620 102050 25928 57907 65890 37515 38942 39274 21025 71398 72631 77300 170736 57001 84272 104597 59501 12902 113740 94414 154542 102932 58150 56102 49725 107879 71001 108989 62998 103917 41736 67941 74525 61815 0 103711 32097 133094 66987 158483 17254 159438 58146 38799 25064 58379 149513 29700 7427 96503 91516 70931 25682 22874 100566 66708 92469 130258 46724 47307 26634 94374 170065 57001 23719 99720 54878 101649 54212 84434 51274 113529 101486 45274 102050 79695 79034
10976 73931 71778 94177 46483 32443 55548 106406 84840 105821 62797 73973 25080 52670 28763 56700 25390 64748 33771 67022 87802 83193 65372 4775 19157 35582 62849 33969 74758 54906 79682 45773 100000 72179 35709 67464 83173 49418 51811 60534 16498 39432 56304 31310 98656 67625 40203 64918 74518 64627 30164 96169 67443 10654 49079 94143 81746 65864 7316 49449 99115 105066 59161 26570 82369 74681 71247 105994 30756 77630 59170 53036 26925 65019 95756 31440 69248 38413 54234 33484 28635 99913 40589 59508 102979 14429 19410 41001 25790 29538 47502 37421 8291 112018 65451 48824 67210 64838 74211 90310 54944 31313 66410 68147 62025 20410 68519 54798 99955 22037 17970 52759 43069 62097 79701 55922 55661 54615 5834 40768 63632 64626 41657 46142 44503 103711 0 73579 33959 37659 70076 103224 87371 45920 68968 90024 47497 48075 92324 107762 66861 31764 63849 104800 102157 17424 46192 39675 33567 65593 60413 78188 10976 69248 62025 94177 71778 52670 56700 65019 46483 59508 10654 7316 59170 8291 25390 84840
65193 26415 87127 35351 64750 100710 18031 32972 56523 53071 37577 114576 75547 32402 50192 84085 51371 49222 44835 7370 41492 91082 25247 78318 70701 58417 13643 47558 54821 94345 19218 33722 57231 57536 105105 8808 75136 49061 40226 40914 89848 35673 59272 43622 141715 42536 48467 50089 4664 35090 93600 140934 28027 83839 35208 32910 8410 43056 70571 31833 123709 45036 49756 60034 102819 99428 40876 40666 99144 100184 20914 34395 49331 41333 31094 44604 141737 110019 25572 42023 51386 41775 33119 33228 62935 61341 54609 52620 59713 93677 114423 40311 71021 50056 45739 45333 6569 13809 12559 17060 40789 43661 65386 141523 26983 55405 90235 40881 26380 86446 66970 125687 81425 43946 52291 26406 89262 40311 78528 33149 88150 9653 35890 54174 36528 32097 73579 0 104928 36024 134034 29851 139616 30452 23936 32377 33282 120775 38289 37956 82745 59421 58229 45138 41498 68840 44881 70591 102689 32389 27723 5608 65193 141737 26983 35351 87127 32402 84085 41333 64750 33228 83839 70571 20914 71021 51371 56523
39920 99935 73380 119896 58697 36619 87116 137044 118097 128396 85789 58777 33813 78855 55515 57233 53692 98059 61100 98931 110709 85381 91928 30145 35622 53810 92884 67900 107793 47643 107667 73494 119901 87956 4444 99751 92998 69381 75151 82519 18763 72658 70850 61312 77306 88790 62656 98156 105139 88327 16710 74075 93106 23565 83011 120570 112713 86863 40117 76721 88703 130134 77826 47529 77895 69813 93006 132791 7835 73214 87824 78396 55695 86634 123058 60487 36976 5293 82535 63003 54613 124834 71977 84240 121516 43677 52843 60998 47421 15858 15895 65524 40527 137232 85494 70576 98386 94416 107085 121953 88790 61276 78362 38463 95844 49524 67568 77396 131008 19851 38699 21973 44023 82886 98136 83505 52421 88483 31488 71823 62856 96602 75319 64182 71384 133094 33959 104928 0 70023 38281 134779 61577 75213 95659 115885 74788 16875 116857 136173 69948 64223 78885 129768 127674 48569 68725 48902 5075 90080 86780 109000 39920 36976 95844 119896 73380 78855 57233 86634 58697 84240 23565 40117 87824 40527 53692 118097
30140 42213 72938 61248 44818 65334 18060 68967 59869 75879 37767 91214 44427 24987 19922 63679 18846 42096 17020 29364 58837 81135 33955 42367 38179 33515 26603 17423 52135 69924 44918 17742 73727 55635 70705 29866 72053 34692 29958 37816 54057 5669 46596 11415 118483 44302 27172 42708 37347 37988 60603 116942 37107 48075 19571 60416 44298 43233 34601 20741 108003 72337 42234 30300 87701 81988 46236 71436 64924 83842 25281 26840 16933 41635 61029 13719 106443 74949 21887 11611 21453 67593 5057 32403 78131 26521 18590 31626 29572 60481 81017 14674 35106 78859 44408 31335 29790 29034 37078 52655 29315 11512 56628 105769 28593 21336 73291 33031 62396 52761 34109 90158 55810 40846 57910 24548 66753 28714 42510 6244 69625 26967 10484 36399 19169 66987 37659 36024 70023 0 102072 65568 112439 13969 36841 57167 19601 85337 60918 71711 67716 29175 50671 72192 69065 34038 28791 45975 68329 37467 30222 40849 30140 106443 28593 61248 72938 24987 63679 41635 44818 32403 48075 34601 25281 35106 18846 59869
72874 122921 75362 141293 75199 72921 117273 164091 154908 145681 106969 44580 58528 103875 84114 63106 83698 134817 89280 129061 129527 85382 116119 67069 64010 76586 120852 103572 144826 49324 132392 100524 134742 101756 35107 130423 99948 90098 97970 103112 56692 105797 86418 91666 49273 107830 86696 134993 133245 109933 41567 45510 116265 60631 117749 142763 140996 105966 76954 102997 73204 150226 95945 74009 71838 65378 112177 154854 39362 68382 114556 102683 85746 106370 146178 90133 33737 36204 109302 92761 82815 145030 102777 107288 134733 75994 87191 83392 74367 41802 22782 93776 77569 157163 103835 92655 127518 121759 138545 150946 124637 91600 89951 42815 129813 80739 68321 99232 158842 49722 68022 36273 56420 102287 113360 109457 56263 124261 68832 102274 65295 126915 109228 84271 97875 158483 70076 134034 38281 102072 0 163300 29674 103593 119703 137672 101281 35741 137069 160157 74423 101534 93385 149760 148424 86142 91780 66274 36902 112302 111212 137208 72874 33737 129813 141293 75362 103875 63106 106370 75199 107288 60631 76954 114556 77569 83698 154908
95030 45438 110495 38992 91709 129185 47784 8494 64732 54065 61053 140963 104982 59948 79868 110218 81187 66519 74426 36207 52203 112100 49263 107935 100392 87016 42482 75032 67878 121602 34487 62783 64103 77770 134926 36000 93695 75702 66952 64961 119574 64520 84183 73469 167565 63914 76901 67309 30065 58052 123250 167139 50528 113573 60568 35525 22320 65107 99859 60361 146269 42289 73898 89462 125845 123693 60736 33360 128953 123911 48835 61514 79154 63752 30696 74406 171583 139870 54030 71841 81008 42544 62927 58395 69825 91185 84057 80681 89206 123360 144087 69896 100224 43133 67905 72338 36395 41564 31152 12914 62737 73507 87984 171278 48562 85256 114680 66722 5667 116217 96720 155503 109409 67315 69059 54108 115980 62461 108028 62992 113364 38610 63822 81278 65429 17254 103224 29851 134779 65568 163300 0 167185 60017 46308 39141 62035 150604 44731 24191 106750 86041 81145 42745 39715 97229 72493 98632 132508 55207 53457 26106 95030 171583 48562 38992 110495 59948 110218 63752 91709 58395 113573 99859 48835 100224 81187 64732
86671 123376 64365 139356 75487 98123 124765 166459 169880 140073 107040 28743 68453 107487 92765 57912 93631 150112 97014 135924 126030 71304 118076 85631 75388 81490 125981 118151 160452 45601 133857 106194 127715 96342 57427 137795 89430 91493 100237 103036 77640 117117 84199 101148 20005 106055 91208 150436 137864 110118 57279 16221 117308 79938 130435 141450 145444 104406 94676 107789 49314 146762 94575 82229 55182 51324 110152 152909 59400 53354 118908 105761 95509 105293 145535 99098 63124 61345 114049 101589 91274 141884 111821 108914 126428 88854 101080 86996 82903 57992 46147 101139 95568 153277 101847 94863 133433 126238 146443 155731 138655 101060 84149 72398 141029 92077 57773 100554 162170 65339 79425 65285 58223 101308 108045 113456 51559 138185 87877 111007 56809 134070 121258 85915 103297 159438 87371 139616 61577 112439 29674 167185 0 110251 121293 136253 106409 63949 134325 159742 65547 118900 89433 146231 145600 104665 94890 69044 58354 112827 113731 141745 86671 63124 141029 139356 64365 107487 57912 105293 75487 108914 79938 94676 118908 95568 93631 169880
36245 29180 63803 48976 37428 76252 14588 61845 68448 62624 23896 86590 45095 11148 19871 57094 21581 52694 14411 25775 45240 70698 20646 50676 40385 28778 17691 31385 62076 65684 33781 5072 59866 42621 75094 27546 59665 24020 17313 24283 61433 18560 36044 14611 113982 30491 19539 53411 30050 24022 63234 112849 23530 55456 30193 48588 37735 29532 44677 6975 99948 60039 29839 29586 79178 74337 32282 60217 69086 75754 13262 13195 19644 27871 49910 14840 112173 80398 8624 12510 20992 55080 8934 18449 64195 32324 29078 24142 29262 63346 84071 9881 45442 66806 30925 20187 23925 19245 36209 47439 40071 14611 45225 112606 34625 26131 65277 20050 55944 56277 36775 96464 52126 27466 44072 10944 61352 39438 51423 7733 62246 23836 22764 27438 7771 58146 45920 30452 75213 13969 103593 60017 110251 0 23888 44827 6353 91459 47991 61889 58791 43074 38706 59837 56928 46244 18308 41425 72672 23541 16462 33971 36245 112173 34625 48976 63803 11148 57094 27871 37428 18449 55456 44677 13262 45442 21581 68448
58653 5373 64672 25240 45904 99981 24312 45178 78142 39046 14799 94703 62992 16822 40871 63965 43719 67006 35438 25699 22510 67637 3731 73650 60040 43351 14930 53551 74562 75706 12725 23196 38227 33704 94867 28561 51213 30013 21738 18660 83718 39999 37876 37980 121257 18776 33480 67840 20046 11885 81828 120840 4332 77870 47285 25233 26169 19529 68346 19538 100961 36235 27632 48169 80237 77597 16948 37295 88839 77995 11730 17360 42065 17939 27399 37548 132474 100942 15272 35677 41480 31214 31939 12503 43306 54810 52940 36347 48241 82153 102345 31552 69164 43100 22306 27093 20986 12476 35866 36169 55888 37957 42382 133836 45033 48637 68512 20819 41058 75978 57096 117442 64213 21166 28678 13131 69865 55286 74638 31035 67068 25820 42946 35791 24673 38799 68968 23936 95659 36841 119703 46308 121293 23888 0 21081 21503 112358 24143 40772 60679 65739 35327 36010 33221 70110 27968 53686 92474 9026 8879 23076 58653 132474 45033 25240 64672 16822 63965 17939 45904 12503 77870 68346 11730 69164 43719 78142
79631 16144 75126 4159 62562 121032 42052 34327 88562 20754 30792 108434 82636 37552 61746 78349 64722 81299 56394 38025 13109 74832 24653 94692 80323 62588 31815 73130 87198 91276 13683 44261 26236 41350 114829 40461 55560 47767 40820 34577 104600 59635 52228 59054 133725 30282 53246 82165 27801 27937 101432 133808 22867 98797 64490 5198 28438 32027 89406 40575 109451 15221 42059 68385 89742 88837 26108 17202 108839 88494 31958 37639 63105 31401 9678 58621 152472 121178 36211 56757 62264 10466 52451 31645 32106 75813 73903 55371 68559 101840 121585 52603 90212 22020 34466 45727 33774 29037 44484 34529 71793 59032 52926 154236 58847 69662 80308 38902 33512 96077 77611 137784 81356 35489 31051 34203 84851 71249 95708 51666 79999 39356 61901 53539 45608 25064 90024 32377 115885 57167 137672 39141 136253 44827 21081 0 42530 132686 6230 23641 72185 85438 46946 15042 12140 90885 47272 71445 112464 25885 29662 27897 79631 152472 58847 4159 75126 37552 78349 31401 62562 31645 98797 89406 31958 90212 64722 88562
37153 26439 57901 46682 32333 78825 19582 63028 74623 59057 18311 81970 43182 5719 19482 52004 22216 59043 13972 29707 41282 64502 17878 52162 39331 25147 19737 36940 68389 61353 32926 1988 55230 36352 74295 31832 53319 18036 10960 18225 62254 24590 29941 16904 109298 24750 15204 59762 32020 18932 61792 108308 20069 56385 36543 46729 39762 23637 47198 1971 94224 57582 23485 27784 73382 68798 26964 58724 68256 70085 13325 7267 20575 22061 48649 16156 111735 80043 8026 14540 20223 52454 14758 13299 59269 33307 32347 19504 27673 62007 82571 10085 48082 64522 24837 14132 27025 20478 40628 49851 46425 16864 38927 112714 40643 27138 59674 13731 57577 55362 36090 96397 48189 21312 38359 8728 56637 45791 53197 13444 56853 28060 28955 21996 3451 58379 47497 33282 74788 19601 101281 62035 106409 6353 21503 42530 0 91337 44982 61421 52966 48254 32363 57324 54660 49933 12596 37366 71880 19008 12946 35980 37153 111735 40643 46682 57901 5719 52004 22061 32333 13299 56385 47198 13325 48082 22216 74623
55583 116700 87948 136710 75289 38978 102830 153176 129543 145262 102656 68313 50672 95540 71946 72170 69879 109782 77531 114548 127584 99759 108628 43663 52371 70686 109064 81229 119039 61174 124255 89980 136671 104542 18901 115197 108784 86253 91991 99394 31625 87476 87473 77291 82113 105658 79485 109778 121211 105181 32956 78543 109879 37436 96770 137340 128703 103730 53162 93283 98848 146985 94647 64303 90634 82753 109879 149547 24407 86152 104250 95144 71838 103508 139755 76647 21172 11615 98992 79103 71118 141687 87679 101044 138187 59451 67458 77872 64158 32235 20720 81893 53284 154082 102342 87445 114273 110701 122202 137725 101604 77263 94641 21590 109915 65490 81717 94260 147006 36719 55286 5102 59725 99754 114872 100064 66732 101363 44324 87627 77244 112185 89703 81033 87958 149513 48075 120775 16875 85337 35741 150604 63949 91459 112358 132686 91337 0 133716 152757 84951 75746 95475 146622 144505 60101 85573 65443 20975 106909 103480 125028 55583 21172 109915 136710 87948 95540 72170 103508 75289 101044 37436 53162 104250 53284 69879 129543
81715 18813 72143 5985 61882 123801 46744 39358 94632 15374 31093 106187 83288 39658 63724 76574 66935 86936 58554 43633 8650 70993 27378 96920 81496 63164 36515 77342 93067 89820 19243 46824 20037 38417 115573 46158 51354 47879 41768 34561 106411 63785 50907 61799 130945 29241 54291 87799 33666 28540 101951 131188 24918 100709 69490 9308 34640 31116 92163 43078 105659 13326 41123 69585 86347 85939 24892 18692 109634 85384 35653 39375 65439 30843 14278 61134 153158 122145 39397 59456 64104 8032 56059 33033 25906 77973 76972 55933 69846 102417 121776 55042 93026 20415 33254 46302 39235 33711 50527 40691 77117 61767 50384 155302 64462 71914 77660 39466 39161 97006 79028 138818 80649 34881 27361 37112 83228 76559 98078 55174 77712 44822 66350 53505 47836 29700 92324 38289 116857 60918 137069 44731 134325 47991 24143 6230 44982 133716 0 26986 69550 89608 44914 12929 11384 94233 48154 71128 113240 26989 32050 33983 81715 153158 64462 5985 72143 39658 76574 30843 61882 33033 100709 92163 35653 93026 66935 94632
98081 37237 98713 21168 85432 137039 54101 16169 86431 31643 53332 132036 103758 57410 80857 101831 83237 84595 75289 45296 35605 97965 44474 112529 100608 84083 45198 85173 87927 114578 28507 62816 43499 64917 135528 46610 78332 70072 62321 57278 123288 72576 75585 76487 157360 53687 74252 85443 35046 50312 122590 157449 43936 117327 73133 18501 30015 55353 105946 59474 132631 19605 65283 88818 113182 112449 49620 10134 129491 112052 48723 58123 81393 54551 14209 76639 173078 141439 53876 74393 81643 21671 67739 52960 48793 94167 89930 77008 88835 122903 143115 71032 106573 19079 57896 67555 42846 43000 46106 28313 77992 76490 76564 174125 63661 87953 103947 60926 20242 116607 97490 157818 104136 58600 54245 52694 108255 77573 113173 67317 103620 47466 73462 75903 64802 7427 107762 37956 136173 71711 160157 24191 159742 61889 40772 23641 61421 152757 26986 0 95823 97217 70555 20153 18008 105585 68664 93911 133125 47867 49579 32367 98081 173078 63661 21168 98713 57410 101831 54551 85432 52960 117327 105946 48723 106573 83237 86431
58171 61374 5295 74908 23309 95849 72438 104546 126931 74529 45893 36938 42762 51299 50114 12781 53427 109809 50962 81285 61050 16417 58184 69032 47718 35825 69692 81308 119771 25418 72307 53760 62247 31157 66562 83781 25527 34949 43181 42153 70905 73376 23547 57464 61544 42989 40578 110424 79802 48805 53454 61657 56372 67937 87179 77329 86660 41678 72230 53502 41309 81557 33152 43400 20419 16943 46603 88241 62274 17439 62256 49009 54247 42998 81758 54949 99405 74316 58660 56416 48784 76834 64569 49561 61309 57190 67152 36092 44414 54416 66594 53122 73486 87918 38896 38874 77578 68972 92491 96805 97017 57355 19260 104811 93405 55590 8124 41971 101326 54283 49284 89519 26383 39516 42682 56971 18761 96410 71498 63317 9196 80081 78193 31564 51038 96503 66861 82745 69948 67716 74423 106750 65547 58791 60679 72185 52966 84951 69550 95823 0 88556 25670 81010 80635 80920 40488 27252 64968 51666 55034 83306 58171 99405 93405 74908 5295 51299 12781 42998 23309 49561 67937 72230 62256 73486 53427 126931
33447 71101 93830 89415 65443 44835 43788 91307 53958 104750 66564 103405 52867 53860 39062 81164 35368 34053 40226 52052 87947 103783 63022 34465 45669 52821 53811 12314 43584 82979 72490 46293 102900 82934 66663 51154 98071 60242 57663 66148 45492 25827 71043 33740 129194 72947 51010 34078 62193 67017 61871 126927 66245 40944 25531 88211 67713 71715 24632 49625 125687 100415 69116 45367 106925 99997 75184 98465 62187 102497 54034 55502 34933 70227 88158 35921 96380 67951 51027 35730 40196 95904 34227 61392 107268 32685 21424 54415 44354 61277 78803 40601 23967 106641 72564 57649 54423 56520 54909 73715 26834 33834 81643 93163 38445 33004 92372 60900 84251 53634 42279 79754 69512 68933 86526 53717 82059 26740 32798 35353 87918 49801 23866 59989 47042 91516 31764 59421 64223 29175 101534 86041 118900 43074 65739 85438 48254 75746 89608 97217 88556 0 76683 100323 97027 15729 54808 62509 64701 66613 59396 64933 33447 96380 38445 89415 93830 53860 81164 70227 65443 61392 40944 24632 54034 23967 35368 53958
53170 35727 29384 49939 20192 95972 50451 78879 106676 52297 20721 61488 45725 28914 38429 31676 42440 91399 36458 57713 36750 33081 33145 67459 47068 28310 45840 66938 100729 45097 46672 33771 41802 9071 76610 60389 21475 16443 21421 17344 73482 56153 8073 42990 87058 17318 25845 92113 54929 23464 62536 86991 30996 68836 68831 52133 61472 16038 67004 32198 65658 57579 9037 37280 44910 42596 21027 63476 71129 42773 38605 26509 42283 17444 56398 40762 113100 83963 36015 41150 37677 52578 46408 25191 42779 50602 56700 23337 38065 63240 80472 36567 68189 64305 13243 19375 53612 44698 68844 71490 78745 42892 7160 116750 72494 46447 33710 19048 75693 59809 46443 100467 37548 14302 20054 33795 38391 78113 69466 45061 33069 56846 60793 17836 31693 70931 63849 58229 78885 50671 93385 81145 89433 38706 35327 46946 32363 95475 44914 70555 25670 76683 0 57070 56234 73439 22072 30035 74501 26310 30698 58257 53170 113100 72494 49939 29384 28914 31676 17444 20192 25191 68836 67004 38605 68189 42440 106676
94294 30891 83211 10945 74628 135990 56733 35608 99757 11517 44020 117870 96215 52168 76335 88726 79439 94347 71075 51534 20335 80888 39493 109436 94369 76092 46556 88009 99455 102144 27974 59103 23723 49919 128500 53716 60885 60799 54647 47483 119118 74558 63432 73979 142016 42008 67169 95214 40861 41441 114879 142440 37385 113373 78773 12380 39442 43907 104353 55386 115397 599 53851 82447 96795 97023 37649 10023 122558 96216 47000 52040 77877 43711 14486 73464 166087 135057 51215 71664 76772 4941 67491 45792 28770 90513 88914 68860 82689 115347 134677 67409 105174 7487 45935 59226 47642 43817 56355 42563 85572 73953 62087 168206 72095 84403 89060 52386 37769 109918 91845 151724 93352 47724 38339 49139 95462 85055 110518 66708 89456 53134 76674 66406 60306 25682 104800 45138 129768 72192 149760 42745 146231 59837 36010 15042 57324 146622 12929 20153 81010 100323 57070 0 3668 105926 61051 83960 126165 39797 44389 39990 94294 166087 72095 10945 83211 52168 88726 43711 74628 45792 113373 104353 47000 105174 79439 99757
91739 28243 83048 7982 73228 133156 53360 32868 96109 14353 42109 117380 94250 49631 73827 87907 76840 90698 68502 47940 19598 81256 36786 106819 92180 74142 43223 84714 95787 101190 24577 56398 25495 49479 126508 50097 61356 59016 52524 45706 116666 71301 62291 71191 141882 40595 65021 91566 37245 39413 112983 142209 34887 110881 75268 8874 35776 42458 101536 52708 115865 3540 52484 80244 96943 96862 36255 8221 120541 96182 43963 49631 75235 42121 10837 70760 164131 132967 48321 68896 74317 3910 64420 43503 30853 87929 85996 66908 80451 113424 132942 64737 102336 9883 44629 57253 44096 40508 52687 39041 81984 71170 61552 166076 68464 81787 88724 50404 34608 107838 89556 149606 92006 46182 38118 46341 94581 81470 107845 63672 88917 49568 73324 64699 57717 22874 102157 41498 127674 69065 148424 39715 145600 56928 33221 12140 54660 144505 11384 18008 80635 97027 56234 3668 0 102896 58960 82413 124158 37596 41771 36331 91739 164131 68464 7982 83048 49631 87907 42121 73228 43503 110881 101536 43963 102336 76840 96109
22857 75421 86054 95007 58822 31961 51522 101644 69686 108795 67543 91158 41314 55621 35154 71915 31125 49765 38391 61659 91176 96899 66883 19234 34536 46583 60619 22641 59296 71599 78928 47969 105013 80862 51139 61369 94134 57511 57286 66204 29814 33188 66707 33213 116065 73342 47841 49802 70820 68685 47390 113591 69643 25524 38303 94336 77249 71817 10146 51675 115438 106101 67116 37913 97829 90412 76314 105468 46895 93192 58937 56707 31638 70605 95061 34606 80856 52230 54840 35567 35786 101232 38495 63123 108757 23837 17680 50143 36933 46702 63370 40478 9138 112735 72066 55799 63061 63072 66588 84502 41747 33272 77287 77994 51675 27010 83579 60532 94777 39397 31988 64198 59000 68472 86473 57157 71704 41557 17315 39225 78839 59271 33408 55748 47749 100566 17424 68840 48569 34038 86142 97229 104665 46244 70110 90885 49933 60101 94233 105585 80920 15729 73439 105926 102896 0 52929 53822 49247 68940 62480 74055 22857 80856 51675 95007 86054 55621 71915 70605 58822 63123 25524 10146 58937 9138 31125 69686
35223 31599 45495 51230 19948 78585 32178 72522 86651 60396 17207 69764 35370 12598 17999 39537 21951 70269 14775 41996 42424 52692 24347 50448 33367 15428 31249 44867 79940 49483 40620 13273 53824 28237 67567 44246 43546 5924 6451 14431 58849 34370 17974 21069 97009 21446 6212 70942 42974 19614 54186 96125 24787 53386 47557 52090 50568 19673 47838 13446 81687 61412 14375 21508 60885 56205 25209 64339 61588 57522 24040 11012 21292 18882 54971 18978 105206 74017 19385 19129 17742 56114 24838 15757 56827 31903 35568 8388 21852 54578 74514 14496 48923 68509 19389 2886 38929 31357 53049 60845 57497 20976 27836 107155 52932 26611 47090 8836 67671 48882 31105 90675 36917 15936 33794 18570 44424 56872 52022 23513 44266 40478 39101 9453 10583 66708 46192 44881 68725 28791 91780 72493 94890 18308 27968 47272 12596 85573 48154 68664 40488 54808 22072 61051 58960 52929 0 26148 65209 21394 19447 46858 35223 105206 52932 51230 45495 12598 39537 18882 19948 15757 53386 47838 24040 48923 21951 86651
30994 56686 32291 75127 9871 69642 56009 98599 105733 80990 40700 45460 16722 38690 26295 18688 28690 87215 29228 66943 63982 43526 50197 42082 20607 12770 56969 56715 97508 24319 66410 37192 71508 39099 46575 68896 45410 23840 32001 36868 45418 51331 22066 34671 72848 41966 22168 87728 68977 43658 32502 71553 50094 41681 65334 76512 76630 40058 44985 38758 63433 84398 30235 17274 44436 37541 46323 88642 41120 39989 49991 37153 30036 40294 79906 32272 83279 53946 45042 34419 24779 79142 44224 41195 72784 30311 41165 18004 18268 33208 50993 32866 46241 91423 38169 26605 64389 57331 77613 86872 74693 34567 29713 86727 74042 29673 29942 33016 93818 30250 22036 70432 10835 36246 49646 44591 20797 74130 44486 43217 25411 65148 55981 18008 34280 92469 39675 70591 48902 45975 66274 98632 69044 41425 53686 71445 37366 65443 71128 93911 27252 62509 30035 83960 82413 53822 26148 0 44471 46045 45477 72893 30994 83279 74042 75127 32291 38690 18688 40294 9871 41195 41681 44985 49991 46241 28690 105733
38216 96614 68351 116438 54314 40416 85034 134501 118308 124488 82147 54077 29968 75724 52841 52235 51322 98223 58399 96894 106906 80341 88746 30257 32551 50084 90363 67464 108125 42570 104640 70675 115732 83569 2421 97844 88199 65557 71656 78782 19935 71302 66499 59106 73399 84909 59227 98365 102698 84756 12014 70259 89776 23759 82242 117220 110333 82978 40210 73788 83846 126544 73773 44313 72834 64747 89163 129461 3635 68147 85043 75145 53359 82820 119845 58103 40020 9535 79730 60669 51843 121241 69964 80842 117214 41818 51781 57309 44292 11264 14123 62880 40765 133643 81516 66940 96127 91782 105395 119745 88488 59062 73759 42390 94843 47417 62508 73783 128595 16524 35923 25990 39162 79010 93919 80561 47362 88149 31944 69723 57808 94598 74226 60232 68449 130258 33567 102689 5075 68329 36902 132508 58354 72672 92474 112464 71880 20975 113240 133125 64968 64701 74501 126165 124158 49247 65209 44471 0 86602 83606 106593 38216 40020 94843 116438 68351 75724 52235 82820 54314 80842 23759 40210 85043 40765 51322 118308
54868 10673 55647 29837 37722 97431 28942 53699 84727 40289 5856 85961 56752 13328 36872 55259 40238 72117 31874 33076 22359 58785 7188 70128 54595 36709 21380 54825 80336 67308 21073 20978 36355 25214 88961 35906 42959 22206 14945 9827 79438 41617 29024 35835 112382 10222 27425 72921 28789 2861 75547 112022 4706 73763 51063 30760 35165 10674 65900 17311 91958 40135 18693 42663 71217 68591 9715 43001 82979 68971 15421 12572 38868 8993 33895 34829 126600 95373 16042 33465 37181 34856 32411 6088 40664 51185 51336 29502 42894 75954 95750 28736 66834 47220 13395 19880 28566 19558 43803 45194 60316 35787 33384 128480 50898 45222 59522 13111 49885 70249 52051 112010 56319 12150 22116 13199 61303 59692 71386 31261 58164 32743 45288 28037 21397 46724 65593 32389 90080 37467 112302 55207 112827 23541 9026 25885 19008 106909 26989 47867 51666 66613 26310 39797 37596 68940 21394 46045 86602 0 7572 31994 54868 126600 50898 29837 55647 13328 55259 8993 37722 6088 73763 65900 15421 66834 40238 84727
49970 13529 59407 33802 38252 91751 21627 53122 77812 46319 10604 87708 54185 7954 32098 57004 35071 64714 26732 27096 28789 63740 5148 65059 51161 34699 15195 47485 73098 68145 21256 14774 43511 31330 86002 29831 49163 22245 13531 13371 74959 34173 31616 29758 114593 16821 24723 65511 24859 9097 73012 113992 7178 69140 43507 34013 32055 16663 60114 11029 96000 44653 22056 39297 75100 71767 17170 46135 79971 72472 8324 8575 33489 14823 36278 29102 123601 92063 8517 27411 32661 39512 25174 5524 48018 46158 45041 27826 39363 73324 93578 23027 60981 51616 19010 18940 22916 14026 38169 42351 52812 29725 37853 124963 43783 40024 62585 13405 48468 67106 48225 108565 56149 16593 29541 5711 62584 52186 66129 24087 60678 26412 37756 27847 15947 47307 60413 27723 86780 30222 111212 53457 113731 16462 8879 29662 12946 103480 32050 49579 55034 59396 30698 44389 41771 62480 19447 45477 83606 7572 0 28515 49970 123601 43783 33802 59407 7954 57004 14823 38252 5524 69140 60114 8324 60981 35071 77812
69473 24443 87484 30564 66462 105854 22792 28226 60665 48390 37551 116141 78877 34260 53841 85479 55318 54399 48365 12929 38020 90713 25150 82946 74355 61051 16376 53002 59579 96273 15551 36685 53418 56691 109014 14387 73982 50544 41689 41169 94337 40867 60053 47741 143094 41838 50969 55266 3963 34814 97183 142455 27379 88322 40816 27917 3788 42597 75450 34351 123913 39857 50156 63359 103117 100138 39654 35154 103020 100708 22910 36020 53306 40975 25765 48523 145900 114139 28009 45997 54952 36851 37604 33846 59207 65586 59427 54893 63109 97308 118021 43838 75943 44665 45362 46978 11067 15577 16609 13987 46298 47771 65363 145929 32344 59547 90982 41914 22009 90236 70732 129978 83712 43980 50415 28309 90927 45830 83255 37503 89181 15133 41308 55918 39354 26634 78188 5608 109000 40849 137208 26106 141745 33971 23076 27897 35980 125028 33983 32367 83306 64933 58257 39990 36331 74055 46858 72893 106593 31994 28515 0 69473 145900 32344 30564 87484 34260 85479 40975 66462 33846 88322 75450 22910 75943 55318 60665
0 63497 63267 83772 36634 43412 47275 97659 83325 95020 51910 69961 19420 42127 18000 49080 14944 63460 23238 59050 76990 74276 55004 15296 12233 25076 53652 31519 73785 49612 69768 35529 89040 61367 40581 59833 72923 38479 40900 49584 25208 33166 45786 21797 95936 56662 29227 63772 65682 53809 31364 93781 56909 19268 44914 83883 73133 54896 14251 39122 92911 94578 48236 16039 75003 67656 60313 95855 34857 70390 49359 42353 16703 54065 85712 21443 76562 44912 44260 23747 17751 89386 32120 48781 92003 3921 14535 30132 15173 31077 51194 27177 15498 101572 54475 37848 58690 55436 67219 82163 52312 21776 56078 76485 56998 10128 60723 43857 91433 23155 9174 60512 36457 51122 68736 45741 49139 51883 16800 32045 55996 56707 36376 35380 34024 94374 10976 65193 39920 30140 72874 95030 86671 36245 58653 79631 37153 55583 81715 98081 58171 33447 53170 94294 91739 22857 35223 30994 38216 54868 49970 69473 0 76562 56998 83772 63267 42127 49080 54065 36634 48781 19268 14251 49359 15498 14944 83325
76562 136634 101621 156436 93124 56526 123838 173986 149915 164065 122072 75943 69883 115702 92490 86854 90627 130325 98076 135594 146655 112869 128744 64826 72470 90001 129832 102291 139362 74300 144578 110460 154774 122081 37645 136289 124308 105357 111656 118638 52793 108641 105276 98168 82937 124595 99244 130282 142055 124719 51249 79160 129796 58606 117879 157238 149597 122662 74259 113661 105822 166475 113225 84304 101475 94138 128890 169480 43651 97419 124797 115156 92617 122593 159855 97417 0 31776 119505 99913 91580 161172 108682 120858 155846 80398 88627 97236 84253 50749 32977 102499 74340 173571 121069 106884 135215 131386 143352 158724 122513 98136 111424 9689 131054 86362 94900 113733 167899 56496 75655 16677 76028 118715 132910 120443 80667 122289 65434 108592 90922 133239 110872 99901 108321 170065 69248 141737 36976 106443 33737 171583 63124 112173 132474 152472 111735 21172 153158 173078 99405 96380 113100 166087 164131 80856 105206 83279 40020 126600 123601 145900 76562 0 131054 156436 101621 115702 86854 122593 93124 120858 58606 74259 124797 74340 90627 149915
56998 49357 98428 62090 71567 82975 22276 54779 34215 79596 54235 119473 72881 43587 48420 91032 47408 22474 44817 20833 66260 105089 44328 66277 66394 61341 30114 29116 29542 98224 45239 39681 82285 74826 97136 18421 92540 58620 51254 56202 78315 24120 70584 39946 146820 60604 53452 23337 31258 52854 88249 145370 47904 72655 13376 59809 33851 60352 56828 40446 134492 72003 63461 58875 113773 108745 60581 67456 91636 110274 35525 45989 45520 58513 58065 42119 131054 100425 36690 39759 49940 68599 29825 48602 87730 53822 43067 58118 58160 88020 108152 41347 56828 77003 62495 54750 25291 32597 17871 37092 14428 40038 79322 129110 0 49416 99759 53447 47646 80133 62294 114433 84176 59577 72946 39216 94669 14068 65628 30879 96532 19755 20638 61945 42367 57001 62025 26983 95844 28593 129813 48562 141029 34625 45033 58847 40643 109915 64462 63661 93405 38445 72494 72095 68464 51675 52932 74042 94843 50898 43783 32344 56998 131054 0 62090 98428 43587 91032 58513 71567 48602 72655 56828 35525 56828 47408 34215
83772 20276 77657 0 66120 125189 45907 33417 91097 17843 34577 111377 86575 41677 65874 81496 68867 84490 60534 41335 14469 76810 28806 98842 84358 66498 35696 77103 90105 94568 17264 48417 25260 43867 118797 43671 57253 51544 44782 38288 108723 63634 55537 63214 136394 33635 57243 85358 30875 31786 105349 136566 26961 102927 68167 3476 30674 35437 93565 44728 111474 11095 45493 72420 92028 91425 29370 13626 112816 90957 36072 41724 67257 34931 8361 62778 156436 125190 40363 60916 66380 6600 56556 35668 31077 79957 78051 59271 72607 105770 125431 56757 94369 17860 37773 49617 37229 32939 47162 35750 75262 63192 55677 158269 62090 73811 83030 42777 33476 100076 81682 141810 84921 39019 33077 38363 88069 74729 99864 55784 82908 42785 65812 57285 49749 23719 94177 35351 119896 61248 141293 38992 139356 48976 25240 4159 46682 136710 5985 21168 74908 89415 49939 10945 7982 95007 51230 75127 116438 29837 33802 30564 83772 156436 62090 0 77657 41677 81496 34931 66120 35668 102927 93565 36072 94369 68867 91097
63267 65058 0 77657 28603 100330 77298 107995 132044 76145 49954 35623 47419 56018 55408 16314 58720 115023 56221 85907 63552 12069 62334 73821 52622 41117 74229 86601 124960 27322 76009 58754 63482 33798 69831 88444 25234 39865 47914 46327 75256 78601 28206 62738 58834 46587 45781 115643 84053 52790 57086 59238 60345 72499 92375 80217 90770 45404 77269 58369 36627 83771 37387 48633 15700 13816 49980 90813 65812 13444 66814 53697 59542 46827 84763 60224 101621 77575 63381 61670 54079 79200 69732 53900 62064 62367 72420 41325 49648 58076 69055 58323 78524 89944 42601 43777 82105 73402 97115 100841 102228 62629 22534 107389 98428 60853 7053 46534 105016 58445 54321 92398 30483 43533 44934 61598 21228 101619 76310 68472 10746 84767 83418 36702 56068 99720 71778 87127 73380 72938 75362 110495 64365 63803 64672 75126 57901 87948 72143 98713 5295 93830 29384 83211 83048 86054 45495 32291 68351 55647 59407 87484 63267 101621 98428 77657 0 56018 16314 46827 28603 53900 72499 77269 66814 78524 58720 132044
42127 21409 56018 41677 32353 84260 21582 60227 77784 53503 12781 82175 46441 0 24197 51722 27285 63063 18911 30057 35656 61715 13095 57281 43243 27292 18833 42398 72097 62051 28968 7706 49511 31844 78124 32497 49238 16752 8118 13257 67048 29708 27812 22511 109330 19348 17184 63812 30380 13224 65236 108533 14784 61251 40887 41958 37972 18394 52672 4249 92591 52450 19877 31411 71664 67622 21324 54089 72089 68651 11495 2405 25785 16724 44216 21579 115702 84135 7364 20141 24723 47265 20016 7586 53567 38347 38008 20738 31450 65525 85875 15472 53584 59450 19889 12949 26641 18777 41242 48247 50636 22465 35810 117014 43587 32260 58430 9872 55194 59212 40275 100622 49488 16534 32941 6002 56866 50002 58420 18753 56022 28785 33862 21777 8186 54878 52670 32402 78855 24987 103875 59948 107487 11148 16822 37552 5719 95540 39658 57410 51299 53860 28914 52168 49631 55621 12598 38690 75724 13328 7954 34260 42127 115702 43587 41677 56018 0 51722 16724 32353 7586 61251 52672 11495 53584 27285 77784
49080 65676 16314 81496 19688 84277 71486 108953 123543 83418 49419 30745 31829 51722 44503 0 47197 105414 46671 81528 68419 28382 60960 58353 37668 30219 70555 75307 115636 13829 76332 52339 71902 39251 53800 83778 37541 35027 43878 45433 59107 69195 26355 52634 57641 48145 37664 105958 81734 52487 40827 56988 59844 56596 83218 83546 89055 46510 62651 52980 44794 89239 36766 35955 25926 18854 52243 95080 49600 21366 63178 49691 48414 47443 87625 50158 86854 61555 58841 52073 43027 84254 61340 51859 71660 48777 59846 33004 36952 41807 53960 49729 63893 95918 43936 38773 78344 70337 92582 99354 92774 52527 27137 92101 91032 48360 11831 43607 105021 42193 39928 76747 14291 43504 51017 57695 6893 92196 60891 60212 6943 80009 73936 30088 49433 101649 56700 84085 57233 63679 63106 110218 57912 57094 63965 78349 52004 72170 76574 101831 12781 81164 31676 88726 87907 71915 39537 18688 52235 55259 57004 85479 49080 86854 91032 81496 16314 51722 0 47443 19688 51859 56596 62651 63178 63893 47197 123543
54065 18432 46827 34931 31190 97356 36266 61760 92606 41825 4284 77969 52866 16724 36497 47443 40286 79054 32320 41657 24086 49795 16086 69316 51800 32836 29804 59000 87689 60027 29328 23982 34987 16539 85117 44448 34375 17264 13394 4491 77642 46431 21097 37540 104075 2746 25035 79831 37781 6244 71344 103842 13611 72237 57280 36556 44108 1841 66321 20931 83029 44138 10734 40143 62337 59941 6405 48522 79245 60203 23146 14799 39297 0 40355 36000 122593 91899 22175 35248 36433 38866 36710 10006 38250 50663 52951 25712 40574 71854 90977 30254 67359 51190 4408 16452 37264 28234 52550 54068 66871 37470 24452 125088 58513 45133 50948 10252 58336 66820 49824 108602 49991 4090 16306 19445 53750 66239 70852 35428 49864 41132 50558 22727 23268 54212 65019 41333 86634 41635 106370 63752 105293 27871 17939 31401 22061 103508 30843 54551 42998 70227 17444 43711 42121 70605 18882 40294 82820 8993 14823 40975 54065 122593 58513 34931 46827 16724 47443 0 31190 10006 72237 66321 23146 67359 40286 92606
36634 48387 28603 66120 0 77680 51799 91075 104491 71294 32110 49834 25818 32353 26806 19688 30174 86871 27874 61928 54503 38392 42614 49496 28215 12623 51146 57999 96953 29894 58562 32651 61652 29262 56433 64138 36885 16008 24798 28154 54165 50440 12196 34257 77060 32642 18115 87460 62638 35154 42361 76196 42040 49955 64379 67692 70113 30770 50885 33357 63214 75083 20776 20909 42911 37262 36996 79709 50937 39027 43848 30456 30944 31190 71308 31739 93124 63771 39325 33344 25487 69862 42073 33458 62918 35000 44115 13451 21890 43055 60729 30464 52130 82063 28702 19485 58867 51103 72940 80421 74118 34148 20500 96594 71567 32640 28474 25100 86684 39757 28522 80287 18801 27102 39788 38354 24513 73521 51740 40890 24976 60367 55242 10576 29748 84434 46483 64750 58697 44818 75199 91709 75487 37428 45904 62562 32333 75289 61882 85432 23309 65443 20192 74628 73228 58822 19948 9871 54314 37722 38252 66462 36634 93124 71567 66120 28603 32353 19688 31190 0 33458 49955 50885 43848 52130 30174 104491
48781 15842 53900 35668 33458 91382 26330 57626 82752 46350 5743 82598 51090 7586 30784 51859 34162 69048 25806 32548 28382 58250 9162 64041 48690 31181 20659 49826 77704 63314 25225 15287 41943 26240 83213 35256 44022 17520 9363 7902 73379 36912 26210 29943 109371 12375 21615 69827 30262 5641 69922 108833 9036 67690 47341 36382 37317 11821 59880 11777 90485 46117 16535 36752 69591 66330 13833 48628 77214 66994 13545 6518 32813 10006 39215 28844 120858 89533 12171 27577 31099 40854 27382 0 45982 45098 45477 24056 36948 70298 90270 22773 60826 53189 13896 14635 28424 19550 43657 47579 56888 29891 32341 122601 48602 39144 57159 8361 53281 64435 46065 106143 51709 11195 25767 9446 57590 56257 65304 26159 55349 31778 40870 23288 15433 51274 59508 33228 84240 32403 107288 58395 108914 18449 12503 31645 13299 101044 33033 52960 49561 61392 25191 45792 43503 63123 15757 41195 80842 6088 5524 33846 48781 120858 48602 35668 53900 7586 51859 10006 33458 0 67690 59880 13545 60826 34162 82752
19268 82654 72499 102927 49955 27984 65817 116546 94650 113683 70443 69506 25219 61251 37054 56596 34200 74583 42431 77404 95659 84341 74203 6583 21821 40771 72723 44388 84415 52218 89035 54784 107007 77567 25730 77931 86785 55774 59407 67812 6015 50044 60943 40913 92701 74730 47204 74702 84593 72530 23042 89960 76009 0 59656 103103 91927 72890 16570 58355 96544 113670 65286 32307 81385 73408 78591 115104 21383 76567 68611 61344 35970 72237 104976 40695 58606 27840 63527 42947 36607 108452 50743 67690 109582 23170 30024 47110 31761 22191 37872 46440 17043 120691 72152 55801 77411 74589 84796 100665 65231 40901 70415 57707 72655 29388 68332 62191 110187 16213 22649 42154 42361 68997 86062 64999 54284 64928 8211 50822 63354 75019 52311 51710 53207 113529 10654 83839 23565 48075 60631 113573 79938 55456 77870 98797 56385 37436 100709 117327 67937 40944 68836 113373 110881 25524 53386 41681 23759 73763 69140 88322 19268 58606 72655 102927 72499 61251 56596 72237 49955 67690 0 16570 68611 17043 34200 94650
14251 73493 77269 93565 50885 31643 52660 103539 78108 106168 63703 81061 31518 52672 29869 62651 26035 58031 34177 63722 88255 88418 64878 9991 25010 39185 60763 28082 67916 61682 78332 45340 101219 74949 42250 63883 87061 51745 52940 61839 21737 35412 59805 30381 105921 69005 42190 58162 71931 65241 37443 103456 67264 16570 43620 93261 78883 67339 0 49088 105705 104581 61511 30195 88488 80936 72359 104855 37593 83798 57875 53362 27134 66321 94509 31093 74259 44240 53237 32711 30117 99530 38222 59880 104546 16401 16055 43737 29287 36797 54269 37200 1256 111420 67225 50615 64389 62961 70092 86971 48741 30409 70196 72395 56828 21231 74410 56078 96902 29349 22949 57617 49385 63736 81628 55215 62064 48455 8846 38633 69592 61309 36958 49168 44515 101486 7316 70571 40117 34601 76954 99859 94676 44677 68346 89406 47198 53162 92163 105946 72230 24632 67004 104353 101536 10146 47838 44985 40210 65900 60114 75450 14251 74259 56828 93565 77269 52672 62651 66321 50885 59880 16570 0 57875 1256 26035 78108
49359 17074 66814 36072 43848 89391 13538 49705 69501 50718 18914 93667 56506 11495 32317 63178 34527 56727 26729 19146 34175 71686 9498 63921 52523 38184 7448 41828 64922 73521 20520 14372 49704 39640 87462 21788 57467 28162 19354 21432 74567 28271 38710 27861 120803 25115 28078 57537 18986 17336 75088 120023 13075 68611 36068 35475 26664 24986 57875 11559 103441 47167 29746 41086 82508 78780 25134 46983 81427 79675 0 13497 32671 23146 36657 27918 124797 93054 5325 25708 33222 42347 20498 13545 54595 45446 42125 31988 40945 75289 95881 22367 58612 53814 27305 24419 15332 7340 30334 36881 45074 27857 45722 125519 35525 39231 69580 20289 44287 68544 49157 109286 60817 24740 37533 5494 68361 44457 64684 19712 67341 18253 31259 33272 16770 45274 59170 20914 87824 25281 114556 48835 118908 13262 11730 31958 13325 104250 35653 48723 62256 54034 38605 47000 43963 58937 24040 49991 85043 15421 8324 22910 49359 124797 35525 36072 66814 11495 63178 23146 43848 13545 68611 57875 0 58612 34527 69501
15498 74331 78524 94369 52130 30820 53152 103993 77609 107087 64704 82168 32721 53584 30939 63893 27077 57549 35167 64125 89192 89674 65716 10509 26246 40407 61378 27951 67373 62854 79043 46211 102234 76107 42768 64232 88282 52882 53972 62881 22009 35728 61012 31229 106945 70049 43310 57662 72453 66210 38307 104460 68140 17043 43571 94030 79352 68394 1256 49961 106906 105397 62643 31425 89725 82164 73375 105583 38220 85032 58612 54311 28128 67359 95226 32010 74340 44553 54022 33571 31218 100362 38834 60826 105595 17591 16643 44909 30513 37640 54852 38114 0 112219 68307 51710 64878 63606 70327 87348 48460 31260 71415 72313 56828 22312 75656 57122 97326 30270 24204 57680 50605 64808 82716 56036 63279 48189 9084 39281 70835 61711 37118 50354 45440 102050 8291 71021 40527 35106 77569 100224 95568 45442 69164 90212 48082 53284 93026 106573 73486 23967 68189 105174 102336 9138 48923 46241 40765 66834 60981 75943 15498 74340 56828 94369 78524 53584 63893 67359 52130 60826 17043 1256 58612 0 27077 77609
14944 48599 58720 68867 30174 57286 33855 83359 77513 80508 37719 73099 25625 27285 4030 47197 0 58641 8382 45729 62513 68434 40080 29998 19698 17604 39206 28138 68979 51836 54866 20585 75196 49737 53739 46877 63446 26387 26905 35805 40108 23548 36087 7973 100191 42972 16719 59130 51448 39379 42524 98515 42065 34200 37249 68944 59042 41319 26035 24183 91985 79712 36007 11829 72425 65973 46338 80911 47773 68201 34527 27669 2062 40286 70776 6795 90627 58853 29370 9348 4872 74543 19082 34162 78518 11093 14382 19356 10982 42517 63246 12243 27077 86686 41289 24788 44807 40825 54859 68429 46267 7910 46732 91041 47408 4985 57822 30045 77327 35113 15759 74883 37697 37762 55715 30799 49341 45725 31160 18633 53653 43487 27906 24999 19133 79695 25390 51371 53692 18846 83698 81187 93631 21581 43719 64722 22216 69879 66935 83237 53427 35368 42440 79439 76840 31125 21951 28690 51322 40238 35071 55318 14944 90627 47408 68867 58720 27285 47197 40286 30174 34162 34200 26035 34527 27077 0 77513
83325 81917 132044 91097 104491 95609 56461 72968 0 108936 88340 150612 101576 77784 79462 123543 77513 20092 76873 52574 97945 139124 77912 88089 94525 93380 63498 51813 10590 129344 75734 73519 113750 108990 120358 49742 126735 92449 85369 90401 99411 54412 104492 71066 177651 94615 86498 19948 61187 86822 114175 175879 81404 94650 40400 88234 60476 94447 78108 74548 167694 99528 97648 89341 147177 141745 94321 92967 115592 143481 69501 80184 75914 92606 85273 73491 149915 121904 70901 71480 80988 97170 62444 82752 119437 81026 68832 91108 88487 113723 132325 74030 77609 103158 96648 88635 57329 65710 44111 58254 31335 71171 113457 146030 34215 78159 132926 87633 66754 105823 90529 133390 115200 93775 106583 73402 126530 31845 86611 63662 129411 52324 49758 95366 76076 79034 84840 56523 118097 59869 154908 64732 169880 68448 78142 88562 74623 129543 94632 86431 126931 53958 106676 99757 96109 69686 86651 105733 118308 84727 77812 60665 83325 149915 34215 91097 132044 77784 123543 92606 104491 82752 94650 78108 69501 77609 77513 0
