budget,run_id,category,instance,profile,seed,trace_index,destroy_id,repair_id,accepted,best_improved,revert_reason,selector_type,selector_phase,selector_iter,selector_pair_times,selector_value,selector_probability,selector_epsilon,selector_temperature
4000,STRUCTURAL_RESCUE__b4000__multidepot__e2-multidepot-100c-01__A8_ROUTE_POOL_RECOMBINATION__seed1,multidepot,e2-multidepot-100c-01,A8_ROUTE_POOL_RECOMBINATION,1,0,whole_route_removal,greedy_insert_repair,True,False,candidate_usable,softmax,sample,0,0,1.0,0.05555555555555555,nan,1.0
4000,STRUCTURAL_RESCUE__b4000__multidepot__e2-multidepot-100c-01__A8_ROUTE_POOL_RECOMBINATION__seed1,multidepot,e2-multidepot-100c-01,A8_ROUTE_POOL_RECOMBINATION,1,1,vehicle_type_swap,regret2_insert_repair,True,False,candidate_usable,softmax,sample,1,0,1.235482004503095,0.05118322834319456,nan,0.999775
4000,STRUCTURAL_RESCUE__b4000__multidepot__e2-multidepot-100c-01__A8_ROUTE_POOL_RECOMBINATION__seed1,multidepot,e2-multidepot-100c-01,A8_ROUTE_POOL_RECOMBINATION,1,2,vehicle_type_swap,regret2_insert_repair,True,False,candidate_usable,softmax,sample,2,1,8.20962941479364,0.9819939293222147,nan,0.99955
4000,STRUCTURAL_RESCUE__b4000__multidepot__e2-multidepot-100c-01__A8_ROUTE_POOL_RECOMBINATION__seed1,multidepot,e2-multidepot-100c-01,A8_ROUTE_POOL_RECOMBINATION,1,3,vehicle_type_swap,regret2_insert_repair,True,False,candidate_usable,softmax,sample,3,2,8.192270251546784,0.9810698400493432,nan,0.999325
4000,STRUCTURAL_RESCUE__b4000__multidepot__e2-multidepot-100c-01__A8_ROUTE_POOL_RECOMBINATION__seed1,multidepot,e2-multidepot-100c-01,A8_ROUTE_POOL_RECOMBINATION,1,4,vehicle_type_swap,regret2_insert_repair,True,False,candidate_usable,softmax,sample,4,3,6.17941225779941,0.8710097273323204,nan,0.9991
4000,STRUCTURAL_RESCUE__b4000__multidepot__e2-multidepot-100c-01__A8_ROUTE_POOL_RECOMBINATION__seed1,multidepot,e2-multidepot-100c-01,A8_ROUTE_POOL_RECOMBINATION,1,5,vehicle_type_swap,regret2_insert_repair,True,False,candidate_usable,softmax,sample,5,4,6.669316719515968,0.9154752597008022,nan,0.998875
4000,STRUCTURAL_RESCUE__b4000__multidepot__e2-multidepot-100c-01__A8_ROUTE_POOL_RECOMBINATION__seed1,multidepot,e2-multidepot-100c-01,A8_ROUTE_POOL_RECOMBINATION,1,6,vehicle_type_swap,regret2_insert_repair,True,False,candidate_usable,softmax,sample,6,5,6.961075971684391,0.9346469422201956,nan,0.99865
4000,STRUCTURAL_RESCUE__b4000__multidepot__e2-multidepot-100c-01__A8_ROUTE_POOL_RECOMBINATION__seed1,multidepot,e2-multidepot-100c-01,A8_ROUTE_POOL_RECOMBINATION,1,7,vehicle_type_swap,regret2_insert_repair,True,False,candidate_usable,softmax,sample,7,6,6.1541591586336235,0.8630177695444231,nan,0.998425
4000,STRUCTURAL_RESCUE__b4000__multidepot__e2-multidepot-100c-01__A8_ROUTE_POOL_RECOMBINATION__seed1,multidepot,e2-multidepot-100c-01,A8_ROUTE_POOL_RECOMBINATION,1,8,worst_customer_removal,regret3_insert_repair,True,True,candidate_usable,softmax,sample,8,0,1.4192588295872821,0.012076823463332298,nan,0.9982
4000,STRUCTURAL_RESCUE__b4000__multidepot__e2-multidepot-100c-01__A8_ROUTE_POOL_RECOMBINATION__seed1,multidepot,e2-multidepot-100c-01,A8_ROUTE_POOL_RECOMBINATION,1,9,worst_customer_removal,regret3_insert_repair,True,False,candidate_usable,softmax,sample,9,1,20.303485425877028,0.999999502006166,nan,0.997975
4000,STRUCTURAL_RESCUE__b4000__multidepot__e2-multidepot-100c-01__A8_ROUTE_POOL_RECOMBINATION__seed1,multidepot,e2-multidepot-100c-01,A8_ROUTE_POOL_RECOMBINATION,1,10,worst_customer_removal,regret3_insert_repair,True,True,candidate_usable,softmax,sample,10,2,11.252871259618981,0.9956832083571441,nan,0.99775
4000,STRUCTURAL_RESCUE__b4000__multidepot__e2-multidepot-100c-01__A8_ROUTE_POOL_RECOMBINATION__seed1,multidepot,e2-multidepot-100c-01,A8_ROUTE_POOL_RECOMBINATION,1,11,worst_customer_removal,regret3_insert_repair,True,True,candidate_usable,softmax,sample,11,3,14.222930780727472,0.9997787516384925,nan,0.997525
4000,STRUCTURAL_RESCUE__b4000__multidepot__e2-multidepot-100c-01__A8_ROUTE_POOL_RECOMBINATION__seed1,multidepot,e2-multidepot-100c-01,A8_ROUTE_POOL_RECOMBINATION,1,12,worst_customer_removal,regret3_insert_repair,True,True,candidate_usable,softmax,sample,12,4,15.702581316313683,0.9999497450332874,nan,0.9973
4000,STRUCTURAL_RESCUE__b4000__multidepot__e2-multidepot-100c-01__A8_ROUTE_POOL_RECOMBINATION__seed1,multidepot,e2-multidepot-100c-01,A8_ROUTE_POOL_RECOMBINATION,1,13,worst_customer_removal,regret3_insert_repair,True,True,candidate_usable,softmax,sample,13,5,16.587583131068698,0.9999792983571941,nan,0.997075
4000,STRUCTURAL_RESCUE__b4000__multidepot__e2-multidepot-100c-01__A8_ROUTE_POOL_RECOMBINATION__seed1,multidepot,e2-multidepot-100c-01,A8_ROUTE_POOL_RECOMBINATION,1,14,worst_customer_removal,regret3_insert_repair,True,True,candidate_usable,softmax,sample,14,6,17.175923691285323,0.9999885242219587,nan,0.99685
4000,STRUCTURAL_RESCUE__b4000__multidepot__e2-multidepot-100c-01__A8_ROUTE_POOL_RECOMBINATION__seed1,multidepot,e2-multidepot-100c-01,A8_ROUTE_POOL_RECOMBINATION,1,15,worst_customer_removal,regret3_insert_repair,True,False,candidate_usable,softmax,sample,15,7,17.595082350802965,0.9999924652349922,nan,0.996625
4000,STRUCTURAL_RESCUE__b4000__multidepot__e2-multidepot-100c-01__A8_ROUTE_POOL_RECOMBINATION__seed1,multidepot,e2-multidepot-100c-01,A8_ROUTE_POOL_RECOMBINATION,1,16,worst_customer_removal,regret3_insert_repair,True,False,candidate_usable,softmax,sample,16,8,15.658695049115694,0.9999474143042411,nan,0.9964
4000,STRUCTURAL_RESCUE__b4000__multidepot__e2-multidepot-100c-01__A8_ROUTE_POOL_RECOMBINATION__seed1,multidepot,e2-multidepot-100c-01,A8_ROUTE_POOL_RECOMBINATION,1,17,worst_customer_removal,regret3_insert_repair,True,True,candidate_usable,softmax,sample,17,9,14.152062401872287,0.9997614625297305,nan,0.996175
4000,STRUCTURAL_RESCUE__b4000__multidepot__e2-multidepot-100c-01__A8_ROUTE_POOL_RECOMBINATION__seed1,multidepot,e2-multidepot-100c-01,A8_ROUTE_POOL_RECOMBINATION,1,18,worst_customer_removal,regret3_insert_repair,True,True,candidate_usable,softmax,sample,18,10,14.746335578950113,0.9998686337030149,nan,0.99595
4000,STRUCTURAL_RESCUE__b4000__multidepot__e2-multidepot-100c-01__A8_ROUTE_POOL_RECOMBINATION__seed1,multidepot,e2-multidepot-100c-01,A8_ROUTE_POOL_RECOMBINATION,1,19,worst_customer_removal,regret3_insert_repair,True,True,candidate_usable,softmax,sample,19,11,15.232229820069254,0.9999193724067892,nan,0.995725
4000,STRUCTURAL_RESCUE__b4000__multidepot__e2-multidepot-100c-01__A8_ROUTE_POOL_RECOMBINATION__seed1,multidepot,e2-multidepot-100c-01,A8_ROUTE_POOL_RECOMBINATION,1,20,worst_customer_removal,regret3_insert_repair,True,True,candidate_usable,softmax,sample,20,12,15.636877765519761,0.9999463251100043,nan,0.9955
4000,STRUCTURAL_RESCUE__b4000__multidepot__e2-multidepot-100c-01__A8_ROUTE_POOL_RECOMBINATION__seed1,multidepot,e2-multidepot-100c-01,A8_ROUTE_POOL_RECOMBINATION,1,21,worst_customer_removal,regret3_insert_repair,True,False,candidate_usable,softmax,sample,21,13,15.979056441062585,0.9999619646529804,nan,0.995275
4000,STRUCTURAL_RESCUE__b4000__multidepot__e2-multidepot-100c-01__A8_ROUTE_POOL_RECOMBINATION__seed1,multidepot,e2-multidepot-100c-01,A8_ROUTE_POOL_RECOMBINATION,1,22,worst_customer_removal,regret3_insert_repair,True,False,candidate_usable,softmax,sample,22,14,14.986458887929023,0.9998969543406964,nan,0.99505
4000,STRUCTURAL_RESCUE__b4000__multidepot__e2-multidepot-100c-01__A8_ROUTE_POOL_RECOMBINATION__seed1,multidepot,e2-multidepot-100c-01,A8_ROUTE_POOL_RECOMBINATION,1,23,worst_customer_removal,regret3_insert_repair,True,False,candidate_usable,softmax,sample,23,15,14.126056610900578,0.9997554953131167,nan,0.994825
4000,STRUCTURAL_RESCUE__b4000__multidepot__e2-multidepot-100c-01__A8_ROUTE_POOL_RECOMBINATION__seed1,multidepot,e2-multidepot-100c-01,A8_ROUTE_POOL_RECOMBINATION,1,24,worst_customer_removal,regret3_insert_repair,True,False,candidate_usable,softmax,sample,24,16,13.373075793479288,0.9994791457311896,nan,0.9946
4000,STRUCTURAL_RESCUE__b4000__multidepot__e2-multidepot-100c-01__A8_ROUTE_POOL_RECOMBINATION__seed1,multidepot,e2-multidepot-100c-01,A8_ROUTE_POOL_RECOMBINATION,1,25,worst_customer_removal,regret3_insert_repair,False,False,unchanged,softmax,sample,25,17,12.708569948552158,0.9989848581949151,nan,0.994375
4000,STRUCTURAL_RESCUE__b4000__multidepot__e2-multidepot-100c-01__A8_ROUTE_POOL_RECOMBINATION__seed1,multidepot,e2-multidepot-100c-01,A8_ROUTE_POOL_RECOMBINATION,1,26,worst_customer_removal,regret3_insert_repair,False,False,unchanged,softmax,sample,26,18,12.009468228018207,0.9979520520940939,nan,0.99415
4000,STRUCTURAL_RESCUE__b4000__multidepot__e2-multidepot-100c-01__A8_ROUTE_POOL_RECOMBINATION__seed1,multidepot,e2-multidepot-100c-01,A8_ROUTE_POOL_RECOMBINATION,1,27,worst_customer_removal,regret3_insert_repair,False,False,candidate_usable,softmax,sample,27,19,11.38387155302331,0.9961649061900533,nan,0.993925
4000,STRUCTURAL_RESCUE__b4000__multidepot__e2-multidepot-100c-01__A8_ROUTE_POOL_RECOMBINATION__seed1,multidepot,e2-multidepot-100c-01,A8_ROUTE_POOL_RECOMBINATION,1,28,worst_customer_removal,regret3_insert_repair,True,False,candidate_usable,softmax,sample,28,20,10.82075985007073,0.9932619422569374,nan,0.9937
4000,STRUCTURAL_RESCUE__b4000__multidepot__e2-multidepot-100c-01__A8_ROUTE_POOL_RECOMBINATION__seed1,multidepot,e2-multidepot-100c-01,A8_ROUTE_POOL_RECOMBINATION,1,29,worst_customer_removal,regret3_insert_repair,True,False,candidate_usable,softmax,sample,29,21,10.40406861024595,0.9897877602575915,nan,0.993475
4000,STRUCTURAL_RESCUE__b4000__multidepot__e2-multidepot-100c-01__A8_ROUTE_POOL_RECOMBINATION__seed1,multidepot,e2-multidepot-100c-01,A8_ROUTE_POOL_RECOMBINATION,1,30,worst_customer_removal,regret3_insert_repair,True,False,candidate_usable,softmax,sample,30,22,10.025199087340368,0.9851167108351527,nan,0.99325
4000,STRUCTURAL_RESCUE__b4000__multidepot__e2-multidepot-100c-01__A8_ROUTE_POOL_RECOMBINATION__seed1,multidepot,e2-multidepot-100c-01,A8_ROUTE_POOL_RECOMBINATION,1,31,worst_customer_removal,regret3_insert_repair,False,False,unchanged,softmax,sample,31,23,9.679221468562183,0.9790436245542659,nan,0.993025
4000,STRUCTURAL_RESCUE__b4000__multidepot__e2-multidepot-100c-01__A8_ROUTE_POOL_RECOMBINATION__seed1,multidepot,e2-multidepot-100c-01,A8_ROUTE_POOL_RECOMBINATION,1,32,worst_customer_removal,regret3_insert_repair,True,False,candidate_usable,softmax,sample,32,24,9.280777238556757,0.969015157036102,nan,0.9928
4000,STRUCTURAL_RESCUE__b4000__multidepot__e2-multidepot-100c-01__A8_ROUTE_POOL_RECOMBINATION__seed1,multidepot,e2-multidepot-100c-01,A8_ROUTE_POOL_RECOMBINATION,1,33,worst_customer_removal,regret3_insert_repair,False,False,unchanged,softmax,sample,33,25,8.992164965683008,0.9589851531528716,nan,0.992575
4000,STRUCTURAL_RESCUE__b4000__multidepot__e2-multidepot-100c-01__A8_ROUTE_POOL_RECOMBINATION__seed1,multidepot,e2-multidepot-100c-01,A8_ROUTE_POOL_RECOMBINATION,1,34,worst_customer_removal,regret3_insert_repair,False,False,candidate_usable,softmax,sample,34,26,8.65071397597029,0.9430936909435066,nan,0.99235
4000,STRUCTURAL_RESCUE__b4000__multidepot__e2-multidepot-100c-01__A8_ROUTE_POOL_RECOMBINATION__seed1,multidepot,e2-multidepot-100c-01,A8_ROUTE_POOL_RECOMBINATION,1,35,worst_customer_removal,regret3_insert_repair,False,False,candidate_usable,softmax,sample,35,27,8.334519426935401,0.9233608774685009,nan,0.992125
4000,STRUCTURAL_RESCUE__b4000__multidepot__e2-multidepot-100c-01__A8_ROUTE_POOL_RECOMBINATION__seed1,multidepot,e2-multidepot-100c-01,A8_ROUTE_POOL_RECOMBINATION,1,36,worst_customer_removal,regret3_insert_repair,False,False,unchanged,softmax,sample,36,28,8.040877003878961,0.8995910932415502,nan,0.9919
4000,STRUCTURAL_RESCUE__b4000__multidepot__e2-multidepot-100c-01__A8_ROUTE_POOL_RECOMBINATION__seed1,multidepot,e2-multidepot-100c-01,A8_ROUTE_POOL_RECOMBINATION,1,37,worst_customer_removal,regret3_insert_repair,True,False,candidate_usable,softmax,sample,37,29,7.767455261678407,0.871775888422008,nan,0.991675
4000,STRUCTURAL_RESCUE__b4000__multidepot__e2-multidepot-100c-01__A8_ROUTE_POOL_RECOMBINATION__seed1,multidepot,e2-multidepot-100c-01,A8_ROUTE_POOL_RECOMBINATION,1,38,worst_customer_removal,regret3_insert_repair,True,False,candidate_usable,softmax,sample,38,30,7.577233495438423,0.8487251598436433,nan,0.99145
4000,STRUCTURAL_RESCUE__b4000__multidepot__e2-multidepot-100c-01__A8_ROUTE_POOL_RECOMBINATION__seed1,multidepot,e2-multidepot-100c-01,A8_ROUTE_POOL_RECOMBINATION,1,39,worst_customer_removal,regret3_insert_repair,False,False,candidate_usable,softmax,sample,39,31,7.399258085583608,0.824163756732626,nan,0.991225
4000,STRUCTURAL_RESCUE__b4000__multidepot__e2-multidepot-100c-01__A8_ROUTE_POOL_RECOMBINATION__seed1,multidepot,e2-multidepot-100c-01,A8_ROUTE_POOL_RECOMBINATION,1,40,worst_customer_removal,regret3_insert_repair,False,False,unchanged,softmax,sample,40,32,7.171444526483349,0.7882899668781294,nan,0.991
4000,STRUCTURAL_RESCUE__b4000__multidepot__e2-multidepot-100c-01__A8_ROUTE_POOL_RECOMBINATION__seed1,multidepot,e2-multidepot-100c-01,A8_ROUTE_POOL_RECOMBINATION,1,41,vehicle_type_swap,regret2_insert_repair,True,True,candidate_usable,softmax,sample,41,7,5.621901964656223,0.1948149573054166,nan,0.990775
4000,STRUCTURAL_RESCUE__b4000__multidepot__e2-multidepot-100c-01__A8_ROUTE_POOL_RECOMBINATION__seed1,multidepot,e2-multidepot-100c-01,A8_ROUTE_POOL_RECOMBINATION,1,42,vehicle_type_swap,regret2_insert_repair,True,True,candidate_usable,softmax,sample,42,8,7.43284662949389,0.6007485609677126,nan,0.99055
4000,STRUCTURAL_RESCUE__b4000__multidepot__e2-multidepot-100c-01__A8_ROUTE_POOL_RECOMBINATION__seed1,multidepot,e2-multidepot-100c-01,A8_ROUTE_POOL_RECOMBINATION,1,43,vehicle_type_swap,regret2_insert_repair,True,True,candidate_usable,softmax,sample,43,9,8.840659531667924,0.861757270767692,nan,0.990325
4000,STRUCTURAL_RESCUE__b4000__multidepot__e2-multidepot-100c-01__A8_ROUTE_POOL_RECOMBINATION__seed1,multidepot,e2-multidepot-100c-01,A8_ROUTE_POOL_RECOMBINATION,1,44,vehicle_type_swap,regret2_insert_repair,True,False,candidate_usable,softmax,sample,44,10,9.966387553943859,0.9510650391759664,nan,0.9901
4000,STRUCTURAL_RESCUE__b4000__multidepot__e2-multidepot-100c-01__A8_ROUTE_POOL_RECOMBINATION__seed1,multidepot,e2-multidepot-100c-01,A8_ROUTE_POOL_RECOMBINATION,1,45,vehicle_type_swap,regret2_insert_repair,True,True,candidate_usable,softmax,sample,45,11,9.250672278084968,0.9041720865650476,nan,0.989875
4000,STRUCTURAL_RESCUE__b4000__multidepot__e2-multidepot-100c-01__A8_ROUTE_POOL_RECOMBINATION__seed1,multidepot,e2-multidepot-100c-01,A8_ROUTE_POOL_RECOMBINATION,1,46,vehicle_type_swap,regret2_insert_repair,True,False,candidate_usable,softmax,sample,46,12,10.15392600823293,0.9592001680350682,nan,0.98965
4000,STRUCTURAL_RESCUE__b4000__multidepot__e2-multidepot-100c-01__A8_ROUTE_POOL_RECOMBINATION__seed1,multidepot,e2-multidepot-100c-01,A8_ROUTE_POOL_RECOMBINATION,1,47,vehicle_type_swap,regret2_insert_repair,True,False,candidate_usable,softmax,sample,47,13,9.533347185632383,0.9262649640004305,nan,0.989425
4000,STRUCTURAL_RESCUE__b4000__multidepot__e2-multidepot-100c-01__A8_ROUTE_POOL_RECOMBINATION__seed1,multidepot,e2-multidepot-100c-01,A8_ROUTE_POOL_RECOMBINATION,1,48,vehicle_type_swap,regret2_insert_repair,True,True,candidate_usable,softmax,sample,48,14,9.42978501460554,0.918812965551928,nan,0.9892
4000,STRUCTURAL_RESCUE__b4000__multidepot__e2-multidepot-100c-01__A8_ROUTE_POOL_RECOMBINATION__seed1,multidepot,e2-multidepot-100c-01,A8_ROUTE_POOL_RECOMBINATION,1,49,vehicle_type_swap,regret2_insert_repair,True,False,candidate_usable,softmax,sample,49,15,10.139857481126828,0.9586968818441581,nan,0.988975
4000,STRUCTURAL_RESCUE__b4000__multidepot__e2-multidepot-100c-01__A8_ROUTE_POOL_RECOMBINATION__seed1,multidepot,e2-multidepot-100c-01,A8_ROUTE_POOL_RECOMBINATION,1,50,vehicle_type_swap,regret2_insert_repair,False,False,candidate_usable,softmax,sample,50,16,9.636024662689822,0.9331156447845788,nan,0.98875
4000,STRUCTURAL_RESCUE__b4000__multidepot__e2-multidepot-100c-01__A8_ROUTE_POOL_RECOMBINATION__seed1,multidepot,e2-multidepot-100c-01,A8_ROUTE_POOL_RECOMBINATION,1,51,worst_customer_removal,regret3_insert_repair,True,True,candidate_usable,softmax,sample,51,33,6.960057544108921,0.10435286698921517,nan,0.988525
4000,STRUCTURAL_RESCUE__b4000__multidepot__e2-multidepot-100c-01__A8_ROUTE_POOL_RECOMBINATION__seed1,multidepot,e2-multidepot-100c-01,A8_ROUTE_POOL_RECOMBINATION,1,52,vehicle_type_swap,regret2_insert_repair,True,True,candidate_usable,softmax,sample,52,17,9.076954922843937,0.845991653004529,nan,0.9883
4000,STRUCTURAL_RESCUE__b4000__multidepot__e2-multidepot-100c-01__A8_ROUTE_POOL_RECOMBINATION__seed1,multidepot,e2-multidepot-100c-01,A8_ROUTE_POOL_RECOMBINATION,1,53,vehicle_type_swap,regret2_insert_repair,True,True,candidate_usable,softmax,sample,53,18,9.687931644670032,0.910685778093247,nan,0.988075
4000,STRUCTURAL_RESCUE__b4000__multidepot__e2-multidepot-100c-01__A8_ROUTE_POOL_RECOMBINATION__seed1,multidepot,e2-multidepot-100c-01,A8_ROUTE_POOL_RECOMBINATION,1,54,vehicle_type_swap,regret2_insert_repair,True,False,candidate_usable,softmax,sample,54,19,10.234501737995005,0.9466300424505151,nan,0.98785
4000,STRUCTURAL_RESCUE__b4000__multidepot__e2-multidepot-100c-01__A8_ROUTE_POOL_RECOMBINATION__seed1,multidepot,e2-multidepot-100c-01,A8_ROUTE_POOL_RECOMBINATION,1,55,vehicle_type_swap,regret2_insert_repair,True,False,candidate_usable,softmax,sample,55,20,9.826333247181696,0.9214953422718786,nan,0.987625
4000,STRUCTURAL_RESCUE__b4000__multidepot__e2-multidepot-100c-01__A8_ROUTE_POOL_RECOMBINATION__seed1,multidepot,e2-multidepot-100c-01,A8_ROUTE_POOL_RECOMBINATION,1,56,vehicle_type_swap,regret2_insert_repair,True,False,candidate_usable,softmax,sample,56,21,9.742680394550156,0.9151725186089169,nan,0.9874
4000,STRUCTURAL_RESCUE__b4000__multidepot__e2-multidepot-100c-01__A8_ROUTE_POOL_RECOMBINATION__seed1,multidepot,e2-multidepot-100c-01,A8_ROUTE_POOL_RECOMBINATION,1,57,vehicle_type_swap,regret2_insert_repair,True,False,candidate_usable,softmax,sample,57,22,9.393841407079703,0.8834466296389432,nan,0.987175
4000,STRUCTURAL_RESCUE__b4000__multidepot__e2-multidepot-100c-01__A8_ROUTE_POOL_RECOMBINATION__seed1,multidepot,e2-multidepot-100c-01,A8_ROUTE_POOL_RECOMBINATION,1,58,vehicle_type_swap,regret2_insert_repair,True,False,candidate_usable,softmax,sample,58,23,9.336149056235657,0.8773219358553841,nan,0.98695
4000,STRUCTURAL_RESCUE__b4000__multidepot__e2-multidepot-100c-01__A8_ROUTE_POOL_RECOMBINATION__seed1,multidepot,e2-multidepot-100c-01,A8_ROUTE_POOL_RECOMBINATION,1,59,vehicle_type_swap,regret2_insert_repair,False,False,candidate_usable,softmax,sample,59,24,9.03321354266364,0.8403151663477303,nan,0.986725
4000,STRUCTURAL_RESCUE__b4000__multidepot__e2-multidepot-100c-01__A8_ROUTE_POOL_RECOMBINATION__seed1,multidepot,e2-multidepot-100c-01,A8_ROUTE_POOL_RECOMBINATION,1,60,vehicle_type_swap,regret2_insert_repair,True,False,candidate_usable,softmax,sample,60,25,8.676467073666005,0.7856930247585345,nan,0.9865
4000,STRUCTURAL_RESCUE__b4000__multidepot__e2-multidepot-100c-01__A8_ROUTE_POOL_RECOMBINATION__seed1,multidepot,e2-multidepot-100c-01,A8_ROUTE_POOL_RECOMBINATION,1,61,vehicle_type_swap,regret2_insert_repair,True,False,candidate_usable,softmax,sample,61,26,8.422121219353862,0.7391207415005684,nan,0.986275
4000,STRUCTURAL_RESCUE__b4000__multidepot__e2-multidepot-100c-01__A8_ROUTE_POOL_RECOMBINATION__seed1,multidepot,e2-multidepot-100c-01,A8_ROUTE_POOL_RECOMBINATION,1,62,worst_customer_removal,regret3_insert_repair,False,False,candidate_usable,softmax,sample,62,34,7.3473140392325424,0.25099581120063674,nan,0.98605
4000,STRUCTURAL_RESCUE__b4000__multidepot__e2-multidepot-100c-01__A8_ROUTE_POOL_RECOMBINATION__seed1,multidepot,e2-multidepot-100c-01,A8_ROUTE_POOL_RECOMBINATION,1,63,vehicle_type_swap,regret2_insert_repair,True,False,candidate_usable,softmax,sample,63,27,8.409006986451846,0.7733470591611883,nan,0.985825
4000,STRUCTURAL_RESCUE__b4000__multidepot__e2-multidepot-100c-01__A8_ROUTE_POOL_RECOMBINATION__seed1,multidepot,e2-multidepot-100c-01,A8_ROUTE_POOL_RECOMBINATION,1,64,vehicle_type_swap,regret2_insert_repair,False,False,candidate_usable,softmax,sample,64,28,8.396596250065604,0.7711561478655949,nan,0.9856
4000,STRUCTURAL_RESCUE__b4000__multidepot__e2-multidepot-100c-01__A8_ROUTE_POOL_RECOMBINATION__seed1,multidepot,e2-multidepot-100c-01,A8_ROUTE_POOL_RECOMBINATION,1,65,vehicle_type_swap,regret2_insert_repair,True,False,candidate_usable,softmax,sample,65,29,8.110872047876688,0.7160643153880134,nan,0.985375
4000,STRUCTURAL_RESCUE__b4000__multidepot__e2-multidepot-100c-01__A8_ROUTE_POOL_RECOMBINATION__seed1,multidepot,e2-multidepot-100c-01,A8_ROUTE_POOL_RECOMBINATION,1,66,vehicle_type_swap,regret2_insert_repair,True,False,candidate_usable,softmax,sample,66,30,7.909167267713731,0.6726842721331378,nan,0.98515
4000,STRUCTURAL_RESCUE__b4000__multidepot__e2-multidepot-100c-01__A8_ROUTE_POOL_RECOMBINATION__seed1,multidepot,e2-multidepot-100c-01,A8_ROUTE_POOL_RECOMBINATION,1,67,vehicle_type_swap,regret2_insert_repair,True,False,candidate_usable,softmax,sample,67,31,7.913997524192509,0.6737699350530165,nan,0.984925
4000,STRUCTURAL_RESCUE__b4000__multidepot__e2-multidepot-100c-01__A8_ROUTE_POOL_RECOMBINATION__seed1,multidepot,e2-multidepot-100c-01,A8_ROUTE_POOL_RECOMBINATION,1,68,vehicle_type_swap,regret2_insert_repair,True,False,candidate_usable,softmax,sample,68,32,7.731001371790616,0.6316918854536241,nan,0.9847
4000,STRUCTURAL_RESCUE__b4000__multidepot__e2-multidepot-100c-01__A8_ROUTE_POOL_RECOMBINATION__seed1,multidepot,e2-multidepot-100c-01,A8_ROUTE_POOL_RECOMBINATION,1,69,worst_customer_removal,regret3_insert_repair,True,False,candidate_usable,softmax,sample,69,35,7.141451040086064,0.34487959610068925,nan,0.984475
4000,STRUCTURAL_RESCUE__b4000__multidepot__e2-multidepot-100c-01__A8_ROUTE_POOL_RECOMBINATION__seed1,multidepot,e2-multidepot-100c-01,A8_ROUTE_POOL_RECOMBINATION,1,70,worst_customer_removal,regret3_insert_repair,False,False,unchanged,softmax,sample,70,36,7.000169818383418,0.31314556825124573,nan,0.98425
4000,STRUCTURAL_RESCUE__b4000__multidepot__e2-multidepot-100c-01__A8_ROUTE_POOL_RECOMBINATION__seed1,multidepot,e2-multidepot-100c-01,A8_ROUTE_POOL_RECOMBINATION,1,71,vehicle_type_swap,regret2_insert_repair,True,False,candidate_usable,softmax,sample,71,33,7.741222319395914,0.7027935206107392,nan,0.984025
4000,STRUCTURAL_RESCUE__b4000__multidepot__e2-multidepot-100c-01__A8_ROUTE_POOL_RECOMBINATION__seed1,multidepot,e2-multidepot-100c-01,A8_ROUTE_POOL_RECOMBINATION,1,72,vehicle_type_swap,regret2_insert_repair,True,False,candidate_usable,softmax,sample,72,34,7.574029109038254,0.6661411232384503,nan,0.9838
4000,STRUCTURAL_RESCUE__b4000__multidepot__e2-multidepot-100c-01__A8_ROUTE_POOL_RECOMBINATION__seed1,multidepot,e2-multidepot-100c-01,A8_ROUTE_POOL_RECOMBINATION,1,73,vehicle_type_swap,regret2_insert_repair,True,False,candidate_usable,softmax,sample,73,35,7.587798717251348,0.6692601260179958,nan,0.983575
4000,STRUCTURAL_RESCUE__b4000__multidepot__e2-multidepot-100c-01__A8_ROUTE_POOL_RECOMBINATION__seed1,multidepot,e2-multidepot-100c-01,A8_ROUTE_POOL_RECOMBINATION,1,74,vehicle_type_swap,regret2_insert_repair,True,False,candidate_usable,softmax,sample,74,36,7.4341183700683935,0.6338159364146165,nan,0.98335
4000,STRUCTURAL_RESCUE__b4000__multidepot__e2-multidepot-100c-01__A8_ROUTE_POOL_RECOMBINATION__seed1,multidepot,e2-multidepot-100c-01,A8_ROUTE_POOL_RECOMBINATION,1,75,vehicle_type_swap,regret2_insert_repair,True,False,candidate_usable,softmax,sample,75,37,7.45089013375487,0.6377735610700621,nan,0.983125
4000,STRUCTURAL_RESCUE__b4000__multidepot__e2-multidepot-100c-01__A8_ROUTE_POOL_RECOMBINATION__seed1,multidepot,e2-multidepot-100c-01,A8_ROUTE_POOL_RECOMBINATION,1,76,vehicle_type_swap,regret2_insert_repair,True,False,candidate_usable,softmax,sample,76,38,7.308868440929901,0.6037846679208951,nan,0.9829
4000,STRUCTURAL_RESCUE__b4000__multidepot__e2-multidepot-100c-01__A8_ROUTE_POOL_RECOMBINATION__seed1,multidepot,e2-multidepot-100c-01,A8_ROUTE_POOL_RECOMBINATION,1,77,worst_customer_removal,regret3_insert_repair,False,False,unchanged,softmax,sample,77,37,6.814689575085122,0.360882808024248,nan,0.982675
4000,STRUCTURAL_RESCUE__b4000__multidepot__e2-multidepot-100c-01__A8_ROUTE_POOL_RECOMBINATION__seed1,multidepot,e2-multidepot-100c-01,A8_ROUTE_POOL_RECOMBINATION,1,78,worst_customer_removal,regret3_insert_repair,False,False,candidate_usable,softmax,sample,78,38,6.638094015793082,0.32049148881961553,nan,0.98245
4000,STRUCTURAL_RESCUE__b4000__multidepot__e2-multidepot-100c-01__A8_ROUTE_POOL_RECOMBINATION__seed1,multidepot,e2-multidepot-100c-01,A8_ROUTE_POOL_RECOMBINATION,1,79,vehicle_type_swap,regret2_insert_repair,False,False,candidate_usable,softmax,sample,79,39,7.328231907031824,0.6812032626400758,nan,0.982225
4000,STRUCTURAL_RESCUE__b4000__multidepot__e2-multidepot-100c-01__A8_ROUTE_POOL_RECOMBINATION__seed1,multidepot,e2-multidepot-100c-01,A8_ROUTE_POOL_RECOMBINATION,1,80,vehicle_type_swap,regret2_insert_repair,True,False,candidate_usable,softmax,sample,80,40,7.147598784743355,0.6400252824249004,nan,0.982
4000,STRUCTURAL_RESCUE__b4000__multidepot__e2-multidepot-100c-01__A8_ROUTE_POOL_RECOMBINATION__seed1,multidepot,e2-multidepot-100c-01,A8_ROUTE_POOL_RECOMBINATION,1,81,vehicle_type_swap,regret2_insert_repair,True,False,candidate_usable,softmax,sample,81,41,7.023324733251373,0.6103930274986777,nan,0.981775
4000,STRUCTURAL_RESCUE__b4000__multidepot__e2-multidepot-100c-01__A8_ROUTE_POOL_RECOMBINATION__seed1,multidepot,e2-multidepot-100c-01,A8_ROUTE_POOL_RECOMBINATION,1,82,vehicle_type_swap,regret2_insert_repair,True,False,candidate_usable,softmax,sample,82,42,7.047813132344839,0.6163203146434458,nan,0.98155
4000,STRUCTURAL_RESCUE__b4000__multidepot__e2-multidepot-100c-01__A8_ROUTE_POOL_RECOMBINATION__seed1,multidepot,e2-multidepot-100c-01,A8_ROUTE_POOL_RECOMBINATION,1,83,vehicle_type_swap,regret2_insert_repair,False,False,candidate_usable,softmax,sample,83,43,6.931615857953431,0.5879759004370941,nan,0.981325
4000,STRUCTURAL_RESCUE__b4000__multidepot__e2-multidepot-100c-01__A8_ROUTE_POOL_RECOMBINATION__seed1,multidepot,e2-multidepot-100c-01,A8_ROUTE_POOL_RECOMBINATION,1,84,worst_customer_removal,regret3_insert_repair,False,False,candidate_usable,softmax,sample,84,39,6.471184959532016,0.4023728293659919,nan,0.9811
4000,STRUCTURAL_RESCUE__b4000__multidepot__e2-multidepot-100c-01__A8_ROUTE_POOL_RECOMBINATION__seed1,multidepot,e2-multidepot-100c-01,A8_ROUTE_POOL_RECOMBINATION,1,85,worst_customer_removal,regret3_insert_repair,False,False,unchanged,softmax,sample,85,40,6.311977728485383,0.3639995769910322,nan,0.9808749999999999
4000,STRUCTURAL_RESCUE__b4000__multidepot__e2-multidepot-100c-01__A8_ROUTE_POOL_RECOMBINATION__seed1,multidepot,e2-multidepot-100c-01,A8_ROUTE_POOL_RECOMBINATION,1,86,worst_customer_removal,regret3_insert_repair,False,False,candidate_usable,softmax,sample,86,41,6.1605233267204245,0.3290087836264232,nan,0.98065
4000,STRUCTURAL_RESCUE__b4000__multidepot__e2-multidepot-100c-01__A8_ROUTE_POOL_RECOMBINATION__seed1,multidepot,e2-multidepot-100c-01,A8_ROUTE_POOL_RECOMBINATION,1,87,vehicle_type_swap,regret2_insert_repair,False,False,candidate_usable,softmax,sample,87,44,6.77671720625757,0.645800210772281,nan,0.980425
4000,STRUCTURAL_RESCUE__b4000__multidepot__e2-multidepot-100c-01__A8_ROUTE_POOL_RECOMBINATION__seed1,multidepot,e2-multidepot-100c-01,A8_ROUTE_POOL_RECOMBINATION,1,88,worst_customer_removal,regret3_insert_repair,False,False,candidate_usable,softmax,sample,88,42,6.016383540014321,0.3269925874709119,nan,0.9802
4000,STRUCTURAL_RESCUE__b4000__multidepot__e2-multidepot-100c-01__A8_ROUTE_POOL_RECOMBINATION__seed1,multidepot,e2-multidepot-100c-01,A8_ROUTE_POOL_RECOMBINATION,1,89,vehicle_type_swap,regret2_insert_repair,False,False,candidate_usable,softmax,sample,89,45,6.628463302834568,0.6378786909358213,nan,0.979975
4000,STRUCTURAL_RESCUE__b4000__multidepot__e2-multidepot-100c-01__A8_ROUTE_POOL_RECOMBINATION__seed1,multidepot,e2-multidepot-100c-01,A8_ROUTE_POOL_RECOMBINATION,1,90,worst_customer_removal,regret3_insert_repair,False,False,candidate_usable,softmax,sample,90,43,5.8789345727768625,0.3247732199420921,nan,0.97975
4000,STRUCTURAL_RESCUE__b4000__multidepot__e2-multidepot-100c-01__A8_ROUTE_POOL_RECOMBINATION__seed1,multidepot,e2-multidepot-100c-01,A8_ROUTE_POOL_RECOMBINATION,1,91,vehicle_type_swap,regret2_insert_repair,True,False,candidate_usable,softmax,sample,91,46,6.48664366189477,0.6295485582796669,nan,0.979525
4000,STRUCTURAL_RESCUE__b4000__multidepot__e2-multidepot-100c-01__A8_ROUTE_POOL_RECOMBINATION__seed1,multidepot,e2-multidepot-100c-01,A8_ROUTE_POOL_RECOMBINATION,1,92,worst_customer_removal,regret3_insert_repair,False,False,candidate_usable,softmax,sample,92,44,5.7477206562898475,0.28974472104621457,nan,0.9793
4000,STRUCTURAL_RESCUE__b4000__multidepot__e2-multidepot-100c-01__A8_ROUTE_POOL_RECOMBINATION__seed1,multidepot,e2-multidepot-100c-01,A8_ROUTE_POOL_RECOMBINATION,1,93,vehicle_type_swap,regret2_insert_repair,False,False,candidate_usable,softmax,sample,93,47,6.5199968707670335,0.6605623150003024,nan,0.979075
4000,STRUCTURAL_RESCUE__b4000__multidepot__e2-multidepot-100c-01__A8_ROUTE_POOL_RECOMBINATION__seed1,multidepot,e2-multidepot-100c-01,A8_ROUTE_POOL_RECOMBINATION,1,94,vehicle_type_swap,regret2_insert_repair,True,False,candidate_usable,softmax,sample,94,48,6.386225872262977,0.6293242900483821,nan,0.97885
4000,STRUCTURAL_RESCUE__b4000__multidepot__e2-multidepot-100c-01__A8_ROUTE_POOL_RECOMBINATION__seed1,multidepot,e2-multidepot-100c-01,A8_ROUTE_POOL_RECOMBINATION,1,95,worst_customer_removal,regret3_insert_repair,True,False,candidate_usable,softmax,sample,95,45,5.622428770111699,0.30496324320626456,nan,0.978625
4000,STRUCTURAL_RESCUE__b4000__multidepot__e2-multidepot-100c-01__A8_ROUTE_POOL_RECOMBINATION__seed1,multidepot,e2-multidepot-100c-01,A8_ROUTE_POOL_RECOMBINATION,1,96,worst_customer_removal,regret3_insert_repair,False,False,candidate_usable,softmax,sample,96,46,5.675199040351592,0.3164719590605637,nan,0.9784
4000,STRUCTURAL_RESCUE__b4000__multidepot__e2-multidepot-100c-01__A8_ROUTE_POOL_RECOMBINATION__seed1,multidepot,e2-multidepot-100c-01,A8_ROUTE_POOL_RECOMBINATION,1,97,vehicle_type_swap,regret2_insert_repair,False,False,candidate_usable,softmax,sample,97,49,6.297895046621478,0.6204911484673296,nan,0.978175
4000,STRUCTURAL_RESCUE__b4000__multidepot__e2-multidepot-100c-01__A8_ROUTE_POOL_RECOMBINATION__seed1,multidepot,e2-multidepot-100c-01,A8_ROUTE_POOL_RECOMBINATION,1,98,worst_customer_removal,regret3_insert_repair,False,False,unchanged,softmax,sample,98,47,5.556661981389533,0.3139993488984183,nan,0.97795
4000,STRUCTURAL_RESCUE__b4000__multidepot__e2-multidepot-100c-01__A8_ROUTE_POOL_RECOMBINATION__seed1,multidepot,e2-multidepot-100c-01,A8_ROUTE_POOL_RECOMBINATION,1,99,vehicle_type_swap,regret2_insert_repair,False,False,candidate_usable,softmax,sample,99,50,6.173992919529674,0.6113960815800427,nan,0.977725
4000,STRUCTURAL_RESCUE__b4000__multidepot__e2-multidepot-100c-01__A8_ROUTE_POOL_RECOMBINATION__seed1,multidepot,e2-multidepot-100c-01,A8_ROUTE_POOL_RECOMBINATION,1,100,vehicle_type_swap,regret2_insert_repair,False,False,candidate_usable,softmax,sample,100,51,6.054850833227751,0.5821145923190726,nan,0.9775
4000,STRUCTURAL_RESCUE__b4000__multidepot__e2-multidepot-100c-01__A8_ROUTE_POOL_RECOMBINATION__seed1,multidepot,e2-multidepot-100c-01,A8_ROUTE_POOL_RECOMBINATION,1,101,worst_customer_removal,regret3_insert_repair,False,False,candidate_usable,softmax,sample,101,48,5.443146352177118,0.33273933301902525,nan,0.977275
4000,STRUCTURAL_RESCUE__b4000__multidepot__e2-multidepot-100c-01__A8_ROUTE_POOL_RECOMBINATION__seed1,multidepot,e2-multidepot-100c-01,A8_ROUTE_POOL_RECOMBINATION,1,102,vehicle_type_swap,regret2_insert_repair,True,False,candidate_usable,softmax,sample,102,52,5.940371771978968,0.5736125545926399,nan,0.97705
4000,STRUCTURAL_RESCUE__b4000__multidepot__e2-multidepot-100c-01__A8_ROUTE_POOL_RECOMBINATION__seed1,multidepot,e2-multidepot-100c-01,A8_ROUTE_POOL_RECOMBINATION,1,103,vehicle_type_swap,regret2_insert_repair,True,False,candidate_usable,softmax,sample,103,53,5.866911520385338,0.5551601584560436,nan,0.976825
4000,STRUCTURAL_RESCUE__b4000__multidepot__e2-multidepot-100c-01__A8_ROUTE_POOL_RECOMBINATION__seed1,multidepot,e2-multidepot-100c-01,A8_ROUTE_POOL_RECOMBINATION,1,104,vehicle_type_swap,regret2_insert_repair,False,False,candidate_usable,softmax,sample,104,54,5.907276344552712,0.5653734302787766,nan,0.9766
4000,STRUCTURAL_RESCUE__b4000__multidepot__e2-multidepot-100c-01__A8_ROUTE_POOL_RECOMBINATION__seed1,multidepot,e2-multidepot-100c-01,A8_ROUTE_POOL_RECOMBINATION,1,105,vehicle_type_swap,regret2_insert_repair,False,False,candidate_usable,softmax,sample,105,55,5.801621417830933,0.538653915657524,nan,0.976375
4000,STRUCTURAL_RESCUE__b4000__multidepot__e2-multidepot-100c-01__A8_ROUTE_POOL_RECOMBINATION__seed1,multidepot,e2-multidepot-100c-01,A8_ROUTE_POOL_RECOMBINATION,1,106,vehicle_type_swap,regret2_insert_repair,False,False,candidate_usable,softmax,sample,106,56,5.69973367896616,0.5126628302022381,nan,0.97615
4000,STRUCTURAL_RESCUE__b4000__multidepot__e2-multidepot-100c-01__A8_ROUTE_POOL_RECOMBINATION__seed1,multidepot,e2-multidepot-100c-01,A8_ROUTE_POOL_RECOMBINATION,1,107,worst_customer_removal,regret3_insert_repair,False,False,candidate_usable,softmax,sample,107,49,5.334512115243694,0.37085610446997436,nan,0.975925
4000,STRUCTURAL_RESCUE__b4000__multidepot__e2-multidepot-100c-01__A8_ROUTE_POOL_RECOMBINATION__seed1,multidepot,e2-multidepot-100c-01,A8_ROUTE_POOL_RECOMBINATION,1,108,worst_customer_removal,regret3_insert_repair,False,False,candidate_usable,softmax,sample,108,50,5.229784480357256,0.34616607611178873,nan,0.9757
4000,STRUCTURAL_RESCUE__b4000__multidepot__e2-multidepot-100c-01__A8_ROUTE_POOL_RECOMBINATION__seed1,multidepot,e2-multidepot-100c-01,A8_ROUTE_POOL_RECOMBINATION,1,109,vehicle_type_swap,regret2_insert_repair,False,False,candidate_usable,softmax,sample,109,57,5.601572326028173,0.5245398157000588,nan,0.975475
4000,STRUCTURAL_RESCUE__b4000__multidepot__e2-multidepot-100c-01__A8_ROUTE_POOL_RECOMBINATION__seed1,multidepot,e2-multidepot-100c-01,A8_ROUTE_POOL_RECOMBINATION,1,110,vehicle_type_swap,regret2_insert_repair,False,False,candidate_usable,softmax,sample,110,58,5.506635361565745,0.5002546085866878,nan,0.97525
4000,STRUCTURAL_RESCUE__b4000__multidepot__e2-multidepot-100c-01__A8_ROUTE_POOL_RECOMBINATION__seed1,multidepot,e2-multidepot-100c-01,A8_ROUTE_POOL_RECOMBINATION,1,111,vehicle_type_swap,regret2_insert_repair,False,False,candidate_usable,softmax,sample,111,59,5.414911136526903,0.47677952291814524,nan,0.975025
4000,STRUCTURAL_RESCUE__b4000__multidepot__e2-multidepot-100c-01__A8_ROUTE_POOL_RECOMBINATION__seed1,multidepot,e2-multidepot-100c-01,A8_ROUTE_POOL_RECOMBINATION,1,112,vehicle_type_swap,regret2_insert_repair,False,False,candidate_usable,softmax,sample,112,60,5.326239144502592,0.4541725099971593,nan,0.9748
4000,STRUCTURAL_RESCUE__b4000__multidepot__e2-multidepot-100c-01__A8_ROUTE_POOL_RECOMBINATION__seed1,multidepot,e2-multidepot-100c-01,A8_ROUTE_POOL_RECOMBINATION,1,113,vehicle_type_swap,regret2_insert_repair,False,False,candidate_usable,softmax,sample,113,61,5.24046939874952,0.43247392244145255,nan,0.974575
4000,STRUCTURAL_RESCUE__b4000__multidepot__e2-multidepot-100c-01__A8_ROUTE_POOL_RECOMBINATION__seed1,multidepot,e2-multidepot-100c-01,A8_ROUTE_POOL_RECOMBINATION,1,114,vehicle_type_swap,regret2_insert_repair,False,False,candidate_usable,softmax,sample,114,62,5.157461584135866,0.4117084538454428,nan,0.97435
4000,STRUCTURAL_RESCUE__b4000__multidepot__e2-multidepot-100c-01__A8_ROUTE_POOL_RECOMBINATION__seed1,multidepot,e2-multidepot-100c-01,A8_ROUTE_POOL_RECOMBINATION,1,115,worst_customer_removal,regret3_insert_repair,False,False,candidate_usable,softmax,sample,115,51,5.129634988450066,0.4136087825651437,nan,0.974125
4000,STRUCTURAL_RESCUE__b4000__multidepot__e2-multidepot-100c-01__A8_ROUTE_POOL_RECOMBINATION__seed1,multidepot,e2-multidepot-100c-01,A8_ROUTE_POOL_RECOMBINATION,1,116,vehicle_type_swap,regret2_insert_repair,False,False,candidate_usable,softmax,sample,116,63,5.077153855499888,0.4078790463327062,nan,0.9739
4000,STRUCTURAL_RESCUE__b4000__multidepot__e2-multidepot-100c-01__A8_ROUTE_POOL_RECOMBINATION__seed1,multidepot,e2-multidepot-100c-01,A8_ROUTE_POOL_RECOMBINATION,1,117,worst_customer_removal,regret3_insert_repair,False,False,candidate_usable,softmax,sample,117,52,5.032935825941744,0.40239525725771597,nan,0.973675
4000,STRUCTURAL_RESCUE__b4000__multidepot__e2-multidepot-100c-01__A8_ROUTE_POOL_RECOMBINATION__seed1,multidepot,e2-multidepot-100c-01,A8_ROUTE_POOL_RECOMBINATION,1,118,vehicle_type_swap,regret2_insert_repair,False,False,candidate_usable,softmax,sample,118,64,4.999350435864174,0.40357661680791157,nan,0.97345
4000,STRUCTURAL_RESCUE__b4000__multidepot__e2-multidepot-100c-01__A8_ROUTE_POOL_RECOMBINATION__seed1,multidepot,e2-multidepot-100c-01,A8_ROUTE_POOL_RECOMBINATION,1,119,whole_route_removal,greedy_insert_repair,False,False,candidate_usable,softmax,sample,119,1,2.4376067523602463,0.029926824263946817,nan,0.973225
4000,STRUCTURAL_RESCUE__b4000__multidepot__e2-multidepot-100c-01__A8_ROUTE_POOL_RECOMBINATION__seed1,multidepot,e2-multidepot-100c-01,A8_ROUTE_POOL_RECOMBINATION,1,120,vehicle_type_swap,regret2_insert_repair,False,False,candidate_usable,softmax,sample,120,65,4.923935861185103,0.39287339238891,nan,0.973
4000,STRUCTURAL_RESCUE__b4000__multidepot__e2-multidepot-100c-01__A8_ROUTE_POOL_RECOMBINATION__seed1,multidepot,e2-multidepot-100c-01,A8_ROUTE_POOL_RECOMBINATION,1,121,vehicle_type_swap,regret2_insert_repair,False,False,candidate_usable,softmax,sample,121,66,4.850737339080702,0.3750853003716032,nan,0.972775
4000,STRUCTURAL_RESCUE__b4000__multidepot__e2-multidepot-100c-01__A8_ROUTE_POOL_RECOMBINATION__seed1,multidepot,e2-multidepot-100c-01,A8_ROUTE_POOL_RECOMBINATION,1,122,random_customer_removal,greedy_insert_repair,False,False,unchanged,softmax,sample,122,0,1.6204633336707284,0.013908317414550182,nan,0.97255
4000,STRUCTURAL_RESCUE__b4000__multidepot__e2-multidepot-100c-01__A8_ROUTE_POOL_RECOMBINATION__seed1,multidepot,e2-multidepot-100c-01,A8_ROUTE_POOL_RECOMBINATION,1,123,worst_customer_removal,regret2_insert_repair,False,False,candidate_usable,softmax,sample,123,0,1.6209851248205571,0.014039318638368676,nan,0.972325
4000,STRUCTURAL_RESCUE__b4000__multidepot__e2-multidepot-100c-01__A8_ROUTE_POOL_RECOMBINATION__seed1,multidepot,e2-multidepot-100c-01,A8_ROUTE_POOL_RECOMBINATION,1,124,worst_customer_removal,regret3_insert_repair,False,False,candidate_usable,softmax,sample,124,53,4.940236126770466,0.4306560158270677,nan,0.9721
4000,STRUCTURAL_RESCUE__b4000__multidepot__e2-multidepot-100c-01__A8_ROUTE_POOL_RECOMBINATION__seed1,multidepot,e2-multidepot-100c-01,A8_ROUTE_POOL_RECOMBINATION,1,125,shaw_related_removal,greedy_insert_repair,False,False,unchanged,softmax,sample,125,0,1.6220149134515331,0.014729066416545679,nan,0.971875
4000,STRUCTURAL_RESCUE__b4000__multidepot__e2-multidepot-100c-01__A8_ROUTE_POOL_RECOMBINATION__seed1,multidepot,e2-multidepot-100c-01,A8_ROUTE_POOL_RECOMBINATION,1,126,worst_customer_removal,regret3_insert_repair,False,False,candidate_usable,softmax,sample,126,54,4.850607659677098,0.41242162783465064,nan,0.97165
4000,STRUCTURAL_RESCUE__b4000__multidepot__e2-multidepot-100c-01__A8_ROUTE_POOL_RECOMBINATION__seed1,multidepot,e2-multidepot-100c-01,A8_ROUTE_POOL_RECOMBINATION,1,127,vehicle_type_swap,regret2_insert_repair,False,False,candidate_usable,softmax,sample,127,67,4.780030711802114,0.39749521035422875,nan,0.971425
4000,STRUCTURAL_RESCUE__b4000__multidepot__e2-multidepot-100c-01__A8_ROUTE_POOL_RECOMBINATION__seed1,multidepot,e2-multidepot-100c-01,A8_ROUTE_POOL_RECOMBINATION,1,128,vehicle_type_swap,regret2_insert_repair,False,False,candidate_usable,softmax,sample,128,68,4.71109315205592,0.38063887337342067,nan,0.9712
4000,STRUCTURAL_RESCUE__b4000__multidepot__e2-multidepot-100c-01__A8_ROUTE_POOL_RECOMBINATION__seed1,multidepot,e2-multidepot-100c-01,A8_ROUTE_POOL_RECOMBINATION,1,129,vehicle_type_swap,regret2_insert_repair,False,False,candidate_usable,softmax,sample,129,69,4.64415004503612,0.3645339240753916,nan,0.970975
4000,STRUCTURAL_RESCUE__b4000__multidepot__e2-multidepot-100c-01__A8_ROUTE_POOL_RECOMBINATION__seed1,multidepot,e2-multidepot-100c-01,A8_ROUTE_POOL_RECOMBINATION,1,130,worst_customer_removal,regret3_insert_repair,False,False,candidate_usable,softmax,sample,130,55,4.764363075862323,0.42257972159240376,nan,0.97075
4000,STRUCTURAL_RESCUE__b4000__multidepot__e2-multidepot-100c-01__A8_ROUTE_POOL_RECOMBINATION__seed1,multidepot,e2-multidepot-100c-01,A8_ROUTE_POOL_RECOMBINATION,1,131,worst_customer_removal,regret3_insert_repair,False,False,candidate_usable,softmax,sample,131,56,4.680997468365999,0.40179690771576704,nan,0.970525
4000,STRUCTURAL_RESCUE__b4000__multidepot__e2-multidepot-100c-01__A8_ROUTE_POOL_RECOMBINATION__seed1,multidepot,e2-multidepot-100c-01,A8_ROUTE_POOL_RECOMBINATION,1,132,whole_route_removal,regret3_insert_repair,True,True,candidate_usable,softmax,sample,132,0,1.625482158224949,0.0178044874279095,nan,0.9703
4000,STRUCTURAL_RESCUE__b4000__multidepot__e2-multidepot-100c-01__A8_ROUTE_POOL_RECOMBINATION__seed1,multidepot,e2-multidepot-100c-01,A8_ROUTE_POOL_RECOMBINATION,1,133,whole_route_removal,regret3_insert_repair,False,False,candidate_usable,softmax,sample,133,1,20.44262127377481,0.9999997921766132,nan,0.970075
4000,STRUCTURAL_RESCUE__b4000__multidepot__e2-multidepot-100c-01__A8_ROUTE_POOL_RECOMBINATION__seed1,multidepot,e2-multidepot-100c-01,A8_ROUTE_POOL_RECOMBINATION,1,134,whole_route_removal,regret3_insert_repair,False,False,unchanged,softmax,sample,134,2,10.386672956446878,0.9934506713652816,nan,0.96985
4000,STRUCTURAL_RESCUE__b4000__multidepot__e2-multidepot-100c-01__A8_ROUTE_POOL_RECOMBINATION__seed1,multidepot,e2-multidepot-100c-01,A8_ROUTE_POOL_RECOMBINATION,1,135,whole_route_removal,regret3_insert_repair,False,False,candidate_usable,softmax,sample,135,3,7.013453501678831,0.8240937855414259,nan,0.969625
4000,STRUCTURAL_RESCUE__b4000__multidepot__e2-multidepot-100c-01__A8_ROUTE_POOL_RECOMBINATION__seed1,multidepot,e2-multidepot-100c-01,A8_ROUTE_POOL_RECOMBINATION,1,136,whole_route_removal,regret3_insert_repair,True,True,candidate_usable,softmax,sample,136,4,5.31807030279994,0.44918368155281646,nan,0.9694
4000,STRUCTURAL_RESCUE__b4000__multidepot__e2-multidepot-100c-01__A8_ROUTE_POOL_RECOMBINATION__seed1,multidepot,e2-multidepot-100c-01,A8_ROUTE_POOL_RECOMBINATION,1,137,whole_route_removal,regret3_insert_repair,False,False,candidate_usable,softmax,sample,137,5,8.286313705841293,0.9457754901066834,nan,0.969175
4000,STRUCTURAL_RESCUE__b4000__multidepot__e2-multidepot-100c-01__A8_ROUTE_POOL_RECOMBINATION__seed1,multidepot,e2-multidepot-100c-01,A8_ROUTE_POOL_RECOMBINATION,1,138,whole_route_removal,regret3_insert_repair,False,False,candidate_usable,softmax,sample,138,6,6.9374741834541345,0.8127096278478991,nan,0.96895
4000,STRUCTURAL_RESCUE__b4000__multidepot__e2-multidepot-100c-01__A8_ROUTE_POOL_RECOMBINATION__seed1,multidepot,e2-multidepot-100c-01,A8_ROUTE_POOL_RECOMBINATION,1,139,whole_route_removal,regret3_insert_repair,False,False,candidate_usable,softmax,sample,139,7,5.972298052681738,0.6158475425197781,nan,0.968725
4000,STRUCTURAL_RESCUE__b4000__multidepot__e2-multidepot-100c-01__A8_ROUTE_POOL_RECOMBINATION__seed1,multidepot,e2-multidepot-100c-01,A8_ROUTE_POOL_RECOMBINATION,1,140,whole_route_removal,regret3_insert_repair,False,False,candidate_usable,softmax,sample,140,8,5.247235492474119,0.43135322037142876,nan,0.9685
4000,STRUCTURAL_RESCUE__b4000__multidepot__e2-multidepot-100c-01__A8_ROUTE_POOL_RECOMBINATION__seed1,multidepot,e2-multidepot-100c-01,A8_ROUTE_POOL_RECOMBINATION,1,141,whole_route_removal,regret3_insert_repair,False,False,unchanged,softmax,sample,141,9,4.682447914569389,0.2974553917019309,nan,0.968275
4000,STRUCTURAL_RESCUE__b4000__multidepot__e2-multidepot-100c-01__A8_ROUTE_POOL_RECOMBINATION__seed1,multidepot,e2-multidepot-100c-01,A8_ROUTE_POOL_RECOMBINATION,1,142,vehicle_type_swap,regret3_insert_repair,False,False,candidate_usable,softmax,sample,142,0,1.6301012382314388,0.014295417642845759,nan,0.96805
4000,STRUCTURAL_RESCUE__b4000__multidepot__e2-multidepot-100c-01__A8_ROUTE_POOL_RECOMBINATION__seed1,multidepot,e2-multidepot-100c-01,A8_ROUTE_POOL_RECOMBINATION,1,143,worst_customer_removal,regret3_insert_repair,False,False,unchanged,softmax,sample,143,57,4.60121546606611,0.3107661171488818,nan,0.967825
4000,STRUCTURAL_RESCUE__b4000__multidepot__e2-multidepot-100c-01__A8_ROUTE_POOL_RECOMBINATION__seed1,multidepot,e2-multidepot-100c-01,A8_ROUTE_POOL_RECOMBINATION,1,144,vehicle_type_swap,regret2_insert_repair,False,False,candidate_usable,softmax,sample,144,70,4.5798838254592,0.31146719736976036,nan,0.9676
4000,STRUCTURAL_RESCUE__b4000__multidepot__e2-multidepot-100c-01__A8_ROUTE_POOL_RECOMBINATION__seed1,multidepot,e2-multidepot-100c-01,A8_ROUTE_POOL_RECOMBINATION,1,145,vehicle_type_swap,regret2_insert_repair,False,False,candidate_usable,softmax,sample,145,71,4.516666831030215,0.2976378163010773,nan,0.967375
4000,STRUCTURAL_RESCUE__b4000__multidepot__e2-multidepot-100c-01__A8_ROUTE_POOL_RECOMBINATION__seed1,multidepot,e2-multidepot-100c-01,A8_ROUTE_POOL_RECOMBINATION,1,146,worst_customer_removal,regret3_insert_repair,False,False,candidate_usable,softmax,sample,146,58,4.523639192749682,0.30539517388294485,nan,0.96715
4000,STRUCTURAL_RESCUE__b4000__multidepot__e2-multidepot-100c-01__A8_ROUTE_POOL_RECOMBINATION__seed1,multidepot,e2-multidepot-100c-01,A8_ROUTE_POOL_RECOMBINATION,1,147,vehicle_type_swap,regret2_insert_repair,False,False,candidate_usable,softmax,sample,147,72,4.455252682467225,0.2911939994762366,nan,0.966925
4000,STRUCTURAL_RESCUE__b4000__multidepot__e2-multidepot-100c-01__A8_ROUTE_POOL_RECOMBINATION__seed1,multidepot,e2-multidepot-100c-01,A8_ROUTE_POOL_RECOMBINATION,1,148,vehicle_type_swap,regret2_insert_repair,False,False,candidate_usable,softmax,sample,148,73,4.3954682785242944,0.2786022975296827,nan,0.9667
4000,STRUCTURAL_RESCUE__b4000__multidepot__e2-multidepot-100c-01__A8_ROUTE_POOL_RECOMBINATION__seed1,multidepot,e2-multidepot-100c-01,A8_ROUTE_POOL_RECOMBINATION,1,149,worst_customer_removal,regret3_insert_repair,False,False,candidate_usable,softmax,sample,149,59,4.448685601320114,0.29924710885880057,nan,0.966475
4000,STRUCTURAL_RESCUE__b4000__multidepot__e2-multidepot-100c-01__A8_ROUTE_POOL_RECOMBINATION__seed1,multidepot,e2-multidepot-100c-01,A8_ROUTE_POOL_RECOMBINATION,1,150,vehicle_type_swap,regret2_insert_repair,False,False,candidate_usable,softmax,sample,150,74,4.3373449487660665,0.2725885434132573,nan,0.96625
4000,STRUCTURAL_RESCUE__b4000__multidepot__e2-multidepot-100c-01__A8_ROUTE_POOL_RECOMBINATION__seed1,multidepot,e2-multidepot-100c-01,A8_ROUTE_POOL_RECOMBINATION,1,151,worst_customer_removal,regret3_insert_repair,False,False,candidate_usable,softmax,sample,151,60,4.376170781473665,0.2882438641052456,nan,0.966025
4000,STRUCTURAL_RESCUE__b4000__multidepot__e2-multidepot-100c-01__A8_ROUTE_POOL_RECOMBINATION__seed1,multidepot,e2-multidepot-100c-01,A8_ROUTE_POOL_RECOMBINATION,1,152,whole_route_removal,regret3_insert_repair,False,False,unchanged,softmax,sample,152,10,4.231272065562831,0.25321012548127453,nan,0.9658
4000,STRUCTURAL_RESCUE__b4000__multidepot__e2-multidepot-100c-01__A8_ROUTE_POOL_RECOMBINATION__seed1,multidepot,e2-multidepot-100c-01,A8_ROUTE_POOL_RECOMBINATION,1,153,random_customer_removal,regret2_insert_repair,False,False,candidate_usable,softmax,sample,153,0,1.6347883176249312,0.018715752732247935,nan,0.965575
4000,STRUCTURAL_RESCUE__b4000__multidepot__e2-multidepot-100c-01__A8_ROUTE_POOL_RECOMBINATION__seed1,multidepot,e2-multidepot-100c-01,A8_ROUTE_POOL_RECOMBINATION,1,154,vehicle_type_swap,regret2_insert_repair,False,False,candidate_usable,softmax,sample,154,75,4.280861982845144,0.2937802549827661,nan,0.96535
4000,STRUCTURAL_RESCUE__b4000__multidepot__e2-multidepot-100c-01__A8_ROUTE_POOL_RECOMBINATION__seed1,multidepot,e2-multidepot-100c-01,A8_ROUTE_POOL_RECOMBINATION,1,155,route_segment_removal,regret2_insert_repair,False,False,unchanged,softmax,sample,155,0,1.63560088151289,0.019268531587264964,nan,0.965125
4000,STRUCTURAL_RESCUE__b4000__multidepot__e2-multidepot-100c-01__A8_ROUTE_POOL_RECOMBINATION__seed1,multidepot,e2-multidepot-100c-01,A8_ROUTE_POOL_RECOMBINATION,1,156,whole_route_removal,greedy_insert_repair,False,False,candidate_usable,softmax,sample,156,2,1.3921964344543052,0.015165582868471661,nan,0.9649
4000,STRUCTURAL_RESCUE__b4000__multidepot__e2-multidepot-100c-01__A8_ROUTE_POOL_RECOMBINATION__seed1,multidepot,e2-multidepot-100c-01,A8_ROUTE_POOL_RECOMBINATION,1,157,vehicle_type_swap,regret2_insert_repair,False,False,candidate_usable,softmax,sample,157,76,4.225814221152597,0.287329728426189,nan,0.964675
4000,STRUCTURAL_RESCUE__b4000__multidepot__e2-multidepot-100c-01__A8_ROUTE_POOL_RECOMBINATION__seed1,multidepot,e2-multidepot-100c-01,A8_ROUTE_POOL_RECOMBINATION,1,158,worst_customer_removal,regret3_insert_repair,False,False,candidate_usable,softmax,sample,158,61,4.306283327094793,0.3172804857611734,nan,0.96445
4000,STRUCTURAL_RESCUE__b4000__multidepot__e2-multidepot-100c-01__A8_ROUTE_POOL_RECOMBINATION__seed1,multidepot,e2-multidepot-100c-01,A8_ROUTE_POOL_RECOMBINATION,1,159,whole_route_removal,regret3_insert_repair,False,False,candidate_usable,softmax,sample,159,11,3.8612142726113445,0.20440221776236003,nan,0.964225
4000,STRUCTURAL_RESCUE__b4000__multidepot__e2-multidepot-100c-01__A8_ROUTE_POOL_RECOMBINATION__seed1,multidepot,e2-multidepot-100c-01,A8_ROUTE_POOL_RECOMBINATION,1,160,route_segment_removal,regret3_insert_repair,True,False,candidate_usable,softmax,sample,160,0,1.6375832096273841,0.021566393837168827,nan,0.964
4000,STRUCTURAL_RESCUE__b4000__multidepot__e2-multidepot-100c-01__A8_ROUTE_POOL_RECOMBINATION__seed1,multidepot,e2-multidepot-100c-01,A8_ROUTE_POOL_RECOMBINATION,1,161,worst_customer_removal,greedy_insert_repair,False,False,candidate_usable,softmax,sample,161,0,1.63797155643382,0.020963731865478164,nan,0.963775
4000,STRUCTURAL_RESCUE__b4000__multidepot__e2-multidepot-100c-01__A8_ROUTE_POOL_RECOMBINATION__seed1,multidepot,e2-multidepot-100c-01,A8_ROUTE_POOL_RECOMBINATION,1,162,whole_route_removal,regret3_insert_repair,False,False,unchanged,softmax,sample,162,12,3.552048454051108,0.15498519391224486,nan,0.96355
4000,STRUCTURAL_RESCUE__b4000__multidepot__e2-multidepot-100c-01__A8_ROUTE_POOL_RECOMBINATION__seed1,multidepot,e2-multidepot-100c-01,A8_ROUTE_POOL_RECOMBINATION,1,163,shaw_related_removal,regret3_insert_repair,False,False,candidate_usable,softmax,sample,163,0,1.6387404122379732,0.022080639348781878,nan,0.963325
4000,STRUCTURAL_RESCUE__b4000__multidepot__e2-multidepot-100c-01__A8_ROUTE_POOL_RECOMBINATION__seed1,multidepot,e2-multidepot-100c-01,A8_ROUTE_POOL_RECOMBINATION,1,164,whole_route_removal,regret3_insert_repair,False,False,candidate_usable,softmax,sample,164,13,3.290043038343475,0.12447728196689548,nan,0.9631
4000,STRUCTURAL_RESCUE__b4000__multidepot__e2-multidepot-100c-01__A8_ROUTE_POOL_RECOMBINATION__seed1,multidepot,e2-multidepot-100c-01,A8_ROUTE_POOL_RECOMBINATION,1,165,worst_customer_removal,greedy_insert_repair,False,False,unchanged,softmax,sample,165,1,0.502194108248064,0.007063237720303336,nan,0.962875
4000,STRUCTURAL_RESCUE__b4000__multidepot__e2-multidepot-100c-01__A8_ROUTE_POOL_RECOMBINATION__seed1,multidepot,e2-multidepot-100c-01,A8_ROUTE_POOL_RECOMBINATION,1,166,whole_route_removal,regret3_insert_repair,False,False,candidate_usable,softmax,sample,166,14,3.065214911553272,0.10120170550285529,nan,0.96265
4000,STRUCTURAL_RESCUE__b4000__multidepot__e2-multidepot-100c-01__A8_ROUTE_POOL_RECOMBINATION__seed1,multidepot,e2-multidepot-100c-01,A8_ROUTE_POOL_RECOMBINATION,1,167,vehicle_type_swap,regret2_insert_repair,False,False,candidate_usable,softmax,sample,167,77,4.172493776775551,0.3257621802229929,nan,0.962425
4000,STRUCTURAL_RESCUE__b4000__multidepot__e2-multidepot-100c-01__A8_ROUTE_POOL_RECOMBINATION__seed1,multidepot,e2-multidepot-100c-01,A8_ROUTE_POOL_RECOMBINATION,1,168,worst_customer_removal,regret3_insert_repair,False,False,candidate_usable,softmax,sample,168,62,4.238774844453951,0.3551447164606456,nan,0.9621999999999999
4000,STRUCTURAL_RESCUE__b4000__multidepot__e2-multidepot-100c-01__A8_ROUTE_POOL_RECOMBINATION__seed1,multidepot,e2-multidepot-100c-01,A8_ROUTE_POOL_RECOMBINATION,1,169,whole_route_removal,regret3_insert_repair,False,False,candidate_usable,softmax,sample,169,15,2.8702466604496046,0.08768595714649184,nan,0.961975
4000,STRUCTURAL_RESCUE__b4000__multidepot__e2-multidepot-100c-01__A8_ROUTE_POOL_RECOMBINATION__seed1,multidepot,e2-multidepot-100c-01,A8_ROUTE_POOL_RECOMBINATION,1,170,worst_customer_removal,regret3_insert_repair,False,False,candidate_usable,softmax,sample,170,63,4.17302621074264,0.3446399863962766,nan,0.96175
4000,STRUCTURAL_RESCUE__b4000__multidepot__e2-multidepot-100c-01__A8_ROUTE_POOL_RECOMBINATION__seed1,multidepot,e2-multidepot-100c-01,A8_ROUTE_POOL_RECOMBINATION,1,171,whole_route_removal,greedy_insert_repair,False,False,candidate_usable,softmax,sample,171,3,1.0208580520047283,0.013285197444915128,nan,0.961525
4000,STRUCTURAL_RESCUE__b4000__multidepot__e2-multidepot-100c-01__A8_ROUTE_POOL_RECOMBINATION__seed1,multidepot,e2-multidepot-100c-01,A8_ROUTE_POOL_RECOMBINATION,1,172,vehicle_type_swap,regret2_insert_repair,False,False,candidate_usable,softmax,sample,172,78,4.120316269237235,0.334508543623935,nan,0.9613
4000,STRUCTURAL_RESCUE__b4000__multidepot__e2-multidepot-100c-01__A8_ROUTE_POOL_RECOMBINATION__seed1,multidepot,e2-multidepot-100c-01,A8_ROUTE_POOL_RECOMBINATION,1,173,route_segment_removal,regret3_insert_repair,False,False,unchanged,softmax,sample,173,1,2.454271077627204,0.06014004089711277,nan,0.961075
4000,STRUCTURAL_RESCUE__b4000__multidepot__e2-multidepot-100c-01__A8_ROUTE_POOL_RECOMBINATION__seed1,multidepot,e2-multidepot-100c-01,A8_ROUTE_POOL_RECOMBINATION,1,174,vehicle_type_swap,regret2_insert_repair,False,False,candidate_usable,softmax,sample,174,79,4.069334799826852,0.33636537396197896,nan,0.96085
4000,STRUCTURAL_RESCUE__b4000__multidepot__e2-multidepot-100c-01__A8_ROUTE_POOL_RECOMBINATION__seed1,multidepot,e2-multidepot-100c-01,A8_ROUTE_POOL_RECOMBINATION,1,175,worst_customer_removal,regret3_insert_repair,False,False,candidate_usable,softmax,sample,175,64,4.1094601307030105,0.35680103301231775,nan,0.960625
4000,STRUCTURAL_RESCUE__b4000__multidepot__e2-multidepot-100c-01__A8_ROUTE_POOL_RECOMBINATION__seed1,multidepot,e2-multidepot-100c-01,A8_ROUTE_POOL_RECOMBINATION,1,176,vehicle_type_swap,regret2_insert_repair,False,False,candidate_usable,softmax,sample,176,80,4.01962497656962,0.33236388424077024,nan,0.9604
4000,STRUCTURAL_RESCUE__b4000__multidepot__e2-multidepot-100c-01__A8_ROUTE_POOL_RECOMBINATION__seed1,multidepot,e2-multidepot-100c-01,A8_ROUTE_POOL_RECOMBINATION,1,177,worst_customer_removal,regret3_insert_repair,False,False,candidate_usable,softmax,sample,177,65,4.04771398169158,0.347961033127343,nan,0.960175
4000,STRUCTURAL_RESCUE__b4000__multidepot__e2-multidepot-100c-01__A8_ROUTE_POOL_RECOMBINATION__seed1,multidepot,e2-multidepot-100c-01,A8_ROUTE_POOL_RECOMBINATION,1,178,whole_route_removal,regret2_insert_repair,False,False,unchanged,softmax,sample,178,0,1.6441978457486957,0.029069403067632945,nan,0.95995
4000,STRUCTURAL_RESCUE__b4000__multidepot__e2-multidepot-100c-01__A8_ROUTE_POOL_RECOMBINATION__seed1,multidepot,e2-multidepot-100c-01,A8_ROUTE_POOL_RECOMBINATION,1,179,vehicle_type_swap,regret2_insert_repair,False,False,candidate_usable,softmax,sample,179,81,3.9711779415740778,0.3350330793701925,nan,0.959725
4000,STRUCTURAL_RESCUE__b4000__multidepot__e2-multidepot-100c-01__A8_ROUTE_POOL_RECOMBINATION__seed1,multidepot,e2-multidepot-100c-01,A8_ROUTE_POOL_RECOMBINATION,1,180,vehicle_type_swap,regret2_insert_repair,False,False,candidate_usable,softmax,sample,180,82,3.9238343690507937,0.3241624414144811,nan,0.9595
4000,STRUCTURAL_RESCUE__b4000__multidepot__e2-multidepot-100c-01__A8_ROUTE_POOL_RECOMBINATION__seed1,multidepot,e2-multidepot-100c-01,A8_ROUTE_POOL_RECOMBINATION,1,181,worst_customer_removal,regret3_insert_repair,False,False,candidate_usable,softmax,sample,181,66,3.9879181843695464,0.35195397332781264,nan,0.959275
4000,STRUCTURAL_RESCUE__b4000__multidepot__e2-multidepot-100c-01__A8_ROUTE_POOL_RECOMBINATION__seed1,multidepot,e2-multidepot-100c-01,A8_ROUTE_POOL_RECOMBINATION,1,182,random_customer_removal,regret3_insert_repair,True,True,candidate_usable,softmax,sample,182,0,1.645568658027412,0.03125473233585929,nan,0.95905
4000,STRUCTURAL_RESCUE__b4000__multidepot__e2-multidepot-100c-01__A8_ROUTE_POOL_RECOMBINATION__seed1,multidepot,e2-multidepot-100c-01,A8_ROUTE_POOL_RECOMBINATION,1,183,random_customer_removal,regret3_insert_repair,True,True,candidate_usable,softmax,sample,183,1,20.456724676697416,0.999999906440255,nan,0.958825
4000,STRUCTURAL_RESCUE__b4000__multidepot__e2-multidepot-100c-01__A8_ROUTE_POOL_RECOMBINATION__seed1,multidepot,e2-multidepot-100c-01,A8_ROUTE_POOL_RECOMBINATION,1,184,random_customer_removal,regret3_insert_repair,True,True,candidate_usable,softmax,sample,184,2,20.37310787805775,0.999999898333935,nan,0.9586
4000,STRUCTURAL_RESCUE__b4000__multidepot__e2-multidepot-100c-01__A8_ROUTE_POOL_RECOMBINATION__seed1,multidepot,e2-multidepot-100c-01,A8_ROUTE_POOL_RECOMBINATION,1,185,random_customer_removal,regret3_insert_repair,False,False,candidate_usable,softmax,sample,185,3,20.323287694591464,0.9999998933490968,nan,0.958375
4000,STRUCTURAL_RESCUE__b4000__multidepot__e2-multidepot-100c-01__A8_ROUTE_POOL_RECOMBINATION__seed1,multidepot,e2-multidepot-100c-01,A8_ROUTE_POOL_RECOMBINATION,1,186,random_customer_removal,regret3_insert_repair,False,False,candidate_usable,softmax,sample,186,4,15.301805613270245,0.9999799447947373,nan,0.9581500000000001
4000,STRUCTURAL_RESCUE__b4000__multidepot__e2-multidepot-100c-01__A8_ROUTE_POOL_RECOMBINATION__seed1,multidepot,e2-multidepot-100c-01,A8_ROUTE_POOL_RECOMBINATION,1,187,random_customer_removal,regret3_insert_repair,False,False,candidate_usable,softmax,sample,187,5,12.284233279832549,0.9995334910907053,nan,0.957925
4000,STRUCTURAL_RESCUE__b4000__multidepot__e2-multidepot-100c-01__A8_ROUTE_POOL_RECOMBINATION__seed1,multidepot,e2-multidepot-100c-01,A8_ROUTE_POOL_RECOMBINATION,1,188,random_customer_removal,regret3_insert_repair,False,False,candidate_usable,softmax,sample,188,6,10.26975636901235,0.9961981335317239,nan,0.9577
4000,STRUCTURAL_RESCUE__b4000__multidepot__e2-multidepot-100c-01__A8_ROUTE_POOL_RECOMBINATION__seed1,multidepot,e2-multidepot-100c-01,A8_ROUTE_POOL_RECOMBINATION,1,189,random_customer_removal,regret3_insert_repair,False,False,candidate_usable,softmax,sample,189,7,8.829063835473004,0.9831336150310093,nan,0.957475
4000,STRUCTURAL_RESCUE__b4000__multidepot__e2-multidepot-100c-01__A8_ROUTE_POOL_RECOMBINATION__seed1,multidepot,e2-multidepot-100c-01,A8_ROUTE_POOL_RECOMBINATION,1,190,random_customer_removal,regret3_insert_repair,False,False,candidate_usable,softmax,sample,190,8,7.747321457892914,0.949629459031221,nan,0.95725
4000,STRUCTURAL_RESCUE__b4000__multidepot__e2-multidepot-100c-01__A8_ROUTE_POOL_RECOMBINATION__seed1,multidepot,e2-multidepot-100c-01,A8_ROUTE_POOL_RECOMBINATION,1,191,random_customer_removal,regret3_insert_repair,False,False,candidate_usable,softmax,sample,191,9,6.905085257822744,0.8867172424695157,nan,0.957025
4000,STRUCTURAL_RESCUE__b4000__multidepot__e2-multidepot-100c-01__A8_ROUTE_POOL_RECOMBINATION__seed1,multidepot,e2-multidepot-100c-01,A8_ROUTE_POOL_RECOMBINATION,1,192,random_customer_removal,regret3_insert_repair,False,False,candidate_usable,softmax,sample,192,10,6.230637702053469,0.7947117611191001,nan,0.9568
4000,STRUCTURAL_RESCUE__b4000__multidepot__e2-multidepot-100c-01__A8_ROUTE_POOL_RECOMBINATION__seed1,multidepot,e2-multidepot-100c-01,A8_ROUTE_POOL_RECOMBINATION,1,193,worst_customer_removal,regret3_insert_repair,False,False,candidate_usable,softmax,sample,193,67,3.9302166135997543,0.11016299956986363,nan,0.956575
4000,STRUCTURAL_RESCUE__b4000__multidepot__e2-multidepot-100c-01__A8_ROUTE_POOL_RECOMBINATION__seed1,multidepot,e2-multidepot-100c-01,A8_ROUTE_POOL_RECOMBINATION,1,194,random_customer_removal,regret3_insert_repair,True,True,candidate_usable,softmax,sample,194,11,5.6784013051219056,0.6894830762496212,nan,0.95635
4000,STRUCTURAL_RESCUE__b4000__multidepot__e2-multidepot-100c-01__A8_ROUTE_POOL_RECOMBINATION__seed1,multidepot,e2-multidepot-100c-01,A8_ROUTE_POOL_RECOMBINATION,1,195,random_customer_removal,regret3_insert_repair,True,False,candidate_usable,softmax,sample,195,12,6.88022404277805,0.8864728937051787,nan,0.956125
4000,STRUCTURAL_RESCUE__b4000__multidepot__e2-multidepot-100c-01__A8_ROUTE_POOL_RECOMBINATION__seed1,multidepot,e2-multidepot-100c-01,A8_ROUTE_POOL_RECOMBINATION,1,196,random_customer_removal,regret3_insert_repair,True,True,candidate_usable,softmax,sample,196,13,6.512213475408405,0.8417157253092729,nan,0.9559
4000,STRUCTURAL_RESCUE__b4000__multidepot__e2-multidepot-100c-01__A8_ROUTE_POOL_RECOMBINATION__seed1,multidepot,e2-multidepot-100c-01,A8_ROUTE_POOL_RECOMBINATION,1,197,random_customer_removal,regret3_insert_repair,False,False,candidate_usable,softmax,sample,197,14,7.482226450351655,0.9362427732483956,nan,0.955675
4000,STRUCTURAL_RESCUE__b4000__multidepot__e2-multidepot-100c-01__A8_ROUTE_POOL_RECOMBINATION__seed1,multidepot,e2-multidepot-100c-01,A8_ROUTE_POOL_RECOMBINATION,1,198,random_customer_removal,regret3_insert_repair,True,True,candidate_usable,softmax,sample,198,15,6.992685353131811,0.8980189944204036,nan,0.95545
4000,STRUCTURAL_RESCUE__b4000__multidepot__e2-multidepot-100c-01__A8_ROUTE_POOL_RECOMBINATION__seed1,multidepot,e2-multidepot-100c-01,A8_ROUTE_POOL_RECOMBINATION,1,199,random_customer_removal,regret3_insert_repair,False,False,candidate_usable,softmax,sample,199,16,7.8110276858401075,0.9540413711608557,nan,0.955225
4000,STRUCTURAL_RESCUE__b4000__multidepot__e2-multidepot-100c-01__A8_ROUTE_POOL_RECOMBINATION__seed1,multidepot,e2-multidepot-100c-01,A8_ROUTE_POOL_RECOMBINATION,1,200,random_customer_removal,regret3_insert_repair,True,True,candidate_usable,softmax,sample,200,17,7.359408389937569,0.9283175542338922,nan,0.955
4000,STRUCTURAL_RESCUE__b4000__multidepot__e2-multidepot-100c-01__A8_ROUTE_POOL_RECOMBINATION__seed1,multidepot,e2-multidepot-100c-01,A8_ROUTE_POOL_RECOMBINATION,1,201,random_customer_removal,regret3_insert_repair,False,False,candidate_usable,softmax,sample,201,18,8.066167840010431,0.9645081942251348,nan,0.954775
4000,STRUCTURAL_RESCUE__b4000__multidepot__e2-multidepot-100c-01__A8_ROUTE_POOL_RECOMBINATION__seed1,multidepot,e2-multidepot-100c-01,A8_ROUTE_POOL_RECOMBINATION,1,202,random_customer_removal,regret3_insert_repair,True,True,candidate_usable,softmax,sample,202,19,7.648415061949274,0.9461296829519054,nan,0.95455
4000,STRUCTURAL_RESCUE__b4000__multidepot__e2-multidepot-100c-01__A8_ROUTE_POOL_RECOMBINATION__seed1,multidepot,e2-multidepot-100c-01,A8_ROUTE_POOL_RECOMBINATION,1,203,random_customer_removal,regret3_insert_repair,False,False,candidate_usable,softmax,sample,203,20,8.269835887036454,0.971195263667441,nan,0.954325
4000,STRUCTURAL_RESCUE__b4000__multidepot__e2-multidepot-100c-01__A8_ROUTE_POOL_RECOMBINATION__seed1,multidepot,e2-multidepot-100c-01,A8_ROUTE_POOL_RECOMBINATION,1,204,random_customer_removal,regret3_insert_repair,True,False,candidate_usable,softmax,sample,204,21,7.8819844224400475,0.9574118216005554,nan,0.9541
4000,STRUCTURAL_RESCUE__b4000__multidepot__e2-multidepot-100c-01__A8_ROUTE_POOL_RECOMBINATION__seed1,multidepot,e2-multidepot-100c-01,A8_ROUTE_POOL_RECOMBINATION,1,205,random_customer_removal,regret3_insert_repair,True,False,candidate_usable,softmax,sample,205,22,7.617949527201197,0.9446396075010192,nan,0.953875
4000,STRUCTURAL_RESCUE__b4000__multidepot__e2-multidepot-100c-01__A8_ROUTE_POOL_RECOMBINATION__seed1,multidepot,e2-multidepot-100c-01,A8_ROUTE_POOL_RECOMBINATION,1,206,random_customer_removal,regret3_insert_repair,False,False,candidate_usable,softmax,sample,206,23,7.376803912230751,0.9298960287612096,nan,0.95365
4000,STRUCTURAL_RESCUE__b4000__multidepot__e2-multidepot-100c-01__A8_ROUTE_POOL_RECOMBINATION__seed1,multidepot,e2-multidepot-100c-01,A8_ROUTE_POOL_RECOMBINATION,1,207,worst_customer_removal,regret3_insert_repair,False,False,candidate_usable,softmax,sample,207,68,3.874254936937704,0.03158940473168872,nan,0.953425
4000,STRUCTURAL_RESCUE__b4000__multidepot__e2-multidepot-100c-01__A8_ROUTE_POOL_RECOMBINATION__seed1,multidepot,e2-multidepot-100c-01,A8_ROUTE_POOL_RECOMBINATION,1,208,random_customer_removal,regret3_insert_repair,False,False,candidate_usable,softmax,sample,208,24,7.074499644765435,0.9079534043763952,nan,0.9532
4000,STRUCTURAL_RESCUE__b4000__multidepot__e2-multidepot-100c-01__A8_ROUTE_POOL_RECOMBINATION__seed1,multidepot,e2-multidepot-100c-01,A8_ROUTE_POOL_RECOMBINATION,1,209,random_customer_removal,regret3_insert_repair,False,False,unchanged,softmax,sample,209,25,6.796267839133798,0.8805692814333239,nan,0.952975
4000,STRUCTURAL_RESCUE__b4000__multidepot__e2-multidepot-100c-01__A8_ROUTE_POOL_RECOMBINATION__seed1,multidepot,e2-multidepot-100c-01,A8_ROUTE_POOL_RECOMBINATION,1,210,random_customer_removal,regret3_insert_repair,False,False,candidate_usable,softmax,sample,210,26,6.539387538288905,0.8492895235759331,nan,0.95275
4000,STRUCTURAL_RESCUE__b4000__multidepot__e2-multidepot-100c-01__A8_ROUTE_POOL_RECOMBINATION__seed1,multidepot,e2-multidepot-100c-01,A8_ROUTE_POOL_RECOMBINATION,1,211,random_customer_removal,regret3_insert_repair,False,False,candidate_usable,softmax,sample,211,27,6.301489265576401,0.8145798931380202,nan,0.952525
4000,STRUCTURAL_RESCUE__b4000__multidepot__e2-multidepot-100c-01__A8_ROUTE_POOL_RECOMBINATION__seed1,multidepot,e2-multidepot-100c-01,A8_ROUTE_POOL_RECOMBINATION,1,212,random_customer_removal,regret3_insert_repair,False,False,candidate_usable,softmax,sample,212,28,6.080541775858077,0.7770816517337781,nan,0.9523
4000,STRUCTURAL_RESCUE__b4000__multidepot__e2-multidepot-100c-01__A8_ROUTE_POOL_RECOMBINATION__seed1,multidepot,e2-multidepot-100c-01,A8_ROUTE_POOL_RECOMBINATION,1,213,random_customer_removal,regret3_insert_repair,False,False,unchanged,softmax,sample,213,29,5.874793772142656,0.7375526520840938,nan,0.952075
4000,STRUCTURAL_RESCUE__b4000__multidepot__e2-multidepot-100c-01__A8_ROUTE_POOL_RECOMBINATION__seed1,multidepot,e2-multidepot-100c-01,A8_ROUTE_POOL_RECOMBINATION,1,214,random_customer_removal,regret3_insert_repair,False,False,candidate_usable,softmax,sample,214,30,5.682727273986659,0.6968000986465298,nan,0.95185
4000,STRUCTURAL_RESCUE__b4000__multidepot__e2-multidepot-100c-01__A8_ROUTE_POOL_RECOMBINATION__seed1,multidepot,e2-multidepot-100c-01,A8_ROUTE_POOL_RECOMBINATION,1,215,whole_route_removal,regret3_insert_repair,False,False,unchanged,softmax,sample,215,16,2.7027953639716236,0.034570606990758215,nan,0.9516249999999999
4000,STRUCTURAL_RESCUE__b4000__multidepot__e2-multidepot-100c-01__A8_ROUTE_POOL_RECOMBINATION__seed1,multidepot,e2-multidepot-100c-01,A8_ROUTE_POOL_RECOMBINATION,1,216,random_customer_removal,regret3_insert_repair,False,False,candidate_usable,softmax,sample,216,31,5.503069802884928,0.6590890034767098,nan,0.9514
4000,STRUCTURAL_RESCUE__b4000__multidepot__e2-multidepot-100c-01__A8_ROUTE_POOL_RECOMBINATION__seed1,multidepot,e2-multidepot-100c-01,A8_ROUTE_POOL_RECOMBINATION,1,217,random_customer_removal,regret3_insert_repair,False,False,candidate_usable,softmax,sample,217,32,5.334563632879888,0.6183602741828514,nan,0.951175
4000,STRUCTURAL_RESCUE__b4000__multidepot__e2-multidepot-100c-01__A8_ROUTE_POOL_RECOMBINATION__seed1,multidepot,e2-multidepot-100c-01,A8_ROUTE_POOL_RECOMBINATION,1,218,random_customer_removal,regret3_insert_repair,False,False,candidate_usable,softmax,sample,218,33,5.176242619128852,0.5784901993042585,nan,0.95095
4000,STRUCTURAL_RESCUE__b4000__multidepot__e2-multidepot-100c-01__A8_ROUTE_POOL_RECOMBINATION__seed1,multidepot,e2-multidepot-100c-01,A8_ROUTE_POOL_RECOMBINATION,1,219,random_customer_removal,regret3_insert_repair,False,False,candidate_usable,softmax,sample,219,34,5.027209310480406,0.5399779287956468,nan,0.950725
4000,STRUCTURAL_RESCUE__b4000__multidepot__e2-multidepot-100c-01__A8_ROUTE_POOL_RECOMBINATION__seed1,multidepot,e2-multidepot-100c-01,A8_ROUTE_POOL_RECOMBINATION,1,220,random_customer_removal,regret3_insert_repair,False,False,unchanged,softmax,sample,220,35,4.886668731320992,0.5031975521455914,nan,0.9505
4000,STRUCTURAL_RESCUE__b4000__multidepot__e2-multidepot-100c-01__A8_ROUTE_POOL_RECOMBINATION__seed1,multidepot,e2-multidepot-100c-01,A8_ROUTE_POOL_RECOMBINATION,1,221,worst_customer_removal,regret3_insert_repair,False,False,candidate_usable,softmax,sample,221,69,3.8198822609851084,0.17528726006643988,nan,0.950275
4000,STRUCTURAL_RESCUE__b4000__multidepot__e2-multidepot-100c-01__A8_ROUTE_POOL_RECOMBINATION__seed1,multidepot,e2-multidepot-100c-01,A8_ROUTE_POOL_RECOMBINATION,1,222,random_customer_removal,regret3_insert_repair,False,False,candidate_usable,softmax,sample,222,36,4.753959103659206,0.47302109794911307,nan,0.95005
4000,STRUCTURAL_RESCUE__b4000__multidepot__e2-multidepot-100c-01__A8_ROUTE_POOL_RECOMBINATION__seed1,multidepot,e2-multidepot-100c-01,A8_ROUTE_POOL_RECOMBINATION,1,223,random_customer_removal,regret3_insert_repair,True,True,candidate_usable,softmax,sample,223,37,4.628359333122936,0.4403063715085057,nan,0.949825
4000,STRUCTURAL_RESCUE__b4000__multidepot__e2-multidepot-100c-01__A8_ROUTE_POOL_RECOMBINATION__seed1,multidepot,e2-multidepot-100c-01,A8_ROUTE_POOL_RECOMBINATION,1,224,random_customer_removal,regret3_insert_repair,False,False,candidate_usable,softmax,sample,224,38,5.034351113814584,0.5468438709852073,nan,0.9496
4000,STRUCTURAL_RESCUE__b4000__multidepot__e2-multidepot-100c-01__A8_ROUTE_POOL_RECOMBINATION__seed1,multidepot,e2-multidepot-100c-01,A8_ROUTE_POOL_RECOMBINATION,1,225,route_segment_removal,regret3_insert_repair,True,False,candidate_usable,softmax,sample,225,2,1.405194160897553,0.012836285289173605,nan,0.949375
4000,STRUCTURAL_RESCUE__b4000__multidepot__e2-multidepot-100c-01__A8_ROUTE_POOL_RECOMBINATION__seed1,multidepot,e2-multidepot-100c-01,A8_ROUTE_POOL_RECOMBINATION,1,226,worst_customer_removal,regret3_insert_repair,False,False,candidate_usable,softmax,sample,226,70,3.7667546731831,0.15375426499139722,nan,0.94915
4000,STRUCTURAL_RESCUE__b4000__multidepot__e2-multidepot-100c-01__A8_ROUTE_POOL_RECOMBINATION__seed1,multidepot,e2-multidepot-100c-01,A8_ROUTE_POOL_RECOMBINATION,1,227,random_customer_removal,regret3_insert_repair,False,False,candidate_usable,softmax,sample,227,39,4.908051198147807,0.5160264503615689,nan,0.948925
4000,STRUCTURAL_RESCUE__b4000__multidepot__e2-multidepot-100c-01__A8_ROUTE_POOL_RECOMBINATION__seed1,multidepot,e2-multidepot-100c-01,A8_ROUTE_POOL_RECOMBINATION,1,228,worst_customer_removal,regret3_insert_repair,False,False,candidate_usable,softmax,sample,228,71,3.7150250948300165,0.1563557053114751,nan,0.9487
4000,STRUCTURAL_RESCUE__b4000__multidepot__e2-multidepot-100c-01__A8_ROUTE_POOL_RECOMBINATION__seed1,multidepot,e2-multidepot-100c-01,A8_ROUTE_POOL_RECOMBINATION,1,229,shaw_related_removal,regret2_insert_repair,False,False,candidate_usable,softmax,sample,229,0,1.659580430814814,0.018048090843763603,nan,0.948475
4000,STRUCTURAL_RESCUE__b4000__multidepot__e2-multidepot-100c-01__A8_ROUTE_POOL_RECOMBINATION__seed1,multidepot,e2-multidepot-100c-01,A8_ROUTE_POOL_RECOMBINATION,1,230,worst_customer_removal,regret3_insert_repair,True,False,candidate_usable,softmax,sample,230,72,3.664728837757634,0.15136858447281432,nan,0.94825
4000,STRUCTURAL_RESCUE__b4000__multidepot__e2-multidepot-100c-01__A8_ROUTE_POOL_RECOMBINATION__seed1,multidepot,e2-multidepot-100c-01,A8_ROUTE_POOL_RECOMBINATION,1,231,whole_route_removal,regret3_insert_repair,False,False,candidate_usable,softmax,sample,231,17,2.552647131740054,0.04699624012023567,nan,0.948025
4000,STRUCTURAL_RESCUE__b4000__multidepot__e2-multidepot-100c-01__A8_ROUTE_POOL_RECOMBINATION__seed1,multidepot,e2-multidepot-100c-01,A8_ROUTE_POOL_RECOMBINATION,1,232,route_segment_removal,regret3_insert_repair,False,False,unchanged,softmax,sample,232,3,1.6801829327377686,0.01882888297578006,nan,0.9478
4000,STRUCTURAL_RESCUE__b4000__multidepot__e2-multidepot-100c-01__A8_ROUTE_POOL_RECOMBINATION__seed1,multidepot,e2-multidepot-100c-01,A8_ROUTE_POOL_RECOMBINATION,1,233,random_customer_removal,regret3_insert_repair,False,False,candidate_usable,softmax,sample,233,40,4.7881723267430605,0.5030454293508574,nan,0.947575
4000,STRUCTURAL_RESCUE__b4000__multidepot__e2-multidepot-100c-01__A8_ROUTE_POOL_RECOMBINATION__seed1,multidepot,e2-multidepot-100c-01,A8_ROUTE_POOL_RECOMBINATION,1,234,vehicle_type_swap,greedy_insert_repair,False,False,candidate_usable,softmax,sample,234,0,1.6608833793730424,0.01966085403267409,nan,0.94735
4000,STRUCTURAL_RESCUE__b4000__multidepot__e2-multidepot-100c-01__A8_ROUTE_POOL_RECOMBINATION__seed1,multidepot,e2-multidepot-100c-01,A8_ROUTE_POOL_RECOMBINATION,1,235,vehicle_type_swap,regret2_insert_repair,False,False,candidate_usable,softmax,sample,235,83,3.879365240341139,0.20731514133994253,nan,0.947125
4000,STRUCTURAL_RESCUE__b4000__multidepot__e2-multidepot-100c-01__A8_ROUTE_POOL_RECOMBINATION__seed1,multidepot,e2-multidepot-100c-01,A8_ROUTE_POOL_RECOMBINATION,1,236,random_customer_removal,regret3_insert_repair,False,False,candidate_usable,softmax,sample,236,41,4.674006854583376,0.48449233672560493,nan,0.9469
4000,STRUCTURAL_RESCUE__b4000__multidepot__e2-multidepot-100c-01__A8_ROUTE_POOL_RECOMBINATION__seed1,multidepot,e2-multidepot-100c-01,A8_ROUTE_POOL_RECOMBINATION,1,237,random_customer_removal,regret3_insert_repair,False,False,candidate_usable,softmax,sample,237,42,4.565186500681081,0.45595123832046314,nan,0.946675
4000,STRUCTURAL_RESCUE__b4000__multidepot__e2-multidepot-100c-01__A8_ROUTE_POOL_RECOMBINATION__seed1,multidepot,e2-multidepot-100c-01,A8_ROUTE_POOL_RECOMBINATION,1,238,worst_customer_removal,regret3_insert_repair,False,False,unchanged,softmax,sample,238,73,3.6426982174457696,0.1806196342038064,nan,0.94645
4000,STRUCTURAL_RESCUE__b4000__multidepot__e2-multidepot-100c-01__A8_ROUTE_POOL_RECOMBINATION__seed1,multidepot,e2-multidepot-100c-01,A8_ROUTE_POOL_RECOMBINATION,1,239,whole_route_removal,regret2_insert_repair,False,False,candidate_usable,softmax,sample,239,1,0.5182152890857791,0.00670777038661119,nan,0.946225
4000,STRUCTURAL_RESCUE__b4000__multidepot__e2-multidepot-100c-01__A8_ROUTE_POOL_RECOMBINATION__seed1,multidepot,e2-multidepot-100c-01,A8_ROUTE_POOL_RECOMBINATION,1,240,random_customer_removal,regret3_insert_repair,False,False,candidate_usable,softmax,sample,240,43,4.461489601639376,0.43327701586825834,nan,0.946
4000,STRUCTURAL_RESCUE__b4000__multidepot__e2-multidepot-100c-01__A8_ROUTE_POOL_RECOMBINATION__seed1,multidepot,e2-multidepot-100c-01,A8_ROUTE_POOL_RECOMBINATION,1,241,random_customer_removal,regret3_insert_repair,False,False,candidate_usable,softmax,sample,241,44,4.362419517631202,0.40783033399814644,nan,0.945775
4000,STRUCTURAL_RESCUE__b4000__multidepot__e2-multidepot-100c-01__A8_ROUTE_POOL_RECOMBINATION__seed1,multidepot,e2-multidepot-100c-01,A8_ROUTE_POOL_RECOMBINATION,1,242,vehicle_type_swap,regret2_insert_repair,False,False,candidate_usable,softmax,sample,242,84,3.834402296082728,0.24279861570288347,nan,0.94555
4000,STRUCTURAL_RESCUE__b4000__multidepot__e2-multidepot-100c-01__A8_ROUTE_POOL_RECOMBINATION__seed1,multidepot,e2-multidepot-100c-01,A8_ROUTE_POOL_RECOMBINATION,1,243,vehicle_type_swap,regret2_insert_repair,False,False,candidate_usable,softmax,sample,243,85,3.7903332830173992,0.23434038330076246,nan,0.945325
4000,STRUCTURAL_RESCUE__b4000__multidepot__e2-multidepot-100c-01__A8_ROUTE_POOL_RECOMBINATION__seed1,multidepot,e2-multidepot-100c-01,A8_ROUTE_POOL_RECOMBINATION,1,244,worst_customer_removal,regret3_insert_repair,False,False,unchanged,softmax,sample,244,74,3.5948461724164518,0.19256859048374433,nan,0.9451
4000,STRUCTURAL_RESCUE__b4000__multidepot__e2-multidepot-100c-01__A8_ROUTE_POOL_RECOMBINATION__seed1,multidepot,e2-multidepot-100c-01,A8_ROUTE_POOL_RECOMBINATION,1,245,vehicle_type_swap,regret2_insert_repair,False,False,candidate_usable,softmax,sample,245,86,3.747313151386468,0.22840775933975427,nan,0.944875
4000,STRUCTURAL_RESCUE__b4000__multidepot__e2-multidepot-100c-01__A8_ROUTE_POOL_RECOMBINATION__seed1,multidepot,e2-multidepot-100c-01,A8_ROUTE_POOL_RECOMBINATION,1,246,random_customer_removal,regret3_insert_repair,False,False,candidate_usable,softmax,sample,246,45,4.267885366287645,0.40030593697253286,nan,0.94465
4000,STRUCTURAL_RESCUE__b4000__multidepot__e2-multidepot-100c-01__A8_ROUTE_POOL_RECOMBINATION__seed1,multidepot,e2-multidepot-100c-01,A8_ROUTE_POOL_RECOMBINATION,1,247,random_customer_removal,regret3_insert_repair,False,False,candidate_usable,softmax,sample,247,46,4.177308719082553,0.3775841070058255,nan,0.944425
4000,STRUCTURAL_RESCUE__b4000__multidepot__e2-multidepot-100c-01__A8_ROUTE_POOL_RECOMBINATION__seed1,multidepot,e2-multidepot-100c-01,A8_ROUTE_POOL_RECOMBINATION,1,248,vehicle_type_swap,regret2_insert_repair,False,False,candidate_usable,softmax,sample,248,87,3.705305539344932,0.23692974711867656,nan,0.9442
4000,STRUCTURAL_RESCUE__b4000__multidepot__e2-multidepot-100c-01__A8_ROUTE_POOL_RECOMBINATION__seed1,multidepot,e2-multidepot-100c-01,A8_ROUTE_POOL_RECOMBINATION,1,249,route_segment_removal,greedy_insert_repair,False,False,unchanged,softmax,sample,249,0,1.664617840137458,0.02755428117771405,nan,0.943975
4000,STRUCTURAL_RESCUE__b4000__multidepot__e2-multidepot-100c-01__A8_ROUTE_POOL_RECOMBINATION__seed1,multidepot,e2-multidepot-100c-01,A8_ROUTE_POOL_RECOMBINATION,1,250,random_customer_removal,regret3_insert_repair,True,False,candidate_usable,softmax,sample,250,47,4.090644845519494,0.3671832012725151,nan,0.94375
4000,STRUCTURAL_RESCUE__b4000__multidepot__e2-multidepot-100c-01__A8_ROUTE_POOL_RECOMBINATION__seed1,multidepot,e2-multidepot-100c-01,A8_ROUTE_POOL_RECOMBINATION,1,251,random_customer_removal,regret3_insert_repair,False,False,candidate_usable,softmax,sample,251,48,4.048138890176909,0.35683591140589943,nan,0.943525
4000,STRUCTURAL_RESCUE__b4000__multidepot__e2-multidepot-100c-01__A8_ROUTE_POOL_RECOMBINATION__seed1,multidepot,e2-multidepot-100c-01,A8_ROUTE_POOL_RECOMBINATION,1,252,vehicle_type_swap,regret2_insert_repair,False,False,candidate_usable,softmax,sample,252,88,3.6642754085297997,0.2447277234161963,nan,0.9433
4000,STRUCTURAL_RESCUE__b4000__multidepot__e2-multidepot-100c-01__A8_ROUTE_POOL_RECOMBINATION__seed1,multidepot,e2-multidepot-100c-01,A8_ROUTE_POOL_RECOMBINATION,1,253,random_customer_removal,regret3_insert_repair,False,False,candidate_usable,softmax,sample,253,49,3.9675955521687767,0.34107351988139856,nan,0.943075
4000,STRUCTURAL_RESCUE__b4000__multidepot__e2-multidepot-100c-01__A8_ROUTE_POOL_RECOMBINATION__seed1,multidepot,e2-multidepot-100c-01,A8_ROUTE_POOL_RECOMBINATION,1,254,vehicle_type_swap,regret2_insert_repair,False,False,candidate_usable,softmax,sample,254,89,3.624114972343147,0.24351647887579547,nan,0.94285
4000,STRUCTURAL_RESCUE__b4000__multidepot__e2-multidepot-100c-01__A8_ROUTE_POOL_RECOMBINATION__seed1,multidepot,e2-multidepot-100c-01,A8_ROUTE_POOL_RECOMBINATION,1,255,vehicle_type_swap,regret2_insert_repair,False,False,candidate_usable,softmax,sample,255,90,3.5848203499695677,0.23593506081074783,nan,0.942625
4000,STRUCTURAL_RESCUE__b4000__multidepot__e2-multidepot-100c-01__A8_ROUTE_POOL_RECOMBINATION__seed1,multidepot,e2-multidepot-100c-01,A8_ROUTE_POOL_RECOMBINATION,1,256,vehicle_type_swap,regret2_insert_repair,False,False,candidate_usable,softmax,sample,256,91,3.546387337892899,0.2286761264753001,nan,0.9424
4000,STRUCTURAL_RESCUE__b4000__multidepot__e2-multidepot-100c-01__A8_ROUTE_POOL_RECOMBINATION__seed1,multidepot,e2-multidepot-100c-01,A8_ROUTE_POOL_RECOMBINATION,1,257,random_customer_removal,regret3_insert_repair,False,False,candidate_usable,softmax,sample,257,50,3.8903301925375344,0.3324193427827298,nan,0.942175
4000,STRUCTURAL_RESCUE__b4000__multidepot__e2-multidepot-100c-01__A8_ROUTE_POOL_RECOMBINATION__seed1,multidepot,e2-multidepot-100c-01,A8_ROUTE_POOL_RECOMBINATION,1,258,random_customer_removal,greedy_insert_repair,False,False,unchanged,softmax,sample,258,1,0.5214585055633014,0.009541130180850876,nan,0.94195
4000,STRUCTURAL_RESCUE__b4000__multidepot__e2-multidepot-100c-01__A8_ROUTE_POOL_RECOMBINATION__seed1,multidepot,e2-multidepot-100c-01,A8_ROUTE_POOL_RECOMBINATION,1,259,random_customer_removal,regret3_insert_repair,True,False,candidate_usable,softmax,sample,259,51,3.8160220861608303,0.31550566924819795,nan,0.941725
4000,STRUCTURAL_RESCUE__b4000__multidepot__e2-multidepot-100c-01__A8_ROUTE_POOL_RECOMBINATION__seed1,multidepot,e2-multidepot-100c-01,A8_ROUTE_POOL_RECOMBINATION,1,260,random_customer_removal,regret3_insert_repair,False,False,candidate_usable,softmax,sample,260,52,3.7820321799268624,0.30780466267621565,nan,0.9415
4000,STRUCTURAL_RESCUE__b4000__multidepot__e2-multidepot-100c-01__A8_ROUTE_POOL_RECOMBINATION__seed1,multidepot,e2-multidepot-100c-01,A8_ROUTE_POOL_RECOMBINATION,1,261,shaw_related_removal,regret3_insert_repair,False,False,unchanged,softmax,sample,261,1,0.5219467980084661,0.009857958548854432,nan,0.941275
4000,STRUCTURAL_RESCUE__b4000__multidepot__e2-multidepot-100c-01__A8_ROUTE_POOL_RECOMBINATION__seed1,multidepot,e2-multidepot-100c-01,A8_ROUTE_POOL_RECOMBINATION,1,262,worst_customer_removal,regret3_insert_repair,False,False,candidate_usable,softmax,sample,262,75,3.548586064639923,0.24584164185529125,nan,0.9410499999999999
4000,STRUCTURAL_RESCUE__b4000__multidepot__e2-multidepot-100c-01__A8_ROUTE_POOL_RECOMBINATION__seed1,multidepot,e2-multidepot-100c-01,A8_ROUTE_POOL_RECOMBINATION,1,263,random_customer_removal,regret3_insert_repair,False,False,candidate_usable,softmax,sample,263,53,3.712586315621255,0.2961183026516317,nan,0.940825
4000,STRUCTURAL_RESCUE__b4000__multidepot__e2-multidepot-100c-01__A8_ROUTE_POOL_RECOMBINATION__seed1,multidepot,e2-multidepot-100c-01,A8_ROUTE_POOL_RECOMBINATION,1,264,random_customer_removal,greedy_insert_repair,False,False,candidate_usable,softmax,sample,264,2,0.4357366917466273,0.009278100484413037,nan,0.9406
4000,STRUCTURAL_RESCUE__b4000__multidepot__e2-multidepot-100c-01__A8_ROUTE_POOL_RECOMBINATION__seed1,multidepot,e2-multidepot-100c-01,A8_ROUTE_POOL_RECOMBINATION,1,265,whole_route_removal,regret3_insert_repair,False,False,candidate_usable,softmax,sample,265,18,2.4199946097893674,0.07651743426618472,nan,0.940375
4000,STRUCTURAL_RESCUE__b4000__multidepot__e2-multidepot-100c-01__A8_ROUTE_POOL_RECOMBINATION__seed1,multidepot,e2-multidepot-100c-01,A8_ROUTE_POOL_RECOMBINATION,1,266,vehicle_type_swap,regret3_insert_repair,False,False,candidate_usable,softmax,sample,266,1,0.5227472330284018,0.010262963580927953,nan,0.94015
4000,STRUCTURAL_RESCUE__b4000__multidepot__e2-multidepot-100c-01__A8_ROUTE_POOL_RECOMBINATION__seed1,multidepot,e2-multidepot-100c-01,A8_ROUTE_POOL_RECOMBINATION,1,267,random_customer_removal,regret3_insert_repair,False,False,candidate_usable,softmax,sample,267,54,3.6457350692985644,0.28467740670886255,nan,0.939925
4000,STRUCTURAL_RESCUE__b4000__multidepot__e2-multidepot-100c-01__A8_ROUTE_POOL_RECOMBINATION__seed1,multidepot,e2-multidepot-100c-01,A8_ROUTE_POOL_RECOMBINATION,1,268,random_customer_removal,regret3_insert_repair,False,False,candidate_usable,softmax,sample,268,55,3.581218656246471,0.2709391287853496,nan,0.9397
4000,STRUCTURAL_RESCUE__b4000__multidepot__e2-multidepot-100c-01__A8_ROUTE_POOL_RECOMBINATION__seed1,multidepot,e2-multidepot-100c-01,A8_ROUTE_POOL_RECOMBINATION,1,269,vehicle_type_swap,regret2_insert_repair,False,False,candidate_usable,softmax,sample,269,92,3.509070215873319,0.2553734245621681,nan,0.939475
4000,STRUCTURAL_RESCUE__b4000__multidepot__e2-multidepot-100c-01__A8_ROUTE_POOL_RECOMBINATION__seed1,multidepot,e2-multidepot-100c-01,A8_ROUTE_POOL_RECOMBINATION,1,270,random_customer_removal,regret3_insert_repair,False,False,candidate_usable,softmax,sample,270,56,3.5190285751592008,0.26067855840140947,nan,0.93925
4000,STRUCTURAL_RESCUE__b4000__multidepot__e2-multidepot-100c-01__A8_ROUTE_POOL_RECOMBINATION__seed1,multidepot,e2-multidepot-100c-01,A8_ROUTE_POOL_RECOMBINATION,1,271,vehicle_type_swap,regret2_insert_repair,False,False,candidate_usable,softmax,sample,271,93,3.4722974748517017,0.2521210130589779,nan,0.939025
4000,STRUCTURAL_RESCUE__b4000__multidepot__e2-multidepot-100c-01__A8_ROUTE_POOL_RECOMBINATION__seed1,multidepot,e2-multidepot-100c-01,A8_ROUTE_POOL_RECOMBINATION,1,272,random_customer_removal,regret3_insert_repair,False,False,candidate_usable,softmax,sample,272,57,3.459014000804977,0.25098509535628527,nan,0.9388
4000,STRUCTURAL_RESCUE__b4000__multidepot__e2-multidepot-100c-01__A8_ROUTE_POOL_RECOMBINATION__seed1,multidepot,e2-multidepot-100c-01,A8_ROUTE_POOL_RECOMBINATION,1,273,whole_route_removal,regret2_insert_repair,False,False,candidate_usable,softmax,sample,273,2,0.43688941077567445,0.01018318291495094,nan,0.9385749999999999
4000,STRUCTURAL_RESCUE__b4000__multidepot__e2-multidepot-100c-01__A8_ROUTE_POOL_RECOMBINATION__seed1,multidepot,e2-multidepot-100c-01,A8_ROUTE_POOL_RECOMBINATION,1,274,route_segment_removal,regret3_insert_repair,False,False,candidate_usable,softmax,sample,274,4,1.3247804822910676,0.026228255184845804,nan,0.93835
4000,STRUCTURAL_RESCUE__b4000__multidepot__e2-multidepot-100c-01__A8_ROUTE_POOL_RECOMBINATION__seed1,multidepot,e2-multidepot-100c-01,A8_ROUTE_POOL_RECOMBINATION,1,275,vehicle_type_swap,regret2_insert_repair,False,False,candidate_usable,softmax,sample,275,94,3.436349769529831,0.25032287092623,nan,0.938125
4000,STRUCTURAL_RESCUE__b4000__multidepot__e2-multidepot-100c-01__A8_ROUTE_POOL_RECOMBINATION__seed1,multidepot,e2-multidepot-100c-01,A8_ROUTE_POOL_RECOMBINATION,1,276,vehicle_type_swap,regret2_insert_repair,False,False,candidate_usable,softmax,sample,276,95,3.4010909191074727,0.2433586502113808,nan,0.9379
4000,STRUCTURAL_RESCUE__b4000__multidepot__e2-multidepot-100c-01__A8_ROUTE_POOL_RECOMBINATION__seed1,multidepot,e2-multidepot-100c-01,A8_ROUTE_POOL_RECOMBINATION,1,277,random_customer_removal,regret3_insert_repair,False,False,candidate_usable,softmax,sample,277,58,3.4011468251579453,0.2455562670194635,nan,0.937675
4000,STRUCTURAL_RESCUE__b4000__multidepot__e2-multidepot-100c-01__A8_ROUTE_POOL_RECOMBINATION__seed1,multidepot,e2-multidepot-100c-01,A8_ROUTE_POOL_RECOMBINATION,1,278,worst_customer_removal,regret3_insert_repair,False,False,unchanged,softmax,sample,278,76,3.503462962174513,0.27785938125417786,nan,0.93745
4000,STRUCTURAL_RESCUE__b4000__multidepot__e2-multidepot-100c-01__A8_ROUTE_POOL_RECOMBINATION__seed1,multidepot,e2-multidepot-100c-01,A8_ROUTE_POOL_RECOMBINATION,1,279,vehicle_type_swap,regret2_insert_repair,False,False,candidate_usable,softmax,sample,279,96,3.3666082353433553,0.2432629117945115,nan,0.937225
4000,STRUCTURAL_RESCUE__b4000__multidepot__e2-multidepot-100c-01__A8_ROUTE_POOL_RECOMBINATION__seed1,multidepot,e2-multidepot-100c-01,A8_ROUTE_POOL_RECOMBINATION,1,280,vehicle_type_swap,regret2_insert_repair,False,False,candidate_usable,softmax,sample,280,97,3.3327919389666762,0.23670425608813672,nan,0.9369999999999999
4000,STRUCTURAL_RESCUE__b4000__multidepot__e2-multidepot-100c-01__A8_ROUTE_POOL_RECOMBINATION__seed1,multidepot,e2-multidepot-100c-01,A8_ROUTE_POOL_RECOMBINATION,1,281,vehicle_type_swap,regret2_insert_repair,False,False,candidate_usable,softmax,sample,281,98,3.299664089544238,0.23039586976200882,nan,0.936775
4000,STRUCTURAL_RESCUE__b4000__multidepot__e2-multidepot-100c-01__A8_ROUTE_POOL_RECOMBINATION__seed1,multidepot,e2-multidepot-100c-01,A8_ROUTE_POOL_RECOMBINATION,1,282,whole_route_removal,regret3_insert_repair,False,False,unchanged,softmax,sample,282,19,2.3002723780026537,0.0798912586115721,nan,0.93655
4000,STRUCTURAL_RESCUE__b4000__multidepot__e2-multidepot-100c-01__A8_ROUTE_POOL_RECOMBINATION__seed1,multidepot,e2-multidepot-100c-01,A8_ROUTE_POOL_RECOMBINATION,1,283,worst_customer_removal,regret3_insert_repair,False,False,candidate_usable,softmax,sample,283,77,3.45923402790995,0.2778438746827025,nan,0.936325
4000,STRUCTURAL_RESCUE__b4000__multidepot__e2-multidepot-100c-01__A8_ROUTE_POOL_RECOMBINATION__seed1,multidepot,e2-multidepot-100c-01,A8_ROUTE_POOL_RECOMBINATION,1,284,vehicle_type_swap,regret2_insert_repair,False,False,candidate_usable,softmax,sample,284,99,3.267245753354511,0.22922594918657568,nan,0.9361
4000,STRUCTURAL_RESCUE__b4000__multidepot__e2-multidepot-100c-01__A8_ROUTE_POOL_RECOMBINATION__seed1,multidepot,e2-multidepot-100c-01,A8_ROUTE_POOL_RECOMBINATION,1,285,whole_route_removal,regret3_insert_repair,False,False,candidate_usable,softmax,sample,285,20,2.1917877224763345,0.07321054441841067,nan,0.935875
4000,STRUCTURAL_RESCUE__b4000__multidepot__e2-multidepot-100c-01__A8_ROUTE_POOL_RECOMBINATION__seed1,multidepot,e2-multidepot-100c-01,A8_ROUTE_POOL_RECOMBINATION,1,286,whole_route_removal,greedy_insert_repair,False,False,candidate_usable,softmax,sample,286,4,0.8384181208437835,0.017357623148770544,nan,0.93565
4000,STRUCTURAL_RESCUE__b4000__multidepot__e2-multidepot-100c-01__A8_ROUTE_POOL_RECOMBINATION__seed1,multidepot,e2-multidepot-100c-01,A8_ROUTE_POOL_RECOMBINATION,1,287,vehicle_type_swap,regret2_insert_repair,False,False,candidate_usable,softmax,sample,287,100,3.235473974434803,0.2254675521523134,nan,0.935425
4000,STRUCTURAL_RESCUE__b4000__multidepot__e2-multidepot-100c-01__A8_ROUTE_POOL_RECOMBINATION__seed1,multidepot,e2-multidepot-100c-01,A8_ROUTE_POOL_RECOMBINATION,1,288,vehicle_type_swap,regret2_insert_repair,False,False,candidate_usable,softmax,sample,288,101,3.20428901738941,0.21971588330992747,nan,0.9352
4000,STRUCTURAL_RESCUE__b4000__multidepot__e2-multidepot-100c-01__A8_ROUTE_POOL_RECOMBINATION__seed1,multidepot,e2-multidepot-100c-01,A8_ROUTE_POOL_RECOMBINATION,1,289,random_customer_removal,regret3_insert_repair,False,False,unchanged,softmax,sample,289,59,3.345421923732977,0.25735457934156103,nan,0.934975
4000,STRUCTURAL_RESCUE__b4000__multidepot__e2-multidepot-100c-01__A8_ROUTE_POOL_RECOMBINATION__seed1,multidepot,e2-multidepot-100c-01,A8_ROUTE_POOL_RECOMBINATION,1,290,worst_customer_removal,regret3_insert_repair,False,False,candidate_usable,softmax,sample,290,78,3.4161813005743022,0.28170712068263154,nan,0.93475
4000,STRUCTURAL_RESCUE__b4000__multidepot__e2-multidepot-100c-01__A8_ROUTE_POOL_RECOMBINATION__seed1,multidepot,e2-multidepot-100c-01,A8_ROUTE_POOL_RECOMBINATION,1,291,vehicle_type_swap,regret2_insert_repair,False,False,candidate_usable,softmax,sample,291,102,3.173754215010721,0.22010110467430657,nan,0.934525
4000,STRUCTURAL_RESCUE__b4000__multidepot__e2-multidepot-100c-01__A8_ROUTE_POOL_RECOMBINATION__seed1,multidepot,e2-multidepot-100c-01,A8_ROUTE_POOL_RECOMBINATION,1,292,whole_route_removal,regret3_insert_repair,False,False,candidate_usable,softmax,sample,292,21,2.093719077104252,0.0697670678329751,nan,0.9343
4000,STRUCTURAL_RESCUE__b4000__multidepot__e2-multidepot-100c-01__A8_ROUTE_POOL_RECOMBINATION__seed1,multidepot,e2-multidepot-100c-01,A8_ROUTE_POOL_RECOMBINATION,1,293,worst_customer_removal,regret3_insert_repair,False,False,candidate_usable,softmax,sample,293,79,3.3741236974904902,0.2764782379022497,nan,0.934075
4000,STRUCTURAL_RESCUE__b4000__multidepot__e2-multidepot-100c-01__A8_ROUTE_POOL_RECOMBINATION__seed1,multidepot,e2-multidepot-100c-01,A8_ROUTE_POOL_RECOMBINATION,1,294,whole_route_removal,regret3_insert_repair,False,False,unchanged,softmax,sample,294,22,2.0042805382336004,0.06454471417393072,nan,0.93385
4000,STRUCTURAL_RESCUE__b4000__multidepot__e2-multidepot-100c-01__A8_ROUTE_POOL_RECOMBINATION__seed1,multidepot,e2-multidepot-100c-01,A8_ROUTE_POOL_RECOMBINATION,1,295,random_customer_removal,regret3_insert_repair,False,False,candidate_usable,softmax,sample,295,60,3.2913873051870173,0.25754217259717643,nan,0.933625
4000,STRUCTURAL_RESCUE__b4000__multidepot__e2-multidepot-100c-01__A8_ROUTE_POOL_RECOMBINATION__seed1,multidepot,e2-multidepot-100c-01,A8_ROUTE_POOL_RECOMBINATION,1,296,random_customer_removal,regret3_insert_repair,False,False,candidate_usable,softmax,sample,296,61,3.2389918797313286,0.246986399708699,nan,0.9334
4000,STRUCTURAL_RESCUE__b4000__multidepot__e2-multidepot-100c-01__A8_ROUTE_POOL_RECOMBINATION__seed1,multidepot,e2-multidepot-100c-01,A8_ROUTE_POOL_RECOMBINATION,1,297,random_customer_removal,regret3_insert_repair,False,False,candidate_usable,softmax,sample,297,62,3.1882811086220784,0.23704681526882987,nan,0.933175
4000,STRUCTURAL_RESCUE__b4000__multidepot__e2-multidepot-100c-01__A8_ROUTE_POOL_RECOMBINATION__seed1,multidepot,e2-multidepot-100c-01,A8_ROUTE_POOL_RECOMBINATION,1,298,route_segment_removal,greedy_insert_repair,False,False,unchanged,softmax,sample,298,1,0.5275120343359186,0.013854352901686056,nan,0.93295
4000,STRUCTURAL_RESCUE__b4000__multidepot__e2-multidepot-100c-01__A8_ROUTE_POOL_RECOMBINATION__seed1,multidepot,e2-multidepot-100c-01,A8_ROUTE_POOL_RECOMBINATION,1,299,vehicle_type_swap,regret2_insert_repair,False,False,candidate_usable,softmax,sample,299,103,3.143908297975497,0.22914837784674974,nan,0.932725
4000,STRUCTURAL_RESCUE__b4000__multidepot__e2-multidepot-100c-01__A8_ROUTE_POOL_RECOMBINATION__seed1,multidepot,e2-multidepot-100c-01,A8_ROUTE_POOL_RECOMBINATION,1,300,vehicle_type_swap,regret2_insert_repair,False,False,candidate_usable,softmax,sample,300,104,3.114499139724537,0.22364743384238878,nan,0.9325
4000,STRUCTURAL_RESCUE__b4000__multidepot__e2-multidepot-100c-01__A8_ROUTE_POOL_RECOMBINATION__seed1,multidepot,e2-multidepot-100c-01,A8_ROUTE_POOL_RECOMBINATION,1,301,worst_customer_removal,regret3_insert_repair,True,False,candidate_usable,softmax,sample,301,80,3.333224453515962,0.28475189663532935,nan,0.932275
4000,STRUCTURAL_RESCUE__b4000__multidepot__e2-multidepot-100c-01__A8_ROUTE_POOL_RECOMBINATION__seed1,multidepot,e2-multidepot-100c-01,A8_ROUTE_POOL_RECOMBINATION,1,302,random_customer_removal,regret3_insert_repair,False,False,candidate_usable,softmax,sample,302,63,3.139273241320306,0.2324167945244625,nan,0.93205
4000,STRUCTURAL_RESCUE__b4000__multidepot__e2-multidepot-100c-01__A8_ROUTE_POOL_RECOMBINATION__seed1,multidepot,e2-multidepot-100c-01,A8_ROUTE_POOL_RECOMBINATION,1,303,worst_customer_removal,regret3_insert_repair,False,False,candidate_usable,softmax,sample,303,81,3.31727584373616,0.2846619264207716,nan,0.931825
4000,STRUCTURAL_RESCUE__b4000__multidepot__e2-multidepot-100c-01__A8_ROUTE_POOL_RECOMBINATION__seed1,multidepot,e2-multidepot-100c-01,A8_ROUTE_POOL_RECOMBINATION,1,304,random_customer_removal,regret3_insert_repair,False,False,candidate_usable,softmax,sample,304,64,3.0917194944942374,0.2261485180994922,nan,0.9316
4000,STRUCTURAL_RESCUE__b4000__multidepot__e2-multidepot-100c-01__A8_ROUTE_POOL_RECOMBINATION__seed1,multidepot,e2-multidepot-100c-01,A8_ROUTE_POOL_RECOMBINATION,1,305,vehicle_type_swap,regret2_insert_repair,False,False,candidate_usable,softmax,sample,305,105,3.0857243247922628,0.2272032969856584,nan,0.931375
4000,STRUCTURAL_RESCUE__b4000__multidepot__e2-multidepot-100c-01__A8_ROUTE_POOL_RECOMBINATION__seed1,multidepot,e2-multidepot-100c-01,A8_ROUTE_POOL_RECOMBINATION,1,306,route_segment_removal,regret3_insert_repair,False,False,candidate_usable,softmax,sample,306,5,1.1063294591024078,0.027303755458287407,nan,0.93115
4000,STRUCTURAL_RESCUE__b4000__multidepot__e2-multidepot-100c-01__A8_ROUTE_POOL_RECOMBINATION__seed1,multidepot,e2-multidepot-100c-01,A8_ROUTE_POOL_RECOMBINATION,1,307,vehicle_type_swap,regret3_insert_repair,False,False,candidate_usable,softmax,sample,307,2,0.44089980925973254,0.013408533755160192,nan,0.930925
4000,STRUCTURAL_RESCUE__b4000__multidepot__e2-multidepot-100c-01__A8_ROUTE_POOL_RECOMBINATION__seed1,multidepot,e2-multidepot-100c-01,A8_ROUTE_POOL_RECOMBINATION,1,308,vehicle_type_swap,regret2_insert_repair,False,False,candidate_usable,softmax,sample,308,106,3.05745334221447,0.22305609801058002,nan,0.9307
4000,STRUCTURAL_RESCUE__b4000__multidepot__e2-multidepot-100c-01__A8_ROUTE_POOL_RECOMBINATION__seed1,multidepot,e2-multidepot-100c-01,A8_ROUTE_POOL_RECOMBINATION,1,309,worst_customer_removal,regret3_insert_repair,False,False,candidate_usable,softmax,sample,309,82,3.278017304130455,0.28461892872393046,nan,0.9304749999999999
4000,STRUCTURAL_RESCUE__b4000__multidepot__e2-multidepot-100c-01__A8_ROUTE_POOL_RECOMBINATION__seed1,multidepot,e2-multidepot-100c-01,A8_ROUTE_POOL_RECOMBINATION,1,310,worst_customer_removal,regret3_insert_repair,False,False,candidate_usable,softmax,sample,310,83,3.239598226884548,0.2763303695615856,nan,0.93025
4000,STRUCTURAL_RESCUE__b4000__multidepot__e2-multidepot-100c-01__A8_ROUTE_POOL_RECOMBINATION__seed1,multidepot,e2-multidepot-100c-01,A8_ROUTE_POOL_RECOMBINATION,1,311,worst_customer_removal,regret3_insert_repair,False,False,unchanged,softmax,sample,311,84,3.202091354243866,0.26838136591284595,nan,0.930025
4000,STRUCTURAL_RESCUE__b4000__multidepot__e2-multidepot-100c-01__A8_ROUTE_POOL_RECOMBINATION__seed1,multidepot,e2-multidepot-100c-01,A8_ROUTE_POOL_RECOMBINATION,1,312,worst_customer_removal,regret3_insert_repair,False,False,unchanged,softmax,sample,312,85,3.165464535971872,0.26075737990167747,nan,0.9298
4000,STRUCTURAL_RESCUE__b4000__multidepot__e2-multidepot-100c-01__A8_ROUTE_POOL_RECOMBINATION__seed1,multidepot,e2-multidepot-100c-01,A8_ROUTE_POOL_RECOMBINATION,1,313,shaw_related_removal,regret2_insert_repair,False,False,candidate_usable,softmax,sample,313,1,0.5295578374256125,0.01545647203195562,nan,0.929575
4000,STRUCTURAL_RESCUE__b4000__multidepot__e2-multidepot-100c-01__A8_ROUTE_POOL_RECOMBINATION__seed1,multidepot,e2-multidepot-100c-01,A8_ROUTE_POOL_RECOMBINATION,1,314,random_customer_removal,regret3_insert_repair,True,True,candidate_usable,softmax,sample,314,65,3.0458110773875164,0.23192730353537086,nan,0.92935
4000,STRUCTURAL_RESCUE__b4000__multidepot__e2-multidepot-100c-01__A8_ROUTE_POOL_RECOMBINATION__seed1,multidepot,e2-multidepot-100c-01,A8_ROUTE_POOL_RECOMBINATION,1,315,random_customer_removal,regret3_insert_repair,False,False,candidate_usable,softmax,sample,315,66,3.3033552572501867,0.2849344539301721,nan,0.929125
4000,STRUCTURAL_RESCUE__b4000__multidepot__e2-multidepot-100c-01__A8_ROUTE_POOL_RECOMBINATION__seed1,multidepot,e2-multidepot-100c-01,A8_ROUTE_POOL_RECOMBINATION,1,316,vehicle_type_swap,regret2_insert_repair,False,False,candidate_usable,softmax,sample,316,107,3.029799480417216,0.21536910597104011,nan,0.9289000000000001
4000,STRUCTURAL_RESCUE__b4000__multidepot__e2-multidepot-100c-01__A8_ROUTE_POOL_RECOMBINATION__seed1,multidepot,e2-multidepot-100c-01,A8_ROUTE_POOL_RECOMBINATION,1,317,vehicle_type_swap,greedy_insert_repair,False,False,candidate_usable,softmax,sample,317,1,0.5300854666735988,0.014687503933914794,nan,0.928675
4000,STRUCTURAL_RESCUE__b4000__multidepot__e2-multidepot-100c-01__A8_ROUTE_POOL_RECOMBINATION__seed1,multidepot,e2-multidepot-100c-01,A8_ROUTE_POOL_RECOMBINATION,1,318,whole_route_removal,regret3_insert_repair,False,False,candidate_usable,softmax,sample,318,23,1.9234090985017096,0.06592139326514554,nan,0.92845
4000,STRUCTURAL_RESCUE__b4000__multidepot__e2-multidepot-100c-01__A8_ROUTE_POOL_RECOMBINATION__seed1,multidepot,e2-multidepot-100c-01,A8_ROUTE_POOL_RECOMBINATION,1,319,worst_customer_removal,regret3_insert_repair,False,False,candidate_usable,softmax,sample,319,86,3.1298067051535234,0.2430047193882482,nan,0.928225
4000,STRUCTURAL_RESCUE__b4000__multidepot__e2-multidepot-100c-01__A8_ROUTE_POOL_RECOMBINATION__seed1,multidepot,e2-multidepot-100c-01,A8_ROUTE_POOL_RECOMBINATION,1,320,vehicle_type_swap,regret2_insert_repair,False,False,candidate_usable,softmax,sample,320,108,3.0025839464873747,0.21381997165344416,nan,0.9279999999999999
4000,STRUCTURAL_RESCUE__b4000__multidepot__e2-multidepot-100c-01__A8_ROUTE_POOL_RECOMBINATION__seed1,multidepot,e2-multidepot-100c-01,A8_ROUTE_POOL_RECOMBINATION,1,321,worst_customer_removal,regret3_insert_repair,False,False,candidate_usable,softmax,sample,321,87,3.094867863480015,0.23764870837484026,nan,0.927775
4000,STRUCTURAL_RESCUE__b4000__multidepot__e2-multidepot-100c-01__A8_ROUTE_POOL_RECOMBINATION__seed1,multidepot,e2-multidepot-100c-01,A8_ROUTE_POOL_RECOMBINATION,1,322,random_customer_removal,regret3_insert_repair,False,False,candidate_usable,softmax,sample,322,67,3.2555796922504348,0.2850911988561194,nan,0.92755
4000,STRUCTURAL_RESCUE__b4000__multidepot__e2-multidepot-100c-01__A8_ROUTE_POOL_RECOMBINATION__seed1,multidepot,e2-multidepot-100c-01,A8_ROUTE_POOL_RECOMBINATION,1,323,vehicle_type_swap,regret2_insert_repair,False,False,candidate_usable,softmax,sample,323,109,2.9758488003317862,0.2138695481406065,nan,0.927325
4000,STRUCTURAL_RESCUE__b4000__multidepot__e2-multidepot-100c-01__A8_ROUTE_POOL_RECOMBINATION__seed1,multidepot,e2-multidepot-100c-01,A8_ROUTE_POOL_RECOMBINATION,1,324,vehicle_type_swap,regret3_insert_repair,False,False,candidate_usable,softmax,sample,324,3,0.3901124867548893,0.013228846667045324,nan,0.9271
4000,STRUCTURAL_RESCUE__b4000__multidepot__e2-multidepot-100c-01__A8_ROUTE_POOL_RECOMBINATION__seed1,multidepot,e2-multidepot-100c-01,A8_ROUTE_POOL_RECOMBINATION,1,325,worst_customer_removal,regret3_insert_repair,False,False,candidate_usable,softmax,sample,325,88,3.0607592137696056,0.23596043479131587,nan,0.926875
4000,STRUCTURAL_RESCUE__b4000__multidepot__e2-multidepot-100c-01__A8_ROUTE_POOL_RECOMBINATION__seed1,multidepot,e2-multidepot-100c-01,A8_ROUTE_POOL_RECOMBINATION,1,326,worst_customer_removal,greedy_insert_repair,False,False,unchanged,softmax,sample,326,2,0.4429363025868104,0.014113549491038898,nan,0.92665
4000,STRUCTURAL_RESCUE__b4000__multidepot__e2-multidepot-100c-01__A8_ROUTE_POOL_RECOMBINATION__seed1,multidepot,e2-multidepot-100c-01,A8_ROUTE_POOL_RECOMBINATION,1,327,shaw_related_removal,regret3_insert_repair,False,False,candidate_usable,softmax,sample,327,2,0.44303989987053966,0.014118134325393503,nan,0.926425
4000,STRUCTURAL_RESCUE__b4000__multidepot__e2-multidepot-100c-01__A8_ROUTE_POOL_RECOMBINATION__seed1,multidepot,e2-multidepot-100c-01,A8_ROUTE_POOL_RECOMBINATION,1,328,vehicle_type_swap,regret2_insert_repair,False,False,candidate_usable,softmax,sample,328,110,2.949632336484699,0.2114507950753363,nan,0.9262
4000,STRUCTURAL_RESCUE__b4000__multidepot__e2-multidepot-100c-01__A8_ROUTE_POOL_RECOMBINATION__seed1,multidepot,e2-multidepot-100c-01,A8_ROUTE_POOL_RECOMBINATION,1,329,route_segment_removal,regret3_insert_repair,False,False,candidate_usable,softmax,sample,329,6,0.9574399825637151,0.024741043848523797,nan,0.925975
4000,STRUCTURAL_RESCUE__b4000__multidepot__e2-multidepot-100c-01__A8_ROUTE_POOL_RECOMBINATION__seed1,multidepot,e2-multidepot-100c-01,A8_ROUTE_POOL_RECOMBINATION,1,330,worst_customer_removal,regret3_insert_repair,False,False,candidate_usable,softmax,sample,330,89,3.027433286173893,0.23201765218496195,nan,0.92575
4000,STRUCTURAL_RESCUE__b4000__multidepot__e2-multidepot-100c-01__A8_ROUTE_POOL_RECOMBINATION__seed1,multidepot,e2-multidepot-100c-01,A8_ROUTE_POOL_RECOMBINATION,1,331,route_segment_removal,regret2_insert_repair,True,False,candidate_usable,softmax,sample,331,1,0.5318769539588499,0.015778390513260545,nan,0.925525
4000,STRUCTURAL_RESCUE__b4000__multidepot__e2-multidepot-100c-01__A8_ROUTE_POOL_RECOMBINATION__seed1,multidepot,e2-multidepot-100c-01,A8_ROUTE_POOL_RECOMBINATION,1,332,worst_customer_removal,regret3_insert_repair,False,False,candidate_usable,softmax,sample,332,90,2.9947900288338403,0.22026262677600555,nan,0.9253
4000,STRUCTURAL_RESCUE__b4000__multidepot__e2-multidepot-100c-01__A8_ROUTE_POOL_RECOMBINATION__seed1,multidepot,e2-multidepot-100c-01,A8_ROUTE_POOL_RECOMBINATION,1,333,worst_customer_removal,regret3_insert_repair,False,False,candidate_usable,softmax,sample,333,91,2.962843866752684,0.21441347652536383,nan,0.925075
4000,STRUCTURAL_RESCUE__b4000__multidepot__e2-multidepot-100c-01__A8_ROUTE_POOL_RECOMBINATION__seed1,multidepot,e2-multidepot-100c-01,A8_ROUTE_POOL_RECOMBINATION,1,334,random_customer_removal,regret3_insert_repair,False,False,candidate_usable,softmax,sample,334,68,3.209309602770865,0.2819297668073887,nan,0.92485
4000,STRUCTURAL_RESCUE__b4000__multidepot__e2-multidepot-100c-01__A8_ROUTE_POOL_RECOMBINATION__seed1,multidepot,e2-multidepot-100c-01,A8_ROUTE_POOL_RECOMBINATION,1,335,worst_customer_removal,regret3_insert_repair,True,True,candidate_usable,softmax,sample,335,92,2.9316082857968366,0.21167041673979592,nan,0.924625
4000,STRUCTURAL_RESCUE__b4000__multidepot__e2-multidepot-100c-01__A8_ROUTE_POOL_RECOMBINATION__seed1,multidepot,e2-multidepot-100c-01,A8_ROUTE_POOL_RECOMBINATION,1,336,whole_route_removal,regret3_insert_repair,False,False,candidate_usable,softmax,sample,336,24,1.8489707491630605,0.0627029920477021,nan,0.9244
4000,STRUCTURAL_RESCUE__b4000__multidepot__e2-multidepot-100c-01__A8_ROUTE_POOL_RECOMBINATION__seed1,multidepot,e2-multidepot-100c-01,A8_ROUTE_POOL_RECOMBINATION,1,337,worst_customer_removal,regret3_insert_repair,False,False,candidate_usable,softmax,sample,337,93,3.115558617976674,0.2479550997810118,nan,0.924175
4000,STRUCTURAL_RESCUE__b4000__multidepot__e2-multidepot-100c-01__A8_ROUTE_POOL_RECOMBINATION__seed1,multidepot,e2-multidepot-100c-01,A8_ROUTE_POOL_RECOMBINATION,1,338,route_segment_removal,regret2_insert_repair,True,False,candidate_usable,softmax,sample,338,2,1.419157332626806,0.03988066088788859,nan,0.92395
4000,STRUCTURAL_RESCUE__b4000__multidepot__e2-multidepot-100c-01__A8_ROUTE_POOL_RECOMBINATION__seed1,multidepot,e2-multidepot-100c-01,A8_ROUTE_POOL_RECOMBINATION,1,339,worst_customer_removal,regret3_insert_repair,False,False,candidate_usable,softmax,sample,339,94,3.0833591725228504,0.23832469214537796,nan,0.923725
4000,STRUCTURAL_RESCUE__b4000__multidepot__e2-multidepot-100c-01__A8_ROUTE_POOL_RECOMBINATION__seed1,multidepot,e2-multidepot-100c-01,A8_ROUTE_POOL_RECOMBINATION,1,340,vehicle_type_swap,regret2_insert_repair,False,False,candidate_usable,softmax,sample,340,111,2.9240011540523163,0.20219776288943628,nan,0.9235
4000,STRUCTURAL_RESCUE__b4000__multidepot__e2-multidepot-100c-01__A8_ROUTE_POOL_RECOMBINATION__seed1,multidepot,e2-multidepot-100c-01,A8_ROUTE_POOL_RECOMBINATION,1,341,worst_customer_removal,regret3_insert_repair,False,False,candidate_usable,softmax,sample,341,95,3.0518357606527977,0.2335257748996763,nan,0.923275
4000,STRUCTURAL_RESCUE__b4000__multidepot__e2-multidepot-100c-01__A8_ROUTE_POOL_RECOMBINATION__seed1,multidepot,e2-multidepot-100c-01,A8_ROUTE_POOL_RECOMBINATION,1,342,random_customer_removal,regret3_insert_repair,True,True,candidate_usable,softmax,sample,342,69,3.1642891213343347,0.265859567221589,nan,0.92305
4000,STRUCTURAL_RESCUE__b4000__multidepot__e2-multidepot-100c-01__A8_ROUTE_POOL_RECOMBINATION__seed1,multidepot,e2-multidepot-100c-01,A8_ROUTE_POOL_RECOMBINATION,1,343,vehicle_type_swap,regret2_insert_repair,False,False,candidate_usable,softmax,sample,343,112,2.8986787133068064,0.1847323757732881,nan,0.922825
4000,STRUCTURAL_RESCUE__b4000__multidepot__e2-multidepot-100c-01__A8_ROUTE_POOL_RECOMBINATION__seed1,multidepot,e2-multidepot-100c-01,A8_ROUTE_POOL_RECOMBINATION,1,344,vehicle_type_swap,regret2_insert_repair,False,False,candidate_usable,softmax,sample,344,113,2.873771478569651,0.18071198021812354,nan,0.9226
4000,STRUCTURAL_RESCUE__b4000__multidepot__e2-multidepot-100c-01__A8_ROUTE_POOL_RECOMBINATION__seed1,multidepot,e2-multidepot-100c-01,A8_ROUTE_POOL_RECOMBINATION,1,345,vehicle_type_swap,regret2_insert_repair,False,False,candidate_usable,softmax,sample,345,114,2.8493000395596852,0.1768269710603791,nan,0.922375
4000,STRUCTURAL_RESCUE__b4000__multidepot__e2-multidepot-100c-01__A8_ROUTE_POOL_RECOMBINATION__seed1,multidepot,e2-multidepot-100c-01,A8_ROUTE_POOL_RECOMBINATION,1,346,vehicle_type_swap,regret2_insert_repair,False,False,candidate_usable,softmax,sample,346,115,2.8252530430021827,0.17307187077022193,nan,0.92215
4000,STRUCTURAL_RESCUE__b4000__multidepot__e2-multidepot-100c-01__A8_ROUTE_POOL_RECOMBINATION__seed1,multidepot,e2-multidepot-100c-01,A8_ROUTE_POOL_RECOMBINATION,1,347,worst_customer_removal,regret3_insert_repair,False,False,candidate_usable,softmax,sample,347,96,3.0210359391419264,0.21497150140650237,nan,0.921925
4000,STRUCTURAL_RESCUE__b4000__multidepot__e2-multidepot-100c-01__A8_ROUTE_POOL_RECOMBINATION__seed1,multidepot,e2-multidepot-100c-01,A8_ROUTE_POOL_RECOMBINATION,1,348,shaw_related_removal,regret2_insert_repair,False,False,candidate_usable,softmax,sample,348,2,0.445139533910151,0.013234774411568435,nan,0.9217
4000,STRUCTURAL_RESCUE__b4000__multidepot__e2-multidepot-100c-01__A8_ROUTE_POOL_RECOMBINATION__seed1,multidepot,e2-multidepot-100c-01,A8_ROUTE_POOL_RECOMBINATION,1,349,random_customer_removal,regret3_insert_repair,False,False,candidate_usable,softmax,sample,349,70,3.405529102086757,0.32887132660066776,nan,0.921475
4000,STRUCTURAL_RESCUE__b4000__multidepot__e2-multidepot-100c-01__A8_ROUTE_POOL_RECOMBINATION__seed1,multidepot,e2-multidepot-100c-01,A8_ROUTE_POOL_RECOMBINATION,1,350,worst_customer_removal,regret3_insert_repair,False,False,candidate_usable,softmax,sample,350,97,2.990818229533105,0.2131705829239804,nan,0.92125
4000,STRUCTURAL_RESCUE__b4000__multidepot__e2-multidepot-100c-01__A8_ROUTE_POOL_RECOMBINATION__seed1,multidepot,e2-multidepot-100c-01,A8_ROUTE_POOL_RECOMBINATION,1,351,random_customer_removal,regret3_insert_repair,False,False,candidate_usable,softmax,sample,351,71,3.358885466872432,0.32008803862715624,nan,0.921025
4000,STRUCTURAL_RESCUE__b4000__multidepot__e2-multidepot-100c-01__A8_ROUTE_POOL_RECOMBINATION__seed1,multidepot,e2-multidepot-100c-01,A8_ROUTE_POOL_RECOMBINATION,1,352,whole_route_removal,regret3_insert_repair,False,False,candidate_usable,softmax,sample,352,25,1.7803527853987762,0.05855742081983728,nan,0.9208000000000001
4000,STRUCTURAL_RESCUE__b4000__multidepot__e2-multidepot-100c-01__A8_ROUTE_POOL_RECOMBINATION__seed1,multidepot,e2-multidepot-100c-01,A8_ROUTE_POOL_RECOMBINATION,1,353,whole_route_removal,regret2_insert_repair,False,False,candidate_usable,softmax,sample,353,3,0.39261631348007275,0.01301706213399398,nan,0.920575
4000,STRUCTURAL_RESCUE__b4000__multidepot__e2-multidepot-100c-01__A8_ROUTE_POOL_RECOMBINATION__seed1,multidepot,e2-multidepot-100c-01,A8_ROUTE_POOL_RECOMBINATION,1,354,worst_customer_removal,regret3_insert_repair,False,False,candidate_usable,softmax,sample,354,98,2.9612319566565137,0.21210737640953692,nan,0.92035
4000,STRUCTURAL_RESCUE__b4000__multidepot__e2-multidepot-100c-01__A8_ROUTE_POOL_RECOMBINATION__seed1,multidepot,e2-multidepot-100c-01,A8_ROUTE_POOL_RECOMBINATION,1,355,random_customer_removal,regret3_insert_repair,True,False,candidate_usable,softmax,sample,355,72,3.313572228222217,0.31316668465321484,nan,0.920125
4000,STRUCTURAL_RESCUE__b4000__multidepot__e2-multidepot-100c-01__A8_ROUTE_POOL_RECOMBINATION__seed1,multidepot,e2-multidepot-100c-01,A8_ROUTE_POOL_RECOMBINATION,1,356,worst_customer_removal,regret3_insert_repair,False,False,candidate_usable,softmax,sample,356,99,2.932208869973998,0.20815050360186355,nan,0.9198999999999999
4000,STRUCTURAL_RESCUE__b4000__multidepot__e2-multidepot-100c-01__A8_ROUTE_POOL_RECOMBINATION__seed1,multidepot,e2-multidepot-100c-01,A8_ROUTE_POOL_RECOMBINATION,1,357,random_customer_removal,regret3_insert_repair,False,False,unchanged,softmax,sample,357,73,3.2961712412136013,0.311213122183474,nan,0.919675
4000,STRUCTURAL_RESCUE__b4000__multidepot__e2-multidepot-100c-01__A8_ROUTE_POOL_RECOMBINATION__seed1,multidepot,e2-multidepot-100c-01,A8_ROUTE_POOL_RECOMBINATION,1,358,route_segment_removal,regret2_insert_repair,False,False,candidate_usable,softmax,sample,358,3,1.6930254331237926,0.055230410970267214,nan,0.91945
4000,STRUCTURAL_RESCUE__b4000__multidepot__e2-multidepot-100c-01__A8_ROUTE_POOL_RECOMBINATION__seed1,multidepot,e2-multidepot-100c-01,A8_ROUTE_POOL_RECOMBINATION,1,359,worst_customer_removal,regret3_insert_repair,False,False,candidate_usable,softmax,sample,359,100,2.9037807485238085,0.20988223851466498,nan,0.919225
4000,STRUCTURAL_RESCUE__b4000__multidepot__e2-multidepot-100c-01__A8_ROUTE_POOL_RECOMBINATION__seed1,multidepot,e2-multidepot-100c-01,A8_ROUTE_POOL_RECOMBINATION,1,360,shaw_related_removal,greedy_insert_repair,False,False,candidate_usable,softmax,sample,360,1,0.5353402088569577,0.01605073632901472,nan,0.919
4000,STRUCTURAL_RESCUE__b4000__multidepot__e2-multidepot-100c-01__A8_ROUTE_POOL_RECOMBINATION__seed1,multidepot,e2-multidepot-100c-01,A8_ROUTE_POOL_RECOMBINATION,1,361,random_customer_removal,regret3_insert_repair,False,False,candidate_usable,softmax,sample,361,74,3.252922985559246,0.3093718036962034,nan,0.918775
4000,STRUCTURAL_RESCUE__b4000__multidepot__e2-multidepot-100c-01__A8_ROUTE_POOL_RECOMBINATION__seed1,multidepot,e2-multidepot-100c-01,A8_ROUTE_POOL_RECOMBINATION,1,362,vehicle_type_swap,regret2_insert_repair,False,False,candidate_usable,softmax,sample,362,116,2.8018471925167767,0.19202969624159405,nan,0.91855
4000,STRUCTURAL_RESCUE__b4000__multidepot__e2-multidepot-100c-01__A8_ROUTE_POOL_RECOMBINATION__seed1,multidepot,e2-multidepot-100c-01,A8_ROUTE_POOL_RECOMBINATION,1,363,random_customer_removal,regret3_insert_repair,False,False,candidate_usable,softmax,sample,363,75,3.2107878822344325,0.30122487097192496,nan,0.9183250000000001
4000,STRUCTURAL_RESCUE__b4000__multidepot__e2-multidepot-100c-01__A8_ROUTE_POOL_RECOMBINATION__seed1,multidepot,e2-multidepot-100c-01,A8_ROUTE_POOL_RECOMBINATION,1,364,route_segment_removal,regret2_insert_repair,False,False,unchanged,softmax,sample,364,4,1.3322431572180573,0.039456401689205854,nan,0.9181
4000,STRUCTURAL_RESCUE__b4000__multidepot__e2-multidepot-100c-01__A8_ROUTE_POOL_RECOMBINATION__seed1,multidepot,e2-multidepot-100c-01,A8_ROUTE_POOL_RECOMBINATION,1,365,vehicle_type_swap,regret2_insert_repair,False,False,candidate_usable,softmax,sample,365,117,2.778644281134455,0.19233014224704623,nan,0.917875
4000,STRUCTURAL_RESCUE__b4000__multidepot__e2-multidepot-100c-01__A8_ROUTE_POOL_RECOMBINATION__seed1,multidepot,e2-multidepot-100c-01,A8_ROUTE_POOL_RECOMBINATION,1,366,random_customer_removal,regret3_insert_repair,False,False,candidate_usable,softmax,sample,366,76,3.169776423573636,0.2959746141458767,nan,0.91765
4000,STRUCTURAL_RESCUE__b4000__multidepot__e2-multidepot-100c-01__A8_ROUTE_POOL_RECOMBINATION__seed1,multidepot,e2-multidepot-100c-01,A8_ROUTE_POOL_RECOMBINATION,1,367,random_customer_removal,greedy_insert_repair,False,False,unchanged,softmax,sample,367,3,0.3937465036380423,0.014545528497742707,nan,0.917425
4000,STRUCTURAL_RESCUE__b4000__multidepot__e2-multidepot-100c-01__A8_ROUTE_POOL_RECOMBINATION__seed1,multidepot,e2-multidepot-100c-01,A8_ROUTE_POOL_RECOMBINATION,1,368,worst_customer_removal,regret3_insert_repair,False,False,candidate_usable,softmax,sample,368,101,2.8760083749156076,0.2178159871438381,nan,0.9172
4000,STRUCTURAL_RESCUE__b4000__multidepot__e2-multidepot-100c-01__A8_ROUTE_POOL_RECOMBINATION__seed1,multidepot,e2-multidepot-100c-01,A8_ROUTE_POOL_RECOMBINATION,1,369,vehicle_type_swap,regret2_insert_repair,False,False,candidate_usable,softmax,sample,369,118,2.7558478925154675,0.19231917906584903,nan,0.916975
4000,STRUCTURAL_RESCUE__b4000__multidepot__e2-multidepot-100c-01__A8_ROUTE_POOL_RECOMBINATION__seed1,multidepot,e2-multidepot-100c-01,A8_ROUTE_POOL_RECOMBINATION,1,370,shaw_related_removal,regret2_insert_repair,False,False,unchanged,softmax,sample,370,3,0.393982617659888,0.014695892400464943,nan,0.91675
4000,STRUCTURAL_RESCUE__b4000__multidepot__e2-multidepot-100c-01__A8_ROUTE_POOL_RECOMBINATION__seed1,multidepot,e2-multidepot-100c-01,A8_ROUTE_POOL_RECOMBINATION,1,371,worst_customer_removal,regret3_insert_repair,False,False,candidate_usable,softmax,sample,371,102,2.8486850011941485,0.2139770461260302,nan,0.916525
4000,STRUCTURAL_RESCUE__b4000__multidepot__e2-multidepot-100c-01__A8_ROUTE_POOL_RECOMBINATION__seed1,multidepot,e2-multidepot-100c-01,A8_ROUTE_POOL_RECOMBINATION,1,372,random_customer_removal,regret3_insert_repair,True,True,candidate_usable,softmax,sample,372,77,3.1298801619139582,0.29267503792662863,nan,0.9163
4000,STRUCTURAL_RESCUE__b4000__multidepot__e2-multidepot-100c-01__A8_ROUTE_POOL_RECOMBINATION__seed1,multidepot,e2-multidepot-100c-01,A8_ROUTE_POOL_RECOMBINATION,1,373,worst_customer_removal,regret3_insert_repair,False,False,candidate_usable,softmax,sample,373,103,2.8218753750214587,0.19398466238406675,nan,0.916075
4000,STRUCTURAL_RESCUE__b4000__multidepot__e2-multidepot-100c-01__A8_ROUTE_POOL_RECOMBINATION__seed1,multidepot,e2-multidepot-100c-01,A8_ROUTE_POOL_RECOMBINATION,1,374,worst_customer_removal,regret3_insert_repair,False,False,candidate_usable,softmax,sample,374,104,2.7955647385010085,0.18954745351051935,nan,0.91585
4000,STRUCTURAL_RESCUE__b4000__multidepot__e2-multidepot-100c-01__A8_ROUTE_POOL_RECOMBINATION__seed1,multidepot,e2-multidepot-100c-01,A8_ROUTE_POOL_RECOMBINATION,1,375,shaw_related_removal,regret3_insert_repair,False,False,candidate_usable,softmax,sample,375,3,0.39437157674203877,0.01383958436765719,nan,0.915625
4000,STRUCTURAL_RESCUE__b4000__multidepot__e2-multidepot-100c-01__A8_ROUTE_POOL_RECOMBINATION__seed1,multidepot,e2-multidepot-100c-01,A8_ROUTE_POOL_RECOMBINATION,1,376,vehicle_type_swap,regret2_insert_repair,False,False,candidate_usable,softmax,sample,376,119,2.7334756754150686,0.1781776101696669,nan,0.9154
4000,STRUCTURAL_RESCUE__b4000__multidepot__e2-multidepot-100c-01__A8_ROUTE_POOL_RECOMBINATION__seed1,multidepot,e2-multidepot-100c-01,A8_ROUTE_POOL_RECOMBINATION,1,377,worst_customer_removal,regret3_insert_repair,False,False,candidate_usable,softmax,sample,377,105,2.7697837103072778,0.18619055340512225,nan,0.915175
4000,STRUCTURAL_RESCUE__b4000__multidepot__e2-multidepot-100c-01__A8_ROUTE_POOL_RECOMBINATION__seed1,multidepot,e2-multidepot-100c-01,A8_ROUTE_POOL_RECOMBINATION,1,378,vehicle_type_swap,regret2_insert_repair,False,False,candidate_usable,softmax,sample,378,120,2.711404958079598,0.17558652504770836,nan,0.91495
4000,STRUCTURAL_RESCUE__b4000__multidepot__e2-multidepot-100c-01__A8_ROUTE_POOL_RECOMBINATION__seed1,multidepot,e2-multidepot-100c-01,A8_ROUTE_POOL_RECOMBINATION,1,379,random_customer_removal,regret3_insert_repair,False,False,candidate_usable,softmax,sample,379,78,3.346789542389548,0.3531649298008245,nan,0.914725
4000,STRUCTURAL_RESCUE__b4000__multidepot__e2-multidepot-100c-01__A8_ROUTE_POOL_RECOMBINATION__seed1,multidepot,e2-multidepot-100c-01,A8_ROUTE_POOL_RECOMBINATION,1,380,random_customer_removal,regret3_insert_repair,True,False,candidate_usable,softmax,sample,380,79,3.3055705669125333,0.34301888015946375,nan,0.9145
4000,STRUCTURAL_RESCUE__b4000__multidepot__e2-multidepot-100c-01__A8_ROUTE_POOL_RECOMBINATION__seed1,multidepot,e2-multidepot-100c-01,A8_ROUTE_POOL_RECOMBINATION,1,381,shaw_related_removal,regret2_insert_repair,False,False,unchanged,softmax,sample,381,4,0.35842621441392625,0.013741755879905044,nan,0.914275
4000,STRUCTURAL_RESCUE__b4000__multidepot__e2-multidepot-100c-01__A8_ROUTE_POOL_RECOMBINATION__seed1,multidepot,e2-multidepot-100c-01,A8_ROUTE_POOL_RECOMBINATION,1,382,random_customer_removal,regret3_insert_repair,True,False,candidate_usable,softmax,sample,382,80,3.289770955264781,0.33942541211431754,nan,0.91405
4000,STRUCTURAL_RESCUE__b4000__multidepot__e2-multidepot-100c-01__A8_ROUTE_POOL_RECOMBINATION__seed1,multidepot,e2-multidepot-100c-01,A8_ROUTE_POOL_RECOMBINATION,1,383,worst_customer_removal,regret3_insert_repair,False,False,candidate_usable,softmax,sample,383,106,2.744531602037524,0.18801576022385133,nan,0.913825
4000,STRUCTURAL_RESCUE__b4000__multidepot__e2-multidepot-100c-01__A8_ROUTE_POOL_RECOMBINATION__seed1,multidepot,e2-multidepot-100c-01,A8_ROUTE_POOL_RECOMBINATION,1,384,random_customer_removal,regret3_insert_repair,False,False,candidate_usable,softmax,sample,384,81,3.27435866105388,0.3375111405239045,nan,0.9136
4000,STRUCTURAL_RESCUE__b4000__multidepot__e2-multidepot-100c-01__A8_ROUTE_POOL_RECOMBINATION__seed1,multidepot,e2-multidepot-100c-01,A8_ROUTE_POOL_RECOMBINATION,1,385,worst_customer_removal,regret3_insert_repair,False,False,candidate_usable,softmax,sample,385,107,2.7196918936203454,0.1865515704919556,nan,0.913375
4000,STRUCTURAL_RESCUE__b4000__multidepot__e2-multidepot-100c-01__A8_ROUTE_POOL_RECOMBINATION__seed1,multidepot,e2-multidepot-100c-01,A8_ROUTE_POOL_RECOMBINATION,1,386,worst_customer_removal,regret3_insert_repair,False,False,candidate_usable,softmax,sample,386,108,2.695296506663484,0.18254646969240726,nan,0.91315
4000,STRUCTURAL_RESCUE__b4000__multidepot__e2-multidepot-100c-01__A8_ROUTE_POOL_RECOMBINATION__seed1,multidepot,e2-multidepot-100c-01,A8_ROUTE_POOL_RECOMBINATION,1,387,vehicle_type_swap,regret2_insert_repair,False,False,candidate_usable,softmax,sample,387,121,2.689793571480156,0.18232529980982903,nan,0.912925
4000,STRUCTURAL_RESCUE__b4000__multidepot__e2-multidepot-100c-01__A8_ROUTE_POOL_RECOMBINATION__seed1,multidepot,e2-multidepot-100c-01,A8_ROUTE_POOL_RECOMBINATION,1,388,vehicle_type_swap,regret2_insert_repair,False,False,candidate_usable,softmax,sample,388,122,2.6684271587778596,0.17887507481316267,nan,0.9127
4000,STRUCTURAL_RESCUE__b4000__multidepot__e2-multidepot-100c-01__A8_ROUTE_POOL_RECOMBINATION__seed1,multidepot,e2-multidepot-100c-01,A8_ROUTE_POOL_RECOMBINATION,1,389,worst_customer_removal,greedy_insert_repair,False,False,unchanged,softmax,sample,389,3,0.3954315196713725,0.014877060101425763,nan,0.912475
4000,STRUCTURAL_RESCUE__b4000__multidepot__e2-multidepot-100c-01__A8_ROUTE_POOL_RECOMBINATION__seed1,multidepot,e2-multidepot-100c-01,A8_ROUTE_POOL_RECOMBINATION,1,390,worst_customer_removal,regret3_insert_repair,False,False,candidate_usable,softmax,sample,390,109,2.6713899286625917,0.18032222792496297,nan,0.91225
4000,STRUCTURAL_RESCUE__b4000__multidepot__e2-multidepot-100c-01__A8_ROUTE_POOL_RECOMBINATION__seed1,multidepot,e2-multidepot-100c-01,A8_ROUTE_POOL_RECOMBINATION,1,391,random_customer_removal,regret3_insert_repair,False,False,candidate_usable,softmax,sample,391,82,3.235620668334124,0.3363252860365834,nan,0.912025
4000,STRUCTURAL_RESCUE__b4000__multidepot__e2-multidepot-100c-01__A8_ROUTE_POOL_RECOMBINATION__seed1,multidepot,e2-multidepot-100c-01,A8_ROUTE_POOL_RECOMBINATION,1,392,worst_customer_removal,regret3_insert_repair,False,False,candidate_usable,softmax,sample,392,110,2.6478886427880655,0.17902397530776173,nan,0.9117999999999999
4000,STRUCTURAL_RESCUE__b4000__multidepot__e2-multidepot-100c-01__A8_ROUTE_POOL_RECOMBINATION__seed1,multidepot,e2-multidepot-100c-01,A8_ROUTE_POOL_RECOMBINATION,1,393,shaw_related_removal,regret2_insert_repair,False,False,candidate_usable,softmax,sample,393,5,0.33228474771166633,0.01418042913637288,nan,0.911575
4000,STRUCTURAL_RESCUE__b4000__multidepot__e2-multidepot-100c-01__A8_ROUTE_POOL_RECOMBINATION__seed1,multidepot,e2-multidepot-100c-01,A8_ROUTE_POOL_RECOMBINATION,1,394,whole_route_removal,regret3_insert_repair,False,False,candidate_usable,softmax,sample,394,26,1.717713908578605,0.06483388894627755,nan,0.91135
4000,STRUCTURAL_RESCUE__b4000__multidepot__e2-multidepot-100c-01__A8_ROUTE_POOL_RECOMBINATION__seed1,multidepot,e2-multidepot-100c-01,A8_ROUTE_POOL_RECOMBINATION,1,395,route_segment_removal,regret2_insert_repair,False,False,unchanged,softmax,sample,395,5,1.1124043014605,0.03349471029549235,nan,0.911125
4000,STRUCTURAL_RESCUE__b4000__multidepot__e2-multidepot-100c-01__A8_ROUTE_POOL_RECOMBINATION__seed1,multidepot,e2-multidepot-100c-01,A8_ROUTE_POOL_RECOMBINATION,1,396,random_customer_removal,regret3_insert_repair,False,False,candidate_usable,softmax,sample,396,83,3.1977807914875194,0.3321322791215898,nan,0.9109
4000,STRUCTURAL_RESCUE__b4000__multidepot__e2-multidepot-100c-01__A8_ROUTE_POOL_RECOMBINATION__seed1,multidepot,e2-multidepot-100c-01,A8_ROUTE_POOL_RECOMBINATION,1,397,random_customer_removal,greedy_insert_repair,False,False,unchanged,softmax,sample,397,4,0.3594886622875723,0.014915356302234825,nan,0.910675
4000,STRUCTURAL_RESCUE__b4000__multidepot__e2-multidepot-100c-01__A8_ROUTE_POOL_RECOMBINATION__seed1,multidepot,e2-multidepot-100c-01,A8_ROUTE_POOL_RECOMBINATION,1,398,worst_customer_removal,regret3_insert_repair,False,False,candidate_usable,softmax,sample,398,111,2.6248645783989883,0.17955519608653264,nan,0.91045
4000,STRUCTURAL_RESCUE__b4000__multidepot__e2-multidepot-100c-01__A8_ROUTE_POOL_RECOMBINATION__seed1,multidepot,e2-multidepot-100c-01,A8_ROUTE_POOL_RECOMBINATION,1,399,whole_route_removal,regret3_insert_repair,False,False,candidate_usable,softmax,sample,399,27,1.6586153493487668,0.062392308566559404,nan,0.910225
4000,STRUCTURAL_RESCUE__b4000__multidepot__e2-multidepot-100c-01__A8_ROUTE_POOL_RECOMBINATION__seed1,multidepot,e2-multidepot-100c-01,A8_ROUTE_POOL_RECOMBINATION,1,400,random_customer_removal,regret3_insert_repair,False,False,candidate_usable,softmax,sample,400,84,3.1608233761161486,0.3262634868704521,nan,0.91
4000,STRUCTURAL_RESCUE__b4000__multidepot__e2-multidepot-100c-01__A8_ROUTE_POOL_RECOMBINATION__seed1,multidepot,e2-multidepot-100c-01,A8_ROUTE_POOL_RECOMBINATION,1,401,whole_route_removal,regret3_insert_repair,False,False,candidate_usable,softmax,sample,401,28,1.6036154609531446,0.05968524210485476,nan,0.909775
4000,STRUCTURAL_RESCUE__b4000__multidepot__e2-multidepot-100c-01__A8_ROUTE_POOL_RECOMBINATION__seed1,multidepot,e2-multidepot-100c-01,A8_ROUTE_POOL_RECOMBINATION,1,402,whole_route_removal,greedy_insert_repair,False,False,unchanged,softmax,sample,402,5,0.7228176458885756,0.022732192535203533,nan,0.90955
4000,STRUCTURAL_RESCUE__b4000__multidepot__e2-multidepot-100c-01__A8_ROUTE_POOL_RECOMBINATION__seed1,multidepot,e2-multidepot-100c-01,A8_ROUTE_POOL_RECOMBINATION,1,403,random_customer_removal,regret3_insert_repair,False,False,candidate_usable,softmax,sample,403,85,3.1247175448899602,0.31951768630063004,nan,0.9093249999999999
4000,STRUCTURAL_RESCUE__b4000__multidepot__e2-multidepot-100c-01__A8_ROUTE_POOL_RECOMBINATION__seed1,multidepot,e2-multidepot-100c-01,A8_ROUTE_POOL_RECOMBINATION,1,404,random_customer_removal,greedy_insert_repair,False,False,candidate_usable,softmax,sample,404,5,0.3329343166910308,0.015004574392764118,nan,0.9091
4000,STRUCTURAL_RESCUE__b4000__multidepot__e2-multidepot-100c-01__A8_ROUTE_POOL_RECOMBINATION__seed1,multidepot,e2-multidepot-100c-01,A8_ROUTE_POOL_RECOMBINATION,1,405,random_customer_removal,regret3_insert_repair,False,False,candidate_usable,softmax,sample,405,86,3.089433729006857,0.3113865134694425,nan,0.908875
4000,STRUCTURAL_RESCUE__b4000__multidepot__e2-multidepot-100c-01__A8_ROUTE_POOL_RECOMBINATION__seed1,multidepot,e2-multidepot-100c-01,A8_ROUTE_POOL_RECOMBINATION,1,406,random_customer_removal,regret3_insert_repair,False,False,candidate_usable,softmax,sample,406,87,3.054943598849346,0.30337492441256647,nan,0.90865
4000,STRUCTURAL_RESCUE__b4000__multidepot__e2-multidepot-100c-01__A8_ROUTE_POOL_RECOMBINATION__seed1,multidepot,e2-multidepot-100c-01,A8_ROUTE_POOL_RECOMBINATION,1,407,vehicle_type_swap,regret2_insert_repair,False,False,candidate_usable,softmax,sample,407,123,2.6476413455210115,0.19596640746850302,nan,0.908425
4000,STRUCTURAL_RESCUE__b4000__multidepot__e2-multidepot-100c-01__A8_ROUTE_POOL_RECOMBINATION__seed1,multidepot,e2-multidepot-100c-01,A8_ROUTE_POOL_RECOMBINATION,1,408,worst_customer_removal,regret3_insert_repair,False,False,candidate_usable,softmax,sample,408,112,2.6023030730021977,0.18727103398694886,nan,0.9082
4000,STRUCTURAL_RESCUE__b4000__multidepot__e2-multidepot-100c-01__A8_ROUTE_POOL_RECOMBINATION__seed1,multidepot,e2-multidepot-100c-01,A8_ROUTE_POOL_RECOMBINATION,1,409,vehicle_type_swap,regret2_insert_repair,False,False,candidate_usable,softmax,sample,409,124,2.626970467497612,0.19332572273213702,nan,0.907975
4000,STRUCTURAL_RESCUE__b4000__multidepot__e2-multidepot-100c-01__A8_ROUTE_POOL_RECOMBINATION__seed1,multidepot,e2-multidepot-100c-01,A8_ROUTE_POOL_RECOMBINATION,1,410,random_customer_removal,regret3_insert_repair,True,False,candidate_usable,softmax,sample,410,88,3.0212797806978475,0.29981429491788986,nan,0.9077500000000001
4000,STRUCTURAL_RESCUE__b4000__multidepot__e2-multidepot-100c-01__A8_ROUTE_POOL_RECOMBINATION__seed1,multidepot,e2-multidepot-100c-01,A8_ROUTE_POOL_RECOMBINATION,1,411,random_customer_removal,regret3_insert_repair,False,False,candidate_usable,softmax,sample,411,89,3.0102361581695414,0.2973319761670006,nan,0.907525
4000,STRUCTURAL_RESCUE__b4000__multidepot__e2-multidepot-100c-01__A8_ROUTE_POOL_RECOMBINATION__seed1,multidepot,e2-multidepot-100c-01,A8_ROUTE_POOL_RECOMBINATION,1,412,whole_route_removal,regret2_insert_repair,False,False,candidate_usable,softmax,sample,412,4,0.36044349161703576,0.01620067623313938,nan,0.9073
4000,STRUCTURAL_RESCUE__b4000__multidepot__e2-multidepot-100c-01__A8_ROUTE_POOL_RECOMBINATION__seed1,multidepot,e2-multidepot-100c-01,A8_ROUTE_POOL_RECOMBINATION,1,413,vehicle_type_swap,regret2_insert_repair,False,False,candidate_usable,softmax,sample,413,125,2.6066542371228416,0.19274112778355895,nan,0.907075
4000,STRUCTURAL_RESCUE__b4000__multidepot__e2-multidepot-100c-01__A8_ROUTE_POOL_RECOMBINATION__seed1,multidepot,e2-multidepot-100c-01,A8_ROUTE_POOL_RECOMBINATION,1,414,vehicle_type_swap,regret2_insert_repair,False,False,candidate_usable,softmax,sample,414,126,2.5866225672959686,0.1893489618929583,nan,0.90685
4000,STRUCTURAL_RESCUE__b4000__multidepot__e2-multidepot-100c-01__A8_ROUTE_POOL_RECOMBINATION__seed1,multidepot,e2-multidepot-100c-01,A8_ROUTE_POOL_RECOMBINATION,1,415,random_customer_removal,regret3_insert_repair,False,False,candidate_usable,softmax,sample,415,90,2.9778127827218754,0.2927334335123304,nan,0.906625
4000,STRUCTURAL_RESCUE__b4000__multidepot__e2-multidepot-100c-01__A8_ROUTE_POOL_RECOMBINATION__seed1,multidepot,e2-multidepot-100c-01,A8_ROUTE_POOL_RECOMBINATION,1,416,worst_customer_removal,regret3_insert_repair,False,False,candidate_usable,softmax,sample,416,113,2.580111480071249,0.19072711539761186,nan,0.9064
4000,STRUCTURAL_RESCUE__b4000__multidepot__e2-multidepot-100c-01__A8_ROUTE_POOL_RECOMBINATION__seed1,multidepot,e2-multidepot-100c-01,A8_ROUTE_POOL_RECOMBINATION,1,417,random_customer_removal,regret3_insert_repair,False,False,candidate_usable,softmax,sample,417,91,2.9460711437891356,0.286968437019489,nan,0.906175
4000,STRUCTURAL_RESCUE__b4000__multidepot__e2-multidepot-100c-01__A8_ROUTE_POOL_RECOMBINATION__seed1,multidepot,e2-multidepot-100c-01,A8_ROUTE_POOL_RECOMBINATION,1,418,vehicle_type_swap,regret2_insert_repair,False,False,candidate_usable,softmax,sample,418,127,2.5669420098264273,0.19072363149224894,nan,0.90595
4000,STRUCTURAL_RESCUE__b4000__multidepot__e2-multidepot-100c-01__A8_ROUTE_POOL_RECOMBINATION__seed1,multidepot,e2-multidepot-100c-01,A8_ROUTE_POOL_RECOMBINATION,1,419,vehicle_type_swap,regret2_insert_repair,False,False,candidate_usable,softmax,sample,419,128,2.5475318372615248,0.18745969777434573,nan,0.905725
4000,STRUCTURAL_RESCUE__b4000__multidepot__e2-multidepot-100c-01__A8_ROUTE_POOL_RECOMBINATION__seed1,multidepot,e2-multidepot-100c-01,A8_ROUTE_POOL_RECOMBINATION,1,420,vehicle_type_swap,regret2_insert_repair,False,False,candidate_usable,softmax,sample,420,129,2.5284217201096495,0.1842871262925497,nan,0.9055
4000,STRUCTURAL_RESCUE__b4000__multidepot__e2-multidepot-100c-01__A8_ROUTE_POOL_RECOMBINATION__seed1,multidepot,e2-multidepot-100c-01,A8_ROUTE_POOL_RECOMBINATION,1,421,random_customer_removal,regret3_insert_repair,False,False,candidate_usable,softmax,sample,421,92,2.915045839813639,0.2835764679252311,nan,0.905275
4000,STRUCTURAL_RESCUE__b4000__multidepot__e2-multidepot-100c-01__A8_ROUTE_POOL_RECOMBINATION__seed1,multidepot,e2-multidepot-100c-01,A8_ROUTE_POOL_RECOMBINATION,1,422,route_segment_removal,regret2_insert_repair,True,True,candidate_usable,softmax,sample,422,6,0.9628931815460149,0.03312070473056072,nan,0.90505
4000,STRUCTURAL_RESCUE__b4000__multidepot__e2-multidepot-100c-01__A8_ROUTE_POOL_RECOMBINATION__seed1,multidepot,e2-multidepot-100c-01,A8_ROUTE_POOL_RECOMBINATION,1,423,vehicle_type_swap,regret2_insert_repair,False,False,candidate_usable,softmax,sample,423,130,2.509628500897906,0.11081061940382463,nan,0.904825
4000,STRUCTURAL_RESCUE__b4000__multidepot__e2-multidepot-100c-01__A8_ROUTE_POOL_RECOMBINATION__seed1,multidepot,e2-multidepot-100c-01,A8_ROUTE_POOL_RECOMBINATION,1,424,vehicle_type_swap,regret2_insert_repair,False,False,candidate_usable,softmax,sample,424,131,2.4910978123213283,0.10879746784317397,nan,0.9046
4000,STRUCTURAL_RESCUE__b4000__multidepot__e2-multidepot-100c-01__A8_ROUTE_POOL_RECOMBINATION__seed1,multidepot,e2-multidepot-100c-01,A8_ROUTE_POOL_RECOMBINATION,1,425,whole_route_removal,regret2_insert_repair,True,False,candidate_usable,softmax,sample,425,5,0.33412296272962216,0.010039381005338537,nan,0.904375
4000,STRUCTURAL_RESCUE__b4000__multidepot__e2-multidepot-100c-01__A8_ROUTE_POOL_RECOMBINATION__seed1,multidepot,e2-multidepot-100c-01,A8_ROUTE_POOL_RECOMBINATION,1,426,worst_customer_removal,regret3_insert_repair,False,False,candidate_usable,softmax,sample,426,114,2.558331875810194,0.11695820619479139,nan,0.90415
4000,STRUCTURAL_RESCUE__b4000__multidepot__e2-multidepot-100c-01__A8_ROUTE_POOL_RECOMBINATION__seed1,multidepot,e2-multidepot-100c-01,A8_ROUTE_POOL_RECOMBINATION,1,427,worst_customer_removal,regret3_insert_repair,False,False,candidate_usable,softmax,sample,427,115,2.5368168217970806,0.11451275326944434,nan,0.903925
4000,STRUCTURAL_RESCUE__b4000__multidepot__e2-multidepot-100c-01__A8_ROUTE_POOL_RECOMBINATION__seed1,multidepot,e2-multidepot-100c-01,A8_ROUTE_POOL_RECOMBINATION,1,428,route_segment_removal,regret2_insert_repair,False,False,unchanged,softmax,sample,428,7,3.7033431195092485,0.4174157399558988,nan,0.9037
4000,STRUCTURAL_RESCUE__b4000__multidepot__e2-multidepot-100c-01__A8_ROUTE_POOL_RECOMBINATION__seed1,multidepot,e2-multidepot-100c-01,A8_ROUTE_POOL_RECOMBINATION,1,429,whole_route_removal,greedy_insert_repair,False,False,candidate_usable,softmax,sample,429,6,0.6382496958877657,0.016730964733489354,nan,0.903475
4000,STRUCTURAL_RESCUE__b4000__multidepot__e2-multidepot-100c-01__A8_ROUTE_POOL_RECOMBINATION__seed1,multidepot,e2-multidepot-100c-01,A8_ROUTE_POOL_RECOMBINATION,1,430,vehicle_type_swap,regret2_insert_repair,False,False,candidate_usable,softmax,sample,430,132,2.4729051886936535,0.12761864492421238,nan,0.90325
4000,STRUCTURAL_RESCUE__b4000__multidepot__e2-multidepot-100c-01__A8_ROUTE_POOL_RECOMBINATION__seed1,multidepot,e2-multidepot-100c-01,A8_ROUTE_POOL_RECOMBINATION,1,431,worst_customer_removal,regret3_insert_repair,False,False,candidate_usable,softmax,sample,431,116,2.5157085583451386,0.13414906233586277,nan,0.903025
4000,STRUCTURAL_RESCUE__b4000__multidepot__e2-multidepot-100c-01__A8_ROUTE_POOL_RECOMBINATION__seed1,multidepot,e2-multidepot-100c-01,A8_ROUTE_POOL_RECOMBINATION,1,432,random_customer_removal,regret2_insert_repair,False,False,unchanged,softmax,sample,432,1,0.5427773423363736,0.015129729730908228,nan,0.9028
4000,STRUCTURAL_RESCUE__b4000__multidepot__e2-multidepot-100c-01__A8_ROUTE_POOL_RECOMBINATION__seed1,multidepot,e2-multidepot-100c-01,A8_ROUTE_POOL_RECOMBINATION,1,433,route_segment_removal,regret2_insert_repair,False,False,unchanged,softmax,sample,433,8,3.2635915978271917,0.30860437721359674,nan,0.902575
4000,STRUCTURAL_RESCUE__b4000__multidepot__e2-multidepot-100c-01__A8_ROUTE_POOL_RECOMBINATION__seed1,multidepot,e2-multidepot-100c-01,A8_ROUTE_POOL_RECOMBINATION,1,434,worst_customer_removal,regret2_insert_repair,False,False,candidate_usable,softmax,sample,434,1,0.5429643407423578,0.016776412112065337,nan,0.90235
4000,STRUCTURAL_RESCUE__b4000__multidepot__e2-multidepot-100c-01__A8_ROUTE_POOL_RECOMBINATION__seed1,multidepot,e2-multidepot-100c-01,A8_ROUTE_POOL_RECOMBINATION,1,435,whole_route_removal,regret3_insert_repair,False,False,unchanged,softmax,sample,435,29,1.5531689658025054,0.0514640807681976,nan,0.902125
4000,STRUCTURAL_RESCUE__b4000__multidepot__e2-multidepot-100c-01__A8_ROUTE_POOL_RECOMBINATION__seed1,multidepot,e2-multidepot-100c-01,A8_ROUTE_POOL_RECOMBINATION,1,436,route_segment_removal,regret3_insert_repair,False,False,unchanged,softmax,sample,436,7,0.8537180626095784,0.02375522819852812,nan,0.9019
4000,STRUCTURAL_RESCUE__b4000__multidepot__e2-multidepot-100c-01__A8_ROUTE_POOL_RECOMBINATION__seed1,multidepot,e2-multidepot-100c-01,A8_ROUTE_POOL_RECOMBINATION,1,437,route_segment_removal,regret2_insert_repair,False,False,unchanged,softmax,sample,437,9,2.920585020531793,0.23550981617655015,nan,0.901675
4000,STRUCTURAL_RESCUE__b4000__multidepot__e2-multidepot-100c-01__A8_ROUTE_POOL_RECOMBINATION__seed1,multidepot,e2-multidepot-100c-01,A8_ROUTE_POOL_RECOMBINATION,1,438,whole_route_removal,regret3_insert_repair,False,False,candidate_usable,softmax,sample,438,30,1.5053073580011394,0.05224277609344498,nan,0.90145
4000,STRUCTURAL_RESCUE__b4000__multidepot__e2-multidepot-100c-01__A8_ROUTE_POOL_RECOMBINATION__seed1,multidepot,e2-multidepot-100c-01,A8_ROUTE_POOL_RECOMBINATION,1,439,random_customer_removal,regret3_insert_repair,True,True,candidate_usable,softmax,sample,439,93,2.884877066958213,0.24201764733906134,nan,0.9012249999999999
4000,STRUCTURAL_RESCUE__b4000__multidepot__e2-multidepot-100c-01__A8_ROUTE_POOL_RECOMBINATION__seed1,multidepot,e2-multidepot-100c-01,A8_ROUTE_POOL_RECOMBINATION,1,440,worst_customer_removal,regret3_insert_repair,False,False,candidate_usable,softmax,sample,440,117,2.495020036345918,0.14894604930706978,nan,0.901
4000,STRUCTURAL_RESCUE__b4000__multidepot__e2-multidepot-100c-01__A8_ROUTE_POOL_RECOMBINATION__seed1,multidepot,e2-multidepot-100c-01,A8_ROUTE_POOL_RECOMBINATION,1,441,random_customer_removal,regret3_insert_repair,False,False,candidate_usable,softmax,sample,441,94,3.0673653769606672,0.28213111747996855,nan,0.900775
4000,STRUCTURAL_RESCUE__b4000__multidepot__e2-multidepot-100c-01__A8_ROUTE_POOL_RECOMBINATION__seed1,multidepot,e2-multidepot-100c-01,A8_ROUTE_POOL_RECOMBINATION,1,442,route_segment_removal,regret2_insert_repair,False,False,unchanged,softmax,sample,442,10,2.6455157263837403,0.1783690224602127,nan,0.90055
4000,STRUCTURAL_RESCUE__b4000__multidepot__e2-multidepot-100c-01__A8_ROUTE_POOL_RECOMBINATION__seed1,multidepot,e2-multidepot-100c-01,A8_ROUTE_POOL_RECOMBINATION,1,443,route_segment_removal,regret2_insert_repair,False,False,candidate_usable,softmax,sample,443,11,2.419772568009817,0.14454438145241075,nan,0.900325
4000,STRUCTURAL_RESCUE__b4000__multidepot__e2-multidepot-100c-01__A8_ROUTE_POOL_RECOMBINATION__seed1,multidepot,e2-multidepot-100c-01,A8_ROUTE_POOL_RECOMBINATION,1,444,random_customer_removal,regret3_insert_repair,True,True,candidate_usable,softmax,sample,444,95,3.036023085998967,0.2947082807193114,nan,0.9001
4000,STRUCTURAL_RESCUE__b4000__multidepot__e2-multidepot-100c-01__A8_ROUTE_POOL_RECOMBINATION__seed1,multidepot,e2-multidepot-100c-01,A8_ROUTE_POOL_RECOMBINATION,1,445,vehicle_type_swap,greedy_insert_repair,False,False,candidate_usable,softmax,sample,445,2,0.4533301030841467,0.015705599953141955,nan,0.899875
4000,STRUCTURAL_RESCUE__b4000__multidepot__e2-multidepot-100c-01__A8_ROUTE_POOL_RECOMBINATION__seed1,multidepot,e2-multidepot-100c-01,A8_ROUTE_POOL_RECOMBINATION,1,446,random_customer_removal,regret3_insert_repair,True,False,candidate_usable,softmax,sample,446,96,3.2131314075338886,0.3376636177176956,nan,0.89965
4000,STRUCTURAL_RESCUE__b4000__multidepot__e2-multidepot-100c-01__A8_ROUTE_POOL_RECOMBINATION__seed1,multidepot,e2-multidepot-100c-01,A8_ROUTE_POOL_RECOMBINATION,1,447,random_customer_removal,regret3_insert_repair,False,False,candidate_usable,softmax,sample,447,97,3.201006313363671,0.3347394136594174,nan,0.899425
4000,STRUCTURAL_RESCUE__b4000__multidepot__e2-multidepot-100c-01__A8_ROUTE_POOL_RECOMBINATION__seed1,multidepot,e2-multidepot-100c-01,A8_ROUTE_POOL_RECOMBINATION,1,448,worst_customer_removal,regret3_insert_repair,False,False,candidate_usable,softmax,sample,448,118,2.474667876835963,0.15103851707867819,nan,0.8992
4000,STRUCTURAL_RESCUE__b4000__multidepot__e2-multidepot-100c-01__A8_ROUTE_POOL_RECOMBINATION__seed1,multidepot,e2-multidepot-100c-01,A8_ROUTE_POOL_RECOMBINATION,1,449,worst_customer_removal,regret3_insert_repair,False,False,candidate_usable,softmax,sample,449,119,2.4545750436700167,0.1482023443537877,nan,0.898975
4000,STRUCTURAL_RESCUE__b4000__multidepot__e2-multidepot-100c-01__A8_ROUTE_POOL_RECOMBINATION__seed1,multidepot,e2-multidepot-100c-01,A8_ROUTE_POOL_RECOMBINATION,1,450,worst_customer_removal,regret3_insert_repair,False,False,candidate_usable,softmax,sample,450,120,2.434816025228173,0.14545508011403432,nan,0.8987499999999999
4000,STRUCTURAL_RESCUE__b4000__multidepot__e2-multidepot-100c-01__A8_ROUTE_POOL_RECOMBINATION__seed1,multidepot,e2-multidepot-100c-01,A8_ROUTE_POOL_RECOMBINATION,1,451,random_customer_removal,regret3_insert_repair,True,False,candidate_usable,softmax,sample,451,98,3.1692672097806436,0.3304390271131138,nan,0.898525
4000,STRUCTURAL_RESCUE__b4000__multidepot__e2-multidepot-100c-01__A8_ROUTE_POOL_RECOMBINATION__seed1,multidepot,e2-multidepot-100c-01,A8_ROUTE_POOL_RECOMBINATION,1,452,random_customer_removal,regret3_insert_repair,True,False,candidate_usable,softmax,sample,452,99,3.157826723519429,0.3277095437413796,nan,0.8983
4000,STRUCTURAL_RESCUE__b4000__multidepot__e2-multidepot-100c-01__A8_ROUTE_POOL_RECOMBINATION__seed1,multidepot,e2-multidepot-100c-01,A8_ROUTE_POOL_RECOMBINATION,1,453,vehicle_type_swap,regret3_insert_repair,False,False,candidate_usable,softmax,sample,453,4,0.3628730655851692,0.014647818944515728,nan,0.898075
4000,STRUCTURAL_RESCUE__b4000__multidepot__e2-multidepot-100c-01__A8_ROUTE_POOL_RECOMBINATION__seed1,multidepot,e2-multidepot-100c-01,A8_ROUTE_POOL_RECOMBINATION,1,454,whole_route_removal,regret3_insert_repair,False,False,candidate_usable,softmax,sample,454,31,1.4607929485376923,0.04975087810798513,nan,0.89785
4000,STRUCTURAL_RESCUE__b4000__multidepot__e2-multidepot-100c-01__A8_ROUTE_POOL_RECOMBINATION__seed1,multidepot,e2-multidepot-100c-01,A8_ROUTE_POOL_RECOMBINATION,1,455,route_segment_removal,regret2_insert_repair,False,False,unchanged,softmax,sample,455,12,2.2316053292101503,0.11766096422325598,nan,0.897625
4000,STRUCTURAL_RESCUE__b4000__multidepot__e2-multidepot-100c-01__A8_ROUTE_POOL_RECOMBINATION__seed1,multidepot,e2-multidepot-100c-01,A8_ROUTE_POOL_RECOMBINATION,1,456,random_customer_removal,regret2_insert_repair,True,False,candidate_usable,softmax,sample,456,2,0.45413474290618155,0.016551916179560894,nan,0.8974
4000,STRUCTURAL_RESCUE__b4000__multidepot__e2-multidepot-100c-01__A8_ROUTE_POOL_RECOMBINATION__seed1,multidepot,e2-multidepot-100c-01,A8_ROUTE_POOL_RECOMBINATION,1,457,whole_route_removal,regret3_insert_repair,False,False,candidate_usable,softmax,sample,457,32,1.418747951075752,0.047736066680279444,nan,0.8971750000000001
4000,STRUCTURAL_RESCUE__b4000__multidepot__e2-multidepot-100c-01__A8_ROUTE_POOL_RECOMBINATION__seed1,multidepot,e2-multidepot-100c-01,A8_ROUTE_POOL_RECOMBINATION,1,458,random_customer_removal,regret3_insert_repair,False,False,candidate_usable,softmax,sample,458,100,3.146675628706832,0.3283124284308752,nan,0.89695
4000,STRUCTURAL_RESCUE__b4000__multidepot__e2-multidepot-100c-01__A8_ROUTE_POOL_RECOMBINATION__seed1,multidepot,e2-multidepot-100c-01,A8_ROUTE_POOL_RECOMBINATION,1,459,worst_customer_removal,regret3_insert_repair,False,False,candidate_usable,softmax,sample,459,121,2.415473342313864,0.14690379170697182,nan,0.896725
4000,STRUCTURAL_RESCUE__b4000__multidepot__e2-multidepot-100c-01__A8_ROUTE_POOL_RECOMBINATION__seed1,multidepot,e2-multidepot-100c-01,A8_ROUTE_POOL_RECOMBINATION,1,460,vehicle_type_swap,regret2_insert_repair,False,False,candidate_usable,softmax,sample,460,133,2.455249073719411,0.1540540871428604,nan,0.8965
4000,STRUCTURAL_RESCUE__b4000__multidepot__e2-multidepot-100c-01__A8_ROUTE_POOL_RECOMBINATION__seed1,multidepot,e2-multidepot-100c-01,A8_ROUTE_POOL_RECOMBINATION,1,461,random_customer_removal,greedy_insert_repair,False,False,candidate_usable,softmax,sample,461,6,0.31480321299478736,0.014185657027508713,nan,0.8962749999999999
4000,STRUCTURAL_RESCUE__b4000__multidepot__e2-multidepot-100c-01__A8_ROUTE_POOL_RECOMBINATION__seed1,multidepot,e2-multidepot-100c-01,A8_ROUTE_POOL_RECOMBINATION,1,462,shaw_related_removal,regret2_insert_repair,False,False,candidate_usable,softmax,sample,462,6,0.3148498669939251,0.014182616023202286,nan,0.89605
4000,STRUCTURAL_RESCUE__b4000__multidepot__e2-multidepot-100c-01__A8_ROUTE_POOL_RECOMBINATION__seed1,multidepot,e2-multidepot-100c-01,A8_ROUTE_POOL_RECOMBINATION,1,463,random_customer_removal,regret3_insert_repair,False,False,candidate_usable,softmax,sample,463,101,3.116424196463924,0.3234738223181052,nan,0.895825
4000,STRUCTURAL_RESCUE__b4000__multidepot__e2-multidepot-100c-01__A8_ROUTE_POOL_RECOMBINATION__seed1,multidepot,e2-multidepot-100c-01,A8_ROUTE_POOL_RECOMBINATION,1,464,random_customer_removal,regret2_insert_repair,True,True,candidate_usable,softmax,sample,464,3,1.050486444975761,0.03256447755221541,nan,0.8956
4000,STRUCTURAL_RESCUE__b4000__multidepot__e2-multidepot-100c-01__A8_ROUTE_POOL_RECOMBINATION__seed1,multidepot,e2-multidepot-100c-01,A8_ROUTE_POOL_RECOMBINATION,1,465,random_customer_removal,regret2_insert_repair,False,False,candidate_usable,softmax,sample,465,4,5.8385394235913735,0.8760755702906972,nan,0.895375
4000,STRUCTURAL_RESCUE__b4000__multidepot__e2-multidepot-100c-01__A8_ROUTE_POOL_RECOMBINATION__seed1,multidepot,e2-multidepot-100c-01,A8_ROUTE_POOL_RECOMBINATION,1,466,random_customer_removal,regret2_insert_repair,False,False,candidate_usable,softmax,sample,466,5,4.716270949921432,0.6688683230943095,nan,0.89515
4000,STRUCTURAL_RESCUE__b4000__multidepot__e2-multidepot-100c-01__A8_ROUTE_POOL_RECOMBINATION__seed1,multidepot,e2-multidepot-100c-01,A8_ROUTE_POOL_RECOMBINATION,1,467,random_customer_removal,regret3_insert_repair,True,True,candidate_usable,softmax,sample,467,102,3.086752119101727,0.17469558261570464,nan,0.894925
4000,STRUCTURAL_RESCUE__b4000__multidepot__e2-multidepot-100c-01__A8_ROUTE_POOL_RECOMBINATION__seed1,multidepot,e2-multidepot-100c-01,A8_ROUTE_POOL_RECOMBINATION,1,468,random_customer_removal,regret2_insert_repair,False,False,candidate_usable,softmax,sample,468,6,3.9651275222755227,0.45039423469263534,nan,0.8947
4000,STRUCTURAL_RESCUE__b4000__multidepot__e2-multidepot-100c-01__A8_ROUTE_POOL_RECOMBINATION__seed1,multidepot,e2-multidepot-100c-01,A8_ROUTE_POOL_RECOMBINATION,1,469,whole_route_removal,regret3_insert_repair,False,False,candidate_usable,softmax,sample,469,33,1.3794113899126943,0.03142086439439108,nan,0.894475
4000,STRUCTURAL_RESCUE__b4000__multidepot__e2-multidepot-100c-01__A8_ROUTE_POOL_RECOMBINATION__seed1,multidepot,e2-multidepot-100c-01,A8_ROUTE_POOL_RECOMBINATION,1,470,random_customer_removal,regret3_insert_repair,False,False,candidate_usable,softmax,sample,470,103,3.2513320201450315,0.2551010185098075,nan,0.89425
4000,STRUCTURAL_RESCUE__b4000__multidepot__e2-multidepot-100c-01__A8_ROUTE_POOL_RECOMBINATION__seed1,multidepot,e2-multidepot-100c-01,A8_ROUTE_POOL_RECOMBINATION,1,471,route_segment_removal,regret3_insert_repair,False,False,unchanged,softmax,sample,471,8,0.771441663869636,0.01606326976331938,nan,0.894025
4000,STRUCTURAL_RESCUE__b4000__multidepot__e2-multidepot-100c-01__A8_ROUTE_POOL_RECOMBINATION__seed1,multidepot,e2-multidepot-100c-01,A8_ROUTE_POOL_RECOMBINATION,1,472,random_customer_removal,regret2_insert_repair,False,False,candidate_usable,softmax,sample,472,7,3.426746676903972,0.31354285160990003,nan,0.8938
4000,STRUCTURAL_RESCUE__b4000__multidepot__e2-multidepot-100c-01__A8_ROUTE_POOL_RECOMBINATION__seed1,multidepot,e2-multidepot-100c-01,A8_ROUTE_POOL_RECOMBINATION,1,473,route_segment_removal,regret3_insert_repair,False,False,unchanged,softmax,sample,473,9,0.7053460775025826,0.016844929336400638,nan,0.893575
4000,STRUCTURAL_RESCUE__b4000__multidepot__e2-multidepot-100c-01__A8_ROUTE_POOL_RECOMBINATION__seed1,multidepot,e2-multidepot-100c-01,A8_ROUTE_POOL_RECOMBINATION,1,474,random_customer_removal,regret3_insert_repair,False,False,candidate_usable,softmax,sample,474,104,3.22093018341415,0.28158098344289584,nan,0.89335
4000,STRUCTURAL_RESCUE__b4000__multidepot__e2-multidepot-100c-01__A8_ROUTE_POOL_RECOMBINATION__seed1,multidepot,e2-multidepot-100c-01,A8_ROUTE_POOL_RECOMBINATION,1,475,vehicle_type_swap,regret2_insert_repair,False,False,candidate_usable,softmax,sample,475,134,2.437683664731309,0.11826777923664171,nan,0.893125
4000,STRUCTURAL_RESCUE__b4000__multidepot__e2-multidepot-100c-01__A8_ROUTE_POOL_RECOMBINATION__seed1,multidepot,e2-multidepot-100c-01,A8_ROUTE_POOL_RECOMBINATION,1,476,random_customer_removal,regret2_insert_repair,True,False,candidate_usable,softmax,sample,476,8,3.0216417707456245,0.22797291220269025,nan,0.8929
4000,STRUCTURAL_RESCUE__b4000__multidepot__e2-multidepot-100c-01__A8_ROUTE_POOL_RECOMBINATION__seed1,multidepot,e2-multidepot-100c-01,A8_ROUTE_POOL_RECOMBINATION,1,477,random_customer_removal,regret2_insert_repair,False,False,candidate_usable,softmax,sample,477,9,2.9221640966941598,0.2089893641810163,nan,0.892675
4000,STRUCTURAL_RESCUE__b4000__multidepot__e2-multidepot-100c-01__A8_ROUTE_POOL_RECOMBINATION__seed1,multidepot,e2-multidepot-100c-01,A8_ROUTE_POOL_RECOMBINATION,1,478,whole_route_removal,regret3_insert_repair,False,False,unchanged,softmax,sample,478,34,1.3423012275403896,0.03768444766286751,nan,0.89245
4000,STRUCTURAL_RESCUE__b4000__multidepot__e2-multidepot-100c-01__A8_ROUTE_POOL_RECOMBINATION__seed1,multidepot,e2-multidepot-100c-01,A8_ROUTE_POOL_RECOMBINATION,1,479,random_customer_removal,regret3_insert_repair,False,False,candidate_usable,softmax,sample,479,105,3.191117389051343,0.2996312710411965,nan,0.892225
4000,STRUCTURAL_RESCUE__b4000__multidepot__e2-multidepot-100c-01__A8_ROUTE_POOL_RECOMBINATION__seed1,multidepot,e2-multidepot-100c-01,A8_ROUTE_POOL_RECOMBINATION,1,480,worst_customer_removal,regret3_insert_repair,False,False,candidate_usable,softmax,sample,480,122,2.3965751422504695,0.12418511760244008,nan,0.892
4000,STRUCTURAL_RESCUE__b4000__multidepot__e2-multidepot-100c-01__A8_ROUTE_POOL_RECOMBINATION__seed1,multidepot,e2-multidepot-100c-01,A8_ROUTE_POOL_RECOMBINATION,1,481,random_customer_removal,regret2_insert_repair,False,False,candidate_usable,softmax,sample,481,10,2.6469681642314264,0.1648702802994957,nan,0.891775
4000,STRUCTURAL_RESCUE__b4000__multidepot__e2-multidepot-100c-01__A8_ROUTE_POOL_RECOMBINATION__seed1,multidepot,e2-multidepot-100c-01,A8_ROUTE_POOL_RECOMBINATION,1,482,vehicle_type_swap,regret2_insert_repair,False,False,candidate_usable,softmax,sample,482,135,2.4202934815209254,0.13276596467331211,nan,0.89155
4000,STRUCTURAL_RESCUE__b4000__multidepot__e2-multidepot-100c-01__A8_ROUTE_POOL_RECOMBINATION__seed1,multidepot,e2-multidepot-100c-01,A8_ROUTE_POOL_RECOMBINATION,1,483,whole_route_removal,regret3_insert_repair,False,False,candidate_usable,softmax,sample,483,35,1.3072090715745577,0.03818189231315256,nan,0.891325
4000,STRUCTURAL_RESCUE__b4000__multidepot__e2-multidepot-100c-01__A8_ROUTE_POOL_RECOMBINATION__seed1,multidepot,e2-multidepot-100c-01,A8_ROUTE_POOL_RECOMBINATION,1,484,random_customer_removal,regret2_insert_repair,False,False,candidate_usable,softmax,sample,484,11,2.421227771780792,0.13343799942227147,nan,0.8911
4000,STRUCTURAL_RESCUE__b4000__multidepot__e2-multidepot-100c-01__A8_ROUTE_POOL_RECOMBINATION__seed1,multidepot,e2-multidepot-100c-01,A8_ROUTE_POOL_RECOMBINATION,1,485,vehicle_type_swap,regret2_insert_repair,False,False,candidate_usable,softmax,sample,485,136,2.4031178222566223,0.13417377265563557,nan,0.890875
4000,STRUCTURAL_RESCUE__b4000__multidepot__e2-multidepot-100c-01__A8_ROUTE_POOL_RECOMBINATION__seed1,multidepot,e2-multidepot-100c-01,A8_ROUTE_POOL_RECOMBINATION,1,486,random_customer_removal,regret2_insert_repair,False,False,candidate_usable,softmax,sample,486,12,2.2326451392497804,0.11108545591236119,nan,0.8906499999999999
4000,STRUCTURAL_RESCUE__b4000__multidepot__e2-multidepot-100c-01__A8_ROUTE_POOL_RECOMBINATION__seed1,multidepot,e2-multidepot-100c-01,A8_ROUTE_POOL_RECOMBINATION,1,487,route_segment_removal,regret2_insert_repair,False,False,unchanged,softmax,sample,487,13,2.072693110278445,0.09454610999711799,nan,0.890425
4000,STRUCTURAL_RESCUE__b4000__multidepot__e2-multidepot-100c-01__A8_ROUTE_POOL_RECOMBINATION__seed1,multidepot,e2-multidepot-100c-01,A8_ROUTE_POOL_RECOMBINATION,1,488,worst_customer_removal,regret3_insert_repair,False,False,candidate_usable,softmax,sample,488,123,2.3778407328167344,0.13502157709781626,nan,0.8902
4000,STRUCTURAL_RESCUE__b4000__multidepot__e2-multidepot-100c-01__A8_ROUTE_POOL_RECOMBINATION__seed1,multidepot,e2-multidepot-100c-01,A8_ROUTE_POOL_RECOMBINATION,1,489,random_customer_removal,greedy_insert_repair,False,False,candidate_usable,softmax,sample,489,7,0.2988856241550458,0.013095689262035162,nan,0.889975
4000,STRUCTURAL_RESCUE__b4000__multidepot__e2-multidepot-100c-01__A8_ROUTE_POOL_RECOMBINATION__seed1,multidepot,e2-multidepot-100c-01,A8_ROUTE_POOL_RECOMBINATION,1,490,random_customer_removal,regret2_insert_repair,False,False,candidate_usable,softmax,sample,490,13,2.0727861904244316,0.09612431499445599,nan,0.88975
4000,STRUCTURAL_RESCUE__b4000__multidepot__e2-multidepot-100c-01__A8_ROUTE_POOL_RECOMBINATION__seed1,multidepot,e2-multidepot-100c-01,A8_ROUTE_POOL_RECOMBINATION,1,491,random_customer_removal,regret3_insert_repair,False,False,candidate_usable,softmax,sample,491,106,3.1619441803776236,0.3315813045618264,nan,0.889525
4000,STRUCTURAL_RESCUE__b4000__multidepot__e2-multidepot-100c-01__A8_ROUTE_POOL_RECOMBINATION__seed1,multidepot,e2-multidepot-100c-01,A8_ROUTE_POOL_RECOMBINATION,1,492,random_customer_removal,regret3_insert_repair,False,False,candidate_usable,softmax,sample,492,107,3.133192013133981,0.32454212818603173,nan,0.8893
4000,STRUCTURAL_RESCUE__b4000__multidepot__e2-multidepot-100c-01__A8_ROUTE_POOL_RECOMBINATION__seed1,multidepot,e2-multidepot-100c-01,A8_ROUTE_POOL_RECOMBINATION,1,493,worst_customer_removal,regret3_insert_repair,False,False,candidate_usable,softmax,sample,493,124,2.3593759098576257,0.13734718475387098,nan,0.8890750000000001
4000,STRUCTURAL_RESCUE__b4000__multidepot__e2-multidepot-100c-01__A8_ROUTE_POOL_RECOMBINATION__seed1,multidepot,e2-multidepot-100c-01,A8_ROUTE_POOL_RECOMBINATION,1,494,vehicle_type_swap,regret2_insert_repair,False,False,candidate_usable,softmax,sample,494,137,2.3862510754980324,0.14196535444898534,nan,0.88885
4000,STRUCTURAL_RESCUE__b4000__multidepot__e2-multidepot-100c-01__A8_ROUTE_POOL_RECOMBINATION__seed1,multidepot,e2-multidepot-100c-01,A8_ROUTE_POOL_RECOMBINATION,1,495,random_customer_removal,regret3_insert_repair,False,False,candidate_usable,softmax,sample,495,108,3.104992852094393,0.31961235179108644,nan,0.888625
4000,STRUCTURAL_RESCUE__b4000__multidepot__e2-multidepot-100c-01__A8_ROUTE_POOL_RECOMBINATION__seed1,multidepot,e2-multidepot-100c-01,A8_ROUTE_POOL_RECOMBINATION,1,496,whole_route_removal,regret2_insert_repair,False,False,candidate_usable,softmax,sample,496,6,0.6413743880029787,0.020168857154115826,nan,0.8884
4000,STRUCTURAL_RESCUE__b4000__multidepot__e2-multidepot-100c-01__A8_ROUTE_POOL_RECOMBINATION__seed1,multidepot,e2-multidepot-100c-01,A8_ROUTE_POOL_RECOMBINATION,1,497,route_segment_removal,regret2_insert_repair,False,False,unchanged,softmax,sample,497,14,1.9355692318845406,0.08668105336053544,nan,0.8881749999999999
4000,STRUCTURAL_RESCUE__b4000__multidepot__e2-multidepot-100c-01__A8_ROUTE_POOL_RECOMBINATION__seed1,multidepot,e2-multidepot-100c-01,A8_ROUTE_POOL_RECOMBINATION,1,498,worst_customer_removal,regret3_insert_repair,False,False,candidate_usable,softmax,sample,498,125,2.341205348552711,0.13837258925910767,nan,0.88795
4000,STRUCTURAL_RESCUE__b4000__multidepot__e2-multidepot-100c-01__A8_ROUTE_POOL_RECOMBINATION__seed1,multidepot,e2-multidepot-100c-01,A8_ROUTE_POOL_RECOMBINATION,1,499,random_customer_removal,regret3_insert_repair,False,False,candidate_usable,softmax,sample,499,109,3.0773205686383207,0.3179788218261474,nan,0.887725
4000,STRUCTURAL_RESCUE__b4000__multidepot__e2-multidepot-100c-01__A8_ROUTE_POOL_RECOMBINATION__seed1,multidepot,e2-multidepot-100c-01,A8_ROUTE_POOL_RECOMBINATION,1,500,worst_customer_removal,regret2_insert_repair,False,False,candidate_usable,softmax,sample,500,2,0.45715618955825343,0.016770097591746826,nan,0.8875
4000,STRUCTURAL_RESCUE__b4000__multidepot__e2-multidepot-100c-01__A8_ROUTE_POOL_RECOMBINATION__seed1,multidepot,e2-multidepot-100c-01,A8_ROUTE_POOL_RECOMBINATION,1,501,worst_customer_removal,regret3_insert_repair,False,False,candidate_usable,softmax,sample,501,126,2.3233020514665013,0.13746180980676373,nan,0.887275
4000,STRUCTURAL_RESCUE__b4000__multidepot__e2-multidepot-100c-01__A8_ROUTE_POOL_RECOMBINATION__seed1,multidepot,e2-multidepot-100c-01,A8_ROUTE_POOL_RECOMBINATION,1,502,vehicle_type_swap,regret2_insert_repair,False,False,candidate_usable,softmax,sample,502,138,2.369617345942115,0.14523020558282912,nan,0.88705
4000,STRUCTURAL_RESCUE__b4000__multidepot__e2-multidepot-100c-01__A8_ROUTE_POOL_RECOMBINATION__seed1,multidepot,e2-multidepot-100c-01,A8_ROUTE_POOL_RECOMBINATION,1,503,route_segment_removal,regret2_insert_repair,True,False,candidate_usable,softmax,sample,503,15,1.8163884387944884,0.07804054892466795,nan,0.886825
4000,STRUCTURAL_RESCUE__b4000__multidepot__e2-multidepot-100c-01__A8_ROUTE_POOL_RECOMBINATION__seed1,multidepot,e2-multidepot-100c-01,A8_ROUTE_POOL_RECOMBINATION,1,504,vehicle_type_swap,regret2_insert_repair,False,False,candidate_usable,softmax,sample,504,139,2.3531648523151034,0.14274163529019313,nan,0.8866
4000,STRUCTURAL_RESCUE__b4000__multidepot__e2-multidepot-100c-01__A8_ROUTE_POOL_RECOMBINATION__seed1,multidepot,e2-multidepot-100c-01,A8_ROUTE_POOL_RECOMBINATION,1,505,random_customer_removal,regret3_insert_repair,False,False,candidate_usable,softmax,sample,505,110,3.05017132479206,0.31420513711937764,nan,0.886375
4000,STRUCTURAL_RESCUE__b4000__multidepot__e2-multidepot-100c-01__A8_ROUTE_POOL_RECOMBINATION__seed1,multidepot,e2-multidepot-100c-01,A8_ROUTE_POOL_RECOMBINATION,1,506,random_customer_removal,regret3_insert_repair,False,False,candidate_usable,softmax,sample,506,111,3.0234571048153493,0.3078276760858771,nan,0.88615
4000,STRUCTURAL_RESCUE__b4000__multidepot__e2-multidepot-100c-01__A8_ROUTE_POOL_RECOMBINATION__seed1,multidepot,e2-multidepot-100c-01,A8_ROUTE_POOL_RECOMBINATION,1,507,random_customer_removal,regret3_insert_repair,False,False,candidate_usable,softmax,sample,507,112,2.9972186323475416,0.3016326750701495,nan,0.885925
4000,STRUCTURAL_RESCUE__b4000__multidepot__e2-multidepot-100c-01__A8_ROUTE_POOL_RECOMBINATION__seed1,multidepot,e2-multidepot-100c-01,A8_ROUTE_POOL_RECOMBINATION,1,508,worst_customer_removal,regret3_insert_repair,False,False,candidate_usable,softmax,sample,508,127,2.305719264995842,0.1394103265401632,nan,0.8857
4000,STRUCTURAL_RESCUE__b4000__multidepot__e2-multidepot-100c-01__A8_ROUTE_POOL_RECOMBINATION__seed1,multidepot,e2-multidepot-100c-01,A8_ROUTE_POOL_RECOMBINATION,1,509,worst_customer_removal,regret3_insert_repair,False,False,candidate_usable,softmax,sample,509,128,2.2883514634937563,0.13708226169221838,nan,0.885475
4000,STRUCTURAL_RESCUE__b4000__multidepot__e2-multidepot-100c-01__A8_ROUTE_POOL_RECOMBINATION__seed1,multidepot,e2-multidepot-100c-01,A8_ROUTE_POOL_RECOMBINATION,1,510,worst_customer_removal,regret3_insert_repair,False,False,candidate_usable,softmax,sample,510,129,2.2712520301946135,0.13482118236660345,nan,0.88525
4000,STRUCTURAL_RESCUE__b4000__multidepot__e2-multidepot-100c-01__A8_ROUTE_POOL_RECOMBINATION__seed1,multidepot,e2-multidepot-100c-01,A8_ROUTE_POOL_RECOMBINATION,1,511,worst_customer_removal,regret3_insert_repair,False,False,candidate_usable,softmax,sample,511,130,2.254414782473825,0.13262461524178715,nan,0.885025
4000,STRUCTURAL_RESCUE__b4000__multidepot__e2-multidepot-100c-01__A8_ROUTE_POOL_RECOMBINATION__seed1,multidepot,e2-multidepot-100c-01,A8_ROUTE_POOL_RECOMBINATION,1,512,random_customer_removal,regret2_insert_repair,False,False,candidate_usable,softmax,sample,512,14,1.9360035287463822,0.09277432315102092,nan,0.8848
4000,STRUCTURAL_RESCUE__b4000__multidepot__e2-multidepot-100c-01__A8_ROUTE_POOL_RECOMBINATION__seed1,multidepot,e2-multidepot-100c-01,A8_ROUTE_POOL_RECOMBINATION,1,513,random_customer_removal,regret3_insert_repair,False,False,candidate_usable,softmax,sample,513,113,2.971495137395679,0.3026318024367818,nan,0.884575
4000,STRUCTURAL_RESCUE__b4000__multidepot__e2-multidepot-100c-01__A8_ROUTE_POOL_RECOMBINATION__seed1,multidepot,e2-multidepot-100c-01,A8_ROUTE_POOL_RECOMBINATION,1,514,random_customer_removal,regret3_insert_repair,False,False,candidate_usable,softmax,sample,514,114,2.946170428197211,0.29670089195822,nan,0.88435
4000,STRUCTURAL_RESCUE__b4000__multidepot__e2-multidepot-100c-01__A8_ROUTE_POOL_RECOMBINATION__seed1,multidepot,e2-multidepot-100c-01,A8_ROUTE_POOL_RECOMBINATION,1,515,random_customer_removal,regret3_insert_repair,False,False,candidate_usable,softmax,sample,515,115,2.9212849388880464,0.2909372484273192,nan,0.884125
4000,STRUCTURAL_RESCUE__b4000__multidepot__e2-multidepot-100c-01__A8_ROUTE_POOL_RECOMBINATION__seed1,multidepot,e2-multidepot-100c-01,A8_ROUTE_POOL_RECOMBINATION,1,516,route_segment_removal,regret2_insert_repair,False,False,candidate_usable,softmax,sample,516,16,1.8339717314998865,0.08573027321397235,nan,0.8839
4000,STRUCTURAL_RESCUE__b4000__multidepot__e2-multidepot-100c-01__A8_ROUTE_POOL_RECOMBINATION__seed1,multidepot,e2-multidepot-100c-01,A8_ROUTE_POOL_RECOMBINATION,1,517,random_customer_removal,regret3_insert_repair,False,False,candidate_usable,softmax,sample,517,116,2.8968374328101882,0.288044848295039,nan,0.883675
4000,STRUCTURAL_RESCUE__b4000__multidepot__e2-multidepot-100c-01__A8_ROUTE_POOL_RECOMBINATION__seed1,multidepot,e2-multidepot-100c-01,A8_ROUTE_POOL_RECOMBINATION,1,518,vehicle_type_swap,regret2_insert_repair,False,False,candidate_usable,softmax,sample,518,140,2.3370582026943403,0.15408552819702914,nan,0.88345
4000,STRUCTURAL_RESCUE__b4000__multidepot__e2-multidepot-100c-01__A8_ROUTE_POOL_RECOMBINATION__seed1,multidepot,e2-multidepot-100c-01,A8_ROUTE_POOL_RECOMBINATION,1,519,random_customer_removal,regret3_insert_repair,False,False,candidate_usable,softmax,sample,519,117,2.8728066988823664,0.283427578892008,nan,0.883225
4000,STRUCTURAL_RESCUE__b4000__multidepot__e2-multidepot-100c-01__A8_ROUTE_POOL_RECOMBINATION__seed1,multidepot,e2-multidepot-100c-01,A8_ROUTE_POOL_RECOMBINATION,1,520,worst_customer_removal,regret3_insert_repair,False,False,candidate_usable,softmax,sample,520,131,2.237909928092135,0.13917105059656734,nan,0.883
4000,STRUCTURAL_RESCUE__b4000__multidepot__e2-multidepot-100c-01__A8_ROUTE_POOL_RECOMBINATION__seed1,multidepot,e2-multidepot-100c-01,A8_ROUTE_POOL_RECOMBINATION,1,521,vehicle_type_swap,regret2_insert_repair,False,False,candidate_usable,softmax,sample,521,141,2.32107759842306,0.15332235842864816,nan,0.882775
4000,STRUCTURAL_RESCUE__b4000__multidepot__e2-multidepot-100c-01__A8_ROUTE_POOL_RECOMBINATION__seed1,multidepot,e2-multidepot-100c-01,A8_ROUTE_POOL_RECOMBINATION,1,522,whole_route_removal,regret3_insert_repair,False,False,unchanged,softmax,sample,522,36,1.2746700437585996,0.04697881320589772,nan,0.88255
4000,STRUCTURAL_RESCUE__b4000__multidepot__e2-multidepot-100c-01__A8_ROUTE_POOL_RECOMBINATION__seed1,multidepot,e2-multidepot-100c-01,A8_ROUTE_POOL_RECOMBINATION,1,523,worst_customer_removal,regret3_insert_repair,False,False,candidate_usable,softmax,sample,523,132,2.221597548818901,0.13760105557011018,nan,0.882325
4000,STRUCTURAL_RESCUE__b4000__multidepot__e2-multidepot-100c-01__A8_ROUTE_POOL_RECOMBINATION__seed1,multidepot,e2-multidepot-100c-01,A8_ROUTE_POOL_RECOMBINATION,1,524,shaw_related_removal,greedy_insert_repair,False,False,unchanged,softmax,sample,524,2,0.45868564162337533,0.018697295557318586,nan,0.8821
4000,STRUCTURAL_RESCUE__b4000__multidepot__e2-multidepot-100c-01__A8_ROUTE_POOL_RECOMBINATION__seed1,multidepot,e2-multidepot-100c-01,A8_ROUTE_POOL_RECOMBINATION,1,525,random_customer_removal,regret3_insert_repair,False,False,candidate_usable,softmax,sample,525,118,2.8492217041735945,0.281408400642926,nan,0.881875
4000,STRUCTURAL_RESCUE__b4000__multidepot__e2-multidepot-100c-01__A8_ROUTE_POOL_RECOMBINATION__seed1,multidepot,e2-multidepot-100c-01,A8_ROUTE_POOL_RECOMBINATION,1,526,worst_customer_removal,regret3_insert_repair,False,False,candidate_usable,softmax,sample,526,133,2.2055296219396983,0.1366347527566566,nan,0.88165
4000,STRUCTURAL_RESCUE__b4000__multidepot__e2-multidepot-100c-01__A8_ROUTE_POOL_RECOMBINATION__seed1,multidepot,e2-multidepot-100c-01,A8_ROUTE_POOL_RECOMBINATION,1,527,vehicle_type_swap,regret2_insert_repair,False,False,candidate_usable,softmax,sample,527,142,2.3053482662192164,0.15340265558153154,nan,0.881425
4000,STRUCTURAL_RESCUE__b4000__multidepot__e2-multidepot-100c-01__A8_ROUTE_POOL_RECOMBINATION__seed1,multidepot,e2-multidepot-100c-01,A8_ROUTE_POOL_RECOMBINATION,1,528,route_segment_removal,regret3_insert_repair,False,False,unchanged,softmax,sample,528,10,0.6535583962183014,0.02360306025882087,nan,0.8812
4000,STRUCTURAL_RESCUE__b4000__multidepot__e2-multidepot-100c-01__A8_ROUTE_POOL_RECOMBINATION__seed1,multidepot,e2-multidepot-100c-01,A8_ROUTE_POOL_RECOMBINATION,1,529,route_segment_removal,regret2_insert_repair,False,False,candidate_usable,softmax,sample,529,17,1.7346184736298595,0.08058230492050172,nan,0.880975
4000,STRUCTURAL_RESCUE__b4000__multidepot__e2-multidepot-100c-01__A8_ROUTE_POOL_RECOMBINATION__seed1,multidepot,e2-multidepot-100c-01,A8_ROUTE_POOL_RECOMBINATION,1,530,route_segment_removal,regret2_insert_repair,False,False,candidate_usable,softmax,sample,530,18,1.6458757912197441,0.07342103486928542,nan,0.88075
4000,STRUCTURAL_RESCUE__b4000__multidepot__e2-multidepot-100c-01__A8_ROUTE_POOL_RECOMBINATION__seed1,multidepot,e2-multidepot-100c-01,A8_ROUTE_POOL_RECOMBINATION,1,531,vehicle_type_swap,regret2_insert_repair,False,False,candidate_usable,softmax,sample,531,143,2.28982026091051,0.15351551516699538,nan,0.880525
4000,STRUCTURAL_RESCUE__b4000__multidepot__e2-multidepot-100c-01__A8_ROUTE_POOL_RECOMBINATION__seed1,multidepot,e2-multidepot-100c-01,A8_ROUTE_POOL_RECOMBINATION,1,532,route_segment_removal,regret2_insert_repair,False,False,unchanged,softmax,sample,532,19,1.566368979849174,0.06767610899957065,nan,0.8803
4000,STRUCTURAL_RESCUE__b4000__multidepot__e2-multidepot-100c-01__A8_ROUTE_POOL_RECOMBINATION__seed1,multidepot,e2-multidepot-100c-01,A8_ROUTE_POOL_RECOMBINATION,1,533,vehicle_type_swap,regret2_insert_repair,False,False,candidate_usable,softmax,sample,533,144,2.274489641170374,0.15210114008238096,nan,0.8800749999999999
4000,STRUCTURAL_RESCUE__b4000__multidepot__e2-multidepot-100c-01__A8_ROUTE_POOL_RECOMBINATION__seed1,multidepot,e2-multidepot-100c-01,A8_ROUTE_POOL_RECOMBINATION,1,534,vehicle_type_swap,regret2_insert_repair,False,False,candidate_usable,softmax,sample,534,145,2.259361095784568,0.1499114443102844,nan,0.87985
4000,STRUCTURAL_RESCUE__b4000__multidepot__e2-multidepot-100c-01__A8_ROUTE_POOL_RECOMBINATION__seed1,multidepot,e2-multidepot-100c-01,A8_ROUTE_POOL_RECOMBINATION,1,535,vehicle_type_swap,regret2_insert_repair,False,False,candidate_usable,softmax,sample,535,146,2.24443913118171,0.14777625093992738,nan,0.879625
4000,STRUCTURAL_RESCUE__b4000__multidepot__e2-multidepot-100c-01__A8_ROUTE_POOL_RECOMBINATION__seed1,multidepot,e2-multidepot-100c-01,A8_ROUTE_POOL_RECOMBINATION,1,536,vehicle_type_swap,regret2_insert_repair,False,False,candidate_usable,softmax,sample,536,147,2.229719538205968,0.14569382318784127,nan,0.8794
4000,STRUCTURAL_RESCUE__b4000__multidepot__e2-multidepot-100c-01__A8_ROUTE_POOL_RECOMBINATION__seed1,multidepot,e2-multidepot-100c-01,A8_ROUTE_POOL_RECOMBINATION,1,537,route_segment_removal,regret2_insert_repair,True,False,candidate_usable,softmax,sample,537,20,1.4947699806030048,0.06330916070521214,nan,0.879175
4000,STRUCTURAL_RESCUE__b4000__multidepot__e2-multidepot-100c-01__A8_ROUTE_POOL_RECOMBINATION__seed1,multidepot,e2-multidepot-100c-01,A8_ROUTE_POOL_RECOMBINATION,1,538,random_customer_removal,regret2_insert_repair,False,False,candidate_usable,softmax,sample,538,15,1.8173374688399075,0.09118192778945827,nan,0.87895
4000,STRUCTURAL_RESCUE__b4000__multidepot__e2-multidepot-100c-01__A8_ROUTE_POOL_RECOMBINATION__seed1,multidepot,e2-multidepot-100c-01,A8_ROUTE_POOL_RECOMBINATION,1,539,route_segment_removal,regret2_insert_repair,False,False,candidate_usable,softmax,sample,539,21,1.5226847555492797,0.06587743938913283,nan,0.878725
4000,STRUCTURAL_RESCUE__b4000__multidepot__e2-multidepot-100c-01__A8_ROUTE_POOL_RECOMBINATION__seed1,multidepot,e2-multidepot-100c-01,A8_ROUTE_POOL_RECOMBINATION,1,540,vehicle_type_swap,regret2_insert_repair,False,False,candidate_usable,softmax,sample,540,148,2.215223907875149,0.145560906631295,nan,0.8785
4000,STRUCTURAL_RESCUE__b4000__multidepot__e2-multidepot-100c-01__A8_ROUTE_POOL_RECOMBINATION__seed1,multidepot,e2-multidepot-100c-01,A8_ROUTE_POOL_RECOMBINATION,1,541,random_customer_removal,regret3_insert_repair,False,False,unchanged,softmax,sample,541,119,2.826127591162129,0.29254292318241154,nan,0.878275
4000,STRUCTURAL_RESCUE__b4000__multidepot__e2-multidepot-100c-01__A8_ROUTE_POOL_RECOMBINATION__seed1,multidepot,e2-multidepot-100c-01,A8_ROUTE_POOL_RECOMBINATION,1,542,random_customer_removal,regret3_insert_repair,False,False,candidate_usable,softmax,sample,542,120,2.8032742439922163,0.28726281276375276,nan,0.87805
4000,STRUCTURAL_RESCUE__b4000__multidepot__e2-multidepot-100c-01__A8_ROUTE_POOL_RECOMBINATION__seed1,multidepot,e2-multidepot-100c-01,A8_ROUTE_POOL_RECOMBINATION,1,543,route_segment_removal,regret2_insert_repair,False,False,candidate_usable,softmax,sample,543,22,1.4593818402600367,0.06261583640541758,nan,0.877825
4000,STRUCTURAL_RESCUE__b4000__multidepot__e2-multidepot-100c-01__A8_ROUTE_POOL_RECOMBINATION__seed1,multidepot,e2-multidepot-100c-01,A8_ROUTE_POOL_RECOMBINATION,1,544,route_segment_removal,regret2_insert_repair,False,False,unchanged,softmax,sample,544,23,1.401444543807767,0.058843574415055604,nan,0.8775999999999999
4000,STRUCTURAL_RESCUE__b4000__multidepot__e2-multidepot-100c-01__A8_ROUTE_POOL_RECOMBINATION__seed1,multidepot,e2-multidepot-100c-01,A8_ROUTE_POOL_RECOMBINATION,1,545,random_customer_removal,regret3_insert_repair,False,False,candidate_usable,softmax,sample,545,121,2.7808162875359113,0.28439507469814757,nan,0.877375
4000,STRUCTURAL_RESCUE__b4000__multidepot__e2-multidepot-100c-01__A8_ROUTE_POOL_RECOMBINATION__seed1,multidepot,e2-multidepot-100c-01,A8_ROUTE_POOL_RECOMBINATION,1,546,random_customer_removal,regret2_insert_repair,False,False,candidate_usable,softmax,sample,546,16,1.7128689965988335,0.08479308404001469,nan,0.87715
4000,STRUCTURAL_RESCUE__b4000__multidepot__e2-multidepot-100c-01__A8_ROUTE_POOL_RECOMBINATION__seed1,multidepot,e2-multidepot-100c-01,A8_ROUTE_POOL_RECOMBINATION,1,547,random_customer_removal,regret2_insert_repair,False,False,candidate_usable,softmax,sample,547,17,1.6203564988404766,0.07695317985615267,nan,0.876925
4000,STRUCTURAL_RESCUE__b4000__multidepot__e2-multidepot-100c-01__A8_ROUTE_POOL_RECOMBINATION__seed1,multidepot,e2-multidepot-100c-01,A8_ROUTE_POOL_RECOMBINATION,1,548,route_segment_removal,regret2_insert_repair,True,False,candidate_usable,softmax,sample,548,24,1.3483271445829008,0.05681289686223366,nan,0.8767
4000,STRUCTURAL_RESCUE__b4000__multidepot__e2-multidepot-100c-01__A8_ROUTE_POOL_RECOMBINATION__seed1,multidepot,e2-multidepot-100c-01,A8_ROUTE_POOL_RECOMBINATION,1,549,shaw_related_removal,regret2_insert_repair,False,False,candidate_usable,softmax,sample,549,7,0.3011955070901252,0.017167107926323574,nan,0.876475
4000,STRUCTURAL_RESCUE__b4000__multidepot__e2-multidepot-100c-01__A8_ROUTE_POOL_RECOMBINATION__seed1,multidepot,e2-multidepot-100c-01,A8_ROUTE_POOL_RECOMBINATION,1,550,shaw_related_removal,regret2_insert_repair,False,False,candidate_usable,softmax,sample,550,8,0.28686348265338957,0.016885571145916774,nan,0.87625
4000,STRUCTURAL_RESCUE__b4000__multidepot__e2-multidepot-100c-01__A8_ROUTE_POOL_RECOMBINATION__seed1,multidepot,e2-multidepot-100c-01,A8_ROUTE_POOL_RECOMBINATION,1,551,route_segment_removal,greedy_insert_repair,False,False,unchanged,softmax,sample,551,2,0.4603185119319574,0.020578179195414645,nan,0.8760249999999999
4000,STRUCTURAL_RESCUE__b4000__multidepot__e2-multidepot-100c-01__A8_ROUTE_POOL_RECOMBINATION__seed1,multidepot,e2-multidepot-100c-01,A8_ROUTE_POOL_RECOMBINATION,1,552,worst_customer_removal,greedy_insert_repair,False,False,unchanged,softmax,sample,552,4,0.3678769070321991,0.01853239077640102,nan,0.8758
4000,STRUCTURAL_RESCUE__b4000__multidepot__e2-multidepot-100c-01__A8_ROUTE_POOL_RECOMBINATION__seed1,multidepot,e2-multidepot-100c-01,A8_ROUTE_POOL_RECOMBINATION,1,553,vehicle_type_swap,regret2_insert_repair,False,False,candidate_usable,softmax,sample,553,149,2.200997438467083,0.1503966712095994,nan,0.875575
4000,STRUCTURAL_RESCUE__b4000__multidepot__e2-multidepot-100c-01__A8_ROUTE_POOL_RECOMBINATION__seed1,multidepot,e2-multidepot-100c-01,A8_ROUTE_POOL_RECOMBINATION,1,554,worst_customer_removal,regret3_insert_repair,False,False,candidate_usable,softmax,sample,554,134,2.1899242652356845,0.14887965397101016,nan,0.87535
4000,STRUCTURAL_RESCUE__b4000__multidepot__e2-multidepot-100c-01__A8_ROUTE_POOL_RECOMBINATION__seed1,multidepot,e2-multidepot-100c-01,A8_ROUTE_POOL_RECOMBINATION,1,555,route_segment_removal,greedy_insert_repair,False,False,candidate_usable,softmax,sample,555,3,0.4055493860000487,0.019431155203290994,nan,0.8751249999999999
4000,STRUCTURAL_RESCUE__b4000__multidepot__e2-multidepot-100c-01__A8_ROUTE_POOL_RECOMBINATION__seed1,multidepot,e2-multidepot-100c-01,A8_ROUTE_POOL_RECOMBINATION,1,556,random_customer_removal,regret3_insert_repair,False,False,candidate_usable,softmax,sample,556,122,2.758798861568054,0.286288920551332,nan,0.8749
4000,STRUCTURAL_RESCUE__b4000__multidepot__e2-multidepot-100c-01__A8_ROUTE_POOL_RECOMBINATION__seed1,multidepot,e2-multidepot-100c-01,A8_ROUTE_POOL_RECOMBINATION,1,557,route_segment_removal,regret2_insert_repair,True,False,candidate_usable,softmax,sample,557,25,1.3774975485021024,0.05944848580958766,nan,0.874675
4000,STRUCTURAL_RESCUE__b4000__multidepot__e2-multidepot-100c-01__A8_ROUTE_POOL_RECOMBINATION__seed1,multidepot,e2-multidepot-100c-01,A8_ROUTE_POOL_RECOMBINATION,1,558,random_customer_removal,regret3_insert_repair,True,False,candidate_usable,softmax,sample,558,123,2.7370564637362693,0.2808692546961294,nan,0.87445
4000,STRUCTURAL_RESCUE__b4000__multidepot__e2-multidepot-100c-01__A8_ROUTE_POOL_RECOMBINATION__seed1,multidepot,e2-multidepot-100c-01,A8_ROUTE_POOL_RECOMBINATION,1,559,route_segment_removal,regret2_insert_repair,False,False,candidate_usable,softmax,sample,559,26,1.4042362953172922,0.06127670931377127,nan,0.874225
4000,STRUCTURAL_RESCUE__b4000__multidepot__e2-multidepot-100c-01__A8_ROUTE_POOL_RECOMBINATION__seed1,multidepot,e2-multidepot-100c-01,A8_ROUTE_POOL_RECOMBINATION,1,560,vehicle_type_swap,regret2_insert_repair,False,False,candidate_usable,softmax,sample,560,150,2.186909364695903,0.15050954279744663,nan,0.874
4000,STRUCTURAL_RESCUE__b4000__multidepot__e2-multidepot-100c-01__A8_ROUTE_POOL_RECOMBINATION__seed1,multidepot,e2-multidepot-100c-01,A8_ROUTE_POOL_RECOMBINATION,1,561,shaw_related_removal,regret3_insert_repair,False,False,candidate_usable,softmax,sample,561,4,0.3682829395338353,0.018824736430127918,nan,0.873775
4000,STRUCTURAL_RESCUE__b4000__multidepot__e2-multidepot-100c-01__A8_ROUTE_POOL_RECOMBINATION__seed1,multidepot,e2-multidepot-100c-01,A8_ROUTE_POOL_RECOMBINATION,1,562,vehicle_type_swap,regret2_insert_repair,False,False,candidate_usable,softmax,sample,562,151,2.1729665702081213,0.14859802302716382,nan,0.87355
4000,STRUCTURAL_RESCUE__b4000__multidepot__e2-multidepot-100c-01__A8_ROUTE_POOL_RECOMBINATION__seed1,multidepot,e2-multidepot-100c-01,A8_ROUTE_POOL_RECOMBINATION,1,563,worst_customer_removal,regret3_insert_repair,False,False,candidate_usable,softmax,sample,563,135,2.1743784191378626,0.1492000130336344,nan,0.873325
4000,STRUCTURAL_RESCUE__b4000__multidepot__e2-multidepot-100c-01__A8_ROUTE_POOL_RECOMBINATION__seed1,multidepot,e2-multidepot-100c-01,A8_ROUTE_POOL_RECOMBINATION,1,564,vehicle_type_swap,regret2_insert_repair,False,False,candidate_usable,softmax,sample,564,152,2.1592066420513603,0.14702773794288201,nan,0.8731
4000,STRUCTURAL_RESCUE__b4000__multidepot__e2-multidepot-100c-01__A8_ROUTE_POOL_RECOMBINATION__seed1,multidepot,e2-multidepot-100c-01,A8_ROUTE_POOL_RECOMBINATION,1,565,random_customer_removal,regret3_insert_repair,False,False,candidate_usable,softmax,sample,565,124,2.731434165858155,0.2838819551287566,nan,0.8728750000000001
4000,STRUCTURAL_RESCUE__b4000__multidepot__e2-multidepot-100c-01__A8_ROUTE_POOL_RECOMBINATION__seed1,multidepot,e2-multidepot-100c-01,A8_ROUTE_POOL_RECOMBINATION,1,566,random_customer_removal,regret3_insert_repair,False,False,candidate_usable,softmax,sample,566,125,2.7102478128444836,0.27904774234055424,nan,0.87265
4000,STRUCTURAL_RESCUE__b4000__multidepot__e2-multidepot-100c-01__A8_ROUTE_POOL_RECOMBINATION__seed1,multidepot,e2-multidepot-100c-01,A8_ROUTE_POOL_RECOMBINATION,1,567,vehicle_type_swap,regret2_insert_repair,False,False,candidate_usable,softmax,sample,567,153,2.145633974670484,0.14709591868219607,nan,0.872425
4000,STRUCTURAL_RESCUE__b4000__multidepot__e2-multidepot-100c-01__A8_ROUTE_POOL_RECOMBINATION__seed1,multidepot,e2-multidepot-100c-01,A8_ROUTE_POOL_RECOMBINATION,1,568,worst_customer_removal,regret3_insert_repair,False,False,candidate_usable,softmax,sample,568,136,2.1590260048470205,0.14972310725940804,nan,0.8722
4000,STRUCTURAL_RESCUE__b4000__multidepot__e2-multidepot-100c-01__A8_ROUTE_POOL_RECOMBINATION__seed1,multidepot,e2-multidepot-100c-01,A8_ROUTE_POOL_RECOMBINATION,1,569,random_customer_removal,regret3_insert_repair,False,False,unchanged,softmax,sample,569,126,2.689414294889733,0.27581738539664885,nan,0.871975
4000,STRUCTURAL_RESCUE__b4000__multidepot__e2-multidepot-100c-01__A8_ROUTE_POOL_RECOMBINATION__seed1,multidepot,e2-multidepot-100c-01,A8_ROUTE_POOL_RECOMBINATION,1,570,route_segment_removal,regret3_insert_repair,True,False,candidate_usable,softmax,sample,570,11,0.6102538113625108,0.02556954983158026,nan,0.87175
4000,STRUCTURAL_RESCUE__b4000__multidepot__e2-multidepot-100c-01__A8_ROUTE_POOL_RECOMBINATION__seed1,multidepot,e2-multidepot-100c-01,A8_ROUTE_POOL_RECOMBINATION,1,571,vehicle_type_swap,greedy_insert_repair,False,False,candidate_usable,softmax,sample,571,3,0.40634643232056633,0.020149021803289792,nan,0.871525
4000,STRUCTURAL_RESCUE__b4000__multidepot__e2-multidepot-100c-01__A8_ROUTE_POOL_RECOMBINATION__seed1,multidepot,e2-multidepot-100c-01,A8_ROUTE_POOL_RECOMBINATION,1,572,whole_route_removal,regret3_insert_repair,False,False,candidate_usable,softmax,sample,572,37,1.2440083300319138,0.05271976151913255,nan,0.8713
4000,STRUCTURAL_RESCUE__b4000__multidepot__e2-multidepot-100c-01__A8_ROUTE_POOL_RECOMBINATION__seed1,multidepot,e2-multidepot-100c-01,A8_ROUTE_POOL_RECOMBINATION,1,573,route_segment_removal,regret3_insert_repair,True,False,candidate_usable,softmax,sample,573,12,0.7352197612211565,0.02944470442146652,nan,0.871075
4000,STRUCTURAL_RESCUE__b4000__multidepot__e2-multidepot-100c-01__A8_ROUTE_POOL_RECOMBINATION__seed1,multidepot,e2-multidepot-100c-01,A8_ROUTE_POOL_RECOMBINATION,1,574,random_customer_removal,regret2_insert_repair,False,False,candidate_usable,softmax,sample,574,18,1.5385702976614082,0.0737672392140983,nan,0.87085
4000,STRUCTURAL_RESCUE__b4000__multidepot__e2-multidepot-100c-01__A8_ROUTE_POOL_RECOMBINATION__seed1,multidepot,e2-multidepot-100c-01,A8_ROUTE_POOL_RECOMBINATION,1,575,random_customer_removal,regret2_insert_repair,False,False,candidate_usable,softmax,sample,575,19,1.4647135597217116,0.06817156244425294,nan,0.870625
4000,STRUCTURAL_RESCUE__b4000__multidepot__e2-multidepot-100c-01__A8_ROUTE_POOL_RECOMBINATION__seed1,multidepot,e2-multidepot-100c-01,A8_ROUTE_POOL_RECOMBINATION,1,576,vehicle_type_swap,greedy_insert_repair,False,False,candidate_usable,softmax,sample,576,4,0.3689443153030472,0.019453763232254586,nan,0.8704000000000001
4000,STRUCTURAL_RESCUE__b4000__multidepot__e2-multidepot-100c-01__A8_ROUTE_POOL_RECOMBINATION__seed1,multidepot,e2-multidepot-100c-01,A8_ROUTE_POOL_RECOMBINATION,1,577,random_customer_removal,regret2_insert_repair,False,False,candidate_usable,softmax,sample,577,20,1.3981500821430335,0.06349678288860544,nan,0.870175
4000,STRUCTURAL_RESCUE__b4000__multidepot__e2-multidepot-100c-01__A8_ROUTE_POOL_RECOMBINATION__seed1,multidepot,e2-multidepot-100c-01,A8_ROUTE_POOL_RECOMBINATION,1,578,whole_route_removal,greedy_insert_repair,False,False,candidate_usable,softmax,sample,578,7,0.5807876548054476,0.024917968122953753,nan,0.86995
4000,STRUCTURAL_RESCUE__b4000__multidepot__e2-multidepot-100c-01__A8_ROUTE_POOL_RECOMBINATION__seed1,multidepot,e2-multidepot-100c-01,A8_ROUTE_POOL_RECOMBINATION,1,579,worst_customer_removal,regret3_insert_repair,False,False,candidate_usable,softmax,sample,579,137,2.143946446009431,0.1504915632900247,nan,0.869725
4000,STRUCTURAL_RESCUE__b4000__multidepot__e2-multidepot-100c-01__A8_ROUTE_POOL_RECOMBINATION__seed1,multidepot,e2-multidepot-100c-01,A8_ROUTE_POOL_RECOMBINATION,1,580,vehicle_type_swap,regret2_insert_repair,False,False,candidate_usable,softmax,sample,580,154,2.1323152043414186,0.1488899695086387,nan,0.8694999999999999
4000,STRUCTURAL_RESCUE__b4000__multidepot__e2-multidepot-100c-01__A8_ROUTE_POOL_RECOMBINATION__seed1,multidepot,e2-multidepot-100c-01,A8_ROUTE_POOL_RECOMBINATION,1,581,random_customer_removal,regret3_insert_repair,True,True,candidate_usable,softmax,sample,581,127,2.668985175965432,0.27670294349154984,nan,0.869275
4000,STRUCTURAL_RESCUE__b4000__multidepot__e2-multidepot-100c-01__A8_ROUTE_POOL_RECOMBINATION__seed1,multidepot,e2-multidepot-100c-01,A8_ROUTE_POOL_RECOMBINATION,1,582,vehicle_type_swap,regret2_insert_repair,False,False,candidate_usable,softmax,sample,582,155,2.1190821112311378,0.1404360430973415,nan,0.86905
4000,STRUCTURAL_RESCUE__b4000__multidepot__e2-multidepot-100c-01__A8_ROUTE_POOL_RECOMBINATION__seed1,multidepot,e2-multidepot-100c-01,A8_ROUTE_POOL_RECOMBINATION,1,583,random_customer_removal,regret3_insert_repair,False,False,candidate_usable,softmax,sample,583,128,2.804648495431792,0.309823773084866,nan,0.868825
4000,STRUCTURAL_RESCUE__b4000__multidepot__e2-multidepot-100c-01__A8_ROUTE_POOL_RECOMBINATION__seed1,multidepot,e2-multidepot-100c-01,A8_ROUTE_POOL_RECOMBINATION,1,584,vehicle_type_swap,greedy_insert_repair,False,False,candidate_usable,softmax,sample,584,5,0.3414701093247095,0.01831924804505441,nan,0.8686
4000,STRUCTURAL_RESCUE__b4000__multidepot__e2-multidepot-100c-01__A8_ROUTE_POOL_RECOMBINATION__seed1,multidepot,e2-multidepot-100c-01,A8_ROUTE_POOL_RECOMBINATION,1,585,route_segment_removal,greedy_insert_repair,False,False,unchanged,softmax,sample,585,4,0.36933229813664664,0.01891661401797116,nan,0.868375
4000,STRUCTURAL_RESCUE__b4000__multidepot__e2-multidepot-100c-01__A8_ROUTE_POOL_RECOMBINATION__seed1,multidepot,e2-multidepot-100c-01,A8_ROUTE_POOL_RECOMBINATION,1,586,route_segment_removal,greedy_insert_repair,False,False,unchanged,softmax,sample,586,5,0.3415481622837662,0.018323672846365623,nan,0.86815
4000,STRUCTURAL_RESCUE__b4000__multidepot__e2-multidepot-100c-01__A8_ROUTE_POOL_RECOMBINATION__seed1,multidepot,e2-multidepot-100c-01,A8_ROUTE_POOL_RECOMBINATION,1,587,whole_route_removal,greedy_insert_repair,False,False,unchanged,softmax,sample,587,8,0.5318298549114444,0.02281536220005802,nan,0.8679250000000001
4000,STRUCTURAL_RESCUE__b4000__multidepot__e2-multidepot-100c-01__A8_ROUTE_POOL_RECOMBINATION__seed1,multidepot,e2-multidepot-100c-01,A8_ROUTE_POOL_RECOMBINATION,1,588,vehicle_type_swap,regret2_insert_repair,False,False,candidate_usable,softmax,sample,588,156,2.1060485787930108,0.14009154846306285,nan,0.8677
4000,STRUCTURAL_RESCUE__b4000__multidepot__e2-multidepot-100c-01__A8_ROUTE_POOL_RECOMBINATION__seed1,multidepot,e2-multidepot-100c-01,A8_ROUTE_POOL_RECOMBINATION,1,589,vehicle_type_swap,regret2_insert_repair,False,False,candidate_usable,softmax,sample,589,157,2.0931427080443243,0.13831997180411962,nan,0.867475
4000,STRUCTURAL_RESCUE__b4000__multidepot__e2-multidepot-100c-01__A8_ROUTE_POOL_RECOMBINATION__seed1,multidepot,e2-multidepot-100c-01,A8_ROUTE_POOL_RECOMBINATION,1,590,route_segment_removal,regret2_insert_repair,False,False,unchanged,softmax,sample,590,27,1.3572546629530766,0.05933122375772725,nan,0.86725
4000,STRUCTURAL_RESCUE__b4000__multidepot__e2-multidepot-100c-01__A8_ROUTE_POOL_RECOMBINATION__seed1,multidepot,e2-multidepot-100c-01,A8_ROUTE_POOL_RECOMBINATION,1,591,random_customer_removal,regret3_insert_repair,False,False,candidate_usable,softmax,sample,591,129,2.783606478260272,0.3082946213265722,nan,0.8670249999999999
4000,STRUCTURAL_RESCUE__b4000__multidepot__e2-multidepot-100c-01__A8_ROUTE_POOL_RECOMBINATION__seed1,multidepot,e2-multidepot-100c-01,A8_ROUTE_POOL_RECOMBINATION,1,592,whole_route_removal,regret3_insert_repair,False,False,unchanged,softmax,sample,592,38,1.214445771720104,0.05082465134794032,nan,0.8668
4000,STRUCTURAL_RESCUE__b4000__multidepot__e2-multidepot-100c-01__A8_ROUTE_POOL_RECOMBINATION__seed1,multidepot,e2-multidepot-100c-01,A8_ROUTE_POOL_RECOMBINATION,1,593,route_segment_removal,regret2_insert_repair,False,False,candidate_usable,softmax,sample,593,28,1.3130936390920687,0.057035459584208255,nan,0.866575
4000,STRUCTURAL_RESCUE__b4000__multidepot__e2-multidepot-100c-01__A8_ROUTE_POOL_RECOMBINATION__seed1,multidepot,e2-multidepot-100c-01,A8_ROUTE_POOL_RECOMBINATION,1,594,route_segment_removal,greedy_insert_repair,False,False,unchanged,softmax,sample,594,6,0.32020756900777764,0.018176261157039884,nan,0.86635
4000,STRUCTURAL_RESCUE__b4000__multidepot__e2-multidepot-100c-01__A8_ROUTE_POOL_RECOMBINATION__seed1,multidepot,e2-multidepot-100c-01,A8_ROUTE_POOL_RECOMBINATION,1,595,vehicle_type_swap,regret3_insert_repair,False,False,candidate_usable,softmax,sample,595,5,0.34189588707997354,0.018635516021226994,nan,0.866125
4000,STRUCTURAL_RESCUE__b4000__multidepot__e2-multidepot-100c-01__A8_ROUTE_POOL_RECOMBINATION__seed1,multidepot,e2-multidepot-100c-01,A8_ROUTE_POOL_RECOMBINATION,1,596,vehicle_type_swap,greedy_insert_repair,False,False,candidate_usable,softmax,sample,596,6,0.32027852540650625,0.01817632846370608,nan,0.8659
4000,STRUCTURAL_RESCUE__b4000__multidepot__e2-multidepot-100c-01__A8_ROUTE_POOL_RECOMBINATION__seed1,multidepot,e2-multidepot-100c-01,A8_ROUTE_POOL_RECOMBINATION,1,597,random_customer_removal,regret3_insert_repair,False,False,candidate_usable,softmax,sample,597,130,2.762870477010881,0.30540413803203376,nan,0.865675
4000,STRUCTURAL_RESCUE__b4000__multidepot__e2-multidepot-100c-01__A8_ROUTE_POOL_RECOMBINATION__seed1,multidepot,e2-multidepot-100c-01,A8_ROUTE_POOL_RECOMBINATION,1,598,whole_route_removal,regret3_insert_repair,True,False,candidate_usable,softmax,sample,598,39,1.1861721183604998,0.049762397844466476,nan,0.86545
4000,STRUCTURAL_RESCUE__b4000__multidepot__e2-multidepot-100c-01__A8_ROUTE_POOL_RECOMBINATION__seed1,multidepot,e2-multidepot-100c-01,A8_ROUTE_POOL_RECOMBINATION,1,599,worst_customer_removal,regret3_insert_repair,False,False,candidate_usable,softmax,sample,599,138,2.1291551603659933,0.14777263285478662,nan,0.865225
4000,STRUCTURAL_RESCUE__b4000__multidepot__e2-multidepot-100c-01__A8_ROUTE_POOL_RECOMBINATION__seed1,multidepot,e2-multidepot-100c-01,A8_ROUTE_POOL_RECOMBINATION,1,600,worst_customer_removal,regret3_insert_repair,False,False,candidate_usable,softmax,sample,600,139,2.1144245115391245,0.14565503708071426,nan,0.865
4000,STRUCTURAL_RESCUE__b4000__multidepot__e2-multidepot-100c-01__A8_ROUTE_POOL_RECOMBINATION__seed1,multidepot,e2-multidepot-100c-01,A8_ROUTE_POOL_RECOMBINATION,1,601,random_customer_removal,regret2_insert_repair,False,False,candidate_usable,softmax,sample,601,21,1.3382713682686096,0.05951587381655559,nan,0.864775
4000,STRUCTURAL_RESCUE__b4000__multidepot__e2-multidepot-100c-01__A8_ROUTE_POOL_RECOMBINATION__seed1,multidepot,e2-multidepot-100c-01,A8_ROUTE_POOL_RECOMBINATION,1,602,random_customer_removal,regret3_insert_repair,False,False,candidate_usable,softmax,sample,602,131,2.742441914937828,0.3030626240235096,nan,0.86455
4000,STRUCTURAL_RESCUE__b4000__multidepot__e2-multidepot-100c-01__A8_ROUTE_POOL_RECOMBINATION__seed1,multidepot,e2-multidepot-100c-01,A8_ROUTE_POOL_RECOMBINATION,1,603,whole_route_removal,regret2_insert_repair,False,False,unchanged,softmax,sample,603,7,0.5816242728141838,0.025058926491998132,nan,0.864325
4000,STRUCTURAL_RESCUE__b4000__multidepot__e2-multidepot-100c-01__A8_ROUTE_POOL_RECOMBINATION__seed1,multidepot,e2-multidepot-100c-01,A8_ROUTE_POOL_RECOMBINATION,1,604,whole_route_removal,regret2_insert_repair,False,False,unchanged,softmax,sample,604,8,0.5323613242731476,0.02369456054482572,nan,0.8641
4000,STRUCTURAL_RESCUE__b4000__multidepot__e2-multidepot-100c-01__A8_ROUTE_POOL_RECOMBINATION__seed1,multidepot,e2-multidepot-100c-01,A8_ROUTE_POOL_RECOMBINATION,1,605,shaw_related_removal,greedy_insert_repair,False,False,unchanged,softmax,sample,605,3,0.4079631262035047,0.020530691920198876,nan,0.863875
4000,STRUCTURAL_RESCUE__b4000__multidepot__e2-multidepot-100c-01__A8_ROUTE_POOL_RECOMBINATION__seed1,multidepot,e2-multidepot-100c-01,A8_ROUTE_POOL_RECOMBINATION,1,606,route_segment_removal,greedy_insert_repair,False,False,unchanged,softmax,sample,606,7,0.30315072172639557,0.018192754333022847,nan,0.86365
4000,STRUCTURAL_RESCUE__b4000__multidepot__e2-multidepot-100c-01__A8_ROUTE_POOL_RECOMBINATION__seed1,multidepot,e2-multidepot-100c-01,A8_ROUTE_POOL_RECOMBINATION,1,607,shaw_related_removal,regret3_insert_repair,False,False,unchanged,softmax,sample,607,5,0.34235081396537204,0.019034969924308063,nan,0.863425
4000,STRUCTURAL_RESCUE__b4000__multidepot__e2-multidepot-100c-01__A8_ROUTE_POOL_RECOMBINATION__seed1,multidepot,e2-multidepot-100c-01,A8_ROUTE_POOL_RECOMBINATION,1,608,route_segment_removal,regret2_insert_repair,False,False,unchanged,softmax,sample,608,29,1.2721393273501276,0.05589384848649598,nan,0.8632
4000,STRUCTURAL_RESCUE__b4000__multidepot__e2-multidepot-100c-01__A8_ROUTE_POOL_RECOMBINATION__seed1,multidepot,e2-multidepot-100c-01,A8_ROUTE_POOL_RECOMBINATION,1,609,random_customer_removal,regret3_insert_repair,True,False,candidate_usable,softmax,sample,609,132,2.7223378167072196,0.30072721283508624,nan,0.862975
4000,STRUCTURAL_RESCUE__b4000__multidepot__e2-multidepot-100c-01__A8_ROUTE_POOL_RECOMBINATION__seed1,multidepot,e2-multidepot-100c-01,A8_ROUTE_POOL_RECOMBINATION,1,610,random_customer_removal,regret3_insert_repair,True,False,candidate_usable,softmax,sample,610,133,2.7171494134959775,0.29954947453189695,nan,0.86275
4000,STRUCTURAL_RESCUE__b4000__multidepot__e2-multidepot-100c-01__A8_ROUTE_POOL_RECOMBINATION__seed1,multidepot,e2-multidepot-100c-01,A8_ROUTE_POOL_RECOMBINATION,1,611,whole_route_removal,regret3_insert_repair,True,False,candidate_usable,softmax,sample,611,40,1.2081448311324965,0.05218609069782151,nan,0.862525
4000,STRUCTURAL_RESCUE__b4000__multidepot__e2-multidepot-100c-01__A8_ROUTE_POOL_RECOMBINATION__seed1,multidepot,e2-multidepot-100c-01,A8_ROUTE_POOL_RECOMBINATION,1,612,random_customer_removal,regret3_insert_repair,False,False,candidate_usable,softmax,sample,612,134,2.7120454580853943,0.2981009595849607,nan,0.8623000000000001
4000,STRUCTURAL_RESCUE__b4000__multidepot__e2-multidepot-100c-01__A8_ROUTE_POOL_RECOMBINATION__seed1,multidepot,e2-multidepot-100c-01,A8_ROUTE_POOL_RECOMBINATION,1,613,whole_route_removal,regret3_insert_repair,False,False,candidate_usable,softmax,sample,613,41,1.2288755105624927,0.05372808889661508,nan,0.862075
4000,STRUCTURAL_RESCUE__b4000__multidepot__e2-multidepot-100c-01__A8_ROUTE_POOL_RECOMBINATION__seed1,multidepot,e2-multidepot-100c-01,A8_ROUTE_POOL_RECOMBINATION,1,614,random_customer_removal,regret3_insert_repair,False,False,candidate_usable,softmax,sample,614,135,2.6925718698390706,0.2940448986809643,nan,0.86185
4000,STRUCTURAL_RESCUE__b4000__multidepot__e2-multidepot-100c-01__A8_ROUTE_POOL_RECOMBINATION__seed1,multidepot,e2-multidepot-100c-01,A8_ROUTE_POOL_RECOMBINATION,1,615,worst_customer_removal,greedy_insert_repair,False,False,unchanged,softmax,sample,615,5,0.3426487533667512,0.019359828457496363,nan,0.861625
4000,STRUCTURAL_RESCUE__b4000__multidepot__e2-multidepot-100c-01__A8_ROUTE_POOL_RECOMBINATION__seed1,multidepot,e2-multidepot-100c-01,A8_ROUTE_POOL_RECOMBINATION,1,616,route_segment_removal,regret3_insert_repair,False,False,unchanged,softmax,sample,616,13,0.8416077693608986,0.03455300007771881,nan,0.8613999999999999
4000,STRUCTURAL_RESCUE__b4000__multidepot__e2-multidepot-100c-01__A8_ROUTE_POOL_RECOMBINATION__seed1,multidepot,e2-multidepot-100c-01,A8_ROUTE_POOL_RECOMBINATION,1,617,random_customer_removal,regret3_insert_repair,False,False,candidate_usable,softmax,sample,617,136,2.6733915888959054,0.29038767834412643,nan,0.861175
4000,STRUCTURAL_RESCUE__b4000__multidepot__e2-multidepot-100c-01__A8_ROUTE_POOL_RECOMBINATION__seed1,multidepot,e2-multidepot-100c-01,A8_ROUTE_POOL_RECOMBINATION,1,618,worst_customer_removal,regret3_insert_repair,False,False,candidate_usable,softmax,sample,618,140,2.100034511597471,0.15018539800586944,nan,0.86095
4000,STRUCTURAL_RESCUE__b4000__multidepot__e2-multidepot-100c-01__A8_ROUTE_POOL_RECOMBINATION__seed1,multidepot,e2-multidepot-100c-01,A8_ROUTE_POOL_RECOMBINATION,1,619,whole_route_removal,regret3_insert_repair,False,False,unchanged,softmax,sample,619,42,1.202229300174951,0.05305765115743161,nan,0.860725
4000,STRUCTURAL_RESCUE__b4000__multidepot__e2-multidepot-100c-01__A8_ROUTE_POOL_RECOMBINATION__seed1,multidepot,e2-multidepot-100c-01,A8_ROUTE_POOL_RECOMBINATION,1,620,random_customer_removal,regret3_insert_repair,False,False,unchanged,softmax,sample,620,137,2.654490528155801,0.28728048277100515,nan,0.8605
4000,STRUCTURAL_RESCUE__b4000__multidepot__e2-multidepot-100c-01__A8_ROUTE_POOL_RECOMBINATION__seed1,multidepot,e2-multidepot-100c-01,A8_ROUTE_POOL_RECOMBINATION,1,621,random_customer_removal,regret3_insert_repair,False,False,unchanged,softmax,sample,621,138,2.6358474450093614,0.2829432649719008,nan,0.860275
4000,STRUCTURAL_RESCUE__b4000__multidepot__e2-multidepot-100c-01__A8_ROUTE_POOL_RECOMBINATION__seed1,multidepot,e2-multidepot-100c-01,A8_ROUTE_POOL_RECOMBINATION,1,622,random_customer_removal,regret3_insert_repair,True,True,candidate_usable,softmax,sample,622,139,2.617471845350701,0.2787062056600976,nan,0.86005
4000,STRUCTURAL_RESCUE__b4000__multidepot__e2-multidepot-100c-01__A8_ROUTE_POOL_RECOMBINATION__seed1,multidepot,e2-multidepot-100c-01,A8_ROUTE_POOL_RECOMBINATION,1,623,random_customer_removal,regret3_insert_repair,False,False,unchanged,softmax,sample,623,140,2.7418580056561184,0.3087769782073191,nan,0.8598250000000001
4000,STRUCTURAL_RESCUE__b4000__multidepot__e2-multidepot-100c-01__A8_ROUTE_POOL_RECOMBINATION__seed1,multidepot,e2-multidepot-100c-01,A8_ROUTE_POOL_RECOMBINATION,1,624,route_segment_removal,regret3_insert_repair,False,False,unchanged,softmax,sample,624,14,0.7924390402262137,0.032195153330486795,nan,0.8596
4000,STRUCTURAL_RESCUE__b4000__multidepot__e2-multidepot-100c-01__A8_ROUTE_POOL_RECOMBINATION__seed1,multidepot,e2-multidepot-100c-01,A8_ROUTE_POOL_RECOMBINATION,1,625,random_customer_removal,regret3_insert_repair,True,False,candidate_usable,softmax,sample,625,141,2.7229972037063095,0.30476879096840476,nan,0.859375
4000,STRUCTURAL_RESCUE__b4000__multidepot__e2-multidepot-100c-01__A8_ROUTE_POOL_RECOMBINATION__seed1,multidepot,e2-multidepot-100c-01,A8_ROUTE_POOL_RECOMBINATION,1,626,worst_customer_removal,regret3_insert_repair,True,False,candidate_usable,softmax,sample,626,141,2.085770625673431,0.14545571748626465,nan,0.85915
4000,STRUCTURAL_RESCUE__b4000__multidepot__e2-multidepot-100c-01__A8_ROUTE_POOL_RECOMBINATION__seed1,multidepot,e2-multidepot-100c-01,A8_ROUTE_POOL_RECOMBINATION,1,627,vehicle_type_swap,regret2_insert_repair,False,False,candidate_usable,softmax,sample,627,158,2.080668610061288,0.1446170944377553,nan,0.8589249999999999
4000,STRUCTURAL_RESCUE__b4000__multidepot__e2-multidepot-100c-01__A8_ROUTE_POOL_RECOMBINATION__seed1,multidepot,e2-multidepot-100c-01,A8_ROUTE_POOL_RECOMBINATION,1,628,worst_customer_removal,regret3_insert_repair,False,False,candidate_usable,softmax,sample,628,142,2.085394667546398,0.14573515269509535,nan,0.8587
4000,STRUCTURAL_RESCUE__b4000__multidepot__e2-multidepot-100c-01__A8_ROUTE_POOL_RECOMBINATION__seed1,multidepot,e2-multidepot-100c-01,A8_ROUTE_POOL_RECOMBINATION,1,629,worst_customer_removal,regret3_insert_repair,False,False,candidate_usable,softmax,sample,629,143,2.0713795465488065,0.14372788964256256,nan,0.858475
4000,STRUCTURAL_RESCUE__b4000__multidepot__e2-multidepot-100c-01__A8_ROUTE_POOL_RECOMBINATION__seed1,multidepot,e2-multidepot-100c-01,A8_ROUTE_POOL_RECOMBINATION,1,630,vehicle_type_swap,regret2_insert_repair,False,False,candidate_usable,softmax,sample,630,159,2.0680979766573993,0.1435218584829425,nan,0.85825
4000,STRUCTURAL_RESCUE__b4000__multidepot__e2-multidepot-100c-01__A8_ROUTE_POOL_RECOMBINATION__seed1,multidepot,e2-multidepot-100c-01,A8_ROUTE_POOL_RECOMBINATION,1,631,route_segment_removal,regret2_insert_repair,True,False,candidate_usable,softmax,sample,631,30,1.2340050200988377,0.054409318659094444,nan,0.858025
4000,STRUCTURAL_RESCUE__b4000__multidepot__e2-multidepot-100c-01__A8_ROUTE_POOL_RECOMBINATION__seed1,multidepot,e2-multidepot-100c-01,A8_ROUTE_POOL_RECOMBINATION,1,632,random_customer_removal,regret3_insert_repair,False,False,candidate_usable,softmax,sample,632,142,2.718170671433547,0.3063850171571171,nan,0.8578
4000,STRUCTURAL_RESCUE__b4000__multidepot__e2-multidepot-100c-01__A8_ROUTE_POOL_RECOMBINATION__seed1,multidepot,e2-multidepot-100c-01,A8_ROUTE_POOL_RECOMBINATION,1,633,worst_customer_removal,regret2_insert_repair,False,False,candidate_usable,softmax,sample,633,3,0.4092227430004182,0.0208897612985772,nan,0.857575
4000,STRUCTURAL_RESCUE__b4000__multidepot__e2-multidepot-100c-01__A8_ROUTE_POOL_RECOMBINATION__seed1,multidepot,e2-multidepot-100c-01,A8_ROUTE_POOL_RECOMBINATION,1,634,whole_route_removal,regret2_insert_repair,False,False,candidate_usable,softmax,sample,634,9,0.49388682420367197,0.023069225022984134,nan,0.8573500000000001
4000,STRUCTURAL_RESCUE__b4000__multidepot__e2-multidepot-100c-01__A8_ROUTE_POOL_RECOMBINATION__seed1,multidepot,e2-multidepot-100c-01,A8_ROUTE_POOL_RECOMBINATION,1,635,random_customer_removal,regret3_insert_repair,False,False,unchanged,softmax,sample,635,143,2.6997452083169646,0.30263192280027595,nan,0.857125
4000,STRUCTURAL_RESCUE__b4000__multidepot__e2-multidepot-100c-01__A8_ROUTE_POOL_RECOMBINATION__seed1,multidepot,e2-multidepot-100c-01,A8_ROUTE_POOL_RECOMBINATION,1,636,random_customer_removal,regret3_insert_repair,False,False,candidate_usable,softmax,sample,636,144,2.6815604728727234,0.2982588029798922,nan,0.8569
4000,STRUCTURAL_RESCUE__b4000__multidepot__e2-multidepot-100c-01__A8_ROUTE_POOL_RECOMBINATION__seed1,multidepot,e2-multidepot-100c-01,A8_ROUTE_POOL_RECOMBINATION,1,637,whole_route_removal,regret3_insert_repair,True,False,candidate_usable,softmax,sample,637,43,1.1769671596352538,0.05183840501796344,nan,0.856675
4000,STRUCTURAL_RESCUE__b4000__multidepot__e2-multidepot-100c-01__A8_ROUTE_POOL_RECOMBINATION__seed1,multidepot,e2-multidepot-100c-01,A8_ROUTE_POOL_RECOMBINATION,1,638,random_customer_removal,regret3_insert_repair,True,True,candidate_usable,softmax,sample,638,145,2.663633087758642,0.2937072561441616,nan,0.8564499999999999
4000,STRUCTURAL_RESCUE__b4000__multidepot__e2-multidepot-100c-01__A8_ROUTE_POOL_RECOMBINATION__seed1,multidepot,e2-multidepot-100c-01,A8_ROUTE_POOL_RECOMBINATION,1,639,random_customer_removal,regret3_insert_repair,True,True,candidate_usable,softmax,sample,639,146,2.7825872940482337,0.3234167170016042,nan,0.856225
4000,STRUCTURAL_RESCUE__b4000__multidepot__e2-multidepot-100c-01__A8_ROUTE_POOL_RECOMBINATION__seed1,multidepot,e2-multidepot-100c-01,A8_ROUTE_POOL_RECOMBINATION,1,640,vehicle_type_swap,regret2_insert_repair,False,False,candidate_usable,softmax,sample,640,160,2.0557320968611803,0.13211548051107602,nan,0.856
4000,STRUCTURAL_RESCUE__b4000__multidepot__e2-multidepot-100c-01__A8_ROUTE_POOL_RECOMBINATION__seed1,multidepot,e2-multidepot-100c-01,A8_ROUTE_POOL_RECOMBINATION,1,641,vehicle_type_swap,regret2_insert_repair,False,False,candidate_usable,softmax,sample,641,161,2.043457754343152,0.13048565564826464,nan,0.855775
4000,STRUCTURAL_RESCUE__b4000__multidepot__e2-multidepot-100c-01__A8_ROUTE_POOL_RECOMBINATION__seed1,multidepot,e2-multidepot-100c-01,A8_ROUTE_POOL_RECOMBINATION,1,642,random_customer_removal,regret3_insert_repair,True,False,candidate_usable,softmax,sample,642,147,2.8999366560666826,0.35575068229653733,nan,0.85555
4000,STRUCTURAL_RESCUE__b4000__multidepot__e2-multidepot-100c-01__A8_ROUTE_POOL_RECOMBINATION__seed1,multidepot,e2-multidepot-100c-01,A8_ROUTE_POOL_RECOMBINATION,1,643,random_customer_removal,regret3_insert_repair,False,False,candidate_usable,softmax,sample,643,148,2.8940638201710054,0.3542883557474523,nan,0.855325
4000,STRUCTURAL_RESCUE__b4000__multidepot__e2-multidepot-100c-01__A8_ROUTE_POOL_RECOMBINATION__seed1,multidepot,e2-multidepot-100c-01,A8_ROUTE_POOL_RECOMBINATION,1,644,vehicle_type_swap,regret2_insert_repair,False,False,candidate_usable,softmax,sample,644,162,2.031347956307424,0.1302275878514246,nan,0.8551
4000,STRUCTURAL_RESCUE__b4000__multidepot__e2-multidepot-100c-01__A8_ROUTE_POOL_RECOMBINATION__seed1,multidepot,e2-multidepot-100c-01,A8_ROUTE_POOL_RECOMBINATION,1,645,random_customer_removal,regret3_insert_repair,False,False,candidate_usable,softmax,sample,645,149,2.8751889577241547,0.35010591543605074,nan,0.854875
4000,STRUCTURAL_RESCUE__b4000__multidepot__e2-multidepot-100c-01__A8_ROUTE_POOL_RECOMBINATION__seed1,multidepot,e2-multidepot-100c-01,A8_ROUTE_POOL_RECOMBINATION,1,646,worst_customer_removal,regret3_insert_repair,False,False,candidate_usable,softmax,sample,646,144,2.0576740903036153,0.13558180478396095,nan,0.85465
4000,STRUCTURAL_RESCUE__b4000__multidepot__e2-multidepot-100c-01__A8_ROUTE_POOL_RECOMBINATION__seed1,multidepot,e2-multidepot-100c-01,A8_ROUTE_POOL_RECOMBINATION,1,647,random_customer_removal,regret3_insert_repair,False,False,candidate_usable,softmax,sample,647,150,2.8565651420694755,0.3461205124892833,nan,0.854425
4000,STRUCTURAL_RESCUE__b4000__multidepot__e2-multidepot-100c-01__A8_ROUTE_POOL_RECOMBINATION__seed1,multidepot,e2-multidepot-100c-01,A8_ROUTE_POOL_RECOMBINATION,1,648,route_segment_removal,greedy_insert_repair,False,False,unchanged,softmax,sample,648,8,0.2899154057709896,0.01728351718305952,nan,0.8542
4000,STRUCTURAL_RESCUE__b4000__multidepot__e2-multidepot-100c-01__A8_ROUTE_POOL_RECOMBINATION__seed1,multidepot,e2-multidepot-100c-01,A8_ROUTE_POOL_RECOMBINATION,1,649,vehicle_type_swap,regret2_insert_repair,False,False,candidate_usable,softmax,sample,649,163,2.0193996024200755,0.130939414725316,nan,0.8539749999999999
4000,STRUCTURAL_RESCUE__b4000__multidepot__e2-multidepot-100c-01__A8_ROUTE_POOL_RECOMBINATION__seed1,multidepot,e2-multidepot-100c-01,A8_ROUTE_POOL_RECOMBINATION,1,650,shaw_related_removal,regret3_insert_repair,False,False,unchanged,softmax,sample,650,6,0.32210312419498116,0.017967090878775505,nan,0.85375
4000,STRUCTURAL_RESCUE__b4000__multidepot__e2-multidepot-100c-01__A8_ROUTE_POOL_RECOMBINATION__seed1,multidepot,e2-multidepot-100c-01,A8_ROUTE_POOL_RECOMBINATION,1,651,route_segment_removal,regret2_insert_repair,False,False,candidate_usable,softmax,sample,651,31,1.2611506259942131,0.053981136555646694,nan,0.853525
4000,STRUCTURAL_RESCUE__b4000__multidepot__e2-multidepot-100c-01__A8_ROUTE_POOL_RECOMBINATION__seed1,multidepot,e2-multidepot-100c-01,A8_ROUTE_POOL_RECOMBINATION,1,652,vehicle_type_swap,regret2_insert_repair,False,False,candidate_usable,softmax,sample,652,164,2.0075831348834248,0.12972705679397054,nan,0.8533
4000,STRUCTURAL_RESCUE__b4000__multidepot__e2-multidepot-100c-01__A8_ROUTE_POOL_RECOMBINATION__seed1,multidepot,e2-multidepot-100c-01,A8_ROUTE_POOL_RECOMBINATION,1,653,worst_customer_removal,regret3_insert_repair,False,False,candidate_usable,softmax,sample,653,145,2.0440846679008517,0.13564440283506238,nan,0.853075
4000,STRUCTURAL_RESCUE__b4000__multidepot__e2-multidepot-100c-01__A8_ROUTE_POOL_RECOMBINATION__seed1,multidepot,e2-multidepot-100c-01,A8_ROUTE_POOL_RECOMBINATION,1,654,worst_customer_removal,regret3_insert_repair,False,False,candidate_usable,softmax,sample,654,146,2.0306387113539066,0.1338147162304349,nan,0.85285
4000,STRUCTURAL_RESCUE__b4000__multidepot__e2-multidepot-100c-01__A8_ROUTE_POOL_RECOMBINATION__seed1,multidepot,e2-multidepot-100c-01,A8_ROUTE_POOL_RECOMBINATION,1,655,vehicle_type_swap,regret2_insert_repair,False,False,candidate_usable,softmax,sample,655,165,1.9959093965374228,0.12874700833188507,nan,0.852625
4000,STRUCTURAL_RESCUE__b4000__multidepot__e2-multidepot-100c-01__A8_ROUTE_POOL_RECOMBINATION__seed1,multidepot,e2-multidepot-100c-01,A8_ROUTE_POOL_RECOMBINATION,1,656,worst_customer_removal,greedy_insert_repair,False,False,candidate_usable,softmax,sample,656,6,0.3222957219848536,0.018105522878587774,nan,0.8524
4000,STRUCTURAL_RESCUE__b4000__multidepot__e2-multidepot-100c-01__A8_ROUTE_POOL_RECOMBINATION__seed1,multidepot,e2-multidepot-100c-01,A8_ROUTE_POOL_RECOMBINATION,1,657,route_segment_removal,regret2_insert_repair,False,False,unchanged,softmax,sample,657,32,1.2254249014116492,0.052243130292471386,nan,0.852175
4000,STRUCTURAL_RESCUE__b4000__multidepot__e2-multidepot-100c-01__A8_ROUTE_POOL_RECOMBINATION__seed1,multidepot,e2-multidepot-100c-01,A8_ROUTE_POOL_RECOMBINATION,1,658,random_customer_removal,regret3_insert_repair,False,False,candidate_usable,softmax,sample,658,151,2.8382493379966527,0.3475263695903134,nan,0.85195
4000,STRUCTURAL_RESCUE__b4000__multidepot__e2-multidepot-100c-01__A8_ROUTE_POOL_RECOMBINATION__seed1,multidepot,e2-multidepot-100c-01,A8_ROUTE_POOL_RECOMBINATION,1,659,vehicle_type_swap,regret2_insert_repair,False,False,candidate_usable,softmax,sample,659,166,1.984382325020139,0.1285079431719923,nan,0.851725
4000,STRUCTURAL_RESCUE__b4000__multidepot__e2-multidepot-100c-01__A8_ROUTE_POOL_RECOMBINATION__seed1,multidepot,e2-multidepot-100c-01,A8_ROUTE_POOL_RECOMBINATION,1,660,random_customer_removal,regret3_insert_repair,False,False,candidate_usable,softmax,sample,660,152,2.8201123965303867,0.34351511379216554,nan,0.8514999999999999
4000,STRUCTURAL_RESCUE__b4000__multidepot__e2-multidepot-100c-01__A8_ROUTE_POOL_RECOMBINATION__seed1,multidepot,e2-multidepot-100c-01,A8_ROUTE_POOL_RECOMBINATION,1,661,random_customer_removal,regret3_insert_repair,False,False,candidate_usable,softmax,sample,661,153,2.8022052010197442,0.33889295198142455,nan,0.851275
4000,STRUCTURAL_RESCUE__b4000__multidepot__e2-multidepot-100c-01__A8_ROUTE_POOL_RECOMBINATION__seed1,multidepot,e2-multidepot-100c-01,A8_ROUTE_POOL_RECOMBINATION,1,662,random_customer_removal,regret3_insert_repair,True,True,candidate_usable,softmax,sample,662,154,2.7845299754570485,0.3343595519512619,nan,0.85105
4000,STRUCTURAL_RESCUE__b4000__multidepot__e2-multidepot-100c-01__A8_ROUTE_POOL_RECOMBINATION__seed1,multidepot,e2-multidepot-100c-01,A8_ROUTE_POOL_RECOMBINATION,1,663,vehicle_type_swap,regret3_insert_repair,False,False,candidate_usable,softmax,sample,663,6,0.32251803923465705,0.01769321497023829,nan,0.8508249999999999
4000,STRUCTURAL_RESCUE__b4000__multidepot__e2-multidepot-100c-01__A8_ROUTE_POOL_RECOMBINATION__seed1,multidepot,e2-multidepot-100c-01,A8_ROUTE_POOL_RECOMBINATION,1,664,route_segment_removal,regret3_insert_repair,False,False,unchanged,softmax,sample,664,15,0.7502746105342605,0.029251904794492883,nan,0.8506
4000,STRUCTURAL_RESCUE__b4000__multidepot__e2-multidepot-100c-01__A8_ROUTE_POOL_RECOMBINATION__seed1,multidepot,e2-multidepot-100c-01,A8_ROUTE_POOL_RECOMBINATION,1,665,route_segment_removal,regret3_insert_repair,False,False,unchanged,softmax,sample,665,16,0.7124122761042083,0.028003826948168643,nan,0.850375
4000,STRUCTURAL_RESCUE__b4000__multidepot__e2-multidepot-100c-01__A8_ROUTE_POOL_RECOMBINATION__seed1,multidepot,e2-multidepot-100c-01,A8_ROUTE_POOL_RECOMBINATION,1,666,random_customer_removal,regret3_insert_repair,False,False,candidate_usable,softmax,sample,666,155,2.895811932747539,0.3655169821563415,nan,0.85015
4000,STRUCTURAL_RESCUE__b4000__multidepot__e2-multidepot-100c-01__A8_ROUTE_POOL_RECOMBINATION__seed1,multidepot,e2-multidepot-100c-01,A8_ROUTE_POOL_RECOMBINATION,1,667,random_customer_removal,regret3_insert_repair,False,False,candidate_usable,softmax,sample,667,156,2.877762151946118,0.3607209577526502,nan,0.849925
4000,STRUCTURAL_RESCUE__b4000__multidepot__e2-multidepot-100c-01__A8_ROUTE_POOL_RECOMBINATION__seed1,multidepot,e2-multidepot-100c-01,A8_ROUTE_POOL_RECOMBINATION,1,668,random_customer_removal,regret2_insert_repair,False,False,candidate_usable,softmax,sample,668,22,1.2845196766926725,0.05574970494430808,nan,0.8497
4000,STRUCTURAL_RESCUE__b4000__multidepot__e2-multidepot-100c-01__A8_ROUTE_POOL_RECOMBINATION__seed1,multidepot,e2-multidepot-100c-01,A8_ROUTE_POOL_RECOMBINATION,1,669,random_customer_removal,greedy_insert_repair,False,False,unchanged,softmax,sample,669,8,0.2905046123352595,0.017352734294477597,nan,0.849475
4000,STRUCTURAL_RESCUE__b4000__multidepot__e2-multidepot-100c-01__A8_ROUTE_POOL_RECOMBINATION__seed1,multidepot,e2-multidepot-100c-01,A8_ROUTE_POOL_RECOMBINATION,1,670,route_segment_removal,regret2_insert_repair,True,False,candidate_usable,softmax,sample,670,33,1.1919345996072128,0.05014672224480941,nan,0.84925
4000,STRUCTURAL_RESCUE__b4000__multidepot__e2-multidepot-100c-01__A8_ROUTE_POOL_RECOMBINATION__seed1,multidepot,e2-multidepot-100c-01,A8_ROUTE_POOL_RECOMBINATION,1,671,random_customer_removal,regret3_insert_repair,False,False,candidate_usable,softmax,sample,671,157,2.8599614740908077,0.3570398510964485,nan,0.8490249999999999
4000,STRUCTURAL_RESCUE__b4000__multidepot__e2-multidepot-100c-01__A8_ROUTE_POOL_RECOMBINATION__seed1,multidepot,e2-multidepot-100c-01,A8_ROUTE_POOL_RECOMBINATION,1,672,random_customer_removal,regret3_insert_repair,True,False,candidate_usable,softmax,sample,672,158,2.8423659904811722,0.35240693952285934,nan,0.8488
4000,STRUCTURAL_RESCUE__b4000__multidepot__e2-multidepot-100c-01__A8_ROUTE_POOL_RECOMBINATION__seed1,multidepot,e2-multidepot-100c-01,A8_ROUTE_POOL_RECOMBINATION,1,673,random_customer_removal,greedy_insert_repair,False,False,unchanged,softmax,sample,673,9,0.27826703854761525,0.01721130072747095,nan,0.848575
4000,STRUCTURAL_RESCUE__b4000__multidepot__e2-multidepot-100c-01__A8_ROUTE_POOL_RECOMBINATION__seed1,multidepot,e2-multidepot-100c-01,A8_ROUTE_POOL_RECOMBINATION,1,674,route_segment_removal,regret3_insert_repair,False,False,unchanged,softmax,sample,674,17,0.6789830975415063,0.0275951084477481,nan,0.8483499999999999
4000,STRUCTURAL_RESCUE__b4000__multidepot__e2-multidepot-100c-01__A8_ROUTE_POOL_RECOMBINATION__seed1,multidepot,e2-multidepot-100c-01,A8_ROUTE_POOL_RECOMBINATION,1,675,random_customer_removal,greedy_insert_repair,False,False,unchanged,softmax,sample,675,10,0.2676935807471003,0.01700137958124568,nan,0.848125
4000,STRUCTURAL_RESCUE__b4000__multidepot__e2-multidepot-100c-01__A8_ROUTE_POOL_RECOMBINATION__seed1,multidepot,e2-multidepot-100c-01,A8_ROUTE_POOL_RECOMBINATION,1,676,worst_customer_removal,greedy_insert_repair,False,False,unchanged,softmax,sample,676,7,0.30529730262798066,0.017766863616665234,nan,0.8479
4000,STRUCTURAL_RESCUE__b4000__multidepot__e2-multidepot-100c-01__A8_ROUTE_POOL_RECOMBINATION__seed1,multidepot,e2-multidepot-100c-01,A8_ROUTE_POOL_RECOMBINATION,1,677,whole_route_removal,regret3_insert_repair,False,False,candidate_usable,softmax,sample,677,44,1.1974277094080668,0.05088664232073797,nan,0.847675
4000,STRUCTURAL_RESCUE__b4000__multidepot__e2-multidepot-100c-01__A8_ROUTE_POOL_RECOMBINATION__seed1,multidepot,e2-multidepot-100c-01,A8_ROUTE_POOL_RECOMBINATION,1,678,worst_customer_removal,regret3_insert_repair,False,False,candidate_usable,softmax,sample,678,147,2.017532112936439,0.13409757180799758,nan,0.84745
4000,STRUCTURAL_RESCUE__b4000__multidepot__e2-multidepot-100c-01__A8_ROUTE_POOL_RECOMBINATION__seed1,multidepot,e2-multidepot-100c-01,A8_ROUTE_POOL_RECOMBINATION,1,679,worst_customer_removal,regret3_insert_repair,False,False,candidate_usable,softmax,sample,679,148,2.0044462349093446,0.1323215292920832,nan,0.847225
4000,STRUCTURAL_RESCUE__b4000__multidepot__e2-multidepot-100c-01__A8_ROUTE_POOL_RECOMBINATION__seed1,multidepot,e2-multidepot-100c-01,A8_ROUTE_POOL_RECOMBINATION,1,680,worst_customer_removal,regret3_insert_repair,True,False,candidate_usable,softmax,sample,680,149,1.9915353610425972,0.1305879830799361,nan,0.847
4000,STRUCTURAL_RESCUE__b4000__multidepot__e2-multidepot-100c-01__A8_ROUTE_POOL_RECOMBINATION__seed1,multidepot,e2-multidepot-100c-01,A8_ROUTE_POOL_RECOMBINATION,1,681,random_customer_removal,greedy_insert_repair,False,False,candidate_usable,softmax,sample,681,11,0.2585670101405215,0.01686944615786596,nan,0.8467749999999999
4000,STRUCTURAL_RESCUE__b4000__multidepot__e2-multidepot-100c-01__A8_ROUTE_POOL_RECOMBINATION__seed1,multidepot,e2-multidepot-100c-01,A8_ROUTE_POOL_RECOMBINATION,1,682,random_customer_removal,regret3_insert_repair,True,False,candidate_usable,softmax,sample,682,159,2.837313519987172,0.3547285468865076,nan,0.84655
4000,STRUCTURAL_RESCUE__b4000__multidepot__e2-multidepot-100c-01__A8_ROUTE_POOL_RECOMBINATION__seed1,multidepot,e2-multidepot-100c-01,A8_ROUTE_POOL_RECOMBINATION,1,683,random_customer_removal,regret3_insert_repair,True,False,candidate_usable,softmax,sample,683,160,2.8322660406939475,0.353476299890093,nan,0.846325
4000,STRUCTURAL_RESCUE__b4000__multidepot__e2-multidepot-100c-01__A8_ROUTE_POOL_RECOMBINATION__seed1,multidepot,e2-multidepot-100c-01,A8_ROUTE_POOL_RECOMBINATION,1,684,whole_route_removal,regret3_insert_repair,False,False,candidate_usable,softmax,sample,684,45,1.1732289068038952,0.04986931896674123,nan,0.8461
4000,STRUCTURAL_RESCUE__b4000__multidepot__e2-multidepot-100c-01__A8_ROUTE_POOL_RECOMBINATION__seed1,multidepot,e2-multidepot-100c-01,A8_ROUTE_POOL_RECOMBINATION,1,685,random_customer_removal,regret3_insert_repair,True,False,candidate_usable,softmax,sample,685,161,2.8272870762588562,0.35283158423543853,nan,0.8458749999999999
4000,STRUCTURAL_RESCUE__b4000__multidepot__e2-multidepot-100c-01__A8_ROUTE_POOL_RECOMBINATION__seed1,multidepot,e2-multidepot-100c-01,A8_ROUTE_POOL_RECOMBINATION,1,686,route_segment_removal,regret3_insert_repair,False,False,unchanged,softmax,sample,686,18,0.6491783376021876,0.026915305294674986,nan,0.84565
4000,STRUCTURAL_RESCUE__b4000__multidepot__e2-multidepot-100c-01__A8_ROUTE_POOL_RECOMBINATION__seed1,multidepot,e2-multidepot-100c-01,A8_ROUTE_POOL_RECOMBINATION,1,687,random_customer_removal,regret3_insert_repair,True,False,candidate_usable,softmax,sample,687,162,2.822369068703172,0.3520242742882656,nan,0.845425
4000,STRUCTURAL_RESCUE__b4000__multidepot__e2-multidepot-100c-01__A8_ROUTE_POOL_RECOMBINATION__seed1,multidepot,e2-multidepot-100c-01,A8_ROUTE_POOL_RECOMBINATION,1,688,random_customer_removal,regret3_insert_repair,True,True,candidate_usable,softmax,sample,688,163,2.8175046359681204,0.3508232545208472,nan,0.8452
4000,STRUCTURAL_RESCUE__b4000__multidepot__e2-multidepot-100c-01__A8_ROUTE_POOL_RECOMBINATION__seed1,multidepot,e2-multidepot-100c-01,A8_ROUTE_POOL_RECOMBINATION,1,689,route_segment_removal,greedy_insert_repair,False,False,unchanged,softmax,sample,689,9,0.2786777924957525,0.016620116707963872,nan,0.844975
4000,STRUCTURAL_RESCUE__b4000__multidepot__e2-multidepot-100c-01__A8_ROUTE_POOL_RECOMBINATION__seed1,multidepot,e2-multidepot-100c-01,A8_ROUTE_POOL_RECOMBINATION,1,690,shaw_related_removal,greedy_insert_repair,False,False,candidate_usable,softmax,sample,690,4,0.3734350586752814,0.018587306615723477,nan,0.84475
4000,STRUCTURAL_RESCUE__b4000__multidepot__e2-multidepot-100c-01__A8_ROUTE_POOL_RECOMBINATION__seed1,multidepot,e2-multidepot-100c-01,A8_ROUTE_POOL_RECOMBINATION,1,691,whole_route_removal,regret3_insert_repair,False,False,candidate_usable,softmax,sample,691,46,1.1500697677065452,0.04662863326494418,nan,0.844525
4000,STRUCTURAL_RESCUE__b4000__multidepot__e2-multidepot-100c-01__A8_ROUTE_POOL_RECOMBINATION__seed1,multidepot,e2-multidepot-100c-01,A8_ROUTE_POOL_RECOMBINATION,1,692,random_customer_removal,regret3_insert_repair,False,False,candidate_usable,softmax,sample,692,164,2.9224737963686285,0.38086569507769713,nan,0.8443
4000,STRUCTURAL_RESCUE__b4000__multidepot__e2-multidepot-100c-01__A8_ROUTE_POOL_RECOMBINATION__seed1,multidepot,e2-multidepot-100c-01,A8_ROUTE_POOL_RECOMBINATION,1,693,random_customer_removal,regret2_insert_repair,False,False,candidate_usable,softmax,sample,693,23,1.2346326534204424,0.05198020085997337,nan,0.844075
4000,STRUCTURAL_RESCUE__b4000__multidepot__e2-multidepot-100c-01__A8_ROUTE_POOL_RECOMBINATION__seed1,multidepot,e2-multidepot-100c-01,A8_ROUTE_POOL_RECOMBINATION,1,694,random_customer_removal,regret3_insert_repair,False,False,candidate_usable,softmax,sample,694,165,2.905248655268035,0.37735259091220236,nan,0.84385
4000,STRUCTURAL_RESCUE__b4000__multidepot__e2-multidepot-100c-01__A8_ROUTE_POOL_RECOMBINATION__seed1,multidepot,e2-multidepot-100c-01,A8_ROUTE_POOL_RECOMBINATION,1,695,random_customer_removal,regret3_insert_repair,False,False,candidate_usable,softmax,sample,695,166,2.8882244230116747,0.3727436201088523,nan,0.8436250000000001
4000,STRUCTURAL_RESCUE__b4000__multidepot__e2-multidepot-100c-01__A8_ROUTE_POOL_RECOMBINATION__seed1,multidepot,e2-multidepot-100c-01,A8_ROUTE_POOL_RECOMBINATION,1,696,route_segment_removal,regret3_insert_repair,False,False,unchanged,softmax,sample,696,19,0.6223507318800073,0.025585011770351405,nan,0.8434
4000,STRUCTURAL_RESCUE__b4000__multidepot__e2-multidepot-100c-01__A8_ROUTE_POOL_RECOMBINATION__seed1,multidepot,e2-multidepot-100c-01,A8_ROUTE_POOL_RECOMBINATION,1,697,whole_route_removal,greedy_insert_repair,False,False,candidate_usable,softmax,sample,697,9,0.49554600785345637,0.02202003662102108,nan,0.843175
4000,STRUCTURAL_RESCUE__b4000__multidepot__e2-multidepot-100c-01__A8_ROUTE_POOL_RECOMBINATION__seed1,multidepot,e2-multidepot-100c-01,A8_ROUTE_POOL_RECOMBINATION,1,698,random_customer_removal,regret3_insert_repair,False,False,candidate_usable,softmax,sample,698,167,2.8714158076335097,0.3690247668198998,nan,0.84295
4000,STRUCTURAL_RESCUE__b4000__multidepot__e2-multidepot-100c-01__A8_ROUTE_POOL_RECOMBINATION__seed1,multidepot,e2-multidepot-100c-01,A8_ROUTE_POOL_RECOMBINATION,1,699,vehicle_type_swap,regret2_insert_repair,False,False,candidate_usable,softmax,sample,699,167,1.973218309345289,0.12807210563946367,nan,0.842725
4000,STRUCTURAL_RESCUE__b4000__multidepot__e2-multidepot-100c-01__A8_ROUTE_POOL_RECOMBINATION__seed1,multidepot,e2-multidepot-100c-01,A8_ROUTE_POOL_RECOMBINATION,1,700,route_segment_removal,regret3_insert_repair,True,True,candidate_usable,softmax,sample,700,20,0.597993464446321,0.0250787405430162,nan,0.8425
4000,STRUCTURAL_RESCUE__b4000__multidepot__e2-multidepot-100c-01__A8_ROUTE_POOL_RECOMBINATION__seed1,multidepot,e2-multidepot-100c-01,A8_ROUTE_POOL_RECOMBINATION,1,701,route_segment_removal,regret2_insert_repair,False,False,unchanged,softmax,sample,701,34,1.2179827580849754,0.049828079011724584,nan,0.842275
4000,STRUCTURAL_RESCUE__b4000__multidepot__e2-multidepot-100c-01__A8_ROUTE_POOL_RECOMBINATION__seed1,multidepot,e2-multidepot-100c-01,A8_ROUTE_POOL_RECOMBINATION,1,702,route_segment_removal,greedy_insert_repair,False,False,unchanged,softmax,sample,702,10,0.268346794914723,0.016158434080565585,nan,0.84205
4000,STRUCTURAL_RESCUE__b4000__multidepot__e2-multidepot-100c-01__A8_ROUTE_POOL_RECOMBINATION__seed1,multidepot,e2-multidepot-100c-01,A8_ROUTE_POOL_RECOMBINATION,1,703,vehicle_type_swap,regret2_insert_repair,False,False,candidate_usable,softmax,sample,703,168,1.9619617618217449,0.12077747709355302,nan,0.841825
4000,STRUCTURAL_RESCUE__b4000__multidepot__e2-multidepot-100c-01__A8_ROUTE_POOL_RECOMBINATION__seed1,multidepot,e2-multidepot-100c-01,A8_ROUTE_POOL_RECOMBINATION,1,704,route_segment_removal,greedy_insert_repair,False,False,unchanged,softmax,sample,704,11,0.25909643393758564,0.015993849931958654,nan,0.8416
4000,STRUCTURAL_RESCUE__b4000__multidepot__e2-multidepot-100c-01__A8_ROUTE_POOL_RECOMBINATION__seed1,multidepot,e2-multidepot-100c-01,A8_ROUTE_POOL_RECOMBINATION,1,705,route_segment_removal,regret3_insert_repair,False,False,candidate_usable,softmax,sample,705,21,1.5258732097885912,0.07205662466509555,nan,0.841375
4000,STRUCTURAL_RESCUE__b4000__multidepot__e2-multidepot-100c-01__A8_ROUTE_POOL_RECOMBINATION__seed1,multidepot,e2-multidepot-100c-01,A8_ROUTE_POOL_RECOMBINATION,1,706,vehicle_type_swap,regret2_insert_repair,False,False,candidate_usable,softmax,sample,706,169,1.9508319436311283,0.12003766950739374,nan,0.8411500000000001
4000,STRUCTURAL_RESCUE__b4000__multidepot__e2-multidepot-100c-01__A8_ROUTE_POOL_RECOMBINATION__seed1,multidepot,e2-multidepot-100c-01,A8_ROUTE_POOL_RECOMBINATION,1,707,whole_route_removal,regret2_insert_repair,False,False,unchanged,softmax,sample,707,10,0.4634647938134525,0.020505024850006652,nan,0.840925
4000,STRUCTURAL_RESCUE__b4000__multidepot__e2-multidepot-100c-01__A8_ROUTE_POOL_RECOMBINATION__seed1,multidepot,e2-multidepot-100c-01,A8_ROUTE_POOL_RECOMBINATION,1,708,random_customer_removal,regret3_insert_repair,False,False,candidate_usable,softmax,sample,708,168,2.854848963289423,0.3526194316874295,nan,0.8407
4000,STRUCTURAL_RESCUE__b4000__multidepot__e2-multidepot-100c-01__A8_ROUTE_POOL_RECOMBINATION__seed1,multidepot,e2-multidepot-100c-01,A8_ROUTE_POOL_RECOMBINATION,1,709,random_customer_removal,regret3_insert_repair,True,False,candidate_usable,softmax,sample,709,169,2.8384238354947424,0.34828299777930777,nan,0.840475
4000,STRUCTURAL_RESCUE__b4000__multidepot__e2-multidepot-100c-01__A8_ROUTE_POOL_RECOMBINATION__seed1,multidepot,e2-multidepot-100c-01,A8_ROUTE_POOL_RECOMBINATION,1,710,random_customer_removal,regret3_insert_repair,False,False,candidate_usable,softmax,sample,710,170,2.833662069709775,0.34710826894200114,nan,0.8402499999999999
4000,STRUCTURAL_RESCUE__b4000__multidepot__e2-multidepot-100c-01__A8_ROUTE_POOL_RECOMBINATION__seed1,multidepot,e2-multidepot-100c-01,A8_ROUTE_POOL_RECOMBINATION,1,711,vehicle_type_swap,regret2_insert_repair,False,False,candidate_usable,softmax,sample,711,170,1.9398444715475653,0.12060668237643704,nan,0.840025
4000,STRUCTURAL_RESCUE__b4000__multidepot__e2-multidepot-100c-01__A8_ROUTE_POOL_RECOMBINATION__seed1,multidepot,e2-multidepot-100c-01,A8_ROUTE_POOL_RECOMBINATION,1,712,random_customer_removal,greedy_insert_repair,False,False,candidate_usable,softmax,sample,712,12,0.25106610348783376,0.016170593944001818,nan,0.8398
4000,STRUCTURAL_RESCUE__b4000__multidepot__e2-multidepot-100c-01__A8_ROUTE_POOL_RECOMBINATION__seed1,multidepot,e2-multidepot-100c-01,A8_ROUTE_POOL_RECOMBINATION,1,713,random_customer_removal,regret3_insert_repair,False,False,candidate_usable,softmax,sample,713,171,2.8175638333014223,0.34368694349179135,nan,0.839575
4000,STRUCTURAL_RESCUE__b4000__multidepot__e2-multidepot-100c-01__A8_ROUTE_POOL_RECOMBINATION__seed1,multidepot,e2-multidepot-100c-01,A8_ROUTE_POOL_RECOMBINATION,1,714,vehicle_type_swap,regret2_insert_repair,False,False,candidate_usable,softmax,sample,714,171,1.9289732293388606,0.12004475490245228,nan,0.83935
4000,STRUCTURAL_RESCUE__b4000__multidepot__e2-multidepot-100c-01__A8_ROUTE_POOL_RECOMBINATION__seed1,multidepot,e2-multidepot-100c-01,A8_ROUTE_POOL_RECOMBINATION,1,715,random_customer_removal,regret3_insert_repair,False,False,candidate_usable,softmax,sample,715,172,2.8016464816777926,0.34015808392154834,nan,0.839125
4000,STRUCTURAL_RESCUE__b4000__multidepot__e2-multidepot-100c-01__A8_ROUTE_POOL_RECOMBINATION__seed1,multidepot,e2-multidepot-100c-01,A8_ROUTE_POOL_RECOMBINATION,1,716,whole_route_removal,regret3_insert_repair,False,False,candidate_usable,softmax,sample,716,47,1.1280869173713355,0.04657790622372281,nan,0.8389
4000,STRUCTURAL_RESCUE__b4000__multidepot__e2-multidepot-100c-01__A8_ROUTE_POOL_RECOMBINATION__seed1,multidepot,e2-multidepot-100c-01,A8_ROUTE_POOL_RECOMBINATION,1,717,random_customer_removal,regret2_insert_repair,False,False,candidate_usable,softmax,sample,717,24,1.1888179241629744,0.05012367235914462,nan,0.8386750000000001
4000,STRUCTURAL_RESCUE__b4000__multidepot__e2-multidepot-100c-01__A8_ROUTE_POOL_RECOMBINATION__seed1,multidepot,e2-multidepot-100c-01,A8_ROUTE_POOL_RECOMBINATION,1,718,whole_route_removal,regret3_insert_repair,False,False,candidate_usable,softmax,sample,718,48,1.1067559098772808,0.045554334885456294,nan,0.83845
4000,STRUCTURAL_RESCUE__b4000__multidepot__e2-multidepot-100c-01__A8_ROUTE_POOL_RECOMBINATION__seed1,multidepot,e2-multidepot-100c-01,A8_ROUTE_POOL_RECOMBINATION,1,719,route_segment_removal,regret3_insert_repair,True,False,candidate_usable,softmax,sample,719,22,1.4626393847232935,0.06971044249604652,nan,0.838225
4000,STRUCTURAL_RESCUE__b4000__multidepot__e2-multidepot-100c-01__A8_ROUTE_POOL_RECOMBINATION__seed1,multidepot,e2-multidepot-100c-01,A8_ROUTE_POOL_RECOMBINATION,1,720,vehicle_type_swap,regret2_insert_repair,False,False,candidate_usable,softmax,sample,720,172,1.918245424582467,0.11978082176550967,nan,0.838
4000,STRUCTURAL_RESCUE__b4000__multidepot__e2-multidepot-100c-01__A8_ROUTE_POOL_RECOMBINATION__seed1,multidepot,e2-multidepot-100c-01,A8_ROUTE_POOL_RECOMBINATION,1,721,random_customer_removal,regret3_insert_repair,True,False,candidate_usable,softmax,sample,721,173,2.78593593123671,0.3379573673870665,nan,0.8377749999999999
4000,STRUCTURAL_RESCUE__b4000__multidepot__e2-multidepot-100c-01__A8_ROUTE_POOL_RECOMBINATION__seed1,multidepot,e2-multidepot-100c-01,A8_ROUTE_POOL_RECOMBINATION,1,722,whole_route_removal,regret3_insert_repair,False,False,candidate_usable,softmax,sample,722,49,1.086306089716058,0.044509473895478074,nan,0.83755
4000,STRUCTURAL_RESCUE__b4000__multidepot__e2-multidepot-100c-01__A8_ROUTE_POOL_RECOMBINATION__seed1,multidepot,e2-multidepot-100c-01,A8_ROUTE_POOL_RECOMBINATION,1,723,route_segment_removal,regret3_insert_repair,False,False,unchanged,softmax,sample,723,23,1.4894573249857976,0.07209476725958887,nan,0.837325
4000,STRUCTURAL_RESCUE__b4000__multidepot__e2-multidepot-100c-01__A8_ROUTE_POOL_RECOMBINATION__seed1,multidepot,e2-multidepot-100c-01,A8_ROUTE_POOL_RECOMBINATION,1,724,random_customer_removal,regret3_insert_repair,False,False,candidate_usable,softmax,sample,724,174,2.7815950895168613,0.33907082489347845,nan,0.8371
4000,STRUCTURAL_RESCUE__b4000__multidepot__e2-multidepot-100c-01__A8_ROUTE_POOL_RECOMBINATION__seed1,multidepot,e2-multidepot-100c-01,A8_ROUTE_POOL_RECOMBINATION,1,725,worst_customer_removal,regret3_insert_repair,True,True,candidate_usable,softmax,sample,725,150,1.99207700672078,0.13286530818493777,nan,0.836875
4000,STRUCTURAL_RESCUE__b4000__multidepot__e2-multidepot-100c-01__A8_ROUTE_POOL_RECOMBINATION__seed1,multidepot,e2-multidepot-100c-01,A8_ROUTE_POOL_RECOMBINATION,1,726,random_customer_removal,regret3_insert_repair,True,False,candidate_usable,softmax,sample,726,175,2.766154859268125,0.32846303444698854,nan,0.83665
4000,STRUCTURAL_RESCUE__b4000__multidepot__e2-multidepot-100c-01__A8_ROUTE_POOL_RECOMBINATION__seed1,multidepot,e2-multidepot-100c-01,A8_ROUTE_POOL_RECOMBINATION,1,727,worst_customer_removal,regret3_insert_repair,True,True,candidate_usable,softmax,sample,727,151,2.111543654079242,0.15046745245074525,nan,0.836425
4000,STRUCTURAL_RESCUE__b4000__multidepot__e2-multidepot-100c-01__A8_ROUTE_POOL_RECOMBINATION__seed1,multidepot,e2-multidepot-100c-01,A8_ROUTE_POOL_RECOMBINATION,1,728,route_segment_removal,regret2_insert_repair,False,False,unchanged,softmax,sample,728,35,1.1867438847754574,0.04868455946204381,nan,0.8362
4000,STRUCTURAL_RESCUE__b4000__multidepot__e2-multidepot-100c-01__A8_ROUTE_POOL_RECOMBINATION__seed1,multidepot,e2-multidepot-100c-01,A8_ROUTE_POOL_RECOMBINATION,1,729,route_segment_removal,regret3_insert_repair,False,False,unchanged,softmax,sample,729,24,1.4327506196518824,0.06544022632234645,nan,0.835975
4000,STRUCTURAL_RESCUE__b4000__multidepot__e2-multidepot-100c-01__A8_ROUTE_POOL_RECOMBINATION__seed1,multidepot,e2-multidepot-100c-01,A8_ROUTE_POOL_RECOMBINATION,1,730,random_customer_removal,regret3_insert_repair,True,True,candidate_usable,softmax,sample,730,176,2.7619805561618933,0.32228914205479364,nan,0.83575
4000,STRUCTURAL_RESCUE__b4000__multidepot__e2-multidepot-100c-01__A8_ROUTE_POOL_RECOMBINATION__seed1,multidepot,e2-multidepot-100c-01,A8_ROUTE_POOL_RECOMBINATION,1,731,random_customer_removal,regret3_insert_repair,True,False,candidate_usable,softmax,sample,731,177,2.8595310104336003,0.34840117794939457,nan,0.835525
4000,STRUCTURAL_RESCUE__b4000__multidepot__e2-multidepot-100c-01__A8_ROUTE_POOL_RECOMBINATION__seed1,multidepot,e2-multidepot-100c-01,A8_ROUTE_POOL_RECOMBINATION,1,732,vehicle_type_swap,regret2_insert_repair,False,False,candidate_usable,softmax,sample,732,173,1.9076753826880826,0.11172848077465786,nan,0.8352999999999999
4000,STRUCTURAL_RESCUE__b4000__multidepot__e2-multidepot-100c-01__A8_ROUTE_POOL_RECOMBINATION__seed1,multidepot,e2-multidepot-100c-01,A8_ROUTE_POOL_RECOMBINATION,1,733,worst_customer_removal,regret3_insert_repair,False,False,candidate_usable,softmax,sample,733,152,2.229462094124965,0.16448366380439794,nan,0.835075
4000,STRUCTURAL_RESCUE__b4000__multidepot__e2-multidepot-100c-01__A8_ROUTE_POOL_RECOMBINATION__seed1,multidepot,e2-multidepot-100c-01,A8_ROUTE_POOL_RECOMBINATION,1,734,whole_route_removal,regret2_insert_repair,True,False,candidate_usable,softmax,sample,734,11,0.4370324389940654,0.019272099755722673,nan,0.83485
4000,STRUCTURAL_RESCUE__b4000__multidepot__e2-multidepot-100c-01__A8_ROUTE_POOL_RECOMBINATION__seed1,multidepot,e2-multidepot-100c-01,A8_ROUTE_POOL_RECOMBINATION,1,735,whole_route_removal,regret3_insert_repair,False,False,candidate_usable,softmax,sample,735,50,1.0667588854816925,0.04082074720962281,nan,0.834625
4000,STRUCTURAL_RESCUE__b4000__multidepot__e2-multidepot-100c-01__A8_ROUTE_POOL_RECOMBINATION__seed1,multidepot,e2-multidepot-100c-01,A8_ROUTE_POOL_RECOMBINATION,1,736,worst_customer_removal,regret3_insert_repair,True,False,candidate_usable,softmax,sample,736,153,2.2154282280052207,0.1618190692422975,nan,0.8344
4000,STRUCTURAL_RESCUE__b4000__multidepot__e2-multidepot-100c-01__A8_ROUTE_POOL_RECOMBINATION__seed1,multidepot,e2-multidepot-100c-01,A8_ROUTE_POOL_RECOMBINATION,1,737,vehicle_type_swap,regret2_insert_repair,False,False,candidate_usable,softmax,sample,737,174,1.897186313093085,0.11053264119515396,nan,0.834175
4000,STRUCTURAL_RESCUE__b4000__multidepot__e2-multidepot-100c-01__A8_ROUTE_POOL_RECOMBINATION__seed1,multidepot,e2-multidepot-100c-01,A8_ROUTE_POOL_RECOMBINATION,1,738,worst_customer_removal,regret3_insert_repair,False,False,candidate_usable,softmax,sample,738,154,2.214232391163579,0.16187999861366986,nan,0.83395
4000,STRUCTURAL_RESCUE__b4000__multidepot__e2-multidepot-100c-01__A8_ROUTE_POOL_RECOMBINATION__seed1,multidepot,e2-multidepot-100c-01,A8_ROUTE_POOL_RECOMBINATION,1,739,whole_route_removal,regret3_insert_repair,False,False,candidate_usable,softmax,sample,739,51,1.0478758717382106,0.040070646381948016,nan,0.833725
4000,STRUCTURAL_RESCUE__b4000__multidepot__e2-multidepot-100c-01__A8_ROUTE_POOL_RECOMBINATION__seed1,multidepot,e2-multidepot-100c-01,A8_ROUTE_POOL_RECOMBINATION,1,740,vehicle_type_swap,regret2_insert_repair,False,False,candidate_usable,softmax,sample,740,175,1.8868054435969892,0.10970011435953679,nan,0.8335
4000,STRUCTURAL_RESCUE__b4000__multidepot__e2-multidepot-100c-01__A8_ROUTE_POOL_RECOMBINATION__seed1,multidepot,e2-multidepot-100c-01,A8_ROUTE_POOL_RECOMBINATION,1,741,vehicle_type_swap,regret2_insert_repair,False,False,candidate_usable,softmax,sample,741,176,1.8765309831499521,0.10850149360467169,nan,0.833275
4000,STRUCTURAL_RESCUE__b4000__multidepot__e2-multidepot-100c-01__A8_ROUTE_POOL_RECOMBINATION__seed1,multidepot,e2-multidepot-100c-01,A8_ROUTE_POOL_RECOMBINATION,1,742,route_segment_removal,regret3_insert_repair,True,False,candidate_usable,softmax,sample,742,25,1.38062048665783,0.05990622290352338,nan,0.83305
4000,STRUCTURAL_RESCUE__b4000__multidepot__e2-multidepot-100c-01__A8_ROUTE_POOL_RECOMBINATION__seed1,multidepot,e2-multidepot-100c-01,A8_ROUTE_POOL_RECOMBINATION,1,743,vehicle_type_swap,regret2_insert_repair,False,False,candidate_usable,softmax,sample,743,177,1.8663777430918052,0.10711831255985836,nan,0.832825
4000,STRUCTURAL_RESCUE__b4000__multidepot__e2-multidepot-100c-01__A8_ROUTE_POOL_RECOMBINATION__seed1,multidepot,e2-multidepot-100c-01,A8_ROUTE_POOL_RECOMBINATION,1,744,random_customer_removal,regret3_insert_repair,False,False,unchanged,softmax,sample,744,178,2.854928170116331,0.35160797616168704,nan,0.8326
4000,STRUCTURAL_RESCUE__b4000__multidepot__e2-multidepot-100c-01__A8_ROUTE_POOL_RECOMBINATION__seed1,multidepot,e2-multidepot-100c-01,A8_ROUTE_POOL_RECOMBINATION,1,745,worst_customer_removal,regret3_insert_repair,True,False,candidate_usable,softmax,sample,745,155,2.200500377094396,0.16127796822396076,nan,0.832375
4000,STRUCTURAL_RESCUE__b4000__multidepot__e2-multidepot-100c-01__A8_ROUTE_POOL_RECOMBINATION__seed1,multidepot,e2-multidepot-100c-01,A8_ROUTE_POOL_RECOMBINATION,1,746,random_customer_removal,regret2_insert_repair,False,False,candidate_usable,softmax,sample,746,25,1.1466783923604507,0.04547039319446854,nan,0.83215
4000,STRUCTURAL_RESCUE__b4000__multidepot__e2-multidepot-100c-01__A8_ROUTE_POOL_RECOMBINATION__seed1,multidepot,e2-multidepot-100c-01,A8_ROUTE_POOL_RECOMBINATION,1,747,random_customer_removal,regret3_insert_repair,False,False,candidate_usable,softmax,sample,747,179,2.8394271450320425,0.3485086820643946,nan,0.831925
4000,STRUCTURAL_RESCUE__b4000__multidepot__e2-multidepot-100c-01__A8_ROUTE_POOL_RECOMBINATION__seed1,multidepot,e2-multidepot-100c-01,A8_ROUTE_POOL_RECOMBINATION,1,748,shaw_related_removal,regret3_insert_repair,False,False,unchanged,softmax,sample,748,7,0.3072691000395737,0.016706733806597276,nan,0.8317
4000,STRUCTURAL_RESCUE__b4000__multidepot__e2-multidepot-100c-01__A8_ROUTE_POOL_RECOMBINATION__seed1,multidepot,e2-multidepot-100c-01,A8_ROUTE_POOL_RECOMBINATION,1,749,random_customer_removal,regret3_insert_repair,False,False,candidate_usable,softmax,sample,749,180,2.824092506017995,0.3446519086223312,nan,0.831475
4000,STRUCTURAL_RESCUE__b4000__multidepot__e2-multidepot-100c-01__A8_ROUTE_POOL_RECOMBINATION__seed1,multidepot,e2-multidepot-100c-01,A8_ROUTE_POOL_RECOMBINATION,1,750,route_segment_removal,regret2_insert_repair,False,False,unchanged,softmax,sample,750,36,1.1571517979830264,0.046700763286804024,nan,0.83125
4000,STRUCTURAL_RESCUE__b4000__multidepot__e2-multidepot-100c-01__A8_ROUTE_POOL_RECOMBINATION__seed1,multidepot,e2-multidepot-100c-01,A8_ROUTE_POOL_RECOMBINATION,1,751,route_segment_removal,regret2_insert_repair,True,True,candidate_usable,softmax,sample,751,37,1.1288896098700099,0.04519952131818314,nan,0.831025
4000,STRUCTURAL_RESCUE__b4000__multidepot__e2-multidepot-100c-01__A8_ROUTE_POOL_RECOMBINATION__seed1,multidepot,e2-multidepot-100c-01,A8_ROUTE_POOL_RECOMBINATION,1,752,random_customer_removal,regret3_insert_repair,False,False,candidate_usable,softmax,sample,752,181,2.8089323332814855,0.32917766466287407,nan,0.8308
4000,STRUCTURAL_RESCUE__b4000__multidepot__e2-multidepot-100c-01__A8_ROUTE_POOL_RECOMBINATION__seed1,multidepot,e2-multidepot-100c-01,A8_ROUTE_POOL_RECOMBINATION,1,753,random_customer_removal,regret3_insert_repair,False,False,candidate_usable,softmax,sample,753,182,2.7939276045762864,0.3253013776756335,nan,0.8305750000000001
4000,STRUCTURAL_RESCUE__b4000__multidepot__e2-multidepot-100c-01__A8_ROUTE_POOL_RECOMBINATION__seed1,multidepot,e2-multidepot-100c-01,A8_ROUTE_POOL_RECOMBINATION,1,754,shaw_related_removal,regret2_insert_repair,False,False,unchanged,softmax,sample,754,9,0.2802471324338095,0.01585658505093131,nan,0.83035
4000,STRUCTURAL_RESCUE__b4000__multidepot__e2-multidepot-100c-01__A8_ROUTE_POOL_RECOMBINATION__seed1,multidepot,e2-multidepot-100c-01,A8_ROUTE_POOL_RECOMBINATION,1,755,random_customer_removal,regret3_insert_repair,True,False,candidate_usable,softmax,sample,755,183,2.7790918360290497,0.32165446252806545,nan,0.830125
4000,STRUCTURAL_RESCUE__b4000__multidepot__e2-multidepot-100c-01__A8_ROUTE_POOL_RECOMBINATION__seed1,multidepot,e2-multidepot-100c-01,A8_ROUTE_POOL_RECOMBINATION,1,756,route_segment_removal,regret2_insert_repair,True,False,candidate_usable,softmax,sample,756,38,1.6271397534937317,0.0804230851998271,nan,0.8299
4000,STRUCTURAL_RESCUE__b4000__multidepot__e2-multidepot-100c-01__A8_ROUTE_POOL_RECOMBINATION__seed1,multidepot,e2-multidepot-100c-01,A8_ROUTE_POOL_RECOMBINATION,1,757,worst_customer_removal,regret2_insert_repair,False,False,candidate_usable,softmax,sample,757,4,0.3757160330261284,0.017775434611418374,nan,0.8296749999999999
4000,STRUCTURAL_RESCUE__b4000__multidepot__e2-multidepot-100c-01__A8_ROUTE_POOL_RECOMBINATION__seed1,multidepot,e2-multidepot-100c-01,A8_ROUTE_POOL_RECOMBINATION,1,758,worst_customer_removal,regret3_insert_repair,True,False,candidate_usable,softmax,sample,758,156,2.19947845091934,0.16024342540207323,nan,0.82945
4000,STRUCTURAL_RESCUE__b4000__multidepot__e2-multidepot-100c-01__A8_ROUTE_POOL_RECOMBINATION__seed1,multidepot,e2-multidepot-100c-01,A8_ROUTE_POOL_RECOMBINATION,1,759,worst_customer_removal,regret3_insert_repair,False,False,unchanged,softmax,sample,759,157,2.198399653921836,0.160086849752248,nan,0.829225
4000,STRUCTURAL_RESCUE__b4000__multidepot__e2-multidepot-100c-01__A8_ROUTE_POOL_RECOMBINATION__seed1,multidepot,e2-multidepot-100c-01,A8_ROUTE_POOL_RECOMBINATION,1,760,route_segment_removal,regret3_insert_repair,False,False,candidate_usable,softmax,sample,760,26,1.407515298778179,0.0618295208727698,nan,0.829
4000,STRUCTURAL_RESCUE__b4000__multidepot__e2-multidepot-100c-01__A8_ROUTE_POOL_RECOMBINATION__seed1,multidepot,e2-multidepot-100c-01,A8_ROUTE_POOL_RECOMBINATION,1,761,worst_customer_removal,regret3_insert_repair,True,False,candidate_usable,softmax,sample,761,158,2.1849978951952416,0.15850792602384425,nan,0.828775
4000,STRUCTURAL_RESCUE__b4000__multidepot__e2-multidepot-100c-01__A8_ROUTE_POOL_RECOMBINATION__seed1,multidepot,e2-multidepot-100c-01,A8_ROUTE_POOL_RECOMBINATION,1,762,vehicle_type_swap,regret2_insert_repair,False,False,candidate_usable,softmax,sample,762,178,1.8564307053280862,0.10664931816402476,nan,0.82855
4000,STRUCTURAL_RESCUE__b4000__multidepot__e2-multidepot-100c-01__A8_ROUTE_POOL_RECOMBINATION__seed1,multidepot,e2-multidepot-100c-01,A8_ROUTE_POOL_RECOMBINATION,1,763,whole_route_removal,regret3_insert_repair,False,False,candidate_usable,softmax,sample,763,52,1.0299100383429394,0.039369849298926576,nan,0.828325
4000,STRUCTURAL_RESCUE__b4000__multidepot__e2-multidepot-100c-01__A8_ROUTE_POOL_RECOMBINATION__seed1,multidepot,e2-multidepot-100c-01,A8_ROUTE_POOL_RECOMBINATION,1,764,random_customer_removal,regret3_insert_repair,False,False,candidate_usable,softmax,sample,764,184,2.7750518821377175,0.3240708313504336,nan,0.8281000000000001
4000,STRUCTURAL_RESCUE__b4000__multidepot__e2-multidepot-100c-01__A8_ROUTE_POOL_RECOMBINATION__seed1,multidepot,e2-multidepot-100c-01,A8_ROUTE_POOL_RECOMBINATION,1,765,worst_customer_removal,regret2_insert_repair,False,False,unchanged,softmax,sample,765,5,0.3475720006931788,0.01737030712795792,nan,0.827875
4000,STRUCTURAL_RESCUE__b4000__multidepot__e2-multidepot-100c-01__A8_ROUTE_POOL_RECOMBINATION__seed1,multidepot,e2-multidepot-100c-01,A8_ROUTE_POOL_RECOMBINATION,1,766,whole_route_removal,regret3_insert_repair,False,False,unchanged,softmax,sample,766,53,1.0124079563786965,0.03878416285869697,nan,0.82765
4000,STRUCTURAL_RESCUE__b4000__multidepot__e2-multidepot-100c-01__A8_ROUTE_POOL_RECOMBINATION__seed1,multidepot,e2-multidepot-100c-01,A8_ROUTE_POOL_RECOMBINATION,1,767,route_segment_removal,greedy_insert_repair,False,False,unchanged,softmax,sample,767,12,0.25220004919953254,0.015483291478491127,nan,0.827425
4000,STRUCTURAL_RESCUE__b4000__multidepot__e2-multidepot-100c-01__A8_ROUTE_POOL_RECOMBINATION__seed1,multidepot,e2-multidepot-100c-01,A8_ROUTE_POOL_RECOMBINATION,1,768,route_segment_removal,regret2_insert_repair,False,False,unchanged,softmax,sample,768,39,1.6383599744722221,0.08269034176424966,nan,0.8271999999999999
4000,STRUCTURAL_RESCUE__b4000__multidepot__e2-multidepot-100c-01__A8_ROUTE_POOL_RECOMBINATION__seed1,multidepot,e2-multidepot-100c-01,A8_ROUTE_POOL_RECOMBINATION,1,769,vehicle_type_swap,regret2_insert_repair,False,False,candidate_usable,softmax,sample,769,179,1.8465290362658462,0.10675158890220633,nan,0.826975
4000,STRUCTURAL_RESCUE__b4000__multidepot__e2-multidepot-100c-01__A8_ROUTE_POOL_RECOMBINATION__seed1,multidepot,e2-multidepot-100c-01,A8_ROUTE_POOL_RECOMBINATION,1,770,random_customer_removal,regret3_insert_repair,False,False,candidate_usable,softmax,sample,770,185,2.7604987093068494,0.32287584782055584,nan,0.82675
4000,STRUCTURAL_RESCUE__b4000__multidepot__e2-multidepot-100c-01__A8_ROUTE_POOL_RECOMBINATION__seed1,multidepot,e2-multidepot-100c-01,A8_ROUTE_POOL_RECOMBINATION,1,771,worst_customer_removal,greedy_insert_repair,False,False,candidate_usable,softmax,sample,771,8,0.2931092036289641,0.016410490878286485,nan,0.826525
4000,STRUCTURAL_RESCUE__b4000__multidepot__e2-multidepot-100c-01__A8_ROUTE_POOL_RECOMBINATION__seed1,multidepot,e2-multidepot-100c-01,A8_ROUTE_POOL_RECOMBINATION,1,772,vehicle_type_swap,regret2_insert_repair,False,False,candidate_usable,softmax,sample,772,180,1.8367157712822584,0.10624596708208875,nan,0.8263
4000,STRUCTURAL_RESCUE__b4000__multidepot__e2-multidepot-100c-01__A8_ROUTE_POOL_RECOMBINATION__seed1,multidepot,e2-multidepot-100c-01,A8_ROUTE_POOL_RECOMBINATION,1,773,vehicle_type_swap,regret2_insert_repair,False,False,candidate_usable,softmax,sample,773,181,1.8270000535572004,0.1051347980071408,nan,0.826075
4000,STRUCTURAL_RESCUE__b4000__multidepot__e2-multidepot-100c-01__A8_ROUTE_POOL_RECOMBINATION__seed1,multidepot,e2-multidepot-100c-01,A8_ROUTE_POOL_RECOMBINATION,1,774,shaw_related_removal,regret2_insert_repair,False,False,candidate_usable,softmax,sample,774,10,0.269964675335148,0.015976022109230048,nan,0.82585
4000,STRUCTURAL_RESCUE__b4000__multidepot__e2-multidepot-100c-01__A8_ROUTE_POOL_RECOMBINATION__seed1,multidepot,e2-multidepot-100c-01,A8_ROUTE_POOL_RECOMBINATION,1,775,whole_route_removal,regret3_insert_repair,False,False,candidate_usable,softmax,sample,775,54,0.9956029484956352,0.03846129553522264,nan,0.825625
4000,STRUCTURAL_RESCUE__b4000__multidepot__e2-multidepot-100c-01__A8_ROUTE_POOL_RECOMBINATION__seed1,multidepot,e2-multidepot-100c-01,A8_ROUTE_POOL_RECOMBINATION,1,776,route_segment_removal,regret3_insert_repair,False,False,unchanged,softmax,sample,776,27,1.3601190817158064,0.05984479226215097,nan,0.8254
4000,STRUCTURAL_RESCUE__b4000__multidepot__e2-multidepot-100c-01__A8_ROUTE_POOL_RECOMBINATION__seed1,multidepot,e2-multidepot-100c-01,A8_ROUTE_POOL_RECOMBINATION,1,777,random_customer_removal,regret3_insert_repair,True,False,candidate_usable,softmax,sample,777,186,2.746106693925181,0.32193839489782894,nan,0.825175
4000,STRUCTURAL_RESCUE__b4000__multidepot__e2-multidepot-100c-01__A8_ROUTE_POOL_RECOMBINATION__seed1,multidepot,e2-multidepot-100c-01,A8_ROUTE_POOL_RECOMBINATION,1,778,whole_route_removal,regret2_insert_repair,False,False,candidate_usable,softmax,sample,778,12,0.5774163423908675,0.023272908811862714,nan,0.82495
4000,STRUCTURAL_RESCUE__b4000__multidepot__e2-multidepot-100c-01__A8_ROUTE_POOL_RECOMBINATION__seed1,multidepot,e2-multidepot-100c-01,A8_ROUTE_POOL_RECOMBINATION,1,779,worst_customer_removal,regret3_insert_repair,False,False,candidate_usable,softmax,sample,779,159,2.1841181874962534,0.16335758728931207,nan,0.8247249999999999
4000,STRUCTURAL_RESCUE__b4000__multidepot__e2-multidepot-100c-01__A8_ROUTE_POOL_RECOMBINATION__seed1,multidepot,e2-multidepot-100c-01,A8_ROUTE_POOL_RECOMBINATION,1,780,random_customer_removal,regret3_insert_repair,False,False,candidate_usable,softmax,sample,780,187,2.7422754580790447,0.32234306215818814,nan,0.8245
4000,STRUCTURAL_RESCUE__b4000__multidepot__e2-multidepot-100c-01__A8_ROUTE_POOL_RECOMBINATION__seed1,multidepot,e2-multidepot-100c-01,A8_ROUTE_POOL_RECOMBINATION,1,781,route_segment_removal,regret2_insert_repair,True,False,candidate_usable,softmax,sample,781,40,1.6002620211081333,0.08112251725531636,nan,0.824275
4000,STRUCTURAL_RESCUE__b4000__multidepot__e2-multidepot-100c-01__A8_ROUTE_POOL_RECOMBINATION__seed1,multidepot,e2-multidepot-100c-01,A8_ROUTE_POOL_RECOMBINATION,1,782,route_segment_removal,regret2_insert_repair,False,False,candidate_usable,softmax,sample,782,41,1.611437850305944,0.08213367091374539,nan,0.82405
4000,STRUCTURAL_RESCUE__b4000__multidepot__e2-multidepot-100c-01__A8_ROUTE_POOL_RECOMBINATION__seed1,multidepot,e2-multidepot-100c-01,A8_ROUTE_POOL_RECOMBINATION,1,783,worst_customer_removal,regret3_insert_repair,True,False,candidate_usable,softmax,sample,783,160,2.1709831999935942,0.16255018316698094,nan,0.823825
4000,STRUCTURAL_RESCUE__b4000__multidepot__e2-multidepot-100c-01__A8_ROUTE_POOL_RECOMBINATION__seed1,multidepot,e2-multidepot-100c-01,A8_ROUTE_POOL_RECOMBINATION,1,784,random_customer_removal,regret3_insert_repair,False,False,candidate_usable,softmax,sample,784,188,2.7281173552195224,0.3198153730557791,nan,0.8236
4000,STRUCTURAL_RESCUE__b4000__multidepot__e2-multidepot-100c-01__A8_ROUTE_POOL_RECOMBINATION__seed1,multidepot,e2-multidepot-100c-01,A8_ROUTE_POOL_RECOMBINATION,1,785,random_customer_removal,regret3_insert_repair,False,False,candidate_usable,softmax,sample,785,189,2.714093558224056,0.3162195989488694,nan,0.823375
4000,STRUCTURAL_RESCUE__b4000__multidepot__e2-multidepot-100c-01__A8_ROUTE_POOL_RECOMBINATION__seed1,multidepot,e2-multidepot-100c-01,A8_ROUTE_POOL_RECOMBINATION,1,786,whole_route_removal,greedy_insert_repair,True,False,candidate_usable,softmax,sample,786,10,0.46521854018913933,0.02069743060121354,nan,0.82315
4000,STRUCTURAL_RESCUE__b4000__multidepot__e2-multidepot-100c-01__A8_ROUTE_POOL_RECOMBINATION__seed1,multidepot,e2-multidepot-100c-01,A8_ROUTE_POOL_RECOMBINATION,1,787,route_segment_removal,regret2_insert_repair,False,False,unchanged,softmax,sample,787,42,1.5756785710552141,0.07942738178486969,nan,0.822925
4000,STRUCTURAL_RESCUE__b4000__multidepot__e2-multidepot-100c-01__A8_ROUTE_POOL_RECOMBINATION__seed1,multidepot,e2-multidepot-100c-01,A8_ROUTE_POOL_RECOMBINATION,1,788,vehicle_type_swap,regret2_insert_repair,False,False,candidate_usable,softmax,sample,788,182,1.8174632236036237,0.10690072090422231,nan,0.8227
4000,STRUCTURAL_RESCUE__b4000__multidepot__e2-multidepot-100c-01__A8_ROUTE_POOL_RECOMBINATION__seed1,multidepot,e2-multidepot-100c-01,A8_ROUTE_POOL_RECOMBINATION,1,789,random_customer_removal,regret3_insert_repair,False,False,candidate_usable,softmax,sample,789,190,2.7002321020913986,0.31307697274063867,nan,0.822475
4000,STRUCTURAL_RESCUE__b4000__multidepot__e2-multidepot-100c-01__A8_ROUTE_POOL_RECOMBINATION__seed1,multidepot,e2-multidepot-100c-01,A8_ROUTE_POOL_RECOMBINATION,1,790,random_customer_removal,regret3_insert_repair,False,False,candidate_usable,softmax,sample,790,191,2.6865004671813666,0.30959219347272776,nan,0.8222499999999999
4000,STRUCTURAL_RESCUE__b4000__multidepot__e2-multidepot-100c-01__A8_ROUTE_POOL_RECOMBINATION__seed1,multidepot,e2-multidepot-100c-01,A8_ROUTE_POOL_RECOMBINATION,1,791,worst_customer_removal,regret3_insert_repair,True,False,candidate_usable,softmax,sample,791,161,2.170144413745417,0.16608510484823472,nan,0.822025
4000,STRUCTURAL_RESCUE__b4000__multidepot__e2-multidepot-100c-01__A8_ROUTE_POOL_RECOMBINATION__seed1,multidepot,e2-multidepot-100c-01,A8_ROUTE_POOL_RECOMBINATION,1,792,route_segment_removal,regret3_insert_repair,False,False,unchanged,softmax,sample,792,28,1.3160629425109611,0.05876401941953283,nan,0.8218
4000,STRUCTURAL_RESCUE__b4000__multidepot__e2-multidepot-100c-01__A8_ROUTE_POOL_RECOMBINATION__seed1,multidepot,e2-multidepot-100c-01,A8_ROUTE_POOL_RECOMBINATION,1,793,vehicle_type_swap,regret2_insert_repair,False,False,candidate_usable,softmax,sample,793,183,1.8079785960464683,0.1072335222428663,nan,0.8215749999999999
4000,STRUCTURAL_RESCUE__b4000__multidepot__e2-multidepot-100c-01__A8_ROUTE_POOL_RECOMBINATION__seed1,multidepot,e2-multidepot-100c-01,A8_ROUTE_POOL_RECOMBINATION,1,794,whole_route_removal,greedy_insert_repair,False,False,candidate_usable,softmax,sample,794,11,0.6155484895102676,0.025139801140828064,nan,0.82135
4000,STRUCTURAL_RESCUE__b4000__multidepot__e2-multidepot-100c-01__A8_ROUTE_POOL_RECOMBINATION__seed1,multidepot,e2-multidepot-100c-01,A8_ROUTE_POOL_RECOMBINATION,1,795,random_customer_removal,regret3_insert_repair,True,False,candidate_usable,softmax,sample,795,192,2.6729313728168544,0.3082056128807966,nan,0.821125
4000,STRUCTURAL_RESCUE__b4000__multidepot__e2-multidepot-100c-01__A8_ROUTE_POOL_RECOMBINATION__seed1,multidepot,e2-multidepot-100c-01,A8_ROUTE_POOL_RECOMBINATION,1,796,worst_customer_removal,regret2_insert_repair,False,False,candidate_usable,softmax,sample,796,6,0.3263197873849421,0.017703152072111008,nan,0.8209
4000,STRUCTURAL_RESCUE__b4000__multidepot__e2-multidepot-100c-01__A8_ROUTE_POOL_RECOMBINATION__seed1,multidepot,e2-multidepot-100c-01,A8_ROUTE_POOL_RECOMBINATION,1,797,random_customer_removal,regret3_insert_repair,True,False,candidate_usable,softmax,sample,797,193,2.669591385120898,0.3076435184673104,nan,0.820675
4000,STRUCTURAL_RESCUE__b4000__multidepot__e2-multidepot-100c-01__A8_ROUTE_POOL_RECOMBINATION__seed1,multidepot,e2-multidepot-100c-01,A8_ROUTE_POOL_RECOMBINATION,1,798,random_customer_removal,regret3_insert_repair,False,False,candidate_usable,softmax,sample,798,194,2.666280601218193,0.30687832784912833,nan,0.82045
4000,STRUCTURAL_RESCUE__b4000__multidepot__e2-multidepot-100c-01__A8_ROUTE_POOL_RECOMBINATION__seed1,multidepot,e2-multidepot-100c-01,A8_ROUTE_POOL_RECOMBINATION,1,799,vehicle_type_swap,regret3_insert_repair,False,False,candidate_usable,softmax,sample,799,7,0.3085461608237091,0.01741270254608947,nan,0.820225
4000,STRUCTURAL_RESCUE__b4000__multidepot__e2-multidepot-100c-01__A8_ROUTE_POOL_RECOMBINATION__seed1,multidepot,e2-multidepot-100c-01,A8_ROUTE_POOL_RECOMBINATION,1,800,worst_customer_removal,regret3_insert_repair,False,False,unchanged,softmax,sample,800,162,2.169320578703046,0.1683870489579687,nan,0.82
4000,STRUCTURAL_RESCUE__b4000__multidepot__e2-multidepot-100c-01__A8_ROUTE_POOL_RECOMBINATION__seed1,multidepot,e2-multidepot-100c-01,A8_ROUTE_POOL_RECOMBINATION,1,801,random_customer_removal,regret3_insert_repair,True,False,candidate_usable,softmax,sample,801,195,2.653013197740011,0.3046164245664804,nan,0.8197749999999999
4000,STRUCTURAL_RESCUE__b4000__multidepot__e2-multidepot-100c-01__A8_ROUTE_POOL_RECOMBINATION__seed1,multidepot,e2-multidepot-100c-01,A8_ROUTE_POOL_RECOMBINATION,1,802,random_customer_removal,regret3_insert_repair,True,False,candidate_usable,softmax,sample,802,196,2.649820136093517,0.303884355058264,nan,0.81955
4000,STRUCTURAL_RESCUE__b4000__multidepot__e2-multidepot-100c-01__A8_ROUTE_POOL_RECOMBINATION__seed1,multidepot,e2-multidepot-100c-01,A8_ROUTE_POOL_RECOMBINATION,1,803,route_segment_removal,regret2_insert_repair,False,False,unchanged,softmax,sample,803,43,1.5416809225181918,0.07869816857749179,nan,0.819325
4000,STRUCTURAL_RESCUE__b4000__multidepot__e2-multidepot-100c-01__A8_ROUTE_POOL_RECOMBINATION__seed1,multidepot,e2-multidepot-100c-01,A8_ROUTE_POOL_RECOMBINATION,1,804,random_customer_removal,regret3_insert_repair,True,False,candidate_usable,softmax,sample,804,197,2.6466639986509533,0.30418930606260525,nan,0.8190999999999999
4000,STRUCTURAL_RESCUE__b4000__multidepot__e2-multidepot-100c-01__A8_ROUTE_POOL_RECOMBINATION__seed1,multidepot,e2-multidepot-100c-01,A8_ROUTE_POOL_RECOMBINATION,1,805,random_customer_removal,regret3_insert_repair,True,False,candidate_usable,softmax,sample,805,198,2.6435346232642734,0.3034735858234506,nan,0.818875
4000,STRUCTURAL_RESCUE__b4000__multidepot__e2-multidepot-100c-01__A8_ROUTE_POOL_RECOMBINATION__seed1,multidepot,e2-multidepot-100c-01,A8_ROUTE_POOL_RECOMBINATION,1,806,random_customer_removal,regret3_insert_repair,False,False,candidate_usable,softmax,sample,806,199,2.6404363844105063,0.30276644619160387,nan,0.81865
4000,STRUCTURAL_RESCUE__b4000__multidepot__e2-multidepot-100c-01__A8_ROUTE_POOL_RECOMBINATION__seed1,multidepot,e2-multidepot-100c-01,A8_ROUTE_POOL_RECOMBINATION,1,807,worst_customer_removal,regret3_insert_repair,False,False,unchanged,softmax,sample,807,163,2.1565322818140187,0.16846372980834842,nan,0.818425
4000,STRUCTURAL_RESCUE__b4000__multidepot__e2-multidepot-100c-01__A8_ROUTE_POOL_RECOMBINATION__seed1,multidepot,e2-multidepot-100c-01,A8_ROUTE_POOL_RECOMBINATION,1,808,whole_route_removal,regret3_insert_repair,False,False,candidate_usable,softmax,sample,808,55,0.9796211829192156,0.04008653100538405,nan,0.8182
4000,STRUCTURAL_RESCUE__b4000__multidepot__e2-multidepot-100c-01__A8_ROUTE_POOL_RECOMBINATION__seed1,multidepot,e2-multidepot-100c-01,A8_ROUTE_POOL_RECOMBINATION,1,809,worst_customer_removal,regret3_insert_repair,True,False,candidate_usable,softmax,sample,809,164,2.143873108940628,0.16648175286539288,nan,0.817975
4000,STRUCTURAL_RESCUE__b4000__multidepot__e2-multidepot-100c-01__A8_ROUTE_POOL_RECOMBINATION__seed1,multidepot,e2-multidepot-100c-01,A8_ROUTE_POOL_RECOMBINATION,1,810,route_segment_removal,regret2_insert_repair,False,False,unchanged,softmax,sample,810,44,1.5091239299888206,0.0766272792617595,nan,0.81775
4000,STRUCTURAL_RESCUE__b4000__multidepot__e2-multidepot-100c-01__A8_ROUTE_POOL_RECOMBINATION__seed1,multidepot,e2-multidepot-100c-01,A8_ROUTE_POOL_RECOMBINATION,1,811,route_segment_removal,regret2_insert_repair,False,False,unchanged,softmax,sample,811,45,1.477941210570437,0.07396624334463843,nan,0.817525
4000,STRUCTURAL_RESCUE__b4000__multidepot__e2-multidepot-100c-01__A8_ROUTE_POOL_RECOMBINATION__seed1,multidepot,e2-multidepot-100c-01,A8_ROUTE_POOL_RECOMBINATION,1,812,worst_customer_removal,regret2_insert_repair,False,False,candidate_usable,softmax,sample,812,7,0.30885770433865417,0.01773888797135315,nan,0.8172999999999999
4000,STRUCTURAL_RESCUE__b4000__multidepot__e2-multidepot-100c-01__A8_ROUTE_POOL_RECOMBINATION__seed1,multidepot,e2-multidepot-100c-01,A8_ROUTE_POOL_RECOMBINATION,1,813,vehicle_type_swap,regret3_insert_repair,False,False,candidate_usable,softmax,sample,813,8,0.2940757690372678,0.017418082826137014,nan,0.817075
4000,STRUCTURAL_RESCUE__b4000__multidepot__e2-multidepot-100c-01__A8_ROUTE_POOL_RECOMBINATION__seed1,multidepot,e2-multidepot-100c-01,A8_ROUTE_POOL_RECOMBINATION,1,814,random_customer_removal,regret3_insert_repair,True,False,candidate_usable,softmax,sample,814,200,2.6276520625673316,0.3031082635237583,nan,0.8168500000000001
4000,STRUCTURAL_RESCUE__b4000__multidepot__e2-multidepot-100c-01__A8_ROUTE_POOL_RECOMBINATION__seed1,multidepot,e2-multidepot-100c-01,A8_ROUTE_POOL_RECOMBINATION,1,815,random_customer_removal,regret3_insert_repair,False,False,candidate_usable,softmax,sample,815,201,2.62466309319812,0.302428196258164,nan,0.816625
4000,STRUCTURAL_RESCUE__b4000__multidepot__e2-multidepot-100c-01__A8_ROUTE_POOL_RECOMBINATION__seed1,multidepot,e2-multidepot-100c-01,A8_ROUTE_POOL_RECOMBINATION,1,816,random_customer_removal,regret3_insert_repair,False,False,candidate_usable,softmax,sample,816,202,2.6120499490966944,0.2992706273983666,nan,0.8164
4000,STRUCTURAL_RESCUE__b4000__multidepot__e2-multidepot-100c-01__A8_ROUTE_POOL_RECOMBINATION__seed1,multidepot,e2-multidepot-100c-01,A8_ROUTE_POOL_RECOMBINATION,1,817,shaw_related_removal,greedy_insert_repair,False,False,candidate_usable,softmax,sample,817,5,0.3490398487738771,0.018793413973277818,nan,0.816175
4000,STRUCTURAL_RESCUE__b4000__multidepot__e2-multidepot-100c-01__A8_ROUTE_POOL_RECOMBINATION__seed1,multidepot,e2-multidepot-100c-01,A8_ROUTE_POOL_RECOMBINATION,1,818,random_customer_removal,regret3_insert_repair,False,False,candidate_usable,softmax,sample,818,203,2.599565443948277,0.29640208757843794,nan,0.81595
4000,STRUCTURAL_RESCUE__b4000__multidepot__e2-multidepot-100c-01__A8_ROUTE_POOL_RECOMBINATION__seed1,multidepot,e2-multidepot-100c-01,A8_ROUTE_POOL_RECOMBINATION,1,819,random_customer_removal,regret3_insert_repair,False,False,candidate_usable,softmax,sample,819,204,2.5871983975705035,0.29333924819316504,nan,0.815725
4000,STRUCTURAL_RESCUE__b4000__multidepot__e2-multidepot-100c-01__A8_ROUTE_POOL_RECOMBINATION__seed1,multidepot,e2-multidepot-100c-01,A8_ROUTE_POOL_RECOMBINATION,1,820,random_customer_removal,regret3_insert_repair,True,False,candidate_usable,softmax,sample,820,205,2.5749517131820188,0.2903237269366661,nan,0.8155
4000,STRUCTURAL_RESCUE__b4000__multidepot__e2-multidepot-100c-01__A8_ROUTE_POOL_RECOMBINATION__seed1,multidepot,e2-multidepot-100c-01,A8_ROUTE_POOL_RECOMBINATION,1,821,worst_customer_removal,greedy_insert_repair,False,False,unchanged,softmax,sample,821,9,0.28171949240504013,0.01745123669380057,nan,0.815275
4000,STRUCTURAL_RESCUE__b4000__multidepot__e2-multidepot-100c-01__A8_ROUTE_POOL_RECOMBINATION__seed1,multidepot,e2-multidepot-100c-01,A8_ROUTE_POOL_RECOMBINATION,1,822,whole_route_removal,regret2_insert_repair,True,True,candidate_usable,softmax,sample,822,13,0.5458564518165145,0.02412470441762856,nan,0.81505
4000,STRUCTURAL_RESCUE__b4000__multidepot__e2-multidepot-100c-01__A8_ROUTE_POOL_RECOMBINATION__seed1,multidepot,e2-multidepot-100c-01,A8_ROUTE_POOL_RECOMBINATION,1,823,random_customer_removal,regret3_insert_repair,False,False,candidate_usable,softmax,sample,823,206,2.57229887891401,0.26128928020881487,nan,0.814825
4000,STRUCTURAL_RESCUE__b4000__multidepot__e2-multidepot-100c-01__A8_ROUTE_POOL_RECOMBINATION__seed1,multidepot,e2-multidepot-100c-01,A8_ROUTE_POOL_RECOMBINATION,1,824,random_customer_removal,regret3_insert_repair,True,True,candidate_usable,softmax,sample,824,207,2.560241936463336,0.2585148170044053,nan,0.8146
4000,STRUCTURAL_RESCUE__b4000__multidepot__e2-multidepot-100c-01__A8_ROUTE_POOL_RECOMBINATION__seed1,multidepot,e2-multidepot-100c-01,A8_ROUTE_POOL_RECOMBINATION,1,825,random_customer_removal,regret3_insert_repair,False,False,candidate_usable,softmax,sample,825,208,2.644214105992995,0.2788412784707173,nan,0.8143750000000001
4000,STRUCTURAL_RESCUE__b4000__multidepot__e2-multidepot-100c-01__A8_ROUTE_POOL_RECOMBINATION__seed1,multidepot,e2-multidepot-100c-01,A8_ROUTE_POOL_RECOMBINATION,1,826,whole_route_removal,regret2_insert_repair,False,False,unchanged,softmax,sample,826,14,1.9428550562490303,0.11835128052878831,nan,0.81415
4000,STRUCTURAL_RESCUE__b4000__multidepot__e2-multidepot-100c-01__A8_ROUTE_POOL_RECOMBINATION__seed1,multidepot,e2-multidepot-100c-01,A8_ROUTE_POOL_RECOMBINATION,1,827,whole_route_removal,regret2_insert_repair,False,False,unchanged,softmax,sample,827,15,1.8232895680935668,0.10386734003643232,nan,0.813925
4000,STRUCTURAL_RESCUE__b4000__multidepot__e2-multidepot-100c-01__A8_ROUTE_POOL_RECOMBINATION__seed1,multidepot,e2-multidepot-100c-01,A8_ROUTE_POOL_RECOMBINATION,1,828,random_customer_removal,regret3_insert_repair,True,False,candidate_usable,softmax,sample,828,209,2.631936984274172,0.2841663578725394,nan,0.8137
4000,STRUCTURAL_RESCUE__b4000__multidepot__e2-multidepot-100c-01__A8_ROUTE_POOL_RECOMBINATION__seed1,multidepot,e2-multidepot-100c-01,A8_ROUTE_POOL_RECOMBINATION,1,829,random_customer_removal,regret3_insert_repair,False,False,candidate_usable,softmax,sample,829,210,2.629053186154157,0.2835302738600092,nan,0.813475
4000,STRUCTURAL_RESCUE__b4000__multidepot__e2-multidepot-100c-01__A8_ROUTE_POOL_RECOMBINATION__seed1,multidepot,e2-multidepot-100c-01,A8_ROUTE_POOL_RECOMBINATION,1,830,worst_customer_removal,regret3_insert_repair,True,False,candidate_usable,softmax,sample,830,165,2.143283067034393,0.15672514012707378,nan,0.81325
4000,STRUCTURAL_RESCUE__b4000__multidepot__e2-multidepot-100c-01__A8_ROUTE_POOL_RECOMBINATION__seed1,multidepot,e2-multidepot-100c-01,A8_ROUTE_POOL_RECOMBINATION,1,831,random_customer_removal,regret2_insert_repair,False,False,candidate_usable,softmax,sample,831,26,1.1084546600091711,0.0439014465152018,nan,0.813025
4000,STRUCTURAL_RESCUE__b4000__multidepot__e2-multidepot-100c-01__A8_ROUTE_POOL_RECOMBINATION__seed1,multidepot,e2-multidepot-100c-01,A8_ROUTE_POOL_RECOMBINATION,1,832,vehicle_type_swap,regret2_insert_repair,False,False,candidate_usable,softmax,sample,832,184,1.798763968826085,0.10281756329389798,nan,0.8128
4000,STRUCTURAL_RESCUE__b4000__multidepot__e2-multidepot-100c-01__A8_ROUTE_POOL_RECOMBINATION__seed1,multidepot,e2-multidepot-100c-01,A8_ROUTE_POOL_RECOMBINATION,1,833,route_segment_removal,regret2_insert_repair,False,False,unchanged,softmax,sample,833,46,1.4483039175397465,0.06687652796106629,nan,0.812575
4000,STRUCTURAL_RESCUE__b4000__multidepot__e2-multidepot-100c-01__A8_ROUTE_POOL_RECOMBINATION__seed1,multidepot,e2-multidepot-100c-01,A8_ROUTE_POOL_RECOMBINATION,1,834,whole_route_removal,regret2_insert_repair,False,False,unchanged,softmax,sample,834,16,1.7185533626479832,0.09347897583253081,nan,0.81235
4000,STRUCTURAL_RESCUE__b4000__multidepot__e2-multidepot-100c-01__A8_ROUTE_POOL_RECOMBINATION__seed1,multidepot,e2-multidepot-100c-01,A8_ROUTE_POOL_RECOMBINATION,1,835,vehicle_type_swap,greedy_insert_repair,False,False,candidate_usable,softmax,sample,835,7,0.3093960025344396,0.016655028195036083,nan,0.812125
4000,STRUCTURAL_RESCUE__b4000__multidepot__e2-multidepot-100c-01__A8_ROUTE_POOL_RECOMBINATION__seed1,multidepot,e2-multidepot-100c-01,A8_ROUTE_POOL_RECOMBINATION,1,836,whole_route_removal,greedy_insert_repair,False,False,candidate_usable,softmax,sample,836,12,0.57850504163839,0.023196019498786934,nan,0.8119000000000001
4000,STRUCTURAL_RESCUE__b4000__multidepot__e2-multidepot-100c-01__A8_ROUTE_POOL_RECOMBINATION__seed1,multidepot,e2-multidepot-100c-01,A8_ROUTE_POOL_RECOMBINATION,1,837,random_customer_removal,regret3_insert_repair,True,False,candidate_usable,softmax,sample,837,211,2.61698615816224,0.2859855061459713,nan,0.811675
4000,STRUCTURAL_RESCUE__b4000__multidepot__e2-multidepot-100c-01__A8_ROUTE_POOL_RECOMBINATION__seed1,multidepot,e2-multidepot-100c-01,A8_ROUTE_POOL_RECOMBINATION,1,838,vehicle_type_swap,regret2_insert_repair,False,False,candidate_usable,softmax,sample,838,185,1.789486218298903,0.10327994851710787,nan,0.81145
4000,STRUCTURAL_RESCUE__b4000__multidepot__e2-multidepot-100c-01__A8_ROUTE_POOL_RECOMBINATION__seed1,multidepot,e2-multidepot-100c-01,A8_ROUTE_POOL_RECOMBINATION,1,839,random_customer_removal,regret3_insert_repair,False,False,candidate_usable,softmax,sample,839,212,2.614204031854459,0.28579039436133996,nan,0.811225
4000,STRUCTURAL_RESCUE__b4000__multidepot__e2-multidepot-100c-01__A8_ROUTE_POOL_RECOMBINATION__seed1,multidepot,e2-multidepot-100c-01,A8_ROUTE_POOL_RECOMBINATION,1,840,random_customer_removal,regret3_insert_repair,False,False,candidate_usable,softmax,sample,840,213,2.6022884108179603,0.2828862427874954,nan,0.8109999999999999
4000,STRUCTURAL_RESCUE__b4000__multidepot__e2-multidepot-100c-01__A8_ROUTE_POOL_RECOMBINATION__seed1,multidepot,e2-multidepot-100c-01,A8_ROUTE_POOL_RECOMBINATION,1,841,random_customer_removal,greedy_insert_repair,False,False,candidate_usable,softmax,sample,841,13,0.24618912179312125,0.015540632882456582,nan,0.810775
4000,STRUCTURAL_RESCUE__b4000__multidepot__e2-multidepot-100c-01__A8_ROUTE_POOL_RECOMBINATION__seed1,multidepot,e2-multidepot-100c-01,A8_ROUTE_POOL_RECOMBINATION,1,842,worst_customer_removal,regret3_insert_repair,False,False,candidate_usable,softmax,sample,842,166,2.142652611833531,0.16122525171295946,nan,0.81055
4000,STRUCTURAL_RESCUE__b4000__multidepot__e2-multidepot-100c-01__A8_ROUTE_POOL_RECOMBINATION__seed1,multidepot,e2-multidepot-100c-01,A8_ROUTE_POOL_RECOMBINATION,1,843,worst_customer_removal,greedy_insert_repair,False,False,unchanged,softmax,sample,843,10,0.2713701547527203,0.016056120838227786,nan,0.810325
4000,STRUCTURAL_RESCUE__b4000__multidepot__e2-multidepot-100c-01__A8_ROUTE_POOL_RECOMBINATION__seed1,multidepot,e2-multidepot-100c-01,A8_ROUTE_POOL_RECOMBINATION,1,844,whole_route_removal,regret2_insert_repair,False,False,unchanged,softmax,sample,844,17,1.626009392017807,0.08545292285907972,nan,0.8101
4000,STRUCTURAL_RESCUE__b4000__multidepot__e2-multidepot-100c-01__A8_ROUTE_POOL_RECOMBINATION__seed1,multidepot,e2-multidepot-100c-01,A8_ROUTE_POOL_RECOMBINATION,1,845,route_segment_removal,regret3_insert_repair,False,False,candidate_usable,softmax,sample,845,29,1.2754491365261247,0.05589029610940799,nan,0.809875
4000,STRUCTURAL_RESCUE__b4000__multidepot__e2-multidepot-100c-01__A8_ROUTE_POOL_RECOMBINATION__seed1,multidepot,e2-multidepot-100c-01,A8_ROUTE_POOL_RECOMBINATION,1,846,shaw_related_removal,regret3_insert_repair,False,False,candidate_usable,softmax,sample,846,8,0.29479834230833174,0.01668713311048671,nan,0.80965
4000,STRUCTURAL_RESCUE__b4000__multidepot__e2-multidepot-100c-01__A8_ROUTE_POOL_RECOMBINATION__seed1,multidepot,e2-multidepot-100c-01,A8_ROUTE_POOL_RECOMBINATION,1,847,random_customer_removal,regret3_insert_repair,False,False,candidate_usable,softmax,sample,847,214,2.5905102686847754,0.28447123623258824,nan,0.8094250000000001
4000,STRUCTURAL_RESCUE__b4000__multidepot__e2-multidepot-100c-01__A8_ROUTE_POOL_RECOMBINATION__seed1,multidepot,e2-multidepot-100c-01,A8_ROUTE_POOL_RECOMBINATION,1,848,vehicle_type_swap,greedy_insert_repair,False,False,candidate_usable,softmax,sample,848,8,0.29484115823776846,0.016744396168335177,nan,0.8092
4000,STRUCTURAL_RESCUE__b4000__multidepot__e2-multidepot-100c-01__A8_ROUTE_POOL_RECOMBINATION__seed1,multidepot,e2-multidepot-100c-01,A8_ROUTE_POOL_RECOMBINATION,1,849,vehicle_type_swap,regret2_insert_repair,False,False,candidate_usable,softmax,sample,849,186,1.7803312670263354,0.10501435712248007,nan,0.808975
4000,STRUCTURAL_RESCUE__b4000__multidepot__e2-multidepot-100c-01__A8_ROUTE_POOL_RECOMBINATION__seed1,multidepot,e2-multidepot-100c-01,A8_ROUTE_POOL_RECOMBINATION,1,850,worst_customer_removal,regret3_insert_repair,False,False,candidate_usable,softmax,sample,850,167,2.1303322959156876,0.16207605543190612,nan,0.80875
4000,STRUCTURAL_RESCUE__b4000__multidepot__e2-multidepot-100c-01__A8_ROUTE_POOL_RECOMBINATION__seed1,multidepot,e2-multidepot-100c-01,A8_ROUTE_POOL_RECOMBINATION,1,851,random_customer_removal,regret3_insert_repair,False,False,candidate_usable,softmax,sample,851,215,2.578828269713644,0.28297326222039026,nan,0.8085249999999999
4000,STRUCTURAL_RESCUE__b4000__multidepot__e2-multidepot-100c-01__A8_ROUTE_POOL_RECOMBINATION__seed1,multidepot,e2-multidepot-100c-01,A8_ROUTE_POOL_RECOMBINATION,1,852,random_customer_removal,greedy_insert_repair,False,False,candidate_usable,softmax,sample,852,14,0.23971922478570523,0.015734070072229447,nan,0.8083
4000,STRUCTURAL_RESCUE__b4000__multidepot__e2-multidepot-100c-01__A8_ROUTE_POOL_RECOMBINATION__seed1,multidepot,e2-multidepot-100c-01,A8_ROUTE_POOL_RECOMBINATION,1,853,whole_route_removal,regret3_insert_repair,True,False,candidate_usable,softmax,sample,853,56,0.9642966423096366,0.03855605132001608,nan,0.808075
4000,STRUCTURAL_RESCUE__b4000__multidepot__e2-multidepot-100c-01__A8_ROUTE_POOL_RECOMBINATION__seed1,multidepot,e2-multidepot-100c-01,A8_ROUTE_POOL_RECOMBINATION,1,854,random_customer_removal,regret3_insert_repair,True,False,candidate_usable,softmax,sample,854,216,2.567249840641642,0.28010427924425935,nan,0.80785
4000,STRUCTURAL_RESCUE__b4000__multidepot__e2-multidepot-100c-01__A8_ROUTE_POOL_RECOMBINATION__seed1,multidepot,e2-multidepot-100c-01,A8_ROUTE_POOL_RECOMBINATION,1,855,random_customer_removal,regret3_insert_repair,True,False,candidate_usable,softmax,sample,855,217,2.564755441685646,0.2795659081971045,nan,0.807625
4000,STRUCTURAL_RESCUE__b4000__multidepot__e2-multidepot-100c-01__A8_ROUTE_POOL_RECOMBINATION__seed1,multidepot,e2-multidepot-100c-01,A8_ROUTE_POOL_RECOMBINATION,1,856,shaw_related_removal,regret2_insert_repair,False,False,unchanged,softmax,sample,856,11,0.262186049158088,0.016160354000745655,nan,0.8074
4000,STRUCTURAL_RESCUE__b4000__multidepot__e2-multidepot-100c-01__A8_ROUTE_POOL_RECOMBINATION__seed1,multidepot,e2-multidepot-100c-01,A8_ROUTE_POOL_RECOMBINATION,1,857,vehicle_type_swap,regret2_insert_repair,False,False,candidate_usable,softmax,sample,857,187,1.7712595537925597,0.1047739348686138,nan,0.807175
4000,STRUCTURAL_RESCUE__b4000__multidepot__e2-multidepot-100c-01__A8_ROUTE_POOL_RECOMBINATION__seed1,multidepot,e2-multidepot-100c-01,A8_ROUTE_POOL_RECOMBINATION,1,858,whole_route_removal,regret2_insert_repair,True,False,candidate_usable,softmax,sample,858,18,1.5436574719050637,0.07911814575098378,nan,0.8069500000000001
4000,STRUCTURAL_RESCUE__b4000__multidepot__e2-multidepot-100c-01__A8_ROUTE_POOL_RECOMBINATION__seed1,multidepot,e2-multidepot-100c-01,A8_ROUTE_POOL_RECOMBINATION,1,859,vehicle_type_swap,regret2_insert_repair,False,False,candidate_usable,softmax,sample,859,188,1.7622562853641879,0.10344149958561814,nan,0.806725
4000,STRUCTURAL_RESCUE__b4000__multidepot__e2-multidepot-100c-01__A8_ROUTE_POOL_RECOMBINATION__seed1,multidepot,e2-multidepot-100c-01,A8_ROUTE_POOL_RECOMBINATION,1,860,route_segment_removal,regret2_insert_repair,True,False,candidate_usable,softmax,sample,860,47,1.4199593817904745,0.0677445003600937,nan,0.8065
4000,STRUCTURAL_RESCUE__b4000__multidepot__e2-multidepot-100c-01__A8_ROUTE_POOL_RECOMBINATION__seed1,multidepot,e2-multidepot-100c-01,A8_ROUTE_POOL_RECOMBINATION,1,861,random_customer_removal,regret3_insert_repair,False,False,candidate_usable,softmax,sample,861,218,2.562305063738085,0.279037902725858,nan,0.806275
4000,STRUCTURAL_RESCUE__b4000__multidepot__e2-multidepot-100c-01__A8_ROUTE_POOL_RECOMBINATION__seed1,multidepot,e2-multidepot-100c-01,A8_ROUTE_POOL_RECOMBINATION,1,862,random_customer_removal,regret3_insert_repair,True,False,candidate_usable,softmax,sample,862,219,2.550951438371281,0.2762963106316518,nan,0.8060499999999999
4000,STRUCTURAL_RESCUE__b4000__multidepot__e2-multidepot-100c-01__A8_ROUTE_POOL_RECOMBINATION__seed1,multidepot,e2-multidepot-100c-01,A8_ROUTE_POOL_RECOMBINATION,1,863,shaw_related_removal,regret3_insert_repair,False,False,unchanged,softmax,sample,863,9,0.28257812053250503,0.016570435275334514,nan,0.805825
4000,STRUCTURAL_RESCUE__b4000__multidepot__e2-multidepot-100c-01__A8_ROUTE_POOL_RECOMBINATION__seed1,multidepot,e2-multidepot-100c-01,A8_ROUTE_POOL_RECOMBINATION,1,864,random_customer_removal,regret3_insert_repair,False,False,candidate_usable,softmax,sample,864,220,2.5485686503523843,0.2759311101787589,nan,0.8056
4000,STRUCTURAL_RESCUE__b4000__multidepot__e2-multidepot-100c-01__A8_ROUTE_POOL_RECOMBINATION__seed1,multidepot,e2-multidepot-100c-01,A8_ROUTE_POOL_RECOMBINATION,1,865,random_customer_removal,regret3_insert_repair,False,False,candidate_usable,softmax,sample,865,221,2.5373794457928858,0.27324584519697387,nan,0.805375
4000,STRUCTURAL_RESCUE__b4000__multidepot__e2-multidepot-100c-01__A8_ROUTE_POOL_RECOMBINATION__seed1,multidepot,e2-multidepot-100c-01,A8_ROUTE_POOL_RECOMBINATION,1,866,shaw_related_removal,regret2_insert_repair,False,False,unchanged,softmax,sample,866,12,0.25403678366382926,0.016094734485060307,nan,0.80515
4000,STRUCTURAL_RESCUE__b4000__multidepot__e2-multidepot-100c-01__A8_ROUTE_POOL_RECOMBINATION__seed1,multidepot,e2-multidepot-100c-01,A8_ROUTE_POOL_RECOMBINATION,1,867,vehicle_type_swap,regret2_insert_repair,False,False,candidate_usable,softmax,sample,867,189,1.7533753016593472,0.10363246661154185,nan,0.804925
4000,STRUCTURAL_RESCUE__b4000__multidepot__e2-multidepot-100c-01__A8_ROUTE_POOL_RECOMBINATION__seed1,multidepot,e2-multidepot-100c-01,A8_ROUTE_POOL_RECOMBINATION,1,868,random_customer_removal,regret3_insert_repair,False,False,candidate_usable,softmax,sample,868,222,2.5262991937406127,0.2711084239182807,nan,0.8047
4000,STRUCTURAL_RESCUE__b4000__multidepot__e2-multidepot-100c-01__A8_ROUTE_POOL_RECOMBINATION__seed1,multidepot,e2-multidepot-100c-01,A8_ROUTE_POOL_RECOMBINATION,1,869,whole_route_removal,regret2_insert_repair,False,False,unchanged,softmax,sample,869,19,1.5724364423352553,0.08316318961794371,nan,0.804475
4000,STRUCTURAL_RESCUE__b4000__multidepot__e2-multidepot-100c-01__A8_ROUTE_POOL_RECOMBINATION__seed1,multidepot,e2-multidepot-100c-01,A8_ROUTE_POOL_RECOMBINATION,1,870,whole_route_removal,regret3_insert_repair,False,False,candidate_usable,softmax,sample,870,57,0.9834725208136009,0.0402692810594044,nan,0.80425
4000,STRUCTURAL_RESCUE__b4000__multidepot__e2-multidepot-100c-01__A8_ROUTE_POOL_RECOMBINATION__seed1,multidepot,e2-multidepot-100c-01,A8_ROUTE_POOL_RECOMBINATION,1,871,vehicle_type_swap,regret2_insert_repair,False,False,candidate_usable,softmax,sample,871,190,1.7445692658202987,0.10382592546988544,nan,0.804025
4000,STRUCTURAL_RESCUE__b4000__multidepot__e2-multidepot-100c-01__A8_ROUTE_POOL_RECOMBINATION__seed1,multidepot,e2-multidepot-100c-01,A8_ROUTE_POOL_RECOMBINATION,1,872,random_customer_removal,regret3_insert_repair,False,False,candidate_usable,softmax,sample,872,223,2.5153222371967554,0.27117144100458374,nan,0.8038
4000,STRUCTURAL_RESCUE__b4000__multidepot__e2-multidepot-100c-01__A8_ROUTE_POOL_RECOMBINATION__seed1,multidepot,e2-multidepot-100c-01,A8_ROUTE_POOL_RECOMBINATION,1,873,random_customer_removal,regret3_insert_repair,True,False,candidate_usable,softmax,sample,873,224,2.504430622006157,0.26858097839726225,nan,0.8035749999999999
4000,STRUCTURAL_RESCUE__b4000__multidepot__e2-multidepot-100c-01__A8_ROUTE_POOL_RECOMBINATION__seed1,multidepot,e2-multidepot-100c-01,A8_ROUTE_POOL_RECOMBINATION,1,874,vehicle_type_swap,regret2_insert_repair,False,False,candidate_usable,softmax,sample,874,191,1.73585059686758,0.10327960861610623,nan,0.80335
4000,STRUCTURAL_RESCUE__b4000__multidepot__e2-multidepot-100c-01__A8_ROUTE_POOL_RECOMBINATION__seed1,multidepot,e2-multidepot-100c-01,A8_ROUTE_POOL_RECOMBINATION,1,875,worst_customer_removal,regret2_insert_repair,False,False,candidate_usable,softmax,sample,875,8,0.29540879438984874,0.017202005942033204,nan,0.803125
4000,STRUCTURAL_RESCUE__b4000__multidepot__e2-multidepot-100c-01__A8_ROUTE_POOL_RECOMBINATION__seed1,multidepot,e2-multidepot-100c-01,A8_ROUTE_POOL_RECOMBINATION,1,876,random_customer_removal,regret3_insert_repair,False,False,candidate_usable,softmax,sample,876,225,2.502310506966803,0.26866919421752555,nan,0.8029
4000,STRUCTURAL_RESCUE__b4000__multidepot__e2-multidepot-100c-01__A8_ROUTE_POOL_RECOMBINATION__seed1,multidepot,e2-multidepot-100c-01,A8_ROUTE_POOL_RECOMBINATION,1,877,whole_route_removal,regret2_insert_repair,False,False,unchanged,softmax,sample,877,20,1.5006848034849312,0.0774393073789252,nan,0.802675
4000,STRUCTURAL_RESCUE__b4000__multidepot__e2-multidepot-100c-01__A8_ROUTE_POOL_RECOMBINATION__seed1,multidepot,e2-multidepot-100c-01,A8_ROUTE_POOL_RECOMBINATION,1,878,whole_route_removal,regret2_insert_repair,False,False,candidate_usable,softmax,sample,878,21,1.4355750173860586,0.07183390705718154,nan,0.80245
4000,STRUCTURAL_RESCUE__b4000__multidepot__e2-multidepot-100c-01__A8_ROUTE_POOL_RECOMBINATION__seed1,multidepot,e2-multidepot-100c-01,A8_ROUTE_POOL_RECOMBINATION,1,879,shaw_related_removal,regret2_insert_repair,False,False,candidate_usable,softmax,sample,879,13,0.24683091957271713,0.016405286872963123,nan,0.802225
4000,STRUCTURAL_RESCUE__b4000__multidepot__e2-multidepot-100c-01__A8_ROUTE_POOL_RECOMBINATION__seed1,multidepot,e2-multidepot-100c-01,A8_ROUTE_POOL_RECOMBINATION,1,880,random_customer_removal,regret3_insert_repair,False,False,candidate_usable,softmax,sample,880,226,2.491584696194346,0.2693993165349562,nan,0.802
4000,STRUCTURAL_RESCUE__b4000__multidepot__e2-multidepot-100c-01__A8_ROUTE_POOL_RECOMBINATION__seed1,multidepot,e2-multidepot-100c-01,A8_ROUTE_POOL_RECOMBINATION,1,881,random_customer_removal,greedy_insert_repair,False,False,candidate_usable,softmax,sample,881,15,0.23414928802478158,0.016191790383202318,nan,0.801775
4000,STRUCTURAL_RESCUE__b4000__multidepot__e2-multidepot-100c-01__A8_ROUTE_POOL_RECOMBINATION__seed1,multidepot,e2-multidepot-100c-01,A8_ROUTE_POOL_RECOMBINATION,1,882,route_segment_removal,regret3_insert_repair,False,False,candidate_usable,softmax,sample,882,30,1.2373078053494853,0.05657943455506737,nan,0.80155
4000,STRUCTURAL_RESCUE__b4000__multidepot__e2-multidepot-100c-01__A8_ROUTE_POOL_RECOMBINATION__seed1,multidepot,e2-multidepot-100c-01,A8_ROUTE_POOL_RECOMBINATION,1,883,random_customer_removal,regret3_insert_repair,False,False,candidate_usable,softmax,sample,883,227,2.48094907349975,0.2677306005619436,nan,0.801325
4000,STRUCTURAL_RESCUE__b4000__multidepot__e2-multidepot-100c-01__A8_ROUTE_POOL_RECOMBINATION__seed1,multidepot,e2-multidepot-100c-01,A8_ROUTE_POOL_RECOMBINATION,1,884,vehicle_type_swap,regret3_insert_repair,False,False,candidate_usable,softmax,sample,884,9,0.2829907748389696,0.01728971622045241,nan,0.8011
4000,STRUCTURAL_RESCUE__b4000__multidepot__e2-multidepot-100c-01__A8_ROUTE_POOL_RECOMBINATION__seed1,multidepot,e2-multidepot-100c-01,A8_ROUTE_POOL_RECOMBINATION,1,885,route_segment_removal,regret3_insert_repair,False,False,unchanged,softmax,sample,885,31,1.201224382367028,0.05440239077592911,nan,0.800875
4000,STRUCTURAL_RESCUE__b4000__multidepot__e2-multidepot-100c-01__A8_ROUTE_POOL_RECOMBINATION__seed1,multidepot,e2-multidepot-100c-01,A8_ROUTE_POOL_RECOMBINATION,1,886,random_customer_removal,regret3_insert_repair,False,False,candidate_usable,softmax,sample,886,228,2.4704065174971874,0.2660548919464894,nan,0.80065
4000,STRUCTURAL_RESCUE__b4000__multidepot__e2-multidepot-100c-01__A8_ROUTE_POOL_RECOMBINATION__seed1,multidepot,e2-multidepot-100c-01,A8_ROUTE_POOL_RECOMBINATION,1,887,random_customer_removal,regret3_insert_repair,False,False,candidate_usable,softmax,sample,887,229,2.459947759531072,0.2635891654651985,nan,0.8004249999999999
4000,STRUCTURAL_RESCUE__b4000__multidepot__e2-multidepot-100c-01__A8_ROUTE_POOL_RECOMBINATION__seed1,multidepot,e2-multidepot-100c-01,A8_ROUTE_POOL_RECOMBINATION,1,888,random_customer_removal,regret2_insert_repair,False,False,candidate_usable,softmax,sample,888,27,1.0726182134020408,0.04672860005152486,nan,0.8002
4000,STRUCTURAL_RESCUE__b4000__multidepot__e2-multidepot-100c-01__A8_ROUTE_POOL_RECOMBINATION__seed1,multidepot,e2-multidepot-100c-01,A8_ROUTE_POOL_RECOMBINATION,1,889,whole_route_removal,greedy_insert_repair,True,False,candidate_usable,softmax,sample,889,13,0.5469948724891253,0.024265541397907847,nan,0.799975
4000,STRUCTURAL_RESCUE__b4000__multidepot__e2-multidepot-100c-01__A8_ROUTE_POOL_RECOMBINATION__seed1,multidepot,e2-multidepot-100c-01,A8_ROUTE_POOL_RECOMBINATION,1,890,worst_customer_removal,greedy_insert_repair,False,False,unchanged,softmax,sample,890,11,0.2627963725798415,0.016940521137628582,nan,0.79975
4000,STRUCTURAL_RESCUE__b4000__multidepot__e2-multidepot-100c-01__A8_ROUTE_POOL_RECOMBINATION__seed1,multidepot,e2-multidepot-100c-01,A8_ROUTE_POOL_RECOMBINATION,1,891,shaw_related_removal,greedy_insert_repair,False,False,unchanged,softmax,sample,891,6,0.3286388575625653,0.018389094709794725,nan,0.799525
4000,STRUCTURAL_RESCUE__b4000__multidepot__e2-multidepot-100c-01__A8_ROUTE_POOL_RECOMBINATION__seed1,multidepot,e2-multidepot-100c-01,A8_ROUTE_POOL_RECOMBINATION,1,892,whole_route_removal,regret2_insert_repair,False,False,unchanged,softmax,sample,892,22,1.3764586769007066,0.06821287056114829,nan,0.7993
4000,STRUCTURAL_RESCUE__b4000__multidepot__e2-multidepot-100c-01__A8_ROUTE_POOL_RECOMBINATION__seed1,multidepot,e2-multidepot-100c-01,A8_ROUTE_POOL_RECOMBINATION,1,893,random_customer_removal,regret3_insert_repair,True,False,candidate_usable,softmax,sample,893,230,2.449599750479099,0.2624368743561387,nan,0.799075
4000,STRUCTURAL_RESCUE__b4000__multidepot__e2-multidepot-100c-01__A8_ROUTE_POOL_RECOMBINATION__seed1,multidepot,e2-multidepot-100c-01,A8_ROUTE_POOL_RECOMBINATION,1,894,random_customer_removal,regret3_insert_repair,True,False,candidate_usable,softmax,sample,894,231,2.447762758545008,0.262068948644558,nan,0.7988500000000001
4000,STRUCTURAL_RESCUE__b4000__multidepot__e2-multidepot-100c-01__A8_ROUTE_POOL_RECOMBINATION__seed1,multidepot,e2-multidepot-100c-01,A8_ROUTE_POOL_RECOMBINATION,1,895,vehicle_type_swap,greedy_insert_repair,False,False,candidate_usable,softmax,sample,895,9,0.28320275149277174,0.017446513147810174,nan,0.798625
4000,STRUCTURAL_RESCUE__b4000__multidepot__e2-multidepot-100c-01__A8_ROUTE_POOL_RECOMBINATION__seed1,multidepot,e2-multidepot-100c-01,A8_ROUTE_POOL_RECOMBINATION,1,896,worst_customer_removal,regret3_insert_repair,False,False,unchanged,softmax,sample,896,168,2.1183388622215387,0.17371587527928087,nan,0.7984
4000,STRUCTURAL_RESCUE__b4000__multidepot__e2-multidepot-100c-01__A8_ROUTE_POOL_RECOMBINATION__seed1,multidepot,e2-multidepot-100c-01,A8_ROUTE_POOL_RECOMBINATION,1,897,route_segment_removal,regret3_insert_repair,False,False,unchanged,softmax,sample,897,32,1.16745744059986,0.05292568984719013,nan,0.798175
4000,STRUCTURAL_RESCUE__b4000__multidepot__e2-multidepot-100c-01__A8_ROUTE_POOL_RECOMBINATION__seed1,multidepot,e2-multidepot-100c-01,A8_ROUTE_POOL_RECOMBINATION,1,898,whole_route_removal,regret3_insert_repair,True,False,candidate_usable,softmax,sample,898,58,0.9684454477325785,0.04132222845039965,nan,0.7979499999999999
4000,STRUCTURAL_RESCUE__b4000__multidepot__e2-multidepot-100c-01__A8_ROUTE_POOL_RECOMBINATION__seed1,multidepot,e2-multidepot-100c-01,A8_ROUTE_POOL_RECOMBINATION,1,899,random_customer_removal,regret3_insert_repair,False,False,candidate_usable,softmax,sample,899,232,2.445957213101231,0.26305680945644133,nan,0.797725
4000,STRUCTURAL_RESCUE__b4000__multidepot__e2-multidepot-100c-01__A8_ROUTE_POOL_RECOMBINATION__seed1,multidepot,e2-multidepot-100c-01,A8_ROUTE_POOL_RECOMBINATION,1,900,route_segment_removal,regret3_insert_repair,False,False,unchanged,softmax,sample,900,33,1.135614613055663,0.05105704963985427,nan,0.7975
4000,STRUCTURAL_RESCUE__b4000__multidepot__e2-multidepot-100c-01__A8_ROUTE_POOL_RECOMBINATION__seed1,multidepot,e2-multidepot-100c-01,A8_ROUTE_POOL_RECOMBINATION,1,901,shaw_related_removal,greedy_insert_repair,False,False,unchanged,softmax,sample,901,7,0.3108565605857484,0.01817765614365432,nan,0.797275
4000,STRUCTURAL_RESCUE__b4000__multidepot__e2-multidepot-100c-01__A8_ROUTE_POOL_RECOMBINATION__seed1,multidepot,e2-multidepot-100c-01,A8_ROUTE_POOL_RECOMBINATION,1,902,random_customer_removal,regret3_insert_repair,False,False,unchanged,softmax,sample,902,233,2.4357899699983623,0.26140419187536235,nan,0.79705
4000,STRUCTURAL_RESCUE__b4000__multidepot__e2-multidepot-100c-01__A8_ROUTE_POOL_RECOMBINATION__seed1,multidepot,e2-multidepot-100c-01,A8_ROUTE_POOL_RECOMBINATION,1,903,whole_route_removal,regret2_insert_repair,False,False,unchanged,softmax,sample,903,23,1.3223692442942208,0.06486675147069065,nan,0.796825
4000,STRUCTURAL_RESCUE__b4000__multidepot__e2-multidepot-100c-01__A8_ROUTE_POOL_RECOMBINATION__seed1,multidepot,e2-multidepot-100c-01,A8_ROUTE_POOL_RECOMBINATION,1,904,vehicle_type_swap,regret2_insert_repair,False,False,candidate_usable,softmax,sample,904,192,1.7273407035180701,0.10826122674940342,nan,0.7966
4000,STRUCTURAL_RESCUE__b4000__multidepot__e2-multidepot-100c-01__A8_ROUTE_POOL_RECOMBINATION__seed1,multidepot,e2-multidepot-100c-01,A8_ROUTE_POOL_RECOMBINATION,1,905,route_segment_removal,greedy_insert_repair,False,False,unchanged,softmax,sample,905,13,0.24725312680546108,0.016898374766996092,nan,0.796375
4000,STRUCTURAL_RESCUE__b4000__multidepot__e2-multidepot-100c-01__A8_ROUTE_POOL_RECOMBINATION__seed1,multidepot,e2-multidepot-100c-01,A8_ROUTE_POOL_RECOMBINATION,1,906,route_segment_removal,regret3_insert_repair,False,False,candidate_usable,softmax,sample,906,34,1.1056462895814465,0.049652970267518505,nan,0.79615
4000,STRUCTURAL_RESCUE__b4000__multidepot__e2-multidepot-100c-01__A8_ROUTE_POOL_RECOMBINATION__seed1,multidepot,e2-multidepot-100c-01,A8_ROUTE_POOL_RECOMBINATION,1,907,shaw_related_removal,regret2_insert_repair,False,False,unchanged,softmax,sample,907,14,0.24059547918529856,0.016772999825837433,nan,0.795925
4000,STRUCTURAL_RESCUE__b4000__multidepot__e2-multidepot-100c-01__A8_ROUTE_POOL_RECOMBINATION__seed1,multidepot,e2-multidepot-100c-01,A8_ROUTE_POOL_RECOMBINATION,1,908,vehicle_type_swap,regret2_insert_repair,False,False,candidate_usable,softmax,sample,908,193,1.7188051320887903,0.10746458615310153,nan,0.7957
4000,STRUCTURAL_RESCUE__b4000__multidepot__e2-multidepot-100c-01__A8_ROUTE_POOL_RECOMBINATION__seed1,multidepot,e2-multidepot-100c-01,A8_ROUTE_POOL_RECOMBINATION,1,909,route_segment_removal,regret3_insert_repair,False,False,unchanged,softmax,sample,909,35,1.0773344363388626,0.048035558361658494,nan,0.7954749999999999
4000,STRUCTURAL_RESCUE__b4000__multidepot__e2-multidepot-100c-01__A8_ROUTE_POOL_RECOMBINATION__seed1,multidepot,e2-multidepot-100c-01,A8_ROUTE_POOL_RECOMBINATION,1,910,vehicle_type_swap,greedy_insert_repair,False,False,candidate_usable,softmax,sample,910,10,0.27262145444694325,0.01748683489042179,nan,0.79525
4000,STRUCTURAL_RESCUE__b4000__multidepot__e2-multidepot-100c-01__A8_ROUTE_POOL_RECOMBINATION__seed1,multidepot,e2-multidepot-100c-01,A8_ROUTE_POOL_RECOMBINATION,1,911,whole_route_removal,greedy_insert_repair,True,False,candidate_usable,softmax,sample,911,14,0.6585141121686868,0.028405055235979318,nan,0.795025
4000,STRUCTURAL_RESCUE__b4000__multidepot__e2-multidepot-100c-01__A8_ROUTE_POOL_RECOMBINATION__seed1,multidepot,e2-multidepot-100c-01,A8_ROUTE_POOL_RECOMBINATION,1,912,worst_customer_removal,regret3_insert_repair,False,False,candidate_usable,softmax,sample,912,169,2.106342253814014,0.17490007575794345,nan,0.7948
4000,STRUCTURAL_RESCUE__b4000__multidepot__e2-multidepot-100c-01__A8_ROUTE_POOL_RECOMBINATION__seed1,multidepot,e2-multidepot-100c-01,A8_ROUTE_POOL_RECOMBINATION,1,913,random_customer_removal,regret3_insert_repair,False,False,candidate_usable,softmax,sample,913,234,2.4257404826563516,0.26216618017654714,nan,0.794575
4000,STRUCTURAL_RESCUE__b4000__multidepot__e2-multidepot-100c-01__A8_ROUTE_POOL_RECOMBINATION__seed1,multidepot,e2-multidepot-100c-01,A8_ROUTE_POOL_RECOMBINATION,1,914,worst_customer_removal,greedy_insert_repair,False,False,unchanged,softmax,sample,914,12,0.2548477718513549,0.017109689337995233,nan,0.79435
4000,STRUCTURAL_RESCUE__b4000__multidepot__e2-multidepot-100c-01__A8_ROUTE_POOL_RECOMBINATION__seed1,multidepot,e2-multidepot-100c-01,A8_ROUTE_POOL_RECOMBINATION,1,915,vehicle_type_swap,regret2_insert_repair,False,False,candidate_usable,softmax,sample,915,194,1.7103699301425055,0.10693170579535315,nan,0.794125
4000,STRUCTURAL_RESCUE__b4000__multidepot__e2-multidepot-100c-01__A8_ROUTE_POOL_RECOMBINATION__seed1,multidepot,e2-multidepot-100c-01,A8_ROUTE_POOL_RECOMBINATION,1,916,worst_customer_removal,regret3_insert_repair,False,False,candidate_usable,softmax,sample,916,170,2.094431541937013,0.1736638240946158,nan,0.7939
4000,STRUCTURAL_RESCUE__b4000__multidepot__e2-multidepot-100c-01__A8_ROUTE_POOL_RECOMBINATION__seed1,multidepot,e2-multidepot-100c-01,A8_ROUTE_POOL_RECOMBINATION,1,917,vehicle_type_swap,regret2_insert_repair,False,False,candidate_usable,softmax,sample,917,195,1.7019997976804144,0.10620980100629135,nan,0.793675
4000,STRUCTURAL_RESCUE__b4000__multidepot__e2-multidepot-100c-01__A8_ROUTE_POOL_RECOMBINATION__seed1,multidepot,e2-multidepot-100c-01,A8_ROUTE_POOL_RECOMBINATION,1,918,worst_customer_removal,regret3_insert_repair,False,False,candidate_usable,softmax,sample,918,171,2.082650693860391,0.17179526571028714,nan,0.79345
4000,STRUCTURAL_RESCUE__b4000__multidepot__e2-multidepot-100c-01__A8_ROUTE_POOL_RECOMBINATION__seed1,multidepot,e2-multidepot-100c-01,A8_ROUTE_POOL_RECOMBINATION,1,919,whole_route_removal,regret2_insert_repair,False,False,candidate_usable,softmax,sample,919,24,1.27277684441122,0.0620537273134888,nan,0.793225
4000,STRUCTURAL_RESCUE__b4000__multidepot__e2-multidepot-100c-01__A8_ROUTE_POOL_RECOMBINATION__seed1,multidepot,e2-multidepot-100c-01,A8_ROUTE_POOL_RECOMBINATION,1,920,vehicle_type_swap,regret2_insert_repair,False,False,candidate_usable,softmax,sample,920,196,1.6937189396314516,0.10586923320042577,nan,0.7929999999999999
4000,STRUCTURAL_RESCUE__b4000__multidepot__e2-multidepot-100c-01__A8_ROUTE_POOL_RECOMBINATION__seed1,multidepot,e2-multidepot-100c-01,A8_ROUTE_POOL_RECOMBINATION,1,921,random_customer_removal,regret3_insert_repair,False,False,candidate_usable,softmax,sample,921,235,2.415764492372903,0.26351705459217545,nan,0.792775
4000,STRUCTURAL_RESCUE__b4000__multidepot__e2-multidepot-100c-01__A8_ROUTE_POOL_RECOMBINATION__seed1,multidepot,e2-multidepot-100c-01,A8_ROUTE_POOL_RECOMBINATION,1,922,shaw_related_removal,greedy_insert_repair,False,False,unchanged,softmax,sample,922,8,0.2963534810795767,0.018238496403075823,nan,0.79255
4000,STRUCTURAL_RESCUE__b4000__multidepot__e2-multidepot-100c-01__A8_ROUTE_POOL_RECOMBINATION__seed1,multidepot,e2-multidepot-100c-01,A8_ROUTE_POOL_RECOMBINATION,1,923,random_customer_removal,regret3_insert_repair,False,False,candidate_usable,softmax,sample,923,236,2.4058499243904814,0.26132829069313035,nan,0.792325
4000,STRUCTURAL_RESCUE__b4000__multidepot__e2-multidepot-100c-01__A8_ROUTE_POOL_RECOMBINATION__seed1,multidepot,e2-multidepot-100c-01,A8_ROUTE_POOL_RECOMBINATION,1,924,random_customer_removal,regret3_insert_repair,True,False,candidate_usable,softmax,sample,924,237,2.396015031980321,0.2590161448692166,nan,0.7921
4000,STRUCTURAL_RESCUE__b4000__multidepot__e2-multidepot-100c-01__A8_ROUTE_POOL_RECOMBINATION__seed1,multidepot,e2-multidepot-100c-01,A8_ROUTE_POOL_RECOMBINATION,1,925,route_segment_removal,regret2_insert_repair,False,False,candidate_usable,softmax,sample,925,48,1.4337301501113195,0.076899473689668,nan,0.791875
4000,STRUCTURAL_RESCUE__b4000__multidepot__e2-multidepot-100c-01__A8_ROUTE_POOL_RECOMBINATION__seed1,multidepot,e2-multidepot-100c-01,A8_ROUTE_POOL_RECOMBINATION,1,926,random_customer_removal,regret3_insert_repair,False,False,candidate_usable,softmax,sample,926,238,2.394459638113938,0.2594654831530352,nan,0.79165
4000,STRUCTURAL_RESCUE__b4000__multidepot__e2-multidepot-100c-01__A8_ROUTE_POOL_RECOMBINATION__seed1,multidepot,e2-multidepot-100c-01,A8_ROUTE_POOL_RECOMBINATION,1,927,random_customer_removal,regret3_insert_repair,True,False,candidate_usable,softmax,sample,927,239,2.38475430566743,0.25719289409073626,nan,0.791425
4000,STRUCTURAL_RESCUE__b4000__multidepot__e2-multidepot-100c-01__A8_ROUTE_POOL_RECOMBINATION__seed1,multidepot,e2-multidepot-100c-01,A8_ROUTE_POOL_RECOMBINATION,1,928,shaw_related_removal,regret3_insert_repair,False,False,candidate_usable,softmax,sample,928,10,0.272940819522929,0.017840698413325168,nan,0.7912
4000,STRUCTURAL_RESCUE__b4000__multidepot__e2-multidepot-100c-01__A8_ROUTE_POOL_RECOMBINATION__seed1,multidepot,e2-multidepot-100c-01,A8_ROUTE_POOL_RECOMBINATION,1,929,random_customer_removal,regret3_insert_repair,False,False,candidate_usable,softmax,sample,929,240,2.383258401531484,0.2570385608785795,nan,0.790975
4000,STRUCTURAL_RESCUE__b4000__multidepot__e2-multidepot-100c-01__A8_ROUTE_POOL_RECOMBINATION__seed1,multidepot,e2-multidepot-100c-01,A8_ROUTE_POOL_RECOMBINATION,1,930,random_customer_removal,regret3_insert_repair,False,False,candidate_usable,softmax,sample,930,241,2.3736796991614466,0.254807678803558,nan,0.79075
4000,STRUCTURAL_RESCUE__b4000__multidepot__e2-multidepot-100c-01__A8_ROUTE_POOL_RECOMBINATION__seed1,multidepot,e2-multidepot-100c-01,A8_ROUTE_POOL_RECOMBINATION,1,931,route_segment_removal,regret2_insert_repair,False,False,unchanged,softmax,sample,931,49,1.4066339925068947,0.07523052341557408,nan,0.7905249999999999
4000,STRUCTURAL_RESCUE__b4000__multidepot__e2-multidepot-100c-01__A8_ROUTE_POOL_RECOMBINATION__seed1,multidepot,e2-multidepot-100c-01,A8_ROUTE_POOL_RECOMBINATION,1,932,worst_customer_removal,regret3_insert_repair,False,False,candidate_usable,softmax,sample,932,172,2.0710596306979805,0.1748054739352718,nan,0.7903
4000,STRUCTURAL_RESCUE__b4000__multidepot__e2-multidepot-100c-01__A8_ROUTE_POOL_RECOMBINATION__seed1,multidepot,e2-multidepot-100c-01,A8_ROUTE_POOL_RECOMBINATION,1,933,route_segment_removal,regret3_insert_repair,False,False,unchanged,softmax,sample,933,36,1.0507728226117414,0.04818339984917888,nan,0.790075
4000,STRUCTURAL_RESCUE__b4000__multidepot__e2-multidepot-100c-01__A8_ROUTE_POOL_RECOMBINATION__seed1,multidepot,e2-multidepot-100c-01,A8_ROUTE_POOL_RECOMBINATION,1,934,random_customer_removal,regret3_insert_repair,False,False,candidate_usable,softmax,sample,934,242,2.364191114093009,0.2544817686693598,nan,0.7898499999999999
4000,STRUCTURAL_RESCUE__b4000__multidepot__e2-multidepot-100c-01__A8_ROUTE_POOL_RECOMBINATION__seed1,multidepot,e2-multidepot-100c-01,A8_ROUTE_POOL_RECOMBINATION,1,935,random_customer_removal,regret3_insert_repair,False,False,candidate_usable,softmax,sample,935,243,2.3547693395390086,0.2522993225416226,nan,0.789625
4000,STRUCTURAL_RESCUE__b4000__multidepot__e2-multidepot-100c-01__A8_ROUTE_POOL_RECOMBINATION__seed1,multidepot,e2-multidepot-100c-01,A8_ROUTE_POOL_RECOMBINATION,1,936,worst_customer_removal,regret3_insert_repair,False,False,unchanged,softmax,sample,936,173,2.0595579690047146,0.17414960399084503,nan,0.7894
4000,STRUCTURAL_RESCUE__b4000__multidepot__e2-multidepot-100c-01__A8_ROUTE_POOL_RECOMBINATION__seed1,multidepot,e2-multidepot-100c-01,A8_ROUTE_POOL_RECOMBINATION,1,937,worst_customer_removal,regret3_insert_repair,False,False,unchanged,softmax,sample,937,174,2.0481750132461163,0.17211740691664354,nan,0.789175
4000,STRUCTURAL_RESCUE__b4000__multidepot__e2-multidepot-100c-01__A8_ROUTE_POOL_RECOMBINATION__seed1,multidepot,e2-multidepot-100c-01,A8_ROUTE_POOL_RECOMBINATION,1,938,whole_route_removal,greedy_insert_repair,False,False,candidate_usable,softmax,sample,938,15,0.7549975064589824,0.03350488954931242,nan,0.78895
4000,STRUCTURAL_RESCUE__b4000__multidepot__e2-multidepot-100c-01__A8_ROUTE_POOL_RECOMBINATION__seed1,multidepot,e2-multidepot-100c-01,A8_ROUTE_POOL_RECOMBINATION,1,939,random_customer_removal,regret3_insert_repair,True,False,candidate_usable,softmax,sample,939,244,2.3454356419669278,0.2520064564880403,nan,0.788725
4000,STRUCTURAL_RESCUE__b4000__multidepot__e2-multidepot-100c-01__A8_ROUTE_POOL_RECOMBINATION__seed1,multidepot,e2-multidepot-100c-01,A8_ROUTE_POOL_RECOMBINATION,1,940,shaw_related_removal,greedy_insert_repair,False,False,unchanged,softmax,sample,940,9,0.28404175934367576,0.018464399820439823,nan,0.7885
4000,STRUCTURAL_RESCUE__b4000__multidepot__e2-multidepot-100c-01__A8_ROUTE_POOL_RECOMBINATION__seed1,multidepot,e2-multidepot-100c-01,A8_ROUTE_POOL_RECOMBINATION,1,941,vehicle_type_swap,regret2_insert_repair,False,False,candidate_usable,softmax,sample,941,197,1.6855959772504718,0.10925090753038566,nan,0.7882750000000001
4000,STRUCTURAL_RESCUE__b4000__multidepot__e2-multidepot-100c-01__A8_ROUTE_POOL_RECOMBINATION__seed1,multidepot,e2-multidepot-100c-01,A8_ROUTE_POOL_RECOMBINATION,1,942,worst_customer_removal,regret3_insert_repair,False,False,unchanged,softmax,sample,942,175,2.036939021407549,0.17082886614769768,nan,0.78805
4000,STRUCTURAL_RESCUE__b4000__multidepot__e2-multidepot-100c-01__A8_ROUTE_POOL_RECOMBINATION__seed1,multidepot,e2-multidepot-100c-01,A8_ROUTE_POOL_RECOMBINATION,1,943,worst_customer_removal,regret3_insert_repair,False,False,candidate_usable,softmax,sample,943,176,2.0258130840842132,0.16886885499505996,nan,0.787825
4000,STRUCTURAL_RESCUE__b4000__multidepot__e2-multidepot-100c-01__A8_ROUTE_POOL_RECOMBINATION__seed1,multidepot,e2-multidepot-100c-01,A8_ROUTE_POOL_RECOMBINATION,1,944,vehicle_type_swap,regret2_insert_repair,False,False,candidate_usable,softmax,sample,944,198,1.6774809031647067,0.10878551185964497,nan,0.7876
4000,STRUCTURAL_RESCUE__b4000__multidepot__e2-multidepot-100c-01__A8_ROUTE_POOL_RECOMBINATION__seed1,multidepot,e2-multidepot-100c-01,A8_ROUTE_POOL_RECOMBINATION,1,945,worst_customer_removal,regret3_insert_repair,False,False,candidate_usable,softmax,sample,945,177,2.0148167145586826,0.16716316396728073,nan,0.787375
4000,STRUCTURAL_RESCUE__b4000__multidepot__e2-multidepot-100c-01__A8_ROUTE_POOL_RECOMBINATION__seed1,multidepot,e2-multidepot-100c-01,A8_ROUTE_POOL_RECOMBINATION,1,946,worst_customer_removal,regret3_insert_repair,False,False,candidate_usable,softmax,sample,946,178,2.003939222235337,0.16527768845487878,nan,0.78715
4000,STRUCTURAL_RESCUE__b4000__multidepot__e2-multidepot-100c-01__A8_ROUTE_POOL_RECOMBINATION__seed1,multidepot,e2-multidepot-100c-01,A8_ROUTE_POOL_RECOMBINATION,1,947,random_customer_removal,regret2_insert_repair,False,False,candidate_usable,softmax,sample,947,28,1.0392941290978703,0.04862841351099594,nan,0.786925
4000,STRUCTURAL_RESCUE__b4000__multidepot__e2-multidepot-100c-01__A8_ROUTE_POOL_RECOMBINATION__seed1,multidepot,e2-multidepot-100c-01,A8_ROUTE_POOL_RECOMBINATION,1,948,random_customer_removal,regret3_insert_repair,True,False,candidate_usable,softmax,sample,948,245,2.344155311123484,0.2558536779441334,nan,0.7867
4000,STRUCTURAL_RESCUE__b4000__multidepot__e2-multidepot-100c-01__A8_ROUTE_POOL_RECOMBINATION__seed1,multidepot,e2-multidepot-100c-01,A8_ROUTE_POOL_RECOMBINATION,1,949,vehicle_type_swap,regret2_insert_repair,False,False,candidate_usable,softmax,sample,949,199,1.6694551206027852,0.10857599231674336,nan,0.786475
4000,STRUCTURAL_RESCUE__b4000__multidepot__e2-multidepot-100c-01__A8_ROUTE_POOL_RECOMBINATION__seed1,multidepot,e2-multidepot-100c-01,A8_ROUTE_POOL_RECOMBINATION,1,950,random_customer_removal,regret3_insert_repair,False,False,unchanged,softmax,sample,950,246,2.3428598007036014,0.2559741739903048,nan,0.78625
4000,STRUCTURAL_RESCUE__b4000__multidepot__e2-multidepot-100c-01__A8_ROUTE_POOL_RECOMBINATION__seed1,multidepot,e2-multidepot-100c-01,A8_ROUTE_POOL_RECOMBINATION,1,951,worst_customer_removal,regret2_insert_repair,False,False,unchanged,softmax,sample,951,9,0.2842403045556655,0.018715104731616396,nan,0.786025
4000,STRUCTURAL_RESCUE__b4000__multidepot__e2-multidepot-100c-01__A8_ROUTE_POOL_RECOMBINATION__seed1,multidepot,e2-multidepot-100c-01,A8_ROUTE_POOL_RECOMBINATION,1,952,worst_customer_removal,greedy_insert_repair,False,False,unchanged,softmax,sample,952,13,0.24798434142490305,0.01786782891461224,nan,0.7858
4000,STRUCTURAL_RESCUE__b4000__multidepot__e2-multidepot-100c-01__A8_ROUTE_POOL_RECOMBINATION__seed1,multidepot,e2-multidepot-100c-01,A8_ROUTE_POOL_RECOMBINATION,1,953,random_customer_removal,regret2_insert_repair,True,False,candidate_usable,softmax,sample,953,29,1.007673185102164,0.04698086823934074,nan,0.785575
4000,STRUCTURAL_RESCUE__b4000__multidepot__e2-multidepot-100c-01__A8_ROUTE_POOL_RECOMBINATION__seed1,multidepot,e2-multidepot-100c-01,A8_ROUTE_POOL_RECOMBINATION,1,954,route_segment_removal,regret2_insert_repair,False,False,unchanged,softmax,sample,954,50,1.3807471386081624,0.07537191553752351,nan,0.78535
4000,STRUCTURAL_RESCUE__b4000__multidepot__e2-multidepot-100c-01__A8_ROUTE_POOL_RECOMBINATION__seed1,multidepot,e2-multidepot-100c-01,A8_ROUTE_POOL_RECOMBINATION,1,955,route_segment_removal,regret2_insert_repair,False,False,unchanged,softmax,sample,955,51,1.3556937389544597,0.07317444128844898,nan,0.7851250000000001
4000,STRUCTURAL_RESCUE__b4000__multidepot__e2-multidepot-100c-01__A8_ROUTE_POOL_RECOMBINATION__seed1,multidepot,e2-multidepot-100c-01,A8_ROUTE_POOL_RECOMBINATION,1,956,route_segment_removal,regret3_insert_repair,False,False,unchanged,softmax,sample,956,37,1.0256140257412976,0.04815701780836047,nan,0.7849
4000,STRUCTURAL_RESCUE__b4000__multidepot__e2-multidepot-100c-01__A8_ROUTE_POOL_RECOMBINATION__seed1,multidepot,e2-multidepot-100c-01,A8_ROUTE_POOL_RECOMBINATION,1,957,whole_route_removal,regret3_insert_repair,False,False,unchanged,softmax,sample,957,59,0.9871974173874981,0.04591470897136147,nan,0.784675
4000,STRUCTURAL_RESCUE__b4000__multidepot__e2-multidepot-100c-01__A8_ROUTE_POOL_RECOMBINATION__seed1,multidepot,e2-multidepot-100c-01,A8_ROUTE_POOL_RECOMBINATION,1,958,vehicle_type_swap,regret3_insert_repair,False,False,candidate_usable,softmax,sample,958,10,0.27345861646371916,0.018496727895009814,nan,0.78445
4000,STRUCTURAL_RESCUE__b4000__multidepot__e2-multidepot-100c-01__A8_ROUTE_POOL_RECOMBINATION__seed1,multidepot,e2-multidepot-100c-01,A8_ROUTE_POOL_RECOMBINATION,1,959,vehicle_type_swap,regret2_insert_repair,False,False,candidate_usable,softmax,sample,959,200,1.6615291332647273,0.10856552909369618,nan,0.784225
4000,STRUCTURAL_RESCUE__b4000__multidepot__e2-multidepot-100c-01__A8_ROUTE_POOL_RECOMBINATION__seed1,multidepot,e2-multidepot-100c-01,A8_ROUTE_POOL_RECOMBINATION,1,960,vehicle_type_swap,regret3_insert_repair,False,False,candidate_usable,softmax,sample,960,11,0.2639777933800654,0.018281779821500733,nan,0.784
4000,STRUCTURAL_RESCUE__b4000__multidepot__e2-multidepot-100c-01__A8_ROUTE_POOL_RECOMBINATION__seed1,multidepot,e2-multidepot-100c-01,A8_ROUTE_POOL_RECOMBINATION,1,961,random_customer_removal,regret3_insert_repair,False,False,candidate_usable,softmax,sample,961,247,2.333712078995705,0.2563049486990221,nan,0.783775
4000,STRUCTURAL_RESCUE__b4000__multidepot__e2-multidepot-100c-01__A8_ROUTE_POOL_RECOMBINATION__seed1,multidepot,e2-multidepot-100c-01,A8_ROUTE_POOL_RECOMBINATION,1,962,route_segment_removal,regret2_insert_repair,False,False,unchanged,softmax,sample,962,52,1.3316403586890482,0.07157540188029454,nan,0.78355
4000,STRUCTURAL_RESCUE__b4000__multidepot__e2-multidepot-100c-01__A8_ROUTE_POOL_RECOMBINATION__seed1,multidepot,e2-multidepot-100c-01,A8_ROUTE_POOL_RECOMBINATION,1,963,random_customer_removal,regret3_insert_repair,False,False,candidate_usable,softmax,sample,963,248,2.32460585395447,0.2547818718314219,nan,0.783325
4000,STRUCTURAL_RESCUE__b4000__multidepot__e2-multidepot-100c-01__A8_ROUTE_POOL_RECOMBINATION__seed1,multidepot,e2-multidepot-100c-01,A8_ROUTE_POOL_RECOMBINATION,1,964,vehicle_type_swap,greedy_insert_repair,False,False,candidate_usable,softmax,sample,964,11,0.2640424895721873,0.01839994084049853,nan,0.7831
4000,STRUCTURAL_RESCUE__b4000__multidepot__e2-multidepot-100c-01__A8_ROUTE_POOL_RECOMBINATION__seed1,multidepot,e2-multidepot-100c-01,A8_ROUTE_POOL_RECOMBINATION,1,965,vehicle_type_swap,regret3_insert_repair,False,False,candidate_usable,softmax,sample,965,12,0.2556608684848024,0.01819930577171263,nan,0.782875
4000,STRUCTURAL_RESCUE__b4000__multidepot__e2-multidepot-100c-01__A8_ROUTE_POOL_RECOMBINATION__seed1,multidepot,e2-multidepot-100c-01,A8_ROUTE_POOL_RECOMBINATION,1,966,worst_customer_removal,regret3_insert_repair,False,False,unchanged,softmax,sample,966,179,1.9932626843914756,0.16754481850009115,nan,0.7826500000000001
4000,STRUCTURAL_RESCUE__b4000__multidepot__e2-multidepot-100c-01__A8_ROUTE_POOL_RECOMBINATION__seed1,multidepot,e2-multidepot-100c-01,A8_ROUTE_POOL_RECOMBINATION,1,967,vehicle_type_swap,regret2_insert_repair,False,False,candidate_usable,softmax,sample,967,201,1.6536736085268693,0.10881798500477405,nan,0.782425
4000,STRUCTURAL_RESCUE__b4000__multidepot__e2-multidepot-100c-01__A8_ROUTE_POOL_RECOMBINATION__seed1,multidepot,e2-multidepot-100c-01,A8_ROUTE_POOL_RECOMBINATION,1,968,random_customer_removal,regret3_insert_repair,False,False,candidate_usable,softmax,sample,968,249,2.315583170053631,0.25392284372148904,nan,0.7822
4000,STRUCTURAL_RESCUE__b4000__multidepot__e2-multidepot-100c-01__A8_ROUTE_POOL_RECOMBINATION__seed1,multidepot,e2-multidepot-100c-01,A8_ROUTE_POOL_RECOMBINATION,1,969,whole_route_removal,regret3_insert_repair,False,False,unchanged,softmax,sample,969,60,0.9724705464021905,0.04572483569127765,nan,0.781975
4000,STRUCTURAL_RESCUE__b4000__multidepot__e2-multidepot-100c-01__A8_ROUTE_POOL_RECOMBINATION__seed1,multidepot,e2-multidepot-100c-01,A8_ROUTE_POOL_RECOMBINATION,1,970,whole_route_removal,greedy_insert_repair,False,False,unchanged,softmax,sample,970,16,0.7174127431420585,0.03301677156901673,nan,0.78175
4000,STRUCTURAL_RESCUE__b4000__multidepot__e2-multidepot-100c-01__A8_ROUTE_POOL_RECOMBINATION__seed1,multidepot,e2-multidepot-100c-01,A8_ROUTE_POOL_RECOMBINATION,1,971,worst_customer_removal,regret3_insert_repair,False,False,candidate_usable,softmax,sample,971,180,1.9826416290164803,0.16684227697980014,nan,0.781525
4000,STRUCTURAL_RESCUE__b4000__multidepot__e2-multidepot-100c-01__A8_ROUTE_POOL_RECOMBINATION__seed1,multidepot,e2-multidepot-100c-01,A8_ROUTE_POOL_RECOMBINATION,1,972,worst_customer_removal,regret3_insert_repair,True,False,candidate_usable,softmax,sample,972,181,1.9721211137869592,0.1650088496048285,nan,0.7813
4000,STRUCTURAL_RESCUE__b4000__multidepot__e2-multidepot-100c-01__A8_ROUTE_POOL_RECOMBINATION__seed1,multidepot,e2-multidepot-100c-01,A8_ROUTE_POOL_RECOMBINATION,1,973,vehicle_type_swap,regret3_insert_repair,False,False,candidate_usable,softmax,sample,973,13,0.24829863919484868,0.01815825064686909,nan,0.781075
4000,STRUCTURAL_RESCUE__b4000__multidepot__e2-multidepot-100c-01__A8_ROUTE_POOL_RECOMBINATION__seed1,multidepot,e2-multidepot-100c-01,A8_ROUTE_POOL_RECOMBINATION,1,974,route_segment_removal,regret2_insert_repair,False,False,unchanged,softmax,sample,974,53,1.3085234227658509,0.07057000278254177,nan,0.78085
4000,STRUCTURAL_RESCUE__b4000__multidepot__e2-multidepot-100c-01__A8_ROUTE_POOL_RECOMBINATION__seed1,multidepot,e2-multidepot-100c-01,A8_ROUTE_POOL_RECOMBINATION,1,975,route_segment_removal,regret3_insert_repair,True,False,candidate_usable,softmax,sample,975,38,1.00172202013252,0.04772770180825618,nan,0.780625
4000,STRUCTURAL_RESCUE__b4000__multidepot__e2-multidepot-100c-01__A8_ROUTE_POOL_RECOMBINATION__seed1,multidepot,e2-multidepot-100c-01,A8_ROUTE_POOL_RECOMBINATION,1,976,random_customer_removal,regret3_insert_repair,True,False,candidate_usable,softmax,sample,976,250,2.3066429150873207,0.2536008949056156,nan,0.7804
4000,STRUCTURAL_RESCUE__b4000__multidepot__e2-multidepot-100c-01__A8_ROUTE_POOL_RECOMBINATION__seed1,multidepot,e2-multidepot-100c-01,A8_ROUTE_POOL_RECOMBINATION,1,977,vehicle_type_swap,regret2_insert_repair,False,False,candidate_usable,softmax,sample,977,202,1.6459031601875624,0.10880068530699326,nan,0.7801750000000001
4000,STRUCTURAL_RESCUE__b4000__multidepot__e2-multidepot-100c-01__A8_ROUTE_POOL_RECOMBINATION__seed1,multidepot,e2-multidepot-100c-01,A8_ROUTE_POOL_RECOMBINATION,1,978,whole_route_removal,greedy_insert_repair,False,False,unchanged,softmax,sample,978,17,0.6837715425474834,0.031723826726866786,nan,0.77995
4000,STRUCTURAL_RESCUE__b4000__multidepot__e2-multidepot-100c-01__A8_ROUTE_POOL_RECOMBINATION__seed1,multidepot,e2-multidepot-100c-01,A8_ROUTE_POOL_RECOMBINATION,1,979,route_segment_removal,regret2_insert_repair,False,False,unchanged,softmax,sample,979,54,1.28620236090877,0.06875802501014723,nan,0.779725
4000,STRUCTURAL_RESCUE__b4000__multidepot__e2-multidepot-100c-01__A8_ROUTE_POOL_RECOMBINATION__seed1,multidepot,e2-multidepot-100c-01,A8_ROUTE_POOL_RECOMBINATION,1,980,random_customer_removal,regret3_insert_repair,False,False,candidate_usable,softmax,sample,980,251,2.3055286911564137,0.2546937637757153,nan,0.7795
4000,STRUCTURAL_RESCUE__b4000__multidepot__e2-multidepot-100c-01__A8_ROUTE_POOL_RECOMBINATION__seed1,multidepot,e2-multidepot-100c-01,A8_ROUTE_POOL_RECOMBINATION,1,981,random_customer_removal,regret3_insert_repair,False,False,candidate_usable,softmax,sample,981,252,2.296674692242393,0.2526199566136953,nan,0.7792749999999999
4000,STRUCTURAL_RESCUE__b4000__multidepot__e2-multidepot-100c-01__A8_ROUTE_POOL_RECOMBINATION__seed1,multidepot,e2-multidepot-100c-01,A8_ROUTE_POOL_RECOMBINATION,1,982,random_customer_removal,regret2_insert_repair,False,False,candidate_usable,softmax,sample,982,30,1.0433499796934778,0.05071591639006917,nan,0.77905
4000,STRUCTURAL_RESCUE__b4000__multidepot__e2-multidepot-100c-01__A8_ROUTE_POOL_RECOMBINATION__seed1,multidepot,e2-multidepot-100c-01,A8_ROUTE_POOL_RECOMBINATION,1,983,worst_customer_removal,regret3_insert_repair,False,False,candidate_usable,softmax,sample,983,182,1.9724707827665988,0.16749670044281043,nan,0.778825
4000,STRUCTURAL_RESCUE__b4000__multidepot__e2-multidepot-100c-01__A8_ROUTE_POOL_RECOMBINATION__seed1,multidepot,e2-multidepot-100c-01,A8_ROUTE_POOL_RECOMBINATION,1,984,vehicle_type_swap,regret3_insert_repair,False,False,candidate_usable,softmax,sample,984,14,0.24173094538854306,0.01818278650536351,nan,0.7786
4000,STRUCTURAL_RESCUE__b4000__multidepot__e2-multidepot-100c-01__A8_ROUTE_POOL_RECOMBINATION__seed1,multidepot,e2-multidepot-100c-01,A8_ROUTE_POOL_RECOMBINATION,1,985,whole_route_removal,greedy_insert_repair,False,False,candidate_usable,softmax,sample,985,18,0.6537032881172203,0.030859075121299703,nan,0.778375
4000,STRUCTURAL_RESCUE__b4000__multidepot__e2-multidepot-100c-01__A8_ROUTE_POOL_RECOMBINATION__seed1,multidepot,e2-multidepot-100c-01,A8_ROUTE_POOL_RECOMBINATION,1,986,random_customer_removal,regret3_insert_repair,False,False,candidate_usable,softmax,sample,986,253,2.287904236438818,0.25221777029768994,nan,0.77815
4000,STRUCTURAL_RESCUE__b4000__multidepot__e2-multidepot-100c-01__A8_ROUTE_POOL_RECOMBINATION__seed1,multidepot,e2-multidepot-100c-01,A8_ROUTE_POOL_RECOMBINATION,1,987,route_segment_removal,regret3_insert_repair,False,False,unchanged,softmax,sample,987,39,1.0289751057152072,0.050153750534357416,nan,0.777925
4000,STRUCTURAL_RESCUE__b4000__multidepot__e2-multidepot-100c-01__A8_ROUTE_POOL_RECOMBINATION__seed1,multidepot,e2-multidepot-100c-01,A8_ROUTE_POOL_RECOMBINATION,1,988,worst_customer_removal,regret3_insert_repair,False,False,unchanged,softmax,sample,988,183,1.9621361831479165,0.16671536999006384,nan,0.7777000000000001
4000,STRUCTURAL_RESCUE__b4000__multidepot__e2-multidepot-100c-01__A8_ROUTE_POOL_RECOMBINATION__seed1,multidepot,e2-multidepot-100c-01,A8_ROUTE_POOL_RECOMBINATION,1,989,route_segment_removal,regret2_insert_repair,False,False,unchanged,softmax,sample,989,55,1.264721177332882,0.06814443148994843,nan,0.777475
4000,STRUCTURAL_RESCUE__b4000__multidepot__e2-multidepot-100c-01__A8_ROUTE_POOL_RECOMBINATION__seed1,multidepot,e2-multidepot-100c-01,A8_ROUTE_POOL_RECOMBINATION,1,990,worst_customer_removal,regret3_insert_repair,False,False,candidate_usable,softmax,sample,990,184,1.9519015422877517,0.16525192680447018,nan,0.77725
4000,STRUCTURAL_RESCUE__b4000__multidepot__e2-multidepot-100c-01__A8_ROUTE_POOL_RECOMBINATION__seed1,multidepot,e2-multidepot-100c-01,A8_ROUTE_POOL_RECOMBINATION,1,991,whole_route_removal,regret3_insert_repair,False,False,candidate_usable,softmax,sample,991,61,0.9582894394801481,0.04611120040902963,nan,0.777025
4000,STRUCTURAL_RESCUE__b4000__multidepot__e2-multidepot-100c-01__A8_ROUTE_POOL_RECOMBINATION__seed1,multidepot,e2-multidepot-100c-01,A8_ROUTE_POOL_RECOMBINATION,1,992,route_segment_removal,regret2_insert_repair,False,False,unchanged,softmax,sample,992,56,1.2439493110074693,0.06664784384426174,nan,0.7767999999999999
4000,STRUCTURAL_RESCUE__b4000__multidepot__e2-multidepot-100c-01__A8_ROUTE_POOL_RECOMBINATION__seed1,multidepot,e2-multidepot-100c-01,A8_ROUTE_POOL_RECOMBINATION,1,993,random_customer_removal,regret3_insert_repair,True,False,candidate_usable,softmax,sample,993,254,2.2792094217832055,0.253193009781228,nan,0.776575
4000,STRUCTURAL_RESCUE__b4000__multidepot__e2-multidepot-100c-01__A8_ROUTE_POOL_RECOMBINATION__seed1,multidepot,e2-multidepot-100c-01,A8_ROUTE_POOL_RECOMBINATION,1,994,worst_customer_removal,regret3_insert_repair,False,False,candidate_usable,softmax,sample,994,185,1.9417851088461284,0.16404716948166254,nan,0.77635
4000,STRUCTURAL_RESCUE__b4000__multidepot__e2-multidepot-100c-01__A8_ROUTE_POOL_RECOMBINATION__seed1,multidepot,e2-multidepot-100c-01,A8_ROUTE_POOL_RECOMBINATION,1,995,worst_customer_removal,regret3_insert_repair,False,False,candidate_usable,softmax,sample,995,186,1.9317652356633308,0.16231351176278364,nan,0.776125
4000,STRUCTURAL_RESCUE__b4000__multidepot__e2-multidepot-100c-01__A8_ROUTE_POOL_RECOMBINATION__seed1,multidepot,e2-multidepot-100c-01,A8_ROUTE_POOL_RECOMBINATION,1,996,random_customer_removal,regret3_insert_repair,False,False,candidate_usable,softmax,sample,996,255,2.2782161279877395,0.25424132983606507,nan,0.7759
4000,STRUCTURAL_RESCUE__b4000__multidepot__e2-multidepot-100c-01__A8_ROUTE_POOL_RECOMBINATION__seed1,multidepot,e2-multidepot-100c-01,A8_ROUTE_POOL_RECOMBINATION,1,997,random_customer_removal,regret3_insert_repair,False,False,unchanged,softmax,sample,997,256,2.2696065145770823,0.25222024021666845,nan,0.775675
4000,STRUCTURAL_RESCUE__b4000__multidepot__e2-multidepot-100c-01__A8_ROUTE_POOL_RECOMBINATION__seed1,multidepot,e2-multidepot-100c-01,A8_ROUTE_POOL_RECOMBINATION,1,998,vehicle_type_swap,regret2_insert_repair,False,False,candidate_usable,softmax,sample,998,203,1.6382504483688844,0.11207811936411928,nan,0.77545
4000,STRUCTURAL_RESCUE__b4000__multidepot__e2-multidepot-100c-01__A8_ROUTE_POOL_RECOMBINATION__seed1,multidepot,e2-multidepot-100c-01,A8_ROUTE_POOL_RECOMBINATION,1,999,worst_customer_removal,regret2_insert_repair,False,False,candidate_usable,softmax,sample,999,10,0.27413884137020783,0.01931216766858812,nan,0.775225
4000,STRUCTURAL_RESCUE__b4000__multidepot__e2-multidepot-100c-01__A8_ROUTE_POOL_RECOMBINATION__seed1,multidepot,e2-multidepot-100c-01,A8_ROUTE_POOL_RECOMBINATION,1,1000,random_customer_removal,regret3_insert_repair,False,False,unchanged,softmax,sample,1000,257,2.2610704339232215,0.2507142603606338,nan,0.775
4000,STRUCTURAL_RESCUE__b4000__multidepot__e2-multidepot-100c-01__A8_ROUTE_POOL_RECOMBINATION__seed1,multidepot,e2-multidepot-100c-01,A8_ROUTE_POOL_RECOMBINATION,1,1001,route_segment_removal,regret3_insert_repair,False,False,unchanged,softmax,sample,1001,40,1.0061139329606892,0.04977846377229834,nan,0.774775
4000,STRUCTURAL_RESCUE__b4000__multidepot__e2-multidepot-100c-01__A8_ROUTE_POOL_RECOMBINATION__seed1,multidepot,e2-multidepot-100c-01,A8_ROUTE_POOL_RECOMBINATION,1,1002,vehicle_type_swap,greedy_insert_repair,False,False,candidate_usable,softmax,sample,1002,12,0.2562224458120135,0.01892796618638647,nan,0.77455
4000,STRUCTURAL_RESCUE__b4000__multidepot__e2-multidepot-100c-01__A8_ROUTE_POOL_RECOMBINATION__seed1,multidepot,e2-multidepot-100c-01,A8_ROUTE_POOL_RECOMBINATION,1,1003,route_segment_removal,regret2_insert_repair,True,False,candidate_usable,softmax,sample,1003,57,1.2239551491196334,0.06603286348350225,nan,0.774325
4000,STRUCTURAL_RESCUE__b4000__multidepot__e2-multidepot-100c-01__A8_ROUTE_POOL_RECOMBINATION__seed1,multidepot,e2-multidepot-100c-01,A8_ROUTE_POOL_RECOMBINATION,1,1004,worst_customer_removal,regret3_insert_repair,False,False,candidate_usable,softmax,sample,1004,187,1.921883510491872,0.1624620577053967,nan,0.7741
4000,STRUCTURAL_RESCUE__b4000__multidepot__e2-multidepot-100c-01__A8_ROUTE_POOL_RECOMBINATION__seed1,multidepot,e2-multidepot-100c-01,A8_ROUTE_POOL_RECOMBINATION,1,1005,whole_route_removal,regret3_insert_repair,False,False,unchanged,softmax,sample,1005,62,0.9445046320472653,0.046048945322563935,nan,0.773875
4000,STRUCTURAL_RESCUE__b4000__multidepot__e2-multidepot-100c-01__A8_ROUTE_POOL_RECOMBINATION__seed1,multidepot,e2-multidepot-100c-01,A8_ROUTE_POOL_RECOMBINATION,1,1006,random_customer_removal,regret3_insert_repair,False,False,candidate_usable,softmax,sample,1006,258,2.25261032707984,0.24991833392755528,nan,0.77365
4000,STRUCTURAL_RESCUE__b4000__multidepot__e2-multidepot-100c-01__A8_ROUTE_POOL_RECOMBINATION__seed1,multidepot,e2-multidepot-100c-01,A8_ROUTE_POOL_RECOMBINATION,1,1007,random_customer_removal,regret3_insert_repair,False,False,candidate_usable,softmax,sample,1007,259,2.2441988261295385,0.24796096498688833,nan,0.773425
4000,STRUCTURAL_RESCUE__b4000__multidepot__e2-multidepot-100c-01__A8_ROUTE_POOL_RECOMBINATION__seed1,multidepot,e2-multidepot-100c-01,A8_ROUTE_POOL_RECOMBINATION,1,1008,worst_customer_removal,regret3_insert_repair,False,False,candidate_usable,softmax,sample,1008,188,1.9120870412632152,0.16185692057042747,nan,0.7732
4000,STRUCTURAL_RESCUE__b4000__multidepot__e2-multidepot-100c-01__A8_ROUTE_POOL_RECOMBINATION__seed1,multidepot,e2-multidepot-100c-01,A8_ROUTE_POOL_RECOMBINATION,1,1009,random_customer_removal,regret3_insert_repair,False,False,candidate_usable,softmax,sample,1009,260,2.235855162765703,0.2466016602057412,nan,0.772975
4000,STRUCTURAL_RESCUE__b4000__multidepot__e2-multidepot-100c-01__A8_ROUTE_POOL_RECOMBINATION__seed1,multidepot,e2-multidepot-100c-01,A8_ROUTE_POOL_RECOMBINATION,1,1010,random_customer_removal,regret3_insert_repair,False,False,candidate_usable,softmax,sample,1010,261,2.2275719922365895,0.24468995966350537,nan,0.77275
4000,STRUCTURAL_RESCUE__b4000__multidepot__e2-multidepot-100c-01__A8_ROUTE_POOL_RECOMBINATION__seed1,multidepot,e2-multidepot-100c-01,A8_ROUTE_POOL_RECOMBINATION,1,1011,vehicle_type_swap,regret2_insert_repair,False,False,candidate_usable,softmax,sample,1011,204,1.6306415014186855,0.11331676628690375,nan,0.772525
4000,STRUCTURAL_RESCUE__b4000__multidepot__e2-multidepot-100c-01__A8_ROUTE_POOL_RECOMBINATION__seed1,multidepot,e2-multidepot-100c-01,A8_ROUTE_POOL_RECOMBINATION,1,1012,vehicle_type_swap,regret2_insert_repair,False,False,candidate_usable,softmax,sample,1012,205,1.623061960238464,0.11234315759165871,nan,0.7723
4000,STRUCTURAL_RESCUE__b4000__multidepot__e2-multidepot-100c-01__A8_ROUTE_POOL_RECOMBINATION__seed1,multidepot,e2-multidepot-100c-01,A8_ROUTE_POOL_RECOMBINATION,1,1013,shaw_related_removal,regret3_insert_repair,False,False,candidate_usable,softmax,sample,1013,11,0.2648124481829227,0.019365660146762026,nan,0.7720750000000001
4000,STRUCTURAL_RESCUE__b4000__multidepot__e2-multidepot-100c-01__A8_ROUTE_POOL_RECOMBINATION__seed1,multidepot,e2-multidepot-100c-01,A8_ROUTE_POOL_RECOMBINATION,1,1014,random_customer_removal,regret3_insert_repair,False,False,candidate_usable,softmax,sample,1014,262,2.2193617035457134,0.2436092741921787,nan,0.7718499999999999
4000,STRUCTURAL_RESCUE__b4000__multidepot__e2-multidepot-100c-01__A8_ROUTE_POOL_RECOMBINATION__seed1,multidepot,e2-multidepot-100c-01,A8_ROUTE_POOL_RECOMBINATION,1,1015,random_customer_removal,greedy_insert_repair,False,False,unchanged,softmax,sample,1015,16,0.2305042431065679,0.018558739756597036,nan,0.771625
4000,STRUCTURAL_RESCUE__b4000__multidepot__e2-multidepot-100c-01__A8_ROUTE_POOL_RECOMBINATION__seed1,multidepot,e2-multidepot-100c-01,A8_ROUTE_POOL_RECOMBINATION,1,1016,vehicle_type_swap,regret2_insert_repair,False,False,candidate_usable,softmax,sample,1016,206,1.6155667473248845,0.11173510594315722,nan,0.7714
4000,STRUCTURAL_RESCUE__b4000__multidepot__e2-multidepot-100c-01__A8_ROUTE_POOL_RECOMBINATION__seed1,multidepot,e2-multidepot-100c-01,A8_ROUTE_POOL_RECOMBINATION,1,1017,worst_customer_removal,regret3_insert_repair,False,False,candidate_usable,softmax,sample,1017,189,1.9024130695502635,0.16226616981221,nan,0.771175
4000,STRUCTURAL_RESCUE__b4000__multidepot__e2-multidepot-100c-01__A8_ROUTE_POOL_RECOMBINATION__seed1,multidepot,e2-multidepot-100c-01,A8_ROUTE_POOL_RECOMBINATION,1,1018,random_customer_removal,regret3_insert_repair,False,False,unchanged,softmax,sample,1018,263,2.2112136776319518,0.2427369238489656,nan,0.77095
4000,STRUCTURAL_RESCUE__b4000__multidepot__e2-multidepot-100c-01__A8_ROUTE_POOL_RECOMBINATION__seed1,multidepot,e2-multidepot-100c-01,A8_ROUTE_POOL_RECOMBINATION,1,1019,whole_route_removal,regret2_insert_repair,False,False,candidate_usable,softmax,sample,1019,25,1.2279985026928315,0.06797356087294629,nan,0.770725
4000,STRUCTURAL_RESCUE__b4000__multidepot__e2-multidepot-100c-01__A8_ROUTE_POOL_RECOMBINATION__seed1,multidepot,e2-multidepot-100c-01,A8_ROUTE_POOL_RECOMBINATION,1,1020,whole_route_removal,regret2_insert_repair,False,False,unchanged,softmax,sample,1020,26,1.1855871428325677,0.06456370687901233,nan,0.7705
4000,STRUCTURAL_RESCUE__b4000__multidepot__e2-multidepot-100c-01__A8_ROUTE_POOL_RECOMBINATION__seed1,multidepot,e2-multidepot-100c-01,A8_ROUTE_POOL_RECOMBINATION,1,1021,random_customer_removal,regret2_insert_repair,False,False,candidate_usable,softmax,sample,1021,31,1.0138779411568146,0.05182469295920267,nan,0.770275
4000,STRUCTURAL_RESCUE__b4000__multidepot__e2-multidepot-100c-01__A8_ROUTE_POOL_RECOMBINATION__seed1,multidepot,e2-multidepot-100c-01,A8_ROUTE_POOL_RECOMBINATION,1,1022,vehicle_type_swap,regret2_insert_repair,False,False,candidate_usable,softmax,sample,1022,207,1.6081509451090503,0.11231449127925505,nan,0.77005
4000,STRUCTURAL_RESCUE__b4000__multidepot__e2-multidepot-100c-01__A8_ROUTE_POOL_RECOMBINATION__seed1,multidepot,e2-multidepot-100c-01,A8_ROUTE_POOL_RECOMBINATION,1,1023,worst_customer_removal,regret3_insert_repair,True,False,candidate_usable,softmax,sample,1023,190,1.8928290375129275,0.16275478854168063,nan,0.769825
4000,STRUCTURAL_RESCUE__b4000__multidepot__e2-multidepot-100c-01__A8_ROUTE_POOL_RECOMBINATION__seed1,multidepot,e2-multidepot-100c-01,A8_ROUTE_POOL_RECOMBINATION,1,1024,vehicle_type_swap,regret3_insert_repair,False,False,candidate_usable,softmax,sample,1024,15,0.2361779779078679,0.018909549484989706,nan,0.7696
4000,STRUCTURAL_RESCUE__b4000__multidepot__e2-multidepot-100c-01__A8_ROUTE_POOL_RECOMBINATION__seed1,multidepot,e2-multidepot-100c-01,A8_ROUTE_POOL_RECOMBINATION,1,1025,shaw_related_removal,regret3_insert_repair,False,False,candidate_usable,softmax,sample,1025,12,0.2565604478594131,0.01941119616910833,nan,0.769375
4000,STRUCTURAL_RESCUE__b4000__multidepot__e2-multidepot-100c-01__A8_ROUTE_POOL_RECOMBINATION__seed1,multidepot,e2-multidepot-100c-01,A8_ROUTE_POOL_RECOMBINATION,1,1026,random_customer_removal,regret3_insert_repair,False,False,candidate_usable,softmax,sample,1026,264,2.2031400840457334,0.24381749933840408,nan,0.76915
4000,STRUCTURAL_RESCUE__b4000__multidepot__e2-multidepot-100c-01__A8_ROUTE_POOL_RECOMBINATION__seed1,multidepot,e2-multidepot-100c-01,A8_ROUTE_POOL_RECOMBINATION,1,1027,vehicle_type_swap,regret2_insert_repair,False,False,candidate_usable,softmax,sample,1027,208,1.6008025033616191,0.1117106088053301,nan,0.7689250000000001
4000,STRUCTURAL_RESCUE__b4000__multidepot__e2-multidepot-100c-01__A8_ROUTE_POOL_RECOMBINATION__seed1,multidepot,e2-multidepot-100c-01,A8_ROUTE_POOL_RECOMBINATION,1,1028,random_customer_removal,regret3_insert_repair,False,False,candidate_usable,softmax,sample,1028,265,2.1951080043016136,0.24229909556417767,nan,0.7686999999999999
4000,STRUCTURAL_RESCUE__b4000__multidepot__e2-multidepot-100c-01__A8_ROUTE_POOL_RECOMBINATION__seed1,multidepot,e2-multidepot-100c-01,A8_ROUTE_POOL_RECOMBINATION,1,1029,worst_customer_removal,regret3_insert_repair,False,False,candidate_usable,softmax,sample,1029,191,1.8935543884098034,0.16411632082942337,nan,0.768475
4000,STRUCTURAL_RESCUE__b4000__multidepot__e2-multidepot-100c-01__A8_ROUTE_POOL_RECOMBINATION__seed1,multidepot,e2-multidepot-100c-01,A8_ROUTE_POOL_RECOMBINATION,1,1030,random_customer_removal,greedy_insert_repair,False,False,candidate_usable,softmax,sample,1030,17,0.22560415692393013,0.018758954962796472,nan,0.76825
4000,STRUCTURAL_RESCUE__b4000__multidepot__e2-multidepot-100c-01__A8_ROUTE_POOL_RECOMBINATION__seed1,multidepot,e2-multidepot-100c-01,A8_ROUTE_POOL_RECOMBINATION,1,1031,route_segment_removal,regret2_insert_repair,False,False,unchanged,softmax,sample,1031,58,1.2383801242225336,0.07010640020867187,nan,0.768025
4000,STRUCTURAL_RESCUE__b4000__multidepot__e2-multidepot-100c-01__A8_ROUTE_POOL_RECOMBINATION__seed1,multidepot,e2-multidepot-100c-01,A8_ROUTE_POOL_RECOMBINATION,1,1032,whole_route_removal,regret2_insert_repair,False,False,candidate_usable,softmax,sample,1032,27,1.1463717728553668,0.06229381132416703,nan,0.7678
4000,STRUCTURAL_RESCUE__b4000__multidepot__e2-multidepot-100c-01__A8_ROUTE_POOL_RECOMBINATION__seed1,multidepot,e2-multidepot-100c-01,A8_ROUTE_POOL_RECOMBINATION,1,1033,random_customer_removal,greedy_insert_repair,False,False,candidate_usable,softmax,sample,1033,18,0.22095632012230956,0.01870954820435406,nan,0.767575
4000,STRUCTURAL_RESCUE__b4000__multidepot__e2-multidepot-100c-01__A8_ROUTE_POOL_RECOMBINATION__seed1,multidepot,e2-multidepot-100c-01,A8_ROUTE_POOL_RECOMBINATION,1,1034,vehicle_type_swap,regret2_insert_repair,False,False,candidate_usable,softmax,sample,1034,209,1.5935312403093467,0.11187826535863839,nan,0.76735
4000,STRUCTURAL_RESCUE__b4000__multidepot__e2-multidepot-100c-01__A8_ROUTE_POOL_RECOMBINATION__seed1,multidepot,e2-multidepot-100c-01,A8_ROUTE_POOL_RECOMBINATION,1,1035,whole_route_removal,regret2_insert_repair,False,False,candidate_usable,softmax,sample,1035,28,1.1098245293406381,0.059620047773904394,nan,0.7671250000000001
4000,STRUCTURAL_RESCUE__b4000__multidepot__e2-multidepot-100c-01__A8_ROUTE_POOL_RECOMBINATION__seed1,multidepot,e2-multidepot-100c-01,A8_ROUTE_POOL_RECOMBINATION,1,1036,whole_route_removal,greedy_insert_repair,False,False,candidate_usable,softmax,sample,1036,19,0.6271886955664291,0.031853442689974254,nan,0.7669
4000,STRUCTURAL_RESCUE__b4000__multidepot__e2-multidepot-100c-01__A8_ROUTE_POOL_RECOMBINATION__seed1,multidepot,e2-multidepot-100c-01,A8_ROUTE_POOL_RECOMBINATION,1,1037,worst_customer_removal,regret3_insert_repair,False,False,candidate_usable,softmax,sample,1037,192,1.8841229916123465,0.16423817615433706,nan,0.766675
4000,STRUCTURAL_RESCUE__b4000__multidepot__e2-multidepot-100c-01__A8_ROUTE_POOL_RECOMBINATION__seed1,multidepot,e2-multidepot-100c-01,A8_ROUTE_POOL_RECOMBINATION,1,1038,vehicle_type_swap,regret2_insert_repair,False,False,candidate_usable,softmax,sample,1038,210,1.586318221004364,0.1116033774112539,nan,0.76645
4000,STRUCTURAL_RESCUE__b4000__multidepot__e2-multidepot-100c-01__A8_ROUTE_POOL_RECOMBINATION__seed1,multidepot,e2-multidepot-100c-01,A8_ROUTE_POOL_RECOMBINATION,1,1039,whole_route_removal,regret2_insert_repair,False,False,unchanged,softmax,sample,1039,29,1.0757627376420391,0.057382463935339065,nan,0.766225
4000,STRUCTURAL_RESCUE__b4000__multidepot__e2-multidepot-100c-01__A8_ROUTE_POOL_RECOMBINATION__seed1,multidepot,e2-multidepot-100c-01,A8_ROUTE_POOL_RECOMBINATION,1,1040,route_segment_removal,regret3_insert_repair,False,False,unchanged,softmax,sample,1040,41,0.9845520397192936,0.05105405343434849,nan,0.766
4000,STRUCTURAL_RESCUE__b4000__multidepot__e2-multidepot-100c-01__A8_ROUTE_POOL_RECOMBINATION__seed1,multidepot,e2-multidepot-100c-01,A8_ROUTE_POOL_RECOMBINATION,1,1041,vehicle_type_swap,regret2_insert_repair,False,False,candidate_usable,softmax,sample,1041,211,1.579169754332448,0.1111181008196625,nan,0.765775
4000,STRUCTURAL_RESCUE__b4000__multidepot__e2-multidepot-100c-01__A8_ROUTE_POOL_RECOMBINATION__seed1,multidepot,e2-multidepot-100c-01,A8_ROUTE_POOL_RECOMBINATION,1,1042,random_customer_removal,regret3_insert_repair,False,False,candidate_usable,softmax,sample,1042,266,2.1871741704563425,0.24613934101258794,nan,0.76555
4000,STRUCTURAL_RESCUE__b4000__multidepot__e2-multidepot-100c-01__A8_ROUTE_POOL_RECOMBINATION__seed1,multidepot,e2-multidepot-100c-01,A8_ROUTE_POOL_RECOMBINATION,1,1043,shaw_related_removal,regret2_insert_repair,False,False,unchanged,softmax,sample,1043,15,0.23642444539870014,0.01929460433633416,nan,0.765325
4000,STRUCTURAL_RESCUE__b4000__multidepot__e2-multidepot-100c-01__A8_ROUTE_POOL_RECOMBINATION__seed1,multidepot,e2-multidepot-100c-01,A8_ROUTE_POOL_RECOMBINATION,1,1044,whole_route_removal,regret3_insert_repair,False,False,unchanged,softmax,sample,1044,63,0.9313138800371705,0.0478350039285384,nan,0.7651
4000,STRUCTURAL_RESCUE__b4000__multidepot__e2-multidepot-100c-01__A8_ROUTE_POOL_RECOMBINATION__seed1,multidepot,e2-multidepot-100c-01,A8_ROUTE_POOL_RECOMBINATION,1,1045,worst_customer_removal,regret3_insert_repair,False,False,unchanged,softmax,sample,1045,193,1.874788874148067,0.16433286202864514,nan,0.764875
4000,STRUCTURAL_RESCUE__b4000__multidepot__e2-multidepot-100c-01__A8_ROUTE_POOL_RECOMBINATION__seed1,multidepot,e2-multidepot-100c-01,A8_ROUTE_POOL_RECOMBINATION,1,1046,vehicle_type_swap,regret2_insert_repair,False,False,candidate_usable,softmax,sample,1046,212,1.5720954814536778,0.1108531050091159,nan,0.76465
4000,STRUCTURAL_RESCUE__b4000__multidepot__e2-multidepot-100c-01__A8_ROUTE_POOL_RECOMBINATION__seed1,multidepot,e2-multidepot-100c-01,A8_ROUTE_POOL_RECOMBINATION,1,1047,vehicle_type_swap,regret2_insert_repair,False,False,candidate_usable,softmax,sample,1047,213,1.5650733783399995,0.10995901422370284,nan,0.764425
4000,STRUCTURAL_RESCUE__b4000__multidepot__e2-multidepot-100c-01__A8_ROUTE_POOL_RECOMBINATION__seed1,multidepot,e2-multidepot-100c-01,A8_ROUTE_POOL_RECOMBINATION,1,1048,worst_customer_removal,regret2_insert_repair,False,False,unchanged,softmax,sample,1048,11,0.26533837881183336,0.020093520773653988,nan,0.7642
4000,STRUCTURAL_RESCUE__b4000__multidepot__e2-multidepot-100c-01__A8_ROUTE_POOL_RECOMBINATION__seed1,multidepot,e2-multidepot-100c-01,A8_ROUTE_POOL_RECOMBINATION,1,1049,route_segment_removal,regret3_insert_repair,False,False,unchanged,softmax,sample,1049,42,0.9637647138914057,0.05011844375829626,nan,0.7639750000000001
4000,STRUCTURAL_RESCUE__b4000__multidepot__e2-multidepot-100c-01__A8_ROUTE_POOL_RECOMBINATION__seed1,multidepot,e2-multidepot-100c-01,A8_ROUTE_POOL_RECOMBINATION,1,1050,route_segment_removal,regret3_insert_repair,True,False,candidate_usable,softmax,sample,1050,43,0.9438675463785398,0.04888479144904446,nan,0.7637499999999999
4000,STRUCTURAL_RESCUE__b4000__multidepot__e2-multidepot-100c-01__A8_ROUTE_POOL_RECOMBINATION__seed1,multidepot,e2-multidepot-100c-01,A8_ROUTE_POOL_RECOMBINATION,1,1051,whole_route_removal,regret3_insert_repair,False,False,candidate_usable,softmax,sample,1051,64,0.9183244516755737,0.04719076615917103,nan,0.763525
4000,STRUCTURAL_RESCUE__b4000__multidepot__e2-multidepot-100c-01__A8_ROUTE_POOL_RECOMBINATION__seed1,multidepot,e2-multidepot-100c-01,A8_ROUTE_POOL_RECOMBINATION,1,1052,route_segment_removal,greedy_insert_repair,True,False,candidate_usable,softmax,sample,1052,14,0.24265718793939284,0.01948417193851277,nan,0.7633
4000,STRUCTURAL_RESCUE__b4000__multidepot__e2-multidepot-100c-01__A8_ROUTE_POOL_RECOMBINATION__seed1,multidepot,e2-multidepot-100c-01,A8_ROUTE_POOL_RECOMBINATION,1,1053,whole_route_removal,regret2_insert_repair,False,False,unchanged,softmax,sample,1053,30,1.0440230863993345,0.05547405079616177,nan,0.763075
4000,STRUCTURAL_RESCUE__b4000__multidepot__e2-multidepot-100c-01__A8_ROUTE_POOL_RECOMBINATION__seed1,multidepot,e2-multidepot-100c-01,A8_ROUTE_POOL_RECOMBINATION,1,1054,random_customer_removal,regret3_insert_repair,False,False,candidate_usable,softmax,sample,1054,267,2.1792929375023005,0.24619201424746,nan,0.76285
4000,STRUCTURAL_RESCUE__b4000__multidepot__e2-multidepot-100c-01__A8_ROUTE_POOL_RECOMBINATION__seed1,multidepot,e2-multidepot-100c-01,A8_ROUTE_POOL_RECOMBINATION,1,1055,random_customer_removal,regret2_insert_repair,True,False,candidate_usable,softmax,sample,1055,32,0.9861659958356893,0.05164788568710029,nan,0.762625
4000,STRUCTURAL_RESCUE__b4000__multidepot__e2-multidepot-100c-01__A8_ROUTE_POOL_RECOMBINATION__seed1,multidepot,e2-multidepot-100c-01,A8_ROUTE_POOL_RECOMBINATION,1,1056,route_segment_removal,regret2_insert_repair,True,False,candidate_usable,softmax,sample,1056,59,1.2192361861925145,0.06994726027326467,nan,0.7624
4000,STRUCTURAL_RESCUE__b4000__multidepot__e2-multidepot-100c-01__A8_ROUTE_POOL_RECOMBINATION__seed1,multidepot,e2-multidepot-100c-01,A8_ROUTE_POOL_RECOMBINATION,1,1057,shaw_related_removal,regret2_insert_repair,False,False,candidate_usable,softmax,sample,1057,16,0.2310314969334569,0.019102940943818824,nan,0.762175
4000,STRUCTURAL_RESCUE__b4000__multidepot__e2-multidepot-100c-01__A8_ROUTE_POOL_RECOMBINATION__seed1,multidepot,e2-multidepot-100c-01,A8_ROUTE_POOL_RECOMBINATION,1,1058,route_segment_removal,regret2_insert_repair,False,False,unchanged,softmax,sample,1058,60,1.2330747435298075,0.07113853461935542,nan,0.76195
4000,STRUCTURAL_RESCUE__b4000__multidepot__e2-multidepot-100c-01__A8_ROUTE_POOL_RECOMBINATION__seed1,multidepot,e2-multidepot-100c-01,A8_ROUTE_POOL_RECOMBINATION,1,1059,vehicle_type_swap,regret2_insert_repair,False,False,candidate_usable,softmax,sample,1059,214,1.5581547672864773,0.10918666049165289,nan,0.761725
4000,STRUCTURAL_RESCUE__b4000__multidepot__e2-multidepot-100c-01__A8_ROUTE_POOL_RECOMBINATION__seed1,multidepot,e2-multidepot-100c-01,A8_ROUTE_POOL_RECOMBINATION,1,1060,random_customer_removal,regret3_insert_repair,True,False,candidate_usable,softmax,sample,1060,268,2.1714516285039145,0.2445681678265367,nan,0.7615
4000,STRUCTURAL_RESCUE__b4000__multidepot__e2-multidepot-100c-01__A8_ROUTE_POOL_RECOMBINATION__seed1,multidepot,e2-multidepot-100c-01,A8_ROUTE_POOL_RECOMBINATION,1,1061,worst_customer_removal,regret3_insert_repair,False,False,candidate_usable,softmax,sample,1061,194,1.8655795541220586,0.16372547721484498,nan,0.761275
4000,STRUCTURAL_RESCUE__b4000__multidepot__e2-multidepot-100c-01__A8_ROUTE_POOL_RECOMBINATION__seed1,multidepot,e2-multidepot-100c-01,A8_ROUTE_POOL_RECOMBINATION,1,1062,route_segment_removal,regret2_insert_repair,True,False,candidate_usable,softmax,sample,1062,61,1.2144986306311343,0.06974471614458665,nan,0.76105
4000,STRUCTURAL_RESCUE__b4000__multidepot__e2-multidepot-100c-01__A8_ROUTE_POOL_RECOMBINATION__seed1,multidepot,e2-multidepot-100c-01,A8_ROUTE_POOL_RECOMBINATION,1,1063,whole_route_removal,greedy_insert_repair,False,False,candidate_usable,softmax,sample,1063,20,0.6029465664087066,0.031178731358767788,nan,0.760825
4000,STRUCTURAL_RESCUE__b4000__multidepot__e2-multidepot-100c-01__A8_ROUTE_POOL_RECOMBINATION__seed1,multidepot,e2-multidepot-100c-01,A8_ROUTE_POOL_RECOMBINATION,1,1064,random_customer_removal,regret3_insert_repair,True,False,candidate_usable,softmax,sample,1064,269,2.170911372614092,0.24513816872651523,nan,0.7605999999999999
4000,STRUCTURAL_RESCUE__b4000__multidepot__e2-multidepot-100c-01__A8_ROUTE_POOL_RECOMBINATION__seed1,multidepot,e2-multidepot-100c-01,A8_ROUTE_POOL_RECOMBINATION,1,1065,vehicle_type_swap,regret3_insert_repair,False,False,candidate_usable,softmax,sample,1065,16,0.23112937988502344,0.019129328932538745,nan,0.760375
4000,STRUCTURAL_RESCUE__b4000__multidepot__e2-multidepot-100c-01__A8_ROUTE_POOL_RECOMBINATION__seed1,multidepot,e2-multidepot-100c-01,A8_ROUTE_POOL_RECOMBINATION,1,1066,shaw_related_removal,greedy_insert_repair,False,False,candidate_usable,softmax,sample,1066,10,0.27518850691327684,0.020264420646921726,nan,0.76015
4000,STRUCTURAL_RESCUE__b4000__multidepot__e2-multidepot-100c-01__A8_ROUTE_POOL_RECOMBINATION__seed1,multidepot,e2-multidepot-100c-01,A8_ROUTE_POOL_RECOMBINATION,1,1067,worst_customer_removal,regret3_insert_repair,False,False,unchanged,softmax,sample,1067,195,1.8564280626111538,0.1623048091984282,nan,0.759925
4000,STRUCTURAL_RESCUE__b4000__multidepot__e2-multidepot-100c-01__A8_ROUTE_POOL_RECOMBINATION__seed1,multidepot,e2-multidepot-100c-01,A8_ROUTE_POOL_RECOMBINATION,1,1068,vehicle_type_swap,regret3_insert_repair,False,False,candidate_usable,softmax,sample,1068,17,0.22606159163486,0.019020705588594047,nan,0.7597
4000,STRUCTURAL_RESCUE__b4000__multidepot__e2-multidepot-100c-01__A8_ROUTE_POOL_RECOMBINATION__seed1,multidepot,e2-multidepot-100c-01,A8_ROUTE_POOL_RECOMBINATION,1,1069,vehicle_type_swap,regret2_insert_repair,False,False,candidate_usable,softmax,sample,1069,215,1.5512931266650705,0.1088672588450986,nan,0.759475
4000,STRUCTURAL_RESCUE__b4000__multidepot__e2-multidepot-100c-01__A8_ROUTE_POOL_RECOMBINATION__seed1,multidepot,e2-multidepot-100c-01,A8_ROUTE_POOL_RECOMBINATION,1,1070,random_customer_removal,regret3_insert_repair,False,False,candidate_usable,softmax,sample,1070,270,2.1703810372818997,0.24630456552703345,nan,0.75925
4000,STRUCTURAL_RESCUE__b4000__multidepot__e2-multidepot-100c-01__A8_ROUTE_POOL_RECOMBINATION__seed1,multidepot,e2-multidepot-100c-01,A8_ROUTE_POOL_RECOMBINATION,1,1071,whole_route_removal,regret2_insert_repair,False,False,candidate_usable,softmax,sample,1071,31,1.0143307844626683,0.05385583503367656,nan,0.7590250000000001
4000,STRUCTURAL_RESCUE__b4000__multidepot__e2-multidepot-100c-01__A8_ROUTE_POOL_RECOMBINATION__seed1,multidepot,e2-multidepot-100c-01,A8_ROUTE_POOL_RECOMBINATION,1,1072,shaw_related_removal,regret3_insert_repair,False,False,candidate_usable,softmax,sample,1072,13,0.24968852521050588,0.019696236714787527,nan,0.7587999999999999
4000,STRUCTURAL_RESCUE__b4000__multidepot__e2-multidepot-100c-01__A8_ROUTE_POOL_RECOMBINATION__seed1,multidepot,e2-multidepot-100c-01,A8_ROUTE_POOL_RECOMBINATION,1,1073,route_segment_removal,greedy_insert_repair,False,False,unchanged,softmax,sample,1073,15,0.36680397847836127,0.022978393593132848,nan,0.758575
4000,STRUCTURAL_RESCUE__b4000__multidepot__e2-multidepot-100c-01__A8_ROUTE_POOL_RECOMBINATION__seed1,multidepot,e2-multidepot-100c-01,A8_ROUTE_POOL_RECOMBINATION,1,1074,whole_route_removal,regret3_insert_repair,True,False,candidate_usable,softmax,sample,1074,65,0.9058282070400863,0.046775513183501406,nan,0.75835
4000,STRUCTURAL_RESCUE__b4000__multidepot__e2-multidepot-100c-01__A8_ROUTE_POOL_RECOMBINATION__seed1,multidepot,e2-multidepot-100c-01,A8_ROUTE_POOL_RECOMBINATION,1,1075,vehicle_type_swap,regret2_insert_repair,False,False,candidate_usable,softmax,sample,1075,216,1.5444810818866639,0.10847418487583181,nan,0.7581249999999999
4000,STRUCTURAL_RESCUE__b4000__multidepot__e2-multidepot-100c-01__A8_ROUTE_POOL_RECOMBINATION__seed1,multidepot,e2-multidepot-100c-01,A8_ROUTE_POOL_RECOMBINATION,1,1076,worst_customer_removal,regret3_insert_repair,False,False,candidate_usable,softmax,sample,1076,196,1.8473802203502223,0.16193614616903174,nan,0.7579
4000,STRUCTURAL_RESCUE__b4000__multidepot__e2-multidepot-100c-01__A8_ROUTE_POOL_RECOMBINATION__seed1,multidepot,e2-multidepot-100c-01,A8_ROUTE_POOL_RECOMBINATION,1,1077,random_customer_removal,regret3_insert_repair,False,False,candidate_usable,softmax,sample,1077,271,2.162661857902891,0.2460215552334643,nan,0.757675
4000,STRUCTURAL_RESCUE__b4000__multidepot__e2-multidepot-100c-01__A8_ROUTE_POOL_RECOMBINATION__seed1,multidepot,e2-multidepot-100c-01,A8_ROUTE_POOL_RECOMBINATION,1,1078,shaw_related_removal,greedy_insert_repair,False,False,candidate_usable,softmax,sample,1078,11,0.2657744187071015,0.020164255008597105,nan,0.75745
4000,STRUCTURAL_RESCUE__b4000__multidepot__e2-multidepot-100c-01__A8_ROUTE_POOL_RECOMBINATION__seed1,multidepot,e2-multidepot-100c-01,A8_ROUTE_POOL_RECOMBINATION,1,1079,whole_route_removal,regret3_insert_repair,False,False,candidate_usable,softmax,sample,1079,66,0.9231415620951702,0.04803030854716936,nan,0.757225
4000,STRUCTURAL_RESCUE__b4000__multidepot__e2-multidepot-100c-01__A8_ROUTE_POOL_RECOMBINATION__seed1,multidepot,e2-multidepot-100c-01,A8_ROUTE_POOL_RECOMBINATION,1,1080,worst_customer_removal,regret3_insert_repair,False,False,candidate_usable,softmax,sample,1080,197,1.8384062199429232,0.16101623848920382,nan,0.757
4000,STRUCTURAL_RESCUE__b4000__multidepot__e2-multidepot-100c-01__A8_ROUTE_POOL_RECOMBINATION__seed1,multidepot,e2-multidepot-100c-01,A8_ROUTE_POOL_RECOMBINATION,1,1081,random_customer_removal,regret3_insert_repair,False,False,candidate_usable,softmax,sample,1081,272,2.154990249013065,0.24515966398391847,nan,0.756775
4000,STRUCTURAL_RESCUE__b4000__multidepot__e2-multidepot-100c-01__A8_ROUTE_POOL_RECOMBINATION__seed1,multidepot,e2-multidepot-100c-01,A8_ROUTE_POOL_RECOMBINATION,1,1082,worst_customer_removal,regret2_insert_repair,False,False,candidate_usable,softmax,sample,1082,12,0.25736426881588004,0.020013816515819648,nan,0.75655
4000,STRUCTURAL_RESCUE__b4000__multidepot__e2-multidepot-100c-01__A8_ROUTE_POOL_RECOMBINATION__seed1,multidepot,e2-multidepot-100c-01,A8_ROUTE_POOL_RECOMBINATION,1,1083,random_customer_removal,regret3_insert_repair,False,False,candidate_usable,softmax,sample,1083,273,2.1473687287754424,0.24350100631246704,nan,0.756325
4000,STRUCTURAL_RESCUE__b4000__multidepot__e2-multidepot-100c-01__A8_ROUTE_POOL_RECOMBINATION__seed1,multidepot,e2-multidepot-100c-01,A8_ROUTE_POOL_RECOMBINATION,1,1084,route_segment_removal,regret3_insert_repair,False,False,unchanged,softmax,sample,1084,44,0.9694242046326729,0.051415562369292636,nan,0.7561
4000,STRUCTURAL_RESCUE__b4000__multidepot__e2-multidepot-100c-01__A8_ROUTE_POOL_RECOMBINATION__seed1,multidepot,e2-multidepot-100c-01,A8_ROUTE_POOL_RECOMBINATION,1,1085,vehicle_type_swap,regret2_insert_repair,False,False,candidate_usable,softmax,sample,1085,217,1.537744891071685,0.10917474552378661,nan,0.755875
4000,STRUCTURAL_RESCUE__b4000__multidepot__e2-multidepot-100c-01__A8_ROUTE_POOL_RECOMBINATION__seed1,multidepot,e2-multidepot-100c-01,A8_ROUTE_POOL_RECOMBINATION,1,1086,worst_customer_removal,regret3_insert_repair,False,False,unchanged,softmax,sample,1086,198,1.8295295209984141,0.16079424640367337,nan,0.7556499999999999
4000,STRUCTURAL_RESCUE__b4000__multidepot__e2-multidepot-100c-01__A8_ROUTE_POOL_RECOMBINATION__seed1,multidepot,e2-multidepot-100c-01,A8_ROUTE_POOL_RECOMBINATION,1,1087,shaw_related_removal,regret2_insert_repair,False,False,candidate_usable,softmax,sample,1087,17,0.22628381695960748,0.019295475780986716,nan,0.755425
4000,STRUCTURAL_RESCUE__b4000__multidepot__e2-multidepot-100c-01__A8_ROUTE_POOL_RECOMBINATION__seed1,multidepot,e2-multidepot-100c-01,A8_ROUTE_POOL_RECOMBINATION,1,1088,shaw_related_removal,greedy_insert_repair,False,False,candidate_usable,softmax,sample,1088,12,0.25744623211340567,0.020101839107754028,nan,0.7552
4000,STRUCTURAL_RESCUE__b4000__multidepot__e2-multidepot-100c-01__A8_ROUTE_POOL_RECOMBINATION__seed1,multidepot,e2-multidepot-100c-01,A8_ROUTE_POOL_RECOMBINATION,1,1089,whole_route_removal,regret3_insert_repair,False,False,candidate_usable,softmax,sample,1089,67,0.9108584398231533,0.04775365353211563,nan,0.754975
4000,STRUCTURAL_RESCUE__b4000__multidepot__e2-multidepot-100c-01__A8_ROUTE_POOL_RECOMBINATION__seed1,multidepot,e2-multidepot-100c-01,A8_ROUTE_POOL_RECOMBINATION,1,1090,random_customer_removal,regret3_insert_repair,True,False,candidate_usable,softmax,sample,1090,274,2.1398175121294267,0.24345555502939617,nan,0.75475
4000,STRUCTURAL_RESCUE__b4000__multidepot__e2-multidepot-100c-01__A8_ROUTE_POOL_RECOMBINATION__seed1,multidepot,e2-multidepot-100c-01,A8_ROUTE_POOL_RECOMBINATION,1,1091,random_customer_removal,regret3_insert_repair,True,False,candidate_usable,softmax,sample,1091,275,2.139394273780564,0.24342850437653085,nan,0.754525
4000,STRUCTURAL_RESCUE__b4000__multidepot__e2-multidepot-100c-01__A8_ROUTE_POOL_RECOMBINATION__seed1,multidepot,e2-multidepot-100c-01,A8_ROUTE_POOL_RECOMBINATION,1,1092,shaw_related_removal,regret3_insert_repair,False,False,candidate_usable,softmax,sample,1092,14,0.24317255137210414,0.019715192272704265,nan,0.7543
4000,STRUCTURAL_RESCUE__b4000__multidepot__e2-multidepot-100c-01__A8_ROUTE_POOL_RECOMBINATION__seed1,multidepot,e2-multidepot-100c-01,A8_ROUTE_POOL_RECOMBINATION,1,1093,whole_route_removal,regret2_insert_repair,False,False,candidate_usable,softmax,sample,1093,32,0.9864954185361362,0.05281804778022294,nan,0.754075
4000,STRUCTURAL_RESCUE__b4000__multidepot__e2-multidepot-100c-01__A8_ROUTE_POOL_RECOMBINATION__seed1,multidepot,e2-multidepot-100c-01,A8_ROUTE_POOL_RECOMBINATION,1,1094,vehicle_type_swap,regret2_insert_repair,False,False,candidate_usable,softmax,sample,1094,218,1.5310667588127416,0.10895256943762124,nan,0.7538499999999999
4000,STRUCTURAL_RESCUE__b4000__multidepot__e2-multidepot-100c-01__A8_ROUTE_POOL_RECOMBINATION__seed1,multidepot,e2-multidepot-100c-01,A8_ROUTE_POOL_RECOMBINATION,1,1095,shaw_related_removal,greedy_insert_repair,False,False,unchanged,softmax,sample,1095,13,0.2499917493656456,0.01992665284579856,nan,0.753625
4000,STRUCTURAL_RESCUE__b4000__multidepot__e2-multidepot-100c-01__A8_ROUTE_POOL_RECOMBINATION__seed1,multidepot,e2-multidepot-100c-01,A8_ROUTE_POOL_RECOMBINATION,1,1096,shaw_related_removal,greedy_insert_repair,False,False,unchanged,softmax,sample,1096,14,0.2432229725510605,0.019743359617118903,nan,0.7534
4000,STRUCTURAL_RESCUE__b4000__multidepot__e2-multidepot-100c-01__A8_ROUTE_POOL_RECOMBINATION__seed1,multidepot,e2-multidepot-100c-01,A8_ROUTE_POOL_RECOMBINATION,1,1097,random_customer_removal,regret3_insert_repair,False,False,candidate_usable,softmax,sample,1097,276,2.1389886202349215,0.244587047352557,nan,0.753175
4000,STRUCTURAL_RESCUE__b4000__multidepot__e2-multidepot-100c-01__A8_ROUTE_POOL_RECOMBINATION__seed1,multidepot,e2-multidepot-100c-01,A8_ROUTE_POOL_RECOMBINATION,1,1098,route_segment_removal,greedy_insert_repair,False,False,unchanged,softmax,sample,1098,16,0.3533999903962812,0.022893266706509208,nan,0.75295
4000,STRUCTURAL_RESCUE__b4000__multidepot__e2-multidepot-100c-01__A8_ROUTE_POOL_RECOMBINATION__seed1,multidepot,e2-multidepot-100c-01,A8_ROUTE_POOL_RECOMBINATION,1,1099,random_customer_removal,regret2_insert_repair,True,False,candidate_usable,softmax,sample,1099,33,1.0192749784318191,0.055447627496262065,nan,0.752725
4000,STRUCTURAL_RESCUE__b4000__multidepot__e2-multidepot-100c-01__A8_ROUTE_POOL_RECOMBINATION__seed1,multidepot,e2-multidepot-100c-01,A8_ROUTE_POOL_RECOMBINATION,1,1100,route_segment_removal,greedy_insert_repair,False,False,unchanged,softmax,sample,1100,17,0.3411393654024737,0.022461911509810206,nan,0.7525
4000,STRUCTURAL_RESCUE__b4000__multidepot__e2-multidepot-100c-01__A8_ROUTE_POOL_RECOMBINATION__seed1,multidepot,e2-multidepot-100c-01,A8_ROUTE_POOL_RECOMBINATION,1,1101,worst_customer_removal,greedy_insert_repair,False,False,unchanged,softmax,sample,1101,14,0.24328572273140592,0.019720779453304176,nan,0.752275
4000,STRUCTURAL_RESCUE__b4000__multidepot__e2-multidepot-100c-01__A8_ROUTE_POOL_RECOMBINATION__seed1,multidepot,e2-multidepot-100c-01,A8_ROUTE_POOL_RECOMBINATION,1,1102,whole_route_removal,regret3_insert_repair,False,False,unchanged,softmax,sample,1102,68,0.8989492967336908,0.047145070215061174,nan,0.75205
4000,STRUCTURAL_RESCUE__b4000__multidepot__e2-multidepot-100c-01__A8_ROUTE_POOL_RECOMBINATION__seed1,multidepot,e2-multidepot-100c-01,A8_ROUTE_POOL_RECOMBINATION,1,1103,vehicle_type_swap,regret2_insert_repair,False,False,candidate_usable,softmax,sample,1103,219,1.5244492228068043,0.10839168243919213,nan,0.751825
4000,STRUCTURAL_RESCUE__b4000__multidepot__e2-multidepot-100c-01__A8_ROUTE_POOL_RECOMBINATION__seed1,multidepot,e2-multidepot-100c-01,A8_ROUTE_POOL_RECOMBINATION,1,1104,whole_route_removal,regret3_insert_repair,False,False,candidate_usable,softmax,sample,1104,69,0.8873173514237566,0.0464821206892249,nan,0.7515999999999999
4000,STRUCTURAL_RESCUE__b4000__multidepot__e2-multidepot-100c-01__A8_ROUTE_POOL_RECOMBINATION__seed1,multidepot,e2-multidepot-100c-01,A8_ROUTE_POOL_RECOMBINATION,1,1105,random_customer_removal,regret2_insert_repair,False,False,candidate_usable,softmax,sample,1105,34,1.0500973398357154,0.05775574034257993,nan,0.751375
4000,STRUCTURAL_RESCUE__b4000__multidepot__e2-multidepot-100c-01__A8_ROUTE_POOL_RECOMBINATION__seed1,multidepot,e2-multidepot-100c-01,A8_ROUTE_POOL_RECOMBINATION,1,1106,whole_route_removal,regret2_insert_repair,False,False,unchanged,softmax,sample,1106,33,0.9602421939829286,0.05134164655307031,nan,0.75115
4000,STRUCTURAL_RESCUE__b4000__multidepot__e2-multidepot-100c-01__A8_ROUTE_POOL_RECOMBINATION__seed1,multidepot,e2-multidepot-100c-01,A8_ROUTE_POOL_RECOMBINATION,1,1107,route_segment_removal,greedy_insert_repair,False,False,unchanged,softmax,sample,1107,18,0.33013875408363547,0.022218330354728946,nan,0.7509250000000001
4000,STRUCTURAL_RESCUE__b4000__multidepot__e2-multidepot-100c-01__A8_ROUTE_POOL_RECOMBINATION__seed1,multidepot,e2-multidepot-100c-01,A8_ROUTE_POOL_RECOMBINATION,1,1108,random_customer_removal,regret3_insert_repair,True,False,candidate_usable,softmax,sample,1108,277,2.131560474738953,0.2448055407431945,nan,0.7506999999999999
4000,STRUCTURAL_RESCUE__b4000__multidepot__e2-multidepot-100c-01__A8_ROUTE_POOL_RECOMBINATION__seed1,multidepot,e2-multidepot-100c-01,A8_ROUTE_POOL_RECOMBINATION,1,1109,random_customer_removal,regret3_insert_repair,False,False,candidate_usable,softmax,sample,1109,278,2.131171122342122,0.24478679139321893,nan,0.750475
4000,STRUCTURAL_RESCUE__b4000__multidepot__e2-multidepot-100c-01__A8_ROUTE_POOL_RECOMBINATION__seed1,multidepot,e2-multidepot-100c-01,A8_ROUTE_POOL_RECOMBINATION,1,1110,whole_route_removal,regret3_insert_repair,False,False,candidate_usable,softmax,sample,1110,70,0.8760359931103139,0.04606923600760988,nan,0.75025
4000,STRUCTURAL_RESCUE__b4000__multidepot__e2-multidepot-100c-01__A8_ROUTE_POOL_RECOMBINATION__seed1,multidepot,e2-multidepot-100c-01,A8_ROUTE_POOL_RECOMBINATION,1,1111,whole_route_removal,regret2_insert_repair,False,False,unchanged,softmax,sample,1111,34,0.9354403008110034,0.049890643700048136,nan,0.7500249999999999
4000,STRUCTURAL_RESCUE__b4000__multidepot__e2-multidepot-100c-01__A8_ROUTE_POOL_RECOMBINATION__seed1,multidepot,e2-multidepot-100c-01,A8_ROUTE_POOL_RECOMBINATION,1,1112,shaw_related_removal,regret3_insert_repair,False,False,candidate_usable,softmax,sample,1112,15,0.2372807298052251,0.01968940581891557,nan,0.7498
4000,STRUCTURAL_RESCUE__b4000__multidepot__e2-multidepot-100c-01__A8_ROUTE_POOL_RECOMBINATION__seed1,multidepot,e2-multidepot-100c-01,A8_ROUTE_POOL_RECOMBINATION,1,1113,random_customer_removal,regret3_insert_repair,True,False,candidate_usable,softmax,sample,1113,279,2.123803780966868,0.24385542877238645,nan,0.749575
4000,STRUCTURAL_RESCUE__b4000__multidepot__e2-multidepot-100c-01__A8_ROUTE_POOL_RECOMBINATION__seed1,multidepot,e2-multidepot-100c-01,A8_ROUTE_POOL_RECOMBINATION,1,1114,whole_route_removal,regret2_insert_repair,False,False,candidate_usable,softmax,sample,1114,35,0.9120126531874151,0.04841859795354864,nan,0.74935
4000,STRUCTURAL_RESCUE__b4000__multidepot__e2-multidepot-100c-01__A8_ROUTE_POOL_RECOMBINATION__seed1,multidepot,e2-multidepot-100c-01,A8_ROUTE_POOL_RECOMBINATION,1,1115,random_customer_removal,regret3_insert_repair,False,False,candidate_usable,softmax,sample,1115,280,2.1234475001265487,0.24426611907655188,nan,0.749125
4000,STRUCTURAL_RESCUE__b4000__multidepot__e2-multidepot-100c-01__A8_ROUTE_POOL_RECOMBINATION__seed1,multidepot,e2-multidepot-100c-01,A8_ROUTE_POOL_RECOMBINATION,1,1116,vehicle_type_swap,regret2_insert_repair,False,False,candidate_usable,softmax,sample,1116,220,1.5179043444190632,0.10911127504110643,nan,0.7488999999999999
4000,STRUCTURAL_RESCUE__b4000__multidepot__e2-multidepot-100c-01__A8_ROUTE_POOL_RECOMBINATION__seed1,multidepot,e2-multidepot-100c-01,A8_ROUTE_POOL_RECOMBINATION,1,1117,worst_customer_removal,greedy_insert_repair,False,False,unchanged,softmax,sample,1117,15,0.23734055425501235,0.019745949983639106,nan,0.748675
4000,STRUCTURAL_RESCUE__b4000__multidepot__e2-multidepot-100c-01__A8_ROUTE_POOL_RECOMBINATION__seed1,multidepot,e2-multidepot-100c-01,A8_ROUTE_POOL_RECOMBINATION,1,1118,random_customer_removal,regret2_insert_repair,False,False,unchanged,softmax,sample,1118,35,1.0234730850706475,0.05643003571515199,nan,0.74845
4000,STRUCTURAL_RESCUE__b4000__multidepot__e2-multidepot-100c-01__A8_ROUTE_POOL_RECOMBINATION__seed1,multidepot,e2-multidepot-100c-01,A8_ROUTE_POOL_RECOMBINATION,1,1119,vehicle_type_swap,regret2_insert_repair,False,False,candidate_usable,softmax,sample,1119,221,1.5113862745147093,0.10851036047847556,nan,0.7482249999999999
4000,STRUCTURAL_RESCUE__b4000__multidepot__e2-multidepot-100c-01__A8_ROUTE_POOL_RECOMBINATION__seed1,multidepot,e2-multidepot-100c-01,A8_ROUTE_POOL_RECOMBINATION,1,1120,shaw_related_removal,regret3_insert_repair,False,False,candidate_usable,softmax,sample,1120,16,0.23178172331701635,0.01963178498738685,nan,0.748
4000,STRUCTURAL_RESCUE__b4000__multidepot__e2-multidepot-100c-01__A8_ROUTE_POOL_RECOMBINATION__seed1,multidepot,e2-multidepot-100c-01,A8_ROUTE_POOL_RECOMBINATION,1,1121,random_customer_removal,greedy_insert_repair,False,False,unchanged,softmax,sample,1121,19,0.2176051083479575,0.019257136526158916,nan,0.747775
4000,STRUCTURAL_RESCUE__b4000__multidepot__e2-multidepot-100c-01__A8_ROUTE_POOL_RECOMBINATION__seed1,multidepot,e2-multidepot-100c-01,A8_ROUTE_POOL_RECOMBINATION,1,1122,random_customer_removal,greedy_insert_repair,True,False,candidate_usable,softmax,sample,1122,20,0.21357621150531692,0.01914700228516045,nan,0.7475499999999999
4000,STRUCTURAL_RESCUE__b4000__multidepot__e2-multidepot-100c-01__A8_ROUTE_POOL_RECOMBINATION__seed1,multidepot,e2-multidepot-100c-01,A8_ROUTE_POOL_RECOMBINATION,1,1123,random_customer_removal,regret3_insert_repair,False,False,candidate_usable,softmax,sample,1123,281,2.1161711298765993,0.24350744655648549,nan,0.747325
4000,STRUCTURAL_RESCUE__b4000__multidepot__e2-multidepot-100c-01__A8_ROUTE_POOL_RECOMBINATION__seed1,multidepot,e2-multidepot-100c-01,A8_ROUTE_POOL_RECOMBINATION,1,1124,random_customer_removal,regret3_insert_repair,False,False,candidate_usable,softmax,sample,1124,282,2.1089264628487774,0.2418021154771417,nan,0.7471
4000,STRUCTURAL_RESCUE__b4000__multidepot__e2-multidepot-100c-01__A8_ROUTE_POOL_RECOMBINATION__seed1,multidepot,e2-multidepot-100c-01,A8_ROUTE_POOL_RECOMBINATION,1,1125,random_customer_removal,regret3_insert_repair,False,False,candidate_usable,softmax,sample,1125,283,2.101732861618187,0.24011638381346648,nan,0.746875
4000,STRUCTURAL_RESCUE__b4000__multidepot__e2-multidepot-100c-01__A8_ROUTE_POOL_RECOMBINATION__seed1,multidepot,e2-multidepot-100c-01,A8_ROUTE_POOL_RECOMBINATION,1,1126,vehicle_type_swap,greedy_insert_repair,False,False,candidate_usable,softmax,sample,1126,13,0.2503898274298627,0.020169947894545924,nan,0.74665
4000,STRUCTURAL_RESCUE__b4000__multidepot__e2-multidepot-100c-01__A8_ROUTE_POOL_RECOMBINATION__seed1,multidepot,e2-multidepot-100c-01,A8_ROUTE_POOL_RECOMBINATION,1,1127,route_segment_removal,greedy_insert_repair,False,False,candidate_usable,softmax,sample,1127,19,0.32030031702406536,0.02214481241209535,nan,0.746425
4000,STRUCTURAL_RESCUE__b4000__multidepot__e2-multidepot-100c-01__A8_ROUTE_POOL_RECOMBINATION__seed1,multidepot,e2-multidepot-100c-01,A8_ROUTE_POOL_RECOMBINATION,1,1128,whole_route_removal,regret3_insert_repair,False,False,candidate_usable,softmax,sample,1128,71,0.8651353182229358,0.04595276682183952,nan,0.7462
4000,STRUCTURAL_RESCUE__b4000__multidepot__e2-multidepot-100c-01__A8_ROUTE_POOL_RECOMBINATION__seed1,multidepot,e2-multidepot-100c-01,A8_ROUTE_POOL_RECOMBINATION,1,1129,random_customer_removal,regret3_insert_repair,False,False,candidate_usable,softmax,sample,1129,284,2.094598187417043,0.23893978838363072,nan,0.745975
4000,STRUCTURAL_RESCUE__b4000__multidepot__e2-multidepot-100c-01__A8_ROUTE_POOL_RECOMBINATION__seed1,multidepot,e2-multidepot-100c-01,A8_ROUTE_POOL_RECOMBINATION,1,1130,route_segment_removal,regret3_insert_repair,True,False,candidate_usable,softmax,sample,1130,45,0.9505783804336642,0.051662708710754894,nan,0.74575
4000,STRUCTURAL_RESCUE__b4000__multidepot__e2-multidepot-100c-01__A8_ROUTE_POOL_RECOMBINATION__seed1,multidepot,e2-multidepot-100c-01,A8_ROUTE_POOL_RECOMBINATION,1,1131,route_segment_removal,regret2_insert_repair,False,False,unchanged,softmax,sample,1131,62,1.228365386885199,0.07485111145043857,nan,0.745525
4000,STRUCTURAL_RESCUE__b4000__multidepot__e2-multidepot-100c-01__A8_ROUTE_POOL_RECOMBINATION__seed1,multidepot,e2-multidepot-100c-01,A8_ROUTE_POOL_RECOMBINATION,1,1132,route_segment_removal,regret3_insert_repair,True,False,candidate_usable,softmax,sample,1132,46,0.9746268254226633,0.053345710832924165,nan,0.7453000000000001
4000,STRUCTURAL_RESCUE__b4000__multidepot__e2-multidepot-100c-01__A8_ROUTE_POOL_RECOMBINATION__seed1,multidepot,e2-multidepot-100c-01,A8_ROUTE_POOL_RECOMBINATION,1,1133,vehicle_type_swap,regret2_insert_repair,False,False,candidate_usable,softmax,sample,1133,222,1.5049615027997132,0.10850207907127954,nan,0.7450749999999999
4000,STRUCTURAL_RESCUE__b4000__multidepot__e2-multidepot-100c-01__A8_ROUTE_POOL_RECOMBINATION__seed1,multidepot,e2-multidepot-100c-01,A8_ROUTE_POOL_RECOMBINATION,1,1134,route_segment_removal,regret3_insert_repair,False,False,unchanged,softmax,sample,1134,47,0.9976390307019845,0.054963370145774335,nan,0.74485
4000,STRUCTURAL_RESCUE__b4000__multidepot__e2-multidepot-100c-01__A8_ROUTE_POOL_RECOMBINATION__seed1,multidepot,e2-multidepot-100c-01,A8_ROUTE_POOL_RECOMBINATION,1,1135,worst_customer_removal,regret3_insert_repair,False,False,unchanged,softmax,sample,1135,199,1.820887357491052,0.16624787008286468,nan,0.744625
4000,STRUCTURAL_RESCUE__b4000__multidepot__e2-multidepot-100c-01__A8_ROUTE_POOL_RECOMBINATION__seed1,multidepot,e2-multidepot-100c-01,A8_ROUTE_POOL_RECOMBINATION,1,1136,vehicle_type_swap,regret2_insert_repair,False,False,candidate_usable,softmax,sample,1136,223,1.4985594287932638,0.10805255562401953,nan,0.7444
4000,STRUCTURAL_RESCUE__b4000__multidepot__e2-multidepot-100c-01__A8_ROUTE_POOL_RECOMBINATION__seed1,multidepot,e2-multidepot-100c-01,A8_ROUTE_POOL_RECOMBINATION,1,1137,random_customer_removal,regret3_insert_repair,False,False,candidate_usable,softmax,sample,1137,285,2.087524541362193,0.23866086794462468,nan,0.744175
4000,STRUCTURAL_RESCUE__b4000__multidepot__e2-multidepot-100c-01__A8_ROUTE_POOL_RECOMBINATION__seed1,multidepot,e2-multidepot-100c-01,A8_ROUTE_POOL_RECOMBINATION,1,1138,random_customer_removal,regret3_insert_repair,False,False,candidate_usable,softmax,sample,1138,286,2.080480860525117,0.23701926348597885,nan,0.74395
4000,STRUCTURAL_RESCUE__b4000__multidepot__e2-multidepot-100c-01__A8_ROUTE_POOL_RECOMBINATION__seed1,multidepot,e2-multidepot-100c-01,A8_ROUTE_POOL_RECOMBINATION,1,1139,whole_route_removal,regret2_insert_repair,True,False,candidate_usable,softmax,sample,1139,36,0.8900319431460724,0.04794325529497775,nan,0.743725
4000,STRUCTURAL_RESCUE__b4000__multidepot__e2-multidepot-100c-01__A8_ROUTE_POOL_RECOMBINATION__seed1,multidepot,e2-multidepot-100c-01,A8_ROUTE_POOL_RECOMBINATION,1,1140,vehicle_type_swap,regret3_insert_repair,False,False,candidate_usable,softmax,sample,1140,18,0.22216467453375566,0.019481905111681335,nan,0.7435
4000,STRUCTURAL_RESCUE__b4000__multidepot__e2-multidepot-100c-01__A8_ROUTE_POOL_RECOMBINATION__seed1,multidepot,e2-multidepot-100c-01,A8_ROUTE_POOL_RECOMBINATION,1,1141,whole_route_removal,greedy_insert_repair,False,False,unchanged,softmax,sample,1141,21,0.5814346666558352,0.03157977357146425,nan,0.7432749999999999
4000,STRUCTURAL_RESCUE__b4000__multidepot__e2-multidepot-100c-01__A8_ROUTE_POOL_RECOMBINATION__seed1,multidepot,e2-multidepot-100c-01,A8_ROUTE_POOL_RECOMBINATION,1,1142,worst_customer_removal,regret3_insert_repair,False,False,candidate_usable,softmax,sample,1142,200,1.8121891339746776,0.16557580438109387,nan,0.74305
4000,STRUCTURAL_RESCUE__b4000__multidepot__e2-multidepot-100c-01__A8_ROUTE_POOL_RECOMBINATION__seed1,multidepot,e2-multidepot-100c-01,A8_ROUTE_POOL_RECOMBINATION,1,1143,random_customer_removal,regret3_insert_repair,True,False,candidate_usable,softmax,sample,1143,287,2.0734971362503996,0.2358803082003606,nan,0.7428250000000001
4000,STRUCTURAL_RESCUE__b4000__multidepot__e2-multidepot-100c-01__A8_ROUTE_POOL_RECOMBINATION__seed1,multidepot,e2-multidepot-100c-01,A8_ROUTE_POOL_RECOMBINATION,1,1144,shaw_related_removal,regret3_insert_repair,False,False,unchanged,softmax,sample,1144,17,0.22692634897026556,0.019630082358563374,nan,0.7426
4000,STRUCTURAL_RESCUE__b4000__multidepot__e2-multidepot-100c-01__A8_ROUTE_POOL_RECOMBINATION__seed1,multidepot,e2-multidepot-100c-01,A8_ROUTE_POOL_RECOMBINATION,1,1145,random_customer_removal,regret3_insert_repair,False,False,candidate_usable,softmax,sample,1145,288,2.0733243987221406,0.2360149971754081,nan,0.742375
4000,STRUCTURAL_RESCUE__b4000__multidepot__e2-multidepot-100c-01__A8_ROUTE_POOL_RECOMBINATION__seed1,multidepot,e2-multidepot-100c-01,A8_ROUTE_POOL_RECOMBINATION,1,1146,worst_customer_removal,regret3_insert_repair,False,False,candidate_usable,softmax,sample,1146,201,1.8035673007606745,0.1645017422264786,nan,0.7421500000000001
4000,STRUCTURAL_RESCUE__b4000__multidepot__e2-multidepot-100c-01__A8_ROUTE_POOL_RECOMBINATION__seed1,multidepot,e2-multidepot-100c-01,A8_ROUTE_POOL_RECOMBINATION,1,1147,whole_route_removal,greedy_insert_repair,False,False,candidate_usable,softmax,sample,1147,22,0.5610927284375897,0.03088737404951031,nan,0.741925
4000,STRUCTURAL_RESCUE__b4000__multidepot__e2-multidepot-100c-01__A8_ROUTE_POOL_RECOMBINATION__seed1,multidepot,e2-multidepot-100c-01,A8_ROUTE_POOL_RECOMBINATION,1,1148,random_customer_removal,regret3_insert_repair,False,False,unchanged,softmax,sample,1148,289,2.066408051022029,0.23518210254451546,nan,0.7417
4000,STRUCTURAL_RESCUE__b4000__multidepot__e2-multidepot-100c-01__A8_ROUTE_POOL_RECOMBINATION__seed1,multidepot,e2-multidepot-100c-01,A8_ROUTE_POOL_RECOMBINATION,1,1149,random_customer_removal,regret2_insert_repair,False,False,candidate_usable,softmax,sample,1149,36,0.9984417881967249,0.05584158691878427,nan,0.741475
4000,STRUCTURAL_RESCUE__b4000__multidepot__e2-multidepot-100c-01__A8_ROUTE_POOL_RECOMBINATION__seed1,multidepot,e2-multidepot-100c-01,A8_ROUTE_POOL_RECOMBINATION,1,1150,whole_route_removal,regret2_insert_repair,False,False,candidate_usable,softmax,sample,1150,37,0.9218142365607908,0.050440470363600366,nan,0.74125
4000,STRUCTURAL_RESCUE__b4000__multidepot__e2-multidepot-100c-01__A8_ROUTE_POOL_RECOMBINATION__seed1,multidepot,e2-multidepot-100c-01,A8_ROUTE_POOL_RECOMBINATION,1,1151,whole_route_removal,greedy_insert_repair,True,False,candidate_usable,softmax,sample,1151,23,0.5424194302699544,0.03026773570611193,nan,0.741025
4000,STRUCTURAL_RESCUE__b4000__multidepot__e2-multidepot-100c-01__A8_ROUTE_POOL_RECOMBINATION__seed1,multidepot,e2-multidepot-100c-01,A8_ROUTE_POOL_RECOMBINATION,1,1152,worst_customer_removal,regret3_insert_repair,False,False,candidate_usable,softmax,sample,1152,202,1.7950370106748437,0.16368470770127067,nan,0.7408
4000,STRUCTURAL_RESCUE__b4000__multidepot__e2-multidepot-100c-01__A8_ROUTE_POOL_RECOMBINATION__seed1,multidepot,e2-multidepot-100c-01,A8_ROUTE_POOL_RECOMBINATION,1,1153,whole_route_removal,regret2_insert_repair,False,False,unchanged,softmax,sample,1153,38,0.9005277332964318,0.04901612347031923,nan,0.740575
4000,STRUCTURAL_RESCUE__b4000__multidepot__e2-multidepot-100c-01__A8_ROUTE_POOL_RECOMBINATION__seed1,multidepot,e2-multidepot-100c-01,A8_ROUTE_POOL_RECOMBINATION,1,1154,route_segment_removal,regret3_insert_repair,False,False,unchanged,softmax,sample,1154,48,0.979174737511943,0.054572903193987554,nan,0.7403500000000001
4000,STRUCTURAL_RESCUE__b4000__multidepot__e2-multidepot-100c-01__A8_ROUTE_POOL_RECOMBINATION__seed1,multidepot,e2-multidepot-100c-01,A8_ROUTE_POOL_RECOMBINATION,1,1155,random_customer_removal,regret2_insert_repair,True,False,candidate_usable,softmax,sample,1155,37,0.974554390372007,0.05429676621986412,nan,0.7401249999999999
4000,STRUCTURAL_RESCUE__b4000__multidepot__e2-multidepot-100c-01__A8_ROUTE_POOL_RECOMBINATION__seed1,multidepot,e2-multidepot-100c-01,A8_ROUTE_POOL_RECOMBINATION,1,1156,route_segment_removal,regret2_insert_repair,False,False,candidate_usable,softmax,sample,1156,63,1.2105654534479229,0.07452761030121798,nan,0.7399
4000,STRUCTURAL_RESCUE__b4000__multidepot__e2-multidepot-100c-01__A8_ROUTE_POOL_RECOMBINATION__seed1,multidepot,e2-multidepot-100c-01,A8_ROUTE_POOL_RECOMBINATION,1,1157,shaw_related_removal,regret2_insert_repair,False,False,unchanged,softmax,sample,1157,18,0.2223454261910678,0.019625841017772854,nan,0.739675
4000,STRUCTURAL_RESCUE__b4000__multidepot__e2-multidepot-100c-01__A8_ROUTE_POOL_RECOMBINATION__seed1,multidepot,e2-multidepot-100c-01,A8_ROUTE_POOL_RECOMBINATION,1,1158,vehicle_type_swap,regret2_insert_repair,False,False,candidate_usable,softmax,sample,1158,224,1.4922729837016955,0.10928012261866399,nan,0.7394499999999999
4000,STRUCTURAL_RESCUE__b4000__multidepot__e2-multidepot-100c-01__A8_ROUTE_POOL_RECOMBINATION__seed1,multidepot,e2-multidepot-100c-01,A8_ROUTE_POOL_RECOMBINATION,1,1159,worst_customer_removal,regret3_insert_repair,False,False,candidate_usable,softmax,sample,1159,203,1.7865936416063157,0.16288905920841482,nan,0.739225
4000,STRUCTURAL_RESCUE__b4000__multidepot__e2-multidepot-100c-01__A8_ROUTE_POOL_RECOMBINATION__seed1,multidepot,e2-multidepot-100c-01,A8_ROUTE_POOL_RECOMBINATION,1,1160,vehicle_type_swap,regret3_insert_repair,False,False,candidate_usable,softmax,sample,1160,19,0.2180123445666763,0.01954143660149453,nan,0.739
4000,STRUCTURAL_RESCUE__b4000__multidepot__e2-multidepot-100c-01__A8_ROUTE_POOL_RECOMBINATION__seed1,multidepot,e2-multidepot-100c-01,A8_ROUTE_POOL_RECOMBINATION,1,1161,random_customer_removal,regret3_insert_repair,False,False,candidate_usable,softmax,sample,1161,290,2.0595662548094382,0.23625517123889736,nan,0.738775
4000,STRUCTURAL_RESCUE__b4000__multidepot__e2-multidepot-100c-01__A8_ROUTE_POOL_RECOMBINATION__seed1,multidepot,e2-multidepot-100c-01,A8_ROUTE_POOL_RECOMBINATION,1,1162,worst_customer_removal,regret2_insert_repair,False,False,candidate_usable,softmax,sample,1162,13,0.2508376480432273,0.020458089941269842,nan,0.73855
4000,STRUCTURAL_RESCUE__b4000__multidepot__e2-multidepot-100c-01__A8_ROUTE_POOL_RECOMBINATION__seed1,multidepot,e2-multidepot-100c-01,A8_ROUTE_POOL_RECOMBINATION,1,1163,worst_customer_removal,regret3_insert_repair,False,False,unchanged,softmax,sample,1163,204,1.7782231282603573,0.1618796421317035,nan,0.738325
4000,STRUCTURAL_RESCUE__b4000__multidepot__e2-multidepot-100c-01__A8_ROUTE_POOL_RECOMBINATION__seed1,multidepot,e2-multidepot-100c-01,A8_ROUTE_POOL_RECOMBINATION,1,1164,route_segment_removal,regret2_insert_repair,False,False,unchanged,softmax,sample,1164,64,1.193219188292141,0.07342650876339098,nan,0.7381
4000,STRUCTURAL_RESCUE__b4000__multidepot__e2-multidepot-100c-01__A8_ROUTE_POOL_RECOMBINATION__seed1,multidepot,e2-multidepot-100c-01,A8_ROUTE_POOL_RECOMBINATION,1,1165,worst_customer_removal,greedy_insert_repair,False,False,unchanged,softmax,sample,1165,16,0.232290451712263,0.019997611167380174,nan,0.7378750000000001
4000,STRUCTURAL_RESCUE__b4000__multidepot__e2-multidepot-100c-01__A8_ROUTE_POOL_RECOMBINATION__seed1,multidepot,e2-multidepot-100c-01,A8_ROUTE_POOL_RECOMBINATION,1,1166,random_customer_removal,greedy_insert_repair,False,False,candidate_usable,softmax,sample,1166,21,0.30310912207948626,0.022006106271845044,nan,0.73765
4000,STRUCTURAL_RESCUE__b4000__multidepot__e2-multidepot-100c-01__A8_ROUTE_POOL_RECOMBINATION__seed1,multidepot,e2-multidepot-100c-01,A8_ROUTE_POOL_RECOMBINATION,1,1167,route_segment_removal,regret2_insert_repair,False,False,candidate_usable,softmax,sample,1167,65,1.1763732877100983,0.07190521632365651,nan,0.737425
4000,STRUCTURAL_RESCUE__b4000__multidepot__e2-multidepot-100c-01__A8_ROUTE_POOL_RECOMBINATION__seed1,multidepot,e2-multidepot-100c-01,A8_ROUTE_POOL_RECOMBINATION,1,1168,worst_customer_removal,regret3_insert_repair,False,False,unchanged,softmax,sample,1168,205,1.769937150292134,0.16110244846564792,nan,0.7372000000000001
4000,STRUCTURAL_RESCUE__b4000__multidepot__e2-multidepot-100c-01__A8_ROUTE_POOL_RECOMBINATION__seed1,multidepot,e2-multidepot-100c-01,A8_ROUTE_POOL_RECOMBINATION,1,1169,random_customer_removal,regret3_insert_repair,False,False,candidate_usable,softmax,sample,1169,291,2.052757777421447,0.23693535425794734,nan,0.7369749999999999
4000,STRUCTURAL_RESCUE__b4000__multidepot__e2-multidepot-100c-01__A8_ROUTE_POOL_RECOMBINATION__seed1,multidepot,e2-multidepot-100c-01,A8_ROUTE_POOL_RECOMBINATION,1,1170,route_segment_removal,regret3_insert_repair,False,False,unchanged,softmax,sample,1170,49,0.9614269268108863,0.05400096016479979,nan,0.73675
4000,STRUCTURAL_RESCUE__b4000__multidepot__e2-multidepot-100c-01__A8_ROUTE_POOL_RECOMBINATION__seed1,multidepot,e2-multidepot-100c-01,A8_ROUTE_POOL_RECOMBINATION,1,1171,route_segment_removal,regret2_insert_repair,False,False,unchanged,softmax,sample,1171,66,1.1600380781843667,0.07079377374691673,nan,0.736525
4000,STRUCTURAL_RESCUE__b4000__multidepot__e2-multidepot-100c-01__A8_ROUTE_POOL_RECOMBINATION__seed1,multidepot,e2-multidepot-100c-01,A8_ROUTE_POOL_RECOMBINATION,1,1172,random_customer_removal,regret3_insert_repair,False,False,candidate_usable,softmax,sample,1172,292,2.0459825038243906,0.23615042078832557,nan,0.7363
4000,STRUCTURAL_RESCUE__b4000__multidepot__e2-multidepot-100c-01__A8_ROUTE_POOL_RECOMBINATION__seed1,multidepot,e2-multidepot-100c-01,A8_ROUTE_POOL_RECOMBINATION,1,1173,random_customer_removal,regret3_insert_repair,False,False,candidate_usable,softmax,sample,1173,293,2.0392480738824585,0.2345786690130397,nan,0.736075
4000,STRUCTURAL_RESCUE__b4000__multidepot__e2-multidepot-100c-01__A8_ROUTE_POOL_RECOMBINATION__seed1,multidepot,e2-multidepot-100c-01,A8_ROUTE_POOL_RECOMBINATION,1,1174,random_customer_removal,regret2_insert_repair,False,False,unchanged,softmax,sample,1174,38,1.003313011514318,0.057536830107937885,nan,0.73585
4000,STRUCTURAL_RESCUE__b4000__multidepot__e2-multidepot-100c-01__A8_ROUTE_POOL_RECOMBINATION__seed1,multidepot,e2-multidepot-100c-01,A8_ROUTE_POOL_RECOMBINATION,1,1175,random_customer_removal,regret3_insert_repair,True,False,candidate_usable,softmax,sample,1175,294,2.032561969308892,0.23350956985958757,nan,0.735625
4000,STRUCTURAL_RESCUE__b4000__multidepot__e2-multidepot-100c-01__A8_ROUTE_POOL_RECOMBINATION__seed1,multidepot,e2-multidepot-100c-01,A8_ROUTE_POOL_RECOMBINATION,1,1176,random_customer_removal,regret3_insert_repair,False,False,candidate_usable,softmax,sample,1176,295,2.0325286198329735,0.233575078301202,nan,0.7354
4000,STRUCTURAL_RESCUE__b4000__multidepot__e2-multidepot-100c-01__A8_ROUTE_POOL_RECOMBINATION__seed1,multidepot,e2-multidepot-100c-01,A8_ROUTE_POOL_RECOMBINATION,1,1177,random_customer_removal,greedy_insert_repair,True,False,candidate_usable,softmax,sample,1177,22,0.29546995990641234,0.022046049179327707,nan,0.7351749999999999
4000,STRUCTURAL_RESCUE__b4000__multidepot__e2-multidepot-100c-01__A8_ROUTE_POOL_RECOMBINATION__seed1,multidepot,e2-multidepot-100c-01,A8_ROUTE_POOL_RECOMBINATION,1,1178,whole_route_removal,regret3_insert_repair,False,False,unchanged,softmax,sample,1178,72,0.8547041549489561,0.047048956103589425,nan,0.73495
4000,STRUCTURAL_RESCUE__b4000__multidepot__e2-multidepot-100c-01__A8_ROUTE_POOL_RECOMBINATION__seed1,multidepot,e2-multidepot-100c-01,A8_ROUTE_POOL_RECOMBINATION,1,1179,random_customer_removal,greedy_insert_repair,True,False,candidate_usable,softmax,sample,1179,23,0.37311509764155304,0.024439680118868917,nan,0.734725
4000,STRUCTURAL_RESCUE__b4000__multidepot__e2-multidepot-100c-01__A8_ROUTE_POOL_RECOMBINATION__seed1,multidepot,e2-multidepot-100c-01,A8_ROUTE_POOL_RECOMBINATION,1,1180,vehicle_type_swap,greedy_insert_repair,False,False,candidate_usable,softmax,sample,1180,14,0.2442385724301928,0.02044813526936705,nan,0.7344999999999999
4000,STRUCTURAL_RESCUE__b4000__multidepot__e2-multidepot-100c-01__A8_ROUTE_POOL_RECOMBINATION__seed1,multidepot,e2-multidepot-100c-01,A8_ROUTE_POOL_RECOMBINATION,1,1181,route_segment_removal,regret3_insert_repair,True,False,candidate_usable,softmax,sample,1181,50,0.9443469576542453,0.05304296854051725,nan,0.734275
4000,STRUCTURAL_RESCUE__b4000__multidepot__e2-multidepot-100c-01__A8_ROUTE_POOL_RECOMBINATION__seed1,multidepot,e2-multidepot-100c-01,A8_ROUTE_POOL_RECOMBINATION,1,1182,vehicle_type_swap,regret2_insert_repair,False,False,candidate_usable,softmax,sample,1182,225,1.486047088849344,0.11075629868156563,nan,0.73405
4000,STRUCTURAL_RESCUE__b4000__multidepot__e2-multidepot-100c-01__A8_ROUTE_POOL_RECOMBINATION__seed1,multidepot,e2-multidepot-100c-01,A8_ROUTE_POOL_RECOMBINATION,1,1183,vehicle_type_swap,regret2_insert_repair,False,False,candidate_usable,softmax,sample,1183,226,1.4798069694210105,0.1099313409268625,nan,0.733825
4000,STRUCTURAL_RESCUE__b4000__multidepot__e2-multidepot-100c-01__A8_ROUTE_POOL_RECOMBINATION__seed1,multidepot,e2-multidepot-100c-01,A8_ROUTE_POOL_RECOMBINATION,1,1184,worst_customer_removal,greedy_insert_repair,False,False,unchanged,softmax,sample,1184,17,0.22735711687088325,0.019957416522120432,nan,0.7336
4000,STRUCTURAL_RESCUE__b4000__multidepot__e2-multidepot-100c-01__A8_ROUTE_POOL_RECOMBINATION__seed1,multidepot,e2-multidepot-100c-01,A8_ROUTE_POOL_RECOMBINATION,1,1185,worst_customer_removal,greedy_insert_repair,False,False,unchanged,softmax,sample,1185,18,0.22263702816277398,0.0198232556860764,nan,0.733375
4000,STRUCTURAL_RESCUE__b4000__multidepot__e2-multidepot-100c-01__A8_ROUTE_POOL_RECOMBINATION__seed1,multidepot,e2-multidepot-100c-01,A8_ROUTE_POOL_RECOMBINATION,1,1186,vehicle_type_swap,regret2_insert_repair,False,False,candidate_usable,softmax,sample,1186,227,1.4736275304845892,0.1091645940922855,nan,0.73315
4000,STRUCTURAL_RESCUE__b4000__multidepot__e2-multidepot-100c-01__A8_ROUTE_POOL_RECOMBINATION__seed1,multidepot,e2-multidepot-100c-01,A8_ROUTE_POOL_RECOMBINATION,1,1187,whole_route_removal,greedy_insert_repair,False,False,unchanged,softmax,sample,1187,24,0.6067693834685497,0.03348552420220257,nan,0.732925
4000,STRUCTURAL_RESCUE__b4000__multidepot__e2-multidepot-100c-01__A8_ROUTE_POOL_RECOMBINATION__seed1,multidepot,e2-multidepot-100c-01,A8_ROUTE_POOL_RECOMBINATION,1,1188,random_customer_removal,regret3_insert_repair,False,False,candidate_usable,softmax,sample,1188,296,2.0259362107505337,0.23243244699675134,nan,0.7327
4000,STRUCTURAL_RESCUE__b4000__multidepot__e2-multidepot-100c-01__A8_ROUTE_POOL_RECOMBINATION__seed1,multidepot,e2-multidepot-100c-01,A8_ROUTE_POOL_RECOMBINATION,1,1189,route_segment_removal,regret2_insert_repair,False,False,unchanged,softmax,sample,1189,67,1.1442616974062292,0.06991669579348389,nan,0.732475
4000,STRUCTURAL_RESCUE__b4000__multidepot__e2-multidepot-100c-01__A8_ROUTE_POOL_RECOMBINATION__seed1,multidepot,e2-multidepot-100c-01,A8_ROUTE_POOL_RECOMBINATION,1,1190,random_customer_removal,regret3_insert_repair,False,False,candidate_usable,softmax,sample,1190,297,2.0193621090153875,0.23131802248190386,nan,0.7322500000000001
4000,STRUCTURAL_RESCUE__b4000__multidepot__e2-multidepot-100c-01__A8_ROUTE_POOL_RECOMBINATION__seed1,multidepot,e2-multidepot-100c-01,A8_ROUTE_POOL_RECOMBINATION,1,1191,random_customer_removal,regret3_insert_repair,False,False,candidate_usable,softmax,sample,1191,298,2.0128294360784915,0.22980776506866044,nan,0.7320249999999999
4000,STRUCTURAL_RESCUE__b4000__multidepot__e2-multidepot-100c-01__A8_ROUTE_POOL_RECOMBINATION__seed1,multidepot,e2-multidepot-100c-01,A8_ROUTE_POOL_RECOMBINATION,1,1192,vehicle_type_swap,regret2_insert_repair,False,False,candidate_usable,softmax,sample,1192,228,1.4675109108565667,0.10933482059637366,nan,0.7318
4000,STRUCTURAL_RESCUE__b4000__multidepot__e2-multidepot-100c-01__A8_ROUTE_POOL_RECOMBINATION__seed1,multidepot,e2-multidepot-100c-01,A8_ROUTE_POOL_RECOMBINATION,1,1193,route_segment_removal,regret2_insert_repair,False,False,unchanged,softmax,sample,1193,68,1.128869544251556,0.06889012626237187,nan,0.731575
4000,STRUCTURAL_RESCUE__b4000__multidepot__e2-multidepot-100c-01__A8_ROUTE_POOL_RECOMBINATION__seed1,multidepot,e2-multidepot-100c-01,A8_ROUTE_POOL_RECOMBINATION,1,1194,random_customer_removal,regret3_insert_repair,False,False,candidate_usable,softmax,sample,1194,299,2.0063454815009734,0.2289850373972979,nan,0.73135
4000,STRUCTURAL_RESCUE__b4000__multidepot__e2-multidepot-100c-01__A8_ROUTE_POOL_RECOMBINATION__seed1,multidepot,e2-multidepot-100c-01,A8_ROUTE_POOL_RECOMBINATION,1,1195,shaw_related_removal,greedy_insert_repair,False,False,candidate_usable,softmax,sample,1195,15,0.2382383852261618,0.020443109426122444,nan,0.731125
4000,STRUCTURAL_RESCUE__b4000__multidepot__e2-multidepot-100c-01__A8_ROUTE_POOL_RECOMBINATION__seed1,multidepot,e2-multidepot-100c-01,A8_ROUTE_POOL_RECOMBINATION,1,1196,worst_customer_removal,regret3_insert_repair,False,False,candidate_usable,softmax,sample,1196,206,1.761802994110548,0.164330170420379,nan,0.7309
4000,STRUCTURAL_RESCUE__b4000__multidepot__e2-multidepot-100c-01__A8_ROUTE_POOL_RECOMBINATION__seed1,multidepot,e2-multidepot-100c-01,A8_ROUTE_POOL_RECOMBINATION,1,1197,random_customer_removal,regret3_insert_repair,False,False,candidate_usable,softmax,sample,1197,300,1.9999046364584756,0.228098613622273,nan,0.730675
4000,STRUCTURAL_RESCUE__b4000__multidepot__e2-multidepot-100c-01__A8_ROUTE_POOL_RECOMBINATION__seed1,multidepot,e2-multidepot-100c-01,A8_ROUTE_POOL_RECOMBINATION,1,1198,random_customer_removal,regret3_insert_repair,False,False,candidate_usable,softmax,sample,1198,301,1.9935013781184443,0.22663014831276798,nan,0.73045
4000,STRUCTURAL_RESCUE__b4000__multidepot__e2-multidepot-100c-01__A8_ROUTE_POOL_RECOMBINATION__seed1,multidepot,e2-multidepot-100c-01,A8_ROUTE_POOL_RECOMBINATION,1,1199,vehicle_type_swap,regret2_insert_repair,False,False,candidate_usable,softmax,sample,1199,229,1.4614503737018802,0.10961649571488101,nan,0.7302249999999999
4000,STRUCTURAL_RESCUE__b4000__multidepot__e2-multidepot-100c-01__A8_ROUTE_POOL_RECOMBINATION__seed1,multidepot,e2-multidepot-100c-01,A8_ROUTE_POOL_RECOMBINATION,1,1200,whole_route_removal,regret3_insert_repair,False,False,unchanged,softmax,sample,1200,73,0.8444041462104825,0.04712057836743812,nan,0.73
4000,STRUCTURAL_RESCUE__b4000__multidepot__e2-multidepot-100c-01__A8_ROUTE_POOL_RECOMBINATION__seed1,multidepot,e2-multidepot-100c-01,A8_ROUTE_POOL_RECOMBINATION,1,1201,vehicle_type_swap,regret3_insert_repair,False,False,candidate_usable,softmax,sample,1201,20,0.214365934543803,0.019882825803951332,nan,0.729775
4000,STRUCTURAL_RESCUE__b4000__multidepot__e2-multidepot-100c-01__A8_ROUTE_POOL_RECOMBINATION__seed1,multidepot,e2-multidepot-100c-01,A8_ROUTE_POOL_RECOMBINATION,1,1202,random_customer_removal,regret3_insert_repair,False,False,candidate_usable,softmax,sample,1202,302,1.9871480294631096,0.22576344442551682,nan,0.7295499999999999
4000,STRUCTURAL_RESCUE__b4000__multidepot__e2-multidepot-100c-01__A8_ROUTE_POOL_RECOMBINATION__seed1,multidepot,e2-multidepot-100c-01,A8_ROUTE_POOL_RECOMBINATION,1,1203,shaw_related_removal,greedy_insert_repair,False,False,unchanged,softmax,sample,1203,16,0.23270393441616724,0.020413118514296995,nan,0.729325
4000,STRUCTURAL_RESCUE__b4000__multidepot__e2-multidepot-100c-01__A8_ROUTE_POOL_RECOMBINATION__seed1,multidepot,e2-multidepot-100c-01,A8_ROUTE_POOL_RECOMBINATION,1,1204,shaw_related_removal,greedy_insert_repair,False,False,unchanged,softmax,sample,1204,17,0.22756669915430222,0.020263997954601293,nan,0.7291000000000001
4000,STRUCTURAL_RESCUE__b4000__multidepot__e2-multidepot-100c-01__A8_ROUTE_POOL_RECOMBINATION__seed1,multidepot,e2-multidepot-100c-01,A8_ROUTE_POOL_RECOMBINATION,1,1205,random_customer_removal,regret3_insert_repair,False,False,unchanged,softmax,sample,1205,303,1.9808339718706212,0.22452520873312842,nan,0.7288749999999999
4000,STRUCTURAL_RESCUE__b4000__multidepot__e2-multidepot-100c-01__A8_ROUTE_POOL_RECOMBINATION__seed1,multidepot,e2-multidepot-100c-01,A8_ROUTE_POOL_RECOMBINATION,1,1206,vehicle_type_swap,regret2_insert_repair,False,False,candidate_usable,softmax,sample,1206,230,1.4554422613089253,0.10941845819216861,nan,0.72865
4000,STRUCTURAL_RESCUE__b4000__multidepot__e2-multidepot-100c-01__A8_ROUTE_POOL_RECOMBINATION__seed1,multidepot,e2-multidepot-100c-01,A8_ROUTE_POOL_RECOMBINATION,1,1207,route_segment_removal,regret3_insert_repair,False,False,unchanged,softmax,sample,1207,51,0.9662540971620026,0.05595755557968616,nan,0.728425
4000,STRUCTURAL_RESCUE__b4000__multidepot__e2-multidepot-100c-01__A8_ROUTE_POOL_RECOMBINATION__seed1,multidepot,e2-multidepot-100c-01,A8_ROUTE_POOL_RECOMBINATION,1,1208,vehicle_type_swap,greedy_insert_repair,False,False,candidate_usable,softmax,sample,1208,15,0.23838191063123332,0.02061847340451443,nan,0.7282
4000,STRUCTURAL_RESCUE__b4000__multidepot__e2-multidepot-100c-01__A8_ROUTE_POOL_RECOMBINATION__seed1,multidepot,e2-multidepot-100c-01,A8_ROUTE_POOL_RECOMBINATION,1,1209,shaw_related_removal,greedy_insert_repair,False,False,unchanged,softmax,sample,1209,18,0.22288116561859891,0.020178671396836677,nan,0.727975
4000,STRUCTURAL_RESCUE__b4000__multidepot__e2-multidepot-100c-01__A8_ROUTE_POOL_RECOMBINATION__seed1,multidepot,e2-multidepot-100c-01,A8_ROUTE_POOL_RECOMBINATION,1,1210,random_customer_removal,regret3_insert_repair,True,False,candidate_usable,softmax,sample,1210,304,1.9745663647577927,0.22392268707763865,nan,0.72775
4000,STRUCTURAL_RESCUE__b4000__multidepot__e2-multidepot-100c-01__A8_ROUTE_POOL_RECOMBINATION__seed1,multidepot,e2-multidepot-100c-01,A8_ROUTE_POOL_RECOMBINATION,1,1211,whole_route_removal,regret2_insert_repair,True,False,candidate_usable,softmax,sample,1211,39,0.8807024423936622,0.04980035844087499,nan,0.727525
4000,STRUCTURAL_RESCUE__b4000__multidepot__e2-multidepot-100c-01__A8_ROUTE_POOL_RECOMBINATION__seed1,multidepot,e2-multidepot-100c-01,A8_ROUTE_POOL_RECOMBINATION,1,1212,random_customer_removal,regret3_insert_repair,False,False,candidate_usable,softmax,sample,1212,305,1.9747256747119704,0.22363916308704657,nan,0.7273000000000001
4000,STRUCTURAL_RESCUE__b4000__multidepot__e2-multidepot-100c-01__A8_ROUTE_POOL_RECOMBINATION__seed1,multidepot,e2-multidepot-100c-01,A8_ROUTE_POOL_RECOMBINATION,1,1213,random_customer_removal,regret3_insert_repair,False,False,candidate_usable,softmax,sample,1213,306,1.9685087920774198,0.2222273039783838,nan,0.7270749999999999
4000,STRUCTURAL_RESCUE__b4000__multidepot__e2-multidepot-100c-01__A8_ROUTE_POOL_RECOMBINATION__seed1,multidepot,e2-multidepot-100c-01,A8_ROUTE_POOL_RECOMBINATION,1,1214,vehicle_type_swap,regret2_insert_repair,False,False,candidate_usable,softmax,sample,1214,231,1.449488763460898,0.10905207294110839,nan,0.72685
4000,STRUCTURAL_RESCUE__b4000__multidepot__e2-multidepot-100c-01__A8_ROUTE_POOL_RECOMBINATION__seed1,multidepot,e2-multidepot-100c-01,A8_ROUTE_POOL_RECOMBINATION,1,1215,route_segment_removal,regret3_insert_repair,True,False,candidate_usable,softmax,sample,1215,52,0.949700915480201,0.05487071394088832,nan,0.726625
4000,STRUCTURAL_RESCUE__b4000__multidepot__e2-multidepot-100c-01__A8_ROUTE_POOL_RECOMBINATION__seed1,multidepot,e2-multidepot-100c-01,A8_ROUTE_POOL_RECOMBINATION,1,1216,random_customer_removal,regret3_insert_repair,False,False,candidate_usable,softmax,sample,1216,307,1.962337273893714,0.22081183406373045,nan,0.7263999999999999
4000,STRUCTURAL_RESCUE__b4000__multidepot__e2-multidepot-100c-01__A8_ROUTE_POOL_RECOMBINATION__seed1,multidepot,e2-multidepot-100c-01,A8_ROUTE_POOL_RECOMBINATION,1,1217,random_customer_removal,regret3_insert_repair,False,False,candidate_usable,softmax,sample,1217,308,1.9562007691506935,0.21942915334442797,nan,0.726175
4000,STRUCTURAL_RESCUE__b4000__multidepot__e2-multidepot-100c-01__A8_ROUTE_POOL_RECOMBINATION__seed1,multidepot,e2-multidepot-100c-01,A8_ROUTE_POOL_RECOMBINATION,1,1218,vehicle_type_swap,regret2_insert_repair,False,False,candidate_usable,softmax,sample,1218,232,1.4435749095508619,0.10853027709146702,nan,0.72595
4000,STRUCTURAL_RESCUE__b4000__multidepot__e2-multidepot-100c-01__A8_ROUTE_POOL_RECOMBINATION__seed1,multidepot,e2-multidepot-100c-01,A8_ROUTE_POOL_RECOMBINATION,1,1219,route_segment_removal,regret2_insert_repair,False,False,unchanged,softmax,sample,1219,69,1.114034270644638,0.06898635461346421,nan,0.725725
4000,STRUCTURAL_RESCUE__b4000__multidepot__e2-multidepot-100c-01__A8_ROUTE_POOL_RECOMBINATION__seed1,multidepot,e2-multidepot-100c-01,A8_ROUTE_POOL_RECOMBINATION,1,1220,vehicle_type_swap,regret3_insert_repair,False,False,candidate_usable,softmax,sample,1220,21,0.21076437273917611,0.019889596535308692,nan,0.7255
4000,STRUCTURAL_RESCUE__b4000__multidepot__e2-multidepot-100c-01__A8_ROUTE_POOL_RECOMBINATION__seed1,multidepot,e2-multidepot-100c-01,A8_ROUTE_POOL_RECOMBINATION,1,1221,whole_route_removal,regret2_insert_repair,False,False,candidate_usable,softmax,sample,1221,40,0.9102698801175026,0.052160481774177606,nan,0.7252749999999999
4000,STRUCTURAL_RESCUE__b4000__multidepot__e2-multidepot-100c-01__A8_ROUTE_POOL_RECOMBINATION__seed1,multidepot,e2-multidepot-100c-01,A8_ROUTE_POOL_RECOMBINATION,1,1222,route_segment_removal,greedy_insert_repair,False,False,unchanged,softmax,sample,1222,20,0.31206652596832823,0.022885914688307207,nan,0.72505
4000,STRUCTURAL_RESCUE__b4000__multidepot__e2-multidepot-100c-01__A8_ROUTE_POOL_RECOMBINATION__seed1,multidepot,e2-multidepot-100c-01,A8_ROUTE_POOL_RECOMBINATION,1,1223,route_segment_removal,regret3_insert_repair,True,False,candidate_usable,softmax,sample,1223,53,0.9705556871188213,0.056762256771907174,nan,0.724825
4000,STRUCTURAL_RESCUE__b4000__multidepot__e2-multidepot-100c-01__A8_ROUTE_POOL_RECOMBINATION__seed1,multidepot,e2-multidepot-100c-01,A8_ROUTE_POOL_RECOMBINATION,1,1224,vehicle_type_swap,regret2_insert_repair,False,False,candidate_usable,softmax,sample,1224,233,1.4377172625428196,0.1079735088951238,nan,0.7246
4000,STRUCTURAL_RESCUE__b4000__multidepot__e2-multidepot-100c-01__A8_ROUTE_POOL_RECOMBINATION__seed1,multidepot,e2-multidepot-100c-01,A8_ROUTE_POOL_RECOMBINATION,1,1225,random_customer_removal,regret3_insert_repair,False,False,candidate_usable,softmax,sample,1225,309,1.9501211254464408,0.21924980366422497,nan,0.724375
4000,STRUCTURAL_RESCUE__b4000__multidepot__e2-multidepot-100c-01__A8_ROUTE_POOL_RECOMBINATION__seed1,multidepot,e2-multidepot-100c-01,A8_ROUTE_POOL_RECOMBINATION,1,1226,random_customer_removal,regret3_insert_repair,True,False,candidate_usable,softmax,sample,1226,310,1.944063417001738,0.21788837438744374,nan,0.7241500000000001
4000,STRUCTURAL_RESCUE__b4000__multidepot__e2-multidepot-100c-01__A8_ROUTE_POOL_RECOMBINATION__seed1,multidepot,e2-multidepot-100c-01,A8_ROUTE_POOL_RECOMBINATION,1,1227,random_customer_removal,regret3_insert_repair,True,False,candidate_usable,softmax,sample,1227,311,1.9443146554941808,0.21801430915234138,nan,0.7239249999999999
4000,STRUCTURAL_RESCUE__b4000__multidepot__e2-multidepot-100c-01__A8_ROUTE_POOL_RECOMBINATION__seed1,multidepot,e2-multidepot-100c-01,A8_ROUTE_POOL_RECOMBINATION,1,1228,vehicle_type_swap,regret2_insert_repair,False,False,candidate_usable,softmax,sample,1228,234,1.4319038133857847,0.10742027343907559,nan,0.7237
4000,STRUCTURAL_RESCUE__b4000__multidepot__e2-multidepot-100c-01__A8_ROUTE_POOL_RECOMBINATION__seed1,multidepot,e2-multidepot-100c-01,A8_ROUTE_POOL_RECOMBINATION,1,1229,shaw_related_removal,greedy_insert_repair,False,False,unchanged,softmax,sample,1229,19,0.218698185507331,0.020101106322187774,nan,0.723475
4000,STRUCTURAL_RESCUE__b4000__multidepot__e2-multidepot-100c-01__A8_ROUTE_POOL_RECOMBINATION__seed1,multidepot,e2-multidepot-100c-01,A8_ROUTE_POOL_RECOMBINATION,1,1230,vehicle_type_swap,regret2_insert_repair,False,False,candidate_usable,softmax,sample,1230,235,1.4261340217612364,0.10668817925117188,nan,0.72325
4000,STRUCTURAL_RESCUE__b4000__multidepot__e2-multidepot-100c-01__A8_ROUTE_POOL_RECOMBINATION__seed1,multidepot,e2-multidepot-100c-01,A8_ROUTE_POOL_RECOMBINATION,1,1231,shaw_related_removal,greedy_insert_repair,False,False,candidate_usable,softmax,sample,1231,20,0.2146513678348281,0.019990576970464073,nan,0.723025
4000,STRUCTURAL_RESCUE__b4000__multidepot__e2-multidepot-100c-01__A8_ROUTE_POOL_RECOMBINATION__seed1,multidepot,e2-multidepot-100c-01,A8_ROUTE_POOL_RECOMBINATION,1,1232,random_customer_removal,regret2_insert_repair,True,False,candidate_usable,softmax,sample,1232,39,0.9808465124249328,0.05768316033816384,nan,0.7228
4000,STRUCTURAL_RESCUE__b4000__multidepot__e2-multidepot-100c-01__A8_ROUTE_POOL_RECOMBINATION__seed1,multidepot,e2-multidepot-100c-01,A8_ROUTE_POOL_RECOMBINATION,1,1233,route_segment_removal,regret2_insert_repair,False,False,unchanged,softmax,sample,1233,70,1.0995561273654295,0.0678263595821048,nan,0.722575
4000,STRUCTURAL_RESCUE__b4000__multidepot__e2-multidepot-100c-01__A8_ROUTE_POOL_RECOMBINATION__seed1,multidepot,e2-multidepot-100c-01,A8_ROUTE_POOL_RECOMBINATION,1,1234,worst_customer_removal,regret3_insert_repair,False,False,candidate_usable,softmax,sample,1234,207,1.7537752736403642,0.16798778576107387,nan,0.72235
4000,STRUCTURAL_RESCUE__b4000__multidepot__e2-multidepot-100c-01__A8_ROUTE_POOL_RECOMBINATION__seed1,multidepot,e2-multidepot-100c-01,A8_ROUTE_POOL_RECOMBINATION,1,1235,random_customer_removal,regret3_insert_repair,False,False,candidate_usable,softmax,sample,1235,312,1.944581196654791,0.21924999880152765,nan,0.7221249999999999
4000,STRUCTURAL_RESCUE__b4000__multidepot__e2-multidepot-100c-01__A8_ROUTE_POOL_RECOMBINATION__seed1,multidepot,e2-multidepot-100c-01,A8_ROUTE_POOL_RECOMBINATION,1,1236,random_customer_removal,regret3_insert_repair,False,False,candidate_usable,softmax,sample,1236,313,1.9385989472805614,0.21790226643465208,nan,0.7219
4000,STRUCTURAL_RESCUE__b4000__multidepot__e2-multidepot-100c-01__A8_ROUTE_POOL_RECOMBINATION__seed1,multidepot,e2-multidepot-100c-01,A8_ROUTE_POOL_RECOMBINATION,1,1237,whole_route_removal,regret3_insert_repair,True,False,candidate_usable,softmax,sample,1237,74,0.8344523465875925,0.047283742650531625,nan,0.721675
4000,STRUCTURAL_RESCUE__b4000__multidepot__e2-multidepot-100c-01__A8_ROUTE_POOL_RECOMBINATION__seed1,multidepot,e2-multidepot-100c-01,A8_ROUTE_POOL_RECOMBINATION,1,1238,random_customer_removal,regret3_insert_repair,True,False,candidate_usable,softmax,sample,1238,314,1.9326571088820304,0.21640431330197069,nan,0.7214499999999999
4000,STRUCTURAL_RESCUE__b4000__multidepot__e2-multidepot-100c-01__A8_ROUTE_POOL_RECOMBINATION__seed1,multidepot,e2-multidepot-100c-01,A8_ROUTE_POOL_RECOMBINATION,1,1239,shaw_related_removal,regret2_insert_repair,False,False,unchanged,softmax,sample,1239,19,0.2187941546215281,0.020106590844739775,nan,0.721225
4000,STRUCTURAL_RESCUE__b4000__multidepot__e2-multidepot-100c-01__A8_ROUTE_POOL_RECOMBINATION__seed1,multidepot,e2-multidepot-100c-01,A8_ROUTE_POOL_RECOMBINATION,1,1240,random_customer_removal,greedy_insert_repair,False,False,unchanged,softmax,sample,1240,24,0.44473262453890094,0.027497450650230248,nan,0.721
4000,STRUCTURAL_RESCUE__b4000__multidepot__e2-multidepot-100c-01__A8_ROUTE_POOL_RECOMBINATION__seed1,multidepot,e2-multidepot-100c-01,A8_ROUTE_POOL_RECOMBINATION,1,1241,whole_route_removal,greedy_insert_repair,False,False,candidate_usable,softmax,sample,1241,25,0.588059013831995,0.03355161720785254,nan,0.7207749999999999
4000,STRUCTURAL_RESCUE__b4000__multidepot__e2-multidepot-100c-01__A8_ROUTE_POOL_RECOMBINATION__seed1,multidepot,e2-multidepot-100c-01,A8_ROUTE_POOL_RECOMBINATION,1,1242,random_customer_removal,greedy_insert_repair,False,False,candidate_usable,softmax,sample,1242,25,0.4320673764671986,0.027035109622967,nan,0.72055
4000,STRUCTURAL_RESCUE__b4000__multidepot__e2-multidepot-100c-01__A8_ROUTE_POOL_RECOMBINATION__seed1,multidepot,e2-multidepot-100c-01,A8_ROUTE_POOL_RECOMBINATION,1,1243,random_customer_removal,greedy_insert_repair,True,False,candidate_usable,softmax,sample,1243,26,0.4203077171440906,0.026599828247189462,nan,0.720325
4000,STRUCTURAL_RESCUE__b4000__multidepot__e2-multidepot-100c-01__A8_ROUTE_POOL_RECOMBINATION__seed1,multidepot,e2-multidepot-100c-01,A8_ROUTE_POOL_RECOMBINATION,1,1244,random_customer_removal,regret3_insert_repair,True,False,candidate_usable,softmax,sample,1244,315,1.9329529624127537,0.21676219371815736,nan,0.7201
4000,STRUCTURAL_RESCUE__b4000__multidepot__e2-multidepot-100c-01__A8_ROUTE_POOL_RECOMBINATION__seed1,multidepot,e2-multidepot-100c-01,A8_ROUTE_POOL_RECOMBINATION,1,1245,random_customer_removal,regret2_insert_repair,False,False,candidate_usable,softmax,sample,1245,40,1.0079308908773144,0.05998217635618521,nan,0.719875
4000,STRUCTURAL_RESCUE__b4000__multidepot__e2-multidepot-100c-01__A8_ROUTE_POOL_RECOMBINATION__seed1,multidepot,e2-multidepot-100c-01,A8_ROUTE_POOL_RECOMBINATION,1,1246,whole_route_removal,regret2_insert_repair,False,False,unchanged,softmax,sample,1246,41,0.890915294924016,0.05106764778757557,nan,0.71965
4000,STRUCTURAL_RESCUE__b4000__multidepot__e2-multidepot-100c-01__A8_ROUTE_POOL_RECOMBINATION__seed1,multidepot,e2-multidepot-100c-01,A8_ROUTE_POOL_RECOMBINATION,1,1247,random_customer_removal,regret3_insert_repair,False,False,unchanged,softmax,sample,1247,316,1.9332396660068218,0.2177048536232427,nan,0.719425
4000,STRUCTURAL_RESCUE__b4000__multidepot__e2-multidepot-100c-01__A8_ROUTE_POOL_RECOMBINATION__seed1,multidepot,e2-multidepot-100c-01,A8_ROUTE_POOL_RECOMBINATION,1,1248,random_customer_removal,regret3_insert_repair,False,False,candidate_usable,softmax,sample,1248,317,1.927368287249913,0.21638457275946446,nan,0.7192000000000001
4000,STRUCTURAL_RESCUE__b4000__multidepot__e2-multidepot-100c-01__A8_ROUTE_POOL_RECOMBINATION__seed1,multidepot,e2-multidepot-100c-01,A8_ROUTE_POOL_RECOMBINATION,1,1249,worst_customer_removal,regret3_insert_repair,True,False,candidate_usable,softmax,sample,1249,208,1.745754525689313,0.16842903739923507,nan,0.7189749999999999
4000,STRUCTURAL_RESCUE__b4000__multidepot__e2-multidepot-100c-01__A8_ROUTE_POOL_RECOMBINATION__seed1,multidepot,e2-multidepot-100c-01,A8_ROUTE_POOL_RECOMBINATION,1,1250,whole_route_removal,regret2_insert_repair,True,False,candidate_usable,softmax,sample,1250,42,0.8723308612862712,0.04996037995128438,nan,0.71875
4000,STRUCTURAL_RESCUE__b4000__multidepot__e2-multidepot-100c-01__A8_ROUTE_POOL_RECOMBINATION__seed1,multidepot,e2-multidepot-100c-01,A8_ROUTE_POOL_RECOMBINATION,1,1251,random_customer_removal,regret3_insert_repair,False,False,unchanged,softmax,sample,1251,318,1.9215384753734037,0.21472310152356172,nan,0.7185250000000001
4000,STRUCTURAL_RESCUE__b4000__multidepot__e2-multidepot-100c-01__A8_ROUTE_POOL_RECOMBINATION__seed1,multidepot,e2-multidepot-100c-01,A8_ROUTE_POOL_RECOMBINATION,1,1252,random_customer_removal,regret3_insert_repair,False,False,candidate_usable,softmax,sample,1252,319,1.915740392677052,0.21343051218377543,nan,0.7182999999999999
4000,STRUCTURAL_RESCUE__b4000__multidepot__e2-multidepot-100c-01__A8_ROUTE_POOL_RECOMBINATION__seed1,multidepot,e2-multidepot-100c-01,A8_ROUTE_POOL_RECOMBINATION,1,1253,random_customer_removal,regret3_insert_repair,False,False,candidate_usable,softmax,sample,1253,320,1.909978449325723,0.21215120134195728,nan,0.718075
4000,STRUCTURAL_RESCUE__b4000__multidepot__e2-multidepot-100c-01__A8_ROUTE_POOL_RECOMBINATION__seed1,multidepot,e2-multidepot-100c-01,A8_ROUTE_POOL_RECOMBINATION,1,1254,vehicle_type_swap,regret2_insert_repair,False,False,candidate_usable,softmax,sample,1254,236,1.4204737773210168,0.1074887192606161,nan,0.71785
4000,STRUCTURAL_RESCUE__b4000__multidepot__e2-multidepot-100c-01__A8_ROUTE_POOL_RECOMBINATION__seed1,multidepot,e2-multidepot-100c-01,A8_ROUTE_POOL_RECOMBINATION,1,1255,worst_customer_removal,regret3_insert_repair,False,False,candidate_usable,softmax,sample,1255,209,1.747113942684959,0.16960828795669317,nan,0.717625
4000,STRUCTURAL_RESCUE__b4000__multidepot__e2-multidepot-100c-01__A8_ROUTE_POOL_RECOMBINATION__seed1,multidepot,e2-multidepot-100c-01,A8_ROUTE_POOL_RECOMBINATION,1,1256,whole_route_removal,greedy_insert_repair,False,False,unchanged,softmax,sample,1256,26,0.5704136700343542,0.03296242864450589,nan,0.7174
4000,STRUCTURAL_RESCUE__b4000__multidepot__e2-multidepot-100c-01__A8_ROUTE_POOL_RECOMBINATION__seed1,multidepot,e2-multidepot-100c-01,A8_ROUTE_POOL_RECOMBINATION,1,1257,worst_customer_removal,regret3_insert_repair,False,False,candidate_usable,softmax,sample,1257,210,1.739162825737729,0.16825736968712518,nan,0.717175
4000,STRUCTURAL_RESCUE__b4000__multidepot__e2-multidepot-100c-01__A8_ROUTE_POOL_RECOMBINATION__seed1,multidepot,e2-multidepot-100c-01,A8_ROUTE_POOL_RECOMBINATION,1,1258,worst_customer_removal,regret3_insert_repair,False,False,candidate_usable,softmax,sample,1258,211,1.7312839100100421,0.16676365541730723,nan,0.71695
4000,STRUCTURAL_RESCUE__b4000__multidepot__e2-multidepot-100c-01__A8_ROUTE_POOL_RECOMBINATION__seed1,multidepot,e2-multidepot-100c-01,A8_ROUTE_POOL_RECOMBINATION,1,1259,worst_customer_removal,regret3_insert_repair,False,False,candidate_usable,softmax,sample,1259,212,1.7234790421381814,0.165293884360066,nan,0.7167250000000001
4000,STRUCTURAL_RESCUE__b4000__multidepot__e2-multidepot-100c-01__A8_ROUTE_POOL_RECOMBINATION__seed1,multidepot,e2-multidepot-100c-01,A8_ROUTE_POOL_RECOMBINATION,1,1260,random_customer_removal,regret3_insert_repair,False,False,candidate_usable,softmax,sample,1260,321,1.9042663779731592,0.213160989504099,nan,0.7164999999999999
4000,STRUCTURAL_RESCUE__b4000__multidepot__e2-multidepot-100c-01__A8_ROUTE_POOL_RECOMBINATION__seed1,multidepot,e2-multidepot-100c-01,A8_ROUTE_POOL_RECOMBINATION,1,1261,random_customer_removal,regret3_insert_repair,True,False,candidate_usable,softmax,sample,1261,322,1.8985756719007283,0.21189660839223098,nan,0.716275
4000,STRUCTURAL_RESCUE__b4000__multidepot__e2-multidepot-100c-01__A8_ROUTE_POOL_RECOMBINATION__seed1,multidepot,e2-multidepot-100c-01,A8_ROUTE_POOL_RECOMBINATION,1,1262,vehicle_type_swap,greedy_insert_repair,False,False,candidate_usable,softmax,sample,1262,16,0.2333190099234022,0.020711227843850266,nan,0.71605
4000,STRUCTURAL_RESCUE__b4000__multidepot__e2-multidepot-100c-01__A8_ROUTE_POOL_RECOMBINATION__seed1,multidepot,e2-multidepot-100c-01,A8_ROUTE_POOL_RECOMBINATION,1,1263,worst_customer_removal,regret3_insert_repair,False,False,candidate_usable,softmax,sample,1263,213,1.715755777733466,0.16424304595077263,nan,0.7158249999999999
4000,STRUCTURAL_RESCUE__b4000__multidepot__e2-multidepot-100c-01__A8_ROUTE_POOL_RECOMBINATION__seed1,multidepot,e2-multidepot-100c-01,A8_ROUTE_POOL_RECOMBINATION,1,1264,route_segment_removal,regret2_insert_repair,False,False,unchanged,softmax,sample,1264,71,1.0855657684046587,0.06821590285805146,nan,0.7156
4000,STRUCTURAL_RESCUE__b4000__multidepot__e2-multidepot-100c-01__A8_ROUTE_POOL_RECOMBINATION__seed1,multidepot,e2-multidepot-100c-01,A8_ROUTE_POOL_RECOMBINATION,1,1265,route_segment_removal,greedy_insert_repair,False,False,unchanged,softmax,sample,1265,21,0.30403031457799856,0.022907011945306137,nan,0.7153750000000001
4000,STRUCTURAL_RESCUE__b4000__multidepot__e2-multidepot-100c-01__A8_ROUTE_POOL_RECOMBINATION__seed1,multidepot,e2-multidepot-100c-01,A8_ROUTE_POOL_RECOMBINATION,1,1266,worst_customer_removal,regret3_insert_repair,False,False,candidate_usable,softmax,sample,1266,214,1.7081015757301812,0.16314180646094312,nan,0.71515
4000,STRUCTURAL_RESCUE__b4000__multidepot__e2-multidepot-100c-01__A8_ROUTE_POOL_RECOMBINATION__seed1,multidepot,e2-multidepot-100c-01,A8_ROUTE_POOL_RECOMBINATION,1,1267,random_customer_removal,regret2_insert_repair,False,False,candidate_usable,softmax,sample,1267,41,0.9861736600535845,0.059547392001124445,nan,0.714925
4000,STRUCTURAL_RESCUE__b4000__multidepot__e2-multidepot-100c-01__A8_ROUTE_POOL_RECOMBINATION__seed1,multidepot,e2-multidepot-100c-01,A8_ROUTE_POOL_RECOMBINATION,1,1268,worst_customer_removal,regret2_insert_repair,False,False,candidate_usable,softmax,sample,1268,14,0.2452227373057334,0.021150511756384417,nan,0.7147
4000,STRUCTURAL_RESCUE__b4000__multidepot__e2-multidepot-100c-01__A8_ROUTE_POOL_RECOMBINATION__seed1,multidepot,e2-multidepot-100c-01,A8_ROUTE_POOL_RECOMBINATION,1,1269,worst_customer_removal,regret3_insert_repair,False,False,candidate_usable,softmax,sample,1269,215,1.700518311241053,0.1621141321689499,nan,0.714475
4000,STRUCTURAL_RESCUE__b4000__multidepot__e2-multidepot-100c-01__A8_ROUTE_POOL_RECOMBINATION__seed1,multidepot,e2-multidepot-100c-01,A8_ROUTE_POOL_RECOMBINATION,1,1270,random_customer_removal,regret3_insert_repair,False,False,candidate_usable,softmax,sample,1270,323,1.8989758175128588,0.2144499168225298,nan,0.71425
4000,STRUCTURAL_RESCUE__b4000__multidepot__e2-multidepot-100c-01__A8_ROUTE_POOL_RECOMBINATION__seed1,multidepot,e2-multidepot-100c-01,A8_ROUTE_POOL_RECOMBINATION,1,1271,vehicle_type_swap,regret2_insert_repair,False,False,candidate_usable,softmax,sample,1271,237,1.414841202696347,0.10907543037023854,nan,0.714025
4000,STRUCTURAL_RESCUE__b4000__multidepot__e2-multidepot-100c-01__A8_ROUTE_POOL_RECOMBINATION__seed1,multidepot,e2-multidepot-100c-01,A8_ROUTE_POOL_RECOMBINATION,1,1272,whole_route_removal,regret3_insert_repair,False,False,unchanged,softmax,sample,1272,75,0.8507490730941352,0.04953740449520632,nan,0.7138
4000,STRUCTURAL_RESCUE__b4000__multidepot__e2-multidepot-100c-01__A8_ROUTE_POOL_RECOMBINATION__seed1,multidepot,e2-multidepot-100c-01,A8_ROUTE_POOL_RECOMBINATION,1,1273,random_customer_removal,regret3_insert_repair,False,False,candidate_usable,softmax,sample,1273,324,1.8933409988345544,0.2136513719393314,nan,0.7135750000000001
4000,STRUCTURAL_RESCUE__b4000__multidepot__e2-multidepot-100c-01__A8_ROUTE_POOL_RECOMBINATION__seed1,multidepot,e2-multidepot-100c-01,A8_ROUTE_POOL_RECOMBINATION,1,1274,route_segment_removal,regret3_insert_repair,True,True,candidate_usable,softmax,sample,1274,54,0.9908742814799485,0.060413869516519385,nan,0.7133499999999999
4000,STRUCTURAL_RESCUE__b4000__multidepot__e2-multidepot-100c-01__A8_ROUTE_POOL_RECOMBINATION__seed1,multidepot,e2-multidepot-100c-01,A8_ROUTE_POOL_RECOMBINATION,1,1275,whole_route_removal,regret2_insert_repair,False,False,unchanged,softmax,sample,1275,43,0.9000758975048082,0.05124924162166724,nan,0.713125
4000,STRUCTURAL_RESCUE__b4000__multidepot__e2-multidepot-100c-01__A8_ROUTE_POOL_RECOMBINATION__seed1,multidepot,e2-multidepot-100c-01,A8_ROUTE_POOL_RECOMBINATION,1,1276,route_segment_removal,regret3_insert_repair,False,False,unchanged,softmax,sample,1276,55,1.3374454197728596,0.09475989452953151,nan,0.7129
4000,STRUCTURAL_RESCUE__b4000__multidepot__e2-multidepot-100c-01__A8_ROUTE_POOL_RECOMBINATION__seed1,multidepot,e2-multidepot-100c-01,A8_ROUTE_POOL_RECOMBINATION,1,1277,route_segment_removal,regret3_insert_repair,False,False,unchanged,softmax,sample,1277,56,1.315375231630903,0.09214154044105602,nan,0.712675
4000,STRUCTURAL_RESCUE__b4000__multidepot__e2-multidepot-100c-01__A8_ROUTE_POOL_RECOMBINATION__seed1,multidepot,e2-multidepot-100c-01,A8_ROUTE_POOL_RECOMBINATION,1,1278,worst_customer_removal,regret3_insert_repair,False,False,candidate_usable,softmax,sample,1278,216,1.6930218814314035,0.15698602420389,nan,0.71245
4000,STRUCTURAL_RESCUE__b4000__multidepot__e2-multidepot-100c-01__A8_ROUTE_POOL_RECOMBINATION__seed1,multidepot,e2-multidepot-100c-01,A8_ROUTE_POOL_RECOMBINATION,1,1279,whole_route_removal,regret2_insert_repair,False,False,unchanged,softmax,sample,1279,44,0.8820981276865356,0.050371591067558306,nan,0.712225
4000,STRUCTURAL_RESCUE__b4000__multidepot__e2-multidepot-100c-01__A8_ROUTE_POOL_RECOMBINATION__seed1,multidepot,e2-multidepot-100c-01,A8_ROUTE_POOL_RECOMBINATION,1,1280,random_customer_removal,regret3_insert_repair,True,False,candidate_usable,softmax,sample,1280,325,1.8877499182696187,0.2070411534238564,nan,0.712
4000,STRUCTURAL_RESCUE__b4000__multidepot__e2-multidepot-100c-01__A8_ROUTE_POOL_RECOMBINATION__seed1,multidepot,e2-multidepot-100c-01,A8_ROUTE_POOL_RECOMBINATION,1,1281,route_segment_removal,regret2_insert_repair,False,False,unchanged,softmax,sample,1281,72,1.0718905767194213,0.0658162656079199,nan,0.711775
4000,STRUCTURAL_RESCUE__b4000__multidepot__e2-multidepot-100c-01__A8_ROUTE_POOL_RECOMBINATION__seed1,multidepot,e2-multidepot-100c-01,A8_ROUTE_POOL_RECOMBINATION,1,1282,random_customer_removal,regret3_insert_repair,False,False,candidate_usable,softmax,sample,1282,326,1.8881632215507222,0.2075158498032938,nan,0.7115499999999999
4000,STRUCTURAL_RESCUE__b4000__multidepot__e2-multidepot-100c-01__A8_ROUTE_POOL_RECOMBINATION__seed1,multidepot,e2-multidepot-100c-01,A8_ROUTE_POOL_RECOMBINATION,1,1283,random_customer_removal,regret2_insert_repair,True,False,candidate_usable,softmax,sample,1283,42,0.9653980813532007,0.056819368978023976,nan,0.711325
4000,STRUCTURAL_RESCUE__b4000__multidepot__e2-multidepot-100c-01__A8_ROUTE_POOL_RECOMBINATION__seed1,multidepot,e2-multidepot-100c-01,A8_ROUTE_POOL_RECOMBINATION,1,1284,random_customer_removal,regret3_insert_repair,False,False,candidate_usable,softmax,sample,1284,327,1.8826106019028856,0.20593351640783125,nan,0.7111000000000001
4000,STRUCTURAL_RESCUE__b4000__multidepot__e2-multidepot-100c-01__A8_ROUTE_POOL_RECOMBINATION__seed1,multidepot,e2-multidepot-100c-01,A8_ROUTE_POOL_RECOMBINATION,1,1285,worst_customer_removal,regret3_insert_repair,False,False,candidate_usable,softmax,sample,1285,217,1.6855886317483857,0.15638084371224864,nan,0.710875
4000,STRUCTURAL_RESCUE__b4000__multidepot__e2-multidepot-100c-01__A8_ROUTE_POOL_RECOMBINATION__seed1,multidepot,e2-multidepot-100c-01,A8_ROUTE_POOL_RECOMBINATION,1,1286,vehicle_type_swap,greedy_insert_repair,False,False,candidate_usable,softmax,sample,1286,17,0.2283887042711459,0.02015814567544133,nan,0.71065
4000,STRUCTURAL_RESCUE__b4000__multidepot__e2-multidepot-100c-01__A8_ROUTE_POOL_RECOMBINATION__seed1,multidepot,e2-multidepot-100c-01,A8_ROUTE_POOL_RECOMBINATION,1,1287,worst_customer_removal,regret3_insert_repair,False,False,candidate_usable,softmax,sample,1287,218,1.678209445973943,0.15510259606300544,nan,0.7104250000000001
4000,STRUCTURAL_RESCUE__b4000__multidepot__e2-multidepot-100c-01__A8_ROUTE_POOL_RECOMBINATION__seed1,multidepot,e2-multidepot-100c-01,A8_ROUTE_POOL_RECOMBINATION,1,1288,random_customer_removal,regret3_insert_repair,True,False,candidate_usable,softmax,sample,1288,328,1.877096272331959,0.20559995426570477,nan,0.7101999999999999
4000,STRUCTURAL_RESCUE__b4000__multidepot__e2-multidepot-100c-01__A8_ROUTE_POOL_RECOMBINATION__seed1,multidepot,e2-multidepot-100c-01,A8_ROUTE_POOL_RECOMBINATION,1,1289,random_customer_removal,greedy_insert_repair,True,False,candidate_usable,softmax,sample,1289,27,0.48194130183459133,0.02881885092180207,nan,0.709975
4000,STRUCTURAL_RESCUE__b4000__multidepot__e2-multidepot-100c-01__A8_ROUTE_POOL_RECOMBINATION__seed1,multidepot,e2-multidepot-100c-01,A8_ROUTE_POOL_RECOMBINATION,1,1290,worst_customer_removal,greedy_insert_repair,False,False,unchanged,softmax,sample,1290,19,0.21927105353068072,0.019850308377452077,nan,0.70975
4000,STRUCTURAL_RESCUE__b4000__multidepot__e2-multidepot-100c-01__A8_ROUTE_POOL_RECOMBINATION__seed1,multidepot,e2-multidepot-100c-01,A8_ROUTE_POOL_RECOMBINATION,1,1291,worst_customer_removal,greedy_insert_repair,False,False,candidate_usable,softmax,sample,1291,20,0.21520056133125604,0.019730310942441494,nan,0.709525
4000,STRUCTURAL_RESCUE__b4000__multidepot__e2-multidepot-100c-01__A8_ROUTE_POOL_RECOMBINATION__seed1,multidepot,e2-multidepot-100c-01,A8_ROUTE_POOL_RECOMBINATION,1,1292,worst_customer_removal,regret3_insert_repair,True,False,candidate_usable,softmax,sample,1292,219,1.6709056710061099,0.15356612306865003,nan,0.7093
4000,STRUCTURAL_RESCUE__b4000__multidepot__e2-multidepot-100c-01__A8_ROUTE_POOL_RECOMBINATION__seed1,multidepot,e2-multidepot-100c-01,A8_ROUTE_POOL_RECOMBINATION,1,1293,random_customer_removal,regret2_insert_repair,False,False,candidate_usable,softmax,sample,1293,43,0.9908851951302593,0.058848439882358494,nan,0.709075
4000,STRUCTURAL_RESCUE__b4000__multidepot__e2-multidepot-100c-01__A8_ROUTE_POOL_RECOMBINATION__seed1,multidepot,e2-multidepot-100c-01,A8_ROUTE_POOL_RECOMBINATION,1,1294,worst_customer_removal,regret3_insert_repair,False,False,candidate_usable,softmax,sample,1294,220,1.6725234471147647,0.15418054427115457,nan,0.70885
4000,STRUCTURAL_RESCUE__b4000__multidepot__e2-multidepot-100c-01__A8_ROUTE_POOL_RECOMBINATION__seed1,multidepot,e2-multidepot-100c-01,A8_ROUTE_POOL_RECOMBINATION,1,1295,worst_customer_removal,regret3_insert_repair,False,False,unchanged,softmax,sample,1295,221,1.6653000704357943,0.15288806610605662,nan,0.7086250000000001
4000,STRUCTURAL_RESCUE__b4000__multidepot__e2-multidepot-100c-01__A8_ROUTE_POOL_RECOMBINATION__seed1,multidepot,e2-multidepot-100c-01,A8_ROUTE_POOL_RECOMBINATION,1,1296,random_customer_removal,greedy_insert_repair,False,False,candidate_usable,softmax,sample,1296,28,0.5388317338327739,0.031227337548443077,nan,0.7083999999999999
4000,STRUCTURAL_RESCUE__b4000__multidepot__e2-multidepot-100c-01__A8_ROUTE_POOL_RECOMBINATION__seed1,multidepot,e2-multidepot-100c-01,A8_ROUTE_POOL_RECOMBINATION,1,1297,whole_route_removal,regret3_insert_repair,False,False,candidate_usable,softmax,sample,1297,76,0.8409063362562998,0.04785509855789006,nan,0.708175
4000,STRUCTURAL_RESCUE__b4000__multidepot__e2-multidepot-100c-01__A8_ROUTE_POOL_RECOMBINATION__seed1,multidepot,e2-multidepot-100c-01,A8_ROUTE_POOL_RECOMBINATION,1,1298,worst_customer_removal,greedy_insert_repair,False,False,candidate_usable,softmax,sample,1298,21,0.21146319610667938,0.01967917084260124,nan,0.70795
4000,STRUCTURAL_RESCUE__b4000__multidepot__e2-multidepot-100c-01__A8_ROUTE_POOL_RECOMBINATION__seed1,multidepot,e2-multidepot-100c-01,A8_ROUTE_POOL_RECOMBINATION,1,1299,random_customer_removal,regret3_insert_repair,False,False,candidate_usable,softmax,sample,1299,329,1.8775581166988362,0.20713492894842214,nan,0.7077249999999999
4000,STRUCTURAL_RESCUE__b4000__multidepot__e2-multidepot-100c-01__A8_ROUTE_POOL_RECOMBINATION__seed1,multidepot,e2-multidepot-100c-01,A8_ROUTE_POOL_RECOMBINATION,1,1300,random_customer_removal,greedy_insert_repair,False,False,candidate_usable,softmax,sample,1300,29,0.524490551681437,0.030655423787212564,nan,0.7075
4000,STRUCTURAL_RESCUE__b4000__multidepot__e2-multidepot-100c-01__A8_ROUTE_POOL_RECOMBINATION__seed1,multidepot,e2-multidepot-100c-01,A8_ROUTE_POOL_RECOMBINATION,1,1301,random_customer_removal,regret3_insert_repair,False,False,candidate_usable,softmax,sample,1301,330,1.8720878368707015,0.20611224079570056,nan,0.707275
4000,STRUCTURAL_RESCUE__b4000__multidepot__e2-multidepot-100c-01__A8_ROUTE_POOL_RECOMBINATION__seed1,multidepot,e2-multidepot-100c-01,A8_ROUTE_POOL_RECOMBINATION,1,1302,vehicle_type_swap,regret2_insert_repair,False,False,candidate_usable,softmax,sample,1302,238,1.4092921948943744,0.10731420268210633,nan,0.70705
4000,STRUCTURAL_RESCUE__b4000__multidepot__e2-multidepot-100c-01__A8_ROUTE_POOL_RECOMBINATION__seed1,multidepot,e2-multidepot-100c-01,A8_ROUTE_POOL_RECOMBINATION,1,1303,worst_customer_removal,regret3_insert_repair,False,False,candidate_usable,softmax,sample,1303,222,1.6581605541120692,0.15274878678868006,nan,0.706825
4000,STRUCTURAL_RESCUE__b4000__multidepot__e2-multidepot-100c-01__A8_ROUTE_POOL_RECOMBINATION__seed1,multidepot,e2-multidepot-100c-01,A8_ROUTE_POOL_RECOMBINATION,1,1304,random_customer_removal,regret3_insert_repair,False,False,candidate_usable,softmax,sample,1304,331,1.866652741875459,0.20553051290815277,nan,0.7066
4000,STRUCTURAL_RESCUE__b4000__multidepot__e2-multidepot-100c-01__A8_ROUTE_POOL_RECOMBINATION__seed1,multidepot,e2-multidepot-100c-01,A8_ROUTE_POOL_RECOMBINATION,1,1305,random_customer_removal,regret2_insert_repair,True,False,candidate_usable,softmax,sample,1305,44,0.9708928712775767,0.057937140216182514,nan,0.706375
4000,STRUCTURAL_RESCUE__b4000__multidepot__e2-multidepot-100c-01__A8_ROUTE_POOL_RECOMBINATION__seed1,multidepot,e2-multidepot-100c-01,A8_ROUTE_POOL_RECOMBINATION,1,1306,whole_route_removal,regret2_insert_repair,False,False,unchanged,softmax,sample,1306,45,0.8650432816165257,0.049766826362284494,nan,0.70615
4000,STRUCTURAL_RESCUE__b4000__multidepot__e2-multidepot-100c-01__A8_ROUTE_POOL_RECOMBINATION__seed1,multidepot,e2-multidepot-100c-01,A8_ROUTE_POOL_RECOMBINATION,1,1307,random_customer_removal,regret3_insert_repair,True,False,candidate_usable,softmax,sample,1307,332,1.8612502970558078,0.20429340252939954,nan,0.705925
4000,STRUCTURAL_RESCUE__b4000__multidepot__e2-multidepot-100c-01__A8_ROUTE_POOL_RECOMBINATION__seed1,multidepot,e2-multidepot-100c-01,A8_ROUTE_POOL_RECOMBINATION,1,1308,shaw_related_removal,greedy_insert_repair,False,False,candidate_usable,softmax,sample,1308,21,0.2115495281882748,0.0197280169777764,nan,0.7057
4000,STRUCTURAL_RESCUE__b4000__multidepot__e2-multidepot-100c-01__A8_ROUTE_POOL_RECOMBINATION__seed1,multidepot,e2-multidepot-100c-01,A8_ROUTE_POOL_RECOMBINATION,1,1309,whole_route_removal,greedy_insert_repair,True,False,candidate_usable,softmax,sample,1309,27,0.5543170808210285,0.032058502489513065,nan,0.7054750000000001
4000,STRUCTURAL_RESCUE__b4000__multidepot__e2-multidepot-100c-01__A8_ROUTE_POOL_RECOMBINATION__seed1,multidepot,e2-multidepot-100c-01,A8_ROUTE_POOL_RECOMBINATION,1,1310,random_customer_removal,regret2_insert_repair,False,False,candidate_usable,softmax,sample,1310,45,0.995067065609154,0.05972012095425223,nan,0.7052499999999999
4000,STRUCTURAL_RESCUE__b4000__multidepot__e2-multidepot-100c-01__A8_ROUTE_POOL_RECOMBINATION__seed1,multidepot,e2-multidepot-100c-01,A8_ROUTE_POOL_RECOMBINATION,1,1311,random_customer_removal,regret3_insert_repair,False,False,candidate_usable,softmax,sample,1311,333,1.8617382666437823,0.20448008683935495,nan,0.705025
4000,STRUCTURAL_RESCUE__b4000__multidepot__e2-multidepot-100c-01__A8_ROUTE_POOL_RECOMBINATION__seed1,multidepot,e2-multidepot-100c-01,A8_ROUTE_POOL_RECOMBINATION,1,1312,whole_route_removal,regret2_insert_repair,False,False,unchanged,softmax,sample,1312,46,0.8485938990231996,0.04865878412366691,nan,0.7048
4000,STRUCTURAL_RESCUE__b4000__multidepot__e2-multidepot-100c-01__A8_ROUTE_POOL_RECOMBINATION__seed1,multidepot,e2-multidepot-100c-01,A8_ROUTE_POOL_RECOMBINATION,1,1313,worst_customer_removal,regret3_insert_repair,True,False,candidate_usable,softmax,sample,1313,223,1.6510901383148726,0.1521299503538587,nan,0.704575
4000,STRUCTURAL_RESCUE__b4000__multidepot__e2-multidepot-100c-01__A8_ROUTE_POOL_RECOMBINATION__seed1,multidepot,e2-multidepot-100c-01,A8_ROUTE_POOL_RECOMBINATION,1,1314,random_customer_removal,regret3_insert_repair,False,False,candidate_usable,softmax,sample,1314,334,1.8563827032581768,0.2035773026257674,nan,0.70435
4000,STRUCTURAL_RESCUE__b4000__multidepot__e2-multidepot-100c-01__A8_ROUTE_POOL_RECOMBINATION__seed1,multidepot,e2-multidepot-100c-01,A8_ROUTE_POOL_RECOMBINATION,1,1315,vehicle_type_swap,greedy_insert_repair,False,False,candidate_usable,softmax,sample,1315,18,0.22390078371404484,0.020074076209165813,nan,0.704125
4000,STRUCTURAL_RESCUE__b4000__multidepot__e2-multidepot-100c-01__A8_ROUTE_POOL_RECOMBINATION__seed1,multidepot,e2-multidepot-100c-01,A8_ROUTE_POOL_RECOMBINATION,1,1316,worst_customer_removal,regret3_insert_repair,False,False,unchanged,softmax,sample,1316,224,1.6527692111509389,0.15278727877927534,nan,0.7039
4000,STRUCTURAL_RESCUE__b4000__multidepot__e2-multidepot-100c-01__A8_ROUTE_POOL_RECOMBINATION__seed1,multidepot,e2-multidepot-100c-01,A8_ROUTE_POOL_RECOMBINATION,1,1317,route_segment_removal,regret3_insert_repair,True,False,candidate_usable,softmax,sample,1317,57,1.2942797333290434,0.09195685760215361,nan,0.703675
4000,STRUCTURAL_RESCUE__b4000__multidepot__e2-multidepot-100c-01__A8_ROUTE_POOL_RECOMBINATION__seed1,multidepot,e2-multidepot-100c-01,A8_ROUTE_POOL_RECOMBINATION,1,1318,random_customer_removal,regret3_insert_repair,True,False,candidate_usable,softmax,sample,1318,335,1.851061207100416,0.20258303947534254,nan,0.7034499999999999
4000,STRUCTURAL_RESCUE__b4000__multidepot__e2-multidepot-100c-01__A8_ROUTE_POOL_RECOMBINATION__seed1,multidepot,e2-multidepot-100c-01,A8_ROUTE_POOL_RECOMBINATION,1,1319,random_customer_removal,regret3_insert_repair,False,False,candidate_usable,softmax,sample,1319,336,1.8515683396500842,0.20276059473296582,nan,0.703225
4000,STRUCTURAL_RESCUE__b4000__multidepot__e2-multidepot-100c-01__A8_ROUTE_POOL_RECOMBINATION__seed1,multidepot,e2-multidepot-100c-01,A8_ROUTE_POOL_RECOMBINATION,1,1320,random_customer_removal,regret3_insert_repair,False,False,candidate_usable,softmax,sample,1320,337,1.8462860253589302,0.20160952789580458,nan,0.703
4000,STRUCTURAL_RESCUE__b4000__multidepot__e2-multidepot-100c-01__A8_ROUTE_POOL_RECOMBINATION__seed1,multidepot,e2-multidepot-100c-01,A8_ROUTE_POOL_RECOMBINATION,1,1321,random_customer_removal,regret3_insert_repair,True,False,candidate_usable,softmax,sample,1321,338,1.841034881007473,0.20046972182624503,nan,0.7027749999999999
4000,STRUCTURAL_RESCUE__b4000__multidepot__e2-multidepot-100c-01__A8_ROUTE_POOL_RECOMBINATION__seed1,multidepot,e2-multidepot-100c-01,A8_ROUTE_POOL_RECOMBINATION,1,1322,route_segment_removal,regret3_insert_repair,False,False,candidate_usable,softmax,sample,1322,58,1.307342398593728,0.09379949959974387,nan,0.70255
4000,STRUCTURAL_RESCUE__b4000__multidepot__e2-multidepot-100c-01__A8_ROUTE_POOL_RECOMBINATION__seed1,multidepot,e2-multidepot-100c-01,A8_ROUTE_POOL_RECOMBINATION,1,1323,route_segment_removal,greedy_insert_repair,True,False,candidate_usable,softmax,sample,1323,22,0.2967602857216748,0.02230926863980535,nan,0.702325
4000,STRUCTURAL_RESCUE__b4000__multidepot__e2-multidepot-100c-01__A8_ROUTE_POOL_RECOMBINATION__seed1,multidepot,e2-multidepot-100c-01,A8_ROUTE_POOL_RECOMBINATION,1,1324,whole_route_removal,regret3_insert_repair,False,False,unchanged,softmax,sample,1324,77,0.8313236631438428,0.04762567380631928,nan,0.7021
4000,STRUCTURAL_RESCUE__b4000__multidepot__e2-multidepot-100c-01__A8_ROUTE_POOL_RECOMBINATION__seed1,multidepot,e2-multidepot-100c-01,A8_ROUTE_POOL_RECOMBINATION,1,1325,worst_customer_removal,regret3_insert_repair,False,False,unchanged,softmax,sample,1325,225,1.6457823689354658,0.15205655846410596,nan,0.701875
4000,STRUCTURAL_RESCUE__b4000__multidepot__e2-multidepot-100c-01__A8_ROUTE_POOL_RECOMBINATION__seed1,multidepot,e2-multidepot-100c-01,A8_ROUTE_POOL_RECOMBINATION,1,1326,random_customer_removal,regret3_insert_repair,False,False,candidate_usable,softmax,sample,1326,339,1.8415754788945482,0.20134297623439698,nan,0.70165
4000,STRUCTURAL_RESCUE__b4000__multidepot__e2-multidepot-100c-01__A8_ROUTE_POOL_RECOMBINATION__seed1,multidepot,e2-multidepot-100c-01,A8_ROUTE_POOL_RECOMBINATION,1,1327,route_segment_removal,regret3_insert_repair,False,False,unchanged,softmax,sample,1327,59,1.2869043071713442,0.09147122109158307,nan,0.701425
4000,STRUCTURAL_RESCUE__b4000__multidepot__e2-multidepot-100c-01__A8_ROUTE_POOL_RECOMBINATION__seed1,multidepot,e2-multidepot-100c-01,A8_ROUTE_POOL_RECOMBINATION,1,1328,vehicle_type_swap,regret2_insert_repair,False,False,candidate_usable,softmax,sample,1328,239,1.4037749059365736,0.10834209577679668,nan,0.7012
4000,STRUCTURAL_RESCUE__b4000__multidepot__e2-multidepot-100c-01__A8_ROUTE_POOL_RECOMBINATION__seed1,multidepot,e2-multidepot-100c-01,A8_ROUTE_POOL_RECOMBINATION,1,1329,random_customer_removal,regret3_insert_repair,True,False,candidate_usable,softmax,sample,1329,340,1.8363732108625201,0.20101662518288316,nan,0.700975
4000,STRUCTURAL_RESCUE__b4000__multidepot__e2-multidepot-100c-01__A8_ROUTE_POOL_RECOMBINATION__seed1,multidepot,e2-multidepot-100c-01,A8_ROUTE_POOL_RECOMBINATION,1,1330,random_customer_removal,regret3_insert_repair,False,False,candidate_usable,softmax,sample,1330,341,1.8369155632509986,0.20120168245277767,nan,0.70075
4000,STRUCTURAL_RESCUE__b4000__multidepot__e2-multidepot-100c-01__A8_ROUTE_POOL_RECOMBINATION__seed1,multidepot,e2-multidepot-100c-01,A8_ROUTE_POOL_RECOMBINATION,1,1331,whole_route_removal,regret3_insert_repair,False,False,candidate_usable,softmax,sample,1331,78,0.8218936352070796,0.04732999565237839,nan,0.7005250000000001
4000,STRUCTURAL_RESCUE__b4000__multidepot__e2-multidepot-100c-01__A8_ROUTE_POOL_RECOMBINATION__seed1,multidepot,e2-multidepot-100c-01,A8_ROUTE_POOL_RECOMBINATION,1,1332,worst_customer_removal,regret3_insert_repair,False,False,candidate_usable,softmax,sample,1332,226,1.6388517946514756,0.15204613397339797,nan,0.7002999999999999
4000,STRUCTURAL_RESCUE__b4000__multidepot__e2-multidepot-100c-01__A8_ROUTE_POOL_RECOMBINATION__seed1,multidepot,e2-multidepot-100c-01,A8_ROUTE_POOL_RECOMBINATION,1,1333,route_segment_removal,regret3_insert_repair,False,False,unchanged,softmax,sample,1333,60,1.2671457396041967,0.08956228284495922,nan,0.700075
4000,STRUCTURAL_RESCUE__b4000__multidepot__e2-multidepot-100c-01__A8_ROUTE_POOL_RECOMBINATION__seed1,multidepot,e2-multidepot-100c-01,A8_ROUTE_POOL_RECOMBINATION,1,1334,route_segment_removal,regret3_insert_repair,False,False,unchanged,softmax,sample,1334,61,1.2480034827587976,0.08736062511676553,nan,0.69985
4000,STRUCTURAL_RESCUE__b4000__multidepot__e2-multidepot-100c-01__A8_ROUTE_POOL_RECOMBINATION__seed1,multidepot,e2-multidepot-100c-01,A8_ROUTE_POOL_RECOMBINATION,1,1335,whole_route_removal,regret2_insert_repair,False,False,candidate_usable,softmax,sample,1335,47,0.8329292551601032,0.04837991603284656,nan,0.6996249999999999
4000,STRUCTURAL_RESCUE__b4000__multidepot__e2-multidepot-100c-01__A8_ROUTE_POOL_RECOMBINATION__seed1,multidepot,e2-multidepot-100c-01,A8_ROUTE_POOL_RECOMBINATION,1,1336,route_segment_removal,greedy_insert_repair,False,False,unchanged,softmax,sample,1336,23,0.37446500840796926,0.025139879223450637,nan,0.6994
4000,STRUCTURAL_RESCUE__b4000__multidepot__e2-multidepot-100c-01__A8_ROUTE_POOL_RECOMBINATION__seed1,multidepot,e2-multidepot-100c-01,A8_ROUTE_POOL_RECOMBINATION,1,1337,random_customer_removal,regret3_insert_repair,False,False,candidate_usable,softmax,sample,1337,342,1.8317656987206312,0.20210090723379848,nan,0.699175
4000,STRUCTURAL_RESCUE__b4000__multidepot__e2-multidepot-100c-01__A8_ROUTE_POOL_RECOMBINATION__seed1,multidepot,e2-multidepot-100c-01,A8_ROUTE_POOL_RECOMBINATION,1,1338,whole_route_removal,regret3_insert_repair,True,False,candidate_usable,softmax,sample,1338,79,0.8126990196208459,0.047113297657529155,nan,0.69895
4000,STRUCTURAL_RESCUE__b4000__multidepot__e2-multidepot-100c-01__A8_ROUTE_POOL_RECOMBINATION__seed1,multidepot,e2-multidepot-100c-01,A8_ROUTE_POOL_RECOMBINATION,1,1339,worst_customer_removal,regret3_insert_repair,False,False,candidate_usable,softmax,sample,1339,227,1.6319820137143966,0.15200039839084828,nan,0.698725
4000,STRUCTURAL_RESCUE__b4000__multidepot__e2-multidepot-100c-01__A8_ROUTE_POOL_RECOMBINATION__seed1,multidepot,e2-multidepot-100c-01,A8_ROUTE_POOL_RECOMBINATION,1,1340,route_segment_removal,regret3_insert_repair,True,False,candidate_usable,softmax,sample,1340,62,1.2294970310237112,0.08557238838583073,nan,0.6984999999999999
4000,STRUCTURAL_RESCUE__b4000__multidepot__e2-multidepot-100c-01__A8_ROUTE_POOL_RECOMBINATION__seed1,multidepot,e2-multidepot-100c-01,A8_ROUTE_POOL_RECOMBINATION,1,1341,worst_customer_removal,regret2_insert_repair,False,False,candidate_usable,softmax,sample,1341,15,0.2397619076307417,0.020705180155780732,nan,0.698275
4000,STRUCTURAL_RESCUE__b4000__multidepot__e2-multidepot-100c-01__A8_ROUTE_POOL_RECOMBINATION__seed1,multidepot,e2-multidepot-100c-01,A8_ROUTE_POOL_RECOMBINATION,1,1342,worst_customer_removal,regret3_insert_repair,False,False,candidate_usable,softmax,sample,1342,228,1.6251618731551856,0.15062500266746476,nan,0.69805
4000,STRUCTURAL_RESCUE__b4000__multidepot__e2-multidepot-100c-01__A8_ROUTE_POOL_RECOMBINATION__seed1,multidepot,e2-multidepot-100c-01,A8_ROUTE_POOL_RECOMBINATION,1,1343,worst_customer_removal,regret3_insert_repair,False,False,candidate_usable,softmax,sample,1343,229,1.6183959043321792,0.14942026950257695,nan,0.6978249999999999
4000,STRUCTURAL_RESCUE__b4000__multidepot__e2-multidepot-100c-01__A8_ROUTE_POOL_RECOMBINATION__seed1,multidepot,e2-multidepot-100c-01,A8_ROUTE_POOL_RECOMBINATION,1,1344,random_customer_removal,regret3_insert_repair,True,False,candidate_usable,softmax,sample,1344,343,1.826645735191265,0.20172909862109084,nan,0.6976
4000,STRUCTURAL_RESCUE__b4000__multidepot__e2-multidepot-100c-01__A8_ROUTE_POOL_RECOMBINATION__seed1,multidepot,e2-multidepot-100c-01,A8_ROUTE_POOL_RECOMBINATION,1,1345,random_customer_removal,regret2_insert_repair,False,False,candidate_usable,softmax,sample,1345,46,0.9759587423250047,0.059574405301600644,nan,0.6973750000000001
4000,STRUCTURAL_RESCUE__b4000__multidepot__e2-multidepot-100c-01__A8_ROUTE_POOL_RECOMBINATION__seed1,multidepot,e2-multidepot-100c-01,A8_ROUTE_POOL_RECOMBINATION,1,1346,random_customer_removal,regret3_insert_repair,False,False,candidate_usable,softmax,sample,1346,344,1.8272135095870115,0.2022993712757497,nan,0.6971499999999999
4000,STRUCTURAL_RESCUE__b4000__multidepot__e2-multidepot-100c-01__A8_ROUTE_POOL_RECOMBINATION__seed1,multidepot,e2-multidepot-100c-01,A8_ROUTE_POOL_RECOMBINATION,1,1347,worst_customer_removal,regret3_insert_repair,False,False,candidate_usable,softmax,sample,1347,230,1.6116962628514717,0.14875318351406583,nan,0.696925
4000,STRUCTURAL_RESCUE__b4000__multidepot__e2-multidepot-100c-01__A8_ROUTE_POOL_RECOMBINATION__seed1,multidepot,e2-multidepot-100c-01,A8_ROUTE_POOL_RECOMBINATION,1,1348,vehicle_type_swap,regret2_insert_repair,False,False,candidate_usable,softmax,sample,1348,240,1.3982872131943744,0.10968319637865515,nan,0.6967
4000,STRUCTURAL_RESCUE__b4000__multidepot__e2-multidepot-100c-01__A8_ROUTE_POOL_RECOMBINATION__seed1,multidepot,e2-multidepot-100c-01,A8_ROUTE_POOL_RECOMBINATION,1,1349,route_segment_removal,regret3_insert_repair,False,False,unchanged,softmax,sample,1349,63,1.242539144749689,0.08778966722378002,nan,0.696475
4000,STRUCTURAL_RESCUE__b4000__multidepot__e2-multidepot-100c-01__A8_ROUTE_POOL_RECOMBINATION__seed1,multidepot,e2-multidepot-100c-01,A8_ROUTE_POOL_RECOMBINATION,1,1350,route_segment_removal,greedy_insert_repair,False,False,candidate_usable,softmax,sample,1350,24,0.3643799561544334,0.02492670333132558,nan,0.69625
4000,STRUCTURAL_RESCUE__b4000__multidepot__e2-multidepot-100c-01__A8_ROUTE_POOL_RECOMBINATION__seed1,multidepot,e2-multidepot-100c-01,A8_ROUTE_POOL_RECOMBINATION,1,1351,route_segment_removal,regret2_insert_repair,False,False,unchanged,softmax,sample,1351,73,1.0588309070865203,0.06760245514886173,nan,0.696025
4000,STRUCTURAL_RESCUE__b4000__multidepot__e2-multidepot-100c-01__A8_ROUTE_POOL_RECOMBINATION__seed1,multidepot,e2-multidepot-100c-01,A8_ROUTE_POOL_RECOMBINATION,1,1352,worst_customer_removal,regret3_insert_repair,False,False,candidate_usable,softmax,sample,1352,231,1.6050569587237344,0.14839606154721333,nan,0.6958
4000,STRUCTURAL_RESCUE__b4000__multidepot__e2-multidepot-100c-01__A8_ROUTE_POOL_RECOMBINATION__seed1,multidepot,e2-multidepot-100c-01,A8_ROUTE_POOL_RECOMBINATION,1,1353,shaw_related_removal,regret3_insert_repair,False,False,candidate_usable,softmax,sample,1353,18,0.2242450597771,0.02041675100191469,nan,0.695575
4000,STRUCTURAL_RESCUE__b4000__multidepot__e2-multidepot-100c-01__A8_ROUTE_POOL_RECOMBINATION__seed1,multidepot,e2-multidepot-100c-01,A8_ROUTE_POOL_RECOMBINATION,1,1354,route_segment_removal,regret3_insert_repair,True,False,candidate_usable,softmax,sample,1354,64,1.2246800133038591,0.08603894694288057,nan,0.6953499999999999
4000,STRUCTURAL_RESCUE__b4000__multidepot__e2-multidepot-100c-01__A8_ROUTE_POOL_RECOMBINATION__seed1,multidepot,e2-multidepot-100c-01,A8_ROUTE_POOL_RECOMBINATION,1,1355,worst_customer_removal,regret3_insert_repair,False,False,candidate_usable,softmax,sample,1355,232,1.5984695761523147,0.14708052378280478,nan,0.695125
4000,STRUCTURAL_RESCUE__b4000__multidepot__e2-multidepot-100c-01__A8_ROUTE_POOL_RECOMBINATION__seed1,multidepot,e2-multidepot-100c-01,A8_ROUTE_POOL_RECOMBINATION,1,1356,whole_route_removal,regret3_insert_repair,True,False,candidate_usable,softmax,sample,1356,80,0.8281536840798807,0.04862000915308749,nan,0.6949
4000,STRUCTURAL_RESCUE__b4000__multidepot__e2-multidepot-100c-01__A8_ROUTE_POOL_RECOMBINATION__seed1,multidepot,e2-multidepot-100c-01,A8_ROUTE_POOL_RECOMBINATION,1,1357,random_customer_removal,regret3_insert_repair,False,False,candidate_usable,softmax,sample,1357,345,1.8221445646256413,0.20309881343880498,nan,0.6946749999999999
4000,STRUCTURAL_RESCUE__b4000__multidepot__e2-multidepot-100c-01__A8_ROUTE_POOL_RECOMBINATION__seed1,multidepot,e2-multidepot-100c-01,A8_ROUTE_POOL_RECOMBINATION,1,1358,random_customer_removal,regret3_insert_repair,True,False,candidate_usable,softmax,sample,1358,346,1.8170839854482916,0.20198454522190698,nan,0.69445
4000,STRUCTURAL_RESCUE__b4000__multidepot__e2-multidepot-100c-01__A8_ROUTE_POOL_RECOMBINATION__seed1,multidepot,e2-multidepot-100c-01,A8_ROUTE_POOL_RECOMBINATION,1,1359,worst_customer_removal,regret3_insert_repair,False,False,candidate_usable,softmax,sample,1359,233,1.5919410521555808,0.14606035516767596,nan,0.694225
4000,STRUCTURAL_RESCUE__b4000__multidepot__e2-multidepot-100c-01__A8_ROUTE_POOL_RECOMBINATION__seed1,multidepot,e2-multidepot-100c-01,A8_ROUTE_POOL_RECOMBINATION,1,1360,route_segment_removal,regret2_insert_repair,False,False,unchanged,softmax,sample,1360,74,1.045840884211614,0.06659928951560742,nan,0.694
4000,STRUCTURAL_RESCUE__b4000__multidepot__e2-multidepot-100c-01__A8_ROUTE_POOL_RECOMBINATION__seed1,multidepot,e2-multidepot-100c-01,A8_ROUTE_POOL_RECOMBINATION,1,1361,random_customer_removal,regret3_insert_repair,True,False,candidate_usable,softmax,sample,1361,347,1.8176762365369523,0.20282934341223147,nan,0.693775
4000,STRUCTURAL_RESCUE__b4000__multidepot__e2-multidepot-100c-01__A8_ROUTE_POOL_RECOMBINATION__seed1,multidepot,e2-multidepot-100c-01,A8_ROUTE_POOL_RECOMBINATION,1,1362,vehicle_type_swap,regret2_insert_repair,False,False,candidate_usable,softmax,sample,1362,241,1.3928294024584924,0.10994006494753951,nan,0.6935499999999999
4000,STRUCTURAL_RESCUE__b4000__multidepot__e2-multidepot-100c-01__A8_ROUTE_POOL_RECOMBINATION__seed1,multidepot,e2-multidepot-100c-01,A8_ROUTE_POOL_RECOMBINATION,1,1363,worst_customer_removal,regret3_insert_repair,False,False,candidate_usable,softmax,sample,1363,234,1.585468109583297,0.14529329868993776,nan,0.693325
4000,STRUCTURAL_RESCUE__b4000__multidepot__e2-multidepot-100c-01__A8_ROUTE_POOL_RECOMBINATION__seed1,multidepot,e2-multidepot-100c-01,A8_ROUTE_POOL_RECOMBINATION,1,1364,random_customer_removal,greedy_insert_repair,False,False,candidate_usable,softmax,sample,1364,30,0.511489722714785,0.030900404760881576,nan,0.6931
4000,STRUCTURAL_RESCUE__b4000__multidepot__e2-multidepot-100c-01__A8_ROUTE_POOL_RECOMBINATION__seed1,multidepot,e2-multidepot-100c-01,A8_ROUTE_POOL_RECOMBINATION,1,1365,random_customer_removal,regret2_insert_repair,False,False,candidate_usable,softmax,sample,1365,47,0.9575661722190801,0.05884056033375731,nan,0.692875
4000,STRUCTURAL_RESCUE__b4000__multidepot__e2-multidepot-100c-01__A8_ROUTE_POOL_RECOMBINATION__seed1,multidepot,e2-multidepot-100c-01,A8_ROUTE_POOL_RECOMBINATION,1,1366,route_segment_removal,greedy_insert_repair,False,False,unchanged,softmax,sample,1366,25,0.35505212136104447,0.02468906825085789,nan,0.69265
4000,STRUCTURAL_RESCUE__b4000__multidepot__e2-multidepot-100c-01__A8_ROUTE_POOL_RECOMBINATION__seed1,multidepot,e2-multidepot-100c-01,A8_ROUTE_POOL_RECOMBINATION,1,1367,random_customer_removal,regret3_insert_repair,False,False,candidate_usable,softmax,sample,1367,348,1.8182711874702426,0.2042771415771408,nan,0.6924250000000001
4000,STRUCTURAL_RESCUE__b4000__multidepot__e2-multidepot-100c-01__A8_ROUTE_POOL_RECOMBINATION__seed1,multidepot,e2-multidepot-100c-01,A8_ROUTE_POOL_RECOMBINATION,1,1368,worst_customer_removal,greedy_insert_repair,False,False,unchanged,softmax,sample,1368,22,0.2084911005625396,0.01999863382169938,nan,0.6921999999999999
4000,STRUCTURAL_RESCUE__b4000__multidepot__e2-multidepot-100c-01__A8_ROUTE_POOL_RECOMBINATION__seed1,multidepot,e2-multidepot-100c-01,A8_ROUTE_POOL_RECOMBINATION,1,1369,random_customer_removal,regret3_insert_repair,True,False,candidate_usable,softmax,sample,1369,349,1.8132670302010045,0.20325086095849199,nan,0.691975
4000,STRUCTURAL_RESCUE__b4000__multidepot__e2-multidepot-100c-01__A8_ROUTE_POOL_RECOMBINATION__seed1,multidepot,e2-multidepot-100c-01,A8_ROUTE_POOL_RECOMBINATION,1,1370,whole_route_removal,regret3_insert_repair,False,False,unchanged,softmax,sample,1370,81,0.8432063719919672,0.0500113163659945,nan,0.69175
4000,STRUCTURAL_RESCUE__b4000__multidepot__e2-multidepot-100c-01__A8_ROUTE_POOL_RECOMBINATION__seed1,multidepot,e2-multidepot-100c-01,A8_ROUTE_POOL_RECOMBINATION,1,1371,whole_route_removal,regret2_insert_repair,False,False,candidate_usable,softmax,sample,1371,48,0.81797668607167,0.04824429531173104,nan,0.691525
4000,STRUCTURAL_RESCUE__b4000__multidepot__e2-multidepot-100c-01__A8_ROUTE_POOL_RECOMBINATION__seed1,multidepot,e2-multidepot-100c-01,A8_ROUTE_POOL_RECOMBINATION,1,1372,whole_route_removal,regret3_insert_repair,True,False,candidate_usable,softmax,sample,1372,82,0.8340580499117479,0.04942160317326044,nan,0.6913
4000,STRUCTURAL_RESCUE__b4000__multidepot__e2-multidepot-100c-01__A8_ROUTE_POOL_RECOMBINATION__seed1,multidepot,e2-multidepot-100c-01,A8_ROUTE_POOL_RECOMBINATION,1,1373,shaw_related_removal,greedy_insert_repair,False,False,candidate_usable,softmax,sample,1373,22,0.20853109937973405,0.019966102355590886,nan,0.691075
4000,STRUCTURAL_RESCUE__b4000__multidepot__e2-multidepot-100c-01__A8_ROUTE_POOL_RECOMBINATION__seed1,multidepot,e2-multidepot-100c-01,A8_ROUTE_POOL_RECOMBINATION,1,1374,worst_customer_removal,regret3_insert_repair,False,False,candidate_usable,softmax,sample,1374,235,1.5790675219038612,0.1451152029379992,nan,0.69085
4000,STRUCTURAL_RESCUE__b4000__multidepot__e2-multidepot-100c-01__A8_ROUTE_POOL_RECOMBINATION__seed1,multidepot,e2-multidepot-100c-01,A8_ROUTE_POOL_RECOMBINATION,1,1375,worst_customer_removal,regret2_insert_repair,False,False,candidate_usable,softmax,sample,1375,16,0.23441559227804612,0.0207398265283374,nan,0.690625
4000,STRUCTURAL_RESCUE__b4000__multidepot__e2-multidepot-100c-01__A8_ROUTE_POOL_RECOMBINATION__seed1,multidepot,e2-multidepot-100c-01,A8_ROUTE_POOL_RECOMBINATION,1,1376,vehicle_type_swap,regret2_insert_repair,False,False,candidate_usable,softmax,sample,1376,242,1.3874162505349357,0.1101480949298235,nan,0.6904
4000,STRUCTURAL_RESCUE__b4000__multidepot__e2-multidepot-100c-01__A8_ROUTE_POOL_RECOMBINATION__seed1,multidepot,e2-multidepot-100c-01,A8_ROUTE_POOL_RECOMBINATION,1,1377,random_customer_removal,regret3_insert_repair,False,False,candidate_usable,softmax,sample,1377,350,1.8138750717994476,0.20452618428739036,nan,0.690175
4000,STRUCTURAL_RESCUE__b4000__multidepot__e2-multidepot-100c-01__A8_ROUTE_POOL_RECOMBINATION__seed1,multidepot,e2-multidepot-100c-01,A8_ROUTE_POOL_RECOMBINATION,1,1378,worst_customer_removal,regret3_insert_repair,False,False,unchanged,softmax,sample,1378,236,1.5727035383261494,0.14444930881253387,nan,0.6899500000000001
4000,STRUCTURAL_RESCUE__b4000__multidepot__e2-multidepot-100c-01__A8_ROUTE_POOL_RECOMBINATION__seed1,multidepot,e2-multidepot-100c-01,A8_ROUTE_POOL_RECOMBINATION,1,1379,random_customer_removal,regret3_insert_repair,False,False,candidate_usable,softmax,sample,1379,351,1.8089117955417628,0.20375431657313872,nan,0.6897249999999999
4000,STRUCTURAL_RESCUE__b4000__multidepot__e2-multidepot-100c-01__A8_ROUTE_POOL_RECOMBINATION__seed1,multidepot,e2-multidepot-100c-01,A8_ROUTE_POOL_RECOMBINATION,1,1380,random_customer_removal,greedy_insert_repair,False,False,candidate_usable,softmax,sample,1380,31,0.49896466150295204,0.03053375432375973,nan,0.6895
4000,STRUCTURAL_RESCUE__b4000__multidepot__e2-multidepot-100c-01__A8_ROUTE_POOL_RECOMBINATION__seed1,multidepot,e2-multidepot-100c-01,A8_ROUTE_POOL_RECOMBINATION,1,1381,random_customer_removal,regret3_insert_repair,True,False,candidate_usable,softmax,sample,1381,352,1.8039766425289852,0.20282819651027464,nan,0.689275
4000,STRUCTURAL_RESCUE__b4000__multidepot__e2-multidepot-100c-01__A8_ROUTE_POOL_RECOMBINATION__seed1,multidepot,e2-multidepot-100c-01,A8_ROUTE_POOL_RECOMBINATION,1,1382,random_customer_removal,regret2_insert_repair,False,False,candidate_usable,softmax,sample,1382,48,0.9399116942938018,0.05788717792326572,nan,0.6890499999999999
4000,STRUCTURAL_RESCUE__b4000__multidepot__e2-multidepot-100c-01__A8_ROUTE_POOL_RECOMBINATION__seed1,multidepot,e2-multidepot-100c-01,A8_ROUTE_POOL_RECOMBINATION,1,1383,worst_customer_removal,regret3_insert_repair,True,False,candidate_usable,softmax,sample,1383,237,1.5663955117978714,0.1439274437999477,nan,0.688825
4000,STRUCTURAL_RESCUE__b4000__multidepot__e2-multidepot-100c-01__A8_ROUTE_POOL_RECOMBINATION__seed1,multidepot,e2-multidepot-100c-01,A8_ROUTE_POOL_RECOMBINATION,1,1384,random_customer_removal,regret3_insert_repair,False,False,candidate_usable,softmax,sample,1384,353,1.8045954720297435,0.2033695763128308,nan,0.6886
4000,STRUCTURAL_RESCUE__b4000__multidepot__e2-multidepot-100c-01__A8_ROUTE_POOL_RECOMBINATION__seed1,multidepot,e2-multidepot-100c-01,A8_ROUTE_POOL_RECOMBINATION,1,1385,random_customer_removal,regret3_insert_repair,False,False,candidate_usable,softmax,sample,1385,354,1.7996982287528056,0.20228282583782164,nan,0.688375
4000,STRUCTURAL_RESCUE__b4000__multidepot__e2-multidepot-100c-01__A8_ROUTE_POOL_RECOMBINATION__seed1,multidepot,e2-multidepot-100c-01,A8_ROUTE_POOL_RECOMBINATION,1,1386,shaw_related_removal,regret2_insert_repair,False,False,candidate_usable,softmax,sample,1386,20,0.21601661902254107,0.020288320885271903,nan,0.68815
4000,STRUCTURAL_RESCUE__b4000__multidepot__e2-multidepot-100c-01__A8_ROUTE_POOL_RECOMBINATION__seed1,multidepot,e2-multidepot-100c-01,A8_ROUTE_POOL_RECOMBINATION,1,1387,worst_customer_removal,greedy_insert_repair,False,False,unchanged,softmax,sample,1387,23,0.20530206202823742,0.019968218273136645,nan,0.687925
4000,STRUCTURAL_RESCUE__b4000__multidepot__e2-multidepot-100c-01__A8_ROUTE_POOL_RECOMBINATION__seed1,multidepot,e2-multidepot-100c-01,A8_ROUTE_POOL_RECOMBINATION,1,1388,worst_customer_removal,regret3_insert_repair,False,False,candidate_usable,softmax,sample,1388,238,1.5683335554395788,0.14486488898796807,nan,0.6877
4000,STRUCTURAL_RESCUE__b4000__multidepot__e2-multidepot-100c-01__A8_ROUTE_POOL_RECOMBINATION__seed1,multidepot,e2-multidepot-100c-01,A8_ROUTE_POOL_RECOMBINATION,1,1389,route_segment_removal,regret2_insert_repair,False,False,unchanged,softmax,sample,1389,75,1.0332809078184035,0.06662162666423964,nan,0.6874750000000001
4000,STRUCTURAL_RESCUE__b4000__multidepot__e2-multidepot-100c-01__A8_ROUTE_POOL_RECOMBINATION__seed1,multidepot,e2-multidepot-100c-01,A8_ROUTE_POOL_RECOMBINATION,1,1390,vehicle_type_swap,regret2_insert_repair,False,False,candidate_usable,softmax,sample,1390,243,1.3820472125685135,0.11079110545765262,nan,0.68725
4000,STRUCTURAL_RESCUE__b4000__multidepot__e2-multidepot-100c-01__A8_ROUTE_POOL_RECOMBINATION__seed1,multidepot,e2-multidepot-100c-01,A8_ROUTE_POOL_RECOMBINATION,1,1391,worst_customer_removal,greedy_insert_repair,False,False,candidate_usable,softmax,sample,1391,24,0.20219457904558222,0.019911287594642998,nan,0.687025
4000,STRUCTURAL_RESCUE__b4000__multidepot__e2-multidepot-100c-01__A8_ROUTE_POOL_RECOMBINATION__seed1,multidepot,e2-multidepot-100c-01,A8_ROUTE_POOL_RECOMBINATION,1,1392,route_segment_removal,greedy_insert_repair,False,False,candidate_usable,softmax,sample,1392,26,0.34645656642239175,0.024556443996034134,nan,0.6868000000000001
4000,STRUCTURAL_RESCUE__b4000__multidepot__e2-multidepot-100c-01__A8_ROUTE_POOL_RECOMBINATION__seed1,multidepot,e2-multidepot-100c-01,A8_ROUTE_POOL_RECOMBINATION,1,1393,route_segment_removal,regret3_insert_repair,True,False,candidate_usable,softmax,sample,1393,65,1.237524731270595,0.08990305958255909,nan,0.6865749999999999
4000,STRUCTURAL_RESCUE__b4000__multidepot__e2-multidepot-100c-01__A8_ROUTE_POOL_RECOMBINATION__seed1,multidepot,e2-multidepot-100c-01,A8_ROUTE_POOL_RECOMBINATION,1,1394,route_segment_removal,regret3_insert_repair,False,False,unchanged,softmax,sample,1394,66,1.249799641656892,0.09138140517137724,nan,0.68635
4000,STRUCTURAL_RESCUE__b4000__multidepot__e2-multidepot-100c-01__A8_ROUTE_POOL_RECOMBINATION__seed1,multidepot,e2-multidepot-100c-01,A8_ROUTE_POOL_RECOMBINATION,1,1395,worst_customer_removal,regret3_insert_repair,True,False,candidate_usable,softmax,sample,1395,239,1.5621010355490879,0.14439117210713062,nan,0.686125
4000,STRUCTURAL_RESCUE__b4000__multidepot__e2-multidepot-100c-01__A8_ROUTE_POOL_RECOMBINATION__seed1,multidepot,e2-multidepot-100c-01,A8_ROUTE_POOL_RECOMBINATION,1,1396,random_customer_removal,regret3_insert_repair,False,False,unchanged,softmax,sample,1396,355,1.794848512703101,0.20268496229066083,nan,0.6859
4000,STRUCTURAL_RESCUE__b4000__multidepot__e2-multidepot-100c-01__A8_ROUTE_POOL_RECOMBINATION__seed1,multidepot,e2-multidepot-100c-01,A8_ROUTE_POOL_RECOMBINATION,1,1397,worst_customer_removal,regret3_insert_repair,False,False,candidate_usable,softmax,sample,1397,240,1.5640331344411857,0.14500511637012134,nan,0.685675
4000,STRUCTURAL_RESCUE__b4000__multidepot__e2-multidepot-100c-01__A8_ROUTE_POOL_RECOMBINATION__seed1,multidepot,e2-multidepot-100c-01,A8_ROUTE_POOL_RECOMBINATION,1,1398,whole_route_removal,regret2_insert_repair,False,False,unchanged,softmax,sample,1398,49,0.8035734682918767,0.04788698419944496,nan,0.68545
4000,STRUCTURAL_RESCUE__b4000__multidepot__e2-multidepot-100c-01__A8_ROUTE_POOL_RECOMBINATION__seed1,multidepot,e2-multidepot-100c-01,A8_ROUTE_POOL_RECOMBINATION,1,1399,vehicle_type_swap,regret2_insert_repair,False,False,candidate_usable,softmax,sample,1399,244,1.3767097864255964,0.11061674887965903,nan,0.685225
4000,STRUCTURAL_RESCUE__b4000__multidepot__e2-multidepot-100c-01__A8_ROUTE_POOL_RECOMBINATION__seed1,multidepot,e2-multidepot-100c-01,A8_ROUTE_POOL_RECOMBINATION,1,1400,random_customer_removal,regret3_insert_repair,False,False,candidate_usable,softmax,sample,1400,356,1.7900119827890173,0.20243168266367706,nan,0.685
4000,STRUCTURAL_RESCUE__b4000__multidepot__e2-multidepot-100c-01__A8_ROUTE_POOL_RECOMBINATION__seed1,multidepot,e2-multidepot-100c-01,A8_ROUTE_POOL_RECOMBINATION,1,1401,worst_customer_removal,regret3_insert_repair,False,False,candidate_usable,softmax,sample,1401,241,1.5578625336249086,0.1444770354608863,nan,0.6847749999999999
4000,STRUCTURAL_RESCUE__b4000__multidepot__e2-multidepot-100c-01__A8_ROUTE_POOL_RECOMBINATION__seed1,multidepot,e2-multidepot-100c-01,A8_ROUTE_POOL_RECOMBINATION,1,1402,route_segment_removal,regret2_insert_repair,False,False,candidate_usable,softmax,sample,1402,76,1.020978574059167,0.06604424693148453,nan,0.68455
4000,STRUCTURAL_RESCUE__b4000__multidepot__e2-multidepot-100c-01__A8_ROUTE_POOL_RECOMBINATION__seed1,multidepot,e2-multidepot-100c-01,A8_ROUTE_POOL_RECOMBINATION,1,1403,whole_route_removal,regret2_insert_repair,False,False,unchanged,softmax,sample,1403,50,0.7896206806602182,0.04715034372885169,nan,0.684325
4000,STRUCTURAL_RESCUE__b4000__multidepot__e2-multidepot-100c-01__A8_ROUTE_POOL_RECOMBINATION__seed1,multidepot,e2-multidepot-100c-01,A8_ROUTE_POOL_RECOMBINATION,1,1404,random_customer_removal,regret3_insert_repair,False,False,candidate_usable,softmax,sample,1404,357,1.7852024667161823,0.20223085907893695,nan,0.6840999999999999
4000,STRUCTURAL_RESCUE__b4000__multidepot__e2-multidepot-100c-01__A8_ROUTE_POOL_RECOMBINATION__seed1,multidepot,e2-multidepot-100c-01,A8_ROUTE_POOL_RECOMBINATION,1,1405,worst_customer_removal,regret3_insert_repair,False,False,unchanged,softmax,sample,1405,242,1.5517427287105012,0.1439921539069518,nan,0.683875
4000,STRUCTURAL_RESCUE__b4000__multidepot__e2-multidepot-100c-01__A8_ROUTE_POOL_RECOMBINATION__seed1,multidepot,e2-multidepot-100c-01,A8_ROUTE_POOL_RECOMBINATION,1,1406,vehicle_type_swap,regret2_insert_repair,False,False,candidate_usable,softmax,sample,1406,245,1.3714109100771805,0.11077032335451548,nan,0.6836500000000001
4000,STRUCTURAL_RESCUE__b4000__multidepot__e2-multidepot-100c-01__A8_ROUTE_POOL_RECOMBINATION__seed1,multidepot,e2-multidepot-100c-01,A8_ROUTE_POOL_RECOMBINATION,1,1407,random_customer_removal,regret2_insert_repair,False,False,candidate_usable,softmax,sample,1407,49,0.9230088654908761,0.05753058589625821,nan,0.683425
4000,STRUCTURAL_RESCUE__b4000__multidepot__e2-multidepot-100c-01__A8_ROUTE_POOL_RECOMBINATION__seed1,multidepot,e2-multidepot-100c-01,A8_ROUTE_POOL_RECOMBINATION,1,1408,worst_customer_removal,regret3_insert_repair,False,False,candidate_usable,softmax,sample,1408,243,1.5456707083912749,0.14330427753716646,nan,0.6832
4000,STRUCTURAL_RESCUE__b4000__multidepot__e2-multidepot-100c-01__A8_ROUTE_POOL_RECOMBINATION__seed1,multidepot,e2-multidepot-100c-01,A8_ROUTE_POOL_RECOMBINATION,1,1409,worst_customer_removal,regret3_insert_repair,False,False,candidate_usable,softmax,sample,1409,244,1.5396435091160583,0.14225295308515346,nan,0.682975
4000,STRUCTURAL_RESCUE__b4000__multidepot__e2-multidepot-100c-01__A8_ROUTE_POOL_RECOMBINATION__seed1,multidepot,e2-multidepot-100c-01,A8_ROUTE_POOL_RECOMBINATION,1,1410,whole_route_removal,regret3_insert_repair,False,False,unchanged,softmax,sample,1410,83,0.8487693172987901,0.05178745995700539,nan,0.68275
4000,STRUCTURAL_RESCUE__b4000__multidepot__e2-multidepot-100c-01__A8_ROUTE_POOL_RECOMBINATION__seed1,multidepot,e2-multidepot-100c-01,A8_ROUTE_POOL_RECOMBINATION,1,1411,random_customer_removal,regret2_insert_repair,True,False,candidate_usable,softmax,sample,1411,50,0.9066624686775867,0.056402601514166664,nan,0.682525
4000,STRUCTURAL_RESCUE__b4000__multidepot__e2-multidepot-100c-01__A8_ROUTE_POOL_RECOMBINATION__seed1,multidepot,e2-multidepot-100c-01,A8_ROUTE_POOL_RECOMBINATION,1,1412,whole_route_removal,greedy_insert_repair,True,False,candidate_usable,softmax,sample,1412,28,0.6093123423708922,0.036405312443725954,nan,0.6823
4000,STRUCTURAL_RESCUE__b4000__multidepot__e2-multidepot-100c-01__A8_ROUTE_POOL_RECOMBINATION__seed1,multidepot,e2-multidepot-100c-01,A8_ROUTE_POOL_RECOMBINATION,1,1413,shaw_related_removal,regret2_insert_repair,False,False,candidate_usable,softmax,sample,1413,21,0.21241560433828136,0.020282890317801634,nan,0.682075
4000,STRUCTURAL_RESCUE__b4000__multidepot__e2-multidepot-100c-01__A8_ROUTE_POOL_RECOMBINATION__seed1,multidepot,e2-multidepot-100c-01,A8_ROUTE_POOL_RECOMBINATION,1,1414,random_customer_removal,regret3_insert_repair,True,False,candidate_usable,softmax,sample,1414,358,1.780431515403909,0.20216616352253464,nan,0.6818500000000001
4000,STRUCTURAL_RESCUE__b4000__multidepot__e2-multidepot-100c-01__A8_ROUTE_POOL_RECOMBINATION__seed1,multidepot,e2-multidepot-100c-01,A8_ROUTE_POOL_RECOMBINATION,1,1415,random_customer_removal,regret3_insert_repair,True,False,candidate_usable,softmax,sample,1415,359,1.7811011984903382,0.2023886811827349,nan,0.6816249999999999
4000,STRUCTURAL_RESCUE__b4000__multidepot__e2-multidepot-100c-01__A8_ROUTE_POOL_RECOMBINATION__seed1,multidepot,e2-multidepot-100c-01,A8_ROUTE_POOL_RECOMBINATION,1,1416,worst_customer_removal,regret2_insert_repair,False,False,candidate_usable,softmax,sample,1416,17,0.22958343452050584,0.02076674402455718,nan,0.6814
4000,STRUCTURAL_RESCUE__b4000__multidepot__e2-multidepot-100c-01__A8_ROUTE_POOL_RECOMBINATION__seed1,multidepot,e2-multidepot-100c-01,A8_ROUTE_POOL_RECOMBINATION,1,1417,random_customer_removal,regret3_insert_repair,True,False,candidate_usable,softmax,sample,1417,360,1.7817690362461818,0.2027048136976631,nan,0.681175
4000,STRUCTURAL_RESCUE__b4000__multidepot__e2-multidepot-100c-01__A8_ROUTE_POOL_RECOMBINATION__seed1,multidepot,e2-multidepot-100c-01,A8_ROUTE_POOL_RECOMBINATION,1,1418,vehicle_type_swap,greedy_insert_repair,False,False,candidate_usable,softmax,sample,1418,19,0.22038436169038572,0.020469176967917977,nan,0.6809499999999999
4000,STRUCTURAL_RESCUE__b4000__multidepot__e2-multidepot-100c-01__A8_ROUTE_POOL_RECOMBINATION__seed1,multidepot,e2-multidepot-100c-01,A8_ROUTE_POOL_RECOMBINATION,1,1419,vehicle_type_swap,regret3_insert_repair,False,False,candidate_usable,softmax,sample,1419,22,0.2088919474315561,0.020120101182298192,nan,0.680725
4000,STRUCTURAL_RESCUE__b4000__multidepot__e2-multidepot-100c-01__A8_ROUTE_POOL_RECOMBINATION__seed1,multidepot,e2-multidepot-100c-01,A8_ROUTE_POOL_RECOMBINATION,1,1420,shaw_related_removal,regret2_insert_repair,False,False,unchanged,softmax,sample,1420,22,0.20889965253577467,0.020113316788054444,nan,0.6805
4000,STRUCTURAL_RESCUE__b4000__multidepot__e2-multidepot-100c-01__A8_ROUTE_POOL_RECOMBINATION__seed1,multidepot,e2-multidepot-100c-01,A8_ROUTE_POOL_RECOMBINATION,1,1421,shaw_related_removal,regret3_insert_repair,False,False,candidate_usable,softmax,sample,1421,19,0.2204091501107049,0.02044937015074765,nan,0.680275
4000,STRUCTURAL_RESCUE__b4000__multidepot__e2-multidepot-100c-01__A8_ROUTE_POOL_RECOMBINATION__seed1,multidepot,e2-multidepot-100c-01,A8_ROUTE_POOL_RECOMBINATION,1,1422,whole_route_removal,regret3_insert_repair,False,False,candidate_usable,softmax,sample,1422,84,0.83980743863636,0.05082791405217068,nan,0.68005
4000,STRUCTURAL_RESCUE__b4000__multidepot__e2-multidepot-100c-01__A8_ROUTE_POOL_RECOMBINATION__seed1,multidepot,e2-multidepot-100c-01,A8_ROUTE_POOL_RECOMBINATION,1,1423,whole_route_removal,regret2_insert_repair,True,False,candidate_usable,softmax,sample,1423,51,0.7762817333255039,0.04631723646876108,nan,0.6798249999999999
4000,STRUCTURAL_RESCUE__b4000__multidepot__e2-multidepot-100c-01__A8_ROUTE_POOL_RECOMBINATION__seed1,multidepot,e2-multidepot-100c-01,A8_ROUTE_POOL_RECOMBINATION,1,1424,random_customer_removal,greedy_insert_repair,False,False,candidate_usable,softmax,sample,1424,32,0.48737009772813267,0.030220449668384948,nan,0.6796
4000,STRUCTURAL_RESCUE__b4000__multidepot__e2-multidepot-100c-01__A8_ROUTE_POOL_RECOMBINATION__seed1,multidepot,e2-multidepot-100c-01,A8_ROUTE_POOL_RECOMBINATION,1,1425,route_segment_removal,regret3_insert_repair,False,False,unchanged,softmax,sample,1425,67,1.2327337223016344,0.09054353431934391,nan,0.6793750000000001
4000,STRUCTURAL_RESCUE__b4000__multidepot__e2-multidepot-100c-01__A8_ROUTE_POOL_RECOMBINATION__seed1,multidepot,e2-multidepot-100c-01,A8_ROUTE_POOL_RECOMBINATION,1,1426,vehicle_type_swap,regret2_insert_repair,False,False,candidate_usable,softmax,sample,1426,246,1.3661854568938478,0.11045203095805958,nan,0.67915
4000,STRUCTURAL_RESCUE__b4000__multidepot__e2-multidepot-100c-01__A8_ROUTE_POOL_RECOMBINATION__seed1,multidepot,e2-multidepot-100c-01,A8_ROUTE_POOL_RECOMBINATION,1,1427,vehicle_type_swap,regret2_insert_repair,False,False,candidate_usable,softmax,sample,1427,247,1.3609575853997886,0.10971047688209436,nan,0.678925
4000,STRUCTURAL_RESCUE__b4000__multidepot__e2-multidepot-100c-01__A8_ROUTE_POOL_RECOMBINATION__seed1,multidepot,e2-multidepot-100c-01,A8_ROUTE_POOL_RECOMBINATION,1,1428,worst_customer_removal,regret3_insert_repair,False,False,candidate_usable,softmax,sample,1428,245,1.533707738825947,0.1416451898926511,nan,0.6787000000000001
4000,STRUCTURAL_RESCUE__b4000__multidepot__e2-multidepot-100c-01__A8_ROUTE_POOL_RECOMBINATION__seed1,multidepot,e2-multidepot-100c-01,A8_ROUTE_POOL_RECOMBINATION,1,1429,random_customer_removal,regret3_insert_repair,False,False,candidate_usable,softmax,sample,1429,361,1.7824524577460048,0.20466632121173434,nan,0.6784749999999999
4000,STRUCTURAL_RESCUE__b4000__multidepot__e2-multidepot-100c-01__A8_ROUTE_POOL_RECOMBINATION__seed1,multidepot,e2-multidepot-100c-01,A8_ROUTE_POOL_RECOMBINATION,1,1430,random_customer_removal,regret3_insert_repair,True,False,candidate_usable,softmax,sample,1430,362,1.7777240624489339,0.2035993484746563,nan,0.67825
4000,STRUCTURAL_RESCUE__b4000__multidepot__e2-multidepot-100c-01__A8_ROUTE_POOL_RECOMBINATION__seed1,multidepot,e2-multidepot-100c-01,A8_ROUTE_POOL_RECOMBINATION,1,1431,random_customer_removal,regret3_insert_repair,True,False,candidate_usable,softmax,sample,1431,363,1.778393547075374,0.2038247065480967,nan,0.678025
4000,STRUCTURAL_RESCUE__b4000__multidepot__e2-multidepot-100c-01__A8_ROUTE_POOL_RECOMBINATION__seed1,multidepot,e2-multidepot-100c-01,A8_ROUTE_POOL_RECOMBINATION,1,1432,whole_route_removal,regret3_insert_repair,False,False,candidate_usable,softmax,sample,1432,85,0.8310457208814183,0.050385322292881694,nan,0.6778
4000,STRUCTURAL_RESCUE__b4000__multidepot__e2-multidepot-100c-01__A8_ROUTE_POOL_RECOMBINATION__seed1,multidepot,e2-multidepot-100c-01,A8_ROUTE_POOL_RECOMBINATION,1,1433,random_customer_removal,regret2_insert_repair,False,False,candidate_usable,softmax,sample,1433,51,0.9292738280287087,0.05827430503264517,nan,0.677575
4000,STRUCTURAL_RESCUE__b4000__multidepot__e2-multidepot-100c-01__A8_ROUTE_POOL_RECOMBINATION__seed1,multidepot,e2-multidepot-100c-01,A8_ROUTE_POOL_RECOMBINATION,1,1434,random_customer_removal,regret3_insert_repair,False,False,candidate_usable,softmax,sample,1434,364,1.7790631104889332,0.2045874067635722,nan,0.67735
4000,STRUCTURAL_RESCUE__b4000__multidepot__e2-multidepot-100c-01__A8_ROUTE_POOL_RECOMBINATION__seed1,multidepot,e2-multidepot-100c-01,A8_ROUTE_POOL_RECOMBINATION,1,1435,route_segment_removal,regret3_insert_repair,False,False,candidate_usable,softmax,sample,1435,68,1.2160717925312918,0.08923593435945273,nan,0.677125
4000,STRUCTURAL_RESCUE__b4000__multidepot__e2-multidepot-100c-01__A8_ROUTE_POOL_RECOMBINATION__seed1,multidepot,e2-multidepot-100c-01,A8_ROUTE_POOL_RECOMBINATION,1,1436,random_customer_removal,regret3_insert_repair,False,False,candidate_usable,softmax,sample,1436,365,1.774384559643104,0.20402732082765945,nan,0.6769000000000001
4000,STRUCTURAL_RESCUE__b4000__multidepot__e2-multidepot-100c-01__A8_ROUTE_POOL_RECOMBINATION__seed1,multidepot,e2-multidepot-100c-01,A8_ROUTE_POOL_RECOMBINATION,1,1437,random_customer_removal,regret3_insert_repair,False,False,candidate_usable,softmax,sample,1437,366,1.769729601322552,0.20297769906820454,nan,0.6766749999999999
4000,STRUCTURAL_RESCUE__b4000__multidepot__e2-multidepot-100c-01__A8_ROUTE_POOL_RECOMBINATION__seed1,multidepot,e2-multidepot-100c-01,A8_ROUTE_POOL_RECOMBINATION,1,1438,route_segment_removal,regret3_insert_repair,True,False,candidate_usable,softmax,sample,1438,69,1.1998576975774515,0.08756286468924407,nan,0.67645
4000,STRUCTURAL_RESCUE__b4000__multidepot__e2-multidepot-100c-01__A8_ROUTE_POOL_RECOMBINATION__seed1,multidepot,e2-multidepot-100c-01,A8_ROUTE_POOL_RECOMBINATION,1,1439,whole_route_removal,greedy_insert_repair,False,False,candidate_usable,softmax,sample,1439,29,0.6599486311135963,0.03934632706350869,nan,0.676225
4000,STRUCTURAL_RESCUE__b4000__multidepot__e2-multidepot-100c-01__A8_ROUTE_POOL_RECOMBINATION__seed1,multidepot,e2-multidepot-100c-01,A8_ROUTE_POOL_RECOMBINATION,1,1440,route_segment_removal,regret2_insert_repair,False,False,unchanged,softmax,sample,1440,77,1.0090961453014982,0.06600288225351808,nan,0.6759999999999999
4000,STRUCTURAL_RESCUE__b4000__multidepot__e2-multidepot-100c-01__A8_ROUTE_POOL_RECOMBINATION__seed1,multidepot,e2-multidepot-100c-01,A8_ROUTE_POOL_RECOMBINATION,1,1441,random_customer_removal,regret3_insert_repair,True,False,candidate_usable,softmax,sample,1441,367,1.7651056330295607,0.20225125103890035,nan,0.675775
4000,STRUCTURAL_RESCUE__b4000__multidepot__e2-multidepot-100c-01__A8_ROUTE_POOL_RECOMBINATION__seed1,multidepot,e2-multidepot-100c-01,A8_ROUTE_POOL_RECOMBINATION,1,1442,shaw_related_removal,regret2_insert_repair,False,False,unchanged,softmax,sample,1442,23,0.20571854480412058,0.020111656073698327,nan,0.67555
4000,STRUCTURAL_RESCUE__b4000__multidepot__e2-multidepot-100c-01__A8_ROUTE_POOL_RECOMBINATION__seed1,multidepot,e2-multidepot-100c-01,A8_ROUTE_POOL_RECOMBINATION,1,1443,route_segment_removal,regret3_insert_repair,False,False,unchanged,softmax,sample,1443,70,1.2119679400002323,0.08920747822882794,nan,0.675325
4000,STRUCTURAL_RESCUE__b4000__multidepot__e2-multidepot-100c-01__A8_ROUTE_POOL_RECOMBINATION__seed1,multidepot,e2-multidepot-100c-01,A8_ROUTE_POOL_RECOMBINATION,1,1444,whole_route_removal,regret2_insert_repair,False,False,candidate_usable,softmax,sample,1444,52,0.8009509698400448,0.04863008504165291,nan,0.6751
4000,STRUCTURAL_RESCUE__b4000__multidepot__e2-multidepot-100c-01__A8_ROUTE_POOL_RECOMBINATION__seed1,multidepot,e2-multidepot-100c-01,A8_ROUTE_POOL_RECOMBINATION,1,1445,route_segment_removal,regret3_insert_repair,False,False,unchanged,softmax,sample,1445,71,1.1962550047067473,0.08742399346333282,nan,0.674875
4000,STRUCTURAL_RESCUE__b4000__multidepot__e2-multidepot-100c-01__A8_ROUTE_POOL_RECOMBINATION__seed1,multidepot,e2-multidepot-100c-01,A8_ROUTE_POOL_RECOMBINATION,1,1446,worst_customer_removal,regret3_insert_repair,False,False,candidate_usable,softmax,sample,1446,246,1.527817271171358,0.14319792512794877,nan,0.67465
4000,STRUCTURAL_RESCUE__b4000__multidepot__e2-multidepot-100c-01__A8_ROUTE_POOL_RECOMBINATION__seed1,multidepot,e2-multidepot-100c-01,A8_ROUTE_POOL_RECOMBINATION,1,1447,random_customer_removal,regret3_insert_repair,True,False,candidate_usable,softmax,sample,1447,368,1.7658094043484058,0.20408933452682157,nan,0.674425
4000,STRUCTURAL_RESCUE__b4000__multidepot__e2-multidepot-100c-01__A8_ROUTE_POOL_RECOMBINATION__seed1,multidepot,e2-multidepot-100c-01,A8_ROUTE_POOL_RECOMBINATION,1,1448,random_customer_removal,regret2_insert_repair,False,False,candidate_usable,softmax,sample,1448,52,0.9134708758973836,0.05765339417726538,nan,0.6742
4000,STRUCTURAL_RESCUE__b4000__multidepot__e2-multidepot-100c-01__A8_ROUTE_POOL_RECOMBINATION__seed1,multidepot,e2-multidepot-100c-01,A8_ROUTE_POOL_RECOMBINATION,1,1449,route_segment_removal,regret2_insert_repair,False,False,unchanged,softmax,sample,1449,78,0.9973956808727257,0.06537664536842033,nan,0.673975
4000,STRUCTURAL_RESCUE__b4000__multidepot__e2-multidepot-100c-01__A8_ROUTE_POOL_RECOMBINATION__seed1,multidepot,e2-multidepot-100c-01,A8_ROUTE_POOL_RECOMBINATION,1,1450,random_customer_removal,regret3_insert_repair,False,False,candidate_usable,softmax,sample,1450,369,1.766503640858112,0.20494498540406825,nan,0.6737500000000001
4000,STRUCTURAL_RESCUE__b4000__multidepot__e2-multidepot-100c-01__A8_ROUTE_POOL_RECOMBINATION__seed1,multidepot,e2-multidepot-100c-01,A8_ROUTE_POOL_RECOMBINATION,1,1451,whole_route_removal,regret3_insert_repair,False,False,unchanged,softmax,sample,1451,86,0.822520006167139,0.05054681334840966,nan,0.6735249999999999
4000,STRUCTURAL_RESCUE__b4000__multidepot__e2-multidepot-100c-01__A8_ROUTE_POOL_RECOMBINATION__seed1,multidepot,e2-multidepot-100c-01,A8_ROUTE_POOL_RECOMBINATION,1,1452,whole_route_removal,regret3_insert_repair,False,False,unchanged,softmax,sample,1452,87,0.8141185709866917,0.049944135418917505,nan,0.6733
4000,STRUCTURAL_RESCUE__b4000__multidepot__e2-multidepot-100c-01__A8_ROUTE_POOL_RECOMBINATION__seed1,multidepot,e2-multidepot-100c-01,A8_ROUTE_POOL_RECOMBINATION,1,1453,worst_customer_removal,regret2_insert_repair,False,False,candidate_usable,softmax,sample,1453,18,0.22510386280981884,0.020827056039981647,nan,0.673075
4000,STRUCTURAL_RESCUE__b4000__multidepot__e2-multidepot-100c-01__A8_ROUTE_POOL_RECOMBINATION__seed1,multidepot,e2-multidepot-100c-01,A8_ROUTE_POOL_RECOMBINATION,1,1454,random_customer_removal,regret3_insert_repair,False,False,candidate_usable,softmax,sample,1454,370,1.7619256548631126,0.20438324659734317,nan,0.67285
4000,STRUCTURAL_RESCUE__b4000__multidepot__e2-multidepot-100c-01__A8_ROUTE_POOL_RECOMBINATION__seed1,multidepot,e2-multidepot-100c-01,A8_ROUTE_POOL_RECOMBINATION,1,1455,random_customer_removal,greedy_insert_repair,True,False,candidate_usable,softmax,sample,1455,33,0.47636491648806323,0.030278654656201352,nan,0.672625
4000,STRUCTURAL_RESCUE__b4000__multidepot__e2-multidepot-100c-01__A8_ROUTE_POOL_RECOMBINATION__seed1,multidepot,e2-multidepot-100c-01,A8_ROUTE_POOL_RECOMBINATION,1,1456,vehicle_type_swap,regret2_insert_repair,False,False,candidate_usable,softmax,sample,1456,248,1.355836162151957,0.11171011254439298,nan,0.6724
4000,STRUCTURAL_RESCUE__b4000__multidepot__e2-multidepot-100c-01__A8_ROUTE_POOL_RECOMBINATION__seed1,multidepot,e2-multidepot-100c-01,A8_ROUTE_POOL_RECOMBINATION,1,1457,route_segment_removal,regret3_insert_repair,False,False,unchanged,softmax,sample,1457,72,1.1810163470445878,0.08621125578156263,nan,0.672175
4000,STRUCTURAL_RESCUE__b4000__multidepot__e2-multidepot-100c-01__A8_ROUTE_POOL_RECOMBINATION__seed1,multidepot,e2-multidepot-100c-01,A8_ROUTE_POOL_RECOMBINATION,1,1458,vehicle_type_swap,greedy_insert_repair,False,False,candidate_usable,softmax,sample,1458,20,0.21659625044111644,0.02056250865779397,nan,0.67195
4000,STRUCTURAL_RESCUE__b4000__multidepot__e2-multidepot-100c-01__A8_ROUTE_POOL_RECOMBINATION__seed1,multidepot,e2-multidepot-100c-01,A8_ROUTE_POOL_RECOMBINATION,1,1459,route_segment_removal,greedy_insert_repair,True,False,candidate_usable,softmax,sample,1459,27,0.3387278135949996,0.02465449192552666,nan,0.6717249999999999
4000,STRUCTURAL_RESCUE__b4000__multidepot__e2-multidepot-100c-01__A8_ROUTE_POOL_RECOMBINATION__seed1,multidepot,e2-multidepot-100c-01,A8_ROUTE_POOL_RECOMBINATION,1,1460,route_segment_removal,regret3_insert_repair,True,False,candidate_usable,softmax,sample,1460,73,1.1661536923164981,0.08430152580267948,nan,0.6715
4000,STRUCTURAL_RESCUE__b4000__multidepot__e2-multidepot-100c-01__A8_ROUTE_POOL_RECOMBINATION__seed1,multidepot,e2-multidepot-100c-01,A8_ROUTE_POOL_RECOMBINATION,1,1461,random_customer_removal,regret3_insert_repair,False,False,candidate_usable,softmax,sample,1461,371,1.75737785337572,0.20309482020342895,nan,0.671275
4000,STRUCTURAL_RESCUE__b4000__multidepot__e2-multidepot-100c-01__A8_ROUTE_POOL_RECOMBINATION__seed1,multidepot,e2-multidepot-100c-01,A8_ROUTE_POOL_RECOMBINATION,1,1462,route_segment_removal,regret2_insert_repair,False,False,unchanged,softmax,sample,1462,79,0.9860041266878418,0.06444828128711641,nan,0.6710499999999999
4000,STRUCTURAL_RESCUE__b4000__multidepot__e2-multidepot-100c-01__A8_ROUTE_POOL_RECOMBINATION__seed1,multidepot,e2-multidepot-100c-01,A8_ROUTE_POOL_RECOMBINATION,1,1463,random_customer_removal,regret3_insert_repair,False,False,candidate_usable,softmax,sample,1463,372,1.7528451527663855,0.2023495781377983,nan,0.670825
4000,STRUCTURAL_RESCUE__b4000__multidepot__e2-multidepot-100c-01__A8_ROUTE_POOL_RECOMBINATION__seed1,multidepot,e2-multidepot-100c-01,A8_ROUTE_POOL_RECOMBINATION,1,1464,route_segment_removal,regret3_insert_repair,False,False,unchanged,softmax,sample,1464,74,1.1780441399594948,0.08601596971494448,nan,0.6706
4000,STRUCTURAL_RESCUE__b4000__multidepot__e2-multidepot-100c-01__A8_ROUTE_POOL_RECOMBINATION__seed1,multidepot,e2-multidepot-100c-01,A8_ROUTE_POOL_RECOMBINATION,1,1465,random_customer_removal,regret3_insert_repair,True,False,candidate_usable,softmax,sample,1465,373,1.748336689129098,0.2017664755961947,nan,0.6703749999999999
4000,STRUCTURAL_RESCUE__b4000__multidepot__e2-multidepot-100c-01__A8_ROUTE_POOL_RECOMBINATION__seed1,multidepot,e2-multidepot-100c-01,A8_ROUTE_POOL_RECOMBINATION,1,1466,random_customer_removal,regret3_insert_repair,True,False,candidate_usable,softmax,sample,1466,374,1.7490643290840306,0.2020065148938177,nan,0.67015
4000,STRUCTURAL_RESCUE__b4000__multidepot__e2-multidepot-100c-01__A8_ROUTE_POOL_RECOMBINATION__seed1,multidepot,e2-multidepot-100c-01,A8_ROUTE_POOL_RECOMBINATION,1,1467,shaw_related_removal,regret2_insert_repair,False,False,unchanged,softmax,sample,1467,24,0.20275241362858484,0.02008991129304888,nan,0.669925
4000,STRUCTURAL_RESCUE__b4000__multidepot__e2-multidepot-100c-01__A8_ROUTE_POOL_RECOMBINATION__seed1,multidepot,e2-multidepot-100c-01,A8_ROUTE_POOL_RECOMBINATION,1,1468,shaw_related_removal,regret3_insert_repair,False,False,unchanged,softmax,sample,1468,20,0.21667432945630835,0.020504442845211687,nan,0.6697
4000,STRUCTURAL_RESCUE__b4000__multidepot__e2-multidepot-100c-01__A8_ROUTE_POOL_RECOMBINATION__seed1,multidepot,e2-multidepot-100c-01,A8_ROUTE_POOL_RECOMBINATION,1,1469,worst_customer_removal,regret3_insert_repair,False,False,candidate_usable,softmax,sample,1469,247,1.5219852487609706,0.144036251928168,nan,0.669475
4000,STRUCTURAL_RESCUE__b4000__multidepot__e2-multidepot-100c-01__A8_ROUTE_POOL_RECOMBINATION__seed1,multidepot,e2-multidepot-100c-01,A8_ROUTE_POOL_RECOMBINATION,1,1470,shaw_related_removal,regret2_insert_repair,False,False,candidate_usable,softmax,sample,1470,25,0.199807031986552,0.02000362710364053,nan,0.66925
4000,STRUCTURAL_RESCUE__b4000__multidepot__e2-multidepot-100c-01__A8_ROUTE_POOL_RECOMBINATION__seed1,multidepot,e2-multidepot-100c-01,A8_ROUTE_POOL_RECOMBINATION,1,1471,random_customer_removal,regret3_insert_repair,False,False,candidate_usable,softmax,sample,1471,375,1.7497953699063795,0.2028220266204975,nan,0.669025
4000,STRUCTURAL_RESCUE__b4000__multidepot__e2-multidepot-100c-01__A8_ROUTE_POOL_RECOMBINATION__seed1,multidepot,e2-multidepot-100c-01,A8_ROUTE_POOL_RECOMBINATION,1,1472,random_customer_removal,greedy_insert_repair,False,False,candidate_usable,softmax,sample,1472,34,0.52324709631886,0.032461375047460835,nan,0.6688000000000001
4000,STRUCTURAL_RESCUE__b4000__multidepot__e2-multidepot-100c-01__A8_ROUTE_POOL_RECOMBINATION__seed1,multidepot,e2-multidepot-100c-01,A8_ROUTE_POOL_RECOMBINATION,1,1473,vehicle_type_swap,regret2_insert_repair,False,False,candidate_usable,softmax,sample,1473,249,1.3507277016702055,0.111943795941406,nan,0.6685749999999999
4000,STRUCTURAL_RESCUE__b4000__multidepot__e2-multidepot-100c-01__A8_ROUTE_POOL_RECOMBINATION__seed1,multidepot,e2-multidepot-100c-01,A8_ROUTE_POOL_RECOMBINATION,1,1474,random_customer_removal,regret3_insert_repair,False,False,candidate_usable,softmax,sample,1474,376,1.7453326195028303,0.2022268598652815,nan,0.66835
4000,STRUCTURAL_RESCUE__b4000__multidepot__e2-multidepot-100c-01__A8_ROUTE_POOL_RECOMBINATION__seed1,multidepot,e2-multidepot-100c-01,A8_ROUTE_POOL_RECOMBINATION,1,1475,random_customer_removal,regret3_insert_repair,False,False,candidate_usable,softmax,sample,1475,377,1.7408898310440195,0.2012214643927621,nan,0.668125
4000,STRUCTURAL_RESCUE__b4000__multidepot__e2-multidepot-100c-01__A8_ROUTE_POOL_RECOMBINATION__seed1,multidepot,e2-multidepot-100c-01,A8_ROUTE_POOL_RECOMBINATION,1,1476,whole_route_removal,regret2_insert_repair,False,False,unchanged,softmax,sample,1476,53,0.7879406684795016,0.04838902744435617,nan,0.6678999999999999
4000,STRUCTURAL_RESCUE__b4000__multidepot__e2-multidepot-100c-01__A8_ROUTE_POOL_RECOMBINATION__seed1,multidepot,e2-multidepot-100c-01,A8_ROUTE_POOL_RECOMBINATION,1,1477,worst_customer_removal,regret3_insert_repair,False,False,unchanged,softmax,sample,1477,248,1.5161659167361878,0.14412990813583926,nan,0.667675
4000,STRUCTURAL_RESCUE__b4000__multidepot__e2-multidepot-100c-01__A8_ROUTE_POOL_RECOMBINATION__seed1,multidepot,e2-multidepot-100c-01,A8_ROUTE_POOL_RECOMBINATION,1,1478,route_segment_removal,regret2_insert_repair,False,False,unchanged,softmax,sample,1478,80,0.9749058823171853,0.06415064011743367,nan,0.66745
4000,STRUCTURAL_RESCUE__b4000__multidepot__e2-multidepot-100c-01__A8_ROUTE_POOL_RECOMBINATION__seed1,multidepot,e2-multidepot-100c-01,A8_ROUTE_POOL_RECOMBINATION,1,1479,vehicle_type_swap,regret2_insert_repair,False,False,candidate_usable,softmax,sample,1479,250,1.3456351390875194,0.1119261245192727,nan,0.667225
4000,STRUCTURAL_RESCUE__b4000__multidepot__e2-multidepot-100c-01__A8_ROUTE_POOL_RECOMBINATION__seed1,multidepot,e2-multidepot-100c-01,A8_ROUTE_POOL_RECOMBINATION,1,1480,random_customer_removal,greedy_insert_repair,False,False,candidate_usable,softmax,sample,1480,35,0.511656326754192,0.03208755780459572,nan,0.667
4000,STRUCTURAL_RESCUE__b4000__multidepot__e2-multidepot-100c-01__A8_ROUTE_POOL_RECOMBINATION__seed1,multidepot,e2-multidepot-100c-01,A8_ROUTE_POOL_RECOMBINATION,1,1481,random_customer_removal,regret3_insert_repair,True,False,candidate_usable,softmax,sample,1481,378,1.736479570305655,0.2014687275224419,nan,0.6667749999999999
4000,STRUCTURAL_RESCUE__b4000__multidepot__e2-multidepot-100c-01__A8_ROUTE_POOL_RECOMBINATION__seed1,multidepot,e2-multidepot-100c-01,A8_ROUTE_POOL_RECOMBINATION,1,1482,whole_route_removal,regret3_insert_repair,False,False,unchanged,softmax,sample,1482,88,0.8060150344884043,0.049888497456596986,nan,0.66655
4000,STRUCTURAL_RESCUE__b4000__multidepot__e2-multidepot-100c-01__A8_ROUTE_POOL_RECOMBINATION__seed1,multidepot,e2-multidepot-100c-01,A8_ROUTE_POOL_RECOMBINATION,1,1483,random_customer_removal,regret3_insert_repair,False,False,candidate_usable,softmax,sample,1483,379,1.737230388562412,0.20190148705566738,nan,0.666325
4000,STRUCTURAL_RESCUE__b4000__multidepot__e2-multidepot-100c-01__A8_ROUTE_POOL_RECOMBINATION__seed1,multidepot,e2-multidepot-100c-01,A8_ROUTE_POOL_RECOMBINATION,1,1484,whole_route_removal,regret2_insert_repair,False,False,unchanged,softmax,sample,1484,54,0.7752891558226692,0.04771718910923467,nan,0.6660999999999999
4000,STRUCTURAL_RESCUE__b4000__multidepot__e2-multidepot-100c-01__A8_ROUTE_POOL_RECOMBINATION__seed1,multidepot,e2-multidepot-100c-01,A8_ROUTE_POOL_RECOMBINATION,1,1485,route_segment_removal,regret2_insert_repair,False,False,unchanged,softmax,sample,1485,81,0.9640434952417888,0.06340014383257737,nan,0.665875
4000,STRUCTURAL_RESCUE__b4000__multidepot__e2-multidepot-100c-01__A8_ROUTE_POOL_RECOMBINATION__seed1,multidepot,e2-multidepot-100c-01,A8_ROUTE_POOL_RECOMBINATION,1,1486,route_segment_removal,regret2_insert_repair,False,False,unchanged,softmax,sample,1486,82,0.9534198663909872,0.062454850328504244,nan,0.6656500000000001
4000,STRUCTURAL_RESCUE__b4000__multidepot__e2-multidepot-100c-01__A8_ROUTE_POOL_RECOMBINATION__seed1,multidepot,e2-multidepot-100c-01,A8_ROUTE_POOL_RECOMBINATION,1,1487,random_customer_removal,regret3_insert_repair,False,False,candidate_usable,softmax,sample,1487,380,1.7328492177139576,0.20167627242764183,nan,0.6654249999999999
4000,STRUCTURAL_RESCUE__b4000__multidepot__e2-multidepot-100c-01__A8_ROUTE_POOL_RECOMBINATION__seed1,multidepot,e2-multidepot-100c-01,A8_ROUTE_POOL_RECOMBINATION,1,1488,random_customer_removal,greedy_insert_repair,True,False,candidate_usable,softmax,sample,1488,36,0.5006839453737916,0.03168949718077576,nan,0.6652
4000,STRUCTURAL_RESCUE__b4000__multidepot__e2-multidepot-100c-01__A8_ROUTE_POOL_RECOMBINATION__seed1,multidepot,e2-multidepot-100c-01,A8_ROUTE_POOL_RECOMBINATION,1,1489,route_segment_removal,greedy_insert_repair,False,False,unchanged,softmax,sample,1489,28,0.4009002189034445,0.02720908868324387,nan,0.664975
4000,STRUCTURAL_RESCUE__b4000__multidepot__e2-multidepot-100c-01__A8_ROUTE_POOL_RECOMBINATION__seed1,multidepot,e2-multidepot-100c-01,A8_ROUTE_POOL_RECOMBINATION,1,1490,worst_customer_removal,regret3_insert_repair,False,False,candidate_usable,softmax,sample,1490,249,1.5104042134998992,0.14440797065632105,nan,0.66475
4000,STRUCTURAL_RESCUE__b4000__multidepot__e2-multidepot-100c-01__A8_ROUTE_POOL_RECOMBINATION__seed1,multidepot,e2-multidepot-100c-01,A8_ROUTE_POOL_RECOMBINATION,1,1491,whole_route_removal,greedy_insert_repair,False,False,unchanged,softmax,sample,1491,30,0.642328170930087,0.039165170066007754,nan,0.664525
4000,STRUCTURAL_RESCUE__b4000__multidepot__e2-multidepot-100c-01__A8_ROUTE_POOL_RECOMBINATION__seed1,multidepot,e2-multidepot-100c-01,A8_ROUTE_POOL_RECOMBINATION,1,1492,shaw_related_removal,greedy_insert_repair,False,False,candidate_usable,softmax,sample,1492,23,0.20608270027498446,0.020324748346226728,nan,0.6643
4000,STRUCTURAL_RESCUE__b4000__multidepot__e2-multidepot-100c-01__A8_ROUTE_POOL_RECOMBINATION__seed1,multidepot,e2-multidepot-100c-01,A8_ROUTE_POOL_RECOMBINATION,1,1493,random_customer_removal,greedy_insert_repair,False,False,candidate_usable,softmax,sample,1493,37,0.5429665529419895,0.03374327418527421,nan,0.664075
4000,STRUCTURAL_RESCUE__b4000__multidepot__e2-multidepot-100c-01__A8_ROUTE_POOL_RECOMBINATION__seed1,multidepot,e2-multidepot-100c-01,A8_ROUTE_POOL_RECOMBINATION,1,1494,random_customer_removal,regret3_insert_repair,False,False,candidate_usable,softmax,sample,1494,381,1.7284963516604404,0.20132292549045472,nan,0.66385
4000,STRUCTURAL_RESCUE__b4000__multidepot__e2-multidepot-100c-01__A8_ROUTE_POOL_RECOMBINATION__seed1,multidepot,e2-multidepot-100c-01,A8_ROUTE_POOL_RECOMBINATION,1,1495,worst_customer_removal,regret3_insert_repair,False,False,unchanged,softmax,sample,1495,250,1.5046706518230506,0.14392204100627734,nan,0.6636249999999999
4000,STRUCTURAL_RESCUE__b4000__multidepot__e2-multidepot-100c-01__A8_ROUTE_POOL_RECOMBINATION__seed1,multidepot,e2-multidepot-100c-01,A8_ROUTE_POOL_RECOMBINATION,1,1496,random_customer_removal,regret3_insert_repair,False,False,candidate_usable,softmax,sample,1496,382,1.7241572679313215,0.2006508111607615,nan,0.6634
4000,STRUCTURAL_RESCUE__b4000__multidepot__e2-multidepot-100c-01__A8_ROUTE_POOL_RECOMBINATION__seed1,multidepot,e2-multidepot-100c-01,A8_ROUTE_POOL_RECOMBINATION,1,1497,random_customer_removal,regret3_insert_repair,False,False,candidate_usable,softmax,sample,1497,383,1.7198389987265188,0.19967337506122457,nan,0.663175
4000,STRUCTURAL_RESCUE__b4000__multidepot__e2-multidepot-100c-01__A8_ROUTE_POOL_RECOMBINATION__seed1,multidepot,e2-multidepot-100c-01,A8_ROUTE_POOL_RECOMBINATION,1,1498,route_segment_removal,regret2_insert_repair,False,False,unchanged,softmax,sample,1498,83,0.943091155523593,0.06196958004452272,nan,0.6629499999999999
4000,STRUCTURAL_RESCUE__b4000__multidepot__e2-multidepot-100c-01__A8_ROUTE_POOL_RECOMBINATION__seed1,multidepot,e2-multidepot-100c-01,A8_ROUTE_POOL_RECOMBINATION,1,1499,vehicle_type_swap,greedy_insert_repair,False,False,candidate_usable,softmax,sample,1499,21,0.2130752239928812,0.020614064556270253,nan,0.662725
4000,STRUCTURAL_RESCUE__b4000__multidepot__e2-multidepot-100c-01__A8_ROUTE_POOL_RECOMBINATION__seed1,multidepot,e2-multidepot-100c-01,A8_ROUTE_POOL_RECOMBINATION,1,1500,route_segment_removal,regret2_insert_repair,True,False,candidate_usable,softmax,sample,1500,84,0.9329678142081508,0.061085062190000046,nan,0.6625
4000,STRUCTURAL_RESCUE__b4000__multidepot__e2-multidepot-100c-01__A8_ROUTE_POOL_RECOMBINATION__seed1,multidepot,e2-multidepot-100c-01,A8_ROUTE_POOL_RECOMBINATION,1,1501,route_segment_removal,regret3_insert_repair,False,False,unchanged,softmax,sample,1501,75,1.1637469617547131,0.08643893917725924,nan,0.662275
4000,STRUCTURAL_RESCUE__b4000__multidepot__e2-multidepot-100c-01__A8_ROUTE_POOL_RECOMBINATION__seed1,multidepot,e2-multidepot-100c-01,A8_ROUTE_POOL_RECOMBINATION,1,1502,random_customer_removal,regret3_insert_repair,True,False,candidate_usable,softmax,sample,1502,384,1.71555025935711,0.1992925089944754,nan,0.66205
4000,STRUCTURAL_RESCUE__b4000__multidepot__e2-multidepot-100c-01__A8_ROUTE_POOL_RECOMBINATION__seed1,multidepot,e2-multidepot-100c-01,A8_ROUTE_POOL_RECOMBINATION,1,1503,vehicle_type_swap,regret2_insert_repair,False,False,candidate_usable,softmax,sample,1503,251,1.340622629935695,0.11310912286647665,nan,0.661825
4000,STRUCTURAL_RESCUE__b4000__multidepot__e2-multidepot-100c-01__A8_ROUTE_POOL_RECOMBINATION__seed1,multidepot,e2-multidepot-100c-01,A8_ROUTE_POOL_RECOMBINATION,1,1504,worst_customer_removal,regret3_insert_repair,False,False,unchanged,softmax,sample,1504,251,1.4989913529692722,0.14384152259169758,nan,0.6616
4000,STRUCTURAL_RESCUE__b4000__multidepot__e2-multidepot-100c-01__A8_ROUTE_POOL_RECOMBINATION__seed1,multidepot,e2-multidepot-100c-01,A8_ROUTE_POOL_RECOMBINATION,1,1505,worst_customer_removal,regret3_insert_repair,True,False,candidate_usable,softmax,sample,1505,252,1.4933394783162113,0.14282273181795582,nan,0.661375
4000,STRUCTURAL_RESCUE__b4000__multidepot__e2-multidepot-100c-01__A8_ROUTE_POOL_RECOMBINATION__seed1,multidepot,e2-multidepot-100c-01,A8_ROUTE_POOL_RECOMBINATION,1,1506,route_segment_removal,regret2_insert_repair,True,False,candidate_usable,softmax,sample,1506,85,0.9460359369393636,0.06239935892243703,nan,0.66115
4000,STRUCTURAL_RESCUE__b4000__multidepot__e2-multidepot-100c-01__A8_ROUTE_POOL_RECOMBINATION__seed1,multidepot,e2-multidepot-100c-01,A8_ROUTE_POOL_RECOMBINATION,1,1507,vehicle_type_swap,regret3_insert_repair,False,False,candidate_usable,softmax,sample,1507,23,0.2061894101037573,0.020345480805975213,nan,0.660925
4000,STRUCTURAL_RESCUE__b4000__multidepot__e2-multidepot-100c-01__A8_ROUTE_POOL_RECOMBINATION__seed1,multidepot,e2-multidepot-100c-01,A8_ROUTE_POOL_RECOMBINATION,1,1508,random_customer_removal,regret2_insert_repair,False,False,candidate_usable,softmax,sample,1508,53,0.8984706117940104,0.057991809406824704,nan,0.6607000000000001
4000,STRUCTURAL_RESCUE__b4000__multidepot__e2-multidepot-100c-01__A8_ROUTE_POOL_RECOMBINATION__seed1,multidepot,e2-multidepot-100c-01,A8_ROUTE_POOL_RECOMBINATION,1,1509,random_customer_removal,regret3_insert_repair,True,False,candidate_usable,softmax,sample,1509,385,1.716352185998279,0.20029840083918188,nan,0.660475
4000,STRUCTURAL_RESCUE__b4000__multidepot__e2-multidepot-100c-01__A8_ROUTE_POOL_RECOMBINATION__seed1,multidepot,e2-multidepot-100c-01,A8_ROUTE_POOL_RECOMBINATION,1,1510,vehicle_type_swap,regret2_insert_repair,False,False,candidate_usable,softmax,sample,1510,252,1.3356122763368807,0.11253168105888661,nan,0.66025
4000,STRUCTURAL_RESCUE__b4000__multidepot__e2-multidepot-100c-01__A8_ROUTE_POOL_RECOMBINATION__seed1,multidepot,e2-multidepot-100c-01,A8_ROUTE_POOL_RECOMBINATION,1,1511,route_segment_removal,regret2_insert_repair,True,False,candidate_usable,softmax,sample,1511,86,0.9587937284492317,0.06364337431862337,nan,0.6600250000000001
4000,STRUCTURAL_RESCUE__b4000__multidepot__e2-multidepot-100c-01__A8_ROUTE_POOL_RECOMBINATION__seed1,multidepot,e2-multidepot-100c-01,A8_ROUTE_POOL_RECOMBINATION,1,1512,vehicle_type_swap,regret2_insert_repair,False,False,candidate_usable,softmax,sample,1512,253,1.330630507342743,0.11167340142878422,nan,0.6597999999999999
4000,STRUCTURAL_RESCUE__b4000__multidepot__e2-multidepot-100c-01__A8_ROUTE_POOL_RECOMBINATION__seed1,multidepot,e2-multidepot-100c-01,A8_ROUTE_POOL_RECOMBINATION,1,1513,worst_customer_removal,regret3_insert_repair,False,False,candidate_usable,softmax,sample,1513,253,1.4954548084138508,0.143514248309204,nan,0.659575
4000,STRUCTURAL_RESCUE__b4000__multidepot__e2-multidepot-100c-01__A8_ROUTE_POOL_RECOMBINATION__seed1,multidepot,e2-multidepot-100c-01,A8_ROUTE_POOL_RECOMBINATION,1,1514,worst_customer_removal,regret3_insert_repair,False,False,unchanged,softmax,sample,1514,254,1.4898610159752597,0.1425048767255355,nan,0.65935
4000,STRUCTURAL_RESCUE__b4000__multidepot__e2-multidepot-100c-01__A8_ROUTE_POOL_RECOMBINATION__seed1,multidepot,e2-multidepot-100c-01,A8_ROUTE_POOL_RECOMBINATION,1,1515,random_customer_removal,greedy_insert_repair,False,False,candidate_usable,softmax,sample,1515,38,0.5317798625589205,0.033355313189314395,nan,0.659125
4000,STRUCTURAL_RESCUE__b4000__multidepot__e2-multidepot-100c-01__A8_ROUTE_POOL_RECOMBINATION__seed1,multidepot,e2-multidepot-100c-01,A8_ROUTE_POOL_RECOMBINATION,1,1516,random_customer_removal,greedy_insert_repair,False,False,candidate_usable,softmax,sample,1516,39,0.5210329705439684,0.03282402424279622,nan,0.6589
4000,STRUCTURAL_RESCUE__b4000__multidepot__e2-multidepot-100c-01__A8_ROUTE_POOL_RECOMBINATION__seed1,multidepot,e2-multidepot-100c-01,A8_ROUTE_POOL_RECOMBINATION,1,1517,whole_route_removal,regret2_insert_repair,False,False,candidate_usable,softmax,sample,1517,55,0.7632052223675437,0.047419846447187546,nan,0.658675
4000,STRUCTURAL_RESCUE__b4000__multidepot__e2-multidepot-100c-01__A8_ROUTE_POOL_RECOMBINATION__seed1,multidepot,e2-multidepot-100c-01,A8_ROUTE_POOL_RECOMBINATION,1,1518,whole_route_removal,regret2_insert_repair,False,False,unchanged,softmax,sample,1518,56,0.7513993840778258,0.04660873543293756,nan,0.65845
4000,STRUCTURAL_RESCUE__b4000__multidepot__e2-multidepot-100c-01__A8_ROUTE_POOL_RECOMBINATION__seed1,multidepot,e2-multidepot-100c-01,A8_ROUTE_POOL_RECOMBINATION,1,1519,shaw_related_removal,regret3_insert_repair,False,False,unchanged,softmax,sample,1519,21,0.21322283278156137,0.020589852587117798,nan,0.6582250000000001
4000,STRUCTURAL_RESCUE__b4000__multidepot__e2-multidepot-100c-01__A8_ROUTE_POOL_RECOMBINATION__seed1,multidepot,e2-multidepot-100c-01,A8_ROUTE_POOL_RECOMBINATION,1,1520,vehicle_type_swap,regret2_insert_repair,False,False,candidate_usable,softmax,sample,1520,254,1.3257007211501262,0.11162600800046757,nan,0.6579999999999999
4000,STRUCTURAL_RESCUE__b4000__multidepot__e2-multidepot-100c-01__A8_ROUTE_POOL_RECOMBINATION__seed1,multidepot,e2-multidepot-100c-01,A8_ROUTE_POOL_RECOMBINATION,1,1521,worst_customer_removal,regret2_insert_repair,False,False,candidate_usable,softmax,sample,1521,19,0.22120491276154003,0.020842017376215865,nan,0.657775
4000,STRUCTURAL_RESCUE__b4000__multidepot__e2-multidepot-100c-01__A8_ROUTE_POOL_RECOMBINATION__seed1,multidepot,e2-multidepot-100c-01,A8_ROUTE_POOL_RECOMBINATION,1,1522,whole_route_removal,regret3_insert_repair,False,False,unchanged,softmax,sample,1522,89,0.7981261171277914,0.05010060147788564,nan,0.65755
4000,STRUCTURAL_RESCUE__b4000__multidepot__e2-multidepot-100c-01__A8_ROUTE_POOL_RECOMBINATION__seed1,multidepot,e2-multidepot-100c-01,A8_ROUTE_POOL_RECOMBINATION,1,1523,random_customer_removal,regret3_insert_repair,True,False,candidate_usable,softmax,sample,1523,386,1.717162089690461,0.20288224983079484,nan,0.6573249999999999
4000,STRUCTURAL_RESCUE__b4000__multidepot__e2-multidepot-100c-01__A8_ROUTE_POOL_RECOMBINATION__seed1,multidepot,e2-multidepot-100c-01,A8_ROUTE_POOL_RECOMBINATION,1,1524,vehicle_type_swap,regret2_insert_repair,False,False,candidate_usable,softmax,sample,1524,255,1.3208008335715993,0.11099852543720161,nan,0.6571
4000,STRUCTURAL_RESCUE__b4000__multidepot__e2-multidepot-100c-01__A8_ROUTE_POOL_RECOMBINATION__seed1,multidepot,e2-multidepot-100c-01,A8_ROUTE_POOL_RECOMBINATION,1,1525,random_customer_removal,regret2_insert_repair,True,False,candidate_usable,softmax,sample,1525,54,0.8838144901852745,0.05712321685825592,nan,0.656875
4000,STRUCTURAL_RESCUE__b4000__multidepot__e2-multidepot-100c-01__A8_ROUTE_POOL_RECOMBINATION__seed1,multidepot,e2-multidepot-100c-01,A8_ROUTE_POOL_RECOMBINATION,1,1526,shaw_related_removal,greedy_insert_repair,False,False,unchanged,softmax,sample,1526,24,0.20316459439668041,0.020220184550292012,nan,0.65665
4000,STRUCTURAL_RESCUE__b4000__multidepot__e2-multidepot-100c-01__A8_ROUTE_POOL_RECOMBINATION__seed1,multidepot,e2-multidepot-100c-01,A8_ROUTE_POOL_RECOMBINATION,1,1527,worst_customer_removal,regret3_insert_repair,False,False,candidate_usable,softmax,sample,1527,255,1.4843366610639726,0.1423166814348695,nan,0.656425
4000,STRUCTURAL_RESCUE__b4000__multidepot__e2-multidepot-100c-01__A8_ROUTE_POOL_RECOMBINATION__seed1,multidepot,e2-multidepot-100c-01,A8_ROUTE_POOL_RECOMBINATION,1,1528,worst_customer_removal,regret3_insert_repair,False,False,candidate_usable,softmax,sample,1528,256,1.4788296763358615,0.1413250239827058,nan,0.6562
4000,STRUCTURAL_RESCUE__b4000__multidepot__e2-multidepot-100c-01__A8_ROUTE_POOL_RECOMBINATION__seed1,multidepot,e2-multidepot-100c-01,A8_ROUTE_POOL_RECOMBINATION,1,1529,vehicle_type_swap,regret2_insert_repair,False,False,candidate_usable,softmax,sample,1529,256,1.3159411812746722,0.11040197073655511,nan,0.655975
4000,STRUCTURAL_RESCUE__b4000__multidepot__e2-multidepot-100c-01__A8_ROUTE_POOL_RECOMBINATION__seed1,multidepot,e2-multidepot-100c-01,A8_ROUTE_POOL_RECOMBINATION,1,1530,route_segment_removal,regret2_insert_repair,False,False,unchanged,softmax,sample,1530,87,0.9713067403197843,0.06533343078912149,nan,0.65575
4000,STRUCTURAL_RESCUE__b4000__multidepot__e2-multidepot-100c-01__A8_ROUTE_POOL_RECOMBINATION__seed1,multidepot,e2-multidepot-100c-01,A8_ROUTE_POOL_RECOMBINATION,1,1531,vehicle_type_swap,greedy_insert_repair,False,False,candidate_usable,softmax,sample,1531,22,0.20972072747033818,0.020463453013793983,nan,0.655525
4000,STRUCTURAL_RESCUE__b4000__multidepot__e2-multidepot-100c-01__A8_ROUTE_POOL_RECOMBINATION__seed1,multidepot,e2-multidepot-100c-01,A8_ROUTE_POOL_RECOMBINATION,1,1532,random_customer_removal,regret3_insert_repair,True,False,candidate_usable,softmax,sample,1532,387,1.7179589355700746,0.2043611104422232,nan,0.6553
4000,STRUCTURAL_RESCUE__b4000__multidepot__e2-multidepot-100c-01__A8_ROUTE_POOL_RECOMBINATION__seed1,multidepot,e2-multidepot-100c-01,A8_ROUTE_POOL_RECOMBINATION,1,1533,vehicle_type_swap,regret2_insert_repair,False,False,candidate_usable,softmax,sample,1533,257,1.311117050490071,0.1098283100246533,nan,0.6550750000000001
4000,STRUCTURAL_RESCUE__b4000__multidepot__e2-multidepot-100c-01__A8_ROUTE_POOL_RECOMBINATION__seed1,multidepot,e2-multidepot-100c-01,A8_ROUTE_POOL_RECOMBINATION,1,1534,worst_customer_removal,regret3_insert_repair,False,False,unchanged,softmax,sample,1534,257,1.4733759782375075,0.14083949194555945,nan,0.6548499999999999
4000,STRUCTURAL_RESCUE__b4000__multidepot__e2-multidepot-100c-01__A8_ROUTE_POOL_RECOMBINATION__seed1,multidepot,e2-multidepot-100c-01,A8_ROUTE_POOL_RECOMBINATION,1,1535,whole_route_removal,greedy_insert_repair,False,False,unchanged,softmax,sample,1535,31,0.6257564843925949,0.0386355639184112,nan,0.654625
4000,STRUCTURAL_RESCUE__b4000__multidepot__e2-multidepot-100c-01__A8_ROUTE_POOL_RECOMBINATION__seed1,multidepot,e2-multidepot-100c-01,A8_ROUTE_POOL_RECOMBINATION,1,1536,route_segment_removal,regret3_insert_repair,True,False,candidate_usable,softmax,sample,1536,76,1.1498124721073368,0.08611445951629898,nan,0.6544
4000,STRUCTURAL_RESCUE__b4000__multidepot__e2-multidepot-100c-01__A8_ROUTE_POOL_RECOMBINATION__seed1,multidepot,e2-multidepot-100c-01,A8_ROUTE_POOL_RECOMBINATION,1,1537,vehicle_type_swap,regret2_insert_repair,False,False,candidate_usable,softmax,sample,1537,258,1.3063301443242696,0.10922746458236855,nan,0.654175
4000,STRUCTURAL_RESCUE__b4000__multidepot__e2-multidepot-100c-01__A8_ROUTE_POOL_RECOMBINATION__seed1,multidepot,e2-multidepot-100c-01,A8_ROUTE_POOL_RECOMBINATION,1,1538,vehicle_type_swap,regret3_insert_repair,False,False,candidate_usable,softmax,sample,1538,24,0.20324634425748767,0.020237595291611347,nan,0.65395
4000,STRUCTURAL_RESCUE__b4000__multidepot__e2-multidepot-100c-01__A8_ROUTE_POOL_RECOMBINATION__seed1,multidepot,e2-multidepot-100c-01,A8_ROUTE_POOL_RECOMBINATION,1,1539,route_segment_removal,greedy_insert_repair,False,False,unchanged,softmax,sample,1539,29,0.39162446145134344,0.026986410661917804,nan,0.653725
4000,STRUCTURAL_RESCUE__b4000__multidepot__e2-multidepot-100c-01__A8_ROUTE_POOL_RECOMBINATION__seed1,multidepot,e2-multidepot-100c-01,A8_ROUTE_POOL_RECOMBINATION,1,1540,whole_route_removal,greedy_insert_repair,False,False,unchanged,softmax,sample,1540,32,0.6099581233466782,0.037691651675391034,nan,0.6535
4000,STRUCTURAL_RESCUE__b4000__multidepot__e2-multidepot-100c-01__A8_ROUTE_POOL_RECOMBINATION__seed1,multidepot,e2-multidepot-100c-01,A8_ROUTE_POOL_RECOMBINATION,1,1541,random_customer_removal,regret3_insert_repair,False,False,unchanged,softmax,sample,1541,388,1.7187515517837268,0.20588653385417738,nan,0.653275
4000,STRUCTURAL_RESCUE__b4000__multidepot__e2-multidepot-100c-01__A8_ROUTE_POOL_RECOMBINATION__seed1,multidepot,e2-multidepot-100c-01,A8_ROUTE_POOL_RECOMBINATION,1,1542,random_customer_removal,regret2_insert_repair,False,False,candidate_usable,softmax,sample,1542,55,0.9051373995449097,0.059330733291666334,nan,0.6530499999999999
4000,STRUCTURAL_RESCUE__b4000__multidepot__e2-multidepot-100c-01__A8_ROUTE_POOL_RECOMBINATION__seed1,multidepot,e2-multidepot-100c-01,A8_ROUTE_POOL_RECOMBINATION,1,1543,worst_customer_removal,regret2_insert_repair,False,False,candidate_usable,softmax,sample,1543,20,0.21724241579313172,0.020709768941398827,nan,0.652825
4000,STRUCTURAL_RESCUE__b4000__multidepot__e2-multidepot-100c-01__A8_ROUTE_POOL_RECOMBINATION__seed1,multidepot,e2-multidepot-100c-01,A8_ROUTE_POOL_RECOMBINATION,1,1544,worst_customer_removal,regret3_insert_repair,False,False,candidate_usable,softmax,sample,1544,258,1.4679727797596789,0.1407248788605236,nan,0.6526
4000,STRUCTURAL_RESCUE__b4000__multidepot__e2-multidepot-100c-01__A8_ROUTE_POOL_RECOMBINATION__seed1,multidepot,e2-multidepot-100c-01,A8_ROUTE_POOL_RECOMBINATION,1,1545,random_customer_removal,regret3_insert_repair,False,False,candidate_usable,softmax,sample,1545,389,1.7145185865731734,0.20563241680376415,nan,0.6523749999999999
4000,STRUCTURAL_RESCUE__b4000__multidepot__e2-multidepot-100c-01__A8_ROUTE_POOL_RECOMBINATION__seed1,multidepot,e2-multidepot-100c-01,A8_ROUTE_POOL_RECOMBINATION,1,1546,vehicle_type_swap,regret3_insert_repair,False,False,candidate_usable,softmax,sample,1546,25,0.2003234753208311,0.02020445691612565,nan,0.65215
4000,STRUCTURAL_RESCUE__b4000__multidepot__e2-multidepot-100c-01__A8_ROUTE_POOL_RECOMBINATION__seed1,multidepot,e2-multidepot-100c-01,A8_ROUTE_POOL_RECOMBINATION,1,1547,worst_customer_removal,greedy_insert_repair,False,False,unchanged,softmax,sample,1547,25,0.2003300886423931,0.02019705661730396,nan,0.6519250000000001
4000,STRUCTURAL_RESCUE__b4000__multidepot__e2-multidepot-100c-01__A8_ROUTE_POOL_RECOMBINATION__seed1,multidepot,e2-multidepot-100c-01,A8_ROUTE_POOL_RECOMBINATION,1,1548,vehicle_type_swap,regret2_insert_repair,False,False,candidate_usable,softmax,sample,1548,259,1.3015946920240127,0.10939811751412812,nan,0.6517
4000,STRUCTURAL_RESCUE__b4000__multidepot__e2-multidepot-100c-01__A8_ROUTE_POOL_RECOMBINATION__seed1,multidepot,e2-multidepot-100c-01,A8_ROUTE_POOL_RECOMBINATION,1,1549,worst_customer_removal,regret3_insert_repair,False,False,candidate_usable,softmax,sample,1549,259,1.4626006414608077,0.14019640167799943,nan,0.651475
4000,STRUCTURAL_RESCUE__b4000__multidepot__e2-multidepot-100c-01__A8_ROUTE_POOL_RECOMBINATION__seed1,multidepot,e2-multidepot-100c-01,A8_ROUTE_POOL_RECOMBINATION,1,1550,route_segment_removal,regret2_insert_repair,False,False,unchanged,softmax,sample,1550,88,0.9613770043601445,0.06502438704522343,nan,0.65125
4000,STRUCTURAL_RESCUE__b4000__multidepot__e2-multidepot-100c-01__A8_ROUTE_POOL_RECOMBINATION__seed1,multidepot,e2-multidepot-100c-01,A8_ROUTE_POOL_RECOMBINATION,1,1551,worst_customer_removal,regret3_insert_repair,False,False,unchanged,softmax,sample,1551,260,1.4572634178346096,0.1394035985783753,nan,0.651025
4000,STRUCTURAL_RESCUE__b4000__multidepot__e2-multidepot-100c-01__A8_ROUTE_POOL_RECOMBINATION__seed1,multidepot,e2-multidepot-100c-01,A8_ROUTE_POOL_RECOMBINATION,1,1552,random_customer_removal,regret3_insert_repair,True,False,candidate_usable,softmax,sample,1552,390,1.71031236533971,0.2059299348917468,nan,0.6508
4000,STRUCTURAL_RESCUE__b4000__multidepot__e2-multidepot-100c-01__A8_ROUTE_POOL_RECOMBINATION__seed1,multidepot,e2-multidepot-100c-01,A8_ROUTE_POOL_RECOMBINATION,1,1553,route_segment_removal,regret2_insert_repair,False,False,unchanged,softmax,sample,1553,89,0.9516077876016056,0.06416244217836173,nan,0.650575
4000,STRUCTURAL_RESCUE__b4000__multidepot__e2-multidepot-100c-01__A8_ROUTE_POOL_RECOMBINATION__seed1,multidepot,e2-multidepot-100c-01,A8_ROUTE_POOL_RECOMBINATION,1,1554,worst_customer_removal,greedy_insert_repair,False,False,unchanged,softmax,sample,1554,26,0.19756523553871036,0.020142846559225325,nan,0.65035
4000,STRUCTURAL_RESCUE__b4000__multidepot__e2-multidepot-100c-01__A8_ROUTE_POOL_RECOMBINATION__seed1,multidepot,e2-multidepot-100c-01,A8_ROUTE_POOL_RECOMBINATION,1,1555,vehicle_type_swap,regret2_insert_repair,False,False,candidate_usable,softmax,sample,1555,260,1.2968871143833265,0.10922442561250671,nan,0.6501250000000001
4000,STRUCTURAL_RESCUE__b4000__multidepot__e2-multidepot-100c-01__A8_ROUTE_POOL_RECOMBINATION__seed1,multidepot,e2-multidepot-100c-01,A8_ROUTE_POOL_RECOMBINATION,1,1556,vehicle_type_swap,regret2_insert_repair,False,False,candidate_usable,softmax,sample,1556,261,1.2922030273012177,0.10853813073263187,nan,0.6498999999999999
4000,STRUCTURAL_RESCUE__b4000__multidepot__e2-multidepot-100c-01__A8_ROUTE_POOL_RECOMBINATION__seed1,multidepot,e2-multidepot-100c-01,A8_ROUTE_POOL_RECOMBINATION,1,1557,random_customer_removal,regret2_insert_repair,False,False,candidate_usable,softmax,sample,1557,56,0.8908603915169983,0.05857066615267118,nan,0.649675
4000,STRUCTURAL_RESCUE__b4000__multidepot__e2-multidepot-100c-01__A8_ROUTE_POOL_RECOMBINATION__seed1,multidepot,e2-multidepot-100c-01,A8_ROUTE_POOL_RECOMBINATION,1,1558,vehicle_type_swap,regret2_insert_repair,False,False,candidate_usable,softmax,sample,1558,262,1.287556592290793,0.10800661206164573,nan,0.64945
4000,STRUCTURAL_RESCUE__b4000__multidepot__e2-multidepot-100c-01__A8_ROUTE_POOL_RECOMBINATION__seed1,multidepot,e2-multidepot-100c-01,A8_ROUTE_POOL_RECOMBINATION,1,1559,whole_route_removal,regret3_insert_repair,False,False,unchanged,softmax,sample,1559,90,0.7903970427548817,0.05026450901437426,nan,0.6492249999999999
4000,STRUCTURAL_RESCUE__b4000__multidepot__e2-multidepot-100c-01__A8_ROUTE_POOL_RECOMBINATION__seed1,multidepot,e2-multidepot-100c-01,A8_ROUTE_POOL_RECOMBINATION,1,1560,worst_customer_removal,regret3_insert_repair,False,False,candidate_usable,softmax,sample,1560,261,1.4519814098855863,0.13936995428914256,nan,0.649
4000,STRUCTURAL_RESCUE__b4000__multidepot__e2-multidepot-100c-01__A8_ROUTE_POOL_RECOMBINATION__seed1,multidepot,e2-multidepot-100c-01,A8_ROUTE_POOL_RECOMBINATION,1,1561,vehicle_type_swap,greedy_insert_repair,False,False,candidate_usable,softmax,sample,1561,23,0.20656438856904458,0.020467082213801484,nan,0.648775
4000,STRUCTURAL_RESCUE__b4000__multidepot__e2-multidepot-100c-01__A8_ROUTE_POOL_RECOMBINATION__seed1,multidepot,e2-multidepot-100c-01,A8_ROUTE_POOL_RECOMBINATION,1,1562,random_customer_removal,regret3_insert_repair,False,False,candidate_usable,softmax,sample,1562,391,1.7111198417370719,0.2081650908682972,nan,0.64855
4000,STRUCTURAL_RESCUE__b4000__multidepot__e2-multidepot-100c-01__A8_ROUTE_POOL_RECOMBINATION__seed1,multidepot,e2-multidepot-100c-01,A8_ROUTE_POOL_RECOMBINATION,1,1563,whole_route_removal,greedy_insert_repair,False,False,candidate_usable,softmax,sample,1563,33,0.5951882046466244,0.037291400221023896,nan,0.648325
4000,STRUCTURAL_RESCUE__b4000__multidepot__e2-multidepot-100c-01__A8_ROUTE_POOL_RECOMBINATION__seed1,multidepot,e2-multidepot-100c-01,A8_ROUTE_POOL_RECOMBINATION,1,1564,worst_customer_removal,regret3_insert_repair,False,False,candidate_usable,softmax,sample,1564,262,1.4467292501189561,0.13882489573348616,nan,0.6480999999999999
4000,STRUCTURAL_RESCUE__b4000__multidepot__e2-multidepot-100c-01__A8_ROUTE_POOL_RECOMBINATION__seed1,multidepot,e2-multidepot-100c-01,A8_ROUTE_POOL_RECOMBINATION,1,1565,route_segment_removal,greedy_insert_repair,False,False,candidate_usable,softmax,sample,1565,30,0.3827822487424198,0.02690523170035577,nan,0.647875
4000,STRUCTURAL_RESCUE__b4000__multidepot__e2-multidepot-100c-01__A8_ROUTE_POOL_RECOMBINATION__seed1,multidepot,e2-multidepot-100c-01,A8_ROUTE_POOL_RECOMBINATION,1,1566,route_segment_removal,regret3_insert_repair,False,False,unchanged,softmax,sample,1566,77,1.1615404912937515,0.08954484596631686,nan,0.6476500000000001
4000,STRUCTURAL_RESCUE__b4000__multidepot__e2-multidepot-100c-01__A8_ROUTE_POOL_RECOMBINATION__seed1,multidepot,e2-multidepot-100c-01,A8_ROUTE_POOL_RECOMBINATION,1,1567,shaw_related_removal,regret3_insert_repair,False,False,candidate_usable,softmax,sample,1567,22,0.20997343476106714,0.02063303230401559,nan,0.647425
4000,STRUCTURAL_RESCUE__b4000__multidepot__e2-multidepot-100c-01__A8_ROUTE_POOL_RECOMBINATION__seed1,multidepot,e2-multidepot-100c-01,A8_ROUTE_POOL_RECOMBINATION,1,1568,vehicle_type_swap,regret2_insert_repair,False,False,candidate_usable,softmax,sample,1568,263,1.28296173375472,0.10824892335186581,nan,0.6472
4000,STRUCTURAL_RESCUE__b4000__multidepot__e2-multidepot-100c-01__A8_ROUTE_POOL_RECOMBINATION__seed1,multidepot,e2-multidepot-100c-01,A8_ROUTE_POOL_RECOMBINATION,1,1569,random_customer_removal,greedy_insert_repair,False,False,candidate_usable,softmax,sample,1569,40,0.5110777698857406,0.032859722793091205,nan,0.6469750000000001
4000,STRUCTURAL_RESCUE__b4000__multidepot__e2-multidepot-100c-01__A8_ROUTE_POOL_RECOMBINATION__seed1,multidepot,e2-multidepot-100c-01,A8_ROUTE_POOL_RECOMBINATION,1,1570,random_customer_removal,greedy_insert_repair,False,False,candidate_usable,softmax,sample,1570,41,0.5013246062604196,0.0323741762520142,nan,0.6467499999999999
4000,STRUCTURAL_RESCUE__b4000__multidepot__e2-multidepot-100c-01__A8_ROUTE_POOL_RECOMBINATION__seed1,multidepot,e2-multidepot-100c-01,A8_ROUTE_POOL_RECOMBINATION,1,1571,whole_route_removal,regret2_insert_repair,True,False,candidate_usable,softmax,sample,1571,57,0.7402301606720942,0.046854292604568686,nan,0.646525
4000,STRUCTURAL_RESCUE__b4000__multidepot__e2-multidepot-100c-01__A8_ROUTE_POOL_RECOMBINATION__seed1,multidepot,e2-multidepot-100c-01,A8_ROUTE_POOL_RECOMBINATION,1,1572,random_customer_removal,regret3_insert_repair,True,False,candidate_usable,softmax,sample,1572,392,1.7069485732939724,0.2087160929646821,nan,0.6463
4000,STRUCTURAL_RESCUE__b4000__multidepot__e2-multidepot-100c-01__A8_ROUTE_POOL_RECOMBINATION__seed1,multidepot,e2-multidepot-100c-01,A8_ROUTE_POOL_RECOMBINATION,1,1573,whole_route_removal,regret2_insert_repair,False,False,candidate_usable,softmax,sample,1573,58,0.7628386218092121,0.04841268847060208,nan,0.646075
4000,STRUCTURAL_RESCUE__b4000__multidepot__e2-multidepot-100c-01__A8_ROUTE_POOL_RECOMBINATION__seed1,multidepot,e2-multidepot-100c-01,A8_ROUTE_POOL_RECOMBINATION,1,1574,worst_customer_removal,regret2_insert_repair,False,False,candidate_usable,softmax,sample,1574,21,0.21361829805717425,0.020698234324708034,nan,0.64585
4000,STRUCTURAL_RESCUE__b4000__multidepot__e2-multidepot-100c-01__A8_ROUTE_POOL_RECOMBINATION__seed1,multidepot,e2-multidepot-100c-01,A8_ROUTE_POOL_RECOMBINATION,1,1575,worst_customer_removal,regret3_insert_repair,False,False,unchanged,softmax,sample,1575,263,1.4415311482041566,0.1386011949108218,nan,0.645625
4000,STRUCTURAL_RESCUE__b4000__multidepot__e2-multidepot-100c-01__A8_ROUTE_POOL_RECOMBINATION__seed1,multidepot,e2-multidepot-100c-01,A8_ROUTE_POOL_RECOMBINATION,1,1576,random_customer_removal,regret3_insert_repair,False,False,candidate_usable,softmax,sample,1576,393,1.7077502616286704,0.209641487825787,nan,0.6454
4000,STRUCTURAL_RESCUE__b4000__multidepot__e2-multidepot-100c-01__A8_ROUTE_POOL_RECOMBINATION__seed1,multidepot,e2-multidepot-100c-01,A8_ROUTE_POOL_RECOMBINATION,1,1577,random_customer_removal,regret3_insert_repair,False,False,candidate_usable,softmax,sample,1577,394,1.7035935980338777,0.20864850260914714,nan,0.645175
4000,STRUCTURAL_RESCUE__b4000__multidepot__e2-multidepot-100c-01__A8_ROUTE_POOL_RECOMBINATION__seed1,multidepot,e2-multidepot-100c-01,A8_ROUTE_POOL_RECOMBINATION,1,1578,whole_route_removal,regret2_insert_repair,False,False,unchanged,softmax,sample,1578,59,0.7516352385125781,0.04776595796808899,nan,0.6449499999999999
4000,STRUCTURAL_RESCUE__b4000__multidepot__e2-multidepot-100c-01__A8_ROUTE_POOL_RECOMBINATION__seed1,multidepot,e2-multidepot-100c-01,A8_ROUTE_POOL_RECOMBINATION,1,1579,whole_route_removal,regret3_insert_repair,False,False,unchanged,softmax,sample,1579,91,0.7827754006541562,0.05016123384859143,nan,0.644725
4000,STRUCTURAL_RESCUE__b4000__multidepot__e2-multidepot-100c-01__A8_ROUTE_POOL_RECOMBINATION__seed1,multidepot,e2-multidepot-100c-01,A8_ROUTE_POOL_RECOMBINATION,1,1580,random_customer_removal,greedy_insert_repair,False,False,unchanged,softmax,sample,1580,42,0.49206339238493324,0.03196390518622145,nan,0.6445
4000,STRUCTURAL_RESCUE__b4000__multidepot__e2-multidepot-100c-01__A8_ROUTE_POOL_RECOMBINATION__seed1,multidepot,e2-multidepot-100c-01,A8_ROUTE_POOL_RECOMBINATION,1,1581,vehicle_type_swap,regret2_insert_repair,False,False,candidate_usable,softmax,sample,1581,264,1.2784075285358467,0.10833696247656663,nan,0.6442749999999999
4000,STRUCTURAL_RESCUE__b4000__multidepot__e2-multidepot-100c-01__A8_ROUTE_POOL_RECOMBINATION__seed1,multidepot,e2-multidepot-100c-01,A8_ROUTE_POOL_RECOMBINATION,1,1582,worst_customer_removal,greedy_insert_repair,False,False,unchanged,softmax,sample,1582,27,0.19508201680311743,0.020167527924654278,nan,0.64405
4000,STRUCTURAL_RESCUE__b4000__multidepot__e2-multidepot-100c-01__A8_ROUTE_POOL_RECOMBINATION__seed1,multidepot,e2-multidepot-100c-01,A8_ROUTE_POOL_RECOMBINATION,1,1583,random_customer_removal,regret3_insert_repair,False,False,candidate_usable,softmax,sample,1583,395,1.6994662000318013,0.20857887256320107,nan,0.643825
4000,STRUCTURAL_RESCUE__b4000__multidepot__e2-multidepot-100c-01__A8_ROUTE_POOL_RECOMBINATION__seed1,multidepot,e2-multidepot-100c-01,A8_ROUTE_POOL_RECOMBINATION,1,1584,worst_customer_removal,regret2_insert_repair,False,False,candidate_usable,softmax,sample,1584,22,0.21009062310004709,0.020653027871086353,nan,0.6436
4000,STRUCTURAL_RESCUE__b4000__multidepot__e2-multidepot-100c-01__A8_ROUTE_POOL_RECOMBINATION__seed1,multidepot,e2-multidepot-100c-01,A8_ROUTE_POOL_RECOMBINATION,1,1585,route_segment_removal,regret2_insert_repair,True,False,candidate_usable,softmax,sample,1585,90,0.9421540305084084,0.06441562140229579,nan,0.643375
4000,STRUCTURAL_RESCUE__b4000__multidepot__e2-multidepot-100c-01__A8_ROUTE_POOL_RECOMBINATION__seed1,multidepot,e2-multidepot-100c-01,A8_ROUTE_POOL_RECOMBINATION,1,1586,worst_customer_removal,regret3_insert_repair,False,False,candidate_usable,softmax,sample,1586,264,1.4363721733700832,0.13872667969091965,nan,0.64315
4000,STRUCTURAL_RESCUE__b4000__multidepot__e2-multidepot-100c-01__A8_ROUTE_POOL_RECOMBINATION__seed1,multidepot,e2-multidepot-100c-01,A8_ROUTE_POOL_RECOMBINATION,1,1587,whole_route_removal,regret2_insert_repair,False,False,candidate_usable,softmax,sample,1587,60,0.7408151883055217,0.047084887920171195,nan,0.642925
4000,STRUCTURAL_RESCUE__b4000__multidepot__e2-multidepot-100c-01__A8_ROUTE_POOL_RECOMBINATION__seed1,multidepot,e2-multidepot-100c-01,A8_ROUTE_POOL_RECOMBINATION,1,1588,route_segment_removal,regret3_insert_repair,False,False,unchanged,softmax,sample,1588,78,1.1479338444820024,0.0887649763340027,nan,0.6427
4000,STRUCTURAL_RESCUE__b4000__multidepot__e2-multidepot-100c-01__A8_ROUTE_POOL_RECOMBINATION__seed1,multidepot,e2-multidepot-100c-01,A8_ROUTE_POOL_RECOMBINATION,1,1589,random_customer_removal,regret3_insert_repair,False,False,candidate_usable,softmax,sample,1589,396,1.6953595705958147,0.20849684877816105,nan,0.642475
4000,STRUCTURAL_RESCUE__b4000__multidepot__e2-multidepot-100c-01__A8_ROUTE_POOL_RECOMBINATION__seed1,multidepot,e2-multidepot-100c-01,A8_ROUTE_POOL_RECOMBINATION,1,1590,random_customer_removal,greedy_insert_repair,False,False,candidate_usable,softmax,sample,1590,43,0.4832168619145407,0.03163485697840207,nan,0.64225
4000,STRUCTURAL_RESCUE__b4000__multidepot__e2-multidepot-100c-01__A8_ROUTE_POOL_RECOMBINATION__seed1,multidepot,e2-multidepot-100c-01,A8_ROUTE_POOL_RECOMBINATION,1,1591,vehicle_type_swap,regret2_insert_repair,False,False,candidate_usable,softmax,sample,1591,265,1.2738813828269806,0.10840552937846083,nan,0.6420250000000001
4000,STRUCTURAL_RESCUE__b4000__multidepot__e2-multidepot-100c-01__A8_ROUTE_POOL_RECOMBINATION__seed1,multidepot,e2-multidepot-100c-01,A8_ROUTE_POOL_RECOMBINATION,1,1592,vehicle_type_swap,regret2_insert_repair,False,False,candidate_usable,softmax,sample,1592,266,1.2693710883127132,0.10774089684212478,nan,0.6417999999999999
4000,STRUCTURAL_RESCUE__b4000__multidepot__e2-multidepot-100c-01__A8_ROUTE_POOL_RECOMBINATION__seed1,multidepot,e2-multidepot-100c-01,A8_ROUTE_POOL_RECOMBINATION,1,1593,worst_customer_removal,regret2_insert_repair,False,False,candidate_usable,softmax,sample,1593,23,0.2067801205441362,0.020581082384662937,nan,0.641575
4000,STRUCTURAL_RESCUE__b4000__multidepot__e2-multidepot-100c-01__A8_ROUTE_POOL_RECOMBINATION__seed1,multidepot,e2-multidepot-100c-01,A8_ROUTE_POOL_RECOMBINATION,1,1594,whole_route_removal,regret2_insert_repair,False,False,unchanged,softmax,sample,1594,61,0.7303350802175048,0.04654136213230715,nan,0.64135
4000,STRUCTURAL_RESCUE__b4000__multidepot__e2-multidepot-100c-01__A8_ROUTE_POOL_RECOMBINATION__seed1,multidepot,e2-multidepot-100c-01,A8_ROUTE_POOL_RECOMBINATION,1,1595,random_customer_removal,regret3_insert_repair,False,False,unchanged,softmax,sample,1595,397,1.6912735531327898,0.20845587234519714,nan,0.641125
4000,STRUCTURAL_RESCUE__b4000__multidepot__e2-multidepot-100c-01__A8_ROUTE_POOL_RECOMBINATION__seed1,multidepot,e2-multidepot-100c-01,A8_ROUTE_POOL_RECOMBINATION,1,1596,random_customer_removal,regret3_insert_repair,True,False,candidate_usable,softmax,sample,1596,398,1.6871998444206682,0.20748127187844184,nan,0.6409
4000,STRUCTURAL_RESCUE__b4000__multidepot__e2-multidepot-100c-01__A8_ROUTE_POOL_RECOMBINATION__seed1,multidepot,e2-multidepot-100c-01,A8_ROUTE_POOL_RECOMBINATION,1,1597,route_segment_removal,regret2_insert_repair,False,False,unchanged,softmax,sample,1597,91,0.9542654920016884,0.06609638888518751,nan,0.640675
4000,STRUCTURAL_RESCUE__b4000__multidepot__e2-multidepot-100c-01__A8_ROUTE_POOL_RECOMBINATION__seed1,multidepot,e2-multidepot-100c-01,A8_ROUTE_POOL_RECOMBINATION,1,1598,whole_route_removal,regret3_insert_repair,True,False,candidate_usable,softmax,sample,1598,92,0.7753134661031981,0.05002909337976477,nan,0.64045
4000,STRUCTURAL_RESCUE__b4000__multidepot__e2-multidepot-100c-01__A8_ROUTE_POOL_RECOMBINATION__seed1,multidepot,e2-multidepot-100c-01,A8_ROUTE_POOL_RECOMBINATION,1,1599,whole_route_removal,greedy_insert_repair,False,False,unchanged,softmax,sample,1599,34,0.5813299311147818,0.036906391556331304,nan,0.640225
4000,STRUCTURAL_RESCUE__b4000__multidepot__e2-multidepot-100c-01__A8_ROUTE_POOL_RECOMBINATION__seed1,multidepot,e2-multidepot-100c-01,A8_ROUTE_POOL_RECOMBINATION,1,1600,vehicle_type_swap,greedy_insert_repair,False,False,candidate_usable,softmax,sample,1600,24,0.20365815266880405,0.02046610871215696,nan,0.6399999999999999
4000,STRUCTURAL_RESCUE__b4000__multidepot__e2-multidepot-100c-01__A8_ROUTE_POOL_RECOMBINATION__seed1,multidepot,e2-multidepot-100c-01,A8_ROUTE_POOL_RECOMBINATION,1,1601,vehicle_type_swap,regret2_insert_repair,False,False,candidate_usable,softmax,sample,1601,267,1.2649103416995868,0.10746731610993801,nan,0.639775
4000,STRUCTURAL_RESCUE__b4000__multidepot__e2-multidepot-100c-01__A8_ROUTE_POOL_RECOMBINATION__seed1,multidepot,e2-multidepot-100c-01,A8_ROUTE_POOL_RECOMBINATION,1,1602,random_customer_removal,regret3_insert_repair,True,False,candidate_usable,softmax,sample,1602,399,1.6880418480945154,0.20844067039379016,nan,0.63955
4000,STRUCTURAL_RESCUE__b4000__multidepot__e2-multidepot-100c-01__A8_ROUTE_POOL_RECOMBINATION__seed1,multidepot,e2-multidepot-100c-01,A8_ROUTE_POOL_RECOMBINATION,1,1603,route_segment_removal,regret3_insert_repair,True,False,candidate_usable,softmax,sample,1603,79,1.1346425923351668,0.08771850874081977,nan,0.6393249999999999
4000,STRUCTURAL_RESCUE__b4000__multidepot__e2-multidepot-100c-01__A8_ROUTE_POOL_RECOMBINATION__seed1,multidepot,e2-multidepot-100c-01,A8_ROUTE_POOL_RECOMBINATION,1,1604,vehicle_type_swap,greedy_insert_repair,False,False,candidate_usable,softmax,sample,1604,25,0.20069969154747788,0.020313049180156646,nan,0.6391
4000,STRUCTURAL_RESCUE__b4000__multidepot__e2-multidepot-100c-01__A8_ROUTE_POOL_RECOMBINATION__seed1,multidepot,e2-multidepot-100c-01,A8_ROUTE_POOL_RECOMBINATION,1,1605,worst_customer_removal,regret3_insert_repair,True,False,candidate_usable,softmax,sample,1605,265,1.4312678254002098,0.13935563670274428,nan,0.638875
4000,STRUCTURAL_RESCUE__b4000__multidepot__e2-multidepot-100c-01__A8_ROUTE_POOL_RECOMBINATION__seed1,multidepot,e2-multidepot-100c-01,A8_ROUTE_POOL_RECOMBINATION,1,1606,vehicle_type_swap,regret3_insert_repair,False,False,candidate_usable,softmax,sample,1606,26,0.19789510162161122,0.020196916457840195,nan,0.6386499999999999
4000,STRUCTURAL_RESCUE__b4000__multidepot__e2-multidepot-100c-01__A8_ROUTE_POOL_RECOMBINATION__seed1,multidepot,e2-multidepot-100c-01,A8_ROUTE_POOL_RECOMBINATION,1,1607,whole_route_removal,regret2_insert_repair,True,False,candidate_usable,softmax,sample,1607,62,0.7202112473083061,0.045753651692622015,nan,0.638425
4000,STRUCTURAL_RESCUE__b4000__multidepot__e2-multidepot-100c-01__A8_ROUTE_POOL_RECOMBINATION__seed1,multidepot,e2-multidepot-100c-01,A8_ROUTE_POOL_RECOMBINATION,1,1608,random_customer_removal,regret3_insert_repair,True,False,candidate_usable,softmax,sample,1608,400,1.6888795668490233,0.20837973115921055,nan,0.6382
4000,STRUCTURAL_RESCUE__b4000__multidepot__e2-multidepot-100c-01__A8_ROUTE_POOL_RECOMBINATION__seed1,multidepot,e2-multidepot-100c-01,A8_ROUTE_POOL_RECOMBINATION,1,1609,random_customer_removal,regret3_insert_repair,True,False,candidate_usable,softmax,sample,1609,401,1.6897049851963266,0.20866594161037835,nan,0.637975
4000,STRUCTURAL_RESCUE__b4000__multidepot__e2-multidepot-100c-01__A8_ROUTE_POOL_RECOMBINATION__seed1,multidepot,e2-multidepot-100c-01,A8_ROUTE_POOL_RECOMBINATION,1,1610,route_segment_removal,greedy_insert_repair,False,False,unchanged,softmax,sample,1610,31,0.3745828755047109,0.026540894517049128,nan,0.63775
4000,STRUCTURAL_RESCUE__b4000__multidepot__e2-multidepot-100c-01__A8_ROUTE_POOL_RECOMBINATION__seed1,multidepot,e2-multidepot-100c-01,A8_ROUTE_POOL_RECOMBINATION,1,1611,route_segment_removal,greedy_insert_repair,False,False,unchanged,softmax,sample,1611,32,0.36661679782531276,0.026210022054913646,nan,0.637525
4000,STRUCTURAL_RESCUE__b4000__multidepot__e2-multidepot-100c-01__A8_ROUTE_POOL_RECOMBINATION__seed1,multidepot,e2-multidepot-100c-01,A8_ROUTE_POOL_RECOMBINATION,1,1612,route_segment_removal,regret3_insert_repair,False,False,unchanged,softmax,sample,1612,80,1.1460338270115067,0.08903805999650159,nan,0.6373
4000,STRUCTURAL_RESCUE__b4000__multidepot__e2-multidepot-100c-01__A8_ROUTE_POOL_RECOMBINATION__seed1,multidepot,e2-multidepot-100c-01,A8_ROUTE_POOL_RECOMBINATION,1,1613,whole_route_removal,regret3_insert_repair,False,False,candidate_usable,softmax,sample,1613,93,0.7889639766594447,0.05092878671066755,nan,0.6370750000000001
4000,STRUCTURAL_RESCUE__b4000__multidepot__e2-multidepot-100c-01__A8_ROUTE_POOL_RECOMBINATION__seed1,multidepot,e2-multidepot-100c-01,A8_ROUTE_POOL_RECOMBINATION,1,1614,worst_customer_removal,regret3_insert_repair,False,False,unchanged,softmax,sample,1614,266,1.4335125294625766,0.14018434621659362,nan,0.6368499999999999
4000,STRUCTURAL_RESCUE__b4000__multidepot__e2-multidepot-100c-01__A8_ROUTE_POOL_RECOMBINATION__seed1,multidepot,e2-multidepot-100c-01,A8_ROUTE_POOL_RECOMBINATION,1,1615,worst_customer_removal,regret3_insert_repair,False,False,candidate_usable,softmax,sample,1615,267,1.4284211505180155,0.13925219536438743,nan,0.636625
4000,STRUCTURAL_RESCUE__b4000__multidepot__e2-multidepot-100c-01__A8_ROUTE_POOL_RECOMBINATION__seed1,multidepot,e2-multidepot-100c-01,A8_ROUTE_POOL_RECOMBINATION,1,1616,whole_route_removal,regret3_insert_repair,False,False,candidate_usable,softmax,sample,1616,94,0.781537643514466,0.05045702017308443,nan,0.6364
4000,STRUCTURAL_RESCUE__b4000__multidepot__e2-multidepot-100c-01__A8_ROUTE_POOL_RECOMBINATION__seed1,multidepot,e2-multidepot-100c-01,A8_ROUTE_POOL_RECOMBINATION,1,1617,vehicle_type_swap,regret2_insert_repair,False,False,candidate_usable,softmax,sample,1617,268,1.2604964345518446,0.10716994515630969,nan,0.6361749999999999
4000,STRUCTURAL_RESCUE__b4000__multidepot__e2-multidepot-100c-01__A8_ROUTE_POOL_RECOMBINATION__seed1,multidepot,e2-multidepot-100c-01,A8_ROUTE_POOL_RECOMBINATION,1,1618,random_customer_removal,regret3_insert_repair,False,False,candidate_usable,softmax,sample,1618,402,1.6905390795794253,0.2109226128791971,nan,0.63595
4000,STRUCTURAL_RESCUE__b4000__multidepot__e2-multidepot-100c-01__A8_ROUTE_POOL_RECOMBINATION__seed1,multidepot,e2-multidepot-100c-01,A8_ROUTE_POOL_RECOMBINATION,1,1619,random_customer_removal,regret3_insert_repair,True,False,candidate_usable,softmax,sample,1619,403,1.6865174683840545,0.2099459585396405,nan,0.635725
4000,STRUCTURAL_RESCUE__b4000__multidepot__e2-multidepot-100c-01__A8_ROUTE_POOL_RECOMBINATION__seed1,multidepot,e2-multidepot-100c-01,A8_ROUTE_POOL_RECOMBINATION,1,1620,worst_customer_removal,regret3_insert_repair,False,False,candidate_usable,softmax,sample,1620,268,1.4233754445964986,0.13877568355251654,nan,0.6355
4000,STRUCTURAL_RESCUE__b4000__multidepot__e2-multidepot-100c-01__A8_ROUTE_POOL_RECOMBINATION__seed1,multidepot,e2-multidepot-100c-01,A8_ROUTE_POOL_RECOMBINATION,1,1621,vehicle_type_swap,regret2_insert_repair,False,False,candidate_usable,softmax,sample,1621,269,1.2560916392104016,0.10678651312361181,nan,0.635275
4000,STRUCTURAL_RESCUE__b4000__multidepot__e2-multidepot-100c-01__A8_ROUTE_POOL_RECOMBINATION__seed1,multidepot,e2-multidepot-100c-01,A8_ROUTE_POOL_RECOMBINATION,1,1622,worst_customer_removal,regret3_insert_repair,False,False,candidate_usable,softmax,sample,1622,269,1.4183612482851828,0.13799273826530026,nan,0.6350499999999999
4000,STRUCTURAL_RESCUE__b4000__multidepot__e2-multidepot-100c-01__A8_ROUTE_POOL_RECOMBINATION__seed1,multidepot,e2-multidepot-100c-01,A8_ROUTE_POOL_RECOMBINATION,1,1623,worst_customer_removal,regret3_insert_repair,True,False,candidate_usable,softmax,sample,1623,270,1.4133820963599872,0.13709038431038284,nan,0.634825
4000,STRUCTURAL_RESCUE__b4000__multidepot__e2-multidepot-100c-01__A8_ROUTE_POOL_RECOMBINATION__seed1,multidepot,e2-multidepot-100c-01,A8_ROUTE_POOL_RECOMBINATION,1,1624,route_segment_removal,greedy_insert_repair,False,False,unchanged,softmax,sample,1624,33,0.35916629483441764,0.0260267749533532,nan,0.6345999999999999
4000,STRUCTURAL_RESCUE__b4000__multidepot__e2-multidepot-100c-01__A8_ROUTE_POOL_RECOMBINATION__seed1,multidepot,e2-multidepot-100c-01,A8_ROUTE_POOL_RECOMBINATION,1,1625,route_segment_removal,regret3_insert_repair,False,False,candidate_usable,softmax,sample,1625,81,1.1330807084252696,0.08814572451265064,nan,0.6343749999999999
4000,STRUCTURAL_RESCUE__b4000__multidepot__e2-multidepot-100c-01__A8_ROUTE_POOL_RECOMBINATION__seed1,multidepot,e2-multidepot-100c-01,A8_ROUTE_POOL_RECOMBINATION,1,1626,random_customer_removal,regret3_insert_repair,False,False,candidate_usable,softmax,sample,1626,404,1.6873519916103956,0.2116261610415401,nan,0.63415
4000,STRUCTURAL_RESCUE__b4000__multidepot__e2-multidepot-100c-01__A8_ROUTE_POOL_RECOMBINATION__seed1,multidepot,e2-multidepot-100c-01,A8_ROUTE_POOL_RECOMBINATION,1,1627,route_segment_removal,regret2_insert_repair,True,False,candidate_usable,softmax,sample,1627,92,0.9449756688418698,0.06572165860028693,nan,0.6339250000000001
4000,STRUCTURAL_RESCUE__b4000__multidepot__e2-multidepot-100c-01__A8_ROUTE_POOL_RECOMBINATION__seed1,multidepot,e2-multidepot-100c-01,A8_ROUTE_POOL_RECOMBINATION,1,1628,worst_customer_removal,greedy_insert_repair,False,False,unchanged,softmax,sample,1628,28,0.19283553705020134,0.02003007026589102,nan,0.6337
4000,STRUCTURAL_RESCUE__b4000__multidepot__e2-multidepot-100c-01__A8_ROUTE_POOL_RECOMBINATION__seed1,multidepot,e2-multidepot-100c-01,A8_ROUTE_POOL_RECOMBINATION,1,1629,random_customer_removal,regret2_insert_repair,False,False,candidate_usable,softmax,sample,1629,57,0.8773199566379789,0.058989067035023775,nan,0.633475
4000,STRUCTURAL_RESCUE__b4000__multidepot__e2-multidepot-100c-01__A8_ROUTE_POOL_RECOMBINATION__seed1,multidepot,e2-multidepot-100c-01,A8_ROUTE_POOL_RECOMBINATION,1,1630,whole_route_removal,greedy_insert_repair,False,False,unchanged,softmax,sample,1630,35,0.5682094519190379,0.03624693759687537,nan,0.6332500000000001
4000,STRUCTURAL_RESCUE__b4000__multidepot__e2-multidepot-100c-01__A8_ROUTE_POOL_RECOMBINATION__seed1,multidepot,e2-multidepot-100c-01,A8_ROUTE_POOL_RECOMBINATION,1,1631,vehicle_type_swap,regret2_insert_repair,False,False,candidate_usable,softmax,sample,1631,270,1.2517309533725518,0.1067582512068907,nan,0.633025
4000,STRUCTURAL_RESCUE__b4000__multidepot__e2-multidepot-100c-01__A8_ROUTE_POOL_RECOMBINATION__seed1,multidepot,e2-multidepot-100c-01,A8_ROUTE_POOL_RECOMBINATION,1,1632,shaw_related_removal,greedy_insert_repair,False,False,candidate_usable,softmax,sample,1632,25,0.2008761498506483,0.020302984805541217,nan,0.6328
4000,STRUCTURAL_RESCUE__b4000__multidepot__e2-multidepot-100c-01__A8_ROUTE_POOL_RECOMBINATION__seed1,multidepot,e2-multidepot-100c-01,A8_ROUTE_POOL_RECOMBINATION,1,1633,worst_customer_removal,regret3_insert_repair,False,False,candidate_usable,softmax,sample,1633,271,1.4156525229313945,0.138483013419167,nan,0.632575
4000,STRUCTURAL_RESCUE__b4000__multidepot__e2-multidepot-100c-01__A8_ROUTE_POOL_RECOMBINATION__seed1,multidepot,e2-multidepot-100c-01,A8_ROUTE_POOL_RECOMBINATION,1,1634,worst_customer_removal,regret3_insert_repair,False,False,candidate_usable,softmax,sample,1634,272,1.4107196539809987,0.13758324206352907,nan,0.63235
4000,STRUCTURAL_RESCUE__b4000__multidepot__e2-multidepot-100c-01__A8_ROUTE_POOL_RECOMBINATION__seed1,multidepot,e2-multidepot-100c-01,A8_ROUTE_POOL_RECOMBINATION,1,1635,worst_customer_removal,regret3_insert_repair,False,False,candidate_usable,softmax,sample,1635,273,1.40582277117242,0.13669446257500115,nan,0.632125
4000,STRUCTURAL_RESCUE__b4000__multidepot__e2-multidepot-100c-01__A8_ROUTE_POOL_RECOMBINATION__seed1,multidepot,e2-multidepot-100c-01,A8_ROUTE_POOL_RECOMBINATION,1,1636,random_customer_removal,regret3_insert_repair,False,False,candidate_usable,softmax,sample,1636,405,1.6833722295860298,0.2123482961590313,nan,0.6319
4000,STRUCTURAL_RESCUE__b4000__multidepot__e2-multidepot-100c-01__A8_ROUTE_POOL_RECOMBINATION__seed1,multidepot,e2-multidepot-100c-01,A8_ROUTE_POOL_RECOMBINATION,1,1637,whole_route_removal,regret2_insert_repair,False,False,unchanged,softmax,sample,1637,63,0.7414230165122543,0.04788138060410979,nan,0.631675
4000,STRUCTURAL_RESCUE__b4000__multidepot__e2-multidepot-100c-01__A8_ROUTE_POOL_RECOMBINATION__seed1,multidepot,e2-multidepot-100c-01,A8_ROUTE_POOL_RECOMBINATION,1,1638,random_customer_removal,regret2_insert_repair,False,False,candidate_usable,softmax,sample,1638,58,0.8639749149761601,0.0581711925483646,nan,0.6314500000000001
4000,STRUCTURAL_RESCUE__b4000__multidepot__e2-multidepot-100c-01__A8_ROUTE_POOL_RECOMBINATION__seed1,multidepot,e2-multidepot-100c-01,A8_ROUTE_POOL_RECOMBINATION,1,1639,vehicle_type_swap,greedy_insert_repair,False,False,candidate_usable,softmax,sample,1639,26,0.19809858099020844,0.020278725934409374,nan,0.6312249999999999
4000,STRUCTURAL_RESCUE__b4000__multidepot__e2-multidepot-100c-01__A8_ROUTE_POOL_RECOMBINATION__seed1,multidepot,e2-multidepot-100c-01,A8_ROUTE_POOL_RECOMBINATION,1,1640,worst_customer_removal,regret3_insert_repair,False,False,candidate_usable,softmax,sample,1640,274,1.40096913131417,0.13638356117277645,nan,0.631
4000,STRUCTURAL_RESCUE__b4000__multidepot__e2-multidepot-100c-01__A8_ROUTE_POOL_RECOMBINATION__seed1,multidepot,e2-multidepot-100c-01,A8_ROUTE_POOL_RECOMBINATION,1,1641,random_customer_removal,regret2_insert_repair,False,False,candidate_usable,softmax,sample,1641,59,0.851050641745885,0.05710537583366895,nan,0.630775
4000,STRUCTURAL_RESCUE__b4000__multidepot__e2-multidepot-100c-01__A8_ROUTE_POOL_RECOMBINATION__seed1,multidepot,e2-multidepot-100c-01,A8_ROUTE_POOL_RECOMBINATION,1,1642,worst_customer_removal,greedy_insert_repair,False,False,candidate_usable,softmax,sample,1642,29,0.19051599309248063,0.020052575615370015,nan,0.6305499999999999
4000,STRUCTURAL_RESCUE__b4000__multidepot__e2-multidepot-100c-01__A8_ROUTE_POOL_RECOMBINATION__seed1,multidepot,e2-multidepot-100c-01,A8_ROUTE_POOL_RECOMBINATION,1,1643,vehicle_type_swap,regret2_insert_repair,False,False,candidate_usable,softmax,sample,1643,271,1.247406070447617,0.1071987520507567,nan,0.630325
4000,STRUCTURAL_RESCUE__b4000__multidepot__e2-multidepot-100c-01__A8_ROUTE_POOL_RECOMBINATION__seed1,multidepot,e2-multidepot-100c-01,A8_ROUTE_POOL_RECOMBINATION,1,1644,whole_route_removal,regret3_insert_repair,False,False,candidate_usable,softmax,sample,1644,95,0.774346754607109,0.05064105467480495,nan,0.6301
4000,STRUCTURAL_RESCUE__b4000__multidepot__e2-multidepot-100c-01__A8_ROUTE_POOL_RECOMBINATION__seed1,multidepot,e2-multidepot-100c-01,A8_ROUTE_POOL_RECOMBINATION,1,1645,random_customer_removal,regret3_insert_repair,False,False,candidate_usable,softmax,sample,1645,406,1.679410385924873,0.21316651138461007,nan,0.629875
4000,STRUCTURAL_RESCUE__b4000__multidepot__e2-multidepot-100c-01__A8_ROUTE_POOL_RECOMBINATION__seed1,multidepot,e2-multidepot-100c-01,A8_ROUTE_POOL_RECOMBINATION,1,1646,vehicle_type_swap,regret2_insert_repair,False,False,candidate_usable,softmax,sample,1646,272,1.2430955991287806,0.10678550080047369,nan,0.62965
4000,STRUCTURAL_RESCUE__b4000__multidepot__e2-multidepot-100c-01__A8_ROUTE_POOL_RECOMBINATION__seed1,multidepot,e2-multidepot-100c-01,A8_ROUTE_POOL_RECOMBINATION,1,1647,worst_customer_removal,regret3_insert_repair,False,False,candidate_usable,softmax,sample,1647,275,1.3961544377279023,0.13629653536004704,nan,0.629425
4000,STRUCTURAL_RESCUE__b4000__multidepot__e2-multidepot-100c-01__A8_ROUTE_POOL_RECOMBINATION__seed1,multidepot,e2-multidepot-100c-01,A8_ROUTE_POOL_RECOMBINATION,1,1648,shaw_related_removal,greedy_insert_repair,False,False,candidate_usable,softmax,sample,1648,26,0.1981533172094928,0.020329274248858272,nan,0.6292
4000,STRUCTURAL_RESCUE__b4000__multidepot__e2-multidepot-100c-01__A8_ROUTE_POOL_RECOMBINATION__seed1,multidepot,e2-multidepot-100c-01,A8_ROUTE_POOL_RECOMBINATION,1,1649,random_customer_removal,regret3_insert_repair,True,False,candidate_usable,softmax,sample,1649,407,1.6754601232391877,0.21281455117368023,nan,0.6289750000000001
4000,STRUCTURAL_RESCUE__b4000__multidepot__e2-multidepot-100c-01__A8_ROUTE_POOL_RECOMBINATION__seed1,multidepot,e2-multidepot-100c-01,A8_ROUTE_POOL_RECOMBINATION,1,1650,shaw_related_removal,regret2_insert_repair,False,False,unchanged,softmax,sample,1650,26,0.19816543750441418,0.020306116618430677,nan,0.62875
4000,STRUCTURAL_RESCUE__b4000__multidepot__e2-multidepot-100c-01__A8_ROUTE_POOL_RECOMBINATION__seed1,multidepot,e2-multidepot-100c-01,A8_ROUTE_POOL_RECOMBINATION,1,1651,worst_customer_removal,regret3_insert_repair,False,False,candidate_usable,softmax,sample,1651,276,1.3913688045611432,0.13549649471322597,nan,0.628525
4000,STRUCTURAL_RESCUE__b4000__multidepot__e2-multidepot-100c-01__A8_ROUTE_POOL_RECOMBINATION__seed1,multidepot,e2-multidepot-100c-01,A8_ROUTE_POOL_RECOMBINATION,1,1652,route_segment_removal,regret3_insert_repair,False,False,unchanged,softmax,sample,1652,82,1.1204889414074721,0.08814966907502222,nan,0.6283000000000001
4000,STRUCTURAL_RESCUE__b4000__multidepot__e2-multidepot-100c-01__A8_ROUTE_POOL_RECOMBINATION__seed1,multidepot,e2-multidepot-100c-01,A8_ROUTE_POOL_RECOMBINATION,1,1653,random_customer_removal,regret3_insert_repair,True,False,candidate_usable,softmax,sample,1653,408,1.6763085779133535,0.21395400429915565,nan,0.6280749999999999
4000,STRUCTURAL_RESCUE__b4000__multidepot__e2-multidepot-100c-01__A8_ROUTE_POOL_RECOMBINATION__seed1,multidepot,e2-multidepot-100c-01,A8_ROUTE_POOL_RECOMBINATION,1,1654,route_segment_removal,greedy_insert_repair,False,False,candidate_usable,softmax,sample,1654,34,0.35221526818900395,0.025969046973113672,nan,0.62785
4000,STRUCTURAL_RESCUE__b4000__multidepot__e2-multidepot-100c-01__A8_ROUTE_POOL_RECOMBINATION__seed1,multidepot,e2-multidepot-100c-01,A8_ROUTE_POOL_RECOMBINATION,1,1655,route_segment_removal,regret2_insert_repair,False,False,unchanged,softmax,sample,1655,93,0.9568436682550383,0.06804358398874967,nan,0.627625
4000,STRUCTURAL_RESCUE__b4000__multidepot__e2-multidepot-100c-01__A8_ROUTE_POOL_RECOMBINATION__seed1,multidepot,e2-multidepot-100c-01,A8_ROUTE_POOL_RECOMBINATION,1,1656,worst_customer_removal,regret3_insert_repair,True,False,candidate_usable,softmax,sample,1656,277,1.3866194609650067,0.1351120223066528,nan,0.6274
4000,STRUCTURAL_RESCUE__b4000__multidepot__e2-multidepot-100c-01__A8_ROUTE_POOL_RECOMBINATION__seed1,multidepot,e2-multidepot-100c-01,A8_ROUTE_POOL_RECOMBINATION,1,1657,worst_customer_removal,regret3_insert_repair,False,False,candidate_usable,softmax,sample,1657,278,1.3889110341290551,0.13556640036568313,nan,0.627175
4000,STRUCTURAL_RESCUE__b4000__multidepot__e2-multidepot-100c-01__A8_ROUTE_POOL_RECOMBINATION__seed1,multidepot,e2-multidepot-100c-01,A8_ROUTE_POOL_RECOMBINATION,1,1658,worst_customer_removal,regret3_insert_repair,False,False,candidate_usable,softmax,sample,1658,279,1.384196788808742,0.1347144930015664,nan,0.62695
4000,STRUCTURAL_RESCUE__b4000__multidepot__e2-multidepot-100c-01__A8_ROUTE_POOL_RECOMBINATION__seed1,multidepot,e2-multidepot-100c-01,A8_ROUTE_POOL_RECOMBINATION,1,1659,vehicle_type_swap,regret2_insert_repair,False,False,candidate_usable,softmax,sample,1659,273,1.2388355205127084,0.10695626108305419,nan,0.626725
4000,STRUCTURAL_RESCUE__b4000__multidepot__e2-multidepot-100c-01__A8_ROUTE_POOL_RECOMBINATION__seed1,multidepot,e2-multidepot-100c-01,A8_ROUTE_POOL_RECOMBINATION,1,1660,random_customer_removal,regret3_insert_repair,True,False,candidate_usable,softmax,sample,1660,409,1.6771574625310608,0.2154855966951172,nan,0.6265000000000001
4000,STRUCTURAL_RESCUE__b4000__multidepot__e2-multidepot-100c-01__A8_ROUTE_POOL_RECOMBINATION__seed1,multidepot,e2-multidepot-100c-01,A8_ROUTE_POOL_RECOMBINATION,1,1661,random_customer_removal,greedy_insert_repair,False,False,candidate_usable,softmax,sample,1661,44,0.47504714692964967,0.03161121083772038,nan,0.6262749999999999
4000,STRUCTURAL_RESCUE__b4000__multidepot__e2-multidepot-100c-01__A8_ROUTE_POOL_RECOMBINATION__seed1,multidepot,e2-multidepot-100c-01,A8_ROUTE_POOL_RECOMBINATION,1,1662,whole_route_removal,greedy_insert_repair,False,False,candidate_usable,softmax,sample,1662,36,0.5557976775920509,0.03596623598461882,nan,0.62605
4000,STRUCTURAL_RESCUE__b4000__multidepot__e2-multidepot-100c-01__A8_ROUTE_POOL_RECOMBINATION__seed1,multidepot,e2-multidepot-100c-01,A8_ROUTE_POOL_RECOMBINATION,1,1663,vehicle_type_swap,greedy_insert_repair,False,False,candidate_usable,softmax,sample,1663,27,0.19557256041851878,0.020234338035603244,nan,0.625825
4000,STRUCTURAL_RESCUE__b4000__multidepot__e2-multidepot-100c-01__A8_ROUTE_POOL_RECOMBINATION__seed1,multidepot,e2-multidepot-100c-01,A8_ROUTE_POOL_RECOMBINATION,1,1664,random_customer_removal,regret3_insert_repair,False,False,candidate_usable,softmax,sample,1664,410,1.677997516636511,0.21628188628232134,nan,0.6255999999999999
4000,STRUCTURAL_RESCUE__b4000__multidepot__e2-multidepot-100c-01__A8_ROUTE_POOL_RECOMBINATION__seed1,multidepot,e2-multidepot-100c-01,A8_ROUTE_POOL_RECOMBINATION,1,1665,random_customer_removal,regret2_insert_repair,False,False,candidate_usable,softmax,sample,1665,60,0.8386344855247068,0.05660656391118994,nan,0.625375
4000,STRUCTURAL_RESCUE__b4000__multidepot__e2-multidepot-100c-01__A8_ROUTE_POOL_RECOMBINATION__seed1,multidepot,e2-multidepot-100c-01,A8_ROUTE_POOL_RECOMBINATION,1,1666,whole_route_removal,greedy_insert_repair,True,False,candidate_usable,softmax,sample,1666,37,0.5438928604785461,0.03536147388054118,nan,0.62515
4000,STRUCTURAL_RESCUE__b4000__multidepot__e2-multidepot-100c-01__A8_ROUTE_POOL_RECOMBINATION__seed1,multidepot,e2-multidepot-100c-01,A8_ROUTE_POOL_RECOMBINATION,1,1667,worst_customer_removal,regret2_insert_repair,False,False,candidate_usable,softmax,sample,1667,24,0.2040844504333251,0.020475842676735443,nan,0.624925
4000,STRUCTURAL_RESCUE__b4000__multidepot__e2-multidepot-100c-01__A8_ROUTE_POOL_RECOMBINATION__seed1,multidepot,e2-multidepot-100c-01,A8_ROUTE_POOL_RECOMBINATION,1,1668,random_customer_removal,greedy_insert_repair,False,False,candidate_usable,softmax,sample,1668,45,0.466930485193388,0.031175051885294656,nan,0.6247
4000,STRUCTURAL_RESCUE__b4000__multidepot__e2-multidepot-100c-01__A8_ROUTE_POOL_RECOMBINATION__seed1,multidepot,e2-multidepot-100c-01,A8_ROUTE_POOL_RECOMBINATION,1,1669,worst_customer_removal,regret3_insert_repair,False,False,unchanged,softmax,sample,1669,280,1.3795346783362508,0.13443353681585798,nan,0.624475
4000,STRUCTURAL_RESCUE__b4000__multidepot__e2-multidepot-100c-01__A8_ROUTE_POOL_RECOMBINATION__seed1,multidepot,e2-multidepot-100c-01,A8_ROUTE_POOL_RECOMBINATION,1,1670,vehicle_type_swap,regret2_insert_repair,False,False,candidate_usable,softmax,sample,1670,274,1.2346025216200713,0.10670784356203053,nan,0.62425
4000,STRUCTURAL_RESCUE__b4000__multidepot__e2-multidepot-100c-01__A8_ROUTE_POOL_RECOMBINATION__seed1,multidepot,e2-multidepot-100c-01,A8_ROUTE_POOL_RECOMBINATION,1,1671,vehicle_type_swap,regret2_insert_repair,False,False,candidate_usable,softmax,sample,1671,275,1.2303814549198016,0.10607685641359023,nan,0.624025
4000,STRUCTURAL_RESCUE__b4000__multidepot__e2-multidepot-100c-01__A8_ROUTE_POOL_RECOMBINATION__seed1,multidepot,e2-multidepot-100c-01,A8_ROUTE_POOL_RECOMBINATION,1,1672,route_segment_removal,regret2_insert_repair,False,False,unchanged,softmax,sample,1672,94,0.9476766187883807,0.06747709832506733,nan,0.6238
4000,STRUCTURAL_RESCUE__b4000__multidepot__e2-multidepot-100c-01__A8_ROUTE_POOL_RECOMBINATION__seed1,multidepot,e2-multidepot-100c-01,A8_ROUTE_POOL_RECOMBINATION,1,1673,vehicle_type_swap,regret2_insert_repair,False,False,candidate_usable,softmax,sample,1673,276,1.2261926910641687,0.10556754783535,nan,0.623575
4000,STRUCTURAL_RESCUE__b4000__multidepot__e2-multidepot-100c-01__A8_ROUTE_POOL_RECOMBINATION__seed1,multidepot,e2-multidepot-100c-01,A8_ROUTE_POOL_RECOMBINATION,1,1674,vehicle_type_swap,regret2_insert_repair,False,False,candidate_usable,softmax,sample,1674,277,1.2220321693161464,0.10495052446259603,nan,0.6233500000000001
4000,STRUCTURAL_RESCUE__b4000__multidepot__e2-multidepot-100c-01__A8_ROUTE_POOL_RECOMBINATION__seed1,multidepot,e2-multidepot-100c-01,A8_ROUTE_POOL_RECOMBINATION,1,1675,vehicle_type_swap,regret2_insert_repair,False,False,candidate_usable,softmax,sample,1675,278,1.217901433781449,0.1043407036639365,nan,0.6231249999999999
4000,STRUCTURAL_RESCUE__b4000__multidepot__e2-multidepot-100c-01__A8_ROUTE_POOL_RECOMBINATION__seed1,multidepot,e2-multidepot-100c-01,A8_ROUTE_POOL_RECOMBINATION,1,1676,worst_customer_removal,greedy_insert_repair,False,False,unchanged,softmax,sample,1676,30,0.1884220918581369,0.01999999959304605,nan,0.6229
4000,STRUCTURAL_RESCUE__b4000__multidepot__e2-multidepot-100c-01__A8_ROUTE_POOL_RECOMBINATION__seed1,multidepot,e2-multidepot-100c-01,A8_ROUTE_POOL_RECOMBINATION,1,1677,route_segment_removal,regret2_insert_repair,False,False,unchanged,softmax,sample,1677,95,0.9386625593226472,0.06669817132582377,nan,0.622675
4000,STRUCTURAL_RESCUE__b4000__multidepot__e2-multidepot-100c-01__A8_ROUTE_POOL_RECOMBINATION__seed1,multidepot,e2-multidepot-100c-01,A8_ROUTE_POOL_RECOMBINATION,1,1678,random_customer_removal,regret3_insert_repair,True,False,candidate_usable,softmax,sample,1678,411,1.674104176447359,0.21758504262176787,nan,0.62245
4000,STRUCTURAL_RESCUE__b4000__multidepot__e2-multidepot-100c-01__A8_ROUTE_POOL_RECOMBINATION__seed1,multidepot,e2-multidepot-100c-01,A8_ROUTE_POOL_RECOMBINATION,1,1679,route_segment_removal,regret2_insert_repair,False,False,unchanged,softmax,sample,1679,96,0.9298248084612779,0.065792766312263,nan,0.622225
4000,STRUCTURAL_RESCUE__b4000__multidepot__e2-multidepot-100c-01__A8_ROUTE_POOL_RECOMBINATION__seed1,multidepot,e2-multidepot-100c-01,A8_ROUTE_POOL_RECOMBINATION,1,1680,random_customer_removal,regret2_insert_repair,False,False,unchanged,softmax,sample,1680,61,0.8265834263217827,0.055777789700047625,nan,0.622
4000,STRUCTURAL_RESCUE__b4000__multidepot__e2-multidepot-100c-01__A8_ROUTE_POOL_RECOMBINATION__seed1,multidepot,e2-multidepot-100c-01,A8_ROUTE_POOL_RECOMBINATION,1,1681,vehicle_type_swap,regret2_insert_repair,False,False,candidate_usable,softmax,sample,1681,279,1.2138093979416187,0.10407083783040487,nan,0.621775
4000,STRUCTURAL_RESCUE__b4000__multidepot__e2-multidepot-100c-01__A8_ROUTE_POOL_RECOMBINATION__seed1,multidepot,e2-multidepot-100c-01,A8_ROUTE_POOL_RECOMBINATION,1,1682,whole_route_removal,regret3_insert_repair,False,False,candidate_usable,softmax,sample,1682,96,0.7673342085947571,0.05078141900214127,nan,0.62155
4000,STRUCTURAL_RESCUE__b4000__multidepot__e2-multidepot-100c-01__A8_ROUTE_POOL_RECOMBINATION__seed1,multidepot,e2-multidepot-100c-01,A8_ROUTE_POOL_RECOMBINATION,1,1683,route_segment_removal,regret3_insert_repair,False,False,candidate_usable,softmax,sample,1683,83,1.108210407898458,0.08793259809134249,nan,0.6213249999999999
4000,STRUCTURAL_RESCUE__b4000__multidepot__e2-multidepot-100c-01__A8_ROUTE_POOL_RECOMBINATION__seed1,multidepot,e2-multidepot-100c-01,A8_ROUTE_POOL_RECOMBINATION,1,1684,worst_customer_removal,regret3_insert_repair,False,False,candidate_usable,softmax,sample,1684,281,1.374912876806981,0.13532967430157572,nan,0.6211
4000,STRUCTURAL_RESCUE__b4000__multidepot__e2-multidepot-100c-01__A8_ROUTE_POOL_RECOMBINATION__seed1,multidepot,e2-multidepot-100c-01,A8_ROUTE_POOL_RECOMBINATION,1,1685,vehicle_type_swap,regret2_insert_repair,False,False,candidate_usable,softmax,sample,1685,280,1.2097427710196755,0.10384383807129115,nan,0.620875
4000,STRUCTURAL_RESCUE__b4000__multidepot__e2-multidepot-100c-01__A8_ROUTE_POOL_RECOMBINATION__seed1,multidepot,e2-multidepot-100c-01,A8_ROUTE_POOL_RECOMBINATION,1,1686,vehicle_type_swap,greedy_insert_repair,False,False,candidate_usable,softmax,sample,1686,28,0.19317298033036312,0.020201459787631288,nan,0.6206499999999999
4000,STRUCTURAL_RESCUE__b4000__multidepot__e2-multidepot-100c-01__A8_ROUTE_POOL_RECOMBINATION__seed1,multidepot,e2-multidepot-100c-01,A8_ROUTE_POOL_RECOMBINATION,1,1687,random_customer_removal,regret3_insert_repair,False,False,candidate_usable,softmax,sample,1687,412,1.6749550024117628,0.22001076284343007,nan,0.620425
4000,STRUCTURAL_RESCUE__b4000__multidepot__e2-multidepot-100c-01__A8_ROUTE_POOL_RECOMBINATION__seed1,multidepot,e2-multidepot-100c-01,A8_ROUTE_POOL_RECOMBINATION,1,1688,random_customer_removal,regret3_insert_repair,False,False,candidate_usable,softmax,sample,1688,413,1.6710680126330206,0.21901961995466043,nan,0.6202000000000001
4000,STRUCTURAL_RESCUE__b4000__multidepot__e2-multidepot-100c-01__A8_ROUTE_POOL_RECOMBINATION__seed1,multidepot,e2-multidepot-100c-01,A8_ROUTE_POOL_RECOMBINATION,1,1689,random_customer_removal,regret3_insert_repair,True,False,candidate_usable,softmax,sample,1689,414,1.6671997476097924,0.2180361184764123,nan,0.6199749999999999
4000,STRUCTURAL_RESCUE__b4000__multidepot__e2-multidepot-100c-01__A8_ROUTE_POOL_RECOMBINATION__seed1,multidepot,e2-multidepot-100c-01,A8_ROUTE_POOL_RECOMBINATION,1,1690,vehicle_type_swap,regret3_insert_repair,False,False,candidate_usable,softmax,sample,1690,27,0.19573042969713028,0.020296343416529986,nan,0.61975
4000,STRUCTURAL_RESCUE__b4000__multidepot__e2-multidepot-100c-01__A8_ROUTE_POOL_RECOMBINATION__seed1,multidepot,e2-multidepot-100c-01,A8_ROUTE_POOL_RECOMBINATION,1,1691,random_customer_removal,regret3_insert_repair,True,False,candidate_usable,softmax,sample,1691,415,1.6680503708558392,0.21845172057382292,nan,0.619525
4000,STRUCTURAL_RESCUE__b4000__multidepot__e2-multidepot-100c-01__A8_ROUTE_POOL_RECOMBINATION__seed1,multidepot,e2-multidepot-100c-01,A8_ROUTE_POOL_RECOMBINATION,1,1692,random_customer_removal,regret3_insert_repair,False,False,candidate_usable,softmax,sample,1692,416,1.6688953532096962,0.21876667990770818,nan,0.6193
4000,STRUCTURAL_RESCUE__b4000__multidepot__e2-multidepot-100c-01__A8_ROUTE_POOL_RECOMBINATION__seed1,multidepot,e2-multidepot-100c-01,A8_ROUTE_POOL_RECOMBINATION,1,1693,route_segment_removal,regret3_insert_repair,False,False,unchanged,softmax,sample,1693,84,1.0961510841684212,0.08688384417759451,nan,0.619075
4000,STRUCTURAL_RESCUE__b4000__multidepot__e2-multidepot-100c-01__A8_ROUTE_POOL_RECOMBINATION__seed1,multidepot,e2-multidepot-100c-01,A8_ROUTE_POOL_RECOMBINATION,1,1694,random_customer_removal,regret3_insert_repair,False,False,candidate_usable,softmax,sample,1694,417,1.6650614689392391,0.2182318501321816,nan,0.61885
4000,STRUCTURAL_RESCUE__b4000__multidepot__e2-multidepot-100c-01__A8_ROUTE_POOL_RECOMBINATION__seed1,multidepot,e2-multidepot-100c-01,A8_ROUTE_POOL_RECOMBINATION,1,1695,vehicle_type_swap,regret3_insert_repair,False,False,candidate_usable,softmax,sample,1695,28,0.19322423043270154,0.02024826812805712,nan,0.618625
4000,STRUCTURAL_RESCUE__b4000__multidepot__e2-multidepot-100c-01__A8_ROUTE_POOL_RECOMBINATION__seed1,multidepot,e2-multidepot-100c-01,A8_ROUTE_POOL_RECOMBINATION,1,1696,worst_customer_removal,regret3_insert_repair,False,False,candidate_usable,softmax,sample,1696,282,1.3703181010486325,0.13578984876335456,nan,0.6184000000000001
4000,STRUCTURAL_RESCUE__b4000__multidepot__e2-multidepot-100c-01__A8_ROUTE_POOL_RECOMBINATION__seed1,multidepot,e2-multidepot-100c-01,A8_ROUTE_POOL_RECOMBINATION,1,1697,vehicle_type_swap,greedy_insert_repair,False,False,candidate_usable,softmax,sample,1697,29,0.19082808779379484,0.02017199229166213,nan,0.6181749999999999
4000,STRUCTURAL_RESCUE__b4000__multidepot__e2-multidepot-100c-01__A8_ROUTE_POOL_RECOMBINATION__seed1,multidepot,e2-multidepot-100c-01,A8_ROUTE_POOL_RECOMBINATION,1,1698,shaw_related_removal,greedy_insert_repair,False,False,unchanged,softmax,sample,1698,27,0.19577668951096727,0.020325698213749986,nan,0.61795
4000,STRUCTURAL_RESCUE__b4000__multidepot__e2-multidepot-100c-01__A8_ROUTE_POOL_RECOMBINATION__seed1,multidepot,e2-multidepot-100c-01,A8_ROUTE_POOL_RECOMBINATION,1,1699,random_customer_removal,regret3_insert_repair,False,False,candidate_usable,softmax,sample,1699,418,1.6612503522268316,0.21785989661657995,nan,0.617725
4000,STRUCTURAL_RESCUE__b4000__multidepot__e2-multidepot-100c-01__A8_ROUTE_POOL_RECOMBINATION__seed1,multidepot,e2-multidepot-100c-01,A8_ROUTE_POOL_RECOMBINATION,1,1700,random_customer_removal,regret3_insert_repair,True,False,candidate_usable,softmax,sample,1700,419,1.6574514252754828,0.21689488526889367,nan,0.6174999999999999
4000,STRUCTURAL_RESCUE__b4000__multidepot__e2-multidepot-100c-01__A8_ROUTE_POOL_RECOMBINATION__seed1,multidepot,e2-multidepot-100c-01,A8_ROUTE_POOL_RECOMBINATION,1,1701,shaw_related_removal,greedy_insert_repair,False,False,unchanged,softmax,sample,1701,28,0.19325823617541832,0.020235863429968644,nan,0.617275
4000,STRUCTURAL_RESCUE__b4000__multidepot__e2-multidepot-100c-01__A8_ROUTE_POOL_RECOMBINATION__seed1,multidepot,e2-multidepot-100c-01,A8_ROUTE_POOL_RECOMBINATION,1,1702,random_customer_removal,regret3_insert_repair,True,False,candidate_usable,softmax,sample,1702,420,1.6583148787268862,0.21731229861895077,nan,0.61705
4000,STRUCTURAL_RESCUE__b4000__multidepot__e2-multidepot-100c-01__A8_ROUTE_POOL_RECOMBINATION__seed1,multidepot,e2-multidepot-100c-01,A8_ROUTE_POOL_RECOMBINATION,1,1703,worst_customer_removal,regret3_insert_repair,False,False,candidate_usable,softmax,sample,1703,283,1.3657465529354529,0.1352458776082757,nan,0.616825
4000,STRUCTURAL_RESCUE__b4000__multidepot__e2-multidepot-100c-01__A8_ROUTE_POOL_RECOMBINATION__seed1,multidepot,e2-multidepot-100c-01,A8_ROUTE_POOL_RECOMBINATION,1,1704,random_customer_removal,regret3_insert_repair,True,False,candidate_usable,softmax,sample,1704,421,1.6591741802027722,0.2179293897339936,nan,0.6166
4000,STRUCTURAL_RESCUE__b4000__multidepot__e2-multidepot-100c-01__A8_ROUTE_POOL_RECOMBINATION__seed1,multidepot,e2-multidepot-100c-01,A8_ROUTE_POOL_RECOMBINATION,1,1705,random_customer_removal,regret3_insert_repair,False,False,candidate_usable,softmax,sample,1705,422,1.6600278823678554,0.21824756873517828,nan,0.6163749999999999
4000,STRUCTURAL_RESCUE__b4000__multidepot__e2-multidepot-100c-01__A8_ROUTE_POOL_RECOMBINATION__seed1,multidepot,e2-multidepot-100c-01,A8_ROUTE_POOL_RECOMBINATION,1,1706,route_segment_removal,greedy_insert_repair,True,False,candidate_usable,softmax,sample,1706,35,0.34574640576155174,0.02590099581151397,nan,0.61615
4000,STRUCTURAL_RESCUE__b4000__multidepot__e2-multidepot-100c-01__A8_ROUTE_POOL_RECOMBINATION__seed1,multidepot,e2-multidepot-100c-01,A8_ROUTE_POOL_RECOMBINATION,1,1707,random_customer_removal,regret3_insert_repair,True,False,candidate_usable,softmax,sample,1707,423,1.6562690431880764,0.2169190552468292,nan,0.6159250000000001
4000,STRUCTURAL_RESCUE__b4000__multidepot__e2-multidepot-100c-01__A8_ROUTE_POOL_RECOMBINATION__seed1,multidepot,e2-multidepot-100c-01,A8_ROUTE_POOL_RECOMBINATION,1,1708,vehicle_type_swap,regret2_insert_repair,False,False,candidate_usable,softmax,sample,1708,281,1.2057394706837585,0.10436166281875331,nan,0.6157
4000,STRUCTURAL_RESCUE__b4000__multidepot__e2-multidepot-100c-01__A8_ROUTE_POOL_RECOMBINATION__seed1,multidepot,e2-multidepot-100c-01,A8_ROUTE_POOL_RECOMBINATION,1,1709,random_customer_removal,regret2_insert_repair,False,False,candidate_usable,softmax,sample,1709,62,0.8149685478803285,0.055353488793299384,nan,0.615475
4000,STRUCTURAL_RESCUE__b4000__multidepot__e2-multidepot-100c-01__A8_ROUTE_POOL_RECOMBINATION__seed1,multidepot,e2-multidepot-100c-01,A8_ROUTE_POOL_RECOMBINATION,1,1710,random_customer_removal,regret2_insert_repair,False,False,candidate_usable,softmax,sample,1710,63,0.8036106838643353,0.05438933524114857,nan,0.6152500000000001
4000,STRUCTURAL_RESCUE__b4000__multidepot__e2-multidepot-100c-01__A8_ROUTE_POOL_RECOMBINATION__seed1,multidepot,e2-multidepot-100c-01,A8_ROUTE_POOL_RECOMBINATION,1,1711,worst_customer_removal,regret2_insert_repair,False,False,candidate_usable,softmax,sample,1711,25,0.20135711776306942,0.02044561587925596,nan,0.6150249999999999
4000,STRUCTURAL_RESCUE__b4000__multidepot__e2-multidepot-100c-01__A8_ROUTE_POOL_RECOMBINATION__seed1,multidepot,e2-multidepot-100c-01,A8_ROUTE_POOL_RECOMBINATION,1,1712,random_customer_removal,regret3_insert_repair,True,False,candidate_usable,softmax,sample,1712,424,1.6571313486548858,0.2181658804272625,nan,0.6148
4000,STRUCTURAL_RESCUE__b4000__multidepot__e2-multidepot-100c-01__A8_ROUTE_POOL_RECOMBINATION__seed1,multidepot,e2-multidepot-100c-01,A8_ROUTE_POOL_RECOMBINATION,1,1713,random_customer_removal,regret3_insert_repair,False,False,candidate_usable,softmax,sample,1713,425,1.6579836860459134,0.21848501990023156,nan,0.614575
4000,STRUCTURAL_RESCUE__b4000__multidepot__e2-multidepot-100c-01__A8_ROUTE_POOL_RECOMBINATION__seed1,multidepot,e2-multidepot-100c-01,A8_ROUTE_POOL_RECOMBINATION,1,1714,worst_customer_removal,greedy_insert_repair,False,False,unchanged,softmax,sample,1714,31,0.1864475023553019,0.019948339410421158,nan,0.61435
4000,STRUCTURAL_RESCUE__b4000__multidepot__e2-multidepot-100c-01__A8_ROUTE_POOL_RECOMBINATION__seed1,multidepot,e2-multidepot-100c-01,A8_ROUTE_POOL_RECOMBINATION,1,1715,random_customer_removal,regret3_insert_repair,False,False,candidate_usable,softmax,sample,1715,426,1.6542559695842347,0.21762985180628133,nan,0.614125
4000,STRUCTURAL_RESCUE__b4000__multidepot__e2-multidepot-100c-01__A8_ROUTE_POOL_RECOMBINATION__seed1,multidepot,e2-multidepot-100c-01,A8_ROUTE_POOL_RECOMBINATION,1,1716,route_segment_removal,regret3_insert_repair,False,False,unchanged,softmax,sample,1716,85,1.0844151795000136,0.0861642734419757,nan,0.6139
4000,STRUCTURAL_RESCUE__b4000__multidepot__e2-multidepot-100c-01__A8_ROUTE_POOL_RECOMBINATION__seed1,multidepot,e2-multidepot-100c-01,A8_ROUTE_POOL_RECOMBINATION,1,1717,route_segment_removal,regret2_insert_repair,False,False,unchanged,softmax,sample,1717,97,0.9212781190983822,0.06615917481586715,nan,0.613675
4000,STRUCTURAL_RESCUE__b4000__multidepot__e2-multidepot-100c-01__A8_ROUTE_POOL_RECOMBINATION__seed1,multidepot,e2-multidepot-100c-01,A8_ROUTE_POOL_RECOMBINATION,1,1718,random_customer_removal,regret2_insert_repair,False,False,candidate_usable,softmax,sample,1718,64,0.7926278742633968,0.05368845969985252,nan,0.61345
4000,STRUCTURAL_RESCUE__b4000__multidepot__e2-multidepot-100c-01__A8_ROUTE_POOL_RECOMBINATION__seed1,multidepot,e2-multidepot-100c-01,A8_ROUTE_POOL_RECOMBINATION,1,1719,worst_customer_removal,regret3_insert_repair,False,False,candidate_usable,softmax,sample,1719,284,1.361223149147356,0.13580372263080098,nan,0.6132249999999999
4000,STRUCTURAL_RESCUE__b4000__multidepot__e2-multidepot-100c-01__A8_ROUTE_POOL_RECOMBINATION__seed1,multidepot,e2-multidepot-100c-01,A8_ROUTE_POOL_RECOMBINATION,1,1720,route_segment_removal,greedy_insert_repair,False,False,unchanged,softmax,sample,1720,36,0.39359001698753376,0.02804731325271201,nan,0.613
4000,STRUCTURAL_RESCUE__b4000__multidepot__e2-multidepot-100c-01__A8_ROUTE_POOL_RECOMBINATION__seed1,multidepot,e2-multidepot-100c-01,A8_ROUTE_POOL_RECOMBINATION,1,1721,random_customer_removal,regret3_insert_repair,True,False,candidate_usable,softmax,sample,1721,427,1.650551489117719,0.21813672976225418,nan,0.612775
4000,STRUCTURAL_RESCUE__b4000__multidepot__e2-multidepot-100c-01__A8_ROUTE_POOL_RECOMBINATION__seed1,multidepot,e2-multidepot-100c-01,A8_ROUTE_POOL_RECOMBINATION,1,1722,random_customer_removal,regret3_insert_repair,True,False,candidate_usable,softmax,sample,1722,428,1.65141308368577,0.2184594808855195,nan,0.6125499999999999
4000,STRUCTURAL_RESCUE__b4000__multidepot__e2-multidepot-100c-01__A8_ROUTE_POOL_RECOMBINATION__seed1,multidepot,e2-multidepot-100c-01,A8_ROUTE_POOL_RECOMBINATION,1,1723,worst_customer_removal,regret3_insert_repair,False,False,candidate_usable,softmax,sample,1723,285,1.356709921229618,0.13501532778762176,nan,0.612325
4000,STRUCTURAL_RESCUE__b4000__multidepot__e2-multidepot-100c-01__A8_ROUTE_POOL_RECOMBINATION__seed1,multidepot,e2-multidepot-100c-01,A8_ROUTE_POOL_RECOMBINATION,1,1724,worst_customer_removal,regret3_insert_repair,False,False,candidate_usable,softmax,sample,1724,286,1.3522228077547394,0.13418868210829227,nan,0.6121
4000,STRUCTURAL_RESCUE__b4000__multidepot__e2-multidepot-100c-01__A8_ROUTE_POOL_RECOMBINATION__seed1,multidepot,e2-multidepot-100c-01,A8_ROUTE_POOL_RECOMBINATION,1,1725,whole_route_removal,regret2_insert_repair,True,False,candidate_usable,softmax,sample,1725,64,0.7317164883599387,0.048730994238139744,nan,0.611875
4000,STRUCTURAL_RESCUE__b4000__multidepot__e2-multidepot-100c-01__A8_ROUTE_POOL_RECOMBINATION__seed1,multidepot,e2-multidepot-100c-01,A8_ROUTE_POOL_RECOMBINATION,1,1726,random_customer_removal,regret3_insert_repair,False,False,candidate_usable,softmax,sample,1726,429,1.6522749562375747,0.21910360953036814,nan,0.61165
4000,STRUCTURAL_RESCUE__b4000__multidepot__e2-multidepot-100c-01__A8_ROUTE_POOL_RECOMBINATION__seed1,multidepot,e2-multidepot-100c-01,A8_ROUTE_POOL_RECOMBINATION,1,1727,route_segment_removal,regret3_insert_repair,False,False,unchanged,softmax,sample,1727,86,1.0729106925042902,0.08508738705405604,nan,0.611425
4000,STRUCTURAL_RESCUE__b4000__multidepot__e2-multidepot-100c-01__A8_ROUTE_POOL_RECOMBINATION__seed1,multidepot,e2-multidepot-100c-01,A8_ROUTE_POOL_RECOMBINATION,1,1728,route_segment_removal,regret3_insert_repair,True,False,candidate_usable,softmax,sample,1728,87,1.061636185715449,0.08366514000855328,nan,0.6112
4000,STRUCTURAL_RESCUE__b4000__multidepot__e2-multidepot-100c-01__A8_ROUTE_POOL_RECOMBINATION__seed1,multidepot,e2-multidepot-100c-01,A8_ROUTE_POOL_RECOMBINATION,1,1729,vehicle_type_swap,regret2_insert_repair,False,False,candidate_usable,softmax,sample,1729,282,1.2017604127856736,0.10507317783089787,nan,0.610975
4000,STRUCTURAL_RESCUE__b4000__multidepot__e2-multidepot-100c-01__A8_ROUTE_POOL_RECOMBINATION__seed1,multidepot,e2-multidepot-100c-01,A8_ROUTE_POOL_RECOMBINATION,1,1730,random_customer_removal,regret3_insert_repair,False,False,candidate_usable,softmax,sample,1730,430,1.6485978848762306,0.21856271773230834,nan,0.61075
4000,STRUCTURAL_RESCUE__b4000__multidepot__e2-multidepot-100c-01__A8_ROUTE_POOL_RECOMBINATION__seed1,multidepot,e2-multidepot-100c-01,A8_ROUTE_POOL_RECOMBINATION,1,1731,vehicle_type_swap,regret2_insert_repair,False,False,candidate_usable,softmax,sample,1731,283,1.19777546503001,0.10462116813619872,nan,0.610525
4000,STRUCTURAL_RESCUE__b4000__multidepot__e2-multidepot-100c-01__A8_ROUTE_POOL_RECOMBINATION__seed1,multidepot,e2-multidepot-100c-01,A8_ROUTE_POOL_RECOMBINATION,1,1732,route_segment_removal,regret3_insert_repair,False,False,unchanged,softmax,sample,1732,88,1.0727838063251658,0.08531318610341819,nan,0.6103000000000001
4000,STRUCTURAL_RESCUE__b4000__multidepot__e2-multidepot-100c-01__A8_ROUTE_POOL_RECOMBINATION__seed1,multidepot,e2-multidepot-100c-01,A8_ROUTE_POOL_RECOMBINATION,1,1733,whole_route_removal,regret3_insert_repair,False,False,unchanged,softmax,sample,1733,97,0.7605018836347737,0.051214282261044915,nan,0.6100749999999999
4000,STRUCTURAL_RESCUE__b4000__multidepot__e2-multidepot-100c-01__A8_ROUTE_POOL_RECOMBINATION__seed1,multidepot,e2-multidepot-100c-01,A8_ROUTE_POOL_RECOMBINATION,1,1734,route_segment_removal,greedy_insert_repair,False,False,unchanged,softmax,sample,1734,37,0.3861210589940674,0.027730882007655278,nan,0.60985
4000,STRUCTURAL_RESCUE__b4000__multidepot__e2-multidepot-100c-01__A8_ROUTE_POOL_RECOMBINATION__seed1,multidepot,e2-multidepot-100c-01,A8_ROUTE_POOL_RECOMBINATION,1,1735,random_customer_removal,greedy_insert_repair,False,False,candidate_usable,softmax,sample,1735,46,0.45941897359980577,0.031272046019664726,nan,0.609625
4000,STRUCTURAL_RESCUE__b4000__multidepot__e2-multidepot-100c-01__A8_ROUTE_POOL_RECOMBINATION__seed1,multidepot,e2-multidepot-100c-01,A8_ROUTE_POOL_RECOMBINATION,1,1736,whole_route_removal,greedy_insert_repair,False,False,candidate_usable,softmax,sample,1736,38,0.5842291422086159,0.038381616825548664,nan,0.6093999999999999
4000,STRUCTURAL_RESCUE__b4000__multidepot__e2-multidepot-100c-01__A8_ROUTE_POOL_RECOMBINATION__seed1,multidepot,e2-multidepot-100c-01,A8_ROUTE_POOL_RECOMBINATION,1,1737,route_segment_removal,regret3_insert_repair,True,False,candidate_usable,softmax,sample,1737,89,1.0617713892247553,0.08409841852242955,nan,0.609175
4000,STRUCTURAL_RESCUE__b4000__multidepot__e2-multidepot-100c-01__A8_ROUTE_POOL_RECOMBINATION__seed1,multidepot,e2-multidepot-100c-01,A8_ROUTE_POOL_RECOMBINATION,1,1738,worst_customer_removal,greedy_insert_repair,False,False,unchanged,softmax,sample,1738,32,0.18448952208239044,0.01988278439159123,nan,0.60895
4000,STRUCTURAL_RESCUE__b4000__multidepot__e2-multidepot-100c-01__A8_ROUTE_POOL_RECOMBINATION__seed1,multidepot,e2-multidepot-100c-01,A8_ROUTE_POOL_RECOMBINATION,1,1739,vehicle_type_swap,regret2_insert_repair,False,False,candidate_usable,softmax,sample,1739,284,1.1938290393361712,0.10432751198611076,nan,0.608725
4000,STRUCTURAL_RESCUE__b4000__multidepot__e2-multidepot-100c-01__A8_ROUTE_POOL_RECOMBINATION__seed1,multidepot,e2-multidepot-100c-01,A8_ROUTE_POOL_RECOMBINATION,1,1740,random_customer_removal,regret3_insert_repair,False,False,candidate_usable,softmax,sample,1740,431,1.6449464251598402,0.2191321798297024,nan,0.6085
4000,STRUCTURAL_RESCUE__b4000__multidepot__e2-multidepot-100c-01__A8_ROUTE_POOL_RECOMBINATION__seed1,multidepot,e2-multidepot-100c-01,A8_ROUTE_POOL_RECOMBINATION,1,1741,worst_customer_removal,regret3_insert_repair,False,False,candidate_usable,softmax,sample,1741,287,1.3477949850386244,0.13467365840289253,nan,0.6082749999999999
4000,STRUCTURAL_RESCUE__b4000__multidepot__e2-multidepot-100c-01__A8_ROUTE_POOL_RECOMBINATION__seed1,multidepot,e2-multidepot-100c-01,A8_ROUTE_POOL_RECOMBINATION,1,1742,vehicle_type_swap,greedy_insert_repair,False,False,candidate_usable,softmax,sample,1742,30,0.18878145312099254,0.02004379158156283,nan,0.60805
4000,STRUCTURAL_RESCUE__b4000__multidepot__e2-multidepot-100c-01__A8_ROUTE_POOL_RECOMBINATION__seed1,multidepot,e2-multidepot-100c-01,A8_ROUTE_POOL_RECOMBINATION,1,1743,vehicle_type_swap,regret2_insert_repair,False,False,candidate_usable,softmax,sample,1743,285,1.1899031344140079,0.10401603029072445,nan,0.607825
4000,STRUCTURAL_RESCUE__b4000__multidepot__e2-multidepot-100c-01__A8_ROUTE_POOL_RECOMBINATION__seed1,multidepot,e2-multidepot-100c-01,A8_ROUTE_POOL_RECOMBINATION,1,1744,worst_customer_removal,regret3_insert_repair,False,False,candidate_usable,softmax,sample,1744,288,1.3433732426512948,0.13400849858464076,nan,0.6075999999999999
4000,STRUCTURAL_RESCUE__b4000__multidepot__e2-multidepot-100c-01__A8_ROUTE_POOL_RECOMBINATION__seed1,multidepot,e2-multidepot-100c-01,A8_ROUTE_POOL_RECOMBINATION,1,1745,random_customer_removal,regret3_insert_repair,False,False,candidate_usable,softmax,sample,1745,432,1.6413046535099276,0.21911454331781793,nan,0.607375
4000,STRUCTURAL_RESCUE__b4000__multidepot__e2-multidepot-100c-01__A8_ROUTE_POOL_RECOMBINATION__seed1,multidepot,e2-multidepot-100c-01,A8_ROUTE_POOL_RECOMBINATION,1,1746,whole_route_removal,regret3_insert_repair,False,False,unchanged,softmax,sample,1746,98,0.7536918493489775,0.050874060233808006,nan,0.60715
4000,STRUCTURAL_RESCUE__b4000__multidepot__e2-multidepot-100c-01__A8_ROUTE_POOL_RECOMBINATION__seed1,multidepot,e2-multidepot-100c-01,A8_ROUTE_POOL_RECOMBINATION,1,1747,route_segment_removal,regret2_insert_repair,False,False,unchanged,softmax,sample,1747,98,0.9128784995380452,0.0661575850207999,nan,0.6069249999999999
4000,STRUCTURAL_RESCUE__b4000__multidepot__e2-multidepot-100c-01__A8_ROUTE_POOL_RECOMBINATION__seed1,multidepot,e2-multidepot-100c-01,A8_ROUTE_POOL_RECOMBINATION,1,1748,random_customer_removal,regret3_insert_repair,True,False,candidate_usable,softmax,sample,1748,433,1.6376768088027236,0.21866435187125918,nan,0.6067
4000,STRUCTURAL_RESCUE__b4000__multidepot__e2-multidepot-100c-01__A8_ROUTE_POOL_RECOMBINATION__seed1,multidepot,e2-multidepot-100c-01,A8_ROUTE_POOL_RECOMBINATION,1,1749,route_segment_removal,regret2_insert_repair,True,False,candidate_usable,softmax,sample,1749,99,0.9045637154507402,0.06528710122023976,nan,0.606475
4000,STRUCTURAL_RESCUE__b4000__multidepot__e2-multidepot-100c-01__A8_ROUTE_POOL_RECOMBINATION__seed1,multidepot,e2-multidepot-100c-01,A8_ROUTE_POOL_RECOMBINATION,1,1750,worst_customer_removal,regret3_insert_repair,False,False,candidate_usable,softmax,sample,1750,289,1.3389871830093454,0.1334960290738812,nan,0.60625
4000,STRUCTURAL_RESCUE__b4000__multidepot__e2-multidepot-100c-01__A8_ROUTE_POOL_RECOMBINATION__seed1,multidepot,e2-multidepot-100c-01,A8_ROUTE_POOL_RECOMBINATION,1,1751,whole_route_removal,regret2_insert_repair,False,False,unchanged,softmax,sample,1751,65,0.752068982559575,0.05074225885478845,nan,0.606025
4000,STRUCTURAL_RESCUE__b4000__multidepot__e2-multidepot-100c-01__A8_ROUTE_POOL_RECOMBINATION__seed1,multidepot,e2-multidepot-100c-01,A8_ROUTE_POOL_RECOMBINATION,1,1752,whole_route_removal,regret2_insert_repair,False,False,candidate_usable,softmax,sample,1752,66,0.7421640723147416,0.04995254787601958,nan,0.6058
4000,STRUCTURAL_RESCUE__b4000__multidepot__e2-multidepot-100c-01__A8_ROUTE_POOL_RECOMBINATION__seed1,multidepot,e2-multidepot-100c-01,A8_ROUTE_POOL_RECOMBINATION,1,1753,worst_customer_removal,regret3_insert_repair,False,False,candidate_usable,softmax,sample,1753,290,1.3346260504349152,0.13295916497632534,nan,0.605575
4000,STRUCTURAL_RESCUE__b4000__multidepot__e2-multidepot-100c-01__A8_ROUTE_POOL_RECOMBINATION__seed1,multidepot,e2-multidepot-100c-01,A8_ROUTE_POOL_RECOMBINATION,1,1754,shaw_related_removal,regret2_insert_repair,False,False,unchanged,softmax,sample,1754,27,0.19609413927718927,0.020295669593842654,nan,0.60535
4000,STRUCTURAL_RESCUE__b4000__multidepot__e2-multidepot-100c-01__A8_ROUTE_POOL_RECOMBINATION__seed1,multidepot,e2-multidepot-100c-01,A8_ROUTE_POOL_RECOMBINATION,1,1755,route_segment_removal,regret3_insert_repair,True,False,candidate_usable,softmax,sample,1755,90,1.0727082041058154,0.08637014410177926,nan,0.605125
4000,STRUCTURAL_RESCUE__b4000__multidepot__e2-multidepot-100c-01__A8_ROUTE_POOL_RECOMBINATION__seed1,multidepot,e2-multidepot-100c-01,A8_ROUTE_POOL_RECOMBINATION,1,1756,random_customer_removal,regret3_insert_repair,True,False,candidate_usable,softmax,sample,1756,434,1.6385657924631267,0.21977524487286576,nan,0.6049
4000,STRUCTURAL_RESCUE__b4000__multidepot__e2-multidepot-100c-01__A8_ROUTE_POOL_RECOMBINATION__seed1,multidepot,e2-multidepot-100c-01,A8_ROUTE_POOL_RECOMBINATION,1,1757,worst_customer_removal,regret3_insert_repair,False,False,candidate_usable,softmax,sample,1757,291,1.3302964873130547,0.13200811711748767,nan,0.6046750000000001
4000,STRUCTURAL_RESCUE__b4000__multidepot__e2-multidepot-100c-01__A8_ROUTE_POOL_RECOMBINATION__seed1,multidepot,e2-multidepot-100c-01,A8_ROUTE_POOL_RECOMBINATION,1,1758,whole_route_removal,regret2_insert_repair,False,False,unchanged,softmax,sample,1758,67,0.7325672486534953,0.04916175629294392,nan,0.6044499999999999
4000,STRUCTURAL_RESCUE__b4000__multidepot__e2-multidepot-100c-01__A8_ROUTE_POOL_RECOMBINATION__seed1,multidepot,e2-multidepot-100c-01,A8_ROUTE_POOL_RECOMBINATION,1,1759,shaw_related_removal,greedy_insert_repair,False,False,unchanged,softmax,sample,1759,29,0.19116722082251436,0.0200790044545124,nan,0.604225
4000,STRUCTURAL_RESCUE__b4000__multidepot__e2-multidepot-100c-01__A8_ROUTE_POOL_RECOMBINATION__seed1,multidepot,e2-multidepot-100c-01,A8_ROUTE_POOL_RECOMBINATION,1,1760,route_segment_removal,regret2_insert_repair,True,False,candidate_usable,softmax,sample,1760,100,0.9159396683199559,0.06663298044664807,nan,0.604
4000,STRUCTURAL_RESCUE__b4000__multidepot__e2-multidepot-100c-01__A8_ROUTE_POOL_RECOMBINATION__seed1,multidepot,e2-multidepot-100c-01,A8_ROUTE_POOL_RECOMBINATION,1,1761,whole_route_removal,regret3_insert_repair,False,False,candidate_usable,softmax,sample,1761,99,0.7470233160816045,0.05030660209702395,nan,0.603775
4000,STRUCTURAL_RESCUE__b4000__multidepot__e2-multidepot-100c-01__A8_ROUTE_POOL_RECOMBINATION__seed1,multidepot,e2-multidepot-100c-01,A8_ROUTE_POOL_RECOMBINATION,1,1762,route_segment_removal,regret2_insert_repair,True,False,candidate_usable,softmax,sample,1762,101,0.9270624473813748,0.0678173793967635,nan,0.60355
4000,STRUCTURAL_RESCUE__b4000__multidepot__e2-multidepot-100c-01__A8_ROUTE_POOL_RECOMBINATION__seed1,multidepot,e2-multidepot-100c-01,A8_ROUTE_POOL_RECOMBINATION,1,1763,worst_customer_removal,regret3_insert_repair,False,False,candidate_usable,softmax,sample,1763,292,1.3259998798662704,0.13120515252832077,nan,0.603325
4000,STRUCTURAL_RESCUE__b4000__multidepot__e2-multidepot-100c-01__A8_ROUTE_POOL_RECOMBINATION__seed1,multidepot,e2-multidepot-100c-01,A8_ROUTE_POOL_RECOMBINATION,1,1764,route_segment_removal,regret3_insert_repair,False,False,unchanged,softmax,sample,1764,91,1.0833747158069924,0.08784614678127607,nan,0.6031
4000,STRUCTURAL_RESCUE__b4000__multidepot__e2-multidepot-100c-01__A8_ROUTE_POOL_RECOMBINATION__seed1,multidepot,e2-multidepot-100c-01,A8_ROUTE_POOL_RECOMBINATION,1,1765,vehicle_type_swap,regret2_insert_repair,False,False,candidate_usable,softmax,sample,1765,286,1.186035837856936,0.10432140390979708,nan,0.602875
4000,STRUCTURAL_RESCUE__b4000__multidepot__e2-multidepot-100c-01__A8_ROUTE_POOL_RECOMBINATION__seed1,multidepot,e2-multidepot-100c-01,A8_ROUTE_POOL_RECOMBINATION,1,1766,shaw_related_removal,regret3_insert_repair,False,False,unchanged,softmax,sample,1766,23,0.2078716617205222,0.020597082154527577,nan,0.6026499999999999
4000,STRUCTURAL_RESCUE__b4000__multidepot__e2-multidepot-100c-01__A8_ROUTE_POOL_RECOMBINATION__seed1,multidepot,e2-multidepot-100c-01,A8_ROUTE_POOL_RECOMBINATION,1,1767,random_customer_removal,regret2_insert_repair,False,False,candidate_usable,softmax,sample,1767,65,0.7821268726406179,0.05341009818738892,nan,0.602425
4000,STRUCTURAL_RESCUE__b4000__multidepot__e2-multidepot-100c-01__A8_ROUTE_POOL_RECOMBINATION__seed1,multidepot,e2-multidepot-100c-01,A8_ROUTE_POOL_RECOMBINATION,1,1768,worst_customer_removal,regret3_insert_repair,True,False,candidate_usable,softmax,sample,1768,293,1.3217307614636025,0.13095106917834368,nan,0.6022000000000001
4000,STRUCTURAL_RESCUE__b4000__multidepot__e2-multidepot-100c-01__A8_ROUTE_POOL_RECOMBINATION__seed1,multidepot,e2-multidepot-100c-01,A8_ROUTE_POOL_RECOMBINATION,1,1769,whole_route_removal,greedy_insert_repair,False,False,unchanged,softmax,sample,1769,39,0.57230073446687,0.037695662911214865,nan,0.601975
4000,STRUCTURAL_RESCUE__b4000__multidepot__e2-multidepot-100c-01__A8_ROUTE_POOL_RECOMBINATION__seed1,multidepot,e2-multidepot-100c-01,A8_ROUTE_POOL_RECOMBINATION,1,1770,route_segment_removal,regret3_insert_repair,True,False,candidate_usable,softmax,sample,1770,92,1.072602314440132,0.08660841413683726,nan,0.60175
4000,STRUCTURAL_RESCUE__b4000__multidepot__e2-multidepot-100c-01__A8_ROUTE_POOL_RECOMBINATION__seed1,multidepot,e2-multidepot-100c-01,A8_ROUTE_POOL_RECOMBINATION,1,1771,random_customer_removal,regret3_insert_repair,False,False,candidate_usable,softmax,sample,1771,435,1.6394604141930655,0.22191467686200966,nan,0.6015250000000001
4000,STRUCTURAL_RESCUE__b4000__multidepot__e2-multidepot-100c-01__A8_ROUTE_POOL_RECOMBINATION__seed1,multidepot,e2-multidepot-100c-01,A8_ROUTE_POOL_RECOMBINATION,1,1772,whole_route_removal,regret2_insert_repair,False,False,candidate_usable,softmax,sample,1772,68,0.7232757888420824,0.048440535448405035,nan,0.6013
4000,STRUCTURAL_RESCUE__b4000__multidepot__e2-multidepot-100c-01__A8_ROUTE_POOL_RECOMBINATION__seed1,multidepot,e2-multidepot-100c-01,A8_ROUTE_POOL_RECOMBINATION,1,1773,route_segment_removal,regret2_insert_repair,False,False,unchanged,softmax,sample,1773,102,0.9379912061942608,0.06927629879458219,nan,0.601075
4000,STRUCTURAL_RESCUE__b4000__multidepot__e2-multidepot-100c-01__A8_ROUTE_POOL_RECOMBINATION__seed1,multidepot,e2-multidepot-100c-01,A8_ROUTE_POOL_RECOMBINATION,1,1774,worst_customer_removal,regret3_insert_repair,False,False,candidate_usable,softmax,sample,1774,294,1.3241249058637818,0.13184777589122562,nan,0.60085
4000,STRUCTURAL_RESCUE__b4000__multidepot__e2-multidepot-100c-01__A8_ROUTE_POOL_RECOMBINATION__seed1,multidepot,e2-multidepot-100c-01,A8_ROUTE_POOL_RECOMBINATION,1,1775,whole_route_removal,greedy_insert_repair,False,False,candidate_usable,softmax,sample,1775,40,0.5608273828078691,0.037037591409681686,nan,0.600625
4000,STRUCTURAL_RESCUE__b4000__multidepot__e2-multidepot-100c-01__A8_ROUTE_POOL_RECOMBINATION__seed1,multidepot,e2-multidepot-100c-01,A8_ROUTE_POOL_RECOMBINATION,1,1776,route_segment_removal,greedy_insert_repair,False,False,unchanged,softmax,sample,1776,38,0.3791546060642856,0.027377921355003738,nan,0.6004
4000,STRUCTURAL_RESCUE__b4000__multidepot__e2-multidepot-100c-01__A8_ROUTE_POOL_RECOMBINATION__seed1,multidepot,e2-multidepot-100c-01,A8_ROUTE_POOL_RECOMBINATION,1,1777,random_customer_removal,regret3_insert_repair,False,False,candidate_usable,softmax,sample,1777,436,1.6358657808724562,0.22219608690872122,nan,0.600175
4000,STRUCTURAL_RESCUE__b4000__multidepot__e2-multidepot-100c-01__A8_ROUTE_POOL_RECOMBINATION__seed1,multidepot,e2-multidepot-100c-01,A8_ROUTE_POOL_RECOMBINATION,1,1778,route_segment_removal,regret2_insert_repair,False,False,unchanged,softmax,sample,1778,103,0.9297569053439823,0.06860262674743732,nan,0.59995
4000,STRUCTURAL_RESCUE__b4000__multidepot__e2-multidepot-100c-01__A8_ROUTE_POOL_RECOMBINATION__seed1,multidepot,e2-multidepot-100c-01,A8_ROUTE_POOL_RECOMBINATION,1,1779,route_segment_removal,regret3_insert_repair,False,False,unchanged,softmax,sample,1779,93,1.0830360529184317,0.08865777075514443,nan,0.5997250000000001
4000,STRUCTURAL_RESCUE__b4000__multidepot__e2-multidepot-100c-01__A8_ROUTE_POOL_RECOMBINATION__seed1,multidepot,e2-multidepot-100c-01,A8_ROUTE_POOL_RECOMBINATION,1,1780,vehicle_type_swap,regret2_insert_repair,False,False,candidate_usable,softmax,sample,1780,287,1.1821830335672014,0.10476951198376816,nan,0.5994999999999999
4000,STRUCTURAL_RESCUE__b4000__multidepot__e2-multidepot-100c-01__A8_ROUTE_POOL_RECOMBINATION__seed1,multidepot,e2-multidepot-100c-01,A8_ROUTE_POOL_RECOMBINATION,1,1781,vehicle_type_swap,regret2_insert_repair,False,False,candidate_usable,softmax,sample,1781,288,1.1783329174366626,0.10417990066032973,nan,0.599275
4000,STRUCTURAL_RESCUE__b4000__multidepot__e2-multidepot-100c-01__A8_ROUTE_POOL_RECOMBINATION__seed1,multidepot,e2-multidepot-100c-01,A8_ROUTE_POOL_RECOMBINATION,1,1782,random_customer_removal,regret3_insert_repair,False,False,candidate_usable,softmax,sample,1782,437,1.6322861545955683,0.22244471505239705,nan,0.59905
4000,STRUCTURAL_RESCUE__b4000__multidepot__e2-multidepot-100c-01__A8_ROUTE_POOL_RECOMBINATION__seed1,multidepot,e2-multidepot-100c-01,A8_ROUTE_POOL_RECOMBINATION,1,1783,random_customer_removal,regret3_insert_repair,False,False,candidate_usable,softmax,sample,1783,438,1.628717295889412,0.22150273796912648,nan,0.5988249999999999
4000,STRUCTURAL_RESCUE__b4000__multidepot__e2-multidepot-100c-01__A8_ROUTE_POOL_RECOMBINATION__seed1,multidepot,e2-multidepot-100c-01,A8_ROUTE_POOL_RECOMBINATION,1,1784,worst_customer_removal,regret3_insert_repair,False,False,candidate_usable,softmax,sample,1784,295,1.3198992564813798,0.13245440411668544,nan,0.5986
4000,STRUCTURAL_RESCUE__b4000__multidepot__e2-multidepot-100c-01__A8_ROUTE_POOL_RECOMBINATION__seed1,multidepot,e2-multidepot-100c-01,A8_ROUTE_POOL_RECOMBINATION,1,1785,vehicle_type_swap,regret2_insert_repair,False,False,candidate_usable,softmax,sample,1785,289,1.1745144152925837,0.10400106721046694,nan,0.598375
4000,STRUCTURAL_RESCUE__b4000__multidepot__e2-multidepot-100c-01__A8_ROUTE_POOL_RECOMBINATION__seed1,multidepot,e2-multidepot-100c-01,A8_ROUTE_POOL_RECOMBINATION,1,1786,worst_customer_removal,regret3_insert_repair,True,False,candidate_usable,softmax,sample,1786,296,1.3156885930016504,0.131786841538626,nan,0.59815
4000,STRUCTURAL_RESCUE__b4000__multidepot__e2-multidepot-100c-01__A8_ROUTE_POOL_RECOMBINATION__seed1,multidepot,e2-multidepot-100c-01,A8_ROUTE_POOL_RECOMBINATION,1,1787,random_customer_removal,regret3_insert_repair,True,False,candidate_usable,softmax,sample,1787,439,1.6251687876743115,0.221062956947213,nan,0.597925
4000,STRUCTURAL_RESCUE__b4000__multidepot__e2-multidepot-100c-01__A8_ROUTE_POOL_RECOMBINATION__seed1,multidepot,e2-multidepot-100c-01,A8_ROUTE_POOL_RECOMBINATION,1,1788,random_customer_removal,regret3_insert_repair,True,False,candidate_usable,softmax,sample,1788,440,1.6260640558583936,0.2214077532568215,nan,0.5977
4000,STRUCTURAL_RESCUE__b4000__multidepot__e2-multidepot-100c-01__A8_ROUTE_POOL_RECOMBINATION__seed1,multidepot,e2-multidepot-100c-01,A8_ROUTE_POOL_RECOMBINATION,1,1789,vehicle_type_swap,regret2_insert_repair,False,False,candidate_usable,softmax,sample,1789,290,1.1707221184803336,0.10333308880923124,nan,0.597475
4000,STRUCTURAL_RESCUE__b4000__multidepot__e2-multidepot-100c-01__A8_ROUTE_POOL_RECOMBINATION__seed1,multidepot,e2-multidepot-100c-01,A8_ROUTE_POOL_RECOMBINATION,1,1790,random_customer_removal,regret3_insert_repair,True,False,candidate_usable,softmax,sample,1790,441,1.626956591190992,0.22198405951673084,nan,0.5972500000000001
4000,STRUCTURAL_RESCUE__b4000__multidepot__e2-multidepot-100c-01__A8_ROUTE_POOL_RECOMBINATION__seed1,multidepot,e2-multidepot-100c-01,A8_ROUTE_POOL_RECOMBINATION,1,1791,whole_route_removal,regret2_insert_repair,False,False,candidate_usable,softmax,sample,1791,69,0.7142661154934116,0.04813157084984324,nan,0.597025
4000,STRUCTURAL_RESCUE__b4000__multidepot__e2-multidepot-100c-01__A8_ROUTE_POOL_RECOMBINATION__seed1,multidepot,e2-multidepot-100c-01,A8_ROUTE_POOL_RECOMBINATION,1,1792,route_segment_removal,greedy_insert_repair,False,False,unchanged,softmax,sample,1792,39,0.37240625370956437,0.0271571382357256,nan,0.5968
4000,STRUCTURAL_RESCUE__b4000__multidepot__e2-multidepot-100c-01__A8_ROUTE_POOL_RECOMBINATION__seed1,multidepot,e2-multidepot-100c-01,A8_ROUTE_POOL_RECOMBINATION,1,1793,vehicle_type_swap,regret2_insert_repair,False,False,candidate_usable,softmax,sample,1793,291,1.1669557574774936,0.1028618346826761,nan,0.5965750000000001
4000,STRUCTURAL_RESCUE__b4000__multidepot__e2-multidepot-100c-01__A8_ROUTE_POOL_RECOMBINATION__seed1,multidepot,e2-multidepot-100c-01,A8_ROUTE_POOL_RECOMBINATION,1,1794,vehicle_type_swap,regret2_insert_repair,False,False,candidate_usable,softmax,sample,1794,292,1.1632100264522194,0.1022941952903186,nan,0.5963499999999999
4000,STRUCTURAL_RESCUE__b4000__multidepot__e2-multidepot-100c-01__A8_ROUTE_POOL_RECOMBINATION__seed1,multidepot,e2-multidepot-100c-01,A8_ROUTE_POOL_RECOMBINATION,1,1795,shaw_related_removal,regret2_insert_repair,False,False,candidate_usable,softmax,sample,1795,28,0.19377489348582772,0.020133047129994423,nan,0.596125
4000,STRUCTURAL_RESCUE__b4000__multidepot__e2-multidepot-100c-01__A8_ROUTE_POOL_RECOMBINATION__seed1,multidepot,e2-multidepot-100c-01,A8_ROUTE_POOL_RECOMBINATION,1,1796,random_customer_removal,regret3_insert_repair,True,False,candidate_usable,softmax,sample,1796,442,1.6278505134338277,0.2232968145087015,nan,0.5959
4000,STRUCTURAL_RESCUE__b4000__multidepot__e2-multidepot-100c-01__A8_ROUTE_POOL_RECOMBINATION__seed1,multidepot,e2-multidepot-100c-01,A8_ROUTE_POOL_RECOMBINATION,1,1797,vehicle_type_swap,regret2_insert_repair,False,False,candidate_usable,softmax,sample,1797,293,1.1594930885370796,0.10172805836279385,nan,0.595675
4000,STRUCTURAL_RESCUE__b4000__multidepot__e2-multidepot-100c-01__A8_ROUTE_POOL_RECOMBINATION__seed1,multidepot,e2-multidepot-100c-01,A8_ROUTE_POOL_RECOMBINATION,1,1798,worst_customer_removal,greedy_insert_repair,False,False,unchanged,softmax,sample,1798,33,0.1827978227492546,0.019742372510388996,nan,0.59545
4000,STRUCTURAL_RESCUE__b4000__multidepot__e2-multidepot-100c-01__A8_ROUTE_POOL_RECOMBINATION__seed1,multidepot,e2-multidepot-100c-01,A8_ROUTE_POOL_RECOMBINATION,1,1799,random_customer_removal,regret3_insert_repair,True,False,candidate_usable,softmax,sample,1799,443,1.6287362600357878,0.22397602807199388,nan,0.595225
4000,STRUCTURAL_RESCUE__b4000__multidepot__e2-multidepot-100c-01__A8_ROUTE_POOL_RECOMBINATION__seed1,multidepot,e2-multidepot-100c-01,A8_ROUTE_POOL_RECOMBINATION,1,1800,worst_customer_removal,regret3_insert_repair,False,False,unchanged,softmax,sample,1800,297,1.318091827534339,0.13288891168281494,nan,0.595
4000,STRUCTURAL_RESCUE__b4000__multidepot__e2-multidepot-100c-01__A8_ROUTE_POOL_RECOMBINATION__seed1,multidepot,e2-multidepot-100c-01,A8_ROUTE_POOL_RECOMBINATION,1,1801,random_customer_removal,regret2_insert_repair,True,False,candidate_usable,softmax,sample,1801,66,0.7718836504890378,0.053106518945385706,nan,0.594775
4000,STRUCTURAL_RESCUE__b4000__multidepot__e2-multidepot-100c-01__A8_ROUTE_POOL_RECOMBINATION__seed1,multidepot,e2-multidepot-100c-01,A8_ROUTE_POOL_RECOMBINATION,1,1802,random_customer_removal,greedy_insert_repair,True,False,candidate_usable,softmax,sample,1802,47,0.4522081127224846,0.03096162611854885,nan,0.5945499999999999
4000,STRUCTURAL_RESCUE__b4000__multidepot__e2-multidepot-100c-01__A8_ROUTE_POOL_RECOMBINATION__seed1,multidepot,e2-multidepot-100c-01,A8_ROUTE_POOL_RECOMBINATION,1,1803,random_customer_removal,regret3_insert_repair,False,False,candidate_usable,softmax,sample,1803,444,1.629619329410355,0.22401147778264757,nan,0.594325
4000,STRUCTURAL_RESCUE__b4000__multidepot__e2-multidepot-100c-01__A8_ROUTE_POOL_RECOMBINATION__seed1,multidepot,e2-multidepot-100c-01,A8_ROUTE_POOL_RECOMBINATION,1,1804,worst_customer_removal,regret3_insert_repair,False,False,candidate_usable,softmax,sample,1804,298,1.3139185690107749,0.13189712036856416,nan,0.5941
4000,STRUCTURAL_RESCUE__b4000__multidepot__e2-multidepot-100c-01__A8_ROUTE_POOL_RECOMBINATION__seed1,multidepot,e2-multidepot-100c-01,A8_ROUTE_POOL_RECOMBINATION,1,1805,random_customer_removal,regret3_insert_repair,False,False,candidate_usable,softmax,sample,1805,445,1.6261136537307035,0.22337034354983806,nan,0.5938749999999999
4000,STRUCTURAL_RESCUE__b4000__multidepot__e2-multidepot-100c-01__A8_ROUTE_POOL_RECOMBINATION__seed1,multidepot,e2-multidepot-100c-01,A8_ROUTE_POOL_RECOMBINATION,1,1806,random_customer_removal,regret2_insert_repair,False,False,candidate_usable,softmax,sample,1806,67,0.7909449574720769,0.05480073467906187,nan,0.59365
4000,STRUCTURAL_RESCUE__b4000__multidepot__e2-multidepot-100c-01__A8_ROUTE_POOL_RECOMBINATION__seed1,multidepot,e2-multidepot-100c-01,A8_ROUTE_POOL_RECOMBINATION,1,1807,random_customer_removal,regret2_insert_repair,True,False,candidate_usable,softmax,sample,1807,68,0.7807503349860837,0.05391041949238327,nan,0.593425
4000,STRUCTURAL_RESCUE__b4000__multidepot__e2-multidepot-100c-01__A8_ROUTE_POOL_RECOMBINATION__seed1,multidepot,e2-multidepot-100c-01,A8_ROUTE_POOL_RECOMBINATION,1,1808,vehicle_type_swap,regret2_insert_repair,False,False,candidate_usable,softmax,sample,1808,294,1.1558146393087463,0.10126727430267082,nan,0.5932
4000,STRUCTURAL_RESCUE__b4000__multidepot__e2-multidepot-100c-01__A8_ROUTE_POOL_RECOMBINATION__seed1,multidepot,e2-multidepot-100c-01,A8_ROUTE_POOL_RECOMBINATION,1,1809,route_segment_removal,greedy_insert_repair,False,False,unchanged,softmax,sample,1809,40,0.36598040255939757,0.02674911077072304,nan,0.592975
4000,STRUCTURAL_RESCUE__b4000__multidepot__e2-multidepot-100c-01__A8_ROUTE_POOL_RECOMBINATION__seed1,multidepot,e2-multidepot-100c-01,A8_ROUTE_POOL_RECOMBINATION,1,1810,shaw_related_removal,regret3_insert_repair,True,False,candidate_usable,softmax,sample,1810,24,0.2049362135371422,0.02038262352221883,nan,0.59275
4000,STRUCTURAL_RESCUE__b4000__multidepot__e2-multidepot-100c-01__A8_ROUTE_POOL_RECOMBINATION__seed1,multidepot,e2-multidepot-100c-01,A8_ROUTE_POOL_RECOMBINATION,1,1811,random_customer_removal,greedy_insert_repair,False,False,candidate_usable,softmax,sample,1811,48,0.485672795813738,0.03262974409940128,nan,0.592525
4000,STRUCTURAL_RESCUE__b4000__multidepot__e2-multidepot-100c-01__A8_ROUTE_POOL_RECOMBINATION__seed1,multidepot,e2-multidepot-100c-01,A8_ROUTE_POOL_RECOMBINATION,1,1812,random_customer_removal,regret3_insert_repair,True,False,candidate_usable,softmax,sample,1812,446,1.622630399765889,0.22248974184466364,nan,0.5923
4000,STRUCTURAL_RESCUE__b4000__multidepot__e2-multidepot-100c-01__A8_ROUTE_POOL_RECOMBINATION__seed1,multidepot,e2-multidepot-100c-01,A8_ROUTE_POOL_RECOMBINATION,1,1813,random_customer_removal,regret3_insert_repair,False,False,candidate_usable,softmax,sample,1813,447,1.6235170294105679,0.2228377189866471,nan,0.592075
4000,STRUCTURAL_RESCUE__b4000__multidepot__e2-multidepot-100c-01__A8_ROUTE_POOL_RECOMBINATION__seed1,multidepot,e2-multidepot-100c-01,A8_ROUTE_POOL_RECOMBINATION,1,1814,route_segment_removal,regret3_insert_repair,False,False,unchanged,softmax,sample,1814,94,1.0725773939755094,0.08799412322583623,nan,0.59185
4000,STRUCTURAL_RESCUE__b4000__multidepot__e2-multidepot-100c-01__A8_ROUTE_POOL_RECOMBINATION__seed1,multidepot,e2-multidepot-100c-01,A8_ROUTE_POOL_RECOMBINATION,1,1815,worst_customer_removal,regret3_insert_repair,False,False,candidate_usable,softmax,sample,1815,299,1.3097846179577577,0.13160223918811745,nan,0.5916250000000001
4000,STRUCTURAL_RESCUE__b4000__multidepot__e2-multidepot-100c-01__A8_ROUTE_POOL_RECOMBINATION__seed1,multidepot,e2-multidepot-100c-01,A8_ROUTE_POOL_RECOMBINATION,1,1816,random_customer_removal,regret2_insert_repair,False,False,unchanged,softmax,sample,1816,69,0.7991342471927667,0.05555859449292635,nan,0.5913999999999999
4000,STRUCTURAL_RESCUE__b4000__multidepot__e2-multidepot-100c-01__A8_ROUTE_POOL_RECOMBINATION__seed1,multidepot,e2-multidepot-100c-01,A8_ROUTE_POOL_RECOMBINATION,1,1817,random_customer_removal,regret2_insert_repair,True,False,candidate_usable,softmax,sample,1817,70,0.7891042224215946,0.0546679932894296,nan,0.591175
4000,STRUCTURAL_RESCUE__b4000__multidepot__e2-multidepot-100c-01__A8_ROUTE_POOL_RECOMBINATION__seed1,multidepot,e2-multidepot-100c-01,A8_ROUTE_POOL_RECOMBINATION,1,1818,random_customer_removal,regret3_insert_repair,False,False,candidate_usable,softmax,sample,1818,448,1.6200523418276378,0.22265071093554237,nan,0.59095
4000,STRUCTURAL_RESCUE__b4000__multidepot__e2-multidepot-100c-01__A8_ROUTE_POOL_RECOMBINATION__seed1,multidepot,e2-multidepot-100c-01,A8_ROUTE_POOL_RECOMBINATION,1,1819,worst_customer_removal,regret3_insert_repair,False,False,candidate_usable,softmax,sample,1819,300,1.3056666256824214,0.1309873695138351,nan,0.590725
4000,STRUCTURAL_RESCUE__b4000__multidepot__e2-multidepot-100c-01__A8_ROUTE_POOL_RECOMBINATION__seed1,multidepot,e2-multidepot-100c-01,A8_ROUTE_POOL_RECOMBINATION,1,1820,worst_customer_removal,regret3_insert_repair,False,False,candidate_usable,softmax,sample,1820,301,1.301570988698509,0.13022574869267228,nan,0.5905
4000,STRUCTURAL_RESCUE__b4000__multidepot__e2-multidepot-100c-01__A8_ROUTE_POOL_RECOMBINATION__seed1,multidepot,e2-multidepot-100c-01,A8_ROUTE_POOL_RECOMBINATION,1,1821,random_customer_removal,regret3_insert_repair,False,False,candidate_usable,softmax,sample,1821,449,1.6166003676448726,0.2223072320981311,nan,0.590275
4000,STRUCTURAL_RESCUE__b4000__multidepot__e2-multidepot-100c-01__A8_ROUTE_POOL_RECOMBINATION__seed1,multidepot,e2-multidepot-100c-01,A8_ROUTE_POOL_RECOMBINATION,1,1822,worst_customer_removal,regret3_insert_repair,False,False,candidate_usable,softmax,sample,1822,302,1.297503983068212,0.12966561065494928,nan,0.59005
4000,STRUCTURAL_RESCUE__b4000__multidepot__e2-multidepot-100c-01__A8_ROUTE_POOL_RECOMBINATION__seed1,multidepot,e2-multidepot-100c-01,A8_ROUTE_POOL_RECOMBINATION,1,1823,random_customer_removal,regret2_insert_repair,True,False,candidate_usable,softmax,sample,1823,71,0.8068335120269309,0.05649481362301602,nan,0.589825
4000,STRUCTURAL_RESCUE__b4000__multidepot__e2-multidepot-100c-01__A8_ROUTE_POOL_RECOMBINATION__seed1,multidepot,e2-multidepot-100c-01,A8_ROUTE_POOL_RECOMBINATION,1,1824,shaw_related_removal,greedy_insert_repair,False,False,unchanged,softmax,sample,1824,30,0.18920822432152673,0.019782987005024642,nan,0.5895999999999999
4000,STRUCTURAL_RESCUE__b4000__multidepot__e2-multidepot-100c-01__A8_ROUTE_POOL_RECOMBINATION__seed1,multidepot,e2-multidepot-100c-01,A8_ROUTE_POOL_RECOMBINATION,1,1825,route_segment_removal,regret2_insert_repair,False,False,unchanged,softmax,sample,1825,104,0.9217965303053327,0.06853641690376704,nan,0.589375
4000,STRUCTURAL_RESCUE__b4000__multidepot__e2-multidepot-100c-01__A8_ROUTE_POOL_RECOMBINATION__seed1,multidepot,e2-multidepot-100c-01,A8_ROUTE_POOL_RECOMBINATION,1,1826,random_customer_removal,regret3_insert_repair,True,False,candidate_usable,softmax,sample,1826,450,1.6131663536473662,0.221791750037767,nan,0.58915
4000,STRUCTURAL_RESCUE__b4000__multidepot__e2-multidepot-100c-01__A8_ROUTE_POOL_RECOMBINATION__seed1,multidepot,e2-multidepot-100c-01,A8_ROUTE_POOL_RECOMBINATION,1,1827,worst_customer_removal,regret3_insert_repair,True,False,candidate_usable,softmax,sample,1827,303,1.293468568228739,0.12888891522356008,nan,0.5889249999999999
4000,STRUCTURAL_RESCUE__b4000__multidepot__e2-multidepot-100c-01__A8_ROUTE_POOL_RECOMBINATION__seed1,multidepot,e2-multidepot-100c-01,A8_ROUTE_POOL_RECOMBINATION,1,1828,random_customer_removal,regret3_insert_repair,True,False,candidate_usable,softmax,sample,1828,451,1.61406726590318,0.22211725690551987,nan,0.5887
4000,STRUCTURAL_RESCUE__b4000__multidepot__e2-multidepot-100c-01__A8_ROUTE_POOL_RECOMBINATION__seed1,multidepot,e2-multidepot-100c-01,A8_ROUTE_POOL_RECOMBINATION,1,1829,route_segment_removal,regret2_insert_repair,False,False,unchanged,softmax,sample,1829,105,0.9138674293464081,0.06758685816320457,nan,0.5884750000000001
4000,STRUCTURAL_RESCUE__b4000__multidepot__e2-multidepot-100c-01__A8_ROUTE_POOL_RECOMBINATION__seed1,multidepot,e2-multidepot-100c-01,A8_ROUTE_POOL_RECOMBINATION,1,1830,random_customer_removal,regret3_insert_repair,False,False,candidate_usable,softmax,sample,1830,452,1.6149641497043068,0.2227574677069199,nan,0.5882499999999999
4000,STRUCTURAL_RESCUE__b4000__multidepot__e2-multidepot-100c-01__A8_ROUTE_POOL_RECOMBINATION__seed1,multidepot,e2-multidepot-100c-01,A8_ROUTE_POOL_RECOMBINATION,1,1831,random_customer_removal,regret2_insert_repair,False,False,candidate_usable,softmax,sample,1831,72,0.8240725414254692,0.058135702348431705,nan,0.588025
4000,STRUCTURAL_RESCUE__b4000__multidepot__e2-multidepot-100c-01__A8_ROUTE_POOL_RECOMBINATION__seed1,multidepot,e2-multidepot-100c-01,A8_ROUTE_POOL_RECOMBINATION,1,1832,whole_route_removal,regret2_insert_repair,False,False,unchanged,softmax,sample,1832,70,0.705583119487156,0.04756350563610042,nan,0.5878
4000,STRUCTURAL_RESCUE__b4000__multidepot__e2-multidepot-100c-01__A8_ROUTE_POOL_RECOMBINATION__seed1,multidepot,e2-multidepot-100c-01,A8_ROUTE_POOL_RECOMBINATION,1,1833,vehicle_type_swap,greedy_insert_repair,False,False,candidate_usable,softmax,sample,1833,31,0.18706070418628762,0.01968954513493837,nan,0.587575
4000,STRUCTURAL_RESCUE__b4000__multidepot__e2-multidepot-100c-01__A8_ROUTE_POOL_RECOMBINATION__seed1,multidepot,e2-multidepot-100c-01,A8_ROUTE_POOL_RECOMBINATION,1,1834,random_customer_removal,regret3_insert_repair,True,False,candidate_usable,softmax,sample,1834,453,1.6115550365346318,0.22249869677493306,nan,0.58735
4000,STRUCTURAL_RESCUE__b4000__multidepot__e2-multidepot-100c-01__A8_ROUTE_POOL_RECOMBINATION__seed1,multidepot,e2-multidepot-100c-01,A8_ROUTE_POOL_RECOMBINATION,1,1835,random_customer_removal,regret2_insert_repair,True,False,candidate_usable,softmax,sample,1835,73,0.8141097029466245,0.05721194462542609,nan,0.587125
4000,STRUCTURAL_RESCUE__b4000__multidepot__e2-multidepot-100c-01__A8_ROUTE_POOL_RECOMBINATION__seed1,multidepot,e2-multidepot-100c-01,A8_ROUTE_POOL_RECOMBINATION,1,1836,whole_route_removal,regret2_insert_repair,False,False,unchanged,softmax,sample,1836,71,0.697017542467132,0.046781625486823915,nan,0.5869
4000,STRUCTURAL_RESCUE__b4000__multidepot__e2-multidepot-100c-01__A8_ROUTE_POOL_RECOMBINATION__seed1,multidepot,e2-multidepot-100c-01,A8_ROUTE_POOL_RECOMBINATION,1,1837,vehicle_type_swap,regret2_insert_repair,False,False,candidate_usable,softmax,sample,1837,295,1.1521904585447882,0.1016776283220351,nan,0.5866750000000001
4000,STRUCTURAL_RESCUE__b4000__multidepot__e2-multidepot-100c-01__A8_ROUTE_POOL_RECOMBINATION__seed1,multidepot,e2-multidepot-100c-01,A8_ROUTE_POOL_RECOMBINATION,1,1838,random_customer_removal,regret3_insert_repair,False,False,candidate_usable,softmax,sample,1838,454,1.6124560506483525,0.2230448894616017,nan,0.5864499999999999
4000,STRUCTURAL_RESCUE__b4000__multidepot__e2-multidepot-100c-01__A8_ROUTE_POOL_RECOMBINATION__seed1,multidepot,e2-multidepot-100c-01,A8_ROUTE_POOL_RECOMBINATION,1,1839,random_customer_removal,regret3_insert_repair,False,False,candidate_usable,softmax,sample,1839,455,1.6090634104063757,0.22213334506653984,nan,0.586225
4000,STRUCTURAL_RESCUE__b4000__multidepot__e2-multidepot-100c-01__A8_ROUTE_POOL_RECOMBINATION__seed1,multidepot,e2-multidepot-100c-01,A8_ROUTE_POOL_RECOMBINATION,1,1840,random_customer_removal,regret3_insert_repair,True,False,candidate_usable,softmax,sample,1840,456,1.6056856083413724,0.22122812078354354,nan,0.586
4000,STRUCTURAL_RESCUE__b4000__multidepot__e2-multidepot-100c-01__A8_ROUTE_POOL_RECOMBINATION__seed1,multidepot,e2-multidepot-100c-01,A8_ROUTE_POOL_RECOMBINATION,1,1841,whole_route_removal,regret3_insert_repair,True,False,candidate_usable,softmax,sample,1841,100,0.7406708004945018,0.05052927380981842,nan,0.5857749999999999
4000,STRUCTURAL_RESCUE__b4000__multidepot__e2-multidepot-100c-01__A8_ROUTE_POOL_RECOMBINATION__seed1,multidepot,e2-multidepot-100c-01,A8_ROUTE_POOL_RECOMBINATION,1,1842,whole_route_removal,regret2_insert_repair,True,False,candidate_usable,softmax,sample,1842,72,0.6886920176005644,0.046177687903653314,nan,0.58555
4000,STRUCTURAL_RESCUE__b4000__multidepot__e2-multidepot-100c-01__A8_ROUTE_POOL_RECOMBINATION__seed1,multidepot,e2-multidepot-100c-01,A8_ROUTE_POOL_RECOMBINATION,1,1843,worst_customer_removal,regret2_insert_repair,False,False,candidate_usable,softmax,sample,1843,26,0.1992667748907011,0.019978309476953053,nan,0.585325
4000,STRUCTURAL_RESCUE__b4000__multidepot__e2-multidepot-100c-01__A8_ROUTE_POOL_RECOMBINATION__seed1,multidepot,e2-multidepot-100c-01,A8_ROUTE_POOL_RECOMBINATION,1,1844,random_customer_removal,regret3_insert_repair,False,False,candidate_usable,softmax,sample,1844,457,1.6065934272549136,0.2212937879708251,nan,0.5851
4000,STRUCTURAL_RESCUE__b4000__multidepot__e2-multidepot-100c-01__A8_ROUTE_POOL_RECOMBINATION__seed1,multidepot,e2-multidepot-100c-01,A8_ROUTE_POOL_RECOMBINATION,1,1845,worst_customer_removal,regret3_insert_repair,False,False,candidate_usable,softmax,sample,1845,304,1.2958949304002236,0.1303130368300531,nan,0.584875
4000,STRUCTURAL_RESCUE__b4000__multidepot__e2-multidepot-100c-01__A8_ROUTE_POOL_RECOMBINATION__seed1,multidepot,e2-multidepot-100c-01,A8_ROUTE_POOL_RECOMBINATION,1,1846,vehicle_type_swap,regret3_insert_repair,False,False,candidate_usable,softmax,sample,1846,29,0.1916222014628991,0.019732245397584232,nan,0.5846499999999999
4000,STRUCTURAL_RESCUE__b4000__multidepot__e2-multidepot-100c-01__A8_ROUTE_POOL_RECOMBINATION__seed1,multidepot,e2-multidepot-100c-01,A8_ROUTE_POOL_RECOMBINATION,1,1847,random_customer_removal,regret2_insert_repair,False,False,candidate_usable,softmax,sample,1847,74,0.83078918387768,0.05887825232881176,nan,0.584425
4000,STRUCTURAL_RESCUE__b4000__multidepot__e2-multidepot-100c-01__A8_ROUTE_POOL_RECOMBINATION__seed1,multidepot,e2-multidepot-100c-01,A8_ROUTE_POOL_RECOMBINATION,1,1848,shaw_related_removal,greedy_insert_repair,False,False,unchanged,softmax,sample,1848,31,0.18713497212041802,0.019581294925107195,nan,0.5842
4000,STRUCTURAL_RESCUE__b4000__multidepot__e2-multidepot-100c-01__A8_ROUTE_POOL_RECOMBINATION__seed1,multidepot,e2-multidepot-100c-01,A8_ROUTE_POOL_RECOMBINATION,1,1849,shaw_related_removal,greedy_insert_repair,False,False,candidate_usable,softmax,sample,1849,32,0.1850460385522667,0.01950237078561768,nan,0.583975
4000,STRUCTURAL_RESCUE__b4000__multidepot__e2-multidepot-100c-01__A8_ROUTE_POOL_RECOMBINATION__seed1,multidepot,e2-multidepot-100c-01,A8_ROUTE_POOL_RECOMBINATION,1,1850,random_customer_removal,regret3_insert_repair,True,False,candidate_usable,softmax,sample,1850,458,1.6032421976679756,0.2213017707306619,nan,0.58375
4000,STRUCTURAL_RESCUE__b4000__multidepot__e2-multidepot-100c-01__A8_ROUTE_POOL_RECOMBINATION__seed1,multidepot,e2-multidepot-100c-01,A8_ROUTE_POOL_RECOMBINATION,1,1851,random_customer_removal,regret3_insert_repair,False,False,candidate_usable,softmax,sample,1851,459,1.6041474026694167,0.22165853112754225,nan,0.5835250000000001
4000,STRUCTURAL_RESCUE__b4000__multidepot__e2-multidepot-100c-01__A8_ROUTE_POOL_RECOMBINATION__seed1,multidepot,e2-multidepot-100c-01,A8_ROUTE_POOL_RECOMBINATION,1,1852,random_customer_removal,regret3_insert_repair,False,False,candidate_usable,softmax,sample,1852,460,1.6008095006272822,0.220762054457838,nan,0.5832999999999999
4000,STRUCTURAL_RESCUE__b4000__multidepot__e2-multidepot-100c-01__A8_ROUTE_POOL_RECOMBINATION__seed1,multidepot,e2-multidepot-100c-01,A8_ROUTE_POOL_RECOMBINATION,1,1853,random_customer_removal,regret3_insert_repair,True,False,candidate_usable,softmax,sample,1853,461,1.5974860390098924,0.2198717283808683,nan,0.583075
4000,STRUCTURAL_RESCUE__b4000__multidepot__e2-multidepot-100c-01__A8_ROUTE_POOL_RECOMBINATION__seed1,multidepot,e2-multidepot-100c-01,A8_ROUTE_POOL_RECOMBINATION,1,1854,random_customer_removal,regret3_insert_repair,False,False,candidate_usable,softmax,sample,1854,462,1.5983977034019925,0.22022856832273421,nan,0.58285
4000,STRUCTURAL_RESCUE__b4000__multidepot__e2-multidepot-100c-01__A8_ROUTE_POOL_RECOMBINATION__seed1,multidepot,e2-multidepot-100c-01,A8_ROUTE_POOL_RECOMBINATION,1,1855,route_segment_removal,greedy_insert_repair,False,False,unchanged,softmax,sample,1855,41,0.3599751802346116,0.02633038927698461,nan,0.582625
4000,STRUCTURAL_RESCUE__b4000__multidepot__e2-multidepot-100c-01__A8_ROUTE_POOL_RECOMBINATION__seed1,multidepot,e2-multidepot-100c-01,A8_ROUTE_POOL_RECOMBINATION,1,1856,random_customer_removal,regret3_insert_repair,False,False,candidate_usable,softmax,sample,1856,463,1.5950950154192958,0.21949154732694132,nan,0.5824
4000,STRUCTURAL_RESCUE__b4000__multidepot__e2-multidepot-100c-01__A8_ROUTE_POOL_RECOMBINATION__seed1,multidepot,e2-multidepot-100c-01,A8_ROUTE_POOL_RECOMBINATION,1,1857,vehicle_type_swap,regret2_insert_repair,False,False,candidate_usable,softmax,sample,1857,296,1.1485755515604497,0.10210159703551684,nan,0.582175
4000,STRUCTURAL_RESCUE__b4000__multidepot__e2-multidepot-100c-01__A8_ROUTE_POOL_RECOMBINATION__seed1,multidepot,e2-multidepot-100c-01,A8_ROUTE_POOL_RECOMBINATION,1,1858,worst_customer_removal,regret3_insert_repair,False,False,candidate_usable,softmax,sample,1858,305,1.2919037012391033,0.1307121319441508,nan,0.58195
4000,STRUCTURAL_RESCUE__b4000__multidepot__e2-multidepot-100c-01__A8_ROUTE_POOL_RECOMBINATION__seed1,multidepot,e2-multidepot-100c-01,A8_ROUTE_POOL_RECOMBINATION,1,1859,shaw_related_removal,regret3_insert_repair,False,False,candidate_usable,softmax,sample,1859,25,0.28019756155640146,0.022987333759823866,nan,0.581725
4000,STRUCTURAL_RESCUE__b4000__multidepot__e2-multidepot-100c-01__A8_ROUTE_POOL_RECOMBINATION__seed1,multidepot,e2-multidepot-100c-01,A8_ROUTE_POOL_RECOMBINATION,1,1860,random_customer_removal,regret2_insert_repair,True,False,candidate_usable,softmax,sample,1860,75,0.821023174136331,0.05825062058987523,nan,0.5814999999999999
4000,STRUCTURAL_RESCUE__b4000__multidepot__e2-multidepot-100c-01__A8_ROUTE_POOL_RECOMBINATION__seed1,multidepot,e2-multidepot-100c-01,A8_ROUTE_POOL_RECOMBINATION,1,1861,random_customer_removal,regret2_insert_repair,True,False,candidate_usable,softmax,sample,1861,76,0.8371305782086247,0.059782847023912414,nan,0.581275
4000,STRUCTURAL_RESCUE__b4000__multidepot__e2-multidepot-100c-01__A8_ROUTE_POOL_RECOMBINATION__seed1,multidepot,e2-multidepot-100c-01,A8_ROUTE_POOL_RECOMBINATION,1,1862,random_customer_removal,regret3_insert_repair,True,False,candidate_usable,softmax,sample,1862,464,1.5918116610022208,0.21872304938813414,nan,0.58105
4000,STRUCTURAL_RESCUE__b4000__multidepot__e2-multidepot-100c-01__A8_ROUTE_POOL_RECOMBINATION__seed1,multidepot,e2-multidepot-100c-01,A8_ROUTE_POOL_RECOMBINATION,1,1863,worst_customer_removal,regret3_insert_repair,False,False,candidate_usable,softmax,sample,1863,306,1.287925758667125,0.12962748211757436,nan,0.5808249999999999
4000,STRUCTURAL_RESCUE__b4000__multidepot__e2-multidepot-100c-01__A8_ROUTE_POOL_RECOMBINATION__seed1,multidepot,e2-multidepot-100c-01,A8_ROUTE_POOL_RECOMBINATION,1,1864,route_segment_removal,regret2_insert_repair,False,False,unchanged,softmax,sample,1864,106,0.9061698420729674,0.06723709158828103,nan,0.5806
4000,STRUCTURAL_RESCUE__b4000__multidepot__e2-multidepot-100c-01__A8_ROUTE_POOL_RECOMBINATION__seed1,multidepot,e2-multidepot-100c-01,A8_ROUTE_POOL_RECOMBINATION,1,1865,route_segment_removal,regret3_insert_repair,True,False,candidate_usable,softmax,sample,1865,95,1.0623809573586098,0.0880764374648254,nan,0.580375
4000,STRUCTURAL_RESCUE__b4000__multidepot__e2-multidepot-100c-01__A8_ROUTE_POOL_RECOMBINATION__seed1,multidepot,e2-multidepot-100c-01,A8_ROUTE_POOL_RECOMBINATION,1,1866,whole_route_removal,regret2_insert_repair,True,False,candidate_usable,softmax,sample,1866,73,0.7073607410540603,0.04769132455668806,nan,0.5801499999999999
4000,STRUCTURAL_RESCUE__b4000__multidepot__e2-multidepot-100c-01__A8_ROUTE_POOL_RECOMBINATION__seed1,multidepot,e2-multidepot-100c-01,A8_ROUTE_POOL_RECOMBINATION,1,1867,route_segment_removal,regret3_insert_repair,False,False,candidate_usable,softmax,sample,1867,96,1.0725692431304732,0.08937150156174507,nan,0.579925
4000,STRUCTURAL_RESCUE__b4000__multidepot__e2-multidepot-100c-01__A8_ROUTE_POOL_RECOMBINATION__seed1,multidepot,e2-multidepot-100c-01,A8_ROUTE_POOL_RECOMBINATION,1,1868,route_segment_removal,regret2_insert_repair,False,False,unchanged,softmax,sample,1868,107,0.8985319606749491,0.06629975953375278,nan,0.5797
4000,STRUCTURAL_RESCUE__b4000__multidepot__e2-multidepot-100c-01__A8_ROUTE_POOL_RECOMBINATION__seed1,multidepot,e2-multidepot-100c-01,A8_ROUTE_POOL_RECOMBINATION,1,1869,whole_route_removal,regret2_insert_repair,False,False,unchanged,softmax,sample,1869,74,0.7254542152373036,0.04921990285254773,nan,0.579475
4000,STRUCTURAL_RESCUE__b4000__multidepot__e2-multidepot-100c-01__A8_ROUTE_POOL_RECOMBINATION__seed1,multidepot,e2-multidepot-100c-01,A8_ROUTE_POOL_RECOMBINATION,1,1870,random_customer_removal,regret2_insert_repair,False,False,candidate_usable,softmax,sample,1870,77,0.8528407738962768,0.06135923753690495,nan,0.57925
4000,STRUCTURAL_RESCUE__b4000__multidepot__e2-multidepot-100c-01__A8_ROUTE_POOL_RECOMBINATION__seed1,multidepot,e2-multidepot-100c-01,A8_ROUTE_POOL_RECOMBINATION,1,1871,vehicle_type_swap,regret2_insert_repair,False,False,candidate_usable,softmax,sample,1871,297,1.1449750494798578,0.10171793464578949,nan,0.579025
4000,STRUCTURAL_RESCUE__b4000__multidepot__e2-multidepot-100c-01__A8_ROUTE_POOL_RECOMBINATION__seed1,multidepot,e2-multidepot-100c-01,A8_ROUTE_POOL_RECOMBINATION,1,1872,vehicle_type_swap,regret2_insert_repair,False,False,candidate_usable,softmax,sample,1872,298,1.1413778786094637,0.10116203001020727,nan,0.5788
4000,STRUCTURAL_RESCUE__b4000__multidepot__e2-multidepot-100c-01__A8_ROUTE_POOL_RECOMBINATION__seed1,multidepot,e2-multidepot-100c-01,A8_ROUTE_POOL_RECOMBINATION,1,1873,vehicle_type_swap,regret2_insert_repair,False,False,candidate_usable,softmax,sample,1873,299,1.1378046466960094,0.1006121287091657,nan,0.5785750000000001
4000,STRUCTURAL_RESCUE__b4000__multidepot__e2-multidepot-100c-01__A8_ROUTE_POOL_RECOMBINATION__seed1,multidepot,e2-multidepot-100c-01,A8_ROUTE_POOL_RECOMBINATION,1,1874,random_customer_removal,regret2_insert_repair,False,False,candidate_usable,softmax,sample,1874,78,0.843129181263052,0.06049000105313732,nan,0.5783499999999999
4000,STRUCTURAL_RESCUE__b4000__multidepot__e2-multidepot-100c-01__A8_ROUTE_POOL_RECOMBINATION__seed1,multidepot,e2-multidepot-100c-01,A8_ROUTE_POOL_RECOMBINATION,1,1875,random_customer_removal,regret3_insert_repair,False,False,candidate_usable,softmax,sample,1875,465,1.592744847132076,0.2214056845771011,nan,0.578125
4000,STRUCTURAL_RESCUE__b4000__multidepot__e2-multidepot-100c-01__A8_ROUTE_POOL_RECOMBINATION__seed1,multidepot,e2-multidepot-100c-01,A8_ROUTE_POOL_RECOMBINATION,1,1876,route_segment_removal,regret2_insert_repair,False,False,unchanged,softmax,sample,1876,108,0.8910444774871562,0.06585333992817317,nan,0.5779000000000001
4000,STRUCTURAL_RESCUE__b4000__multidepot__e2-multidepot-100c-01__A8_ROUTE_POOL_RECOMBINATION__seed1,multidepot,e2-multidepot-100c-01,A8_ROUTE_POOL_RECOMBINATION,1,1877,worst_customer_removal,regret3_insert_repair,False,False,candidate_usable,softmax,sample,1877,307,1.2839877173676058,0.13011460101580877,nan,0.5776749999999999
4000,STRUCTURAL_RESCUE__b4000__multidepot__e2-multidepot-100c-01__A8_ROUTE_POOL_RECOMBINATION__seed1,multidepot,e2-multidepot-100c-01,A8_ROUTE_POOL_RECOMBINATION,1,1878,random_customer_removal,regret2_insert_repair,True,False,candidate_usable,softmax,sample,1878,79,0.8336599499436481,0.05971862802553227,nan,0.57745
4000,STRUCTURAL_RESCUE__b4000__multidepot__e2-multidepot-100c-01__A8_ROUTE_POOL_RECOMBINATION__seed1,multidepot,e2-multidepot-100c-01,A8_ROUTE_POOL_RECOMBINATION,1,1879,worst_customer_removal,regret3_insert_repair,False,False,unchanged,softmax,sample,1879,308,1.2800563887103038,0.12919276486230744,nan,0.577225
4000,STRUCTURAL_RESCUE__b4000__multidepot__e2-multidepot-100c-01__A8_ROUTE_POOL_RECOMBINATION__seed1,multidepot,e2-multidepot-100c-01,A8_ROUTE_POOL_RECOMBINATION,1,1880,worst_customer_removal,greedy_insert_repair,False,False,unchanged,softmax,sample,1880,34,0.1812755777900697,0.0192608904818438,nan,0.577
4000,STRUCTURAL_RESCUE__b4000__multidepot__e2-multidepot-100c-01__A8_ROUTE_POOL_RECOMBINATION__seed1,multidepot,e2-multidepot-100c-01,A8_ROUTE_POOL_RECOMBINATION,1,1881,worst_customer_removal,regret3_insert_repair,False,False,candidate_usable,softmax,sample,1881,309,1.2761503953414304,0.12849159104077731,nan,0.576775
4000,STRUCTURAL_RESCUE__b4000__multidepot__e2-multidepot-100c-01__A8_ROUTE_POOL_RECOMBINATION__seed1,multidepot,e2-multidepot-100c-01,A8_ROUTE_POOL_RECOMBINATION,1,1882,worst_customer_removal,regret3_insert_repair,False,False,unchanged,softmax,sample,1882,310,1.2722679421625815,0.1277644623287567,nan,0.57655
4000,STRUCTURAL_RESCUE__b4000__multidepot__e2-multidepot-100c-01__A8_ROUTE_POOL_RECOMBINATION__seed1,multidepot,e2-multidepot-100c-01,A8_ROUTE_POOL_RECOMBINATION,1,1883,route_segment_removal,regret3_insert_repair,False,False,candidate_usable,softmax,sample,1883,97,1.0624810724205376,0.08887468222628396,nan,0.576325
4000,STRUCTURAL_RESCUE__b4000__multidepot__e2-multidepot-100c-01__A8_ROUTE_POOL_RECOMBINATION__seed1,multidepot,e2-multidepot-100c-01,A8_ROUTE_POOL_RECOMBINATION,1,1884,random_customer_removal,regret2_insert_repair,False,False,candidate_usable,softmax,sample,1884,80,0.8488051325305627,0.06142999641479899,nan,0.5761000000000001
4000,STRUCTURAL_RESCUE__b4000__multidepot__e2-multidepot-100c-01__A8_ROUTE_POOL_RECOMBINATION__seed1,multidepot,e2-multidepot-100c-01,A8_ROUTE_POOL_RECOMBINATION,1,1885,worst_customer_removal,regret3_insert_repair,False,False,candidate_usable,softmax,sample,1885,311,1.2684134390205837,0.12741350761420425,nan,0.5758749999999999
4000,STRUCTURAL_RESCUE__b4000__multidepot__e2-multidepot-100c-01__A8_ROUTE_POOL_RECOMBINATION__seed1,multidepot,e2-multidepot-100c-01,A8_ROUTE_POOL_RECOMBINATION,1,1886,whole_route_removal,regret2_insert_repair,False,False,unchanged,softmax,sample,1886,75,0.7171051628569087,0.04894819381997813,nan,0.57565
4000,STRUCTURAL_RESCUE__b4000__multidepot__e2-multidepot-100c-01__A8_ROUTE_POOL_RECOMBINATION__seed1,multidepot,e2-multidepot-100c-01,A8_ROUTE_POOL_RECOMBINATION,1,1887,route_segment_removal,regret3_insert_repair,False,False,candidate_usable,softmax,sample,1887,98,1.0525639556742041,0.08772863808369398,nan,0.575425
4000,STRUCTURAL_RESCUE__b4000__multidepot__e2-multidepot-100c-01__A8_ROUTE_POOL_RECOMBINATION__seed1,multidepot,e2-multidepot-100c-01,A8_ROUTE_POOL_RECOMBINATION,1,1888,worst_customer_removal,regret3_insert_repair,True,False,candidate_usable,softmax,sample,1888,312,1.2645835372763425,0.12702312902643928,nan,0.5751999999999999
4000,STRUCTURAL_RESCUE__b4000__multidepot__e2-multidepot-100c-01__A8_ROUTE_POOL_RECOMBINATION__seed1,multidepot,e2-multidepot-100c-01,A8_ROUTE_POOL_RECOMBINATION,1,1889,vehicle_type_swap,regret2_insert_repair,False,False,candidate_usable,softmax,sample,1889,300,1.1342787684266684,0.1012303041412503,nan,0.574975
4000,STRUCTURAL_RESCUE__b4000__multidepot__e2-multidepot-100c-01__A8_ROUTE_POOL_RECOMBINATION__seed1,multidepot,e2-multidepot-100c-01,A8_ROUTE_POOL_RECOMBINATION,1,1890,shaw_related_removal,greedy_insert_repair,False,False,unchanged,softmax,sample,1890,33,0.1832389367985064,0.019364056994144722,nan,0.5747500000000001
4000,STRUCTURAL_RESCUE__b4000__multidepot__e2-multidepot-100c-01__A8_ROUTE_POOL_RECOMBINATION__seed1,multidepot,e2-multidepot-100c-01,A8_ROUTE_POOL_RECOMBINATION,1,1891,whole_route_removal,regret2_insert_repair,False,False,candidate_usable,softmax,sample,1891,76,0.7089349309554147,0.04832493425374299,nan,0.574525
4000,STRUCTURAL_RESCUE__b4000__multidepot__e2-multidepot-100c-01__A8_ROUTE_POOL_RECOMBINATION__seed1,multidepot,e2-multidepot-100c-01,A8_ROUTE_POOL_RECOMBINATION,1,1892,random_customer_removal,regret3_insert_repair,True,False,candidate_usable,softmax,sample,1892,466,1.5894943904074696,0.22401241186127593,nan,0.5743
4000,STRUCTURAL_RESCUE__b4000__multidepot__e2-multidepot-100c-01__A8_ROUTE_POOL_RECOMBINATION__seed1,multidepot,e2-multidepot-100c-01,A8_ROUTE_POOL_RECOMBINATION,1,1893,random_customer_removal,regret3_insert_repair,True,False,candidate_usable,softmax,sample,1893,467,1.590413230148954,0.22438361976957577,nan,0.574075
4000,STRUCTURAL_RESCUE__b4000__multidepot__e2-multidepot-100c-01__A8_ROUTE_POOL_RECOMBINATION__seed1,multidepot,e2-multidepot-100c-01,A8_ROUTE_POOL_RECOMBINATION,1,1894,route_segment_removal,regret3_insert_repair,False,False,candidate_usable,softmax,sample,1894,99,1.04285337673805,0.08642070934989,nan,0.57385
4000,STRUCTURAL_RESCUE__b4000__multidepot__e2-multidepot-100c-01__A8_ROUTE_POOL_RECOMBINATION__seed1,multidepot,e2-multidepot-100c-01,A8_ROUTE_POOL_RECOMBINATION,1,1895,route_segment_removal,regret3_insert_repair,False,False,candidate_usable,softmax,sample,1895,100,1.033318944345514,0.08512083435404781,nan,0.573625
4000,STRUCTURAL_RESCUE__b4000__multidepot__e2-multidepot-100c-01__A8_ROUTE_POOL_RECOMBINATION__seed1,multidepot,e2-multidepot-100c-01,A8_ROUTE_POOL_RECOMBINATION,1,1896,random_customer_removal,greedy_insert_repair,False,False,unchanged,softmax,sample,1896,49,0.47826205268885297,0.032377817280707634,nan,0.5734
4000,STRUCTURAL_RESCUE__b4000__multidepot__e2-multidepot-100c-01__A8_ROUTE_POOL_RECOMBINATION__seed1,multidepot,e2-multidepot-100c-01,A8_ROUTE_POOL_RECOMBINATION,1,1897,route_segment_removal,regret3_insert_repair,False,False,unchanged,softmax,sample,1897,101,1.0239740728883995,0.08390055308259457,nan,0.573175
4000,STRUCTURAL_RESCUE__b4000__multidepot__e2-multidepot-100c-01__A8_ROUTE_POOL_RECOMBINATION__seed1,multidepot,e2-multidepot-100c-01,A8_ROUTE_POOL_RECOMBINATION,1,1898,random_customer_removal,regret3_insert_repair,False,False,candidate_usable,softmax,sample,1898,468,1.591333115876458,0.22615821697889127,nan,0.5729500000000001
4000,STRUCTURAL_RESCUE__b4000__multidepot__e2-multidepot-100c-01__A8_ROUTE_POOL_RECOMBINATION__seed1,multidepot,e2-multidepot-100c-01,A8_ROUTE_POOL_RECOMBINATION,1,1899,worst_customer_removal,regret3_insert_repair,False,False,candidate_usable,softmax,sample,1899,313,1.267020291055124,0.1285952497922333,nan,0.5727249999999999
4000,STRUCTURAL_RESCUE__b4000__multidepot__e2-multidepot-100c-01__A8_ROUTE_POOL_RECOMBINATION__seed1,multidepot,e2-multidepot-100c-01,A8_ROUTE_POOL_RECOMBINATION,1,1900,shaw_related_removal,regret3_insert_repair,False,False,candidate_usable,softmax,sample,1900,26,0.2745686176480578,0.022741206956039532,nan,0.5725
4000,STRUCTURAL_RESCUE__b4000__multidepot__e2-multidepot-100c-01__A8_ROUTE_POOL_RECOMBINATION__seed1,multidepot,e2-multidepot-100c-01,A8_ROUTE_POOL_RECOMBINATION,1,1901,worst_customer_removal,regret3_insert_repair,False,False,candidate_usable,softmax,sample,1901,314,1.2632174840847237,0.12793043344234895,nan,0.572275
4000,STRUCTURAL_RESCUE__b4000__multidepot__e2-multidepot-100c-01__A8_ROUTE_POOL_RECOMBINATION__seed1,multidepot,e2-multidepot-100c-01,A8_ROUTE_POOL_RECOMBINATION,1,1902,vehicle_type_swap,regret2_insert_repair,False,False,candidate_usable,softmax,sample,1902,301,1.130771386160248,0.10159510664289494,nan,0.57205
4000,STRUCTURAL_RESCUE__b4000__multidepot__e2-multidepot-100c-01__A8_ROUTE_POOL_RECOMBINATION__seed1,multidepot,e2-multidepot-100c-01,A8_ROUTE_POOL_RECOMBINATION,1,1903,whole_route_removal,greedy_insert_repair,False,False,unchanged,softmax,sample,1903,41,0.5504220107724741,0.03684841653168161,nan,0.571825
4000,STRUCTURAL_RESCUE__b4000__multidepot__e2-multidepot-100c-01__A8_ROUTE_POOL_RECOMBINATION__seed1,multidepot,e2-multidepot-100c-01,A8_ROUTE_POOL_RECOMBINATION,1,1904,random_customer_removal,regret3_insert_repair,True,False,candidate_usable,softmax,sample,1904,469,1.5880924975218098,0.22645904633916267,nan,0.5716
4000,STRUCTURAL_RESCUE__b4000__multidepot__e2-multidepot-100c-01__A8_ROUTE_POOL_RECOMBINATION__seed1,multidepot,e2-multidepot-100c-01,A8_ROUTE_POOL_RECOMBINATION,1,1905,random_customer_removal,regret2_insert_repair,True,False,candidate_usable,softmax,sample,1905,81,0.8395439528578326,0.0611015651195835,nan,0.571375
4000,STRUCTURAL_RESCUE__b4000__multidepot__e2-multidepot-100c-01__A8_ROUTE_POOL_RECOMBINATION__seed1,multidepot,e2-multidepot-100c-01,A8_ROUTE_POOL_RECOMBINATION,1,1906,shaw_related_removal,regret3_insert_repair,False,False,unchanged,softmax,sample,1906,27,0.26912633677707076,0.022468924255747303,nan,0.57115
4000,STRUCTURAL_RESCUE__b4000__multidepot__e2-multidepot-100c-01__A8_ROUTE_POOL_RECOMBINATION__seed1,multidepot,e2-multidepot-100c-01,A8_ROUTE_POOL_RECOMBINATION,1,1907,worst_customer_removal,regret3_insert_repair,False,False,candidate_usable,softmax,sample,1907,315,1.2594447919739258,0.12728501604469372,nan,0.5709249999999999
4000,STRUCTURAL_RESCUE__b4000__multidepot__e2-multidepot-100c-01__A8_ROUTE_POOL_RECOMBINATION__seed1,multidepot,e2-multidepot-100c-01,A8_ROUTE_POOL_RECOMBINATION,1,1908,route_segment_removal,regret2_insert_repair,False,False,unchanged,softmax,sample,1908,109,0.8837549655034155,0.06596736466763466,nan,0.5707
4000,STRUCTURAL_RESCUE__b4000__multidepot__e2-multidepot-100c-01__A8_ROUTE_POOL_RECOMBINATION__seed1,multidepot,e2-multidepot-100c-01,A8_ROUTE_POOL_RECOMBINATION,1,1909,worst_customer_removal,regret3_insert_repair,False,False,candidate_usable,softmax,sample,1909,316,1.2556898203600098,0.12670977601340028,nan,0.5704750000000001
4000,STRUCTURAL_RESCUE__b4000__multidepot__e2-multidepot-100c-01__A8_ROUTE_POOL_RECOMBINATION__seed1,multidepot,e2-multidepot-100c-01,A8_ROUTE_POOL_RECOMBINATION,1,1910,shaw_related_removal,regret3_insert_repair,False,False,candidate_usable,softmax,sample,1910,28,0.264011942994463,0.022284559421094263,nan,0.57025
4000,STRUCTURAL_RESCUE__b4000__multidepot__e2-multidepot-100c-01__A8_ROUTE_POOL_RECOMBINATION__seed1,multidepot,e2-multidepot-100c-01,A8_ROUTE_POOL_RECOMBINATION,1,1911,worst_customer_removal,greedy_insert_repair,False,False,unchanged,softmax,sample,1911,35,0.17957970600377676,0.019210673323280133,nan,0.570025
4000,STRUCTURAL_RESCUE__b4000__multidepot__e2-multidepot-100c-01__A8_ROUTE_POOL_RECOMBINATION__seed1,multidepot,e2-multidepot-100c-01,A8_ROUTE_POOL_RECOMBINATION,1,1912,shaw_related_removal,regret3_insert_repair,False,False,candidate_usable,softmax,sample,1912,29,0.2591937466212636,0.02208046943309354,nan,0.5698000000000001
4000,STRUCTURAL_RESCUE__b4000__multidepot__e2-multidepot-100c-01__A8_ROUTE_POOL_RECOMBINATION__seed1,multidepot,e2-multidepot-100c-01,A8_ROUTE_POOL_RECOMBINATION,1,1913,random_customer_removal,regret3_insert_repair,True,False,candidate_usable,softmax,sample,1913,470,1.5890182738052996,0.22795207552135185,nan,0.5695749999999999
4000,STRUCTURAL_RESCUE__b4000__multidepot__e2-multidepot-100c-01__A8_ROUTE_POOL_RECOMBINATION__seed1,multidepot,e2-multidepot-100c-01,A8_ROUTE_POOL_RECOMBINATION,1,1914,whole_route_removal,regret2_insert_repair,False,False,unchanged,softmax,sample,1914,77,0.7010282207142259,0.04792018194436252,nan,0.56935
4000,STRUCTURAL_RESCUE__b4000__multidepot__e2-multidepot-100c-01__A8_ROUTE_POOL_RECOMBINATION__seed1,multidepot,e2-multidepot-100c-01,A8_ROUTE_POOL_RECOMBINATION,1,1915,shaw_related_removal,regret3_insert_repair,False,False,candidate_usable,softmax,sample,1915,30,0.25465852325865823,0.021882428761726587,nan,0.569125
4000,STRUCTURAL_RESCUE__b4000__multidepot__e2-multidepot-100c-01__A8_ROUTE_POOL_RECOMBINATION__seed1,multidepot,e2-multidepot-100c-01,A8_ROUTE_POOL_RECOMBINATION,1,1916,worst_customer_removal,regret3_insert_repair,False,False,candidate_usable,softmax,sample,1916,317,1.2519659701408308,0.12626577160718475,nan,0.5689
4000,STRUCTURAL_RESCUE__b4000__multidepot__e2-multidepot-100c-01__A8_ROUTE_POOL_RECOMBINATION__seed1,multidepot,e2-multidepot-100c-01,A8_ROUTE_POOL_RECOMBINATION,1,1917,worst_customer_removal,regret3_insert_repair,False,False,candidate_usable,softmax,sample,1917,318,1.248256429624605,0.12557157622666704,nan,0.568675
4000,STRUCTURAL_RESCUE__b4000__multidepot__e2-multidepot-100c-01__A8_ROUTE_POOL_RECOMBINATION__seed1,multidepot,e2-multidepot-100c-01,A8_ROUTE_POOL_RECOMBINATION,1,1918,worst_customer_removal,regret3_insert_repair,False,False,candidate_usable,softmax,sample,1918,319,1.2445700423342052,0.12488454566724082,nan,0.56845
4000,STRUCTURAL_RESCUE__b4000__multidepot__e2-multidepot-100c-01__A8_ROUTE_POOL_RECOMBINATION__seed1,multidepot,e2-multidepot-100c-01,A8_ROUTE_POOL_RECOMBINATION,1,1919,worst_customer_removal,regret3_insert_repair,False,False,candidate_usable,softmax,sample,1919,320,1.240906591701279,0.12420457875621457,nan,0.568225
4000,STRUCTURAL_RESCUE__b4000__multidepot__e2-multidepot-100c-01__A8_ROUTE_POOL_RECOMBINATION__seed1,multidepot,e2-multidepot-100c-01,A8_ROUTE_POOL_RECOMBINATION,1,1920,route_segment_removal,regret2_insert_repair,False,False,unchanged,softmax,sample,1920,110,0.876545169738175,0.06545907612177039,nan,0.5680000000000001
4000,STRUCTURAL_RESCUE__b4000__multidepot__e2-multidepot-100c-01__A8_ROUTE_POOL_RECOMBINATION__seed1,multidepot,e2-multidepot-100c-01,A8_ROUTE_POOL_RECOMBINATION,1,1921,route_segment_removal,regret2_insert_repair,False,False,unchanged,softmax,sample,1921,111,0.8694360890630909,0.06469265748139555,nan,0.5677749999999999
4000,STRUCTURAL_RESCUE__b4000__multidepot__e2-multidepot-100c-01__A8_ROUTE_POOL_RECOMBINATION__seed1,multidepot,e2-multidepot-100c-01,A8_ROUTE_POOL_RECOMBINATION,1,1922,whole_route_removal,greedy_insert_repair,False,False,candidate_usable,softmax,sample,1922,42,0.5400378910011395,0.03623323418068352,nan,0.56755
4000,STRUCTURAL_RESCUE__b4000__multidepot__e2-multidepot-100c-01__A8_ROUTE_POOL_RECOMBINATION__seed1,multidepot,e2-multidepot-100c-01,A8_ROUTE_POOL_RECOMBINATION,1,1923,vehicle_type_swap,regret3_insert_repair,False,False,candidate_usable,softmax,sample,1923,30,0.18969701436508163,0.01954602145440328,nan,0.567325
4000,STRUCTURAL_RESCUE__b4000__multidepot__e2-multidepot-100c-01__A8_ROUTE_POOL_RECOMBINATION__seed1,multidepot,e2-multidepot-100c-01,A8_ROUTE_POOL_RECOMBINATION,1,1924,random_customer_removal,greedy_insert_repair,False,False,candidate_usable,softmax,sample,1924,50,0.47091753489049704,0.032078560373235226,nan,0.5670999999999999
4000,STRUCTURAL_RESCUE__b4000__multidepot__e2-multidepot-100c-01__A8_ROUTE_POOL_RECOMBINATION__seed1,multidepot,e2-multidepot-100c-01,A8_ROUTE_POOL_RECOMBINATION,1,1925,worst_customer_removal,regret3_insert_repair,False,False,unchanged,softmax,sample,1925,321,1.23727331373835,0.12398133690082053,nan,0.566875
4000,STRUCTURAL_RESCUE__b4000__multidepot__e2-multidepot-100c-01__A8_ROUTE_POOL_RECOMBINATION__seed1,multidepot,e2-multidepot-100c-01,A8_ROUTE_POOL_RECOMBINATION,1,1926,worst_customer_removal,regret3_insert_repair,False,False,candidate_usable,softmax,sample,1926,322,1.2336550817908642,0.12331185763999714,nan,0.56665
4000,STRUCTURAL_RESCUE__b4000__multidepot__e2-multidepot-100c-01__A8_ROUTE_POOL_RECOMBINATION__seed1,multidepot,e2-multidepot-100c-01,A8_ROUTE_POOL_RECOMBINATION,1,1927,random_customer_removal,greedy_insert_repair,True,False,candidate_usable,softmax,sample,1927,51,0.46375862448316496,0.03170442016134865,nan,0.566425
4000,STRUCTURAL_RESCUE__b4000__multidepot__e2-multidepot-100c-01__A8_ROUTE_POOL_RECOMBINATION__seed1,multidepot,e2-multidepot-100c-01,A8_ROUTE_POOL_RECOMBINATION,1,1928,random_customer_removal,regret3_insert_repair,True,False,candidate_usable,softmax,sample,1928,471,1.5899474200197319,0.23121944228955774,nan,0.5662
4000,STRUCTURAL_RESCUE__b4000__multidepot__e2-multidepot-100c-01__A8_ROUTE_POOL_RECOMBINATION__seed1,multidepot,e2-multidepot-100c-01,A8_ROUTE_POOL_RECOMBINATION,1,1929,random_customer_removal,regret3_insert_repair,True,False,candidate_usable,softmax,sample,1929,472,1.5908553923843223,0.23160426162907385,nan,0.565975
4000,STRUCTURAL_RESCUE__b4000__multidepot__e2-multidepot-100c-01__A8_ROUTE_POOL_RECOMBINATION__seed1,multidepot,e2-multidepot-100c-01,A8_ROUTE_POOL_RECOMBINATION,1,1930,whole_route_removal,regret3_insert_repair,False,False,unchanged,softmax,sample,1930,101,0.7537648452192447,0.052745480753090976,nan,0.56575
4000,STRUCTURAL_RESCUE__b4000__multidepot__e2-multidepot-100c-01__A8_ROUTE_POOL_RECOMBINATION__seed1,multidepot,e2-multidepot-100c-01,A8_ROUTE_POOL_RECOMBINATION,1,1931,route_segment_removal,regret2_insert_repair,False,False,unchanged,softmax,sample,1931,112,0.8624750602620269,0.06395328430257867,nan,0.565525
4000,STRUCTURAL_RESCUE__b4000__multidepot__e2-multidepot-100c-01__A8_ROUTE_POOL_RECOMBINATION__seed1,multidepot,e2-multidepot-100c-01,A8_ROUTE_POOL_RECOMBINATION,1,1932,shaw_related_removal,regret2_insert_repair,False,False,candidate_usable,softmax,sample,1932,29,0.19205002385740344,0.019548126193816042,nan,0.5653
4000,STRUCTURAL_RESCUE__b4000__multidepot__e2-multidepot-100c-01__A8_ROUTE_POOL_RECOMBINATION__seed1,multidepot,e2-multidepot-100c-01,A8_ROUTE_POOL_RECOMBINATION,1,1933,worst_customer_removal,regret3_insert_repair,True,False,candidate_usable,softmax,sample,1933,323,1.2300680282010343,0.12265320431486317,nan,0.565075
4000,STRUCTURAL_RESCUE__b4000__multidepot__e2-multidepot-100c-01__A8_ROUTE_POOL_RECOMBINATION__seed1,multidepot,e2-multidepot-100c-01,A8_ROUTE_POOL_RECOMBINATION,1,1934,route_segment_removal,regret2_insert_repair,True,False,candidate_usable,softmax,sample,1934,113,0.8556184667821365,0.06318629642430848,nan,0.5648500000000001
4000,STRUCTURAL_RESCUE__b4000__multidepot__e2-multidepot-100c-01__A8_ROUTE_POOL_RECOMBINATION__seed1,multidepot,e2-multidepot-100c-01,A8_ROUTE_POOL_RECOMBINATION,1,1935,vehicle_type_swap,regret3_insert_repair,False,False,candidate_usable,softmax,sample,1935,31,0.18755343750554299,0.01932943707644285,nan,0.5646249999999999
4000,STRUCTURAL_RESCUE__b4000__multidepot__e2-multidepot-100c-01__A8_ROUTE_POOL_RECOMBINATION__seed1,multidepot,e2-multidepot-100c-01,A8_ROUTE_POOL_RECOMBINATION,1,1936,random_customer_removal,regret2_insert_repair,False,False,candidate_usable,softmax,sample,1936,82,0.854315091022534,0.06296031988696435,nan,0.5644
4000,STRUCTURAL_RESCUE__b4000__multidepot__e2-multidepot-100c-01__A8_ROUTE_POOL_RECOMBINATION__seed1,multidepot,e2-multidepot-100c-01,A8_ROUTE_POOL_RECOMBINATION,1,1937,worst_customer_removal,regret3_insert_repair,True,False,candidate_usable,softmax,sample,1937,324,1.2325171136468975,0.1231981429402306,nan,0.564175
4000,STRUCTURAL_RESCUE__b4000__multidepot__e2-multidepot-100c-01__A8_ROUTE_POOL_RECOMBINATION__seed1,multidepot,e2-multidepot-100c-01,A8_ROUTE_POOL_RECOMBINATION,1,1938,route_segment_removal,regret2_insert_repair,False,False,unchanged,softmax,sample,1938,114,0.86598851524213,0.06429679019849564,nan,0.56395
4000,STRUCTURAL_RESCUE__b4000__multidepot__e2-multidepot-100c-01__A8_ROUTE_POOL_RECOMBINATION__seed1,multidepot,e2-multidepot-100c-01,A8_ROUTE_POOL_RECOMBINATION,1,1939,random_customer_removal,regret2_insert_repair,False,False,candidate_usable,softmax,sample,1939,83,0.8451523644700637,0.06200626570549164,nan,0.563725
4000,STRUCTURAL_RESCUE__b4000__multidepot__e2-multidepot-100c-01__A8_ROUTE_POOL_RECOMBINATION__seed1,multidepot,e2-multidepot-100c-01,A8_ROUTE_POOL_RECOMBINATION,1,1940,random_customer_removal,regret2_insert_repair,False,False,candidate_usable,softmax,sample,1940,84,0.8361990312343841,0.061082700021185064,nan,0.5635
4000,STRUCTURAL_RESCUE__b4000__multidepot__e2-multidepot-100c-01__A8_ROUTE_POOL_RECOMBINATION__seed1,multidepot,e2-multidepot-100c-01,A8_ROUTE_POOL_RECOMBINATION,1,1941,route_segment_removal,greedy_insert_repair,False,False,candidate_usable,softmax,sample,1941,42,0.35440069016953063,0.025990113118821493,nan,0.563275
4000,STRUCTURAL_RESCUE__b4000__multidepot__e2-multidepot-100c-01__A8_ROUTE_POOL_RECOMBINATION__seed1,multidepot,e2-multidepot-100c-01,A8_ROUTE_POOL_RECOMBINATION,1,1942,vehicle_type_swap,regret2_insert_repair,False,False,candidate_usable,softmax,sample,1942,302,1.127328362894895,0.10254319774292218,nan,0.56305
4000,STRUCTURAL_RESCUE__b4000__multidepot__e2-multidepot-100c-01__A8_ROUTE_POOL_RECOMBINATION__seed1,multidepot,e2-multidepot-100c-01,A8_ROUTE_POOL_RECOMBINATION,1,1943,random_customer_removal,regret3_insert_repair,True,False,candidate_usable,softmax,sample,1943,473,1.591775329077154,0.23421225629916445,nan,0.5628249999999999
4000,STRUCTURAL_RESCUE__b4000__multidepot__e2-multidepot-100c-01__A8_ROUTE_POOL_RECOMBINATION__seed1,multidepot,e2-multidepot-100c-01,A8_ROUTE_POOL_RECOMBINATION,1,1944,random_customer_removal,regret3_insert_repair,True,False,candidate_usable,softmax,sample,1944,474,1.5926755456954442,0.23460138631383554,nan,0.5626
4000,STRUCTURAL_RESCUE__b4000__multidepot__e2-multidepot-100c-01__A8_ROUTE_POOL_RECOMBINATION__seed1,multidepot,e2-multidepot-100c-01,A8_ROUTE_POOL_RECOMBINATION,1,1945,route_segment_removal,regret2_insert_repair,False,False,unchanged,softmax,sample,1945,115,0.8592277124639969,0.06367245950552383,nan,0.562375
4000,STRUCTURAL_RESCUE__b4000__multidepot__e2-multidepot-100c-01__A8_ROUTE_POOL_RECOMBINATION__seed1,multidepot,e2-multidepot-100c-01,A8_ROUTE_POOL_RECOMBINATION,1,1946,vehicle_type_swap,regret2_insert_repair,False,False,candidate_usable,softmax,sample,1946,303,1.1238528503838785,0.10201840452912075,nan,0.5621499999999999
4000,STRUCTURAL_RESCUE__b4000__multidepot__e2-multidepot-100c-01__A8_ROUTE_POOL_RECOMBINATION__seed1,multidepot,e2-multidepot-100c-01,A8_ROUTE_POOL_RECOMBINATION,1,1947,worst_customer_removal,regret3_insert_repair,False,False,unchanged,softmax,sample,1947,325,1.2349598101291381,0.12441301268176874,nan,0.561925
4000,STRUCTURAL_RESCUE__b4000__multidepot__e2-multidepot-100c-01__A8_ROUTE_POOL_RECOMBINATION__seed1,multidepot,e2-multidepot-100c-01,A8_ROUTE_POOL_RECOMBINATION,1,1948,random_customer_removal,greedy_insert_repair,True,False,candidate_usable,softmax,sample,1948,52,0.4944302131758037,0.03332154603565527,nan,0.5617
4000,STRUCTURAL_RESCUE__b4000__multidepot__e2-multidepot-100c-01__A8_ROUTE_POOL_RECOMBINATION__seed1,multidepot,e2-multidepot-100c-01,A8_ROUTE_POOL_RECOMBINATION,1,1949,route_segment_removal,regret3_insert_repair,False,False,unchanged,softmax,sample,1949,102,1.014942198917203,0.08402467907487932,nan,0.561475
4000,STRUCTURAL_RESCUE__b4000__multidepot__e2-multidepot-100c-01__A8_ROUTE_POOL_RECOMBINATION__seed1,multidepot,e2-multidepot-100c-01,A8_ROUTE_POOL_RECOMBINATION,1,1950,worst_customer_removal,regret3_insert_repair,False,False,candidate_usable,softmax,sample,1950,326,1.231395613653734,0.12373407649336236,nan,0.56125
4000,STRUCTURAL_RESCUE__b4000__multidepot__e2-multidepot-100c-01__A8_ROUTE_POOL_RECOMBINATION__seed1,multidepot,e2-multidepot-100c-01,A8_ROUTE_POOL_RECOMBINATION,1,1951,random_customer_removal,regret3_insert_repair,False,False,candidate_usable,softmax,sample,1951,475,1.5935791843335196,0.2361977382439764,nan,0.561025
4000,STRUCTURAL_RESCUE__b4000__multidepot__e2-multidepot-100c-01__A8_ROUTE_POOL_RECOMBINATION__seed1,multidepot,e2-multidepot-100c-01,A8_ROUTE_POOL_RECOMBINATION,1,1952,whole_route_removal,regret2_insert_repair,False,False,candidate_usable,softmax,sample,1952,78,0.6933650917828106,0.04752349081507227,nan,0.5608
4000,STRUCTURAL_RESCUE__b4000__multidepot__e2-multidepot-100c-01__A8_ROUTE_POOL_RECOMBINATION__seed1,multidepot,e2-multidepot-100c-01,A8_ROUTE_POOL_RECOMBINATION,1,1953,vehicle_type_swap,regret2_insert_repair,False,False,candidate_usable,softmax,sample,1953,304,1.120404608015323,0.10184452993206869,nan,0.560575
4000,STRUCTURAL_RESCUE__b4000__multidepot__e2-multidepot-100c-01__A8_ROUTE_POOL_RECOMBINATION__seed1,multidepot,e2-multidepot-100c-01,A8_ROUTE_POOL_RECOMBINATION,1,1954,random_customer_removal,regret3_insert_repair,True,False,candidate_usable,softmax,sample,1954,476,1.5903775260117283,0.23577676503731315,nan,0.56035
4000,STRUCTURAL_RESCUE__b4000__multidepot__e2-multidepot-100c-01__A8_ROUTE_POOL_RECOMBINATION__seed1,multidepot,e2-multidepot-100c-01,A8_ROUTE_POOL_RECOMBINATION,1,1955,random_customer_removal,regret3_insert_repair,True,False,candidate_usable,softmax,sample,1955,477,1.5912749032149627,0.23616933694686265,nan,0.560125
4000,STRUCTURAL_RESCUE__b4000__multidepot__e2-multidepot-100c-01__A8_ROUTE_POOL_RECOMBINATION__seed1,multidepot,e2-multidepot-100c-01,A8_ROUTE_POOL_RECOMBINATION,1,1956,random_customer_removal,regret3_insert_repair,True,False,candidate_usable,softmax,sample,1956,478,1.5921684883540101,0.23656144188076603,nan,0.5599000000000001
4000,STRUCTURAL_RESCUE__b4000__multidepot__e2-multidepot-100c-01__A8_ROUTE_POOL_RECOMBINATION__seed1,multidepot,e2-multidepot-100c-01,A8_ROUTE_POOL_RECOMBINATION,1,1957,route_segment_removal,regret3_insert_repair,False,False,unchanged,softmax,sample,1957,103,1.005969506476866,0.08300331286181523,nan,0.5596749999999999
4000,STRUCTURAL_RESCUE__b4000__multidepot__e2-multidepot-100c-01__A8_ROUTE_POOL_RECOMBINATION__seed1,multidepot,e2-multidepot-100c-01,A8_ROUTE_POOL_RECOMBINATION,1,1958,whole_route_removal,regret2_insert_repair,False,False,unchanged,softmax,sample,1958,79,0.6857984604658109,0.04689462004156096,nan,0.55945
4000,STRUCTURAL_RESCUE__b4000__multidepot__e2-multidepot-100c-01__A8_ROUTE_POOL_RECOMBINATION__seed1,multidepot,e2-multidepot-100c-01,A8_ROUTE_POOL_RECOMBINATION,1,1959,random_customer_removal,greedy_insert_repair,False,False,candidate_usable,softmax,sample,1959,53,0.5238993663512653,0.0351211086689212,nan,0.559225
4000,STRUCTURAL_RESCUE__b4000__multidepot__e2-multidepot-100c-01__A8_ROUTE_POOL_RECOMBINATION__seed1,multidepot,e2-multidepot-100c-01,A8_ROUTE_POOL_RECOMBINATION,1,1960,route_segment_removal,regret2_insert_repair,True,False,candidate_usable,softmax,sample,1960,116,0.8526015955748929,0.06324262997574998,nan,0.5589999999999999
4000,STRUCTURAL_RESCUE__b4000__multidepot__e2-multidepot-100c-01__A8_ROUTE_POOL_RECOMBINATION__seed1,multidepot,e2-multidepot-100c-01,A8_ROUTE_POOL_RECOMBINATION,1,1961,random_customer_removal,regret3_insert_repair,False,False,candidate_usable,softmax,sample,1961,479,1.5930630898763922,0.23767027915454955,nan,0.558775
4000,STRUCTURAL_RESCUE__b4000__multidepot__e2-multidepot-100c-01__A8_ROUTE_POOL_RECOMBINATION__seed1,multidepot,e2-multidepot-100c-01,A8_ROUTE_POOL_RECOMBINATION,1,1962,random_customer_removal,regret3_insert_repair,True,False,candidate_usable,softmax,sample,1962,480,1.589886654716003,0.23674636985199435,nan,0.55855
4000,STRUCTURAL_RESCUE__b4000__multidepot__e2-multidepot-100c-01__A8_ROUTE_POOL_RECOMBINATION__seed1,multidepot,e2-multidepot-100c-01,A8_ROUTE_POOL_RECOMBINATION,1,1963,shaw_related_removal,regret2_insert_repair,False,False,unchanged,softmax,sample,1963,30,0.18988694503329062,0.019289357103531607,nan,0.558325
4000,STRUCTURAL_RESCUE__b4000__multidepot__e2-multidepot-100c-01__A8_ROUTE_POOL_RECOMBINATION__seed1,multidepot,e2-multidepot-100c-01,A8_ROUTE_POOL_RECOMBINATION,1,1964,vehicle_type_swap,regret3_insert_repair,False,False,candidate_usable,softmax,sample,1964,32,0.18558624694985681,0.01913183719770346,nan,0.5581
4000,STRUCTURAL_RESCUE__b4000__multidepot__e2-multidepot-100c-01__A8_ROUTE_POOL_RECOMBINATION__seed1,multidepot,e2-multidepot-100c-01,A8_ROUTE_POOL_RECOMBINATION,1,1965,route_segment_removal,regret3_insert_repair,False,False,unchanged,softmax,sample,1965,104,0.997167660941908,0.0819100795722469,nan,0.5578749999999999
4000,STRUCTURAL_RESCUE__b4000__multidepot__e2-multidepot-100c-01__A8_ROUTE_POOL_RECOMBINATION__seed1,multidepot,e2-multidepot-100c-01,A8_ROUTE_POOL_RECOMBINATION,1,1966,vehicle_type_swap,regret2_insert_repair,False,False,candidate_usable,softmax,sample,1966,305,1.1169878197863685,0.10167320256592935,nan,0.55765
4000,STRUCTURAL_RESCUE__b4000__multidepot__e2-multidepot-100c-01__A8_ROUTE_POOL_RECOMBINATION__seed1,multidepot,e2-multidepot-100c-01,A8_ROUTE_POOL_RECOMBINATION,1,1967,worst_customer_removal,regret3_insert_repair,False,False,candidate_usable,softmax,sample,1967,327,1.2278733682565903,0.12413995752361784,nan,0.557425
4000,STRUCTURAL_RESCUE__b4000__multidepot__e2-multidepot-100c-01__A8_ROUTE_POOL_RECOMBINATION__seed1,multidepot,e2-multidepot-100c-01,A8_ROUTE_POOL_RECOMBINATION,1,1968,whole_route_removal,regret2_insert_repair,False,False,candidate_usable,softmax,sample,1968,80,0.6784292352125166,0.04635333182303336,nan,0.5571999999999999
4000,STRUCTURAL_RESCUE__b4000__multidepot__e2-multidepot-100c-01__A8_ROUTE_POOL_RECOMBINATION__seed1,multidepot,e2-multidepot-100c-01,A8_ROUTE_POOL_RECOMBINATION,1,1969,route_segment_removal,regret3_insert_repair,False,False,unchanged,softmax,sample,1969,105,0.9885216896346318,0.08091644218472498,nan,0.556975
4000,STRUCTURAL_RESCUE__b4000__multidepot__e2-multidepot-100c-01__A8_ROUTE_POOL_RECOMBINATION__seed1,multidepot,e2-multidepot-100c-01,A8_ROUTE_POOL_RECOMBINATION,1,1970,route_segment_removal,regret3_insert_repair,False,False,unchanged,softmax,sample,1970,106,0.9800296443368277,0.07978997795443948,nan,0.5567500000000001
4000,STRUCTURAL_RESCUE__b4000__multidepot__e2-multidepot-100c-01__A8_ROUTE_POOL_RECOMBINATION__seed1,multidepot,e2-multidepot-100c-01,A8_ROUTE_POOL_RECOMBINATION,1,1971,shaw_related_removal,regret3_insert_repair,False,False,candidate_usable,softmax,sample,1971,31,0.250623989810673,0.021540695970728472,nan,0.5565249999999999
4000,STRUCTURAL_RESCUE__b4000__multidepot__e2-multidepot-100c-01__A8_ROUTE_POOL_RECOMBINATION__seed1,multidepot,e2-multidepot-100c-01,A8_ROUTE_POOL_RECOMBINATION,1,1972,worst_customer_removal,regret3_insert_repair,False,False,candidate_usable,softmax,sample,1972,328,1.2243551889348387,0.12395812801224665,nan,0.5563
4000,STRUCTURAL_RESCUE__b4000__multidepot__e2-multidepot-100c-01__A8_ROUTE_POOL_RECOMBINATION__seed1,multidepot,e2-multidepot-100c-01,A8_ROUTE_POOL_RECOMBINATION,1,1973,worst_customer_removal,regret2_insert_repair,False,False,candidate_usable,softmax,sample,1973,27,0.19723952516702098,0.019566555022716994,nan,0.556075
4000,STRUCTURAL_RESCUE__b4000__multidepot__e2-multidepot-100c-01__A8_ROUTE_POOL_RECOMBINATION__seed1,multidepot,e2-multidepot-100c-01,A8_ROUTE_POOL_RECOMBINATION,1,1974,random_customer_removal,regret3_insert_repair,True,False,candidate_usable,softmax,sample,1974,481,1.5907905072684374,0.23994445266992442,nan,0.55585
4000,STRUCTURAL_RESCUE__b4000__multidepot__e2-multidepot-100c-01__A8_ROUTE_POOL_RECOMBINATION__seed1,multidepot,e2-multidepot-100c-01,A8_ROUTE_POOL_RECOMBINATION,1,1975,whole_route_removal,regret3_insert_repair,False,False,candidate_usable,softmax,sample,1975,102,0.7473621683618284,0.05258814321495678,nan,0.555625
4000,STRUCTURAL_RESCUE__b4000__multidepot__e2-multidepot-100c-01__A8_ROUTE_POOL_RECOMBINATION__seed1,multidepot,e2-multidepot-100c-01,A8_ROUTE_POOL_RECOMBINATION,1,1976,random_customer_removal,regret3_insert_repair,False,False,candidate_usable,softmax,sample,1976,482,1.5916787254429392,0.24059636398320955,nan,0.5554
4000,STRUCTURAL_RESCUE__b4000__multidepot__e2-multidepot-100c-01__A8_ROUTE_POOL_RECOMBINATION__seed1,multidepot,e2-multidepot-100c-01,A8_ROUTE_POOL_RECOMBINATION,1,1977,route_segment_removal,regret3_insert_repair,True,False,candidate_usable,softmax,sample,1977,107,0.9717096683040004,0.07890344298443679,nan,0.555175
4000,STRUCTURAL_RESCUE__b4000__multidepot__e2-multidepot-100c-01__A8_ROUTE_POOL_RECOMBINATION__seed1,multidepot,e2-multidepot-100c-01,A8_ROUTE_POOL_RECOMBINATION,1,1978,worst_customer_removal,regret3_insert_repair,False,False,candidate_usable,softmax,sample,1978,329,1.220859727392947,0.12344138482166869,nan,0.55495
4000,STRUCTURAL_RESCUE__b4000__multidepot__e2-multidepot-100c-01__A8_ROUTE_POOL_RECOMBINATION__seed1,multidepot,e2-multidepot-100c-01,A8_ROUTE_POOL_RECOMBINATION,1,1979,shaw_related_removal,regret3_insert_repair,False,False,unchanged,softmax,sample,1979,32,0.2465917139205287,0.021336300294257014,nan,0.5547249999999999
4000,STRUCTURAL_RESCUE__b4000__multidepot__e2-multidepot-100c-01__A8_ROUTE_POOL_RECOMBINATION__seed1,multidepot,e2-multidepot-100c-01,A8_ROUTE_POOL_RECOMBINATION,1,1980,random_customer_removal,regret3_insert_repair,False,False,candidate_usable,softmax,sample,1980,483,1.5885283194852355,0.23987261996210044,nan,0.5545
4000,STRUCTURAL_RESCUE__b4000__multidepot__e2-multidepot-100c-01__A8_ROUTE_POOL_RECOMBINATION__seed1,multidepot,e2-multidepot-100c-01,A8_ROUTE_POOL_RECOMBINATION,1,1981,random_customer_removal,regret3_insert_repair,False,False,candidate_usable,softmax,sample,1981,484,1.5853873685073885,0.23894822739259614,nan,0.554275
4000,STRUCTURAL_RESCUE__b4000__multidepot__e2-multidepot-100c-01__A8_ROUTE_POOL_RECOMBINATION__seed1,multidepot,e2-multidepot-100c-01,A8_ROUTE_POOL_RECOMBINATION,1,1982,worst_customer_removal,regret3_insert_repair,False,False,candidate_usable,softmax,sample,1982,330,1.2173825058162482,0.12320291009866396,nan,0.5540499999999999
4000,STRUCTURAL_RESCUE__b4000__multidepot__e2-multidepot-100c-01__A8_ROUTE_POOL_RECOMBINATION__seed1,multidepot,e2-multidepot-100c-01,A8_ROUTE_POOL_RECOMBINATION,1,1983,shaw_related_removal,greedy_insert_repair,False,False,candidate_usable,softmax,sample,1983,34,0.18173887841674702,0.019006787377120023,nan,0.553825
4000,STRUCTURAL_RESCUE__b4000__multidepot__e2-multidepot-100c-01__A8_ROUTE_POOL_RECOMBINATION__seed1,multidepot,e2-multidepot-100c-01,A8_ROUTE_POOL_RECOMBINATION,1,1984,vehicle_type_swap,regret2_insert_repair,False,False,candidate_usable,softmax,sample,1984,306,1.113600558737727,0.10226369447358721,nan,0.5536
4000,STRUCTURAL_RESCUE__b4000__multidepot__e2-multidepot-100c-01__A8_ROUTE_POOL_RECOMBINATION__seed1,multidepot,e2-multidepot-100c-01,A8_ROUTE_POOL_RECOMBINATION,1,1985,worst_customer_removal,regret3_insert_repair,True,False,candidate_usable,softmax,sample,1985,331,1.2139247832436797,0.12267985767019757,nan,0.553375
4000,STRUCTURAL_RESCUE__b4000__multidepot__e2-multidepot-100c-01__A8_ROUTE_POOL_RECOMBINATION__seed1,multidepot,e2-multidepot-100c-01,A8_ROUTE_POOL_RECOMBINATION,1,1986,whole_route_removal,regret2_insert_repair,True,False,candidate_usable,softmax,sample,1986,81,0.6712616188459597,0.045978465464882746,nan,0.55315
4000,STRUCTURAL_RESCUE__b4000__multidepot__e2-multidepot-100c-01__A8_ROUTE_POOL_RECOMBINATION__seed1,multidepot,e2-multidepot-100c-01,A8_ROUTE_POOL_RECOMBINATION,1,1987,worst_customer_removal,greedy_insert_repair,False,False,unchanged,softmax,sample,1987,36,0.17814589984871043,0.01881601224288636,nan,0.5529249999999999
4000,STRUCTURAL_RESCUE__b4000__multidepot__e2-multidepot-100c-01__A8_ROUTE_POOL_RECOMBINATION__seed1,multidepot,e2-multidepot-100c-01,A8_ROUTE_POOL_RECOMBINATION,1,1988,worst_customer_removal,greedy_insert_repair,False,False,unchanged,softmax,sample,1988,37,0.1764527145146107,0.0187485503430055,nan,0.5527
4000,STRUCTURAL_RESCUE__b4000__multidepot__e2-multidepot-100c-01__A8_ROUTE_POOL_RECOMBINATION__seed1,multidepot,e2-multidepot-100c-01,A8_ROUTE_POOL_RECOMBINATION,1,1989,shaw_related_removal,greedy_insert_repair,False,False,candidate_usable,softmax,sample,1989,35,0.17992211271645742,0.01885661188678929,nan,0.552475
4000,STRUCTURAL_RESCUE__b4000__multidepot__e2-multidepot-100c-01__A8_ROUTE_POOL_RECOMBINATION__seed1,multidepot,e2-multidepot-100c-01,A8_ROUTE_POOL_RECOMBINATION,1,1990,random_customer_removal,regret2_insert_repair,False,False,candidate_usable,softmax,sample,1990,85,0.8275913618113291,0.06089315024937654,nan,0.55225
4000,STRUCTURAL_RESCUE__b4000__multidepot__e2-multidepot-100c-01__A8_ROUTE_POOL_RECOMBINATION__seed1,multidepot,e2-multidepot-100c-01,A8_ROUTE_POOL_RECOMBINATION,1,1991,vehicle_type_swap,regret2_insert_repair,False,False,candidate_usable,softmax,sample,1991,307,1.1102189791203052,0.10169027778409813,nan,0.552025
4000,STRUCTURAL_RESCUE__b4000__multidepot__e2-multidepot-100c-01__A8_ROUTE_POOL_RECOMBINATION__seed1,multidepot,e2-multidepot-100c-01,A8_ROUTE_POOL_RECOMBINATION,1,1992,route_segment_removal,regret3_insert_repair,False,False,unchanged,softmax,sample,1992,108,0.9816175366111274,0.08060764113011207,nan,0.5518000000000001
4000,STRUCTURAL_RESCUE__b4000__multidepot__e2-multidepot-100c-01__A8_ROUTE_POOL_RECOMBINATION__seed1,multidepot,e2-multidepot-100c-01,A8_ROUTE_POOL_RECOMBINATION,1,1993,random_customer_removal,greedy_insert_repair,False,False,candidate_usable,softmax,sample,1993,54,0.5162371684329368,0.034711102465721365,nan,0.5515749999999999
4000,STRUCTURAL_RESCUE__b4000__multidepot__e2-multidepot-100c-01__A8_ROUTE_POOL_RECOMBINATION__seed1,multidepot,e2-multidepot-100c-01,A8_ROUTE_POOL_RECOMBINATION,1,1994,random_customer_removal,regret2_insert_repair,False,False,candidate_usable,softmax,sample,1994,86,0.8190535955453233,0.060124533080597356,nan,0.55135
4000,STRUCTURAL_RESCUE__b4000__multidepot__e2-multidepot-100c-01__A8_ROUTE_POOL_RECOMBINATION__seed1,multidepot,e2-multidepot-100c-01,A8_ROUTE_POOL_RECOMBINATION,1,1995,shaw_related_removal,regret3_insert_repair,False,False,unchanged,softmax,sample,1995,33,0.24280615048422932,0.02114967487257891,nan,0.551125
4000,STRUCTURAL_RESCUE__b4000__multidepot__e2-multidepot-100c-01__A8_ROUTE_POOL_RECOMBINATION__seed1,multidepot,e2-multidepot-100c-01,A8_ROUTE_POOL_RECOMBINATION,1,1996,random_customer_removal,regret3_insert_repair,True,False,candidate_usable,softmax,sample,1996,485,1.5822757089795911,0.24048162586032076,nan,0.5509
4000,STRUCTURAL_RESCUE__b4000__multidepot__e2-multidepot-100c-01__A8_ROUTE_POOL_RECOMBINATION__seed1,multidepot,e2-multidepot-100c-01,A8_ROUTE_POOL_RECOMBINATION,1,1997,random_customer_removal,regret2_insert_repair,True,False,candidate_usable,softmax,sample,1997,87,0.8107066122197844,0.05923840914171162,nan,0.550675
4000,STRUCTURAL_RESCUE__b4000__multidepot__e2-multidepot-100c-01__A8_ROUTE_POOL_RECOMBINATION__seed1,multidepot,e2-multidepot-100c-01,A8_ROUTE_POOL_RECOMBINATION,1,1998,random_customer_removal,regret3_insert_repair,False,False,candidate_usable,softmax,sample,1998,486,1.5831739942947989,0.24063063411119018,nan,0.55045
4000,STRUCTURAL_RESCUE__b4000__multidepot__e2-multidepot-100c-01__A8_ROUTE_POOL_RECOMBINATION__seed1,multidepot,e2-multidepot-100c-01,A8_ROUTE_POOL_RECOMBINATION,1,1999,random_customer_removal,regret3_insert_repair,False,False,unchanged,softmax,sample,1999,487,1.5800632878937273,0.2397076535401798,nan,0.550225
