StringID  Type  x          y          demand  ReadyTime  DueDate  ServiceTime
D0        d     41477.70    -2846.44    0.0     0.0        86400.0  0.0
D1        d     -1810.86    1191.38     0.0     0.0        86400.0  0.0
C001      c     -41673.11   31181.06    789.8   3239.0     22907.0  752.0
C002      c     -37111.33   33305.18    403.1   0.0        19376.0  398.0
C003      c     -14440.72   1313.71     501.7   2751.4     23162.4  1506.0
C004      c     704.10      -29836.60   157.6   1417.3     19831.3  318.0
C005      c     33166.40    -4941.38    601.3   248.7      20804.7  792.0
C006      c     41614.75    -19863.96   353.4   0.0        20524.0  1354.0
C007      c     21740.38    -2846.44    525.4   10157.6    30029.6  924.0
C008      c     -36611.79   24036.54    390.3   0.0        20999.0  1076.0
C009      c     48623.63    -29462.99   522.4   5469.3     26103.3  1222.0
C010      c     41502.14    12804.48    143.3   6884.0     27832.0  1650.0
C011      c     33554.56    -16506.16   258.6   3761.1     23987.1  814.0
C012      c     48518.86    -2070.82    212.8   4587.2     23834.2  212.0
C013      c     13893.73    -16825.72   228.4   1037.9     21123.9  1020.0
C014      c     16500.77    -6414.59    591.2   0.0        20776.0  1350.0
C015      c     -5426.91    -689.96     763.4   3687.6     22684.6  750.0
C016      c     40627.26    -28314.66   856.7   0.0        20226.0  814.0
C017      c     20476.21    7006.11     117.9   1324.0     21306.0  846.0
C018      c     10781.63    -21074.12   395.7   0.0        18997.0  750.0
C019      c     37823.85    1585.83     146.4   3533.7     24517.7  998.0
C020      c     44583.97    7787.45     342.0   6069.5     25610.5  458.0
C021      c     41379.95    -7085.98    510.4   2443.6     22066.6  266.0
C022      c     -2734.40    3348.08     236.1   6996.9     27067.9  1308.0
C023      c     -60000.00   18648.63    170.8   2544.4     22589.4  504.0
C024      c     38314.15    -25355.46   594.8   3397.7     23892.7  756.0
C025      c     5785.53     -21233.07   708.0   1011.8     21343.8  1052.0
C026      c     50105.76    -7528.98    201.8   2426.5     20759.5  228.0
C027      c     10628.82    5696.73     651.0   6809.1     27338.1  1118.0
C028      c     43353.14    -17440.82   257.6   3447.4     23985.4  1478.0
C029      c     16032.76    20418.30    521.7   1423.2     21032.2  552.0
C030      c     36236.34    -14745.77   462.6   3441.2     22970.2  1186.0
C031      c     3070.32     -14610.94   409.7   645.1      20690.1  504.0
C032      c     49957.40    -5231.89    199.0   5813.7     25965.7  684.0
C033      c     -29692.60   10355.32    350.6   2048.2     22125.2  406.0
C034      c     44448.33    -20608.14   386.8   5506.1     25015.1  1196.0
C035      c     10581.82    10090.08    389.2   345.9      20747.9  882.0
C036      c     -51846.07   -14868.44   211.2   8828.1     28451.1  266.0
C037      c     46722.00    31859.29    669.3   5022.6     25706.6  916.0
C038      c     -44303.91   2635.24     595.9   3485.2     22436.2  346.0
C039      c     46167.71    -17826.85   533.5   0.0        20524.0  1354.0
C040      c     30552.18    -9843.33    835.0   5409.7     26201.7  1262.0
C041      c     -22229.76   14808.91    176.1   2121.8     21675.8  1138.0
C042      c     4994.53     -14396.70   540.6   2115.4     20529.4  318.0
C043      c     25675.69    -9435.93    373.3   0.0        19926.0  916.0
C044      c     24000.80    -5626.64    221.1   0.0        19529.0  1186.0
C045      c     21655.28    -20568.11   715.7   0.0        20505.0  1158.0
C046      c     -8910.34    19879.41    534.9   7000.1     27336.1  1434.0
C047      c     37062.76    2535.69     181.7   5834.4     26001.4  1390.0
C048      c     -5067.32    -15145.53   151.1   6693.3     27641.3  1650.0
C049      c     43961.09    -763.65     563.5   3044.6     22290.6  332.0
C050      c     -46584.47   32645.40    491.6   546.0      20948.0  882.0
C051      c     29336.69    -20037.97   427.7   3968.2     23509.2  458.0
C052      c     24719.71    -11344.31   459.3   7272.2     26633.2  1108.0
C053      c     60000.00    -21758.15   268.6   9952.5     28370.5  384.0
C054      c     -27585.50   -10139.41   391.1   6649.2     26357.2  1114.0
C055      c     37663.99    7233.30     388.6   1294.2     21808.2  1598.0
C056      c     34278.60    -14783.17   697.4   3857.6     24352.6  756.0
C057      c     41172.71    5251.75     424.9   0.0        20514.0  1610.0
C058      c     10549.69    16549.00    653.1   0.0        19516.0  804.0
C059      c     -26878.58   12114.56    490.5   216.4      20142.4  916.0
C060      c     -31704.69   19601.28    562.5   2809.0     22285.0  858.0
C061      c     39252.37    -6152.85    591.0   9413.7     29484.7  1308.0
C062      c     40344.06    -28890.67   360.4   5140.9     25012.9  924.0
C063      c     49785.61    -13106.68   780.6   6300.3     26526.3  814.0
C064      c     -15900.47   -2671.00    720.9   8864.3     28572.3  1114.0
C065      c     56808.44    2269.17     252.9   1158.3     21235.3  406.0
C066      c     -27569.90   7221.29     591.3   8822.4     28893.4  1308.0
C067      c     60000.00    6955.27     477.6   3532.1     24088.1  792.0
C068      c     21280.71    -16947.24   817.8   2676.7     23171.7  756.0
C069      c     2245.52     -34242.75   571.6   3306.3     23823.3  1616.0
C070      c     -27462.31   14034.63    390.7   4495.3     23562.3  676.0
C071      c     55344.85    8134.57     155.9   921.8      20168.8  212.0
C072      c     -1203.56    -4229.92    375.7   1499.8     21891.8  854.0
C073      c     14547.42    11148.35    537.4   2642.8     22809.8  1390.0
C074      c     40107.28    2176.58     819.6   2370.4     22884.4  1610.0
C075      c     -45228.39   45000.00    202.1   0.0        19264.0  1028.0
C076      c     -801.54     5312.56     209.7   4417.7     25365.7  1650.0
C077      c     -24522.05   10949.71    514.7   0.0        20392.0  854.0
C078      c     -30230.00   2420.09     795.0   1673.0     21747.0  482.0
C079      c     60000.00    -19676.64   165.3   2322.4     23655.4  1632.0
C080      c     33422.95    1500.90     781.6   1537.0     21743.0  416.0
C081      c     -8331.86    -15300.72   810.4   2017.9     21130.9  762.0
C082      c     -7123.40    -13776.45   776.3   6437.1     27464.1  1254.0
C083      c     -46746.41   14338.24    395.5   393.1      19639.1  332.0
C084      c     34707.30    -10526.11   439.7   3554.4     23890.4  1434.0
C085      c     1809.35     -16075.29   748.0   2601.3     21714.3  762.0
C086      c     -19044.35   15991.24    785.9   6584.9     25535.9  346.0
C087      c     35718.80    -15293.31   377.9   5999.6     24413.6  318.0
C088      c     28606.54    -2155.32    515.1   39344.6    59170.6  960.0
C089      c     -15660.71   28795.01    470.1   33912.4    54978.4  1488.0
C090      c     14173.79    10250.96    99.9    41780.2    61018.2  688.0
C091      c     22357.46    -30765.38   814.9   34416.9    54026.9  324.0
C092      c     -7594.61    11566.40    228.5   32400.0    51876.0  736.0
C093      c     23821.01    -21177.97   841.4   35737.1    56055.1  618.0
C094      c     -7568.62    -955.98     226.7   33346.6    52516.6  676.0
C095      c     -42054.80   -28741.49   770.0   32400.0    51136.0  502.0
C096      c     43655.82    -18599.61   607.5   32400.0    52161.0  1442.0
C097      c     4818.98     14270.34    416.1   35682.2    54967.2  1078.0
C098      c     15707.92    -12780.05   815.7   37395.9    56538.9  920.0
C099      c     25292.09    -37722.52   513.7   32400.0    51512.0  292.0
C100      c     -47024.02   -2584.14    163.8   35833.3    55533.3  802.0
C101      c     -11824.10   20395.28    241.6   36238.9    55991.9  210.0
C102      c     -24006.93   -3625.63    492.7   33307.3    53216.3  1318.0
C103      c     39234.81    -21168.85   345.4   36489.6    56489.6  1428.0
C104      c     -45210.22   -29957.21   430.5   34209.5    53046.5  498.0
C105      c     -47319.79   -25289.10   643.9   32400.0    51673.0  434.0
C106      c     -18018.18   -40065.39   408.9   32900.7    52173.7  434.0
C107      c     46966.00    -29275.96   523.9   39748.4    59206.4  1318.0
C108      c     -14717.61   2355.35     162.4   32485.0    51943.0  1318.0
C109      c     -20126.93   15081.94    612.8   34609.8    54375.8  898.0
C110      c     -26284.04   -3815.25    477.2   36352.2    55421.2  642.0
C111      c     -29786.14   -5518.37    771.8   34177.8    53963.8  598.0
C112      c     -39535.90   10612.55    102.5   34280.6    54423.6  1124.0
C113      c     -11150.07   27480.30    149.7   32400.0    52419.0  1456.0
C114      c     35713.24    15723.41    400.5   35309.7    54782.7  420.0
C115      c     30983.98    -26233.44   564.5   35886.8    56406.8  1118.0
C116      c     53346.50    -34742.17   757.2   37267.8    57784.8  1192.0
C117      c     -20332.98   -41779.85   601.6   32400.0    52252.0  1470.0
C118      c     -29179.85   -45000.00   287.0   41756.0    61029.0  434.0
C119      c     -21329.52   -30304.53   851.3   35027.7    55160.7  472.0
C120      c     -48213.67   -3856.53    258.3   36312.0    56503.0  1134.0
C121      c     -5905.64    15058.95    140.5   34783.3    54618.3  1458.0
C122      c     -45013.45   -28650.18   455.7   34854.8    54571.8  1512.0
C123      c     -36639.64   -17588.98   861.5   41144.4    60638.4  1414.0
C124      c     -8532.30    -3309.36    751.8   33396.9    53149.9  210.0
C125      c     -24837.68   6737.57     641.6   39517.7    58052.7  532.0
C126      c     6964.79     -28180.91   726.1   37595.6    57614.6  1456.0
C127      c     25064.29    -9712.52    417.7   32400.0    52437.0  1290.0
C128      c     45408.43    -31302.41   171.0   38575.0    58292.0  1512.0
C129      c     -12090.52   -93.85      313.0   34373.2    52908.2  532.0
C130      c     12955.96    13697.69    704.7   43167.9    62279.9  292.0
C131      c     -12793.95   -7174.40    608.9   35628.9    55517.9  1570.0
C132      c     -45952.99   -25121.35   273.3   33562.1    53858.1  1650.0
C133      c     -25554.96   11393.69    367.1   32658.5    52080.5  348.0
C134      c     -39417.01   23932.18    164.5   32400.0    52522.0  844.0
C135      c     -47231.58   -3222.87    465.8   33111.0    52484.0  1250.0
C136      c     22241.03    -3861.62    111.2   33588.1    54285.1  1056.0
C137      c     6307.20     -13485.41   630.5   32400.0    51441.0  244.0
C138      c     -29714.37   7388.11     318.9   33998.7    53759.7  1442.0
C139      c     -33924.87   -32591.64   768.2   33298.6    52571.6  434.0
C140      c     30200.24    -8895.99    249.9   39622.7    59160.7  374.0
C141      c     35795.03    -20921.97   367.9   32400.0    53141.0  1058.0
C142      c     -36560.14   2812.41     810.0   32400.0    51414.0  602.0
C143      c     -19745.63   -16154.98   115.2   34166.5    53309.5  920.0
C144      c     37224.92    -23113.02   699.0   33590.7    53063.7  420.0
C145      c     22775.96    -6005.61    481.9   32400.0    52989.0  824.0
C146      c     -24661.15   -24843.35   187.6   32400.0    51136.0  502.0
C147      c     11975.76    -15192.16   180.5   38456.6    58461.6  986.0
C148      c     -11941.79   1658.58     216.7   32506.4    51547.4  244.0
C149      c     -19255.37   -20712.19   762.5   33594.5    53273.5  1150.0
C150      c     -48387.17   8062.41     406.4   34614.5    53117.5  352.0
C151      c     -35138.40   30762.25    200.8   34686.8    55091.8  672.0
C152      c     -5305.54    -1492.39    549.2   35431.1    55008.1  576.0
C153      c     -47021.23   -26559.08   404.5   37823.1    57037.1  484.0
C154      c     -20365.62   36362.24    450.7   32400.0    52252.0  1470.0
C155      c     37064.99    -23729.18   347.0   35632.2    56243.2  990.0
C156      c     -11710.08   -22958.49   309.6   36147.3    54984.3  498.0
C157      c     -29817.01   -15549.50   610.2   32400.0    51414.0  602.0
C158      c     -19503.66   4172.23     567.0   33962.1    55028.1  1488.0
C159      c     -8778.74    42603.37    403.9   41051.0    60330.0  766.0
C160      c     -17074.47   -9831.43    528.4   34203.2    54608.2  672.0
C161      c     47214.55    -45000.00   680.2   43289.9    63124.9  1458.0
C162      c     33641.11    -28042.38   190.4   33243.4    52080.4  498.0
C163      c     -3526.13    2166.88     141.7   37470.6    57233.6  1110.0
C164      c     -15215.65   -23701.83   537.8   34461.5    53746.5  1078.0
C165      c     1528.46     -45000.00   350.7   34440.5    54050.5  324.0
C166      c     -24576.36   24942.98    573.7   35947.2    56099.2  1436.0
C167      c     -18195.35   7272.87     490.5   33819.2    53536.2  1512.0
C168      c     -20323.76   25025.08    139.6   36863.6    57929.6  1488.0
C169      c     -14591.07   10343.31    382.1   34596.2    53399.2  338.0
C170      c     12214.95    -2557.14    376.6   34756.1    53330.1  306.0
C171      c     -396.22     -12433.16   308.9   34968.0    53982.0  602.0
C172      c     59536.49    -9258.14    584.8   36354.3    55890.3  244.0
C173      c     19367.68    -45000.00   539.8   39286.8    59631.8  1088.0
C174      c     35853.55    -11634.07   764.9   35319.7    55072.7  210.0
C175      c     -25503.84   -11384.65   745.2   32485.6    52522.6  1290.0
C176      c     -60000.00   -15632.10   288.4   66963.0    85751.0  774.0
C177      c     8153.39     3785.49     146.9   64800.0    83468.0  506.0
C178      c     17741.62    -10585.13   308.6   64800.0    84282.0  650.0
C179      c     -13252.45   -45000.00   544.8   64800.0    86117.0  1378.0
C180      c     -27008.48   -12977.00   168.7   64800.0    86117.0  1378.0
C181      c     23814.39    -6071.89    468.0   64800.0    85393.0  1532.0
C182      c     6557.23     -15410.87   281.8   66859.2    85511.2  280.0
C183      c     -24951.13   6839.03     209.9   65023.1    85023.1  448.0
C184      c     17588.68    -1729.32    361.7   64800.0    83852.0  408.0
C185      c     -46523.79   -3898.65    122.7   64800.0    85393.0  1532.0
C186      c     -12637.90   -8607.08    550.9   66021.4    86257.4  1148.0
C187      c     32866.81    10931.80    744.5   65955.9    85799.9  1644.0
C188      c     -41666.06   -37365.23   302.9   64800.0    86043.0  1424.0
C189      c     -9769.15    -11157.89   485.4   65689.6    85533.6  1644.0
C190      c     -6509.07    10753.65    258.3   65498.7    84041.7  360.0
C191      c     27540.59    21859.37    825.9   67553.1    85926.1  274.0
C192      c     -23294.81   -33509.66   281.7   66129.0    86023.0  662.0
C193      c     48572.87    -10862.67   538.7   66090.5    85997.5  386.0
C194      c     -19740.74   -34841.53   327.7   64800.0    84473.0  846.0
C195      c     -7257.76    -1846.87    661.0   64800.0    84707.0  386.0
C196      c     10789.99    -18626.11   293.7   64800.0    84452.0  1362.0
C197      c     -12709.38   -4419.22    338.8   65369.6    84919.6  1238.0
C198      c     -1165.79    -24042.23   461.8   66130.4    86392.4  600.0
C199      c     25909.99    -3257.28    303.8   64957.9    84507.9  1238.0
C200      c     -24373.50   -21465.01   274.7   66664.0    86333.0  248.0
F1        f     40492.37    -2832.93    0.0     0.0        86400.0  0.0
F2        f     38498.94    -7667.37    0.0     0.0        86400.0  0.0
F3        f     36435.68    -2592.32    0.0     0.0        86400.0  0.0

m numVeh /20/
m numPetrolVeh /10/
m numElectroVeh /10/

DistanceMatrix
0 43476 89844 86505 56073 48897 8571 17018 19737 82587 27559 15651 15791 7084 30924 25231 46954 25482 23198 35700 5744 11078 4241 44644 103729 22730 40150 9817 32010 14714 34477 13003 40169 8809 72384 18008 33495 94095 35100 85957 15697 12974 66109 38268 17121 17697 26589 55276 6961 48143 3241 94945 21046 18789 26471 69447 10777 13940 8104 36507 69974 76548 3986 26069 13202 57378 16162 69778 20956 24632 50248 70977 17688 42704 30350 5207 99031 43059 67426 71901 25027 9153 51343 49815 89882 10238 41816 63386 13715 12890 65314 30283 33839 51145 25452 49083 87454 15903 40458 27618 38449 88502 58149 65489 18459 90828 91590 70178 26993 56436 64160 67769 71314 82124 60740 19444 25633 34032 73050 82276 68547 89697 50654 90258 79496 50012 67004 42813 17792 28726 53639 32973 54444 90224 68529 85212 88710 19263 36744 71924 81058 12798 18948 78243 62653 20708 18967 69701 31981 53609 63306 90525 83663 46803 91621 73225 21344 56863 72418 61384 67760 58967 42542 26387 45282 60408 58076 71662 60525 67796 57599 29264 42957 19163 47600 10433 67524 102280 33978 24966 69082 69231 17955 37112 67131 23915 88008 54421 16248 90025 51916 49877 28366 71664 10705 69075 48746 34507 54210 47621 15573 68433 985 5667 5048
43476 0 49884 47722 12630 31130 35511 48261 23895 41629 59020 44843 39546 50435 23901 19828 4076 51688 23033 25580 39637 46861 43977 2346 60751 48112 23676 52644 13230 48856 26231 41250 16539 52165 29349 51138 15257 52549 57410 42518 51610 34193 24543 17009 29469 26697 32002 19991 38897 16658 45814 54718 37694 29343 65934 28155 39935 39467 43175 19714 27344 35108 41715 51788 53541 14609 58629 26455 62079 29364 35666 28687 57576 5455 19150 41930 61679 4243 24719 28446 65238 35235 17735 15883 46819 38352 17642 22716 40990 30601 30883 18373 40067 11878 34020 6145 50155 49587 14663 22408 47422 45371 21658 22713 46741 53420 52652 44326 57510 12959 22988 24980 28769 38884 27899 40240 42751 65830 46793 53691 37054 46677 14459 52507 39570 8089 23685 30655 29003 57319 10360 19351 13806 51390 25843 43947 45635 24577 16772 28583 46611 33563 43626 34787 24951 45984 25619 34640 21412 10142 28001 47080 44555 4406 53048 39765 46178 26100 32628 17942 41994 18828 67358 45951 1973 28273 46312 32900 17477 30179 15719 14518 13698 62231 50815 39788 26824 60572 10296 22825 47587 28908 26635 18592 23819 19618 45002 14603 36020 55453 14691 10654 35898 40813 51806 40247 6237 23484 12258 25242 28076 31975 42494 41272 38433
89844 49884 0 5032 40419 74290 83101 97686 71966 8756 108771 85181 89069 96126 73432 69265 48265 101553 66686 74041 84827 89373 91445 47863 22202 97951 70708 99608 58180 97947 58701 90439 64023 98600 24026 100494 56351 47160 88398 28667 100587 83063 25418 65232 78649 75285 81783 34657 83785 59044 91398 5125 87554 78844 114630 43656 82873 88777 86809 54234 24133 15279 89122 101663 101617 42546 102638 27802 104519 79243 78798 22270 99718 53775 59683 86771 14269 48370 26523 30954 113683 80749 57203 56700 17590 87026 64217 27254 90274 77785 26122 59640 89091 39320 83851 46860 59924 98788 49472 72285 96084 34187 31738 39033 96367 61241 56752 75071 107294 39465 26896 38230 38577 20679 30747 78915 92604 115649 76018 77199 64764 35643 39233 59924 49029 47832 29680 76743 78270 107179 43049 57359 48012 56465 25521 7592 34850 72890 65553 26629 64242 82292 93360 28826 52168 95774 74408 58550 70913 41899 56528 24074 6548 48889 57987 21928 95994 61878 48211 34942 34821 47824 117067 95810 47927 60927 87578 18199 33508 22219 34171 63578 60050 108990 97619 88564 45533 50273 56861 72626 81310 46529 75342 67059 29532 67787 35413 49256 77241 68546 53014 40667 69839 67251 99559 69570 47700 72340 45894 68487 75852 55416 88928 89088 85098
86505 47722 5032 0 39210 73600 80011 94999 69069 9282 106256 81243 86457 92650 71517 66723 46471 99198 63308 72463 81372 85588 88274 45598 27179 95551 69387 96303 55148 95130 54684 87686 62534 95216 24119 97768 53043 50377 83846 31502 97723 80251 23740 63627 75954 72459 79724 31234 80303 58089 87940 9496 85211 76267 111636 44477 79190 86076 83159 50521 23532 14732 85956 99336 98515 41763 98915 27774 100623 77039 78177 21551 95821 51945 56210 83257 14236 45847 25657 31642 110624 77373 56487 55821 21274 84137 62875 25024 87556 74675 21920 56229 87416 36658 81738 45239 62243 96007 46049 70098 94547 37233 28392 39187 93788 63779 59477 75814 104811 38202 24911 38667 39509 22822 26607 74917 90453 113195 76937 78706 65538 38785 36149 62457 50896 46448 29266 75652 75606 104803 41732 53770 47222 59092 24772 9652 37904 70029 63832 26952 65974 79447 90862 30498 52420 93321 71637 59466 69004 40435 56892 27647 3219 47143 60679 17022 93568 61732 49396 34041 29819 47563 115076 93645 45799 61067 87320 15068 32179 18719 32162 60985 58651 105605 96548 85694 46173 54025 54040 70251 81859 47372 72543 65423 29126 64958 38376 48534 73468 70817 52197 38014 65657 68228 96398 70326 46118 70650 44929 67682 72859 56232 85605 85998 81840
56073 12630 40419 39210 0 34637 48016 59923 36419 31747 70173 57111 51197 63050 33643 31892 9234 62533 35378 33725 52265 59379 56449 11882 48746 59113 30290 65149 25450 60761 35967 53161 23669 64730 17730 62837 26517 40756 68366 29892 63559 46356 15582 24991 41532 39063 42211 19372 51518 18941 58439 44888 48707 41155 77934 17434 52440 51310 55753 29268 16473 25149 54210 62559 65825 4244 71256 14397 74654 40118 39277 18204 70118 14351 30611 54555 53445 14213 13946 15828 77343 47864 17702 16771 34832 50554 23800 15383 52837 43187 27508 29978 48818 12328 44383 7237 40815 61415 23212 33280 55700 32816 19260 10766 58194 43871 42294 41533 68604 1078 14896 12906 16798 26763 26373 52183 53125 76780 43495 48602 32360 34166 16180 42808 29157 7502 11727 36444 41015 68160 2739 30066 8646 41132 15004 33696 33103 37045 25485 16437 39105 45794 54937 22170 18256 57149 37930 28083 31149 2523 22546 34611 35995 9556 42876 35546 57271 24425 22821 5814 41676 11452 77112 56335 10948 25028 48990 25711 7043 24430 9031 26935 19653 74729 57341 51934 16842 48609 22729 34312 46329 19031 38962 26844 11874 32174 32504 10083 48275 47300 13318 12330 46739 35931 64179 36542 7848 32159 5989 28621 40609 24850 55089 53696 51026
48897 31130 74290 73600 34637 0 40909 42109 34220 65535 47921 59015 35452 55292 18527 28251 29784 39952 41813 13354 48634 57801 46606 33362 77690 37876 9992 54205 36893 44414 52541 38604 15408 55057 50392 44707 41130 54640 76968 55499 47023 35925 50191 16025 32245 33598 22910 50637 48682 15784 52119 78359 30263 30310 59844 34471 52347 36795 53562 47419 50207 59114 45243 39651 51854 31838 64641 46612 69783 24280 4668 52135 66539 25678 43260 50769 87808 35181 47957 44692 60160 45305 17116 17866 64830 39104 13806 49902 37915 39304 60873 42290 21673 42227 24685 30042 42773 44397 44298 22717 25822 54961 51771 36023 39494 45914 48239 21334 46265 35695 49514 37490 39000 57056 58530 57457 30494 52870 24191 33511 22039 55389 45379 45733 39301 28089 44610 6476 31597 44728 32378 45225 26378 46895 48882 67088 54828 33742 17285 48072 34738 36174 36206 49544 24604 37135 32482 25852 18480 33939 21946 62018 70405 28974 47838 69471 36870 14192 33700 39560 73058 26763 48920 32986 32282 17061 15186 60332 41645 58754 42993 29609 17438 62328 24047 39583 32052 62344 34437 25708 20609 32438 33149 15568 44758 32789 53882 25074 51928 43034 21415 41226 58247 24278 51492 21049 29100 15080 28740 6089 36631 26438 48086 43817 44933
8571 35511 83101 80011 48016 40909 0 17148 11616 75556 28987 19606 11571 15619 22642 16731 38827 24535 17429 27592 8018 17099 8489 36845 96107 21053 31861 17136 24922 16125 30605 10274 31611 16794 64693 19306 27129 85590 39218 77840 18305 5555 58812 29716 8736 9191 19409 48852 8431 39572 11575 88164 15575 10599 31668 60974 12979 9904 12962 31199 62420 69358 6205 25002 18517 49119 24717 61942 29353 16894 42599 63529 25746 34377 24608 9942 92951 35482 59837 63822 30613 6447 42772 41247 82206 5793 33275 56251 10662 5344 59348 24321 27995 43977 18734 40930 78897 17221 34244 19137 33714 80225 51634 57188 17325 82272 83018 62077 27975 48437 56931 59461 62955 74347 54910 20821 21404 35991 64956 74106 60109 81387 43893 81696 70943 41731 59168 35023 9403 29065 45516 27493 46015 81652 60951 78116 80416 10979 28185 64078 72566 4943 16195 70156 54087 18619 10445 61156 23540 45588 54743 82584 77073 38626 83050 67614 19188 48358 63871 53453 63403 50478 42450 23106 37375 51892 51046 65018 52794 61312 50144 21087 34389 26721 42369 7212 59023 93778 26492 16425 61314 60709 9420 28595 59299 15905 79697 45951 15876 81555 43383 42667 27385 63277 16505 60772 40542 26229 45879 39288 7449 59865 7623 5989 4026
17018 48261 97686 94999 59923 42109 17148 0 26165 89703 11886 32669 8732 19086 27887 28489 50799 8508 34188 30857 21782 27810 12780 50056 108668 6407 35855 14975 40168 2982 47719 7424 38901 16843 77446 2930 43131 93594 51975 88816 4988 14926 72652 37026 19047 22648 19972 64283 22857 46920 19244 102647 12279 18922 18483 69880 27384 8924 25120 47864 75591 83266 13913 9116 10603 60030 26846 74298 32516 20542 41913 76946 31184 45583 41163 22092 108393 49325 72963 75221 18386 22881 50155 49117 94750 11615 39985 70464 7460 21973 75154 40742 22129 58390 17842 52693 84139 2401 50190 26858 24194 90307 66907 67601 2714 87410 89100 62962 10827 60556 70945 69770 72828 86685 70892 36073 12393 18947 65710 75125 63804 91244 58973 87073 78287 52809 71579 35634 19416 12051 57229 44133 55869 87725 74087 92110 90391 25128 35879 76358 76604 15830 5915 81397 61472 5461 23387 66463 30005 57719 60876 94235 91946 50389 88888 83684 5970 53415 71562 65675 80260 59541 25752 11422 50230 56960 47315 79931 65678 76494 63809 34116 42663 20825 33567 10046 67652 101703 40975 25613 60351 68968 22518 35339 71722 30102 89573 55408 32014 85100 52116 57038 44033 66328 11377 63157 52088 30850 56477 42984 22857 66008 17068 12588 18031
19737 23895 71966 69069 36419 34220 11616 26165 0 64247 37831 25209 18060 26790 16031 6339 27253 31707 9933 21268 16683 25197 20092 25247 84519 27953 24344 28749 14016 26079 23955 18754 22068 28318 53100 28829 17084 74562 42762 66271 28655 11252 47382 20343 7675 3583 17722 38157 16240 29494 22318 76993 18795 9005 42678 49862 18846 17312 21052 22392 50869 57968 17821 32006 29863 37641 35439 50328 39495 14108 36956 52018 35353 22986 15735 19041 82305 23973 48276 52237 41798 12465 32549 30864 70610 15070 23922 44925 18717 6901 48990 15126 27926 32684 18449 29370 68850 26990 24069 11622 35056 68765 40826 45754 25333 72231 72615 54461 36536 36827 45544 48034 51596 62737 44738 23240 25147 44903 57323 66104 51078 69961 32938 71567 60213 30276 47554 29328 7628 37012 33943 18732 34804 71264 49393 66763 68973 1132 18745 52463 63114 10400 22897 58575 43568 25505 3325 51351 15741 33982 44720 70971 66066 27080 72735 57535 25902 39031 53099 41837 54746 39438 49253 27865 25759 42435 46749 54014 41198 50460 38652 9530 24123 38336 42220 16625 48010 82734 15119 8711 54785 49790 3835 19708 47685 4299 68272 34858 17710 72194 32587 31353 25378 54483 28004 52387 29015 19207 34486 31208 4190 49731 18752 17438 14697
82587 41629 8756 9282 31747 65535 75556 89703 64247 0 100634 78917 81037 89044 64966 61223 39798 93309 59574 65430 77748 82806 83972 39695 24001 89741 62023 92284 50676 90082 52769 82528 55392 91383 15331 92541 49211 41781 83700 22742 92763 75225 17088 56641 70712 67482 73380 28012 76748 50302 84303 13174 79321 70805 106916 35348 76153 80823 80021 47752 15391 6614 81650 93400 94043 33797 95923 19092 98110 70931 70045 13555 93321 45307 52758 79773 22665 40410 17816 22539 106041 73571 48448 47952 14027 79253 55544 19322 82332 70281 21485 52623 80502 31583 75475 38316 53058 90889 42566 63975 87443 28585 25054 30399 88296 54674 50475 66744 99134 30813 18760 29705 30333 13739 25694 72801 84239 107459 67800 69435 56449 30210 31992 53352 41626 39195 20926 68012 70306 98943 34403 50635 39261 50038 16796 2807 29255 65130 57008 18021 56692 74488 85229 21224 43587 87607 66554 50320 62447 33307 47997 19845 6885 40396 51655 20393 87806 53185 40165 26216 33458 39099 108595 87451 39660 52314 78872 12070 24904 16318 25931 55599 51397 101750 88881 80769 37122 46050 49133 64443 72881 38239 67512 58478 20778 60013 29642 40501 70704 61609 44263 32903 64189 59067 92056 61248 39136 63773 37163 59733 68220 47119 81652 81528 77750
27559 59020 108771 106256 70173 47921 28987 11886 37831 100634 0 42863 19874 27392 36958 39536 61232 8078 46068 38761 32873 37469 23520 60944 118802 11098 43621 21984 51767 13127 59584 19236 47913 24268 87857 9790 54878 101524 61352 98315 11892 26674 83548 46157 30458 34270 28397 75795 34023 55567 29076 113675 21467 29995 13740 78621 38298 20525 35505 59722 86193 94127 25123 8299 16398 69865 32771 84565 38154 30071 46624 87642 38194 55852 53014 32766 119804 60433 83567 85055 15006 34494 58690 57912 104948 23500 48691 81517 19165 33858 86755 52574 26298 69598 26150 63010 90681 11945 61899 36902 24750 99353 78357 77089 12528 93835 96034 67480 1668 70884 81920 79177 81984 96841 82556 46995 17933 7083 70048 79340 69958 100166 70396 93641 86086 62855 81897 41679 30743 3704 67444 55991 65337 94676 84686 102967 99382 36762 45232 86573 82608 27612 15412 91093 69652 13048 34905 73430 39328 68093 68441 104016 103166 60751 95689 95354 12903 60683 79665 75978 92134 68568 15601 15050 60992 64099 49592 91204 76252 87879 74704 45272 51894 22964 33126 21930 76300 109501 52377 36195 63797 77408 34098 44351 82043 41621 98522 64714 43359 90635 61195 68242 55484 72032 18600 68576 62333 39355 66249 50084 34679 73434 27844 24032 29506
15651 44843 85181 81243 57111 59015 19606 32669 25209 78917 42863 0 30369 16447 40499 31535 48831 41128 21811 45733 11806 5888 19891 45236 101670 38293 49338 22079 31681 30302 26583 28049 47208 19920 71237 33542 31039 97364 19757 86407 30985 25156 63763 45527 27297 25417 38828 50907 11187 54313 13789 90293 35023 29408 39201 72798 6765 28518 7560 31178 68384 73522 19090 41711 27203 59452 18582 69297 19401 35973 61274 68975 14609 45978 27006 10719 92513 42962 66050 72480 37379 13894 57213 55417 88262 24300 49087 60630 28687 19751 59357 27447 47590 49112 38307 50964 93316 31478 36712 36331 53064 89854 53864 67538 34049 96683 96646 79611 42434 57183 61671 69794 73605 81068 54659 6483 40430 49000 82480 91309 76198 91250 47461 95935 83844 52565 66617 53597 27879 44280 55123 28560 57855 95325 67072 81681 90170 25471 43930 71422 88034 24467 34206 78699 67749 36171 26542 76125 40689 54594 69389 90014 78716 48942 96881 66201 36802 64113 76749 61613 58448 62798 58086 41596 46268 67451 70280 67184 59953 63022 56147 33071 48912 28496 61897 25083 71238 105410 34547 33341 79620 73201 25868 44914 66720 27984 89597 58220 8836 97129 56595 48055 16641 79647 24701 77594 50914 43944 56882 56376 22385 74256 15670 20691 16209
15791 39546 89069 86457 51197 35452 11571 8732 18060 81037 19874 30369 0 20792 19663 19816 42068 13765 26905 23227 18589 26680 12246 41365 99942 10048 28168 18829 31915 9843 40871 3208 30543 19904 68715 11640 35144 85416 50126 80177 12682 7308 63973 28638 10586 14479 12573 55921 19362 38646 18871 94011 5501 10232 26962 61471 24093 1869 23053 40272 66868 74582 11818 14124 16583 51354 29887 65568 35353 12282 35984 68233 32894 36862 33557 19799 99949 40699 64240 66533 26635 18008 41904 40769 86021 6090 31748 61828 2481 15180 66891 33039 18130 49813 10797 43965 76593 10316 42106 18231 22768 81772 58489 58985 7349 79905 81350 56699 18518 51826 62286 61170 64287 77959 62716 32302 10061 26912 59520 68902 56592 82741 50532 79501 70203 44107 62848 29040 10874 18959 48506 36559 47279 79973 65363 83427 81871 16967 27414 67631 69370 8317 4952 72727 53301 7558 15048 58810 21619 48989 52977 85546 83385 41660 81200 75515 8031 45722 63379 56945 72705 51067 31599 11537 41517 49298 42867 71395 56952 68027 55126 25494 34194 26974 31830 5387 59280 93559 32511 16885 54798 60666 14274 27020 62991 21755 81065 46863 27447 78059 43653 48458 38834 59338 16044 56361 43365 22863 47817 35529 15296 58140 15333 10128 14209
7084 50435 96126 92650 63050 55292 15619 19086 26790 89044 27392 16447 20792 0 37638 32311 53963 27405 29475 42252 11303 10615 8724 51539 110479 25423 46833 5684 38678 16215 39511 17650 47147 3473 79192 18979 39839 101178 33978 92942 15930 19576 72734 45236 24001 24775 32616 61481 12348 55158 4742 101242 26283 25542 22791 76531 14297 19089 10372 42289 76720 83099 10126 28038 11108 64422 9357 76654 14604 31036 56358 77669 12278 49769 36453 9423 104901 49870 74192 78877 21019 15513 58370 56860 96668 16194 48764 69936 18403 19913 71216 36488 38830 57747 31226 56099 94419 17229 46655 34514 42550 95544 64389 72542 21235 97790 98611 76621 27249 63391 70756 74823 78381 88964 66586 21923 29855 33026 79482 88769 75339 96749 57057 97236 86561 57065 73883 49076 24668 29397 60642 38902 61525 97243 75288 91700 95757 26339 43728 78803 87912 19549 22743 85219 69702 23882 26042 76641 38827 60576 70291 97434 89870 53828 98629 78881 24501 63748 79487 68308 72655 66051 42949 29931 52217 67305 63648 77927 67365 73983 64319 36307 50001 13155 51891 15870 74606 109363 40788 31933 75224 76311 25026 44031 74008 30932 95060 61505 20348 96845 58992 56503 31824 78394 8792 75719 55777 41201 61273 54326 22640 75428 8063 11477 12094
30924 23901 73432 71517 33643 18527 22642 27887 16031 64966 36958 40499 19663 37638 0 10733 25172 29098 24724 5266 30193 39341 29161 26143 81968 25867 9229 37386 22758 29466 37305 22439 11048 37881 51367 30788 27119 65769 58719 61365 32289 18063 48017 9225 13908 15085 8617 43212 30194 19035 34089 78135 15774 12135 46369 42015 33821 20487 35094 33542 49999 58362 27513 29072 36084 32986 46971 47932 51878 7388 20953 51601 48386 19662 27982 32376 85544 26572 47405 48138 46194 26782 22278 21237 68179 21746 12108 46496 21879 20777 54357 27078 16308 35607 10839 26692 57203 29815 32393 4434 23803 62560 45242 40134 25711 60545 61796 39477 35338 34446 46642 42232 45120 60063 50894 39186 19509 43330 42358 51470 37714 63447 37532 60082 50539 26184 45336 13302 13243 34681 30905 30538 28379 60419 48503 67106 62621 15419 8289 49880 50351 18132 22281 54141 33646 24163 13999 39380 2519 31767 33376 67070 68328 24571 61688 63267 24178 26328 43729 39450 63607 31748 43636 22711 25772 29910 30768 56785 40130 54059 39364 14367 14950 46266 28701 22565 39772 73903 21396 7332 39124 41083 14631 7472 45486 15542 61785 27775 33622 59235 24332 34306 41022 40760 35188 38156 25918 3588 29354 16699 18124 38547 30055 26254 26660
25231 19828 69265 66723 31892 28251 16731 28489 6339 61223 39536 31535 19816 32311 10733 0 22663 32584 13997 15736 22775 31470 24888 21571 80502 28889 18287 33623 13460 29028 26837 21422 15734 33478 49143 31345 17534 68868 48767 61474 31786 14464 44164 14004 9660 7541 15063 36566 22426 23268 28036 74199 18718 9584 46126 44243 25182 19649 27291 23722 47171 54778 22753 32767 33951 32617 41232 46132 45508 11567 31267 48486 41479 17839 17671 25121 80336 20902 44547 47559 45476 18682 26375 24745 66565 18665 17583 42018 21170 12833 47687 16827 25045 30065 16479 24681 62668 29764 23756 6415 32519 63640 39001 40604 27102 66049 66553 48207 38089 32427 42470 42864 46296 58566 43743 29312 24547 46476 51063 59796 44742 64765 31035 65410 54303 25225 43380 23764 9177 38145 29282 20422 29305 65195 45671 63622 63812 6282 12406 48232 56815 13922 24140 53857 37532 26614 6289 45099 9875 29566 38509 66483 63630 22355 66640 56471 26883 32704 47210 37529 55153 33749 49317 27596 21788 36122 41388 51678 37298 48420 35320 5766 17937 43130 38692 20044 42298 77054 13180 4351 48725 44001 7322 13409 43519 4810 63075 29221 23848 65889 26695 28709 30353 48144 32379 46060 24194 13481 29278 24957 9925 43557 24257 22034 20298
46954 4076 48265 46471 9234 29784 38827 50799 27253 39798 61232 48831 42068 53963 25172 22663 0 53704 27022 26043 43311 50724 47242 4853 57898 50216 23404 55952 17279 51576 30101 43970 16309 55570 26661 53705 19300 48536 61473 39019 54366 37125 22859 17219 32309 29839 33594 20862 42612 14460 49388 52964 39785 31974 68735 24089 43813 42132 46977 23504 24983 33200 45012 53761 56591 10659 62306 23514 65872 31267 34419 26502 61409 5511 23219 45624 60595 7578 22363 24997 68126 38912 14897 13196 43968 41322 17002 21534 43660 34065 31210 22448 40945 12447 35710 2158 46136 52248 18133 24349 48115 41640 22034 18811 49133 49389 48581 41340 59684 9777 21560 21090 24833 35933 28746 44293 44477 67925 43710 50275 33614 42904 15756 48465 35494 4063 20783 30155 31798 59341 6690 23344 9814 47321 23477 41971 41881 27849 17361 25596 42777 36560 45919 31330 21076 48187 28699 30876 22653 6925 24333 43843 43267 812 48983 39950 48336 23138 28560 14893 43423 14806 68808 47691 3431 25007 44853 31996 15048 29718 14343 17740 12775 65526 50776 42707 22748 56582 14299 25193 44996 24834 29732 18982 20926 23039 41222 10709 40018 51559 11333 11495 39942 37368 54950 37030 2166 24180 8182 23738 31442 28117 45969 44477 41906
25482 51688 101553 99198 62533 39952 24535 8508 31707 93309 8078 41128 13765 27405 29098 32584 53704 0 40665 30711 30032 36318 21242 53691 111047 3756 35554 22845 45351 11210 54587 14262 39979 24897 80251 8602 48761 93446 60482 90395 11861 21040 76228 38254 24082 28128 20493 69113 31056 47554 27752 106405 13999 23260 20452 70593 35671 14947 33571 54013 78686 86763 22204 642 17753 62072 34601 76900 40240 22439 38837 80185 39308 48269 47302 30496 112899 53359 76067 77236 21211 30674 50659 49915 97229 18748 40702 74322 13916 28789 80186 46766 18433 62577 18259 55420 82683 10176 55639 29365 17991 91350 71581 69189 7280 85853 87999 59811 6411 63275 74661 71255 74012 89115 76118 44311 9865 14251 62430 71773 61989 92146 63613 85641 78008 55154 74258 33663 24254 5638 59796 50306 57452 86639 77181 95587 91372 30594 37387 78884 74675 22041 8832 83227 61585 6216 28572 65381 31514 60514 60363 96161 96076 53191 87666 88900 5807 52611 71592 68346 86431 60590 17939 6991 53653 56033 42510 84190 68750 80995 67406 38350 43990 26846 27025 17350 68264 101423 45661 28950 56404 69353 27882 36432 74406 35179 90507 56794 40006 82790 53237 61222 51853 64133 19176 60720 54713 31371 58445 42011 29060 65361 25482 20757 26062
23198 23033 66686 63308 35378 41813 17429 34188 9933 59574 46068 21811 26905 29475 24724 13997 27022 40665 0 29707 18175 24120 25210 23497 81314 36952 31832 33003 9934 33481 14129 26861 27754 31920 50280 36568 10364 75558 36146 64927 35731 19632 43413 26415 17245 13115 27599 32083 17178 33811 24737 71795 28459 18835 48883 51028 17189 25793 20771 13770 47630 53679 22928 41028 35547 37642 36640 48047 39524 23967 45098 48451 34887 24418 7232 20216 75899 21345 45171 50913 47688 14069 36435 34549 67621 22581 29685 40529 27011 12249 42198 7089 37818 28439 28382 29153 72028 34539 17260 20353 44987 68178 34965 45736 33848 75372 75095 60807 44923 35500 41398 47996 51799 60120 37675 17554 34861 53135 63604 71905 56034 69543 27584 74567 62186 30788 45315 37692 17337 45707 33332 10066 36166 73790 46240 62239 68476 11010 24913 50192 67286 18640 31853 57190 46414 34463 13213 55243 23770 32856 48445 68871 60476 27146 75383 50297 34926 43975 55120 40080 46076 41153 58477 37439 24485 47084 55350 48492 38672 44602 35226 12637 28523 42311 52018 24164 49522 83600 12737 17803 61986 51518 13497 26387 45428 9200 67882 36610 12998 76358 35280 27244 16448 59644 33297 58040 29113 27401 35097 37847 11613 53123 22304 23241 18623
35700 25580 74041 72463 33725 13354 27592 30857 21268 65430 38761 45733 23227 42252 5266 15736 26043 30711 29707 0 35281 44448 33644 27913 81166 27863 4999 41592 26771 32774 41823 26230 10062 42258 51244 33670 31165 62934 63982 59971 35535 22738 48758 8836 18902 20332 10885 45442 35329 16922 38902 78592 18584 16998 49223 39895 39038 24325 40208 37624 50197 58818 32144 30578 39809 32413 51608 47660 56640 11281 15693 51916 53283 20673 32442 37424 86619 28817 47664 47264 49238 31973 19966 19335 67554 26148 10271 47576 25598 25993 56446 31508 15097 37458 13040 27230 53390 32967 35844 9647 22084 60691 47231 38919 28453 56692 58254 34498 37102 34629 47567 40887 43448 59463 53278 44448 20851 44706 37374 46576 33411 61456 39800 56307 47549 26241 45191 8067 18250 36106 31037 34840 27368 56879 48729 67420 60698 20678 8810 49498 46166 22921 25014 53027 30921 26522 19259 35643 6002 32142 30039 65954 69251 25342 58063 65338 26417 22571 40973 39428 66614 30039 43587 23898 27292 26130 25653 58032 40537 55612 40384 18572 14128 50166 25420 26790 37557 70991 24998 12588 33913 38648 19873 7065 45343 20507 59824 26531 38886 54920 22818 36221 46088 36275 39147 33484 26365 2448 28796 12311 23373 35157 34864 30789 31618
5744 39637 84827 81372 52265 48634 8018 21782 16683 77748 32873 11806 18589 11303 30193 22775 43311 30032 18175 35281 0 9174 9373 40597 99301 26946 39334 15295 27504 19814 28801 16409 38342 13918 68084 23162 28539 91167 31554 82134 21130 13546 61492 36513 16403 15592 27427 50187 1217 46039 6572 89941 23230 18409 32198 66452 5650 16749 4965 31109 65553 71825 7869 30581 18946 53893 18997 65636 22817 24843 50493 66462 18705 39458 25164 2359 93715 38805 63045 68059 30723 4402 49148 47500 85526 12506 40112 58664 17010 9948 60008 25187 35858 46502 26726 45464 85442 21011 35358 26372 41258 84950 53092 62050 22798 88824 89284 69665 32187 52547 59502 64335 67982 77885 55398 14294 28648 39505 72545 81607 67202 86209 45758 88183 76893 46614 62873 42876 17043 33751 49943 27661 51370 87931 64133 80408 85191 16508 34935 67787 79473 12961 22599 74394 60241 24706 16854 67844 30816 49766 61280 86454 78580 43239 89391 67789 25326 55281 69778 57386 62083 56073 47523 29922 41354 58759 59056 66628 56307 62694 53141 25942 40710 24270 50109 13366 64642 99328 29752 23483 69131 66448 15966 35588 62994 20505 84526 51481 10579 88520 49270 45271 22732 70478 16447 68122 45212 33754 50889 46658 12861 66331 5162 9278 4403
11078 46861 89373 85588 59379 57801 17099 27810 25197 82806 37469 5888 26680 10615 39341 31470 50724 36318 24120 44448 9174 0 15215 47526 105146 33731 48451 16281 34019 25258 31220 24030 47171 14085 74321 28396 34080 99056 24167 89037 25663 22533 67182 45381 25577 24568 36466 54844 9173 54692 8574 94497 31729 27579 33326 74363 6942 24812 4250 35144 71593 77198 14925 36922 21532 61382 13412 72156 15438 33983 59658 72317 10766 47338 30224 7178 97216 45453 69178 75006 31495 12810 57733 56024 91565 20807 48981 64155 24725 18819 63802 30510 44501 52315 35638 52880 94025 26403 40290 35452 49430 92193 57800 69534 29446 97405 97675 78797 37140 59550 65121 71812 75551 84167 59111 11902 36639 43423 81677 90706 76129 93525 51011 96723 85095 54263 69430 52047 26216 39099 57220 32175 59297 96332 70232 85538 92473 25197 43791 74299 88284 22028 30025 81296 68641 31765 25804 76548 39892 56857 69912 92972 82967 50745 97832 70958 32401 64143 77975 64190 63716 64126 52853 37464 48437 67584 68120 71256 62781 67158 59230 33982 49316 22674 58501 21294 72663 107174 36650 32528 78304 74543 24969 44544 69542 28624 91854 59524 12132 97354 57560 51179 22102 79454 19072 77168 52729 42892 58579 55733 21696 74906 11381 16610 13196
4241 43977 91445 88274 56449 46606 8489 12780 20092 83972 23520 19891 12246 8724 29161 24888 47242 21242 25210 33644 9373 15215 0 45331 104595 18525 38303 8737 33302 10541 37403 9227 39042 8776 73181 13866 35264 93550 39310 86234 11760 11173 67272 37113 15879 17440 23892 57064 10546 47141 6829 96521 17686 17196 23706 69033 14794 10473 12339 38847 70908 77805 2323 21829 10339 57450 18043 70419 23321 22388 47634 72009 20656 42679 32442 9350 101064 43966 68325 72238 22477 11707 50386 48963 90693 7507 40579 64681 9970 13692 67388 32261 30374 52406 22514 49331 86199 11736 42341 26296 34604 88519 59882 65478 14245 89560 90548 67940 22882 56887 65380 67743 71183 82829 62883 23503 21788 30134 70797 80101 66870 89652 52214 89044 78723 50055 67645 40366 16526 24549 53926 35212 54174 89176 69439 86546 88696 19409 35652 72553 79507 11325 14921 78566 61795 16557 18635 68387 30501 54034 62148 91036 85367 47019 90521 75500 17193 55412 71698 61916 70604 58519 38360 22340 45849 58984 55006 73322 61281 69559 58622 29515 42117 18286 43841 7157 67022 101740 34960 23896 66499 68642 17595 35804 67777 24387 87962 54039 19928 88394 51311 51104 32084 69864 8124 67128 48919 32694 54155 45800 15937 67307 4345 2939 6681
44644 2346 47863 45598 11882 33362 36845 50056 25247 39695 60944 45236 41365 51539 26143 21571 4853 53691 23497 27913 40597 47526 45331 0 59274 50089 26016 53948 13568 50559 25369 42966 18874 53386 27854 52916 14926 52381 57086 41576 53290 35805 22615 19355 31154 28201 34159 17647 39805 18640 46876 52737 39692 31138 67572 28275 40585 41215 43948 18728 25686 33218 43048 53806 55037 14477 59553 25136 62838 31442 37919 26938 58276 7731 18961 42858 59503 2756 23076 27511 66826 36204 19471 17678 45363 39930 19948 20636 42733 31820 28542 18263 42348 9548 36149 6473 50753 51320 13280 24500 49722 44685 19319 22386 48605 53976 52990 46025 59451 12024 20981 24615 28468 37512 25558 40390 44855 67793 48438 55108 38448 46046 12133 53023 39849 8828 22362 32987 30714 59316 9969 18796 14557 51753 24197 42063 44980 25995 19108 27281 47587 35137 45536 33830 25880 47926 27171 35715 23667 9361 29186 45896 42445 5481 53439 37427 48137 27796 33024 16790 39718 19477 69516 48047 1422 29791 48536 30715 15951 27916 13766 16073 15954 63534 53160 41394 27120 60329 10897 24767 49479 29253 28170 20934 22489 20948 44385 15524 36400 56332 16122 8312 35486 42205 53239 41805 6888 25803 12642 27435 29396 32923 43666 42679 39618
103729 60751 22202 27179 48746 77690 96107 108668 84519 24001 118802 101670 99942 110479 81968 80502 57898 111047 81314 81166 99301 105146 104595 59274 0 107713 76930 113175 71807 109473 76053 101866 71303 112521 31422 111582 71099 34495 107537 22423 112259 94929 37965 72913 90161 87438 90584 51104 98391 64495 105758 19388 97353 89872 126620 43353 98329 100031 102056 70581 33760 28311 102304 111036 114286 48983 117951 34385 120568 88733 81682 32863 115823 63091 74924 101453 30209 60682 36304 33906 125972 94984 61824 62027 13937 99099 70895 41042 101559 91016 45485 74648 96044 52882 92802 55977 50674 110145 64967 81972 102237 24884 48208 42328 106925 50806 45731 72179 117211 48124 40032 40514 38690 21985 49642 95758 101452 125292 72285 70718 62384 25405 54213 49616 43115 55956 37125 81715 89668 116645 51445 73124 53807 45969 35201 21250 25326 85266 73683 32311 57493 94312 103646 28288 53214 105815 86370 56039 79534 50973 56652 15714 27656 58285 47034 43413 105913 63742 45613 43006 56546 51514 124684 104636 58830 61638 88526 35979 43325 40185 46162 75264 67221 122751 101737 100523 45738 34281 69755 83056 78971 45701 87384 74766 36985 80220 26268 54645 93187 58938 58409 54070 87599 63779 112512 66948 56585 80004 52617 72691 88659 53650 102763 101954 98747
22730 48112 97951 95551 59113 37876 21053 6407 27953 89741 11098 38293 10048 25423 25867 28889 50216 3756 36952 27863 26946 33731 18525 50089 107713 0 32789 21373 41602 9383 50909 10811 36845 23249 76813 7757 45005 90768 57829 87231 10879 17346 72655 35076 20326 24374 17333 65394 27919 44567 25232 102820 10434 19522 21982 67634 32595 11316 30740 50268 75194 83209 19226 4077 16782 58769 33244 73498 38913 18996 37147 76669 37572 44810 43559 27590 109221 49705 72570 73958 22417 27298 47717 46890 93866 15262 37666 70707 10391 25149 76456 43018 16849 58914 15083 51967 80440 8612 51886 25869 17959 88324 67875 66001 4287 83651 85634 58221 9499 59835 71067 68095 70931 85757 72376 41161 7383 17722 60904 70295 59849 89159 59906 83393 75355 51775 70839 31476 20500 9257 56381 46564 54246 84267 73687 92040 88362 26839 34137 75498 72601 18351 5099 79997 58784 2493 24816 62977 28231 57056 57756 92919 92436 49720 85344 85161 2051 50082 68833 64921 82681 57523 21567 5390 50081 53555 41702 80530 65253 77308 63823 34654 40810 26637 27292 13940 65329 98794 41939 25326 55182 66485 24127 33278 70986 31428 87509 53634 36694 80877 50136 57559 48428 62146 17756 58825 51278 28335 55152 39502 25342 62808 22628 17689 22841
40150 23676 70708 69387 30290 9992 31861 35855 24344 62023 43621 49338 28168 46833 9229 18287 23404 35554 31832 4999 39334 48451 38303 26016 76930 32789 0 46391 27362 37759 42893 31134 7157 46981 47503 38668 31688 57982 67042 55486 40526 27260 45650 6882 23126 23987 15884 43660 39284 12444 43317 75137 23581 21361 54217 35167 42738 29214 44201 38081 46680 55434 36708 35397 44744 28545 56176 43843 61105 16077 13483 48469 57607 18384 33546 41545 83602 27351 44207 43088 54237 35786 15313 14908 63442 30840 6512 44746 30517 29745 54431 32582 19118 35424 18036 24279 48426 37962 35517 13035 25542 56006 45200 34607 33449 51737 53260 30352 41959 31254 44612 36494 38888 55391 51573 47555 25690 49442 33232 42278 28592 56726 38129 51338 42581 22940 41475 7047 22459 40882 27684 35659 23299 51884 45241 63900 55993 23928 7765 45601 41303 27355 30011 48696 26031 31496 22816 30660 8649 28953 25046 61587 66169 22643 53075 63254 31379 17580 36053 35847 65477 25546 47762 28676 25185 21146 24145 55264 37251 53118 37580 19752 10754 55069 27374 31563 32803 66024 25130 16010 30452 33817 23556 5873 41627 22797 55107 22335 42047 50119 18533 34268 48273 31566 44026 28927 23366 5643 24995 7497 26984 30160 39283 35415 35874
9817 52644 99608 96303 65149 54205 17136 14975 28749 92284 21984 22079 18829 5684 37386 33623 55952 22845 33003 41592 15295 16281 8737 53948 113175 21373 46391 0 41633 11993 44068 15635 47566 2302 81778 14250 43273 102216 39533 94955 11025 19690 75706 45631 24504 26174 31296 65070 16475 55696 9139 104704 24245 25671 17331 77735 19306 17410 15593 46308 79451 86192 10940 23486 5587 66185 11871 79064 17541 30325 54811 80510 16517 51415 40165 13934 108848 52502 76882 80949 15667 18970 58952 57569 99290 15687 49047 73041 16348 22161 75131 40090 36193 60778 29617 58048 94570 12813 50260 34796 39082 97256 67934 74215 17442 97919 99031 75495 21972 65573 73783 76480 79917 91459 70554 27346 26749 27405 78325 87694 74978 98388 60394 97436 87327 58790 76289 47829 25136 24233 62639 42786 62901 97656 77991 94890 97433 28105 44202 81202 87689 19952 19600 87281 70382 20218 27372 76746 38892 62724 70603 99719 93449 55739 98974 83022 20797 63712 80324 70586 77335 67220 37582 26304 54501 67294 61350 81436 69887 77589 67120 38216 50740 9588 48466 14832 75708 110404 43451 32508 73609 77306 26332 44256 76420 33030 96698 62753 25258 96500 59985 59494 37052 77863 3669 74997 57644 40852 62892 53865 24570 75772 10699 11608 14534
32010 13230 58180 55148 25450 36893 24922 40168 14016 50676 51767 31681 31915 38678 22758 13460 17279 45351 9934 26771 27504 34019 33302 13568 71807 41602 27362 41633 0 40078 15682 32766 21669 40819 40590 42845 4394 65773 44578 55018 42619 25267 34099 20868 21340 17522 28486 24144 26622 26092 33953 63242 31816 22112 56491 41366 27079 31285 30547 10853 38053 44559 30979 45599 43438 27818 46307 38229 49387 25024 40810 38993 44782 15445 6714 29688 68299 11437 35541 40990 55510 23177 28291 26350 58022 29034 23491 31408 32712 19618 34995 5771 38302 19145 29938 19375 62941 41001 10357 19162 45828 58245 26836 35868 39244 66251 65713 53989 50433 25566 32156 38119 41942 50405 30803 27014 37866 58823 56680 64458 48140 59613 19001 65389 52693 21172 35482 34075 21115 50779 23446 8333 26726 64430 36630 53265 58544 15040 19663 40379 58745 24413 36632 47277 37418 39209 16867 46670 20932 22929 39881 59063 52182 17481 66060 43601 39557 36334 45687 30171 41698 31758 62519 40840 14588 39143 51507 40123 28867 36492 25644 8405 21219 51143 51444 30605 39967 73779 3127 17768 56040 42015 17674 21497 35598 10178 57953 27312 22846 67743 26460 17868 23393 51845 41400 50652 19412 24323 25436 31992 17711 44305 31058 30909 27105
14714 48856 97947 95130 60761 44414 16125 2982 26079 90082 13127 30302 9843 16215 29466 29028 51576 11210 33481 32774 19814 25258 10541 50559 109473 9383 37759 11993 40078 0 46687 7610 40382 13881 78156 3351 42801 95234 49415 89927 2841 14886 73083 38479 19405 22674 21922 64220 20943 48475 16688 102944 14255 19605 17198 71313 25322 9456 22797 47237 76197 83701 12010 11839 7756 61067 23865 75089 29535 22078 44409 77495 28247 46474 40585 19884 108377 49672 73574 76216 16796 21387 51729 50609 95540 11071 41566 70789 7931 21239 74969 40228 24867 58627 19886 53524 86152 1198 49905 28035 27158 91590 66904 68762 5555 89443 91012 65409 12374 61352 71326 70958 74105 87508 70629 34033 15176 19980 68179 77592 65949 92569 59014 89075 79993 53775 72350 37940 19855 14013 58094 43515 57078 89636 74698 92534 91694 25102 37256 77171 78749 15685 8321 82440 63112 8350 23541 68416 31458 58501 62694 95219 92111 51206 90833 83396 8893 55339 73195 66469 79518 60905 27828 14378 50815 58902 50088 80067 66325 76538 64261 34512 44035 18134 36535 9485 69123 103369 41104 26513 62958 70503 22606 36852 72491 30177 90891 56684 30248 87323 53493 57281 42362 68558 8397 65449 52959 32585 57555 45006 22482 67846 14885 10913 16381
34477 26231 58701 54684 35967 52541 30605 47719 23955 52769 59584 26583 40871 39511 37305 26837 30101 54587 14129 41823 28801 31220 37403 25369 76053 50909 42893 44068 15682 46687 0 40555 37351 42530 46820 49906 11678 76503 32752 62903 48691 33565 38672 36523 31373 27237 41370 24949 27605 41352 35052 63800 42588 32929 60926 53257 25333 39649 29361 6711 43707 47744 35287 54976 47573 39406 44632 45556 45982 37732 56373 43961 41187 30077 9388 30205 66009 22618 41645 49640 59504 25696 43238 41298 63073 36143 39167 35355 40778 25839 32782 10336 51573 25231 42319 31842 76098 47806 12789 33200 58874 67121 27857 46704 47622 79299 78120 69410 58535 35663 36551 48765 52651 56427 28085 20233 48989 66596 72049 79522 62998 68679 22584 78322 64953 34153 43099 49438 31455 59481 34809 7391 39904 76916 42556 55561 67537 25061 35271 47567 72841 32558 45821 55462 51163 48416 27271 60866 35841 33682 54194 65594 52206 30584 78630 39737 48901 51490 58274 39074 33283 44846 72470 51561 26752 54065 67007 40860 36666 36647 32239 23290 36731 52662 65503 37686 52314 84146 18405 31050 71674 54477 27609 37061 43175 22202 67117 40798 19323 81658 40777 24526 11598 66745 45137 65829 32221 39395 37987 47671 25653 58197 33747 35966 30753
13003 41250 90439 87686 53161 38604 10274 7424 18754 82528 19236 28049 3208 17650 22439 21422 43970 14262 26861 26230 16409 24030 9227 42966 101866 10811 31134 15635 32766 7610 40555 0 33166 16697 70546 10090 35707 88082 47770 82394 10398 7506 65512 31244 11820 15260 15701 56896 17301 41306 15974 95421 8696 12008 24777 63988 22025 1958 20598 40487 68593 76130 9107 14729 13648 53517 26697 67482 32181 15117 39186 69899 29810 38889 33777 17359 101025 42121 65968 68647 24270 16488 44572 43371 87932 4488 34453 63251 753 14722 67743 33341 21196 51122 13983 45924 79532 8361 42767 20622 25450 84144 59537 61261 7088 82855 84219 59872 18062 53747 63769 63469 66664 79903 63471 30474 12631 26318 62697 72074 59631 85149 51617 82431 72931 46206 64742 32208 12254 18927 50499 36756 49611 82842 67093 84967 84260 17729 29956 69566 72395 8406 6192 74884 56000 8425 16049 61729 24265 50894 55812 87643 84648 43605 84091 76261 9022 48645 66058 58863 72906 53537 32184 13548 43210 52226 46043 72618 58717 69143 56682 26937 36705 23938 34639 3135 61832 96240 33646 18957 58004 63270 15151 29687 64883 22741 83468 49258 25898 81120 46145 49773 37624 62418 12933 59475 45366 25741 50023 38540 15447 60981 12650 7431 12155
40169 16539 64023 62534 23669 15408 31611 38901 22068 55392 47913 47208 30543 47147 11048 15734 16309 39979 27754 10062 38342 47171 39042 18874 71303 36845 7157 47566 21669 40382 37351 33166 0 47816 41191 41810 25818 54917 63757 50416 43217 27892 38802 1936 23190 22777 19516 36512 38072 8155 43172 68547 26821 21894 57377 30980 40913 31209 42969 32045 40140 48783 37158 39915 46740 22415 56327 37623 60878 18360 19649 41867 57009 11226 28200 40664 76722 20296 37612 37403 57155 34364 11423 10228 57617 31900 1932 37756 32656 28412 47275 27229 25159 28266 21765 17310 47286 40781 28934 12770 32062 51518 38043 29221 36754 50661 51509 33055 46281 24582 37680 31277 34091 49513 44429 44562 30237 54157 35859 44312 29011 52399 30998 50091 39821 16197 35137 14118 22533 45510 20990 29985 17521 50137 38674 57365 51575 21979 3427 39482 41133 27725 33328 43291 22868 35197 21503 29559 8924 22137 23144 56231 59318 15564 51497 56103 35196 16975 32901 29367 58428 20704 53593 33391 18028 20421 30428 48258 30514 46025 30572 15130 4094 56719 34483 32918 28756 63079 19086 15214 34495 30123 22433 3577 35289 19409 50738 16816 39246 50191 13296 27113 43919 32439 45657 30490 16419 8701 18785 10339 25506 28287 39232 36103 35464
8809 52165 98600 95216 64730 55057 16794 16843 28318 91383 24268 19920 19904 3473 37881 33478 55570 24897 31920 42258 13918 14085 8776 53386 112521 23249 46981 2302 40819 13881 42530 16697 47816 0 81161 16333 42252 102259 37232 94589 13153 19946 74917 45887 24643 25960 32190 64000 15053 55911 7478 103706 25386 25967 19338 77698 17507 18359 13678 45026 78770 85354 10745 25537 7877 65908 10159 78521 15792 30977 55840 79781 14411 51171 39015 12325 107627 51843 76217 80552 17593 17853 59153 57717 98664 16143 49354 72192 17435 21571 73916 38990 37599 59953 30617 57685 94968 14779 49171 35071 40792 97018 66886 73982 19208 98327 99323 76381 24229 65119 72969 76255 79744 90885 69312 25338 28303 29704 79224 88568 75568 98181 59434 97816 87474 58521 75747 48734 25293 26464 62260 41562 62781 97951 77321 94012 97210 27750 44424 80665 88231 20094 21136 86891 70554 21951 27192 77153 39266 62282 70923 99239 92395 55389 99296 81703 22547 64165 80439 70095 75751 67189 39863 28045 53993 67740 62665 80410 69290 76517 66401 37837 50866 10391 50172 15489 75712 110448 42766 32658 74679 77355 26157 44578 75875 32558 96490 62686 23523 97095 60020 58686 35163 78521 5799 75727 57315 41394 62672 54474 24128 76083 9764 11714 13777
72384 29349 24026 24119 17730 50392 64693 77446 53100 15331 87857 71237 68715 79192 51367 49143 26661 80251 50280 51244 68084 74321 73181 27854 31422 76813 47503 81778 40590 78156 46820 70546 41191 81161 0 80347 40275 33571 79383 16525 80926 63541 8691 42613 58799 56021 59940 22861 67212 35450 74488 27968 66394 58580 95268 20603 67429 68733 71049 40716 3319 9462 70894 80283 82869 18971 86878 3785 89757 57825 54855 4303 85066 32006 44247 70277 37969 29328 5205 7953 94587 63734 33384 33041 17513 67701 41121 12048 70260 59626 23171 43867 66333 22131 62113 24848 41005 78857 34733 50955 73040 21629 20496 15093 75794 43196 39765 51755 86297 16978 10670 14575 15874 9847 25241 65626 70855 94495 52969 55358 41511 23345 24248 41907 28795 25189 6055 53187 58318 85881 20470 42779 24349 39026 4266 16700 22181 53844 43178 2967 43155 62911 72573 10201 28315 74820 54960 35556 48877 19767 32774 18835 21121 27113 40779 27629 74956 37857 25905 11918 38436 23806 94757 74064 27418 37006 63553 15459 11903 17406 15102 43852 37116 91359 73967 69136 22140 39923 38412 51851 57745 23486 55972 44474 5903 48801 22056 25504 62562 49200 29322 23187 58378 44329 81091 46280 25539 49787 22510 44687 57245 32262 71413 70533 67384
18008 51138 100494 97768 62837 44707 19306 2930 28829 92541 9790 33542 11640 18979 30788 31345 53705 8602 36568 33670 23162 28396 13866 52916 111582 7757 38668 14250 42845 3351 49906 10090 41810 16333 80347 0 45709 96465 52517 91745 3270 17578 75501 39940 21846 25349 22793 66981 24294 49816 19850 105465 15122 21795 15594 72791 28656 11720 26067 50297 78475 86117 15361 9244 9206 62958 26003 77208 31648 23455 44351 79820 30739 48501 43618 23195 111114 52148 75847 78148 15580 24706 53046 52022 97661 14019 42879 73286 10220 24320 77806 43230 24314 61186 20635 55605 86885 2159 52792 29787 25688 93231 69627 70530 5244 90145 91887 65427 9026 63466 73782 72698 75753 89600 73510 37367 14592 16702 68153 77563 66489 94164 61706 89823 81144 55733 74487 38241 22236 10737 60145 46569 58797 90514 76971 94959 93314 27814 38801 79271 79284 18444 8659 84326 64348 7645 26133 69239 32921 60627 63704 97162 94726 53300 91663 86293 8016 56208 74437 68585 82637 62460 24548 13117 53106 59744 49367 82700 68568 79233 66661 36944 45584 18881 34986 12426 70558 104567 43731 28526 62645 71863 25240 38246 74630 32831 92494 58334 33599 87730 55035 59835 45710 68961 10582 65748 55005 33717 59406 45743 25391 68827 18210 14243 19717
33495 15257 56351 53043 26517 41130 27129 43131 17084 49211 54878 31039 35144 39839 27119 17534 19300 48761 10364 31165 28539 34080 35264 14926 71099 45005 31688 43273 4394 42801 11678 35707 25818 42252 40275 45709 0 67232 42190 55390 45230 28216 33149 25116 24680 20666 32597 21812 27537 29694 35100 61455 35489 25677 58792 43197 27232 34354 30971 6459 37515 43343 32952 49044 45552 29397 46884 38259 49518 29077 45110 38248 44806 18546 4104 30568 65829 12345 35114 41526 57691 24403 31661 29717 57485 31734 27597 30208 35724 21791 32226 3596 42519 18236 33955 21247 65410 43783 7119 23438 50024 58984 24662 37209 42404 68677 67855 57737 53605 26455 31112 39401 43280 50120 27833 25755 41661 61958 60384 67940 51479 60427 17220 67762 54736 23343 35578 38442 24533 54095 24855 4319 29060 66604 36160 51880 59326 18182 23960 40387 61665 27301 39968 47700 40107 42571 20193 49623 25321 24050 42884 59004 50176 19661 68274 40595 42955 39864 47848 30662 37841 34084 66158 44562 16181 42514 55829 38167 28915 34325 25174 12752 25056 52639 55786 33326 41992 75123 6756 21880 60025 44104 20888 25817 35681 13740 58794 29812 22301 70582 29422 17104 20643 55214 43386 54206 21465 28717 27441 36097 20325 47091 32583 33086 28797
94095 52549 47160 50377 40756 54640 85590 93594 74562 41781 101524 97364 85416 101178 65769 68868 48536 93446 75558 62934 91167 99056 93550 52381 34495 90768 57982 102216 65773 95234 76503 88082 54917 102259 33571 96465 67232 0 109083 19059 98058 82551 41927 56843 77712 76408 73722 55235 90596 46780 96840 47804 81347 76647 112058 24717 92198 86125 95170 69859 36762 39923 91514 93250 101647 37959 109998 32822 113955 73156 57457 37815 109631 51748 71309 93520 60233 54889 37592 27679 111949 86826 43516 44736 29649 86662 53669 45036 87566 81451 56709 70637 75887 51546 75930 46412 16980 95575 63718 67586 80453 13197 53341 30024 91299 16483 11361 42181 99857 40929 43625 27849 23960 28299 58733 92750 83606 107053 41440 37705 34198 11596 54829 15382 15448 44830 34587 60299 77083 98633 42412 70819 39803 11826 37161 40743 12526 74900 58170 31387 25205 82263 87850 23372 32126 89452 75147 28957 63823 43191 33110 23190 48593 48425 12647 60130 89351 40943 22040 37531 71818 35135 103542 86496 51235 37680 61292 48255 40282 50844 44984 65233 51507 111524 77326 87759 26572 8190 62832 69719 48963 24910 76170 58406 34562 70667 12193 39705 88555 24693 42240 52076 87471 34098 100499 37811 46451 62749 40508 51504 78618 28253 93120 90632 89131
35100 57410 88398 83846 68366 76968 39218 51975 42762 83700 61352 19757 50126 33978 58719 48767 61473 60482 36146 63982 31554 24167 39310 57086 107537 57829 67042 39533 44578 49415 32752 47770 63757 37232 79383 52517 42190 109083 0 95602 49689 44728 71029 62296 46349 43834 58112 56908 30874 69940 32740 93310 54732 48484 55237 85355 26239 48274 27180 39279 76203 79379 38739 61084 45070 71512 31262 78271 28223 55039 79672 76296 25243 59994 38264 30411 92885 54435 74249 82391 53219 33144 72491 70583 95096 44055 65688 67654 48419 38538 62458 39068 67197 57984 57770 63437 107488 50552 45445 54356 72807 99873 59658 79131 53554 110783 110045 96770 61136 68157 68922 81256 85150 88836 58038 19534 60187 66930 99595 108021 92170 101432 55244 109894 96924 65497 75841 72010 46875 63175 66932 38340 71174 108791 75119 86503 100290 43305 60741 80258 103237 43977 53900 88202 81996 55787 44801 91163 58491 65981 84361 98041 81868 61800 110456 67239 56421 80121 90032 71780 56531 76211 76861 61313 58365 83206 89162 71633 69417 67393 64979 48736 64668 43068 81582 44831 84182 116812 47704 51394 97490 86293 44312 62030 75915 44463 99867 71841 25098 112270 71005 57263 21632 95789 42762 94161 63639 61967 69629 73609 40821 88871 35247 40373 35954
85957 42518 28667 31502 29892 55499 77840 88816 66271 22742 98315 86407 80177 92942 61365 61474 39019 90395 64927 59971 82134 89037 86234 41576 22423 87231 55486 94955 55018 89927 62903 82394 50416 94589 16525 91745 55390 19059 95602 0 92757 75889 25208 52158 71013 68803 69921 39371 81367 43077 88330 30097 77052 70425 107118 21040 82097 80490 85517 56591 19837 21133 84017 90328 95397 28895 101113 17351 104393 68446 59387 20337 99800 43644 59464 84412 42375 43585 21458 14076 106664 77735 40196 40642 11955 80100 49765 28573 82007 73068 38791 58972 74561 37780 72167 36910 31457 90487 50482 61960 80451 5886 37018 21241 86864 32605 28087 50143 96688 29588 27193 19140 16651 9294 41430 81080 80633 104559 50471 49979 40160 7578 40358 31293 21628 36262 19894 59817 70459 95917 32329 58319 33002 27806 20694 21850 6549 66861 53116 15344 36724 75391 83491 7746 30922 85498 67634 33777 59036 32377 34242 6792 29583 39216 29321 41359 85534 41441 23250 24848 53474 29948 103173 83765 40780 39240 66104 29779 26517 32808 30696 56757 46421 104519 79518 81418 23452 24084 52470 63438 56862 23300 68673 53968 19804 62046 6901 33602 77615 40087 37187 38657 74372 41807 93852 44809 37316 59054 32373 50721 70461 31274 84972 83441 80909
15697 51610 100587 97723 63559 47023 18305 4988 28655 92763 11892 30985 12682 15930 32289 31786 54366 11861 35731 35535 21130 25663 11760 53290 112259 10879 40526 11025 42619 2841 48691 10398 43217 13153 80926 3270 45230 98058 49689 92757 0 17538 75785 41316 22143 25303 24665 66748 22305 51305 17205 105596 16976 22406 14380 74153 26464 12273 23613 49501 78945 86400 13568 12503 5947 63892 22739 77876 28381 24903 46890 80228 27536 49284 42888 20901 110907 52360 76323 79035 13955 23151 54558 53445 98324 13588 44393 73459 10752 23537 77436 42567 27099 61273 22597 56322 88895 2628 52345 30875 28838 94430 69455 71597 7696 92180 93785 67929 11477 64143 74013 73794 76945 90299 73062 35141 17356 18376 70683 80098 68641 95410 61588 91821 82808 56594 75134 40547 22610 13497 60897 45791 59916 92409 77447 95229 94534 27704 40096 79962 81442 18295 10825 85264 65935 10388 26209 71176 34293 61289 65487 98035 94718 54003 93597 85809 10849 58105 76019 69258 81676 63746 27193 16164 53565 61664 52259 82668 69084 79104 66972 37228 46875 15879 38166 12030 71960 106190 43728 29334 65339 73337 25256 39684 75275 32801 93732 59524 31686 89981 56333 59931 43840 71211 7368 68069 55764 35387 60384 47740 24953 70635 16032 12729 18078
12974 34193 83063 80251 46356 35925 5555 14926 11252 75225 26674 25156 7308 19576 18063 14464 37125 21040 19632 22738 13546 22533 11173 35805 94929 17346 27260 19690 25267 14886 33565 7506 27892 19946 63541 17578 28216 82551 44728 75889 17538 0 58255 25960 4893 7791 13935 49404 13987 36012 16194 88064 10267 6023 31767 58138 18498 6188 18457 33116 61485 68869 9451 21417 19508 47003 28915 60575 33902 11680 37371 62736 30625 32248 26397 15355 93544 34825 58869 62007 31046 11702 39265 37880 80993 4211 29411 55922 7510 7930 60237 25924 22470 43744 13183 39143 75026 15760 35266 15132 28371 77915 52059 54912 14271 78387 79389 57205 25437 46885 56477 57155 60493 73012 55965 26082 16396 33757 60077 69310 55771 78993 44151 77871 67637 39627 57818 29877 5489 26100 43743 29391 43428 78016 59992 77695 78065 10240 24517 62682 68372 1011 12257 68295 50692 14853 8672 57215 19331 44023 50980 80945 77227 36817 79354 68757 15337 44250 60638 51981 65556 47627 38905 18459 36133 47820 45589 65186 51665 61678 49451 19732 31057 28990 36893 5596 56077 90737 26219 12832 56168 57646 7722 24632 57956 15293 77305 43208 20904 77285 40343 42400 31845 58818 18049 56163 38646 21626 43600 34751 8058 56142 12164 8239 9338
66109 24543 25418 23740 15582 50191 58812 72652 47382 17088 83548 63763 63973 72734 48017 44164 22859 76228 43413 48758 61492 67182 67272 22615 37965 72655 45650 75706 34099 73083 38672 65512 38802 74917 8691 75501 33149 41927 71029 25208 75785 58255 0 39927 53691 50546 56369 14252 60549 34523 67998 30188 62237 53742 89994 25517 60371 63788 64119 32826 5373 10618 64957 76323 77237 18591 80027 9278 82604 53867 54819 5290 77861 28365 36959 63604 37953 23438 4489 14747 89168 57222 33162 32331 24521 62319 39137 3398 65301 53592 15452 36688 63758 14990 58444 21529 47850 73872 27054 46909 70837 30287 11810 18520 71220 50320 47301 55036 82046 14544 2120 19060 21686 17808 16832 57950 67203 90372 56621 60211 45122 31993 16326 49069 35458 22713 8482 51966 53273 81861 18025 35203 23923 46446 4767 19459 30826 48231 40186 10540 48822 57540 68144 18689 31063 70519 49586 39727 45498 16697 35645 27013 20522 23498 48228 21634 70718 39205 31292 10980 30878 25174 91649 70412 22575 39144 64355 10402 8548 10392 8848 38575 34912 85235 72852 63819 26397 48510 32321 47356 60479 28194 50558 41736 8422 43116 30662 25304 55233 55677 28802 16235 50267 48330 75313 49713 22396 46992 21456 44194 51418 36337 65156 64755 61192
38268 17009 65232 63627 24991 16025 29716 37026 20343 56641 46157 45527 28638 45236 9225 14004 17219 38254 26415 8836 36513 45381 37113 19355 72913 35076 6882 45631 20868 38479 36523 31244 1936 45887 42613 39940 25116 56843 62296 52158 41316 25960 39927 0 21268 20932 17767 36989 36264 10090 41283 69809 24987 19960 55496 32857 39181 29287 41169 31440 41458 50027 35236 38206 44810 23960 54428 39087 59004 16485 20036 43148 55162 11907 27273 38828 77784 20544 38906 39033 55258 32572 13357 12134 59185 29964 3600 38747 30737 26597 47877 26301 23862 28854 20011 18398 49188 38889 28668 10835 30921 53343 38644 30937 34904 52561 53436 34474 44531 25869 38731 33020 35896 51073 44881 43022 28558 52458 37300 45874 30757 54242 31408 52000 41756 17490 36560 13924 20609 43807 22282 29201 19199 52064 39980 58664 53408 20210 1598 40979 42962 25799 31484 44977 24803 33388 19662 31442 7026 23337 25059 57914 60415 16511 53419 56742 33401 18771 34831 30740 58641 22536 52145 31731 18627 22249 30799 49214 31739 46852 31554 13868 5737 54783 33810 30982 30647 65006 18455 13305 35630 32034 20579 1863 36711 17863 52577 18559 37662 52007 15115 27656 42695 34141 43721 32091 17539 7175 20322 11445 23697 30207 37334 34174 33584
17121 29469 78649 75954 41532 32245 8736 19047 7675 70712 30458 27297 10586 24001 13908 9660 32309 24082 17245 18902 16403 25577 15879 31154 90161 20326 23126 24504 21340 19405 31373 11820 23190 24643 58799 21846 24680 77712 46349 71013 22143 4893 53691 21268 0 4161 11836 45339 16522 31269 20238 83620 11216 2134 36469 53266 20532 10129 21351 30067 56801 64309 13968 24365 24388 42123 33260 55790 38037 8703 34123 58091 34482 27379 23400 18524 89390 30308 54179 57149 35819 13403 34510 33085 76224 9097 24773 51443 11626 7848 56305 22801 21586 39345 11888 34309 70428 20181 31575 10514 28289 73022 47918 50021 17931 73797 74697 53360 29102 42079 51952 52263 55600 68224 52143 27088 17616 37498 56240 65375 51429 74100 39967 73254 62846 34752 53039 26485 671 29454 38905 26400 38536 73326 55303 73147 73172 6548 19787 57889 63941 4557 15308 63430 45916 17901 4492 52642 14860 39219 46324 76102 72899 31983 74686 64941 18276 39756 55828 47184 62412 42752 41578 20240 31422 43308 42987 60887 46945 57476 44862 15117 26244 33861 36119 10413 51217 85899 21951 8017 52728 52803 3845 20030 53178 11171 72412 38323 21600 72904 35487 37993 31351 54568 22942 52039 33797 17494 38712 30558 6183 51474 16221 12945 12752
17697 26697 75285 72459 39063 33598 9191 22648 3583 67482 34270 25417 14479 24775 15085 7541 29839 28128 13115 20332 15592 24568 17440 28201 87438 24374 23987 26174 17522 22674 27237 15260 22777 25960 56021 25349 20666 76408 43834 68803 25303 7791 50546 20932 4161 0 15124 41638 15403 30587 20544 80293 15367 5763 39448 51783 18763 13765 20328 25936 53884 61152 15261 28431 26848 40011 33744 53147 38135 11643 35947 55091 34232 25243 19255 17897 85766 27108 51276 54825 38644 11814 33749 32174 73510 11774 24528 48169 15191 5767 52516 18673 25192 35970 15552 31913 69983 23550 27638 10952 32122 71090 44278 48049 21763 73363 73981 54329 32965 39533 48745 50317 53787 65579 48287 24352 21758 41339 57206 66170 51612 72236 36363 72753 61809 32616 50379 28265 4222 33430 36513 22258 36827 72619 52397 69968 71273 2492 19360 55269 63894 7009 19315 61146 44996 21924 1282 52319 15366 36673 45811 73671 69438 29597 74043 61086 22324 39695 54725 44594 58315 41290 45707 24401 28609 43182 45335 57395 44124 53891 41766 12179 25329 35721 39645 13288 49838 84595 18432 7985 54204 51536 483 20000 50514 7504 70546 36760 18783 72935 34220 34629 27713 54903 25124 52601 31486 18534 36730 31185 3043 50901 16727 14641 12800
26589 32002 81783 79724 42211 22910 19409 19972 17722 73380 28397 38828 12573 32616 8617 15063 33594 20493 27599 10885 27427 36466 23892 34159 90584 17333 15884 31296 28486 21922 41370 15701 19516 32190 59940 22793 32597 73722 58112 69921 24665 13935 56369 17767 11836 15124 0 50698 27770 27267 29829 86535 7700 9720 38363 50333 32081 13886 32367 38743 58512 66790 22748 20458 29103 41602 41920 56528 47200 3640 23743 60082 44259 28097 32503 29288 93662 34265 55908 56750 38355 25010 30446 29569 76794 16468 20348 54709 15020 19681 61881 31714 10221 43453 2250 35195 64232 22088 38693 9799 17536 70995 52904 48704 17590 67521 69136 44206 26767 42994 54924 50782 53598 68677 58179 38919 10914 34717 47042 56401 44074 71840 45043 67157 58371 34773 53918 16546 11378 26066 39471 35353 36961 67761 57012 75565 71037 16717 16903 58484 56866 14466 14144 62735 41635 15776 14606 46513 11072 40284 40911 75668 76553 33027 68937 70759 15731 33451 51716 48022 70120 40190 35358 14125 33926 37004 31654 64874 48613 61976 47637 20335 23504 39534 24539 16775 48045 81804 27846 10723 42608 49252 14656 15955 54068 19273 70187 36319 33436 65511 32803 42122 42834 46776 28614 43788 34445 11037 37970 23084 17826 46038 25872 21216 23272
55276 19991 34657 31234 19372 50637 48852 64283 38157 28012 75795 50907 55921 61481 43212 36566 20862 69113 32083 45442 50187 54844 57064 17647 51104 65394 43660 65070 24144 64220 24949 56896 36512 64000 22861 66981 21812 55235 56908 39371 66748 49404 14252 36989 45339 41638 50698 0 49136 35235 56758 39778 55283 45890 80513 35354 48261 55379 52175 19743 19574 22796 54748 69315 67330 23609 68037 22548 70112 47620 55260 19451 65320 25311 25030 52116 44159 16672 17985 27556 79456 46151 35185 33703 38240 53169 37519 10854 56823 43509 11183 25012 59519 8416 52508 20879 58843 65145 14831 40899 66991 44241 2959 27936 63269 61655 59291 60633 74421 18461 12199 29382 32876 31997 7924 44817 60975 82822 62708 67972 51698 45915 5680 60486 46613 23192 20649 50614 45055 74633 20225 22723 27331 58286 18683 30775 44746 39167 36671 24266 58129 48556 60525 32493 37628 63062 40915 47415 40820 18471 41889 41208 28396 21674 60075 20073 63368 42929 41138 18946 22724 30812 85787 64087 18513 44035 65714 16464 15657 12520 11100 30817 33415 74391 70774 54744 35395 62219 23456 40477 65025 37511 41766 38531 20673 34193 44499 28729 42725 65954 31049 9436 36505 55293 65187 55782 21789 43252 24594 44599 41806 44141 54374 54831 50609
6961 38897 83785 80303 51518 48682 8431 22857 16240 76748 34023 11187 19362 12348 30194 22426 42612 31056 17178 35329 1217 9173 10546 39805 98391 27919 39284 16475 26622 20943 27605 17301 38072 15053 67212 24294 27537 90596 30874 81367 22305 13987 60549 36264 16522 15403 27770 49136 0 45690 7647 88901 23859 18574 33411 65879 4736 17541 4926 29989 64655 70853 8960 31597 20163 53219 19747 64802 23359 25073 50645 65542 19120 38860 24106 3066 92602 37966 62157 67293 31930 3784 48773 47101 84636 13272 39864 57698 17880 9670 58901 24154 36403 45561 27160 44768 85076 22140 34313 26279 41944 84243 52047 61380 23804 88457 88852 69633 33317 51781 58550 63664 67332 77023 54284 13257 29404 40679 72513 81534 66994 85516 44756 87801 76401 45968 62043 43005 17146 34852 49224 26566 50793 87502 63241 79416 84491 16143 34678 66953 79203 13333 23492 73623 59804 25649 16645 67524 30719 49012 60928 85628 77523 42559 88975 66650 26265 55034 69282 56590 60884 55532 48608 30769 40591 58493 59349 65586 55461 61636 52241 25364 40339 25380 50722 14221 64096 98748 28936 23355 69219 65922 15799 35393 62163 19936 83834 50934 9386 88263 48793 44340 21542 70302 17663 67998 44537 33735 50256 46560 12568 65958 6371 10304 5166
48143 16658 59044 58089 18941 15784 39572 46920 29494 50302 55567 54313 38646 55158 19035 23268 14460 47554 33811 16922 46039 54692 47141 18640 64495 44567 12444 55696 26092 48475 41352 41306 8155 55911 35450 49816 29694 46780 69940 43077 51305 36012 34523 10090 31269 30587 27267 35235 45690 0 51094 63306 34750 30029 65402 23068 48237 39348 50539 35333 34912 43782 45223 47446 54891 16522 64280 31728 68718 26410 20449 36783 64743 11579 32804 48382 72321 20898 32549 30687 65225 41936 3268 2470 51053 40042 6939 34130 40786 36093 45199 31862 31561 26831 29511 14408 39407 48845 31033 20909 37834 43797 36177 22168 44710 42788 43453 28084 53918 19985 33771 24053 26527 43030 43058 51146 37718 61613 30699 38376 22232 44599 30216 42167 31667 12333 29491 17740 30618 52999 16610 34011 11101 42085 33527 52029 43818 29548 11495 33395 33721 35817 41269 36253 14713 43036 29305 21862 17043 18156 15241 49145 54880 13655 43479 53732 42998 10255 24753 24116 57868 13131 60205 40800 17381 13274 30574 44584 25979 42970 27210 21381 5401 64872 38579 41071 20780 54935 23090 23260 30956 22048 30273 11628 29643 26330 42955 10003 46033 42816 6165 25939 49322 25874 53811 24561 13478 16235 13170 9715 33180 20314 47194 44203 43360
3241 45814 91398 87940 58439 52119 11575 19244 22318 84303 29076 13789 18871 4742 34089 28036 49388 27752 24737 38902 6572 8574 6829 46876 105758 25232 43317 9139 33953 16688 35052 15974 43172 7478 74488 19850 35100 96840 32740 88330 17205 16194 67998 41283 20238 20544 29829 56758 7647 51094 0 96512 24194 21959 26420 72158 10179 17038 6630 37630 72001 78358 7157 28359 13648 59892 13200 71975 17800 27862 53489 72940 14449 45297 31734 4847 100245 45173 69478 74259 24798 10779 54276 52716 91956 13451 44847 65195 16705 15417 66547 31759 36971 53010 28677 51530 90452 17839 41930 30702 41406 91003 59663 68028 20945 93828 94518 73390 28670 58762 66018 70311 73900 84268 61927 18435 28585 35251 76263 85478 71663 92227 52317 93242 82338 52555 69206 46048 20909 30573 56056 34212 57116 93155 70571 86959 91226 21940 39745 74125 84138 15984 21750 80601 65540 23342 21824 72724 35089 55955 66289 92769 85151 49272 94568 74272 23979 59932 75245 63656 68280 61705 44356 29166 47578 63467 61298 73200 62674 69265 59596 31797 45867 17741 50613 13561 70272 105019 36096 27999 72320 72013 20834 40170 69330 26390 90539 57140 16120 93122 54726 51768 27954 74804 11102 72244 51230 37675 56788 50777 18223 71401 4039 8803 7744
94945 54718 5125 9496 44888 78359 88164 102647 76993 13174 113675 90293 94011 101242 78135 74199 52964 106405 71795 78592 89941 94497 96521 52737 19388 102820 75137 104704 63242 102944 63800 95421 68547 103706 27968 105465 61455 47804 93310 30097 105596 88064 30188 69809 83620 80293 86535 39778 88901 63306 96512 0 92410 83782 119666 46813 87998 93746 91933 59358 28458 19788 94198 106505 106679 46784 107763 31748 109637 84054 82815 26684 104835 58474 64801 91890 12429 53321 30943 34366 118734 85855 61336 60928 18308 92044 68671 32184 95247 82854 31163 64754 93669 44323 88622 51491 61554 103776 54589 77096 100588 35232 36856 42724 101296 62618 57939 78121 112187 43966 31757 41731 41697 23133 35809 84019 97384 120529 78919 79572 67827 36538 44318 61316 51209 52352 33825 81039 83233 112036 47557 62483 52225 57770 29898 11282 35874 77908 70182 30373 66454 87302 98264 31472 55694 100663 79403 61527 75616 46479 59949 24649 11600 53566 59206 26481 100873 65635 51028 39295 39095 51722 121766 100594 52754 64490 91344 23317 38075 27344 38999 68532 64540 114095 101875 93577 48816 50107 61880 77503 84498 49645 80343 71648 33674 72800 36544 53424 82365 70183 57220 45665 74906 70135 104632 72630 52310 76945 50213 72638 80898 58492 94027 94150 90189
21046 37694 87554 85211 48707 30263 15575 12279 18795 79321 21467 35023 5501 26283 15774 18718 39785 13999 28459 18584 23230 31729 17686 39692 97353 10434 23581 24245 31816 14255 42588 8696 26821 25386 66394 15122 35489 81347 54732 77052 16976 10267 62237 24987 11216 15367 7700 55283 23859 34750 24194 92410 0 9844 30712 57776 28514 7214 27922 41129 64761 72783 17062 14126 21592 48456 35388 63099 40852 8629 30589 66235 38342 34389 34515 24688 98944 39382 62137 63660 30665 21923 37965 36994 83489 10923 27811 60323 7953 17898 66404 33872 12798 48608 5632 41547 71920 14391 42168 15441 18141 78330 57698 55811 9963 75204 76836 51416 19903 49419 60663 57938 60880 75385 62427 36325 6411 28155 54220 63618 51696 79221 49737 74847 66022 41399 60430 23808 11174 19626 45978 37502 44051 75461 63254 81612 78393 17664 23944 65109 64495 11175 6519 69746 49236 8466 15490 54211 18025 46633 48597 82648 82083 39294 76636 75175 8565 41151 59324 54512 73326 47520 30704 9088 39661 44703 37368 70213 54819 67058 53410 24469 30690 32066 26879 10635 55519 89445 31879 14960 49365 56786 15018 23245 60577 21754 77558 43503 31170 73086 40101 47255 41936 54328 21312 51261 40866 18600 44853 30764 17127 53729 20505 15394 18835
18789 29343 78844 76267 41155 30310 10599 18922 9005 70805 29995 29408 10232 25542 12135 9584 31974 23260 18835 16998 18409 27579 17196 31138 89872 19522 21361 25671 22112 19605 32929 12008 21894 25967 58580 21795 25677 76647 48484 70425 22406 6023 53742 19960 2134 5763 9720 45890 18574 30029 21959 83782 9844 0 36785 52319 22642 10159 23369 31286 56681 64353 15432 23495 25128 41536 34857 55488 39744 6574 32085 58026 36295 26882 24686 20484 89819 30476 54053 56647 36251 15516 33288 31936 75941 10021 23394 51600 11687 9977 56936 24033 19564 39612 9875 33918 69004 20278 32437 9125 26384 72277 48403 49334 17527 72365 73377 51492 28573 41749 52054 51556 54816 67904 52858 29215 16153 36972 54370 63544 49800 73317 40436 71848 61676 34209 52753 24469 1668 28746 38491 27667 37745 72003 55178 73198 72408 7883 18537 57567 62375 6003 14642 62894 44725 17172 5682 51193 13312 38899 44962 75639 73184 31600 73337 65640 17487 38236 54699 46867 63502 41822 40481 18932 31311 41804 40872 61212 46779 57893 44896 15283 25140 34879 34079 11138 50224 84828 22436 7019 50740 51754 5350 18612 52894 11971 71632 37458 23719 71303 34489 38256 33323 52884 23858 50288 33358 15718 38064 28832 8174 50126 17923 14261 14624
26471 65934 114630 111636 77934 59844 31668 18483 42678 106916 13740 39201 26962 22791 46369 46126 68735 20452 48883 49223 32198 33326 23706 67572 126620 21982 54217 17331 56491 17198 60926 24777 57377 19338 95268 15594 58792 112058 55237 107118 14380 31767 89994 55496 36469 39448 38363 80513 33411 65402 26420 119666 30712 36785 0 88353 36598 26650 32924 62552 93248 100600 25961 20910 13386 78264 24238 92240 28713 39017 59088 94503 30253 63664 56114 31122 124618 66556 90630 93413 2082 35317 68636 67596 112684 27675 58467 87596 25127 37011 90995 55898 38705 75363 36184 70698 102293 16647 65901 45193 38203 108728 83280 85942 20774 105529 107378 80137 15047 78512 88190 88130 91243 104667 86526 44662 29359 14590 82790 92159 81777 109684 75492 105239 96730 70972 89495 53423 36954 17436 75275 58909 74240 106006 91753 109414 108822 41785 54326 94330 94548 32457 24219 99637 79942 22815 40420 84717 48471 75657 79262 112415 108672 68378 107129 99180 23020 71720 90031 83625 94196 77992 26526 27098 67882 75241 62921 96613 83411 92955 81205 51498 61112 12509 46810 26183 86131 120156 57797 43710 76851 87450 39439 53818 89635 46903 108011 73819 42483 102857 70570 74030 54370 84120 15789 80807 70143 49310 74748 61208 38787 84374 27179 25707 30374
69447 28155 43656 44477 17434 34471 60974 69880 49862 35348 78621 72798 61471 76531 42015 44243 24089 70593 51028 39895 66452 74363 69033 28275 43353 67634 35167 77735 41366 71313 53257 63988 30980 77698 20603 72791 43197 24717 85355 21040 74153 58138 25517 32857 53266 51783 50333 35354 65879 23068 72158 46813 57776 52319 88353 0 67523 62038 70460 46546 22265 30025 66957 70470 77428 13868 85301 17361 89238 49338 38352 24174 84920 27036 47205 68804 57893 30922 21310 12835 88103 62109 19933 20783 31085 62294 29988 27491 63514 56756 40720 46472 54035 29509 52578 22023 23567 71742 40570 43374 59639 20855 34363 7432 67724 26521 24879 31418 76968 17936 26301 6457 5118 23947 41053 68378 60740 84589 32461 34897 21113 21564 33241 25424 11725 20240 17099 38977 52652 76000 18466 47030 15086 23703 21629 36067 20828 50220 34057 17656 23330 57799 64291 15757 9882 66096 50531 14992 39883 19594 13460 27641 41593 23899 25443 47059 66063 20405 5852 16436 55995 10516 82525 63790 27024 18356 45419 35211 19783 35906 24257 40516 27286 87126 58480 63457 2426 32877 38356 45329 37692 2896 51561 34547 17182 45950 19940 15026 64019 30651 17845 29677 63740 23761 76162 25918 21954 39303 15938 29854 53936 11772 68469 66131 64464
10777 39935 82873 79190 52440 52347 12979 27384 18846 76153 38298 6765 24093 14297 33821 25182 43813 35671 17189 39038 5650 6942 14794 40585 98329 32595 42738 19306 27079 25322 25333 22025 40913 17507 67429 28656 27232 92198 26239 82097 26464 18498 60371 39181 20532 18763 32081 48261 4736 48237 10179 87998 28514 22642 36598 67523 0 22275 4030 28670 64727 70463 13480 36223 23678 54472 19778 65234 22338 29208 54541 65480 17704 40523 23446 5616 91090 38513 62297 68064 34972 7131 51219 49470 84709 18004 42765 57381 22610 13045 57519 23683 40966 45466 31604 45968 87460 26519 33590 29709 46627 85255 51208 62620 28446 90836 90994 73059 37676 52608 58321 64895 68645 77274 52847 8711 34127 44809 75934 84832 69924 86591 44267 90129 78340 47384 62504 46868 21117 39306 50291 25540 52475 89658 63356 78869 85537 18999 37583 67379 81921 17772 28217 74356 61991 30350 19923 70095 34100 49918 63409 86055 76510 43847 91178 64930 30968 57874 71223 57250 58378 57337 53099 35504 41501 61264 63515 64711 55859 60656 52348 27267 42841 27393 55345 18954 65854 100305 29711 26728 72944 67757 19205 38476 62616 21985 84921 52737 6057 91007 50874 44313 17788 73321 21130 71173 45830 37295 51704 49859 15755 68354 10456 14924 9902
13940 39467 88777 86076 51310 36795 9904 8924 17312 80823 20525 28518 1869 19089 20487 19649 42132 14947 25793 24325 16749 24812 10473 41215 100031 11316 29214 17410 31285 9456 39649 1958 31209 18359 68733 11720 34354 86125 48274 80490 12273 6188 63788 29287 10129 13765 13886 55379 17541 39348 17038 93746 7214 10159 26650 62038 22275 0 21188 39304 66811 74405 9961 15356 15597 51620 28256 65646 33677 13177 37481 68135 31129 37018 32585 17933 99476 40428 64185 66763 26183 16307 42614 41414 86099 4279 32495 61566 1528 13843 66280 32108 19939 49474 12258 44072 77599 10124 41376 18678 24637 82213 57991 59344 8083 80924 82272 58087 19262 51907 62064 61548 64731 78061 62048 30540 11915 27603 60920 70285 57734 83213 50053 80495 70974 44322 62912 30423 10517 19919 48640 35578 47684 80895 65309 83246 82326 16254 28001 67725 70490 7162 6323 72991 54042 8836 14469 59792 22307 49058 53861 85765 83025 41756 82148 74845 9370 46710 64100 57025 71744 51591 32869 13275 41431 50291 44560 71008 56921 67573 54951 25225 34754 25855 33696 3521 59879 94282 32052 17062 56323 61314 13616 27728 63053 21189 81532 47321 25754 79231 44197 48122 37257 60542 14822 57623 43504 23801 48117 36634 14244 59031 13469 8273 12380
8104 43175 86809 83159 55753 53562 12962 25120 21052 80021 35505 7560 23053 10372 35094 27291 46977 33571 20771 40208 4965 4250 12339 43948 102056 30740 44201 15593 30547 22797 29361 20598 42969 13678 71049 26067 30971 95170 27180 85517 23613 18457 64119 41169 21351 20328 32367 52175 4926 50539 6630 91933 27922 23369 32924 70460 4030 21188 0 32640 68396 74277 11565 34152 20278 57620 15918 68771 18904 29807 55454 69195 14462 43424 27270 3255 95106 41974 65941 71459 31239 8610 53601 51909 88387 17051 44770 61167 21257 14587 61517 27458 40636 49174 31617 49135 89902 23980 37456 31203 45815 88544 55118 65781 26492 93283 93614 74547 35010 55965 62083 68063 71772 80886 56849 11809 33093 41806 77427 86456 71908 89849 48089 92614 81095 50437 66027 47832 21987 36799 53531 29454 55379 92268 67010 82726 88810 21011 39581 70919 84094 17904 26720 77771 64570 28638 21568 72387 35643 53236 65770 89604 80462 46965 93756 68955 29271 59937 73975 60686 62372 60168 50614 34135 44805 63387 64007 68634 59402 64597 55996 29992 45174 23404 54779 17704 68721 103306 33052 28281 74077 70576 20725 40313 66143 24596 88173 55567 10062 93158 53520 47998 21486 75223 17732 72924 48948 38643 54743 51485 17474 70782 8113 13193 9163
36507 19714 54234 50521 29268 47419 31199 47864 22392 47752 59722 31178 40272 42289 33542 23722 23504 54013 13770 37624 31109 35144 38847 18728 70581 50268 38081 46308 10853 47237 6711 40487 32045 45026 40716 50297 6459 69859 39279 56591 49501 33116 32826 31440 30067 25936 38743 19743 29989 35333 37630 59358 41129 31286 62552 46546 28670 39304 32640 0 37690 42364 36595 54337 49182 32696 48413 39244 50372 35173 51466 38095 45579 23873 6719 32867 62615 15972 35516 43158 61300 27379 37026 35099 57339 36286 33775 29599 40588 25998 28930 7266 48766 18816 39993 25193 69415 48285 6167 29779 56238 60670 22702 40015 47386 72609 71409 63414 58533 28981 30712 42088 45978 50436 24298 25177 47412 66801 66000 73258 56670 62205 16523 71626 58243 27540 36722 44873 30006 59202 28099 3731 33283 70207 36471 50509 61070 23522 30333 41293 66278 32150 45182 49072 44580 47798 25655 54343 31773 26974 47715 59545 47848 24018 71922 36719 48222 45347 51573 32502 32441 38197 71642 50216 20124 47791 62207 36115 30205 32016 25895 19179 30980 55369 62177 37876 45609 77543 12987 28071 65991 47774 26223 32208 36805 19587 60626 34212 23013 75055 34359 18016 17801 60426 46874 59653 25603 35176 31315 42248 25064 51621 35668 36981 32194
69974 27344 24133 23532 16473 50207 62420 75591 50869 15391 86193 68384 66868 76720 49999 47171 24983 78686 47630 50197 65553 71593 70908 25686 33760 75194 46680 79451 38053 76197 43707 68593 40140 78770 3319 78475 37515 36762 76203 19837 78945 61485 5373 41458 56801 53884 58512 19574 64655 34912 72001 28458 64761 56681 93248 22265 64727 66811 68396 37690 0 8907 68608 78742 80706 18416 84264 4942 87032 56249 54747 2007 82320 30436 41437 67719 37659 26950 2629 10257 92513 61228 33100 32567 19992 65616 40220 8741 68335 57291 20102 41095 65291 19292 60653 23318 43584 76932 31771 49329 72149 24938 17182 16000 74019 45892 42625 52927 84653 15593 7375 15941 17871 12746 21988 62696 69416 92906 54290 57161 42780 26651 21179 44617 31266 23968 5751 52622 56343 84323 19176 39866 23884 41837 1507 17230 25485 51652 41912 5512 45258 60823 70848 13426 29156 73145 52857 37024 47490 18233 33700 21887 20395 25506 43605 25107 73305 38213 27820 10838 35457 24036 93551 72631 25383 37667 63789 13033 9942 14479 12415 41756 36110 89019 73490 67077 23539 43208 36009 50062 58717 25092 53857 43308 5617 46572 25345 25143 59757 51642 28885 20415 55285 45765 78873 47496 24081 48620 21775 44367 54981 33673 69009 68305 65000
76548 35108 15279 14732 25149 59114 69358 83266 57968 6614 94127 73522 74582 83099 58362 54778 33200 86763 53679 58818 71825 77198 77805 33218 28311 83209 55434 86192 44559 83701 47744 76130 48783 85354 9462 86117 43343 39923 79379 21133 86400 68869 10618 50027 64309 61152 66790 22796 70853 43782 78358 19788 72783 64353 100600 30025 70463 74405 74277 42364 8907 0 75486 86848 87809 27310 90194 13052 92573 64368 63654 6999 87802 38707 47018 73896 28775 34047 11245 17244 99762 67596 42005 41453 15936 72926 48949 13165 75918 64115 18491 46822 73889 25414 68892 31704 49438 84490 36911 57415 80837 26961 19896 24469 81821 51366 47529 61216 92618 24207 12429 24036 25193 11922 22013 67529 77658 100930 62426 64651 50973 28685 26196 50053 37516 32586 14582 61469 63891 92399 27796 45049 32780 46937 10256 8845 27605 58827 50395 12374 52240 68149 78730 17477 37703 81091 60198 44999 55844 26693 42192 20284 11677 33791 48635 20236 81282 47023 35201 19670 32476 32868 101988 80870 33136 46336 72648 8908 18289 12607 19457 49193 44793 95696 82351 74430 31600 45189 42881 57932 67185 32915 61168 51864 14439 53711 27782 34048 65151 57831 37780 26704 59288 53773 85863 55742 32522 57159 30624 53267 61984 41716 75602 75314 71664
3986 41715 89122 85956 54210 45243 6205 13913 17821 81650 25123 19090 11818 10126 27513 22753 45012 22204 22928 32144 7869 14925 2323 43048 102304 19226 36708 10940 30979 12010 35287 9107 37158 10745 70894 15361 32952 91514 38739 84017 13568 9451 64957 35236 13968 15261 22748 54748 8960 45223 7157 94198 17062 15432 25961 66957 13480 9961 11565 36595 68608 75486 0 22764 12622 55263 19472 68148 24542 20964 46460 69702 21520 40502 30161 8373 98760 41663 66028 70009 24766 9621 48456 46998 88406 6307 38735 62361 9800 11372 65091 29967 29853 50086 21538 47109 84387 13203 40035 24459 34519 86350 57564 63310 15016 87753 88662 66558 24376 54637 63062 65578 69041 80552 60594 22161 21716 31875 69424 78690 65219 87496 49892 87217 76749 47869 65374 39086 14628 25892 51699 32948 52056 87291 67141 84226 86534 17165 33751 70283 77807 9459 15168 76341 59840 17081 16477 66590 28735 51787 60292 88785 83046 44801 88654 73225 17712 53662 69706 59656 68441 56447 39655 22597 43580 57225 54150 71000 58996 67241 56314 27275 40143 20520 43641 6449 64967 99704 32648 21963 65314 66611 15438 33981 65505 22111 85806 51948 18239 86729 49276 48785 30362 68268 10443 65599 46709 31076 51991 44200 13653 65442 3544 1692 4540
26069 51788 101663 99336 62559 39651 25002 9116 32006 93400 8299 41711 14124 28038 29072 32767 53761 642 41028 30578 30581 36922 21829 53806 111036 4077 35397 23486 45599 11839 54976 14729 39915 25537 80283 9244 49044 93250 61084 90328 12503 21417 76323 38206 24365 28431 20458 69315 31597 47446 28359 106505 14126 23495 20910 70470 36223 15356 34152 54337 78742 86848 22764 0 18392 62056 35242 76918 40881 22496 38473 80251 39949 48315 47630 31068 113060 53505 76124 77208 21708 31170 50537 49816 97229 19210 40610 74440 14363 29198 80400 47085 18084 62729 18234 55461 82399 10811 55901 29436 17452 91243 71768 69133 7801 85561 87738 59422 6633 63310 74769 71190 73922 89114 76350 44854 9730 14258 62031 71366 61690 92028 63801 85358 77809 55166 74283 33387 24521 5609 59822 50635 57404 86379 77237 95667 91260 30890 37361 78894 74361 22421 9176 83183 61424 6566 28851 65131 31503 60556 60158 96118 96208 53241 87396 89127 6115 52391 71418 68373 86744 60499 17513 6756 53751 55801 42026 84337 68809 81163 67507 38532 43939 27455 26448 17831 68135 101216 45869 29085 55965 69207 28177 36377 74432 35434 90392 56732 40518 82447 53158 61375 52340 63806 19817 60379 54748 31286 58425 41792 29418 65142 26058 21303 26587
13202 53541 101617 98515 65825 51854 18517 10603 29863 94043 16398 27203 16583 11108 36084 33951 56591 17753 35547 39809 18946 21532 10339 55037 114286 16782 44744 5587 43438 7756 47573 13648 46740 7877 82869 9206 45552 101647 45070 95397 5947 19508 77237 44810 24388 26848 29103 67330 20163 54891 13648 106679 21592 25128 13386 77428 23678 15597 20278 49182 80706 87809 12622 18392 0 66510 16904 79982 22513 28762 52027 81877 21957 51756 42779 18090 111373 53836 78105 81508 12145 21934 58159 56913 100358 15298 48068 74728 14236 23843 77711 42589 32621 62460 27190 58627 93162 8231 52645 34079 34726 97380 70129 74399 13278 96479 97867 72967 16413 66331 75381 76635 79933 92417 73215 32081 22931 21927 75755 85163 73165 98435 62408 96065 86541 59135 77217 45397 24953 18715 63230 45551 62860 96490 79224 96587 97519 29055 43480 82099 85948 20033 16025 87801 69598 16059 27928 75366 37867 63469 69459 100429 95585 56302 97737 85839 16573 62280 79640 71411 80829 66940 31997 21994 55456 65859 57844 83531 70970 79808 68515 39024 50186 10483 44073 14010 75309 109815 44929 32143 70647 76794 26907 43290 77353 34148 96749 62585 29395 94614 59587 61143 41442 75875 2551 72844 58144 39384 63096 52112 25827 74629 13853 12529 16993
57378 14609 42546 41763 4244 31838 49119 60030 37641 33797 69865 59452 51354 64422 32986 32617 10659 62072 37642 32413 53893 61382 57450 14477 48983 58769 28545 66185 27818 61067 39406 53517 22415 65908 18971 62958 29397 37959 71512 28895 63892 47003 18591 23960 42123 40011 41602 23609 53219 16522 59892 46784 48456 41536 78264 13868 54472 51620 57620 32696 18416 27310 55263 62056 66510 0 72877 15298 76508 39828 36415 20316 72060 14779 33437 56217 55970 17080 16120 15207 77782 49500 14724 14155 35225 51214 22211 18925 53140 44510 31467 32733 47465 16483 43821 8507 36929 61650 26764 33186 54087 31124 23424 8162 58156 40045 38714 37454 68264 5164 18249 10446 14175 27112 30523 54794 52472 76313 39359 44363 28162 32335 20353 39019 25547 7396 12977 34257 41566 67665 4600 33176 5471 37512 17059 35507 31336 38160 24701 17088 34930 46519 54823 21375 14022 56923 38820 23840 30559 5867 18350 34214 38573 10660 39232 39288 56998 20716 18961 7734 45831 7256 75995 55660 13286 21042 45777 28945 10205 28047 13080 28116 18322 75724 55096 52524 12967 45965 24905 34560 42412 15153 39860 25820 13128 33502 30648 6774 50629 43215 10470 16384 49889 31713 64992 32399 8682 31096 3639 25958 41815 20616 56393 54628 52336
16162 58629 102638 98915 71256 64641 24717 26846 35439 95923 32771 18582 29887 9357 46971 41232 62306 34601 36640 51608 18997 13412 18043 59553 117951 33244 56176 11871 46307 23865 44632 26697 56327 10159 86878 26003 46884 109998 31262 101113 22739 28915 80027 54428 33260 33744 41920 68037 19747 64280 13200 107763 35388 34857 24238 85301 19778 28256 15918 48413 84264 90194 19472 35242 16904 72877 0 84524 5670 40392 65652 85088 6045 58375 43184 16701 110623 57690 81792 87039 22177 23398 67468 65915 104256 25538 57978 77084 27445 28547 77171 43375 47730 65071 40471 64458 103613 24668 53357 43769 50918 103946 70986 81030 29295 106988 107713 85972 33045 71526 77995 83315 86944 96705 72484 25020 38462 37173 88832 98124 84656 105201 64005 106413 95535 65578 81768 58409 33930 35454 68939 45317 70240 106349 82867 98634 104185 35107 52902 86674 97200 28856 31295 93370 78740 32059 35024 85863 48113 68753 79460 105355 96260 62228 107757 84369 32645 73015 88439 76336 76997 74867 48233 38151 60335 76563 72734 84484 75171 80419 71855 44854 59064 11846 60301 25148 83437 118172 48679 41127 84516 85192 34032 53271 81887 39423 103516 70293 25461 106151 67918 63883 35219 87731 15501 85070 64198 50540 69839 63666 31389 84580 17095 20832 20945
69778 26455 27802 27774 14397 46612 61942 74298 50328 19092 84565 69297 65568 76654 47932 46132 23514 76900 48047 47660 65636 72156 70419 25136 34385 73498 43843 79064 38229 75089 45556 67482 37623 78521 3785 77208 38259 32822 78271 17351 77876 60575 9278 39087 55790 53147 56528 22548 64802 31728 71975 31748 63099 55488 92240 17361 65234 65646 68771 39244 4942 13052 68148 76918 79982 15298 84524 0 87570 54502 51071 6814 82920 28746 42300 67865 41702 26836 4816 5489 91608 61261 29620 29308 20455 64757 37495 12231 67174 56954 24643 41853 62735 20442 58716 21608 38770 75762 33147 47676 69385 21786 20530 11417 72587 41151 38039 48242 82992 13743 10825 11111 12931 12437 26078 63852 67437 91150 49533 52246 38041 23428 23038 39888 26416 21756 2775 49457 55291 82522 17121 41040 20629 37202 4633 20484 22263 51029 39704 2151 40317 59976 69334 10013 24651 71544 52054 32196 45456 16589 29145 20834 24728 23909 38980 30018 71663 34093 22881 8623 40062 20024 91213 70642 24569 33300 59781 17973 9375 19222 13349 40969 33537 88652 70215 66167 18720 39674 35888 48685 54148 20206 53076 40950 2647 46037 21975 21760 60551 46762 25586 21355 57021 40955 78261 42785 22244 46255 18877 40922 54497 28864 68801 67726 64754
20956 62079 104519 100623 74654 69783 29353 32516 39495 98110 38154 19401 35353 14604 51878 45508 65872 40240 39524 56640 22817 15438 23321 62838 120568 38913 61105 17541 49387 29535 45982 32181 60878 15792 89757 31648 49518 113955 28223 104393 28381 33902 82604 59004 38037 38135 47200 70112 23359 68718 17800 109637 40852 39744 28713 89238 22338 33677 18904 50372 87032 92573 24542 40881 22513 76508 5670 87570 0 45503 70943 87748 4802 62217 45646 20459 111895 60824 84616 90344 26632 27131 71865 70252 107001 30746 62582 79559 32933 32689 78750 45945 53290 67752 45830 68030 108118 30335 55664 48490 56575 107448 73071 84671 34959 111498 112059 91092 38504 74859 80538 86954 90648 99603 74051 25821 44084 42225 93960 103210 89458 108752 66402 110885 99708 69297 84838 63618 38708 40946 72434 47525 74153 110702 85670 100856 107714 39278 57452 89715 101911 33753 36919 96649 83027 37720 39416 90436 52885 72137 83946 108393 98072 65850 112146 85577 38309 77699 92594 79552 77468 78881 53505 43814 63706 81223 78219 86468 78196 82331 74668 48723 63432 16220 65957 30473 87449 122107 51943 45754 89807 89262 38459 57934 84951 43291 107075 74286 27423 110907 72082 66617 35718 92604 21167 90031 67831 55462 73594 68572 35587 89031 21826 26002 25425
24632 29364 79243 77039 40118 24280 16894 20542 14108 70931 30071 35973 12282 31036 7388 11567 31267 22439 23967 11281 24843 33983 22388 31442 88733 18996 16077 30325 25024 22078 37732 15117 18360 30977 57825 23455 29077 73156 55039 68446 24903 11680 53867 16485 8703 11643 3640 47620 25073 26410 27862 84054 8629 6574 39017 49338 29208 13177 29807 35173 56249 64368 20964 22496 28762 39828 40392 54502 45503 0 25719 57756 42302 25832 28891 26836 90890 31355 53630 55031 38815 22085 29658 28581 74876 14883 19491 52068 14533 16507 58796 28111 13860 40581 4935 32985 64424 22436 35292 6959 21159 69799 49904 47206 18444 67752 69106 45594 28491 40847 52349 49344 52330 66770 55005 35717 13431 36673 48460 57734 44655 70717 41994 67319 57924 32784 51845 18197 8164 28075 37386 31756 35448 67729 54743 73180 69873 13121 15368 56504 57379 12016 15049 61123 41034 17095 11043 46615 9469 38078 40711 74021 73887 30752 68975 67648 17180 33534 51117 45928 66707 39010 38204 16610 31317 37116 34309 62110 46314 59098 45073 17008 22142 39021 28118 15511 47114 81291 24539 7280 44492 48452 11167 14803 51992 15659 69049 34929 30191 66175 31585 39238 39308 47553 27962 44754 32287 10624 36225 23541 14451 45877 23839 19560 20874
50248 35666 78798 78177 39277 4668 42599 41913 36956 70045 46624 61274 35984 56358 20953 31267 34419 38837 45098 15693 50493 59658 47634 37919 81682 37147 13483 54811 40810 44409 56373 39186 19649 55840 54855 44351 45110 57457 79672 59387 46890 37371 54819 20036 34123 35947 23743 55260 50645 20449 53489 82815 30589 32085 59088 38352 54541 37481 55454 51466 54747 63654 46460 38473 52027 36415 65652 51071 70943 25719 0 56686 67937 30210 47029 52535 92375 39672 52525 48978 59563 47430 21695 22509 68995 40203 18173 54559 38465 41527 65532 46065 20410 46854 25223 34703 44641 44266 48581 25335 23308 58564 56420 40331 39232 47649 50368 21084 44995 40338 54161 41711 43025 61300 63160 60139 29834 51103 23803 33216 23902 58902 49971 47589 42301 32757 49121 7682 33503 43263 37036 49122 30966 49054 53437 71555 58397 36371 21151 52484 36208 37735 36097 53656 28474 36707 34912 28501 21392 38603 25404 65980 74988 33610 49862 74137 36372 17947 37114 44145 77633 31132 46238 32002 36864 20396 10781 64980 46275 63420 47659 33217 21969 62502 20221 40505 35952 64968 38484 28281 18865 36167 35480 19319 49268 35952 57439 29643 54575 44022 26024 45840 61541 25551 51893 21994 33761 17801 33363 10756 38989 29527 49491 44951 46591
70977 28687 22270 21551 18204 52135 63529 76946 52018 13555 87642 68975 68233 77669 51601 48486 26502 80185 48451 51916 66462 72317 72009 26938 32863 76669 48469 80510 38993 77495 43961 69899 41867 79781 4303 79820 38248 37815 76296 20337 80228 62736 5290 43148 58091 55091 60082 19451 65542 36783 72940 26684 66235 58026 94503 24174 65480 68135 69195 38095 2007 6999 69702 80251 81877 20316 85088 6814 87748 57756 56686 0 83017 31986 42109 68602 35700 28051 4262 11940 93734 62162 35022 34455 19286 66845 41993 8642 69656 58360 18898 41808 67000 20020 62209 24909 45197 78248 32282 50820 73904 25668 16882 17995 75417 47437 44053 54918 86113 17287 7410 17889 19691 12549 21139 63198 70975 94389 56268 59060 44761 27399 21581 46152 32928 25674 7755 54474 57645 85823 20878 40420 25787 43302 3258 15520 26242 52827 43563 7018 47072 62055 72273 14447 31160 74595 54088 38979 49087 19851 35703 21760 18405 27056 45060 23428 74765 40207 29678 12673 34136 26029 95193 74190 26717 39674 65769 11284 11472 13105 13390 43007 37857 90063 75353 68321 25495 44032 37061 51474 60721 27015 55078 44993 7621 47729 26171 27063 60409 53326 30785 21209 55557 47727 80008 49482 25699 50299 23626 46275 56104 35634 70017 69440 66026
17688 57576 99718 95821 70118 66539 25746 31184 35353 93321 38194 14609 32894 12278 48386 41479 61409 39308 34887 53283 18705 10766 20656 58276 115823 37572 57607 16517 44782 28247 41187 29810 57009 14411 85066 30739 44806 109631 25243 99800 27536 30625 77861 55162 34482 34232 44259 65320 19120 64743 14449 104835 38342 36295 30253 84920 17704 31129 14462 45579 82320 87802 21520 39949 21957 72060 6045 82920 4802 42302 67937 83017 0 57884 40909 16361 107117 56217 79917 85765 28198 22904 67852 66200 102280 27823 58755 74803 30562 28650 73950 41225 51004 63033 43046 63567 104147 29178 50897 44816 54827 102929 68279 80218 33440 107528 107968 87780 38337 70300 75791 82499 86219 94913 69252 21047 42126 42923 90656 99838 85770 104250 61641 106887 95514 64894 80195 60493 35149 40670 67936 42752 69837 106617 80965 96070 103203 35210 53592 85062 98121 30369 35021 92059 78921 36121 35506 86536 49244 67598 79983 103732 93270 61410 108085 80801 36735 73913 88394 74953 72801 74615 53753 42188 59173 77410 75627 81670 73545 77531 69971 44435 59415 17891 64169 27762 83172 117768 47391 42005 86769 85016 34583 54172 80306 39023 102577 70014 22651 107151 67912 61909 31007 88986 20168 86515 63393 51974 69202 65029 31562 85036 18463 23097 21740
42704 5455 53775 51945 14351 25678 34377 45583 22986 45307 55852 45978 36862 49769 19662 17839 5511 48269 24418 20673 39458 47338 42679 7731 63091 44810 18384 51415 15445 46474 30077 38889 11226 51171 32006 48501 18546 51748 59994 43644 49284 32248 28365 11907 27379 25243 28097 25311 38860 11579 45297 58474 34389 26882 63664 27036 40523 37018 43424 23873 30436 38707 40502 48315 51756 14779 58375 28746 62217 25832 30210 31986 57884 0 22013 41805 66044 9551 27824 29778 63123 35098 13167 11233 49183 36459 12223 26966 38544 29882 36051 21122 35486 17040 30224 7158 47641 47105 19456 18950 42706 45850 26818 22811 43843 50975 50697 39584 54292 15033 27038 25084 28612 41106 33234 41964 38990 62504 42142 49446 32938 47012 19854 50156 37871 7386 26055 25306 26834 53904 11646 22845 11959 49386 28932 47470 46039 23447 11920 30787 43302 31749 40590 36051 22046 42817 24045 31228 17142 12247 24444 48759 48744 4932 50969 44888 42950 21474 30771 20137 47442 16830 63297 42204 6805 23989 40862 37381 20519 34949 19789 13522 8243 60948 45666 37790 25332 59892 12321 19983 42513 27247 25086 13610 26201 18958 45321 12244 37292 52299 11017 15895 38819 36679 50216 35787 6506 18738 11507 19812 27131 28877 41719 39851 37675
30350 19150 59683 56210 30611 43260 24608 41163 15735 52758 53014 27006 33557 36453 27982 17671 23219 47302 7232 32442 25164 30224 32442 18961 74924 43559 33546 40165 6714 40585 9388 33777 28200 39015 44247 43618 4104 71309 38264 59464 42888 26397 36959 27273 23400 19255 32503 25030 24106 32804 31734 64801 34515 24686 56114 47205 23446 32585 27270 6719 41437 47018 30161 47630 42779 33437 43184 42300 45646 28891 47029 42109 40909 22013 0 27089 68696 16421 39070 45620 54919 21198 34972 33028 61377 29601 30056 33939 33873 19356 34985 972 42635 22146 33630 25212 69246 41620 10217 23957 50038 63084 27946 41288 40668 72530 71800 60691 51818 30557 34897 43487 47363 54086 30448 21655 40836 60094 63388 71167 54822 64530 20824 71634 58702 27234 39631 40054 23362 52483 28913 3005 32913 70539 40103 55458 63429 16867 25975 44421 65290 25432 38470 51783 43835 41087 19025 53223 26466 28138 46451 63010 53417 23536 72198 43066 41515 43043 51778 34758 39160 37949 64960 43595 20182 45830 57638 41484 32971 37531 29150 13903 27918 49401 56355 31193 45955 79212 9752 21967 62654 48051 19555 27735 39733 13232 62898 33605 18321 74253 32998 21060 16839 58535 40524 57365 25384 30011 31389 38539 18347 50779 29472 30458 25844
5207 41930 86771 83257 54555 50769 9942 22092 19041 79773 32766 10719 19799 9423 32376 25121 45624 30496 20216 37424 2359 7178 9350 42858 101453 27590 41545 13934 29688 19884 30205 17359 40664 12325 70277 23195 30568 93520 30411 84412 20901 15355 63604 38828 18524 17897 29288 52116 3066 48382 4847 91890 24688 20484 31122 68804 5616 17933 3255 32867 67719 73896 8373 31068 18090 56217 16701 67865 20459 26836 52535 68602 16361 41805 27089 0 95478 41029 65222 70338 29551 6718 51496 49852 87701 13803 42425 60743 18013 12290 61795 27161 37420 48617 28472 47779 87787 21077 37303 28619 42561 87261 55034 64376 23362 91168 91640 71854 32192 54825 61601 66661 70316 80089 57163 14242 29839 39221 74734 83823 69495 88527 47782 90531 79251 48948 65105 44944 19174 33896 52247 29495 53721 90286 66306 82446 87506 18859 37252 70016 81790 14858 23498 76670 62597 25453 19166 70179 33061 52052 63622 88690 80493 45561 91745 69467 26084 57592 72136 59644 63436 58429 47709 30903 43633 61076 60942 68573 58525 64606 55305 28291 43058 22544 51534 14451 66998 101679 31994 25750 71224 68805 18262 37880 65225 22855 86844 53836 11361 90832 51628 47399 23352 72755 15546 70371 47536 35948 53227 48897 15202 68678 5024 9974 6019
99031 61679 14269 14236 53445 87808 92951 108393 82305 22665 119804 92513 99949 104901 85544 80336 60595 112899 75899 86619 93715 97216 101064 59503 30209 109221 83602 108848 68299 108377 66009 101025 76722 107627 37969 111114 65829 60233 92885 42375 110907 93544 37953 77784 89390 85766 93662 44159 92602 72321 100245 12429 98944 89819 124618 57893 91090 99476 95106 62615 37659 28775 98760 113060 111373 55970 110623 41702 111895 90890 92375 35700 107117 66044 68696 95478 0 59572 39852 45144 123516 89879 70693 70048 30699 97329 77089 39078 100934 87608 33717 68819 101530 50340 95642 59416 73810 109295 58729 83975 108702 47618 41488 53055 107296 74957 70320 89311 118392 52435 39053 52362 52826 34855 38318 86074 104319 126790 90280 91420 79006 48948 49424 73650 63176 60666 43357 89886 89076 118478 55960 66070 61434 70125 38941 21855 48264 83304 77952 40686 78411 92705 104453 43069 66252 106948 85007 72809 83039 54649 70659 37072 17451 61281 71582 26320 107219 75775 62480 48256 36528 61637 129018 107497 59781 74971 101421 28789 46413 31926 46257 74575 72859 117981 110782 98902 59735 62406 67441 83994 95512 60773 85879 79569 43214 78292 48916 62736 85203 82442 66416 51691 76360 81516 109176 83811 60303 84772 59159 81904 85962 69660 98163 98915 94520
43059 4243 48370 45847 14213 35181 35482 49325 23973 40410 60433 42962 40699 49870 26572 20902 7578 53359 21345 28817 38805 45453 43966 2756 60682 49705 27351 52502 11437 49672 22618 42121 20296 51843 29328 52148 12345 54889 54435 43585 52360 34825 23438 20544 30308 27108 34265 16672 37966 20898 45173 53321 39382 30476 66556 30922 38513 40428 41974 15972 26950 34047 41663 53505 53836 17080 57690 26836 60824 31355 39672 28051 56217 9551 16421 41029 59572 0 24381 29570 65736 34436 21946 20109 46823 38881 21547 21138 41933 30341 27789 15769 42871 9233 36167 9224 53493 50480 10575 24493 50328 46892 18681 24867 48002 56711 55681 48534 58975 14227 21654 27068 30942 39095 24464 37970 44782 67353 50982 57764 41109 48291 11002 55751 42531 11580 24078 34382 29913 58958 12517 16111 17313 54451 25489 42870 47208 24802 20097 28987 50338 34103 45028 35846 28631 47477 26153 38453 24160 11724 31903 47665 42740 8160 56143 36699 47721 30303 35737 18737 38134 22229 69548 47946 4162 32398 50366 30832 17504 27743 14679 15211 17750 62072 54205 40383 29816 62794 9084 24425 51830 31958 27121 21991 24198 19692 46641 18272 34134 59087 18754 7886 32819 44868 51956 44396 9641 26597 15379 29357 28053 35675 42090 41388 38067
67426 24719 26523 25657 13946 47957 59837 72963 48276 17816 83567 66050 64240 74192 47405 44547 22363 76067 45171 47664 63045 69178 68325 23076 36304 72570 44207 76882 35541 73574 41645 65968 37612 76217 5205 75847 35114 37592 74249 21458 76323 58869 4489 38906 54179 51276 55908 17985 62157 32549 69478 30943 62137 54053 90630 21310 62297 64185 65941 35516 2629 11245 66028 76124 78105 16120 81792 4816 84616 53630 52525 4262 79917 27824 39070 65222 39852 24381 0 10263 89900 58710 30842 30234 22481 63003 37732 7445 65709 54721 19924 38702 62752 16939 58045 20716 43391 74306 29528 46707 69645 26258 15826 14584 71390 45841 42813 51428 82028 13038 6033 14870 17289 15018 21262 60424 66809 90284 52896 56143 41378 27938 19065 44588 31005 21424 4224 50226 53719 81704 16628 37579 21588 41957 1124 19759 26769 49053 39339 6296 44545 58210 68220 14530 27522 70519 50245 35793 44894 15639 32097 24039 22478 22893 43739 25750 70679 36248 27023 8433 35353 22075 90975 70024 22759 35879 61717 13993 7318 14688 9949 39141 33598 86453 71110 64461 22356 44331 33452 47434 57073 24056 51246 40753 4133 43978 26543 22885 57389 51266 26578 18014 53193 44476 76280 46040 21490 46062 19384 42071 52395 32415 66459 65713 62444
71901 28446 30954 31642 15828 44692 63822 75221 52237 22539 85055 72480 66533 78877 48138 47559 24997 77236 50913 47264 68059 75006 72238 27511 33906 73958 43088 80949 40990 76216 49640 68647 37403 80552 7953 78148 41526 27679 82391 14076 79035 62007 14747 39033 57149 54825 56750 27556 67293 30687 74259 34366 63660 56647 93413 12835 68064 66763 71459 43158 10257 17244 70009 77208 81508 15207 87039 5489 90344 55031 48978 11940 85765 29778 45620 70338 45144 29570 10263 0 92896 63660 28170 28218 20367 66215 36995 17587 68286 59014 30131 45089 62183 24413 58978 22911 33330 76818 36998 48387 68514 17524 25727 8676 73361 35675 32555 44206 83450 15513 16199 7379 7951 12398 31497 67272 67588 91466 45294 47432 33913 19048 27412 34408 21011 22441 6908 48165 56610 82815 18313 44634 19902 31713 10118 23392 17914 52846 39849 4995 35206 61481 70030 6342 21330 72126 53671 27826 45733 18304 25604 19014 28764 25230 33492 35347 72197 31418 17974 10869 45551 17977 90809 70764 26705 30129 57072 23222 12976 24680 17531 42736 33327 90523 68619 67561 14591 34816 38408 49703 50368 15730 54707 40881 6884 47998 17476 20762 63668 41396 24556 25142 60953 36593 79914 38710 23365 46104 18808 39306 56426 24593 70917 69465 66854
25027 65238 113683 110624 77343 60160 30613 18386 41798 106041 15006 37379 26635 21019 46194 45476 68126 21211 47688 49238 30723 31495 22477 66826 125972 22417 54237 15667 55510 16796 59504 24270 57155 17593 94587 15580 57691 111949 53219 106664 13955 31046 89168 55258 35819 38644 38355 79456 31930 65225 24798 118734 30665 36251 2082 88103 34972 26183 31239 61300 92513 99762 24766 21708 12145 77782 22177 91608 26632 38815 59563 93734 28198 63123 54919 29551 123516 65736 89900 92896 0 33983 68472 67382 112035 26897 58302 86719 24674 35952 89856 54733 39242 74466 36210 70114 102457 16380 64787 44826 39119 108380 82246 85527 20819 105711 107466 80638 16187 77898 87341 87730 90896 104042 85359 42930 29748 16469 83318 92706 82021 109364 74499 105396 96662 70460 88855 53713 36329 18657 74703 57680 73860 106093 91022 108561 108487 40937 54049 93708 94809 31690 24237 99144 79823 23033 39655 84819 48233 75039 79262 111880 107682 67790 107242 97974 23290 71785 89912 83004 92786 77701 28368 27655 67177 75323 63720 95625 82709 91925 80405 50759 60829 10429 47878 25451 85905 120068 56908 43225 77506 87266 38659 53613 88993 46052 107686 73477 40903 103193 70287 73140 52715 84436 14431 81170 69581 49221 74293 61321 37838 84392 25773 24628 29106
9153 35235 80749 77373 47864 45305 6447 22881 12465 73571 34494 13894 18008 15513 26782 18682 38912 30674 14069 31973 4402 12810 11707 36204 94984 27298 35786 18970 23177 21387 25696 16488 34364 17853 63734 24706 24403 86826 33144 77735 23151 11702 57222 32572 13403 11814 25010 46151 3784 41936 10779 85855 21923 15516 35317 62109 7131 16307 8610 27379 61228 67596 9621 31170 21934 49500 23398 61261 27131 22085 47430 62162 22904 35098 21198 6718 89879 34436 58710 63660 33983 0 45008 43329 81191 12095 36171 54431 16950 6047 56162 21145 34111 42235 24628 41065 81311 22555 31325 22755 40057 80551 49034 57658 23403 84692 85071 66136 33625 48148 55245 59943 63598 73526 51591 14406 27841 41358 69014 77984 63320 81812 41600 84032 72617 42230 58495 39762 13986 34924 45541 23826 47024 83721 59802 76216 80793 12401 30981 63411 75485 10885 22548 69995 56023 24906 13027 63779 27178 45365 57170 82073 74545 38844 85198 64098 25492 51335 65498 52994 58910 51753 48503 29544 36955 54780 56388 62558 51940 58669 48821 21593 36577 28243 48579 13358 60319 94981 25373 19798 65886 62142 12234 31745 58618 16160 80129 47157 9447 84551 45009 40990 21191 66653 19554 64398 40818 30288 46511 42998 8893 62192 8292 10480 5082
51343 17735 57203 56487 17702 17116 42772 50155 32549 48448 58690 57213 41904 58370 22278 26375 14897 50659 36435 19966 49148 57733 50386 19471 61824 47717 15313 58952 28291 51729 43238 44572 11423 59153 33384 53046 31661 43516 72491 40196 54558 39265 33162 13357 34510 33749 30446 35185 48773 3268 54276 61336 37965 33288 68636 19933 51219 42614 53601 37026 33100 42005 48456 50537 58159 14724 67468 29620 71865 29658 21695 35022 67852 13167 34972 51496 70693 21946 30842 28170 68472 45008 0 1945 48520 43303 10171 33075 44051 39208 44701 34050 34366 26877 32686 14365 36303 52092 32363 24172 40414 40728 35866 19545 47927 39684 40247 26592 57036 18775 32592 21312 23579 40561 42874 53875 40808 64670 29072 36286 19851 41491 30456 39035 28400 11993 27534 19997 33860 56072 15664 35973 9271 38882 31768 50055 40732 32643 14751 31177 30887 39061 44483 33540 11446 46222 32467 18913 20308 17339 12190 46371 53295 14136 40294 53046 46173 8370 21487 22450 57906 10312 62988 43864 18117 10861 31293 43399 24634 42071 26397 24178 8438 68137 40612 44337 17613 51669 25220 26496 30104 18821 33445 14889 27683 29258 39858 7959 48841 39975 4385 26118 51650 23568 57078 22628 13497 19409 11729 11303 36298 17185 50391 47449 46536
49815 15883 56700 55821 16771 17866 41247 49117 30864 47952 57912 55417 40769 56860 21237 24745 13196 49915 34549 19335 47500 56024 48963 17678 62027 46890 14908 57569 26350 50609 41298 43371 10228 57717 33041 52022 29717 44736 70583 40642 53445 37880 32331 12134 33085 32174 29569 33703 47101 2470 52716 60928 36994 31936 67596 20783 49470 41414 51909 35099 32567 41453 46998 49816 56913 14155 65915 29308 70252 28581 22509 34455 66200 11233 33028 49852 70048 20109 30234 28218 67382 43329 1945 0 48584 41957 9224 32066 42869 37572 43419 32107 34026 25347 31817 12828 38002 51008 30483 22853 40301 41441 34494 19700 46944 41381 41813 28457 56266 17830 31653 21595 24120 40563 41453 52012 40092 64001 30963 38228 21794 42271 28861 40705 29761 10561 27104 20149 32443 55378 14556 34030 8703 40453 31197 49647 41473 30993 13434 30956 32746 37641 43509 33789 12844 45320 30893 20738 19152 16170 13975 46687 52617 12418 41895 51858 45295 10264 22763 21804 56404 10705 62670 43189 16344 12806 32400 42471 23784 40985 25249 22357 6860 66813 40947 43030 18535 52909 23277 25069 31819 19901 31883 13778 27255 27492 40620 7559 47008 41829 3722 24538 49714 25513 55772 24555 11930 18558 10898 11869 34668 18886 48857 46030 44972
89882 46819 17590 21274 34832 64830 82206 94750 70610 14027 104948 88262 86021 96668 68179 66565 43968 97229 67621 67554 85526 91565 90693 45363 13937 93866 63442 99290 58022 95540 63073 87932 57617 98664 17513 97661 57485 29649 95096 11955 98324 80993 24521 59185 76224 73510 76794 38240 84636 51053 91956 18308 83489 75941 112684 31085 84709 86099 88387 57339 19992 15936 88406 97229 100358 35225 104256 20455 107001 74876 68995 19286 102280 49183 61377 87701 30699 46823 22481 20367 112035 81191 48520 48584 0 85164 57294 27751 87627 77137 34283 61057 82521 39250 79001 42057 43334 96216 51565 68088 88881 16925 35444 28979 93024 44322 39631 61523 103364 34197 26630 27354 26114 8116 37945 82471 87682 111479 62023 61884 51371 18254 40847 43023 33489 42092 23190 68504 75731 102838 37541 59706 40194 39468 21395 12073 17568 71348 59907 18396 48650 80378 89757 15382 40729 91944 72438 44977 65729 37042 44545 6487 20112 44362 40898 34366 92051 51172 34349 29078 47334 38270 111129 90875 44901 49409 76495 24576 29412 28502 32403 61334 53526 108871 88837 86587 33360 32770 55905 69137 68139 33700 73453 61043 23049 66311 18238 41108 79686 51952 44915 40397 74667 53286 98594 56107 42677 66311 38863 59587 74757 42219 88913 88040 84888
10238 38352 87026 84137 50554 39104 5793 11615 15070 79253 23500 24300 6090 16194 21746 18665 41322 18748 22581 26148 12506 20807 7507 39930 99099 15262 30840 15687 29034 11071 36143 4488 31900 16143 67701 14019 31734 86662 44055 80100 13588 4211 62319 29964 9097 11774 16468 53169 13272 40042 13451 92044 10923 10021 27675 62294 18004 4279 17051 36286 65616 72926 6307 19210 15298 51214 25538 64757 30746 14883 40203 66845 27823 36459 29601 13803 97329 38881 63003 66215 26897 12095 43303 41957 85164 0 33363 59937 4873 10358 63899 29211 23710 47723 15231 43346 78894 12052 38835 19133 28780 82116 55869 59118 11566 82246 83345 60436 22402 51076 60519 61359 64688 77194 59560 26269 16143 30559 63295 72595 59425 83189 48000 81755 71696 43838 61997 32884 9677 23370 47947 32556 47619 81970 64125 81742 82264 14136 28554 66866 72092 4793 10453 72505 54743 12836 12759 61070 23205 48214 54916 85148 81137 41020 83286 72329 13412 48053 64720 56168 68657 51786 36673 17549 40285 51632 47846 69084 55817 65516 53534 23862 35155 24862 37733 1594 60217 94845 30165 16966 59064 61764 11768 28571 62134 19247 81501 47384 21537 80952 44481 46386 33169 62390 13870 59631 42853 25252 47808 38335 11412 60085 9626 4749 8120
41816 17642 64217 62875 23800 13806 33275 39985 23922 55544 48691 49087 31748 48764 12108 17583 17002 40702 29685 10271 40112 48981 40579 19948 70895 37666 6512 49047 23491 41566 39167 34453 1932 49354 41121 42879 27597 53669 65688 49765 44393 29411 39137 3600 24773 24528 20348 37519 39864 6939 44847 68671 27811 23394 58467 29988 42765 32495 44770 33775 40220 48949 38735 40610 48068 22211 57978 37495 62582 19491 18173 41993 58755 12223 30056 42425 77089 21547 37732 36995 58302 36171 10171 9224 57294 33363 0 38251 33918 30197 48151 29085 25259 29198 22595 17792 45656 41923 30495 14284 31938 50663 38936 28661 37770 49026 49986 31123 47047 24755 38105 30652 33313 49210 45443 46483 30893 54814 33926 42391 27164 51494 32076 48482 38479 16429 35078 13158 24110 46182 21180 31791 17102 48611 38773 57447 50697 23804 5190 39297 39367 29285 34330 42766 21555 36108 23259 27885 10205 22441 21569 55698 59656 16226 49943 56934 36077 15171 31631 29397 59626 19889 53836 34007 19006 18655 28926 48772 30746 46681 31095 17059 4258 58128 33837 34333 27713 61811 20849 16852 32611 28984 24172 4794 35231 21326 49843 16263 41158 48408 12579 28089 45838 30564 47053 28576 16872 9336 18619 8504 27297 26732 40887 37641 37159
63386 22716 27254 25024 15383 49902 56251 70464 44925 19322 81517 60630 61828 69936 46496 42018 21534 74322 40529 47576 58664 64155 64681 20636 41042 70707 44746 73041 31408 70789 35355 63251 37756 72192 12048 73286 30208 45036 67654 28573 73459 55922 3398 38747 51443 48169 54709 10854 57698 34130 65195 32184 60323 51600 87596 27491 57381 61566 61167 29599 8741 13165 62361 74440 74728 18925 77084 12231 79559 52068 54559 8642 74803 26966 33939 60743 39078 21138 7445 17587 86719 54431 33075 32066 27751 59937 38251 0 63069 50989 13243 33710 62452 12275 56736 20467 50304 71609 23925 45117 69648 33584 8457 20235 69118 52876 50036 56066 80041 14306 1414 21088 24043 21186 13940 54758 65466 88399 57785 61828 46352 35281 13172 51645 37911 21978 10918 51261 51051 79943 17524 32082 23994 49136 7970 21866 34113 45811 38879 13706 50811 55176 66106 21920 32154 68523 47253 41219 43985 15996 36704 30395 21845 22236 50924 20414 68746 39634 33330 11828 28523 25898 90057 68664 20783 39877 64367 10523 8760 9124 7192 36348 33996 82538 72079 61457 28128 51744 29811 45382 61266 30043 48204 40516 10893 40694 33922 25419 52157 57954 28690 13585 46953 49683 72755 50838 21380 45700 21371 43844 48902 37833 62442 62217 58510
13715 40990 90274 87556 52837 37915 10662 7460 18717 82332 19165 28687 2481 18403 21879 21170 43660 13916 27011 25598 17010 24725 9970 42733 101559 10391 30517 16348 32712 7931 40778 753 32656 17435 70260 10220 35724 87566 48419 82007 10752 7510 65301 30737 11626 15191 15020 56823 17880 40786 16705 95247 7953 11687 25127 63514 22610 1528 21257 40588 68335 75918 9800 14363 14236 53140 27445 67174 32933 14533 38465 69656 30562 38544 33873 18013 100934 41933 65709 68286 24674 16950 44051 42869 87627 4873 33918 63069 0 14940 67703 33417 20443 50966 13274 45600 78928 8598 42765 20168 24734 83713 59447 60855 6847 82247 83638 59172 17945 53435 63572 63056 66230 79589 63453 31017 11921 26249 61995 71375 58990 84708 51516 81830 72395 45845 64439 31510 12028 18713 50167 36860 49187 82261 66833 84759 83824 17673 29467 69253 71760 8449 5629 74512 55471 7963 15930 61131 23743 50586 55241 87289 84510 43284 83503 76248 8543 48044 65536 58553 73021 53075 31853 12917 42954 51624 45293 72488 58446 69039 56465 26733 36228 24570 33909 3662 61347 95719 33524 18583 57277 62770 15058 29162 64581 22642 83028 48817 26380 80471 45676 49615 38042 61761 13596 58804 45031 25151 49634 37908 15527 60408 13343 8117 12721
12890 30601 77785 74675 43187 39304 5344 21973 6901 70281 33858 19751 15180 19913 20777 12833 34065 28789 12249 25993 9948 18819 13692 31820 91016 25149 29745 22161 19618 21239 25839 14722 28412 21571 59626 24320 21791 81451 38538 73068 23537 7930 53592 26597 7848 5767 19681 43509 9670 36093 15417 82854 17898 9977 37011 56756 13045 13843 14587 25998 57291 64115 11372 29198 23843 44510 28547 56954 32689 16507 41527 58360 28650 29882 19356 12290 87608 30341 54721 59014 35952 6047 39208 37572 77137 10358 30197 50989 14940 0 54014 19032 29285 38714 19615 36195 75497 22291 28908 16711 35721 75632 46294 52634 21782 78879 79372 60092 32751 43558 51692 54916 58489 69328 49587 19239 24195 40914 62970 71937 57324 76839 38567 78242 67047 37157 54179 33848 8346 33643 40749 22277 41704 78016 55830 72854 75846 6590 25013 59097 69545 6927 20096 65356 50338 22661 6987 57898 21132 40727 51333 77669 71742 33919 79468 62305 23173 45367 59939 48525 58318 46321 46711 26372 32422 48833 50684 59689 47742 55973 44969 16397 30770 31735 43829 11932 54892 89626 21298 13752 59899 56658 6189 25727 54308 11026 75151 41746 13763 78600 39418 37413 24038 60637 21782 58360 35866 24263 41378 36952 2913 56389 11905 11324 7841
65314 30883 26122 21920 27508 60873 59348 75154 48990 21485 86755 59357 66891 71216 54357 47687 31210 80186 42198 56446 60008 63802 67388 28542 45485 76456 54431 75131 34995 74969 32782 67743 47275 73916 23171 77806 32226 56709 62458 38791 77436 60237 15452 47877 56305 52516 61881 11183 58901 45199 66547 31163 66404 56936 90995 40720 57519 66280 61517 28930 20102 18491 65091 80400 77711 31467 77171 24643 78750 58796 65532 18898 73950 36051 34985 61795 33717 27789 19924 30131 89856 56162 44701 43419 34283 63899 48151 13243 67703 54014 0 35128 70660 19023 63688 30832 63302 75926 25107 52081 78113 44366 9234 33478 74229 65765 62669 68901 85407 26456 14422 34297 37107 30010 4698 53011 72138 93803 70729 75023 59371 46107 16848 64510 50908 32886 23890 61304 56048 85680 29109 32355 36083 61843 20018 24249 44965 50030 47647 25608 64046 59362 71550 33345 45135 74104 51850 54388 51948 27390 49638 38741 19577 32009 63620 8911 74423 51904 46549 24921 15428 38652 96948 75241 29263 52499 75771 9712 21671 5996 18483 41952 43963 84277 81687 65485 41368 62767 34534 51638 73834 43286 52669 49475 23841 45136 44960 37524 51711 71088 40385 20230 43754 62771 75490 63767 31773 54299 33345 54789 52493 51010 64448 65290 60821
30283 18373 59640 56229 29978 42290 24321 40742 15126 52623 52574 27447 33039 36488 27078 16827 22448 46766 7089 31508 25187 30510 32261 18263 74648 43018 32582 40090 5771 40228 10336 33341 27229 38990 43867 43230 3596 70637 39068 58972 42567 25924 36688 26301 22801 18673 31714 25012 24154 31862 31759 64754 33872 24033 55898 46472 23683 32108 27458 7266 41095 46822 29967 47085 42589 32733 43375 41853 45945 28111 46065 41808 41225 21122 972 27161 68819 15769 38702 45089 54733 21145 34050 32107 61057 29211 29085 33710 33417 19032 35128 0 41825 21808 32876 24461 68426 41250 10182 23082 49245 62529 27907 40624 40190 71716 71025 59733 51359 29951 34639 42833 46703 53711 30629 22224 40171 59656 62433 70230 53900 63963 20647 70827 57940 26447 39169 39102 22741 51984 28228 3656 32108 69760 39745 55310 62866 16256 25006 43981 64412 24969 37937 51276 42986 40553 18392 52343 25538 27493 45566 62599 53408 22745 71413 43299 40971 42105 50999 34222 39667 37145 64377 42958 19459 44906 56680 41442 32506 37528 28765 12957 26960 49380 55495 30805 45193 78560 8834 21139 61684 47281 18957 26768 39273 12457 62325 32779 18705 73385 32119 20689 17704 57610 40362 56423 24610 29075 30625 37568 17894 49918 29391 30212 25701
33839 40067 89091 87416 48818 21673 27995 22129 27926 80502 26298 47590 18130 38830 16308 25045 40945 18433 37818 15097 35858 44501 30374 42348 96044 16849 19118 36193 38302 24867 51573 21196 25159 37599 66333 24314 42519 75887 67197 74561 27099 22470 63758 23862 21586 25192 10221 59519 36403 31561 36971 93669 12798 19564 38705 54035 40966 19939 40636 48766 65291 73889 29853 18084 32621 47465 47730 62735 53290 13860 20410 67000 51004 35486 42635 37420 101530 42871 62752 62183 39242 34111 34366 34026 82521 23710 25259 62452 20443 29285 70660 41825 0 51857 9698 42239 64444 24528 48330 19175 7551 74886 61529 53724 19415 67573 69892 41433 24654 49715 62505 55608 57934 74451 67196 48369 9745 31243 44088 53467 43689 75527 53839 67404 60451 41328 60281 15608 21226 23057 46124 45446 42334 68543 63820 82510 74841 26904 23584 64554 56312 23233 16657 67814 44566 16721 24763 47390 18716 47199 42810 80699 84211 40276 69506 79570 16304 34951 54348 54525 79702 44644 28644 11608 41887 38231 25228 72844 55601 70244 55273 29976 29220 42952 14545 23413 51636 83736 37357 20701 38350 52473 24736 22032 60433 29425 73935 41421 43001 64363 37637 50568 52879 45735 32915 42295 41393 16768 43861 24465 27737 47647 33303 28179 31495
51145 11878 39320 36658 12328 42227 43977 58390 32684 31583 69598 49112 49813 57747 35607 30065 12447 62577 28439 37458 46502 52315 52406 9548 52882 58914 35424 60778 19145 58627 25231 51122 28266 59953 22131 61186 18236 51546 57984 37780 61273 43744 14990 28854 39345 35970 43453 8416 45561 26831 53010 44323 48608 39612 75363 29509 45466 49474 49174 18816 19292 25414 50086 62729 62460 16483 65071 20442 67752 40581 46854 20020 63033 17040 22146 48617 50340 9233 16939 24413 74466 42235 26877 25347 39250 47723 29198 12275 50966 38714 19023 21808 51857 0 45378 12522 53030 59469 12705 33701 59253 41892 9790 22364 57137 56028 54189 52673 68154 11644 13016 24205 28006 31956 16306 43507 54011 76540 54846 60545 44066 43449 3879 54932 41154 14905 17906 42330 38979 68169 12497 20661 19449 53079 17961 34141 42306 33589 28651 22511 51412 42979 54205 30259 30268 56670 35088 40211 33151 10820 34320 40943 33573 13258 54845 27891 56923 34769 35059 14018 31060 23404 78764 57177 10242 36082 57297 21617 11437 18525 7103 24329 25056 70287 62664 49254 29112 59043 17565 33654 56849 31293 36023 30464 17989 28478 41889 20794 40466 59625 22828 1356 36612 47732 60480 47971 13417 35349 16784 36184 36637 37049 50197 49946 46251
25452 34020 83851 81738 44383 24685 18734 17842 18449 75475 26150 38307 10797 31226 10839 16479 35710 18259 28382 13040 26726 35638 22514 36149 92802 15083 18036 29617 29938 19886 42319 13983 21765 30617 62113 20635 33955 75930 57770 72167 22597 13183 58444 20011 11888 15552 2250 52508 27160 29511 28677 88622 5632 9875 36184 52578 31604 12258 31617 39993 60653 68892 21538 18234 27190 43821 40471 58716 45830 4935 25223 62209 43046 30224 33630 28472 95642 36167 58045 58978 36210 24628 32686 31817 79001 15231 22595 56736 13274 19615 63688 32876 9698 45378 0 37340 66309 20002 40220 11677 16610 73244 54762 50947 15414 69587 71259 45905 24521 45156 56975 53028 55848 70885 59922 38770 8767 32492 48724 58108 46064 74088 46870 69239 60567 36960 56098 18253 11533 23844 41643 36529 39201 69885 59152 77679 73286 17388 19129 60680 58863 13840 11977 64972 43855 13543 15208 48621 13272 42432 43079 77904 78575 35155 71046 72549 13487 35576 53933 50196 71630 42440 33388 11981 35956 39118 32626 66854 50743 63902 49690 21942 25748 37652 24235 15358 50288 84004 29473 12213 44067 51487 15106 18202 56247 20423 72436 38565 33360 67458 35053 44040 43198 48703 26815 45654 36600 13279 40191 25150 18042 48195 24789 19949 22462
49083 6145 46860 45239 7237 30042 40930 52693 29370 38316 63010 50964 43965 56099 26692 24681 2158 55420 29153 27230 45464 52880 49331 6473 55977 51967 24279 58048 19375 53524 31842 45924 17310 57685 24848 55605 21247 46412 63437 36910 56322 39143 21529 18398 34309 31913 35195 20879 44768 14408 51530 51491 41547 33918 70698 22023 45968 44072 49135 25193 23318 31704 47109 55461 58627 8507 64458 21608 68030 32985 34703 24909 63567 7158 25212 47779 59416 9224 20716 22911 70114 41065 14365 12828 42057 43346 17792 20467 45600 36195 30832 24461 42239 12522 37340 0 44287 54178 19629 26108 49311 39489 21771 16654 50982 47518 46607 40481 61450 7879 20370 18933 22681 33996 28661 46384 46100 69657 42773 49060 32414 40748 16101 46573 33493 2543 18905 30861 33787 61053 4603 25219 8122 45358 21818 40420 39728 29951 18696 23666 41176 38594 47739 29235 19475 49974 30762 29373 24180 5095 22954 41803 42025 2326 47032 39451 50108 22389 26608 12990 43576 13005 70293 49314 5108 23997 44974 30984 13440 28943 13304 19848 13534 67617 51628 44716 20747 54447 16421 27080 44409 22856 31797 20211 19050 25169 39066 9178 42147 49883 10437 11757 41871 36153 57009 36005 944 25481 6198 23958 33558 26515 48098 46554 44035
87454 50155 59924 62243 40815 42773 78897 84139 68850 53058 90681 93316 76593 94419 57203 62668 46136 82683 72028 53390 85442 94025 86199 50753 50674 80440 48426 94570 62941 86152 76098 79532 47286 94968 41005 86885 65410 16980 107488 31457 88895 75026 47850 49188 70428 69983 64232 58843 85076 39407 90452 61554 71920 69004 102293 23567 87460 77599 89902 69415 43584 49438 84387 82399 93162 36929 103613 38770 108118 64424 44641 45197 104147 47641 69246 87787 73810 53493 43391 33330 102457 81311 36303 38002 43334 78894 45656 50304 78928 75497 63302 68426 64444 53030 66309 44287 0 86309 63617 59927 67943 26625 57692 30928 81642 3382 6296 26570 89022 41405 49003 29496 26265 39435 64156 89582 73082 95590 25334 20739 20784 25636 56791 2960 12398 42078 39436 49023 69764 87501 41455 69479 36350 5320 43394 52740 26038 68942 50711 38179 8996 74931 78242 32029 25615 79479 68702 17825 55704 42790 24172 37345 59904 45750 5425 68622 79278 30891 17994 39898 78723 31331 90738 75699 49394 27308 46517 56458 43201 57992 47769 60256 44737 103443 63538 79764 23983 22224 59824 62492 33074 21792 69661 50407 39478 65475 25242 35648 84777 8632 36763 53135 86046 19356 92374 23133 43979 53804 38115 41158 72586 19120 86518 83265 82732
15903 49587 98788 96007 61415 44397 17221 2401 26990 90889 11945 31478 10316 17229 29815 29764 52248 10176 34539 32967 21011 26403 11736 51320 110145 8612 37962 12813 41001 1198 47806 8361 40781 14779 78857 2159 43783 95575 50552 90487 2628 15760 73872 38889 20181 23550 22088 65145 22140 48845 17839 103776 14391 20278 16647 71742 26519 10124 23980 48285 76932 84490 13203 10811 8231 61650 24668 75762 30335 22436 44266 78248 29178 47105 41620 21077 109295 50480 74306 76818 16380 22555 52092 51008 96216 12052 41923 71609 8598 22291 75926 41250 24528 59469 20002 54178 86309 0 50880 28547 26512 92083 67813 69300 5113 89589 91221 65303 11178 62021 72130 71485 74598 88171 71603 35230 14794 18828 68058 77473 66031 93045 59910 89237 80302 54382 73030 37921 20606 12823 58738 44560 57594 89846 75430 93328 92179 25996 37697 77837 78832 16590 8197 83025 63449 7857 24384 68602 31863 59173 62947 95827 92979 51864 91026 84377 8352 55537 73536 67139 80593 61360 26639 13764 51550 59092 49716 80942 67044 77437 65041 35297 44482 18424 35873 10459 69535 103698 41970 27125 62734 70888 23465 37235 73171 31050 91370 57174 31441 87361 53941 58122 43550 68591 9167 65444 53599 32866 58122 45151 23459 68090 16081 12087 17560
40458 14663 49472 46049 23212 44298 34244 50190 24069 42566 61899 36712 42106 46655 32393 23756 18133 55639 17260 35844 35358 40290 42341 13280 64967 51886 35517 50260 10357 49905 12789 42767 28934 49171 34733 52792 7119 63718 45445 50482 52345 35266 27054 28668 31575 27638 38693 14831 34313 31033 41930 54589 42168 32437 65901 40570 33590 41376 37456 6167 31771 36911 40035 55901 52645 26764 53357 33147 55664 35292 48581 32282 50897 19456 10217 37303 58729 10575 29528 36998 64787 31325 32363 30483 51565 38835 30495 23925 42765 28908 25107 10182 48330 12705 40220 19629 63617 50880 0 29160 55878 54514 17734 33929 49400 66776 65448 58940 60602 22883 24959 35979 39864 44505 20725 30928 48220 68972 61435 68329 51678 56045 10754 65768 52286 22075 30598 42505 31386 61028 22187 8157 27751 64261 30510 45279 54911 25145 27796 35212 60804 34364 46883 42936 39104 49474 27084 48979 30319 20976 42466 53567 43227 18734 65988 33501 49837 40733 45704 26336 31427 32561 72872 51197 14702 42933 59362 31273 24055 27346 19803 18381 27208 59562 61030 40425 39720 71384 11002 28014 61964 41898 27832 29732 30684 20471 54463 28777 28246 69477 29316 11861 23955 55437 50459 54910 20140 33434 25623 38777 27424 46143 39562 40195 35832
27618 22408 72285 70098 33280 22717 19137 26858 11622 63975 36902 36331 18231 34514 4434 6415 24349 29365 20353 9647 26372 35452 26296 24500 81972 25869 13035 34796 19162 28035 33200 20622 12770 35071 50955 29787 23438 67586 54356 61960 30875 15132 46909 10835 10514 10952 9799 40899 26279 20909 30702 77096 15441 9125 45193 43374 29709 18678 31203 29779 49329 57415 24459 29436 34079 33186 43769 47676 48490 6959 25335 50820 44816 18950 23957 28619 83975 24493 46707 48387 44826 22755 24172 22853 68088 19133 14284 45117 20168 16711 52081 23082 19175 33701 11677 26108 59927 28547 29160 0 26720 63555 43112 40756 24978 63294 64257 43381 35344 33982 45392 42938 46070 59992 48397 34823 20356 43577 46259 55254 40974 64541 35244 62761 52568 26025 44999 17710 9846 35003 30556 26620 29048 62884 47823 66231 63661 11055 9427 49698 53441 15004 21674 54544 35614 23869 9790 42133 4444 31193 35852 67399 66942 23853 64225 60961 24000 29246 45609 39080 60555 32915 45064 23549 24359 32796 35202 55189 39390 52226 38115 10803 16108 43970 32427 20178 41235 75762 18207 2992 43322 42717 10522 9521 45145 11210 62862 28651 29269 62420 25529 32364 36605 44169 32921 41753 25435 7640 29622 20287 13956 41012 26706 23357 23096
38449 47422 96084 94547 55700 25822 33714 24194 35056 87443 24750 53064 22768 42550 23803 32519 48115 17991 44987 22084 41258 49430 34604 49722 102237 17959 25542 39082 45828 27158 58874 25450 32062 40792 73040 25688 50024 80453 72807 80451 28838 28371 70837 30921 28289 32122 17536 66991 41944 37834 41406 100588 18141 26384 38203 59639 46627 24637 45815 56238 72149 80837 34519 17452 34726 54087 50918 69385 56575 21159 23308 73904 54827 42706 50038 42561 108702 50328 69645 68514 39119 40057 40414 40301 88881 28780 31938 69648 24734 35721 78113 49245 7551 59253 16610 49311 67943 26512 55878 26720 0 80401 68959 59942 21643 70929 73669 43374 23262 56630 69651 61724 63802 80864 74696 54452 12822 28212 45805 54956 47208 80932 61312 70888 65122 48253 67005 20662 28011 21116 53041 52879 48823 72351 70695 89379 80311 33998 30787 71138 59439 29241 19813 73951 49936 18863 31817 51587 26171 54196 47685 86746 91335 47422 73170 87024 18287 39839 59402 61334 87253 50723 23099 12783 49210 42866 24853 80086 62576 77576 62458 37518 36048 44530 9384 28145 57218 88106 44907 28168 39226 57859 31685 29134 67157 36808 79382 47816 49240 66959 43988 57976 59624 48769 35545 45125 48441 23979 50529 29785 34471 52259 38057 32829 36855
88502 45371 34187 37233 32816 54961 80225 90307 68765 28585 99353 89854 81772 95544 62560 63640 41640 91350 68178 60691 84950 92193 88519 44685 24884 88324 56006 97256 58245 91590 67121 84144 51518 97018 21629 93231 58984 13197 99873 5886 94430 77915 30287 53343 73022 71090 70995 44241 84243 43797 91003 35232 78330 72277 108728 20855 85255 82213 88544 60670 24938 26961 86350 91243 97380 31124 103946 21786 107448 69799 58564 25668 102929 45850 63084 87261 47618 46892 26258 17524 108380 80551 40728 41441 16925 82116 50663 33584 83713 75632 44366 62529 74886 41892 73244 39489 26625 92083 54514 63555 80401 0 42037 23041 88238 27433 22707 47394 97707 32682 32180 20776 17486 15173 46806 84739 81514 105396 47421 46017 37797 1742 44744 26143 18248 38499 24065 59749 72440 96791 35022 62151 34536 22563 25618 27586 672 69277 54434 19977 32742 77482 84825 11774 30468 86714 69884 31553 60332 35338 33162 10733 35401 41733 23975 47196 86707 40770 21545 28338 59200 30814 103344 84587 43757 38180 64471 35520 30467 38408 34914 59239 47657 106769 78784 83370 23250 18402 55544 65258 54218 22553 70924 55095 24000 64618 1406 34910 81026 35191 38229 42654 78469 38980 95955 42248 39773 59998 34364 50630 72937 29488 87517 85674 83460
58149 21658 31738 28392 19260 51771 51634 66907 40826 25054 78357 53864 58489 64389 45242 39001 22034 71581 34965 47231 53092 57800 59882 19319 48208 67875 45200 67934 26836 66904 27857 59537 38043 66886 20496 69627 24662 53341 59658 37018 69455 52059 11810 38644 47918 44278 52904 2959 52047 36177 59663 36856 57698 48403 83280 34363 51208 57991 55118 22702 17182 19896 57564 71768 70129 23424 70986 20530 73071 49904 56420 16882 68279 26818 27946 55034 41488 18681 15826 25727 82246 49034 35866 34494 35444 55869 38936 8457 59447 46294 9234 27907 61529 9790 54762 21771 57692 67813 17734 43112 68959 42037 0 26934 65838 60415 57853 60777 76964 18271 9857 28200 31530 29388 7117 47766 63299 85366 62755 67659 51583 43730 7969 59220 45372 23932 18865 52083 47615 77125 20491 25669 27587 56891 16418 27819 42562 41819 38427 22119 57411 51225 63045 30348 37399 65565 43522 47025 42812 18737 41774 38587 25515 22838 58682 18108 65857 43354 40197 17949 22416 30679 88103 66433 20028 44227 66745 13539 14587 9679 10426 33237 34761 77277 72453 57437 34599 60157 25980 42824 65411 36664 44392 40249 18870 36805 42359 29014 45682 65014 31620 11010 39392 55112 68006 55801 22706 45101 24830 45698 44534 43701 57241 57619 53455
65489 22713 39033 39187 10766 36023 57188 67601 45754 30399 77089 67538 58985 72542 40134 40604 18811 69189 45736 38919 62050 69534 65478 22386 42328 66001 34607 74215 35868 68762 46704 61261 29221 73982 15093 70530 37209 30024 79131 21241 71597 54912 18520 30937 50021 48049 48704 27936 61380 22168 68028 42724 55811 49334 85942 7432 62620 59344 65781 40015 16000 24469 63310 69133 74399 8162 81030 11417 84671 47206 40331 17995 80218 22811 41288 64376 53055 24867 14584 8676 85527 57658 19545 19700 28979 59118 28661 20235 60855 52634 33478 40624 53724 22364 50947 16654 30928 69300 33929 40756 59942 23041 26934 0 65630 33807 31824 36929 75466 11048 19106 2285 6081 21068 33658 62776 59457 83377 38331 41696 26813 24208 26015 32673 18830 15478 10396 39525 49447 74729 12429 40821 11761 30720 15099 31574 23228 46249 31877 12405 30617 54463 62253 14108 13234 64258 46843 21228 37796 13172 17735 27037 36145 18823 32490 40153 64296 22912 13264 9005 48673 9304 82367 62606 21284 21917 48620 28574 12351 28886 16846 36238 25200 83733 59943 60394 7902 37943 33003 42325 42749 9821 47884 32758 10507 41639 22519 12412 58707 38082 16107 22648 57503 29893 72940 31506 16843 37892 11325 30636 49918 17843 64504 62636 60451
18459 46741 96367 93788 58194 39494 17325 2714 25333 88296 12528 34049 7349 21235 25711 27102 49133 7280 33848 28453 22798 29446 14245 48605 106925 4287 33449 17442 39244 5555 47622 7088 36754 19208 75794 5244 42404 91299 53554 86864 7696 14271 71220 34904 17931 21763 17590 63269 23804 44710 20945 101296 9963 17527 20774 67724 28446 8083 26492 47386 74019 81821 15016 7801 13278 58156 29295 72587 34959 18444 39232 75417 33440 43843 40668 23362 107296 48002 71390 73361 20819 23403 47927 46944 93024 11566 37770 69118 6847 21782 74229 40190 19415 57137 15414 50982 81642 5113 49400 24978 21643 88238 65838 65630 0 84901 86653 60291 11203 58858 69555 67778 70773 84940 70038 37060 9681 19580 63033 72446 61249 89146 57880 84580 75959 50997 69886 33023 18222 11866 55484 43661 53878 85279 72512 90665 88309 24255 33812 74629 74046 15240 3449 79498 59193 2796 22379 64002 27907 56037 58492 92369 90709 48693 86424 82837 3356 50976 69280 63972 79826 57439 25132 8862 48714 54509 44606 78728 64087 75373 62372 32810 40582 23538 31026 10117 65474 99389 39859 23958 57644 66748 21580 33181 70031 29094 87480 53372 32726 82506 50016 55781 44589 63736 13907 60540 50348 28558 54578 40503 22324 63609 18379 13522 18786
90828 53420 61241 63779 43871 45914 82272 87410 72231 54674 93835 96683 79905 97790 60545 66049 49389 85853 75372 56692 88824 97405 89560 53976 50806 83651 51737 97919 66251 89443 79299 82855 50661 98327 43196 90145 68677 16483 110783 32605 92180 78387 50320 52561 73797 73363 67521 61655 88457 42788 93828 62618 75204 72365 105529 26521 90836 80924 93283 72609 45892 51366 87753 85561 96479 40045 106988 41151 111498 67752 47649 47437 107528 50975 72530 91168 74957 56711 45841 35675 105711 84692 39684 41381 44322 82246 49026 52876 82247 78879 65765 71716 67573 56028 69587 47518 3382 89589 66776 63294 70929 27433 60415 33807 84901 0 5123 29010 92179 44429 51553 32274 28899 40965 66777 92926 76285 98673 27544 21983 23883 26273 59760 1322 15048 45336 41971 52205 73132 90629 44595 72726 39622 4893 45785 54200 26811 72323 54087 40433 11589 78296 81508 33892 28965 82719 72082 21176 59061 45895 27552 38152 61549 49017 3851 70820 82511 34223 21084 42728 81193 34593 93641 78875 52626 30640 49100 58650 45999 60352 50613 63627 48118 106772 66307 83109 27079 20590 63137 65865 35321 24892 73040 53772 42005 68851 26092 38946 88136 8212 40118 56171 89318 22201 95707 25934 47229 57135 41334 44440 75967 22501 89892 86626 86110
91590 52652 56752 59477 42294 48239 83018 89100 72615 50475 96034 96646 81350 98611 61796 66553 48581 87999 75095 58254 89284 97675 90548 52990 45731 85634 53260 99031 65713 91012 78120 84219 51509 99323 39765 91887 67855 11361 110045 28087 93785 79389 47301 53436 74697 73981 69136 59291 88852 43453 94518 57939 76836 73377 107378 24879 90994 82272 93614 71409 42625 47529 88662 87738 97867 38714 107713 38039 112059 69106 50368 44053 107968 50697 71800 91640 70320 55681 42813 32555 107466 85071 40247 41813 39631 83345 49986 50036 83638 79372 62669 71025 69892 54189 71259 46607 6296 91221 65448 64257 73669 22707 57853 31824 86653 5123 0 32816 94370 42745 48675 30060 26426 36736 63975 92609 78309 101109 31626 26788 26470 21451 57820 4076 13167 44582 39130 54362 74041 92923 43312 71785 38989 1377 42654 49852 22066 72786 54911 37118 15256 79234 83229 30091 29048 84573 72700 22663 60149 44472 28435 33369 57360 48285 1305 67286 84399 35686 20030 40518 78069 33966 96567 81008 51689 32143 52675 55141 43687 57099 48382 63727 48653 108052 69539 84287 25870 15939 62631 66702 39359 23752 73684 54775 39148 69052 21405 38485 87988 13334 40122 54448 88471 25392 96972 29187 46417 58491 40416 46171 76472 23263 90638 87609 86776
70178 44326 75071 75814 41533 21334 62077 62962 54461 66744 67480 79611 56699 76621 39477 48207 41340 59811 60807 34498 69665 78797 67940 46025 72179 58221 30352 75495 53989 65409 69410 59872 33055 76381 51755 65427 57737 42181 96770 50143 67929 57205 55036 34474 53360 54329 44206 60633 69633 28084 73390 78121 51416 51492 80137 31418 73059 58087 74547 63414 52927 61216 66558 59422 72967 37454 85972 48242 91092 45594 21084 54918 87780 39584 60691 71854 89311 48534 51428 44206 80638 66136 26592 28457 61523 60436 31123 56066 59172 60092 68901 59733 41433 52673 45905 40481 26570 65303 58940 43381 43374 47394 60777 36929 60291 29010 32816 0 65874 42549 55188 37181 36496 55057 67894 77456 50917 71563 2881 12204 10307 47147 56439 29310 29188 37960 47297 27666 52701 64029 40409 62047 33303 31681 52008 67480 47019 54143 36031 48874 17575 57416 57117 46715 23973 57786 53143 16608 38966 42164 19393 56908 72867 40614 31994 76464 57455 18233 27207 44263 83183 30249 65419 53040 44650 16602 20160 65338 47339 65131 50525 48176 32773 83449 37710 60914 29642 48574 51067 46345 6860 28541 53903 34811 47414 52321 46050 31915 72042 23802 30061 52106 76878 8415 72713 5501 39704 35910 36039 23254 57311 19656 69352 65145 66102
26993 57510 107294 104811 68604 46265 27975 10827 36536 99134 1668 42434 18518 27249 35338 38089 59684 6411 44923 37102 32187 37140 22882 59451 117211 9499 41959 21972 50433 12374 58535 18062 46281 24229 86297 9026 53605 99857 61136 96688 11477 25437 82046 44531 29102 32965 26767 74421 33317 53918 28670 112187 19903 28573 15047 76968 37676 19262 35010 58533 84653 92618 24376 6633 16413 68264 33045 82992 38504 28491 44995 86113 38337 54292 51818 32192 118392 58975 82028 83450 16187 33625 57036 56266 103364 22402 47047 80041 17945 32751 85407 51359 24654 68154 24521 61450 89022 11178 60602 35344 23262 97707 76964 75466 11203 92179 94370 65874 0 69321 80431 77549 80345 95256 81233 46385 16269 8402 68451 77752 68303 98516 69000 91982 84419 61273 80329 40016 29367 2556 65873 54803 63716 93012 83146 101455 97734 35457 43617 84995 80959 26390 13949 89478 67990 11527 33566 71764 37718 66536 66773 102403 101714 59197 94026 94031 11349 59015 78000 74411 90962 66927 15726 13382 59482 62431 48081 89766 74712 86467 73205 43835 50268 23637 31763 20850 74646 107833 50985 34690 62238 75749 32778 42721 80476 40272 96873 63086 42608 89000 59558 66798 54701 70388 18483 66939 60767 37711 64645 48416 33471 71766 27224 23208 28686
56436 12959 39465 38202 1078 35695 48437 60556 36827 30813 70884 57183 51826 63391 34446 32427 9777 63275 35500 34629 52547 59550 56887 12024 48124 59835 31254 65573 25566 61352 35663 53747 24582 65119 16978 63466 26455 40929 68157 29588 64143 46885 14544 25869 42079 39533 42994 18461 51781 19985 58762 43966 49419 41749 78512 17936 52608 51907 55965 28981 15593 24207 54637 63310 66331 5164 71526 13743 74859 40847 40338 17287 70300 15033 30557 54825 52435 14227 13038 15513 77898 48148 18775 17830 34197 51076 24755 14306 53435 43558 26456 29951 49715 11644 45156 7879 41405 62021 22883 33982 56630 32682 18271 11048 58858 44429 42745 42549 69321 0 13828 13109 17002 26156 25377 52173 53907 77517 44491 49514 33322 34067 15461 43350 29637 8387 11028 37451 41572 68906 3592 29908 9722 41601 14112 32797 32989 37478 26324 15819 39877 46306 55618 21847 19181 57850 38414 28959 31944 2862 23510 34150 34985 10168 43354 34473 57981 25492 23422 5119 40684 12413 77962 57119 11193 26062 50065 24645 6023 23353 7989 27377 20586 75157 58347 52470 17468 48724 22916 34944 47378 19651 39443 27717 11173 32563 32415 11158 48351 47999 14391 11744 46542 36876 64656 37535 8562 33028 7066 29673 41013 25703 55453 54152 51392
64160 22988 26896 24911 14896 49514 56931 70945 45544 18760 81920 61671 62286 70756 46642 42470 21560 74661 41398 47567 59502 65121 65380 20981 40032 71067 44612 73783 32156 71326 36551 63769 37680 72969 10670 73782 31112 43625 68922 27193 74013 56477 2120 38731 51952 48745 54924 12199 58550 33771 66018 31757 60663 52054 88190 26301 58321 62064 62083 30712 7375 12429 63062 74769 75381 18249 77995 10825 80538 52349 54161 7410 75791 27038 34897 61601 39053 21654 6033 16199 87341 55245 32592 31653 26630 60519 38105 1414 63572 51692 14422 34639 62505 13016 56975 20370 49003 72130 24959 45392 69651 32180 9857 19106 69555 51553 48675 55188 80431 13828 0 19875 22752 19917 15307 55844 65721 88774 56862 60760 45402 33875 14221 50317 36607 21741 9582 51045 51546 80289 17172 33112 23433 47784 6563 21223 32707 46410 38921 12293 49630 55747 66510 20508 31239 68906 47805 40182 44126 15722 35805 29119 21708 22235 49571 21282 69117 38960 32128 10927 29769 25100 90248 68925 21033 39093 63865 10818 8044 9945 7287 36839 33858 83299 71900 62029 27007 50331 30453 45747 60474 28890 48768 40520 9551 41293 32512 24845 53156 56698 28210 14289 48147 48695 73436 49925 21265 45739 20864 43477 49555 36793 63211 62885 59260
67769 24980 38230 38667 12906 37490 59461 69770 48034 29705 79177 69794 61170 74823 42232 42864 21090 71255 47996 40887 64335 71812 67743 24615 40514 68095 36494 76480 38119 70958 48765 63469 31277 76255 14575 72698 39401 27849 81256 19140 73794 57155 19060 33020 52263 50317 50782 29382 63664 24053 70311 41731 57938 51556 88130 6457 64895 61548 68063 42088 15941 24036 65578 71190 76635 10446 83315 11111 86954 49344 41711 17889 82499 25084 43487 66661 52362 27068 14870 7379 87730 59943 21312 21595 27354 61359 30652 21088 63056 54916 34297 42833 55608 24205 53028 18933 29496 71485 35979 42938 61724 20776 28200 2285 67778 32274 30060 37181 77549 13109 19875 0 3894 19590 34763 65003 61500 85425 38428 41286 26949 21930 27776 31106 17232 17759 10651 41221 51686 76781 14673 42971 13902 28997 15226 30698 20956 48525 33996 11717 29774 56712 64393 12228 13965 66376 49109 21091 39915 15351 18301 25092 35693 21107 30778 40611 66405 24060 12255 10477 49610 11000 84251 64637 23531 22759 49696 28809 13725 29450 18363 38520 27285 85993 61484 62628 7610 35727 35266 44543 43197 9190 50149 34828 10737 43922 20240 14463 60961 36908 18074 24562 59635 29844 75188 31709 19128 39923 13588 32250 52197 17753 66784 64897 62732
71314 28769 38577 39509 16798 39000 62955 72828 51596 30333 81984 73605 64287 78381 45120 46296 24833 74012 51799 43448 67982 75551 71183 28468 38690 70931 38888 79917 41942 74105 52651 66664 34091 79744 15874 75753 43280 23960 85150 16651 76945 60493 21686 35896 55600 53787 53598 32876 67332 26527 73900 41697 60880 54816 91243 5118 68645 64731 71772 45978 17871 25193 69041 73922 79933 14175 86944 12931 90648 52330 43025 19691 86219 28612 47363 70316 52826 30942 17289 7951 90896 63598 23579 24120 26114 64688 33313 24043 66230 58489 37107 46703 57934 28006 55848 22681 26265 74598 39864 46070 63802 17486 31530 6081 70773 28899 26426 36496 80345 17002 22752 3894 0 18848 37897 68858 64204 88120 37473 39486 26189 18502 31523 27694 13881 21368 13217 43177 55011 79492 18508 46863 17073 25410 17433 30985 17596 52054 36962 12907 27388 60081 67366 10737 14627 69282 52564 19993 42868 19234 18486 23031 36673 24809 27199 42927 69287 25118 10031 14129 52507 13423 86533 67308 27361 23301 50392 30904 17262 31976 21965 42105 30192 89401 63047 65924 7263 31862 39064 47797 42804 7959 53603 37666 13270 47526 16816 17424 64777 33991 20796 28401 63529 28734 78541 30996 22826 42641 17112 34092 55742 16840 70330 68319 66286
82124 38884 20679 22822 26763 57056 74347 86685 62737 13739 96841 81068 77959 88964 60063 58566 35933 89115 60120 59463 77885 84167 82829 37512 21985 85757 55391 91459 50405 87508 56427 79903 49513 90885 9847 89600 50120 28299 88836 9294 90299 73012 17808 51073 68224 65579 68677 31997 77023 43030 84268 23133 75385 67904 104667 23947 77274 78061 80886 50436 12746 11922 80552 89114 92417 27112 96705 12437 99603 66770 61300 12549 94913 41106 54086 80089 34855 39095 15018 12398 104042 73526 40561 40563 8116 77194 49210 21186 79589 69328 30010 53711 74451 31956 70885 33996 39435 88171 44505 59992 80864 15173 29388 21068 84940 40965 36736 55057 95256 26156 19917 19590 18848 0 33019 75423 79566 103364 55801 56569 44785 16872 33923 39643 28350 33986 15200 60558 67722 94723 29460 52582 32117 36306 14003 13320 15832 63450 51791 10337 43567 72413 81665 8348 33289 83843 64490 38450 57614 29010 37317 9211 20624 36308 37918 32102 83947 43604 27909 21042 44378 30372 103046 82759 36987 42059 69131 20716 21600 24017 24946 53400 45420 101045 81009 78603 26092 33280 48175 61074 61511 26710 65511 52932 15065 58443 16106 33059 72403 48025 36878 33027 68013 47016 90688 49577 34599 58203 30751 51703 66899 35481 81150 80147 77111
60740 27899 30747 26607 26373 58530 54910 70892 44738 25694 82556 54659 62716 66586 50894 43743 28746 76118 37675 53278 55398 59111 62883 25558 49642 72376 51573 70554 30803 70629 28085 63471 44429 69312 25241 73510 27833 58733 58038 41430 73062 55965 16832 44881 52143 48287 58179 7924 54284 43058 61927 35809 62427 52858 86526 41053 52847 62048 56849 24298 21988 22013 60594 76350 73215 30523 72484 26078 74051 55005 63160 21139 69252 33234 30448 57163 38318 24464 21262 31497 85359 51591 42874 41453 37945 59560 45443 13940 63453 49587 4698 30629 67196 16306 59922 28661 64156 71603 20725 48397 74696 46806 7117 33658 70038 66777 63975 67894 81233 25377 15307 34763 37897 33019 0 48316 68267 89618 69866 74689 58675 48536 13483 65554 51778 30901 24852 58535 51911 81574 27590 27768 34694 63073 21594 28489 47377 45796 44530 27356 64244 55073 67429 35414 44474 69999 47668 54040 48536 25834 48869 41996 24212 29556 64861 12799 70336 50442 46904 24760 15308 37779 93058 71337 26437 51343 73581 13664 21400 9497 17479 38055 41337 79664 78643 61150 41431 65154 30563 47788 72511 43454 48459 46403 24830 40977 47286 36118 47025 71667 38663 17359 39097 62187 70972 62911 29584 51060 31938 52481 48148 50700 59882 60831 56292
19444 40240 78915 74917 52183 57457 20821 36073 23240 72801 46995 6483 32302 21923 39186 29312 44293 44311 17554 44448 14294 11902 23503 40390 95758 41161 47555 27346 27014 34033 20233 30474 44562 25338 65626 37367 25755 92750 19534 81080 35141 26082 57950 43022 27088 24352 38919 44817 13257 51146 18435 84019 36325 29215 44662 68378 8711 30540 11809 25177 62696 67529 22161 44854 32081 54794 25020 63852 25821 35717 60139 63198 21047 41964 21655 14242 86074 37970 60424 67272 42930 14406 53875 52012 82471 26269 46483 54758 31017 19239 53011 22224 48369 43507 38770 46384 89582 35230 30928 34823 54452 84739 47766 62776 37060 92926 92609 77456 46385 52173 55844 65003 68858 75423 48316 0 42223 53458 80298 88873 73297 86181 41624 92118 79653 48165 61214 52479 27575 48015 50353 22847 53640 91311 61421 75577 85081 23771 41447 65956 84757 25229 36645 73418 63968 38866 25289 72737 38977 49687 65948 84449 72430 44485 92913 59756 39476 61199 72610 56412 51981 58648 61803 43815 41515 64406 69685 60990 54567 56804 50591 29772 45790 34520 62885 27358 66951 100718 30034 31861 78006 68976 24832 42655 61311 25161 84546 54128 5573 93840 52832 42514 10220 76850 29533 75046 46424 42439 52445 54234 21363 70664 19162 23556 18330
25633 42751 92604 90453 53125 30494 21404 12393 25147 84239 17933 40430 10061 29855 19509 24547 44477 9865 34861 20851 28648 36639 21788 44855 101452 7383 25690 26749 37866 15176 48989 12631 30237 28303 70855 14592 41661 83606 60187 80633 17356 16396 67203 28558 17616 21758 10914 60975 29404 37718 28585 97384 6411 16153 29359 60740 34127 11915 33093 47412 69416 77658 21716 9730 22931 52472 38462 67437 44084 13431 29834 70975 42126 38990 40836 29839 104319 44782 66809 67588 29748 27841 40808 40092 87682 16143 30893 65466 11921 24195 72138 40171 9745 54011 8767 46100 73082 14794 48220 20356 12822 81514 63299 59457 9681 76285 78309 50917 16269 53907 65721 61500 64204 79566 68267 42223 0 23927 53620 63023 52472 82298 55371 76036 68174 45684 64832 24098 17549 15289 50385 43812 47747 76945 67915 86446 81530 24020 27775 69388 65220 17355 7166 73525 51721 6978 21830 55662 21982 51192 50542 86464 87296 43921 78006 80963 6576 42819 61733 58936 79496 50780 24812 3214 44694 46269 34926 75538 59509 72525 58438 30213 34281 33218 22071 15390 58407 91600 37714 20500 48053 59488 21398 26717 64981 27926 80662 47048 37213 73498 43452 52667 48216 54764 23359 51450 45356 21579 48836 32224 23530 55562 25259 20029 24262
34032 65830 115649 113195 76780 52870 35991 18947 44903 107459 7083 49000 26912 33026 43330 46476 67925 14251 53135 44706 39505 43423 30134 67793 125292 17722 49442 27405 58823 19980 66596 26318 54157 29704 94495 16702 61958 107053 66930 104559 18376 33757 90372 52458 37498 41339 34717 82822 40679 61613 35251 120529 28155 36972 14590 84589 44809 27603 41806 66801 92906 100930 31875 14258 21927 76313 37173 91150 42225 36673 51103 94389 42923 62504 60094 39221 126790 67353 90284 91466 16469 41358 64670 64001 111479 30559 54814 88399 26249 40914 93803 59656 31243 76540 32492 69657 95590 18828 68972 43577 28212 105396 85366 83377 19580 98673 101109 71563 8402 77517 88774 85425 88120 103364 89618 53458 23927 0 74015 83161 74808 106153 77401 98548 91606 69405 88506 46843 37767 8651 74044 63070 71656 99764 91400 109762 105401 43831 51619 93135 87298 34695 22339 97435 75418 19878 41956 78633 45757 74750 73945 110372 110093 67421 100701 102417 19656 66115 85349 82592 99206 74697 11951 20813 67800 69445 52824 98154 82967 94865 81537 52227 58189 26225 35493 28983 82237 114946 59387 43026 67384 83250 41160 50625 88654 48667 104525 70972 50055 95049 67378 75184 62207 76651 24352 73087 68956 45506 72683 55552 41762 78846 34401 30879 36326
73050 46793 76018 76937 43495 24191 64956 65710 57323 67800 70048 82480 59520 79482 42358 51063 43710 62430 63604 37374 72545 81677 70797 48438 72285 60904 33232 78325 56680 68179 72049 62697 35859 79224 52969 68153 60384 41440 99595 50471 70683 60077 56621 37300 56240 57206 47042 62708 72513 30699 76263 78919 54220 54370 82790 32461 75934 60920 77427 66000 54290 62426 69424 62031 75755 39359 88832 49533 93960 48460 23803 56268 90656 42142 63388 74734 90280 50982 52896 45294 83318 69014 29072 30963 62023 63295 33926 57785 61995 62970 70729 62433 44088 54846 48724 42773 25334 68058 61435 46259 45805 47421 62755 38331 63033 27544 31626 2881 68451 44491 56862 38428 37473 55801 69866 80298 53620 74015 0 9415 11519 47069 58641 27956 29174 40240 48726 30498 55581 66571 42493 64699 35417 30560 53429 68427 47013 57012 38862 50055 16406 60291 59878 47453 25632 60509 56019 17481 41842 44241 21095 57195 74038 42999 30724 78142 60169 20703 27892 45960 85171 32114 67624 55695 47051 18788 22097 66858 49099 66805 52438 50969 35478 86237 39831 63763 30832 47510 53737 49222 7778 29566 56781 37662 48838 55155 46054 34054 74891 21785 32393 54322 79636 8785 75524 6964 42019 38791 38131 26115 60186 20713 72226 68006 68981
82276 53691 77199 78706 48602 33511 74106 75125 66104 69435 79340 91309 68902 88769 51470 59796 50275 71773 71905 46576 81607 90706 80101 55108 70718 70295 42278 87694 64458 77592 79522 72074 44312 88568 55358 77563 67940 37705 108021 49979 80098 69310 60211 45874 65375 66170 56401 67972 81534 38376 85478 79572 63618 63544 92159 34897 84832 70285 86456 73258 57161 64651 78690 71366 85163 44363 98124 52246 103210 57734 33216 59060 99838 49446 71167 83823 91420 57764 56143 47432 92706 77984 36286 38228 61884 72595 42391 61828 71375 71937 75023 70230 53467 60545 58108 49060 20739 77473 68329 55254 54956 46017 67659 41696 72446 21983 26788 12204 77752 49514 60760 41286 39486 56569 74689 88873 63023 83161 9415 0 16661 45333 64411 22760 28408 46523 51919 39866 64712 75836 48048 72255 41222 26010 56510 69688 45510 65852 47461 52391 13285 69495 69293 48379 30349 69919 64961 20657 50816 49741 26237 56432 75996 49628 25659 81838 69576 28125 29457 50115 89948 37194 76394 65069 53692 25468 30708 70094 53415 70583 57234 59287 43464 95646 48548 73093 33816 42572 61431 58189 15927 32097 65756 46397 52011 63715 44611 39976 83535 14635 39014 60187 87678 12910 84917 13867 48402 47887 43796 34986 69118 24021 81439 77293 78127
68547 37054 64764 65538 32360 22039 60109 63804 51078 56449 69958 76198 56592 75339 37714 44742 33614 61989 56034 33411 67202 76129 66870 38448 62384 59849 28592 74978 48140 65949 62998 59631 29011 75568 41511 66489 51479 34198 92170 40160 68641 55771 45122 30757 51429 51612 44074 51698 66994 22232 71663 67827 51696 49800 81777 21113 69924 57734 71908 56670 42780 50973 65219 61690 73165 28162 84656 38041 89458 44655 23902 44761 85770 32938 54822 69495 79006 41109 41378 33913 82021 63320 19851 21794 51371 59425 27164 46352 58990 57324 59371 53900 43689 44066 46064 32414 20784 66031 51678 40974 47208 37797 51583 26813 61249 23883 26470 10307 68303 33322 45402 26949 26189 44785 58675 73297 52472 74808 11519 16661 0 37713 47914 23742 19902 29875 37208 28374 50758 66745 31592 55783 24655 25163 41912 57173 37474 50967 32352 38614 12801 55800 57890 36451 14238 58994 50356 6397 36574 33313 9814 46948 62609 32968 25963 66674 58764 12104 17022 34525 73980 20911 70102 55017 37032 8999 27174 55343 37708 55339 41203 43533 27524 83560 43269 60154 19375 41360 45071 43765 16769 18234 51237 31615 37320 48282 36497 23374 68100 21527 22366 43651 71480 3760 72556 4807 31747 34177 27283 21114 54435 9349 67651 63968 64069
89697 46677 35643 38785 34166 55389 81387 91244 69961 30210 100166 91250 82741 96749 63447 64765 42904 92146 69543 61456 86209 93525 89652 46046 25405 89159 56726 98388 59613 92569 68679 85149 52399 98181 23345 94164 60427 11596 101432 7578 95410 78993 31993 54242 74100 72236 71840 45915 85516 44599 92227 36538 79221 73317 109684 21564 86591 83213 89849 62205 26651 28685 87496 92028 98435 32335 105201 23428 108752 70717 58902 27399 104250 47012 64530 88527 48948 48291 27938 19048 109364 81812 41491 42271 18254 83189 51494 35281 84708 76839 46107 63963 75527 43449 74088 40748 25636 93045 56045 64541 80932 1742 43730 24208 89146 26273 21451 47147 98516 34067 33875 21930 18502 16872 48536 86181 82298 106153 47069 45333 37713 0 46344 24999 17959 39685 25665 60302 73512 97562 36319 63639 35575 21385 27313 29148 1169 70455 55365 21649 32092 78576 85725 13427 31011 87582 71022 31546 61248 36689 33507 11920 37006 42973 22734 48919 87564 41199 21798 29812 60940 31707 103920 85353 45092 38506 64553 37258 32015 40150 36498 60443 48581 107885 79120 84426 23925 16661 56883 66298 53991 23083 72062 55976 25604 65837 1690 35892 82418 34142 39132 44190 80000 38733 97040 42081 41005 60824 35509 51195 74126 29638 88712 86796 84659
50654 14459 39233 36149 16180 45379 43893 58973 32938 31992 70396 47461 50532 57057 37532 31035 15756 63613 27584 39800 45758 51011 52214 12133 54213 59906 38129 60394 19001 59014 22584 51617 30998 59434 24248 61706 17220 54829 55244 40358 61588 44151 16326 31408 39967 36363 45043 5680 44756 30216 52317 44318 49737 40436 75492 33241 44267 50053 48089 16523 21179 26196 49892 63801 62408 20353 64005 23038 66402 41994 49971 21581 61641 19854 20824 47782 49424 11002 19065 27412 74499 41600 30456 28861 40847 48000 32076 13172 51516 38567 16848 20647 53839 3879 46870 16101 56791 59910 10754 35244 61312 44744 7969 26015 57880 59760 57820 56439 69000 15461 14221 27776 31523 33923 13483 41624 55371 77401 58641 64411 47914 46344 0 58651 44838 18555 20680 45115 39658 69156 16366 18911 23276 56730 19988 34666 45189 33915 31047 25014 55278 43330 55078 33010 34145 57596 35586 44090 35141 14697 38181 43054 33184 16562 58503 25747 57888 38458 38841 17419 27694 27281 80180 58495 13110 39863 60517 21126 14549 17527 9883 25272 28039 69814 65160 49562 32914 62194 18021 34883 60507 35091 36466 32920 20744 28876 44824 24605 38991 63459 26500 4347 34131 51588 60331 51783 16960 37596 20632 39387 36711 40928 49728 49882 45873
90258 52507 59924 62457 42808 45733 81696 87073 71567 53352 93641 95935 79501 97236 60082 65410 48465 85641 74567 56307 88183 96723 89044 53023 49616 83393 51338 97436 65389 89075 78322 82431 50091 97816 41907 89823 67762 15382 109894 31293 91821 77871 49069 52000 73254 72753 67157 60486 87801 42167 93242 61316 74847 71848 105239 25424 90129 80495 92614 71626 44617 50053 87217 85358 96065 39019 106413 39888 110885 67319 47589 46152 106887 50156 71634 90531 73650 55751 44588 34408 105396 84032 39035 40705 43023 81755 48482 51645 81830 78242 64510 70827 67404 54932 69239 46573 2960 89237 65768 62761 70888 26143 59220 32673 84580 1322 4076 29310 91982 43350 50317 31106 27694 39643 65554 92118 76036 98548 27956 22760 23742 24999 58651 0 13873 44419 40735 51980 72591 90461 43582 71790 38721 3652 44521 52879 25524 71677 53514 39151 11768 77765 81177 32578 28189 82425 71472 20705 58557 44859 26953 36867 60228 48107 2899 69528 82226 33786 20064 41570 79938 33686 93666 78657 51681 30206 49330 57358 44829 59081 49457 62896 47473 106333 66425 82638 26052 19851 62280 65303 35722 23871 72437 53243 40767 68145 24798 38078 87362 9336 39346 55093 88404 22256 95262 26020 46302 56697 40382 44089 75332 21855 89318 86108 85516
79496 39570 49029 50896 29157 39301 70943 78287 60213 41626 86086 83844 70203 86561 50539 54303 35494 78008 62186 47549 76893 85095 78723 39849 43115 75355 42581 87327 52693 79993 64953 72931 39821 87474 28795 81144 54736 15448 96924 21628 82808 67637 35458 41756 62846 61809 58371 46613 76401 31667 82338 51209 66022 61676 96730 11725 78340 70974 81095 58243 31266 37516 76749 77809 86541 25547 95535 26416 99708 57924 42301 32928 95514 37871 58702 79251 63176 42531 31005 21011 96662 72617 28400 29761 33489 71696 38479 37911 72395 67047 50908 57940 60451 41154 60567 33493 12398 80302 52286 52568 65122 18248 45372 18830 75959 15048 13167 29188 84419 29637 36607 17232 13881 28350 51778 79653 68174 91606 29174 28408 19902 17959 44838 13873 0 31527 27038 44872 62205 83186 30145 58639 26021 11978 31030 41614 17849 60460 43142 25919 15246 67403 72511 20402 16955 74071 60534 14004 48674 31312 17663 28213 48375 35227 13720 56352 73960 25501 7121 27698 66328 21047 88221 71054 38559 22279 46991 44210 30956 45631 35586 51115 36608 96536 62355 72737 12748 23442 49631 54830 36032 10678 61541 43252 27080 56500 16886 25627 75130 20405 27629 41366 75334 20774 85478 24150 33333 47441 27315 36056 64171 12864 78531 75791 74598
50012 8089 47832 46448 7502 28089 41731 52809 30276 39195 62855 52565 44107 57065 26184 25225 4063 55154 30788 26241 46614 54263 50055 8828 55956 51775 22940 58790 21172 53775 34153 46206 16197 58521 25189 55733 23343 44830 65497 36262 56594 39627 22713 17490 34752 32616 34773 23192 45968 12333 52555 52352 41399 34209 70972 20240 47384 44322 50437 27540 23968 32586 47869 55166 59135 7396 65578 21756 69297 32784 32757 25674 64894 7386 27234 48948 60666 11580 21424 22441 70460 42230 11993 10561 42092 43838 16429 21978 45845 37157 32886 26447 41328 14905 36960 2543 42078 54382 22075 26025 48253 38499 23932 15478 50997 45336 44582 37960 61273 8387 21741 17759 21368 33986 30901 48165 45684 69405 40240 46523 29875 39685 18555 44419 31527 0 19152 29305 34201 60772 4796 27404 5753 43314 22493 41182 38699 30778 17993 23730 38759 39133 47698 28689 17051 49859 31424 26905 23702 6025 20441 41445 43229 3703 44966 41399 49961 19904 24553 13279 45913 10747 69612 48891 7420 21460 42887 32490 14330 30690 14937 20761 12225 68328 50165 45160 18795 52922 18131 27263 41957 20853 32464 19343 19302 26169 37996 6702 43780 47515 7945 14208 43985 33615 57603 33465 1940 24657 4322 22003 34442 24095 49027 47233 44974
67004 23685 29680 29266 11727 44610 59168 71579 47554 20926 81897 66617 62848 73883 45336 43380 20783 74258 45315 45191 62873 69430 67645 22362 37125 70839 41475 76289 35482 72350 43099 64742 35137 75747 6055 74487 35578 34587 75841 19894 75134 57818 8482 36560 53039 50379 53918 20649 62043 29491 69206 33825 60430 52753 89495 17099 62504 62912 66027 36722 5751 14582 65374 74283 77217 12977 81768 2775 84838 51845 49121 7755 80195 26055 39631 65105 43357 24078 4224 6908 88855 58495 27534 27104 23190 61997 35078 10918 64439 54179 23890 39169 60281 17906 56098 18905 39436 73030 30598 44999 67005 24065 18865 10396 69886 41971 39130 47297 80329 11028 9582 10651 13217 15200 24852 61214 64832 88506 48726 51919 37208 25665 20680 40735 27038 19152 0 47230 52543 79885 14462 38429 18401 38221 4711 22544 24509 48257 37135 4920 40365 57215 66644 12362 23452 68868 49289 31581 42850 13860 28012 23587 26140 21195 40010 29960 68994 32468 22837 5919 39297 18298 88703 68040 21796 31924 58068 18207 6664 18836 10863 38201 31063 85877 68051 63411 18134 41675 33123 45968 53019 19834 50310 38421 152 43263 24154 19603 57857 47204 23395 18763 54517 40277 75491 41890 19564 43734 16479 38830 51723 28206 66027 64954 61980
42813 30655 76743 75652 36444 6476 35023 35634 29328 68012 41679 53597 29040 49076 13302 23764 30155 33663 37692 8067 42876 52047 40366 32987 81715 31476 7047 47829 34075 37940 49438 32208 14118 48734 53187 38241 38442 60299 72010 59817 40547 29877 51966 13924 26485 28265 16546 50614 43005 17740 46048 81039 23808 24469 53423 38977 46868 30423 47832 44873 52622 61469 39086 33387 45397 34257 58409 49457 63618 18197 7682 54474 60493 25306 40054 44944 89886 34382 50226 48165 53713 39762 19997 20149 68504 32884 13158 51261 31510 33848 61304 39102 15608 42330 18253 30861 49023 37921 42505 17710 20662 59749 52083 39525 33023 52205 54362 27666 40016 37451 51045 41221 43177 60558 58535 52479 24098 46843 30498 39866 28374 60302 45115 51980 44872 29305 47230 0 25859 38570 33941 42305 28839 53006 51222 69764 59667 28719 14710 51093 41127 30196 29730 53432 29293 30682 27235 31802 13922 35325 27263 66162 72436 29374 54010 70091 30428 19391 38890 41801 72514 30242 43623 26677 32110 22628 17676 61782 43474 59796 44145 26156 17383 55874 20898 33292 36556 68130 31988 20634 26299 37220 27798 12777 47382 28505 58742 27702 46912 49491 23871 41200 54105 30725 45068 27524 29929 10292 30849 9123 31307 32050 42031 37619 39030
17792 29003 78270 75606 41015 31597 9403 19416 7628 70306 30743 27879 10874 24668 13243 9177 31798 24254 17337 18250 17043 26216 16526 30714 89668 20500 22459 25136 21115 19855 31455 12254 22533 25293 58318 22236 24533 77083 46875 70459 22610 5489 53273 20609 671 4222 11378 45055 17146 30618 20909 83233 11174 1668 36954 52652 21117 10517 21987 30006 56343 63891 14628 24521 24953 41566 33930 55291 38708 8164 33503 57645 35149 26834 23362 19174 89076 29913 53719 56610 36329 13986 33860 32443 75731 9677 24110 51051 12028 8346 56048 22741 21226 38979 11533 33787 69764 20606 31386 9846 28011 72440 47615 49447 18222 73132 74041 52701 29367 41572 51546 51686 55011 67722 51911 27575 17549 37767 55581 64712 50758 73512 39658 72591 62205 34201 52543 25859 0 29665 38380 26356 37943 72670 54843 72731 72587 6496 19133 57386 63271 5200 15518 62884 45271 18096 4356 51977 14189 38714 45664 75572 72544 31463 74028 64705 18452 39087 55191 46681 62308 42139 41663 20237 30960 42640 42416 60541 46475 57156 44439 14707 25605 34475 35744 10959 50596 85270 21637 7374 52090 52175 3849 19364 52683 10937 71824 37718 22070 72233 34863 37626 31669 53897 23537 51371 33265 16829 38143 29889 6510 50816 16892 13589 13417
28726 57319 107179 104803 68160 44728 29065 12051 37012 98943 3704 44280 18959 29397 34681 38145 59341 5638 45707 36106 33751 39099 24549 59316 116645 9257 40882 24233 50779 14013 59481 18927 45510 26464 85881 10737 54095 98633 63175 95917 13497 26100 81861 43807 29454 33430 26066 74633 34852 52999 30573 112036 19626 28746 17436 76000 39306 19919 36799 59202 84323 92399 25892 5609 18715 67665 35454 82522 40946 28075 43263 85823 40670 53904 52483 33896 118478 58958 81704 82815 18657 34924 56072 55378 102838 23370 46182 79943 18713 33643 85680 51984 23057 68169 23844 61053 87501 12823 61028 35003 21116 96791 77125 74729 11866 90629 92923 64029 2556 68906 80289 76781 79492 94723 81574 48015 15289 8651 66571 75836 66745 97562 69156 90461 83186 60772 79885 38570 29665 0 65422 55481 63005 91570 82818 101224 96802 35913 42969 84501 79344 27080 14148 88784 66892 11577 33943 70367 37112 66147 65525 101721 101685 58826 92551 94365 11268 57725 76857 73973 91642 66069 13816 12211 59286 61099 45968 89785 74387 86565 73036 43910 49539 26183 29424 21866 73656 106567 51177 34564 60239 74700 33210 41976 80033 40602 95930 62325 44057 87285 58740 66814 56084 68739 20683 65245 60344 36866 64034 47137 34157 70472 28891 24624 30080
53639 10360 43049 41732 2739 32378 45516 57229 33943 34403 67444 55123 48506 60642 30905 29282 6690 59796 33332 31037 49943 57220 53926 9969 51445 56381 27684 62639 23446 58094 34809 50499 20990 62260 20470 60145 24855 42412 66932 32329 60897 43743 18025 22282 38905 36513 39471 20225 49224 16610 56056 47557 45978 38491 75275 18466 50291 48640 53531 28099 19176 27796 51699 59822 63230 4600 68939 17121 72434 37386 37036 20878 67936 11646 28913 52247 55960 12517 16628 18313 74703 45541 15664 14556 37541 47947 21180 17524 50167 40749 29109 28228 46124 12497 41643 4603 41455 58738 22187 30556 53041 35022 20491 12429 55484 44595 43312 40409 65873 3592 17172 14673 18508 29460 27590 50353 50385 74044 42493 48048 31592 36319 16366 43582 30145 4796 14462 33941 38380 65422 0 28593 7115 42108 17699 36387 35280 34538 22755 19146 39152 43197 52219 24642 17792 54423 35364 27759 28410 1759 21828 37202 38514 6928 43824 37383 54543 22868 23518 8553 42825 10939 74389 53596 8858 23814 46926 27977 9568 26434 10733 24430 17000 72211 54829 49313 17533 50366 20612 31623 44921 19711 36399 24132 14610 29724 34643 8531 46290 47580 11305 12199 45305 35244 61612 35580 5141 29444 4369 26323 38132 24650 52654 51153 48590
32973 19351 57359 53770 30066 45225 27493 44133 18732 50635 55991 28560 36559 38902 30538 20422 23344 50306 10066 34840 27661 32175 35212 18796 73124 46564 35659 42786 8333 43515 7391 36756 29985 41562 42779 46569 4319 70819 38340 58319 45791 29391 35203 29201 26400 22258 35353 22723 26566 34011 34212 62483 37502 27667 58909 47030 25540 35578 29454 3731 39866 45049 32948 50635 45551 33176 45317 41040 47525 31756 49122 40420 42752 22845 3005 29495 66070 16111 37579 44634 57680 23826 35973 34030 59706 32556 31791 32082 36860 22277 32355 3656 45446 20661 36529 25219 69479 44560 8157 26620 52879 62151 25669 40821 43661 72726 71785 62047 54803 29908 33112 42971 46863 52582 27768 22847 43812 63070 64699 72255 55783 63639 18911 71790 58639 27404 38429 42305 26356 55481 28593 0 33147 70549 38580 53364 62521 19863 27984 43134 65883 28423 41475 50698 44278 44091 22015 53856 28906 27656 47134 61601 51032 23753 72235 40299 44520 44182 51816 33828 36165 38150 67964 46584 20115 46823 59800 39181 31807 35155 27751 16272 29345 51930 59047 34147 45916 78631 11014 24750 64283 48049 22555 29804 38523 16108 62028 33949 20102 74773 33678 19686 16713 59520 43264 58525 25500 32396 31415 40295 21337 51283 32117 33300 28577
54444 13806 48012 47222 8646 26378 46015 55869 34804 39261 65337 57855 47279 61525 28379 29305 9814 57452 36166 27368 51370 59297 54174 14557 53807 54246 23299 62901 26726 57078 39904 49611 17521 62781 24349 58797 29060 39803 71174 33002 59916 43428 23923 19199 38536 36827 36961 27331 50793 11101 57116 52225 44051 37745 74240 15086 52475 47684 55379 33283 23884 32780 52056 57404 62860 5471 70240 20629 74153 35448 30966 25787 69837 11959 32913 53721 61434 17313 21588 19902 73860 47024 9271 8703 40194 47619 17102 23994 49187 41704 36083 32108 42334 19449 39201 8122 36350 57594 27751 29048 48823 34536 27587 11761 53878 39622 38989 33303 63716 9722 23433 13902 17073 32117 34694 53640 47747 71656 35417 41222 24655 35575 23276 38721 26021 5753 18401 28839 37943 63005 7115 33147 0 37704 22530 40944 34664 35191 20117 22324 33054 43029 50496 25779 11357 52497 35589 21284 26035 8874 15001 38717 44028 9400 39335 44190 52535 15821 18972 13182 49939 5038 70935 50909 13159 16704 40446 34210 15424 33068 17610 25432 13467 72360 49650 48851 13389 47958 23641 30725 37828 15353 36625 21031 18552 30867 33889 1441 49120 41774 5002 18998 49697 28352 61478 28526 7683 26217 2756 20488 38902 18393 53463 51295 49442
90224 51390 56465 59092 41132 46895 81652 87725 71264 50038 94676 95325 79973 97243 60419 65195 47321 86639 73790 56879 87931 96332 89176 51753 45969 84267 51884 97656 64430 89636 76916 82842 50137 97951 39026 90514 66604 11826 108791 27806 92409 78016 46446 52064 73326 72619 67761 58286 87502 42085 93155 57770 75461 72003 106006 23703 89658 80895 92268 70207 41837 46937 87291 86379 96490 37512 106349 37202 110702 67729 49054 43302 106617 49386 70539 90286 70125 54451 41957 31713 106093 83721 38882 40453 39468 81970 48611 49136 82261 78016 61843 69760 68543 53079 69885 45358 5320 89846 64261 62884 72351 22563 56891 30720 85279 4893 1377 31681 93012 41601 47784 28997 25410 36306 63073 91311 76945 99764 30560 26010 25163 21385 56730 3652 11978 43314 38221 53006 72670 91570 42108 70549 37704 0 41826 49487 21936 71431 53540 36339 14159 77863 81856 29471 27699 83202 71338 21294 58774 43289 27059 33273 56920 47016 1791 66595 83030 34311 18761 39467 77256 32676 95265 79648 50445 30770 51475 54437 42660 56316 47342 62391 47291 106676 68278 82911 24635 16952 61344 65332 38269 22503 72321 53401 38243 67711 21230 37184 86674 12973 38785 53318 87227 24161 95595 27956 45156 57114 39163 44800 75115 21887 89272 86237 85413
68529 25843 25521 24772 15004 48882 60951 74087 49393 16796 84686 67072 65363 75288 48503 45671 23477 77181 46240 48729 64133 70232 69439 24197 35201 73687 45241 77991 36630 74698 42556 67093 38674 77321 4266 76971 36160 37161 75119 20694 77447 59992 4767 39980 55303 52397 57012 18683 63241 33527 70571 29898 63254 55178 91753 21629 63356 65309 67010 36471 1507 10256 67141 77237 79224 17059 82867 4633 85670 54743 53437 3258 80965 28932 40103 66306 38941 25489 1124 10118 91022 59802 31768 31197 21395 64125 38773 7970 66833 55830 20018 39745 63820 17961 59152 21818 43394 75430 30510 47823 70695 25618 16418 15099 72512 45785 42654 52008 83146 14112 6563 15226 17433 14003 21594 61421 67915 91400 53429 56510 41912 27313 19988 44521 31030 22493 4711 51222 54843 82818 17699 38580 22530 41826 0 18691 26144 50172 40425 5775 44775 59332 69341 13955 28155 71638 51367 36248 45993 16736 32718 23074 21610 24002 43603 25502 71797 37037 27278 9422 35433 22857 92063 71129 23883 36587 62560 13585 8435 14601 11014 40264 34651 87562 72099 65584 22778 43782 34556 48556 57720 24414 52368 41829 4595 45095 25953 23809 58424 51352 27528 19057 54117 44960 77397 46599 22585 47140 20373 43018 53510 32880 67562 66830 63549
85212 43947 7592 9652 33696 67088 78116 92110 66763 2807 102967 81681 83427 91700 67106 63622 41971 95587 62239 67420 80408 85538 86546 42063 21250 92040 63900 94890 53265 92534 55561 84967 57365 94012 16700 94959 51880 40743 86503 21850 95229 77695 19459 58664 73147 69968 75565 30775 79416 52029 86959 11282 81612 73198 109414 36067 78869 83246 82726 50509 17230 8845 84226 95667 96587 35507 98634 20484 100856 73180 71555 15520 96070 47470 55458 82446 21855 42870 19759 23392 108561 76216 50055 49647 12073 81742 57447 21866 84759 72854 24249 55310 82510 34141 77679 40420 52740 93328 45279 66231 89379 27586 27819 31574 90665 54200 49852 67480 101455 32797 21223 30698 30985 13320 28489 75577 86446 109762 68427 69688 57173 29148 34666 52879 41614 41182 22544 69764 72731 101224 36387 53364 40944 49487 18691 0 28257 67633 59083 19179 56790 76969 87571 21312 44654 89929 69023 50959 64590 35369 48986 18229 8060 42544 51061 22748 90117 54465 40632 28053 35879 40487 110710 89660 41975 53429 80176 14875 26979 19125 28302 58031 53339 104371 90594 83250 37959 44598 51661 66772 73731 38939 69989 60510 22393 62515 28724 42142 73444 61339 45938 35449 66990 59661 94620 61980 41216 65818 38950 61357 70759 47825 84273 84080 80357
88710 45635 34850 37904 33103 54828 80416 90391 68973 29255 99382 90170 81871 95757 62621 63812 41881 91372 68476 60698 85191 92473 88696 44980 25326 88362 55993 97433 58544 91694 67537 84260 51575 97210 22181 93314 59326 12526 100290 6549 94534 78065 30826 53408 73172 71273 71037 44746 84491 43818 91226 35874 78393 72408 108822 20828 85537 82326 88810 61070 25485 27605 86534 91260 97519 31336 104185 22263 107714 69873 58397 26242 103203 46039 63429 87506 48264 47208 26769 17914 108487 80793 40732 41473 17568 82264 50697 34113 83824 75846 44965 62866 74841 42306 73286 39728 26038 92179 54911 63661 80311 672 42562 23228 88309 26811 22066 47019 97734 32989 32707 20956 17596 15832 47377 85081 81530 105401 47013 45510 37474 1169 45189 25524 17849 38699 24509 59667 72587 96802 35280 62521 34664 21936 26144 28257 0 69476 54513 20480 32243 77639 84892 12260 30376 86767 70063 31255 60405 35626 32993 11344 36073 41962 23337 47841 86755 40636 21336 28697 59822 30873 103273 84596 44037 38005 64210 36147 30875 39013 35347 59450 47732 106939 78618 83510 23210 17805 55827 65389 53851 22453 71103 55152 24447 64837 979 35010 81339 34593 38294 43054 78867 38604 96109 41899 39997 60031 34543 50552 73142 29245 87725 85846 83670
19263 24577 72890 70029 37045 33742 10979 25128 1132 65130 36762 25471 16967 26339 15419 6282 27849 30594 11010 20678 16508 25197 19409 25995 85266 26839 23928 28105 15040 25102 25061 17729 21979 27750 53844 27814 18182 74900 43305 66861 27704 10240 48231 20210 6548 2492 16717 39167 16143 29548 21940 77908 17664 7883 41785 50220 18999 16254 21011 23522 51652 58827 17165 30890 29055 38160 35107 51029 39278 13121 36371 52827 35210 23447 16867 18859 83304 24802 49053 52846 40937 12401 32643 30993 71348 14136 23804 45811 17673 6590 50030 16256 26904 33589 17388 29951 68942 25996 25145 11055 33998 69277 41819 46249 24255 72323 72786 54143 35457 37478 46410 48525 52054 63450 45796 23771 24020 43831 57012 65852 50967 70455 33915 71677 60460 30778 48257 28719 6496 35913 34538 19863 35191 71431 50172 67633 69476 0 18615 53159 63087 9418 21789 59179 43749 24395 2210 51381 15289 34626 44787 71628 67016 27648 72886 58594 24789 38953 53354 42511 55868 39766 48125 26733 26463 42387 46058 54969 41941 51441 39476 10111 24206 37684 41239 15675 48334 83079 16029 8090 54334 50086 2713 19477 48390 5118 68765 35200 18214 72157 32831 32252 26261 54337 27247 52175 29568 18685 34955 30905 3718 49828 18280 16697 14251
36744 16772 65553 63832 25485 17285 28185 35879 18745 57008 45232 43930 27414 43728 8289 12406 17361 37387 24913 8810 34935 43791 35652 19108 73683 34137 7765 44202 19663 37256 35271 29956 3427 44424 43178 38801 23960 58170 60741 53116 40096 24517 40186 1598 19787 19360 16903 36671 34678 11495 39745 70182 23944 18537 54326 34057 37583 28001 39581 30333 41912 50395 33751 37361 43480 24701 52902 39704 57452 15368 21151 43563 53592 11920 25975 37252 77952 20097 39339 39849 54049 30981 14751 13434 59907 28554 5190 38879 29467 25013 47647 25006 23584 28651 19129 18696 50711 37697 27796 9427 30787 54434 38427 31877 33812 54087 54911 36031 43617 26324 38921 33996 36962 51791 44530 41447 27775 51619 38862 47461 32352 55365 31047 53514 43142 17993 37135 14710 19133 42969 22755 27984 20117 53540 40425 59083 54513 18615 0 41632 44538 24330 30411 45861 26189 32382 18088 32985 5920 23714 26564 58786 60627 16694 54908 56535 32419 20356 36183 31273 58082 23665 51639 30969 18485 23825 31875 49300 32114 46822 31695 12423 6786 53397 34114 29604 31880 66342 17369 11797 37091 33320 19012 1942 37285 16293 53694 19563 36078 53588 16244 27419 41232 35739 42347 33684 17874 6821 21067 12934 22111 31701 35806 32713 32037
71924 28583 26629 26952 16437 48072 64078 76358 52463 18021 86573 71422 67631 78803 49880 48232 25596 78884 50192 49498 67787 74299 72553 27281 32311 75498 45601 81202 40379 77171 47567 69566 39482 80665 2967 79271 40387 31387 80258 15344 79962 62682 10540 40979 57889 55269 58484 24266 66953 33395 74125 30373 65109 57567 94330 17656 67379 67725 70919 41293 5512 12374 70283 78894 82099 17088 86674 2151 89715 56504 52484 7018 85062 30787 44421 70016 40686 28987 6296 4995 93708 63411 31177 30956 18396 66866 39297 13706 69253 59097 25608 43981 64554 22511 60680 23666 38179 77837 35212 49698 71138 19977 22119 12405 74629 40433 37118 48874 84995 15819 12293 11717 12907 10337 27356 65956 69388 93135 50055 52391 38614 21649 25014 39151 25919 23730 4920 51093 57386 84501 19146 43134 22324 36339 5775 19179 20480 53159 41632 0 40201 62088 71365 8234 25567 73561 54172 32625 47412 18673 29984 18685 23995 25974 38104 30445 73673 35286 22938 10705 40968 21361 93073 72590 26704 34304 60997 18291 11520 19981 15409 43093 35390 90790 71788 68271 19239 38041 38039 50746 54914 20544 55195 42842 4795 48174 20247 23398 62681 46322 27235 23448 59055 41399 80386 43391 24281 48139 20702 42460 56634 29343 70947 69855 66899
81058 46611 64242 65974 39105 34738 72566 76604 63114 56692 82608 88034 69370 87912 50351 56815 42777 74675 67286 46166 79473 88284 79507 47587 57493 72601 41303 87689 58745 78749 72841 72395 41133 88231 43155 79284 61665 25205 103237 36724 81442 68372 48822 42962 63941 63894 56866 58129 79203 33721 84138 66454 64495 62375 94548 23330 81921 70490 84094 66278 45258 52240 77807 74361 85948 34930 97200 40317 101911 57379 36208 47072 98121 43302 65290 81790 78411 50338 44545 35206 94809 75485 30887 32746 48650 72092 39367 50811 71760 69545 64046 64412 56312 51412 58863 41176 8996 78832 60804 53441 59439 32742 57411 30617 74046 11589 15256 17575 80959 39877 49630 29774 27388 43567 64244 84757 65220 87298 16406 13285 12801 32092 55278 11768 15246 38759 40365 41127 63271 79344 39152 65883 33054 14159 44775 56790 32243 63087 44538 40201 0 68363 70690 35502 21707 71778 62624 12077 49088 40698 18876 43150 63366 42264 14419 70274 71541 24214 17530 39491 79288 28319 82083 67719 46176 20714 37562 58289 42856 59200 47087 55054 39122 96330 54718 72858 22818 31105 55623 56158 24111 20798 63538 43977 40439 60051 31337 32069 79721 9095 32294 51288 82115 10670 85311 14361 40699 46845 35267 33856 66639 14664 80147 76593 76489
12798 33563 82292 79447 45794 36174 4943 15830 10400 74488 27612 24467 8317 19549 18132 13922 36560 22041 18640 22921 12961 22028 11325 35137 94312 18351 27355 19952 24413 15685 32558 8406 27725 20094 62911 18444 27301 82263 43977 75391 18295 1011 57540 25799 4557 7009 14466 48556 13333 35817 15984 87302 11175 6003 32457 57799 17772 7162 17904 32150 60823 68149 9459 22421 20033 46519 28856 59976 33753 12016 37735 62055 30369 31749 25432 14858 92705 34103 58210 61481 31690 10885 39061 37641 80378 4793 29285 55176 8449 6927 59362 24969 23233 42979 13840 38594 74931 16590 34364 15004 29241 77482 51225 54463 15240 78296 79234 57416 26390 46306 55747 56712 60081 72413 55073 25229 17355 34695 60291 69495 55800 78576 43330 77765 67403 39133 57215 30196 5200 27080 43197 28423 43029 77863 59332 76969 77639 9418 24330 62088 68363 0 13264 67779 50471 15858 7967 57132 19281 43444 50848 80396 76432 36269 79216 67862 16345 44207 60385 51393 64588 47284 39912 19453 35494 47768 46104 64386 51025 60855 48748 19070 30800 29338 37694 6281 55760 90451 25434 12573 56495 57354 6982 24524 57352 14506 76887 42839 20006 77300 40033 41638 30870 58886 18478 56279 38116 21713 43143 34832 7085 56002 11945 8389 8867
18948 43626 93360 90862 54937 36206 16195 5915 22897 85229 15412 34206 4952 22743 22281 24140 45919 8832 31853 25014 22599 30025 14921 45536 103646 5099 30011 19600 36632 8321 45821 6192 33328 21136 72573 8659 39968 87850 53900 83491 10825 12257 68144 31484 15308 19315 14144 60525 23492 41269 21750 98264 6519 14642 24219 64291 28217 6323 26720 45182 70848 78730 15168 9176 16025 54823 31295 69334 36919 15049 36097 72273 35021 40590 38470 23498 104453 45028 68220 70030 24237 22548 44483 43509 89757 10453 34330 66106 5629 20096 71550 37937 16657 54205 11977 47739 78242 8197 46883 21674 19813 84825 63045 62253 3449 81508 83229 57117 13949 55618 66510 64393 67366 81665 67429 36645 7166 22339 59878 69293 57890 85725 55078 81177 72511 47698 66644 29730 15518 14148 52219 41475 50496 81856 69341 87571 84892 21789 30411 71365 70690 13264 0 76148 55745 2616 19799 60583 24499 52808 55051 89032 87766 45462 83008 80222 3081 47549 65832 60726 77603 54020 26649 7439 45599 51086 41880 75818 60909 72529 59298 29888 37173 26452 29148 9288 62036 95941 37074 20803 54639 63304 19080 29753 66789 26454 84061 49974 31988 79187 46599 52849 43570 60416 16262 57254 47089 25110 51235 37092 20242 60171 18689 13528 18341
78243 34787 28826 30498 22170 49544 70156 81397 58575 21224 91093 78699 72727 85219 54141 53857 31330 83227 57190 53027 74394 81296 78566 33830 28288 79997 48696 87281 47277 82440 55462 74884 43291 86891 10201 84326 47700 23372 88202 7746 85264 68295 18689 44977 63430 61146 62735 32493 73623 36253 80601 31472 69746 62894 99637 15757 74356 72991 77771 49072 13426 17477 76341 83183 87801 21375 93370 10013 96649 61123 53656 14447 92059 36051 51783 76670 43069 35846 14530 6342 99144 69995 33540 33789 15382 72505 42766 21920 74512 65356 33345 51276 67814 30259 64972 29235 32029 83025 42936 54544 73951 11774 30348 14108 79498 33892 30091 46715 89478 21847 20508 12228 10737 8348 35414 73418 73525 97435 47453 48379 36451 13427 33010 32578 20402 28689 12362 53432 62884 88784 24642 50698 25779 29471 13955 21312 12260 59179 45861 8234 35502 67779 76148 0 25347 78207 59988 30107 51768 24645 29204 12940 27986 31550 31179 37254 78263 35800 19561 17111 48530 23228 96458 76683 33040 34038 61129 25167 18899 27514 23224 49070 39246 96852 73580 73841 17994 29827 44724 55930 53191 18454 61025 46810 12288 54339 12013 26508 69900 40501 30215 31083 66871 38669 86224 41240 29670 51977 24923 44429 62764 27164 77259 75787 73196
62653 24951 52168 52420 18256 24604 54087 61472 43568 43587 69652 67749 53301 69702 33646 37532 21076 61585 46414 30921 60241 68641 61795 25880 53214 58784 26031 70382 37418 63112 51163 56000 22868 70554 28315 64348 40107 32126 81996 30922 65935 50692 31063 24803 45916 44996 41635 37628 59804 14713 65540 55694 49236 44725 79942 9882 61991 54042 64570 44580 29156 37703 59840 61424 69598 14022 78740 24651 83027 41034 28474 31160 78921 22046 43835 62597 66252 28631 27522 21330 79823 56023 11446 12844 40729 54743 21555 32154 55471 50338 45135 42986 44566 30268 43855 19475 25615 63449 39104 35614 49936 30468 37399 13234 59193 28965 29048 23973 67990 19181 31239 13965 14627 33289 44474 63968 51721 75418 25632 30349 14238 31011 34145 28189 16955 17051 23452 29293 45271 66892 17792 44278 11357 27699 28155 44654 30376 43749 26189 25567 21707 50471 55745 25347 0 57394 43716 9982 31736 19448 4584 37508 49378 20579 29193 52521 57313 10529 10090 20329 59773 6865 72909 54694 24470 8802 35842 41381 23479 41184 26995 34733 19704 79582 48599 55783 7477 40258 34293 37899 29567 7928 44712 26313 23576 40024 29450 10368 59176 30502 11158 29988 60672 17714 68523 18687 18991 30635 13683 20185 47442 7044 61694 58860 57795
20708 45984 95774 93321 57149 37135 18619 5461 25505 87607 13048 36171 7558 23882 24163 26614 48187 6216 34463 26522 24706 31765 16557 47926 105815 2493 31496 20218 39209 8350 48416 8425 35197 21951 74820 7645 42571 89452 55787 85498 10388 14853 70519 33388 17901 21924 15776 63062 25649 43036 23342 100663 8466 17172 22815 66096 30350 8836 28638 47798 73145 81091 17081 6566 16059 56923 32059 71544 37720 17095 36707 74595 36121 42817 41087 25453 106948 47477 70519 72126 23033 24906 46222 45320 91944 12836 36108 68523 7963 22661 74104 40553 16721 56670 13543 49974 79479 7857 49474 23869 18863 86714 65565 64258 2796 82719 84573 57786 11527 57850 68906 66376 69282 83843 69999 38866 6978 19878 60509 69919 58994 87582 57596 82425 74071 49859 68868 30682 18096 11577 54423 44091 52497 83202 71638 89929 86767 24395 32382 73561 71778 15858 2616 78207 57394 0 22393 61910 26462 55054 56531 91112 90216 47711 84317 82789 637 48935 67467 62949 80218 55900 24059 6094 47955 52444 41872 78287 63204 75028 61678 32373 39108 26263 28247 11561 63816 97512 39607 23163 55018 65028 21685 31620 69014 29032 85925 51930 34323 80168 48491 55314 46003 61406 16699 58161 49305 26813 53319 38402 22853 61620 20542 15498 20536
18967 25619 74408 71637 37930 32482 10445 23387 3325 66554 34905 26542 15048 26042 13999 6289 28699 28572 13213 19259 16854 25804 18635 27171 86370 24816 22816 27372 16867 23541 27271 16049 21503 27192 54960 26133 20193 75147 44801 67634 26209 8672 49586 19662 4492 1282 14606 40915 16645 29305 21824 79403 15490 5682 40420 50531 19923 14469 21568 25655 52857 60198 16477 28851 27928 38820 35024 52054 39416 11043 34912 54088 35506 24045 19025 19166 85007 26153 50245 53671 39655 13027 32467 30893 72438 12759 23259 47253 15930 6987 51850 18392 24763 35088 15208 30762 68702 24384 27084 9790 31817 69884 43522 46843 22379 72082 72700 53143 33566 38414 47805 49109 52564 64490 47668 25289 21830 41956 56019 64961 50356 71022 35586 71472 60534 31424 49289 27235 4356 33943 35364 22015 35589 71338 51367 69023 70063 2210 18088 54172 62624 7967 19799 59988 43716 22393 0 51041 14179 35554 44530 72540 68600 28442 72761 60467 22766 38428 53452 43487 57953 40034 46020 24570 27543 41911 44407 56569 43069 53108 40787 11110 24047 36904 39143 14237 48579 83334 17598 6806 53091 50270 1041 18748 49425 6723 69332 35509 19716 71667 32950 33741 28269 53656 26250 51373 30320 17405 35521 29975 4168 49619 17998 15811 14080
69701 34640 58550 59466 28083 25852 61156 66463 51351 50320 73430 76125 58810 76641 39380 45099 30876 65381 55243 35643 67844 76548 68387 35715 56039 62977 30660 76746 46670 68416 60866 61729 29559 77153 35556 69239 49623 28957 91163 33777 71176 57215 39727 31442 52642 52319 46513 47415 67524 21862 72724 61527 54211 51193 84717 14992 70095 59792 72387 54343 37024 44999 66590 65131 75366 23840 85863 32196 90436 46615 28501 38979 86536 31228 53223 70179 72809 38453 35793 27826 84819 63779 18913 20738 44977 61070 27885 41219 61131 57898 54388 52343 47390 40211 48621 29373 17825 68602 48979 42133 51587 31553 47025 21228 64002 21176 22663 16608 71764 28959 40182 21091 19993 38450 54040 72737 55662 78633 17481 20657 6397 31546 44090 20705 14004 26905 31581 31802 51977 70367 27759 53856 21284 21294 36248 50959 31255 51381 32985 32625 12077 57132 60583 30107 9982 61910 51041 0 37887 29396 6804 40567 56584 30330 22426 61356 61736 13088 10628 29470 69291 16820 74649 58390 34296 9514 33048 49786 32761 50057 36599 43087 27254 85628 48423 61940 13485 36520 43548 44736 23161 12096 51983 32612 31684 48159 30276 20203 67745 21118 20225 39958 70044 8773 74557 11143 28839 35992 23664 23509 54985 3391 68771 65454 65023
31981 21412 70913 69004 31149 18480 23540 30005 15741 62447 39328 40689 21619 38827 2519 9875 22653 31514 23770 6002 30816 39892 30501 23667 79534 28231 8649 38892 20932 31458 35841 24265 8924 39266 48877 32921 25321 63823 58491 59036 34293 19331 45498 7026 14860 15366 11072 40820 30719 17043 35089 75616 18025 13312 48471 39883 34100 22307 35643 31773 47490 55844 28735 31503 37867 30559 48113 45456 52885 9469 21392 49087 49244 17142 26466 33061 83039 24160 44894 45733 48233 27178 20308 19152 65729 23205 10205 43985 23743 21132 51948 25538 18716 33151 13272 24180 55704 31863 30319 4444 26171 60332 42812 37796 27907 59061 60149 38966 37718 31944 44126 39915 42868 57614 48536 38977 21982 45757 41842 50816 36574 61248 35141 58557 48674 23702 42850 13922 14189 37112 28410 28906 26035 58774 45993 64590 60405 15289 5920 47412 49088 19281 24499 51768 31736 26462 14179 37887 0 29257 31715 64687 65815 22053 60082 60859 26502 24927 41794 36959 61409 29541 46155 25190 23273 28492 31586 54285 37616 51582 36849 12637 12676 47929 30711 24141 37673 71977 19359 7380 39051 39047 14944 5423 43000 14586 59580 25479 33450 58044 22116 31857 40188 39743 36852 37310 23410 3633 26933 15844 18347 36887 31080 27570 27514
53609 10142 41899 40435 2523 33939 45588 57719 33982 33307 68093 54594 48989 60576 31767 29566 6925 60514 32856 32142 49766 56857 54034 9361 50973 57056 28953 62724 22929 58501 33682 50894 22137 62282 19767 60627 24050 43191 65981 32377 61289 44023 16697 23337 39219 36673 40284 18471 49012 18156 55955 46479 46633 38899 75657 19594 49918 49058 53236 26974 18233 26693 51787 60556 63469 5867 68753 16589 72137 38078 38603 19851 67598 12247 28138 52052 54649 11724 15639 18304 75039 45365 17339 16170 37042 48214 22441 15996 50586 40727 27390 27493 47199 10820 42432 5095 42790 59173 20976 31193 54196 35338 18737 13172 56037 45895 44472 42164 66536 2862 15722 15351 19234 29010 25834 49687 51192 74750 44241 49741 33313 36689 14697 44859 31312 6025 13860 35325 38714 66147 1759 27656 8874 43289 16736 35369 35626 34626 23714 18673 40698 43444 52808 24645 19448 55054 35554 29396 29257 0 23536 37004 37217 7346 45020 35711 55192 24618 24812 7969 41067 12584 75343 54405 8431 25571 48564 26491 8404 24824 9080 24522 18217 72307 56190 49609 18816 51074 20207 32109 46677 21005 36582 25171 14003 29724 35026 10289 45758 49055 12999 10594 44350 36955 61796 37324 5850 30466 6126 27869 38170 26254 52626 51296 48564
63306 28001 56528 56892 22546 21946 54743 60876 44720 47997 68441 69389 52977 70291 33376 38509 24333 60363 48445 30039 61280 69912 62148 29186 56652 57756 25046 70603 39881 62694 54194 55812 23144 70923 32774 63704 42884 33110 84361 34242 65487 50980 35645 25059 46324 45811 40911 41889 60928 15241 66289 59949 48597 44962 79262 13460 63409 53861 65770 47715 33700 42192 60292 60158 69459 18350 79460 29145 83946 40711 25404 35703 79983 24444 46451 63622 70659 31903 32097 25604 79262 57170 12190 13975 44545 54916 21569 36704 55241 51333 49638 45566 42810 34320 43079 22954 24172 62947 42466 35852 47685 33162 41774 17735 58492 27552 28435 19393 66773 23510 35805 18301 18486 37317 48869 65948 50542 73945 21095 26237 9814 33507 38181 26953 17663 20441 28012 27263 45664 65525 21828 47134 15001 27059 32718 48986 32993 44787 26564 29984 18876 50848 55051 29204 4584 56531 44530 6804 31715 23536 0 40947 53869 23749 28375 57085 56401 7873 11756 24886 64176 11097 70768 53402 27764 5026 31967 45964 28005 45750 31404 36332 20596 79620 45625 55852 11227 41060 36761 38358 25019 10952 45490 26351 28134 41447 32035 13796 60976 27921 13464 33949 63263 13420 68540 14138 22357 30118 17559 18394 48421 5173 62366 59209 58565
90525 47080 24074 27647 34611 62018 82584 94235 70971 19845 104016 90014 85546 97434 67070 66483 43843 96161 68871 65954 86454 92972 91036 45896 15714 92919 61587 99719 59063 95219 65594 87643 56231 99239 18835 97162 59004 23190 98041 6792 98035 80945 27013 57914 76102 73671 75668 41208 85628 49145 92769 24649 82648 75639 112415 27641 86055 85765 89604 59545 21887 20284 88785 96118 100429 34214 105355 20834 108393 74021 65980 21760 103732 48759 63010 88690 37072 47665 24039 19014 111880 82073 46371 46687 6487 85148 55698 30395 87289 77669 38741 62599 80699 40943 77904 41803 37345 95827 53567 67399 86746 10733 38587 27037 92369 38152 33369 56908 102403 34150 29119 25092 23031 9211 41996 84449 86464 110372 57195 56432 46948 11920 43054 36867 28213 41445 23587 66162 75572 101721 37202 61601 38717 33273 23074 18229 11344 71628 58786 18685 43150 80396 89032 12940 37508 91112 72540 40567 64687 37004 40947 0 26283 44128 34648 39826 91174 48036 30040 29144 52554 36065 109340 89623 45247 45927 72850 29187 30202 32792 33873 61526 52184 109305 86060 86513 30031 26387 56702 68708 63640 29995 73572 59748 23468 66699 12105 39445 81305 45922 43137 41964 77171 48558 98790 51588 42306 64917 37798 57101 75155 38059 89545 88298 85489
83663 44555 6548 3219 35995 70405 77073 91946 66066 6885 103166 78716 83385 89870 68328 63630 43267 96076 60476 69251 78580 82967 85367 42445 27656 92436 66169 93449 52182 92111 52206 84648 59318 92395 21121 94726 50176 48593 81868 29583 94718 77227 20522 60415 72899 69438 76553 28396 77523 54880 85151 11600 82083 73184 108672 41593 76510 83025 80462 47848 20395 11677 83046 96208 95585 38573 96260 24728 98072 73887 74988 18405 93270 48744 53417 80493 17451 42740 22478 28764 107682 74545 53295 52617 20112 81137 59656 21845 84510 71742 19577 53408 84211 33573 78575 42025 59904 92979 43227 66942 91335 35401 25515 36145 90709 61549 57360 72867 101714 34985 21708 35693 36673 20624 24212 72430 87296 110093 74038 75996 62609 37006 33184 60228 48375 43229 26140 72436 72544 101685 38514 51032 44028 56920 21610 8060 36073 67016 60627 23995 63366 76432 87766 27986 49378 90216 68600 56584 65815 37217 53869 26283 0 43936 58540 15799 90458 58607 46616 30846 28897 44431 111901 90491 42627 57994 84169 12059 28962 15887 28968 57901 55433 102786 93332 82688 43234 52636 51009 67126 78860 44488 69514 62213 26002 61934 36483 45346 70838 68439 48999 34928 63308 65354 93489 67387 42903 67444 41723 64480 69887 53325 82757 83062 78964
46803 4406 48889 47143 9556 28974 38626 50389 27080 40396 60751 48942 41660 53828 24571 22355 812 53191 27146 25342 43239 50745 47019 5481 58285 49720 22643 55739 17481 51206 30584 43605 15564 55389 27113 53300 19661 48425 61800 39216 54003 36817 23498 16511 31983 29597 33027 21674 42559 13655 49272 53566 39294 31600 68378 23899 43847 41756 46965 24018 25506 33791 44801 53241 56302 10660 62228 23909 65850 30752 33610 27056 61410 4932 23536 45561 61281 8160 22893 25230 67790 38844 14136 12418 44362 41020 16226 22236 43284 33919 32009 22745 40276 13258 35155 2326 45750 51864 18734 23853 47422 41733 22838 18823 48693 49017 48285 40614 59197 10168 22235 21107 24809 36308 29556 44485 43921 67421 42999 49628 32968 42973 16562 48107 35227 3703 21195 29374 31463 58826 6928 23753 9400 47016 24002 42544 41962 27648 16694 25974 42264 36269 45462 31550 20579 47711 28442 30330 22053 7346 23749 44128 43936 0 48668 40740 47851 22401 28256 15286 44232 14424 68200 47135 4069 24320 44041 32714 15588 30475 15043 17553 11992 65305 50017 42390 22491 56493 14457 24776 44227 24554 29478 18288 21339 22895 41288 10217 40143 51078 10646 12305 40301 36725 54687 36339 1984 23508 7961 22927 31265 27613 45818 44238 41756
91621 53048 57987 60679 42876 47838 83050 88888 72735 51655 95689 96881 81200 98629 61688 66640 48983 87666 75383 58063 89391 97832 90521 53439 47034 85344 53075 98974 66060 90833 78630 84091 51497 99296 40779 91663 68274 12647 110456 29321 93597 79354 48228 53419 74686 74043 68937 60075 88975 43479 94568 59206 76636 73337 107129 25443 91178 82148 93756 71922 43605 48635 88654 87396 97737 39232 107757 38980 112146 68975 49862 45060 108085 50969 72198 91745 71582 56143 43739 33492 107242 85198 40294 41895 40898 83286 49943 50924 83503 79468 63620 71413 69506 54845 71046 47032 5425 91026 65988 64225 73170 23975 58682 32490 86424 3851 1305 31994 94026 43354 49571 30778 27199 37918 64861 92913 78006 100701 30724 25659 25963 22734 58503 2899 13720 44966 40010 54010 74028 92551 43824 72235 39335 1791 43603 51061 23337 72886 54908 38104 14419 79216 83008 31179 29193 84317 72761 22426 60082 45020 28375 34648 58540 48668 0 68335 84134 35494 20425 41251 79031 34302 96023 80676 52125 31934 51934 56180 44447 58083 49127 63914 48718 107953 68902 84208 26330 16966 62968 66704 38476 24186 73739 54726 40032 69217 22666 38788 88248 12060 40310 55077 88903 24724 96874 28510 46817 58353 40835 45924 76563 23214 90673 87582 86830
73225 39765 21928 17022 35546 69471 67614 83684 57535 20393 95354 66201 75515 78881 63267 56471 39950 88900 50297 65338 67789 70958 75500 37427 43413 85161 63254 83022 43601 83396 39737 76261 56103 81703 27629 86293 40595 60130 67239 41359 85809 68757 21634 56742 64941 61086 70759 20073 66650 53732 74272 26481 75175 65640 99180 47059 64930 74845 68955 36719 25107 20236 73225 89127 85839 39288 84369 30018 85577 67648 74137 23428 80801 44888 43066 69467 26320 36699 25750 35347 97974 64098 53046 51858 34366 72329 56934 20414 76248 62305 8911 43299 79570 27891 72549 39451 68622 84377 33501 60961 87024 47196 18108 40153 82837 70820 67286 76464 94031 34473 21282 40611 42927 32102 12799 59756 80963 102417 78142 81838 66674 48919 25747 69528 56352 41399 29960 70091 64705 94365 37383 40299 44190 66595 25502 22748 47841 58594 56535 30445 70274 67862 80222 37254 52521 82789 60467 61356 60859 35711 57085 39826 15799 40740 68335 0 83122 59949 52765 32202 13161 46311 105768 84052 38117 60284 84257 12171 29170 11337 26652 50756 52723 92009 90546 73921 48023 65378 43296 60467 81673 49784 61258 58355 29877 53773 48012 45628 58995 76743 48687 29117 50053 69933 83563 71207 40395 63201 41494 63382 60919 57966 72388 73509 68876
21344 46178 95994 93568 57271 36870 19188 5970 25902 87806 12903 36802 8031 24501 24178 26883 48336 5807 34926 26417 25326 32401 17193 48137 105913 2051 31379 20797 39557 8893 48901 9022 35196 22547 74956 8016 42955 89351 56421 85534 10849 15337 70718 33401 18276 22324 15731 63368 26265 42998 23979 100873 8565 17487 23020 66063 30968 9370 29271 48222 73305 81282 17712 6115 16573 56998 32645 71663 38309 17180 36372 74765 36735 42950 41515 26084 107219 47721 70679 72197 23290 25492 46173 45295 92051 13412 36077 68746 8543 23173 74423 40971 16304 56923 13487 50108 79278 8352 49837 24000 18287 86707 65857 64296 3356 82511 84399 57455 11349 57981 69117 66405 69287 83947 70336 39476 6576 19656 60169 69576 58764 87564 57888 82226 73960 49961 68994 30428 18452 11268 54543 44520 52535 83030 71797 90117 86755 24789 32419 73673 71541 16345 3081 78263 57313 637 22766 61736 26502 55192 56401 91174 90458 47851 84134 83122 0 48781 67380 63075 80633 55895 23568 5507 48148 52281 41416 78541 63363 75302 61881 32646 39127 26728 27670 12156 63775 97402 39912 23370 54629 64969 22076 31621 69141 29382 85909 51952 34914 79903 48492 55568 46573 61147 17262 57882 49430 26766 53389 38232 23314 61480 21175 16126 21146
56863 26100 61878 61732 24425 14192 48358 53415 39031 53185 60683 64113 45722 63748 26328 32704 23138 52611 43975 22571 55281 64143 55412 27796 63742 50082 17580 63712 36334 55339 51490 48645 16975 64165 37857 56208 39864 40943 80121 41441 58105 44250 39205 18771 39756 39695 33451 42929 55034 10255 59932 65635 41151 38236 71720 20405 57874 46710 59937 45347 38213 47023 53662 52391 62280 20716 73015 34093 77699 33534 17947 40207 73913 21474 43043 57592 75775 30303 36248 31418 71785 51335 8370 10264 51172 48053 15171 39634 48044 45367 51904 42105 34951 34769 35576 22389 30891 55537 40733 29246 39839 40770 43354 22912 50976 34223 35686 18233 59015 25492 38960 24060 25118 43604 50442 61199 42819 66115 20703 28125 12104 41199 38458 33786 25501 19904 32468 19391 39087 57725 22868 44182 15821 34311 37037 54465 40636 38953 20356 35286 24214 44207 47549 35800 10529 48935 38428 13088 24927 24618 7873 48036 58607 22401 35494 59949 48781 0 19564 28228 65627 14181 62912 45635 26425 3584 25712 49599 30919 48751 33426 31442 15453 72552 38101 48893 18006 48843 33314 31945 22095 18267 39334 19765 32607 36181 39690 14381 55997 33240 11959 34111 59576 15669 61484 14342 21576 22913 18566 10600 42467 12751 55948 52486 52276
72418 32628 48211 49396 22821 33700 63871 71562 53099 40165 79665 76749 63379 79487 43729 47210 28560 71592 55120 40973 69778 77975 71698 33024 45613 68833 36053 80324 45687 73195 58274 66058 32901 80439 25905 74437 47848 22040 90032 23250 76019 60638 31292 34831 55828 54725 51716 41138 69282 24753 75245 51028 59324 54699 90031 5852 71223 64100 73975 51573 27820 35201 69706 71418 79640 18961 88439 22881 92594 51117 37114 29678 88394 30771 51778 72136 62480 35737 27023 17974 89912 65498 21487 22763 34349 64720 31631 33330 65536 59939 46549 50999 54348 35059 53933 26608 17994 73536 45704 45609 59402 21545 40197 13264 69280 21084 20030 27207 78000 23422 32128 12255 10031 27909 46904 72610 61733 85349 27892 29457 17022 21798 38841 20064 7121 24553 22837 38890 55191 76857 23518 51816 18972 18761 27278 40632 21336 53354 36183 22938 17530 60385 65832 19561 10090 67467 53452 10628 41794 24812 11756 30040 46616 28256 20425 52765 67380 19564 0 22256 61841 13967 82469 64676 31703 16723 43010 40830 25611 41670 30038 43994 29585 89575 57328 65787 5996 30183 42610 47817 33789 3809 54462 36375 22911 49379 20368 18529 68048 24826 20523 35144 68479 19108 78530 21765 26395 40723 20410 29883 57067 8039 71450 68769 67508
61384 17942 34942 34041 5814 39560 53453 65675 41837 26216 75978 61613 56945 68308 39450 37529 14893 68346 40080 39428 57386 64190 61916 16790 43006 64921 35847 70586 30171 66469 39074 58863 29367 70095 11918 68585 30662 37531 71780 24848 69258 51981 10980 30740 47184 44594 48022 18946 56590 24116 63656 39295 54512 46867 83625 16436 57250 57025 60686 32502 10838 19670 59656 68373 71411 7734 76336 8623 79552 45928 44145 12673 74953 20137 34758 59644 48256 18737 8433 10869 83004 52994 22450 21804 29078 56168 29397 11828 58553 48525 24921 34222 54525 14018 50196 12990 39898 67139 26336 39080 61334 28338 17949 9005 63972 42728 40518 44263 74411 5119 10927 10477 14129 21042 24760 56412 58936 82592 45960 50115 34525 29812 17419 41570 27698 13279 5919 41801 46681 73973 8553 33828 13182 39467 9422 28053 28697 42511 31273 10705 39491 51393 60726 17111 20329 62949 43487 29470 36959 7969 24886 29144 30846 15286 41251 32202 63075 28228 22256 0 39900 14213 82881 62146 16103 28202 53481 21381 3365 20869 7888 32425 25315 80173 62681 57570 16674 45080 27660 40062 49568 18719 44513 32599 6065 37559 28200 14507 52805 47080 18160 14566 50259 37872 69717 39014 13645 37914 10953 33650 46017 26096 60404 59199 56347
67760 41994 34821 29819 41676 73058 63403 80260 54746 33458 92134 58448 72705 72655 63607 55153 43423 86431 46076 66614 62083 63716 70604 39718 56546 82681 65477 77335 41698 79518 33283 72906 58428 75751 38436 82637 37841 71818 56531 53474 81676 65556 30878 58641 62412 58315 70120 22724 60884 57868 68280 39095 73326 63502 94196 55995 58378 71744 62372 32441 35457 32476 68441 86744 80829 45831 76997 40062 77468 66707 77633 34136 72801 47442 39160 63436 36528 38134 35353 45551 92786 58910 57906 56404 47334 68657 59626 28523 73021 58318 15428 39667 79702 31060 71630 43576 78723 80593 31427 60555 87253 59200 22416 48673 79826 81193 78069 83183 90962 40684 29769 49610 52507 44378 15308 51981 79496 99206 85171 89948 73980 60940 27694 79938 66328 45913 39297 72514 62308 91642 42825 36165 49939 77256 35433 35879 59822 55868 58082 40968 79288 64588 77603 48530 59773 80218 57953 69291 61409 41067 64176 52554 28897 44232 79031 13161 80633 65627 61841 39900 0 53087 103969 82403 40776 66617 88208 23695 36564 21031 32779 49802 55671 85771 92014 70241 56519 77556 42350 59434 87718 58494 58580 60007 39251 51581 59893 51356 52321 86467 53770 31930 41826 77485 78408 78217 44476 64281 47187 67079 57502 65939 67023 69010 63930
58967 18828 47824 47563 11452 26763 50478 59541 39438 39099 68568 62798 51067 66051 31748 33749 14806 60590 41153 30039 56073 64126 58519 19477 51514 57523 25546 67220 31758 60905 44846 53537 20704 67189 23806 62460 34084 35135 76211 29948 63746 47627 25174 22536 42752 41290 40190 30812 55532 13131 61705 51722 47520 41822 77992 10516 57337 51591 60168 38197 24036 32868 56447 60499 66940 7256 74867 20024 78881 39010 31132 26029 74615 16830 37949 58429 61637 22229 22075 17977 77701 51753 10312 10705 38270 51786 19889 25898 53075 46321 38652 37145 44644 23404 42440 13005 31331 61360 32561 32915 50723 30814 30679 9304 57439 34593 33966 30249 66927 12413 25100 11000 13423 30372 37779 58648 50780 74697 32114 37194 20911 31707 27281 33686 21047 10747 18298 30242 42139 66069 10939 38150 5038 32676 22857 40487 30873 39766 23665 21361 28319 47284 54020 23228 6865 55900 40034 16820 29541 12584 11097 36065 44431 14424 34302 46311 55895 14181 13967 14213 53087 0 73280 53886 18097 13994 39786 35574 17141 35008 20327 30179 16880 76613 50644 52959 8571 43316 28668 34824 35376 10420 41061 24281 18438 35597 30041 4602 54086 36917 7425 23138 54725 24482 65655 25152 12654 29219 6953 21332 43484 13734 57991 55616 53998
42542 67358 117067 115076 77112 48920 42450 25752 49253 108595 15601 58086 31599 42949 43636 49317 68808 17939 58477 43587 47523 52853 38360 69516 124684 21567 47762 37582 62519 27828 72470 32184 53593 39863 94757 24548 66158 103542 76861 103173 27193 38905 91649 52145 41578 45707 35358 85787 48608 60205 44356 121766 30704 40481 26526 82525 53099 32869 50614 71642 93551 101988 39655 17513 31997 75995 48233 91213 53505 38204 46238 95193 53753 63297 64960 47709 129018 69548 90975 90809 28368 48503 62988 62670 111129 36673 53836 90057 31853 46711 96948 64377 28644 78764 33388 70293 90738 26639 72872 45064 23099 103344 88103 82367 25132 93641 96567 65419 15726 77962 90248 84251 86533 103046 93058 61803 24812 11951 67624 76394 70102 103920 80180 93666 88221 69612 88703 43623 41663 13816 74389 67964 70935 95265 92063 110710 103273 48125 51639 93073 82083 39912 26649 96458 72909 24059 46020 74649 46155 75343 70768 109340 111901 68200 96023 105768 23568 62912 82469 82881 103969 73280 0 21721 69277 65963 45686 100230 83731 97288 82963 55012 57683 37806 27847 35247 80112 111164 62496 45310 60467 80836 45420 50285 88855 52441 102353 70048 57743 89208 66275 77425 69694 71439 34164 67722 69494 44970 72372 52725 46865 75357 42700 38336 43756
26387 45951 95810 93645 56335 32986 23106 11422 27865 87451 15050 41596 11537 29931 22711 27596 47691 6991 37439 23898 29922 37464 22340 48047 104636 5390 28676 26304 40840 14378 51561 13548 33391 28045 74064 13117 44562 86496 61313 83765 16164 18459 70412 31731 20240 24401 14125 64087 30769 40800 29166 100594 9088 18932 27098 63790 35504 13275 34135 50216 72631 80870 22597 6756 21994 55660 38151 70642 43814 16610 32002 74190 42188 42204 43595 30903 107497 47946 70024 70764 27655 29544 43864 43189 90875 17549 34007 68664 12917 26372 75241 42958 11608 57177 11981 49314 75699 13764 51197 23549 12783 84587 66433 62606 8862 78875 81008 53040 13382 57119 68925 64637 67308 82759 71337 43815 3214 20813 55695 65069 55017 85353 58495 78657 71054 48891 68040 26677 20237 12211 53596 46584 50909 79648 71129 89660 84596 26733 30969 72590 67719 19453 7439 76683 54694 6094 24570 58390 25190 54405 53402 89623 90491 47135 80676 84052 5507 45635 64676 62146 82403 53886 21721 0 47896 49049 36315 78719 62723 75686 61643 33295 37446 31991 22165 16557 61446 94460 40775 23612 49865 62493 24068 29885 68189 30823 83722 50194 38982 75882 46578 55832 50273 57198 22762 53813 48569 24715 52023 35036 25963 58386 26124 20946 25603
45282 1973 47927 45799 10948 32282 37375 50230 25759 39660 60992 46268 41517 52217 25772 21788 3431 53653 24485 27292 41354 48437 45849 1422 58830 50081 25185 54501 14588 50815 26752 43210 18028 53993 27418 53106 16181 51235 58365 40780 53565 36133 22575 18627 31422 28609 33926 18513 40591 17381 47578 52754 39661 31311 67882 27024 41501 41431 44805 20124 25383 33136 43580 53751 55456 13286 60335 24569 63706 31317 36864 26717 59173 6805 20182 43633 59781 4162 22759 26705 67177 36955 18117 16344 44901 40285 19006 20783 42954 32422 29263 19459 41887 10242 35956 5108 49394 51550 14702 24359 49210 43757 20028 21284 48714 52626 51689 44650 59482 11193 21033 23531 27361 36987 26437 41515 44694 67800 47051 53692 37032 45092 13110 51681 38559 7420 21796 32110 30960 59286 8858 20115 13159 50445 23883 41975 44037 26463 18485 26704 46176 35494 45599 33040 24470 47955 27543 34296 23273 8431 27764 45247 42627 4069 52125 38117 48148 26425 31703 16103 40776 18097 69277 47896 0 28387 47437 31014 15532 28366 13758 16435 14932 64089 52429 41728 25820 59212 11791 24798 48159 27942 28555 20265 21929 21471 43423 14110 37434 54931 14715 9090 36782 40787 53704 40405 5480 25245 11301 26315 29932 31513 44302 43160 40244
60408 28273 60927 61067 25028 17061 51892 56960 42435 52314 64099 67451 49298 67305 29910 36122 25007 56033 47084 26130 58759 67584 58984 29791 61638 53555 21146 67294 39143 58902 54065 52226 20421 67740 37006 59744 42514 37680 83206 39240 61664 47820 39144 22249 43308 43182 37004 44035 58493 13274 63467 64490 44703 41804 75241 18356 61264 50291 63387 47791 37667 46336 57225 55801 65859 21042 76563 33300 81223 37116 20396 39674 77410 23989 45830 61076 74971 32398 35879 30129 75323 54780 10861 12806 49409 51632 18655 39877 51624 48833 52499 44906 38231 36082 39118 23997 27308 59092 42933 32796 42866 38180 44227 21917 54509 30640 32143 16602 62431 26062 39093 22759 23301 42059 51343 64406 46269 69445 18788 25468 8999 38506 39863 30206 22279 21460 31924 22628 42640 61099 23814 46823 16704 30770 36587 53429 38005 42387 23825 34304 20714 47768 51086 34038 8802 52444 41911 9514 28492 25571 5026 45927 57994 24320 31934 60284 52281 3584 16723 28202 66617 13994 65963 49049 28387 0 27092 49537 31118 48994 34051 34634 18617 76135 40615 52476 16049 45506 36079 35472 21388 15940 42827 23298 32055 39483 37045 15313 59257 29771 13675 35538 62481 12707 65068 12024 23259 26496 19445 14054 45927 9427 59489 56057 55798
58076 46312 87578 87320 48990 15186 51046 47315 46749 78872 49592 70280 42867 63648 30768 41388 44853 42510 55350 25653 59056 68120 55006 48536 88526 41702 24145 61350 51507 50088 67007 46043 30428 62665 63553 49367 55829 61292 89162 66104 52259 45589 64355 30799 42987 45335 31654 65714 59349 30574 61298 91344 37368 40872 62921 45419 63515 44560 64007 62207 63789 72648 54150 42026 57844 45777 72734 59781 78219 34309 10781 65769 75627 40862 57638 60942 101421 50366 61717 57072 63720 56388 31293 32400 76495 47846 28926 64367 45293 50684 75771 56680 25228 57297 32626 44974 46517 49716 59362 35202 24853 64471 66745 48620 44606 49100 52675 20160 48081 50065 63865 49696 50392 69131 73581 69685 34926 52824 22097 30708 27174 64553 60517 49330 46991 42887 58068 17676 42416 45968 46926 59800 40446 51475 62560 80176 64210 46058 31875 60997 37562 46104 41880 61129 35842 41872 44407 33048 31586 48564 31967 72850 84169 44041 51934 84257 41416 25712 43010 53481 88208 39786 45686 36315 47437 27092 0 74656 55870 73356 57643 43768 32624 68135 17839 47870 43136 68178 49233 38043 14781 42893 44856 30013 58210 46155 63232 39053 64113 43864 35678 56330 71741 27354 58125 23571 44039 27953 43006 21130 48342 34997 57413 52541 54927
71662 32900 18199 15068 25711 60332 65018 79931 54014 12070 91204 67184 71395 77927 56785 51678 31996 84190 48492 58032 66628 71256 73322 30715 35979 80530 55264 81436 40123 80067 40860 72618 48258 80410 15459 82700 38167 48255 71633 29779 82668 65186 10402 49214 60887 57395 64874 16464 65586 44584 73200 23317 70213 61212 96613 35211 64711 71008 68634 36115 13033 8908 71000 84337 83531 28945 84484 17973 86468 62110 64980 11284 81670 37381 41484 68573 28789 30832 13993 23222 95625 62558 43399 42471 24576 69084 48772 10523 72488 59689 9712 41442 72844 21617 66854 30984 56458 80942 31273 55189 80086 35520 13539 28574 78728 58650 55141 65338 89766 24645 10818 28809 30904 20716 13664 60990 75538 98154 66858 70094 55343 37258 21126 57358 44210 32490 18207 61782 60541 89785 27977 39181 34210 54437 13585 14875 36147 54969 49300 18291 58289 64386 75818 25167 41381 78287 56569 49786 54285 26491 45964 29187 12059 32714 56180 12171 78541 49599 40830 21381 23695 35574 100230 78719 31014 49537 74656 0 18787 4253 17688 45933 44516 90800 82602 70637 36339 53863 38973 55254 70854 37998 57477 50968 18108 49893 36243 35611 59127 64609 39020 22973 52208 58467 81442 59980 31900 56116 31670 54292 57828 46408 70749 71007 66938
60525 17477 33508 32179 7043 41645 52794 65678 41198 24904 76252 59953 56952 67365 40130 37298 15048 68750 38672 40537 56307 62781 61281 15951 43325 65253 37251 69887 28867 66325 36666 58717 30514 69290 11903 68568 28915 40282 69417 26517 69084 51665 8548 31739 46945 44124 48613 15657 55461 25979 62674 38075 54819 46779 83411 19783 55859 56921 59402 30205 9942 18289 58996 68809 70970 10205 75171 9375 78196 46314 46275 11472 73545 20519 32971 58525 46413 17504 7318 12976 82709 51940 24634 23784 29412 55817 30746 8760 58446 47742 21671 32506 55601 11437 50743 13440 43201 67044 24055 39390 62576 30467 14587 12351 64087 45999 43687 47339 74712 6023 8044 13725 17262 21600 21400 54567 59509 82967 49099 53415 37708 32015 14549 44829 30956 14330 6664 43474 46475 74387 9568 31807 15424 42660 8435 26979 30875 41941 32114 11520 42856 51025 60909 18899 23479 63204 43069 32761 37616 8404 28005 30202 28962 15588 44447 29170 63363 30919 25611 3365 36564 17141 83731 62723 15532 31118 55870 18787 0 17879 4735 31960 26554 79470 64370 57260 20038 47668 26579 40129 52506 22085 44078 33574 6770 36899 30452 16824 51193 50432 20266 12194 48006 41100 69187 42143 14241 38870 12915 35646 45345 29394 59551 58630 55515
67796 30179 22219 18719 24430 58754 61312 76494 50460 16318 87879 63022 68027 73983 54059 48420 29718 80995 44602 55612 62694 67158 69559 27916 40185 77308 53118 77589 36492 76538 36647 69143 46025 76517 17406 79233 34325 50844 67393 32808 79104 61678 10392 46852 57476 53891 61976 12520 61636 42970 69265 27344 67058 57893 92955 35906 60656 67573 64597 32016 14479 12607 67241 81163 79808 28047 80419 19222 82331 59098 63420 13105 77531 34949 37531 64606 31926 27743 14688 24680 91925 58669 42071 40985 28502 65516 46681 9124 69039 55973 5996 37528 70244 18525 63902 28943 57992 77437 27346 52226 77576 38408 9679 28886 75373 60352 57099 65131 86467 23353 9945 29450 31976 24017 9497 56804 72525 94865 66805 70583 55339 40150 17527 59081 45631 30690 18836 59796 57156 86565 26434 35155 33068 56316 14601 19125 39013 51441 46822 19981 59200 60855 72529 27514 41184 75028 53108 50057 51582 24824 45750 32792 15887 30475 58083 11337 75302 48751 41670 20869 21031 35008 97288 75686 28366 48994 73356 4253 17879 0 15761 42656 42429 86908 80492 67080 36776 56809 35526 52125 70381 38586 53993 48556 18766 46402 39026 34499 55026 65940 37691 19863 47969 58610 77683 59869 29880 53605 30413 52675 54198 46666 66893 67297 63122
57599 15719 34171 32162 9031 42993 50144 63809 38652 25931 74704 56147 55126 64319 39364 35320 14343 67406 35226 40384 53141 59230 58622 13766 46162 63823 37580 67120 25644 64261 32239 56682 30572 66401 15102 66661 25174 44984 64979 30696 66972 49451 8848 31554 44862 41766 47637 11100 52241 27210 59596 38999 53410 44896 81205 24257 52348 54951 55996 25895 12415 19457 56314 67507 68515 13080 71855 13349 74668 45073 47659 13390 69971 19789 29150 55305 46257 14679 9949 17531 80405 48821 26397 25249 32403 53534 31095 7192 56465 44969 18483 28765 55273 7103 49690 13304 47769 65041 19803 38115 62458 34914 10426 16846 62372 50613 48382 50525 73205 7989 7287 18363 21965 24946 17479 50591 58438 81537 52438 57234 41203 36498 9883 49457 35586 14937 10863 44145 44439 73036 10733 27751 17610 47342 11014 28302 35347 39476 31695 15409 47087 48748 59298 23224 26995 61678 40787 36599 36849 9080 31404 33873 28968 15043 49127 26652 61881 33426 30038 7888 32779 20327 82963 61643 13758 34051 57643 17688 4735 15761 0 29749 26838 76675 64931 55024 24314 52313 23671 38515 55360 26420 41766 33325 10937 34370 34965 19051 47462 54856 22035 8092 43677 44708 66629 45477 14226 38515 14882 36913 42724 33279 56637 56062 52641
29264 14518 63578 60985 26935 29609 21087 34116 9530 55599 45272 33071 25494 36307 14367 5766 17740 38350 12637 18572 25942 33982 29515 16073 75264 34654 19752 38216 8405 34512 23290 26937 15130 37837 43852 36944 12752 65233 48736 56757 37228 19732 38575 13868 15117 12179 20335 30817 25364 21381 31797 68532 24469 15283 51498 40516 27267 25225 29992 19179 41756 49193 27275 38532 39024 28116 44854 40969 48723 17008 33217 43007 44435 13522 13903 28291 74575 15211 39141 42736 50759 21593 24178 22357 61334 23862 17059 36348 26733 16397 41952 12957 29976 24329 21942 19848 60256 35297 18381 10803 37518 59239 33237 36238 32810 63627 63727 48176 43835 27377 36839 38520 42105 53400 38055 29772 30213 52227 50969 59287 43533 60443 25272 62896 51115 20761 38201 26156 14707 43910 24430 16272 25432 62391 40264 58031 59450 10111 12423 43093 55054 19070 29888 49070 34733 32373 11110 43087 12637 24522 36332 61526 57901 17553 63914 50756 32646 31442 43994 32425 49802 30179 55012 33295 16435 34634 43768 45933 31960 42656 29749 0 16018 47794 43041 25321 38738 73389 7532 9746 49497 40584 12120 14044 38335 5437 58754 25579 24667 64146 23607 22973 28828 47106 37295 45425 19486 16132 24994 25311 13713 41185 28279 26776 24221
42957 13698 60050 58651 19653 17438 34389 42663 24123 51397 51894 48912 34194 50001 14950 17937 12775 43990 28523 14128 40710 49316 42117 15954 67221 40810 10754 50740 21219 44035 36731 36705 4094 50866 37116 45584 25056 51507 64668 46421 46875 31057 34912 5737 26244 25329 23504 33415 40339 5401 45867 64540 30690 25140 61112 27286 42841 34754 45174 30980 36110 44793 40143 43939 50186 18322 59064 33537 63432 22142 21969 37857 59415 8243 27918 43058 72859 17750 33598 33327 60829 36577 8438 6860 53526 35155 4258 33996 36228 30770 43963 26960 29220 25056 25748 13534 44737 44482 27208 16108 36048 47657 34761 25200 40582 48118 48653 32773 50268 20586 33858 27285 30192 45420 41337 45790 34281 58189 35478 43464 27524 48581 28039 47473 36608 12225 31063 17383 25605 49539 17000 29345 13467 47291 34651 53339 47732 24206 6786 35390 39122 30800 37173 39246 19704 39108 24047 27254 12676 18217 20596 52184 55433 11992 48718 52723 39127 15453 29585 25315 55671 16880 57683 37446 14932 18617 32624 44516 26554 42429 26838 16018 0 60017 38095 36259 25130 59690 18334 18232 35013 26618 25032 7564 31215 20929 46910 12826 40649 48216 9459 23979 44232 31122 48994 29603 12615 12786 14691 11635 27861 25622 42000 39186 38124
19163 62231 108990 105605 74729 62328 26721 20825 38336 101750 22964 28496 26974 13155 46266 43130 65526 26846 42311 50166 24270 22674 18286 63534 122751 26637 55069 9588 51143 18134 52662 23938 56719 10391 91359 18881 52639 111524 43068 104519 15879 28990 85235 54783 33861 35721 39534 74391 25380 64872 17741 114095 32066 34879 12509 87126 27393 25855 23404 55369 89019 95696 20520 27455 10483 75724 11846 88652 16220 39021 62502 90063 17891 60948 49401 22544 117981 62072 86453 90523 10429 28243 68137 66813 108871 24862 58128 82538 24570 31735 84277 49380 42952 70287 37652 67617 103443 18424 59562 43970 44530 106769 77277 83733 23538 106772 108052 83449 23637 75157 83299 85993 89401 101045 79664 34520 33218 26225 86237 95646 83560 107885 69814 106333 96536 68328 85877 55874 34475 26183 72211 51930 72360 106676 87562 104371 106939 37684 53397 90790 96330 29338 26452 96852 79582 26263 36904 85628 47929 72307 79620 109305 102786 65305 107953 92009 26728 72552 89575 80173 85771 76613 37806 31991 64089 76135 68135 90800 79470 86908 76675 47794 60017 0 53768 23802 85067 119706 53013 41816 81091 86625 35864 53335 86007 42618 106196 72177 33450 105033 69332 69011 44632 86309 11080 83303 67204 49638 72408 62477 34158 84793 20099 21098 24043
47600 50815 97619 96548 57341 24047 42369 33567 42220 88881 33126 61897 31830 51891 28701 38692 50776 27025 52018 25420 50109 58501 43841 53160 101737 27292 27374 48466 51444 36535 65503 34639 34483 50172 73967 34986 55786 77326 81582 79518 38166 36893 72852 33810 36119 39645 24539 70774 50722 38579 50613 101875 26879 34079 46810 58480 55345 33696 54779 62177 73490 82351 43641 26448 44073 55096 60301 70215 65957 28118 20221 75353 64169 45666 56355 51534 110782 54205 71110 68619 47878 48579 40612 40947 88837 37733 33837 72079 33909 43829 81687 55495 14545 62664 24235 51628 63538 35873 61030 32427 9384 78784 72453 59943 31026 66307 69539 37710 31763 58347 71900 61484 63047 81009 78643 62885 22071 35493 39831 48548 43269 79120 65160 66425 62355 50165 68051 20898 35744 29424 54829 59047 49650 68278 72099 90594 78618 41239 34114 71788 54718 37694 29148 73580 48599 28247 39143 48423 30711 56190 45625 86060 93332 50017 68902 90546 27670 38101 57328 62681 92014 50644 27847 22165 52429 40615 17839 82602 64370 80492 64931 43041 38095 53768 0 37217 56066 84627 50058 34453 32620 56358 39181 32243 68201 43307 77660 48464 57538 61509 44657 61466 67357 44183 44925 40406 50706 27734 51728 29340 42252 49671 47163 41949 45714
10433 39788 88564 85694 51934 39583 7212 10046 16625 80769 21930 25083 5387 15870 22565 20044 42707 17350 24164 26790 13366 21294 7157 41394 100523 13940 31563 14832 30605 9485 37686 3135 32918 15489 69136 12426 33326 87759 44831 81418 12030 5596 63819 30982 10413 13288 16775 54744 14221 41071 13561 93577 10635 11138 26183 63457 18954 3521 17704 37876 67077 74430 6449 17831 14010 52524 25148 66167 30473 15511 40505 68321 27762 37790 31193 14451 98902 40383 64461 67561 25451 13358 44337 43030 86587 1594 34333 61457 3662 11932 65485 30805 23413 49254 15358 44716 79764 10459 40425 20178 28145 83370 57437 60394 10117 83109 84287 60914 20850 52470 62029 62628 65924 78603 61150 27358 15390 28983 63763 73093 60154 84426 49562 82638 72737 45160 63411 33292 10959 21866 49313 34147 48851 82911 65584 83250 83510 15675 29604 68271 72858 6281 9288 73841 55783 11561 14237 61940 24141 49609 55852 86513 82688 42390 84208 73921 12156 48893 65787 57570 70241 52959 35247 16557 41728 52476 47870 70637 57260 67080 55024 25321 36259 23802 37217 0 61358 95937 31703 18142 59369 62876 13262 29539 63549 20778 82740 48586 22763 81679 45625 47915 34510 63064 12743 60244 44208 26021 49096 39043 13002 61024 9949 4768 9060
67524 26824 45533 46173 16842 32052 59023 67652 48010 37122 76300 71238 59280 74606 39772 42298 22748 68264 49522 37557 64642 72663 67022 27120 45738 65329 32803 75708 39967 69123 52314 61832 28756 75712 22140 70558 41992 26572 84182 23452 71960 56077 26397 30647 51217 49838 48045 35395 64096 20780 70272 48816 55519 50224 86131 2426 65854 59879 68721 45609 23539 31600 64967 68135 75309 12967 83437 18720 87449 47114 35952 25495 83172 25332 45955 66998 59735 29816 22356 14591 85905 60319 17613 18535 33360 60217 27713 28128 61347 54892 41368 45193 51636 29112 50288 20747 23983 69535 39720 41235 57218 23250 34599 7902 65474 27079 25870 29642 74646 17468 27007 7610 7263 26092 41431 66951 58407 82237 30832 33816 19375 23925 32914 26052 12748 18795 18134 36556 50596 73656 17533 45916 13389 24635 22778 37959 23210 48334 31880 19239 22818 55760 62036 17994 7477 63816 48579 13485 37673 18816 11227 30031 43234 22491 26330 48023 63775 18006 5996 16674 56519 8571 80112 61446 25820 16049 43136 36339 20038 36776 24314 38738 25130 85067 56066 61358 0 34757 36918 43253 35778 2191 49604 32313 18232 44161 22313 13162 62491 30598 15736 29170 62601 22235 74079 24154 20589 37009 14568 27433 52052 10144 66548 64111 62560
102280 60572 50273 54025 48609 62344 93778 101703 82734 46050 109501 105410 93559 109363 73903 77054 56582 101423 83600 70991 99328 107174 101740 60329 34281 98794 66024 110404 73779 103369 84146 96240 63079 110448 39923 104567 75123 8190 116812 24084 106190 90737 48510 65006 85899 84595 81804 62219 98748 54935 105019 50107 89445 84828 120156 32877 100305 94282 103306 77543 43208 45189 99704 101216 109815 45965 118172 39674 122107 81291 64968 44032 117768 59892 79212 101679 62406 62794 44331 34816 120068 94981 51669 52909 32770 94845 61811 51744 95719 89626 62767 78560 83736 59043 84004 54447 22224 103698 71384 75762 88106 18402 60157 37943 99389 20590 15939 48574 107833 48724 50331 35727 31862 33280 65154 100718 91600 114946 47510 42572 41360 16661 62194 19851 23442 52922 41675 68130 85270 106567 50366 78631 47958 16952 43782 44598 17805 83079 66342 38041 31105 90451 95941 29827 40258 97512 83334 36520 71977 51074 41060 26387 52636 56493 16966 65378 97402 48843 30183 45080 77556 43316 111164 94460 59212 45506 68178 53863 47668 56809 52313 73389 59690 119706 84627 95937 34757 0 70866 77905 55207 33098 84358 66558 41634 78824 17868 47880 96591 28433 50430 59645 95231 40827 108678 44607 54514 70853 48602 59432 86797 36101 101304 98820 97313
33978 10296 56861 54040 22729 34437 26492 40975 15119 49133 52377 34547 32511 40788 21396 13180 14299 45661 12737 24998 29752 36650 34960 10897 69755 41939 25130 43451 3127 41104 18405 33646 19086 42766 38412 43731 6756 62832 47704 52470 43728 26219 32321 18455 21951 18432 27846 23456 28936 23090 36096 61880 31879 22436 57797 38356 29711 32052 33052 12987 36009 42881 32648 45869 44929 24905 48679 35888 51943 24539 38484 37061 47391 12321 9752 31994 67441 9084 33452 38408 56908 25373 25220 23277 55905 30165 20849 29811 33524 21298 34534 8834 37357 17565 29473 16421 59824 41970 11002 18207 44907 55544 25980 33003 39859 63137 62631 51067 50985 22916 30453 35266 39064 48175 30563 30034 37714 59387 53737 61431 45071 56883 18021 62280 49631 18131 33123 31988 21637 51177 20612 11014 23641 61344 34556 51661 55827 16029 17369 38039 55623 25434 37074 44724 34293 39607 17598 43548 19359 20207 36761 56702 51009 14457 62968 43296 39912 33314 42610 27660 42350 28668 62496 40775 11791 36079 49233 38973 26579 35526 23671 7532 18334 53013 50058 31703 36918 70866 0 17276 53275 38953 18505 19263 33245 10929 55214 24204 25726 64617 23335 16234 26505 48784 42992 47646 16408 22566 22418 29347 19102 41177 33009 32435 28992
24966 22825 72626 70251 34312 25708 16425 25613 8711 64443 36195 33341 16885 31933 7332 4351 25193 28950 17803 12588 23483 32528 23896 24767 83056 25326 16010 32508 17768 26513 31050 18957 15214 32658 51851 28526 21880 69719 51394 63438 29334 12832 47356 13305 8017 7985 10723 40477 23355 23260 27999 77503 14960 7019 43710 45329 26728 17062 28281 28071 50062 57932 21963 29085 32143 34560 41127 48685 45754 7280 28281 51474 42005 19983 21967 25750 83994 24425 47434 49703 43225 19798 26496 25069 69137 16966 16852 45382 18583 13752 51638 21139 20701 33654 12213 27080 62492 27125 28014 2992 28168 65258 42824 42325 23958 65865 66702 46345 34690 34944 45747 44543 47797 61074 47788 31861 20500 43026 49222 58189 43765 66298 34883 65303 54830 27263 45968 20634 7374 34564 31623 24750 30725 65332 48556 66772 65389 8090 11797 50746 56158 12573 20803 55930 37899 23163 6806 44736 7380 32109 38358 68708 67126 24776 66704 60467 23370 31945 47817 40062 59434 34824 45310 23612 24798 35472 38043 55254 40129 52125 38515 9746 18232 41816 34453 18142 43253 77905 17276 0 46314 44814 7566 12181 46112 8857 64612 30444 26301 65165 27517 32302 33892 47006 30832 44646 26483 10629 31069 23207 10974 43498 24035 20961 20331
69082 47587 81310 81859 46329 20609 61314 60351 54785 72881 63797 79620 54798 75224 39124 48725 44996 56404 61986 33913 69131 78304 66499 49479 78971 55182 30452 73609 56040 62958 71674 58004 34495 74679 57745 62645 60025 48963 97490 56862 65339 56168 60479 35630 52728 54204 42608 65025 69219 30956 72320 84498 49365 50740 76851 37692 72944 56323 74077 65991 58717 67185 65314 55965 70647 42412 84516 54148 89807 44492 18865 60721 86769 42513 62654 71224 95512 51830 57073 50368 77506 65886 30104 31819 68139 59064 32611 61266 57277 59899 73834 61684 38350 56849 44067 44409 33074 62734 61964 43322 39226 54218 65411 42749 57644 35321 39359 6860 62238 47378 60474 43197 42804 61511 72511 78006 48053 67384 7778 15927 16769 53991 60507 35722 36032 41957 53019 26299 52090 60239 44921 64283 37828 38269 57720 73731 53851 54334 37091 54914 24111 56495 54639 53191 29567 55018 53091 23161 39051 46677 25019 63640 78860 44227 38476 81673 54629 22095 33789 49568 87718 35376 60467 49865 48159 21388 14781 70854 52506 70381 55360 49497 35013 81091 32620 59369 35778 55207 53275 46314 0 34853 53753 35608 53143 53137 52880 36398 72494 29421 34021 56160 78321 15260 70624 12054 43568 35688 40584 24193 57238 26030 68312 63812 65325
69231 28908 46529 47372 19031 32438 60709 68968 49790 38239 77408 73201 60666 76311 41083 44001 24834 69353 51518 38648 66448 74543 68642 29253 45701 66485 33817 77306 42015 70503 54477 63270 30123 77355 23486 71863 44104 24910 86293 23300 73337 57646 28194 32034 52803 51536 49252 37511 65922 22048 72013 49645 56786 51754 87450 2896 67757 61314 70576 47774 25092 32915 66611 69207 76794 15153 85192 20206 89262 48452 36167 27015 85016 27247 48051 68805 60773 31958 24056 15730 87266 62142 18821 19901 33700 61764 28984 30043 62770 56658 43286 47281 52473 31293 51487 22856 21792 70888 41898 42717 57859 22553 36664 9821 66748 24892 23752 28541 75749 19651 28890 9190 7959 26710 43454 68976 59488 83250 29566 32097 18234 23083 35091 23871 10678 20853 19834 37220 52175 74700 19711 48049 15353 22503 24414 38939 22453 50086 33320 20544 20798 57354 63304 18454 7928 65028 50270 12096 39047 21005 10952 29995 44488 24554 24186 49784 64969 18267 3809 18719 58494 10420 80836 62493 27942 15940 42893 37998 22085 38586 26420 40584 26618 86625 56358 62876 2191 33098 38953 44814 34853 0 51290 33654 19923 45994 21524 15020 64472 28454 17335 31359 64724 20866 75611 23041 22671 38218 16664 28112 53804 8888 68259 65722 64288
17955 26635 75342 72543 38962 33149 9420 22518 3835 67512 34098 25868 14274 25026 14631 7322 29732 27882 13497 19873 15966 24969 17595 28170 87384 24127 23556 26332 17674 22606 27609 15151 22433 26157 55972 25240 20888 76170 44312 68673 25256 7722 50558 20579 3845 483 14656 41766 15799 30273 20834 80343 15018 5350 39439 51561 19205 13616 20725 26223 53857 61168 15438 28177 26907 39860 34032 53076 38459 11167 35480 55078 34583 25086 19555 18262 85879 27121 51246 54707 38659 12234 33445 31883 73453 11768 24172 48204 15058 6189 52669 18957 24736 36023 15106 31797 69661 23465 27832 10522 31685 70924 44392 47884 21580 73040 73684 53903 32778 39443 48768 50149 53603 65511 48459 24832 21398 41160 56781 65756 51237 72062 36466 72437 61541 32464 50310 27798 3849 33210 36399 22555 36625 72321 52368 69989 71103 2713 19012 55195 63538 6982 19080 61025 44712 21685 1041 51983 14944 36582 45490 73572 69514 29478 73739 61258 22076 39334 54462 44513 58580 41061 45420 24068 28555 42827 44856 57477 44078 53993 41766 12120 25032 35864 39181 13262 49604 84358 18505 7566 53753 51290 0 19622 50446 7591 70372 36540 19263 72574 33966 34679 28179 54517 25218 52199 31358 18090 36561 30772 3509 50587 16990 14771 13092
37112 18592 67059 65423 26844 15568 28595 35339 19708 58478 44351 44914 27020 44031 7472 13409 18982 36432 26387 7065 35588 44544 35804 20934 74766 33278 5873 44256 21497 36852 37061 29687 3577 44578 44474 38246 25817 58406 62030 53968 39684 24632 41736 1863 20030 20000 15955 38531 35393 11628 40170 71648 23245 18612 53818 34547 38476 27728 40313 32208 43308 51864 33981 36377 43290 25820 53271 40950 57934 14803 19319 44993 54172 13610 27735 37880 79569 21991 40753 40881 53613 31745 14889 13778 61043 28571 4794 40516 29162 25727 49475 26768 22032 30464 18202 20211 50407 37235 29732 9521 29134 55095 40249 32758 33181 53772 54775 34811 42721 27717 40520 34828 37666 52932 46403 42655 26717 50625 37662 46397 31615 55976 32920 53243 43252 19343 38421 12777 19364 41976 24132 29804 21031 53401 41829 60510 55152 19477 1942 42842 43977 24524 29753 46810 26313 31620 18748 32612 5423 25171 26351 59748 62213 18288 54726 58355 31621 19765 36375 32599 60007 24281 50285 29885 20265 23298 30013 50968 33574 48556 33325 14044 7564 53335 32243 29539 32313 66558 19263 12181 35608 33654 19622 0 38572 17575 54315 20365 37231 52986 16871 29246 42771 34910 42261 32698 19361 5315 22181 11582 22853 31518 36191 32867 32512
67131 23819 29532 29126 11874 44758 59299 71722 47685 20778 82043 66720 62991 74008 45486 43519 20926 74406 45428 45343 62994 69542 67777 22489 36985 70986 41627 76420 35598 72491 43175 64883 35289 75875 5903 74630 35681 34562 75915 19804 75275 57956 8422 36711 53178 50514 54068 20673 62163 29643 69330 33674 60577 52894 89635 17182 62616 63053 66143 36805 5617 14439 65505 74432 77353 13128 81887 2647 84951 51992 49268 7621 80306 26201 39733 65225 43214 24198 4133 6884 88993 58618 27683 27255 23049 62134 35231 10893 64581 54308 23841 39273 60433 17989 56247 19050 39478 73171 30684 45145 67157 24000 18870 10507 70031 42005 39148 47414 80476 11173 9551 10737 13270 15065 24830 61311 64981 88654 48838 52011 37320 25604 20744 40767 27080 19302 152 47382 52683 80033 14610 38523 18552 38243 4595 22393 24447 48390 37285 4795 40439 57352 66789 12288 23576 69014 49425 31684 43000 14003 28134 23468 26002 21339 40032 29877 69141 32607 22911 6065 39251 18438 88855 68189 21929 32055 58210 18108 6770 18766 10937 38335 31215 86007 68201 63549 18232 41634 33245 46112 53143 19923 50446 38572 0 43394 24097 19753 57963 47259 23545 18853 54598 40383 75625 42005 19710 43885 16632 38979 51854 28310 66154 65087 62107
23915 19618 67787 64958 32174 32789 15905 30102 4299 60013 41621 27984 21755 30932 15542 4810 23039 35179 9200 20507 20505 28624 24387 20948 80220 31428 22797 33030 10178 30177 22202 22741 19409 32558 48801 32831 13740 70667 44463 62046 32801 15293 43116 17863 11171 7504 19273 34193 19936 26330 26390 72800 21754 11971 46903 45950 21985 21189 24596 19587 46572 53711 22111 35434 34148 33502 39423 46037 43291 15659 35952 47729 39023 18958 13232 22855 78292 19692 43978 47998 46052 16160 29258 27492 66311 19247 21326 40694 22642 11026 45136 12457 29425 28478 20423 25169 65475 31050 20471 11210 36808 64618 36805 41639 29094 68851 69052 52321 40272 32563 41293 43922 47526 58443 40977 25161 27926 48667 55155 63715 48282 65837 28876 68145 56500 26169 43263 28505 10937 40602 29724 16108 30867 67711 45095 62515 64837 5118 16293 48174 60051 14506 26454 54339 40024 29032 6723 48159 14586 29724 41447 66699 61934 22895 69217 53773 29382 36181 49379 37559 51581 35597 52441 30823 21471 39483 46155 49893 36899 46402 34370 5437 20929 42618 43307 20778 44161 78824 10929 8857 53137 45994 7591 17575 43394 0 64149 30999 19843 69145 28937 27139 25602 51783 32302 49899 24847 18213 30417 29148 8460 46372 22930 21737 18867
88008 45002 35413 38376 32504 53882 79697 89573 68272 29642 98522 89597 81065 95060 61785 63075 41222 90507 67882 59824 84526 91854 87962 44385 26268 87509 55107 96698 57953 90891 67117 83468 50738 96490 22056 92494 58794 12193 99867 6901 93732 77305 30662 52577 72412 70546 70187 44499 83834 42955 90539 36544 77558 71632 108011 19940 84921 81532 88173 60626 25345 27782 85806 90392 96749 30648 103516 21975 107075 69049 57439 26171 102577 45321 62898 86844 48916 46641 26543 17476 107686 80129 39858 40620 18238 81501 49843 33922 83028 75151 44960 62325 73935 41889 72436 39066 25242 91370 54463 62862 79382 1406 42359 22519 87480 26092 21405 46050 96873 32415 32512 20240 16816 16106 47286 84546 80662 104525 46054 44611 36497 1690 44824 24798 16886 37996 24154 58742 71824 95930 34643 62028 33889 21230 25953 28724 979 68765 53694 20247 31337 76887 84061 12013 29450 85925 69332 30276 59580 35026 32035 12105 36483 41288 22666 48012 85909 39690 20368 28200 59893 30041 102353 83722 43423 37045 63232 36243 30452 39026 34965 58754 46910 106196 77660 82740 22313 17868 55214 64612 52880 21524 70372 54315 24097 64149 0 34211 80764 33817 37465 42613 78416 37635 95351 40924 39320 59176 33818 49630 72437 28270 87023 85106 82970
54421 14603 49256 48534 10083 25074 45951 55408 34858 40501 64714 58220 46863 61505 27775 29221 10709 56794 36610 26531 51481 59524 54039 15524 54645 53634 22335 62753 27312 56684 40798 49258 16816 62686 25504 58334 29812 39705 71841 33602 59524 43208 25304 18559 38323 36760 36319 28729 50934 10003 57140 53424 43503 37458 73819 15026 52737 47321 55567 34212 25143 34048 51948 56732 62585 6774 70293 21760 74286 34929 29643 27063 70014 12244 33605 53836 62736 18272 22885 20762 73477 47157 7959 7559 41108 47384 16263 25419 48817 41746 37524 32779 41421 20794 38565 9178 35648 57174 28777 28651 47816 34910 29014 12412 53372 38946 38485 31915 63086 11158 24845 14463 17424 33059 36118 54128 47048 70972 34054 39976 23374 35892 24605 38078 25627 6702 19603 27702 37718 62325 8531 33949 1441 37184 23809 42142 35010 35200 19563 23398 32069 42839 49974 26508 10368 51930 35509 20203 25479 10289 13796 39445 45346 10217 38788 45628 51952 14381 18529 14507 51356 4602 70048 50194 14110 15313 39053 35611 16824 34499 19051 25579 12826 72177 48464 48586 13162 47880 24204 30444 36398 15020 36540 20365 19753 30999 34211 0 49522 40862 3839 20308 50423 27087 61252 27179 8640 25480 4188 19232 38917 17408 53443 51145 49441
16248 36020 77241 73468 48275 51928 15876 32014 17710 70704 43359 8836 27447 20348 33622 23848 40018 40006 12998 38886 10579 12132 19928 36400 93187 36694 42047 25258 22846 30248 19323 25898 39246 23523 62562 33599 22301 88555 25098 77615 31686 20904 55233 37662 21600 18783 33436 42725 9386 46033 16120 82365 31170 23719 42483 64019 6057 25754 10062 23013 59757 65151 18239 40518 29395 50629 25461 60551 27423 30191 54575 60409 22651 37292 18321 11361 85203 34134 57389 63668 40903 9447 48841 47008 79686 21537 41158 52157 26380 13763 51711 18705 43001 40466 33360 42147 84777 31441 28246 29269 49240 81026 45682 58707 32726 88136 87988 72042 42608 48351 53156 60961 64777 72403 47025 5573 37213 50055 74891 83535 68100 82418 38991 87362 75130 43780 57857 46912 22070 44057 46290 20102 49120 86674 58424 73444 81339 18214 36078 62681 79721 20006 31988 69900 59176 34323 19716 67745 33450 45758 60976 81305 70838 40143 88248 58995 34914 55997 68048 52805 52321 54086 57743 38982 37434 59257 64113 59127 51193 55026 47462 24667 40649 33450 57538 22763 62491 96591 25726 26301 72494 64472 19263 37231 57963 19843 80764 49522 0 88813 48019 39376 12157 71618 26864 69733 42110 36892 48092 48800 15803 65772 15736 19433 13987
90025 55453 68546 70817 47300 43034 81555 85100 72194 61609 90635 97129 78059 96845 59235 65889 51559 82790 76358 54920 88520 97354 88394 56332 58938 80877 50119 96500 67743 87323 81658 81120 50191 97095 49200 87730 70582 24693 112270 40087 89981 77285 55677 52007 72904 72935 65511 65954 88263 42816 93122 70183 73086 71303 102857 30651 91007 79231 93158 75055 51642 57831 86729 82447 94614 43215 106151 46762 110907 66175 44022 53326 107151 52299 74253 90832 82442 59087 51266 41396 103193 84551 39975 41829 51952 80952 48408 57954 80471 78600 71088 73385 64363 59625 67458 49883 8632 87361 69477 62420 66959 35191 65014 38082 82506 8212 13334 23802 89000 47999 56698 36908 33991 48025 71667 93840 73498 95049 21785 14635 21527 34142 63459 9336 20405 47515 47204 49491 72233 87285 47580 74773 41774 12973 51352 61339 34593 72157 53588 46322 9095 77300 79187 40501 30502 80168 71667 21118 58044 49055 27921 45922 68439 51078 12060 76743 79903 33240 24826 47080 86467 36917 89208 75882 54931 29771 43864 64609 50432 65940 54856 64146 48216 105033 61509 81679 30598 28433 64617 65165 29421 28454 72574 52986 47259 69145 33817 40862 88813 0 41282 59594 91088 18771 94050 22070 49452 55703 43863 42635 75696 23491 89121 85489 85493
51916 14691 53014 52197 13318 21415 43383 52116 32587 44263 61195 56595 43653 58992 24332 26695 11333 53237 35280 22818 49270 57560 51311 16122 58409 50136 18533 59985 26460 53493 40777 46145 13296 60020 29322 55035 29422 42240 71005 37187 56333 40343 28802 15115 35487 34220 32803 31049 48793 6165 54726 57220 40101 34489 70570 17845 50874 44197 53520 34359 28885 37780 49276 53158 59587 10470 67918 25586 72082 31585 26024 30785 67912 11017 32998 51628 66416 18754 26578 24556 70287 45009 4385 3722 44915 44481 12579 28690 45676 39418 40385 32119 37637 22828 35053 10437 36763 53941 29316 25529 43988 38229 31620 16107 50016 40118 40122 30061 59558 14391 28210 18074 20796 36878 38663 52832 43452 67378 32393 39014 22366 39132 26500 39346 27629 7945 23395 23871 34863 58740 11305 33678 5002 38785 27528 45938 38294 32831 16244 27235 32294 40033 46599 30215 11158 48491 32950 20225 22116 12999 13464 43137 48999 10646 40310 48687 48492 11959 20523 18160 53770 7425 66275 46578 14715 13675 35678 39020 20266 37691 22035 23607 9459 69332 44657 45625 15736 50430 23335 27517 34021 17335 33966 16871 23545 28937 37465 3839 48019 41282 0 22153 49821 26126 58343 25697 9644 21874 7352 15493 36543 17875 50946 48394 46992
49877 10654 40667 38014 12330 41226 42667 57038 31353 32903 68242 48055 48458 56503 34306 28709 11495 61222 27244 36221 45271 51179 51104 8312 54070 57559 34268 59494 17868 57281 24526 49773 27113 58686 23187 59835 17104 52076 57263 38657 59931 42400 16235 27656 37993 34629 42122 9436 44340 25939 51768 45665 47255 38256 74030 29677 44313 48122 47998 18016 20415 26704 48785 61375 61143 16384 63883 21355 66617 39238 45840 21209 61909 15895 21060 47399 51691 7886 18014 25142 73140 40990 26118 24538 40397 46386 28089 13585 49615 37413 20230 20689 50568 1356 44040 11757 53135 58122 11861 32364 57976 42654 11010 22648 55781 56171 54448 52106 66798 11744 14289 24562 28401 33027 17359 42514 52667 75184 54322 60187 43651 44190 4347 55093 41366 14208 18763 41200 37626 66814 12199 19686 18998 53318 19057 35449 43054 32252 27419 23448 51288 41638 52849 31083 29988 55314 33741 39958 31857 10594 33949 41964 34928 12305 55077 29117 55568 34111 35144 14566 31930 23138 77425 55832 9090 35538 56330 22973 12194 19863 8092 22973 23979 69011 61466 47915 29170 59645 16234 32302 56160 31359 34679 29246 18853 27139 42613 20308 39376 59594 22153 0 35815 47339 59172 47476 12623 34094 16391 35204 35317 36840 48926 48632 44971
28366 35898 69839 65657 46739 58247 27385 44033 25378 64189 55484 16641 38834 31824 41022 30353 39942 51853 16448 46088 22732 22102 32084 35486 87599 48428 48273 37052 23393 42362 11598 37624 43919 35163 58378 45710 20643 87471 21632 74372 43840 31845 50267 42695 31351 27713 42834 36505 21542 49322 27954 74906 41936 33323 54370 63740 17788 37257 21486 17801 55285 59288 30362 52340 41442 49889 35219 57021 35718 39308 61541 55557 31007 38819 16839 23352 76360 32819 53193 60953 52715 21191 51650 49714 74667 33169 45838 46953 38042 24038 43754 17704 52879 36612 43198 41871 86046 43550 23955 36605 59624 78469 39392 57503 44589 89318 88471 76878 54701 46542 48147 59635 63529 68013 39097 10220 48216 62207 79636 87678 71480 80000 34131 88404 75334 43985 54517 54105 31669 56084 45305 16713 49697 87227 54117 66990 78867 26261 41232 59055 82115 30870 43570 66871 60672 46003 28269 70044 40188 44350 63263 77171 63308 40301 88903 50053 46573 59576 68479 50259 41826 54725 69694 50273 36782 62481 71741 52208 48006 47969 43677 28828 44232 44632 67357 34510 62601 95231 26505 33892 78321 64724 28179 42771 54598 25602 78416 50423 12157 91088 49821 35815 0 75166 38898 73828 42106 43814 48069 54139 25170 67617 27883 31495 26019
71664 40813 67251 68228 35931 24278 63277 66328 54483 59067 72032 79647 59338 78394 40760 48144 37368 64133 59644 36275 70478 79454 69864 42205 63779 62146 31566 77863 51845 68558 66745 62418 32439 78521 44329 68961 55214 34098 95789 41807 71211 58818 48330 34141 54568 54903 46776 55293 70302 25874 74804 70135 54328 52884 84120 23761 73321 60542 75223 60426 45765 53773 68268 63806 75875 31713 87731 40955 92604 47553 25551 47727 88986 36679 58535 72755 81516 44868 44476 36593 84436 66653 23568 25513 53286 62390 30564 49683 61761 60637 62771 57610 45735 47732 48703 36153 19356 68591 55437 44169 48769 38980 55112 29893 63736 22201 25392 8415 70388 36876 48695 29844 28734 47016 62187 76850 54764 76651 8785 12910 3760 38733 51588 22256 20774 33615 40277 30725 53897 68739 35244 59520 28352 24161 44960 59661 38604 54337 35739 41399 10670 58886 60416 38669 17714 61406 53656 8773 39743 36955 13420 48558 65354 36725 24724 69933 61147 15669 19108 37872 77485 24482 71439 57198 40787 12707 27354 58467 41100 58610 44708 47106 31122 86309 44183 63064 22235 40827 48784 47006 15260 20866 54517 34910 40383 51783 37635 27087 71618 18771 26126 47339 75166 0 75352 3795 35493 37193 30957 24069 57761 12093 70780 66980 67258
10705 51806 99559 96398 64179 51492 16505 11377 28004 92056 18600 24701 16044 8792 35188 32379 54950 19176 33297 39147 16447 19072 8124 53239 112512 17756 44026 3669 41400 8397 45137 12933 45657 5799 81091 10582 43386 100499 42762 93852 7368 18049 75313 43721 22942 25124 28614 65187 17663 53811 11102 104632 21312 23858 15789 76162 21130 14822 17732 46874 78873 85863 10443 19817 2551 64992 15501 78261 21167 27962 51893 80008 20168 50216 40524 15546 109176 51956 76280 79914 14431 19554 57078 55772 98594 13870 47053 72755 13596 21782 75490 40362 32915 60480 26815 57009 92374 9167 50459 32921 35545 95955 68006 72940 13907 95707 96972 72713 18483 64656 73436 75188 78541 90688 70972 29533 23359 24352 75524 84917 72556 97040 60331 95262 85478 57603 75491 45068 23537 20683 61612 43264 61478 95595 77397 94620 96109 27247 42347 80386 85311 18478 16262 86224 68523 16699 26250 74557 36852 61796 68540 98790 93489 54687 96874 83563 17262 61484 78530 69717 78408 65655 34164 22762 53704 65068 58125 81442 69187 77683 66629 37295 48994 11080 44925 12743 74079 108678 42992 30832 70624 75611 25218 42261 75625 32302 95351 61252 26864 94050 58343 59172 38898 75352 0 72400 56554 38572 61620 51455 23905 73713 11392 10569 14687
69075 40247 69570 70326 36542 21049 60772 63157 52387 61248 68576 77594 56361 75719 38156 46060 37030 60720 58040 33484 68122 77168 67128 41805 66948 58825 28927 74997 50652 65449 65829 59475 30490 75727 46280 65748 54206 37811 94161 44809 68069 56163 49713 32091 52039 52601 43788 55782 67998 24561 72244 72630 51261 50288 80807 25918 71173 57623 72924 59653 47496 55742 65599 60379 72844 32399 85070 42785 90031 44754 21994 49482 86515 35787 57365 70371 83811 44396 46040 38710 81170 64398 22628 24555 56107 59631 28576 50838 58804 58360 63767 56423 42295 47971 45654 36005 23133 65444 54910 41753 45125 42248 55801 31506 60540 25934 29187 5501 66939 37535 49925 31709 30996 49577 62911 75046 51450 73087 6964 13867 4807 42081 51783 26020 24150 33465 41890 27524 51371 65245 35580 58525 28526 27956 46599 61980 41899 52175 33684 43391 14361 56279 57254 41240 18687 58161 51373 11143 37310 37324 14138 51588 67387 36339 28510 71207 57882 14342 21765 39014 78217 25152 67722 53813 40405 12024 23571 59980 42143 59869 45477 45425 29603 83303 40406 60244 24154 44607 47646 44646 12054 23041 52199 32698 42005 49899 40924 27179 69733 22070 25697 47476 73828 3795 72400 0 35277 34570 31224 21486 55512 14156 68210 64267 64775
48746 6237 47700 46118 7848 29100 40542 52088 29015 39136 62333 50914 43365 55777 25918 24194 2166 54713 29113 26365 45212 52729 48919 6888 56585 51278 23366 57644 19412 52959 32221 45366 16419 57315 25539 55005 21465 46451 63639 37316 55764 38646 22396 17539 33797 31486 34445 21789 44537 13478 51230 52310 40866 33358 70143 21954 45830 43504 48948 25603 24081 32522 46709 54748 58144 8682 64198 22244 67831 32287 33761 25699 63393 6506 25384 47536 60303 9641 21490 23365 69581 40818 13497 11930 42677 42853 16872 21380 45031 35866 31773 24610 41393 13417 36600 944 43979 53599 20140 25435 48441 39773 22706 16843 50348 47229 46417 39704 60767 8562 21265 19128 22826 34599 29584 46424 45356 68956 42019 48402 31747 41005 16960 46302 33333 1940 19564 29929 33265 60344 5141 25500 7683 45156 22585 41216 39997 29568 17874 24281 40699 38116 47089 29670 18991 49305 30320 28839 23410 5850 22357 42306 42903 1984 46817 40395 49430 21576 26395 13645 44476 12654 69494 48569 5480 23259 44039 31900 14241 29880 14226 19486 12615 67204 50706 44208 20589 54514 16408 26483 43568 22671 31358 19361 19710 24847 39320 8640 42110 49452 9644 12623 42106 35493 56554 35277 0 24643 6028 23016 33198 26035 47760 46125 43700
34507 23484 72340 70650 32159 15080 26229 30850 19207 63773 39355 43944 22863 41201 3588 13481 24180 31371 27401 2448 33754 42892 32694 25803 80004 28335 5643 40852 24323 32585 39395 25741 8701 41394 49787 33717 28717 62749 61967 59054 35387 21626 46992 7175 17494 18534 11037 43252 33735 16235 37675 76945 18600 15718 49310 39303 37295 23801 38643 35176 48620 57159 31076 31286 39384 31096 50540 46255 55462 10624 17801 50299 51974 18738 30011 35948 84772 26597 46062 46104 49221 30288 19409 18558 66311 25252 9336 45700 25151 24263 54299 29075 16768 35349 13279 25481 53804 32866 33434 7640 23979 59998 45101 37892 28558 57135 58491 35910 37711 33028 45739 39923 42641 58203 51060 42439 21579 45506 38791 47887 34177 60824 37596 56697 47441 24657 43734 10292 16829 36866 29444 32396 26217 57114 47140 65818 60031 18685 6821 48139 46845 21713 25110 51977 30635 26813 17405 35992 3633 30466 30118 64917 67444 23508 58353 63201 26766 22913 40723 37914 64281 29219 44970 24715 25245 26496 27953 56116 38870 53605 38515 16132 12786 49638 27734 26021 37009 70853 22566 10629 35688 38218 18090 5315 43885 18213 59176 25480 36892 55703 21874 34094 43814 37193 38572 34570 24643 0 27460 13125 21560 35278 33640 29797 30245
54210 12258 45894 44929 5989 28740 45879 56477 34486 37163 66249 56882 47817 61273 29354 29278 8182 58445 35097 28796 50889 58579 54155 12642 52617 55152 24995 62892 25436 57555 37987 50023 18785 62672 22510 59406 27441 40508 69629 32373 60384 43600 21456 20322 38712 36730 37970 24594 50256 13170 56788 50213 44853 38064 74748 15938 51704 48117 54743 31315 21775 30624 51991 58425 63096 3639 69839 18877 73594 36225 33363 23626 69202 11507 31389 53227 59159 15379 19384 18808 74293 46511 11729 10898 38863 47808 18619 21371 49634 41378 33345 30625 43861 16784 40191 6198 38115 58122 25623 29622 50529 34364 24830 11325 54578 41334 40416 36039 64645 7066 20864 13588 17112 30751 31938 52445 48836 72683 38131 43796 27283 35509 20632 40382 27315 4322 16479 30849 38143 64034 4369 31415 2756 39163 20373 38950 34543 34955 21067 20702 35267 43143 51235 24923 13683 53319 35521 23664 26933 6126 17559 37798 41723 7961 40835 41494 53389 18566 20410 10953 47187 6953 72372 52023 11301 19445 43006 31670 12915 30413 14882 24994 14691 72408 51728 49096 14568 48602 22418 31069 40584 16664 36561 22181 16632 30417 33818 4188 48092 43863 7352 16391 48069 30957 61620 31224 6028 27460 0 22767 38637 20655 53225 51311 49179
47621 25242 68487 67682 28621 6089 39288 42984 31208 59733 50084 56376 35529 54326 16699 24957 23738 42011 37847 12311 46658 55733 45800 27435 72691 39502 7497 53865 31992 45006 47671 38540 10339 54474 44687 45743 36097 51504 73609 50721 47740 34751 44194 11445 30558 31185 23084 44599 46560 9715 50777 72638 30764 28832 61208 29854 49859 36634 51485 42248 44367 53267 44200 41792 52112 25958 63666 40922 68572 23541 10756 46275 65029 19812 38539 48897 81904 29357 42071 39306 61321 42998 11303 11869 59587 38335 8504 43844 37908 36952 54789 37568 24465 36184 25150 23958 41158 45151 38777 20287 29785 50630 45698 30636 40503 44440 46171 23254 48416 29673 43477 32250 34092 51703 52481 54234 32224 55552 26115 34986 21114 51195 39387 44089 36056 22003 38830 9123 29889 47137 26323 40295 20488 44800 43018 61357 50552 30905 12934 42460 33856 34832 37092 44429 20185 38402 29975 23509 15844 27869 18394 57101 64480 22927 45924 63382 38232 10600 29883 33650 67079 21332 52725 35036 26315 14054 21130 54292 35646 52675 36913 25311 11635 62477 29340 39043 27433 59432 29347 23207 24193 28112 30772 11582 38979 29148 49630 19232 48800 42635 15493 35204 54139 24069 51455 21486 23016 13125 22767 0 34134 23350 46747 42912 43289
15573 28076 75852 72859 40609 36631 7449 22857 4190 68220 34679 22385 15296 22640 18124 9925 31442 29060 11613 23373 12861 21696 15937 29396 88659 25342 26984 24570 17711 22482 25653 15447 25506 24128 57245 25391 20325 78618 40821 70461 24953 8058 51418 23697 6183 3043 17826 41806 12568 33180 18223 80898 17127 8174 38787 53936 15755 14244 17474 25064 54981 61984 13653 29418 25827 41815 31389 54497 35587 14451 38989 56104 31562 27131 18347 15202 85962 28053 52395 56426 37838 8893 36298 34668 74757 11412 27297 48902 15527 2913 52493 17894 27737 36637 18042 33558 72586 23459 27424 13956 34471 72937 44534 49918 22324 75967 76472 57311 33471 41013 49555 52197 55742 66899 48148 21363 23530 41762 60186 69118 54435 74126 36711 75332 64171 34442 51723 31307 6510 34157 38132 21337 38902 75115 53510 70759 73142 3718 22111 56634 66639 7085 20242 62764 47442 22853 4168 54985 18347 38170 48421 75155 69887 31265 76563 60919 23314 42467 57067 46017 57502 43484 46865 25963 29932 45927 48342 57828 45345 54198 42724 13713 27861 34158 42252 13002 52052 86797 19102 10974 57238 53804 3509 22853 51854 8460 72437 38917 15803 75696 36543 35317 25170 57761 23905 55512 33198 21560 38637 34134 0 53479 14589 13339 10547
68433 31975 55416 56232 24850 26438 59865 66008 49731 47119 73434 74256 58140 75428 38547 43557 28117 65361 53123 35157 66331 74906 67307 32923 53650 62808 30160 75772 44305 67846 58197 60981 28287 76083 32262 68827 47091 28253 88871 31274 70635 56142 36337 30207 51474 50901 46038 44141 65958 20314 71401 58492 53729 50126 84374 11772 68354 59031 70782 51621 33673 41716 65442 65142 74629 20616 84580 28864 89031 45877 29527 35634 85036 28877 50779 68678 69660 35675 32415 24593 84392 62192 17185 18886 42219 60085 26732 37833 60408 56389 51010 49918 47647 37049 48195 26515 19120 68090 46143 41012 52259 29488 43701 17843 63609 22501 23263 19656 71766 25703 36793 17753 16840 35481 50700 70664 55562 78846 20713 24021 9349 29638 40928 21855 12864 24095 28206 32050 50816 70472 24650 51283 18393 21887 32880 47825 29245 49828 31701 29343 14664 56002 60171 27164 7044 61620 49619 3391 36887 26254 5173 38059 53325 27613 23214 57966 61480 12751 8039 26096 65939 13734 75357 58386 31513 9427 34997 46408 29394 46666 33279 41185 25622 84793 49671 61024 10144 36101 41177 43498 26030 8888 50587 31518 28310 46372 28270 17408 65772 23491 17875 36840 67617 12093 73713 14156 26035 35278 20655 23350 53479 0 67489 64369 63671
985 42494 88928 85605 55089 48086 7623 17068 18752 81652 27844 15670 15333 8063 30055 24257 45969 25482 22304 34864 5162 11381 4345 43666 102763 22628 39283 10699 31058 14885 33747 12650 39232 9764 71413 18210 32583 93120 35247 84972 16032 12164 65156 37334 16221 16727 25872 54374 6371 47194 4039 94027 20505 17923 27179 68469 10456 13469 8113 35668 69009 75602 3544 26058 13853 56393 17095 68801 21826 23839 49491 70017 18463 41719 29472 5024 98163 42090 66459 70917 25773 8292 50391 48857 88913 9626 40887 62442 13343 11905 64448 29391 33303 50197 24789 48098 86518 16081 39562 26706 38057 87517 57241 64504 18379 89892 90638 69352 27224 55453 63211 66784 70330 81150 59882 19162 25259 34401 72226 81439 67651 88712 49728 89318 78531 49027 66027 42031 16892 28891 52654 32117 53463 89272 67562 84273 87725 18280 35806 70947 80147 11945 18689 77259 61694 20542 17998 68771 31080 52626 62366 89545 82757 45818 90673 72388 21175 55948 71450 60404 67023 57991 42700 26124 44302 59489 57413 70749 59551 66893 56637 28279 42000 20099 47163 9949 66548 101304 33009 24035 68312 68259 16990 36191 66154 22930 87023 53443 15736 89121 50946 48926 27883 70780 11392 68210 47760 33640 53225 46747 14589 67489 0 5229 4064
5667 41272 89088 85998 53696 43817 5989 12588 17438 81528 24032 20691 10128 11477 26254 22034 44477 20757 23241 30789 9278 16610 2939 42679 101954 17689 35415 11608 30909 10913 35966 7431 36103 11714 70533 14243 33086 90632 40373 83441 12729 8239 64755 34174 12945 14641 21216 54831 10304 44203 8803 94150 15394 14261 25707 66131 14924 8273 13193 36981 68305 75314 1692 21303 12529 54628 20832 67726 26002 19560 44951 69440 23097 39851 30458 9974 98915 41388 65713 69465 24628 10480 47449 46030 88040 4749 37641 62217 8117 11324 65290 30212 28179 49946 19949 46554 83265 12087 40195 23357 32829 85674 57619 62636 13522 86626 87609 65145 23208 54152 62885 64897 68319 80147 60831 23556 20029 30879 68006 77293 63968 86796 49882 86108 75791 47233 64954 37619 13589 24624 51153 33300 51295 86237 66830 84080 85846 16697 32713 69855 76593 8389 13528 75787 58860 15498 15811 65454 27570 51296 59209 88298 83062 44238 87582 73509 16126 52486 68769 59199 69010 55616 38336 20946 43160 56057 52541 71007 58630 67297 56062 26776 39186 21098 41949 4768 64111 98820 32435 20961 63812 65722 14771 32867 65087 21737 85106 51145 19433 85489 48394 48632 31495 66980 10569 64267 46125 29797 51311 42912 13339 64369 5229 0 5478
5048 38433 85098 81840 51026 44933 4026 18031 14697 77750 29506 16209 14209 12094 26660 20298 41906 26062 18623 31618 4403 13196 6681 39618 98747 22841 35874 14534 27105 16381 30753 12155 35464 13777 67384 19717 28797 89131 35954 80909 18078 9338 61192 33584 12752 12800 23272 50609 5166 43360 7744 90189 18835 14624 30374 64464 9902 12380 9163 32194 65000 71664 4540 26587 16993 52336 20945 64754 25425 20874 46591 66026 21740 37675 25844 6019 94520 38067 62444 66854 29106 5082 46536 44972 84888 8120 37159 58510 12721 7841 60821 25701 31495 46251 22462 44035 82732 17560 35832 23096 36855 83460 53455 60451 18786 86110 86776 66102 28686 51392 59260 62732 66286 77111 56292 18330 24262 36326 68981 78127 64069 84659 45873 85516 74598 44974 61980 39030 13417 30080 48590 28577 49442 85413 63549 80357 83670 14251 32037 66899 76489 8867 18341 73196 57795 20536 14080 65023 27514 48564 58565 85489 78964 41756 86830 68876 21146 52276 67508 56347 63930 53998 43756 25603 40244 55798 54927 66938 55515 63122 52641 24221 38124 24043 45714 9060 62560 97313 28992 20331 65325 64288 13092 32512 62107 18867 82970 49441 13987 85493 46992 44971 26019 67258 14687 64775 43700 30245 49179 43289 10547 63671 4064 5478 0
