StringID  Type  x          y          demand  ReadyTime  DueDate  ServiceTime
D0        d     23624.47    -19784.23   0.0     0.0        86400.0  0.0
D1        d     -39887.33   9165.97     0.0     0.0        86400.0  0.0
C001      c     23989.27    43482.21    579.0   2857.0     22314.0  1158.0
C002      c     -50056.29   20076.53    598.0   4652.0     25578.0  1196.0
C003      c     15940.33    16034.54    439.0   3612.0     24480.0  878.0
C004      c     51612.07    -52970.08   609.0   2410.0     22155.0  1218.0
C005      c     -23592.57   -17435.73   768.0   4607.0     25625.0  1536.0
C006      c     -72813.92   -4393.87    371.0   733.0      21084.0  742.0
C007      c     -42340.34   -70693.41   134.0   1789.0     21068.0  268.0
C008      c     -51944.34   37818.89    157.0   3315.0     23081.0  314.0
C009      c     -16081.53   13653.22    510.0   1777.0     21806.0  1020.0
C010      c     59469.80    40296.31    431.0   3106.0     22264.0  862.0
C011      c     33387.64    -2996.25    191.0   1645.0     20132.0  382.0
C012      c     -12855.15   1286.09     390.0   1896.0     22385.0  780.0
C013      c     8670.04     -9766.41    113.0   1997.0     21744.0  226.0
C014      c     30978.23    28741.53    305.0   1076.0     20170.0  610.0
C015      c     10039.68    -13556.73   582.0   2076.0     22483.0  1164.0
C016      c     -24966.35   -60602.57   214.0   1450.0     21254.0  428.0
C017      c     3176.37     -8744.83    594.0   1964.0     22517.0  1188.0
C018      c     -35412.71   -18577.38   287.0   3224.0     23030.0  574.0
C019      c     -37422.05   27128.00    801.0   2906.0     24117.0  1602.0
C020      c     18694.49    54327.48    392.0   1557.0     20408.0  784.0
C021      c     -25308.79   5334.63     478.0   3511.0     24332.0  956.0
C022      c     35489.94    -29437.04   565.0   5363.0     25206.0  1130.0
C023      c     29175.25    -8883.26    204.0   2546.0     21864.0  408.0
C024      c     14345.56    3512.28     338.0   1272.0     21286.0  676.0
C025      c     -28857.73   -8643.54    152.0   3276.0     22395.0  304.0
C026      c     -1024.59    -39427.62   407.0   3963.0     23642.0  814.0
C027      c     -32046.02   -68209.80   523.0   5059.0     25486.0  1046.0
C028      c     44367.80    25283.06    530.0   2318.0     21783.0  1060.0
C029      c     -41579.56   5036.44     692.0   4981.0     24676.0  1384.0
C030      c     -8803.72    -5269.12    323.0   4253.0     24520.0  646.0
C031      c     -39491.32   43021.32    580.0   974.0      21866.0  1160.0
C032      c     -8065.47    32767.50    597.0   2199.0     22688.0  1194.0
C033      c     63777.43    -13904.37   450.0   3086.0     22380.0  900.0
C034      c     -36187.97   -21333.47   592.0   3894.0     24096.0  1184.0
C035      c     -637.34     48984.01    381.0   2338.0     22794.0  762.0
C036      c     704.71      11123.56    598.0   2425.0     21878.0  1196.0
C037      c     -7194.06    7104.57     785.0   2240.0     22478.0  1570.0
C038      c     -12172.89   14525.12    246.0   5020.0     25098.0  492.0
C039      c     47447.49    -28024.15   614.0   1832.0     22227.0  1228.0
C040      c     -8482.02    -28098.43   415.0   4157.0     23760.0  830.0
C041      c     5438.68     22235.32    518.0   4197.0     23580.0  1036.0
C042      c     2277.67     -15379.47   170.0   4407.0     23445.0  340.0
C043      c     81273.73    56898.17    198.0   3329.0     23261.0  396.0
C044      c     -16421.67   20302.20    192.0   2362.0     20776.0  384.0
C045      c     4306.75     2148.42     472.0   2685.0     23349.0  944.0
C046      c     -24678.74   -61421.31   676.0   975.0      21824.0  1352.0
C047      c     -41249.55   -9516.11    726.0   4930.0     25471.0  1452.0
C048      c     -19078.47   12954.59    384.0   2218.0     22495.0  768.0
C049      c     51939.26    -6293.91    683.0   5064.0     25123.0  1366.0
C050      c     82410.42    53284.46    132.0   3422.0     21936.0  264.0
C051      c     -25498.54   8949.19     485.0   1000.0     20570.0  970.0
C052      c     41546.86    -26858.75   774.0   3463.0     24970.0  1548.0
C053      c     -16773.23   -39413.02   735.0   3221.0     23379.0  1470.0
C054      c     -51744.12   17038.00    471.0   2925.0     21917.0  942.0
C055      c     -48926.78   -10576.65   644.0   3247.0     22622.0  1288.0
C056      c     -14623.01   19594.56    266.0   4815.0     24609.0  532.0
C057      c     26477.01    -33747.17   376.0   3441.0     22985.0  752.0
C058      c     -11607.05   -2775.69    665.0   4288.0     24381.0  1330.0
C059      c     49951.66    69318.73    105.0   4273.0     23710.0  210.0
C060      c     -58253.31   27554.40    130.0   5025.0     24134.0  260.0
C061      c     -4569.17    19354.08    543.0   1303.0     21639.0  1086.0
C062      c     17965.67    -4776.15    363.0   3079.0     22670.0  726.0
C063      c     35374.90    54292.33    624.0   2354.0     22240.0  1248.0
C064      c     37485.95    46436.51    102.0   2318.0     21837.0  204.0
C065      c     -20705.01   21112.76    135.0   3512.0     23696.0  270.0
C066      c     -63679.57   19791.81    272.0   1530.0     20203.0  544.0
C067      c     -23244.14   50213.87    103.0   36654.0    55762.0  206.0
C068      c     -30466.24   39068.20    325.0   36804.0    56721.0  650.0
C069      c     56334.20    2250.32     156.0   37247.0    56199.0  312.0
C070      c     -56355.05   -62865.65   558.0   35105.0    54914.0  1116.0
C071      c     30898.76    169.40      264.0   36427.0    56641.0  528.0
C072      c     -38691.18   18037.01    135.0   35809.0    55312.0  270.0
C073      c     23533.07    33728.38    246.0   34553.0    53815.0  492.0
C074      c     64892.15    25188.86    243.0   36881.0    56736.0  486.0
C075      c     -62772.04   12793.53    753.0   34387.0    54478.0  1506.0
C076      c     4156.16     -5494.80    604.0   37643.0    58607.0  1208.0
C077      c     -71413.23   -52195.92   724.0   35318.0    55729.0  1448.0
C078      c     -47996.82   -16647.06   547.0   36873.0    57534.0  1094.0
C079      c     -342.26     8815.40     374.0   35239.0    54153.0  748.0
C080      c     39477.24    -37337.74   705.0   35787.0    56269.0  1410.0
C081      c     64230.56    -33866.96   438.0   37194.0    56569.0  876.0
C082      c     -23167.22   21792.24    686.0   35019.0    54499.0  1372.0
C083      c     -61259.75   -65323.40   361.0   36867.0    57202.0  722.0
C084      c     85192.83    -35489.58   341.0   36120.0    56696.0  682.0
C085      c     79529.78    -33308.75   751.0   34736.0    55472.0  1502.0
C086      c     41708.37    36783.31    428.0   33370.0    53655.0  856.0
C087      c     65972.07    1851.78     206.0   34865.0    54225.0  412.0
C088      c     42331.83    26427.54    309.0   33262.0    52701.0  618.0
C089      c     7671.75     9242.64     368.0   34078.0    54675.0  736.0
C090      c     39784.53    -12149.82   735.0   37535.0    58005.0  1470.0
C091      c     78235.71    -35877.53   787.0   36486.0    57254.0  1574.0
C092      c     -12619.73   -15776.97   768.0   34722.0    55823.0  1536.0
C093      c     45002.55    -1354.06    828.0   34544.0    56032.0  1656.0
C094      c     -60947.93   40317.24    411.0   36287.0    56862.0  822.0
C095      c     -43773.90   12177.11    587.0   34200.0    55263.0  1174.0
C096      c     14516.25    24099.11    793.0   34698.0    56095.0  1586.0
C097      c     25474.01    -50750.77   553.0   33305.0    53687.0  1106.0
C098      c     53685.80    -7343.82    713.0   36426.0    57742.0  1426.0
C099      c     22453.88    -54186.57   654.0   35515.0    55744.0  1308.0
C100      c     -60462.18   -11861.08   547.0   37570.0    57320.0  1094.0
C101      c     71394.61    -12213.19   428.0   33049.0    52047.0  856.0
C102      c     -627.97     -10125.03   574.0   37027.0    57592.0  1148.0
C103      c     57927.44    53414.47    600.0   33817.0    54378.0  1200.0
C104      c     8556.89     -35388.66   764.0   36620.0    57948.0  1528.0
C105      c     39832.46    1138.90     367.0   34917.0    55052.0  734.0
C106      c     15532.29    -68340.15   598.0   33553.0    54200.0  1196.0
C107      c     -83135.33   22538.34    502.0   34418.0    54778.0  1004.0
C108      c     24277.98    -7968.85    588.0   35031.0    55342.0  1176.0
C109      c     712.86      4432.97     381.0   37217.0    57629.0  762.0
C110      c     9811.48     -4832.90    462.0   35665.0    56361.0  924.0
C111      c     35613.70    20520.53    820.0   33865.0    53726.0  1640.0
C112      c     -34996.50   38545.36    335.0   36011.0    54881.0  670.0
C113      c     22332.96    10436.73    322.0   34523.0    54984.0  644.0
C114      c     14690.35    16728.56    313.0   33268.0    52931.0  626.0
C115      c     -38.73      -17757.17   355.0   33317.0    52133.0  710.0
C116      c     -46121.07   17.87       256.0   36408.0    55531.0  512.0
C117      c     -2440.05    -6629.67    458.0   33310.0    53855.0  916.0
C118      c     5328.55     34238.02    336.0   35488.0    54972.0  672.0
C119      c     -36245.23   -57215.50   101.0   37061.0    55893.0  202.0
C120      c     14820.00    32411.73    751.0   36355.0    57504.0  1502.0
C121      c     77229.41    -15544.68   115.0   33106.0    51848.0  230.0
C122      c     58432.12    64203.28    226.0   33551.0    53478.0  452.0
C123      c     29920.54    -16364.74   406.0   34613.0    54824.0  812.0
C124      c     -74.47      -5504.70    345.0   35788.0    54945.0  690.0
C125      c     -74090.50   -12020.98   354.0   35563.0    55055.0  708.0
C126      c     -59303.54   12793.15    613.0   33092.0    52910.0  1226.0
C127      c     13256.83    10616.64    354.0   36920.0    57330.0  708.0
C128      c     -61769.66   66354.37    146.0   36408.0    56443.0  292.0
C129      c     23824.71    -12908.84   178.0   34280.0    53592.0  356.0
C130      c     28077.01    6707.39     698.0   33753.0    55061.0  1396.0
C131      c     39131.40    17046.10    807.0   34599.0    56183.0  1614.0
C132      c     -81768.02   44791.44    719.0   34817.0    55528.0  1438.0
C133      c     64394.30    1671.68     715.0   33636.0    54304.0  1430.0
C134      c     78500.72    19258.80    159.0   66805.0    86360.0  318.0
C135      c     64820.85    68841.24    285.0   66394.0    85714.0  570.0
C136      c     -15004.46   -27183.82   443.0   65996.0    85397.0  886.0
C137      c     -56072.11   -65154.15   355.0   67053.0    86265.0  710.0
C138      c     41099.15    -32690.79   550.0   65486.0    85010.0  1100.0
C139      c     66572.45    13159.68    718.0   65667.0    85775.0  1436.0
C140      c     -105218.38  17084.26    358.0   65885.0    85889.0  716.0
C141      c     -36239.94   -9326.49    367.0   66597.0    85702.0  734.0
C142      c     17135.70    10663.25    131.0   66637.0    85573.0  262.0
C143      c     -3664.98    -3498.34    378.0   65473.0    86166.0  756.0
C144      c     -14011.65   -69894.89   390.0   66056.0    86170.0  780.0
C145      c     40489.64    -211.46     288.0   66830.0    86311.0  576.0
C146      c     -7689.78    75925.29    427.0   65921.0    86395.0  854.0
C147      c     5333.18     6270.56     271.0   67160.0    86056.0  542.0
C148      c     27826.75    -15185.12   101.0   67325.0    86291.0  202.0
C149      c     29319.46    -77336.38   496.0   66820.0    85920.0  992.0
C150      c     49008.92    -26594.62   461.0   66277.0    85933.0  922.0
F1        f     23624.47    -19784.23   0.0     0.0        86400.0  0.0
F2        f     100077.28   -23878.76   0.0     0.0        86400.0  0.0
F3        f     -30132.17   -38730.19   0.0     0.0        86400.0  0.0
F4        f     -50056.29   20076.53    0.0     0.0        86400.0  0.0
F5        f     23989.27    43482.21    0.0     0.0        86400.0  0.0
F6        f     -12855.15   1286.09     0.0     0.0        86400.0  0.0
F7        f     30978.23    28741.53    0.0     0.0        86400.0  0.0
F8        f     -15196.70   17844.97    0.0     0.0        86400.0  0.0
F9        f     15940.33    16034.54    0.0     0.0        86400.0  0.0
F10       f     -16520.94   7927.22     0.0     0.0        86400.0  0.0
F11       f     41546.86    -26858.75   0.0     0.0        86400.0  0.0
F12       f     26477.01    -33747.17   0.0     0.0        86400.0  0.0
F13       f     -23110.96   -3906.05    0.0     0.0        86400.0  0.0
F14       f     26573.59    -34999.55   0.0     0.0        86400.0  0.0
F15       f     10039.68    -13556.73   0.0     0.0        86400.0  0.0
F16       f     -42340.34   -70693.41   0.0     0.0        86400.0  0.0

m numVeh /19/
m numPetrolVeh /10/
m numElectroVeh /9/

DistanceMatrix
0 69799 63267 83772 36634 43412 47275 97659 83325 95020 51910 69961 19420 42127 18000 49080 14944 63460 23238 59050 76990 74276 55004 15296 12233 25076 53652 31519 73785 49612 69768 35529 89040 61367 40581 59833 72923 38479 40900 49584 25208 33166 45786 21797 95936 56662 29227 63772 65682 53809 31364 93781 56909 19268 44914 83883 73133 54896 14251 39122 92911 94578 48236 16039 75003 67656 60313 95855 84240 79934 39439 90845 21238 72895 53513 61038 92335 24150 100413 71690 37314 23652 42979 62594 96328 63540 57518 59388 47555 49855 33122 17873 56933 36465 28226 103753 74593 44819 31022 32534 34422 84459 48366 26105 80838 21692 26467 49226 114843 11833 33338 20355 42050 82697 30249 37590 23750 72502 29196 57036 70608 52933 53772 90915 7165 27668 98023 89097 32120 121293 6878 26863 39962 123603 46071 67348 97732 39331 91706 21724 54128 134014 60771 31131 31780 62670 25837 100702 31834 6230 57833 26282 0 76562 56998 83772 63267 42127 49080 54065 36634 48781 19268 14251 49359 15498 14944 83325
69799 0 72511 14915 56249 110603 31196 35609 79897 31086 24225 104120 74277 28157 52118 73520 54855 71346 46640 28102 18130 73969 15074 84687 71382 54527 20948 62223 77772 85783 4463 34272 33858 39619 106201 30723 55911 40639 32758 28228 94924 48733 47173 48789 130224 25974 44748 72207 18732 21151 93119 130012 14390 89047 53798 14232 21714 27332 79030 30698 108118 25989 36758 59509 87754 85882 22598 26057 44294 31351 96470 73890 71356 8951 68011 105998 23170 46419 68987 27057 39547 91985 112660 20952 77495 132813 126746 86143 106112 84012 47559 82474 126420 36955 85539 37603 4917 56416 88669 95018 88882 29419 113317 43743 107358 65818 80123 95281 45268 66414 40875 51633 76350 29784 62233 55099 48091 11070 40642 51702 66481 59441 119695 112676 74330 42430 40234 19752 53164 61232 67428 68009 79411 54983 104551 118817 120519 44051 76062 91164 106535 65809 18849 57043 38372 83188 80922 74118 45313 71960 110780 95819 69799 143813 48879 14915 72511 28157 73520 26172 56249 23399 89047 79030 21268 79798 54855 79897
63267 72511 0 77657 28603 100330 77298 107995 132044 76145 49954 35623 47419 56018 55408 16314 58720 115023 56221 85907 63552 12069 62334 73821 52622 41117 74229 86601 124960 27322 76009 58754 63482 33798 69831 88444 25234 39865 47914 46327 75256 78601 28206 62738 58834 46587 45781 115643 84053 52790 57086 59238 60345 72499 92375 80217 90770 45404 77269 58369 36627 83771 37387 48633 15700 13816 49980 90813 47711 54634 52405 133286 43860 67648 9764 44807 92029 52840 135115 93795 42353 82291 87191 51906 138225 99912 94771 18943 59124 25046 37929 57831 96128 69655 49516 84996 74645 21574 94245 58866 97681 100970 73139 58989 35362 80366 45210 112142 109153 51452 45460 50352 25736 59192 33087 28324 65785 82490 56654 20825 117338 14375 79490 40195 60140 54578 112695 88767 34574 88757 56391 37001 30466 105765 58144 59651 48066 80711 134951 78071 52276 131877 80102 33527 54515 119576 46705 45344 41626 58793 120936 74409 63267 101621 98428 77657 0 56018 16314 46827 28603 53900 72499 77269 66814 78524 58720 132044
83772 14915 77657 0 66120 125189 45907 33417 91097 17843 34577 111377 86575 41677 65874 81496 68867 84490 60534 41335 14469 76810 28806 98842 84358 66498 35696 77103 90105 94568 17264 48417 25260 43867 118797 43671 57253 51544 44782 38288 108723 63634 55537 63214 136394 33635 57243 85358 30875 31786 105349 136566 26961 102927 68167 3476 30674 35437 93565 44728 111474 11095 45493 72420 92028 91425 29370 13626 40338 27285 107874 83181 83367 11547 74845 115062 14654 59941 75362 36781 50974 106361 126378 26944 86132 146219 140152 93273 117451 92606 58736 95446 139963 51836 97445 22985 10093 64698 103544 107305 103792 33590 125670 57925 113013 80696 91862 110088 33171 79449 53125 64843 85671 23831 73028 64833 62715 20441 54594 57167 78516 66039 132176 117119 87888 56148 40099 11771 64016 47737 80910 79269 89239 40205 115921 128560 124799 58840 85443 105327 116834 55243 32487 67848 52038 96923 92791 70100 57084 85494 125657 109509 83772 156436 62090 0 77657 41677 81496 34931 66120 35668 102927 93565 36072 94369 68867 91097
36634 56249 28603 66120 0 77680 51799 91075 104491 71294 32110 49834 25818 32353 26806 19688 30174 86871 27874 61928 54503 38392 42614 49496 28215 12623 51146 57999 96953 29894 58562 32651 61652 29262 56433 64138 36885 16008 24798 28154 54165 50440 12196 34257 77060 32642 18115 87460 62638 35154 42361 76196 42040 49955 64379 67692 70113 30770 50885 33357 63214 75083 20776 20909 42911 37262 36996 79709 51997 51808 42681 107013 21805 54668 19254 49800 78779 24543 110842 71806 17811 58332 69441 39529 112156 86317 80488 33083 52003 28364 10700 36918 81090 42751 33867 80632 59839 8189 67462 44399 70523 81336 62234 30965 56215 51951 28155 84376 99289 25410 19143 21749 20178 55689 8497 1430 37379 64095 29181 21071 89938 16415 68946 64232 35287 26841 94301 75314 6046 92579 29998 15307 23213 101852 50538 62643 71957 53155 108524 54837 50714 121163 58017 5503 27675 91000 29438 64384 14417 33406 94325 53952 36634 93124 71567 66120 28603 32353 19688 31190 0 33458 49955 50885 43848 52130 30174 104491
43412 110603 100330 125189 77680 0 83177 133572 95609 137719 94979 93597 53193 84260 60914 84277 57286 76958 65589 93574 119761 112233 96521 28526 49468 67669 91871 54351 85035 78588 109770 76977 132341 104462 40916 93326 114563 81851 84066 92866 25291 65038 88249 62024 113802 99987 72635 76757 102526 96660 46677 110628 98894 27984 69716 124834 109111 98248 31643 80723 122300 136215 91581 58777 108484 100405 103528 136332 127477 123320 55422 108420 57034 114877 91132 79279 131942 67126 123028 106025 80726 19789 22894 105742 113546 37858 34146 90298 56671 79938 76165 42499 31638 74223 52037 146193 115510 85532 26232 45673 29184 119376 45304 67563 106572 46507 55376 39217 154462 52652 76719 63753 75212 126000 69840 78874 62512 111173 71197 98729 87960 92972 45353 117372 42550 70175 132204 128946 74259 164602 48755 64151 71120 165371 56117 77071 122525 71433 108371 22842 67801 171766 98096 72373 74182 67771 53918 141883 75174 44648 33025 26504 43412 56526 82975 125189 100330 84260 84277 97356 77680 91382 27984 31643 89391 30820 57286 95609
47275 31196 77298 45907 51799 83177 0 50920 56461 62104 31983 101155 58781 21582 33162 71486 33855 43189 28144 11875 46660 83296 22835 60289 53456 43337 10248 31511 51473 80271 28784 19150 62513 52550 87441 13185 70275 37497 29515 33940 71825 18494 49159 25952 128540 38413 34087 43999 19352 30724 76349 127428 26454 65817 23011 44508 26246 38101 52660 18936 113733 56793 41417 43444 92855 88376 38656 54707 67650 56920 82315 56011 57265 38552 69560 98216 49486 30209 59119 24417 35067 66135 89347 39230 60927 110273 104337 84876 91618 79183 41100 63597 103485 11098 70455 68781 35836 56369 59308 77935 58914 37289 95131 24100 108006 36822 66089 64203 71717 48798 32695 35702 70328 57131 53722 51311 23556 28498 23753 59217 41744 62931 100840 115728 53524 26371 50787 46787 46312 92078 47633 57032 71577 85186 90038 108487 123534 12992 57723 66466 95215 88625 15024 49481 24318 53327 66357 94706 37399 51469 79924 73177 47275 123838 22276 45907 77298 21582 71486 36266 51799 26330 65817 52660 13538 53152 33855 56461
97659 35609 107995 33417 91075 133572 50920 0 72968 47090 59534 139629 106211 60227 81661 108953 83359 73816 76115 40000 47394 108729 48491 111162 102088 87517 44161 79882 75726 120881 32627 64016 57953 74655 136922 40354 89770 75138 66620 63524 122561 68560 82659 75891 165830 61563 77398 74627 31977 56467 124768 165594 49161 116546 66083 30054 24674 62941 103539 61228 143195 35110 72259 90780 123081 121449 58017 25853 73751 60682 129319 60744 103813 40835 103615 140848 19906 76978 47823 27677 73666 117024 140178 56129 62015 161037 155063 121700 138926 119199 81633 112865 154296 61261 117856 46259 33435 91861 108671 126534 107495 14433 144420 72413 142951 87074 112782 109060 28842 97158 74055 82627 111253 57218 96296 90018 73992 27055 70409 87170 64245 95049 150457 148091 103430 72748 7733 21861 87370 71605 97013 101500 113980 49994 137342 153152 155906 62139 63025 117375 140487 38876 36905 91201 69155 88023 113381 103404 78871 101218 125506 123829 97659 173986 54779 33417 107995 60227 108953 61760 91075 57626 116546 103539 49705 103993 83359 72968
83325 79897 132044 91097 104491 95609 56461 72968 0 108936 88340 150612 101576 77784 79462 123543 77513 20092 76873 52574 97945 139124 77912 88089 94525 93380 63498 51813 10590 129344 75734 73519 113750 108990 120358 49742 126735 92449 85369 90401 99411 54412 104492 71066 177651 94615 86498 19948 61187 86822 114175 175879 81404 94650 40400 88234 60476 94447 78108 74548 167694 99528 97648 89341 147177 141745 94321 92967 122406 110402 122709 16053 101909 88805 123463 143848 85951 80080 34459 54342 89919 88356 112754 94452 19667 132303 127475 136438 130363 128848 94292 100856 125502 62443 111520 112559 82883 110536 70686 115040 66864 61560 127889 73542 159551 61943 109143 57920 101766 91501 86588 84008 119987 109485 103753 104380 67762 70812 75473 115252 14792 117890 131675 168381 90406 77692 66712 85192 98501 138418 87846 104640 119732 122030 128953 150645 175936 51384 14807 91686 137453 107975 61669 100778 77530 28340 108759 150658 90533 89468 71967 101437 83325 149915 34215 91097 132044 77784 123543 92606 104491 82752 94650 78108 69501 77609 77513 0
95020 31086 76145 17843 71294 137719 62104 47090 108936 0 43245 111442 94591 53503 77061 83418 80508 102052 72156 58769 18033 72542 42008 110309 93603 74641 51882 92519 107880 97125 34382 60973 13496 44169 126755 61215 52508 59030 54277 46091 119223 78956 59461 75961 134577 39607 66608 102918 48528 41212 112862 135242 39151 113683 84863 20782 48490 41533 106168 57228 106654 12048 50846 81864 88860 89845 35426 21510 31262 21514 113971 100781 90997 23811 75588 117517 27267 70876 92096 54609 59194 118349 136512 32939 103562 155502 149481 93658 123280 94962 66111 104456 149593 66475 104562 9344 26912 67862 117636 114880 118322 50405 133100 70228 110973 94972 98835 125789 34733 88918 62349 75053 89250 16963 79164 69893 76045 38247 66531 57385 96322 66983 139762 113486 98172 67583 54539 26085 70648 30180 91183 85857 93415 30628 121825 131759 120816 74766 103056 116742 121055 57167 49692 74226 63545 114198 99952 58400 65391 95775 140942 119752 95020 164065 79596 17843 76145 53503 83418 41825 71294 46350 113683 106168 50718 107087 80508 108936
51910 24225 49954 34577 32110 94979 31983 59534 88340 43245 0 80112 52196 12781 34075 49419 37719 74785 29539 37583 25239 53514 12423 67204 50558 32073 25698 55175 83405 61558 26915 20274 37557 20727 84480 40353 38559 16976 11040 4005 75980 42438 23168 34351 106528 6658 23410 75565 34209 3077 70885 106166 10527 70443 53071 35823 40815 6118 63703 17027 86366 44404 12847 38715 65569 62803 8776 47992 37256 29203 73308 86470 48877 23031 44411 81791 46698 27861 86010 44008 16466 75411 93318 10791 90986 112568 106522 62247 82898 59794 24159 61537 106532 29633 62901 52192 27732 32332 76647 72858 78021 51192 91220 28359 84014 54883 57297 87877 67640 45787 19159 31815 52149 31263 38549 30925 35270 32989 24444 29701 73681 36149 97772 90042 54930 24965 63437 43231 29495 69748 47938 44701 55317 72693 81363 94748 97933 40851 88373 73603 82655 89203 30568 33352 21174 83574 58245 62835 22652 52532 101688 76529 51910 122072 54235 34577 49954 12781 49419 4284 32110 5743 70443 63703 18914 64704 37719 88340
69961 104120 35623 111377 49834 93597 101155 139629 150612 111442 80112 0 50542 82175 71322 30745 73099 131568 74659 111664 97783 43122 91705 73741 57761 58217 100980 100077 141946 21295 107024 82082 98999 67954 54372 113792 60732 65608 74470 76137 69370 96412 56970 79817 27405 78481 67069 132013 112364 83171 47195 26362 90566 69506 110302 113620 119741 76931 81061 83109 30543 118411 67376 61271 27865 22825 82438 124845 83306 89944 38175 155106 49259 100653 36532 16051 125298 71808 160266 121621 67591 80167 74316 84683 160409 80032 76290 18106 38991 22047 60393 56019 78451 91330 44091 120418 107004 47783 97187 47990 101475 130783 53847 78448 13209 91216 43806 117185 143707 59733 68837 67101 30987 94483 47652 50603 83135 113012 77684 54479 136638 45341 58597 23929 63903 75122 143441 121916 54923 124008 64042 45975 30890 141309 38937 28368 29042 100499 156428 75264 28051 166316 107809 51675 76837 132445 44734 76025 63942 63871 121435 67704 69961 75943 119473 111377 35623 82175 30745 77969 49834 82598 69506 81061 93667 82168 73099 150612
19420 74277 47419 86575 25818 53193 58781 106211 101576 94591 52196 50542 0 46441 25628 31829 25625 81998 30753 70543 76951 59177 59285 26524 7239 20124 62501 50114 92382 30336 75396 42253 86191 54749 32288 71952 62126 35603 41820 48814 28707 48818 37653 33484 76684 54989 29532 82372 74921 54837 18842 74637 60086 25219 61986 87457 82663 53060 31518 44995 74188 96599 44048 15524 57323 49602 59222 99706 77708 76464 23539 107880 4027 75085 38024 42272 97447 29338 115775 82521 35738 34877 43638 61749 113326 61152 55208 40640 32943 30753 28480 11167 55611 47750 11730 103804 78639 33020 48406 20759 52345 94268 39109 34755 61517 40815 7657 67739 119288 10378 33509 23648 23622 80013 17397 27178 36540 79566 36011 46623 88252 39981 45602 71715 13811 33556 107856 94026 24301 117747 13773 11062 20849 124678 31356 50304 78413 54100 108934 30680 36909 140053 69915 21230 37056 81989 7628 88972 29545 13397 74451 28300 19420 69883 72881 86575 47419 46441 31829 52866 25818 51090 25219 31518 56506 32721 25625 101576
42127 28157 56018 41677 32353 84260 21582 60227 77784 53503 12781 82175 46441 0 24197 51722 27285 63063 18911 30057 35656 61715 13095 57281 43243 27292 18833 42398 72097 62051 28968 7706 49511 31844 78124 32497 49238 16752 8118 13257 67048 29708 27812 22511 109330 19348 17184 63812 30380 13224 65236 108533 14784 61251 40887 41958 37972 18394 52672 4249 92591 52450 19877 31411 71664 67622 21324 54089 50019 41685 69196 77509 43768 30791 48750 81339 51226 18313 79306 39453 14604 65042 84723 22953 82340 104718 98650 65094 78829 60644 22015 54327 98380 17065 57918 61938 32781 35632 64629 67098 65757 49389 85324 16725 87906 42468 52688 75191 73423 38269 13928 23478 52146 43342 36358 31579 22954 33290 13082 37636 63004 41650 91643 95081 46274 14473 62665 47853 27729 81403 39331 41290 54323 81497 77250 93107 102943 28551 79259 63761 80310 93705 25680 31423 10361 71190 53366 74818 18859 43890 89220 67856 42127 115702 43587 41677 56018 0 51722 16724 32353 7586 61251 52672 11495 53584 27285 77784
18000 52118 55408 65874 26806 60914 33162 81661 79462 77061 34075 71322 25628 24197 0 44503 4030 60957 5588 44955 59040 64873 37183 33260 20524 14441 37545 31205 71228 50028 52385 18043 71457 45708 55263 46325 59483 22357 23158 32008 42861 25105 32164 8507 98567 39163 12689 61485 49920 35864 43408 97021 38959 37054 39068 66093 57603 37478 29869 21448 89211 76626 31989 10550 69402 63160 42619 78155 67942 62582 49156 83951 24348 54919 45964 66203 74919 6215 90629 57083 20652 41343 60562 44828 89313 80731 74668 57082 58468 49428 19035 31206 74305 22122 37294 85761 56850 34366 44295 45081 46510 69164 62772 9305 80113 25622 33015 58974 97323 15711 16277 5064 40537 65121 24389 27170 11819 55658 11544 44131 65336 42624 68802 89150 22251 9728 82791 71619 20893 103712 15477 25456 40581 105620 56886 75623 96603 29391 85202 39714 62276 117011 44912 22114 13836 64264 33223 87239 16380 19908 70655 43708 18000 92490 48420 65874 55408 24197 44503 36497 26806 30784 37054 29869 32317 30939 4030 79462
49080 73520 16314 81496 19688 84277 71486 108953 123543 83418 49419 30745 31829 51722 44503 0 47197 105414 46671 81528 68419 28382 60960 58353 37668 30219 70555 75307 115636 13829 76332 52339 71902 39251 53800 83778 37541 35027 43878 45433 59107 69195 26355 52634 57641 48145 37664 105958 81734 52487 40827 56988 59844 56596 83218 83546 89055 46510 62651 52980 44794 89239 36766 35955 25926 18854 52243 95080 58319 62306 36670 126566 28572 70487 8961 34099 95097 43492 130518 91089 37122 66624 70891 54590 131742 84053 78788 13409 44132 11587 30387 41829 80056 62311 33203 92652 76565 17104 79683 42636 83365 100050 57539 50096 36538 67937 28988 98303 114282 37317 38819 39690 9438 66699 20244 20239 55894 82276 48661 26232 109122 16570 64035 44847 45119 46229 112699 91680 25349 100084 42260 22224 14257 113883 43005 48459 52472 72402 128040 62260 38855 136695 77249 22769 47324 108412 30475 61004 34097 44040 106091 58200 49080 86854 91032 81496 16314 51722 0 47443 19688 51859 56596 62651 63178 63893 47197 123543
14944 54855 58720 68867 30174 57286 33855 83359 77513 80508 37719 73099 25625 27285 4030 47197 0 58641 8382 45729 62513 68434 40080 29998 19698 17604 39206 28138 68979 51836 54866 20585 75196 49737 53739 46877 63446 26387 26905 35805 40108 23548 36087 7973 100191 42972 16719 59130 51448 39379 42524 98515 42065 34200 37249 68944 59042 41319 26035 24183 91985 79712 36007 11829 72425 65973 46338 80911 71934 66409 48919 82702 24970 58076 49173 67157 77433 9981 90153 58119 24664 37843 57872 48500 88110 78288 72243 59473 58016 51396 22922 29778 71756 22768 37031 89116 59650 37921 40269 44086 42484 70522 61370 11206 82331 21882 33220 55058 99922 15296 20264 8727 42606 68869 26959 30640 10919 57778 14273 48026 63627 46216 67219 91588 20078 12928 84144 74181 24387 107435 13800 27129 42224 108780 56448 75920 98946 28512 83863 36480 62528 119261 46473 25238 17000 61257 33246 91222 20378 17861 66630 41092 14944 90627 47408 68867 58720 27285 47197 40286 30174 34162 34200 26035 34527 27077 0 77513
63460 71346 115023 84490 86871 76958 43189 73816 20092 102052 74785 131568 81998 63063 60957 105414 58641 0 59002 43304 88610 122944 65938 68017 74875 75207 52105 31962 10392 110379 67709 57646 104637 94887 100281 40841 112255 76182 70001 76209 79405 36445 88242 52796 158409 81355 69243 868 53619 73792 94148 156525 69554 74583 22718 82129 55468 80861 58031 59350 149974 94232 82517 70425 129776 123926 81826 89230 110830 99822 102763 31470 82548 79828 106068 124237 82561 62330 47202 49623 73656 68514 93118 82414 36599 112985 108002 118023 110319 110015 77095 80872 106123 46495 91684 107142 75171 93452 51393 94988 47852 60297 107828 56039 140965 41947 89504 41231 101469 72079 69922 65725 101247 99654 85345 86907 49569 64206 58485 99562 11776 101166 111688 150106 70495 60460 69089 81031 80828 132184 68229 85698 100687 119726 108919 130703 157536 34872 31437 71720 117559 111694 52501 82773 60948 14365 89059 137617 73417 69641 56806 81418 63460 130325 22474 84490 115023 63063 105414 79054 86871 69048 74583 58031 56727 57549 58641 20092
23238 46640 56221 60534 27874 65589 28144 76115 76873 72156 29539 74659 30753 18911 5588 46671 8382 59002 0 39822 54176 64953 31775 38371 25999 16583 32034 30969 69114 53429 46830 12474 67084 43008 60820 41328 57855 20022 18941 27876 48287 22594 31063 6695 102021 35040 10952 59588 44433 31083 48824 100626 33695 42431 36586 60671 52135 33465 34177 15943 91005 71353 29147 15313 70784 64978 38233 72692 64608 58463 54283 80455 29120 49701 47100 70430 69376 3395 86323 51780 17909 46209 66021 40330 85750 86267 80207 59645 63683 52633 18541 36766 79813 17291 42474 80740 51401 34746 47557 50529 49362 63715 68306 4047 82834 27182 37965 60863 91806 21116 13406 7702 43688 60774 27109 27955 9569 50070 6002 43037 62478 42772 74365 91513 27809 4590 77336 66088 21828 99287 21064 29306 44249 100408 62098 80361 99094 25895 81807 44850 67074 111430 39421 23907 8621 63520 38277 85365 15170 25478 73405 49186 23238 98076 44817 60534 56221 18911 46671 32320 27874 25806 42431 34177 26729 35167 8382 76873
59050 28102 85907 41335 61928 93574 11875 40000 52574 58769 37583 111664 70543 30057 44955 81528 45729 43304 39822 0 45750 90789 25959 71729 65311 54441 11902 40215 49746 91042 24406 29751 61734 58174 99300 2863 75986 46761 38156 40446 83397 28564 57745 37826 138969 43270 44802 44168 10778 35512 88211 138009 29258 77404 27956 39181 15705 43466 63722 28573 122527 51477 48889 55134 101592 97678 42328 47657 69859 57857 94081 48990 68910 36761 78807 109437 41625 41676 49257 12731 44501 77204 100809 42186 53416 121786 115883 94934 103423 89831 51286 75471 114958 22964 82239 64192 31871 65682 68865 89804 67945 25934 106997 35797 117878 47074 77785 71216 62992 60626 42831 47267 81076 57124 64625 61293 35383 21458 35071 66703 38647 71577 112683 125138 65371 37679 39230 39432 56754 88927 59508 68339 82619 78514 101840 120033 132999 22149 50953 77803 106809 78387 9288 60136 35147 55601 78093 98485 47725 63330 87424 84801 59050 135594 20833 41335 85907 30057 81528 41657 61928 32548 77404 63722 19146 64125 45729 52574
76990 18130 63552 14469 54503 119761 46660 47394 97945 18033 25239 97783 76951 35656 59040 68419 62513 88610 54176 45750 0 62361 24934 92281 75710 56900 36782 75858 95489 81811 22479 43227 16027 29893 109202 48477 42788 41350 36258 28220 101216 62350 43139 58163 122372 22082 48634 89462 36843 23181 95407 122654 21740 95659 69671 17519 39421 24011 88255 39505 97027 20836 33760 63919 77700 77356 17766 27263 27092 13819 97001 91964 73447 9179 61311 102333 29122 52849 86300 45034 41355 100346 118548 15221 95475 137679 131645 79717 106439 79757 48511 86623 131706 49558 87207 26971 16244 52027 100105 97411 100981 45288 115710 52360 98907 77604 81509 109171 45943 70984 44377 57031 73334 11672 62042 53140 58414 28472 48614 43338 84352 52509 122335 102775 80166 49596 53640 26159 53301 46168 73172 68609 77214 47734 104950 116190 110425 58756 94148 98711 104928 68536 36474 56988 45580 99807 82569 57142 47571 77768 123965 101767 76990 146655 66260 14469 63552 35656 68419 24086 54503 28382 95659 88255 34175 89192 62513 97945
74276 73969 12069 76810 38392 112233 83296 108729 139124 72542 53514 43122 59177 61715 64873 28382 68434 122944 64953 90789 62361 0 65853 85432 64074 51001 78909 95806 132627 38765 77862 65635 59274 34365 81781 93470 20057 46800 53854 50369 87227 86791 34722 71614 62632 48896 54126 123608 87574 56022 69139 63724 63342 84341 100226 79700 93729 48129 88418 64645 34666 81472 42004 59108 16680 20381 51532 89321 42140 51474 64256 139164 55516 67898 21160 54619 91443 61564 139523 97392 49333 93992 99256 53018 143906 111755 106682 28938 70632 36567 46413 69743 108084 76780 61584 80865 75359 30516 105297 70907 108579 103183 84882 67287 39244 90287 57235 122708 106676 62546 53036 59824 37804 55962 44041 37812 74479 84561 64517 24130 124339 22256 91151 40946 71578 62707 114067 88367 44048 81358 67432 48536 42516 100914 69722 69330 48356 88203 140946 89856 63143 129389 84081 43692 61998 128456 58733 34097 49880 70110 132092 86414 74276 112869 105089 76810 12069 61715 28382 49795 38392 58250 84341 88418 71686 89674 68434 139124
55004 15074 62334 28806 42614 96521 22835 48491 77912 42008 12423 91705 59285 13095 37183 60960 40080 65938 31775 25959 24934 65853 0 70040 56309 39696 14422 50925 73852 72476 16274 19618 40267 32402 91140 28802 50139 26650 18201 16032 80039 37429 35086 34498 118400 17407 29786 66759 21787 9843 78118 117909 3620 74203 45554 28910 28478 17819 64878 15922 98783 39737 25034 44440 77970 75050 16436 41004 44927 34126 81701 74934 56444 18451 56495 92360 38199 31392 73725 31590 25208 77577 97745 16596 79278 117802 111734 74029 91347 70853 33211 67401 111445 24632 70629 49939 19692 44024 75660 80006 76315 39134 98283 29123 96125 52965 65276 84238 60331 51340 26037 36562 62787 34595 47914 41590 34232 21481 25809 42120 63499 48410 104642 102362 59339 27464 51777 34803 38926 71083 52411 53403 65496 68880 89778 104739 110256 34112 76909 76524 92214 80769 18288 42778 23377 76073 66032 72756 30656 56960 99090 80886 55004 128744 44328 28806 62334 13095 60960 16086 42614 9162 74203 64878 9498 65716 40080 77912
15296 84687 73821 98842 49496 28526 60289 111162 88089 110309 67204 73741 26524 57281 33260 58353 29998 68017 38371 71729 92281 85432 70040 0 21502 39150 67624 37857 77874 55436 84428 50458 104271 75937 32271 72135 86343 53434 56189 64841 12041 43992 59776 36065 97724 71894 44385 68141 79283 69100 28393 95102 72063 6583 53207 98842 86498 70110 9991 54120 99809 109708 63129 30253 83729 75900 75585 110716 98964 95096 37929 97739 29960 88072 64287 62036 106953 39434 109299 84461 52414 8850 29080 77879 103191 50070 44210 66512 43682 56282 47644 17813 43228 50011 29650 119021 89524 57498 23550 28622 27973 97549 39822 40957 85836 27583 30883 43724 129512 24220 48545 35563 49958 97928 41988 50635 37399 86764 44259 70457 76926 65211 43991 96410 14209 42867 110956 103775 45811 136512 20230 36897 46626 138778 42464 64971 102562 50545 98282 6485 52731 148199 74496 44101 46967 63932 29650 113867 46738 16182 48295 13815 15296 64826 66277 98842 73821 57281 58353 69316 49496 64041 6583 9991 63921 10509 29998 88089
12233 71382 52622 84358 28215 49468 53456 102088 94525 93603 50558 57761 7239 43243 20524 37668 19698 74875 25999 65311 75710 64074 56309 21502 0 19328 58033 42953 85251 37392 72111 38151 86077 55872 34965 66538 65095 34797 39728 47514 26462 42276 39138 27671 83913 54138 27206 75236 70428 52965 22911 81846 57508 21821 55166 84970 78120 52242 25010 41237 80915 94718 44000 11938 63479 55941 58205 97182 78995 76527 29352 101141 9215 73011 42984 49362 94468 25248 109517 77562 34417 30262 43047 60669 106602 62015 55966 47355 38331 37682 28124 11101 55997 42360 17527 102679 75928 36093 42031 24559 45799 89687 42350 29829 68613 33581 14629 61002 116623 4982 31423 19783 30100 79797 20496 29424 30532 75821 31696 49276 81338 43719 48514 78725 7519 29444 103313 91095 25172 118033 6696 15629 27775 123245 36767 56789 85509 47820 102145 26627 43410 136879 65417 22957 33279 74750 14255 92474 28250 6445 68453 26591 12233 72470 66394 84358 52622 43243 37668 51800 28215 48690 21821 25010 52523 26246 19698 94525
25076 54527 41117 66498 12623 67669 43337 87517 93380 74641 32073 58217 20124 27292 14441 30219 17604 75207 16583 54441 56900 51001 39696 39150 19328 0 44881 45608 85418 37085 55946 24759 66779 36853 52410 56311 47877 15621 21837 28714 45720 38991 20734 22417 85612 35050 10131 75758 57101 34732 38852 84321 40213 40771 53018 67460 64822 33133 39185 26703 74822 76476 24672 9045 54962 48764 39221 79705 59950 57204 42008 96977 16887 54990 31582 54998 77674 13600 102264 65521 15616 47962 62336 41730 102247 80873 74865 43078 51653 36171 8796 29874 75057 33154 31041 83808 58762 20588 55392 40811 58266 76371 59177 20253 66254 39329 25597 71862 99320 15181 13664 9497 27233 60514 10571 13221 25677 60568 19612 32022 79040 28903 65708 75013 25252 17007 89790 74232 7187 98705 18961 14098 28240 104603 50083 66059 82557 42470 98355 45016 53110 120332 52189 7676 19327 78694 26408 75691 9425 23051 82224 45913 25076 90001 61341 66498 41117 27292 30219 32836 12623 31181 40771 39185 38184 40407 17604 93380
53652 20948 74229 35696 51146 91871 10248 44161 63498 51882 25698 100980 62501 18833 37545 70555 39206 52105 32034 11902 36782 78909 14422 67624 58033 44881 0 41501 59652 80703 18681 20336 52748 46338 92784 14655 64166 35562 26783 28551 78728 28172 46149 31856 128159 31504 34876 52943 12423 23709 80831 127341 17911 72723 33057 34400 20162 31623 60763 18221 110856 46630 37065 46983 89926 86228 30853 44957 59125 47739 85886 60796 60403 28435 67381 99668 40121 33164 60892 20745 33436 74115 96445 30963 65288 117168 111159 83924 95409 79360 40673 68732 110502 17736 74219 58540 25612 54345 68738 82554 68608 31768 100316 28269 106690 45991 69383 74392 62597 53140 32333 38857 70761 47587 54631 50400 30226 19314 26494 54841 49131 59944 106311 113693 59283 28954 45359 37235 46310 81902 52855 58968 72681 75198 93821 110925 121571 23144 62722 73975 97889 80578 7414 49881 25713 63025 69858 87178 37302 57061 90018 79909 53652 129832 30114 35696 74229 18833 70555 29804 51146 20659 72723 60763 7448 61378 39206 63498
31519 62223 86601 77103 57999 54351 31511 79882 51813 92519 55175 100077 50114 42398 31205 75307 28138 31962 30969 40215 75858 95806 50925 37857 42953 45608 41501 0 42317 79044 60181 35033 90981 72538 69647 39546 88412 50581 46939 55092 49795 13563 62001 24274 126695 61682 41916 32299 50127 55406 62474 124727 54215 44388 15749 75900 55920 60568 28082 38149 120101 88101 58888 39514 100540 94105 63659 86212 92354 83836 70902 60090 50863 68709 77168 92306 80869 34326 71537 52205 48248 40556 65492 65101 65566 86307 80786 87374 78693 78846 49441 49086 79340 26340 59734 99750 67012 65400 28816 63424 27732 65519 77364 29305 109977 10398 57576 33318 102869 40372 43895 36252 70258 85052 55064 58314 21693 59914 32828 73939 39458 73566 81817 119476 38594 33936 78037 78252 52042 121983 36342 54547 69295 116672 77258 98835 126719 18584 60763 42659 85643 118532 46327 53281 36026 33120 57108 115545 46138 37684 48558 51653 31519 102291 29116 77103 86601 42398 75307 59000 57999 49826 44388 28082 41828 27951 28138 51813
73785 77772 124960 90105 96953 85035 51473 75726 10590 107880 83405 141946 92382 72097 71228 115636 68979 10392 69114 49746 95489 132627 73852 77874 85251 85418 59652 42317 0 120748 73864 67095 111480 103786 110142 47059 121330 85828 79309 85088 89074 46521 97905 63001 168800 89880 79195 10018 59411 82194 104341 166917 77436 84415 32596 87494 60054 89516 67916 68552 160118 99285 91774 80777 139830 134084 90040 93515 118750 107290 113030 24890 92940 86502 116105 134612 86635 72414 42500 53974 83295 77902 102218 90439 29356 121719 116907 128309 120483 120367 87042 91117 114924 55916 102011 112310 81238 103388 60111 105141 56275 63108 117625 66037 151287 52209 99879 47578 104141 82470 79688 75952 111584 106796 95616 96947 59749 69664 68327 109052 11769 111001 121304 160373 80795 70385 70178 85466 90917 137808 78611 96059 111062 123457 119097 140966 167828 44425 24220 81313 127854 112380 59032 92951 70662 18113 99424 146178 83334 79977 62040 91114 73785 139362 29542 90105 124960 72097 115636 87689 96953 77704 84415 67916 64922 67373 68979 10590
49612 85783 27322 94568 29894 78588 80271 120881 129344 97125 61558 21295 30336 62051 50028 13829 51836 110379 53429 91042 81811 38765 72476 55436 37392 37085 80703 79044 120748 0 88300 61324 85715 52965 43731 93072 50865 45902 54673 57555 53396 75118 39048 58524 48596 60993 46261 110838 92419 64633 32472 47237 71750 52218 89016 96465 99949 59264 61682 62614 44388 102646 49295 40008 30371 22245 65206 108187 72062 76093 25956 133848 28498 83374 22481 20525 107865 50638 139313 101436 47646 62811 62396 67625 139164 73212 68333 11804 31871 2336 40049 37712 69912 70239 26645 106383 89111 29875 78346 33931 82436 111216 46221 57257 31229 70452 24566 97963 127533 38850 48379 45838 9966 80465 26570 30886 61842 93950 56652 40053 115345 30396 52410 41383 44082 54065 124193 104421 34395 113807 43366 24707 9761 127636 30961 34660 48121 79233 135156 58066 25299 149811 87724 30908 55996 111656 25788 72627 43419 43718 103717 52085 49612 74300 98224 94568 27322 62051 13829 60027 29894 63314 52218 61682 73521 62854 51836 129344
69768 4463 76009 17264 58562 109770 28784 32627 75734 34382 26915 107024 75396 28968 52385 76332 54866 67709 46830 24406 22479 77862 16274 84428 72111 55946 18681 60181 73864 88300 0 34358 38042 43499 107046 26915 60064 42720 34448 30900 94967 46833 50065 48376 133351 29427 45977 68573 14556 23854 94203 133047 16550 89035 50903 15728 17255 30636 78332 30974 111849 28019 39683 60348 91368 89249 26348 26573 48756 35800 97953 69491 72642 13318 71154 108362 22568 46933 64541 22613 41410 91465 112735 24895 73060 133092 127035 89133 107599 86595 49431 83159 126608 35663 86818 40248 7470 59246 87226 96066 87222 25339 114283 43668 110644 64404 81505 92983 45091 67129 42297 52330 78731 34149 64140 57472 47383 6768 40841 55255 62480 62692 120578 116203 74634 42823 36714 19347 55120 64556 67821 69677 81600 56529 106027 120920 124065 41766 71671 90880 108457 64769 15323 58984 38863 79842 82237 78573 46929 72292 108683 95952 69768 144578 45239 17264 76009 28968 76332 29328 58562 25225 89035 78332 20520 79043 54866 75734
35529 34272 58754 48417 32651 76977 19150 64016 73519 60973 20274 82082 42253 7706 18043 52339 20585 57646 12474 29751 43227 65635 19618 50458 38151 24759 20336 35033 67095 61324 34358 0 57216 38044 73093 31748 54864 18951 12478 20079 60679 22832 30973 15001 109447 26682 15063 58353 32723 20921 60752 108391 21929 54784 35062 48389 40473 25536 45340 3752 94950 59352 24985 26774 74157 69399 28942 60328 57331 49346 65571 74689 40073 37900 50660 79742 56911 12962 78244 40811 16431 57961 78434 30637 79738 98735 92677 65726 75114 60162 21955 49073 92264 11179 53949 69261 39080 37501 56952 62524 58051 52077 80498 9509 88864 34765 49057 67603 79363 33192 13590 18620 51362 51047 34874 32185 15257 37690 6507 41959 58749 44474 86645 96680 40283 8732 65635 53633 27185 89080 33511 38777 52875 88486 73526 90685 104465 22775 76292 56941 77596 98972 27735 30442 5435 64835 49552 81202 18249 37949 81530 61620 35529 110460 39681 48417 58754 7706 52339 23982 32651 15287 54784 45340 14372 46211 20585 73519
89040 33858 63482 25260 61652 132341 62513 57953 113750 13496 37557 98999 86191 49511 71457 71902 75196 104637 67084 61734 16027 59274 40267 104271 86077 66779 52748 90981 111480 85715 38042 57216 0 33056 117919 64440 39309 51315 48302 39476 112276 77586 49505 71800 121560 32378 59907 105488 52567 36341 103882 122333 36834 107007 85507 28727 54422 34165 101219 53618 93229 24315 42186 74739 75710 77053 28860 33536 17768 9853 104138 107221 82408 24997 63706 105896 38154 65260 100426 60272 51987 112666 129112 26780 110510 147343 141394 81439 113214 83489 58012 96584 141720 64648 95438 21626 31140 57226 114078 105918 115267 58752 123881 65840 97972 91961 89702 124213 48212 81649 55726 68708 78403 6343 69886 60224 72461 43511 61952 45672 100289 55338 130590 100188 91349 62518 65014 36142 61907 32261 84481 76708 82802 42314 111812 120361 107460 74353 109439 110576 110187 70660 52449 65220 58716 115755 90918 45760 57964 88993 138639 112600 89040 154774 82285 25260 63482 49511 71902 34987 61652 41943 107007 101219 49704 102234 75196 113750
61367 39619 33798 43867 29262 104462 52550 74655 108990 44169 20727 67954 54749 31844 45708 39251 49737 94887 43008 58174 29893 34365 32402 75937 55872 36853 46338 72538 103786 52965 43499 38044 33056 0 85672 60974 17837 23353 25678 18699 82324 60867 17126 49245 92541 15007 33024 95643 53750 22668 71599 92773 29517 77567 72704 46425 59568 14715 74949 35719 68571 50458 13862 45685 48481 47558 17193 57108 23125 23270 71264 107133 50802 33984 31613 73350 58239 40167 105980 63532 25166 84706 98320 18669 111586 115569 109722 49936 80233 50795 28303 65629 110273 48758 63091 53419 41220 24188 90001 73635 92154 68827 91308 43533 69147 70154 57398 103825 75764 52015 29663 41634 45364 27544 37719 27840 51158 50207 39797 13475 94292 22888 98027 73554 62104 39098 79783 54994 30746 63342 55707 44558 49746 74677 78850 87614 81325 60352 109056 81865 77170 98411 50653 33522 36532 102834 58696 43159 29692 59897 116278 82349 61367 122081 74826 43867 33798 31844 39251 16539 29262 26240 77567 74949 39640 76107 49737 108990
40581 106201 69831 118797 56433 40916 87441 136922 120358 126755 84480 54372 32288 78124 55263 53800 53739 100281 60820 99300 109202 81781 91140 32271 34965 52410 92784 69647 110142 43731 107046 73093 117919 85672 0 100241 90023 67857 74016 81097 21588 73640 68626 61517 72932 87189 61599 100411 105119 87101 14073 69725 92155 25730 84493 119594 112753 85257 42250 76201 84364 128881 76009 46712 73875 65820 91452 131836 108092 108111 17787 129727 35764 107332 62358 39109 129335 60211 140509 111808 68026 33758 19968 93987 135197 30406 24993 55284 15908 45679 60693 24057 26303 76420 22583 136001 110669 62217 53149 12037 57709 124256 7803 64516 67573 59253 28278 72738 151365 39943 65676 54723 44478 111836 48064 57861 63932 110777 66616 75723 108997 67394 13552 78290 33946 64402 137881 125943 56157 149009 39965 41223 39565 156935 15588 36285 82752 79893 130347 29449 27208 171814 100122 52716 68240 95844 27015 114791 61828 35973 72187 19472 40581 37645 97136 118797 69831 78124 53800 85117 56433 83213 25730 42250 87462 42768 53739 120358
59833 30723 88444 43671 64138 93326 13185 40354 49742 61215 40353 113792 71952 32497 46325 83778 46877 40841 41328 2863 48477 93470 28802 72135 66538 56311 14655 39546 47059 93072 26915 31748 64440 60974 100241 0 78793 49138 40612 43157 83903 28520 60258 38924 141129 46089 46810 41707 12856 38320 89401 140119 32114 77931 26529 41405 16673 46262 63883 30800 125051 53637 51529 56628 104118 100103 45182 49468 72709 60672 95481 46170 70449 39450 81231 111272 43259 43342 46833 12705 46839 77339 101198 45048 50633 122203 116336 97187 104758 91905 53466 76526 115344 24214 83613 66437 34358 68081 68320 90956 67218 26057 107968 37285 120187 46900 79272 69890 64256 61925 45006 48869 83110 59891 66589 63540 36326 23549 36812 69367 35882 74097 113565 127552 66295 39430 39030 41218 58869 91343 60601 70116 84534 80312 103180 121660 135404 21977 48121 78117 108395 79001 12007 62187 37092 53385 79534 101348 49860 64309 86183 85359 59833 136289 18421 43671 88444 32497 83778 44448 64138 35256 77931 63883 21788 64232 46877 49742
72923 55911 25234 57253 36885 114563 70275 89770 126735 52508 38559 60732 62126 49238 59483 37541 63446 112255 57855 75986 42788 20057 50139 86343 65095 47877 64166 88412 121330 50865 60064 54864 39309 17837 90023 78793 0 37884 42390 36338 90788 77481 27430 64429 82293 32738 47096 112993 71215 40475 76289 83159 47126 86785 89858 60270 76677 32547 87061 52909 54523 61472 29890 56888 36401 38208 34344 69473 22640 31434 73687 124959 58115 49049 28582 69716 71906 54689 123477 80934 40170 95187 105224 35313 129388 120427 114886 44068 81598 48530 40601 73289 115855 65860 67948 60930 56705 29136 103096 78255 105723 85330 94518 59109 58732 84872 62665 118433 86633 62164 44571 54822 46090 35910 44872 35712 66744 66832 55643 15907 112010 22662 101130 60999 72140 54492 95483 68931 40806 63552 66552 51106 51006 81239 80421 84537 68404 77511 126888 91721 76161 109338 68320 42242 52570 119629 64122 27849 43129 70199 129824 90426 72923 124308 92540 57253 25234 49238 37541 34375 36885 44022 86785 87061 57467 88282 63446 126735
38479 40639 39865 51544 16008 81851 37497 75138 92449 59030 16976 65608 35603 16752 22357 35027 26387 76182 20022 46761 41350 46800 26650 53434 34797 15621 35562 50581 85828 45902 42720 18951 51315 23353 67857 49138 37884 0 8862 13319 60971 40284 12078 26550 92664 19431 9671 76858 46756 19868 54114 91942 26293 55774 53474 52781 54168 17513 51745 18568 76236 61205 9775 23468 55368 50989 23625 64965 45843 41863 56333 93436 32120 39998 32126 65710 63499 16973 95971 56063 2535 62063 77844 26147 98406 96494 90485 48371 65923 44351 7216 45485 90665 30020 46022 68215 44491 18951 66648 56107 68836 65343 74442 21290 71154 47170 40382 80835 84614 30335 6691 18372 36152 45017 21639 15067 28890 48125 18030 23572 77689 25543 81038 78421 40114 16647 78294 60031 12562 83388 33348 27726 38880 89080 64387 78220 86268 41403 95089 59594 65899 106091 42227 16437 15261 82344 41368 65343 6706 37786 92973 61286 38479 105357 58620 51544 39865 16752 35027 17264 16008 17520 55774 51745 28162 52882 26387 92449
40900 32758 47914 44782 24798 84066 29515 66620 85369 54277 11040 74470 41820 8118 23158 43878 26905 70001 18941 38156 36258 53854 18201 56189 39728 21837 26783 46939 79309 54673 34448 12478 48302 25678 74016 40612 42390 8862 0 8936 64959 35227 19711 24398 101518 16104 12523 70721 37895 13246 60632 100804 18397 59407 47494 45644 45324 14532 52940 10821 84476 55002 12528 27824 63552 59526 19462 57893 46000 39538 63713 85514 38719 33340 40657 74320 55868 16958 87411 47212 7062 64446 82342 21700 90382 101733 95678 57204 73354 53162 15019 50771 95633 23516 52878 63187 36930 27571 66441 62571 68085 56544 80928 18438 79909 45319 47403 78793 77494 34896 8346 20777 44861 41970 29714 23907 25871 39567 14534 29884 70576 33542 87409 86989 43912 14480 69577 52419 20750 80555 36915 35273 47380 83556 71794 86552 94855 35167 87238 62577 74015 98531 33371 24589 11175 77301 48242 68823 12555 41512 91997 65532 40900 111656 51254 44782 47914 8118 43878 13394 24798 9363 59407 52940 19354 53972 26905 85369
49584 28228 46327 38288 28154 92866 33940 63524 90401 46091 4005 76137 48814 13257 32008 45433 35805 76209 27876 40446 28220 50369 16032 64841 47514 28714 28551 55092 85088 57555 30900 20079 39476 18699 81097 43157 36338 13319 8936 0 73246 42783 19225 33213 102605 7171 20610 76969 37728 7082 67408 102217 14445 67812 54134 39651 44508 5630 61839 17310 82836 47887 9008 35789 61986 59028 10779 51775 37367 30611 69598 89115 45401 26750 40542 77799 50629 25835 89225 47487 13136 73195 90439 13179 93730 109460 103429 58298 79166 55789 20536 58405 103509 30305 59340 55175 31688 28354 75354 69395 76944 55028 87741 27220 80165 54047 53701 87374 71413 42833 16367 29292 48161 33134 34747 26953 34487 36918 23286 26361 75672 32381 94324 86331 52211 23400 67368 47162 25728 71736 45260 41002 51366 75892 77639 90797 94225 41805 90972 71185 78757 93081 33884 29562 19931 84440 54686 61564 19355 49826 100798 73716 49584 118638 56202 38288 46327 13257 45433 4491 28154 7902 67812 61839 21432 62881 35805 90401
25208 94924 75256 108723 54165 25291 71825 122561 99411 119223 75980 69370 28707 67048 42861 59107 40108 79405 48287 83397 101216 87227 80039 12041 26462 45720 78728 49795 89074 53396 94967 60679 112276 82324 21588 83903 90788 60971 64959 73246 0 55930 65504 46906 91411 80092 52645 79483 90607 78134 22190 88507 81781 6015 65223 108948 97941 78232 21737 64226 97375 119422 70359 37545 83197 75124 84019 120978 105444 102820 31552 109494 32692 97681 66221 55999 117535 48803 121294 96120 60341 12258 17771 86418 114928 38477 32515 65061 35153 54691 54506 17627 31774 61303 26782 128141 99687 61655 31612 21601 36182 109113 28696 51299 82110 39582 30141 51419 140030 30644 56900 44208 49966 105965 45935 55460 48583 97680 54282 75170 88637 68681 32291 92879 21051 52588 122587 114288 51596 144346 28045 39768 45831 148320 34191 56568 98411 62458 109977 7879 45408 159191 85751 49148 56692 74367 28670 117667 54312 23448 52539 2117 25208 52793 78315 108723 75256 67048 59107 77642 54165 73379 6015 21737 74567 22009 40108 99411
33166 48733 78601 63634 50440 65038 18494 68560 54412 78956 42438 96412 48818 29708 25105 69195 23548 36445 22594 28564 62350 86791 37429 43992 42276 38991 28172 13563 46521 75118 46833 22832 77586 60867 73640 28520 77481 40284 35227 42783 55930 0 52223 16660 123614 49048 32839 37051 37670 42399 64235 122003 40769 50044 14027 62521 44077 48087 35412 25515 113598 74662 47614 35262 93336 87570 50706 73077 79692 70673 71569 59166 48476 55146 69624 90682 67967 25897 67387 41141 37801 48841 72941 52007 64585 93966 88166 82029 80252 74533 40685 50833 87066 12998 59798 86217 53550 57039 40818 65541 40468 54457 81441 19615 105141 18533 56472 46862 90206 38450 33806 29596 65637 71725 49341 50462 13350 46981 22303 63848 40232 64842 86626 114005 40155 24107 67550 65230 44401 108448 35699 50478 65613 103362 78722 99039 121534 6586 60315 49793 85647 106768 33510 46462 25067 42161 56355 104027 37042 38537 62075 57511 33166 108641 24120 63634 78601 29708 69195 46431 50440 36912 50044 35412 28271 35728 23548 54412
45786 47173 28206 55537 12196 88249 49159 82659 104492 59461 23168 56970 37653 27812 32164 26355 36087 88242 31063 57745 43139 34722 35086 59776 39138 20734 46149 62001 97905 39048 50065 30973 49505 17126 68626 60258 27430 12078 19711 19225 65504 52223 0 37747 83381 21946 20119 88913 56462 26215 54555 82998 33669 60943 65528 57419 63500 20235 59805 30267 64794 63914 10414 29775 43861 40159 26168 69161 40069 39655 54679 105170 33692 44329 21436 59527 68861 27760 106987 66085 14612 68612 81265 28609 110069 98452 92599 39079 63873 37131 13183 48600 93148 42084 46063 68805 50230 9267 75686 56592 78293 74199 74410 32924 61051 57708 40348 91136 88575 35598 18419 27419 30224 43601 20606 10767 40366 56143 29921 12003 89722 13841 81125 67599 45709 28283 86593 65427 14004 80396 39663 27452 34090 90077 62439 73123 75487 53481 106867 65487 61804 110777 52281 16454 27296 94161 41622 55272 15965 43606 102395 65443 45786 105276 70584 55537 28206 27812 26355 21097 12196 26210 60943 59805 38710 61012 36087 104492
21797 48789 62738 63214 34257 62024 25952 75891 71066 75961 34351 79817 33484 22511 8507 52634 7973 52796 6695 37826 58163 71614 34498 36065 27671 22417 31856 24274 63001 58524 48376 15001 71800 49245 61517 38924 64429 26550 24398 33213 46906 16660 37747 0 107072 40285 17645 53353 43920 35481 50486 105527 36924 40913 30668 63002 51429 38843 30381 18752 97194 74211 35402 18935 77134 71140 43126 74749 70384 63535 56859 75450 32572 52869 53510 74608 70889 10062 82376 50290 24336 43197 64653 45046 80817 85319 79305 65389 65984 57898 25206 37646 78675 14903 44968 84259 53667 41332 42299 52032 43739 62838 69189 6004 88484 20971 41027 54594 93451 23215 19874 12961 48991 65553 32691 34424 3320 50789 9941 49711 56871 49410 74952 97400 27660 10151 76442 67720 28219 103839 21688 33962 49088 103364 64414 83724 104904 20929 76696 42506 70344 112291 38990 29983 13284 56897 41112 91847 21865 25550 67601 48058 21797 98168 39946 63214 62738 22511 52634 37540 34257 29943 40913 30381 27861 31229 7973 71066
95936 130224 58834 136394 77060 113802 128540 165830 177651 134577 106528 27405 76684 109330 98567 57641 100191 158409 102021 138969 122372 62632 118400 97724 83913 85612 128159 126695 168800 48596 133351 109447 121560 92541 72932 141129 82293 92664 101518 102605 91411 123614 83381 107072 0 104325 94453 158825 139366 109552 69669 3788 117045 92701 137437 138862 146646 102897 105921 110398 33695 142579 93694 88383 45973 45020 108075 149627 104731 113154 60070 182442 75867 126102 62216 35691 150647 99197 187656 148727 94727 103089 92351 110183 187760 92471 90224 44385 57134 49446 87683 80554 92825 118734 68622 143185 132804 74380 121251 69915 125696 157534 69814 105830 23605 117493 69473 141445 167961 86350 96139 94433 58380 117710 75051 77762 110386 139516 105089 79254 163807 70821 72556 23981 89468 102526 169964 147334 82270 143356 90407 73137 58001 163491 57748 37741 20331 127825 183741 98184 46143 190695 134889 79066 104222 158606 70177 90975 91270 89736 143938 89510 95936 82937 146820 136394 58834 109330 57641 104075 77060 109371 92701 105921 120803 106945 100191 177651
56662 25974 46587 33635 32642 99987 38413 61563 94615 39607 6658 78481 54989 19348 39163 48145 42972 81355 35040 43270 22082 48896 17407 71894 54138 35050 31504 61682 89880 60993 29427 26682 32378 15007 87189 46089 32738 19431 16104 7171 80092 49048 21946 40285 104325 0 27554 82140 38801 7813 73352 104190 14535 74730 59716 35473 44834 1933 69005 23575 82511 42456 11890 42561 61953 59909 4359 47261 30680 23440 74962 92258 51425 22384 42150 81461 46955 32999 90995 48603 19761 80294 97155 6908 96655 115923 109913 60421 84434 59072 26511 64902 110074 36279 65130 48818 28534 31170 82485 75362 84023 54535 93643 34282 81389 61036 59429 94226 66751 49555 23354 36331 52036 26035 39991 31317 41436 35965 30345 25832 80012 33506 100277 86778 59094 30549 66110 43534 31219 64632 52180 46529 55648 69784 82936 94928 94638 47507 94207 78211 83301 88855 35646 34914 27004 90229 60496 56304 25887 56721 107822 80501 56662 124595 60604 33635 46587 19348 48145 2746 32642 12375 74730 69005 25115 70049 42972 94615
29227 44748 45781 57243 18115 72635 34087 77398 86498 66608 23410 67069 29532 17184 12689 37664 16719 69243 10952 44802 48634 54126 29786 44385 27206 10131 34876 41916 79195 46261 45977 15063 59907 33024 61599 46810 47096 9671 12523 20610 52645 32839 20119 17645 94453 27554 0 69866 47026 25761 48375 93355 30571 47204 46602 57995 54733 25743 42190 16658 81212 67522 19360 15314 60698 55338 31388 70238 55402 50717 52028 88920 26666 45840 36972 64819 67918 7645 93203 55578 8128 52878 69914 33774 94082 89214 83161 50975 61666 45115 7852 38251 83135 24654 40846 75598 49115 24209 56977 50283 59186 66267 68608 13228 74185 37777 35540 71377 89788 22388 4259 8890 36300 53568 19840 17900 20374 50473 11071 32106 71893 32037 75038 82343 31604 8818 79667 64495 12321 92133 24651 24204 37877 96059 60089 76141 90055 35118 90417 50670 63232 110539 42139 15398 9769 74336 36260 74746 4248 29217 83327 53146 29227 99244 53452 57243 45781 17184 37664 25035 18115 21615 47204 42190 28078 43310 16719 86498
63772 72207 115643 85358 87460 76757 43999 74627 19948 102918 75565 132013 82372 63812 61485 105958 59130 868 59588 44168 89462 123608 66759 68141 75236 75758 52943 32299 10018 110838 68573 58353 105488 95643 100411 41707 112993 76858 70721 76969 79483 37051 88913 53353 158825 82140 69866 0 54486 74586 94389 156925 70375 74702 23385 82996 56331 81638 58162 60085 150541 95100 83241 70903 130369 124490 82630 90092 111644 100656 103040 31709 82959 80684 106667 124596 83420 62922 47636 50482 74333 68527 93081 83227 36789 112890 107934 118539 110549 110489 77717 81137 106037 47210 91998 108010 76035 94074 51275 95212 47685 61128 107942 56655 141460 42217 89864 40802 102305 72484 70580 66271 101733 100498 85870 87506 50137 65073 59133 100255 12307 101808 111758 150629 70790 61090 69871 81894 81416 133050 68601 86167 101138 120583 109155 130978 158046 35578 31615 71779 117852 112471 53362 83334 61617 13623 89407 138393 74047 69962 56295 81503 63772 130282 23337 85358 115643 63812 105958 79831 87460 69827 74702 58162 57537 57662 59130 19948
65682 18732 84053 30875 62638 102526 19352 31977 61187 48528 34209 112364 74921 30380 49920 81734 51448 53619 44433 10778 36843 87574 21787 79283 70428 57101 12423 50127 59411 92419 14556 32723 52567 53750 105119 12856 71215 46756 37895 37728 90607 37670 56462 43920 139366 38801 47026 54486 0 31567 93245 138693 24271 84593 38638 28553 7750 39451 71931 30399 120551 40784 46679 59405 99714 96592 36881 36906 62385 49767 98291 55447 72796 27672 77890 111671 30999 45583 52263 9817 44827 85387 108254 36155 59286 129083 123101 95003 107823 90982 52395 81077 122359 29306 86637 53585 21840 65114 78437 94960 77805 19355 112676 40626 117458 56125 81779 81758 52744 65546 44220 51275 82524 48467 66640 61790 42027 10706 38917 63906 47961 70012 118632 123980 71499 41370 32936 28699 58106 78596 65163 71200 84656 67757 106235 123159 131874 31638 57579 85547 110181 69279 5013 61774 38063 66238 82267 91796 49185 69309 97875 91860 65682 142055 31258 30875 84053 30380 81734 37781 62638 30262 84593 71931 18986 72453 51448 61187
53809 21151 52790 31786 35154 96660 30724 56467 86822 41212 3077 83171 54837 13224 35864 52487 39379 73792 31083 35512 23181 56022 9843 69100 52965 34732 23709 55406 82194 64633 23854 20921 36341 22668 87101 38320 40475 19868 13246 7082 78134 42399 26215 35481 109552 7813 25761 74586 31567 0 73580 109208 7567 72530 52418 32920 38008 7996 65241 17414 89118 41807 15858 41069 68366 65731 8319 45122 37491 28489 76169 84488 51587 20261 47406 84857 43694 29669 83567 41383 19188 77189 95565 9738 88920 114975 108921 65290 85772 62871 27007 63993 108879 29449 65659 50018 24708 35395 77739 75542 78949 48254 93908 29548 86988 55685 60084 88356 64770 48141 21548 33927 55213 30138 41488 33979 36135 29978 25698 32383 72239 39086 100436 92921 57101 26493 60416 40225 32420 68367 50096 47567 58353 70310 84232 97783 100809 40345 86426 75530 85651 86239 28124 36287 22545 83004 61006 63992 25310 54699 102444 78740 53809 124719 52854 31786 52790 13224 52487 6244 35154 5641 72530 65241 17336 66210 39379 86822
31364 93119 57086 105349 42361 46677 76349 124768 114175 112862 70885 47195 18842 65236 43408 40827 42524 94148 48824 88211 95407 69139 78118 28393 22911 38852 80831 62474 104341 32472 94203 60752 103882 71599 14073 89401 76289 54114 60632 67408 22190 64235 54555 50486 69669 73352 48375 94389 93245 73580 0 66918 78924 23042 76278 106276 100957 71420 37443 63644 75639 115274 62057 34007 62810 54675 77642 118525 94051 94066 9608 122180 22011 93840 49078 34043 116288 47790 131616 100471 54421 33452 30189 80186 127666 44251 38614 44275 16226 34103 46915 13492 39581 65252 8516 122132 97479 48210 51738 2038 56241 112539 20336 52707 60008 52235 14206 71939 138117 27712 52337 42153 31393 97818 34007 43789 53227 98263 54380 61769 101831 53628 26929 70796 24213 52020 126160 112868 42217 134935 28882 27174 26623 143134 14784 36857 76231 70127 123008 28536 24343 158887 88231 38715 55674 91622 12965 101566 48270 25700 74557 20511 31364 51249 88249 105349 57086 65236 40827 71344 42361 69922 23042 37443 75088 38307 42524 114175
93781 130012 59238 136566 76196 110628 127428 165594 175879 135242 106166 26362 74637 108533 97021 56988 98515 156525 100626 138009 122654 63724 117909 95102 81846 84321 127341 124727 166917 47237 133047 108391 122333 92773 69725 140119 83159 91942 100804 102217 88507 122003 82998 105527 3788 104190 93355 156925 138693 109208 66918 0 116662 89960 135758 138965 146040 102716 103456 109462 36203 142998 93363 86742 47046 45443 108018 149880 105699 113768 57310 180961 73991 126127 62040 33110 150723 97871 186515 147975 93944 100278 89027 110174 186303 88818 86641 43920 53996 48245 86750 78094 89260 117474 66217 143944 132711 73901 118596 67089 123064 157024 66418 104480 24483 115400 67320 138799 168377 84447 95189 92996 57126 118328 73792 76957 108834 139132 103872 79400 162140 70740 69024 26347 87214 101291 169580 147385 81257 144771 88396 71565 56447 164398 54667 34250 23482 126352 182223 95385 43137 191089 134157 77957 103118 156430 67964 92901 90284 87564 140998 86581 93781 79160 145370 136566 59238 108533 56988 103842 76196 108833 89960 103456 120023 104460 98515 175879
56909 14390 60345 26961 42040 98894 26454 49161 81404 39151 10527 90566 60086 14784 38959 59844 42065 69554 33695 29258 21740 63342 3620 72063 57508 40213 17911 54215 77436 71750 16550 21929 36834 29517 92155 32114 47126 26293 18397 14445 81781 40769 33669 36924 117045 14535 30571 70375 24271 7567 78924 116662 0 76009 49143 27464 30498 15218 67264 18178 96629 37670 23373 45580 75905 73296 13074 39691 41326 30526 82106 78163 57077 16020 54937 91838 37471 32985 76465 34078 25157 79777 99421 13053 82433 119279 113211 72743 91746 70046 33172 68608 113005 27879 71250 47335 18558 42787 78500 80843 79282 40688 99177 31343 94536 55907 65796 87505 59217 52573 26598 37904 62198 31083 47855 40935 36898 22473 27828 39873 67032 46648 105608 100486 60927 29245 52924 34023 38791 67904 53950 53622 65135 66715 90187 104509 108373 37626 80163 78544 92167 80134 21199 42669 25133 79676 66621 69303 30948 58532 102226 82551 56909 129796 47904 26961 60345 14784 59844 13611 42040 9036 76009 67264 13075 68140 42065 81404
19268 89047 72499 102927 49955 27984 65817 116546 94650 113683 70443 69506 25219 61251 37054 56596 34200 74583 42431 77404 95659 84341 74203 6583 21821 40771 72723 44388 84415 52218 89035 54784 107007 77567 25730 77931 86785 55774 59407 67812 6015 50044 60943 40913 92701 74730 47204 74702 84593 72530 23042 89960 76009 0 59656 103103 91927 72890 16570 58355 96544 113670 65286 32307 81385 73408 78591 115104 100688 97633 32650 104313 29050 91944 63208 57043 111601 43064 115767 90124 55021 10681 23742 80962 109767 44491 38527 63642 37695 53292 49506 14814 37781 55289 25738 122547 93827 57683 28795 22982 33337 103106 33247 45373 81927 34075 28050 48964 134111 25594 51445 38630 47749 100681 41954 51197 42570 91695 48416 71025 83505 65018 37433 92614 15662 46780 116585 108365 46955 139151 22554 36168 43971 142619 36551 59097 98489 56552 104862 5849 47199 153203 79738 44764 50890 70277 26668 113968 49081 18014 51937 7467 19268 58606 72655 102927 72499 61251 56596 72237 49955 67690 0 16570 68611 17043 34200 94650
44914 53798 92375 68167 64379 69716 23011 66083 40400 84863 53071 110302 61986 40887 39068 83218 37249 22718 36586 27956 69671 100226 45554 53207 55166 53018 33057 15749 32596 89016 50903 35062 85507 72704 84493 26529 89858 53474 47494 54134 65223 14027 65528 30668 137437 59716 46602 23385 38638 52418 76278 135758 49143 59656 0 66405 43190 59047 43620 37000 127573 78773 60021 49056 107239 101559 60653 75534 89860 79667 84146 46008 61963 61489 83512 104128 69580 39856 56115 38642 50951 56289 81193 61538 51482 102042 96496 96052 92464 88478 54451 62786 95075 23998 72558 91150 58229 70801 43742 77414 41917 51651 92268 33443 119152 25648 69632 43364 90785 51710 47204 43618 79602 80060 63358 64357 27368 49154 35780 76896 26383 78466 96986 128032 52072 37797 63526 67337 58350 114941 48484 64332 79454 106371 90973 111891 135560 12356 46979 58261 98541 104950 35835 60477 38232 30607 69396 115695 50751 50756 59689 67019 44914 117879 13376 68167 92375 40887 83218 57280 64379 47341 59656 43620 36068 43571 37249 40400
83883 14232 80217 3476 67692 124834 44508 30054 88234 20782 35823 113620 87457 41958 66093 83546 68944 82129 60671 39181 17519 79700 28910 98842 84970 67460 34400 75900 87494 96465 15728 48389 28727 46425 119594 41405 60270 52781 45644 39651 108948 62521 57419 63002 138862 35473 57995 82996 28553 32920 106276 138965 27464 103103 66405 0 27758 37209 93261 44761 114347 12368 47232 73043 94750 93948 31305 12249 43737 30628 109085 80037 84347 13091 77105 116921 11817 60271 71974 33893 52055 106198 126655 28970 82909 146666 140597 95516 118692 94543 59925 96070 140338 51064 98479 25033 9336 66636 102752 108212 102851 30185 126565 57885 115547 79905 92946 108699 31869 80029 53950 65326 87427 27259 74371 66435 62323 17925 54690 59608 75854 68316 133026 119847 88232 56373 36658 8670 65317 50325 81286 80487 90876 40886 117151 130264 127558 57492 82306 105322 118380 53474 30585 69174 52281 94768 93833 73542 58084 85848 124410 109795 83883 157238 59809 3476 80217 41958 83546 36556 67692 36382 103103 93261 35475 94030 68944 88234
73133 21714 90770 30674 70113 109111 26246 24674 60476 48490 40815 119741 82663 37972 57603 89055 59042 55468 52135 15705 39421 93729 28478 86498 78120 64822 20162 55920 60054 99949 17255 40473 54422 59568 112753 16673 76677 54168 45324 44508 97941 44077 63500 51429 146646 44834 54733 56331 7750 38008 100957 146040 30498 91927 43190 27758 0 45684 78883 38126 127123 39255 53511 67143 106371 103526 42435 33762 65993 52966 106040 52814 80546 30389 84932 119306 27164 53326 47305 6141 52312 92366 115529 41368 56119 136414 130452 102263 115569 98476 59968 88725 129655 36678 94381 52294 23330 72301 84554 102663 83648 11607 120333 48301 124550 62610 89529 86554 47611 73251 51859 59018 90078 51059 74293 69229 49413 10960 46654 70370 48332 76887 126254 130836 79059 49115 25205 25570 65696 77996 72789 78920 92289 64375 113981 130874 138729 37769 55043 92702 117913 62721 12748 69393 45812 68831 90015 95828 56815 76892 102856 99237 73133 149597 33851 30674 90770 37972 89055 44108 70113 37317 91927 78883 26664 79352 59042 60476
54896 27332 45404 35437 30770 98248 38101 62941 94447 41533 6118 76931 53060 18394 37478 46510 41319 80861 33465 43466 24011 48129 17819 70110 52242 33133 31623 60568 89516 59264 30636 25536 34165 14715 85257 46262 32547 17513 14532 5630 78232 48087 20235 38843 102897 1933 25743 81638 39451 7996 71420 102716 15218 72890 59047 37209 45684 0 67339 22573 81501 44350 10057 40693 60858 58616 6269 49057 31810 25104 73046 92419 49493 24119 40690 79712 48627 31339 91537 49267 17892 78537 95268 8822 96882 114006 107998 58895 82525 57363 24581 62991 108166 35428 63199 50749 30080 29485 80971 73429 82573 55594 91710 32850 80046 59670 57498 92962 68576 47676 21565 34551 50245 27825 38074 29453 40098 37086 28916 24749 79795 32112 98344 85598 57247 29011 67349 45195 29290 66402 50346 44602 53815 71717 81024 93124 93470 46780 94342 76411 81450 90630 36107 32991 25561 89492 58563 56756 23995 54878 106426 78629 54896 122662 60352 35437 45404 18394 46510 1841 30770 11821 72890 67339 24986 68394 41319 94447
14251 79030 77269 93565 50885 31643 52660 103539 78108 106168 63703 81061 31518 52672 29869 62651 26035 58031 34177 63722 88255 88418 64878 9991 25010 39185 60763 28082 67916 61682 78332 45340 101219 74949 42250 63883 87061 51745 52940 61839 21737 35412 59805 30381 105921 69005 42190 58162 71931 65241 37443 103456 67264 16570 43620 93261 78883 67339 0 49088 105705 104581 61511 30195 88488 80936 72359 104855 97579 92437 46768 87801 34204 83238 67540 70350 100655 36006 99614 76412 50308 13487 37754 74493 93246 58742 53055 72156 53171 62228 46923 25368 51803 43029 37316 114580 83930 59070 17033 37914 20832 89652 49813 35954 92662 17995 37355 36283 123219 25872 46060 33373 55031 94896 44378 51834 30964 80066 39643 71199 66969 67178 53918 103031 17720 38764 102888 97593 46292 133446 21006 40486 52346 133736 51887 74270 109520 41997 88322 14660 61708 141165 67304 45382 42703 54277 36346 114871 45260 18611 43682 23640 14251 74259 56828 93565 77269 52672 62651 66321 50885 59880 16570 0 57875 1256 26035 78108
39122 30698 58369 44728 33357 80723 18936 61228 74548 57228 17027 83109 44995 4249 21448 52980 24183 59350 15943 28573 39505 64645 15922 54120 41237 26703 18221 38149 68552 62614 30974 3752 53618 35719 76201 30800 52909 18568 10821 17310 64226 25515 30267 18752 110398 23575 16658 60085 30399 17414 63644 109462 18178 58355 37000 44761 38126 22573 49088 0 94800 55640 23222 29640 73919 69512 25562 56752 54252 45897 68127 74921 42608 34157 50669 81450 53481 15996 77583 38944 16163 61678 81963 27152 79860 102178 96116 66389 77717 61337 22718 52240 95747 13041 56627 65510 35472 37479 60635 65452 61670 49693 83536 13212 89400 38343 51588 70959 75876 36259 14274 21517 52655 47482 36421 32741 18928 34627 9944 40704 59756 44006 89749 96911 43694 11851 63164 50173 28241 85412 36852 40801 54473 84766 76131 92763 104739 24643 76604 60604 79787 95695 25489 31729 7975 67162 52160 78798 19204 41340 85055 65128 39122 113661 40446 44728 58369 4249 52980 20931 33357 11777 58355 49088 11559 49961 24183 74548
92911 108118 36627 111474 63214 122300 113733 143195 167694 106654 86366 30543 74188 92591 89211 44794 91985 149974 91005 122527 97027 34666 98783 99809 80915 74822 110856 120101 160118 44388 111849 94950 93229 68571 84364 125051 54523 76236 84476 82836 97375 113598 64794 97194 33695 82511 81212 150541 120551 89118 75639 36203 96629 96544 127573 114347 127123 81501 105705 94800 0 115985 73953 80704 20935 26057 85535 123956 75648 85919 67371 169628 71726 102408 44324 46590 126102 87717 171742 130323 78677 107170 104169 87207 174632 110575 106805 33563 69343 43563 73462 82101 108932 105624 70846 114629 109771 57450 122539 76753 126529 137045 84305 94179 17792 112593 68927 141897 141069 81440 81453 84319 50861 90350 65038 63317 100405 118459 92266 56762 153104 50954 89140 9904 87994 90006 148333 123012 69227 111761 86279 66323 53381 133984 69172 57629 14877 116327 171243 102393 58567 163726 116679 67211 90427 153205 70171 58019 77239 87352 148099 95918 92911 105822 134492 111474 36627 92591 44794 83029 63214 90485 96544 105705 103441 106906 91985 167694
94578 25989 83771 11095 75083 136215 56793 35110 99528 12048 44404 118411 96599 52450 76626 89239 79712 94232 71353 51477 20836 81472 39737 109708 94718 76476 46630 88101 99285 102646 28019 59352 24315 50458 128881 53637 61472 61205 55002 47887 119422 74662 63914 74211 142579 42456 67522 95100 40784 41807 115274 142998 37670 113670 78773 12368 39255 44350 104581 55640 115985 0 54307 82792 97371 97584 38097 9471 41702 30078 117348 90440 93263 21754 82019 123168 15437 70620 80829 45376 60867 117313 137021 35556 92926 156689 150627 100387 126856 100591 68421 105773 150509 62929 107226 13044 21121 72852 114638 117253 114871 39477 135610 68851 119024 91790 101580 120996 25383 89852 63337 75377 94130 25723 82384 73743 73770 30091 65450 63932 87580 73235 142173 122305 98506 66915 42627 14799 73489 38959 91510 88812 97950 29156 125349 137005 129815 69762 92734 116191 125653 48118 42951 77258 62803 107022 102572 69974 67054 96106 136642 120155 94578 166475 72003 11095 83771 52450 89239 44138 75083 46117 113670 104581 47167 105397 79712 99528
48236 36758 37387 45493 20776 91581 41417 72259 97648 50846 12847 67376 44048 19877 31989 36766 36007 82517 29147 48889 33760 42004 25034 63129 44000 24672 37065 58888 91774 49295 39683 24985 42186 13862 76009 51529 29890 9775 12528 9008 70359 47614 10414 35402 93694 11890 19360 83241 46679 15858 62057 93363 23373 65286 60021 47232 53511 10057 61511 23222 73953 54307 0 33016 53068 50021 16231 59112 36071 32547 63259 97169 40324 34147 31565 69706 58571 26336 97916 56410 11355 71792 86982 18757 101902 105191 99227 49451 72680 47431 15877 54404 99535 36042 53723 60150 39856 19666 76271 64081 78348 64019 82262 29741 71175 56294 47993 89969 78631 39733 15828 28139 40200 35974 28342 19438 37387 45831 26071 17874 82863 23376 88932 77334 49653 25262 76273 55126 19852 74033 42978 35010 43761 81282 71194 83070 85229 47694 98966 69241 71411 100675 42727 23380 22870 89747 49123 56657 16408 47355 102457 70583 48236 113225 63461 45493 37387 19877 36766 10734 20776 16535 65286 61511 29746 62643 36007 97648
16039 59509 48633 72420 20909 58777 43444 90780 89341 81864 38715 61271 15524 31411 10550 35955 11829 70425 15313 55134 63919 59108 44440 30253 11938 9045 46983 39514 80777 40008 60348 26774 74739 45685 46712 56628 56888 23468 27824 35789 37545 35262 29775 18935 88383 42561 15314 70903 59405 41069 34007 86742 45580 32307 49056 73043 67143 40693 30195 29640 80704 82792 33016 0 61581 54807 46537 85262 68718 65330 39007 94329 13846 61077 38905 55678 82627 13828 101179 67022 22802 39026 54651 48967 99713 73911 67855 47863 48462 39590 17392 23031 67822 32504 27253 90889 64025 29081 46584 35812 49614 78747 53944 19348 70591 32026 22653 63611 104726 7074 19557 8154 30844 68423 15827 21753 22196 64266 20490 41010 75424 37321 60234 79973 16650 18055 92341 79241 16097 106852 10023 15301 30401 111372 46874 65132 87264 39864 95536 36254 51810 125109 54396 15462 21668 72547 22982 84681 16781 14338 73443 37944 16039 84304 58875 72420 48633 31411 35955 40143 20909 36752 32307 30195 41086 31425 11829 89341
75003 87754 15700 92028 42911 108484 92855 123081 147177 88860 65569 27865 57323 71664 69402 25926 72425 129776 70784 101592 77700 16680 77970 83729 63479 54962 89926 100540 139830 30371 91368 74157 75710 48481 73875 104118 36401 55368 63552 61986 83197 93336 43861 77134 45973 61953 60698 130369 99714 68366 62810 47046 75905 81385 107239 94750 106371 60858 88488 73919 20935 97371 53068 61581 0 8135 65160 104891 58761 67578 56104 148796 54308 82464 23730 41452 106560 67447 150809 109468 57826 91722 92762 66958 153773 102677 98100 18619 60714 28720 52886 66588 99838 84931 56473 97331 89656 36698 105509 64299 109246 116452 75633 73796 22570 93605 53340 124227 122691 63242 60724 64415 33773 72112 45754 42882 80282 97915 71704 36124 132527 30021 81419 25097 70867 69515 127985 103374 48957 97891 68187 48141 37435 117528 60092 55562 32844 95794 150433 87171 51625 145434 95792 47288 69741 133647 54743 48193 56644 69886 131768 82028 75003 101475 113773 92028 15700 71664 25926 62337 42911 69591 81385 88488 82508 89725 72425 147177
67656 85882 13816 91425 37262 100405 88376 121449 141745 89845 62803 22825 49602 67622 63160 18854 65973 123926 64978 97678 77356 20381 75050 75900 55941 48764 86228 94105 134084 22245 89249 69399 77053 47558 65820 100103 38208 50989 59526 59028 75124 87570 40159 71140 45020 59909 55338 124490 96592 65731 54675 45443 73296 73408 101559 93948 103526 58616 80936 69512 26057 97584 50021 54807 8135 0 63462 104615 60847 68351 48038 144059 46734 81299 18873 34678 105752 61707 146926 106240 53351 83798 84640 65469 149134 94804 90150 10536 52908 20587 47668 58631 91848 79882 48378 98624 88187 32040 97927 56167 101740 113984 67746 68205 21600 86789 45358 116857 122966 55986 55826 58262 25984 72911 39059 37446 74357 95629 66409 34393 127201 26654 73629 27466 63255 64099 125963 102470 43245 101234 60897 40828 29436 119265 52230 49202 35344 90417 145621 79210 44197 145692 92439 41157 64706 127220 46745 53948 51450 62374 124042 73935 67656 94138 108745 91425 13816 67622 18854 59941 37262 66330 73408 80936 78780 82164 65973 141745
60313 22598 49980 29370 36996 103528 38656 58017 94321 35426 8776 82438 59222 21324 42619 52243 46338 81826 38233 42328 17766 51532 16436 75585 58205 39221 30853 63659 90040 65206 26348 28942 28860 17193 91452 45182 34344 23625 19462 10779 84019 50706 26168 43126 108075 4359 31388 82630 36881 8319 77642 108018 13074 78591 60653 31305 42435 6269 72359 25562 85535 38097 16231 46537 65160 63462 0 42995 29212 20437 79315 91232 55692 18247 46002 85694 42882 36415 89137 46590 23788 83895 101177 2554 95477 120076 114056 64351 88791 63260 30759 69032 114180 37765 69442 44590 24739 35348 85422 79648 86791 51652 97944 37133 85009 63629 63747 96514 62447 53565 27147 40055 56322 22542 44342 35666 44022 33030 33215 29155 79855 37279 104570 90108 62988 33677 62832 39485 35547 61099 56039 50865 59974 65493 87292 99223 97942 48632 93235 81943 87639 84609 34174 39257 29934 91253 64804 56337 29971 60604 110430 84475 60313 128890 60581 29370 49980 21324 52243 6405 36996 13833 78591 72359 25134 73375 46338 94321
95855 26057 90813 13626 79709 136332 54707 25853 92967 21510 47992 124845 99706 54089 78155 95080 80911 89230 72692 47657 27263 89321 41004 110716 97182 79705 44957 86212 93515 108187 26573 60328 33536 57108 131836 49468 69473 64965 57893 51775 120978 73077 69161 74749 149627 47261 70238 90092 36906 45122 118525 149880 39691 115104 75534 12249 33762 49057 104855 56752 123956 9471 59112 85262 104891 104615 42995 0 50602 38402 121289 82981 96592 25050 88319 128685 7057 72395 72402 39670 64281 117920 138709 40562 85150 158805 152737 106749 130887 106219 72127 108282 152444 62227 110720 20706 21312 78314 113686 120461 113542 31816 138814 69789 126170 90901 105179 118498 19649 92234 66199 77507 99296 34270 86520 78430 73892 26444 66696 70504 81748 79508 145272 129937 100341 68451 33473 8254 77482 46602 93415 92685 102848 30857 129349 142181 137543 67646 85286 117188 130421 41627 40010 81329 64375 102521 106072 79283 70325 97963 134472 121862 95855 169480 67456 13626 90813 54089 95080 48522 79709 48628 115104 104855 46983 105583 80911 92967
84240 44294 47711 40338 51997 127477 67650 73751 122406 31262 37256 83306 77708 50019 67942 58319 71934 110830 64608 69859 27092 42140 44927 98964 78995 59950 59125 92354 118750 72062 48756 57331 17768 23125 108092 72709 22640 45843 46000 37367 105444 79692 40069 70384 104731 30680 55402 111644 62385 37491 94051 105699 41326 100688 89860 43737 65993 31810 97579 54252 75648 41702 36071 68718 58761 60847 29212 50602 0 13281 92915 117827 73729 35693 49597 91620 54431 62082 113173 71296 47311 107700 121332 28422 121631 138216 132433 66327 101481 69757 51327 88667 133079 66841 85539 38981 43223 45911 112104 96079 113964 72377 113374 64438 81235 91319 79919 124734 65976 75124 51670 64209 65924 16561 60494 50599 71823 55163 60531 32736 108213 42021 120080 82866 85201 60344 80365 51967 53854 41770 78740 67281 70646 58775 100184 106350 90013 77835 119948 104944 97160 88416 60942 56522 57169 120463 81269 30050 52418 82977 137957 105452 84240 143868 89210 40338 47711 50019 58319 33354 51997 42818 100688 97579 54120 98707 71934 122406
79934 31351 54634 27285 51808 123320 56920 60682 110402 21514 29203 89944 76464 41685 62582 62306 66409 99822 58463 57857 13819 51474 34126 95096 76527 57204 47739 83836 107290 76093 35800 49346 9853 23270 108111 60672 31434 41863 39538 30611 102820 70673 39655 63535 113154 23440 50717 100656 49767 28489 94066 113768 30526 97633 79667 30628 52966 25104 92437 45897 85919 30078 32547 65330 67578 68351 20437 38402 13281 0 94286 105170 72655 22582 54263 96363 41642 56432 100029 58408 42693 103586 119528 18755 108839 137608 131672 72211 103370 73887 48416 86939 132034 57676 85612 30507 30004 47408 105815 96102 107224 59106 114041 57535 89550 84063 79878 116844 55202 72176 46602 59579 68634 4560 60063 50380 64459 42071 53607 36119 96457 45773 120751 92383 81972 53948 67180 39012 52165 41526 75161 66892 72999 51620 101966 110753 99830 68032 107322 101346 100438 77918 48738 55433 50301 110198 81103 43327 48552 79634 130860 103092 79934 144927 77799 27285 54634 41685 62306 26145 51808 34121 97633 92437 43599 93486 66409 110402
39439 96470 52405 107874 42681 55422 82315 129319 122709 113971 73308 38175 23539 69196 49156 36670 48919 102763 54283 94081 97001 64256 81701 37929 29352 42008 85886 70902 113030 25956 97953 65571 104138 71264 17787 95481 73687 56333 63713 69598 31552 71569 54679 56859 60070 74962 52028 103040 98291 76169 9608 57310 82106 32650 84146 109085 106040 73046 46768 68127 67371 117348 63259 39007 56104 48038 79315 121289 92915 94286 0 130150 25520 96328 45462 24483 119572 52750 138866 106029 57055 43028 36970 81868 135626 47509 42456 37503 9646 27939 49162 21938 43971 71272 11891 123305 100599 47182 61331 9953 65826 117646 20881 58291 51189 60822 16539 81534 140937 33646 55664 47059 27625 98278 34973 44089 59818 102480 59441 60206 110032 51314 27446 61988 32314 56939 131203 116117 43882 134380 35870 28607 22690 144506 8081 27940 67130 77172 131067 38118 14961 162232 93295 40091 60274 100764 16035 97607 51159 33417 84047 29761 39439 50953 95686 107874 52405 69196 36670 73211 42681 73076 32650 46768 79683 47679 48919 122709
90845 73890 133286 83181 107013 108420 56011 60744 16053 100781 86470 155106 107880 77509 83951 126566 82702 31470 80455 48990 91964 139164 74934 97739 101141 96977 60796 60090 24890 133848 69491 74689 107221 107133 129727 46170 124959 93436 85514 89115 109494 59166 105170 75450 182442 92258 88920 31709 55447 84488 122180 180961 78163 104313 46008 80037 52814 92419 87801 74921 169628 90440 97169 94329 148796 144059 91232 82981 117827 105170 130150 0 107641 82809 125350 149848 75931 83385 18455 46968 90970 99174 124023 90931 5486 144171 139062 139808 138392 133088 96432 108696 137270 64266 118562 103285 76090 112186 82721 123254 79285 51170 137425 76727 163039 70488 115536 72095 89504 97547 88237 88010 124143 103636 107541 106690 72155 63711 77906 115039 20888 118927 141718 171238 98009 80360 53849 75716 101220 129333 94469 109404 124513 110616 136914 157894 178970 54617 2306 102019 144537 93700 57193 103959 79377 42923 115345 147076 92657 96747 86888 111432 90845 161217 35639 83181 133286 77509 126566 90599 107013 81230 104313 87801 67686 87485 82702 16053
21238 71356 43860 83367 21805 57034 57265 103813 101909 90997 48877 49259 4027 43768 24348 28572 24970 82548 29120 68910 73447 55516 56444 29960 9215 16887 60403 50863 92940 28498 72642 40073 82408 50802 35764 70449 58115 32120 38719 45401 32692 48476 33692 32572 75867 51425 26666 82959 72796 51587 22011 73991 57077 29050 61963 84347 80546 49493 34204 42608 71726 93263 40324 13846 54308 46734 55692 96592 73729 72655 25520 107641 0 71847 34358 42208 94518 27336 114934 80668 32415 38476 47639 58230 113060 64957 59040 38176 35114 28639 24936 15189 59499 46348 14186 100238 75632 29000 51208 23994 55008 92150 42347 33165 59713 41994 8986 70212 116207 10491 30486 21672 20890 76255 13371 23171 35756 77020 34025 42597 88325 36029 48923 69702 16563 31489 105695 91081 20503 113877 14869 7121 18778 121181 33529 51287 76593 53435 108771 34407 37965 137164 67807 17307 34758 83222 9598 85018 26284 15659 77522 32315 21238 73239 72374 83367 43860 43768 28572 49368 21805 48050 29050 34204 54163 35434 24970 101909
72895 8951 67648 11547 54668 114877 38552 40835 88805 23811 23031 100653 75085 30791 54919 70487 58076 79828 49701 36761 9179 67898 18451 88072 73011 54990 28435 68709 86502 83374 13318 37900 24997 33984 107332 39450 49049 39998 33340 26750 97681 55146 44329 52869 126102 22384 45840 80684 27672 20261 93840 126127 16020 91944 61489 13091 30389 24119 83238 34157 102408 21754 34147 61077 82464 81299 18247 25050 35693 22582 96328 82809 71847 0 64172 103830 24645 48884 77482 35911 39442 95795 115269 15972 86361 134953 128890 82556 105907 81456 47190 84081 128758 42698 85911 31492 7757 53552 94069 95800 94631 36985 114166 47349 102892 71321 80321 101986 44672 68128 41686 53624 74346 20838 61496 53398 52681 19491 43847 46906 75292 55408 120687 107537 76753 45227 46439 21269 52475 53546 69756 67723 77829 50709 104376 117198 115307 51049 84987 94551 105377 66534 27473 56312 41117 91330 81256 65667 45570 74353 117139 98404 72895 144961 57409 11547 67648 30791 70487 23495 54668 24367 91944 83238 26912 84097 58076 88805
53513 68011 9764 74845 19254 91132 69560 103615 123463 75588 44411 36532 38024 48750 45964 8961 49173 106068 47100 78807 61311 21160 56495 64287 42984 31582 67381 77168 116105 22481 71154 50660 63706 31613 62358 81231 28582 32126 40657 40542 66221 69624 21436 53510 62216 42150 36972 106667 77890 47406 49078 62040 54937 63208 83512 77105 84932 40690 67540 50669 44324 82019 31565 38905 23730 18873 46002 88319 49597 54263 45462 125350 34358 64172 0 42231 88808 43748 128054 87488 34506 72833 78901 48202 130388 92699 87348 18430 53077 20167 29174 48672 88529 61301 41130 84738 70673 13192 84501 50952 87922 95570 66343 50069 39630 70721 36438 102382 107254 41704 37135 40930 17899 58727 23323 19162 56625 77383 47993 18212 108831 8812 72878 46332 50499 45788 107812 85441 25293 91329 46638 27400 22839 105881 51935 56840 54200 72079 126944 68703 47702 129823 73665 23936 46104 110215 37940 52492 32942 49102 111215 65482 53513 95800 90168 74845 9764 48750 8961 41860 19254 47645 63208 67540 59933 68795 49173 123463
61038 105998 44807 115062 49800 79279 98216 140848 143848 117517 81791 16051 42272 81339 66203 34099 67157 124237 70430 109437 102333 54619 92360 62036 49362 54998 99668 92306 134612 20525 108362 79742 105896 73350 39109 111272 69716 65710 74320 77799 55999 90682 59527 74608 35691 81461 64819 124596 111671 84857 34043 33110 91838 57043 104128 116921 119306 79712 70350 81450 46590 123168 69706 55678 41452 34678 85694 128685 91620 96363 24483 149848 42208 103830 42231 0 128265 68047 156740 120392 67258 67494 59060 88125 155264 63984 60301 25921 23362 22594 59401 44995 62507 87671 33168 126746 109442 50388 85561 34409 90008 130715 37963 74431 29072 82724 34733 105755 148051 52430 67452 62731 29648 100778 45043 50910 77848 113831 74472 60247 130458 50590 42561 39546 54311 71852 143878 124813 53652 133183 56018 41194 27017 147964 23522 14844 43652 95532 150978 62579 12146 170303 106860 49917 74317 123559 35223 88557 62491 54808 108521 54165 61038 60379 114522 115062 44807 81339 34099 80425 49800 83223 57043 70350 92688 71351 67157 143848
92335 23170 92029 14654 78779 131942 49486 19906 85951 27267 46698 125298 97447 51226 74919 95097 77433 82561 69376 41625 29122 91443 38199 106953 94468 77674 40121 80869 86635 107865 22568 56911 38154 58239 129335 43259 71906 63499 55868 50629 117535 67967 68861 70889 150647 46955 67918 83420 30999 43694 116288 150723 37471 111601 69580 11817 27164 48627 100655 53481 126102 15437 58571 82627 106560 105752 42882 7057 54431 41642 119572 75931 94518 24645 88808 128265 0 69382 65561 32940 62556 113877 135303 40614 78132 155643 149584 107199 129208 105984 70533 105546 149171 57719 108699 27584 19008 78111 108744 118186 108396 24763 136477 66236 127352 86078 103264 112757 22575 89492 64033 74693 98689 37877 85138 77562 69777 20987 63381 71397 74866 80034 142841 131656 97171 65313 27274 3469 76060 53570 90331 91053 101992 37212 127652 141421 139360 62289 78235 113393 129345 42663 34543 79936 61311 95995 104077 83783 68417 94821 128857 118518 92335 166927 60992 14654 92029 51226 95097 47843 78779 46506 111601 100655 43033 101325 77433 85951
24150 46419 52840 59941 24543 67126 30209 76978 80080 70876 27861 71808 29338 18313 6215 43492 9981 62330 3395 41676 52849 61564 31392 39434 25248 13600 33164 34326 72414 50638 46933 12962 65260 40167 60211 43342 54689 16973 16958 25835 48803 25897 27760 10062 99197 32999 7645 62922 45583 29669 47790 97871 32985 43064 39856 60271 53326 31339 36006 15996 87717 70620 26336 13828 67447 61707 36415 72395 62082 56432 52750 83385 27336 48884 43748 68047 69382 0 88835 53332 15001 47556 66437 38615 88649 86410 80342 56547 62251 49764 15151 36245 80068 19676 41056 79607 51084 31355 50026 49564 52016 64931 67573 6658 79760 30216 36288 63867 91682 20273 10508 5694 40821 58928 24170 24594 12960 50579 6693 39750 65630 39378 73761 88339 27964 4231 78518 66042 18504 97512 21020 26853 41610 99557 60663 78357 95948 28940 84774 45874 65144 111681 40577 20726 8072 66914 36716 82277 11824 25577 76121 49568 24150 97667 47752 59941 52840 18313 43492 30320 24543 24651 43064 36006 27313 37055 9981 80080
100413 68987 135115 75362 110842 123028 59119 47823 34459 92096 86010 160266 115775 79306 90629 130518 90153 47202 86323 49257 86300 139523 73725 109299 109517 102264 60892 71537 42500 139313 64541 78244 100426 105980 140509 46833 123477 95971 87411 89225 121294 67387 106987 82376 187656 90995 93203 47636 52263 83567 131616 186515 76465 115767 56115 71974 47305 91537 99614 77583 171742 80829 97916 101179 150809 146926 89137 72402 113173 100029 138866 18455 114934 77482 128054 156740 65561 88835 0 42568 93667 111881 136877 88329 16596 157495 152120 143923 147634 138274 100146 118189 150536 69159 127034 93103 70056 114912 96898 132896 93888 41795 148299 82344 166981 81717 123370 88432 75648 105417 91701 94025 129393 97776 112744 110292 79249 58017 82665 115586 35524 120808 153095 174381 107482 85260 40264 66108 105425 118942 103023 115620 130440 97539 146101 166072 182235 61705 20081 114191 152681 77088 55452 108592 83434 60068 123388 143093 96480 105917 103823 123113 100413 173813 43422 75362 135115 79306 130518 89811 110842 81412 115767 99614 68301 99484 90153 34459
71690 27057 93795 36781 71806 106025 24417 27677 54342 54609 44008 121621 82521 39453 57083 91089 58119 49623 51780 12731 45034 97392 31590 84461 77562 65521 20745 52205 53974 101436 22613 40811 60272 63532 111808 12705 80934 56063 47212 47487 96120 41141 66085 50290 148727 48603 55578 50482 9817 41383 100471 147975 34078 90124 38642 33893 6141 49267 76412 38944 130323 45376 56410 67022 109468 106240 46590 39670 71296 58408 106029 46968 80668 35911 87488 120392 32940 53332 42568 0 54030 89888 113541 45761 50451 134516 128610 104412 115460 100073 61394 87896 127689 35388 94248 58418 29132 74620 81000 102107 79828 13353 119474 47816 126998 59578 89612 81903 52633 72794 53075 59003 91499 56703 75365 71018 47971 16770 46645 73708 42236 79704 125231 133656 77918 49201 26501 31537 67047 84136 71919 79578 93416 70108 113874 131495 141549 34634 49175 90529 118383 66424 13850 70626 46241 63169 90000 100967 58046 75838 98290 97514 71690 148251 28404 36781 93795 39453 91089 47598 71806 39933 90124 76412 27958 76796 58119 54342
37314 39547 42353 50974 17811 80726 35067 73666 89919 59194 16466 67591 35738 14604 20652 37122 24664 73656 17909 44501 41355 49333 25208 52414 34417 15616 33436 48248 83295 47646 41410 16431 51987 25166 68026 46839 40170 2535 7062 13136 60341 37801 14612 24336 94727 19761 8128 74333 44827 19188 54421 93944 25157 55021 50951 52055 52312 17892 50308 16163 78677 60867 11355 22802 57826 53351 23788 64281 47311 42693 57055 90970 32415 39442 34506 67258 62556 15001 93667 54030 0 60957 77404 26256 95956 96329 90299 50502 66679 46166 8025 45274 90399 27487 46471 68304 43562 21316 64920 56393 66999 63576 74755 18943 73379 45091 40902 78772 83923 29797 4508 17011 37813 45659 22733 16988 26574 46616 15587 26047 75161 28048 81307 80760 39368 14323 76635 59095 13718 84167 32496 28497 40323 89019 65130 79532 88596 38871 92614 58653 67056 105202 40222 17575 12754 79888 41818 67511 6220 37007 91115 60741 37314 105608 56107 50974 42353 14604 37122 17384 17811 16203 55021 50308 26082 51422 24664 89919
23652 91985 82291 106361 58332 19789 66135 117024 88356 118349 75411 80167 34877 65042 41343 66624 37843 68514 46209 77204 100346 93992 77577 8850 30262 47962 74115 40556 77902 62811 91465 57961 112666 84706 33758 77339 95187 62063 64446 73195 12258 48841 68612 43197 103089 80294 52878 68527 85387 77189 33452 100278 79777 10681 56289 106198 92366 78537 13487 61678 107170 117313 71792 39026 91722 83798 83895 117920 107700 103586 43028 99174 38476 95795 72833 67494 113877 47556 111881 89888 60957 0 24995 86143 104552 45753 40255 74155 47305 63829 56403 25190 38786 56382 36405 126947 96863 66314 19391 33189 23952 103136 40620 48466 92609 30982 38478 39173 136451 33069 56987 44007 57987 106323 50758 59477 44101 93394 51962 79305 78288 73980 43591 103295 23048 50771 116355 110773 54655 144924 29013 45497 54385 146443 46288 68746 109162 55420 99516 4922 57307 154592 80732 52946 54830 62618 37140 122692 55385 25029 41268 14362 23652 62077 69623 106361 82291 65042 66624 77681 58332 72005 10681 13487 70957 13114 37843 88356
42979 112660 87191 126378 69441 22894 89347 140178 112754 136512 93318 74316 43638 84723 60562 70891 57872 93118 66021 100809 118548 99256 97745 29080 43047 62336 96445 65492 102218 62396 112735 78434 129112 98320 19968 101198 105224 77844 82342 90439 17771 72941 81265 64653 92351 97155 69914 93081 108254 95565 30189 89027 99421 23742 81193 126655 115529 95268 37754 81963 104169 137021 86982 54651 92762 84640 101177 138709 121332 119528 36970 124023 47639 115269 78901 59060 135303 66437 136877 113541 77404 24995 0 103616 129373 21025 15309 74153 35761 64148 71115 32699 14149 78951 37773 145509 117410 76365 42274 28542 46456 126620 22808 69067 87509 55694 42669 59665 157792 47612 74171 61680 61457 122840 60977 70811 66258 115437 72020 90043 103153 82670 22465 98242 38516 70282 140036 132052 67654 160998 45518 54345 56764 165839 35539 55009 102710 79516 124305 23161 47085 176943 103424 64814 74378 86139 41186 131251 71274 40918 55753 16870 42979 37212 94488 126378 87191 84723 70891 94778 69441 90926 23742 37754 92337 37674 57872 112754
62594 20952 51906 26944 39529 105742 39230 56129 94452 32939 10791 84683 61749 22953 44828 54590 48500 82414 40330 42186 15221 53018 16596 77879 60669 41730 30963 65101 90439 67625 24895 30637 26780 18669 93987 45048 35313 26147 21700 13179 86418 52007 28609 45046 110183 6908 33774 83227 36155 9738 80186 110174 13053 80962 61538 28970 41368 8822 74493 27152 87207 35556 18757 48967 66958 65469 2554 40562 28422 18755 81868 90931 58230 15972 48202 88125 40614 38615 88329 45761 26256 86143 103616 0 95080 122569 116545 66585 91342 65663 33295 71519 116655 39022 71992 42078 22740 37754 87341 82191 88623 50234 100490 39073 87042 65392 66299 98089 59973 56007 29523 42385 58795 20509 46896 38195 45816 31639 35177 31095 80083 39444 107115 91963 65378 35755 61127 37240 38100 58957 58416 53418 62479 62952 89844 101700 99777 49652 92965 84253 90154 82186 33753 41811 31937 92143 67352 56302 32453 62990 112167 86895 62594 131435 60922 26944 51906 22953 54590 8894 39529 15376 80962 74493 25698 75495 48500 94452
96328 77495 138225 86132 112156 113546 60927 62015 19667 103562 90986 160409 113326 82340 89313 131742 88110 36599 85750 53416 95475 143906 79278 103191 106602 102247 65288 65566 29356 139164 73060 79738 110510 111586 135197 50633 129388 98406 90382 93730 114928 64585 110069 80817 187760 96655 94082 36789 59286 88920 127666 186303 82433 109767 51482 82909 56119 96882 93246 79860 174632 92926 101902 99713 153773 149134 95477 85150 121631 108839 135626 5486 113060 86361 130388 155264 78132 88649 16596 50451 95956 104552 129373 95080 0 149460 144384 145011 143876 138382 101546 114181 142569 69431 124031 105641 79449 117211 87949 128740 84451 53468 142891 81994 168239 75963 120983 76851 90544 102987 93309 93329 129436 107138 112816 111808 77528 67072 83095 119777 26296 123856 147164 176361 103493 85568 54825 78141 106394 131679 99933 114758 129858 112008 142398 163362 184110 59951 5190 107435 150002 93399 61332 109178 84496 47469 120799 151066 97777 102226 91372 116872 96328 166575 40941 86132 138225 82340 131742 95073 112156 85832 109767 93246 72301 92921 88110 19667
63540 132813 99912 146219 86317 37858 110273 161037 132303 155502 112568 80032 61152 104718 80731 84053 78288 112985 86267 121786 137679 111755 117802 50070 62015 80873 117168 86307 121719 73212 133092 98735 147343 115569 30406 122203 120427 96494 101733 109460 38477 93966 98452 85319 92471 115923 89214 112890 129083 114975 44251 88818 119279 44491 102042 146666 136414 114006 58742 102178 110575 156689 105191 73911 102677 94804 120076 158805 138216 137608 47509 144171 64957 134953 92699 63984 155643 86410 157495 134516 96329 45753 21025 122569 149460 0 6068 84346 41998 75305 89501 51055 6968 99779 52730 164632 137494 92445 61638 42248 65466 147559 27059 89491 92991 76636 58303 77018 178049 66843 93438 81377 74801 141162 77850 87734 87057 136030 92263 106020 123366 97790 21476 103222 58487 90386 161003 152350 85443 178802 65391 71013 69869 185259 42586 55156 106301 100541 144346 44182 52091 197536 124219 82231 94441 105001 56947 145053 90119 60853 69807 37261 63540 18877 115371 146219 99912 104718 84053 113678 86317 110593 44491 58742 112815 58621 78288 132303
57518 126746 94771 140152 80488 34146 104337 155063 127475 149481 106522 76290 55208 98650 74668 78788 72243 108002 80207 115883 131645 106682 111734 44210 55966 74865 111159 80786 116907 68333 127035 92677 141394 109722 24993 116336 114886 90485 95678 103429 32515 88166 92599 79305 90224 109913 83161 107934 123101 108921 38614 86641 113211 38527 96496 140597 130452 107998 53055 96116 106805 150627 99227 67855 98100 90150 114056 152737 132433 131672 42456 139062 59040 128890 87348 60301 149584 80342 152120 128610 90299 40255 15309 116545 144384 6068 0 79645 37684 70371 83512 45026 2876 93802 47045 158603 131426 86732 56800 36635 60775 141625 22610 83443 89373 71003 52560 72958 171985 60785 87387 75309 69471 135201 72008 81902 81074 129995 86202 100341 118218 92231 17912 99768 52423 84320 155088 146288 79508 172911 59323 65182 64557 179211 38114 52578 103204 94732 139291 38436 48241 191498 118228 76332 88374 100442 51182 139783 84093 54787 66780 31251 57518 22608 109796 140152 94771 98650 78788 107656 80488 104528 38527 53055 106769 52983 72243 127475
59388 86143 18943 93273 33083 90298 84876 121700 136438 93658 62247 18106 40640 65094 57082 13409 59473 118023 59645 94934 79717 28938 74029 66512 47355 43078 83924 87374 128309 11804 89133 65726 81439 49936 55284 97187 44068 48371 57204 58298 65061 82029 39079 65389 44385 60421 50975 118539 95003 65290 44275 43920 72743 63642 96052 95516 102263 58895 72156 66389 33563 100387 49451 47863 18619 10536 64351 106749 66327 72211 37503 139808 38176 82556 18430 25921 107199 56547 143923 104412 50502 74155 74153 66585 145011 84346 79645 0 42532 10375 43783 48971 81326 75592 38279 102717 88953 30005 89027 45724 92985 113160 57288 63188 23230 79422 35694 108333 125654 48027 52222 52434 17367 76725 32704 33648 68684 95214 61917 36469 122117 27241 63245 32118 54440 59448 125663 103822 38655 107620 52812 33021 19905 123736 41803 40753 39521 85488 141252 69477 34297 148241 90565 35862 60674 120353 37015 63026 47478 53790 114790 63797 59388 84183 104227 93273 18943 65094 13409 59974 33083 64987 63642 72156 76532 73361 59473 136438
47555 106112 59124 117451 52003 56671 91618 138926 130363 123280 82898 38991 32943 78829 58468 44132 58016 110319 63683 103423 106439 70632 91347 43682 38331 51653 95409 78693 120483 31871 107599 75114 113214 80233 15908 104758 81598 65923 73354 79166 35153 80252 63873 65984 57134 84434 61666 110549 107823 85772 16226 53996 91746 37695 92464 118692 115569 82525 53171 77717 69343 126856 72680 48462 60714 52908 88791 130887 101481 103370 9646 138392 35114 105907 53077 23362 129208 62251 147634 115460 66679 47305 35761 91342 143876 41998 37684 42532 0 34100 58767 29696 39672 80545 21213 132621 110231 56059 66386 15346 70952 127176 15074 67668 52186 68435 26149 86435 150536 42835 65310 56557 35639 107429 44476 53396 68862 112108 68936 68750 118056 59586 20721 62806 40393 66455 140748 125753 53439 143103 44657 38205 30843 153854 1588 21447 66999 86025 139229 42566 11324 171867 102821 49625 69842 107448 25566 104465 60800 41777 87259 33120 47555 42723 104321 117451 59124 78829 44132 82729 52003 82716 37695 53171 89269 53947 58016 130363
49855 84012 25046 92606 28364 79938 79183 119199 128848 94962 59794 22047 30753 60644 49428 11587 51396 110015 52633 89831 79757 36567 70853 56282 37682 36171 79360 78846 120367 2336 86595 60162 83489 50795 45679 91905 48530 44351 53162 55789 54691 74533 37131 57898 49446 59072 45115 110489 90982 62871 34103 48245 70046 53292 88478 94543 98476 57363 62228 61337 43563 100591 47431 39590 28720 20587 63260 106219 69757 73887 27939 133088 28639 81456 20167 22594 105984 49764 138274 100073 46166 63829 64148 65663 138382 75305 70371 10375 34100 0 38686 38661 71910 69288 27910 104210 87277 27913 78998 35629 83029 109693 48350 56406 31169 70441 25412 98484 125527 38847 47073 45109 8946 78272 25606 29294 61217 92311 55653 37819 114763 28155 54585 41064 44556 53084 122607 102546 33096 111496 43473 24333 9912 125451 33160 36872 48007 78496 134427 59131 27634 147846 86324 29721 54875 111591 26703 70372 42133 44068 104577 53441 49855 76585 97450 92606 25046 60644 11587 58165 28364 61692 53292 62228 72131 63416 51396 128848
33122 47559 37929 58736 10700 76165 41100 81633 94292 66111 24159 60393 28480 22015 19035 30387 22922 77095 18541 51286 48511 46413 33211 47644 28124 8796 40673 49441 87042 40049 49431 21955 58012 28303 60693 53466 40601 7216 15019 20536 54506 40685 13183 25206 87683 26511 7852 77717 52395 27007 46915 86750 33172 49506 54451 59925 59968 24581 46923 22718 73462 68421 15877 17392 52886 47668 30759 72127 51327 48416 49162 96432 24936 47190 29174 59401 70533 15151 100146 61394 8025 56403 71115 33295 101546 89501 83512 43783 58767 38686 0 38586 83756 32214 38806 75328 51529 16357 62579 48912 65129 71327 67238 21071 66909 44640 33166 77980 91775 23917 8459 14237 30132 51761 14710 10262 28079 54578 18820 25105 79658 24247 73842 74815 33923 16658 84482 67069 5752 89910 27415 20562 32413 96245 57226 71534 82571 42908 97970 53627 59031 113162 47677 9570 17054 82054 34153 68429 3782 31669 89244 54709 33122 98162 61078 58736 37929 22015 30387 24433 10700 24228 49506 46923 33473 48111 22922 94292
17873 82474 57831 95446 36918 42499 63597 112865 100856 104456 61537 56019 11167 54327 31206 41829 29778 80872 36766 75471 86623 69743 67401 17813 11101 29874 68732 49086 91117 37712 83159 49073 96584 65629 24057 76526 73289 45485 50771 58405 17627 50833 48600 37646 80554 64902 38251 81137 81077 63993 13492 78094 68608 14814 62786 96070 88725 62991 25368 52240 82101 105773 54404 23031 66588 58631 69032 108282 88667 86939 21938 108696 15189 84081 48672 44995 105546 36245 118189 87896 45274 25190 32699 71519 114181 51055 45026 48971 29696 38661 38586 0 45183 52530 11991 113577 87028 44187 41168 14709 45469 100247 31610 40463 68028 38926 13289 61201 127721 16060 42445 30853 32936 90345 28543 38258 40216 86763 42584 57784 88382 51078 37598 78597 10727 40409 113875 102179 34958 128360 15978 22196 29203 134229 28225 49854 84772 56814 109535 20583 36853 147921 76077 32147 44302 78921 11959 100055 39067 12337 66021 17139 17873 61423 74799 95446 57831 54327 41829 62631 36918 59778 14814 25368 63433 26394 29778 100856
56933 126420 96128 139963 81090 31638 103485 154296 125502 149593 106532 78451 55611 98380 74305 80056 71756 106123 79813 114958 131706 108084 111445 43228 55997 75057 110502 79340 114924 69912 126608 92264 141720 110273 26303 115344 115855 90665 95633 103509 31774 87066 93148 78675 92825 110074 83135 106037 122359 108879 39581 89260 113005 37781 95075 140338 129655 108166 51803 95747 108932 150509 99535 67822 99838 91848 114180 152444 133079 132034 43971 137270 59499 128758 88529 62507 149171 80068 150536 127689 90399 38786 14149 116655 142569 6968 2876 81326 39672 71910 83756 45183 0 93052 47920 158675 131132 87506 54818 37641 58710 140762 24633 82962 91572 69681 53339 70608 171619 60748 87377 75138 70692 135500 72596 82495 80344 129434 85814 101152 116453 93193 20358 102021 52107 83994 154183 145897 79900 173358 59060 65798 65803 179189 40019 55137 105575 93645 137462 37273 50405 190946 117514 76807 88069 98320 51931 141007 84210 54491 64122 30666 56933 24920 108405 139963 96128 98380 80056 107776 81090 104392 37781 51803 106270 51670 71756 125502
36465 36955 69655 51836 42751 74223 11098 61261 62443 66475 29633 91330 47750 17065 22122 62311 22768 46495 17291 22964 49558 76780 24632 50011 42360 33154 17736 26340 55916 70239 35663 11179 64648 48758 76420 24214 65860 30020 23516 30305 61303 12998 42084 14903 118734 36279 24654 47210 29306 29449 65252 117474 27879 55289 23998 51064 36678 35428 43029 13041 105624 62929 36042 32504 84931 79882 37765 62227 66841 57676 71272 64266 46348 42698 61301 87671 57719 19676 69159 35388 27487 56382 78951 39022 69431 99779 93802 75592 80545 69288 32214 52530 93052 0 59400 74042 41857 48233 51714 66840 52014 48002 84090 13257 98815 28863 55112 59627 80253 37715 24212 24959 60365 58751 43690 42455 12736 37038 13686 53138 47700 55453 89849 106982 42544 16214 61585 54732 36962 95715 36557 46495 61282 91924 78966 97624 114705 11653 65774 56319 84313 98257 24485 39805 15197 54136 55343 91835 28432 40451 74488 62571 36465 112988 28871 51836 69655 17065 62311 33721 42751 24023 55289 43029 15842 43653 22768 62443
28226 85539 49516 97445 33867 52037 70455 117856 111520 104562 62901 44091 11730 57918 37294 33203 37031 91684 42474 82239 87207 61584 70629 29650 17527 31041 74219 59734 102011 26645 86818 53949 95438 63091 22583 83613 67948 46022 52878 59340 26782 59798 46063 44968 68622 65130 40846 91998 86637 65659 8516 66217 71250 25738 72558 98479 94381 63199 37316 56627 70846 107226 53723 27253 56473 48378 69442 110720 85539 85612 11891 118562 14186 85911 41130 33168 108699 41056 127034 94248 46471 36405 37773 71992 124031 52730 47045 38279 21213 27910 38806 11991 47920 59400 0 113851 89802 39715 53117 10549 57443 105987 28539 46466 56273 49866 5740 73182 130346 21755 44666 35363 23804 89397 25553 35296 47935 91134 47735 53299 98599 45289 35213 66919 21279 45268 119570 105261 33928 126431 24125 18747 19314 134908 19626 39332 72939 65330 119526 31579 25998 151348 81633 30348 48715 90446 4655 93534 40395 22052 77584 25557 28226 59503 83918 97445 49516 57918 33203 63187 33867 62220 25738 37316 68161 38362 37031 111520
103753 37603 84996 22985 80632 146193 68781 46259 112559 9344 52192 120418 103804 61938 85761 92652 89116 107142 80740 64192 26971 80865 49939 119021 102679 83808 58540 99750 112310 106383 40248 69261 21626 53419 136001 66437 60930 68215 63187 55175 128141 86217 68805 84259 143185 48818 75598 108010 53585 50018 122132 143944 47335 122547 91150 25033 52294 50749 114580 65510 114629 13044 60150 90889 97331 98624 44590 20706 38981 30507 123305 103285 100238 31492 84738 126746 27584 79607 93103 58418 68304 126947 145509 42078 105641 164632 158603 102717 132621 104210 75328 113577 158675 74042 113851 0 32967 77187 125547 124147 126043 52181 142387 78632 119595 102773 108128 132875 28432 97954 71342 83937 98570 26012 88479 79231 84158 42940 75015 66555 100612 76179 149042 121746 107098 76192 53963 27573 79928 26050 100097 95158 102749 21295 131165 141030 128963 81653 105584 125474 130380 49996 55453 83525 72119 119790 109234 64065 74514 104697 148292 128716 103753 173350 84842 22985 84996 61938 92652 50972 80632 54981 122547 114580 58201 115467 89116 112559
74593 4917 74645 10093 59839 115510 35836 33435 82883 26912 27732 107004 78639 32781 56850 76565 59650 75171 51401 31871 16244 75359 19692 89524 75928 58762 25612 67012 81238 89111 7470 39080 31140 41220 110669 34358 56705 44491 36930 31688 99687 53550 50230 53667 132804 28534 49115 76035 21840 24708 97479 132711 18558 93827 58229 9336 23330 30080 83930 35472 109771 21121 39856 64025 89656 88187 24739 21312 43223 30004 100599 76090 75632 7757 70673 109442 19008 51084 70056 29132 43562 96863 117410 22740 79449 137494 131426 88953 110231 87277 51529 87028 131132 41857 89802 32967 0 59497 93569 99395 93756 29263 117723 48569 109744 70718 84332 100001 40702 70971 45156 56220 79825 27791 66130 58641 52998 12384 45411 53831 69800 61989 124138 114686 79029 47141 38790 15542 57052 57088 72103 72059 83048 50072 108677 122480 122489 48754 78303 96003 110351 61640 22785 60928 43063 87302 85169 73252 49461 76651 115565 100558 74593 148301 52703 10093 74645 32781 76565 29134 59839 27582 93827 83930 26184 84702 59650 82883
44819 56416 21574 64698 8189 85532 56369 91861 110536 67862 32332 47783 33020 35632 34366 17104 37921 93452 34746 65682 52027 30516 44024 57498 36093 20588 54345 65400 103388 29875 59246 37501 57226 24188 62217 68081 29136 18951 27571 28354 61655 57039 9267 41332 74380 31170 24209 94074 65114 35395 48210 73901 42787 57683 70801 66636 72301 29485 59070 37479 57450 72852 19666 29081 36698 32040 35348 78314 45911 47408 47182 112186 29000 53552 13192 50388 78111 31355 114912 74620 21316 66314 76365 37754 117211 92445 86732 30005 56059 27913 16357 44187 87506 48233 39715 77187 59497 0 75648 50229 78687 83156 67481 37425 52382 59786 34177 92445 97664 33521 24027 29312 21399 51577 15740 7373 44315 65244 35097 13683 95858 8318 74193 59472 43297 33004 95686 74681 13541 87207 38161 22054 25606 98483 54688 64167 67323 59173 113793 62704 53193 119940 60774 13689 33048 98228 35576 56383 20055 41478 102510 61316 44819 98095 77078 64698 21574 35632 17104 30364 8189 34998 57683 59070 46905 60316 37921 110536
31022 88669 94245 103544 67462 26232 59308 108671 70686 117636 76647 97187 48406 64629 44295 79683 40269 51393 47557 68865 100105 105297 75660 23550 42031 55392 68738 28816 60111 78346 87226 56952 114078 90001 53149 68320 103096 66648 66441 75354 31612 40818 75686 42299 121251 82485 56977 51275 78437 77739 51738 118596 78500 28795 43742 102752 84554 80971 17033 60635 122539 114638 76271 46584 105509 97927 85422 113686 112104 105815 61331 82721 51208 94069 84501 85561 108744 50026 96898 81000 64920 19391 42274 87341 87949 61638 56800 89027 66386 78998 62579 41168 54818 51714 53117 125547 93569 75648 0 51769 4574 94326 59949 48288 109104 22851 53840 20205 131024 42799 60484 48516 71989 107845 61268 68336 41707 87769 52210 87344 62057 83842 62595 119585 34672 51961 106832 105948 62572 146031 37878 57517 69159 143629 65291 87825 125898 46839 82808 23881 75984 147248 74328 61977 55515 43882 52723 130945 60474 35643 26862 33726 31022 79295 56891 103544 94245 64629 79683 79746 67462 72157 28795 17033 67490 15790 40269 70686
32534 95018 58866 107305 44399 45673 77935 126534 115040 114880 72858 47990 20759 67098 45081 42636 44086 94988 50529 89804 97411 70907 80006 28622 24559 40811 82554 63424 105141 33931 96066 62524 105918 73635 12037 90956 78255 56107 62571 69395 21601 65541 56592 52032 69915 75362 50283 95212 94960 75542 2038 67089 80843 22982 77414 108212 102663 73429 37914 65452 76753 117253 64081 35812 64299 56167 79648 120461 96079 96102 9953 123254 23994 95800 50952 34409 118186 49564 132896 102107 56393 33189 28542 82191 128740 42248 36635 45724 15346 35629 48912 14709 37641 66840 10549 124147 99395 50229 51769 0 56300 114237 18366 54385 60906 53133 16244 71946 140046 29414 54266 43946 33212 99852 36044 45827 54724 100078 56130 63777 102834 55597 24931 71704 25420 53792 127862 114770 44239 136972 30375 29210 28402 145141 13998 36380 76994 71498 124052 28300 24217 160771 89948 40745 57480 92171 15000 103444 50233 27022 74113 19811 32534 49250 89502 107305 58866 67098 42636 73344 44399 71848 22982 37914 76874 38729 44086 115040
34422 88882 97681 103792 70523 29184 58914 107495 66864 118322 78021 101475 52345 65757 46510 83365 42484 47852 49362 67945 100981 108579 76315 27973 45799 58266 68608 27732 56275 82436 87222 58051 115267 92154 57709 67218 105723 68836 68085 76944 36182 40468 78293 43739 125696 84023 59186 47685 77805 78949 56241 123064 79282 33337 41917 102851 83648 82573 20832 61670 126529 114871 78348 49614 109246 101740 86791 113542 113964 107224 65826 79285 55008 94631 87922 90008 108396 52016 93888 79828 66999 23952 46456 88623 84451 65466 60775 92985 70952 83029 65129 45469 58710 52014 57443 126043 93756 78687 4574 56300 0 93094 64474 49741 113298 23377 57991 15755 130521 46254 62521 50947 75857 109086 64623 71339 42814 87411 53678 90068 58777 86934 67034 123736 38552 53642 105351 105691 65453 147050 41300 61153 73159 143732 69851 92388 130118 46177 79288 28455 80511 146218 73874 65068 57022 39705 56909 133558 62835 39370 24146 38295 34422 83330 54811 103792 97681 65757 83365 81278 70523 73329 33337 20832 67855 19624 42484 66864
84459 29419 100970 33590 81336 119376 37289 14433 61560 50405 51192 130783 94268 49389 69164 100050 70522 60297 63715 25934 45288 103183 39134 97549 89687 76371 31768 65519 63108 111216 25339 52077 58752 68827 124256 26057 85330 65343 56544 55028 109113 54457 74199 62838 157534 54535 66267 61128 19355 48254 112539 157024 40688 103106 51651 30185 11607 55594 89652 49693 137045 39477 64019 78747 116452 113984 51652 31816 72377 59106 117646 51170 92150 36985 95570 130715 24763 64931 41795 13353 63576 103136 126620 50234 53468 147559 141625 113160 127176 109693 71327 100247 140762 48002 105987 52181 29263 83156 94326 114237 93094 0 131857 59859 135192 72919 101134 94684 41199 84830 63308 70624 101386 56474 85745 80407 60710 18622 58257 80334 51415 87335 137741 141144 90495 60721 13629 24681 77070 78226 84293 90465 103704 60526 125588 142405 149026 47971 53474 103675 129475 53301 24354 80801 57410 74334 101622 102427 68248 88351 111120 110458 84459 160989 40520 33590 100970 49389 100050 54143 81336 48191 103106 89652 38189 90059 70522 61560
48366 113317 73139 125670 62234 45304 95131 144420 127889 133100 91220 53847 39109 85324 62772 57539 61370 107828 68306 106997 115710 84882 98283 39822 42350 59177 100316 77364 117625 46221 114283 80498 123881 91308 7803 107968 94518 74442 80928 87741 28696 81441 74410 69189 69814 93643 68608 107942 112676 93908 20336 66418 99177 33247 92268 126565 120333 91710 49813 83536 84305 135610 82262 53944 75633 67746 97944 138814 113374 114041 20881 137425 42347 114166 66343 37963 136477 67573 148299 119474 74755 40620 22808 100490 142891 27059 22610 57288 15074 48350 67238 31610 24633 84090 28539 142387 117723 67481 59949 18366 64474 131857 0 72053 66995 66975 34270 79189 158389 47307 72615 62024 48495 117879 54038 63663 71648 118150 74045 80762 116669 72056 6719 77508 41681 71783 145485 133069 62460 154614 47575 47269 43555 163427 15550 32264 81321 87686 138024 36567 25827 179027 107673 58884 75564 103060 33154 118418 68599 43669 77533 26607 48366 30964 104933 125670 73139 85324 57539 91660 62234 90193 33247 49813 94870 50281 61370 127889
26105 43743 58989 57925 30965 67563 24100 72413 73542 70228 28359 78448 34755 16725 9305 50096 11206 56039 4047 35797 52360 67287 29123 40957 29829 20253 28269 29305 66037 57257 43668 9509 65840 43533 64516 37285 59109 21290 18438 27220 51299 19615 32924 6004 105830 34282 13228 56655 40626 29548 52707 104480 31343 45373 33443 57885 48301 32850 35954 13212 94179 68851 29741 19348 73796 68205 37133 69789 64438 57535 58291 76727 33165 47349 50069 74431 66236 6658 82344 47816 18943 48466 69067 39073 81994 89491 83443 63188 67668 56406 21071 40463 82962 13257 46466 78632 48569 37425 48288 54385 49741 59859 72053 0 86406 26881 41999 60417 88738 24999 14620 11704 47462 59582 30822 30915 7655 46610 3937 44761 59043 45255 78046 94936 31179 4653 73487 62993 24960 97915 24611 33276 48157 97977 66084 84408 102563 22309 78117 47438 71120 108072 35621 27344 7289 61250 42296 86340 17446 28901 73581 52298 26105 101640 41094 57925 58989 16725 50096 31537 30965 24051 45373 35954 23327 36860 11206 73542
80838 107358 35362 113013 56215 106572 108006 142951 159551 110973 84014 13209 61517 87906 80113 36538 82331 140965 82834 117878 98907 39244 96125 85836 68613 66254 106690 109977 151287 31229 110644 88864 97972 69147 67573 120187 58732 71154 79909 80165 82110 105141 61051 88484 23605 81389 74185 141460 117458 86988 60008 24483 94536 81927 119152 115547 124550 80046 92662 89400 17792 119024 71175 70591 22570 21600 85009 126170 81235 89550 51189 163039 59713 102892 39630 29072 127352 79760 166981 126998 73379 92609 87509 87042 168239 92991 89373 23230 52186 31169 66909 68028 91572 98815 56273 119595 109744 52382 109104 60906 113298 135192 66995 86406 0 101604 55319 128925 144402 70001 75317 75551 39748 94106 55804 56704 91790 116950 85144 55986 145284 47952 71610 10801 75190 82678 147345 124069 61864 120395 74577 55431 40938 139961 52145 39873 16897 108697 164482 87734 41173 167142 113154 59090 83861 142760 56390 69371 70631 74913 133844 80505 80838 88039 127456 113013 35362 87906 36538 81316 56215 87245 81927 92662 99262 93809 82331 159551
21692 65818 80366 80696 51951 46507 36822 87074 61943 94972 54883 91216 40815 42468 25622 67937 21882 41947 27182 47074 77604 90287 52965 27583 33581 39329 45991 10398 52209 70452 64404 34765 91961 70154 59253 46900 84872 47170 45319 54047 39582 18533 57708 20971 117493 61036 37777 42217 56125 55685 52235 115400 55907 34075 25648 79905 62610 59670 17995 38343 112593 91790 56294 32026 93605 86789 63629 90901 91319 84063 60822 70488 41994 71321 70721 82724 86078 30216 81717 59578 45091 30982 55694 65392 75963 76636 71003 79422 68435 70441 44640 38926 69681 28863 49866 102773 70718 59786 22851 53133 23377 72919 66975 26881 101604 0 48088 33682 108457 31607 40587 30582 62112 85809 47851 52477 19615 65141 30790 69701 49836 68089 71482 111383 28606 31105 85887 83226 46245 123683 27174 46402 60698 120778 67017 88761 118446 24949 71154 32654 75649 125293 51827 46844 34152 41231 47509 112493 41784 27920 46805 41397 21692 92241 38833 80696 80366 42468 67937 58293 51951 50052 34075 17995 44654 18021 21882 61943
26467 80123 45210 91862 28155 55376 66089 112782 109143 98835 57297 43806 7657 52688 33015 28988 33220 89504 37965 77785 81509 57235 65276 30883 14629 25597 69383 57576 99879 24566 81505 49057 89702 57398 28278 79272 62665 40382 47403 53701 30141 56472 40348 41027 69473 59429 35540 89864 81779 60084 14206 67320 65796 28050 69632 92946 89529 57498 37355 51588 68927 101580 47993 22653 53340 45358 63747 105179 79919 79878 16539 115536 8986 80321 36438 34733 103264 36288 123370 89612 40902 38478 42669 66299 120983 58303 52560 35694 26149 25412 33166 13289 53339 55112 5740 108128 84332 34177 53840 16244 57991 101134 34270 41999 55319 48088 0 73606 124816 18025 39258 30609 19835 83658 19816 29583 44122 85961 42980 47813 95880 40045 40950 65750 20115 40456 114681 99819 28215 120731 21298 13008 15923 129198 24568 42703 72167 61719 116587 33853 29318 145925 76789 24614 43744 89135 1502 88608 34879 20264 79176 29212 26467 65233 80527 91862 45210 52688 28988 57509 28155 56761 28050 37355 63145 38494 33220 109143
49226 95281 112142 110088 84376 39217 64203 109060 57920 125789 87877 117185 67739 75191 58974 98303 55058 41231 60863 71216 109171 122708 84238 43724 61002 71862 74392 33318 47578 97963 92983 67603 124213 103825 72738 69890 118433 80835 78793 87374 51419 46862 91136 54594 141445 94226 71377 40802 81758 88356 71939 138799 87505 48964 43364 108699 86554 92962 36283 70959 141897 120996 89969 63611 124227 116857 96514 118498 124734 116844 81534 72095 70212 101986 102382 105755 112757 63867 88432 81903 78772 39173 59665 98089 76851 77018 72958 108333 86435 98484 77980 61201 70608 59627 73182 132875 100001 92445 20205 71946 15755 94684 79189 60417 128925 33682 73606 0 134142 61001 74267 63764 91102 118227 79070 85073 52925 92054 64274 103084 52959 100754 81203 139313 53930 64745 105849 110377 78990 155300 56048 76089 88587 149218 85377 107882 145767 51248 71675 43870 96163 147912 78505 79020 67624 29585 72556 146122 75305 54558 16463 53511 49226 95523 54424 110088 112142 75191 98303 91499 84376 82729 48964 36283 75134 35121 55058 57920
114843 45268 109153 33171 99289 154462 71717 28842 101766 34733 67640 143707 119288 73423 97323 114282 99922 101469 91806 62992 45943 106676 60331 129512 116623 99320 62597 102869 104141 127533 45091 79363 48212 75764 151365 64256 86633 84614 77494 71413 140030 90206 88575 93451 167961 66751 89788 102305 52744 64770 138117 168377 59217 134111 90785 31869 47611 68576 123219 75876 141069 25383 78631 104726 122691 122966 62447 19649 65976 55202 140937 89504 116207 44672 107254 148051 22575 91682 75648 52633 83923 136451 157792 59973 90544 178049 171985 125654 150536 125527 91775 127721 171619 80253 130346 28432 40702 97664 131024 140046 130521 41199 158389 88738 144402 108457 124816 134142 0 111662 85781 96893 118766 50730 106160 97998 92351 43327 85805 89234 92517 98452 164825 147571 119562 87667 35723 25747 97127 48748 112681 112333 122390 22295 148998 161669 155032 84345 91774 135958 150001 22747 56697 100972 83627 115421 125701 92424 89952 117199 150403 140983 114843 189001 81013 33171 109153 73423 114282 68101 99289 68198 134111 123219 65591 123882 99922 101766
11833 66414 51452 79449 25410 52652 48798 97158 91501 88918 45787 59733 10378 38269 15711 37317 15296 72079 21116 60626 70984 62546 51340 24220 4982 15181 53140 40372 82470 38850 67129 33192 81649 52015 39943 61925 62164 30335 34896 42833 30644 38450 35598 23215 86350 49555 22388 72484 65546 48141 27712 84447 52573 25594 51710 80029 73251 47676 25872 36259 81440 89852 39733 7074 63242 55986 53565 92234 75124 72176 33646 97547 10491 68128 41704 52430 89492 20273 105417 72794 29797 33069 47612 56007 102987 66843 60785 48027 42835 38847 23917 16060 60748 37715 21755 97954 70971 33521 42799 29414 46254 84830 47307 24999 70001 31607 18025 61001 111662 0 26629 14802 30662 75346 18508 26493 26213 70851 26752 46266 78028 41473 53491 79846 10116 24477 98452 86122 21608 113702 4961 15160 29092 118446 41258 60675 86853 43730 98622 29902 47278 131898 60533 19954 28298 72807 17972 89778 23699 8042 69550 30960 11833 77451 62504 79449 51452 38269 37317 47166 25410 43786 25594 25872 47563 27128 15296 91501
33338 40875 45460 53125 19143 76719 32695 74055 86588 62349 19159 68837 33509 13928 16277 38819 20264 69922 13406 42831 44377 53036 26037 48545 31423 13664 32333 43895 79688 48379 42297 13590 55726 29663 65676 45006 44571 6691 8346 16367 56900 33806 18419 19874 96139 23354 4259 70580 44220 21548 52337 95189 26598 51445 47204 53950 51859 21565 46060 14274 81453 63337 15828 19557 60724 55826 27147 66199 51670 46602 55664 88237 30486 41686 37135 67452 64033 10508 91701 53075 4508 56987 74171 29523 93309 93438 87387 52222 65310 47073 8459 42445 87377 24212 44666 71342 45156 24027 60484 54266 62521 63308 72615 14620 75317 40587 39258 74267 85781 26629 0 12986 38430 49384 22438 18616 22203 47042 11503 30160 71878 31334 79082 83090 35856 9969 76592 60596 13985 87968 28895 27459 40436 91825 63741 79188 90875 35308 89816 54856 66435 106684 39431 17565 9059 75772 40047 71984 4972 33467 86629 57404 33338 103319 53052 53125 45460 13928 38819 20809 19143 17584 51445 46060 25241 47156 20264 86588
20355 51633 50352 64843 21749 63753 35702 82627 84008 75053 31815 67101 23648 23478 5064 39690 8727 65725 7702 47267 57031 59824 36562 35563 19783 9497 38857 36252 75952 45838 52330 18620 68708 41634 54723 48869 54822 18372 20777 29292 44208 29596 27419 12961 94433 36331 8890 66271 51275 33927 42153 92996 37904 38630 43618 65326 59018 34551 33373 21517 84319 75377 28139 8154 64415 58262 40055 77507 64209 59579 47059 88010 21672 53624 40930 62731 74693 5694 94025 59003 17011 44007 61680 42385 93329 81377 75309 52434 56557 45109 14237 30853 75138 24959 35363 83937 56220 29312 48516 43946 50947 70624 62024 11704 75551 30582 30609 63764 96893 14802 12986 0 36174 62365 19747 22107 16250 56142 12383 39327 69751 37580 68264 84439 23181 9909 84209 71327 15829 100953 16174 21606 36583 104160 54969 72792 91945 33398 89327 41892 59544 117099 46270 17140 13542 69286 31024 82633 11973 20778 75082 44833 20355 92253 52388 64843 50352 23478 39690 33759 21749 29261 38630 33373 32935 34511 8727 84008
42050 76350 25736 85671 20178 75212 70328 111253 119987 89250 52149 30987 23622 52146 40537 9438 42606 101247 43688 81076 73334 37804 62787 49958 30100 27233 70761 70258 111584 9966 78731 51362 78403 45364 44478 83110 46090 36152 44861 48161 49966 65637 30224 48991 58380 52036 36300 101733 82524 55213 31393 57126 62198 47749 79602 87427 90078 50245 55031 52655 50861 94130 40200 30844 33773 25984 56322 99296 65924 68634 27625 124143 20890 74346 17899 29648 98689 40821 129393 91499 37813 57987 61457 58795 129436 74801 69471 17367 35639 8946 30132 32936 70692 60365 23804 98570 79825 21399 71989 33212 75857 101386 48495 47462 39748 62112 19835 91102 118766 30662 38430 36174 0 72875 16675 21264 52309 84267 46746 33247 105861 23954 55069 49283 37322 44170 114429 95231 24452 107630 35447 15735 4944 119865 34404 42906 56462 69555 125485 53493 31822 140874 77806 20943 46040 103139 21298 70320 33466 36545 98059 48982 42050 78274 88505 85671 25736 52146 9438 50881 20178 53634 47749 55031 63602 56251 42606 119987
82697 29784 59192 23831 55689 126000 57131 57218 109485 16963 31263 94483 80013 43342 65121 66699 68869 99654 60774 57124 11672 55962 34595 97928 79797 60514 47587 85052 106796 80465 34149 51047 6343 27544 111836 59891 35910 45017 41970 33134 105965 71725 43601 65553 117710 26035 53568 100498 48467 30138 97818 118328 31083 100681 80060 27259 51059 27825 94896 47482 90350 25723 35974 68423 72112 72911 22542 34270 16561 4560 98278 103636 76255 20838 58727 100778 37877 58928 97776 56703 45659 106323 122840 20509 107138 141162 135201 76725 107429 78272 51761 90345 135500 58751 89397 26012 27791 51577 107845 99852 109086 56474 117879 59582 94106 85809 83658 118227 50730 75346 49384 62365 72875 0 63850 54266 66272 40101 55684 40554 95769 50193 124581 96888 85026 56213 63916 35412 55753 38602 78150 70654 77183 47187 106010 115124 104314 68702 105820 104236 104693 73428 47888 59120 52434 110452 84854 46292 51654 82666 132533 106302 82697 148801 77428 23831 59192 43342 66699 28645 55689 35761 100681 94896 44084 95915 68869 109485
30249 62233 33087 73028 8497 69840 53722 96296 103753 79164 38549 47652 17397 36358 24389 20244 26959 85345 27109 64625 62042 44041 47914 41988 20496 10571 54631 55064 95616 26570 64140 34874 69886 37719 48064 66589 44872 21639 29714 34747 45935 49341 20606 32691 75051 39991 19840 85870 66640 41488 34007 73792 47855 41954 63358 74371 74293 38074 44378 36421 65038 82384 28342 15827 45754 39059 44342 86520 60494 60063 34973 107541 13371 61496 23323 45043 85138 24170 112744 75365 22733 50758 60977 46896 112816 77850 72008 32704 44476 25606 14710 28543 72596 43690 25553 88479 66130 15740 61268 36044 64623 85745 54038 30822 55804 47851 19816 79070 106160 18508 22438 19747 16675 63850 0 9899 35992 69242 30083 29252 89489 23224 60734 64761 27855 27499 99004 81671 9078 100995 23393 6849 18052 109623 42965 56856 72224 53004 108910 47034 44323 127724 61817 5202 29497 88171 21049 72042 17503 26204 88051 45639 30249 84981 71903 73028 33087 36358 20244 38254 8497 38935 41954 44378 47654 45634 26959 103753
37590 55099 28324 64833 1430 78874 51311 90018 104380 69893 30925 50603 27178 31579 27170 20239 30640 86907 27955 61293 53140 37812 41590 50635 29424 13221 50400 58314 96947 30886 57472 32185 60224 27840 57861 63540 35712 15067 23907 26953 55460 50462 10767 34424 77762 31317 17900 87506 61790 33979 43789 76957 40935 51197 64357 66435 69229 29453 51834 32741 63317 73743 19438 21753 42882 37446 35666 78430 50599 50380 44089 106690 23171 53398 19162 50910 77562 24594 110292 71018 16988 59477 70811 38195 111808 87734 81902 33648 53396 29294 10262 38258 82495 42455 35296 79231 58641 7373 68336 45827 71339 80407 63663 30915 56704 52477 29583 85073 97998 26493 18616 22107 21264 54266 9899 0 37499 63066 28966 19855 89790 15684 70375 64554 36430 26689 93320 74098 6278 91153 31013 16722 24443 100458 51934 63861 72310 53010 108222 56033 52005 119909 57208 6540 27314 91255 30864 63286 14033 34512 95196 55269 37590 94551 71307 64833 28324 31579 20239 29908 1430 32429 51197 51834 43067 53076 30640 104380
23750 48091 65785 62715 37379 62512 23556 73992 67762 76045 35270 83135 36540 22954 11819 55894 10919 49569 9569 35383 58414 74479 34232 37399 30532 25677 30226 21693 59749 61842 47383 15257 72461 51158 63932 36326 66744 28890 25871 34487 48583 13350 40366 3320 110386 41436 20374 50137 42027 36135 53227 108834 36898 42570 27368 62323 49413 40098 30964 18928 100405 73770 37387 22196 80282 74357 44022 73892 71823 64459 59818 72155 35756 52681 56625 77848 69777 12960 79249 47971 26574 44101 66258 45816 77528 87057 81074 68684 68862 61217 28079 40216 80344 12736 47935 84158 52998 44315 41707 54724 42814 60710 71648 7655 91790 19615 44122 52925 92351 26213 22203 16250 52309 66272 35992 37499 0 49392 11384 52271 53553 52323 77300 100679 29992 12253 74274 66676 31334 104333 24351 37269 52398 102917 67299 86825 108194 17687 73391 43765 73436 110800 37170 33207 14713 53978 44163 93994 24621 27984 66420 49837 23750 100303 36681 62715 65785 22954 55894 38695 37379 30518 42570 30964 26911 31710 10919 67762
72502 11070 82490 20441 64095 111173 28498 27055 70812 38247 32989 113012 79566 33290 55658 82276 57778 64206 50070 21458 28472 84561 21481 86764 75821 60568 19314 59914 69664 93950 6768 37690 43511 50207 110777 23549 66832 48125 39567 36918 97680 46981 56143 50789 139516 35965 50473 65073 10706 29978 98263 139132 22473 91695 49154 17925 10960 37086 80066 34627 118459 30091 45831 64266 97915 95629 33030 26444 55163 42071 102480 63711 77020 19491 77383 113831 20987 50579 58017 16770 46616 93394 115437 31639 67072 136030 129995 95214 112108 92311 54578 86763 129434 37038 91134 42940 12384 65244 87769 100078 87411 18622 118150 46610 116950 65141 85961 92054 43327 70851 47042 56142 84267 40101 69242 63066 49392 0 44184 61791 58079 69016 124328 122683 77786 46377 30450 18357 60316 68157 71130 74499 86936 57231 110528 126098 130556 41330 65927 93152 113457 61512 13600 64146 42601 76934 86611 85082 51833 75494 108051 98782 72502 148138 41917 20441 82490 33290 82276 35695 64095 30639 91695 80066 23342 80689 57778 70812
29196 40642 56654 54594 29181 71197 23753 70409 75473 66531 24444 77684 36011 13082 11544 48661 14273 58485 6002 35071 48614 64517 25809 44259 31696 19612 26494 32828 68327 56652 40841 6507 61952 39797 66616 36812 55643 18030 14534 23286 54282 22303 29921 9941 105089 30345 11071 59133 38917 25698 54380 103872 27828 48416 35780 54690 46654 28916 39643 9944 92266 65450 26071 20490 71704 66409 33215 66696 60531 53607 59441 77906 34025 43847 47993 74472 63381 6693 82665 46645 15587 51962 72020 35177 83095 92263 86202 61917 68936 55653 18820 42584 85814 13686 47735 75015 45411 35097 52210 56130 53678 58257 74045 3937 85144 30790 42980 64274 85805 26752 11503 12383 46746 55684 30083 28966 11384 44184 0 41600 60842 42687 80167 93396 33793 2619 71853 60089 23320 94057 27005 33304 47841 94536 67348 84980 101093 24090 79382 50743 71794 105479 33907 26120 3362 64315 43407 82722 15061 31453 77512 55187 29196 103958 42395 54594 56654 13082 48661 27600 29181 20253 48416 39643 20850 40579 14273 75473
57036 51702 20825 57167 21071 98729 59217 87170 115252 57385 29701 54479 46623 37636 44131 26232 48026 99562 43037 66703 43338 24130 42120 70457 49276 32022 54841 73939 109052 40053 55255 41959 45672 13475 75723 69367 15907 23572 29884 26361 75170 63848 12003 49711 79254 25832 32106 100255 63906 32383 61769 79400 39873 71025 76896 59608 70370 24749 71199 40704 56762 63932 17874 41010 36124 34393 29155 70504 32736 36119 60206 115039 42597 46906 18212 60247 71397 39750 115586 73708 26047 79305 90043 31095 119777 106020 100341 36469 68750 37819 25105 57784 101152 53138 53299 66555 53831 13683 87344 63777 90068 80334 80762 44761 55986 69701 47813 103084 89234 46266 30160 39327 33247 40554 29252 19855 52271 61791 41600 0 100460 9666 87453 60975 56262 40108 91909 68097 24916 74388 50645 35713 37924 87734 67449 74690 68824 64700 116828 75888 64770 111870 60215 26366 38793 105914 49225 43673 27967 54303 114125 74890 57036 111153 81128 57167 20825 37636 26232 26268 21071 34200 71025 71199 47579 72424 48026 115252
70608 66481 117338 78516 89938 87960 41744 64245 14792 96322 73681 136638 88252 63004 65336 109122 63627 11776 62478 38647 84352 124339 63499 76926 81338 79040 49131 39458 11769 115345 62480 58749 100289 94292 108997 35882 112010 77689 70576 75672 88637 40232 89722 56871 163807 80012 71893 12307 47961 72239 101831 162140 67032 83505 26383 75854 48332 79795 66969 59756 153104 87580 82863 75424 132527 127201 79855 81748 108213 96457 110032 20888 88325 75292 108831 130458 74866 65630 35524 42236 75161 78288 103153 80083 26296 123366 118218 122117 118056 114763 79658 88382 116453 47700 98599 100612 69800 95858 62057 102834 58777 51415 116669 59043 145284 49836 95880 52959 92517 78028 71878 69751 105861 95769 89489 89790 53553 58079 60842 100460 0 103154 120884 153969 77760 63106 58948 73708 83974 126178 74642 90683 105813 111704 116602 137895 161569 36784 21357 81139 124596 101379 47889 86354 62825 25595 95591 136169 75890 76627 68583 90586 70608 140339 19470 78516 117338 63004 109122 77956 89938 68063 83505 66969 54904 66631 63627 14792
52933 59441 14375 66039 16415 92972 62931 95049 117890 66983 36149 45341 39981 41650 42624 16570 46216 101166 42772 71577 52509 22256 48410 65211 43719 28903 59944 73566 111001 30396 62692 44474 55338 22888 67394 74097 22662 25543 33542 32381 68681 64842 13841 49410 70821 33506 32037 101808 70012 39086 53628 70740 46648 65018 78466 68316 76887 32112 67178 44006 50954 73235 23376 37321 30021 26654 37279 79508 42021 45773 51314 118927 36029 55408 8812 50590 80034 39378 120808 79704 28048 73980 82670 39444 123856 97790 92231 27241 59586 28155 24247 51078 93193 55453 45289 76179 61989 8318 83842 55597 86934 87335 72056 45255 47952 68089 40045 100754 98452 41473 31334 37580 23954 50193 23224 15684 52323 69016 42687 9666 103154 0 78707 53970 51060 40737 99395 76676 21851 83774 46206 28922 28760 97378 58331 65025 61864 66642 120602 70206 55217 121013 65948 21871 40388 106292 41511 48991 27809 49342 110702 68196 52933 102164 84154 66039 14375 41650 16570 33365 16415 39771 65018 67178 52514 68428 46216 117890
53772 119695 79490 132176 68946 45353 100840 150457 131675 139762 97772 58597 45602 91643 68802 64035 67219 111688 74365 112683 122335 91151 104642 43991 48514 65708 106311 81817 121304 52410 120578 86645 130590 98027 13552 113565 101130 81038 87409 94324 32291 86626 81125 74952 72556 100277 75038 111758 118632 100436 26929 69024 105608 37433 96986 133026 126254 98344 53918 89749 89140 142173 88932 60234 81419 73629 104570 145272 120080 120751 27446 141718 48923 120687 72878 42561 142841 73761 153095 125231 81307 43591 22465 107115 147164 21476 17912 63245 20721 54585 73842 37598 20358 89849 35213 149042 124138 74193 62595 24931 67034 137741 6719 78046 71610 71482 40950 81203 164825 53491 79082 68264 55069 124581 60734 70375 77300 124328 80167 87453 120884 78707 0 81933 47316 77953 151361 139443 69115 161333 53470 53955 50136 170061 21474 34827 85293 92965 142234 39992 30619 185343 113640 65560 81786 106202 39811 124812 75133 49404 78189 30307 53772 24320 109837 132176 79490 91643 64035 98272 68946 96644 37433 53918 101013 54263 67219 131675
90915 112676 40195 117119 64232 117372 115728 148091 168381 113486 90042 23929 71715 95081 89150 44847 91588 150106 91513 125138 102775 40946 102362 96410 78725 75013 113693 119476 160373 41383 116203 96680 100188 73554 78290 127552 60999 78421 86989 86331 92879 114005 67599 97400 23981 86778 82343 150629 123980 92921 70796 26347 100486 92614 128032 119847 130836 85598 103031 96911 9904 122305 77334 79973 25097 27466 90108 129937 82866 92383 61988 171238 69702 107537 46332 39546 131656 88339 174381 133656 80760 103295 98242 91963 176361 103222 99768 32118 62806 41064 74815 78597 102021 106982 66919 121746 114686 59472 119585 71704 123736 141144 77508 94936 10801 111383 65750 139313 147571 79846 83090 84439 49283 96888 64761 64554 100679 122683 93396 60975 153969 53970 81933 0 85464 91007 152880 128471 70088 120221 84522 65017 50954 141538 62815 49221 7895 117237 172756 98432 51689 170299 119873 67616 91867 152415 66867 67153 78586 85084 144503 91286 90915 97431 135790 117119 40195 95081 44847 87007 64232 93728 92614 103031 106246 104193 91588 168381
7165 74330 60140 87888 35287 42550 53524 103430 90406 98172 54930 63903 13811 46274 22251 45119 20078 70495 27809 65371 80166 71578 59339 14209 7519 25252 59283 38594 80795 44082 74634 40283 91349 62104 33946 66295 72140 40114 43912 52211 21051 40155 45709 27660 89468 59094 31604 70790 71499 57101 24213 87214 60927 15662 52072 88232 79059 57247 17720 43694 87994 98506 49653 16650 70867 63255 62988 100341 85201 81972 32314 98009 16563 76753 50499 54311 97171 27964 107482 77918 39368 23048 38516 65378 103493 58487 52423 54440 40393 44556 33923 10727 52107 42544 21279 107098 79029 43297 34672 25420 38552 90495 41681 31179 75190 28606 20115 53930 119562 10116 35856 23181 37322 85026 27855 36430 29992 77786 33793 56262 77760 51060 47316 85464 0 31900 104102 93868 31712 123489 7007 23146 34657 127336 38907 60242 92077 46209 98869 19786 47064 139217 66534 29899 35966 69250 19304 99659 33420 2403 60975 21657 7165 70558 64082 87888 60140 46274 45119 56620 35287 52411 15662 17720 54475 18933 20078 90406
27668 42430 54578 56148 26841 70175 26371 72748 77692 67583 24965 75122 33556 14473 9728 46229 12928 60460 4590 37679 49596 62707 27464 42867 29444 17007 28954 33936 70385 54065 42823 8732 62518 39098 64402 39430 54492 16647 14480 23400 52588 24107 28283 10151 102526 30549 8818 61090 41370 26493 52020 101291 29245 46780 37797 56373 49115 29011 38764 11851 90006 66915 25262 18055 69515 64099 33677 68451 60344 53948 56939 80360 31489 45227 45788 71852 65313 4231 85260 49201 14323 50771 70282 35755 85568 90386 84320 59448 66455 53084 16658 40409 83994 16214 45268 76192 47141 33004 51961 53792 53642 60721 71783 4653 82678 31105 40456 64745 87667 24477 9969 9909 44170 56213 27499 26689 12253 46377 2619 40108 63106 40737 77953 91007 31900 0 74302 61991 20919 94710 25020 30686 45229 95935 64867 82385 98685 26323 81816 49339 69211 107543 36367 23613 4113 65881 40908 81785 12958 29533 77613 53423 27668 101823 44804 56148 54578 14473 46229 27819 26841 21234 46780 38764 23092 39750 12928 77692
98023 40234 112695 40099 94301 132204 50787 7733 66712 54539 63437 143441 107856 62665 82791 112699 84144 69089 77336 39230 53640 114067 51777 110956 103313 89790 45359 78037 70178 124193 36714 65635 65014 79783 137881 39030 95483 78294 69577 67368 122587 67550 86593 76442 169964 66110 79667 69871 32936 60416 126160 169580 52924 116585 63526 36658 25205 67349 102888 63164 148333 42627 76273 92341 127985 125963 62832 33473 80365 67180 131203 53849 105695 46439 107812 143878 27274 78518 40264 26501 76635 116355 140036 61127 54825 161003 155088 125663 140748 122607 84482 113875 154183 61585 119570 53963 38790 95686 106832 127862 105351 13629 145485 73487 147345 85887 114681 105849 35723 98452 76592 84209 114429 63916 99004 93320 74274 30450 71853 91909 58948 99395 151361 152880 104102 74302 0 28886 90233 79338 97919 103870 116894 57329 139160 155764 160733 61001 56105 117029 142899 42615 37946 94004 70939 83420 115187 110198 81503 101966 122310 123959 98023 174571 51437 40099 112695 62665 112699 66034 94301 60928 116585 102888 51621 103253 84144 66712
89097 19752 88767 11771 75314 128946 46787 21861 85192 26085 43231 121916 94026 47853 71619 91680 74181 81031 66088 39432 26159 88367 34803 103775 91095 74232 37235 78252 85466 104421 19347 53633 36142 54994 125943 41218 68931 60031 52419 47162 114288 65230 65427 67720 147334 43534 64495 81894 28699 40225 112868 147385 34023 108365 67337 8670 25570 45195 97593 50173 123012 14799 55126 79241 103374 102470 39485 8254 51967 39012 116117 75716 91081 21269 85441 124813 3469 66042 66108 31537 59095 110773 132052 37240 78141 152350 146288 103822 125753 102546 67069 102179 145897 54732 105261 27573 15542 74681 105948 114770 105691 24681 133069 62993 124069 83226 99819 110377 25747 86122 60596 71327 95231 35412 81671 74098 66676 18357 60089 68097 73708 76676 139443 128471 93868 61991 28886 0 72593 53618 87011 87592 98527 39097 124197 137956 136192 59670 78014 110225 125877 46115 31956 76469 57975 94280 100637 81545 64965 91512 126402 115252 89097 163545 59208 11771 88767 47853 91680 44395 75314 43058 108365 97593 39859 98280 74181 85192
32120 53164 34574 64016 6046 74259 46312 87370 98501 70648 29495 54923 24301 27729 20893 25349 24387 80828 21828 56754 53301 44048 38926 45811 25172 7187 46310 52042 90917 34395 55120 27185 61907 30746 56157 58869 40806 12562 20750 25728 51596 44401 14004 28219 82270 31219 12321 81416 58106 32420 42217 81257 38791 46955 58350 65317 65696 29290 46292 28241 69227 73489 19852 16097 48957 43245 35547 77482 53854 52165 43882 101220 20503 52475 25293 53652 76060 18504 105425 67047 13718 54655 67654 38100 106394 85443 79508 38655 53439 33096 5752 34958 79900 36962 33928 79928 57052 13541 62572 44239 65453 77070 62460 24960 61864 46245 28215 78990 97127 21608 13985 15829 24452 55753 9078 6278 31334 60316 23320 24916 83974 21851 69115 70088 31712 20919 90233 72593 0 93465 25790 15327 26661 100983 51914 65814 77775 47197 102702 51485 53376 118652 53363 3879 22036 85004 29307 68586 9037 29631 89408 51603 32120 93422 65709 64016 34574 27729 25349 29357 6046 29899 46955 46292 39160 47520 24387 98501
121293 61232 88757 47737 92579 164602 92078 71605 138418 30180 69748 124008 117747 81403 103712 100084 107435 132184 99287 88927 46168 81358 71083 136512 118033 98705 81902 121983 137808 113807 64556 89080 32261 63342 149009 91343 63552 83388 80555 71736 144346 108448 80396 103839 143356 64632 92133 133050 78596 68367 134935 144771 67904 139151 114941 50325 77996 66402 133446 85412 111761 38959 74033 106852 97891 101234 61099 46602 41770 41526 134380 129333 113877 53546 91329 133183 53570 97512 118942 84136 84167 144924 160998 58957 131679 178802 172911 107620 143103 111496 89910 128360 173358 95715 126431 26050 57088 87207 146031 136972 147050 78226 154614 97915 120395 123683 120731 155300 48748 113702 87968 100953 107630 38602 100995 91153 104333 68157 94057 74388 126178 83774 161333 120221 123489 94710 79338 53618 93465 0 116658 107843 112305 29409 141779 147965 126615 104577 131632 142800 138929 65691 79871 96579 90860 144377 122016 54920 90071 121145 170130 144608 121293 185301 109744 47737 88757 81403 100084 67247 92579 73900 139151 133446 80194 134451 107435 138418
6878 67428 56391 80910 29998 48755 47633 97013 87846 91183 47938 64042 13773 39331 15477 42260 13800 68229 21064 59508 73172 67432 52411 20230 6696 18961 52855 36342 78611 43366 67821 33511 84481 55707 39965 60601 66552 33348 36915 45260 28045 35699 39663 21688 90407 52180 24651 68601 65163 50096 28882 88396 53950 22554 48484 81286 72789 50346 21006 36852 86279 91510 42978 10023 68187 60897 56039 93415 78740 75161 35870 94469 14869 69756 46638 56018 90331 21020 103023 71919 32496 29013 45518 58416 99933 65391 59323 52812 44657 43473 27415 15978 59060 36557 24125 100097 72103 38161 37878 30375 41300 84293 47575 24611 74577 27174 21298 56048 112681 4961 28895 16174 35447 78150 23393 31013 24351 71130 27005 50645 74642 46206 53470 84522 7007 25020 97919 87011 25790 116658 0 20072 33639 120329 43110 63437 91454 41370 95462 26263 50069 132483 60171 24503 29056 68403 20951 94259 26642 4604 64661 28663 6878 77038 59817 80910 56391 39331 42260 49684 29998 45408 22554 21006 47791 22261 13800 87846
26863 68009 37001 79269 15307 64151 57032 101500 104640 85857 44701 45975 11062 41290 25456 22224 27129 85698 29306 68339 68609 48536 53403 36897 15629 14098 58968 54547 96059 24707 69677 38777 76708 44558 41223 70116 51106 27726 35273 41002 39768 50478 27452 33962 73137 46529 24204 86167 71200 47567 27174 71565 53622 36168 64332 80487 78920 44602 40486 40801 66323 88812 35010 15301 48141 40828 50865 92685 67281 66892 28607 109404 7121 67723 27400 41194 91053 26853 115620 79578 28497 45497 54345 53418 114758 71013 65182 33021 38205 24333 20562 22196 65798 46495 18747 95158 72059 22054 57517 29210 61153 90465 47269 33276 55431 46402 13008 76089 112333 15160 27459 21606 15735 70654 6849 16722 37269 74499 33304 35713 90683 28922 53955 65017 23146 30686 103870 87592 15327 107843 20072 0 15136 116260 36665 51962 72185 54814 110658 41494 39032 133699 66285 11634 33342 87403 14211 77913 22748 21894 84053 39334 26863 78228 73844 79269 37001 41290 22224 44684 15307 44615 36168 40486 52277 41734 27129 104640
39962 79411 30466 89239 23213 71120 71577 113980 119732 93415 55317 30890 20849 54323 40581 14257 42224 100687 44249 82619 77214 42516 65496 46626 27775 28240 72681 69295 111062 9761 81600 52875 82802 49746 39565 84534 51006 38880 47380 51366 45831 65613 34090 49088 58001 55648 37877 101138 84656 58353 26623 56447 65135 43971 79454 90876 92289 53815 52346 54473 53381 97950 43761 30401 37435 29436 59974 102848 70646 72999 22690 124513 18778 77829 22839 27017 101992 41610 130440 93416 40323 54385 56764 62479 129858 69869 64557 19905 30843 9912 32413 29203 65803 61282 19314 102749 83048 25606 69159 28402 73159 103704 43555 48157 40938 60698 15923 88587 122390 29092 40436 36583 4944 77183 18052 24443 52398 86936 47841 37924 105813 28760 50136 50954 34657 45229 116894 98527 26661 112305 33639 15136 0 124042 29573 39431 57816 69907 125780 49776 27715 144350 79852 22903 47472 101897 17311 75226 35474 34156 94891 44745 39962 73411 88929 89239 30466 54323 14257 54334 23213 56394 43971 52346 65674 53539 42224 119732
123603 54983 105765 40205 101852 165371 85186 49994 122030 30628 72693 141309 124678 81497 105620 113883 108780 119726 100408 78514 47734 100914 68880 138778 123245 104603 75198 116672 123457 127636 56529 88486 42314 74677 156935 80312 81239 89080 83556 75892 148320 103362 90077 103364 163491 69784 96059 120583 67757 70310 143134 164398 66715 142619 106371 40886 64375 71717 133736 84766 133984 29156 81282 111372 117528 119265 65493 30857 58775 51620 144506 110616 121181 50709 105881 147964 37212 99557 97539 70108 89019 146443 165839 62952 112008 185259 179211 123736 153854 125451 96245 134229 179189 91924 134908 21295 50072 98483 143629 145141 143732 60526 163427 97977 139961 120778 129198 149218 22295 118446 91825 104160 119865 47187 109623 100458 102917 57231 94536 87734 111704 97378 170061 141538 127336 95935 57329 39097 100983 29409 120329 116260 124042 0 152390 162290 148549 98172 112908 145258 151676 36299 70722 104626 91826 133206 130277 80355 95239 124933 165093 148992 123603 194379 98194 40205 105765 81497 113883 71818 101852 74941 142619 133736 76237 134553 108780 122030
46071 104551 58144 115921 50538 56117 90038 137342 128953 121825 81363 38937 31356 77250 56886 43005 56448 108919 62098 101840 104950 69722 89778 42464 36767 50083 93821 77258 119097 30961 106027 73526 111812 78850 15588 103180 80421 64387 71794 77639 34191 78722 62439 64414 57748 82936 60089 109155 106235 84232 14784 54667 90187 36551 90973 117151 113981 81024 51887 76131 69172 125349 71194 46874 60092 52230 87292 129349 100184 101966 8081 136914 33529 104376 51935 23522 127652 60663 146101 113874 65130 46288 35539 89844 142398 42586 38114 41803 1588 33160 57226 28225 40019 78966 19626 131165 108677 54688 65291 13998 69851 125588 15550 66084 52145 67017 24568 85377 148998 41258 63741 54969 34404 106010 42965 51934 67299 110528 67348 67449 116602 58331 21474 62815 38907 64867 139160 124197 51914 141779 43110 36665 29573 152390 0 22545 67171 84480 137760 41514 11693 170312 101233 48106 68255 106157 23979 103488 59240 40266 86444 32182 46071 43887 102799 115921 58144 77250 43005 81218 50538 81157 36551 51887 87683 52680 56448 128953
67348 118817 59651 128560 62643 77071 108487 153152 150645 131759 94748 28368 50304 93107 75623 48459 75920 130703 80361 120033 116190 69330 104739 64971 56789 66059 110925 98835 140966 34660 120920 90685 120361 87614 36285 121660 84537 78220 86552 90797 56568 99039 73123 83724 37741 94928 76141 130978 123159 97783 36857 34250 104509 59097 111891 130264 130874 93124 74270 92763 57629 137005 83070 65132 55562 49202 99223 142181 106350 110753 27940 157894 51287 117198 56840 14844 141421 78357 166072 131495 79532 68746 55009 101700 163362 55156 52578 40753 21447 36872 71534 49854 55137 97624 39332 141030 122480 64167 87825 36380 92388 142405 32264 84408 39873 88761 42703 107882 161669 60675 79188 72792 42906 115124 56856 63861 86825 126098 84980 74690 137895 65025 34827 49221 60242 82385 155764 137956 65814 147965 63437 51962 39431 162290 22545 0 51435 104404 158857 64013 13397 183732 118248 61964 85259 128479 42708 103150 74311 61272 108395 54519 67348 48233 123141 128560 59651 93107 48459 93708 62643 95695 59097 74270 104219 75103 75920 150645
97732 120519 48066 124799 71957 122525 123534 155906 175936 120816 97933 29042 78413 102943 96603 52472 98946 157536 99094 132999 110425 48356 110256 102562 85509 82557 121571 126719 167828 48121 124065 104465 107460 81325 82752 135404 68404 86268 94855 94225 98411 121534 75487 104904 20331 94638 90055 158046 131874 100809 76231 23482 108373 98489 135560 127558 138729 93470 109520 104739 14877 129815 85229 87264 32844 35344 97942 137543 90013 99830 67130 178970 76593 115307 54200 43652 139360 95948 182235 141549 88596 109162 102710 99777 184110 106301 103204 39521 66999 48007 82571 84772 105575 114705 72939 128963 122489 67323 125898 76994 130118 149026 81321 102563 16897 118446 72167 145767 155032 86853 90875 91945 56462 104314 72224 72310 108194 130556 101093 68824 161569 61864 85293 7895 92077 98685 160733 136192 77775 126615 91454 72185 57816 148549 67171 51435 0 124872 180471 104266 55709 177742 127763 75223 99616 159569 73214 72856 86336 91810 150427 96737 97732 99197 143484 124799 48066 102943 52472 94886 71957 101622 98489 109520 114123 110661 98946 175936
39331 44051 80711 58840 53155 71433 12992 62139 51384 74766 40851 100499 54100 28551 29391 72402 28512 34872 25895 22149 58756 88203 34112 50545 47820 42470 23144 18584 44425 79233 41766 22775 74353 60352 79893 21977 77511 41403 35167 41805 62458 6586 53481 20929 127825 47507 35118 35578 31638 40345 70127 126352 37626 56552 12356 57492 37769 46780 41997 24643 116327 69762 47694 39864 95794 90417 48632 67646 77835 68032 77172 54617 53435 51049 72079 95532 62289 28940 61705 34634 38871 55420 79516 49652 59951 100541 94732 85488 86025 78496 42908 56814 93645 11653 65330 81653 48754 59173 46839 71498 46177 47971 87686 22309 108697 24949 61719 51248 84345 43730 35308 33398 69555 68702 53004 53010 17687 41330 24090 64700 36784 66642 92965 117237 46209 26323 61001 59670 47197 104577 41370 54814 69907 98172 84480 104404 124872 0 55931 56373 91008 100490 27746 49653 26260 42723 61702 103368 39151 44480 66932 64016 39331 115129 19031 58840 80711 28551 72402 45029 53155 35144 56552 41997 24649 42306 28512 51384
91706 76062 134951 85443 108524 108371 57723 63025 14807 103056 88373 156428 108934 79259 85202 128040 83863 31437 81807 50953 94148 140946 76909 98282 102145 98355 62722 60763 24220 135156 71671 76292 109439 109056 130347 48121 126888 95089 87238 90972 109977 60315 106867 76696 183741 94207 90417 31615 57579 86426 123008 182223 80163 104862 46979 82306 55043 94342 88322 76604 171243 92734 98966 95536 150433 145621 93235 85286 119948 107322 131067 2306 108771 84987 126944 150978 78235 84774 20081 49175 92614 99516 124305 92965 5190 144346 139291 141252 139229 134427 97970 109535 137462 65774 119526 105584 78303 113793 82808 124052 79288 53474 138024 78117 164482 71154 116587 71675 91774 98622 89816 89327 125485 105820 108910 108222 73391 65927 79382 116828 21357 120602 142234 172756 98869 81816 56105 78014 102702 131632 95462 110658 125780 112908 137760 158857 180471 55931 0 102451 145515 95805 59246 105393 80919 42327 116369 149145 94192 97652 86256 111932 91706 161513 37028 85443 134951 79259 128040 92518 108524 83097 104862 88322 69554 87975 83863 14807
21724 91164 78071 105327 54837 22842 66466 117375 91686 116742 73603 75264 30680 63761 39714 62260 36480 71720 44850 77803 98711 89856 76524 6485 26627 45016 73975 42659 81313 58066 90880 56941 110576 81865 29449 78117 91721 59594 62577 71185 7879 49793 65487 42506 98184 78211 50670 71779 85547 75530 28536 95385 78544 5849 58261 105322 92702 76411 14660 60604 102393 116191 69241 36254 87171 79210 81943 117188 104944 101346 38118 102019 34407 94551 68703 62579 113393 45874 114191 90529 58653 4922 23161 84253 107435 44182 38436 69477 42566 59131 53627 20583 37273 56319 31579 125474 96003 62704 23881 28300 28455 103675 36567 47438 87734 32654 33853 43870 135958 29902 54856 41892 53493 104236 47034 56033 43765 93152 50743 75888 81139 70206 39992 98432 19786 49339 117029 110225 51485 142800 26263 41494 49776 145258 41514 64013 104266 56373 102451 0 52451 154552 80791 49536 53442 66493 32485 119071 52888 21968 46173 9986 21724 59633 71487 105327 78071 63761 62260 75651 54837 70498 5849 14660 70367 14708 36480 91686
54128 106535 52276 116834 50714 67801 95215 140487 137453 121055 82655 28051 36909 80310 62276 38855 62528 117559 67074 106809 104928 63143 92214 52731 43410 53110 97889 85643 127854 25299 108457 77596 110187 77170 27208 108395 76161 65899 74015 78757 45408 85647 61804 70344 46143 83301 63232 117852 110181 85651 24343 43137 92167 47199 98541 118380 117913 81450 61708 79787 58567 125653 71411 51810 51625 44197 87639 130421 97160 100438 14961 144537 37965 105377 47702 12146 129345 65144 152681 118383 67056 57307 47085 90154 150002 52091 48241 34297 11324 27634 59031 36853 50405 84313 25998 130380 110351 53193 75984 24217 80511 129475 25827 71120 41173 75649 29318 96163 150001 47278 66435 59544 31822 104693 44323 52005 73436 113457 71794 64770 124596 55217 30619 51689 47064 69211 142899 125877 53376 138929 50069 39032 27715 151676 11693 13397 55709 91008 145515 52451 0 171836 105243 49500 72186 115723 29310 97234 61626 48007 97864 43461 54128 49944 109747 116834 52276 80310 38855 81903 50714 83258 47199 61708 91293 62604 62528 137453
134014 65809 131877 55243 121163 171766 88625 38876 107975 57167 89203 166316 140053 93705 117011 136695 119261 111694 111430 78387 68536 129389 80769 148199 136879 120332 80578 118532 112380 149811 64769 98972 70660 98411 171814 79001 109338 106091 98531 93081 159191 106768 110777 112291 190695 88855 110539 112471 69279 86239 158887 191089 80134 153203 104950 53474 62721 90630 141165 95695 163726 48118 100675 125109 145434 145692 84609 41627 88416 77918 162232 93700 137164 66534 129823 170303 42663 111681 77088 66424 105202 154592 176943 82186 93399 197536 191498 148241 171867 147846 113162 147921 190946 98257 151348 49996 61640 119940 147248 160771 146218 53301 179027 108072 167142 125293 145925 147912 22747 131898 106684 117099 140874 73428 127724 119909 110800 61512 105479 111870 101379 121013 185343 170299 139217 107543 42615 46115 118652 65691 132483 133699 144350 36299 170312 183732 177742 100490 95805 154552 171836 0 73862 122522 103618 126032 146731 113904 111079 136903 164364 160293 134014 209342 93558 55243 131877 93705 136695 90025 121163 89169 153203 141165 84748 141710 119261 107975
60771 18849 80102 32487 58017 98096 15024 36905 61669 49692 30568 107809 69915 25680 44912 77249 46473 52501 39421 9288 36474 84081 18288 74496 65417 52189 7414 46327 59032 87724 15323 27735 52449 50653 100122 12007 68320 42227 33371 33884 85751 33510 52281 38990 134889 35646 42139 53362 5013 28124 88231 134157 21199 79738 35835 30585 12748 36107 67304 25489 116679 42951 42727 54396 95792 92439 34174 40010 60942 48738 93295 57193 67807 27473 73665 106860 34543 40577 55452 13850 40222 80732 103424 33753 61332 124219 118228 90565 102821 86324 47677 76077 117514 24485 81633 55453 22785 60774 74328 89948 73874 24354 107673 35621 113154 51827 76789 78505 56697 60533 39431 46270 77806 47888 61817 57208 37170 13600 33907 60215 47889 65948 113640 119873 66534 36367 37946 31956 53363 79871 60171 66285 79852 70722 101233 118248 127763 27746 59246 80791 105243 73862 0 56996 33092 64518 77269 89905 44403 64334 94464 86980 60771 137092 30031 32487 80102 25680 77249 34367 58017 26202 79738 67304 14204 67858 46473 61669
31131 57043 33527 67848 5503 72373 49481 91201 100778 74226 33352 51675 21230 31423 22114 22769 25238 82773 23907 60136 56988 43692 42778 44101 22957 7676 49881 53281 92951 30908 58984 30442 65220 33522 52716 62187 42242 16437 24589 29562 49148 46462 16454 29983 79066 34914 15398 83334 61774 36287 38715 77957 42669 44764 60477 69174 69393 32991 45382 31729 67211 77258 23380 15462 47288 41157 39257 81329 56522 55433 40091 103959 17307 56312 23936 49917 79936 20726 108592 70626 17575 52946 64814 41811 109178 82231 76332 35862 49625 29721 9570 32147 76807 39805 30348 83525 60928 13689 61977 40745 65068 80801 58884 27344 59090 46844 24614 79020 100972 19954 17565 17140 20943 59120 5202 6540 33207 64146 26120 26366 86354 21871 65560 67616 29899 23613 94004 76469 3879 96579 24503 11634 22903 104626 48106 61964 75223 49653 105393 49536 49500 122522 56996 0 25164 86370 25762 69824 12593 27972 88839 49031 31131 89847 68366 67848 33527 31423 22769 33120 5503 33768 44764 45382 42803 46628 25238 100778
31780 38372 54515 52038 27675 74182 24318 69155 77530 63545 21174 76837 37056 10361 13836 47324 17000 60948 8621 35147 45580 61998 23377 46967 33279 19327 25713 36026 70662 55996 38863 5435 58716 36532 68240 37092 52570 15261 11175 19931 56692 25067 27296 13284 104222 27004 9769 61617 38063 22545 55674 103118 25133 50890 38232 52281 45812 25561 42703 7975 90427 62803 22870 21668 69741 64706 29934 64375 57169 50301 60274 79377 34758 41117 46104 74317 61311 8072 83434 46241 12754 54830 74378 31937 84496 94441 88374 60674 69842 54875 17054 44302 88069 15197 48715 72119 43063 33048 55515 57480 57022 57410 75564 7289 83861 34152 43744 67624 83627 28298 9059 13542 46040 52434 29497 27314 14713 42601 3362 38793 62825 40388 81786 91867 35966 4113 70939 57975 22036 90860 29056 33342 47472 91826 68255 85259 99616 26260 80919 53442 72186 103618 33092 25164 0 67198 44277 79526 13282 33590 80870 57515 31780 105725 44066 52038 54515 10361 47324 24259 27675 17199 50890 42703 19450 43666 17000 77530
62670 83188 119576 96923 91000 67771 53327 88023 28340 114198 83574 132445 81989 71190 64264 108412 61257 14365 63520 55601 99807 128456 76073 63932 74750 78694 63025 33120 18113 111656 79842 64835 115755 102834 95844 53385 119629 82344 77301 84440 74367 42161 94161 56897 158606 90229 74336 13623 66238 83004 91622 156430 79676 70277 30607 94768 68831 89492 54277 67162 153205 107022 89747 72547 133647 127220 91253 102521 120463 110198 100764 42923 83222 91330 110215 123559 95995 66914 60068 63169 79888 62618 86139 92143 47469 105001 100442 120353 107448 111591 82054 78921 98320 54136 90446 119790 87302 98228 43882 92171 39705 74334 103060 61250 142760 41231 89135 29585 115421 72807 75772 69286 103139 110452 88171 91255 53978 76934 64315 105914 25595 106292 106202 152415 69250 65881 83420 94280 85004 144377 68403 87403 101897 133206 106157 128479 159569 42723 42327 66493 115723 126032 64518 86370 67198 0 88466 145957 78584 68874 43965 76462 62670 123019 35087 96923 119576 71190 108412 87748 91000 77863 70277 54277 66613 53524 61257 28340
25837 80922 46705 92791 29438 53918 66357 113381 108759 99952 58245 44734 7628 53366 33223 30475 33246 89059 38277 78093 82569 58733 66032 29650 14255 26408 69858 57108 99424 25788 82237 49552 90918 58696 27015 79534 64122 41368 48242 54686 28670 56355 41622 41112 70177 60496 36260 89407 82267 61006 12965 67964 66621 26668 69396 93833 90015 58563 36346 52160 70171 102572 49123 22982 54743 46745 64804 106072 81269 81103 16035 115345 9598 81256 37940 35223 104077 36716 123388 90000 41818 37140 41186 67352 120799 56947 51182 37015 25566 26703 34153 11959 51931 55343 4655 109234 85169 35576 52723 15000 56909 101622 33154 42296 56390 47509 1502 72556 125701 17972 40047 31024 21298 84854 21049 30864 44163 86611 43407 49225 95591 41511 39811 66867 19304 40908 115187 100637 29307 122016 20951 14211 17311 130277 23979 42708 73214 61702 116369 32485 29310 146731 77269 25762 44277 88466 0 90100 35749 19610 77930 27725 25837 64116 80443 92791 46705 53366 30475 58541 29438 57589 26668 36346 63708 37468 33246 108759
100702 74118 45344 70100 64384 141883 94706 103404 150658 58400 62835 76025 88972 74818 87239 61004 91222 137617 85365 98485 57142 34097 72756 113867 92474 75691 87178 115545 146178 72627 78573 81202 45760 43159 114791 101348 27849 65343 68823 61564 117667 104027 55272 91847 90975 56304 74746 138393 91796 63992 101566 92901 69303 113968 115695 73542 95828 56756 114871 78798 58019 69974 56657 84681 48193 53948 56337 79283 30050 43327 97607 147076 85018 65667 52492 88557 83783 82277 143093 100967 67511 122692 131251 56302 151066 145053 139783 63026 104465 70372 68429 100055 141007 91835 93534 64065 73252 56383 130945 103444 133558 102427 118418 86340 69371 112493 88608 146122 92424 89778 71984 82633 70320 46292 72042 63286 93994 85082 82722 43673 136169 48991 124812 67153 99659 81785 110198 81545 68586 54920 94259 77913 75226 80355 103488 103150 72856 103368 149145 119071 97234 113904 89905 69824 79526 145957 90100 0 70862 97788 157667 117154 100702 146883 116831 70100 45344 74818 61004 58563 64384 68569 113968 114871 81307 116096 91222 150658
31834 45313 41626 57084 14417 75174 37399 78871 90533 65391 22652 63942 29545 18859 16380 34097 20378 73417 15170 47725 47571 49880 30656 46738 28250 9425 37302 46138 83334 43419 46929 18249 57964 29692 61828 49860 43129 6706 12555 19355 54312 37042 15965 21865 91270 25887 4248 74047 49185 25310 48270 90284 30948 49081 50751 58084 56815 23995 45260 19204 77239 67054 16408 16781 56644 51450 29971 70325 52418 48552 51159 92657 26284 45570 32942 62491 68417 11824 96480 58046 6220 55385 71274 32453 97777 90119 84093 47478 60800 42133 3782 39067 84210 28432 40395 74514 49461 20055 60474 50233 62835 68248 68599 17446 70631 41784 34879 75305 89952 23699 4972 11973 33466 51654 17503 14033 24621 51833 15061 27967 75890 27809 75133 78586 33420 12958 81503 64965 9037 90071 26642 22748 35474 95239 59240 74311 86336 39151 94192 52888 61626 111079 44403 12593 13282 78584 35749 70862 0 31085 86980 54660 31834 99425 57296 57084 41626 18859 34097 23568 14417 21917 49081 45260 30210 46415 20378 90533
6230 71960 58793 85494 33406 44648 51469 101218 89468 95775 52532 63871 13397 43890 19908 44040 17861 69641 25478 63330 77768 70110 56960 16182 6445 23051 57061 37684 79977 43718 72292 37949 88993 59897 35973 64309 70199 37786 41512 49826 23448 38537 43606 25550 89736 56721 29217 69962 69309 54699 25700 87564 58532 18014 50756 85848 76892 54878 18611 41340 87352 96106 47355 14338 69886 62374 60604 97963 82977 79634 33417 96747 15659 74353 49102 54808 94821 25577 105917 75838 37007 25029 40918 62990 102226 60853 54787 53790 41777 44068 31669 12337 54491 40451 22052 104697 76651 41478 35643 27022 39370 88351 43669 28901 74913 27920 20264 54558 117199 8042 33467 20778 36545 82666 26204 34512 27984 75494 31453 54303 76627 49342 49404 85084 2403 29533 101966 91512 29631 121145 4604 21894 34156 124933 40266 61272 91810 44480 97652 21968 48007 136903 64334 27972 33590 68874 19610 97788 31085 0 62169 24060 6230 72772 62559 85494 58793 43890 44040 54240 33406 50009 18014 18611 52172 19854 17861 89468
57833 110780 120936 125657 94325 33025 79924 125506 71967 140942 101688 121435 74451 89220 70655 106091 66630 56806 73405 87424 123965 132092 99090 48295 68453 82224 90018 48558 62040 103717 108683 81530 138639 116278 72187 86183 129824 92973 91997 100798 52539 62075 102395 67601 143938 107822 83327 56295 97875 102444 74557 140998 102226 51937 59689 124410 102856 106426 43682 85055 148099 136642 102457 73443 131768 124042 110430 134472 137957 130860 84047 86888 77522 117139 111215 108521 128857 76121 103823 98290 91115 41268 55753 112167 91372 69807 66780 114790 87259 104577 89244 66021 64122 74488 77584 148292 115565 102510 26862 74113 24146 111120 77533 73581 133844 46805 79176 16463 150403 69550 86629 75082 98059 132533 88051 95196 66420 108051 77512 114125 68583 110702 78189 144503 60975 77613 122310 126402 89408 170130 64661 84053 94891 165093 86444 108395 150427 66932 86256 46173 97864 164364 94464 88839 80870 43965 77930 157667 86980 62169 0 54428 57833 88681 70887 125657 120936 89220 106091 105077 94325 96805 51937 43682 90227 42426 66630 71967
26282 95819 74409 109509 53952 26504 73177 123829 101437 119752 76529 67704 28300 67856 43708 58200 41092 81418 49186 84801 101767 86414 80886 13815 26591 45913 79909 51653 91114 52085 95952 61620 112600 82349 19472 85359 90426 61286 65532 73716 2117 57511 65443 48058 89510 80501 53146 81503 91860 78740 20511 86581 82551 7467 67019 109795 99237 78629 23640 65128 95918 120155 70583 37944 82028 73935 84475 121862 105452 103092 29761 111432 32315 98404 65482 54165 118518 49568 123113 97514 60741 14362 16870 86895 116872 37261 31251 63797 33120 53441 54709 17139 30666 62571 25557 128716 100558 61316 33726 19811 38295 110458 26607 52298 80505 41397 29212 53511 140983 30960 57404 44833 48982 106302 45639 55269 49837 98782 55187 74890 90586 68196 30307 91286 21657 53423 123959 115252 51603 144608 28663 39334 44745 148992 32182 54519 96737 64016 111932 9986 43461 160293 86980 49031 57515 76462 27725 117154 54660 24060 54428 0 26282 51141 80066 109509 74409 67856 58200 78085 53952 74067 7467 23640 75605 23958 41092 101437
0 69799 63267 83772 36634 43412 47275 97659 83325 95020 51910 69961 19420 42127 18000 49080 14944 63460 23238 59050 76990 74276 55004 15296 12233 25076 53652 31519 73785 49612 69768 35529 89040 61367 40581 59833 72923 38479 40900 49584 25208 33166 45786 21797 95936 56662 29227 63772 65682 53809 31364 93781 56909 19268 44914 83883 73133 54896 14251 39122 92911 94578 48236 16039 75003 67656 60313 95855 84240 79934 39439 90845 21238 72895 53513 61038 92335 24150 100413 71690 37314 23652 42979 62594 96328 63540 57518 59388 47555 49855 33122 17873 56933 36465 28226 103753 74593 44819 31022 32534 34422 84459 48366 26105 80838 21692 26467 49226 114843 11833 33338 20355 42050 82697 30249 37590 23750 72502 29196 57036 70608 52933 53772 90915 7165 27668 98023 89097 32120 121293 6878 26863 39962 123603 46071 67348 97732 39331 91706 21724 54128 134014 60771 31131 31780 62670 25837 100702 31834 6230 57833 26282 0 76562 56998 83772 63267 42127 49080 54065 36634 48781 19268 14251 49359 15498 14944 83325
76562 143813 101621 156436 93124 56526 123838 173986 149915 164065 122072 75943 69883 115702 92490 86854 90627 130325 98076 135594 146655 112869 128744 64826 72470 90001 129832 102291 139362 74300 144578 110460 154774 122081 37645 136289 124308 105357 111656 118638 52793 108641 105276 98168 82937 124595 99244 130282 142055 124719 51249 79160 129796 58606 117879 157238 149597 122662 74259 113661 105822 166475 113225 84304 101475 94138 128890 169480 143868 144927 50953 161217 73239 144961 95800 60379 166927 97667 173813 148251 105608 62077 37212 131435 166575 18877 22608 84183 42723 76585 98162 61423 24920 112988 59503 173350 148301 98095 79295 49250 83330 160989 30964 101640 88039 92241 65233 95523 189001 77451 103319 92253 78274 148801 84981 94551 100303 148138 103958 111153 140339 102164 24320 97431 70558 101823 174571 163545 93422 185301 77038 78228 73411 194379 43887 48233 99197 115129 161513 59633 49944 209342 137092 89847 105725 123019 64116 146883 99425 72772 88681 51141 76562 0 131054 156436 101621 115702 86854 122593 93124 120858 58606 74259 124797 74340 90627 149915
56998 48879 98428 62090 71567 82975 22276 54779 34215 79596 54235 119473 72881 43587 48420 91032 47408 22474 44817 20833 66260 105089 44328 66277 66394 61341 30114 29116 29542 98224 45239 39681 82285 74826 97136 18421 92540 58620 51254 56202 78315 24120 70584 39946 146820 60604 53452 23337 31258 52854 88249 145370 47904 72655 13376 59809 33851 60352 56828 40446 134492 72003 63461 58875 113773 108745 60581 67456 89210 77799 95686 35639 72374 57409 90168 114522 60992 47752 43422 28404 56107 69623 94488 60922 40941 115371 109796 104227 104321 97450 61078 74799 108405 28871 83918 84842 52703 77078 56891 89502 54811 40520 104933 41094 127456 38833 80527 54424 81013 62504 53052 52388 88505 77428 71903 71307 36681 41917 42395 81128 19470 84154 109837 135790 64082 44804 51437 59208 65709 109744 59817 73844 88929 98194 102799 123141 143484 19031 37028 71487 109747 93558 30031 68366 44066 35087 80443 116831 57296 62559 70887 80066 56998 131054 0 62090 98428 43587 91032 58513 71567 48602 72655 56828 35525 56828 47408 34215
83772 14915 77657 0 66120 125189 45907 33417 91097 17843 34577 111377 86575 41677 65874 81496 68867 84490 60534 41335 14469 76810 28806 98842 84358 66498 35696 77103 90105 94568 17264 48417 25260 43867 118797 43671 57253 51544 44782 38288 108723 63634 55537 63214 136394 33635 57243 85358 30875 31786 105349 136566 26961 102927 68167 3476 30674 35437 93565 44728 111474 11095 45493 72420 92028 91425 29370 13626 40338 27285 107874 83181 83367 11547 74845 115062 14654 59941 75362 36781 50974 106361 126378 26944 86132 146219 140152 93273 117451 92606 58736 95446 139963 51836 97445 22985 10093 64698 103544 107305 103792 33590 125670 57925 113013 80696 91862 110088 33171 79449 53125 64843 85671 23831 73028 64833 62715 20441 54594 57167 78516 66039 132176 117119 87888 56148 40099 11771 64016 47737 80910 79269 89239 40205 115921 128560 124799 58840 85443 105327 116834 55243 32487 67848 52038 96923 92791 70100 57084 85494 125657 109509 83772 156436 62090 0 77657 41677 81496 34931 66120 35668 102927 93565 36072 94369 68867 91097
63267 72511 0 77657 28603 100330 77298 107995 132044 76145 49954 35623 47419 56018 55408 16314 58720 115023 56221 85907 63552 12069 62334 73821 52622 41117 74229 86601 124960 27322 76009 58754 63482 33798 69831 88444 25234 39865 47914 46327 75256 78601 28206 62738 58834 46587 45781 115643 84053 52790 57086 59238 60345 72499 92375 80217 90770 45404 77269 58369 36627 83771 37387 48633 15700 13816 49980 90813 47711 54634 52405 133286 43860 67648 9764 44807 92029 52840 135115 93795 42353 82291 87191 51906 138225 99912 94771 18943 59124 25046 37929 57831 96128 69655 49516 84996 74645 21574 94245 58866 97681 100970 73139 58989 35362 80366 45210 112142 109153 51452 45460 50352 25736 59192 33087 28324 65785 82490 56654 20825 117338 14375 79490 40195 60140 54578 112695 88767 34574 88757 56391 37001 30466 105765 58144 59651 48066 80711 134951 78071 52276 131877 80102 33527 54515 119576 46705 45344 41626 58793 120936 74409 63267 101621 98428 77657 0 56018 16314 46827 28603 53900 72499 77269 66814 78524 58720 132044
42127 28157 56018 41677 32353 84260 21582 60227 77784 53503 12781 82175 46441 0 24197 51722 27285 63063 18911 30057 35656 61715 13095 57281 43243 27292 18833 42398 72097 62051 28968 7706 49511 31844 78124 32497 49238 16752 8118 13257 67048 29708 27812 22511 109330 19348 17184 63812 30380 13224 65236 108533 14784 61251 40887 41958 37972 18394 52672 4249 92591 52450 19877 31411 71664 67622 21324 54089 50019 41685 69196 77509 43768 30791 48750 81339 51226 18313 79306 39453 14604 65042 84723 22953 82340 104718 98650 65094 78829 60644 22015 54327 98380 17065 57918 61938 32781 35632 64629 67098 65757 49389 85324 16725 87906 42468 52688 75191 73423 38269 13928 23478 52146 43342 36358 31579 22954 33290 13082 37636 63004 41650 91643 95081 46274 14473 62665 47853 27729 81403 39331 41290 54323 81497 77250 93107 102943 28551 79259 63761 80310 93705 25680 31423 10361 71190 53366 74818 18859 43890 89220 67856 42127 115702 43587 41677 56018 0 51722 16724 32353 7586 61251 52672 11495 53584 27285 77784
49080 73520 16314 81496 19688 84277 71486 108953 123543 83418 49419 30745 31829 51722 44503 0 47197 105414 46671 81528 68419 28382 60960 58353 37668 30219 70555 75307 115636 13829 76332 52339 71902 39251 53800 83778 37541 35027 43878 45433 59107 69195 26355 52634 57641 48145 37664 105958 81734 52487 40827 56988 59844 56596 83218 83546 89055 46510 62651 52980 44794 89239 36766 35955 25926 18854 52243 95080 58319 62306 36670 126566 28572 70487 8961 34099 95097 43492 130518 91089 37122 66624 70891 54590 131742 84053 78788 13409 44132 11587 30387 41829 80056 62311 33203 92652 76565 17104 79683 42636 83365 100050 57539 50096 36538 67937 28988 98303 114282 37317 38819 39690 9438 66699 20244 20239 55894 82276 48661 26232 109122 16570 64035 44847 45119 46229 112699 91680 25349 100084 42260 22224 14257 113883 43005 48459 52472 72402 128040 62260 38855 136695 77249 22769 47324 108412 30475 61004 34097 44040 106091 58200 49080 86854 91032 81496 16314 51722 0 47443 19688 51859 56596 62651 63178 63893 47197 123543
54065 26172 46827 34931 31190 97356 36266 61760 92606 41825 4284 77969 52866 16724 36497 47443 40286 79054 32320 41657 24086 49795 16086 69316 51800 32836 29804 59000 87689 60027 29328 23982 34987 16539 85117 44448 34375 17264 13394 4491 77642 46431 21097 37540 104075 2746 25035 79831 37781 6244 71344 103842 13611 72237 57280 36556 44108 1841 66321 20931 83029 44138 10734 40143 62337 59941 6405 48522 33354 26145 73211 90599 49368 23495 41860 80425 47843 30320 89811 47598 17384 77681 94778 8894 95073 113678 107656 59974 82729 58165 24433 62631 107776 33721 63187 50972 29134 30364 79746 73344 81278 54143 91660 31537 81316 58293 57509 91499 68101 47166 20809 33759 50881 28645 38254 29908 38695 35695 27600 26268 77956 33365 98272 87007 56620 27819 66034 44395 29357 67247 49684 44684 54334 71818 81218 93708 94886 45029 92518 75651 81903 90025 34367 33120 24259 87748 58541 58563 23568 54240 105077 78085 54065 122593 58513 34931 46827 16724 47443 0 31190 10006 72237 66321 23146 67359 40286 92606
36634 56249 28603 66120 0 77680 51799 91075 104491 71294 32110 49834 25818 32353 26806 19688 30174 86871 27874 61928 54503 38392 42614 49496 28215 12623 51146 57999 96953 29894 58562 32651 61652 29262 56433 64138 36885 16008 24798 28154 54165 50440 12196 34257 77060 32642 18115 87460 62638 35154 42361 76196 42040 49955 64379 67692 70113 30770 50885 33357 63214 75083 20776 20909 42911 37262 36996 79709 51997 51808 42681 107013 21805 54668 19254 49800 78779 24543 110842 71806 17811 58332 69441 39529 112156 86317 80488 33083 52003 28364 10700 36918 81090 42751 33867 80632 59839 8189 67462 44399 70523 81336 62234 30965 56215 51951 28155 84376 99289 25410 19143 21749 20178 55689 8497 1430 37379 64095 29181 21071 89938 16415 68946 64232 35287 26841 94301 75314 6046 92579 29998 15307 23213 101852 50538 62643 71957 53155 108524 54837 50714 121163 58017 5503 27675 91000 29438 64384 14417 33406 94325 53952 36634 93124 71567 66120 28603 32353 19688 31190 0 33458 49955 50885 43848 52130 30174 104491
48781 23399 53900 35668 33458 91382 26330 57626 82752 46350 5743 82598 51090 7586 30784 51859 34162 69048 25806 32548 28382 58250 9162 64041 48690 31181 20659 49826 77704 63314 25225 15287 41943 26240 83213 35256 44022 17520 9363 7902 73379 36912 26210 29943 109371 12375 21615 69827 30262 5641 69922 108833 9036 67690 47341 36382 37317 11821 59880 11777 90485 46117 16535 36752 69591 66330 13833 48628 42818 34121 73076 81230 48050 24367 47645 83223 46506 24651 81412 39933 16203 72005 90926 15376 85832 110593 104528 64987 82716 61692 24228 59778 104392 24023 62220 54981 27582 34998 72157 71848 73329 48191 90193 24051 87245 50052 56761 82729 68198 43786 17584 29261 53634 35761 38935 32429 30518 30639 20253 34200 68063 39771 96644 93728 52411 21234 60928 43058 29899 73900 45408 44615 56394 74941 81157 95695 101622 35144 83097 70498 83258 89169 26202 33768 17199 77863 57589 68569 21917 50009 96805 74067 48781 120858 48602 35668 53900 7586 51859 10006 33458 0 67690 59880 13545 60826 34162 82752
19268 89047 72499 102927 49955 27984 65817 116546 94650 113683 70443 69506 25219 61251 37054 56596 34200 74583 42431 77404 95659 84341 74203 6583 21821 40771 72723 44388 84415 52218 89035 54784 107007 77567 25730 77931 86785 55774 59407 67812 6015 50044 60943 40913 92701 74730 47204 74702 84593 72530 23042 89960 76009 0 59656 103103 91927 72890 16570 58355 96544 113670 65286 32307 81385 73408 78591 115104 100688 97633 32650 104313 29050 91944 63208 57043 111601 43064 115767 90124 55021 10681 23742 80962 109767 44491 38527 63642 37695 53292 49506 14814 37781 55289 25738 122547 93827 57683 28795 22982 33337 103106 33247 45373 81927 34075 28050 48964 134111 25594 51445 38630 47749 100681 41954 51197 42570 91695 48416 71025 83505 65018 37433 92614 15662 46780 116585 108365 46955 139151 22554 36168 43971 142619 36551 59097 98489 56552 104862 5849 47199 153203 79738 44764 50890 70277 26668 113968 49081 18014 51937 7467 19268 58606 72655 102927 72499 61251 56596 72237 49955 67690 0 16570 68611 17043 34200 94650
14251 79030 77269 93565 50885 31643 52660 103539 78108 106168 63703 81061 31518 52672 29869 62651 26035 58031 34177 63722 88255 88418 64878 9991 25010 39185 60763 28082 67916 61682 78332 45340 101219 74949 42250 63883 87061 51745 52940 61839 21737 35412 59805 30381 105921 69005 42190 58162 71931 65241 37443 103456 67264 16570 43620 93261 78883 67339 0 49088 105705 104581 61511 30195 88488 80936 72359 104855 97579 92437 46768 87801 34204 83238 67540 70350 100655 36006 99614 76412 50308 13487 37754 74493 93246 58742 53055 72156 53171 62228 46923 25368 51803 43029 37316 114580 83930 59070 17033 37914 20832 89652 49813 35954 92662 17995 37355 36283 123219 25872 46060 33373 55031 94896 44378 51834 30964 80066 39643 71199 66969 67178 53918 103031 17720 38764 102888 97593 46292 133446 21006 40486 52346 133736 51887 74270 109520 41997 88322 14660 61708 141165 67304 45382 42703 54277 36346 114871 45260 18611 43682 23640 14251 74259 56828 93565 77269 52672 62651 66321 50885 59880 16570 0 57875 1256 26035 78108
49359 21268 66814 36072 43848 89391 13538 49705 69501 50718 18914 93667 56506 11495 32317 63178 34527 56727 26729 19146 34175 71686 9498 63921 52523 38184 7448 41828 64922 73521 20520 14372 49704 39640 87462 21788 57467 28162 19354 21432 74567 28271 38710 27861 120803 25115 28078 57537 18986 17336 75088 120023 13075 68611 36068 35475 26664 24986 57875 11559 103441 47167 29746 41086 82508 78780 25134 46983 54120 43599 79683 67686 54163 26912 59933 92688 43033 27313 68301 27958 26082 70957 92337 25698 72301 112815 106769 76532 89269 72131 33473 63433 106270 15842 68161 58201 26184 46905 67490 76874 67855 38189 94870 23327 99262 44654 63145 75134 65591 47563 25241 32935 63602 44084 47654 43067 26911 23342 20850 47579 54904 52514 101013 106246 54475 23092 51621 39859 39160 80194 47791 52277 65674 76237 87683 104219 114123 24649 69554 70367 91293 84748 14204 42803 19450 66613 63708 81307 30210 52172 90227 75605 49359 124797 35525 36072 66814 11495 63178 23146 43848 13545 68611 57875 0 58612 34527 69501
15498 79798 78524 94369 52130 30820 53152 103993 77609 107087 64704 82168 32721 53584 30939 63893 27077 57549 35167 64125 89192 89674 65716 10509 26246 40407 61378 27951 67373 62854 79043 46211 102234 76107 42768 64232 88282 52882 53972 62881 22009 35728 61012 31229 106945 70049 43310 57662 72453 66210 38307 104460 68140 17043 43571 94030 79352 68394 1256 49961 106906 105397 62643 31425 89725 82164 73375 105583 98707 93486 47679 87485 35434 84097 68795 71351 101325 37055 99484 76796 51422 13114 37674 75495 92921 58621 52983 73361 53947 63416 48111 26394 51670 43653 38362 115467 84702 60316 15790 38729 19624 90059 50281 36860 93809 18021 38494 35121 123882 27128 47156 34511 56251 95915 45634 53076 31710 80689 40579 72424 66631 68428 54263 104193 18933 39750 103253 98280 47520 134451 22261 41734 53539 134553 52680 75103 110661 42306 87975 14708 62604 141710 67858 46628 43666 53524 37468 116096 46415 19854 42426 23958 15498 74340 56828 94369 78524 53584 63893 67359 52130 60826 17043 1256 58612 0 27077 77609
14944 54855 58720 68867 30174 57286 33855 83359 77513 80508 37719 73099 25625 27285 4030 47197 0 58641 8382 45729 62513 68434 40080 29998 19698 17604 39206 28138 68979 51836 54866 20585 75196 49737 53739 46877 63446 26387 26905 35805 40108 23548 36087 7973 100191 42972 16719 59130 51448 39379 42524 98515 42065 34200 37249 68944 59042 41319 26035 24183 91985 79712 36007 11829 72425 65973 46338 80911 71934 66409 48919 82702 24970 58076 49173 67157 77433 9981 90153 58119 24664 37843 57872 48500 88110 78288 72243 59473 58016 51396 22922 29778 71756 22768 37031 89116 59650 37921 40269 44086 42484 70522 61370 11206 82331 21882 33220 55058 99922 15296 20264 8727 42606 68869 26959 30640 10919 57778 14273 48026 63627 46216 67219 91588 20078 12928 84144 74181 24387 107435 13800 27129 42224 108780 56448 75920 98946 28512 83863 36480 62528 119261 46473 25238 17000 61257 33246 91222 20378 17861 66630 41092 14944 90627 47408 68867 58720 27285 47197 40286 30174 34162 34200 26035 34527 27077 0 77513
83325 79897 132044 91097 104491 95609 56461 72968 0 108936 88340 150612 101576 77784 79462 123543 77513 20092 76873 52574 97945 139124 77912 88089 94525 93380 63498 51813 10590 129344 75734 73519 113750 108990 120358 49742 126735 92449 85369 90401 99411 54412 104492 71066 177651 94615 86498 19948 61187 86822 114175 175879 81404 94650 40400 88234 60476 94447 78108 74548 167694 99528 97648 89341 147177 141745 94321 92967 122406 110402 122709 16053 101909 88805 123463 143848 85951 80080 34459 54342 89919 88356 112754 94452 19667 132303 127475 136438 130363 128848 94292 100856 125502 62443 111520 112559 82883 110536 70686 115040 66864 61560 127889 73542 159551 61943 109143 57920 101766 91501 86588 84008 119987 109485 103753 104380 67762 70812 75473 115252 14792 117890 131675 168381 90406 77692 66712 85192 98501 138418 87846 104640 119732 122030 128953 150645 175936 51384 14807 91686 137453 107975 61669 100778 77530 28340 108759 150658 90533 89468 71967 101437 83325 149915 34215 91097 132044 77784 123543 92606 104491 82752 94650 78108 69501 77609 77513 0
