StringID  Type  x          y          demand  ReadyTime  DueDate  ServiceTime
D0        d     -4702.23    14693.42    0.0     0.0        32400.0  0.0
C1        c     78500.72    19258.80    159.0   2005.0     21560.0  318.0
C2        c     40587.95    -28829.87   729.0   3447.0     23553.0  1458.0
C3        c     -102035.42  -7109.97    719.0   2119.0     23038.0  1438.0
C4        c     -14237.37   -35902.79   794.0   2652.0     22290.0  1588.0
C5        c     64820.85    68841.24    285.0   1594.0     20914.0  570.0
C6        c     -50641.99   11650.44    471.0   3093.0     23302.0  942.0
C7        c     -88009.71   53495.71    705.0   2544.0     22562.0  1410.0
C8        c     -7750.97    -37029.55   722.0   3659.0     23744.0  1444.0
C9        c     -15004.46   -27183.82   443.0   1196.0     20597.0  886.0
C10       c     -56072.11   -65154.15   355.0   2253.0     21465.0  710.0
C11       c     77687.08    61494.44    662.0   4674.0     24257.0  1324.0
C12       c     3221.58     16911.78    819.0   1044.0     22540.0  1638.0
C13       c     26396.60    -66338.14   719.0   4755.0     25570.0  1438.0
C14       c     15591.52    -30357.74   430.0   1889.0     22178.0  860.0
C15       c     41099.15    -32690.79   550.0   686.0      20210.0  1100.0
C16       c     -37736.84   84682.97    663.0   1557.0     22552.0  1326.0
C17       c     -29139.72   2997.54     310.0   4483.0     23116.0  620.0
C18       c     66572.45    13159.68    718.0   867.0      20975.0  1436.0
C19       c     25347.05    18338.00    271.0   2720.0     21682.0  542.0
C20       c     -98436.05   21395.70    518.0   4817.0     24326.0  1036.0
C21       c     63481.10    3600.04     293.0   3839.0     23725.0  586.0
C22       c     -59046.27   -3418.58    152.0   2850.0     22898.0  304.0
C23       c     26467.26    720.94      513.0   4509.0     25034.0  1026.0
C24       c     8545.02     932.14      750.0   3602.0     23442.0  1500.0
C25       c     -8642.17    -23596.92   802.0   4392.0     24774.0  1604.0
C26       c     -105218.38  17084.26    358.0   1085.0     21089.0  716.0
C27       c     -36239.94   -9326.49    367.0   1797.0     20902.0  734.0
C28       c     33382.97    -62313.17   820.0   5118.0     25748.0  1640.0
C29       c     46437.89    -9900.14    505.0   3079.0     22351.0  1010.0
C30       c     23315.21    -55512.29   775.0   2260.0     21890.0  1550.0
C31       c     34098.66    -39152.76   631.0   4343.0     24076.0  1262.0
C32       c     17135.70    10663.25    131.0   1837.0     20773.0  262.0
C33       c     22650.61    31970.62    327.0   2390.0     22379.0  654.0
C34       c     -3664.98    -3498.34    378.0   673.0      21366.0  756.0
C35       c     -15526.04   57073.34    670.0   3537.0     23407.0  1340.0
C36       c     12384.74    -71074.96   658.0   4425.0     24308.0  1316.0
C37       c     3897.33     -24016.69   828.0   1734.0     22707.0  1656.0
C38       c     -89561.19   52129.69    211.0   4256.0     23713.0  422.0
C39       c     -19342.81   -5077.15    581.0   3403.0     23631.0  1162.0
C40       c     -53089.77   80122.19    514.0   4571.0     25525.0  1028.0
C41       c     58901.79    -1400.27    686.0   4612.0     24805.0  1372.0
C42       c     31266.65    72577.69    199.0   3505.0     23562.0  398.0
C43       c     -4593.38    -69262.17   503.0   1694.0     21701.0  1006.0
C44       c     65950.18    2499.27     449.0   5382.0     24506.0  898.0
C45       c     23363.60    -9141.27    366.0   2162.0     21657.0  732.0
C46       c     -4104.65    -58678.05   398.0   4472.0     24656.0  796.0
C47       c     -28571.17   19972.34    378.0   3671.0     22901.0  756.0
C48       c     29612.32    -10082.59   515.0   1592.0     21953.0  1030.0
C49       c     -14011.65   -69894.89   390.0   1256.0     21370.0  780.0
C50       c     40489.64    -211.46     288.0   2030.0     21511.0  576.0
C51       c     -57140.16   87793.90    515.0   4036.0     23935.0  1030.0
C52       c     -16008.65   39277.71    646.0   3665.0     23483.0  1292.0
C53       c     -7689.78    75925.29    427.0   1121.0     21595.0  854.0
C54       c     5333.18     6270.56     271.0   2360.0     21256.0  542.0
C55       c     36175.62    -66415.17   827.0   1488.0     21858.0  1654.0
C56       c     22337.62    83436.96    301.0   4347.0     23490.0  602.0
C57       c     27826.75    -15185.12   101.0   2525.0     21491.0  202.0
C58       c     29319.46    -77336.38   496.0   2020.0     21120.0  992.0
C59       c     45529.61    36941.34    129.0   5302.0     25124.0  258.0
C60       c     -91429.68   -20542.62   135.0   5250.0     25266.0  270.0
C61       c     49008.92    -26594.62   461.0   1477.0     21133.0  922.0
C62       c     -43848.85   -10973.07   712.0   2526.0     23302.0  1424.0
C63       c     -45735.69   40611.84    499.0   2785.0     22056.0  998.0
C64       c     9130.59     -70409.98   469.0   4046.0     24169.0  938.0
C65       c     -11591.15   -49565.93   594.0   2286.0     23147.0  1188.0
C66       c     54199.75    23130.60    712.0   4537.0     24933.0  1424.0
C67       c     -25450.73   -13936.80   345.0   3680.0     23667.0  690.0
C68       c     58647.56    6450.49     221.0   4946.0     24057.0  442.0
C69       c     -37797.67   109480.28   452.0   1047.0     20074.0  904.0
C70       c     55636.43    83601.09    366.0   3683.0     23141.0  732.0
C71       c     -20379.30   84876.15    185.0   5176.0     23949.0  370.0
C72       c     35595.98    57406.56    379.0   4738.0     23825.0  758.0
C73       c     -93027.29   13898.52    741.0   3227.0     23224.0  1482.0
C74       c     83824.13    48158.15    636.0   4489.0     24074.0  1272.0
C75       c     49278.95    -61556.80   721.0   3705.0     24746.0  1442.0
C76       c     -46210.08   21486.19    225.0   5189.0     24775.0  450.0
C77       c     41083.63    17296.77    289.0   1167.0     20762.0  578.0
C78       c     51671.65    -18629.62   657.0   4308.0     25337.0  1314.0
C79       c     -89291.65   -16187.86   818.0   4662.0     25213.0  1636.0
C80       c     87510.24    24665.07    642.0   2181.0     23063.0  1284.0
C81       c     56522.97    43398.62    738.0   1046.0     21896.0  1476.0
C82       c     -9447.96    -6941.35    483.0   2645.0     22723.0  966.0
C83       c     910.28      64028.49    733.0   1149.0     22307.0  1466.0
C84       c     -72656.80   35033.96    160.0   3925.0     22978.0  320.0
C85       c     -31583.28   -72534.40   703.0   3839.0     23835.0  1406.0
C86       c     -60.35      -7798.62    593.0   1074.0     22239.0  1186.0
C87       c     -72000.31   -16023.31   451.0   2833.0     22233.0  902.0
C88       c     23261.60    -6356.14    280.0   1442.0     20561.0  560.0
C89       c     -39140.97   -8624.75    168.0   1073.0     20030.0  336.0
C90       c     -19592.15   11253.23    143.0   1627.0     20515.0  286.0
C91       c     13445.25    17220.75    241.0   907.0      19637.0  482.0
C92       c     7849.10     39704.11    207.0   4590.0     23650.0  414.0
C93       c     74273.05    14503.13    539.0   2955.0     23180.0  1078.0
C94       c     86807.76    25956.32    713.0   5035.0     24485.0  1426.0
C95       c     69025.39    -32272.26   676.0   5381.0     25196.0  1352.0
C96       c     16823.25    61544.85    728.0   2926.0     22871.0  1456.0
C97       c     -91604.60   -24377.90   638.0   1607.0     21958.0  1276.0
C98       c     11528.56    -62664.50   456.0   5210.0     25639.0  912.0
C99       c     -9231.76    -12483.25   727.0   928.0      21924.0  1454.0
C100      c     -39896.21   -72913.69   229.0   4313.0     23340.0  458.0
C101      c     -84084.08   -37530.20   801.0   1296.0     22574.0  1602.0
C102      c     32195.23    -57352.98   762.0   1253.0     22044.0  1524.0
C103      c     -36818.03   -35972.65   390.0   1474.0     20628.0  780.0
C104      c     11580.58    28968.45    749.0   4588.0     24896.0  1498.0
C105      c     -38518.72   66674.37    493.0   786.0      21715.0  986.0
C106      c     -61796.99   68434.74    667.0   2775.0     22778.0  1334.0
C107      c     -53274.35   -25406.76   778.0   3495.0     23879.0  1556.0
C108      c     -22820.85   -59185.07   173.0   3513.0     23297.0  346.0
C109      c     17988.03    -1295.48    253.0   4491.0     23915.0  506.0
C110      c     -80507.68   15820.43    275.0   3642.0     24023.0  550.0
C111      c     -58921.03   -55874.54   475.0   4595.0     23672.0  950.0
C112      c     61095.91    63120.84    143.0   2997.0     22815.0  286.0
C113      c     56703.17    24993.52    702.0   4349.0     24560.0  1404.0
C114      c     12517.38    -67542.07   287.0   4400.0     23321.0  574.0
C115      c     19038.32    25421.61    417.0   3724.0     23443.0  834.0
C116      c     51509.51    41551.00    772.0   1463.0     22019.0  1544.0
C117      c     16622.78    -3699.43    271.0   2891.0     22140.0  542.0
C118      c     36110.29    -4563.11    109.0   3395.0     22786.0  218.0
C119      c     -93017.82   12038.26    468.0   4520.0     23720.0  936.0
C120      c     -20246.05   -41275.27   798.0   1235.0     22489.0  1596.0
C121      c     -22942.06   -17801.69   300.0   4872.0     24725.0  600.0
C122      c     30698.06    -55111.94   379.0   3386.0     22147.0  758.0
C123      c     39853.62    28744.43    722.0   3518.0     23514.0  1444.0
C124      c     -8062.85    6736.19     421.0   2825.0     22420.0  842.0
C125      c     -45578.49   -10912.14   398.0   3694.0     23119.0  796.0
C126      c     -19976.31   48185.78    305.0   1306.0     20560.0  610.0
C127      c     -38800.72   -2420.06    658.0   739.0      20990.0  1316.0
C128      c     -38309.00   -25104.12   225.0   5049.0     24781.0  450.0
C129      c     44532.30    -37893.78   630.0   5149.0     25611.0  1260.0
C130      c     79684.54    -4083.33    196.0   1367.0     20349.0  392.0
C131      c     -20454.88   -61495.11   204.0   4969.0     25039.0  408.0
C132      c     -35529.61   -72870.88   318.0   4299.0     23735.0  636.0
C133      c     -13762.53   -16459.13   161.0   713.0      19954.0  322.0
C134      c     45035.26    10635.20    445.0   1934.0     21920.0  890.0
C135      c     57185.65    -37690.02   360.0   3054.0     23565.0  720.0
C136      c     -52738.53   80680.96    299.0   4259.0     24506.0  598.0
C137      c     -9533.61    -18967.46   213.0   877.0      20292.0  426.0
C138      c     -21269.84   1443.65     781.0   3355.0     23907.0  1562.0
C139      c     69807.19    30866.42    615.0   5005.0     25326.0  1230.0
C140      c     42973.49    -54077.52   600.0   2872.0     23930.0  1200.0
C141      c     47611.77    -68218.00   180.0   4796.0     23336.0  360.0
C142      c     25267.54    -64681.85   152.0   3126.0     23261.0  304.0
C143      c     -14743.30   -18838.55   253.0   2307.0     21157.0  506.0
C144      c     48866.95    64860.38    354.0   4745.0     24683.0  708.0
C145      c     -14981.13   19323.06    220.0   3935.0     22859.0  440.0
C146      c     -44034.27   36403.41    283.0   3707.0     23968.0  566.0
C147      c     12652.68    9695.99     485.0   4922.0     25417.0  970.0
C148      c     -41023.84   -55682.48   266.0   3025.0     22237.0  532.0
C149      c     -102149.84  13748.25    788.0   811.0      21424.0  1576.0
C150      c     66845.21    32416.65    229.0   4951.0     23918.0  458.0
F1        f     -4702.23    14693.42    0.0     0.0        32400.0  0.0
F2        f     63481.10    3600.04     0.0     0.0        32400.0  0.0
F3        f     -93027.29   13898.52    0.0     0.0        32400.0  0.0
F4        f     -88009.71   53495.71    0.0     0.0        32400.0  0.0
F5        f     25267.54    -64681.85   0.0     0.0        32400.0  0.0
F6        f     22337.62    83436.96    0.0     0.0        32400.0  0.0
F7        f     -38800.72   -2420.06    0.0     0.0        32400.0  0.0
F8        f     -89291.65   -16187.86   0.0     0.0        32400.0  0.0
F9        f     27826.75    -15185.12   0.0     0.0        32400.0  0.0
F10       f     -35529.61   -72870.88   0.0     0.0        32400.0  0.0
F11       f     -46210.08   21486.19    0.0     0.0        32400.0  0.0
F12       f     51671.65    -18629.62   0.0     0.0        32400.0  0.0
F13       f     48866.95    64860.38    0.0     0.0        32400.0  0.0
F14       f     51509.51    41551.00    0.0     0.0        32400.0  0.0
F15       f     34098.66    -39152.76   0.0     0.0        32400.0  0.0
F16       f     39853.62    28744.43    0.0     0.0        32400.0  0.0

m numVeh /20/
m numPetrolVeh /10/
m numElectroVeh /10/

DistanceMatrix
0 83328 62813 99745 51487 88122 46040 91901 51813 43126 94945 94754 8228 86794 49411 65902 77394 27092 71291 30269 93973 69080 57283 34158 19101 38493 100545 39643 85910 56746 75590 66370 22207 32352 18221 43740 87454 39654 92750 24601 81377 65609 68149 83956 71697 36821 73374 24446 42324 85099 47586 89963 27060 61305 13102 90827 73870 44169 98117 54938 93612 67747 46811 48534 86220 64628 59503 35358 63884 100398 91592 71912 58723 88329 94640 93424 42060 45860 65486 90050 92750 67620 22149 49653 70933 91276 22966 73977 35001 41590 15282 18323 27983 78976 92200 87416 51560 95282 79042 27552 94412 95020 80945 59987 21654 62013 78409 62986 76068 27758 75814 88992 81698 62263 84019 26052 62298 28161 45127 88355 58087 37264 78269 46719 8638 48234 36811 38152 52089 72038 86451 77800 92832 32443 49903 81081 81620 34006 21214 76244 83680 98036 84845 35003 73392 11273 44926 18060 79196 97452 73710 0 69080 88329 91901 84845 73870 38152 90050 44169 92832 42060 65486 73392 62298 66370 46719
83328 0 61236 182452 107903 51435 129367 169994 102994 104404 158857 42243 75316 100208 80121 64013 133385 108862 13397 53162 176950 21698 139404 55237 72316 97111 183732 118248 93218 43339 92931 73372 61964 57278 85259 101346 111944 86246 171246 100825 144984 28477 71232 121411 20938 62021 113568 107074 57017 128479 42708 151972 96606 103150 74311 95559 85283 61272 108395 37413 174529 54519 126029 126058 113370 113373 24607 109123 23626 147191 68284 118671 57411 171612 29386 85936 124731 37468 46426 171496 10507 32646 91768 89580 151978 143333 83090 154581 60889 120901 98419 65087 73550 6363 10671 52395 74781 175613 105814 93298 150045 172217 89519 127863 67621 126261 148666 139139 128139 63908 159046 156620 47189 22539 109033 59781 35007 66000 48625 171670 115824 108001 88409 39794 87465 127695 102638 119288 124950 66485 23372 127724 146597 98936 34559 60807 144901 95975 101349 14502 81489 92770 99397 100727 54384 93482 123729 66539 141076 180735 17578 83328 21698 171612 169994 99397 85283 119288 171496 61272 146597 124731 46426 54384 35007 73372 39794
62813 61236 0 144268 55280 100632 99808 152692 49029 55617 103260 97646 59064 40103 25043 3895 137913 76648 49379 49569 147818 39696 102824 32751 43732 49507 152865 79265 34250 19813 31785 12193 45932 63391 50990 102607 50794 37005 153275 64466 143687 32982 101835 60631 40308 26159 53743 84644 21724 68319 28619 152157 88554 115345 49749 37843 113741 18682 49798 65957 132277 8713 86304 110788 52139 56148 53714 67697 39634 158978 113434 129020 86381 140281 88298 33861 100327 46129 15063 130493 71158 73965 54614 100980 130011 84373 45767 113314 28377 82249 72307 53455 75952 54886 71678 28645 93447 132267 44601 52433 91766 124975 29732 77735 64669 124012 141220 93925 70300 35622 129065 103119 94210 56184 47818 58375 71223 34726 24676 139717 62094 64480 28081 57579 60265 88010 97977 83666 78985 9885 46270 69233 87940 55741 39715 18815 143883 51083 68869 66464 25360 40009 38988 56226 94055 73530 106847 47588 85916 148953 66638 62813 39696 140281 152692 38988 113741 83666 130493 18682 87940 100327 15063 94055 71223 12193 57579
99745 182452 144268 0 92399 183329 54710 62207 98918 89316 74039 192371 107963 141431 119902 145402 112073 73593 169822 129900 28732 165863 43147 128741 110872 94837 24403 65833 146238 148500 134371 139854 120489 130667 98437 107719 131086 107273 60539 82718 100026 161038 155305 115576 168260 125415 110678 78297 131681 108121 142692 104987 97736 125682 108199 150397 153842 130113 148949 154000 17115 152296 58315 73804 127925 99913 159135 76888 161254 133116 181904 123001 152003 22858 193903 160812 62723 145185 154138 15646 192191 166409 92588 125134 51373 96145 101977 31330 125299 62913 84464 118016 119441 177628 191716 172902 137262 20174 126424 92959 90506 35322 143326 71319 119207 97358 85593 52081 94799 120164 31452 65091 177607 161952 129516 125368 161071 118707 138169 21165 88638 79813 141147 146349 94987 56585 98951 63408 66218 149766 181745 98047 93528 88767 148137 162131 100685 93259 81217 175989 152426 161643 139716 88077 167186 90979 72509 115913 77985 20859 173445 99745 165863 22858 62207 139716 153842 63408 15646 130113 93528 62723 154138 167186 161071 139854 146349
51487 107903 55280 92399 0 131231 59888 115907 6584 8753 51047 133927 55625 50768 30340 55430 122854 41657 94538 67149 101846 87182 55345 54755 43311 13518 105286 34502 54454 66012 42364 48445 56149 77250 34086 92985 44111 21683 115859 31246 122357 80869 117638 34725 88909 46152 24928 57684 50887 33993 65337 130926 75201 112020 46493 58928 124819 46889 60116 94225 78706 63928 38708 82744 41675 13917 90380 24663 84297 147280 138432 120935 105783 93210 129160 68501 65694 76750 68135 77600 118410 106281 29355 101073 91896 40531 31477 61088 47741 36936 47459 59904 78767 101857 118476 83342 102278 78221 37149 23949 45035 69866 51148 22581 69820 105412 114666 40423 24814 47288 84066 48944 124422 93493 41435 69771 101596 44603 59305 92221 8060 20085 48869 84292 43084 40085 84284 41527 26383 58803 99166 26337 42661 19449 75359 71445 122777 17576 38003 107339 60028 69782 48876 17072 118892 55231 78205 52937 33298 100964 106028 51487 87182 93210 115907 48876 124819 41527 77600 46889 42661 65694 68135 118892 101596 48445 84292
88122 51435 100632 183329 131231 0 128851 153599 128356 124872 180471 14816 80568 140534 110743 104266 103774 114734 55709 64100 170011 65255 143403 78175 88196 118075 177742 127763 134870 80859 131097 112279 75223 56016 99616 81204 149419 111060 155284 112015 118449 70490 33762 154567 66352 88317 144955 105405 86421 159569 73214 123425 86066 72856 86336 138256 44921 91810 150427 37279 180010 96737 134831 114104 149974 140922 46928 122479 62695 110373 17384 86696 31382 167137 28088 131321 120708 56748 88454 176013 49662 26762 106108 64092 141573 171116 100415 161003 85918 129650 102186 72829 63990 55154 48193 101201 48549 182095 141894 109988 176239 182996 130343 146001 66516 103362 126618 151093 155151 84335 154698 175687 6826 44593 146069 63098 30364 87093 78819 167749 139147 123326 128564 47235 95755 136193 87277 125760 139504 108646 74424 155755 173645 115981 61477 106805 118154 115061 109335 38301 124845 138135 139258 118398 16443 93917 113585 78865 163430 175825 36481 88122 65255 167137 153599 139258 44921 125760 176013 91810 173645 120708 88454 16443 30364 112279 47235
46040 129367 99808 54710 59888 128851 0 56101 64880 52708 76996 137669 54120 109623 78432 101895 74164 23178 117224 76283 48777 114407 17254 77880 60150 54830 54846 25445 111941 99443 99902 98803 67785 76057 49359 57414 103999 65167 56154 35489 68515 110318 102084 93098 116951 76871 84332 23588 83145 89395 91900 76420 44303 77306 56233 116754 102369 82931 119635 99441 51962 106738 23621 29374 101522 72611 105468 35907 109413 98669 128343 79233 97625 42445 139334 123869 10788 91899 106700 47632 138764 111769 45195 73492 32116 86315 54192 34957 76066 23310 31052 64329 64871 124948 138192 127473 83911 54553 96891 47930 85244 59474 107812 49589 64588 56344 57870 37151 76103 69840 30155 68031 123023 108171 101294 71028 106438 68994 88254 42378 61033 40432 105230 92096 42862 23124 47699 18390 38769 107298 131273 79130 85862 46371 95683 118580 69062 51258 31095 121972 114385 126621 107652 47099 112842 36477 25620 63325 68016 51551 119308 46040 114407 42445 56101 107652 102369 18390 47632 82931 85862 10788 106700 112842 106438 98803 92096
91901 169994 152692 62207 115907 153599 56101 0 120981 108807 122873 165890 98293 165677 133284 155233 59161 77561 159758 118684 33751 159496 63860 126056 109935 110646 40273 81405 167773 148645 155808 153278 113535 112734 101796 72572 159990 120229 2067 90255 43913 156833 120793 148418 162186 127779 140082 68240 133705 143878 139271 46144 73391 83393 104609 172629 114337 134667 175736 134561 74117 158709 78143 44194 157445 128302 145415 91982 154018 75203 146767 74556 123668 39914 171917 179124 52648 134073 157204 69695 177872 144885 99119 89542 24011 138085 107201 71339 126347 79039 80408 107745 96846 166902 176973 178931 105142 77957 152974 102758 135256 91111 163513 103078 102566 51216 30171 86210 130179 119321 38415 113172 149416 147493 157340 110668 140030 119244 137028 41759 116505 96525 160895 130237 92617 77128 68240 74486 92995 160995 177304 133366 136831 102011 139778 171454 44532 106815 84638 159431 169495 182229 163700 102957 137348 80628 47180 109779 118859 42188 156283 91901 159496 39914 0 163700 114337 74486 69695 134667 136831 52648 157204 137348 140030 153278 130237
51813 102994 49029 98918 6584 128356 64880 120981 0 12229 55910 130409 55046 45001 24277 49042 125352 45383 89682 64506 107876 82005 61326 50951 41312 13462 111482 39738 48283 60601 36149 41903 53795 75401 33779 94424 39554 17465 121005 33990 125619 75578 116345 32387 83632 41784 21953 60685 46067 33456 60685 134239 76753 112955 45234 52849 124167 41749 54762 91162 85287 57711 44520 86435 37406 13111 86355 29096 79368 149559 136271 122558 103909 99326 125072 62081 70023 73049 62206 84162 113494 102955 30136 101429 96984 42762 30226 67596 43619 42334 49714 58244 78303 96869 113616 76924 101591 84803 32076 24591 48177 76335 44819 29086 68771 108172 118506 46984 26795 44039 89926 54530 121532 89449 36631 67954 98421 41291 54570 98377 13197 24505 42489 81194 43767 45968 86088 46496 32803 52290 93437 27567 45346 21431 71122 64940 126014 18150 40779 103078 53513 63543 43068 19489 116564 56815 81908 50986 38145 107189 101918 51813 82005 99326 120981 43068 124167 46496 84162 41749 45346 70023 62206 116564 98421 41903 81194
43126 104404 55617 89316 8753 124872 52708 108807 12229 0 55931 128279 47714 56983 30760 56373 114153 33327 91008 60832 96544 84307 50045 49986 36675 7304 100490 27746 59795 63827 47654 50541 49653 70122 26260 84259 51736 19165 108855 22528 113864 78275 109970 43347 86225 42399 33327 49069 47782 42723 61702 122455 66469 103368 39151 64486 116754 44480 66932 88184 76713 64016 33088 74436 49508 22641 85561 16870 80968 138552 131390 112189 98569 88178 124272 72896 57815 71585 67223 75097 114881 100489 20991 92590 84822 48286 24477 58078 43567 30447 38710 52737 70684 98531 114846 84184 94264 76652 44304 15793 52066 69850 56018 23518 62128 96759 106454 38311 32942 41937 78358 52458 118094 88682 48849 62660 95648 39393 55896 87318 15035 12289 53560 78341 34623 34634 75533 34344 23397 60492 97466 34741 50086 10796 70958 72951 114275 9871 29305 102776 63912 74864 55027 8349 112034 46507 69900 46098 38590 96280 101250 43126 84307 88178 108807 55027 116754 34344 75097 44480 50086 57815 67223 112034 95648 50541 78341
94945 158857 103260 74039 51047 180471 76996 122873 55910 55931 0 184205 101245 82477 79665 102451 150955 73280 145515 116619 96362 137913 61807 105604 92427 63060 95805 59246 89500 116453 79971 93845 105393 125022 80919 128777 68712 72723 121971 70415 145307 131467 163089 51642 139522 97198 52369 89458 101856 42327 116369 152952 111853 149145 94192 92256 168010 97652 86256 144036 56924 111932 55543 106270 65414 47133 141259 59673 135232 175588 186029 154218 153050 87264 180030 105412 87200 127426 117359 59171 169362 156401 74582 141192 101552 25577 80168 51648 98747 59010 84669 107788 122805 152758 169457 129347 146172 54086 67646 70486 17941 39341 88611 34961 115914 132992 133712 39846 33783 97790 84581 9707 173732 144378 68631 117667 151525 95190 110313 85578 43055 57791 87349 134234 86447 55248 118949 65068 43812 104232 148861 35805 21944 64508 126360 116540 145873 65567 75143 158321 99663 103729 81341 62074 167081 93941 102269 101615 17781 91371 156935 94945 137913 87264 122873 81341 168010 65068 59171 97652 21944 87200 117359 167081 151525 93845 134234
94754 42243 97646 192371 133927 14816 137669 165890 130409 128279 184205 0 86791 137738 110872 101042 117730 121794 49596 67838 180630 59612 151360 79479 91915 121216 188220 134145 131496 77934 129023 109680 79059 62455 104126 93318 147780 112947 167510 117671 132097 65640 47725 154491 60151 89109 145366 114083 86223 160224 72050 137368 96294 86588 91021 134477 59540 91465 147015 40459 187964 92640 141501 125177 148657 142496 44983 127778 58244 125057 31224 100815 42289 177225 14681 126288 130197 57387 84242 184164 38117 27846 110797 76819 152655 172927 104145 168568 86982 136255 109487 78020 73158 47115 36690 94166 60864 189826 140685 114138 178582 189673 127257 150370 73675 116321 139657 157171 157052 86640 164656 180103 16671 42103 144560 68854 32909 89326 78053 177725 141960 128118 125718 50039 101742 142958 98566 132870 144756 104772 65608 157348 175704 120166 60438 101281 131829 118666 115752 31625 120673 133153 136632 122461 29016 101813 124281 83142 166801 186067 31033 94754 59612 177225 165890 136632 59540 132870 184164 91465 175704 130197 84242 29016 32909 109680 50039
8228 75316 59064 107963 55625 80568 54120 98293 55046 47714 101245 86791 0 86415 48861 62411 79187 35226 63462 22171 101756 61712 65503 28329 16843 42210 108440 47388 84772 50858 75160 64005 15253 24582 21541 44322 88463 40934 99242 31507 84655 58614 62332 86528 64363 32931 75944 31940 37751 88501 41014 93101 29496 60014 10849 89607 69217 40443 97795 46810 101792 63161 54710 54392 87521 68108 51356 42116 56405 101250 84822 71946 51845 96296 86447 90987 49643 37864 60088 98256 84645 59520 27009 47173 78012 95979 24927 82116 30708 49464 23505 10228 23257 71092 84074 82154 46660 103426 80009 31924 99638 102889 79717 66332 14671 64951 82958 70588 80430 23443 83736 95706 74059 54089 84964 17961 54211 24585 39279 96363 62741 43469 77087 38496 15195 56175 38938 46256 59077 68631 79293 81904 97788 37444 42282 76769 84841 38079 28967 68032 81362 96008 84519 40010 66201 18362 51118 11875 85015 105419 65486 8228 61712 96296 98293 84519 69217 46256 98256 40443 97788 49643 60088 66201 54211 64005 38496
86794 100208 40103 141431 50768 140534 109623 165677 45001 56983 82477 137738 86415 0 37568 36719 164075 88835 89073 84683 152579 79162 106110 67059 69599 55268 155826 84697 8063 59891 11256 28255 77556 98380 69660 130338 14791 47930 165773 76453 166639 72619 139001 31128 79392 57277 31448 102328 56347 40564 67612 175314 113811 146290 75602 9779 149830 51173 11380 105037 126413 45726 89441 129001 17740 41526 93689 73716 79613 187171 152764 158284 124086 143875 128091 23377 113951 84915 53990 126091 109620 113797 69374 132835 141732 58310 64241 110515 60064 87327 90196 84557 107652 93955 110308 54568 128241 125240 15315 64573 66618 114175 10694 70130 96451 148008 161065 89570 49735 65584 134828 85957 134029 96229 13931 92054 110773 63397 62534 142838 52950 69210 12022 96030 80792 90843 123556 91303 76727 33734 81947 47101 62270 64036 79198 42056 166964 59456 82864 106458 20618 21298 2005 62839 133109 95131 124565 77266 68257 151453 106717 86794 79162 143875 165677 2005 149830 91303 126091 51173 62270 113951 53990 133109 110773 28255 96030
49411 80121 25043 119902 30340 110743 78432 133284 24277 30760 79665 110872 48861 37568 0 25614 126800 55798 67029 49663 125223 58707 79351 32927 32074 25159 129791 55936 36574 37014 26314 20491 41050 62727 33049 92804 40843 13303 133646 43122 130088 52099 104122 43829 60130 22595 34496 66959 24651 49392 39099 138743 76470 108803 38038 41519 113994 19491 48943 73658 107470 33629 62521 93796 40570 33284 65967 44205 56645 149683 120790 120718 90015 117289 104021 45915 80667 54044 37938 105836 90553 84353 34283 95521 109836 63280 27457 88757 25197 58889 54492 47627 70488 73865 90791 53468 91911 107363 32561 30589 69928 99933 31693 52709 59462 111100 125495 69044 48026 29161 106618 78761 103966 68949 37311 55886 80380 26678 32960 116591 37464 40528 29000 63888 43994 64186 86222 61148 54156 29906 69269 47633 66489 32478 50471 42235 130379 27586 48684 81779 36227 49585 35662 32448 100865 58334 89511 40161 62021 125731 81041 49411 58707 117289 133284 35662 113994 61148 105836 19491 66489 80667 37938 100865 80380 20491 63888
65902 64013 3895 145402 55430 104266 101895 155233 49042 56373 102451 101042 62411 36719 25614 0 141392 78786 52451 53405 149651 42638 104336 36475 46800 50566 154552 80791 30611 23408 28932 9527 49536 67242 53442 106132 47936 38200 155778 66451 146964 36000 105727 58526 43080 29481 52141 87335 25359 66493 32485 155459 91874 119071 52888 34082 117634 21968 46173 69773 133084 9986 87680 113638 49444 55327 57338 69142 42895 162596 117197 132671 90265 141988 91444 30003 102752 49988 17592 131431 73781 77637 56728 104737 132390 82887 48101 114321 31807 83771 74930 57060 79665 57687 74356 27929 97312 132964 42105 54236 90433 125277 26220 77986 68361 127328 144271 94654 69193 38984 130926 102672 97876 59758 45072 62159 74968 37942 28567 141379 61943 65749 24716 61448 63019 89372 101347 85442 79770 6234 48034 67960 86524 57213 43504 16845 147169 52460 71099 69740 21469 36119 35694 57535 97860 76488 109644 51047 85281 150588 70013 65902 42638 141988 155233 35694 117634 85442 131431 21968 86524 102752 17592 97860 74968 9527 61448
77394 133385 137913 112073 122854 103774 74164 59161 125352 114153 150955 117730 79187 164075 126800 141392 0 82137 126475 91549 87691 129690 90642 105697 95688 112121 95516 94021 163297 126615 152912 143163 92141 80158 94535 35435 163624 116400 61200 91625 16016 129419 70057 157473 132307 111965 147253 65357 116260 156388 115440 19651 50336 31297 89462 168207 60087 119466 175348 95982 118133 141094 95851 44791 162020 136771 110639 99382 124138 24797 93380 17359 78241 89819 126930 170170 63762 103699 136629 113282 138885 102904 95892 43820 60699 157338 99862 106375 109585 93318 75638 84680 64040 132180 137696 158356 59264 121639 155365 101261 157611 130706 158318 120659 74406 18026 29033 111181 144639 102458 81064 142145 101157 111722 160306 82069 99123 103761 115837 91287 127167 103547 155647 95652 83404 95916 40589 87110 109789 147625 147198 147196 157569 103945 111060 154872 15526 107419 84852 120258 160526 175109 162109 106044 88843 69208 48689 90345 140404 95816 116915 77394 129690 89819 59161 162109 60087 87110 113282 119466 157569 63762 136629 88843 99123 143163 95652
27092 108862 76648 73593 41657 114734 23178 77561 45383 33327 73280 121794 35226 88835 55798 78786 82137 0 96250 56605 71697 92623 30587 55654 37741 33577 77372 14223 90413 76670 78581 75998 46906 59344 26290 55763 84918 42676 77876 12696 80758 88151 92143 76315 95091 53888 66563 16984 60190 74446 69703 89300 38583 76017 34628 95311 95501 59798 99353 82022 66590 83564 20286 41113 82785 55415 85737 17331 87855 106834 116978 82346 84564 64811 121657 101571 25164 71664 83655 63137 118645 94712 22058 68028 54038 75571 31019 46892 53230 15333 12622 44897 52111 104051 118199 104309 74434 68200 77236 25219 76670 68274 86047 39719 48297 64364 73134 37273 62503 47323 52944 65976 108431 88616 81922 53141 89391 46250 65687 64515 45157 21703 83410 73641 21406 21534 46108 11076 29560 84260 109054 65075 76137 24800 74567 95433 81189 29442 8022 102797 91967 104702 86837 26155 99559 21610 36576 42326 59871 73797 100392 27092 92623 64811 77561 86837 95501 11076 63137 59798 76137 25164 83655 99559 89391 75998 73641
71291 13397 49379 169822 94538 55709 117224 159758 89682 91008 145515 49596 63462 89073 67029 52451 126475 96250 0 41549 165214 10047 126708 41990 59302 83716 171836 105243 82448 30613 81161 61572 49500 47781 72186 93105 100159 72871 160924 87829 137124 16457 69116 108894 10679 48624 100777 95387 43661 115723 29310 144482 86613 97234 61626 85183 83040 48007 97864 31755 161557 43461 113028 115615 101407 100220 15890 95930 10384 142024 71285 112711 54012 159601 39019 76692 113089 25822 35108 158603 23891 31865 78633 83061 140937 130300 69851 141612 47505 107935 86186 53282 64444 7817 23942 45498 69398 162570 93697 80024 136909 158956 78446 114471 57219 117932 139764 125899 115000 50689 147104 143228 50260 15409 97133 49090 32140 52718 35243 159594 102473 94718 77123 30932 74911 114705 93368 106519 111643 55608 21662 114661 133514 85621 21685 51709 137092 82609 88620 18000 71258 83557 88122 87385 54648 81786 113023 54031 127735 168723 19259 71291 10047 159601 159758 88122 83040 106519 158603 48007 133514 113089 35108 54648 32140 61572 30932
30269 53162 49569 129900 67149 64100 76283 118684 64506 60832 116619 67838 22171 84683 49663 53405 91549 56605 41549 0 123821 40883 87153 17653 24192 53980 130571 67515 81051 35245 73878 58153 11240 13897 36311 56312 90348 47476 119774 50452 99848 38930 54562 92575 43583 27551 82455 53943 28739 96613 23945 107834 46355 66391 23370 85442 65168 33615 95757 27448 123079 50782 75148 74491 90217 77301 29248 60184 35359 110879 71949 80736 40391 118458 65642 83402 71626 15771 45383 119725 62484 40000 43009 51815 99416 107233 36451 103234 24782 69898 45494 11954 27617 49076 61931 66852 44040 124508 82173 46321 112176 122868 76000 82548 17393 80095 100517 89972 91269 20967 105885 112288 57302 32055 86833 9486 34976 23702 25304 118532 75050 60315 73645 17853 35367 76720 54269 67423 77067 59415 58782 92039 109659 52349 21141 64442 99920 51072 49584 46192 74530 89374 83020 54675 52130 40340 71695 15357 99419 127579 43821 30269 40883 118458 118684 83020 65168 67423 119725 33615 109659 71626 45383 52130 34976 58153 17853
93973 176950 147818 28732 101846 170011 48777 33751 107876 96544 96362 180630 101756 152579 125223 149651 87691 71697 165214 123821 0 162892 46554 126603 108921 100435 8037 69370 156152 148216 144008 145711 116069 121548 97986 90261 144333 111957 31990 83406 74196 158981 139436 130481 165469 125569 123734 69879 131861 124344 140596 78193 84345 105870 104866 160720 135777 131455 161461 144803 42520 155058 63463 56094 141417 112150 152646 81088 157793 106939 166156 100611 138785 9245 184215 169413 52226 139580 155352 38680 185975 156513 93391 108108 29165 115292 102616 45815 124822 66462 79494 111959 107851 172847 185300 175851 122052 46281 138414 95421 111001 60649 152532 84190 110277 75102 59625 65039 110503 118615 18775 86788 164898 155181 142199 117543 151294 117764 137028 10813 100206 85063 150097 138485 91554 61949 82907 64215 76010 154775 179934 113807 113329 92750 143874 166461 74853 97636 79704 168510 160290 171349 150705 92862 153582 83481 56434 111703 96110 8502 165648 93973 162892 9245 33751 150705 135777 64215 38680 131455 113329 52226 155352 153582 151294 145711 138485
69080 21698 39696 165863 87182 65255 114407 159496 82005 84307 137913 59612 61712 79162 58707 42638 129690 92623 10047 40883 162892 0 122728 37126 55001 77081 169238 100555 72460 21742 71467 51876 46881 49719 67520 95402 90483 65673 160552 83277 139443 6780 76129 99715 2703 42092 91904 93497 36528 106802 23305 147099 87129 101470 58209 75151 89815 40300 87851 37867 156781 33484 108315 115318 91823 91992 21624 90644 5611 146520 80385 116783 60603 156847 48982 66687 111140 26254 25172 154049 31955 40402 73687 86987 139720 121794 64556 136895 41433 103348 83425 51857 66321 15341 32310 36298 74395 157589 84202 74470 128613 153190 68513 107824 57769 119926 141061 120305 106724 45756 144506 136086 59569 22442 87513 49511 39794 47423 28562 156726 94995 89034 67245 34504 71613 110021 94620 102459 105760 45616 17933 106220 125104 79806 19742 41767 139458 76423 84778 27991 61215 73550 78248 81379 62979 80022 112408 51193 120149 165942 29012 69080 0 156847 159496 78248 89815 102459 154049 40300 125104 111140 25172 62979 39794 51876 34504
57283 139404 102824 43147 55345 143403 17254 63860 61326 50045 61807 151360 65503 106110 79351 104336 90642 30587 126708 87153 46554 122728 0 85614 67731 54293 50520 23559 109598 105683 97453 99764 77473 89032 55381 74520 98386 66228 63378 39738 83753 117965 118033 85443 125136 82608 77924 38417 88909 80295 99588 91232 60624 94514 65104 114174 119026 87666 115206 112094 36632 110513 16972 45998 95582 66193 116316 35204 118107 114881 143960 96390 112503 38139 151895 122941 28018 102250 111758 32830 149223 124692 49723 90244 40790 74372 59148 18074 82360 20575 42094 75372 79590 134519 148783 131282 99882 38721 92146 50633 72085 42314 105990 39419 77699 73037 71906 22733 66499 77064 28822 52456 137338 119185 96089 83240 119352 75670 95163 37323 54209 38864 103568 103998 51985 15412 64726 20270 30005 109165 138732 69729 73326 47124 105026 121179 84336 51897 38088 133337 113905 124799 104221 46910 127700 49587 42558 72888 55284 46396 130892 57283 122728 38139 63860 104221 119026 20270 32830 87666 73326 28018 111758 127700 119352 99764 103998
34158 55237 32751 128741 54755 78175 77880 126056 50951 49986 105604 79479 28329 67059 32927 36475 105697 55654 41990 17653 126603 37126 85614 0 17923 42709 132698 63507 63412 22619 56322 40597 13636 31482 30426 70278 73164 33487 126907 46176 112401 32504 72017 76566 39523 10339 66805 58308 11252 81395 14053 120714 57366 82598 21851 67834 82819 15964 78109 40930 119799 35416 71282 82490 73213 63065 35655 53947 32686 126327 87863 96316 57416 120219 74432 66324 75586 22100 31776 116987 65571 52199 36723 68272 104895 93468 27862 99881 7769 66271 47248 21019 43201 49753 65405 53849 61584 120710 65122 38063 99127 116982 58356 73154 31930 92591 111246 83913 77576 8716 108035 102441 71364 38773 69674 25794 47898 10791 10996 120020 62816 52767 55993 31057 35050 72979 66407 65344 69734 42631 53434 77926 96226 43745 21049 49184 112548 41033 47743 52793 57230 72109 65414 45617 67938 45431 79017 16474 87957 129275 51332 34158 37126 120219 126056 65414 82819 65344 116987 15964 96226 75586 31776 67938 47898 40597 31057
19101 72316 43732 110872 43311 88196 60150 109935 41312 36675 92427 91915 16843 69599 32074 46800 95688 37741 59302 24192 108921 55001 67731 17923 0 29951 114904 45945 67948 39411 58345 47537 12981 34093 12989 61084 72109 25378 110662 28528 100349 50411 75162 71413 57427 17918 60938 41715 23773 74332 31965 108901 45533 76730 6230 72795 83650 25131 80979 51619 102255 48939 53729 67237 71345 54365 50765 37105 50406 118027 95141 88787 62619 102397 88866 74593 58486 36422 47356 99323 82455 64073 19640 63557 88072 83711 12259 82311 16422 48634 29970 17010 38778 67114 82166 68996 61175 103298 63667 22271 88316 100297 62901 58479 28200 80852 97492 67197 67808 9702 90289 88197 81419 53835 68589 26643 59126 9311 28108 102168 51092 36639 60264 41878 17593 55404 55194 47464 53602 52939 71316 68834 85962 28286 37758 62109 100576 26886 29819 68184 64895 79423 67711 30549 75582 29861 63425 9679 75248 111434 66258 19101 55001 102397 109935 67711 83650 47464 99323 25131 85962 58486 47356 75582 59126 47537 41878
38493 97111 49507 94837 13518 118075 54830 110646 13462 7304 63060 121216 42210 55268 25159 50566 112121 33577 83716 53980 100435 77081 54293 42709 29951 0 104795 31069 57141 56758 45165 45484 42875 63773 20706 80963 51926 12547 110826 21389 112842 71098 104126 45844 79026 35119 35373 47911 40571 46608 54413 121491 63305 99527 32975 61984 111427 37426 65795 81237 82844 57729 37401 74153 50073 26136 78311 19387 73694 136234 124993 109106 92296 92340 117042 69252 58684 64381 60518 80989 107585 93461 16675 88145 86807 54048 17979 63809 36264 33976 36530 46411 65414 91250 107546 78151 88868 82966 43967 11129 58386 76718 52983 30774 56321 95087 106279 44669 38309 34735 81966 59748 111281 81431 48774 56294 88671 32159 48632 91592 21146 15430 50407 71354 30339 39054 72672 36851 29705 55063 90457 39697 56133 8784 63664 67320 113218 4715 28044 95502 59944 71802 53271 7737 105508 43386 69661 39521 45586 100689 93999 38493 77081 92340 110646 53271 111427 36851 80989 37426 56133 58684 60518 105508 88671 45484 71354
100545 183732 152865 24403 105286 177742 54846 40273 111482 100490 95805 188220 108440 155826 129791 154552 95516 77372 171836 130571 8037 169238 50520 132698 114904 104795 0 73862 159732 154038 147618 150239 122522 128733 103618 98203 146978 116600 38384 88689 81800 165158 147335 132594 171789 131229 126348 76702 137540 126032 146731 85507 91929 113904 111079 164208 143782 136903 164364 152050 40074 160293 67479 63967 143982 114927 159533 85587 164211 114379 174065 108597 146474 12600 191579 173360 59172 146302 160904 36888 192878 163868 98738 116048 37181 115990 108062 46899 130601 70903 85825 118664 115308 179510 192231 181099 129888 43640 141385 100437 111205 58561 156280 86566 117402 83115 67248 67109 112278 124570 24743 86409 172568 162115 144994 124536 158626 123601 142977 13203 103083 89367 153901 145540 97705 65884 90739 69222 79099 159524 186111 115584 113791 97413 150392 171392 82454 102251 85393 175567 164392 175024 153988 97346 161322 90265 64162 118102 97036 4533 172745 100545 169238 12600 40273 153988 143782 69222 36888 136903 113791 59172 160904 161322 158626 150239 145540
39643 118248 79265 65833 34502 127763 25445 81405 39738 27746 59246 134145 47388 84697 55936 80791 94021 14223 105243 67515 69370 100555 23559 63507 45945 31069 73862 0 87493 82680 75365 76401 56996 71927 33092 69556 78595 42741 81363 17423 91022 95471 106139 67778 102872 59604 58892 30286 65857 64518 77269 99344 52647 89905 44403 92212 109710 64334 94464 93952 56318 86980 7785 50833 76090 47189 96087 11733 96190 118817 130678 95529 98049 61353 133116 100207 32386 81779 88402 53494 128334 106700 26898 82226 57394 63379 36212 36382 59576 2985 26470 56333 65938 113053 128006 107737 88535 57374 71601 27192 63692 55538 83606 26652 61264 76035 81853 23425 51633 54819 50912 51780 121338 99077 75936 65293 101432 53161 72507 60664 35729 15769 81099 85086 32434 9472 59768 7366 15913 85675 116043 54504 63548 23582 83691 97636 91507 28393 18442 113408 90980 102466 82749 23507 112902 35675 46389 52463 46602 69832 111216 39643 100555 61353 81405 82749 109710 7366 53494 64334 63548 32386 88402 112902 101432 76401 85086
85910 93218 34250 146238 54454 134870 111941 167773 48283 59795 89500 131496 84772 8063 36574 30611 163297 90413 82448 81051 156152 72460 109598 63412 67948 57141 159732 87493 0 54014 12150 23171 74763 94893 69511 129016 22753 48332 167966 77820 166629 66042 134907 38607 72535 54108 37663 103001 52367 47997 62507 175290 112961 144211 74098 4962 146168 47454 15563 99995 131617 38987 92739 129820 25568 46746 87943 76169 73258 185956 147601 156701 119740 147607 121442 15914 115574 79982 47357 131060 102445 108215 70004 130448 143948 65765 63955 115102 56865 90234 90655 81995 105164 87022 103178 46614 124960 130618 21857 65567 74042 120053 5100 74980 93849 147674 161723 94189 56291 62930 138116 92528 128459 90368 21511 88900 105434 60963 57814 146647 57608 71790 7685 91287 80533 94218 122708 93796 80773 26844 74395 53844 69717 65767 73873 34247 166926 60997 83975 100046 12641 15405 8454 64855 128113 94887 125453 74934 74702 155417 100466 85910 72460 147607 167773 8454 146168 93796 131060 47454 69717 115574 47357 128113 105434 23171 91287
56746 43339 19813 148500 66012 80859 99443 148645 60601 63827 116453 77934 50858 59891 37014 23408 126615 76670 30613 35245 148216 21742 105683 22619 39411 56758 154038 82680 54014 0 51138 31749 35798 48156 50510 91241 70014 44822 149477 65957 134201 15086 83862 78282 23119 23087 70241 80739 16827 85168 11369 142382 79486 101468 44171 57439 96398 19347 69575 46850 138278 16891 90293 105107 71086 70290 33930 72002 20406 146107 93953 115962 68174 141481 69054 51735 97820 27719 10178 135875 53681 54245 55964 86823 127290 100052 46546 118596 23446 85588 69336 42709 62846 37018 53995 31792 77340 138800 63267 55730 106884 133414 49544 87243 52209 114373 133608 100911 85005 29723 129525 114953 74478 36372 66882 44703 51700 30453 11625 141171 73696 69828 47873 39201 56983 92022 88232 85566 86100 28058 33752 84479 103363 60557 20583 29796 134316 56701 68651 46990 44313 58330 58730 61831 74800 68017 101633 39057 98720 150458 46981 56746 21742 141481 148645 58730 96398 85566 135875 19347 103363 97820 10178 74800 51700 31749 39201
75590 92931 31785 134371 42364 131097 99902 155808 36149 47654 79971 129023 75160 11256 26314 28932 152912 78581 81161 73878 144008 71467 97453 56322 58345 45165 147618 75365 12150 51138 0 19594 66463 87485 58595 119097 19018 37000 155974 66056 155674 64765 128337 31112 71994 46371 27602 91598 45864 40002 57906 164346 102623 135045 64347 16860 138953 40579 22635 95085 119955 38683 80590 118355 20570 35409 84490 64083 71329 175947 142819 147031 113585 135475 120037 26658 103743 74946 46523 119276 102710 104337 58588 121622 131944 57477 53132 103172 49156 78097 79364 73400 96464 86596 103288 51279 117237 119063 13787 53952 65563 108894 9069 63228 85292 136942 150356 82294 46282 54478 125966 82237 124504 87155 16165 81047 101075 52243 52531 134523 45829 59681 7394 85865 69710 82070 112372 81714 68718 27579 76305 44177 61352 53851 69622 38273 155990 49138 72331 98096 19711 27418 9375 52853 123055 84065 113949 66074 64339 143313 98114 75590 71467 135475 155808 9375 138953 81714 119276 40579 61352 103743 46523 123055 101075 19594 85865
66370 73372 12193 139854 48445 112279 98803 153278 41903 50541 93845 109680 64005 28255 20491 9527 143163 75998 61572 58153 145711 51876 99764 40597 47537 45484 150239 76401 23171 31749 19594 0 52625 72039 51936 108269 38607 33782 153702 63381 147744 45171 111766 49027 52435 31874 42904 86158 29414 57094 39462 156333 93070 122431 53766 27341 123153 24775 38482 76948 126900 19494 82885 112854 40005 46861 65447 64668 51791 165109 124629 135466 96571 137751 100478 27063 100631 56880 27019 125509 83220 85543 54165 108387 130002 73678 46367 108591 34541 79347 73644 60038 83111 67029 83770 35598 102169 126569 32592 50880 81333 118194 18299 70988 71747 128346 144122 88448 60342 41143 127109 94511 105777 68013 35661 66307 82560 39527 34648 137037 54386 60906 16317 68141 62317 84534 102724 81631 73758 10509 57515 58951 77363 52969 50975 23133 147989 48075 68657 78599 17364 32053 27013 52898 105056 76343 108690 53349 76920 146158 78705 66370 51876 137751 153278 27013 123153 81631 125509 24775 77363 100631 27019 105056 82560 0 68141
22207 61964 45932 120489 56149 75223 67785 113535 53795 49653 105393 79059 15253 77556 41050 49536 92141 46906 49500 11240 116069 46881 77473 13636 12981 42875 122522 56996 74763 35798 66463 52625 0 22010 25164 56751 81876 37121 114471 39730 98773 43473 63507 82826 49492 20761 72522 46645 24209 86370 25762 107080 43787 69824 12593 79395 72959 27972 88839 38688 112961 49031 64709 69640 81467 66729 39105 49181 41725 113060 82476 83156 50257 110210 76506 79050 64264 24850 45286 109762 71754 51215 31884 55777 93041 96413 25230 93045 18088 59490 36733 7525 30490 57266 71331 67350 50883 114247 73542 35086 101182 112107 69663 71316 19130 78960 97816 79111 80469 11989 97779 101054 68442 42083 78342 14880 46213 14372 24329 110162 63992 49158 67159 29035 25503 66322 52775 57446 65980 55753 64264 81363 98750 41114 27900 62786 98919 39865 39497 56413 69706 84564 75783 43435 62803 33264 66365 4586 88229 119325 54261 22207 46881 110210 113535 75783 72959 57446 109762 27972 98750 64264 45286 62803 46213 52625 29035
32352 57278 63391 130667 77250 56016 76057 112734 75401 70122 125022 62455 24582 98380 62727 67242 80158 59344 47781 13897 121548 49719 89032 31482 34093 63773 128733 71927 94893 48156 87485 72039 22010 0 44165 45690 103556 59045 114008 56000 89751 49272 41511 104835 52378 41118 94515 52608 42626 108262 36796 97380 39344 53409 30990 99311 51467 47439 109510 23413 125586 64223 79160 68930 103269 88435 32764 66492 44125 98294 61268 68195 28541 117081 63279 97244 69654 23561 58332 121862 65270 35748 50443 38734 95357 117740 45797 106124 38332 73934 47050 17387 16700 54498 64438 79232 30143 127395 95286 54705 122118 127368 89832 90293 11470 70328 91984 95167 101868 33591 104415 119878 49481 34760 100027 7479 30408 36176 38934 117373 84883 67498 87454 17503 39750 80586 45607 70420 83508 73211 67474 102927 119903 60592 30924 77751 89756 60254 53487 47170 88416 103251 96688 63086 42060 39700 66832 24416 108340 126124 44197 32352 49719 117081 112734 96688 51467 70420 121862 47439 119903 69654 58332 42060 30408 72039 17503
18221 85259 50990 98437 34086 99616 49359 101796 33779 26260 80919 104126 21541 69660 33049 53442 94535 26290 72186 36311 97986 67520 55381 30426 12989 20706 103618 33092 69511 50510 58595 51936 25164 44165 0 61722 69456 21868 102336 15757 97135 62602 83712 65770 69873 27611 55181 34223 33922 67198 44277 105801 44521 79526 13282 74470 90741 33590 80870 63683 89404 57515 40873 60956 68124 46744 63698 24157 63102 118022 105371 89941 72463 91040 101601 78574 49339 49344 57368 86562 95426 76301 6730 67682 79023 74468 5611 69474 27078 35844 21709 26871 44710 79990 95147 78178 68194 90384 61086 10570 78302 87324 64701 46408 35868 78352 92486 54232 58889 21765 79234 76135 92909 66754 66057 36767 71230 20289 39790 90694 41256 24004 62006 54161 11139 42564 54197 35152 40829 59212 83352 60378 76341 16430 50710 69799 97439 16545 18285 81112 68800 82571 67679 18922 86212 25473 56761 20985 64178 99984 79130 18221 67520 91040 101796 67679 90741 35152 86562 33590 76341 49339 57368 86212 71230 51936 54161
43740 101346 102607 107719 92985 81204 57414 72572 94424 84259 128777 93318 44322 130338 92804 106132 35435 55763 93105 56312 90261 95402 74520 70278 61084 80963 98203 69556 129016 91241 119097 108269 56751 45690 61722 0 131153 83384 74200 62268 44071 94650 49294 126808 98065 76790 116314 39328 80916 126977 80121 51725 17802 20416 54918 133875 46138 84266 141694 64289 108562 105665 73705 34404 129846 106712 77549 71700 89802 56943 75946 28223 51123 88716 99749 135177 46989 69187 101225 103964 108013 73335 64303 17847 61234 130599 66690 92371 74349 69813 46000 49270 29122 99379 106960 123010 32657 111455 122756 69841 132252 116833 123979 95451 39047 24917 47645 90708 116487 67306 76970 120997 76860 79033 127732 46867 68809 68752 80407 89628 98462 75241 121335 62205 50887 74332 9939 63884 85277 112364 113160 118671 131475 73554 76316 119445 44069 76277 55925 89267 125605 140301 128407 75916 64862 37754 35213 55124 115603 96854 85982 43740 95402 88716 72572 128407 46138 63884 103964 84266 131475 46989 101225 64862 68809 108269 62205
87454 111944 50794 131086 44111 149419 103999 159990 39554 51736 68712 147780 88463 14791 40843 47936 163624 84918 100159 90348 144333 90483 98386 73164 72109 51926 146978 78595 22753 70014 19018 38607 81876 103556 69456 131153 0 47818 159914 73228 164765 83776 144888 17075 91008 62899 20630 99835 63379 26423 76233 173416 113947 148365 77666 24243 154832 57984 18055 112987 115460 57618 82307 125904 3321 32210 103069 68529 90280 187399 160609 159356 130561 135396 138997 38102 109549 92915 65528 115545 121696 122688 67748 135590 135982 43992 64489 100755 65626 80963 88320 88302 110872 105611 122286 68657 132694 113993 8454 62452 52313 102135 24099 60441 100047 146854 158006 79979 37159 70004 127200 72908 142763 105798 3535 96726 119228 67509 70617 134229 44190 63922 24294 103530 80453 83542 123573 85636 68434 46200 94959 34208 47948 60552 87992 55872 165139 56530 79947 117002 34994 35343 14382 58861 140746 94449 121387 80771 55582 142524 116946 87454 90483 135396 159990 14382 154832 85636 115545 57984 47948 109549 65528 140746 119228 38607 103530
39654 86246 37005 107273 21683 111060 65167 120229 17465 19165 72723 112947 40934 47930 13303 38200 116400 42676 72871 47476 111957 65673 66228 33487 25378 12547 116600 42741 48332 44822 37000 33782 37121 59045 21868 83384 47818 0 120552 29980 118712 59473 100397 46035 67481 24499 35573 54674 29248 49250 43654 127386 66351 100611 30321 53287 109024 25507 59070 73818 95390 45185 49496 81488 46688 29877 68943 31031 62656 139857 119409 111566 87376 104077 107692 58896 67685 55584 48077 93517 96752 85524 21672 88096 96683 60107 16694 76317 26208 45708 42376 42328 63843 80228 96806 65649 86532 95503 39394 17476 65641 89013 43727 42434 53539 100120 113415 57189 44166 26736 93334 70435 104234 72045 44371 51705 81031 23973 37631 103405 29678 27550 41051 63848 32997 51182 76047 47849 42220 42939 78365 44695 62779 19209 53787 55015 119035 14349 35800 85769 49301 62167 45938 19346 99606 47273 77123 34831 54960 112571 84541 39654 65673 104077 120229 45938 109024 47849 93517 25507 62779 67685 48077 99606 81031 33782 63848
92750 171246 153275 60539 115859 155284 56154 2067 121005 108855 121971 167510 99242 165773 133646 155778 61200 77876 160924 119774 31990 160552 63378 126907 110662 110826 38384 81363 167966 149477 155974 153702 114471 114008 102336 74200 159914 120552 0 90572 45975 157819 122546 148174 163239 128476 139933 68948 134435 143519 140188 48198 74667 85259 105395 172808 116196 135319 175767 135942 72696 159371 77920 45314 157341 128146 146657 92059 155088 77256 148569 76541 125268 38388 173431 179447 53088 135209 157967 68318 179189 146345 99537 91251 24042 137487 107712 70379 127081 78951 81034 108761 98200 168099 178300 179648 106800 76535 152960 103090 134545 89827 163741 102683 103760 53074 32198 85607 129789 120088 37421 112266 151057 148760 157294 111835 141467 119966 137867 40240 116315 96584 161131 131511 93287 76868 69697 74514 92692 161509 178337 132990 136178 102225 140847 172053 46595 107048 85046 160781 169839 182483 163800 103122 139012 81477 48167 110672 118234 40393 157644 92750 160552 38388 2067 163800 116196 74514 68318 135319 136178 53088 157967 139012 141467 153702 131511
24601 100825 64466 82718 31246 112015 35489 90255 33990 22528 70415 117671 31507 76453 43122 66451 91625 12696 87829 50452 83406 83277 39738 46176 28528 21389 88689 17423 77820 65957 66056 63381 39730 56000 15757 62268 73228 29980 90572 0 91639 78331 92691 65858 85629 42899 55725 26695 49210 65037 60030 100268 44480 81836 27160 82732 97837 48240 87117 77292 73727 71659 25205 52764 71268 45159 78767 10761 78838 116034 116128 89959 83201 76089 116092 88876 37782 64436 72296 70826 110915 90031 10069 72012 66718 68559 19474 53783 42624 20113 16332 39652 52390 95642 110594 92458 75806 74795 65340 12533 70882 72420 73409 35495 45993 74270 84890 39556 54220 37522 64636 64396 105458 81776 70121 49023 84819 35992 55455 75637 36209 13224 70764 68177 16334 26877 53267 19638 27583 71812 99032 56429 69699 12676 66268 83188 92031 17005 6800 96123 79274 92031 74450 14510 97693 24787 48273 35241 55054 84920 93990 24601 83277 76089 90255 74450 97837 19638 70826 48240 69699 37782 72296 97693 84819 63381 68177
81377 144984 143687 100026 122357 118449 68515 43913 125619 113864 145307 132097 84655 166639 130088 146964 16016 80758 137124 99848 74196 139443 83753 112401 100349 112842 81800 91022 166629 134201 155674 147744 98773 89751 97135 44071 164765 118712 45975 91639 0 138521 84693 157059 142112 117529 147191 64955 122379 155023 123331 8675 55166 45594 94166 171585 75500 125024 177720 107659 107719 147691 91563 40189 162884 136166 121487 98036 133839 33102 108782 33054 91549 77334 140596 174792 59038 113206 143968 102889 151142 115601 97389 56347 49151 154164 102675 97988 115360 89836 76583 91561 73124 143273 150018 165966 72339 111372 156728 102466 153604 121666 161781 117230 82456 19828 14574 105529 142558 108078 69903 136122 115444 122856 161583 90524 111484 109022 122997 78928 125762 102460 159087 106199 86098 91344 46005 83770 106259 153160 157225 145329 153998 104281 120237 161370 660 108240 84869 132400 165039 179292 164645 106130 103093 71755 44647 96343 136340 82537 129074 81377 139443 77334 43913 164645 75500 83770 102889 125024 153998 59038 143968 103093 111484 147744 106199
65609 28477 32982 161038 80869 70490 110318 156833 75578 78275 131467 65640 58614 72619 52099 36000 129419 88151 16457 38930 158981 6780 117965 32504 50411 71098 165158 95471 66042 15086 64765 45171 43473 49272 62602 94650 83776 59473 157819 78331 138521 0 78971 92935 8055 36372 85150 90046 30549 100039 18450 146360 85242 102047 54115 68872 92381 33995 81495 40607 151545 27067 103196 112756 85085 85377 24977 85279 7855 147123 85064 117171 63257 152697 55472 60921 107575 25828 18685 148929 38702 44862 68574 87430 136510 115098 59308 131716 35983 98309 79507 49123 65543 22118 39078 32489 75715 152250 77444 69029 121964 147480 62000 101772 56228 118848 139446 114716 100088 40914 140469 129806 64558 26485 80785 48047 43583 42341 23010 152513 88625 83471 60666 35659 67457 104912 93169 97708 100059 39221 20955 99543 118429 74208 18361 36330 138567 70654 80222 34060 55033 67765 71665 75682 67016 76734 109658 47562 113718 161762 34737 65609 6780 152697 156833 71665 92381 97708 148929 33995 118429 107575 18685 67016 43583 45171 35659
68149 71232 101835 155305 117638 33762 102084 120793 116345 109970 163089 47725 62332 139001 104122 105727 70057 92143 69116 54562 139436 76129 118033 72017 75162 104126 147335 106139 134907 83862 128337 111766 63507 41511 83712 49294 144888 100397 122546 92691 84693 78971 0 146303 78192 82100 135938 79674 82677 149494 73371 89707 57826 39100 71198 139080 14059 87830 149927 38385 154032 100747 112352 83374 144691 129444 54506 103449 71572 78305 26747 53090 15777 137449 57953 135338 92806 56146 93462 149712 73885 38591 89336 31537 110497 158138 86265 136067 79339 107476 79670 58155 40362 72265 72515 111442 18175 156518 136675 94210 161963 159466 129934 128135 47847 70035 93156 129415 142432 75057 125359 156952 31292 53956 141369 48716 37046 77670 77293 138245 124964 105390 127691 44666 76694 113471 56752 102636 119927 111265 90671 143703 160053 99776 63454 113273 84395 100226 88432 56791 127195 141741 137391 102342 19218 70533 83539 65579 147230 145811 53654 68149 76129 137449 120793 137391 14059 102636 149712 87830 160053 92806 93462 19218 37046 111766 44666
83956 121411 60631 115576 34725 154567 93098 148418 32387 43347 51642 154491 86528 31128 43829 58526 157473 76315 108894 92575 130481 99715 85443 76566 71413 45844 132594 67778 38607 78282 31112 49027 82826 104835 65770 126808 17075 46035 148174 65858 157059 92935 146303 0 100629 66303 10595 92400 68354 9439 82465 165613 109139 145220 76182 40868 155056 63051 34861 117437 99570 68511 70275 117324 13772 20902 109513 59126 98650 181800 164301 154945 132892 121393 146987 54421 99836 97872 75693 99953 131550 128170 62510 133404 124540 27188 61630 85896 68797 69788 81901 88344 109674 115050 131988 82389 132549 97906 17420 56968 35491 85590 38668 46332 99553 140106 149106 65522 20828 71620 114026 55953 147785 112434 17197 97588 124206 68910 76438 120119 32067 54634 38023 107614 76078 71306 118451 75087 55558 58286 106541 17661 31146 53593 94056 69379 157483 50537 72646 124744 49932 52216 30210 51435 144384 89192 112787 80820 38879 128094 124266 83956 99715 121393 148418 30210 155056 75087 99953 63051 31146 99836 75693 144384 124206 49027 107614
71697 20938 40308 168260 88909 66352 116951 162186 83632 86225 139522 60151 64363 79392 60130 43080 132307 95091 10679 43583 165469 2703 125136 39523 57427 79026 171789 102872 72535 23119 71994 52435 49492 52378 69873 98065 91008 67481 163239 85629 142112 8055 78192 100629 0 44149 93007 96123 38454 107865 25604 149754 89833 103991 60734 75071 91940 42025 87838 40041 159058 33667 110622 118010 92435 93399 23743 92867 8303 149025 81755 119326 62739 159386 49033 66190 113756 28936 25501 156363 30922 41972 75987 89532 142374 123056 66809 139188 43597 105678 85989 54530 68992 14607 31389 34907 76810 159831 84900 76660 129964 155282 68715 109733 60470 122606 143760 122447 108098 48112 147062 137842 60816 24321 88096 52213 41636 49715 30664 159254 96675 91181 67541 37011 74134 112332 97317 104866 107851 45720 15230 107523 126407 81936 22442 41134 142125 78477 87226 28628 61064 73056 78539 83467 64659 82661 115092 53781 121773 168476 29931 71697 2703 159386 162186 78539 91940 104866 156363 42025 126407 113756 25501 64659 41636 52435 37011
36821 62021 26159 125415 46152 88317 76871 127779 41784 42399 97198 89109 32931 57277 22595 29481 111965 53888 48624 27551 125569 42092 82608 10339 17918 35119 131229 59604 54108 23087 46371 31874 20761 41118 27611 76790 62899 24499 128476 42899 117529 36372 82100 66303 44149 0 56643 59538 6319 71330 19314 126005 62407 90557 23720 58689 92584 7513 68455 51136 115358 31021 67237 85147 62900 53441 44636 49049 38575 133461 98197 103695 67663 118649 83299 58472 76017 31827 29856 112875 72510 62129 32885 76537 105695 83892 23462 95612 2787 62507 47551 28166 51250 56132 72505 51186 70988 115973 54816 32766 89826 111135 49014 65892 39890 97864 115197 78345 68098 9511 106829 94630 81520 47715 59399 34832 57982 8663 13544 118293 54170 47109 46552 41319 35210 68965 71866 62527 63705 35705 56548 68271 86775 37840 29339 44260 117727 34333 45871 61299 49029 63859 55573 39321 78273 47755 81344 21669 79447 127584 60147 36821 42092 118649 127779 55573 92584 62527 112875 7513 86775 76017 29856 78273 57982 31874 41319
73374 113568 53743 110678 24928 144955 84332 140082 21953 33327 52369 145366 75944 31448 34496 52141 147253 66563 100777 82455 123734 91904 77924 66805 60938 35373 126348 58892 37663 70241 27602 42904 72522 94515 55181 116314 20630 35573 139933 55725 147191 85150 135938 10595 93007 56643 0 82368 59147 14965 73532 155778 98676 134651 65631 41017 144554 53956 38279 107734 95289 62052 62092 107664 17686 11793 100459 49573 90441 171501 154313 144474 122686 114781 138367 53461 90549 88398 68665 95196 123852 118724 52012 122809 116109 30775 51040 80183 59047 61097 71626 77901 99106 107231 124210 77751 122031 93983 16133 46478 38519 82728 36324 39821 89039 129991 139593 59369 18723 61489 106712 54888 138152 103434 18838 87226 114625 58756 67422 113606 23736 45008 34985 97852 65534 63259 108036 66097 47929 52892 100006 16591 34481 43309 84965 64784 147601 40080 62524 116108 47302 52589 29980 41236 134416 78756 103125 70398 37041 121895 115465 73374 91904 114781 140082 29980 144554 66097 95196 53956 34481 90549 68665 134416 114625 42904 97852
24446 107074 84644 78297 57684 105405 23588 68240 60685 49069 89458 114083 31940 102328 66959 87335 65357 16984 95387 53943 69879 93497 38417 58308 41715 47911 76702 30286 103001 80739 91598 86158 46645 52608 34223 39328 99835 54674 68948 26695 64955 90046 79674 92400 96123 59538 82368 0 65488 91039 71950 73593 23033 59722 36568 107958 81360 66459 113227 76019 74784 90483 34511 26844 97931 71581 82831 34052 88261 89982 105544 65419 74288 64742 115876 112728 17704 69706 89045 70672 116176 88260 33016 53010 46588 92556 39801 56407 58136 30488 12516 42106 41422 102990 115534 110700 61554 77072 91852 37781 93574 79926 98345 56550 41147 47750 58758 51667 79366 51187 52102 81694 99509 85422 96680 47920 82937 51018 69179 64933 61811 38191 95658 68985 24409 35258 29494 24618 46116 93234 110896 81871 93104 39326 74196 103340 65342 43344 19915 98980 102966 116539 100324 41201 89508 13606 22563 42485 76673 73841 96224 24446 93497 64742 68240 100324 81360 24618 70672 66459 93104 17704 89045 89508 82937 86158 68985
42324 57017 21724 131681 50887 86421 83145 133705 46067 47782 101856 86223 37751 56347 24651 25359 116260 60190 43661 28739 131861 36528 88909 11252 23773 40571 137540 65857 52367 16827 45864 29414 24209 42626 33922 80916 63379 29248 134435 49210 122379 30549 82677 68354 38454 6319 59147 65488 0 74031 14689 130789 67214 93749 29273 56714 93802 5406 67254 49645 121493 25473 73467 90814 63709 57067 41324 55198 33412 137257 97231 107314 67754 124962 79567 55103 82132 29685 23657 119061 67525 59870 39186 79475 111779 87436 29760 101786 7363 68769 53631 31731 54336 50981 67603 45230 72760 122057 55605 38918 93697 116963 47341 71297 43013 102633 120502 84291 71835 14572 113126 99675 79687 44320 59949 37045 56085 14473 8526 124609 58812 53118 45042 40155 41259 75195 76513 68841 69563 31561 50430 71763 90476 43841 25828 39019 122555 40142 52171 57380 45979 60858 54772 45212 77377 53416 87091 26054 84076 133900 56502 42324 36528 124962 133705 54772 93802 68841 119061 5406 90476 82132 23657 77377 56085 29414 40155
85099 128479 68319 108121 33993 159569 89395 143878 33456 42723 42327 160224 88501 40564 49392 66493 156388 74446 115723 96613 124344 106802 80295 81395 74332 46608 126032 64518 47997 85168 40002 57094 86370 108262 67198 126977 26423 49250 143519 65037 155023 100039 149494 9439 107865 71330 14965 91039 74031 0 88466 163480 109191 145957 78584 50308 157581 68874 43965 122308 91811 76462 66046 114970 23148 20473 115354 57115 105394 180945 168558 154902 136626 115173 153324 63837 96888 103140 83321 92474 138738 133456 63119 134752 120205 17769 63644 79151 73665 66223 81340 91340 111758 122136 139111 91163 135008 89958 26544 57610 26060 77186 47879 40876 102122 138751 146351 59336 13867 75696 108484 47047 152756 118340 26633 100884 129280 72940 82343 113820 29291 52853 47090 112389 76862 66899 118231 71884 50957 66719 114500 10586 21723 53436 99858 78142 155476 51124 71707 131067 59140 61646 39624 51062 148703 89223 110457 83939 30523 121509 130405 85099 106802 115173 143878 39624 157581 71884 92474 68874 21723 96888 83321 148703 129280 57094 112389
47586 42708 28619 142692 65337 73214 91900 139271 60685 61702 116369 72050 41014 67612 39099 32485 115440 69703 29310 23945 140596 23305 99588 14053 31965 54413 146731 77269 62507 11369 57906 39462 25762 36796 44277 80121 76233 43654 140188 60030 123331 18450 73371 82465 25604 19314 73532 71950 14689 88466 0 131440 68931 90100 35749 66344 85595 19610 77930 37493 133477 27725 85022 95401 76884 71751 27071 67354 19341 134763 85170 104618 57825 134260 64942 61972 89374 17518 21547 130761 53196 46464 50389 75454 118509 102103 41254 113596 18291 80074 61166 32176 51562 36849 53199 42921 66136 134287 68841 51213 108386 130043 57740 85178 41076 103518 123186 97090 86522 22528 122055 113934 66600 29969 72910 33425 43192 24120 6174 134068 73315 65826 55767 28963 49047 86731 77449 79321 82637 37899 39386 86429 105159 56633 11761 41029 123430 53424 61782 42724 53923 68378 66243 58289 65609 58810 92114 29547 98598 143321 41943 47586 23305 134260 139271 66243 85595 79321 130761 19610 105159 89374 21547 65609 43192 39462 28963
89963 151972 152157 104987 130926 123425 76420 46144 134239 122455 152952 137368 93101 175314 138743 155459 19651 89300 144482 107834 78193 147099 91232 120714 108901 121491 85507 99344 175290 142382 164346 156333 107080 97380 105801 51725 173416 127386 48198 100268 8675 146360 89707 165613 149754 126005 155778 73593 130789 163480 131440 0 63605 50855 102708 180245 79597 133507 186395 114573 113634 156052 99657 48541 171523 144715 128755 106552 141505 29059 112855 36876 97588 82149 146431 183387 67203 120904 152204 108839 157826 122026 106063 62727 54994 162352 111337 104875 123809 98084 85254 99814 80847 150469 156668 174166 78483 117347 165388 111134 161630 128188 170436 125424 90460 28157 19911 113267 150933 116538 75672 143679 120783 130016 170239 98455 118081 117524 131246 83822 134239 110995 167743 113555 94757 99381 54313 92059 114458 161662 164810 153730 162112 112917 128036 169755 8365 116895 93504 139127 173638 187917 173320 114752 108459 80409 53035 104739 144379 86652 135790 89963 147099 82149 46144 173320 79597 92059 108839 133507 162112 67203 152204 108459 118081 156333 113555
27060 96606 88554 97736 75201 86066 44303 73391 76753 66469 111853 96294 29496 113811 76470 91874 50336 38583 86613 46355 84345 87129 60624 57366 45533 63305 91929 52647 112961 79486 102623 93070 43787 39344 44521 17802 113947 66351 74667 44480 55166 85242 57826 109139 89833 62407 98676 23033 67214 109191 68931 63605 0 37580 39306 117874 58485 69912 125114 61583 96264 92555 57448 29757 112532 88953 72041 54046 81555 73506 84247 45807 54696 81092 100227 120125 35052 61178 89072 91907 104545 72649 46682 29981 56807 112892 49704 78697 60205 53195 28253 36797 23862 93619 103676 111131 39671 98827 105596 52203 114706 102634 107987 78075 29452 35458 54284 74651 98698 52934 68632 104381 80707 74102 110563 37687 67556 53962 68106 81685 80664 57499 105313 56847 33498 58253 9752 47520 68135 98085 105059 100871 113835 55782 67430 106214 55347 58604 38198 86227 110427 124912 111854 58130 69737 19981 28173 41189 98200 89845 83137 27060 87129 81092 73391 111854 58485 47520 91907 69912 113835 35052 89072 69737 67556 93070 56847
61305 103150 115345 125682 112020 72856 77306 83393 112955 103368 149145 86588 60014 146290 108803 119071 31297 76017 97234 66391 105870 101470 94514 82598 76730 99527 113904 89905 144211 101468 135045 122431 69824 53409 79526 20416 148365 100611 85259 81836 45594 102047 39100 145220 103991 90557 134651 59722 93749 145957 90100 50855 37580 0 70862 148946 30953 97788 157667 65970 127744 117154 94121 51909 147299 125552 81349 91600 96059 45082 63790 15529 47081 105498 95634 148818 66689 76264 111644 123060 108123 71981 82885 14680 76765 150370 84071 112207 87910 90210 65758 62393 39414 102424 106896 132635 28420 130776 139916 88422 152284 136778 139118 115627 50757 32187 54623 111113 135955 81378 94419 141407 69967 82101 144883 57140 68455 83254 91634 106595 117871 94960 136544 66981 69190 94743 30339 84296 105567 125227 118472 138012 151378 92584 83921 130833 45299 94911 75710 89644 139526 154388 144418 95026 57629 57070 53693 69283 135764 113087 86304 61305 101470 105498 83393 144418 30953 84296 123060 97788 151378 66689 111644 57629 68455 122431 66981
13102 74311 49749 108199 46493 86336 56233 104609 45234 39151 94192 91021 10849 75602 38038 52888 89462 34628 61626 23370 104866 58209 65104 21851 6230 32975 111079 44403 74098 44171 64347 53766 12593 30990 13282 54918 77666 30321 105395 27160 94166 54115 71198 76182 60734 23720 65631 36568 29273 78584 35749 102708 39306 70862 0 78959 79018 31085 86980 50561 100409 54660 52117 61541 76775 58345 51693 36824 53315 111859 92252 82704 59420 98656 88969 80819 53742 37412 52605 97253 84211 63237 19825 57927 83125 87023 15068 80483 21929 46902 25418 13628 33528 69430 83819 74446 56456 101667 69213 23745 91191 99569 69062 59676 23542 74643 91492 66621 71254 14744 86370 89390 79633 54676 74161 23550 58112 15062 32628 98520 53990 37134 66417 41191 13404 53733 48964 44981 53750 59051 75069 72507 89068 29686 39941 67979 94389 29291 27037 69006 71124 85651 73700 32149 72993 24146 57837 8081 77377 107743 66838 13102 58209 98656 104609 73700 79018 44981 97253 31085 89068 53742 52605 72993 58112 53766 41191
90827 95559 37843 150397 58928 138256 116754 172629 52849 64486 92256 134477 89607 9779 41519 34082 168207 95311 85183 85442 160720 75151 114174 67834 72795 61984 164208 92212 4962 57439 16860 27341 79395 99311 74470 133875 24243 53287 172808 82732 171585 68872 139080 40868 75071 58689 41017 107958 56714 50308 66344 180245 117874 148946 78959 0 150490 51906 12895 103779 135600 41837 97354 134775 27338 50651 91342 80943 76252 190817 151273 161516 123823 152130 124086 13975 120474 83856 50235 135147 104551 111683 74958 135127 148783 68035 68913 119337 61432 94933 95616 86670 109835 89438 105338 47380 129415 134517 24931 70502 76349 123680 9898 79087 98504 152617 166683 98402 59438 67612 142750 95679 131911 93685 23685 93422 109050 65693 61852 151149 61769 76539 12561 95231 85488 98815 127618 98574 85174 29720 76015 56844 71995 70636 77558 35589 171881 65883 88909 102931 14086 11577 11045 69687 131888 99840 130404 79663 77942 159875 103481 90827 75151 152130 172629 11045 150490 98574 135147 51906 71995 120474 50235 131888 109050 27341 95231
73870 85283 113741 153842 124819 44921 102369 114337 124167 116754 168010 59540 69217 149830 113994 117634 60087 95501 83040 65168 135777 89815 119026 82819 83650 111427 143782 109710 146168 96398 138953 123153 72959 51467 90741 46138 154832 109024 116196 97837 75500 92381 14059 155056 91940 92584 144554 81360 93802 157581 85595 79597 58485 30953 79018 150490 0 98775 160925 51959 154126 113218 115299 80424 154413 137262 68206 108468 85119 65532 33299 42741 29212 134702 70889 147476 92394 68745 106198 149620 87759 52647 95805 28911 106615 165029 93945 137084 89798 110702 83478 66811 46070 86309 86374 124773 22576 156866 146501 100982 168281 161117 141135 133259 55521 63123 85462 132530 149601 84844 123082 161278 43760 67798 151298 58109 51043 87324 89071 135664 131782 110903 138801 57429 82506 116251 55074 105401 124335 123344 104635 151118 166676 106219 76258 126040 75127 107249 92868 70831 139054 153747 148148 108790 32387 74184 81347 74374 152869 142666 67705 73870 89815 134702 114337 148148 0 105401 149620 98775 166676 92394 106198 32387 51043 123153 57429
44169 61272 18682 130113 46889 91810 82931 134667 41749 44480 97652 91465 40443 51173 19491 21968 119466 59798 48007 33615 131455 40300 87666 15964 25131 37426 136903 64334 47454 19347 40579 24775 27972 47439 33590 84266 57984 25507 135319 48240 125024 33995 87830 63051 42025 7513 53956 66459 5406 68874 19610 133507 69912 97788 31085 51906 98775 0 62169 55051 119377 24060 71799 92329 58304 52305 46515 53292 37657 140883 102626 111068 73006 124304 84546 51093 82621 35083 24092 117123 71765 65234 38175 83662 112334 82574 28849 99831 9939 67288 54291 35454 58412 55124 71912 44602 77515 119785 50199 37157 88989 114120 42394 67905 47048 105369 122575 81743 67091 17021 112684 95817 85080 49479 54549 41547 61481 16045 13470 123873 54696 50836 40030 45546 42055 73530 79379 67839 66875 28191 53033 66901 85684 41609 31029 36992 125224 37551 51836 62315 41738 56603 49563 42727 82765 54985 88461 29143 79878 133158 61550 44169 40300 124304 134667 49563 98775 67839 117123 0 85684 82621 24092 82765 61481 24775 45546
98117 108395 49798 148949 60116 150427 119635 175736 54762 66932 86256 147015 97795 11380 48943 46173 175348 99353 97864 95757 161461 87851 115206 78109 80979 65795 164364 94464 15563 69575 22635 38482 88839 109510 80870 141694 18055 59070 175767 87117 177720 81495 149927 34861 87838 68455 38279 113227 67254 43965 77930 186395 125114 157667 86980 12895 160925 62169 0 115422 133439 54428 98781 139804 21344 49446 103502 83781 88771 198507 163075 169655 134889 152619 136820 25444 124381 95362 62818 133446 117433 123762 80364 144191 151744 61092 75490 118427 71238 96995 101195 95880 118993 102251 118213 60061 139442 132012 23060 75446 69357 120187 20189 78007 107775 159189 171905 97562 55209 76881 144015 90813 144007 105931 19448 103271 120941 74724 73089 151507 61296 79219 22267 106603 92009 100109 134855 101256 85451 42275 88897 52234 65003 74579 89364 48460 178053 70118 93625 115530 26970 20439 13287 73236 143534 106328 135342 88614 73601 159939 115991 98117 87851 152619 175736 13287 160925 101256 133446 62169 65003 124381 62818 143534 120941 38482 106603
54938 37413 65957 154000 94225 37279 99441 134561 91162 88184 144036 40459 46810 105037 73658 69773 95982 82022 31755 27448 144803 37867 112094 40930 51619 81237 152050 93952 99995 46850 95085 76948 38688 23413 63683 64289 112987 73818 135942 77292 107659 40607 38385 117437 40041 51136 107734 76019 49645 122308 37493 114573 61583 65970 50561 103779 51959 55051 115422 0 148534 63631 101412 91339 113354 103664 16307 87332 33193 110478 47742 81497 22749 140460 39903 98569 93032 20141 55909 144912 43739 12750 70344 52198 118202 133908 63876 128913 48688 96153 70005 37660 37782 36464 42715 73093 37807 150219 105249 73767 139161 149485 95232 109989 34873 89153 111852 116831 117949 47123 127795 139731 30458 16358 109575 28888 7550 49873 42560 140768 102197 87665 93240 9970 61518 102911 66464 93064 104300 74842 53381 118506 136489 79795 26311 75536 107563 78471 75646 25026 91055 105180 103623 82123 28118 63023 89565 42699 126770 149490 21791 54938 37867 140460 134561 103623 51959 93064 144912 55051 136489 93032 55909 28118 7550 76948 9970
93612 174529 132277 17115 78706 180010 51962 74117 85287 76713 56924 187964 101792 126413 107470 133084 118133 66590 161557 123079 42520 156781 36632 119799 102255 82844 40074 56318 131617 138278 119955 126900 112961 125586 89404 108562 115460 95390 72696 73727 107719 151545 154032 99570 159058 115358 95289 74784 121493 91811 133477 113634 96264 127744 100409 135600 154126 119377 133439 148534 0 140569 48534 76340 112246 84950 152037 66309 152485 140650 180206 127127 149036 34478 188238 146564 61735 137810 143114 4851 184562 161178 83102 125216 58662 79276 92254 19948 115565 53630 78560 111467 116129 169368 184203 160883 135857 3839 111241 82592 73474 18508 128989 56750 114291 102012 93782 38464 78743 111098 37968 48012 173964 154974 114079 119649 155844 109357 128537 32620 74141 68542 126926 140230 87716 46852 99142 55662 53316 137065 171904 81942 76571 77774 139981 149601 108366 81911 73524 169234 138524 146988 124766 76705 164246 86219 74089 108386 61446 35928 166900 93612 156781 34478 74117 124766 154126 55662 4851 119377 76571 61735 143114 164246 155844 126900 140230
67747 54519 8713 152296 63928 96737 106738 158709 57711 64016 111932 92640 63161 45726 33629 9986 141094 83564 43461 50782 155058 33484 110513 35416 48939 57729 160293 86980 38987 16891 38683 19494 49031 64223 57515 105665 57618 45185 159371 71659 147691 27067 100747 68511 33667 31021 62052 90483 25473 76462 27725 156052 92555 117154 54660 41837 113218 24060 54428 63631 140569 0 94163 116160 59246 64808 49995 75528 34422 161406 110395 131303 85065 147696 82463 34963 106670 44601 8398 138692 64109 70395 61672 102596 136384 92766 52546 121470 32749 89963 78349 56432 78036 48242 64733 20806 93832 140631 52017 59926 100248 133542 35054 86338 66994 127907 145974 102290 78877 40029 136285 111831 90526 52159 54848 60033 68191 39662 25530 147187 70794 72486 33890 56091 66092 95879 101740 91077 87331 12154 38049 77738 96376 63584 37441 13783 147853 59037 75665 61109 28138 41647 44881 64222 91455 78760 112365 51369 94615 156450 61648 67747 33484 147696 158709 44881 113218 91077 138692 24060 96376 106670 8398 91455 68191 19494 56091
46811 126029 86304 58315 38708 134831 23621 78143 44520 33088 55543 141501 54710 89441 62521 87680 95851 20286 113028 75148 63463 108315 16972 71282 53729 37401 67479 7785 92739 90293 80590 82885 64709 79160 40873 73705 82307 49496 77920 25205 91563 103196 112352 70275 110622 67237 62092 34511 73467 66046 85022 99657 57448 94121 52117 97354 115299 71799 98781 101412 48534 94163 0 51619 79621 50299 103810 18635 103967 120605 137265 98681 104820 55110 140701 105979 32545 89514 95827 45741 136108 114152 34636 87342 54282 62771 43903 28601 67269 5261 32900 63855 72394 120838 135775 114866 94551 49601 75754 34650 62067 48209 89072 25969 68321 77830 81411 17239 52598 62590 45407 47364 128465 106791 79857 72659 108867 60908 80216 54287 38410 21994 86634 92648 39928 1731 63794 9932 15178 92390 123725 55675 62454 30582 91473 104507 92084 35234 25768 121113 96934 107898 87531 30150 119779 41847 47377 60163 44799 63326 118894 46811 108315 55110 78143 87531 115299 9932 45741 71799 62454 32545 95827 119779 108867 82885 92648
48534 126058 110788 73804 82744 114104 29374 44194 86435 74436 106270 125177 54392 129001 93796 113638 44791 41113 115615 74491 56094 115318 45998 82490 67237 74153 63967 50833 129820 105107 118355 112854 69640 68930 60956 34404 125904 81488 45314 52764 40189 112756 83374 117324 118010 85147 107664 26844 90814 114970 95401 48541 29757 51909 61541 134775 80424 92329 139804 91339 76340 116160 51619 0 123839 96426 101453 58198 109831 69324 110111 51013 83048 54315 129779 139521 19132 89895 114008 71577 134197 102297 59817 52194 27493 114028 66557 62429 83466 49676 39312 63636 53592 122816 133351 135949 65968 79546 118090 64433 113676 87045 125181 77102 58487 27043 32126 66448 102394 76269 42705 97383 109177 103623 122844 66531 97250 76499 93486 55245 85763 62703 122496 86408 50664 51524 26850 43587 66134 119630 133146 105190 113941 65417 95593 129321 40676 69716 46181 115953 129751 143380 126997 67044 97661 37404 4539 66068 96410 62484 112879 48534 115318 54315 44194 126997 80424 43587 71577 92329 113941 19132 114008 97661 97250 112854 86408
86220 113370 52139 127925 41675 149974 101522 157445 37406 49508 65414 148657 87521 17740 40570 49444 162020 82785 101407 90217 141417 91823 95582 73213 71345 50073 143982 76090 25568 71086 20570 40005 81467 103269 68124 129846 3321 46688 157341 71268 162884 85085 144691 13772 92435 62900 17686 97931 63709 23148 76884 171523 112532 147299 76775 27338 154413 58304 21344 113354 112246 59246 79621 123839 0 29392 103832 66220 91430 185911 160879 158065 130528 132454 140134 41113 107273 93346 67015 112370 123218 123282 66132 134690 133445 40769 63282 97674 65594 78406 86567 87737 110122 107022 123775 71006 132179 110754 8108 60767 49091 98844 26504 57421 99409 145130 155912 76939 33866 69680 124381 69587 143286 106607 4438 96342 119713 67130 71160 131271 41374 61614 26442 103805 79039 80827 122115 83187 65598 48069 96835 30899 44728 58607 88642 58137 163267 54724 78020 118062 37578 38544 17123 56829 140986 92916 119313 80183 52272 139520 117916 86220 91823 132454 157445 17123 154413 83187 112370 58304 44728 107273 67015 140986 119713 40005 103805
64628 113373 56148 99913 13917 140922 72611 128302 13111 22641 47133 142496 68108 41526 33284 55327 136771 55415 100220 77301 112150 91992 66193 63065 54365 26136 114927 47189 46746 70290 35409 46861 66729 88435 46744 106712 32210 29877 128146 45159 136166 85377 129444 20902 93399 53441 11793 71581 57067 20473 71751 144715 88953 125552 58345 50651 137262 52305 49446 103664 84950 64808 50299 96426 29392 0 98047 38230 89841 161191 149174 134729 116918 103245 136580 62040 79037 85119 70422 84566 123820 115247 42678 114280 104337 30451 43330 69097 55514 49347 61343 71325 91362 107133 124040 82451 114686 83884 26572 37158 36692 73485 44473 28656 81881 119318 128237 48178 14786 56612 94999 47748 134096 101110 30073 81002 110833 53849 65580 102105 11985 33731 42651 93697 56413 51471 98111 54434 36225 57324 101980 14862 33409 33178 82648 69795 136592 30668 51920 114434 54751 62072 39838 30889 129416 68972 91887 64029 30062 110497 113461 64628 91992 103245 128302 39838 137262 54434 84566 52305 33409 79037 70422 129416 110833 46861 93697
59503 24607 53714 159135 90380 46928 105468 145415 86355 85561 141259 44983 51356 93689 65967 57338 110639 85737 15890 29248 152646 21624 116316 35655 50765 78311 159533 96087 87943 33930 84490 65447 39105 32764 63698 77549 103069 68943 146657 78767 121487 24977 54506 109513 23743 44636 100459 82831 41324 115354 27071 128755 72041 81349 51693 91342 68206 46515 103502 16307 152037 49995 103810 101453 103832 98047 0 87853 17263 126174 60488 96822 38999 147516 38781 84830 100423 14355 41837 148781 33346 20401 70394 67174 127414 128493 62456 132134 42739 98595 74742 41181 49225 21849 32730 57352 53597 153349 95821 72745 134457 151004 83437 108524 43017 102434 124530 117926 112730 43680 134906 137979 40580 3121 99795 35236 18616 46172 33078 147635 98439 87329 81696 15405 64385 105426 78293 96446 104329 61785 37284 112849 131406 78653 15496 60894 121441 76382 78524 17419 78020 91586 92456 80713 42069 69286 99127 43665 123608 156631 15689 59503 21624 147516 145415 92456 68206 96446 148781 46515 131406 100423 41837 42069 18616 65447 15405
35358 109123 67697 76888 24663 122479 35907 91982 29096 16870 59673 127778 42116 73716 44205 69142 99382 17331 95930 60184 81088 90644 35204 53947 37105 19387 85587 11733 76169 72002 64083 64668 49181 66492 24157 71700 68529 31031 92059 10761 98036 85279 103449 59126 92867 49049 49573 34052 55198 57115 67354 106552 54046 91600 36824 80943 108468 53292 83781 87332 66309 75528 18635 58198 66220 38230 87853 0 86534 124033 126842 98943 93897 73085 125685 88613 41058 73501 77265 63881 119375 100035 17465 82301 68019 58918 26122 46596 49299 14685 25862 49837 63137 103700 119136 96239 86513 66973 61171 16284 60720 63202 72167 24795 56676 81664 90034 30095 45325 45241 62584 53657 115880 90911 65689 59400 94878 43301 62271 72388 27829 4608 69628 78015 27013 20354 62363 17631 17031 73970 105596 47820 59790 11957 74646 85982 98474 16693 15939 105268 79329 91020 71745 11776 108315 34869 53661 44837 44556 81543 103282 35358 90644 73085 91982 71745 108468 17631 63881 53292 59790 41058 77265 108315 94878 64668 78015
63884 23626 39634 161254 84297 62695 109413 154018 79368 80968 135232 58244 56405 79613 56645 42895 124138 87855 10384 35359 157793 5611 118107 32686 50406 73694 164211 96190 73258 20406 71329 51791 41725 44125 63102 89802 90280 62656 155088 78838 133839 7855 71572 98650 8303 38575 90441 88261 33412 105394 19341 141505 81555 96059 53315 76252 85119 37657 88771 33193 152485 34422 103967 109831 91430 89841 17263 86534 0 141127 77209 111337 55928 151858 48717 68650 105930 20643 26032 149661 34130 37009 69400 81540 134379 119918 60412 132567 37632 98944 78387 46468 60715 17578 34256 40089 69171 153382 83649 70470 126529 149354 69070 104467 52176 114316 135458 116368 104619 41391 139470 133067 56723 18645 87195 43918 35819 43233 25084 151768 92206 85118 67610 29159 66711 105662 89014 97851 101962 46537 23527 104278 123131 75948 14241 44165 133854 72765 80074 26845 62525 75480 78575 77626 59223 74745 106961 46109 117452 160963 27229 63884 5611 151858 154018 78575 85119 97851 149661 37657 123131 105930 26032 59223 35819 51791 29159
100398 147191 158978 133116 147280 110373 98669 75203 149559 138552 175588 125057 101250 187171 149683 162596 24797 106834 142024 110879 106939 146520 114881 126327 118027 136234 114379 118817 185956 146107 175947 165109 113060 98294 118022 56943 187399 139857 77256 116034 33102 147123 78305 181800 149025 133461 171501 89982 137257 180945 134763 29059 73506 45082 111859 190817 65532 140883 198507 110478 140650 161406 120605 69324 185911 161191 126174 124033 141127 0 96952 30146 89991 110391 136207 191927 88395 121326 156259 135809 151313 115166 119824 59701 82203 182121 123201 130081 130944 118113 99900 105535 83381 146903 150009 177496 72672 144268 179072 125264 182406 154125 180921 145456 94448 42812 47547 135772 169329 124029 102938 166699 109221 126761 184034 101470 112206 125584 135898 112001 151774 128146 178276 112018 106960 120644 63833 111905 134585 168812 163398 171853 182365 128212 128964 175160 32444 131521 109294 133263 182415 197158 185229 130373 97477 93000 73343 111813 165194 115351 129957 100398 146520 110391 75203 185229 65532 111905 135809 140883 182365 88395 156259 97477 112206 165109 112018
91592 68284 113434 181904 138432 17384 128343 146767 136271 131390 186029 31224 84822 152764 120790 117197 93380 116978 71285 71949 166156 80385 143960 87863 95141 124993 174065 130678 147601 93953 142819 124629 82476 61268 105371 75946 160609 119409 148569 116128 108782 85064 26747 164301 81755 98197 154313 105544 97231 168558 85170 112855 84247 63790 92252 151273 33299 102626 163075 47742 180206 110395 137265 110111 160879 149174 60488 126842 77209 96952 0 76026 32981 164193 45285 145297 119294 67883 102308 175960 67003 40212 111507 58121 137178 178845 107033 161914 95606 132244 104372 78654 64889 71567 65533 116644 44642 182591 152771 115931 183367 184918 142890 151148 70183 95665 118409 154092 162922 92870 152084 180491 21195 58617 157173 68733 42252 95621 90301 164983 146124 128285 140937 57082 99829 138482 83496 127742 143675 122001 90922 163838 181093 121771 73732 121301 108414 121521 112536 54605 138260 152031 151361 124287 19926 95491 110281 85496 169538 172557 52397 91592 80385 164193 146767 151361 33299 127742 175960 102626 181093 119294 102308 19926 42252 124629 57082
71912 118671 129020 123001 120935 86696 79233 74556 122558 112189 154218 100815 71946 158284 120718 132671 17359 82346 112711 80736 100611 116783 96390 96316 88787 109106 108597 95529 156701 115962 147031 135466 83156 68195 89941 28223 159356 111566 76541 89959 33054 117171 53090 154945 119326 103695 144474 65419 107314 154902 104618 36876 45807 15529 82704 161516 42741 111068 169655 81497 127127 131303 98681 51013 158065 134729 96822 98943 111337 30146 76026 0 62352 101566 110483 162157 68451 91349 126114 122323 123554 87375 92466 29797 72230 157809 94876 113338 101133 95365 73627 75640 53267 117947 122314 147367 43913 130420 150951 97996 158992 137991 151635 121962 64398 25697 44562 115084 144082 94327 91565 145932 84330 97610 155928 71334 83935 95994 105785 102867 126151 102710 149015 82333 79105 99047 36693 89219 111432 138874 133890 146371 158473 101551 98948 145048 32630 104408 83437 105122 152714 167513 156369 103868 72081 65775 53937 82117 142067 108377 101785 71912 116783 101566 74556 156369 42741 89219 122323 111068 158473 68451 126114 72081 83935 135466 82333
58723 57411 86381 152003 105783 31382 97625 123668 103909 98569 153050 42289 51845 124086 90015 90265 78241 84564 54012 40391 138785 60603 112503 57416 62619 92296 146474 98049 119740 68174 113585 96571 50257 28541 72463 51123 130561 87376 125268 83201 91549 63257 15777 132892 62739 67663 122686 74288 67754 136626 57825 97588 54696 47081 59420 123823 29212 73006 134889 22749 149036 85065 104820 83048 130528 116918 38999 93897 55928 89991 32981 62352 0 135783 49107 119748 89345 40483 77717 144959 61377 25183 78547 35312 110540 146280 74317 130265 64945 99728 71943 45886 32913 57763 60098 95707 19223 151224 122459 83031 150607 152762 114810 118167 37222 74692 98015 121474 130408 61286 123327 147533 26132 38680 127062 36017 22464 63984 61972 136381 113386 95305 112625 28977 66885 106098 56332 95468 110770 95718 75662 131451 148429 88839 47714 97517 91349 88711 79785 43299 111728 126198 122525 91364 15221 63312 82354 52940 136601 144499 40013 58723 60603 135783 123668 122525 29212 95468 144959 73006 148429 89345 77717 15221 22464 96571 28977
88329 171612 140281 22858 93210 167137 42445 39914 99326 88178 87264 177225 96296 143875 117289 141988 89819 64811 159601 118458 9245 156847 38139 120219 102397 92340 12600 61353 147607 141481 135475 137751 110210 117081 91040 88716 135396 104077 38388 76089 77334 152697 137449 121393 159386 118649 114781 64742 124962 115173 134260 82149 81092 105498 98656 152130 134702 124304 152619 140460 34478 147696 55110 54315 132454 103245 147516 73085 151858 110391 164193 101566 135783 0 180139 161073 47428 134154 148310 30317 180858 152432 86138 106477 29354 106047 95465 36571 118040 58404 73483 106524 104125 167301 180239 168502 119739 38303 129591 87850 101781 52201 144074 75144 105688 75871 62845 55903 101342 112050 12666 77663 161792 150141 133313 112656 147158 111053 130451 1860 91330 76921 141670 133708 85266 53544 80697 56629 67196 146987 173645 104647 104091 84879 138101 158825 77994 89729 72830 163716 152043 162857 142016 84853 150768 78234 53915 105763 86867 9124 160941 88329 156847 0 39914 142016 134702 56629 30317 124304 104091 47428 148310 150768 147158 137751 133708
94640 29386 88298 193903 129160 28088 139334 171917 125072 124272 180030 14681 86447 128091 104021 91444 126930 121657 39019 65642 184215 48982 151895 74432 88866 117042 191579 133116 121442 69054 120037 100478 76506 63279 101601 99749 138997 107692 173431 116092 140596 55472 57953 146987 49033 83299 138367 115876 79567 153324 64942 146431 100227 95634 88969 124086 70889 84546 136820 39903 188238 82463 140701 129779 140134 136580 38781 125685 48717 136207 45285 110483 49107 180139 0 115025 132741 52718 74124 184688 23781 27713 108331 84419 157030 166990 100835 168525 81484 135443 109804 76879 76444 34984 22401 81781 68325 189833 132319 111071 173104 188509 117465 147080 74749 123736 147026 155589 151313 82341 167483 176632 27211 35667 135909 68660 32983 84884 71107 180493 137219 125498 116134 48066 100792 142247 103800 132646 142421 94598 52405 151321 169980 117041 53968 89886 140382 114985 115009 22259 110095 121880 127129 119181 38742 102927 128398 80899 162388 189131 23153 94640 48982 180139 171917 127129 70889 132646 184688 84546 169980 132741 74124 38742 32983 100478 48066
93424 85936 33861 160812 68501 131321 123869 179124 62081 72896 105412 126288 90987 23377 45915 30003 170170 101571 76692 83402 169413 66687 122941 66324 74593 69252 173360 100207 15914 51735 26658 27063 79050 97244 78574 135177 38102 58896 179447 88876 174792 60921 135338 54421 66190 58472 53461 112728 55103 63837 61972 183387 120125 148818 80819 13975 147476 51093 25444 98569 146564 34963 105979 139521 41113 62040 84830 88613 68650 191927 145297 162157 119748 161073 115025 0 126548 79278 42994 145809 94318 105205 80198 134578 155557 81604 72968 129545 61025 103053 100222 86545 109408 80061 95221 35320 127308 145707 37767 76366 89895 135510 17593 89818 98061 155408 170984 108738 72139 67901 151102 108349 125236 86868 37246 92086 103132 66437 58495 160202 72423 84442 19667 90792 89174 107531 129768 106090 94871 24134 65021 69734 85560 77511 72317 25142 175040 72614 94584 94676 9783 6867 24214 76966 126418 103300 135291 80115 90494 169120 95601 93424 66687 161073 179124 24214 147476 106090 145809 51093 85560 126548 42994 126418 103132 27063 90792
42060 124731 100327 62723 65694 120708 10788 52648 70023 57815 87200 130197 49643 113951 80667 102752 63762 25164 113089 71626 52226 111140 28018 75586 58486 58684 59172 32386 115574 97820 103743 100631 64264 69654 49339 46989 109549 67685 53088 37782 59038 107575 92806 99836 113756 76017 90549 17704 82132 96888 89374 67203 35052 66689 53742 120474 92394 82621 124381 93032 61735 106670 32545 19132 107273 79037 100423 41058 105930 88395 119294 68451 89345 47428 132741 126548 0 87394 105783 57231 133758 105044 46471 63484 29715 95152 54657 45520 74843 30930 28517 59808 57046 120685 133093 127158 74685 64530 102054 50213 94611 70124 111189 58221 58273 45838 49468 47422 83994 68120 34762 78398 115100 102973 106653 65367 99758 67693 86344 47752 67920 45661 108546 86369 40900 32404 37431 25028 47256 108444 128465 86886 94960 49927 91888 119132 59554 54605 31996 116396 116891 129805 111955 51149 104503 31304 15075 60032 77343 56472 113582 42060 111140 47428 52648 111955 92394 25028 57231 82621 94960 0 105783 104503 99758 100631 86369
45860 37468 46129 145185 76750 56748 91899 134073 73049 71585 127426 57387 37864 84915 54044 49988 103699 71664 25822 15771 139580 26254 102250 22100 36422 64381 146302 81779 79982 27719 74946 56880 24850 23561 49344 69187 92915 55584 135209 64436 113206 25828 56146 97872 28936 31827 88398 69706 29685 103140 17518 120904 61178 76264 37412 83856 68745 35083 95362 20141 137810 44601 89514 89895 93346 85119 14355 73501 20643 121326 67883 91349 40483 134154 52718 79278 87394 0 37454 134607 47008 30326 56044 61626 115115 115543 48193 117891 29616 84308 60976 27638 40083 33307 46537 56902 50462 139079 85249 58468 121226 136649 75177 94373 31728 93673 114889 103571 99666 29649 121600 123915 50003 17413 89519 23495 26400 32236 22418 134205 84806 73015 73150 11514 50268 91138 68428 82282 90006 55298 44126 99976 118321 64402 7745 57296 113226 62267 64337 31768 71399 85764 83490 66501 48196 56101 87236 29429 109853 143277 29871 45860 26254 134154 134073 83490 68745 82282 134607 35083 118321 87394 37454 48196 26400 56880 11514
65486 46426 15063 154138 68135 88454 106700 157204 62206 67223 117359 84242 60088 53990 37938 17592 136629 83655 35108 45383 155352 25172 111758 31776 47356 60518 160904 88402 47357 10178 46523 27019 45286 58332 57368 101225 65528 48077 157967 72296 143968 18685 93462 75693 25501 29856 68665 89045 23657 83321 21547 152204 89072 111644 52605 50235 106198 24092 62818 55909 143114 8398 95827 114008 67015 70422 41837 77265 26032 156259 102308 126114 77717 148310 74124 42994 105783 37454 0 140984 56204 62218 62227 97000 135415 99182 52854 123699 30948 91362 77276 52407 72961 40107 56767 22074 87421 143392 59586 61213 106449 137065 43345 90173 62232 124141 143022 105165 84817 37882 136595 116696 82292 43912 62654 54822 60181 38096 20977 147904 75399 74618 42081 48826 64897 97556 97968 91913 90213 20545 31564 83903 102695 65470 30008 19842 144097 61206 75653 52714 36499 49754 53085 66415 83537 76701 110400 48216 99827 157192 53254 65486 25172 148310 157204 53085 106198 91913 140984 24092 102695 105783 0 83537 60181 27019 48826
90050 171496 130493 15646 77600 176013 47632 69695 84162 75097 59171 184164 98256 126091 105836 131431 113282 63137 158603 119725 38680 154049 32830 116987 99323 80989 36888 53494 131060 135875 119276 125509 109762 121862 86562 103964 115545 93517 68318 70826 102889 148929 149712 99953 156363 112875 95196 70672 119061 92474 130761 108839 91907 123060 97253 135147 149620 117123 133446 144912 4851 138692 45741 71577 112370 84566 148781 63881 149661 135809 175960 122323 144959 30317 184688 145809 57231 134607 140984 0 181460 157520 80377 120711 53855 80655 89625 17292 112982 50718 74907 108032 112072 166419 181072 159132 131540 8510 111017 80146 75218 21968 128272 56080 110518 97180 88977 37178 79165 108308 33192 49974 170018 151692 114028 116046 152180 106648 125940 28471 73462 66369 126145 136738 84402 44030 94597 52334 51756 135573 169409 82409 78124 75530 136979 148047 103536 79806 70270 165911 137585 146457 124400 74595 160177 82359 69384 105179 62367 32581 163527 90050 154049 30317 69695 124400 149620 52334 0 117123 78124 57231 140984 160177 152180 125509 136738
92750 10507 71158 192191 118410 49662 138764 177872 113494 114881 169362 38117 84645 109620 90553 73781 138885 118645 23891 62484 185975 31955 149223 65571 82455 107585 192878 128334 102445 53681 102710 83220 71754 65270 95426 108013 121696 96752 179189 110915 151142 38702 73885 131550 30922 72510 123852 116176 67525 138738 53196 157826 104545 108123 84211 104551 87759 71765 117433 43739 184562 64109 136108 134197 123218 123820 33346 119375 34130 151313 67003 123554 61377 180858 23781 94318 133758 47008 56204 181460 0 36210 101980 95126 160502 153724 93394 164618 71346 130953 107939 74438 81068 16688 1470 59863 79729 185708 115757 103629 160481 182518 98928 138327 76052 132846 155591 149424 138578 74211 168251 167119 46654 30809 118853 68476 39764 76352 59129 180969 126331 118335 97939 47831 97240 137762 110030 129182 135305 75899 29794 138131 157010 109304 44732 69338 151022 106402 111231 18758 90465 101090 108890 111123 55758 102630 132067 76340 151581 189974 22071 92750 31955 180858 177872 108890 87759 129182 181460 71765 157010 133758 56204 55758 39764 83220 47831
67620 32646 73965 166409 106281 26762 111769 144885 102955 100489 156401 27846 59520 113797 84353 77637 102904 94712 31865 40000 156513 40402 124692 52199 64073 93461 163868 106700 108215 54245 104337 85543 51215 35748 76301 73335 122688 85524 146345 90031 115601 44862 38591 128170 41972 62129 118724 88260 59870 133456 46464 122026 72649 71981 63237 111683 52647 65234 123762 12750 161178 70395 114152 102297 123282 115247 20401 100035 37009 115166 40212 87375 25183 152432 27713 105205 105044 30326 62218 157520 36210 0 82984 59316 129450 145613 76307 141595 59849 108895 82625 50408 48814 33912 34949 76697 43650 162897 115212 86293 151080 162234 103647 122525 47202 97850 120940 129575 129688 59013 139778 152258 20245 18406 119350 41572 5343 61727 52125 152794 114294 100300 101839 22195 74266 115648 76649 105764 116986 82172 52830 130109 148298 92320 34719 81091 115447 90846 88385 18263 98413 111972 112509 94617 22786 75448 100800 55322 139041 161419 15072 67620 40402 152432 144885 112509 52647 105764 157520 65234 148298 105044 62218 22786 5343 85543 22195
22149 91768 54614 92588 29355 106108 45195 99119 30136 20991 74582 110797 27009 69374 34283 56728 95892 22058 78633 43009 93391 73687 49723 36723 19640 16675 98738 26898 70004 55964 58588 54165 31884 50443 6730 64303 67748 21672 99537 10069 97389 68574 89336 62510 75987 32885 52012 33016 39186 63119 50389 106063 46682 82885 19825 74958 95805 38175 80364 70344 83102 61672 34636 59817 66132 42678 70394 17465 69400 119824 111507 92466 78547 86138 108331 80198 46471 56044 62227 80377 101980 82984 0 71722 75877 69227 9427 63208 32715 29741 20831 33285 49749 86424 101722 82460 73352 83987 59541 5546 72660 80661 65387 39899 41614 79148 91771 47558 53928 28011 74616 69585 99424 73456 64459 43114 77893 26272 45620 85698 35992 17322 62707 60861 13747 36348 56123 29699 34101 62225 89178 55653 70901 10450 57248 73386 97733 12026 14494 87811 70497 83730 67373 13022 92499 26841 55453 27663 58075 94983 85847 22149 73687 86138 99119 67373 95805 29699 80377 38175 70901 46471 62227 92499 77893 54165 60861
49653 89580 100980 125134 101073 64092 73492 89542 101429 92590 141192 76819 47173 132835 95521 104737 43820 68028 83061 51815 108108 86987 90244 68272 63557 88145 116048 82226 130448 86823 121622 108387 55777 38734 67682 17847 135590 88096 91251 72012 56347 87430 31537 133404 89532 76537 122809 53010 79475 134752 75454 62727 29981 14680 57927 135127 28911 83662 144191 52198 125216 102596 87342 52194 134690 114280 67174 82301 81540 59701 58121 29797 35312 106477 84419 134578 63484 61626 97000 120711 95126 59316 71722 0 79075 140375 71834 108279 73848 82961 56618 48457 25295 88515 93957 117956 16106 127964 127137 77181 142893 132432 125348 106881 36648 39518 62862 104569 125478 67519 94620 134002 60192 68092 132082 42651 55367 69527 77096 107357 107408 85236 122808 52550 57991 88189 26215 77410 97380 110865 104137 127329 141666 81814 69267 116248 56174 83650 66399 76462 125373 140250 130995 84333 47964 47446 52756 55587 126843 114671 73121 49653 86987 106477 89542 130995 28911 77410 120711 83662 141666 63484 97000 47964 55367 108387 52550
70933 151978 130011 51373 91896 141573 32116 24011 96984 84822 101552 152655 78012 141732 109836 132390 60699 54038 140937 99416 29165 139720 40790 104895 88072 86807 37181 57394 143948 127290 131944 130002 93041 95357 79023 61234 135982 96683 24042 66718 49151 136510 110497 124540 142374 105695 116109 46588 111779 120205 118509 54994 56807 76765 83125 148783 106615 112334 151744 118202 58662 136384 54282 27493 133445 104337 127414 68019 134379 82203 137178 72230 110540 29354 157030 155557 29715 115115 135415 53855 160502 129450 75877 79075 0 115143 84290 51061 104468 55040 58150 87925 80641 148357 159723 156857 93325 62360 128966 79250 112809 73458 139747 79538 84455 46546 35122 63473 106587 97654 20756 91940 136670 129749 133328 92198 124337 97320 115751 30714 92574 72548 137144 112686 70521 53332 54297 50488 69256 138028 157283 109740 114113 78231 120195 148822 49803 83070 61392 142525 145984 158510 139758 79096 125130 59777 28655 88993 96073 36372 139527 70933 139720 29354 24011 139758 106615 50488 53855 112334 114113 29715 135415 125130 124337 130002 112686
91276 143333 84373 96145 40531 171116 86315 138085 42762 48286 25577 172927 95979 58310 63280 82887 157338 75571 130300 107233 115292 121794 74372 93468 83711 54048 115990 63379 65765 100052 57477 73678 96413 117740 74468 130599 43992 60107 137487 68559 154164 115098 158138 27188 123056 83892 30775 92556 87436 17769 102103 162352 112892 150370 87023 68035 165029 82574 61092 133908 79276 92766 62771 114028 40769 30451 128493 58918 119918 182121 178845 157809 146280 106047 166990 81604 95152 115543 99182 80655 153724 145613 69227 140375 115143 0 72003 69477 85951 64355 84641 100417 118964 137044 154003 108366 142550 76952 44227 64076 8322 63100 65560 36935 110299 139381 144171 51880 15968 86789 100996 32014 164292 131553 44382 110263 141138 84036 95930 104531 33252 55411 64672 123938 82686 63192 121277 70485 47905 83627 130637 15675 3961 58839 113082 95363 154669 57928 74693 144816 76807 79313 57391 56275 159215 93346 109647 93374 19316 111465 143885 91276 121794 106047 138085 57391 165029 70485 80655 82574 3961 95152 99182 159215 141138 73678 123938
22966 83090 45767 101977 31477 100415 54192 107201 30226 24477 80168 104145 24927 64241 27457 48101 99862 31019 69851 36451 102616 64556 59148 27862 12259 17979 108062 36212 63955 46546 53132 46367 25230 45797 5611 66690 64489 16694 107712 19474 102675 59308 86265 61630 66809 23462 51040 39801 29760 63644 41254 111337 49704 84071 15068 68913 93945 28849 75490 63876 92254 52546 43903 66557 63282 43330 62456 26122 60412 123201 107033 94876 74317 95465 100835 72968 54657 48193 52854 89625 93394 76307 9427 71834 84290 72003 0 72409 23367 39089 27285 28432 48157 77607 93196 73293 71369 93033 56076 10299 76334 89129 59127 46313 38566 83817 98097 56052 56201 19184 83843 75999 93646 65555 61053 38319 71378 17179 36315 95050 39092 24973 56433 54116 16592 45625 59421 39112 41981 53798 79831 57439 74111 16210 48718 64580 102974 14645 23136 79853 63195 76962 62267 18370 87597 30955 62350 21626 63015 104339 78062 22966 64556 95465 107201 62267 93945 39112 89625 28849 74111 54657 52854 87597 71378 46367 54116
73977 154581 113314 31330 61088 161003 34957 71339 67596 58078 51648 168568 82116 110515 88757 114321 106375 46892 141612 103234 45815 136895 18074 99881 82311 63809 46899 36382 115102 118596 103172 108591 93045 106124 69474 92371 100755 76317 70379 53783 97988 131716 136067 85896 139188 95612 80183 56407 101786 79151 113596 104875 78697 112207 80483 119337 137084 99831 118427 128913 19948 121470 28601 62429 97674 69097 132134 46596 132567 130081 161914 113338 130265 36571 168525 129545 45520 117891 123699 17292 164618 141595 63208 108279 51061 69477 72409 0 95751 33682 59082 91685 97373 149425 164263 141959 117926 21310 95669 62868 65324 24669 112093 40445 94921 89218 85072 20945 65434 91186 32961 41943 154850 135081 98982 100029 136270 89476 108716 35060 57586 49090 109886 120480 67867 26912 82640 35878 34894 118567 152154 68736 67541 58239 120033 130990 98604 62536 53653 149359 121108 130504 108760 57326 145434 67086 59419 88474 50323 42371 147053 73977 136895 36571 71339 108760 137084 35878 17292 99831 67541 45520 123699 145434 136270 108591 120480
35001 60889 28377 125299 47741 85918 76066 126347 43619 43567 98747 86982 30708 60064 25197 31807 109585 53230 47505 24782 124822 41433 82360 7769 16422 36264 130601 59576 56865 23446 49156 34541 18088 38332 27078 74349 65626 26208 127081 42624 115360 35983 79339 68797 43597 2787 59047 58136 7363 73665 18291 123809 60205 87910 21929 61432 89798 9939 71238 48688 115565 32749 67269 83466 65594 55514 42739 49299 37632 130944 95606 101133 64945 118040 81484 61025 74843 29616 30948 112982 71346 59849 32715 73848 104468 85951 23367 95751 0 62444 46331 25539 48570 55111 71290 52592 68206 116271 57518 33066 91754 111781 51773 66983 37206 95657 113264 78871 70103 7309 106113 95948 79111 45838 62122 32057 55615 7151 12973 117725 55788 47600 49320 38825 33950 68991 69601 62187 64362 38040 56469 70366 88773 38378 27619 46181 115549 35136 45209 59599 51632 66482 58360 40002 75680 46064 79732 19241 81029 127013 58334 35001 41433 118040 126347 58360 89798 62187 112982 9939 88773 74843 30948 75680 55615 34541 38825
41590 120901 82249 62913 36936 129650 23310 79039 42334 30447 59010 136255 49464 87327 58889 83771 93318 15333 107935 69898 66462 103348 20575 66271 48634 33976 70903 2985 90234 85588 78097 79347 59490 73934 35844 69813 80963 45708 78951 20113 89836 98309 107476 69788 105678 62507 61097 30488 68769 66223 80074 98084 53195 90210 46902 94933 110702 67288 96995 96153 53630 89963 5261 49676 78406 49347 98595 14685 98944 118113 132244 95365 99728 58404 135443 103053 30930 84308 91362 50718 130953 108895 29741 82961 55040 64355 39089 33682 62444 0 27880 58594 67407 115748 130610 110721 89754 54778 74079 30157 64293 53436 86390 27446 63134 75302 80321 21941 53129 57597 48050 51223 123267 101569 78357 67409 103610 55981 75361 57703 37724 18618 83896 87388 34667 6832 59956 6214 16500 88645 118912 56075 64348 26560 86352 100616 90335 31362 20512 115885 93855 105249 85387 26449 114654 36943 45293 54938 47095 66863 113655 41590 103348 58404 79039 85387 110702 6214 50718 67288 64348 30930 91362 114654 103610 79347 87388
15282 98419 72307 84464 47459 102186 31052 80408 49714 38710 84669 109487 23505 90196 54492 74930 75638 12622 86186 45494 79494 83425 42094 47248 29970 36530 85825 26470 90655 69336 79364 73644 36733 47050 21709 46000 88320 42376 81034 16332 76583 79507 79670 81901 85989 47551 71626 12516 53631 81340 61166 85254 28253 65758 25418 95616 83478 54291 101195 70005 78560 78349 32900 39312 86567 61343 74742 25862 78387 99900 104372 73627 71943 73483 109804 100222 28517 60976 77276 74907 107939 82625 20831 56618 58150 84641 27285 59082 46331 27880 0 33572 39528 93921 107411 98730 62091 80345 80202 25899 86581 80864 85958 50269 35855 58564 71070 49784 70512 39620 61087 77800 95921 77523 85087 41147 77288 39180 57904 73430 52533 29247 83267 61966 12383 34155 36935 23578 40892 80792 100454 72753 85620 28319 64630 91051 76934 31851 9952 91526 90458 104077 88196 30480 86950 9294 35071 32282 70283 82595 88990 15282 83425 73483 80408 88196 83478 23578 74907 54291 85620 28517 77276 86950 77288 73644 61966
18323 65087 53455 118016 59904 72829 64329 107745 58244 52737 107788 78020 10228 84557 47627 57060 84680 44897 53282 11954 111959 51857 75372 21019 17010 46411 118664 56333 81995 42709 73400 60038 7525 17387 26871 49270 88302 42328 108761 39652 91561 49123 58155 88344 54530 28166 77901 42106 31731 91340 32176 99814 36797 62393 13628 86670 66811 35454 95880 37660 111467 56432 63855 63636 87737 71325 41181 49837 46468 105535 78654 75640 45886 106524 76879 86545 59808 27638 52407 108032 74438 50408 33285 48457 87925 100417 28432 91685 25539 58594 33572 0 23169 60888 73881 74423 44453 112986 79908 37371 104736 111846 76895 73184 11895 71735 91018 79175 84576 19065 93963 102858 66162 43951 84768 9927 45176 21160 31436 106589 67505 50504 74362 28813 23927 65385 45561 55816 66857 63277 69581 85705 102543 43297 32269 70203 91692 42867 38132 57990 77171 92017 82751 45770 59365 28504 60596 7566 91004 115647 55520 18323 51857 106524 107745 82751 66811 55816 108032 35454 102543 59808 52407 59365 45176 60038 28813
27983 73550 75952 119441 78767 63990 64871 96846 78303 70684 122805 73158 23257 107652 70488 79665 64040 52111 64444 27617 107851 66321 79590 43201 38778 65414 115308 65938 105164 62846 96464 83111 30490 16700 44710 29122 110872 63843 98200 52390 73124 65543 40362 109674 68992 51250 99106 41422 54336 111758 51562 80847 23862 39414 33528 109835 46070 58412 118993 37782 116129 78036 72394 53592 110122 91362 49225 63137 60715 83381 64889 53267 32913 104125 76444 109408 57046 40083 72961 112072 81068 48814 49749 25295 80641 118964 48157 97373 48570 67407 39528 23169 0 71044 80147 94462 23613 118311 102435 54912 122321 120070 100064 87876 11366 53641 75339 89306 103536 42235 91528 116591 58168 51021 107348 18144 43699 44281 52519 104592 85715 65230 97530 33829 36607 73597 29089 62854 79566 85832 84129 105083 120643 60178 47200 91782 73143 61192 48081 62585 100143 115014 105829 62751 48118 30604 51988 30390 107178 113020 59444 27983 66321 104125 96846 105829 46070 62854 112072 58412 120643 57046 72961 48118 43699 83111 33829
78976 6363 54886 177628 101857 55154 124948 166902 96869 98531 152758 47115 71092 93955 73865 57687 132180 104051 7817 49076 172847 15341 134519 49753 67114 91250 179510 113053 87022 37018 86596 67029 57266 54498 79990 99379 105611 80228 168099 95642 143273 22118 72265 115050 14607 56132 107231 102990 50981 122136 36849 150469 93619 102424 69430 89438 86309 55124 102251 36464 169368 48242 120838 122816 107022 107133 21849 103700 17578 146903 71567 117947 57763 167301 34984 80061 120685 33307 40107 166419 16688 33912 86424 88515 148357 137044 77607 149425 55111 115748 93921 60888 71044 0 16979 47069 74252 170373 99457 87757 143793 166687 83270 122021 64340 124273 146368 133646 121890 58460 154786 150644 50372 20463 102690 56304 35352 60456 42660 167309 109750 102442 82128 37249 82701 122517 100087 114333 119346 60249 19358 121446 140324 93322 29493 54919 143218 90243 96431 16962 75385 86912 93123 95056 56403 89384 120317 61808 134979 176425 19392 78976 15341 167301 166902 93123 86309 114333 166419 55124 140324 120685 40107 56403 35352 67029 37249
92200 10671 71678 191716 118476 48193 138192 176973 113616 114846 169457 36690 84074 110308 90791 74356 137696 118199 23942 61931 185300 32310 148783 65405 82166 107546 192231 128006 103178 53995 103288 83770 71331 64438 95147 106960 122286 96806 178300 110594 150018 39078 72515 131988 31389 72505 124210 115534 67603 139111 53199 156668 103676 106896 83819 105338 86374 71912 118213 42715 184203 64733 135775 133351 123775 124040 32730 119136 34256 150009 65533 122314 60098 180239 22401 95221 133093 46537 56767 181072 1470 34949 101722 93957 159723 154003 93196 164263 71290 130610 107411 73881 80147 16979 0 60883 78514 185377 116278 103447 160715 182303 99614 138270 75287 131775 154557 149202 138807 74019 167622 167132 45192 30120 119419 67772 38590 76193 59175 180363 126414 118152 98592 47037 96798 137424 109073 128774 135135 76577 30873 138394 157268 109149 44494 70202 149893 106301 110823 17695 91252 102006 109556 110992 54342 102005 131258 75917 151677 189352 20982 92200 32310 180239 176973 109556 86374 128774 181072 71912 157268 133093 56767 54342 38590 83770 47037
87416 52395 28645 172902 83342 101201 127473 178931 76924 84184 129347 94166 82154 54568 53468 27929 158356 104309 45498 66852 175851 36298 131282 53849 68996 78151 181099 107737 46614 31792 51279 35598 67350 79232 78178 123010 68657 65649 179648 92458 165966 32489 111442 82389 34907 51186 77751 110700 45230 91163 42921 174166 111131 132635 74446 47380 124773 44602 60061 73093 160883 20806 114866 135949 71006 82451 57352 96239 40089 177496 116644 147367 95707 168502 81781 35320 127158 56902 22074 159132 59863 76697 82460 117956 156857 108366 73293 141959 52592 110721 98730 74423 94462 47069 60883 0 107363 160824 65035 80720 116257 153200 44559 105908 83966 146138 165095 122492 95708 59702 157077 130105 95722 58577 66612 76337 75873 59686 43026 167992 89724 93099 44617 67632 86396 116577 119978 111882 107573 25130 30137 94131 112161 84285 49159 13020 166087 79678 96385 63144 33973 41841 54453 84839 99202 98586 132283 70280 112512 177254 64726 87416 36298 168502 178931 54453 124773 111882 159132 44602 112161 127158 22074 99202 75873 35598 67632
51560 74781 93447 137262 102278 48549 83911 105142 101591 94264 146172 60864 46660 128241 91911 97312 59264 74434 69398 44040 122052 74395 99882 61584 61175 88868 129888 88535 124960 77340 117237 102169 50883 30143 68194 32657 132694 86532 106800 75806 72339 75715 18175 132549 76810 70988 122031 61554 72760 135008 66136 78483 39671 28420 56456 129415 22576 77515 139442 37807 135857 93832 94551 65968 132179 114686 53597 86513 69171 72672 44642 43913 19223 119739 68325 127308 74685 50462 87421 131540 79729 43650 73352 16106 93325 142550 71369 117926 68206 89754 62091 44453 23613 74252 78514 107363 0 138345 124322 78479 145932 141415 119887 111297 32996 55579 78922 111688 127072 62851 107536 139730 44301 54096 129159 36191 40036 65245 68864 120482 109298 88753 117479 40078 60194 95624 39149 84768 102702 103227 90877 128563 144251 83786 58204 107129 72146 84717 71156 61225 118543 133365 126509 86359 32215 52860 65846 52016 130723 128215 57885 51560 74395 119739 105142 126509 22576 84768 131540 77515 144251 74685 87421 32215 40036 102169 40078
95282 175613 132267 20174 78221 182095 54553 77957 84803 76652 54086 189826 103426 125240 107363 132964 121639 68200 162570 124508 46281 157589 38721 120710 103298 82966 43640 57374 130618 138800 119063 126569 114247 127395 90384 111455 113993 95503 76535 74795 111372 152250 156518 97906 159831 115973 93983 77072 122057 89958 134287 117347 98827 130776 101667 134517 156866 119785 132012 150219 3839 140631 49601 79546 110754 83884 153349 66973 153382 144268 182591 130420 151224 38303 189833 145707 64530 139079 143392 8510 185708 162897 83987 127964 62360 76952 93033 21310 116271 54778 80345 112986 118311 170373 185377 160824 138345 0 110011 83227 70919 15151 128116 56000 116159 105397 97482 38344 77089 111997 41702 45390 175993 156310 112714 121334 157570 110185 129243 36444 73332 68977 126105 141786 89148 47955 101961 57187 53301 136806 172487 80249 74135 78244 141054 149385 112018 82249 74925 170604 137816 145956 123626 77061 166420 88210 77184 109684 59484 39558 168321 95282 157589 38303 77957 123626 156866 57187 8510 119785 74135 64530 143392 166420 157570 126569 141786
79042 105814 44601 126424 37149 141894 96891 152974 32076 44304 67646 140685 80009 15315 32561 42105 155365 77236 93697 82173 138414 84202 92146 65122 63667 43967 141385 71601 21857 63267 13787 32592 73542 95286 61086 122756 8454 39394 152960 65340 156728 77444 136675 17420 84900 54816 16133 91852 55605 26544 68841 165388 105596 139916 69213 24931 146501 50199 23060 105249 111241 52017 75754 118090 8108 26572 95821 61171 83649 179072 152771 150951 122459 129591 132319 37767 102054 85249 59586 111017 115757 115212 59541 127137 128966 44227 56076 95669 57518 74079 80202 79908 102435 99457 116278 65035 124322 110011 0 54306 52436 98861 21338 55225 91633 138684 150212 74750 34525 61708 120957 70776 135199 98614 4977 88406 111621 59185 63088 128493 38303 56576 20604 95697 72113 77068 115240 78501 62406 41265 89872 32005 48152 52674 80595 52041 157093 48508 72011 110202 32596 36508 13886 51097 132879 86167 113586 72369 53014 136973 110002 79042 84202 129591 152974 13886 146501 78501 111017 50199 48152 102054 59586 132879 111621 32592 95697
27552 93298 52433 92959 23949 109988 47930 102758 24591 15793 70486 114138 31924 64573 30589 54236 101261 25219 80024 46321 95421 74470 50633 38063 22271 11129 100437 27192 65567 55730 53952 50880 35086 54705 10570 69841 62452 17476 103090 12533 102466 69029 94210 56968 76660 32766 46478 37781 38918 57610 51213 111134 52203 88422 23745 70502 100982 37157 75446 73767 82592 59926 34650 64433 60767 37158 72745 16284 70470 125264 115931 97996 83031 87850 111071 76366 50213 58468 61213 80146 103629 86293 5546 77181 79250 64076 10299 62868 33066 30157 25899 37371 54912 87757 103447 80720 78479 83227 54306 0 67765 78932 61070 36232 46383 84402 96493 45900 48639 29429 76690 65968 103257 75841 59199 47286 81297 27306 46029 87301 30827 14706 58409 64102 19255 36381 61613 31234 31698 59467 89312 50280 65865 6028 58986 71040 102822 6491 18409 90146 66749 79609 62569 8412 96734 32322 60009 31158 53637 96550 88339 27552 74470 87850 102758 62569 100982 31234 80146 37157 65865 50213 61213 96734 81297 50880 64102
94412 150045 91766 90506 45035 176239 85244 135256 48177 52066 17941 178582 99638 66618 69928 90433 157611 76670 136909 112176 111001 128613 72085 99127 88316 58386 111205 63692 74042 106884 65563 81333 101182 122118 78302 132252 52313 65641 134545 70882 153604 121964 161963 35491 129964 89826 38519 93574 93697 26060 108386 161630 114706 152284 91191 76349 168281 88989 69357 139161 73474 100248 62067 113676 49091 36692 134457 60720 126529 182406 183367 158992 150607 101781 173104 89895 94611 121226 106449 75218 160481 151080 72660 142893 112809 8322 76334 65324 91754 64293 86581 104736 122321 143793 160715 116257 145932 70919 52436 67765 0 56609 73752 37069 114148 139595 143035 49355 21910 92086 97586 25540 169425 137540 52688 114643 146483 89359 102219 100194 37244 57661 72804 129207 85776 62261 122727 70502 47836 91403 137975 22547 4367 62210 119138 103274 154131 61904 76655 151014 84983 87634 65682 59639 163892 95543 109395 97907 17268 106704 149961 94412 128613 101781 135256 65682 168281 70502 75218 88989 4367 94611 106449 163892 146483 81333 129207
95020 172217 124975 35322 69866 182996 59474 91111 76335 69850 39341 189673 102889 114175 99933 125277 130706 68274 158956 122868 60649 153190 42314 116982 100297 76718 58561 55538 120053 133414 108894 118194 112107 127368 87324 116833 102135 89013 89827 72420 121666 147480 159466 85590 155282 111135 82728 79926 116963 77186 130043 128188 102634 136778 99569 123680 161117 114120 120187 149485 18508 133542 48209 87045 98844 73485 151004 63202 149354 154125 184918 137991 152762 52201 188509 135510 70124 136649 137065 21968 182518 162234 80661 132432 73458 63100 89129 24669 111781 53436 80864 111846 120070 166687 182303 153200 141415 15151 98861 78932 56609 0 117957 47292 116507 113731 108283 33109 64978 108313 53470 31140 176657 154046 101156 120819 156970 106237 124634 50367 63948 64246 116121 140545 87970 46810 107038 57300 47432 128617 167149 67993 60054 73411 137810 141270 122296 76827 73923 168406 128131 135224 112672 71816 167809 89485 84084 107649 46730 54368 166350 95020 153190 52201 91111 112672 161117 57300 21968 114120 60054 70124 137065 167809 156970 118194 140545
80945 89519 29732 143326 51148 130343 107812 163513 44819 56018 88611 127257 79717 10694 31693 26220 158318 86047 78446 76000 152532 68513 105990 58356 62901 52983 156280 83606 5100 49544 9069 18299 69663 89832 64701 123979 24099 43727 163741 73409 161781 62000 129934 38668 68715 49014 36324 98345 47341 47879 57740 170436 107987 139118 69062 9898 141135 42394 20189 95232 128989 35054 89072 125181 26504 44473 83437 72167 69070 180921 142890 151635 114810 144074 117465 17593 111189 75177 43345 128272 98928 103647 65387 125348 139747 65560 59127 112093 51773 86390 85958 76895 100064 83270 99614 44559 119887 128116 21338 61070 73752 117957 0 72249 88749 142770 157026 91245 55047 57830 134374 91128 123892 85916 22159 83814 100772 55868 52935 143155 54851 67856 2695 86437 75684 90584 117730 89767 77530 23040 71364 52813 69480 61518 69190 31799 162071 56699 79470 95903 11265 18860 10085 60717 123345 90027 120835 69839 73238 152000 96225 80945 68513 144074 163513 10085 141135 89767 128272 42394 69480 111189 43345 123345 100772 18299 86437
59987 127863 77735 71319 22581 146001 49589 103078 29086 23518 34961 150370 66332 70130 52709 77986 120659 39719 114471 82548 84190 107824 39419 73154 58479 30774 86566 26652 74980 87243 63228 70988 71316 90293 46408 95451 60441 42434 102683 35495 117230 101772 128135 46332 109733 65892 39821 56550 71297 40876 85178 125424 78075 115627 59676 79087 133259 67905 78007 109989 56750 86338 25969 77102 57421 28656 108524 24795 104467 145456 151148 121962 118167 75144 147080 89818 58221 94373 90173 56080 138327 122525 39899 106881 79538 36935 46313 40445 66983 27446 50269 73184 87876 122021 138270 105908 111297 56000 55225 36232 37069 47292 72249 0 80992 102661 107354 19556 27106 64855 67759 29743 139308 111638 58571 83001 117523 62430 79405 73915 17400 22863 70176 100334 51487 26548 85827 33611 10970 81373 120788 30317 36921 30205 94193 94019 117735 32150 40518 125843 81820 90378 68402 27944 132322 59451 72735 67327 20154 82100 124190 59987 107824 75144 103078 68402 133259 33611 56080 67905 36921 58221 90173 132322 117523 70988 100334
21654 67621 64669 119207 69820 66516 64588 102566 68771 62128 115914 73675 14671 96451 59462 68361 74406 48297 57219 17393 110277 57769 77699 31930 28200 56321 117402 61264 93849 52209 85292 71747 19130 11470 35868 39047 100047 53539 103760 45993 82456 56228 47847 99553 60470 39890 89039 41147 43013 102122 41076 90460 29452 50757 23542 98504 55521 47048 107775 34873 114291 66994 68321 58487 99409 81881 43017 56676 52176 94448 70183 64398 37222 105688 74749 98061 58273 31728 62232 110518 76052 47202 41614 36648 84455 110299 38566 94921 37206 63134 35855 11895 11366 64340 75287 83966 32996 116159 91633 46383 114148 116507 88749 80992 0 62703 83318 84633 94628 30935 93022 110312 60151 45297 96515 8258 41865 33055 41546 105960 77118 58131 86226 28274 29667 69697 36948 59359 73572 74541 75701 95968 112208 52019 38149 80766 82530 52380 42857 58258 88781 103651 94645 54575 51754 28259 56110 19302 99664 114744 55372 21654 57769 105688 102566 94645 55521 59359 110518 47048 112208 58273 62232 51754 41865 71747 28274
62013 126261 124012 97358 105412 103362 56344 51216 108172 96759 132992 116321 64951 148008 111100 127328 18026 64364 117932 80095 75102 119926 73037 92591 80852 95087 83115 76035 147674 114373 136942 128346 78960 70328 78352 24917 146854 100120 53074 74270 19828 118848 70035 140106 122606 97864 129991 47750 102633 138751 103518 28157 35458 32187 74643 152617 63123 105369 159189 89153 102012 127907 77830 27043 145130 119318 102434 81664 114316 42812 95665 25697 74692 75871 123736 155408 45838 93673 124141 97180 132846 97850 79148 39518 46546 139381 83817 89218 95657 75302 58564 71735 53641 124273 131775 146138 55579 105397 138684 84402 139595 113731 142770 102661 62703 0 23345 93256 126835 88391 65948 124236 99678 103945 143592 70814 93468 89404 103171 77170 109485 85900 140082 87068 67232 77907 26185 69095 91779 133536 137763 129436 139577 86741 100606 141602 19960 90414 67473 114091 145678 160045 146024 88757 87404 52879 30769 76584 122382 82765 110793 62013 119926 75871 51216 146024 63123 69095 97180 105369 139577 45838 124141 87404 93468 128346 87068
78409 148666 141220 85593 114666 126618 57870 30171 118506 106454 133712 139657 82958 161065 125495 144271 29033 73134 139764 100517 59625 141061 71906 111246 97492 106279 67248 81853 161723 133608 150356 144122 97816 91984 92486 47645 158006 113415 32198 84890 14574 139446 93156 149106 143760 115197 139593 58758 120502 146351 123186 19911 54284 54623 91492 166683 85462 122575 171905 111852 93782 145974 81411 32126 155912 128237 124530 90034 135458 47547 118409 44562 98015 62845 147026 170984 49468 114889 143022 88977 155591 120940 91771 62862 35122 144171 98097 85072 113264 80321 71070 91018 75339 146368 154557 165095 78922 97482 150212 96493 143035 108283 157026 107354 83318 23345 0 94228 133439 105962 55842 124343 123008 126212 154959 91567 116452 106550 122125 64462 117315 94586 154334 109125 81817 80987 46465 74493 96443 150372 158984 136349 143726 97541 121466 159434 15232 101836 78296 136861 161202 175055 159061 99150 110722 67850 36627 94831 125844 67963 133589 78409 141061 62845 30171 159061 85462 74493 88977 122575 143726 49468 143022 110722 116452 144122 109125
62986 139139 93925 52081 40423 151093 37151 86210 46984 38311 39846 157171 70588 89570 69044 94654 111181 37273 125899 89972 65039 120305 22733 83913 67197 44669 67109 23425 94189 100911 82294 88448 79111 95167 54232 90708 79979 57189 85607 39556 105529 114716 129415 65522 122447 78345 59369 51667 84291 59336 97090 113267 74651 111113 66621 98402 132530 81743 97562 116831 38464 102290 17239 66448 76939 48178 117926 30095 116368 135772 154092 115084 121474 55903 155589 108738 47422 103571 105165 37178 149424 129575 47558 104569 63473 51880 56052 20945 78871 21941 49784 79175 89306 133646 149202 122492 111688 38344 74750 45900 49355 33109 91245 19556 84633 93256 94228 0 45480 75231 49410 30987 144630 120976 78128 88389 124350 73190 91783 54605 36643 31271 89072 107727 55473 16411 80775 27164 14968 98601 134658 48780 50673 40512 104708 111141 106089 44212 41776 135336 100427 109594 87814 39087 136312 58882 62497 74690 32660 62625 133313 62986 120305 55903 86210 87814 132530 27164 37178 81743 50673 47422 105165 136312 124350 88448 107727
76068 128139 70300 94799 24814 155151 76103 130179 26795 32942 33783 157052 80430 49735 48026 69193 144639 62503 115000 91269 110503 106724 66499 77576 67808 38309 112278 51633 56291 85005 46282 60342 80469 101868 58889 116487 37159 44166 129789 54220 142558 100088 142432 20828 108098 68098 18723 79366 71835 13867 86522 150933 98698 135955 71254 59438 149601 67091 55209 117949 78743 78877 52598 102394 33866 14786 112730 45325 104619 169329 162922 144082 130408 101342 151313 72139 83994 99666 84817 79165 138578 129688 53928 125478 106587 15968 56201 65434 70103 53129 70512 84576 103536 121890 138807 95708 127072 77089 34525 48639 21910 64978 55047 27106 94628 126835 133439 45480 0 70828 94623 36252 148327 115802 36313 94395 125191 68077 80352 100002 18094 41384 53674 107980 67553 53368 107409 58971 37435 70638 116377 3307 18677 43676 97362 82844 143030 42356 60649 129187 65992 71009 48402 41147 143270 78899 97914 77479 18537 107761 128183 76068 106724 101342 130179 48402 149601 58971 79165 67091 18677 83994 84817 143270 125191 60342 107980
27758 63908 35622 120164 47288 84335 69840 119321 44039 41937 97790 86640 23443 65584 29161 38984 102458 47323 50689 20967 118615 45756 77064 8716 9702 34735 124570 54819 62930 29723 54478 41143 11989 33591 21765 67306 70004 26736 120088 37522 108078 40914 75057 71620 48112 9511 61489 51187 14572 75696 22528 116538 52934 81378 14744 67612 84844 17021 76881 47123 111098 40029 62590 76269 69680 56612 43680 45241 41391 124029 92870 94327 61286 112050 82341 67901 68120 29649 37882 108308 74211 59013 28011 67519 97654 86789 19184 91186 7309 57597 39620 19065 42235 58460 74019 59702 62851 111997 61708 29429 92086 108313 57830 64855 30935 88391 105962 75231 70828 0 99972 94307 77510 46797 66472 26738 54401 2765 18414 111804 55319 44133 55297 37155 27261 64290 62367 56800 61125 45211 61759 71427 89371 35186 29562 53488 108270 32707 39353 60989 58397 73186 63803 37136 73008 38886 72581 12218 80252 121076 59359 27758 45756 112050 119321 63803 84844 56800 108308 17021 89371 68120 37882 73008 54401 41143 37155
75814 159046 129065 31452 84066 154698 30155 38415 89926 78358 84581 164656 83736 134828 106618 130926 81064 52944 147104 105885 18775 144506 28822 108035 90289 81966 24743 50912 138116 129525 125966 127109 97779 104415 79234 76970 127200 93334 37421 64636 69903 140469 125359 114026 147062 106829 106712 52102 113126 108484 122055 75672 68632 94419 86370 142750 123082 112684 144015 127795 37968 136285 45407 42705 124381 94999 134906 62584 139470 102938 152084 91565 123327 12666 167483 151102 34762 121600 136595 33192 168251 139778 74616 94620 20756 100996 83843 32961 106113 48050 61087 93963 91528 154786 167622 157077 107536 41702 120957 76690 97586 53470 134374 67759 93022 65948 55842 49410 94623 99972 0 74874 149295 137517 124912 100008 134501 99072 118386 13069 83014 66665 131902 121053 73012 43985 68641 45521 58784 136089 161424 97898 99444 74141 125650 147725 70555 79041 60957 151066 141892 153222 132925 74338 138357 65620 41880 93361 81680 21741 148285 75814 144506 12666 38415 132925 123082 45521 33192 112684 99444 34762 136595 138357 134501 127109 121053
88992 156620 103119 65091 48944 175687 68031 113172 54530 52458 9707 180103 95706 85957 78761 102672 142145 65976 143228 112288 86788 136086 52456 102441 88197 59748 86409 51780 92528 114953 82237 94511 101054 119878 76135 120997 72908 70435 112266 64396 136122 129806 156952 55953 137842 94630 54888 81694 99675 47047 113934 143679 104381 141407 89390 95679 161278 95817 90813 139731 48012 111831 47364 97383 69587 47748 137979 53657 133067 166699 180491 145932 147533 77663 176632 108349 78398 123915 116696 49974 167119 152258 69585 134002 91940 32014 75999 41943 95948 51223 77800 102858 116591 150644 167132 130105 139730 45390 70776 65968 25540 31140 91128 29743 110312 124236 124343 30987 36252 94307 74874 0 169009 141098 72385 112635 147264 91810 107999 75992 41339 52383 89622 130065 80664 46900 111109 57116 37036 105004 147966 38875 28914 59941 123412 117522 136695 61654 68578 155225 101910 107246 84648 57648 161849 87094 93471 97068 17898 81952 153664 88992 136086 77663 113172 84648 161278 57116 49974 95817 28914 78398 116696 161849 147264 94511 130065
81698 47189 94210 177607 124422 6826 123023 149416 121532 118094 173732 16671 74059 134029 103966 97876 101157 108431 50260 57302 164898 59569 137338 71364 81419 111281 172568 121338 128459 74478 124504 105777 68442 49481 92909 76860 142763 104234 151057 105458 115444 64558 31292 147785 60816 81520 138152 99509 79687 152756 66600 120783 80707 69967 79633 131911 43760 85080 144007 30458 173964 90526 128465 109177 143286 134096 40580 115880 56723 109221 21195 84330 26132 161792 27211 125236 115100 50003 82292 170018 46654 20245 99424 60192 136670 164292 93646 154850 79111 123267 95921 66162 58168 50372 45192 95722 44301 175993 135199 103257 169425 176657 123892 139308 60151 99678 123008 144630 148327 77510 149295 169009 0 38380 139401 56481 23604 80267 72148 162359 132344 116665 122078 40410 89231 129847 82436 119478 132910 102364 69728 148928 166824 109255 54888 100887 115181 108291 102899 33410 118591 132029 132730 111664 12352 87784 108472 72118 156661 170549 31238 81698 59569 161792 149416 132730 43760 119478 170018 85080 166824 115100 82292 12352 23604 105777 40410
62263 22539 56184 161952 93493 44593 108171 147493 89449 88682 144378 42103 54089 96229 68949 59758 111722 88616 15409 32055 155181 22442 119185 38773 53835 81431 162115 99077 90368 36372 87155 68013 42083 34760 66754 79033 105798 72045 148760 81776 122856 26485 53956 112434 24321 47715 103434 85422 44320 118340 29969 130016 74102 82101 54676 93685 67798 49479 105931 16358 154974 52159 106791 103623 106607 101110 3121 90911 18645 126761 58617 97610 38680 150141 35667 86868 102973 17413 43912 151692 30809 18406 73456 68092 129749 131553 65555 135081 45838 101569 77523 43951 51021 20463 30120 58577 54096 156310 98614 75841 137540 154046 85916 111638 45297 103945 126212 120976 115802 46797 137517 141098 38380 0 102544 37667 17353 49292 36023 150280 101552 90415 84221 17262 67290 108401 80110 99360 107411 64054 37062 115904 134478 81754 18501 62685 122795 79498 81452 14360 80254 93654 95026 83820 40630 71908 101382 46631 126725 159251 12568 62263 22442 150141 147493 95026 67798 99360 151692 49479 134478 102973 43912 40630 17353 68013 17262
84019 109033 47818 129516 41435 146069 101294 157340 36631 48849 68631 144560 84964 13931 37311 45072 160306 81922 97133 86833 142199 87513 96089 69674 68589 48774 144994 75936 21511 66882 16165 35661 78342 100027 66057 127732 3535 44371 157294 70121 161583 80785 141369 17197 88096 59399 18838 96680 59949 26633 72910 170239 110563 144883 74161 23685 151298 54549 19448 109575 114079 54848 79857 122844 4438 30073 99795 65689 87195 184034 157173 155928 127062 133313 135909 37246 106653 89519 62654 114028 118853 119350 64459 132082 133328 44382 61053 98982 62122 78357 85087 84768 107348 102690 119419 66612 129159 112714 4977 59199 52688 101156 22159 58571 96515 143592 154959 78128 36313 66472 124912 72385 139401 102544 0 93192 115852 63975 67253 132177 41993 61086 22024 100092 77077 81130 120203 82912 66214 43635 92404 33522 48342 57447 84671 53725 161952 53345 76815 113870 33300 35101 13067 55814 137301 91114 118333 77238 54839 140558 113768 84019 87513 133313 157340 13067 151298 82912 114028 54549 48342 106653 62654 137301 115852 35661 100092
26052 59781 58375 125368 69771 63098 71028 110668 67954 62660 117667 68854 17961 92054 55886 62159 82069 53141 49090 9486 117543 49511 83240 25794 26643 56294 124536 65293 88900 44703 81047 66307 14880 7479 36767 46867 96726 51705 111835 49023 90524 48047 48716 97588 52213 34832 87226 47920 37045 100884 33425 98455 37687 57140 23550 93422 58109 41547 103271 28888 119649 60033 72659 66531 96342 81002 35236 59400 43918 101470 68733 71334 36017 112656 68660 92086 65367 23495 54822 116046 68476 41572 43114 42651 92198 110263 38319 100029 32057 67409 41147 9927 18144 56304 67772 76337 36191 121334 88406 47286 114643 120819 83814 83001 8258 70814 91567 88389 94395 26738 100008 112635 56481 37667 93192 0 36257 29221 34504 112853 77406 60255 81373 21079 32918 74131 45170 64191 76430 68255 67443 95468 112424 53197 29908 73745 90584 52790 46901 51060 83024 97902 90319 55679 49449 34562 64021 16973 100922 121749 48316 26052 49511 112656 110668 90319 58109 64191 116046 41547 112424 65367 54822 49449 36257 66307 21079
62298 35007 71223 161071 101596 30364 106438 140030 98421 95648 151525 32909 54211 110773 80380 74968 99123 89391 32140 34976 151294 39794 119352 47898 59126 88671 158626 101432 105434 51700 101075 82560 46213 30408 71230 68809 119228 81031 141467 84819 111484 43583 37046 124206 41636 57982 114625 82937 56085 129280 43192 118081 67556 68455 58112 109050 51043 61481 120941 7550 155844 68191 108867 97250 119713 110833 18616 94878 35819 112206 42252 83935 22464 147158 32983 103132 99758 26400 60181 152180 39764 5343 77893 55367 124337 141138 71378 136270 55615 103610 77288 45176 43699 35352 38590 75873 40036 157570 111621 81297 146483 156970 100772 117523 41865 93468 116452 124350 125191 54401 134501 147264 23604 17353 115852 36257 0 57137 48617 147510 109586 95214 98878 17317 69000 110356 71793 100446 111849 79751 53631 125688 143764 87325 31586 79444 111350 85958 83099 21189 96009 109838 109426 89646 23459 70108 95682 50245 134227 156154 17850 62298 39794 147158 140030 109426 51043 100446 152180 61481 143764 99758 60181 23459 0 82560 17317
28161 66000 34726 118707 44603 87093 68994 119244 41291 39393 95190 89326 24585 63397 26678 37942 103761 46250 52718 23702 117764 47423 75670 10791 9311 32159 123601 53161 60963 30453 52243 39527 14372 36176 20289 68752 67509 23973 119966 35992 109022 42341 77670 68910 49715 8663 58756 51018 14473 72940 24120 117524 53962 83254 15062 65693 87324 16045 74724 49873 109357 39662 60908 76499 67130 53849 46172 43301 43233 125584 95621 95994 63984 111053 84884 66437 67693 32236 38096 106648 76352 61727 26272 69527 97320 84036 17179 89476 7151 55981 39180 21160 44281 60456 76193 59686 65245 110185 59185 27306 89359 106237 55868 62430 33055 89404 106550 73190 68077 2765 99072 91810 80267 49292 63975 29221 57137 0 19507 110764 52643 42003 53304 39903 26801 62618 63495 55438 58955 44138 63063 68667 86629 32956 31824 52922 109229 30286 38240 63430 56853 71575 61592 34828 75764 39100 72715 13971 77623 120047 61860 28161 47423 111053 119244 61592 87324 55438 106648 16045 86629 67693 38096 75764 57137 39527 39903
45127 48625 24676 138169 59305 78819 88254 137028 54570 55896 110313 78053 39279 62534 32960 28567 115837 65687 35243 25304 137028 28562 95163 10996 28108 48632 142977 72507 57814 11625 52531 34648 24329 38934 39790 80407 70617 37631 137867 55455 122997 23010 77293 76438 30664 13544 67422 69179 8526 82343 6174 131246 68106 91634 32628 61852 89071 13470 73089 42560 128537 25530 80216 93486 71160 65580 33078 62271 25084 135898 90301 105785 61972 130451 71107 58495 86344 22418 20977 125940 59129 52125 45620 77096 115751 95930 36315 108716 12973 75361 57904 31436 52519 42660 59175 43026 68864 129243 63088 46029 102219 124634 52935 79405 41546 103171 122125 91783 80352 18414 118386 107999 72148 36023 67253 34504 48617 19507 0 130191 67259 60518 50838 33517 45595 81935 76994 74942 77202 34378 43577 80255 98986 51272 17625 39263 123129 47863 57694 48895 49988 64686 61089 52819 70586 56399 90008 27451 92536 139467 48085 45127 28562 130451 137028 61089 89071 74942 125940 13470 98986 86344 20977 70586 48617 34648 33517
88355 171670 139717 21165 92221 167749 42378 41759 98377 87318 85578 177725 96363 142838 116591 141379 91287 64515 159594 118532 10813 156726 37323 120020 102168 91592 13203 60664 146647 141171 134523 137037 110162 117373 90694 89628 134229 103405 40240 75637 78928 152513 138245 120119 159254 118293 113606 64933 124609 113820 134068 83822 81685 106595 98520 151149 135664 123873 151507 140768 32620 147187 54287 55245 131271 102105 147635 72388 151768 112001 164983 102867 136381 1860 180493 160202 47752 134205 147904 28471 180969 152794 85698 107357 30714 104531 95050 35060 117725 57703 73430 106589 104592 167309 180363 167992 120482 36444 128493 87301 100194 50367 143155 73915 105960 77170 64462 54605 100002 111804 13069 75992 162359 150280 132177 112853 147510 110764 130191 0 90211 76165 140765 133918 85120 52699 81497 56112 66126 146333 173453 103308 102540 84223 138060 158221 79588 89056 72526 163910 151212 161919 140987 84144 151398 78376 54709 105696 85378 9291 161157 88355 156726 1860 41759 140987 135664 56112 28471 123873 102540 47752 147904 151398 147510 137037 133918
58087 115824 62094 88638 8060 139147 61033 116505 13197 15035 43055 141960 62741 52950 37464 61943 127167 45157 102473 75050 100206 94995 54209 62816 51092 21146 103083 35729 57608 73696 45829 54386 63992 84883 41256 98462 44190 29678 116315 36209 125762 88625 124964 32067 96675 54170 23736 61811 58812 29291 73315 134239 80664 117871 53990 61769 131782 54696 61296 102197 74141 70794 38410 85763 41374 11985 98439 27829 92206 151774 146124 126151 113386 91330 137219 72423 67920 84806 75399 73462 126331 114294 35992 107408 92574 33252 39092 57586 55788 37724 52533 67505 85715 109750 126414 89724 109298 73332 38303 30827 37244 63948 54851 17400 77118 109485 117315 36643 18094 55319 83014 41339 132344 101552 41993 77406 109586 52643 67259 90211 0 23628 52790 92275 49533 39543 89461 43058 24244 64867 106627 20221 35098 25649 83405 77515 126210 24747 42731 115386 64503 73011 51180 23102 126655 60827 81240 60666 25284 98670 114085 58087 94995 91330 116505 51180 131782 43058 73462 54696 35098 67920 75399 126655 109586 54386 92275
37264 108001 64480 79813 20085 123326 40432 96525 24505 12289 57791 128118 43469 69210 40528 65749 103547 21703 94718 60315 85063 89034 38864 52767 36639 15430 89367 15769 71790 69828 59681 60906 49158 67498 24004 75241 63922 27550 96584 13224 102460 83471 105390 54634 91181 47109 45008 38191 53118 52853 65826 110995 57499 94960 37134 76539 110903 50836 79219 87665 68542 72486 21994 62703 61614 33731 87329 4608 85118 128146 128285 102710 95305 76921 125498 84442 45661 73015 74618 66369 118335 100300 17322 85236 72548 55411 24973 49090 47600 18618 29247 50504 65230 102442 118152 93099 88753 68977 56576 14706 57661 64246 67856 22863 58131 85900 94586 31271 41384 44133 66665 52383 116665 90415 61086 60255 95214 42003 60518 76165 23628 0 65340 78165 28697 23662 66054 22093 17014 70402 103539 43764 56489 9277 73686 82559 102892 13459 19318 104743 75238 86716 67245 8264 109497 37969 58164 44979 41975 85260 102877 37264 89034 76921 96525 67245 110903 22093 66369 50836 56489 45661 74618 109497 95214 60906 78165
78269 88409 28081 141147 48869 128564 105230 160895 42489 53560 87349 125718 77087 12022 29000 24716 155647 83410 77123 73645 150097 67245 103568 55993 60264 50407 153901 81099 7685 47873 7394 16317 67159 87454 62006 121335 24294 41051 161131 70764 159087 60666 127691 38023 67541 46552 34985 95658 45042 47090 55767 167743 105313 136544 66417 12561 138801 40030 22267 93240 126926 33890 86634 122496 26442 42651 81696 69628 67610 178276 140937 149015 112625 141670 116134 19667 108546 73150 42081 126145 97939 101839 62707 122808 137144 64672 56433 109886 49320 83896 83267 74362 97530 82128 98592 44617 117479 126105 20604 58409 72804 116121 2695 70176 86226 140082 154334 89072 53674 55297 131902 89622 122078 84221 22024 81373 98878 53304 50838 140765 52790 65340 0 84355 72990 88157 115058 87215 75249 22087 70736 51550 68567 58913 67292 31704 159378 54083 76806 94455 12319 21397 11003 58144 121340 87334 118152 67273 71724 149634 94699 78269 67245 141670 160895 11003 138801 87215 126145 40030 68567 108546 42081 121340 98878 16317 84355
46719 39794 57579 146349 84292 47235 92096 130237 81194 78341 134234 50039 38496 96030 63888 61448 95652 73641 30932 17853 138485 34504 103998 31057 41878 71354 145540 85086 91287 39201 85865 68141 29035 17503 54161 62205 103530 63848 131511 68177 106199 35659 44666 107614 37011 41319 97852 68985 40155 112389 28963 113555 56847 66981 41191 95231 57429 45546 106603 9970 140230 56091 92648 86408 103805 93697 15405 78015 29159 112018 57082 82333 28977 133708 48066 90792 86369 11514 48826 136738 47831 22195 60861 52550 112686 123938 54116 120480 38825 87388 61966 28813 33829 37249 47037 67632 40078 141786 95697 64102 129207 140545 86437 100334 28274 87068 109125 107727 107980 37155 121053 130065 40410 17262 100092 21079 17317 39903 33517 133918 92275 78165 84355 0 52729 94188 62909 84603 94916 66802 51616 108537 126524 70129 18836 68658 106164 68670 66943 30029 82881 97272 94558 72422 37224 55638 84237 33207 116915 142793 27240 46719 34504 133708 130237 94558 57429 84603 136738 45546 126524 86369 48826 37224 17317 68141 0
8638 87465 60265 94987 43084 95755 42862 92617 43767 34623 86447 101742 15195 80792 43994 63019 83404 21406 74911 35367 91554 71613 51985 35050 17593 30339 97705 32434 80533 56983 69710 62317 25503 39750 11139 50887 80453 32997 93287 16334 86098 67457 76694 76078 74134 35210 65534 24409 41259 76862 49047 94757 33498 69190 13404 85488 82506 42055 92009 61518 87716 66092 39928 50664 79039 56413 64385 27013 66711 106960 99829 79105 66885 85266 100792 89174 40900 50268 64897 84402 97240 74266 13747 57991 70521 82686 16592 67867 33950 34667 12383 23927 36607 82701 96798 86396 60194 89148 72113 19255 85776 87970 75684 51487 29667 67232 81817 55473 67553 27261 73012 80664 89231 67290 77077 32918 69000 26801 45595 85120 49533 28697 72990 52729 0 41459 43128 32073 43916 68979 88412 69347 84212 23885 53241 78937 86393 25746 14228 81523 79392 93369 78813 26433 81360 14363 46627 20926 70587 94348 79188 8638 71613 85266 92617 78813 82506 32073 84402 42055 84212 40900 64897 81360 69000 62317 52729
48234 127695 88010 56585 40085 136193 23124 77128 45968 34634 55248 142958 56175 90843 64186 89372 95916 21534 114705 76720 61949 110021 15412 72979 55404 39054 65884 9472 94218 92022 82070 84534 66322 80586 42564 74332 83542 51182 76868 26877 91344 104912 113471 71306 112332 68965 63259 35258 75195 66899 86731 99381 58253 94743 53733 98815 116251 73530 100109 102911 46852 95879 1731 51524 80827 51471 105426 20354 105662 120644 138482 99047 106098 53544 142247 107531 32404 91138 97556 44030 137762 115648 36348 88189 53332 63192 45625 26912 68991 6832 34155 65385 73597 122517 137424 116577 95624 47955 77068 36381 62261 46810 90584 26548 69697 77907 80987 16411 53368 64290 43985 46900 129847 108401 81130 74131 110356 62618 81935 52699 39543 23662 88157 94188 41459 0 64405 10865 15945 94064 125449 56479 62768 32296 93140 106196 91873 36934 27269 122716 98512 109400 88940 31838 121084 43016 47341 61770 45001 61713 120484 48234 110021 53544 77128 88940 116251 10865 44030 73530 62768 32404 97556 121084 110356 84534 94188
36811 102638 97977 98951 84284 87277 47699 68240 86088 75533 118949 98566 38938 123556 86222 101347 40589 46108 93368 54269 82907 94620 64726 66407 55194 72672 90739 59768 122708 88232 112372 102724 52775 45607 54197 9939 123573 76047 69697 53267 46005 93169 56752 118451 97317 71866 108036 29494 76513 118231 77449 54313 9752 30339 48964 127618 55074 79379 134855 66464 99142 101740 63794 26850 122115 98111 78293 62363 89014 63833 83496 36693 56332 80697 103800 129768 37431 68428 97968 94597 110030 76649 56123 26215 54297 121277 59421 82640 69601 59956 36935 45561 29089 100087 109073 119978 39149 101961 115240 61613 122727 107038 117730 85827 36948 26185 46465 80775 107409 62367 68641 111109 82436 80110 120203 45170 71793 63495 76994 81497 89461 66054 115058 62909 43128 64405 0 53994 75548 107569 112536 109682 122052 64943 75077 115450 46144 67960 46760 91439 120085 134603 121598 67228 70834 29292 26788 50459 105979 89098 88242 36811 94620 80697 68240 121598 55074 53994 94597 79379 122052 37431 97968 70834 71793 102724 62909
38152 119288 83666 63408 41527 125760 18390 74486 46496 34344 65068 132870 46256 91303 61148 85442 87110 11076 106519 67423 64215 102459 20270 65344 47464 36851 69222 7366 93796 85566 81714 81631 57446 70420 35152 63884 85636 47849 74514 19638 83770 97708 102636 75087 104866 62527 66097 24618 68841 71884 79321 92059 47520 84296 44981 98574 105401 67839 101256 93064 55662 91077 9932 43587 83187 54434 96446 17631 97851 111905 127742 89219 95468 56629 132646 106090 25028 82282 91913 52334 129182 105764 29699 77410 50488 70485 39112 35878 62187 6214 23578 55816 62854 114333 128774 111882 84768 57187 78501 31234 70502 57300 89767 33611 59359 69095 74493 27164 58971 56800 45521 57116 119478 99360 82912 64191 100446 55438 74942 56112 43058 22093 87215 84603 32073 10865 53994 0 22689 90569 118497 61858 70527 28706 84846 102261 84262 33621 17952 113594 96724 108612 89338 29126 110509 32251 39175 52861 53309 65380 111241 38152 102459 56629 74486 89338 105401 0 52334 67839 70527 25028 91913 110509 100446 81631 84603
52089 124950 78985 66218 26383 139504 38769 92995 32803 23397 43812 144756 59077 76727 54156 79770 109789 29560 111643 77067 76010 105760 30005 69734 53602 29705 79099 15913 80773 86100 68718 73758 65980 83508 40829 85277 68434 42220 92692 27583 106259 100059 119927 55558 107851 63705 47929 46116 69563 50957 82637 114458 68135 105567 53750 85174 124335 66875 85451 104300 53316 87331 15178 66134 65598 36225 104329 17031 101962 134585 143675 111432 110770 67196 142421 94871 47256 90006 90213 51756 135305 116986 34101 97380 69256 47905 41981 34894 64362 16500 40892 66857 79566 119346 135135 107573 102702 53301 62406 31698 47836 47432 77530 10970 73572 91779 96443 14968 37435 61125 58784 37036 132910 107411 66214 76430 111849 58955 77202 66126 24244 17014 75249 94916 43916 15945 75548 22689 0 83823 119851 40535 47848 26024 90684 96320 106765 29422 31545 121745 86292 96131 74889 24384 125273 50179 61773 61710 30699 74734 119858 52089 105760 67196 92995 74889 124335 22689 51756 66875 47848 47256 90213 125273 111849 73758 94916
72038 66485 9885 149766 58803 108646 107298 160995 52290 60492 104232 104772 68631 33734 29906 6234 147625 84260 55608 59415 154775 45616 109165 42631 52939 55063 159524 85675 26844 28058 27579 10509 55753 73211 59212 112364 46200 42939 161509 71812 153160 39221 111265 58286 45720 35705 52892 93234 31561 66719 37899 161662 98085 125227 59051 29720 123344 28191 42275 74842 137065 12154 92390 119630 48069 57324 61785 73970 46537 168812 122001 138874 95718 146987 94598 24134 108444 55298 20545 135573 75899 82172 62225 110865 138028 83627 53798 118567 38040 88645 80792 63277 85832 60249 76577 25130 103227 136806 41265 59467 91403 128617 23040 81373 74541 133536 150372 98601 70638 45211 136089 105004 102364 64054 43635 68255 79751 44138 34378 146333 64867 70402 22087 66802 68979 94064 107569 90569 83823 0 48773 69140 87369 62111 48532 12655 153367 57283 76664 73258 16259 30480 32996 62263 102846 82557 115603 57281 87386 155507 73766 72038 45616 146987 160995 32996 123344 90569 135573 28191 87369 108444 20545 102846 79751 10509 66802
86451 23372 46270 181745 99166 74424 131273 177304 93437 97466 148861 65608 79293 81947 69269 48034 147198 109054 21662 58782 179934 17933 138732 53434 71316 90457 186111 116043 74395 33752 76305 57515 64264 67474 83352 113160 94959 78365 178337 99032 157225 20955 90671 106541 15230 56548 100006 110896 50430 114500 39386 164810 105059 118472 75069 76015 104635 53033 88897 53381 171904 38049 123725 133146 96835 101980 37284 105596 23527 163398 90922 133890 75662 173645 52405 65021 128465 44126 31564 169409 29794 52830 89178 104137 157283 130637 79831 152154 56469 118912 100454 69581 84129 19358 30873 30137 90877 172487 89872 89312 137975 167149 71364 120788 75701 137763 158984 134658 116377 61759 161424 147966 69728 37062 92404 67443 53631 63063 43577 173453 106627 103539 70736 51616 88412 125449 112536 118497 119851 48773 0 115430 134187 94263 37646 40443 157229 90451 101106 36319 62025 71707 81446 95574 75518 97516 130175 68433 131274 182707 38692 86451 17933 173645 177304 81446 104635 118497 169409 53033 134187 128465 31564 75518 53631 57515 51616
77800 127724 69233 98047 26337 155755 79130 133366 27567 34741 35805 157348 81904 47101 47633 67960 147196 65075 114661 92039 113807 106220 69729 77926 68834 39697 115584 54504 53844 84479 44177 58951 81363 102927 60378 118671 34208 44695 132990 56429 145329 99543 143703 17661 107523 68271 16591 81871 71763 10586 86429 153730 100871 138012 72507 56844 151118 66901 52234 118506 81942 77738 55675 105190 30899 14862 112849 47820 104278 171853 163838 146371 131451 104647 151321 69734 86886 99976 83903 82409 138131 130109 55653 127329 109740 15675 57439 68736 70366 56075 72753 85705 105083 121446 138394 94131 128563 80249 32005 50280 22547 67993 52813 30317 95968 129436 136349 48780 3307 71427 97898 38875 148928 115904 33522 95468 125688 68667 80255 103308 20221 43764 51550 108537 69347 56479 109682 61858 40535 69140 115430 0 18885 45531 97426 81208 145795 43908 62944 129143 63861 68398 45833 43037 144122 81003 100698 78513 21374 111066 128221 77800 106220 104647 133366 45833 151118 61858 82409 66901 18885 86886 83903 144122 125688 58951 108537
92832 146597 87940 93528 42661 173645 85862 136831 45346 50086 21944 175704 97788 62270 66489 86524 157569 76137 133514 109659 113329 125104 73326 96226 85962 56133 113791 63548 69717 103363 61352 77363 98750 119903 76341 131475 47948 62779 136178 69699 153998 118429 160053 31146 126407 86775 34481 93104 90476 21723 105159 162112 113835 151378 89068 71995 166676 85684 65003 136489 76571 96376 62454 113941 44728 33409 131406 59790 123131 182365 181093 158473 148429 104091 169980 85560 94960 118321 102695 78124 157010 148298 70901 141666 114113 3961 74111 67541 88773 64348 85620 102543 120643 140324 157268 112161 144251 74135 48152 65865 4367 60054 69480 36921 112208 139577 143726 50673 18677 89371 99444 28914 166824 134478 48342 112424 143764 86629 98986 102540 35098 56489 68567 126524 84212 62768 122052 70527 47848 87369 134187 18885 0 60466 116034 99166 154513 59845 75670 147842 80721 83271 61346 57893 161532 94456 109605 95597 18045 109275 146854 92832 125104 104091 136831 61346 166676 70527 78124 85684 0 94960 102695 161532 143764 77363 126524
32443 98936 55741 88767 19449 115981 46371 102011 21431 10796 64508 120166 37444 64036 32478 57213 103945 24800 85621 52349 92750 79806 47124 43745 28286 8784 97413 23582 65767 60557 53851 52969 41114 60592 16430 73554 60552 19209 102225 12676 104281 74208 99776 53593 81936 37840 43309 39326 43841 53436 56633 112917 55782 92584 29686 70636 106219 41609 74579 79795 77774 63584 30582 65417 58607 33178 78653 11957 75948 128212 121771 101551 88839 84879 117041 77511 49927 64402 65470 75530 109304 92320 10450 81814 78231 58839 16210 58239 38378 26560 28319 43297 60178 93322 109149 84285 83786 78244 52674 6028 62210 73411 61518 30205 52019 86741 97541 40512 43676 35186 74141 59941 109255 81754 57447 53197 87325 32956 51272 84223 25649 9277 58913 70129 23885 32296 64943 28706 26024 62111 94263 45531 60466 0 64740 74057 104668 4917 19413 96040 68074 80286 62039 2574 102642 35803 60917 37173 47767 93407 94268 32443 79806 84879 102011 62039 106219 28706 75530 41609 60466 49927 65470 102642 87325 52969 70129
49903 34559 39715 148137 75359 61477 95683 139778 71122 70958 126360 60438 42282 79198 50471 43504 111060 74567 21685 21141 143874 19742 105026 21049 37758 63664 150392 83691 73873 20583 69622 50975 27900 30924 50710 76316 87992 53787 140847 66268 120237 18361 63454 94056 22442 29339 84965 74196 25828 99858 11761 128036 67430 83921 39941 77558 76258 31029 89364 26311 139981 37441 91473 95593 88642 82648 15496 74646 14241 128964 73732 98948 47714 138101 53968 72317 91888 7745 30008 136979 44732 34719 57248 69267 120195 113082 48718 120033 27619 86352 64630 32269 47200 29493 44494 49159 58204 141054 80595 58986 119138 137810 69190 94193 38149 100606 121466 104708 97362 29562 125650 123412 54888 18501 84671 29908 31586 31824 17625 138060 83405 73686 67292 18836 53241 93140 75077 84846 90684 48532 37646 97426 116034 64740 0 49829 120275 62081 66939 31984 64746 78895 77868 66650 54360 60642 92722 32396 108647 147218 30824 49903 19742 138101 139778 77868 76258 84846 136979 31029 116034 91888 30008 54360 31586 50975 18836
81081 60807 18815 162131 71445 106805 118580 171454 64940 72951 116540 101281 76769 42056 42235 16845 154872 95433 51709 64442 166461 41767 121179 49184 62109 67320 171392 97636 34247 29796 38273 23133 62786 77751 69799 119445 55872 55015 172053 83188 161370 36330 113273 69379 41134 44260 64784 103340 39019 78142 41029 169755 106214 130833 67979 35589 126040 36992 48460 75536 149601 13783 104507 129321 58137 69795 60894 85982 44165 175160 121301 145048 97517 158825 89886 25142 119132 57296 19842 148047 69338 81091 73386 116248 148822 95363 64580 130990 46181 100616 91051 70203 91782 54919 70202 13020 107129 149385 52041 71040 103274 141270 31799 94019 80766 141602 159434 111141 82844 53488 147725 117522 100887 62685 53725 73745 79444 52922 39263 158221 77515 82559 31704 68658 78937 106196 115450 102261 96320 12655 40443 81208 99166 74057 49829 0 161540 69296 87674 69709 21692 31994 41801 74358 102887 91970 125440 65028 99844 167433 70769 81081 41767 158825 171454 41801 126040 102261 148047 36992 99166 119132 19842 102887 79444 23133 68658
81620 144901 143883 100685 122777 118154 69062 44532 126014 114275 145873 131829 84841 166964 130379 147169 15526 81189 137092 99920 74853 139458 84336 112548 100576 113218 82454 91507 166926 134316 155990 147989 98919 89756 97439 44069 165139 119035 46595 92031 660 138567 84395 157483 142125 117727 147601 65342 122555 155476 123430 8365 55347 45299 94389 171881 75127 125224 178053 107563 108366 147853 92084 40676 163267 136592 121441 98474 133854 32444 108414 32630 91349 77994 140382 175040 59554 113226 144097 103536 151022 115447 97733 56174 49803 154669 102974 98604 115549 90335 76934 91692 73143 143218 149893 166087 72146 112018 157093 102822 154131 122296 162071 117735 82530 19960 15232 106089 143030 108270 70555 136695 115181 122795 161952 90584 111350 109229 123129 79588 126210 102892 159378 106164 86393 91873 46144 84262 106765 153367 157229 145795 154513 104668 120275 161540 0 108612 85257 132284 165290 179558 164971 106526 102830 72045 45125 96514 136866 83195 128956 81620 139458 77994 44532 164971 75127 84262 103536 125224 154513 59554 144097 102830 111350 147989 106164
34006 95975 51083 93259 17576 115061 51258 106815 18150 9871 65567 118666 38079 59456 27586 52460 107419 29442 82609 51072 97636 76423 51897 41033 26886 4715 102251 28393 60997 56701 49138 48075 39865 60254 16545 76277 56530 14349 107048 17005 108240 70654 100226 50537 78477 34333 40080 43344 40142 51124 53424 116895 58604 94911 29291 65883 107249 37551 70118 78471 81911 59037 35234 69716 54724 30668 76382 16693 72765 131521 121521 104408 88711 89729 114985 72614 54605 62267 61206 79806 106402 90846 12026 83650 83070 57928 14645 62536 35136 31362 31851 42867 61192 90243 106301 79678 84717 82249 48508 6491 61904 76827 56699 32150 52380 90414 101836 44212 42356 32707 79041 61654 108291 79498 53345 52790 85958 30286 47863 89056 24747 13459 54083 68670 25746 36934 67960 33621 29422 57283 90451 43908 59845 4917 62081 69296 108612 0 23545 93693 63164 75440 57454 5211 102165 38676 65240 36247 48370 98225 92055 34006 76423 89729 106815 57454 107249 33621 79806 37551 59845 54605 61206 102165 85958 48075 68670
21214 101349 68869 81217 38003 109335 31095 84638 40779 29305 75143 115752 28967 82864 48684 71099 84852 8022 88620 49584 79704 84778 38088 47743 29819 28044 85393 18442 83975 68651 72331 68657 39497 53487 18285 55925 79947 35800 85046 6800 84869 80222 88432 72646 87226 45871 62524 19915 52171 71707 61782 93504 38198 75710 27037 88909 92868 51836 93625 75646 73524 75665 25768 46181 78020 51920 78524 15939 80074 109294 112536 83437 79785 72830 115009 94584 31996 64337 75653 70270 111231 88385 14494 66399 61392 74693 23136 53653 45209 20512 9952 38132 48081 96431 110823 96385 71156 74925 72011 18409 76655 73923 79470 40518 42857 67473 78296 41776 60649 39353 60957 68578 102899 81452 76815 46901 83099 38240 57694 72526 42731 19318 76806 66943 14228 27269 46760 17952 31545 76664 101106 62944 75670 19413 66939 87674 85257 23545 0 95712 84911 97966 80860 21306 94556 18953 41718 34912 60445 81811 93400 21214 84778 72830 84638 80860 92868 17952 70270 51836 75670 31996 75653 94556 83099 68657 66943
76244 14502 66464 175989 107339 38301 121972 159431 103078 102776 158321 31625 68032 106458 81779 69740 120258 102797 18000 46192 168510 27991 133337 52793 68184 95502 175567 113408 100046 46990 98096 78599 56413 47170 81112 89267 117002 85769 160781 96123 132400 34060 56791 124744 28628 61299 116108 98980 57380 131067 42724 139127 86227 89644 69006 102931 70831 62315 115530 25026 169234 61109 121113 115953 118062 114434 17419 105268 26845 133263 54605 105122 43299 163716 22259 94676 116396 31768 52714 165911 18758 18263 87811 76462 142525 144816 79853 149359 59599 115885 91526 57990 62585 16962 17695 63144 61225 170604 110202 90146 151014 168406 95903 125843 58258 114091 136861 135336 129187 60989 151066 155225 33410 14360 113870 51060 21189 63430 48895 163910 115386 104743 94455 30029 81523 122716 91439 113594 121745 73258 36319 129143 147842 96040 31984 69709 132284 93693 95712 0 89082 101540 105419 98078 39926 85570 113976 60949 140621 172807 3343 76244 27991 163716 159431 105419 70831 113594 165911 62315 147842 116396 52714 39926 21189 78599 30029
83680 81489 25360 152426 60028 124845 114385 169495 53513 63912 99663 120673 81362 20618 36227 21469 160526 91967 71258 74530 160290 61215 113905 57230 64895 59944 164392 90980 12641 44313 19711 17364 69706 88416 68800 125605 34994 49301 169839 79274 165039 55033 127195 49932 61064 49029 47302 102966 45979 59140 53923 173638 110427 139526 71124 14086 139054 41738 26970 91055 138524 28138 96934 129751 37578 54751 78020 79329 62525 182415 138260 152714 111728 152043 110095 9783 116891 71399 36499 137585 90465 98413 70497 125373 145984 76807 63195 121108 51632 93855 90458 77171 100143 75385 91252 33973 118543 137816 32596 66749 84983 128131 11265 81820 88781 145678 161202 100427 65992 58397 141892 101910 118591 80254 33300 83024 96009 56853 49988 151212 64503 75238 12319 82881 79392 98512 120085 96724 86292 16259 62025 63861 80721 68074 64746 21692 165290 63164 84911 89082 0 14882 20639 67624 119084 93522 125527 70615 84013 160191 89728 83680 61215 152043 169495 20639 139054 96724 137585 41738 80721 116891 36499 119084 96009 17364 82881
98036 92770 40009 161643 69782 138135 126621 182229 63543 74864 103729 133153 96008 21298 49585 36119 175109 104702 83557 89374 171349 73550 124799 72109 79423 71802 175024 102466 15405 58330 27418 32053 84564 103251 82571 140301 35343 62167 182483 92031 179292 67765 141741 52216 73056 63859 52589 116539 60858 61646 68378 187917 124912 154388 85651 11577 153747 56603 20439 105180 146988 41647 107898 143380 38544 62072 91586 91020 75480 197158 152031 167513 126198 162857 121880 6867 129805 85764 49754 146457 101090 111972 83730 140250 158510 79313 76962 130504 66482 105249 104077 92017 115014 86912 102006 41841 133365 145956 36508 79609 87634 135224 18860 90378 103651 160045 175055 109594 71009 73186 153222 107246 132029 93654 35101 97902 109838 71575 64686 161919 73011 86716 21397 97272 93369 109400 134603 108612 96131 30480 71707 68398 83271 80286 78895 31994 179558 75440 97966 101540 14882 0 22622 79539 133084 107616 139085 85397 89518 170725 102456 98036 73550 162857 182229 22622 153747 108612 146457 56603 83271 129805 49754 133084 109838 32053 97272
84845 99397 38988 139716 48876 139258 107652 163700 43068 55027 81341 136632 84519 2005 35662 35694 162109 86837 88122 83020 150705 78248 104221 65414 67711 53271 153988 82749 8454 58730 9375 27013 75783 96688 67679 128407 14382 45938 163800 74450 164645 71665 137391 30210 78539 55573 29980 100324 54772 39624 66243 173320 111854 144418 73700 11045 148148 49563 13287 103623 124766 44881 87531 126997 17123 39838 92456 71745 78575 185229 151361 156369 122525 142016 127129 24214 111955 83490 53085 124400 108890 112509 67373 130995 139758 57391 62267 108760 58360 85387 88196 82751 105829 93123 109556 54453 126509 123626 13886 62569 65682 112672 10085 68402 94645 146024 159061 87814 48402 63803 132925 84648 132730 95026 13067 90319 109426 61592 61089 140987 51180 67245 11003 94558 78813 88940 121598 89338 74889 32996 81446 45833 61346 62039 77868 41801 164971 57454 80860 105419 20639 22622 0 60848 131674 93149 122560 75440 66899 149621 105626 84845 78248 142016 163700 0 148148 89338 124400 49563 61346 111955 53085 131674 109426 27013 94558
35003 100727 56226 88077 17072 118398 47099 102957 19489 8349 62074 122461 40010 62839 32448 57535 106044 26155 87385 54675 92862 81379 46910 45617 30549 7737 97346 23507 64855 61831 52853 52898 43435 63086 18922 75916 58861 19346 103122 14510 106130 75682 102342 51435 83467 39321 41236 41201 45212 51062 58289 114752 58130 95026 32149 69687 108790 42727 73236 82123 76705 64222 30150 67044 56829 30889 80713 11776 77626 130373 124287 103868 91364 84853 119181 76966 51149 66501 66415 74595 111123 94617 13022 84333 79096 56275 18370 57326 40002 26449 30480 45770 62751 95056 110992 84839 86359 77061 51097 8412 59639 71816 60717 27944 54575 88757 99150 39087 41147 37136 74338 57648 111664 83820 55814 55679 89646 34828 52819 84144 23102 8264 58144 72422 26433 31838 67228 29126 24384 62263 95574 43037 57893 2574 66650 74358 106526 5211 21306 98078 67624 79539 60848 0 105127 38162 62527 39557 45256 93283 96352 35003 81379 84853 102957 60848 108790 29126 74595 42727 57893 51149 66415 105127 89646 52898 72422
73392 54384 94055 167186 118892 16443 112842 137348 116564 112034 167081 29016 66201 133109 100865 97860 88843 99559 54648 52130 153582 62979 127700 67938 75582 105508 161322 112902 128113 74800 123055 105056 62803 42060 86212 64862 140746 99606 139012 97693 103093 67016 19218 144384 64659 78273 134416 89508 77377 148703 65609 108459 69737 57629 72993 131888 32387 82765 143534 28118 164246 91455 119779 97661 140986 129416 42069 108315 59223 97477 19926 72081 15221 150768 38742 126418 104503 48196 83537 160177 55758 22786 92499 47964 125130 159215 87597 145434 75680 114654 86950 59365 48118 56403 54342 99202 32215 166420 132879 96734 163892 167809 123345 132322 51754 87404 110722 136312 143270 73008 138357 161849 12352 40630 137301 49449 23459 75764 70586 151398 126655 109497 121340 37224 81360 121084 70834 110509 125273 102846 75518 144122 161532 102642 54360 102887 102830 102165 94556 39926 119084 133084 131674 105127 0 78423 97162 65989 150369 159432 37092 73392 62979 150768 137348 131674 32387 110509 160177 82765 161532 104503 83537 0 23459 105056 37224
11273 93482 73530 90979 55231 93917 36477 80628 56815 46507 93941 101813 18362 95131 58334 76488 69208 21610 81786 40340 83481 80022 49587 45431 29861 43386 90265 35675 94887 68017 84065 76343 33264 39700 25473 37754 94449 47273 81477 24787 71755 76734 70533 89192 82661 47755 78756 13606 53416 89223 58810 80409 19981 57070 24146 99840 74184 54985 106328 63023 86219 78760 41847 37404 92916 68972 69286 34869 74745 93000 95491 65775 63312 78234 102927 103300 31304 56101 76701 82359 102630 75448 26841 47446 59777 93346 30955 67086 46064 36943 9294 28504 30604 89384 102005 98586 52860 88210 86167 32322 95543 89485 90027 59451 28259 52879 67850 58882 78899 38886 65620 87094 87784 71908 91114 34562 70108 39100 56399 78376 60827 37969 87334 55638 14363 43016 29292 32251 50179 82557 97516 81003 94456 35803 60642 91970 72045 38676 18953 85570 93522 107616 93149 38162 78423 0 33702 29263 79398 87347 82867 11273 80022 78234 80628 93149 74184 32251 82359 54985 94456 31304 76701 78423 70108 76343 55638
44926 123729 106847 72509 78205 113585 25620 47180 81908 69900 102269 124281 51118 124565 89511 109644 48689 36576 113023 71695 56434 112408 42558 79017 63425 69661 64162 46389 125453 101633 113949 108690 66365 66832 56761 35213 121387 77123 48167 48273 44647 109658 83539 112787 115092 81344 103125 22563 87091 110457 92114 53035 28173 53693 57837 130404 81347 88461 135342 89565 74089 112365 47377 4539 119313 91887 99127 53661 106961 73343 110281 53937 82354 53915 128398 135291 15075 87236 110400 69384 132067 100800 55453 52756 28655 109647 62350 59419 79732 45293 35071 60596 51988 120317 131258 132283 65846 77184 113586 60009 109395 84084 120835 72735 56110 30769 36627 62497 97914 72581 41880 93471 108472 101382 118333 64021 95682 72715 90008 54709 81240 58164 118152 84237 46627 47341 26788 39175 61773 115603 130175 100698 109605 60917 92722 125440 45125 65240 41718 113976 125527 139085 122560 62527 97162 33702 0 62663 92135 62375 110951 44926 112408 53915 47180 122560 81347 39175 69384 88461 109605 15075 110400 97162 95682 108690 84237
18060 66539 47588 115913 52937 78865 63325 109779 50986 46098 101615 83142 11875 77266 40161 51047 90345 42326 54031 15357 111703 51193 72888 16474 9679 39521 118102 52463 74934 39057 66074 53349 4586 24416 20985 55124 80771 34831 110672 35241 96343 47562 65579 80820 53781 21669 70398 42485 26054 83939 29547 104739 41189 69283 8081 79663 74374 29143 88614 42699 108386 51369 60163 66068 80183 64029 43665 44837 46109 111813 85496 82117 52940 105763 80899 80115 60032 29429 48216 105179 76340 55322 27663 55587 88993 93374 21626 88474 19241 54938 32282 7566 30390 61808 75917 70280 52016 109684 72369 31158 97907 107649 69839 67327 19302 76584 94831 74690 77479 12218 93361 97068 72118 46631 77238 16973 50245 13971 27451 105696 60666 44979 67273 33207 20926 61770 50459 52861 61710 57281 68433 78513 95597 37173 32396 65028 96514 36247 34912 60949 70615 85397 75440 39557 65989 29263 62663 0 84590 114874 58763 18060 51193 105763 109779 75440 74374 52861 105179 29143 95597 60032 48216 65989 50245 53349 33207
79196 141076 85916 77985 33298 163430 68016 118859 38145 38590 17781 166801 85015 68257 62021 85281 140404 59871 127735 99419 96110 120149 55284 87957 75248 45586 97036 46602 74702 98720 64339 76920 88229 108340 64178 115603 55582 54960 118234 55054 136340 113718 147230 38879 121773 79447 37041 76673 84076 30523 98598 144379 98200 135764 77377 77942 152869 79878 73601 126770 61446 94615 44799 96410 52272 30062 123608 44556 117452 165194 169538 142067 136601 86867 162388 90494 77343 109853 99827 62367 151581 139041 58075 126843 96073 19316 63015 50323 81029 47095 70283 91004 107178 134979 151677 112512 130723 59484 53014 53637 17268 46730 73238 20154 99664 122382 125844 32660 18537 80252 81680 17898 156661 126725 54839 100922 134227 77623 92536 85378 25284 41975 71724 116915 70587 45001 105979 53309 30699 87386 131274 21374 18045 47767 108647 99844 136866 48370 60445 140621 84013 89518 66899 45256 150369 79398 92135 84590 0 92504 139274 79196 120149 86867 118859 66899 152869 53309 62367 79878 18045 77343 99827 150369 134227 76920 116915
97452 180735 148953 20859 100964 175825 51551 42188 107189 96280 91371 186067 105419 151453 125731 150588 95816 73797 168723 127579 8502 165942 46396 129275 111434 100689 4533 69832 155417 150458 143313 146158 119325 126124 99984 96854 142524 112571 40393 84920 82537 161762 145811 128094 168476 127584 121895 73841 133900 121509 143321 86652 89845 113087 107743 159875 142666 133158 159939 149490 35928 156450 63326 62484 139520 110497 156631 81543 160963 115351 172557 108377 144499 9124 189131 169120 56472 143277 157192 32581 189974 161419 94983 114671 36372 111465 104339 42371 127013 66863 82595 115647 113020 176425 189352 177254 128215 39558 136973 96550 106704 54368 152000 82100 114744 82765 67963 62625 107761 121076 21741 81952 170549 159251 140558 121749 156154 120047 139467 9291 98670 85260 149634 142793 94348 61713 89098 65380 74734 155507 182707 111066 109275 93407 147218 167433 83195 98225 81811 172807 160191 170725 149621 93283 159432 87347 62375 114874 92504 0 170023 97452 165942 9124 42188 149621 142666 65380 32581 133158 109275 56472 157192 159432 156154 146158 142793
73710 17578 66638 173445 106028 36481 119308 156283 101918 101250 156935 31033 65486 106717 81041 70013 116915 100392 19259 43821 165648 29012 130892 51332 66258 93999 172745 111216 100466 46981 98114 78705 54261 44197 79130 85982 116946 84541 157644 93990 129074 34737 53654 124266 29931 60147 115465 96224 56502 130405 41943 135790 83137 86304 66838 103481 67705 61550 115991 21791 166900 61648 118894 112879 117916 113461 15689 103282 27229 129957 52397 101785 40013 160941 23153 95601 113582 29871 53254 163527 22071 15072 85847 73121 139527 143885 78062 147053 58334 113655 88990 55520 59444 19392 20982 64726 57885 168321 110002 88339 149961 166350 96225 124190 55372 110793 133589 133313 128183 59359 148285 153664 31238 12568 113768 48316 17850 61860 48085 161157 114085 102877 94699 27240 79188 120484 88242 111241 119858 73766 38692 128221 146854 94268 30824 70769 128956 92055 93400 3343 89728 102456 105626 96352 37092 82867 110951 58763 139274 170023 0 73710 29012 160941 156283 105626 67705 111241 163527 61550 146854 113582 53254 37092 17850 78705 27240
0 83328 62813 99745 51487 88122 46040 91901 51813 43126 94945 94754 8228 86794 49411 65902 77394 27092 71291 30269 93973 69080 57283 34158 19101 38493 100545 39643 85910 56746 75590 66370 22207 32352 18221 43740 87454 39654 92750 24601 81377 65609 68149 83956 71697 36821 73374 24446 42324 85099 47586 89963 27060 61305 13102 90827 73870 44169 98117 54938 93612 67747 46811 48534 86220 64628 59503 35358 63884 100398 91592 71912 58723 88329 94640 93424 42060 45860 65486 90050 92750 67620 22149 49653 70933 91276 22966 73977 35001 41590 15282 18323 27983 78976 92200 87416 51560 95282 79042 27552 94412 95020 80945 59987 21654 62013 78409 62986 76068 27758 75814 88992 81698 62263 84019 26052 62298 28161 45127 88355 58087 37264 78269 46719 8638 48234 36811 38152 52089 72038 86451 77800 92832 32443 49903 81081 81620 34006 21214 76244 83680 98036 84845 35003 73392 11273 44926 18060 79196 97452 73710 0 69080 88329 91901 84845 73870 38152 90050 44169 92832 42060 65486 73392 62298 66370 46719
69080 21698 39696 165863 87182 65255 114407 159496 82005 84307 137913 59612 61712 79162 58707 42638 129690 92623 10047 40883 162892 0 122728 37126 55001 77081 169238 100555 72460 21742 71467 51876 46881 49719 67520 95402 90483 65673 160552 83277 139443 6780 76129 99715 2703 42092 91904 93497 36528 106802 23305 147099 87129 101470 58209 75151 89815 40300 87851 37867 156781 33484 108315 115318 91823 91992 21624 90644 5611 146520 80385 116783 60603 156847 48982 66687 111140 26254 25172 154049 31955 40402 73687 86987 139720 121794 64556 136895 41433 103348 83425 51857 66321 15341 32310 36298 74395 157589 84202 74470 128613 153190 68513 107824 57769 119926 141061 120305 106724 45756 144506 136086 59569 22442 87513 49511 39794 47423 28562 156726 94995 89034 67245 34504 71613 110021 94620 102459 105760 45616 17933 106220 125104 79806 19742 41767 139458 76423 84778 27991 61215 73550 78248 81379 62979 80022 112408 51193 120149 165942 29012 69080 0 156847 159496 78248 89815 102459 154049 40300 125104 111140 25172 62979 39794 51876 34504
88329 171612 140281 22858 93210 167137 42445 39914 99326 88178 87264 177225 96296 143875 117289 141988 89819 64811 159601 118458 9245 156847 38139 120219 102397 92340 12600 61353 147607 141481 135475 137751 110210 117081 91040 88716 135396 104077 38388 76089 77334 152697 137449 121393 159386 118649 114781 64742 124962 115173 134260 82149 81092 105498 98656 152130 134702 124304 152619 140460 34478 147696 55110 54315 132454 103245 147516 73085 151858 110391 164193 101566 135783 0 180139 161073 47428 134154 148310 30317 180858 152432 86138 106477 29354 106047 95465 36571 118040 58404 73483 106524 104125 167301 180239 168502 119739 38303 129591 87850 101781 52201 144074 75144 105688 75871 62845 55903 101342 112050 12666 77663 161792 150141 133313 112656 147158 111053 130451 1860 91330 76921 141670 133708 85266 53544 80697 56629 67196 146987 173645 104647 104091 84879 138101 158825 77994 89729 72830 163716 152043 162857 142016 84853 150768 78234 53915 105763 86867 9124 160941 88329 156847 0 39914 142016 134702 56629 30317 124304 104091 47428 148310 150768 147158 137751 133708
91901 169994 152692 62207 115907 153599 56101 0 120981 108807 122873 165890 98293 165677 133284 155233 59161 77561 159758 118684 33751 159496 63860 126056 109935 110646 40273 81405 167773 148645 155808 153278 113535 112734 101796 72572 159990 120229 2067 90255 43913 156833 120793 148418 162186 127779 140082 68240 133705 143878 139271 46144 73391 83393 104609 172629 114337 134667 175736 134561 74117 158709 78143 44194 157445 128302 145415 91982 154018 75203 146767 74556 123668 39914 171917 179124 52648 134073 157204 69695 177872 144885 99119 89542 24011 138085 107201 71339 126347 79039 80408 107745 96846 166902 176973 178931 105142 77957 152974 102758 135256 91111 163513 103078 102566 51216 30171 86210 130179 119321 38415 113172 149416 147493 157340 110668 140030 119244 137028 41759 116505 96525 160895 130237 92617 77128 68240 74486 92995 160995 177304 133366 136831 102011 139778 171454 44532 106815 84638 159431 169495 182229 163700 102957 137348 80628 47180 109779 118859 42188 156283 91901 159496 39914 0 163700 114337 74486 69695 134667 136831 52648 157204 137348 140030 153278 130237
84845 99397 38988 139716 48876 139258 107652 163700 43068 55027 81341 136632 84519 2005 35662 35694 162109 86837 88122 83020 150705 78248 104221 65414 67711 53271 153988 82749 8454 58730 9375 27013 75783 96688 67679 128407 14382 45938 163800 74450 164645 71665 137391 30210 78539 55573 29980 100324 54772 39624 66243 173320 111854 144418 73700 11045 148148 49563 13287 103623 124766 44881 87531 126997 17123 39838 92456 71745 78575 185229 151361 156369 122525 142016 127129 24214 111955 83490 53085 124400 108890 112509 67373 130995 139758 57391 62267 108760 58360 85387 88196 82751 105829 93123 109556 54453 126509 123626 13886 62569 65682 112672 10085 68402 94645 146024 159061 87814 48402 63803 132925 84648 132730 95026 13067 90319 109426 61592 61089 140987 51180 67245 11003 94558 78813 88940 121598 89338 74889 32996 81446 45833 61346 62039 77868 41801 164971 57454 80860 105419 20639 22622 0 60848 131674 93149 122560 75440 66899 149621 105626 84845 78248 142016 163700 0 148148 89338 124400 49563 61346 111955 53085 131674 109426 27013 94558
73870 85283 113741 153842 124819 44921 102369 114337 124167 116754 168010 59540 69217 149830 113994 117634 60087 95501 83040 65168 135777 89815 119026 82819 83650 111427 143782 109710 146168 96398 138953 123153 72959 51467 90741 46138 154832 109024 116196 97837 75500 92381 14059 155056 91940 92584 144554 81360 93802 157581 85595 79597 58485 30953 79018 150490 0 98775 160925 51959 154126 113218 115299 80424 154413 137262 68206 108468 85119 65532 33299 42741 29212 134702 70889 147476 92394 68745 106198 149620 87759 52647 95805 28911 106615 165029 93945 137084 89798 110702 83478 66811 46070 86309 86374 124773 22576 156866 146501 100982 168281 161117 141135 133259 55521 63123 85462 132530 149601 84844 123082 161278 43760 67798 151298 58109 51043 87324 89071 135664 131782 110903 138801 57429 82506 116251 55074 105401 124335 123344 104635 151118 166676 106219 76258 126040 75127 107249 92868 70831 139054 153747 148148 108790 32387 74184 81347 74374 152869 142666 67705 73870 89815 134702 114337 148148 0 105401 149620 98775 166676 92394 106198 32387 51043 123153 57429
38152 119288 83666 63408 41527 125760 18390 74486 46496 34344 65068 132870 46256 91303 61148 85442 87110 11076 106519 67423 64215 102459 20270 65344 47464 36851 69222 7366 93796 85566 81714 81631 57446 70420 35152 63884 85636 47849 74514 19638 83770 97708 102636 75087 104866 62527 66097 24618 68841 71884 79321 92059 47520 84296 44981 98574 105401 67839 101256 93064 55662 91077 9932 43587 83187 54434 96446 17631 97851 111905 127742 89219 95468 56629 132646 106090 25028 82282 91913 52334 129182 105764 29699 77410 50488 70485 39112 35878 62187 6214 23578 55816 62854 114333 128774 111882 84768 57187 78501 31234 70502 57300 89767 33611 59359 69095 74493 27164 58971 56800 45521 57116 119478 99360 82912 64191 100446 55438 74942 56112 43058 22093 87215 84603 32073 10865 53994 0 22689 90569 118497 61858 70527 28706 84846 102261 84262 33621 17952 113594 96724 108612 89338 29126 110509 32251 39175 52861 53309 65380 111241 38152 102459 56629 74486 89338 105401 0 52334 67839 70527 25028 91913 110509 100446 81631 84603
90050 171496 130493 15646 77600 176013 47632 69695 84162 75097 59171 184164 98256 126091 105836 131431 113282 63137 158603 119725 38680 154049 32830 116987 99323 80989 36888 53494 131060 135875 119276 125509 109762 121862 86562 103964 115545 93517 68318 70826 102889 148929 149712 99953 156363 112875 95196 70672 119061 92474 130761 108839 91907 123060 97253 135147 149620 117123 133446 144912 4851 138692 45741 71577 112370 84566 148781 63881 149661 135809 175960 122323 144959 30317 184688 145809 57231 134607 140984 0 181460 157520 80377 120711 53855 80655 89625 17292 112982 50718 74907 108032 112072 166419 181072 159132 131540 8510 111017 80146 75218 21968 128272 56080 110518 97180 88977 37178 79165 108308 33192 49974 170018 151692 114028 116046 152180 106648 125940 28471 73462 66369 126145 136738 84402 44030 94597 52334 51756 135573 169409 82409 78124 75530 136979 148047 103536 79806 70270 165911 137585 146457 124400 74595 160177 82359 69384 105179 62367 32581 163527 90050 154049 30317 69695 124400 149620 52334 0 117123 78124 57231 140984 160177 152180 125509 136738
44169 61272 18682 130113 46889 91810 82931 134667 41749 44480 97652 91465 40443 51173 19491 21968 119466 59798 48007 33615 131455 40300 87666 15964 25131 37426 136903 64334 47454 19347 40579 24775 27972 47439 33590 84266 57984 25507 135319 48240 125024 33995 87830 63051 42025 7513 53956 66459 5406 68874 19610 133507 69912 97788 31085 51906 98775 0 62169 55051 119377 24060 71799 92329 58304 52305 46515 53292 37657 140883 102626 111068 73006 124304 84546 51093 82621 35083 24092 117123 71765 65234 38175 83662 112334 82574 28849 99831 9939 67288 54291 35454 58412 55124 71912 44602 77515 119785 50199 37157 88989 114120 42394 67905 47048 105369 122575 81743 67091 17021 112684 95817 85080 49479 54549 41547 61481 16045 13470 123873 54696 50836 40030 45546 42055 73530 79379 67839 66875 28191 53033 66901 85684 41609 31029 36992 125224 37551 51836 62315 41738 56603 49563 42727 82765 54985 88461 29143 79878 133158 61550 44169 40300 124304 134667 49563 98775 67839 117123 0 85684 82621 24092 82765 61481 24775 45546
92832 146597 87940 93528 42661 173645 85862 136831 45346 50086 21944 175704 97788 62270 66489 86524 157569 76137 133514 109659 113329 125104 73326 96226 85962 56133 113791 63548 69717 103363 61352 77363 98750 119903 76341 131475 47948 62779 136178 69699 153998 118429 160053 31146 126407 86775 34481 93104 90476 21723 105159 162112 113835 151378 89068 71995 166676 85684 65003 136489 76571 96376 62454 113941 44728 33409 131406 59790 123131 182365 181093 158473 148429 104091 169980 85560 94960 118321 102695 78124 157010 148298 70901 141666 114113 3961 74111 67541 88773 64348 85620 102543 120643 140324 157268 112161 144251 74135 48152 65865 4367 60054 69480 36921 112208 139577 143726 50673 18677 89371 99444 28914 166824 134478 48342 112424 143764 86629 98986 102540 35098 56489 68567 126524 84212 62768 122052 70527 47848 87369 134187 18885 0 60466 116034 99166 154513 59845 75670 147842 80721 83271 61346 57893 161532 94456 109605 95597 18045 109275 146854 92832 125104 104091 136831 61346 166676 70527 78124 85684 0 94960 102695 161532 143764 77363 126524
42060 124731 100327 62723 65694 120708 10788 52648 70023 57815 87200 130197 49643 113951 80667 102752 63762 25164 113089 71626 52226 111140 28018 75586 58486 58684 59172 32386 115574 97820 103743 100631 64264 69654 49339 46989 109549 67685 53088 37782 59038 107575 92806 99836 113756 76017 90549 17704 82132 96888 89374 67203 35052 66689 53742 120474 92394 82621 124381 93032 61735 106670 32545 19132 107273 79037 100423 41058 105930 88395 119294 68451 89345 47428 132741 126548 0 87394 105783 57231 133758 105044 46471 63484 29715 95152 54657 45520 74843 30930 28517 59808 57046 120685 133093 127158 74685 64530 102054 50213 94611 70124 111189 58221 58273 45838 49468 47422 83994 68120 34762 78398 115100 102973 106653 65367 99758 67693 86344 47752 67920 45661 108546 86369 40900 32404 37431 25028 47256 108444 128465 86886 94960 49927 91888 119132 59554 54605 31996 116396 116891 129805 111955 51149 104503 31304 15075 60032 77343 56472 113582 42060 111140 47428 52648 111955 92394 25028 57231 82621 94960 0 105783 104503 99758 100631 86369
65486 46426 15063 154138 68135 88454 106700 157204 62206 67223 117359 84242 60088 53990 37938 17592 136629 83655 35108 45383 155352 25172 111758 31776 47356 60518 160904 88402 47357 10178 46523 27019 45286 58332 57368 101225 65528 48077 157967 72296 143968 18685 93462 75693 25501 29856 68665 89045 23657 83321 21547 152204 89072 111644 52605 50235 106198 24092 62818 55909 143114 8398 95827 114008 67015 70422 41837 77265 26032 156259 102308 126114 77717 148310 74124 42994 105783 37454 0 140984 56204 62218 62227 97000 135415 99182 52854 123699 30948 91362 77276 52407 72961 40107 56767 22074 87421 143392 59586 61213 106449 137065 43345 90173 62232 124141 143022 105165 84817 37882 136595 116696 82292 43912 62654 54822 60181 38096 20977 147904 75399 74618 42081 48826 64897 97556 97968 91913 90213 20545 31564 83903 102695 65470 30008 19842 144097 61206 75653 52714 36499 49754 53085 66415 83537 76701 110400 48216 99827 157192 53254 65486 25172 148310 157204 53085 106198 91913 140984 24092 102695 105783 0 83537 60181 27019 48826
73392 54384 94055 167186 118892 16443 112842 137348 116564 112034 167081 29016 66201 133109 100865 97860 88843 99559 54648 52130 153582 62979 127700 67938 75582 105508 161322 112902 128113 74800 123055 105056 62803 42060 86212 64862 140746 99606 139012 97693 103093 67016 19218 144384 64659 78273 134416 89508 77377 148703 65609 108459 69737 57629 72993 131888 32387 82765 143534 28118 164246 91455 119779 97661 140986 129416 42069 108315 59223 97477 19926 72081 15221 150768 38742 126418 104503 48196 83537 160177 55758 22786 92499 47964 125130 159215 87597 145434 75680 114654 86950 59365 48118 56403 54342 99202 32215 166420 132879 96734 163892 167809 123345 132322 51754 87404 110722 136312 143270 73008 138357 161849 12352 40630 137301 49449 23459 75764 70586 151398 126655 109497 121340 37224 81360 121084 70834 110509 125273 102846 75518 144122 161532 102642 54360 102887 102830 102165 94556 39926 119084 133084 131674 105127 0 78423 97162 65989 150369 159432 37092 73392 62979 150768 137348 131674 32387 110509 160177 82765 161532 104503 83537 0 23459 105056 37224
62298 35007 71223 161071 101596 30364 106438 140030 98421 95648 151525 32909 54211 110773 80380 74968 99123 89391 32140 34976 151294 39794 119352 47898 59126 88671 158626 101432 105434 51700 101075 82560 46213 30408 71230 68809 119228 81031 141467 84819 111484 43583 37046 124206 41636 57982 114625 82937 56085 129280 43192 118081 67556 68455 58112 109050 51043 61481 120941 7550 155844 68191 108867 97250 119713 110833 18616 94878 35819 112206 42252 83935 22464 147158 32983 103132 99758 26400 60181 152180 39764 5343 77893 55367 124337 141138 71378 136270 55615 103610 77288 45176 43699 35352 38590 75873 40036 157570 111621 81297 146483 156970 100772 117523 41865 93468 116452 124350 125191 54401 134501 147264 23604 17353 115852 36257 0 57137 48617 147510 109586 95214 98878 17317 69000 110356 71793 100446 111849 79751 53631 125688 143764 87325 31586 79444 111350 85958 83099 21189 96009 109838 109426 89646 23459 70108 95682 50245 134227 156154 17850 62298 39794 147158 140030 109426 51043 100446 152180 61481 143764 99758 60181 23459 0 82560 17317
66370 73372 12193 139854 48445 112279 98803 153278 41903 50541 93845 109680 64005 28255 20491 9527 143163 75998 61572 58153 145711 51876 99764 40597 47537 45484 150239 76401 23171 31749 19594 0 52625 72039 51936 108269 38607 33782 153702 63381 147744 45171 111766 49027 52435 31874 42904 86158 29414 57094 39462 156333 93070 122431 53766 27341 123153 24775 38482 76948 126900 19494 82885 112854 40005 46861 65447 64668 51791 165109 124629 135466 96571 137751 100478 27063 100631 56880 27019 125509 83220 85543 54165 108387 130002 73678 46367 108591 34541 79347 73644 60038 83111 67029 83770 35598 102169 126569 32592 50880 81333 118194 18299 70988 71747 128346 144122 88448 60342 41143 127109 94511 105777 68013 35661 66307 82560 39527 34648 137037 54386 60906 16317 68141 62317 84534 102724 81631 73758 10509 57515 58951 77363 52969 50975 23133 147989 48075 68657 78599 17364 32053 27013 52898 105056 76343 108690 53349 76920 146158 78705 66370 51876 137751 153278 27013 123153 81631 125509 24775 77363 100631 27019 105056 82560 0 68141
46719 39794 57579 146349 84292 47235 92096 130237 81194 78341 134234 50039 38496 96030 63888 61448 95652 73641 30932 17853 138485 34504 103998 31057 41878 71354 145540 85086 91287 39201 85865 68141 29035 17503 54161 62205 103530 63848 131511 68177 106199 35659 44666 107614 37011 41319 97852 68985 40155 112389 28963 113555 56847 66981 41191 95231 57429 45546 106603 9970 140230 56091 92648 86408 103805 93697 15405 78015 29159 112018 57082 82333 28977 133708 48066 90792 86369 11514 48826 136738 47831 22195 60861 52550 112686 123938 54116 120480 38825 87388 61966 28813 33829 37249 47037 67632 40078 141786 95697 64102 129207 140545 86437 100334 28274 87068 109125 107727 107980 37155 121053 130065 40410 17262 100092 21079 17317 39903 33517 133918 92275 78165 84355 0 52729 94188 62909 84603 94916 66802 51616 108537 126524 70129 18836 68658 106164 68670 66943 30029 82881 97272 94558 72422 37224 55638 84237 33207 116915 142793 27240 46719 34504 133708 130237 94558 57429 84603 136738 45546 126524 86369 48826 37224 17317 68141 0
