StringID  Type  x          y          demand  ReadyTime  DueDate  ServiceTime
D0        d     -21029.10   13516.90    0.0     0.0        32400.0  0.0
C1        c     -4919.61    23589.23    495.0   1076.0     21285.0  990.0
C2        c     -51024.92   9543.74     532.0   4973.0     24919.0  1064.0
C3        c     7416.07     41928.28    752.0   701.0      22121.0  1504.0
C4        c     54756.81    24788.85    605.0   4073.0     24402.0  1210.0
C5        c     73429.66    31057.32    394.0   2025.0     22575.0  788.0
C6        c     25555.52    -7565.14    354.0   3322.0     23853.0  708.0
C7        c     45418.37    3247.20     722.0   1520.0     21013.0  1444.0
C8        c     -38103.40   1514.02     380.0   4944.0     24132.0  760.0
C9        c     25936.98    -11713.77   630.0   1093.0     20661.0  1260.0
C10       c     -45755.98   -45279.99   285.0   1380.0     20038.0  570.0
C11       c     20681.58    48406.06    761.0   4286.0     24724.0  1522.0
C12       c     -55111.12   -4496.58    163.0   2990.0     21758.0  326.0
C13       c     -44515.30   -26078.03   645.0   2712.0     23297.0  1290.0
C14       c     -27900.92   16567.62    173.0   3967.0     23482.0  346.0
C15       c     -69400.77   -63132.70   762.0   3002.0     23872.0  1524.0
C16       c     37688.51    4582.16     775.0   5308.0     26526.0  1550.0
C17       c     -49746.00   -42054.20   320.0   4510.0     23738.0  640.0
C18       c     41078.05    -3432.22    329.0   3880.0     23070.0  658.0
C19       c     28387.85    -61044.34   347.0   5150.0     24069.0  694.0
C20       c     -32863.28   -73498.05   286.0   5146.0     25476.0  572.0
C21       c     52780.03    -41167.55   146.0   839.0      19375.0  292.0
C22       c     72623.37    -1811.81    464.0   1752.0     21266.0  928.0
C23       c     25809.50    -42805.68   398.0   4348.0     23842.0  796.0
C24       c     46664.26    -8332.99    374.0   4363.0     24376.0  748.0
C25       c     23281.75    -12477.24   683.0   1546.0     20931.0  1366.0
C26       c     -96131.37   56572.78    769.0   843.0      21908.0  1538.0
C27       c     -45409.44   -65631.88   589.0   1963.0     22930.0  1178.0
C28       c     -24386.81   -49275.83   258.0   684.0      20670.0  516.0
C29       c     -4734.15    24639.50    812.0   4682.0     24678.0  1624.0
C30       c     -18308.04   52429.62    818.0   940.0      20646.0  1636.0
C31       c     64500.90    -8915.89    558.0   5238.0     25464.0  1116.0
C32       c     61698.96    19966.13    314.0   3652.0     23342.0  628.0
C33       c     17454.31    42601.43    210.0   1261.0     20843.0  420.0
C34       c     51373.48    -1194.64    168.0   917.0      20579.0  336.0
C35       c     57218.67    -15575.50   385.0   3342.0     23136.0  770.0
C36       c     -46172.25   7889.07     735.0   5161.0     24650.0  1470.0
C37       c     28243.96    -1031.43    124.0   5000.0     23382.0  248.0
C38       c     30723.83    24285.03    214.0   3780.0     23626.0  428.0
C39       c     -28961.71   26928.88    554.0   3093.0     22853.0  1108.0
C40       c     75081.22    2225.58     328.0   1383.0     21831.0  656.0
C41       c     -9386.59    75203.03    339.0   4231.0     24539.0  678.0
C42       c     22055.02    -2610.90    209.0   3675.0     23528.0  418.0
C43       c     -24064.87   10491.92    731.0   2105.0     23215.0  1462.0
C44       c     29847.86    6688.67     376.0   4385.0     24702.0  752.0
C45       c     -15176.58   101373.50   562.0   1530.0     21361.0  1124.0
C46       c     -53287.09   -33496.15   298.0   1447.0     20463.0  596.0
C47       c     -20221.86   6204.32     567.0   1292.0     20798.0  1134.0
C48       c     60598.13    -1874.47    551.0   2926.0     23533.0  1102.0
C49       c     -48789.75   10237.21    171.0   2782.0     21474.0  342.0
C50       c     -68792.34   47125.92    714.0   610.0      21171.0  1428.0
C51       c     29836.40    -56088.97   288.0   3709.0     22601.0  576.0
C52       c     -9447.01    12214.82    401.0   670.0      19615.0  802.0
C53       c     -3116.82    -85312.42   378.0   4294.0     24250.0  756.0
C54       c     -19884.38   90385.97    518.0   1880.0     21101.0  1036.0
C55       c     -9617.61    22216.63    673.0   1992.0     22405.0  1346.0
C56       c     43563.39    3157.29     502.0   4232.0     24751.0  1004.0
C57       c     -49099.52   -39529.31   674.0   3339.0     24094.0  1348.0
C58       c     -39916.15   943.96      218.0   4132.0     23453.0  436.0
C59       c     38536.71    -21124.36   753.0   3943.0     24516.0  1506.0
C60       c     -1401.32    36490.83    493.0   2759.0     22422.0  986.0
C61       c     39246.82    -16045.36   578.0   920.0      20215.0  1156.0
C62       c     49049.34    -15992.88   736.0   5111.0     24792.0  1472.0
C63       c     22116.18    -21547.69   759.0   4689.0     24510.0  1518.0
C64       c     17277.49    -26184.60   141.0   3067.0     22932.0  282.0
C65       c     -42006.36   -32907.38   718.0   5362.0     26525.0  1436.0
C66       c     39643.66    18826.10    586.0   4716.0     25647.0  1172.0
C67       c     -48149.33   -49573.45   493.0   3642.0     22678.0  986.0
C68       c     -14340.17   29079.13    772.0   1740.0     21666.0  1544.0
C69       c     49759.23    29895.24    807.0   2896.0     23388.0  1614.0
C70       c     24971.83    -9192.19    744.0   4801.0     24478.0  1488.0
C71       c     -37345.29   -27348.39   503.0   1392.0     20507.0  1006.0
C72       c     26850.18    -28265.81   632.0   1098.0     20982.0  1264.0
C73       c     53051.19    22065.77    624.0   2900.0     24009.0  1248.0
C74       c     10366.90    51574.20    687.0   1453.0     22307.0  1374.0
C75       c     -24128.23   31028.86    483.0   2592.0     22952.0  966.0
C76       c     -16262.72   10567.45    472.0   3150.0     22404.0  944.0
C77       c     10888.40    40848.05    432.0   1223.0     21791.0  864.0
C78       c     -2170.26    40960.92    634.0   5055.0     25920.0  1268.0
C79       c     7134.18     8209.85     379.0   5324.0     25575.0  758.0
C80       c     -11029.79   20559.06    467.0   3508.0     22888.0  934.0
C81       c     -74032.91   -58718.25   166.0   3073.0     22995.0  332.0
C82       c     -33129.28   -58685.69   396.0   1626.0     21659.0  792.0
C83       c     5973.28     38461.57    418.0   4740.0     25117.0  836.0
C84       c     2533.67     48963.33    512.0   1709.0     21479.0  1024.0
C85       c     -28692.77   -25660.31   672.0   662.0      20696.0  1344.0
C86       c     -6654.82    28903.33    127.0   1647.0     20341.0  254.0
C87       c     41434.81    35277.00    429.0   2791.0     21864.0  858.0
C88       c     49832.68    -56074.75   694.0   4785.0     25595.0  1388.0
C89       c     29429.29    -4190.33    731.0   4314.0     24722.0  1462.0
C90       c     13014.42    -59736.19   156.0   2673.0     21191.0  312.0
C91       c     47658.16    8180.59     514.0   2022.0     22930.0  1028.0
C92       c     -47955.49   -34773.76   825.0   2680.0     22436.0  1650.0
C93       c     -69637.36   -67062.95   686.0   4358.0     25528.0  1372.0
C94       c     -46242.25   -61797.34   449.0   2250.0     22407.0  898.0
C95       c     66128.76    -14914.25   155.0   1575.0     19959.0  310.0
C96       c     16132.44    29265.36    116.0   2294.0     20847.0  232.0
C97       c     64557.96    -8976.08    508.0   3723.0     22851.0  1016.0
C98       c     17340.73    -11459.45   574.0   2057.0     22702.0  1148.0
C99       c     41205.07    -12542.50   368.0   3940.0     24240.0  736.0
C100      c     -11048.53   61846.79    485.0   2068.0     21875.0  970.0
C101      c     58732.38    37073.88    643.0   643.0      21788.0  1286.0
C102      c     -91191.50   27912.44    403.0   3208.0     22753.0  806.0
C103      c     47028.14    -21418.12   411.0   3414.0     22686.0  822.0
C104      c     -21321.45   38524.51    461.0   4265.0     24039.0  922.0
C105      c     -79389.46   19809.14    411.0   1110.0     21359.0  822.0
C106      c     12431.44    -17394.35   335.0   4198.0     24789.0  670.0
C107      c     58523.14    26202.39    606.0   3727.0     23584.0  1212.0
C108      c     -43899.51   -6358.29    210.0   1023.0     21097.0  420.0
C109      c     23125.87    -8358.02    719.0   3293.0     23278.0  1438.0
C110      c     2294.58     25918.38    223.0   2910.0     22171.0  446.0
C111      c     -58782.47   -61996.35   241.0   734.0      20474.0  482.0
C112      c     -37556.55   -18673.93   222.0   1989.0     22251.0  444.0
C113      c     -97676.13   41392.44    772.0   4951.0     25879.0  1544.0
C114      c     41366.72    46289.33    132.0   2814.0     22927.0  264.0
C115      c     54728.05    -8659.68    174.0   785.0      19445.0  348.0
C116      c     -30625.18   2322.35     434.0   2382.0     22712.0  868.0
C117      c     9956.43     19906.75    515.0   1100.0     21871.0  1030.0
C118      c     25155.68    46596.60    132.0   3930.0     23910.0  264.0
C119      c     37971.86    -63143.25   609.0   3410.0     23438.0  1218.0
C120      c     -32944.94   -6252.14    386.0   3253.0     22345.0  772.0
C121      c     -26559.04   -14927.42   363.0   3486.0     23018.0  726.0
C122      c     33541.45    12690.66    534.0   2779.0     23643.0  1068.0
C123      c     -54216.51   -54400.33   584.0   1163.0     20430.0  1168.0
C124      c     6870.46     22437.68    679.0   2397.0     23268.0  1358.0
C125      c     -33910.48   -4211.01    550.0   1283.0     21682.0  1100.0
C126      c     -39644.67   -20511.00   254.0   3597.0     22338.0  508.0
C127      c     -53313.61   -19950.84   537.0   4185.0     25193.0  1074.0
C128      c     24902.50    -37042.47   768.0   1369.0     22121.0  1536.0
C129      c     -43695.29   9493.87     807.0   1408.0     22248.0  1614.0
C130      c     -63011.94   -65594.03   807.0   3546.0     23392.0  1614.0
C131      c     39540.02    -4805.35    229.0   4452.0     23980.0  458.0
C132      c     5144.89     16199.61    656.0   1416.0     22329.0  1312.0
C133      c     -37336.91   -49692.96   622.0   2550.0     22358.0  1244.0
C134      c     51748.14    -8983.34    131.0   3821.0     23196.0  262.0
C135      c     50071.11    14660.84    274.0   4094.0     24039.0  548.0
C136      c     36953.29    -11532.32   325.0   3878.0     24074.0  650.0
C137      c     46354.80    -6198.34    519.0   2677.0     22846.0  1038.0
C138      c     44161.37    -3527.52    745.0   3618.0     24961.0  1490.0
C139      c     44156.30    32248.31    691.0   5075.0     25118.0  1382.0
C140      c     -15305.21   23530.48    248.0   2894.0     22550.0  496.0
C141      c     -47593.64   -63262.15   382.0   1433.0     22009.0  764.0
C142      c     46995.39    17325.10    812.0   3579.0     23783.0  1624.0
C143      c     -13292.26   -4440.44    624.0   3873.0     24403.0  1248.0
C144      c     -74893.78   -3584.45    180.0   1866.0     21882.0  360.0
C145      c     -66767.32   -30918.28   244.0   4573.0     24611.0  488.0
C146      c     57287.37    -11042.48   273.0   5330.0     25856.0  546.0
C147      c     -9451.64    39932.82    179.0   3169.0     21585.0  358.0
C148      c     5029.30     33978.38    801.0   4094.0     25572.0  1602.0
C149      c     -65551.56   -14294.26   824.0   4588.0     25739.0  1648.0
C150      c     -8092.43    36633.12    757.0   1956.0     22867.0  1514.0
C151      c     56021.33    -6118.50    579.0   5060.0     24448.0  1158.0
C152      c     33395.08    7913.49     553.0   1682.0     21950.0  1106.0
C153      c     62778.65    -26932.46   383.0   2258.0     23011.0  766.0
C154      c     -37310.08   62957.26    668.0   2551.0     22341.0  1336.0
C155      c     -25431.80   25568.39    104.0   1605.0     20592.0  208.0
C156      c     64930.58    -1982.03    716.0   808.0      22149.0  1432.0
C157      c     -82290.93   79402.97    776.0   3157.0     23140.0  1552.0
C158      c     56889.90    22593.87    106.0   5390.0     23879.0  212.0
C159      c     47965.97    -5494.46    104.0   3476.0     22349.0  208.0
C160      c     33120.74    -65570.30   747.0   976.0      21643.0  1494.0
C161      c     70955.41    -16823.93   666.0   3587.0     22952.0  1332.0
C162      c     -100377.76  -22098.47   607.0   2811.0     22693.0  1214.0
C163      c     -27703.37   5827.37     201.0   4966.0     23694.0  402.0
C164      c     -26831.88   4170.68     278.0   2404.0     21237.0  556.0
C165      c     -89848.27   63266.73    254.0   3850.0     23992.0  508.0
C166      c     11466.57    24582.89    725.0   3198.0     24442.0  1450.0
C167      c     -54346.75   -44194.18   765.0   3727.0     23561.0  1530.0
C168      c     -122780.83  30381.08    176.0   2713.0     21711.0  352.0
C169      c     -33118.10   16594.89    755.0   3880.0     24065.0  1510.0
C170      c     52051.17    -27403.53   791.0   4149.0     25134.0  1582.0
C171      c     -39374.44   68537.67    544.0   1016.0     22094.0  1088.0
C172      c     41617.22    -16270.54   298.0   2865.0     22062.0  596.0
C173      c     7888.00     -40337.41   456.0   3076.0     22156.0  912.0
C174      c     -32234.59   -32908.32   504.0   826.0      20158.0  1008.0
C175      c     27532.75    53885.30    524.0   2183.0     21606.0  1048.0
C176      c     -83171.68   52788.99    658.0   1518.0     21407.0  1316.0
C177      c     -42015.43   14821.97    465.0   1515.0     21345.0  930.0
C178      c     -60477.96   -55362.98   639.0   1991.0     23035.0  1278.0
C179      c     -43310.28   -48494.88   535.0   3049.0     23165.0  1070.0
C180      c     -58962.46   36421.09    262.0   5220.0     24339.0  524.0
C181      c     -32062.22   29365.86    785.0   964.0      22345.0  1570.0
C182      c     -60125.90   67694.93    816.0   4342.0     25602.0  1632.0
C183      c     -22921.67   -4903.27    807.0   2740.0     23210.0  1614.0
C184      c     33679.70    -30687.19   427.0   4665.0     25002.0  854.0
C185      c     60960.78    -8105.62    552.0   5219.0     25341.0  1104.0
C186      c     -10238.34   728.84      147.0   3359.0     23541.0  294.0
C187      c     43543.31    -38162.97   672.0   4094.0     23442.0  1344.0
C188      c     46293.75    -3819.42    193.0   1085.0     19618.0  386.0
C189      c     61210.48    -15642.76   289.0   3923.0     23097.0  578.0
C190      c     -50596.31   -73716.63   657.0   3835.0     23165.0  1314.0
C191      c     -7028.18    59102.36    792.0   3951.0     25116.0  1584.0
C192      c     41364.27    -23681.07   646.0   5209.0     26176.0  1292.0
C193      c     -843.39     24755.27    416.0   2268.0     22068.0  832.0
C194      c     27471.40    -19617.78   513.0   4296.0     25107.0  1026.0
C195      c     60954.95    -13955.24   498.0   1448.0     20848.0  996.0
C196      c     29600.92    1938.89     526.0   4527.0     25094.0  1052.0
C197      c     69180.29    2354.56     184.0   3779.0     22709.0  368.0
C198      c     -32992.61   4300.49     138.0   5084.0     25207.0  276.0
C199      c     -127.20     20865.19    578.0   955.0      20833.0  1156.0
C200      c     66065.77    -13661.25   584.0   4272.0     24598.0  1168.0
F1        f     -21029.10   13516.90    0.0     0.0        32400.0  0.0
F2        f     -843.39     24755.27    0.0     0.0        32400.0  0.0
F3        f     5973.28     38461.57    0.0     0.0        32400.0  0.0
F4        f     -28692.77   -25660.31   0.0     0.0        32400.0  0.0
F5        f     -47955.49   -34773.76   0.0     0.0        32400.0  0.0
F6        f     -74893.78   -3584.45    0.0     0.0        32400.0  0.0
F7        f     -38103.40   1514.02     0.0     0.0        32400.0  0.0
F8        f     -9451.64    39932.82    0.0     0.0        32400.0  0.0
F9        f     41617.22    -16270.54   0.0     0.0        32400.0  0.0
F10       f     44156.30    32248.31    0.0     0.0        32400.0  0.0
F11       f     -18308.04   52429.62    0.0     0.0        32400.0  0.0
F12       f     45418.37    3247.20     0.0     0.0        32400.0  0.0
F13       f     -47593.64   -63262.15   0.0     0.0        32400.0  0.0
F14       f     -13292.26   -4440.44    0.0     0.0        32400.0  0.0
F15       f     -58962.46   36421.09    0.0     0.0        32400.0  0.0
F16       f     51748.14    -8983.34    0.0     0.0        32400.0  0.0
F17       f     49759.23    29895.24    0.0     0.0        32400.0  0.0
F18       f     52780.03    -41167.55   0.0     0.0        32400.0  0.0
F19       f     -9617.61    22216.63    0.0     0.0        32400.0  0.0
F20       f     66065.77    -13661.25   0.0     0.0        32400.0  0.0
F21       f     -96131.37   56572.78    0.0     0.0        32400.0  0.0

m numVeh /28/
m numPetrolVeh /14/
m numElectroVeh /14/

DistanceMatrix
0 18999 30258 40204 76620 96074 51133 67236 20871 53314 63785 54379 38550 46037 7519 90637 59393 62552 64378 89451 87816 91860 94899 73254 71132 51373 86569 82819 62882 19729 39008 88423 82979 48238 73882 83481 25765 51376 52861 15582 96771 62775 46004 4286 51333 88051 57016 7357 83066 27954 58403 86211 11655 100439 76878 14349 65418 60015 22689 68906 30217 67135 76038 55597 55169 50944 60905 68672 16939 72658 51301 44002 63547 74572 49336 17784 5605 42020 33299 28659 12230 89595 73209 36761 42564 39920 21056 66146 99320 53475 80777 68894 55290 94106 79423 91678 40361 88493 45783 67470 49350 83167 71624 76500 25009 58699 45553 80557 30300 49277 26416 84425 36186 81559 70479 78936 14745 31638 56809 96736 23083 28977 54577 75592 29291 21914 38787 46501 68308 23020 89561 63280 26311 65280 76176 71109 63162 70209 67382 67823 11534 81245 68131 19553 56514 63769 82077 28842 33132 52495 26490 79513 54712 93059 52052 12831 87346 89967 78446 71566 95849 96859 86975 10182 11001 84918 34328 66638 103140 12475 83757 57999 69368 61127 47758 63150 73512 21027 79377 65893 44312 19311 66812 18517 70335 84793 16732 82707 69519 87256 92108 47687 72640 23103 58738 86464 51937 90897 15102 22156 91237 0 23103 36761 39920 55290 56514 20871 28842 69368 67823 39008 67236 81245 19553 44312 76176 72658 91860 14349 91237 86569
18999 0 48197 22102 59688 78704 43581 54293 39856 46887 80066 35655 57515 63519 24030 108067 46655 79489 53347 90952 101029 86733 81597 73161 60662 45783 96992 97979 75421 1067 31797 76654 66717 29361 61507 73451 44139 41304 35650 24273 82804 51807 37604 23197 38658 78458 74821 23160 70292 45857 68071 86929 12242 108917 68453 4894 52612 77044 41684 62352 13373 59343 66928 52614 54499 67582 44817 84980 10903 55041 44363 60383 60813 57991 31888 20599 17269 23404 17588 19540 6820 107476 86977 18435 26446 54687 5590 47805 96665 44176 85234 54789 72514 111383 94860 80811 21804 76731 41520 58592 38745 65065 86380 68733 22183 74566 44505 63497 49156 42511 7581 101124 53398 94450 51553 67807 33363 15325 37866 96758 40938 44179 39975 92264 11846 40166 56131 65098 67569 41258 106435 52753 12486 80132 65362 55711 54652 59299 56074 49834 10386 96769 52292 29253 75065 82439 71197 16960 14385 71494 13424 67796 41397 84472 50980 20607 74384 95402 61818 60355 96935 85967 105828 28889 29278 93740 16416 83891 118057 29053 76459 56635 61274 65197 62754 44396 83523 38118 96541 81670 55545 27751 70661 33703 66602 73108 23471 78498 58087 76892 107493 35576 66156 4240 54000 75822 40748 77082 34061 5512 80166 18999 4240 18435 54687 72514 75065 39856 16960 61274 49834 31797 54293 96769 29253 55545 65362 55041 86733 4894 80166 96992
30258 48197 0 66814 106875 126300 78468 96649 15213 79844 55076 81560 14623 36212 24167 74964 88852 51614 93013 106250 85005 115530 124169 92973 99311 77501 65164 75385 64570 48690 53941 116991 113205 76041 102960 111120 5127 79971 83067 28090 126318 77749 74084 26977 80923 98579 43099 30984 112206 2340 41570 104145 41664 106268 86633 43303 94804 49111 14049 94667 56468 93829 103281 79475 77083 43399 91142 59187 41562 102818 78272 39347 86568 104827 74401 34424 34777 69377 58085 58174 41484 72035 70537 63914 66501 41690 48410 95974 120325 81618 94344 98692 44424 78835 71501 119679 69993 117057 71519 94838 65831 113157 44167 102825 41499 30165 68937 110807 17425 76281 55777 71959 31267 56486 99431 107308 21640 61856 84714 114908 24008 34604 84625 64024 59314 21957 32137 29583 89080 7330 76088 91695 56563 60798 104430 101225 90467 98644 96080 97852 38360 72887 98329 40241 27241 43417 110251 51496 61148 27915 50764 108186 84436 119506 55146 30196 116527 76537 108701 100127 112795 124798 58625 23616 24783 66283 64276 53840 74720 19245 109498 60133 96171 77194 46425 90208 53885 10442 65591 58549 28025 27432 58859 31599 93773 113368 41728 105920 98232 115027 83261 66270 98182 52436 83738 114419 80984 120420 18779 52142 119368 30258 52436 63914 41690 44424 27241 15213 51496 96171 97852 53941 96649 72887 40241 28025 104430 102818 115530 43303 119368 65164
40204 22102 66814 0 50348 66903 52713 54225 60871 56749 102140 14763 77878 85567 43479 130149 48074 101590 56486 105087 122252 94672 78519 86707 63770 56672 104578 119832 96590 21131 27785 76445 58557 10061 61578 76072 63485 47742 29232 39349 78453 37277 46883 44489 41773 63594 96818 45167 68899 64525 76385 100549 34165 127676 55619 26052 53008 99143 62610 70315 10359 66137 71332 65156 68823 89683 39653 107052 25267 44020 54051 82479 72835 49770 10087 33374 39296 3636 9635 33720 28229 129475 108476 3755 8563 76629 19174 34663 106788 51103 101818 52520 94600 133478 116783 81721 15373 76527 54302 64100 27160 51545 99599 74712 28938 89579 59534 53472 70462 52683 16809 123218 75466 105094 34230 69264 54916 22168 18344 109424 62852 66234 39209 114358 19498 61941 78188 86701 80884 60534 128535 56710 25829 101967 67508 50626 61078 61906 58450 37994 29236 118706 46603 50783 94055 103970 72753 16985 8300 92115 16388 68344 42801 88356 49423 36696 72360 97220 53118 62396 110529 86539 125375 50365 50976 99578 17812 105980 130708 47800 82457 53828 67504 82267 84692 23402 91236 56376 118639 103680 66607 41429 72290 55799 77219 73283 44823 87862 60036 78793 129380 22441 73872 19056 64731 77391 45731 73355 55215 22373 80808 40204 19056 3755 76629 94600 94055 60871 16985 67504 37994 27785 54225 118706 50783 66607 67508 44020 94672 26052 80808 104578
76620 59688 106875 50348 0 19697 43583 23479 95733 46508 122525 41460 113704 111545 83066 152136 26451 124052 31361 89792 131672 65986 32044 73532 34096 48780 154199 134941 108394 59491 78118 35085 8453 41337 26203 40439 102334 37008 24038 83746 30367 81584 42663 80108 30791 103711 122762 77248 27296 104564 125552 84630 65424 124385 99369 64426 24356 122160 97630 48694 57364 43681 41179 56679 63269 112659 16247 126962 69230 7145 45187 105835 59946 3213 51845 79131 72429 46715 59180 50426 65922 153493 121210 50663 57547 97514 61549 16955 81013 38487 94270 18062 118733 154631 133034 41300 38883 35159 52095 39715 75522 12912 145982 46849 77308 134239 59757 4023 103456 45817 52474 142908 102033 153335 25329 33449 88288 45066 36767 89520 93033 90497 24422 134708 47944 93289 104708 116965 68661 99633 148454 33277 50350 118443 33906 11159 40450 32106 30234 12962 70073 135013 10768 74061 132719 133684 35921 65970 50569 126497 63956 30933 27223 52340 99665 80192 28639 147529 3061 31035 92913 44654 162065 84612 84154 149637 43291 129082 177626 88256 52262 103801 43111 80238 104386 39847 140742 97284 140369 122424 114313 86940 122633 83160 59345 33474 69306 63943 29834 40943 144231 70674 50286 55600 52120 39237 33984 26671 90110 55024 40079 76620 55600 50663 97514 118733 132719 95733 65970 43111 12962 78118 23479 135013 74061 114313 33906 7145 65986 64426 40079 154199
96074 78704 126300 66903 19697 0 61511 39472 115380 63913 141537 55528 133367 131055 102361 171091 44479 143239 47288 102526 149097 75119 32879 87883 47623 66408 171470 153204 126576 78427 94194 40958 16144 57153 39073 49370 121825 55421 43239 102475 28879 93848 61424 99640 49932 113117 142212 96893 35343 123980 143127 97442 84992 139288 110578 83517 40871 141407 117278 62773 75028 58199 52992 73487 80185 131973 35932 145886 87792 23699 62994 125229 75425 22274 66316 97558 92003 63303 76246 70122 85109 172641 139315 67862 73122 116816 80113 32272 90271 56378 109057 34460 138087 173481 151471 46548 57325 41005 70382 54216 89914 15881 164651 58743 95045 153233 77900 15677 123151 63906 71320 161676 121619 171418 35497 43900 107950 64445 50713 100653 112728 110056 43914 153612 67115 112986 124278 136622 83621 119093 167206 49342 69882 137076 45534 28539 56075 46055 45307 29298 89054 153437 29788 93706 152315 153285 45088 83355 68463 146194 81713 41050 46243 58960 115243 99014 34115 163053 18579 44547 104698 47945 181754 104233 103804 166425 62300 148289 196212 107525 62247 118868 57026 96917 123517 51261 158102 116581 159373 141268 132501 105505 138490 102843 73433 41100 88995 75397 44190 48272 162358 85206 63439 74540 68411 46709 52620 29016 109734 74260 45321 96074 74540 67862 116816 138087 152315 115380 83355 57026 29298 94194 39472 153437 93706 132501 45534 23699 75119 83517 45321 171470
51133 43581 78468 52713 43583 61511 0 22615 64303 4166 80671 56183 80725 72475 58651 110020 17169 82824 16063 53554 88090 43247 47418 35241 21123 5413 137555 91694 65069 44211 74319 38969 45435 50816 26592 32661 73374 7065 32267 64513 50484 89842 6066 52804 14886 116304 82997 47803 35502 76447 109053 48712 40205 82866 107978 46088 20958 81210 66022 18771 51649 16105 24960 14399 20377 72158 29916 84836 54171 44599 1729 65939 20741 40423 61059 62912 45580 50586 55888 24253 46146 111958 77828 50019 61037 57187 48657 45690 54245 5138 53657 27138 78385 112257 89978 41233 38017 39028 9091 16422 78472 55618 122019 25553 65740 108456 16397 47192 69466 2556 40770 100378 64082 132600 56128 29193 57044 31592 54163 56948 58515 52632 21773 92505 35345 59561 66473 79836 29485 71321 105885 14254 31327 75698 26231 33091 12068 20844 19039 43944 51347 91940 32851 38973 100528 95231 31922 59005 46338 91355 55549 30500 17351 41960 94475 60807 39769 138544 43490 22506 58496 46334 126769 54917 53686 135407 35100 87898 153113 63453 33100 100038 18269 37231 63103 61482 124355 71183 98419 80111 95279 68438 114041 48550 24508 35409 36742 35493 21074 36559 100872 74204 22575 41731 12204 35972 10329 44738 59738 38313 40966 51133 41731 50019 57187 78385 100528 64303 59005 18269 43944 74319 22615 91940 38973 95279 26231 44599 43247 46088 40966 137555
67236 54293 96649 54225 23479 39472 22615 0 83540 24563 103284 51490 100827 94594 74519 132626 7844 105397 7966 66509 109626 45021 27671 50054 11647 27153 151261 113991 87358 54524 80498 22629 23336 48278 7429 22216 91708 17699 25662 78059 29680 90450 24087 69860 15946 115328 105323 65707 16021 94467 122350 61348 55593 100987 108893 58213 1857 103747 85366 25324 57421 20256 19580 34026 40720 94606 16615 107447 65103 26999 23933 88238 36577 20308 59700 74890 62114 51050 60721 38604 59043 134567 100027 52877 62682 79549 58050 32277 59486 17634 70830 5418 100818 134838 112394 27546 39174 22710 31696 16342 81378 36353 138819 24718 75490 125902 38913 26432 89833 25132 48720 122941 85822 148092 43232 15114 76049 39180 47851 66807 78937 74237 15174 115110 43061 79679 88319 101421 45212 89332 128438 9970 42305 98240 13771 12326 17032 9492 6890 29029 64022 114345 14166 59212 120506 117273 18576 66004 50751 112348 63072 14147 12897 34817 102026 74283 20201 148692 22492 9105 69908 32481 147983 73167 72256 147984 40099 110471 170374 79663 31360 107017 19884 57516 85657 53704 137803 88197 121034 102713 109526 81764 123665 68824 35907 19247 55714 41453 7121 24622 123054 76619 27232 51017 29067 23180 15871 23779 78418 48834 26687 67236 51017 52877 79549 100818 120506 83540 66004 19884 29029 80498 0 114345 59212 109526 13771 26999 45021 58213 26687 151261
20871 39856 15213 60871 95733 115380 64303 83540 0 65392 47416 75197 18039 28327 18185 71824 75854 45097 79336 91294 75195 100407 110777 77776 85338 62959 79992 67542 52609 40599 54628 103133 101494 69100 89518 96842 10283 66396 72496 27009 113187 79087 60300 16664 68148 102458 38161 18486 98760 13795 54975 89073 30589 93610 90720 35214 81683 42491 1900 79914 50699 79318 88894 64484 61921 34642 79651 52066 36394 92333 63977 28872 71455 93443 69681 32656 23643 62828 53360 45730 33101 70135 60405 57514 62472 28758 41704 86408 105115 67773 79779 86020 37601 75480 63832 105519 60923 103196 56942 80545 66121 103158 59289 88166 40638 45158 53956 99731 9776 62020 47197 66792 20195 71688 91216 93387 7522 51459 77680 99840 9323 20090 72511 58190 49603 7096 22079 26308 73867 9744 71582 77900 45674 51213 90463 89149 76182 84810 82419 87814 31694 65468 86555 25516 37142 43284 96214 47926 53985 31675 46195 94434 71784 104816 61448 27188 103093 89550 97304 86354 97843 110590 66601 11259 11580 80566 54675 48509 89463 15884 94679 67036 81680 62183 34919 83969 68266 13871 61120 50279 40665 28499 69749 16482 78675 99530 27876 90777 84566 100785 76261 65438 83366 43914 68896 100259 67706 107287 5821 42622 105269 20871 43914 57514 28758 37601 37142 0 47926 81680 87814 54628 83540 65468 25516 40665 90463 92333 100407 35214 105269 79992
53314 46887 79844 56749 46508 63913 4166 24563 65392 0 79162 60349 81369 71902 60814 108320 20091 81538 17258 49391 85292 39851 47725 31092 21001 2763 139870 89429 62796 47563 77923 38665 47776 54974 27526 31519 74726 10929 36316 67135 51083 93820 9896 54711 18813 120329 82164 49515 36031 77884 111516 44546 42715 79126 111910 49147 23062 80026 67059 15726 55417 13997 23505 10550 16864 71172 33475 83199 57326 47946 2700 65185 16577 43316 65175 65829 47721 54674 59705 27395 49072 110469 75466 54001 65034 56382 52077 49480 50388 8294 49731 29455 77407 110444 87853 40319 42136 38718 8600 15291 82335 58786 123650 23217 68973 109942 14652 49995 70042 4378 44443 98518 63874 134538 60020 28953 58278 35429 58316 52819 59135 52594 25562 90811 39113 60316 66169 79678 25350 72790 103995 15257 34806 73797 25955 35750 11018 21150 19979 47588 54250 89800 35871 39898 101158 94673 31358 62608 50248 91525 59122 30600 20996 39861 97857 63472 40190 141476 46207 22890 54334 45308 126741 56436 55108 137943 39075 86605 154561 65490 30465 103469 16329 33839 61912 65618 126749 72950 96813 78409 97595 71074 117101 49331 20492 35209 38255 31773 21834 35492 98497 78113 19525 45246 8052 35090 14136 45474 61067 41722 40176 53314 45246 54001 56382 77407 101158 65392 62608 16329 47588 77923 24563 89800 39898 97595 25955 47946 39851 49147 40176 139870
63785 80066 55076 102140 122525 141537 80671 103284 47416 79162 0 114852 41843 19242 64373 29628 97207 5131 96392 75801 31024 98622 126108 71608 99532 76434 113630 20355 21740 81065 101492 116099 125712 108253 106666 107173 53171 86220 103385 74136 129840 125853 80119 59842 91742 149808 13985 57468 114871 55600 95234 76361 68000 58487 138111 76562 101608 6652 46591 87686 93026 89890 99226 71902 65862 12928 106783 4915 80723 121550 79402 19806 74573 119576 111940 79315 63157 103086 96629 75223 74436 31308 18416 98431 105895 26002 83857 118708 96196 85681 60522 107630 10734 32324 16525 115932 96887 116134 71589 92919 112609 133041 86148 95803 87294 73265 64524 126427 38966 78153 85896 21193 27841 101034 126393 106949 49949 85751 116059 85612 41077 35914 98228 12440 85763 42743 25512 26433 71137 54813 26654 94412 79816 9506 104041 113030 89329 100059 99138 118722 75247 18076 111903 52171 50868 25451 108582 92624 94133 36769 90157 109052 95365 110075 108566 73706 118854 129926 123057 101817 81445 120130 59337 54202 52948 117160 90306 8659 107970 63152 99427 113996 92063 53871 18327 123309 104964 60218 17844 4039 82762 75892 113885 46386 80765 113006 58123 89582 100956 110996 28846 111335 89758 83199 77594 111214 88929 124416 51197 80357 116206 63785 83199 98431 26002 10734 50868 47416 92624 92063 118722 101492 103284 18076 52171 82762 104041 121550 98622 76562 116206 113630
54379 35655 81560 14763 41460 55528 56183 51490 75197 60349 114852 0 92430 98987 58086 143373 47008 114643 55707 109721 133145 95151 72248 91356 62405 60939 117098 131805 107577 34797 39197 72152 49912 6641 58329 73679 78173 50013 26128 54090 71358 40276 51035 58649 42713 63964 110360 58771 64199 79266 89483 104895 47091 135820 58377 40049 50705 112259 76972 71786 25092 67072 70370 69968 74668 102673 35136 119740 40001 34470 57758 95425 76920 41733 10790 48061 52883 12371 24034 42418 42203 142991 119851 17755 18156 89015 33580 24557 108471 53319 108414 48434 107842 146597 128932 77942 19674 72235 59959 64311 34459 39702 113735 74629 43150 104077 66316 43875 84675 56817 29048 136027 88834 118565 20793 66450 68964 30451 4826 112881 76572 79011 37960 127196 29413 75821 91590 100737 85553 75223 141424 56454 35758 113972 65259 44749 62108 60339 56995 28498 43747 130887 40724 62825 108801 118066 69815 31302 21287 106618 31089 64976 42442 86302 59789 51459 67059 107537 44467 60413 114653 82355 140094 64452 64918 111524 25543 119181 144590 62501 82044 63340 67981 89661 97016 8773 103946 71125 131738 116124 80541 56075 83078 68870 80154 69397 56826 89537 58168 75795 141402 29703 74996 31979 68362 74235 47315 66879 69471 34518 76890 54379 31979 17755 89015 107842 108801 75197 31302 67981 28498 39197 51490 130887 62825 80541 65259 34470 95151 40049 76890 117098
38550 57515 14623 77878 113704 133367 80725 100827 18039 81369 41843 92430 0 24042 34411 60352 93243 37939 96195 100845 72499 113953 127763 89531 101848 78798 73567 61900 54306 58196 67787 119694 119344 86510 106536 112875 15274 83427 90532 40882 130366 91884 77189 34475 85692 113151 29057 36493 115739 16033 53405 99387 48626 96097 101211 52757 98971 35545 16140 95113 67563 95062 104793 79087 75568 31288 97583 45611 52817 110366 80220 28945 85338 111376 86205 47138 41667 80075 69779 63529 50705 57428 58478 74677 78619 33850 58852 104418 116934 84541 87707 103548 31111 64231 57983 121687 78839 119753 72786 96652 79643 121196 48499 103531 54704 34354 68763 117708 11365 78332 64965 57617 22565 62591 109028 109918 25418 69493 95149 110018 22236 30398 90303 49912 67581 21203 22264 15558 86379 18057 61606 94652 63711 48566 106953 106913 92333 101480 99277 105850 48683 59244 104412 41819 19804 28879 112589 63708 71395 14318 62469 111144 89372 120006 69763 42246 120068 88192 115231 103082 107307 126668 48568 29288 29578 76148 72651 39705 76129 30472 109583 74710 97442 72481 36477 101185 63789 23339 51149 45553 41099 40962 72365 32192 92573 116128 45176 104241 101407 116854 69367 79730 98364 61649 83955 116451 84956 124480 23804 60551 121523 38550 61649 74677 33850 31111 19804 18039 63708 97442 105850 67787 100827 59244 41819 41099 106953 110366 113953 52757 121523 73567
46037 63519 36212 85567 111545 131055 72475 94594 28327 71902 19242 98987 24042 0 45768 44636 87735 16811 88538 80855 48831 98458 119626 72287 92890 69148 97444 39564 30713 64458 82766 110359 115765 92505 99065 102275 34007 76950 90539 55242 122900 107200 70586 41900 81262 130785 11488 40402 107864 36566 77125 80180 51924 72267 119040 59584 92804 14211 27411 83200 75985 84361 94107 66785 61793 7276 95389 23775 62872 109639 71509 7282 71399 108798 95089 60637 46272 86883 79293 61995 57413 44008 34538 81942 88571 15828 66756 105602 99002 77116 66652 98334 9352 48072 35761 111206 82104 110406 63560 86782 94079 121030 71370 91662 68640 57635 57605 115543 19729 69924 69963 38648 10161 85897 112307 100760 31615 71287 100676 90432 22955 21137 87154 29938 70670 24303 7397 10722 70278 35581 43631 86705 65219 24682 97770 102987 82757 93019 91499 106135 57569 37311 101282 37988 37800 22772 102907 74746 77855 24112 72521 102499 85003 107297 89326 55059 112067 112041 112481 94744 87103 115841 56004 36064 35038 100188 75502 20612 96505 44169 96576 94755 86689 54309 14052 107634 87831 40976 33353 22449 64147 56825 95063 30243 78331 106996 43515 88884 93497 106240 48025 93064 85913 67017 72276 106165 79235 117197 32490 64606 111276 46037 67017 81942 15828 9352 37800 28327 74746 86689 106135 82766 94594 37311 37988 64147 97770 109639 98458 59584 111276 97444
7519 24030 24167 43479 83066 102361 58651 74519 18185 60814 64373 58086 34411 45768 0 89858 66676 62560 71820 95875 90202 99211 102191 80062 78613 58850 79094 84043 65937 24533 37123 95851 89664 52296 81240 90986 20228 58839 59131 10415 103976 61489 53511 7185 58588 85755 56132 12898 90400 21827 51048 92804 18960 104851 74252 19136 72712 59969 19710 76385 33154 74649 83556 62885 62200 51446 67582 69171 18451 78795 58814 44920 70765 81139 51864 14945 13094 45762 35456 36018 17337 88296 75435 40334 44449 42235 24568 71816 106393 60972 86581 76023 55119 93467 80483 99160 45828 95922 53220 74987 48314 89027 64299 84008 22921 51590 52727 86959 27956 56789 31610 84415 36540 74060 75375 86394 14503 38004 60965 103407 23371 31524 61565 75690 35263 21630 38894 44490 75248 17306 89349 70747 33048 66929 83647 77995 70680 77667 74812 73744 14392 82223 74900 25588 51132 61364 89551 29771 37250 48683 28196 86934 61904 100574 47334 9333 94667 83106 85005 79010 102324 104344 82146 10742 12443 77578 40175 66267 95880 5217 91246 53221 76884 67224 49665 66824 66082 14222 78964 66862 36864 13458 60436 22041 77622 92223 23724 89998 76945 94754 93093 47380 80110 28269 66147 93952 59333 98116 13282 28104 98709 7519 28269 40334 42235 55119 51132 18185 29771 76884 73744 37123 74519 82223 25588 36864 83647 78795 99211 19136 98709 79094
90637 108067 74964 130149 152136 171091 110020 132626 71824 108320 29628 143373 60352 44636 89858 0 126702 28820 125578 97811 37979 124140 154697 97356 128351 105622 122654 24121 47099 109022 126353 144461 155218 136834 135730 135256 74724 115720 132916 98724 158577 150793 109668 86463 121348 173212 33734 85007 143709 76210 110260 99487 96290 69896 161307 104204 130978 31133 70535 115824 120618 118412 127486 100522 94225 40792 136411 25209 107400 151173 108700 48042 102372 149175 139716 104480 90859 131371 123917 104630 102037 6399 36543 126502 133192 55329 111390 148219 119442 115072 82485 137071 35555 3937 23197 143852 125910 144492 100966 121627 137931 162664 93617 123676 112454 83541 93747 156030 62239 107524 114325 10679 54687 108282 155700 135555 76078 114861 144850 107373 67561 64492 127853 17516 114628 68785 51981 46081 97846 77041 6847 123573 108861 34767 132700 142567 118211 129000 128254 148300 102161 21808 141497 81197 59801 32322 136979 119233 122354 48990 117098 137773 124958 137047 130110 99001 147595 143117 152638 130756 102550 147798 51414 80586 79636 128043 119304 24193 107677 87595 126598 135051 120503 80580 47904 151952 116737 82625 11832 29916 100100 99750 131156 74505 108066 141500 87055 115671 130013 138977 21578 137229 117581 111465 106197 139323 118472 153275 76634 108878 144217 90637 111465 126502 55329 35555 59801 71824 119233 120503 148300 126353 132626 21808 81197 100100 132700 151173 124140 104204 144217 122654
59393 46655 88852 48074 26451 44479 17169 7844 75854 20091 97207 47008 93243 87735 66676 126702 0 99095 8702 66282 105233 48175 35515 48854 15728 22329 143565 108790 82183 46925 73655 30018 28516 43068 14854 28067 83926 10987 20898 70297 37467 84873 17209 62036 8119 110287 98623 57933 23802 86663 114665 61177 47749 98722 103329 50486 6045 97355 77690 25721 50460 20686 23503 30418 36922 88072 14377 101494 57507 28044 18747 81545 34590 23274 54357 67236 54282 45094 53964 30769 51271 128408 94963 46408 56618 72946 50575 30923 61861 12049 68889 10599 94254 129042 107008 34481 32771 30096 25911 17482 75197 38711 130975 27627 68075 118064 33480 30025 82318 19481 41328 117215 78757 140280 41869 21580 68351 31685 43844 67726 71460 67144 9107 109204 35617 72137 81302 94251 43544 81532 122741 9568 34555 92599 19537 15966 16131 13832 10376 28412 56279 108977 15780 51773 112878 110324 25065 58923 43940 104952 55885 21227 5434 40283 95039 66518 28022 141397 26327 14393 70301 39559 140621 65404 64522 140391 32979 104162 162530 71818 35062 100145 21220 53906 79340 50338 130119 80359 115022 96840 101760 74023 116408 61348 35496 26506 48082 43144 12026 31021 118004 70513 28501 43493 26268 29748 8509 31570 70682 41172 33736 59393 43493 46408 72946 94254 112878 75854 58923 21220 28412 73655 7844 108977 51773 101760 19537 28044 48175 50486 33736 143565
62552 79489 51614 101590 124052 143239 82824 105397 45097 81538 5131 114643 37939 16811 62560 28820 99095 0 98695 80408 35690 102530 128817 75559 102137 78790 108990 23973 26367 80462 99577 118956 127540 108085 109063 110193 50071 88121 104289 72046 132448 124009 81922 58486 93333 147535 9262 56573 117432 52300 91191 80810 67595 63605 135765 75770 103686 2606 44107 90730 92231 92716 102175 74731 68877 11982 108152 7687 79458 122793 81625 19236 77827 121155 111265 77443 62371 102710 95682 75907 73616 29454 23510 97915 104964 26683 83017 119558 100561 87763 65204 109595 7497 31955 20052 119011 97090 118994 73734 95619 110873 134271 81321 98950 85445 68599 66889 127989 36172 80285 85607 21894 26367 96232 126910 109681 48321 86044 116057 90217 39548 35686 99668 13131 85817 41023 23794 22389 74817 51902 27021 96744 80041 14572 106746 114804 91915 102572 101503 119743 74078 21317 113511 52380 45960 20340 111435 91354 93709 31944 89032 111705 97001 113536 105745 71861 121476 125742 124702 104328 86139 123310 54422 52712 51593 112697 90485 5074 102864 60961 102846 111077 94932 57660 19756 123193 100561 57399 17097 9105 79015 73577 110239 45823 84197 115795 58234 93370 103371 114057 31674 109806 92944 82795 80411 114211 90727 126947 49289 80130 119241 62552 82795 97915 26683 7497 45960 45097 91354 94932 119743 99577 105397 21317 52380 79015 106746 122793 102530 75770 119241 108990
64378 53347 93013 56486 31361 47288 16063 7966 79336 17258 96392 55707 96195 88538 71820 125578 8702 98695 0 58993 101865 39508 31587 42230 7431 19963 149757 106531 79920 53729 81531 24056 31188 51741 10536 20198 87982 13057 29588 76337 34471 93435 19041 66614 15118 118949 99038 62053 19582 90901 120945 53843 52892 93046 111885 56815 7043 97134 81112 17874 58295 12745 14877 26224 32926 88158 22304 100452 64251 34440 17105 81989 28621 28169 62999 73752 59025 53593 61977 35885 57366 127699 92519 54657 65046 73226 57654 38711 53366 11673 62910 13347 94389 127698 105030 27557 41127 24126 25058 9111 83538 44186 135933 18945 75194 122689 31868 34388 85028 18616 48638 115766 80098 145815 49722 14617 71934 38901 52501 59792 74077 68607 17797 108069 42888 74993 82510 95826 37300 85753 121239 2062 40946 91044 12028 20205 9090 5958 3085 35813 62498 106969 21584 54380 115972 111293 17907 66587 51953 107181 63427 15183 13702 31987 102724 72558 23897 148599 30453 7190 62646 32741 142682 69402 68334 146937 40764 103766 167311 76852 26363 107946 12850 49634 79016 58896 136377 85075 114063 95666 107687 80157 123698 64017 28241 20425 51485 34818 5230 23546 115517 78897 20251 50517 21145 22491 12672 28692 74473 47836 27000 64378 50517 54657 73226 94389 115972 79336 66587 12850 35813 81531 7966 106969 54380 107687 12028 34440 39508 56815 27000 149757
89451 90952 106250 105087 89792 102526 53554 66509 91294 49391 75801 109721 100845 80855 95875 97811 66282 80408 58993 0 62504 31465 73927 18420 55790 48835 171286 73940 54071 91863 122706 63416 87592 104221 64112 53839 101543 60013 85361 105016 78634 141387 58776 88706 67749 168159 86196 82978 67369 105059 145412 5163 82452 39768 158938 91525 65971 80419 92239 41190 101983 46291 49563 39991 36587 75809 80660 77392 99739 93417 51965 73867 32815 86692 114051 105997 84391 103384 106484 72442 90625 102447 61562 101999 113005 67158 96533 97201 22013 56864 15429 71857 80737 98210 74634 59602 91137 63399 50801 50167 129064 102703 149039 43792 111288 134734 46475 92305 90642 52948 90793 87176 78383 162436 108116 58634 86590 83023 107689 9811 82243 71735 73915 82871 86210 84327 79192 91454 24254 100854 91513 57334 80665 66698 57062 78749 50247 57714 59640 94616 95194 76014 80548 70294 118189 99810 57753 107834 97852 104929 104267 61485 69139 48439 140330 101972 69453 178816 88361 58899 6549 61379 134526 87281 85453 171561 87283 84433 176665 99050 41130 146230 46687 29138 66833 114933 159385 103500 89047 72788 130880 108758 156232 76056 30815 62157 72855 27445 59961 56023 79994 125258 39553 90642 41437 57254 62995 75389 89652 86731 60537 89451 90642 101999 67158 80737 118189 91294 107834 46687 94616 122706 66509 76014 70294 130880 57062 93417 31465 91525 60537 171286
87816 101029 85005 122252 131672 149097 88090 109626 75195 85292 31024 133145 72499 48831 90202 37979 105233 35690 101865 62504 0 91543 127540 66216 102816 82920 144642 14808 25663 102089 126766 116836 132957 126534 111012 107097 82468 94792 116640 100503 131856 150543 89672 84450 101797 175764 44914 80699 117750 85236 125861 65072 88854 32007 164397 98497 108245 37650 74775 88549 114400 92199 100083 75641 68940 41608 117393 28391 104236 132350 86488 46367 74911 128506 132333 104891 85689 122431 118503 90972 96558 43742 14815 118504 127474 48019 105702 131728 84511 93188 47897 114696 41561 37333 17774 115028 113846 116850 79807 95925 137092 143582 116988 95367 112616 104264 72106 135247 68041 85895 105450 28357 55025 131911 140922 108978 75853 102752 133375 71588 67246 58909 108803 28648 103839 69295 53419 57319 68307 83696 31168 99804 97418 24222 106401 121038 93349 103946 104061 130822 98604 17938 120939 71777 81575 54429 109672 115822 113961 67628 112883 111537 104967 106375 136528 99345 121154 160692 131489 105631 66459 118280 84854 79493 77903 148162 107634 36335 137390 90093 96619 142185 93927 52539 40595 140976 135939 88793 33037 27098 112975 102867 143801 69311 79125 114364 77598 84182 105456 110441 17734 135094 89395 103339 80891 111118 97941 127148 77799 99880 115617 87816 103339 118504 48019 41561 81575 75195 115822 93927 130822 126766 109626 17938 71777 112975 106401 132350 91543 98497 115617 144642
91860 86733 115530 94672 65986 75119 43247 45021 100407 39851 98622 95151 113953 98458 99211 124140 48175 102530 39508 31465 91543 0 44075 27020 33399 41150 178123 101191 77592 87398 117533 34315 61781 90913 39998 25974 110445 47042 69069 106390 48788 131935 49302 92595 53067 157912 106344 87025 40063 113837 150252 27369 81987 71227 150288 88944 45273 101893 101813 24589 94691 28535 25450 36403 38535 95146 61415 101279 97158 71127 42376 91179 28962 63234 101980 105486 86275 92095 98816 67243 88780 128022 87677 92367 103190 82935 91883 77282 15196 43733 43887 49613 100938 125126 101148 29452 79397 34278 46244 30877 121186 78468 159687 20570 108820 145557 46831 67614 102755 44225 83960 113490 93095 171619 88198 32566 94063 74592 92009 26499 92563 83566 57191 107812 78443 94239 94705 108194 28181 108968 118340 38698 74566 90519 32201 55894 33597 35555 38614 73921 93922 102777 58778 75594 133091 119986 30460 102225 89034 121345 98785 35199 52770 17396 137689 102814 41026 181056 63894 35996 31337 30380 154340 93199 91617 176775 77653 107170 189581 103513 13783 143275 27285 44900 85415 98349 165259 110095 114144 96369 136038 110332 156840 83940 21787 34059 75674 9713 37907 26881 108379 116752 20883 84978 33240 28414 48943 46510 97079 81531 30547 91860 84978 92367 82935 100938 133091 100407 102225 27285 73921 117533 45021 102777 75594 136038 32201 71127 0 88944 30547 178123
94899 81597 124169 78519 32044 32879 47418 27671 110777 47725 126108 72248 127763 119626 102191 154697 35515 128817 31587 73927 127540 44075 0 62226 26766 50481 178569 134182 107999 81755 105880 10791 24364 70825 21259 20658 119191 44386 49362 105573 4727 112503 50575 97468 43612 135484 129836 93191 12025 122010 149644 69114 83260 112734 130607 85679 29482 127433 112573 39177 83347 36285 27511 54226 60475 118773 38905 129874 92287 39091 48220 112895 52868 30874 82012 102173 89744 75040 86160 66252 86593 157310 120076 77873 86549 104085 85020 48459 58855 43260 83117 26891 125003 156511 133144 14624 64475 10788 56118 33200 105135 41292 166490 32242 102238 153543 62176 31363 116612 49929 75598 144533 111463 175694 57365 19161 103331 66324 67798 70443 105662 100046 41686 137310 70082 106561 113815 127237 59317 116867 149884 33219 69841 119933 22073 27928 36971 26632 28514 44390 91508 135012 31985 85956 147528 142397 17900 92081 76485 138738 89404 17152 40416 26981 127595 101806 7695 174912 29038 24931 75004 15104 174187 100617 99635 175021 66610 133857 198038 107332 32835 132259 34212 75332 109372 71661 165086 115839 143470 124980 137028 109230 149845 95595 48481 13252 82901 46552 26406 17932 142665 100274 38150 78123 48536 16841 43186 5405 105793 76203 13543 94899 78123 77873 104085 125003 147528 110777 92081 34212 44390 105880 27671 135012 85956 137028 22073 39091 44075 85679 13543 178569
73254 73161 92973 86707 73532 87883 35241 50054 77776 31092 71608 91356 89531 72287 80062 97356 48854 75559 42230 18420 66216 27020 62226 0 40290 30434 157308 74788 50612 74039 104958 51435 72307 85815 48836 41569 88042 41845 67270 88672 66750 123146 40370 72994 49659 149892 79643 67237 53718 91535 130527 13880 65347 51416 140812 74047 49273 74981 78955 25141 83835 29945 35483 21576 18683 68534 63165 74268 82337 76544 33624 65019 14577 70359 95635 89137 67961 84974 88316 54326 73295 101103 61041 83653 94675 57135 78715 79631 27444 38785 21222 55470 74201 98481 74513 49026 72718 51438 32470 33954 110953 86398 136712 30127 94000 122423 28718 76369 78662 34552 72636 86741 67806 149459 90443 44746 72259 64685 89405 23697 69197 59327 56032 80862 67937 71106 69147 82358 5834 86984 91698 40405 62519 63521 42624 62378 33200 41979 43354 77264 78044 76200 63754 54780 108072 93337 44719 89939 79546 95707 86371 47526 51283 40233 123166 85444 56542 163158 72409 43394 23910 52088 127875 72310 70554 156933 68898 80168 165636 83671 30428 129020 30887 18091 58882 96706 144966 89001 87196 69354 116031 92509 139983 61736 14450 49393 56522 18331 44040 44621 82422 107068 24652 72628 23247 45470 44905 62614 75344 68751 49699 73254 72628 83653 57135 74201 108072 77776 89939 30887 77264 104958 50054 76200 54780 116031 42624 76544 27020 74047 49699 157308
71132 60662 99311 63770 34096 47623 21123 11647 85338 21001 99532 62405 101848 92890 78613 128351 15728 102137 7431 55790 102816 33399 26766 40290 0 23747 156855 108447 82003 61065 88958 17846 32045 58716 8552 12800 94243 19815 36305 83443 30315 100598 25266 73191 22549 125936 103070 68448 15358 97244 128086 50634 59755 91673 119055 64038 11901 100717 87076 15155 65723 10700 8023 27879 34384 92013 28052 103394 71563 38353 21709 86135 28105 31062 70045 81000 65704 60817 69388 42852 64524 130792 94353 62012 72321 77323 65034 43922 47847 17726 61438 16543 98245 130289 107192 20547 48434 17905 29490 6894 90862 46983 142541 13090 82569 129157 35412 36515 90585 23538 56052 118316 84853 152666 54879 8070 78020 46314 58990 55495 79636 73520 24783 110901 50303 80680 87164 100651 36025 92101 123724 7950 48226 93631 5125 23245 10224 2157 5418 40659 69681 109095 25660 60083 121651 115658 10963 74017 59361 112374 70854 9616 20977 24609 110154 79669 19339 155971 32574 3123 58818 25732 147685 75704 74552 154150 48191 107188 173811 83586 19817 115377 9406 50278 82638 65093 143504 91653 117010 98531 114717 87287 131089 69670 25852 14298 57620 29993 4529 16280 117195 86200 16237 57895 22265 15357 19917 24924 80652 55154 20120 71132 57895 62012 77323 98245 121651 85338 74017 9406 40659 88958 11647 109095 60083 114717 5125 38353 33399 64038 20120 156855
51373 45783 77501 56672 48780 66408 5413 27153 62959 2763 76434 60939 78798 69148 58850 105622 22329 78790 19963 48835 82920 41150 50481 30434 23747 0 137940 86856 60220 46503 77088 41373 50284 55386 30273 34078 72378 12475 37508 65439 53846 93568 9942 52624 20259 120171 79401 47345 38793 75566 109682 44102 40998 77472 111553 47812 25608 77271 64607 17535 54837 16359 26006 9145 14965 68410 35322 80489 56057 49965 3694 62424 16187 45601 65340 64347 45769 54747 59190 26243 47631 107742 72921 53799 64849 53620 51074 51088 51046 10318 48361 31952 74645 107766 85241 42916 42350 41424 6028 17923 81870 60927 121390 25374 67754 107628 11912 52327 67459 4122 43757 95847 61153 132411 61486 31677 55902 35018 59104 52753 56570 49901 27179 88111 38580 57787 63437 76959 24619 70489 101331 17977 33931 71131 28680 38133 13704 23912 22717 49357 52778 87192 38086 37447 98577 91918 34036 61792 49913 88852 58277 33351 22761 42059 96756 61810 42951 139956 48575 25653 53997 47871 124033 54171 52807 136145 38898 83858 152221 63452 32411 102417 18724 31830 59157 66499 124868 70774 94100 75708 95683 69382 115691 46820 20969 37932 36028 32715 24587 38061 95960 77732 21272 44365 8279 37702 15740 48235 58722 40739 42800 51373 44365 53799 53620 74645 98577 62959 61792 18724 49357 77088 27153 87192 37447 95683 28680 49965 41150 47812 42800 137940
86569 96992 65164 104578 154199 171470 137555 151261 79992 139870 113630 117098 73567 97444 79094 122654 143565 108990 149757 171286 144642 178123 178569 157308 156855 137940 0 132313 127872 96815 77934 173469 162020 114442 158413 169475 69757 137067 130900 73420 179631 88723 132177 85540 135496 92524 99740 91100 167273 66244 28925 168999 97375 169656 83408 93086 149559 106993 79087 155475 96835 153625 162306 141723 140394 104576 140924 116487 86288 148310 137808 102463 149406 153121 106616 76400 92171 108169 95249 114030 92408 117390 131354 103698 98958 106350 93657 139205 184377 139491 159501 151714 103272 126443 128454 177310 115537 173545 132304 153747 85246 156086 29083 163025 76956 40396 131366 157608 81783 135788 103089 124312 95358 15259 137882 164359 85054 112245 121697 179765 89104 99763 136897 118625 108511 86983 95565 87688 153013 70470 126577 148909 109027 121446 161759 152091 149499 155700 152624 142381 87319 129292 148410 102883 63796 92287 167658 88262 103653 77183 90269 164562 138365 179515 59167 77199 171376 26698 156748 156896 177834 182497 78786 85191 86882 9181 112253 109087 37366 74625 170323 58004 155823 142168 109953 123693 13501 68350 117477 117598 42280 69607 37684 95598 156414 169886 102451 168772 154700 173123 138017 89139 159203 100460 145199 172193 137089 173976 81969 102430 176750 86569 100460 103698 106350 103272 63796 79992 88262 155823 142381 77934 151261 129292 102883 42280 161759 148310 178123 93086 176750 0
82819 97979 75385 119832 134941 153204 91694 113991 67542 89429 20355 131805 61900 39564 84043 24121 108790 23973 106531 73940 14808 101191 134182 74788 108447 86856 132313 0 26636 99012 121132 123681 137110 125165 116272 114185 73525 97970 117819 94011 138285 145369 92321 79060 104374 169720 33087 76124 123704 75944 115157 75849 85752 46648 158092 94860 112464 26362 66802 95015 111201 98110 106708 80642 74066 32901 119863 16290 99677 134843 90216 39124 81349 131854 129801 98976 81584 120447 115029 90628 92795 29447 14109 116085 124220 43326 102171 133133 95720 96829 58721 118785 30963 24270 3924 122528 113106 123704 82899 101590 132028 146267 104147 102467 106905 91950 75316 138692 59293 89316 103233 13858 47610 119105 141621 115210 69544 101893 132569 83418 60674 54095 111210 14273 102418 62488 45488 46360 75902 75145 17603 104481 96188 17867 112466 124754 98541 109330 108995 132675 94107 3223 124179 69108 68697 40758 116304 111521 111652 55148 108861 117601 107792 114901 128844 93363 127382 149651 135089 111065 78530 126186 70119 73620 72232 136344 106647 23226 123308 83140 104690 134305 100051 58995 35276 140018 124296 80525 18235 17265 102949 95931 134137 64759 86465 120929 75105 93097 110590 117757 9606 130506 96382 100777 86191 118253 100957 133240 71026 97633 122995 82819 100777 116085 43326 30963 68697 67542 111521 100051 132675 121132 113991 3223 69108 102949 112466 134843 101191 94860 122995 132313
62882 75421 64570 96590 108394 126576 65069 87358 52609 62796 21740 107577 54306 30713 65937 47099 82183 26367 79920 54071 25663 77592 107999 50612 82003 60220 127872 26636 0 76483 101887 97621 110477 100956 89730 88290 61175 71397 91915 76342 112010 125379 65837 59769 77932 150931 32928 55636 97310 64322 106137 54650 63280 41846 139734 73002 85828 26565 52566 68934 88793 71788 80626 54142 47635 24049 93476 23764 78996 108470 63584 25470 55377 105291 106670 80305 60392 96781 92931 65560 71101 50536 12844 92842 101861 24005 80165 107153 74530 70206 38836 92151 27673 48621 25188 96818 88377 97649 56314 75177 111920 119854 102083 76656 87854 88306 48703 112121 47145 62703 79788 36673 33315 116585 116001 88932 51974 77238 107917 63882 43867 34417 84826 30267 78229 46060 32561 41191 50785 61860 41931 77873 71827 12957 86140 98142 72022 82825 82412 106510 73371 27096 97627 46188 68108 46186 90180 90450 88298 54021 87441 91258 81298 89984 112975 74852 101066 141107 108495 84568 59771 100714 80705 55203 53502 130196 82101 30388 126596 66447 79506 118763 73796 33490 18152 115490 117783 66478 36601 18940 92409 79015 122309 44397 60969 94759 51968 68833 84036 91968 35837 109760 70557 77685 59740 92362 74415 106867 54263 74218 97211 62882 77685 92842 24005 27673 68108 52609 90450 73796 106510 101887 87358 27096 46188 92409 86140 108470 77592 73002 97211 127872
19729 1067 48690 21131 59491 78427 44211 54524 40599 47563 81065 34797 58196 64458 24533 109022 46925 80462 53729 91863 102089 87398 81755 74039 61065 46503 96815 99012 76483 0 30928 76938 66597 28547 61769 73861 44696 41792 35460 24335 82903 50777 38213 23955 38963 77441 75744 24077 70507 46350 67890 87819 13288 109964 67469 5451 52860 78012 42418 62982 12311 59913 67407 53425 55386 68563 44757 85979 10582 54746 45023 61370 61616 57843 30879 20419 18191 22512 16522 20268 7502 108401 88031 17484 25386 55714 4676 47379 97429 44702 86222 54917 73471 112347 95887 81154 21373 77016 42314 59101 37739 64673 86519 69287 21632 74811 45404 63277 49948 43186 7144 102113 54345 94440 50931 68151 34182 15434 37088 97620 41835 45187 40097 93251 11812 41032 57073 65941 68432 41801 107417 53171 12993 81168 65732 55706 55193 59675 56428 49479 10629 97794 52244 30313 75624 83275 71553 16004 13511 72212 12455 68098 41636 84957 50294 20718 74578 94943 61658 60707 97830 86303 106453 29690 30121 93469 16201 84850 118186 29502 77026 55920 61823 66192 63781 43548 83336 38552 97508 82685 55493 27734 70157 34692 67355 73403 24536 79214 58427 77275 108523 34539 66783 3892 54735 76188 41161 77201 34817 5956 80496 19729 3892 17484 55714 73471 75624 40599 16004 61823 49479 30928 54524 97794 30313 55493 65732 54746 87398 5451 80496 96815
39008 31797 53941 27785 78118 94194 74319 80498 54628 77923 101492 39197 67787 82766 37123 126353 73655 99577 81531 122706 126766 117533 105880 104958 88958 77088 77934 121132 101887 30928 0 103056 86342 37088 87927 101632 52538 70888 56535 27637 106028 24459 68254 42331 66417 49044 92773 46265 95787 52051 50762 118719 41179 138577 37989 31438 79094 96977 55836 92960 23235 89450 96014 84302 86293 88566 66990 106279 23685 71700 75302 82018 92472 77551 28688 22178 41912 31410 19798 51017 32691 124335 112099 28012 21128 78777 26254 62156 128126 74059 116457 79432 92105 130051 117593 108004 41506 103138 73162 88109 11890 78556 76897 98602 14228 69246 76291 81184 64117 73566 33575 121373 73663 80132 59990 95216 51599 43088 43853 128548 60480 67861 65327 112703 39160 58750 75997 80401 99360 49880 126206 81377 43158 103880 93163 78117 84528 87284 83867 65644 29055 119341 74141 57091 79621 96411 98709 15317 29750 81756 18812 94619 68227 113461 21723 27790 99445 69436 80901 88020 128720 112978 110860 47540 49006 72356 40767 103126 106774 38775 106413 26519 91163 96395 86467 45864 64865 44456 115748 103975 43693 26854 44517 57518 98036 99740 52327 109693 85658 104676 130213 13106 96714 32724 85361 103390 69603 100805 50319 36426 107177 39008 32724 28012 78777 92105 79621 54628 15317 91163 65644 0 80498 119341 57091 43693 93163 71700 117533 31438 107177 77934
88423 76654 116991 76445 35085 40958 38969 22629 103133 38665 116099 72152 119694 110359 95851 144461 30018 118956 24056 63416 116836 34315 10791 51435 17846 41373 173469 123681 97621 76938 103056 0 29018 69767 15230 9868 111942 37104 47362 100100 15365 111961 42912 90667 38004 136060 120325 86061 8051 114898 144595 58540 76908 102022 130314 80391 24169 117653 104882 28691 80030 26241 16995 44227 50282 109176 37249 119763 87519 41517 39530 103501 42332 33030 81176 97215 83080 73149 83263 59868 81078 147214 109584 75300 84794 94686 80582 49850 49387 35389 72343 23999 115391 146199 122721 6215 61622 83 47229 23576 103514 46350 159989 21485 98062 146730 52755 35623 108431 41379 71296 134225 102523 169801 59857 9776 95788 61692 68042 60369 97482 91258 37754 127132 65607 98524 104789 118330 48571 109751 139542 25297 64451 109698 12753 27642 27672 18348 21041 45917 86150 124574 31544 77922 139497 133099 7520 88629 73327 130164 85700 8929 35367 18099 124624 96317 6947 171313 32416 16885 64764 10208 165405 93376 92266 170394 62728 123973 191360 100897 22289 129573 24037 64748 99666 72874 160046 109129 133331 114847 131524 103875 146291 87515 37735 3632 75359 35981 18907 7489 132085 98706 27447 73509 38545 6162 36549 12203 98385 71160 4997 88423 73509 75300 94686 115391 139497 103133 88629 24037 45917 103056 22629 124574 77922 131524 12753 41517 34315 80391 4997 173469
82979 66717 113205 58557 8453 16144 45435 23336 101494 47776 125712 49912 119344 115765 89664 155218 28516 127540 31188 87592 132957 61781 24364 72307 32045 50284 162020 137110 110477 66597 86342 29018 0 49699 23546 35823 108545 39499 31275 90928 22222 90024 45622 86286 34508 111969 126807 83069 21868 110916 133288 82460 71567 123631 107772 71352 24727 125762 103380 47169 65228 42437 38119 57360 64056 116406 22085 130009 76583 15529 46894 109765 59504 8899 60283 86537 78526 54934 67231 55817 72731 156890 123201 58715 65889 101254 68936 25398 76961 40310 93395 18331 122558 157554 135413 35161 46506 29083 54362 38429 83942 17363 153097 43908 85069 141089 61831 6998 108830 47855 59702 145718 106512 160809 33261 29462 93995 51743 45217 86430 98208 94905 29082 137720 54884 98619 109128 121743 67852 105913 151239 33236 56679 121081 30612 12781 40056 30332 29318 21415 77087 137375 14939 78863 138608 138177 31321 73899 58376 131782 71754 26695 30763 46911 107940 87311 22185 155775 5480 28928 90184 37937 167446 90513 89929 157612 50444 132601 184774 94877 48342 112138 41429 80822 107792 48144 148542 103842 143533 125355 121778 94231 130841 88199 57886 28081 74465 60898 28339 35612 146242 79089 48152 62725 52330 33930 36814 19135 95979 61833 33910 82979 62725 58715 101254 122558 138608 101494 73899 41429 21415 86342 23336 137375 78863 121778 30612 15529 61781 71352 33910 162020
48238 29361 76041 10061 41337 57153 50816 48278 69100 54974 108253 6641 86510 92505 52296 136834 43068 108085 51741 104221 126534 90913 70825 85815 58716 55386 114442 125165 100956 28547 37088 69767 49699 0 55395 70468 72480 44947 22618 48991 70364 42229 45446 52487 37991 67223 103900 52386 61964 73727 86365 99464 40584 129557 60643 33888 47302 105711 70899 67123 19821 62565 66570 64318 68786 96110 32521 113137 34551 34714 52336 88859 71487 41096 11434 43163 46508 6796 19693 35907 36017 136512 113216 12205 16220 82397 27729 25074 103853 48300 102434 45794 101318 140040 122296 75348 13401 69850 54061 60041 34392 41647 109634 70520 38989 99490 60206 44222 78494 51274 22542 129432 82346 115137 24195 63380 62722 23901 8676 107717 70191 72434 33962 120607 22773 69496 85109 94450 79991 69537 134837 52299 29130 107333 61944 42948 57538 56716 53302 28639 37906 124251 38879 56199 103254 111796 66816 27038 15124 100633 26235 62137 38175 83002 58425 46145 65128 106318 44221 56958 109300 79961 134426 58237 58636 109274 18987 112645 140767 56867 78087 62468 63638 83489 90392 15129 101140 65638 125182 109503 76666 51255 81538 62345 75063 66813 50202 84874 54650 72849 134762 29524 70463 25560 63020 71351 42438 65539 63339 27957 74354 48238 25560 12205 82397 101318 103254 69100 27038 63638 28639 37088 48278 124251 56199 76666 61944 34714 90913 33888 74354 114442
73882 61507 102960 61578 26203 39073 26592 7429 89518 27526 106666 58329 106536 99065 81240 135730 14854 109063 10536 64112 111012 39998 21259 48836 8552 30273 158413 116272 89730 61769 87927 15230 23546 55395 0 15523 97968 23130 32797 85116 23953 97613 29353 76338 22924 122267 109532 71977 9250 100813 129517 58968 62281 100225 116037 65330 8941 107538 91315 23706 64849 19173 14980 35640 42273 98618 23204 110658 72352 31132 27586 92493 36527 23321 66829 82091 68651 58366 68147 45228 66086 137970 102205 60281 70008 83721 65369 37802 54902 22148 69990 10085 104851 137776 114898 20148 46580 15310 35547 15237 88717 38970 145506 20685 82838 132439 42177 28315 95413 29142 56070 125822 90632 155014 48527 8184 82074 46483 54510 63382 84470 79133 22601 118237 50389 85337 93045 106354 44562 95668 131268 12372 49393 101102 7798 15909 17743 7087 7580 34213 71115 116820 19030 64747 126290 121823 11487 73425 58180 117657 70478 6771 20154 28152 109454 81335 13580 156084 24420 5486 66913 25054 153184 79388 78389 155238 47508 114130 176994 86344 26218 114446 17957 58508 89421 60018 144971 94752 124278 105841 116572 88856 131064 74388 34393 11819 61642 37788 5718 17479 125129 83943 24613 58310 30178 15957 21997 18157 84545 56026 19269 73882 58310 60281 83721 104851 126290 89518 73425 17957 34213 87927 7429 116820 64747 116572 7798 31132 39998 65330 19269 158413
83481 73451 111120 76072 40439 49370 32661 22216 96842 31519 107173 73679 112875 102275 90986 135256 28067 110193 20198 53839 107097 25974 20658 41569 12800 34078 169475 114185 88290 73861 101632 9868 35823 70468 15523 0 106020 32420 47863 96092 25218 112592 37478 85361 35282 137543 111949 80445 14112 109106 140749 48899 72226 92215 131045 76781 23182 108983 98530 19489 78404 17978 8180 35607 41326 100727 38631 110717 84349 46079 32873 95294 32913 37871 81879 93751 77993 73008 81996 55445 77224 138160 100106 74472 84591 86501 77834 53246 41167 30031 62483 25608 106912 136907 113316 8935 60818 9870 40090 16298 103221 52671 154651 11747 95370 141116 44824 41798 101537 34848 68836 124945 94826 165039 63863 7351 89649 59099 69953 51314 90644 83780 36873 118005 63087 91835 96989 110619 38796 103981 130220 20701 61003 100522 8566 31070 20665 14351 17766 49576 82395 115150 34452 71385 132656 124932 4534 86753 71967 122777 83614 9532 33456 12645 122895 92325 15629 168772 38171 13684 55499 13793 157731 87578 86339 166868 60877 115178 185774 95894 12908 128083 15617 55197 91117 75538 156151 103785 124240 105782 127286 99954 143888 80848 27972 8355 69399 26405 16049 3992 122493 98511 17806 70695 30021 4072 32703 21554 92375 67945 9052 83481 70695 74472 86501 106912 132656 96842 86753 15617 49576 101632 22216 115150 71385 127286 8566 46079 25974 76781 9052 169475
25765 44139 5127 63485 102334 121825 73374 91708 10283 74726 53171 78173 15274 34007 20228 74724 83926 50071 87982 101543 82468 110445 119191 88042 94243 72378 69757 73525 61175 44696 52538 111942 108545 72480 97968 106020 0 74949 78625 25665 121386 76710 69030 22260 76030 98489 41992 26005 107216 3516 45290 99350 36979 102666 86584 39262 89860 47509 9347 89540 53127 88709 98171 74363 72020 41009 86510 57497 38240 98423 73166 36326 81483 100231 71450 31959 30029 65895 55045 53307 37357 72199 67840 60447 63713 37830 44757 91788 115362 76560 89868 93831 42700 78539 69686 114593 65870 112007 66395 89734 64383 108889 49271 97700 39447 35291 63825 106285 14427 71177 51712 71014 27925 61442 95591 102248 16514 57401 81154 110117 19363 30088 79858 62807 55002 17227 29141 28741 84086 2951 75388 86647 51986 58256 99363 96481 85364 93593 91052 93555 34604 71165 93644 35116 30928 43934 105177 48736 57465 29456 47711 103149 79567 114380 55777 27253 111540 80117 104106 95085 108091 119706 61947 18584 19695 70529 60008 52721 79842 15691 104371 61028 91053 72445 43112 86880 58180 8084 64850 56457 31268 25697 61412 26537 88682 108320 36640 100845 93204 109931 81726 64460 93055 48365 78613 109332 76006 115485 13659 47839 114288 25765 48365 60447 37830 42700 30928 10283 48736 91053 93555 52538 91708 71165 35116 31268 99363 98423 110445 39262 114288 69757
51376 41304 79971 47742 37008 55421 7065 17699 66396 10929 86220 50013 83427 76950 58839 115720 10987 88121 13057 60013 94792 47042 44386 41845 19815 12475 137067 97970 71397 41792 70888 37104 39499 44947 23130 32420 74949 0 25438 63673 46950 85016 6387 53563 7885 111230 87757 49003 32365 77854 108329 55081 39951 89927 103313 44429 15882 86395 68189 22576 47820 18614 25626 21412 27440 77144 22897 90511 52154 37674 8792 70672 27270 33895 55560 61406 45993 45333 51850 23044 44817 117424 84206 45340 56218 62035 45978 38630 59126 3374 60648 21489 83336 118072 96129 40348 32628 37173 15087 17335 74146 48801 122893 27721 63415 109632 22755 40725 72340 8937 37412 106256 68125 132875 49107 27561 58965 27800 47728 62869 61411 56537 14709 98224 31743 62236 70628 83723 36166 72705 111785 11910 28818 81663 24813 26883 13643 18833 16112 36888 49998 98102 26241 41676 103169 99601 30720 55669 42007 94729 52335 28239 10322 43168 91607 59905 36699 136703 37131 20221 64723 45538 130336 56366 55321 134462 30620 93189 154257 63843 35528 97016 20275 44264 68365 54921 123734 72026 104036 85865 94909 67534 111949 51312 30150 33473 38523 40160 18264 36059 107233 69715 26175 38872 18602 35171 3266 41076 61468 35838 39875 51376 38872 45340 62035 83336 103169 66396 55669 20275 36888 70888 17699 98102 41676 94909 24813 37674 47042 44429 39875 137067
52861 35650 83067 29232 24038 43239 32267 25662 72496 36316 103385 26128 90532 90539 59131 132916 20898 104289 29588 85361 116640 69069 49362 67270 36305 37508 130900 117819 91915 35460 56535 47362 31275 22618 32797 47863 78625 25438 0 59744 49540 64819 28258 56498 17618 89719 101963 54059 39709 80745 102104 80379 41945 114703 83250 40394 24723 102196 74396 46077 34366 41221 44251 46634 52230 92524 10458 108056 45318 19845 33968 85437 52693 22437 34046 55265 48948 25841 36880 28546 41920 133654 104697 28523 37466 77620 37663 15348 82600 28505 85867 23369 98379 135709 115473 52821 15418 47445 38168 38290 56177 30790 121969 48524 53958 110204 45517 27865 80670 33516 28476 124322 80670 129535 24443 40762 65162 21224 22996 87728 70613 69419 11932 115785 23925 70637 83417 94969 61603 75875 129864 30397 26826 100524 39355 21609 36355 34257 30889 15616 46035 117465 17698 52560 109233 112035 44200 43115 27462 103717 40733 39552 16588 60421 78257 56170 43128 125739 26221 34411 89887 57520 139065 61273 60969 126717 19260 109208 153626 64303 55916 82898 41993 68539 85058 29772 117408 73352 121085 103817 90504 62991 100688 61072 55052 44311 47252 63750 32129 50236 127347 51356 49132 31571 44023 48747 22374 44270 66777 31040 51855 52861 31571 28523 77620 98379 109233 72496 43115 41993 15616 56535 25662 117465 52560 90504 39355 19845 69069 40394 51855 130900
15582 24273 28090 39349 83746 102475 64513 78059 27009 67135 74136 54090 40882 55242 10415 98724 70297 72046 76337 105016 100503 106390 105573 88672 83443 65439 73420 94011 76342 24335 27637 100100 90928 48991 85116 96092 25665 63673 59744 0 106935 52092 58952 17151 62195 75710 65138 22492 94078 25918 44659 101731 24440 115178 64103 19910 76322 69442 28200 82856 29172 80618 89039 70420 70421 61242 69082 78872 14779 78777 64912 54921 78495 82157 46413 6338 20711 42211 30244 40661 19030 96782 85716 36789 38438 52590 22394 70890 114447 66166 96296 78880 64560 102416 90393 103890 45155 100175 60146 80507 39245 88279 62238 90066 13886 50928 60646 87488 36485 62915 31273 93792 46406 70220 72945 90942 24663 39547 57580 112219 33419 41925 64104 85160 36113 31531 48628 52827 83628 22827 98590 75495 35754 77078 88339 79979 76315 82280 79212 73311 14073 92095 76562 35065 55144 69105 94238 23447 34714 55120 23015 91182 65192 106383 36983 3783 98243 74817 85961 83481 111402 109077 86625 21139 22858 70906 40496 75517 93883 11139 97545 42892 82750 76698 59927 62596 60062 17804 88121 76776 31467 3944 51314 32400 85109 96506 32203 97437 81295 99716 102945 38939 86644 28202 73152 98775 63672 101172 22985 29465 103333 15582 28202 36789 52590 64560 55144 27009 23447 82750 73311 27637 78059 92095 35065 31467 88339 78777 106390 19910 103333 73420
96771 82804 126318 78453 30367 28879 50484 29680 113187 51083 129840 71358 130366 122900 103976 158577 37467 132448 34471 78634 131856 48788 4727 66750 30315 53846 179631 138285 112010 82903 106028 15365 22222 70364 23953 25218 121386 46950 49540 106935 0 111627 53246 99490 45453 134078 133246 95386 15052 124130 150717 73808 85116 117379 129579 87026 31532 131013 115005 43367 83807 40224 31774 58056 64408 122245 39133 133675 93366 37508 51394 116251 57061 29647 81383 103306 91724 74916 86419 68210 88041 161087 124176 78032 86299 107455 85980 47164 63533 46101 87701 28062 128480 160451 137180 19337 64855 15369 59340 36955 104752 38493 168245 36688 103010 155468 65650 29139 119290 53022 76546 148472 114560 177142 55482 23081 105706 67482 66793 75168 108358 103077 42838 141154 71142 109182 116957 130296 63717 118999 153848 36230 71319 123828 25886 27931 40534 29936 31451 43101 92863 139060 31887 88625 150087 145669 22196 92562 76912 141600 90010 20806 42072 31647 127750 103188 10988 175278 27309 28193 79731 19491 177137 102848 101932 175863 67429 137501 199855 109149 37527 132278 38235 79540 112921 70211 166134 117772 147285 128799 138337 110527 150224 98262 52890 17496 85333 51243 29415 22620 146840 99885 42520 79197 52382 21480 45481 5902 108094 77484 18267 96771 79197 78032 107455 128480 150087 113187 92562 38235 43101 106028 29680 139060 88625 138337 25886 37508 48788 87026 18267 179631
62775 51807 77749 37277 81584 93848 89842 90450 79087 93820 125853 40276 91884 107200 61489 150793 84873 124009 93435 141387 150543 131935 112503 123146 100598 93568 88723 145369 125379 50777 24459 111961 90024 42229 97613 112592 76710 85016 64819 52092 111627 0 83926 66355 78953 26803 117230 69844 104110 75981 65707 137026 62988 160638 18459 52987 89411 121411 80290 107590 39527 103400 108312 101750 104835 112924 74715 130659 46389 74505 91121 106294 109631 81988 30798 46569 65000 39892 34994 69000 54669 148708 135978 39823 28820 102694 46380 64629 144017 88374 136786 88012 116544 154498 141871 117574 52550 112044 90690 101286 13459 78064 94490 111885 38571 89269 95133 83742 88563 89663 50650 145821 98012 94542 58411 105563 75912 58582 44850 146228 84794 91752 75833 137138 55213 83114 100383 104804 117366 74127 150664 93782 60766 127985 104042 84856 98338 98657 95215 68644 52010 143640 80801 79739 102463 120641 109012 35270 43673 105661 38592 104362 79738 125058 30491 52164 107147 73025 84619 99002 147051 122163 133218 71753 73143 81342 54747 127582 121931 63231 119594 30720 104732 116825 110499 42632 77114 68633 140206 128265 62943 51139 51292 81242 114313 109037 74479 125114 96669 115052 154516 16272 111147 51166 101732 113566 82992 107143 74729 55121 116576 62775 51166 39823 102694 116544 102463 79087 35270 104732 68644 24459 90450 143640 79739 62943 104042 74505 131935 52987 116576 88723
46004 37604 74084 46883 42663 61424 6066 24087 60300 9896 80119 51035 77189 70586 53511 109668 17209 81922 19041 58776 89672 49302 50575 40370 25266 9942 132177 92321 65837 38213 68254 42912 45622 45446 29353 37478 69030 6387 28258 58952 53246 83926 0 47945 12133 110449 81427 43186 38550 72000 103571 54041 34816 86447 102016 40244 22268 80162 62073 24787 45598 21818 30129 18937 24053 70864 27729 84464 48258 42710 7199 64345 26099 39619 55431 57136 40521 44871 49853 18431 40391 111270 78675 44109 55145 55737 42631 42557 60249 7542 57836 27784 77045 112078 90375 45759 32422 42977 10026 21572 72461 54038 117288 31263 59780 103892 17640 46477 66061 5846 34704 100306 61738 127561 52575 33228 52911 25562 49305 62590 55120 50150 19133 92193 29292 55988 64244 77338 34549 66855 105845 17622 25294 75790 30369 32912 17365 24563 22125 41275 45598 92355 31929 35395 96954 93224 36227 52940 40357 88382 49487 34147 15471 47434 88450 55218 42880 132719 42997 26071 63924 50924 123974 50469 49355 129855 29182 86985 148546 58420 38916 93998 23859 40299 62172 56761 118919 66400 97951 79862 89930 62858 108151 45035 30388 39292 32466 41542 24269 41267 101657 68223 28580 35683 17849 40520 8811 47386 55480 32298 45377 46004 35683 44109 55737 77045 96954 60300 52940 23859 41275 68254 24087 92355 35395 89930 30369 42710 49302 40244 45377 132177
4286 23197 26977 44489 80108 99640 52804 69860 16664 54711 59842 58649 34475 41900 7185 86463 62036 58486 66614 88706 84450 92595 97468 72994 73191 52624 85540 79060 59769 23955 42331 90667 86286 52487 76338 85361 22260 53563 56498 17151 99490 66355 47945 0 54047 91315 52810 5758 85561 24726 57815 85664 14719 98068 80003 18606 68025 55936 18505 70132 34490 68648 77763 56207 55266 46962 64251 64714 20977 76331 52840 40103 63988 77980 53603 20537 7803 46295 37520 31282 16470 85363 69769 41044 46771 36447 25339 70032 99458 55472 79416 71760 51183 89953 75615 93704 44365 90736 46865 69215 52979 86960 69350 77926 28167 56104 45931 84069 26026 50816 30542 80373 32135 79834 74584 81087 10478 35300 61043 96284 18953 25541 57648 71555 33162 17695 34697 42217 68245 19656 85475 65419 29762 61631 78275 74253 64871 72371 69652 71606 15708 77416 71388 18413 52742 59484 84154 32868 37391 48327 30635 81791 57518 94564 54111 15138 89865 90216 81854 73784 95161 98869 82981 5916 6900 84336 38224 62510 100700 10918 85028 60031 70925 60038 44162 67419 72682 18465 75251 62047 43476 20498 67621 15438 70924 87036 16926 83296 71799 89190 88289 51509 73816 27252 59687 88465 54343 93600 10865 26089 93311 4286 27252 41044 36447 51183 52742 16664 32868 70925 71606 42331 69860 77416 18413 43476 78275 76331 92595 18606 93311 85540
51333 38658 80923 41773 30791 49932 14886 15946 68148 18813 91742 42713 85692 81262 58588 121348 8119 93333 15118 67749 101797 53067 43612 49659 22549 20259 135496 104374 77932 38963 66417 38004 34508 37991 22924 35282 76030 7885 17618 62195 45453 78953 12133 54047 0 104845 92338 50072 31920 78718 106607 62778 39682 97729 97358 42410 14163 91481 70000 29139 43182 24600 29718 29276 35195 82042 15597 96172 49537 30578 16613 75322 35083 27836 48931 59210 46273 39068 46901 22765 43167 122757 90774 39743 50331 66884 42731 30847 65868 10887 68525 17873 88162 123841 102372 42225 26416 38081 22040 22334 68665 41923 122886 32942 60265 110022 29721 34685 74893 16480 33600 112129 72018 132162 41242 29233 60630 23883 40183 70303 64112 60407 7047 103917 27857 64683 74626 87324 44010 73597 117676 15035 26471 87708 26930 21738 19557 20942 17585 29292 48192 104357 20178 44553 105244 103676 32670 51475 36888 97680 48334 29139 3753 47062 87615 58415 36138 133651 31373 21833 72333 47357 133369 57558 56736 132394 25653 98376 154457 63740 40685 92828 25800 51901 73635 47253 122060 72322 109586 91637 93655 65933 108706 54028 37572 34451 40527 46896 19516 38501 113738 64086 32480 35614 26414 37334 4756 39571 62886 33158 41543 51333 35614 39743 66884 88162 105244 68148 51475 25800 29292 66417 15946 104357 44553 93655 26930 30578 53067 42410 41543 135496
88051 78458 98579 63594 103711 113117 116304 115328 102458 120329 149808 63964 113151 130785 85755 173212 110287 147535 118949 168159 175764 157912 135484 149892 125936 120171 92524 169720 150931 77441 49044 136060 111969 67223 122267 137543 98489 111230 89719 75710 134078 26803 110449 91315 104845 0 140151 95303 128070 97137 76272 163770 89343 187075 11954 79352 114441 144929 103432 133757 66329 129418 133790 128454 131622 136935 99093 154506 72299 96570 117629 130617 136281 104617 55968 70912 90813 65899 61797 95798 80921 170568 161063 66372 55322 127751 72969 87026 170341 114601 163558 112397 140038 177022 166102 141892 78612 136142 117425 127105 39742 97964 105711 137649 63149 103808 121934 105273 111495 116224 77451 169089 122116 102000 78939 130361 100249 85255 68024 172889 109083 116857 101183 160591 81957 107234 124316 127177 144102 96204 173685 119448 87565 152683 129064 108519 124359 123927 120521 91097 77843 167797 104544 105831 120757 141995 133747 61707 70359 126161 65127 128933 105328 150131 44336 76496 130765 70619 106770 124128 173790 146251 150015 96364 97899 83833 81281 150746 128913 86656 145269 40789 130636 143576 135361 63869 83569 90617 163152 152486 78333 73961 56167 106559 140808 133351 100766 151388 121837 139742 178637 43049 137243 77947 128288 138191 109052 130080 98694 81903 140831 88051 77947 66372 127751 140038 120757 102458 61707 130636 91097 49044 115328 167797 105831 78333 129064 96570 157912 79352 140831 92524
57016 74821 43099 96818 122762 142212 82997 105323 38161 82164 13985 110360 29057 11488 56132 33734 98623 9262 99038 86196 44914 106344 129836 79643 103070 79401 99740 33087 32928 75744 92773 120325 126807 103900 109532 111949 41992 87757 101963 65138 133246 117230 81427 52810 92338 140151 0 51667 118194 43964 82100 86139 63336 72125 128306 70788 103554 7344 36945 92654 87122 94165 103822 76344 70942 11296 106648 16878 73706 120984 81946 17086 80308 119979 106249 70808 57553 98212 90315 73417 68612 32658 32262 93219 99577 25812 77899 117055 105563 87754 71305 109210 5483 37337 29165 120853 93585 120369 73986 96788 104280 132395 72165 101040 78796 59353 67662 126750 28716 80442 81360 29025 21614 87056 123794 110834 42385 82774 112108 95954 34001 32545 98348 20925 82143 35115 18834 13545 78270 44047 33539 97160 76707 22732 107858 114026 92875 103313 101953 117548 68518 30306 112425 49435 36899 13725 112831 85518 89183 22784 83431 112685 96065 116251 97768 65303 122346 116565 123633 105054 92169 125356 48450 46913 46029 103440 86984 10750 94391 53999 105514 102978 96455 61556 21061 119027 91314 49615 23019 18014 70147 66349 101422 41709 87012 117035 54996 96943 103909 115881 40310 103510 95159 78381 81942 115901 90145 127607 42900 76034 120990 57016 78381 93219 25812 5483 36899 38161 85518 96455 117548 92773 105323 30306 49435 70147 107858 120984 106344 70788 120990 99740
7357 23160 30984 45167 77248 96893 47803 65707 18486 49515 57468 58771 36493 40402 12898 85007 57933 56573 62053 82978 80699 87025 93191 67237 68448 47345 91100 76124 55636 24077 46265 86061 83069 52386 71977 80445 26005 49003 54059 22492 95386 69844 43186 5758 50072 95303 51667 0 81223 28851 63511 79914 12338 93102 84182 19205 63858 54088 20385 64803 35658 63495 72741 50623 49550 44769 61182 62379 23619 73882 47744 37670 58344 74970 54718 25130 5892 46562 39165 27429 17046 84324 66161 41554 48437 32971 26444 68167 93735 50728 73843 67909 49481 88374 72810 88896 43052 86128 41509 64224 56394 84774 74215 72702 32339 60712 40288 81245 26804 45728 29927 78347 30322 85073 73484 76410 11104 33143 60751 90530 17806 22062 54153 69488 31583 17201 33030 42180 62502 23703 83582 60768 27265 58459 73555 70800 59863 67722 65115 69447 18010 74665 68131 12702 55541 59536 79405 35406 37537 49749 32757 77233 53644 89371 59270 20053 85545 95972 78834 69184 89426 94040 85006 7491 6916 90022 36632 60865 105370 16561 79705 65209 65797 54372 40916 67483 78312 23436 73560 59372 49131 26013 73304 11431 65317 82434 11386 77682 67267 84312 85498 54519 68454 26827 54235 83643 50005 89485 12912 24874 88545 7357 26827 41554 32971 49481 55541 18486 35406 65797 69447 46265 65707 74665 12702 49131 73555 73882 87025 19205 88545 91100
83066 70292 112206 68899 27296 35343 35502 16021 98760 36031 114871 64199 115739 107864 90400 143709 23802 117432 19582 67369 117750 40063 12025 53718 15358 38793 167273 123704 97310 70507 95787 8051 21868 61964 9250 14112 107216 32365 39709 94078 15052 104110 38550 85561 31920 128070 118194 81223 0 110056 138358 62334 71448 104983 122431 74234 17762 115980 100554 29279 72910 25626 18240 43219 49676 107195 29455 118748 81079 33568 36370 101202 42842 25102 73348 90891 77861 65546 75992 54407 75059 146139 109601 67903 77175 92405 73961 41803 55259 31255 74915 16387 113430 145639 122497 14164 54285 8131 44307 22134 95883 38993 154685 23793 91339 141657 50605 28153 104594 38029 64589 133665 99582 164082 51861 8972 91320 55127 60047 65313 93645 88129 30728 126259 58972 94537 101960 115337 50110 104911 139067 21261 58324 108986 11352 19602 25541 14885 16520 37877 80042 124394 23530 73935 135503 130635 9747 81577 66131 126760 78748 6242 28910 25153 117427 90301 4334 164388 24748 13141 69370 18187 162241 88637 87639 163944 55802 122488 186194 95519 26922 122280 23823 65251 97883 64826 153811 103963 132365 113888 125544 97785 139335 83575 39431 6242 70884 40096 14436 13782 132384 91058 29077 66964 37579 12086 31231 9568 93794 64843 12993 83066 66964 67903 92405 113430 135503 98760 81577 23823 37877 95787 16021 124394 73935 125544 11352 33568 40063 74234 12993 167273
27954 45857 2340 64525 104564 123980 76447 94467 13795 77884 55600 79266 16033 36566 21827 76210 86663 52300 90901 105059 85236 113837 122010 91535 97244 75566 66244 75944 64322 46350 52051 114898 110916 73727 100813 109106 3516 77854 80745 25918 124130 75981 72000 24726 78718 97137 43964 28851 110056 0 41963 102865 39392 105904 85202 40963 92624 49767 12849 92787 54175 91876 101294 77704 75442 43675 88850 59814 39266 100490 76278 39289 84876 102526 72168 32257 32529 67071 55833 55961 39145 73431 70680 61608 64295 41140 46084 93635 118843 79538 93360 96470 45019 80062 72080 117639 67653 114965 69599 92833 63937 110821 45938 100911 39429 32062 67168 108494 17301 74281 53437 72921 31017 57970 97098 105228 19814 59537 82401 113632 22868 33578 82368 64865 56982 20740 32079 30525 87555 5148 77153 89601 54263 61015 102359 98960 88463 96554 93965 95517 36027 73509 96047 38412 29537 44911 108190 49288 58823 29711 48508 106080 82218 117597 53955 27940 114375 76852 106400 98026 111607 122765 60884 21543 22780 67067 61940 54714 76684 16912 107637 59056 94213 75962 46213 87922 54706 8180 66633 58987 28091 25411 58565 29973 92065 111273 39707 104250 96117 113004 83973 64279 96323 50096 81897 112380 78829 118233 16876 49810 117316 27954 50096 61608 41140 45019 29537 13795 49288 94213 95517 52051 94467 73509 38412 28091 102359 100490 113837 40963 117316 66244
58403 68071 41570 76385 125552 143127 109053 122350 54975 111516 95234 89483 53405 77125 51048 110260 114665 91191 120945 145412 125861 150252 149644 130527 128086 109682 28925 115157 106137 67890 50762 144595 133288 86365 129517 140749 45290 108329 102104 44659 150717 65707 103571 57815 106607 76272 82100 63511 138358 41963 0 142762 68852 147828 65295 64204 120653 88865 54467 127191 68225 125152 133681 113932 113059 84397 112068 98878 57365 119797 109378 80841 121784 124394 79284 47476 63999 79928 66907 85319 63579 105974 111660 75266 71350 83101 64754 110862 157233 110819 134580 122790 84509 114192 111233 148501 86783 144671 104169 125139 59591 127920 29511 134583 48244 29300 103731 129023 58993 107366 74183 109580 72837 29447 110162 135533 58857 83320 93950 153486 64298 75062 107972 102567 79589 62066 73650 68840 125949 45233 112868 120136 80145 101800 132960 123217 120925 126895 123791 113924 58460 112405 119561 75758 51076 78070 138851 59775 74983 61506 61600 135696 109453 150982 35239 48424 142455 34986 128054 128068 151943 153685 76090 58257 60049 26531 83365 92456 56526 46955 141978 36385 127316 116317 87988 96562 15454 41959 102826 98958 14533 40799 22320 69362 128668 141019 74708 141044 125858 144363 122205 62915 130951 71537 117139 143406 108273 145055 55818 73515 147925 58403 71537 75266 83101 84509 51076 54975 59775 127316 113924 50762 122350 112405 75758 14533 132960 119797 150252 64204 147925 28925
86211 86929 104145 100549 84630 97442 48712 61348 89073 44546 76361 104895 99387 80180 92804 99487 61177 80810 53843 5163 65072 27369 69114 13880 50634 44102 168999 75849 54650 87819 118719 58540 82460 99464 58968 48899 99350 55081 80379 101731 73808 137026 54041 85664 62778 163770 86139 79914 62334 102865 142762 0 78795 44045 154684 87683 60816 80654 90101 36031 97708 41134 44462 35394 32435 75490 75554 78257 95944 88262 47148 73071 27983 81530 109409 102478 81044 98772 102192 68189 86862 103903 63019 97515 108542 65966 92495 92099 19996 51900 17213 66695 80659 100077 76293 54886 86447 58525 46346 45006 124822 97541 147323 38699 107559 133007 42429 87148 88939 48200 86509 88816 77082 160506 103026 53564 84068 78553 102792 10768 80157 69819 68879 84070 81816 82189 78060 90664 19675 98529 93334 52194 76389 67477 51953 73587 45121 52554 54479 89490 91526 77762 75393 67288 117154 99829 52752 103748 93421 104143 100180 56415 64101 43992 136677 98603 64492 175871 83204 53745 10034 56855 134577 84525 82720 169027 82737 85019 175411 96157 36282 142555 41525 27016 66258 109998 156924 100951 90317 73540 128232 105518 153022 73508 25691 57194 69529 22566 54799 51188 82342 120946 34397 86470 36548 52380 58028 70453 87146 82582 55791 86211 86470 97515 65966 80659 117154 89073 103748 41525 89490 118719 61348 77762 67288 128232 51953 88262 27369 87683 55791 168999
11655 12242 41664 34165 65424 84992 40205 55593 30589 42715 68000 47091 48626 51924 18960 96290 47749 67595 52892 82452 88854 81987 83260 65347 59755 40998 97375 85752 63280 13288 41179 76908 71567 40584 62281 72226 36979 39951 41945 24440 85116 62988 34816 14719 39682 89343 63336 12338 71448 39392 68852 78795 0 97732 78865 10003 53779 65190 32487 58429 25575 56300 64942 46218 46784 55643 49534 72909 17560 61790 40533 48410 54371 63270 44065 23864 7012 35120 29653 17058 8493 95931 74751 30441 38652 42484 16920 55864 90430 42196 75375 57247 60752 99538 82654 80297 30741 76979 35750 56379 49658 72570 83238 65731 28865 70354 36815 69394 39140 38526 18046 89114 41764 92929 61181 67485 23375 20872 48780 89036 29886 32086 42991 80261 19255 29466 44530 54396 60051 34356 94464 51860 15126 67900 64763 59568 52124 58761 55872 57225 12742 84569 56673 17093 67327 71736 70671 27718 26138 62052 24456 67987 43057 82153 57889 20829 75720 99098 67144 60082 88671 85486 97190 19342 19156 95240 24297 72097 114781 24073 73155 63780 58472 55338 50551 55713 84152 32673 84681 69515 55116 28383 75142 21785 60832 73281 11513 73116 58001 75951 95276 46950 62212 15208 48747 75109 40377 79243 24840 12716 79823 11655 15208 30441 42484 60752 67327 30589 27718 58472 57225 41179 55593 84569 17093 55116 64763 61790 81987 10003 79823 97375
100439 108917 106268 127676 124385 139288 82866 100987 93610 79126 58487 135820 96097 72267 104851 69896 98722 63605 93046 39768 32007 71227 112734 51416 91673 77472 169656 46648 41846 109964 138577 102022 123631 129557 100225 92215 102666 89927 114703 115178 117379 160638 86447 98068 97729 187075 72125 93102 104983 105904 147828 44045 97732 0 176497 107725 100030 64888 93778 76519 121815 81195 86755 68576 62546 65259 112576 57491 114941 126762 81137 67316 64439 121181 137549 118223 96777 126935 126277 94082 106167 75739 40121 124107 134395 64904 114271 128556 60485 87407 30238 106391 67562 68978 49120 98746 116183 102015 76634 85205 147373 137127 143447 81222 125168 129877 69675 127417 88865 81306 111362 60352 75012 158100 138917 96030 91851 106028 134905 46688 84500 74186 104635 59722 108212 86751 74388 82413 55813 103125 63057 91110 101848 49394 94002 113241 83959 93309 94467 126709 109523 49643 114218 81510 108772 83726 95732 125405 119569 94560 122047 98838 100121 88037 152161 113104 107584 182756 123469 94765 41266 100883 115999 94398 92572 172041 110859 65690 166447 106232 79981 158065 82267 46302 59950 142532 159627 107424 64709 54507 133932 118275 163283 82812 65863 100334 86335 66334 95302 94825 48875 144468 76007 110091 72467 95901 93184 113633 94462 106220 99600 100439 110091 124107 64904 67562 108772 93610 125405 82267 126709 138577 100987 49643 81510 133932 94002 126762 71227 107725 99600 169656
76878 68453 86633 55619 99369 110578 107978 108893 90720 111910 138111 58377 101211 119040 74252 161307 103329 135765 111885 158938 164397 150288 130607 140812 119055 111553 83408 158092 139734 67469 37989 130314 107772 60643 116037 131045 86584 103313 83250 64103 129579 18459 102016 80003 97358 11954 128306 84182 122431 85202 65295 154684 78865 176497 0 68938 107863 133160 91658 125887 56976 121754 126761 119554 122351 125262 93083 142785 61557 92246 109215 119022 127524 99936 49209 59509 79901 58318 52504 86504 70386 158632 149659 58007 47100 116380 62890 82444 162207 106661 153685 106394 128269 165123 154449 135965 70943 130397 108435 119692 29876 94988 94803 130298 51881 92314 112521 101328 99680 107704 68176 157269 110482 91934 75473 124004 88716 76536 62818 164069 97517 105525 94291 148801 73026 95631 112644 115290 135070 84324 161832 112217 78295 141162 122497 103093 116696 117116 113673 86494 67012 156127 99049 95055 108887 130049 127449 51521 61664 114208 55031 122779 98186 143516 32496 65055 125401 63366 102421 117459 164718 140520 138318 84919 86495 75036 72890 138923 119115 74968 138018 29278 123118 133641 123911 59839 73613 78738 151296 140843 66628 62223 46198 95338 132393 127423 90175 143345 115127 133486 166952 33822 129471 68337 119764 131993 101349 125228 87078 72274 134956 76878 68337 58007 116380 128269 108887 90720 51521 123118 86494 37989 108893 156127 95055 66628 122497 92246 150288 68938 134956 83408
14349 4894 43303 26052 64426 83517 46088 58213 35214 49147 76562 40049 52757 59584 19136 104204 50486 75770 56815 91525 98497 88944 85679 74047 64038 47812 93086 94860 73002 5451 31438 80391 71352 33888 65330 76781 39262 44429 40394 19910 87026 52987 40244 18606 42410 79352 70788 19205 74234 40963 64204 87683 10003 107725 68938 0 56493 73290 37021 64786 16470 62062 70013 54059 55372 63935 49378 81477 8330 59871 46722 56794 62277 62669 35514 16977 13411 27706 20170 21836 2178 103440 84250 22516 29378 51537 7314 52697 98305 47138 85020 58971 68685 107579 91650 84358 26697 80467 43137 61572 39656 69946 81773 71503 20073 69813 45334 68257 44629 44799 12474 97514 49524 90122 56382 71370 28933 19710 42468 97730 36805 40825 44198 88652 16490 35897 52223 60724 68580 36375 102770 56095 15942 77067 68842 60165 57514 62772 59623 54702 5837 93535 56824 26909 70190 78035 74716 17717 18785 66796 14497 71494 45328 87503 49261 16165 78377 92475 66509 63904 97638 89533 101001 24407 24940 90123 21217 80069 113457 24164 79153 55055 64080 64957 59584 48817 79655 33231 92765 78328 51349 23556 67966 30207 68363 76816 21497 80447 61676 80312 104319 36977 68598 9134 55908 79303 44151 81263 29451 9586 83757 14349 9134 22516 51537 68685 70190 35214 17717 64080 54702 31438 58213 93535 26909 51349 68842 59871 88944 0 83757 93086
65418 52612 94804 53008 24356 40871 20958 1857 81683 23062 101608 50705 98971 92804 72712 130978 6045 103686 7043 65971 108245 45273 29482 49273 11901 25608 149559 112464 85828 52860 79094 24169 24727 47302 8941 23182 89860 15882 24723 76322 31532 89411 22268 68025 14163 114441 103554 63858 17762 92624 120653 60816 53779 100030 107863 56493 0 102022 83509 24796 55973 19682 19920 32716 39394 92859 16152 105791 63441 27446 22319 86469 35591 21155 58704 73205 60283 49882 59335 36778 57300 132881 98521 51569 61495 77791 56433 32190 59563 15930 69920 6481 99068 133211 110834 28910 37869 24249 30021 15876 80168 37154 137010 24818 73898 124075 37304 27475 87979 23458 47129 121325 84006 146323 43188 16257 74193 37550 47179 66536 77085 72417 13832 113463 41450 77823 86509 99595 44320 87488 126827 8921 40572 96633 14642 13217 16108 9763 6712 29097 62294 112788 14578 57361 118649 115473 19748 64522 49344 110502 61554 15532 11226 35702 100581 72544 21977 147149 23566 9707 69516 33905 146140 71317 70403 146328 38591 108759 168557 77850 31718 105609 19525 56254 83941 53201 136107 86370 119370 101069 107787 80038 122133 66972 35258 20725 53857 41320 7492 25785 121555 75428 26928 49381 27886 24399 14016 25629 76565 47143 28093 65418 49381 51569 77791 99068 118649 81683 64522 19525 29097 79094 1857 112788 57361 107787 14642 27446 45273 56493 28093 149559
60015 77044 49111 99143 122160 141407 81210 103747 42491 80026 6652 112259 35545 14211 59969 31133 97355 2606 97134 80419 37650 101893 127433 74981 100717 77271 106993 26362 26565 78012 96977 117653 125762 105711 107538 108983 47509 86395 102196 69442 131013 121411 80162 55936 91481 144929 7344 54088 115980 49767 88865 80654 65190 64888 133160 73290 102022 0 41502 89548 89745 91414 100931 73451 67705 9704 106211 10089 76911 120801 80043 16927 76780 119284 108794 74847 59899 100295 93172 73765 71133 31463 24940 95476 102455 24674 80527 117441 100306 86114 65318 107881 4891 34350 22451 117828 94805 117692 72126 94251 108282 132272 79499 97819 82849 66622 65391 126108 33576 78665 83215 24465 23837 94382 124696 108319 45748 83787 113717 90217 36991 33367 97757 15727 83502 38446 21239 20027 74044 49320 29545 95198 77770 15545 105372 113011 90493 101106 99969 117680 71544 23781 111654 50134 44242 19655 110135 88804 91287 30124 86500 110303 95164 112585 103162 69267 120053 123477 122854 102860 86246 122183 54160 50150 49046 110578 88197 7021 101570 58355 101875 108504 93651 56993 18118 120825 98405 54811 19498 10672 76588 70971 107790 43408 83250 114458 55955 92653 101858 112867 34220 107230 91842 80381 79117 112987 88957 125477 46696 77755 118035 60015 80381 95476 24674 4891 44242 42491 88804 93651 117680 96977 103747 23781 50134 76588 105372 120801 101893 73290 118035 106993
22689 41684 14049 62610 97630 117278 66022 85366 1900 67059 46591 76972 16140 27411 19710 70535 77690 44107 81112 92239 74775 101813 112573 78955 87076 64607 79087 66802 52566 42418 55836 104882 103380 70899 91315 98530 9347 68189 74396 28200 115005 80290 62073 18505 70000 103432 36945 20385 100554 12849 54467 90101 32487 93778 91658 37021 83509 41502 0 81498 52412 80966 90563 65984 63301 33916 81545 51184 38023 94233 65675 28409 72876 95337 71357 33976 25536 64602 55010 47608 34917 68728 60015 59274 64092 28875 43452 88299 106330 69535 80522 87873 36611 74218 63059 107224 62798 104944 58585 82235 67398 105057 57935 89774 41929 43750 55467 101628 8318 63725 49046 65707 19759 70515 93076 95130 9393 53356 79489 100865 10019 20744 74391 57162 51488 7915 21457 24821 75129 9348 70432 79664 47573 50703 92200 91027 77875 86566 84196 89711 33404 64664 88442 27163 35270 41668 97940 49479 55780 29822 47817 96197 73642 106411 62068 28568 104888 89171 99197 88118 98785 112286 64704 13153 13476 79858 56560 47389 87938 17064 96237 67596 83331 63162 34713 85745 67520 14036 59944 49555 40266 29487 69743 17972 80105 101282 29679 92167 86341 102478 75421 66813 84929 45757 70455 101966 69524 109106 7694 44497 106984 22689 45757 59274 28875 36611 35270 1900 49479 83331 89711 55836 85366 64664 27163 40266 92200 94233 101813 37021 106984 79087
68906 62352 94667 70315 48694 62773 18771 25324 79914 15726 87686 71786 95113 83200 76385 115824 25721 90730 17874 41190 88549 24589 39177 25141 15155 17535 155475 95015 68934 62982 92960 28691 47169 67123 23706 19489 89540 22576 46077 82856 43367 107590 24787 70132 29139 133757 92654 64803 29279 92787 127191 36031 58429 76519 125887 64786 24796 89548 81498 0 70104 5128 11698 16426 21853 81400 39966 91235 72913 52239 18066 76137 13696 45564 77965 81528 63304 67860 74240 42972 64764 118681 80913 67903 78794 67382 67417 56476 36730 19228 46285 30692 87563 117524 94031 28282 55146 28717 23295 8987 96659 61603 138687 8497 84504 124828 26370 51374 83748 20012 59384 105554 76133 149874 67473 20433 73028 50004 69030 42023 73012 65390 34182 98542 53855 74395 78184 91858 20959 87747 110859 16350 50081 81074 17943 37598 9722 16850 18474 53668 69950 95886 39369 54448 114779 105758 21289 77659 64491 104312 74231 23041 29490 24928 113236 79197 32605 157178 47414 18254 44775 32703 138918 71513 70092 153638 53122 95706 169340 80976 14902 118783 5749 36173 71746 75813 142394 88209 104767 86302 113215 86796 132752 63563 10726 25929 53447 17759 18964 23327 103492 92263 3812 60463 11167 23537 24734 38604 75914 57079 28523 68906 60463 67903 67382 87563 114779 79914 77659 5749 53668 92960 25324 95886 54448 113215 17943 52239 24589 64786 28523 155475
30217 13373 56468 10359 57364 75028 51649 57421 50699 55417 93026 25092 67563 75985 33154 120618 50460 92231 58295 101983 114400 94691 83347 83835 65723 54837 96835 111201 88793 12311 23235 80030 65228 19821 64849 78404 53127 47820 34366 29172 83807 39527 45598 34490 43182 66329 87122 35658 72910 54175 68225 97708 25575 121815 56976 16470 55973 89745 52412 70104 0 66425 72800 62622 65400 80404 44685 97941 14911 51584 52749 73263 70651 56331 19131 23374 29881 13039 4536 29541 18615 119750 100326 7633 13079 67879 9229 42853 105798 51044 97301 56642 85123 124014 108034 84869 18964 80112 51483 64958 27129 60137 90199 75491 20024 79752 55632 60801 60350 51118 11200 113984 65957 96400 43876 72035 44961 20101 28415 107132 53122 57243 42278 105122 16307 52091 68642 76685 78096 50176 119236 58151 21321 93376 69948 55910 61460 64055 60642 45755 19008 109929 52053 42624 83709 93897 75523 8755 6904 81819 6693 71505 45027 90231 44608 26396 76682 91567 59925 64807 107742 89877 115018 40399 41125 92411 17532 96505 121533 37441 83305 49689 68076 77388 75940 33760 83379 46033 109212 94757 57561 31478 66500 46654 75786 76667 36838 87139 62448 81475 120689 23301 73821 11749 63102 80207 46422 78403 45102 15678 84066 30217 11749 7633 67879 85123 83709 50699 8755 68076 45755 23235 57421 109929 42624 57561 69948 51584 94691 16470 84066 96835
67135 59343 93829 66137 43681 58199 16105 20256 79318 13997 89890 67072 95062 84361 74649 118412 20686 92716 12745 46291 92199 28535 36285 29945 10700 16359 153625 98110 71788 59913 89450 26241 42437 62565 19173 17978 88709 18614 41221 80618 40224 103400 21818 68648 24600 129418 94165 63495 25626 91876 125152 41134 56300 81195 121754 62062 19682 91414 80966 5128 66425 0 9803 17993 24196 82984 34874 93607 70056 47128 15835 77422 17407 40534 73529 78945 61559 63569 70463 40243 62190 121051 84003 63860 74659 68617 64244 51369 41405 15392 50961 25645 89191 120244 96962 26906 50866 26280 22381 4013 92719 56580 137646 9456 81525 123936 26849 46438 83709 17860 55914 108265 76848 148482 62371 17153 72246 46373 64207 47115 72853 65815 29297 101027 50291 74108 79018 92643 25429 86785 113631 11244 46933 83649 14358 32558 5062 12144 13448 48543 67396 98847 34258 53805 114819 107052 18721 74196 60607 104813 70824 19492 24663 25928 110011 76909 29282 154537 42477 13687 49902 31718 139756 70433 69102 151512 49218 97735 168548 79386 17116 115480 2381 39667 73444 70905 140444 86927 107196 88705 111345 84541 129951 63159 15664 23120 52251 22531 14111 21967 106760 88253 7924 57201 12305 21809 20408 35136 75050 53969 26925 67135 57201 63860 68617 89191 114819 79318 74196 2381 48543 89450 20256 98847 53805 111345 14358 47128 28535 62062 26925 153625
76038 66928 103281 71332 41179 52992 24960 19580 88894 23505 99226 70370 104793 94107 83556 127486 23503 102175 14877 49563 100083 25450 27511 35483 8023 26006 162306 106708 80626 67407 96014 16995 38119 66570 14980 8180 98171 25626 44251 89039 31774 108312 30129 77763 29718 133790 103822 72741 18240 101294 133681 44462 64942 86755 126761 70013 19920 100931 90563 11698 72800 9803 0 27500 33366 92613 36067 102836 77780 45894 25020 87138 25366 38268 77857 86983 70506 68463 76598 48401 70325 130287 92607 69432 79894 78341 71545 51832 40090 22896 56674 24213 98806 129208 105729 17113 55963 17022 32031 8570 98340 53943 146953 5790 89018 133335 36645 43246 93447 27024 62790 117235 86647 157548 62754 9275 81753 53076 66995 48434 82571 75616 32607 110177 57061 83792 88809 102439 32034 96183 122548 14683 54442 92727 7511 30671 12892 10158 13389 48489 75522 107584 33381 63403 124563 116774 9611 80932 66595 114613 77683 12088 28576 17555 117009 85292 21178 162329 39375 10554 52073 21922 149552 79794 78515 159921 55307 107173 177978 88394 11799 122328 7437 47822 83025 73116 149041 96137 116388 97912 120057 92933 137560 72820 21264 14286 61601 22844 12481 12166 115158 93723 10871 64418 21880 12079 26454 27238 84515 61456 17175 76038 64418 69432 78341 98806 124563 88894 80932 7437 48489 96014 19580 107584 63403 120057 7511 45894 25450 70013 17175 162306
55597 52614 79475 65156 56679 73487 14399 34026 64484 10550 71902 69968 79087 66785 62885 100522 30418 74731 26224 39991 75641 36403 54226 21576 27879 9145 141723 80642 54142 53425 84302 44227 57360 64318 35640 35607 74363 21412 46634 70420 58056 101750 18937 56207 29276 128454 76344 50623 43219 77704 113932 35394 46218 68576 119554 54059 32716 73451 65984 16426 62622 17993 27500 0 6702 65121 44014 75648 62387 58400 12681 59744 8219 53471 74060 70020 50043 63398 67061 33316 53588 103084 66568 62143 73180 50975 58078 60019 44276 18835 39258 39194 71309 102422 79328 44510 51164 44265 11161 21106 89747 69118 123632 24912 74132 109607 10538 60046 67741 13228 51439 90447 59742 135321 70516 35066 57892 43201 68212 44515 57146 49123 36094 83102 46553 58648 61770 75447 15743 72765 95848 24164 41387 65779 32186 45744 17901 28690 28473 58136 58587 81238 46153 39324 98659 89376 36707 69111 58096 87967 65556 37251 31546 41017 103308 66938 47073 145230 56193 30429 45377 49067 122495 56845 55293 140462 47344 79746 153921 67124 30502 109071 20202 23569 55525 75627 128886 73727 89248 70759 99670 74347 121359 48015 14739 41105 39282 27114 29981 39538 89491 85754 19366 51683 5692 39574 24650 52786 60870 47892 44652 55597 51683 62143 50975 71309 98659 64484 69111 20202 58136 84302 34026 81238 39324 99670 32186 58400 36403 54059 44652 141723
55169 54499 77083 68823 63269 80185 20377 40720 61921 16864 65862 74668 75568 61793 62200 94225 36922 68877 32926 36587 68940 38535 60475 18683 34384 14965 140394 74066 47635 55386 86293 50282 64056 68786 42273 41326 72020 27440 52230 70421 64408 104835 24053 55266 35195 131622 70942 49550 49676 75442 113059 32435 46784 62546 122351 55372 39394 67705 63301 21853 65400 24196 33366 6702 0 59664 50261 69482 63669 64807 18653 54635 9796 60065 78065 70624 49756 67336 69905 35859 54647 96933 59976 65627 76581 45973 60062 66039 44196 25128 33821 45869 65796 96048 72822 50134 55462 50315 14725 27543 92476 75632 121211 30130 75347 107051 10038 66675 64309 18761 54214 84069 55346 133345 76373 41348 55743 46669 73206 42358 54033 45259 42140 76860 49724 55705 57204 70866 13268 70644 89440 30866 44087 59459 38524 52381 24532 35284 35158 64319 59441 74720 52690 37514 94902 84178 42779 71316 61397 83678 67747 43632 37715 45507 104528 67100 53447 145130 62837 37012 42453 54488 117726 55209 53545 139562 51099 73854 151050 66104 34795 110371 26281 16984 49967 80724 127777 72092 83050 64565 98651 74298 121674 45485 17009 47277 38490 28868 36635 45180 82862 88683 24217 54067 12126 45357 30705 59232 58791 50166 50370 55169 54067 65627 45973 65796 94902 61921 71316 26281 64319 86293 40720 74720 37514 98651 38524 64807 38535 55372 50370 140394
50944 67582 43399 89683 112659 131973 72158 94606 34642 71172 12928 102673 31288 7276 51446 40792 88072 11982 88158 75809 41608 95146 118773 68534 92013 68410 104576 32901 24049 68563 88566 109176 116406 96110 98618 100727 41009 77144 92524 61242 122245 112924 70864 46962 82042 136935 11296 44769 107195 43675 84397 75490 55643 65259 125262 63935 92859 9704 33916 81400 80404 82984 92613 65121 59664 0 96660 17762 67880 111198 71053 7255 69013 109809 99399 66389 50525 90762 83925 64074 61792 41133 27264 85998 93202 15158 71206 107757 94716 76992 61213 98630 6235 43933 29199 109622 85121 109218 63104 85667 99683 122661 78219 89773 74367 64626 56605 116620 26617 69605 73641 33580 14913 92842 114992 99727 37022 74091 104075 85503 28153 23704 88242 24719 73838 29817 12619 17197 67037 42435 38854 86253 68079 17423 96759 103639 81802 92310 91039 108024 62435 30865 102199 40433 44062 24841 101673 79784 81768 30014 77369 101622 85742 104955 95980 60779 111319 119317 113406 94056 81920 114101 59364 41291 40063 107417 78514 16724 102616 50294 94218 101479 85262 50445 9772 111214 95071 47729 29077 15642 71372 63062 102221 33889 75719 105912 46267 85711 92968 104651 41704 98434 83880 70848 70737 104691 79636 116644 38284 68157 109772 50944 70848 85998 15158 6235 44062 34642 79784 85262 108024 88566 94606 30865 40433 71372 96759 111198 95146 63935 109772 104576
60905 44817 91142 39653 16247 35932 29916 16615 79651 33475 106783 35136 97583 95389 67582 136411 14377 108152 22304 80660 117393 61415 38905 63165 28052 35322 140924 119863 93476 44757 66990 37249 22085 32521 23204 38631 86510 22897 10458 69082 39133 74715 27729 64251 15597 99093 106648 61182 29455 88850 112068 75554 49534 112576 93083 49378 16152 106211 81545 39966 44685 34874 36067 44014 50261 96660 0 111293 54949 14995 31627 89774 48799 13793 43927 64929 56513 36219 47311 34199 50703 137606 106320 38978 47806 81541 47382 16548 75591 25181 82953 13325 102696 138994 117799 42894 25725 37332 37612 31407 66487 26408 131150 40916 64068 119037 45304 20269 87257 31809 38016 127358 85826 139162 27517 31353 72181 29707 31323 81986 76799 74311 8653 119046 32972 77077 88510 100721 57781 83860 132909 23632 34599 103058 30330 11229 30477 25909 22806 14160 55150 119787 7503 57823 116709 117464 34691 53440 37786 110286 50949 29841 12575 51274 88710 65424 32748 136153 17653 25705 84648 47448 145879 68590 68072 136906 28759 113163 162835 72796 47866 93355 35152 67147 88560 37092 127425 81757 124613 106834 100164 72476 111095 66914 49871 34347 53063 57122 23602 40660 129257 61648 42542 40919 40325 39100 19648 33819 74074 39823 41875 60905 40919 38978 81541 102696 116709 79651 53440 35152 14160 66990 16615 119787 57823 100164 30330 14995 61415 49378 41875 140924
68672 84980 59187 107052 126962 145886 84836 107447 52066 83199 4915 119740 45611 23775 69171 25209 101494 7687 100452 77392 28391 101279 129874 74268 103394 80489 116487 16290 23764 85979 106279 119763 130009 113137 110658 110717 57497 90511 108056 78872 133675 130659 84464 64714 96172 154506 16878 62379 118748 59814 98878 78257 72909 57491 142785 81477 105791 10089 51184 91235 97941 93607 102836 75648 69482 17762 111293 0 85611 126101 83531 24712 77968 123991 116855 84106 68071 107988 101541 79970 79350 27452 17568 103341 110807 30828 88772 123389 98197 89878 62002 111869 14801 27706 12372 119418 101724 119796 75774 96724 117435 137592 88638 99255 92092 76091 68597 130847 43424 82334 90794 16352 32665 103575 131159 110714 54775 90575 120923 87184 45912 40823 102714 7753 90624 47545 30281 30069 74119 59235 21853 98456 84654 10813 107829 117360 93218 103983 103158 123350 80143 13700 116310 57026 53200 26356 112257 97514 99040 39338 95059 112871 99771 113215 113052 78501 122687 133419 127442 105741 82829 123525 59014 59053 57818 120298 95148 8206 109374 67854 102624 118437 95745 56793 23044 128185 108188 64687 13620 4958 86672 80562 117878 51302 83980 116724 62989 92400 104942 114503 24267 116195 93183 88106 81338 114771 93266 128307 55965 85251 119728 68672 88106 103341 30828 14801 53200 52066 97514 95745 123350 106279 107447 13700 57026 86672 107829 126101 101279 81477 119728 116487
16939 10903 41562 25267 69230 87792 54171 65103 36394 57326 80723 40001 52817 62872 18451 107400 57507 79458 64251 99739 104236 97158 92287 82337 71563 56057 86288 99677 78996 10582 23685 87519 76583 34551 72352 84349 38240 52154 45318 14779 93366 46389 48258 20977 49537 72299 73706 23619 81079 39266 57365 95944 17560 114941 61557 8330 63441 76911 38023 72913 14911 70056 77780 62387 63669 67880 54949 85611 0 64105 54865 60937 70605 67755 33414 9980 18611 27839 17008 29945 9141 106168 89754 22376 26079 56590 7687 56118 106627 54978 92932 65426 72161 110910 96313 91710 30473 87596 51450 69409 32933 73509 76860 79474 11745 65706 53633 72920 46147 52965 16932 101340 53098 84241 58305 78706 31323 25970 43206 106026 39930 45671 50609 92515 22226 38616 55673 62633 76890 35289 106452 63649 23357 82060 76265 66005 65424 70202 66975 58582 5632 98146 62452 33536 68802 79676 82099 11904 19979 67111 9803 78674 52217 95313 40931 11634 85139 84556 71525 71256 105882 96863 100108 26818 27865 82887 26195 83484 108448 22549 87167 46730 72027 72889 64519 48669 72801 31132 96225 82807 45222 17724 59896 35049 76668 83982 28645 88724 68984 87795 109002 30901 76724 14172 64184 86725 51647 87692 31014 16416 91060 16939 14172 22376 56590 72161 68802 36394 11904 72027 58582 23685 65103 98146 33536 45222 76265 64105 97158 8330 91060 86288
72658 55041 102818 44020 7145 23699 44599 26999 92333 47946 121550 34470 110366 109639 78795 151173 28044 122793 34440 93417 132350 71127 39091 76544 38353 49965 148310 134843 108470 54746 71700 41517 15529 34714 31132 46079 98423 37674 19845 78777 37508 74505 42710 76331 30578 96570 120984 73882 33568 100490 119797 88262 61790 126762 92246 59871 27446 120801 94233 52239 51584 47128 45894 58400 64807 111198 14995 126101 64105 0 46284 104231 62510 8493 44964 73896 68793 40384 53095 47824 61502 152239 121314 44616 50930 96131 56423 9913 85970 39688 96871 21816 117176 153806 132755 47706 33633 41593 52547 43291 68691 11491 140965 51386 71603 129542 60247 9510 100430 46612 47631 142216 99915 147883 18417 38874 84982 41037 29737 93782 90259 88507 23643 133853 43532 90354 102635 114493 71404 95655 147769 36174 46669 117983 38929 15238 43362 36254 33888 6077 65375 134744 12870 71794 129071 131441 41624 60056 44916 123488 58243 36554 27404 58300 93135 75315 35303 141026 10206 35435 96905 51303 158885 81115 80796 143541 38659 127778 172541 83938 57345 97150 46878 81767 103282 32704 134888 93004 139360 121684 108917 81823 116205 80582 62680 39617 66711 68341 33892 46956 144245 63858 54230 50863 54298 45257 34466 33700 86620 50697 46509 72658 50863 44616 96131 117176 129071 92333 60056 46878 6077 71700 26999 134744 71794 108917 38929 0 71127 59871 46509 148310
51301 44363 78272 54051 45187 62994 1729 23933 63977 2700 79402 57758 80220 71509 58814 108700 18747 81625 17105 51965 86488 42376 48220 33624 21709 3694 137808 90216 63584 45023 75302 39530 46894 52336 27586 32873 73166 8792 33968 64912 51394 91121 7199 52840 16613 117629 81946 47744 36370 76278 109378 47148 40533 81137 109215 46722 22319 80043 65675 18066 52749 15835 25020 12681 18653 71053 31627 83531 54865 46284 0 64908 19166 42018 62497 63471 45725 51984 57027 24920 46704 110701 76324 51301 62334 56135 49513 47419 53066 6700 51939 28574 77284 110905 88537 41553 39460 39587 7961 16575 79649 57274 121945 25218 66483 108316 14985 48770 68930 2026 41797 99010 63243 132670 57853 29761 56777 32745 55789 55495 57991 51849 23501 91184 36443 59093 65600 79021 27850 71164 104510 15214 32216 74315 26777 34626 12208 21592 20008 45666 51894 90495 34470 38558 100023 94277 32368 59985 47554 90667 56508 31201 19067 41762 95313 61228 40604 139120 45046 23290 56964 46613 126012 54775 53499 135772 36375 86698 152960 63556 32633 100908 18088 35523 61928 63129 124646 71162 97126 78785 95528 68845 114688 48085 23192 36005 36581 34412 21988 36808 99368 75420 21878 42648 10721 36297 12055 45692 59514 39159 41336 51301 42648 51301 56135 77284 100023 63977 59985 18088 45666 75302 23933 90495 38558 95528 26777 46284 42376 46722 41336 137808
44002 60383 39347 82479 105835 125229 65939 88238 28872 65185 19806 95425 28945 7282 44920 48042 81545 19236 81989 73867 46367 91179 112895 65019 86135 62424 102463 39124 25470 61370 82018 103501 109765 88859 92493 95294 36326 70672 85437 54921 116251 106294 64345 40103 75322 130617 17086 37670 101202 39289 80841 73071 48410 67316 119022 56794 86469 16927 28409 76137 73263 77422 87138 59744 54635 7255 89774 24712 60937 104231 64908 0 64202 103021 92224 59855 43383 83530 76834 56946 54659 48271 31620 78787 86103 8816 64079 100639 91789 70676 59875 92130 12950 51186 35579 104218 77878 103546 56948 79934 92991 115677 77157 84582 67794 63179 50762 109811 21990 63383 66398 40744 8677 91461 107787 93951 30422 66862 96821 83390 21550 16451 81413 31882 66586 23391 7214 17599 62998 37385 46060 80122 60843 22345 90967 96987 75963 86331 84916 100967 55447 37347 95441 33216 44437 29638 96027 72834 74542 31081 70352 95750 79042 100125 90306 54241 105375 115827 106651 88066 80165 108811 63251 34548 33226 104727 71270 23934 103111 44146 89396 95908 79736 47061 7552 103962 92315 42428 36331 21972 67334 56960 97735 26680 71103 100172 39027 81608 86886 99248 48225 91613 78795 63617 65276 99208 73072 110589 31947 60908 104313 44002 63617 78787 8816 12950 44437 28872 72834 79736 100967 82018 88238 37347 33216 67334 90967 104231 91179 56794 104313 102463
63547 60813 86568 72835 59946 75425 20741 36577 71455 16577 74573 76920 85338 71399 70765 102372 34590 77827 28621 32815 74911 28962 52868 14577 28105 16187 149406 81349 55377 61616 92472 42332 59504 71487 36527 32913 81483 27270 52693 78495 57061 109631 26099 63988 35083 136281 80308 58344 42842 84876 121784 27983 54371 64439 127524 62277 35591 76780 72876 13696 70651 17407 25366 8219 9796 69013 48799 77968 70605 62510 19166 64202 0 56743 81524 78196 58024 70933 75063 41463 61796 105379 67253 69917 80967 55604 66264 65195 36077 24213 34378 41968 75088 103995 80417 41486 58521 42355 19310 21290 97758 72703 130728 21308 82350 116611 18058 63008 74064 20253 59489 92036 65117 142685 75955 34082 65108 51049 74882 36608 63719 55050 41499 85175 54498 65349 66946 80594 8990 80015 97307 26673 49480 67669 31492 48805 19547 29452 30194 62940 66783 82260 49843 46680 104695 93655 34972 77258 65958 93452 73708 36626 36767 35953 111527 75043 46270 153311 59069 31055 37828 45565 127377 64331 62721 148313 55042 82745 160714 74891 25216 117289 19025 22479 59267 82154 136655 81234 91436 73019 107463 82414 129512 54982 7246 39623 47077 19407 31236 36606 89798 93707 15221 59818 8670 36986 30330 52244 68130 56050 41847 63547 59818 69917 55604 75088 104695 71455 77258 19025 62940 92472 36577 82260 46680 107463 31492 62510 28962 62277 41847 149406
74572 57991 104827 49770 3213 22274 40423 20308 93443 43316 119576 41733 111376 108798 81139 149175 23274 121155 28169 86692 128506 63234 30874 70359 31062 45601 153121 131854 105291 57843 77551 33030 8899 41096 23321 37871 100231 33895 22437 82157 29647 81988 39619 77980 27836 104617 119979 74970 25102 102526 124394 81530 63270 121181 99936 62669 21155 119284 95337 45564 56331 40534 38268 53471 60065 109809 13793 123991 67755 8493 42018 103021 56743 0 51891 77698 70261 46157 58365 47962 64099 150587 118101 49851 57232 94657 60096 17592 78207 35318 91074 14896 115901 151646 129970 39224 37614 33106 48981 36580 75441 16047 144361 43899 76172 132460 56631 6860 101032 42675 50903 139904 99345 151961 26894 30771 85974 43149 37147 86533 90539 87785 21645 131732 46182 90845 102006 114363 65469 97560 145447 30077 48264 115409 31076 7982 37256 29047 27093 13520 68372 131948 7691 71443 130491 131011 33378 65006 49477 124051 62855 28340 24221 49954 99183 78561 26822 146987 3875 28025 89874 42813 159659 82371 81863 148720 41661 126193 176029 86343 49479 103451 40005 77032 101468 40788 139645 95342 137419 119433 112930 85426 122029 80618 56197 31191 66789 60975 26753 38581 141128 70578 47216 53962 48906 36878 30903 25469 87859 53192 38024 74572 53962 49851 94657 115901 130491 93443 65006 40005 13520 77551 20308 131948 71443 112930 31076 8493 63234 62669 38024 153121
49336 31888 74401 10087 51845 66316 61059 59700 69681 65175 111940 10790 86205 95089 51864 139716 54357 111265 62999 114051 132333 101980 82012 95635 70045 65340 106616 129801 106670 30879 28688 81176 60283 11434 66829 81879 71450 55560 34046 46413 81383 30798 55431 53603 48931 55968 106249 54718 73348 72168 79284 109409 44065 137549 49209 35514 58704 108794 71357 77965 19131 73529 77857 74060 78065 99399 43927 116855 33414 44964 62497 92224 81524 51891 0 40150 48895 10739 16426 43485 37680 138880 118529 13829 8257 86550 28350 35083 114655 58933 111342 57216 104199 143092 126719 86776 23042 81259 63418 71147 23752 50492 104278 81682 34270 95211 68999 54431 79379 61275 26896 132966 85038 108522 31447 74807 64079 31670 15604 117992 72248 76066 45266 124103 29346 71221 87735 95766 89801 68509 138249 63480 35758 111941 73346 54213 68478 68065 64640 38926 38020 128634 50146 60806 101547 112937 78246 22985 18388 100510 23748 73572 49361 94394 49017 44248 76456 96747 54811 68341 119334 91374 133011 59516 60256 100895 27014 115583 134824 55808 89303 52554 74696 91945 94616 17321 93546 63989 128275 113556 70966 47890 72313 65558 85501 78240 54862 95674 66024 84280 139335 18954 81389 29068 73218 82784 53232 76692 64147 32453 85779 49336 29068 13829 86550 104199 101547 69681 22985 74696 38926 28688 59700 128634 60806 70966 73346 44964 101980 35514 85779 106616
17784 20599 34424 33374 79131 97558 62912 74890 32656 65829 79315 48061 47138 60637 14945 104480 67236 77443 73752 105997 104891 105486 102173 89137 81000 64347 76400 98976 80305 20419 22178 97215 86537 43163 82091 93751 31959 61406 55265 6338 103306 46569 57136 20537 59210 70912 70808 25130 90891 32257 47476 102478 23864 118223 59509 16977 73205 74847 33976 81528 23374 78945 86983 70020 70624 66389 64929 84106 9980 73896 63471 59855 78196 77698 40150 0 21921 36367 24100 38705 16769 102689 90165 31006 32133 56873 17602 65701 114268 64100 98071 75335 69984 108135 95424 101277 40299 97291 59371 78530 33479 83081 67136 88396 8004 56389 60675 82792 42293 61516 26912 99270 51485 74274 67249 88281 29433 35853 51684 112804 38309 46021 60515 90573 32167 36572 53825 58743 83891 29097 104153 73060 32815 81795 85780 75983 74447 79710 76535 68295 11579 97167 72432 37088 61443 75203 91643 17166 29306 61401 16987 88340 61994 104462 34542 5614 94980 75650 81456 80818 112289 106446 92933 25454 26994 73201 36174 81066 98655 17005 96009 40489 80992 78219 64449 56491 62926 24137 93728 81805 35249 8106 51383 35952 84561 93657 33332 96783 78573 97267 108038 32871 85337 24115 72302 96243 61099 97615 28160 26064 100659 17784 24115 31006 56873 69984 61443 32656 17166 80992 68295 22178 74890 97167 37088 35249 85780 73896 105486 16977 100659 76400
5605 17269 34777 39296 72429 92003 45580 62114 23643 47721 63157 52883 41667 46272 13094 90859 54282 62371 59025 84391 85689 86275 89744 67961 65704 45769 92171 81584 60392 18191 41912 83080 78526 46508 68651 77993 30029 45993 48948 20711 91724 65000 40521 7803 46273 90813 57553 5892 77861 32529 63999 81044 7012 96777 79901 13411 60283 59899 25536 63304 29881 61559 70506 50043 49756 50525 56513 68071 18611 68793 45725 43383 58024 70261 48895 21921 0 40671 33502 23515 11279 90210 71277 35672 42750 38301 20701 62766 93860 48016 76156 63965 55320 94209 78329 86242 37404 83150 40179 61940 51544 79542 76910 70914 28411 63800 40065 76403 32408 43699 24084 84104 36173 87054 67803 73548 16561 27833 54896 91513 23690 27496 49849 75242 26001 23018 38892 48001 62939 27454 89365 57882 22136 63839 70765 66460 57622 64823 62046 64191 12998 80202 63618 15299 60315 65359 76659 30145 31645 55204 27316 74185 49729 87486 56460 17581 82157 95384 74135 66207 90751 91418 90235 12384 12354 90510 31070 66703 108345 17901 78157 62408 63799 56343 46317 61599 79117 26102 79384 64961 49917 24556 72024 16843 64778 79449 11537 77145 64190 81787 91009 49406 67036 20954 53140 81018 46668 85837 17865 19142 85820 5605 20954 35672 38301 55320 60315 23643 30145 63799 64191 41912 62114 80202 15299 49917 70765 68793 86275 13411 85820 92171
42020 23404 69377 3636 46715 63303 50586 51050 62828 54674 103086 12371 80075 86883 45762 131371 45094 102710 53593 103384 122431 92095 75040 84974 60817 54747 108169 120447 96781 22512 31410 73149 54934 6796 58366 73008 65895 45333 25841 42211 74916 39892 44871 46295 39068 65899 98212 46562 65546 67071 79928 98772 35120 126935 58318 27706 49882 100295 64602 67860 13039 63569 68463 63398 67336 90762 36219 107988 27839 40384 51984 83530 70933 46157 10739 36367 40671 0 13059 32853 29867 130863 108833 5464 11647 77395 21224 31050 104454 48705 100607 49185 95819 134645 117473 78492 12715 73232 52704 61397 30367 47993 102896 71994 32294 92697 58263 49835 72320 50705 17226 124222 76745 108566 30960 66128 56636 20962 15382 107460 64341 67180 36139 115373 18844 63539 79489 88422 79141 62948 129581 53899 25309 102583 64441 47128 58507 58917 55464 34361 31401 119411 43093 51340 96607 105739 69610 20361 9029 94254 19443 65137 39890 85363 53027 39403 68956 100841 49491 59350 108716 83271 127837 52113 52612 103201 16275 107181 134078 50247 79704 57385 64860 81241 85438 21142 94815 58959 119790 104497 69991 44459 75920 56889 75078 70026 45342 85493 56998 75654 130021 25578 71364 19915 62699 74230 43175 69855 57108 22818 77562 42020 19915 5464 77395 95819 96607 62828 20361 64860 34361 31410 51050 119411 51340 69991 64441 40384 92095 27706 77562 108169
33299 17588 58085 9635 59180 76246 55888 60721 53360 59705 96629 24034 69779 79293 35456 123917 53964 95682 61977 106484 118503 98816 86160 88316 69388 59190 95249 115029 92931 16522 19798 83263 67231 19693 68147 81996 55045 51850 36880 30244 86419 34994 49853 37520 46901 61797 90315 39165 75992 55833 66907 102192 29653 126277 52504 20170 59335 93172 55010 74240 4536 70463 76598 67061 69905 83925 47311 101541 17008 53095 57027 76834 75063 58365 16426 24100 33502 13059 0 34047 22242 122883 104345 8518 9283 71707 12865 43974 110092 55110 101836 59644 88499 127362 111811 88243 21720 83345 55934 68877 22695 61027 89972 79446 19306 80064 60154 62462 63091 55428 15691 117495 69343 95507 43862 75496 47986 24297 27901 111575 56357 60978 45547 108640 20612 55208 71994 79535 82568 52101 122702 61922 25819 97236 73496 58488 65469 67666 64233 47139 21825 113691 54552 46744 85282 96641 78991 7354 10029 84085 7335 74851 48549 93957 41457 27893 79666 88866 61850 68350 112225 93201 116710 43432 44291 90471 21312 99869 121074 39389 87256 46310 72061 81918 79753 32393 81860 47654 112597 98462 56973 32062 63824 50340 80117 79957 41033 91380 65985 84977 124483 18781 77935 16260 67442 83669 50320 81126 47896 20199 87406 33299 16260 8518 71707 88499 85282 53360 7354 72061 47139 19798 60721 113691 46744 56973 73496 53095 98816 20170 87406 95249
28659 19540 58174 33720 50426 70122 24253 38604 45730 27395 75223 42418 63529 61995 36018 104630 30769 75907 35885 72442 90972 67243 66252 54326 42852 26243 114030 90628 65560 20268 51017 59868 55817 35907 45228 55445 53307 23044 28546 40661 68210 69000 18431 31282 22765 95798 73417 27429 54407 55961 85319 68189 17058 94082 86504 21836 36778 73765 47608 42972 29541 40243 48401 33316 35859 64074 34199 79970 29945 47824 24920 56946 41463 47962 43485 38705 23515 32853 34047 0 21964 105202 78078 30274 41012 49303 24867 43694 77173 25511 68200 40524 69875 107517 88034 63365 22898 59940 22160 39893 56635 59123 100280 49693 41578 87298 26146 54448 53072 23027 18358 96301 52154 109938 51205 50495 38216 12033 42407 77732 42609 40873 26785 87658 14230 42883 54892 66686 48616 50846 101821 34922 8234 73010 47812 43419 35762 41783 38843 44142 27171 90019 40890 24026 82872 83621 53721 35797 25854 76090 32245 50944 26263 65813 70516 36903 58688 114304 51793 43070 78223 68555 111702 34919 34205 111521 16937 80784 131793 41116 57322 76174 42289 48553 56926 50023 100710 49592 92806 75895 71865 44541 89791 32792 47092 56245 18915 58958 40966 59103 100224 52826 46784 18368 34467 58206 23326 62322 40317 14591 62859 28659 18368 30274 49303 69875 82872 45730 35797 42289 44142 51017 38604 90019 24026 71865 47812 47824 67243 21836 62859 114030
12230 6820 41484 28229 65922 85109 46146 59043 33101 49072 74436 42203 50705 57413 17337 102037 51271 73616 57366 90625 96558 88780 86593 73295 64524 47631 92408 92795 71101 7502 32691 81078 72731 36017 66086 77224 37357 44817 41920 19030 88041 54669 40391 16470 43167 80921 68612 17046 75059 39145 63579 86862 8493 106167 70386 2178 57300 71133 34917 64764 18615 62190 70325 53588 54647 61792 50703 79350 9141 61502 46704 54659 61796 64099 37680 16769 11279 29867 22242 21964 0 101263 82269 24690 31476 49479 9422 54490 97862 47429 83818 59979 66522 105416 89568 84922 28523 81153 42779 61840 41288 71690 80498 71644 20704 68364 44619 69781 42485 44753 14362 95371 47359 89116 58373 71957 26769 20996 44580 96991 34628 38736 45260 86510 17999 33721 50056 58557 67890 34489 100621 56574 16752 75016 69382 61385 57725 63316 60218 56410 5207 91449 58115 25102 68275 75872 75272 19438 20928 64710 16340 72163 46190 87767 49882 15248 79234 92416 67950 64493 96786 90106 99009 22249 22766 89645 22853 77906 112182 22441 79244 55726 64251 63767 57519 50968 79014 31512 90605 76226 50489 22802 68060 28102 68008 77487 19846 80165 62292 80804 102242 38750 68574 11017 55646 79831 44694 82250 27326 10907 84349 12230 11017 24690 49479 66522 68275 33101 19438 64251 56410 32691 59043 91449 25102 50489 69382 61502 88780 2178 84349 92408
89595 107476 72035 129475 153493 172641 111958 134567 70135 110469 31308 142991 57428 44008 88296 6399 128408 29454 127699 102447 43742 128022 157310 101103 130792 107742 117390 29447 50536 108401 124335 147214 156890 136512 137970 138160 72199 117424 133654 96782 161087 148708 111270 85363 122757 170568 32658 84324 146139 73431 105974 103903 95931 75739 158632 103440 132881 31463 68728 118681 119750 121051 130287 103084 96933 41133 137606 27452 106168 152239 110701 48271 105379 150587 138880 102689 90210 130863 122883 105202 101263 0 40904 125877 132128 56112 110532 148889 123894 116952 87053 138867 35403 9432 27961 146847 125980 147247 102871 124145 136026 163715 88314 126677 110610 78710 95832 157425 60412 109435 113970 15599 54167 102865 156025 138149 74901 115048 144671 112092 66640 64586 129118 20281 114593 67682 51404 43957 101282 74654 12990 125720 109004 37790 135257 144175 120600 131345 130445 149143 101063 26827 142935 81459 55141 28734 139707 117910 121834 45226 115931 140288 126414 140455 127096 97295 150099 138368 154118 133103 107373 150920 45112 79452 78632 123006 119370 24464 101563 85709 129915 131891 123194 83958 49125 151641 111881 80208 13964 32379 96326 97572 127176 74219 111300 144170 87199 119359 132259 141938 27825 135541 120599 111016 108775 142216 120080 155692 75204 108607 147166 89595 111016 125877 56112 35403 55141 70135 117910 123194 149143 124335 134567 26827 81459 96326 135257 152239 128022 103440 147166 117390
73209 86977 70537 108476 121210 139315 77828 100027 60405 75466 18416 119851 58478 34538 75435 36543 94963 23510 92519 61562 14815 87677 120076 61041 94353 72921 131354 14109 12844 88031 112099 109584 123201 113216 102205 100106 67840 84206 104697 85716 124176 135978 78675 69769 90774 161063 32262 66161 109601 70680 111660 63019 74751 40121 149659 84250 98521 24940 60015 80913 100326 84003 92607 66568 59976 27264 106320 17568 89754 121314 76324 31620 67253 118101 118529 90165 71277 108833 104345 78078 82269 40904 0 104722 113403 33322 91503 119953 83003 82966 46156 104870 28135 37457 13477 108481 100807 109608 69120 87492 122538 132697 104261 88397 97925 91112 61488 124925 53424 75482 91721 25866 40256 119088 128722 101101 61059 89628 120339 71241 52434 44249 97671 21518 90449 54480 38727 43678 61936 68993 30671 90465 84099 9928 98359 110914 84469 95250 94954 119340 84126 15171 110443 57759 69141 43618 102201 101421 100213 54971 98552 103495 94133 101028 121715 84605 113274 146579 121284 96983 66607 112187 76557 64741 63171 134497 94459 25694 126374 75281 90743 127377 85942 44934 25793 127875 122192 74043 27550 14405 98553 88058 129232 54743 72439 106824 63672 79372 96531 103695 23044 120645 82308 89469 72102 104176 87238 119135 62986 86125 108935 73209 89469 104722 33322 28135 69141 60405 101421 85942 119340 112099 100027 15171 57759 98553 98359 121314 87677 84250 108935 131354
36761 18435 63914 3755 50663 67862 50019 52877 57514 54001 98431 17755 74677 81942 40334 126502 46408 97915 54657 101999 118504 92367 77873 83653 62012 53799 103698 116085 92842 17484 28012 75300 58715 12205 60281 74472 60447 45340 28523 36789 78032 39823 44109 41044 39743 66372 93219 41554 67903 61608 75266 97515 30441 124107 58007 22516 51569 95476 59274 67903 7633 63860 69432 62143 65627 85998 38978 103341 22376 44616 51301 78787 69917 49851 13829 31006 35672 5464 8518 30274 24690 125877 104722 0 11051 72893 15838 35604 104215 48676 98450 51522 90949 129817 113041 80422 13703 75382 51199 61989 28924 52777 97736 72602 27295 87377 56228 53961 67053 49863 13072 119520 71828 103691 36249 67804 51434 18978 20836 106524 59279 62520 37738 110662 16049 58409 74557 83228 77841 57499 124846 54761 22277 98219 65927 50111 58815 60209 56758 38685 25994 114966 46147 47029 91145 100522 71301 15495 4581 88876 14184 67024 41050 86621 49734 33949 71496 97297 53332 60791 107516 85318 122385 46895 47456 98980 14926 102325 129007 44792 80383 54415 65315 78822 80954 26509 90289 53495 114973 99951 64968 39108 72275 52110 74493 72056 41068 85339 58425 77320 125635 24394 71514 15308 61930 75964 43499 72793 51820 18624 79548 36761 15308 0 72893 90949 91145 57514 15495 65315 38685 28012 52877 114966 47029 64968 65927 44616 92367 22516 79548 103698
42564 26446 66501 8563 57547 73122 61037 62682 62472 65034 105895 18156 78619 88571 44449 133192 56618 104964 65046 113005 127474 103190 86549 94675 72321 64849 98958 124220 101861 25386 21128 84794 65889 16220 70008 84591 63713 56218 37466 38438 86299 28820 55145 46771 50331 55322 99577 48437 77175 64295 71350 108542 38652 134395 47100 29378 61495 102455 64092 78794 13079 74659 79894 73180 76581 93202 47806 110807 26079 50930 62334 86103 80967 57232 8257 32133 42750 11647 9283 41012 31476 132128 113403 11051 0 80894 22064 41239 115196 59571 109204 60823 97781 136641 121025 90137 23936 84876 62211 72653 18721 57443 96060 83266 26039 86956 67092 60439 72225 60908 23046 126774 78626 100495 38925 77747 57227 29990 22745 117574 65631 70203 47720 117918 26878 64465 81275 88702 88867 60786 131983 65273 32868 106408 76026 58621 69602 70449 66994 44853 31065 122912 54569 55699 93575 105753 81232 15007 15191 92936 16277 76778 51357 96900 42230 36461 80553 90121 60415 70921 118548 94918 125062 52678 53560 93483 25965 109150 126685 48154 91016 46254 76046 89461 88948 25479 85791 56127 121879 107702 62762 39761 65399 59578 85524 81674 49897 96295 68564 87275 133691 13937 82371 24442 72974 85859 54258 81327 57069 28224 89209 42564 24442 11051 80894 97781 93575 62472 15007 76046 44853 21128 62682 122912 55699 62762 76026 50930 103190 29378 89209 98958
39920 54687 41690 76629 97514 116816 57187 79549 28758 56382 26002 89015 33850 15828 42235 55329 72946 26683 73226 67158 48019 82935 104085 57135 77323 53620 106350 43326 24005 55714 78777 94686 101254 82397 83721 86501 37830 62035 77620 52590 107455 102694 55737 36447 66884 127751 25812 32971 92405 41140 83101 65966 42484 64904 116380 51537 77791 24674 28875 67382 67879 68617 78341 50975 45973 15158 81541 30828 56590 96131 56135 8816 55604 94657 86550 56873 38301 77395 71707 49303 49479 56112 33322 72893 80894 0 58846 92904 84210 61961 53858 83514 21310 58229 40173 95429 70895 94732 48174 71118 89268 107605 82317 75840 64607 68100 41947 101471 24573 54631 60171 47177 11286 96202 100425 85136 28049 59750 90115 76480 19869 10943 73102 38438 59818 22075 12102 25274 54791 38222 52655 71349 53826 25540 82151 88485 67149 77530 76142 93061 50980 42085 87043 26219 51204 38436 87214 68357 68512 38571 65611 86939 70584 91480 89036 51332 96571 117945 98249 79267 73578 100039 71773 31503 29889 107926 64321 31649 109513 42486 80763 94802 70934 39415 8067 97411 95510 42618 43503 27113 69068 55129 98505 21544 62575 91356 32202 73310 78103 90460 52813 87488 70085 57596 56488 90409 64497 101804 30268 54595 95515 39920 57596 72893 0 21310 51204 28758 68357 70934 93061 78777 79549 42085 26219 69068 82151 96131 82935 51537 95515 106350
21056 5590 48410 19174 61549 80113 48657 58050 41704 52077 83857 33580 58852 66756 24568 111390 50575 83017 57654 96533 105702 91883 85020 78715 65034 51074 93657 102171 80165 4676 26254 80582 68936 27729 65369 77834 44757 45978 37663 22394 85980 46380 42631 25339 42731 72969 77899 26444 73961 46084 64754 92495 16920 114271 62890 7314 56433 80527 43452 67417 9229 64244 71545 58078 60062 71206 47382 88772 7687 56423 49513 64079 66264 60096 28350 17602 20701 21224 12865 24867 9422 110532 91503 15838 22064 58846 0 48510 102040 48962 90796 58132 75898 114788 98964 84955 22790 80660 46957 63311 33235 65896 84542 73581 17541 73301 50078 65234 51289 47700 9434 104786 56732 91874 51072 71964 35793 18891 36400 102294 43898 48138 43343 95925 14991 42889 59415 67556 73108 41818 110027 57186 17338 84373 69615 58487 59470 63578 60283 50921 10183 100849 54885 33998 75578 84806 75394 11379 12739 73040 7862 71797 45217 89099 45819 19071 77964 90945 63857 64550 102505 90080 106701 31234 31919 90011 18629 87280 116135 29186 81344 51395 66113 70751 66895 42343 80158 38061 99989 85639 52845 25412 66060 37517 71958 77081 28401 83772 62244 81179 111632 30201 71211 7140 59320 80050 45184 80348 36041 10355 84262 21056 7140 15838 58846 75898 75578 41704 11379 66113 50921 26254 58050 100849 33998 52845 69615 56423 91883 7314 84262 93657
66146 47805 95974 34663 16955 32272 45690 32277 86408 49480 118708 24557 104418 105602 71816 148219 30923 119558 38711 97201 131728 77282 48459 79631 43922 51088 139205 133133 107153 47379 62156 49850 25398 25074 37802 53246 91788 38630 15348 70890 47164 64629 42557 70032 30847 87026 117055 68167 41803 93635 110862 92099 55864 128556 82444 52697 32190 117441 88299 56476 42853 51369 51832 60019 66039 107757 16548 123389 56118 9913 47419 100639 65195 17592 35083 65701 62766 31050 43974 43694 54490 148889 119953 35604 41239 92904 48510 0 91737 41253 99173 27802 113568 151031 130808 55937 26007 49930 52582 47820 58826 17391 132831 56970 62840 121810 60129 19348 94950 47321 40244 139662 95657 139245 11013 45904 79238 35030 19828 98481 85188 84520 23926 131115 36872 85066 98418 109669 74185 88949 145204 40127 40999 115866 45446 22352 47023 41766 38900 4072 57943 132801 18793 67620 122648 126844 48957 51099 36429 117913 49546 43890 28520 65769 83468 67568 44049 131359 19993 41291 101189 59883 152980 75149 75020 134234 31819 124458 164289 76858 63573 87387 51548 82722 100381 23228 125831 85921 136388 119161 100404 73734 106609 75870 66418 47574 62159 73470 39397 54625 142651 54003 58958 43568 56643 52961 35376 43055 80616 43990 54787 66146 43568 35604 92904 113568 122648 86408 51099 51548 4072 62156 32277 132801 67620 100404 45446 9913 77282 52697 54787 139205
99320 96665 120325 106788 81013 90271 54245 59486 105115 50388 96196 108471 116934 99002 106393 119442 61861 100561 53366 22013 84511 15196 58855 27444 47847 51046 184377 95720 74530 97429 128126 49387 76961 103853 54902 41167 115362 59126 82600 114447 63533 144017 60249 99458 65868 170341 105563 93735 55259 118843 157233 19996 90430 60485 162207 98305 59563 100306 106330 36730 105798 41405 40090 44276 44196 94716 75591 98197 106627 85970 53066 91789 36077 78207 114655 114268 93860 104454 110092 77173 97862 123894 83003 104215 115196 84210 102040 91737 0 55752 37000 64292 100081 119974 96245 44269 91753 49347 55193 44379 132710 93573 164139 34770 118372 149856 53805 82735 106101 54682 94777 108776 95056 176801 102714 47667 99417 85810 105595 13807 96615 86769 70669 104063 89498 98503 96286 109289 31365 114222 113245 52292 84974 87403 47130 70736 46367 49998 52852 88505 102859 97691 73455 81553 135322 119283 45645 112837 100583 122716 109316 50338 66066 31888 147521 111042 56160 189238 78985 50615 19221 44573 154005 99215 97504 183720 89317 104855 193054 110280 28757 153252 40643 44800 85274 112198 171876 116028 110313 93451 142800 118351 165559 88948 30091 49243 82675 18984 52375 42002 101967 128448 33482 95402 42768 43563 61440 61549 102495 91737 45414 99320 95402 104215 84210 100081 135322 105115 112837 40643 88505 128126 59486 97691 81553 142800 47130 85970 15196 98305 45414 184377
53475 44176 81618 51103 38487 56378 5138 17634 67773 8294 85681 53319 84541 77116 60972 115072 12049 87763 11673 56864 93188 43733 43260 38785 17726 10318 139491 96829 70206 44702 74059 35389 40310 48300 22148 30031 76560 3374 28505 66166 46101 88374 7542 55472 10887 114601 87754 50728 31255 79538 110819 51900 42196 87407 106661 47138 15930 86114 69535 19228 51044 15392 22896 18835 25128 76992 25181 89878 54978 39688 6700 70676 24213 35318 58933 64100 48016 48705 55110 25511 47429 116952 82966 48676 59571 61961 48962 41253 55752 0 57921 22030 83209 117334 95104 38234 36001 35453 14106 14437 77456 50610 124820 24628 66334 111434 21524 42073 73361 7557 40532 105465 68534 135032 51872 25691 60407 30982 50966 59569 62408 57009 17375 97559 34899 63340 70976 84231 33163 74394 110977 10129 31709 80797 22828 27954 10513 17044 14747 39302 52627 97067 27776 42722 104325 99841 28688 58810 45301 95517 55448 26662 12737 40366 94673 62413 35570 139532 38360 18582 61491 43405 131037 58004 56879 137031 33920 92837 156087 65911 32413 100117 17160 42079 68023 58107 126197 73931 103450 85170 97275 70052 114837 52356 26836 31774 39971 36788 16869 33782 106009 73042 22855 41884 15551 33003 6132 40286 62997 38747 37841 53475 41884 48676 61961 83209 104325 67773 58810 17160 39302 74059 17634 97067 42722 97275 22828 39688 43733 47138 37841 139491
80777 85234 94344 101818 94270 109057 53657 70830 79779 49731 60522 108414 87707 66652 86581 82485 68889 65204 62910 15429 47897 43887 83117 21222 61438 48361 159501 58721 38836 86222 116457 72343 93395 102434 69990 62483 89868 60648 85867 96296 87701 136786 57836 79416 68525 163558 71305 73843 74915 93360 134580 17213 75375 30238 153685 85020 69920 65318 80522 46285 97301 50961 56674 39258 33821 61213 82953 62002 92932 96871 51939 59875 34378 91074 111342 98071 76156 100607 101836 68200 83818 87053 46156 98450 109204 53858 90796 99173 37000 57921 0 76242 65882 82976 59293 69499 89056 72342 48470 54972 123941 107062 136166 51237 104087 121926 42346 97244 78028 52364 86323 71832 65142 149931 109751 65946 75866 79702 107024 25189 70518 59782 75280 67442 82403 72698 65663 77345 25619 89492 76252 61000 76342 51343 63845 83115 53821 63070 64262 97113 87951 60711 84221 61234 104311 84827 65812 102170 94054 90761 98654 68735 70653 59603 132613 93568 77658 168650 93291 64527 20936 72101 119475 77178 75311 160345 84333 69131 162977 89189 50688 138560 52033 20065 52604 114545 148033 92667 73622 57436 120112 99855 146929 65560 35650 70460 64782 37382 65071 65323 65129 120517 45866 85620 42644 66289 63866 83725 78850 81666 70266 80777 85620 98450 53858 65882 104311 79779 102170 52033 97113 116457 70830 60711 61234 120112 63845 96871 43887 85020 70266 159501
68894 54789 98692 52520 18062 34460 27138 5418 86020 29455 107630 48434 103548 98334 76023 137071 10599 109595 13347 71857 114696 49613 26891 55470 16543 31952 151714 118785 92151 54917 79432 23999 18331 45794 10085 25608 93831 21489 23369 78880 28062 88012 27784 71760 17873 112397 109210 67909 16387 96470 122790 66695 57247 106391 106394 58971 6481 107881 87873 30692 56642 25645 24213 39194 45869 98630 13325 111869 65426 21816 28574 92130 41968 14896 57216 75335 63965 49185 59644 40524 59979 138867 104870 51522 60823 83514 58132 27802 64292 22030 76242 0 104819 139355 117108 29573 37927 24082 36123 21705 79540 30943 140245 29605 75359 127579 43532 21044 92705 29586 48708 127493 89346 149081 38625 18264 78502 39483 44521 71979 81885 77731 14820 119561 43208 82505 91897 104817 50626 91363 133006 15315 43263 102828 17645 6915 22432 14438 12219 24321 64807 119067 9168 62243 123115 120921 21500 65343 49827 115419 62591 16565 14266 38230 101094 75130 20040 148187 17116 13679 75170 34176 151101 75398 74598 148130 39735 114665 171879 81213 35854 105913 25186 62735 89840 49939 138226 89919 125424 107179 110297 82487 123123 71782 41305 21029 58374 46526 12077 27408 127910 74724 32477 51255 34355 25822 19106 22297 80744 49440 28564 68894 51255 51522 83514 104819 123115 86020 65343 25186 24321 79432 5418 119067 62243 110297 17645 21816 49613 58971 28564 151714
55290 72514 44424 94600 118733 138087 78385 100818 37601 77407 10734 107842 31111 9352 55119 35555 94254 7497 94389 80737 41561 100938 125003 74201 98245 74645 103272 30963 27673 73471 92105 115391 122558 101318 104851 106912 42700 83336 98379 64560 128480 116544 77045 51183 88162 140038 5483 49481 113430 45019 84509 80659 60752 67562 128269 68685 99068 4891 36611 87563 85123 89191 98806 71309 65796 6235 102696 14801 72161 117176 77284 12950 75088 115901 104199 69984 55320 95819 88499 69875 66522 35403 28135 90949 97781 21310 75898 113568 100081 83209 65882 104819 0 38893 27078 115800 90600 115433 69334 91890 103429 128625 76151 95918 77987 62987 62838 122702 28703 75831 78795 29297 19166 90958 120622 105952 40945 79648 109391 90489 32230 29184 94311 20601 79240 33635 16507 15762 72893 44472 34301 92486 73607 18312 102985 109786 88032 98544 97272 113915 66824 28491 108305 46061 41212 19203 107885 84045 86800 27001 81780 107853 91870 111011 98309 64409 117552 119228 119514 100291 86728 120258 53933 45372 44304 106616 83989 11384 99217 53469 100278 103667 91464 56120 15831 116443 94379 49950 24098 14486 72041 66079 103189 38974 81737 112134 51798 91562 99202 110830 39032 102410 90006 75916 76935 110882 85807 122879 41841 73371 115959 55290 75916 90949 21310 0 41212 37601 84045 91464 113915 92105 100818 28491 46061 72041 102985 117176 100938 68685 115959 103272
94106 111383 78835 133478 154631 173481 112257 134838 75480 110444 32324 146597 64231 48072 93467 3937 129042 31955 127698 98210 37333 125126 156511 98481 130289 107766 126443 24270 48621 112347 130051 146199 157554 140040 137776 136907 78539 118072 135709 102416 160451 154498 112078 89953 123841 177022 37337 88374 145639 80062 114192 100077 99538 68978 165123 107579 133211 34350 74218 117524 124014 120244 129208 102422 96048 43933 138994 27706 110910 153806 110905 51186 103995 151646 143092 108135 94209 134645 127362 107517 105416 9432 37457 129817 136641 58229 114788 151031 119974 117334 82976 139355 38893 0 23980 145437 128979 146227 103232 123525 141599 165298 97390 125277 116117 87418 95928 158504 65936 109778 117557 11979 58058 112021 158653 137396 79601 117894 148001 107681 71023 67630 130409 19954 117745 72296 55377 49860 99192 80833 6786 125681 111915 36675 134565 144944 120188 130991 130334 151036 105637 22369 143960 84240 63696 36258 138738 122762 125636 52927 120585 139658 127425 138363 133979 102639 149479 147011 155073 132745 102769 149299 54468 84092 83106 131887 122380 27510 110994 91281 127988 138937 122301 82003 50651 155147 120614 86418 14859 32216 104033 103491 135093 77757 109534 143289 90133 116812 132060 140589 20170 140846 119178 114731 108079 140978 120870 155207 80222 112085 145832 94106 114731 129817 58229 38893 63696 75480 122762 122301 151036 130051 134838 22369 84240 104033 134565 153806 125126 107579 145832 126443
79423 94860 71501 116783 133034 151471 89978 112394 63832 87853 16525 128932 57983 35761 80483 23197 107008 20052 105030 74634 17774 101148 133144 74513 107192 85241 128454 3924 25188 95887 117593 122721 135413 122296 114898 113316 69686 96129 115473 90393 137180 141871 90375 75615 102372 166102 29165 72810 122497 72080 111233 76293 82654 49120 154449 91650 110834 22451 63059 94031 108034 96962 105729 79328 72822 29199 117799 12372 96313 132755 88537 35579 80417 129970 126719 95424 78329 117473 111811 88034 89568 27961 13477 113041 121025 40173 98964 130808 96245 95104 59293 117108 27078 23980 0 121759 110377 122747 81097 100365 128555 144205 100341 101636 103371 88082 73581 136820 55489 87565 100249 12542 43989 115298 139133 114099 65994 99166 129796 84225 57115 50835 109151 10877 99582 58892 41810 42440 75328 71337 17194 102989 93403 15027 111317 122972 97201 108007 107556 130447 90763 1993 122285 66148 64882 37078 115302 108178 108636 51278 105565 116439 105838 114460 125074 89810 126243 145729 133260 109751 79453 125530 67132 70120 68764 132448 103884 19379 119812 79483 104137 130516 98954 58229 32106 137205 120390 76736 15622 13622 99039 92259 130234 61488 85763 119897 72151 92844 109199 116946 12690 127100 95539 97736 84928 117389 99068 132052 67413 94656 122189 79423 97736 113041 40173 27078 64882 63832 108178 98954 130447 117593 112394 1993 66148 99039 111317 132755 101148 91650 122189 128454
91678 80811 119679 81721 41300 46548 41233 27546 105519 40319 115932 77942 121687 111206 99160 143852 34481 119011 27557 59602 115028 29452 14624 49026 20547 42916 177310 122528 96818 81154 108004 6215 35161 75348 20148 8935 114593 40348 52821 103890 19337 117574 45759 93704 42225 141892 120853 88896 14164 117639 148501 54886 80297 98746 135965 84358 28910 117828 107224 28282 84869 26906 17113 44510 50134 109622 42894 119418 91710 47706 41553 104218 41486 39224 86776 101277 86242 78492 88243 63365 84922 146847 108481 80422 90137 95429 84955 55937 44269 38234 69499 29573 115800 145437 121759 0 66719 6142 48910 25036 108851 52512 163045 20178 102485 149604 53755 41814 110360 43500 75777 133490 103753 173212 66023 13004 98277 66090 73908 55847 99452 92688 42708 126658 70048 100610 105921 119549 46790 112504 138729 28446 68462 109154 15556 33653 29371 21610 24743 52030 90053 123573 37489 80109 141477 133856 9652 93384 78254 131682 90365 13399 39907 12476 129474 100111 12988 175853 38629 20460 60461 5191 166661 96097 94900 174474 67439 123983 194264 104129 18819 134518 24549 63548 99996 78886 163934 112158 132911 114475 135215 107713 150879 89611 36079 8548 77953 32413 22727 4972 130700 104069 26270 77839 38942 5262 40228 17536 100967 75300 1255 91678 77839 80422 95429 115800 141477 105519 93384 24549 52030 108004 27546 123573 80109 135215 15556 47706 29452 84358 1255 177310
40361 21804 69993 15373 38883 57325 38017 39174 60923 42136 96887 19674 78839 82104 45828 125910 32771 97090 41127 91137 113846 79397 64475 72718 48434 42350 115537 113106 88377 21373 41506 61622 46506 13401 46580 60818 65870 32628 15418 45155 64855 52550 32422 44365 26416 78612 93585 43052 54285 67653 86783 86447 30741 116183 70943 26697 37869 94805 62798 55146 18964 50866 55963 51164 55462 85121 25725 101724 30473 33633 39460 77878 58521 37614 23042 40299 37404 12715 21720 22898 28523 125980 100807 13703 23936 70895 22790 26007 91753 36001 89056 37927 90600 128979 110377 66719 0 61704 40743 48750 42431 43310 107332 59358 38581 95989 46806 42501 69806 38268 14237 118072 71977 114453 30440 54110 53965 11213 19539 94954 60581 61446 24037 109311 11507 60208 74758 85117 66885 63010 123540 41337 17072 95359 52263 36948 45803 46595 43139 28182 31956 112349 33092 44743 96772 102442 57606 27719 12062 92573 25321 53321 27457 73035 63176 41728 57945 110458 41300 47134 96345 71622 127330 49708 49756 111301 6610 101802 138918 50854 67093 67995 52182 70089 78771 27131 102052 59915 114154 97878 75435 48195 85394 51891 62468 58362 38856 72787 44769 63630 122711 37771 58651 17565 50181 62266 30465 59483 55105 18301 65849 40361 17565 13703 70895 90600 96772 60923 27719 52182 28182 41506 39174 112349 44743 75435 52263 33633 79397 26697 65849 115537
88493 76731 117057 76527 35159 41005 39028 22710 103196 38718 116134 72235 119753 110406 95922 144492 30096 118994 24126 63399 116850 34278 10788 51438 17905 41424 173545 123704 97649 77016 103138 83 29083 69850 15310 9870 112007 37173 47445 100175 15369 112044 42977 90736 38081 136142 120369 86128 8131 114965 144671 58525 76979 102015 130397 80467 24249 117692 104944 28717 80112 26280 17022 44265 50315 109218 37332 119796 87596 41593 39587 103546 42355 33106 81259 97291 83150 73232 83345 59940 81153 147247 109608 75382 84876 94732 80660 49930 49347 35453 72342 24082 115433 146227 122747 6142 61704 0 47282 23624 103596 46417 160058 21496 98141 146797 52802 35692 108489 41437 71375 134254 102574 169873 59934 9835 95851 61770 68124 60340 97541 91311 37835 127164 65686 98584 104839 118381 48583 109818 139570 25363 64527 109729 12810 27723 27723 18414 21112 45997 86225 124599 31626 77982 139556 133146 7559 88710 73408 130218 85780 9002 35445 18044 124706 96392 7004 171393 32488 16953 64740 10125 165457 93441 92331 170471 62808 124011 191428 100968 22271 129655 24073 64769 99707 72955 160122 109198 133363 114879 131599 103950 146371 87574 37747 3701 75423 35965 18978 7460 132105 98789 27462 73588 38583 6146 36621 12237 98450 71237 4922 88493 73588 75382 94732 115433 139556 103196 88710 24073 45997 103138 22710 124599 77982 131599 12810 41593 34278 80467 4922 173545
45783 41520 71519 54302 52095 70382 9091 31696 56942 8600 71589 59959 72786 63560 53220 100966 25911 73734 25058 50801 79807 46244 56118 32470 29490 6028 132304 82899 56314 42314 73162 47229 54362 54061 35547 40090 66395 15087 38168 60146 59340 90690 10026 46865 22040 117425 73986 41509 44307 69599 104169 46346 35750 76634 108435 43137 30021 72126 58585 23295 51483 22381 32031 11161 14725 63104 37612 75774 51450 52547 7961 56948 19310 48981 63418 59371 40179 52704 55934 22160 42779 102871 69120 51199 62211 48174 46957 52582 55193 14106 48470 36123 69334 103232 81097 48910 40743 47282 0 23889 78611 63787 115453 31313 63191 101659 7702 55807 61452 6564 40293 91371 55369 126579 62547 37492 49907 32224 58580 55649 50555 44037 29081 83453 35477 51761 57700 71163 26677 64532 96887 23175 30228 66719 34496 41875 19613 29487 27969 51278 47854 83066 41327 31427 92570 86330 39949 57957 47076 82941 54404 39048 25161 48000 92329 56573 48524 134842 52190 31201 56365 53882 118198 48247 46856 130666 36518 78808 146235 57733 38197 98062 24749 30386 54016 66135 119292 64914 89349 71065 90082 64089 110754 40793 25232 43749 30152 37412 29944 44069 92149 74651 26954 40524 13007 43686 18161 53649 52743 36742 48775 45783 40524 51199 48174 69334 92570 56942 57957 24749 51278 73162 31696 83066 31427 90082 34496 52547 46244 43137 48775 132304
67470 58592 94838 64100 39715 54216 16422 16342 80545 15291 92919 64311 96652 86782 74987 121627 17482 95619 9111 50167 95925 30877 33200 33954 6894 17923 153747 101590 75177 59101 88109 23576 38429 60041 15237 16298 89734 17335 38290 80507 36955 101286 21572 69215 22334 127105 96788 64224 22134 92833 125139 45006 56379 85205 119692 61572 15876 94251 82235 8987 64958 4013 8570 21106 27543 85667 31407 96724 69409 43291 16575 79934 21290 36580 71147 78530 61940 61397 68877 39893 61840 124145 87492 61989 72653 71118 63311 47820 44379 14437 54972 21705 91890 123525 100365 25036 48750 23624 23889 0 90908 52621 138439 10615 80730 124859 29180 42439 85329 18557 54711 111549 79000 148986 58832 14069 73352 45049 61278 50704 74416 67806 26371 104199 49015 75576 81241 94809 29428 87714 116943 7914 46113 86885 11128 28612 4370 8171 9487 44888 67042 102263 30424 55096 116444 109525 16152 72937 58931 106771 69631 16149 21896 25932 108926 76765 25970 153965 38478 9767 53641 30057 141905 71315 70060 151400 47568 100658 169510 79831 18398 114311 3751 43389 76211 67820 140491 87604 110331 91845 111494 84406 129252 64580 19643 20248 53128 25727 10099 20244 110317 86368 11140 56207 15449 19800 18557 31694 76085 53145 24886 67470 56207 61989 71118 91890 116444 80545 72937 3751 44888 88109 16342 102263 55096 111494 11128 43291 30877 61572 24886 153747
49350 38745 65831 27160 75522 89914 78472 81378 66121 82335 112609 34459 79643 94079 48314 137931 75197 110873 83538 129064 137092 121186 105135 110953 90862 81870 85246 132028 111920 37739 11890 103514 83942 34392 88717 103221 64383 74146 56177 39245 104752 13459 72461 52979 68665 39742 104280 56394 95883 63937 59591 124822 49658 147373 29876 39656 80168 108282 67398 96659 27129 92719 98340 89747 92476 99683 66487 117435 32933 68691 79649 92991 97758 75441 23752 33479 51544 30367 22695 56635 41288 136026 122538 28924 18721 89268 33235 58826 132710 77456 123941 79540 103429 141599 128555 108851 42431 103596 78611 90908 0 74048 87031 101518 25485 80235 82647 78171 75704 78081 38326 132724 84772 89010 54675 96425 62661 46906 39285 134259 71533 78325 66367 124003 43292 69902 87181 92072 105221 61698 137628 83676 48434 114596 94659 77215 87685 89024 85568 62639 38552 130337 73152 66325 91419 108212 99913 21972 32174 93638 25386 95486 69886 115465 26285 39026 99232 73374 78463 89541 134856 113639 122583 58443 59797 78813 43538 114540 116078 50347 109303 29105 94213 103924 97095 39394 72690 56305 127206 114961 54242 38686 49425 67798 102777 100393 61123 113940 87179 105953 141214 4868 100310 38470 90112 104549 72397 99880 61588 42412 107926 49350 38470 28924 89268 103429 91419 66121 21972 94213 62639 11890 81378 130337 66325 54242 94659 68691 121186 39656 107926 85246
83167 65065 113157 51545 12912 15881 55618 36353 103158 58786 133041 39702 121196 121030 89027 162664 38711 134271 44186 102703 143582 78468 41292 86398 46983 60927 156086 146267 119854 64673 78556 46350 17363 41647 38970 52671 108889 48801 30790 88279 38493 78064 54038 86960 41923 97964 132395 84774 38993 110821 127920 97541 72570 137127 94988 69946 37154 132272 105057 61603 60137 56580 53943 69118 75632 122661 26408 137592 73509 11491 57274 115677 72703 16047 50492 83081 79542 47993 61027 59123 71690 163715 132697 52777 57443 107605 65896 17391 93573 50610 107062 30943 128625 165298 144205 52512 43310 46417 63787 52621 74048 0 150204 59652 80067 139197 71488 10874 111444 57722 57530 153703 111263 156468 19659 45909 95877 51709 34901 102345 101400 99894 35059 145344 53888 101426 113992 125722 81472 106076 159256 46068 57510 129452 46584 24028 53262 45008 43137 15354 75266 146194 22973 83132 139675 142734 48138 68244 53792 134481 66826 43277 38630 64134 99469 84947 39545 147239 14597 43909 105791 55266 169757 91910 91673 150872 48888 139253 181637 94106 64823 103029 56023 92616 114772 35441 142772 103176 150850 133172 117697 91121 122739 91812 72244 45234 77961 76755 42743 52775 155651 69352 63189 60836 64739 51077 45641 36257 97404 61051 51262 83167 60836 52777 107605 128625 139675 103158 68244 56023 15354 78556 36353 146194 83132 117697 46584 11491 78468 69946 51262 156086
71624 86380 44167 99599 145982 164651 122019 138819 59289 123650 86148 113735 48499 71370 64299 93617 130975 81321 135933 149039 116988 159687 166490 136712 142541 121390 29083 104147 102083 86519 76897 159989 153097 109634 145506 154651 49271 122893 121969 62238 168245 94490 117288 69350 122886 105711 72165 74215 154685 45938 29511 147323 83238 143447 94803 81773 137010 79499 57935 138687 90199 137646 146953 123632 121211 78219 131150 88638 76860 140965 121945 77157 130728 144361 104278 67136 76910 102896 89972 100280 80498 88314 104261 97736 96060 82317 84542 132831 164139 124820 136166 140245 76151 97390 100341 163045 107332 160058 115453 138439 87031 150204 0 146759 70671 14316 113095 149724 58404 119933 93507 95572 71042 14959 133826 150433 65751 101464 117838 158033 67527 77541 125658 90236 98215 65674 70724 61038 133030 50942 97660 134763 97046 94461 147625 141883 134078 141713 138956 135417 76013 101062 138592 84350 35464 63699 153504 82619 96412 49384 83555 151095 126182 163447 64276 65801 158958 52254 148177 143111 155540 168205 50848 67220 68599 35380 102712 80975 31686 59166 153552 65844 139965 120311 84706 121532 26137 50889 88759 90170 33333 59147 50475 75747 137937 156357 85395 150065 141100 158504 109437 89757 142242 90403 127828 157802 123553 162396 62806 91337 162660 71624 90403 97736 82317 76151 35464 59289 82619 139965 135417 76897 138819 101062 84350 33333 147625 140965 159687 81773 162660 29083
76500 68733 102825 74712 46849 58743 25553 24718 88166 23217 95803 74629 103531 91662 84008 123676 27627 98950 18945 43792 95367 20570 32242 30127 13090 25374 163025 102467 76656 69287 98602 21485 43908 70520 20685 11747 97700 27721 48524 90066 36688 111885 31263 77926 32942 137649 101040 72702 23793 100911 134583 38699 65731 81222 130298 71503 24818 97819 89774 8497 75491 9456 5790 24912 30130 89773 40916 99255 79474 51386 25218 84582 21308 43899 81682 88396 70914 71994 79446 49693 71644 126677 88397 72602 83266 75840 73581 56970 34770 24628 51237 29605 95918 125277 101636 20178 59358 21496 31313 10615 101518 59652 146759 0 90911 132970 34830 48988 92166 27238 65129 113325 84629 157748 67944 14902 81201 55516 71445 42697 81398 73873 36678 106481 59464 82747 86678 100352 27086 95845 118576 18222 56297 88977 13300 36207 14115 15235 18119 53743 76849 103461 38743 62664 123219 114191 14591 83390 69517 112805 80051 17747 32345 16688 119299 86361 26425 163977 45103 15951 46291 24364 147407 79543 78167 160956 58144 103902 177534 88704 7814 124730 7468 43473 80091 77786 149862 96136 112738 94309 120745 93991 139367 71873 16251 19270 61400 17104 17614 15313 110750 96983 6099 66511 19639 15800 29142 32494 84052 63336 20557 76500 66511 72602 75840 95918 123219 88166 83390 7468 53743 98602 24718 103461 62664 120745 13300 51386 20570 71503 20557 163025
25009 22183 41499 28938 77308 95045 65740 75490 40638 68973 87294 43150 54704 68640 22921 112454 68075 85445 75194 111288 112616 108820 102238 94000 82569 67754 76956 106905 87854 21632 14228 98062 85069 38989 82838 95370 39447 63415 53958 13886 103010 38571 59780 28167 60265 63149 78796 32339 91339 39429 48244 107559 28865 125168 51881 20073 73898 82849 41929 84504 20024 81525 89018 74132 75347 74367 64068 92092 11745 71603 66483 67794 82350 76172 34270 8004 28411 32294 19306 41578 20704 110610 97925 27295 26039 64607 17541 62840 118372 66334 104087 75359 77987 116117 103371 102485 38581 98141 63191 80730 25485 80067 70671 90911 0 61009 65316 80790 50242 64603 26770 107274 59458 76409 63167 89498 37379 36400 47173 117695 46261 53708 60641 98575 32459 44551 61814 66655 88583 36652 112155 74710 34625 89659 87156 75275 76822 81118 77823 65778 16156 105123 71530 43709 68141 82992 92931 11953 26740 68892 13364 89302 62697 106571 29199 13592 95290 73405 79817 82088 117472 107603 99625 33314 34793 72857 35629 89068 101786 24901 98641 35024 83449 84098 72262 51212 63474 31465 101726 89755 37700 14115 48546 43457 88405 94577 39387 100441 79780 98720 115996 25055 88312 24677 75903 97589 62702 97462 36159 27587 101783 25009 24677 27295 64607 77987 68141 40638 11953 83449 65778 14228 75490 105123 43709 37700 87156 71603 108820 20073 101783 76956
58699 74566 30165 89579 134239 153233 108456 125902 45158 109942 73265 104077 34354 57635 51590 83541 118064 68599 122689 134734 104264 145557 153543 122423 129157 107628 40396 91950 88306 74811 69246 146730 141089 99490 132439 141116 35291 109632 110204 50928 155468 89269 103892 56104 110022 103808 59353 60712 141657 32062 29300 133007 70354 129877 92314 69813 124075 66622 43750 124828 79752 123936 133335 109607 107051 64626 119037 76091 65706 129542 108316 63179 116611 132460 95211 56389 63800 92697 80064 87298 68364 78710 91112 87377 86956 68100 73301 121810 149856 111434 121926 127579 62987 87418 88082 149604 95989 146797 101659 124859 80235 139197 14316 132970 61009 0 99072 138061 44094 106315 81912 84361 56841 28289 123625 137106 51805 89346 107922 143718 53257 63227 113155 78363 86300 51433 56616 47548 118781 37155 86959 121450 84611 81234 134261 129563 120490 128406 125735 124170 64192 88948 126409 70405 23822 52274 140116 72775 85600 36804 73255 137871 113410 149655 60270 54264 145956 59664 136308 129845 141238 154744 46870 53544 54835 44698 90981 68728 44661 46383 139663 63053 126271 105995 70730 112221 33196 37705 77514 77247 26329 48282 51615 61639 123833 143099 71735 135916 127885 145001 97858 82341 128347 78702 113902 144349 110446 149592 48920 79269 149256 58699 78702 87377 68100 62987 23822 45158 72775 126271 124170 69246 125902 88948 70405 26329 134261 129542 145557 69813 149256 40396
45553 44505 68937 59534 59757 77900 16397 38913 53956 14652 64524 66316 68763 57605 52727 93747 33480 66889 31868 46475 72106 46831 62176 28718 35412 11912 131366 75316 48703 45404 76291 52755 61831 60206 42177 44824 63825 22755 45517 60646 65650 95133 17640 45931 29721 121934 67662 40288 50605 67168 103731 42429 36815 69675 112521 45334 37304 65391 55467 26370 55632 26849 36645 10538 10038 56605 45304 68597 53633 60247 14985 50762 18058 56631 68999 60675 40065 58263 60154 26146 44619 95832 61488 56228 67092 41947 50078 60129 53805 21524 42346 43532 62838 95928 73581 53755 46806 52802 7702 29180 82647 71488 113095 34830 65316 99072 0 63444 57402 14001 44483 84028 50004 124818 69949 43189 47356 37383 65244 52395 46724 39068 36752 76232 40218 48181 52169 65795 23272 62235 89526 29889 34375 59330 40206 49440 25213 35723 34628 58914 49438 75544 48991 28801 88410 80345 45303 61362 51903 78045 57794 45025 32863 51243 94502 57266 54715 135433 59796 37474 52431 58527 112907 46369 44796 130259 41988 71955 143404 56833 40864 100340 29207 23389 47284 72862 118599 63264 82203 63831 89405 64546 111825 37495 25064 49410 29024 37407 36482 48810 84526 78933 29608 44191 15203 48645 25857 60087 50339 40268 53764 45553 44191 56228 41947 62838 88410 53956 61362 29207 58914 76291 38913 75544 28801 89405 40206 60247 46831 45334 53764 131366
80557 63497 110807 53472 4023 15677 47192 26432 99731 49995 126427 43875 117708 115543 86959 156030 30025 127989 34388 92305 135247 67614 31363 76369 36515 52327 157608 138692 112121 63277 81184 35623 6998 44222 28315 41798 106285 40725 27865 87488 29139 83742 46477 84069 34685 105273 126750 81245 28153 108494 129023 87148 69394 127417 101328 68257 27475 126108 101628 51374 60801 46438 43246 60046 66675 116620 20269 130847 72920 9510 48770 109811 63008 6860 54431 82792 76403 49835 62462 54448 69781 157425 124925 53961 60439 101471 65234 19348 82735 42073 97244 21044 122702 158504 136820 41814 42501 35692 55807 42439 78171 10874 149724 48988 80790 138061 63444 0 107474 49471 56229 146764 106043 156936 26416 35068 92291 48973 39106 91679 97055 94502 28402 138589 51790 97309 108715 120986 71626 103575 152307 36357 54307 122267 35832 14305 43465 34610 33017 15587 73877 138797 14550 78080 136702 137697 37265 69348 54056 130516 67427 32418 31079 53305 102640 83957 28904 150529 3961 33409 95223 44786 166080 88601 88153 152931 47084 133024 181352 92143 53995 106659 45714 83615 108310 41554 144168 101181 144271 126292 117929 90641 125695 87183 62078 34395 73328 66086 32417 41931 147956 73344 52752 59384 55351 40231 37752 26121 94100 58893 40571 80557 59384 53961 101471 122702 136702 99731 69348 45714 15587 81184 26432 138797 78080 117929 35832 9510 67614 68257 40571 157608
30300 49156 17425 70462 103456 123151 69466 89833 9776 70042 38966 84675 11365 19729 27956 62239 82318 36172 85028 90642 68041 102755 116612 78662 90585 67459 81783 59293 47145 49948 64117 108431 108830 78494 95413 101537 14427 72340 80670 36485 119290 88563 66061 26026 74893 111495 28716 26804 104594 17301 58993 88939 39140 88865 99680 44629 87979 33576 8318 83748 60350 83709 93447 67741 64309 26617 87257 43424 46147 100430 68930 21990 74064 101032 79379 42293 32408 72320 63091 53072 42485 60412 53424 67053 72225 24573 51289 94950 106101 73361 78028 92705 28703 65936 55489 110360 69806 108489 61452 85329 75704 111444 58404 92166 50242 44094 57402 107474 0 67055 56353 57594 13853 71917 100210 98654 15861 59919 87022 99637 10955 19342 79749 49137 58368 10217 14778 16534 75334 15853 62243 83454 53983 43829 95684 96293 81018 90254 88106 96147 41364 57024 93930 30667 31118 33558 101295 57702 63412 23061 55950 99921 78601 108644 69628 36883 108918 93962 104865 91870 97150 115331 58631 20268 20054 83420 63425 39252 87017 25359 98232 75033 86089 61940 29000 93444 70998 21264 51733 42141 45354 37634 75810 21028 81305 104875 34399 93047 90229 105519 67690 75130 87006 53121 72592 105129 73967 113415 15250 51547 110208 30300 53121 67053 24573 28703 31118 9776 57702 86089 96147 64117 89833 57024 30667 45354 95684 100430 102755 44629 110208 81783
49277 42511 76281 52683 45817 63906 2556 25132 62020 4378 78153 56817 78332 69924 56789 107524 19481 80285 18616 52948 85895 44225 49929 34552 23538 4122 135788 89316 62703 43186 73566 41379 47855 51274 29142 34848 71177 8937 33516 62915 53022 89663 5846 50816 16480 116224 80442 45728 38029 74281 107366 48200 38526 81306 107704 44799 23458 78665 63725 20012 51118 17860 27024 13228 18761 69605 31809 82334 52965 46612 2026 63383 20253 42675 61275 61516 43699 50705 55428 23027 44753 109435 75482 49863 60908 54631 47700 47321 54682 7557 52364 29586 75831 109778 87565 43500 38268 41437 6564 18557 78081 57722 119933 27238 64603 106315 14001 49471 67055 0 40110 97908 61553 130645 57611 31604 54802 31182 54992 56761 56110 50117 23485 90010 34823 57187 63936 77314 28739 69165 103420 16794 30437 73242 28629 35439 14187 23329 21583 45729 49938 89531 35062 36628 98136 92681 34267 58252 46042 88876 54761 32972 19241 43788 93479 59236 42288 137167 45804 25005 58079 48573 124266 52772 51505 133766 34943 85359 150962 61531 34632 99092 20113 35424 60560 62399 122630 69143 95912 77619 93508 66849 112760 46177 24698 37836 34579 36128 23608 38775 98523 73893 23821 40878 12069 38241 12164 47284 57528 37346 43266 49277 40878 49863 54631 75831 98136 62020 58252 20113 45729 73566 25132 89531 36628 93508 28629 46612 44225 44799 43266 135788
26416 7581 55777 16809 52474 71320 40770 48720 47197 44443 85896 29048 64965 69963 31610 114325 41328 85607 48638 90793 105450 83960 75598 72636 56052 43757 103089 103233 79788 7144 33575 71296 59702 22542 56070 68836 51712 37412 28476 31273 76546 50650 34704 30542 33600 77451 81360 29927 64589 53437 74183 86509 18046 111362 68176 12474 47129 83215 49046 59384 11200 55914 62790 51439 54214 73641 38016 90794 16932 47631 41797 66398 59489 50903 26896 26912 24084 17226 15691 18358 14362 113970 91721 13072 23046 60171 9434 40244 94777 40532 86323 48708 78795 117557 100249 75777 14237 71375 40293 54711 38326 57530 93507 65129 26770 81912 44483 56229 56353 40110 0 107049 59805 101161 44064 62809 40503 9739 30826 95942 47715 50009 33931 98207 5749 47102 62567 72085 66897 48835 112425 48282 10128 85368 60529 49085 51027 54523 51185 42338 17761 102186 45519 34126 82634 89442 66259 18286 8511 78868 14923 62553 35936 80321 54226 27729 68569 100077 54696 55431 96542 80878 113346 36104 36350 99424 9269 90133 125155 36619 72931 59605 57673 66491 68212 37671 89591 45678 102699 87276 62151 34529 75111 39823 64724 67819 28135 76209 53106 72100 112803 34469 63139 3347 52033 70929 36341 70915 41383 5604 75055 26416 3347 13072 60171 78795 82634 47197 18286 57673 42338 33575 48720 102186 34126 62151 60529 47631 83960 12474 75055 103089
84425 101124 71959 123218 142908 161676 100378 122941 66792 98518 21193 136027 57617 38648 84415 10679 117215 21894 115766 87176 28357 113490 144533 86741 118316 95847 124312 13858 36673 102113 121373 134225 145718 129432 125822 124945 71014 106256 124322 93792 148472 145821 100306 80373 112129 169089 29025 78347 133665 72921 109580 88816 89114 60352 157269 97514 121325 24465 65707 105554 113984 108265 117235 90447 84069 33580 127358 16352 101340 142216 99010 40744 92036 139904 132966 99270 84104 124222 117495 96301 95371 15599 25866 119520 126774 47177 104786 139662 108776 105465 71832 127493 29297 11979 12542 133490 118072 134254 91371 111549 132724 153703 95572 113325 107274 84361 84028 146764 57594 97908 107049 0 48243 110462 147498 125417 70212 106926 137252 96761 61441 57042 118751 8863 106955 62911 45687 42400 87326 73065 5553 113746 101002 24724 122586 133137 108222 119026 118389 139565 95943 11260 132215 73362 60593 32087 126762 113239 115252 48180 110893 127680 115690 126517 126785 93701 137501 143340 143302 120780 91973 137377 57637 74605 73477 129058 111494 18346 112381 82676 116107 131969 110322 70100 39382 144495 117348 78627 6847 20535 98418 95189 129698 67421 97619 131311 79316 105065 120106 128635 14296 131694 107226 104321 96102 129015 109084 143232 71136 101521 133878 84425 104321 119520 47177 29297 60593 66792 113239 110322 139565 121373 122941 11260 73362 98418 122586 142216 113490 97514 133878 124312
36186 53398 31267 75466 102033 121619 64082 85822 20195 63874 27841 88834 22565 10161 36540 54687 78757 26367 80098 78383 55025 93095 111463 67806 84853 61153 95358 47610 33315 54345 73663 102523 106512 82346 90632 94826 27925 68125 80670 46406 114560 98012 61738 32135 72018 122116 21614 30322 99582 31017 72837 77082 41764 75012 110482 49524 84006 23837 19759 76133 65957 76848 86647 59742 55346 14913 85826 32665 53098 99915 63243 8677 65117 99345 85038 51485 36173 76745 69343 52154 47359 54167 40256 71828 78626 11286 56732 95657 95056 68534 65142 89346 19166 58058 43989 103753 71977 102574 55369 79000 84772 111263 71042 84629 59458 56841 50004 106043 13853 61553 59805 48243 0 84984 102221 92826 22111 61204 90516 87647 13250 11618 77709 39420 60530 14915 2781 15809 65104 28829 53380 78334 55132 31020 89829 93754 74851 84834 83110 96281 47711 45704 91896 28131 40271 31673 95150 64997 67719 28336 62666 94416 75770 100675 81632 45874 103838 107797 103069 86532 84821 108528 62914 26408 25237 97204 65379 30548 98334 35547 90032 87231 79210 50344 15197 97475 84780 33791 43261 30371 59107 48353 89269 20095 72242 99083 33507 83409 85156 98814 56566 83553 79079 56868 65035 98624 70250 108789 23423 54445 103743 36186 56868 71828 11286 19166 40271 20195 64997 79210 96281 73663 85822 45704 28131 59107 89829 99915 93095 49524 103743 95358
81559 94450 56486 105094 153335 171418 132600 148092 71688 134538 101034 118565 62591 85897 74060 108282 140280 96232 145815 162436 131911 171619 175694 149459 152666 132411 15259 119105 116585 94440 80132 169801 160809 115137 155014 165039 61442 132875 129535 70220 177142 94542 127561 79834 132162 102000 87056 85073 164082 57970 29447 160506 92929 158100 91934 90122 146323 94382 70515 149874 96400 148482 157548 135321 133345 92842 139162 103575 84241 147883 132670 91461 142685 151961 108522 74274 87054 108566 95507 109938 89116 102865 119088 103691 100495 96202 91874 139245 176801 135032 149931 149081 90958 112021 115298 173212 114453 169873 126579 148986 89010 156468 14959 157748 76409 28289 124818 156936 71917 130645 101161 110462 84984 0 139129 160413 77603 109756 122942 171254 80375 90717 134320 105190 106251 78395 84851 75704 145525 62701 112462 144784 105862 109258 157687 150146 144659 151690 148781 142127 84285 116021 146660 96028 50418 78640 163594 88237 102973 64288 89710 160873 135279 174396 64102 73957 168292 41006 155705 153003 168964 178398 63548 78492 80027 23233 110430 95930 27413 69157 164776 64311 150757 133505 99011 125831 18446 61677 103660 105049 39032 66707 45846 87929 149833 166180 96431 162086 150902 168813 124365 92362 153515 98252 139227 168009 133252 171362 74564 99685 172749 81559 98252 103691 96202 90958 50418 71688 88237 150757 142127 80132 148092 116021 96028 39032 157687 147883 171619 90122 172749 15259
70479 51553 99431 34230 25329 35497 56128 43232 91216 60020 126393 20793 109028 112307 75375 155700 41869 126910 49722 108116 140922 88198 57365 90443 54879 61486 137882 141621 116001 50931 59990 59857 33261 24195 48527 63863 95591 49107 24443 72945 55482 58411 52575 74584 41242 78939 123794 73484 51861 97098 110162 103026 61181 138917 75473 56382 43188 124696 93076 67473 43876 62371 62754 70516 76373 114992 27517 131159 58305 18417 57853 107787 75955 26894 31447 67249 67803 30960 43862 51205 58373 156025 128722 36249 38925 100425 51072 11013 102714 51872 109751 38625 120622 158653 139133 66023 30440 59934 62547 58832 54675 19659 133826 67944 63167 123625 69949 26416 100210 57611 44064 147498 102221 139129 0 56550 84356 41020 16214 109485 91010 91441 34498 138833 41939 90647 105001 115551 84943 92679 153012 51127 47089 124124 56239 32804 57990 52724 49895 14315 61071 141122 29506 74573 126507 132868 59501 51214 38366 122890 50393 54418 39195 76288 80423 69939 53716 128015 28327 52203 112163 69705 157380 80049 80156 132309 36948 131713 164917 80186 74463 83750 62560 92871 108118 15782 124708 89122 143894 127099 100813 75354 103725 82181 77359 57816 68839 84480 50350 65034 151191 50062 69970 47386 67356 63349 45885 51999 85395 48663 64839 70479 47386 36249 100425 120622 126507 91216 51214 62560 14315 59990 43232 141122 74573 100813 56239 18417 88198 56382 64839 137882
78936 67807 107308 69264 33449 43900 29193 15114 93387 28953 106949 66450 109918 100760 86394 135555 21580 109681 14617 58634 108978 32566 19161 44746 8070 31677 164359 115210 88932 68151 95216 9776 29462 63380 8184 7351 102248 27561 40762 90942 23081 105563 33228 81087 29233 130361 110834 76410 8972 105228 135533 53564 67485 96030 124004 71370 16257 108319 95130 20433 72035 17153 9275 35066 41348 99727 31353 110714 78706 38874 29761 93951 34082 30771 74807 88281 73548 66128 75496 50495 71957 138149 101101 67804 77747 85136 71964 45904 47667 25691 65946 18264 105952 137396 114099 13004 54110 9835 37492 14069 96425 45909 150433 14902 89498 137106 43189 35068 98654 31604 62809 125417 92826 160413 56550 0 86057 53109 62672 57002 87706 81528 30078 118157 57074 88750 95114 108630 41172 100083 130783 15669 55466 100795 2997 23781 18005 8728 11747 42252 77077 115979 27111 68151 129721 123517 3497 80500 65483 120412 77446 2851 27014 19968 116619 87162 12194 162878 31328 7466 60874 18165 155687 83695 82563 161480 54558 114717 181751 91404 18934 121716 15160 56546 90280 68202 150971 99552 124313 105822 122302 94755 137918 77741 30467 6257 65641 31552 9724 9528 123797 91682 20106 64844 29377 8174 27271 18171 88673 62296 12392 78936 64844 67804 85136 105952 129721 93387 80500 15160 42252 95216 15114 115979 68151 122302 2997 38874 32566 71370 12392 164359
14745 33363 21640 54916 88288 107950 57044 76049 7522 58278 49949 68964 25418 31615 14503 76078 68351 48321 71934 86590 75853 94063 103331 72259 78020 55902 85054 69544 51974 34182 51599 95788 93995 62722 82074 89649 16514 58965 65162 24663 105706 75912 52911 10478 60630 100249 42385 11104 91320 19814 58857 84068 23375 91851 88716 28933 74193 45748 9393 73028 44961 72246 81753 57892 55743 37022 72181 54775 31323 84982 56777 30422 65108 85974 64079 29433 16561 56636 47986 38216 26769 74901 61059 51434 57227 28049 35793 79238 99417 60407 75866 78502 40945 79601 65994 98277 53965 95851 49907 73352 62661 95877 65751 81201 37379 51805 47356 92291 15861 54802 40503 70212 22111 77603 84356 86057 0 44228 71216 94822 8883 17723 64999 61433 42551 7313 24550 31794 68066 14908 75243 70526 38368 52447 83146 81634 68984 77450 75015 80547 26163 67744 79057 18606 44661 49104 88923 43161 47680 38678 41048 87057 64264 97878 61002 23819 95653 92794 89832 78979 93129 103369 73904 4563 4220 84980 47616 52216 96333 14489 87858 66791 74597 57473 35267 77724 72856 16911 64952 52377 44337 27082 71721 10562 72282 92178 20449 84499 77164 93576 78618 61488 76542 37285 62101 93015 60227 99805 3085 35693 98003 14745 37285 51434 28049 40945 44661 7522 43161 74597 80547 51599 76049 67744 18606 44337 83146 84982 94063 28933 98003 85054
31638 15325 61856 22168 45066 64445 31592 39180 51459 35429 85751 30451 69493 71287 38004 114861 31685 86044 38901 83023 102752 74592 66324 64685 46314 35018 112245 101893 77238 15434 43088 61692 51743 23901 46483 59099 57401 27800 21224 39547 67482 58582 25562 35300 23883 85255 82774 33143 55127 59537 83320 78553 20872 106028 76536 19710 37550 83787 53356 50004 20101 46373 53076 43201 46669 74091 29707 90575 25970 41037 32745 66862 51049 43149 31670 35853 27833 20962 24297 12033 20996 115048 89628 18978 29990 59750 18891 35030 85810 30982 79702 39483 79648 117894 99166 66090 11213 61770 32224 45049 46906 51709 101464 55516 36400 89346 37383 48973 59919 31182 9739 106926 61204 109756 41020 53109 44228 0 30714 87648 50248 50466 24664 98182 3991 50060 63983 74778 58878 54653 112404 38547 6074 84147 50805 40456 41440 44792 41463 36359 25520 101139 37129 33664 88042 92031 56552 27888 14909 82892 24608 52908 26329 70598 63933 35838 59172 109770 47010 45716 88560 71204 118060 40206 40013 108817 4914 90796 133150 43202 63326 69271 48075 60280 67598 38255 98763 52220 103085 86696 70870 43070 84825 41189 55880 58191 27850 67083 43397 62376 111499 42717 53725 11838 43232 61217 26622 61770 45697 10129 65384 31638 11838 18978 59750 79648 88042 51459 27888 48075 36359 43088 39180 101139 33664 70870 50805 41037 74592 19710 65384 112245
56809 37866 84714 18344 36767 50713 54163 47851 77680 58316 116059 4826 95149 100676 60965 144850 43844 116057 52501 107689 133375 92009 67798 89405 58990 59104 121697 132569 107917 37088 43853 68042 45217 8676 54510 69953 81154 47728 22996 57580 66793 44850 49305 61043 40183 68024 112108 60751 60047 82401 93950 102792 48780 134905 62818 42468 47179 113717 79489 69030 28415 64207 66995 68212 73206 104075 31323 120923 43206 29737 55789 96821 74882 37147 15604 51684 54896 15382 27901 42407 44580 144671 120339 20836 22745 90115 36400 19828 105595 50966 107024 44521 109391 148001 129796 73908 19539 68124 58580 61278 39285 34901 117838 71445 47173 107922 65244 39106 87022 54992 30826 137252 90516 122942 16214 62672 71216 30714 0 110486 78541 80372 34928 128454 30299 77912 93287 102888 83639 78212 142689 53377 36392 114791 61614 40505 59314 56892 53606 23810 46574 131763 36521 63899 111929 120243 65990 35243 23755 109250 34709 61087 39551 82595 64573 54784 62785 112343 39789 56866 112449 78229 143100 66755 67102 116206 25923 120680 148823 65543 78736 68158 64987 88632 98054 7667 108504 74307 133150 117175 84731 59756 87853 70453 77752 65378 57936 86731 54668 71928 142175 34528 72123 33956 66255 70343 44878 62414 71904 36074 72833 56809 33956 20836 90115 109391 111929 77680 35243 64987 23810 43853 47851 131763 63899 84731 61614 29737 92009 42468 72833 121697
96736 96758 114908 109424 89520 100653 56948 66807 99840 52819 85612 112881 110018 90432 103407 107373 67726 90217 59792 9811 71588 26499 70443 23697 55495 52753 179765 83418 63882 97620 128548 60369 86430 107717 63382 51314 110117 62869 87728 112219 75168 146228 62590 96284 70303 172889 95954 90530 65313 113632 153486 10768 89036 46688 164069 97730 66536 90217 100865 42023 107132 47115 48434 44515 42358 85503 81986 87184 106026 93782 55495 83390 36608 86533 117992 112804 91513 107460 111575 77732 96991 112092 71241 106524 117574 76480 102294 98481 13807 59569 25189 71979 90489 107681 84225 55847 94954 60340 55649 50704 134259 102345 158033 42697 117695 143718 52395 91679 99637 56761 95942 96761 87647 171254 109485 57002 94822 87648 110486 0 90916 80554 75963 92602 91057 92952 88554 100988 29190 109296 101014 58359 85866 76500 55885 78739 51621 57559 59936 95592 101739 85566 80973 77936 127616 109584 55566 113462 102556 114470 109897 59813 71204 43893 146863 109040 66839 186501 87799 58509 5424 56863 144310 95238 93438 179771 91643 94243 185979 106827 38413 152716 47014 37751 76440 117493 167678 111698 98757 82592 138958 116029 163529 84261 32739 59646 80024 25594 59905 52880 89197 130265 39608 96087 44774 54293 65618 72553 97901 92244 56901 96736 96087 106524 76480 90489 127616 99840 113462 47014 95592 128548 66807 85566 77936 138958 55885 93782 26499 97730 56901 179765
23083 40938 24008 62852 93033 112728 58515 78937 9323 59135 41077 76572 22236 22955 23371 67561 71460 39548 74077 82243 67246 92563 105662 69197 79636 56570 89104 60674 43867 41835 60480 97482 98208 70191 84470 90644 19363 61411 70613 33419 108358 84794 55120 18953 64112 109083 34001 17806 93645 22868 64298 80157 29886 84500 97517 36805 77085 36991 10019 73012 53122 72853 82571 57146 54033 28153 76799 45912 39930 90259 57991 21550 63719 90539 72248 38309 23690 64341 56357 42609 34628 66640 52434 59279 65631 19869 43898 85188 96615 62408 70518 81885 32230 71023 57115 99452 60581 97541 50555 74416 71533 101400 67527 81398 46261 53257 46724 97055 10955 56110 47715 61441 13250 80375 91010 87706 8883 50248 78541 90916 0 10772 69132 52638 49075 2258 15754 24547 65531 19066 66524 72499 44214 43662 84737 85610 70097 79300 77154 86179 34615 58862 83345 19736 42034 41861 90359 51817 55322 33584 49566 88966 67836 97932 69347 32695 97969 98853 94352 80914 88788 104437 69270 13168 12083 89838 54066 43562 97018 22848 87588 75066 75232 53190 26666 85288 77515 22943 56302 43496 49979 35629 78784 10114 70964 93924 23755 82878 79276 94623 69735 70306 76326 44631 61877 94215 63080 102487 10553 42572 99288 23083 44631 59279 19869 32230 42034 9323 51817 75232 86179 60480 78937 58862 19736 49979 84737 90259 92563 36805 99288 89104
28977 44179 34604 66234 90497 110056 52632 74237 20090 52594 35914 79011 30398 21137 31524 64492 67144 35686 68607 71735 58909 83566 100046 59327 73520 49901 99763 54095 34417 45187 67861 91258 94905 72434 79133 83780 30088 56537 69419 41925 103077 91752 50150 25541 60407 116857 32545 22062 88129 33578 75062 69819 32086 74186 105525 40825 72417 33367 20744 65390 57243 65815 75616 49123 45259 23704 74311 40823 45671 88507 51849 16451 55050 87785 76066 46021 27496 67180 60978 40873 38736 64586 44249 62520 70203 10943 48138 84520 86769 57009 59782 77731 29184 67630 50835 92688 61446 91311 44037 67806 78325 99894 77541 73873 53708 63227 39068 94502 19342 50117 50009 57042 11618 90717 91441 81528 17723 50466 80372 80554 10772 0 66142 48198 50137 12996 14227 27222 56012 29834 62417 66870 44430 36398 78532 82144 63603 73434 71633 85007 40071 52713 80315 16911 49648 43271 83936 57466 58220 38998 54768 83049 64158 90141 78623 40511 92401 109564 91496 75120 78271 97533 74166 20786 19100 100597 54836 40357 106356 32197 79594 84443 68189 42805 18855 87528 88264 33525 52778 37515 60718 44634 89181 10664 62266 87785 22616 73853 73695 87772 63513 76563 68485 47286 54234 87519 58638 97287 20276 44494 92633 28977 47286 62520 10943 29184 49648 20090 57466 68189 85007 67861 74237 52713 16911 60718 78532 88507 83566 40825 92633 99763
54577 39975 84625 39209 24422 43914 21773 15174 72511 25562 98228 37960 90303 87154 61565 127853 9107 99668 17797 73915 108803 57191 41686 56032 24783 27179 136897 111210 84826 40097 65327 37754 29082 33962 22601 36873 79858 14709 11932 64104 42838 75833 19133 57648 7047 101183 98348 54153 30728 82368 107972 68879 42991 104635 94291 44198 13832 97757 74391 34182 42278 29297 32607 36094 42140 88242 8653 102714 50609 23643 23501 81413 41499 21645 45266 60515 49849 36139 45547 26785 45260 129118 97671 37738 47720 73102 43343 23926 70669 17375 75280 14820 94311 130409 109151 42708 24037 37835 29081 26371 66367 35059 125658 36678 60641 113155 36752 28402 79749 23485 33931 118751 77709 134320 34498 30078 64999 24664 34928 75963 69132 66142 0 110466 28396 69537 80365 92786 50478 77303 124302 18496 28613 94422 28306 16647 24462 22825 19386 22253 50035 111138 14230 49869 109650 109378 33573 50897 35582 102702 48027 29311 4779 49242 86872 60363 34649 133670 25362 23211 78262 47654 138364 61628 60972 133353 25074 104691 157320 66774 44161 91846 30066 58907 80036 41631 123409 75587 116064 98234 95499 67690 108623 59141 43378 34414 45385 51828 20862 39602 120604 61644 37203 36440 32874 38230 11451 37107 67061 34647 41860 54577 36440 37738 73102 94311 109650 72511 50897 30066 22253 65327 15174 111138 49869 95499 28306 23643 57191 44198 41860 136897
75592 92264 64024 114358 134708 153612 92505 115110 58190 90811 12440 127196 49912 29938 75690 17516 109204 13131 108069 82871 28648 107812 137310 80862 110901 88111 118625 14273 30267 93251 112703 127132 137720 120607 118237 118005 62807 98224 115785 85160 141154 137138 92193 71555 103917 160591 20925 69488 126259 64865 102567 84070 80261 59722 148801 88652 113463 15727 57162 98542 105122 101027 110177 83102 76860 24719 119046 7753 92515 133853 91184 31882 85175 131732 124103 90573 75242 115373 108640 87658 86510 20281 21518 110662 117918 38438 95925 131115 104063 97559 67442 119561 20601 19954 10877 126658 109311 127164 83453 104199 124003 145344 90236 106481 98575 78363 76232 138589 49137 90010 98207 8863 39420 105190 138833 118157 61433 98182 128454 92602 52638 48198 110466 0 98162 54142 36889 34461 81001 64755 14236 106066 92240 17524 115288 125081 100745 111526 110753 131092 87105 11063 124050 64582 54862 26626 119637 104416 106400 41677 102052 120347 107512 120176 118569 84992 130168 136717 135177 113283 88049 130690 56341 65805 64657 122944 102726 10207 109036 74064 109643 123831 103141 63677 30743 135679 111031 70289 6335 12402 90945 86646 122238 58560 91039 124133 70522 99099 112520 121760 19653 122921 100396 95469 88785 122067 100992 135823 62420 92685 126994 75592 95469 110662 38438 20601 54862 58190 104416 103141 131092 112703 115110 11063 64582 90945 115288 133853 107812 88652 126994 118625
29291 11846 59314 19498 47944 67115 35345 43061 49603 39113 85763 29413 67581 70670 35263 114628 35617 85817 42888 86210 103839 78443 70082 67937 50303 38580 108511 102418 78229 11812 39160 65607 54884 22773 50389 63087 55002 31743 23925 36113 71142 55213 29292 33162 27857 81957 82143 31583 58972 56982 79589 81816 19255 108212 73026 16490 41450 83502 51488 53855 16307 50291 57061 46553 49724 73838 32972 90624 22226 43532 36443 66586 54498 46182 29346 32167 26001 18844 20612 14230 17999 114593 90449 16049 26878 59818 14991 36872 89498 34899 82403 43208 79240 117745 99582 70048 11507 65686 35477 49015 43292 53888 98215 59464 32459 86300 40218 51790 58368 34823 5749 106955 60530 106251 41939 57074 42551 3991 30299 91057 49075 50137 28396 98162 0 48716 63311 73613 62153 52196 112397 42538 6472 84600 54784 43895 45376 48775 45440 38555 22203 101542 40449 33600 85805 90936 60521 23927 11687 81205 20625 56844 30241 74586 59948 32454 62987 105805 50020 49689 91839 75156 116128 38357 38334 104983 5072 90484 129894 40413 67271 65298 52016 62783 67767 37628 95020 49476 102902 86888 67302 39544 80850 40436 59506 62118 27640 70833 47367 66355 112018 39211 57591 8054 46830 65189 30608 65466 43795 7172 69334 29291 8054 16049 59818 79240 85805 49603 23927 52016 38555 39160 43061 101542 33600 67302 54784 43532 78443 16490 69334 108511
21914 40166 21957 61941 93289 112986 59561 79679 7096 60316 42743 75821 21203 24303 21630 68785 72137 41023 74993 84327 69295 94239 106561 71106 80680 57787 86983 62488 46060 41032 58750 98524 98619 69496 85337 91835 17227 62236 70637 31531 109182 83114 55988 17695 64683 107234 35115 17201 94537 20740 62066 82189 29466 86751 95631 35897 77823 38446 7915 74395 52091 74108 83792 58648 55705 29817 77077 47545 38616 90354 59093 23391 65349 90845 71221 36572 23018 63539 55208 42883 33721 67682 54480 58409 64465 22075 42889 85066 98503 63340 72698 82505 33635 72296 58892 100610 60208 98584 51761 75576 69902 101426 65674 82747 44551 51433 48181 97309 10217 57187 47102 62911 14915 78395 90647 88750 7313 50060 77912 92952 2258 12996 69537 54142 48716 0 17279 24984 67356 16839 67932 73453 44067 45611 85791 86076 71241 80290 78075 86161 33403 60616 83723 20619 40988 42342 91453 50467 54541 33209 48320 89952 68389 99323 67254 30963 98866 96602 94674 81887 90874 105622 68832 11802 10971 87649 53742 44903 95365 20821 89035 72954 76484 55247 28746 84560 75337 20687 57640 45270 47734 33628 76536 11011 72591 94951 24182 84568 80205 95805 71480 68784 77752 43960 63286 95365 63808 103300 8561 42073 100422 21914 43960 58409 22075 33635 40988 7096 50467 76484 86161 58750 79679 60616 20619 47734 85791 90354 94239 35897 100422 86983
38787 56131 32137 78188 104708 124278 66473 88319 22079 66169 25512 91590 22264 7397 38894 51981 81302 23794 82510 79192 53419 94705 113815 69147 87164 63437 95565 45488 32561 57073 75997 104789 109128 85109 93045 96989 29141 70628 83417 48628 116957 100383 64244 34697 74626 124316 18834 33030 101960 32079 73650 78060 44530 74388 112644 52223 86509 21239 21457 78184 68642 79018 88809 61770 57204 12619 88510 30281 55673 102635 65600 7214 66946 102006 87735 53825 38892 79489 71994 54892 50056 51404 38727 74557 81275 12102 59415 98418 96286 70976 65663 91897 16507 55377 41810 105921 74758 104839 57700 81241 87181 113992 70724 86678 61814 56616 52169 108715 14778 63936 62567 45687 2781 84851 105001 95114 24550 63983 93287 88554 15754 14227 80365 36889 63311 17279 0 13680 66631 30277 50779 80727 57912 29273 92117 96364 77122 87182 85510 99026 50320 43484 94541 30866 39103 29051 97393 67565 70462 26642 65276 96743 78376 102624 83501 48222 106204 108635 105721 88888 85587 110662 60754 28919 27809 97668 68160 27876 97476 37675 91955 89049 81372 51502 14443 100238 85250 35412 40604 28223 60120 50450 90553 22875 74027 101367 36275 85040 87544 100973 54321 86036 81071 59620 67122 100813 72794 111201 25688 57216 105932 38787 59620 74557 12102 16507 39103 22079 67565 81372 99026 75997 88319 43484 30866 60120 92117 102635 94705 52223 105932 95565
46501 65098 29583 86701 116965 136622 79836 101421 26308 79678 26433 100737 15558 10722 44490 46081 94251 22389 95826 91454 57319 108194 127237 82358 100651 76959 87688 46360 41191 65941 80401 118330 121743 94450 106354 110619 28741 83723 94969 52827 130296 104804 77338 42217 87324 127177 13545 42180 115337 30525 68840 90664 54396 82413 115290 60724 99595 20027 24821 91858 76685 92643 102439 75447 70866 17197 100721 30069 62633 114493 79021 17599 80594 114363 95766 58743 48001 88422 79535 66686 58557 43957 43678 83228 88702 25274 67556 109669 109289 84231 77345 104817 15762 49860 42440 119549 85117 118381 71163 94809 92072 125722 61038 100352 66655 47548 65795 120986 16534 77314 72085 42400 15809 75704 115551 108630 31794 74778 102888 100988 24547 27222 92786 34461 73613 24984 13680 0 80062 30976 46662 94081 68733 33762 105633 109025 90659 100613 98849 110567 57752 43687 107011 42922 27084 17358 110959 74229 79450 13482 72434 110206 91076 116302 84439 53380 119602 103493 118131 102306 97734 124308 47113 36337 35821 90884 78611 24265 85785 41755 105628 89580 95002 64508 24743 109489 78629 36562 36130 30246 56654 53701 87910 33913 87653 114887 47782 98554 100905 114605 53834 91606 94751 68933 80786 114426 85755 124508 31640 67043 119545 46501 68933 83228 25274 15762 27084 26308 74229 95002 110567 80401 101421 43687 42922 56654 105633 114493 108194 60724 119545 87688
68308 67569 89080 80884 68661 83621 29485 45212 73867 25350 71137 85553 86379 70278 75248 97846 43544 74817 37300 24254 68307 28181 59317 5834 36025 24619 153013 75902 50785 68432 99360 48571 67852 79991 44562 38796 84086 36166 61603 83628 63717 117366 34549 68245 44010 144102 78270 62502 50110 87555 125949 19675 60051 55813 135070 68580 44320 74044 75129 20959 78096 25429 32034 15743 13268 67037 57781 74119 76890 71404 27850 62998 8990 65469 89801 83891 62939 79141 82568 48616 67890 101282 61936 77841 88867 54791 73108 74185 31365 33163 25619 50626 72893 99192 75328 46790 66885 48583 26677 29428 105221 81472 133030 27086 88583 118781 23272 71626 75334 28739 66897 87326 65104 145525 84943 41172 68066 58878 83639 29190 65531 56012 50478 81001 62153 67356 66631 80062 0 82893 92435 35405 56790 63512 38833 57504 28213 37571 38654 71916 72703 77092 58685 50217 105256 91874 41530 84294 73749 93271 80726 43871 45751 39202 117772 80335 53212 158272 67673 39079 29688 50296 126168 67862 66144 152413 63073 79571 162346 79015 28809 123607 26662 17331 57286 90966 140534 84664 87324 69167 111491 87493 134906 57620 10836 46234 51590 18674 39514 42145 83935 101308 21202 66946 17613 42811 39263 59268 71141 63086 47340 68308 66946 77841 54791 72893 105256 73867 84294 26662 71916 99360 45212 77092 50217 111491 38833 71404 28181 68580 47340 153013
23020 41258 7330 60534 99633 119093 71321 89332 9744 72790 54813 75223 18057 35581 17306 77041 81532 51902 85753 100854 83696 108968 116867 86984 92101 70489 70470 75145 61860 41801 49880 109751 105913 69537 95668 103981 2951 72705 75875 22827 118999 74127 66855 19656 73597 96204 44047 23703 104911 5148 45233 98529 34356 103125 84324 36375 87488 49320 9348 87747 50176 86785 96183 72765 70644 42435 83860 59235 35289 95655 71164 37385 80015 97560 68509 29097 27454 62948 52101 50846 34489 74654 68993 57499 60786 38222 41818 88949 114222 74394 89492 91363 44472 80833 71337 112504 63010 109818 64532 87714 61698 106076 50942 95845 36652 37155 62235 103575 15853 69165 48835 73065 28829 62701 92679 100083 14908 54653 78212 109296 19066 29834 77303 64755 52196 16839 30277 30976 82893 0 77533 84455 49298 59527 97216 93909 83344 91407 88816 90751 31671 72860 91028 33444 33829 46535 103050 45817 54531 32304 44767 100931 77107 112533 53843 24330 109230 79856 101435 92879 107403 117633 64892 16407 17684 70863 57188 54734 81797 12740 102610 59202 89118 71722 43924 83929 58591 5587 66993 57990 30954 23027 60476 25275 87186 106126 34586 99407 90969 107875 83496 61689 91300 45488 76891 107245 73685 113101 11896 45028 112177 23020 45488 57499 38222 44472 33829 9744 45817 89118 90751 49880 89332 72860 33444 30954 97216 95655 108968 36375 112177 70470
89561 106435 76088 128535 148454 167206 105885 128438 71582 103995 26654 141424 61606 43631 89349 6847 122741 27021 121239 91513 31168 118340 149884 91698 123724 101331 126577 17603 41931 107417 126206 139542 151239 134837 131268 130220 75388 111785 129864 98590 153848 150664 105845 85475 117676 173685 33539 83582 139067 77153 112868 93334 94464 63057 161832 102770 126827 29545 70432 110859 119236 113631 122548 95848 89440 38854 132909 21853 106452 147769 104510 46060 97307 145447 138249 104153 89365 129581 122702 101821 100621 12990 30671 124846 131983 52655 110027 145204 113245 110977 76252 133006 34301 6786 17194 138729 123540 139570 96887 116943 137628 159256 97660 118576 112155 86959 89526 152307 62243 103420 112425 5553 53380 112462 153012 130783 75243 112404 142689 101014 66524 62417 124302 14236 112397 67932 50779 46662 92435 77533 0 119215 106469 30200 127963 138667 113647 124455 123848 145114 101090 15594 137758 78815 63138 34879 132090 118341 120600 51363 116045 133065 121234 131598 131095 98605 142884 146273 148841 126206 96133 142568 57342 79673 78588 131626 116957 23088 113064 87457 121235 136199 115672 75264 44895 149912 120087 83112 10540 26087 102095 99876 133320 72736 102800 136653 84757 110029 125554 133889 14837 136687 112477 109672 101494 134292 114620 148633 76068 106910 139133 89561 109672 124846 52655 34301 63138 71582 118341 115672 145114 126206 128438 15594 78815 102095 127963 147769 118340 102770 139133 126577
63280 52753 91695 56710 33277 49342 14254 9970 77900 15257 94412 56454 94652 86705 70747 123573 9568 96744 2062 57334 99804 38698 33219 40405 7950 17977 148909 104481 77873 53171 81377 25297 33236 52299 12372 20701 86647 11910 30397 75495 36230 93782 17622 65419 15035 119448 97160 60768 21261 89601 120136 52194 51860 91110 112217 56095 8921 95198 79664 16350 58151 11244 14683 24164 30866 86253 23632 98456 63649 36174 15214 80122 26673 30077 63480 73060 57882 53899 61922 34922 56574 125720 90465 54761 65273 71349 57186 40127 52292 10129 61000 15315 92486 125681 102989 28446 41337 25363 23175 7914 83676 46068 134763 18222 74710 121450 29889 36357 83454 16794 48282 113746 78334 144784 51127 15669 70526 38547 53377 58359 72499 66870 18496 106066 42538 73453 80727 94081 35405 84455 119215 0 40302 89022 12903 22132 7207 6956 4795 37340 61733 104926 23353 52834 114440 109468 18811 66345 51915 105519 63135 16534 14125 32088 102458 71721 25547 148101 32430 8454 61103 33636 140982 68079 66976 146202 40642 101815 166091 75744 25830 107734 11652 47585 77080 59906 135555 83884 112070 93664 106782 79338 123246 62462 26537 21674 50085 33597 6825 24229 113461 79075 18964 50046 19107 23288 12011 30493 73102 47249 27965 63280 50046 54761 71349 92486 114440 77900 66345 11652 37340 81377 9970 104926 52834 106782 12903 36174 38698 56095 27965 148909
26311 12486 56563 25829 50350 69882 31327 42305 45674 34806 79816 35758 63711 65219 33048 108861 34555 80041 40946 80665 97418 74566 69841 62519 48226 33931 109027 96188 71827 12993 43158 64451 56679 29130 49393 61003 51986 28818 26826 35754 71319 60766 25294 29762 26471 87565 76707 27265 58324 54263 80145 76389 15126 101848 78295 15942 40572 77770 47573 50081 21321 46933 54442 41387 44087 68079 34599 84654 23357 46669 32216 60843 49480 48264 35758 32815 22136 25309 25819 8234 16752 109004 84099 22277 32868 53826 17338 40999 84974 31709 76342 43263 73607 111915 93403 68462 17072 64527 30228 46113 48434 57510 97046 56297 34625 84611 34375 54307 53983 30437 10128 101002 55132 105862 47089 55466 38368 6074 36392 85866 44214 44430 28613 92240 6472 44067 57912 68733 56790 49298 106469 40302 0 78400 52972 44953 42200 46903 43720 42184 21724 95370 41866 27676 82448 85974 58830 27863 17779 76993 24347 55556 29440 71986 63156 31980 62489 107887 52139 48003 86423 73631 112258 34447 34164 106014 10500 84774 128709 38265 64042 68711 48832 56604 61716 43834 95596 47180 97096 80829 67221 39468 83139 35115 54887 60878 21817 66556 45760 64477 105792 44596 53873 10443 42206 63436 28310 65515 39951 7040 67846 26311 10443 22277 53826 73607 82448 45674 27863 48832 42184 43158 42305 95370 27676 67221 52972 46669 74566 15942 67846 109027
65280 80132 60798 101967 118443 137076 75698 98240 51213 73797 9506 113972 48566 24682 66929 34767 92599 14572 91044 66698 24222 90519 119933 63521 93631 71131 121446 17867 12957 81168 103880 109698 121081 107333 101102 100522 58256 81663 100524 77078 123828 127985 75790 61631 87708 152683 22732 58459 108986 61015 101800 67477 67900 49394 141162 77067 96633 15545 50703 81074 93376 83649 92727 65779 59459 17423 103058 10813 82060 117983 74315 22345 67669 115409 111941 81795 63839 102583 97236 73010 75016 37790 9928 98219 106408 25540 84373 115866 87403 80797 51343 102828 18312 36675 15027 109154 95359 109729 66719 86885 114596 129452 94461 88977 89659 81234 59330 122267 43829 73242 85368 24724 31020 109258 124124 100795 52447 84147 114791 76500 43662 36398 94422 17524 84600 45611 29273 33762 63512 59527 30200 89022 78400 0 97946 108543 83518 94319 93665 115566 76466 17010 107719 51244 59469 34909 102214 93864 93786 45267 91145 103027 91222 102670 112650 76197 112849 136699 118761 96073 72224 113171 68816 56350 54878 124569 88875 17877 117100 66422 92125 118248 85737 46182 17543 122215 112265 64684 23826 6092 88788 79235 119579 47052 73516 106733 57242 81698 95386 104264 27440 112938 82888 82911 71447 104587 84537 118553 54168 79769 109501 65280 82911 98219 25540 18312 59469 51213 93864 85737 115566 103880 98240 17010 51244 88788 97946 117983 90519 77067 109501 121446
76176 65362 104430 67508 33906 45534 26231 13771 90463 25955 104041 65259 106953 97770 83647 132700 19537 106746 12028 57062 106401 32201 22073 42624 5125 28680 161759 112466 86140 65732 93163 12753 30612 61944 7798 8566 99363 24813 39355 88339 25886 104042 30369 78275 26930 129064 107858 73555 11352 102359 132960 51953 64763 94002 122497 68842 14642 105372 92200 17943 69948 14358 7511 32186 38524 96759 30330 107829 76265 38929 26777 90967 31492 31076 73346 85780 70765 64441 73496 47812 69382 135257 98359 65927 76026 82151 69615 45446 47130 22828 63845 17645 102985 134565 111317 15556 52263 12810 34496 11128 94659 46584 147625 13300 87156 134261 40206 35832 95684 28629 60529 122586 89829 157687 56239 2997 83146 50805 61614 55885 84737 78532 28306 115288 54784 85791 92117 105633 38833 97216 127963 12903 52972 97946 0 23704 15013 6070 9345 41925 74520 113203 26734 65199 126757 120528 5910 78347 63469 117420 75245 5145 24947 21068 114485 84561 14926 160557 31993 5146 59574 20746 152690 80820 79673 158964 52434 111785 178913 88637 18423 119636 12480 53915 87324 67371 148389 96738 121432 102943 119660 92167 135629 74781 28240 9254 62743 30311 7511 11571 121098 89946 17996 62483 26504 10464 24694 20795 85776 59850 15062 76176 62483 65927 82151 102985 126757 90463 78347 12480 41925 93163 13771 113203 65199 119660 0 38929 32201 68842 15062 161759
71109 55711 101225 50626 11159 28539 33091 12326 89149 35750 113030 44749 106913 102987 77995 142567 15966 114804 20205 78749 121038 55894 27928 62378 23245 38133 152091 124754 98142 55706 78117 27642 12781 42948 15909 31070 96481 26883 21609 79979 27931 84856 32912 74253 21738 108519 114026 70800 19602 98960 123217 73587 59568 113241 103093 60165 13217 113011 91027 37598 55910 32558 30671 45744 52381 103639 11229 117360 66005 15238 34626 96987 48805 7982 54213 75983 66460 47128 58488 43419 61385 144175 110914 50111 58621 88485 58487 22352 70736 27954 83115 6915 109786 144944 122972 33653 36948 27723 41875 28612 77215 24028 141883 36207 75275 129563 49440 14305 96293 35439 49085 133137 93754 150146 32804 23781 81634 40456 40505 78739 85610 82144 16647 125081 43895 86076 96364 109025 57504 93909 138667 22132 44953 108543 23704 0 29294 21188 19124 18555 65975 124942 4069 66180 126290 125414 26697 64666 49010 119193 62175 21614 17989 43491 99840 76287 22311 147347 10461 20265 82002 37782 154874 78275 77615 148121 39859 119862 173565 83212 42111 104418 32066 69312 95063 45239 138591 92087 130860 112733 111184 83439 122295 75569 48220 25237 61898 53226 18862 32286 133957 72356 39318 51906 41058 30616 24101 22729 83707 50580 32526 71109 51906 50111 88485 109786 126290 89149 64666 32066 18555 78117 12326 124942 66180 111184 23704 15238 55894 60165 32526 152091
63162 54652 90467 61078 40450 56075 12068 17032 76182 11018 89329 62108 92333 82757 70680 118211 16131 91915 9090 50247 93349 33597 36971 33200 10224 13704 149499 98541 72022 55193 84528 27672 40056 57538 17743 20665 85364 13643 36355 76315 40534 98338 17365 64871 19557 124359 92875 59863 25541 88463 120925 45121 52124 83959 116696 57514 16108 90493 77875 9722 61460 5062 12892 17901 24532 81802 30477 93218 65424 43362 12208 75963 19547 37256 68478 74447 57622 58507 65469 35762 57725 120600 84469 58815 69602 67149 59470 47023 46367 10513 53821 22432 88032 120188 97201 29371 45803 27723 19613 4370 87685 53262 134078 14115 76822 120490 25213 43465 81018 14187 51027 108222 74851 144659 57990 18005 68984 41440 59314 51621 70097 63603 24462 100745 45376 71241 77122 90659 28213 83344 113647 7207 42200 83518 15013 29294 0 10809 10772 44369 62931 99117 30555 50744 112129 105517 20340 69297 55591 102542 65947 19822 19769 30068 105184 72583 29562 149961 39523 12559 54174 34411 137737 66947 65690 147219 44203 96966 165142 75506 21905 110622 6649 40921 72415 66092 136262 83250 106836 88366 107235 80223 125305 60241 19433 24251 48758 27434 12113 24603 107386 83208 12925 52396 12461 24124 15347 35092 71715 49240 29190 63162 52396 58815 67149 88032 112129 76182 69297 6649 44369 84528 17032 99117 50744 107235 15013 43362 33597 57514 29190 149499
70209 59299 98644 61906 32106 46055 20844 9492 84810 21150 100059 60339 101480 93019 77667 129000 13832 102572 5958 57714 103946 35555 26632 41979 2157 23912 155700 109330 82825 59675 87284 18348 30332 56716 7087 14351 93593 18833 34257 82280 29936 98657 24563 72371 20942 123927 103313 67722 14885 96554 126895 52554 58761 93309 117116 62772 9763 101106 86566 16850 64055 12144 10158 28690 35284 92310 25909 103983 70202 36254 21592 86331 29452 29047 68065 79710 64823 58917 67666 41783 63316 131345 95250 60209 70449 77530 63578 41766 49998 17044 63070 14438 98544 130991 108007 21610 46595 18414 29487 8171 89024 45008 141713 15235 81118 128406 35723 34610 90254 23329 54523 119026 84834 151690 52724 8728 77450 44792 56892 57559 79300 73434 22825 111526 48775 80290 87182 100613 37571 91407 124455 6956 46903 94319 6070 21188 10809 0 3456 38509 68453 109921 23532 59673 121277 115792 11958 72405 57636 112199 69275 9667 19160 26451 108546 78501 19048 154523 30659 1758 60829 26797 147592 75028 73918 152894 46526 107631 173046 82677 21957 113732 11131 51431 83004 62963 142326 90836 117603 99140 113614 86105 129608 69289 27575 14730 57016 32088 2380 17604 118145 84344 18181 56443 23166 16533 18625 24375 80039 53787 21076 70209 56443 60209 77530 98544 121277 84810 72405 11131 38509 87284 9492 109921 59673 113614 6070 36254 35555 62772 21076 155700
67382 56074 96080 58450 30234 45307 19039 6890 82419 19979 99138 56995 99277 91499 74812 128254 10376 101503 3085 59640 104061 38614 28514 43354 5418 22717 152624 108995 82412 56428 83867 21041 29318 53302 7580 17766 91052 16112 30889 79212 31451 95215 22125 69652 17585 120521 101953 65115 16520 93965 123791 54479 55872 94467 113673 59623 6712 99969 84196 18474 60642 13448 13389 28473 35158 91039 22806 103158 66975 33888 20008 84916 30194 27093 64640 76535 62046 55464 64233 38843 60218 130445 94954 56758 66994 76142 60283 38900 52852 14747 64262 12219 97272 130334 107556 24743 43139 21112 27969 9487 85568 43137 138956 18119 77823 125735 34628 33017 88106 21583 51185 118389 83110 148781 49895 11747 75015 41463 53606 59936 77154 71633 19386 110753 45440 78075 85510 98849 38654 88816 123848 4795 43720 93665 9345 19124 10772 3456 0 35776 65333 109486 21044 57461 119055 114260 15125 69016 54203 110240 65904 12140 15710 29906 105156 75431 20827 151221 29058 4283 63017 29912 145727 72471 71409 149733 43118 106572 170351 79856 25146 110325 12995 51679 81851 59772 139231 88109 116775 98353 110591 83018 126287 67097 29112 17412 54566 34641 2152 20915 117922 80888 20347 53154 23183 19768 15553 25701 77550 50562 24135 67382 53154 56758 76142 97272 119055 82419 69016 12995 35776 83867 6890 109486 57461 110591 9345 33888 38614 59623 24135 152624
67823 49834 97852 37994 12962 29298 43944 29029 87814 47588 118722 28498 105850 106135 73744 148300 28412 119743 35813 94616 130822 73921 44390 77264 40659 49357 142381 132675 106510 49479 65644 45917 21415 28639 34213 49576 93555 36888 15616 73311 43101 68644 41275 71606 29292 91097 117548 69447 37877 95517 113924 89490 57225 126709 86494 54702 29097 117680 89711 53668 45755 48543 48489 58136 64319 108024 14160 123350 58582 6077 45666 100967 62940 13520 38926 68295 64191 34361 47139 44142 56410 149143 119340 38685 44853 93061 50921 4072 88505 39302 97113 24321 113915 151036 130447 52030 28182 45997 51278 44888 62639 15354 135417 53743 65778 124170 58914 15587 96147 45729 42338 139565 96281 142127 14315 42252 80547 36359 23810 95592 86179 85007 22253 131092 38555 86161 99026 110567 71916 90751 145114 37340 42184 115566 41925 18555 44369 38509 35776 0 60097 132440 15191 68165 124326 127648 45238 54156 39165 119172 52432 40160 26608 62042 87062 69908 40041 134954 15980 37935 98439 55913 154414 76563 76339 137548 33576 124685 166948 78844 60172 91073 48585 81142 100404 27286 128974 87916 136470 119037 103203 76273 110142 76679 63802 43713 62867 70414 36131 50837 142150 57801 55999 45619 54484 49163 33623 38985 82055 45723 50870 67823 45619 38685 93061 113915 124326 87814 54156 48585 0 65644 29029 132440 68165 103203 41925 6077 73921 54702 50870 142381
11534 10386 38360 29236 70073 89054 51347 64022 31694 54250 75247 43747 48683 57569 14392 102161 56279 74078 62498 95194 98604 93922 91508 78044 69681 52778 87319 94107 73371 10629 29055 86150 77087 37906 71115 82395 34604 49998 46035 14073 92863 52010 45598 15708 48192 77843 68518 18010 80042 36027 58460 91526 12742 109523 67012 5837 62294 71544 33404 69950 19008 67396 75522 58587 59441 62435 55150 80143 5632 65375 51894 55447 66783 68372 38020 11579 12998 31401 21825 27171 5207 101063 84126 25994 31065 50980 10183 57943 102859 52627 87951 64807 66824 105637 90763 90053 31956 86225 47854 67042 38552 75266 76013 76849 16156 64192 49438 73877 41364 49938 17761 95943 47711 84285 61071 77077 26163 25520 46574 101739 34615 40071 50035 87105 22203 33403 50320 57752 72703 31671 101090 61733 21724 76466 74520 65975 62931 68453 65333 60097 0 92604 62609 28043 65468 74920 80405 17416 22862 62892 14957 77243 51143 92971 45152 10330 84194 87229 72201 69611 101410 95233 96537 21613 22531 84473 26792 78172 107694 19115 84446 51039 69457 67949 58923 52502 73905 28094 90911 77278 45521 17744 62924 29436 73069 82567 23358 85260 67398 85960 103453 36522 73759 14514 60759 84975 49827 87099 26127 15410 89468 11534 14514 25994 50980 66824 65468 31694 17416 69457 60097 29055 64022 92604 28043 45521 74520 65375 93922 5837 89468 87319
81245 96769 72887 118706 135013 153437 91940 114345 65468 89800 18076 130887 59244 37311 82223 21808 108977 21317 106969 76014 17938 102777 135012 76200 109095 87192 129292 3223 27096 97794 119341 124574 137375 124251 116820 115150 71165 98102 117465 92095 139060 143640 92355 77416 104357 167797 30306 74665 124394 73509 112405 77762 84569 49643 156127 93535 112788 23781 64664 95886 109929 98847 107584 81238 74720 30865 119787 13700 98146 134744 90495 37347 82260 131948 128634 97167 80202 119411 113691 90019 91449 26827 15171 114966 122912 42085 100849 132801 97691 97067 60711 119067 28491 22369 1993 123573 112349 124599 83066 102263 130337 146194 101062 103461 105123 88948 75544 138797 57024 89531 102186 11260 45704 116021 141122 115979 67744 101139 131763 85566 58862 52713 111138 11063 101542 60616 43484 43687 77092 72860 15594 104926 95370 17010 113203 124942 99117 109921 109486 132440 92604 0 124263 68092 65626 37600 117162 110018 110566 52157 107422 118328 107820 116198 126638 91553 128129 146824 135233 111664 80747 127320 66937 71896 70557 133398 105853 20228 120092 81158 105901 132056 100830 60031 34018 139167 121382 78283 15113 15376 100329 93921 131555 63360 87558 121763 74096 94530 111123 118768 10877 128913 97366 99663 86831 119222 101045 133947 69122 96594 124011 81245 99663 114966 42085 28491 65626 65468 110018 100830 132440 119341 114345 0 68092 100329 113203 134744 102777 93535 124011 129292
68131 52292 98329 46603 10768 29788 32851 14166 86555 35871 111903 40724 104412 101282 74900 141497 15780 113511 21584 80548 120939 58778 31985 63754 25660 38086 148410 124179 97627 52244 74141 31544 14939 38879 19030 34452 93644 26241 17698 76562 31887 80801 31929 71388 20178 104544 112425 68131 23530 96047 119561 75393 56673 114218 99049 56824 14578 111654 88442 39369 52053 34258 33381 46153 52690 102199 7503 116310 62452 12870 34470 95441 49843 7691 50146 72432 63618 43093 54552 40890 58115 142935 110443 46147 54569 87043 54885 18793 73455 27776 84221 9168 108305 143960 122285 37489 33092 31626 41327 30424 73152 22973 138592 38743 71530 126409 48991 14550 93930 35062 45519 132215 91896 146660 29506 27111 79057 37129 36521 80973 83345 80315 14230 124050 40449 83723 94541 107011 58685 91028 137758 23353 41866 107719 26734 4069 30555 23532 21044 15191 62609 124263 0 64096 123670 123569 30177 60806 45150 116904 58374 25121 16539 46988 95863 72895 26352 143418 11210 22840 84049 41716 152555 75578 74990 144350 36263 118553 170277 80117 45013 100412 34023 69673 93813 41418 134912 89046 129746 111747 107665 79969 118373 73365 49825 29013 59591 55595 21156 35902 133464 68293 41391 48412 41785 34254 23223 26764 81041 47255 36385 68131 48412 46147 87043 108305 123670 86555 60806 34023 15191 74141 14166 124263 64096 107665 26734 12870 58778 56824 36385 148410
19553 29253 40241 50783 74061 93706 38973 59212 25516 39898 52171 62825 41819 37988 25588 81197 51773 52380 54380 70294 71777 75594 85956 54780 60083 37447 102883 69108 46188 30313 57091 77922 78863 56199 64747 71385 35116 41676 52560 35065 88625 79739 35395 18413 44553 105831 49435 12702 73935 38412 75758 67288 17093 81510 95055 26909 57361 50134 27163 54448 42624 53805 63403 39324 37514 40433 57823 57026 33536 71794 38558 33216 46680 71443 60806 37088 15299 51340 46744 24026 25102 81459 57759 47029 55699 26219 33998 67620 81553 42722 61234 62243 46061 84240 66148 80109 44743 77982 31427 55096 66325 83132 84350 62664 43709 70405 28801 78080 30667 36628 34126 73362 28131 96028 74573 68151 18606 33664 63899 77936 19736 16911 49869 64582 33600 20619 30866 42922 50217 33444 78815 52834 27676 51244 65199 66180 50744 59673 57461 68165 28043 68092 64096 0 61607 59671 70888 44539 42564 53180 41401 69334 48294 79326 71549 32371 78261 108584 75209 61267 76753 85153 88858 17695 16046 102201 38149 57147 114892 28906 69261 77499 56169 41680 34194 71194 90324 34584 69423 53309 61282 38668 86005 9641 53808 74343 6004 66087 59589 75340 78682 63851 57944 31739 43497 74854 43365 82752 21552 28525 79892 19553 31739 47029 26219 46061 61607 25516 44539 56169 68165 57091 59212 68092 0 61282 65199 71794 75594 26909 79892 102883
56514 75065 27241 94055 132719 152315 100528 120506 37142 101158 50868 108801 19804 37800 51132 59801 112878 45960 115972 118189 81575 133091 147528 108072 121651 98577 63796 68697 68108 75624 79621 139497 138608 103254 126290 132656 30928 103169 109233 55144 150087 102463 96954 52742 105244 120757 36899 55541 135503 29537 51076 117154 67327 108772 108887 70190 118649 44242 35270 114779 83709 114819 124563 98659 94902 44062 116709 53200 68802 129071 100023 44437 104695 130491 101547 61443 60315 96607 85282 82872 68275 55141 69141 91145 93575 51204 75578 122648 135322 104325 104311 123115 41212 63696 64882 141477 96772 139556 92570 116444 91419 139675 35464 123219 68141 23822 88410 136702 31118 98136 82634 60593 40271 50418 126507 129721 44661 88042 111929 127616 42034 49648 109650 54862 85805 40988 39103 27084 105256 33829 63138 114440 82448 59469 126757 126290 112129 121277 119055 124326 65468 65626 123670 61607 0 28516 132391 78590 88310 14212 77974 130940 108898 139638 76422 57414 139834 83316 134359 122875 124537 146449 31499 48120 48684 68503 90838 45512 58710 46394 129160 80394 117200 90574 51766 117448 56978 37680 53748 54904 43061 54039 72793 51989 111905 135930 64799 123382 121188 136637 74222 92387 117982 79288 103613 136244 104641 144196 42637 78663 141319 56514 79288 91145 51204 41212 0 37142 78590 117200 124326 79621 120506 65626 61607 43061 126757 129071 133091 70190 141319 63796
63769 82439 43417 103970 133684 153285 95231 117273 43284 94673 25451 118066 28879 22772 61364 32322 110324 20340 111293 99810 54429 119986 142397 93337 115658 91918 92287 40758 46186 83275 96411 133099 138177 111796 121823 124932 43934 99601 112035 69105 145669 120641 93224 59484 103676 141995 13725 59536 130635 44911 78070 99829 71736 83726 130049 78035 115473 19655 41668 105758 93897 107052 116774 89376 84178 24841 117464 26356 79676 131441 94277 29638 93655 131011 112937 75203 65359 105739 96641 83621 75872 28734 43618 100522 105753 38436 84806 126844 119283 99841 84827 120921 19203 36258 37078 133856 102442 133146 86330 109525 108212 142734 63699 114191 82992 52274 80345 137697 33558 92681 89442 32087 31673 78640 132868 123517 49104 92031 120243 109584 41861 43271 109378 26626 90936 42342 29051 17358 91874 46535 34879 109468 85974 34909 120528 125414 105517 115792 114260 127648 74920 37600 123569 59671 28516 0 125637 91132 96780 16668 89476 125268 107426 129607 98389 69995 134839 111408 134739 117516 105728 138442 34748 53631 53161 96972 95921 18180 83037 58222 118870 103159 109370 75247 34590 126823 85300 52008 25241 29312 67790 69560 98837 50983 100447 129749 64785 110548 116263 128886 45752 108039 108374 86287 94914 128844 101816 139960 48796 84395 133949 63769 86287 100522 38436 19203 28516 43284 91132 109370 127648 96411 117273 37600 59671 67790 120528 131441 119986 78035 133949 92287
82077 71197 110251 72753 35921 45088 31922 18576 96214 31358 108582 69815 112589 102907 89551 136979 25065 111435 17907 57753 109672 30460 17900 44719 10963 34036 167658 116304 90180 71553 98709 7520 31321 66816 11487 4534 105177 30720 44200 94238 22196 109012 36227 84154 32670 133747 112831 79405 9747 108190 138851 52752 70671 95732 127449 74716 19748 110135 97940 21289 75523 18721 9611 36707 42779 101673 34691 112257 82099 41624 32368 96027 34972 33378 78246 91643 76659 69610 78991 53721 75272 139707 102201 71301 81232 87214 75394 48957 45645 28688 65812 21500 107885 138738 115302 9652 57606 7559 39949 16152 99913 48138 153504 14591 92931 140116 45303 37265 101295 34267 66259 126762 95150 163594 59501 3497 88923 56552 65990 55566 90359 83936 33573 119637 60521 91453 97393 110959 41530 103050 132090 18811 58830 102214 5910 26697 20340 11958 15125 45238 80405 117162 30177 70888 132391 125637 0 83980 68977 122882 80917 5084 30499 16812 120103 90459 11854 166320 33639 10848 59643 14841 158052 86649 85484 164836 58041 116453 184771 94536 17179 125206 16519 57432 92154 71421 154283 102616 125829 107343 125566 98062 141370 80444 30712 4703 68544 30404 13154 6046 124768 95167 20329 68269 31025 4684 30579 17914 91574 65685 9161 82077 68269 71301 87214 107885 132391 96214 83980 16519 45238 98709 18576 117162 70888 125566 5910 41624 30460 74716 9161 167658
28842 16960 51496 16985 65970 83355 59005 66004 47926 62608 92624 31302 63708 74746 29771 119233 58923 91354 66587 107834 115822 102225 92081 89939 74017 61792 88262 111521 90450 16004 15317 88629 73899 27038 73425 86753 48736 55669 43115 23447 92562 35270 52940 32868 51475 61707 85518 35406 81577 49288 59775 103748 27718 125405 51521 17717 64522 88804 49479 77659 8755 74196 80932 69111 71316 79784 53440 97514 11904 60056 59985 72834 77258 65006 22985 17166 30145 20361 7354 35797 19438 117910 101421 15495 15007 68357 11379 51099 112837 58810 102170 65343 84045 122762 108178 93384 27719 88710 57957 72937 21972 68244 82619 83390 11953 72775 61362 69348 57702 58252 18286 113239 64997 88237 51214 80500 43161 27888 35243 113462 51817 57466 50897 104416 23927 50467 67565 74229 84294 45817 118341 66345 27863 93864 78347 64666 69297 72405 69016 54156 17416 110018 60806 44539 78590 91132 83980 0 15657 78024 3569 80046 53489 98429 36142 21487 85379 82846 68570 73215 113769 98421 110070 38682 39762 83714 25946 95357 113731 33238 91196 41396 75940 82122 76321 39529 74833 41121 108097 94688 49635 24958 57781 46816 82750 85238 39212 94379 70865 89899 120868 19322 81419 17449 70068 88662 54485 87150 42706 21225 92602 28842 17449 15495 68357 84045 78590 47926 0 75940 54156 15317 66004 110018 44539 49635 78347 60056 102225 17717 92602 88262
33132 14385 61148 8300 50569 68463 46338 50751 53985 50248 94133 21287 71395 77855 37250 122354 43940 93709 51953 97852 113961 89034 76485 79546 59361 49913 103653 111652 88298 13511 29750 73327 58376 15124 58180 71967 57465 42007 27462 34714 76912 43673 40357 37391 36888 70359 89183 37537 66131 58823 74983 93421 26138 119569 61664 18785 49344 91287 55780 64491 6904 60607 66595 58096 61397 81768 37786 99040 19979 44916 47554 74542 65958 49477 18388 29306 31645 9029 10029 25854 20928 121834 100213 4581 15191 68512 12739 36429 100583 45301 94054 49827 86800 125636 108636 78254 12062 73408 47076 58931 32174 53792 96412 69517 26740 85600 51903 54056 63412 46042 8511 115252 67719 102973 38366 65483 47680 14909 23755 102556 55322 58220 35582 106400 11687 54541 70462 79450 73749 54531 120600 51915 17779 93786 63469 49010 55591 57636 54203 39165 22862 110566 45150 42564 88310 96780 68977 15657 0 85510 13388 64869 38523 83935 51307 31601 69866 98429 53095 58324 103436 83229 119395 43173 43631 99295 11389 98165 127861 41921 77323 56268 62158 74371 76566 30045 90185 50795 110784 95596 64038 37377 73362 47886 70728 69996 36587 81778 55959 74957 121212 27867 68153 10934 58105 73657 40377 71522 48233 14091 77427 33132 10934 4581 68512 86800 88310 53985 15657 62158 39165 29750 50751 110566 42564 64038 63469 44916 89034 18785 77427 103653
52495 71494 27915 92115 126497 146194 91355 112348 31675 91525 36769 106618 14318 24112 48683 48990 104952 31944 107181 104929 67628 121345 138738 95707 112374 88852 77183 55148 54021 72212 81756 130164 131782 100633 117657 122777 29456 94729 103717 55120 141600 105661 88382 48327 97680 126161 22784 49749 126760 29711 61506 104143 62052 94560 114208 66796 110502 30124 29822 104312 81819 104813 114613 87967 83678 30014 110286 39338 67111 123488 90667 31081 93452 124051 100510 61401 55204 94254 84085 76090 64710 45226 54971 88876 92936 38571 73040 117913 122716 95517 90761 115419 27001 52927 51278 131682 92573 130218 82941 106771 93638 134481 49384 112805 68892 36804 78045 130516 23061 88876 78868 48180 28336 64288 122890 120412 38678 82892 109250 114470 33584 38998 102702 41677 81205 33209 26642 13482 93271 32304 51363 105519 76993 45267 117420 119193 102542 112199 110240 119172 62892 52157 116904 53180 14212 16668 122882 78024 85510 0 76780 121847 101408 128951 82252 56556 131062 95181 127877 113858 111200 136530 35690 42865 42897 81278 86274 31930 72602 44789 118331 86870 107187 77921 38164 115383 69359 37439 41381 40797 51142 55025 82169 43652 100576 126664 57317 111675 112335 126769 61275 93873 107327 75578 93175 126507 96527 135757 37495 74273 131619 52495 75578 88876 38571 27001 14212 31675 78024 107187 119172 81756 112348 52157 53180 51142 117420 123488 121345 66796 131619 77183
26490 13424 50764 16388 63956 81713 55549 63072 46195 59122 90157 31089 62469 72521 28196 117098 55885 89032 63427 104267 112883 98785 89404 86371 70854 58277 90269 108861 87441 12455 18812 85700 71754 26235 70478 83614 47711 52335 40733 23015 90010 38592 49487 30635 48334 65127 83431 32757 78748 48508 61600 100180 24456 122047 55031 14497 61554 86500 47817 74231 6693 70824 77683 65556 67747 77369 50949 95059 9803 58243 56508 70352 73708 62855 23748 16987 27316 19443 7335 32245 16340 115931 98552 14184 16277 65611 7862 49546 109316 55448 98654 62591 81780 120585 105565 90365 25321 85780 54404 69631 25386 66826 83555 80051 13364 73255 57794 67427 55950 54761 14923 110893 62666 89710 50393 77446 41048 24608 34709 109897 49566 54768 48027 102052 20625 48320 65276 72434 80726 44767 116045 63135 24347 91145 75245 62175 65947 69275 65904 52432 14957 107422 58374 41401 77974 89476 80917 3569 13388 76780 0 77060 50458 95201 39327 20569 82604 85643 66482 70123 110200 95427 109389 36518 37483 85985 22973 93126 114859 32060 87852 44682 72594 78612 73613 39583 76798 40330 105866 92125 50870 25047 60600 44104 79227 82279 35968 90888 67781 86808 118252 22494 77999 13915 66550 85596 51230 84535 40810 17666 89604 26490 13915 14184 65611 81780 77974 46195 3569 72594 52432 18812 63072 107422 41401 50870 75245 58243 98785 14497 89604 90269
79513 67796 108186 68344 30933 41050 30500 14147 94434 30600 109052 64976 111144 102499 86934 137773 21227 111705 15183 61485 111537 35199 17152 47526 9616 33351 164562 117601 91258 68098 94619 8929 26695 62137 6771 9532 103149 28239 39552 91182 20806 104362 34147 81791 29139 128933 112685 77233 6242 106080 135696 56415 67987 98838 122779 71494 15532 110303 96197 23041 71505 19492 12088 37251 43632 101622 29841 112871 78674 36554 31201 95750 36626 28340 73572 88340 74185 65137 74851 50944 72163 140288 103495 67024 76778 86939 71797 43890 50338 26662 68735 16565 107853 139658 116439 13399 53321 9002 39048 16149 95486 43277 151095 17747 89302 137871 45025 32418 99921 32972 62553 127680 94416 160873 54418 2851 87057 52908 61087 59813 88966 83049 29311 120347 56844 89952 96743 110206 43871 100931 133065 16534 55556 103027 5145 21614 19822 9667 12140 40160 77243 118328 25121 69334 130940 125268 5084 80046 64869 121847 77060 0 26624 21883 116113 87399 9823 162617 28726 8079 63710 18375 157213 84573 83490 161531 54108 116751 182490 91988 21652 121136 17622 59057 92232 66423 151145 100248 126480 107993 122601 94962 137618 78952 33208 5324 66613 34388 9996 10846 126241 90714 22875 64705 31581 9260 27622 15651 89622 62296 12561 79513 64705 67024 86939 107853 130940 94434 80046 17622 40160 94619 14147 118328 69334 122601 5145 36554 35199 71494 12561 164562
54712 41397 84436 42801 27223 46243 17351 12897 71784 20996 95365 42442 89372 85003 61904 124958 5434 97001 13702 69139 104967 52770 40416 51283 20977 22761 138365 107792 81298 41636 68227 35367 30763 38175 20154 33456 79567 10322 16588 65192 42072 79738 15471 57518 3753 105328 96065 53644 28910 82218 109453 64101 43057 100121 98186 45328 11226 95164 73642 29490 45027 24663 28576 31546 37715 85742 12575 99771 52217 27404 19067 79042 36767 24221 49361 61994 49729 39890 48549 26263 46190 126414 94133 41050 51357 70584 45217 28520 66066 12737 70653 14266 91870 127425 105838 39907 27457 35445 25161 21896 69886 38630 126182 32345 62697 113410 32863 31079 78601 19241 35936 115690 75770 135279 39195 27014 64264 26329 39551 71204 67836 64158 4779 107512 30241 68389 78376 91076 45751 77107 121234 14125 29440 91222 24947 17989 19769 19160 15710 26608 51143 107820 16539 48294 108898 107426 30499 53489 38523 101408 50458 26624 0 45581 89605 61419 33052 135993 27704 19801 73484 44975 137098 61134 60343 135103 27545 102048 157784 67077 39942 94714 25544 54578 77290 46344 124906 75726 113208 95214 96657 68883 110995 57757 38602 31882 44221 47181 17437 36450 117124 65225 32584 38156 28161 35182 7078 36214 66486 35937 39152 54712 38156 41050 70584 91870 108898 71784 53489 25544 26608 68227 12897 107820 48294 96657 24947 27404 52770 45328 39152 138365
93059 84472 119506 88356 52340 58960 41960 34817 104816 39861 110075 86302 120006 107297 100574 137047 40283 113536 31987 48439 106375 17396 26981 40233 24609 42059 179515 114901 89984 84957 113461 18099 46911 83002 28152 12645 114380 43168 60421 106383 31647 125058 47434 94564 47062 150131 116251 89371 25153 117597 150982 43992 82153 88037 143516 87503 35702 112585 106411 24928 90231 25928 17555 41017 45507 104955 51274 113215 95313 58300 41762 100125 35953 49954 94394 104462 87486 85363 93957 65813 87767 140455 101028 86621 96900 91480 89099 65769 31888 40366 59603 38230 111011 138363 114460 12476 73035 18044 48000 25932 115465 64134 163447 16688 106571 149655 51243 53305 108644 43788 80321 126517 100675 174396 76288 19968 97878 70598 82595 43893 97932 90141 49242 120176 74586 99323 102624 116302 39202 112533 131598 32088 71986 102670 21068 43491 30068 26451 29906 62042 92971 116198 46988 79326 139638 129607 16812 98429 83935 128951 95201 21883 45581 0 134528 102652 25043 179868 49875 26058 48708 13002 163228 96230 94855 177288 72710 118391 194209 105313 10738 139821 23696 56504 95201 88169 166304 112806 126493 108258 137239 110292 155112 88486 29340 18914 78081 22274 28390 11398 122648 110793 21660 81972 36057 13105 43981 29979 100735 79005 13672 93059 81972 86621 91480 111011 139638 104816 98429 23696 62042 113461 34817 116198 79326 137239 21068 58300 17396 87503 13672 179515
52052 50980 55146 49423 99665 115243 94475 102026 61448 97857 108566 59789 69763 89326 47334 130110 95039 105745 102724 140330 136528 137689 127595 123166 110154 96756 59167 128844 112975 50294 21723 124624 107940 58425 109454 122895 55777 91607 78257 36983 127750 30491 88450 54111 87615 44336 97768 59270 117427 53955 35239 136677 57889 152161 32496 49261 100581 103162 62068 113236 44608 110011 117009 103308 104528 95980 88710 113052 40931 93135 95313 90306 111527 99183 49017 34542 56460 53027 41457 70516 49882 127096 121715 49734 42230 89036 45819 83468 147521 94673 132613 101094 98309 133979 125074 129474 63176 124706 92329 108926 26285 99469 64276 119299 29199 60270 94502 102640 69628 93479 54226 126785 81632 64102 80423 116619 61002 63933 64573 146863 69347 78623 86872 118569 59948 67254 83501 84439 117772 53843 131095 102458 63156 112650 114485 99840 105184 108546 105156 87062 45152 126638 95863 71549 76422 98389 120103 36142 51307 82252 39327 116113 89605 134528 0 39230 121121 47893 102483 109351 146560 134486 105887 57932 59713 52539 62062 108497 91468 46551 127085 5950 111833 112750 96000 65474 46975 48365 120567 111614 34249 33999 23303 69369 117511 121273 67862 129470 106999 126033 137318 30526 117029 52813 104954 124786 90556 122527 58815 56163 128674 52052 52813 49734 89036 98309 76422 61448 36142 111833 87062 21723 102026 126638 71549 34249 114485 93135 137689 49261 128674 59167
12831 20607 30196 36696 80192 99014 60807 74283 27188 63472 73706 51459 42246 55059 9333 99001 66518 71861 72558 101972 99345 102814 101806 85444 79669 61810 77199 93363 74852 20718 27790 96317 87311 46145 81335 92325 27253 59905 56170 3783 103188 52164 55218 15138 58415 76496 65303 20053 90301 27940 48424 98603 20829 113104 65055 16165 72544 69267 28568 79197 26396 76909 85292 66938 67100 60779 65424 78501 11634 75315 61228 54241 75043 78561 44248 5614 17581 39403 27893 36903 15248 97295 84605 33949 36461 51332 19071 67568 111042 62413 93568 75130 64409 102639 89810 100111 41728 96392 56573 76765 39026 84947 65801 86361 13592 54264 57266 83957 36883 59236 27729 93701 45874 73957 69939 87162 23819 35838 54784 109040 32695 40511 60363 84992 32454 30963 48222 53380 80335 24330 98605 71721 31980 76197 84561 76287 72583 78501 75431 69908 10330 91553 72895 32371 57414 69995 90459 21487 31601 56556 20569 87399 61419 102652 39230 0 94469 78301 82375 79700 108327 105298 88820 19871 21443 74637 36912 75517 97468 11815 93860 45175 79032 73850 58871 60059 63835 19761 88194 76191 35243 7641 54574 30575 81602 92723 29118 93911 77513 95944 102424 38252 82989 24602 69574 94999 59891 97418 22572 25738 99553 12831 24602 33949 51332 64409 57414 27188 21487 79032 69908 27790 74283 91553 32371 35243 84561 75315 102814 16165 99553 77199
87346 74384 116527 72360 28639 34115 39769 20201 103093 40190 118854 67059 120068 112067 94667 147595 28022 121476 23897 69453 121154 41026 7695 56542 19339 42951 171376 127382 101066 74578 99445 6947 22185 65128 13580 15629 111540 36699 43128 98243 10988 107147 42880 89865 36138 130765 122346 85545 4334 114375 142455 64492 75720 107584 125401 78377 21977 120053 104888 32605 76682 29282 21178 47073 53447 111319 32748 122687 85139 35303 40604 105375 46270 26822 76456 94980 82157 68956 79666 58688 79234 150099 113274 71496 80553 96571 77964 44049 56160 35570 77658 20040 117552 149479 126243 12988 57945 7004 48524 25970 99232 39545 158958 26425 95290 145956 54715 28904 108918 42288 68569 137501 103838 168292 53716 12194 95653 59172 62785 66839 97969 92401 34649 130168 62987 98866 106204 119602 53212 109230 142884 25547 62489 112849 14926 22311 29562 19048 20827 40041 84194 128129 26352 78261 139834 134839 11854 85379 69866 131062 82604 9823 33052 25043 121121 94469 0 168219 25858 17324 71101 16018 166528 92963 91968 167970 59700 126526 190481 99793 28498 125907 27344 68739 101968 67229 157905 108258 136297 117811 129708 101933 143157 87901 42434 7298 75218 42029 18727 14158 135986 94389 32035 71001 41403 12616 35547 6072 98125 68953 11734 87346 71001 71496 96571 117552 139834 103093 85379 27344 40041 99445 20201 128129 78261 129708 14926 35303 41026 78377 11734 171376
89967 95402 76537 97220 147529 163053 138544 148692 89550 141476 129926 107537 88192 112041 83106 143117 141397 125742 148599 178816 160692 181056 174912 163158 155971 139956 26698 149651 141107 94943 69436 171313 155775 106318 156084 168772 80117 136703 125739 74817 175278 73025 132719 90216 133651 70619 116565 95972 164388 76852 34986 175871 99098 182756 63366 92475 147149 123477 89171 157178 91567 154537 162329 145230 145130 119317 136153 133419 84556 141026 139120 115827 153311 146987 96747 75650 95384 100841 88866 114304 92416 138368 146579 97297 90121 117945 90945 131359 189238 139532 168650 148187 119228 147011 145729 175853 110458 171393 134842 153965 73374 147239 52254 163977 73405 59664 135433 150529 93962 137167 100077 143340 107797 41006 128015 162878 92794 109770 112343 186501 98853 109564 133670 136717 105805 96602 108635 103493 158272 79856 146273 148101 107887 136699 160557 147347 149961 154523 151221 134954 87229 146824 143418 108584 83316 111408 166320 82846 98429 95181 85643 162617 135993 179868 47893 78301 168219 0 150328 155481 185303 180953 103100 91614 93464 17818 108608 126717 63581 79767 171626 44271 156546 149900 122961 112749 26629 76111 136520 133706 48905 70899 25067 103113 159903 167865 106683 172209 153167 172123 156365 77953 160987 98082 147827 170983 136090 169941 89837 100884 175130 89967 98082 97297 117945 119228 83316 89550 82846 156546 134954 69436 148692 146824 108584 48905 160557 141026 181056 92475 175130 26698
78446 61818 108701 53118 3061 18579 43490 22492 97304 46207 123057 44467 115231 112481 85005 152638 26327 124702 30453 88361 131489 63894 29038 72409 32574 48575 156748 135089 108495 61658 80901 32416 5480 44221 24420 38171 104106 37131 26221 85961 27309 84619 42997 81854 31373 106770 123633 78834 24748 106400 128054 83204 67144 123469 102421 66509 23566 122854 99197 47414 59925 42477 39375 56193 62837 113406 17653 127442 71525 10206 45046 106651 59069 3875 54811 81456 74135 49491 61850 51793 67950 154118 121284 53332 60415 98249 63857 19993 78985 38360 93291 17116 119514 155073 133260 38629 41300 32488 52190 38478 78463 14597 148177 45103 79817 136308 59796 3961 104865 45804 54696 143302 103069 155705 28327 31328 89832 47010 39789 87799 94352 91496 25362 135177 50020 94674 105721 118131 67673 101435 148841 32430 52139 118761 31993 10461 39523 30659 29058 15980 72201 135233 11210 75209 134359 134739 33639 68570 53095 127877 66482 28726 27704 49875 102483 82375 25858 150328 0 29472 91312 41852 163495 86239 85725 152271 45467 129747 179839 90208 50231 106666 41758 79759 104994 42907 143279 99210 140899 122856 116675 89210 125407 84416 58117 30968 70599 62206 28459 38480 144323 73610 48810 57774 51452 36774 34225 23679 91725 57043 37398 78446 57774 53332 98249 119514 134359 97304 68570 41758 15980 80901 22492 135233 75209 116675 31993 10206 63894 66509 37398 156748
71566 60355 100127 62396 31035 44547 22506 9105 86354 22890 101817 60413 103082 94744 79010 130756 14393 104328 7190 58899 105631 35996 24931 43394 3123 25653 156896 111065 84568 60707 88020 16885 28928 56958 5486 13684 95085 20221 34411 83481 28193 99002 26071 73784 21833 124128 105054 69184 13141 98026 128068 53745 60082 94765 117459 63904 9707 102860 88118 18254 64807 13687 10554 30429 37012 94056 25705 105741 71256 35435 23290 88066 31055 28025 68341 80818 66207 59350 68350 43070 64493 133103 96983 60791 70921 79267 64550 41291 50615 18582 64527 13679 100291 132745 109751 20460 47134 16953 31201 9767 89541 43909 143111 15951 82088 129845 37474 33409 91870 25005 55431 120780 86532 153003 52203 7466 78979 45716 56866 58509 80914 75120 23211 113283 49689 81887 88888 102306 39079 92879 126206 8454 48003 96073 5146 20265 12559 1758 4283 37935 69611 111664 22840 61267 122875 117516 10848 73215 58324 113858 70123 8079 19801 26058 109351 79700 17324 155481 29472 0 61883 25629 149270 76512 75420 154016 47295 109387 174475 84039 22287 114495 12507 53106 84756 62797 143506 92246 119361 100898 114850 87291 130539 70890 28962 13255 58536 32967 2367 16685 119870 84836 19348 57423 24890 15502 19812 22620 81549 54843 19857 71566 57423 60791 79267 100291 122875 86354 73215 12507 37935 88020 9105 111664 61267 114850 5146 35435 35996 63904 19857 156896
95849 96935 112795 110529 92913 104698 58496 69908 97843 54334 81445 114653 107307 87103 102324 102550 70301 86139 62646 6549 66459 31337 75004 23910 58818 53997 177834 78530 59771 97830 128720 64764 90184 109300 66913 55499 108091 64723 89887 111402 79731 147051 63924 95161 72333 173790 92169 89426 69370 111607 151943 10034 88671 41266 164718 97638 69516 86246 98785 44775 107742 49902 52073 45377 42453 81920 84648 82829 105882 96905 56964 80165 37828 89874 119334 112289 90751 108716 112225 78223 96786 107373 66607 107516 118548 73578 102505 101189 19221 61491 20936 75170 86728 102769 79453 60461 96345 64740 56365 53641 134856 105791 155540 46291 117472 141238 52431 95223 97150 58079 96542 91973 84821 168964 112163 60874 93129 88560 112449 5424 88788 78271 78262 88049 91839 90874 85587 97734 29688 107403 96133 61103 86423 72224 59574 82002 54174 60829 63017 98439 101410 80747 84049 76753 124537 105728 59643 113769 103436 111200 110200 63710 73484 48708 146560 108327 71101 185303 91312 61883 0 61706 140398 93793 91968 178102 92717 90042 183063 105540 42604 152448 50027 35685 73062 119586 165930 110038 94154 78315 137410 115159 162649 82591 34888 63853 79219 29322 63140 57287 84112 130978 42693 96500 46298 58642 67601 76903 96192 92609 61481 95849 96500 107516 73578 86728 124537 97843 113769 50027 98439 128720 69908 80747 76753 137410 59574 96905 31337 97638 61481 177834
96859 85967 124798 86539 44654 47945 46334 32481 110590 45308 120130 82355 126668 115841 104344 147798 39559 123310 32741 61379 118280 30380 15104 52088 25732 47871 182497 126186 100714 86303 112978 10208 37937 79961 25054 13793 119706 45538 57520 109077 19491 122163 50924 98869 47357 146251 125356 94040 18187 122765 153685 56855 85486 100883 140520 89533 33905 122183 112286 32703 89877 31718 21922 49067 54488 114101 47448 123525 96863 51303 46613 108811 45565 42813 91374 106446 91418 83271 93201 68555 90106 150920 112187 85318 94918 100039 90080 59883 44573 43405 72101 34176 120258 149299 125530 5191 71622 10125 53882 30057 113639 55266 168205 24364 107603 154744 58527 44786 115331 48573 80878 137377 108528 178398 69705 18165 103369 71204 78229 56863 104437 97533 47654 130690 75156 105622 110662 124308 50296 117633 142568 33636 73631 113171 20746 37782 34411 26797 29912 55913 95233 127320 41716 85153 146449 138442 14841 98421 83229 136530 95427 18375 44975 13002 134486 105298 16018 180953 41852 25629 61706 0 171414 101226 100016 179645 72481 128257 199404 109307 21663 139497 29343 67308 104436 82978 169119 117320 136967 118574 140405 112899 155967 94631 39770 13263 83069 34739 27880 9816 134207 108840 30375 82969 43574 10404 45412 19260 106073 80456 5823 96859 82969 85318 100039 120258 146449 110590 98421 29343 55913 112978 32481 127320 85153 140405 20746 51303 30380 89533 5823 182497
86975 105828 58625 125375 162065 181754 126769 147983 66601 126741 59337 140094 48568 56004 82146 51414 140621 54422 142682 134526 84854 154340 174187 127875 147685 124033 78786 70119 80705 106453 110860 165405 167446 134426 153184 157731 61947 130336 139065 86625 177137 133218 123974 82981 133369 150015 48450 85006 162241 60884 76090 134577 97190 115999 138318 101001 146140 54160 64704 138918 115018 139756 149552 122495 117726 59364 145879 59014 100108 158885 126012 63251 127377 159659 133011 92933 90235 127837 116710 111702 99009 45112 76557 122385 125062 71773 106701 152980 154005 131037 119475 151101 53933 54468 67132 166661 127330 165457 118198 141905 122583 169757 50848 147407 99625 46870 112907 166080 58631 124266 113346 57637 62914 63548 157380 155687 73904 118060 143100 144310 69270 74166 138364 56341 116128 68832 60754 47113 126168 64892 57342 140982 112258 68816 152690 154874 137737 147592 145727 154414 96537 66937 152555 88858 31499 34748 158052 110070 119395 35690 109389 157213 137098 163228 105887 88820 166528 103100 163495 149270 140398 171414 0 77855 78097 86012 121195 51060 57061 77595 152521 109253 142115 109791 68995 148777 76839 69060 51947 62877 71692 85531 98403 79342 134332 161944 92985 144815 147806 161717 71712 123724 141751 110011 127873 161538 132183 171312 72372 109069 166657 86975 110011 122385 71773 53933 31499 66601 110070 142115 154414 110860 147983 66937 88858 71692 152690 158885 154340 101001 166657 78786
10182 28889 23616 50365 84612 104233 54917 73167 11259 56436 54202 64452 29288 36064 10742 80586 65404 52712 69402 87281 79493 93199 100617 72310 75704 54171 85191 73620 55203 29690 47540 93376 90513 58237 79388 87578 18584 56366 61273 21139 102848 71753 50469 5916 57558 96364 46913 7491 88637 21543 58257 84525 19342 94398 84919 24407 71317 50150 13153 71513 40399 70433 79794 56845 55209 41291 68590 59053 26818 81115 54775 34548 64331 82371 59516 25454 12384 52113 43432 34919 22249 79452 64741 46895 52678 31503 31234 75149 99215 58004 77178 75398 45372 84092 70120 96097 49708 93441 48247 71315 58443 91910 67220 79543 33314 53544 46369 88601 20268 52772 36104 74605 26408 78492 80049 83695 4563 40206 66755 95238 13168 20786 61628 65805 38357 11802 28919 36337 67862 16407 79673 68079 34447 56350 80820 78275 66947 75028 72471 76563 21613 71896 75578 17695 48120 53631 86649 38682 43173 42865 36518 84573 61134 96230 57932 19871 92963 91614 86239 76512 93793 101226 77855 0 1872 84624 43429 56675 98197 12052 86401 63787 72758 58292 39000 73216 72678 16904 69415 56520 43739 23939 69849 11748 71423 89752 18194 83733 74623 91469 82773 57146 75107 32859 60759 90839 57436 96946 5505 31410 95773 10182 32859 46895 31503 45372 48120 11259 38682 72758 76563 47540 73167 71896 17695 43739 80820 81115 93199 24407 95773 85191
11001 29278 24783 50976 84154 103804 53686 72256 11580 55108 52948 64918 29578 35038 12443 79636 64522 51593 68334 85453 77903 91617 99635 70554 74552 52807 86882 72232 53502 30121 49006 92266 89929 58636 78389 86339 19695 55321 60969 22858 101932 73143 49355 6900 56736 97899 46029 6916 87639 22780 60049 82720 19156 92572 86495 24940 70403 49046 13476 70092 41125 69102 78515 55293 53545 40063 68072 57818 27865 80796 53499 33226 62721 81863 60256 26994 12354 52612 44291 34205 22766 78632 63171 47456 53560 29889 31919 75020 97504 56879 75311 74598 44304 83106 68764 94900 49756 92331 46856 70060 59797 91673 68599 78167 34793 54835 44796 88153 20054 51505 36350 73477 25237 80027 80156 82563 4220 40013 67102 93438 12083 19100 60972 64657 38334 10971 27809 35821 66144 17684 78588 66976 34164 54878 79673 77615 65690 73918 71409 76339 22531 70557 74990 16046 48684 53161 85484 39762 43631 42897 37483 83490 60343 94855 59713 21443 91968 93464 85725 75420 91968 100016 78097 1872 0 86391 43398 55644 99464 13924 84967 65578 71436 56449 37471 73669 74417 18547 68384 55183 45524 25732 71720 9881 69834 88647 16947 82127 73561 90244 81432 58392 73664 33153 59285 89639 56477 96029 6162 31494 94594 11001 33153 47456 29889 44304 48684 11580 39762 71436 76339 49006 72256 70557 16046 45524 79673 80796 91617 24940 94594 86882
84918 93740 66283 99578 149637 166425 135407 147984 80566 137943 117160 111524 76148 100188 77578 128043 140391 112697 146937 171561 148162 176775 175021 156933 154150 136145 9181 136344 130196 93469 72356 170394 157612 109274 155238 166868 70529 134462 126717 70906 175863 81342 129855 84336 132394 83833 103440 90022 163944 67067 26531 169027 95240 172041 75036 90123 146328 110578 79858 153638 92411 151512 159921 140462 139562 107417 136906 120298 82887 143541 135772 104727 148313 148720 100895 73201 90510 103201 90471 111521 89645 123006 134497 98980 93483 107926 90011 134234 183720 137031 160345 148130 106616 131887 132448 174474 111301 170471 130666 151400 78813 150872 35380 160956 72857 44698 130259 152931 83420 133766 99424 129058 97204 23233 132309 161480 84980 108817 116206 179771 89838 100597 133353 122944 104983 87649 97668 90884 152413 70863 131626 146202 106014 124569 158964 148121 147219 152894 149733 137548 84473 133398 144350 102201 68503 96972 164836 83714 99295 81278 85985 161531 135103 177288 52539 74637 167970 17818 152271 154016 178102 179645 86012 84624 86391 0 108449 113173 46541 73461 168394 50748 153653 142430 112111 117755 12424 68080 122211 121064 40922 66996 30050 95532 155198 166845 101236 167575 151774 170427 142496 82925 157406 96979 143645 169425 134273 170295 81912 99236 173859 84918 96979 98980 107926 106616 68503 80566 83714 153653 137548 72356 147984 133398 102201 40922 158964 143541 176775 90123 173859 9181
34328 16416 64276 17812 43291 62300 35100 40099 54675 39075 90306 25543 72651 75502 40175 119304 32979 90485 40764 87283 107634 77653 66610 68898 48191 38898 112253 106647 82101 16201 40767 62728 50444 18987 47508 60877 60008 30620 19260 40496 67429 54747 29182 38224 25653 81281 86984 36632 55802 61940 83365 82737 24297 110859 72890 21217 38591 88197 56560 53122 17532 49218 55307 47344 51099 78514 28759 95148 26195 38659 36375 71270 55042 41661 27014 36174 31070 16275 21312 16937 22853 119370 94459 14926 25965 64321 18629 31819 89317 33920 84333 39735 83989 122380 103884 67439 6610 62808 36518 47568 43538 48888 102712 58144 35629 90981 41988 47084 63425 34943 9269 111494 65379 110430 36948 54558 47616 4914 25923 91643 54066 54836 25074 102726 5072 53742 68160 78611 63073 57188 116957 40642 10500 88875 52434 39859 44203 46526 43118 33576 26792 105853 36263 38149 90838 95921 58041 25946 11389 86274 22973 54108 27545 72710 62062 36912 59700 108608 45467 47295 92717 72481 121195 43429 43398 108449 0 95193 134373 45295 65952 67207 50775 65019 72215 33418 98752 54365 107552 91328 71417 43791 83571 45299 59567 59315 32251 70470 44940 63973 116252 39162 56774 12311 47009 62724 29010 61846 48867 12175 66661 34328 12311 14926 64321 83989 90838 54675 25946 50775 33576 40767 40099 105853 38149 71417 52434 38659 77653 21217 66661 112253
66638 83891 53840 105980 129082 148289 87898 110471 48509 86605 8659 119181 39705 20612 66267 24193 104162 5074 103766 84433 36335 107170 133857 80168 107188 83858 109087 23226 30388 84850 103126 123973 132601 112645 114130 115178 52721 93189 109208 75517 137501 127582 86985 62510 98376 150746 10750 60865 122488 54714 92456 85019 72097 65690 138923 80069 108759 7021 47389 95706 96505 97735 107173 79746 73854 16724 113163 8206 83484 127778 86698 23934 82745 126193 115583 81066 66703 107181 99869 80784 77906 24464 25694 102325 109150 31649 87280 124458 104855 92837 69131 114665 11384 27510 19379 123983 101802 124011 78808 100658 114540 139253 80975 103902 89068 68728 71955 133024 39252 85359 90133 18346 30548 95930 131713 114717 52216 90796 120680 94243 43562 40357 104691 10207 90484 44903 27876 24265 79571 54734 23088 101815 84774 17877 111785 119862 96966 107631 106572 124685 78172 20228 118553 57147 45512 18180 116453 95357 98165 31930 93126 116751 102048 118391 108497 75517 126526 126717 129747 109387 90042 128257 51060 56675 55644 113173 95193 0 101216 64389 107715 113722 99944 62354 24826 127765 101176 60291 12741 11845 80747 76861 112038 50312 89057 120823 62957 98076 108437 119032 29760 113619 97885 87273 85430 119201 95789 132006 52988 84691 124223 66638 87273 102325 31649 11384 45512 48509 95357 99944 124685 103126 110471 20228 57147 80747 111785 127778 107170 80069 124223 109087
103140 118057 74720 130708 177626 196212 153113 170374 89463 154561 107970 144590 76129 96505 95880 107677 162530 102864 167311 176665 137390 189581 198038 165636 173811 152221 37366 123308 126596 118186 106774 191360 184774 140767 176994 185774 79842 154257 153626 93883 199855 121931 148546 100700 154457 128913 94391 105370 186194 76684 56526 175411 114781 166447 119115 113457 168557 101570 87938 169340 121533 168548 177978 153921 151050 102616 162835 109374 108448 172541 152960 103111 160714 176029 134824 98655 108345 134078 121074 131793 112182 101563 126374 129007 126685 109513 116135 164289 193054 156087 162977 171879 99217 110994 119812 194264 138918 191428 146235 169510 116078 181637 31686 177534 101786 44661 143404 181352 87017 150962 125155 112381 98334 27413 164917 181751 96333 133150 148823 185979 97018 106356 157320 109036 129894 95365 97476 85785 162346 81797 113064 166091 128709 117100 178913 173565 165142 173046 170351 166948 107694 120092 170277 114892 58710 83037 184771 113731 127861 72602 114859 182490 157784 194209 91468 97468 190481 63581 179839 174475 183063 199404 57061 98197 99464 46541 134373 101216 0 90716 184134 91720 170889 148578 110472 152140 45508 82250 105989 111969 64104 90724 72924 105910 167956 187729 116383 179894 172499 189660 126677 119263 172819 122067 158353 189009 155013 193996 93499 123022 193914 103140 122067 129007 109513 99217 58710 89463 113731 170889 166948 106774 170374 120092 114892 64104 178913 172541 189581 113457 193914 37366
12475 29053 19245 47800 88256 107525 63453 79663 15884 65490 63152 62501 30472 44169 5217 87595 71818 60961 76852 99050 90093 103513 107332 83671 83586 63452 74625 83140 66447 29502 38775 100897 94877 56867 86344 95894 15691 63843 64303 11139 109149 63231 58420 10918 63740 86656 53999 16561 95519 16912 46955 96157 24073 106232 74968 24164 77850 58355 17064 80976 37441 79386 88394 67124 66104 50294 72796 67854 22549 83938 63556 44146 74891 86343 55808 17005 17901 50247 39389 41116 22441 85709 75281 44792 48154 42486 29186 76858 110280 65911 89189 81213 53469 91281 79483 104129 50854 100968 57733 79831 50347 94106 59166 88704 24901 46383 56833 92143 25359 61531 36619 82676 35547 69157 80186 91404 14489 43202 65543 106827 22848 32197 66774 74064 40413 20821 37675 41755 79015 12740 87457 75744 38265 66422 88637 83212 75506 82677 79856 78844 19115 81158 80117 28906 46394 58222 94536 33238 41921 44789 32060 91988 67077 105313 46551 11815 99793 79767 90208 84039 105540 109307 77595 12052 13924 73461 45295 64389 90716 0 95863 52318 81643 70163 49511 71198 61769 9072 76984 65883 32573 12815 57798 23794 81839 97267 27843 94209 81994 99685 91987 49876 84675 33290 70586 98909 64409 103285 12295 33266 103696 12475 33290 44792 42486 53469 46394 15884 33238 81643 78844 38775 79663 81158 28906 32573 88637 83938 103513 24164 103696 74625
83757 76459 109498 82457 52262 62247 33100 31360 94679 30465 99427 82044 109583 96576 91246 126598 35062 102846 26363 41130 96619 13783 32835 30428 19817 32411 170323 104690 79506 77026 106413 22289 48342 78087 26218 12908 104371 35528 55916 97545 37527 119594 38916 85028 40685 145269 105514 79705 26922 107637 141978 36282 73155 79981 138018 79153 31718 101875 96237 14902 83305 17116 11799 30502 34795 94218 47866 102624 87167 57345 32633 89396 25216 49479 89303 96009 78157 79704 87256 57322 79244 129915 90743 80383 91016 80763 81344 63573 28757 32413 50688 35854 100278 127988 104137 18819 67093 22271 38197 18398 109303 64823 153552 7814 98641 139663 40864 53995 98232 34632 72931 116107 90032 164776 74463 18934 87858 63326 78736 38413 87588 79594 44161 109643 67271 89035 91955 105628 28809 102610 121235 25830 64042 92125 18423 42111 21905 21957 25146 60172 84446 105901 45013 69261 129160 118870 17179 91196 77323 118331 87852 21652 39942 10738 127085 93860 28498 171626 50231 22287 42604 21663 152521 86401 84967 168394 65952 107715 184134 95863 0 132527 15258 46018 84465 84906 157213 103109 115951 97666 128053 101478 147063 78276 18663 21255 68348 13717 24277 14907 112612 104755 11317 74286 25783 16129 36946 34336 90761 71081 19628 83757 74286 80383 80763 100278 129160 94679 91196 15258 60172 106413 31360 105901 69261 128053 18423 57345 13783 79153 19628 170323
57999 56635 60133 53828 103801 118868 100038 107017 67036 103469 113996 63340 74710 94755 53221 135051 100145 111077 107946 146230 142185 143275 132259 129020 115377 102417 58004 134305 118763 55920 26519 129573 112138 62468 114446 128083 61028 97016 82898 42892 132278 30720 93998 60031 92828 40789 102978 65209 122280 59056 36385 142555 63780 158065 29278 55055 105609 108504 67596 118783 49689 115480 122328 109071 110371 101479 93355 118437 46730 97150 100908 95908 117289 103451 52554 40489 62408 57385 46310 76174 55726 131891 127377 54415 46254 94802 51395 87387 153252 100117 138560 105913 103667 138937 130516 134518 67995 129655 98062 114311 29105 103029 65844 124730 35024 63053 100340 106659 75033 99092 59605 131969 87231 64311 83750 121716 66791 69271 68158 152716 75066 84443 91846 123831 65298 72954 89049 89580 123607 59202 136199 107734 68711 118248 119636 104418 110622 113732 110325 91073 51039 132056 100412 77499 80394 103159 125206 41396 56268 86870 44682 121136 94714 139821 5950 45175 125907 44271 106666 114495 152448 139497 109253 63787 65578 50748 67207 113722 91720 52318 132527 0 117269 118691 101697 68493 46543 53781 125685 117099 37619 39848 20769 75261 123217 126259 73803 135131 112136 131163 142696 33694 122568 58323 110633 129889 95880 127139 64553 61750 133695 57999 58323 54415 94802 103667 80394 67036 41396 117269 91073 26519 107017 132056 77499 37619 119636 97150 143275 55055 133695 58004
69368 61274 96171 67504 43111 57026 18269 19884 81680 16329 92063 67981 97442 86689 76884 120503 21220 94932 12850 46687 93927 27285 34212 30887 9406 18724 155823 100051 73796 61823 91163 24037 41429 63638 17957 15617 91053 20275 41993 82750 38235 104732 23859 70925 25800 130636 96455 65797 23823 94213 127316 41525 58472 82267 123118 64080 19525 93651 83331 5749 68076 2381 7437 20202 26281 85262 35152 95745 72027 46878 18088 79736 19025 40005 74696 80992 63799 64860 72061 42289 64251 123194 85942 65315 76046 70934 66113 51548 40643 17160 52033 25186 91464 122301 98954 24549 52182 24073 24749 3751 94213 56023 139965 7468 83449 126271 29207 45714 86089 20113 57673 110322 79210 150757 62560 15160 74597 48075 64987 47014 75232 68189 30066 103141 52016 76484 81372 95002 26662 89118 115672 11652 48832 85737 12480 32066 6649 11131 12995 48585 69457 100830 34023 56169 117200 109370 16519 75940 62158 107187 72594 17622 25544 23696 111833 79032 27344 156546 41758 12507 50027 29343 142115 72758 71436 153653 50775 99944 170889 81643 15258 117269 0 41435 75703 71556 142624 89225 109324 90836 113546 86668 131916 65532 16457 20996 54571 21977 13300 19603 108643 89708 7415 59043 14536 19476 21817 33266 77394 55872 24587 69368 59043 65315 70934 91464 117200 81680 75940 0 48585 91163 19884 100830 56169 113546 12480 46878 27285 64080 24587 155823
61127 65197 77194 82267 80238 96917 37231 57516 62183 33839 53871 89661 72481 54309 67224 80580 53906 57660 49634 29138 52539 44900 75332 18091 50278 31830 142168 58995 33490 66192 96395 64748 80822 83489 58508 55197 72445 44264 68539 76698 79540 116825 40299 60038 51901 143576 61556 54372 65251 75962 116317 27016 55338 46302 133641 64957 56254 56993 63162 36173 77388 39667 47822 23569 16984 50445 67147 56793 72889 81767 35523 47061 22479 77032 91945 78219 56343 81241 81918 48553 63767 83958 44934 78822 89461 39415 70751 82722 44800 42079 20065 62735 56120 82003 58229 63548 70089 64769 30386 43389 103924 92616 120311 43473 84098 105995 23389 83615 61940 35424 66491 70100 50344 133505 92871 56546 57473 60280 88632 37751 53190 42805 58907 63677 62783 55247 51502 64508 17331 71722 75264 47585 56604 46182 53915 69312 40921 51431 51679 81142 67949 60031 69673 41680 90574 75247 57432 82122 74371 77921 78612 59057 54578 56504 112750 73850 68739 149900 79759 53106 35685 67308 109791 58292 56449 142430 65019 62354 148578 70163 46018 118691 41435 0 40805 96249 130247 74384 69998 51844 101788 80340 127659 46955 27538 62094 44889 35722 52996 58763 67339 100552 37391 65676 28510 59263 47526 74695 60529 61725 64002 61127 65676 78822 39415 56120 90574 62183 82122 41435 81142 96395 57516 60031 41680 101788 53915 81767 44900 64957 64002 142168
47758 62754 46425 84692 104386 123517 63103 85657 34919 61912 18327 97016 36477 14052 49665 47904 79340 19756 79016 66833 40595 85415 109372 58882 82638 59157 109953 35276 18152 63781 86467 99666 107792 90392 89421 91117 43112 68365 85058 59927 112921 110499 62172 44162 73635 135361 21061 40916 97883 46213 87988 66258 50551 59950 123911 59584 83941 18118 34713 71746 75940 73444 83025 55525 49967 9772 88560 23044 64519 103282 61928 7552 59267 101468 94616 64449 46317 85438 79753 56926 57519 49125 25793 80954 88948 8067 66895 100381 85274 68023 52604 89840 15831 50651 32106 99996 78771 99707 54016 76211 97095 114772 84706 80091 72262 70730 47284 108310 29000 60560 68212 39382 15197 99011 108118 90280 35267 67598 98054 76440 26666 18855 80036 30743 67767 28746 14443 24743 57286 43924 44895 77080 61716 17543 87324 95063 72415 83004 81851 100404 58923 34018 93813 34194 51766 34590 92154 76321 76566 38164 73613 92232 77290 95201 96000 58871 101968 122961 104994 84756 73062 104436 68995 39000 37471 112111 72215 24826 110472 49511 84465 101697 75703 40805 0 105382 99693 48722 36082 19121 74303 62274 104398 29513 65952 96439 40191 75960 83743 95027 44749 95401 74175 65654 61167 95097 70979 107371 37217 62630 100167 47758 65654 80954 8067 15831 51766 34919 76321 75703 100404 86467 85657 34018 34194 74303 87324 103282 85415 59584 100167 109953
63150 44396 90208 23402 39847 51261 61482 53704 83969 65618 123309 8773 101185 107634 66824 151952 50338 123193 58896 114933 140976 98349 71661 96706 65093 66499 123693 140018 115490 43548 45864 72874 48144 15129 60018 75538 86880 54921 29772 62596 70211 42632 56761 67419 47253 63869 119027 67483 64826 87922 96562 109998 55713 142532 59839 48817 53201 120825 85745 75813 33760 70905 73116 75627 80724 111214 37092 128185 48669 32704 63129 103962 82154 40788 17321 56491 61599 21142 32393 50023 50968 151641 127875 26509 25479 97411 42343 23228 112198 58107 114545 49939 116443 155147 137205 78886 27131 72955 66135 67820 39394 35441 121532 77786 51212 112221 72862 41554 93444 62399 37671 144495 97475 125831 15782 68202 77724 38255 7667 117493 85288 87528 41631 135679 37628 84560 100238 109489 90966 83929 149912 59906 43834 122215 67371 45239 66092 62963 59772 27286 52502 139167 41418 71194 117448 126823 71421 39529 30045 115383 39583 66423 46344 88169 65474 60059 67229 112749 42907 62797 119586 82978 148777 73216 73669 117755 33418 127765 152140 71198 84906 68493 71556 96249 105382 0 110710 79768 140289 124501 88241 64442 88740 77471 84796 70429 65209 93430 60678 77255 149621 34952 78790 40666 73503 75627 51988 66257 78243 43074 77765 63150 40666 26509 97411 116443 117448 83969 39529 71556 27286 45864 53704 139167 71194 88241 67371 32704 98349 48817 77765 123693
73512 83523 53885 91236 140742 158102 124355 137803 68266 126749 104964 103946 63789 87831 66082 116737 130119 100561 136377 159385 135939 165259 165086 144966 143504 124868 13501 124296 117783 83336 64865 160046 148542 101140 144971 156151 58180 123734 117408 60062 166134 77114 118919 72682 122060 83569 91314 78312 153811 54706 15454 156924 84152 159627 73613 79655 136107 98405 67520 142394 83379 140444 149041 128886 127777 95071 127425 108188 72801 134888 124646 92315 136655 139645 93546 62926 79117 94815 81860 100710 79014 111881 122192 90289 85791 95510 80158 125831 171876 126197 148033 138226 94379 120614 120390 163934 102052 160122 119292 140491 72690 142772 26137 149862 63474 33196 118599 144168 70998 122630 89591 117348 84780 18446 124708 150971 72856 98763 108504 167678 77515 88264 123409 111031 95020 75337 85250 78629 140534 58591 120087 135555 95596 112265 148389 138591 136262 142326 139231 128974 73905 121382 134912 90324 56978 85300 154283 74833 90185 69359 76798 151145 124906 166304 46975 63835 157905 26629 143279 143506 165930 169119 76839 72678 74417 12424 98752 101176 45508 61769 157213 46543 142624 130247 99693 110710 0 55994 110507 108846 29223 56221 27446 83417 143605 156468 89608 155977 141300 159778 130632 76405 146140 86970 132229 158831 123707 160483 69779 88969 163363 73512 86970 90289 95510 94379 56978 68266 74833 142624 128974 64865 137803 121382 90324 29223 148389 134888 165259 79655 163363 13501
21027 38118 10442 56376 97284 116581 71183 88197 13871 72950 60218 71125 23339 40976 14222 82625 80359 57399 85075 103500 88793 110095 115839 89001 91653 70774 68350 80525 66478 38552 44456 109129 103842 65638 94752 103785 8084 72026 73352 17804 117772 68633 66400 18465 72322 90617 49615 23436 103963 8180 41959 100951 32673 107424 78738 33231 86370 54811 14036 88209 46033 86927 96137 73727 72092 47729 81757 64687 31132 93004 71162 42428 81234 95342 63989 24137 26102 58959 47654 49592 31512 80208 74043 53495 56127 42618 38061 85921 116028 73931 92667 89919 49950 86418 76736 112158 59915 109198 64914 87604 56305 103176 50889 96136 31465 37705 63264 101181 21264 69143 45678 78627 33791 61677 89122 99552 16911 52220 74307 111698 22943 33525 75587 70289 49476 20687 35412 36562 84664 5587 83112 83884 47180 64684 96738 92087 83250 90836 88109 87916 28094 78283 89046 34584 37680 52008 102616 41121 50795 37439 40330 100248 75726 112806 48365 19761 108258 76111 99210 92246 110038 117320 69060 16904 18547 68080 54365 60291 82250 9072 103109 53781 89225 74384 48722 79768 55994 0 72573 63330 27454 17624 55889 27453 88322 105498 34762 100636 90255 107628 88953 56435 91840 42353 77553 106916 72766 111892 13860 42322 111771 21027 42353 53495 42618 49950 37680 13871 41121 89225 87916 44456 88197 78283 34584 27454 96738 93004 110095 33231 111771 68350
79377 96541 65591 118639 140369 159373 98419 121034 61120 96813 17844 131738 51149 33353 78964 11832 115022 17097 114063 89047 33037 114144 143470 87196 117010 94100 117477 18235 36601 97508 115748 133331 143533 125182 124278 124240 64850 104036 121085 88121 147285 140206 97951 75251 109586 163152 23019 73560 132365 66633 102826 90317 84681 64709 151296 92765 119370 19498 59944 104767 109212 107196 116388 89248 83050 29077 124613 13620 96225 139360 97126 36331 91436 137419 128275 93728 79384 119790 112597 92806 90605 13964 27550 114973 121879 43503 99989 136388 110313 103450 73622 125424 24098 14859 15622 132911 114154 133363 89349 110331 127206 150850 88759 112738 101726 77514 82203 144271 51733 95912 102699 6847 43261 103660 143894 124313 64952 103085 133150 98757 56302 52778 116064 6335 102902 57640 40604 36130 87324 66993 10540 112070 97096 23826 121432 130860 106836 117603 116775 136470 90911 15113 129746 69423 53748 25241 125829 108097 110784 41381 105866 126480 113208 126493 120567 88194 136297 136520 140899 119361 94154 136967 51947 69415 68384 122211 107552 12741 105989 76984 115951 125685 109324 69998 36082 140289 110507 72573 0 18491 91797 89367 123058 62902 97337 130310 75301 105434 118562 128007 20845 126330 106656 99876 94936 128299 106760 141925 65690 97226 133238 79377 99876 114973 43503 24098 53748 61120 108097 109324 136470 115748 121034 15113 69423 91797 121432 139360 114144 92765 133238 117477
65893 81670 58549 103680 122424 141268 80111 102713 50279 78409 4039 116124 45553 22449 66862 29916 96840 9105 95666 72788 27098 96369 124980 69354 98531 75708 117598 17265 18940 82685 103975 114847 125355 109503 105841 105782 56457 85865 103817 76776 128799 128265 79862 62047 91637 152486 18014 59372 113888 58987 98958 73540 69515 54507 140843 78328 101069 10672 49555 86302 94757 88705 97912 70759 64565 15642 106834 4958 82807 121684 78785 21972 73019 119433 113556 81805 64961 104497 98462 75895 76226 32379 14405 99951 107702 27113 85639 119161 93451 85170 57436 107179 14486 32216 13622 114475 97878 114879 71065 91845 114961 133172 90170 94309 89755 77247 63831 126292 42141 77619 87276 20535 30371 105049 127099 105822 52377 86696 117175 82592 43496 37515 98234 12402 86888 45270 28223 30246 69167 57990 26087 93664 80829 6092 102943 112733 88366 99140 98353 119037 77278 15376 111747 53309 54904 29312 107343 94688 95596 40797 92125 107993 95214 108258 111614 76191 117811 133706 122856 100898 78315 118574 62877 56520 55183 121064 91328 11845 111969 65883 97666 117099 90836 51844 19121 124501 108846 63330 18491 0 86346 78669 117400 48124 79023 111820 59302 87466 100124 109562 26253 113550 88236 84670 76446 109837 88654 123450 53794 81704 114789 65893 84670 99951 27113 14486 54904 50279 94688 90836 119037 103975 102713 15376 53309 86346 102943 121684 96369 78328 114789 117598
44312 55545 28025 66607 114313 132501 95279 109526 40665 97595 82762 80541 41099 64147 36864 100100 101760 79015 107687 130880 112975 136038 137028 116031 114717 95683 42280 102949 92409 55493 43693 131524 121778 76666 116572 127286 31268 94909 90504 31467 138337 62943 89930 43476 93655 78333 70147 49131 125544 28091 14533 128232 55116 133932 66628 51349 107787 76588 40266 113215 57561 111345 120057 99670 98651 71372 100164 86672 45222 108917 95528 67334 107463 112930 70966 35249 49917 69991 56973 71865 50489 96326 98553 64968 62762 69068 52845 100404 142800 97275 120112 110297 72041 104033 99039 135215 75435 131599 90082 111494 54242 117697 33333 120745 37700 26329 89405 117929 45354 93508 62151 98418 59107 39032 100813 122302 44337 70870 84731 138958 49979 60718 95499 90945 67302 47734 60120 56654 111491 30954 102095 106782 67221 88788 119660 111184 107235 113614 110591 103203 45521 100329 107665 61282 43061 67790 125566 49635 64038 51142 50870 122601 96657 137239 34249 35243 129708 48905 116675 114850 137410 140405 71692 43739 45524 40922 71417 80747 64104 32573 128053 37619 113546 101788 74303 88241 29223 27454 91797 86346 0 27810 31295 54833 114394 127923 60398 126768 112686 130966 110455 56671 116952 59278 103011 130069 95039 132594 41306 60857 134686 44312 59278 64968 69068 72041 43061 40665 49635 113546 103203 43693 109526 100329 61282 0 119660 108917 136038 51349 134686 42280
19311 27751 27432 41429 86940 105505 68438 81764 28499 71074 75892 56075 40962 56825 13458 99750 74023 73577 80157 108758 102867 110332 109230 92509 87287 69382 69607 95931 79015 27734 26854 103875 94231 51255 88856 99954 25697 67534 62991 3944 110527 51139 62858 20498 65933 73961 66349 26013 97785 25411 40799 105518 28383 118275 62223 23556 80038 70971 29487 86796 31478 84541 92933 74347 74298 63062 72476 80562 17724 81823 68845 56960 82414 85426 47890 8106 24556 44459 32062 44541 22802 97572 88058 39108 39761 55129 25412 73734 118351 70052 99855 82487 66079 103491 92259 107713 48195 103950 64089 84406 38686 91121 59147 93991 14115 48282 64546 90641 37634 66849 34529 95189 48353 66707 75354 94755 27082 43070 59756 116029 35629 44634 67690 86646 39544 33628 50450 53701 87493 23027 99876 79338 39468 79235 92167 83439 80223 86105 83018 76273 17744 93921 79969 38668 54039 69560 98062 24958 37377 55025 25047 94962 68883 110292 33999 7641 101933 70899 89210 87291 115159 112899 85531 23939 25732 66996 43791 76861 90724 12815 101478 39848 86668 80340 62274 64442 56221 17624 89367 78669 27810 0 47505 35467 89041 100287 36005 101372 85094 103564 104735 38871 90584 31557 77095 102610 67488 104784 25083 33047 107147 19311 31557 39108 55129 66079 54039 28499 24958 86668 76273 26854 81764 93921 38668 27810 92167 81823 110332 23556 107147 69607
66812 70661 58859 72290 122633 138490 114041 123665 69749 117101 113885 83078 72365 95063 60436 131156 116408 110239 123698 156232 143801 156840 149845 139983 131089 115691 37684 134137 122309 70157 44517 146291 130841 81538 131064 143888 61412 111949 100688 51314 150224 51292 108151 67621 108706 56167 101422 73304 139335 58565 22320 153022 75142 163283 46198 67966 122133 107790 69743 132752 66500 129951 137560 121359 121674 102221 111095 117878 59896 116205 114688 97735 129512 122029 72313 51383 72024 75920 63824 89791 68060 127176 129232 72275 65399 98505 66060 106609 165559 114837 146929 123123 103189 135093 130234 150879 85394 146371 110754 129252 49425 122739 50475 139367 48546 51615 111825 125695 75810 112760 75111 129698 89269 45846 103725 137918 71721 84825 87853 163529 78784 89181 108623 122238 80850 76536 90553 87910 134906 60476 133320 123246 83139 119579 135629 122295 125305 129608 126287 110142 62924 131555 118373 86005 72793 98837 141370 57781 73362 82169 60600 137618 110995 155112 23303 54574 143157 25067 125407 130539 162649 155967 98403 69849 71720 30050 83571 112038 72924 57798 147063 20769 131916 127659 104398 88740 27446 55889 123058 117400 31295 47505 0 81576 135936 142856 83506 148166 128216 147199 141732 53788 136564 73200 123680 146039 111242 144877 68957 76111 150144 66812 73200 72275 98505 103189 72793 69749 57781 131916 110142 44517 123665 131555 86005 31295 135629 116205 156840 67966 150144 37684
18517 33703 31599 55799 83160 102843 48550 68824 16482 49331 46386 68870 32192 30243 22041 74505 61348 45823 64017 76056 69311 83940 95595 61736 69670 46820 95598 64759 44397 34692 57518 87515 88199 62345 74388 80848 26537 51312 61072 32400 98262 81242 45035 15438 54028 106559 41709 11431 83575 29973 69362 73508 21785 82812 95338 30207 66972 43408 17972 63563 46654 63159 72820 48015 45485 33889 66914 51302 35049 80582 48085 26680 54982 80618 65558 35952 16843 56889 50340 32792 28102 74219 54743 52110 59578 21544 37517 75870 88948 52356 65560 71782 38974 77757 61488 89611 51891 87574 40793 64580 67798 91812 75747 71873 43457 61639 37495 87183 21028 46177 39823 67421 20095 87929 82181 77741 10562 41189 70453 84261 10114 10664 59141 58560 40436 11011 22875 33913 57620 25275 72736 62462 35115 47052 74781 75569 60241 69289 67097 76679 29436 63360 73365 9641 51989 50983 80444 46816 47886 43652 44104 78952 57757 88486 69369 30575 87901 103113 84416 70890 82591 94631 79342 11748 9881 95532 45299 50312 105910 23794 78276 75261 65532 46955 29513 77471 83417 27453 62902 48124 54833 35467 81576 0 62197 83944 13878 74322 69224 84815 74170 65949 66972 36974 52497 84364 52966 92387 13643 34404 89417 18517 36974 52110 21544 38974 51989 16482 46816 65532 76679 57518 68824 63360 9641 54833 74781 80582 83940 30207 89417 95598
70335 66602 93773 77219 59345 73433 24508 35907 78675 20492 80765 80154 92573 78331 77622 108066 35496 84197 28241 30815 79125 21787 48481 14450 25852 20969 156414 86465 60969 67355 98036 37735 57886 75063 34393 27972 88682 30150 55052 85109 52890 114313 30388 70924 37572 140808 87012 65317 39431 92065 128668 25691 60832 65863 132393 68363 35258 83250 80105 10726 75786 15664 21264 14739 17009 75719 49871 83980 76668 62680 23192 71103 7246 56197 85501 84561 64778 75078 80117 47092 68008 111300 72439 74493 85524 62575 71958 66418 30091 26836 35650 41305 81737 109534 85763 36079 62468 37747 25232 19643 102777 72244 137937 16251 88405 123833 25064 62078 81305 24698 64724 97619 72242 149833 77359 30467 72282 55880 77752 32739 70964 62266 43378 91039 59506 72591 74027 87653 10836 87186 102800 26537 54887 73516 28240 48220 19433 27575 29112 63802 73069 87558 49825 53808 111905 100447 30712 82750 70728 100576 79227 33208 38602 29340 117511 81602 42434 159903 58117 28962 34888 39770 134332 71423 69834 155198 59567 89057 167956 81839 18663 123217 16457 27538 65952 84796 143605 88322 97337 79023 114394 89041 135936 62197 0 35414 53998 12377 29681 31373 94625 98586 10399 65312 12692 31998 32880 48498 75295 61649 36589 70335 65312 74493 62575 81737 111905 78675 82750 16457 63802 98036 35907 87558 53808 114394 28240 62680 21787 68363 36589 156414
84793 73108 113368 73283 33474 41100 35409 19247 99530 35209 113006 69397 116128 106996 92223 141500 26506 115795 20425 62157 114364 34059 13252 49393 14298 37932 169886 120929 94759 73403 99740 3632 28081 66813 11819 8355 108320 33473 44311 96506 17496 109037 39292 87036 34451 133351 117035 82434 6242 111273 141019 57194 73281 100334 127423 76816 20725 114458 101282 25929 76667 23120 14286 41105 47277 105912 34347 116724 83982 39617 36005 100172 39623 31191 78240 93657 79449 70026 79957 56245 77487 144170 106824 72056 81674 91356 77081 47574 49243 31774 70460 21029 112134 143289 119897 8548 58362 3701 43749 20248 100393 45234 156357 19270 94577 143099 49410 34395 104875 37836 67819 131311 99083 166180 57816 6257 92178 58191 65378 59646 93924 87785 34414 124133 62118 94951 101367 114887 46234 106126 136653 21674 60878 106733 9254 25237 24251 14730 17412 43713 82567 121763 29013 74343 135930 129749 4703 85238 69996 126664 82279 5324 31882 18914 121273 92723 7298 167865 30968 13255 63853 13263 161944 89752 88647 166845 59315 120823 187729 97267 21255 126259 20996 62094 96439 70429 156468 105498 130310 111820 127923 100287 142856 83944 35414 0 71745 34739 15280 7541 129421 95600 25032 69997 35413 5850 32929 13303 94769 67610 7545 84793 69997 72056 91356 112134 135930 99530 85238 20996 43713 99740 19247 121763 74343 127923 9254 39617 34059 76816 7545 169886
16732 23471 41728 44823 69306 88995 36742 55714 27876 38255 58123 56826 45176 43515 23724 87055 48082 58234 51485 72855 77598 75674 82901 56522 57620 36028 102451 75105 51968 24536 52327 75359 74465 50202 61642 69399 36640 38523 47252 32203 85333 74479 32466 16926 40527 100766 54996 11386 70884 39707 74708 69529 11513 86335 90175 21497 53857 55955 29679 53447 36838 52251 61601 39282 38490 46267 53063 62989 28645 66711 36581 39027 47077 66789 54862 33332 11537 45342 41033 18915 19846 87199 63672 41068 49897 32202 28401 62159 82675 39971 64782 58374 51798 90133 72151 77953 38856 75423 30152 53128 61123 77961 85395 61400 39387 71735 29024 73328 34399 34579 28135 79316 33507 96431 68839 65641 20449 27850 57936 80024 23755 22616 45385 70522 27640 24182 36275 47782 51590 34586 84757 50085 21817 57242 62743 61898 48758 57016 54566 62867 23358 74096 59591 6004 64799 64785 68544 39212 36587 57317 35968 66613 44221 78081 67862 29118 75218 106683 70599 58536 79219 83069 92985 18194 16947 101236 32251 62957 116383 27843 68348 73803 54571 44889 40191 65209 89608 34762 75301 59302 60398 36005 83506 13878 53998 71745 0 66370 56715 73300 84681 58462 57085 25798 42849 72692 39858 79435 23033 22532 77649 16732 25798 41068 32202 51798 64799 27876 39212 54571 62867 52327 55714 74096 6004 60398 62743 66711 75674 21497 77649 102451
82707 78498 105920 87862 63943 75397 35493 41453 90777 31773 89582 89537 104241 88884 89998 115671 43144 93370 34818 27445 84182 9713 46552 18331 29993 32715 168772 93097 68833 79214 109693 35981 60898 84874 37788 26405 100845 40160 63750 97437 51243 125114 41542 83296 46896 151388 96943 77682 40096 104250 141044 22566 73116 66334 143345 80447 41320 92653 92167 17759 87139 22531 22844 27114 28868 85711 57122 92400 88724 68341 34412 81608 19407 60975 95674 96783 77145 85493 91380 58958 80165 119359 79372 85339 96295 73310 83772 73470 18984 36788 37382 46526 91562 116812 92844 32413 72787 35965 37412 25727 113940 76755 150065 17104 100441 135916 37407 66086 93047 36128 76209 105065 83409 162086 84480 31552 84499 67083 86731 25594 82878 73853 51828 99099 70833 84568 85040 98554 18674 99407 110029 33597 66556 81698 30311 53226 27434 32088 34641 70414 85260 94530 55595 66087 123382 110548 30404 94379 81778 111675 90888 34388 47181 22274 129470 93911 42029 172209 62206 32967 29322 34739 144815 83733 82127 167575 70470 98076 179894 94209 13717 135131 21977 35722 75960 93430 155977 100636 105434 87466 126768 101372 148166 74322 12377 34739 66370 0 34454 28623 100630 109627 14645 76999 24540 29819 42456 47947 87527 73426 33281 82707 76999 85339 73310 91562 123382 90777 94379 21977 70414 109693 41453 94530 66087 126768 30311 68341 9713 80447 33281 168772
69519 58087 98232 60036 29834 44190 21074 7121 84566 21834 100956 58168 101407 93497 76945 130013 12026 103371 5230 59961 105456 37907 26406 44040 4529 24587 154700 110590 84036 58427 85658 18907 28339 54650 5718 16049 93204 18264 32129 81295 29415 96669 24269 71799 19516 121837 103909 67267 14436 96117 125858 54799 58001 95302 115127 61676 7492 101858 86341 18964 62448 14111 12481 29981 36635 92968 23602 104942 68984 33892 21988 86886 31236 26753 66024 78573 64190 56998 65985 40966 62292 132259 96531 58425 68564 78103 62244 39397 52375 16869 65071 12077 99202 132060 109199 22727 44769 18978 29944 10099 87179 42743 141100 17614 79780 127885 36482 32417 90229 23608 53106 120106 85156 150902 50350 9724 77164 43397 54668 59905 79276 73695 20862 112520 47367 80205 87544 100905 39514 90969 125554 6825 45760 95386 7511 18862 12113 2380 2152 36131 67398 111123 21156 59589 121188 116263 13154 70865 55959 112335 67781 9996 17437 28390 106999 77513 18727 153167 28459 2367 63140 27880 147806 74623 73561 151774 44940 108437 172499 81994 24277 112136 13300 52996 83743 60678 141300 90255 118562 100124 112686 85094 128216 69224 29681 15280 56715 34454 0 19034 119471 82477 20464 55122 24574 17824 17658 23705 79701 52576 22086 69519 55122 58425 78103 99202 121188 84566 70865 13300 36131 85658 7121 111123 59589 112686 7511 33892 37907 61676 22086 154700
87256 76892 115027 78793 40943 48272 36559 24622 100785 35492 110996 75795 116854 106240 94754 138977 31021 114057 23546 56023 110441 26881 17932 44621 16280 38061 173123 117757 91968 77275 104676 7489 35612 72849 17479 3992 109931 36059 50236 99716 22620 115052 41267 89190 38501 139742 115881 84312 13782 113004 144363 51188 75951 94825 133486 80312 25785 112867 102478 23327 81475 21967 12166 39538 45180 104651 40660 114503 87795 46956 36808 99248 36606 38581 84280 97267 81787 75654 84977 59103 80804 141938 103695 77320 87275 90460 81179 54625 42002 33782 65323 27408 110830 140589 116946 4972 63630 7460 44069 20244 105953 52775 158504 15313 98720 145001 48810 41931 105519 38775 72100 128635 98814 168813 65034 9528 93576 62376 71928 52880 94623 87772 39602 121760 66355 95805 100973 114605 42145 107875 133889 24229 64477 104264 11571 32286 24603 17604 20915 50837 85960 118768 35902 75340 136637 128886 6046 89899 74957 126769 86808 10846 36450 11398 126033 95944 14158 172123 38480 16685 57287 9816 161717 91469 90244 170427 63973 119032 189660 99685 14907 131163 19603 58763 95027 77255 159778 107628 128007 109562 130966 103564 147199 84815 31373 7541 73300 28623 19034 0 125989 101209 21412 74045 33972 1707 36170 19683 96291 71380 5244 87256 74045 77320 90460 110830 136637 100785 89899 19603 50837 104676 24622 118768 75340 130966 11571 46956 26881 80312 5244 173123
92108 107493 83261 129380 144231 162358 100872 123054 76261 98497 28846 141402 69367 48025 93093 21578 118004 31674 115517 79994 17734 108379 142665 82422 117195 95960 138017 9606 35837 108523 130213 132085 146242 134762 125129 122493 81726 107233 127347 102945 146840 154516 101657 88289 113738 178637 40310 85498 132384 83973 122205 82342 95276 48875 166952 104319 121555 34220 75421 103492 120689 106760 115158 89491 82862 41704 129257 24267 109002 144245 99368 48225 89798 141128 139335 108038 91009 130021 124483 100224 102242 27825 23044 125635 133691 52813 111632 142651 101967 106009 65129 127910 39032 20170 12690 130700 122711 132105 92149 110317 141214 155651 109437 110750 115996 97858 84526 147956 67690 98523 112803 14296 56566 124365 151191 123797 78618 111499 142175 89197 69735 63513 120604 19653 112018 71480 54321 53834 83935 83496 14837 113461 105792 27440 121098 133957 107386 118145 117922 142150 103453 10877 133464 78682 74222 45752 124768 120868 121212 61275 118252 126241 117124 122648 137318 102424 135986 156365 144323 119870 84112 134207 71712 82773 81432 142496 116252 29760 126677 91987 112612 142696 108643 67339 44749 149621 130632 88953 20845 26253 110455 104735 141732 74170 94625 129421 84681 100630 119471 125989 0 139782 104691 110327 94980 126551 110251 141892 79979 107205 131212 92108 110327 125635 52813 39032 74222 76261 120868 108643 142150 130213 123054 10877 78682 110455 121098 144245 108379 104319 131212 138017
47687 35576 66270 22441 70674 85206 74204 76619 65438 78113 111335 29703 79730 93064 47380 137229 70513 109806 78897 125258 135094 116752 100274 107068 86200 77732 89139 130506 109760 34539 13106 98706 79089 29524 83943 98511 64460 69715 51356 38939 99885 16272 68223 51509 64086 43049 103510 54519 91058 64279 62915 120946 46950 144468 33822 36977 75428 107230 66813 92263 23301 88253 93723 85754 88683 98434 61648 116195 30901 63858 75420 91613 93707 70578 18954 32871 49406 25578 18781 52826 38750 135541 120645 24394 13937 87488 30201 54003 128448 73042 120517 74724 102410 140846 127100 104069 37771 98789 74651 86368 4868 69352 89757 96983 25055 82341 78933 73344 75130 73893 34469 131694 83553 92362 50062 91682 61488 42717 34528 130265 70306 76563 61644 122921 39211 68784 86036 91606 101308 61689 136687 79075 44596 112938 89946 72356 83208 84344 80888 57801 36522 128913 68293 63851 92387 108039 95167 19322 27867 93873 22494 90714 65225 110793 30526 38252 94389 77953 73610 84836 130978 108840 123724 57146 58392 82925 39162 113619 119263 49876 104755 33694 89708 100552 95401 34952 76405 56435 126330 113550 56671 38871 53788 65949 98586 95600 58462 109627 82477 101209 139782 0 95890 34899 85948 99795 67892 95016 60642 38855 103137 47687 34899 24394 87488 102410 92387 65438 19322 89708 57801 13106 76619 128913 63851 56671 89946 63858 116752 36977 103137 89139
72640 66156 98182 73872 50286 63439 22575 27232 83366 19525 89758 74996 98364 85913 80110 117581 28501 92944 20251 39553 89395 20883 38150 24652 16237 21272 159203 96382 70557 66783 96714 27447 48152 70463 24613 17806 93055 26175 49132 86644 42520 111147 28580 73816 32480 137243 95159 68454 29077 96323 130951 34397 62212 76007 129471 68598 26928 91842 84929 3812 73821 7924 10871 19366 24217 83880 42542 93183 76724 54230 21878 78795 15221 47216 81389 85337 67036 71364 77935 46784 68574 120599 82308 71514 82371 70085 71211 58958 33482 22855 45866 32477 90006 119178 95539 26270 58651 27462 26954 11140 100310 63189 142242 6099 88312 128347 29608 52752 87006 23821 63139 107226 79079 153515 69970 20106 76542 53725 72123 39608 76326 68485 37203 100396 57591 77752 81071 94751 21202 91300 112477 18964 53873 82888 17996 39318 12925 18181 20347 55999 73759 97366 41391 57944 117982 108374 20329 81419 68153 107327 77999 22875 32584 21660 117029 82989 32035 160987 48810 19348 42693 30375 141751 75107 73664 157406 56774 97885 172819 84675 11317 122568 7415 37391 74175 78790 146140 91840 106656 88236 116952 90584 136564 66972 10399 25032 57085 14645 20464 21412 104691 95890 0 64246 14475 21872 28191 38100 79448 60876 26656 72640 64246 71514 70085 90006 117982 83366 81419 7415 55999 96714 27232 97366 57944 116952 17996 54230 20883 68598 26656 159203
23103 4240 52436 19056 55600 74540 41731 51017 43914 45246 83199 31979 61649 67017 28269 111465 43493 82795 50517 90642 103339 84978 78123 72628 57895 44365 100460 100777 77685 3892 32724 73509 62725 25560 58310 70695 48365 38872 31571 28202 79197 51166 35683 27252 35614 77947 78381 26827 66964 50096 71537 86470 15208 110091 68337 9134 49381 80381 45757 60463 11749 57201 64418 51683 54067 70848 40919 88106 14172 50863 42648 63617 59818 53962 29068 24115 20954 19915 16260 18368 11017 111016 89469 15308 24442 57596 7140 43568 95402 41884 85620 51255 75916 114731 97736 77839 17565 73588 40524 56207 38470 60836 90403 66511 24677 78702 44191 59384 53121 40878 3347 104321 56868 98252 47386 64844 37285 11838 33956 96087 44631 47286 36440 95469 8054 43960 59620 68933 66946 45488 109672 50046 10443 82911 62483 51906 52396 56443 53154 45619 14514 99663 48412 31739 79288 86287 68269 17449 10934 75578 13915 64705 38156 81972 52813 24602 71001 98082 57774 57423 96500 82969 110011 32859 33153 96979 12311 87273 122067 33290 74286 58323 59043 65676 65654 40666 86970 42353 99876 84670 59278 31557 73200 36974 65312 69997 25798 76999 55122 74045 110327 34899 64246 0 52637 72921 38045 73519 38105 3955 77154 23103 0 15308 57596 75916 79288 43914 17449 59043 45619 32724 51017 99663 31739 59278 62483 50863 84978 9134 77154 100460
58738 54000 83738 64731 52120 68411 12204 29067 68896 8052 77594 68362 83955 72276 66147 106197 26268 80411 21145 41437 80891 33240 48536 23247 22265 8279 145199 86191 59740 54735 85361 38545 52330 63020 30178 30021 78613 18602 44023 73152 52382 101732 17849 59687 26414 128288 81942 54235 37579 81897 117139 36548 48747 72467 119764 55908 27886 79117 70455 11167 63102 12305 21880 5692 12126 70737 40325 81338 64184 54298 10721 65276 8670 48906 73218 72302 53140 62699 67442 34467 55646 108775 72102 61930 72974 56488 59320 56643 42768 15551 42644 34355 76935 108079 84928 38942 50181 38583 13007 15449 90112 64739 127828 19639 75903 113902 15203 55351 72592 12069 52033 96102 65035 139227 67356 29377 62101 43232 66255 44774 61877 54234 32874 88785 46830 63286 67122 80786 17613 76891 101494 19107 42206 71447 26504 41058 12461 23166 23183 54484 60759 86831 41785 43497 103613 94914 31025 70068 58105 93175 66550 31581 28161 36057 104954 69574 41403 147827 51452 24890 46298 43574 127873 60759 59285 143645 47009 85430 158353 70586 25783 110633 14536 28510 61167 73503 132229 77553 94936 76446 103011 77095 123680 52497 12692 35413 42849 24540 24574 33972 94980 85948 14475 52637 0 33959 21662 47142 65023 48995 39051 58738 52637 61930 56488 76935 103613 68896 70068 14536 54484 85361 29067 86831 43497 103011 26504 54298 33240 55908 39051 145199
86464 75822 114419 77391 39237 46709 35972 23180 100259 35090 111214 74235 116451 106165 93952 139323 29748 114211 22491 57254 111118 28414 16841 45470 15357 37702 172193 118253 92362 76188 103390 6162 33930 71351 15957 4072 109332 35171 48747 98775 21480 113566 40520 88465 37334 138191 115901 83643 12086 112380 143406 52380 75109 95901 131993 79303 24399 112987 101966 23537 80207 21809 12079 39574 45357 104691 39100 114771 86725 45257 36297 99208 36986 36878 82784 96243 81018 74230 83669 58206 79831 142216 104176 75964 85859 90409 80050 52961 43563 33003 66289 25822 110882 140978 117389 5262 62266 6146 43686 19800 104549 51077 157802 15800 97589 144349 48645 40231 105129 38241 70929 129015 98624 168009 63349 8174 93015 61217 70343 54293 94215 87519 38230 122067 65189 95365 100813 114426 42811 107245 134292 23288 63436 104587 10464 30616 24124 16533 19768 49163 84975 119222 34254 74854 136244 128844 4684 88662 73657 126507 85596 9260 35182 13105 124786 94999 12616 170983 36774 15502 58642 10404 161538 90839 89639 169425 62724 119201 189009 98909 16129 129889 19476 59263 95097 75627 158831 106916 128299 109837 130069 102610 146039 84364 31998 5850 72692 29819 17824 1707 126551 99795 21872 72921 33959 0 35153 18267 95705 70310 5119 86464 72921 75964 90409 110882 136244 100259 88662 19476 49163 103390 23180 119222 74854 130069 10464 45257 28414 79303 5119 172193
51937 40748 80984 45731 33984 52620 10329 15871 67706 14136 88929 47315 84956 79235 59333 118472 8509 90727 12672 62995 97941 48943 43186 44905 19917 15740 137089 100957 74415 41161 69603 36549 36814 42438 21997 32703 76006 3266 22374 63672 45481 82992 8811 54343 4756 109052 90145 50005 31231 78829 108273 58028 40377 93184 101349 44151 14016 88957 69524 24734 46422 20408 26454 24650 30705 79636 19648 93266 51647 34466 12055 73072 30330 30903 53232 61099 46668 43175 50320 23326 44694 120080 87238 43499 54258 64497 45184 35376 61440 6132 63866 19106 85807 120870 99068 40228 30465 36621 18161 18557 72397 45641 123553 29142 62702 110446 25857 37752 73967 12164 36341 109084 70250 133252 45885 27271 60227 26622 44878 65618 63080 58638 11451 100992 30608 63808 72794 85755 39263 73685 114620 12011 28310 84537 24694 24101 15347 18625 15553 33623 49827 101045 23223 43365 104641 101816 30579 54485 40377 96527 51230 27622 7078 43981 90556 59891 35547 136090 34225 19812 67601 45412 132183 57436 56477 134273 29010 95789 155013 64409 36946 95880 21817 47526 70979 51988 123707 72766 106760 88654 95039 67488 111242 52966 32880 32929 39858 42456 17658 36170 110251 67892 28191 38045 21662 35153 0 39582 62638 35242 39662 51937 38045 43499 64497 85807 104641 67706 54485 21817 33623 69603 15871 101045 43365 95039 24694 34466 48943 44151 39662 137089
90897 77082 120420 73355 26671 29016 44738 23779 107287 45474 124416 66879 124480 117197 98116 153275 31570 126947 28692 75389 127148 46510 5405 62614 24924 48235 173976 133240 106867 77201 100805 12203 19135 65539 18157 21554 115485 41076 44270 101172 5902 107143 47386 93600 39571 130080 127607 89485 9568 118233 145055 70453 79243 113633 125228 81263 25629 125477 109106 38604 78403 35136 27238 52786 59232 116644 33819 128307 87692 33700 45692 110589 52244 25469 76692 97615 85837 69855 81126 62322 82250 155692 119135 72793 81327 101804 80348 43055 61549 40286 83725 22297 122879 155207 132052 17536 59483 12237 53649 31694 99880 36257 162396 32494 97462 149592 60087 26121 113415 47284 70915 143232 108789 171362 51999 18171 99805 61770 62414 72553 102487 97287 37107 135823 65466 103300 111201 124508 59268 113101 148633 30493 65515 118553 20795 22729 35092 24375 25701 38985 87099 133947 26764 82752 144196 139960 17914 87150 71522 135757 84535 15651 36214 29979 122527 97418 6072 169941 23679 22620 76903 19260 171312 96946 96029 170295 61846 132006 193996 103285 34336 127139 33266 74695 107371 66257 160483 111892 141925 123450 132594 104784 144877 92387 48498 13303 79435 47947 23705 19683 141892 95016 38100 73519 47142 18267 39582 0 102191 71737 16316 90897 73519 72793 101804 122879 144196 107287 87150 33266 38985 100805 23779 133947 82752 132594 20795 33700 46510 81263 16316 173976
15102 34061 18779 55215 90110 109734 59738 78418 5821 61067 51197 69471 23804 32490 13282 76634 70682 49289 74473 89652 77799 97079 105793 75344 80652 58722 81969 71026 54263 34817 50319 98385 95979 63339 84545 92375 13659 61468 66777 22985 108094 74729 55480 10865 62886 98694 42900 12912 93794 16876 55818 87146 24840 94462 87078 29451 76565 46696 7694 75914 45102 75050 84515 60870 58791 38284 74074 55965 31014 86620 59514 31947 68130 87859 64147 28160 17865 57108 47896 40317 27326 75204 62986 51820 57069 30268 36041 80616 102495 62997 78850 80744 41841 80222 67413 100967 55105 98450 52743 76085 61588 97404 62806 84052 36159 48920 50339 94100 15250 57528 41383 71136 23423 74564 85395 88673 3085 45697 71904 97901 10553 20276 67061 62420 43795 8561 25688 31640 71141 11896 76068 73102 39951 54168 85776 83707 71715 80039 77550 82055 26127 69122 81041 21552 42637 48796 91574 42706 48233 37495 40810 89622 66486 100735 58815 22572 98125 89837 91725 81549 96192 106073 72372 5505 6162 81912 48867 52988 93499 12295 90761 64553 77394 60529 37217 78243 69779 13860 65690 53794 41306 25083 68957 13643 75295 94769 23033 87527 79701 96291 79979 60642 79448 38105 65023 95705 62638 102191 0 36804 100674 15102 38105 51820 30268 41841 42637 5821 42706 77394 82055 50319 78418 69122 21552 41306 85776 86620 97079 29451 100674 81969
22156 5512 52142 22373 55024 74260 38313 48834 42622 41722 80357 34518 60551 64606 28104 108878 41172 80130 47836 86731 99880 81531 76203 68751 55154 40739 102430 97633 74218 5956 36426 71160 61833 27957 56026 67945 47839 35838 31040 29465 77484 55121 32298 26089 33158 81903 76034 24874 64843 49810 73515 82582 12716 106220 72274 9586 47143 77755 44497 57079 15678 53969 61456 47892 50166 68157 39823 85251 16416 50697 39159 60908 56050 53192 32453 26064 19142 22818 20199 14591 10907 108607 86125 18624 28224 54595 10355 43990 91737 38747 81666 49440 73371 112085 94656 75300 18301 71237 36742 53145 42412 61051 91337 63336 27587 79269 40268 58893 51547 37346 5604 101521 54445 99685 48663 62296 35693 10129 36074 92244 42572 44494 34647 92685 7172 42073 57216 67043 63086 45028 106910 47249 7040 79769 59850 50580 49240 53787 50562 45723 15410 96594 47255 28525 78663 84395 65685 21225 14091 74273 17666 62296 35937 79005 56163 25738 68953 100884 57043 54843 92609 80456 109069 31410 31494 99236 12175 84691 123022 33266 71081 61750 55872 61725 62630 43074 88969 42322 97226 81704 60857 33047 76111 34404 61649 67610 22532 73426 52576 71380 107205 38855 60876 3955 48995 70310 35242 71737 36804 0 74656 22156 3955 18624 54595 73371 78663 42622 21225 55872 45723 36426 48834 96594 28525 60857 59850 50697 81531 9586 74656 102430
91237 80166 119368 80808 40079 45321 40966 26687 105269 40176 116206 76890 121523 111276 98709 144217 33736 119241 27000 60537 115617 30547 13543 49699 20120 42800 176750 122995 97211 80496 107177 4997 33910 74354 19269 9052 114288 39875 51855 103333 18267 116576 45377 93311 41543 140831 120990 88545 12993 117316 147925 55791 79823 99600 134956 83757 28093 118035 106984 28523 84066 26925 17175 44652 50370 109772 41875 119728 91060 46509 41336 104313 41847 38024 85779 100659 85820 77562 87406 62859 84349 147166 108935 79548 89209 95515 84262 54787 45414 37841 70266 28564 115959 145832 122189 1255 65849 4922 48775 24886 107926 51262 162660 20557 101783 149256 53764 40571 110208 43266 75055 133878 103743 172749 64839 12392 98003 65384 72833 56901 99288 92633 41860 126994 69334 100422 105932 119545 47340 112177 139133 27965 67846 109501 15062 32526 29190 21076 24135 50870 89468 124011 36385 79892 141319 133949 9161 92602 77427 131619 89604 12561 39152 13672 128674 99553 11734 175130 37398 19857 61481 5823 166657 95773 94594 173859 66661 124223 193914 103696 19628 133695 24587 64002 100167 77765 163363 111771 133238 114789 134686 107147 150144 89417 36589 7545 77649 33281 22086 5244 131212 103137 26656 77154 39051 5119 39662 16316 100674 74656 0 91237 77154 79548 95515 115959 141319 105269 92602 24587 50870 107177 26687 124011 79892 134686 15062 46509 30547 83757 0 176750
0 18999 30258 40204 76620 96074 51133 67236 20871 53314 63785 54379 38550 46037 7519 90637 59393 62552 64378 89451 87816 91860 94899 73254 71132 51373 86569 82819 62882 19729 39008 88423 82979 48238 73882 83481 25765 51376 52861 15582 96771 62775 46004 4286 51333 88051 57016 7357 83066 27954 58403 86211 11655 100439 76878 14349 65418 60015 22689 68906 30217 67135 76038 55597 55169 50944 60905 68672 16939 72658 51301 44002 63547 74572 49336 17784 5605 42020 33299 28659 12230 89595 73209 36761 42564 39920 21056 66146 99320 53475 80777 68894 55290 94106 79423 91678 40361 88493 45783 67470 49350 83167 71624 76500 25009 58699 45553 80557 30300 49277 26416 84425 36186 81559 70479 78936 14745 31638 56809 96736 23083 28977 54577 75592 29291 21914 38787 46501 68308 23020 89561 63280 26311 65280 76176 71109 63162 70209 67382 67823 11534 81245 68131 19553 56514 63769 82077 28842 33132 52495 26490 79513 54712 93059 52052 12831 87346 89967 78446 71566 95849 96859 86975 10182 11001 84918 34328 66638 103140 12475 83757 57999 69368 61127 47758 63150 73512 21027 79377 65893 44312 19311 66812 18517 70335 84793 16732 82707 69519 87256 92108 47687 72640 23103 58738 86464 51937 90897 15102 22156 91237 0 23103 36761 39920 55290 56514 20871 28842 69368 67823 39008 67236 81245 19553 44312 76176 72658 91860 14349 91237 86569
23103 4240 52436 19056 55600 74540 41731 51017 43914 45246 83199 31979 61649 67017 28269 111465 43493 82795 50517 90642 103339 84978 78123 72628 57895 44365 100460 100777 77685 3892 32724 73509 62725 25560 58310 70695 48365 38872 31571 28202 79197 51166 35683 27252 35614 77947 78381 26827 66964 50096 71537 86470 15208 110091 68337 9134 49381 80381 45757 60463 11749 57201 64418 51683 54067 70848 40919 88106 14172 50863 42648 63617 59818 53962 29068 24115 20954 19915 16260 18368 11017 111016 89469 15308 24442 57596 7140 43568 95402 41884 85620 51255 75916 114731 97736 77839 17565 73588 40524 56207 38470 60836 90403 66511 24677 78702 44191 59384 53121 40878 3347 104321 56868 98252 47386 64844 37285 11838 33956 96087 44631 47286 36440 95469 8054 43960 59620 68933 66946 45488 109672 50046 10443 82911 62483 51906 52396 56443 53154 45619 14514 99663 48412 31739 79288 86287 68269 17449 10934 75578 13915 64705 38156 81972 52813 24602 71001 98082 57774 57423 96500 82969 110011 32859 33153 96979 12311 87273 122067 33290 74286 58323 59043 65676 65654 40666 86970 42353 99876 84670 59278 31557 73200 36974 65312 69997 25798 76999 55122 74045 110327 34899 64246 0 52637 72921 38045 73519 38105 3955 77154 23103 0 15308 57596 75916 79288 43914 17449 59043 45619 32724 51017 99663 31739 59278 62483 50863 84978 9134 77154 100460
36761 18435 63914 3755 50663 67862 50019 52877 57514 54001 98431 17755 74677 81942 40334 126502 46408 97915 54657 101999 118504 92367 77873 83653 62012 53799 103698 116085 92842 17484 28012 75300 58715 12205 60281 74472 60447 45340 28523 36789 78032 39823 44109 41044 39743 66372 93219 41554 67903 61608 75266 97515 30441 124107 58007 22516 51569 95476 59274 67903 7633 63860 69432 62143 65627 85998 38978 103341 22376 44616 51301 78787 69917 49851 13829 31006 35672 5464 8518 30274 24690 125877 104722 0 11051 72893 15838 35604 104215 48676 98450 51522 90949 129817 113041 80422 13703 75382 51199 61989 28924 52777 97736 72602 27295 87377 56228 53961 67053 49863 13072 119520 71828 103691 36249 67804 51434 18978 20836 106524 59279 62520 37738 110662 16049 58409 74557 83228 77841 57499 124846 54761 22277 98219 65927 50111 58815 60209 56758 38685 25994 114966 46147 47029 91145 100522 71301 15495 4581 88876 14184 67024 41050 86621 49734 33949 71496 97297 53332 60791 107516 85318 122385 46895 47456 98980 14926 102325 129007 44792 80383 54415 65315 78822 80954 26509 90289 53495 114973 99951 64968 39108 72275 52110 74493 72056 41068 85339 58425 77320 125635 24394 71514 15308 61930 75964 43499 72793 51820 18624 79548 36761 15308 0 72893 90949 91145 57514 15495 65315 38685 28012 52877 114966 47029 64968 65927 44616 92367 22516 79548 103698
39920 54687 41690 76629 97514 116816 57187 79549 28758 56382 26002 89015 33850 15828 42235 55329 72946 26683 73226 67158 48019 82935 104085 57135 77323 53620 106350 43326 24005 55714 78777 94686 101254 82397 83721 86501 37830 62035 77620 52590 107455 102694 55737 36447 66884 127751 25812 32971 92405 41140 83101 65966 42484 64904 116380 51537 77791 24674 28875 67382 67879 68617 78341 50975 45973 15158 81541 30828 56590 96131 56135 8816 55604 94657 86550 56873 38301 77395 71707 49303 49479 56112 33322 72893 80894 0 58846 92904 84210 61961 53858 83514 21310 58229 40173 95429 70895 94732 48174 71118 89268 107605 82317 75840 64607 68100 41947 101471 24573 54631 60171 47177 11286 96202 100425 85136 28049 59750 90115 76480 19869 10943 73102 38438 59818 22075 12102 25274 54791 38222 52655 71349 53826 25540 82151 88485 67149 77530 76142 93061 50980 42085 87043 26219 51204 38436 87214 68357 68512 38571 65611 86939 70584 91480 89036 51332 96571 117945 98249 79267 73578 100039 71773 31503 29889 107926 64321 31649 109513 42486 80763 94802 70934 39415 8067 97411 95510 42618 43503 27113 69068 55129 98505 21544 62575 91356 32202 73310 78103 90460 52813 87488 70085 57596 56488 90409 64497 101804 30268 54595 95515 39920 57596 72893 0 21310 51204 28758 68357 70934 93061 78777 79549 42085 26219 69068 82151 96131 82935 51537 95515 106350
55290 72514 44424 94600 118733 138087 78385 100818 37601 77407 10734 107842 31111 9352 55119 35555 94254 7497 94389 80737 41561 100938 125003 74201 98245 74645 103272 30963 27673 73471 92105 115391 122558 101318 104851 106912 42700 83336 98379 64560 128480 116544 77045 51183 88162 140038 5483 49481 113430 45019 84509 80659 60752 67562 128269 68685 99068 4891 36611 87563 85123 89191 98806 71309 65796 6235 102696 14801 72161 117176 77284 12950 75088 115901 104199 69984 55320 95819 88499 69875 66522 35403 28135 90949 97781 21310 75898 113568 100081 83209 65882 104819 0 38893 27078 115800 90600 115433 69334 91890 103429 128625 76151 95918 77987 62987 62838 122702 28703 75831 78795 29297 19166 90958 120622 105952 40945 79648 109391 90489 32230 29184 94311 20601 79240 33635 16507 15762 72893 44472 34301 92486 73607 18312 102985 109786 88032 98544 97272 113915 66824 28491 108305 46061 41212 19203 107885 84045 86800 27001 81780 107853 91870 111011 98309 64409 117552 119228 119514 100291 86728 120258 53933 45372 44304 106616 83989 11384 99217 53469 100278 103667 91464 56120 15831 116443 94379 49950 24098 14486 72041 66079 103189 38974 81737 112134 51798 91562 99202 110830 39032 102410 90006 75916 76935 110882 85807 122879 41841 73371 115959 55290 75916 90949 21310 0 41212 37601 84045 91464 113915 92105 100818 28491 46061 72041 102985 117176 100938 68685 115959 103272
56514 75065 27241 94055 132719 152315 100528 120506 37142 101158 50868 108801 19804 37800 51132 59801 112878 45960 115972 118189 81575 133091 147528 108072 121651 98577 63796 68697 68108 75624 79621 139497 138608 103254 126290 132656 30928 103169 109233 55144 150087 102463 96954 52742 105244 120757 36899 55541 135503 29537 51076 117154 67327 108772 108887 70190 118649 44242 35270 114779 83709 114819 124563 98659 94902 44062 116709 53200 68802 129071 100023 44437 104695 130491 101547 61443 60315 96607 85282 82872 68275 55141 69141 91145 93575 51204 75578 122648 135322 104325 104311 123115 41212 63696 64882 141477 96772 139556 92570 116444 91419 139675 35464 123219 68141 23822 88410 136702 31118 98136 82634 60593 40271 50418 126507 129721 44661 88042 111929 127616 42034 49648 109650 54862 85805 40988 39103 27084 105256 33829 63138 114440 82448 59469 126757 126290 112129 121277 119055 124326 65468 65626 123670 61607 0 28516 132391 78590 88310 14212 77974 130940 108898 139638 76422 57414 139834 83316 134359 122875 124537 146449 31499 48120 48684 68503 90838 45512 58710 46394 129160 80394 117200 90574 51766 117448 56978 37680 53748 54904 43061 54039 72793 51989 111905 135930 64799 123382 121188 136637 74222 92387 117982 79288 103613 136244 104641 144196 42637 78663 141319 56514 79288 91145 51204 41212 0 37142 78590 117200 124326 79621 120506 65626 61607 43061 126757 129071 133091 70190 141319 63796
20871 39856 15213 60871 95733 115380 64303 83540 0 65392 47416 75197 18039 28327 18185 71824 75854 45097 79336 91294 75195 100407 110777 77776 85338 62959 79992 67542 52609 40599 54628 103133 101494 69100 89518 96842 10283 66396 72496 27009 113187 79087 60300 16664 68148 102458 38161 18486 98760 13795 54975 89073 30589 93610 90720 35214 81683 42491 1900 79914 50699 79318 88894 64484 61921 34642 79651 52066 36394 92333 63977 28872 71455 93443 69681 32656 23643 62828 53360 45730 33101 70135 60405 57514 62472 28758 41704 86408 105115 67773 79779 86020 37601 75480 63832 105519 60923 103196 56942 80545 66121 103158 59289 88166 40638 45158 53956 99731 9776 62020 47197 66792 20195 71688 91216 93387 7522 51459 77680 99840 9323 20090 72511 58190 49603 7096 22079 26308 73867 9744 71582 77900 45674 51213 90463 89149 76182 84810 82419 87814 31694 65468 86555 25516 37142 43284 96214 47926 53985 31675 46195 94434 71784 104816 61448 27188 103093 89550 97304 86354 97843 110590 66601 11259 11580 80566 54675 48509 89463 15884 94679 67036 81680 62183 34919 83969 68266 13871 61120 50279 40665 28499 69749 16482 78675 99530 27876 90777 84566 100785 76261 65438 83366 43914 68896 100259 67706 107287 5821 42622 105269 20871 43914 57514 28758 37601 37142 0 47926 81680 87814 54628 83540 65468 25516 40665 90463 92333 100407 35214 105269 79992
28842 16960 51496 16985 65970 83355 59005 66004 47926 62608 92624 31302 63708 74746 29771 119233 58923 91354 66587 107834 115822 102225 92081 89939 74017 61792 88262 111521 90450 16004 15317 88629 73899 27038 73425 86753 48736 55669 43115 23447 92562 35270 52940 32868 51475 61707 85518 35406 81577 49288 59775 103748 27718 125405 51521 17717 64522 88804 49479 77659 8755 74196 80932 69111 71316 79784 53440 97514 11904 60056 59985 72834 77258 65006 22985 17166 30145 20361 7354 35797 19438 117910 101421 15495 15007 68357 11379 51099 112837 58810 102170 65343 84045 122762 108178 93384 27719 88710 57957 72937 21972 68244 82619 83390 11953 72775 61362 69348 57702 58252 18286 113239 64997 88237 51214 80500 43161 27888 35243 113462 51817 57466 50897 104416 23927 50467 67565 74229 84294 45817 118341 66345 27863 93864 78347 64666 69297 72405 69016 54156 17416 110018 60806 44539 78590 91132 83980 0 15657 78024 3569 80046 53489 98429 36142 21487 85379 82846 68570 73215 113769 98421 110070 38682 39762 83714 25946 95357 113731 33238 91196 41396 75940 82122 76321 39529 74833 41121 108097 94688 49635 24958 57781 46816 82750 85238 39212 94379 70865 89899 120868 19322 81419 17449 70068 88662 54485 87150 42706 21225 92602 28842 17449 15495 68357 84045 78590 47926 0 75940 54156 15317 66004 110018 44539 49635 78347 60056 102225 17717 92602 88262
69368 61274 96171 67504 43111 57026 18269 19884 81680 16329 92063 67981 97442 86689 76884 120503 21220 94932 12850 46687 93927 27285 34212 30887 9406 18724 155823 100051 73796 61823 91163 24037 41429 63638 17957 15617 91053 20275 41993 82750 38235 104732 23859 70925 25800 130636 96455 65797 23823 94213 127316 41525 58472 82267 123118 64080 19525 93651 83331 5749 68076 2381 7437 20202 26281 85262 35152 95745 72027 46878 18088 79736 19025 40005 74696 80992 63799 64860 72061 42289 64251 123194 85942 65315 76046 70934 66113 51548 40643 17160 52033 25186 91464 122301 98954 24549 52182 24073 24749 3751 94213 56023 139965 7468 83449 126271 29207 45714 86089 20113 57673 110322 79210 150757 62560 15160 74597 48075 64987 47014 75232 68189 30066 103141 52016 76484 81372 95002 26662 89118 115672 11652 48832 85737 12480 32066 6649 11131 12995 48585 69457 100830 34023 56169 117200 109370 16519 75940 62158 107187 72594 17622 25544 23696 111833 79032 27344 156546 41758 12507 50027 29343 142115 72758 71436 153653 50775 99944 170889 81643 15258 117269 0 41435 75703 71556 142624 89225 109324 90836 113546 86668 131916 65532 16457 20996 54571 21977 13300 19603 108643 89708 7415 59043 14536 19476 21817 33266 77394 55872 24587 69368 59043 65315 70934 91464 117200 81680 75940 0 48585 91163 19884 100830 56169 113546 12480 46878 27285 64080 24587 155823
67823 49834 97852 37994 12962 29298 43944 29029 87814 47588 118722 28498 105850 106135 73744 148300 28412 119743 35813 94616 130822 73921 44390 77264 40659 49357 142381 132675 106510 49479 65644 45917 21415 28639 34213 49576 93555 36888 15616 73311 43101 68644 41275 71606 29292 91097 117548 69447 37877 95517 113924 89490 57225 126709 86494 54702 29097 117680 89711 53668 45755 48543 48489 58136 64319 108024 14160 123350 58582 6077 45666 100967 62940 13520 38926 68295 64191 34361 47139 44142 56410 149143 119340 38685 44853 93061 50921 4072 88505 39302 97113 24321 113915 151036 130447 52030 28182 45997 51278 44888 62639 15354 135417 53743 65778 124170 58914 15587 96147 45729 42338 139565 96281 142127 14315 42252 80547 36359 23810 95592 86179 85007 22253 131092 38555 86161 99026 110567 71916 90751 145114 37340 42184 115566 41925 18555 44369 38509 35776 0 60097 132440 15191 68165 124326 127648 45238 54156 39165 119172 52432 40160 26608 62042 87062 69908 40041 134954 15980 37935 98439 55913 154414 76563 76339 137548 33576 124685 166948 78844 60172 91073 48585 81142 100404 27286 128974 87916 136470 119037 103203 76273 110142 76679 63802 43713 62867 70414 36131 50837 142150 57801 55999 45619 54484 49163 33623 38985 82055 45723 50870 67823 45619 38685 93061 113915 124326 87814 54156 48585 0 65644 29029 132440 68165 103203 41925 6077 73921 54702 50870 142381
39008 31797 53941 27785 78118 94194 74319 80498 54628 77923 101492 39197 67787 82766 37123 126353 73655 99577 81531 122706 126766 117533 105880 104958 88958 77088 77934 121132 101887 30928 0 103056 86342 37088 87927 101632 52538 70888 56535 27637 106028 24459 68254 42331 66417 49044 92773 46265 95787 52051 50762 118719 41179 138577 37989 31438 79094 96977 55836 92960 23235 89450 96014 84302 86293 88566 66990 106279 23685 71700 75302 82018 92472 77551 28688 22178 41912 31410 19798 51017 32691 124335 112099 28012 21128 78777 26254 62156 128126 74059 116457 79432 92105 130051 117593 108004 41506 103138 73162 88109 11890 78556 76897 98602 14228 69246 76291 81184 64117 73566 33575 121373 73663 80132 59990 95216 51599 43088 43853 128548 60480 67861 65327 112703 39160 58750 75997 80401 99360 49880 126206 81377 43158 103880 93163 78117 84528 87284 83867 65644 29055 119341 74141 57091 79621 96411 98709 15317 29750 81756 18812 94619 68227 113461 21723 27790 99445 69436 80901 88020 128720 112978 110860 47540 49006 72356 40767 103126 106774 38775 106413 26519 91163 96395 86467 45864 64865 44456 115748 103975 43693 26854 44517 57518 98036 99740 52327 109693 85658 104676 130213 13106 96714 32724 85361 103390 69603 100805 50319 36426 107177 39008 32724 28012 78777 92105 79621 54628 15317 91163 65644 0 80498 119341 57091 43693 93163 71700 117533 31438 107177 77934
67236 54293 96649 54225 23479 39472 22615 0 83540 24563 103284 51490 100827 94594 74519 132626 7844 105397 7966 66509 109626 45021 27671 50054 11647 27153 151261 113991 87358 54524 80498 22629 23336 48278 7429 22216 91708 17699 25662 78059 29680 90450 24087 69860 15946 115328 105323 65707 16021 94467 122350 61348 55593 100987 108893 58213 1857 103747 85366 25324 57421 20256 19580 34026 40720 94606 16615 107447 65103 26999 23933 88238 36577 20308 59700 74890 62114 51050 60721 38604 59043 134567 100027 52877 62682 79549 58050 32277 59486 17634 70830 5418 100818 134838 112394 27546 39174 22710 31696 16342 81378 36353 138819 24718 75490 125902 38913 26432 89833 25132 48720 122941 85822 148092 43232 15114 76049 39180 47851 66807 78937 74237 15174 115110 43061 79679 88319 101421 45212 89332 128438 9970 42305 98240 13771 12326 17032 9492 6890 29029 64022 114345 14166 59212 120506 117273 18576 66004 50751 112348 63072 14147 12897 34817 102026 74283 20201 148692 22492 9105 69908 32481 147983 73167 72256 147984 40099 110471 170374 79663 31360 107017 19884 57516 85657 53704 137803 88197 121034 102713 109526 81764 123665 68824 35907 19247 55714 41453 7121 24622 123054 76619 27232 51017 29067 23180 15871 23779 78418 48834 26687 67236 51017 52877 79549 100818 120506 83540 66004 19884 29029 80498 0 114345 59212 109526 13771 26999 45021 58213 26687 151261
81245 96769 72887 118706 135013 153437 91940 114345 65468 89800 18076 130887 59244 37311 82223 21808 108977 21317 106969 76014 17938 102777 135012 76200 109095 87192 129292 3223 27096 97794 119341 124574 137375 124251 116820 115150 71165 98102 117465 92095 139060 143640 92355 77416 104357 167797 30306 74665 124394 73509 112405 77762 84569 49643 156127 93535 112788 23781 64664 95886 109929 98847 107584 81238 74720 30865 119787 13700 98146 134744 90495 37347 82260 131948 128634 97167 80202 119411 113691 90019 91449 26827 15171 114966 122912 42085 100849 132801 97691 97067 60711 119067 28491 22369 1993 123573 112349 124599 83066 102263 130337 146194 101062 103461 105123 88948 75544 138797 57024 89531 102186 11260 45704 116021 141122 115979 67744 101139 131763 85566 58862 52713 111138 11063 101542 60616 43484 43687 77092 72860 15594 104926 95370 17010 113203 124942 99117 109921 109486 132440 92604 0 124263 68092 65626 37600 117162 110018 110566 52157 107422 118328 107820 116198 126638 91553 128129 146824 135233 111664 80747 127320 66937 71896 70557 133398 105853 20228 120092 81158 105901 132056 100830 60031 34018 139167 121382 78283 15113 15376 100329 93921 131555 63360 87558 121763 74096 94530 111123 118768 10877 128913 97366 99663 86831 119222 101045 133947 69122 96594 124011 81245 99663 114966 42085 28491 65626 65468 110018 100830 132440 119341 114345 0 68092 100329 113203 134744 102777 93535 124011 129292
19553 29253 40241 50783 74061 93706 38973 59212 25516 39898 52171 62825 41819 37988 25588 81197 51773 52380 54380 70294 71777 75594 85956 54780 60083 37447 102883 69108 46188 30313 57091 77922 78863 56199 64747 71385 35116 41676 52560 35065 88625 79739 35395 18413 44553 105831 49435 12702 73935 38412 75758 67288 17093 81510 95055 26909 57361 50134 27163 54448 42624 53805 63403 39324 37514 40433 57823 57026 33536 71794 38558 33216 46680 71443 60806 37088 15299 51340 46744 24026 25102 81459 57759 47029 55699 26219 33998 67620 81553 42722 61234 62243 46061 84240 66148 80109 44743 77982 31427 55096 66325 83132 84350 62664 43709 70405 28801 78080 30667 36628 34126 73362 28131 96028 74573 68151 18606 33664 63899 77936 19736 16911 49869 64582 33600 20619 30866 42922 50217 33444 78815 52834 27676 51244 65199 66180 50744 59673 57461 68165 28043 68092 64096 0 61607 59671 70888 44539 42564 53180 41401 69334 48294 79326 71549 32371 78261 108584 75209 61267 76753 85153 88858 17695 16046 102201 38149 57147 114892 28906 69261 77499 56169 41680 34194 71194 90324 34584 69423 53309 61282 38668 86005 9641 53808 74343 6004 66087 59589 75340 78682 63851 57944 31739 43497 74854 43365 82752 21552 28525 79892 19553 31739 47029 26219 46061 61607 25516 44539 56169 68165 57091 59212 68092 0 61282 65199 71794 75594 26909 79892 102883
44312 55545 28025 66607 114313 132501 95279 109526 40665 97595 82762 80541 41099 64147 36864 100100 101760 79015 107687 130880 112975 136038 137028 116031 114717 95683 42280 102949 92409 55493 43693 131524 121778 76666 116572 127286 31268 94909 90504 31467 138337 62943 89930 43476 93655 78333 70147 49131 125544 28091 14533 128232 55116 133932 66628 51349 107787 76588 40266 113215 57561 111345 120057 99670 98651 71372 100164 86672 45222 108917 95528 67334 107463 112930 70966 35249 49917 69991 56973 71865 50489 96326 98553 64968 62762 69068 52845 100404 142800 97275 120112 110297 72041 104033 99039 135215 75435 131599 90082 111494 54242 117697 33333 120745 37700 26329 89405 117929 45354 93508 62151 98418 59107 39032 100813 122302 44337 70870 84731 138958 49979 60718 95499 90945 67302 47734 60120 56654 111491 30954 102095 106782 67221 88788 119660 111184 107235 113614 110591 103203 45521 100329 107665 61282 43061 67790 125566 49635 64038 51142 50870 122601 96657 137239 34249 35243 129708 48905 116675 114850 137410 140405 71692 43739 45524 40922 71417 80747 64104 32573 128053 37619 113546 101788 74303 88241 29223 27454 91797 86346 0 27810 31295 54833 114394 127923 60398 126768 112686 130966 110455 56671 116952 59278 103011 130069 95039 132594 41306 60857 134686 44312 59278 64968 69068 72041 43061 40665 49635 113546 103203 43693 109526 100329 61282 0 119660 108917 136038 51349 134686 42280
76176 65362 104430 67508 33906 45534 26231 13771 90463 25955 104041 65259 106953 97770 83647 132700 19537 106746 12028 57062 106401 32201 22073 42624 5125 28680 161759 112466 86140 65732 93163 12753 30612 61944 7798 8566 99363 24813 39355 88339 25886 104042 30369 78275 26930 129064 107858 73555 11352 102359 132960 51953 64763 94002 122497 68842 14642 105372 92200 17943 69948 14358 7511 32186 38524 96759 30330 107829 76265 38929 26777 90967 31492 31076 73346 85780 70765 64441 73496 47812 69382 135257 98359 65927 76026 82151 69615 45446 47130 22828 63845 17645 102985 134565 111317 15556 52263 12810 34496 11128 94659 46584 147625 13300 87156 134261 40206 35832 95684 28629 60529 122586 89829 157687 56239 2997 83146 50805 61614 55885 84737 78532 28306 115288 54784 85791 92117 105633 38833 97216 127963 12903 52972 97946 0 23704 15013 6070 9345 41925 74520 113203 26734 65199 126757 120528 5910 78347 63469 117420 75245 5145 24947 21068 114485 84561 14926 160557 31993 5146 59574 20746 152690 80820 79673 158964 52434 111785 178913 88637 18423 119636 12480 53915 87324 67371 148389 96738 121432 102943 119660 92167 135629 74781 28240 9254 62743 30311 7511 11571 121098 89946 17996 62483 26504 10464 24694 20795 85776 59850 15062 76176 62483 65927 82151 102985 126757 90463 78347 12480 41925 93163 13771 113203 65199 119660 0 38929 32201 68842 15062 161759
72658 55041 102818 44020 7145 23699 44599 26999 92333 47946 121550 34470 110366 109639 78795 151173 28044 122793 34440 93417 132350 71127 39091 76544 38353 49965 148310 134843 108470 54746 71700 41517 15529 34714 31132 46079 98423 37674 19845 78777 37508 74505 42710 76331 30578 96570 120984 73882 33568 100490 119797 88262 61790 126762 92246 59871 27446 120801 94233 52239 51584 47128 45894 58400 64807 111198 14995 126101 64105 0 46284 104231 62510 8493 44964 73896 68793 40384 53095 47824 61502 152239 121314 44616 50930 96131 56423 9913 85970 39688 96871 21816 117176 153806 132755 47706 33633 41593 52547 43291 68691 11491 140965 51386 71603 129542 60247 9510 100430 46612 47631 142216 99915 147883 18417 38874 84982 41037 29737 93782 90259 88507 23643 133853 43532 90354 102635 114493 71404 95655 147769 36174 46669 117983 38929 15238 43362 36254 33888 6077 65375 134744 12870 71794 129071 131441 41624 60056 44916 123488 58243 36554 27404 58300 93135 75315 35303 141026 10206 35435 96905 51303 158885 81115 80796 143541 38659 127778 172541 83938 57345 97150 46878 81767 103282 32704 134888 93004 139360 121684 108917 81823 116205 80582 62680 39617 66711 68341 33892 46956 144245 63858 54230 50863 54298 45257 34466 33700 86620 50697 46509 72658 50863 44616 96131 117176 129071 92333 60056 46878 6077 71700 26999 134744 71794 108917 38929 0 71127 59871 46509 148310
91860 86733 115530 94672 65986 75119 43247 45021 100407 39851 98622 95151 113953 98458 99211 124140 48175 102530 39508 31465 91543 0 44075 27020 33399 41150 178123 101191 77592 87398 117533 34315 61781 90913 39998 25974 110445 47042 69069 106390 48788 131935 49302 92595 53067 157912 106344 87025 40063 113837 150252 27369 81987 71227 150288 88944 45273 101893 101813 24589 94691 28535 25450 36403 38535 95146 61415 101279 97158 71127 42376 91179 28962 63234 101980 105486 86275 92095 98816 67243 88780 128022 87677 92367 103190 82935 91883 77282 15196 43733 43887 49613 100938 125126 101148 29452 79397 34278 46244 30877 121186 78468 159687 20570 108820 145557 46831 67614 102755 44225 83960 113490 93095 171619 88198 32566 94063 74592 92009 26499 92563 83566 57191 107812 78443 94239 94705 108194 28181 108968 118340 38698 74566 90519 32201 55894 33597 35555 38614 73921 93922 102777 58778 75594 133091 119986 30460 102225 89034 121345 98785 35199 52770 17396 137689 102814 41026 181056 63894 35996 31337 30380 154340 93199 91617 176775 77653 107170 189581 103513 13783 143275 27285 44900 85415 98349 165259 110095 114144 96369 136038 110332 156840 83940 21787 34059 75674 9713 37907 26881 108379 116752 20883 84978 33240 28414 48943 46510 97079 81531 30547 91860 84978 92367 82935 100938 133091 100407 102225 27285 73921 117533 45021 102777 75594 136038 32201 71127 0 88944 30547 178123
14349 4894 43303 26052 64426 83517 46088 58213 35214 49147 76562 40049 52757 59584 19136 104204 50486 75770 56815 91525 98497 88944 85679 74047 64038 47812 93086 94860 73002 5451 31438 80391 71352 33888 65330 76781 39262 44429 40394 19910 87026 52987 40244 18606 42410 79352 70788 19205 74234 40963 64204 87683 10003 107725 68938 0 56493 73290 37021 64786 16470 62062 70013 54059 55372 63935 49378 81477 8330 59871 46722 56794 62277 62669 35514 16977 13411 27706 20170 21836 2178 103440 84250 22516 29378 51537 7314 52697 98305 47138 85020 58971 68685 107579 91650 84358 26697 80467 43137 61572 39656 69946 81773 71503 20073 69813 45334 68257 44629 44799 12474 97514 49524 90122 56382 71370 28933 19710 42468 97730 36805 40825 44198 88652 16490 35897 52223 60724 68580 36375 102770 56095 15942 77067 68842 60165 57514 62772 59623 54702 5837 93535 56824 26909 70190 78035 74716 17717 18785 66796 14497 71494 45328 87503 49261 16165 78377 92475 66509 63904 97638 89533 101001 24407 24940 90123 21217 80069 113457 24164 79153 55055 64080 64957 59584 48817 79655 33231 92765 78328 51349 23556 67966 30207 68363 76816 21497 80447 61676 80312 104319 36977 68598 9134 55908 79303 44151 81263 29451 9586 83757 14349 9134 22516 51537 68685 70190 35214 17717 64080 54702 31438 58213 93535 26909 51349 68842 59871 88944 0 83757 93086
91237 80166 119368 80808 40079 45321 40966 26687 105269 40176 116206 76890 121523 111276 98709 144217 33736 119241 27000 60537 115617 30547 13543 49699 20120 42800 176750 122995 97211 80496 107177 4997 33910 74354 19269 9052 114288 39875 51855 103333 18267 116576 45377 93311 41543 140831 120990 88545 12993 117316 147925 55791 79823 99600 134956 83757 28093 118035 106984 28523 84066 26925 17175 44652 50370 109772 41875 119728 91060 46509 41336 104313 41847 38024 85779 100659 85820 77562 87406 62859 84349 147166 108935 79548 89209 95515 84262 54787 45414 37841 70266 28564 115959 145832 122189 1255 65849 4922 48775 24886 107926 51262 162660 20557 101783 149256 53764 40571 110208 43266 75055 133878 103743 172749 64839 12392 98003 65384 72833 56901 99288 92633 41860 126994 69334 100422 105932 119545 47340 112177 139133 27965 67846 109501 15062 32526 29190 21076 24135 50870 89468 124011 36385 79892 141319 133949 9161 92602 77427 131619 89604 12561 39152 13672 128674 99553 11734 175130 37398 19857 61481 5823 166657 95773 94594 173859 66661 124223 193914 103696 19628 133695 24587 64002 100167 77765 163363 111771 133238 114789 134686 107147 150144 89417 36589 7545 77649 33281 22086 5244 131212 103137 26656 77154 39051 5119 39662 16316 100674 74656 0 91237 77154 79548 95515 115959 141319 105269 92602 24587 50870 107177 26687 124011 79892 134686 15062 46509 30547 83757 0 176750
86569 96992 65164 104578 154199 171470 137555 151261 79992 139870 113630 117098 73567 97444 79094 122654 143565 108990 149757 171286 144642 178123 178569 157308 156855 137940 0 132313 127872 96815 77934 173469 162020 114442 158413 169475 69757 137067 130900 73420 179631 88723 132177 85540 135496 92524 99740 91100 167273 66244 28925 168999 97375 169656 83408 93086 149559 106993 79087 155475 96835 153625 162306 141723 140394 104576 140924 116487 86288 148310 137808 102463 149406 153121 106616 76400 92171 108169 95249 114030 92408 117390 131354 103698 98958 106350 93657 139205 184377 139491 159501 151714 103272 126443 128454 177310 115537 173545 132304 153747 85246 156086 29083 163025 76956 40396 131366 157608 81783 135788 103089 124312 95358 15259 137882 164359 85054 112245 121697 179765 89104 99763 136897 118625 108511 86983 95565 87688 153013 70470 126577 148909 109027 121446 161759 152091 149499 155700 152624 142381 87319 129292 148410 102883 63796 92287 167658 88262 103653 77183 90269 164562 138365 179515 59167 77199 171376 26698 156748 156896 177834 182497 78786 85191 86882 9181 112253 109087 37366 74625 170323 58004 155823 142168 109953 123693 13501 68350 117477 117598 42280 69607 37684 95598 156414 169886 102451 168772 154700 173123 138017 89139 159203 100460 145199 172193 137089 173976 81969 102430 176750 86569 100460 103698 106350 103272 63796 79992 88262 155823 142381 77934 151261 129292 102883 42280 161759 148310 178123 93086 176750 0
