alternate_direct_cv_feasible,best_alternate_direct_cv_roundtrip_km,best_alternate_minus_owner_roundtrip_km,customer_id,demand_kg,direct_cv_reachable_depot_count,direct_cv_reachable_depots_json,direct_cv_roundtrip_km_by_depot_json,due_second,instance_id,owner_depot_id,owner_direct_cv_feasible,owner_direct_cv_roundtrip_km,ready_second,region
True,672.164834903729,624.812042199857,C001,347.0,2,"[""D_chengdu"", ""D_chongqing""]","{""D_chengdu"": 47.352792703872, ""D_chongqing"": 672.164834903729}",58909.426139999996,cn-cy-100c-01-V2-LOCATIONS,D_chengdu,True,47.352792703872,55562.401620000004,cy
True,662.808389378427,621.0691872506741,C002,347.0,2,"[""D_chengdu"", ""D_chongqing""]","{""D_chengdu"": 41.739202127753, ""D_chongqing"": 662.808389378427}",52149.7341,cn-cy-100c-01-V2-LOCATIONS,D_chengdu,True,41.739202127753,48757.15464,cy
True,662.6398027778091,616.7254163684281,C003,417.0,2,"[""D_chengdu"", ""D_chongqing""]","{""D_chengdu"": 45.914386409380995, ""D_chongqing"": 662.6398027778091}",46017.863999999994,cn-cy-100c-01-V2-LOCATIONS,D_chengdu,True,45.914386409380995,43872.591179999996,cy
True,672.164834889458,623.948424808457,C004,347.0,2,"[""D_chengdu"", ""D_chongqing""]","{""D_chengdu"": 48.216410081001, ""D_chongqing"": 672.164834889458}",49760.514839999996,cn-cy-100c-01-V2-LOCATIONS,D_chengdu,True,48.216410081001,47791.47732,cy
True,653.672974504077,605.9581794161641,C005,208.0,2,"[""D_chengdu"", ""D_chongqing""]","{""D_chengdu"": 47.714795087913004, ""D_chongqing"": 653.672974504077}",50442.6234,cn-cy-100c-01-V2-LOCATIONS,D_chengdu,True,47.714795087913004,47601.38508,cy
True,671.4773779150651,610.986495107032,C006,417.0,2,"[""D_chengdu"", ""D_chongqing""]","{""D_chengdu"": 60.490882808033, ""D_chongqing"": 671.4773779150651}",47148.470760000004,cn-cy-100c-01-V2-LOCATIONS,D_chengdu,True,60.490882808033,44088.02544,cy
True,670.855319229075,618.650696736445,C007,208.0,2,"[""D_chengdu"", ""D_chongqing""]","{""D_chengdu"": 52.20462249263, ""D_chongqing"": 670.855319229075}",63115.78686,cn-cy-100c-01-V2-LOCATIONS,D_chengdu,True,52.20462249263,60779.951759999996,cy
True,666.389106933249,616.8916785608279,C008,347.0,2,"[""D_chengdu"", ""D_chongqing""]","{""D_chengdu"": 49.497428372421, ""D_chongqing"": 666.389106933249}",52684.743780000004,cn-cy-100c-01-V2-LOCATIONS,D_chengdu,True,49.497428372421,49377.24126,cy
True,653.0237962867799,600.0050544733169,C009,347.0,2,"[""D_chengdu"", ""D_chongqing""]","{""D_chengdu"": 53.018741813463, ""D_chongqing"": 653.0237962867799}",51015.29016,cn-cy-100c-01-V2-LOCATIONS,D_chengdu,True,53.018741813463,48481.56102,cy
True,652.5306875612471,602.6070645167681,C010,417.0,2,"[""D_chengdu"", ""D_chongqing""]","{""D_chengdu"": 49.923623044479, ""D_chongqing"": 652.5306875612471}",53791.341,cn-cy-100c-01-V2-LOCATIONS,D_chengdu,True,49.923623044479,50414.991180000005,cy
True,661.2095742667659,603.2551429207839,C011,278.0,2,"[""D_chengdu"", ""D_chongqing""]","{""D_chengdu"": 57.954431345981995, ""D_chongqing"": 661.2095742667659}",59908.903080000004,cn-cy-100c-01-V2-LOCATIONS,D_chengdu,True,57.954431345981995,57027.710940000004,cy
True,654.363164446059,606.015348725335,C012,208.0,2,"[""D_chengdu"", ""D_chongqing""]","{""D_chengdu"": 48.347815720724, ""D_chongqing"": 654.363164446059}",50962.41456,cn-cy-100c-01-V2-LOCATIONS,D_chengdu,True,48.347815720724,47803.5603,cy
True,653.8241115400369,606.1093165022039,C013,278.0,2,"[""D_chengdu"", ""D_chongqing""]","{""D_chengdu"": 47.714795037833, ""D_chongqing"": 653.8241115400369}",59994.24414,cn-cy-100c-01-V2-LOCATIONS,D_chengdu,True,47.714795037833,56829.20574,cy
True,666.0589577272809,602.1033158211559,C014,208.0,2,"[""D_chengdu"", ""D_chongqing""]","{""D_chengdu"": 63.955641906124995, ""D_chongqing"": 666.0589577272809}",57021.69096,cn-cy-100c-01-V2-LOCATIONS,D_chengdu,True,63.955641906124995,54711.19128,cy
True,670.8467377797949,624.780931744348,C015,347.0,2,"[""D_chengdu"", ""D_chongqing""]","{""D_chengdu"": 46.065806035447, ""D_chongqing"": 670.8467377797949}",50440.96254,cn-cy-100c-01-V2-LOCATIONS,D_chengdu,True,46.065806035447,47724.190200000005,cy
True,666.391723795115,616.844779485641,C016,208.0,2,"[""D_chengdu"", ""D_chongqing""]","{""D_chengdu"": 49.546944309474, ""D_chongqing"": 666.391723795115}",64733.32212,cn-cy-100c-01-V2-LOCATIONS,D_chengdu,True,49.546944309474,61613.370780000005,cy
True,661.402523971978,606.2511989275949,C017,278.0,2,"[""D_chengdu"", ""D_chongqing""]","{""D_chengdu"": 55.15132504438299, ""D_chongqing"": 661.402523971978}",48186.10668,cn-cy-100c-01-V2-LOCATIONS,D_chengdu,True,55.15132504438299,45210.73386,cy
True,665.9625436564208,602.1033158211559,C018,139.0,2,"[""D_chengdu"", ""D_chongqing""]","{""D_chengdu"": 63.859227835265, ""D_chongqing"": 665.9625436564208}",59387.29416,cn-cy-100c-01-V2-LOCATIONS,D_chengdu,True,63.859227835265,56078.33628,cy
True,670.6398454195349,624.780931744348,C019,347.0,2,"[""D_chengdu"", ""D_chongqing""]","{""D_chengdu"": 45.858913675187, ""D_chongqing"": 670.6398454195349}",49193.238,cn-cy-100c-01-V2-LOCATIONS,D_chengdu,True,45.858913675187,46433.3121,cy
True,652.252684593305,602.931253191025,C020,139.0,2,"[""D_chengdu"", ""D_chongqing""]","{""D_chengdu"": 49.32143140228, ""D_chongqing"": 652.252684593305}",51774.95664,cn-cy-100c-01-V2-LOCATIONS,D_chengdu,True,49.32143140228,48445.17642,cy
True,660.4999147459769,606.1795738460079,C021,139.0,2,"[""D_chengdu"", ""D_chongqing""]","{""D_chengdu"": 54.320340899969, ""D_chongqing"": 660.4999147459769}",48744.22758,cn-cy-100c-01-V2-LOCATIONS,D_chengdu,True,54.320340899969,45739.01196,cy
True,663.63067466444,605.810947333073,C022,417.0,2,"[""D_chengdu"", ""D_chongqing""]","{""D_chengdu"": 57.819727331367, ""D_chongqing"": 663.63067466444}",51596.305440000004,cn-cy-100c-01-V2-LOCATIONS,D_chengdu,True,57.819727331367,48306.39942,cy
True,659.4039253278819,606.0153487253339,C023,347.0,2,"[""D_chengdu"", ""D_chongqing""]","{""D_chengdu"": 53.388576602548, ""D_chongqing"": 659.4039253278819}",45126.4533,cn-cy-100c-01-V2-LOCATIONS,D_chengdu,True,53.388576602548,42326.67402,cy
True,654.1459447576169,606.9554165744479,C024,208.0,2,"[""D_chengdu"", ""D_chongqing""]","{""D_chengdu"": 47.190528183169, ""D_chongqing"": 654.1459447576169}",51677.764259999996,cn-cy-100c-01-V2-LOCATIONS,D_chengdu,True,47.190528183169,48472.52502,cy
True,664.5250779834289,604.6664732174579,C025,347.0,2,"[""D_chengdu"", ""D_chongqing""]","{""D_chengdu"": 59.858604765971, ""D_chongqing"": 664.5250779834289}",56845.0827,cn-cy-100c-01-V2-LOCATIONS,D_chengdu,True,59.858604765971,53563.16394,cy
True,673.7172985144041,613.2264156921511,C026,139.0,2,"[""D_chengdu"", ""D_chongqing""]","{""D_chengdu"": 60.490882822253, ""D_chongqing"": 673.7172985144041}",57497.4264,cn-cy-100c-01-V2-LOCATIONS,D_chengdu,True,60.490882822253,55293.21318,cy
True,671.35674445788,618.6506967364451,C027,139.0,2,"[""D_chengdu"", ""D_chongqing""]","{""D_chengdu"": 52.706047721435, ""D_chongqing"": 671.35674445788}",56388.54366,cn-cy-100c-01-V2-LOCATIONS,D_chengdu,True,52.706047721435,54086.68356,cy
True,661.199885325404,615.074096846169,C028,139.0,2,"[""D_chengdu"", ""D_chongqing""]","{""D_chengdu"": 46.12578847923499, ""D_chongqing"": 661.199885325404}",51937.52178,cn-cy-100c-01-V2-LOCATIONS,D_chengdu,True,46.12578847923499,48816.07146,cy
True,656.821282566156,606.015348725334,C029,347.0,2,"[""D_chengdu"", ""D_chongqing""]","{""D_chengdu"": 50.805933840822, ""D_chongqing"": 656.821282566156}",46104.35586,cn-cy-100c-01-V2-LOCATIONS,D_chengdu,True,50.805933840822,43993.03974,cy
True,652.400279960045,602.456022623433,C030,417.0,2,"[""D_chengdu"", ""D_chongqing""]","{""D_chengdu"": 49.944257336612, ""D_chongqing"": 652.400279960045}",43143.95826,cn-cy-100c-01-V2-LOCATIONS,D_chengdu,True,49.944257336612,41028.110459999996,cy
True,655.237967374559,608.270347180504,C031,347.0,2,"[""D_chengdu"", ""D_chongqing""]","{""D_chengdu"": 46.967620194055, ""D_chongqing"": 655.237967374559}",48955.96044,cn-cy-100c-01-V2-LOCATIONS,D_chengdu,True,46.967620194055,46585.062600000005,cy
True,667.2687462259471,620.2561304293951,C032,278.0,2,"[""D_chengdu"", ""D_chongqing""]","{""D_chengdu"": 47.012615796552, ""D_chongqing"": 667.2687462259471}",51860.43048,cn-cy-100c-01-V2-LOCATIONS,D_chengdu,True,47.012615796552,49775.20146,cy
True,666.374262612849,616.876834226728,C033,139.0,2,"[""D_chengdu"", ""D_chongqing""]","{""D_chengdu"": 49.497428386121, ""D_chongqing"": 666.374262612849}",48292.77936,cn-cy-100c-01-V2-LOCATIONS,D_chengdu,True,49.497428386121,45521.59074,cy
True,660.7239971080769,607.9396567551479,C034,347.0,2,"[""D_chengdu"", ""D_chongqing""]","{""D_chengdu"": 52.784340352929, ""D_chongqing"": 660.7239971080769}",53613.083099999996,cn-cy-100c-01-V2-LOCATIONS,D_chengdu,True,52.784340352929,50441.44602,cy
True,650.57320115319,603.20275754232,C035,347.0,2,"[""D_chengdu"", ""D_chongqing""]","{""D_chengdu"": 47.370443610870005, ""D_chongqing"": 650.57320115319}",50877.16842,cn-cy-100c-01-V2-LOCATIONS,D_chengdu,True,47.370443610870005,48918.71052,cy
True,664.676238908626,602.084919357109,C036,208.0,2,"[""D_chengdu"", ""D_chongqing""]","{""D_chengdu"": 62.591319551517, ""D_chongqing"": 664.676238908626}",56003.5053,cn-cy-100c-01-V2-LOCATIONS,D_chengdu,True,62.591319551517,53096.85282,cy
True,653.2619910923371,603.0684427182961,C037,139.0,2,"[""D_chengdu"", ""D_chongqing""]","{""D_chengdu"": 50.193548374041, ""D_chongqing"": 653.2619910923371}",47902.36782,cn-cy-100c-01-V2-LOCATIONS,D_chengdu,True,50.193548374041,45856.830239999996,cy
True,674.4034744421609,622.4523240141169,C038,417.0,2,"[""D_chengdu"", ""D_chongqing""]","{""D_chengdu"": 51.951150428043995, ""D_chongqing"": 674.4034744421609}",46022.70828,cn-cy-100c-01-V2-LOCATIONS,D_chengdu,True,51.951150428043995,43981.97466,cy
True,661.188213740063,606.141615276812,C039,417.0,2,"[""D_chengdu"", ""D_chongqing""]","{""D_chengdu"": 55.046598463251, ""D_chongqing"": 661.188213740063}",63117.07056,cn-cy-100c-01-V2-LOCATIONS,D_chengdu,True,55.046598463251,60417.8166,cy
True,653.521142818281,606.233204131077,C040,139.0,2,"[""D_chengdu"", ""D_chongqing""]","{""D_chengdu"": 47.287938687204004, ""D_chongqing"": 653.521142818281}",51407.382000000005,cn-cy-100c-01-V2-LOCATIONS,D_chengdu,True,47.287938687204004,47914.45764,cy
True,655.345477104467,606.952273432478,C041,417.0,2,"[""D_chengdu"", ""D_chongqing""]","{""D_chengdu"": 48.393203671989, ""D_chongqing"": 655.345477104467}",47824.3413,cn-cy-100c-01-V2-LOCATIONS,D_chengdu,True,48.393203671989,44685.75096,cy
True,661.61529394374,605.8029896739499,C042,347.0,2,"[""D_chengdu"", ""D_chongqing""]","{""D_chengdu"": 55.812304269790005, ""D_chongqing"": 661.61529394374}",59902.3758,cn-cy-100c-01-V2-LOCATIONS,D_chengdu,True,55.812304269790005,58071.78372,cy
True,583.4934291919861,521.3834067603972,C043,278.0,2,"[""D_chengdu"", ""D_chongqing""]","{""D_chengdu"": 583.4934291919861, ""D_chongqing"": 62.110022431589}",60062.05452,cn-cy-100c-01-V2-LOCATIONS,D_chongqing,True,62.110022431589,56521.54842,cy
True,567.367169534059,489.13615437171705,C044,208.0,2,"[""D_chengdu"", ""D_chongqing""]","{""D_chengdu"": 567.367169534059, ""D_chongqing"": 78.23101516234199}",47801.37756,cn-cy-100c-01-V2-LOCATIONS,D_chongqing,True,78.23101516234199,44430.98046,cy
True,587.406553844774,520.964209921293,C045,278.0,2,"[""D_chengdu"", ""D_chongqing""]","{""D_chengdu"": 587.406553844774, ""D_chongqing"": 66.442343923481}",50751.631680000006,cn-cy-100c-01-V2-LOCATIONS,D_chongqing,True,66.442343923481,48713.25048,cy
True,568.48686869126,489.11661778203603,C046,347.0,2,"[""D_chengdu"", ""D_chongqing""]","{""D_chengdu"": 568.48686869126, ""D_chongqing"": 79.37025090922401}",59066.059740000004,cn-cy-100c-01-V2-LOCATIONS,D_chongqing,True,79.37025090922401,56746.67916,cy
True,572.604651202271,503.23979549043105,C047,208.0,2,"[""D_chengdu"", ""D_chongqing""]","{""D_chengdu"": 572.604651202271, ""D_chongqing"": 69.36485571184001}",45909.070739999996,cn-cy-100c-01-V2-LOCATIONS,D_chongqing,True,69.36485571184001,42598.48254,cy
True,583.01370658708,515.0598765859851,C048,208.0,2,"[""D_chengdu"", ""D_chongqing""]","{""D_chengdu"": 583.01370658708, ""D_chongqing"": 67.95383000109499}",43867.54068,cn-cy-100c-01-V2-LOCATIONS,D_chongqing,True,67.95383000109499,41407.9614,cy
True,586.0710767801381,524.3726866076162,C049,139.0,2,"[""D_chengdu"", ""D_chongqing""]","{""D_chengdu"": 586.0710767801381, ""D_chongqing"": 61.698390172522004}",49968.1173,cn-cy-100c-01-V2-LOCATIONS,D_chongqing,True,61.698390172522004,47923.05144,cy
True,573.2067123515319,487.9517607417589,C050,417.0,2,"[""D_chengdu"", ""D_chongqing""]","{""D_chengdu"": 573.2067123515319, ""D_chongqing"": 85.254951609773}",63924.48642,cn-cy-100c-01-V2-LOCATIONS,D_chongqing,True,85.254951609773,62072.54663999999,cy
True,593.866425994521,534.751650733889,C051,278.0,2,"[""D_chengdu"", ""D_chongqing""]","{""D_chengdu"": 593.866425994521, ""D_chongqing"": 59.114775260632}",47160.58068,cn-cy-100c-01-V2-LOCATIONS,D_chongqing,True,59.114775260632,45294.69954,cy
True,575.3944984347089,512.9171222734029,C052,139.0,2,"[""D_chengdu"", ""D_chongqing""]","{""D_chengdu"": 575.3944984347089, ""D_chongqing"": 62.477376161306005}",61402.50498,cn-cy-100c-01-V2-LOCATIONS,D_chongqing,True,62.477376161306005,57999.6864,cy
True,591.8300160255111,540.1988414584531,C053,139.0,2,"[""D_chengdu"", ""D_chongqing""]","{""D_chengdu"": 591.8300160255111, ""D_chongqing"": 51.631174567058}",51774.95664,cn-cy-100c-01-V2-LOCATIONS,D_chongqing,True,51.631174567058,48445.17642,cy
True,580.392218437858,518.9485533799669,C054,139.0,2,"[""D_chengdu"", ""D_chongqing""]","{""D_chengdu"": 580.392218437858, ""D_chongqing"": 61.443665057891}",52756.08102,cn-cy-100c-01-V2-LOCATIONS,D_chongqing,True,61.443665057891,49941.46992,cy
True,567.112435065875,475.90546343727806,C055,278.0,2,"[""D_chengdu"", ""D_chongqing""]","{""D_chengdu"": 567.112435065875, ""D_chongqing"": 91.206971628597}",50398.87968,cn-cy-100c-01-V2-LOCATIONS,D_chongqing,True,91.206971628597,48455.46774,cy
True,573.733909178869,501.51412685534103,C056,278.0,2,"[""D_chengdu"", ""D_chongqing""]","{""D_chengdu"": 573.733909178869, ""D_chongqing"": 72.219782323528}",58139.520359999995,cn-cy-100c-01-V2-LOCATIONS,D_chongqing,True,72.219782323528,56121.575280000005,cy
True,567.147947773472,491.01460675952194,C057,347.0,2,"[""D_chengdu"", ""D_chongqing""]","{""D_chengdu"": 567.147947773472, ""D_chongqing"": 76.13334101395}",64734.5106,cn-cy-100c-01-V2-LOCATIONS,D_chongqing,True,76.13334101395,61578.637919999994,cy
True,582.071987085548,514.606898788993,C058,139.0,2,"[""D_chengdu"", ""D_chongqing""]","{""D_chengdu"": 582.071987085548, ""D_chongqing"": 67.465088296555}",51657.98022,cn-cy-100c-01-V2-LOCATIONS,D_chongqing,True,67.465088296555,49589.077860000005,cy
True,576.3737465268999,503.6465414439509,C059,278.0,2,"[""D_chengdu"", ""D_chongqing""]","{""D_chengdu"": 576.3737465268999, ""D_chongqing"": 72.727205082949}",61735.31238,cn-cy-100c-01-V2-LOCATIONS,D_chongqing,True,72.727205082949,58159.64898,cy
True,585.9637223023719,524.69138952601,C060,139.0,2,"[""D_chengdu"", ""D_chongqing""]","{""D_chengdu"": 585.9637223023719, ""D_chongqing"": 61.272332776362006}",49998.48738,cn-cy-100c-01-V2-LOCATIONS,D_chongqing,True,61.272332776362006,46809.08274,cy
True,554.845222833422,472.066043113659,C061,208.0,2,"[""D_chengdu"", ""D_chongqing""]","{""D_chengdu"": 554.845222833422, ""D_chongqing"": 82.779179719763}",42496.48668,cn-cy-100c-01-V2-LOCATIONS,D_chongqing,True,82.779179719763,40468.26366,cy
True,577.014378859915,499.49095627251006,C062,347.0,2,"[""D_chengdu"", ""D_chongqing""]","{""D_chengdu"": 577.014378859915, ""D_chongqing"": 77.52342258740501}",56355.46098,cn-cy-100c-01-V2-LOCATIONS,D_chongqing,True,77.52342258740501,52972.9026,cy
True,585.9637223030219,524.6913895260099,C063,139.0,2,"[""D_chengdu"", ""D_chongqing""]","{""D_chengdu"": 585.9637223030219, ""D_chongqing"": 61.272332777012004}",63160.44726,cn-cy-100c-01-V2-LOCATIONS,D_chongqing,True,61.272332777012004,60122.545679999996,cy
True,564.571271412468,478.33982242330205,C064,139.0,2,"[""D_chengdu"", ""D_chongqing""]","{""D_chengdu"": 564.571271412468, ""D_chongqing"": 86.23144898916601}",47550.28164,cn-cy-100c-01-V2-LOCATIONS,D_chongqing,True,86.23144898916601,44474.03016,cy
True,588.2456384685291,538.0609910313532,C065,347.0,2,"[""D_chengdu"", ""D_chongqing""]","{""D_chengdu"": 588.2456384685291, ""D_chongqing"": 50.184647437176}",51411.697140000004,cn-cy-100c-01-V2-LOCATIONS,D_chongqing,True,50.184647437176,49332.2235,cy
True,586.071076744798,524.3726866076161,C066,278.0,2,"[""D_chengdu"", ""D_chongqing""]","{""D_chengdu"": 586.071076744798, ""D_chongqing"": 61.698390137182}",65192.146980000005,cn-cy-100c-01-V2-LOCATIONS,D_chongqing,True,61.698390137182,62206.68162,cy
True,559.126340929034,466.784014354916,C067,278.0,2,"[""D_chengdu"", ""D_chongqing""]","{""D_chengdu"": 559.126340929034, ""D_chongqing"": 92.34232657411799}",45131.02188,cn-cy-100c-01-V2-LOCATIONS,D_chongqing,True,92.34232657411799,42066.33456,cy
True,568.779006159559,479.981824614619,C068,278.0,2,"[""D_chengdu"", ""D_chongqing""]","{""D_chengdu"": 568.779006159559, ""D_chongqing"": 88.79718154494}",46758.4557,cn-cy-100c-01-V2-LOCATIONS,D_chongqing,True,88.79718154494,43830.811259999995,cy
True,563.712911537315,481.987033969082,C069,347.0,2,"[""D_chengdu"", ""D_chongqing""]","{""D_chengdu"": 563.712911537315, ""D_chongqing"": 81.725877568233}",52341.69762,cn-cy-100c-01-V2-LOCATIONS,D_chongqing,True,81.725877568233,49024.568400000004,cy
True,587.217216352983,521.995749477657,C070,347.0,2,"[""D_chengdu"", ""D_chongqing""]","{""D_chengdu"": 587.217216352983, ""D_chongqing"": 65.221466875326}",52586.44062,cn-cy-100c-01-V2-LOCATIONS,D_chongqing,True,65.221466875326,49705.61916,cy
True,572.361158619148,492.016165853823,C071,139.0,2,"[""D_chengdu"", ""D_chongqing""]","{""D_chengdu"": 572.361158619148, ""D_chongqing"": 80.344992765325}",49088.75676,cn-cy-100c-01-V2-LOCATIONS,D_chongqing,True,80.344992765325,46452.10596,cy
True,576.3034951162581,495.1299926027061,C072,417.0,2,"[""D_chengdu"", ""D_chongqing""]","{""D_chengdu"": 576.3034951162581, ""D_chongqing"": 81.173502513552}",47727.7305,cn-cy-100c-01-V2-LOCATIONS,D_chongqing,True,81.173502513552,45474.778679999996,cy
True,574.4748285884541,505.1092079798891,C073,278.0,2,"[""D_chengdu"", ""D_chongqing""]","{""D_chengdu"": 574.4748285884541, ""D_chongqing"": 69.365620608565}",60446.91042,cn-cy-100c-01-V2-LOCATIONS,D_chongqing,True,69.365620608565,57703.733819999994,cy
True,582.9333050793709,518.8594279008789,C074,417.0,2,"[""D_chengdu"", ""D_chongqing""]","{""D_chengdu"": 582.9333050793709, ""D_chongqing"": 64.073877178492}",50670.38226,cn-cy-100c-01-V2-LOCATIONS,D_chongqing,True,64.073877178492,47849.46768,cy
True,567.7904851604151,491.64879622914907,C075,139.0,2,"[""D_chengdu"", ""D_chongqing""]","{""D_chengdu"": 567.7904851604151, ""D_chongqing"": 76.14168893126599}",51036.4845,cn-cy-100c-01-V2-LOCATIONS,D_chongqing,True,76.14168893126599,47687.75994,cy
True,579.4024756873821,501.85848374809507,C076,278.0,2,"[""D_chengdu"", ""D_chongqing""]","{""D_chengdu"": 579.4024756873821, ""D_chongqing"": 77.543991939287}",50411.946,cn-cy-100c-01-V2-LOCATIONS,D_chongqing,True,77.543991939287,47487.569639999994,cy
True,565.156837707363,484.28871695167703,C077,347.0,2,"[""D_chengdu"", ""D_chongqing""]","{""D_chengdu"": 565.156837707363, ""D_chongqing"": 80.868120755686}",52297.22178,cn-cy-100c-01-V2-LOCATIONS,D_chongqing,True,80.868120755686,49577.444820000004,cy
True,573.733909140089,501.51412685534103,C078,278.0,2,"[""D_chengdu"", ""D_chongqing""]","{""D_chengdu"": 573.733909140089, ""D_chongqing"": 72.219782284748}",46426.18602,cn-cy-100c-01-V2-LOCATIONS,D_chongqing,True,72.219782284748,43712.394,cy
True,570.823300524459,501.601180470263,C079,208.0,2,"[""D_chengdu"", ""D_chongqing""]","{""D_chengdu"": 570.823300524459, ""D_chongqing"": 69.222120054196}",57914.86518,cn-cy-100c-01-V2-LOCATIONS,D_chongqing,True,69.222120054196,54537.418439999994,cy
True,581.9191145060679,515.4455870834439,C080,417.0,2,"[""D_chengdu"", ""D_chongqing""]","{""D_chengdu"": 581.9191145060679, ""D_chongqing"": 66.473527422624}",44805.62118,cn-cy-100c-01-V2-LOCATIONS,D_chongqing,True,66.473527422624,41783.45238,cy
True,577.489508234623,513.25225896346,C081,417.0,2,"[""D_chengdu"", ""D_chongqing""]","{""D_chengdu"": 577.489508234623, ""D_chongqing"": 64.23724927116301}",51882.56484,cn-cy-100c-01-V2-LOCATIONS,D_chongqing,True,64.23724927116301,48557.79804,cy
True,573.144232418926,499.786790062396,C082,417.0,2,"[""D_chengdu"", ""D_chongqing""]","{""D_chengdu"": 573.144232418926, ""D_chongqing"": 73.35744235653}",52046.4936,cn-cy-100c-01-V2-LOCATIONS,D_chongqing,True,73.35744235653,49826.315819999996,cy
True,585.898900303568,524.471212535097,C083,139.0,2,"[""D_chengdu"", ""D_chongqing""]","{""D_chengdu"": 585.898900303568, ""D_chongqing"": 61.427687768471}",55428.689280000006,cn-cy-100c-01-V2-LOCATIONS,D_chongqing,True,61.427687768471,53568.06222,cy
True,582.297253482591,521.023929881734,C084,139.0,2,"[""D_chengdu"", ""D_chongqing""]","{""D_chengdu"": 582.297253482591, ""D_chongqing"": 61.273323600857}",61220.26638,cn-cy-100c-01-V2-LOCATIONS,D_chongqing,True,61.273323600857,57756.5046,cy
True,583.559290201341,521.625310419766,C085,208.0,2,"[""D_chengdu"", ""D_chongqing""]","{""D_chengdu"": 583.559290201341, ""D_chongqing"": 61.933979781575005}",47822.53128,cn-cy-100c-01-V2-LOCATIONS,D_chongqing,True,61.933979781575005,44719.90116,cy
True,582.8915413670941,515.32074115441,C086,417.0,2,"[""D_chengdu"", ""D_chongqing""]","{""D_chengdu"": 582.8915413670941, ""D_chongqing"": 67.570800212684}",61005.88854,cn-cy-100c-01-V2-LOCATIONS,D_chongqing,True,67.570800212684,58096.725,cy
True,556.653663917386,476.124621922891,C087,347.0,2,"[""D_chengdu"", ""D_chongqing""]","{""D_chengdu"": 556.653663917386, ""D_chongqing"": 80.529041994495}",51665.91996,cn-cy-100c-01-V2-LOCATIONS,D_chongqing,True,80.529041994495,48969.58212,cy
True,580.094361096657,511.95095183483704,C088,417.0,2,"[""D_chengdu"", ""D_chongqing""]","{""D_chengdu"": 580.094361096657, ""D_chongqing"": 68.14340926182}",57649.3911,cn-cy-100c-01-V2-LOCATIONS,D_chongqing,True,68.14340926182,55569.01488,cy
True,583.226410848354,516.742949503286,C089,139.0,2,"[""D_chengdu"", ""D_chongqing""]","{""D_chengdu"": 583.226410848354, ""D_chongqing"": 66.48346134506801}",55622.11608,cn-cy-100c-01-V2-LOCATIONS,D_chongqing,True,66.48346134506801,53328.78312,cy
True,582.26221441545,514.751173075367,C090,347.0,2,"[""D_chengdu"", ""D_chongqing""]","{""D_chengdu"": 582.26221441545, ""D_chongqing"": 67.511041340083}",50166.3855,cn-cy-100c-01-V2-LOCATIONS,D_chongqing,True,67.511041340083,48000.624899999995,cy
True,577.6835544096621,513.446305189738,C091,139.0,2,"[""D_chengdu"", ""D_chongqing""]","{""D_chengdu"": 577.6835544096621, ""D_chongqing"": 64.237249219924}",46362.24384,cn-cy-100c-01-V2-LOCATIONS,D_chongqing,True,64.237249219924,43413.93246,cy
True,581.3131432813459,509.5094877632489,C092,208.0,2,"[""D_chengdu"", ""D_chongqing""]","{""D_chengdu"": 581.3131432813459, ""D_chongqing"": 71.803655518097}",56603.61852,cn-cy-100c-01-V2-LOCATIONS,D_chongqing,True,71.803655518097,54054.074400000005,cy
True,556.3675344147409,475.56900133637595,C093,417.0,2,"[""D_chengdu"", ""D_chongqing""]","{""D_chengdu"": 556.3675344147409, ""D_chongqing"": 80.798533078365}",48634.50354,cn-cy-100c-01-V2-LOCATIONS,D_chongqing,True,80.798533078365,46122.38058,cy
True,586.877664096493,520.223537462346,C094,208.0,2,"[""D_chengdu"", ""D_chongqing""]","{""D_chengdu"": 586.877664096493, ""D_chongqing"": 66.654126634147}",47708.99802,cn-cy-100c-01-V2-LOCATIONS,D_chongqing,True,66.654126634147,44657.39184,cy
True,586.5707291839921,523.1234454907491,C095,208.0,2,"[""D_chengdu"", ""D_chongqing""]","{""D_chengdu"": 586.5707291839921, ""D_chongqing"": 63.447283693243}",48962.275559999995,cn-cy-100c-01-V2-LOCATIONS,D_chongqing,True,63.447283693243,46819.699980000005,cy
True,583.632534520084,515.963999770227,C096,278.0,2,"[""D_chengdu"", ""D_chongqing""]","{""D_chengdu"": 583.632534520084, ""D_chongqing"": 67.668534749857}",61739.095499999996,cn-cy-100c-01-V2-LOCATIONS,D_chongqing,True,67.668534749857,58817.28318,cy
True,587.4388222029049,523.2660941227309,C097,417.0,2,"[""D_chengdu"", ""D_chongqing""]","{""D_chengdu"": 587.4388222029049, ""D_chongqing"": 64.172728080174}",51678.59466,cn-cy-100c-01-V2-LOCATIONS,D_chongqing,True,64.172728080174,49262.4414,cy
True,577.808518030776,501.025300709302,C098,208.0,2,"[""D_chengdu"", ""D_chongqing""]","{""D_chengdu"": 577.808518030776, ""D_chongqing"": 76.78321732147398}",57914.86518,cn-cy-100c-01-V2-LOCATIONS,D_chongqing,True,76.78321732147398,54537.418439999994,cy
True,574.3858194789051,503.6580921925731,C099,208.0,2,"[""D_chengdu"", ""D_chongqing""]","{""D_chengdu"": 574.3858194789051, ""D_chongqing"": 70.727727286332}",47801.37756,cn-cy-100c-01-V2-LOCATIONS,D_chongqing,True,70.727727286332,44430.98046,cy
True,581.583039205315,520.813116884416,C100,139.0,2,"[""D_chengdu"", ""D_chongqing""]","{""D_chengdu"": 581.583039205315, ""D_chongqing"": 60.769922320899}",50666.47494,cn-cy-100c-01-V2-LOCATIONS,D_chongqing,True,60.769922320899,48338.94846,cy
True,666.2909729907481,601.3552076310491,C001,278.0,2,"[""D_chengdu"", ""D_chongqing""]","{""D_chengdu"": 64.935765359699, ""D_chongqing"": 666.2909729907481}",48282.083459999994,cn-cy-100c-02-V2-LOCATIONS,D_chengdu,True,64.935765359699,46143.897840000005,cy
True,669.745872600733,614.0096092808631,C002,278.0,2,"[""D_chengdu"", ""D_chongqing""]","{""D_chengdu"": 55.736263319870005, ""D_chongqing"": 669.745872600733}",47259.54144,cn-cy-100c-02-V2-LOCATIONS,D_chengdu,True,55.736263319870005,44220.976740000006,cy
True,654.435796585479,605.691267048576,C003,347.0,2,"[""D_chengdu"", ""D_chongqing""]","{""D_chengdu"": 48.744529536903, ""D_chongqing"": 654.435796585479}",49610.664,cn-cy-100c-02-V2-LOCATIONS,D_chengdu,True,48.744529536903,46704.96906,cy
True,655.5379478224539,606.5961719029909,C004,139.0,2,"[""D_chengdu"", ""D_chongqing""]","{""D_chengdu"": 48.941775919463005, ""D_chongqing"": 655.5379478224539}",48545.393339999995,cn-cy-100c-02-V2-LOCATIONS,D_chengdu,True,48.941775919463005,46281.4377,cy
True,651.7167402248581,605.4819565217891,C005,139.0,2,"[""D_chengdu"", ""D_chongqing""]","{""D_chengdu"": 46.234783703069, ""D_chongqing"": 651.7167402248581}",49998.48738,cn-cy-100c-02-V2-LOCATIONS,D_chengdu,True,46.234783703069,46809.08274,cy
True,656.49986923812,605.974183055386,C006,139.0,2,"[""D_chengdu"", ""D_chongqing""]","{""D_chengdu"": 50.525686182734006, ""D_chongqing"": 656.49986923812}",51094.43376,cn-cy-100c-02-V2-LOCATIONS,D_chengdu,True,50.525686182734006,47931.13866,cy
True,658.3175468460889,602.6070645167679,C007,208.0,2,"[""D_chengdu"", ""D_chongqing""]","{""D_chengdu"": 55.710482329320996, ""D_chongqing"": 658.3175468460889}",45567.82002,cn-cy-100c-02-V2-LOCATIONS,D_chengdu,True,55.710482329320996,42622.3671,cy
True,653.646185845038,603.4526374625669,C008,417.0,2,"[""D_chengdu"", ""D_chongqing""]","{""D_chengdu"": 50.19354838247099, ""D_chongqing"": 653.646185845038}",50150.255339999996,cn-cy-100c-02-V2-LOCATIONS,D_chengdu,True,50.19354838247099,48206.25966,cy
True,654.352354706099,606.015348725335,C009,347.0,2,"[""D_chengdu"", ""D_chongqing""]","{""D_chengdu"": 48.337005980764, ""D_chongqing"": 654.352354706099}",58909.426139999996,cn-cy-100c-02-V2-LOCATIONS,D_chengdu,True,48.337005980764,55562.401620000004,cy
True,673.3663150529541,626.051456827568,C010,278.0,2,"[""D_chengdu"", ""D_chongqing""]","{""D_chengdu"": 47.314858225386, ""D_chongqing"": 673.3663150529541}",47418.55458,cn-cy-100c-02-V2-LOCATIONS,D_chengdu,True,47.314858225386,45205.976160000006,cy
True,657.696796023747,605.972059894286,C011,347.0,2,"[""D_chengdu"", ""D_chongqing""]","{""D_chengdu"": 51.724736129461, ""D_chongqing"": 657.696796023747}",47567.886,cn-cy-100c-02-V2-LOCATIONS,D_chengdu,True,51.724736129461,44757.24366,cy
True,657.158656687356,604.423491395787,C012,417.0,2,"[""D_chengdu"", ""D_chongqing""]","{""D_chengdu"": 52.735165291569, ""D_chongqing"": 657.158656687356}",52841.41248,cn-cy-100c-02-V2-LOCATIONS,D_chengdu,True,52.735165291569,49594.08486,cy
True,653.388594483167,606.82594465668,C013,417.0,2,"[""D_chengdu"", ""D_chongqing""]","{""D_chengdu"": 46.562649826487004, ""D_chongqing"": 653.388594483167}",58924.23306,cn-cy-100c-02-V2-LOCATIONS,D_chengdu,True,46.562649826487004,56574.476520000004,cy
True,650.233260162907,599.695809134214,C014,278.0,2,"[""D_chengdu"", ""D_chongqing""]","{""D_chengdu"": 50.537451028693, ""D_chongqing"": 650.233260162907}",55728.3156,cn-cy-100c-02-V2-LOCATIONS,D_chengdu,True,50.537451028693,53635.88754,cy
True,657.837679473685,606.155431723508,C015,278.0,2,"[""D_chengdu"", ""D_chongqing""]","{""D_chengdu"": 51.682247750177005, ""D_chongqing"": 657.837679473685}",46329.524339999996,cn-cy-100c-02-V2-LOCATIONS,D_chengdu,True,51.682247750177005,43022.36652,cy
True,661.964641580277,606.981636127137,C016,208.0,2,"[""D_chengdu"", ""D_chongqing""]","{""D_chengdu"": 54.983005453139995, ""D_chongqing"": 661.964641580277}",65798.20914,cn-cy-100c-02-V2-LOCATIONS,D_chengdu,True,54.983005453139995,62488.44881999999,cy
True,650.54239797101,603.690135504521,C017,347.0,2,"[""D_chengdu"", ""D_chongqing""]","{""D_chengdu"": 46.852262466489, ""D_chongqing"": 650.54239797101}",53086.95564,cn-cy-100c-02-V2-LOCATIONS,D_chengdu,True,46.852262466489,49504.72206,cy
True,653.147308731532,606.015348725335,C018,278.0,2,"[""D_chengdu"", ""D_chongqing""]","{""D_chengdu"": 47.131960006197, ""D_chongqing"": 653.147308731532}",61314.899040000004,cn-cy-100c-02-V2-LOCATIONS,D_chengdu,True,47.131960006197,59128.8111,cy
True,668.551461564099,617.872504767392,C019,417.0,2,"[""D_chengdu"", ""D_chongqing""]","{""D_chengdu"": 50.678956796707006, ""D_chongqing"": 668.551461564099}",51977.367,cn-cy-100c-02-V2-LOCATIONS,D_chengdu,True,50.678956796707006,49930.78812,cy
True,651.19483924443,605.248938543705,C020,417.0,2,"[""D_chengdu"", ""D_chongqing""]","{""D_chengdu"": 45.945900700725005, ""D_chongqing"": 651.19483924443}",45735.24312,cn-cy-100c-02-V2-LOCATIONS,D_chengdu,True,45.945900700725005,42575.739,cy
True,661.490092860044,604.645340829435,C021,139.0,2,"[""D_chengdu"", ""D_chongqing""]","{""D_chengdu"": 56.844752030609, ""D_chongqing"": 661.490092860044}",53088.95286,cn-cy-100c-02-V2-LOCATIONS,D_chengdu,True,56.844752030609,50144.2134,cy
True,654.214542527071,607.113783976237,C022,278.0,2,"[""D_chengdu"", ""D_chongqing""]","{""D_chengdu"": 47.100758550834, ""D_chongqing"": 654.214542527071}",51564.26376,cn-cy-100c-02-V2-LOCATIONS,D_chengdu,True,47.100758550834,48690.70776,cy
True,660.354733418509,605.984238342072,C023,139.0,2,"[""D_chengdu"", ""D_chongqing""]","{""D_chengdu"": 54.370495076437, ""D_chongqing"": 660.354733418509}",53178.10308,cn-cy-100c-02-V2-LOCATIONS,D_chengdu,True,54.370495076437,50294.496,cy
True,660.499914697667,606.179573846008,C024,278.0,2,"[""D_chengdu"", ""D_chongqing""]","{""D_chengdu"": 54.320340851659, ""D_chongqing"": 660.499914697667}",47195.78567999999,cn-cy-100c-02-V2-LOCATIONS,D_chengdu,True,54.320340851659,44218.237680000006,cy
True,656.416326519563,606.5961719029909,C025,347.0,2,"[""D_chengdu"", ""D_chongqing""]","{""D_chengdu"": 49.820154616572, ""D_chongqing"": 656.416326519563}",44673.49956,cn-cy-100c-02-V2-LOCATIONS,D_chengdu,True,49.820154616572,41624.80356,cy
True,661.199885308154,615.0740968461689,C026,278.0,2,"[""D_chengdu"", ""D_chongqing""]","{""D_chengdu"": 46.125788461985, ""D_chongqing"": 661.199885308154}",61964.67222,cn-cy-100c-02-V2-LOCATIONS,D_chengdu,True,46.125788461985,58664.83434,cy
True,662.501535273797,605.083082368103,C027,347.0,2,"[""D_chengdu"", ""D_chongqing""]","{""D_chengdu"": 57.418452905694, ""D_chongqing"": 662.501535273797}",51231.550500000005,cn-cy-100c-02-V2-LOCATIONS,D_chengdu,True,57.418452905694,48327.71232,cy
True,655.526426089534,606.562686466834,C028,347.0,2,"[""D_chengdu"", ""D_chongqing""]","{""D_chengdu"": 48.9637396227, ""D_chongqing"": 655.526426089534}",52149.7341,cn-cy-100c-02-V2-LOCATIONS,D_chengdu,True,48.9637396227,48757.15464,cy
True,653.413300137796,605.6985050929829,C029,417.0,2,"[""D_chengdu"", ""D_chongqing""]","{""D_chengdu"": 47.714795044813, ""D_chongqing"": 653.413300137796}",48492.6768,cn-cy-100c-02-V2-LOCATIONS,D_chengdu,True,47.714795044813,46166.13018,cy
True,673.5803719075681,623.290885933216,C030,417.0,2,"[""D_chengdu"", ""D_chongqing""]","{""D_chengdu"": 50.289485974352, ""D_chongqing"": 673.5803719075681}",53791.341,cn-cy-100c-02-V2-LOCATIONS,D_chengdu,True,50.289485974352,50414.991180000005,cy
True,658.748760916969,603.67414803611,C031,208.0,2,"[""D_chengdu"", ""D_chongqing""]","{""D_chengdu"": 55.074612880859, ""D_chongqing"": 658.748760916969}",47877.69864,cn-cy-100c-02-V2-LOCATIONS,D_chengdu,True,55.074612880859,44451.31188,cy
True,653.498319289779,609.4698327009171,C032,278.0,2,"[""D_chengdu"", ""D_chongqing""]","{""D_chengdu"": 44.028486588861995, ""D_chongqing"": 653.498319289779}",47705.123940000005,cn-cy-100c-02-V2-LOCATIONS,D_chengdu,True,44.028486588861995,44661.08688,cy
True,655.931706335459,603.14230095714,C033,139.0,2,"[""D_chengdu"", ""D_chongqing""]","{""D_chengdu"": 52.789405378319, ""D_chongqing"": 655.931706335459}",63503.128500000006,cn-cy-100c-02-V2-LOCATIONS,D_chengdu,True,52.789405378319,60836.95728,cy
True,673.802082856229,618.6506967364451,C034,208.0,2,"[""D_chengdu"", ""D_chongqing""]","{""D_chengdu"": 55.151386119784, ""D_chongqing"": 673.802082856229}",46780.888739999995,cn-cy-100c-02-V2-LOCATIONS,D_chengdu,True,55.151386119784,44740.685339999996,cy
True,652.837792936415,603.057981757955,C035,278.0,2,"[""D_chengdu"", ""D_chongqing""]","{""D_chengdu"": 49.77981117846, ""D_chongqing"": 652.837792936415}",51507.63888,cn-cy-100c-02-V2-LOCATIONS,D_chengdu,True,49.77981117846,48368.163660000006,cy
True,668.4336922479491,618.1358651852621,C036,208.0,2,"[""D_chengdu"", ""D_chongqing""]","{""D_chengdu"": 50.297827062687006, ""D_chongqing"": 668.4336922479491}",61229.933399999994,cn-cy-100c-02-V2-LOCATIONS,D_chengdu,True,50.297827062687006,58703.03556,cy
True,654.8540970283191,606.6955883228051,C037,417.0,2,"[""D_chengdu"", ""D_chongqing""]","{""D_chengdu"": 48.158508705514, ""D_chongqing"": 654.8540970283191}",63340.15134,cn-cy-100c-02-V2-LOCATIONS,D_chengdu,True,48.158508705514,60135.204600000005,cy
True,665.067024245918,600.825450305909,C038,208.0,2,"[""D_chengdu"", ""D_chongqing""]","{""D_chengdu"": 64.24157394000899, ""D_chongqing"": 665.067024245918}",47945.545560000006,cn-cy-100c-02-V2-LOCATIONS,D_chengdu,True,64.24157394000899,45817.790460000004,cy
True,652.623959324539,604.337620320293,C039,208.0,2,"[""D_chengdu"", ""D_chongqing""]","{""D_chengdu"": 48.286339004246, ""D_chongqing"": 652.623959324539}",48091.95222000001,cn-cy-100c-02-V2-LOCATIONS,D_chengdu,True,48.286339004246,45431.62794,cy
True,659.682283172014,604.525366713645,C040,139.0,2,"[""D_chengdu"", ""D_chongqing""]","{""D_chengdu"": 55.156916458369, ""D_chongqing"": 659.682283172014}",54726.8388,cn-cy-100c-02-V2-LOCATIONS,D_chengdu,True,55.156916458369,51717.92154,cy
True,671.238869191185,618.6506967364451,C041,278.0,2,"[""D_chengdu"", ""D_chongqing""]","{""D_chengdu"": 52.588172454740004, ""D_chongqing"": 671.238869191185}",45708.46032,cn-cy-100c-02-V2-LOCATIONS,D_chengdu,True,52.588172454740004,42181.430459999996,cy
True,652.4495396511049,602.456022623433,C042,347.0,2,"[""D_chengdu"", ""D_chongqing""]","{""D_chengdu"": 49.993517027672, ""D_chongqing"": 652.4495396511049}",46104.35586,cn-cy-100c-02-V2-LOCATIONS,D_chengdu,True,49.993517027672,43993.03974,cy
True,573.3398925675941,502.3473778467201,C043,278.0,2,"[""D_chengdu"", ""D_chongqing""]","{""D_chengdu"": 573.3398925675941, ""D_chongqing"": 70.992514720874}",61142.59392,cn-cy-100c-02-V2-LOCATIONS,D_chongqing,True,70.992514720874,58064.357879999996,cy
True,582.8915413590839,515.3207411544099,C044,139.0,2,"[""D_chengdu"", ""D_chongqing""]","{""D_chengdu"": 582.8915413590839, ""D_chongqing"": 67.570800204674}",47885.91906,cn-cy-100c-02-V2-LOCATIONS,D_chongqing,True,67.570800204674,45861.82296,cy
True,545.7688160240531,456.23823013414807,C045,208.0,2,"[""D_chengdu"", ""D_chongqing""]","{""D_chengdu"": 545.7688160240531, ""D_chongqing"": 89.530585889905}",45191.195700000004,cn-cy-100c-02-V2-LOCATIONS,D_chongqing,True,89.530585889905,43361.2902,cy
True,570.780418367375,503.47497399655396,C046,139.0,2,"[""D_chengdu"", ""D_chongqing""]","{""D_chengdu"": 570.780418367375, ""D_chongqing"": 67.30544437082101}",62345.40162,cn-cy-100c-02-V2-LOCATIONS,D_chongqing,True,67.30544437082101,59559.92868,cy
True,583.405777808041,521.2834131111659,C047,139.0,2,"[""D_chengdu"", ""D_chongqing""]","{""D_chengdu"": 583.405777808041, ""D_chongqing"": 62.122364696874996}",59387.29416,cn-cy-100c-02-V2-LOCATIONS,D_chongqing,True,62.122364696874996,56078.33628,cy
True,582.26221437789,514.751173075367,C048,347.0,2,"[""D_chengdu"", ""D_chongqing""]","{""D_chengdu"": 582.26221437789, ""D_chongqing"": 67.511041302523}",55973.04318,cn-cy-100c-02-V2-LOCATIONS,D_chongqing,True,67.511041302523,53217.49254,cy
True,577.3625414950999,514.3610649708479,C049,139.0,2,"[""D_chengdu"", ""D_chongqing""]","{""D_chengdu"": 577.3625414950999, ""D_chongqing"": 63.001476524252}",58699.256700000005,cn-cy-100c-02-V2-LOCATIONS,D_chongqing,True,63.001476524252,55206.38322,cy
True,586.999280351026,528.318337983981,C050,347.0,2,"[""D_chengdu"", ""D_chongqing""]","{""D_chengdu"": 586.999280351026, ""D_chongqing"": 58.680942367045006}",44485.58262,cn-cy-100c-02-V2-LOCATIONS,D_chongqing,True,58.680942367045006,42440.0856,cy
True,573.246732965219,504.03571030565,C051,417.0,2,"[""D_chengdu"", ""D_chongqing""]","{""D_chengdu"": 573.246732965219, ""D_chongqing"": 69.21102265956901}",56961.701700000005,cn-cy-100c-02-V2-LOCATIONS,D_chongqing,True,69.21102265956901,54507.41484,cy
True,564.68651608379,486.080854814576,C052,347.0,2,"[""D_chengdu"", ""D_chongqing""]","{""D_chengdu"": 564.68651608379, ""D_chongqing"": 78.60566126921401}",51411.697140000004,cn-cy-100c-02-V2-LOCATIONS,D_chongqing,True,78.60566126921401,49332.2235,cy
True,566.1862745511669,493.65449977262887,C053,139.0,2,"[""D_chengdu"", ""D_chongqing""]","{""D_chengdu"": 566.1862745511669, ""D_chongqing"": 72.53177477853801}",61387.532100000004,cn-cy-100c-02-V2-LOCATIONS,D_chongqing,True,72.53177477853801,58368.95448,cy
True,586.1776667682,523.596354531643,C054,208.0,2,"[""D_chengdu"", ""D_chongqing""]","{""D_chengdu"": 586.1776667682, ""D_chongqing"": 62.581312236557004}",65090.82030000001,cn-cy-100c-02-V2-LOCATIONS,D_chongqing,True,62.581312236557004,62238.29508,cy
True,586.386589488627,524.396852951157,C055,347.0,2,"[""D_chengdu"", ""D_chongqing""]","{""D_chengdu"": 586.386589488627, ""D_chongqing"": 61.98973653747}",49439.4573,cn-cy-100c-02-V2-LOCATIONS,D_chongqing,True,61.98973653747,47082.41538,cy
True,588.291179854015,529.272741941981,C056,208.0,2,"[""D_chengdu"", ""D_chongqing""]","{""D_chengdu"": 588.291179854015, ""D_chongqing"": 59.018437912034}",45217.77948,cn-cy-100c-02-V2-LOCATIONS,D_chongqing,True,59.018437912034,42161.81094,cy
True,571.825999571912,501.207753998805,C057,139.0,2,"[""D_chengdu"", ""D_chongqing""]","{""D_chengdu"": 571.825999571912, ""D_chongqing"": 70.61824557310699}",64906.70016000001,cn-cy-100c-02-V2-LOCATIONS,D_chongqing,True,70.61824557310699,61628.496119999996,cy
True,583.01370658581,515.0598765859851,C058,139.0,2,"[""D_chengdu"", ""D_chongqing""]","{""D_chengdu"": 583.01370658581, ""D_chongqing"": 67.953829999825}",59086.99854,cn-cy-100c-02-V2-LOCATIONS,D_chongqing,True,67.953829999825,56214.4536,cy
True,570.067597198218,497.314180287083,C059,208.0,2,"[""D_chengdu"", ""D_chongqing""]","{""D_chengdu"": 570.067597198218, ""D_chongqing"": 72.753416911135}",60577.42554,cn-cy-100c-02-V2-LOCATIONS,D_chongqing,True,72.753416911135,57603.71796,cy
True,574.577781889457,503.658092192573,C060,347.0,2,"[""D_chengdu"", ""D_chongqing""]","{""D_chengdu"": 574.577781889457, ""D_chongqing"": 70.919689696884}",47724.47328,cn-cy-100c-02-V2-LOCATIONS,D_chongqing,True,70.919689696884,45224.553360000005,cy
True,583.4678316003659,521.383406760397,C061,208.0,2,"[""D_chengdu"", ""D_chongqing""]","{""D_chengdu"": 583.4678316003659, ""D_chongqing"": 62.084424839968996}",49480.39638,cn-cy-100c-02-V2-LOCATIONS,D_chongqing,True,62.084424839968996,46040.03412,cy
True,573.965582881589,505.7264193405899,C062,347.0,2,"[""D_chengdu"", ""D_chongqing""]","{""D_chengdu"": 573.965582881589, ""D_chongqing"": 68.239163540999}",47687.77182,cn-cy-100c-02-V2-LOCATIONS,D_chongqing,True,68.239163540999,45040.98552,cy
True,582.891541362774,515.3207411544099,C063,347.0,2,"[""D_chengdu"", ""D_chongqing""]","{""D_chengdu"": 582.891541362774, ""D_chongqing"": 67.570800208364}",64954.7196,cn-cy-100c-02-V2-LOCATIONS,D_chongqing,True,67.570800208364,62086.554240000005,cy
True,577.952937993382,515.137524770562,C064,278.0,2,"[""D_chengdu"", ""D_chongqing""]","{""D_chengdu"": 577.952937993382, ""D_chongqing"": 62.815413222820006}",61142.59392,cn-cy-100c-02-V2-LOCATIONS,D_chongqing,True,62.815413222820006,58064.357879999996,cy
True,582.903453166991,514.809060469506,C065,278.0,2,"[""D_chengdu"", ""D_chongqing""]","{""D_chengdu"": 582.903453166991, ""D_chongqing"": 68.09439269748499}",54386.40396,cn-cy-100c-02-V2-LOCATIONS,D_chongqing,True,68.09439269748499,51742.92144,cy
True,586.877664158893,520.223537462346,C066,347.0,2,"[""D_chengdu"", ""D_chongqing""]","{""D_chengdu"": 586.877664158893, ""D_chongqing"": 66.654126696547}",48414.85056,cn-cy-100c-02-V2-LOCATIONS,D_chongqing,True,66.654126696547,45110.2716,cy
True,573.3398923714201,502.34737784672006,C067,417.0,2,"[""D_chengdu"", ""D_chongqing""]","{""D_chengdu"": 573.3398923714201, ""D_chongqing"": 70.9925145247}",59316.56736,cn-cy-100c-02-V2-LOCATIONS,D_chongqing,True,70.9925145247,55890.80328,cy
True,582.2622143771799,514.751173075367,C068,347.0,2,"[""D_chengdu"", ""D_chongqing""]","{""D_chengdu"": 582.2622143771799, ""D_chongqing"": 67.51104130181301}",52539.73938,cn-cy-100c-02-V2-LOCATIONS,D_chongqing,True,67.51104130181301,49125.53448,cy
True,578.618448226758,501.858483748095,C069,208.0,2,"[""D_chengdu"", ""D_chongqing""]","{""D_chengdu"": 578.618448226758, ""D_chongqing"": 76.759964478663}",49333.60506,cn-cy-100c-02-V2-LOCATIONS,D_chongqing,True,76.759964478663,46388.0331,cy
True,566.4387378239471,482.80492661599214,C070,347.0,2,"[""D_chengdu"", ""D_chongqing""]","{""D_chengdu"": 566.4387378239471, ""D_chongqing"": 83.633811207955}",50584.418099999995,cn-cy-100c-02-V2-LOCATIONS,D_chongqing,True,83.633811207955,48392.59626,cy
True,583.872784085055,521.6253104197659,C071,208.0,2,"[""D_chengdu"", ""D_chongqing""]","{""D_chengdu"": 583.872784085055, ""D_chongqing"": 62.247473665289}",47155.54842,cn-cy-100c-02-V2-LOCATIONS,D_chongqing,True,62.247473665289,43984.03794,cy
True,562.373633978969,480.457260108883,C072,208.0,2,"[""D_chengdu"", ""D_chongqing""]","{""D_chengdu"": 562.373633978969, ""D_chongqing"": 81.91637387008599}",56533.66554,cn-cy-100c-02-V2-LOCATIONS,D_chongqing,True,81.91637387008599,54732.735,cy
True,586.768744713116,525.215647063557,C073,347.0,2,"[""D_chengdu"", ""D_chongqing""]","{""D_chengdu"": 586.768744713116, ""D_chongqing"": 61.553097649559}",48322.36734,cn-cy-100c-02-V2-LOCATIONS,D_chongqing,True,61.553097649559,45086.243460000005,cy
True,577.489508190083,513.25225896346,C074,417.0,2,"[""D_chengdu"", ""D_chongqing""]","{""D_chengdu"": 577.489508190083, ""D_chongqing"": 64.23724922662299}",50952.071879999996,cn-cy-100c-02-V2-LOCATIONS,D_chongqing,True,64.23724922662299,48573.9528,cy
True,587.700050160693,525.78987255542,C075,208.0,2,"[""D_chengdu"", ""D_chongqing""]","{""D_chengdu"": 587.700050160693, ""D_chongqing"": 61.910177605273}",50405.1984,cn-cy-100c-02-V2-LOCATIONS,D_chongqing,True,61.910177605273,47301.73338,cy
True,571.2970297311151,488.03246616989213,C076,208.0,2,"[""D_chengdu"", ""D_chongqing""]","{""D_chengdu"": 571.2970297311151, ""D_chongqing"": 83.26456356122301}",47963.31006,cn-cy-100c-02-V2-LOCATIONS,D_chongqing,True,83.26456356122301,44670.78198,cy
True,567.103251470351,488.83076421984697,C077,417.0,2,"[""D_chengdu"", ""D_chongqing""]","{""D_chengdu"": 567.103251470351, ""D_chongqing"": 78.272487250504}",61763.49384,cn-cy-100c-02-V2-LOCATIONS,D_chongqing,True,78.272487250504,58380.66066,cy
True,574.356882793919,503.014948265001,C078,208.0,2,"[""D_chengdu"", ""D_chongqing""]","{""D_chengdu"": 574.356882793919, ""D_chongqing"": 71.341934528918}",62424.95502,cn-cy-100c-02-V2-LOCATIONS,D_chongqing,True,71.341934528918,58853.14914,cy
True,574.3279769076521,502.7078542994291,C079,208.0,2,"[""D_chengdu"", ""D_chongqing""]","{""D_chengdu"": 574.3279769076521, ""D_chongqing"": 71.620122608223}",48438.734639999995,cn-cy-100c-02-V2-LOCATIONS,D_chongqing,True,71.620122608223,45861.0741,cy
True,581.1814302806999,511.33282760165196,C080,208.0,2,"[""D_chengdu"", ""D_chongqing""]","{""D_chengdu"": 581.1814302806999, ""D_chongqing"": 69.848602679048}",64488.7446,cn-cy-100c-02-V2-LOCATIONS,D_chongqing,True,69.848602679048,61784.27532,cy
True,572.5993614048481,500.92559266324906,C081,347.0,2,"[""D_chengdu"", ""D_chongqing""]","{""D_chengdu"": 572.5993614048481, ""D_chongqing"": 71.67376874159899}",53627.94384,cn-cy-100c-02-V2-LOCATIONS,D_chongqing,True,71.67376874159899,50394.60336,cy
True,560.917702313202,472.269692703195,C082,208.0,2,"[""D_chengdu"", ""D_chongqing""]","{""D_chengdu"": 560.917702313202, ""D_chongqing"": 88.648009610007}",47945.545560000006,cn-cy-100c-02-V2-LOCATIONS,D_chongqing,True,88.648009610007,45817.790460000004,cy
True,574.2354309151959,493.41712247173393,C083,417.0,2,"[""D_chengdu"", ""D_chongqing""]","{""D_chengdu"": 574.2354309151959, ""D_chongqing"": 80.818308443462}",57118.19934000001,cn-cy-100c-02-V2-LOCATIONS,D_chongqing,True,80.818308443462,55150.8021,cy
True,588.133829370943,524.998811014136,C084,278.0,2,"[""D_chengdu"", ""D_chongqing""]","{""D_chengdu"": 588.133829370943, ""D_chongqing"": 63.13501835680701}",59914.29606,cn-cy-100c-02-V2-LOCATIONS,D_chongqing,True,63.13501835680701,57423.5259,cy
True,564.261680578891,483.3949665339329,C085,417.0,2,"[""D_chengdu"", ""D_chongqing""]","{""D_chengdu"": 564.261680578891, ""D_chongqing"": 80.866714044958}",48492.6768,cn-cy-100c-02-V2-LOCATIONS,D_chongqing,True,80.866714044958,46166.13018,cy
True,587.114693804404,523.0656523348871,C086,347.0,2,"[""D_chengdu"", ""D_chongqing""]","{""D_chengdu"": 587.114693804404, ""D_chongqing"": 64.04904146951701}",46465.424640000005,cn-cy-100c-02-V2-LOCATIONS,D_chongqing,True,64.04904146951701,44611.4286,cy
True,582.511125758866,513.976794831972,C087,347.0,2,"[""D_chengdu"", ""D_chongqing""]","{""D_chengdu"": 582.511125758866, ""D_chongqing"": 68.534330926894}",63510.58284,cn-cy-100c-02-V2-LOCATIONS,D_chongqing,True,68.534330926894,60888.66732,cy
True,581.297585190733,512.541609205359,C088,139.0,2,"[""D_chengdu"", ""D_chongqing""]","{""D_chengdu"": 581.297585190733, ""D_chongqing"": 68.755975985374}",52557.083640000004,cn-cy-100c-02-V2-LOCATIONS,D_chongqing,True,68.755975985374,49260.316679999996,cy
True,571.193036261858,496.35434607263494,C089,139.0,2,"[""D_chengdu"", ""D_chongqing""]","{""D_chengdu"": 571.193036261858, ""D_chongqing"": 74.83869018922302}",43677.91152,cn-cy-100c-02-V2-LOCATIONS,D_chongqing,True,74.83869018922302,41151.99282,cy
True,573.733909131249,501.514126855341,C090,347.0,2,"[""D_chengdu"", ""D_chongqing""]","{""D_chengdu"": 573.733909131249, ""D_chongqing"": 72.219782275908}",46273.51344,cn-cy-100c-02-V2-LOCATIONS,D_chongqing,True,72.219782275908,44321.66562,cy
True,586.071076799768,524.372686607616,C091,347.0,2,"[""D_chengdu"", ""D_chongqing""]","{""D_chengdu"": 586.071076799768, ""D_chongqing"": 61.698390192152004}",62330.6319,cn-cy-100c-02-V2-LOCATIONS,D_chongqing,True,61.698390192152004,59257.247279999996,cy
True,578.584474843368,505.96948427721,C092,347.0,2,"[""D_chengdu"", ""D_chongqing""]","{""D_chengdu"": 578.584474843368, ""D_chongqing"": 72.614990566158}",51906.69168,cn-cy-100c-02-V2-LOCATIONS,D_chongqing,True,72.614990566158,48735.5175,cy
True,574.171920262406,497.9669426053131,C093,139.0,2,"[""D_chengdu"", ""D_chongqing""]","{""D_chengdu"": 574.171920262406, ""D_chongqing"": 76.204977657093}",47161.046519999996,cn-cy-100c-02-V2-LOCATIONS,D_chongqing,True,76.204977657093,45232.01178,cy
True,576.3840576741791,500.2346197573291,C094,139.0,2,"[""D_chengdu"", ""D_chongqing""]","{""D_chengdu"": 576.3840576741791, ""D_chongqing"": 76.14943791685}",58699.256700000005,cn-cy-100c-02-V2-LOCATIONS,D_chongqing,True,76.14943791685,55206.38322,cy
True,587.4065536027471,522.185086804831,C095,208.0,2,"[""D_chengdu"", ""D_chongqing""]","{""D_chengdu"": 587.4065536027471, ""D_chongqing"": 65.221466797916}",51985.44822,cn-cy-100c-02-V2-LOCATIONS,D_chongqing,True,65.221466797916,48552.7317,cy
True,581.517571223842,508.94358933032095,C096,208.0,2,"[""D_chengdu"", ""D_chongqing""]","{""D_chengdu"": 581.517571223842, ""D_chongqing"": 72.57398189352101}",48758.41782,cn-cy-100c-02-V2-LOCATIONS,D_chongqing,True,72.57398189352101,45540.60018,cy
True,579.666459701966,515.832497996099,C097,139.0,2,"[""D_chengdu"", ""D_chongqing""]","{""D_chengdu"": 579.666459701966, ""D_chongqing"": 63.833961705867}",55337.34294,cn-cy-100c-02-V2-LOCATIONS,D_chongqing,True,63.833961705867,52950.68076,cy
True,581.4046843268391,511.81105856051005,C098,139.0,2,"[""D_chengdu"", ""D_chongqing""]","{""D_chengdu"": 581.4046843268391, ""D_chongqing"": 69.593625766329}",63907.28952,cn-cy-100c-02-V2-LOCATIONS,D_chongqing,True,69.593625766329,60615.92148,cy
True,581.4433232003581,513.1743155215681,C099,208.0,2,"[""D_chengdu"", ""D_chongqing""]","{""D_chengdu"": 581.4433232003581, ""D_chongqing"": 68.26900767879}",51677.764259999996,cn-cy-100c-02-V2-LOCATIONS,D_chongqing,True,68.26900767879,48472.52502,cy
True,581.920991208092,514.706117356492,C100,208.0,2,"[""D_chengdu"", ""D_chongqing""]","{""D_chengdu"": 581.920991208092, ""D_chongqing"": 67.2148738516}",47248.52562,cn-cy-100c-02-V2-LOCATIONS,D_chongqing,True,67.2148738516,45056.92104,cy
True,678.364245751673,623.289108462879,C001,347.0,2,"[""D_chengdu"", ""D_chongqing""]","{""D_chengdu"": 55.075137288794004, ""D_chongqing"": 678.364245751673}",49610.664,cn-cy-100c-03-V2-LOCATIONS,D_chengdu,True,55.075137288794004,46704.96906,cy
True,668.5401537625459,621.0417133381789,C002,139.0,2,"[""D_chengdu"", ""D_chongqing""]","{""D_chengdu"": 47.498440424367, ""D_chongqing"": 668.5401537625459}",52191.7497,cn-cy-100c-03-V2-LOCATIONS,D_chengdu,True,47.498440424367,48729.49800000001,cy
True,650.137656015892,603.4750097986911,C003,347.0,2,"[""D_chengdu"", ""D_chongqing""]","{""D_chengdu"": 46.662646217201, ""D_chongqing"": 650.137656015892}",47818.0872,cn-cy-100c-03-V2-LOCATIONS,D_chengdu,True,46.662646217201,45896.197380000005,cy
True,656.1669405962759,606.0153487253349,C004,139.0,2,"[""D_chengdu"", ""D_chongqing""]","{""D_chengdu"": 50.151591870941004, ""D_chongqing"": 656.1669405962759}",53768.0193,cn-cy-100c-03-V2-LOCATIONS,D_chengdu,True,50.151591870941004,50597.6013,cy
True,672.78997708135,623.325270488537,C005,139.0,2,"[""D_chengdu"", ""D_chongqing""]","{""D_chengdu"": 49.464706592813, ""D_chongqing"": 672.78997708135}",61056.122879999995,cn-cy-100c-03-V2-LOCATIONS,D_chengdu,True,49.464706592813,57484.331699999995,cy
True,654.267059944673,606.9197752194109,C006,417.0,2,"[""D_chengdu"", ""D_chongqing""]","{""D_chengdu"": 47.347284725262, ""D_chongqing"": 654.267059944673}",60680.79492,cn-cy-100c-03-V2-LOCATIONS,D_chengdu,True,47.347284725262,58307.27496,cy
True,656.838842959016,606.015348725334,C007,417.0,2,"[""D_chengdu"", ""D_chongqing""]","{""D_chengdu"": 50.823494233682005, ""D_chongqing"": 656.838842959016}",61883.153640000004,cn-cy-100c-03-V2-LOCATIONS,D_chengdu,True,50.823494233682005,58978.7877,cy
True,661.691023084644,618.673509500121,C008,208.0,2,"[""D_chengdu"", ""D_chongqing""]","{""D_chengdu"": 43.017513584522995, ""D_chongqing"": 661.691023084644}",47945.545560000006,cn-cy-100c-03-V2-LOCATIONS,D_chengdu,True,43.017513584522995,45817.790460000004,cy
True,657.248972159976,606.015348725334,C009,347.0,2,"[""D_chengdu"", ""D_chongqing""]","{""D_chengdu"": 51.233623434642006, ""D_chongqing"": 657.248972159976}",50686.61166,cn-cy-100c-03-V2-LOCATIONS,D_chengdu,True,51.233623434642006,48334.1682,cy
True,655.8471138502091,606.596171902991,C010,208.0,2,"[""D_chengdu"", ""D_chongqing""]","{""D_chengdu"": 49.250941947218, ""D_chongqing"": 655.8471138502091}",49033.7088,cn-cy-100c-03-V2-LOCATIONS,D_chengdu,True,49.250941947218,46860.36042,cy
True,653.2619911031469,602.9994022362259,C011,208.0,2,"[""D_chengdu"", ""D_chongqing""]","{""D_chengdu"": 50.26258886692099, ""D_chongqing"": 653.2619911031469}",51125.32644,cn-cy-100c-03-V2-LOCATIONS,D_chengdu,True,50.26258886692099,48896.36184,cy
True,675.072913549186,623.779141321545,C012,139.0,2,"[""D_chengdu"", ""D_chongqing""]","{""D_chengdu"": 51.293772227641, ""D_chongqing"": 675.072913549186}",56332.79208,cn-cy-100c-03-V2-LOCATIONS,D_chengdu,True,51.293772227641,52789.22694,cy
True,655.829560302495,605.718595273022,C013,278.0,2,"[""D_chengdu"", ""D_chongqing""]","{""D_chengdu"": 50.11096502947299, ""D_chongqing"": 655.829560302495}",46758.4557,cn-cy-100c-03-V2-LOCATIONS,D_chengdu,True,50.11096502947299,43830.811259999995,cy
True,666.9379593639931,617.560855488732,C014,417.0,2,"[""D_chengdu"", ""D_chongqing""]","{""D_chengdu"": 49.37710387526101, ""D_chongqing"": 666.9379593639931}",47857.549439999995,cn-cy-100c-03-V2-LOCATIONS,D_chengdu,True,49.37710387526101,44671.92744,cy
True,657.675479639985,604.066322336178,C015,139.0,2,"[""D_chengdu"", ""D_chongqing""]","{""D_chengdu"": 53.609157303806995, ""D_chongqing"": 657.675479639985}",51937.52178,cn-cy-100c-03-V2-LOCATIONS,D_chengdu,True,53.609157303806995,48816.07146,cy
True,669.3833782780589,620.0419120854239,C016,278.0,2,"[""D_chengdu"", ""D_chongqing""]","{""D_chengdu"": 49.341466192634996, ""D_chongqing"": 669.3833782780589}",45987.3264,cn-cy-100c-03-V2-LOCATIONS,D_chengdu,True,49.341466192634996,42641.571,cy
True,662.283379128666,619.405751980003,C017,417.0,2,"[""D_chengdu"", ""D_chongqing""]","{""D_chengdu"": 42.877627148663, ""D_chongqing"": 662.283379128666}",59316.56736,cn-cy-100c-03-V2-LOCATIONS,D_chengdu,True,42.877627148663,55890.80328,cy
True,663.8695255851031,603.2078184961731,C018,417.0,2,"[""D_chengdu"", ""D_chongqing""]","{""D_chengdu"": 60.66170708893, ""D_chongqing"": 663.8695255851031}",45578.13384,cn-cy-100c-03-V2-LOCATIONS,D_chengdu,True,60.66170708893,43773.82782,cy
True,670.054847626653,615.9450898330999,C019,278.0,2,"[""D_chengdu"", ""D_chongqing""]","{""D_chengdu"": 54.109757793553, ""D_chongqing"": 670.054847626653}",51564.26376,cn-cy-100c-03-V2-LOCATIONS,D_chengdu,True,54.109757793553,48690.70776,cy
True,653.240502047984,605.9593884452061,C020,347.0,2,"[""D_chengdu"", ""D_chongqing""]","{""D_chengdu"": 47.281113602778, ""D_chongqing"": 653.240502047984}",47946.01236,cn-cy-100c-03-V2-LOCATIONS,D_chengdu,True,47.281113602778,44966.7555,cy
True,655.485041978203,604.404511542318,C021,139.0,2,"[""D_chengdu"", ""D_chongqing""]","{""D_chengdu"": 51.080530435884995, ""D_chongqing"": 655.485041978203}",47997.16968,cn-cy-100c-03-V2-LOCATIONS,D_chengdu,True,51.080530435884995,44884.96272,cy
True,671.064874388196,618.6506967364451,C022,139.0,2,"[""D_chengdu"", ""D_chongqing""]","{""D_chengdu"": 52.414177651751004, ""D_chongqing"": 671.064874388196}",51012.710340000005,cn-cy-100c-03-V2-LOCATIONS,D_chengdu,True,52.414177651751004,47731.00602,cy
True,673.3000479823321,625.9851895347281,C023,417.0,2,"[""D_chengdu"", ""D_chongqing""]","{""D_chengdu"": 47.314858447603996, ""D_chongqing"": 673.3000479823321}",59544.05988,cn-cy-100c-03-V2-LOCATIONS,D_chengdu,True,47.314858447603996,56862.09612,cy
True,651.974091349599,605.901791181905,C024,278.0,2,"[""D_chengdu"", ""D_chongqing""]","{""D_chengdu"": 46.072300167694, ""D_chongqing"": 651.974091349599}",46191.7938,cn-cy-100c-03-V2-LOCATIONS,D_chengdu,True,46.072300167694,43177.26768,cy
True,658.517717425377,606.015348725335,C025,139.0,2,"[""D_chengdu"", ""D_chongqing""]","{""D_chengdu"": 52.502368700042005, ""D_chongqing"": 658.517717425377}",47670.02868,cn-cy-100c-03-V2-LOCATIONS,D_chengdu,True,52.502368700042005,44990.7189,cy
True,677.617878835256,619.581751398562,C026,139.0,2,"[""D_chengdu"", ""D_chongqing""]","{""D_chengdu"": 58.036127436694, ""D_chongqing"": 677.617878835256}",50840.11236,cn-cy-100c-03-V2-LOCATIONS,D_chengdu,True,58.036127436694,48516.50838,cy
True,651.8458594886919,602.0420802394879,C027,208.0,2,"[""D_chengdu"", ""D_chongqing""]","{""D_chengdu"": 49.803779249204005, ""D_chongqing"": 651.8458594886919}",65798.20914,cn-cy-100c-03-V2-LOCATIONS,D_chengdu,True,49.803779249204005,62488.44881999999,cy
True,650.8907108392331,606.0153487253351,C028,139.0,2,"[""D_chengdu"", ""D_chongqing""]","{""D_chengdu"": 44.875362113898, ""D_chongqing"": 650.8907108392331}",50999.747039999995,cn-cy-100c-03-V2-LOCATIONS,D_chengdu,True,44.875362113898,47449.756440000005,cy
True,670.6976518186301,621.596537147054,C029,417.0,2,"[""D_chengdu"", ""D_chongqing""]","{""D_chengdu"": 49.101114671576, ""D_chongqing"": 670.6976518186301}",43386.021720000004,cn-cy-100c-03-V2-LOCATIONS,D_chengdu,True,49.101114671576,40867.34328,cy
True,655.133221186097,602.607064516768,C030,139.0,2,"[""D_chengdu"", ""D_chongqing""]","{""D_chengdu"": 52.526156669329, ""D_chongqing"": 655.133221186097}",47902.36782,cn-cy-100c-03-V2-LOCATIONS,D_chengdu,True,52.526156669329,45856.830239999996,cy
True,669.745872571523,614.560575799013,C031,347.0,2,"[""D_chengdu"", ""D_chongqing""]","{""D_chengdu"": 55.18529677251, ""D_chongqing"": 669.745872571523}",52407.1617,cn-cy-100c-03-V2-LOCATIONS,D_chengdu,True,55.18529677251,49914.96564,cy
True,656.6784819447571,601.5519543097411,C032,347.0,2,"[""D_chengdu"", ""D_chongqing""]","{""D_chengdu"": 55.126527635016, ""D_chongqing"": 656.6784819447571}",63510.58284,cn-cy-100c-03-V2-LOCATIONS,D_chengdu,True,55.126527635016,60888.66732,cy
True,656.3458244581778,606.5961719029908,C033,139.0,2,"[""D_chengdu"", ""D_chongqing""]","{""D_chengdu"": 49.749652555187, ""D_chongqing"": 656.3458244581778}",62173.892700000004,cn-cy-100c-03-V2-LOCATIONS,D_chengdu,True,49.749652555187,59482.0836,cy
True,658.422655959355,604.134868041083,C034,278.0,2,"[""D_chengdu"", ""D_chongqing""]","{""D_chengdu"": 54.287787918272, ""D_chongqing"": 658.422655959355}",50086.910579999996,cn-cy-100c-03-V2-LOCATIONS,D_chengdu,True,54.287787918272,47116.09152,cy
True,650.99862065054,605.273992351605,C035,139.0,2,"[""D_chengdu"", ""D_chongqing""]","{""D_chengdu"": 45.724628298935, ""D_chongqing"": 650.99862065054}",63713.969699999994,cn-cy-100c-03-V2-LOCATIONS,D_chengdu,True,45.724628298935,60932.59398,cy
True,673.270986336453,622.824477735421,C036,417.0,2,"[""D_chengdu"", ""D_chongqing""]","{""D_chengdu"": 50.446508601032, ""D_chongqing"": 673.270986336453}",58735.36146,cn-cy-100c-03-V2-LOCATIONS,D_chengdu,True,50.446508601032,56345.70096,cy
True,651.9771652125521,600.191718469244,C037,347.0,2,"[""D_chengdu"", ""D_chongqing""]","{""D_chengdu"": 51.785446743308, ""D_chongqing"": 651.9771652125521}",51498.89604,cn-cy-100c-03-V2-LOCATIONS,D_chengdu,True,51.785446743308,49333.5402,cy
True,653.64618583676,603.4526374625669,C038,208.0,2,"[""D_chengdu"", ""D_chongqing""]","{""D_chengdu"": 50.193548374193, ""D_chongqing"": 653.64618583676}",52343.38782,cn-cy-100c-03-V2-LOCATIONS,D_chengdu,True,50.193548374193,49615.8735,cy
True,657.1376736100141,605.9741830553861,C039,417.0,2,"[""D_chengdu"", ""D_chongqing""]","{""D_chengdu"": 51.163490554628, ""D_chongqing"": 657.1376736100141}",57649.3911,cn-cy-100c-03-V2-LOCATIONS,D_chengdu,True,51.163490554628,55569.01488,cy
True,670.8710395526961,621.769925503587,C040,139.0,2,"[""D_chengdu"", ""D_chongqing""]","{""D_chengdu"": 49.10111404910901, ""D_chongqing"": 670.8710395526961}",60190.51362,cn-cy-100c-03-V2-LOCATIONS,D_chengdu,True,49.10111404910901,56860.73346,cy
True,657.571578482449,602.607064516768,C041,139.0,2,"[""D_chengdu"", ""D_chongqing""]","{""D_chengdu"": 54.964513965681, ""D_chongqing"": 657.571578482449}",53356.051739999995,cn-cy-100c-03-V2-LOCATIONS,D_chengdu,True,54.964513965681,50428.151640000004,cy
True,654.040007551448,601.757304280404,C042,278.0,2,"[""D_chengdu"", ""D_chongqing""]","{""D_chengdu"": 52.282703271044, ""D_chongqing"": 654.040007551448}",63568.07400000001,cn-cy-100c-03-V2-LOCATIONS,D_chengdu,True,52.282703271044,60155.94258,cy
True,574.7744130587361,504.6299244851821,C043,139.0,2,"[""D_chengdu"", ""D_chongqing""]","{""D_chengdu"": 574.7744130587361, ""D_chongqing"": 70.144488573554}",44608.4484,cn-cy-100c-03-V2-LOCATIONS,D_chongqing,True,70.144488573554,42568.02756,cy
True,582.039379457244,514.706117356492,C044,208.0,2,"[""D_chengdu"", ""D_chongqing""]","{""D_chengdu"": 582.039379457244, ""D_chongqing"": 67.33326210075201}",53039.54022,cn-cy-100c-03-V2-LOCATIONS,D_chongqing,True,67.33326210075201,51223.43952,cy
True,595.97989881126,537.504739958466,C045,278.0,2,"[""D_chengdu"", ""D_chongqing""]","{""D_chengdu"": 595.97989881126, ""D_chongqing"": 58.475158852794}",62600.660579999996,cn-cy-100c-03-V2-LOCATIONS,D_chongqing,True,58.475158852794,60719.82408,cy
True,577.4895081719731,512.7650719088871,C046,347.0,2,"[""D_chengdu"", ""D_chongqing""]","{""D_chengdu"": 577.4895081719731, ""D_chongqing"": 64.72443626308599}",56471.41332,cn-cy-100c-03-V2-LOCATIONS,D_chongqing,True,64.72443626308599,53712.55068,cy
True,558.9654538872919,474.1132180730939,C047,208.0,2,"[""D_chengdu"", ""D_chongqing""]","{""D_chengdu"": 558.9654538872919, ""D_chongqing"": 84.85223581419801}",45883.07274,cn-cy-100c-03-V2-LOCATIONS,D_chongqing,True,84.85223581419801,44042.086619999995,cy
True,577.422073145997,501.02530070930203,C048,208.0,2,"[""D_chengdu"", ""D_chongqing""]","{""D_chengdu"": 577.422073145997, ""D_chongqing"": 76.396772436695}",53556.5268,cn-cy-100c-03-V2-LOCATIONS,D_chongqing,True,76.396772436695,51046.79124,cy
True,574.16929218426,495.420827833139,C049,208.0,2,"[""D_chengdu"", ""D_chongqing""]","{""D_chengdu"": 574.16929218426, ""D_chongqing"": 78.748464351121}",50449.13832,cn-cy-100c-03-V2-LOCATIONS,D_chongqing,True,78.748464351121,47862.10128,cy
True,556.3425980096811,475.56900133637606,C050,139.0,2,"[""D_chengdu"", ""D_chongqing""]","{""D_chengdu"": 556.3425980096811, ""D_chongqing"": 80.77359667330501}",52557.083640000004,cn-cy-100c-03-V2-LOCATIONS,D_chongqing,True,80.77359667330501,49260.316679999996,cy
True,581.404684201535,511.81105856051005,C051,347.0,2,"[""D_chengdu"", ""D_chongqing""]","{""D_chengdu"": 581.404684201535, ""D_chongqing"": 69.59362564102499}",63644.292839999995,cn-cy-100c-03-V2-LOCATIONS,D_chongqing,True,69.59362564102499,60052.21362,cy
True,581.826741882338,514.6068987889929,C052,139.0,2,"[""D_chengdu"", ""D_chongqing""]","{""D_chengdu"": 581.826741882338, ""D_chongqing"": 67.219843093345}",53801.26062,cn-cy-100c-03-V2-LOCATIONS,D_chongqing,True,67.219843093345,50404.150799999996,cy
True,566.496294938584,489.62239105636104,C053,417.0,2,"[""D_chengdu"", ""D_chongqing""]","{""D_chengdu"": 566.496294938584, ""D_chongqing"": 76.873903882223}",49382.87478,cn-cy-100c-03-V2-LOCATIONS,D_chongqing,True,76.873903882223,46557.9798,cy
True,584.9079307732701,516.657226660174,C054,417.0,2,"[""D_chengdu"", ""D_chongqing""]","{""D_chengdu"": 584.9079307732701, ""D_chongqing"": 68.25070411309599}",65262.88854,cn-cy-100c-03-V2-LOCATIONS,D_chongqing,True,68.25070411309599,61984.533540000004,cy
True,576.5825344433989,512.5929721417299,C055,278.0,2,"[""D_chengdu"", ""D_chongqing""]","{""D_chengdu"": 576.5825344433989, ""D_chongqing"": 63.98956230166901}",57348.75774,cn-cy-100c-03-V2-LOCATIONS,D_chongqing,True,63.98956230166901,53983.41552,cy
True,581.6927623251339,518.8282027320929,C056,139.0,2,"[""D_chengdu"", ""D_chongqing""]","{""D_chengdu"": 581.6927623251339, ""D_chongqing"": 62.864559593041}",46561.10262,cn-cy-100c-03-V2-LOCATIONS,D_chongqing,True,62.864559593041,43386.41898,cy
True,575.345161504118,503.687475229504,C057,417.0,2,"[""D_chengdu"", ""D_chongqing""]","{""D_chengdu"": 575.345161504118, ""D_chongqing"": 71.65768627461401}",63547.11798,cn-cy-100c-03-V2-LOCATIONS,D_chongqing,True,71.65768627461401,61713.9624,cy
True,582.642588598566,513.976794831972,C058,278.0,2,"[""D_chengdu"", ""D_chongqing""]","{""D_chengdu"": 582.642588598566, ""D_chongqing"": 68.66579376659399}",53005.748759999995,cn-cy-100c-03-V2-LOCATIONS,D_chongqing,True,68.66579376659399,49590.995579999995,cy
True,568.209095740722,487.683401207182,C059,278.0,2,"[""D_chengdu"", ""D_chongqing""]","{""D_chengdu"": 568.209095740722, ""D_chongqing"": 80.52569453353999}",50922.57318,cn-cy-100c-03-V2-LOCATIONS,D_chongqing,True,80.52569453353999,48664.61844,cy
True,586.598311942306,528.321932009764,C060,347.0,2,"[""D_chengdu"", ""D_chongqing""]","{""D_chengdu"": 586.598311942306, ""D_chongqing"": 58.276379932542}",50951.04468,cn-cy-100c-03-V2-LOCATIONS,D_chongqing,True,58.276379932542,47949.02838,cy
True,585.963722282872,524.69138952601,C061,139.0,2,"[""D_chengdu"", ""D_chongqing""]","{""D_chengdu"": 585.963722282872, ""D_chongqing"": 61.272332756862}",64192.87475999999,cn-cy-100c-03-V2-LOCATIONS,D_chongqing,True,61.272332756862,61668.14502,cy
True,571.527544460869,506.06563178764,C062,417.0,2,"[""D_chengdu"", ""D_chongqing""]","{""D_chengdu"": 571.527544460869, ""D_chongqing"": 65.46191267322901}",59469.02358,cn-cy-100c-03-V2-LOCATIONS,D_chongqing,True,65.46191267322901,56574.982860000004,cy
True,581.826741923898,515.244307816602,C063,139.0,2,"[""D_chengdu"", ""D_chongqing""]","{""D_chengdu"": 581.826741923898, ""D_chongqing"": 66.582434107296}",51734.76798,cn-cy-100c-03-V2-LOCATIONS,D_chongqing,True,66.582434107296,48259.778340000004,cy
True,577.3625414561899,514.0631933844569,C064,347.0,2,"[""D_chengdu"", ""D_chongqing""]","{""D_chengdu"": 577.3625414561899, ""D_chongqing"": 63.29934807173299}",54357.75684,cn-cy-100c-03-V2-LOCATIONS,D_chongqing,True,63.29934807173299,51512.251019999996,cy
True,584.6355308603208,520.5008467045209,C065,278.0,2,"[""D_chengdu"", ""D_chongqing""]","{""D_chengdu"": 584.6355308603208, ""D_chongqing"": 64.1346841558}",61389.31854,cn-cy-100c-03-V2-LOCATIONS,D_chongqing,True,64.1346841558,58170.29928,cy
True,586.739042535073,520.0504394705121,C066,208.0,2,"[""D_chengdu"", ""D_chongqing""]","{""D_chengdu"": 586.739042535073, ""D_chongqing"": 66.68860306456101}",61862.588460000006,cn-cy-100c-03-V2-LOCATIONS,D_chongqing,True,66.68860306456101,59295.44214,cy
True,578.930968026945,501.85848374809507,C067,347.0,2,"[""D_chengdu"", ""D_chongqing""]","{""D_chengdu"": 578.930968026945, ""D_chongqing"": 77.07248427885}",64707.678,cn-cy-100c-03-V2-LOCATIONS,D_chongqing,True,77.07248427885,62464.76556,cy
True,583.0137065961101,515.0598765859851,C068,139.0,2,"[""D_chengdu"", ""D_chongqing""]","{""D_chengdu"": 583.0137065961101, ""D_chongqing"": 67.953830010125}",60214.30092,cn-cy-100c-03-V2-LOCATIONS,D_chongqing,True,67.953830010125,57379.241160000005,cy
True,574.0107018984651,498.1821345850321,C069,208.0,2,"[""D_chengdu"", ""D_chongqing""]","{""D_chengdu"": 574.0107018984651, ""D_chongqing"": 75.828567313433}",58814.61414,cn-cy-100c-03-V2-LOCATIONS,D_chongqing,True,75.828567313433,56065.69884,cy
True,583.621334947121,511.513623518835,C070,139.0,2,"[""D_chengdu"", ""D_chongqing""]","{""D_chengdu"": 583.621334947121, ""D_chongqing"": 72.107711428286}",62069.200919999996,cn-cy-100c-03-V2-LOCATIONS,D_chongqing,True,72.107711428286,59390.5791,cy
True,577.4035563311539,503.91380378265694,C071,278.0,2,"[""D_chengdu"", ""D_chongqing""]","{""D_chengdu"": 577.4035563311539, ""D_chongqing"": 73.489752548497}",63791.44445999999,cn-cy-100c-03-V2-LOCATIONS,D_chongqing,True,73.489752548497,61920.63540000001,cy
True,580.9378247649221,513.5268878499971,C072,139.0,2,"[""D_chengdu"", ""D_chongqing""]","{""D_chengdu"": 580.9378247649221, ""D_chongqing"": 67.410936914925}",47885.91906,cn-cy-100c-03-V2-LOCATIONS,D_chongqing,True,67.410936914925,45861.82296,cy
True,582.468433646986,513.976794831972,C073,208.0,2,"[""D_chengdu"", ""D_chongqing""]","{""D_chengdu"": 582.468433646986, ""D_chongqing"": 68.491638815014}",47155.54842,cn-cy-100c-03-V2-LOCATIONS,D_chongqing,True,68.491638815014,43984.03794,cy
True,581.99156081048,514.706117356492,C074,139.0,2,"[""D_chengdu"", ""D_chongqing""]","{""D_chengdu"": 581.99156081048, ""D_chongqing"": 67.28544345398801}",50708.3886,cn-cy-100c-03-V2-LOCATIONS,D_chongqing,True,67.28544345398801,47815.625400000004,cy
True,580.0485925915469,511.9509518348369,C075,139.0,2,"[""D_chengdu"", ""D_chongqing""]","{""D_chengdu"": 580.0485925915469, ""D_chongqing"": 68.09764075670999}",58096.530900000005,cn-cy-100c-03-V2-LOCATIONS,D_chongqing,True,68.09764075670999,55339.03134,cy
True,582.2622143953799,514.751173075367,C076,278.0,2,"[""D_chengdu"", ""D_chongqing""]","{""D_chengdu"": 582.2622143953799, ""D_chongqing"": 67.51104132001299}",44618.0679,cn-cy-100c-03-V2-LOCATIONS,D_chongqing,True,67.51104132001299,42583.98942,cy
True,583.013706590334,515.059876585985,C077,278.0,2,"[""D_chengdu"", ""D_chongqing""]","{""D_chengdu"": 583.013706590334, ""D_chongqing"": 67.953830004349}",43955.66364,cn-cy-100c-03-V2-LOCATIONS,D_chongqing,True,67.953830004349,41162.505359999996,cy
True,570.480981071165,493.22055678868907,C078,417.0,2,"[""D_chengdu"", ""D_chongqing""]","{""D_chengdu"": 570.480981071165, ""D_chongqing"": 77.260424282476}",63340.15134,cn-cy-100c-03-V2-LOCATIONS,D_chongqing,True,77.260424282476,60135.204600000005,cy
True,574.579918236097,503.658092192573,C079,139.0,2,"[""D_chengdu"", ""D_chongqing""]","{""D_chengdu"": 574.579918236097, ""D_chongqing"": 70.92182604352399}",60416.097720000005,cn-cy-100c-03-V2-LOCATIONS,D_chongqing,True,70.92182604352399,57157.561200000004,cy
True,574.329704981577,496.73658412103003,C080,278.0,2,"[""D_chengdu"", ""D_chongqing""]","{""D_chengdu"": 574.329704981577, ""D_chongqing"": 77.593120860547}",54474.38628,cn-cy-100c-03-V2-LOCATIONS,D_chongqing,True,77.593120860547,52316.12058,cy
True,568.094789312322,479.85641364964096,C081,278.0,2,"[""D_chengdu"", ""D_chongqing""]","{""D_chengdu"": 568.094789312322, ""D_chongqing"": 88.23837566268101}",44500.51002,cn-cy-100c-03-V2-LOCATIONS,D_chongqing,True,88.23837566268101,42047.01906,cy
True,571.7358849970179,497.19497091121593,C082,347.0,2,"[""D_chengdu"", ""D_chongqing""]","{""D_chengdu"": 571.7358849970179, ""D_chongqing"": 74.540914085802}",48388.94256,cn-cy-100c-03-V2-LOCATIONS,D_chongqing,True,74.540914085802,44799.825540000005,cy
True,582.2622144049599,514.7511730753669,C083,139.0,2,"[""D_chengdu"", ""D_chongqing""]","{""D_chengdu"": 582.2622144049599, ""D_chongqing"": 67.511041329593}",57294.989760000004,cn-cy-100c-03-V2-LOCATIONS,D_chongqing,True,67.511041329593,54559.47648,cy
True,570.30313347229,478.88854960006904,C084,278.0,2,"[""D_chengdu"", ""D_chongqing""]","{""D_chengdu"": 570.30313347229, ""D_chongqing"": 91.414583872221}",63791.44445999999,cn-cy-100c-03-V2-LOCATIONS,D_chongqing,True,91.414583872221,61920.63540000001,cy
True,575.555461080817,506.33317271426705,C085,278.0,2,"[""D_chengdu"", ""D_chongqing""]","{""D_chengdu"": 575.555461080817, ""D_chongqing"": 69.22228836655}",51300.12924,cn-cy-100c-03-V2-LOCATIONS,D_chongqing,True,69.22228836655,48560.37636,cy
True,572.162109457497,507.285579984135,C086,139.0,2,"[""D_chengdu"", ""D_chongqing""]","{""D_chengdu"": 572.162109457497, ""D_chongqing"": 64.876529473362}",50377.146779999995,cn-cy-100c-03-V2-LOCATIONS,D_chongqing,True,64.876529473362,47360.04456,cy
True,582.903453172891,514.809060469506,C087,208.0,2,"[""D_chengdu"", ""D_chongqing""]","{""D_chengdu"": 582.903453172891, ""D_chongqing"": 68.09439270338501}",53556.5268,cn-cy-100c-03-V2-LOCATIONS,D_chongqing,True,68.09439270338501,51046.79124,cy
True,584.035220360554,513.791230032112,C088,417.0,2,"[""D_chengdu"", ""D_chongqing""]","{""D_chengdu"": 584.035220360554, ""D_chongqing"": 70.243990328442}",50670.38226,cn-cy-100c-03-V2-LOCATIONS,D_chongqing,True,70.243990328442,47849.46768,cy
True,580.937824778684,513.526887849997,C089,278.0,2,"[""D_chengdu"", ""D_chongqing""]","{""D_chengdu"": 580.937824778684, ""D_chongqing"": 67.41093692868701}",62117.75148,cn-cy-100c-03-V2-LOCATIONS,D_chongqing,True,67.41093692868701,58910.424,cy
True,556.479807189337,475.422579176652,C090,139.0,2,"[""D_chengdu"", ""D_chongqing""]","{""D_chengdu"": 556.479807189337, ""D_chongqing"": 81.05722801268499}",50631.18054,cn-cy-100c-03-V2-LOCATIONS,D_chongqing,True,81.05722801268499,47091.43566,cy
True,558.4303513114149,474.31331153300596,C091,417.0,2,"[""D_chengdu"", ""D_chongqing""]","{""D_chengdu"": 558.4303513114149, ""D_chongqing"": 84.11703977840901}",55701.9936,cn-cy-100c-03-V2-LOCATIONS,D_chongqing,True,84.11703977840901,52819.274999999994,cy
True,591.487756592502,544.1255905402401,C092,417.0,2,"[""D_chengdu"", ""D_chongqing""]","{""D_chengdu"": 591.487756592502, ""D_chongqing"": 47.362166052262}",46022.70828,cn-cy-100c-03-V2-LOCATIONS,D_chongqing,True,47.362166052262,43981.97466,cy
True,585.924126601576,526.8903180403739,C093,208.0,2,"[""D_chengdu"", ""D_chongqing""]","{""D_chengdu"": 585.924126601576, ""D_chongqing"": 59.033808561202}",57847.43262,cn-cy-100c-03-V2-LOCATIONS,D_chongqing,True,59.033808561202,55287.8808,cy
True,579.75722733722,512.656498124695,C094,208.0,2,"[""D_chengdu"", ""D_chongqing""]","{""D_chengdu"": 579.75722733722, ""D_chongqing"": 67.100729212525}",46698.47268,cn-cy-100c-03-V2-LOCATIONS,D_chongqing,True,67.100729212525,43548.79638,cy
True,564.571271279699,482.478249742098,C095,347.0,2,"[""D_chengdu"", ""D_chongqing""]","{""D_chengdu"": 564.571271279699, ""D_chongqing"": 82.09302153760099}",50641.92462,cn-cy-100c-03-V2-LOCATIONS,D_chongqing,True,82.09302153760099,48096.24036,cy
True,586.404684654669,524.6328625612771,C096,208.0,2,"[""D_chengdu"", ""D_chongqing""]","{""D_chengdu"": 586.404684654669, ""D_chongqing"": 61.771822093392}",47671.92882,cn-cy-100c-03-V2-LOCATIONS,D_chongqing,True,61.771822093392,44297.06856,cy
True,571.5643204142509,504.7680610958819,C097,347.0,2,"[""D_chengdu"", ""D_chongqing""]","{""D_chengdu"": 571.5643204142509, ""D_chongqing"": 66.79625931836901}",51231.550500000005,cn-cy-100c-03-V2-LOCATIONS,D_chongqing,True,66.79625931836901,48327.71232,cy
True,573.7339091431589,501.5141268553409,C098,347.0,2,"[""D_chengdu"", ""D_chongqing""]","{""D_chengdu"": 573.7339091431589, ""D_chongqing"": 72.219782287818}",51265.267980000004,cn-cy-100c-03-V2-LOCATIONS,D_chongqing,True,72.219782287818,48362.4825,cy
True,573.7339091651891,501.51412685534103,C099,208.0,2,"[""D_chengdu"", ""D_chongqing""]","{""D_chengdu"": 573.7339091651891, ""D_chongqing"": 72.219782309848}",60436.41012,cn-cy-100c-03-V2-LOCATIONS,D_chongqing,True,72.219782309848,57485.38482,cy
True,585.979823193328,524.552135426137,C100,208.0,2,"[""D_chengdu"", ""D_chongqing""]","{""D_chengdu"": 585.979823193328, ""D_chongqing"": 61.427687767191}",55773.35286,cn-cy-100c-03-V2-LOCATIONS,D_chongqing,True,61.427687767191,53332.71282,cy
True,667.654417782397,617.208308168235,C001,139.0,2,"[""D_chengdu"", ""D_chongqing""]","{""D_chengdu"": 50.446109614162, ""D_chongqing"": 667.654417782397}",49998.48738,cn-cy-150c-01-V2-LOCATIONS,D_chengdu,True,50.446109614162,46809.08274,cy
True,650.24957879949,602.669555086806,C002,278.0,2,"[""D_chengdu"", ""D_chongqing""]","{""D_chengdu"": 47.580023712684, ""D_chongqing"": 650.24957879949}",56865.65754,cn-cy-150c-01-V2-LOCATIONS,D_chengdu,True,47.580023712684,54163.43928,cy
True,659.352695242396,609.1500907964479,C003,139.0,2,"[""D_chengdu"", ""D_chongqing""]","{""D_chengdu"": 50.202604445948005, ""D_chongqing"": 659.352695242396}",48434.33154,cn-cy-150c-01-V2-LOCATIONS,D_chengdu,True,50.202604445948005,45512.6457,cy
True,658.613623456603,605.6354947063791,C004,139.0,2,"[""D_chengdu"", ""D_chongqing""]","{""D_chengdu"": 52.978128750224, ""D_chongqing"": 658.613623456603}",58699.256700000005,cn-cy-150c-01-V2-LOCATIONS,D_chengdu,True,52.978128750224,55206.38322,cy
True,654.8999482625579,607.7825813768239,C005,208.0,2,"[""D_chengdu"", ""D_chongqing""]","{""D_chengdu"": 47.117366885734, ""D_chongqing"": 654.8999482625579}",50823.889800000004,cn-cy-150c-01-V2-LOCATIONS,D_chengdu,True,47.117366885734,47376.00576,cy
True,669.745872575873,614.0096092808631,C006,347.0,2,"[""D_chengdu"", ""D_chongqing""]","{""D_chengdu"": 55.736263295010005, ""D_chongqing"": 669.745872575873}",50028.11982,cn-cy-150c-01-V2-LOCATIONS,D_chengdu,True,55.736263295010005,46479.466440000004,cy
True,656.459840004623,605.6093065394009,C007,208.0,2,"[""D_chengdu"", ""D_chongqing""]","{""D_chengdu"": 50.85053346522201, ""D_chongqing"": 656.459840004623}",56952.042239999995,cn-cy-150c-01-V2-LOCATIONS,D_chengdu,True,50.85053346522201,54029.81604,cy
True,654.941208121617,606.954467123688,C008,278.0,2,"[""D_chengdu"", ""D_chongqing""]","{""D_chengdu"": 47.986740997929, ""D_chongqing"": 654.941208121617}",56575.39308,cn-cy-150c-01-V2-LOCATIONS,D_chengdu,True,47.986740997929,53846.19972,cy
True,659.9579158244841,602.6070645167681,C009,278.0,2,"[""D_chengdu"", ""D_chongqing""]","{""D_chengdu"": 57.350851307716, ""D_chongqing"": 659.9579158244841}",48055.7616,cn-cy-150c-01-V2-LOCATIONS,D_chengdu,True,57.350851307716,45898.00548,cy
True,662.3303700472391,606.676381614979,C010,278.0,2,"[""D_chengdu"", ""D_chongqing""]","{""D_chengdu"": 55.65398843226, ""D_chongqing"": 662.3303700472391}",64782.33354,cn-cy-150c-01-V2-LOCATIONS,D_chengdu,True,55.65398843226,61428.35442,cy
True,652.706846588229,608.308082151183,C011,139.0,2,"[""D_chengdu"", ""D_chongqing""]","{""D_chengdu"": 44.398764437046, ""D_chongqing"": 652.706846588229}",55685.20896,cn-cy-150c-01-V2-LOCATIONS,D_chengdu,True,44.398764437046,53348.49264,cy
True,669.157916989953,622.582821170359,C012,208.0,2,"[""D_chengdu"", ""D_chongqing""]","{""D_chengdu"": 46.575095819594004, ""D_chongqing"": 669.157916989953}",56831.27532,cn-cy-150c-01-V2-LOCATIONS,D_chengdu,True,46.575095819594004,53520.59244,cy
True,652.5755154111989,604.3376203202929,C013,278.0,2,"[""D_chengdu"", ""D_chongqing""]","{""D_chengdu"": 48.237895090906, ""D_chongqing"": 652.5755154111989}",47449.3923,cn-cy-150c-01-V2-LOCATIONS,D_chengdu,True,48.237895090906,44723.77224,cy
True,660.977289012886,606.066993655628,C014,417.0,2,"[""D_chengdu"", ""D_chongqing""]","{""D_chengdu"": 54.910295357258, ""D_chongqing"": 660.977289012886}",51596.305440000004,cn-cy-150c-01-V2-LOCATIONS,D_chengdu,True,54.910295357258,48306.39942,cy
True,651.977165204662,600.191718469244,C015,417.0,2,"[""D_chengdu"", ""D_chongqing""]","{""D_chengdu"": 51.78544673541799, ""D_chongqing"": 651.977165204662}",47105.96142000001,cn-cy-150c-01-V2-LOCATIONS,D_chengdu,True,51.78544673541799,44665.7613,cy
True,658.422655959355,604.134868041083,C016,417.0,2,"[""D_chengdu"", ""D_chongqing""]","{""D_chengdu"": 54.287787918272, ""D_chongqing"": 658.422655959355}",49055.84658,cn-cy-150c-01-V2-LOCATIONS,D_chengdu,True,54.287787918272,46940.280119999996,cy
True,657.9189769481391,606.0855654143031,C017,278.0,2,"[""D_chengdu"", ""D_chongqing""]","{""D_chengdu"": 51.833411533836, ""D_chongqing"": 657.9189769481391}",64394.28366,cn-cy-150c-01-V2-LOCATIONS,D_chengdu,True,51.833411533836,61914.38586000001,cy
True,672.2085688485649,618.650696736445,C018,139.0,2,"[""D_chengdu"", ""D_chongqing""]","{""D_chengdu"": 53.55787211212, ""D_chongqing"": 672.2085688485649}",53518.411739999996,cn-cy-150c-01-V2-LOCATIONS,D_chengdu,True,53.55787211212,51607.61538,cy
True,661.737822998606,607.846699887703,C019,208.0,2,"[""D_chengdu"", ""D_chongqing""]","{""D_chengdu"": 53.891123110903, ""D_chongqing"": 661.737822998606}",50962.41456,cn-cy-150c-01-V2-LOCATIONS,D_chengdu,True,53.891123110903,47803.5603,cy
True,655.867765338135,608.122492853405,C020,417.0,2,"[""D_chengdu"", ""D_chongqing""]","{""D_chengdu"": 47.745272484729995, ""D_chongqing"": 655.867765338135}",54537.33738,cn-cy-150c-01-V2-LOCATIONS,D_chengdu,True,47.745272484729995,52414.4526,cy
True,671.064874371676,618.650696736445,C021,417.0,2,"[""D_chengdu"", ""D_chongqing""]","{""D_chengdu"": 52.414177635231, ""D_chongqing"": 671.064874371676}",46810.53114,cn-cy-150c-01-V2-LOCATIONS,D_chengdu,True,52.414177635231,44046.53766,cy
True,672.34060498251,623.2181603060069,C022,139.0,2,"[""D_chengdu"", ""D_chongqing""]","{""D_chengdu"": 49.122444676503, ""D_chongqing"": 672.34060498251}",63344.132399999995,cn-cy-150c-01-V2-LOCATIONS,D_chengdu,True,49.122444676503,60579.3528,cy
True,668.460509404608,616.511556387499,C023,208.0,2,"[""D_chengdu"", ""D_chongqing""]","{""D_chengdu"": 51.948953017109, ""D_chongqing"": 668.460509404608}",48994.51278,cn-cy-150c-01-V2-LOCATIONS,D_chengdu,True,51.948953017109,45668.46966,cy
True,673.655603244983,622.732608326651,C024,417.0,2,"[""D_chengdu"", ""D_chongqing""]","{""D_chengdu"": 50.922994918332, ""D_chongqing"": 673.655603244983}",43143.95826,cn-cy-150c-01-V2-LOCATIONS,D_chengdu,True,50.922994918332,41028.110459999996,cy
True,667.0042289820391,616.8214745595781,C025,278.0,2,"[""D_chengdu"", ""D_chongqing""]","{""D_chengdu"": 50.182754422461, ""D_chongqing"": 667.0042289820391}",53286.02178,cn-cy-150c-01-V2-LOCATIONS,D_chengdu,True,50.182754422461,49737.54288,cy
True,659.400716917938,608.754877472497,C026,208.0,2,"[""D_chengdu"", ""D_chongqing""]","{""D_chengdu"": 50.645839445441, ""D_chongqing"": 659.400716917938}",62769.34482,cn-cy-150c-01-V2-LOCATIONS,D_chengdu,True,50.645839445441,59907.92778,cy
True,649.1216586308179,599.27188047622,C027,139.0,2,"[""D_chengdu"", ""D_chongqing""]","{""D_chengdu"": 49.849778154598, ""D_chongqing"": 649.1216586308179}",47375.20122,cn-cy-150c-01-V2-LOCATIONS,D_chengdu,True,49.849778154598,44939.120339999994,cy
True,653.261991144099,602.6070645167681,C028,278.0,2,"[""D_chengdu"", ""D_chongqing""]","{""D_chengdu"": 50.65492662733101, ""D_chongqing"": 653.261991144099}",65349.05892000001,cn-cy-150c-01-V2-LOCATIONS,D_chengdu,True,50.65492662733101,62224.83636,cy
True,655.485041978203,604.404511542318,C029,278.0,2,"[""D_chengdu"", ""D_chongqing""]","{""D_chengdu"": 51.080530435884995, ""D_chongqing"": 655.485041978203}",45253.80654,cn-cy-150c-01-V2-LOCATIONS,D_chengdu,True,51.080530435884995,43144.27512,cy
True,662.1550587609529,606.1754815486729,C030,139.0,2,"[""D_chengdu"", ""D_chongqing""]","{""D_chengdu"": 55.97957721228, ""D_chongqing"": 662.1550587609529}",46467.324060000006,cn-cy-150c-01-V2-LOCATIONS,D_chengdu,True,55.97957721228,44280.831000000006,cy
True,658.656502925756,605.802948496238,C031,139.0,2,"[""D_chengdu"", ""D_chongqing""]","{""D_chengdu"": 52.853554429518, ""D_chongqing"": 658.656502925756}",51191.2929,cn-cy-150c-01-V2-LOCATIONS,D_chengdu,True,52.853554429518,47665.493220000004,cy
True,657.261735478526,604.423491395787,C032,208.0,2,"[""D_chengdu"", ""D_chongqing""]","{""D_chengdu"": 52.838244082739, ""D_chongqing"": 657.261735478526}",61492.98234,cn-cy-150c-01-V2-LOCATIONS,D_chengdu,True,52.838244082739,58699.350419999995,cy
True,672.430471979799,618.650696736445,C033,139.0,2,"[""D_chengdu"", ""D_chongqing""]","{""D_chengdu"": 53.779775243354, ""D_chongqing"": 672.430471979799}",48082.45308,cn-cy-150c-01-V2-LOCATIONS,D_chengdu,True,53.779775243354,46165.6443,cy
True,655.6138410167611,602.6070645167681,C034,139.0,2,"[""D_chengdu"", ""D_chongqing""]","{""D_chengdu"": 53.006776499993, ""D_chongqing"": 655.6138410167611}",50702.645939999995,cn-cy-150c-01-V2-LOCATIONS,D_chengdu,True,53.006776499993,48553.46886,cy
True,651.244004932408,600.611413469812,C035,278.0,2,"[""D_chengdu"", ""D_chongqing""]","{""D_chengdu"": 50.632591462596, ""D_chongqing"": 651.244004932408}",45091.47576,cn-cy-150c-01-V2-LOCATIONS,D_chengdu,True,50.632591462596,43137.54084,cy
True,676.7347917204951,622.1465582144051,C036,139.0,2,"[""D_chengdu"", ""D_chongqing""]","{""D_chengdu"": 54.58823350609, ""D_chongqing"": 676.7347917204951}",49756.10472,cn-cy-150c-01-V2-LOCATIONS,D_chengdu,True,54.58823350609,46380.63708,cy
True,652.501973343553,600.108074275752,C037,347.0,2,"[""D_chengdu"", ""D_chongqing""]","{""D_chengdu"": 52.393899067801, ""D_chongqing"": 652.501973343553}",53303.625360000005,cn-cy-150c-01-V2-LOCATIONS,D_chengdu,True,52.393899067801,49719.33612,cy
True,671.8454754115189,618.650696736445,C038,417.0,2,"[""D_chengdu"", ""D_chongqing""]","{""D_chengdu"": 53.194778675074, ""D_chongqing"": 671.8454754115189}",64439.7798,cn-cy-150c-01-V2-LOCATIONS,D_chengdu,True,53.194778675074,62634.44219999999,cy
True,654.3638371595871,604.8978943503391,C039,347.0,2,"[""D_chengdu"", ""D_chongqing""]","{""D_chengdu"": 49.465942809248, ""D_chongqing"": 654.3638371595871}",48609.53454,cn-cy-150c-01-V2-LOCATIONS,D_chengdu,True,49.465942809248,46051.564379999996,cy
True,655.420754788977,602.607064516768,C040,278.0,2,"[""D_chengdu"", ""D_chongqing""]","{""D_chengdu"": 52.813690272209, ""D_chongqing"": 655.420754788977}",46626.528119999995,cn-cy-150c-01-V2-LOCATIONS,D_chengdu,True,52.813690272209,43390.45236,cy
True,673.3663150529541,626.051456827568,C041,278.0,2,"[""D_chengdu"", ""D_chongqing""]","{""D_chengdu"": 47.314858225386, ""D_chongqing"": 673.3663150529541}",56619.562860000005,cn-cy-150c-01-V2-LOCATIONS,D_chengdu,True,47.314858225386,54139.97472,cy
True,661.901762218744,618.878696413621,C042,417.0,2,"[""D_chengdu"", ""D_chongqing""]","{""D_chengdu"": 43.023065805123, ""D_chongqing"": 661.901762218744}",50977.48812,cn-cy-150c-01-V2-LOCATIONS,D_chengdu,True,43.023065805123,48327.24264,cy
True,652.062182580852,600.138265833612,C043,278.0,2,"[""D_chengdu"", ""D_chongqing""]","{""D_chengdu"": 51.92391674724, ""D_chongqing"": 652.062182580852}",61196.31018,cn-cy-150c-01-V2-LOCATIONS,D_chengdu,True,51.92391674724,58013.079,cy
True,666.59845075599,622.8542204578761,C044,278.0,2,"[""D_chengdu"", ""D_chongqing""]","{""D_chengdu"": 43.744230298114005, ""D_chongqing"": 666.59845075599}",44722.828259999995,cn-cy-150c-01-V2-LOCATIONS,D_chengdu,True,43.744230298114005,42280.527239999996,cy
True,660.7496736170889,616.0398812733699,C045,278.0,2,"[""D_chengdu"", ""D_chongqing""]","{""D_chengdu"": 44.709792343719, ""D_chongqing"": 660.7496736170889}",47528.71926,cn-cy-150c-01-V2-LOCATIONS,D_chengdu,True,44.709792343719,45530.996940000005,cy
True,660.352249261653,605.440835624611,C046,347.0,2,"[""D_chengdu"", ""D_chongqing""]","{""D_chengdu"": 54.911413637042, ""D_chongqing"": 660.352249261653}",62782.53306,cn-cy-150c-01-V2-LOCATIONS,D_chengdu,True,54.911413637042,59972.44206,cy
True,652.6972839039189,604.66762134145,C047,208.0,2,"[""D_chengdu"", ""D_chongqing""]","{""D_chengdu"": 48.02966256246901, ""D_chongqing"": 652.6972839039189}",56058.39294,cn-cy-150c-01-V2-LOCATIONS,D_chengdu,True,48.02966256246901,53851.71516,cy
True,657.8526529099289,602.6070645167679,C048,278.0,2,"[""D_chengdu"", ""D_chongqing""]","{""D_chengdu"": 55.245588393161, ""D_chongqing"": 657.8526529099289}",56619.562860000005,cn-cy-150c-01-V2-LOCATIONS,D_chengdu,True,55.245588393161,54139.97472,cy
True,670.235778564073,614.762867119163,C049,347.0,2,"[""D_chengdu"", ""D_chongqing""]","{""D_chengdu"": 55.472911444910004, ""D_chongqing"": 670.235778564073}",51190.968420000005,cn-cy-150c-01-V2-LOCATIONS,D_chengdu,True,55.472911444910004,48191.777879999994,cy
True,656.3033931721379,606.5961719029909,C050,347.0,2,"[""D_chengdu"", ""D_chongqing""]","{""D_chengdu"": 49.707221269147006, ""D_chongqing"": 656.3033931721379}",47353.3671,cn-cy-150c-01-V2-LOCATIONS,D_chengdu,True,49.707221269147006,44271.62724,cy
True,655.537947699019,606.596171902991,C051,278.0,2,"[""D_chengdu"", ""D_chongqing""]","{""D_chengdu"": 48.941775796028, ""D_chongqing"": 655.537947699019}",50855.59806,cn-cy-150c-01-V2-LOCATIONS,D_chengdu,True,48.941775796028,48978.889019999995,cy
True,670.989301917925,618.650696736445,C052,347.0,2,"[""D_chengdu"", ""D_chongqing""]","{""D_chengdu"": 52.33860518148, ""D_chongqing"": 670.989301917925}",59880.60804,cn-cy-150c-01-V2-LOCATIONS,D_chengdu,True,52.33860518148,57554.67534,cy
True,669.307099776372,622.3116868399569,C053,278.0,2,"[""D_chengdu"", ""D_chongqing""]","{""D_chengdu"": 46.995412936415, ""D_chongqing"": 669.307099776372}",50922.57318,cn-cy-150c-01-V2-LOCATIONS,D_chengdu,True,46.995412936415,48664.61844,cy
True,653.2729342336589,606.0153487253349,C054,347.0,2,"[""D_chengdu"", ""D_chongqing""]","{""D_chengdu"": 47.257585508324, ""D_chongqing"": 653.2729342336589}",48015.67914,cn-cy-150c-01-V2-LOCATIONS,D_chengdu,True,47.257585508324,46015.73772,cy
True,670.054847626653,615.9450898330999,C055,208.0,2,"[""D_chengdu"", ""D_chongqing""]","{""D_chengdu"": 54.109757793553, ""D_chongqing"": 670.054847626653}",47662.55868,cn-cy-150c-01-V2-LOCATIONS,D_chengdu,True,54.109757793553,45014.30304,cy
True,662.693688780091,607.1031861132819,C056,347.0,2,"[""D_chengdu"", ""D_chongqing""]","{""D_chengdu"": 55.590502666809, ""D_chongqing"": 662.693688780091}",66551.79312,cn-cy-150c-01-V2-LOCATIONS,D_chengdu,True,55.590502666809,63170.5281,cy
True,663.227478250304,606.249501729434,C057,347.0,2,"[""D_chengdu"", ""D_chongqing""]","{""D_chengdu"": 56.977976520869994, ""D_chongqing"": 663.227478250304}",45292.77504,cn-cy-150c-01-V2-LOCATIONS,D_chengdu,True,56.977976520869994,43202.16972,cy
True,673.5350597880541,625.2753276740082,C058,278.0,2,"[""D_chengdu"", ""D_chongqing""]","{""D_chengdu"": 48.259732114045995, ""D_chongqing"": 673.5350597880541}",60016.16904,cn-cy-150c-01-V2-LOCATIONS,D_chengdu,True,48.259732114045995,57965.536739999996,cy
True,659.9908985955241,604.833982150095,C059,278.0,2,"[""D_chengdu"", ""D_chongqing""]","{""D_chengdu"": 55.156916445429, ""D_chongqing"": 659.9908985955241}",52531.598340000004,cn-cy-150c-01-V2-LOCATIONS,D_chengdu,True,55.156916445429,49717.13838,cy
True,670.622189852945,618.650696736445,C060,417.0,2,"[""D_chengdu"", ""D_chongqing""]","{""D_chengdu"": 51.9714931165, ""D_chongqing"": 670.622189852945}",49086.801179999995,cn-cy-150c-01-V2-LOCATIONS,D_chengdu,True,51.9714931165,46001.065800000004,cy
True,660.001907771684,602.6070645167681,C061,139.0,2,"[""D_chengdu"", ""D_chongqing""]","{""D_chengdu"": 57.394843254916, ""D_chongqing"": 660.001907771684}",67362.89214,cn-cy-150c-01-V2-LOCATIONS,D_chengdu,True,57.394843254916,64326.07116000001,cy
True,673.2677942282551,623.246487295274,C062,347.0,2,"[""D_chengdu"", ""D_chongqing""]","{""D_chengdu"": 50.021306932981, ""D_chongqing"": 673.2677942282551}",49760.514839999996,cn-cy-150c-01-V2-LOCATIONS,D_chengdu,True,50.021306932981,47791.47732,cy
True,671.05906077121,623.703280114604,C063,208.0,2,"[""D_chengdu"", ""D_chongqing""]","{""D_chengdu"": 47.355780656606, ""D_chongqing"": 671.05906077121}",47963.31006,cn-cy-150c-01-V2-LOCATIONS,D_chengdu,True,47.355780656606,44670.78198,cy
True,581.0965232734279,515.620006143642,C064,417.0,2,"[""D_chengdu"", ""D_chongqing""]","{""D_chengdu"": 581.0965232734279, ""D_chongqing"": 65.476517129786}",54537.33738,cn-cy-150c-01-V2-LOCATIONS,D_chongqing,True,65.476517129786,52414.4526,cy
True,585.963722282872,524.69138952601,C065,278.0,2,"[""D_chengdu"", ""D_chongqing""]","{""D_chengdu"": 585.963722282872, ""D_chongqing"": 61.272332756862}",54516.68718,cn-cy-150c-01-V2-LOCATIONS,D_chongqing,True,61.272332756862,51200.79318,cy
True,582.702711963292,516.632534626694,C066,208.0,2,"[""D_chengdu"", ""D_chongqing""]","{""D_chengdu"": 582.702711963292, ""D_chongqing"": 66.070177336598}",50582.30585999999,cn-cy-150c-01-V2-LOCATIONS,D_chongqing,True,66.070177336598,47618.961540000004,cy
True,572.172005555575,494.00382280282895,C067,208.0,2,"[""D_chengdu"", ""D_chongqing""]","{""D_chengdu"": 572.172005555575, ""D_chongqing"": 78.16818275274599}",48101.645699999994,cn-cy-150c-01-V2-LOCATIONS,D_chongqing,True,78.16818275274599,45856.232939999994,cy
True,586.902725760403,520.223537462346,C068,417.0,2,"[""D_chengdu"", ""D_chongqing""]","{""D_chengdu"": 586.902725760403, ""D_chongqing"": 66.679188298057}",50977.48812,cn-cy-150c-01-V2-LOCATIONS,D_chongqing,True,66.679188298057,48327.24264,cy
True,585.9637223001621,524.6913895260101,C069,417.0,2,"[""D_chengdu"", ""D_chongqing""]","{""D_chengdu"": 585.9637223001621, ""D_chongqing"": 61.272332774152005}",48634.50354,cn-cy-150c-01-V2-LOCATIONS,D_chongqing,True,61.272332774152005,46122.38058,cy
True,571.1023231371751,503.7968787537541,C070,278.0,2,"[""D_chengdu"", ""D_chongqing""]","{""D_chengdu"": 571.1023231371751, ""D_chongqing"": 67.30544438342099}",51430.03938,cn-cy-150c-01-V2-LOCATIONS,D_chongqing,True,67.30544438342099,48057.82554,cy
True,570.949080369715,503.59457512428304,C071,278.0,2,"[""D_chengdu"", ""D_chongqing""]","{""D_chengdu"": 570.949080369715, ""D_chongqing"": 67.354505245432}",44722.828259999995,cn-cy-150c-01-V2-LOCATIONS,D_chongqing,True,67.354505245432,42280.527239999996,cy
True,581.8267418056079,514.6068987889929,C072,278.0,2,"[""D_chengdu"", ""D_chongqing""]","{""D_chengdu"": 581.8267418056079, ""D_chongqing"": 67.21984301661499}",50751.631680000006,cn-cy-150c-01-V2-LOCATIONS,D_chongqing,True,67.21984301661499,48713.25048,cy
True,571.5579387442621,504.27445776175705,C073,278.0,2,"[""D_chengdu"", ""D_chongqing""]","{""D_chengdu"": 571.5579387442621, ""D_chongqing"": 67.283480982505}",55728.3156,cn-cy-150c-01-V2-LOCATIONS,D_chongqing,True,67.283480982505,53635.88754,cy
True,573.54110549737,495.42367645857905,C074,278.0,2,"[""D_chengdu"", ""D_chongqing""]","{""D_chengdu"": 573.54110549737, ""D_chongqing"": 78.117429038791}",61735.31238,cn-cy-150c-01-V2-LOCATIONS,D_chongqing,True,78.117429038791,58159.64898,cy
True,556.653663917386,476.124621922891,C075,347.0,2,"[""D_chengdu"", ""D_chongqing""]","{""D_chengdu"": 556.653663917386, ""D_chongqing"": 80.529041994495}",46011.06042,cn-cy-150c-01-V2-LOCATIONS,D_chongqing,True,80.529041994495,43200.225119999996,cy
True,586.17766673433,523.5963545316431,C076,417.0,2,"[""D_chengdu"", ""D_chongqing""]","{""D_chengdu"": 586.17766673433, ""D_chongqing"": 62.581312202686995}",58475.00688,cn-cy-150c-01-V2-LOCATIONS,D_chongqing,True,62.581312202686995,54907.56822,cy
True,577.36254145275,514.063193384457,C077,139.0,2,"[""D_chengdu"", ""D_chongqing""]","{""D_chengdu"": 577.36254145275, ""D_chongqing"": 63.29934806829299}",52240.90986,cn-cy-150c-01-V2-LOCATIONS,D_chongqing,True,63.29934806829299,49646.76725999999,cy
True,576.135855113277,504.251031501563,C078,139.0,2,"[""D_chengdu"", ""D_chongqing""]","{""D_chengdu"": 576.135855113277, ""D_chongqing"": 71.884823611714}",58415.92356,cn-cy-150c-01-V2-LOCATIONS,D_chongqing,True,71.884823611714,55676.82888,cy
True,573.733909178869,501.51412685534103,C079,347.0,2,"[""D_chengdu"", ""D_chongqing""]","{""D_chengdu"": 573.733909178869, ""D_chongqing"": 72.219782323528}",57004.61814,cn-cy-150c-01-V2-LOCATIONS,D_chongqing,True,72.219782323528,54293.45934,cy
True,566.4387378239471,482.80492661599214,C080,139.0,2,"[""D_chengdu"", ""D_chongqing""]","{""D_chengdu"": 566.4387378239471, ""D_chongqing"": 83.633811207955}",44823.16686,cn-cy-150c-01-V2-LOCATIONS,D_chongqing,True,83.633811207955,42338.91624,cy
True,567.7904851604151,491.64879622914907,C081,278.0,2,"[""D_chengdu"", ""D_chongqing""]","{""D_chengdu"": 567.7904851604151, ""D_chongqing"": 76.14168893126599}",46923.592860000004,cn-cy-150c-01-V2-LOCATIONS,D_chongqing,True,76.14168893126599,44009.09076,cy
True,572.361158619148,492.016165853823,C082,347.0,2,"[""D_chengdu"", ""D_chongqing""]","{""D_chengdu"": 572.361158619148, ""D_chongqing"": 80.344992765325}",54357.75684,cn-cy-150c-01-V2-LOCATIONS,D_chongqing,True,80.344992765325,51512.251019999996,cy
True,583.987175099992,520.030731441227,C083,347.0,2,"[""D_chengdu"", ""D_chongqing""]","{""D_chengdu"": 583.987175099992, ""D_chongqing"": 63.956443658765}",58320.64446,cn-cy-150c-01-V2-LOCATIONS,D_chongqing,True,63.956443658765,56323.149,cy
True,576.582534451633,512.59297214173,C084,347.0,2,"[""D_chengdu"", ""D_chongqing""]","{""D_chengdu"": 576.582534451633, ""D_chongqing"": 63.989562309903}",58920.59688,cn-cy-150c-01-V2-LOCATIONS,D_chongqing,True,63.989562309903,56841.68526,cy
True,573.733909132809,501.514126855341,C085,417.0,2,"[""D_chengdu"", ""D_chongqing""]","{""D_chengdu"": 573.733909132809, ""D_chongqing"": 72.21978227746801}",58893.9021,cn-cy-150c-01-V2-LOCATIONS,D_chongqing,True,72.21978227746801,55446.71088,cy
True,573.722524467508,502.58852904661103,C086,278.0,2,"[""D_chengdu"", ""D_chongqing""]","{""D_chengdu"": 573.722524467508, ""D_chongqing"": 71.133995420897}",50672.746920000005,cn-cy-150c-01-V2-LOCATIONS,D_chongqing,True,71.133995420897,47554.7769,cy
True,568.486868681393,492.0345149348241,C087,208.0,2,"[""D_chengdu"", ""D_chongqing""]","{""D_chengdu"": 568.486868681393, ""D_chongqing"": 76.452353746569}",48433.0218,cn-cy-150c-01-V2-LOCATIONS,D_chongqing,True,76.452353746569,45507.297300000006,cy
True,581.415468911276,517.77649317775,C088,278.0,2,"[""D_chengdu"", ""D_chongqing""]","{""D_chengdu"": 581.415468911276, ""D_chongqing"": 63.638975733526}",47563.15578,cn-cy-150c-01-V2-LOCATIONS,D_chongqing,True,63.638975733526,44579.797979999996,cy
True,568.1448112424391,481.05906412030413,C089,347.0,2,"[""D_chengdu"", ""D_chongqing""]","{""D_chengdu"": 568.1448112424391, ""D_chongqing"": 87.08574712213502}",52169.01102,cn-cy-150c-01-V2-LOCATIONS,D_chongqing,True,87.08574712213502,49125.1086,cy
True,585.963722403732,524.6913895260101,C090,139.0,2,"[""D_chengdu"", ""D_chongqing""]","{""D_chengdu"": 585.963722403732, ""D_chongqing"": 61.272332877722}",51944.79762,cn-cy-150c-01-V2-LOCATIONS,D_chongqing,True,61.272332877722,49430.91642,cy
True,582.524252076066,513.976794831972,C091,347.0,2,"[""D_chengdu"", ""D_chongqing""]","{""D_chengdu"": 582.524252076066, ""D_chongqing"": 68.54745724409399}",52684.743780000004,cn-cy-150c-01-V2-LOCATIONS,D_chongqing,True,68.54745724409399,49377.24126,cy
True,587.108313917755,522.076668648048,C092,208.0,2,"[""D_chengdu"", ""D_chongqing""]","{""D_chengdu"": 587.108313917755, ""D_chongqing"": 65.031645269707}",49743.64458,cn-cy-150c-01-V2-LOCATIONS,D_chongqing,True,65.031645269707,47302.949519999995,cy
True,582.2622143953799,514.751173075367,C093,208.0,2,"[""D_chengdu"", ""D_chongqing""]","{""D_chengdu"": 582.2622143953799, ""D_chongqing"": 67.51104132001299}",51173.16696,cn-cy-150c-01-V2-LOCATIONS,D_chongqing,True,67.51104132001299,48183.77352,cy
True,577.489508221983,513.25225896346,C094,208.0,2,"[""D_chengdu"", ""D_chongqing""]","{""D_chengdu"": 577.489508221983, ""D_chongqing"": 64.237249258523}",57914.86518,cn-cy-150c-01-V2-LOCATIONS,D_chongqing,True,64.237249258523,54537.418439999994,cy
True,582.891541362774,515.3207411544099,C095,417.0,2,"[""D_chengdu"", ""D_chongqing""]","{""D_chengdu"": 582.891541362774, ""D_chongqing"": 67.570800208364}",55610.134920000004,cn-cy-150c-01-V2-LOCATIONS,D_chongqing,True,67.570800208364,52716.58218,cy
True,560.917702313202,472.269692703195,C096,417.0,2,"[""D_chengdu"", ""D_chongqing""]","{""D_chengdu"": 560.917702313202, ""D_chongqing"": 88.648009610007}",52294.22826,cn-cy-150c-01-V2-LOCATIONS,D_chongqing,True,88.648009610007,49779.759419999995,cy
True,572.880833987337,495.4683711896321,C097,208.0,2,"[""D_chengdu"", ""D_chongqing""]","{""D_chengdu"": 572.880833987337, ""D_chongqing"": 77.41246279770499}",60316.76064,cn-cy-150c-01-V2-LOCATIONS,D_chongqing,True,77.41246279770499,57066.73872,cy
True,559.536634785172,474.1121490371751,C098,139.0,2,"[""D_chengdu"", ""D_chongqing""]","{""D_chengdu"": 559.536634785172, ""D_chongqing"": 85.42448574799701}",49616.24904,cn-cy-150c-01-V2-LOCATIONS,D_chongqing,True,85.42448574799701,47210.4468,cy
True,563.917588373723,473.010480763065,C099,139.0,2,"[""D_chengdu"", ""D_chongqing""]","{""D_chengdu"": 563.917588373723, ""D_chongqing"": 90.907107610658}",51890.71674,cn-cy-150c-01-V2-LOCATIONS,D_chongqing,True,90.907107610658,49619.83464,cy
True,573.6686464504,503.01766309692505,C100,417.0,2,"[""D_chengdu"", ""D_chongqing""]","{""D_chengdu"": 573.6686464504, ""D_chongqing"": 70.650983353475}",52756.238820000006,cn-cy-150c-01-V2-LOCATIONS,D_chongqing,True,70.650983353475,49720.1403,cy
True,573.144232418926,499.786790062396,C101,139.0,2,"[""D_chengdu"", ""D_chongqing""]","{""D_chengdu"": 573.144232418926, ""D_chongqing"": 73.35744235653}",47322.369,cn-cy-150c-01-V2-LOCATIONS,D_chongqing,True,73.35744235653,44116.04166,cy
True,583.226410848354,516.742949503286,C102,417.0,2,"[""D_chengdu"", ""D_chongqing""]","{""D_chengdu"": 583.226410848354, ""D_chongqing"": 66.48346134506801}",60435.57582,cn-cy-150c-01-V2-LOCATIONS,D_chongqing,True,66.48346134506801,57353.3121,cy
True,578.787810110816,503.91380378265603,C103,208.0,2,"[""D_chengdu"", ""D_chongqing""]","{""D_chengdu"": 578.787810110816, ""D_chongqing"": 74.87400632816001}",52429.1127,cn-cy-150c-01-V2-LOCATIONS,D_chongqing,True,74.87400632816001,49387.68966,cy
True,582.348849843186,514.254457090821,C104,347.0,2,"[""D_chengdu"", ""D_chongqing""]","{""D_chengdu"": 582.348849843186, ""D_chongqing"": 68.09439275236501}",46068.772079999995,cn-cy-150c-01-V2-LOCATIONS,D_chongqing,True,68.09439275236501,43675.346280000005,cy
True,587.406553580867,522.185086804831,C105,347.0,2,"[""D_chengdu"", ""D_chongqing""]","{""D_chengdu"": 587.406553580867, ""D_chongqing"": 65.221466776036}",50699.05248,cn-cy-150c-01-V2-LOCATIONS,D_chongqing,True,65.221466776036,47774.39238,cy
True,581.5902463204709,514.6068987889929,C106,278.0,2,"[""D_chengdu"", ""D_chongqing""]","{""D_chengdu"": 581.5902463204709, ""D_chongqing"": 66.983347531478}",47528.71926,cn-cy-150c-01-V2-LOCATIONS,D_chongqing,True,66.983347531478,45530.996940000005,cy
True,585.9637223023719,524.69138952601,C107,347.0,2,"[""D_chengdu"", ""D_chongqing""]","{""D_chengdu"": 585.9637223023719, ""D_chongqing"": 61.272332776362006}",47353.3671,cn-cy-150c-01-V2-LOCATIONS,D_chongqing,True,61.272332776362006,44271.62724,cy
True,577.4895081626731,512.7650719088872,C108,208.0,2,"[""D_chengdu"", ""D_chongqing""]","{""D_chengdu"": 577.4895081626731, ""D_chongqing"": 64.724436253786}",55245.35274,cn-cy-150c-01-V2-LOCATIONS,D_chongqing,True,64.724436253786,53105.69214,cy
True,586.071076744798,524.3726866076161,C109,347.0,2,"[""D_chengdu"", ""D_chongqing""]","{""D_chengdu"": 586.071076744798, ""D_chongqing"": 61.698390137182}",51123.272639999996,cn-cy-150c-01-V2-LOCATIONS,D_chongqing,True,61.698390137182,47806.749780000006,cy
True,592.54570717713,538.157771931958,C110,139.0,2,"[""D_chengdu"", ""D_chongqing""]","{""D_chengdu"": 592.54570717713, ""D_chongqing"": 54.387935245171995}",47379.038519999995,cn-cy-150c-01-V2-LOCATIONS,D_chongqing,True,54.387935245171995,44023.63032,cy
True,567.367169534059,489.13615437171705,C111,278.0,2,"[""D_chengdu"", ""D_chongqing""]","{""D_chengdu"": 567.367169534059, ""D_chongqing"": 78.23101516234199}",53286.02178,cn-cy-150c-01-V2-LOCATIONS,D_chongqing,True,78.23101516234199,49737.54288,cy
True,569.060797397746,483.541947686986,C112,139.0,2,"[""D_chengdu"", ""D_chongqing""]","{""D_chengdu"": 569.060797397746, ""D_chongqing"": 85.51884971076}",61387.532100000004,cn-cy-150c-01-V2-LOCATIONS,D_chongqing,True,85.51884971076,58368.95448,cy
True,577.014378859915,499.49095627251006,C113,347.0,2,"[""D_chengdu"", ""D_chongqing""]","{""D_chengdu"": 577.014378859915, ""D_chongqing"": 77.52342258740501}",63644.292839999995,cn-cy-150c-01-V2-LOCATIONS,D_chongqing,True,77.52342258740501,60052.21362,cy
True,573.49624647966,501.219092047432,C114,417.0,2,"[""D_chengdu"", ""D_chongqing""]","{""D_chengdu"": 573.49624647966, ""D_chongqing"": 72.277154432228}",51595.2249,cn-cy-150c-01-V2-LOCATIONS,D_chongqing,True,72.277154432228,48814.7871,cy
True,587.116251394668,526.154231751975,C115,139.0,2,"[""D_chengdu"", ""D_chongqing""]","{""D_chengdu"": 587.116251394668, ""D_chongqing"": 60.96201964269301}",48151.03602,cn-cy-150c-01-V2-LOCATIONS,D_chongqing,True,60.96201964269301,45163.1256,cy
True,568.209095740722,487.683401207182,C116,139.0,2,"[""D_chengdu"", ""D_chongqing""]","{""D_chengdu"": 568.209095740722, ""D_chongqing"": 80.52569453353999}",48082.45308,cn-cy-150c-01-V2-LOCATIONS,D_chongqing,True,80.52569453353999,46165.6443,cy
True,582.2622143771799,514.751173075367,C117,208.0,2,"[""D_chengdu"", ""D_chongqing""]","{""D_chengdu"": 582.2622143771799, ""D_chongqing"": 67.51104130181301}",43610.96082,cn-cy-150c-01-V2-LOCATIONS,D_chongqing,True,67.51104130181301,40895.08356,cy
True,577.489508162613,512.765071908887,C118,208.0,2,"[""D_chengdu"", ""D_chongqing""]","{""D_chengdu"": 577.489508162613, ""D_chongqing"": 64.724436253726}",59712.36,cn-cy-150c-01-V2-LOCATIONS,D_chongqing,True,64.724436253726,56973.4392,cy
True,570.30398502334,493.18373612274604,C119,417.0,2,"[""D_chengdu"", ""D_chongqing""]","{""D_chengdu"": 570.30398502334, ""D_chongqing"": 77.120248900594}",64439.7798,cn-cy-150c-01-V2-LOCATIONS,D_chongqing,True,77.120248900594,62634.44219999999,cy
True,572.780535381171,503.11461053890207,C120,139.0,2,"[""D_chengdu"", ""D_chongqing""]","{""D_chengdu"": 572.780535381171, ""D_chongqing"": 69.66592484226899}",48507.45156,cn-cy-150c-01-V2-LOCATIONS,D_chongqing,True,69.66592484226899,46129.93278,cy
True,572.625205271008,502.49203584683397,C121,139.0,2,"[""D_chengdu"", ""D_chongqing""]","{""D_chengdu"": 572.625205271008, ""D_chongqing"": 70.133169424174}",62173.868819999996,cn-cy-150c-01-V2-LOCATIONS,D_chongqing,True,70.133169424174,59327.40438,cy
True,582.297253482591,521.023929881734,C122,139.0,2,"[""D_chengdu"", ""D_chongqing""]","{""D_chengdu"": 582.297253482591, ""D_chongqing"": 61.273323600857}",52406.406839999996,cn-cy-150c-01-V2-LOCATIONS,D_chongqing,True,61.273323600857,49550.85648,cy
True,579.404507874133,525.1232740348889,C123,208.0,2,"[""D_chengdu"", ""D_chongqing""]","{""D_chengdu"": 579.404507874133, ""D_chongqing"": 54.281233839244}",65156.44512,cn-cy-150c-01-V2-LOCATIONS,D_chongqing,True,54.281233839244,61941.0078,cy
True,571.713087774759,494.00382280282895,C124,278.0,2,"[""D_chengdu"", ""D_chongqing""]","{""D_chengdu"": 571.713087774759, ""D_chongqing"": 77.70926497193001}",64252.876619999995,cn-cy-150c-01-V2-LOCATIONS,D_chongqing,True,77.70926497193001,61502.878800000006,cy
True,588.291179854015,529.272741941981,C125,278.0,2,"[""D_chengdu"", ""D_chongqing""]","{""D_chengdu"": 588.291179854015, ""D_chongqing"": 59.018437912034}",48682.99662,cn-cy-150c-01-V2-LOCATIONS,D_chongqing,True,59.018437912034,46828.50054,cy
True,601.86085703293,554.7031311203999,C126,417.0,2,"[""D_chengdu"", ""D_chongqing""]","{""D_chengdu"": 601.86085703293, ""D_chongqing"": 47.157725912530005}",58148.772899999996,cn-cy-150c-01-V2-LOCATIONS,D_chongqing,True,47.157725912530005,56199.36654,cy
True,577.3625414561899,514.0631933844569,C127,278.0,2,"[""D_chengdu"", ""D_chongqing""]","{""D_chengdu"": 577.3625414561899, ""D_chongqing"": 63.29934807173299}",59637.166979999995,cn-cy-150c-01-V2-LOCATIONS,D_chongqing,True,63.29934807173299,56700.687900000004,cy
True,582.3676443646681,513.2748494863921,C128,278.0,2,"[""D_chengdu"", ""D_chongqing""]","{""D_chengdu"": 582.3676443646681, ""D_chongqing"": 69.09279487827601}",50461.06572,cn-cy-150c-01-V2-LOCATIONS,D_chongqing,True,69.09279487827601,48393.01776,cy
True,582.514375776466,513.9767948319719,C129,208.0,2,"[""D_chengdu"", ""D_chongqing""]","{""D_chengdu"": 582.514375776466, ""D_chongqing"": 68.537580944494}",60436.41012,cn-cy-150c-01-V2-LOCATIONS,D_chongqing,True,68.537580944494,57485.38482,cy
True,594.283085651243,541.978464873894,C130,347.0,2,"[""D_chengdu"", ""D_chongqing""]","{""D_chengdu"": 594.283085651243, ""D_chongqing"": 52.304620777349}",48679.28322,cn-cy-150c-01-V2-LOCATIONS,D_chongqing,True,52.304620777349,46070.69022,cy
True,564.571271253979,478.33982242330205,C131,139.0,2,"[""D_chengdu"", ""D_chongqing""]","{""D_chengdu"": 564.571271253979, ""D_chongqing"": 86.231448830677}",65395.79616,cn-cy-150c-01-V2-LOCATIONS,D_chongqing,True,86.231448830677,61881.94007999999,cy
True,581.920991208092,514.706117356492,C132,347.0,2,"[""D_chengdu"", ""D_chongqing""]","{""D_chengdu"": 581.920991208092, ""D_chongqing"": 67.2148738516}",52684.743780000004,cn-cy-150c-01-V2-LOCATIONS,D_chongqing,True,67.2148738516,49377.24126,cy
True,577.534163814096,499.580513420121,C133,417.0,2,"[""D_chengdu"", ""D_chongqing""]","{""D_chengdu"": 577.534163814096, ""D_chongqing"": 77.953650393975}",45119.631420000005,cn-cy-150c-01-V2-LOCATIONS,D_chongqing,True,77.953650393975,41857.67538,cy
True,577.808518030776,501.025300709302,C134,278.0,2,"[""D_chengdu"", ""D_chongqing""]","{""D_chengdu"": 577.808518030776, ""D_chongqing"": 76.78321732147398}",61389.31854,cn-cy-150c-01-V2-LOCATIONS,D_chongqing,True,76.78321732147398,58170.29928,cy
True,567.103251470351,488.83076421984697,C135,278.0,2,"[""D_chengdu"", ""D_chongqing""]","{""D_chengdu"": 567.103251470351, ""D_chongqing"": 78.272487250504}",52531.598340000004,cn-cy-150c-01-V2-LOCATIONS,D_chongqing,True,78.272487250504,49717.13838,cy
True,565.65137236102,473.09552109756396,C136,278.0,2,"[""D_chengdu"", ""D_chongqing""]","{""D_chengdu"": 565.65137236102, ""D_chongqing"": 92.55585126345599}",45091.47576,cn-cy-150c-01-V2-LOCATIONS,D_chongqing,True,92.55585126345599,43137.54084,cy
True,577.362541451701,514.063193384457,C137,139.0,2,"[""D_chengdu"", ""D_chongqing""]","{""D_chengdu"": 577.362541451701, ""D_chongqing"": 63.299348067244004}",50666.47494,cn-cy-150c-01-V2-LOCATIONS,D_chongqing,True,63.299348067244004,48338.94846,cy
True,578.800375091347,509.02331000948993,C138,139.0,2,"[""D_chengdu"", ""D_chongqing""]","{""D_chengdu"": 578.800375091347, ""D_chongqing"": 69.777065081857}",49536.74046,cn-cy-150c-01-V2-LOCATIONS,D_chongqing,True,69.777065081857,46843.71276,cy
True,575.345161504118,503.687475229504,C139,347.0,2,"[""D_chengdu"", ""D_chongqing""]","{""D_chengdu"": 575.345161504118, ""D_chongqing"": 71.65768627461401}",63510.98994000001,cn-cy-150c-01-V2-LOCATIONS,D_chongqing,True,71.65768627461401,61406.52072,cy
True,582.329720851499,515.531935347807,C140,208.0,2,"[""D_chengdu"", ""D_chongqing""]","{""D_chengdu"": 582.329720851499, ""D_chongqing"": 66.797785503692}",57287.025,cn-cy-150c-01-V2-LOCATIONS,D_chongqing,True,66.797785503692,54353.09256,cy
True,584.9079307732701,516.657226660174,C141,208.0,2,"[""D_chengdu"", ""D_chongqing""]","{""D_chengdu"": 584.9079307732701, ""D_chongqing"": 68.25070411309599}",64314.7908,cn-cy-150c-01-V2-LOCATIONS,D_chongqing,True,68.25070411309599,62504.394,cy
True,578.584474843368,505.96948427721,C142,208.0,2,"[""D_chengdu"", ""D_chongqing""]","{""D_chengdu"": 578.584474843368, ""D_chongqing"": 72.614990566158}",63567.51108,cn-cy-150c-01-V2-LOCATIONS,D_chongqing,True,72.614990566158,60568.513080000004,cy
True,595.979898728783,537.5047399584661,C143,208.0,2,"[""D_chengdu"", ""D_chongqing""]","{""D_chengdu"": 595.979898728783, ""D_chongqing"": 58.475158770317}",59188.1118,cn-cy-150c-01-V2-LOCATIONS,D_chongqing,True,58.475158770317,56045.620259999996,cy
True,586.386589488627,524.396852951157,C144,208.0,2,"[""D_chengdu"", ""D_chongqing""]","{""D_chengdu"": 586.386589488627, ""D_chongqing"": 61.98973653747}",61492.98234,cn-cy-150c-01-V2-LOCATIONS,D_chongqing,True,61.98973653747,58699.350419999995,cy
True,580.094361096657,511.95095183483704,C145,139.0,2,"[""D_chengdu"", ""D_chongqing""]","{""D_chengdu"": 580.094361096657, ""D_chongqing"": 68.14340926182}",50277.164399999994,cn-cy-150c-01-V2-LOCATIONS,D_chongqing,True,68.14340926182,47761.5852,cy
True,574.579918236097,503.658092192573,C146,278.0,2,"[""D_chengdu"", ""D_chongqing""]","{""D_chengdu"": 574.579918236097, ""D_chongqing"": 70.92182604352399}",64872.12179999999,cn-cy-150c-01-V2-LOCATIONS,D_chongqing,True,70.92182604352399,62791.63338,cy
True,586.0710767801381,524.3726866076162,C147,139.0,2,"[""D_chengdu"", ""D_chongqing""]","{""D_chengdu"": 586.0710767801381, ""D_chongqing"": 61.698390172522004}",51183.19602,cn-cy-150c-01-V2-LOCATIONS,D_chongqing,True,61.698390172522004,49277.32776,cy
True,585.9637224014821,524.6913895260101,C148,278.0,2,"[""D_chengdu"", ""D_chongqing""]","{""D_chengdu"": 585.9637224014821, ""D_chongqing"": 61.272332875471996}",64755.311579999994,cn-cy-150c-01-V2-LOCATIONS,D_chongqing,True,61.272332875471996,61672.727100000004,cy
True,569.060797414386,483.541947686986,C149,417.0,2,"[""D_chengdu"", ""D_chongqing""]","{""D_chengdu"": 569.060797414386, ""D_chongqing"": 85.5188497274}",44968.973939999996,cn-cy-150c-01-V2-LOCATIONS,D_chongqing,True,85.5188497274,42067.70136000001,cy
True,588.133829370943,524.998811014136,C150,417.0,2,"[""D_chengdu"", ""D_chongqing""]","{""D_chengdu"": 588.133829370943, ""D_chongqing"": 63.13501835680701}",52756.238820000006,cn-cy-150c-01-V2-LOCATIONS,D_chongqing,True,63.13501835680701,49720.1403,cy
True,659.57034707208,608.754877472497,C001,208.0,2,"[""D_chengdu"", ""D_chongqing""]","{""D_chengdu"": 50.815469599583, ""D_chongqing"": 659.57034707208}",64650.71519999999,cn-cy-150c-02-V2-LOCATIONS,D_chengdu,True,50.815469599583,61578.6237,cy
True,670.469632584308,612.251948301269,C002,278.0,2,"[""D_chengdu"", ""D_chongqing""]","{""D_chengdu"": 58.21768428303899, ""D_chongqing"": 670.469632584308}",62064.424439999995,cn-cy-150c-02-V2-LOCATIONS,D_chengdu,True,58.21768428303899,58997.45394,cy
True,673.270986336453,622.824477735421,C003,278.0,2,"[""D_chengdu"", ""D_chongqing""]","{""D_chengdu"": 50.446508601032, ""D_chongqing"": 673.270986336453}",59313.56406,cn-cy-150c-02-V2-LOCATIONS,D_chengdu,True,50.446508601032,57091.82652,cy
True,657.6920547378659,606.0731916697159,C004,139.0,2,"[""D_chengdu"", ""D_chongqing""]","{""D_chengdu"": 51.61886306815, ""D_chongqing"": 657.6920547378659}",46357.95372,cn-cy-150c-02-V2-LOCATIONS,D_chengdu,True,51.61886306815,43536.410820000005,cy
True,654.3459981877,606.3174344998771,C005,347.0,2,"[""D_chengdu"", ""D_chongqing""]","{""D_chengdu"": 48.028563687823, ""D_chongqing"": 654.3459981877}",61962.61145999999,cn-cy-150c-02-V2-LOCATIONS,D_chengdu,True,48.028563687823,59263.12122,cy
True,659.872549597203,605.570178188864,C006,139.0,2,"[""D_chengdu"", ""D_chongqing""]","{""D_chengdu"": 54.302371408339, ""D_chongqing"": 659.872549597203}",60624.72552,cn-cy-150c-02-V2-LOCATIONS,D_chengdu,True,54.302371408339,58232.35746,cy
True,660.4278882548069,607.846699887704,C007,278.0,2,"[""D_chengdu"", ""D_chongqing""]","{""D_chengdu"": 52.581188367103, ""D_chongqing"": 660.4278882548069}",60016.16904,cn-cy-150c-02-V2-LOCATIONS,D_chengdu,True,52.581188367103,57965.536739999996,cy
True,662.6936883741511,607.103186113282,C008,139.0,2,"[""D_chengdu"", ""D_chongqing""]","{""D_chengdu"": 55.590502260869, ""D_chongqing"": 662.6936883741511}",46357.95372,cn-cy-150c-02-V2-LOCATIONS,D_chengdu,True,55.590502260869,43536.410820000005,cy
True,655.435355595259,608.270347180504,C009,347.0,2,"[""D_chengdu"", ""D_chongqing""]","{""D_chengdu"": 47.165008414755, ""D_chongqing"": 655.435355595259}",45541.3626,cn-cy-150c-02-V2-LOCATIONS,D_chengdu,True,47.165008414755,43490.36754,cy
True,660.499914717517,606.179573846008,C010,347.0,2,"[""D_chengdu"", ""D_chongqing""]","{""D_chengdu"": 54.320340871509, ""D_chongqing"": 660.499914717517}",56726.529780000004,cn-cy-150c-02-V2-LOCATIONS,D_chengdu,True,54.320340871509,53966.607659999994,cy
True,673.459970401774,625.4923508186199,C011,347.0,2,"[""D_chengdu"", ""D_chongqing""]","{""D_chengdu"": 47.967619583154, ""D_chongqing"": 673.459970401774}",51123.272639999996,cn-cy-150c-02-V2-LOCATIONS,D_chengdu,True,47.967619583154,47806.749780000006,cy
True,652.829138986388,602.998376847851,C012,347.0,2,"[""D_chengdu"", ""D_chongqing""]","{""D_chengdu"": 49.830762138537, ""D_chongqing"": 652.829138986388}",45815.774099999995,cn-cy-150c-02-V2-LOCATIONS,D_chengdu,True,49.830762138537,43922.622240000004,cy
True,674.1175835380061,620.89325848986,C013,417.0,2,"[""D_chengdu"", ""D_chongqing""]","{""D_chengdu"": 53.224325048146, ""D_chongqing"": 674.1175835380061}",45849.05004,cn-cy-150c-02-V2-LOCATIONS,D_chengdu,True,53.224325048146,42553.47516,cy
True,664.664521382222,623.541683328744,C014,208.0,2,"[""D_chengdu"", ""D_chongqing""]","{""D_chengdu"": 41.122838053478, ""D_chongqing"": 664.664521382222}",52118.7645,cn-cy-150c-02-V2-LOCATIONS,D_chengdu,True,41.122838053478,48623.7741,cy
True,674.135571807924,618.650696736445,C015,347.0,2,"[""D_chengdu"", ""D_chongqing""]","{""D_chengdu"": 55.484875071479, ""D_chongqing"": 674.135571807924}",56726.529780000004,cn-cy-150c-02-V2-LOCATIONS,D_chengdu,True,55.484875071479,53966.607659999994,cy
True,661.9630233660511,607.0827422573351,C016,278.0,2,"[""D_chengdu"", ""D_chongqing""]","{""D_chengdu"": 54.880281108716, ""D_chongqing"": 661.9630233660511}",52368.68892,cn-cy-150c-02-V2-LOCATIONS,D_chengdu,True,54.880281108716,48846.64428,cy
True,669.745872600733,614.0096092808631,C017,417.0,2,"[""D_chengdu"", ""D_chongqing""]","{""D_chengdu"": 55.736263319870005, ""D_chongqing"": 669.745872600733}",45956.82282,cn-cy-150c-02-V2-LOCATIONS,D_chengdu,True,55.736263319870005,43665.56958,cy
True,672.4060887443309,618.6506967364448,C018,208.0,2,"[""D_chengdu"", ""D_chongqing""]","{""D_chengdu"": 53.755392007885995, ""D_chongqing"": 672.4060887443309}",48994.91322,cn-cy-150c-02-V2-LOCATIONS,D_chengdu,True,53.755392007885995,45599.25492,cy
True,665.1520561734831,600.9495878827581,C019,139.0,2,"[""D_chengdu"", ""D_chongqing""]","{""D_chengdu"": 64.202468290725, ""D_chongqing"": 665.1520561734831}",55006.070999999996,cn-cy-150c-02-V2-LOCATIONS,D_chengdu,True,64.202468290725,51608.90766,cy
True,662.143402402223,619.023663362834,C020,278.0,2,"[""D_chengdu"", ""D_chongqing""]","{""D_chengdu"": 43.119739039389, ""D_chongqing"": 662.143402402223}",51275.64636,cn-cy-150c-02-V2-LOCATIONS,D_chengdu,True,43.119739039389,48079.92474,cy
True,663.6306746901181,605.810947333073,C021,347.0,2,"[""D_chengdu"", ""D_chongqing""]","{""D_chengdu"": 57.819727357045004, ""D_chongqing"": 663.6306746901181}",46104.35586,cn-cy-150c-02-V2-LOCATIONS,D_chengdu,True,57.819727357045004,43993.03974,cy
True,665.529462789258,623.346375373124,C022,278.0,2,"[""D_chengdu"", ""D_chongqing""]","{""D_chengdu"": 42.183087416134, ""D_chongqing"": 665.529462789258}",51725.68194,cn-cy-150c-02-V2-LOCATIONS,D_chengdu,True,42.183087416134,48471.72792,cy
True,663.8395247536159,617.447692240477,C023,139.0,2,"[""D_chengdu"", ""D_chongqing""]","{""D_chengdu"": 46.391832513139, ""D_chongqing"": 663.8395247536159}",47397.8808,cn-cy-150c-02-V2-LOCATIONS,D_chengdu,True,46.391832513139,44636.30724,cy
True,662.022698673776,605.974183055386,C024,139.0,2,"[""D_chengdu"", ""D_chongqing""]","{""D_chengdu"": 56.04851561839, ""D_chongqing"": 662.022698673776}",51170.740920000004,cn-cy-150c-02-V2-LOCATIONS,D_chengdu,True,56.04851561839,49070.72268,cy
True,661.0988998599921,607.4456414869941,C025,208.0,2,"[""D_chengdu"", ""D_chongqing""]","{""D_chengdu"": 53.653258372998, ""D_chongqing"": 661.0988998599921}",53587.4859,cn-cy-150c-02-V2-LOCATIONS,D_chengdu,True,53.653258372998,50357.18826,cy
True,658.213897329196,605.585269596231,C026,139.0,2,"[""D_chengdu"", ""D_chongqing""]","{""D_chengdu"": 52.628627732965, ""D_chongqing"": 658.213897329196}",53088.95286,cn-cy-150c-02-V2-LOCATIONS,D_chengdu,True,52.628627732965,50144.2134,cy
True,651.917663364263,604.183986212854,C027,347.0,2,"[""D_chengdu"", ""D_chongqing""]","{""D_chengdu"": 47.733677151409, ""D_chongqing"": 651.917663364263}",52297.22178,cn-cy-150c-02-V2-LOCATIONS,D_chengdu,True,47.733677151409,49577.444820000004,cy
True,649.902763886908,599.301275833674,C028,347.0,2,"[""D_chengdu"", ""D_chongqing""]","{""D_chengdu"": 50.601488053234, ""D_chongqing"": 649.902763886908}",59880.60804,cn-cy-150c-02-V2-LOCATIONS,D_chengdu,True,50.601488053234,57554.67534,cy
True,650.38551583879,603.690135504521,C029,208.0,2,"[""D_chengdu"", ""D_chongqing""]","{""D_chengdu"": 46.695380334269004, ""D_chongqing"": 650.38551583879}",49470.73566,cn-cy-150c-02-V2-LOCATIONS,D_chengdu,True,46.695380334269004,47592.4524,cy
True,658.447179511333,616.077084221337,C030,347.0,2,"[""D_chengdu"", ""D_chongqing""]","{""D_chengdu"": 42.370095289995994, ""D_chongqing"": 658.447179511333}",44921.310900000004,cn-cy-150c-02-V2-LOCATIONS,D_chengdu,True,42.370095289995994,41699.25204,cy
True,654.729923451525,602.607064516768,C031,417.0,2,"[""D_chengdu"", ""D_chongqing""]","{""D_chengdu"": 52.12285893475699, ""D_chongqing"": 654.729923451525}",48121.72884,cn-cy-150c-02-V2-LOCATIONS,D_chengdu,True,52.12285893475699,45474.32868,cy
True,653.646185845008,603.3285494149669,C032,347.0,2,"[""D_chengdu"", ""D_chongqing""]","{""D_chengdu"": 50.317636430041, ""D_chongqing"": 653.646185845008}",48704.541959999995,cn-cy-150c-02-V2-LOCATIONS,D_chengdu,True,50.317636430041,46594.0119,cy
True,654.199320856635,601.7781278741601,C033,208.0,2,"[""D_chengdu"", ""D_chongqing""]","{""D_chengdu"": 52.421192982475, ""D_chongqing"": 654.199320856635}",50449.13832,cn-cy-150c-02-V2-LOCATIONS,D_chengdu,True,52.421192982475,47862.10128,cy
True,653.741563690652,608.047596587989,C034,139.0,2,"[""D_chengdu"", ""D_chongqing""]","{""D_chengdu"": 45.693967102662995, ""D_chongqing"": 653.741563690652}",56753.367060000004,cn-cy-150c-02-V2-LOCATIONS,D_chengdu,True,45.693967102662995,53652.3957,cy
True,659.1663586636749,605.377414807621,C035,278.0,2,"[""D_chengdu"", ""D_chongqing""]","{""D_chengdu"": 53.788943856054, ""D_chongqing"": 659.1663586636749}",57679.93566,cn-cy-150c-02-V2-LOCATIONS,D_chengdu,True,53.788943856054,54611.47992,cy
True,652.4356602169551,602.398228668903,C036,139.0,2,"[""D_chengdu"", ""D_chongqing""]","{""D_chengdu"": 50.037431548052, ""D_chongqing"": 652.4356602169551}",57888.68772,cn-cy-150c-02-V2-LOCATIONS,D_chengdu,True,50.037431548052,55235.23878,cy
True,671.0648743727061,618.6506967364451,C037,417.0,2,"[""D_chengdu"", ""D_chongqing""]","{""D_chengdu"": 52.414177636260995, ""D_chongqing"": 671.0648743727061}",51678.59466,cn-cy-150c-02-V2-LOCATIONS,D_chengdu,True,52.414177636260995,49262.4414,cy
True,654.351304678625,604.157756176367,C038,417.0,2,"[""D_chengdu"", ""D_chongqing""]","{""D_chengdu"": 50.193548502258, ""D_chongqing"": 654.351304678625}",43366.489859999994,cn-cy-150c-02-V2-LOCATIONS,D_chengdu,True,50.193548502258,41447.68596,cy
True,654.3523547215091,606.0153487253351,C039,347.0,2,"[""D_chengdu"", ""D_chongqing""]","{""D_chengdu"": 48.33700599617401, ""D_chongqing"": 654.3523547215091}",50600.90418,cn-cy-150c-02-V2-LOCATIONS,D_chengdu,True,48.33700599617401,48048.97206,cy
True,655.577364151509,606.5961719029909,C040,347.0,2,"[""D_chengdu"", ""D_chongqing""]","{""D_chengdu"": 48.981192248518, ""D_chongqing"": 655.577364151509}",51265.267980000004,cn-cy-150c-02-V2-LOCATIONS,D_chengdu,True,48.981192248518,48362.4825,cy
True,655.598551970867,602.004016435582,C041,278.0,2,"[""D_chengdu"", ""D_chongqing""]","{""D_chengdu"": 53.594535535285004, ""D_chongqing"": 655.598551970867}",57124.17966,cn-cy-150c-02-V2-LOCATIONS,D_chengdu,True,53.594535535285004,53825.577659999995,cy
True,661.9102259941441,619.4057519800031,C042,347.0,2,"[""D_chengdu"", ""D_chongqing""]","{""D_chengdu"": 42.504474014141, ""D_chongqing"": 661.9102259941441}",65037.155880000006,cn-cy-150c-02-V2-LOCATIONS,D_chengdu,True,42.504474014141,62537.238,cy
True,671.085508543935,618.6506967364451,C043,208.0,2,"[""D_chengdu"", ""D_chongqing""]","{""D_chengdu"": 52.43481180749, ""D_chongqing"": 671.085508543935}",63124.39374000001,cn-cy-150c-02-V2-LOCATIONS,D_chengdu,True,52.43481180749,60601.152780000004,cy
True,650.2332601710369,599.736327512544,C044,208.0,2,"[""D_chengdu"", ""D_chongqing""]","{""D_chengdu"": 50.496932658492995, ""D_chongqing"": 650.2332601710369}",43211.36262,cn-cy-150c-02-V2-LOCATIONS,D_chengdu,True,50.496932658492995,40183.02882,cy
True,654.1974102571251,606.046956454282,C045,208.0,2,"[""D_chengdu"", ""D_chongqing""]","{""D_chengdu"": 48.150453802842996, ""D_chongqing"": 654.1974102571251}",64257.15918,cn-cy-150c-02-V2-LOCATIONS,D_chengdu,True,48.150453802842996,61635.604139999996,cy
True,653.392154350552,608.10219043867,C046,139.0,2,"[""D_chengdu"", ""D_chongqing""]","{""D_chengdu"": 45.289963911882005, ""D_chongqing"": 653.392154350552}",55219.0581,cn-cy-150c-02-V2-LOCATIONS,D_chengdu,True,45.289963911882005,52146.388680000004,cy
True,672.6032453790721,623.2355424604531,C047,208.0,2,"[""D_chengdu"", ""D_chongqing""]","{""D_chengdu"": 49.367702918619, ""D_chongqing"": 672.6032453790721}",45191.195700000004,cn-cy-150c-02-V2-LOCATIONS,D_chengdu,True,49.367702918619,43361.2902,cy
True,660.628012606603,606.494965227534,C048,278.0,2,"[""D_chengdu"", ""D_chongqing""]","{""D_chengdu"": 54.133047379069, ""D_chongqing"": 660.628012606603}",62680.27974,cn-cy-150c-02-V2-LOCATIONS,D_chengdu,True,54.133047379069,60842.254199999996,cy
True,657.6920547581159,606.3111269570699,C049,139.0,2,"[""D_chengdu"", ""D_chongqing""]","{""D_chengdu"": 51.380927801046, ""D_chongqing"": 657.6920547581159}",50896.83504,cn-cy-150c-02-V2-LOCATIONS,D_chengdu,True,51.380927801046,47427.898499999996,cy
True,667.635574809683,616.8640379088,C050,139.0,2,"[""D_chengdu"", ""D_chongqing""]","{""D_chengdu"": 50.771536900883, ""D_chongqing"": 667.635574809683}",46374.79782,cn-cy-150c-02-V2-LOCATIONS,D_chengdu,True,50.771536900883,43022.10264,cy
True,654.352354706099,606.015348725335,C051,417.0,2,"[""D_chengdu"", ""D_chongqing""]","{""D_chengdu"": 48.337005980764, ""D_chongqing"": 654.352354706099}",46764.95394,cn-cy-150c-02-V2-LOCATIONS,D_chengdu,True,48.337005980764,44018.75274,cy
True,672.907224612962,623.1966672657379,C052,347.0,2,"[""D_chengdu"", ""D_chongqing""]","{""D_chengdu"": 49.710557347224, ""D_chongqing"": 672.907224612962}",46453.560959999995,cn-cy-150c-02-V2-LOCATIONS,D_chengdu,True,49.710557347224,43611.1728,cy
True,665.152056172163,600.949587882758,C053,347.0,2,"[""D_chengdu"", ""D_chongqing""]","{""D_chengdu"": 64.202468289405, ""D_chongqing"": 665.152056172163}",58920.59688,cn-cy-150c-02-V2-LOCATIONS,D_chengdu,True,64.202468289405,56841.68526,cy
True,659.761656488748,605.126801669531,C054,417.0,2,"[""D_chengdu"", ""D_chongqing""]","{""D_chengdu"": 54.634854819217, ""D_chongqing"": 659.761656488748}",50952.071879999996,cn-cy-150c-02-V2-LOCATIONS,D_chengdu,True,54.634854819217,48573.9528,cy
True,669.982767497633,617.4180519250849,C055,278.0,2,"[""D_chengdu"", ""D_chongqing""]","{""D_chengdu"": 52.564715572547996, ""D_chongqing"": 669.982767497633}",51759.69258,cn-cy-150c-02-V2-LOCATIONS,D_chengdu,True,52.564715572547996,49176.9843,cy
True,658.601720626089,606.015348725335,C056,278.0,2,"[""D_chengdu"", ""D_chongqing""]","{""D_chengdu"": 52.586371900754, ""D_chongqing"": 658.601720626089}",58374.39576,cn-cy-150c-02-V2-LOCATIONS,D_chengdu,True,52.586371900754,55670.87844,cy
True,672.345906046059,618.650696736445,C057,417.0,2,"[""D_chengdu"", ""D_chongqing""]","{""D_chengdu"": 53.695209309614, ""D_chongqing"": 672.345906046059}",52841.41248,cn-cy-150c-02-V2-LOCATIONS,D_chengdu,True,53.695209309614,49594.08486,cy
True,656.46540630077,606.596171902991,C058,347.0,2,"[""D_chengdu"", ""D_chongqing""]","{""D_chengdu"": 49.869234397779, ""D_chongqing"": 656.46540630077}",62145.8067,cn-cy-150c-02-V2-LOCATIONS,D_chengdu,True,49.869234397779,59654.55174,cy
True,651.1865856281701,605.240684912055,C059,139.0,2,"[""D_chengdu"", ""D_chongqing""]","{""D_chengdu"": 45.945900716115, ""D_chongqing"": 651.1865856281701}",46175.679299999996,cn-cy-150c-02-V2-LOCATIONS,D_chengdu,True,45.945900716115,43515.17688,cy
True,673.3458379371771,618.6506967364451,C060,417.0,2,"[""D_chengdu"", ""D_chongqing""]","{""D_chengdu"": 54.695141200732, ""D_chongqing"": 673.3458379371771}",50805.80586,cn-cy-150c-02-V2-LOCATIONS,D_chengdu,True,54.695141200732,48527.8845,cy
True,654.354098885159,605.691267048576,C061,208.0,2,"[""D_chengdu"", ""D_chongqing""]","{""D_chengdu"": 48.662831836583, ""D_chongqing"": 654.354098885159}",60925.186859999994,cn-cy-150c-02-V2-LOCATIONS,D_chengdu,True,48.662831836583,57785.20506,cy
True,666.219278547487,622.311686839957,C062,278.0,2,"[""D_chengdu"", ""D_chongqing""]","{""D_chengdu"": 43.90759170753, ""D_chongqing"": 666.219278547487}",44511.66252,cn-cy-150c-02-V2-LOCATIONS,D_chengdu,True,43.90759170753,41491.368239999996,cy
True,666.644139434112,622.311686839957,C063,208.0,2,"[""D_chengdu"", ""D_chongqing""]","{""D_chengdu"": 44.332452594155, ""D_chongqing"": 666.644139434112}",56506.93692,cn-cy-150c-02-V2-LOCATIONS,D_chengdu,True,44.332452594155,54214.57668,cy
True,585.9637223030219,524.6913895260099,C064,278.0,2,"[""D_chengdu"", ""D_chongqing""]","{""D_chengdu"": 585.9637223030219, ""D_chongqing"": 61.272332777012004}",48055.7616,cn-cy-150c-02-V2-LOCATIONS,D_chongqing,True,61.272332777012004,45898.00548,cy
True,574.049246070402,488.918025348683,C065,208.0,2,"[""D_chengdu"", ""D_chongqing""]","{""D_chengdu"": 574.049246070402, ""D_chongqing"": 85.131220721719}",58814.61414,cn-cy-150c-02-V2-LOCATIONS,D_chongqing,True,85.131220721719,56065.69884,cy
True,582.9034532628511,514.8090604695061,C066,278.0,2,"[""D_chengdu"", ""D_chongqing""]","{""D_chengdu"": 582.9034532628511, ""D_chongqing"": 68.09439279334501}",51430.03938,cn-cy-150c-02-V2-LOCATIONS,D_chongqing,True,68.09439279334501,48057.82554,cy
True,579.666459701966,515.832497996099,C067,417.0,2,"[""D_chengdu"", ""D_chongqing""]","{""D_chengdu"": 579.666459701966, ""D_chongqing"": 63.833961705867}",55112.51202,cn-cy-150c-02-V2-LOCATIONS,D_chongqing,True,63.833961705867,51687.8514,cy
True,586.071076777988,524.372686607616,C068,278.0,2,"[""D_chengdu"", ""D_chongqing""]","{""D_chengdu"": 586.071076777988, ""D_chongqing"": 61.698390170372}",50751.631680000006,cn-cy-150c-02-V2-LOCATIONS,D_chongqing,True,61.698390170372,48713.25048,cy
True,583.7340569379211,520.7959669871041,C069,347.0,2,"[""D_chengdu"", ""D_chongqing""]","{""D_chengdu"": 583.7340569379211, ""D_chongqing"": 62.938089950816995}",51969.209820000004,cn-cy-150c-02-V2-LOCATIONS,D_chongqing,True,62.938089950816995,48900.2958,cy
True,584.0015450920121,520.0307314412271,C070,417.0,2,"[""D_chengdu"", ""D_chongqing""]","{""D_chengdu"": 584.0015450920121, ""D_chongqing"": 63.970813650785}",58148.832839999995,cn-cy-150c-02-V2-LOCATIONS,D_chongqing,True,63.970813650785,55597.633740000005,cy
True,567.112435065875,475.90546343727806,C071,208.0,2,"[""D_chengdu"", ""D_chongqing""]","{""D_chengdu"": 567.112435065875, ""D_chongqing"": 91.206971628597}",51246.776699999995,cn-cy-150c-02-V2-LOCATIONS,D_chongqing,True,91.206971628597,47952.54456,cy
True,581.3131432813459,509.5094877632489,C072,278.0,2,"[""D_chengdu"", ""D_chongqing""]","{""D_chengdu"": 581.3131432813459, ""D_chongqing"": 71.803655518097}",57124.17966,cn-cy-150c-02-V2-LOCATIONS,D_chongqing,True,71.803655518097,53825.577659999995,cy
True,578.661149756928,509.28632351118904,C073,208.0,2,"[""D_chengdu"", ""D_chongqing""]","{""D_chengdu"": 578.661149756928, ""D_chongqing"": 69.374826245739}",49052.37042,cn-cy-150c-02-V2-LOCATIONS,D_chongqing,True,69.374826245739,46093.81362,cy
True,583.41973926861,521.383406760397,C074,417.0,2,"[""D_chengdu"", ""D_chongqing""]","{""D_chengdu"": 583.41973926861, ""D_chongqing"": 62.036332508213}",50929.04472,cn-cy-150c-02-V2-LOCATIONS,D_chongqing,True,62.036332508213,48128.65524,cy
True,573.634158968027,502.86320456212104,C075,278.0,2,"[""D_chengdu"", ""D_chongqing""]","{""D_chengdu"": 573.634158968027, ""D_chongqing"": 70.770954405906}",52047.824400000005,cn-cy-150c-02-V2-LOCATIONS,D_chongqing,True,70.770954405906,48970.16994,cy
True,585.512837548628,524.200565682636,C076,139.0,2,"[""D_chengdu"", ""D_chongqing""]","{""D_chengdu"": 585.512837548628, ""D_chongqing"": 61.312271865992}",47274.65952,cn-cy-150c-02-V2-LOCATIONS,D_chongqing,True,61.312271865992,44792.13384,cy
True,572.1661607245051,494.00382280282906,C077,417.0,2,"[""D_chengdu"", ""D_chongqing""]","{""D_chengdu"": 572.1661607245051, ""D_chongqing"": 78.162337921676}",56282.70168,cn-cy-150c-02-V2-LOCATIONS,D_chongqing,True,78.162337921676,53366.683619999996,cy
True,568.75125977523,483.232409958757,C078,278.0,2,"[""D_chengdu"", ""D_chongqing""]","{""D_chengdu"": 568.75125977523, ""D_chongqing"": 85.518849816473}",56619.562860000005,cn-cy-150c-02-V2-LOCATIONS,D_chongqing,True,85.518849816473,54139.97472,cy
True,581.826741882338,514.6068987889929,C079,139.0,2,"[""D_chengdu"", ""D_chongqing""]","{""D_chengdu"": 581.826741882338, ""D_chongqing"": 67.219843093345}",47769.56478,cn-cy-150c-02-V2-LOCATIONS,D_chongqing,True,67.219843093345,44229.04698,cy
True,582.642588601156,513.976794831972,C080,208.0,2,"[""D_chengdu"", ""D_chongqing""]","{""D_chengdu"": 582.642588601156, ""D_chongqing"": 68.665793769184}",55245.35274,cn-cy-150c-02-V2-LOCATIONS,D_chongqing,True,68.665793769184,53105.69214,cy
True,586.17766671277,521.45587880252,C081,347.0,2,"[""D_chengdu"", ""D_chongqing""]","{""D_chengdu"": 586.17766671277, ""D_chongqing"": 64.72178791025}",50600.90418,cn-cy-150c-02-V2-LOCATIONS,D_chongqing,True,64.72178791025,48048.97206,cy
True,570.816595774075,503.474973996554,C082,347.0,2,"[""D_chengdu"", ""D_chongqing""]","{""D_chengdu"": 570.816595774075, ""D_chongqing"": 67.341621777521}",46068.772079999995,cn-cy-150c-02-V2-LOCATIONS,D_chongqing,True,67.341621777521,43675.346280000005,cy
True,586.598311942306,528.321932009764,C083,208.0,2,"[""D_chengdu"", ""D_chongqing""]","{""D_chengdu"": 586.598311942306, ""D_chongqing"": 58.276379932542}",59924.0274,cn-cy-150c-02-V2-LOCATIONS,D_chongqing,True,58.276379932542,56430.94734,cy
True,564.261680578891,483.3949665339329,C084,417.0,2,"[""D_chengdu"", ""D_chongqing""]","{""D_chengdu"": 564.261680578891, ""D_chongqing"": 80.866714044958}",53134.83024,cn-cy-150c-02-V2-LOCATIONS,D_chongqing,True,80.866714044958,49858.95324,cy
True,569.419764498446,484.6505763053341,C085,208.0,2,"[""D_chengdu"", ""D_chongqing""]","{""D_chengdu"": 569.419764498446, ""D_chongqing"": 84.769188193112}",43610.96082,cn-cy-150c-02-V2-LOCATIONS,D_chongqing,True,84.769188193112,40895.08356,cy
True,573.3398923714201,502.34737784672006,C086,278.0,2,"[""D_chengdu"", ""D_chongqing""]","{""D_chengdu"": 573.3398923714201, ""D_chongqing"": 70.9925145247}",52047.824400000005,cn-cy-150c-02-V2-LOCATIONS,D_chongqing,True,70.9925145247,48970.16994,cy
True,586.739042535073,520.0504394705121,C087,208.0,2,"[""D_chengdu"", ""D_chongqing""]","{""D_chengdu"": 586.739042535073, ""D_chongqing"": 66.68860306456101}",53587.4859,cn-cy-150c-02-V2-LOCATIONS,D_chongqing,True,66.68860306456101,50357.18826,cy
True,586.0710767431281,524.3726866076161,C088,208.0,2,"[""D_chengdu"", ""D_chongqing""]","{""D_chengdu"": 586.0710767431281, ""D_chongqing"": 61.69839013551201}",51033.847200000004,cn-cy-150c-02-V2-LOCATIONS,D_chongqing,True,61.69839013551201,47616.673859999995,cy
True,573.839318988643,495.73609388885694,C089,347.0,2,"[""D_chengdu"", ""D_chongqing""]","{""D_chengdu"": 573.839318988643, ""D_chongqing"": 78.10322509978602}",51472.4493,cn-cy-150c-02-V2-LOCATIONS,D_chongqing,True,78.10322509978602,48589.2774,cy
True,564.7993622375519,486.0808548145769,C090,139.0,2,"[""D_chengdu"", ""D_chongqing""]","{""D_chengdu"": 564.7993622375519, ""D_chongqing"": 78.71850742297501}",51170.740920000004,cn-cy-150c-02-V2-LOCATIONS,D_chongqing,True,78.71850742297501,49070.72268,cy
True,567.902753837404,496.31509063575504,C091,347.0,2,"[""D_chengdu"", ""D_chongqing""]","{""D_chengdu"": 567.902753837404, ""D_chongqing"": 71.58766320164901}",57751.99962,cn-cy-150c-02-V2-LOCATIONS,D_chongqing,True,71.58766320164901,55364.92746,cy
True,583.01370659719,515.059876585985,C092,208.0,2,"[""D_chengdu"", ""D_chongqing""]","{""D_chengdu"": 583.01370659719, ""D_chongqing"": 67.953830011205}",55969.834559999996,cn-cy-150c-02-V2-LOCATIONS,D_chongqing,True,67.953830011205,54134.51676,cy
True,587.660543405937,522.673999636508,C093,347.0,2,"[""D_chengdu"", ""D_chongqing""]","{""D_chengdu"": 587.660543405937, ""D_chongqing"": 64.986543769429}",46252.02804,cn-cy-150c-02-V2-LOCATIONS,D_chongqing,True,64.986543769429,43996.92468,cy
True,580.9378247649221,513.5268878499971,C094,278.0,2,"[""D_chengdu"", ""D_chongqing""]","{""D_chengdu"": 580.9378247649221, ""D_chongqing"": 67.410936914925}",52178.128260000005,cn-cy-150c-02-V2-LOCATIONS,D_chongqing,True,67.410936914925,50109.11004,cy
True,583.4800472828359,521.344183607097,C095,347.0,2,"[""D_chengdu"", ""D_chongqing""]","{""D_chengdu"": 583.4800472828359, ""D_chongqing"": 62.135863675739}",60187.40436,cn-cy-150c-02-V2-LOCATIONS,D_chongqing,True,62.135863675739,57344.02314,cy
True,571.0050587004591,490.6045323647641,C096,208.0,2,"[""D_chengdu"", ""D_chongqing""]","{""D_chengdu"": 571.0050587004591, ""D_chongqing"": 80.400526335695}",57034.71162,cn-cy-150c-02-V2-LOCATIONS,D_chongqing,True,80.400526335695,54290.415960000006,cy
True,582.642588677736,513.9767948319719,C097,208.0,2,"[""D_chengdu"", ""D_chongqing""]","{""D_chengdu"": 582.642588677736, ""D_chongqing"": 68.66579384576401}",57034.71162,cn-cy-150c-02-V2-LOCATIONS,D_chongqing,True,68.66579384576401,54290.415960000006,cy
True,570.067597159069,497.314180287083,C098,278.0,2,"[""D_chengdu"", ""D_chongqing""]","{""D_chengdu"": 570.067597159069, ""D_chongqing"": 72.753416871986}",52082.89134,cn-cy-150c-02-V2-LOCATIONS,D_chongqing,True,72.753416871986,50258.14512,cy
True,560.8018363359461,476.7902184023101,C099,347.0,2,"[""D_chengdu"", ""D_chongqing""]","{""D_chengdu"": 560.8018363359461, ""D_chongqing"": 84.011617933636}",62627.74308000001,cn-cy-150c-02-V2-LOCATIONS,D_chongqing,True,84.011617933636,59297.71338,cy
True,570.9563142758541,505.0106399837041,C100,347.0,2,"[""D_chengdu"", ""D_chongqing""]","{""D_chengdu"": 570.9563142758541, ""D_chongqing"": 65.94567429215}",51962.984039999996,cn-cy-150c-02-V2-LOCATIONS,D_chongqing,True,65.94567429215,49921.7421,cy
True,585.909888618628,524.482200845457,C101,347.0,2,"[""D_chengdu"", ""D_chongqing""]","{""D_chengdu"": 585.909888618628, ""D_chongqing"": 61.427687773170994}",51135.85716,cn-cy-150c-02-V2-LOCATIONS,D_chongqing,True,61.427687773170994,48781.44294,cy
True,573.761597676629,501.514126855341,C102,278.0,2,"[""D_chengdu"", ""D_chongqing""]","{""D_chengdu"": 573.761597676629, ""D_chongqing"": 72.247470821288}",50888.0016,cn-cy-150c-02-V2-LOCATIONS,D_chongqing,True,72.247470821288,48323.65626,cy
True,563.712911537315,481.987033969082,C103,347.0,2,"[""D_chengdu"", ""D_chongqing""]","{""D_chengdu"": 563.712911537315, ""D_chongqing"": 81.725877568233}",62782.53306,cn-cy-150c-02-V2-LOCATIONS,D_chongqing,True,81.725877568233,59972.44206,cy
True,573.136221139606,499.78679006239605,C104,417.0,2,"[""D_chengdu"", ""D_chongqing""]","{""D_chengdu"": 573.136221139606, ""D_chongqing"": 73.34943107721}",50285.09286,cn-cy-150c-02-V2-LOCATIONS,D_chongqing,True,73.34943107721,46864.495200000005,cy
True,568.539063826354,482.362042271836,C105,347.0,2,"[""D_chengdu"", ""D_chongqing""]","{""D_chengdu"": 568.539063826354, ""D_chongqing"": 86.17702155451799}",52341.69762,cn-cy-150c-02-V2-LOCATIONS,D_chongqing,True,86.17702155451799,49024.568400000004,cy
True,569.841806733723,484.80875012731303,C106,278.0,2,"[""D_chengdu"", ""D_chongqing""]","{""D_chengdu"": 569.841806733723, ""D_chongqing"": 85.03305660641001}",60097.92264,cn-cy-150c-02-V2-LOCATIONS,D_chongqing,True,85.03305660641001,57347.3754,cy
True,577.534163799816,499.58051342012106,C107,347.0,2,"[""D_chengdu"", ""D_chongqing""]","{""D_chengdu"": 577.534163799816, ""D_chongqing"": 77.95365037969499}",52407.1617,cn-cy-150c-02-V2-LOCATIONS,D_chongqing,True,77.95365037969499,49914.96564,cy
True,586.877664096493,520.223537462346,C108,417.0,2,"[""D_chengdu"", ""D_chongqing""]","{""D_chengdu"": 586.877664096493, ""D_chongqing"": 66.654126634147}",47455.46688,cn-cy-150c-02-V2-LOCATIONS,D_chongqing,True,66.654126634147,44653.11492,cy
True,583.405777808041,521.2834131111659,C109,278.0,2,"[""D_chengdu"", ""D_chongqing""]","{""D_chengdu"": 583.405777808041, ""D_chongqing"": 62.122364696874996}",64388.99982,cn-cy-150c-02-V2-LOCATIONS,D_chongqing,True,62.122364696874996,62230.888439999995,cy
True,582.26221439523,514.751173075367,C110,347.0,2,"[""D_chengdu"", ""D_chongqing""]","{""D_chengdu"": 582.26221439523, ""D_chongqing"": 67.511041319863}",52586.44062,cn-cy-150c-02-V2-LOCATIONS,D_chongqing,True,67.511041319863,49705.61916,cy
True,567.930359434552,487.79020289601,C111,278.0,2,"[""D_chengdu"", ""D_chongqing""]","{""D_chengdu"": 567.930359434552, ""D_chongqing"": 80.14015653854202}",49232.33766,cn-cy-150c-02-V2-LOCATIONS,D_chongqing,True,80.14015653854202,46515.79662,cy
True,586.0693277885621,520.1008965632881,C112,417.0,2,"[""D_chengdu"", ""D_chongqing""]","{""D_chengdu"": 586.0693277885621, ""D_chongqing"": 65.968431225274}",64891.61556,cn-cy-150c-02-V2-LOCATIONS,D_chongqing,True,65.968431225274,61654.74642,cy
True,571.2970297311151,488.03246616989213,C113,278.0,2,"[""D_chengdu"", ""D_chongqing""]","{""D_chengdu"": 571.2970297311151, ""D_chongqing"": 83.26456356122301}",63568.07400000001,cn-cy-150c-02-V2-LOCATIONS,D_chongqing,True,83.26456356122301,60155.94258,cy
True,575.109818312702,512.118283885574,C114,208.0,2,"[""D_chengdu"", ""D_chongqing""]","{""D_chengdu"": 575.109818312702, ""D_chongqing"": 62.991534427128}",58322.687640000004,cn-cy-150c-02-V2-LOCATIONS,D_chongqing,True,62.991534427128,56242.01064,cy
True,578.37554454911,514.063193384457,C115,347.0,2,"[""D_chengdu"", ""D_chongqing""]","{""D_chengdu"": 578.37554454911, ""D_chongqing"": 64.312351164653}",63644.292839999995,cn-cy-150c-02-V2-LOCATIONS,D_chongqing,True,64.312351164653,60052.21362,cy
True,567.941413994212,487.79020289601,C116,347.0,2,"[""D_chengdu"", ""D_chongqing""]","{""D_chengdu"": 567.941413994212, ""D_chongqing"": 80.15121109820201}",58681.8456,cn-cy-150c-02-V2-LOCATIONS,D_chongqing,True,80.15121109820201,55312.4979,cy
True,572.183763587231,501.53930149911,C117,208.0,2,"[""D_chengdu"", ""D_chongqing""]","{""D_chengdu"": 572.183763587231, ""D_chongqing"": 70.644462088121}",51173.16696,cn-cy-150c-02-V2-LOCATIONS,D_chongqing,True,70.644462088121,48183.77352,cy
True,558.4303513114149,474.31331153300596,C118,208.0,2,"[""D_chengdu"", ""D_chongqing""]","{""D_chengdu"": 558.4303513114149, ""D_chongqing"": 84.11703977840901}",47877.69864,cn-cy-150c-02-V2-LOCATIONS,D_chongqing,True,84.11703977840901,44451.31188,cy
True,567.147947709233,490.999067790384,C119,347.0,2,"[""D_chengdu"", ""D_chongqing""]","{""D_chengdu"": 567.147947709233, ""D_chongqing"": 76.148879918849}",66551.79312,cn-cy-150c-02-V2-LOCATIONS,D_chongqing,True,76.148879918849,63170.5281,cy
True,569.935303057703,504.46164565743595,C120,278.0,2,"[""D_chengdu"", ""D_chongqing""]","{""D_chengdu"": 569.935303057703, ""D_chongqing"": 65.473657400267}",47286.22188,cn-cy-150c-02-V2-LOCATIONS,D_chongqing,True,65.473657400267,45271.16022,cy
True,565.95693647343,493.315201958013,C121,347.0,2,"[""D_chengdu"", ""D_chongqing""]","{""D_chengdu"": 565.95693647343, ""D_chongqing"": 72.641734515417}",51214.44906,cn-cy-150c-02-V2-LOCATIONS,D_chongqing,True,72.641734515417,49073.70678,cy
True,587.604478435633,525.7898725554201,C122,139.0,2,"[""D_chengdu"", ""D_chongqing""]","{""D_chengdu"": 587.604478435633, ""D_chongqing"": 61.814605880213}",62124.561720000005,cn-cy-150c-02-V2-LOCATIONS,D_chongqing,True,61.814605880213,59129.1459,cy
True,583.01370658581,515.0598765859851,C123,139.0,2,"[""D_chengdu"", ""D_chongqing""]","{""D_chengdu"": 583.01370658581, ""D_chongqing"": 67.953829999825}",55622.11608,cn-cy-150c-02-V2-LOCATIONS,D_chongqing,True,67.953829999825,53328.78312,cy
True,584.487321669289,522.582621836995,C124,278.0,2,"[""D_chengdu"", ""D_chongqing""]","{""D_chengdu"": 584.487321669289, ""D_chongqing"": 61.904699832294}",45708.46032,cn-cy-150c-02-V2-LOCATIONS,D_chongqing,True,61.904699832294,42181.430459999996,cy
True,580.0089314128791,501.85848374809507,C125,347.0,2,"[""D_chengdu"", ""D_chongqing""]","{""D_chengdu"": 580.0089314128791, ""D_chongqing"": 78.15044766478401}",50600.90418,cn-cy-150c-02-V2-LOCATIONS,D_chongqing,True,78.15044766478401,48048.97206,cy
True,574.277278012014,502.264543907779,C126,347.0,2,"[""D_chengdu"", ""D_chongqing""]","{""D_chengdu"": 574.277278012014, ""D_chongqing"": 72.01273410423501}",57963.91128,cn-cy-150c-02-V2-LOCATIONS,D_chongqing,True,72.01273410423501,55187.18304,cy
True,534.122007090667,439.86879361034,C127,417.0,2,"[""D_chengdu"", ""D_chongqing""]","{""D_chengdu"": 534.122007090667, ""D_chongqing"": 94.253213480327}",47455.46688,cn-cy-150c-02-V2-LOCATIONS,D_chongqing,True,94.253213480327,44653.11492,cy
True,574.428234942387,503.176847060534,C128,139.0,2,"[""D_chengdu"", ""D_chongqing""]","{""D_chengdu"": 574.428234942387, ""D_chongqing"": 71.251387881853}",51657.98022,cn-cy-150c-02-V2-LOCATIONS,D_chongqing,True,71.251387881853,49589.077860000005,cy
True,577.4035563311539,503.91380378265694,C129,139.0,2,"[""D_chengdu"", ""D_chongqing""]","{""D_chengdu"": 577.4035563311539, ""D_chongqing"": 73.489752548497}",63271.019819999994,cn-cy-150c-02-V2-LOCATIONS,D_chongqing,True,73.489752548497,60734.39256,cy
True,558.912869658829,466.018414978911,C130,278.0,2,"[""D_chengdu"", ""D_chongqing""]","{""D_chengdu"": 558.912869658829, ""D_chongqing"": 92.894454679918}",57869.2089,cn-cy-150c-02-V2-LOCATIONS,D_chongqing,True,92.894454679918,55187.58324,cy
True,591.4877565922609,544.12559054024,C131,347.0,2,"[""D_chengdu"", ""D_chongqing""]","{""D_chengdu"": 591.4877565922609, ""D_chongqing"": 47.362166052020996}",58909.426139999996,cn-cy-150c-02-V2-LOCATIONS,D_chongqing,True,47.362166052020996,55562.401620000004,cy
True,560.333977306426,477.43099319233306,C132,278.0,2,"[""D_chengdu"", ""D_chongqing""]","{""D_chengdu"": 560.333977306426, ""D_chongqing"": 82.902984114093}",49173.8223,cn-cy-150c-02-V2-LOCATIONS,D_chongqing,True,82.902984114093,46937.60682,cy
True,581.9569379183059,515.0851489354019,C133,139.0,2,"[""D_chengdu"", ""D_chongqing""]","{""D_chengdu"": 581.9569379183059, ""D_chongqing"": 66.87178898290401}",49266.4668,cn-cy-150c-02-V2-LOCATIONS,D_chongqing,True,66.87178898290401,46209.09702,cy
True,591.8300160255111,540.1988414584531,C134,278.0,2,"[""D_chengdu"", ""D_chongqing""]","{""D_chengdu"": 591.8300160255111, ""D_chongqing"": 51.631174567058}",64536.608940000006,cn-cy-150c-02-V2-LOCATIONS,D_chongqing,True,51.631174567058,61790.716980000005,cy
True,581.4433232003581,513.1743155215681,C135,278.0,2,"[""D_chengdu"", ""D_chongqing""]","{""D_chengdu"": 581.4433232003581, ""D_chongqing"": 68.26900767879}",44617.93068,cn-cy-150c-02-V2-LOCATIONS,D_chongqing,True,68.26900767879,41358.39318,cy
True,581.8267418445579,514.6068987889929,C136,139.0,2,"[""D_chengdu"", ""D_chongqing""]","{""D_chengdu"": 581.8267418445579, ""D_chongqing"": 67.219843055565}",49564.35774,cn-cy-150c-02-V2-LOCATIONS,D_chongqing,True,67.219843055565,45984.4128,cy
True,567.935254306777,497.52632577376,C137,139.0,2,"[""D_chengdu"", ""D_chongqing""]","{""D_chengdu"": 567.935254306777, ""D_chongqing"": 70.40892853301699}",53768.0193,cn-cy-150c-02-V2-LOCATIONS,D_chongqing,True,70.40892853301699,50597.6013,cy
True,576.714594226474,503.913803782657,C138,139.0,2,"[""D_chengdu"", ""D_chongqing""]","{""D_chengdu"": 576.714594226474, ""D_chongqing"": 72.80079044381701}",50824.30446,cn-cy-150c-02-V2-LOCATIONS,D_chongqing,True,72.80079044381701,48539.37522,cy
True,580.927685033929,513.862192791914,C139,278.0,2,"[""D_chengdu"", ""D_chongqing""]","{""D_chengdu"": 580.927685033929, ""D_chongqing"": 67.065492242015}",54516.68718,cn-cy-150c-02-V2-LOCATIONS,D_chongqing,True,67.065492242015,51200.79318,cy
True,556.3675344147409,475.56900133637595,C140,347.0,2,"[""D_chengdu"", ""D_chongqing""]","{""D_chengdu"": 556.3675344147409, ""D_chongqing"": 80.798533078365}",57610.16712,cn-cy-150c-02-V2-LOCATIONS,D_chongqing,True,80.798533078365,55477.07298,cy
True,574.577781889457,503.658092192573,C141,347.0,2,"[""D_chengdu"", ""D_chongqing""]","{""D_chengdu"": 574.577781889457, ""D_chongqing"": 70.919689696884}",48747.6486,cn-cy-150c-02-V2-LOCATIONS,D_chongqing,True,70.919689696884,45175.3899,cy
True,586.19116126112,524.076166923417,C142,139.0,2,"[""D_chengdu"", ""D_chongqing""]","{""D_chengdu"": 586.19116126112, ""D_chongqing"": 62.114994337703}",45301.2585,cn-cy-150c-02-V2-LOCATIONS,D_chongqing,True,62.114994337703,42353.00424,cy
True,570.513272460187,493.22055678868895,C143,278.0,2,"[""D_chengdu"", ""D_chongqing""]","{""D_chengdu"": 570.513272460187, ""D_chongqing"": 77.29271567149799}",52045.98738,cn-cy-150c-02-V2-LOCATIONS,D_chongqing,True,77.29271567149799,48964.370039999994,cy
True,581.8829343493139,516.1832890085519,C144,417.0,2,"[""D_chengdu"", ""D_chongqing""]","{""D_chengdu"": 581.8829343493139, ""D_chongqing"": 65.699645340762}",59635.43784,cn-cy-150c-02-V2-LOCATIONS,D_chongqing,True,65.699645340762,56992.18074,cy
True,581.170032817788,512.6605691673609,C145,208.0,2,"[""D_chengdu"", ""D_chongqing""]","{""D_chengdu"": 581.170032817788, ""D_chongqing"": 68.50946365042701}",52005.24516,cn-cy-150c-02-V2-LOCATIONS,D_chongqing,True,68.50946365042701,49508.64666,cy
True,573.733909131249,501.514126855341,C146,208.0,2,"[""D_chengdu"", ""D_chongqing""]","{""D_chengdu"": 573.733909131249, ""D_chongqing"": 72.219782275908}",66434.37180000001,cn-cy-150c-02-V2-LOCATIONS,D_chongqing,True,72.219782275908,63166.11642,cy
True,568.751259695754,483.232409958757,C147,347.0,2,"[""D_chengdu"", ""D_chongqing""]","{""D_chengdu"": 568.751259695754, ""D_chongqing"": 85.518849736997}",51585.23622,cn-cy-150c-02-V2-LOCATIONS,D_chongqing,True,85.518849736997,48528.16128,cy
True,583.621334947121,511.513623518835,C148,347.0,2,"[""D_chengdu"", ""D_chongqing""]","{""D_chengdu"": 583.621334947121, ""D_chongqing"": 72.107711428286}",52169.01102,cn-cy-150c-02-V2-LOCATIONS,D_chongqing,True,72.107711428286,49125.1086,cy
True,583.013706590334,515.059876585985,C149,208.0,2,"[""D_chengdu"", ""D_chongqing""]","{""D_chengdu"": 583.013706590334, ""D_chongqing"": 67.953830004349}",60577.42554,cn-cy-150c-02-V2-LOCATIONS,D_chongqing,True,67.953830004349,57603.71796,cy
True,568.779006159559,479.981824614619,C150,208.0,2,"[""D_chengdu"", ""D_chongqing""]","{""D_chengdu"": 568.779006159559, ""D_chongqing"": 88.79718154494}",61473.80628,cn-cy-150c-02-V2-LOCATIONS,D_chongqing,True,88.79718154494,57969.44562,cy
True,665.123646092399,603.006993159911,C001,208.0,2,"[""D_chengdu"", ""D_chongqing""]","{""D_chengdu"": 62.116652932487995, ""D_chongqing"": 665.123646092399}",50955.14226,cn-cy-150c-03-V2-LOCATIONS,D_chengdu,True,62.116652932487995,47672.803080000005,cy
True,654.416179199302,609.8658294842329,C002,347.0,2,"[""D_chengdu"", ""D_chongqing""]","{""D_chengdu"": 44.550349715069004, ""D_chongqing"": 654.416179199302}",55430.41512,cn-cy-150c-03-V2-LOCATIONS,D_chengdu,True,44.550349715069004,53261.89356,cy
True,655.566983993504,605.974183055386,C003,139.0,2,"[""D_chengdu"", ""D_chongqing""]","{""D_chengdu"": 49.592800938118, ""D_chongqing"": 655.566983993504}",50950.36458,cn-cy-150c-03-V2-LOCATIONS,D_chengdu,True,49.592800938118,48640.348379999996,cy
True,657.4963958386569,606.0153487253349,C004,347.0,2,"[""D_chengdu"", ""D_chongqing""]","{""D_chengdu"": 51.481047113322, ""D_chongqing"": 657.4963958386569}",51703.618800000004,cn-cy-150c-03-V2-LOCATIONS,D_chengdu,True,51.481047113322,48842.248439999996,cy
True,658.5281854286951,605.9741830553861,C005,139.0,2,"[""D_chengdu"", ""D_chongqing""]","{""D_chengdu"": 52.554002373309, ""D_chongqing"": 658.5281854286951}",56388.54366,cn-cy-150c-03-V2-LOCATIONS,D_chengdu,True,52.554002373309,54086.68356,cy
True,657.8851924069161,604.256764790697,C006,347.0,2,"[""D_chengdu"", ""D_chongqing""]","{""D_chengdu"": 53.628427616219, ""D_chongqing"": 657.8851924069161}",61564.66494,cn-cy-150c-03-V2-LOCATIONS,D_chengdu,True,53.628427616219,58382.267459999995,cy
True,654.8636320600169,605.6843199923819,C007,139.0,2,"[""D_chengdu"", ""D_chongqing""]","{""D_chengdu"": 49.179312067635, ""D_chongqing"": 654.8636320600169}",50708.3886,cn-cy-150c-03-V2-LOCATIONS,D_chengdu,True,49.179312067635,47815.625400000004,cy
True,655.860924485809,606.596171902991,C008,278.0,2,"[""D_chengdu"", ""D_chongqing""]","{""D_chengdu"": 49.264752582818, ""D_chongqing"": 655.860924485809}",53356.919519999996,cn-cy-150c-03-V2-LOCATIONS,D_chengdu,True,49.264752582818,50387.2851,cy
True,650.8242479827791,602.1567999937411,C009,347.0,2,"[""D_chengdu"", ""D_chongqing""]","{""D_chengdu"": 48.667447989038, ""D_chongqing"": 650.8242479827791}",62310.01632,cn-cy-150c-03-V2-LOCATIONS,D_chengdu,True,48.667447989038,59766.90258,cy
True,674.31595275366,618.650696736445,C010,208.0,2,"[""D_chengdu"", ""D_chongqing""]","{""D_chengdu"": 55.665256017215, ""D_chongqing"": 674.31595275366}",51246.776699999995,cn-cy-150c-03-V2-LOCATIONS,D_chengdu,True,55.665256017215,47952.54456,cy
True,661.5200574437271,607.8466998877041,C011,278.0,2,"[""D_chengdu"", ""D_chongqing""]","{""D_chengdu"": 53.67335755602299, ""D_chongqing"": 661.5200574437271}",51275.64636,cn-cy-150c-03-V2-LOCATIONS,D_chengdu,True,53.67335755602299,48079.92474,cy
True,655.921813485451,606.881443367952,C012,347.0,2,"[""D_chengdu"", ""D_chongqing""]","{""D_chengdu"": 49.040370117498995, ""D_chongqing"": 655.921813485451}",44753.850000000006,cn-cy-150c-03-V2-LOCATIONS,D_chengdu,True,49.040370117498995,42244.53138,cy
True,664.768529151485,604.639140413488,C013,278.0,2,"[""D_chengdu"", ""D_chongqing""]","{""D_chengdu"": 60.129388737997, ""D_chongqing"": 664.768529151485}",45247.38186,cn-cy-150c-03-V2-LOCATIONS,D_chengdu,True,60.129388737997,43414.90692,cy
True,654.6898053936669,602.6070645167679,C014,278.0,2,"[""D_chengdu"", ""D_chongqing""]","{""D_chengdu"": 52.082740876898995, ""D_chongqing"": 654.6898053936669}",62518.35024000001,cn-cy-150c-03-V2-LOCATIONS,D_chengdu,True,52.082740876898995,59296.62036,cy
True,652.841644108388,602.931941334576,C015,278.0,2,"[""D_chengdu"", ""D_chongqing""]","{""D_chengdu"": 49.90970277381199, ""D_chongqing"": 652.841644108388}",62600.660579999996,cn-cy-150c-03-V2-LOCATIONS,D_chengdu,True,49.90970277381199,60719.82408,cy
True,651.1972305616599,602.551209545008,C016,347.0,2,"[""D_chengdu"", ""D_chongqing""]","{""D_chengdu"": 48.646021016652, ""D_chongqing"": 651.1972305616599}",46707.09384,cn-cy-150c-03-V2-LOCATIONS,D_chengdu,True,48.646021016652,43207.560059999996,cy
True,654.989119792779,606.881443367952,C017,139.0,2,"[""D_chengdu"", ""D_chongqing""]","{""D_chengdu"": 48.107676424827005, ""D_chongqing"": 654.989119792779}",47211.737100000006,cn-cy-150c-03-V2-LOCATIONS,D_chengdu,True,48.107676424827005,44904.26208,cy
True,656.157082728556,606.015348725334,C018,139.0,2,"[""D_chengdu"", ""D_chongqing""]","{""D_chengdu"": 50.141734003222, ""D_chongqing"": 656.157082728556}",58096.530900000005,cn-cy-150c-03-V2-LOCATIONS,D_chengdu,True,50.141734003222,55339.03134,cy
True,654.845050503697,602.6070645167681,C019,347.0,2,"[""D_chengdu"", ""D_chongqing""]","{""D_chengdu"": 52.237985986929, ""D_chongqing"": 654.845050503697}",59095.57242,cn-cy-150c-03-V2-LOCATIONS,D_chengdu,True,52.237985986929,55930.143840000004,cy
True,660.7117675499591,619.006156030008,C020,347.0,2,"[""D_chengdu"", ""D_chongqing""]","{""D_chengdu"": 41.70561151995099, ""D_chongqing"": 660.7117675499591}",50951.04468,cn-cy-150c-03-V2-LOCATIONS,D_chengdu,True,41.70561151995099,47949.02838,cy
True,663.673611646628,606.2834925678801,C021,278.0,2,"[""D_chengdu"", ""D_chongqing""]","{""D_chengdu"": 57.390119078748, ""D_chongqing"": 663.673611646628}",45834.15528,cn-cy-150c-03-V2-LOCATIONS,D_chengdu,True,57.390119078748,43529.614559999995,cy
True,652.729094151309,608.308082151183,C022,417.0,2,"[""D_chengdu"", ""D_chongqing""]","{""D_chengdu"": 44.421012000126, ""D_chongqing"": 652.729094151309}",51678.59466,cn-cy-150c-03-V2-LOCATIONS,D_chengdu,True,44.421012000126,49262.4414,cy
True,668.793969187503,619.452502997998,C023,278.0,2,"[""D_chengdu"", ""D_chongqing""]","{""D_chengdu"": 49.34146618950499, ""D_chongqing"": 668.793969187503}",52047.824400000005,cn-cy-150c-03-V2-LOCATIONS,D_chengdu,True,49.34146618950499,48970.16994,cy
True,677.890538838214,613.217127206798,C024,139.0,2,"[""D_chengdu"", ""D_chongqing""]","{""D_chengdu"": 64.673411631416, ""D_chongqing"": 677.890538838214}",48745.19964,cn-cy-150c-03-V2-LOCATIONS,D_chengdu,True,64.673411631416,45716.9337,cy
True,661.402523971978,606.2511989275949,C025,208.0,2,"[""D_chengdu"", ""D_chongqing""]","{""D_chengdu"": 55.15132504438299, ""D_chongqing"": 661.402523971978}",59188.1118,cn-cy-150c-03-V2-LOCATIONS,D_chengdu,True,55.15132504438299,56045.620259999996,cy
True,666.8827122944349,618.7389465191449,C026,208.0,2,"[""D_chengdu"", ""D_chongqing""]","{""D_chengdu"": 48.14376577529, ""D_chongqing"": 666.8827122944349}",64893.34674,cn-cy-150c-03-V2-LOCATIONS,D_chengdu,True,48.14376577529,61559.716920000006,cy
True,658.3175468460889,602.6070645167679,C027,139.0,2,"[""D_chengdu"", ""D_chongqing""]","{""D_chengdu"": 55.710482329320996, ""D_chongqing"": 658.3175468460889}",55219.0581,cn-cy-150c-03-V2-LOCATIONS,D_chengdu,True,55.710482329320996,52146.388680000004,cy
True,653.413300137796,605.6985050929829,C028,278.0,2,"[""D_chengdu"", ""D_chongqing""]","{""D_chengdu"": 47.714795044813, ""D_chongqing"": 653.413300137796}",53005.748759999995,cn-cy-150c-03-V2-LOCATIONS,D_chengdu,True,47.714795044813,49590.995579999995,cy
True,671.06332558861,623.707544931804,C029,417.0,2,"[""D_chengdu"", ""D_chongqing""]","{""D_chengdu"": 47.355780656806004, ""D_chongqing"": 671.06332558861}",51025.668000000005,cn-cy-150c-03-V2-LOCATIONS,D_chengdu,True,47.355780656806004,49196.47344,cy
True,671.4773779150651,610.986495107032,C030,278.0,2,"[""D_chengdu"", ""D_chongqing""]","{""D_chengdu"": 60.490882808033, ""D_chongqing"": 671.4773779150651}",47705.123940000005,cn-cy-150c-03-V2-LOCATIONS,D_chengdu,True,60.490882808033,44661.08688,cy
True,649.608528891991,600.191099598643,C031,208.0,2,"[""D_chengdu"", ""D_chongqing""]","{""D_chengdu"": 49.417429293348, ""D_chongqing"": 649.608528891991}",49316.22858,cn-cy-150c-03-V2-LOCATIONS,D_chengdu,True,49.417429293348,46930.99896,cy
True,650.2162335008401,603.1271997824191,C032,278.0,2,"[""D_chengdu"", ""D_chongqing""]","{""D_chengdu"": 47.089033718421, ""D_chongqing"": 650.2162335008401}",59908.903080000004,cn-cy-150c-03-V2-LOCATIONS,D_chengdu,True,47.089033718421,57027.710940000004,cy
True,652.689205704561,608.308082151183,C033,278.0,2,"[""D_chengdu"", ""D_chongqing""]","{""D_chengdu"": 44.381123553377996, ""D_chongqing"": 652.689205704561}",51769.432380000006,cn-cy-150c-03-V2-LOCATIONS,D_chengdu,True,44.381123553377996,49364.89434,cy
True,661.4025239825979,606.2511989275949,C034,417.0,2,"[""D_chengdu"", ""D_chongqing""]","{""D_chengdu"": 55.151325055003, ""D_chongqing"": 661.4025239825979}",61763.49384,cn-cy-150c-03-V2-LOCATIONS,D_chengdu,True,55.151325055003,58380.66066,cy
True,671.239040210149,618.6506967364451,C035,278.0,2,"[""D_chengdu"", ""D_chongqing""]","{""D_chengdu"": 52.588343473704, ""D_chongqing"": 671.239040210149}",64536.608940000006,cn-cy-150c-03-V2-LOCATIONS,D_chengdu,True,52.588343473704,61790.716980000005,cy
True,655.346599609097,602.607064516768,C036,347.0,2,"[""D_chengdu"", ""D_chongqing""]","{""D_chengdu"": 52.739535092329, ""D_chongqing"": 655.346599609097}",48690.122879999995,cn-cy-150c-03-V2-LOCATIONS,D_chengdu,True,52.739535092329,45737.2215,cy
True,652.3885053024551,602.3982286689031,C037,278.0,2,"[""D_chengdu"", ""D_chongqing""]","{""D_chengdu"": 49.990276633552, ""D_chongqing"": 652.3885053024551}",61535.50272,cn-cy-150c-03-V2-LOCATIONS,D_chengdu,True,49.990276633552,59183.00094,cy
True,668.923375937862,622.311686839957,C038,208.0,2,"[""D_chengdu"", ""D_chongqing""]","{""D_chengdu"": 46.611689097905, ""D_chongqing"": 668.923375937862}",45191.195700000004,cn-cy-150c-03-V2-LOCATIONS,D_chengdu,True,46.611689097905,43361.2902,cy
True,669.465533985833,622.582821170359,C039,139.0,2,"[""D_chengdu"", ""D_chongqing""]","{""D_chengdu"": 46.882712815474, ""D_chongqing"": 669.465533985833}",54381.05922,cn-cy-150c-03-V2-LOCATIONS,D_chengdu,True,46.882712815474,51439.38624,cy
True,670.8710395526961,621.769925503587,C040,347.0,2,"[""D_chengdu"", ""D_chongqing""]","{""D_chengdu"": 49.10111404910901, ""D_chongqing"": 670.8710395526961}",44673.49956,cn-cy-150c-03-V2-LOCATIONS,D_chengdu,True,49.10111404910901,41624.80356,cy
True,662.05270408144,619.712370469527,C041,139.0,2,"[""D_chengdu"", ""D_chongqing""]","{""D_chengdu"": 42.340333611912996, ""D_chongqing"": 662.05270408144}",55428.689280000006,cn-cy-150c-03-V2-LOCATIONS,D_chengdu,True,42.340333611912996,53568.06222,cy
True,649.46561778084,600.9546732266281,C042,347.0,2,"[""D_chengdu"", ""D_chongqing""]","{""D_chengdu"": 48.510944554211996, ""D_chongqing"": 649.46561778084}",48955.96044,cn-cy-150c-03-V2-LOCATIONS,D_chengdu,True,48.510944554211996,46585.062600000005,cy
True,665.839227877033,622.3116868399569,C043,417.0,2,"[""D_chengdu"", ""D_chongqing""]","{""D_chengdu"": 43.527541037076, ""D_chongqing"": 665.839227877033}",58842.782699999996,cn-cy-150c-03-V2-LOCATIONS,D_chengdu,True,43.527541037076,55534.82892,cy
True,663.8602520251169,600.7696443852799,C044,347.0,2,"[""D_chengdu"", ""D_chongqing""]","{""D_chengdu"": 63.090607639836996, ""D_chongqing"": 663.8602520251169}",51291.86286,cn-cy-150c-03-V2-LOCATIONS,D_chengdu,True,63.090607639836996,48857.7009,cy
True,652.3472907712691,608.803597923106,C045,278.0,2,"[""D_chengdu"", ""D_chongqing""]","{""D_chengdu"": 43.543692848163005, ""D_chongqing"": 652.3472907712691}",52531.598340000004,cn-cy-150c-03-V2-LOCATIONS,D_chengdu,True,43.543692848163005,49717.13838,cy
True,668.715914356235,620.685202193685,C046,278.0,2,"[""D_chengdu"", ""D_chongqing""]","{""D_chengdu"": 48.03071216255, ""D_chongqing"": 668.715914356235}",51300.12924,cn-cy-150c-03-V2-LOCATIONS,D_chengdu,True,48.03071216255,48560.37636,cy
True,654.8629460116169,602.6070645167679,C047,347.0,2,"[""D_chengdu"", ""D_chongqing""]","{""D_chengdu"": 52.25588149484901, ""D_chongqing"": 654.8629460116169}",58920.59688,cn-cy-150c-03-V2-LOCATIONS,D_chengdu,True,52.25588149484901,56841.68526,cy
True,667.369902898937,617.28337710371,C048,139.0,2,"[""D_chengdu"", ""D_chongqing""]","{""D_chengdu"": 50.086525795227004, ""D_chongqing"": 667.369902898937}",50034.6597,cn-cy-150c-03-V2-LOCATIONS,D_chengdu,True,50.086525795227004,47677.01988,cy
True,659.6822831546041,604.5253667136451,C049,417.0,2,"[""D_chengdu"", ""D_chongqing""]","{""D_chengdu"": 55.156916440959, ""D_chongqing"": 659.6822831546041}",60688.702620000004,cn-cy-150c-03-V2-LOCATIONS,D_chengdu,True,55.156916440959,58055.17284,cy
True,663.4843023518471,606.92661544114,C050,417.0,2,"[""D_chengdu"", ""D_chongqing""]","{""D_chengdu"": 56.55768691070699, ""D_chongqing"": 663.4843023518471}",50993.94288,cn-cy-150c-03-V2-LOCATIONS,D_chengdu,True,56.55768691070699,47873.397959999995,cy
True,661.3413963265671,605.9842383420721,C051,208.0,2,"[""D_chengdu"", ""D_chongqing""]","{""D_chengdu"": 55.357157984495004, ""D_chongqing"": 661.3413963265671}",57939.94848,cn-cy-150c-03-V2-LOCATIONS,D_chengdu,True,55.357157984495004,55782.43842,cy
True,660.599749005647,607.8466998877041,C052,139.0,2,"[""D_chengdu"", ""D_chongqing""]","{""D_chengdu"": 52.75304911794299, ""D_chongqing"": 660.599749005647}",45997.29432,cn-cy-150c-03-V2-LOCATIONS,D_chengdu,True,52.75304911794299,43898.56332,cy
True,657.3533681881651,605.9741830553861,C053,347.0,2,"[""D_chengdu"", ""D_chongqing""]","{""D_chengdu"": 51.37918513277901, ""D_chongqing"": 657.3533681881651}",47687.77182,cn-cy-150c-03-V2-LOCATIONS,D_chengdu,True,51.37918513277901,45040.98552,cy
True,652.6894187703009,602.6070645167679,C054,139.0,2,"[""D_chengdu"", ""D_chongqing""]","{""D_chengdu"": 50.082354253533005, ""D_chongqing"": 652.6894187703009}",44823.16686,cn-cy-150c-03-V2-LOCATIONS,D_chengdu,True,50.082354253533005,42338.91624,cy
True,651.00705100474,605.400409935925,C055,347.0,2,"[""D_chengdu"", ""D_chongqing""]","{""D_chengdu"": 45.606641068815, ""D_chongqing"": 651.00705100474}",53465.67786,cn-cy-150c-03-V2-LOCATIONS,D_chengdu,True,45.606641068815,50177.18952,cy
True,655.5800368950371,602.6070645167681,C056,278.0,2,"[""D_chengdu"", ""D_chongqing""]","{""D_chengdu"": 52.972972378269, ""D_chongqing"": 655.5800368950371}",47160.58068,cn-cy-150c-03-V2-LOCATIONS,D_chengdu,True,52.972972378269,45294.69954,cy
True,655.4865943720511,608.2580996854961,C057,417.0,2,"[""D_chengdu"", ""D_chongqing""]","{""D_chengdu"": 47.228494686555, ""D_chongqing"": 655.4865943720511}",51595.2249,cn-cy-150c-03-V2-LOCATIONS,D_chengdu,True,47.228494686555,48814.7871,cy
True,656.459840028143,605.612480326281,C058,347.0,2,"[""D_chengdu"", ""D_chongqing""]","{""D_chengdu"": 50.847359701862004, ""D_chongqing"": 656.459840028143}",64580.33598,cn-cy-150c-03-V2-LOCATIONS,D_chengdu,True,50.847359701862004,61245.384419999995,cy
True,653.0076330338339,605.8465335306939,C059,278.0,2,"[""D_chengdu"", ""D_chongqing""]","{""D_chengdu"": 47.16109950314, ""D_chongqing"": 653.0076330338339}",44500.51002,cn-cy-150c-03-V2-LOCATIONS,D_chengdu,True,47.16109950314,42047.01906,cy
True,671.1792875460601,618.6506967364451,C060,208.0,2,"[""D_chengdu"", ""D_chongqing""]","{""D_chengdu"": 52.528590809615004, ""D_chongqing"": 671.1792875460601}",59924.0274,cn-cy-150c-03-V2-LOCATIONS,D_chengdu,True,52.528590809615004,56430.94734,cy
True,654.157839555995,601.77812787416,C061,139.0,2,"[""D_chengdu"", ""D_chongqing""]","{""D_chengdu"": 52.379711681835005, ""D_chongqing"": 654.157839555995}",47019.16866,cn-cy-150c-03-V2-LOCATIONS,D_chengdu,True,52.379711681835005,45097.21914,cy
True,655.453924808468,606.404935690979,C062,139.0,2,"[""D_chengdu"", ""D_chongqing""]","{""D_chengdu"": 49.048989117489, ""D_chongqing"": 655.453924808468}",59896.20996,cn-cy-150c-03-V2-LOCATIONS,D_chengdu,True,49.048989117489,57472.92768,cy
True,658.213897339716,605.5555065723311,C063,208.0,2,"[""D_chengdu"", ""D_chongqing""]","{""D_chengdu"": 52.65839076738501, ""D_chongqing"": 658.213897339716}",50078.69064,cn-cy-150c-03-V2-LOCATIONS,D_chengdu,True,52.65839076738501,46775.68344,cy
True,569.843938533747,483.5849192404289,C064,278.0,2,"[""D_chengdu"", ""D_chongqing""]","{""D_chengdu"": 569.843938533747, ""D_chongqing"": 86.259019293318}",60320.2194,cn-cy-150c-03-V2-LOCATIONS,D_chongqing,True,86.259019293318,57765.596340000004,cy
True,556.3425980096811,475.56900133637606,C065,139.0,2,"[""D_chengdu"", ""D_chongqing""]","{""D_chengdu"": 556.3425980096811, ""D_chongqing"": 80.77359667330501}",54381.05922,cn-cy-150c-03-V2-LOCATIONS,D_chongqing,True,80.77359667330501,51439.38624,cy
True,576.3737465268999,503.6465414439509,C066,347.0,2,"[""D_chengdu"", ""D_chongqing""]","{""D_chengdu"": 576.3737465268999, ""D_chongqing"": 72.727205082949}",50786.07714,cn-cy-150c-03-V2-LOCATIONS,D_chongqing,True,72.727205082949,48629.82378,cy
True,581.7452588401931,518.1062830807441,C067,278.0,2,"[""D_chengdu"", ""D_chongqing""]","{""D_chengdu"": 581.7452588401931, ""D_chongqing"": 63.638975759449}",44535.032699999996,cn-cy-150c-03-V2-LOCATIONS,D_chongqing,True,63.638975759449,41717.06094,cy
True,583.468115727932,510.811468151902,C068,139.0,2,"[""D_chengdu"", ""D_chongqing""]","{""D_chengdu"": 583.468115727932, ""D_chongqing"": 72.65664757603}",51734.76798,cn-cy-150c-03-V2-LOCATIONS,D_chongqing,True,72.65664757603,48259.778340000004,cy
True,573.3398925675941,502.3473778467201,C069,417.0,2,"[""D_chengdu"", ""D_chongqing""]","{""D_chengdu"": 573.3398925675941, ""D_chongqing"": 70.992514720874}",46161.6621,cn-cy-150c-03-V2-LOCATIONS,D_chongqing,True,70.992514720874,43515.8238,cy
True,587.4065535986871,520.9642099212931,C070,278.0,2,"[""D_chengdu"", ""D_chongqing""]","{""D_chengdu"": 587.4065535986871, ""D_chongqing"": 66.442343677394}",47418.55458,cn-cy-150c-03-V2-LOCATIONS,D_chongqing,True,66.442343677394,45205.976160000006,cy
True,571.870413498596,508.666905201196,C071,208.0,2,"[""D_chengdu"", ""D_chongqing""]","{""D_chengdu"": 571.870413498596, ""D_chongqing"": 63.2035082974}",44632.79682,cn-cy-150c-03-V2-LOCATIONS,D_chongqing,True,63.2035082974,42712.488600000004,cy
True,576.441891403626,503.91380378265694,C072,278.0,2,"[""D_chengdu"", ""D_chongqing""]","{""D_chengdu"": 576.441891403626, ""D_chongqing"": 72.52808762096899}",62518.35024000001,cn-cy-150c-03-V2-LOCATIONS,D_chongqing,True,72.52808762096899,59296.62036,cy
True,574.3279769076521,502.7078542994291,C073,347.0,2,"[""D_chengdu"", ""D_chongqing""]","{""D_chengdu"": 574.3279769076521, ""D_chongqing"": 71.620122608223}",47818.0872,cn-cy-150c-03-V2-LOCATIONS,D_chongqing,True,71.620122608223,45896.197380000005,cy
True,593.022053166069,536.720908100898,C074,347.0,2,"[""D_chengdu"", ""D_chongqing""]","{""D_chengdu"": 593.022053166069, ""D_chongqing"": 56.301145065171006}",47720.134379999996,cn-cy-150c-03-V2-LOCATIONS,D_chongqing,True,56.301145065171006,45720.26334,cy
True,556.479807189337,475.422579176652,C075,347.0,2,"[""D_chengdu"", ""D_chongqing""]","{""D_chengdu"": 556.479807189337, ""D_chongqing"": 81.05722801268499}",48414.85056,cn-cy-150c-03-V2-LOCATIONS,D_chongqing,True,81.05722801268499,45110.2716,cy
True,574.16929218426,495.420827833139,C076,278.0,2,"[""D_chengdu"", ""D_chongqing""]","{""D_chengdu"": 574.16929218426, ""D_chongqing"": 78.748464351121}",56163.43758,cn-cy-150c-03-V2-LOCATIONS,D_chongqing,True,78.748464351121,53707.949819999994,cy
True,577.422073145997,501.02530070930203,C077,347.0,2,"[""D_chengdu"", ""D_chongqing""]","{""D_chengdu"": 577.422073145997, ""D_chongqing"": 76.396772436695}",56845.0827,cn-cy-150c-03-V2-LOCATIONS,D_chongqing,True,76.396772436695,53563.16394,cy
True,582.26221437789,514.751173075367,C078,139.0,2,"[""D_chengdu"", ""D_chongqing""]","{""D_chengdu"": 582.26221437789, ""D_chongqing"": 67.511041302523}",64400.59217999999,cn-cy-150c-03-V2-LOCATIONS,D_chongqing,True,67.511041302523,61193.80206,cy
True,584.48732163839,522.672715771277,C079,417.0,2,"[""D_chengdu"", ""D_chongqing""]","{""D_chengdu"": 584.48732163839, ""D_chongqing"": 61.814605867113}",60745.3332,cn-cy-150c-03-V2-LOCATIONS,D_chongqing,True,61.814605867113,58204.76328,cy
True,561.988716955082,477.89976430290903,C080,139.0,2,"[""D_chengdu"", ""D_chongqing""]","{""D_chengdu"": 561.988716955082, ""D_chongqing"": 84.088952652173}",59497.23366,cn-cy-150c-03-V2-LOCATIONS,D_chongqing,True,84.088952652173,55947.5274,cy
True,584.035220360554,513.791230032112,C081,417.0,2,"[""D_chengdu"", ""D_chongqing""]","{""D_chengdu"": 584.035220360554, ""D_chongqing"": 70.243990328442}",52046.4936,cn-cy-150c-03-V2-LOCATIONS,D_chongqing,True,70.243990328442,49826.315819999996,cy
True,582.903453172891,514.809060469506,C082,417.0,2,"[""D_chengdu"", ""D_chongqing""]","{""D_chengdu"": 582.903453172891, ""D_chongqing"": 68.09439270338501}",45006.489480000004,cn-cy-150c-03-V2-LOCATIONS,D_chongqing,True,68.09439270338501,43083.377459999996,cy
True,581.9398473117741,514.7061173564921,C083,417.0,2,"[""D_chengdu"", ""D_chongqing""]","{""D_chengdu"": 581.9398473117741, ""D_chongqing"": 67.233729955282}",61362.4461,cn-cy-150c-03-V2-LOCATIONS,D_chongqing,True,67.233729955282,59238.399959999995,cy
True,565.669128448785,476.7583728532841,C084,208.0,2,"[""D_chengdu"", ""D_chongqing""]","{""D_chengdu"": 565.669128448785, ""D_chongqing"": 88.910755595501}",58727.48304,cn-cy-150c-03-V2-LOCATIONS,D_chongqing,True,88.910755595501,56847.31278,cy
True,584.180119226314,513.7916918046869,C085,208.0,2,"[""D_chengdu"", ""D_chongqing""]","{""D_chengdu"": 584.180119226314, ""D_chongqing"": 70.388427421627}",48396.81648,cn-cy-150c-03-V2-LOCATIONS,D_chongqing,True,70.388427421627,46011.17982,cy
True,587.108314012515,522.0766686480481,C086,417.0,2,"[""D_chengdu"", ""D_chongqing""]","{""D_chengdu"": 587.108314012515, ""D_chongqing"": 65.031645364467}",49055.84658,cn-cy-150c-03-V2-LOCATIONS,D_chongqing,True,65.031645364467,46940.280119999996,cy
True,574.171920262406,497.9669426053131,C087,417.0,2,"[""D_chengdu"", ""D_chongqing""]","{""D_chengdu"": 574.171920262406, ""D_chongqing"": 76.204977657093}",49715.072159999996,cn-cy-150c-03-V2-LOCATIONS,D_chongqing,True,76.204977657093,47823.8343,cy
True,573.124322693466,499.78679006239594,C088,347.0,2,"[""D_chengdu"", ""D_chongqing""]","{""D_chengdu"": 573.124322693466, ""D_chongqing"": 73.33753263107}",52169.01102,cn-cy-150c-03-V2-LOCATIONS,D_chongqing,True,73.33753263107,49125.1086,cy
True,581.4046843268391,511.81105856051005,C089,347.0,2,"[""D_chengdu"", ""D_chongqing""]","{""D_chengdu"": 581.4046843268391, ""D_chongqing"": 69.593625766329}",47353.3671,cn-cy-150c-03-V2-LOCATIONS,D_chongqing,True,69.593625766329,44271.62724,cy
True,572.9583238348691,502.84679567548613,C090,347.0,2,"[""D_chengdu"", ""D_chongqing""]","{""D_chengdu"": 572.9583238348691, ""D_chongqing"": 70.111528159383}",61962.61145999999,cn-cy-150c-03-V2-LOCATIONS,D_chongqing,True,70.111528159383,59263.12122,cy
True,569.0231403966529,497.60268896604595,C091,417.0,2,"[""D_chengdu"", ""D_chongqing""]","{""D_chengdu"": 569.0231403966529, ""D_chongqing"": 71.420451430607}",48646.37034,cn-cy-150c-03-V2-LOCATIONS,D_chongqing,True,71.420451430607,46138.01376,cy
True,577.28681845643,513.209860336449,C092,417.0,2,"[""D_chengdu"", ""D_chongqing""]","{""D_chengdu"": 577.28681845643, ""D_chongqing"": 64.076958119981}",44429.24189999999,cn-cy-150c-03-V2-LOCATIONS,D_chongqing,True,64.076958119981,42471.7509,cy
True,583.013706595205,515.059876585985,C093,139.0,2,"[""D_chengdu"", ""D_chongqing""]","{""D_chengdu"": 583.013706595205, ""D_chongqing"": 67.95383000922}",46360.34778,cn-cy-150c-03-V2-LOCATIONS,D_chongqing,True,67.95383000922,44040.82062,cy
True,576.3840576741791,500.2346197573291,C094,139.0,2,"[""D_chengdu"", ""D_chongqing""]","{""D_chengdu"": 576.3840576741791, ""D_chongqing"": 76.14943791685}",50277.164399999994,cn-cy-150c-03-V2-LOCATIONS,D_chongqing,True,76.14943791685,47761.5852,cy
True,572.856330324169,498.740592470158,C095,417.0,2,"[""D_chengdu"", ""D_chongqing""]","{""D_chengdu"": 572.856330324169, ""D_chongqing"": 74.115737854011}",61883.153640000004,cn-cy-150c-03-V2-LOCATIONS,D_chongqing,True,74.115737854011,58978.7877,cy
True,595.97989881126,537.504739958466,C096,139.0,2,"[""D_chengdu"", ""D_chongqing""]","{""D_chengdu"": 595.97989881126, ""D_chongqing"": 58.475158852794}",50157.81678,cn-cy-150c-03-V2-LOCATIONS,D_chongqing,True,58.475158852794,47448.3762,cy
True,572.599361318534,499.7693514020219,C097,417.0,2,"[""D_chengdu"", ""D_chongqing""]","{""D_chengdu"": 572.599361318534, ""D_chongqing"": 72.83000991651201}",53134.83024,cn-cy-150c-03-V2-LOCATIONS,D_chongqing,True,72.83000991651201,49858.95324,cy
True,589.664090227016,533.583175538835,C098,208.0,2,"[""D_chengdu"", ""D_chongqing""]","{""D_chengdu"": 589.664090227016, ""D_chongqing"": 56.080914688181004}",61656.344999999994,cn-cy-150c-03-V2-LOCATIONS,D_chongqing,True,56.080914688181004,59264.74938,cy
True,581.404684238775,514.6068987889929,C099,278.0,2,"[""D_chengdu"", ""D_chongqing""]","{""D_chengdu"": 581.404684238775, ""D_chongqing"": 66.79778544978201}",50672.746920000005,cn-cy-150c-03-V2-LOCATIONS,D_chongqing,True,66.79778544978201,47554.7769,cy
True,583.0137065961101,515.0598765859851,C100,347.0,2,"[""D_chengdu"", ""D_chongqing""]","{""D_chengdu"": 583.0137065961101, ""D_chongqing"": 67.953830010125}",60482.39256,cn-cy-150c-03-V2-LOCATIONS,D_chongqing,True,67.953830010125,56896.89114,cy
True,574.3858194789051,503.6580921925731,C101,139.0,2,"[""D_chengdu"", ""D_chongqing""]","{""D_chengdu"": 574.3858194789051, ""D_chongqing"": 70.727727286332}",46374.79782,cn-cy-150c-03-V2-LOCATIONS,D_chongqing,True,70.727727286332,43022.10264,cy
True,574.7744130587361,504.6299244851821,C102,278.0,2,"[""D_chengdu"", ""D_chongqing""]","{""D_chengdu"": 574.7744130587361, ""D_chongqing"": 70.144488573554}",52192.19442,cn-cy-150c-03-V2-LOCATIONS,D_chongqing,True,70.144488573554,49329.18114,cy
True,585.454419914964,521.086484284956,C103,417.0,2,"[""D_chengdu"", ""D_chongqing""]","{""D_chengdu"": 585.454419914964, ""D_chongqing"": 64.367935630008}",64514.64786,cn-cy-150c-03-V2-LOCATIONS,D_chongqing,True,64.367935630008,61672.975080000004,cy
True,572.5708288946109,501.90703097893993,C104,139.0,2,"[""D_chengdu"", ""D_chongqing""]","{""D_chengdu"": 572.5708288946109, ""D_chongqing"": 70.663797915671}",49607.35848,cn-cy-150c-03-V2-LOCATIONS,D_chongqing,True,70.663797915671,46900.46652,cy
True,581.517571223842,508.94358933032095,C105,347.0,2,"[""D_chengdu"", ""D_chongqing""]","{""D_chengdu"": 581.517571223842, ""D_chongqing"": 72.57398189352101}",47069.670959999996,cn-cy-150c-03-V2-LOCATIONS,D_chongqing,True,72.57398189352101,44654.85336,cy
True,576.134345899706,503.08618618325096,C106,417.0,2,"[""D_chengdu"", ""D_chongqing""]","{""D_chengdu"": 576.134345899706, ""D_chongqing"": 73.048159716455}",52153.20798,cn-cy-150c-03-V2-LOCATIONS,D_chongqing,True,73.048159716455,49031.63592,cy
True,561.47200877461,480.660130771057,C107,347.0,2,"[""D_chengdu"", ""D_chongqing""]","{""D_chengdu"": 561.47200877461, ""D_chongqing"": 80.81187800355299}",53470.34082,cn-cy-150c-03-V2-LOCATIONS,D_chongqing,True,80.81187800355299,51483.234,cy
True,574.638407634778,500.8666373257,C108,139.0,2,"[""D_chengdu"", ""D_chongqing""]","{""D_chengdu"": 574.638407634778, ""D_chongqing"": 73.771770309078}",61387.532100000004,cn-cy-150c-03-V2-LOCATIONS,D_chongqing,True,73.771770309078,58368.95448,cy
True,570.1504478274309,500.92832776643485,C109,139.0,2,"[""D_chengdu"", ""D_chongqing""]","{""D_chengdu"": 570.1504478274309, ""D_chongqing"": 69.222120060996}",43581.85482,cn-cy-150c-03-V2-LOCATIONS,D_chongqing,True,69.222120060996,41558.23332,cy
True,573.733909140089,501.51412685534103,C110,417.0,2,"[""D_chengdu"", ""D_chongqing""]","{""D_chengdu"": 573.733909140089, ""D_chongqing"": 72.219782284748}",46735.08408,cn-cy-150c-03-V2-LOCATIONS,D_chongqing,True,72.219782284748,43681.7466,cy
True,575.3944984347089,512.9171222734029,C111,278.0,2,"[""D_chengdu"", ""D_chongqing""]","{""D_chengdu"": 575.3944984347089, ""D_chongqing"": 62.477376161306005}",61813.694879999995,cn-cy-150c-03-V2-LOCATIONS,D_chongqing,True,62.477376161306005,58623.58038,cy
True,572.5993614048481,500.92559266324906,C112,347.0,2,"[""D_chengdu"", ""D_chongqing""]","{""D_chengdu"": 572.5993614048481, ""D_chongqing"": 71.67376874159899}",43445.2875,cn-cy-150c-03-V2-LOCATIONS,D_chongqing,True,71.67376874159899,40809.25614,cy
True,572.154960778543,504.658689280175,C113,208.0,2,"[""D_chengdu"", ""D_chongqing""]","{""D_chengdu"": 572.154960778543, ""D_chongqing"": 67.496271498368}",52005.24516,cn-cy-150c-03-V2-LOCATIONS,D_chongqing,True,67.496271498368,49508.64666,cy
True,586.5707291839921,523.1234454907491,C114,208.0,2,"[""D_chengdu"", ""D_chongqing""]","{""D_chengdu"": 586.5707291839921, ""D_chongqing"": 63.447283693243}",64893.34674,cn-cy-150c-03-V2-LOCATIONS,D_chongqing,True,63.447283693243,61559.716920000006,cy
True,568.14652561265,496.3150906357549,C115,208.0,2,"[""D_chengdu"", ""D_chongqing""]","{""D_chengdu"": 568.14652561265, ""D_chongqing"": 71.831434976895}",61229.933399999994,cn-cy-150c-03-V2-LOCATIONS,D_chongqing,True,71.831434976895,58703.03556,cy
True,586.768744713116,525.215647063557,C116,417.0,2,"[""D_chengdu"", ""D_chongqing""]","{""D_chengdu"": 586.768744713116, ""D_chongqing"": 61.553097649559}",52349.577540000006,cn-cy-150c-03-V2-LOCATIONS,D_chongqing,True,61.553097649559,49902.04932,cy
True,582.6425885987959,514.5481959010809,C117,278.0,2,"[""D_chengdu"", ""D_chongqing""]","{""D_chengdu"": 582.6425885987959, ""D_chongqing"": 68.094392697715}",49786.771740000004,cn-cy-150c-03-V2-LOCATIONS,D_chongqing,True,68.094392697715,46273.024020000004,cy
True,585.9861508760881,523.7237651026431,C118,208.0,2,"[""D_chengdu"", ""D_chongqing""]","{""D_chengdu"": 585.9861508760881, ""D_chongqing"": 62.262385773445}",49033.7088,cn-cy-150c-03-V2-LOCATIONS,D_chongqing,True,62.262385773445,46860.36042,cy
True,574.237401384778,499.49164669977597,C119,139.0,2,"[""D_chengdu"", ""D_chongqing""]","{""D_chengdu"": 574.237401384778, ""D_chongqing"": 74.745754685002}",63168.7674,cn-cy-150c-03-V2-LOCATIONS,D_chongqing,True,74.745754685002,60767.68518,cy
True,571.5643204142509,504.7680610958819,C120,278.0,2,"[""D_chengdu"", ""D_chongqing""]","{""D_chengdu"": 571.5643204142509, ""D_chongqing"": 66.79625931836901}",62064.424439999995,cn-cy-150c-03-V2-LOCATIONS,D_chongqing,True,66.79625931836901,58997.45394,cy
True,581.2975852223931,512.990381173955,C121,139.0,2,"[""D_chengdu"", ""D_chongqing""]","{""D_chengdu"": 581.2975852223931, ""D_chongqing"": 68.307204048438}",46175.679299999996,cn-cy-150c-03-V2-LOCATIONS,D_chongqing,True,68.307204048438,43515.17688,cy
True,587.719340957933,525.7898725554201,C122,208.0,2,"[""D_chengdu"", ""D_chongqing""]","{""D_chengdu"": 587.719340957933, ""D_chongqing"": 61.929468402512995}",63680.00712,cn-cy-150c-03-V2-LOCATIONS,D_chongqing,True,61.929468402512995,60563.58042,cy
True,570.067597159098,497.314180287083,C123,278.0,2,"[""D_chengdu"", ""D_chongqing""]","{""D_chengdu"": 570.067597159098, ""D_chongqing"": 72.753416872015}",54548.99196,cn-cy-150c-03-V2-LOCATIONS,D_chongqing,True,72.753416872015,51540.86334,cy
True,586.877664158893,520.223537462346,C124,278.0,2,"[""D_chengdu"", ""D_chongqing""]","{""D_chengdu"": 586.877664158893, ""D_chongqing"": 66.654126696547}",62755.19922,cn-cy-150c-03-V2-LOCATIONS,D_chongqing,True,66.654126696547,60865.35606,cy
True,586.5983119366961,528.321932009764,C125,139.0,2,"[""D_chengdu"", ""D_chongqing""]","{""D_chengdu"": 586.5983119366961, ""D_chongqing"": 58.276379926932}",53088.95286,cn-cy-150c-03-V2-LOCATIONS,D_chongqing,True,58.276379926932,50144.2134,cy
True,561.341377279097,477.03771537886996,C126,208.0,2,"[""D_chengdu"", ""D_chongqing""]","{""D_chengdu"": 561.341377279097, ""D_chongqing"": 84.30366190022698}",58116.80706000001,cn-cy-150c-03-V2-LOCATIONS,D_chongqing,True,84.30366190022698,56260.39668,cy
True,582.642588618683,513.976794831972,C127,139.0,2,"[""D_chengdu"", ""D_chongqing""]","{""D_chengdu"": 582.642588618683, ""D_chongqing"": 68.665793786711}",43797.39,cn-cy-150c-03-V2-LOCATIONS,D_chongqing,True,68.665793786711,41035.58496,cy
True,582.452958831446,513.976794831972,C128,208.0,2,"[""D_chengdu"", ""D_chongqing""]","{""D_chengdu"": 582.452958831446, ""D_chongqing"": 68.476163999474}",62769.34482,cn-cy-150c-03-V2-LOCATIONS,D_chongqing,True,68.476163999474,59907.92778,cy
True,573.54110548941,495.42367645857905,C129,417.0,2,"[""D_chengdu"", ""D_chongqing""]","{""D_chengdu"": 573.54110548941, ""D_chongqing"": 78.117429030831}",63712.621979999996,cn-cy-150c-03-V2-LOCATIONS,D_chongqing,True,78.117429030831,61419.49194,cy
True,577.489508181563,513.25225896346,C130,278.0,2,"[""D_chengdu"", ""D_chongqing""]","{""D_chengdu"": 577.489508181563, ""D_chongqing"": 64.237249218103}",47692.56516,cn-cy-150c-03-V2-LOCATIONS,D_chongqing,True,64.237249218103,45762.5289,cy
True,570.925472372347,504.46524495605803,C131,347.0,2,"[""D_chengdu"", ""D_chongqing""]","{""D_chengdu"": 570.925472372347, ""D_chongqing"": 66.460227416289}",58849.49364,cn-cy-150c-03-V2-LOCATIONS,D_chongqing,True,66.460227416289,55533.6153,cy
True,580.42525898618,512.607392026878,C132,139.0,2,"[""D_chengdu"", ""D_chongqing""]","{""D_chengdu"": 580.42525898618, ""D_chongqing"": 67.817866959302}",47375.20122,cn-cy-150c-03-V2-LOCATIONS,D_chongqing,True,67.817866959302,44939.120339999994,cy
True,559.126340929034,466.784014354916,C133,208.0,2,"[""D_chengdu"", ""D_chongqing""]","{""D_chengdu"": 559.126340929034, ""D_chongqing"": 92.34232657411799}",53039.54022,cn-cy-150c-03-V2-LOCATIONS,D_chongqing,True,92.34232657411799,51223.43952,cy
True,586.0272991132881,524.5996113408371,C134,139.0,2,"[""D_chengdu"", ""D_chongqing""]","{""D_chengdu"": 586.0272991132881, ""D_chongqing"": 61.427687772450994}",57076.76724,cn-cy-150c-03-V2-LOCATIONS,D_chongqing,True,61.427687772450994,54018.51534,cy
True,571.825999571912,501.207753998805,C135,208.0,2,"[""D_chengdu"", ""D_chongqing""]","{""D_chengdu"": 571.825999571912, ""D_chongqing"": 70.61824557310699}",47235.2535,cn-cy-150c-03-V2-LOCATIONS,D_chongqing,True,70.61824557310699,44616.309239999995,cy
True,583.01370658708,515.0598765859851,C136,417.0,2,"[""D_chengdu"", ""D_chongqing""]","{""D_chengdu"": 583.01370658708, ""D_chongqing"": 67.95383000109499}",55918.30104,cn-cy-150c-03-V2-LOCATIONS,D_chongqing,True,67.95383000109499,53126.71158,cy
True,578.930968026945,501.85848374809507,C137,208.0,2,"[""D_chengdu"", ""D_chongqing""]","{""D_chengdu"": 578.930968026945, ""D_chongqing"": 77.07248427885}",49627.5354,cn-cy-150c-03-V2-LOCATIONS,D_chongqing,True,77.07248427885,46550.80008,cy
True,587.4065535947971,522.185086804831,C138,139.0,2,"[""D_chengdu"", ""D_chongqing""]","{""D_chengdu"": 587.4065535947971, ""D_chongqing"": 65.221466789966}",54960.43194,cn-cy-150c-03-V2-LOCATIONS,D_chongqing,True,65.221466789966,53044.65456,cy
True,582.540418847862,513.976794831972,C139,417.0,2,"[""D_chengdu"", ""D_chongqing""]","{""D_chengdu"": 582.540418847862, ""D_chongqing"": 68.56362401589}",48424.06284,cn-cy-150c-03-V2-LOCATIONS,D_chongqing,True,68.56362401589,45703.562939999996,cy
True,583.01370658708,515.0598765859851,C140,347.0,2,"[""D_chengdu"", ""D_chongqing""]","{""D_chengdu"": 583.01370658708, ""D_chongqing"": 67.95383000109499}",63876.46062,cn-cy-150c-03-V2-LOCATIONS,D_chongqing,True,67.95383000109499,61145.339459999996,cy
True,573.722524171371,503.014948265001,C141,139.0,2,"[""D_chengdu"", ""D_chongqing""]","{""D_chengdu"": 573.722524171371, ""D_chongqing"": 70.70757590637}",67362.89214,cn-cy-150c-03-V2-LOCATIONS,D_chongqing,True,70.70757590637,64326.07116000001,cy
True,570.30398503896,493.18373612274604,C142,347.0,2,"[""D_chengdu"", ""D_chongqing""]","{""D_chengdu"": 570.30398503896, ""D_chongqing"": 77.120248916214}",47652.22326,cn-cy-150c-03-V2-LOCATIONS,D_chongqing,True,77.120248916214,45208.89756,cy
True,570.150447830081,500.928327766435,C143,347.0,2,"[""D_chengdu"", ""D_chongqing""]","{""D_chengdu"": 570.150447830081, ""D_chongqing"": 69.222120063646}",55517.87922,cn-cy-150c-03-V2-LOCATIONS,D_chongqing,True,69.222120063646,53557.93872,cy
True,574.356882793919,503.014948265001,C144,347.0,2,"[""D_chengdu"", ""D_chongqing""]","{""D_chengdu"": 574.356882793919, ""D_chongqing"": 71.341934528918}",52313.23386,cn-cy-150c-03-V2-LOCATIONS,D_chongqing,True,71.341934528918,49380.17538,cy
True,582.903453166991,514.809060469506,C145,139.0,2,"[""D_chengdu"", ""D_chongqing""]","{""D_chengdu"": 582.903453166991, ""D_chongqing"": 68.09439269748499}",46349.55708,cn-cy-150c-03-V2-LOCATIONS,D_chongqing,True,68.09439269748499,44079.586619999995,cy
True,576.714593978094,503.91380378265694,C146,347.0,2,"[""D_chengdu"", ""D_chongqing""]","{""D_chengdu"": 576.714593978094, ""D_chongqing"": 72.800790195437}",49760.514839999996,cn-cy-150c-03-V2-LOCATIONS,D_chongqing,True,72.800790195437,47791.47732,cy
True,568.090580640248,481.35776452500403,C147,139.0,2,"[""D_chengdu"", ""D_chongqing""]","{""D_chengdu"": 568.090580640248, ""D_chongqing"": 86.732816115244}",56940.4689,cn-cy-150c-03-V2-LOCATIONS,D_chongqing,True,86.732816115244,53742.19674,cy
True,554.845222833422,472.066043113659,C148,208.0,2,"[""D_chengdu"", ""D_chongqing""]","{""D_chengdu"": 554.845222833422, ""D_chongqing"": 82.779179719763}",55203.21288,cn-cy-150c-03-V2-LOCATIONS,D_chongqing,True,82.779179719763,52685.404619999994,cy
True,591.131202281908,534.871415153392,C149,208.0,2,"[""D_chengdu"", ""D_chongqing""]","{""D_chengdu"": 591.131202281908, ""D_chongqing"": 56.259787128516}",61492.98234,cn-cy-150c-03-V2-LOCATIONS,D_chongqing,True,56.259787128516,58699.350419999995,cy
True,566.539375174453,476.61324554146495,C150,139.0,2,"[""D_chengdu"", ""D_chongqing""]","{""D_chengdu"": 566.539375174453, ""D_chongqing"": 89.926129632988}",47375.20122,cn-cy-150c-03-V2-LOCATIONS,D_chongqing,True,89.926129632988,44939.120339999994,cy
True,653.2729342336589,606.0153487253349,C001,208.0,2,"[""D_chengdu"", ""D_chongqing""]","{""D_chengdu"": 47.257585508324, ""D_chongqing"": 653.2729342336589}",50823.889800000004,cn-cy-50c-01-V2-LOCATIONS,D_chengdu,True,47.257585508324,47376.00576,cy
True,671.64619204785,618.6506967364451,C002,417.0,2,"[""D_chengdu"", ""D_chongqing""]","{""D_chengdu"": 52.995495311405, ""D_chongqing"": 671.64619204785}",58502.54106,cn-cy-50c-01-V2-LOCATIONS,D_chengdu,True,52.995495311405,56020.40298,cy
True,653.64618583676,603.4526374625669,C003,139.0,2,"[""D_chengdu"", ""D_chongqing""]","{""D_chengdu"": 50.193548374193, ""D_chongqing"": 653.64618583676}",48972.04914,cn-cy-50c-01-V2-LOCATIONS,D_chengdu,True,50.193548374193,46777.787339999995,cy
True,660.904250733437,605.022399605647,C004,139.0,2,"[""D_chengdu"", ""D_chongqing""]","{""D_chengdu"": 55.88185112778999, ""D_chongqing"": 660.904250733437}",62345.40162,cn-cy-50c-01-V2-LOCATIONS,D_chengdu,True,55.88185112778999,59559.92868,cy
True,655.5379478224539,606.5961719029909,C005,278.0,2,"[""D_chengdu"", ""D_chongqing""]","{""D_chengdu"": 48.941775919463005, ""D_chongqing"": 655.5379478224539}",50398.87968,cn-cy-50c-01-V2-LOCATIONS,D_chengdu,True,48.941775919463005,48455.46774,cy
True,653.4133001289858,605.6985050929828,C006,417.0,2,"[""D_chengdu"", ""D_chongqing""]","{""D_chengdu"": 47.714795036003004, ""D_chongqing"": 653.4133001289858}",50150.255339999996,cn-cy-50c-01-V2-LOCATIONS,D_chengdu,True,47.714795036003004,48206.25966,cy
True,657.885282030855,605.974183055386,C007,347.0,2,"[""D_chengdu"", ""D_chongqing""]","{""D_chengdu"": 51.911098975469, ""D_chongqing"": 657.885282030855}",55517.87922,cn-cy-50c-01-V2-LOCATIONS,D_chengdu,True,51.911098975469,53557.93872,cy
True,665.48168827441,624.5487410295519,C008,278.0,2,"[""D_chengdu"", ""D_chongqing""]","{""D_chengdu"": 40.932947244858006, ""D_chongqing"": 665.48168827441}",62117.75148,cn-cy-50c-01-V2-LOCATIONS,D_chengdu,True,40.932947244858006,58910.424,cy
True,663.3567939670179,618.3207930353689,C009,139.0,2,"[""D_chengdu"", ""D_chongqing""]","{""D_chengdu"": 45.036000931649006, ""D_chongqing"": 663.3567939670179}",46467.324060000006,cn-cy-50c-01-V2-LOCATIONS,D_chengdu,True,45.036000931649006,44280.831000000006,cy
True,656.30339322381,606.5961719029909,C010,417.0,2,"[""D_chengdu"", ""D_chongqing""]","{""D_chengdu"": 49.707221320819, ""D_chongqing"": 656.30339322381}",50670.38226,cn-cy-50c-01-V2-LOCATIONS,D_chengdu,True,49.707221320819,47849.46768,cy
True,671.4773779150651,610.986495107032,C011,208.0,2,"[""D_chengdu"", ""D_chongqing""]","{""D_chengdu"": 60.490882808033, ""D_chongqing"": 671.4773779150651}",61229.933399999994,cn-cy-50c-01-V2-LOCATIONS,D_chengdu,True,60.490882808033,58703.03556,cy
True,670.389147466418,612.251948301269,C012,139.0,2,"[""D_chengdu"", ""D_chongqing""]","{""D_chengdu"": 58.137199165149, ""D_chongqing"": 670.389147466418}",58730.53848,cn-cy-50c-01-V2-LOCATIONS,D_chengdu,True,58.137199165149,56363.89374,cy
True,659.9796294369069,619.2026620086099,C013,347.0,2,"[""D_chengdu"", ""D_chongqing""]","{""D_chengdu"": 40.776967428297, ""D_chongqing"": 659.9796294369069}",49091.25036,cn-cy-50c-01-V2-LOCATIONS,D_chengdu,True,40.776967428297,46046.643,cy
True,650.2162335008401,603.1271997824191,C014,347.0,2,"[""D_chengdu"", ""D_chongqing""]","{""D_chengdu"": 47.089033718421, ""D_chongqing"": 650.2162335008401}",45815.774099999995,cn-cy-50c-01-V2-LOCATIONS,D_chengdu,True,47.089033718421,43922.622240000004,cy
True,656.41513321779,606.5961719029909,C015,417.0,2,"[""D_chengdu"", ""D_chongqing""]","{""D_chengdu"": 49.818961314799004, ""D_chongqing"": 656.41513321779}",50716.50708,cn-cy-50c-01-V2-LOCATIONS,D_chengdu,True,49.818961314799004,48204.13638,cy
True,664.768529151485,604.639140413488,C016,208.0,2,"[""D_chengdu"", ""D_chongqing""]","{""D_chengdu"": 60.129388737997, ""D_chongqing"": 664.768529151485}",49743.64458,cn-cy-50c-01-V2-LOCATIONS,D_chengdu,True,60.129388737997,47302.949519999995,cy
True,652.252684593305,602.931253191025,C017,347.0,2,"[""D_chengdu"", ""D_chongqing""]","{""D_chengdu"": 49.32143140228, ""D_chongqing"": 652.252684593305}",50028.11982,cn-cy-50c-01-V2-LOCATIONS,D_chengdu,True,49.32143140228,46479.466440000004,cy
True,660.599749013957,607.846699887704,C018,278.0,2,"[""D_chengdu"", ""D_chongqing""]","{""D_chengdu"": 52.753049126252996, ""D_chongqing"": 660.599749013957}",59914.29606,cn-cy-50c-01-V2-LOCATIONS,D_chengdu,True,52.753049126252996,57423.5259,cy
True,652.829138986388,602.998376847851,C019,139.0,2,"[""D_chengdu"", ""D_chongqing""]","{""D_chengdu"": 49.830762138537, ""D_chongqing"": 652.829138986388}",61220.26638,cn-cy-50c-01-V2-LOCATIONS,D_chengdu,True,49.830762138537,57756.5046,cy
True,653.646185875408,602.607064516768,C020,278.0,2,"[""D_chengdu"", ""D_chongqing""]","{""D_chengdu"": 51.039121358639996, ""D_chongqing"": 653.646185875408}",56619.562860000005,cn-cy-50c-01-V2-LOCATIONS,D_chengdu,True,51.039121358639996,54139.97472,cy
True,651.2121236294801,606.0153487253351,C021,347.0,2,"[""D_chengdu"", ""D_chongqing""]","{""D_chengdu"": 45.196774904145, ""D_chongqing"": 651.2121236294801}",51411.697140000004,cn-cy-50c-01-V2-LOCATIONS,D_chengdu,True,45.196774904145,49332.2235,cy
True,570.513272460187,493.22055678868895,C022,417.0,2,"[""D_chengdu"", ""D_chongqing""]","{""D_chengdu"": 570.513272460187, ""D_chongqing"": 77.29271567149799}",49841.028959999996,cn-cy-50c-01-V2-LOCATIONS,D_chongqing,True,77.29271567149799,46509.24018,cy
True,573.761597676629,501.514126855341,C023,347.0,2,"[""D_chengdu"", ""D_chongqing""]","{""D_chengdu"": 573.761597676629, ""D_chongqing"": 72.247470821288}",47567.886,cn-cy-50c-01-V2-LOCATIONS,D_chongqing,True,72.247470821288,44757.24366,cy
True,574.171920262406,497.9669426053131,C024,139.0,2,"[""D_chengdu"", ""D_chongqing""]","{""D_chengdu"": 574.171920262406, ""D_chongqing"": 76.204977657093}",50299.002179999996,cn-cy-50c-01-V2-LOCATIONS,D_chongqing,True,76.204977657093,47205.21576,cy
True,583.013706590334,515.059876585985,C025,417.0,2,"[""D_chengdu"", ""D_chongqing""]","{""D_chengdu"": 583.013706590334, ""D_chongqing"": 67.953830004349}",48431.20338,cn-cy-50c-01-V2-LOCATIONS,D_chongqing,True,67.953830004349,45405.05256,cy
True,577.7054941004741,507.1803353391541,C026,208.0,2,"[""D_chengdu"", ""D_chongqing""]","{""D_chengdu"": 577.7054941004741, ""D_chongqing"": 70.52515876132}",58009.91706,cn-cy-50c-01-V2-LOCATIONS,D_chongqing,True,70.52515876132,55342.607520000005,cy
True,581.9017589110999,515.2443078166019,C027,139.0,2,"[""D_chengdu"", ""D_chongqing""]","{""D_chengdu"": 581.9017589110999, ""D_chongqing"": 66.657451094498}",49009.16082,cn-cy-50c-01-V2-LOCATIONS,D_chongqing,True,66.657451094498,46860.2811,cy
True,586.386589488627,524.396852951157,C028,208.0,2,"[""D_chengdu"", ""D_chongqing""]","{""D_chengdu"": 586.386589488627, ""D_chongqing"": 61.98973653747}",49858.49424,cn-cy-50c-01-V2-LOCATIONS,D_chongqing,True,61.98973653747,47231.88642,cy
True,568.14652561265,496.3150906357549,C029,139.0,2,"[""D_chengdu"", ""D_chongqing""]","{""D_chengdu"": 568.14652561265, ""D_chongqing"": 71.831434976895}",56064.0015,cn-cy-50c-01-V2-LOCATIONS,D_chongqing,True,71.831434976895,53459.80578,cy
True,581.404684201535,511.81105856051005,C030,139.0,2,"[""D_chengdu"", ""D_chongqing""]","{""D_chengdu"": 581.404684201535, ""D_chongqing"": 69.59362564102499}",51657.98022,cn-cy-50c-01-V2-LOCATIONS,D_chongqing,True,69.59362564102499,49589.077860000005,cy
True,566.707684473012,486.14385537713,C031,417.0,2,"[""D_chengdu"", ""D_chongqing""]","{""D_chengdu"": 566.707684473012, ""D_chongqing"": 80.563829095882}",61553.253840000005,cn-cy-50c-01-V2-LOCATIONS,D_chongqing,True,80.563829095882,59130.39576,cy
True,588.2456384685291,538.0609910313532,C032,278.0,2,"[""D_chengdu"", ""D_chongqing""]","{""D_chengdu"": 588.2456384685291, ""D_chongqing"": 50.184647437176}",61487.89458,cn-cy-50c-01-V2-LOCATIONS,D_chongqing,True,50.184647437176,58637.15382,cy
True,591.487756592502,544.1255905402401,C033,347.0,2,"[""D_chengdu"", ""D_chongqing""]","{""D_chengdu"": 591.487756592502, ""D_chongqing"": 47.362166052262}",59095.57242,cn-cy-50c-01-V2-LOCATIONS,D_chongqing,True,47.362166052262,55930.143840000004,cy
True,586.0693277885621,520.1008965632881,C034,417.0,2,"[""D_chengdu"", ""D_chongqing""]","{""D_chengdu"": 586.0693277885621, ""D_chongqing"": 65.968431225274}",47300.672940000004,cn-cy-50c-01-V2-LOCATIONS,D_chongqing,True,65.968431225274,44200.81998,cy
True,571.125844629992,503.77133937743,C035,208.0,2,"[""D_chengdu"", ""D_chongqing""]","{""D_chengdu"": 571.125844629992, ""D_chongqing"": 67.35450525256199}",50078.69064,cn-cy-50c-01-V2-LOCATIONS,D_chongqing,True,67.35450525256199,46775.68344,cy
True,575.317761487063,503.45056855608095,C036,139.0,2,"[""D_chengdu"", ""D_chongqing""]","{""D_chengdu"": 575.317761487063, ""D_chongqing"": 71.867192930982}",47974.12248,cn-cy-50c-01-V2-LOCATIONS,D_chongqing,True,71.867192930982,46047.9495,cy
True,581.4619675245119,514.12493161667,C037,417.0,2,"[""D_chengdu"", ""D_chongqing""]","{""D_chengdu"": 581.4619675245119, ""D_chongqing"": 67.337035907842}",58722.773460000004,cn-cy-50c-01-V2-LOCATIONS,D_chongqing,True,67.337035907842,56139.3351,cy
True,573.1248855576459,499.78679006239594,C038,347.0,2,"[""D_chengdu"", ""D_chongqing""]","{""D_chengdu"": 573.1248855576459, ""D_chongqing"": 73.33809549524999}",48413.9421,cn-cy-50c-01-V2-LOCATIONS,D_chongqing,True,73.33809549524999,46005.67002,cy
True,575.5134835682151,504.7866859277611,C039,278.0,2,"[""D_chengdu"", ""D_chongqing""]","{""D_chengdu"": 575.5134835682151, ""D_chongqing"": 70.726797640454}",50791.089,cn-cy-50c-01-V2-LOCATIONS,D_chongqing,True,70.726797640454,47312.24184,cy
True,569.905994745687,493.22055678868907,C040,417.0,2,"[""D_chengdu"", ""D_chongqing""]","{""D_chengdu"": 569.905994745687, ""D_chongqing"": 76.68543795699799}",50460.74148,cn-cy-50c-01-V2-LOCATIONS,D_chongqing,True,76.68543795699799,48510.79518,cy
True,574.3858194789051,503.6580921925731,C041,278.0,2,"[""D_chengdu"", ""D_chongqing""]","{""D_chengdu"": 574.3858194789051, ""D_chongqing"": 70.727727286332}",50855.59806,cn-cy-50c-01-V2-LOCATIONS,D_chongqing,True,70.727727286332,48978.889019999995,cy
True,567.641926978102,487.79020289601,C042,139.0,2,"[""D_chengdu"", ""D_chongqing""]","{""D_chengdu"": 567.641926978102, ""D_chongqing"": 79.85172408209199}",48094.97058,cn-cy-50c-01-V2-LOCATIONS,D_chongqing,True,79.85172408209199,45502.525499999996,cy
True,569.060797421016,483.54194768698596,C043,139.0,2,"[""D_chengdu"", ""D_chongqing""]","{""D_chengdu"": 569.060797421016, ""D_chongqing"": 85.51884973403}",46349.55708,cn-cy-50c-01-V2-LOCATIONS,D_chongqing,True,85.51884973403,44079.586619999995,cy
True,571.670718529281,496.457970296853,C044,208.0,2,"[""D_chengdu"", ""D_chongqing""]","{""D_chengdu"": 571.670718529281, ""D_chongqing"": 75.212748232428}",49480.39638,cn-cy-50c-01-V2-LOCATIONS,D_chongqing,True,75.212748232428,46040.03412,cy
True,585.979823193328,524.552135426137,C045,278.0,2,"[""D_chengdu"", ""D_chongqing""]","{""D_chengdu"": 585.979823193328, ""D_chongqing"": 61.427687767191}",50588.46366,cn-cy-50c-01-V2-LOCATIONS,D_chongqing,True,61.427687767191,47153.66424,cy
True,568.48686869126,489.11661778203603,C046,139.0,2,"[""D_chengdu"", ""D_chongqing""]","{""D_chengdu"": 568.48686869126, ""D_chongqing"": 79.37025090922401}",51407.382000000005,cn-cy-50c-01-V2-LOCATIONS,D_chongqing,True,79.37025090922401,47914.45764,cy
True,582.891541405714,515.3207411544099,C047,347.0,2,"[""D_chengdu"", ""D_chongqing""]","{""D_chengdu"": 582.891541405714, ""D_chongqing"": 67.570800251304}",51906.69168,cn-cy-50c-01-V2-LOCATIONS,D_chongqing,True,67.570800251304,48735.5175,cy
True,581.959885833674,514.706117356492,C048,208.0,2,"[""D_chengdu"", ""D_chongqing""]","{""D_chengdu"": 581.959885833674, ""D_chongqing"": 67.25376847718199}",43480.91262,cn-cy-50c-01-V2-LOCATIONS,D_chongqing,True,67.25376847718199,41530.72494,cy
True,570.816595774075,503.474973996554,C049,139.0,2,"[""D_chengdu"", ""D_chongqing""]","{""D_chengdu"": 570.816595774075, ""D_chongqing"": 67.341621777521}",47211.737100000006,cn-cy-50c-01-V2-LOCATIONS,D_chongqing,True,67.341621777521,44904.26208,cy
True,574.0107018984651,498.1821345850321,C050,139.0,2,"[""D_chengdu"", ""D_chongqing""]","{""D_chengdu"": 574.0107018984651, ""D_chongqing"": 75.828567313433}",43677.91152,cn-cy-50c-01-V2-LOCATIONS,D_chongqing,True,75.828567313433,41151.99282,cy
True,665.839227420862,622.311686839957,C001,208.0,2,"[""D_chengdu"", ""D_chongqing""]","{""D_chengdu"": 43.527540580905, ""D_chongqing"": 665.839227420862}",45448.654200000004,cn-cy-50c-02-V2-LOCATIONS,D_chengdu,True,43.527540580905,42225.75942,cy
True,657.209448182296,605.437832927947,C002,139.0,2,"[""D_chengdu"", ""D_chongqing""]","{""D_chengdu"": 51.771615254349, ""D_chongqing"": 657.209448182296}",57117.21864000001,cn-cy-50c-02-V2-LOCATIONS,D_chengdu,True,51.771615254349,55287.88614,cy
True,653.388594528737,606.82594465668,C003,347.0,2,"[""D_chengdu"", ""D_chongqing""]","{""D_chengdu"": 46.562649872057, ""D_chongqing"": 653.388594528737}",45541.3626,cn-cy-50c-02-V2-LOCATIONS,D_chengdu,True,46.562649872057,43490.36754,cy
True,666.8444241053389,617.142878634278,C004,208.0,2,"[""D_chengdu"", ""D_chongqing""]","{""D_chengdu"": 49.701545471060996, ""D_chongqing"": 666.8444241053389}",56640.506700000005,cn-cy-50c-02-V2-LOCATIONS,D_chengdu,True,49.701545471060996,53321.58672,cy
True,671.145826951969,618.650696736445,C005,347.0,2,"[""D_chengdu"", ""D_chongqing""]","{""D_chengdu"": 52.495130215524, ""D_chongqing"": 671.145826951969}",47687.77182,cn-cy-50c-02-V2-LOCATIONS,D_chengdu,True,52.495130215524,45040.98552,cy
True,671.1512864794,618.6506967364451,C006,139.0,2,"[""D_chengdu"", ""D_chongqing""]","{""D_chengdu"": 52.500589742955, ""D_chongqing"": 671.1512864794}",50702.645939999995,cn-cy-50c-02-V2-LOCATIONS,D_chengdu,True,52.500589742955,48553.46886,cy
True,655.231439074917,602.607064516768,C007,278.0,2,"[""D_chengdu"", ""D_chongqing""]","{""D_chengdu"": 52.624374558149, ""D_chongqing"": 655.231439074917}",44991.96234,cn-cy-50c-02-V2-LOCATIONS,D_chengdu,True,52.624374558149,41779.53462,cy
True,654.9740252688559,606.033244565203,C008,139.0,2,"[""D_chengdu"", ""D_chongqing""]","{""D_chengdu"": 48.940780703653, ""D_chongqing"": 654.9740252688559}",47764.12409999999,cn-cy-50c-02-V2-LOCATIONS,D_chengdu,True,48.940780703653,44364.18144,cy
True,671.458226202906,618.650696736445,C009,139.0,2,"[""D_chengdu"", ""D_chongqing""]","{""D_chengdu"": 52.807529466461, ""D_chongqing"": 671.458226202906}",48094.97058,cn-cy-50c-02-V2-LOCATIONS,D_chengdu,True,52.807529466461,45502.525499999996,cy
True,652.5306875612471,602.6070645167681,C010,417.0,2,"[""D_chengdu"", ""D_chongqing""]","{""D_chengdu"": 49.923623044479, ""D_chongqing"": 652.5306875612471}",60688.702620000004,cn-cy-50c-02-V2-LOCATIONS,D_chengdu,True,49.923623044479,58055.17284,cy
True,655.5379476890389,606.5961719029909,C011,139.0,2,"[""D_chengdu"", ""D_chongqing""]","{""D_chengdu"": 48.941775786048005, ""D_chongqing"": 655.5379476890389}",53088.95286,cn-cy-50c-02-V2-LOCATIONS,D_chengdu,True,48.941775786048005,50144.2134,cy
True,657.6920547581159,606.3111269570699,C012,278.0,2,"[""D_chengdu"", ""D_chongqing""]","{""D_chengdu"": 51.380927801046, ""D_chongqing"": 657.6920547581159}",51176.71032,cn-cy-50c-02-V2-LOCATIONS,D_chengdu,True,51.380927801046,47616.04908,cy
True,663.799503943397,598.30460489192,C013,139.0,2,"[""D_chengdu"", ""D_chongqing""]","{""D_chengdu"": 65.49489905147699, ""D_chongqing"": 663.799503943397}",51012.710340000005,cn-cy-50c-02-V2-LOCATIONS,D_chengdu,True,65.49489905147699,47731.00602,cy
True,660.5997490192871,607.8466998877041,C014,417.0,2,"[""D_chengdu"", ""D_chongqing""]","{""D_chengdu"": 52.753049131583, ""D_chongqing"": 660.5997490192871}",64514.64786,cn-cy-50c-02-V2-LOCATIONS,D_chengdu,True,52.753049131583,61672.975080000004,cy
True,661.575488921737,607.8466998877041,C015,208.0,2,"[""D_chengdu"", ""D_chongqing""]","{""D_chengdu"": 53.728789034033, ""D_chongqing"": 661.575488921737}",57263.84214,cn-cy-50c-02-V2-LOCATIONS,D_chengdu,True,53.728789034033,54225.731100000005,cy
True,651.977165071962,600.1917184692439,C016,347.0,2,"[""D_chengdu"", ""D_chongqing""]","{""D_chengdu"": 51.785446602718004, ""D_chongqing"": 651.977165071962}",56946.002700000005,cn-cy-50c-02-V2-LOCATIONS,D_chengdu,True,51.785446602718004,53413.8342,cy
True,663.484302491977,606.92661544114,C017,278.0,2,"[""D_chengdu"", ""D_chongqing""]","{""D_chengdu"": 56.557687050837, ""D_chongqing"": 663.484302491977}",51925.2468,cn-cy-50c-02-V2-LOCATIONS,D_chengdu,True,56.557687050837,50120.28372,cy
True,659.167508050575,605.377414807621,C018,139.0,2,"[""D_chengdu"", ""D_chongqing""]","{""D_chengdu"": 53.790093242954, ""D_chongqing"": 659.167508050575}",51937.52178,cn-cy-50c-02-V2-LOCATIONS,D_chengdu,True,53.790093242954,48816.07146,cy
True,651.7999557542,606.2068435521701,C019,347.0,2,"[""D_chengdu"", ""D_chongqing""]","{""D_chengdu"": 45.59311220202999, ""D_chongqing"": 651.7999557542}",57610.16712,cn-cy-50c-02-V2-LOCATIONS,D_chengdu,True,45.59311220202999,55477.07298,cy
True,657.390286763608,606.015348725334,C020,347.0,2,"[""D_chengdu"", ""D_chongqing""]","{""D_chengdu"": 51.374938038274, ""D_chongqing"": 657.390286763608}",49091.25036,cn-cy-50c-02-V2-LOCATIONS,D_chengdu,True,51.374938038274,46046.643,cy
True,654.112972768512,609.515761655473,C021,417.0,2,"[""D_chengdu"", ""D_chongqing""]","{""D_chengdu"": 44.597211113038995, ""D_chongqing"": 654.112972768512}",61763.49384,cn-cy-50c-02-V2-LOCATIONS,D_chengdu,True,44.597211113038995,58380.66066,cy
True,560.9211702606659,479.4130953123809,C022,347.0,2,"[""D_chengdu"", ""D_chongqing""]","{""D_chengdu"": 560.9211702606659, ""D_chongqing"": 81.50807494828501}",50801.40996,cn-cy-50c-02-V2-LOCATIONS,D_chongqing,True,81.50807494828501,48949.36026,cy
True,582.642588601156,513.976794831972,C023,347.0,2,"[""D_chengdu"", ""D_chongqing""]","{""D_chengdu"": 582.642588601156, ""D_chongqing"": 68.665793769184}",50510.3595,cn-cy-50c-02-V2-LOCATIONS,D_chongqing,True,68.665793769184,47950.45812,cy
True,575.109818312702,512.118283885574,C024,278.0,2,"[""D_chengdu"", ""D_chongqing""]","{""D_chengdu"": 575.109818312702, ""D_chongqing"": 62.991534427128}",58463.6073,cn-cy-50c-02-V2-LOCATIONS,D_chongqing,True,62.991534427128,56370.17112,cy
True,563.716123487987,481.98703396908206,C025,208.0,2,"[""D_chengdu"", ""D_chongqing""]","{""D_chengdu"": 563.716123487987, ""D_chongqing"": 81.729089518905}",49236.530999999995,cn-cy-50c-02-V2-LOCATIONS,D_chongqing,True,81.729089518905,46353.39624,cy
True,582.540418847862,513.976794831972,C026,278.0,2,"[""D_chengdu"", ""D_chongqing""]","{""D_chengdu"": 582.540418847862, ""D_chongqing"": 68.56362401589}",60705.825359999995,cn-cy-50c-02-V2-LOCATIONS,D_chongqing,True,68.56362401589,57199.689660000004,cy
True,576.441891403626,503.91380378265694,C027,278.0,2,"[""D_chengdu"", ""D_chongqing""]","{""D_chengdu"": 576.441891403626, ""D_chongqing"": 72.52808762096899}",43472.89836,cn-cy-50c-02-V2-LOCATIONS,D_chongqing,True,72.52808762096899,41596.07616,cy
True,573.7339091651891,501.51412685534103,C028,139.0,2,"[""D_chengdu"", ""D_chongqing""]","{""D_chengdu"": 573.7339091651891, ""D_chongqing"": 72.219782309848}",45301.2585,cn-cy-50c-02-V2-LOCATIONS,D_chongqing,True,72.219782309848,42353.00424,cy
True,584.9079307732701,516.657226660174,C029,208.0,2,"[""D_chengdu"", ""D_chongqing""]","{""D_chengdu"": 584.9079307732701, ""D_chongqing"": 68.25070411309599}",47265.6936,cn-cy-50c-02-V2-LOCATIONS,D_chongqing,True,68.25070411309599,44128.79064,cy
True,585.9637224014821,524.6913895260101,C030,208.0,2,"[""D_chengdu"", ""D_chongqing""]","{""D_chengdu"": 585.9637224014821, ""D_chongqing"": 61.272332875471996}",48419.93298,cn-cy-50c-02-V2-LOCATIONS,D_chongqing,True,61.272332875471996,45236.5281,cy
True,572.604651202271,503.23979549043105,C031,139.0,2,"[""D_chengdu"", ""D_chongqing""]","{""D_chengdu"": 572.604651202271, ""D_chongqing"": 69.36485571184001}",46034.65176,cn-cy-50c-02-V2-LOCATIONS,D_chongqing,True,69.36485571184001,43744.812,cy
True,577.089117035962,512.508707543955,C032,208.0,2,"[""D_chengdu"", ""D_chongqing""]","{""D_chengdu"": 577.089117035962, ""D_chongqing"": 64.580409492007}",46491.084,cn-cy-50c-02-V2-LOCATIONS,D_chongqing,True,64.580409492007,44661.07866,cy
True,572.625205271008,502.49203584683397,C033,208.0,2,"[""D_chengdu"", ""D_chongqing""]","{""D_chengdu"": 572.625205271008, ""D_chongqing"": 70.133169424174}",47248.52562,cn-cy-50c-02-V2-LOCATIONS,D_chongqing,True,70.133169424174,45056.92104,cy
True,562.373633978969,480.457260108883,C034,347.0,2,"[""D_chengdu"", ""D_chongqing""]","{""D_chengdu"": 562.373633978969, ""D_chongqing"": 81.91637387008599}",47652.22326,cn-cy-50c-02-V2-LOCATIONS,D_chongqing,True,81.91637387008599,45208.89756,cy
True,584.035220360554,513.791230032112,C035,208.0,2,"[""D_chengdu"", ""D_chongqing""]","{""D_chengdu"": 584.035220360554, ""D_chongqing"": 70.243990328442}",56058.39294,cn-cy-50c-02-V2-LOCATIONS,D_chongqing,True,70.243990328442,53851.71516,cy
True,591.4877565922609,544.12559054024,C036,347.0,2,"[""D_chengdu"", ""D_chongqing""]","{""D_chengdu"": 591.4877565922609, ""D_chongqing"": 47.362166052020996}",59069.36274,cn-cy-50c-02-V2-LOCATIONS,D_chongqing,True,47.362166052020996,56763.09396,cy
True,577.422073145997,501.02530070930203,C037,347.0,2,"[""D_chengdu"", ""D_chongqing""]","{""D_chengdu"": 577.422073145997, ""D_chongqing"": 76.396772436695}",44753.850000000006,cn-cy-50c-02-V2-LOCATIONS,D_chongqing,True,76.396772436695,42244.53138,cy
True,594.283085651243,541.978464873894,C038,139.0,2,"[""D_chengdu"", ""D_chongqing""]","{""D_chengdu"": 594.283085651243, ""D_chongqing"": 52.304620777349}",62838.91236,cn-cy-50c-02-V2-LOCATIONS,D_chongqing,True,52.304620777349,59280.462,cy
True,572.1661607245051,494.00382280282906,C039,208.0,2,"[""D_chengdu"", ""D_chongqing""]","{""D_chengdu"": 572.1661607245051, ""D_chongqing"": 78.162337921676}",52804.50906,cn-cy-50c-02-V2-LOCATIONS,D_chongqing,True,78.162337921676,50426.152500000004,cy
True,569.262123220628,481.7277741427,C040,208.0,2,"[""D_chengdu"", ""D_chongqing""]","{""D_chengdu"": 569.262123220628, ""D_chongqing"": 87.534349077928}",42674.73732,cn-cy-50c-02-V2-LOCATIONS,D_chongqing,True,87.534349077928,40362.623940000005,cy
True,567.147947709233,490.999067790384,C041,278.0,2,"[""D_chengdu"", ""D_chongqing""]","{""D_chengdu"": 567.147947709233, ""D_chongqing"": 76.148879918849}",60097.92264,cn-cy-50c-02-V2-LOCATIONS,D_chongqing,True,76.148879918849,57347.3754,cy
True,570.067597159098,497.314180287083,C042,139.0,2,"[""D_chengdu"", ""D_chongqing""]","{""D_chengdu"": 570.067597159098, ""D_chongqing"": 72.753416872015}",44355.50838,cn-cy-50c-02-V2-LOCATIONS,D_chongqing,True,72.753416872015,42025.9935,cy
True,587.604478435633,525.7898725554201,C043,347.0,2,"[""D_chengdu"", ""D_chongqing""]","{""D_chengdu"": 587.604478435633, ""D_chongqing"": 61.814605880213}",43445.2875,cn-cy-50c-02-V2-LOCATIONS,D_chongqing,True,61.814605880213,40809.25614,cy
True,578.661149756928,509.28632351118904,C044,417.0,2,"[""D_chengdu"", ""D_chongqing""]","{""D_chengdu"": 578.661149756928, ""D_chongqing"": 69.374826245739}",47857.549439999995,cn-cy-50c-02-V2-LOCATIONS,D_chongqing,True,69.374826245739,44671.92744,cy
True,572.427012175506,489.367551294451,C045,347.0,2,"[""D_chengdu"", ""D_chongqing""]","{""D_chengdu"": 572.427012175506, ""D_chongqing"": 83.059460881055}",66303.75576,cn-cy-50c-02-V2-LOCATIONS,D_chongqing,True,83.059460881055,63246.248340000006,cy
True,586.17766671115,521.45587880252,C046,139.0,2,"[""D_chengdu"", ""D_chongqing""]","{""D_chengdu"": 586.17766671115, ""D_chongqing"": 64.72178790862999}",48704.1414,cn-cy-50c-02-V2-LOCATIONS,D_chongqing,True,64.72178790862999,45995.04612,cy
True,573.496246405315,501.217156826027,C047,208.0,2,"[""D_chengdu"", ""D_chongqing""]","{""D_chengdu"": 573.496246405315, ""D_chongqing"": 72.279089579288}",51549.54246,cn-cy-50c-02-V2-LOCATIONS,D_chongqing,True,72.279089579288,48703.37334,cy
True,559.126340929034,466.784014354916,C048,139.0,2,"[""D_chengdu"", ""D_chongqing""]","{""D_chengdu"": 559.126340929034, ""D_chongqing"": 92.34232657411799}",48082.45308,cn-cy-50c-02-V2-LOCATIONS,D_chongqing,True,92.34232657411799,46165.6443,cy
True,579.298992826636,524.658576823265,C049,278.0,2,"[""D_chengdu"", ""D_chongqing""]","{""D_chengdu"": 579.298992826636, ""D_chongqing"": 54.640416003371}",45253.80654,cn-cy-50c-02-V2-LOCATIONS,D_chongqing,True,54.640416003371,43144.27512,cy
True,573.733909131249,501.514126855341,C050,208.0,2,"[""D_chengdu"", ""D_chongqing""]","{""D_chengdu"": 573.733909131249, ""D_chongqing"": 72.219782275908}",50308.530719999995,cn-cy-50c-02-V2-LOCATIONS,D_chongqing,True,72.219782275908,48155.7831,cy
True,671.23880286591,620.9034986106229,C001,347.0,2,"[""D_chengdu"", ""D_chongqing""]","{""D_chengdu"": 50.335304255287, ""D_chongqing"": 671.23880286591}",65030.91612,cn-cy-50c-03-V2-LOCATIONS,D_chengdu,True,50.335304255287,62536.1196,cy
True,672.164834888328,624.8120421998569,C002,278.0,2,"[""D_chengdu"", ""D_chongqing""]","{""D_chengdu"": 47.352792688471006, ""D_chongqing"": 672.164834888328}",62493.21162,cn-cy-50c-03-V2-LOCATIONS,D_chengdu,True,47.352792688471006,59594.217,cy
True,656.083180503736,606.015348725334,C003,208.0,2,"[""D_chengdu"", ""D_chongqing""]","{""D_chengdu"": 50.067831778402, ""D_chongqing"": 656.083180503736}",57263.84214,cn-cy-50c-03-V2-LOCATIONS,D_chengdu,True,50.067831778402,54225.731100000005,cy
True,672.6975062875031,620.503496264203,C004,208.0,2,"[""D_chengdu"", ""D_chongqing""]","{""D_chengdu"": 52.194010023299995, ""D_chongqing"": 672.6975062875031}",51862.36254,cn-cy-50c-03-V2-LOCATIONS,D_chengdu,True,52.194010023299995,48886.94886,cy
True,663.5377962832321,608.1134415804851,C005,208.0,2,"[""D_chengdu"", ""D_chongqing""]","{""D_chengdu"": 55.424354702746996, ""D_chongqing"": 663.5377962832321}",65423.42598,cn-cy-50c-03-V2-LOCATIONS,D_chengdu,True,55.424354702746996,62682.77388,cy
True,668.923375937862,622.311686839957,C006,208.0,2,"[""D_chengdu"", ""D_chongqing""]","{""D_chengdu"": 46.611689097905, ""D_chongqing"": 668.923375937862}",48438.734639999995,cn-cy-50c-03-V2-LOCATIONS,D_chengdu,True,46.611689097905,45861.0741,cy
True,673.267794630307,623.2464872952739,C007,139.0,2,"[""D_chengdu"", ""D_chongqing""]","{""D_chengdu"": 50.02130733503299, ""D_chongqing"": 673.267794630307}",49266.4668,cn-cy-50c-03-V2-LOCATIONS,D_chengdu,True,50.02130733503299,46209.09702,cy
True,658.748760916969,603.67414803611,C008,417.0,2,"[""D_chengdu"", ""D_chongqing""]","{""D_chengdu"": 55.074612880859, ""D_chongqing"": 658.748760916969}",47300.672940000004,cn-cy-50c-03-V2-LOCATIONS,D_chengdu,True,55.074612880859,44200.81998,cy
True,655.408431084177,602.607064516768,C009,208.0,2,"[""D_chengdu"", ""D_chongqing""]","{""D_chengdu"": 52.801366567409, ""D_chongqing"": 655.408431084177}",45191.195700000004,cn-cy-50c-03-V2-LOCATIONS,D_chengdu,True,52.801366567409,43361.2902,cy
True,654.5807690988989,605.6912670485759,C010,417.0,2,"[""D_chengdu"", ""D_chongqing""]","{""D_chengdu"": 48.889502050323, ""D_chongqing"": 654.5807690988989}",50952.071879999996,cn-cy-50c-03-V2-LOCATIONS,D_chengdu,True,48.889502050323,48573.9528,cy
True,673.5803719075681,623.290885933216,C011,417.0,2,"[""D_chengdu"", ""D_chongqing""]","{""D_chengdu"": 50.289485974352, ""D_chongqing"": 673.5803719075681}",44805.62118,cn-cy-50c-03-V2-LOCATIONS,D_chengdu,True,50.289485974352,41783.45238,cy
True,676.298164075105,618.650696736445,C012,208.0,2,"[""D_chengdu"", ""D_chongqing""]","{""D_chengdu"": 57.64746733866001, ""D_chongqing"": 676.298164075105}",56831.27532,cn-cy-50c-03-V2-LOCATIONS,D_chengdu,True,57.64746733866001,53520.59244,cy
True,674.2336875075509,615.2307155860699,C013,347.0,2,"[""D_chengdu"", ""D_chongqing""]","{""D_chengdu"": 59.002971921481006, ""D_chongqing"": 674.2336875075509}",48133.73592,cn-cy-50c-03-V2-LOCATIONS,D_chengdu,True,59.002971921481006,44610.45066,cy
True,652.062182580852,600.138265833612,C014,347.0,2,"[""D_chengdu"", ""D_chongqing""]","{""D_chengdu"": 51.92391674724, ""D_chongqing"": 652.062182580852}",47625.6963,cn-cy-50c-03-V2-LOCATIONS,D_chengdu,True,51.92391674724,45051.05646,cy
True,672.851420327483,620.503496264203,C015,417.0,2,"[""D_chengdu"", ""D_chongqing""]","{""D_chengdu"": 52.34792406328, ""D_chongqing"": 672.851420327483}",63139.89624,cn-cy-50c-03-V2-LOCATIONS,D_chengdu,True,52.34792406328,60781.83426,cy
True,658.213897328373,605.646155214868,C016,139.0,2,"[""D_chengdu"", ""D_chongqing""]","{""D_chengdu"": 52.567742113505, ""D_chongqing"": 658.213897328373}",62345.40162,cn-cy-50c-03-V2-LOCATIONS,D_chengdu,True,52.567742113505,59559.92868,cy
True,650.137656015892,603.4750097986911,C017,278.0,2,"[""D_chengdu"", ""D_chongqing""]","{""D_chengdu"": 46.662646217201, ""D_chongqing"": 650.137656015892}",45726.218400000005,cn-cy-50c-03-V2-LOCATIONS,D_chengdu,True,46.662646217201,42875.76132,cy
True,660.7053389911069,607.846699887704,C018,278.0,2,"[""D_chengdu"", ""D_chongqing""]","{""D_chengdu"": 52.85863910340299, ""D_chongqing"": 660.7053389911069}",60320.2194,cn-cy-50c-03-V2-LOCATIONS,D_chengdu,True,52.85863910340299,57765.596340000004,cy
True,651.845859478542,602.036533989438,C019,139.0,2,"[""D_chengdu"", ""D_chongqing""]","{""D_chengdu"": 49.809325489104, ""D_chongqing"": 651.845859478542}",53084.0637,cn-cy-50c-03-V2-LOCATIONS,D_chengdu,True,49.809325489104,49833.4899,cy
True,664.712686558584,619.23354066025,C020,347.0,2,"[""D_chengdu"", ""D_chongqing""]","{""D_chengdu"": 45.479145898334, ""D_chongqing"": 664.712686558584}",60187.40436,cn-cy-50c-03-V2-LOCATIONS,D_chengdu,True,45.479145898334,57344.02314,cy
True,653.581169856052,605.5421830700841,C021,278.0,2,"[""D_chengdu"", ""D_chongqing""]","{""D_chengdu"": 48.038986785968, ""D_chongqing"": 653.581169856052}",44535.032699999996,cn-cy-50c-03-V2-LOCATIONS,D_chengdu,True,48.038986785968,41717.06094,cy
True,579.4024756873821,501.85848374809507,C022,278.0,2,"[""D_chengdu"", ""D_chongqing""]","{""D_chengdu"": 579.4024756873821, ""D_chongqing"": 77.543991939287}",47528.71926,cn-cy-50c-03-V2-LOCATIONS,D_chongqing,True,77.543991939287,45530.996940000005,cy
True,587.700050160693,525.78987255542,C023,139.0,2,"[""D_chengdu"", ""D_chongqing""]","{""D_chengdu"": 587.700050160693, ""D_chongqing"": 61.910177605273}",61056.122879999995,cn-cy-50c-03-V2-LOCATIONS,D_chongqing,True,61.910177605273,57484.331699999995,cy
True,566.496294938584,489.62239105636104,C024,278.0,2,"[""D_chengdu"", ""D_chongqing""]","{""D_chengdu"": 566.496294938584, ""D_chongqing"": 76.873903882223}",50719.23426,cn-cy-50c-03-V2-LOCATIONS,D_chongqing,True,76.873903882223,48125.22306,cy
True,571.825999571912,501.207753998805,C025,208.0,2,"[""D_chengdu"", ""D_chongqing""]","{""D_chengdu"": 571.825999571912, ""D_chongqing"": 70.61824557310699}",47662.55868,cn-cy-50c-03-V2-LOCATIONS,D_chongqing,True,70.61824557310699,45014.30304,cy
True,582.702711963292,516.632534626694,C026,278.0,2,"[""D_chengdu"", ""D_chongqing""]","{""D_chengdu"": 582.702711963292, ""D_chongqing"": 66.070177336598}",55728.3156,cn-cy-50c-03-V2-LOCATIONS,D_chongqing,True,66.070177336598,53635.88754,cy
True,576.3840576741791,500.2346197573291,C027,139.0,2,"[""D_chengdu"", ""D_chongqing""]","{""D_chengdu"": 576.3840576741791, ""D_chongqing"": 76.14943791685}",48647.23152,cn-cy-50c-03-V2-LOCATIONS,D_chongqing,True,76.14943791685,46307.46468,cy
True,586.0272991132881,524.5996113408371,C028,208.0,2,"[""D_chengdu"", ""D_chongqing""]","{""D_chengdu"": 586.0272991132881, ""D_chongqing"": 61.427687772450994}",59672.52432,cn-cy-50c-03-V2-LOCATIONS,D_chongqing,True,61.427687772450994,57141.94152,cy
True,567.941413994212,487.79020289601,C029,139.0,2,"[""D_chengdu"", ""D_chongqing""]","{""D_chengdu"": 567.941413994212, ""D_chongqing"": 80.15121109820201}",58675.29678,cn-cy-50c-03-V2-LOCATIONS,D_chongqing,True,80.15121109820201,55838.151060000004,cy
True,593.866425994521,534.751650733889,C030,139.0,2,"[""D_chengdu"", ""D_chongqing""]","{""D_chengdu"": 593.866425994521, ""D_chongqing"": 59.114775260632}",61625.8701,cn-cy-50c-03-V2-LOCATIONS,D_chongqing,True,59.114775260632,59682.632040000004,cy
True,580.392218437858,518.9485533799669,C031,347.0,2,"[""D_chengdu"", ""D_chongqing""]","{""D_chengdu"": 580.392218437858, ""D_chongqing"": 61.443665057891}",49760.514839999996,cn-cy-50c-03-V2-LOCATIONS,D_chongqing,True,61.443665057891,47791.47732,cy
True,587.719340957933,525.7898725554201,C032,417.0,2,"[""D_chengdu"", ""D_chongqing""]","{""D_chengdu"": 587.719340957933, ""D_chongqing"": 61.929468402512995}",46017.863999999994,cn-cy-50c-03-V2-LOCATIONS,D_chongqing,True,61.929468402512995,43872.591179999996,cy
True,573.54110549737,495.42367645857905,C033,347.0,2,"[""D_chengdu"", ""D_chongqing""]","{""D_chengdu"": 573.54110549737, ""D_chongqing"": 78.117429038791}",56520.06,cn-cy-50c-03-V2-LOCATIONS,D_chongqing,True,78.117429038791,54715.18902,cy
True,572.5993614048481,500.92559266324906,C034,347.0,2,"[""D_chengdu"", ""D_chongqing""]","{""D_chengdu"": 572.5993614048481, ""D_chongqing"": 71.67376874159899}",59066.059740000004,cn-cy-50c-03-V2-LOCATIONS,D_chongqing,True,71.67376874159899,56746.67916,cy
True,568.751259695754,483.232409958757,C035,347.0,2,"[""D_chengdu"", ""D_chongqing""]","{""D_chengdu"": 568.751259695754, ""D_chongqing"": 85.518849736997}",56946.002700000005,cn-cy-50c-03-V2-LOCATIONS,D_chongqing,True,85.518849736997,53413.8342,cy
True,586.768744713116,525.215647063557,C036,139.0,2,"[""D_chengdu"", ""D_chongqing""]","{""D_chengdu"": 586.768744713116, ""D_chongqing"": 61.553097649559}",50702.645939999995,cn-cy-50c-03-V2-LOCATIONS,D_chongqing,True,61.553097649559,48553.46886,cy
True,556.653663917386,476.124621922891,C037,417.0,2,"[""D_chengdu"", ""D_chongqing""]","{""D_chengdu"": 556.653663917386, ""D_chongqing"": 80.529041994495}",53992.3707,cn-cy-50c-03-V2-LOCATIONS,D_chongqing,True,80.529041994495,52107.343740000004,cy
True,584.180119226314,513.7916918046869,C038,278.0,2,"[""D_chengdu"", ""D_chongqing""]","{""D_chengdu"": 584.180119226314, ""D_chongqing"": 70.388427421627}",52531.598340000004,cn-cy-50c-03-V2-LOCATIONS,D_chongqing,True,70.388427421627,49717.13838,cy
True,586.071076777988,524.372686607616,C039,417.0,2,"[""D_chengdu"", ""D_chongqing""]","{""D_chengdu"": 586.071076777988, ""D_chongqing"": 61.698390170372}",48492.6768,cn-cy-50c-03-V2-LOCATIONS,D_chongqing,True,61.698390170372,46166.13018,cy
True,582.329720851499,515.531935347807,C040,139.0,2,"[""D_chengdu"", ""D_chongqing""]","{""D_chengdu"": 582.329720851499, ""D_chongqing"": 66.797785503692}",56753.367060000004,cn-cy-50c-03-V2-LOCATIONS,D_chongqing,True,66.797785503692,53652.3957,cy
True,586.404684654669,524.6328625612771,C041,208.0,2,"[""D_chengdu"", ""D_chongqing""]","{""D_chengdu"": 586.404684654669, ""D_chongqing"": 61.771822093392}",58116.80706000001,cn-cy-50c-03-V2-LOCATIONS,D_chongqing,True,61.771822093392,56260.39668,cy
True,572.361158619148,492.016165853823,C042,208.0,2,"[""D_chengdu"", ""D_chongqing""]","{""D_chengdu"": 572.361158619148, ""D_chongqing"": 80.344992765325}",64257.15918,cn-cy-50c-03-V2-LOCATIONS,D_chongqing,True,80.344992765325,61635.604139999996,cy
True,572.856330324169,498.740592470158,C043,417.0,2,"[""D_chengdu"", ""D_chongqing""]","{""D_chengdu"": 572.856330324169, ""D_chongqing"": 74.115737854011}",43366.489859999994,cn-cy-50c-03-V2-LOCATIONS,D_chongqing,True,74.115737854011,41447.68596,cy
True,560.5516031452489,473.54675523196295,C044,417.0,2,"[""D_chengdu"", ""D_chongqing""]","{""D_chengdu"": 560.5516031452489, ""D_chongqing"": 87.004847913286}",59469.02358,cn-cy-50c-03-V2-LOCATIONS,D_chongqing,True,87.004847913286,56574.982860000004,cy
True,572.183763587231,501.53930149911,C045,208.0,2,"[""D_chengdu"", ""D_chongqing""]","{""D_chengdu"": 572.183763587231, ""D_chongqing"": 70.644462088121}",48419.93298,cn-cy-50c-03-V2-LOCATIONS,D_chongqing,True,70.644462088121,45236.5281,cy
True,587.4388222029049,523.2660941227309,C046,347.0,2,"[""D_chengdu"", ""D_chongqing""]","{""D_chengdu"": 587.4388222029049, ""D_chongqing"": 64.172728080174}",47625.6963,cn-cy-50c-03-V2-LOCATIONS,D_chongqing,True,64.172728080174,45051.05646,cy
True,582.262214777449,514.751173075367,C047,347.0,2,"[""D_chengdu"", ""D_chongqing""]","{""D_chengdu"": 582.262214777449, ""D_chongqing"": 67.511041702082}",44753.850000000006,cn-cy-50c-03-V2-LOCATIONS,D_chongqing,True,67.511041702082,42244.53138,cy
True,587.4065535947971,522.185086804831,C048,139.0,2,"[""D_chengdu"", ""D_chongqing""]","{""D_chengdu"": 587.4065535947971, ""D_chongqing"": 65.221466789966}",48507.45156,cn-cy-50c-03-V2-LOCATIONS,D_chongqing,True,65.221466789966,46129.93278,cy
True,577.362541451701,514.063193384457,C049,417.0,2,"[""D_chengdu"", ""D_chongqing""]","{""D_chengdu"": 577.362541451701, ""D_chongqing"": 63.299348067244004}",52003.38708,cn-cy-50c-03-V2-LOCATIONS,D_chongqing,True,63.299348067244004,49970.1117,cy
True,585.454419914964,521.086484284956,C050,278.0,2,"[""D_chengdu"", ""D_chongqing""]","{""D_chengdu"": 585.454419914964, ""D_chongqing"": 64.367935630008}",44722.828259999995,cn-cy-50c-03-V2-LOCATIONS,D_chongqing,True,64.367935630008,42280.527239999996,cy
True,282.252220323963,210.279841735623,C001,347.0,2,"[""D_beijing"", ""D_tianjin""]","{""D_beijing"": 71.97237858834, ""D_tianjin"": 282.252220323963}",48679.28322,cn-jjj-100c-01-V2-LOCATIONS,D_beijing,True,71.97237858834,46070.69022,jjj
True,269.474420104399,207.10859109716097,C002,208.0,2,"[""D_beijing"", ""D_tianjin""]","{""D_beijing"": 62.365829007238005, ""D_tianjin"": 269.474420104399}",48246.68196,cn-jjj-100c-01-V2-LOCATIONS,D_beijing,True,62.365829007238005,44680.58238,jjj
True,271.073815348156,205.65824512660802,C003,208.0,2,"[""D_beijing"", ""D_tianjin""]","{""D_beijing"": 65.415570221548, ""D_tianjin"": 271.073815348156}",58727.48304,cn-jjj-100c-01-V2-LOCATIONS,D_beijing,True,65.415570221548,56847.31278,jjj
True,249.311560909967,164.577687716765,C004,139.0,2,"[""D_beijing"", ""D_tianjin""]","{""D_beijing"": 84.733873193202, ""D_tianjin"": 249.311560909967}",47974.12248,cn-jjj-100c-01-V2-LOCATIONS,D_beijing,True,84.733873193202,46047.9495,jjj
True,261.69345704364,176.62906254648604,C005,417.0,2,"[""D_beijing"", ""D_tianjin""]","{""D_beijing"": 85.06439449715398, ""D_tianjin"": 261.69345704364}",49382.87478,cn-jjj-100c-01-V2-LOCATIONS,D_beijing,True,85.06439449715398,46557.9798,jjj
True,274.69008537314403,202.97979824993104,C006,347.0,2,"[""D_beijing"", ""D_tianjin""]","{""D_beijing"": 71.71028712321299, ""D_tianjin"": 274.69008537314403}",44004.54876,cn-jjj-100c-01-V2-LOCATIONS,D_beijing,True,71.71028712321299,41195.002980000005,jjj
True,257.950992932415,182.19212652283198,C007,208.0,2,"[""D_beijing"", ""D_tianjin""]","{""D_beijing"": 75.758866409583, ""D_tianjin"": 257.950992932415}",55203.21288,cn-jjj-100c-01-V2-LOCATIONS,D_beijing,True,75.758866409583,52685.404619999994,jjj
True,244.695293145637,159.706407485146,C008,417.0,2,"[""D_beijing"", ""D_tianjin""]","{""D_beijing"": 84.98888566049101, ""D_tianjin"": 244.695293145637}",61297.0419,cn-jjj-100c-01-V2-LOCATIONS,D_beijing,True,84.98888566049101,57719.40846,jjj
True,255.18231487149,198.135315067097,C009,278.0,2,"[""D_beijing"", ""D_tianjin""]","{""D_beijing"": 57.046999804393, ""D_tianjin"": 255.18231487149}",45091.47576,cn-jjj-100c-01-V2-LOCATIONS,D_beijing,True,57.046999804393,43137.54084,jjj
True,281.908448801511,206.39998093926,C010,139.0,2,"[""D_beijing"", ""D_tianjin""]","{""D_beijing"": 75.50846786225101, ""D_tianjin"": 281.908448801511}",63168.7674,cn-jjj-100c-01-V2-LOCATIONS,D_beijing,True,75.50846786225101,60767.68518,jjj
True,262.249426069444,170.49790149297598,C011,347.0,2,"[""D_beijing"", ""D_tianjin""]","{""D_beijing"": 91.751524576468, ""D_tianjin"": 262.249426069444}",58320.64446,cn-jjj-100c-01-V2-LOCATIONS,D_beijing,True,91.751524576468,56323.149,jjj
True,270.472797818647,206.69419958393598,C012,278.0,2,"[""D_beijing"", ""D_tianjin""]","{""D_beijing"": 63.778598234711, ""D_tianjin"": 270.472797818647}",45345.0153,cn-jjj-100c-01-V2-LOCATIONS,D_beijing,True,63.778598234711,42590.84664,jjj
True,272.670513865467,205.67796696179602,C013,208.0,2,"[""D_beijing"", ""D_tianjin""]","{""D_beijing"": 66.992546903671, ""D_tianjin"": 272.670513865467}",62997.9474,cn-jjj-100c-01-V2-LOCATIONS,D_beijing,True,66.992546903671,60526.67604,jjj
True,245.02072808445297,170.05506829921495,C014,347.0,2,"[""D_beijing"", ""D_tianjin""]","{""D_beijing"": 74.965659785238, ""D_tianjin"": 245.02072808445297}",52112.42838,cn-jjj-100c-01-V2-LOCATIONS,D_beijing,True,74.965659785238,48643.207019999994,jjj
True,253.346931623392,190.699331031371,C015,347.0,2,"[""D_beijing"", ""D_tianjin""]","{""D_beijing"": 62.647600592021, ""D_tianjin"": 253.346931623392}",61745.72904,cn-jjj-100c-01-V2-LOCATIONS,D_beijing,True,62.647600592021,58256.721840000006,jjj
True,256.111829245205,180.23450189908402,C016,347.0,2,"[""D_beijing"", ""D_tianjin""]","{""D_beijing"": 75.87732734612099, ""D_tianjin"": 256.111829245205}",45292.77504,cn-jjj-100c-01-V2-LOCATIONS,D_beijing,True,75.87732734612099,43202.16972,jjj
True,252.87947463376798,181.966456521187,C017,139.0,2,"[""D_beijing"", ""D_tianjin""]","{""D_beijing"": 70.91301811258099, ""D_tianjin"": 252.87947463376798}",51969.83526,cn-jjj-100c-01-V2-LOCATIONS,D_beijing,True,70.91301811258099,48768.8736,jjj
True,265.292164945202,203.749422045784,C018,347.0,2,"[""D_beijing"", ""D_tianjin""]","{""D_beijing"": 61.542742899418, ""D_tianjin"": 265.292164945202}",64734.5106,cn-jjj-100c-01-V2-LOCATIONS,D_beijing,True,61.542742899418,61578.637919999994,jjj
True,271.247101429675,186.07740450585,C019,417.0,2,"[""D_beijing"", ""D_tianjin""]","{""D_beijing"": 85.169696923825, ""D_tianjin"": 271.247101429675}",44435.72016,cn-jjj-100c-01-V2-LOCATIONS,D_beijing,True,85.169696923825,41878.12734,jjj
True,261.823175721484,204.75227509541799,C020,208.0,2,"[""D_beijing"", ""D_tianjin""]","{""D_beijing"": 57.070900626066006, ""D_tianjin"": 261.823175721484}",49299.11556,cn-jjj-100c-01-V2-LOCATIONS,D_beijing,True,57.070900626066006,46713.58308,jjj
True,253.18793072494,192.231731434542,C021,208.0,2,"[""D_beijing"", ""D_tianjin""]","{""D_beijing"": 60.956199290398, ""D_tianjin"": 253.18793072494}",47662.55868,cn-jjj-100c-01-V2-LOCATIONS,D_beijing,True,60.956199290398,45014.30304,jjj
True,276.50675034238503,204.80101045205504,C022,139.0,2,"[""D_beijing"", ""D_tianjin""]","{""D_beijing"": 71.70573989033001, ""D_tianjin"": 276.50675034238503}",54559.47762,cn-jjj-100c-01-V2-LOCATIONS,D_beijing,True,71.70573989033001,52042.58418,jjj
True,249.412340504484,165.25911384989502,C023,139.0,2,"[""D_beijing"", ""D_tianjin""]","{""D_beijing"": 84.153226654589, ""D_tianjin"": 249.412340504484}",44467.47306,cn-jjj-100c-01-V2-LOCATIONS,D_beijing,True,84.153226654589,42232.6425,jjj
True,246.075742840033,180.596157623406,C024,347.0,2,"[""D_beijing"", ""D_tianjin""]","{""D_beijing"": 65.479585216627, ""D_tianjin"": 246.075742840033}",61114.98588,cn-jjj-100c-01-V2-LOCATIONS,D_beijing,True,65.479585216627,58611.6813,jjj
True,241.873750620502,172.66235721693897,C025,208.0,2,"[""D_beijing"", ""D_tianjin""]","{""D_beijing"": 69.21139340356301, ""D_tianjin"": 241.873750620502}",53587.4859,cn-jjj-100c-01-V2-LOCATIONS,D_beijing,True,69.21139340356301,50357.18826,jjj
True,266.261914014073,208.189299035844,C026,417.0,2,"[""D_beijing"", ""D_tianjin""]","{""D_beijing"": 58.072614978229, ""D_tianjin"": 266.261914014073}",61581.35304,cn-jjj-100c-01-V2-LOCATIONS,D_beijing,True,58.072614978229,59597.18088,jjj
True,260.784923406841,202.31257232724002,C027,278.0,2,"[""D_beijing"", ""D_tianjin""]","{""D_beijing"": 58.472351079601005, ""D_tianjin"": 260.784923406841}",44473.54368,cn-jjj-100c-01-V2-LOCATIONS,D_beijing,True,58.472351079601005,41800.63008,jjj
True,268.64896163197596,208.19976027382995,C028,208.0,2,"[""D_beijing"", ""D_tianjin""]","{""D_beijing"": 60.449201358146, ""D_tianjin"": 268.64896163197596}",62769.34482,cn-jjj-100c-01-V2-LOCATIONS,D_beijing,True,60.449201358146,59907.92778,jjj
True,269.98920107022195,205.48216617293295,C029,417.0,2,"[""D_beijing"", ""D_tianjin""]","{""D_beijing"": 64.507034897289, ""D_tianjin"": 269.98920107022195}",60680.79492,cn-jjj-100c-01-V2-LOCATIONS,D_beijing,True,64.507034897289,58307.27496,jjj
True,241.209839743969,167.85174170201802,C030,417.0,2,"[""D_beijing"", ""D_tianjin""]","{""D_beijing"": 73.358098041951, ""D_tianjin"": 241.209839743969}",60775.31244,cn-jjj-100c-01-V2-LOCATIONS,D_beijing,True,73.358098041951,58850.95638,jjj
True,259.43287794139,188.67597232194004,C031,278.0,2,"[""D_beijing"", ""D_tianjin""]","{""D_beijing"": 70.75690561945, ""D_tianjin"": 259.43287794139}",50751.631680000006,cn-jjj-100c-01-V2-LOCATIONS,D_beijing,True,70.75690561945,48713.25048,jjj
True,269.609995394673,197.910754873057,C032,139.0,2,"[""D_beijing"", ""D_tianjin""]","{""D_beijing"": 71.699240521616, ""D_tianjin"": 269.609995394673}",51324.67056,cn-jjj-100c-01-V2-LOCATIONS,D_beijing,True,71.699240521616,48630.706079999996,jjj
True,252.55715072563902,191.984575152338,C033,417.0,2,"[""D_beijing"", ""D_tianjin""]","{""D_beijing"": 60.572575573301, ""D_tianjin"": 252.55715072563902}",53508.86406,cn-jjj-100c-01-V2-LOCATIONS,D_beijing,True,60.572575573301,50629.480559999996,jjj
True,282.17953850010093,207.91023403925095,C034,208.0,2,"[""D_beijing"", ""D_tianjin""]","{""D_beijing"": 74.26930446085, ""D_tianjin"": 282.17953850010093}",51549.54246,cn-jjj-100c-01-V2-LOCATIONS,D_beijing,True,74.26930446085,48703.37334,jjj
True,261.24015053590404,194.87421378720504,C035,139.0,2,"[""D_beijing"", ""D_tianjin""]","{""D_beijing"": 66.365936748699, ""D_tianjin"": 261.24015053590404}",52268.6034,cn-jjj-100c-01-V2-LOCATIONS,D_beijing,True,66.365936748699,49364.852459999995,jjj
True,280.384388648753,207.84331304298098,C036,278.0,2,"[""D_beijing"", ""D_tianjin""]","{""D_beijing"": 72.541075605772, ""D_tianjin"": 280.384388648753}",54304.7997,cn-jjj-100c-01-V2-LOCATIONS,D_beijing,True,72.541075605772,50926.47594,jjj
True,254.19934432575397,168.42991237388395,C037,208.0,2,"[""D_beijing"", ""D_tianjin""]","{""D_beijing"": 85.76943195187, ""D_tianjin"": 254.19934432575397}",50500.14462,cn-jjj-100c-01-V2-LOCATIONS,D_beijing,True,85.76943195187,47379.45888,jjj
True,262.289856784251,199.325959572288,C038,278.0,2,"[""D_beijing"", ""D_tianjin""]","{""D_beijing"": 62.96389721196301, ""D_tianjin"": 262.289856784251}",51925.2468,cn-jjj-100c-01-V2-LOCATIONS,D_beijing,True,62.96389721196301,50120.28372,jjj
True,256.356909901273,202.33053285190903,C039,208.0,2,"[""D_beijing"", ""D_tianjin""]","{""D_beijing"": 54.026377049364, ""D_tianjin"": 256.356909901273}",56952.042239999995,cn-jjj-100c-01-V2-LOCATIONS,D_beijing,True,54.026377049364,54029.81604,jjj
True,281.35851370865896,210.84312057178497,C040,139.0,2,"[""D_beijing"", ""D_tianjin""]","{""D_beijing"": 70.515393136874, ""D_tianjin"": 281.35851370865896}",47300.95866,cn-jjj-100c-01-V2-LOCATIONS,D_beijing,True,70.515393136874,43927.595519999995,jjj
True,253.54559803712797,194.78713240483899,C041,139.0,2,"[""D_beijing"", ""D_tianjin""]","{""D_beijing"": 58.758465632289, ""D_tianjin"": 253.54559803712797}",49266.4668,cn-jjj-100c-01-V2-LOCATIONS,D_beijing,True,58.758465632289,46209.09702,jjj
True,278.30808252937,205.66125565027096,C042,208.0,2,"[""D_beijing"", ""D_tianjin""]","{""D_beijing"": 72.64682687909901, ""D_tianjin"": 278.30808252937}",51369.71568,cn-jjj-100c-01-V2-LOCATIONS,D_beijing,True,72.64682687909901,48616.18854,jjj
True,258.67893044377604,187.79400335814205,C043,347.0,2,"[""D_beijing"", ""D_tianjin""]","{""D_beijing"": 70.884927085634, ""D_tianjin"": 258.67893044377604}",62627.74308000001,cn-jjj-100c-01-V2-LOCATIONS,D_beijing,True,70.884927085634,59297.71338,jjj
True,245.769973330861,166.445305594658,C044,278.0,2,"[""D_beijing"", ""D_tianjin""]","{""D_beijing"": 79.324667736203, ""D_tianjin"": 245.769973330861}",42614.335080000004,cn-jjj-100c-01-V2-LOCATIONS,D_beijing,True,79.324667736203,40067.05314,jjj
True,256.53497664567897,177.95489671141496,C045,139.0,2,"[""D_beijing"", ""D_tianjin""]","{""D_beijing"": 78.58007993426399, ""D_tianjin"": 256.53497664567897}",60708.77766,cn-jjj-100c-01-V2-LOCATIONS,D_beijing,True,78.58007993426399,57117.98784,jjj
True,265.97397054587395,190.48409099199796,C046,278.0,2,"[""D_beijing"", ""D_tianjin""]","{""D_beijing"": 75.48987955387601, ""D_tianjin"": 265.97397054587395}",51430.03938,cn-jjj-100c-01-V2-LOCATIONS,D_beijing,True,75.48987955387601,48057.82554,jjj
True,259.43287802959003,188.70505117452,C047,139.0,2,"[""D_beijing"", ""D_tianjin""]","{""D_beijing"": 70.72782685507, ""D_tianjin"": 259.43287802959003}",51480.67398,cn-jjj-100c-01-V2-LOCATIONS,D_beijing,True,70.72782685507,49188.47676,jjj
True,273.909755222734,199.74330270495602,C048,278.0,2,"[""D_beijing"", ""D_tianjin""]","{""D_beijing"": 74.166452517778, ""D_tianjin"": 273.909755222734}",45253.80654,cn-jjj-100c-01-V2-LOCATIONS,D_beijing,True,74.166452517778,43144.27512,jjj
True,263.488340927806,208.02183741693202,C049,139.0,2,"[""D_beijing"", ""D_tianjin""]","{""D_beijing"": 55.466503510874, ""D_tianjin"": 263.488340927806}",51774.95664,cn-jjj-100c-01-V2-LOCATIONS,D_beijing,True,55.466503510874,48445.17642,jjj
True,256.362967113023,168.551971598351,C050,208.0,2,"[""D_beijing"", ""D_tianjin""]","{""D_beijing"": 87.81099551467199, ""D_tianjin"": 256.362967113023}",55203.21288,cn-jjj-100c-01-V2-LOCATIONS,D_beijing,True,87.81099551467199,52685.404619999994,jjj
True,244.71403805942,179.72544268529902,C051,278.0,2,"[""D_beijing"", ""D_tianjin""]","{""D_beijing"": 64.98859537412099, ""D_tianjin"": 244.71403805942}",55734.01884,cn-jjj-100c-01-V2-LOCATIONS,D_beijing,True,64.98859537412099,52968.66,jjj
True,257.38964675945,175.144953365238,C052,208.0,2,"[""D_beijing"", ""D_tianjin""]","{""D_beijing"": 82.24469339421199, ""D_tianjin"": 257.38964675945}",60555.72288,cn-jjj-100c-01-V2-LOCATIONS,D_beijing,True,82.24469339421199,57519.57816,jjj
True,254.78399864318501,178.353289107254,C053,278.0,2,"[""D_beijing"", ""D_tianjin""]","{""D_beijing"": 76.430709535931, ""D_tianjin"": 254.78399864318501}",59908.903080000004,cn-jjj-100c-01-V2-LOCATIONS,D_beijing,True,76.430709535931,57027.710940000004,jjj
True,245.88556641689001,154.85422012829102,C054,139.0,2,"[""D_beijing"", ""D_tianjin""]","{""D_beijing"": 91.031346288599, ""D_tianjin"": 245.88556641689001}",59497.23366,cn-jjj-100c-01-V2-LOCATIONS,D_beijing,True,91.031346288599,55947.5274,jjj
True,266.51091017886796,178.45638036882497,C055,278.0,2,"[""D_beijing"", ""D_tianjin""]","{""D_beijing"": 88.054529810043, ""D_tianjin"": 266.51091017886796}",52815.327059999996,cn-jjj-100c-01-V2-LOCATIONS,D_beijing,True,88.054529810043,50770.86426,jjj
True,269.664835493127,188.349363092018,C056,139.0,2,"[""D_beijing"", ""D_tianjin""]","{""D_beijing"": 81.315472401109, ""D_tianjin"": 269.664835493127}",49222.9542,cn-jjj-100c-01-V2-LOCATIONS,D_beijing,True,81.315472401109,46024.43016,jjj
True,278.09345341514006,204.58670143688408,C057,208.0,2,"[""D_beijing"", ""D_tianjin""]","{""D_beijing"": 73.50675197825599, ""D_tianjin"": 278.09345341514006}",64002.357659999994,cn-jjj-100c-01-V2-LOCATIONS,D_beijing,True,73.50675197825599,60471.29946,jjj
True,259.689108244747,194.77909333746499,C058,278.0,2,"[""D_beijing"", ""D_tianjin""]","{""D_beijing"": 64.910014907282, ""D_tianjin"": 259.689108244747}",46923.592860000004,cn-jjj-100c-01-V2-LOCATIONS,D_beijing,True,64.910014907282,44009.09076,jjj
True,274.143090899752,201.094203901402,C059,417.0,2,"[""D_beijing"", ""D_tianjin""]","{""D_beijing"": 73.04888699835, ""D_tianjin"": 274.143090899752}",64514.64786,cn-jjj-100c-01-V2-LOCATIONS,D_beijing,True,73.04888699835,61672.975080000004,jjj
True,286.46982661787604,209.13193763911303,C060,347.0,2,"[""D_beijing"", ""D_tianjin""]","{""D_beijing"": 77.337888978763, ""D_tianjin"": 286.46982661787604}",46273.51344,cn-jjj-100c-01-V2-LOCATIONS,D_beijing,True,77.337888978763,44321.66562,jjj
True,280.496033907804,207.18410662183504,C061,417.0,2,"[""D_beijing"", ""D_tianjin""]","{""D_beijing"": 73.31192728596899, ""D_tianjin"": 280.496033907804}",51783.64524,cn-jjj-100c-01-V2-LOCATIONS,D_beijing,True,73.31192728596899,49190.18586,jjj
True,282.516352212689,210.27984173562302,C062,347.0,2,"[""D_beijing"", ""D_tianjin""]","{""D_beijing"": 72.23651047706599, ""D_tianjin"": 282.516352212689}",54456.34476,cn-jjj-100c-01-V2-LOCATIONS,D_beijing,True,72.23651047706599,51282.54342,jjj
True,280.870429827836,210.439195879873,C063,139.0,2,"[""D_beijing"", ""D_tianjin""]","{""D_beijing"": 70.43123394796301, ""D_tianjin"": 280.870429827836}",52441.61274,cn-jjj-100c-01-V2-LOCATIONS,D_beijing,True,70.43123394796301,50301.64062,jjj
True,253.694211768448,184.165455637092,C064,208.0,2,"[""D_beijing"", ""D_tianjin""]","{""D_beijing"": 69.528756131356, ""D_tianjin"": 253.694211768448}",50018.517960000005,cn-jjj-100c-01-V2-LOCATIONS,D_beijing,True,69.528756131356,47423.65266,jjj
True,260.789887883746,181.13901954799803,C065,347.0,2,"[""D_beijing"", ""D_tianjin""]","{""D_beijing"": 79.650868335748, ""D_tianjin"": 260.789887883746}",51015.29016,cn-jjj-100c-01-V2-LOCATIONS,D_beijing,True,79.650868335748,48481.56102,jjj
True,253.38701799741997,184.16545563709195,C066,278.0,2,"[""D_beijing"", ""D_tianjin""]","{""D_beijing"": 69.22156236032801, ""D_tianjin"": 253.38701799741997}",45536.447459999996,cn-jjj-100c-01-V2-LOCATIONS,D_beijing,True,69.22156236032801,43400.43318,jjj
True,252.771278764027,194.684523712785,C067,208.0,2,"[""D_beijing"", ""D_tianjin""]","{""D_beijing"": 58.086755051242, ""D_tianjin"": 252.771278764027}",47479.23294,cn-jjj-100c-01-V2-LOCATIONS,D_beijing,True,58.086755051242,44596.56678,jjj
True,260.587269497886,180.48482081134296,C068,208.0,2,"[""D_beijing"", ""D_tianjin""]","{""D_beijing"": 80.10244868654301, ""D_tianjin"": 260.587269497886}",57847.43262,cn-jjj-100c-01-V2-LOCATIONS,D_beijing,True,80.10244868654301,55287.8808,jjj
True,260.271026743467,206.721425024537,C069,278.0,2,"[""D_beijing"", ""D_tianjin""]","{""D_beijing"": 53.549601718930006, ""D_tianjin"": 260.271026743467}",62600.660579999996,cn-jjj-100c-01-V2-LOCATIONS,D_beijing,True,53.549601718930006,60719.82408,jjj
True,262.24565211557996,190.18361668882295,C070,347.0,2,"[""D_beijing"", ""D_tianjin""]","{""D_beijing"": 72.062035426757, ""D_tianjin"": 262.24565211557996}",55517.87922,cn-jjj-100c-01-V2-LOCATIONS,D_beijing,True,72.062035426757,53557.93872,jjj
True,282.28385367366695,210.21168823667296,C071,278.0,2,"[""D_beijing"", ""D_tianjin""]","{""D_beijing"": 72.072165436994, ""D_tianjin"": 282.28385367366695}",46950.35202,cn-jjj-100c-01-V2-LOCATIONS,D_beijing,True,72.072165436994,44475.4962,jjj
True,252.37755689213202,191.03356596598903,C072,139.0,2,"[""D_beijing"", ""D_tianjin""]","{""D_beijing"": 61.343990926143, ""D_tianjin"": 252.37755689213202}",44823.16686,cn-jjj-100c-01-V2-LOCATIONS,D_beijing,True,61.343990926143,42338.91624,jjj
True,283.188682116063,213.89568518764997,C073,278.0,2,"[""D_beijing"", ""D_tianjin""]","{""D_beijing"": 69.29299692841299, ""D_tianjin"": 283.188682116063}",55728.3156,cn-jjj-100c-01-V2-LOCATIONS,D_beijing,True,69.29299692841299,53635.88754,jjj
True,293.05488380623297,242.30929756925696,C074,417.0,2,"[""D_beijing"", ""D_tianjin""]","{""D_beijing"": 293.05488380623297, ""D_tianjin"": 50.745586236976}",65262.88854,cn-jjj-100c-01-V2-LOCATIONS,D_tianjin,True,50.745586236976,61984.533540000004,jjj
True,295.77912191195696,249.70244826578397,C075,208.0,2,"[""D_beijing"", ""D_tianjin""]","{""D_beijing"": 295.77912191195696, ""D_tianjin"": 46.076673646173006}",45336.1521,cn-jjj-100c-01-V2-LOCATIONS,D_tianjin,True,46.076673646173006,43218.36318,jjj
True,285.02672934189496,253.36410636402798,C076,278.0,2,"[""D_beijing"", ""D_tianjin""]","{""D_beijing"": 285.02672934189496, ""D_tianjin"": 31.662622977867002}",54516.68718,cn-jjj-100c-01-V2-LOCATIONS,D_tianjin,True,31.662622977867002,51200.79318,jjj
True,284.14451517844594,251.66167205416195,C077,139.0,2,"[""D_beijing"", ""D_tianjin""]","{""D_beijing"": 284.14451517844594, ""D_tianjin"": 32.482843124284}",53356.051739999995,cn-jjj-100c-01-V2-LOCATIONS,D_tianjin,True,32.482843124284,50428.151640000004,jjj
True,284.520438336491,251.86646259768798,C078,208.0,2,"[""D_beijing"", ""D_tianjin""]","{""D_beijing"": 284.520438336491, ""D_tianjin"": 32.653975738803}",48758.41782,cn-jjj-100c-01-V2-LOCATIONS,D_tianjin,True,32.653975738803,45540.60018,jjj
True,284.597331162558,253.09511916136802,C079,208.0,2,"[""D_beijing"", ""D_tianjin""]","{""D_beijing"": 284.597331162558, ""D_tianjin"": 31.50221200119}",46698.47268,cn-jjj-100c-01-V2-LOCATIONS,D_tianjin,True,31.50221200119,43548.79638,jjj
True,284.34394255644503,251.88991718540302,C080,208.0,2,"[""D_beijing"", ""D_tianjin""]","{""D_beijing"": 284.34394255644503, ""D_tianjin"": 32.454025371042}",56058.39294,cn-jjj-100c-01-V2-LOCATIONS,D_tianjin,True,32.454025371042,53851.71516,jjj
True,287.15462528336303,246.55910011275802,C081,208.0,2,"[""D_beijing"", ""D_tianjin""]","{""D_beijing"": 287.15462528336303, ""D_tianjin"": 40.595525170605}",51487.96062,cn-jjj-100c-01-V2-LOCATIONS,D_tianjin,True,40.595525170605,48473.7051,jjj
True,300.703726067995,252.52638799209697,C082,278.0,2,"[""D_beijing"", ""D_tianjin""]","{""D_beijing"": 300.703726067995, ""D_tianjin"": 48.17733807589801}",51275.64636,cn-jjj-100c-01-V2-LOCATIONS,D_tianjin,True,48.17733807589801,48079.92474,jjj
True,284.144515176386,251.661672054162,C083,347.0,2,"[""D_beijing"", ""D_tianjin""]","{""D_beijing"": 284.144515176386, ""D_tianjin"": 32.482843122224}",46542.40266,cn-jjj-100c-01-V2-LOCATIONS,D_tianjin,True,32.482843122224,44157.905040000005,jjj
True,298.60787312524104,248.92177739454203,C084,139.0,2,"[""D_beijing"", ""D_tianjin""]","{""D_beijing"": 298.60787312524104, ""D_tianjin"": 49.686095730699}",45065.47386,cn-jjj-100c-01-V2-LOCATIONS,D_tianjin,True,49.686095730699,42354.9807,jjj
True,284.728677850605,252.84173101979798,C085,278.0,2,"[""D_beijing"", ""D_tianjin""]","{""D_beijing"": 284.728677850605, ""D_tianjin"": 31.886946830807}",61739.095499999996,cn-jjj-100c-01-V2-LOCATIONS,D_tianjin,True,31.886946830807,58817.28318,jjj
True,289.433113726147,241.31676072040398,C086,347.0,2,"[""D_beijing"", ""D_tianjin""]","{""D_beijing"": 289.433113726147, ""D_tianjin"": 48.116353005743}",46453.560959999995,cn-jjj-100c-01-V2-LOCATIONS,D_tianjin,True,48.116353005743,43611.1728,jjj
True,296.58187323455894,252.79258328741093,C087,417.0,2,"[""D_beijing"", ""D_tianjin""]","{""D_beijing"": 296.58187323455894, ""D_tianjin"": 43.789289947148}",60775.31244,cn-jjj-100c-01-V2-LOCATIONS,D_tianjin,True,43.789289947148,58850.95638,jjj
True,284.728677833332,252.84173101979798,C088,278.0,2,"[""D_beijing"", ""D_tianjin""]","{""D_beijing"": 284.728677833332, ""D_tianjin"": 31.886946813534}",63791.44445999999,cn-jjj-100c-01-V2-LOCATIONS,D_tianjin,True,31.886946813534,61920.63540000001,jjj
True,296.24017962166596,238.80733237209796,C089,417.0,2,"[""D_beijing"", ""D_tianjin""]","{""D_beijing"": 296.24017962166596, ""D_tianjin"": 57.432847249568006}",48681.3186,cn-jjj-100c-01-V2-LOCATIONS,D_tianjin,True,57.432847249568006,46088.862839999994,jjj
True,297.594508933763,241.383113641164,C090,139.0,2,"[""D_beijing"", ""D_tianjin""]","{""D_beijing"": 297.594508933763, ""D_tianjin"": 56.211395292599}",59497.23366,cn-jjj-100c-01-V2-LOCATIONS,D_tianjin,True,56.211395292599,55947.5274,jjj
True,283.845904322316,251.363061198702,C091,139.0,2,"[""D_beijing"", ""D_tianjin""]","{""D_beijing"": 283.845904322316, ""D_tianjin"": 32.482843123614}",50980.635720000006,cn-jjj-100c-01-V2-LOCATIONS,D_tianjin,True,32.482843123614,48819.69186,jjj
True,284.343942572015,251.88991718540302,C092,347.0,2,"[""D_beijing"", ""D_tianjin""]","{""D_beijing"": 284.343942572015, ""D_tianjin"": 32.454025386611995}",49193.238,cn-jjj-100c-01-V2-LOCATIONS,D_tianjin,True,32.454025386611995,46433.3121,jjj
True,294.706837187887,251.04954241351902,C093,347.0,2,"[""D_beijing"", ""D_tianjin""]","{""D_beijing"": 294.706837187887, ""D_tianjin"": 43.657294774368}",47655.10284,cn-jjj-100c-01-V2-LOCATIONS,D_tianjin,True,43.657294774368,44749.975920000004,jjj
True,286.82821239189803,248.44601397901602,C094,208.0,2,"[""D_beijing"", ""D_tianjin""]","{""D_beijing"": 286.82821239189803, ""D_tianjin"": 38.382198412882005}",48962.275559999995,cn-jjj-100c-01-V2-LOCATIONS,D_tianjin,True,38.382198412882005,46819.699980000005,jjj
True,296.849559171331,250.080784313889,C095,347.0,2,"[""D_beijing"", ""D_tianjin""]","{""D_beijing"": 296.849559171331, ""D_tianjin"": 46.768774857442}",44753.850000000006,cn-jjj-100c-01-V2-LOCATIONS,D_tianjin,True,46.768774857442,42244.53138,jjj
True,298.041081676165,241.383113641164,C096,139.0,2,"[""D_beijing"", ""D_tianjin""]","{""D_beijing"": 298.041081676165, ""D_tianjin"": 56.657968035001005}",66347.89758,cn-jjj-100c-01-V2-LOCATIONS,D_tianjin,True,56.657968035001005,63021.96186,jjj
True,284.728677876835,252.84173101979798,C097,278.0,2,"[""D_beijing"", ""D_tianjin""]","{""D_beijing"": 284.728677876835, ""D_tianjin"": 31.886946857037}",63791.44445999999,cn-jjj-100c-01-V2-LOCATIONS,D_tianjin,True,31.886946857037,61920.63540000001,jjj
True,284.34394256036495,251.88991718540296,C098,139.0,2,"[""D_beijing"", ""D_tianjin""]","{""D_beijing"": 284.34394256036495, ""D_tianjin"": 32.454025374962}",57888.68772,cn-jjj-100c-01-V2-LOCATIONS,D_tianjin,True,32.454025374962,55235.23878,jjj
True,297.27973360702305,241.38311364116404,C099,139.0,2,"[""D_beijing"", ""D_tianjin""]","{""D_beijing"": 297.27973360702305, ""D_tianjin"": 55.896619965858996}",48670.09716,cn-jjj-100c-01-V2-LOCATIONS,D_tianjin,True,55.896619965858996,46293.921239999996,jjj
True,286.695575293242,248.16606395560996,C100,417.0,2,"[""D_beijing"", ""D_tianjin""]","{""D_beijing"": 286.695575293242, ""D_tianjin"": 38.529511337632}",58882.67832,cn-jjj-100c-01-V2-LOCATIONS,D_tianjin,True,38.529511337632,55337.916540000006,jjj
True,257.442506792319,201.95081284578004,C001,347.0,2,"[""D_beijing"", ""D_tianjin""]","{""D_beijing"": 55.491693946539, ""D_tianjin"": 257.442506792319}",51498.89604,cn-jjj-100c-02-V2-LOCATIONS,D_beijing,True,55.491693946539,49333.5402,jjj
True,265.149148769452,177.971222290733,C002,208.0,2,"[""D_beijing"", ""D_tianjin""]","{""D_beijing"": 87.17792647871899, ""D_tianjin"": 265.149148769452}",47034.84162,cn-jjj-100c-02-V2-LOCATIONS,D_beijing,True,87.17792647871899,43436.34258,jjj
True,259.69813196905,193.23991580323,C003,347.0,2,"[""D_beijing"", ""D_tianjin""]","{""D_beijing"": 66.45821616582, ""D_tianjin"": 259.69813196905}",44485.58262,cn-jjj-100c-02-V2-LOCATIONS,D_beijing,True,66.45821616582,42440.0856,jjj
True,285.471442243487,208.152932998368,C004,347.0,2,"[""D_beijing"", ""D_tianjin""]","{""D_beijing"": 77.318509245119, ""D_tianjin"": 285.471442243487}",52684.82226,cn-jjj-100c-02-V2-LOCATIONS,D_beijing,True,77.318509245119,50172.51948,jjj
True,282.49167956368905,210.27984173562305,C005,347.0,2,"[""D_beijing"", ""D_tianjin""]","{""D_beijing"": 72.211837828066, ""D_tianjin"": 282.49167956368905}",50347.72704,cn-jjj-100c-02-V2-LOCATIONS,D_beijing,True,72.211837828066,48040.1469,jjj
True,260.504205740146,180.694773820854,C006,139.0,2,"[""D_beijing"", ""D_tianjin""]","{""D_beijing"": 79.809431919292, ""D_tianjin"": 260.504205740146}",51730.58652,cn-jjj-100c-02-V2-LOCATIONS,D_beijing,True,79.809431919292,49351.19676,jjj
True,255.12804803222798,188.00144884756298,C007,347.0,2,"[""D_beijing"", ""D_tianjin""]","{""D_beijing"": 67.126599184665, ""D_tianjin"": 255.12804803222798}",58849.49364,cn-jjj-100c-02-V2-LOCATIONS,D_beijing,True,67.126599184665,55533.6153,jjj
True,273.417612675884,201.684915496004,C008,417.0,2,"[""D_beijing"", ""D_tianjin""]","{""D_beijing"": 71.73269717987999, ""D_tianjin"": 273.417612675884}",51775.9656,cn-jjj-100c-02-V2-LOCATIONS,D_beijing,True,71.73269717987999,49043.50032,jjj
True,261.223070493363,201.35058408591203,C009,347.0,2,"[""D_beijing"", ""D_tianjin""]","{""D_beijing"": 59.872486407451, ""D_tianjin"": 261.223070493363}",52313.23386,cn-jjj-100c-02-V2-LOCATIONS,D_beijing,True,59.872486407451,49380.17538,jjj
True,259.324250852513,201.50481966831998,C010,208.0,2,"[""D_beijing"", ""D_tianjin""]","{""D_beijing"": 57.819431184193, ""D_tianjin"": 259.324250852513}",44632.79682,cn-jjj-100c-02-V2-LOCATIONS,D_beijing,True,57.819431184193,42712.488600000004,jjj
True,268.13591995519204,189.81507587157304,C011,139.0,2,"[""D_beijing"", ""D_tianjin""]","{""D_beijing"": 78.320844083619, ""D_tianjin"": 268.13591995519204}",49221.7596,cn-jjj-100c-02-V2-LOCATIONS,D_beijing,True,78.320844083619,46820.4477,jjj
True,251.13618845932098,182.047912696935,C012,208.0,2,"[""D_beijing"", ""D_tianjin""]","{""D_beijing"": 69.088275762386, ""D_tianjin"": 251.13618845932098}",44632.79682,cn-jjj-100c-02-V2-LOCATIONS,D_beijing,True,69.088275762386,42712.488600000004,jjj
True,246.05071961829003,165.697795236805,C013,139.0,2,"[""D_beijing"", ""D_tianjin""]","{""D_beijing"": 80.35292438148501, ""D_tianjin"": 246.05071961829003}",48143.900819999995,cn-jjj-100c-02-V2-LOCATIONS,D_beijing,True,80.35292438148501,45190.36938,jjj
True,260.490275327741,202.31257232724002,C014,278.0,2,"[""D_beijing"", ""D_tianjin""]","{""D_beijing"": 58.177703000501005, ""D_tianjin"": 260.490275327741}",61739.095499999996,cn-jjj-100c-02-V2-LOCATIONS,D_beijing,True,58.177703000501005,58817.28318,jjj
True,259.40828080918,185.46094237866998,C015,139.0,2,"[""D_beijing"", ""D_tianjin""]","{""D_beijing"": 73.94733843051, ""D_tianjin"": 259.40828080918}",49364.38932,cn-jjj-100c-02-V2-LOCATIONS,D_beijing,True,73.94733843051,47344.611300000004,jjj
True,256.111829246245,180.23450189908402,C016,139.0,2,"[""D_beijing"", ""D_tianjin""]","{""D_beijing"": 75.877327347161, ""D_tianjin"": 256.111829246245}",51324.74592,cn-jjj-100c-02-V2-LOCATIONS,D_beijing,True,75.877327347161,49052.37048,jjj
True,269.063879091889,197.91075487305702,C017,139.0,2,"[""D_beijing"", ""D_tianjin""]","{""D_beijing"": 71.153124218832, ""D_tianjin"": 269.063879091889}",51031.709220000004,cn-jjj-100c-02-V2-LOCATIONS,D_beijing,True,71.153124218832,48771.365040000004,jjj
True,283.93582050219703,213.223083920377,C018,208.0,2,"[""D_beijing"", ""D_tianjin""]","{""D_beijing"": 70.71273658182001, ""D_tianjin"": 283.93582050219703}",58009.91706,cn-jjj-100c-02-V2-LOCATIONS,D_beijing,True,70.71273658182001,55342.607520000005,jjj
True,256.46968248300203,194.96690698915103,C019,139.0,2,"[""D_beijing"", ""D_tianjin""]","{""D_beijing"": 61.502775493851004, ""D_tianjin"": 256.46968248300203}",51170.740920000004,cn-jjj-100c-02-V2-LOCATIONS,D_beijing,True,61.502775493851004,49070.72268,jjj
True,256.02540951662803,173.78071612023604,C020,347.0,2,"[""D_beijing"", ""D_tianjin""]","{""D_beijing"": 82.24469339639198, ""D_tianjin"": 256.02540951662803}",52313.23386,cn-jjj-100c-02-V2-LOCATIONS,D_beijing,True,82.24469339639198,49380.17538,jjj
True,262.289856784251,199.325959572288,C021,208.0,2,"[""D_beijing"", ""D_tianjin""]","{""D_beijing"": 62.96389721196301, ""D_tianjin"": 262.289856784251}",65156.44512,cn-jjj-100c-02-V2-LOCATIONS,D_beijing,True,62.96389721196301,61941.0078,jjj
True,250.71919182241498,188.337442988112,C022,278.0,2,"[""D_beijing"", ""D_tianjin""]","{""D_beijing"": 62.381748834302996, ""D_tianjin"": 250.71919182241498}",60795.04818,cn-jjj-100c-02-V2-LOCATIONS,D_beijing,True,62.381748834302996,58012.3422,jjj
True,264.870414822717,178.793434561415,C023,347.0,2,"[""D_beijing"", ""D_tianjin""]","{""D_beijing"": 86.076980261302, ""D_tianjin"": 264.870414822717}",48500.680259999994,cn-jjj-100c-02-V2-LOCATIONS,D_beijing,True,86.076980261302,45566.5308,jjj
True,252.791029706848,182.86192005542,C024,278.0,2,"[""D_beijing"", ""D_tianjin""]","{""D_beijing"": 69.929109651428, ""D_tianjin"": 252.791029706848}",61487.89458,cn-jjj-100c-02-V2-LOCATIONS,D_beijing,True,69.929109651428,58637.15382,jjj
True,256.894684780295,201.11200135800598,C025,417.0,2,"[""D_beijing"", ""D_tianjin""]","{""D_beijing"": 55.782683422289004, ""D_tianjin"": 256.894684780295}",58735.36146,cn-jjj-100c-02-V2-LOCATIONS,D_beijing,True,55.782683422289004,56345.70096,jjj
True,262.297947596787,190.57370361552302,C026,417.0,2,"[""D_beijing"", ""D_tianjin""]","{""D_beijing"": 71.72424398126401, ""D_tianjin"": 262.297947596787}",58475.00688,cn-jjj-100c-02-V2-LOCATIONS,D_beijing,True,71.72424398126401,54907.56822,jjj
True,252.348262770894,178.10093448656198,C027,347.0,2,"[""D_beijing"", ""D_tianjin""]","{""D_beijing"": 74.247328284332, ""D_tianjin"": 252.348262770894}",52963.355939999994,cn-jjj-100c-02-V2-LOCATIONS,D_beijing,True,74.247328284332,49674.6177,jjj
True,258.11587442858104,177.88599268354602,C028,139.0,2,"[""D_beijing"", ""D_tianjin""]","{""D_beijing"": 80.229881745035, ""D_tianjin"": 258.11587442858104}",51324.74592,cn-jjj-100c-02-V2-LOCATIONS,D_beijing,True,80.229881745035,49052.37048,jjj
True,245.438564939348,177.953075227419,C029,278.0,2,"[""D_beijing"", ""D_tianjin""]","{""D_beijing"": 67.48548971192899, ""D_tianjin"": 245.438564939348}",52947.408,cn-jjj-100c-02-V2-LOCATIONS,D_beijing,True,67.48548971192899,50219.5122,jjj
True,272.271268959556,188.84420576572097,C030,139.0,2,"[""D_beijing"", ""D_tianjin""]","{""D_beijing"": 83.427063193835, ""D_tianjin"": 272.271268959556}",57888.68772,cn-jjj-100c-02-V2-LOCATIONS,D_beijing,True,83.427063193835,55235.23878,jjj
True,254.976676616328,178.424482743997,C031,139.0,2,"[""D_beijing"", ""D_tianjin""]","{""D_beijing"": 76.552193872331, ""D_tianjin"": 254.976676616328}",47161.046519999996,cn-jjj-100c-02-V2-LOCATIONS,D_beijing,True,76.552193872331,45232.01178,jjj
True,280.38407370834904,210.44875796651104,C032,208.0,2,"[""D_beijing"", ""D_tianjin""]","{""D_beijing"": 69.935315741838, ""D_tianjin"": 280.38407370834904}",56603.61852,cn-jjj-100c-02-V2-LOCATIONS,D_beijing,True,69.935315741838,54054.074400000005,jjj
True,272.810321067962,211.251878196486,C033,347.0,2,"[""D_beijing"", ""D_tianjin""]","{""D_beijing"": 61.558442871476, ""D_tianjin"": 272.810321067962}",63323.197980000004,cn-jjj-100c-02-V2-LOCATIONS,D_beijing,True,61.558442871476,60737.338560000004,jjj
True,270.41450624415,199.645342300128,C034,208.0,2,"[""D_beijing"", ""D_tianjin""]","{""D_beijing"": 70.769163944022, ""D_tianjin"": 270.41450624415}",53168.490900000004,cn-jjj-100c-02-V2-LOCATIONS,D_beijing,True,70.769163944022,50113.16394,jjj
True,259.43287800691,188.7055639412,C035,417.0,2,"[""D_beijing"", ""D_tianjin""]","{""D_beijing"": 70.72731406571, ""D_tianjin"": 259.43287800691}",46061.237219999995,cn-jjj-100c-02-V2-LOCATIONS,D_beijing,True,70.72731406571,43466.173200000005,jjj
True,265.693276205258,194.73460725900497,C036,347.0,2,"[""D_beijing"", ""D_tianjin""]","{""D_beijing"": 70.95866894625298, ""D_tianjin"": 265.693276205258}",45126.4533,cn-jjj-100c-02-V2-LOCATIONS,D_beijing,True,70.95866894625298,42326.67402,jjj
True,249.225308978216,174.858582633499,C037,278.0,2,"[""D_beijing"", ""D_tianjin""]","{""D_beijing"": 74.366726344717, ""D_tianjin"": 249.225308978216}",59914.29606,cn-jjj-100c-02-V2-LOCATIONS,D_beijing,True,74.366726344717,57423.5259,jjj
True,252.808349583128,191.50443967798702,C038,208.0,2,"[""D_beijing"", ""D_tianjin""]","{""D_beijing"": 61.303909905141, ""D_tianjin"": 252.808349583128}",52118.7645,cn-jjj-100c-02-V2-LOCATIONS,D_beijing,True,61.303909905141,48623.7741,jjj
True,278.215584209106,205.66125565027102,C039,139.0,2,"[""D_beijing"", ""D_tianjin""]","{""D_beijing"": 72.554328558835, ""D_tianjin"": 278.215584209106}",48545.393339999995,cn-jjj-100c-02-V2-LOCATIONS,D_beijing,True,72.554328558835,46281.4377,jjj
True,252.25917986432898,191.39860107789198,C040,208.0,2,"[""D_beijing"", ""D_tianjin""]","{""D_beijing"": 60.860578786437, ""D_tianjin"": 252.25917986432898}",58322.687640000004,cn-jjj-100c-02-V2-LOCATIONS,D_beijing,True,60.860578786437,56242.01064,jjj
True,259.43287793505,188.77601631150998,C041,417.0,2,"[""D_beijing"", ""D_tianjin""]","{""D_beijing"": 70.65686162354, ""D_tianjin"": 259.43287793505}",50993.94288,cn-jjj-100c-02-V2-LOCATIONS,D_beijing,True,70.65686162354,47873.397959999995,jjj
True,251.97745594250202,187.79400335814202,C042,208.0,2,"[""D_beijing"", ""D_tianjin""]","{""D_beijing"": 64.18345258436, ""D_tianjin"": 251.97745594250202}",51043.597200000004,cn-jjj-100c-02-V2-LOCATIONS,D_beijing,True,64.18345258436,48732.53796,jjj
True,260.545568681883,206.86721011124502,C043,278.0,2,"[""D_beijing"", ""D_tianjin""]","{""D_beijing"": 53.678358570638, ""D_tianjin"": 260.545568681883}",58207.603319999995,cn-jjj-100c-02-V2-LOCATIONS,D_beijing,True,53.678358570638,54640.39908,jjj
True,263.922503771336,198.92252017835398,C044,139.0,2,"[""D_beijing"", ""D_tianjin""]","{""D_beijing"": 64.99998359298199, ""D_tianjin"": 263.922503771336}",59387.29416,cn-jjj-100c-02-V2-LOCATIONS,D_beijing,True,64.99998359298199,56078.33628,jjj
True,251.950878086638,185.350408766056,C045,208.0,2,"[""D_beijing"", ""D_tianjin""]","{""D_beijing"": 66.600469320582, ""D_tianjin"": 251.950878086638}",49316.22858,cn-jjj-100c-02-V2-LOCATIONS,D_beijing,True,66.600469320582,46930.99896,jjj
True,270.204102691195,208.189299035844,C046,417.0,2,"[""D_beijing"", ""D_tianjin""]","{""D_beijing"": 62.014803655351, ""D_tianjin"": 270.204102691195}",51972.8727,cn-jjj-100c-02-V2-LOCATIONS,D_beijing,True,62.014803655351,49346.628,jjj
True,275.58735242898797,197.400516985435,C047,347.0,2,"[""D_beijing"", ""D_tianjin""]","{""D_beijing"": 78.186835443553, ""D_tianjin"": 275.58735242898797}",49782.70524,cn-jjj-100c-02-V2-LOCATIONS,D_beijing,True,78.186835443553,46300.48032,jjj
True,256.23041037473797,173.37721756953198,C048,347.0,2,"[""D_beijing"", ""D_tianjin""]","{""D_beijing"": 82.85319280520599, ""D_tianjin"": 256.23041037473797}",51135.85716,cn-jjj-100c-02-V2-LOCATIONS,D_beijing,True,82.85319280520599,48781.44294,jjj
True,274.39889624474597,206.52379688787198,C049,347.0,2,"[""D_beijing"", ""D_tianjin""]","{""D_beijing"": 67.875099356874, ""D_tianjin"": 274.39889624474597}",59746.62114,cn-jjj-100c-02-V2-LOCATIONS,D_beijing,True,67.875099356874,57478.49484,jjj
True,251.917063509891,190.483897437618,C050,278.0,2,"[""D_beijing"", ""D_tianjin""]","{""D_beijing"": 61.433166072273, ""D_tianjin"": 251.917063509891}",51725.68194,cn-jjj-100c-02-V2-LOCATIONS,D_beijing,True,61.433166072273,48471.72792,jjj
True,271.68276484218904,204.44793954286104,C051,417.0,2,"[""D_beijing"", ""D_tianjin""]","{""D_beijing"": 67.23482529932801, ""D_tianjin"": 271.68276484218904}",49841.028959999996,cn-jjj-100c-02-V2-LOCATIONS,D_beijing,True,67.23482529932801,46509.24018,jjj
True,244.62489076488,179.63629535306902,C052,417.0,2,"[""D_beijing"", ""D_tianjin""]","{""D_beijing"": 64.98859541181099, ""D_tianjin"": 244.62489076488}",64891.61556,cn-jjj-100c-02-V2-LOCATIONS,D_beijing,True,64.98859541181099,61654.74642,jjj
True,267.695780654705,211.25187819648602,C053,278.0,2,"[""D_beijing"", ""D_tianjin""]","{""D_beijing"": 56.443902458219, ""D_tianjin"": 267.695780654705}",44618.0679,cn-jjj-100c-02-V2-LOCATIONS,D_beijing,True,56.443902458219,42583.98942,jjj
True,252.57228054241597,187.79400335814196,C054,278.0,2,"[""D_beijing"", ""D_tianjin""]","{""D_beijing"": 64.778277184274, ""D_tianjin"": 252.57228054241597}",51600.67596,cn-jjj-100c-02-V2-LOCATIONS,D_beijing,True,64.778277184274,48876.726480000005,jjj
True,251.49085034224,187.79400335814202,C055,278.0,2,"[""D_beijing"", ""D_tianjin""]","{""D_beijing"": 63.696846984097995, ""D_tianjin"": 251.49085034224}",45019.297620000005,cn-jjj-100c-02-V2-LOCATIONS,D_beijing,True,63.696846984097995,43032.699720000004,jjj
True,251.807749265098,187.794003358142,C056,278.0,2,"[""D_beijing"", ""D_tianjin""]","{""D_beijing"": 64.013745906956, ""D_tianjin"": 251.807749265098}",46329.524339999996,cn-jjj-100c-02-V2-LOCATIONS,D_beijing,True,64.013745906956,43022.36652,jjj
True,275.468786926885,209.381280849159,C057,278.0,2,"[""D_beijing"", ""D_tianjin""]","{""D_beijing"": 66.08750607772599, ""D_tianjin"": 275.468786926885}",62117.75148,cn-jjj-100c-02-V2-LOCATIONS,D_beijing,True,66.08750607772599,58910.424,jjj
True,242.72748460850102,158.80105481297403,C058,208.0,2,"[""D_beijing"", ""D_tianjin""]","{""D_beijing"": 83.926429795527, ""D_tianjin"": 242.72748460850102}",45448.654200000004,cn-jjj-100c-02-V2-LOCATIONS,D_beijing,True,83.926429795527,42225.75942,jjj
True,260.27102692584504,206.72142502453704,C059,278.0,2,"[""D_beijing"", ""D_tianjin""]","{""D_beijing"": 53.549601901308, ""D_tianjin"": 260.27102692584504}",46626.528119999995,cn-jjj-100c-02-V2-LOCATIONS,D_beijing,True,53.549601901308,43390.45236,jjj
True,252.05306062981202,187.79400335814202,C060,347.0,2,"[""D_beijing"", ""D_tianjin""]","{""D_beijing"": 64.25905727167, ""D_tianjin"": 252.05306062981202}",46659.23094,cn-jjj-100c-02-V2-LOCATIONS,D_beijing,True,64.25905727167,44148.98214,jjj
True,260.974766711578,199.344263043765,C061,347.0,2,"[""D_beijing"", ""D_tianjin""]","{""D_beijing"": 61.630503667812995, ""D_tianjin"": 260.974766711578}",54357.75684,cn-jjj-100c-02-V2-LOCATIONS,D_beijing,True,61.630503667812995,51512.251019999996,jjj
True,259.283429169888,190.140409108229,C062,208.0,2,"[""D_beijing"", ""D_tianjin""]","{""D_beijing"": 69.14302006165899, ""D_tianjin"": 259.283429169888}",51845.013060000005,cn-jjj-100c-02-V2-LOCATIONS,D_beijing,True,69.14302006165899,48277.82316,jjj
True,259.44105563662,189.65191409439097,C063,347.0,2,"[""D_beijing"", ""D_tianjin""]","{""D_beijing"": 69.789141542229, ""D_tianjin"": 259.44105563662}",56355.46098,cn-jjj-100c-02-V2-LOCATIONS,D_beijing,True,69.789141542229,52972.9026,jjj
True,257.77744437328204,183.51870001425604,C064,347.0,2,"[""D_beijing"", ""D_tianjin""]","{""D_beijing"": 74.258744359026, ""D_tianjin"": 257.77744437328204}",48500.680259999994,cn-jjj-100c-02-V2-LOCATIONS,D_beijing,True,74.258744359026,45566.5308,jjj
True,240.873243411901,160.80200572113802,C065,139.0,2,"[""D_beijing"", ""D_tianjin""]","{""D_beijing"": 80.071237690763, ""D_tianjin"": 240.873243411901}",47379.038519999995,cn-jjj-100c-02-V2-LOCATIONS,D_beijing,True,80.071237690763,44023.63032,jjj
True,276.398939657034,203.112883699922,C066,208.0,2,"[""D_beijing"", ""D_tianjin""]","{""D_beijing"": 73.286055957112, ""D_tianjin"": 276.398939657034}",47931.5214,cn-jjj-100c-02-V2-LOCATIONS,D_beijing,True,73.286055957112,45875.98818,jjj
True,246.139798318087,182.29649771668,C067,278.0,2,"[""D_beijing"", ""D_tianjin""]","{""D_beijing"": 63.843300601406995, ""D_tianjin"": 246.139798318087}",44331.33498,cn-jjj-100c-02-V2-LOCATIONS,D_beijing,True,63.843300601406995,41067.324,jjj
True,280.417849107269,210.44875796651098,C068,278.0,2,"[""D_beijing"", ""D_tianjin""]","{""D_beijing"": 69.969091140758, ""D_tianjin"": 280.417849107269}",46898.333099999996,cn-jjj-100c-02-V2-LOCATIONS,D_beijing,True,69.969091140758,43671.3033,jjj
True,267.660001682267,211.25187819648602,C069,417.0,2,"[""D_beijing"", ""D_tianjin""]","{""D_beijing"": 56.408123485781005, ""D_tianjin"": 267.660001682267}",59544.05988,cn-jjj-100c-02-V2-LOCATIONS,D_beijing,True,56.408123485781005,56862.09612,jjj
True,251.572341703518,187.794003358142,C070,139.0,2,"[""D_beijing"", ""D_tianjin""]","{""D_beijing"": 63.77833834537601, ""D_tianjin"": 251.572341703518}",46414.11432,cn-jjj-100c-02-V2-LOCATIONS,D_beijing,True,63.77833834537601,43594.29576,jjj
True,266.608884249219,193.768948764817,C071,139.0,2,"[""D_beijing"", ""D_tianjin""]","{""D_beijing"": 72.83993548440199, ""D_tianjin"": 266.608884249219}",62124.561720000005,cn-jjj-100c-02-V2-LOCATIONS,D_beijing,True,72.83993548440199,59129.1459,jjj
True,261.934204140739,173.18833506891698,C072,347.0,2,"[""D_beijing"", ""D_tianjin""]","{""D_beijing"": 88.745869071822, ""D_tianjin"": 261.934204140739}",62330.6319,cn-jjj-100c-02-V2-LOCATIONS,D_beijing,True,88.745869071822,59257.247279999996,jjj
True,263.395063525356,204.752275095418,C073,139.0,2,"[""D_beijing"", ""D_tianjin""]","{""D_beijing"": 58.642788429938, ""D_tianjin"": 263.395063525356}",43797.39,cn-jjj-100c-02-V2-LOCATIONS,D_beijing,True,58.642788429938,41035.58496,jjj
True,297.05457145642305,241.38311364116404,C074,278.0,2,"[""D_beijing"", ""D_tianjin""]","{""D_beijing"": 297.05457145642305, ""D_tianjin"": 55.671457815259}",50448.6666,cn-jjj-100c-02-V2-LOCATIONS,D_tianjin,True,55.671457815259,47748.35004,jjj
True,284.69919132035005,250.34449462987206,C075,278.0,2,"[""D_beijing"", ""D_tianjin""]","{""D_beijing"": 284.69919132035005, ""D_tianjin"": 34.354696690478}",58374.39576,cn-jjj-100c-02-V2-LOCATIONS,D_tianjin,True,34.354696690478,55670.87844,jjj
True,289.338406926028,243.33936008379897,C076,208.0,2,"[""D_beijing"", ""D_tianjin""]","{""D_beijing"": 289.338406926028, ""D_tianjin"": 45.999046842229}",50773.325039999996,cn-jjj-100c-02-V2-LOCATIONS,D_tianjin,True,45.999046842229,48198.18612,jjj
True,297.581293108223,241.38311364116402,C077,278.0,2,"[""D_beijing"", ""D_tianjin""]","{""D_beijing"": 297.581293108223, ""D_tianjin"": 56.198179467059}",61739.095499999996,cn-jjj-100c-02-V2-LOCATIONS,D_tianjin,True,56.198179467059,58817.28318,jjj
True,288.351634440526,246.77835776381602,C078,347.0,2,"[""D_beijing"", ""D_tianjin""]","{""D_beijing"": 288.351634440526, ""D_tianjin"": 41.573276676709995}",47353.3671,cn-jjj-100c-02-V2-LOCATIONS,D_tianjin,True,41.573276676709995,44271.62724,jjj
True,297.53554095323096,241.38311364116396,C079,139.0,2,"[""D_beijing"", ""D_tianjin""]","{""D_beijing"": 297.53554095323096, ""D_tianjin"": 56.152427312067}",54960.43194,cn-jjj-100c-02-V2-LOCATIONS,D_tianjin,True,56.152427312067,53044.65456,jjj
True,291.00953605781797,248.04069906767398,C080,278.0,2,"[""D_beijing"", ""D_tianjin""]","{""D_beijing"": 291.00953605781797, ""D_tianjin"": 42.968836990144}",51471.210360000005,cn-jjj-100c-02-V2-LOCATIONS,D_tianjin,True,42.968836990144,48869.25408,jjj
True,291.745468286426,239.23851198454,C081,208.0,2,"[""D_beijing"", ""D_tianjin""]","{""D_beijing"": 291.745468286426, ""D_tianjin"": 52.506956301886}",51814.64238,cn-jjj-100c-02-V2-LOCATIONS,D_tianjin,True,52.506956301886,49368.2652,jjj
True,298.29115336121396,244.02476725100394,C082,417.0,2,"[""D_beijing"", ""D_tianjin""]","{""D_beijing"": 298.29115336121396, ""D_tianjin"": 54.26638611021001}",52003.38708,cn-jjj-100c-02-V2-LOCATIONS,D_tianjin,True,54.26638611021001,49970.1117,jjj
True,297.337918954263,241.383113641164,C083,139.0,2,"[""D_beijing"", ""D_tianjin""]","{""D_beijing"": 297.337918954263, ""D_tianjin"": 55.954805313099}",58751.17565999999,cn-jjj-100c-02-V2-LOCATIONS,D_tianjin,True,55.954805313099,56414.9166,jjj
True,294.706837142747,251.04954241351902,C084,278.0,2,"[""D_beijing"", ""D_tianjin""]","{""D_beijing"": 294.706837142747, ""D_tianjin"": 43.657294729228}",52368.68892,cn-jjj-100c-02-V2-LOCATIONS,D_tianjin,True,43.657294729228,48846.64428,jjj
True,298.291153615013,244.024767251004,C085,208.0,2,"[""D_beijing"", ""D_tianjin""]","{""D_beijing"": 298.291153615013, ""D_tianjin"": 54.266386364009}",48419.93298,cn-jjj-100c-02-V2-LOCATIONS,D_tianjin,True,54.266386364009,45236.5281,jjj
True,282.478953996583,248.84671738771902,C086,278.0,2,"[""D_beijing"", ""D_tianjin""]","{""D_beijing"": 282.478953996583, ""D_tianjin"": 33.632236608864}",52531.598340000004,cn-jjj-100c-02-V2-LOCATIONS,D_tianjin,True,33.632236608864,49717.13838,jjj
True,291.88605792858,249.493821614144,C087,417.0,2,"[""D_beijing"", ""D_tianjin""]","{""D_beijing"": 291.88605792858, ""D_tianjin"": 42.392236314436}",47134.40298,cn-jjj-100c-02-V2-LOCATIONS,D_tianjin,True,42.392236314436,44876.96988,jjj
True,296.55904275815203,238.37964522394805,C088,417.0,2,"[""D_beijing"", ""D_tianjin""]","{""D_beijing"": 296.55904275815203, ""D_tianjin"": 58.17939753420399}",51972.8727,cn-jjj-100c-02-V2-LOCATIONS,D_tianjin,True,58.17939753420399,49346.628,jjj
True,284.728677833625,252.841731019798,C089,347.0,2,"[""D_beijing"", ""D_tianjin""]","{""D_beijing"": 284.728677833625, ""D_tianjin"": 31.886946813827002}",52642.9161,cn-jjj-100c-02-V2-LOCATIONS,D_tianjin,True,31.886946813827002,49328.220420000005,jjj
True,296.761145530759,252.792583287411,C090,278.0,2,"[""D_beijing"", ""D_tianjin""]","{""D_beijing"": 296.761145530759, ""D_tianjin"": 43.968562243348}",56163.43758,cn-jjj-100c-02-V2-LOCATIONS,D_tianjin,True,43.968562243348,53707.949819999994,jjj
True,302.454558916846,251.901344818925,C091,278.0,2,"[""D_beijing"", ""D_tianjin""]","{""D_beijing"": 302.454558916846, ""D_tianjin"": 50.55321409792099}",57869.2089,cn-jjj-100c-02-V2-LOCATIONS,D_tianjin,True,50.55321409792099,55187.58324,jjj
True,282.478953987693,248.846717387719,C092,417.0,2,"[""D_beijing"", ""D_tianjin""]","{""D_beijing"": 282.478953987693, ""D_tianjin"": 33.632236599974}",63108.43061999999,cn-jjj-100c-02-V2-LOCATIONS,D_tianjin,True,33.632236599974,60792.67296,jjj
True,288.34569876529696,248.04069906767396,C093,347.0,2,"[""D_beijing"", ""D_tianjin""]","{""D_beijing"": 288.34569876529696, ""D_tianjin"": 40.304999697623}",53840.52768,cn-jjj-100c-02-V2-LOCATIONS,D_tianjin,True,40.304999697623,51945.636300000006,jjj
True,295.779121912107,249.70244826578397,C094,417.0,2,"[""D_beijing"", ""D_tianjin""]","{""D_beijing"": 295.779121912107, ""D_tianjin"": 46.076673646322995}",50124.390660000005,cn-jjj-100c-02-V2-LOCATIONS,D_tianjin,True,46.076673646322995,46562.21298,jjj
True,293.495290379757,249.121152380392,C095,139.0,2,"[""D_beijing"", ""D_tianjin""]","{""D_beijing"": 293.495290379757, ""D_tianjin"": 44.374137999365004}",58992.77322,cn-jjj-100c-02-V2-LOCATIONS,D_tianjin,True,44.374137999365004,57082.72902,jjj
True,296.66362291247896,252.79258328741096,C096,278.0,2,"[""D_beijing"", ""D_tianjin""]","{""D_beijing"": 296.66362291247896, ""D_tianjin"": 43.871039625068}",65637.16331999999,cn-jjj-100c-02-V2-LOCATIONS,D_tianjin,True,43.871039625068,63064.53516,jjj
True,298.29115324301097,244.02476725100396,C097,347.0,2,"[""D_beijing"", ""D_tianjin""]","{""D_beijing"": 298.29115324301097, ""D_tianjin"": 54.266385992006995}",56332.74582,cn-jjj-100c-02-V2-LOCATIONS,D_tianjin,True,54.266385992006995,53915.56926,jjj
True,295.779121932357,249.70244826578397,C098,139.0,2,"[""D_beijing"", ""D_tianjin""]","{""D_beijing"": 295.779121932357, ""D_tianjin"": 46.076673666573}",46357.95372,cn-jjj-100c-02-V2-LOCATIONS,D_tianjin,True,46.076673666573,43536.410820000005,jjj
True,300.76505268745495,245.73172933257894,C099,208.0,2,"[""D_beijing"", ""D_tianjin""]","{""D_beijing"": 300.76505268745495, ""D_tianjin"": 55.033323354876}",63115.78686,cn-jjj-100c-02-V2-LOCATIONS,D_tianjin,True,55.033323354876,60779.951759999996,jjj
True,296.62541388373904,252.79258328741105,C100,417.0,2,"[""D_beijing"", ""D_tianjin""]","{""D_beijing"": 296.62541388373904, ""D_tianjin"": 43.832830596328}",51814.77306,cn-jjj-100c-02-V2-LOCATIONS,D_tianjin,True,43.832830596328,48885.22524,jjj
True,260.520684861601,199.344263043765,C001,417.0,2,"[""D_beijing"", ""D_tianjin""]","{""D_beijing"": 61.176421817836, ""D_tianjin"": 260.520684861601}",48908.0655,cn-jjj-100c-03-V2-LOCATIONS,D_beijing,True,61.176421817836,46782.07578,jjj
True,256.83572443698597,185.661651169346,C002,347.0,2,"[""D_beijing"", ""D_tianjin""]","{""D_beijing"": 71.17407326764, ""D_tianjin"": 256.83572443698597}",50028.11982,cn-jjj-100c-03-V2-LOCATIONS,D_beijing,True,71.17407326764,46479.466440000004,jjj
True,259.984559386419,160.80191226955196,C003,417.0,2,"[""D_beijing"", ""D_tianjin""]","{""D_beijing"": 99.18264711686702, ""D_tianjin"": 259.984559386419}",47434.105500000005,cn-jjj-100c-03-V2-LOCATIONS,D_beijing,True,99.18264711686702,45551.07426,jjj
True,268.258494128505,202.282123241252,C004,139.0,2,"[""D_beijing"", ""D_tianjin""]","{""D_beijing"": 65.976370887253, ""D_tianjin"": 268.258494128505}",53086.731,cn-jjj-100c-03-V2-LOCATIONS,D_beijing,True,65.976370887253,50430.21228,jjj
True,253.290529099547,169.446502033418,C005,347.0,2,"[""D_beijing"", ""D_tianjin""]","{""D_beijing"": 83.844027066129, ""D_tianjin"": 253.290529099547}",50951.04468,cn-jjj-100c-03-V2-LOCATIONS,D_beijing,True,83.844027066129,47949.02838,jjj
True,256.387562170419,174.576690974898,C006,278.0,2,"[""D_beijing"", ""D_tianjin""]","{""D_beijing"": 81.810871195521, ""D_tianjin"": 256.387562170419}",52082.89134,cn-jjj-100c-03-V2-LOCATIONS,D_beijing,True,81.810871195521,50258.14512,jjj
True,276.313224858196,208.950641262856,C007,139.0,2,"[""D_beijing"", ""D_tianjin""]","{""D_beijing"": 67.36258359534, ""D_tianjin"": 276.313224858196}",56388.54366,cn-jjj-100c-03-V2-LOCATIONS,D_beijing,True,67.36258359534,54086.68356,jjj
True,256.159046582485,177.13340445834103,C008,278.0,2,"[""D_beijing"", ""D_tianjin""]","{""D_beijing"": 79.025642124144, ""D_tianjin"": 256.159046582485}",64388.99982,cn-jjj-100c-03-V2-LOCATIONS,D_beijing,True,79.025642124144,62230.888439999995,jjj
True,267.66000170702705,211.25187819648605,C009,208.0,2,"[""D_beijing"", ""D_tianjin""]","{""D_beijing"": 56.408123510541, ""D_tianjin"": 267.66000170702705}",50962.41456,cn-jjj-100c-03-V2-LOCATIONS,D_beijing,True,56.408123510541,47803.5603,jjj
True,266.152900793473,193.266584950023,C010,347.0,2,"[""D_beijing"", ""D_tianjin""]","{""D_beijing"": 72.88631584344999, ""D_tianjin"": 266.152900793473}",57283.1757,cn-jjj-100c-03-V2-LOCATIONS,D_beijing,True,72.88631584344999,54472.52172,jjj
True,269.661900843061,186.884632606577,C011,347.0,2,"[""D_beijing"", ""D_tianjin""]","{""D_beijing"": 82.777268236484, ""D_tianjin"": 269.661900843061}",57554.16648,cn-jjj-100c-03-V2-LOCATIONS,D_beijing,True,82.777268236484,55257.312719999994,jjj
True,282.283088619457,210.27984173562297,C012,278.0,2,"[""D_beijing"", ""D_tianjin""]","{""D_beijing"": 72.00324688383401, ""D_tianjin"": 282.283088619457}",51430.03938,cn-jjj-100c-03-V2-LOCATIONS,D_beijing,True,72.00324688383401,48057.82554,jjj
True,263.593251397539,206.403209674118,C013,208.0,2,"[""D_beijing"", ""D_tianjin""]","{""D_beijing"": 57.190041723421004, ""D_tianjin"": 263.593251397539}",48994.51278,cn-jjj-100c-03-V2-LOCATIONS,D_beijing,True,57.190041723421004,45668.46966,jjj
True,259.948614041677,191.419768758442,C014,208.0,2,"[""D_beijing"", ""D_tianjin""]","{""D_beijing"": 68.528845283235, ""D_tianjin"": 259.948614041677}",45789.71964,cn-jjj-100c-03-V2-LOCATIONS,D_beijing,True,68.528845283235,42293.834220000004,jjj
True,261.302323207615,209.213582436545,C015,347.0,2,"[""D_beijing"", ""D_tianjin""]","{""D_beijing"": 52.08874077107001, ""D_tianjin"": 261.302323207615}",52169.01102,cn-jjj-100c-03-V2-LOCATIONS,D_beijing,True,52.08874077107001,49125.1086,jjj
True,265.464701355292,201.813116366451,C016,347.0,2,"[""D_beijing"", ""D_tianjin""]","{""D_beijing"": 63.651584988841, ""D_tianjin"": 265.464701355292}",47069.670959999996,cn-jjj-100c-03-V2-LOCATIONS,D_beijing,True,63.651584988841,44654.85336,jjj
True,268.692659051553,179.613784046714,C017,417.0,2,"[""D_beijing"", ""D_tianjin""]","{""D_beijing"": 89.078875004839, ""D_tianjin"": 268.692659051553}",51775.9656,cn-jjj-100c-03-V2-LOCATIONS,D_beijing,True,89.078875004839,49043.50032,jjj
True,252.370055171936,187.794003358142,C018,347.0,2,"[""D_beijing"", ""D_tianjin""]","{""D_beijing"": 64.576051813794, ""D_tianjin"": 252.370055171936}",49530.43212,cn-jjj-100c-03-V2-LOCATIONS,D_beijing,True,64.576051813794,47250.79686,jjj
True,263.753799896798,204.75227509541799,C019,278.0,2,"[""D_beijing"", ""D_tianjin""]","{""D_beijing"": 59.00152480138, ""D_tianjin"": 263.753799896798}",45091.47576,cn-jjj-100c-03-V2-LOCATIONS,D_beijing,True,59.00152480138,43137.54084,jjj
True,244.444761178952,179.971325174916,C020,347.0,2,"[""D_beijing"", ""D_tianjin""]","{""D_beijing"": 64.473436004036, ""D_tianjin"": 244.444761178952}",48413.9421,cn-jjj-100c-03-V2-LOCATIONS,D_beijing,True,64.473436004036,46005.67002,jjj
True,261.642586814272,187.641161944543,C021,417.0,2,"[""D_beijing"", ""D_tianjin""]","{""D_beijing"": 74.00142486972901, ""D_tianjin"": 261.642586814272}",63712.621979999996,cn-jjj-100c-03-V2-LOCATIONS,D_beijing,True,74.00142486972901,61419.49194,jjj
True,257.329031460627,199.34426304376498,C022,417.0,2,"[""D_beijing"", ""D_tianjin""]","{""D_beijing"": 57.984768416862, ""D_tianjin"": 257.329031460627}",50342.1234,cn-jjj-100c-03-V2-LOCATIONS,D_beijing,True,57.984768416862,47200.59564,jjj
True,257.94389579266897,202.45238383847595,C023,139.0,2,"[""D_beijing"", ""D_tianjin""]","{""D_beijing"": 55.491511954193, ""D_tianjin"": 257.94389579266897}",48745.19964,cn-jjj-100c-03-V2-LOCATIONS,D_beijing,True,55.491511954193,45716.9337,jjj
True,261.823175742864,204.752275095418,C024,139.0,2,"[""D_beijing"", ""D_tianjin""]","{""D_beijing"": 57.070900647446, ""D_tianjin"": 261.823175742864}",62345.40162,cn-jjj-100c-03-V2-LOCATIONS,D_beijing,True,57.070900647446,59559.92868,jjj
True,265.29180494480204,194.88749877780805,C025,417.0,2,"[""D_beijing"", ""D_tianjin""]","{""D_beijing"": 70.404306166994, ""D_tianjin"": 265.29180494480204}",63108.43061999999,cn-jjj-100c-03-V2-LOCATIONS,D_beijing,True,70.404306166994,60792.67296,jjj
True,282.008121874593,208.88150441318697,C026,417.0,2,"[""D_beijing"", ""D_tianjin""]","{""D_beijing"": 73.126617461406, ""D_tianjin"": 282.008121874593}",50317.569240000004,cn-jjj-100c-03-V2-LOCATIONS,D_beijing,True,73.126617461406,47665.1274,jjj
True,241.904239132744,167.006002237146,C027,139.0,2,"[""D_beijing"", ""D_tianjin""]","{""D_beijing"": 74.898236895598, ""D_tianjin"": 241.904239132744}",55685.20896,cn-jjj-100c-03-V2-LOCATIONS,D_beijing,True,74.898236895598,53348.49264,jjj
True,263.905000863728,195.048118389314,C028,347.0,2,"[""D_beijing"", ""D_tianjin""]","{""D_beijing"": 68.856882474414, ""D_tianjin"": 263.905000863728}",50877.16842,cn-jjj-100c-03-V2-LOCATIONS,D_beijing,True,68.856882474414,48918.71052,jjj
True,243.083765155973,167.238136045067,C029,139.0,2,"[""D_beijing"", ""D_tianjin""]","{""D_beijing"": 75.84562911090602, ""D_tianjin"": 243.083765155973}",64400.59217999999,cn-jjj-100c-03-V2-LOCATIONS,D_beijing,True,75.84562911090602,61193.80206,jjj
True,256.01934918185503,176.82344188547205,C030,208.0,2,"[""D_beijing"", ""D_tianjin""]","{""D_beijing"": 79.195907296383, ""D_tianjin"": 256.01934918185503}",49333.60506,cn-jjj-100c-03-V2-LOCATIONS,D_beijing,True,79.195907296383,46388.0331,jjj
True,282.14345649245496,209.97451752040297,C031,208.0,2,"[""D_beijing"", ""D_tianjin""]","{""D_beijing"": 72.168938972052, ""D_tianjin"": 282.14345649245496}",56946.05646,cn-jjj-100c-03-V2-LOCATIONS,D_beijing,True,72.168938972052,54709.34166,jjj
True,256.534976658079,177.95489671141502,C032,417.0,2,"[""D_beijing"", ""D_tianjin""]","{""D_beijing"": 78.58007994666399, ""D_tianjin"": 256.534976658079}",50977.48812,cn-jjj-100c-03-V2-LOCATIONS,D_beijing,True,78.58007994666399,48327.24264,jjj
True,265.464701370242,201.81311636645097,C033,278.0,2,"[""D_beijing"", ""D_tianjin""]","{""D_beijing"": 63.651585003791, ""D_tianjin"": 265.464701370242}",52815.327059999996,cn-jjj-100c-03-V2-LOCATIONS,D_beijing,True,63.651585003791,50770.86426,jjj
True,272.72535847246206,201.79416310983308,C034,347.0,2,"[""D_beijing"", ""D_tianjin""]","{""D_beijing"": 70.93119536262898, ""D_tianjin"": 272.72535847246206}",56471.41332,cn-jjj-100c-03-V2-LOCATIONS,D_beijing,True,70.93119536262898,53712.55068,jjj
True,250.63375915886897,187.90743989068795,C035,208.0,2,"[""D_beijing"", ""D_tianjin""]","{""D_beijing"": 62.726319268181, ""D_tianjin"": 250.63375915886897}",50724.44046,cn-jjj-100c-03-V2-LOCATIONS,D_beijing,True,62.726319268181,47643.378,jjj
True,274.609814292742,202.419180202956,C036,139.0,2,"[""D_beijing"", ""D_tianjin""]","{""D_beijing"": 72.190634089786, ""D_tianjin"": 274.609814292742}",60096.1044,cn-jjj-100c-03-V2-LOCATIONS,D_beijing,True,72.190634089786,58272.85164,jjj
True,260.490275473743,202.31257232724,C037,208.0,2,"[""D_beijing"", ""D_tianjin""]","{""D_beijing"": 58.177703146503, ""D_tianjin"": 260.490275473743}",47822.53128,cn-jjj-100c-03-V2-LOCATIONS,D_beijing,True,58.177703146503,44719.90116,jjj
True,245.006556295713,160.615814755818,C038,208.0,2,"[""D_beijing"", ""D_tianjin""]","{""D_beijing"": 84.390741539895, ""D_tianjin"": 245.006556295713}",60612.92652,cn-jjj-100c-03-V2-LOCATIONS,D_beijing,True,84.390741539895,57501.8169,jjj
True,258.95430320454903,202.33109852150403,C039,208.0,2,"[""D_beijing"", ""D_tianjin""]","{""D_beijing"": 56.623204683044996, ""D_tianjin"": 258.95430320454903}",48117.701819999995,cn-jjj-100c-03-V2-LOCATIONS,D_beijing,True,56.623204683044996,46125.90144,jjj
True,251.54373376276,187.79400335814202,C040,208.0,2,"[""D_beijing"", ""D_tianjin""]","{""D_beijing"": 63.749730404618, ""D_tianjin"": 251.54373376276}",52706.97809999999,cn-jjj-100c-03-V2-LOCATIONS,D_beijing,True,63.749730404618,49629.05184,jjj
True,280.360273971571,212.54583242717104,C041,139.0,2,"[""D_beijing"", ""D_tianjin""]","{""D_beijing"": 67.8144415444, ""D_tianjin"": 280.360273971571}",48434.33154,cn-jjj-100c-03-V2-LOCATIONS,D_beijing,True,67.8144415444,45512.6457,jjj
True,259.081582018803,178.91892394756198,C042,139.0,2,"[""D_beijing"", ""D_tianjin""]","{""D_beijing"": 80.162658071241, ""D_tianjin"": 259.081582018803}",63271.019819999994,cn-jjj-100c-03-V2-LOCATIONS,D_beijing,True,80.162658071241,60734.39256,jjj
True,260.86434283049397,205.54171141408898,C043,347.0,2,"[""D_beijing"", ""D_tianjin""]","{""D_beijing"": 55.322631416404995, ""D_tianjin"": 260.86434283049397}",48413.9421,cn-jjj-100c-03-V2-LOCATIONS,D_beijing,True,55.322631416404995,46005.67002,jjj
True,262.31544151201996,190.25340606371296,C044,139.0,2,"[""D_beijing"", ""D_tianjin""]","{""D_beijing"": 72.062035448307, ""D_tianjin"": 262.31544151201996}",50840.11236,cn-jjj-100c-03-V2-LOCATIONS,D_beijing,True,72.062035448307,48516.50838,jjj
True,263.845025023848,195.04811838931397,C045,278.0,2,"[""D_beijing"", ""D_tianjin""]","{""D_beijing"": 68.79690663453401, ""D_tianjin"": 263.845025023848}",50398.87968,cn-jjj-100c-03-V2-LOCATIONS,D_beijing,True,68.79690663453401,48455.46774,jjj
True,265.653076040735,188.463673553153,C046,347.0,2,"[""D_beijing"", ""D_tianjin""]","{""D_beijing"": 77.189402487582, ""D_tianjin"": 265.653076040735}",47657.36682,cn-jjj-100c-03-V2-LOCATIONS,D_beijing,True,77.189402487582,44158.437060000004,jjj
True,279.46725557344104,205.55422405156702,C047,347.0,2,"[""D_beijing"", ""D_tianjin""]","{""D_beijing"": 73.913031521874, ""D_tianjin"": 279.46725557344104}",61914.00882,cn-jjj-100c-03-V2-LOCATIONS,D_beijing,True,73.913031521874,59027.835179999995,jjj
True,280.83882931563596,208.19942640445095,C048,347.0,2,"[""D_beijing"", ""D_tianjin""]","{""D_beijing"": 72.639402911185, ""D_tianjin"": 280.83882931563596}",50355.97074,cn-jjj-100c-03-V2-LOCATIONS,D_beijing,True,72.639402911185,48482.9421,jjj
True,247.373794941053,181.040871205575,C049,139.0,2,"[""D_beijing"", ""D_tianjin""]","{""D_beijing"": 66.33292373547799, ""D_tianjin"": 247.373794941053}",46813.36002,cn-jjj-100c-03-V2-LOCATIONS,D_beijing,True,66.33292373547799,44257.71642,jjj
True,283.935820463847,213.223083920377,C050,139.0,2,"[""D_beijing"", ""D_tianjin""]","{""D_beijing"": 70.71273654347, ""D_tianjin"": 283.935820463847}",50377.146779999995,cn-jjj-100c-03-V2-LOCATIONS,D_beijing,True,70.71273654347,47360.04456,jjj
True,261.916649658376,189.602795619646,C051,347.0,2,"[""D_beijing"", ""D_tianjin""]","{""D_beijing"": 72.31385403873, ""D_tianjin"": 261.916649658376}",51510.10764,cn-jjj-100c-03-V2-LOCATIONS,D_beijing,True,72.31385403873,48846.496139999996,jjj
True,260.271026638533,206.72142502453698,C052,208.0,2,"[""D_beijing"", ""D_tianjin""]","{""D_beijing"": 53.549601613995996, ""D_tianjin"": 260.271026638533}",45336.1521,cn-jjj-100c-03-V2-LOCATIONS,D_beijing,True,53.549601613995996,43218.36318,jjj
True,278.215584078481,205.66125565027102,C053,278.0,2,"[""D_beijing"", ""D_tianjin""]","{""D_beijing"": 72.55432842821, ""D_tianjin"": 278.215584078481}",50791.089,cn-jjj-100c-03-V2-LOCATIONS,D_beijing,True,72.55432842821,47312.24184,jjj
True,260.882479973396,203.833068562219,C054,139.0,2,"[""D_beijing"", ""D_tianjin""]","{""D_beijing"": 57.049411411177005, ""D_tianjin"": 260.882479973396}",49088.75676,cn-jjj-100c-03-V2-LOCATIONS,D_beijing,True,57.049411411177005,46452.10596,jjj
True,241.42573739838403,171.09899025587202,C055,278.0,2,"[""D_beijing"", ""D_tianjin""]","{""D_beijing"": 70.326747142512, ""D_tianjin"": 241.42573739838403}",49139.03736,cn-jjj-100c-03-V2-LOCATIONS,D_beijing,True,70.326747142512,45575.741519999996,jjj
True,260.46224187447996,193.32573770960394,C056,347.0,2,"[""D_beijing"", ""D_tianjin""]","{""D_beijing"": 67.13650416487602, ""D_tianjin"": 260.46224187447996}",64707.678,cn-jjj-100c-03-V2-LOCATIONS,D_beijing,True,67.13650416487602,62464.76556,jjj
True,259.207648819388,188.26888093350198,C057,278.0,2,"[""D_beijing"", ""D_tianjin""]","{""D_beijing"": 70.93876788588601, ""D_tianjin"": 259.207648819388}",47563.15578,cn-jjj-100c-03-V2-LOCATIONS,D_beijing,True,70.93876788588601,44579.797979999996,jjj
True,258.695744564136,195.89686532741203,C058,417.0,2,"[""D_beijing"", ""D_tianjin""]","{""D_beijing"": 62.798879236724, ""D_tianjin"": 258.695744564136}",50651.861639999996,cn-jjj-100c-03-V2-LOCATIONS,D_beijing,True,62.798879236724,48033.271140000004,jjj
True,284.76697543662493,207.40957318815595,C059,278.0,2,"[""D_beijing"", ""D_tianjin""]","{""D_beijing"": 77.357402248469, ""D_tianjin"": 284.76697543662493}",49926.89208,cn-jjj-100c-03-V2-LOCATIONS,D_beijing,True,77.357402248469,47213.4003,jjj
True,248.83589646479902,164.71084749348103,C060,139.0,2,"[""D_beijing"", ""D_tianjin""]","{""D_beijing"": 84.125048971318, ""D_tianjin"": 248.83589646479902}",59497.23366,cn-jjj-100c-03-V2-LOCATIONS,D_beijing,True,84.125048971318,55947.5274,jjj
True,251.6012915847,191.014152907702,C061,347.0,2,"[""D_beijing"", ""D_tianjin""]","{""D_beijing"": 60.587138676998, ""D_tianjin"": 251.6012915847}",47946.01236,cn-jjj-100c-03-V2-LOCATIONS,D_beijing,True,60.587138676998,44966.7555,jjj
True,256.602149340453,202.33053285190903,C062,208.0,2,"[""D_beijing"", ""D_tianjin""]","{""D_beijing"": 54.271616488544, ""D_tianjin"": 256.602149340453}",50461.1691,cn-jjj-100c-03-V2-LOCATIONS,D_beijing,True,54.271616488544,48526.52334,jjj
True,257.508535103292,202.31258701114098,C063,417.0,2,"[""D_beijing"", ""D_tianjin""]","{""D_beijing"": 55.195948092151, ""D_tianjin"": 257.508535103292}",52654.23636,cn-jjj-100c-03-V2-LOCATIONS,D_beijing,True,55.195948092151,49519.45674,jjj
True,261.309940446932,161.407450385834,C064,347.0,2,"[""D_beijing"", ""D_tianjin""]","{""D_beijing"": 99.90249006109799, ""D_tianjin"": 261.309940446932}",49576.80372,cn-jjj-100c-03-V2-LOCATIONS,D_beijing,True,99.90249006109799,47077.376339999995,jjj
True,259.324581199956,203.97265334703602,C065,278.0,2,"[""D_beijing"", ""D_tianjin""]","{""D_beijing"": 55.35192785291999, ""D_tianjin"": 259.324581199956}",58268.3133,cn-jjj-100c-03-V2-LOCATIONS,D_beijing,True,55.35192785291999,56459.520540000005,jjj
True,251.328962794222,179.284740122907,C066,347.0,2,"[""D_beijing"", ""D_tianjin""]","{""D_beijing"": 72.044222671315, ""D_tianjin"": 251.328962794222}",51969.209820000004,cn-jjj-100c-03-V2-LOCATIONS,D_beijing,True,72.044222671315,48900.2958,jjj
True,254.70435091313,197.24880412345703,C067,208.0,2,"[""D_beijing"", ""D_tianjin""]","{""D_beijing"": 57.455546789672994, ""D_tianjin"": 254.70435091313}",49460.73594,cn-jjj-100c-03-V2-LOCATIONS,D_beijing,True,57.455546789672994,47060.8656,jjj
True,252.256391299932,190.699331031371,C068,208.0,2,"[""D_beijing"", ""D_tianjin""]","{""D_beijing"": 61.557060268561, ""D_tianjin"": 252.256391299932}",45294.77514,cn-jjj-100c-03-V2-LOCATIONS,D_beijing,True,61.557060268561,42374.80158,jjj
True,269.77433300855,184.810550663523,C069,278.0,2,"[""D_beijing"", ""D_tianjin""]","{""D_beijing"": 84.963782345027, ""D_tianjin"": 269.77433300855}",57642.13494,cn-jjj-100c-03-V2-LOCATIONS,D_beijing,True,84.963782345027,54696.4713,jjj
True,259.162930225705,204.785085002518,C070,278.0,2,"[""D_beijing"", ""D_tianjin""]","{""D_beijing"": 54.377845223187, ""D_tianjin"": 259.162930225705}",64755.311579999994,cn-jjj-100c-03-V2-LOCATIONS,D_beijing,True,54.377845223187,61672.727100000004,jjj
True,253.55896799124997,169.44650203341695,C071,347.0,2,"[""D_beijing"", ""D_tianjin""]","{""D_beijing"": 84.11246595783301, ""D_tianjin"": 253.55896799124997}",48679.28322,cn-jjj-100c-03-V2-LOCATIONS,D_beijing,True,84.11246595783301,46070.69022,jjj
True,258.134365199315,179.30872109185702,C072,139.0,2,"[""D_beijing"", ""D_tianjin""]","{""D_beijing"": 78.825644107458, ""D_tianjin"": 258.134365199315}",51003.46223999999,cn-jjj-100c-03-V2-LOCATIONS,D_beijing,True,78.825644107458,48282.92424,jjj
True,261.030991295849,201.350584085912,C073,139.0,2,"[""D_beijing"", ""D_tianjin""]","{""D_beijing"": 59.680407209936995, ""D_tianjin"": 261.030991295849}",43581.85482,cn-jjj-100c-03-V2-LOCATIONS,D_beijing,True,59.680407209936995,41558.23332,jjj
True,296.764257949559,252.79258328741102,C074,278.0,2,"[""D_beijing"", ""D_tianjin""]","{""D_beijing"": 296.764257949559, ""D_tianjin"": 43.971674662148}",57124.17966,cn-jjj-100c-03-V2-LOCATIONS,D_tianjin,True,43.971674662148,53825.577659999995,jjj
True,294.70683713531696,251.04954241351896,C075,278.0,2,"[""D_beijing"", ""D_tianjin""]","{""D_beijing"": 294.70683713531696, ""D_tianjin"": 43.657294721797996}",58207.603319999995,cn-jjj-100c-03-V2-LOCATIONS,D_tianjin,True,43.657294721797996,54640.39908,jjj
True,297.73249814324305,241.38311364116404,C076,347.0,2,"[""D_beijing"", ""D_tianjin""]","{""D_beijing"": 297.73249814324305, ""D_tianjin"": 56.349384502079005}",47724.47328,cn-jjj-100c-03-V2-LOCATIONS,D_tianjin,True,56.349384502079005,45224.553360000005,jjj
True,284.343942578075,251.88991718540296,C077,208.0,2,"[""D_beijing"", ""D_tianjin""]","{""D_beijing"": 284.343942578075, ""D_tianjin"": 32.454025392672}",43128.31548,cn-jjj-100c-03-V2-LOCATIONS,D_tianjin,True,32.454025392672,41057.52942,jjj
True,284.343942800025,251.889917185403,C078,347.0,2,"[""D_beijing"", ""D_tianjin""]","{""D_beijing"": 284.343942800025, ""D_tianjin"": 32.454025614622}",51190.968420000005,cn-jjj-100c-03-V2-LOCATIONS,D_tianjin,True,32.454025614622,48191.777879999994,jjj
True,297.332587814403,241.383113641164,C079,347.0,2,"[""D_beijing"", ""D_tianjin""]","{""D_beijing"": 297.332587814403, ""D_tianjin"": 55.949474173239}",57751.99962,cn-jjj-100c-03-V2-LOCATIONS,D_tianjin,True,55.949474173239,55364.92746,jjj
True,303.113306448392,251.150128385074,C080,278.0,2,"[""D_beijing"", ""D_tianjin""]","{""D_beijing"": 303.113306448392, ""D_tianjin"": 51.963178063318004}",65349.05892000001,cn-jjj-100c-03-V2-LOCATIONS,D_tianjin,True,51.963178063318004,62224.83636,jjj
True,296.62985782263905,252.79258328741105,C081,278.0,2,"[""D_beijing"", ""D_tianjin""]","{""D_beijing"": 296.62985782263905, ""D_tianjin"": 43.837274535228005}",61964.67222,cn-jjj-100c-03-V2-LOCATIONS,D_tianjin,True,43.837274535228005,58664.83434,jjj
True,284.728677857575,252.841731019798,C082,139.0,2,"[""D_beijing"", ""D_tianjin""]","{""D_beijing"": 284.728677857575, ""D_tianjin"": 31.886946837777}",50896.83504,cn-jjj-100c-03-V2-LOCATIONS,D_tianjin,True,31.886946837777,47427.898499999996,jjj
True,296.651406226819,252.792583287411,C083,208.0,2,"[""D_beijing"", ""D_tianjin""]","{""D_beijing"": 296.651406226819, ""D_tianjin"": 43.858822939408}",48117.701819999995,cn-jjj-100c-03-V2-LOCATIONS,D_tianjin,True,43.858822939408,46125.90144,jjj
True,296.680283538359,252.792583287411,C084,278.0,2,"[""D_beijing"", ""D_tianjin""]","{""D_beijing"": 296.680283538359, ""D_tianjin"": 43.887700250948}",51564.26376,cn-jjj-100c-03-V2-LOCATIONS,D_tianjin,True,43.887700250948,48690.70776,jjj
True,292.33876699044396,248.00497730854096,C085,278.0,2,"[""D_beijing"", ""D_tianjin""]","{""D_beijing"": 292.33876699044396, ""D_tianjin"": 44.333789681903}",60016.16904,cn-jjj-100c-03-V2-LOCATIONS,D_tianjin,True,44.333789681903,57965.536739999996,jjj
True,296.66873261179904,252.79258328741105,C086,208.0,2,"[""D_beijing"", ""D_tianjin""]","{""D_beijing"": 296.66873261179904, ""D_tianjin"": 43.876149324387995}",48396.81648,cn-jjj-100c-03-V2-LOCATIONS,D_tianjin,True,43.876149324387995,46011.17982,jjj
True,290.248937859942,251.12766140577696,C087,139.0,2,"[""D_beijing"", ""D_tianjin""]","{""D_beijing"": 290.248937859942, ""D_tianjin"": 39.121276454165}",58730.53848,cn-jjj-100c-03-V2-LOCATIONS,D_tianjin,True,39.121276454165,56363.89374,jjj
True,288.20054919852504,249.07927270731005,C088,208.0,2,"[""D_beijing"", ""D_tianjin""]","{""D_beijing"": 288.20054919852504, ""D_tianjin"": 39.121276491215}",49052.37042,cn-jjj-100c-03-V2-LOCATIONS,D_tianjin,True,39.121276491215,46093.81362,jjj
True,299.006140831988,248.84328475692297,C089,347.0,2,"[""D_beijing"", ""D_tianjin""]","{""D_beijing"": 299.006140831988, ""D_tianjin"": 50.16285607506501}",56355.46098,cn-jjj-100c-03-V2-LOCATIONS,D_tianjin,True,50.16285607506501,52972.9026,jjj
True,296.63618310663605,239.10249012758806,C090,139.0,2,"[""D_beijing"", ""D_tianjin""]","{""D_beijing"": 296.63618310663605, ""D_tianjin"": 57.533692979048}",57935.94894,cn-jjj-100c-03-V2-LOCATIONS,D_tianjin,True,57.533692979048,55533.57264,jjj
True,296.51389930561896,252.79258328741096,C091,208.0,2,"[""D_beijing"", ""D_tianjin""]","{""D_beijing"": 296.51389930561896, ""D_tianjin"": 43.721316018208}",51625.181399999994,cn-jjj-100c-03-V2-LOCATIONS,D_tianjin,True,43.721316018208,48281.88084,jjj
True,296.63941147073905,252.79258328741105,C092,417.0,2,"[""D_beijing"", ""D_tianjin""]","{""D_beijing"": 296.63941147073905, ""D_tianjin"": 43.846828183328}",60680.79492,cn-jjj-100c-03-V2-LOCATIONS,D_tianjin,True,43.846828183328,58307.27496,jjj
True,284.34394255629496,251.88991718540296,C093,347.0,2,"[""D_beijing"", ""D_tianjin""]","{""D_beijing"": 284.34394255629496, ""D_tianjin"": 32.454025370892}",64916.314320000005,cn-jjj-100c-03-V2-LOCATIONS,D_tianjin,True,32.454025370892,61657.491839999995,jjj
True,296.727845065894,239.18621526960598,C094,347.0,2,"[""D_beijing"", ""D_tianjin""]","{""D_beijing"": 296.727845065894, ""D_tianjin"": 57.541629796288}",48414.85056,cn-jjj-100c-03-V2-LOCATIONS,D_tianjin,True,57.541629796288,45110.2716,jjj
True,294.331612492161,246.97843073276601,C095,278.0,2,"[""D_beijing"", ""D_tianjin""]","{""D_beijing"": 294.331612492161, ""D_tianjin"": 47.353181759395}",56163.43758,cn-jjj-100c-03-V2-LOCATIONS,D_tianjin,True,47.353181759395,53707.949819999994,jjj
True,296.403391084266,238.978330278818,C096,208.0,2,"[""D_beijing"", ""D_tianjin""]","{""D_beijing"": 296.403391084266, ""D_tianjin"": 57.425060805448005}",53039.54022,cn-jjj-100c-03-V2-LOCATIONS,D_tianjin,True,57.425060805448005,51223.43952,jjj
True,296.6414087456591,252.79258328741108,C097,139.0,2,"[""D_beijing"", ""D_tianjin""]","{""D_beijing"": 296.6414087456591, ""D_tianjin"": 43.848825458248}",52477.17276,cn-jjj-100c-03-V2-LOCATIONS,D_tianjin,True,43.848825458248,49185.57816,jjj
True,285.08006529924205,248.04069906767404,C098,347.0,2,"[""D_beijing"", ""D_tianjin""]","{""D_beijing"": 285.08006529924205, ""D_tianjin"": 37.039366231567996}",63323.197980000004,cn-jjj-100c-03-V2-LOCATIONS,D_tianjin,True,37.039366231567996,60737.338560000004,jjj
True,295.779121934057,249.702448265784,C099,278.0,2,"[""D_beijing"", ""D_tianjin""]","{""D_beijing"": 295.779121934057, ""D_tianjin"": 46.076673668272996}",49235.9721,cn-jjj-100c-03-V2-LOCATIONS,D_tianjin,True,46.076673668272996,45984.28842,jjj
True,293.03812759390905,247.55635947062905,C100,347.0,2,"[""D_beijing"", ""D_tianjin""]","{""D_beijing"": 293.03812759390905, ""D_tianjin"": 45.48176812328}",56355.46098,cn-jjj-100c-03-V2-LOCATIONS,D_tianjin,True,45.48176812328,52972.9026,jjj
True,266.174497521176,204.19452684473103,C001,139.0,3,"[""D_beijing"", ""D_shijiazhuang"", ""D_tianjin""]","{""D_beijing"": 61.979970676445, ""D_shijiazhuang"": 582.9163255049909, ""D_tianjin"": 266.174497521176}",51795.88908,cn-jjj-150c-01-V2-LOCATIONS,D_beijing,True,61.979970676445,49700.4387,jjj
True,242.084344886434,174.04374872427098,C002,278.0,3,"[""D_beijing"", ""D_shijiazhuang"", ""D_tianjin""]","{""D_beijing"": 68.040596162163, ""D_shijiazhuang"": 578.156388382526, ""D_tianjin"": 242.084344886434}",58945.45908,cn-jjj-150c-01-V2-LOCATIONS,D_beijing,True,68.040596162163,56364.21552,jjj
True,271.00076206208695,207.77249836819894,C003,208.0,3,"[""D_beijing"", ""D_shijiazhuang"", ""D_tianjin""]","{""D_beijing"": 63.228263693888, ""D_shijiazhuang"": 584.7469080686299, ""D_tianjin"": 271.00076206208695}",58116.80706000001,cn-jjj-150c-01-V2-LOCATIONS,D_beijing,True,63.228263693888,56260.39668,jjj
True,253.5631273897,184.165455637092,C004,208.0,3,"[""D_beijing"", ""D_shijiazhuang"", ""D_tianjin""]","{""D_beijing"": 69.397671752608, ""D_shijiazhuang"": 574.641741704704, ""D_tianjin"": 253.5631273897}",51625.181399999994,cn-jjj-150c-01-V2-LOCATIONS,D_beijing,True,69.397671752608,48281.88084,jjj
True,265.464701370242,201.81311636645097,C005,347.0,3,"[""D_beijing"", ""D_shijiazhuang"", ""D_tianjin""]","{""D_beijing"": 63.651585003791, ""D_shijiazhuang"": 580.585670264383, ""D_tianjin"": 265.464701370242}",51135.85716,cn-jjj-150c-01-V2-LOCATIONS,D_beijing,True,63.651585003791,48781.44294,jjj
True,261.307041860128,203.83306856221898,C006,139.0,3,"[""D_beijing"", ""D_shijiazhuang"", ""D_tianjin""]","{""D_beijing"": 57.473973297909005, ""D_shijiazhuang"": 588.148009442912, ""D_tianjin"": 261.307041860128}",56332.79208,cn-jjj-150c-01-V2-LOCATIONS,D_beijing,True,57.473973297909005,52789.22694,jjj
True,263.20401465078197,188.43711699979198,C007,208.0,3,"[""D_beijing"", ""D_shijiazhuang"", ""D_tianjin""]","{""D_beijing"": 74.76689765098999, ""D_shijiazhuang"": 570.46009537813, ""D_tianjin"": 263.20401465078197}",52343.38782,cn-jjj-150c-01-V2-LOCATIONS,D_beijing,True,74.76689765098999,49615.8735,jjj
True,252.833708498914,192.589728728087,C008,278.0,3,"[""D_beijing"", ""D_shijiazhuang"", ""D_tianjin""]","{""D_beijing"": 60.243979770826996, ""D_shijiazhuang"": 583.92533204149, ""D_tianjin"": 252.833708498914}",50293.94442,cn-jjj-150c-01-V2-LOCATIONS,D_beijing,True,60.243979770826996,46700.60382,jjj
True,244.08924632165798,167.602075034126,C009,139.0,3,"[""D_beijing"", ""D_shijiazhuang"", ""D_tianjin""]","{""D_beijing"": 76.487171287532, ""D_shijiazhuang"": 578.091893359226, ""D_tianjin"": 244.08924632165798}",50877.91938,cn-jjj-150c-01-V2-LOCATIONS,D_beijing,True,76.487171287532,47720.93508,jjj
True,263.025939707506,208.021837416932,C010,347.0,3,"[""D_beijing"", ""D_shijiazhuang"", ""D_tianjin""]","{""D_beijing"": 55.004102290574, ""D_shijiazhuang"": 594.751152425587, ""D_tianjin"": 263.025939707506}",64707.678,cn-jjj-150c-01-V2-LOCATIONS,D_beijing,True,55.004102290574,62464.76556,jjj
True,268.870584487471,179.613784046714,C011,139.0,3,"[""D_beijing"", ""D_shijiazhuang"", ""D_tianjin""]","{""D_beijing"": 89.25680044075699, ""D_shijiazhuang"": 555.9658573022501, ""D_tianjin"": 268.870584487471}",59189.26746,cn-jjj-150c-01-V2-LOCATIONS,D_beijing,True,89.25680044075699,56475.18227999999,jjj
True,245.017939856881,179.131036176742,C012,278.0,3,"[""D_beijing"", ""D_shijiazhuang"", ""D_tianjin""]","{""D_beijing"": 65.886903680139, ""D_shijiazhuang"": 576.651044225486, ""D_tianjin"": 245.017939856881}",52531.598340000004,cn-jjj-150c-01-V2-LOCATIONS,D_beijing,True,65.886903680139,49717.13838,jjj
True,257.178503606167,176.077442666054,C013,278.0,3,"[""D_beijing"", ""D_shijiazhuang"", ""D_tianjin""]","{""D_beijing"": 81.101060940113, ""D_shijiazhuang"": 566.4477501294471, ""D_tianjin"": 257.178503606167}",55073.94042,cn-jjj-150c-01-V2-LOCATIONS,D_beijing,True,81.101060940113,53224.0278,jjj
True,260.520684861601,199.344263043765,C014,139.0,3,"[""D_beijing"", ""D_shijiazhuang"", ""D_tianjin""]","{""D_beijing"": 61.176421817836, ""D_shijiazhuang"": 582.014196420978, ""D_tianjin"": 260.520684861601}",52624.43136,cn-jjj-150c-01-V2-LOCATIONS,D_beijing,True,61.176421817836,49327.59822,jjj
True,263.322052419304,204.75227509541799,C015,417.0,3,"[""D_beijing"", ""D_shijiazhuang"", ""D_tianjin""]","{""D_beijing"": 58.569777323885994, ""D_shijiazhuang"": 584.087322128088, ""D_tianjin"": 263.322052419304}",51596.305440000004,cn-jjj-150c-01-V2-LOCATIONS,D_beijing,True,58.569777323885994,48306.39942,jjj
True,253.101884253058,183.48362917649598,C016,139.0,3,"[""D_beijing"", ""D_shijiazhuang"", ""D_tianjin""]","{""D_beijing"": 69.618255076562, ""D_shijiazhuang"": 573.848823784757, ""D_tianjin"": 253.101884253058}",57006.78378,cn-jjj-150c-01-V2-LOCATIONS,D_beijing,True,69.618255076562,54269.03244,jjj
True,254.003180571598,185.59526046285998,C017,139.0,3,"[""D_beijing"", ""D_shijiazhuang"", ""D_tianjin""]","{""D_beijing"": 68.40792010873801, ""D_shijiazhuang"": 574.366892473717, ""D_tianjin"": 254.003180571598}",48151.03602,cn-jjj-150c-01-V2-LOCATIONS,D_beijing,True,68.40792010873801,45163.1256,jjj
True,245.464044839049,177.83295781567398,C018,278.0,3,"[""D_beijing"", ""D_shijiazhuang"", ""D_tianjin""]","{""D_beijing"": 67.631087023375, ""D_shijiazhuang"": 575.406262928204, ""D_tianjin"": 245.464044839049}",50086.910579999996,cn-jjj-150c-01-V2-LOCATIONS,D_beijing,True,67.631087023375,47116.09152,jjj
True,259.44105563662,189.65191409439097,C019,417.0,3,"[""D_beijing"", ""D_shijiazhuang"", ""D_tianjin""]","{""D_beijing"": 69.789141542229, ""D_shijiazhuang"": 573.310503264502, ""D_tianjin"": 259.44105563662}",43366.489859999994,cn-jjj-150c-01-V2-LOCATIONS,D_beijing,True,69.789141542229,41447.68596,jjj
True,260.11847528007803,202.14410839832505,C020,208.0,3,"[""D_beijing"", ""D_shijiazhuang"", ""D_tianjin""]","{""D_beijing"": 57.974366881753, ""D_shijiazhuang"": 586.8305850364519, ""D_tianjin"": 260.11847528007803}",51282.16758,cn-jjj-150c-01-V2-LOCATIONS,D_beijing,True,57.974366881753,47965.21356,jjj
True,258.572236021077,159.433495627209,C021,417.0,3,"[""D_beijing"", ""D_shijiazhuang"", ""D_tianjin""]","{""D_beijing"": 99.138740393868, ""D_shijiazhuang"": 563.8040149669899, ""D_tianjin"": 258.572236021077}",61581.35304,cn-jjj-150c-01-V2-LOCATIONS,D_beijing,True,99.138740393868,59597.18088,jjj
True,251.62081410011,185.48611910272402,C022,347.0,3,"[""D_beijing"", ""D_shijiazhuang"", ""D_tianjin""]","{""D_beijing"": 66.13469499738599, ""D_shijiazhuang"": 577.095320869897, ""D_tianjin"": 251.62081410011}",48704.541959999995,cn-jjj-150c-01-V2-LOCATIONS,D_beijing,True,66.13469499738599,46594.0119,jjj
True,240.873243411901,160.80200572113802,C023,139.0,3,"[""D_beijing"", ""D_shijiazhuang"", ""D_tianjin""]","{""D_beijing"": 80.071237690763, ""D_shijiazhuang"": 583.910664641337, ""D_tianjin"": 240.873243411901}",62838.91236,cn-jjj-150c-01-V2-LOCATIONS,D_beijing,True,80.071237690763,59280.462,jjj
True,261.15343382614003,194.72691107641202,C024,417.0,3,"[""D_beijing"", ""D_shijiazhuang"", ""D_tianjin""]","{""D_beijing"": 66.426522749728, ""D_shijiazhuang"": 575.022881454022, ""D_tianjin"": 261.15343382614003}",45956.82282,cn-jjj-150c-01-V2-LOCATIONS,D_beijing,True,66.426522749728,43665.56958,jjj
True,283.93582049398697,213.22308392037698,C025,139.0,3,"[""D_beijing"", ""D_shijiazhuang"", ""D_tianjin""]","{""D_beijing"": 70.71273657360999, ""D_shijiazhuang"": 576.628268427266, ""D_tianjin"": 283.93582049398697}",62069.200919999996,cn-jjj-150c-01-V2-LOCATIONS,D_beijing,True,70.71273657360999,59390.5791,jjj
True,274.561311692843,201.322596292446,C026,139.0,3,"[""D_beijing"", ""D_shijiazhuang"", ""D_tianjin""]","{""D_beijing"": 73.238715400397, ""D_shijiazhuang"": 570.9398727451861, ""D_tianjin"": 274.561311692843}",50980.635720000006,cn-jjj-150c-01-V2-LOCATIONS,D_beijing,True,73.238715400397,48819.69186,jjj
True,259.747451636635,191.93538551699697,C027,208.0,3,"[""D_beijing"", ""D_shijiazhuang"", ""D_tianjin""]","{""D_beijing"": 67.812066119638, ""D_shijiazhuang"": 573.8174892828181, ""D_tianjin"": 259.747451636635}",58917.88362,cn-jjj-150c-01-V2-LOCATIONS,D_beijing,True,67.812066119638,56237.64996,jjj
True,260.939339934068,193.312656403328,C028,417.0,3,"[""D_beijing"", ""D_shijiazhuang"", ""D_tianjin""]","{""D_beijing"": 67.62668353074001, ""D_shijiazhuang"": 574.298455887101, ""D_tianjin"": 260.939339934068}",46161.6621,cn-jjj-150c-01-V2-LOCATIONS,D_beijing,True,67.62668353074001,43515.8238,jjj
True,286.444005993741,209.36844767792996,C029,208.0,3,"[""D_beijing"", ""D_shijiazhuang"", ""D_tianjin""]","{""D_beijing"": 77.07555831581101, ""D_shijiazhuang"": 578.8765636628389, ""D_tianjin"": 286.444005993741}",50500.14462,cn-jjj-150c-01-V2-LOCATIONS,D_beijing,True,77.07555831581101,47379.45888,jjj
True,254.85765169085,197.555405650017,C030,139.0,3,"[""D_beijing"", ""D_shijiazhuang"", ""D_tianjin""]","{""D_beijing"": 57.302246040833, ""D_shijiazhuang"": 585.5979263001241, ""D_tianjin"": 254.85765169085}",51890.71674,cn-jjj-150c-01-V2-LOCATIONS,D_beijing,True,57.302246040833,49619.83464,jjj
True,260.90174147322097,164.67551745056898,C031,417.0,3,"[""D_beijing"", ""D_shijiazhuang"", ""D_tianjin""]","{""D_beijing"": 96.22622402265199, ""D_shijiazhuang"": 561.005931704511, ""D_tianjin"": 260.90174147322097}",61581.35304,cn-jjj-150c-01-V2-LOCATIONS,D_beijing,True,96.22622402265199,59597.18088,jjj
True,254.783998651955,178.727314965704,C032,139.0,3,"[""D_beijing"", ""D_shijiazhuang"", ""D_tianjin""]","{""D_beijing"": 76.05668368625099, ""D_shijiazhuang"": 569.650488066751, ""D_tianjin"": 254.783998651955}",46362.24384,cn-jjj-150c-01-V2-LOCATIONS,D_beijing,True,76.05668368625099,43413.93246,jjj
True,256.71698170859503,178.10837188808102,C033,347.0,3,"[""D_beijing"", ""D_shijiazhuang"", ""D_tianjin""]","{""D_beijing"": 78.608609820514, ""D_shijiazhuang"": 567.499823257156, ""D_tianjin"": 256.71698170859503}",48679.28322,cn-jjj-150c-01-V2-LOCATIONS,D_beijing,True,78.608609820514,46070.69022,jjj
True,263.38296360672194,188.64974791110194,C034,139.0,3,"[""D_beijing"", ""D_shijiazhuang"", ""D_tianjin""]","{""D_beijing"": 74.73321569561999, ""D_shijiazhuang"": 570.1796820813299, ""D_tianjin"": 263.38296360672194}",57497.4264,cn-jjj-150c-01-V2-LOCATIONS,D_beijing,True,74.73321569561999,55293.21318,jjj
True,269.32396710471795,207.10711089550995,C035,278.0,3,"[""D_beijing"", ""D_shijiazhuang"", ""D_tianjin""]","{""D_beijing"": 62.216856209208, ""D_shijiazhuang"": 585.9282215493661, ""D_tianjin"": 269.32396710471795}",55675.39332,cn-jjj-150c-01-V2-LOCATIONS,D_beijing,True,62.216856209208,53394.81798,jjj
True,257.444475864348,180.34015363090703,C036,208.0,3,"[""D_beijing"", ""D_shijiazhuang"", ""D_tianjin""]","{""D_beijing"": 77.104322233441, ""D_shijiazhuang"": 566.9603590003371, ""D_tianjin"": 257.444475864348}",52118.7645,cn-jjj-150c-01-V2-LOCATIONS,D_beijing,True,77.104322233441,48623.7741,jjj
True,266.12616433748195,200.54243499703495,C037,208.0,3,"[""D_beijing"", ""D_shijiazhuang"", ""D_tianjin""]","{""D_beijing"": 65.583729340447, ""D_shijiazhuang"": 578.545569954388, ""D_tianjin"": 266.12616433748195}",47034.84162,cn-jjj-150c-01-V2-LOCATIONS,D_beijing,True,65.583729340447,43436.34258,jjj
True,259.54046999874504,203.93752622784905,C038,347.0,3,"[""D_beijing"", ""D_shijiazhuang"", ""D_tianjin""]","{""D_beijing"": 55.602943770896005, ""D_shijiazhuang"": 589.2698732287901, ""D_tianjin"": 259.54046999874504}",49690.88676,cn-jjj-150c-01-V2-LOCATIONS,D_beijing,True,55.602943770896005,46174.75062,jjj
True,261.252461312344,208.125589414769,C039,208.0,3,"[""D_beijing"", ""D_shijiazhuang"", ""D_tianjin""]","{""D_beijing"": 53.12687189757499, ""D_shijiazhuang"": 594.2003618043789, ""D_tianjin"": 261.252461312344}",59481.61308,cn-jjj-150c-01-V2-LOCATIONS,D_beijing,True,53.12687189757499,57204.063,jjj
True,251.21996464848002,174.02602730034002,C040,208.0,3,"[""D_beijing"", ""D_shijiazhuang"", ""D_tianjin""]","{""D_beijing"": 77.19393734814, ""D_shijiazhuang"": 572.201144358135, ""D_tianjin"": 251.21996464848002}",47384.23062,cn-jjj-150c-01-V2-LOCATIONS,D_beijing,True,77.19393734814,44855.1657,jjj
True,262.249426096244,170.497901492976,C041,278.0,3,"[""D_beijing"", ""D_shijiazhuang"", ""D_tianjin""]","{""D_beijing"": 91.751524603268, ""D_shijiazhuang"": 555.836669713412, ""D_tianjin"": 262.249426096244}",45247.38186,cn-jjj-150c-01-V2-LOCATIONS,D_beijing,True,91.751524603268,43414.90692,jjj
True,264.676339360849,172.952705217244,C042,139.0,3,"[""D_beijing"", ""D_shijiazhuang"", ""D_tianjin""]","{""D_beijing"": 91.723634143605, ""D_shijiazhuang"": 555.352137044208, ""D_tianjin"": 264.676339360849}",52557.083640000004,cn-jjj-150c-01-V2-LOCATIONS,D_beijing,True,91.723634143605,49260.316679999996,jjj
True,256.14226535829897,174.08609731097798,C043,347.0,3,"[""D_beijing"", ""D_shijiazhuang"", ""D_tianjin""]","{""D_beijing"": 82.056168047321, ""D_shijiazhuang"": 567.402857236655, ""D_tianjin"": 256.14226535829897}",63876.46062,cn-jjj-150c-01-V2-LOCATIONS,D_beijing,True,82.056168047321,61145.339459999996,jjj
True,256.02540951327796,173.372066568888,C044,278.0,3,"[""D_beijing"", ""D_shijiazhuang"", ""D_tianjin""]","{""D_beijing"": 82.65334294438999, ""D_shijiazhuang"": 567.000250719934, ""D_tianjin"": 256.02540951327796}",60508.945680000004,cn-jjj-150c-01-V2-LOCATIONS,D_beijing,True,82.65334294438999,58344.44927999999,jjj
True,286.469826612106,209.13193763911295,C045,139.0,3,"[""D_beijing"", ""D_shijiazhuang"", ""D_tianjin""]","{""D_beijing"": 77.33788897299301, ""D_shijiazhuang"": 572.2163097019701, ""D_tianjin"": 286.469826612106}",59388.575339999996,cn-jjj-150c-01-V2-LOCATIONS,D_beijing,True,77.33788897299301,56631.65472,jjj
True,281.811331839711,207.73176188690098,C046,139.0,3,"[""D_beijing"", ""D_shijiazhuang"", ""D_tianjin""]","{""D_beijing"": 74.07956995281, ""D_shijiazhuang"": 576.11063201622, ""D_tianjin"": 281.811331839711}",62838.91236,cn-jjj-150c-01-V2-LOCATIONS,D_beijing,True,74.07956995281,59280.462,jjj
True,269.197273690414,208.58636519936704,C047,139.0,3,"[""D_beijing"", ""D_shijiazhuang"", ""D_tianjin""]","{""D_beijing"": 60.610908491047, ""D_shijiazhuang"": 588.795411731116, ""D_tianjin"": 269.197273690414}",47964.0798,cn-jjj-150c-01-V2-LOCATIONS,D_beijing,True,60.610908491047,46160.8953,jjj
True,247.305997045502,181.486923273782,C048,208.0,3,"[""D_beijing"", ""D_shijiazhuang"", ""D_tianjin""]","{""D_beijing"": 65.81907377172, ""D_shijiazhuang"": 577.373532986737, ""D_tianjin"": 247.305997045502}",57413.0124,cn-jjj-150c-01-V2-LOCATIONS,D_beijing,True,65.81907377172,54817.498199999995,jjj
True,252.05476892143201,187.79400335814202,C049,278.0,3,"[""D_beijing"", ""D_shijiazhuang"", ""D_tianjin""]","{""D_beijing"": 64.26076556329, ""D_shijiazhuang"": 580.191391086991, ""D_tianjin"": 252.05476892143201}",57642.13494,cn-jjj-150c-01-V2-LOCATIONS,D_beijing,True,64.26076556329,54696.4713,jjj
True,266.32196562848,191.54143398797896,C050,347.0,3,"[""D_beijing"", ""D_shijiazhuang"", ""D_tianjin""]","{""D_beijing"": 74.780531640501, ""D_shijiazhuang"": 570.260714067359, ""D_tianjin"": 266.32196562848}",51015.29016,cn-jjj-150c-01-V2-LOCATIONS,D_beijing,True,74.780531640501,48481.56102,jjj
True,260.611475126646,180.484820811343,C051,417.0,3,"[""D_beijing"", ""D_shijiazhuang"", ""D_tianjin""]","{""D_beijing"": 80.12665431530299, ""D_shijiazhuang"": 565.473343504637, ""D_tianjin"": 260.611475126646}",51082.236,cn-jjj-150c-01-V2-LOCATIONS,D_beijing,True,80.12665431530299,49188.1323,jjj
True,259.43287800691,188.7055639412,C052,278.0,3,"[""D_beijing"", ""D_shijiazhuang"", ""D_tianjin""]","{""D_beijing"": 70.72731406571, ""D_shijiazhuang"": 573.30132675984, ""D_tianjin"": 259.43287800691}",56746.459259999996,cn-jjj-150c-01-V2-LOCATIONS,D_beijing,True,70.72731406571,53198.64312,jjj
True,257.87680352030503,180.77248126721403,C053,278.0,3,"[""D_beijing"", ""D_shijiazhuang"", ""D_tianjin""]","{""D_beijing"": 77.104322253091, ""D_shijiazhuang"": 566.9603590199871, ""D_tianjin"": 257.87680352030503}",44991.96234,cn-jjj-150c-01-V2-LOCATIONS,D_beijing,True,77.104322253091,41779.53462,jjj
True,282.250499152981,210.279841735623,C054,208.0,3,"[""D_beijing"", ""D_shijiazhuang"", ""D_tianjin""]","{""D_beijing"": 71.97065741735798, ""D_shijiazhuang"": 578.8594406242411, ""D_tianjin"": 282.250499152981}",56339.78562,cn-jjj-150c-01-V2-LOCATIONS,D_beijing,True,71.97065741735798,53069.9997,jjj
True,258.04730083872,202.31257232724,C055,208.0,3,"[""D_beijing"", ""D_shijiazhuang"", ""D_tianjin""]","{""D_beijing"": 55.73472851148, ""D_shijiazhuang"": 589.5382966122111, ""D_tianjin"": 258.04730083872}",58322.687640000004,cn-jjj-150c-01-V2-LOCATIONS,D_beijing,True,55.73472851148,56242.01064,jjj
True,260.307781197156,187.794003358142,C056,139.0,3,"[""D_beijing"", ""D_shijiazhuang"", ""D_tianjin""]","{""D_beijing"": 72.513777839014, ""D_shijiazhuang"": 572.488479915139, ""D_tianjin"": 260.307781197156}",62173.868819999996,cn-jjj-150c-01-V2-LOCATIONS,D_beijing,True,72.513777839014,59327.40438,jjj
True,266.82921715119096,208.62843747477896,C057,139.0,3,"[""D_beijing"", ""D_shijiazhuang"", ""D_tianjin""]","{""D_beijing"": 58.200779676412, ""D_shijiazhuang"": 590.98542092242, ""D_tianjin"": 266.82921715119096}",52240.90986,cn-jjj-150c-01-V2-LOCATIONS,D_beijing,True,58.200779676412,49646.76725999999,jjj
True,248.286283809509,181.051853022104,C058,417.0,3,"[""D_beijing"", ""D_shijiazhuang"", ""D_tianjin""]","{""D_beijing"": 67.234430787405, ""D_shijiazhuang"": 576.4763815518511, ""D_tianjin"": 248.286283809509}",45860.03766,cn-jjj-150c-01-V2-LOCATIONS,D_beijing,True,67.234430787405,43420.86564,jjj
True,259.782683155476,204.75227509541799,C059,139.0,3,"[""D_beijing"", ""D_shijiazhuang"", ""D_tianjin""]","{""D_beijing"": 55.030408060058, ""D_shijiazhuang"": 589.707650118351, ""D_tianjin"": 259.782683155476}",52692.61188,cn-jjj-150c-01-V2-LOCATIONS,D_beijing,True,55.030408060058,49971.045600000005,jjj
True,275.547234007171,199.16696819057802,C060,139.0,3,"[""D_beijing"", ""D_shijiazhuang"", ""D_tianjin""]","{""D_beijing"": 76.380265816593, ""D_shijiazhuang"": 568.2396819404499, ""D_tianjin"": 275.547234007171}",46175.679299999996,cn-jjj-150c-01-V2-LOCATIONS,D_beijing,True,76.380265816593,43515.17688,jjj
True,273.956465806294,208.22235128285797,C061,417.0,3,"[""D_beijing"", ""D_shijiazhuang"", ""D_tianjin""]","{""D_beijing"": 65.734114523436, ""D_shijiazhuang"": 582.904293059065, ""D_tianjin"": 273.956465806294}",58584.2532,cn-jjj-150c-01-V2-LOCATIONS,D_beijing,True,65.734114523436,55888.44636,jjj
True,271.484363717509,204.44793954286098,C062,417.0,3,"[""D_beijing"", ""D_shijiazhuang"", ""D_tianjin""]","{""D_beijing"": 67.03642417464799, ""D_shijiazhuang"": 579.254050573532, ""D_tianjin"": 271.484363717509}",48121.72884,cn-jjj-150c-01-V2-LOCATIONS,D_beijing,True,67.03642417464799,45474.32868,jjj
True,258.178699016035,177.68603282103,C063,139.0,3,"[""D_beijing"", ""D_shijiazhuang"", ""D_tianjin""]","{""D_beijing"": 80.492666195005, ""D_shijiazhuang"": 565.839355384339, ""D_tianjin"": 258.178699016035}",54726.8388,cn-jjj-150c-01-V2-LOCATIONS,D_beijing,True,80.492666195005,51717.92154,jjj
True,259.662804850678,193.23991580323002,C064,347.0,3,"[""D_beijing"", ""D_shijiazhuang"", ""D_tianjin""]","{""D_beijing"": 66.422889047448, ""D_shijiazhuang"": 576.480057915845, ""D_tianjin"": 259.662804850678}",47946.01236,cn-jjj-150c-01-V2-LOCATIONS,D_beijing,True,66.422889047448,44966.7555,jjj
True,251.148911873519,183.070096834783,C065,208.0,3,"[""D_beijing"", ""D_shijiazhuang"", ""D_tianjin""]","{""D_beijing"": 68.07881503873601, ""D_shijiazhuang"": 574.9087096473761, ""D_tianjin"": 251.148911873519}",57021.69096,cn-jjj-150c-01-V2-LOCATIONS,D_beijing,True,68.07881503873601,54711.19128,jjj
True,268.634299014191,211.25187819648602,C066,208.0,3,"[""D_beijing"", ""D_shijiazhuang"", ""D_tianjin""]","{""D_beijing"": 57.382420817705004, ""D_shijiazhuang"": 594.241338818784, ""D_tianjin"": 268.634299014191}",63572.23626,cn-jjj-150c-01-V2-LOCATIONS,D_beijing,True,57.382420817705004,60149.59098,jjj
True,261.38337885179203,201.35058408591203,C067,139.0,3,"[""D_beijing"", ""D_shijiazhuang"", ""D_tianjin""]","{""D_beijing"": 60.03279476588, ""D_shijiazhuang"": 582.698206459841, ""D_tianjin"": 261.38337885179203}",46813.36002,cn-jjj-150c-01-V2-LOCATIONS,D_beijing,True,60.03279476588,44257.71642,jjj
True,253.284598027322,169.55881230248002,C068,139.0,3,"[""D_beijing"", ""D_shijiazhuang"", ""D_tianjin""]","{""D_beijing"": 83.72578572484198, ""D_shijiazhuang"": 566.343163889624, ""D_tianjin"": 253.284598027322}",50980.635720000006,cn-jjj-150c-01-V2-LOCATIONS,D_beijing,True,83.72578572484198,48819.69186,jjj
True,258.668768898514,187.794003358142,C069,139.0,3,"[""D_beijing"", ""D_shijiazhuang"", ""D_tianjin""]","{""D_beijing"": 70.874765540372, ""D_shijiazhuang"": 574.34251236172, ""D_tianjin"": 258.668768898514}",61382.31138000001,cn-jjj-150c-01-V2-LOCATIONS,D_beijing,True,70.874765540372,57804.52104,jjj
True,259.299276254555,202.31257232724002,C070,347.0,3,"[""D_beijing"", ""D_shijiazhuang"", ""D_tianjin""]","{""D_beijing"": 56.986703927315, ""D_shijiazhuang"": 586.620375342688, ""D_tianjin"": 259.299276254555}",47657.36682,cn-jjj-150c-01-V2-LOCATIONS,D_beijing,True,56.986703927315,44158.437060000004,jjj
True,271.235087050549,207.64979552248099,C071,139.0,3,"[""D_beijing"", ""D_shijiazhuang"", ""D_tianjin""]","{""D_beijing"": 63.585291528068005, ""D_shijiazhuang"": 584.9812330570919, ""D_tianjin"": 271.235087050549}",57888.68772,cn-jjj-150c-01-V2-LOCATIONS,D_beijing,True,63.585291528068005,55235.23878,jjj
True,282.209712465455,209.97451752040303,C072,208.0,3,"[""D_beijing"", ""D_shijiazhuang"", ""D_tianjin""]","{""D_beijing"": 72.235194945052, ""D_shijiazhuang"": 577.446941763064, ""D_tianjin"": 282.209712465455}",53039.54022,cn-jjj-150c-01-V2-LOCATIONS,D_beijing,True,72.235194945052,51223.43952,jjj
True,255.975701841503,202.29120233748898,C073,139.0,3,"[""D_beijing"", ""D_shijiazhuang"", ""D_tianjin""]","{""D_beijing"": 53.684499504014, ""D_shijiazhuang"": 591.685709250484, ""D_tianjin"": 255.975701841503}",49009.16082,cn-jjj-150c-01-V2-LOCATIONS,D_beijing,True,53.684499504014,46860.2811,jjj
True,259.432877975711,188.77601631150998,C074,417.0,3,"[""D_beijing"", ""D_shijiazhuang"", ""D_tianjin""]","{""D_beijing"": 70.656861664201, ""D_shijiazhuang"": 573.822260207118, ""D_tianjin"": 259.432877975711}",58393.4217,cn-jjj-150c-01-V2-LOCATIONS,D_beijing,True,70.656861664201,56533.06284,jjj
True,260.804008498175,201.83550706869198,C075,278.0,3,"[""D_beijing"", ""D_shijiazhuang"", ""D_tianjin""]","{""D_beijing"": 58.968501429483005, ""D_shijiazhuang"": 582.8913905055979, ""D_tianjin"": 260.804008498175}",61535.50272,cn-jjj-150c-01-V2-LOCATIONS,D_beijing,True,58.968501429483005,59183.00094,jjj
True,261.359457495561,202.31257232724,C076,417.0,3,"[""D_beijing"", ""D_shijiazhuang"", ""D_tianjin""]","{""D_beijing"": 59.046885168321005, ""D_shijiazhuang"": 584.695328142141, ""D_tianjin"": 261.359457495561}",61816.61465999999,cn-jjj-150c-01-V2-LOCATIONS,D_beijing,True,59.046885168321005,58528.57956,jjj
True,274.148013482248,211.25187819648602,C077,347.0,3,"[""D_beijing"", ""D_shijiazhuang"", ""D_tianjin""]","{""D_beijing"": 62.896135285762, ""D_shijiazhuang"": 587.069141592104, ""D_tianjin"": 274.148013482248}",58849.49364,cn-jjj-150c-01-V2-LOCATIONS,D_beijing,True,62.896135285762,55533.6153,jjj
True,263.195548764552,208.021837416932,C078,417.0,3,"[""D_beijing"", ""D_shijiazhuang"", ""D_tianjin""]","{""D_beijing"": 55.17371134762, ""D_shijiazhuang"": 594.920761482633, ""D_tianjin"": 263.195548764552}",44429.21142,cn-jjj-150c-01-V2-LOCATIONS,D_beijing,True,55.17371134762,40891.05966,jjj
True,281.161788694869,210.58987747836503,C079,347.0,3,"[""D_beijing"", ""D_shijiazhuang"", ""D_tianjin""]","{""D_beijing"": 70.57191121650399, ""D_shijiazhuang"": 577.675883551865, ""D_tianjin"": 281.161788694869}",44485.58262,cn-jjj-150c-01-V2-LOCATIONS,D_beijing,True,70.57191121650399,42440.0856,jjj
True,274.591787589078,203.000800137991,C080,278.0,3,"[""D_beijing"", ""D_shijiazhuang"", ""D_tianjin""]","{""D_beijing"": 71.590987451087, ""D_shijiazhuang"": 578.031091644094, ""D_tianjin"": 274.591787589078}",50436.65868,cn-jjj-150c-01-V2-LOCATIONS,D_beijing,True,71.590987451087,48455.70456,jjj
True,281.811331833291,206.39998093926,C081,139.0,3,"[""D_beijing"", ""D_shijiazhuang"", ""D_tianjin""]","{""D_beijing"": 75.411350894031, ""D_shijiazhuang"": 577.455914196189, ""D_tianjin"": 281.811331833291}",52441.61274,cn-jjj-150c-01-V2-LOCATIONS,D_beijing,True,75.411350894031,50301.64062,jjj
True,278.164084923646,202.94689635052998,C082,417.0,3,"[""D_beijing"", ""D_shijiazhuang"", ""D_tianjin""]","{""D_beijing"": 75.217188573116, ""D_shijiazhuang"": 570.856532856924, ""D_tianjin"": 278.164084923646}",52554.04818,cn-jjj-150c-01-V2-LOCATIONS,D_beijing,True,75.217188573116,50529.79872,jjj
True,282.801119576834,211.76212238528302,C083,347.0,3,"[""D_beijing"", ""D_shijiazhuang"", ""D_tianjin""]","{""D_beijing"": 71.03899719155099, ""D_shijiazhuang"": 579.4653707150261, ""D_tianjin"": 282.801119576834}",48413.9421,cn-jjj-150c-01-V2-LOCATIONS,D_beijing,True,71.03899719155099,46005.67002,jjj
True,259.269429593968,190.11240995930905,C084,208.0,3,"[""D_beijing"", ""D_shijiazhuang"", ""D_tianjin""]","{""D_beijing"": 69.157019634659, ""D_shijiazhuang"": 573.3025797450371, ""D_tianjin"": 259.269429593968}",50018.517960000005,cn-jjj-150c-01-V2-LOCATIONS,D_beijing,True,69.157019634659,47423.65266,jjj
True,276.93319526033105,201.79655383854703,C085,208.0,3,"[""D_beijing"", ""D_shijiazhuang"", ""D_tianjin""]","{""D_beijing"": 75.136641421784, ""D_shijiazhuang"": 569.62564319361, ""D_tianjin"": 276.93319526033105}",51487.96062,cn-jjj-150c-01-V2-LOCATIONS,D_beijing,True,75.136641421784,48473.7051,jjj
True,278.32794622143996,206.34541736368095,C086,278.0,3,"[""D_beijing"", ""D_shijiazhuang"", ""D_tianjin""]","{""D_beijing"": 71.982528857759, ""D_shijiazhuang"": 577.328591691397, ""D_tianjin"": 278.32794622143996}",57869.2089,cn-jjj-150c-01-V2-LOCATIONS,D_beijing,True,71.982528857759,55187.58324,jjj
True,279.31885761341096,205.55422405156696,C087,139.0,3,"[""D_beijing"", ""D_shijiazhuang"", ""D_tianjin""]","{""D_beijing"": 73.76463356184401, ""D_shijiazhuang"": 574.664262901172, ""D_tianjin"": 279.31885761341096}",52266.296279999995,cn-jjj-150c-01-V2-LOCATIONS,D_beijing,True,73.76463356184401,49936.7109,jjj
True,253.762094084794,172.31234831558498,C088,347.0,3,"[""D_beijing"", ""D_shijiazhuang"", ""D_tianjin""]","{""D_beijing"": 81.449745769209, ""D_shijiazhuang"": 566.4779209864349, ""D_tianjin"": 253.762094084794}",58320.64446,cn-jjj-150c-01-V2-LOCATIONS,D_beijing,True,81.449745769209,56323.149,jjj
True,258.015733441272,192.802546659928,C089,278.0,3,"[""D_beijing"", ""D_shijiazhuang"", ""D_tianjin""]","{""D_beijing"": 65.21318678134399, ""D_shijiazhuang"": 578.3512308110791, ""D_tianjin"": 258.015733441272}",56746.459259999996,cn-jjj-150c-01-V2-LOCATIONS,D_beijing,True,65.21318678134399,53198.64312,jjj
True,283.98100418502696,213.26826763754696,C090,139.0,3,"[""D_beijing"", ""D_shijiazhuang"", ""D_tianjin""]","{""D_beijing"": 70.71273654748, ""D_shijiazhuang"": 576.6734521183059, ""D_tianjin"": 283.98100418502696}",51734.76798,cn-jjj-150c-01-V2-LOCATIONS,D_beijing,True,70.71273654748,48259.778340000004,jjj
True,263.128561461065,207.64826477879097,C091,208.0,3,"[""D_beijing"", ""D_shijiazhuang"", ""D_tianjin""]","{""D_beijing"": 55.480296682273995, ""D_shijiazhuang"": 591.6587047083631, ""D_tianjin"": 263.128561461065}",63115.78686,cn-jjj-150c-01-V2-LOCATIONS,D_beijing,True,55.480296682273995,60779.951759999996,jjj
True,260.46224187763,193.32573770960397,C092,347.0,3,"[""D_beijing"", ""D_shijiazhuang"", ""D_tianjin""]","{""D_beijing"": 67.13650416802601, ""D_shijiazhuang"": 575.0019022122121, ""D_tianjin"": 260.46224187763}",53100.0288,cn-jjj-150c-01-V2-LOCATIONS,D_beijing,True,67.13650416802601,49649.625179999995,jjj
True,269.572342391342,196.81435102125798,C093,208.0,3,"[""D_beijing"", ""D_shijiazhuang"", ""D_tianjin""]","{""D_beijing"": 72.757991370084, ""D_shijiazhuang"": 571.233529749665, ""D_tianjin"": 269.572342391342}",45909.070739999996,cn-jjj-150c-01-V2-LOCATIONS,D_beijing,True,72.757991370084,42598.48254,jjj
True,260.784923406841,202.31257232724002,C094,347.0,3,"[""D_beijing"", ""D_shijiazhuang"", ""D_tianjin""]","{""D_beijing"": 58.472351079601005, ""D_shijiazhuang"": 583.387541038021, ""D_tianjin"": 260.784923406841}",44020.271100000005,cn-jjj-150c-01-V2-LOCATIONS,D_beijing,True,58.472351079601005,41689.207559999995,jjj
True,266.91591030830097,206.43586071779396,C095,347.0,3,"[""D_beijing"", ""D_shijiazhuang"", ""D_tianjin""]","{""D_beijing"": 60.480049590507, ""D_shijiazhuang"": 588.6881071167151, ""D_tianjin"": 266.91591030830097}",48739.5855,cn-jjj-150c-01-V2-LOCATIONS,D_beijing,True,60.480049590507,45720.33018,jjj
True,264.371356529751,199.896786862858,C096,278.0,3,"[""D_beijing"", ""D_shijiazhuang"", ""D_tianjin""]","{""D_beijing"": 64.47456966689299, ""D_shijiazhuang"": 578.508113211445, ""D_tianjin"": 264.371356529751}",60446.91042,cn-jjj-150c-01-V2-LOCATIONS,D_beijing,True,64.47456966689299,57703.733819999994,jjj
True,253.21081947802003,192.27750882510202,C097,208.0,3,"[""D_beijing"", ""D_shijiazhuang"", ""D_tianjin""]","{""D_beijing"": 60.933310652918, ""D_shijiazhuang"": 582.003449088814, ""D_tianjin"": 253.21081947802003}",45909.070739999996,cn-jjj-150c-01-V2-LOCATIONS,D_beijing,True,60.933310652918,42598.48254,jjj
True,257.20300245245403,188.34692160844105,C098,139.0,3,"[""D_beijing"", ""D_shijiazhuang"", ""D_tianjin""]","{""D_beijing"": 68.856080844013, ""D_shijiazhuang"": 575.2077890169329, ""D_tianjin"": 257.20300245245403}",58706.121960000004,cn-jjj-150c-01-V2-LOCATIONS,D_beijing,True,68.856080844013,56679.10602,jjj
True,654.8279853354071,599.22438262134,C099,208.0,3,"[""D_beijing"", ""D_shijiazhuang"", ""D_tianjin""]","{""D_beijing"": 667.988860042017, ""D_shijiazhuang"": 55.603602714067, ""D_tianjin"": 654.8279853354071}",52706.97809999999,cn-jjj-150c-01-V2-LOCATIONS,D_shijiazhuang,True,55.603602714067,49629.05184,jjj
True,628.772011631312,577.6411658096811,C100,208.0,3,"[""D_beijing"", ""D_shijiazhuang"", ""D_tianjin""]","{""D_beijing"": 641.9328863379219, ""D_shijiazhuang"": 51.130845821631, ""D_tianjin"": 628.772011631312}",44803.90512,cn-jjj-150c-01-V2-LOCATIONS,D_shijiazhuang,True,51.130845821631,41987.768280000004,jjj
True,630.168110613449,587.479367438322,C101,208.0,3,"[""D_beijing"", ""D_shijiazhuang"", ""D_tianjin""]","{""D_beijing"": 643.328985320059, ""D_shijiazhuang"": 42.688743175126994, ""D_tianjin"": 630.168110613449}",51549.54246,cn-jjj-150c-01-V2-LOCATIONS,D_shijiazhuang,True,42.688743175126994,48703.37334,jjj
True,627.987504471408,587.479367438322,C102,417.0,3,"[""D_beijing"", ""D_shijiazhuang"", ""D_tianjin""]","{""D_beijing"": 641.1483791780181, ""D_shijiazhuang"": 40.508137033086, ""D_tianjin"": 627.987504471408}",61362.4461,cn-jjj-150c-01-V2-LOCATIONS,D_shijiazhuang,True,40.508137033086,59238.399959999995,jjj
True,633.63701350032,587.472293751492,C103,208.0,3,"[""D_beijing"", ""D_shijiazhuang"", ""D_tianjin""]","{""D_beijing"": 646.79788820693, ""D_shijiazhuang"": 46.164719748828, ""D_tianjin"": 633.63701350032}",61656.344999999994,cn-jjj-150c-01-V2-LOCATIONS,D_shijiazhuang,True,46.164719748828,59264.74938,jjj
True,635.143763580129,586.407100415518,C104,278.0,3,"[""D_beijing"", ""D_shijiazhuang"", ""D_tianjin""]","{""D_beijing"": 648.304638286739, ""D_shijiazhuang"": 48.736663164611, ""D_tianjin"": 635.143763580129}",60705.825359999995,cn-jjj-150c-01-V2-LOCATIONS,D_shijiazhuang,True,48.736663164611,57199.689660000004,jjj
True,636.831230515452,598.2796624529931,C105,278.0,3,"[""D_beijing"", ""D_shijiazhuang"", ""D_tianjin""]","{""D_beijing"": 649.9921052220619, ""D_shijiazhuang"": 38.551568062459005, ""D_tianjin"": 636.831230515452}",59908.903080000004,cn-jjj-150c-01-V2-LOCATIONS,D_shijiazhuang,True,38.551568062459005,57027.710940000004,jjj
True,637.314252750807,584.101665206123,C106,278.0,3,"[""D_beijing"", ""D_shijiazhuang"", ""D_tianjin""]","{""D_beijing"": 650.475127457417, ""D_shijiazhuang"": 53.212587544684, ""D_tianjin"": 637.314252750807}",45232.57086,cn-jjj-150c-01-V2-LOCATIONS,D_shijiazhuang,True,53.212587544684,42559.39998,jjj
True,640.8993630132319,598.8789981654719,C107,139.0,3,"[""D_beijing"", ""D_shijiazhuang"", ""D_tianjin""]","{""D_beijing"": 654.060237719842, ""D_shijiazhuang"": 42.02036484776, ""D_tianjin"": 640.8993630132319}",47397.8808,cn-jjj-150c-01-V2-LOCATIONS,D_shijiazhuang,True,42.02036484776,44636.30724,jjj
True,644.473974560268,596.8410903138199,C108,208.0,3,"[""D_beijing"", ""D_shijiazhuang"", ""D_tianjin""]","{""D_beijing"": 657.634849266878, ""D_shijiazhuang"": 47.63288424644799, ""D_tianjin"": 644.473974560268}",51819.57828,cn-jjj-150c-01-V2-LOCATIONS,D_shijiazhuang,True,47.63288424644799,49495.8117,jjj
True,637.744051072417,598.7794793401681,C109,278.0,3,"[""D_beijing"", ""D_shijiazhuang"", ""D_tianjin""]","{""D_beijing"": 650.9049257790269, ""D_shijiazhuang"": 38.96457173224899, ""D_tianjin"": 637.744051072417}",47228.983739999996,cn-jjj-150c-01-V2-LOCATIONS,D_shijiazhuang,True,38.96457173224899,44601.09,jjj
True,641.640120791543,595.7713941010551,C110,208.0,3,"[""D_beijing"", ""D_shijiazhuang"", ""D_tianjin""]","{""D_beijing"": 654.800995498153, ""D_shijiazhuang"": 45.868726690487996, ""D_tianjin"": 641.640120791543}",63067.30211999999,cn-jjj-150c-01-V2-LOCATIONS,D_shijiazhuang,True,45.868726690487996,60249.520260000005,jjj
True,635.389567658927,586.9260051872291,C111,347.0,3,"[""D_beijing"", ""D_shijiazhuang"", ""D_tianjin""]","{""D_beijing"": 648.5504423655369, ""D_shijiazhuang"": 48.463562471698, ""D_tianjin"": 635.389567658927}",51882.03618,cn-jjj-150c-01-V2-LOCATIONS,D_shijiazhuang,True,48.463562471698,49393.90458,jjj
True,635.7064657669091,598.76329201067,C112,417.0,3,"[""D_beijing"", ""D_shijiazhuang"", ""D_tianjin""]","{""D_beijing"": 648.867340473519, ""D_shijiazhuang"": 36.943173756239, ""D_tianjin"": 635.7064657669091}",61954.4949,cn-jjj-150c-01-V2-LOCATIONS,D_shijiazhuang,True,36.943173756239,59153.22348,jjj
True,640.959930569319,595.569595204224,C113,347.0,3,"[""D_beijing"", ""D_shijiazhuang"", ""D_tianjin""]","{""D_beijing"": 654.1208052759289, ""D_shijiazhuang"": 45.390335365095, ""D_tianjin"": 640.959930569319}",47720.134379999996,cn-jjj-150c-01-V2-LOCATIONS,D_shijiazhuang,True,45.390335365095,45720.26334,jjj
True,650.4183434678761,598.991031097211,C114,139.0,3,"[""D_beijing"", ""D_shijiazhuang"", ""D_tianjin""]","{""D_beijing"": 663.579218174486, ""D_shijiazhuang"": 51.427312370665, ""D_tianjin"": 650.4183434678761}",48744.22758,cn-jjj-150c-01-V2-LOCATIONS,D_shijiazhuang,True,51.427312370665,45739.01196,jjj
True,284.728677835845,252.84173101979803,C115,417.0,3,"[""D_beijing"", ""D_shijiazhuang"", ""D_tianjin""]","{""D_beijing"": 284.728677835845, ""D_shijiazhuang"": 604.2773740450481, ""D_tianjin"": 31.886946816046997}",46161.6621,cn-jjj-150c-01-V2-LOCATIONS,D_tianjin,True,31.886946816046997,43515.8238,jjj
True,290.248937859942,251.12766140577696,C116,278.0,3,"[""D_beijing"", ""D_shijiazhuang"", ""D_tianjin""]","{""D_beijing"": 290.248937859942, ""D_shijiazhuang"": 602.563841660651, ""D_tianjin"": 39.121276454165}",63568.07400000001,cn-jjj-150c-01-V2-LOCATIONS,D_tianjin,True,39.121276454165,60155.94258,jjj
True,295.779121927817,249.70244826578403,C117,139.0,3,"[""D_beijing"", ""D_shijiazhuang"", ""D_tianjin""]","{""D_beijing"": 295.779121927817, ""D_shijiazhuang"": 584.765797640373, ""D_tianjin"": 46.076673662033}",51012.710340000005,cn-jjj-150c-01-V2-LOCATIONS,D_tianjin,True,46.076673662033,47731.00602,jjj
True,296.97631956214303,248.75874928402303,C118,347.0,3,"[""D_beijing"", ""D_shijiazhuang"", ""D_tianjin""]","{""D_beijing"": 296.97631956214303, ""D_shijiazhuang"": 597.9522792876679, ""D_tianjin"": 48.21757027812}",48015.67914,cn-jjj-150c-01-V2-LOCATIONS,D_tianjin,True,48.21757027812,46015.73772,jjj
True,284.728677857575,252.841731019798,C119,278.0,3,"[""D_beijing"", ""D_shijiazhuang"", ""D_tianjin""]","{""D_beijing"": 284.728677857575, ""D_shijiazhuang"": 604.2773740667791, ""D_tianjin"": 31.886946837777}",49139.03736,cn-jjj-150c-01-V2-LOCATIONS,D_tianjin,True,31.886946837777,45575.741519999996,jjj
True,284.343942553305,251.889917185403,C120,278.0,3,"[""D_beijing"", ""D_shijiazhuang"", ""D_tianjin""]","{""D_beijing"": 284.343942553305, ""D_shijiazhuang"": 605.1052903554701, ""D_tianjin"": 32.454025367902005}",46676.67258,cn-jjj-150c-01-V2-LOCATIONS,D_tianjin,True,32.454025367902005,43676.2632,jjj
True,294.70683713531696,251.04954241351896,C121,417.0,3,"[""D_beijing"", ""D_shijiazhuang"", ""D_tianjin""]","{""D_beijing"": 294.70683713531696, ""D_shijiazhuang"": 585.2950623730829, ""D_tianjin"": 43.657294721797996}",57668.56626,cn-jjj-150c-01-V2-LOCATIONS,D_tianjin,True,43.657294721797996,54922.92408,jjj
True,298.60787312524104,248.92177739454203,C122,278.0,3,"[""D_beijing"", ""D_shijiazhuang"", ""D_tianjin""]","{""D_beijing"": 298.60787312524104, ""D_shijiazhuang"": 584.469610455213, ""D_tianjin"": 49.686095730699}",53286.02178,cn-jjj-150c-01-V2-LOCATIONS,D_tianjin,True,49.686095730699,49737.54288,jjj
True,284.34394255332495,251.88991718540296,C123,347.0,3,"[""D_beijing"", ""D_shijiazhuang"", ""D_tianjin""]","{""D_beijing"": 284.34394255332495, ""D_shijiazhuang"": 605.105290355491, ""D_tianjin"": 32.454025367922}",48322.36734,cn-jjj-150c-01-V2-LOCATIONS,D_tianjin,True,32.454025367922,45086.243460000005,jjj
True,294.70683714008703,251.04954241351902,C124,278.0,3,"[""D_beijing"", ""D_shijiazhuang"", ""D_tianjin""]","{""D_beijing"": 294.70683714008703, ""D_shijiazhuang"": 585.295062377853, ""D_tianjin"": 43.657294726568}",51759.69258,cn-jjj-150c-01-V2-LOCATIONS,D_tianjin,True,43.657294726568,49176.9843,jjj
True,294.706837145097,251.04954241351896,C125,347.0,3,"[""D_beijing"", ""D_shijiazhuang"", ""D_tianjin""]","{""D_beijing"": 294.706837145097, ""D_shijiazhuang"": 585.295062382863, ""D_tianjin"": 43.657294731578006}",66303.75576,cn-jjj-150c-01-V2-LOCATIONS,D_tianjin,True,43.657294731578006,63246.248340000006,jjj
True,290.008589999466,249.527157353561,C126,347.0,3,"[""D_beijing"", ""D_shijiazhuang"", ""D_tianjin""]","{""D_beijing"": 290.008589999466, ""D_shijiazhuang"": 595.9463755196749, ""D_tianjin"": 40.481432645905}",44921.310900000004,cn-jjj-150c-01-V2-LOCATIONS,D_tianjin,True,40.481432645905,41699.25204,jjj
True,292.79086884576805,246.00051261375503,C127,208.0,3,"[""D_beijing"", ""D_shijiazhuang"", ""D_tianjin""]","{""D_beijing"": 292.79086884576805, ""D_shijiazhuang"": 605.331135444119, ""D_tianjin"": 46.790356232013}",57287.025,cn-jjj-150c-01-V2-LOCATIONS,D_tianjin,True,46.790356232013,54353.09256,jjj
True,288.331837938715,248.040699067674,C128,208.0,3,"[""D_beijing"", ""D_shijiazhuang"", ""D_tianjin""]","{""D_beijing"": 288.331837938715, ""D_shijiazhuang"": 600.415674945471, ""D_tianjin"": 40.29113887104099}",42496.48668,cn-jjj-150c-01-V2-LOCATIONS,D_tianjin,True,40.29113887104099,40468.26366,jjj
True,296.760701688759,252.79258328741102,C129,208.0,3,"[""D_beijing"", ""D_shijiazhuang"", ""D_tianjin""]","{""D_beijing"": 296.760701688759, ""D_shijiazhuang"": 584.996481277956, ""D_tianjin"": 43.968118401348}",57870.612420000005,cn-jjj-150c-01-V2-LOCATIONS,D_tianjin,True,43.968118401348,55885.400760000004,jjj
True,286.783569101081,253.516438435389,C130,208.0,3,"[""D_beijing"", ""D_shijiazhuang"", ""D_tianjin""]","{""D_beijing"": 286.783569101081, ""D_shijiazhuang"": 602.9818635605869, ""D_tianjin"": 33.267130665692}",49470.73566,cn-jjj-150c-01-V2-LOCATIONS,D_tianjin,True,33.267130665692,47592.4524,jjj
True,288.345698776781,248.04069906767398,C131,347.0,3,"[""D_beijing"", ""D_shijiazhuang"", ""D_tianjin""]","{""D_beijing"": 288.345698776781, ""D_shijiazhuang"": 599.925819910851, ""D_tianjin"": 40.304999709106994}",46437.08208,cn-jjj-150c-01-V2-LOCATIONS,D_tianjin,True,40.304999709106994,43235.994060000005,jjj
True,285.08006529924205,248.04069906767404,C132,278.0,3,"[""D_beijing"", ""D_shijiazhuang"", ""D_tianjin""]","{""D_beijing"": 285.08006529924205, ""D_shijiazhuang"": 601.0956320897739, ""D_tianjin"": 37.039366231567996}",48548.74602,cn-jjj-150c-01-V2-LOCATIONS,D_tianjin,True,37.039366231567996,45571.92804,jjj
True,293.03812759390905,247.55635947062905,C133,278.0,3,"[""D_beijing"", ""D_shijiazhuang"", ""D_tianjin""]","{""D_beijing"": 293.03812759390905, ""D_shijiazhuang"": 605.05995294955, ""D_tianjin"": 45.48176812328}",56619.562860000005,cn-jjj-150c-01-V2-LOCATIONS,D_tianjin,True,45.48176812328,54139.97472,jjj
True,296.424651455378,250.874151727111,C134,139.0,3,"[""D_beijing"", ""D_shijiazhuang"", ""D_tianjin""]","{""D_beijing"": 296.424651455378, ""D_shijiazhuang"": 585.6247593222871, ""D_tianjin"": 45.550499728267}",59972.381219999996,cn-jjj-150c-01-V2-LOCATIONS,D_tianjin,True,45.550499728267,57508.95906,jjj
True,284.728677844805,252.84173101979803,C135,417.0,3,"[""D_beijing"", ""D_shijiazhuang"", ""D_tianjin""]","{""D_beijing"": 284.728677844805, ""D_shijiazhuang"": 604.277374054009, ""D_tianjin"": 31.886946825006998}",48908.0655,cn-jjj-150c-01-V2-LOCATIONS,D_tianjin,True,31.886946825006998,46782.07578,jjj
True,287.43681850393097,245.72760342573096,C136,278.0,3,"[""D_beijing"", ""D_shijiazhuang"", ""D_tianjin""]","{""D_beijing"": 287.43681850393097, ""D_shijiazhuang"": 595.283925936786, ""D_tianjin"": 41.7092150782}",45987.3264,cn-jjj-150c-01-V2-LOCATIONS,D_tianjin,True,41.7092150782,42641.571,jjj
True,292.67048164856396,244.33793699731797,C137,278.0,3,"[""D_beijing"", ""D_shijiazhuang"", ""D_tianjin""]","{""D_beijing"": 292.67048164856396, ""D_shijiazhuang"": 603.7843972984131, ""D_tianjin"": 48.332544651246}",51725.68194,cn-jjj-150c-01-V2-LOCATIONS,D_tianjin,True,48.332544651246,48471.72792,jjj
True,296.70561011695895,252.79258328741096,C138,139.0,3,"[""D_beijing"", ""D_shijiazhuang"", ""D_tianjin""]","{""D_beijing"": 296.70561011695895, ""D_shijiazhuang"": 585.051572812636, ""D_tianjin"": 43.913026829547995}",58415.92356,cn-jjj-150c-01-V2-LOCATIONS,D_tianjin,True,43.913026829547995,55676.82888,jjj
True,298.29115324301097,244.02476725100396,C139,208.0,3,"[""D_beijing"", ""D_shijiazhuang"", ""D_tianjin""]","{""D_beijing"": 298.29115324301097, ""D_shijiazhuang"": 594.185669001386, ""D_tianjin"": 54.266385992006995}",56946.05646,cn-jjj-150c-01-V2-LOCATIONS,D_tianjin,True,54.266385992006995,54709.34166,jjj
True,300.76505268745495,245.73172933257894,C140,139.0,3,"[""D_beijing"", ""D_shijiazhuang"", ""D_tianjin""]","{""D_beijing"": 300.76505268745495, ""D_shijiazhuang"": 581.456001663587, ""D_tianjin"": 55.033323354876}",45997.29432,cn-jjj-150c-01-V2-LOCATIONS,D_tianjin,True,55.033323354876,43898.56332,jjj
True,292.33876699044396,248.00497730854096,C141,208.0,3,"[""D_beijing"", ""D_shijiazhuang"", ""D_tianjin""]","{""D_beijing"": 292.33876699044396, ""D_shijiazhuang"": 587.381433385604, ""D_tianjin"": 44.333789681903}",47306.81508,cn-jjj-150c-01-V2-LOCATIONS,D_tianjin,True,44.333789681903,44007.140159999995,jjj
True,291.76083358249997,243.95633465528897,C142,139.0,3,"[""D_beijing"", ""D_shijiazhuang"", ""D_tianjin""]","{""D_beijing"": 291.76083358249997, ""D_shijiazhuang"": 588.710412785995, ""D_tianjin"": 47.80449892721099}",62124.561720000005,cn-jjj-150c-01-V2-LOCATIONS,D_tianjin,True,47.80449892721099,59129.1459,jjj
True,297.73249814324305,241.38311364116404,C143,139.0,3,"[""D_beijing"", ""D_shijiazhuang"", ""D_tianjin""]","{""D_beijing"": 297.73249814324305, ""D_shijiazhuang"": 576.1691134461399, ""D_tianjin"": 56.349384502079005}",52393.28202,cn-jjj-150c-01-V2-LOCATIONS,D_tianjin,True,56.349384502079005,49786.0752,jjj
True,296.616082178319,252.792583287411,C144,417.0,3,"[""D_beijing"", ""D_shijiazhuang"", ""D_tianjin""]","{""D_beijing"": 296.616082178319, ""D_shijiazhuang"": 585.461266542193, ""D_tianjin"": 43.823498890908}",43037.306280000004,cn-jjj-150c-01-V2-LOCATIONS,D_tianjin,True,43.823498890908,40108.64832,jjj
True,294.706837187887,251.04954241351902,C145,347.0,3,"[""D_beijing"", ""D_shijiazhuang"", ""D_tianjin""]","{""D_beijing"": 294.706837187887, ""D_shijiazhuang"": 585.295062425653, ""D_tianjin"": 43.657294774368}",51123.272639999996,cn-jjj-150c-01-V2-LOCATIONS,D_tianjin,True,43.657294774368,47806.749780000006,jjj
True,284.343942555608,251.88991718540302,C146,347.0,3,"[""D_beijing"", ""D_shijiazhuang"", ""D_tianjin""]","{""D_beijing"": 284.343942555608, ""D_shijiazhuang"": 605.105290357773, ""D_tianjin"": 32.454025370205}",51665.91996,cn-jjj-150c-01-V2-LOCATIONS,D_tianjin,True,32.454025370205,48969.58212,jjj
True,296.403391084266,238.978330278818,C147,278.0,3,"[""D_beijing"", ""D_shijiazhuang"", ""D_tianjin""]","{""D_beijing"": 296.403391084266, ""D_shijiazhuang"": 584.135950441049, ""D_tianjin"": 57.425060805448005}",46923.592860000004,cn-jjj-150c-01-V2-LOCATIONS,D_tianjin,True,57.425060805448005,44009.09076,jjj
True,297.580667845988,240.14231772143998,C148,139.0,3,"[""D_beijing"", ""D_shijiazhuang"", ""D_tianjin""]","{""D_beijing"": 297.580667845988, ""D_shijiazhuang"": 584.260178361569, ""D_tianjin"": 57.438350124548}",46561.10262,cn-jjj-150c-01-V2-LOCATIONS,D_tianjin,True,57.438350124548,43386.41898,jjj
True,296.63941147073905,252.79258328741105,C149,139.0,3,"[""D_beijing"", ""D_shijiazhuang"", ""D_tianjin""]","{""D_beijing"": 296.63941147073905, ""D_shijiazhuang"": 585.4845958346131, ""D_tianjin"": 43.846828183328}",47670.02868,cn-jjj-150c-01-V2-LOCATIONS,D_tianjin,True,43.846828183328,44990.7189,jjj
True,296.761145530759,252.792583287411,C150,278.0,3,"[""D_beijing"", ""D_shijiazhuang"", ""D_tianjin""]","{""D_beijing"": 296.761145530759, ""D_shijiazhuang"": 584.996037461976, ""D_tianjin"": 43.968562243348}",60705.825359999995,cn-jjj-150c-01-V2-LOCATIONS,D_tianjin,True,43.968562243348,57199.689660000004,jjj
True,277.63459787414,202.99477502070602,C001,278.0,3,"[""D_beijing"", ""D_shijiazhuang"", ""D_tianjin""]","{""D_beijing"": 74.63982285343398, ""D_shijiazhuang"": 575.5394521927619, ""D_tianjin"": 277.63459787414}",45247.38186,cn-jjj-150c-02-V2-LOCATIONS,D_beijing,True,74.63982285343398,43414.90692,jjj
True,281.811331823971,207.73176188690098,C002,347.0,3,"[""D_beijing"", ""D_shijiazhuang"", ""D_tianjin""]","{""D_beijing"": 74.07956993707, ""D_shijiazhuang"": 576.110632000481, ""D_tianjin"": 281.811331823971}",52684.743780000004,cn-jjj-150c-02-V2-LOCATIONS,D_beijing,True,74.07956993707,49377.24126,jjj
True,266.18342292278095,201.87549721973994,C003,139.0,3,"[""D_beijing"", ""D_shijiazhuang"", ""D_tianjin""]","{""D_beijing"": 64.30792570304101, ""D_shijiazhuang"": 578.9852109577879, ""D_tianjin"": 266.18342292278095}",56940.4689,cn-jjj-150c-02-V2-LOCATIONS,D_beijing,True,64.30792570304101,53742.19674,jjj
True,261.00130420584003,187.330050410429,C004,278.0,3,"[""D_beijing"", ""D_shijiazhuang"", ""D_tianjin""]","{""D_beijing"": 73.671253795411, ""D_shijiazhuang"": 571.983838406216, ""D_tianjin"": 261.00130420584003}",59637.166979999995,cn-jjj-150c-02-V2-LOCATIONS,D_beijing,True,73.671253795411,56700.687900000004,jjj
True,282.600362048269,210.279841735623,C005,139.0,3,"[""D_beijing"", ""D_shijiazhuang"", ""D_tianjin""]","{""D_beijing"": 72.320520312646, ""D_shijiazhuang"": 579.209303519529, ""D_tianjin"": 282.600362048269}",62069.200919999996,cn-jjj-150c-02-V2-LOCATIONS,D_beijing,True,72.320520312646,59390.5791,jjj
True,251.957351974956,181.74880700040302,C006,208.0,3,"[""D_beijing"", ""D_shijiazhuang"", ""D_tianjin""]","{""D_beijing"": 70.20854497455299, ""D_shijiazhuang"": 572.6929686906049, ""D_tianjin"": 251.957351974956}",61473.80628,cn-jjj-150c-02-V2-LOCATIONS,D_beijing,True,70.20854497455299,57969.44562,jjj
True,253.88561209548598,184.59957601247197,C007,278.0,3,"[""D_beijing"", ""D_shijiazhuang"", ""D_tianjin""]","{""D_beijing"": 69.28603608301401, ""D_shijiazhuang"": 574.747166222799, ""D_tianjin"": 253.88561209548598}",43815.797399999996,cn-jjj-150c-02-V2-LOCATIONS,D_beijing,True,69.28603608301401,41776.62762,jjj
True,274.396428972031,206.510093253727,C008,208.0,3,"[""D_beijing"", ""D_shijiazhuang"", ""D_tianjin""]","{""D_beijing"": 67.88633571830401, ""D_shijiazhuang"": 581.8964647017061, ""D_tianjin"": 274.396428972031}",47265.6936,cn-jjj-150c-02-V2-LOCATIONS,D_beijing,True,67.88633571830401,44128.79064,jjj
True,263.48194310615,204.75227509541804,C009,139.0,3,"[""D_beijing"", ""D_shijiazhuang"", ""D_tianjin""]","{""D_beijing"": 58.729668010732, ""D_shijiazhuang"": 584.491439990414, ""D_tianjin"": 263.48194310615}",55622.11608,cn-jjj-150c-02-V2-LOCATIONS,D_beijing,True,58.729668010732,53328.78312,jjj
True,269.646293580073,208.189299035844,C010,347.0,3,"[""D_beijing"", ""D_shijiazhuang"", ""D_tianjin""]","{""D_beijing"": 61.456994544229005, ""D_shijiazhuang"": 585.928221925084, ""D_tianjin"": 269.646293580073}",63510.58284,cn-jjj-150c-02-V2-LOCATIONS,D_beijing,True,61.456994544229005,60888.66732,jjj
True,286.46982661326604,209.13193763911303,C011,347.0,3,"[""D_beijing"", ""D_shijiazhuang"", ""D_tianjin""]","{""D_beijing"": 77.337888974153, ""D_shijiazhuang"": 572.216309703129, ""D_tianjin"": 286.46982661326604}",51510.10764,cn-jjj-150c-02-V2-LOCATIONS,D_beijing,True,77.337888974153,48846.496139999996,jjj
True,245.464044817529,177.83295781567398,C012,278.0,3,"[""D_beijing"", ""D_shijiazhuang"", ""D_tianjin""]","{""D_beijing"": 67.631087001855, ""D_shijiazhuang"": 575.4062629066841, ""D_tianjin"": 245.464044817529}",50398.87968,cn-jjj-150c-02-V2-LOCATIONS,D_beijing,True,67.631087001855,48455.46774,jjj
True,276.02587772188605,205.36507980691005,C013,417.0,3,"[""D_beijing"", ""D_shijiazhuang"", ""D_tianjin""]","{""D_beijing"": 70.66079791497599, ""D_shijiazhuang"": 583.5259134515601, ""D_tianjin"": 276.02587772188605}",43143.95826,cn-jjj-150c-02-V2-LOCATIONS,D_beijing,True,70.66079791497599,41028.110459999996,jjj
True,245.006556295713,160.615814755818,C014,347.0,3,"[""D_beijing"", ""D_shijiazhuang"", ""D_tianjin""]","{""D_beijing"": 84.390741539895, ""D_shijiazhuang"": 580.6491953827781, ""D_tianjin"": 245.006556295713}",57283.1757,cn-jjj-150c-02-V2-LOCATIONS,D_beijing,True,84.390741539895,54472.52172,jjj
True,258.277648560411,187.79400335814202,C015,347.0,3,"[""D_beijing"", ""D_shijiazhuang"", ""D_tianjin""]","{""D_beijing"": 70.483645202269, ""D_shijiazhuang"": 576.622450073324, ""D_tianjin"": 258.277648560411}",62627.74308000001,cn-jjj-150c-02-V2-LOCATIONS,D_beijing,True,70.483645202269,59297.71338,jjj
True,280.202794648964,210.448757966511,C016,417.0,3,"[""D_beijing"", ""D_shijiazhuang"", ""D_tianjin""]","{""D_beijing"": 69.754036682453, ""D_shijiazhuang"": 578.9040910246209, ""D_tianjin"": 280.202794648964}",58299.7785,cn-jjj-150c-02-V2-LOCATIONS,D_beijing,True,69.754036682453,55819.036439999996,jjj
True,256.330456839048,170.848200529999,C017,139.0,3,"[""D_beijing"", ""D_shijiazhuang"", ""D_tianjin""]","{""D_beijing"": 85.482256309049, ""D_shijiazhuang"": 565.9191329362011, ""D_tianjin"": 256.330456839048}",56332.79208,cn-jjj-150c-02-V2-LOCATIONS,D_beijing,True,85.482256309049,52789.22694,jjj
True,265.235535781684,209.672582913955,C018,139.0,3,"[""D_beijing"", ""D_shijiazhuang"", ""D_tianjin""]","{""D_beijing"": 55.562952867729, ""D_shijiazhuang"": 593.3327519809629, ""D_tianjin"": 265.235535781684}",63907.28952,cn-jjj-150c-02-V2-LOCATIONS,D_beijing,True,55.562952867729,60615.92148,jjj
True,267.490881992607,179.088128740378,C019,278.0,3,"[""D_beijing"", ""D_shijiazhuang"", ""D_tianjin""]","{""D_beijing"": 88.402753252229, ""D_shijiazhuang"": 557.548226875401, ""D_tianjin"": 267.490881992607}",57642.13494,cn-jjj-150c-02-V2-LOCATIONS,D_beijing,True,88.402753252229,54696.4713,jjj
True,251.68589434567798,187.794003358142,C020,347.0,3,"[""D_beijing"", ""D_shijiazhuang"", ""D_tianjin""]","{""D_beijing"": 63.891890987535994, ""D_shijiazhuang"": 580.44535596441, ""D_tianjin"": 251.68589434567798}",50028.11982,cn-jjj-150c-02-V2-LOCATIONS,D_beijing,True,63.891890987535994,46479.466440000004,jjj
True,274.675977671274,202.97979824993098,C021,208.0,3,"[""D_beijing"", ""D_shijiazhuang"", ""D_tianjin""]","{""D_beijing"": 71.69617942134299, ""D_shijiazhuang"": 578.11528172629, ""D_tianjin"": 274.675977671274}",58116.80706000001,cn-jjj-150c-02-V2-LOCATIONS,D_beijing,True,71.69617942134299,56260.39668,jjj
True,253.736012293545,183.04735122060902,C022,208.0,3,"[""D_beijing"", ""D_shijiazhuang"", ""D_tianjin""]","{""D_beijing"": 70.688661072936, ""D_shijiazhuang"": 571.397582744268, ""D_tianjin"": 253.736012293545}",55203.21288,cn-jjj-150c-02-V2-LOCATIONS,D_beijing,True,70.688661072936,52685.404619999994,jjj
True,262.01256015000104,192.96504598985803,C023,278.0,3,"[""D_beijing"", ""D_shijiazhuang"", ""D_tianjin""]","{""D_beijing"": 69.04751416014301, ""D_shijiazhuang"": 577.8939029707079, ""D_tianjin"": 262.01256015000104}",60897.0387,cn-jjj-150c-02-V2-LOCATIONS,D_beijing,True,69.04751416014301,58065.1956,jjj
True,264.578698467267,181.03635905136997,C024,347.0,3,"[""D_beijing"", ""D_shijiazhuang"", ""D_tianjin""]","{""D_beijing"": 83.542339415897, ""D_shijiazhuang"": 561.0647800894869, ""D_tianjin"": 264.578698467267}",51703.618800000004,cn-jjj-150c-02-V2-LOCATIONS,D_beijing,True,83.542339415897,48842.248439999996,jjj
True,282.59169358664707,207.91023403925107,C025,139.0,3,"[""D_beijing"", ""D_shijiazhuang"", ""D_tianjin""]","{""D_beijing"": 74.68145954739599, ""D_shijiazhuang"": 576.890993763156, ""D_tianjin"": 282.59169358664707}",67362.89214,cn-jjj-150c-02-V2-LOCATIONS,D_beijing,True,74.68145954739599,64326.07116000001,jjj
True,259.324250852513,201.50481966831998,C026,208.0,3,"[""D_beijing"", ""D_shijiazhuang"", ""D_tianjin""]","{""D_beijing"": 57.819431184193, ""D_shijiazhuang"": 586.675649338892, ""D_tianjin"": 259.324250852513}",56339.78562,cn-jjj-150c-02-V2-LOCATIONS,D_beijing,True,57.819431184193,53069.9997,jjj
True,274.24506256870995,201.88513352965495,C027,139.0,3,"[""D_beijing"", ""D_shijiazhuang"", ""D_tianjin""]","{""D_beijing"": 72.359929039055, ""D_shijiazhuang"": 570.959222737813, ""D_tianjin"": 274.24506256870995}",63233.046420000006,cn-jjj-150c-02-V2-LOCATIONS,D_beijing,True,72.359929039055,61410.16566,jjj
True,274.24506258761,201.88513352965498,C028,139.0,3,"[""D_beijing"", ""D_shijiazhuang"", ""D_tianjin""]","{""D_beijing"": 72.35992905795501, ""D_shijiazhuang"": 570.959222756713, ""D_tianjin"": 274.24506258761}",46175.679299999996,cn-jjj-150c-02-V2-LOCATIONS,D_beijing,True,72.35992905795501,43515.17688,jjj
True,272.566070018285,206.250233771331,C029,139.0,3,"[""D_beijing"", ""D_shijiazhuang"", ""D_tianjin""]","{""D_beijing"": 66.315836246954, ""D_shijiazhuang"": 581.513897271057, ""D_tianjin"": 272.566070018285}",49266.4668,cn-jjj-150c-02-V2-LOCATIONS,D_beijing,True,66.315836246954,46209.09702,jjj
True,266.34202435504096,200.53781865297196,C030,417.0,3,"[""D_beijing"", ""D_shijiazhuang"", ""D_tianjin""]","{""D_beijing"": 65.804205702069, ""D_shijiazhuang"": 579.4463022644711, ""D_tianjin"": 266.34202435504096}",59316.56736,cn-jjj-150c-02-V2-LOCATIONS,D_beijing,True,65.804205702069,55890.80328,jjj
True,253.54559806459798,194.77913653878898,C031,417.0,3,"[""D_beijing"", ""D_shijiazhuang"", ""D_tianjin""]","{""D_beijing"": 58.766461525809, ""D_shijiazhuang"": 584.133710780588, ""D_tianjin"": 253.54559806459798}",63712.621979999996,cn-jjj-150c-02-V2-LOCATIONS,D_beijing,True,58.766461525809,61419.49194,jjj
True,262.744354076915,196.222540192236,C032,417.0,3,"[""D_beijing"", ""D_shijiazhuang"", ""D_tianjin""]","{""D_beijing"": 66.52181388467899, ""D_shijiazhuang"": 576.25797898218, ""D_tianjin"": 262.744354076915}",52254.34908,cn-jjj-150c-02-V2-LOCATIONS,D_beijing,True,66.52181388467899,49503.43434,jjj
True,275.468787434106,209.34265319177598,C033,347.0,3,"[""D_beijing"", ""D_shijiazhuang"", ""D_tianjin""]","{""D_beijing"": 66.12613424233, ""D_shijiazhuang"": 582.9688231637799, ""D_tianjin"": 275.468787434106}",53100.0288,cn-jjj-150c-02-V2-LOCATIONS,D_beijing,True,66.12613424233,49649.625179999995,jjj
True,252.167529853955,163.266614425598,C034,417.0,3,"[""D_beijing"", ""D_shijiazhuang"", ""D_tianjin""]","{""D_beijing"": 88.900915428357, ""D_shijiazhuang"": 571.965836288657, ""D_tianjin"": 252.167529853955}",47410.94562,cn-jjj-150c-02-V2-LOCATIONS,D_beijing,True,88.900915428357,44961.35394,jjj
True,261.969444589783,201.876046006787,C035,347.0,3,"[""D_beijing"", ""D_shijiazhuang"", ""D_tianjin""]","{""D_beijing"": 60.093398582996, ""D_shijiazhuang"": 585.646185867378, ""D_tianjin"": 261.969444589783}",52684.82226,cn-jjj-150c-02-V2-LOCATIONS,D_beijing,True,60.093398582996,50172.51948,jjj
True,258.04730083967,202.31257232724002,C036,417.0,3,"[""D_beijing"", ""D_shijiazhuang"", ""D_tianjin""]","{""D_beijing"": 55.734728512429996, ""D_shijiazhuang"": 589.538296613161, ""D_tianjin"": 258.04730083967}",59507.76324,cn-jjj-150c-02-V2-LOCATIONS,D_beijing,True,55.734728512429996,55986.9924,jjj
True,266.87983636356097,206.39978683511396,C037,278.0,3,"[""D_beijing"", ""D_shijiazhuang"", ""D_tianjin""]","{""D_beijing"": 60.480049528447005, ""D_shijiazhuang"": 588.688107054655, ""D_tianjin"": 266.87983636356097}",45275.147999999994,cn-jjj-150c-02-V2-LOCATIONS,D_beijing,True,60.480049528447005,42011.4807,jjj
True,261.18446239844,187.42457857875104,C038,208.0,3,"[""D_beijing"", ""D_shijiazhuang"", ""D_tianjin""]","{""D_beijing"": 73.759883819689, ""D_shijiazhuang"": 571.8502176214091, ""D_tianjin"": 261.18446239844}",49333.60506,cn-jjj-150c-02-V2-LOCATIONS,D_beijing,True,73.759883819689,46388.0331,jjj
True,262.36261066788,190.135576853358,C039,139.0,3,"[""D_beijing"", ""D_shijiazhuang"", ""D_tianjin""]","{""D_beijing"": 72.227033814522, ""D_shijiazhuang"": 572.456067283084, ""D_tianjin"": 262.36261066788}",47300.95866,cn-jjj-150c-02-V2-LOCATIONS,D_beijing,True,72.227033814522,43927.595519999995,jjj
True,245.54886681994,166.890021214054,C040,208.0,3,"[""D_beijing"", ""D_shijiazhuang"", ""D_tianjin""]","{""D_beijing"": 78.658845605886, ""D_shijiazhuang"": 581.888698644291, ""D_tianjin"": 245.54886681994}",45294.77514,cn-jjj-150c-02-V2-LOCATIONS,D_beijing,True,78.658845605886,42374.80158,jjj
True,260.545568681883,206.86721011124502,C041,208.0,3,"[""D_beijing"", ""D_shijiazhuang"", ""D_tianjin""]","{""D_beijing"": 53.678358570638, ""D_shijiazhuang"": 594.613204077135, ""D_tianjin"": 260.545568681883}",57747.34902,cn-jjj-150c-02-V2-LOCATIONS,D_beijing,True,53.678358570638,54882.12702,jjj
True,254.878266190591,173.542645184944,C042,347.0,3,"[""D_beijing"", ""D_shijiazhuang"", ""D_tianjin""]","{""D_beijing"": 81.335621005647, ""D_shijiazhuang"": 567.955449206628, ""D_tianjin"": 254.878266190591}",48388.94256,cn-jjj-150c-02-V2-LOCATIONS,D_beijing,True,81.335621005647,44799.825540000005,jjj
True,253.84987218591402,172.42647307010503,C043,208.0,3,"[""D_beijing"", ""D_shijiazhuang"", ""D_tianjin""]","{""D_beijing"": 81.423399115809, ""D_shijiazhuang"": 566.565699087555, ""D_tianjin"": 253.84987218591402}",51819.57828,cn-jjj-150c-02-V2-LOCATIONS,D_beijing,True,81.423399115809,49495.8117,jjj
True,258.473728752037,187.794003358142,C044,278.0,3,"[""D_beijing"", ""D_shijiazhuang"", ""D_tianjin""]","{""D_beijing"": 70.679725393895, ""D_shijiazhuang"": 574.2101325942, ""D_tianjin"": 258.473728752037}",58463.6073,cn-jjj-150c-02-V2-LOCATIONS,D_beijing,True,70.679725393895,56370.17112,jjj
True,261.916649645666,189.649642959756,C045,139.0,3,"[""D_beijing"", ""D_shijiazhuang"", ""D_tianjin""]","{""D_beijing"": 72.26700668590999, ""D_shijiazhuang"": 571.7643534998759, ""D_tianjin"": 261.916649645666}",47964.0798,cn-jjj-150c-02-V2-LOCATIONS,D_beijing,True,72.26700668590999,46160.8953,jjj
True,251.87357741291797,185.151503974476,C046,139.0,3,"[""D_beijing"", ""D_shijiazhuang"", ""D_tianjin""]","{""D_beijing"": 66.722073438442, ""D_shijiazhuang"": 574.649380995932, ""D_tianjin"": 251.87357741291797}",46561.10262,cn-jjj-150c-02-V2-LOCATIONS,D_beijing,True,66.722073438442,43386.41898,jjj
True,257.09928999208796,179.53538610039897,C047,278.0,3,"[""D_beijing"", ""D_shijiazhuang"", ""D_tianjin""]","{""D_beijing"": 77.563903891689, ""D_shijiazhuang"": 567.436217482936, ""D_tianjin"": 257.09928999208796}",60062.05452,cn-jjj-150c-02-V2-LOCATIONS,D_beijing,True,77.563903891689,56521.54842,jjj
True,251.543733913819,187.79400335814202,C048,278.0,3,"[""D_beijing"", ""D_shijiazhuang"", ""D_tianjin""]","{""D_beijing"": 63.749730555677, ""D_shijiazhuang"": 580.397775630755, ""D_tianjin"": 251.543733913819}",56794.51302,cn-jjj-150c-02-V2-LOCATIONS,D_beijing,True,63.749730555677,53405.09904,jjj
True,260.882504229529,187.330419577398,C049,278.0,3,"[""D_beijing"", ""D_shijiazhuang"", ""D_tianjin""]","{""D_beijing"": 73.552084652131, ""D_shijiazhuang"": 571.864669262936, ""D_tianjin"": 260.882504229529}",50427.64824,cn-jjj-150c-02-V2-LOCATIONS,D_beijing,True,73.552084652131,46869.30468,jjj
True,280.87042983500703,210.43919587987304,C050,417.0,3,"[""D_beijing"", ""D_shijiazhuang"", ""D_tianjin""]","{""D_beijing"": 70.43123395513399, ""D_shijiazhuang"": 579.571726210664, ""D_tianjin"": 280.87042983500703}",49455.6924,cn-jjj-150c-02-V2-LOCATIONS,D_beijing,True,70.43123395513399,47631.08412,jjj
True,282.49167956368905,210.27984173562305,C051,417.0,3,"[""D_beijing"", ""D_shijiazhuang"", ""D_tianjin""]","{""D_beijing"": 72.211837828066, ""D_shijiazhuang"": 579.100621034949, ""D_tianjin"": 282.49167956368905}",52319.65152,cn-jjj-150c-02-V2-LOCATIONS,D_beijing,True,72.211837828066,49925.29302,jjj
True,256.019349173195,176.823441885472,C052,417.0,3,"[""D_beijing"", ""D_shijiazhuang"", ""D_tianjin""]","{""D_beijing"": 79.195907287723, ""D_shijiazhuang"": 568.1795022248509, ""D_tianjin"": 256.019349173195}",46810.53114,cn-jjj-150c-02-V2-LOCATIONS,D_beijing,True,79.195907287723,44046.53766,jjj
True,274.77141181028,202.870068828056,C053,417.0,3,"[""D_beijing"", ""D_shijiazhuang"", ""D_tianjin""]","{""D_beijing"": 71.901342982224, ""D_shijiazhuang"": 571.1499728626229, ""D_tianjin"": 274.77141181028}",53992.3707,cn-jjj-150c-02-V2-LOCATIONS,D_beijing,True,71.901342982224,52107.343740000004,jjj
True,255.503749500839,180.417955754442,C054,278.0,3,"[""D_beijing"", ""D_shijiazhuang"", ""D_tianjin""]","{""D_beijing"": 75.085793746397, ""D_shijiazhuang"": 570.557997016893, ""D_tianjin"": 255.503749500839}",42614.335080000004,cn-jjj-150c-02-V2-LOCATIONS,D_beijing,True,75.085793746397,40067.05314,jjj
True,261.474244762848,175.807697955993,C055,417.0,3,"[""D_beijing"", ""D_shijiazhuang"", ""D_tianjin""]","{""D_beijing"": 85.666546806855, ""D_shijiazhuang"": 560.282498865972, ""D_tianjin"": 261.474244762848}",52046.4936,cn-jjj-150c-02-V2-LOCATIONS,D_beijing,True,85.666546806855,49826.315819999996,jjj
True,265.64427975650597,204.20487729837797,C056,139.0,3,"[""D_beijing"", ""D_shijiazhuang"", ""D_tianjin""]","{""D_beijing"": 61.439402458127994, ""D_shijiazhuang"": 582.386107740321, ""D_tianjin"": 265.64427975650597}",44467.47306,cn-jjj-150c-02-V2-LOCATIONS,D_beijing,True,61.439402458127994,42232.6425,jjj
True,262.700299512331,208.569858859041,C057,417.0,3,"[""D_beijing"", ""D_shijiazhuang"", ""D_tianjin""]","{""D_beijing"": 54.13044065329, ""D_shijiazhuang"": 594.500359979707, ""D_tianjin"": 262.700299512331}",51882.56484,cn-jjj-150c-02-V2-LOCATIONS,D_beijing,True,54.13044065329,48557.79804,jjj
True,277.21792457682403,207.34011220038002,C058,208.0,3,"[""D_beijing"", ""D_shijiazhuang"", ""D_tianjin""]","{""D_beijing"": 69.877812376444, ""D_shijiazhuang"": 579.438352646322, ""D_tianjin"": 277.21792457682403}",53587.4859,cn-jjj-150c-02-V2-LOCATIONS,D_beijing,True,69.877812376444,50357.18826,jjj
True,256.165621553044,191.490521401283,C059,278.0,3,"[""D_beijing"", ""D_shijiazhuang"", ""D_tianjin""]","{""D_beijing"": 64.675100151761, ""D_shijiazhuang"": 582.643258536128, ""D_tianjin"": 256.165621553044}",62518.35024000001,cn-jjj-150c-02-V2-LOCATIONS,D_beijing,True,64.675100151761,59296.62036,jjj
True,278.215584078481,205.66125565027102,C060,208.0,3,"[""D_beijing"", ""D_shijiazhuang"", ""D_tianjin""]","{""D_beijing"": 72.55432842821, ""D_shijiazhuang"": 573.560989366242, ""D_tianjin"": 278.215584078481}",51246.776699999995,cn-jjj-150c-02-V2-LOCATIONS,D_beijing,True,72.55432842821,47952.54456,jjj
True,273.44486015348406,201.68491549600407,C061,139.0,3,"[""D_beijing"", ""D_shijiazhuang"", ""D_tianjin""]","{""D_beijing"": 71.75994465747999, ""D_shijiazhuang"": 581.630923324092, ""D_tianjin"": 273.44486015348406}",60708.77766,cn-jjj-150c-02-V2-LOCATIONS,D_beijing,True,71.75994465747999,57117.98784,jjj
True,267.68170175966094,207.20165229542394,C062,208.0,3,"[""D_beijing"", ""D_shijiazhuang"", ""D_tianjin""]","{""D_beijing"": 60.480049464237005, ""D_shijiazhuang"": 589.2053860089051, ""D_tianjin"": 267.68170175966094}",50746.85136,cn-jjj-150c-02-V2-LOCATIONS,D_beijing,True,60.480049464237005,48050.90568,jjj
True,252.71949992166,193.52305623941902,C063,347.0,3,"[""D_beijing"", ""D_shijiazhuang"", ""D_tianjin""]","{""D_beijing"": 59.196443682241, ""D_shijiazhuang"": 583.8111234642361, ""D_tianjin"": 252.71949992166}",53465.67786,cn-jjj-150c-02-V2-LOCATIONS,D_beijing,True,59.196443682241,50177.18952,jjj
True,264.06152905663197,208.01969440391898,C064,208.0,3,"[""D_beijing"", ""D_shijiazhuang"", ""D_tianjin""]","{""D_beijing"": 56.041834652713, ""D_shijiazhuang"": 593.338647144452, ""D_tianjin"": 264.06152905663197}",55969.834559999996,cn-jjj-150c-02-V2-LOCATIONS,D_beijing,True,56.041834652713,54134.51676,jjj
True,264.266047836597,192.892115376297,C065,208.0,3,"[""D_beijing"", ""D_shijiazhuang"", ""D_tianjin""]","{""D_beijing"": 71.3739324603, ""D_shijiazhuang"": 571.9763472496429, ""D_tianjin"": 264.266047836597}",62769.34482,cn-jjj-150c-02-V2-LOCATIONS,D_beijing,True,71.3739324603,59907.92778,jjj
True,268.64896163197596,208.19976027382995,C066,139.0,3,"[""D_beijing"", ""D_shijiazhuang"", ""D_tianjin""]","{""D_beijing"": 60.449201358146, ""D_shijiazhuang"": 589.990866711824, ""D_tianjin"": 268.64896163197596}",53178.10308,cn-jjj-150c-02-V2-LOCATIONS,D_beijing,True,60.449201358146,50294.496,jjj
True,253.456855844748,191.33038067217,C067,417.0,3,"[""D_beijing"", ""D_shijiazhuang"", ""D_tianjin""]","{""D_beijing"": 62.126475172578, ""D_shijiazhuang"": 581.863550004637, ""D_tianjin"": 253.456855844748}",52949.79792,cn-jjj-150c-02-V2-LOCATIONS,D_beijing,True,62.126475172578,50724.889019999995,jjj
True,257.743728397017,202.25221661895998,C068,278.0,3,"[""D_beijing"", ""D_shijiazhuang"", ""D_tianjin""]","{""D_beijing"": 55.491511778057, ""D_shijiazhuang"": 589.326847644124, ""D_tianjin"": 257.743728397017}",55916.5362,cn-jjj-150c-02-V2-LOCATIONS,D_beijing,True,55.491511778057,53885.66388,jjj
True,265.20444123579006,188.72098593872306,C069,278.0,3,"[""D_beijing"", ""D_shijiazhuang"", ""D_tianjin""]","{""D_beijing"": 76.48345529706701, ""D_shijiazhuang"": 567.7108323214559, ""D_tianjin"": 265.20444123579006}",50888.0016,cn-jjj-150c-02-V2-LOCATIONS,D_beijing,True,76.48345529706701,48323.65626,jjj
True,259.620076852752,204.75227509541799,C070,139.0,3,"[""D_beijing"", ""D_shijiazhuang"", ""D_tianjin""]","{""D_beijing"": 54.86780175733401, ""D_shijiazhuang"": 588.137407528284, ""D_tianjin"": 259.620076852752}",45820.23527999999,cn-jjj-150c-02-V2-LOCATIONS,D_beijing,True,54.86780175733401,43972.20048,jjj
True,252.690516425894,193.510171850767,C071,208.0,3,"[""D_beijing"", ""D_shijiazhuang"", ""D_tianjin""]","{""D_beijing"": 59.180344575126995, ""D_shijiazhuang"": 583.78213996847, ""D_tianjin"": 252.690516425894}",47281.192259999996,cn-jjj-150c-02-V2-LOCATIONS,D_beijing,True,59.180344575126995,44752.065,jjj
True,273.467988608287,206.83055443681496,C072,347.0,3,"[""D_beijing"", ""D_shijiazhuang"", ""D_tianjin""]","{""D_beijing"": 66.63743417147201, ""D_shijiazhuang"": 581.502135187665, ""D_tianjin"": 273.467988608287}",59095.57242,cn-jjj-150c-02-V2-LOCATIONS,D_beijing,True,66.63743417147201,55930.143840000004,jjj
True,257.422018694676,183.518700014256,C073,139.0,3,"[""D_beijing"", ""D_shijiazhuang"", ""D_tianjin""]","{""D_beijing"": 73.90331868042, ""D_shijiazhuang"": 569.3814630026491, ""D_tianjin"": 257.422018694676}",52756.08102,cn-jjj-150c-02-V2-LOCATIONS,D_beijing,True,73.90331868042,49941.46992,jjj
True,245.30577768537,179.942921088897,C074,278.0,3,"[""D_beijing"", ""D_shijiazhuang"", ""D_tianjin""]","{""D_beijing"": 65.362856596473, ""D_shijiazhuang"": 577.493021679036, ""D_tianjin"": 245.30577768537}",61832.08782,cn-jjj-150c-02-V2-LOCATIONS,D_beijing,True,65.362856596473,58801.2213,jjj
True,261.91664964870597,189.64314594351598,C075,139.0,3,"[""D_beijing"", ""D_shijiazhuang"", ""D_tianjin""]","{""D_beijing"": 72.27350370519, ""D_shijiazhuang"": 571.7708505191559, ""D_tianjin"": 261.91664964870597}",47061.92916,cn-jjj-150c-02-V2-LOCATIONS,D_beijing,True,72.27350370519,45239.469300000004,jjj
True,259.994493235224,202.14410839832502,C076,417.0,3,"[""D_beijing"", ""D_shijiazhuang"", ""D_tianjin""]","{""D_beijing"": 57.850384836899, ""D_shijiazhuang"": 586.706602991598, ""D_tianjin"": 259.994493235224}",61954.4949,cn-jjj-150c-02-V2-LOCATIONS,D_beijing,True,57.850384836899,59153.22348,jjj
True,264.738964689638,189.010527767029,C077,417.0,3,"[""D_beijing"", ""D_shijiazhuang"", ""D_tianjin""]","{""D_beijing"": 75.728436922609, ""D_shijiazhuang"": 567.0448107608489, ""D_tianjin"": 264.738964689638}",47857.549439999995,cn-jjj-150c-02-V2-LOCATIONS,D_beijing,True,75.728436922609,44671.92744,jjj
True,259.441055587394,189.65191409439097,C078,417.0,3,"[""D_beijing"", ""D_shijiazhuang"", ""D_tianjin""]","{""D_beijing"": 69.789141493003, ""D_shijiazhuang"": 573.310503215276, ""D_tianjin"": 259.441055587394}",48146.6451,cn-jjj-150c-02-V2-LOCATIONS,D_beijing,True,69.789141493003,46186.1547,jjj
True,259.468849599745,199.344263043765,C079,139.0,3,"[""D_beijing"", ""D_shijiazhuang"", ""D_tianjin""]","{""D_beijing"": 60.12458655598, ""D_shijiazhuang"": 583.1901818221461, ""D_tianjin"": 259.468849599745}",59896.20996,cn-jjj-150c-02-V2-LOCATIONS,D_beijing,True,60.12458655598,57472.92768,jjj
True,278.29295456524,202.994775020706,C080,347.0,3,"[""D_beijing"", ""D_shijiazhuang"", ""D_tianjin""]","{""D_beijing"": 75.29817954453401, ""D_shijiazhuang"": 576.197808883863, ""D_tianjin"": 278.29295456524}",49610.664,cn-jjj-150c-02-V2-LOCATIONS,D_beijing,True,75.29817954453401,46704.96906,jjj
True,253.33057673259998,184.165455637092,C081,208.0,3,"[""D_beijing"", ""D_shijiazhuang"", ""D_tianjin""]","{""D_beijing"": 69.16512109550798, ""D_shijiazhuang"": 574.4091910476039, ""D_tianjin"": 253.33057673259998}",56339.78562,cn-jjj-150c-02-V2-LOCATIONS,D_beijing,True,69.16512109550798,53069.9997,jjj
True,252.485888957174,193.163229076327,C082,139.0,3,"[""D_beijing"", ""D_shijiazhuang"", ""D_tianjin""]","{""D_beijing"": 59.322659880847, ""D_shijiazhuang"": 583.57751249975, ""D_tianjin"": 252.485888957174}",47211.737100000006,cn-jjj-150c-02-V2-LOCATIONS,D_beijing,True,59.322659880847,44904.26208,jjj
True,253.40066991427,177.048021089896,C083,347.0,3,"[""D_beijing"", ""D_shijiazhuang"", ""D_tianjin""]","{""D_beijing"": 76.352648824374, ""D_shijiazhuang"": 570.4585709594169, ""D_tianjin"": 253.40066991427}",47485.426439999996,cn-jjj-150c-02-V2-LOCATIONS,D_beijing,True,76.352648824374,45503.62188,jjj
True,246.971019430856,181.040871205575,C084,417.0,3,"[""D_beijing"", ""D_shijiazhuang"", ""D_tianjin""]","{""D_beijing"": 65.93014822528099, ""D_shijiazhuang"": 576.922044987858, ""D_tianjin"": 246.971019430856}",59316.56736,cn-jjj-150c-02-V2-LOCATIONS,D_beijing,True,65.93014822528099,55890.80328,jjj
True,259.285175276464,200.84856557786196,C085,139.0,3,"[""D_beijing"", ""D_shijiazhuang"", ""D_tianjin""]","{""D_beijing"": 58.436609698602, ""D_shijiazhuang"": 587.355470031876, ""D_tianjin"": 259.285175276464}",58675.29678,cn-jjj-150c-02-V2-LOCATIONS,D_beijing,True,58.436609698602,55838.151060000004,jjj
True,251.81344613842998,185.93217117093,C086,278.0,3,"[""D_beijing"", ""D_shijiazhuang"", ""D_tianjin""]","{""D_beijing"": 65.88127496749999, ""D_shijiazhuang"": 577.242278414797, ""D_tianjin"": 251.81344613842998}",52368.68892,cn-jjj-150c-02-V2-LOCATIONS,D_beijing,True,65.88127496749999,48846.64428,jjj
True,279.731192715566,204.052489710921,C087,139.0,3,"[""D_beijing"", ""D_shijiazhuang"", ""D_tianjin""]","{""D_beijing"": 75.67870300464502, ""D_shijiazhuang"": 573.3774558630821, ""D_tianjin"": 279.731192715566}",49607.35848,cn-jjj-150c-02-V2-LOCATIONS,D_beijing,True,75.67870300464502,46900.46652,jjj
True,260.962779856881,202.31257232724002,C088,278.0,3,"[""D_beijing"", ""D_shijiazhuang"", ""D_tianjin""]","{""D_beijing"": 58.650207529641, ""D_shijiazhuang"": 583.7775110887391, ""D_tianjin"": 260.962779856881}",64872.12179999999,cn-jjj-150c-02-V2-LOCATIONS,D_beijing,True,58.650207529641,62791.63338,jjj
True,266.591744530973,176.026915618754,C089,347.0,3,"[""D_beijing"", ""D_shijiazhuang"", ""D_tianjin""]","{""D_beijing"": 90.564828912219, ""D_shijiazhuang"": 555.030870041454, ""D_tianjin"": 266.591744530973}",49782.70524,cn-jjj-150c-02-V2-LOCATIONS,D_beijing,True,90.564828912219,46300.48032,jjj
True,266.06110367466204,185.20429489171303,C090,208.0,3,"[""D_beijing"", ""D_shijiazhuang"", ""D_tianjin""]","{""D_beijing"": 80.856808782949, ""D_shijiazhuang"": 561.485233725732, ""D_tianjin"": 266.06110367466204}",49333.60506,cn-jjj-150c-02-V2-LOCATIONS,D_beijing,True,80.856808782949,46388.0331,jjj
True,260.74805499729604,203.83306856221904,C091,347.0,3,"[""D_beijing"", ""D_shijiazhuang"", ""D_tianjin""]","{""D_beijing"": 56.914986435077, ""D_shijiazhuang"": 587.56696240894, ""D_tianjin"": 260.74805499729604}",47069.670959999996,cn-jjj-150c-02-V2-LOCATIONS,D_beijing,True,56.914986435077,44654.85336,jjj
True,245.536237453101,178.626236150429,C092,417.0,3,"[""D_beijing"", ""D_shijiazhuang"", ""D_tianjin""]","{""D_beijing"": 66.910001302672, ""D_shijiazhuang"": 576.627150136156, ""D_tianjin"": 245.536237453101}",47393.01366,cn-jjj-150c-02-V2-LOCATIONS,D_beijing,True,66.910001302672,44064.4479,jjj
True,256.23908659967503,199.41715858389205,C093,139.0,3,"[""D_beijing"", ""D_shijiazhuang"", ""D_tianjin""]","{""D_beijing"": 56.821928015783, ""D_shijiazhuang"": 585.48249576138, ""D_tianjin"": 256.23908659967503}",46813.36002,cn-jjj-150c-02-V2-LOCATIONS,D_beijing,True,56.821928015783,44257.71642,jjj
True,283.978149274267,213.265412680127,C094,139.0,3,"[""D_beijing"", ""D_shijiazhuang"", ""D_tianjin""]","{""D_beijing"": 70.71273659414001, ""D_shijiazhuang"": 576.670597207545, ""D_tianjin"": 283.978149274267}",44467.47306,cn-jjj-150c-02-V2-LOCATIONS,D_beijing,True,70.71273659414001,42232.6425,jjj
True,262.38166764816003,190.43079271217806,C095,347.0,3,"[""D_beijing"", ""D_shijiazhuang"", ""D_tianjin""]","{""D_beijing"": 71.95087493598199, ""D_shijiazhuang"": 571.7994669891561, ""D_tianjin"": 262.38166764816003}",52539.73938,cn-jjj-150c-02-V2-LOCATIONS,D_beijing,True,71.95087493598199,49125.53448,jjj
True,263.814445468653,198.849599740019,C096,278.0,3,"[""D_beijing"", ""D_shijiazhuang"", ""D_tianjin""]","{""D_beijing"": 64.964845728634, ""D_shijiazhuang"": 577.951202150347, ""D_tianjin"": 263.814445468653}",62578.318739999995,cn-jjj-150c-02-V2-LOCATIONS,D_beijing,True,64.964845728634,60300.939300000005,jjj
True,251.572341703518,187.794003358142,C097,139.0,3,"[""D_beijing"", ""D_shijiazhuang"", ""D_tianjin""]","{""D_beijing"": 63.77833834537601, ""D_shijiazhuang"": 580.5386873413289, ""D_tianjin"": 251.572341703518}",50269.10832,cn-jjj-150c-02-V2-LOCATIONS,D_beijing,True,63.77833834537601,48131.73732,jjj
True,242.126350421596,173.38310212898398,C098,417.0,3,"[""D_beijing"", ""D_shijiazhuang"", ""D_tianjin""]","{""D_beijing"": 68.743248292612, ""D_shijiazhuang"": 578.692054611398, ""D_tianjin"": 242.126350421596}",47504.20464,cn-jjj-150c-02-V2-LOCATIONS,D_beijing,True,68.743248292612,44143.364160000005,jjj
True,634.047231510589,586.073699240153,C099,347.0,3,"[""D_beijing"", ""D_shijiazhuang"", ""D_tianjin""]","{""D_beijing"": 647.208106217199, ""D_shijiazhuang"": 47.973532270436, ""D_tianjin"": 634.047231510589}",45292.77504,cn-jjj-150c-02-V2-LOCATIONS,D_shijiazhuang,True,47.973532270436,43202.16972,jjj
True,649.355269612648,599.146327923939,C100,139.0,3,"[""D_beijing"", ""D_shijiazhuang"", ""D_tianjin""]","{""D_beijing"": 662.5161443192579, ""D_shijiazhuang"": 50.208941688709004, ""D_tianjin"": 649.355269612648}",62838.91236,cn-jjj-150c-02-V2-LOCATIONS,D_shijiazhuang,True,50.208941688709004,59280.462,jjj
True,639.035144923657,598.1822994734459,C101,208.0,3,"[""D_beijing"", ""D_shijiazhuang"", ""D_tianjin""]","{""D_beijing"": 652.1960196302671, ""D_shijiazhuang"": 40.852845450211, ""D_tianjin"": 639.035144923657}",49627.5354,cn-jjj-150c-02-V2-LOCATIONS,D_shijiazhuang,True,40.852845450211,46550.80008,jjj
True,639.5937891018771,599.2017749836781,C102,139.0,3,"[""D_beijing"", ""D_shijiazhuang"", ""D_tianjin""]","{""D_beijing"": 652.754663808487, ""D_shijiazhuang"": 40.392014118199, ""D_tianjin"": 639.5937891018771}",46456.878,cn-jjj-150c-02-V2-LOCATIONS,D_shijiazhuang,True,40.392014118199,42986.8422,jjj
True,635.238762147282,585.699043143386,C103,347.0,3,"[""D_beijing"", ""D_shijiazhuang"", ""D_tianjin""]","{""D_beijing"": 648.399636853892, ""D_shijiazhuang"": 49.539719003895996, ""D_tianjin"": 635.238762147282}",45717.44328,cn-jjj-150c-02-V2-LOCATIONS,D_shijiazhuang,True,49.539719003895996,43834.89384,jjj
True,634.919417759047,589.074385622693,C104,278.0,3,"[""D_beijing"", ""D_shijiazhuang"", ""D_tianjin""]","{""D_beijing"": 648.080292465657, ""D_shijiazhuang"": 45.845032136354, ""D_tianjin"": 634.919417759047}",51810.10182,cn-jjj-150c-02-V2-LOCATIONS,D_shijiazhuang,True,45.845032136354,48318.64476,jjj
True,639.381076639348,598.324375919313,C105,278.0,3,"[""D_beijing"", ""D_shijiazhuang"", ""D_tianjin""]","{""D_beijing"": 652.5419513459581, ""D_shijiazhuang"": 41.056700720035, ""D_tianjin"": 639.381076639348}",49544.0199,cn-jjj-150c-02-V2-LOCATIONS,D_shijiazhuang,True,41.056700720035,46375.34124,jjj
True,629.1957021680901,587.3686576725311,C106,139.0,3,"[""D_beijing"", ""D_shijiazhuang"", ""D_tianjin""]","{""D_beijing"": 642.3565768747001, ""D_shijiazhuang"": 41.82704449555901, ""D_tianjin"": 629.1957021680901}",47964.0798,cn-jjj-150c-02-V2-LOCATIONS,D_shijiazhuang,True,41.82704449555901,46160.8953,jjj
True,637.0814848756969,587.9060049721139,C107,278.0,3,"[""D_beijing"", ""D_shijiazhuang"", ""D_tianjin""]","{""D_beijing"": 650.242359582307, ""D_shijiazhuang"": 49.175479903583, ""D_tianjin"": 637.0814848756969}",45901.09404,cn-jjj-150c-02-V2-LOCATIONS,D_shijiazhuang,True,49.175479903583,42690.78948,jjj
True,635.1997916513441,587.400677958577,C108,139.0,3,"[""D_beijing"", ""D_shijiazhuang"", ""D_tianjin""]","{""D_beijing"": 648.3606663579541, ""D_shijiazhuang"": 47.799113692767, ""D_tianjin"": 635.1997916513441}",50377.146779999995,cn-jjj-150c-02-V2-LOCATIONS,D_shijiazhuang,True,47.799113692767,47360.04456,jjj
True,653.0779108202821,598.2796624529931,C109,278.0,3,"[""D_beijing"", ""D_shijiazhuang"", ""D_tianjin""]","{""D_beijing"": 666.2387855268919, ""D_shijiazhuang"": 54.798248367289, ""D_tianjin"": 653.0779108202821}",47418.55458,cn-jjj-150c-02-V2-LOCATIONS,D_shijiazhuang,True,54.798248367289,45205.976160000006,jjj
True,632.628447582584,587.4722937514921,C110,278.0,3,"[""D_beijing"", ""D_shijiazhuang"", ""D_tianjin""]","{""D_beijing"": 645.7893222891939, ""D_shijiazhuang"": 45.156153831092, ""D_tianjin"": 632.628447582584}",52947.408,cn-jjj-150c-02-V2-LOCATIONS,D_shijiazhuang,True,45.156153831092,50219.5122,jjj
True,629.19570217619,587.3686576725311,C111,139.0,3,"[""D_beijing"", ""D_shijiazhuang"", ""D_tianjin""]","{""D_beijing"": 642.3565768828001, ""D_shijiazhuang"": 41.827044503658996, ""D_tianjin"": 629.19570217619}",62647.57578000001,cn-jjj-150c-02-V2-LOCATIONS,D_shijiazhuang,True,41.827044503658996,59830.867079999996,jjj
True,635.6212738033091,598.7632920106702,C112,139.0,3,"[""D_beijing"", ""D_shijiazhuang"", ""D_tianjin""]","{""D_beijing"": 648.7821485099189, ""D_shijiazhuang"": 36.857981792639, ""D_tianjin"": 635.6212738033091}",47464.627080000006,cn-jjj-150c-02-V2-LOCATIONS,D_shijiazhuang,True,36.857981792639,45387.388139999995,jjj
True,638.31804475189,598.5603627993651,C113,278.0,3,"[""D_beijing"", ""D_shijiazhuang"", ""D_tianjin""]","{""D_beijing"": 651.4789194585, ""D_shijiazhuang"": 39.757681952525004, ""D_tianjin"": 638.31804475189}",51174.49776,cn-jjj-150c-02-V2-LOCATIONS,D_shijiazhuang,True,39.757681952525004,49176.474539999996,jjj
True,638.3136732908101,598.8971524072651,C114,139.0,3,"[""D_beijing"", ""D_shijiazhuang"", ""D_tianjin""]","{""D_beijing"": 651.4745479974199, ""D_shijiazhuang"": 39.416520883545004, ""D_tianjin"": 638.3136732908101}",58675.29678,cn-jjj-150c-02-V2-LOCATIONS,D_shijiazhuang,True,39.416520883545004,55838.151060000004,jjj
True,290.81457095374293,245.85645391790592,C115,347.0,3,"[""D_beijing"", ""D_shijiazhuang"", ""D_tianjin""]","{""D_beijing"": 290.81457095374293, ""D_shijiazhuang"": 596.591707053307, ""D_tianjin"": 44.958117035837}",50149.29414,cn-jjj-150c-02-V2-LOCATIONS,D_tianjin,True,44.958117035837,47938.97304,jjj
True,288.345698823242,248.04069906767398,C116,208.0,3,"[""D_beijing"", ""D_shijiazhuang"", ""D_tianjin""]","{""D_beijing"": 288.345698823242, ""D_shijiazhuang"": 599.925819957312, ""D_tianjin"": 40.304999755568005}",45217.77948,cn-jjj-150c-02-V2-LOCATIONS,D_tianjin,True,40.304999755568005,42161.81094,jjj
True,296.66873261179904,252.79258328741105,C117,347.0,3,"[""D_beijing"", ""D_shijiazhuang"", ""D_tianjin""]","{""D_beijing"": 296.66873261179904, ""D_shijiazhuang"": 585.088450327556, ""D_tianjin"": 43.876149324387995}",50440.96254,cn-jjj-150c-02-V2-LOCATIONS,D_tianjin,True,43.876149324387995,47724.190200000005,jjj
True,289.242704636788,240.594331540667,C118,417.0,3,"[""D_beijing"", ""D_shijiazhuang"", ""D_tianjin""]","{""D_beijing"": 289.242704636788, ""D_shijiazhuang"": 590.833219383363, ""D_tianjin"": 48.64837309612099}",45956.82282,cn-jjj-150c-02-V2-LOCATIONS,D_tianjin,True,48.64837309612099,43665.56958,jjj
True,294.706837150087,251.049542413519,C119,208.0,3,"[""D_beijing"", ""D_shijiazhuang"", ""D_tianjin""]","{""D_beijing"": 294.706837150087, ""D_shijiazhuang"": 585.2950623878529, ""D_tianjin"": 43.657294736568}",51125.32644,cn-jjj-150c-02-V2-LOCATIONS,D_tianjin,True,43.657294736568,48896.36184,jjj
True,284.34394255644503,251.88991718540302,C120,278.0,3,"[""D_beijing"", ""D_shijiazhuang"", ""D_tianjin""]","{""D_beijing"": 284.34394255644503, ""D_shijiazhuang"": 605.10529035861, ""D_tianjin"": 32.454025371042}",60446.91042,cn-jjj-150c-02-V2-LOCATIONS,D_tianjin,True,32.454025371042,57703.733819999994,jjj
True,287.67821954779595,248.04069906767396,C121,208.0,3,"[""D_beijing"", ""D_shijiazhuang"", ""D_tianjin""]","{""D_beijing"": 287.67821954779595, ""D_shijiazhuang"": 599.652441948674, ""D_tianjin"": 39.63752048012199}",52343.38782,cn-jjj-150c-02-V2-LOCATIONS,D_tianjin,True,39.63752048012199,49615.8735,jjj
True,296.722936502159,252.79258328741096,C122,139.0,3,"[""D_beijing"", ""D_shijiazhuang"", ""D_tianjin""]","{""D_beijing"": 296.722936502159, ""D_shijiazhuang"": 585.034246447696, ""D_tianjin"": 43.930353214748}",58495.01244,cn-jjj-150c-02-V2-LOCATIONS,D_tianjin,True,43.930353214748,55624.00206,jjj
True,299.99460901236,244.18595621399498,C123,139.0,3,"[""D_beijing"", ""D_shijiazhuang"", ""D_tianjin""]","{""D_beijing"": 299.99460901236, ""D_shijiazhuang"": 578.609511750949, ""D_tianjin"": 55.808652798365}",63271.019819999994,cn-jjj-150c-02-V2-LOCATIONS,D_tianjin,True,55.808652798365,60734.39256,jjj
True,300.91128420796394,240.44467618937495,C124,208.0,3,"[""D_beijing"", ""D_shijiazhuang"", ""D_tianjin""]","{""D_beijing"": 300.91128420796394, ""D_shijiazhuang"": 575.067103753872, ""D_tianjin"": 60.466608018589}",46583.526,cn-jjj-150c-02-V2-LOCATIONS,D_tianjin,True,60.466608018589,44735.7051,jjj
True,296.764257949559,252.79258328741102,C125,278.0,3,"[""D_beijing"", ""D_shijiazhuang"", ""D_tianjin""]","{""D_beijing"": 296.764257949559, ""D_shijiazhuang"": 584.992924980137, ""D_tianjin"": 43.971674662148}",44285.94294,cn-jjj-150c-02-V2-LOCATIONS,D_tianjin,True,43.971674662148,41895.42366,jjj
True,299.66285490933,248.68719539749202,C126,347.0,3,"[""D_beijing"", ""D_shijiazhuang"", ""D_tianjin""]","{""D_beijing"": 299.66285490933, ""D_shijiazhuang"": 597.0168979107331, ""D_tianjin"": 50.975659511837996}",64954.7196,cn-jjj-150c-02-V2-LOCATIONS,D_tianjin,True,50.975659511837996,62086.554240000005,jjj
True,291.14024818741797,249.52715735356097,C127,208.0,3,"[""D_beijing"", ""D_shijiazhuang"", ""D_tianjin""]","{""D_beijing"": 291.14024818741797, ""D_shijiazhuang"": 597.078033707627, ""D_tianjin"": 41.613090833857}",51069.31818,cn-jjj-150c-02-V2-LOCATIONS,D_tianjin,True,41.613090833857,48714.416639999996,jjj
True,297.337918954263,241.383113641164,C128,347.0,3,"[""D_beijing"", ""D_shijiazhuang"", ""D_tianjin""]","{""D_beijing"": 297.337918954263, ""D_shijiazhuang"": 575.777802989504, ""D_tianjin"": 55.954805313099}",53627.94384,cn-jjj-150c-02-V2-LOCATIONS,D_tianjin,True,55.954805313099,50394.60336,jjj
True,296.24017962166596,238.80733237209796,C129,347.0,3,"[""D_beijing"", ""D_shijiazhuang"", ""D_tianjin""]","{""D_beijing"": 296.24017962166596, ""D_shijiazhuang"": 584.0582379318089, ""D_tianjin"": 57.432847249568006}",50951.04468,cn-jjj-150c-02-V2-LOCATIONS,D_tianjin,True,57.432847249568006,47949.02838,jjj
True,304.40125395683094,246.10691415782793,C130,417.0,3,"[""D_beijing"", ""D_shijiazhuang"", ""D_tianjin""]","{""D_beijing"": 304.40125395683094, ""D_shijiazhuang"": 595.7150585997371, ""D_tianjin"": 58.294339799003}",63712.621979999996,cn-jjj-150c-02-V2-LOCATIONS,D_tianjin,True,58.294339799003,61419.49194,jjj
True,284.597331162558,253.09511916136802,C131,278.0,3,"[""D_beijing"", ""D_shijiazhuang"", ""D_tianjin""]","{""D_beijing"": 284.597331162558, ""D_shijiazhuang"": 604.5307626512121, ""D_tianjin"": 31.50221200119}",56619.562860000005,cn-jjj-150c-02-V2-LOCATIONS,D_tianjin,True,31.50221200119,54139.97472,jjj
True,286.82821239189803,248.44601397901602,C132,139.0,3,"[""D_beijing"", ""D_shijiazhuang"", ""D_tianjin""]","{""D_beijing"": 286.82821239189803, ""D_shijiazhuang"": 600.5527849433529, ""D_tianjin"": 38.382198412882005}",49968.1173,cn-jjj-150c-02-V2-LOCATIONS,D_tianjin,True,38.382198412882005,47923.05144,jjj
True,284.343942557445,251.88991718540302,C133,347.0,3,"[""D_beijing"", ""D_shijiazhuang"", ""D_tianjin""]","{""D_beijing"": 284.343942557445, ""D_shijiazhuang"": 604.909035546281, ""D_tianjin"": 32.454025372042004}",45292.77504,cn-jjj-150c-02-V2-LOCATIONS,D_tianjin,True,32.454025372042004,43202.16972,jjj
True,288.34569876529696,248.04069906767396,C134,347.0,3,"[""D_beijing"", ""D_shijiazhuang"", ""D_tianjin""]","{""D_beijing"": 288.34569876529696, ""D_shijiazhuang"": 599.925819899367, ""D_tianjin"": 40.304999697623}",47687.77182,cn-jjj-150c-02-V2-LOCATIONS,D_tianjin,True,40.304999697623,45040.98552,jjj
True,292.450881400656,245.817423663076,C135,208.0,3,"[""D_beijing"", ""D_shijiazhuang"", ""D_tianjin""]","{""D_beijing"": 292.450881400656, ""D_shijiazhuang"": 605.8129395580111, ""D_tianjin"": 46.63345773758}",60577.42554,cn-jjj-150c-02-V2-LOCATIONS,D_tianjin,True,46.63345773758,57603.71796,jjj
True,285.540558964579,248.040699067674,C136,208.0,3,"[""D_beijing"", ""D_shijiazhuang"", ""D_tianjin""]","{""D_beijing"": 285.540558964579, ""D_shijiazhuang"": 602.620660942978, ""D_tianjin"": 37.499859896905}",52343.38782,cn-jjj-150c-02-V2-LOCATIONS,D_tianjin,True,37.499859896905,49615.8735,jjj
True,286.771165828658,248.44601397901602,C137,139.0,3,"[""D_beijing"", ""D_shijiazhuang"", ""D_tianjin""]","{""D_beijing"": 286.771165828658, ""D_shijiazhuang"": 600.4957383801129, ""D_tianjin"": 38.325151849642005}",44960.06808,cn-jjj-150c-02-V2-LOCATIONS,D_tianjin,True,38.325151849642005,42630.69972,jjj
True,299.93539371564003,235.71926895456204,C138,417.0,3,"[""D_beijing"", ""D_shijiazhuang"", ""D_tianjin""]","{""D_beijing"": 299.93539371564003, ""D_shijiazhuang"": 570.1334046211, ""D_tianjin"": 64.21612476107799}",47300.672940000004,cn-jjj-150c-02-V2-LOCATIONS,D_tianjin,True,64.21612476107799,44200.81998,jjj
True,284.144515176386,251.661672054162,C139,347.0,3,"[""D_beijing"", ""D_shijiazhuang"", ""D_tianjin""]","{""D_beijing"": 284.144515176386, ""D_shijiazhuang"": 605.604527137669, ""D_tianjin"": 32.482843122224}",44673.49956,cn-jjj-150c-02-V2-LOCATIONS,D_tianjin,True,32.482843122224,41624.80356,jjj
True,296.963005492309,241.383113641164,C140,139.0,3,"[""D_beijing"", ""D_shijiazhuang"", ""D_tianjin""]","{""D_beijing"": 296.963005492309, ""D_shijiazhuang"": 576.274326438966, ""D_tianjin"": 55.579891851145}",49607.35848,cn-jjj-150c-02-V2-LOCATIONS,D_tianjin,True,55.579891851145,46900.46652,jjj
True,284.34394256746504,251.88991718540302,C141,278.0,3,"[""D_beijing"", ""D_shijiazhuang"", ""D_tianjin""]","{""D_beijing"": 284.34394256746504, ""D_shijiazhuang"": 604.909035556301, ""D_tianjin"": 32.454025382062}",47418.55458,cn-jjj-150c-02-V2-LOCATIONS,D_tianjin,True,32.454025382062,45205.976160000006,jjj
True,296.70608529019404,239.14269567808603,C142,417.0,3,"[""D_beijing"", ""D_shijiazhuang"", ""D_tianjin""]","{""D_beijing"": 296.70608529019404, ""D_shijiazhuang"": 584.1182190155109, ""D_tianjin"": 57.563389612108004}",47148.470760000004,cn-jjj-150c-02-V2-LOCATIONS,D_tianjin,True,57.563389612108004,44088.02544,jjj
True,297.585996466448,240.14231772144,C143,208.0,3,"[""D_beijing"", ""D_shijiazhuang"", ""D_tianjin""]","{""D_beijing"": 297.585996466448, ""D_shijiazhuang"": 584.200627688111, ""D_tianjin"": 57.443678745008}",47235.2535,cn-jjj-150c-02-V2-LOCATIONS,D_tianjin,True,57.443678745008,44616.309239999995,jjj
True,293.84394090541696,246.49104807530296,C144,208.0,3,"[""D_beijing"", ""D_shijiazhuang"", ""D_tianjin""]","{""D_beijing"": 293.84394090541696, ""D_shijiazhuang"": 596.086173984893, ""D_tianjin"": 47.352892830113994}",56506.93692,cn-jjj-150c-02-V2-LOCATIONS,D_tianjin,True,47.352892830113994,54214.57668,jjj
True,304.139371937331,252.29743229443602,C145,417.0,3,"[""D_beijing"", ""D_shijiazhuang"", ""D_tianjin""]","{""D_beijing"": 304.139371937331, ""D_shijiazhuang"": 597.507750677957, ""D_tianjin"": 51.841939642895}",46735.08408,cn-jjj-150c-02-V2-LOCATIONS,D_tianjin,True,51.841939642895,43681.7466,jjj
True,301.334795986768,249.20089883568795,C146,417.0,3,"[""D_beijing"", ""D_shijiazhuang"", ""D_tianjin""]","{""D_beijing"": 301.334795986768, ""D_shijiazhuang"": 582.444326908664, ""D_tianjin"": 52.133897151080006}",52654.23636,cn-jjj-150c-02-V2-LOCATIONS,D_tianjin,True,52.133897151080006,49519.45674,jjj
True,284.343942572015,251.88991718540302,C147,139.0,3,"[""D_beijing"", ""D_shijiazhuang"", ""D_tianjin""]","{""D_beijing"": 284.343942572015, ""D_shijiazhuang"": 604.909035560851, ""D_tianjin"": 32.454025386611995}",64127.52138,cn-jjj-150c-02-V2-LOCATIONS,D_tianjin,True,32.454025386611995,62185.76166,jjj
True,296.680283538359,252.792583287411,C148,278.0,3,"[""D_beijing"", ""D_shijiazhuang"", ""D_tianjin""]","{""D_beijing"": 296.680283538359, ""D_shijiazhuang"": 585.076899418976, ""D_tianjin"": 43.887700250948}",59908.903080000004,cn-jjj-150c-02-V2-LOCATIONS,D_tianjin,True,43.887700250948,57027.710940000004,jjj
True,297.62593749715,243.504633117558,C149,139.0,3,"[""D_beijing"", ""D_shijiazhuang"", ""D_tianjin""]","{""D_beijing"": 297.62593749715, ""D_shijiazhuang"": 577.721207223598, ""D_tianjin"": 54.121304379592004}",49222.9542,cn-jjj-150c-02-V2-LOCATIONS,D_tianjin,True,54.121304379592004,46024.43016,jjj
True,297.59687577974796,240.14231772143995,C150,139.0,3,"[""D_beijing"", ""D_shijiazhuang"", ""D_tianjin""]","{""D_beijing"": 297.59687577974796, ""D_shijiazhuang"": 584.200627689081, ""D_tianjin"": 57.454558058308}",51548.641019999995,cn-jjj-150c-02-V2-LOCATIONS,D_tianjin,True,57.454558058308,48355.939979999996,jjj
True,280.630847891576,210.44875796651104,C001,139.0,3,"[""D_beijing"", ""D_shijiazhuang"", ""D_tianjin""]","{""D_beijing"": 70.182089925065, ""D_shijiazhuang"": 579.3321442672329, ""D_tianjin"": 280.630847891576}",50824.30446,cn-jjj-150c-03-V2-LOCATIONS,D_beijing,True,70.182089925065,48539.37522,jjj
True,265.292164945202,203.749422045784,C002,347.0,3,"[""D_beijing"", ""D_shijiazhuang"", ""D_tianjin""]","{""D_beijing"": 61.542742899418, ""D_shijiazhuang"": 582.932413365099, ""D_tianjin"": 265.292164945202}",49193.238,cn-jjj-150c-03-V2-LOCATIONS,D_beijing,True,61.542742899418,46433.3121,jjj
True,259.689108244747,194.77909333746499,C003,139.0,3,"[""D_beijing"", ""D_shijiazhuang"", ""D_tianjin""]","{""D_beijing"": 64.910014907282, ""D_shijiazhuang"": 578.048058937017, ""D_tianjin"": 259.689108244747}",52756.08102,cn-jjj-150c-03-V2-LOCATIONS,D_beijing,True,64.910014907282,49941.46992,jjj
True,280.408527756329,210.448757966511,C004,347.0,3,"[""D_beijing"", ""D_shijiazhuang"", ""D_tianjin""]","{""D_beijing"": 69.95976978981801, ""D_shijiazhuang"": 577.883970588149, ""D_tianjin"": 280.408527756329}",57963.91128,cn-jjj-150c-03-V2-LOCATIONS,D_beijing,True,69.95976978981801,55187.18304,jjj
True,260.974766637468,199.344263043765,C005,278.0,3,"[""D_beijing"", ""D_shijiazhuang"", ""D_tianjin""]","{""D_beijing"": 61.630503593703004, ""D_shijiazhuang"": 580.6162380373249, ""D_tianjin"": 260.974766637468}",61187.13252,cn-jjj-150c-03-V2-LOCATIONS,D_beijing,True,61.630503593703004,59008.26642,jjj
True,259.162930225705,204.785085002518,C006,417.0,3,"[""D_beijing"", ""D_shijiazhuang"", ""D_tianjin""]","{""D_beijing"": 54.377845223187, ""D_shijiazhuang"": 589.81020848514, ""D_tianjin"": 259.162930225705}",51820.25124,cn-jjj-150c-03-V2-LOCATIONS,D_beijing,True,54.377845223187,49293.2967,jjj
True,272.72535847246206,201.79416310983308,C007,417.0,3,"[""D_beijing"", ""D_shijiazhuang"", ""D_tianjin""]","{""D_beijing"": 70.93119536262898, ""D_shijiazhuang"": 572.2919169155219, ""D_tianjin"": 272.72535847246206}",47578.628880000004,cn-jjj-150c-03-V2-LOCATIONS,D_beijing,True,70.93119536262898,44287.74282,jjj
True,253.977736168878,195.795574631833,C008,278.0,3,"[""D_beijing"", ""D_shijiazhuang"", ""D_tianjin""]","{""D_beijing"": 58.182161537045005, ""D_shijiazhuang"": 584.7180107781519, ""D_tianjin"": 253.977736168878}",51471.210360000005,cn-jjj-150c-03-V2-LOCATIONS,D_beijing,True,58.182161537045005,48869.25408,jjj
True,243.083765155973,167.238136045067,C009,278.0,3,"[""D_beijing"", ""D_shijiazhuang"", ""D_tianjin""]","{""D_beijing"": 75.84562911090602, ""D_shijiazhuang"": 583.266494391441, ""D_tianjin"": 243.083765155973}",52815.327059999996,cn-jjj-150c-03-V2-LOCATIONS,D_beijing,True,75.84562911090602,50770.86426,jjj
True,256.289662652462,194.96690698915103,C010,417.0,3,"[""D_beijing"", ""D_shijiazhuang"", ""D_tianjin""]","{""D_beijing"": 61.322755663311, ""D_shijiazhuang"": 581.4543801141169, ""D_tianjin"": 256.289662652462}",62053.0065,cn-jjj-150c-03-V2-LOCATIONS,D_beijing,True,61.322755663311,60012.87072,jjj
True,272.22925892198003,195.30556163855704,C011,208.0,3,"[""D_beijing"", ""D_shijiazhuang"", ""D_tianjin""]","{""D_beijing"": 76.923697283423, ""D_shijiazhuang"": 567.504392558156, ""D_tianjin"": 272.22925892198003}",45448.654200000004,cn-jjj-150c-03-V2-LOCATIONS,D_beijing,True,76.923697283423,42225.75942,jjj
True,253.893409076524,191.35256337321198,C012,208.0,3,"[""D_beijing"", ""D_shijiazhuang"", ""D_tianjin""]","{""D_beijing"": 62.54084570331201, ""D_shijiazhuang"": 580.371046059608, ""D_tianjin"": 253.893409076524}",61253.65056,cn-jjj-150c-03-V2-LOCATIONS,D_beijing,True,62.54084570331201,58551.08052,jjj
True,253.502850015608,191.33038067217,C013,347.0,3,"[""D_beijing"", ""D_shijiazhuang"", ""D_tianjin""]","{""D_beijing"": 62.172469343438, ""D_shijiazhuang"": 581.909544175497, ""D_tianjin"": 253.502850015608}",61354.91922,cn-jjj-150c-03-V2-LOCATIONS,D_beijing,True,62.172469343438,59238.97692,jjj
True,268.940819860242,200.98901963789103,C014,347.0,3,"[""D_beijing"", ""D_shijiazhuang"", ""D_tianjin""]","{""D_beijing"": 67.951800222351, ""D_shijiazhuang"": 576.440855589916, ""D_tianjin"": 268.940819860242}",62627.74308000001,cn-jjj-150c-03-V2-LOCATIONS,D_beijing,True,67.951800222351,59297.71338,jjj
True,266.21665711349794,184.33400873742494,C015,139.0,3,"[""D_beijing"", ""D_shijiazhuang"", ""D_tianjin""]","{""D_beijing"": 81.88264837607299, ""D_shijiazhuang"": 560.7248914808911, ""D_tianjin"": 266.21665711349794}",46374.79782,cn-jjj-150c-03-V2-LOCATIONS,D_beijing,True,81.88264837607299,43022.10264,jjj
True,255.755067846608,194.966906989151,C016,208.0,3,"[""D_beijing"", ""D_shijiazhuang"", ""D_tianjin""]","{""D_beijing"": 60.788160857457, ""D_shijiazhuang"": 581.106620071578, ""D_tianjin"": 255.755067846608}",53168.490900000004,cn-jjj-150c-03-V2-LOCATIONS,D_beijing,True,60.788160857457,50113.16394,jjj
True,259.84068226784996,193.23991580322996,C017,347.0,3,"[""D_beijing"", ""D_shijiazhuang"", ""D_tianjin""]","{""D_beijing"": 66.60076646462, ""D_shijiazhuang"": 576.657935333017, ""D_tianjin"": 259.84068226784996}",64954.7196,cn-jjj-150c-03-V2-LOCATIONS,D_beijing,True,66.60076646462,62086.554240000005,jjj
True,254.293530696321,177.348124116974,C018,139.0,3,"[""D_beijing"", ""D_shijiazhuang"", ""D_tianjin""]","{""D_beijing"": 76.94540657934701, ""D_shijiazhuang"": 570.1651851013971, ""D_tianjin"": 254.293530696321}",58675.29678,cn-jjj-150c-03-V2-LOCATIONS,D_beijing,True,76.94540657934701,55838.151060000004,jjj
True,254.976676616328,178.424482743997,C019,417.0,3,"[""D_beijing"", ""D_shijiazhuang"", ""D_tianjin""]","{""D_beijing"": 76.552193872331, ""D_shijiazhuang"": 569.368409402397, ""D_tianjin"": 254.976676616328}",43037.306280000004,cn-jjj-150c-03-V2-LOCATIONS,D_beijing,True,76.552193872331,40108.64832,jjj
True,263.264991349838,208.685986865396,C020,417.0,3,"[""D_beijing"", ""D_shijiazhuang"", ""D_tianjin""]","{""D_beijing"": 54.579004484442, ""D_shijiazhuang"": 589.6479255264501, ""D_tianjin"": 263.264991349838}",44429.24189999999,cn-jjj-150c-03-V2-LOCATIONS,D_beijing,True,54.579004484442,42471.7509,jjj
True,286.049387587029,209.467131139951,C021,278.0,3,"[""D_beijing"", ""D_shijiazhuang"", ""D_tianjin""]","{""D_beijing"": 76.582256447078, ""D_shijiazhuang"": 571.7958706768931, ""D_tianjin"": 286.049387587029}",63791.44445999999,cn-jjj-150c-03-V2-LOCATIONS,D_beijing,True,76.582256447078,61920.63540000001,jjj
True,249.31156091838702,164.577687716765,C022,208.0,3,"[""D_beijing"", ""D_shijiazhuang"", ""D_tianjin""]","{""D_beijing"": 84.733873201622, ""D_shijiazhuang"": 574.604396475887, ""D_tianjin"": 249.31156091838702}",58488.32028,cn-jjj-150c-03-V2-LOCATIONS,D_beijing,True,84.733873201622,55513.8426,jjj
True,264.17190668460205,208.60895383957305,C023,417.0,3,"[""D_beijing"", ""D_shijiazhuang"", ""D_tianjin""]","{""D_beijing"": 55.562952845028995, ""D_shijiazhuang"": 592.669080857108, ""D_tianjin"": 264.17190668460205}",50651.861639999996,cn-jjj-150c-03-V2-LOCATIONS,D_beijing,True,55.562952845028995,48033.271140000004,jjj
True,262.96729743106,204.75227509541799,C024,347.0,3,"[""D_beijing"", ""D_shijiazhuang"", ""D_tianjin""]","{""D_beijing"": 58.215022335642004, ""D_shijiazhuang"": 587.083250186026, ""D_tianjin"": 262.96729743106}",44921.310900000004,cn-jjj-150c-03-V2-LOCATIONS,D_beijing,True,58.215022335642004,41699.25204,jjj
True,260.166906553692,204.75227509541799,C025,278.0,3,"[""D_beijing"", ""D_shijiazhuang"", ""D_tianjin""]","{""D_beijing"": 55.414631458274, ""D_shijiazhuang"": 588.6842372292241, ""D_tianjin"": 260.166906553692}",50448.6666,cn-jjj-150c-03-V2-LOCATIONS,D_beijing,True,55.414631458274,47748.35004,jjj
True,253.81450026220003,184.165455637092,C026,139.0,3,"[""D_beijing"", ""D_shijiazhuang"", ""D_tianjin""]","{""D_beijing"": 69.649044625108, ""D_shijiazhuang"": 574.893114577204, ""D_tianjin"": 253.81450026220003}",62290.318680000004,cn-jjj-150c-03-V2-LOCATIONS,D_beijing,True,69.649044625108,59489.995619999994,jjj
True,254.62796503502702,193.22882746367102,C027,139.0,3,"[""D_beijing"", ""D_shijiazhuang"", ""D_tianjin""]","{""D_beijing"": 61.399137571356, ""D_shijiazhuang"": 581.537622062666, ""D_tianjin"": 254.62796503502702}",47170.38042,cn-jjj-150c-03-V2-LOCATIONS,D_beijing,True,61.399137571356,43740.6204,jjj
True,281.811331833991,207.863158567901,C028,347.0,3,"[""D_beijing"", ""D_shijiazhuang"", ""D_tianjin""]","{""D_beijing"": 73.94817326609, ""D_shijiazhuang"": 576.1106320104999, ""D_tianjin"": 281.811331833991}",45447.519,cn-jjj-150c-03-V2-LOCATIONS,D_beijing,True,73.94817326609,42799.516260000004,jjj
True,260.867373924616,201.404134251923,C029,347.0,3,"[""D_beijing"", ""D_shijiazhuang"", ""D_tianjin""]","{""D_beijing"": 59.463239672693, ""D_shijiazhuang"": 586.0538380482469, ""D_tianjin"": 260.867373924616}",47477.030640000004,cn-jjj-150c-03-V2-LOCATIONS,D_beijing,True,59.463239672693,45061.249079999994,jjj
True,268.477020721574,179.61378404671498,C030,278.0,3,"[""D_beijing"", ""D_shijiazhuang"", ""D_tianjin""]","{""D_beijing"": 88.863236674859, ""D_shijiazhuang"": 555.572293536352, ""D_tianjin"": 268.477020721574}",47449.3923,cn-jjj-150c-03-V2-LOCATIONS,D_beijing,True,88.863236674859,44723.77224,jjj
True,253.68032028462198,184.59957601247197,C031,208.0,3,"[""D_beijing"", ""D_shijiazhuang"", ""D_tianjin""]","{""D_beijing"": 69.08074427215001, ""D_shijiazhuang"": 574.5418744119349, ""D_tianjin"": 253.68032028462198}",56058.39294,cn-jjj-150c-03-V2-LOCATIONS,D_beijing,True,69.08074427215001,53851.71516,jjj
True,254.528040368664,191.490521401283,C032,347.0,3,"[""D_beijing"", ""D_shijiazhuang"", ""D_tianjin""]","{""D_beijing"": 63.037518967381, ""D_shijiazhuang"": 581.005677351748, ""D_tianjin"": 254.528040368664}",59902.3758,cn-jjj-150c-03-V2-LOCATIONS,D_beijing,True,63.037518967381,58071.78372,jjj
True,243.046216309405,165.227657355132,C033,139.0,3,"[""D_beijing"", ""D_shijiazhuang"", ""D_tianjin""]","{""D_beijing"": 77.818558954273, ""D_shijiazhuang"": 581.8895729989731, ""D_tianjin"": 243.046216309405}",54381.05922,cn-jjj-150c-03-V2-LOCATIONS,D_beijing,True,77.818558954273,51439.38624,jjj
True,277.076217696386,209.62478205418597,C034,139.0,3,"[""D_beijing"", ""D_shijiazhuang"", ""D_tianjin""]","{""D_beijing"": 67.4514356422, ""D_shijiazhuang"": 583.8082742834149, ""D_tianjin"": 277.076217696386}",49564.35774,cn-jjj-150c-03-V2-LOCATIONS,D_beijing,True,67.4514356422,45984.4128,jjj
True,269.26339036730803,200.40920873084502,C035,417.0,3,"[""D_beijing"", ""D_shijiazhuang"", ""D_tianjin""]","{""D_beijing"": 68.85418163646301, ""D_shijiazhuang"": 575.350330165831, ""D_tianjin"": 269.26339036730803}",51972.8727,cn-jjj-150c-03-V2-LOCATIONS,D_beijing,True,68.85418163646301,49346.628,jjj
True,265.451153508308,187.641161944543,C036,208.0,3,"[""D_beijing"", ""D_shijiazhuang"", ""D_tianjin""]","{""D_beijing"": 77.809991563765, ""D_shijiazhuang"": 566.3379124247369, ""D_tianjin"": 265.451153508308}",48177.23562,cn-jjj-150c-03-V2-LOCATIONS,D_beijing,True,77.809991563765,45376.182420000005,jjj
True,259.532915967032,189.651914094391,C037,139.0,3,"[""D_beijing"", ""D_shijiazhuang"", ""D_tianjin""]","{""D_beijing"": 69.88100187264101, ""D_shijiazhuang"": 573.402363594914, ""D_tianjin"": 259.532915967032}",49221.7596,cn-jjj-150c-03-V2-LOCATIONS,D_beijing,True,69.88100187264101,46820.4477,jjj
True,253.545598100498,194.733587188189,C038,139.0,3,"[""D_beijing"", ""D_shijiazhuang"", ""D_tianjin""]","{""D_beijing"": 58.812010912309, ""D_shijiazhuang"": 584.0881614658879, ""D_tianjin"": 253.545598100498}",48204.17838,cn-jjj-150c-03-V2-LOCATIONS,D_beijing,True,58.812010912309,44616.34344,jjj
True,250.929948562656,182.55215749722697,C039,208.0,3,"[""D_beijing"", ""D_shijiazhuang"", ""D_tianjin""]","{""D_beijing"": 68.37779106542901, ""D_shijiazhuang"": 575.122466985455, ""D_tianjin"": 250.929948562656}",63732.82998,cn-jjj-150c-03-V2-LOCATIONS,D_beijing,True,68.37779106542901,61291.984500000006,jjj
True,259.468849619075,199.344263043765,C040,347.0,3,"[""D_beijing"", ""D_shijiazhuang"", ""D_tianjin""]","{""D_beijing"": 60.12458657531, ""D_shijiazhuang"": 583.190181841476, ""D_tianjin"": 259.468849619075}",56726.529780000004,cn-jjj-150c-03-V2-LOCATIONS,D_beijing,True,60.12458657531,53966.607659999994,jjj
True,274.740547072938,202.97979824993098,C041,417.0,3,"[""D_beijing"", ""D_shijiazhuang"", ""D_tianjin""]","{""D_beijing"": 71.760748823007, ""D_shijiazhuang"": 578.179851127954, ""D_tianjin"": 274.740547072938}",47455.46688,cn-jjj-150c-03-V2-LOCATIONS,D_beijing,True,71.760748823007,44653.11492,jjj
True,259.899638761113,191.19378658254203,C042,278.0,3,"[""D_beijing"", ""D_shijiazhuang"", ""D_tianjin""]","{""D_beijing"": 68.70585217857099, ""D_shijiazhuang"": 573.7894974245701, ""D_tianjin"": 259.899638761113}",61142.59392,cn-jjj-150c-03-V2-LOCATIONS,D_beijing,True,68.70585217857099,58064.357879999996,jjj
True,259.432878007984,188.77601631151003,C043,139.0,3,"[""D_beijing"", ""D_shijiazhuang"", ""D_tianjin""]","{""D_beijing"": 70.656861696474, ""D_shijiazhuang"": 573.8222602393921, ""D_tianjin"": 259.432878007984}",47928.79728,cn-jjj-150c-03-V2-LOCATIONS,D_beijing,True,70.656861696474,44901.54006,jjj
True,273.077363537341,201.684915496004,C044,278.0,3,"[""D_beijing"", ""D_shijiazhuang"", ""D_tianjin""]","{""D_beijing"": 71.39244804133699, ""D_shijiazhuang"": 581.2634267079491, ""D_tianjin"": 273.077363537341}",50448.6666,cn-jjj-150c-03-V2-LOCATIONS,D_beijing,True,71.39244804133699,47748.35004,jjj
True,252.370055171936,187.794003358142,C045,417.0,3,"[""D_beijing"", ""D_shijiazhuang"", ""D_tianjin""]","{""D_beijing"": 64.576051813794, ""D_shijiazhuang"": 578.637249670189, ""D_tianjin"": 252.370055171936}",49743.35706,cn-jjj-150c-03-V2-LOCATIONS,D_beijing,True,64.576051813794,47877.63582,jjj
True,258.156274887895,177.68603282102998,C046,208.0,3,"[""D_beijing"", ""D_shijiazhuang"", ""D_tianjin""]","{""D_beijing"": 80.470242066865, ""D_shijiazhuang"": 565.816931256199, ""D_tianjin"": 258.156274887895}",48994.51278,cn-jjj-150c-03-V2-LOCATIONS,D_beijing,True,80.470242066865,45668.46966,jjj
True,258.320168964771,202.51625974456704,C047,278.0,3,"[""D_beijing"", ""D_shijiazhuang"", ""D_tianjin""]","{""D_beijing"": 55.803909220204, ""D_shijiazhuang"": 589.375201960664, ""D_tianjin"": 258.320168964771}",50791.089,cn-jjj-150c-03-V2-LOCATIONS,D_beijing,True,55.803909220204,47312.24184,jjj
True,263.104146143692,187.719489167414,C048,278.0,3,"[""D_beijing"", ""D_shijiazhuang"", ""D_tianjin""]","{""D_beijing"": 75.384656976278, ""D_shijiazhuang"": 570.19071774593, ""D_tianjin"": 263.104146143692}",46676.67258,cn-jjj-150c-03-V2-LOCATIONS,D_beijing,True,75.384656976278,43676.2632,jjj
True,268.947527982795,198.187818351251,C049,139.0,3,"[""D_beijing"", ""D_shijiazhuang"", ""D_tianjin""]","{""D_beijing"": 70.759709631544, ""D_shijiazhuang"": 574.498931469406, ""D_tianjin"": 268.947527982795}",48137.357280000004,cn-jjj-150c-03-V2-LOCATIONS,D_beijing,True,70.759709631544,45878.8131,jjj
True,261.579586136023,201.87604600678702,C050,208.0,3,"[""D_beijing"", ""D_shijiazhuang"", ""D_tianjin""]","{""D_beijing"": 59.703540129236, ""D_shijiazhuang"": 585.256327413618, ""D_tianjin"": 261.579586136023}",60577.42554,cn-jjj-150c-03-V2-LOCATIONS,D_beijing,True,59.703540129236,57603.71796,jjj
True,280.33607017510894,210.44875796651093,C051,347.0,3,"[""D_beijing"", ""D_shijiazhuang"", ""D_tianjin""]","{""D_beijing"": 69.887312208598, ""D_shijiazhuang"": 577.8557375642189, ""D_tianjin"": 280.33607017510894}",52539.73938,cn-jjj-150c-03-V2-LOCATIONS,D_beijing,True,69.887312208598,49125.53448,jjj
True,272.67051387712695,205.67796696179596,C052,278.0,3,"[""D_beijing"", ""D_shijiazhuang"", ""D_tianjin""]","{""D_beijing"": 66.99254691533099, ""D_shijiazhuang"": 580.293124316927, ""D_tianjin"": 272.67051387712695}",52947.408,cn-jjj-150c-03-V2-LOCATIONS,D_beijing,True,66.99254691533099,50219.5122,jjj
True,261.303370074815,208.517166493318,C053,347.0,3,"[""D_beijing"", ""D_shijiazhuang"", ""D_tianjin""]","{""D_beijing"": 52.786203581497, ""D_shijiazhuang"": 591.383352808452, ""D_tianjin"": 261.303370074815}",50028.11982,cn-jjj-150c-03-V2-LOCATIONS,D_beijing,True,52.786203581497,46479.466440000004,jjj
True,257.98986121411497,177.68603282102998,C054,278.0,3,"[""D_beijing"", ""D_shijiazhuang"", ""D_tianjin""]","{""D_beijing"": 80.303828393085, ""D_shijiazhuang"": 565.6505175824191, ""D_tianjin"": 257.98986121411497}",58945.45908,cn-jjj-150c-03-V2-LOCATIONS,D_beijing,True,80.303828393085,56364.21552,jjj
True,262.587509777566,190.55616269986405,C055,139.0,3,"[""D_beijing"", ""D_shijiazhuang"", ""D_tianjin""]","{""D_beijing"": 72.031347077702, ""D_shijiazhuang"": 572.36776181834, ""D_tianjin"": 262.587509777566}",50840.11236,cn-jjj-150c-03-V2-LOCATIONS,D_beijing,True,72.031347077702,48516.50838,jjj
True,253.798680560398,195.344567905393,C056,208.0,3,"[""D_beijing"", ""D_shijiazhuang"", ""D_tianjin""]","{""D_beijing"": 58.454112655005, ""D_shijiazhuang"": 584.5389551696719, ""D_tianjin"": 253.798680560398}",45567.82002,cn-jjj-150c-03-V2-LOCATIONS,D_beijing,True,58.454112655005,42622.3671,jjj
True,255.18214390058998,198.135315067097,C057,208.0,3,"[""D_beijing"", ""D_shijiazhuang"", ""D_tianjin""]","{""D_beijing"": 57.046828833492995, ""D_shijiazhuang"": 585.1891830861349, ""D_tianjin"": 255.18214390058998}",64893.34674,cn-jjj-150c-03-V2-LOCATIONS,D_beijing,True,57.046828833492995,61559.716920000006,jjj
True,262.649061728467,190.81996049445502,C058,347.0,3,"[""D_beijing"", ""D_shijiazhuang"", ""D_tianjin""]","{""D_beijing"": 71.82910123401199, ""D_shijiazhuang"": 571.7086214119889, ""D_tianjin"": 262.649061728467}",51510.10764,cn-jjj-150c-03-V2-LOCATIONS,D_beijing,True,71.82910123401199,48846.496139999996,jjj
True,283.93582047940697,213.22308392037695,C059,208.0,3,"[""D_beijing"", ""D_shijiazhuang"", ""D_tianjin""]","{""D_beijing"": 70.71273655903, ""D_shijiazhuang"": 576.628268412686, ""D_tianjin"": 283.93582047940697}",49357.03896,cn-jjj-150c-03-V2-LOCATIONS,D_beijing,True,70.71273655903,47316.56412,jjj
True,263.92250376665606,198.92252017835406,C060,278.0,3,"[""D_beijing"", ""D_shijiazhuang"", ""D_tianjin""]","{""D_beijing"": 64.999983588302, ""D_shijiazhuang"": 579.263909376246, ""D_tianjin"": 263.92250376665606}",56794.51302,cn-jjj-150c-03-V2-LOCATIONS,D_beijing,True,64.999983588302,53405.09904,jjj
True,252.810025304288,184.60567520638298,C061,139.0,3,"[""D_beijing"", ""D_shijiazhuang"", ""D_tianjin""]","{""D_beijing"": 68.204350097905, ""D_shijiazhuang"": 575.058323137212, ""D_tianjin"": 252.810025304288}",53356.051739999995,cn-jjj-150c-03-V2-LOCATIONS,D_beijing,True,68.204350097905,50428.151640000004,jjj
True,265.013158049305,173.34908502851897,C062,417.0,3,"[""D_beijing"", ""D_shijiazhuang"", ""D_tianjin""]","{""D_beijing"": 91.664073020786, ""D_shijiazhuang"": 555.836096783642, ""D_tianjin"": 265.013158049305}",47504.20464,cn-jjj-150c-03-V2-LOCATIONS,D_beijing,True,91.664073020786,44143.364160000005,jjj
True,259.714197585434,189.05733595582402,C063,208.0,3,"[""D_beijing"", ""D_shijiazhuang"", ""D_tianjin""]","{""D_beijing"": 70.65686162961, ""D_shijiazhuang"": 573.8222601725271, ""D_tianjin"": 259.714197585434}",45567.82002,cn-jjj-150c-03-V2-LOCATIONS,D_beijing,True,70.65686162961,42622.3671,jjj
True,284.715448549285,207.409573188156,C064,139.0,3,"[""D_beijing"", ""D_shijiazhuang"", ""D_tianjin""]","{""D_beijing"": 77.305875361129, ""D_shijiazhuang"": 579.6391211687101, ""D_tianjin"": 284.715448549285}",49009.16082,cn-jjj-150c-03-V2-LOCATIONS,D_beijing,True,77.305875361129,46860.2811,jjj
True,259.295278535615,202.31257232724002,C065,417.0,3,"[""D_beijing"", ""D_shijiazhuang"", ""D_tianjin""]","{""D_beijing"": 56.982706208375, ""D_shijiazhuang"": 586.690583507407, ""D_tianjin"": 259.295278535615}",48424.06284,cn-jjj-150c-03-V2-LOCATIONS,D_beijing,True,56.982706208375,45703.562939999996,jjj
True,243.464469831997,157.595604250084,C066,347.0,3,"[""D_beijing"", ""D_shijiazhuang"", ""D_tianjin""]","{""D_beijing"": 85.86886558191301, ""D_shijiazhuang"": 578.88858962935, ""D_tianjin"": 243.464469831997}",45634.5687,cn-jjj-150c-03-V2-LOCATIONS,D_beijing,True,85.86886558191301,42979.43796,jjj
True,263.020026908665,207.64826477879097,C067,139.0,3,"[""D_beijing"", ""D_shijiazhuang"", ""D_tianjin""]","{""D_beijing"": 55.371762129874, ""D_shijiazhuang"": 591.5501701559631, ""D_tianjin"": 263.020026908665}",53356.051739999995,cn-jjj-150c-03-V2-LOCATIONS,D_beijing,True,55.371762129874,50428.151640000004,jjj
True,257.228125412851,201.77888306092,C068,139.0,3,"[""D_beijing"", ""D_shijiazhuang"", ""D_tianjin""]","{""D_beijing"": 55.449242351931, ""D_shijiazhuang"": 588.132365436873, ""D_tianjin"": 257.228125412851}",57497.4264,cn-jjj-150c-03-V2-LOCATIONS,D_beijing,True,55.449242351931,55293.21318,jjj
True,256.836118870598,163.324332255012,C069,347.0,3,"[""D_beijing"", ""D_shijiazhuang"", ""D_tianjin""]","{""D_beijing"": 93.51178661558599, ""D_shijiazhuang"": 564.232851058169, ""D_tianjin"": 256.836118870598}",55431.19956,cn-jjj-150c-03-V2-LOCATIONS,D_beijing,True,93.51178661558599,52639.66272,jjj
True,246.55067607087798,172.66136583664698,C070,208.0,3,"[""D_beijing"", ""D_shijiazhuang"", ""D_tianjin""]","{""D_beijing"": 73.889310234231, ""D_shijiazhuang"": 574.0510472061881, ""D_tianjin"": 246.55067607087798}",63067.30211999999,cn-jjj-150c-03-V2-LOCATIONS,D_beijing,True,73.889310234231,60249.520260000005,jjj
True,265.934253971936,202.99547980220203,C071,208.0,3,"[""D_beijing"", ""D_shijiazhuang"", ""D_tianjin""]","{""D_beijing"": 62.938774169733996, ""D_shijiazhuang"": 582.676081955751, ""D_tianjin"": 265.934253971936}",50313.870780000005,cn-jjj-150c-03-V2-LOCATIONS,D_beijing,True,62.938774169733996,48083.94288,jjj
True,253.553519930761,184.01994448487903,C072,208.0,3,"[""D_beijing"", ""D_shijiazhuang"", ""D_tianjin""]","{""D_beijing"": 69.533575445882, ""D_shijiazhuang"": 574.9947055856669, ""D_tianjin"": 253.553519930761}",50405.1984,cn-jjj-150c-03-V2-LOCATIONS,D_beijing,True,69.533575445882,47301.73338,jjj
True,254.044413974209,166.96228075236297,C073,139.0,3,"[""D_beijing"", ""D_shijiazhuang"", ""D_tianjin""]","{""D_beijing"": 87.08213322184601, ""D_shijiazhuang"": 573.4501598156041, ""D_tianjin"": 254.044413974209}",55762.85676,cn-jjj-150c-03-V2-LOCATIONS,D_beijing,True,87.08213322184601,52714.750739999996,jjj
True,261.823175751414,204.75227509541799,C074,208.0,3,"[""D_beijing"", ""D_shijiazhuang"", ""D_tianjin""]","{""D_beijing"": 57.070900655996, ""D_shijiazhuang"": 587.53588650668, ""D_tianjin"": 261.823175751414}",45909.070739999996,cn-jjj-150c-03-V2-LOCATIONS,D_beijing,True,57.070900655996,42598.48254,jjj
True,242.666648365024,158.881640232721,C075,347.0,3,"[""D_beijing"", ""D_shijiazhuang"", ""D_tianjin""]","{""D_beijing"": 83.785008132303, ""D_shijiazhuang"": 582.4010611233141, ""D_tianjin"": 242.666648365024}",45447.519,cn-jjj-150c-03-V2-LOCATIONS,D_beijing,True,83.785008132303,42799.516260000004,jjj
True,258.041600148876,185.642170155004,C076,208.0,3,"[""D_beijing"", ""D_shijiazhuang"", ""D_tianjin""]","{""D_beijing"": 72.399429993872, ""D_shijiazhuang"": 570.001044456849, ""D_tianjin"": 258.041600148876}",51845.013060000005,cn-jjj-150c-03-V2-LOCATIONS,D_beijing,True,72.399429993872,48277.82316,jjj
True,259.32425103973503,201.50481966832004,C077,139.0,3,"[""D_beijing"", ""D_shijiazhuang"", ""D_tianjin""]","{""D_beijing"": 57.819431371415, ""D_shijiazhuang"": 586.675649526114, ""D_tianjin"": 259.32425103973503}",51657.98022,cn-jjj-150c-03-V2-LOCATIONS,D_beijing,True,57.819431371415,49589.077860000005,jjj
True,259.41280551262304,203.85646518546903,C078,139.0,3,"[""D_beijing"", ""D_shijiazhuang"", ""D_tianjin""]","{""D_beijing"": 55.556340327154004, ""D_shijiazhuang"": 588.825946098104, ""D_tianjin"": 259.41280551262304}",47907.6123,cn-jjj-150c-03-V2-LOCATIONS,D_beijing,True,55.556340327154004,45064.837680000004,jjj
True,269.267106260075,198.78829416362103,C079,208.0,3,"[""D_beijing"", ""D_shijiazhuang"", ""D_tianjin""]","{""D_beijing"": 70.47881209645399, ""D_shijiazhuang"": 573.45994749129, ""D_tianjin"": 269.267106260075}",49033.7088,cn-jjj-150c-03-V2-LOCATIONS,D_beijing,True,70.47881209645399,46860.36042,jjj
True,287.124599700746,210.542343241668,C080,417.0,3,"[""D_beijing"", ""D_shijiazhuang"", ""D_tianjin""]","{""D_beijing"": 76.582256459078, ""D_shijiazhuang"": 572.947059242913, ""D_tianjin"": 287.124599700746}",46017.863999999994,cn-jjj-150c-03-V2-LOCATIONS,D_beijing,True,76.582256459078,43872.591179999996,jjj
True,259.44105563666506,189.65191409439103,C081,417.0,3,"[""D_beijing"", ""D_shijiazhuang"", ""D_tianjin""]","{""D_beijing"": 69.78914154227401, ""D_shijiazhuang"": 573.310503264547, ""D_tianjin"": 259.44105563666506}",52654.23636,cn-jjj-150c-03-V2-LOCATIONS,D_beijing,True,69.78914154227401,49519.45674,jjj
True,265.242205663529,174.02521908863997,C082,278.0,3,"[""D_beijing"", ""D_shijiazhuang"", ""D_tianjin""]","{""D_beijing"": 91.216986574889, ""D_shijiazhuang"": 553.791186344764, ""D_tianjin"": 265.242205663529}",56759.28126,cn-jjj-150c-03-V2-LOCATIONS,D_beijing,True,91.216986574889,53903.38212,jjj
True,280.201087084368,208.14620376572202,C083,139.0,3,"[""D_beijing"", ""D_shijiazhuang"", ""D_tianjin""]","{""D_beijing"": 72.05488331864599, ""D_shijiazhuang"": 576.6282684927211, ""D_tianjin"": 280.201087084368}",53768.0193,cn-jjj-150c-03-V2-LOCATIONS,D_beijing,True,72.05488331864599,50597.6013,jjj
True,262.740961009697,208.569858859041,C084,347.0,3,"[""D_beijing"", ""D_shijiazhuang"", ""D_tianjin""]","{""D_beijing"": 54.171102150656, ""D_shijiazhuang"": 594.541021477073, ""D_tianjin"": 262.740961009697}",58346.26494,cn-jjj-150c-03-V2-LOCATIONS,D_beijing,True,54.171102150656,56359.759260000006,jjj
True,285.455113698088,210.143081268973,C085,347.0,3,"[""D_beijing"", ""D_shijiazhuang"", ""D_tianjin""]","{""D_beijing"": 75.312032429115, ""D_shijiazhuang"": 578.1475616313671, ""D_tianjin"": 285.455113698088}",45790.0164,cn-jjj-150c-03-V2-LOCATIONS,D_beijing,True,75.312032429115,43311.15012,jjj
True,272.20356800309105,204.75227509541804,C086,139.0,3,"[""D_beijing"", ""D_shijiazhuang"", ""D_tianjin""]","{""D_beijing"": 67.451292907673, ""D_shijiazhuang"": 576.690323411335, ""D_tianjin"": 272.20356800309105}",54726.8388,cn-jjj-150c-03-V2-LOCATIONS,D_beijing,True,67.451292907673,51717.92154,jjj
True,252.690857953494,193.510171850767,C087,139.0,3,"[""D_beijing"", ""D_shijiazhuang"", ""D_tianjin""]","{""D_beijing"": 59.180686102727, ""D_shijiazhuang"": 583.7824814960701, ""D_tianjin"": 252.690857953494}",56940.4689,cn-jjj-150c-03-V2-LOCATIONS,D_beijing,True,59.180686102727,53742.19674,jjj
True,251.93144997703803,187.79400335814205,C088,347.0,3,"[""D_beijing"", ""D_shijiazhuang"", ""D_tianjin""]","{""D_beijing"": 64.13744661889599, ""D_shijiazhuang"": 580.0680721425971, ""D_tianjin"": 251.93144997703803}",47362.58514,cn-jjj-150c-03-V2-LOCATIONS,D_beijing,True,64.13744661889599,43898.616,jjj
True,253.40066986948602,177.04802108989603,C089,417.0,3,"[""D_beijing"", ""D_shijiazhuang"", ""D_tianjin""]","{""D_beijing"": 76.35264877959, ""D_shijiazhuang"": 570.458570914633, ""D_tianjin"": 253.40066986948602}",50716.50708,cn-jjj-150c-03-V2-LOCATIONS,D_beijing,True,76.35264877959,48204.13638,jjj
True,258.788144136727,186.308530648845,C090,417.0,3,"[""D_beijing"", ""D_shijiazhuang"", ""D_tianjin""]","{""D_beijing"": 72.479613487882, ""D_shijiazhuang"": 572.732934261258, ""D_tianjin"": 258.788144136727}",49743.35706,cn-jjj-150c-03-V2-LOCATIONS,D_beijing,True,72.479613487882,47877.63582,jjj
True,241.524241767313,172.74457303487299,C091,278.0,3,"[""D_beijing"", ""D_shijiazhuang"", ""D_tianjin""]","{""D_beijing"": 68.77966873244002, ""D_shijiazhuang"": 580.109360049761, ""D_tianjin"": 241.524241767313}",45536.447459999996,cn-jjj-150c-03-V2-LOCATIONS,D_beijing,True,68.77966873244002,43400.43318,jjj
True,249.40283770641,163.601376397384,C092,208.0,3,"[""D_beijing"", ""D_shijiazhuang"", ""D_tianjin""]","{""D_beijing"": 85.801461309026, ""D_shijiazhuang"": 577.323559712643, ""D_tianjin"": 249.40283770641}",43867.54068,cn-jjj-150c-03-V2-LOCATIONS,D_beijing,True,85.801461309026,41407.9614,jjj
True,251.377942533908,161.801103937775,C093,347.0,3,"[""D_beijing"", ""D_shijiazhuang"", ""D_tianjin""]","{""D_beijing"": 89.57683859613299, ""D_shijiazhuang"": 572.641759456433, ""D_tianjin"": 251.377942533908}",62145.8067,cn-jjj-150c-03-V2-LOCATIONS,D_beijing,True,89.57683859613299,59654.55174,jjj
True,258.04730084038005,202.31257232724005,C094,278.0,3,"[""D_beijing"", ""D_shijiazhuang"", ""D_tianjin""]","{""D_beijing"": 55.73472851314, ""D_shijiazhuang"": 589.538296613871, ""D_tianjin"": 258.04730084038005}",47604.773219999995,cn-jjj-150c-03-V2-LOCATIONS,D_beijing,True,55.73472851314,44309.8515,jjj
True,285.471442243487,208.152932998368,C095,278.0,3,"[""D_beijing"", ""D_shijiazhuang"", ""D_tianjin""]","{""D_beijing"": 77.318509245119, ""D_shijiazhuang"": 577.903999912585, ""D_tianjin"": 285.471442243487}",56759.28126,cn-jjj-150c-03-V2-LOCATIONS,D_beijing,True,77.318509245119,53903.38212,jjj
True,260.066305129349,165.64688051815403,C096,278.0,3,"[""D_beijing"", ""D_shijiazhuang"", ""D_tianjin""]","{""D_beijing"": 94.41942461119498, ""D_shijiazhuang"": 561.220979349314, ""D_tianjin"": 260.066305129349}",51725.68194,cn-jjj-150c-03-V2-LOCATIONS,D_beijing,True,94.41942461119498,48471.72792,jjj
True,254.13067085229,196.101444063017,C097,208.0,3,"[""D_beijing"", ""D_shijiazhuang"", ""D_tianjin""]","{""D_beijing"": 58.029226789273004, ""D_shijiazhuang"": 584.870945461564, ""D_tianjin"": 254.13067085229}",57847.43262,cn-jjj-150c-03-V2-LOCATIONS,D_beijing,True,58.029226789273004,55287.8808,jjj
True,259.429052768258,187.794003358142,C098,278.0,3,"[""D_beijing"", ""D_shijiazhuang"", ""D_tianjin""]","{""D_beijing"": 71.635049410116, ""D_shijiazhuang"": 573.32108649286, ""D_tianjin"": 259.429052768258}",45708.46032,cn-jjj-150c-03-V2-LOCATIONS,D_beijing,True,71.635049410116,42181.430459999996,jjj
True,635.143763594989,586.407100415518,C099,208.0,3,"[""D_beijing"", ""D_shijiazhuang"", ""D_tianjin""]","{""D_beijing"": 648.3046383015991, ""D_shijiazhuang"": 48.736663179470995, ""D_tianjin"": 635.143763594989}",51625.181399999994,cn-jjj-150c-03-V2-LOCATIONS,D_shijiazhuang,True,48.736663179470995,48281.88084,jjj
True,638.767134574449,589.363410124075,C100,278.0,3,"[""D_beijing"", ""D_shijiazhuang"", ""D_tianjin""]","{""D_beijing"": 651.9280092810591, ""D_shijiazhuang"": 49.40372445037399, ""D_tianjin"": 638.767134574449}",53286.02178,cn-jjj-150c-03-V2-LOCATIONS,D_shijiazhuang,True,49.40372445037399,49737.54288,jjj
True,628.636989879652,588.390027733352,C101,278.0,3,"[""D_beijing"", ""D_shijiazhuang"", ""D_tianjin""]","{""D_beijing"": 641.797864586262, ""D_shijiazhuang"": 40.2469621463, ""D_tianjin"": 628.636989879652}",64330.14408,cn-jjj-150c-03-V2-LOCATIONS,D_shijiazhuang,True,40.2469621463,61016.99166,jjj
True,633.566068193309,589.4611048010839,C102,139.0,3,"[""D_beijing"", ""D_shijiazhuang"", ""D_tianjin""]","{""D_beijing"": 646.726942899919, ""D_shijiazhuang"": 44.104963392225, ""D_tianjin"": 633.566068193309}",49756.10472,cn-jjj-150c-03-V2-LOCATIONS,D_shijiazhuang,True,44.104963392225,46380.63708,jjj
True,636.192632278229,593.393325793832,C103,208.0,3,"[""D_beijing"", ""D_shijiazhuang"", ""D_tianjin""]","{""D_beijing"": 649.353506984839, ""D_shijiazhuang"": 42.799306484397, ""D_tianjin"": 636.192632278229}",51196.72878,cn-jjj-150c-03-V2-LOCATIONS,D_shijiazhuang,True,42.799306484397,48280.3398,jjj
True,633.349290896829,575.864932296657,C104,347.0,3,"[""D_beijing"", ""D_shijiazhuang"", ""D_tianjin""]","{""D_beijing"": 646.510165603439, ""D_shijiazhuang"": 57.484358600171994, ""D_tianjin"": 633.349290896829}",51585.23622,cn-jjj-150c-03-V2-LOCATIONS,D_shijiazhuang,True,57.484358600171994,48528.16128,jjj
True,635.084660590071,586.3479974373901,C105,208.0,3,"[""D_beijing"", ""D_shijiazhuang"", ""D_tianjin""]","{""D_beijing"": 648.2455352966809, ""D_shijiazhuang"": 48.736663152681004, ""D_tianjin"": 635.084660590071}",64029.34566,cn-jjj-150c-03-V2-LOCATIONS,D_shijiazhuang,True,48.736663152681004,61215.12300000001,jjj
True,654.179735697577,593.7076482897891,C106,278.0,3,"[""D_beijing"", ""D_shijiazhuang"", ""D_tianjin""]","{""D_beijing"": 667.340610404187, ""D_shijiazhuang"": 60.472087407788, ""D_tianjin"": 654.179735697577}",57869.2089,cn-jjj-150c-03-V2-LOCATIONS,D_shijiazhuang,True,60.472087407788,55187.58324,jjj
True,633.193346226397,575.4628378536701,C107,208.0,3,"[""D_beijing"", ""D_shijiazhuang"", ""D_tianjin""]","{""D_beijing"": 646.3542209330071, ""D_shijiazhuang"": 57.730508372726995, ""D_tianjin"": 633.193346226397}",61632.88278000001,cn-jjj-150c-03-V2-LOCATIONS,D_shijiazhuang,True,57.730508372726995,59650.249560000004,jjj
True,633.229327776246,587.472293751492,C108,347.0,3,"[""D_beijing"", ""D_shijiazhuang"", ""D_tianjin""]","{""D_beijing"": 646.390202482856, ""D_shijiazhuang"": 45.757034024754, ""D_tianjin"": 633.229327776246}",47485.426439999996,cn-jjj-150c-03-V2-LOCATIONS,D_shijiazhuang,True,45.757034024754,45503.62188,jjj
True,638.115639721447,584.101665206123,C109,208.0,3,"[""D_beijing"", ""D_shijiazhuang"", ""D_tianjin""]","{""D_beijing"": 651.276514428057, ""D_shijiazhuang"": 54.013974515324, ""D_tianjin"": 638.115639721447}",45336.1521,cn-jjj-150c-03-V2-LOCATIONS,D_shijiazhuang,True,54.013974515324,43218.36318,jjj
True,641.640120791543,595.7713941010551,C110,417.0,3,"[""D_beijing"", ""D_shijiazhuang"", ""D_tianjin""]","{""D_beijing"": 654.800995498153, ""D_shijiazhuang"": 45.868726690487996, ""D_tianjin"": 641.640120791543}",50670.38226,cn-jjj-150c-03-V2-LOCATIONS,D_shijiazhuang,True,45.868726690487996,47849.46768,jjj
True,638.1244423195401,598.867801452895,C111,208.0,3,"[""D_beijing"", ""D_shijiazhuang"", ""D_tianjin""]","{""D_beijing"": 651.28531702615, ""D_shijiazhuang"": 39.256640866645, ""D_tianjin"": 638.1244423195401}",62424.95502,cn-jjj-150c-03-V2-LOCATIONS,D_shijiazhuang,True,39.256640866645,58853.14914,jjj
True,653.2236356791141,598.2796624529931,C112,417.0,3,"[""D_beijing"", ""D_shijiazhuang"", ""D_tianjin""]","{""D_beijing"": 666.3845103857241, ""D_shijiazhuang"": 54.943973226121, ""D_tianjin"": 653.2236356791141}",61954.4949,cn-jjj-150c-03-V2-LOCATIONS,D_shijiazhuang,True,54.943973226121,59153.22348,jjj
True,637.195363793677,587.9060049721139,C113,417.0,3,"[""D_beijing"", ""D_shijiazhuang"", ""D_tianjin""]","{""D_beijing"": 650.3562385002871, ""D_shijiazhuang"": 49.289358821563, ""D_tianjin"": 637.195363793677}",47727.7305,cn-jjj-150c-03-V2-LOCATIONS,D_shijiazhuang,True,49.289358821563,45474.778679999996,jjj
True,633.25065655401,587.472293751492,C114,278.0,3,"[""D_beijing"", ""D_shijiazhuang"", ""D_tianjin""]","{""D_beijing"": 646.41153126062, ""D_shijiazhuang"": 45.778362802518004, ""D_tianjin"": 633.25065655401}",59750.01012,cn-jjj-150c-03-V2-LOCATIONS,D_shijiazhuang,True,45.778362802518004,56687.948879999996,jjj
True,290.819646387478,248.04069906767398,C115,347.0,3,"[""D_beijing"", ""D_shijiazhuang"", ""D_tianjin""]","{""D_beijing"": 290.819646387478, ""D_shijiazhuang"": 603.981207789436, ""D_tianjin"": 42.778947319804}",53840.52768,cn-jjj-150c-03-V2-LOCATIONS,D_tianjin,True,42.778947319804,51945.636300000006,jjj
True,295.77912191195696,249.70244826578397,C116,139.0,3,"[""D_beijing"", ""D_shijiazhuang"", ""D_tianjin""]","{""D_beijing"": 295.77912191195696, ""D_shijiazhuang"": 584.7657976245131, ""D_tianjin"": 46.076673646173006}",54047.496,cn-jjj-150c-03-V2-LOCATIONS,D_tianjin,True,46.076673646173006,50816.11398,jjj
True,303.113306448392,251.150128385074,C117,139.0,3,"[""D_beijing"", ""D_shijiazhuang"", ""D_tianjin""]","{""D_beijing"": 303.113306448392, ""D_shijiazhuang"": 583.89183817119, ""D_tianjin"": 51.963178063318004}",62838.91236,cn-jjj-150c-03-V2-LOCATIONS,D_tianjin,True,51.963178063318004,59280.462,jjj
True,284.728677876835,252.84173101979798,C118,139.0,3,"[""D_beijing"", ""D_shijiazhuang"", ""D_tianjin""]","{""D_beijing"": 284.728677876835, ""D_shijiazhuang"": 604.277374086039, ""D_tianjin"": 31.886946857037}",66013.7259,cn-jjj-150c-03-V2-LOCATIONS,D_tianjin,True,31.886946857037,63282.59735999999,jjj
True,291.745468286426,239.23851198454,C119,278.0,3,"[""D_beijing"", ""D_shijiazhuang"", ""D_tianjin""]","{""D_beijing"": 291.745468286426, ""D_shijiazhuang"": 588.9113526603479, ""D_tianjin"": 52.506956301886}",46970.03256,cn-jjj-150c-03-V2-LOCATIONS,D_tianjin,True,52.506956301886,44133.68352,jjj
True,293.5205472051,245.0990629256,C120,417.0,3,"[""D_beijing"", ""D_shijiazhuang"", ""D_tianjin""]","{""D_beijing"": 293.5205472051, ""D_shijiazhuang"": 592.9105161540799, ""D_tianjin"": 48.4214842795}",63547.11798,cn-jjj-150c-03-V2-LOCATIONS,D_tianjin,True,48.4214842795,61713.9624,jjj
True,293.13354270884696,242.54018919893096,C121,347.0,3,"[""D_beijing"", ""D_shijiazhuang"", ""D_tianjin""]","{""D_beijing"": 293.13354270884696, ""D_shijiazhuang"": 590.907916421331, ""D_tianjin"": 50.593353509916}",55984.291619999996,cn-jjj-150c-03-V2-LOCATIONS,D_tianjin,True,50.593353509916,53201.67006,jjj
True,289.00981472332296,248.04069906767396,C122,347.0,3,"[""D_beijing"", ""D_shijiazhuang"", ""D_tianjin""]","{""D_beijing"": 289.00981472332296, ""D_shijiazhuang"": 600.764734319261, ""D_tianjin"": 40.969115655649006}",57963.91128,cn-jjj-150c-03-V2-LOCATIONS,D_tianjin,True,40.969115655649006,55187.18304,jjj
True,293.05488380623297,242.30929756925696,C123,139.0,3,"[""D_beijing"", ""D_shijiazhuang"", ""D_tianjin""]","{""D_beijing"": 293.05488380623297, ""D_shijiazhuang"": 591.0601491483911, ""D_tianjin"": 50.745586236976}",55428.689280000006,cn-jjj-150c-03-V2-LOCATIONS,D_tianjin,True,50.745586236976,53568.06222,jjj
True,296.60053105241593,238.60907281856893,C124,278.0,3,"[""D_beijing"", ""D_shijiazhuang"", ""D_tianjin""]","{""D_beijing"": 296.60053105241593, ""D_shijiazhuang"": 584.273032834289, ""D_tianjin"": 57.991458233847005}",58945.45908,cn-jjj-150c-03-V2-LOCATIONS,D_tianjin,True,57.991458233847005,56364.21552,jjj
True,296.66362291247896,252.79258328741096,C125,347.0,3,"[""D_beijing"", ""D_shijiazhuang"", ""D_tianjin""]","{""D_beijing"": 296.66362291247896, ""D_shijiazhuang"": 585.2799039209381, ""D_tianjin"": 43.871039625068}",46453.560959999995,cn-jjj-150c-03-V2-LOCATIONS,D_tianjin,True,43.871039625068,43611.1728,jjj
True,294.70683713421704,251.04954241351902,C126,347.0,3,"[""D_beijing"", ""D_shijiazhuang"", ""D_tianjin""]","{""D_beijing"": 294.70683713421704, ""D_shijiazhuang"": 585.2950623719829, ""D_tianjin"": 43.657294720698005}",47687.77182,cn-jjj-150c-03-V2-LOCATIONS,D_tianjin,True,43.657294720698005,45040.98552,jjj
True,293.49901852349,242.966747437954,C127,139.0,3,"[""D_beijing"", ""D_shijiazhuang"", ""D_tianjin""]","{""D_beijing"": 293.49901852349, ""D_shijiazhuang"": 590.846833996951, ""D_tianjin"": 50.532271085535996}",66347.89758,cn-jjj-150c-03-V2-LOCATIONS,D_tianjin,True,50.532271085535996,63021.96186,jjj
True,296.63618310663605,239.10249012758806,C128,417.0,3,"[""D_beijing"", ""D_shijiazhuang"", ""D_tianjin""]","{""D_beijing"": 296.63618310663605, ""D_shijiazhuang"": 584.068419607202, ""D_tianjin"": 57.533692979048}",52949.79792,cn-jjj-150c-03-V2-LOCATIONS,D_tianjin,True,57.533692979048,50724.889019999995,jjj
True,284.343942800025,251.889917185403,C129,347.0,3,"[""D_beijing"", ""D_shijiazhuang"", ""D_tianjin""]","{""D_beijing"": 284.343942800025, ""D_shijiazhuang"": 605.1052906021899, ""D_tianjin"": 32.454025614622}",54658.362120000005,cn-jjj-150c-03-V2-LOCATIONS,D_tianjin,True,32.454025614622,51070.18164,jjj
True,292.08709161296605,247.53135304163106,C130,278.0,3,"[""D_beijing"", ""D_shijiazhuang"", ""D_tianjin""]","{""D_beijing"": 292.08709161296605, ""D_shijiazhuang"": 606.062645514838, ""D_tianjin"": 44.555738571335}",49305.18858,cn-jjj-150c-03-V2-LOCATIONS,D_tianjin,True,44.555738571335,47100.78558,jjj
True,292.36374875770105,246.70281235580305,C131,278.0,3,"[""D_beijing"", ""D_shijiazhuang"", ""D_tianjin""]","{""D_beijing"": 292.36374875770105, ""D_shijiazhuang"": 604.3855741133419, ""D_tianjin"": 45.660936401898}",51416.426159999995,cn-jjj-150c-03-V2-LOCATIONS,D_tianjin,True,45.660936401898,49435.4289,jjj
True,296.62985782263905,252.79258328741105,C132,208.0,3,"[""D_beijing"", ""D_shijiazhuang"", ""D_tianjin""]","{""D_beijing"": 296.62985782263905, ""D_shijiazhuang"": 585.4750421865131, ""D_tianjin"": 43.837274535228005}",49316.22858,cn-jjj-150c-03-V2-LOCATIONS,D_tianjin,True,43.837274535228005,46930.99896,jjj
True,287.548176789541,248.040699067674,C133,208.0,3,"[""D_beijing"", ""D_shijiazhuang"", ""D_tianjin""]","{""D_beijing"": 287.548176789541, ""D_shijiazhuang"": 600.505458940613, ""D_tianjin"": 39.507477721867}",52625.71212,cn-jjj-150c-03-V2-LOCATIONS,D_tianjin,True,39.507477721867,49378.6164,jjj
True,288.345698928133,248.040699067674,C134,139.0,3,"[""D_beijing"", ""D_shijiazhuang"", ""D_tianjin""]","{""D_beijing"": 288.345698928133, ""D_shijiazhuang"": 599.925820062203, ""D_tianjin"": 40.304999860459}",50751.42522,cn-jjj-150c-03-V2-LOCATIONS,D_tianjin,True,40.304999860459,47727.63402,jjj
True,284.343942589535,251.88991718540302,C135,417.0,3,"[""D_beijing"", ""D_shijiazhuang"", ""D_tianjin""]","{""D_beijing"": 284.343942589535, ""D_shijiazhuang"": 605.105290391701, ""D_tianjin"": 32.454025404132}",43134.44808,cn-jjj-150c-03-V2-LOCATIONS,D_tianjin,True,32.454025404132,41242.4868,jjj
True,296.600758617279,252.792583287411,C136,208.0,3,"[""D_beijing"", ""D_shijiazhuang"", ""D_tianjin""]","{""D_beijing"": 296.600758617279, ""D_shijiazhuang"": 585.445942981153, ""D_tianjin"": 43.808175329868}",44069.20224,cn-jjj-150c-03-V2-LOCATIONS,D_tianjin,True,43.808175329868,41485.368780000004,jjj
True,297.612863078888,240.14231772143998,C137,347.0,3,"[""D_beijing"", ""D_shijiazhuang"", ""D_tianjin""]","{""D_beijing"": 297.612863078888, ""D_shijiazhuang"": 584.200627681911, ""D_tianjin"": 57.470545357447996}",50699.05248,cn-jjj-150c-03-V2-LOCATIONS,D_tianjin,True,57.470545357447996,47774.39238,jjj
True,284.952435518428,252.84173101979798,C138,139.0,3,"[""D_beijing"", ""D_shijiazhuang"", ""D_tianjin""]","{""D_beijing"": 284.952435518428, ""D_shijiazhuang"": 604.476952557157, ""D_tianjin"": 32.11070449863}",58706.121960000004,cn-jjj-150c-03-V2-LOCATIONS,D_tianjin,True,32.11070449863,56679.10602,jjj
True,296.51389930561896,252.79258328741096,C139,208.0,3,"[""D_beijing"", ""D_shijiazhuang"", ""D_tianjin""]","{""D_beijing"": 296.51389930561896, ""D_shijiazhuang"": 585.359083669493, ""D_tianjin"": 43.721316018208}",46583.526,cn-jjj-150c-03-V2-LOCATIONS,D_tianjin,True,43.721316018208,44735.7051,jjj
True,298.06458106268303,241.38311364116402,C140,278.0,3,"[""D_beijing"", ""D_shijiazhuang"", ""D_tianjin""]","{""D_beijing"": 298.06458106268303, ""D_shijiazhuang"": 576.020898530164, ""D_tianjin"": 56.681467421519}",52531.598340000004,cn-jjj-150c-03-V2-LOCATIONS,D_tianjin,True,56.681467421519,49717.13838,jjj
True,297.300610864843,241.38311364116402,C141,139.0,3,"[""D_beijing"", ""D_shijiazhuang"", ""D_tianjin""]","{""D_beijing"": 297.300610864843, ""D_shijiazhuang"": 575.907110286734, ""D_tianjin"": 55.917497223679}",46862.2206,cn-jjj-150c-03-V2-LOCATIONS,D_tianjin,True,55.917497223679,44185.570920000006,jjj
True,291.88605792858,249.493821614144,C142,347.0,3,"[""D_beijing"", ""D_shijiazhuang"", ""D_tianjin""]","{""D_beijing"": 291.88605792858, ""D_shijiazhuang"": 604.4263245269309, ""D_tianjin"": 42.392236314436}",44020.271100000005,cn-jjj-150c-03-V2-LOCATIONS,D_tianjin,True,42.392236314436,41689.207559999995,jjj
True,285.792748357213,248.040699067673,C143,208.0,3,"[""D_beijing"", ""D_shijiazhuang"", ""D_tianjin""]","{""D_beijing"": 285.792748357213, ""D_shijiazhuang"": 600.1430297584341, ""D_tianjin"": 37.75204928954}",56003.5053,cn-jjj-150c-03-V2-LOCATIONS,D_tianjin,True,37.75204928954,53096.85282,jjj
True,297.332587814403,241.383113641164,C144,347.0,3,"[""D_beijing"", ""D_shijiazhuang"", ""D_tianjin""]","{""D_beijing"": 297.332587814403, ""D_shijiazhuang"": 575.777802961394, ""D_tianjin"": 55.949474173239}",51742.26642,cn-jjj-150c-03-V2-LOCATIONS,D_tianjin,True,55.949474173239,48266.65872,jjj
True,294.331612492161,246.97843073276601,C145,347.0,3,"[""D_beijing"", ""D_shijiazhuang"", ""D_tianjin""]","{""D_beijing"": 294.331612492161, ""D_shijiazhuang"": 603.4980645467621, ""D_tianjin"": 47.353181759395}",44004.54876,cn-jjj-150c-03-V2-LOCATIONS,D_tianjin,True,47.353181759395,41195.002980000005,jjj
True,298.29115319999596,244.02476725100396,C146,139.0,3,"[""D_beijing"", ""D_shijiazhuang"", ""D_tianjin""]","{""D_beijing"": 298.29115319999596, ""D_shijiazhuang"": 594.185668958371, ""D_tianjin"": 54.266385948992}",51730.58652,cn-jjj-150c-03-V2-LOCATIONS,D_tianjin,True,54.266385948992,49351.19676,jjj
True,294.706837223797,251.049542413519,C147,347.0,3,"[""D_beijing"", ""D_shijiazhuang"", ""D_tianjin""]","{""D_beijing"": 294.706837223797, ""D_shijiazhuang"": 585.2950624615629, ""D_tianjin"": 43.657294810277996}",59902.3758,cn-jjj-150c-03-V2-LOCATIONS,D_tianjin,True,43.657294810277996,58071.78372,jjj
True,298.291153352226,244.024767251004,C148,208.0,3,"[""D_beijing"", ""D_shijiazhuang"", ""D_tianjin""]","{""D_beijing"": 298.291153352226, ""D_shijiazhuang"": 594.185669110601, ""D_tianjin"": 54.266386101222004}",51282.16758,cn-jjj-150c-03-V2-LOCATIONS,D_tianjin,True,54.266386101222004,47965.21356,jjj
True,297.935041285283,241.38311364116396,C149,208.0,3,"[""D_beijing"", ""D_shijiazhuang"", ""D_tianjin""]","{""D_beijing"": 297.935041285283, ""D_shijiazhuang"": 575.725015493634, ""D_tianjin"": 56.551927644119004}",58488.32028,cn-jjj-150c-03-V2-LOCATIONS,D_tianjin,True,56.551927644119004,55513.8426,jjj
True,298.041081676165,241.383113641164,C150,347.0,3,"[""D_beijing"", ""D_shijiazhuang"", ""D_tianjin""]","{""D_beijing"": 298.041081676165, ""D_shijiazhuang"": 575.588020135944, ""D_tianjin"": 56.657968035001005}",59751.01128,cn-jjj-150c-03-V2-LOCATIONS,D_tianjin,True,56.657968035001005,57526.922159999995,jjj
True,253.230892871085,189.214729327449,C001,347.0,2,"[""D_beijing"", ""D_tianjin""]","{""D_beijing"": 64.016163543636, ""D_tianjin"": 253.230892871085}",50256.88464,cn-jjj-50c-01-V2-LOCATIONS,D_beijing,True,64.016163543636,47856.71286,jjj
True,254.783998651955,178.727314965704,C002,347.0,2,"[""D_beijing"", ""D_tianjin""]","{""D_beijing"": 76.05668368625099, ""D_tianjin"": 254.783998651955}",51291.86286,cn-jjj-50c-01-V2-LOCATIONS,D_beijing,True,76.05668368625099,48857.7009,jjj
True,253.29561076842802,173.59900472886704,C003,278.0,2,"[""D_beijing"", ""D_tianjin""]","{""D_beijing"": 79.69660603956099, ""D_tianjin"": 253.29561076842802}",55073.94042,cn-jjj-50c-01-V2-LOCATIONS,D_beijing,True,79.69660603956099,53224.0278,jjj
True,270.26133118228194,202.82516950048594,C004,347.0,2,"[""D_beijing"", ""D_tianjin""]","{""D_beijing"": 67.436161681796, ""D_tianjin"": 270.26133118228194}",51123.272639999996,cn-jjj-50c-01-V2-LOCATIONS,D_beijing,True,67.436161681796,47806.749780000006,jjj
True,283.935820464737,213.223083920377,C005,208.0,2,"[""D_beijing"", ""D_tianjin""]","{""D_beijing"": 70.71273654436, ""D_tianjin"": 283.935820464737}",50823.889800000004,cn-jjj-50c-01-V2-LOCATIONS,D_beijing,True,70.71273654436,47376.00576,jjj
True,253.6411241449,184.165455637092,C006,139.0,2,"[""D_beijing"", ""D_tianjin""]","{""D_beijing"": 69.47566850780801, ""D_tianjin"": 253.6411241449}",54960.43194,cn-jjj-50c-01-V2-LOCATIONS,D_beijing,True,69.47566850780801,53044.65456,jjj
True,259.441055591444,189.651914094391,C007,417.0,2,"[""D_beijing"", ""D_tianjin""]","{""D_beijing"": 69.78914149705301, ""D_tianjin"": 259.441055591444}",57668.56626,cn-jjj-50c-01-V2-LOCATIONS,D_beijing,True,69.78914149705301,54922.92408,jjj
True,246.971019481176,181.040871205575,C008,139.0,2,"[""D_beijing"", ""D_tianjin""]","{""D_beijing"": 65.930148275601, ""D_tianjin"": 246.971019481176}",44467.47306,cn-jjj-50c-01-V2-LOCATIONS,D_beijing,True,65.930148275601,42232.6425,jjj
True,255.76592195198498,196.29558200905197,C009,139.0,2,"[""D_beijing"", ""D_tianjin""]","{""D_beijing"": 59.470339942933, ""D_tianjin"": 255.76592195198498}",54047.496,cn-jjj-50c-01-V2-LOCATIONS,D_beijing,True,59.470339942933,50816.11398,jjj
True,269.48896641479797,197.30146216673597,C010,278.0,2,"[""D_beijing"", ""D_tianjin""]","{""D_beijing"": 72.187504248062, ""D_tianjin"": 269.48896641479797}",47449.3923,cn-jjj-50c-01-V2-LOCATIONS,D_beijing,True,72.187504248062,44723.77224,jjj
True,271.381935330201,199.54064067192897,C011,417.0,2,"[""D_beijing"", ""D_tianjin""]","{""D_beijing"": 71.841294658272, ""D_tianjin"": 271.381935330201}",58722.773460000004,cn-jjj-50c-01-V2-LOCATIONS,D_beijing,True,71.841294658272,56139.3351,jjj
True,255.503749492879,180.417955754442,C012,417.0,2,"[""D_beijing"", ""D_tianjin""]","{""D_beijing"": 75.085793738437, ""D_tianjin"": 255.503749492879}",53153.395619999996,cn-jjj-50c-01-V2-LOCATIONS,D_beijing,True,75.085793738437,49724.11092,jjj
True,283.93582050298704,213.22308392037704,C013,139.0,2,"[""D_beijing"", ""D_tianjin""]","{""D_beijing"": 70.71273658261, ""D_tianjin"": 283.93582050298704}",55622.11608,cn-jjj-50c-01-V2-LOCATIONS,D_beijing,True,70.71273658261,53328.78312,jjj
True,281.045119750016,211.089851002275,C014,139.0,2,"[""D_beijing"", ""D_tianjin""]","{""D_beijing"": 69.955268747741, ""D_tianjin"": 281.045119750016}",44355.50838,cn-jjj-50c-01-V2-LOCATIONS,D_beijing,True,69.955268747741,42025.9935,jjj
True,253.24771451835997,192.35129898540197,C015,278.0,2,"[""D_beijing"", ""D_tianjin""]","{""D_beijing"": 60.896415532957995, ""D_tianjin"": 253.24771451835997}",47418.55458,cn-jjj-50c-01-V2-LOCATIONS,D_beijing,True,60.896415532957995,45205.976160000006,jjj
True,260.018517865264,160.80191226955301,C016,208.0,2,"[""D_beijing"", ""D_tianjin""]","{""D_beijing"": 99.216605595711, ""D_tianjin"": 260.018517865264}",64314.7908,cn-jjj-50c-01-V2-LOCATIONS,D_beijing,True,99.216605595711,62504.394,jjj
True,250.890175346787,181.961873556973,C017,278.0,2,"[""D_beijing"", ""D_tianjin""]","{""D_beijing"": 68.928301789814, ""D_tianjin"": 250.890175346787}",44772.07962,cn-jjj-50c-01-V2-LOCATIONS,D_beijing,True,68.928301789814,42701.711520000004,jjj
True,256.289662652462,194.96690698915103,C018,208.0,2,"[""D_beijing"", ""D_tianjin""]","{""D_beijing"": 61.322755663311, ""D_tianjin"": 256.289662652462}",59924.0274,cn-jjj-50c-01-V2-LOCATIONS,D_beijing,True,61.322755663311,56430.94734,jjj
True,280.417849107269,210.44875796651098,C019,347.0,2,"[""D_beijing"", ""D_tianjin""]","{""D_beijing"": 69.969091140758, ""D_tianjin"": 280.417849107269}",50801.40996,cn-jjj-50c-01-V2-LOCATIONS,D_beijing,True,69.969091140758,48949.36026,jjj
True,253.545598080938,194.846009968029,C020,208.0,2,"[""D_beijing"", ""D_tianjin""]","{""D_beijing"": 58.699588112909, ""D_tianjin"": 253.545598080938}",62987.83632,cn-jjj-50c-01-V2-LOCATIONS,D_beijing,True,58.699588112909,59665.97814,jjj
True,263.020026908665,207.64826477879097,C021,347.0,2,"[""D_beijing"", ""D_tianjin""]","{""D_beijing"": 55.371762129874, ""D_tianjin"": 263.020026908665}",51292.297979999996,cn-jjj-50c-01-V2-LOCATIONS,D_beijing,True,55.371762129874,48137.81022,jjj
True,261.15343382614003,194.72691107641202,C022,278.0,2,"[""D_beijing"", ""D_tianjin""]","{""D_beijing"": 66.426522749728, ""D_tianjin"": 261.15343382614003}",44722.828259999995,cn-jjj-50c-01-V2-LOCATIONS,D_beijing,True,66.426522749728,42280.527239999996,jjj
True,259.54385581807696,199.34426304376495,C023,347.0,2,"[""D_beijing"", ""D_tianjin""]","{""D_beijing"": 60.199592774311995, ""D_tianjin"": 259.54385581807696}",50256.88464,cn-jjj-50c-01-V2-LOCATIONS,D_beijing,True,60.199592774311995,47856.71286,jjj
True,253.30175801632,184.165455637092,C024,139.0,2,"[""D_beijing"", ""D_tianjin""]","{""D_beijing"": 69.136302379228, ""D_tianjin"": 253.30175801632}",47608.38888,cn-jjj-50c-01-V2-LOCATIONS,D_beijing,True,69.136302379228,45668.01126,jjj
True,262.38166764816003,190.43079271217806,C025,208.0,2,"[""D_beijing"", ""D_tianjin""]","{""D_beijing"": 71.95087493598199, ""D_tianjin"": 262.38166764816003}",46773.9588,cn-jjj-50c-01-V2-LOCATIONS,D_beijing,True,71.95087493598199,43395.84066,jjj
True,259.43287795555,188.77601631150998,C026,278.0,2,"[""D_beijing"", ""D_tianjin""]","{""D_beijing"": 70.65686164404, ""D_tianjin"": 259.43287795555}",58945.45908,cn-jjj-50c-01-V2-LOCATIONS,D_beijing,True,70.65686164404,56364.21552,jjj
True,261.91664964115597,189.22024064108996,C027,417.0,2,"[""D_beijing"", ""D_tianjin""]","{""D_beijing"": 72.696409000066, ""D_tianjin"": 261.91664964115597}",48612.77142,cn-jjj-50c-01-V2-LOCATIONS,D_beijing,True,72.696409000066,46401.56651999999,jjj
True,278.205463056062,201.29397406068898,C028,347.0,2,"[""D_beijing"", ""D_tianjin""]","{""D_beijing"": 76.911488995373, ""D_tianjin"": 278.205463056062}",49782.70524,cn-jjj-50c-01-V2-LOCATIONS,D_beijing,True,76.911488995373,46300.48032,jjj
True,248.258677708445,181.05185302210398,C029,139.0,2,"[""D_beijing"", ""D_tianjin""]","{""D_beijing"": 67.20682468634101, ""D_tianjin"": 248.258677708445}",52828.73646,cn-jjj-50c-01-V2-LOCATIONS,D_beijing,True,67.20682468634101,50140.920360000004,jjj
True,270.87355512759405,186.95609326822105,C030,208.0,2,"[""D_beijing"", ""D_tianjin""]","{""D_beijing"": 83.91746185937299, ""D_tianjin"": 270.87355512759405}",46780.888739999995,cn-jjj-50c-01-V2-LOCATIONS,D_beijing,True,83.91746185937299,44740.685339999996,jjj
True,252.233560979759,187.794003358142,C031,208.0,2,"[""D_beijing"", ""D_tianjin""]","{""D_beijing"": 64.439557621617, ""D_tianjin"": 252.233560979759}",44803.90512,cn-jjj-50c-01-V2-LOCATIONS,D_beijing,True,64.439557621617,41987.768280000004,jjj
True,251.624253890918,187.794003358142,C032,208.0,2,"[""D_beijing"", ""D_tianjin""]","{""D_beijing"": 63.830250532776, ""D_tianjin"": 251.624253890918}",51369.71568,cn-jjj-50c-01-V2-LOCATIONS,D_beijing,True,63.830250532776,48616.18854,jjj
True,282.229325840754,212.47765163307199,C033,278.0,2,"[""D_beijing"", ""D_tianjin""]","{""D_beijing"": 69.75167420768199, ""D_tianjin"": 282.229325840754}",45275.147999999994,cn-jjj-50c-01-V2-LOCATIONS,D_beijing,True,69.75167420768199,42011.4807,jjj
True,262.75237130591097,199.33728809408296,C034,417.0,2,"[""D_beijing"", ""D_tianjin""]","{""D_beijing"": 63.415083211828, ""D_tianjin"": 262.75237130591097}",47857.549439999995,cn-jjj-50c-01-V2-LOCATIONS,D_beijing,True,63.415083211828,44671.92744,jjj
True,256.159046582485,177.13340445834103,C035,139.0,2,"[""D_beijing"", ""D_tianjin""]","{""D_beijing"": 79.025642124144, ""D_tianjin"": 256.159046582485}",44637.6867,cn-jjj-50c-01-V2-LOCATIONS,D_beijing,True,79.025642124144,41391.796019999994,jjj
True,263.92250378895596,198.92252017835398,C036,278.0,2,"[""D_beijing"", ""D_tianjin""]","{""D_beijing"": 64.99998361060199, ""D_tianjin"": 263.92250378895596}",44991.96234,cn-jjj-50c-01-V2-LOCATIONS,D_beijing,True,64.99998361060199,41779.53462,jjj
True,270.261331157408,201.684915496004,C037,417.0,2,"[""D_beijing"", ""D_tianjin""]","{""D_beijing"": 68.576415661404, ""D_tianjin"": 270.261331157408}",65746.83666,cn-jjj-50c-01-V2-LOCATIONS,D_beijing,True,68.576415661404,62799.25032,jjj
True,284.343942800025,251.889917185403,C038,278.0,2,"[""D_beijing"", ""D_tianjin""]","{""D_beijing"": 284.343942800025, ""D_tianjin"": 32.454025614622}",62064.424439999995,cn-jjj-50c-01-V2-LOCATIONS,D_tianjin,True,32.454025614622,58997.45394,jjj
True,287.59155110165096,245.29797590722495,C039,208.0,2,"[""D_beijing"", ""D_tianjin""]","{""D_beijing"": 287.59155110165096, ""D_tianjin"": 42.293575194426}",61862.588460000006,cn-jjj-50c-01-V2-LOCATIONS,D_tianjin,True,42.293575194426,59295.44214,jjj
True,284.597331162558,253.09511916136802,C040,347.0,2,"[""D_beijing"", ""D_tianjin""]","{""D_beijing"": 284.597331162558, ""D_tianjin"": 31.50221200119}",54456.34476,cn-jjj-50c-01-V2-LOCATIONS,D_tianjin,True,31.50221200119,51282.54342,jjj
True,284.728677857575,252.841731019798,C041,347.0,2,"[""D_beijing"", ""D_tianjin""]","{""D_beijing"": 284.728677857575, ""D_tianjin"": 31.886946837777}",48322.36734,cn-jjj-50c-01-V2-LOCATIONS,D_tianjin,True,31.886946837777,45086.243460000005,jjj
True,296.62985782263905,252.79258328741105,C042,139.0,2,"[""D_beijing"", ""D_tianjin""]","{""D_beijing"": 296.62985782263905, ""D_tianjin"": 43.837274535228005}",47734.85532,cn-jjj-50c-01-V2-LOCATIONS,D_tianjin,True,43.837274535228005,44337.534960000005,jjj
True,284.728677876835,252.84173101979798,C043,278.0,2,"[""D_beijing"", ""D_tianjin""]","{""D_beijing"": 284.728677876835, ""D_tianjin"": 31.886946857037}",51725.68194,cn-jjj-50c-01-V2-LOCATIONS,D_tianjin,True,31.886946857037,48471.72792,jjj
True,296.66873261179904,252.79258328741105,C044,278.0,2,"[""D_beijing"", ""D_tianjin""]","{""D_beijing"": 296.66873261179904, ""D_tianjin"": 43.876149324387995}",50588.46366,cn-jjj-50c-01-V2-LOCATIONS,D_tianjin,True,43.876149324387995,47153.66424,jjj
True,291.76083358249997,243.95633465528897,C045,347.0,2,"[""D_beijing"", ""D_tianjin""]","{""D_beijing"": 291.76083358249997, ""D_tianjin"": 47.80449892721099}",51304.6017,cn-jjj-50c-01-V2-LOCATIONS,D_tianjin,True,47.80449892721099,49072.061460000004,jjj
True,298.60787312524104,248.92177739454203,C046,139.0,2,"[""D_beijing"", ""D_tianjin""]","{""D_beijing"": 298.60787312524104, ""D_tianjin"": 49.686095730699}",51937.52178,cn-jjj-50c-01-V2-LOCATIONS,D_tianjin,True,49.686095730699,48816.07146,jjj
True,287.92280665981303,250.39976119988603,C047,139.0,2,"[""D_beijing"", ""D_tianjin""]","{""D_beijing"": 287.92280665981303, ""D_tianjin"": 37.523045459927005}",50631.18054,cn-jjj-50c-01-V2-LOCATIONS,D_tianjin,True,37.523045459927005,47091.43566,jjj
True,296.66362291247896,252.79258328741096,C048,139.0,2,"[""D_beijing"", ""D_tianjin""]","{""D_beijing"": 296.66362291247896, ""D_tianjin"": 43.871039625068}",58441.7085,cn-jjj-50c-01-V2-LOCATIONS,D_tianjin,True,43.871039625068,55240.360080000006,jjj
True,299.605787664319,243.504633117558,C049,347.0,2,"[""D_beijing"", ""D_tianjin""]","{""D_beijing"": 299.605787664319, ""D_tianjin"": 56.101154546760995}",49193.238,cn-jjj-50c-01-V2-LOCATIONS,D_tianjin,True,56.101154546760995,46433.3121,jjj
True,298.29115324301097,244.02476725100396,C050,347.0,2,"[""D_beijing"", ""D_tianjin""]","{""D_beijing"": 298.29115324301097, ""D_tianjin"": 54.266385992006995}",45126.4533,cn-jjj-50c-01-V2-LOCATIONS,D_tianjin,True,54.266385992006995,42326.67402,jjj
True,260.64060974182104,202.31257232724005,C001,139.0,2,"[""D_beijing"", ""D_tianjin""]","{""D_beijing"": 58.328037414581, ""D_tianjin"": 260.64060974182104}",52406.406839999996,cn-jjj-50c-02-V2-LOCATIONS,D_beijing,True,58.328037414581,49550.85648,jjj
True,283.188682117463,213.89568518764997,C002,347.0,2,"[""D_beijing"", ""D_tianjin""]","{""D_beijing"": 69.292996929813, ""D_tianjin"": 283.188682117463}",51135.85716,cn-jjj-50c-02-V2-LOCATIONS,D_beijing,True,69.292996929813,48781.44294,jjj
True,276.418174442516,209.02615526189598,C003,139.0,2,"[""D_beijing"", ""D_tianjin""]","{""D_beijing"": 67.39201918062, ""D_tianjin"": 276.418174442516}",42818.027519999996,cn-jjj-50c-02-V2-LOCATIONS,D_beijing,True,67.39201918062,40947.3303,jjj
True,241.20984058686602,167.85174170201802,C004,347.0,2,"[""D_beijing"", ""D_tianjin""]","{""D_beijing"": 73.358098884848, ""D_tianjin"": 241.20984058686602}",52251.26868,cn-jjj-50c-02-V2-LOCATIONS,D_beijing,True,73.358098884848,49672.42518,jjj
True,259.089869430828,187.28948129177303,C005,139.0,2,"[""D_beijing"", ""D_tianjin""]","{""D_beijing"": 71.80038813905499, ""D_tianjin"": 259.089869430828}",52624.43136,cn-jjj-50c-02-V2-LOCATIONS,D_beijing,True,71.80038813905499,49327.59822,jjj
True,259.856624423601,202.31257232724,C006,139.0,2,"[""D_beijing"", ""D_tianjin""]","{""D_beijing"": 57.544052096361, ""D_tianjin"": 259.856624423601}",51937.52178,cn-jjj-50c-02-V2-LOCATIONS,D_beijing,True,57.544052096361,48816.07146,jjj
True,268.850086327373,179.613784046714,C007,278.0,2,"[""D_beijing"", ""D_tianjin""]","{""D_beijing"": 89.236302280659, ""D_tianjin"": 268.850086327373}",46337.97174,cn-jjj-50c-02-V2-LOCATIONS,D_beijing,True,89.236302280659,43858.33548,jjj
True,254.85765169085,197.555405650017,C008,347.0,2,"[""D_beijing"", ""D_tianjin""]","{""D_beijing"": 57.302246040833, ""D_tianjin"": 254.85765169085}",46252.02804,cn-jjj-50c-02-V2-LOCATIONS,D_beijing,True,57.302246040833,43996.92468,jjj
True,257.444710726114,198.54149476614901,C009,208.0,2,"[""D_beijing"", ""D_tianjin""]","{""D_beijing"": 58.903215959965, ""D_tianjin"": 257.444710726114}",42496.48668,cn-jjj-50c-02-V2-LOCATIONS,D_beijing,True,58.903215959965,40468.26366,jjj
True,256.179621582857,184.04093814115998,C010,139.0,2,"[""D_beijing"", ""D_tianjin""]","{""D_beijing"": 72.13868344169701, ""D_tianjin"": 256.179621582857}",47928.79728,cn-jjj-50c-02-V2-LOCATIONS,D_beijing,True,72.13868344169701,44901.54006,jjj
True,273.414638457199,206.51009325372698,C011,208.0,2,"[""D_beijing"", ""D_tianjin""]","{""D_beijing"": 66.904545203472, ""D_tianjin"": 273.414638457199}",59322.03384,cn-jjj-50c-02-V2-LOCATIONS,D_beijing,True,66.904545203472,56846.24316,jjj
True,262.83742160696397,199.33728809408296,C012,139.0,2,"[""D_beijing"", ""D_tianjin""]","{""D_beijing"": 63.500133512881, ""D_tianjin"": 262.83742160696397}",46890.616559999995,cn-jjj-50c-02-V2-LOCATIONS,D_beijing,True,63.500133512881,43473.39078,jjj
True,256.893215279527,175.587997125554,C013,347.0,2,"[""D_beijing"", ""D_tianjin""]","{""D_beijing"": 81.30521815397299, ""D_tianjin"": 256.893215279527}",49530.43212,cn-jjj-50c-02-V2-LOCATIONS,D_beijing,True,81.30521815397299,47250.79686,jjj
True,254.98451785052998,197.80913804043698,C014,139.0,2,"[""D_beijing"", ""D_tianjin""]","{""D_beijing"": 57.175379810093, ""D_tianjin"": 254.98451785052998}",49364.38932,cn-jjj-50c-02-V2-LOCATIONS,D_beijing,True,57.175379810093,47344.611300000004,jjj
True,274.687363344742,202.419180202956,C015,139.0,2,"[""D_beijing"", ""D_tianjin""]","{""D_beijing"": 72.268183141786, ""D_tianjin"": 274.687363344742}",51183.19602,cn-jjj-50c-02-V2-LOCATIONS,D_beijing,True,72.268183141786,49277.32776,jjj
True,282.008121874593,208.88150441318697,C016,278.0,2,"[""D_beijing"", ""D_tianjin""]","{""D_beijing"": 73.126617461406, ""D_tianjin"": 282.008121874593}",56865.65754,cn-jjj-50c-02-V2-LOCATIONS,D_beijing,True,73.126617461406,54163.43928,jjj
True,263.973739152738,204.752275095418,C017,278.0,2,"[""D_beijing"", ""D_tianjin""]","{""D_beijing"": 59.22146405732, ""D_tianjin"": 263.973739152738}",49305.18858,cn-jjj-50c-02-V2-LOCATIONS,D_beijing,True,59.22146405732,47100.78558,jjj
True,282.572816311887,207.91023403925098,C018,278.0,2,"[""D_beijing"", ""D_tianjin""]","{""D_beijing"": 74.662582272636, ""D_tianjin"": 282.572816311887}",48548.74602,cn-jjj-50c-02-V2-LOCATIONS,D_beijing,True,74.662582272636,45571.92804,jjj
True,260.826686293022,194.180446914174,C019,417.0,2,"[""D_beijing"", ""D_tianjin""]","{""D_beijing"": 66.646239378848, ""D_tianjin"": 260.826686293022}",58148.772899999996,cn-jjj-50c-02-V2-LOCATIONS,D_beijing,True,66.646239378848,56199.36654,jjj
True,283.657963497121,209.578393531195,C020,417.0,2,"[""D_beijing"", ""D_tianjin""]","{""D_beijing"": 74.079569965926, ""D_tianjin"": 283.657963497121}",65028.840840000004,cn-jjj-50c-02-V2-LOCATIONS,D_beijing,True,74.079569965926,62183.525819999995,jjj
True,274.94572118166997,208.611489345137,C021,347.0,2,"[""D_beijing"", ""D_tianjin""]","{""D_beijing"": 66.334231836533, ""D_tianjin"": 274.94572118166997}",63876.46062,cn-jjj-50c-02-V2-LOCATIONS,D_beijing,True,66.334231836533,61145.339459999996,jjj
True,273.415248294938,206.2588108869,C022,347.0,2,"[""D_beijing"", ""D_tianjin""]","{""D_beijing"": 67.156437408038, ""D_tianjin"": 273.415248294938}",48015.67914,cn-jjj-50c-02-V2-LOCATIONS,D_beijing,True,67.156437408038,46015.73772,jjj
True,281.903281201351,206.39998093925996,C023,347.0,2,"[""D_beijing"", ""D_tianjin""]","{""D_beijing"": 75.50330026209102, ""D_tianjin"": 281.903281201351}",61745.72904,cn-jjj-50c-02-V2-LOCATIONS,D_beijing,True,75.50330026209102,58256.721840000006,jjj
True,256.051570787225,176.823441885472,C024,417.0,2,"[""D_beijing"", ""D_tianjin""]","{""D_beijing"": 79.228128901753, ""D_tianjin"": 256.051570787225}",43134.44808,cn-jjj-50c-02-V2-LOCATIONS,D_beijing,True,79.228128901753,41242.4868,jjj
True,274.24506258761,201.88513352965498,C025,417.0,2,"[""D_beijing"", ""D_tianjin""]","{""D_beijing"": 72.35992905795501, ""D_tianjin"": 274.24506258761}",59536.555380000005,cn-jjj-50c-02-V2-LOCATIONS,D_beijing,True,72.35992905795501,56960.49006,jjj
True,259.49991100388,190.43600631178103,C026,278.0,2,"[""D_beijing"", ""D_tianjin""]","{""D_beijing"": 69.06390469209899, ""D_tianjin"": 259.49991100388}",45091.47576,cn-jjj-50c-02-V2-LOCATIONS,D_beijing,True,69.06390469209899,43137.54084,jjj
True,284.715448549285,207.409573188156,C027,139.0,2,"[""D_beijing"", ""D_tianjin""]","{""D_beijing"": 77.305875361129, ""D_tianjin"": 284.715448549285}",64903.54248,cn-jjj-50c-02-V2-LOCATIONS,D_beijing,True,77.305875361129,62354.24075999999,jjj
True,266.270367860181,200.369561985267,C028,208.0,2,"[""D_beijing"", ""D_tianjin""]","{""D_beijing"": 65.90080587491398, ""D_tianjin"": 266.270367860181}",55773.35286,cn-jjj-50c-02-V2-LOCATIONS,D_beijing,True,65.90080587491398,53332.71282,jjj
True,254.233860405539,176.660118673032,C029,278.0,2,"[""D_beijing"", ""D_tianjin""]","{""D_beijing"": 77.573741732507, ""D_tianjin"": 254.233860405539}",47692.56516,cn-jjj-50c-02-V2-LOCATIONS,D_beijing,True,77.573741732507,45762.5289,jjj
True,266.827711191836,204.15729055798198,C030,278.0,2,"[""D_beijing"", ""D_tianjin""]","{""D_beijing"": 62.67042063385399, ""D_tianjin"": 266.827711191836}",52178.128260000005,cn-jjj-50c-02-V2-LOCATIONS,D_beijing,True,62.67042063385399,50109.11004,jjj
True,246.05779253148899,173.30108100811697,C031,278.0,2,"[""D_beijing"", ""D_tianjin""]","{""D_beijing"": 72.756711523372, ""D_tianjin"": 246.05779253148899}",63396.32826,cn-jjj-50c-02-V2-LOCATIONS,D_beijing,True,72.756711523372,61117.11348,jjj
True,265.21745302580996,178.04092880148295,C032,417.0,2,"[""D_beijing"", ""D_tianjin""]","{""D_beijing"": 87.17652422432701, ""D_tianjin"": 265.21745302580996}",53078.26266,cn-jjj-50c-02-V2-LOCATIONS,D_beijing,True,87.17652422432701,49540.407719999996,jjj
True,266.06110367466204,185.20429489171303,C033,208.0,2,"[""D_beijing"", ""D_tianjin""]","{""D_beijing"": 80.856808782949, ""D_tianjin"": 266.06110367466204}",43480.91262,cn-jjj-50c-02-V2-LOCATIONS,D_beijing,True,80.856808782949,41530.72494,jjj
True,242.08434493728902,174.04374872427104,C034,208.0,2,"[""D_beijing"", ""D_tianjin""]","{""D_beijing"": 68.04059621301799, ""D_tianjin"": 242.08434493728902}",59672.52432,cn-jjj-50c-02-V2-LOCATIONS,D_beijing,True,68.04059621301799,57141.94152,jjj
True,251.46443481784198,173.40930517615197,C035,347.0,2,"[""D_beijing"", ""D_tianjin""]","{""D_beijing"": 78.05512964169, ""D_tianjin"": 251.46443481784198}",50355.97074,cn-jjj-50c-02-V2-LOCATIONS,D_beijing,True,78.05512964169,48482.9421,jjj
True,259.84068226784996,193.23991580322996,C036,417.0,2,"[""D_beijing"", ""D_tianjin""]","{""D_beijing"": 66.60076646462, ""D_tianjin"": 259.84068226784996}",59536.555380000005,cn-jjj-50c-02-V2-LOCATIONS,D_beijing,True,66.60076646462,56960.49006,jjj
True,258.755213013031,204.78508500251797,C037,139.0,2,"[""D_beijing"", ""D_tianjin""]","{""D_beijing"": 53.970128010513, ""D_tianjin"": 258.755213013031}",44637.6867,cn-jjj-50c-02-V2-LOCATIONS,D_beijing,True,53.970128010513,41391.796019999994,jjj
True,288.490901251077,248.04069906767398,C038,278.0,2,"[""D_beijing"", ""D_tianjin""]","{""D_beijing"": 288.490901251077, ""D_tianjin"": 40.450202183403}",49139.03736,cn-jjj-50c-02-V2-LOCATIONS,D_tianjin,True,40.450202183403,45575.741519999996,jjj
True,284.952435518428,252.84173101979798,C039,417.0,2,"[""D_beijing"", ""D_tianjin""]","{""D_beijing"": 284.952435518428, ""D_tianjin"": 32.11070449863}",51882.56484,cn-jjj-50c-02-V2-LOCATIONS,D_tianjin,True,32.11070449863,48557.79804,jjj
True,283.845904325656,251.36306119870204,C040,208.0,2,"[""D_beijing"", ""D_tianjin""]","{""D_beijing"": 283.845904325656, ""D_tianjin"": 32.482843126953995}",58116.80706000001,cn-jjj-50c-02-V2-LOCATIONS,D_tianjin,True,32.482843126953995,56260.39668,jjj
True,290.819646387478,248.04069906767398,C041,417.0,2,"[""D_beijing"", ""D_tianjin""]","{""D_beijing"": 290.819646387478, ""D_tianjin"": 42.778947319804}",57170.399520000006,cn-jjj-50c-02-V2-LOCATIONS,D_tianjin,True,42.778947319804,54225.9648,jjj
True,284.343942555608,251.88991718540302,C042,208.0,2,"[""D_beijing"", ""D_tianjin""]","{""D_beijing"": 284.343942555608, ""D_tianjin"": 32.454025370205}",63856.43772,cn-jjj-50c-02-V2-LOCATIONS,D_tianjin,True,32.454025370205,60765.789359999995,jjj
True,296.58187323455894,252.79258328741093,C043,208.0,2,"[""D_beijing"", ""D_tianjin""]","{""D_beijing"": 296.58187323455894, ""D_tianjin"": 43.789289947148}",52076.80296,cn-jjj-50c-02-V2-LOCATIONS,D_tianjin,True,43.789289947148,48549.093420000005,jjj
True,284.34394256036495,251.88991718540296,C044,208.0,2,"[""D_beijing"", ""D_tianjin""]","{""D_beijing"": 284.34394256036495, ""D_tianjin"": 32.454025374962}",44069.20224,cn-jjj-50c-02-V2-LOCATIONS,D_tianjin,True,32.454025374962,41485.368780000004,jjj
True,294.70683713421704,251.04954241351902,C045,417.0,2,"[""D_beijing"", ""D_tianjin""]","{""D_beijing"": 294.70683713421704, ""D_tianjin"": 43.657294720698005}",48210.7869,cn-jjj-50c-02-V2-LOCATIONS,D_tianjin,True,43.657294720698005,45181.02162,jjj
True,296.51389930561896,252.79258328741096,C046,278.0,2,"[""D_beijing"", ""D_tianjin""]","{""D_beijing"": 296.51389930561896, ""D_tianjin"": 43.721316018208}",44535.032699999996,cn-jjj-50c-02-V2-LOCATIONS,D_tianjin,True,43.721316018208,41717.06094,jjj
True,296.24017962166596,238.80733237209796,C047,278.0,2,"[""D_beijing"", ""D_tianjin""]","{""D_beijing"": 296.24017962166596, ""D_tianjin"": 57.432847249568006}",51810.10182,cn-jjj-50c-02-V2-LOCATIONS,D_tianjin,True,57.432847249568006,48318.64476,jjj
True,290.97365502017595,248.08558628246996,C048,347.0,2,"[""D_beijing"", ""D_tianjin""]","{""D_beijing"": 290.97365502017595, ""D_tianjin"": 42.88806873770599}",52297.22178,cn-jjj-50c-02-V2-LOCATIONS,D_tianjin,True,42.88806873770599,49577.444820000004,jjj
True,296.6414087456591,252.79258328741108,C049,139.0,2,"[""D_beijing"", ""D_tianjin""]","{""D_beijing"": 296.6414087456591, ""D_tianjin"": 43.848825458248}",63907.28952,cn-jjj-50c-02-V2-LOCATIONS,D_tianjin,True,43.848825458248,60615.92148,jjj
True,284.69919132035005,250.34449462987206,C050,208.0,2,"[""D_beijing"", ""D_tianjin""]","{""D_beijing"": 284.69919132035005, ""D_tianjin"": 34.354696690478}",51043.597200000004,cn-jjj-50c-02-V2-LOCATIONS,D_tianjin,True,34.354696690478,48732.53796,jjj
True,258.954303196259,202.331098521504,C001,417.0,2,"[""D_beijing"", ""D_tianjin""]","{""D_beijing"": 56.623204674754994, ""D_tianjin"": 258.954303196259}",58735.36146,cn-jjj-50c-03-V2-LOCATIONS,D_beijing,True,56.623204674754994,56345.70096,jjj
True,251.917063509891,190.483897437618,C002,278.0,2,"[""D_beijing"", ""D_tianjin""]","{""D_beijing"": 61.433166072273, ""D_tianjin"": 251.917063509891}",52047.824400000005,cn-jjj-50c-03-V2-LOCATIONS,D_beijing,True,61.433166072273,48970.16994,jjj
True,253.47549392002202,184.59957601247203,C003,139.0,2,"[""D_beijing"", ""D_tianjin""]","{""D_beijing"": 68.87591790755, ""D_tianjin"": 253.47549392002202}",47764.12409999999,cn-jjj-50c-03-V2-LOCATIONS,D_beijing,True,68.87591790755,44364.18144,jjj
True,282.45631143850704,207.91023403925107,C004,278.0,2,"[""D_beijing"", ""D_tianjin""]","{""D_beijing"": 74.54607739925599, ""D_tianjin"": 282.45631143850704}",61142.59392,cn-jjj-50c-03-V2-LOCATIONS,D_beijing,True,74.54607739925599,58064.357879999996,jjj
True,253.3902124598,184.165455637092,C005,347.0,2,"[""D_beijing"", ""D_tianjin""]","{""D_beijing"": 69.224756822708, ""D_tianjin"": 253.3902124598}",59607.6222,cn-jjj-50c-03-V2-LOCATIONS,D_beijing,True,69.224756822708,56484.89082,jjj
True,259.620076852752,204.75227509541799,C006,139.0,2,"[""D_beijing"", ""D_tianjin""]","{""D_beijing"": 54.86780175733401, ""D_tianjin"": 259.620076852752}",52191.7497,cn-jjj-50c-03-V2-LOCATIONS,D_beijing,True,54.86780175733401,48729.49800000001,jjj
True,257.950992932415,182.19212652283198,C007,208.0,2,"[""D_beijing"", ""D_tianjin""]","{""D_beijing"": 75.758866409583, ""D_tianjin"": 257.950992932415}",44803.90512,cn-jjj-50c-03-V2-LOCATIONS,D_beijing,True,75.758866409583,41987.768280000004,jjj
True,282.17975966078103,207.910234039251,C008,139.0,2,"[""D_beijing"", ""D_tianjin""]","{""D_beijing"": 74.26952562153001, ""D_tianjin"": 282.17975966078103}",47019.16866,cn-jjj-50c-03-V2-LOCATIONS,D_beijing,True,74.26952562153001,45097.21914,jjj
True,271.464689625111,203.6188527538,C009,208.0,2,"[""D_beijing"", ""D_tianjin""]","{""D_beijing"": 67.845836871311, ""D_tianjin"": 271.464689625111}",62997.9474,cn-jjj-50c-03-V2-LOCATIONS,D_beijing,True,67.845836871311,60526.67604,jjj
True,277.56081996467,208.597112014063,C010,278.0,2,"[""D_beijing"", ""D_tianjin""]","{""D_beijing"": 68.963707950607, ""D_tianjin"": 277.56081996467}",49173.8223,cn-jjj-50c-03-V2-LOCATIONS,D_beijing,True,68.963707950607,46937.60682,jjj
True,255.128048075948,188.00144884756298,C011,278.0,2,"[""D_beijing"", ""D_tianjin""]","{""D_beijing"": 67.126599228385, ""D_tianjin"": 255.128048075948}",51181.42104,cn-jjj-50c-03-V2-LOCATIONS,D_beijing,True,67.126599228385,47991.92094,jjj
True,278.215584078275,205.66125565027102,C012,417.0,2,"[""D_beijing"", ""D_tianjin""]","{""D_beijing"": 72.554328428004, ""D_tianjin"": 278.215584078275}",59536.555380000005,cn-jjj-50c-03-V2-LOCATIONS,D_beijing,True,72.554328428004,56960.49006,jjj
True,269.77433300855,184.810550663523,C013,417.0,2,"[""D_beijing"", ""D_tianjin""]","{""D_beijing"": 84.963782345027, ""D_tianjin"": 269.77433300855}",50342.1234,cn-jjj-50c-03-V2-LOCATIONS,D_beijing,True,84.963782345027,47200.59564,jjj
True,245.464044817529,177.83295781567398,C014,417.0,2,"[""D_beijing"", ""D_tianjin""]","{""D_beijing"": 67.631087001855, ""D_tianjin"": 245.464044817529}",65746.83666,cn-jjj-50c-03-V2-LOCATIONS,D_beijing,True,67.631087001855,62799.25032,jjj
True,263.264991325263,208.685986865396,C015,347.0,2,"[""D_beijing"", ""D_tianjin""]","{""D_beijing"": 54.57900445986701, ""D_tianjin"": 263.264991325263}",50322.132900000004,cn-jjj-50c-03-V2-LOCATIONS,D_beijing,True,54.57900445986701,46851.523440000004,jjj
True,251.6012915847,191.014152907702,C016,208.0,2,"[""D_beijing"", ""D_tianjin""]","{""D_beijing"": 60.587138676998, ""D_tianjin"": 251.6012915847}",52005.24516,cn-jjj-50c-03-V2-LOCATIONS,D_beijing,True,60.587138676998,49508.64666,jjj
True,275.468786926885,209.381280849159,C017,347.0,2,"[""D_beijing"", ""D_tianjin""]","{""D_beijing"": 66.08750607772599, ""D_tianjin"": 275.468786926885}",50149.29414,cn-jjj-50c-03-V2-LOCATIONS,D_beijing,True,66.08750607772599,47938.97304,jjj
True,283.18641316523497,205.54711504295497,C018,347.0,2,"[""D_beijing"", ""D_tianjin""]","{""D_beijing"": 77.63929812228, ""D_tianjin"": 283.18641316523497}",58849.49364,cn-jjj-50c-03-V2-LOCATIONS,D_beijing,True,77.63929812228,55533.6153,jjj
True,265.021419767442,203.749422045784,C019,139.0,2,"[""D_beijing"", ""D_tianjin""]","{""D_beijing"": 61.271997721658, ""D_tianjin"": 265.021419767442}",47670.02868,cn-jjj-50c-03-V2-LOCATIONS,D_beijing,True,61.271997721658,44990.7189,jjj
True,248.862285628663,164.71084749348097,C020,347.0,2,"[""D_beijing"", ""D_tianjin""]","{""D_beijing"": 84.151438135182, ""D_tianjin"": 248.862285628663}",47657.36682,cn-jjj-50c-03-V2-LOCATIONS,D_beijing,True,84.151438135182,44158.437060000004,jjj
True,276.203123006814,209.29281588639398,C021,278.0,2,"[""D_beijing"", ""D_tianjin""]","{""D_beijing"": 66.91030712042001, ""D_tianjin"": 276.203123006814}",48658.84866,cn-jjj-50c-03-V2-LOCATIONS,D_beijing,True,66.91030712042001,46029.016319999995,jjj
True,280.384388648753,207.84331304298098,C022,347.0,2,"[""D_beijing"", ""D_tianjin""]","{""D_beijing"": 72.541075605772, ""D_tianjin"": 280.384388648753}",53613.083099999996,cn-jjj-50c-03-V2-LOCATIONS,D_beijing,True,72.541075605772,50441.44602,jjj
True,269.64455024773196,208.18929903584396,C023,278.0,2,"[""D_beijing"", ""D_tianjin""]","{""D_beijing"": 61.455251211888, ""D_tianjin"": 269.64455024773196}",59750.01012,cn-jjj-50c-03-V2-LOCATIONS,D_beijing,True,61.455251211888,56687.948879999996,jjj
True,266.51091017886796,178.45638036882497,C024,417.0,2,"[""D_beijing"", ""D_tianjin""]","{""D_beijing"": 88.054529810043, ""D_tianjin"": 266.51091017886796}",47727.7305,cn-jjj-50c-03-V2-LOCATIONS,D_beijing,True,88.054529810043,45474.778679999996,jjj
True,269.46913064140404,200.91934598829505,C025,417.0,2,"[""D_beijing"", ""D_tianjin""]","{""D_beijing"": 68.549784653109, ""D_tianjin"": 269.46913064140404}",47533.44714,cn-jjj-50c-03-V2-LOCATIONS,D_beijing,True,68.549784653109,44757.86868,jjj
True,240.873243408401,160.80200572113802,C026,139.0,2,"[""D_beijing"", ""D_tianjin""]","{""D_beijing"": 80.071237687263, ""D_tianjin"": 240.873243408401}",51548.641019999995,cn-jjj-50c-03-V2-LOCATIONS,D_beijing,True,80.071237687263,48355.939979999996,jjj
True,278.32794622143996,206.34541736368095,C027,208.0,2,"[""D_beijing"", ""D_tianjin""]","{""D_beijing"": 71.982528857759, ""D_tianjin"": 278.32794622143996}",51862.36254,cn-jjj-50c-03-V2-LOCATIONS,D_beijing,True,71.982528857759,48886.94886,jjj
True,256.82566693260503,176.20983775867205,C028,278.0,2,"[""D_beijing"", ""D_tianjin""]","{""D_beijing"": 80.615829173933, ""D_tianjin"": 256.82566693260503}",49523.88318,cn-jjj-50c-03-V2-LOCATIONS,D_beijing,True,80.615829173933,47411.140439999996,jjj
True,276.60761965513103,202.44116701894302,C029,417.0,2,"[""D_beijing"", ""D_tianjin""]","{""D_beijing"": 74.166452636188, ""D_tianjin"": 276.60761965513103}",51171.81846,cn-jjj-50c-03-V2-LOCATIONS,D_beijing,True,74.166452636188,48329.809259999995,jjj
True,257.820749489038,199.601401075055,C030,347.0,2,"[""D_beijing"", ""D_tianjin""]","{""D_beijing"": 58.219348413983, ""D_tianjin"": 257.820749489038}",44753.850000000006,cn-jjj-50c-03-V2-LOCATIONS,D_beijing,True,58.219348413983,42244.53138,jjj
True,275.468787434106,209.34265319177598,C031,278.0,2,"[""D_beijing"", ""D_tianjin""]","{""D_beijing"": 66.12613424233, ""D_tianjin"": 275.468787434106}",52622.66184,cn-jjj-50c-03-V2-LOCATIONS,D_beijing,True,66.12613424233,50104.37196,jjj
True,242.10650446906803,174.34250712966102,C032,278.0,2,"[""D_beijing"", ""D_tianjin""]","{""D_beijing"": 67.76399733940701, ""D_tianjin"": 242.10650446906803}",46923.592860000004,cn-jjj-50c-03-V2-LOCATIONS,D_beijing,True,67.76399733940701,44009.09076,jjj
True,244.22913969142,167.720874951373,C033,347.0,2,"[""D_beijing"", ""D_tianjin""]","{""D_beijing"": 76.508264740047, ""D_tianjin"": 244.22913969142}",48414.85056,cn-jjj-50c-03-V2-LOCATIONS,D_beijing,True,76.508264740047,45110.2716,jjj
True,257.263004926355,201.848641897964,C034,417.0,2,"[""D_beijing"", ""D_tianjin""]","{""D_beijing"": 55.414363028391, ""D_tianjin"": 257.263004926355}",60680.79492,cn-jjj-50c-03-V2-LOCATIONS,D_beijing,True,55.414363028391,58307.27496,jjj
True,252.434891488042,170.870182386939,C035,139.0,2,"[""D_beijing"", ""D_tianjin""]","{""D_beijing"": 81.564709101103, ""D_tianjin"": 252.434891488042}",46717.36518,cn-jjj-50c-03-V2-LOCATIONS,D_beijing,True,81.564709101103,43563.911400000005,jjj
True,279.731192715566,204.052489710921,C036,417.0,2,"[""D_beijing"", ""D_tianjin""]","{""D_beijing"": 75.67870300464502, ""D_tianjin"": 279.731192715566}",55112.51202,cn-jjj-50c-03-V2-LOCATIONS,D_beijing,True,75.67870300464502,51687.8514,jjj
True,276.331355949594,204.28048812114102,C037,417.0,2,"[""D_beijing"", ""D_tianjin""]","{""D_beijing"": 72.050867828453, ""D_tianjin"": 276.331355949594}",58882.67832,cn-jjj-50c-03-V2-LOCATIONS,D_beijing,True,72.050867828453,55337.916540000006,jjj
True,284.52043830730105,251.86646259768804,C038,347.0,2,"[""D_beijing"", ""D_tianjin""]","{""D_beijing"": 284.52043830730105, ""D_tianjin"": 32.653975709613}",56726.529780000004,cn-jjj-50c-03-V2-LOCATIONS,D_tianjin,True,32.653975709613,53966.607659999994,jjj
True,284.728677833625,252.841731019798,C039,278.0,2,"[""D_beijing"", ""D_tianjin""]","{""D_beijing"": 284.728677833625, ""D_tianjin"": 31.886946813827002}",64394.28366,cn-jjj-50c-03-V2-LOCATIONS,D_tianjin,True,31.886946813827002,61914.38586000001,jjj
True,297.337918954263,241.383113641164,C040,278.0,2,"[""D_beijing"", ""D_tianjin""]","{""D_beijing"": 297.337918954263, ""D_tianjin"": 55.954805313099}",64252.876619999995,cn-jjj-50c-03-V2-LOCATIONS,D_tianjin,True,55.954805313099,61502.878800000006,jjj
True,296.760701688759,252.79258328741102,C041,208.0,2,"[""D_beijing"", ""D_tianjin""]","{""D_beijing"": 296.760701688759, ""D_tianjin"": 43.968118401348}",49357.03896,cn-jjj-50c-03-V2-LOCATIONS,D_tianjin,True,43.968118401348,47316.56412,jjj
True,289.433113726147,241.31676072040398,C042,208.0,2,"[""D_beijing"", ""D_tianjin""]","{""D_beijing"": 289.433113726147, ""D_tianjin"": 48.116353005743}",57413.0124,cn-jjj-50c-03-V2-LOCATIONS,D_tianjin,True,48.116353005743,54817.498199999995,jjj
True,296.63941147073905,252.79258328741105,C043,347.0,2,"[""D_beijing"", ""D_tianjin""]","{""D_beijing"": 296.63941147073905, ""D_tianjin"": 43.846828183328}",46453.560959999995,cn-jjj-50c-03-V2-LOCATIONS,D_tianjin,True,43.846828183328,43611.1728,jjj
True,297.59687577974796,240.14231772143995,C044,417.0,2,"[""D_beijing"", ""D_tianjin""]","{""D_beijing"": 297.59687577974796, ""D_tianjin"": 57.454558058308}",50285.09286,cn-jjj-50c-03-V2-LOCATIONS,D_tianjin,True,57.454558058308,46864.495200000005,jjj
True,296.62541388373904,252.79258328741105,C045,208.0,2,"[""D_beijing"", ""D_tianjin""]","{""D_beijing"": 296.62541388373904, ""D_tianjin"": 43.832830596328}",65423.42598,cn-jjj-50c-03-V2-LOCATIONS,D_tianjin,True,43.832830596328,62682.77388,jjj
True,298.29115336121396,244.02476725100394,C046,139.0,2,"[""D_beijing"", ""D_tianjin""]","{""D_beijing"": 298.29115336121396, ""D_tianjin"": 54.26638611021001}",50666.47494,cn-jjj-50c-03-V2-LOCATIONS,D_tianjin,True,54.26638611021001,48338.94846,jjj
True,298.291153615013,244.024767251004,C047,278.0,2,"[""D_beijing"", ""D_tianjin""]","{""D_beijing"": 298.291153615013, ""D_tianjin"": 54.266386364009}",45232.57086,cn-jjj-50c-03-V2-LOCATIONS,D_tianjin,True,54.266386364009,42559.39998,jjj
True,295.77912191195696,249.70244826578397,C048,278.0,2,"[""D_beijing"", ""D_tianjin""]","{""D_beijing"": 295.77912191195696, ""D_tianjin"": 46.076673646173006}",47811.11658,cn-jjj-50c-03-V2-LOCATIONS,D_tianjin,True,46.076673646173006,45083.54664,jjj
True,286.78270185020403,238.03354283268405,C049,278.0,2,"[""D_beijing"", ""D_tianjin""]","{""D_beijing"": 286.78270185020403, ""D_tianjin"": 48.74915901751999}",47701.54068,cn-jjj-50c-03-V2-LOCATIONS,D_tianjin,True,48.74915901751999,44394.27252,jjj
True,286.783569101081,253.516438435389,C050,347.0,2,"[""D_beijing"", ""D_tianjin""]","{""D_beijing"": 286.783569101081, ""D_tianjin"": 33.267130665692}",56332.74582,cn-jjj-50c-03-V2-LOCATIONS,D_tianjin,True,33.267130665692,53915.56926,jjj
True,227.25598593648303,163.60558458986102,C001,208.0,2,"[""D_guangzhou"", ""D_shenzhen""]","{""D_guangzhou"": 63.650401346622004, ""D_shenzhen"": 227.25598593648303}",64029.34566,cn-prd-100c-01-V2-LOCATIONS,D_guangzhou,True,63.650401346622004,61215.12300000001,prd
True,228.350993625786,163.605584589861,C002,278.0,2,"[""D_guangzhou"", ""D_shenzhen""]","{""D_guangzhou"": 64.745409035925, ""D_shenzhen"": 228.350993625786}",50461.06572,cn-prd-100c-01-V2-LOCATIONS,D_guangzhou,True,64.745409035925,48393.01776,prd
True,221.584748036118,163.605584589861,C003,139.0,2,"[""D_guangzhou"", ""D_shenzhen""]","{""D_guangzhou"": 57.979163446257, ""D_shenzhen"": 221.584748036118}",58415.92356,cn-prd-100c-01-V2-LOCATIONS,D_guangzhou,True,57.979163446257,55676.82888,prd
True,228.598338443485,164.15238540166303,C004,278.0,2,"[""D_guangzhou"", ""D_shenzhen""]","{""D_guangzhou"": 64.445953041822, ""D_shenzhen"": 228.598338443485}",48375.749339999995,cn-prd-100c-01-V2-LOCATIONS,D_guangzhou,True,64.445953041822,45399.43914,prd
True,226.136983124403,164.09521780082,C005,278.0,2,"[""D_guangzhou"", ""D_shenzhen""]","{""D_guangzhou"": 62.041765323583, ""D_shenzhen"": 226.136983124403}",61196.31018,cn-prd-100c-01-V2-LOCATIONS,D_guangzhou,True,62.041765323583,58013.079,prd
True,219.68431951689203,163.60558458986102,C006,347.0,2,"[""D_guangzhou"", ""D_shenzhen""]","{""D_guangzhou"": 56.078734927031, ""D_shenzhen"": 219.68431951689203}",59880.60804,cn-prd-100c-01-V2-LOCATIONS,D_guangzhou,True,56.078734927031,57554.67534,prd
True,239.208186994713,163.83748741376502,C007,139.0,2,"[""D_guangzhou"", ""D_shenzhen""]","{""D_guangzhou"": 75.370699580948, ""D_shenzhen"": 239.208186994713}",59387.29416,cn-prd-100c-01-V2-LOCATIONS,D_guangzhou,True,75.370699580948,56078.33628,prd
True,239.353747601221,167.745824442746,C008,278.0,2,"[""D_guangzhou"", ""D_shenzhen""]","{""D_guangzhou"": 71.60792315847499, ""D_shenzhen"": 239.353747601221}",62493.21162,cn-prd-100c-01-V2-LOCATIONS,D_guangzhou,True,71.60792315847499,59594.217,prd
True,222.278049005334,162.631679259551,C009,347.0,2,"[""D_guangzhou"", ""D_shenzhen""]","{""D_guangzhou"": 59.646369745783, ""D_shenzhen"": 222.278049005334}",47652.22326,cn-prd-100c-01-V2-LOCATIONS,D_guangzhou,True,59.646369745783,45208.89756,prd
True,222.53454991687602,163.60558458986102,C010,278.0,2,"[""D_guangzhou"", ""D_shenzhen""]","{""D_guangzhou"": 58.928965327015, ""D_shenzhen"": 222.53454991687602}",47765.36286,cn-prd-100c-01-V2-LOCATIONS,D_guangzhou,True,58.928965327015,44381.7267,prd
True,242.254487884817,162.373185067392,C011,139.0,2,"[""D_guangzhou"", ""D_shenzhen""]","{""D_guangzhou"": 79.881302817425, ""D_shenzhen"": 242.254487884817}",56642.70438,cn-prd-100c-01-V2-LOCATIONS,D_guangzhou,True,79.881302817425,54670.30482,prd
True,240.02672332059498,164.635706102814,C012,139.0,2,"[""D_guangzhou"", ""D_shenzhen""]","{""D_guangzhou"": 75.39101721778098, ""D_shenzhen"": 240.02672332059498}",62238.36216,cn-prd-100c-01-V2-LOCATIONS,D_guangzhou,True,75.39101721778098,58816.93986,prd
True,228.73825526780297,163.60558458986097,C013,417.0,2,"[""D_guangzhou"", ""D_shenzhen""]","{""D_guangzhou"": 65.132670677942, ""D_shenzhen"": 228.73825526780297}",52319.65152,cn-prd-100c-01-V2-LOCATIONS,D_guangzhou,True,65.132670677942,49925.29302,prd
True,230.507949280022,163.605584589861,C014,208.0,2,"[""D_guangzhou"", ""D_shenzhen""]","{""D_guangzhou"": 66.902364690161, ""D_shenzhen"": 230.507949280022}",64029.34566,cn-prd-100c-01-V2-LOCATIONS,D_guangzhou,True,66.902364690161,61215.12300000001,prd
True,237.05406272379798,164.75229240317196,C015,347.0,2,"[""D_guangzhou"", ""D_shenzhen""]","{""D_guangzhou"": 72.301770320626, ""D_shenzhen"": 237.05406272379798}",50440.96254,cn-prd-100c-01-V2-LOCATIONS,D_guangzhou,True,72.301770320626,47724.190200000005,prd
True,226.93863002869202,163.083691879316,C016,208.0,2,"[""D_guangzhou"", ""D_shenzhen""]","{""D_guangzhou"": 63.854938149376004, ""D_shenzhen"": 226.93863002869202}",48434.43678,cn-prd-100c-01-V2-LOCATIONS,D_guangzhou,True,63.854938149376004,45831.2871,prd
True,226.57997250216,163.605584589861,C017,208.0,2,"[""D_guangzhou"", ""D_shenzhen""]","{""D_guangzhou"": 62.974387912299, ""D_shenzhen"": 226.57997250216}",45479.39994,cn-prd-100c-01-V2-LOCATIONS,D_guangzhou,True,62.974387912299,42501.766319999995,prd
True,226.86860794249702,163.60558458986102,C018,417.0,2,"[""D_guangzhou"", ""D_shenzhen""]","{""D_guangzhou"": 63.263023352636, ""D_shenzhen"": 226.86860794249702}",53992.3707,cn-prd-100c-01-V2-LOCATIONS,D_guangzhou,True,63.263023352636,52107.343740000004,prd
True,220.607531808514,163.605584589861,C019,208.0,2,"[""D_guangzhou"", ""D_shenzhen""]","{""D_guangzhou"": 57.001947218653, ""D_shenzhen"": 220.607531808514}",46583.526,cn-prd-100c-01-V2-LOCATIONS,D_guangzhou,True,57.001947218653,44735.7051,prd
True,237.25145133011299,163.71160369887897,C020,278.0,2,"[""D_guangzhou"", ""D_shenzhen""]","{""D_guangzhou"": 73.53984763123401, ""D_shenzhen"": 237.25145133011299}",64330.14408,cn-prd-100c-01-V2-LOCATIONS,D_guangzhou,True,73.53984763123401,61016.99166,prd
True,225.20951148809598,163.605584589861,C021,208.0,2,"[""D_guangzhou"", ""D_shenzhen""]","{""D_guangzhou"": 61.603926898235, ""D_shenzhen"": 225.20951148809598}",56831.27532,cn-prd-100c-01-V2-LOCATIONS,D_guangzhou,True,61.603926898235,53520.59244,prd
True,220.686086461176,163.605584589861,C022,139.0,2,"[""D_guangzhou"", ""D_shenzhen""]","{""D_guangzhou"": 57.080501871315, ""D_shenzhen"": 220.686086461176}",50824.30446,cn-prd-100c-01-V2-LOCATIONS,D_guangzhou,True,57.080501871315,48539.37522,prd
True,221.655422137166,163.605584589861,C023,278.0,2,"[""D_guangzhou"", ""D_shenzhen""]","{""D_guangzhou"": 58.049837547304996, ""D_shenzhen"": 221.655422137166}",43815.797399999996,cn-prd-100c-01-V2-LOCATIONS,D_guangzhou,True,58.049837547304996,41776.62762,prd
True,229.819855298777,161.129599559837,C024,139.0,2,"[""D_guangzhou"", ""D_shenzhen""]","{""D_guangzhou"": 68.69025573894, ""D_shenzhen"": 229.819855298777}",51737.0082,cn-prd-100c-01-V2-LOCATIONS,D_guangzhou,True,68.69025573894,48696.19242,prd
True,235.75858035788,161.41709838793497,C025,278.0,2,"[""D_guangzhou"", ""D_shenzhen""]","{""D_guangzhou"": 74.34148196994501, ""D_shenzhen"": 235.75858035788}",49786.771740000004,cn-prd-100c-01-V2-LOCATIONS,D_guangzhou,True,74.34148196994501,46273.024020000004,prd
True,220.858879030688,163.605584589861,C026,208.0,2,"[""D_guangzhou"", ""D_shenzhen""]","{""D_guangzhou"": 57.253294440827, ""D_shenzhen"": 220.858879030688}",47671.92882,cn-prd-100c-01-V2-LOCATIONS,D_guangzhou,True,57.253294440827,44297.06856,prd
True,219.757837931349,163.605584589861,C027,139.0,2,"[""D_guangzhou"", ""D_shenzhen""]","{""D_guangzhou"": 56.152253341488, ""D_shenzhen"": 219.757837931349}",58992.77322,cn-prd-100c-01-V2-LOCATIONS,D_guangzhou,True,56.152253341488,57082.72902,prd
True,228.728772359339,164.275552644517,C028,139.0,2,"[""D_guangzhou"", ""D_shenzhen""]","{""D_guangzhou"": 64.453219714822, ""D_shenzhen"": 228.728772359339}",64906.70016000001,cn-prd-100c-01-V2-LOCATIONS,D_guangzhou,True,64.453219714822,61628.496119999996,prd
True,224.45103852425999,163.79655306076498,C029,139.0,2,"[""D_guangzhou"", ""D_shenzhen""]","{""D_guangzhou"": 60.654485463495, ""D_shenzhen"": 224.45103852425999}",62069.200919999996,cn-prd-100c-01-V2-LOCATIONS,D_guangzhou,True,60.654485463495,59390.5791,prd
True,243.89041477339302,161.43686956038704,C030,208.0,2,"[""D_guangzhou"", ""D_shenzhen""]","{""D_guangzhou"": 82.453545213006, ""D_shenzhen"": 243.89041477339302}",43610.96082,cn-prd-100c-01-V2-LOCATIONS,D_guangzhou,True,82.453545213006,40895.08356,prd
True,229.692148513577,161.129599559837,C031,139.0,2,"[""D_guangzhou"", ""D_shenzhen""]","{""D_guangzhou"": 68.56254895374, ""D_shenzhen"": 229.692148513577}",61387.532100000004,cn-prd-100c-01-V2-LOCATIONS,D_guangzhou,True,68.56254895374,58368.95448,prd
True,238.30576748900302,167.49424055690602,C032,208.0,2,"[""D_guangzhou"", ""D_shenzhen""]","{""D_guangzhou"": 70.811526932097, ""D_shenzhen"": 238.30576748900302}",43480.91262,cn-prd-100c-01-V2-LOCATIONS,D_guangzhou,True,70.811526932097,41530.72494,prd
True,239.411872561399,167.74582444274603,C033,139.0,2,"[""D_guangzhou"", ""D_shenzhen""]","{""D_guangzhou"": 71.666048118653, ""D_shenzhen"": 239.411872561399}",54381.05922,cn-prd-100c-01-V2-LOCATIONS,D_guangzhou,True,71.666048118653,51439.38624,prd
True,219.73695105520298,163.605584589861,C034,347.0,2,"[""D_guangzhou"", ""D_shenzhen""]","{""D_guangzhou"": 56.131366465342, ""D_shenzhen"": 219.73695105520298}",57283.1757,cn-prd-100c-01-V2-LOCATIONS,D_guangzhou,True,56.131366465342,54472.52172,prd
True,229.834286856662,166.347452493,C035,347.0,2,"[""D_guangzhou"", ""D_shenzhen""]","{""D_guangzhou"": 63.486834363662, ""D_shenzhen"": 229.834286856662}",47818.0872,cn-prd-100c-01-V2-LOCATIONS,D_guangzhou,True,63.486834363662,45896.197380000005,prd
True,225.075967530643,163.605584589861,C036,417.0,2,"[""D_guangzhou"", ""D_shenzhen""]","{""D_guangzhou"": 61.470382940782, ""D_shenzhen"": 225.075967530643}",65790.93468,cn-prd-100c-01-V2-LOCATIONS,D_guangzhou,True,61.470382940782,62418.671519999996,prd
True,233.161412350614,162.94424107718498,C037,278.0,2,"[""D_guangzhou"", ""D_shenzhen""]","{""D_guangzhou"": 70.217171273429, ""D_shenzhen"": 233.161412350614}",55675.39332,cn-prd-100c-01-V2-LOCATIONS,D_guangzhou,True,70.217171273429,53394.81798,prd
True,235.149932871781,163.614178692876,C038,347.0,2,"[""D_guangzhou"", ""D_shenzhen""]","{""D_guangzhou"": 71.535754178905, ""D_shenzhen"": 235.149932871781}",48413.9421,cn-prd-100c-01-V2-LOCATIONS,D_guangzhou,True,71.535754178905,46005.67002,prd
True,227.779768986051,163.605584589861,C039,278.0,2,"[""D_guangzhou"", ""D_shenzhen""]","{""D_guangzhou"": 64.17418439619, ""D_shenzhen"": 227.779768986051}",61142.59392,cn-prd-100c-01-V2-LOCATIONS,D_guangzhou,True,64.17418439619,58064.357879999996,prd
True,227.25598593648303,163.60558458986102,C040,417.0,2,"[""D_guangzhou"", ""D_shenzhen""]","{""D_guangzhou"": 63.650401346622004, ""D_shenzhen"": 227.25598593648303}",57668.56626,cn-prd-100c-01-V2-LOCATIONS,D_guangzhou,True,63.650401346622004,54922.92408,prd
True,219.684319516682,163.605584589861,C041,139.0,2,"[""D_guangzhou"", ""D_shenzhen""]","{""D_guangzhou"": 56.07873492682099, ""D_shenzhen"": 219.684319516682}",45301.2585,cn-prd-100c-01-V2-LOCATIONS,D_guangzhou,True,56.07873492682099,42353.00424,prd
True,228.798098528659,163.605584589861,C042,139.0,2,"[""D_guangzhou"", ""D_shenzhen""]","{""D_guangzhou"": 65.192513938798, ""D_shenzhen"": 228.798098528659}",53633.066340000005,cn-prd-100c-01-V2-LOCATIONS,D_guangzhou,True,65.192513938798,50335.77168,prd
True,230.311750319027,161.129599559837,C043,139.0,2,"[""D_guangzhou"", ""D_shenzhen""]","{""D_guangzhou"": 69.18215075919, ""D_shenzhen"": 230.311750319027}",67362.89214,cn-prd-100c-01-V2-LOCATIONS,D_guangzhou,True,69.18215075919,64326.07116000001,prd
True,239.259733414222,162.807532322875,C044,139.0,2,"[""D_guangzhou"", ""D_shenzhen""]","{""D_guangzhou"": 76.452201091347, ""D_shenzhen"": 239.259733414222}",47300.95866,cn-prd-100c-01-V2-LOCATIONS,D_guangzhou,True,76.452201091347,43927.595519999995,prd
True,230.594331710729,164.21463491995797,C045,208.0,2,"[""D_guangzhou"", ""D_shenzhen""]","{""D_guangzhou"": 66.379696790771, ""D_shenzhen"": 230.594331710729}",45191.195700000004,cn-prd-100c-01-V2-LOCATIONS,D_guangzhou,True,66.379696790771,43361.2902,prd
True,237.82874410261599,164.016241337361,C046,139.0,2,"[""D_guangzhou"", ""D_shenzhen""]","{""D_guangzhou"": 73.81250276525499, ""D_shenzhen"": 237.82874410261599}",51480.67398,cn-prd-100c-01-V2-LOCATIONS,D_guangzhou,True,73.81250276525499,49188.47676,prd
True,217.128405051064,162.684894098455,C047,347.0,2,"[""D_guangzhou"", ""D_shenzhen""]","{""D_guangzhou"": 217.128405051064, ""D_shenzhen"": 54.443510952608996}",63510.98994000001,cn-prd-100c-01-V2-LOCATIONS,D_shenzhen,True,54.443510952608996,61406.52072,prd
True,217.796910650036,160.05348157135603,C048,208.0,2,"[""D_guangzhou"", ""D_shenzhen""]","{""D_guangzhou"": 217.796910650036, ""D_shenzhen"": 57.743429078679995}",51862.36254,cn-prd-100c-01-V2-LOCATIONS,D_shenzhen,True,57.743429078679995,48886.94886,prd
True,213.217163661994,163.891219688018,C049,139.0,2,"[""D_guangzhou"", ""D_shenzhen""]","{""D_guangzhou"": 213.217163661994, ""D_shenzhen"": 49.325943973975996}",51657.98022,cn-prd-100c-01-V2-LOCATIONS,D_shenzhen,True,49.325943973975996,49589.077860000005,prd
True,212.565391083297,156.087411892453,C050,139.0,2,"[""D_guangzhou"", ""D_shenzhen""]","{""D_guangzhou"": 212.565391083297, ""D_shenzhen"": 56.477979190844}",55337.34294,cn-prd-100c-01-V2-LOCATIONS,D_shenzhen,True,56.477979190844,52950.68076,prd
True,199.05007203210698,151.10586298284397,C051,347.0,2,"[""D_guangzhou"", ""D_shenzhen""]","{""D_guangzhou"": 199.05007203210698, ""D_shenzhen"": 47.944209049262994}",47720.134379999996,cn-prd-100c-01-V2-LOCATIONS,D_shenzhen,True,47.944209049262994,45720.26334,prd
True,217.128405092494,162.684894098455,C052,139.0,2,"[""D_guangzhou"", ""D_shenzhen""]","{""D_guangzhou"": 217.128405092494, ""D_shenzhen"": 54.443510994039}",58495.01244,cn-prd-100c-01-V2-LOCATIONS,D_shenzhen,True,54.443510994039,55624.00206,prd
True,216.52443720146798,162.03381524049996,C053,278.0,2,"[""D_guangzhou"", ""D_shenzhen""]","{""D_guangzhou"": 216.52443720146798, ""D_shenzhen"": 54.490621960968}",54517.1889,cn-prd-100c-01-V2-LOCATIONS,D_shenzhen,True,54.490621960968,51334.119660000004,prd
True,211.787240270588,158.936572635227,C054,139.0,2,"[""D_guangzhou"", ""D_shenzhen""]","{""D_guangzhou"": 211.787240270588, ""D_shenzhen"": 52.850667635361}",51969.83526,cn-prd-100c-01-V2-LOCATIONS,D_shenzhen,True,52.850667635361,48768.8736,prd
True,217.128405081074,162.684894098455,C055,139.0,2,"[""D_guangzhou"", ""D_shenzhen""]","{""D_guangzhou"": 217.128405081074, ""D_shenzhen"": 54.443510982619}",49149.271680000005,cn-prd-100c-01-V2-LOCATIONS,D_shenzhen,True,54.443510982619,45945.3609,prd
True,210.944926664647,155.461448289346,C056,347.0,2,"[""D_guangzhou"", ""D_shenzhen""]","{""D_guangzhou"": 210.944926664647, ""D_shenzhen"": 55.483478375301}",45790.0164,cn-prd-100c-01-V2-LOCATIONS,D_shenzhen,True,55.483478375301,43311.15012,prd
True,207.698016963371,154.717945708348,C057,139.0,2,"[""D_guangzhou"", ""D_shenzhen""]","{""D_guangzhou"": 207.698016963371, ""D_shenzhen"": 52.980071255023}",54381.05922,cn-prd-100c-01-V2-LOCATIONS,D_shenzhen,True,52.980071255023,51439.38624,prd
True,207.75659041934,162.566327700178,C058,347.0,2,"[""D_guangzhou"", ""D_shenzhen""]","{""D_guangzhou"": 207.75659041934, ""D_shenzhen"": 45.190262719162}",51742.26642,cn-prd-100c-01-V2-LOCATIONS,D_shenzhen,True,45.190262719162,48266.65872,prd
True,216.870257750949,162.684894098455,C059,208.0,2,"[""D_guangzhou"", ""D_shenzhen""]","{""D_guangzhou"": 216.870257750949, ""D_shenzhen"": 54.185363652494004}",47647.0437,cn-prd-100c-01-V2-LOCATIONS,D_shenzhen,True,54.185363652494004,45566.2563,prd
True,217.289499319304,166.03662949884102,C060,139.0,2,"[""D_guangzhou"", ""D_shenzhen""]","{""D_guangzhou"": 217.289499319304, ""D_shenzhen"": 51.252869820463}",51012.710340000005,cn-prd-100c-01-V2-LOCATIONS,D_shenzhen,True,51.252869820463,47731.00602,prd
True,208.174331041683,155.065233542822,C061,278.0,2,"[""D_guangzhou"", ""D_shenzhen""]","{""D_guangzhou"": 208.174331041683, ""D_shenzhen"": 53.109097498861}",62755.19922,cn-prd-100c-01-V2-LOCATIONS,D_shenzhen,True,53.109097498861,60865.35606,prd
True,204.434175048395,154.35628551268798,C062,347.0,2,"[""D_guangzhou"", ""D_shenzhen""]","{""D_guangzhou"": 204.434175048395, ""D_shenzhen"": 50.077889535707}",50686.61166,cn-prd-100c-01-V2-LOCATIONS,D_shenzhen,True,50.077889535707,48334.1682,prd
True,207.756590198545,162.56632770017802,C063,417.0,2,"[""D_guangzhou"", ""D_shenzhen""]","{""D_guangzhou"": 207.756590198545, ""D_shenzhen"": 45.190262498367005}",46764.95394,cn-prd-100c-01-V2-LOCATIONS,D_shenzhen,True,45.190262498367005,44018.75274,prd
True,211.879225536357,166.68896292855902,C064,417.0,2,"[""D_guangzhou"", ""D_shenzhen""]","{""D_guangzhou"": 211.879225536357, ""D_shenzhen"": 45.190262607798}",45849.05004,cn-prd-100c-01-V2-LOCATIONS,D_shenzhen,True,45.190262607798,42553.47516,prd
True,212.351208554974,160.662737910622,C065,139.0,2,"[""D_guangzhou"", ""D_shenzhen""]","{""D_guangzhou"": 212.351208554974, ""D_shenzhen"": 51.688470644351995}",53518.411739999996,cn-prd-100c-01-V2-LOCATIONS,D_shenzhen,True,51.688470644351995,51607.61538,prd
True,199.474645305882,151.843729424996,C066,347.0,2,"[""D_guangzhou"", ""D_shenzhen""]","{""D_guangzhou"": 199.474645305882, ""D_shenzhen"": 47.630915880886}",50347.72704,cn-prd-100c-01-V2-LOCATIONS,D_shenzhen,True,47.630915880886,48040.1469,prd
True,212.369973362619,160.113256392121,C067,347.0,2,"[""D_guangzhou"", ""D_shenzhen""]","{""D_guangzhou"": 212.369973362619, ""D_shenzhen"": 52.256716970498005}",49174.66164,cn-prd-100c-01-V2-LOCATIONS,D_shenzhen,True,52.256716970498005,47192.96166,prd
True,204.67296470470902,155.271969975127,C068,278.0,2,"[""D_guangzhou"", ""D_shenzhen""]","{""D_guangzhou"": 204.67296470470902, ""D_shenzhen"": 49.400994729582}",58374.39576,cn-prd-100c-01-V2-LOCATIONS,D_shenzhen,True,49.400994729582,55670.87844,prd
True,207.588431768295,154.717945708348,C069,139.0,2,"[""D_guangzhou"", ""D_shenzhen""]","{""D_guangzhou"": 207.588431768295, ""D_shenzhen"": 52.870486059947}",57076.76724,cn-prd-100c-01-V2-LOCATIONS,D_shenzhen,True,52.870486059947,54018.51534,prd
True,217.437000366912,163.67491831626802,C070,208.0,2,"[""D_guangzhou"", ""D_shenzhen""]","{""D_guangzhou"": 217.437000366912, ""D_shenzhen"": 53.762082050644}",55395.9528,cn-prd-100c-01-V2-LOCATIONS,D_shenzhen,True,53.762082050644,52710.20676,prd
True,206.73603027026,160.16401336882598,C071,278.0,2,"[""D_guangzhou"", ""D_shenzhen""]","{""D_guangzhou"": 206.73603027026, ""D_shenzhen"": 46.572016901434004}",50787.46776,cn-prd-100c-01-V2-LOCATIONS,D_shenzhen,True,46.572016901434004,47856.35664,prd
True,197.73220585639402,149.86247155417203,C072,347.0,2,"[""D_guangzhou"", ""D_shenzhen""]","{""D_guangzhou"": 197.73220585639402, ""D_shenzhen"": 47.869734302222}",49494.09954,cn-prd-100c-01-V2-LOCATIONS,D_shenzhen,True,47.869734302222,46784.16726,prd
True,204.38789407431298,155.06591397004698,C073,208.0,2,"[""D_guangzhou"", ""D_shenzhen""]","{""D_guangzhou"": 204.38789407431298, ""D_shenzhen"": 49.321980104266}",50442.6234,cn-prd-100c-01-V2-LOCATIONS,D_shenzhen,True,49.321980104266,47601.38508,prd
True,205.63223693630297,156.74766692298698,C074,347.0,2,"[""D_guangzhou"", ""D_shenzhen""]","{""D_guangzhou"": 205.63223693630297, ""D_shenzhen"": 48.884570013316}",48747.6486,cn-prd-100c-01-V2-LOCATIONS,D_shenzhen,True,48.884570013316,45175.3899,prd
True,206.215209666009,157.882228915945,C075,139.0,2,"[""D_guangzhou"", ""D_shenzhen""]","{""D_guangzhou"": 206.215209666009, ""D_shenzhen"": 48.332980750064}",44533.58934,cn-prd-100c-01-V2-LOCATIONS,D_shenzhen,True,48.332980750064,42140.16204,prd
True,218.956850711059,160.05348157135597,C076,208.0,2,"[""D_guangzhou"", ""D_shenzhen""]","{""D_guangzhou"": 218.956850711059, ""D_shenzhen"": 58.903369139703}",47306.81508,cn-prd-100c-01-V2-LOCATIONS,D_shenzhen,True,58.903369139703,44007.140159999995,prd
True,216.385836305633,165.07483593798,C077,208.0,2,"[""D_guangzhou"", ""D_shenzhen""]","{""D_guangzhou"": 216.385836305633, ""D_shenzhen"": 51.311000367653}",50773.325039999996,cn-prd-100c-01-V2-LOCATIONS,D_shenzhen,True,51.311000367653,48198.18612,prd
True,213.452595718514,157.024695934258,C078,347.0,2,"[""D_guangzhou"", ""D_shenzhen""]","{""D_guangzhou"": 213.452595718514, ""D_shenzhen"": 56.427899784256}",46542.40266,cn-prd-100c-01-V2-LOCATIONS,D_shenzhen,True,56.427899784256,44157.905040000005,prd
True,220.30883901628002,160.05348157135603,C079,208.0,2,"[""D_guangzhou"", ""D_shenzhen""]","{""D_guangzhou"": 220.30883901628002, ""D_shenzhen"": 60.255357444923995}",46685.0322,cn-prd-100c-01-V2-LOCATIONS,D_shenzhen,True,60.255357444923995,44854.661940000005,prd
True,199.30326019837497,150.224201634246,C080,278.0,2,"[""D_guangzhou"", ""D_shenzhen""]","{""D_guangzhou"": 199.30326019837497, ""D_shenzhen"": 49.07905856412899}",63655.11438,cn-prd-100c-01-V2-LOCATIONS,D_shenzhen,True,49.07905856412899,60271.42122,prd
True,204.743541998706,155.77417675092,C081,139.0,2,"[""D_guangzhou"", ""D_shenzhen""]","{""D_guangzhou"": 204.743541998706, ""D_shenzhen"": 48.969365247786}",49756.10472,cn-prd-100c-01-V2-LOCATIONS,D_shenzhen,True,48.969365247786,46380.63708,prd
True,216.21094901621802,161.23093480556904,C082,278.0,2,"[""D_guangzhou"", ""D_shenzhen""]","{""D_guangzhou"": 216.21094901621802, ""D_shenzhen"": 54.980014210648996}",50791.089,cn-prd-100c-01-V2-LOCATIONS,D_shenzhen,True,54.980014210648996,47312.24184,prd
True,210.487724312223,157.90982319331403,C083,278.0,2,"[""D_guangzhou"", ""D_shenzhen""]","{""D_guangzhou"": 210.487724312223, ""D_shenzhen"": 52.577901118909}",65637.16331999999,cn-prd-100c-01-V2-LOCATIONS,D_shenzhen,True,52.577901118909,63064.53516,prd
True,205.482197816111,158.953146590137,C084,208.0,2,"[""D_guangzhou"", ""D_shenzhen""]","{""D_guangzhou"": 205.482197816111, ""D_shenzhen"": 46.529051225974}",47595.4626,cn-prd-100c-01-V2-LOCATIONS,D_shenzhen,True,46.529051225974,45279.0426,prd
True,212.048876216412,159.967634809108,C085,208.0,2,"[""D_guangzhou"", ""D_shenzhen""]","{""D_guangzhou"": 212.048876216412, ""D_shenzhen"": 52.081241407304}",45294.77514,cn-prd-100c-01-V2-LOCATIONS,D_shenzhen,True,52.081241407304,42374.80158,prd
True,212.773014851449,161.050381981266,C086,139.0,2,"[""D_guangzhou"", ""D_shenzhen""]","{""D_guangzhou"": 212.773014851449, ""D_shenzhen"": 51.722632870183}",50877.91938,cn-prd-100c-01-V2-LOCATIONS,D_shenzhen,True,51.722632870183,47720.93508,prd
True,205.461019571245,158.953146590137,C087,347.0,2,"[""D_guangzhou"", ""D_shenzhen""]","{""D_guangzhou"": 205.461019571245, ""D_shenzhen"": 46.507872981108}",52539.73938,cn-prd-100c-01-V2-LOCATIONS,D_shenzhen,True,46.507872981108,49125.53448,prd
True,214.617433521981,164.65323776828401,C088,347.0,2,"[""D_guangzhou"", ""D_shenzhen""]","{""D_guangzhou"": 214.617433521981, ""D_shenzhen"": 49.964195753697}",64580.33598,cn-prd-100c-01-V2-LOCATIONS,D_shenzhen,True,49.964195753697,61245.384419999995,prd
True,212.341973482873,164.747942425821,C089,347.0,2,"[""D_guangzhou"", ""D_shenzhen""]","{""D_guangzhou"": 212.341973482873, ""D_shenzhen"": 47.59403105705199}",50801.40996,cn-prd-100c-01-V2-LOCATIONS,D_shenzhen,True,47.59403105705199,48949.36026,prd
True,190.85889345119898,139.37236443026998,C090,347.0,2,"[""D_guangzhou"", ""D_shenzhen""]","{""D_guangzhou"": 190.85889345119898, ""D_shenzhen"": 51.486529020929}",60482.39256,cn-prd-100c-01-V2-LOCATIONS,D_shenzhen,True,51.486529020929,56896.89114,prd
True,219.307720978018,160.053481571356,C091,278.0,2,"[""D_guangzhou"", ""D_shenzhen""]","{""D_guangzhou"": 219.307720978018, ""D_shenzhen"": 59.254239406662}",62578.318739999995,cn-prd-100c-01-V2-LOCATIONS,D_shenzhen,True,59.254239406662,60300.939300000005,prd
True,216.458573316689,159.743410161772,C092,208.0,2,"[""D_guangzhou"", ""D_shenzhen""]","{""D_guangzhou"": 216.458573316689, ""D_shenzhen"": 56.715163154917}",61329.88044,cn-prd-100c-01-V2-LOCATIONS,D_shenzhen,True,56.715163154917,58295.70738,prd
True,207.647495355743,154.717945708348,C093,139.0,2,"[""D_guangzhou"", ""D_shenzhen""]","{""D_guangzhou"": 207.647495355743, ""D_shenzhen"": 52.92954964739501}",49113.737219999995,cn-prd-100c-01-V2-LOCATIONS,D_shenzhen,True,52.92954964739501,45813.99852,prd
True,217.12840505473397,162.68489409845498,C094,208.0,2,"[""D_guangzhou"", ""D_shenzhen""]","{""D_guangzhou"": 217.12840505473397, ""D_shenzhen"": 54.443510956279}",60577.42554,cn-prd-100c-01-V2-LOCATIONS,D_shenzhen,True,54.443510956279,57603.71796,prd
True,211.787240262772,158.92498610269,C095,278.0,2,"[""D_guangzhou"", ""D_shenzhen""]","{""D_guangzhou"": 211.787240262772, ""D_shenzhen"": 52.862254160081996}",61535.50272,cn-prd-100c-01-V2-LOCATIONS,D_shenzhen,True,52.862254160081996,59183.00094,prd
True,199.48895181341703,153.32620935547504,C096,139.0,2,"[""D_guangzhou"", ""D_shenzhen""]","{""D_guangzhou"": 199.48895181341703, ""D_shenzhen"": 46.162742457942}",54381.05922,cn-prd-100c-01-V2-LOCATIONS,D_shenzhen,True,46.162742457942,51439.38624,prd
True,206.54952491154998,157.112194288606,C097,417.0,2,"[""D_guangzhou"", ""D_shenzhen""]","{""D_guangzhou"": 206.54952491154998, ""D_shenzhen"": 49.437330622943996}",51171.81846,cn-prd-100c-01-V2-LOCATIONS,D_shenzhen,True,49.437330622943996,48329.809259999995,prd
True,208.841173354489,157.613917600643,C098,139.0,2,"[""D_guangzhou"", ""D_shenzhen""]","{""D_guangzhou"": 208.841173354489, ""D_shenzhen"": 51.227255753845995}",50269.10832,cn-prd-100c-01-V2-LOCATIONS,D_shenzhen,True,51.227255753845995,48131.73732,prd
True,217.26067149659602,166.04363578830902,C099,278.0,2,"[""D_guangzhou"", ""D_shenzhen""]","{""D_guangzhou"": 217.26067149659602, ""D_shenzhen"": 51.217035708287}",60097.92264,cn-prd-100c-01-V2-LOCATIONS,D_shenzhen,True,51.217035708287,57347.3754,prd
True,217.12840506048403,162.68489409845503,C100,347.0,2,"[""D_guangzhou"", ""D_shenzhen""]","{""D_guangzhou"": 217.12840506048403, ""D_shenzhen"": 54.443510962029}",51882.03618,cn-prd-100c-01-V2-LOCATIONS,D_shenzhen,True,54.443510962029,49393.90458,prd
True,224.19611018610297,163.60558458986097,C001,417.0,2,"[""D_guangzhou"", ""D_shenzhen""]","{""D_guangzhou"": 60.590525596241996, ""D_shenzhen"": 224.19611018610297}",58927.92054,cn-prd-100c-02-V2-LOCATIONS,D_guangzhou,True,60.590525596241996,56286.1449,prd
True,234.06254913813203,164.21463491995803,C002,139.0,2,"[""D_guangzhou"", ""D_shenzhen""]","{""D_guangzhou"": 69.847914218174, ""D_shenzhen"": 234.06254913813203}",53518.411739999996,cn-prd-100c-02-V2-LOCATIONS,D_guangzhou,True,69.847914218174,51607.61538,prd
True,222.934294047571,163.605584589861,C003,347.0,2,"[""D_guangzhou"", ""D_shenzhen""]","{""D_guangzhou"": 59.32870945771, ""D_shenzhen"": 222.934294047571}",49782.70524,cn-prd-100c-02-V2-LOCATIONS,D_guangzhou,True,59.32870945771,46300.48032,prd
True,225.79782083110803,163.60558458986102,C004,139.0,2,"[""D_guangzhou"", ""D_shenzhen""]","{""D_guangzhou"": 62.192236241246995, ""D_shenzhen"": 225.79782083110803}",58096.530900000005,cn-prd-100c-02-V2-LOCATIONS,D_guangzhou,True,62.192236241246995,55339.03134,prd
True,237.05406272186798,164.75229240317196,C005,139.0,2,"[""D_guangzhou"", ""D_shenzhen""]","{""D_guangzhou"": 72.301770318696, ""D_shenzhen"": 237.05406272186798}",49998.48738,cn-prd-100c-02-V2-LOCATIONS,D_guangzhou,True,72.301770318696,46809.08274,prd
True,224.207655104317,163.60558458986102,C006,208.0,2,"[""D_guangzhou"", ""D_shenzhen""]","{""D_guangzhou"": 60.602070514455995, ""D_shenzhen"": 224.207655104317}",56946.05646,cn-prd-100c-02-V2-LOCATIONS,D_guangzhou,True,60.602070514455995,54709.34166,prd
True,232.708204959533,163.60558458985997,C007,347.0,2,"[""D_guangzhou"", ""D_shenzhen""]","{""D_guangzhou"": 69.102620369673, ""D_shenzhen"": 232.708204959533}",55517.87922,cn-prd-100c-02-V2-LOCATIONS,D_guangzhou,True,69.102620369673,53557.93872,prd
True,219.75783794391901,163.605584589861,C008,139.0,2,"[""D_guangzhou"", ""D_shenzhen""]","{""D_guangzhou"": 56.152253354058004, ""D_shenzhen"": 219.75783794391901}",50269.10832,cn-prd-100c-02-V2-LOCATIONS,D_guangzhou,True,56.152253354058004,48131.73732,prd
True,225.173884817368,163.605584589861,C009,417.0,2,"[""D_guangzhou"", ""D_shenzhen""]","{""D_guangzhou"": 61.568300227507, ""D_shenzhen"": 225.173884817368}",47857.549439999995,cn-prd-100c-02-V2-LOCATIONS,D_guangzhou,True,61.568300227507,44671.92744,prd
True,239.58087951303202,163.71423895550504,C010,139.0,2,"[""D_guangzhou"", ""D_shenzhen""]","{""D_guangzhou"": 75.86664055752699, ""D_shenzhen"": 239.58087951303202}",48545.393339999995,cn-prd-100c-02-V2-LOCATIONS,D_guangzhou,True,75.86664055752699,46281.4377,prd
True,242.290398890497,162.373185067392,C011,347.0,2,"[""D_guangzhou"", ""D_shenzhen""]","{""D_guangzhou"": 79.917213823105, ""D_shenzhen"": 242.290398890497}",50786.07714,cn-prd-100c-02-V2-LOCATIONS,D_guangzhou,True,79.917213823105,48629.82378,prd
True,225.593275194684,163.440112592017,C012,139.0,2,"[""D_guangzhou"", ""D_shenzhen""]","{""D_guangzhou"": 62.153162602666995, ""D_shenzhen"": 225.593275194684}",50277.164399999994,cn-prd-100c-02-V2-LOCATIONS,D_guangzhou,True,62.153162602666995,47761.5852,prd
True,230.239179762203,164.214634919957,C013,208.0,2,"[""D_guangzhou"", ""D_shenzhen""]","{""D_guangzhou"": 66.024544842246, ""D_shenzhen"": 230.239179762203}",50461.1691,cn-prd-100c-02-V2-LOCATIONS,D_guangzhou,True,66.024544842246,48526.52334,prd
True,224.95859473682899,163.605584589861,C014,139.0,2,"[""D_guangzhou"", ""D_shenzhen""]","{""D_guangzhou"": 61.353010146968, ""D_shenzhen"": 224.95859473682899}",67362.89214,cn-prd-100c-02-V2-LOCATIONS,D_guangzhou,True,61.353010146968,64326.07116000001,prd
True,218.840389820493,163.605584589861,C015,417.0,2,"[""D_guangzhou"", ""D_shenzhen""]","{""D_guangzhou"": 55.234805230632006, ""D_shenzhen"": 218.840389820493}",51082.236,cn-prd-100c-02-V2-LOCATIONS,D_guangzhou,True,55.234805230632006,49188.1323,prd
True,223.63296852901001,163.398899047598,C016,208.0,2,"[""D_guangzhou"", ""D_shenzhen""]","{""D_guangzhou"": 60.234069481412, ""D_shenzhen"": 223.63296852901001}",58322.687640000004,cn-prd-100c-02-V2-LOCATIONS,D_guangzhou,True,60.234069481412,56242.01064,prd
True,221.92764813228,163.60558458986102,C017,139.0,2,"[""D_guangzhou"", ""D_shenzhen""]","{""D_guangzhou"": 58.322063542418995, ""D_shenzhen"": 221.92764813228}",47907.6123,cn-prd-100c-02-V2-LOCATIONS,D_guangzhou,True,58.322063542418995,45064.837680000004,prd
True,219.66004208422802,163.60558458986102,C018,208.0,2,"[""D_guangzhou"", ""D_shenzhen""]","{""D_guangzhou"": 56.054457494367, ""D_shenzhen"": 219.66004208422802}",47931.5214,cn-prd-100c-02-V2-LOCATIONS,D_guangzhou,True,56.054457494367,45875.98818,prd
True,228.730841703404,163.605584589861,C019,278.0,2,"[""D_guangzhou"", ""D_shenzhen""]","{""D_guangzhou"": 65.125257113543, ""D_shenzhen"": 228.730841703404}",57869.2089,cn-prd-100c-02-V2-LOCATIONS,D_guangzhou,True,65.125257113543,55187.58324,prd
True,231.95799762625,164.214634919957,C020,278.0,2,"[""D_guangzhou"", ""D_shenzhen""]","{""D_guangzhou"": 67.743362706293, ""D_shenzhen"": 231.95799762625}",53005.748759999995,cn-prd-100c-02-V2-LOCATIONS,D_guangzhou,True,67.743362706293,49590.995579999995,prd
True,221.52109507181797,156.03746911195697,C021,417.0,2,"[""D_guangzhou"", ""D_shenzhen""]","{""D_guangzhou"": 65.483625959861, ""D_shenzhen"": 221.52109507181797}",51171.81846,cn-prd-100c-02-V2-LOCATIONS,D_guangzhou,True,65.483625959861,48329.809259999995,prd
True,228.240621576773,162.71098355317503,C022,417.0,2,"[""D_guangzhou"", ""D_shenzhen""]","{""D_guangzhou"": 65.529638023598, ""D_shenzhen"": 228.240621576773}",47393.01366,cn-prd-100c-02-V2-LOCATIONS,D_guangzhou,True,65.529638023598,44064.4479,prd
True,224.45103851495003,163.79655306076504,C023,417.0,2,"[""D_guangzhou"", ""D_shenzhen""]","{""D_guangzhou"": 60.654485454185, ""D_shenzhen"": 224.45103851495003}",43692.21456,cn-prd-100c-02-V2-LOCATIONS,D_guangzhou,True,60.654485454185,41448.98988,prd
True,228.159526759464,163.605584589861,C024,208.0,2,"[""D_guangzhou"", ""D_shenzhen""]","{""D_guangzhou"": 64.553942169603, ""D_shenzhen"": 228.159526759464}",60612.92652,cn-prd-100c-02-V2-LOCATIONS,D_guangzhou,True,64.553942169603,57501.8169,prd
True,229.79727396879503,163.60558458986102,C025,208.0,2,"[""D_guangzhou"", ""D_shenzhen""]","{""D_guangzhou"": 66.191689378934, ""D_shenzhen"": 229.79727396879503}",62841.92568,cn-prd-100c-02-V2-LOCATIONS,D_guangzhou,True,66.191689378934,60738.335940000004,prd
True,234.248238344497,164.21463491995797,C026,139.0,2,"[""D_guangzhou"", ""D_shenzhen""]","{""D_guangzhou"": 70.03360342453901, ""D_shenzhen"": 234.248238344497}",54559.47762,cn-prd-100c-02-V2-LOCATIONS,D_guangzhou,True,70.03360342453901,52042.58418,prd
True,226.57922499388,163.543335071567,C027,139.0,2,"[""D_guangzhou"", ""D_shenzhen""]","{""D_guangzhou"": 63.035889922313, ""D_shenzhen"": 226.57922499388}",62345.40162,cn-prd-100c-02-V2-LOCATIONS,D_guangzhou,True,63.035889922313,59559.92868,prd
True,220.318153196371,163.605584589861,C028,278.0,2,"[""D_guangzhou"", ""D_shenzhen""]","{""D_guangzhou"": 56.712568606510004, ""D_shenzhen"": 220.318153196371}",52045.98738,cn-prd-100c-02-V2-LOCATIONS,D_guangzhou,True,56.712568606510004,48964.370039999994,prd
True,225.17388453737402,163.60558458986102,C029,139.0,2,"[""D_guangzhou"", ""D_shenzhen""]","{""D_guangzhou"": 61.568299947513005, ""D_shenzhen"": 225.17388453737402}",48745.19964,cn-prd-100c-02-V2-LOCATIONS,D_guangzhou,True,61.568299947513005,45716.9337,prd
True,228.89856042276,164.275552644517,C030,208.0,2,"[""D_guangzhou"", ""D_shenzhen""]","{""D_guangzhou"": 64.62300777824301, ""D_shenzhen"": 228.89856042276}",63586.80546,cn-prd-100c-02-V2-LOCATIONS,D_guangzhou,True,64.62300777824301,60171.63006,prd
True,228.730841638902,163.605584589861,C031,347.0,2,"[""D_guangzhou"", ""D_shenzhen""]","{""D_guangzhou"": 65.125257049041, ""D_shenzhen"": 228.730841638902}",53470.34082,cn-prd-100c-02-V2-LOCATIONS,D_guangzhou,True,65.125257049041,51483.234,prd
True,229.727703537907,164.214634919957,C032,347.0,2,"[""D_guangzhou"", ""D_shenzhen""]","{""D_guangzhou"": 65.51306861795, ""D_shenzhen"": 229.727703537907}",47353.3671,cn-prd-100c-02-V2-LOCATIONS,D_guangzhou,True,65.51306861795,44271.62724,prd
True,227.563861836446,163.605584589861,C033,208.0,2,"[""D_guangzhou"", ""D_shenzhen""]","{""D_guangzhou"": 63.958277246585, ""D_shenzhen"": 227.563861836446}",47384.23062,cn-prd-100c-02-V2-LOCATIONS,D_guangzhou,True,63.958277246585,44855.1657,prd
True,222.297593643184,157.338514433913,C034,208.0,2,"[""D_guangzhou"", ""D_shenzhen""]","{""D_guangzhou"": 64.95907920927101, ""D_shenzhen"": 222.297593643184}",49470.73566,cn-prd-100c-02-V2-LOCATIONS,D_guangzhou,True,64.95907920927101,47592.4524,prd
True,220.971015142431,163.605584589861,C035,278.0,2,"[""D_guangzhou"", ""D_shenzhen""]","{""D_guangzhou"": 57.365430552570004, ""D_shenzhen"": 220.971015142431}",61187.13252,cn-prd-100c-02-V2-LOCATIONS,D_guangzhou,True,57.365430552570004,59008.26642,prd
True,231.531016563528,164.214634919958,C036,347.0,2,"[""D_guangzhou"", ""D_shenzhen""]","{""D_guangzhou"": 67.31638164357, ""D_shenzhen"": 231.531016563528}",52642.9161,cn-prd-100c-02-V2-LOCATIONS,D_guangzhou,True,67.31638164357,49328.220420000005,prd
True,226.83019744645298,163.605584589861,C037,417.0,2,"[""D_guangzhou"", ""D_shenzhen""]","{""D_guangzhou"": 63.224612856592, ""D_shenzhen"": 226.83019744645298}",50952.071879999996,cn-prd-100c-02-V2-LOCATIONS,D_guangzhou,True,63.224612856592,48573.9528,prd
True,227.11934152632,163.605584589861,C038,417.0,2,"[""D_guangzhou"", ""D_shenzhen""]","{""D_guangzhou"": 63.513756936459004, ""D_shenzhen"": 227.11934152632}",51972.8727,cn-prd-100c-02-V2-LOCATIONS,D_guangzhou,True,63.513756936459004,49346.628,prd
True,220.907478263959,163.605584589861,C039,347.0,2,"[""D_guangzhou"", ""D_shenzhen""]","{""D_guangzhou"": 57.301893674098, ""D_shenzhen"": 220.907478263959}",64793.70738,cn-prd-100c-02-V2-LOCATIONS,D_guangzhou,True,57.301893674098,61684.51002,prd
True,229.158134159822,164.214634919957,C040,417.0,2,"[""D_guangzhou"", ""D_shenzhen""]","{""D_guangzhou"": 64.943499239865, ""D_shenzhen"": 229.158134159822}",58696.6314,cn-prd-100c-02-V2-LOCATIONS,D_guangzhou,True,64.943499239865,56589.4257,prd
True,220.14865791264,163.605584589861,C041,347.0,2,"[""D_guangzhou"", ""D_shenzhen""]","{""D_guangzhou"": 56.543073322779, ""D_shenzhen"": 220.14865791264}",56520.06,cn-prd-100c-02-V2-LOCATIONS,D_guangzhou,True,56.543073322779,54715.18902,prd
True,224.796734211608,163.467287325097,C042,208.0,2,"[""D_guangzhou"", ""D_shenzhen""]","{""D_guangzhou"": 61.32944688651099, ""D_shenzhen"": 224.796734211608}",48433.0218,cn-prd-100c-02-V2-LOCATIONS,D_guangzhou,True,61.32944688651099,45507.297300000006,prd
True,227.45978465388902,163.60558458986102,C043,347.0,2,"[""D_guangzhou"", ""D_shenzhen""]","{""D_guangzhou"": 63.854200064028, ""D_shenzhen"": 227.45978465388902}",49530.43212,cn-prd-100c-02-V2-LOCATIONS,D_guangzhou,True,63.854200064028,47250.79686,prd
True,239.28174212972303,163.83748741376502,C044,278.0,2,"[""D_guangzhou"", ""D_shenzhen""]","{""D_guangzhou"": 75.444254715958, ""D_shenzhen"": 239.28174212972303}",50888.0016,cn-prd-100c-02-V2-LOCATIONS,D_guangzhou,True,75.444254715958,48323.65626,prd
True,228.598338455179,164.152385401663,C045,139.0,2,"[""D_guangzhou"", ""D_shenzhen""]","{""D_guangzhou"": 64.445953053516, ""D_shenzhen"": 228.598338455179}",45301.2585,cn-prd-100c-02-V2-LOCATIONS,D_guangzhou,True,64.445953053516,42353.00424,prd
True,220.811350185523,163.605584589861,C046,278.0,2,"[""D_guangzhou"", ""D_shenzhen""]","{""D_guangzhou"": 57.205765595662, ""D_shenzhen"": 220.811350185523}",55675.39332,cn-prd-100c-02-V2-LOCATIONS,D_guangzhou,True,57.205765595662,53394.81798,prd
True,211.78724155448597,158.93657263522698,C047,278.0,2,"[""D_guangzhou"", ""D_shenzhen""]","{""D_guangzhou"": 211.78724155448597, ""D_shenzhen"": 52.850668919259}",52531.598340000004,cn-prd-100c-02-V2-LOCATIONS,D_shenzhen,True,52.850668919259,49717.13838,prd
True,214.421167915755,163.93400123039,C048,347.0,2,"[""D_guangzhou"", ""D_shenzhen""]","{""D_guangzhou"": 214.421167915755, ""D_shenzhen"": 50.487166685365}",51882.03618,cn-prd-100c-02-V2-LOCATIONS,D_shenzhen,True,50.487166685365,49393.90458,prd
True,203.936302869641,152.65901361203498,C049,278.0,2,"[""D_guangzhou"", ""D_shenzhen""]","{""D_guangzhou"": 203.936302869641, ""D_shenzhen"": 51.277289257606}",59994.24414,cn-prd-100c-02-V2-LOCATIONS,D_shenzhen,True,51.277289257606,56829.20574,prd
True,216.920591638357,162.826215405114,C050,417.0,2,"[""D_guangzhou"", ""D_shenzhen""]","{""D_guangzhou"": 216.920591638357, ""D_shenzhen"": 54.094376233243}",47134.40298,cn-prd-100c-02-V2-LOCATIONS,D_shenzhen,True,54.094376233243,44876.96988,prd
True,197.75473616710397,149.86247155417198,C051,347.0,2,"[""D_guangzhou"", ""D_shenzhen""]","{""D_guangzhou"": 197.75473616710397, ""D_shenzhen"": 47.892264612932}",47946.01236,cn-prd-100c-02-V2-LOCATIONS,D_shenzhen,True,47.892264612932,44966.7555,prd
True,211.832715715549,158.51157035064801,C052,278.0,2,"[""D_guangzhou"", ""D_shenzhen""]","{""D_guangzhou"": 211.832715715549, ""D_shenzhen"": 53.321145364901}",59994.24414,cn-prd-100c-02-V2-LOCATIONS,D_shenzhen,True,53.321145364901,56829.20574,prd
True,209.844228446222,155.603934610459,C053,417.0,2,"[""D_guangzhou"", ""D_shenzhen""]","{""D_guangzhou"": 209.844228446222, ""D_shenzhen"": 54.240293835763005}",61553.253840000005,cn-prd-100c-02-V2-LOCATIONS,D_shenzhen,True,54.240293835763005,59130.39576,prd
True,204.508152016617,152.658803976049,C054,417.0,2,"[""D_guangzhou"", ""D_shenzhen""]","{""D_guangzhou"": 204.508152016617, ""D_shenzhen"": 51.849348040568}",49715.072159999996,cn-prd-100c-02-V2-LOCATIONS,D_shenzhen,True,51.849348040568,47823.8343,prd
True,217.336059776732,163.674918316268,C055,139.0,2,"[""D_guangzhou"", ""D_shenzhen""]","{""D_guangzhou"": 217.336059776732, ""D_shenzhen"": 53.661141460464}",63907.28952,cn-prd-100c-02-V2-LOCATIONS,D_shenzhen,True,53.661141460464,60615.92148,prd
True,212.546538045257,157.791129982049,C056,208.0,2,"[""D_guangzhou"", ""D_shenzhen""]","{""D_guangzhou"": 212.546538045257, ""D_shenzhen"": 54.755408063208}",45003.85014,cn-prd-100c-02-V2-LOCATIONS,D_shenzhen,True,54.755408063208,42754.47654,prd
True,199.341371839355,150.224201634246,C057,417.0,2,"[""D_guangzhou"", ""D_shenzhen""]","{""D_guangzhou"": 199.341371839355, ""D_shenzhen"": 49.117170205109}",55918.30104,cn-prd-100c-02-V2-LOCATIONS,D_shenzhen,True,49.117170205109,53126.71158,prd
True,211.78724028239301,158.936572635227,C058,347.0,2,"[""D_guangzhou"", ""D_shenzhen""]","{""D_guangzhou"": 211.78724028239301, ""D_shenzhen"": 52.850667647166006}",53086.95564,cn-prd-100c-02-V2-LOCATIONS,D_shenzhen,True,52.850667647166006,49504.72206,prd
True,211.355087939626,163.65068962609502,C059,417.0,2,"[""D_guangzhou"", ""D_shenzhen""]","{""D_guangzhou"": 211.355087939626, ""D_shenzhen"": 47.704398313530994}",56069.2875,cn-prd-100c-02-V2-LOCATIONS,D_shenzhen,True,47.704398313530994,52765.15236,prd
True,218.624987869912,160.053481571357,C060,139.0,2,"[""D_guangzhou"", ""D_shenzhen""]","{""D_guangzhou"": 218.624987869912, ""D_shenzhen"": 58.571506298555}",51795.88908,cn-prd-100c-02-V2-LOCATIONS,D_shenzhen,True,58.571506298555,49700.4387,prd
True,198.09139671125,150.72515470504902,C061,208.0,2,"[""D_guangzhou"", ""D_shenzhen""]","{""D_guangzhou"": 198.09139671125, ""D_shenzhen"": 47.366242006201006}",49480.39638,cn-prd-100c-02-V2-LOCATIONS,D_shenzhen,True,47.366242006201006,46040.03412,prd
True,218.76510713306402,169.14501957184,C062,278.0,2,"[""D_guangzhou"", ""D_shenzhen""]","{""D_guangzhou"": 218.76510713306402, ""D_shenzhen"": 49.620087561224}",51810.10182,cn-prd-100c-02-V2-LOCATIONS,D_shenzhen,True,49.620087561224,48318.64476,prd
True,210.652767957387,165.439798979827,C063,139.0,2,"[""D_guangzhou"", ""D_shenzhen""]","{""D_guangzhou"": 210.652767957387, ""D_shenzhen"": 45.212968977559996}",47769.56478,cn-prd-100c-02-V2-LOCATIONS,D_shenzhen,True,45.212968977559996,44229.04698,prd
True,217.35415267147297,166.48271214429298,C064,278.0,2,"[""D_guangzhou"", ""D_shenzhen""]","{""D_guangzhou"": 217.35415267147297, ""D_shenzhen"": 50.87144052718}",47838.693419999996,cn-prd-100c-02-V2-LOCATIONS,D_shenzhen,True,50.87144052718,44380.373219999994,prd
True,205.50202214876302,156.747666922987,C065,139.0,2,"[""D_guangzhou"", ""D_shenzhen""]","{""D_guangzhou"": 205.50202214876302, ""D_shenzhen"": 48.754355225776}",49881.28656,cn-prd-100c-02-V2-LOCATIONS,D_shenzhen,True,48.754355225776,46446.76068,prd
True,199.11833898721298,153.326209355475,C066,347.0,2,"[""D_guangzhou"", ""D_shenzhen""]","{""D_guangzhou"": 199.11833898721298, ""D_shenzhen"": 45.79212963173801}",58559.48772,cn-prd-100c-02-V2-LOCATIONS,D_shenzhen,True,45.79212963173801,56356.830299999994,prd
True,201.18173453536298,155.484877021228,C067,417.0,2,"[""D_guangzhou"", ""D_shenzhen""]","{""D_guangzhou"": 201.18173453536298, ""D_shenzhen"": 45.696857514135004}",63627.43626,cn-prd-100c-02-V2-LOCATIONS,D_shenzhen,True,45.696857514135004,61240.32198,prd
True,210.909113001434,158.91873532415502,C068,347.0,2,"[""D_guangzhou"", ""D_shenzhen""]","{""D_guangzhou"": 210.909113001434, ""D_shenzhen"": 51.990377677279}",56845.0827,cn-prd-100c-02-V2-LOCATIONS,D_shenzhen,True,51.990377677279,53563.16394,prd
True,201.346977507703,155.484877021228,C069,347.0,2,"[""D_guangzhou"", ""D_shenzhen""]","{""D_guangzhou"": 201.346977507703, ""D_shenzhen"": 45.862100486475}",51190.968420000005,cn-prd-100c-02-V2-LOCATIONS,D_shenzhen,True,45.862100486475,48191.777879999994,prd
True,212.05561862219997,158.75397318082497,C070,139.0,2,"[""D_guangzhou"", ""D_shenzhen""]","{""D_guangzhou"": 212.05561862219997, ""D_shenzhen"": 53.301645441375}",58730.53848,cn-prd-100c-02-V2-LOCATIONS,D_shenzhen,True,53.301645441375,56363.89374,prd
True,203.656220667817,154.23593655047398,C071,278.0,2,"[""D_guangzhou"", ""D_shenzhen""]","{""D_guangzhou"": 203.656220667817, ""D_shenzhen"": 49.420284117343}",45247.38186,cn-prd-100c-02-V2-LOCATIONS,D_shenzhen,True,49.420284117343,43414.90692,prd
True,198.984779381224,151.334165133207,C072,139.0,2,"[""D_guangzhou"", ""D_shenzhen""]","{""D_guangzhou"": 198.984779381224, ""D_shenzhen"": 47.650614248017}",60190.51362,cn-prd-100c-02-V2-LOCATIONS,D_shenzhen,True,47.650614248017,56860.73346,prd
True,217.515020003393,167.454948634683,C073,417.0,2,"[""D_guangzhou"", ""D_shenzhen""]","{""D_guangzhou"": 217.515020003393, ""D_shenzhen"": 50.06007136871}",48634.50354,cn-prd-100c-02-V2-LOCATIONS,D_shenzhen,True,50.06007136871,46122.38058,prd
True,207.713518137463,154.71794570834803,C074,417.0,2,"[""D_guangzhou"", ""D_shenzhen""]","{""D_guangzhou"": 207.713518137463, ""D_shenzhen"": 52.99557242911499}",43134.44808,cn-prd-100c-02-V2-LOCATIONS,D_shenzhen,True,52.99557242911499,41242.4868,prd
True,216.999591537058,166.31180901958498,C075,278.0,2,"[""D_guangzhou"", ""D_shenzhen""]","{""D_guangzhou"": 216.999591537058, ""D_shenzhen"": 50.687782517472996}",52815.327059999996,cn-prd-100c-02-V2-LOCATIONS,D_shenzhen,True,50.687782517472996,50770.86426,prd
True,209.673306410831,157.411706011829,C076,347.0,2,"[""D_guangzhou"", ""D_shenzhen""]","{""D_guangzhou"": 209.673306410831, ""D_shenzhen"": 52.261600399002}",46068.772079999995,cn-prd-100c-02-V2-LOCATIONS,D_shenzhen,True,52.261600399002,43675.346280000005,prd
True,211.09578147237102,157.90696371664401,C077,278.0,2,"[""D_guangzhou"", ""D_shenzhen""]","{""D_guangzhou"": 211.09578147237102, ""D_shenzhen"": 53.188817755727}",55916.5362,cn-prd-100c-02-V2-LOCATIONS,D_shenzhen,True,53.188817755727,53885.66388,prd
True,216.821154039485,160.910260740548,C078,417.0,2,"[""D_guangzhou"", ""D_shenzhen""]","{""D_guangzhou"": 216.821154039485, ""D_shenzhen"": 55.910893298937}",59316.56736,cn-prd-100c-02-V2-LOCATIONS,D_shenzhen,True,55.910893298937,55890.80328,prd
True,203.981610940571,159.77380824604097,C079,139.0,2,"[""D_guangzhou"", ""D_shenzhen""]","{""D_guangzhou"": 203.981610940571, ""D_shenzhen"": 44.20780269453}",65065.27218000001,cn-prd-100c-02-V2-LOCATIONS,D_shenzhen,True,44.20780269453,62729.567820000004,prd
True,214.42116787981098,163.93400123038998,C080,417.0,2,"[""D_guangzhou"", ""D_shenzhen""]","{""D_guangzhou"": 214.42116787981098, ""D_shenzhen"": 50.487166649421}",53078.26266,cn-prd-100c-02-V2-LOCATIONS,D_shenzhen,True,50.487166649421,49540.407719999996,prd
True,206.86022536812,160.164013368826,C081,347.0,2,"[""D_guangzhou"", ""D_shenzhen""]","{""D_guangzhou"": 206.86022536812, ""D_shenzhen"": 46.696211999294}",46068.772079999995,cn-prd-100c-02-V2-LOCATIONS,D_shenzhen,True,46.696211999294,43675.346280000005,prd
True,217.17566142142402,166.06523204890402,C082,139.0,2,"[""D_guangzhou"", ""D_shenzhen""]","{""D_guangzhou"": 217.17566142142402, ""D_shenzhen"": 51.110429372519995}",49146.57924,cn-prd-100c-02-V2-LOCATIONS,D_shenzhen,True,51.110429372519995,46116.199680000005,prd
True,217.128405088344,162.684894098455,C083,347.0,2,"[""D_guangzhou"", ""D_shenzhen""]","{""D_guangzhou"": 217.128405088344, ""D_shenzhen"": 54.443510989889}",53840.52768,cn-prd-100c-02-V2-LOCATIONS,D_shenzhen,True,54.443510989889,51945.636300000006,prd
True,217.12840504460397,162.06422952620795,C084,139.0,2,"[""D_guangzhou"", ""D_shenzhen""]","{""D_guangzhou"": 217.12840504460397, ""D_shenzhen"": 55.064175518396}",47885.91906,cn-prd-100c-02-V2-LOCATIONS,D_shenzhen,True,55.064175518396,45861.82296,prd
True,213.297689861674,157.024695934258,C085,208.0,2,"[""D_guangzhou"", ""D_shenzhen""]","{""D_guangzhou"": 213.297689861674, ""D_shenzhen"": 56.272993927415996}",60967.2861,cn-prd-100c-02-V2-LOCATIONS,D_shenzhen,True,56.272993927415996,57453.133440000005,prd
True,207.676876994783,154.717945708348,C086,208.0,2,"[""D_guangzhou"", ""D_shenzhen""]","{""D_guangzhou"": 207.676876994783, ""D_shenzhen"": 52.958931286434996}",51342.675180000006,cn-prd-100c-02-V2-LOCATIONS,D_shenzhen,True,52.958931286434996,49435.34346,prd
True,208.77655669975897,157.76551910833896,C087,278.0,2,"[""D_guangzhou"", ""D_shenzhen""]","{""D_guangzhou"": 208.77655669975897, ""D_shenzhen"": 51.01103759142}",49531.717560000005,cn-prd-100c-02-V2-LOCATIONS,D_shenzhen,True,51.01103759142,47500.163100000005,prd
True,220.82038406107597,162.40960658394496,C088,139.0,2,"[""D_guangzhou"", ""D_shenzhen""]","{""D_guangzhou"": 220.82038406107597, ""D_shenzhen"": 58.410777477131}",48670.09716,cn-prd-100c-02-V2-LOCATIONS,D_shenzhen,True,58.410777477131,46293.921239999996,prd
True,216.553243789027,165.657502785892,C089,139.0,2,"[""D_guangzhou"", ""D_shenzhen""]","{""D_guangzhou"": 216.553243789027, ""D_shenzhen"": 50.895741003135}",63233.046420000006,cn-prd-100c-02-V2-LOCATIONS,D_shenzhen,True,50.895741003135,61410.16566,prd
True,207.046515436465,160.177573748502,C090,347.0,2,"[""D_guangzhou"", ""D_shenzhen""]","{""D_guangzhou"": 207.046515436465, ""D_shenzhen"": 46.868941687963}",51015.29016,cn-prd-100c-02-V2-LOCATIONS,D_shenzhen,True,46.868941687963,48481.56102,prd
True,203.44610877388502,159.818436169596,C091,278.0,2,"[""D_guangzhou"", ""D_shenzhen""]","{""D_guangzhou"": 203.44610877388502, ""D_shenzhen"": 43.627672604289}",59637.166979999995,cn-prd-100c-02-V2-LOCATIONS,D_shenzhen,True,43.627672604289,56700.687900000004,prd
True,212.086487509639,159.235819890768,C092,417.0,2,"[""D_guangzhou"", ""D_shenzhen""]","{""D_guangzhou"": 212.086487509639, ""D_shenzhen"": 52.850667618871}",51820.25124,cn-prd-100c-02-V2-LOCATIONS,D_shenzhen,True,52.850667618871,49293.2967,prd
True,204.637503312199,157.460233743756,C093,278.0,2,"[""D_guangzhou"", ""D_shenzhen""]","{""D_guangzhou"": 204.637503312199, ""D_shenzhen"": 47.177269568443}",58139.520359999995,cn-prd-100c-02-V2-LOCATIONS,D_shenzhen,True,47.177269568443,56121.575280000005,prd
True,210.42596498620497,156.93797739526298,C094,208.0,2,"[""D_guangzhou"", ""D_shenzhen""]","{""D_guangzhou"": 210.42596498620497, ""D_shenzhen"": 53.487987590942}",51126.720479999996,cn-prd-100c-02-V2-LOCATIONS,D_shenzhen,True,53.487987590942,47794.23846,prd
True,217.128405059714,162.684894098455,C095,417.0,2,"[""D_guangzhou"", ""D_shenzhen""]","{""D_guangzhou"": 217.128405059714, ""D_shenzhen"": 54.443510961259}",45849.05004,cn-prd-100c-02-V2-LOCATIONS,D_shenzhen,True,54.443510961259,42553.47516,prd
True,210.96611482934,166.061324506798,C096,417.0,2,"[""D_guangzhou"", ""D_shenzhen""]","{""D_guangzhou"": 210.96611482934, ""D_shenzhen"": 44.904790322542}",51775.9656,cn-prd-100c-02-V2-LOCATIONS,D_shenzhen,True,44.904790322542,49043.50032,prd
True,216.55403247264204,165.38212572507203,C097,278.0,2,"[""D_guangzhou"", ""D_shenzhen""]","{""D_guangzhou"": 216.55403247264204, ""D_shenzhen"": 51.17190674757}",48658.84866,cn-prd-100c-02-V2-LOCATIONS,D_shenzhen,True,51.17190674757,46029.016319999995,prd
True,214.99835385982698,157.88351449035397,C098,208.0,2,"[""D_guangzhou"", ""D_shenzhen""]","{""D_guangzhou"": 214.99835385982698, ""D_shenzhen"": 57.114839369473}",62987.83632,cn-prd-100c-02-V2-LOCATIONS,D_shenzhen,True,57.114839369473,59665.97814,prd
True,211.57427479670199,160.376832901761,C099,417.0,2,"[""D_guangzhou"", ""D_shenzhen""]","{""D_guangzhou"": 211.57427479670199, ""D_shenzhen"": 51.197441894941}",49743.35706,cn-prd-100c-02-V2-LOCATIONS,D_shenzhen,True,51.197441894941,47877.63582,prd
True,204.434175033365,154.12129985800698,C100,278.0,2,"[""D_guangzhou"", ""D_shenzhen""]","{""D_guangzhou"": 204.434175033365, ""D_shenzhen"": 50.312875175358}",56865.65754,cn-prd-100c-02-V2-LOCATIONS,D_shenzhen,True,50.312875175358,54163.43928,prd
True,234.174774945146,163.879191755445,C001,139.0,2,"[""D_guangzhou"", ""D_shenzhen""]","{""D_guangzhou"": 70.29558318970099, ""D_shenzhen"": 234.174774945146}",58992.77322,cn-prd-100c-03-V2-LOCATIONS,D_guangzhou,True,70.29558318970099,57082.72902,prd
True,230.36868592483998,163.605584589861,C002,139.0,2,"[""D_guangzhou"", ""D_shenzhen""]","{""D_guangzhou"": 66.763101334979, ""D_shenzhen"": 230.36868592483998}",47795.77104,cn-prd-100c-03-V2-LOCATIONS,D_guangzhou,True,66.763101334979,44247.27996,prd
True,220.558607869511,163.605584589861,C003,208.0,2,"[""D_guangzhou"", ""D_shenzhen""]","{""D_guangzhou"": 56.95302327965, ""D_shenzhen"": 220.558607869511}",51282.16758,cn-prd-100c-03-V2-LOCATIONS,D_guangzhou,True,56.95302327965,47965.21356,prd
True,226.52366670114398,161.680807145065,C004,139.0,2,"[""D_guangzhou"", ""D_shenzhen""]","{""D_guangzhou"": 64.84285955607899, ""D_shenzhen"": 226.52366670114398}",47464.627080000006,cn-prd-100c-03-V2-LOCATIONS,D_guangzhou,True,64.84285955607899,45387.388139999995,prd
True,230.850040953067,164.318325253666,C005,139.0,2,"[""D_guangzhou"", ""D_shenzhen""]","{""D_guangzhou"": 66.531715699401, ""D_shenzhen"": 230.850040953067}",53518.411739999996,cn-prd-100c-03-V2-LOCATIONS,D_guangzhou,True,66.531715699401,51607.61538,prd
True,227.229468875369,163.069165725946,C006,139.0,2,"[""D_guangzhou"", ""D_shenzhen""]","{""D_guangzhou"": 64.160303149423, ""D_shenzhen"": 227.229468875369}",56753.367060000004,cn-prd-100c-03-V2-LOCATIONS,D_guangzhou,True,64.160303149423,53652.3957,prd
True,223.546790529354,163.644798597793,C007,208.0,2,"[""D_guangzhou"", ""D_shenzhen""]","{""D_guangzhou"": 59.901991931561, ""D_shenzhen"": 223.546790529354}",43211.36262,cn-prd-100c-03-V2-LOCATIONS,D_guangzhou,True,59.901991931561,40183.02882,prd
True,220.413623593065,163.605584589861,C008,208.0,2,"[""D_guangzhou"", ""D_shenzhen""]","{""D_guangzhou"": 56.808039003204, ""D_shenzhen"": 220.413623593065}",58116.80706000001,cn-prd-100c-03-V2-LOCATIONS,D_guangzhou,True,56.808039003204,56260.39668,prd
True,225.313238633055,161.714041412107,C009,208.0,2,"[""D_guangzhou"", ""D_shenzhen""]","{""D_guangzhou"": 63.599197220948, ""D_shenzhen"": 225.313238633055}",51126.720479999996,cn-prd-100c-03-V2-LOCATIONS,D_guangzhou,True,63.599197220948,47794.23846,prd
True,228.102668384098,163.605584589861,C010,208.0,2,"[""D_guangzhou"", ""D_shenzhen""]","{""D_guangzhou"": 64.497083794237, ""D_shenzhen"": 228.102668384098}",47248.52562,cn-prd-100c-03-V2-LOCATIONS,D_guangzhou,True,64.497083794237,45056.92104,prd
True,223.103841115274,163.605584589861,C011,208.0,2,"[""D_guangzhou"", ""D_shenzhen""]","{""D_guangzhou"": 59.498256525413005, ""D_shenzhen"": 223.103841115274}",49316.22858,cn-prd-100c-03-V2-LOCATIONS,D_guangzhou,True,59.498256525413005,46930.99896,prd
True,233.920344109822,164.214634919958,C012,139.0,2,"[""D_guangzhou"", ""D_shenzhen""]","{""D_guangzhou"": 69.705709189864, ""D_shenzhen"": 233.920344109822}",57497.4264,cn-prd-100c-03-V2-LOCATIONS,D_guangzhou,True,69.705709189864,55293.21318,prd
True,231.252602910168,163.60558458986,C013,208.0,2,"[""D_guangzhou"", ""D_shenzhen""]","{""D_guangzhou"": 67.647018320308, ""D_shenzhen"": 231.252602910168}",47595.4626,cn-prd-100c-03-V2-LOCATIONS,D_guangzhou,True,67.647018320308,45279.0426,prd
True,229.28089786955098,163.605584589861,C014,278.0,2,"[""D_guangzhou"", ""D_shenzhen""]","{""D_guangzhou"": 65.67531327969, ""D_shenzhen"": 229.28089786955098}",47102.35824,cn-prd-100c-03-V2-LOCATIONS,D_guangzhou,True,65.67531327969,44960.78106,prd
True,224.28682607391,163.605584589861,C015,278.0,2,"[""D_guangzhou"", ""D_shenzhen""]","{""D_guangzhou"": 60.681241484048996, ""D_shenzhen"": 224.28682607391}",49173.8223,cn-prd-100c-03-V2-LOCATIONS,D_guangzhou,True,60.681241484048996,46937.60682,prd
True,228.736525579547,164.275552644517,C016,417.0,2,"[""D_guangzhou"", ""D_shenzhen""]","{""D_guangzhou"": 64.46097293503, ""D_shenzhen"": 228.736525579547}",51820.25124,cn-prd-100c-03-V2-LOCATIONS,D_guangzhou,True,64.46097293503,49293.2967,prd
True,234.57876377556502,165.60478928674502,C017,417.0,2,"[""D_guangzhou"", ""D_shenzhen""]","{""D_guangzhou"": 68.97397448882, ""D_shenzhen"": 234.57876377556502}",58735.36146,cn-prd-100c-03-V2-LOCATIONS,D_guangzhou,True,68.97397448882,56345.70096,prd
True,228.01352857812097,164.27555264451698,C018,347.0,2,"[""D_guangzhou"", ""D_shenzhen""]","{""D_guangzhou"": 63.737975933604, ""D_shenzhen"": 228.01352857812097}",62395.3539,cn-prd-100c-03-V2-LOCATIONS,D_guangzhou,True,63.737975933604,58876.59396,prd
True,235.292603370991,163.614178692876,C019,278.0,2,"[""D_guangzhou"", ""D_shenzhen""]","{""D_guangzhou"": 71.678424678115, ""D_shenzhen"": 235.292603370991}",51430.03938,cn-prd-100c-03-V2-LOCATIONS,D_guangzhou,True,71.678424678115,48057.82554,prd
True,231.11938749692,164.21463491995803,C020,139.0,2,"[""D_guangzhou"", ""D_shenzhen""]","{""D_guangzhou"": 66.904752576962, ""D_shenzhen"": 231.11938749692}",51324.67056,cn-prd-100c-03-V2-LOCATIONS,D_guangzhou,True,66.904752576962,48630.706079999996,prd
True,226.610039400419,163.605584589861,C021,139.0,2,"[""D_guangzhou"", ""D_shenzhen""]","{""D_guangzhou"": 63.004454810558, ""D_shenzhen"": 226.610039400419}",52240.90986,cn-prd-100c-03-V2-LOCATIONS,D_guangzhou,True,63.004454810558,49646.76725999999,prd
True,228.800316616547,162.63396034239298,C022,278.0,2,"[""D_guangzhou"", ""D_shenzhen""]","{""D_guangzhou"": 66.16635627415401, ""D_shenzhen"": 228.800316616547}",57869.2089,cn-prd-100c-03-V2-LOCATIONS,D_guangzhou,True,66.16635627415401,55187.58324,prd
True,229.15074246658,164.214634919957,C023,208.0,2,"[""D_guangzhou"", ""D_shenzhen""]","{""D_guangzhou"": 64.93610754662299, ""D_shenzhen"": 229.15074246658}",59111.07966,cn-prd-100c-03-V2-LOCATIONS,D_guangzhou,True,64.93610754662299,56652.48744,prd
True,231.55284552822502,164.214634919957,C024,347.0,2,"[""D_guangzhou"", ""D_shenzhen""]","{""D_guangzhou"": 67.338210608268, ""D_shenzhen"": 231.55284552822502}",44020.271100000005,cn-prd-100c-03-V2-LOCATIONS,D_guangzhou,True,67.338210608268,41689.207559999995,prd
True,233.005141164388,163.605584589861,C025,347.0,2,"[""D_guangzhou"", ""D_shenzhen""]","{""D_guangzhou"": 69.399556574527, ""D_shenzhen"": 233.005141164388}",62330.6319,cn-prd-100c-03-V2-LOCATIONS,D_guangzhou,True,69.399556574527,59257.247279999996,prd
True,239.519829251552,163.714238955505,C026,347.0,2,"[""D_guangzhou"", ""D_shenzhen""]","{""D_guangzhou"": 75.805590296047, ""D_shenzhen"": 239.519829251552}",57004.61814,cn-prd-100c-03-V2-LOCATIONS,D_guangzhou,True,75.805590296047,54293.45934,prd
True,234.75010487333802,163.836118306718,C027,278.0,2,"[""D_guangzhou"", ""D_shenzhen""]","{""D_guangzhou"": 70.91398656662001, ""D_shenzhen"": 234.75010487333802}",45257.53374,cn-prd-100c-03-V2-LOCATIONS,D_guangzhou,True,70.91398656662001,42288.14208,prd
True,227.25598595562002,163.60558458986102,C028,139.0,2,"[""D_guangzhou"", ""D_shenzhen""]","{""D_guangzhou"": 63.650401365758995, ""D_shenzhen"": 227.25598595562002}",49364.38932,cn-prd-100c-03-V2-LOCATIONS,D_guangzhou,True,63.650401365758995,47344.611300000004,prd
True,233.88626648676197,164.21463491995797,C029,139.0,2,"[""D_guangzhou"", ""D_shenzhen""]","{""D_guangzhou"": 69.67163156680401, ""D_shenzhen"": 233.88626648676197}",51737.0082,cn-prd-100c-03-V2-LOCATIONS,D_guangzhou,True,69.67163156680401,48696.19242,prd
True,221.739404955012,163.605584589861,C030,347.0,2,"[""D_guangzhou"", ""D_shenzhen""]","{""D_guangzhou"": 58.133820365150996, ""D_shenzhen"": 221.739404955012}",43835.53812,cn-prd-100c-03-V2-LOCATIONS,D_guangzhou,True,58.133820365150996,41972.581079999996,prd
True,220.318153552901,163.605584589861,C031,347.0,2,"[""D_guangzhou"", ""D_shenzhen""]","{""D_guangzhou"": 56.71256896304, ""D_shenzhen"": 220.318153552901}",51123.272639999996,cn-prd-100c-03-V2-LOCATIONS,D_guangzhou,True,56.71256896304,47806.749780000006,prd
True,236.256191921065,162.214086756744,C032,417.0,2,"[""D_guangzhou"", ""D_shenzhen""]","{""D_guangzhou"": 74.042105164321, ""D_shenzhen"": 236.256191921065}",52654.23636,cn-prd-100c-03-V2-LOCATIONS,D_guangzhou,True,74.042105164321,49519.45674,prd
True,228.62567488574498,163.605584589861,C033,278.0,2,"[""D_guangzhou"", ""D_shenzhen""]","{""D_guangzhou"": 65.020090295884, ""D_shenzhen"": 228.62567488574498}",56575.39308,cn-prd-100c-03-V2-LOCATIONS,D_guangzhou,True,65.020090295884,53846.19972,prd
True,221.655422340263,163.605584589861,C034,417.0,2,"[""D_guangzhou"", ""D_shenzhen""]","{""D_guangzhou"": 58.049837750402006, ""D_shenzhen"": 221.655422340263}",45860.03766,cn-prd-100c-03-V2-LOCATIONS,D_guangzhou,True,58.049837750402006,43420.86564,prd
True,227.13751112577097,163.60558458986097,C035,139.0,2,"[""D_guangzhou"", ""D_shenzhen""]","{""D_guangzhou"": 63.53192653591, ""D_shenzhen"": 227.13751112577097}",56753.367060000004,cn-prd-100c-03-V2-LOCATIONS,D_guangzhou,True,63.53192653591,53652.3957,prd
True,228.728772367699,164.275552644517,C036,208.0,2,"[""D_guangzhou"", ""D_shenzhen""]","{""D_guangzhou"": 64.453219723182, ""D_shenzhen"": 228.728772367699}",64488.7446,cn-prd-100c-03-V2-LOCATIONS,D_guangzhou,True,64.453219723182,61784.27532,prd
True,227.12238896431796,163.60558458986097,C037,139.0,2,"[""D_guangzhou"", ""D_shenzhen""]","{""D_guangzhou"": 63.516804374457, ""D_shenzhen"": 227.12238896431796}",44467.47306,cn-prd-100c-03-V2-LOCATIONS,D_guangzhou,True,63.516804374457,42232.6425,prd
True,233.593139965769,166.347452493,C038,347.0,2,"[""D_guangzhou"", ""D_shenzhen""]","{""D_guangzhou"": 67.245687472769, ""D_shenzhen"": 233.593139965769}",52407.1617,cn-prd-100c-03-V2-LOCATIONS,D_guangzhou,True,67.245687472769,49914.96564,prd
True,229.006056946826,163.605584589861,C039,347.0,2,"[""D_guangzhou"", ""D_shenzhen""]","{""D_guangzhou"": 65.400472356965, ""D_shenzhen"": 229.006056946826}",44020.271100000005,cn-prd-100c-03-V2-LOCATIONS,D_guangzhou,True,65.400472356965,41689.207559999995,prd
True,222.84199648005,163.701857512695,C040,417.0,2,"[""D_guangzhou"", ""D_shenzhen""]","{""D_guangzhou"": 59.140138967355, ""D_shenzhen"": 222.84199648005}",63117.07056,cn-prd-100c-03-V2-LOCATIONS,D_guangzhou,True,59.140138967355,60417.8166,prd
True,220.318152882565,163.605584589861,C041,208.0,2,"[""D_guangzhou"", ""D_shenzhen""]","{""D_guangzhou"": 56.712568292704006, ""D_shenzhen"": 220.318152882565}",48419.93298,cn-prd-100c-03-V2-LOCATIONS,D_guangzhou,True,56.712568292704006,45236.5281,prd
True,229.50403063134098,164.27555264451698,C042,139.0,2,"[""D_guangzhou"", ""D_shenzhen""]","{""D_guangzhou"": 65.228477986824, ""D_shenzhen"": 229.50403063134098}",49968.1173,cn-prd-100c-03-V2-LOCATIONS,D_guangzhou,True,65.228477986824,47923.05144,prd
True,228.204469104524,163.605584589861,C043,347.0,2,"[""D_guangzhou"", ""D_shenzhen""]","{""D_guangzhou"": 64.598884514663, ""D_shenzhen"": 228.204469104524}",51585.23622,cn-prd-100c-03-V2-LOCATIONS,D_guangzhou,True,64.598884514663,48528.16128,prd
True,227.11934095023798,163.605584589861,C044,139.0,2,"[""D_guangzhou"", ""D_shenzhen""]","{""D_guangzhou"": 63.513756360376995, ""D_shenzhen"": 227.11934095023798}",59221.295159999994,cn-prd-100c-03-V2-LOCATIONS,D_guangzhou,True,63.513756360376995,57414.6696,prd
True,241.051858259644,167.64031931529001,C045,208.0,2,"[""D_guangzhou"", ""D_shenzhen""]","{""D_guangzhou"": 73.41153894435399, ""D_shenzhen"": 241.051858259644}",47801.37756,cn-prd-100c-03-V2-LOCATIONS,D_guangzhou,True,73.41153894435399,44430.98046,prd
True,225.40711766113398,163.605584589861,C046,208.0,2,"[""D_guangzhou"", ""D_shenzhen""]","{""D_guangzhou"": 61.801533071273, ""D_shenzhen"": 225.40711766113398}",49052.37042,cn-prd-100c-03-V2-LOCATIONS,D_guangzhou,True,61.801533071273,46093.81362,prd
True,214.421167869961,163.93400123039,C047,347.0,2,"[""D_guangzhou"", ""D_shenzhen""]","{""D_guangzhou"": 214.421167869961, ""D_shenzhen"": 50.487166639571}",50355.97074,cn-prd-100c-03-V2-LOCATIONS,D_shenzhen,True,50.487166639571,48482.9421,prd
True,206.365561781022,159.311666669613,C048,139.0,2,"[""D_guangzhou"", ""D_shenzhen""]","{""D_guangzhou"": 206.365561781022, ""D_shenzhen"": 47.053895111409}",45820.23527999999,cn-prd-100c-03-V2-LOCATIONS,D_shenzhen,True,47.053895111409,43972.20048,prd
True,189.387224788508,137.994836971273,C049,278.0,2,"[""D_guangzhou"", ""D_shenzhen""]","{""D_guangzhou"": 189.387224788508, ""D_shenzhen"": 51.392387817235004}",60062.05452,cn-prd-100c-03-V2-LOCATIONS,D_shenzhen,True,51.392387817235004,56521.54842,prd
True,196.778137434936,144.552773968241,C050,347.0,2,"[""D_guangzhou"", ""D_shenzhen""]","{""D_guangzhou"": 196.778137434936, ""D_shenzhen"": 52.22536346669499}",50584.418099999995,cn-prd-100c-03-V2-LOCATIONS,D_shenzhen,True,52.22536346669499,48392.59626,prd
True,195.615685452952,144.62443930114398,C051,347.0,2,"[""D_guangzhou"", ""D_shenzhen""]","{""D_guangzhou"": 195.615685452952, ""D_shenzhen"": 50.991246151808}",55984.291619999996,cn-prd-100c-03-V2-LOCATIONS,D_shenzhen,True,50.991246151808,53201.67006,prd
True,218.097491477732,160.053481571356,C052,208.0,2,"[""D_guangzhou"", ""D_shenzhen""]","{""D_guangzhou"": 218.097491477732, ""D_shenzhen"": 58.044009906376}",57939.94848,cn-prd-100c-03-V2-LOCATIONS,D_shenzhen,True,58.044009906376,55782.43842,prd
True,204.387894098123,155.065913970047,C053,417.0,2,"[""D_guangzhou"", ""D_shenzhen""]","{""D_guangzhou"": 204.387894098123, ""D_shenzhen"": 49.321980128076}",50716.50708,cn-prd-100c-03-V2-LOCATIONS,D_shenzhen,True,49.321980128076,48204.13638,prd
True,191.460011976747,137.278150609964,C054,208.0,2,"[""D_guangzhou"", ""D_shenzhen""]","{""D_guangzhou"": 191.460011976747, ""D_shenzhen"": 54.181861366783004}",46685.0322,cn-prd-100c-03-V2-LOCATIONS,D_shenzhen,True,54.181861366783004,44854.661940000005,prd
True,197.68589120083402,149.92364601686603,C055,417.0,2,"[""D_guangzhou"", ""D_shenzhen""]","{""D_guangzhou"": 197.68589120083402, ""D_shenzhen"": 47.762245183968}",45578.13384,cn-prd-100c-03-V2-LOCATIONS,D_shenzhen,True,47.762245183968,43773.82782,prd
True,216.99959163393498,166.31180901958498,C056,417.0,2,"[""D_guangzhou"", ""D_shenzhen""]","{""D_guangzhou"": 216.99959163393498, ""D_shenzhen"": 50.68778261435}",52046.4936,cn-prd-100c-03-V2-LOCATIONS,D_shenzhen,True,50.68778261435,49826.315819999996,prd
True,213.13346614749898,161.41083328447598,C057,278.0,2,"[""D_guangzhou"", ""D_shenzhen""]","{""D_guangzhou"": 213.13346614749898, ""D_shenzhen"": 51.722632863023}",61196.31018,cn-prd-100c-03-V2-LOCATIONS,D_shenzhen,True,51.722632863023,58013.079,prd
True,210.988559432171,158.191731225276,C058,417.0,2,"[""D_guangzhou"", ""D_shenzhen""]","{""D_guangzhou"": 210.988559432171, ""D_shenzhen"": 52.796828206895}",48121.72884,cn-prd-100c-03-V2-LOCATIONS,D_shenzhen,True,52.796828206895,45474.32868,prd
True,217.128405041474,162.684894098455,C059,139.0,2,"[""D_guangzhou"", ""D_shenzhen""]","{""D_guangzhou"": 217.128405041474, ""D_shenzhen"": 54.443510943019}",51003.46223999999,cn-prd-100c-03-V2-LOCATIONS,D_shenzhen,True,54.443510943019,48282.92424,prd
True,206.656636510093,163.41399920793,C060,278.0,2,"[""D_guangzhou"", ""D_shenzhen""]","{""D_guangzhou"": 206.656636510093, ""D_shenzhen"": 43.242637302163}",47195.78567999999,cn-prd-100c-03-V2-LOCATIONS,D_shenzhen,True,43.242637302163,44218.237680000006,prd
True,208.252063318864,154.717945708348,C061,417.0,2,"[""D_guangzhou"", ""D_shenzhen""]","{""D_guangzhou"": 208.252063318864, ""D_shenzhen"": 53.534117610516}",45578.13384,cn-prd-100c-03-V2-LOCATIONS,D_shenzhen,True,53.534117610516,43773.82782,prd
True,217.128405039164,162.06422952620798,C062,347.0,2,"[""D_guangzhou"", ""D_shenzhen""]","{""D_guangzhou"": 217.128405039164, ""D_shenzhen"": 55.064175512956005}",48015.67914,cn-prd-100c-03-V2-LOCATIONS,D_shenzhen,True,55.064175512956005,46015.73772,prd
True,220.441031272989,162.959813104838,C063,417.0,2,"[""D_guangzhou"", ""D_shenzhen""]","{""D_guangzhou"": 220.441031272989, ""D_shenzhen"": 57.481218168150995}",48210.7869,cn-prd-100c-03-V2-LOCATIONS,D_shenzhen,True,57.481218168150995,45181.02162,prd
True,213.548553935181,163.902446776947,C064,278.0,2,"[""D_guangzhou"", ""D_shenzhen""]","{""D_guangzhou"": 213.548553935181, ""D_shenzhen"": 49.646107158234}",50427.64824,cn-prd-100c-03-V2-LOCATIONS,D_shenzhen,True,49.646107158234,46869.30468,prd
True,212.773014870809,161.05038198126599,C065,208.0,2,"[""D_guangzhou"", ""D_shenzhen""]","{""D_guangzhou"": 212.773014870809, ""D_shenzhen"": 51.72263288954301}",62839.72038,cn-prd-100c-03-V2-LOCATIONS,D_shenzhen,True,51.72263288954301,59769.21858,prd
True,212.08648775384597,159.23581989076797,C066,208.0,2,"[""D_guangzhou"", ""D_shenzhen""]","{""D_guangzhou"": 212.08648775384597, ""D_shenzhen"": 52.850667863078}",48177.23562,cn-prd-100c-03-V2-LOCATIONS,D_shenzhen,True,52.850667863078,45376.182420000005,prd
True,211.555278326914,158.299923638282,C067,347.0,2,"[""D_guangzhou"", ""D_shenzhen""]","{""D_guangzhou"": 211.555278326914, ""D_shenzhen"": 53.255354688631996}",52169.01102,cn-prd-100c-03-V2-LOCATIONS,D_shenzhen,True,53.255354688631996,49125.1086,prd
True,213.06709379427502,160.91498052513003,C068,278.0,2,"[""D_guangzhou"", ""D_shenzhen""]","{""D_guangzhou"": 213.06709379427502, ""D_shenzhen"": 52.152113269145005}",47702.21844,cn-prd-100c-03-V2-LOCATIONS,D_shenzhen,True,52.152113269145005,45798.3795,prd
True,216.228526721564,164.570128141204,C069,139.0,2,"[""D_guangzhou"", ""D_shenzhen""]","{""D_guangzhou"": 216.228526721564, ""D_shenzhen"": 51.65839858035999}",50165.09574,cn-prd-100c-03-V2-LOCATIONS,D_shenzhen,True,51.65839858035999,46848.4224,prd
True,217.53674709856801,160.053481571356,C070,347.0,2,"[""D_guangzhou"", ""D_shenzhen""]","{""D_guangzhou"": 217.53674709856801, ""D_shenzhen"": 57.483265527212005}",56856.15048,cn-prd-100c-03-V2-LOCATIONS,D_shenzhen,True,57.483265527212005,54672.984300000004,prd
True,197.68589118377398,152.314425917142,C071,347.0,2,"[""D_guangzhou"", ""D_shenzhen""]","{""D_guangzhou"": 197.68589118377398, ""D_shenzhen"": 45.371465266632}",52407.1617,cn-prd-100c-03-V2-LOCATIONS,D_shenzhen,True,45.371465266632,49914.96564,prd
True,216.783303126227,161.578731447723,C072,139.0,2,"[""D_guangzhou"", ""D_shenzhen""]","{""D_guangzhou"": 216.783303126227, ""D_shenzhen"": 55.204571678503996}",60708.77766,cn-prd-100c-03-V2-LOCATIONS,D_shenzhen,True,55.204571678503996,57117.98784,prd
True,212.056009151326,158.984904361553,C073,139.0,2,"[""D_guangzhou"", ""D_shenzhen""]","{""D_guangzhou"": 212.056009151326, ""D_shenzhen"": 53.071104789773}",48094.97058,cn-prd-100c-03-V2-LOCATIONS,D_shenzhen,True,53.071104789773,45502.525499999996,prd
True,211.879225395776,166.688962928559,C074,139.0,2,"[""D_guangzhou"", ""D_shenzhen""]","{""D_guangzhou"": 211.879225395776, ""D_shenzhen"": 45.190262467217}",54726.8388,cn-prd-100c-03-V2-LOCATIONS,D_shenzhen,True,45.190262467217,51717.92154,prd
True,207.756590170405,162.566327700178,C075,347.0,2,"[""D_guangzhou"", ""D_shenzhen""]","{""D_guangzhou"": 207.756590170405, ""D_shenzhen"": 45.190262470227}",44753.850000000006,cn-prd-100c-03-V2-LOCATIONS,D_shenzhen,True,45.190262470227,42244.53138,prd
True,215.730641725078,167.849206430302,C076,139.0,2,"[""D_guangzhou"", ""D_shenzhen""]","{""D_guangzhou"": 215.730641725078, ""D_shenzhen"": 47.881435294776004}",65395.79616,cn-prd-100c-03-V2-LOCATIONS,D_shenzhen,True,47.881435294776004,61881.94007999999,prd
True,212.351208530244,160.662737910622,C077,278.0,2,"[""D_guangzhou"", ""D_shenzhen""]","{""D_guangzhou"": 212.351208530244, ""D_shenzhen"": 51.688470619622}",61735.31238,cn-prd-100c-03-V2-LOCATIONS,D_shenzhen,True,51.688470619622,58159.64898,prd
True,212.2223982836,161.686297109524,C078,347.0,2,"[""D_guangzhou"", ""D_shenzhen""]","{""D_guangzhou"": 212.2223982836, ""D_shenzhen"": 50.536101174076}",44921.310900000004,cn-prd-100c-03-V2-LOCATIONS,D_shenzhen,True,50.536101174076,41699.25204,prd
True,203.83857927614002,152.52287350869702,C079,347.0,2,"[""D_guangzhou"", ""D_shenzhen""]","{""D_guangzhou"": 203.83857927614002, ""D_shenzhen"": 51.315705767443}",45943.23186,cn-prd-100c-03-V2-LOCATIONS,D_shenzhen,True,51.315705767443,43990.8435,prd
True,205.761271943531,153.794934153756,C080,139.0,2,"[""D_guangzhou"", ""D_shenzhen""]","{""D_guangzhou"": 205.761271943531, ""D_shenzhen"": 51.966337789775004}",54960.43194,cn-prd-100c-03-V2-LOCATIONS,D_shenzhen,True,51.966337789775004,53044.65456,prd
True,206.443229916311,157.82251588427098,C081,208.0,2,"[""D_guangzhou"", ""D_shenzhen""]","{""D_guangzhou"": 206.443229916311, ""D_shenzhen"": 48.620714032040006}",50099.57154,cn-prd-100c-03-V2-LOCATIONS,D_shenzhen,True,48.620714032040006,47274.2505,prd
True,216.494249714097,160.910260740548,C082,417.0,2,"[""D_guangzhou"", ""D_shenzhen""]","{""D_guangzhou"": 216.494249714097, ""D_shenzhen"": 55.583988973549}",53791.341,cn-prd-100c-03-V2-LOCATIONS,D_shenzhen,True,55.583988973549,50414.991180000005,prd
True,213.31329569695097,156.661501713058,C083,278.0,2,"[""D_guangzhou"", ""D_shenzhen""]","{""D_guangzhou"": 213.31329569695097, ""D_shenzhen"": 56.651793983893}",50771.616120000006,cn-prd-100c-03-V2-LOCATIONS,D_shenzhen,True,56.651793983893,48903.759119999995,prd
True,211.787241236234,158.936572635227,C084,278.0,2,"[""D_guangzhou"", ""D_shenzhen""]","{""D_guangzhou"": 211.787241236234, ""D_shenzhen"": 52.850668601006994}",51600.67596,cn-prd-100c-03-V2-LOCATIONS,D_shenzhen,True,52.850668601006994,48876.726480000005,prd
True,217.128405053704,162.684894098455,C085,139.0,2,"[""D_guangzhou"", ""D_shenzhen""]","{""D_guangzhou"": 217.128405053704, ""D_shenzhen"": 54.443510955249}",44566.95942,cn-prd-100c-03-V2-LOCATIONS,D_shenzhen,True,54.443510955249,41806.38606,prd
True,208.365596933223,155.17251068837402,C086,417.0,2,"[""D_guangzhou"", ""D_shenzhen""]","{""D_guangzhou"": 208.365596933223, ""D_shenzhen"": 53.193086244849}",48908.0655,cn-prd-100c-03-V2-LOCATIONS,D_shenzhen,True,53.193086244849,46782.07578,prd
True,216.458573276741,159.74341016177198,C087,278.0,2,"[""D_guangzhou"", ""D_shenzhen""]","{""D_guangzhou"": 216.458573276741, ""D_shenzhen"": 56.715163114969}",44618.0679,cn-prd-100c-03-V2-LOCATIONS,D_shenzhen,True,56.715163114969,42583.98942,prd
True,213.19788962072403,156.96998821241803,C088,278.0,2,"[""D_guangzhou"", ""D_shenzhen""]","{""D_guangzhou"": 213.19788962072403, ""D_shenzhen"": 56.227901408306}",64388.99982,cn-prd-100c-03-V2-LOCATIONS,D_shenzhen,True,56.227901408306,62230.888439999995,prd
True,213.261026042771,156.661501713058,C089,139.0,2,"[""D_guangzhou"", ""D_shenzhen""]","{""D_guangzhou"": 213.261026042771, ""D_shenzhen"": 56.599524329713}",52393.28202,cn-prd-100c-03-V2-LOCATIONS,D_shenzhen,True,56.599524329713,49786.0752,prd
True,189.60625202067598,136.224315203241,C090,208.0,2,"[""D_guangzhou"", ""D_shenzhen""]","{""D_guangzhou"": 189.60625202067598, ""D_shenzhen"": 53.381936817435}",57914.86518,cn-prd-100c-03-V2-LOCATIONS,D_shenzhen,True,53.381936817435,54537.418439999994,prd
True,217.128405050864,162.684894098455,C091,139.0,2,"[""D_guangzhou"", ""D_shenzhen""]","{""D_guangzhou"": 217.128405050864, ""D_shenzhen"": 54.443510952409}",61387.532100000004,cn-prd-100c-03-V2-LOCATIONS,D_shenzhen,True,54.443510952409,58368.95448,prd
True,199.19568618599598,151.334165133206,C092,347.0,2,"[""D_guangzhou"", ""D_shenzhen""]","{""D_guangzhou"": 199.19568618599598, ""D_shenzhen"": 47.861521052789996}",52149.7341,cn-prd-100c-03-V2-LOCATIONS,D_shenzhen,True,47.861521052789996,48757.15464,prd
True,213.067093794595,160.91498052513,C093,278.0,2,"[""D_guangzhou"", ""D_shenzhen""]","{""D_guangzhou"": 213.067093794595, ""D_shenzhen"": 52.152113269465}",62064.424439999995,cn-prd-100c-03-V2-LOCATIONS,D_shenzhen,True,52.152113269465,58997.45394,prd
True,208.65727587843702,159.63826793825203,C094,278.0,2,"[""D_guangzhou"", ""D_shenzhen""]","{""D_guangzhou"": 208.65727587843702, ""D_shenzhen"": 49.01900794018499}",50922.57318,cn-prd-100c-03-V2-LOCATIONS,D_shenzhen,True,49.01900794018499,48664.61844,prd
True,210.98855942101102,158.19173122527602,C095,139.0,2,"[""D_guangzhou"", ""D_shenzhen""]","{""D_guangzhou"": 210.98855942101102, ""D_shenzhen"": 52.796828195734996}",46717.36518,cn-prd-100c-03-V2-LOCATIONS,D_shenzhen,True,52.796828195734996,43563.911400000005,prd
True,216.02679747916298,160.35436488110398,C096,417.0,2,"[""D_guangzhou"", ""D_shenzhen""]","{""D_guangzhou"": 216.02679747916298, ""D_shenzhen"": 55.672432598059}",58924.23306,cn-prd-100c-03-V2-LOCATIONS,D_shenzhen,True,55.672432598059,56574.476520000004,prd
True,213.484154695088,163.885816692758,C097,347.0,2,"[""D_guangzhou"", ""D_shenzhen""]","{""D_guangzhou"": 213.484154695088, ""D_shenzhen"": 49.598338002329996}",55984.291619999996,cn-prd-100c-03-V2-LOCATIONS,D_shenzhen,True,49.598338002329996,53201.67006,prd
True,209.95648163953499,161.67999959982998,C098,208.0,2,"[""D_guangzhou"", ""D_shenzhen""]","{""D_guangzhou"": 209.95648163953499, ""D_shenzhen"": 48.27648203970501}",50962.41456,cn-prd-100c-03-V2-LOCATIONS,D_shenzhen,True,48.27648203970501,47803.5603,prd
True,213.478050027458,158.407005256918,C099,208.0,2,"[""D_guangzhou"", ""D_shenzhen""]","{""D_guangzhou"": 213.478050027458, ""D_shenzhen"": 55.07104477054}",46491.084,cn-prd-100c-03-V2-LOCATIONS,D_shenzhen,True,55.07104477054,44661.07866,prd
True,212.34197353000297,164.74794242582098,C100,417.0,2,"[""D_guangzhou"", ""D_shenzhen""]","{""D_guangzhou"": 212.34197353000297, ""D_shenzhen"": 47.594031104181994}",48424.06284,cn-prd-100c-03-V2-LOCATIONS,D_shenzhen,True,47.594031104181994,45703.562939999996,prd
True,69.459762684011,6.041836596182996,C001,417.0,4,"[""D_dongguan"", ""D_foshan"", ""D_guangzhou"", ""D_shenzhen""]","{""D_dongguan"": 63.417926087828, ""D_foshan"": 115.348254032203, ""D_guangzhou"": 69.459762684011, ""D_shenzhen"": 103.307381362425}",57170.399520000006,cn-prd-150c-01-V2-LOCATIONS,D_dongguan,True,63.417926087828,54225.9648,prd
True,67.591404529968,5.408616621759997,C002,417.0,4,"[""D_dongguan"", ""D_foshan"", ""D_guangzhou"", ""D_shenzhen""]","{""D_dongguan"": 62.182787908208006, ""D_foshan"": 129.252127274576, ""D_guangzhou"": 67.591404529968, ""D_shenzhen"": 104.672613358817}",51678.59466,cn-prd-150c-01-V2-LOCATIONS,D_dongguan,True,62.182787908208006,49262.4414,prd
True,62.837046931275,9.547901801798993,C003,208.0,4,"[""D_dongguan"", ""D_foshan"", ""D_guangzhou"", ""D_shenzhen""]","{""D_dongguan"": 53.289145129476005, ""D_foshan"": 122.751512465691, ""D_guangzhou"": 62.837046931275, ""D_shenzhen"": 116.82500220576999}",49743.64458,cn-prd-150c-01-V2-LOCATIONS,D_dongguan,True,53.289145129476005,47302.949519999995,prd
True,56.755992738859,-15.549739865822012,C004,139.0,4,"[""D_dongguan"", ""D_foshan"", ""D_guangzhou"", ""D_shenzhen""]","{""D_dongguan"": 72.30573260468101, ""D_foshan"": 118.485750513386, ""D_guangzhou"": 56.755992738859, ""D_shenzhen"": 113.985885430098}",47274.65952,cn-prd-150c-01-V2-LOCATIONS,D_dongguan,True,72.30573260468101,44792.13384,prd
True,59.043291398015995,1.9341169713329904,C005,278.0,4,"[""D_dongguan"", ""D_foshan"", ""D_guangzhou"", ""D_shenzhen""]","{""D_dongguan"": 57.109174426683005, ""D_foshan"": 122.936373345526, ""D_guangzhou"": 59.043291398015995, ""D_shenzhen"": 113.346696474154}",57679.93566,cn-prd-150c-01-V2-LOCATIONS,D_dongguan,True,57.109174426683005,54611.47992,prd
True,64.94771852765,14.397335339704995,C006,208.0,4,"[""D_dongguan"", ""D_foshan"", ""D_guangzhou"", ""D_shenzhen""]","{""D_dongguan"": 50.550383187945, ""D_foshan"": 133.515650673669, ""D_guangzhou"": 64.94771852765, ""D_shenzhen"": 115.876545533543}",46293.74316,cn-prd-150c-01-V2-LOCATIONS,D_dongguan,True,50.550383187945,43514.5188,prd
True,75.56277000157,16.074853213590004,C007,278.0,4,"[""D_dongguan"", ""D_foshan"", ""D_guangzhou"", ""D_shenzhen""]","{""D_dongguan"": 59.48791678798, ""D_foshan"": 125.391408169088, ""D_guangzhou"": 75.56277000157, ""D_shenzhen"": 97.350458490469}",62328.345420000005,cn-prd-150c-01-V2-LOCATIONS,D_dongguan,True,59.48791678798,60396.615300000005,prd
True,67.438148634524,5.019111698552997,C008,417.0,4,"[""D_dongguan"", ""D_foshan"", ""D_guangzhou"", ""D_shenzhen""]","{""D_dongguan"": 62.419036935971, ""D_foshan"": 129.488376302339, ""D_guangzhou"": 67.438148634524, ""D_shenzhen"": 104.90886238658}",46022.70828,cn-prd-150c-01-V2-LOCATIONS,D_dongguan,True,62.419036935971,43981.97466,prd
True,69.03591186991099,16.557475971971996,C009,347.0,4,"[""D_dongguan"", ""D_foshan"", ""D_guangzhou"", ""D_shenzhen""]","{""D_dongguan"": 52.47843589793899, ""D_foshan"": 132.07360412375502, ""D_guangzhou"": 69.03591186991099, ""D_shenzhen"": 112.007044022362}",63510.58284,cn-prd-150c-01-V2-LOCATIONS,D_dongguan,True,52.47843589793899,60888.66732,prd
True,72.107782917147,12.479453607922004,C010,139.0,4,"[""D_dongguan"", ""D_foshan"", ""D_guangzhou"", ""D_shenzhen""]","{""D_dongguan"": 59.628329309225, ""D_foshan"": 126.15672327456998, ""D_guangzhou"": 72.107782917147, ""D_shenzhen"": 101.925599651787}",48151.03602,cn-prd-150c-01-V2-LOCATIONS,D_dongguan,True,59.628329309225,45163.1256,prd
True,68.28436079762899,3.4739361276159855,C011,417.0,4,"[""D_dongguan"", ""D_foshan"", ""D_guangzhou"", ""D_shenzhen""]","{""D_dongguan"": 64.810424670013, ""D_foshan"": 112.32800185632499, ""D_guangzhou"": 68.28436079762899, ""D_shenzhen"": 102.672966372502}",60435.57582,cn-prd-150c-01-V2-LOCATIONS,D_dongguan,True,64.810424670013,57353.3121,prd
True,63.387336253455,11.102334253278997,C012,347.0,4,"[""D_dongguan"", ""D_foshan"", ""D_guangzhou"", ""D_shenzhen""]","{""D_dongguan"": 52.285002000176, ""D_foshan"": 123.301801787871, ""D_guangzhou"": 63.387336253455, ""D_shenzhen"": 114.64526268233301}",61114.98588,cn-prd-150c-01-V2-LOCATIONS,D_dongguan,True,52.285002000176,58611.6813,prd
True,67.823673455784,7.066023947011004,C013,347.0,4,"[""D_dongguan"", ""D_foshan"", ""D_guangzhou"", ""D_shenzhen""]","{""D_dongguan"": 60.757649508773, ""D_foshan"": 128.979454769347, ""D_guangzhou"": 67.823673455784, ""D_shenzhen"": 103.176337204813}",53086.95564,cn-prd-150c-01-V2-LOCATIONS,D_dongguan,True,60.757649508773,49504.72206,prd
True,61.380667019231,8.045086475737996,C014,347.0,4,"[""D_dongguan"", ""D_foshan"", ""D_guangzhou"", ""D_shenzhen""]","{""D_dongguan"": 53.335580543493, ""D_foshan"": 120.29770718558899, ""D_guangzhou"": 61.380667019231, ""D_shenzhen"": 112.49725855394401}",62627.74308000001,cn-prd-150c-01-V2-LOCATIONS,D_dongguan,True,53.335580543493,59297.71338,prd
True,68.47968569464699,3.6860188795399864,C015,139.0,4,"[""D_dongguan"", ""D_foshan"", ""D_guangzhou"", ""D_shenzhen""]","{""D_dongguan"": 64.793666815107, ""D_foshan"": 114.215010515937, ""D_guangzhou"": 68.47968569464699, ""D_shenzhen"": 102.656208517596}",52441.61274,cn-prd-150c-01-V2-LOCATIONS,D_dongguan,True,64.793666815107,50301.64062,prd
True,61.995389533975,9.547901801799,C016,139.0,4,"[""D_dongguan"", ""D_foshan"", ""D_guangzhou"", ""D_shenzhen""]","{""D_dongguan"": 52.447487732176, ""D_foshan"": 121.909855068391, ""D_guangzhou"": 61.995389533975, ""D_shenzhen"": 113.474163786177}",48744.22758,cn-prd-150c-01-V2-LOCATIONS,D_dongguan,True,52.447487732176,45739.01196,prd
True,61.679082609165,-5.321843520870992,C017,278.0,4,"[""D_dongguan"", ""D_foshan"", ""D_guangzhou"", ""D_shenzhen""]","{""D_dongguan"": 67.00092613003599, ""D_foshan"": 119.75377051540299, ""D_guangzhou"": 61.679082609165, ""D_shenzhen"": 112.396045098551}",48375.749339999995,cn-prd-150c-01-V2-LOCATIONS,D_dongguan,True,67.00092613003599,45399.43914,prd
True,61.632210968905,7.253993063136001,C018,417.0,4,"[""D_dongguan"", ""D_foshan"", ""D_guangzhou"", ""D_shenzhen""]","{""D_dongguan"": 54.378217905769, ""D_foshan"": 121.78531073050199, ""D_guangzhou"": 61.632210968905, ""D_shenzhen"": 115.25401532762}",43143.95826,cn-prd-150c-01-V2-LOCATIONS,D_dongguan,True,54.378217905769,41028.110459999996,prd
True,74.997369601973,17.509511867277006,C019,208.0,4,"[""D_dongguan"", ""D_foshan"", ""D_guangzhou"", ""D_shenzhen""]","{""D_dongguan"": 57.487857734696, ""D_foshan"": 124.79560004540099, ""D_guangzhou"": 74.997369601973, ""D_shenzhen"": 96.754650366782}",64002.357659999994,cn-prd-150c-01-V2-LOCATIONS,D_dongguan,True,57.487857734696,60471.29946,prd
True,69.053368429959,1.7378904626829836,C020,208.0,4,"[""D_dongguan"", ""D_foshan"", ""D_guangzhou"", ""D_shenzhen""]","{""D_dongguan"": 67.31547796727601, ""D_foshan"": 110.10970336964199, ""D_guangzhou"": 69.053368429959, ""D_shenzhen"": 103.776301989656}",51814.64238,cn-prd-150c-01-V2-LOCATIONS,D_dongguan,True,67.31547796727601,49368.2652,prd
True,100.148380969973,15.415753365431996,C021,139.0,4,"[""D_dongguan"", ""D_foshan"", ""D_guangzhou"", ""D_shenzhen""]","{""D_dongguan"": 210.5678264368, ""D_foshan"": 84.73262760454101, ""D_guangzhou"": 100.148380969973, ""D_shenzhen"": 249.847968393243}",48082.45308,cn-prd-150c-01-V2-LOCATIONS,D_foshan,True,84.73262760454101,46165.6443,prd
True,101.50969757054199,15.556155492503976,C022,208.0,4,"[""D_dongguan"", ""D_foshan"", ""D_guangzhou"", ""D_shenzhen""]","{""D_dongguan"": 211.92914303736902, ""D_foshan"": 85.95354207803801, ""D_guangzhou"": 101.50969757054199, ""D_shenzhen"": 251.06888286673902}",43610.96082,cn-prd-150c-01-V2-LOCATIONS,D_foshan,True,85.95354207803801,40895.08356,prd
True,98.28549354965901,11.413608518236003,C023,208.0,4,"[""D_dongguan"", ""D_foshan"", ""D_guangzhou"", ""D_shenzhen""]","{""D_dongguan"": 208.70493901648598, ""D_foshan"": 86.871885031423, ""D_guangzhou"": 98.28549354965901, ""D_shenzhen"": 251.98722582012397}",51033.847200000004,cn-prd-150c-01-V2-LOCATIONS,D_foshan,True,86.871885031423,47616.673859999995,prd
True,100.217482551411,13.477872709729994,C024,278.0,4,"[""D_dongguan"", ""D_foshan"", ""D_guangzhou"", ""D_shenzhen""]","{""D_dongguan"": 210.636928018238, ""D_foshan"": 86.739609841681, ""D_guangzhou"": 100.217482551411, ""D_shenzhen"": 251.854950630382}",63112.79736,cn-prd-150c-01-V2-LOCATIONS,D_foshan,True,86.739609841681,59862.4755,prd
True,101.858930073032,15.556155492504004,C025,347.0,4,"[""D_dongguan"", ""D_foshan"", ""D_guangzhou"", ""D_shenzhen""]","{""D_dongguan"": 212.27837553985998, ""D_foshan"": 86.302774580528, ""D_guangzhou"": 101.858930073032, ""D_shenzhen"": 251.41811536922899}",59102.8785,cn-prd-150c-01-V2-LOCATIONS,D_foshan,True,86.302774580528,56694.611339999996,prd
True,97.523009395296,11.413608518236003,C026,139.0,4,"[""D_dongguan"", ""D_foshan"", ""D_guangzhou"", ""D_shenzhen""]","{""D_dongguan"": 207.942454862124, ""D_foshan"": 86.10940087706, ""D_guangzhou"": 97.523009395296, ""D_shenzhen"": 251.22474166576097}",58415.92356,cn-prd-150c-01-V2-LOCATIONS,D_foshan,True,86.10940087706,55676.82888,prd
True,99.702620870079,14.750648107200007,C027,347.0,4,"[""D_dongguan"", ""D_foshan"", ""D_guangzhou"", ""D_shenzhen""]","{""D_dongguan"": 210.122066336906, ""D_foshan"": 84.951972762879, ""D_guangzhou"": 99.702620870079, ""D_shenzhen"": 250.06731355158}",45790.0164,cn-prd-150c-01-V2-LOCATIONS,D_foshan,True,84.951972762879,43311.15012,prd
True,100.787251198072,18.75859495415601,C028,347.0,4,"[""D_dongguan"", ""D_foshan"", ""D_guangzhou"", ""D_shenzhen""]","{""D_dongguan"": 211.206696664899, ""D_foshan"": 82.02865624391599, ""D_guangzhou"": 100.787251198072, ""D_shenzhen"": 247.143997032618}",54546.88416,cn-prd-150c-01-V2-LOCATIONS,D_foshan,True,82.02865624391599,50994.80556,prd
True,99.66166152706099,13.47787270972998,C029,208.0,4,"[""D_dongguan"", ""D_foshan"", ""D_guangzhou"", ""D_shenzhen""]","{""D_dongguan"": 210.081106993888, ""D_foshan"": 86.183788817331, ""D_guangzhou"": 99.66166152706099, ""D_shenzhen"": 251.29912960603198}",61656.344999999994,cn-prd-150c-01-V2-LOCATIONS,D_foshan,True,86.183788817331,59264.74938,prd
True,100.094066630401,14.271909842666005,C030,139.0,4,"[""D_dongguan"", ""D_foshan"", ""D_guangzhou"", ""D_shenzhen""]","{""D_dongguan"": 210.513512097228, ""D_foshan"": 85.822156787735, ""D_guangzhou"": 100.094066630401, ""D_shenzhen"": 250.937497576436}",46619.2056,cn-prd-150c-01-V2-LOCATIONS,D_foshan,True,85.822156787735,43335.869340000005,prd
True,116.19457354638699,31.601093307358994,C031,347.0,4,"[""D_dongguan"", ""D_foshan"", ""D_guangzhou"", ""D_shenzhen""]","{""D_dongguan"": 227.407060072767, ""D_foshan"": 84.593480239028, ""D_guangzhou"": 116.19457354638699, ""D_shenzhen"": 249.70882102772902}",47362.58514,cn-prd-150c-01-V2-LOCATIONS,D_foshan,True,84.593480239028,43898.616,prd
True,97.893062942835,11.413608518236003,C032,139.0,4,"[""D_dongguan"", ""D_foshan"", ""D_guangzhou"", ""D_shenzhen""]","{""D_dongguan"": 208.312508409662, ""D_foshan"": 86.479454424599, ""D_guangzhou"": 97.893062942835, ""D_shenzhen"": 251.5947952133}",58699.256700000005,cn-prd-150c-01-V2-LOCATIONS,D_foshan,True,86.479454424599,55206.38322,prd
True,99.15962502762899,12.24319098841299,C033,139.0,4,"[""D_dongguan"", ""D_foshan"", ""D_guangzhou"", ""D_shenzhen""]","{""D_dongguan"": 209.579070494456, ""D_foshan"": 86.916434039216, ""D_guangzhou"": 99.15962502762899, ""D_shenzhen"": 252.031774827917}",64127.52138,cn-prd-150c-01-V2-LOCATIONS,D_foshan,True,86.916434039216,62185.76166,prd
True,100.48600976131,13.404102123865997,C034,208.0,4,"[""D_dongguan"", ""D_foshan"", ""D_guangzhou"", ""D_shenzhen""]","{""D_dongguan"": 210.905455228137, ""D_foshan"": 87.081907637444, ""D_guangzhou"": 100.48600976131, ""D_shenzhen"": 252.197248426145}",49627.5354,cn-prd-150c-01-V2-LOCATIONS,D_foshan,True,87.081907637444,46550.80008,prd
True,100.48600951025699,14.123502784757989,C035,139.0,4,"[""D_dongguan"", ""D_foshan"", ""D_guangzhou"", ""D_shenzhen""]","{""D_dongguan"": 210.90545497708402, ""D_foshan"": 86.362506725499, ""D_guangzhou"": 100.48600951025699, ""D_shenzhen"": 251.4778475142}",46034.65176,cn-prd-150c-01-V2-LOCATIONS,D_foshan,True,86.362506725499,43744.812,prd
True,102.275656509278,13.577656686330997,C036,278.0,4,"[""D_dongguan"", ""D_foshan"", ""D_guangzhou"", ""D_shenzhen""]","{""D_dongguan"": 212.695101976105, ""D_foshan"": 88.697999822947, ""D_guangzhou"": 102.275656509278, ""D_shenzhen"": 253.813340611648}",50436.65868,cn-prd-150c-01-V2-LOCATIONS,D_foshan,True,88.697999822947,48455.70456,prd
True,99.27595872446001,15.463228384927021,C037,278.0,4,"[""D_dongguan"", ""D_foshan"", ""D_guangzhou"", ""D_shenzhen""]","{""D_dongguan"": 209.695404191287, ""D_foshan"": 83.81273033953299, ""D_guangzhou"": 99.27595872446001, ""D_shenzhen"": 248.928071128234}",47102.35824,cn-prd-150c-01-V2-LOCATIONS,D_foshan,True,83.81273033953299,44960.78106,prd
True,95.49151987743701,16.716643239899028,C038,278.0,4,"[""D_dongguan"", ""D_foshan"", ""D_guangzhou"", ""D_shenzhen""]","{""D_dongguan"": 205.91096534426498, ""D_foshan"": 78.77487663753799, ""D_guangzhou"": 95.49151987743701, ""D_shenzhen"": 245.217016536753}",56759.28126,cn-prd-150c-01-V2-LOCATIONS,D_foshan,True,78.77487663753799,53903.38212,prd
True,99.661661459221,13.47787270972998,C039,417.0,4,"[""D_dongguan"", ""D_foshan"", ""D_guangzhou"", ""D_shenzhen""]","{""D_dongguan"": 210.081106926048, ""D_foshan"": 86.18378874949101, ""D_guangzhou"": 99.661661459221, ""D_shenzhen"": 251.299129538192}",60860.13666,cn-prd-150c-01-V2-LOCATIONS,D_foshan,True,86.18378874949101,58145.33184,prd
True,100.224920997404,17.618698182208988,C040,278.0,4,"[""D_dongguan"", ""D_foshan"", ""D_guangzhou"", ""D_shenzhen""]","{""D_dongguan"": 210.64436646423098, ""D_foshan"": 82.60622281519501, ""D_guangzhou"": 100.224920997404, ""D_shenzhen"": 247.721563603897}",47160.58068,cn-prd-150c-01-V2-LOCATIONS,D_foshan,True,82.60622281519501,45294.69954,prd
True,98.621401564406,13.856776385930004,C041,278.0,4,"[""D_dongguan"", ""D_foshan"", ""D_guangzhou"", ""D_shenzhen""]","{""D_dongguan"": 209.04084703123303, ""D_foshan"": 84.764625178476, ""D_guangzhou"": 98.621401564406, ""D_shenzhen"": 249.87996596717701}",60016.16904,cn-prd-150c-01-V2-LOCATIONS,D_foshan,True,84.764625178476,57965.536739999996,prd
True,78.97456204776698,15.336643169058974,C042,347.0,4,"[""D_dongguan"", ""D_foshan"", ""D_guangzhou"", ""D_shenzhen""]","{""D_dongguan"": 174.05736434553597, ""D_foshan"": 78.97456204776698, ""D_guangzhou"": 63.63791887870801, ""D_shenzhen"": 225.351960290815}",44673.49956,cn-prd-150c-01-V2-LOCATIONS,D_guangzhou,True,63.63791887870801,41624.80356,prd
True,84.12719084503699,19.400869875547997,C043,278.0,4,"[""D_dongguan"", ""D_foshan"", ""D_guangzhou"", ""D_shenzhen""]","{""D_dongguan"": 174.364207289101, ""D_foshan"": 84.12719084503699, ""D_guangzhou"": 64.726320969489, ""D_shenzhen"": 228.94095588944603}",52082.89134,cn-prd-150c-01-V2-LOCATIONS,D_guangzhou,True,64.726320969489,50258.14512,prd
True,85.55784113912298,22.777263928360988,C044,208.0,4,"[""D_dongguan"", ""D_foshan"", ""D_guangzhou"", ""D_shenzhen""]","{""D_dongguan"": 173.198376934725, ""D_foshan"": 85.55784113912298, ""D_guangzhou"": 62.780577210762, ""D_shenzhen"": 227.05612985527898}",50461.1691,cn-prd-150c-01-V2-LOCATIONS,D_guangzhou,True,62.780577210762,48526.52334,prd
True,83.78846962983201,22.459022840874013,C045,208.0,4,"[""D_dongguan"", ""D_foshan"", ""D_guangzhou"", ""D_shenzhen""]","{""D_dongguan"": 170.96733310857002, ""D_foshan"": 83.78846962983201, ""D_guangzhou"": 61.329446788957995, ""D_shenzhen"": 224.796734114055}",56533.66554,cn-prd-150c-01-V2-LOCATIONS,D_guangzhou,True,61.329446788957995,54732.735,prd
True,78.614653205532,7.0788991258599765,C046,417.0,4,"[""D_dongguan"", ""D_foshan"", ""D_guangzhou"", ""D_shenzhen""]","{""D_dongguan"": 181.29217985199298, ""D_foshan"": 78.614653205532, ""D_guangzhou"": 71.53575407967202, ""D_shenzhen"": 235.149932772548}",43134.44808,cn-prd-150c-01-V2-LOCATIONS,D_guangzhou,True,71.53575407967202,41242.4868,prd
True,87.54989849481198,23.94117448315898,C047,278.0,4,"[""D_dongguan"", ""D_foshan"", ""D_guangzhou"", ""D_shenzhen""]","{""D_dongguan"": 172.87907959750999, ""D_foshan"": 87.54989849481198, ""D_guangzhou"": 63.608724011653, ""D_shenzhen"": 226.674582999771}",46675.76124,cn-prd-150c-01-V2-LOCATIONS,D_guangzhou,True,63.608724011653,43682.87184,prd
True,86.558137359972,24.98983713246499,C048,208.0,4,"[""D_dongguan"", ""D_foshan"", ""D_guangzhou"", ""D_shenzhen""]","{""D_dongguan"": 171.206186547119, ""D_foshan"": 86.558137359972, ""D_guangzhou"": 61.568300227507, ""D_shenzhen"": 225.173884817368}",47662.55868,cn-prd-150c-01-V2-LOCATIONS,D_guangzhou,True,61.568300227507,45014.30304,prd
True,84.65688954022501,29.41002058179501,C049,278.0,4,"[""D_dongguan"", ""D_foshan"", ""D_guangzhou"", ""D_shenzhen""]","{""D_dongguan"": 164.884755278042, ""D_foshan"": 84.65688954022501, ""D_guangzhou"": 55.24686895843, ""D_shenzhen"": 218.852453548291}",50436.65868,cn-prd-150c-01-V2-LOCATIONS,D_guangzhou,True,55.24686895843,48455.70456,prd
True,85.65112806263599,25.15060873896099,C050,139.0,4,"[""D_dongguan"", ""D_foshan"", ""D_guangzhou"", ""D_shenzhen""]","{""D_dongguan"": 170.138405643287, ""D_foshan"": 85.65112806263599, ""D_guangzhou"": 60.500519323675, ""D_shenzhen"": 224.106103913536}",60416.097720000005,cn-prd-150c-01-V2-LOCATIONS,D_guangzhou,True,60.500519323675,57157.561200000004,prd
True,87.16985678896701,27.460295578678007,C051,278.0,4,"[""D_dongguan"", ""D_foshan"", ""D_guangzhou"", ""D_shenzhen""]","{""D_dongguan"": 169.347447529901, ""D_foshan"": 87.16985678896701, ""D_guangzhou"": 59.709561210289, ""D_shenzhen"": 223.49631237364198}",51769.432380000006,cn-prd-150c-01-V2-LOCATIONS,D_guangzhou,True,59.709561210289,49364.89434,prd
True,86.73855556319799,30.061645449519993,C052,347.0,4,"[""D_dongguan"", ""D_foshan"", ""D_guangzhou"", ""D_shenzhen""]","{""D_dongguan"": 166.31479643329, ""D_foshan"": 86.73855556319799, ""D_guangzhou"": 56.676910113678, ""D_shenzhen"": 220.28249470353902}",52684.82226,cn-prd-150c-01-V2-LOCATIONS,D_guangzhou,True,56.676910113678,50172.51948,prd
True,84.644825812427,29.410020581794996,C053,278.0,4,"[""D_dongguan"", ""D_foshan"", ""D_guangzhou"", ""D_shenzhen""]","{""D_dongguan"": 164.87269155024399, ""D_foshan"": 84.644825812427, ""D_guangzhou"": 55.234805230632006, ""D_shenzhen"": 218.840389820493}",60847.06212,cn-prd-150c-01-V2-LOCATIONS,D_guangzhou,True,55.234805230632006,58191.112559999994,prd
True,83.25784150845499,23.351942488949987,C054,139.0,4,"[""D_dongguan"", ""D_foshan"", ""D_guangzhou"", ""D_shenzhen""]","{""D_dongguan"": 169.543785339117, ""D_foshan"": 83.25784150845499, ""D_guangzhou"": 59.905899019505, ""D_shenzhen"": 223.511483609366}",62871.689099999996,cn-prd-150c-01-V2-LOCATIONS,D_guangzhou,True,59.905899019505,59856.0222,prd
True,79.155286117684,15.418729836995993,C055,417.0,4,"[""D_dongguan"", ""D_foshan"", ""D_guangzhou"", ""D_shenzhen""]","{""D_dongguan"": 173.3744426003, ""D_foshan"": 79.155286117684, ""D_guangzhou"": 63.736556280688006, ""D_shenzhen"": 227.342140870549}",58842.782699999996,cn-prd-150c-01-V2-LOCATIONS,D_guangzhou,True,63.736556280688006,55534.82892,prd
True,81.583592356394,17.933190461905006,C056,347.0,4,"[""D_dongguan"", ""D_foshan"", ""D_guangzhou"", ""D_shenzhen""]","{""D_dongguan"": 173.2882882141, ""D_foshan"": 81.583592356394, ""D_guangzhou"": 63.650401894489, ""D_shenzhen"": 227.255986484349}",53100.0288,cn-prd-150c-01-V2-LOCATIONS,D_guangzhou,True,63.650401894489,49649.625179999995,prd
True,90.566749470907,33.1784204592,C057,139.0,4,"[""D_dongguan"", ""D_foshan"", ""D_guangzhou"", ""D_shenzhen""]","{""D_dongguan"": 167.026215331319, ""D_foshan"": 90.566749470907, ""D_guangzhou"": 57.388329011707, ""D_shenzhen"": 220.993913601568}",51187.741259999995,cn-prd-150c-01-V2-LOCATIONS,D_guangzhou,True,57.388329011707,49110.79944,prd
True,84.33118270723699,19.400869875547997,C058,417.0,4,"[""D_dongguan"", ""D_foshan"", ""D_guangzhou"", ""D_shenzhen""]","{""D_dongguan"": 174.568199151301, ""D_foshan"": 84.33118270723699, ""D_guangzhou"": 64.930312831689, ""D_shenzhen"": 229.144947751646}",50124.390660000005,cn-prd-150c-01-V2-LOCATIONS,D_guangzhou,True,64.930312831689,46562.21298,prd
True,83.91614812327,26.9309234241,C059,278.0,4,"[""D_dongguan"", ""D_foshan"", ""D_guangzhou"", ""D_shenzhen""]","{""D_dongguan"": 166.623111018782, ""D_foshan"": 83.91614812327, ""D_guangzhou"": 56.985224699170004, ""D_shenzhen"": 220.59080928903103}",64324.4958,cn-prd-150c-01-V2-LOCATIONS,D_guangzhou,True,56.985224699170004,61250.35998,prd
True,82.17778004396699,23.45648590162299,C060,208.0,4,"[""D_dongguan"", ""D_foshan"", ""D_guangzhou"", ""D_shenzhen""]","{""D_dongguan"": 168.35918046195602, ""D_foshan"": 82.17778004396699, ""D_guangzhou"": 58.721294142344, ""D_shenzhen"": 222.326878732205}",56468.373419999996,cn-prd-150c-01-V2-LOCATIONS,D_guangzhou,True,58.721294142344,53463.85458,prd
True,79.86167281675,14.736415181553,C061,278.0,4,"[""D_dongguan"", ""D_foshan"", ""D_guangzhou"", ""D_shenzhen""]","{""D_dongguan"": 174.763143954809, ""D_foshan"": 79.86167281675, ""D_guangzhou"": 65.125257635197, ""D_shenzhen"": 228.730842225058}",43167.4065,cn-prd-150c-01-V2-LOCATIONS,D_guangzhou,True,65.125257635197,40566.07092,prd
True,90.446079379263,33.444132161201,C062,139.0,4,"[""D_dongguan"", ""D_foshan"", ""D_guangzhou"", ""D_shenzhen""]","{""D_dongguan"": 166.63983353767398, ""D_foshan"": 90.446079379263, ""D_guangzhou"": 57.001947218062, ""D_shenzhen"": 220.60753180792298}",51094.43376,cn-prd-150c-01-V2-LOCATIONS,D_guangzhou,True,57.001947218062,47931.13866,prd
True,84.821812513299,27.519918839200997,C063,347.0,4,"[""D_dongguan"", ""D_foshan"", ""D_guangzhou"", ""D_shenzhen""]","{""D_dongguan"": 166.93977999371, ""D_foshan"": 84.821812513299, ""D_guangzhou"": 57.301893674098, ""D_shenzhen"": 220.907478263959}",61745.72904,cn-prd-150c-01-V2-LOCATIONS,D_guangzhou,True,57.301893674098,58256.721840000006,prd
True,77.500965794663,13.326781398473003,C064,278.0,4,"[""D_dongguan"", ""D_foshan"", ""D_guangzhou"", ""D_shenzhen""]","{""D_dongguan"": 173.812070715802, ""D_foshan"": 77.500965794663, ""D_guangzhou"": 64.17418439619, ""D_shenzhen"": 227.779768986051}",58374.39576,cn-prd-150c-01-V2-LOCATIONS,D_guangzhou,True,64.17418439619,55670.87844,prd
True,88.78967967166601,32.246606348887006,C065,208.0,4,"[""D_dongguan"", ""D_foshan"", ""D_guangzhou"", ""D_shenzhen""]","{""D_dongguan"": 166.180959642391, ""D_foshan"": 88.78967967166601, ""D_guangzhou"": 56.543073322779, ""D_shenzhen"": 220.14865791264}",56003.5053,cn-prd-150c-01-V2-LOCATIONS,D_guangzhou,True,56.543073322779,53096.85282,prd
True,86.558137091468,24.989837132465,C066,347.0,4,"[""D_dongguan"", ""D_foshan"", ""D_guangzhou"", ""D_shenzhen""]","{""D_dongguan"": 171.206186278615, ""D_foshan"": 86.558137091468, ""D_guangzhou"": 61.568299959003, ""D_shenzhen"": 225.17388454886398}",54546.88416,cn-prd-150c-01-V2-LOCATIONS,D_guangzhou,True,61.568299959003,50994.80556,prd
True,85.87941275743599,27.829575288045987,C067,278.0,4,"[""D_dongguan"", ""D_foshan"", ""D_guangzhou"", ""D_shenzhen""]","{""D_dongguan"": 167.68772378900198, ""D_foshan"": 85.87941275743599, ""D_guangzhou"": 58.04983746939, ""D_shenzhen"": 221.655422059251}",47259.54144,cn-prd-150c-01-V2-LOCATIONS,D_guangzhou,True,58.04983746939,44220.976740000006,prd
True,77.71978798801901,4.179940356784996,C068,278.0,4,"[""D_dongguan"", ""D_foshan"", ""D_guangzhou"", ""D_shenzhen""]","{""D_dongguan"": 183.59209199215599, ""D_foshan"": 77.71978798801901, ""D_guangzhou"": 73.53984763123401, ""D_shenzhen"": 237.25145133011299}",59313.56406,cn-prd-150c-01-V2-LOCATIONS,D_guangzhou,True,73.53984763123401,57091.82652,prd
True,78.155648672547,13.030391647296,C069,278.0,4,"[""D_dongguan"", ""D_foshan"", ""D_guangzhou"", ""D_shenzhen""]","{""D_dongguan"": 174.763143344863, ""D_foshan"": 78.155648672547, ""D_guangzhou"": 65.125257025251, ""D_shenzhen"": 228.730841615112}",60016.16904,cn-prd-150c-01-V2-LOCATIONS,D_guangzhou,True,65.125257025251,57965.536739999996,prd
True,86.562573994105,28.428753628954,C070,278.0,4,"[""D_dongguan"", ""D_foshan"", ""D_guangzhou"", ""D_shenzhen""]","{""D_dongguan"": 167.77170668476302, ""D_foshan"": 86.562573994105, ""D_guangzhou"": 58.133820365150996, ""D_shenzhen"": 221.739404955012}",54304.7997,cn-prd-150c-01-V2-LOCATIONS,D_guangzhou,True,58.133820365150996,50926.47594,prd
True,82.116057935477,23.559632938440004,C071,278.0,4,"[""D_dongguan"", ""D_foshan"", ""D_guangzhou"", ""D_shenzhen""]","{""D_dongguan"": 168.19431131664902, ""D_foshan"": 82.116057935477, ""D_guangzhou"": 58.556424997037, ""D_shenzhen"": 222.162009586898}",54474.38628,cn-prd-150c-01-V2-LOCATIONS,D_guangzhou,True,58.556424997037,52316.12058,prd
True,87.949059105286,23.106199549207005,C072,347.0,4,"[""D_dongguan"", ""D_foshan"", ""D_guangzhou"", ""D_shenzhen""]","{""D_dongguan"": 172.724856561056, ""D_foshan"": 87.949059105286, ""D_guangzhou"": 64.84285955607899, ""D_shenzhen"": 226.52366670114398}",45634.5687,cn-prd-150c-01-V2-LOCATIONS,D_guangzhou,True,64.84285955607899,42979.43796,prd
True,84.83707491115501,18.74828704981502,C073,139.0,4,"[""D_dongguan"", ""D_foshan"", ""D_guangzhou"", ""D_shenzhen""]","{""D_dongguan"": 175.72667418095202, ""D_foshan"": 84.83707491115501, ""D_guangzhou"": 66.08878786134, ""D_shenzhen"": 230.303422781298}",60214.30092,cn-prd-150c-01-V2-LOCATIONS,D_guangzhou,True,66.08878786134,57379.241160000005,prd
True,82.87799664961099,20.000519886895994,C074,278.0,4,"[""D_dongguan"", ""D_foshan"", ""D_guangzhou"", ""D_shenzhen""]","{""D_dongguan"": 172.515363082327, ""D_foshan"": 82.87799664961099, ""D_guangzhou"": 62.877476762715, ""D_shenzhen"": 226.48306135257602}",55728.3156,cn-prd-150c-01-V2-LOCATIONS,D_guangzhou,True,62.877476762715,53635.88754,prd
True,75.322175076289,1.283571778828005,C075,278.0,4,"[""D_dongguan"", ""D_foshan"", ""D_guangzhou"", ""D_shenzhen""]","{""D_dongguan"": 183.676489617073, ""D_foshan"": 75.322175076289, ""D_guangzhou"": 74.038603297461, ""D_shenzhen"": 240.192549722645}",46602.123479999995,cn-prd-150c-01-V2-LOCATIONS,D_guangzhou,True,74.038603297461,44590.70736,prd
True,82.21343589440501,24.272271112175012,C076,417.0,4,"[""D_dongguan"", ""D_foshan"", ""D_guangzhou"", ""D_shenzhen""]","{""D_dongguan"": 167.57905110184203, ""D_foshan"": 82.21343589440501, ""D_guangzhou"": 57.94116478223, ""D_shenzhen"": 221.546749372091}",51596.305440000004,cn-prd-150c-01-V2-LOCATIONS,D_guangzhou,True,57.94116478223,48306.39942,prd
True,86.673303701647,22.420988584225995,C077,139.0,4,"[""D_dongguan"", ""D_foshan"", ""D_guangzhou"", ""D_shenzhen""]","{""D_dongguan"": 173.522670703278, ""D_foshan"": 86.673303701647, ""D_guangzhou"": 64.252315117421, ""D_shenzhen"": 227.321480843366}",49088.75676,cn-prd-150c-01-V2-LOCATIONS,D_guangzhou,True,64.252315117421,46452.10596,prd
True,83.30473804676201,24.33074819186001,C078,417.0,4,"[""D_dongguan"", ""D_foshan"", ""D_guangzhou"", ""D_shenzhen""]","{""D_dongguan"": 168.611876174514, ""D_foshan"": 83.30473804676201, ""D_guangzhou"": 58.973989854902, ""D_shenzhen"": 222.579574444763}",44429.21142,cn-prd-150c-01-V2-LOCATIONS,D_guangzhou,True,58.973989854902,40891.05966,prd
True,75.09672166056501,-3.3850560139159995,C079,347.0,4,"[""D_dongguan"", ""D_foshan"", ""D_guangzhou"", ""D_shenzhen""]","{""D_dongguan"": 188.238203446801, ""D_foshan"": 75.09672166056501, ""D_guangzhou"": 78.48177767448101, ""D_shenzhen"": 239.96709630692098}",53840.52768,cn-prd-150c-01-V2-LOCATIONS,D_guangzhou,True,78.48177767448101,51945.636300000006,prd
True,82.448573229325,24.213221794805015,C080,208.0,4,"[""D_dongguan"", ""D_foshan"", ""D_guangzhou"", ""D_shenzhen""]","{""D_dongguan"": 167.87323775413202, ""D_foshan"": 82.448573229325, ""D_guangzhou"": 58.23535143451999, ""D_shenzhen"": 221.840936024381}",49470.73566,cn-prd-150c-01-V2-LOCATIONS,D_guangzhou,True,58.23535143451999,47592.4524,prd
True,83.91967147497,20.405914538511,C081,347.0,4,"[""D_dongguan"", ""D_foshan"", ""D_guangzhou"", ""D_shenzhen""]","{""D_dongguan"": 173.151643256071, ""D_foshan"": 83.91967147497, ""D_guangzhou"": 63.513756936459004, ""D_shenzhen"": 227.11934152632}",62310.01632,cn-prd-150c-01-V2-LOCATIONS,D_guangzhou,True,63.513756936459004,59766.90258,prd
True,78.44556320206,15.898394136646004,C082,139.0,4,"[""D_dongguan"", ""D_foshan"", ""D_guangzhou"", ""D_shenzhen""]","{""D_dongguan"": 172.185055385026, ""D_foshan"": 78.44556320206, ""D_guangzhou"": 62.547169065413996, ""D_shenzhen"": 226.15275365527498}",59189.26746,cn-prd-150c-01-V2-LOCATIONS,D_guangzhou,True,62.547169065413996,56475.18227999999,prd
True,83.19636742652199,26.417802431554982,C083,417.0,4,"[""D_dongguan"", ""D_foshan"", ""D_guangzhou"", ""D_shenzhen""]","{""D_dongguan"": 166.416451314579, ""D_foshan"": 83.19636742652199, ""D_guangzhou"": 56.778564994967006, ""D_shenzhen"": 220.384149584828}",45119.631420000005,cn-prd-150c-01-V2-LOCATIONS,D_guangzhou,True,56.778564994967006,41857.67538,prd
True,89.366751155398,34.597785890595006,C084,139.0,4,"[""D_dongguan"", ""D_foshan"", ""D_guangzhou"", ""D_shenzhen""]","{""D_dongguan"": 164.40685158441502, ""D_foshan"": 89.366751155398, ""D_guangzhou"": 54.768965264803, ""D_shenzhen"": 218.37454985466402}",55219.0581,cn-prd-150c-01-V2-LOCATIONS,D_guangzhou,True,54.768965264803,52146.388680000004,prd
True,80.28896848468301,19.686897970227015,C085,347.0,4,"[""D_dongguan"", ""D_foshan"", ""D_guangzhou"", ""D_shenzhen""]","{""D_dongguan"": 170.239956834068, ""D_foshan"": 80.28896848468301, ""D_guangzhou"": 60.602070514455995, ""D_shenzhen"": 224.207655104317}",54357.75684,cn-prd-150c-01-V2-LOCATIONS,D_guangzhou,True,60.602070514455995,51512.251019999996,prd
True,85.97147785058802,24.882406299288014,C086,139.0,4,"[""D_dongguan"", ""D_foshan"", ""D_guangzhou"", ""D_shenzhen""]","{""D_dongguan"": 170.72695787091197, ""D_foshan"": 85.97147785058802, ""D_guangzhou"": 61.0890715513, ""D_shenzhen"": 224.69465614116098}",51012.710340000005,cn-prd-150c-01-V2-LOCATIONS,D_guangzhou,True,61.0890715513,47731.00602,prd
True,83.969953838502,18.825482386752,C087,208.0,4,"[""D_dongguan"", ""D_foshan"", ""D_guangzhou"", ""D_shenzhen""]","{""D_dongguan"": 174.782357771362, ""D_foshan"": 83.969953838502, ""D_guangzhou"": 65.14447145175, ""D_shenzhen"": 229.35910637170699}",60436.41012,cn-prd-150c-01-V2-LOCATIONS,D_guangzhou,True,65.14447145175,57485.38482,prd
True,81.71929996279901,15.187584263398008,C088,208.0,4,"[""D_dongguan"", ""D_foshan"", ""D_guangzhou"", ""D_shenzhen""]","{""D_dongguan"": 176.992288032512, ""D_foshan"": 81.71929996279901, ""D_guangzhou"": 66.531715699401, ""D_shenzhen"": 230.850040953067}",49527.82158,cn-prd-150c-01-V2-LOCATIONS,D_guangzhou,True,66.531715699401,46242.70902,prd
True,83.464803250977,20.976128442087003,C089,347.0,4,"[""D_dongguan"", ""D_foshan"", ""D_guangzhou"", ""D_shenzhen""]","{""D_dongguan"": 172.126561128502, ""D_foshan"": 83.464803250977, ""D_guangzhou"": 62.488674808889996, ""D_shenzhen"": 226.09425939875098}",56471.41332,cn-prd-150c-01-V2-LOCATIONS,D_guangzhou,True,62.488674808889996,53712.55068,prd
True,85.823831687085,23.817911012326007,C090,139.0,4,"[""D_dongguan"", ""D_foshan"", ""D_guangzhou"", ""D_shenzhen""]","{""D_dongguan"": 171.643806994371, ""D_foshan"": 85.823831687085, ""D_guangzhou"": 62.005920674759, ""D_shenzhen"": 225.61150526462}",51795.88908,cn-prd-150c-01-V2-LOCATIONS,D_guangzhou,True,62.005920674759,49700.4387,prd
True,81.44707619245601,15.418612520170015,C091,278.0,4,"[""D_dongguan"", ""D_foshan"", ""D_guangzhou"", ""D_shenzhen""]","{""D_dongguan"": 178.51816324473202, ""D_foshan"": 81.44707619245601, ""D_guangzhou"": 66.028463672286, ""D_shenzhen"": 232.37591616528601}",60062.05452,cn-prd-150c-01-V2-LOCATIONS,D_guangzhou,True,66.028463672286,56521.54842,prd
True,165.13512558076798,114.37382093583696,C092,347.0,4,"[""D_dongguan"", ""D_foshan"", ""D_guangzhou"", ""D_shenzhen""]","{""D_dongguan"": 165.13512558076798, ""D_foshan"": 191.25018583948997, ""D_guangzhou"": 204.40970693166798, ""D_shenzhen"": 50.76130464493101}",63510.58284,cn-prd-150c-01-V2-LOCATIONS,D_shenzhen,True,50.76130464493101,60888.66732,prd
True,169.74064902764098,116.61048640907799,C093,417.0,4,"[""D_dongguan"", ""D_foshan"", ""D_guangzhou"", ""D_shenzhen""]","{""D_dongguan"": 169.74064902764098, ""D_foshan"": 194.68858723473298, ""D_guangzhou"": 207.848108326911, ""D_shenzhen"": 53.130162618563}",53791.341,cn-prd-150c-01-V2-LOCATIONS,D_shenzhen,True,53.130162618563,50414.991180000005,prd
True,157.691194997493,106.474159289206,C094,347.0,4,"[""D_dongguan"", ""D_foshan"", ""D_guangzhou"", ""D_shenzhen""]","{""D_dongguan"": 157.691194997493, ""D_foshan"": 204.101150404419, ""D_guangzhou"": 217.26067149659602, ""D_shenzhen"": 51.217035708287}",57963.91128,cn-prd-150c-01-V2-LOCATIONS,D_shenzhen,True,51.217035708287,55187.18304,prd
True,164.804488601072,106.474159289206,C095,208.0,4,"[""D_dongguan"", ""D_foshan"", ""D_guangzhou"", ""D_shenzhen""]","{""D_dongguan"": 164.804488601072, ""D_foshan"": 205.22428979104401, ""D_guangzhou"": 218.383810883222, ""D_shenzhen"": 58.330329311866}",49316.22858,cn-prd-150c-01-V2-LOCATIONS,D_shenzhen,True,58.330329311866,46930.99896,prd
True,162.42046145235798,106.47415928920597,C096,417.0,4,"[""D_dongguan"", ""D_foshan"", ""D_guangzhou"", ""D_shenzhen""]","{""D_dongguan"": 162.42046145235798, ""D_foshan"": 203.45116301485098, ""D_guangzhou"": 216.610684107029, ""D_shenzhen"": 55.946302163152005}",44643.4173,cn-prd-150c-01-V2-LOCATIONS,D_shenzhen,True,55.946302163152005,41567.29638,prd
True,169.214588104258,115.541806788732,C097,347.0,4,"[""D_dongguan"", ""D_foshan"", ""D_guangzhou"", ""D_shenzhen""]","{""D_dongguan"": 169.214588104258, ""D_foshan"": 195.231205931696, ""D_guangzhou"": 208.390727023874, ""D_shenzhen"": 53.672781315526}",61962.61145999999,cn-prd-150c-01-V2-LOCATIONS,D_shenzhen,True,53.672781315526,59263.12122,prd
True,159.324827890213,106.474159289206,C098,208.0,4,"[""D_dongguan"", ""D_foshan"", ""D_guangzhou"", ""D_shenzhen""]","{""D_dongguan"": 159.324827890213, ""D_foshan"": 198.627720144056, ""D_guangzhou"": 211.787241236234, ""D_shenzhen"": 52.850668601006994}",49460.73594,cn-prd-150c-01-V2-LOCATIONS,D_shenzhen,True,52.850668601006994,47060.8656,prd
True,156.09424685043,106.47415928920601,C099,208.0,4,"[""D_dongguan"", ""D_foshan"", ""D_guangzhou"", ""D_shenzhen""]","{""D_dongguan"": 156.09424685043, ""D_foshan"": 205.605586040886, ""D_guangzhou"": 218.76510713306402, ""D_shenzhen"": 49.620087561224}",51033.847200000004,cn-prd-150c-01-V2-LOCATIONS,D_shenzhen,True,49.620087561224,47616.673859999995,prd
True,165.302026797628,118.547783777347,C100,278.0,4,"[""D_dongguan"", ""D_foshan"", ""D_guangzhou"", ""D_shenzhen""]","{""D_dongguan"": 165.302026797628, ""D_foshan"": 191.41708705635003, ""D_guangzhou"": 204.57660814852798, ""D_shenzhen"": 46.75424302028101}",51759.69258,cn-prd-150c-01-V2-LOCATIONS,D_shenzhen,True,46.75424302028101,49176.9843,prd
True,168.852065966506,116.62670249981099,C101,278.0,4,"[""D_dongguan"", ""D_foshan"", ""D_guangzhou"", ""D_shenzhen""]","{""D_dongguan"": 168.852065966506, ""D_foshan"": 191.551755764751, ""D_guangzhou"": 196.778137434936, ""D_shenzhen"": 52.22536346669499}",49612.0206,cn-prd-150c-01-V2-LOCATIONS,D_shenzhen,True,52.22536346669499,46106.95704,prd
True,167.879329292876,109.508124936875,C102,139.0,4,"[""D_dongguan"", ""D_foshan"", ""D_guangzhou"", ""D_shenzhen""]","{""D_dongguan"": 167.879329292876, ""D_foshan"": 208.299130482848, ""D_guangzhou"": 221.45865157502598, ""D_shenzhen"": 58.371204356001}",58495.01244,cn-prd-150c-01-V2-LOCATIONS,D_shenzhen,True,58.371204356001,55624.00206,prd
True,163.36105149006903,116.41392440680603,C103,139.0,4,"[""D_dongguan"", ""D_foshan"", ""D_guangzhou"", ""D_shenzhen""]","{""D_dongguan"": 163.36105149006903, ""D_foshan"": 193.965179739587, ""D_guangzhou"": 207.12470083176498, ""D_shenzhen"": 46.947127083263}",50269.10832,cn-prd-150c-01-V2-LOCATIONS,D_shenzhen,True,46.947127083263,48131.73732,prd
True,156.989100929793,109.09683631686102,C104,208.0,4,"[""D_dongguan"", ""D_foshan"", ""D_guangzhou"", ""D_shenzhen""]","{""D_dongguan"": 156.989100929793, ""D_foshan"": 194.80466417520097, ""D_guangzhou"": 197.75473616710397, ""D_shenzhen"": 47.892264612932}",61473.80628,cn-prd-150c-01-V2-LOCATIONS,D_shenzhen,True,47.892264612932,57969.44562,prd
True,150.60266720782,106.474159289206,C105,278.0,4,"[""D_dongguan"", ""D_foshan"", ""D_guangzhou"", ""D_shenzhen""]","{""D_dongguan"": 150.60266720782, ""D_foshan"": 199.846235858397, ""D_guangzhou"": 202.7963078503, ""D_shenzhen"": 44.128507918614}",52531.598340000004,cn-prd-150c-01-V2-LOCATIONS,D_shenzhen,True,44.128507918614,49717.13838,prd
True,160.91767029566498,106.47415928920597,C106,208.0,4,"[""D_dongguan"", ""D_foshan"", ""D_guangzhou"", ""D_shenzhen""]","{""D_dongguan"": 160.91767029566498, ""D_foshan"": 203.968884012736, ""D_guangzhou"": 217.12840510491398, ""D_shenzhen"": 54.443511006459}",50179.98606,cn-prd-150c-01-V2-LOCATIONS,D_shenzhen,True,54.443511006459,46990.78704,prd
True,169.273021112696,116.343471465301,C107,208.0,4,"[""D_dongguan"", ""D_foshan"", ""D_guangzhou"", ""D_shenzhen""]","{""D_dongguan"": 169.273021112696, ""D_foshan"": 194.48797426356498, ""D_guangzhou"": 207.647495355743, ""D_shenzhen"": 52.92954964739501}",51282.16758,cn-prd-150c-01-V2-LOCATIONS,D_shenzhen,True,52.92954964739501,47965.21356,prd
True,163.212125365154,115.810674950606,C108,139.0,4,"[""D_dongguan"", ""D_foshan"", ""D_guangzhou"", ""D_shenzhen""]","{""D_dongguan"": 163.212125365154, ""D_foshan"": 191.071044198415, ""D_guangzhou"": 204.23056529059298, ""D_shenzhen"": 47.401450414548}",48137.357280000004,cn-prd-150c-01-V2-LOCATIONS,D_shenzhen,True,47.401450414548,45878.8131,prd
True,163.13404732916,116.473073823514,C109,278.0,4,"[""D_dongguan"", ""D_foshan"", ""D_guangzhou"", ""D_shenzhen""]","{""D_dongguan"": 163.13404732916, ""D_foshan"": 192.45714649222901, ""D_guangzhou"": 205.616667584407, ""D_shenzhen"": 46.660973505646005}",51430.03938,cn-prd-150c-01-V2-LOCATIONS,D_shenzhen,True,46.660973505646005,48057.82554,prd
True,153.47216701766598,107.58712729708098,C110,417.0,4,"[""D_dongguan"", ""D_foshan"", ""D_guangzhou"", ""D_shenzhen""]","{""D_dongguan"": 153.47216701766598, ""D_foshan"": 197.735913569475, ""D_guangzhou"": 200.685985561378, ""D_shenzhen"": 45.885039720585}",58148.772899999996,cn-prd-150c-01-V2-LOCATIONS,D_shenzhen,True,45.885039720585,56199.36654,prd
True,156.230557428595,106.474159289206,C111,278.0,4,"[""D_dongguan"", ""D_foshan"", ""D_guangzhou"", ""D_shenzhen""]","{""D_dongguan"": 156.230557428595, ""D_foshan"": 201.540091844604, ""D_guangzhou"": 214.69961293678202, ""D_shenzhen"": 49.756398139389}",65637.16331999999,cn-prd-150c-01-V2-LOCATIONS,D_shenzhen,True,49.756398139389,63064.53516,prd
True,165.200539121847,116.00604602606798,C112,208.0,4,"[""D_dongguan"", ""D_foshan"", ""D_guangzhou"", ""D_shenzhen""]","{""D_dongguan"": 165.200539121847, ""D_foshan"": 191.29719739940901, ""D_guangzhou"": 204.456718491587, ""D_shenzhen"": 49.19449309577901}",52005.24516,cn-prd-150c-01-V2-LOCATIONS,D_shenzhen,True,49.19449309577901,49508.64666,prd
True,158.19679217874898,106.47415928920597,C113,208.0,4,"[""D_dongguan"", ""D_foshan"", ""D_guangzhou"", ""D_shenzhen""]","{""D_dongguan"": 158.19679217874898, ""D_foshan"": 199.61349377863098, ""D_guangzhou"": 212.773014870809, ""D_shenzhen"": 51.72263288954301}",65423.42598,cn-prd-150c-01-V2-LOCATIONS,D_shenzhen,True,51.72263288954301,62682.77388,prd
True,161.35458784771797,114.30069273630897,C114,139.0,4,"[""D_dongguan"", ""D_foshan"", ""D_guangzhou"", ""D_shenzhen""]","{""D_dongguan"": 161.35458784771797, ""D_foshan"": 193.20604068884398, ""D_guangzhou"": 206.365561781022, ""D_shenzhen"": 47.053895111409}",48292.77936,cn-prd-150c-01-V2-LOCATIONS,D_shenzhen,True,47.053895111409,45521.59074,prd
True,160.917670250465,106.474159289206,C115,139.0,4,"[""D_dongguan"", ""D_foshan"", ""D_guangzhou"", ""D_shenzhen""]","{""D_dongguan"": 160.917670250465, ""D_foshan"": 203.96888396753602, ""D_guangzhou"": 217.128405059714, ""D_shenzhen"": 54.443510961259}",51012.710340000005,cn-prd-150c-01-V2-LOCATIONS,D_shenzhen,True,54.443510961259,47731.00602,prd
True,165.728398695868,106.474159289206,C116,139.0,4,"[""D_dongguan"", ""D_foshan"", ""D_guangzhou"", ""D_shenzhen""]","{""D_dongguan"": 165.728398695868, ""D_foshan"": 206.14819988584, ""D_guangzhou"": 219.307720978018, ""D_shenzhen"": 59.254239406662}",48143.900819999995,cn-prd-150c-01-V2-LOCATIONS,D_shenzhen,True,59.254239406662,45190.36938,prd
True,162.99948042947602,116.47307382351403,C117,278.0,4,"[""D_dongguan"", ""D_foshan"", ""D_guangzhou"", ""D_shenzhen""]","{""D_dongguan"": 162.99948042947602, ""D_foshan"": 192.295835477685, ""D_guangzhou"": 205.45535656986297, ""D_shenzhen"": 46.526406605962}",63918.98676,cn-prd-150c-01-V2-LOCATIONS,D_shenzhen,True,46.526406605962,60347.82414,prd
True,165.293767996316,113.67182153911601,C118,278.0,4,"[""D_dongguan"", ""D_foshan"", ""D_guangzhou"", ""D_shenzhen""]","{""D_dongguan"": 165.293767996316, ""D_foshan"": 196.36938908166601, ""D_guangzhou"": 209.52891017384403, ""D_shenzhen"": 51.621946457199996}",54516.68718,cn-prd-150c-01-V2-LOCATIONS,D_shenzhen,True,51.621946457199996,51200.79318,prd
True,160.65952297254,106.474159289206,C119,347.0,4,"[""D_dongguan"", ""D_foshan"", ""D_guangzhou"", ""D_shenzhen""]","{""D_dongguan"": 160.65952297254, ""D_foshan"": 203.710736689611, ""D_guangzhou"": 216.870257781789, ""D_shenzhen"": 54.185363683333996}",50699.05248,cn-prd-150c-01-V2-LOCATIONS,D_shenzhen,True,54.185363683333996,47774.39238,prd
True,162.71247173419198,106.47415928920597,C120,208.0,4,"[""D_dongguan"", ""D_foshan"", ""D_guangzhou"", ""D_shenzhen""]","{""D_dongguan"": 162.71247173419198, ""D_foshan"": 200.03836848083597, ""D_guangzhou"": 213.19788957301398, ""D_shenzhen"": 56.23831244498601}",52429.1127,cn-prd-150c-01-V2-LOCATIONS,D_shenzhen,True,56.23831244498601,49387.68966,prd
True,162.07506977352799,114.89780020571499,C121,278.0,4,"[""D_dongguan"", ""D_foshan"", ""D_guangzhou"", ""D_shenzhen""]","{""D_dongguan"": 162.07506977352799, ""D_foshan"": 191.477982219391, ""D_guangzhou"": 204.637503311569, ""D_shenzhen"": 47.177269567813}",51471.210360000005,cn-prd-150c-01-V2-LOCATIONS,D_shenzhen,True,47.177269567813,48869.25408,prd
True,167.682878161806,114.489791916957,C122,208.0,4,"[""D_dongguan"", ""D_foshan"", ""D_guangzhou"", ""D_shenzhen""]","{""D_dongguan"": 167.682878161806, ""D_foshan"": 195.20607584104502, ""D_guangzhou"": 208.365596933223, ""D_shenzhen"": 53.193086244849}",63680.00712,cn-prd-150c-01-V2-LOCATIONS,D_shenzhen,True,53.193086244849,60563.58042,prd
True,153.116759377382,106.47415928920601,C123,347.0,4,"[""D_dongguan"", ""D_foshan"", ""D_guangzhou"", ""D_shenzhen""]","{""D_dongguan"": 153.116759377382, ""D_foshan"": 197.897959577866, ""D_guangzhou"": 200.84803156976903, ""D_shenzhen"": 46.642600088175996}",53840.52768,cn-prd-150c-01-V2-LOCATIONS,D_shenzhen,True,46.642600088175996,51945.636300000006,prd
True,166.217259567042,106.474159289206,C124,417.0,4,"[""D_dongguan"", ""D_foshan"", ""D_guangzhou"", ""D_shenzhen""]","{""D_dongguan"": 166.217259567042, ""D_foshan"": 206.637060757014, ""D_guangzhou"": 219.796581849192, ""D_shenzhen"": 59.743100277836}",53508.86406,cn-prd-150c-01-V2-LOCATIONS,D_shenzhen,True,59.743100277836,50629.480559999996,prd
True,160.812224055302,108.69202436259002,C125,278.0,4,"[""D_dongguan"", ""D_foshan"", ""D_guangzhou"", ""D_shenzhen""]","{""D_dongguan"": 160.812224055302, ""D_foshan"": 197.879413924689, ""D_guangzhou"": 211.03893501686701, ""D_shenzhen"": 52.120199692712}",48637.101299999995,cn-prd-150c-01-V2-LOCATIONS,D_shenzhen,True,52.120199692712,45554.899020000004,prd
True,159.324826947457,106.47415928920601,C126,278.0,4,"[""D_dongguan"", ""D_foshan"", ""D_guangzhou"", ""D_shenzhen""]","{""D_dongguan"": 159.324826947457, ""D_foshan"": 198.6277192013, ""D_guangzhou"": 211.78724029347802, ""D_shenzhen"": 52.850667658251}",47102.35824,cn-prd-150c-01-V2-LOCATIONS,D_shenzhen,True,52.850667658251,44960.78106,prd
True,160.91767025824498,106.47415928920599,C127,139.0,4,"[""D_dongguan"", ""D_foshan"", ""D_guangzhou"", ""D_shenzhen""]","{""D_dongguan"": 160.91767025824498, ""D_foshan"": 203.968883975316, ""D_guangzhou"": 217.12840506749401, ""D_shenzhen"": 54.443510969039}",64903.54248,cn-prd-150c-01-V2-LOCATIONS,D_shenzhen,True,54.443510969039,62354.24075999999,prd
True,163.361051483939,116.46287231005601,C128,208.0,4,"[""D_dongguan"", ""D_foshan"", ""D_guangzhou"", ""D_shenzhen""]","{""D_dongguan"": 163.361051483939, ""D_foshan"": 193.91623183020698, ""D_guangzhou"": 207.075752922385, ""D_shenzhen"": 46.898179173883}",47281.192259999996,cn-prd-150c-01-V2-LOCATIONS,D_shenzhen,True,46.898179173883,44752.065,prd
True,166.344299786388,115.70312484849,C129,278.0,4,"[""D_dongguan"", ""D_foshan"", ""D_guangzhou"", ""D_shenzhen""]","{""D_dongguan"": 166.344299786388, ""D_foshan"": 190.492667695106, ""D_guangzhou"": 203.65218878728402, ""D_shenzhen"": 50.641174937898}",62680.27974,cn-prd-150c-01-V2-LOCATIONS,D_shenzhen,True,50.641174937898,60842.254199999996,prd
True,151.771962454427,106.47415928920601,C130,417.0,4,"[""D_dongguan"", ""D_foshan"", ""D_guangzhou"", ""D_shenzhen""]","{""D_dongguan"": 151.771962454427, ""D_foshan"": 204.806593996247, ""D_guangzhou"": 207.864130865399, ""D_shenzhen"": 45.297803165221}",43692.21456,cn-prd-150c-01-V2-LOCATIONS,D_shenzhen,True,45.297803165221,41448.98988,prd
True,155.553217853335,106.47415928920603,C131,208.0,4,"[""D_dongguan"", ""D_foshan"", ""D_guangzhou"", ""D_shenzhen""]","{""D_dongguan"": 155.553217853335, ""D_foshan"": 196.836183974799, ""D_guangzhou"": 199.30326019837497, ""D_shenzhen"": 49.07905856412899}",46491.084,cn-prd-150c-01-V2-LOCATIONS,D_shenzhen,True,49.07905856412899,44661.07866,prd
True,162.075069774158,114.89780020571501,C132,208.0,4,"[""D_dongguan"", ""D_foshan"", ""D_guangzhou"", ""D_shenzhen""]","{""D_dongguan"": 162.075069774158, ""D_foshan"": 191.477982220021, ""D_guangzhou"": 204.637503312199, ""D_shenzhen"": 47.177269568443}",48438.734639999995,cn-prd-150c-01-V2-LOCATIONS,D_shenzhen,True,47.177269568443,45861.0741,prd
True,168.42519288988998,116.98051632274199,C133,278.0,4,"[""D_dongguan"", ""D_foshan"", ""D_guangzhou"", ""D_shenzhen""]","{""D_dongguan"": 168.42519288988998, ""D_foshan"": 191.648749412128, ""D_guangzhou"": 196.62254650016502, ""D_shenzhen"": 51.444676567147994}",58268.3133,cn-prd-150c-01-V2-LOCATIONS,D_shenzhen,True,51.444676567147994,56459.520540000005,prd
True,159.119502534215,106.474159289206,C134,139.0,4,"[""D_dongguan"", ""D_foshan"", ""D_guangzhou"", ""D_shenzhen""]","{""D_dongguan"": 159.119502534215, ""D_foshan"": 205.287462549656, ""D_guangzhou"": 218.446983641834, ""D_shenzhen"": 52.645343245009}",52828.73646,cn-prd-150c-01-V2-LOCATIONS,D_shenzhen,True,52.645343245009,50140.920360000004,prd
True,163.870098853874,110.681281098147,C135,417.0,4,"[""D_dongguan"", ""D_foshan"", ""D_guangzhou"", ""D_shenzhen""]","{""D_dongguan"": 163.870098853874, ""D_foshan"": 197.936260380193, ""D_guangzhou"": 211.09578147237102, ""D_shenzhen"": 53.188817755727}",58924.23306,cn-prd-150c-01-V2-LOCATIONS,D_shenzhen,True,53.188817755727,56574.476520000004,prd
True,162.902059073462,106.474159289206,C136,417.0,4,"[""D_dongguan"", ""D_foshan"", ""D_guangzhou"", ""D_shenzhen""]","{""D_dongguan"": 162.902059073462, ""D_foshan"": 200.293074626336, ""D_guangzhou"": 213.452595718514, ""D_shenzhen"": 56.427899784256}",48106.26168,cn-prd-150c-01-V2-LOCATIONS,D_shenzhen,True,56.427899784256,45891.49596,prd
True,165.941051334242,114.54866351700699,C137,417.0,4,"[""D_dongguan"", ""D_foshan"", ""D_guangzhou"", ""D_shenzhen""]","{""D_dongguan"": 165.941051334242, ""D_foshan"": 186.43715279660503, ""D_guangzhou"": 189.387224788508, ""D_shenzhen"": 51.392387817235004}",46664.056560000005,cn-prd-150c-01-V2-LOCATIONS,D_shenzhen,True,51.392387817235004,43528.65504,prd
True,169.72917046729302,117.76283267751802,C138,347.0,4,"[""D_dongguan"", ""D_foshan"", ""D_guangzhou"", ""D_shenzhen""]","{""D_dongguan"": 169.72917046729302, ""D_foshan"": 192.601750851353, ""D_guangzhou"": 205.761271943531, ""D_shenzhen"": 51.966337789775004}",46437.08208,cn-prd-150c-01-V2-LOCATIONS,D_shenzhen,True,51.966337789775004,43235.994060000005,prd
True,165.997417945739,117.28039063716298,C139,208.0,4,"[""D_dongguan"", ""D_foshan"", ""D_guangzhou"", ""D_shenzhen""]","{""D_dongguan"": 165.997417945739, ""D_foshan"": 192.305173139385, ""D_guangzhou"": 205.46469423156302, ""D_shenzhen"": 48.717027308576}",48870.74634,cn-prd-150c-01-V2-LOCATIONS,D_shenzhen,True,48.717027308576,47028.25998,prd
True,159.72951358486299,106.47415928920599,C140,278.0,4,"[""D_dongguan"", ""D_foshan"", ""D_guangzhou"", ""D_shenzhen""]","{""D_dongguan"": 159.72951358486299, ""D_foshan"": 198.395756841761, ""D_guangzhou"": 211.555277933939, ""D_shenzhen"": 53.255354295657}",43167.4065,cn-prd-150c-01-V2-LOCATIONS,D_shenzhen,True,53.255354295657,40566.07092,prd
True,158.162629908828,106.474159289206,C141,139.0,4,"[""D_dongguan"", ""D_foshan"", ""D_guangzhou"", ""D_shenzhen""]","{""D_dongguan"": 158.162629908828, ""D_foshan"": 199.191687438066, ""D_guangzhou"": 212.351208530244, ""D_shenzhen"": 51.688470619622}",58751.17565999999,cn-prd-150c-01-V2-LOCATIONS,D_shenzhen,True,51.688470619622,56414.9166,prd
True,155.422579149091,106.474159289206,C142,208.0,4,"[""D_dongguan"", ""D_foshan"", ""D_guangzhou"", ""D_shenzhen""]","{""D_dongguan"": 155.422579149091, ""D_foshan"": 200.328596101925, ""D_guangzhou"": 213.488117194103, ""D_shenzhen"": 48.948419859885}",48338.36658,cn-prd-150c-01-V2-LOCATIONS,D_shenzhen,True,48.948419859885,45214.63014,prd
True,160.917670589705,106.47415928920601,C143,347.0,4,"[""D_dongguan"", ""D_foshan"", ""D_guangzhou"", ""D_shenzhen""]","{""D_dongguan"": 160.917670589705, ""D_foshan"": 203.96888430677598, ""D_guangzhou"": 217.12840539895302, ""D_shenzhen"": 54.443511300499}",56520.06,cn-prd-150c-01-V2-LOCATIONS,D_shenzhen,True,54.443511300499,54715.18902,prd
True,156.920256774808,111.548790679832,C144,417.0,4,"[""D_dongguan"", ""D_foshan"", ""D_guangzhou"", ""D_shenzhen""]","{""D_dongguan"": 156.920256774808, ""D_foshan"": 194.73582002021502, ""D_guangzhou"": 197.68589201211802, ""D_shenzhen"": 45.371466094976}",58393.4217,cn-prd-150c-01-V2-LOCATIONS,D_shenzhen,True,45.371466094976,56533.06284,prd
True,169.533694192394,116.34393057185099,C145,417.0,4,"[""D_dongguan"", ""D_foshan"", ""D_guangzhou"", ""D_shenzhen""]","{""D_dongguan"": 169.533694192394, ""D_foshan"": 194.748188236713, ""D_guangzhou"": 207.907709328891, ""D_shenzhen"": 53.189763620543005}",53992.3707,cn-prd-150c-01-V2-LOCATIONS,D_shenzhen,True,53.189763620543005,52107.343740000004,prd
True,162.00848477591597,106.47415928920597,C146,208.0,4,"[""D_dongguan"", ""D_foshan"", ""D_guangzhou"", ""D_shenzhen""]","{""D_dongguan"": 162.00848477591597, ""D_foshan"": 199.351381773945, ""D_guangzhou"": 212.510902866122, ""D_shenzhen"": 55.53432548671}",43867.54068,cn-prd-150c-01-V2-LOCATIONS,D_shenzhen,True,55.53432548671,41407.9614,prd
True,160.24076775349002,106.47415928920603,C147,208.0,4,"[""D_dongguan"", ""D_foshan"", ""D_guangzhou"", ""D_shenzhen""]","{""D_dongguan"": 160.24076775349002, ""D_foshan"": 204.282005688374, ""D_guangzhou"": 217.441526780552, ""D_shenzhen"": 53.766608464284}",45294.77514,cn-prd-150c-01-V2-LOCATIONS,D_shenzhen,True,53.766608464284,42374.80158,prd
True,161.538334846382,106.47415928920601,C148,208.0,4,"[""D_dongguan"", ""D_foshan"", ""D_guangzhou"", ""D_shenzhen""]","{""D_dongguan"": 161.538334846382, ""D_foshan"": 203.968883991206, ""D_guangzhou"": 217.12840508338402, ""D_shenzhen"": 55.064175557176}",66434.37180000001,cn-prd-150c-01-V2-LOCATIONS,D_shenzhen,True,55.064175557176,63166.11642,prd
True,149.716796591369,106.474159289206,C149,417.0,4,"[""D_dongguan"", ""D_foshan"", ""D_guangzhou"", ""D_shenzhen""]","{""D_dongguan"": 149.716796591369, ""D_foshan"": 203.70656451819, ""D_guangzhou"": 206.656636510093, ""D_shenzhen"": 43.242637302163}",61446.31194000001,cn-prd-150c-01-V2-LOCATIONS,D_shenzhen,True,43.242637302163,59609.1624,prd
True,155.62865886163502,106.47415928920603,C150,278.0,4,"[""D_dongguan"", ""D_foshan"", ""D_guangzhou"", ""D_shenzhen""]","{""D_dongguan"": 155.62865886163502, ""D_foshan"": 200.590567245368, ""D_guangzhou"": 213.750088337546, ""D_shenzhen"": 49.154499572428996}",42614.335080000004,cn-prd-150c-01-V2-LOCATIONS,D_shenzhen,True,49.154499572428996,40067.05314,prd
True,69.993242501076,7.294938101900996,C001,208.0,4,"[""D_dongguan"", ""D_foshan"", ""D_guangzhou"", ""D_shenzhen""]","{""D_dongguan"": 62.698304399175, ""D_foshan"": 124.97942412904001, ""D_guangzhou"": 69.993242501076, ""D_shenzhen"": 102.543670212759}",55395.9528,cn-prd-150c-02-V2-LOCATIONS,D_dongguan,True,62.698304399175,52710.20676,prd
True,69.826954346982,4.276028366962009,C002,347.0,4,"[""D_dongguan"", ""D_foshan"", ""D_guangzhou"", ""D_shenzhen""]","{""D_dongguan"": 65.55092598002, ""D_foshan"": 113.005395885331, ""D_guangzhou"": 69.826954346982, ""D_shenzhen"": 103.413467682509}",50877.16842,cn-prd-150c-02-V2-LOCATIONS,D_dongguan,True,65.55092598002,48918.71052,prd
True,67.577772426126,4.717355231365005,C003,278.0,4,"[""D_dongguan"", ""D_foshan"", ""D_guangzhou"", ""D_shenzhen""]","{""D_dongguan"": 62.860417194761, ""D_foshan"": 124.47918456677999, ""D_guangzhou"": 67.577772426126, ""D_shenzhen"": 100.72295889725001}",61832.08782,cn-prd-150c-02-V2-LOCATIONS,D_dongguan,True,62.860417194761,58801.2213,prd
True,67.078538555049,11.475191260588993,C004,417.0,4,"[""D_dongguan"", ""D_foshan"", ""D_guangzhou"", ""D_shenzhen""]","{""D_dongguan"": 55.60334729446, ""D_foshan"": 129.65798931526, ""D_guangzhou"": 67.078538555049, ""D_shenzhen"": 103.854871750726}",48146.6451,cn-prd-150c-02-V2-LOCATIONS,D_dongguan,True,55.60334729446,46186.1547,prd
True,68.74396459663801,4.387376344095003,C005,139.0,4,"[""D_dongguan"", ""D_foshan"", ""D_guangzhou"", ""D_shenzhen""]","{""D_dongguan"": 64.356588252543, ""D_foshan"": 114.41490641551, ""D_guangzhou"": 68.74396459663801, ""D_shenzhen"": 99.359481694059}",60190.51362,cn-prd-150c-02-V2-LOCATIONS,D_dongguan,True,64.356588252543,56860.73346,prd
True,69.30666333289601,5.936087638893014,C006,139.0,4,"[""D_dongguan"", ""D_foshan"", ""D_guangzhou"", ""D_shenzhen""]","{""D_dongguan"": 63.370575694002994, ""D_foshan"": 125.645370700676, ""D_guangzhou"": 69.30666333289601, ""D_shenzhen"": 101.233117396492}",58751.17565999999,cn-prd-150c-02-V2-LOCATIONS,D_dongguan,True,63.370575694002994,56414.9166,prd
True,67.89446000571401,2.146883595360009,C007,139.0,4,"[""D_dongguan"", ""D_foshan"", ""D_guangzhou"", ""D_shenzhen""]","{""D_dongguan"": 65.747576410354, ""D_foshan"": 113.03714686294401, ""D_guangzhou"": 67.89446000571401, ""D_shenzhen"": 103.610118112844}",62879.589,cn-prd-150c-02-V2-LOCATIONS,D_dongguan,True,65.747576410354,59966.23746,prd
True,64.690925255512,13.556212327190003,C008,278.0,4,"[""D_dongguan"", ""D_foshan"", ""D_guangzhou"", ""D_shenzhen""]","{""D_dongguan"": 51.134712928321996, ""D_foshan"": 132.87773049152602, ""D_guangzhou"": 64.690925255512, ""D_shenzhen"": 116.53967505103199}",51209.44146,cn-prd-150c-02-V2-LOCATIONS,D_dongguan,True,51.134712928321996,47971.183619999996,prd
True,64.889457472172,13.556212327189996,C009,417.0,4,"[""D_dongguan"", ""D_foshan"", ""D_guangzhou"", ""D_shenzhen""]","{""D_dongguan"": 51.333245144982, ""D_foshan"": 133.076262708186, ""D_guangzhou"": 64.889457472172, ""D_shenzhen"": 116.73820726769199}",46017.863999999994,cn-prd-150c-02-V2-LOCATIONS,D_dongguan,True,51.333245144982,43872.591179999996,prd
True,67.382761832873,9.033204343736998,C010,208.0,4,"[""D_dongguan"", ""D_foshan"", ""D_guangzhou"", ""D_shenzhen""]","{""D_dongguan"": 58.349557489136004, ""D_foshan"": 128.979436342254, ""D_guangzhou"": 67.382761832873, ""D_shenzhen"": 104.639890626568}",47265.6936,cn-prd-150c-02-V2-LOCATIONS,D_dongguan,True,58.349557489136004,44128.79064,prd
True,69.918841137765,5.724981570053004,C011,347.0,4,"[""D_dongguan"", ""D_foshan"", ""D_guangzhou"", ""D_shenzhen""]","{""D_dongguan"": 64.193859567712, ""D_foshan"": 125.455689190608, ""D_guangzhou"": 69.918841137765, ""D_shenzhen"": 102.05640127020202}",48322.36734,cn-prd-150c-02-V2-LOCATIONS,D_dongguan,True,64.193859567712,45086.243460000005,prd
True,71.94934069634701,11.104203318897014,C012,208.0,4,"[""D_dongguan"", ""D_foshan"", ""D_guangzhou"", ""D_shenzhen""]","{""D_dongguan"": 60.845137377449994, ""D_foshan"": 125.997180992101, ""D_guangzhou"": 71.94934069634701, ""D_shenzhen"": 101.76715743098698}",45294.77514,cn-prd-150c-02-V2-LOCATIONS,D_dongguan,True,60.845137377449994,42374.80158,prd
True,68.479685836277,4.862107318475999,C013,347.0,4,"[""D_dongguan"", ""D_foshan"", ""D_guangzhou"", ""D_shenzhen""]","{""D_dongguan"": 63.617578517801, ""D_foshan"": 124.75781409696499, ""D_guangzhou"": 68.479685836277, ""D_shenzhen"": 101.48012022029}",56856.15048,cn-prd-150c-02-V2-LOCATIONS,D_dongguan,True,63.617578517801,54672.984300000004,prd
True,70.93002117011801,9.607944806221006,C014,139.0,4,"[""D_dongguan"", ""D_foshan"", ""D_guangzhou"", ""D_shenzhen""]","{""D_dongguan"": 61.322076363897004, ""D_foshan"": 127.253971474197, ""D_guangzhou"": 70.93002117011801, ""D_shenzhen"": 103.023947913083}",52624.43136,cn-prd-150c-02-V2-LOCATIONS,D_dongguan,True,61.322076363897004,49327.59822,prd
True,67.927363868721,4.962384316542,C015,417.0,4,"[""D_dongguan"", ""D_foshan"", ""D_guangzhou"", ""D_shenzhen""]","{""D_dongguan"": 62.964979552179, ""D_foshan"": 116.49060699684199, ""D_guangzhou"": 67.927363868721, ""D_shenzhen"": 104.94856739090298}",48612.77142,cn-prd-150c-02-V2-LOCATIONS,D_dongguan,True,62.964979552179,46401.56651999999,prd
True,64.386460913625,3.9073465151670064,C016,278.0,4,"[""D_dongguan"", ""D_foshan"", ""D_guangzhou"", ""D_shenzhen""]","{""D_dongguan"": 60.479114398457995, ""D_foshan"": 119.21852063213399, ""D_guangzhou"": 64.386460913625, ""D_shenzhen"": 108.60090101740899}",45257.53374,cn-prd-150c-02-V2-LOCATIONS,D_dongguan,True,60.479114398457995,42288.14208,prd
True,67.894459980267,2.146883595359995,C017,208.0,4,"[""D_dongguan"", ""D_foshan"", ""D_guangzhou"", ""D_shenzhen""]","{""D_dongguan"": 65.747576384907, ""D_foshan"": 113.03714683749702, ""D_guangzhou"": 67.894459980267, ""D_shenzhen"": 103.610118087397}",57847.43262,cn-prd-150c-02-V2-LOCATIONS,D_dongguan,True,65.747576384907,55287.8808,prd
True,71.522773311425,11.587693328911001,C018,278.0,4,"[""D_dongguan"", ""D_foshan"", ""D_guangzhou"", ""D_shenzhen""]","{""D_dongguan"": 59.935079982514, ""D_foshan"": 127.30097176619799, ""D_guangzhou"": 71.522773311425, ""D_shenzhen"": 102.262312643199}",44772.07962,cn-prd-150c-02-V2-LOCATIONS,D_dongguan,True,59.935079982514,42701.711520000004,prd
True,67.627864053542,17.929998548451998,C019,417.0,4,"[""D_dongguan"", ""D_foshan"", ""D_guangzhou"", ""D_shenzhen""]","{""D_dongguan"": 49.69786550509, ""D_foshan"": 133.049827510402, ""D_guangzhou"": 67.627864053542, ""D_shenzhen"": 112.84685569254701}",52319.65152,cn-prd-150c-02-V2-LOCATIONS,D_dongguan,True,49.69786550509,49925.29302,prd
True,60.648248299343,-6.585290356272004,C020,208.0,4,"[""D_dongguan"", ""D_foshan"", ""D_guangzhou"", ""D_shenzhen""]","{""D_dongguan"": 67.233538655615, ""D_foshan"": 120.293352472075, ""D_guangzhou"": 60.648248299343, ""D_shenzhen"": 112.323236920802}",60925.186859999994,cn-prd-150c-02-V2-LOCATIONS,D_dongguan,True,67.233538655615,57785.20506,prd
True,99.891165834447,13.477872709730008,C021,139.0,4,"[""D_dongguan"", ""D_foshan"", ""D_guangzhou"", ""D_shenzhen""]","{""D_dongguan"": 210.31061130127398, ""D_foshan"": 86.41329312471699, ""D_guangzhou"": 99.891165834447, ""D_shenzhen"": 251.528633913418}",55685.20896,cn-prd-150c-02-V2-LOCATIONS,D_foshan,True,86.41329312471699,53348.49264,prd
True,101.50969752899199,15.55615549250399,C022,417.0,4,"[""D_dongguan"", ""D_foshan"", ""D_guangzhou"", ""D_shenzhen""]","{""D_dongguan"": 211.92914299581898, ""D_foshan"": 85.953542036488, ""D_guangzhou"": 101.50969752899199, ""D_shenzhen"": 251.068882825189}",45849.05004,cn-prd-150c-02-V2-LOCATIONS,D_foshan,True,85.953542036488,42553.47516,prd
True,98.634158616467,11.413608518236003,C023,278.0,4,"[""D_dongguan"", ""D_foshan"", ""D_guangzhou"", ""D_shenzhen""]","{""D_dongguan"": 209.053604083294, ""D_foshan"": 87.220550098231, ""D_guangzhou"": 98.634158616467, ""D_shenzhen"": 252.335890886932}",44722.828259999995,cn-prd-150c-02-V2-LOCATIONS,D_foshan,True,87.220550098231,42280.527239999996,prd
True,115.965811876692,27.852267127111006,C024,417.0,4,"[""D_dongguan"", ""D_foshan"", ""D_guangzhou"", ""D_shenzhen""]","{""D_dongguan"": 225.85352944284298, ""D_foshan"": 88.113544749581, ""D_guangzhou"": 115.965811876692, ""D_shenzhen"": 253.228885538282}",50746.92936,cn-prd-150c-02-V2-LOCATIONS,D_foshan,True,88.113544749581,48902.68062,prd
True,99.037212343777,15.129900182353992,C025,208.0,4,"[""D_dongguan"", ""D_foshan"", ""D_guangzhou"", ""D_shenzhen""]","{""D_dongguan"": 209.45665781060399, ""D_foshan"": 83.90731216142301, ""D_guangzhou"": 99.037212343777, ""D_shenzhen"": 249.022652950124}",51549.54246,cn-prd-150c-02-V2-LOCATIONS,D_foshan,True,83.90731216142301,48703.37334,prd
True,99.059961551484,13.531159039998997,C026,278.0,4,"[""D_dongguan"", ""D_foshan"", ""D_guangzhou"", ""D_shenzhen""]","{""D_dongguan"": 209.479407018312, ""D_foshan"": 85.528802511485, ""D_guangzhou"": 99.059961551484, ""D_shenzhen"": 250.64414330018602}",55734.01884,cn-prd-150c-02-V2-LOCATIONS,D_foshan,True,85.528802511485,52968.66,prd
True,101.509697621307,15.55615549250399,C027,139.0,4,"[""D_dongguan"", ""D_foshan"", ""D_guangzhou"", ""D_shenzhen""]","{""D_dongguan"": 211.929143088134, ""D_foshan"": 85.95354212880301, ""D_guangzhou"": 101.509697621307, ""D_shenzhen"": 251.068882917504}",51737.0082,cn-prd-150c-02-V2-LOCATIONS,D_foshan,True,85.95354212880301,48696.19242,prd
True,95.837660697309,15.108575058955012,C028,208.0,4,"[""D_dongguan"", ""D_foshan"", ""D_guangzhou"", ""D_shenzhen""]","{""D_dongguan"": 206.25710616413699, ""D_foshan"": 80.729085638354, ""D_guangzhou"": 95.837660697309, ""D_shenzhen"": 245.844426427055}",56831.27532,cn-prd-150c-02-V2-LOCATIONS,D_foshan,True,80.729085638354,53520.59244,prd
True,95.051441156845,14.331232697051007,C029,347.0,4,"[""D_dongguan"", ""D_foshan"", ""D_guangzhou"", ""D_shenzhen""]","{""D_dongguan"": 205.47088662367298, ""D_foshan"": 80.720208459794, ""D_guangzhou"": 95.051441156845, ""D_shenzhen"": 245.835549248495}",60298.66542,cn-prd-150c-02-V2-LOCATIONS,D_foshan,True,80.720208459794,57602.29278,prd
True,99.661661496823,13.477872709730008,C030,139.0,4,"[""D_dongguan"", ""D_foshan"", ""D_guangzhou"", ""D_shenzhen""]","{""D_dongguan"": 210.08110696365, ""D_foshan"": 86.183788787093, ""D_guangzhou"": 99.661661496823, ""D_shenzhen"": 251.29912957579398}",58706.121960000004,cn-prd-150c-02-V2-LOCATIONS,D_foshan,True,86.183788787093,56679.10602,prd
True,100.41245537028401,15.415753365431016,C031,347.0,4,"[""D_dongguan"", ""D_foshan"", ""D_guangzhou"", ""D_shenzhen""]","{""D_dongguan"": 210.831900837111, ""D_foshan"": 84.99670200485299, ""D_guangzhou"": 100.41245537028401, ""D_shenzhen"": 250.11204279355402}",50641.92462,cn-prd-150c-02-V2-LOCATIONS,D_foshan,True,84.99670200485299,48096.24036,prd
True,101.851911498742,15.556155492504004,C032,139.0,4,"[""D_dongguan"", ""D_foshan"", ""D_guangzhou"", ""D_shenzhen""]","{""D_dongguan"": 212.27135696556903, ""D_foshan"": 86.295756006238, ""D_guangzhou"": 101.851911498742, ""D_shenzhen"": 251.41109679493903}",52406.406839999996,cn-prd-150c-02-V2-LOCATIONS,D_foshan,True,86.295756006238,49550.85648,prd
True,100.182593998011,15.415753365431001,C033,208.0,4,"[""D_dongguan"", ""D_foshan"", ""D_guangzhou"", ""D_shenzhen""]","{""D_dongguan"": 210.602039464838, ""D_foshan"": 84.76684063258, ""D_guangzhou"": 100.182593998011, ""D_shenzhen"": 249.88218142128102}",60555.72288,cn-prd-150c-02-V2-LOCATIONS,D_foshan,True,84.76684063258,57519.57816,prd
True,101.928375957258,15.55615549250399,C034,347.0,4,"[""D_dongguan"", ""D_foshan"", ""D_guangzhou"", ""D_shenzhen""]","{""D_dongguan"": 212.347821424085, ""D_foshan"": 86.37222046475401, ""D_guangzhou"": 101.928375957258, ""D_shenzhen"": 251.487561253455}",49091.25036,cn-prd-150c-02-V2-LOCATIONS,D_foshan,True,86.37222046475401,46046.643,prd
True,96.00670049808,5.150061651597994,C035,139.0,4,"[""D_dongguan"", ""D_foshan"", ""D_guangzhou"", ""D_shenzhen""]","{""D_dongguan"": 206.42614596490702, ""D_foshan"": 90.856638846482, ""D_guangzhou"": 96.00670049808, ""D_shenzhen"": 255.672647060242}",51633.0216,cn-prd-150c-02-V2-LOCATIONS,D_foshan,True,90.856638846482,49677.8619,prd
True,98.621401537856,13.856776385930004,C036,208.0,4,"[""D_dongguan"", ""D_foshan"", ""D_guangzhou"", ""D_shenzhen""]","{""D_dongguan"": 209.040847004683, ""D_foshan"": 84.764625151926, ""D_guangzhou"": 98.621401537856, ""D_shenzhen"": 249.87996594062702}",43128.31548,cn-prd-150c-02-V2-LOCATIONS,D_foshan,True,84.764625151926,41057.52942,prd
True,99.159625055739,12.243190988413005,C037,208.0,4,"[""D_dongguan"", ""D_foshan"", ""D_guangzhou"", ""D_shenzhen""]","{""D_dongguan"": 209.57907052256598, ""D_foshan"": 86.916434067326, ""D_guangzhou"": 99.159625055739, ""D_shenzhen"": 252.03177485602697}",48246.68196,cn-prd-150c-02-V2-LOCATIONS,D_foshan,True,86.916434067326,44680.58238,prd
True,99.661661585733,13.477872709729994,C038,417.0,4,"[""D_dongguan"", ""D_foshan"", ""D_guangzhou"", ""D_shenzhen""]","{""D_dongguan"": 210.08110705256001, ""D_foshan"": 86.183788876003, ""D_guangzhou"": 99.661661585733, ""D_shenzhen"": 251.299129664704}",58475.00688,cn-prd-150c-02-V2-LOCATIONS,D_foshan,True,86.183788876003,54907.56822,prd
True,96.640324419134,16.066036737830004,C039,208.0,4,"[""D_dongguan"", ""D_foshan"", ""D_guangzhou"", ""D_shenzhen""]","{""D_dongguan"": 207.05976988596203, ""D_foshan"": 80.574287681304, ""D_guangzhou"": 96.640324419134, ""D_shenzhen"": 245.689628470005}",64650.71519999999,cn-prd-150c-02-V2-LOCATIONS,D_foshan,True,80.574287681304,61578.6237,prd
True,113.000156902662,31.904952493357996,C040,417.0,4,"[""D_dongguan"", ""D_foshan"", ""D_guangzhou"", ""D_shenzhen""]","{""D_dongguan"": 233.49695417803898, ""D_foshan"": 81.095204409304, ""D_guangzhou"": 113.000156902662, ""D_shenzhen"": 246.21054519800498}",63712.621979999996,cn-prd-150c-02-V2-LOCATIONS,D_foshan,True,81.095204409304,61419.49194,prd
True,100.31560229644101,14.300172202789014,C041,417.0,4,"[""D_dongguan"", ""D_foshan"", ""D_guangzhou"", ""D_shenzhen""]","{""D_dongguan"": 210.735047763268, ""D_foshan"": 86.015430093652, ""D_guangzhou"": 100.31560229644101, ""D_shenzhen"": 251.130770882353}",61553.253840000005,cn-prd-150c-02-V2-LOCATIONS,D_foshan,True,86.015430093652,59130.39576,prd
True,91.397015149233,29.129037688527006,C042,347.0,4,"[""D_dongguan"", ""D_foshan"", ""D_guangzhou"", ""D_shenzhen""]","{""D_dongguan"": 171.09003956805, ""D_foshan"": 91.397015149233, ""D_guangzhou"": 62.26797746070599, ""D_shenzhen"": 224.708730822929}",46252.02804,cn-prd-150c-02-V2-LOCATIONS,D_guangzhou,True,62.26797746070599,43996.92468,prd
True,74.472616460073,-1.0328872325910083,C043,208.0,4,"[""D_dongguan"", ""D_foshan"", ""D_guangzhou"", ""D_shenzhen""]","{""D_dongguan"": 185.143390012276, ""D_foshan"": 74.472616460073, ""D_guangzhou"": 75.505503692664, ""D_shenzhen"": 239.342991106429}",48994.91322,cn-prd-150c-02-V2-LOCATIONS,D_guangzhou,True,75.505503692664,45599.25492,prd
True,78.688638784517,8.097152974638988,C044,347.0,4,"[""D_dongguan"", ""D_foshan"", ""D_guangzhou"", ""D_shenzhen""]","{""D_dongguan"": 181.527403658238, ""D_foshan"": 78.688638784517, ""D_guangzhou"": 70.59148580987801, ""D_shenzhen"": 237.36409706701}",46542.40266,cn-prd-150c-02-V2-LOCATIONS,D_guangzhou,True,70.59148580987801,44157.905040000005,prd
True,79.057333556909,9.351624367045005,C045,208.0,4,"[""D_dongguan"", ""D_foshan"", ""D_guangzhou"", ""D_shenzhen""]","{""D_dongguan"": 179.343595509476, ""D_foshan"": 79.057333556909, ""D_guangzhou"": 69.705709189864, ""D_shenzhen"": 233.920344109822}",49527.82158,cn-prd-150c-02-V2-LOCATIONS,D_guangzhou,True,69.705709189864,46242.70902,prd
True,74.294411702981,-1.0328872325910083,C046,278.0,4,"[""D_dongguan"", ""D_foshan"", ""D_guangzhou"", ""D_shenzhen""]","{""D_dongguan"": 184.96518525518402, ""D_foshan"": 74.294411702981, ""D_guangzhou"": 75.327298935572, ""D_shenzhen"": 239.164786349337}",60320.2194,cn-prd-150c-02-V2-LOCATIONS,D_guangzhou,True,75.327298935572,57765.596340000004,prd
True,93.15977409187,29.490547610465008,C047,139.0,4,"[""D_dongguan"", ""D_foshan"", ""D_guangzhou"", ""D_shenzhen""]","{""D_dongguan"": 172.7792818553, ""D_foshan"": 93.15977409187, ""D_guangzhou"": 63.669226481405, ""D_shenzhen"": 226.061819903462}",45910.0053,cn-prd-150c-02-V2-LOCATIONS,D_guangzhou,True,63.669226481405,42820.32594,prd
True,86.670620409635,26.657595625861006,C048,208.0,4,"[""D_dongguan"", ""D_foshan"", ""D_guangzhou"", ""D_shenzhen""]","{""D_dongguan"": 169.650911103386, ""D_foshan"": 86.670620409635, ""D_guangzhou"": 60.013024783774, ""D_shenzhen"": 223.618609373635}",52706.97809999999,cn-prd-150c-02-V2-LOCATIONS,D_guangzhou,True,60.013024783774,49629.05184,prd
True,81.719299709228,15.187584263398008,C049,208.0,4,"[""D_dongguan"", ""D_foshan"", ""D_guangzhou"", ""D_shenzhen""]","{""D_dongguan"": 176.99228777894098, ""D_foshan"": 81.719299709228, ""D_guangzhou"": 66.53171544582999, ""D_shenzhen"": 230.850040699496}",59322.03384,cn-prd-150c-02-V2-LOCATIONS,D_guangzhou,True,66.53171544582999,56846.24316,prd
True,83.30648927754801,20.000519886896015,C050,347.0,4,"[""D_dongguan"", ""D_foshan"", ""D_guangzhou"", ""D_shenzhen""]","{""D_dongguan"": 172.94385571026402, ""D_foshan"": 83.30648927754801, ""D_guangzhou"": 63.305969390651995, ""D_shenzhen"": 226.91155398051302}",56726.529780000004,cn-prd-150c-02-V2-LOCATIONS,D_guangzhou,True,63.305969390651995,53966.607659999994,prd
True,82.945556280598,16.06804348217601,C051,347.0,4,"[""D_dongguan"", ""D_foshan"", ""D_guangzhou"", ""D_shenzhen""]","{""D_dongguan"": 176.515399118034, ""D_foshan"": 82.945556280598, ""D_guangzhou"": 66.87751279842199, ""D_shenzhen"": 231.09214771838}",48780.82716,cn-prd-150c-02-V2-LOCATIONS,D_guangzhou,True,66.87751279842199,45182.8533,prd
True,81.261504583542,18.77282969315,C052,139.0,4,"[""D_dongguan"", ""D_foshan"", ""D_guangzhou"", ""D_shenzhen""]","{""D_dongguan"": 172.126561210004, ""D_foshan"": 81.261504583542, ""D_guangzhou"": 62.488674890392005, ""D_shenzhen"": 226.094259480253}",48137.357280000004,cn-prd-150c-02-V2-LOCATIONS,D_guangzhou,True,62.488674890392005,45878.8131,prd
True,86.32568935884701,24.46115027785801,C053,139.0,4,"[""D_dongguan"", ""D_foshan"", ""D_guangzhou"", ""D_shenzhen""]","{""D_dongguan"": 171.502425400601, ""D_foshan"": 86.32568935884701, ""D_guangzhou"": 61.864539080989005, ""D_shenzhen"": 225.47012367085}",47608.38888,cn-prd-150c-02-V2-LOCATIONS,D_guangzhou,True,61.864539080989005,45668.01126,prd
True,85.925935674786,25.33541009206401,C054,208.0,4,"[""D_dongguan"", ""D_foshan"", ""D_guangzhou"", ""D_shenzhen""]","{""D_dongguan"": 170.228411902334, ""D_foshan"": 85.925935674786, ""D_guangzhou"": 60.590525582721995, ""D_shenzhen"": 224.19611017258302}",53023.13226,cn-prd-150c-02-V2-LOCATIONS,D_guangzhou,True,60.590525582721995,49759.236899999996,prd
True,78.537442819264,14.423812357402,C055,278.0,4,"[""D_dongguan"", ""D_foshan"", ""D_guangzhou"", ""D_shenzhen""]","{""D_dongguan"": 173.751516781474, ""D_foshan"": 78.537442819264, ""D_guangzhou"": 64.113630461862, ""D_shenzhen"": 227.719215051723}",49173.8223,cn-prd-150c-02-V2-LOCATIONS,D_guangzhou,True,64.113630461862,46937.60682,prd
True,75.112159886962,8.122580002297,C056,347.0,4,"[""D_dongguan"", ""D_foshan"", ""D_guangzhou"", ""D_shenzhen""]","{""D_dongguan"": 176.627466204277, ""D_foshan"": 75.112159886962, ""D_guangzhou"": 66.989579884665, ""D_shenzhen"": 230.595164474526}",52345.39068,cn-prd-150c-02-V2-LOCATIONS,D_guangzhou,True,66.989579884665,48856.7181,prd
True,86.28634184416701,24.46115027785801,C057,278.0,4,"[""D_dongguan"", ""D_foshan"", ""D_guangzhou"", ""D_shenzhen""]","{""D_dongguan"": 171.463077885921, ""D_foshan"": 86.28634184416701, ""D_guangzhou"": 61.825191566309, ""D_shenzhen"": 225.43077615617}",52947.408,cn-prd-150c-02-V2-LOCATIONS,D_guangzhou,True,61.825191566309,50219.5122,prd
True,84.115970003134,28.490542523415996,C058,417.0,4,"[""D_dongguan"", ""D_foshan"", ""D_guangzhou"", ""D_shenzhen""]","{""D_dongguan"": 165.26331379933, ""D_foshan"": 84.115970003134, ""D_guangzhou"": 55.625427479718, ""D_shenzhen"": 219.231012069579}",61883.153640000004,cn-prd-150c-02-V2-LOCATIONS,D_guangzhou,True,55.625427479718,58978.7877,prd
True,87.799828805703,30.662516045474,C059,347.0,4,"[""D_dongguan"", ""D_foshan"", ""D_guangzhou"", ""D_shenzhen""]","{""D_dongguan"": 166.775199079841, ""D_foshan"": 87.799828805703, ""D_guangzhou"": 57.137312760229, ""D_shenzhen"": 220.74289735009}",51742.26642,cn-prd-150c-02-V2-LOCATIONS,D_guangzhou,True,57.137312760229,48266.65872,prd
True,76.251025556612,5.439498624515011,C060,139.0,4,"[""D_dongguan"", ""D_foshan"", ""D_guangzhou"", ""D_shenzhen""]","{""D_dongguan"": 180.449413251709, ""D_foshan"": 76.251025556612, ""D_guangzhou"": 70.811526932097, ""D_shenzhen"": 238.30576748900302}",50034.6597,cn-prd-150c-02-V2-LOCATIONS,D_guangzhou,True,70.811526932097,47677.01988,prd
True,75.95834967666899,7.119434174192989,C061,139.0,4,"[""D_dongguan"", ""D_foshan"", ""D_guangzhou"", ""D_shenzhen""]","{""D_dongguan"": 178.47680182208802, ""D_foshan"": 75.95834967666899, ""D_guangzhou"": 68.838915502476, ""D_shenzhen"": 229.79791027784802}",51155.310540000006,cn-prd-150c-02-V2-LOCATIONS,D_guangzhou,True,68.838915502476,47680.13598,prd
True,86.728453478919,24.27988987233899,C062,347.0,4,"[""D_dongguan"", ""D_foshan"", ""D_guangzhou"", ""D_shenzhen""]","{""D_dongguan"": 172.68602848684603, ""D_foshan"": 86.728453478919, ""D_guangzhou"": 62.44856360658, ""D_shenzhen"": 226.54378140740002}",47655.10284,cn-prd-150c-02-V2-LOCATIONS,D_guangzhou,True,62.44856360658,44749.975920000004,prd
True,82.519603789125,16.081355505112995,C063,278.0,4,"[""D_dongguan"", ""D_foshan"", ""D_guangzhou"", ""D_shenzhen""]","{""D_dongguan"": 175.708603869869, ""D_foshan"": 82.519603789125, ""D_guangzhou"": 66.438248284012, ""D_shenzhen"": 229.566356790423}",49523.88318,cn-prd-150c-02-V2-LOCATIONS,D_guangzhou,True,66.438248284012,47411.140439999996,prd
True,85.18404196497801,20.679654798263996,C064,347.0,4,"[""D_dongguan"", ""D_foshan"", ""D_guangzhou"", ""D_shenzhen""]","{""D_dongguan"": 174.142273486326, ""D_foshan"": 85.18404196497801, ""D_guangzhou"": 64.50438716671401, ""D_shenzhen"": 228.77993981123097}",51665.91996,cn-prd-150c-02-V2-LOCATIONS,D_guangzhou,True,64.50438716671401,48969.58212,prd
True,90.446079379854,33.444132161201,C065,417.0,4,"[""D_dongguan"", ""D_foshan"", ""D_guangzhou"", ""D_shenzhen""]","{""D_dongguan"": 166.63983353826504, ""D_foshan"": 90.446079379854, ""D_guangzhou"": 57.001947218653, ""D_shenzhen"": 220.607531808514}",51499.134959999996,cn-prd-150c-02-V2-LOCATIONS,D_guangzhou,True,57.001947218653,48719.23482,prd
True,89.941113901501,30.465062328155994,C066,417.0,4,"[""D_dongguan"", ""D_foshan"", ""D_guangzhou"", ""D_shenzhen""]","{""D_dongguan"": 169.113937892957, ""D_foshan"": 89.941113901501, ""D_guangzhou"": 59.476051573345, ""D_shenzhen"": 223.032379678692}",47393.01366,cn-prd-150c-02-V2-LOCATIONS,D_guangzhou,True,59.476051573345,44064.4479,prd
True,79.97273779486399,16.092079018410992,C067,347.0,4,"[""D_dongguan"", ""D_foshan"", ""D_guangzhou"", ""D_shenzhen""]","{""D_dongguan"": 173.51854509606497, ""D_foshan"": 79.97273779486399, ""D_guangzhou"": 63.880658776453, ""D_shenzhen"": 227.48624336631397}",47687.77182,cn-prd-150c-02-V2-LOCATIONS,D_guangzhou,True,63.880658776453,45040.98552,prd
True,75.09672177865501,-3.3850560139159853,C068,417.0,4,"[""D_dongguan"", ""D_foshan"", ""D_guangzhou"", ""D_shenzhen""]","{""D_dongguan"": 188.23820356489102, ""D_foshan"": 75.09672177865501, ""D_guangzhou"": 78.481777792571, ""D_shenzhen"": 239.967096425011}",52059.59934,cn-prd-150c-02-V2-LOCATIONS,D_guangzhou,True,78.481777792571,49484.21406,prd
True,84.71659291029898,19.95175358476699,C069,278.0,4,"[""D_dongguan"", ""D_foshan"", ""D_guangzhou"", ""D_shenzhen""]","{""D_dongguan"": 174.40272564514402, ""D_foshan"": 84.71659291029898, ""D_guangzhou"": 64.764839325532, ""D_shenzhen"": 228.979474245489}",50293.94442,cn-prd-150c-02-V2-LOCATIONS,D_guangzhou,True,64.764839325532,46700.60382,prd
True,85.41868869927902,29.364231200162017,C070,347.0,4,"[""D_dongguan"", ""D_foshan"", ""D_guangzhou"", ""D_shenzhen""]","{""D_dongguan"": 165.692343818729, ""D_foshan"": 85.41868869927902, ""D_guangzhou"": 56.054457499117, ""D_shenzhen"": 219.660042088978}",48413.9421,cn-prd-150c-02-V2-LOCATIONS,D_guangzhou,True,56.054457499117,46005.67002,prd
True,85.214736621414,29.06248312791101,C071,278.0,4,"[""D_dongguan"", ""D_foshan"", ""D_guangzhou"", ""D_shenzhen""]","{""D_dongguan"": 165.79013981311502, ""D_foshan"": 85.214736621414, ""D_guangzhou"": 56.152253493503, ""D_shenzhen"": 219.75783808336402}",43472.89836,cn-prd-150c-02-V2-LOCATIONS,D_guangzhou,True,56.152253493503,41596.07616,prd
True,78.194118024996,14.068030244576008,C072,417.0,4,"[""D_dongguan"", ""D_foshan"", ""D_guangzhou"", ""D_shenzhen""]","{""D_dongguan"": 173.76397410003202, ""D_foshan"": 78.194118024996, ""D_guangzhou"": 64.12608778042, ""D_shenzhen"": 227.73167237028102}",47857.549439999995,cn-prd-150c-02-V2-LOCATIONS,D_guangzhou,True,64.12608778042,44671.92744,prd
True,88.726080148252,24.616806798648994,C073,278.0,4,"[""D_dongguan"", ""D_foshan"", ""D_guangzhou"", ""D_shenzhen""]","{""D_dongguan"": 173.39415508883, ""D_foshan"": 88.726080148252, ""D_guangzhou"": 64.109273349603, ""D_shenzhen"": 226.64249978867798}",51275.64636,cn-prd-150c-02-V2-LOCATIONS,D_guangzhou,True,64.109273349603,48079.92474,prd
True,86.50116939120699,25.684672085432986,C074,139.0,4,"[""D_dongguan"", ""D_foshan"", ""D_guangzhou"", ""D_shenzhen""]","{""D_dongguan"": 169.638559413118, ""D_foshan"": 86.50116939120699, ""D_guangzhou"": 60.816497305774, ""D_shenzhen"": 223.49631233367202}",52240.90986,cn-prd-150c-02-V2-LOCATIONS,D_guangzhou,True,60.816497305774,49646.76725999999,prd
True,83.09023374607699,25.890435283984985,C075,417.0,4,"[""D_dongguan"", ""D_foshan"", ""D_guangzhou"", ""D_shenzhen""]","{""D_dongguan"": 166.83768478170398, ""D_foshan"": 83.09023374607699, ""D_guangzhou"": 57.199798462092005, ""D_shenzhen"": 220.805383051952}",58148.772899999996,cn-prd-150c-02-V2-LOCATIONS,D_guangzhou,True,57.199798462092005,56199.36654,prd
True,78.439763228237,15.577573873507,C076,278.0,4,"[""D_dongguan"", ""D_foshan"", ""D_guangzhou"", ""D_shenzhen""]","{""D_dongguan"": 172.50007567434199, ""D_foshan"": 78.439763228237, ""D_guangzhou"": 62.86218935473, ""D_shenzhen"": 226.467773944591}",47705.123940000005,cn-prd-150c-02-V2-LOCATIONS,D_guangzhou,True,62.86218935473,44661.08688,prd
True,88.82901198127199,31.988175938552985,C077,347.0,4,"[""D_dongguan"", ""D_foshan"", ""D_guangzhou"", ""D_shenzhen""]","{""D_dongguan"": 166.47872236233098, ""D_foshan"": 88.82901198127199, ""D_guangzhou"": 56.840836042719005, ""D_shenzhen"": 220.44642063258001}",47655.10284,cn-prd-150c-02-V2-LOCATIONS,D_guangzhou,True,56.840836042719005,44749.975920000004,prd
True,87.978529357806,28.882108948325993,C078,417.0,4,"[""D_dongguan"", ""D_foshan"", ""D_guangzhou"", ""D_shenzhen""]","{""D_dongguan"": 169.035220549691, ""D_foshan"": 87.978529357806, ""D_guangzhou"": 59.096420409480004, ""D_shenzhen"": 222.89297347024498}",53078.26266,cn-prd-150c-02-V2-LOCATIONS,D_guangzhou,True,59.096420409480004,49540.407719999996,prd
True,84.50192914139299,28.349675764374993,C079,347.0,4,"[""D_dongguan"", ""D_foshan"", ""D_guangzhou"", ""D_shenzhen""]","{""D_dongguan"": 165.79013969663, ""D_foshan"": 84.50192914139299, ""D_guangzhou"": 56.152253377018, ""D_shenzhen"": 219.757837966879}",53613.083099999996,cn-prd-150c-02-V2-LOCATIONS,D_guangzhou,True,56.152253377018,50441.44602,prd
True,76.30750487339499,11.627427951569985,C080,417.0,4,"[""D_dongguan"", ""D_foshan"", ""D_guangzhou"", ""D_shenzhen""]","{""D_dongguan"": 174.31796324143698, ""D_foshan"": 76.30750487339499, ""D_guangzhou"": 64.680076921825, ""D_shenzhen"": 228.285661511686}",49715.072159999996,cn-prd-150c-02-V2-LOCATIONS,D_guangzhou,True,64.680076921825,47823.8343,prd
True,72.52935929504,-0.11808224318400562,C081,139.0,4,"[""D_dongguan"", ""D_foshan"", ""D_guangzhou"", ""D_shenzhen""]","{""D_dongguan"": 182.285327857836, ""D_foshan"": 72.52935929504, ""D_guangzhou"": 72.647441538224, ""D_shenzhen"": 237.399733941396}",52557.083640000004,cn-prd-150c-02-V2-LOCATIONS,D_guangzhou,True,72.647441538224,49260.316679999996,prd
True,79.04226919246099,9.949753575130003,C082,278.0,4,"[""D_dongguan"", ""D_foshan"", ""D_guangzhou"", ""D_shenzhen""]","{""D_dongguan"": 178.730401936943, ""D_foshan"": 79.04226919246099, ""D_guangzhou"": 69.09251561733099, ""D_shenzhen"": 232.698100207192}",46647.49806,cn-prd-150c-02-V2-LOCATIONS,D_guangzhou,True,69.09251561733099,43571.34378,prd
True,85.809022337259,21.186014559765994,C083,139.0,4,"[""D_dongguan"", ""D_foshan"", ""D_guangzhou"", ""D_shenzhen""]","{""D_dongguan"": 174.26089409710502, ""D_foshan"": 85.809022337259, ""D_guangzhou"": 64.623007777493, ""D_shenzhen"": 228.89856042201}",48745.19964,cn-prd-150c-02-V2-LOCATIONS,D_guangzhou,True,64.623007777493,45716.9337,prd
True,86.1882160497,25.421563783786,C084,278.0,4,"[""D_dongguan"", ""D_foshan"", ""D_guangzhou"", ""D_shenzhen""]","{""D_dongguan"": 170.40453858552598, ""D_foshan"": 86.1882160497, ""D_guangzhou"": 60.766652265914004, ""D_shenzhen"": 223.995988606939}",65192.146980000005,cn-prd-150c-02-V2-LOCATIONS,D_guangzhou,True,60.766652265914004,62206.68162,prd
True,83.39094973754099,26.532690085262992,C085,139.0,4,"[""D_dongguan"", ""D_foshan"", ""D_guangzhou"", ""D_shenzhen""]","{""D_dongguan"": 166.49614597189, ""D_foshan"": 83.39094973754099, ""D_guangzhou"": 56.858259652278, ""D_shenzhen"": 220.46384424213903}",46362.24384,cn-prd-150c-02-V2-LOCATIONS,D_guangzhou,True,56.858259652278,43413.93246,prd
True,90.527173630821,31.863170043066,C086,347.0,4,"[""D_dongguan"", ""D_foshan"", ""D_guangzhou"", ""D_shenzhen""]","{""D_dongguan"": 172.84761039057602, ""D_foshan"": 90.527173630821, ""D_guangzhou"": 58.664003587755, ""D_shenzhen"": 220.14059594114}",50322.132900000004,cn-prd-150c-02-V2-LOCATIONS,D_guangzhou,True,58.664003587755,46851.523440000004,prd
True,76.183407588357,10.549607397488998,C087,139.0,4,"[""D_dongguan"", ""D_foshan"", ""D_guangzhou"", ""D_shenzhen""]","{""D_dongguan"": 175.27168651048, ""D_foshan"": 76.183407588357, ""D_guangzhou"": 65.633800190868, ""D_shenzhen"": 229.239384780729}",57497.4264,cn-prd-150c-02-V2-LOCATIONS,D_guangzhou,True,65.633800190868,55293.21318,prd
True,83.574100965634,17.909475507053003,C088,208.0,4,"[""D_dongguan"", ""D_foshan"", ""D_guangzhou"", ""D_shenzhen""]","{""D_dongguan"": 176.272413478621, ""D_foshan"": 83.574100965634, ""D_guangzhou"": 65.664625458581, ""D_shenzhen"": 230.130166399175}",61862.588460000006,cn-prd-150c-02-V2-LOCATIONS,D_guangzhou,True,65.664625458581,59295.44214,prd
True,83.778180670314,27.668513530036996,C089,208.0,4,"[""D_dongguan"", ""D_foshan"", ""D_guangzhou"", ""D_shenzhen""]","{""D_dongguan"": 165.747553459889, ""D_foshan"": 83.778180670314, ""D_guangzhou"": 56.109667140277004, ""D_shenzhen"": 219.715251730138}",49299.11556,cn-prd-150c-02-V2-LOCATIONS,D_guangzhou,True,56.109667140277004,46713.58308,prd
True,84.34140870535501,22.036964334191005,C090,208.0,4,"[""D_dongguan"", ""D_foshan"", ""D_guangzhou"", ""D_shenzhen""]","{""D_dongguan"": 171.942330690776, ""D_foshan"": 84.34140870535501, ""D_guangzhou"": 62.304444371164, ""D_shenzhen"": 225.910028961025}",60577.42554,cn-prd-150c-02-V2-LOCATIONS,D_guangzhou,True,62.304444371164,57603.71796,prd
True,77.371129341147,12.233131964590996,C091,417.0,4,"[""D_dongguan"", ""D_foshan"", ""D_guangzhou"", ""D_shenzhen""]","{""D_dongguan"": 174.77588369616802, ""D_foshan"": 77.371129341147, ""D_guangzhou"": 65.137997376556, ""D_shenzhen"": 228.743581966417}",56001.70542,cn-prd-150c-02-V2-LOCATIONS,D_guangzhou,True,65.137997376556,53426.9592,prd
True,157.210927092074,109.349406039284,C092,139.0,4,"[""D_dongguan"", ""D_foshan"", ""D_guangzhou"", ""D_shenzhen""]","{""D_dongguan"": 157.210927092074, ""D_foshan"": 196.728609962421, ""D_guangzhou"": 199.19568618599598, ""D_shenzhen"": 47.861521052789996}",49364.38932,cn-prd-150c-02-V2-LOCATIONS,D_shenzhen,True,47.861521052789996,47344.611300000004,prd
True,170.96913959799102,116.787278231208,C093,347.0,4,"[""D_dongguan"", ""D_foshan"", ""D_guangzhou"", ""D_shenzhen""]","{""D_dongguan"": 170.96913959799102, ""D_foshan"": 189.070340231829, ""D_guangzhou"": 191.460011976747, ""D_shenzhen"": 54.181861366783004}",51123.272639999996,cn-prd-150c-02-V2-LOCATIONS,D_shenzhen,True,54.181861366783004,47806.749780000006,prd
True,164.28635314561498,106.47415928920597,C094,139.0,4,"[""D_dongguan"", ""D_foshan"", ""D_guangzhou"", ""D_shenzhen""]","{""D_dongguan"": 164.28635314561498, ""D_foshan"": 204.706154335587, ""D_guangzhou"": 217.865675427765, ""D_shenzhen"": 57.812193856409}",55762.85676,cn-prd-150c-02-V2-LOCATIONS,D_shenzhen,True,57.812193856409,52714.750739999996,prd
True,162.110698122943,106.474159289206,C095,347.0,4,"[""D_dongguan"", ""D_foshan"", ""D_guangzhou"", ""D_shenzhen""]","{""D_dongguan"": 162.110698122943, ""D_foshan"": 199.268676361825, ""D_guangzhou"": 212.42819745400197, ""D_shenzhen"": 55.636538833737}",47477.030640000004,cn-prd-150c-02-V2-LOCATIONS,D_shenzhen,True,55.636538833737,45061.249079999994,prd
True,158.162629905368,106.474159289206,C096,347.0,4,"[""D_dongguan"", ""D_foshan"", ""D_guangzhou"", ""D_shenzhen""]","{""D_dongguan"": 158.162629905368, ""D_foshan"": 199.19168743460602, ""D_guangzhou"": 212.351208526784, ""D_shenzhen"": 51.688470616162}",48679.28322,cn-prd-150c-02-V2-LOCATIONS,D_shenzhen,True,51.688470616162,46070.69022,prd
True,161.80848130072297,106.47415928920597,C097,417.0,4,"[""D_dongguan"", ""D_foshan"", ""D_guangzhou"", ""D_shenzhen""]","{""D_dongguan"": 161.80848130072297, ""D_foshan"": 202.52916580044297, ""D_guangzhou"": 215.68868689262098, ""D_shenzhen"": 55.334322011516996}",49610.7303,cn-prd-150c-02-V2-LOCATIONS,D_shenzhen,True,55.334322011516996,47173.7823,prd
True,159.42023994863203,106.47415928920603,C098,347.0,4,"[""D_dongguan"", ""D_foshan"", ""D_guangzhou"", ""D_shenzhen""]","{""D_dongguan"": 159.42023994863203, ""D_foshan"": 198.580924123767, ""D_guangzhou"": 211.74044521594502, ""D_shenzhen"": 52.946080659426}",48015.67914,cn-prd-150c-02-V2-LOCATIONS,D_shenzhen,True,52.946080659426,46015.73772,prd
True,154.35559458398203,106.47415928920603,C099,208.0,4,"[""D_dongguan"", ""D_foshan"", ""D_guangzhou"", ""D_shenzhen""]","{""D_dongguan"": 154.35559458398203, ""D_foshan"": 202.57112063289998, ""D_guangzhou"": 215.730641725078, ""D_shenzhen"": 47.881435294776004}",48758.41782,cn-prd-150c-02-V2-LOCATIONS,D_shenzhen,True,47.881435294776004,45540.60018,prd
True,164.91556357059702,116.294849538557,C100,139.0,4,"[""D_dongguan"", ""D_foshan"", ""D_guangzhou"", ""D_shenzhen""]","{""D_dongguan"": 164.91556357059702, ""D_foshan"": 193.28370882413302, ""D_guangzhou"": 206.443229916311, ""D_shenzhen"": 48.620714032040006}",52557.083640000004,cn-prd-150c-02-V2-LOCATIONS,D_shenzhen,True,48.620714032040006,49260.316679999996,prd
True,164.806054573578,116.473073823514,C101,278.0,4,"[""D_dongguan"", ""D_foshan"", ""D_guangzhou"", ""D_shenzhen""]","{""D_dongguan"": 164.806054573578, ""D_foshan"": 193.055688573831, ""D_guangzhou"": 206.215209666009, ""D_shenzhen"": 48.332980750064}",47692.56516,cn-prd-150c-02-V2-LOCATIONS,D_shenzhen,True,48.332980750064,45762.5289,prd
True,157.646066036776,106.474159289206,C102,278.0,4,"[""D_dongguan"", ""D_foshan"", ""D_guangzhou"", ""D_shenzhen""]","{""D_dongguan"": 157.646066036776, ""D_foshan"": 203.39451138046402, ""D_guangzhou"": 216.55403247264204, ""D_shenzhen"": 51.17190674757}",54548.99196,cn-prd-150c-02-V2-LOCATIONS,D_shenzhen,True,51.17190674757,51540.86334,prd
True,162.249803257967,106.474159289206,C103,347.0,4,"[""D_dongguan"", ""D_foshan"", ""D_guangzhou"", ""D_shenzhen""]","{""D_dongguan"": 162.249803257967, ""D_foshan"": 204.153759145143, ""D_guangzhou"": 217.31328023732098, ""D_shenzhen"": 55.775643968760996}",58559.48772,cn-prd-150c-02-V2-LOCATIONS,D_shenzhen,True,55.775643968760996,56356.830299999994,prd
True,158.196792139719,106.474159289206,C104,347.0,4,"[""D_dongguan"", ""D_foshan"", ""D_guangzhou"", ""D_shenzhen""]","{""D_dongguan"": 158.196792139719, ""D_foshan"": 199.973945042812, ""D_guangzhou"": 213.133466134989, ""D_shenzhen"": 51.722632850513}",58681.8456,cn-prd-150c-02-V2-LOCATIONS,D_shenzhen,True,51.722632850513,55312.4979,prd
True,151.687128266766,106.474159289206,C105,347.0,4,"[""D_dongguan"", ""D_foshan"", ""D_guangzhou"", ""D_shenzhen""]","{""D_dongguan"": 151.687128266766, ""D_foshan"": 207.509475544166, ""D_guangzhou"": 210.652767957387, ""D_shenzhen"": 45.212968977559996}",50600.90418,cn-prd-150c-02-V2-LOCATIONS,D_shenzhen,True,45.212968977559996,48048.97206,prd
True,165.69104983398802,106.47415928920603,C106,347.0,4,"[""D_dongguan"", ""D_foshan"", ""D_guangzhou"", ""D_shenzhen""]","{""D_dongguan"": 165.69104983398802, ""D_foshan"": 206.11085102395998, ""D_guangzhou"": 219.270372116138, ""D_shenzhen"": 59.216890544782}",52407.1617,cn-prd-150c-02-V2-LOCATIONS,D_shenzhen,True,59.216890544782,49914.96564,prd
True,158.162629933558,106.47415928920601,C107,139.0,4,"[""D_dongguan"", ""D_foshan"", ""D_guangzhou"", ""D_shenzhen""]","{""D_dongguan"": 158.162629933558, ""D_foshan"": 199.19168746279598, ""D_guangzhou"": 212.351208554974, ""D_shenzhen"": 51.688470644351995}",62124.561720000005,cn-prd-150c-02-V2-LOCATIONS,D_shenzhen,True,51.688470644351995,59129.1459,prd
True,153.553208042626,106.47415928920601,C108,208.0,4,"[""D_dongguan"", ""D_foshan"", ""D_guangzhou"", ""D_shenzhen""]","{""D_dongguan"": 153.553208042626, ""D_foshan"": 198.03366023936502, ""D_guangzhou"": 200.98373223126802, ""D_shenzhen"": 47.07904875342}",49052.37042,cn-prd-150c-02-V2-LOCATIONS,D_shenzhen,True,47.07904875342,46093.81362,prd
True,163.073683618919,106.474159289206,C109,278.0,4,"[""D_dongguan"", ""D_foshan"", ""D_guangzhou"", ""D_shenzhen""]","{""D_dongguan"": 163.073683618919, ""D_foshan"": 200.10150495059298, ""D_guangzhou"": 213.261026042771, ""D_shenzhen"": 56.599524329713}",47418.55458,cn-prd-150c-02-V2-LOCATIONS,D_shenzhen,True,56.599524329713,45205.976160000006,prd
True,159.545264078979,106.47415928920599,C110,417.0,4,"[""D_dongguan"", ""D_foshan"", ""D_guangzhou"", ""D_shenzhen""]","{""D_dongguan"": 159.545264078979, ""D_foshan"": 198.896488059148, ""D_guangzhou"": 212.056009151326, ""D_shenzhen"": 53.071104789773}",58299.7785,cn-prd-150c-02-V2-LOCATIONS,D_shenzhen,True,53.071104789773,55819.036439999996,prd
True,159.775804730581,106.474159289206,C111,208.0,4,"[""D_dongguan"", ""D_foshan"", ""D_guangzhou"", ""D_shenzhen""]","{""D_dongguan"": 159.775804730581, ""D_foshan"": 198.896097530022, ""D_guangzhou"": 212.05561862219997, ""D_shenzhen"": 53.301645441375}",66434.37180000001,cn-prd-150c-02-V2-LOCATIONS,D_shenzhen,True,53.301645441375,63166.11642,prd
True,165.75687111998798,116.47307382351397,C112,347.0,4,"[""D_dongguan"", ""D_foshan"", ""D_guangzhou"", ""D_shenzhen""]","{""D_dongguan"": 165.75687111998798, ""D_foshan"": 192.147109362594, ""D_guangzhou"": 205.306630454772, ""D_shenzhen"": 49.283797296474006}",64397.53446000001,cn-prd-150c-02-V2-LOCATIONS,D_shenzhen,True,49.283797296474006,62527.84968000001,prd
True,160.917670234495,106.474159289206,C113,208.0,4,"[""D_dongguan"", ""D_foshan"", ""D_guangzhou"", ""D_shenzhen""]","{""D_dongguan"": 160.917670234495, ""D_foshan"": 203.968883951566, ""D_guangzhou"": 217.128405043744, ""D_shenzhen"": 54.443510945289006}",43128.31548,cn-prd-150c-02-V2-LOCATIONS,D_shenzhen,True,54.443510945289006,41057.52942,prd
True,165.93465411921702,109.21949100424801,C114,347.0,4,"[""D_dongguan"", ""D_foshan"", ""D_guangzhou"", ""D_shenzhen""]","{""D_dongguan"": 165.93465411921702, ""D_foshan"": 203.299052184563, ""D_guangzhou"": 216.458573276741, ""D_shenzhen"": 56.715163114969}",62145.8067,cn-prd-150c-02-V2-LOCATIONS,D_shenzhen,True,56.715163114969,59654.55174,prd
True,169.376832572538,116.99895424823,C115,417.0,4,"[""D_dongguan"", ""D_foshan"", ""D_guangzhou"", ""D_shenzhen""]","{""D_dongguan"": 169.376832572538, ""D_foshan"": 195.393450399976, ""D_guangzhou"": 208.552971492154, ""D_shenzhen"": 52.377878324308}",46684.29492,cn-prd-150c-02-V2-LOCATIONS,D_shenzhen,True,52.377878324308,43885.15812,prd
True,151.687128266766,106.474159289206,C116,278.0,4,"[""D_dongguan"", ""D_foshan"", ""D_guangzhou"", ""D_shenzhen""]","{""D_dongguan"": 151.687128266766, ""D_foshan"": 207.509475544166, ""D_guangzhou"": 210.652767957387, ""D_shenzhen"": 45.212968977559996}",55073.94042,cn-prd-150c-02-V2-LOCATIONS,D_shenzhen,True,45.212968977559996,53224.0278,prd
True,151.664421759193,106.474159289206,C117,139.0,4,"[""D_dongguan"", ""D_foshan"", ""D_guangzhou"", ""D_shenzhen""]","{""D_dongguan"": 151.664421759193, ""D_foshan"": 204.69905330101298, ""D_guangzhou"": 207.756590170165, ""D_shenzhen"": 45.190262469987}",59896.20996,cn-prd-150c-02-V2-LOCATIONS,D_shenzhen,True,45.190262469987,57472.92768,prd
True,163.271567199215,117.24103659809202,C118,347.0,4,"[""D_dongguan"", ""D_foshan"", ""D_guangzhou"", ""D_shenzhen""]","{""D_dongguan"": 163.271567199215, ""D_foshan"": 193.70841467740402, ""D_guangzhou"": 206.867935769582, ""D_shenzhen"": 46.030530601123}",47657.36682,cn-prd-150c-02-V2-LOCATIONS,D_shenzhen,True,46.030530601123,44158.437060000004,prd
True,169.269061184886,116.34347146530101,C119,347.0,4,"[""D_dongguan"", ""D_foshan"", ""D_guangzhou"", ""D_shenzhen""]","{""D_dongguan"": 169.269061184886, ""D_foshan"": 194.48401433575503, ""D_guangzhou"": 207.643535427933, ""D_shenzhen"": 52.925589719585}",59069.36274,cn-prd-150c-02-V2-LOCATIONS,D_shenzhen,True,52.925589719585,56763.09396,prd
True,157.60620868291002,106.47415928920603,C120,208.0,4,"[""D_dongguan"", ""D_foshan"", ""D_guangzhou"", ""D_shenzhen""]","{""D_dongguan"": 157.60620868291002, ""D_foshan"": 206.097049431953, ""D_guangzhou"": 219.25657052412998, ""D_shenzhen"": 51.132049393704}",56952.042239999995,cn-prd-150c-02-V2-LOCATIONS,D_shenzhen,True,51.132049393704,54029.81604,prd
True,151.76711334005802,106.47415928920601,C121,278.0,4,"[""D_dongguan"", ""D_foshan"", ""D_guangzhou"", ""D_shenzhen""]","{""D_dongguan"": 151.76711334005802, ""D_foshan"": 204.801744881878, ""D_guangzhou"": 207.85928175103, ""D_shenzhen"": 45.292954050852}",54548.99196,cn-prd-150c-02-V2-LOCATIONS,D_shenzhen,True,45.292954050852,51540.86334,prd
True,157.112431038284,109.35018585431601,C122,139.0,4,"[""D_dongguan"", ""D_foshan"", ""D_guangzhou"", ""D_shenzhen""]","{""D_dongguan"": 157.112431038284, ""D_foshan"": 194.735819208931, ""D_guangzhou"": 197.68589120083402, ""D_shenzhen"": 47.762245183968}",52557.083640000004,cn-prd-150c-02-V2-LOCATIONS,D_shenzhen,True,47.762245183968,49260.316679999996,prd
True,158.196792138869,106.474159289206,C123,417.0,4,"[""D_dongguan"", ""D_foshan"", ""D_guangzhou"", ""D_shenzhen""]","{""D_dongguan"": 158.196792138869, ""D_foshan"": 199.973945041962, ""D_guangzhou"": 213.13346613413898, ""D_shenzhen"": 51.722632849663}",61816.61465999999,cn-prd-150c-02-V2-LOCATIONS,D_shenzhen,True,51.722632849663,58528.57956,prd
True,156.208066717825,106.474159289206,C124,278.0,4,"[""D_dongguan"", ""D_foshan"", ""D_guangzhou"", ""D_shenzhen""]","{""D_dongguan"": 156.208066717825, ""D_foshan"": 199.37214373901, ""D_guangzhou"": 212.53166483118798, ""D_shenzhen"": 49.733907428619}",60508.945680000004,cn-prd-150c-02-V2-LOCATIONS,D_shenzhen,True,49.733907428619,58344.44927999999,prd
True,151.66442189700402,106.47415928920603,C125,208.0,4,"[""D_dongguan"", ""D_foshan"", ""D_guangzhou"", ""D_shenzhen""]","{""D_dongguan"": 151.66442189700402, ""D_foshan"": 208.821688667206, ""D_guangzhou"": 211.879225536357, ""D_shenzhen"": 45.190262607798}",61492.98234,cn-prd-150c-02-V2-LOCATIONS,D_shenzhen,True,45.190262607798,58699.350419999995,prd
True,162.76217498980202,106.47415928920603,C126,417.0,4,"[""D_dongguan"", ""D_foshan"", ""D_guangzhou"", ""D_shenzhen""]","{""D_dongguan"": 162.76217498980202, ""D_foshan"": 200.153190542676, ""D_guangzhou"": 213.312711634854, ""D_shenzhen"": 56.288015700596}",61763.49384,cn-prd-150c-02-V2-LOCATIONS,D_shenzhen,True,56.288015700596,58380.66066,prd
True,160.568535522449,106.474159289206,C127,347.0,4,"[""D_dongguan"", ""D_foshan"", ""D_guangzhou"", ""D_shenzhen""]","{""D_dongguan"": 160.568535522449, ""D_foshan"": 203.76107054617898, ""D_guangzhou"": 216.920591638357, ""D_shenzhen"": 54.094376233243}",46104.35586,cn-prd-150c-02-V2-LOCATIONS,D_shenzhen,True,54.094376233243,43993.03974,prd
True,159.54526411353902,106.47415928920603,C128,208.0,4,"[""D_dongguan"", ""D_foshan"", ""D_guangzhou"", ""D_shenzhen""]","{""D_dongguan"": 159.54526411353902, ""D_foshan"": 198.896488093708, ""D_guangzhou"": 212.056009185886, ""D_shenzhen"": 53.071104824333}",59655.56166,cn-prd-150c-02-V2-LOCATIONS,D_shenzhen,True,53.071104824333,56143.4949,prd
True,154.26268457510298,108.47055494336497,C129,278.0,4,"[""D_dongguan"", ""D_foshan"", ""D_guangzhou"", ""D_shenzhen""]","{""D_dongguan"": 154.26268457510298, ""D_foshan"": 196.16826699531103, ""D_guangzhou"": 199.11833898721298, ""D_shenzhen"": 45.79212963173801}",63655.11438,cn-prd-150c-02-V2-LOCATIONS,D_shenzhen,True,45.79212963173801,60271.42122,prd
True,160.24179649373,106.474159289206,C130,139.0,4,"[""D_dongguan"", ""D_foshan"", ""D_guangzhou"", ""D_shenzhen""]","{""D_dongguan"": 160.24179649373, ""D_foshan"": 204.28303442861403, ""D_guangzhou"": 217.442555520792, ""D_shenzhen"": 53.767637204524}",58706.121960000004,cn-prd-150c-02-V2-LOCATIONS,D_shenzhen,True,53.767637204524,56679.10602,prd
True,159.545264103639,106.474159289206,C131,347.0,4,"[""D_dongguan"", ""D_foshan"", ""D_guangzhou"", ""D_shenzhen""]","{""D_dongguan"": 159.545264103639, ""D_foshan"": 199.047575593802, ""D_guangzhou"": 212.20709668598002, ""D_shenzhen"": 53.071104814433}",50584.418099999995,cn-prd-150c-02-V2-LOCATIONS,D_shenzhen,True,53.071104814433,48392.59626,prd
True,169.71900489026098,116.61048640907798,C132,139.0,4,"[""D_dongguan"", ""D_foshan"", ""D_guangzhou"", ""D_shenzhen""]","{""D_dongguan"": 169.71900489026098, ""D_foshan"": 194.66694309735297, ""D_guangzhou"": 207.82646418953098, ""D_shenzhen"": 53.108518481183}",48704.1414,cn-prd-150c-02-V2-LOCATIONS,D_shenzhen,True,53.108518481183,45995.04612,prd
True,158.626272558351,106.47415928920599,C133,139.0,4,"[""D_dongguan"", ""D_foshan"", ""D_guangzhou"", ""D_shenzhen""]","{""D_dongguan"": 158.626272558351, ""D_foshan"": 199.907572702097, ""D_guangzhou"": 213.06709379427502, ""D_shenzhen"": 52.152113269145005}",46357.95372,cn-prd-150c-02-V2-LOCATIONS,D_shenzhen,True,52.152113269145005,43536.410820000005,prd
True,156.787075059222,106.474159289206,C134,417.0,4,"[""D_dongguan"", ""D_foshan"", ""D_guangzhou"", ""D_shenzhen""]","{""D_dongguan"": 156.787075059222, ""D_foshan"": 197.855839232959, ""D_guangzhou"": 211.01536032513698, ""D_shenzhen"": 50.312915770016}",61816.61465999999,cn-prd-150c-02-V2-LOCATIONS,D_shenzhen,True,50.312915770016,58528.57956,prd
True,158.75387550589198,106.47415928920599,C135,417.0,4,"[""D_dongguan"", ""D_foshan"", ""D_guangzhou"", ""D_shenzhen""]","{""D_dongguan"": 158.75387550589198, ""D_foshan"": 197.303480506277, ""D_guangzhou"": 210.463001598455, ""D_shenzhen"": 52.279716216686}",50716.50708,cn-prd-150c-02-V2-LOCATIONS,D_shenzhen,True,52.279716216686,48204.13638,prd
True,166.544805036627,117.18586461321999,C136,139.0,4,"[""D_dongguan"", ""D_foshan"", ""D_guangzhou"", ""D_shenzhen""]","{""D_dongguan"": 166.544805036627, ""D_foshan"": 192.086474166702, ""D_guangzhou"": 205.24599525888001, ""D_shenzhen"": 49.358940423407006}",51548.641019999995,cn-prd-150c-02-V2-LOCATIONS,D_shenzhen,True,49.358940423407006,48355.939979999996,prd
True,168.67137540457003,116.62670249981103,C137,278.0,4,"[""D_dongguan"", ""D_foshan"", ""D_guangzhou"", ""D_shenzhen""]","{""D_dongguan"": 168.67137540457003, ""D_foshan"": 191.54395578863, ""D_guangzhou"": 196.689018794589, ""D_shenzhen"": 52.044672904759}",48682.99662,cn-prd-150c-02-V2-LOCATIONS,D_shenzhen,True,52.044672904759,46828.50054,prd
True,167.165054152361,109.04986651130798,C138,417.0,4,"[""D_dongguan"", ""D_foshan"", ""D_guangzhou"", ""D_shenzhen""]","{""D_dongguan"": 167.165054152361, ""D_foshan"": 207.58485534233301, ""D_guangzhou"": 220.74437643451097, ""D_shenzhen"": 58.115187641053005}",58475.00688,cn-prd-150c-02-V2-LOCATIONS,D_shenzhen,True,58.115187641053005,54907.56822,prd
True,158.735759688208,106.474159289206,C139,139.0,4,"[""D_dongguan"", ""D_foshan"", ""D_guangzhou"", ""D_shenzhen""]","{""D_dongguan"": 158.735759688208, ""D_foshan"": 196.513785318653, ""D_guangzhou"": 209.673306410831, ""D_shenzhen"": 52.261600399002}",62195.149379999995,cn-prd-150c-02-V2-LOCATIONS,D_shenzhen,True,52.261600399002,59976.41076,prd
True,161.538334807772,106.474159289206,C140,139.0,4,"[""D_dongguan"", ""D_foshan"", ""D_guangzhou"", ""D_shenzhen""]","{""D_dongguan"": 161.538334807772, ""D_foshan"": 203.968883952596, ""D_guangzhou"": 217.128405044774, ""D_shenzhen"": 55.064175518566}",62871.689099999996,cn-prd-150c-02-V2-LOCATIONS,D_shenzhen,True,55.064175518566,59856.0222,prd
True,162.74715321662202,106.47415928920603,C141,139.0,4,"[""D_dongguan"", ""D_foshan"", ""D_guangzhou"", ""D_shenzhen""]","{""D_dongguan"": 162.74715321662202, ""D_foshan"": 200.138168769496, ""D_guangzhou"": 213.297689861674, ""D_shenzhen"": 56.272993927415996}",46561.10262,cn-prd-150c-02-V2-LOCATIONS,D_shenzhen,True,56.272993927415996,43386.41898,prd
True,169.250176985262,116.34347146530098,C142,208.0,4,"[""D_dongguan"", ""D_foshan"", ""D_guangzhou"", ""D_shenzhen""]","{""D_dongguan"": 169.250176985262, ""D_foshan"": 194.46513013613102, ""D_guangzhou"": 207.62465122830903, ""D_shenzhen"": 52.906705519961}",52625.71212,cn-prd-150c-02-V2-LOCATIONS,D_shenzhen,True,52.906705519961,49378.6164,prd
True,158.55540069651002,106.47415928920603,C143,139.0,4,"[""D_dongguan"", ""D_foshan"", ""D_guangzhou"", ""D_shenzhen""]","{""D_dongguan"": 158.55540069651002, ""D_foshan"": 198.889355124234, ""D_guangzhou"": 212.048876216412, ""D_shenzhen"": 52.081241407304}",53088.95286,cn-prd-150c-02-V2-LOCATIONS,D_shenzhen,True,52.081241407304,50144.2134,prd
True,160.039693533749,111.373575699708,C144,139.0,4,"[""D_dongguan"", ""D_foshan"", ""D_guangzhou"", ""D_shenzhen""]","{""D_dongguan"": 160.039693533749, ""D_foshan"": 195.88623236831202, ""D_guangzhou"": 197.87528170544996, ""D_shenzhen"": 48.666117834040996}",45301.2585,cn-prd-150c-02-V2-LOCATIONS,D_shenzhen,True,48.666117834040996,42353.00424,prd
True,156.92025594646302,111.54879067983101,C145,139.0,4,"[""D_dongguan"", ""D_foshan"", ""D_guangzhou"", ""D_shenzhen""]","{""D_dongguan"": 156.92025594646302, ""D_foshan"": 194.73581919187097, ""D_guangzhou"": 197.68589118377398, ""D_shenzhen"": 45.371465266632}",66873.63108,cn-prd-150c-02-V2-LOCATIONS,D_shenzhen,True,45.371465266632,63324.51576,prd
True,160.75932729169097,106.47415928920597,C146,139.0,4,"[""D_dongguan"", ""D_foshan"", ""D_guangzhou"", ""D_shenzhen""]","{""D_dongguan"": 160.75932729169097, ""D_foshan"": 204.65563598239603, ""D_guangzhou"": 217.815157074574, ""D_shenzhen"": 54.285168002485}",47375.20122,cn-prd-150c-02-V2-LOCATIONS,D_shenzhen,True,54.285168002485,44939.120339999994,prd
True,166.86170899083902,109.38049082268802,C147,208.0,4,"[""D_dongguan"", ""D_foshan"", ""D_guangzhou"", ""D_shenzhen""]","{""D_dongguan"": 166.86170899083902, ""D_foshan"": 207.28151018081098, ""D_guangzhou"": 220.441031272989, ""D_shenzhen"": 57.481218168150995}",45232.056240000005,cn-prd-150c-02-V2-LOCATIONS,D_shenzhen,True,57.481218168150995,41724.89286,prd
True,167.598889415818,114.48979191695702,C148,278.0,4,"[""D_dongguan"", ""D_foshan"", ""D_guangzhou"", ""D_shenzhen""]","{""D_dongguan"": 167.598889415818, ""D_foshan"": 195.01480994950504, ""D_guangzhou"": 208.174331041683, ""D_shenzhen"": 53.109097498861}",49232.33766,cn-prd-150c-02-V2-LOCATIONS,D_shenzhen,True,53.109097498861,46515.79662,prd
True,165.50666899127,106.474159289206,C149,208.0,4,"[""D_dongguan"", ""D_foshan"", ""D_guangzhou"", ""D_shenzhen""]","{""D_dongguan"": 165.50666899127, ""D_foshan"": 205.92647018124197, ""D_guangzhou"": 219.08599127341998, ""D_shenzhen"": 59.032509702064004}",47155.54842,cn-prd-150c-02-V2-LOCATIONS,D_shenzhen,True,59.032509702064004,43984.03794,prd
True,160.96478125017398,106.47415928920599,C150,208.0,4,"[""D_dongguan"", ""D_foshan"", ""D_guangzhou"", ""D_shenzhen""]","{""D_dongguan"": 160.96478125017398, ""D_foshan"": 203.364916109291, ""D_guangzhou"": 216.52443720146798, ""D_shenzhen"": 54.490621960968}",47671.92882,cn-prd-150c-02-V2-LOCATIONS,D_shenzhen,True,54.490621960968,44297.06856,prd
True,67.185080442871,12.539867704255002,C001,139.0,4,"[""D_dongguan"", ""D_foshan"", ""D_guangzhou"", ""D_shenzhen""]","{""D_dongguan"": 54.645212738615996, ""D_foshan"": 130.06949309731, ""D_guangzhou"": 67.185080442871, ""D_shenzhen"": 104.266375532776}",52692.61188,cn-prd-150c-03-V2-LOCATIONS,D_dongguan,True,54.645212738615996,49971.045600000005,prd
True,66.76772849721901,4.54653206486001,C002,208.0,4,"[""D_dongguan"", ""D_foshan"", ""D_guangzhou"", ""D_shenzhen""]","{""D_dongguan"": 62.221196432359, ""D_foshan"": 117.764794967024, ""D_guangzhou"": 66.76772849721901, ""D_shenzhen"": 104.834824064349}",46698.47268,cn-prd-150c-03-V2-LOCATIONS,D_dongguan,True,62.221196432359,43548.79638,prd
True,67.520045315226,4.927385242246999,C003,139.0,4,"[""D_dongguan"", ""D_foshan"", ""D_guangzhou"", ""D_shenzhen""]","{""D_dongguan"": 62.592660072979, ""D_foshan"": 116.083288443347, ""D_guangzhou"": 67.520045315226, ""D_shenzhen"": 104.57624791170299}",45997.29432,cn-prd-150c-03-V2-LOCATIONS,D_dongguan,True,62.592660072979,43898.56332,prd
True,68.03938180641501,17.838726954558005,C004,278.0,4,"[""D_dongguan"", ""D_foshan"", ""D_guangzhou"", ""D_shenzhen""]","{""D_dongguan"": 50.200654851857, ""D_foshan"": 133.304853771147, ""D_guangzhou"": 68.03938180641501, ""D_shenzhen"": 112.62701969752699}",46191.7938,cn-prd-150c-03-V2-LOCATIONS,D_dongguan,True,50.200654851857,43177.26768,prd
True,64.690925368012,13.556212327190003,C005,278.0,4,"[""D_dongguan"", ""D_foshan"", ""D_guangzhou"", ""D_shenzhen""]","{""D_dongguan"": 51.134713040822, ""D_foshan"": 132.877730604026, ""D_guangzhou"": 64.690925368012, ""D_shenzhen"": 116.539675163532}",44511.66252,cn-prd-150c-03-V2-LOCATIONS,D_dongguan,True,51.134713040822,41491.368239999996,prd
True,64.786048404112,13.556212327189996,C006,278.0,4,"[""D_dongguan"", ""D_foshan"", ""D_guangzhou"", ""D_shenzhen""]","{""D_dongguan"": 51.229836076922, ""D_foshan"": 132.972853640126, ""D_guangzhou"": 64.786048404112, ""D_shenzhen"": 116.634798199632}",44535.032699999996,cn-prd-150c-03-V2-LOCATIONS,D_dongguan,True,51.229836076922,41717.06094,prd
True,72.64274778974001,13.117824293727018,C007,347.0,4,"[""D_dongguan"", ""D_foshan"", ""D_guangzhou"", ""D_shenzhen""]","{""D_dongguan"": 59.524923496012995, ""D_foshan"": 126.89081527969701, ""D_guangzhou"": 72.64274778974001, ""D_shenzhen"": 101.85215615669802}",52149.7341,cn-prd-150c-03-V2-LOCATIONS,D_dongguan,True,59.524923496012995,48757.15464,prd
True,72.038378229407,11.763524238720002,C008,139.0,4,"[""D_dongguan"", ""D_foshan"", ""D_guangzhou"", ""D_shenzhen""]","{""D_dongguan"": 60.274853990687, ""D_foshan"": 126.08731858683001, ""D_guangzhou"": 72.038378229407, ""D_shenzhen"": 101.85619496404699}",59388.575339999996,cn-prd-150c-03-V2-LOCATIONS,D_dongguan,True,60.274853990687,56631.65472,prd
True,67.001717753839,5.154504058259995,C009,347.0,4,"[""D_dongguan"", ""D_foshan"", ""D_guangzhou"", ""D_shenzhen""]","{""D_dongguan"": 61.84721369557901, ""D_foshan"": 117.99878422364401, ""D_guangzhou"": 67.001717753839, ""D_shenzhen"": 105.068813320969}",60187.40436,cn-prd-150c-03-V2-LOCATIONS,D_dongguan,True,61.84721369557901,57344.02314,prd
True,67.776295269682,14.605906844198003,C010,278.0,4,"[""D_dongguan"", ""D_foshan"", ""D_guangzhou"", ""D_shenzhen""]","{""D_dongguan"": 53.17038842548399, ""D_foshan"": 133.404101337367, ""D_guangzhou"": 67.776295269682, ""D_shenzhen"": 112.72626726374699}",44617.93068,cn-prd-150c-03-V2-LOCATIONS,D_dongguan,True,53.17038842548399,41358.39318,prd
True,74.79647699961701,17.031506432813018,C011,208.0,4,"[""D_dongguan"", ""D_foshan"", ""D_guangzhou"", ""D_shenzhen""]","{""D_dongguan"": 57.764970566803996, ""D_foshan"": 124.594707443045, ""D_guangzhou"": 74.79647699961701, ""D_shenzhen"": 96.553757764426}",49316.22858,cn-prd-150c-03-V2-LOCATIONS,D_dongguan,True,57.764970566803996,46930.99896,prd
True,67.414473594827,-2.045035926139988,C012,347.0,4,"[""D_dongguan"", ""D_foshan"", ""D_guangzhou"", ""D_shenzhen""]","{""D_dongguan"": 69.45950952096699, ""D_foshan"": 108.461785431849, ""D_guangzhou"": 67.414473594827, ""D_shenzhen"": 105.584682896485}",49998.940019999995,cn-prd-150c-03-V2-LOCATIONS,D_dongguan,True,69.45950952096699,47795.70342,prd
True,71.898767098096,11.053629710675999,C013,139.0,4,"[""D_dongguan"", ""D_foshan"", ""D_guangzhou"", ""D_shenzhen""]","{""D_dongguan"": 60.84513738742, ""D_foshan"": 126.18316081446001, ""D_guangzhou"": 71.898767098096, ""D_shenzhen"": 101.952037191677}",60624.72552,cn-prd-150c-03-V2-LOCATIONS,D_dongguan,True,60.84513738742,58232.35746,prd
True,67.371465456919,5.750773717819996,C014,417.0,4,"[""D_dongguan"", ""D_foshan"", ""D_guangzhou"", ""D_shenzhen""]","{""D_dongguan"": 61.620691739099, ""D_foshan"": 127.952376180219, ""D_guangzhou"": 67.371465456919, ""D_shenzhen"": 103.947924399785}",60860.13666,cn-prd-150c-03-V2-LOCATIONS,D_dongguan,True,61.620691739099,58145.33184,prd
True,61.971556269212996,8.728797227669993,C015,139.0,4,"[""D_dongguan"", ""D_foshan"", ""D_guangzhou"", ""D_shenzhen""]","{""D_dongguan"": 53.242759041543, ""D_foshan"": 120.147033823988, ""D_guangzhou"": 61.971556269212996, ""D_shenzhen"": 112.069109319133}",63160.44726,cn-prd-150c-03-V2-LOCATIONS,D_dongguan,True,53.242759041543,60122.545679999996,prd
True,66.843571559745,4.642396228674002,C016,347.0,4,"[""D_dongguan"", ""D_foshan"", ""D_guangzhou"", ""D_shenzhen""]","{""D_dongguan"": 62.201175331071, ""D_foshan"": 128.477551394556, ""D_guangzhou"": 66.843571559745, ""D_shenzhen"": 104.69100078167999}",50951.04468,cn-prd-150c-03-V2-LOCATIONS,D_dongguan,True,62.201175331071,47949.02838,prd
True,73.91164802504099,15.587709172415991,C017,278.0,4,"[""D_dongguan"", ""D_foshan"", ""D_guangzhou"", ""D_shenzhen""]","{""D_dongguan"": 58.323938852625, ""D_foshan"": 125.38251136992, ""D_guangzhou"": 73.91164802504099, ""D_shenzhen"": 97.900235533533}",47765.36286,cn-prd-150c-03-V2-LOCATIONS,D_dongguan,True,58.323938852625,44381.7267,prd
True,68.496290066983,3.575068200435993,C018,278.0,4,"[""D_dongguan"", ""D_foshan"", ""D_guangzhou"", ""D_shenzhen""]","{""D_dongguan"": 64.921221866547, ""D_foshan"": 124.82584591525901, ""D_guangzhou"": 68.496290066983, ""D_shenzhen"": 102.78376356903699}",57869.2089,cn-prd-150c-03-V2-LOCATIONS,D_dongguan,True,64.921221866547,55187.58324,prd
True,71.9175907381,11.671561083434,C019,278.0,4,"[""D_dongguan"", ""D_foshan"", ""D_guangzhou"", ""D_shenzhen""]","{""D_dongguan"": 60.246029654666, ""D_foshan"": 126.605653665421, ""D_guangzhou"": 71.9175907381, ""D_shenzhen"": 102.38294995528702}",53286.02178,cn-prd-150c-03-V2-LOCATIONS,D_dongguan,True,60.246029654666,49737.54288,prd
True,66.672782248612,16.063378965534,C020,347.0,4,"[""D_dongguan"", ""D_foshan"", ""D_guangzhou"", ""D_shenzhen""]","{""D_dongguan"": 50.609403283077995, ""D_foshan"": 133.056089359497, ""D_guangzhou"": 66.672782248612, ""D_shenzhen"": 113.62653004227201}",51742.26642,cn-prd-150c-03-V2-LOCATIONS,D_dongguan,True,50.609403283077995,48266.65872,prd
True,101.509697549412,15.55615549250399,C021,278.0,4,"[""D_dongguan"", ""D_foshan"", ""D_guangzhou"", ""D_shenzhen""]","{""D_dongguan"": 211.92914301623898, ""D_foshan"": 85.953542056908, ""D_guangzhou"": 101.509697549412, ""D_shenzhen"": 251.06888284560898}",48637.101299999995,cn-prd-150c-03-V2-LOCATIONS,D_foshan,True,85.953542056908,45554.899020000004,prd
True,99.159625023759,12.243190988413005,C022,139.0,4,"[""D_dongguan"", ""D_foshan"", ""D_guangzhou"", ""D_shenzhen""]","{""D_dongguan"": 209.579070490586, ""D_foshan"": 86.916434035346, ""D_guangzhou"": 99.159625023759, ""D_shenzhen"": 252.031774824047}",61056.122879999995,cn-prd-150c-03-V2-LOCATIONS,D_foshan,True,86.916434035346,57484.331699999995,prd
True,98.758285922547,13.456037843103019,C023,139.0,4,"[""D_dongguan"", ""D_foshan"", ""D_guangzhou"", ""D_shenzhen""]","{""D_dongguan"": 209.177731389374, ""D_foshan"": 85.30224807944398, ""D_guangzhou"": 98.758285922547, ""D_shenzhen"": 250.417588868145}",55762.85676,cn-prd-150c-03-V2-LOCATIONS,D_foshan,True,85.30224807944398,52714.750739999996,prd
True,99.996540652965,14.985687040497993,C024,139.0,4,"[""D_dongguan"", ""D_foshan"", ""D_guangzhou"", ""D_shenzhen""]","{""D_dongguan"": 210.41598611979202, ""D_foshan"": 85.010853612467, ""D_guangzhou"": 99.996540652965, ""D_shenzhen"": 250.126194401168}",48434.33154,cn-prd-150c-03-V2-LOCATIONS,D_foshan,True,85.010853612467,45512.6457,prd
True,101.509697552712,15.556155492504004,C025,347.0,4,"[""D_dongguan"", ""D_foshan"", ""D_guangzhou"", ""D_shenzhen""]","{""D_dongguan"": 211.92914301953903, ""D_foshan"": 85.953542060208, ""D_guangzhou"": 101.509697552712, ""D_shenzhen"": 251.068882848909}",59276.52366,cn-prd-150c-03-V2-LOCATIONS,D_foshan,True,85.953542060208,57114.27072,prd
True,100.887121103542,11.631545122391003,C026,417.0,4,"[""D_dongguan"", ""D_foshan"", ""D_guangzhou"", ""D_shenzhen""]","{""D_dongguan"": 211.306566570369, ""D_foshan"": 89.255575981151, ""D_guangzhou"": 100.887121103542, ""D_shenzhen"": 254.370916769852}",47727.7305,cn-prd-150c-03-V2-LOCATIONS,D_foshan,True,89.255575981151,45474.778679999996,prd
True,100.930647022152,14.708423196281004,C027,278.0,4,"[""D_dongguan"", ""D_foshan"", ""D_guangzhou"", ""D_shenzhen""]","{""D_dongguan"": 211.350092488979, ""D_foshan"": 86.222223825871, ""D_guangzhou"": 100.930647022152, ""D_shenzhen"": 251.337564614572}",61487.89458,cn-prd-150c-03-V2-LOCATIONS,D_foshan,True,86.222223825871,58637.15382,prd
True,101.54495963766199,15.556155492503976,C028,208.0,4,"[""D_dongguan"", ""D_foshan"", ""D_guangzhou"", ""D_shenzhen""]","{""D_dongguan"": 211.964405104489, ""D_foshan"": 85.98880414515801, ""D_guangzhou"": 101.54495963766199, ""D_shenzhen"": 251.104144933859}",48246.68196,cn-prd-150c-03-V2-LOCATIONS,D_foshan,True,85.98880414515801,44680.58238,prd
True,98.634158582287,11.413608518236003,C029,278.0,4,"[""D_dongguan"", ""D_foshan"", ""D_guangzhou"", ""D_shenzhen""]","{""D_dongguan"": 209.053604049114, ""D_foshan"": 87.220550064051, ""D_guangzhou"": 98.634158582287, ""D_shenzhen"": 252.33589085275202}",59637.166979999995,cn-prd-150c-03-V2-LOCATIONS,D_foshan,True,87.220550064051,56700.687900000004,prd
True,114.79902406333201,25.751643216166016,C030,139.0,4,"[""D_dongguan"", ""D_foshan"", ""D_guangzhou"", ""D_shenzhen""]","{""D_dongguan"": 224.686741629483, ""D_foshan"": 89.047380847166, ""D_guangzhou"": 114.79902406333201, ""D_shenzhen"": 254.162721635867}",44533.58934,cn-prd-150c-03-V2-LOCATIONS,D_foshan,True,89.047380847166,42140.16204,prd
True,98.634158550867,11.413608518236003,C031,347.0,4,"[""D_dongguan"", ""D_foshan"", ""D_guangzhou"", ""D_shenzhen""]","{""D_dongguan"": 209.053604017694, ""D_foshan"": 87.220550032631, ""D_guangzhou"": 98.634158550867, ""D_shenzhen"": 252.335890821332}",45717.44328,cn-prd-150c-03-V2-LOCATIONS,D_foshan,True,87.220550032631,43834.89384,prd
True,95.556399571916,14.831073337572008,C032,347.0,4,"[""D_dongguan"", ""D_foshan"", ""D_guangzhou"", ""D_shenzhen""]","{""D_dongguan"": 205.97584503874398, ""D_foshan"": 80.725326234344, ""D_guangzhou"": 95.556399571916, ""D_shenzhen"": 245.840667023045}",64707.678,cn-prd-150c-03-V2-LOCATIONS,D_foshan,True,80.725326234344,62464.76556,prd
True,100.31534412380701,11.413608518236018,C033,278.0,4,"[""D_dongguan"", ""D_foshan"", ""D_guangzhou"", ""D_shenzhen""]","{""D_dongguan"": 210.734789590634, ""D_foshan"": 88.90173560557099, ""D_guangzhou"": 100.31534412380701, ""D_shenzhen"": 254.01707639427198}",50411.946,cn-prd-150c-03-V2-LOCATIONS,D_foshan,True,88.90173560557099,47487.569639999994,prd
True,98.14898589954501,6.912438518444006,C034,208.0,4,"[""D_dongguan"", ""D_foshan"", ""D_guangzhou"", ""D_shenzhen""]","{""D_dongguan"": 208.56843136637198, ""D_foshan"": 91.236547381101, ""D_guangzhou"": 98.14898589954501, ""D_shenzhen"": 254.255144667659}",63067.30211999999,cn-prd-150c-03-V2-LOCATIONS,D_foshan,True,91.236547381101,60249.520260000005,prd
True,105.925920075228,21.238318122142005,C035,278.0,4,"[""D_dongguan"", ""D_foshan"", ""D_guangzhou"", ""D_shenzhen""]","{""D_dongguan"": 216.345365542055, ""D_foshan"": 84.687601953086, ""D_guangzhou"": 105.925920075228, ""D_shenzhen"": 249.802942741787}",54474.38628,cn-prd-150c-03-V2-LOCATIONS,D_foshan,True,84.687601953086,52316.12058,prd
True,102.26541529873401,17.452227066120003,C036,417.0,4,"[""D_dongguan"", ""D_foshan"", ""D_guangzhou"", ""D_shenzhen""]","{""D_dongguan"": 212.68486076556098, ""D_foshan"": 84.81318823261401, ""D_guangzhou"": 102.26541529873401, ""D_shenzhen"": 249.928529021316}",47533.44714,cn-prd-150c-03-V2-LOCATIONS,D_foshan,True,84.81318823261401,44757.86868,prd
True,95.84859283954,5.150061651597994,C037,417.0,4,"[""D_dongguan"", ""D_foshan"", ""D_guangzhou"", ""D_shenzhen""]","{""D_dongguan"": 206.268038306367, ""D_foshan"": 90.69853118794201, ""D_guangzhou"": 95.84859283954, ""D_shenzhen"": 255.786461371054}",59507.76324,cn-prd-150c-03-V2-LOCATIONS,D_foshan,True,90.69853118794201,55986.9924,prd
True,114.019965306014,25.751643216166002,C038,278.0,4,"[""D_dongguan"", ""D_foshan"", ""D_guangzhou"", ""D_shenzhen""]","{""D_dongguan"": 223.907682872165, ""D_foshan"": 88.268322089848, ""D_guangzhou"": 114.019965306014, ""D_shenzhen"": 253.38366287854902}",57679.93566,cn-prd-150c-03-V2-LOCATIONS,D_foshan,True,88.268322089848,54611.47992,prd
True,113.728333684804,25.751643216166002,C039,139.0,4,"[""D_dongguan"", ""D_foshan"", ""D_guangzhou"", ""D_shenzhen""]","{""D_dongguan"": 223.616051250955, ""D_foshan"": 87.976690468638, ""D_guangzhou"": 113.728333684804, ""D_shenzhen"": 253.092031257339}",46086.80412,cn-prd-150c-03-V2-LOCATIONS,D_foshan,True,87.976690468638,43234.37982,prd
True,100.04251665956099,14.271909842665991,C040,347.0,4,"[""D_dongguan"", ""D_foshan"", ""D_guangzhou"", ""D_shenzhen""]","{""D_dongguan"": 210.461962126388, ""D_foshan"": 85.770606816895, ""D_guangzhou"": 100.04251665956099, ""D_shenzhen"": 250.885947605596}",56845.0827,cn-prd-150c-03-V2-LOCATIONS,D_foshan,True,85.770606816895,53563.16394,prd
True,101.509697531542,15.556155492504004,C041,139.0,4,"[""D_dongguan"", ""D_foshan"", ""D_guangzhou"", ""D_shenzhen""]","{""D_dongguan"": 211.929142998369, ""D_foshan"": 85.953542039038, ""D_guangzhou"": 101.509697531542, ""D_shenzhen"": 251.068882827739}",46034.65176,cn-prd-150c-03-V2-LOCATIONS,D_foshan,True,85.953542039038,43744.812,prd
True,83.12062959433399,20.000519886895987,C042,347.0,4,"[""D_dongguan"", ""D_foshan"", ""D_guangzhou"", ""D_shenzhen""]","{""D_dongguan"": 172.75799602704998, ""D_foshan"": 83.12062959433399, ""D_guangzhou"": 63.120109707438004, ""D_shenzhen"": 226.72569429729901}",45815.774099999995,cn-prd-150c-03-V2-LOCATIONS,D_guangzhou,True,63.120109707438004,43922.622240000004,prd
True,72.480478060886,-5.609774712000004,C043,417.0,4,"[""D_dongguan"", ""D_foshan"", ""D_guangzhou"", ""D_shenzhen""]","{""D_dongguan"": 187.728139092498, ""D_foshan"": 72.480478060886, ""D_guangzhou"": 78.090252772886, ""D_shenzhen"": 237.350852707242}",64891.61556,cn-prd-150c-03-V2-LOCATIONS,D_guangzhou,True,78.090252772886,61654.74642,prd
True,79.94803845342,10.387394817002004,C044,139.0,4,"[""D_dongguan"", ""D_foshan"", ""D_guangzhou"", ""D_shenzhen""]","{""D_dongguan"": 179.19852995603003, ""D_foshan"": 79.94803845342, ""D_guangzhou"": 69.56064363641799, ""D_shenzhen"": 233.775278556376}",49149.271680000005,cn-prd-150c-03-V2-LOCATIONS,D_guangzhou,True,69.56064363641799,45945.3609,prd
True,78.69695140355701,8.113779337159016,C045,139.0,4,"[""D_dongguan"", ""D_foshan"", ""D_guangzhou"", ""D_shenzhen""]","{""D_dongguan"": 181.51908991475798, ""D_foshan"": 78.69695140355701, ""D_guangzhou"": 70.58317206639799, ""D_shenzhen"": 237.36409650479}",50299.002179999996,cn-prd-150c-03-V2-LOCATIONS,D_guangzhou,True,70.58317206639799,47205.21576,prd
True,89.508553991921,33.429819044780004,C046,417.0,4,"[""D_dongguan"", ""D_foshan"", ""D_guangzhou"", ""D_shenzhen""]","{""D_dongguan"": 165.716621266753, ""D_foshan"": 89.508553991921, ""D_guangzhou"": 56.078734947141, ""D_shenzhen"": 219.684319537002}",44968.973939999996,cn-prd-150c-03-V2-LOCATIONS,D_guangzhou,True,56.078734947141,42067.70136000001,prd
True,83.105265078053,23.36914189827999,C047,278.0,4,"[""D_dongguan"", ""D_foshan"", ""D_guangzhou"", ""D_shenzhen""]","{""D_dongguan"": 169.374009499385, ""D_foshan"": 83.105265078053, ""D_guangzhou"": 59.736123179773, ""D_shenzhen"": 223.341707769633}",57869.2089,cn-prd-150c-03-V2-LOCATIONS,D_guangzhou,True,59.736123179773,55187.58324,prd
True,78.401970469333,7.008549702735991,C048,278.0,4,"[""D_dongguan"", ""D_foshan"", ""D_guangzhou"", ""D_shenzhen""]","{""D_dongguan"": 181.81286623342498, ""D_foshan"": 78.401970469333, ""D_guangzhou"": 71.393420766597, ""D_shenzhen"": 237.37648166900698}",60320.2194,cn-prd-150c-03-V2-LOCATIONS,D_guangzhou,True,71.393420766597,57765.596340000004,prd
True,86.791370203738,24.989837132465,C049,208.0,4,"[""D_dongguan"", ""D_foshan"", ""D_guangzhou"", ""D_shenzhen""]","{""D_dongguan"": 171.43941939088498, ""D_foshan"": 86.791370203738, ""D_guangzhou"": 61.801533071273, ""D_shenzhen"": 225.40711766113398}",59111.07966,cn-prd-150c-03-V2-LOCATIONS,D_guangzhou,True,61.801533071273,56652.48744,prd
True,85.869009994982,24.091367085663002,C050,139.0,4,"[""D_dongguan"", ""D_foshan"", ""D_guangzhou"", ""D_shenzhen""]","{""D_dongguan"": 171.415529228931, ""D_foshan"": 85.869009994982, ""D_guangzhou"": 61.77764290931899, ""D_shenzhen"": 225.38322749918}",57117.21864000001,cn-prd-150c-03-V2-LOCATIONS,D_guangzhou,True,61.77764290931899,55287.88614,prd
True,78.630263848396,7.961828471473993,C051,208.0,4,"[""D_dongguan"", ""D_foshan"", ""D_guangzhou"", ""D_shenzhen""]","{""D_dongguan"": 181.73241775285803, ""D_foshan"": 78.630263848396, ""D_guangzhou"": 70.668435376922, ""D_shenzhen"": 237.51073676454402}",47235.2535,cn-prd-150c-03-V2-LOCATIONS,D_guangzhou,True,70.668435376922,44616.309239999995,prd
True,86.88252623671401,30.087938326190013,C052,278.0,4,"[""D_dongguan"", ""D_foshan"", ""D_guangzhou"", ""D_shenzhen""]","{""D_dongguan"": 166.43247423013602, ""D_foshan"": 86.88252623671401, ""D_guangzhou"": 56.794587910524, ""D_shenzhen"": 220.400172500385}",45259.63194,cn-prd-150c-03-V2-LOCATIONS,D_guangzhou,True,56.794587910524,43444.3929,prd
True,84.326177463485,22.301310708729993,C053,278.0,4,"[""D_dongguan"", ""D_foshan"", ""D_guangzhou"", ""D_shenzhen""]","{""D_dongguan"": 171.662753074367, ""D_foshan"": 84.326177463485, ""D_guangzhou"": 62.024866754755, ""D_shenzhen"": 225.630451344616}",59994.24414,cn-prd-150c-03-V2-LOCATIONS,D_guangzhou,True,62.024866754755,56829.20574,prd
True,81.32888557522,19.05009852921799,C054,347.0,4,"[""D_dongguan"", ""D_foshan"", ""D_guangzhou"", ""D_shenzhen""]","{""D_dongguan"": 171.916673365614, ""D_foshan"": 81.32888557522, ""D_guangzhou"": 62.27878704600201, ""D_shenzhen"": 225.884371635863}",51498.89604,cn-prd-150c-03-V2-LOCATIONS,D_guangzhou,True,62.27878704600201,49333.5402,prd
True,90.51188741344198,33.44261185061099,C055,208.0,4,"[""D_dongguan"", ""D_foshan"", ""D_guangzhou"", ""D_shenzhen""]","{""D_dongguan"": 166.70716188244302, ""D_foshan"": 90.51188741344198, ""D_guangzhou"": 57.069275562830995, ""D_shenzhen"": 220.67486015269202}",42674.73732,cn-prd-150c-03-V2-LOCATIONS,D_guangzhou,True,57.069275562830995,40362.623940000005,prd
True,85.90981477770201,24.09136708566301,C056,139.0,4,"[""D_dongguan"", ""D_foshan"", ""D_guangzhou"", ""D_shenzhen""]","{""D_dongguan"": 171.456334011651, ""D_foshan"": 85.90981477770201, ""D_guangzhou"": 61.818447692039, ""D_shenzhen"": 225.4240322819}",53084.0637,cn-prd-150c-03-V2-LOCATIONS,D_guangzhou,True,61.818447692039,49833.4899,prd
True,78.614653202745,7.078899125860005,C057,278.0,4,"[""D_dongguan"", ""D_foshan"", ""D_guangzhou"", ""D_shenzhen""]","{""D_dongguan"": 181.292179849206, ""D_foshan"": 78.614653202745, ""D_guangzhou"": 71.535754076885, ""D_shenzhen"": 235.14993276976102}",47418.55458,cn-prd-150c-03-V2-LOCATIONS,D_guangzhou,True,71.535754076885,45205.976160000006,prd
True,86.38459497901898,26.41230788352798,C058,417.0,4,"[""D_dongguan"", ""D_foshan"", ""D_guangzhou"", ""D_shenzhen""]","{""D_dongguan"": 169.610173415103, ""D_foshan"": 86.38459497901898, ""D_guangzhou"": 59.972287095491005, ""D_shenzhen"": 223.577871685351}",51977.367,cn-prd-150c-03-V2-LOCATIONS,D_guangzhou,True,59.972287095491005,49930.78812,prd
True,78.94239827643099,13.817141162887992,C059,139.0,4,"[""D_dongguan"", ""D_foshan"", ""D_guangzhou"", ""D_shenzhen""]","{""D_dongguan"": 174.76314343315502, ""D_foshan"": 78.94239827643099, ""D_guangzhou"": 65.125257113543, ""D_shenzhen"": 228.730841703404}",51795.88908,cn-prd-150c-03-V2-LOCATIONS,D_guangzhou,True,65.125257113543,49700.4387,prd
True,78.621716514641,15.336643169058995,C060,208.0,4,"[""D_dongguan"", ""D_foshan"", ""D_guangzhou"", ""D_shenzhen""]","{""D_dongguan"": 173.70451881241002, ""D_foshan"": 78.621716514641, ""D_guangzhou"": 63.285073345582, ""D_shenzhen"": 224.999114757689}",63732.82998,cn-prd-150c-03-V2-LOCATIONS,D_guangzhou,True,63.285073345582,61291.984500000006,prd
True,78.439763291427,15.711968260821003,C061,347.0,4,"[""D_dongguan"", ""D_foshan"", ""D_guangzhou"", ""D_shenzhen""]","{""D_dongguan"": 172.365681350218, ""D_foshan"": 78.439763291427, ""D_guangzhou"": 62.727795030605996, ""D_shenzhen"": 226.333379620467}",51665.91996,cn-prd-150c-03-V2-LOCATIONS,D_guangzhou,True,62.727795030605996,48969.58212,prd
True,84.10684505385501,28.39948794198701,C062,347.0,4,"[""D_dongguan"", ""D_foshan"", ""D_guangzhou"", ""D_shenzhen""]","{""D_dongguan"": 165.34524343148, ""D_foshan"": 84.10684505385501, ""D_guangzhou"": 55.707357111868, ""D_shenzhen"": 219.31294170172902}",62145.8067,cn-prd-150c-03-V2-LOCATIONS,D_guangzhou,True,55.707357111868,59654.55174,prd
True,81.798219181723,17.808896085723,C063,347.0,4,"[""D_dongguan"", ""D_foshan"", ""D_guangzhou"", ""D_shenzhen""]","{""D_dongguan"": 176.47902266844602, ""D_foshan"": 81.798219181723, ""D_guangzhou"": 63.989323096, ""D_shenzhen"": 230.33677558899998}",50600.90418,cn-prd-150c-03-V2-LOCATIONS,D_guangzhou,True,63.989323096,48048.97206,prd
True,73.697638077168,-4.518956454030999,C064,139.0,4,"[""D_dongguan"", ""D_foshan"", ""D_guangzhou"", ""D_shenzhen""]","{""D_dongguan"": 188.636039998027, ""D_foshan"": 73.697638077168, ""D_guangzhou"": 78.216594531199, ""D_shenzhen"": 240.021712479764}",51183.19602,cn-prd-150c-03-V2-LOCATIONS,D_guangzhou,True,78.216594531199,49277.32776,prd
True,78.10978177480199,13.965694306831992,C065,208.0,4,"[""D_dongguan"", ""D_foshan"", ""D_guangzhou"", ""D_shenzhen""]","{""D_dongguan"": 173.78197378758202, ""D_foshan"": 78.10978177480199, ""D_guangzhou"": 64.14408746797, ""D_shenzhen"": 225.87666657807802}",61632.88278000001,cn-prd-150c-03-V2-LOCATIONS,D_guangzhou,True,64.14408746797,59650.249560000004,prd
True,89.82328614587101,34.524424881342014,C066,139.0,4,"[""D_dongguan"", ""D_foshan"", ""D_guangzhou"", ""D_shenzhen""]","{""D_dongguan"": 164.94219601033402, ""D_foshan"": 89.82328614587101, ""D_guangzhou"": 55.298861264528995, ""D_shenzhen"": 218.799948930889}",52626.843779999996,cn-prd-150c-03-V2-LOCATIONS,D_guangzhou,True,55.298861264528995,49178.149679999995,prd
True,76.53943909729101,12.854079133837011,C067,139.0,4,"[""D_dongguan"", ""D_foshan"", ""D_guangzhou"", ""D_shenzhen""]","{""D_dongguan"": 173.323246283066, ""D_foshan"": 76.53943909729101, ""D_guangzhou"": 63.685359963454, ""D_shenzhen"": 227.290944553315}",47397.8808,cn-prd-150c-03-V2-LOCATIONS,D_guangzhou,True,63.685359963454,44636.30724,prd
True,85.854284197367,25.859770142230992,C068,278.0,4,"[""D_dongguan"", ""D_foshan"", ""D_guangzhou"", ""D_shenzhen""]","{""D_dongguan"": 169.632400374748, ""D_foshan"": 85.854284197367, ""D_guangzhou"": 59.994514055136, ""D_shenzhen"": 223.81600592742302}",50086.910579999996,cn-prd-150c-03-V2-LOCATIONS,D_guangzhou,True,59.994514055136,47116.09152,prd
True,74.411367483367,-1.0328872325909941,C069,417.0,4,"[""D_dongguan"", ""D_foshan"", ""D_guangzhou"", ""D_shenzhen""]","{""D_dongguan"": 185.08214103557, ""D_foshan"": 74.411367483367, ""D_guangzhou"": 75.444254715958, ""D_shenzhen"": 239.28174212972303}",47098.93578,cn-prd-150c-03-V2-LOCATIONS,D_guangzhou,True,75.444254715958,43746.32322,prd
True,83.502871547548,16.186489903978,C070,139.0,4,"[""D_dongguan"", ""D_foshan"", ""D_guangzhou"", ""D_shenzhen""]","{""D_dongguan"": 176.95426796318202, ""D_foshan"": 83.502871547548, ""D_guangzhou"": 67.31638164357, ""D_shenzhen"": 231.531016563528}",58751.17565999999,cn-prd-150c-03-V2-LOCATIONS,D_guangzhou,True,67.31638164357,56414.9166,prd
True,76.3896296294,12.704269772236003,C071,208.0,4,"[""D_dongguan"", ""D_foshan"", ""D_guangzhou"", ""D_shenzhen""]","{""D_dongguan"": 173.32324617677602, ""D_foshan"": 76.3896296294, ""D_guangzhou"": 63.685359857164, ""D_shenzhen"": 227.29094444702503}",47479.23294,cn-prd-150c-03-V2-LOCATIONS,D_guangzhou,True,63.685359857164,44596.56678,prd
True,78.61465328485501,7.078899125860005,C072,208.0,4,"[""D_dongguan"", ""D_foshan"", ""D_guangzhou"", ""D_shenzhen""]","{""D_dongguan"": 181.292179931316, ""D_foshan"": 78.61465328485501, ""D_guangzhou"": 71.535754158995, ""D_shenzhen"": 235.149932851871}",57287.025,cn-prd-150c-03-V2-LOCATIONS,D_guangzhou,True,71.535754158995,54353.09256,prd
True,81.009860924468,19.405934026233,C073,417.0,4,"[""D_dongguan"", ""D_foshan"", ""D_guangzhou"", ""D_shenzhen""]","{""D_dongguan"": 171.241813217847, ""D_foshan"": 81.009860924468, ""D_guangzhou"": 61.603926898235, ""D_shenzhen"": 225.20951148809598}",48760.84704,cn-prd-150c-03-V2-LOCATIONS,D_guangzhou,True,61.603926898235,46794.5508,prd
True,83.10218181783401,20.000519886896008,C074,278.0,4,"[""D_dongguan"", ""D_foshan"", ""D_guangzhou"", ""D_shenzhen""]","{""D_dongguan"": 172.73954825055, ""D_foshan"": 83.10218181783401, ""D_guangzhou"": 63.101661930938, ""D_shenzhen"": 226.707246520799}",46898.333099999996,cn-prd-150c-03-V2-LOCATIONS,D_guangzhou,True,63.101661930938,43671.3033,prd
True,78.47038192333899,8.078098878675988,C075,208.0,4,"[""D_dongguan"", ""D_foshan"", ""D_guangzhou"", ""D_shenzhen""]","{""D_dongguan"": 180.030169364275, ""D_foshan"": 78.47038192333899, ""D_guangzhou"": 70.392283044663, ""D_shenzhen"": 234.60691796462098}",50823.889800000004,cn-prd-150c-03-V2-LOCATIONS,D_guangzhou,True,70.392283044663,47376.00576,prd
True,83.08528911735301,16.56711003939101,C076,208.0,4,"[""D_dongguan"", ""D_foshan"", ""D_guangzhou"", ""D_shenzhen""]","{""D_dongguan"": 176.156065397574, ""D_foshan"": 83.08528911735301, ""D_guangzhou"": 66.518179077962, ""D_shenzhen"": 230.73281399792003}",61229.933399999994,cn-prd-150c-03-V2-LOCATIONS,D_guangzhou,True,66.518179077962,58703.03556,prd
True,85.87941303844799,27.829575288045987,C077,208.0,4,"[""D_dongguan"", ""D_foshan"", ""D_guangzhou"", ""D_shenzhen""]","{""D_dongguan"": 167.687724070014, ""D_foshan"": 85.87941303844799, ""D_guangzhou"": 58.049837750402006, ""D_shenzhen"": 221.655422340263}",61632.88278000001,cn-prd-150c-03-V2-LOCATIONS,D_guangzhou,True,58.049837750402006,59650.249560000004,prd
True,89.570082767215,25.715144617838995,C078,139.0,4,"[""D_dongguan"", ""D_foshan"", ""D_guangzhou"", ""D_shenzhen""]","{""D_dongguan"": 173.139819888603, ""D_foshan"": 89.570082767215, ""D_guangzhou"": 63.854938149376004, ""D_shenzhen"": 226.93863002869202}",50708.3886,cn-prd-150c-03-V2-LOCATIONS,D_guangzhou,True,63.854938149376004,47815.625400000004,prd
True,84.86203527972,27.519918839201004,C079,347.0,4,"[""D_dongguan"", ""D_foshan"", ""D_guangzhou"", ""D_shenzhen""]","{""D_dongguan"": 166.980002760131, ""D_foshan"": 84.86203527972, ""D_guangzhou"": 57.342116440519, ""D_shenzhen"": 220.94770103038}",52345.39068,cn-prd-150c-03-V2-LOCATIONS,D_guangzhou,True,57.342116440519,48856.7181,prd
True,81.715620720329,18.228786347057003,C080,208.0,4,"[""D_dongguan"", ""D_foshan"", ""D_guangzhou"", ""D_shenzhen""]","{""D_dongguan"": 175.976533945718, ""D_foshan"": 81.715620720329, ""D_guangzhou"": 63.486834373271996, ""D_shenzhen"": 229.83428686627198}",56339.78562,cn-prd-150c-03-V2-LOCATIONS,D_guangzhou,True,63.486834373271996,53069.9997,prd
True,74.649454605195,-1.1561356908519969,C081,139.0,4,"[""D_dongguan"", ""D_foshan"", ""D_guangzhou"", ""D_shenzhen""]","{""D_dongguan"": 186.225035762875, ""D_foshan"": 74.649454605195, ""D_guangzhou"": 75.805590296047, ""D_shenzhen"": 239.519829251552}",48745.19964,cn-prd-150c-03-V2-LOCATIONS,D_guangzhou,True,75.805590296047,45716.9337,prd
True,77.703582331566,10.05656401125799,C082,139.0,4,"[""D_dongguan"", ""D_foshan"", ""D_guangzhou"", ""D_shenzhen""]","{""D_dongguan"": 177.28490463992, ""D_foshan"": 77.703582331566, ""D_guangzhou"": 67.647018320308, ""D_shenzhen"": 231.252602910168}",58415.92356,cn-prd-150c-03-V2-LOCATIONS,D_guangzhou,True,67.647018320308,55676.82888,prd
True,79.82870471515099,10.219619304402997,C083,347.0,4,"[""D_dongguan"", ""D_foshan"", ""D_guangzhou"", ""D_shenzhen""]","{""D_dongguan"": 179.24697173036, ""D_foshan"": 79.82870471515099, ""D_guangzhou"": 69.609085410748, ""D_shenzhen"": 233.82372033070598}",48704.541959999995,cn-prd-150c-03-V2-LOCATIONS,D_guangzhou,True,69.609085410748,46594.0119,prd
True,86.55813728718701,24.989837132465006,C084,278.0,4,"[""D_dongguan"", ""D_foshan"", ""D_guangzhou"", ""D_shenzhen""]","{""D_dongguan"": 171.20618647433398, ""D_foshan"": 86.55813728718701, ""D_guangzhou"": 61.568300154722, ""D_shenzhen"": 225.17388474458298}",57869.2089,cn-prd-150c-03-V2-LOCATIONS,D_guangzhou,True,61.568300154722,55187.58324,prd
True,87.25879355079401,27.549232382705007,C085,139.0,4,"[""D_dongguan"", ""D_foshan"", ""D_guangzhou"", ""D_shenzhen""]","{""D_dongguan"": 169.34744748770103, ""D_foshan"": 87.25879355079401, ""D_guangzhou"": 59.709561168089, ""D_shenzhen"": 223.31514575795}",51480.67398,cn-prd-150c-03-V2-LOCATIONS,D_guangzhou,True,59.709561168089,49188.47676,prd
True,76.291861635541,11.099347658022992,C086,139.0,4,"[""D_dongguan"", ""D_foshan"", ""D_guangzhou"", ""D_shenzhen""]","{""D_dongguan"": 174.83040029712998, ""D_foshan"": 76.291861635541, ""D_guangzhou"": 65.192513977518, ""D_shenzhen"": 228.798098567379}",49438.97964,cn-prd-150c-03-V2-LOCATIONS,D_guangzhou,True,65.192513977518,46440.0756,prd
True,73.824136174504,2.761649745452999,C087,139.0,4,"[""D_dongguan"", ""D_foshan"", ""D_guangzhou"", ""D_shenzhen""]","{""D_dongguan"": 180.700372748663, ""D_foshan"": 73.824136174504, ""D_guangzhou"": 71.062486429051, ""D_shenzhen"": 238.69451082086}",60214.30092,cn-prd-150c-03-V2-LOCATIONS,D_guangzhou,True,71.062486429051,57379.241160000005,prd
True,81.954229101723,16.13133876714599,C088,139.0,4,"[""D_dongguan"", ""D_foshan"", ""D_guangzhou"", ""D_shenzhen""]","{""D_dongguan"": 176.516143609065, ""D_foshan"": 81.954229101723, ""D_guangzhou"": 65.82289033457701, ""D_shenzhen"": 230.373896529619}",48094.97058,cn-prd-150c-03-V2-LOCATIONS,D_guangzhou,True,65.82289033457701,45502.525499999996,prd
True,71.261407916889,-2.6562878896120026,C089,278.0,4,"[""D_dongguan"", ""D_foshan"", ""D_guangzhou"", ""D_shenzhen""]","{""D_dongguan"": 183.555582126113, ""D_foshan"": 71.261407916889, ""D_guangzhou"": 73.917695806501, ""D_shenzhen"": 236.13178256324497}",56759.28126,cn-prd-150c-03-V2-LOCATIONS,D_guangzhou,True,73.917695806501,53903.38212,prd
True,86.337777644487,24.461150277858003,C090,208.0,4,"[""D_dongguan"", ""D_foshan"", ""D_guangzhou"", ""D_shenzhen""]","{""D_dongguan"": 171.514513686241, ""D_foshan"": 86.337777644487, ""D_guangzhou"": 61.876627366629, ""D_shenzhen"": 225.48221195649}",51819.57828,cn-prd-150c-03-V2-LOCATIONS,D_guangzhou,True,61.876627366629,49495.8117,prd
True,84.50192911843301,28.349675764375007,C091,278.0,4,"[""D_dongguan"", ""D_foshan"", ""D_guangzhou"", ""D_shenzhen""]","{""D_dongguan"": 165.79013967366998, ""D_foshan"": 84.50192911843301, ""D_guangzhou"": 56.152253354058004, ""D_shenzhen"": 219.75783794391901}",62755.19922,cn-prd-150c-03-V2-LOCATIONS,D_guangzhou,True,56.152253354058004,60865.35606,prd
True,165.279725221794,118.52548233898,C092,347.0,4,"[""D_dongguan"", ""D_foshan"", ""D_guangzhou"", ""D_shenzhen""]","{""D_dongguan"": 165.279725221794, ""D_foshan"": 191.39478548051596, ""D_guangzhou"": 204.55430657269397, ""D_shenzhen"": 46.754242882814}",52963.355939999994,cn-prd-150c-03-V2-LOCATIONS,D_shenzhen,True,46.754242882814,49674.6177,prd
True,156.12026643347002,106.47415928920603,C093,208.0,4,"[""D_dongguan"", ""D_foshan"", ""D_guangzhou"", ""D_shenzhen""]","{""D_dongguan"": 156.12026643347002, ""D_foshan"": 200.38903282903297, ""D_guangzhou"": 213.54855392121098, ""D_shenzhen"": 49.646107144264}",43229.50128,cn-prd-150c-03-V2-LOCATIONS,D_shenzhen,True,49.646107144264,41359.138680000004,prd
True,159.451079186183,106.474159289206,C094,417.0,4,"[""D_dongguan"", ""D_foshan"", ""D_guangzhou"", ""D_shenzhen""]","{""D_dongguan"": 159.451079186183, ""D_foshan"": 197.48040178426302, ""D_guangzhou"": 210.63992287644098, ""D_shenzhen"": 52.976919896977}",55701.9936,cn-prd-150c-03-V2-LOCATIONS,D_shenzhen,True,52.976919896977,52819.274999999994,prd
True,156.961325938627,106.474159289206,C095,417.0,4,"[""D_dongguan"", ""D_foshan"", ""D_guangzhou"", ""D_shenzhen""]","{""D_dongguan"": 156.961325938627, ""D_foshan"": 201.26164678763303, ""D_guangzhou"": 214.42116787981098, ""D_shenzhen"": 50.487166649421}",56282.70168,cn-prd-150c-03-V2-LOCATIONS,D_shenzhen,True,50.487166649421,53366.683619999996,prd
True,159.729513585933,106.474159289206,C096,417.0,4,"[""D_dongguan"", ""D_foshan"", ""D_guangzhou"", ""D_shenzhen""]","{""D_dongguan"": 159.729513585933, ""D_foshan"": 198.926966403061, ""D_guangzhou"": 212.086487495239, ""D_shenzhen"": 53.255354296727006}",50952.071879999996,cn-prd-150c-03-V2-LOCATIONS,D_shenzhen,True,53.255354296727006,48573.9528,prd
True,162.439391960431,106.474159289206,C097,347.0,4,"[""D_dongguan"", ""D_foshan"", ""D_guangzhou"", ""D_shenzhen""]","{""D_dongguan"": 162.439391960431, ""D_foshan"": 203.283499229887, ""D_guangzhou"": 216.443020322065, ""D_shenzhen"": 55.965232671225}",51703.618800000004,cn-prd-150c-03-V2-LOCATIONS,D_shenzhen,True,55.965232671225,48842.248439999996,prd
True,158.654462682007,109.93210422590599,C098,139.0,4,"[""D_dongguan"", ""D_foshan"", ""D_guangzhou"", ""D_shenzhen""]","{""D_dongguan"": 158.654462682007, ""D_foshan"": 195.94247299037198, ""D_guangzhou"": 197.93152232751, ""D_shenzhen"": 48.722358456101006}",58992.77322,cn-prd-150c-03-V2-LOCATIONS,D_shenzhen,True,48.722358456101006,57082.72902,prd
True,160.917670245485,106.474159289206,C099,139.0,4,"[""D_dongguan"", ""D_foshan"", ""D_guangzhou"", ""D_shenzhen""]","{""D_dongguan"": 160.917670245485, ""D_foshan"": 203.96888396255602, ""D_guangzhou"": 217.12840505473397, ""D_shenzhen"": 54.443510956279}",62879.589,cn-prd-150c-03-V2-LOCATIONS,D_shenzhen,True,54.443510956279,59966.23746,prd
True,166.93155410409398,116.85366453799698,C100,208.0,4,"[""D_dongguan"", ""D_foshan"", ""D_guangzhou"", ""D_shenzhen""]","{""D_dongguan"": 166.93155410409398, ""D_foshan"": 191.274653986607, ""D_guangzhou"": 204.434175078785, ""D_shenzhen"": 50.077889566097}",46491.084,cn-prd-150c-03-V2-LOCATIONS,D_shenzhen,True,50.077889566097,44661.07866,prd
True,159.96214688014797,106.47415928920597,C101,417.0,4,"[""D_dongguan"", ""D_foshan"", ""D_guangzhou"", ""D_shenzhen""]","{""D_dongguan"": 159.96214688014797, ""D_foshan"": 197.266443894027, ""D_guangzhou"": 210.42596498620497, ""D_shenzhen"": 53.487987590942}",60860.13666,cn-prd-150c-03-V2-LOCATIONS,D_shenzhen,True,53.487987590942,58145.33184,prd
True,151.10567339733498,106.47415928920599,C102,208.0,4,"[""D_dongguan"", ""D_foshan"", ""D_guangzhou"", ""D_shenzhen""]","{""D_dongguan"": 151.10567339733498, ""D_foshan"": 199.45150766303198, ""D_guangzhou"": 202.40157965493498, ""D_shenzhen"": 44.631514108129}",50308.530719999995,cn-prd-150c-03-V2-LOCATIONS,D_shenzhen,True,44.631514108129,48155.7831,prd
True,159.437199660908,111.373575699708,C103,278.0,4,"[""D_dongguan"", ""D_foshan"", ""D_guangzhou"", ""D_shenzhen""]","{""D_dongguan"": 159.437199660908, ""D_foshan"": 194.48076707960897, ""D_guangzhou"": 197.430839071512, ""D_shenzhen"": 48.0636239612}",64394.28366,cn-prd-150c-03-V2-LOCATIONS,D_shenzhen,True,48.0636239612,61914.38586000001,prd
True,157.671601184147,106.474159289206,C104,278.0,4,"[""D_dongguan"", ""D_foshan"", ""D_guangzhou"", ""D_shenzhen""]","{""D_dongguan"": 157.671601184147, ""D_foshan"": 198.414753704524, ""D_guangzhou"": 211.57427479670199, ""D_shenzhen"": 51.197441894941}",48375.749339999995,cn-prd-150c-03-V2-LOCATIONS,D_shenzhen,True,51.197441894941,45399.43914,prd
True,163.146493949973,111.35103835421,C105,278.0,4,"[""D_dongguan"", ""D_foshan"", ""D_guangzhou"", ""D_shenzhen""]","{""D_dongguan"": 163.146493949973, ""D_foshan"": 196.31533602629602, ""D_guangzhou"": 209.47485711847298, ""D_shenzhen"": 51.795455595763}",62493.21162,cn-prd-150c-03-V2-LOCATIONS,D_shenzhen,True,51.795455595763,59594.217,prd
True,161.53833480760198,106.47415928920599,C106,139.0,4,"[""D_dongguan"", ""D_foshan"", ""D_guangzhou"", ""D_shenzhen""]","{""D_dongguan"": 161.53833480760198, ""D_foshan"": 203.968883952426, ""D_guangzhou"": 217.12840504460397, ""D_shenzhen"": 55.064175518396}",45820.23527999999,cn-prd-150c-03-V2-LOCATIONS,D_shenzhen,True,55.064175518396,43972.20048,prd
True,154.122747023695,108.39827615270302,C107,417.0,4,"[""D_dongguan"", ""D_foshan"", ""D_guangzhou"", ""D_shenzhen""]","{""D_dongguan"": 154.122747023695, ""D_foshan"": 196.10060823456502, ""D_guangzhou"": 199.05068022646802, ""D_shenzhen"": 45.72447087099199}",50929.04472,cn-prd-150c-03-V2-LOCATIONS,D_shenzhen,True,45.72447087099199,48128.65524,prd
True,170.898692065457,117.455931601898,C108,347.0,4,"[""D_dongguan"", ""D_foshan"", ""D_guangzhou"", ""D_shenzhen""]","{""D_dongguan"": 170.898692065457, ""D_foshan"": 184.876701499513, ""D_guangzhou"": 188.209493676701, ""D_shenzhen"": 53.442760463559}",48322.36734,cn-prd-150c-03-V2-LOCATIONS,D_shenzhen,True,53.442760463559,45086.243460000005,prd
True,162.137162262661,106.474159289206,C109,208.0,4,"[""D_dongguan"", ""D_foshan"", ""D_guangzhou"", ""D_shenzhen""]","{""D_dongguan"": 162.137162262661, ""D_foshan"": 197.42674356468302, ""D_guangzhou"": 210.58626465686, ""D_shenzhen"": 55.66300297345501}",51033.847200000004,cn-prd-150c-03-V2-LOCATIONS,D_shenzhen,True,55.66300297345501,47616.673859999995,prd
True,156.839684478719,106.474159289206,C110,139.0,4,"[""D_dongguan"", ""D_foshan"", ""D_guangzhou"", ""D_shenzhen""]","{""D_dongguan"": 156.839684478719, ""D_foshan"": 204.642808022887, ""D_guangzhou"": 217.802329115065, ""D_shenzhen"": 50.365525189513}",48574.62612,cn-prd-150c-03-V2-LOCATIONS,D_shenzhen,True,50.365525189513,46059.12192,prd
True,154.47920061723102,108.39139565251702,C111,139.0,4,"[""D_dongguan"", ""D_foshan"", ""D_guangzhou"", ""D_shenzhen""]","{""D_dongguan"": 154.47920061723102, ""D_foshan"": 196.463942328287, ""D_guangzhou"": 199.414014320189, ""D_shenzhen"": 46.087804964714}",45301.2585,cn-prd-150c-03-V2-LOCATIONS,D_shenzhen,True,46.087804964714,42353.00424,prd
True,162.53936591293302,109.96146479402402,C112,208.0,4,"[""D_dongguan"", ""D_foshan"", ""D_guangzhou"", ""D_shenzhen""]","{""D_dongguan"": 162.53936591293302, ""D_foshan"": 197.32820322004503, ""D_guangzhou"": 210.487724312223, ""D_shenzhen"": 52.577901118909}",47155.54842,cn-prd-150c-03-V2-LOCATIONS,D_shenzhen,True,52.577901118909,43984.03794,prd
True,159.29661426351802,108.28557667209802,C113,347.0,4,"[""D_dongguan"", ""D_foshan"", ""D_guangzhou"", ""D_shenzhen""]","{""D_dongguan"": 159.29661426351802, ""D_foshan"": 195.61703560758102, ""D_guangzhou"": 208.77655669975897, ""D_shenzhen"": 51.01103759142}",50699.05248,cn-prd-150c-03-V2-LOCATIONS,D_shenzhen,True,51.01103759142,47774.39238,prd
True,162.068702862619,106.474159289206,C114,208.0,4,"[""D_dongguan"", ""D_foshan"", ""D_guangzhou"", ""D_shenzhen""]","{""D_dongguan"": 162.068702862619, ""D_foshan"": 202.689483913901, ""D_guangzhou"": 215.84900500607898, ""D_shenzhen"": 55.594543573413}",49858.49424,cn-prd-150c-03-V2-LOCATIONS,D_shenzhen,True,55.594543573413,47231.88642,prd
True,170.837868419333,117.45593160189802,C115,347.0,4,"[""D_dongguan"", ""D_foshan"", ""D_guangzhou"", ""D_shenzhen""]","{""D_dongguan"": 170.837868419333, ""D_foshan"": 186.273459843488, ""D_guangzhou"": 189.60625202067598, ""D_shenzhen"": 53.381936817435}",56348.27208,cn-prd-150c-03-V2-LOCATIONS,D_shenzhen,True,53.381936817435,54164.18994,prd
True,156.961325931133,106.474159289206,C116,278.0,4,"[""D_dongguan"", ""D_foshan"", ""D_guangzhou"", ""D_shenzhen""]","{""D_dongguan"": 156.961325931133, ""D_foshan"": 201.26164678013902, ""D_guangzhou"": 214.42116787231703, ""D_shenzhen"": 50.487166641927}",59637.166979999995,cn-prd-150c-03-V2-LOCATIONS,D_shenzhen,True,50.487166641927,56700.687900000004,prd
True,166.164960650479,117.28039063716301,C117,208.0,4,"[""D_dongguan"", ""D_foshan"", ""D_guangzhou"", ""D_shenzhen""]","{""D_dongguan"": 166.164960650479, ""D_foshan"": 192.47271584412502, ""D_guangzhou"": 205.63223693630297, ""D_shenzhen"": 48.884570013316}",65423.42598,cn-prd-150c-03-V2-LOCATIONS,D_shenzhen,True,48.884570013316,62682.77388,prd
True,161.961780173183,106.474159289206,C118,139.0,4,"[""D_dongguan"", ""D_foshan"", ""D_guangzhou"", ""D_shenzhen""]","{""D_dongguan"": 161.961780173183, ""D_foshan"": 200.0202946792, ""D_guangzhou"": 213.179815771378, ""D_shenzhen"": 55.487620883976994}",53633.066340000005,cn-prd-150c-03-V2-LOCATIONS,D_shenzhen,True,55.487620883976994,50335.77168,prd
True,160.91767030592501,106.47415928920601,C119,208.0,4,"[""D_dongguan"", ""D_foshan"", ""D_guangzhou"", ""D_shenzhen""]","{""D_dongguan"": 160.91767030592501, ""D_foshan"": 203.968884022996, ""D_guangzhou"": 217.12840511517402, ""D_shenzhen"": 54.443511016719}",52706.97809999999,cn-prd-150c-03-V2-LOCATIONS,D_shenzhen,True,54.443511016719,49629.05184,prd
True,169.20011681192798,116.34393057185099,C120,347.0,4,"[""D_dongguan"", ""D_foshan"", ""D_guangzhou"", ""D_shenzhen""]","{""D_dongguan"": 169.20011681192798, ""D_foshan"": 194.414610856247, ""D_guangzhou"": 207.574131948425, ""D_shenzhen"": 52.856186240077}",52963.355939999994,cn-prd-150c-03-V2-LOCATIONS,D_shenzhen,True,52.856186240077,49674.6177,prd
True,160.91767025123502,106.47415928920603,C121,417.0,4,"[""D_dongguan"", ""D_foshan"", ""D_guangzhou"", ""D_shenzhen""]","{""D_dongguan"": 160.91767025123502, ""D_foshan"": 203.96888396830602, ""D_guangzhou"": 217.12840506048403, ""D_shenzhen"": 54.443510962029}",50993.94288,cn-prd-150c-03-V2-LOCATIONS,D_shenzhen,True,54.443510962029,47873.397959999995,prd
True,157.161941842028,106.474159289206,C122,417.0,4,"[""D_dongguan"", ""D_foshan"", ""D_guangzhou"", ""D_shenzhen""]","{""D_dongguan"": 157.161941842028, ""D_foshan"": 203.84007048023, ""D_guangzhou"": 216.99959157240698, ""D_shenzhen"": 50.687782552822}",43692.21456,cn-prd-150c-03-V2-LOCATIONS,D_shenzhen,True,50.687782552822,41448.98988,prd
True,162.98094680462202,116.47307382351403,C123,417.0,4,"[""D_dongguan"", ""D_foshan"", ""D_guangzhou"", ""D_shenzhen""]","{""D_dongguan"": 162.98094680462202, ""D_foshan"": 192.301498479067, ""D_guangzhou"": 205.461019571245, ""D_shenzhen"": 46.507872981108}",57668.56626,cn-prd-150c-03-V2-LOCATIONS,D_shenzhen,True,46.507872981108,54922.92408,prd
True,166.376047717687,117.18586461321999,C124,139.0,4,"[""D_dongguan"", ""D_foshan"", ""D_guangzhou"", ""D_shenzhen""]","{""D_dongguan"": 166.376047717687, ""D_foshan"": 192.924500426763, ""D_guangzhou"": 206.08402151894097, ""D_shenzhen"": 49.190183104467}",49294.477739999995,cn-prd-150c-03-V2-LOCATIONS,D_shenzhen,True,49.190183104467,46274.34354,prd
True,165.65176615318202,116.32978602510602,C125,208.0,4,"[""D_dongguan"", ""D_foshan"", ""D_guangzhou"", ""D_shenzhen""]","{""D_dongguan"": 165.65176615318202, ""D_foshan"": 191.228373005945, ""D_guangzhou"": 204.387894098123, ""D_shenzhen"": 49.321980128076}",50179.98606,cn-prd-150c-03-V2-LOCATIONS,D_shenzhen,True,49.321980128076,46990.78704,prd
True,160.917670241815,106.474159289206,C126,347.0,4,"[""D_dongguan"", ""D_foshan"", ""D_guangzhou"", ""D_shenzhen""]","{""D_dongguan"": 160.917670241815, ""D_foshan"": 203.968883958886, ""D_guangzhou"": 217.128405051064, ""D_shenzhen"": 54.443510952608996}",48414.85056,cn-prd-150c-03-V2-LOCATIONS,D_shenzhen,True,54.443510952608996,45110.2716,prd
True,155.800103263182,106.474159289206,C127,208.0,4,"[""D_dongguan"", ""D_foshan"", ""D_guangzhou"", ""D_shenzhen""]","{""D_dongguan"": 155.800103263182, ""D_foshan"": 200.057642569816, ""D_guangzhou"": 213.217163661994, ""D_shenzhen"": 49.325943973975996}",49627.5354,cn-prd-150c-03-V2-LOCATIONS,D_shenzhen,True,49.325943973975996,46550.80008,prd
True,156.12840248645202,106.47415928920601,C128,208.0,4,"[""D_dongguan"", ""D_foshan"", ""D_guangzhou"", ""D_shenzhen""]","{""D_dongguan"": 156.12840248645202, ""D_foshan"": 205.201528372361, ""D_guangzhou"": 218.361049464539, ""D_shenzhen"": 49.654243197246004}",60612.92652,cn-prd-150c-03-V2-LOCATIONS,D_shenzhen,True,49.654243197246004,57501.8169,prd
True,168.47605054037902,116.62670249981102,C129,417.0,4,"[""D_dongguan"", ""D_foshan"", ""D_guangzhou"", ""D_shenzhen""]","{""D_dongguan"": 168.47605054037902, ""D_foshan"": 191.348630924439, ""D_guangzhou"": 204.508152016617, ""D_shenzhen"": 51.849348040568}",53078.26266,cn-prd-150c-03-V2-LOCATIONS,D_shenzhen,True,51.849348040568,49540.407719999996,prd
True,164.34009139629097,111.91413349728798,C130,208.0,4,"[""D_dongguan"", ""D_foshan"", ""D_guangzhou"", ""D_shenzhen""]","{""D_dongguan"": 164.34009139629097, ""D_foshan"": 197.17340052346898, ""D_guangzhou"": 210.332921615647, ""D_shenzhen"": 52.425957899002995}",51549.54246,cn-prd-150c-03-V2-LOCATIONS,D_shenzhen,True,52.425957899002995,48703.37334,prd
True,162.647352968362,106.47415928920599,C131,278.0,4,"[""D_dongguan"", ""D_foshan"", ""D_guangzhou"", ""D_shenzhen""]","{""D_dongguan"": 162.647352968362, ""D_foshan"": 200.038368521236, ""D_guangzhou"": 213.19788961341402, ""D_shenzhen"": 56.173193679156}",60795.04818,cn-prd-150c-03-V2-LOCATIONS,D_shenzhen,True,56.173193679156,58012.3422,prd
True,164.51816919558198,106.47415928920597,C132,139.0,4,"[""D_dongguan"", ""D_foshan"", ""D_guangzhou"", ""D_shenzhen""]","{""D_dongguan"": 164.51816919558198, ""D_foshan"": 204.93797038555402, ""D_guangzhou"": 218.097491477732, ""D_shenzhen"": 58.044009906376}",47974.12248,cn-prd-150c-03-V2-LOCATIONS,D_shenzhen,True,58.044009906376,46047.9495,prd
True,162.027705915695,106.47415928920601,C133,208.0,4,"[""D_dongguan"", ""D_foshan"", ""D_guangzhou"", ""D_shenzhen""]","{""D_dongguan"": 162.027705915695, ""D_foshan"": 203.30428627486, ""D_guangzhou"": 216.463807367037, ""D_shenzhen"": 55.553546626488995}",48338.36658,cn-prd-150c-03-V2-LOCATIONS,D_shenzhen,True,55.553546626488995,45214.63014,prd
True,156.471830469741,108.395167996651,C134,417.0,4,"[""D_dongguan"", ""D_foshan"", ""D_guangzhou"", ""D_shenzhen""]","{""D_dongguan"": 156.471830469741, ""D_foshan"": 196.56236118461098, ""D_guangzhou"": 199.51243317651398, ""D_shenzhen"": 48.07666247309}",52059.59934,cn-prd-150c-03-V2-LOCATIONS,D_shenzhen,True,48.07666247309,49484.21406,prd
True,160.65952296322996,106.47415928920596,C135,347.0,4,"[""D_dongguan"", ""D_foshan"", ""D_guangzhou"", ""D_shenzhen""]","{""D_dongguan"": 160.65952296322996, ""D_foshan"": 203.71073668030098, ""D_guangzhou"": 216.870257772479, ""D_shenzhen"": 54.185363674024}",48747.6486,cn-prd-150c-03-V2-LOCATIONS,D_shenzhen,True,54.185363674024,45175.3899,prd
True,167.44755965950299,115.96103063857399,C136,208.0,4,"[""D_dongguan"", ""D_foshan"", ""D_guangzhou"", ""D_shenzhen""]","{""D_dongguan"": 167.44755965950299, ""D_foshan"": 187.90882145929598, ""D_guangzhou"": 190.85889345119898, ""D_shenzhen"": 51.486529020929}",47877.69864,cn-prd-150c-03-V2-LOCATIONS,D_shenzhen,True,51.486529020929,44451.31188,prd
True,160.961402540254,106.474159289206,C137,208.0,4,"[""D_dongguan"", ""D_foshan"", ""D_guangzhou"", ""D_shenzhen""]","{""D_dongguan"": 160.961402540254, ""D_foshan"": 203.361537399371, ""D_guangzhou"": 216.521058491548, ""D_shenzhen"": 54.487243251048}",64721.824380000005,cn-prd-150c-03-V2-LOCATIONS,D_shenzhen,True,54.487243251048,62473.23054,prd
True,158.162629908828,106.474159289206,C138,347.0,4,"[""D_dongguan"", ""D_foshan"", ""D_guangzhou"", ""D_shenzhen""]","{""D_dongguan"": 158.162629908828, ""D_foshan"": 199.191687438066, ""D_guangzhou"": 212.351208530244, ""D_shenzhen"": 51.688470619622}",47069.670959999996,cn-prd-150c-03-V2-LOCATIONS,D_shenzhen,True,51.688470619622,44654.85336,prd
True,158.196792152229,106.474159289206,C139,139.0,4,"[""D_dongguan"", ""D_foshan"", ""D_guangzhou"", ""D_shenzhen""]","{""D_dongguan"": 158.196792152229, ""D_foshan"": 199.973945055322, ""D_guangzhou"": 213.13346614749898, ""D_shenzhen"": 51.722632863023}",57076.76724,cn-prd-150c-03-V2-LOCATIONS,D_shenzhen,True,51.722632863023,54018.51534,prd
True,167.44755965950299,115.96103063857399,C140,139.0,4,"[""D_dongguan"", ""D_foshan"", ""D_guangzhou"", ""D_shenzhen""]","{""D_dongguan"": 167.44755965950299, ""D_foshan"": 187.90882145929598, ""D_guangzhou"": 190.85889345119898, ""D_shenzhen"": 51.486529020929}",51737.0082,cn-prd-150c-03-V2-LOCATIONS,D_shenzhen,True,51.486529020929,48696.19242,prd
True,168.852065966506,116.62670249981099,C141,208.0,4,"[""D_dongguan"", ""D_foshan"", ""D_guangzhou"", ""D_shenzhen""]","{""D_dongguan"": 168.852065966506, ""D_foshan"": 191.551755764751, ""D_guangzhou"": 196.778137434936, ""D_shenzhen"": 52.22536346669499}",45909.070739999996,cn-prd-150c-03-V2-LOCATIONS,D_shenzhen,True,52.22536346669499,42598.48254,prd
True,159.545264100839,106.474159289206,C142,139.0,4,"[""D_dongguan"", ""D_foshan"", ""D_guangzhou"", ""D_shenzhen""]","{""D_dongguan"": 159.545264100839, ""D_foshan"": 199.078853556402, ""D_guangzhou"": 212.23837464858002, ""D_shenzhen"": 53.071104811633}",49146.57924,cn-prd-150c-03-V2-LOCATIONS,D_shenzhen,True,53.071104811633,46116.199680000005,prd
True,162.702060697512,106.474159289206,C143,208.0,4,"[""D_dongguan"", ""D_foshan"", ""D_guangzhou"", ""D_shenzhen""]","{""D_dongguan"": 162.702060697512, ""D_foshan"": 200.03836852854602, ""D_guangzhou"": 213.19788962072403, ""D_shenzhen"": 56.227901408306}",50308.530719999995,cn-prd-150c-03-V2-LOCATIONS,D_shenzhen,True,56.227901408306,48155.7831,prd
True,167.72956329926302,116.41385753182001,C144,139.0,4,"[""D_dongguan"", ""D_foshan"", ""D_guangzhou"", ""D_shenzhen""]","{""D_dongguan"": 167.72956329926302, ""D_foshan"": 190.679058183962, ""D_guangzhou"": 203.83857927614002, ""D_shenzhen"": 51.315705767443}",52626.843779999996,cn-prd-150c-03-V2-LOCATIONS,D_shenzhen,True,51.315705767443,49178.149679999995,prd
True,159.324826905374,106.474159289206,C145,139.0,4,"[""D_dongguan"", ""D_foshan"", ""D_guangzhou"", ""D_shenzhen""]","{""D_dongguan"": 159.324826905374, ""D_foshan"": 198.627719159217, ""D_guangzhou"": 211.787240251395, ""D_shenzhen"": 52.850667616168}",64127.52138,cn-prd-150c-03-V2-LOCATIONS,D_shenzhen,True,52.850667616168,62185.76166,prd
True,165.51980784597703,116.04897743325303,C146,347.0,4,"[""D_dongguan"", ""D_foshan"", ""D_guangzhou"", ""D_shenzhen""]","{""D_dongguan"": 165.51980784597703, ""D_foshan"": 193.423503609152, ""D_guangzhou"": 206.58302470133, ""D_shenzhen"": 49.470830412724}",64734.5106,cn-prd-150c-03-V2-LOCATIONS,D_shenzhen,True,49.470830412724,61578.637919999994,prd
True,156.920255995163,111.548790679831,C147,278.0,4,"[""D_dongguan"", ""D_foshan"", ""D_guangzhou"", ""D_shenzhen""]","{""D_dongguan"": 156.920255995163, ""D_foshan"": 194.735819240571, ""D_guangzhou"": 197.685891232474, ""D_shenzhen"": 45.371465315331996}",43955.66364,cn-prd-150c-03-V2-LOCATIONS,D_shenzhen,True,45.371465315331996,41162.505359999996,prd
True,158.626272582541,106.474159289206,C148,278.0,4,"[""D_dongguan"", ""D_foshan"", ""D_guangzhou"", ""D_shenzhen""]","{""D_dongguan"": 158.626272582541, ""D_foshan"": 199.90757272628701, ""D_guangzhou"": 213.06709381846503, ""D_shenzhen"": 52.152113293335}",52622.66184,cn-prd-150c-03-V2-LOCATIONS,D_shenzhen,True,52.152113293335,50104.37196,prd
True,156.961325952117,106.474159289206,C149,278.0,4,"[""D_dongguan"", ""D_foshan"", ""D_guangzhou"", ""D_shenzhen""]","{""D_dongguan"": 156.961325952117, ""D_foshan"": 201.261646801123, ""D_guangzhou"": 214.421167893301, ""D_shenzhen"": 50.487166662910994}",51600.67596,cn-prd-150c-03-V2-LOCATIONS,D_shenzhen,True,50.487166662910994,48876.726480000005,prd
True,161.811530848463,106.474159289206,C150,139.0,4,"[""D_dongguan"", ""D_foshan"", ""D_guangzhou"", ""D_shenzhen""]","{""D_dongguan"": 161.811530848463, ""D_foshan"": 202.532215348183, ""D_guangzhou"": 215.691736440361, ""D_shenzhen"": 55.337371559257}",62450.135519999996,cn-prd-150c-03-V2-LOCATIONS,D_shenzhen,True,55.337371559257,59602.482780000006,prd
True,221.65542206502602,163.60558458986102,C001,208.0,2,"[""D_guangzhou"", ""D_shenzhen""]","{""D_guangzhou"": 58.049837475165, ""D_shenzhen"": 221.65542206502602}",60316.76064,cn-prd-50c-01-V2-LOCATIONS,D_guangzhou,True,58.049837475165,57066.73872,prd
True,220.60753187104402,163.605584589861,C002,278.0,2,"[""D_guangzhou"", ""D_shenzhen""]","{""D_guangzhou"": 57.00194728118301, ""D_shenzhen"": 220.60753187104402}",48282.083459999994,cn-prd-50c-01-V2-LOCATIONS,D_guangzhou,True,57.00194728118301,46143.897840000005,prd
True,227.229468704539,163.069165725946,C003,139.0,2,"[""D_guangzhou"", ""D_shenzhen""]","{""D_guangzhou"": 64.160302978593, ""D_shenzhen"": 227.229468704539}",53801.26062,cn-prd-50c-01-V2-LOCATIONS,D_guangzhou,True,64.160302978593,50404.150799999996,prd
True,239.74592561638698,165.044849351788,C004,208.0,2,"[""D_guangzhou"", ""D_shenzhen""]","{""D_guangzhou"": 74.701076264599, ""D_shenzhen"": 239.74592561638698}",60316.76064,cn-prd-50c-01-V2-LOCATIONS,D_guangzhou,True,74.701076264599,57066.73872,prd
True,246.689560195859,161.63530562869,C005,278.0,2,"[""D_guangzhou"", ""D_shenzhen""]","{""D_guangzhou"": 85.054254567169, ""D_shenzhen"": 246.689560195859}",57124.17966,cn-prd-50c-01-V2-LOCATIONS,D_guangzhou,True,85.054254567169,53825.577659999995,prd
True,228.60262376526498,163.605584589861,C006,278.0,2,"[""D_guangzhou"", ""D_shenzhen""]","{""D_guangzhou"": 64.997039175404, ""D_shenzhen"": 228.60262376526498}",64755.311579999994,cn-prd-50c-01-V2-LOCATIONS,D_guangzhou,True,64.997039175404,61672.727100000004,prd
True,223.51459666186403,163.60558458986102,C007,208.0,2,"[""D_guangzhou"", ""D_shenzhen""]","{""D_guangzhou"": 59.909012072003, ""D_shenzhen"": 223.51459666186403}",56468.373419999996,cn-prd-50c-01-V2-LOCATIONS,D_guangzhou,True,59.909012072003,53463.85458,prd
True,221.756685281826,163.605584589861,C008,208.0,2,"[""D_guangzhou"", ""D_shenzhen""]","{""D_guangzhou"": 58.151100691965006, ""D_shenzhen"": 221.756685281826}",48101.645699999994,cn-prd-50c-01-V2-LOCATIONS,D_guangzhou,True,58.151100691965006,45856.232939999994,prd
True,220.376244245005,163.605584589861,C009,208.0,2,"[""D_guangzhou"", ""D_shenzhen""]","{""D_guangzhou"": 56.770659655144, ""D_shenzhen"": 220.376244245005}",49162.43436,cn-prd-50c-01-V2-LOCATIONS,D_guangzhou,True,56.770659655144,45714.39402,prd
True,219.736950835274,163.605584589861,C010,208.0,2,"[""D_guangzhou"", ""D_shenzhen""]","{""D_guangzhou"": 56.131366245413, ""D_shenzhen"": 219.736950835274}",61686.704880000005,cn-prd-50c-01-V2-LOCATIONS,D_guangzhou,True,56.131366245413,58718.4072,prd
True,225.899675992245,163.605584589861,C011,208.0,2,"[""D_guangzhou"", ""D_shenzhen""]","{""D_guangzhou"": 62.294091402384, ""D_shenzhen"": 225.899675992245}",51677.764259999996,cn-prd-50c-01-V2-LOCATIONS,D_guangzhou,True,62.294091402384,48472.52502,prd
True,228.214790972104,163.605584589861,C012,278.0,2,"[""D_guangzhou"", ""D_shenzhen""]","{""D_guangzhou"": 64.609206382243, ""D_shenzhen"": 228.214790972104}",59994.24414,cn-prd-50c-01-V2-LOCATIONS,D_guangzhou,True,64.609206382243,56829.20574,prd
True,226.83019744645298,163.605584589861,C013,347.0,2,"[""D_guangzhou"", ""D_shenzhen""]","{""D_guangzhou"": 63.224612856592, ""D_shenzhen"": 226.83019744645298}",60037.055519999994,cn-prd-50c-01-V2-LOCATIONS,D_guangzhou,True,63.224612856592,56659.9512,prd
True,229.96129935340602,164.527747845702,C014,278.0,2,"[""D_guangzhou"", ""D_shenzhen""]","{""D_guangzhou"": 65.43355150770401, ""D_shenzhen"": 229.96129935340602}",50461.06572,cn-prd-50c-01-V2-LOCATIONS,D_guangzhou,True,65.43355150770401,48393.01776,prd
True,229.47025881914098,164.275552644517,C015,417.0,2,"[""D_guangzhou"", ""D_shenzhen""]","{""D_guangzhou"": 65.19470617462399, ""D_shenzhen"": 229.47025881914098}",48612.77142,cn-prd-50c-01-V2-LOCATIONS,D_guangzhou,True,65.19470617462399,46401.56651999999,prd
True,220.44642063258001,163.605584589861,C016,139.0,2,"[""D_guangzhou"", ""D_shenzhen""]","{""D_guangzhou"": 56.840836042719005, ""D_shenzhen"": 220.44642063258001}",46086.80412,cn-prd-50c-01-V2-LOCATIONS,D_guangzhou,True,56.840836042719005,43234.37982,prd
True,231.150891982373,164.214634919957,C017,278.0,2,"[""D_guangzhou"", ""D_shenzhen""]","{""D_guangzhou"": 66.936257062416, ""D_shenzhen"": 231.150891982373}",61389.31854,cn-prd-50c-01-V2-LOCATIONS,D_guangzhou,True,66.936257062416,58170.29928,prd
True,234.607769446032,164.214634919958,C018,139.0,2,"[""D_guangzhou"", ""D_shenzhen""]","{""D_guangzhou"": 70.393134526074, ""D_shenzhen"": 234.607769446032}",61387.532100000004,cn-prd-50c-01-V2-LOCATIONS,D_guangzhou,True,70.393134526074,58368.95448,prd
True,221.927648046904,163.605584589861,C019,347.0,2,"[""D_guangzhou"", ""D_shenzhen""]","{""D_guangzhou"": 58.322063457043, ""D_shenzhen"": 221.927648046904}",64397.53446000001,cn-prd-50c-01-V2-LOCATIONS,D_guangzhou,True,58.322063457043,62527.84968000001,prd
True,224.616689937156,163.605584589861,C020,139.0,2,"[""D_guangzhou"", ""D_shenzhen""]","{""D_guangzhou"": 61.011105347295, ""D_shenzhen"": 224.616689937156}",47074.492020000005,cn-prd-50c-01-V2-LOCATIONS,D_guangzhou,True,61.011105347295,44715.5361,prd
True,222.934294047571,163.605584589861,C021,139.0,2,"[""D_guangzhou"", ""D_shenzhen""]","{""D_guangzhou"": 59.32870945771, ""D_shenzhen"": 222.934294047571}",51062.94846,cn-prd-50c-01-V2-LOCATIONS,D_guangzhou,True,59.32870945771,48163.466459999996,prd
True,224.849739918477,163.60558458986102,C022,278.0,2,"[""D_guangzhou"", ""D_shenzhen""]","{""D_guangzhou"": 61.244155328615996, ""D_shenzhen"": 224.849739918477}",45583.88952,cn-prd-50c-01-V2-LOCATIONS,D_guangzhou,True,61.244155328615996,43105.643820000005,prd
True,239.659768629572,163.71423895550498,C023,139.0,2,"[""D_guangzhou"", ""D_shenzhen""]","{""D_guangzhou"": 75.945529674067, ""D_shenzhen"": 239.659768629572}",53518.411739999996,cn-prd-50c-01-V2-LOCATIONS,D_guangzhou,True,75.945529674067,51607.61538,prd
True,207.756590239955,162.566327700178,C024,208.0,2,"[""D_guangzhou"", ""D_shenzhen""]","{""D_guangzhou"": 207.756590239955, ""D_shenzhen"": 45.190262539777}",66541.50323999999,cn-prd-50c-01-V2-LOCATIONS,D_shenzhen,True,45.190262539777,64103.81682,prd
True,207.046515436465,160.177573748502,C025,208.0,2,"[""D_guangzhou"", ""D_shenzhen""]","{""D_guangzhou"": 207.046515436465, ""D_shenzhen"": 46.868941687963}",66434.37180000001,cn-prd-50c-01-V2-LOCATIONS,D_shenzhen,True,46.868941687963,63166.11642,prd
True,216.39491906423302,165.04912105725302,C026,278.0,2,"[""D_guangzhou"", ""D_shenzhen""]","{""D_guangzhou"": 216.39491906423302, ""D_shenzhen"": 51.34579800698}",62578.318739999995,cn-prd-50c-01-V2-LOCATIONS,D_shenzhen,True,51.34579800698,60300.939300000005,prd
True,207.713518137463,154.71794570834803,C027,208.0,2,"[""D_guangzhou"", ""D_shenzhen""]","{""D_guangzhou"": 207.713518137463, ""D_shenzhen"": 52.99557242911499}",62841.92568,cn-prd-50c-01-V2-LOCATIONS,D_shenzhen,True,52.99557242911499,60738.335940000004,prd
True,204.434175048395,154.35628551268798,C028,278.0,2,"[""D_guangzhou"", ""D_shenzhen""]","{""D_guangzhou"": 204.434175048395, ""D_shenzhen"": 50.077889535707}",45091.47576,cn-prd-50c-01-V2-LOCATIONS,D_shenzhen,True,50.077889535707,43137.54084,prd
True,220.00083208950699,160.05348157135597,C029,417.0,2,"[""D_guangzhou"", ""D_shenzhen""]","{""D_guangzhou"": 220.00083208950699, ""D_shenzhen"": 59.947350518151}",63547.11798,cn-prd-50c-01-V2-LOCATIONS,D_shenzhen,True,59.947350518151,61713.9624,prd
True,215.616548872398,158.190405708135,C030,208.0,2,"[""D_guangzhou"", ""D_shenzhen""]","{""D_guangzhou"": 215.616548872398, ""D_shenzhen"": 57.426143164263}",52804.50906,cn-prd-50c-01-V2-LOCATIONS,D_shenzhen,True,57.426143164263,50426.152500000004,prd
True,206.365561781022,159.311666669613,C031,278.0,2,"[""D_guangzhou"", ""D_shenzhen""]","{""D_guangzhou"": 206.365561781022, ""D_shenzhen"": 47.053895111409}",63396.32826,cn-prd-50c-01-V2-LOCATIONS,D_shenzhen,True,47.053895111409,61117.11348,prd
True,216.999591538479,166.311809019586,C032,278.0,2,"[""D_guangzhou"", ""D_shenzhen""]","{""D_guangzhou"": 216.999591538479, ""D_shenzhen"": 50.687782518893}",51507.63888,cn-prd-50c-01-V2-LOCATIONS,D_shenzhen,True,50.687782518893,48368.163660000006,prd
True,220.19192216527298,160.05348157135597,C033,208.0,2,"[""D_guangzhou"", ""D_shenzhen""]","{""D_guangzhou"": 220.19192216527298, ""D_shenzhen"": 60.138440593917}",63856.43772,cn-prd-50c-01-V2-LOCATIONS,D_shenzhen,True,60.138440593917,60765.789359999995,prd
True,213.548553822471,163.90244677694702,C034,208.0,2,"[""D_guangzhou"", ""D_shenzhen""]","{""D_guangzhou"": 213.548553822471, ""D_shenzhen"": 49.646107045524}",58917.88362,cn-prd-50c-01-V2-LOCATIONS,D_shenzhen,True,49.646107045524,56237.64996,prd
True,209.81793133607198,155.60393461045896,C035,139.0,2,"[""D_guangzhou"", ""D_shenzhen""]","{""D_guangzhou"": 209.81793133607198, ""D_shenzhen"": 54.213996725613}",49616.24904,cn-prd-50c-01-V2-LOCATIONS,D_shenzhen,True,54.213996725613,47210.4468,prd
True,217.128405039164,162.06422952620798,C036,139.0,2,"[""D_guangzhou"", ""D_shenzhen""]","{""D_guangzhou"": 217.128405039164, ""D_shenzhen"": 55.064175512956005}",49204.818479999994,cn-prd-50c-01-V2-LOCATIONS,D_shenzhen,True,55.064175512956005,46440.9525,prd
True,218.446983641834,165.801640396825,C037,417.0,2,"[""D_guangzhou"", ""D_shenzhen""]","{""D_guangzhou"": 218.446983641834, ""D_shenzhen"": 52.645343245009}",50150.255339999996,cn-prd-50c-01-V2-LOCATIONS,D_shenzhen,True,52.645343245009,48206.25966,prd
True,194.05574864827,142.21847827297302,C038,278.0,2,"[""D_guangzhou"", ""D_shenzhen""]","{""D_guangzhou"": 194.05574864827, ""D_shenzhen"": 51.837270375296995}",59750.01012,cn-prd-50c-01-V2-LOCATIONS,D_shenzhen,True,51.837270375296995,56687.948879999996,prd
True,197.75473616710397,149.86247155417198,C039,347.0,2,"[""D_guangzhou"", ""D_shenzhen""]","{""D_guangzhou"": 197.75473616710397, ""D_shenzhen"": 47.892264612932}",50699.05248,cn-prd-50c-01-V2-LOCATIONS,D_shenzhen,True,47.892264612932,47774.39238,prd
True,204.540249185783,152.658803976049,C040,417.0,2,"[""D_guangzhou"", ""D_shenzhen""]","{""D_guangzhou"": 204.540249185783, ""D_shenzhen"": 51.881445209734}",57668.56626,cn-prd-50c-01-V2-LOCATIONS,D_shenzhen,True,51.881445209734,54922.92408,prd
True,217.128405076024,162.684894098455,C041,417.0,2,"[""D_guangzhou"", ""D_shenzhen""]","{""D_guangzhou"": 217.128405076024, ""D_shenzhen"": 54.443510977569}",48634.50354,cn-prd-50c-01-V2-LOCATIONS,D_shenzhen,True,54.443510977569,46122.38058,prd
True,204.434175078785,154.35628551268798,C042,139.0,2,"[""D_guangzhou"", ""D_shenzhen""]","{""D_guangzhou"": 204.434175078785, ""D_shenzhen"": 50.077889566097}",64400.59217999999,cn-prd-50c-01-V2-LOCATIONS,D_shenzhen,True,50.077889566097,61193.80206,prd
True,206.365561781022,159.311666669613,C043,139.0,2,"[""D_guangzhou"", ""D_shenzhen""]","{""D_guangzhou"": 206.365561781022, ""D_shenzhen"": 47.053895111409}",46619.2056,cn-prd-50c-01-V2-LOCATIONS,D_shenzhen,True,47.053895111409,43335.869340000005,prd
True,204.695559165402,155.513864006853,C044,278.0,2,"[""D_guangzhou"", ""D_shenzhen""]","{""D_guangzhou"": 204.695559165402, ""D_shenzhen"": 49.181695158549005}",60097.92264,cn-prd-50c-01-V2-LOCATIONS,D_shenzhen,True,49.181695158549005,57347.3754,prd
True,211.03893501686701,158.91873532415502,C045,347.0,2,"[""D_guangzhou"", ""D_shenzhen""]","{""D_guangzhou"": 211.03893501686701, ""D_shenzhen"": 52.120199692712}",60037.055519999994,cn-prd-50c-01-V2-LOCATIONS,D_shenzhen,True,52.120199692712,56659.9512,prd
True,214.421167872831,163.93400123039,C046,139.0,2,"[""D_guangzhou"", ""D_shenzhen""]","{""D_guangzhou"": 214.421167872831, ""D_shenzhen"": 50.487166642441}",48704.1414,cn-prd-50c-01-V2-LOCATIONS,D_shenzhen,True,50.487166642441,45995.04612,prd
True,213.19788957301398,156.95957712802797,C047,208.0,2,"[""D_guangzhou"", ""D_shenzhen""]","{""D_guangzhou"": 213.19788957301398, ""D_shenzhen"": 56.23831244498601}",49033.7088,cn-prd-50c-01-V2-LOCATIONS,D_shenzhen,True,56.23831244498601,46860.36042,prd
True,213.31329569695097,156.661501713058,C048,139.0,2,"[""D_guangzhou"", ""D_shenzhen""]","{""D_guangzhou"": 213.31329569695097, ""D_shenzhen"": 56.651793983893}",62450.135519999996,cn-prd-50c-01-V2-LOCATIONS,D_shenzhen,True,56.651793983893,59602.482780000006,prd
True,206.73603027026,160.16401336882598,C049,139.0,2,"[""D_guangzhou"", ""D_shenzhen""]","{""D_guangzhou"": 206.73603027026, ""D_shenzhen"": 46.572016901434004}",60624.72552,cn-prd-50c-01-V2-LOCATIONS,D_shenzhen,True,46.572016901434004,58232.35746,prd
True,199.05068022646802,153.326209355476,C050,417.0,2,"[""D_guangzhou"", ""D_shenzhen""]","{""D_guangzhou"": 199.05068022646802, ""D_shenzhen"": 45.72447087099199}",49382.87478,cn-prd-50c-01-V2-LOCATIONS,D_shenzhen,True,45.72447087099199,46557.9798,prd
True,225.38958170722,163.605584589861,C001,139.0,2,"[""D_guangzhou"", ""D_shenzhen""]","{""D_guangzhou"": 61.783997117359, ""D_shenzhen"": 225.38958170722}",65261.28588,cn-prd-50c-02-V2-LOCATIONS,D_guangzhou,True,61.783997117359,61896.00468,prd
True,229.60721939958898,163.605584589859,C002,208.0,2,"[""D_guangzhou"", ""D_shenzhen""]","{""D_guangzhou"": 66.00163480972999, ""D_shenzhen"": 229.60721939958898}",49299.11556,cn-prd-50c-02-V2-LOCATIONS,D_guangzhou,True,66.00163480972999,46713.58308,prd
True,228.896011764144,163.083691879316,C003,139.0,2,"[""D_guangzhou"", ""D_shenzhen""]","{""D_guangzhou"": 65.812319884828, ""D_shenzhen"": 228.896011764144}",52393.28202,cn-prd-50c-02-V2-LOCATIONS,D_guangzhou,True,65.812319884828,49786.0752,prd
True,226.68035392101902,163.60558458986102,C004,347.0,2,"[""D_guangzhou"", ""D_shenzhen""]","{""D_guangzhou"": 63.074769331158, ""D_shenzhen"": 226.68035392101902}",55984.291619999996,cn-prd-50c-02-V2-LOCATIONS,D_guangzhou,True,63.074769331158,53201.67006,prd
True,226.136983018335,163.128108506411,C005,278.0,2,"[""D_guangzhou"", ""D_shenzhen""]","{""D_guangzhou"": 63.008874511924, ""D_shenzhen"": 226.136983018335}",51860.43048,cn-prd-50c-02-V2-LOCATIONS,D_guangzhou,True,63.008874511924,49775.20146,prd
True,229.886516360563,166.34113800119002,C006,278.0,2,"[""D_guangzhou"", ""D_shenzhen""]","{""D_guangzhou"": 63.545378359373004, ""D_shenzhen"": 229.886516360563}",58945.45908,cn-prd-50c-02-V2-LOCATIONS,D_guangzhou,True,63.545378359373004,56364.21552,prd
True,227.53968512264598,164.63402966604198,C007,208.0,2,"[""D_guangzhou"", ""D_shenzhen""]","{""D_guangzhou"": 62.905655456604, ""D_shenzhen"": 227.53968512264598}",56339.78562,cn-prd-50c-02-V2-LOCATIONS,D_guangzhou,True,62.905655456604,53069.9997,prd
True,225.173884609018,163.605584589861,C008,139.0,2,"[""D_guangzhou"", ""D_shenzhen""]","{""D_guangzhou"": 61.568300019157, ""D_shenzhen"": 225.173884609018}",44823.16686,cn-prd-50c-02-V2-LOCATIONS,D_guangzhou,True,61.568300019157,42338.91624,prd
True,226.10942165327398,163.605584589861,C009,278.0,2,"[""D_guangzhou"", ""D_shenzhen""]","{""D_guangzhou"": 62.503837063412995, ""D_shenzhen"": 226.10942165327398}",51810.10182,cn-prd-50c-02-V2-LOCATIONS,D_guangzhou,True,62.503837063412995,48318.64476,prd
True,229.570163058857,161.129599559837,C010,278.0,2,"[""D_guangzhou"", ""D_shenzhen""]","{""D_guangzhou"": 68.44056349902, ""D_shenzhen"": 229.570163058857}",47228.983739999996,cn-prd-50c-02-V2-LOCATIONS,D_guangzhou,True,68.44056349902,44601.09,prd
True,227.25598593648303,163.60558458986102,C011,208.0,2,"[""D_guangzhou"", ""D_shenzhen""]","{""D_guangzhou"": 63.650401346622004, ""D_shenzhen"": 227.25598593648303}",48101.645699999994,cn-prd-50c-02-V2-LOCATIONS,D_guangzhou,True,63.650401346622004,45856.232939999994,prd
True,230.943406367396,164.214634919958,C012,139.0,2,"[""D_guangzhou"", ""D_shenzhen""]","{""D_guangzhou"": 66.72877144743799, ""D_shenzhen"": 230.943406367396}",51998.77056,cn-prd-50c-02-V2-LOCATIONS,D_guangzhou,True,66.72877144743799,49509.2094,prd
True,226.870436427268,163.605584589861,C013,278.0,2,"[""D_guangzhou"", ""D_shenzhen""]","{""D_guangzhou"": 63.264851837406994, ""D_shenzhen"": 226.870436427268}",50791.089,cn-prd-50c-02-V2-LOCATIONS,D_guangzhou,True,63.264851837406994,47312.24184,prd
True,239.78663989036502,163.83748741376502,C014,139.0,2,"[""D_guangzhou"", ""D_shenzhen""]","{""D_guangzhou"": 75.94915247659999, ""D_shenzhen"": 239.78663989036502}",47379.038519999995,cn-prd-50c-02-V2-LOCATIONS,D_guangzhou,True,75.94915247659999,44023.63032,prd
True,239.51982923837198,163.71423895550498,C015,417.0,2,"[""D_guangzhou"", ""D_shenzhen""]","{""D_guangzhou"": 75.80559028286699, ""D_shenzhen"": 239.51982923837198}",58502.54106,cn-prd-50c-02-V2-LOCATIONS,D_guangzhou,True,75.80559028286699,56020.40298,prd
True,237.05406272379798,164.75229240317196,C016,139.0,2,"[""D_guangzhou"", ""D_shenzhen""]","{""D_guangzhou"": 72.301770320626, ""D_shenzhen"": 237.05406272379798}",63344.132399999995,cn-prd-50c-02-V2-LOCATIONS,D_guangzhou,True,72.301770320626,60579.3528,prd
True,225.042787867424,163.605584589861,C017,278.0,2,"[""D_guangzhou"", ""D_shenzhen""]","{""D_guangzhou"": 61.437203277563, ""D_shenzhen"": 225.042787867424}",64388.99982,cn-prd-50c-02-V2-LOCATIONS,D_guangzhou,True,61.437203277563,62230.888439999995,prd
True,225.61150552467,163.605584589861,C018,347.0,2,"[""D_guangzhou"", ""D_shenzhen""]","{""D_guangzhou"": 62.005920934809, ""D_shenzhen"": 225.61150552467}",64707.678,cn-prd-50c-02-V2-LOCATIONS,D_guangzhou,True,62.005920934809,62464.76556,prd
True,221.584748041758,163.605584589861,C019,278.0,2,"[""D_guangzhou"", ""D_shenzhen""]","{""D_guangzhou"": 57.979163451896994, ""D_shenzhen"": 221.584748041758}",48548.74602,cn-prd-50c-02-V2-LOCATIONS,D_guangzhou,True,57.979163451896994,45571.92804,prd
True,228.102668384098,163.605584589861,C020,347.0,2,"[""D_guangzhou"", ""D_shenzhen""]","{""D_guangzhou"": 64.497083794237, ""D_shenzhen"": 228.102668384098}",51303.274919999996,cn-prd-50c-02-V2-LOCATIONS,D_guangzhou,True,64.497083794237,48468.113820000006,prd
True,219.38403523193,163.60558458986,C021,278.0,2,"[""D_guangzhou"", ""D_shenzhen""]","{""D_guangzhou"": 55.778450642070005, ""D_shenzhen"": 219.38403523193}",50855.59806,cn-prd-50c-02-V2-LOCATIONS,D_guangzhou,True,55.778450642070005,48978.889019999995,prd
True,235.292603370991,163.614178692876,C022,347.0,2,"[""D_guangzhou"", ""D_shenzhen""]","{""D_guangzhou"": 71.678424678115, ""D_shenzhen"": 235.292603370991}",55984.291619999996,cn-prd-50c-02-V2-LOCATIONS,D_guangzhou,True,71.678424678115,53201.67006,prd
True,230.239179762203,164.214634919957,C023,139.0,2,"[""D_guangzhou"", ""D_shenzhen""]","{""D_guangzhou"": 66.024544842246, ""D_shenzhen"": 230.239179762203}",55006.070999999996,cn-prd-50c-02-V2-LOCATIONS,D_guangzhou,True,66.024544842246,51608.90766,prd
True,217.128405059714,162.684894098455,C024,208.0,2,"[""D_guangzhou"", ""D_shenzhen""]","{""D_guangzhou"": 217.128405059714, ""D_shenzhen"": 54.443510961259}",45789.71964,cn-prd-50c-02-V2-LOCATIONS,D_shenzhen,True,54.443510961259,42293.834220000004,prd
True,216.610684107029,160.66438194387698,C025,347.0,2,"[""D_guangzhou"", ""D_shenzhen""]","{""D_guangzhou"": 216.610684107029, ""D_shenzhen"": 55.946302163152005}",44921.310900000004,cn-prd-50c-02-V2-LOCATIONS,D_shenzhen,True,55.946302163152005,41699.25204,prd
True,215.730641725078,167.849206430302,C026,208.0,2,"[""D_guangzhou"", ""D_shenzhen""]","{""D_guangzhou"": 215.730641725078, ""D_shenzhen"": 47.881435294776004}",57939.94848,cn-prd-50c-02-V2-LOCATIONS,D_shenzhen,True,47.881435294776004,55782.43842,prd
True,220.74437643451097,162.62918879345796,C027,417.0,2,"[""D_guangzhou"", ""D_shenzhen""]","{""D_guangzhou"": 220.74437643451097, ""D_shenzhen"": 58.115187641053005}",46022.70828,cn-prd-50c-02-V2-LOCATIONS,D_shenzhen,True,58.115187641053005,43981.97466,prd
True,213.750088337546,164.59558876511701,C028,347.0,2,"[""D_guangzhou"", ""D_shenzhen""]","{""D_guangzhou"": 213.750088337546, ""D_shenzhen"": 49.154499572428996}",49760.514839999996,cn-prd-50c-02-V2-LOCATIONS,D_shenzhen,True,49.154499572428996,47791.47732,prd
True,211.555277933939,158.299923638282,C029,208.0,2,"[""D_guangzhou"", ""D_shenzhen""]","{""D_guangzhou"": 211.555277933939, ""D_shenzhen"": 53.255354295657}",48433.0218,cn-prd-50c-02-V2-LOCATIONS,D_shenzhen,True,53.255354295657,45507.297300000006,prd
True,207.676876994783,154.717945708348,C030,208.0,2,"[""D_guangzhou"", ""D_shenzhen""]","{""D_guangzhou"": 207.676876994783, ""D_shenzhen"": 52.958931286434996}",65423.42598,cn-prd-50c-02-V2-LOCATIONS,D_shenzhen,True,52.958931286434996,62682.77388,prd
True,196.778137434936,144.552773968241,C031,347.0,2,"[""D_guangzhou"", ""D_shenzhen""]","{""D_guangzhou"": 196.778137434936, ""D_shenzhen"": 52.22536346669499}",51265.267980000004,cn-prd-50c-02-V2-LOCATIONS,D_shenzhen,True,52.22536346669499,48362.4825,prd
True,213.452595718514,157.024695934258,C032,347.0,2,"[""D_guangzhou"", ""D_shenzhen""]","{""D_guangzhou"": 213.452595718514, ""D_shenzhen"": 56.427899784256}",45447.519,cn-prd-50c-02-V2-LOCATIONS,D_shenzhen,True,56.427899784256,42799.516260000004,prd
True,217.42598069871002,166.24567474037403,C033,139.0,2,"[""D_guangzhou"", ""D_shenzhen""]","{""D_guangzhou"": 217.42598069871002, ""D_shenzhen"": 51.180305958336}",46813.36002,cn-prd-50c-02-V2-LOCATIONS,D_shenzhen,True,51.180305958336,44257.71642,prd
True,211.355087939626,163.65068962609502,C034,417.0,2,"[""D_guangzhou"", ""D_shenzhen""]","{""D_guangzhou"": 211.355087939626, ""D_shenzhen"": 47.704398313530994}",58842.782699999996,cn-prd-50c-02-V2-LOCATIONS,D_shenzhen,True,47.704398313530994,55534.82892,prd
True,211.136947143323,158.190866436797,C035,347.0,2,"[""D_guangzhou"", ""D_shenzhen""]","{""D_guangzhou"": 211.136947143323, ""D_shenzhen"": 52.946080706526004}",53465.67786,cn-prd-50c-02-V2-LOCATIONS,D_shenzhen,True,52.946080706526004,50177.18952,prd
True,217.815157074574,163.529989072089,C036,347.0,2,"[""D_guangzhou"", ""D_shenzhen""]","{""D_guangzhou"": 217.815157074574, ""D_shenzhen"": 54.285168002485}",45815.774099999995,cn-prd-50c-02-V2-LOCATIONS,D_shenzhen,True,54.285168002485,43922.622240000004,prd
True,213.63501051881101,163.885816692758,C037,208.0,2,"[""D_guangzhou"", ""D_shenzhen""]","{""D_guangzhou"": 213.63501051881101, ""D_shenzhen"": 49.749193826053}",52076.80296,cn-prd-50c-02-V2-LOCATIONS,D_shenzhen,True,49.749193826053,48549.093420000005,prd
True,216.821154039485,160.910260740548,C038,278.0,2,"[""D_guangzhou"", ""D_shenzhen""]","{""D_guangzhou"": 216.821154039485, ""D_shenzhen"": 55.910893298937}",61813.694879999995,cn-prd-50c-02-V2-LOCATIONS,D_shenzhen,True,55.910893298937,58623.58038,prd
True,199.059117884107,151.105862982844,C039,139.0,2,"[""D_guangzhou"", ""D_shenzhen""]","{""D_guangzhou"": 199.059117884107, ""D_shenzhen"": 47.953254901263}",48082.45308,cn-prd-50c-02-V2-LOCATIONS,D_shenzhen,True,47.953254901263,46165.6443,prd
True,211.787241236234,158.936572635227,C040,278.0,2,"[""D_guangzhou"", ""D_shenzhen""]","{""D_guangzhou"": 211.787241236234, ""D_shenzhen"": 52.850668601006994}",47748.563220000004,cn-prd-50c-02-V2-LOCATIONS,D_shenzhen,True,52.850668601006994,44262.690839999996,prd
True,217.12840508338402,162.064229526208,C041,347.0,2,"[""D_guangzhou"", ""D_shenzhen""]","{""D_guangzhou"": 217.12840508338402, ""D_shenzhen"": 55.064175557176}",60298.66542,cn-prd-50c-02-V2-LOCATIONS,D_shenzhen,True,55.064175557176,57602.29278,prd
True,216.47994972399698,160.591056857914,C042,139.0,2,"[""D_guangzhou"", ""D_shenzhen""]","{""D_guangzhou"": 216.47994972399698, ""D_shenzhen"": 55.888892866083}",44823.16686,cn-prd-50c-02-V2-LOCATIONS,D_shenzhen,True,55.888892866083,42338.91624,prd
True,217.289499319304,166.03662949884102,C043,208.0,2,"[""D_guangzhou"", ""D_shenzhen""]","{""D_guangzhou"": 217.289499319304, ""D_shenzhen"": 51.252869820463}",62424.95502,cn-prd-50c-02-V2-LOCATIONS,D_shenzhen,True,51.252869820463,58853.14914,prd
True,205.461019571245,158.953146590137,C044,139.0,2,"[""D_guangzhou"", ""D_shenzhen""]","{""D_guangzhou"": 205.461019571245, ""D_shenzhen"": 46.507872981108}",49438.97964,cn-prd-50c-02-V2-LOCATIONS,D_shenzhen,True,46.507872981108,46440.0756,prd
True,215.691736440361,160.354364881104,C045,278.0,2,"[""D_guangzhou"", ""D_shenzhen""]","{""D_guangzhou"": 215.691736440361, ""D_shenzhen"": 55.337371559257}",47259.54144,cn-prd-50c-02-V2-LOCATIONS,D_shenzhen,True,55.337371559257,44220.976740000006,prd
True,195.615685452952,144.62443930114398,C046,417.0,2,"[""D_guangzhou"", ""D_shenzhen""]","{""D_guangzhou"": 195.615685452952, ""D_shenzhen"": 50.991246151808}",49055.84658,cn-prd-50c-02-V2-LOCATIONS,D_shenzhen,True,50.991246151808,46940.280119999996,prd
True,210.652767957387,165.439798979827,C047,417.0,2,"[""D_guangzhou"", ""D_shenzhen""]","{""D_guangzhou"": 210.652767957387, ""D_shenzhen"": 45.212968977559996}",51820.25124,cn-prd-50c-02-V2-LOCATIONS,D_shenzhen,True,45.212968977559996,49293.2967,prd
True,217.802329115065,167.436803925552,C048,139.0,2,"[""D_guangzhou"", ""D_shenzhen""]","{""D_guangzhou"": 217.802329115065, ""D_shenzhen"": 50.365525189513}",49364.38932,cn-prd-50c-02-V2-LOCATIONS,D_shenzhen,True,50.365525189513,47344.611300000004,prd
True,207.643535427933,154.717945708348,C049,208.0,2,"[""D_guangzhou"", ""D_shenzhen""]","{""D_guangzhou"": 207.643535427933, ""D_shenzhen"": 52.925589719585}",50929.21836,cn-prd-50c-02-V2-LOCATIONS,D_shenzhen,True,52.925589719585,47702.96658,prd
True,216.501180514529,162.033815240501,C050,139.0,2,"[""D_guangzhou"", ""D_shenzhen""]","{""D_guangzhou"": 216.501180514529, ""D_shenzhen"": 54.46736527402799}",50666.47494,cn-prd-50c-02-V2-LOCATIONS,D_shenzhen,True,54.46736527402799,48338.94846,prd
True,222.76846262062801,163.010737288884,C001,139.0,2,"[""D_guangzhou"", ""D_shenzhen""]","{""D_guangzhou"": 59.757725331744005, ""D_shenzhen"": 222.76846262062801}",52268.6034,cn-prd-50c-03-V2-LOCATIONS,D_guangzhou,True,59.757725331744005,49364.852459999995,prd
True,224.99224011408603,163.60558458986102,C002,417.0,2,"[""D_guangzhou"", ""D_shenzhen""]","{""D_guangzhou"": 61.386655524225006, ""D_shenzhen"": 224.99224011408603}",49086.801179999995,cn-prd-50c-03-V2-LOCATIONS,D_guangzhou,True,61.386655524225006,46001.065800000004,prd
True,225.748993305907,163.605584589861,C003,278.0,2,"[""D_guangzhou"", ""D_shenzhen""]","{""D_guangzhou"": 62.143408716046, ""D_shenzhen"": 225.748993305907}",53005.748759999995,cn-prd-50c-03-V2-LOCATIONS,D_guangzhou,True,62.143408716046,49590.995579999995,prd
True,224.855777423019,162.392593422057,C004,347.0,2,"[""D_guangzhou"", ""D_shenzhen""]","{""D_guangzhou"": 62.46318400096201, ""D_shenzhen"": 224.855777423019}",50584.418099999995,cn-prd-50c-03-V2-LOCATIONS,D_guangzhou,True,62.46318400096201,48392.59626,prd
True,240.02672332059498,164.635706102814,C005,139.0,2,"[""D_guangzhou"", ""D_shenzhen""]","{""D_guangzhou"": 75.39101721778098, ""D_shenzhen"": 240.02672332059498}",55762.85676,cn-prd-50c-03-V2-LOCATIONS,D_guangzhou,True,75.39101721778098,52714.750739999996,prd
True,228.598338455179,164.152385401663,C006,347.0,2,"[""D_guangzhou"", ""D_shenzhen""]","{""D_guangzhou"": 64.445953053516, ""D_shenzhen"": 228.598338455179}",64707.678,cn-prd-50c-03-V2-LOCATIONS,D_guangzhou,True,64.445953053516,62464.76556,prd
True,221.63359734876198,163.605584589861,C007,139.0,2,"[""D_guangzhou"", ""D_shenzhen""]","{""D_guangzhou"": 58.028012758901, ""D_shenzhen"": 221.63359734876198}",50950.36458,cn-prd-50c-03-V2-LOCATIONS,D_guangzhou,True,58.028012758901,48640.348379999996,prd
True,228.883253591223,164.214634919957,C008,347.0,2,"[""D_guangzhou"", ""D_shenzhen""]","{""D_guangzhou"": 64.668618671266, ""D_shenzhen"": 228.883253591223}",53032.44036,cn-prd-50c-03-V2-LOCATIONS,D_guangzhou,True,64.668618671266,49850.621340000005,prd
True,241.399497159931,159.44668059261699,C009,278.0,2,"[""D_guangzhou"", ""D_shenzhen""]","{""D_guangzhou"": 81.952816567314, ""D_shenzhen"": 241.399497159931}",53286.02178,cn-prd-50c-03-V2-LOCATIONS,D_guangzhou,True,81.952816567314,49737.54288,prd
True,243.98844782767299,161.43686956038698,C010,139.0,2,"[""D_guangzhou"", ""D_shenzhen""]","{""D_guangzhou"": 82.551578267286, ""D_shenzhen"": 243.98844782767299}",46175.679299999996,cn-prd-50c-03-V2-LOCATIONS,D_guangzhou,True,82.551578267286,43515.17688,prd
True,225.04307815168,163.605584589861,C011,347.0,2,"[""D_guangzhou"", ""D_shenzhen""]","{""D_guangzhou"": 61.437493561819, ""D_shenzhen"": 225.04307815168}",46453.560959999995,cn-prd-50c-03-V2-LOCATIONS,D_guangzhou,True,61.437493561819,43611.1728,prd
True,229.28089786955098,163.605584589861,C012,139.0,2,"[""D_guangzhou"", ""D_shenzhen""]","{""D_guangzhou"": 65.67531327969, ""D_shenzhen"": 229.28089786955098}",60190.51362,cn-prd-50c-03-V2-LOCATIONS,D_guangzhou,True,65.67531327969,56860.73346,prd
True,220.67486015269202,163.60558458986102,C013,278.0,2,"[""D_guangzhou"", ""D_shenzhen""]","{""D_guangzhou"": 57.069275562830995, ""D_shenzhen"": 220.67486015269202}",60320.2194,cn-prd-50c-03-V2-LOCATIONS,D_guangzhou,True,57.069275562830995,57765.596340000004,prd
True,225.342524339606,163.605584589861,C014,417.0,2,"[""D_guangzhou"", ""D_shenzhen""]","{""D_guangzhou"": 61.736939749745, ""D_shenzhen"": 225.342524339606}",47857.549439999995,cn-prd-50c-03-V2-LOCATIONS,D_guangzhou,True,61.736939749745,44671.92744,prd
True,229.468467637756,164.214634919958,C015,417.0,2,"[""D_guangzhou"", ""D_shenzhen""]","{""D_guangzhou"": 65.25383271779799, ""D_shenzhen"": 229.468467637756}",60775.31244,cn-prd-50c-03-V2-LOCATIONS,D_guangzhou,True,65.25383271779799,58850.95638,prd
True,220.71244778112398,163.605584589861,C016,139.0,2,"[""D_guangzhou"", ""D_shenzhen""]","{""D_guangzhou"": 57.106863191262995, ""D_shenzhen"": 220.71244778112398}",60624.72552,cn-prd-50c-03-V2-LOCATIONS,D_guangzhou,True,57.106863191262995,58232.35746,prd
True,219.785786673842,163.605584589861,C017,208.0,2,"[""D_guangzhou"", ""D_shenzhen""]","{""D_guangzhou"": 56.180202083981, ""D_shenzhen"": 219.785786673842}",61862.588460000006,cn-prd-50c-03-V2-LOCATIONS,D_guangzhou,True,56.180202083981,59295.44214,prd
True,225.884371635863,163.605584589861,C018,347.0,2,"[""D_guangzhou"", ""D_shenzhen""]","{""D_guangzhou"": 62.27878704600201, ""D_shenzhen"": 225.884371635863}",48955.96044,cn-prd-50c-03-V2-LOCATIONS,D_guangzhou,True,62.27878704600201,46585.062600000005,prd
True,229.10996448733198,164.21463491995698,C019,347.0,2,"[""D_guangzhou"", ""D_shenzhen""]","{""D_guangzhou"": 64.895329567375, ""D_shenzhen"": 229.10996448733198}",62782.53306,cn-prd-50c-03-V2-LOCATIONS,D_guangzhou,True,64.895329567375,59972.44206,prd
True,220.607531794944,163.605584589861,C020,139.0,2,"[""D_guangzhou"", ""D_shenzhen""]","{""D_guangzhou"": 57.001947205083, ""D_shenzhen"": 220.607531794944}",48082.45308,cn-prd-50c-03-V2-LOCATIONS,D_guangzhou,True,57.001947205083,46165.6443,prd
True,220.14865791264,163.605584589861,C021,208.0,2,"[""D_guangzhou"", ""D_shenzhen""]","{""D_guangzhou"": 56.543073322779, ""D_shenzhen"": 220.14865791264}",45909.070739999996,cn-prd-50c-03-V2-LOCATIONS,D_guangzhou,True,56.543073322779,42598.48254,prd
True,222.84199648005,163.701857512695,C022,278.0,2,"[""D_guangzhou"", ""D_shenzhen""]","{""D_guangzhou"": 59.140138967355, ""D_shenzhen"": 222.84199648005}",47379.46632,cn-prd-50c-03-V2-LOCATIONS,D_guangzhou,True,59.140138967355,45267.37374,prd
True,243.821721287516,162.118036099053,C023,417.0,2,"[""D_guangzhou"", ""D_shenzhen""]","{""D_guangzhou"": 81.703685188463, ""D_shenzhen"": 243.821721287516}",50670.38226,cn-prd-50c-03-V2-LOCATIONS,D_guangzhou,True,81.703685188463,47849.46768,prd
True,212.351208554974,160.662737910622,C024,208.0,2,"[""D_guangzhou"", ""D_shenzhen""]","{""D_guangzhou"": 212.351208554974, ""D_shenzhen"": 51.688470644351995}",45294.77514,cn-prd-50c-03-V2-LOCATIONS,D_shenzhen,True,51.688470644351995,42374.80158,prd
True,216.458573276741,159.74341016177198,C025,278.0,2,"[""D_guangzhou"", ""D_shenzhen""]","{""D_guangzhou"": 216.458573276741, ""D_shenzhen"": 56.715163114969}",47286.22188,cn-prd-50c-03-V2-LOCATIONS,D_shenzhen,True,56.715163114969,45271.16022,prd
True,204.456718491587,155.262225395808,C026,139.0,2,"[""D_guangzhou"", ""D_shenzhen""]","{""D_guangzhou"": 204.456718491587, ""D_shenzhen"": 49.19449309577901}",43581.85482,cn-prd-50c-03-V2-LOCATIONS,D_shenzhen,True,49.19449309577901,41558.23332,prd
True,215.884916472345,160.354364881104,C027,417.0,2,"[""D_guangzhou"", ""D_shenzhen""]","{""D_guangzhou"": 215.884916472345, ""D_shenzhen"": 55.53055159124101}",51820.25124,cn-prd-50c-03-V2-LOCATIONS,D_shenzhen,True,55.53055159124101,49293.2967,prd
True,217.35415267147297,166.48271214429298,C028,347.0,2,"[""D_guangzhou"", ""D_shenzhen""]","{""D_guangzhou"": 217.35415267147297, ""D_shenzhen"": 50.87144052718}",48697.73472,cn-prd-50c-03-V2-LOCATIONS,D_shenzhen,True,50.87144052718,45375.18756,prd
True,206.443229916311,157.82251588427098,C029,417.0,2,"[""D_guangzhou"", ""D_shenzhen""]","{""D_guangzhou"": 206.443229916311, ""D_shenzhen"": 48.620714032040006}",58696.6314,cn-prd-50c-03-V2-LOCATIONS,D_shenzhen,True,48.620714032040006,56589.4257,prd
True,210.909113001434,158.91873532415502,C030,139.0,2,"[""D_guangzhou"", ""D_shenzhen""]","{""D_guangzhou"": 210.909113001434, ""D_shenzhen"": 51.990377677279}",45820.23527999999,cn-prd-50c-03-V2-LOCATIONS,D_shenzhen,True,51.990377677279,43972.20048,prd
True,213.289872054494,157.024695934258,C031,278.0,2,"[""D_guangzhou"", ""D_shenzhen""]","{""D_guangzhou"": 213.289872054494, ""D_shenzhen"": 56.265176120236}",59750.01012,cn-prd-50c-03-V2-LOCATIONS,D_shenzhen,True,56.265176120236,56687.948879999996,prd
True,217.12840505473397,162.68489409845498,C032,139.0,2,"[""D_guangzhou"", ""D_shenzhen""]","{""D_guangzhou"": 217.12840505473397, ""D_shenzhen"": 54.443510956279}",49881.28656,cn-prd-50c-03-V2-LOCATIONS,D_shenzhen,True,54.443510956279,46446.76068,prd
True,204.18224927841598,154.577323015194,C033,278.0,2,"[""D_guangzhou"", ""D_shenzhen""]","{""D_guangzhou"": 204.18224927841598, ""D_shenzhen"": 49.604926263222}",61142.59392,cn-prd-50c-03-V2-LOCATIONS,D_shenzhen,True,49.604926263222,58064.357879999996,prd
True,196.778137434936,144.552773968241,C034,139.0,2,"[""D_guangzhou"", ""D_shenzhen""]","{""D_guangzhou"": 196.778137434936, ""D_shenzhen"": 52.22536346669499}",52756.08102,cn-prd-50c-03-V2-LOCATIONS,D_shenzhen,True,52.22536346669499,49941.46992,prd
True,212.341973482873,164.747942425821,C035,208.0,2,"[""D_guangzhou"", ""D_shenzhen""]","{""D_guangzhou"": 212.341973482873, ""D_shenzhen"": 47.59403105705199}",65100.92825999999,cn-prd-50c-03-V2-LOCATIONS,D_shenzhen,True,47.59403105705199,61980.34008,prd
True,212.351208530244,160.662737910622,C036,417.0,2,"[""D_guangzhou"", ""D_shenzhen""]","{""D_guangzhou"": 212.351208530244, ""D_shenzhen"": 51.688470619622}",52791.58902,cn-prd-50c-03-V2-LOCATIONS,D_shenzhen,True,51.688470619622,49552.203839999995,prd
True,212.351208530244,160.662737910622,C037,208.0,2,"[""D_guangzhou"", ""D_shenzhen""]","{""D_guangzhou"": 212.351208530244, ""D_shenzhen"": 51.688470619622}",48419.93298,cn-prd-50c-03-V2-LOCATIONS,D_shenzhen,True,51.688470619622,45236.5281,prd
True,216.94761078274402,166.21920710250004,C038,278.0,2,"[""D_guangzhou"", ""D_shenzhen""]","{""D_guangzhou"": 216.94761078274402, ""D_shenzhen"": 50.72840368024399}",58139.520359999995,cn-prd-50c-03-V2-LOCATIONS,D_shenzhen,True,50.72840368024399,56121.575280000005,prd
True,204.43417512681498,154.35628551268798,C039,139.0,2,"[""D_guangzhou"", ""D_shenzhen""]","{""D_guangzhou"": 204.43417512681498, ""D_shenzhen"": 50.077889614127}",58495.01244,cn-prd-50c-03-V2-LOCATIONS,D_shenzhen,True,50.077889614127,55624.00206,prd
True,216.999591537058,166.31180901958498,C040,278.0,2,"[""D_guangzhou"", ""D_shenzhen""]","{""D_guangzhou"": 216.999591537058, ""D_shenzhen"": 50.687782517472996}",47765.36286,cn-prd-50c-03-V2-LOCATIONS,D_shenzhen,True,50.687782517472996,44381.7267,prd
True,213.133466134989,161.41083328447598,C041,208.0,2,"[""D_guangzhou"", ""D_shenzhen""]","{""D_guangzhou"": 213.133466134989, ""D_shenzhen"": 51.722632850513}",53023.13226,cn-prd-50c-03-V2-LOCATIONS,D_shenzhen,True,51.722632850513,49759.236899999996,prd
True,217.26542129358702,166.04363578831,C042,208.0,2,"[""D_guangzhou"", ""D_shenzhen""]","{""D_guangzhou"": 217.26542129358702, ""D_shenzhen"": 51.221785505277005}",59188.1118,cn-prd-50c-03-V2-LOCATIONS,D_shenzhen,True,51.221785505277005,56045.620259999996,prd
True,216.920591638357,162.826215405114,C043,278.0,2,"[""D_guangzhou"", ""D_shenzhen""]","{""D_guangzhou"": 216.920591638357, ""D_shenzhen"": 54.094376233243}",47449.3923,cn-prd-50c-03-V2-LOCATIONS,D_shenzhen,True,54.094376233243,44723.77224,prd
True,212.369973362619,160.113256392121,C044,347.0,2,"[""D_guangzhou"", ""D_shenzhen""]","{""D_guangzhou"": 212.369973362619, ""D_shenzhen"": 52.256716970498005}",62310.01632,cn-prd-50c-03-V2-LOCATIONS,D_shenzhen,True,52.256716970498005,59766.90258,prd
True,218.361049464539,168.70680626729302,C045,278.0,2,"[""D_guangzhou"", ""D_shenzhen""]","{""D_guangzhou"": 218.361049464539, ""D_shenzhen"": 49.654243197246004}",58207.603319999995,cn-prd-50c-03-V2-LOCATIONS,D_shenzhen,True,49.654243197246004,54640.39908,prd
True,213.312711634854,157.024695934258,C046,417.0,2,"[""D_guangzhou"", ""D_shenzhen""]","{""D_guangzhou"": 213.312711634854, ""D_shenzhen"": 56.288015700596}",56961.701700000005,cn-prd-50c-03-V2-LOCATIONS,D_shenzhen,True,56.288015700596,54507.41484,prd
True,211.879225395776,166.688962928559,C047,347.0,2,"[""D_guangzhou"", ""D_shenzhen""]","{""D_guangzhou"": 211.879225395776, ""D_shenzhen"": 45.190262467217}",59902.3758,cn-prd-50c-03-V2-LOCATIONS,D_shenzhen,True,45.190262467217,58071.78372,prd
True,214.58398113666098,164.61978537362398,C048,347.0,2,"[""D_guangzhou"", ""D_shenzhen""]","{""D_guangzhou"": 214.58398113666098, ""D_shenzhen"": 49.964195763037004}",55984.291619999996,cn-prd-50c-03-V2-LOCATIONS,D_shenzhen,True,49.964195763037004,53201.67006,prd
True,210.652767957387,165.439798979827,C049,278.0,2,"[""D_guangzhou"", ""D_shenzhen""]","{""D_guangzhou"": 210.652767957387, ""D_shenzhen"": 45.212968977559996}",65192.146980000005,cn-prd-50c-03-V2-LOCATIONS,D_shenzhen,True,45.212968977559996,62206.68162,prd
True,198.50334581259202,150.72515470504902,C050,347.0,2,"[""D_guangzhou"", ""D_shenzhen""]","{""D_guangzhou"": 198.50334581259202, ""D_shenzhen"": 47.778191107542995}",64707.678,cn-prd-50c-03-V2-LOCATIONS,D_shenzhen,True,47.778191107542995,62464.76556,prd
