{"actual_evaluations": 1600, "elapsed_seconds": 9.01182874996448, "stage": 1, "status": "PASS_STAGE", "task": "50c/seed01/FULL_ROLLING"}
{
  "schema": "resetp.china81.e7.budget-lock.v1",
  "task_id": "E7-DYNAMIC-V3-20260731",
  "status": "PASS_BUDGET_SELECTED",
  "created_at_utc": "2026-07-30T03:49:49.672010+00:00",
  "budget_semantics": "UPPER_CAP_NOT_QUOTA",
  "selection_rule": "use the later candidate-exhaustion point when both passes exhaust; otherwise use the later strict-improvement point after an observed 10% plateau; round upward to a hundred with positive margin",
  "attempts": [
    {
      "per_pass_long_cap": 800,
      "per_stage_long_cap": 1600,
      "last_shadow_improvement_evaluation": 505,
      "last_main_improvement_evaluation": 21,
      "latest_improvement_evaluation": 505,
      "shadow_actual_evaluations": 800,
      "main_actual_evaluations": 800,
      "candidate_exhausted_in_both_passes": false,
      "plateau_observed": true,
      "selection_basis_evaluation": 505,
      "null_objective_count": 1242,
      "result_sha256": "90e6c9b4edd2610c92d1d9fc1b73ac824a5534620f40db3a55b2bd7afe9efb6d",
      "convergence_search_traces": [
        {
          "search_seed": 10011,
          "cap": 800,
          "last_strict_improvement_evaluation": 505,
          "strict_improvements": [
            {
              "evaluation": 1,
              "objective": 6341.620274695356
            },
            {
              "evaluation": 505,
              "objective": 5823.370516808894
            }
          ],
          "trace": [
            {
              "evaluation": 1,
              "complete_objective": 6341.620274695356
            },
            {
              "evaluation": 2,
              "complete_objective": null
            },
            {
              "evaluation": 3,
              "complete_objective": 6390.189302435133
            },
            {
              "evaluation": 4,
              "complete_objective": 6341.620274695356
            },
            {
              "evaluation": 5,
              "complete_objective": null
            },
            {
              "evaluation": 6,
              "complete_objective": 6661.173461610019
            },
            {
              "evaluation": 7,
              "complete_objective": 6341.620274695356
            },
            {
              "evaluation": 8,
              "complete_objective": 6661.173461610019
            },
            {
              "evaluation": 9,
              "complete_objective": 6661.173461610019
            },
            {
              "evaluation": 10,
              "complete_objective": 6661.173461610019
            },
            {
              "evaluation": 11,
              "complete_objective": 6661.173461610019
            },
            {
              "evaluation": 12,
              "complete_objective": null
            },
            {
              "evaluation": 13,
              "complete_objective": null
            },
            {
              "evaluation": 14,
              "complete_objective": 6377.251220589004
            },
            {
              "evaluation": 15,
              "complete_objective": 6390.042211608062
            },
            {
              "evaluation": 16,
              "complete_objective": 6341.620274695356
            },
            {
              "evaluation": 17,
              "complete_objective": 6661.173461610019
            },
            {
              "evaluation": 18,
              "complete_objective": 6377.251220589004
            },
            {
              "evaluation": 19,
              "complete_objective": 6377.251220589004
            },
            {
              "evaluation": 20,
              "complete_objective": 6661.173461610019
            },
            {
              "evaluation": 21,
              "complete_objective": null
            },
            {
              "evaluation": 22,
              "complete_objective": 6661.173461610019
            },
            {
              "evaluation": 23,
              "complete_objective": null
            },
            {
              "evaluation": 24,
              "complete_objective": 6353.741464994299
            },
            {
              "evaluation": 25,
              "complete_objective": 6661.173461610019
            },
            {
              "evaluation": 26,
              "complete_objective": null
            },
            {
              "evaluation": 27,
              "complete_objective": 6390.042211608062
            },
            {
              "evaluation": 28,
              "complete_objective": null
            },
            {
              "evaluation": 29,
              "complete_objective": 6661.173461610019
            },
            {
              "evaluation": 30,
              "complete_objective": 6661.173461610019
            },
            {
              "evaluation": 31,
              "complete_objective": 6661.173461610019
            },
            {
              "evaluation": 32,
              "complete_objective": 6661.173461610019
            },
            {
              "evaluation": 33,
              "complete_objective": 6390.189302435133
            },
            {
              "evaluation": 34,
              "complete_objective": 6661.173461610019
            },
            {
              "evaluation": 35,
              "complete_objective": 6390.189302435133
            },
            {
              "evaluation": 36,
              "complete_objective": 6661.173461610019
            },
            {
              "evaluation": 37,
              "complete_objective": 6661.173461610019
            },
            {
              "evaluation": 38,
              "complete_objective": 6390.042211608062
            },
            {
              "evaluation": 39,
              "complete_objective": 6661.173461610019
            },
            {
              "evaluation": 40,
              "complete_objective": 6353.741464994299
            },
            {
              "evaluation": 41,
              "complete_objective": 6661.173461610019
            },
            {
              "evaluation": 42,
              "complete_objective": null
            },
            {
              "evaluation": 43,
              "complete_objective": 6661.173461610019
            },
            {
              "evaluation": 44,
              "complete_objective": 6661.173461610019
            },
            {
              "evaluation": 45,
              "complete_objective": 6661.173461610019
            },
            {
              "evaluation": 46,
              "complete_objective": 6377.251220589004
            },
            {
              "evaluation": 47,
              "complete_objective": null
            },
            {
              "evaluation": 48,
              "complete_objective": null
            },
            {
              "evaluation": 49,
              "complete_objective": 6390.189302435133
            },
            {
              "evaluation": 50,
              "complete_objective": null
            },
            {
              "evaluation": 51,
              "complete_objective": 6353.741464994299
            },
            {
              "evaluation": 52,
              "complete_objective": 6390.042211608062
            },
            {
              "evaluation": 53,
              "complete_objective": 6661.173461610019
            },
            {
              "evaluation": 54,
              "complete_objective": 6341.620274695356
            },
            {
              "evaluation": 55,
              "complete_objective": 6661.173461610019
            },
            {
              "evaluation": 56,
              "complete_objective": 6661.173461610019
            },
            {
              "evaluation": 57,
              "complete_objective": null
            },
            {
              "evaluation": 58,
              "complete_objective": 6661.173461610019
            },
            {
              "evaluation": 59,
              "complete_objective": 6661.173461610019
            },
            {
              "evaluation": 60,
              "complete_objective": 6377.251220589004
            },
            {
              "evaluation": 61,
              "complete_objective": 6341.620274695356
            },
            {
              "evaluation": 62,
              "complete_objective": 6661.173461610019
            },
            {
              "evaluation": 63,
              "complete_objective": 6661.173461610019
            },
            {
              "evaluation": 64,
              "complete_objective": 6661.173461610019
            },
            {
              "evaluation": 65,
              "complete_objective": null
            },
            {
              "evaluation": 66,
              "complete_objective": 6661.173461610019
            },
            {
              "evaluation": 67,
              "complete_objective": null
            },
            {
              "evaluation": 68,
              "complete_objective": 6390.042211608062
            },
            {
              "evaluation": 69,
              "complete_objective": 6390.042211608062
            },
            {
              "evaluation": 70,
              "complete_objective": 6661.173461610019
            },
            {
              "evaluation": 71,
              "complete_objective": 6390.189302435133
            },
            {
              "evaluation": 72,
              "complete_objective": 6341.620274695356
            },
            {
              "evaluation": 73,
              "complete_objective": 6390.042211608062
            },
            {
              "evaluation": 74,
              "complete_objective": 6661.173461610019
            },
            {
              "evaluation": 75,
              "complete_objective": 6661.173461610019
            },
            {
              "evaluation": 76,
              "complete_objective": 6661.173461610019
            },
            {
              "evaluation": 77,
              "complete_objective": 6661.173461610019
            },
            {
              "evaluation": 78,
              "complete_objective": 6341.620274695356
            },
            {
              "evaluation": 79,
              "complete_objective": 6661.173461610019
            },
            {
              "evaluation": 80,
              "complete_objective": null
            },
            {
              "evaluation": 81,
              "complete_objective": 6341.620274695356
            },
            {
              "evaluation": 82,
              "complete_objective": 6661.173461610019
            },
            {
              "evaluation": 83,
              "complete_objective": 6353.741464994299
            },
            {
              "evaluation": 84,
              "complete_objective": 6661.173461610019
            },
            {
              "evaluation": 85,
              "complete_objective": null
            },
            {
              "evaluation": 86,
              "complete_objective": 6661.173461610019
            },
            {
              "evaluation": 87,
              "complete_objective": 6661.173461610019
            },
            {
              "evaluation": 88,
              "complete_objective": 6353.741464994299
            },
            {
              "evaluation": 89,
              "complete_objective": 6661.173461610019
            },
            {
              "evaluation": 90,
              "complete_objective": 6661.173461610019
            },
            {
              "evaluation": 91,
              "complete_objective": 6341.620274695356
            },
            {
              "evaluation": 92,
              "complete_objective": 6661.173461610019
            },
            {
              "evaluation": 93,
              "complete_objective": 6661.173461610019
            },
            {
              "evaluation": 94,
              "complete_objective": null
            },
            {
              "evaluation": 95,
              "complete_objective": null
            },
            {
              "evaluation": 96,
              "complete_objective": 6341.620274695356
            },
            {
              "evaluation": 97,
              "complete_objective": 6661.173461610019
            },
            {
              "evaluation": 98,
              "complete_objective": 6390.042211608062
            },
            {
              "evaluation": 99,
              "complete_objective": null
            },
            {
              "evaluation": 100,
              "complete_objective": 6661.173461610019
            },
            {
              "evaluation": 101,
              "complete_objective": 6353.741464994299
            },
            {
              "evaluation": 102,
              "complete_objective": 6661.173461610019
            },
            {
              "evaluation": 103,
              "complete_objective": 6390.189302435133
            },
            {
              "evaluation": 104,
              "complete_objective": 6341.620274695356
            },
            {
              "evaluation": 105,
              "complete_objective": null
            },
            {
              "evaluation": 106,
              "complete_objective": 6661.173461610019
            },
            {
              "evaluation": 107,
              "complete_objective": null
            },
            {
              "evaluation": 108,
              "complete_objective": 6661.173461610019
            },
            {
              "evaluation": 109,
              "complete_objective": null
            },
            {
              "evaluation": 110,
              "complete_objective": 6341.620274695356
            },
            {
              "evaluation": 111,
              "complete_objective": 6377.251220589004
            },
            {
              "evaluation": 112,
              "complete_objective": 6661.173461610019
            },
            {
              "evaluation": 113,
              "complete_objective": 6661.173461610019
            },
            {
              "evaluation": 114,
              "complete_objective": 6661.173461610019
            },
            {
              "evaluation": 115,
              "complete_objective": null
            },
            {
              "evaluation": 116,
              "complete_objective": 6661.173461610019
            },
            {
              "evaluation": 117,
              "complete_objective": null
            },
            {
              "evaluation": 118,
              "complete_objective": 6661.173461610019
            },
            {
              "evaluation": 119,
              "complete_objective": 6341.620274695356
            },
            {
              "evaluation": 120,
              "complete_objective": 6661.173461610019
            },
            {
              "evaluation": 121,
              "complete_objective": 6661.173461610019
            },
            {
              "evaluation": 122,
              "complete_objective": null
            },
            {
              "evaluation": 123,
              "complete_objective": 6661.173461610019
            },
            {
              "evaluation": 124,
              "complete_objective": 6661.173461610019
            },
            {
              "evaluation": 125,
              "complete_objective": 6390.042211608062
            },
            {
              "evaluation": 126,
              "complete_objective": 6661.173461610019
            },
            {
              "evaluation": 127,
              "complete_objective": 6390.189302435133
            },
            {
              "evaluation": 128,
              "complete_objective": 6661.173461610019
            },
            {
              "evaluation": 129,
              "complete_objective": 6661.173461610019
            },
            {
              "evaluation": 130,
              "complete_objective": 6341.620274695356
            },
            {
              "evaluation": 131,
              "complete_objective": 6661.173461610019
            },
            {
              "evaluation": 132,
              "complete_objective": 6377.251220589004
            },
            {
              "evaluation": 133,
              "complete_objective": null
            },
            {
              "evaluation": 134,
              "complete_objective": 6661.173461610019
            },
            {
              "evaluation": 135,
              "complete_objective": null
            },
            {
              "evaluation": 136,
              "complete_objective": 6341.620274695356
            },
            {
              "evaluation": 137,
              "complete_objective": 6390.042211608062
            },
            {
              "evaluation": 138,
              "complete_objective": 6661.173461610019
            },
            {
              "evaluation": 139,
              "complete_objective": 6661.173461610019
            },
            {
              "evaluation": 140,
              "complete_objective": 6377.251220589004
            },
            {
              "evaluation": 141,
              "complete_objective": null
            },
            {
              "evaluation": 142,
              "complete_objective": 6661.173461610019
            },
            {
              "evaluation": 143,
              "complete_objective": 6661.173461610019
            },
            {
              "evaluation": 144,
              "complete_objective": 6661.173461610019
            },
            {
              "evaluation": 145,
              "complete_objective": 6661.173461610019
            },
            {
              "evaluation": 146,
              "complete_objective": 6353.741464994299
            },
            {
              "evaluation": 147,
              "complete_objective": 6377.251220589004
            },
            {
              "evaluation": 148,
              "complete_objective": null
            },
            {
              "evaluation": 149,
              "complete_objective": 6661.173461610019
            },
            {
              "evaluation": 150,
              "complete_objective": 6353.741464994299
            },
            {
              "evaluation": 151,
              "complete_objective": null
            },
            {
              "evaluation": 152,
              "complete_objective": 6661.173461610019
            },
            {
              "evaluation": 153,
              "complete_objective": 6661.173461610019
            },
            {
              "evaluation": 154,
              "complete_objective": 6661.173461610019
            },
            {
              "evaluation": 155,
              "complete_objective": 6661.173461610019
            },
            {
              "evaluation": 156,
              "complete_objective": 6661.173461610019
            },
            {
              "evaluation": 157,
              "complete_objective": 6661.173461610019
            },
            {
              "evaluation": 158,
              "complete_objective": null
            },
            {
              "evaluation": 159,
              "complete_objective": 6390.189302435133
            },
            {
              "evaluation": 160,
              "complete_objective": 6661.173461610019
            },
            {
              "evaluation": 161,
              "complete_objective": 6377.251220589004
            },
            {
              "evaluation": 162,
              "complete_objective": null
            },
            {
              "evaluation": 163,
              "complete_objective": 6661.173461610019
            },
            {
              "evaluation": 164,
              "complete_objective": 6341.620274695356
            },
            {
              "evaluation": 165,
              "complete_objective": 6661.173461610019
            },
            {
              "evaluation": 166,
              "complete_objective": 6341.620274695356
            },
            {
              "evaluation": 167,
              "complete_objective": 6341.620274695356
            },
            {
              "evaluation": 168,
              "complete_objective": 6353.741464994299
            },
            {
              "evaluation": 169,
              "complete_objective": 6661.173461610019
            },
            {
              "evaluation": 170,
              "complete_objective": 6661.173461610019
            },
            {
              "evaluation": 171,
              "complete_objective": 6377.251220589004
            },
            {
              "evaluation": 172,
              "complete_objective": 6661.173461610019
            },
            {
              "evaluation": 173,
              "complete_objective": 6341.620274695356
            },
            {
              "evaluation": 174,
              "complete_objective": 6661.173461610019
            },
            {
              "evaluation": 175,
              "complete_objective": null
            },
            {
              "evaluation": 176,
              "complete_objective": null
            },
            {
              "evaluation": 177,
              "complete_objective": 6661.173461610019
            },
            {
              "evaluation": 178,
              "complete_objective": 6377.251220589004
            },
            {
              "evaluation": 179,
              "complete_objective": 6661.173461610019
            },
            {
              "evaluation": 180,
              "complete_objective": 6661.173461610019
            },
            {
              "evaluation": 181,
              "complete_objective": 6661.173461610019
            },
            {
              "evaluation": 182,
              "complete_objective": 6341.620274695356
            },
            {
              "evaluation": 183,
              "complete_objective": 6661.173461610019
            },
            {
              "evaluation": 184,
              "complete_objective": 6390.189302435133
            },
            {
              "evaluation": 185,
              "complete_objective": 6661.173461610019
            },
            {
              "evaluation": 186,
              "complete_objective": 6390.042211608062
            },
            {
              "evaluation": 187,
              "complete_objective": null
            },
            {
              "evaluation": 188,
              "complete_objective": 6661.173461610019
            },
            {
              "evaluation": 189,
              "complete_objective": 6661.173461610019
            },
            {
              "evaluation": 190,
              "complete_objective": 6390.042211608062
            },
            {
              "evaluation": 191,
              "complete_objective": 6661.173461610019
            },
            {
              "evaluation": 192,
              "complete_objective": 6661.173461610019
            },
            {
              "evaluation": 193,
              "complete_objective": 6661.173461610019
            },
            {
              "evaluation": 194,
              "complete_objective": 6341.620274695356
            },
            {
              "evaluation": 195,
              "complete_objective": 6661.173461610019
            },
            {
              "evaluation": 196,
              "complete_objective": 6661.173461610019
            },
            {
              "evaluation": 197,
              "complete_objective": 6661.173461610019
            },
            {
              "evaluation": 198,
              "complete_objective": 6661.173461610019
            },
            {
              "evaluation": 199,
              "complete_objective": null
            },
            {
              "evaluation": 200,
              "complete_objective": 6661.173461610019
            },
            {
              "evaluation": 201,
              "complete_objective": 6390.042211608062
            },
            {
              "evaluation": 202,
              "complete_objective": 6661.173461610019
            },
            {
              "evaluation": 203,
              "complete_objective": 6661.173461610019
            },
            {
              "evaluation": 204,
              "complete_objective": 6661.173461610019
            },
            {
              "evaluation": 205,
              "complete_objective": null
            },
            {
              "evaluation": 206,
              "complete_objective": null
            },
            {
              "evaluation": 207,
              "complete_objective": null
            },
            {
              "evaluation": 208,
              "complete_objective": 6661.173461610019
            },
            {
              "evaluation": 209,
              "complete_objective": 6661.173461610019
            },
            {
              "evaluation": 210,
              "complete_objective": null
            },
            {
              "evaluation": 211,
              "complete_objective": 6661.173461610019
            },
            {
              "evaluation": 212,
              "complete_objective": 6353.741464994299
            },
            {
              "evaluation": 213,
              "complete_objective": 6341.620274695356
            },
            {
              "evaluation": 214,
              "complete_objective": 6390.189302435133
            },
            {
              "evaluation": 215,
              "complete_objective": 6661.173461610019
            },
            {
              "evaluation": 216,
              "complete_objective": null
            },
            {
              "evaluation": 217,
              "complete_objective": 6661.173461610019
            },
            {
              "evaluation": 218,
              "complete_objective": 6661.173461610019
            },
            {
              "evaluation": 219,
              "complete_objective": 6661.173461610019
            },
            {
              "evaluation": 220,
              "complete_objective": 6661.173461610019
            },
            {
              "evaluation": 221,
              "complete_objective": 6661.173461610019
            },
            {
              "evaluation": 222,
              "complete_objective": 6661.173461610019
            },
            {
              "evaluation": 223,
              "complete_objective": 6661.173461610019
            },
            {
              "evaluation": 224,
              "complete_objective": 6390.189302435133
            },
            {
              "evaluation": 225,
              "complete_objective": 6353.741464994299
            },
            {
              "evaluation": 226,
              "complete_objective": 6377.251220589004
            },
            {
              "evaluation": 227,
              "complete_objective": 6353.741464994299
            },
            {
              "evaluation": 228,
              "complete_objective": 6661.173461610019
            },
            {
              "evaluation": 229,
              "complete_objective": 6390.042211608062
            },
            {
              "evaluation": 230,
              "complete_objective": 6341.620274695356
            },
            {
              "evaluation": 231,
              "complete_objective": 6661.173461610019
            },
            {
              "evaluation": 232,
              "complete_objective": 6661.173461610019
            },
            {
              "evaluation": 233,
              "complete_objective": 6661.173461610019
            },
            {
              "evaluation": 234,
              "complete_objective": 6661.173461610019
            },
            {
              "evaluation": 235,
              "complete_objective": null
            },
            {
              "evaluation": 236,
              "complete_objective": null
            },
            {
              "evaluation": 237,
              "complete_objective": null
            },
            {
              "evaluation": 238,
              "complete_objective": 6390.042211608062
            },
            {
              "evaluation": 239,
              "complete_objective": 6353.741464994299
            },
            {
              "evaluation": 240,
              "complete_objective": 6377.251220589004
            },
            {
              "evaluation": 241,
              "complete_objective": 6661.173461610019
            },
            {
              "evaluation": 242,
              "complete_objective": 6341.620274695356
            },
            {
              "evaluation": 243,
              "complete_objective": 6661.173461610019
            },
            {
              "evaluation": 244,
              "complete_objective": 6661.173461610019
            },
            {
              "evaluation": 245,
              "complete_objective": 6390.042211608062
            },
            {
              "evaluation": 246,
              "complete_objective": null
            },
            {
              "evaluation": 247,
              "complete_objective": 6661.173461610019
            },
            {
              "evaluation": 248,
              "complete_objective": 6661.173461610019
            },
            {
              "evaluation": 249,
              "complete_objective": 6661.173461610019
            },
            {
              "evaluation": 250,
              "complete_objective": 6353.741464994299
            },
            {
              "evaluation": 251,
              "complete_objective": 6661.173461610019
            },
            {
              "evaluation": 252,
              "complete_objective": null
            },
            {
              "evaluation": 253,
              "complete_objective": null
            },
            {
              "evaluation": 254,
              "complete_objective": 6661.173461610019
            },
            {
              "evaluation": 255,
              "complete_objective": null
            },
            {
              "evaluation": 256,
              "complete_objective": 6661.173461610019
            },
            {
              "evaluation": 257,
              "complete_objective": 6377.251220589004
            },
            {
              "evaluation": 258,
              "complete_objective": 6661.173461610019
            },
            {
              "evaluation": 259,
              "complete_objective": null
            },
            {
              "evaluation": 260,
              "complete_objective": null
            },
            {
              "evaluation": 261,
              "complete_objective": null
            },
            {
              "evaluation": 262,
              "complete_objective": 6661.173461610019
            },
            {
              "evaluation": 263,
              "complete_objective": 6661.173461610019
            },
            {
              "evaluation": 264,
              "complete_objective": 6661.173461610019
            },
            {
              "evaluation": 265,
              "complete_objective": null
            },
            {
              "evaluation": 266,
              "complete_objective": 6661.173461610019
            },
            {
              "evaluation": 267,
              "complete_objective": 6661.173461610019
            },
            {
              "evaluation": 268,
              "complete_objective": 6661.173461610019
            },
            {
              "evaluation": 269,
              "complete_objective": 6390.042211608062
            },
            {
              "evaluation": 270,
              "complete_objective": 6377.251220589004
            },
            {
              "evaluation": 271,
              "complete_objective": null
            },
            {
              "evaluation": 272,
              "complete_objective": 6661.173461610019
            },
            {
              "evaluation": 273,
              "complete_objective": 6661.173461610019
            },
            {
              "evaluation": 274,
              "complete_objective": 6377.251220589004
            },
            {
              "evaluation": 275,
              "complete_objective": 6341.620274695356
            },
            {
              "evaluation": 276,
              "complete_objective": 6390.189302435133
            },
            {
              "evaluation": 277,
              "complete_objective": null
            },
            {
              "evaluation": 278,
              "complete_objective": 6661.173461610019
            },
            {
              "evaluation": 279,
              "complete_objective": 6661.173461610019
            },
            {
              "evaluation": 280,
              "complete_objective": null
            },
            {
              "evaluation": 281,
              "complete_objective": 6661.173461610019
            },
            {
              "evaluation": 282,
              "complete_objective": 6661.173461610019
            },
            {
              "evaluation": 283,
              "complete_objective": null
            },
            {
              "evaluation": 284,
              "complete_objective": 6661.173461610019
            },
            {
              "evaluation": 285,
              "complete_objective": 6390.189302435133
            },
            {
              "evaluation": 286,
              "complete_objective": 6661.173461610019
            },
            {
              "evaluation": 287,
              "complete_objective": null
            },
            {
              "evaluation": 288,
              "complete_objective": 6341.620274695356
            },
            {
              "evaluation": 289,
              "complete_objective": 6390.042211608062
            },
            {
              "evaluation": 290,
              "complete_objective": 6661.173461610019
            },
            {
              "evaluation": 291,
              "complete_objective": 6341.620274695356
            },
            {
              "evaluation": 292,
              "complete_objective": 6661.173461610019
            },
            {
              "evaluation": 293,
              "complete_objective": 6661.173461610019
            },
            {
              "evaluation": 294,
              "complete_objective": 6661.173461610019
            },
            {
              "evaluation": 295,
              "complete_objective": 6390.189302435133
            },
            {
              "evaluation": 296,
              "complete_objective": null
            },
            {
              "evaluation": 297,
              "complete_objective": null
            },
            {
              "evaluation": 298,
              "complete_objective": 6377.251220589004
            },
            {
              "evaluation": 299,
              "complete_objective": 6661.173461610019
            },
            {
              "evaluation": 300,
              "complete_objective": 6661.173461610019
            },
            {
              "evaluation": 301,
              "complete_objective": null
            },
            {
              "evaluation": 302,
              "complete_objective": 6661.173461610019
            },
            {
              "evaluation": 303,
              "complete_objective": 6390.042211608062
            },
            {
              "evaluation": 304,
              "complete_objective": 6341.620274695356
            },
            {
              "evaluation": 305,
              "complete_objective": null
            },
            {
              "evaluation": 306,
              "complete_objective": 6661.173461610019
            },
            {
              "evaluation": 307,
              "complete_objective": 6661.173461610019
            },
            {
              "evaluation": 308,
              "complete_objective": 6661.173461610019
            },
            {
              "evaluation": 309,
              "complete_objective": 6661.173461610019
            },
            {
              "evaluation": 310,
              "complete_objective": 6341.620274695356
            },
            {
              "evaluation": 311,
              "complete_objective": 6661.173461610019
            },
            {
              "evaluation": 312,
              "complete_objective": null
            },
            {
              "evaluation": 313,
              "complete_objective": 6661.173461610019
            },
            {
              "evaluation": 314,
              "complete_objective": 6377.251220589004
            },
            {
              "evaluation": 315,
              "complete_objective": null
            },
            {
              "evaluation": 316,
              "complete_objective": 6353.741464994299
            },
            {
              "evaluation": 317,
              "complete_objective": null
            },
            {
              "evaluation": 318,
              "complete_objective": 6661.173461610019
            },
            {
              "evaluation": 319,
              "complete_objective": 6661.173461610019
            },
            {
              "evaluation": 320,
              "complete_objective": 6341.620274695356
            },
            {
              "evaluation": 321,
              "complete_objective": 6661.173461610019
            },
            {
              "evaluation": 322,
              "complete_objective": 6661.173461610019
            },
            {
              "evaluation": 323,
              "complete_objective": 6661.173461610019
            },
            {
              "evaluation": 324,
              "complete_objective": 6661.173461610019
            },
            {
              "evaluation": 325,
              "complete_objective": 6661.173461610019
            },
            {
              "evaluation": 326,
              "complete_objective": 6661.173461610019
            },
            {
              "evaluation": 327,
              "complete_objective": 6661.173461610019
            },
            {
              "evaluation": 328,
              "complete_objective": 6341.620274695356
            },
            {
              "evaluation": 329,
              "complete_objective": null
            },
            {
              "evaluation": 330,
              "complete_objective": 6341.620274695356
            },
            {
              "evaluation": 331,
              "complete_objective": 6661.173461610019
            },
            {
              "evaluation": 332,
              "complete_objective": 6390.042211608062
            },
            {
              "evaluation": 333,
              "complete_objective": 6377.251220589004
            },
            {
              "evaluation": 334,
              "complete_objective": 6661.173461610019
            },
            {
              "evaluation": 335,
              "complete_objective": null
            },
            {
              "evaluation": 336,
              "complete_objective": null
            },
            {
              "evaluation": 337,
              "complete_objective": 6661.173461610019
            },
            {
              "evaluation": 338,
              "complete_objective": null
            },
            {
              "evaluation": 339,
              "complete_objective": null
            },
            {
              "evaluation": 340,
              "complete_objective": 6661.173461610019
            },
            {
              "evaluation": 341,
              "complete_objective": 6661.173461610019
            },
            {
              "evaluation": 342,
              "complete_objective": null
            },
            {
              "evaluation": 343,
              "complete_objective": 6661.173461610019
            },
            {
              "evaluation": 344,
              "complete_objective": null
            },
            {
              "evaluation": 345,
              "complete_objective": 6661.173461610019
            },
            {
              "evaluation": 346,
              "complete_objective": 6341.620274695356
            },
            {
              "evaluation": 347,
              "complete_objective": 6661.173461610019
            },
            {
              "evaluation": 348,
              "complete_objective": 6661.173461610019
            },
            {
              "evaluation": 349,
              "complete_objective": 6661.173461610019
            },
            {
              "evaluation": 350,
              "complete_objective": 6661.173461610019
            },
            {
              "evaluation": 351,
              "complete_objective": 6661.173461610019
            },
            {
              "evaluation": 352,
              "complete_objective": 6341.620274695356
            },
            {
              "evaluation": 353,
              "complete_objective": null
            },
            {
              "evaluation": 354,
              "complete_objective": 6341.620274695356
            },
            {
              "evaluation": 355,
              "complete_objective": 6661.173461610019
            },
            {
              "evaluation": 356,
              "complete_objective": 6661.173461610019
            },
            {
              "evaluation": 357,
              "complete_objective": 6661.173461610019
            },
            {
              "evaluation": 358,
              "complete_objective": 6661.173461610019
            },
            {
              "evaluation": 359,
              "complete_objective": 6341.620274695356
            },
            {
              "evaluation": 360,
              "complete_objective": 6661.173461610019
            },
            {
              "evaluation": 361,
              "complete_objective": 6661.173461610019
            },
            {
              "evaluation": 362,
              "complete_objective": null
            },
            {
              "evaluation": 363,
              "complete_objective": 6661.173461610019
            },
            {
              "evaluation": 364,
              "complete_objective": 6341.620274695356
            },
            {
              "evaluation": 365,
              "complete_objective": null
            },
            {
              "evaluation": 366,
              "complete_objective": 6341.620274695356
            },
            {
              "evaluation": 367,
              "complete_objective": 6661.173461610019
            },
            {
              "evaluation": 368,
              "complete_objective": null
            },
            {
              "evaluation": 369,
              "complete_objective": 6390.189302435133
            },
            {
              "evaluation": 370,
              "complete_objective": 6390.042211608062
            },
            {
              "evaluation": 371,
              "complete_objective": null
            },
            {
              "evaluation": 372,
              "complete_objective": null
            },
            {
              "evaluation": 373,
              "complete_objective": null
            },
            {
              "evaluation": 374,
              "complete_objective": 6661.173461610019
            },
            {
              "evaluation": 375,
              "complete_objective": null
            },
            {
              "evaluation": 376,
              "complete_objective": 6661.173461610019
            },
            {
              "evaluation": 377,
              "complete_objective": 6661.173461610019
            },
            {
              "evaluation": 378,
              "complete_objective": null
            },
            {
              "evaluation": 379,
              "complete_objective": 6341.620274695356
            },
            {
              "evaluation": 380,
              "complete_objective": null
            },
            {
              "evaluation": 381,
              "complete_objective": 6661.173461610019
            },
            {
              "evaluation": 382,
              "complete_objective": null
            },
            {
              "evaluation": 383,
              "complete_objective": 6661.173461610019
            },
            {
              "evaluation": 384,
              "complete_objective": 6661.173461610019
            },
            {
              "evaluation": 385,
              "complete_objective": 6661.173461610019
            },
            {
              "evaluation": 386,
              "complete_objective": null
            },
            {
              "evaluation": 387,
              "complete_objective": 6661.173461610019
            },
            {
              "evaluation": 388,
              "complete_objective": 6661.173461610019
            },
            {
              "evaluation": 389,
              "complete_objective": null
            },
            {
              "evaluation": 390,
              "complete_objective": null
            },
            {
              "evaluation": 391,
              "complete_objective": 6390.189302435133
            },
            {
              "evaluation": 392,
              "complete_objective": 6390.042211608062
            },
            {
              "evaluation": 393,
              "complete_objective": 6661.173461610019
            },
            {
              "evaluation": 394,
              "complete_objective": 6390.189302435133
            },
            {
              "evaluation": 395,
              "complete_objective": 6661.173461610019
            },
            {
              "evaluation": 396,
              "complete_objective": 6341.620274695356
            },
            {
              "evaluation": 397,
              "complete_objective": 6390.042211608062
            },
            {
              "evaluation": 398,
              "complete_objective": 6661.173461610019
            },
            {
              "evaluation": 399,
              "complete_objective": 6353.741464994299
            },
            {
              "evaluation": 400,
              "complete_objective": 6661.173461610019
            },
            {
              "evaluation": 401,
              "complete_objective": null
            },
            {
              "evaluation": 402,
              "complete_objective": null
            },
            {
              "evaluation": 403,
              "complete_objective": null
            },
            {
              "evaluation": 404,
              "complete_objective": null
            },
            {
              "evaluation": 405,
              "complete_objective": null
            },
            {
              "evaluation": 406,
              "complete_objective": null
            },
            {
              "evaluation": 407,
              "complete_objective": null
            },
            {
              "evaluation": 408,
              "complete_objective": null
            },
            {
              "evaluation": 409,
              "complete_objective": null
            },
            {
              "evaluation": 410,
              "complete_objective": null
            },
            {
              "evaluation": 411,
              "complete_objective": null
            },
            {
              "evaluation": 412,
              "complete_objective": null
            },
            {
              "evaluation": 413,
              "complete_objective": null
            },
            {
              "evaluation": 414,
              "complete_objective": null
            },
            {
              "evaluation": 415,
              "complete_objective": null
            },
            {
              "evaluation": 416,
              "complete_objective": null
            },
            {
              "evaluation": 417,
              "complete_objective": null
            },
            {
              "evaluation": 418,
              "complete_objective": null
            },
            {
              "evaluation": 419,
              "complete_objective": null
            },
            {
              "evaluation": 420,
              "complete_objective": null
            },
            {
              "evaluation": 421,
              "complete_objective": null
            },
            {
              "evaluation": 422,
              "complete_objective": null
            },
            {
              "evaluation": 423,
              "complete_objective": null
            },
            {
              "evaluation": 424,
              "complete_objective": null
            },
            {
              "evaluation": 425,
              "complete_objective": null
            },
            {
              "evaluation": 426,
              "complete_objective": null
            },
            {
              "evaluation": 427,
              "complete_objective": null
            },
            {
              "evaluation": 428,
              "complete_objective": null
            },
            {
              "evaluation": 429,
              "complete_objective": null
            },
            {
              "evaluation": 430,
              "complete_objective": null
            },
            {
              "evaluation": 431,
              "complete_objective": null
            },
            {
              "evaluation": 432,
              "complete_objective": null
            },
            {
              "evaluation": 433,
              "complete_objective": null
            },
            {
              "evaluation": 434,
              "complete_objective": null
            },
            {
              "evaluation": 435,
              "complete_objective": null
            },
            {
              "evaluation": 436,
              "complete_objective": null
            },
            {
              "evaluation": 437,
              "complete_objective": null
            },
            {
              "evaluation": 438,
              "complete_objective": null
            },
            {
              "evaluation": 439,
              "complete_objective": null
            },
            {
              "evaluation": 440,
              "complete_objective": null
            },
            {
              "evaluation": 441,
              "complete_objective": null
            },
            {
              "evaluation": 442,
              "complete_objective": null
            },
            {
              "evaluation": 443,
              "complete_objective": null
            },
            {
              "evaluation": 444,
              "complete_objective": null
            },
            {
              "evaluation": 445,
              "complete_objective": null
            },
            {
              "evaluation": 446,
              "complete_objective": null
            },
            {
              "evaluation": 447,
              "complete_objective": null
            },
            {
              "evaluation": 448,
              "complete_objective": null
            },
            {
              "evaluation": 449,
              "complete_objective": null
            },
            {
              "evaluation": 450,
              "complete_objective": null
            },
            {
              "evaluation": 451,
              "complete_objective": null
            },
            {
              "evaluation": 452,
              "complete_objective": null
            },
            {
              "evaluation": 453,
              "complete_objective": null
            },
            {
              "evaluation": 454,
              "complete_objective": null
            },
            {
              "evaluation": 455,
              "complete_objective": null
            },
            {
              "evaluation": 456,
              "complete_objective": null
            },
            {
              "evaluation": 457,
              "complete_objective": null
            },
            {
              "evaluation": 458,
              "complete_objective": null
            },
            {
              "evaluation": 459,
              "complete_objective": null
            },
            {
              "evaluation": 460,
              "complete_objective": null
            },
            {
              "evaluation": 461,
              "complete_objective": null
            },
            {
              "evaluation": 462,
              "complete_objective": null
            },
            {
              "evaluation": 463,
              "complete_objective": null
            },
            {
              "evaluation": 464,
              "complete_objective": null
            },
            {
              "evaluation": 465,
              "complete_objective": null
            },
            {
              "evaluation": 466,
              "complete_objective": null
            },
            {
              "evaluation": 467,
              "complete_objective": null
            },
            {
              "evaluation": 468,
              "complete_objective": null
            },
            {
              "evaluation": 469,
              "complete_objective": null
            },
            {
              "evaluation": 470,
              "complete_objective": null
            },
            {
              "evaluation": 471,
              "complete_objective": null
            },
            {
              "evaluation": 472,
              "complete_objective": null
            },
            {
              "evaluation": 473,
              "complete_objective": null
            },
            {
              "evaluation": 474,
              "complete_objective": null
            },
            {
              "evaluation": 475,
              "complete_objective": null
            },
            {
              "evaluation": 476,
              "complete_objective": null
            },
            {
              "evaluation": 477,
              "complete_objective": null
            },
            {
              "evaluation": 478,
              "complete_objective": null
            },
            {
              "evaluation": 479,
              "complete_objective": null
            },
            {
              "evaluation": 480,
              "complete_objective": null
            },
            {
              "evaluation": 481,
              "complete_objective": null
            },
            {
              "evaluation": 482,
              "complete_objective": null
            },
            {
              "evaluation": 483,
              "complete_objective": null
            },
            {
              "evaluation": 484,
              "complete_objective": null
            },
            {
              "evaluation": 485,
              "complete_objective": null
            },
            {
              "evaluation": 486,
              "complete_objective": null
            },
            {
              "evaluation": 487,
              "complete_objective": null
            },
            {
              "evaluation": 488,
              "complete_objective": null
            },
            {
              "evaluation": 489,
              "complete_objective": null
            },
            {
              "evaluation": 490,
              "complete_objective": null
            },
            {
              "evaluation": 491,
              "complete_objective": null
            },
            {
              "evaluation": 492,
              "complete_objective": null
            },
            {
              "evaluation": 493,
              "complete_objective": null
            },
            {
              "evaluation": 494,
              "complete_objective": null
            },
            {
              "evaluation": 495,
              "complete_objective": null
            },
            {
              "evaluation": 496,
              "complete_objective": null
            },
            {
              "evaluation": 497,
              "complete_objective": null
            },
            {
              "evaluation": 498,
              "complete_objective": null
            },
            {
              "evaluation": 499,
              "complete_objective": null
            },
            {
              "evaluation": 500,
              "complete_objective": null
            },
            {
              "evaluation": 501,
              "complete_objective": null
            },
            {
              "evaluation": 502,
              "complete_objective": null
            },
            {
              "evaluation": 503,
              "complete_objective": null
            },
            {
              "evaluation": 504,
              "complete_objective": null
            },
            {
              "evaluation": 505,
              "complete_objective": 5823.370516808894
            },
            {
              "evaluation": 506,
              "complete_objective": null
            },
            {
              "evaluation": 507,
              "complete_objective": null
            },
            {
              "evaluation": 508,
              "complete_objective": null
            },
            {
              "evaluation": 509,
              "complete_objective": null
            },
            {
              "evaluation": 510,
              "complete_objective": null
            },
            {
              "evaluation": 511,
              "complete_objective": null
            },
            {
              "evaluation": 512,
              "complete_objective": null
            },
            {
              "evaluation": 513,
              "complete_objective": null
            },
            {
              "evaluation": 514,
              "complete_objective": null
            },
            {
              "evaluation": 515,
              "complete_objective": null
            },
            {
              "evaluation": 516,
              "complete_objective": null
            },
            {
              "evaluation": 517,
              "complete_objective": null
            },
            {
              "evaluation": 518,
              "complete_objective": null
            },
            {
              "evaluation": 519,
              "complete_objective": null
            },
            {
              "evaluation": 520,
              "complete_objective": null
            },
            {
              "evaluation": 521,
              "complete_objective": null
            },
            {
              "evaluation": 522,
              "complete_objective": null
            },
            {
              "evaluation": 523,
              "complete_objective": null
            },
            {
              "evaluation": 524,
              "complete_objective": null
            },
            {
              "evaluation": 525,
              "complete_objective": null
            },
            {
              "evaluation": 526,
              "complete_objective": null
            },
            {
              "evaluation": 527,
              "complete_objective": null
            },
            {
              "evaluation": 528,
              "complete_objective": null
            },
            {
              "evaluation": 529,
              "complete_objective": null
            },
            {
              "evaluation": 530,
              "complete_objective": null
            },
            {
              "evaluation": 531,
              "complete_objective": null
            },
            {
              "evaluation": 532,
              "complete_objective": null
            },
            {
              "evaluation": 533,
              "complete_objective": null
            },
            {
              "evaluation": 534,
              "complete_objective": null
            },
            {
              "evaluation": 535,
              "complete_objective": null
            },
            {
              "evaluation": 536,
              "complete_objective": null
            },
            {
              "evaluation": 537,
              "complete_objective": null
            },
            {
              "evaluation": 538,
              "complete_objective": null
            },
            {
              "evaluation": 539,
              "complete_objective": null
            },
            {
              "evaluation": 540,
              "complete_objective": null
            },
            {
              "evaluation": 541,
              "complete_objective": null
            },
            {
              "evaluation": 542,
              "complete_objective": null
            },
            {
              "evaluation": 543,
              "complete_objective": null
            },
            {
              "evaluation": 544,
              "complete_objective": null
            },
            {
              "evaluation": 545,
              "complete_objective": null
            },
            {
              "evaluation": 546,
              "complete_objective": null
            },
            {
              "evaluation": 547,
              "complete_objective": null
            },
            {
              "evaluation": 548,
              "complete_objective": null
            },
            {
              "evaluation": 549,
              "complete_objective": null
            },
            {
              "evaluation": 550,
              "complete_objective": null
            },
            {
              "evaluation": 551,
              "complete_objective": null
            },
            {
              "evaluation": 552,
              "complete_objective": null
            },
            {
              "evaluation": 553,
              "complete_objective": null
            },
            {
              "evaluation": 554,
              "complete_objective": null
            },
            {
              "evaluation": 555,
              "complete_objective": null
            },
            {
              "evaluation": 556,
              "complete_objective": null
            },
            {
              "evaluation": 557,
              "complete_objective": null
            },
            {
              "evaluation": 558,
              "complete_objective": null
            },
            {
              "evaluation": 559,
              "complete_objective": null
            },
            {
              "evaluation": 560,
              "complete_objective": null
            },
            {
              "evaluation": 561,
              "complete_objective": null
            },
            {
              "evaluation": 562,
              "complete_objective": null
            },
            {
              "evaluation": 563,
              "complete_objective": null
            },
            {
              "evaluation": 564,
              "complete_objective": null
            },
            {
              "evaluation": 565,
              "complete_objective": null
            },
            {
              "evaluation": 566,
              "complete_objective": null
            },
            {
              "evaluation": 567,
              "complete_objective": null
            },
            {
              "evaluation": 568,
              "complete_objective": null
            },
            {
              "evaluation": 569,
              "complete_objective": null
            },
            {
              "evaluation": 570,
              "complete_objective": null
            },
            {
              "evaluation": 571,
              "complete_objective": null
            },
            {
              "evaluation": 572,
              "complete_objective": null
            },
            {
              "evaluation": 573,
              "complete_objective": null
            },
            {
              "evaluation": 574,
              "complete_objective": null
            },
            {
              "evaluation": 575,
              "complete_objective": null
            },
            {
              "evaluation": 576,
              "complete_objective": null
            },
            {
              "evaluation": 577,
              "complete_objective": null
            },
            {
              "evaluation": 578,
              "complete_objective": null
            },
            {
              "evaluation": 579,
              "complete_objective": null
            },
            {
              "evaluation": 580,
              "complete_objective": null
            },
            {
              "evaluation": 581,
              "complete_objective": null
            },
            {
              "evaluation": 582,
              "complete_objective": null
            },
            {
              "evaluation": 583,
              "complete_objective": null
            },
            {
              "evaluation": 584,
              "complete_objective": null
            },
            {
              "evaluation": 585,
              "complete_objective": null
            },
            {
              "evaluation": 586,
              "complete_objective": null
            },
            {
              "evaluation": 587,
              "complete_objective": null
            },
            {
              "evaluation": 588,
              "complete_objective": null
            },
            {
              "evaluation": 589,
              "complete_objective": null
            },
            {
              "evaluation": 590,
              "complete_objective": null
            },
            {
              "evaluation": 591,
              "complete_objective": null
            },
            {
              "evaluation": 592,
              "complete_objective": null
            },
            {
              "evaluation": 593,
              "complete_objective": null
            },
            {
              "evaluation": 594,
              "complete_objective": null
            },
            {
              "evaluation": 595,
              "complete_objective": null
            },
            {
              "evaluation": 596,
              "complete_objective": null
            },
            {
              "evaluation": 597,
              "complete_objective": null
            },
            {
              "evaluation": 598,
              "complete_objective": null
            },
            {
              "evaluation": 599,
              "complete_objective": null
            },
            {
              "evaluation": 600,
              "complete_objective": null
            },
            {
              "evaluation": 601,
              "complete_objective": null
            },
            {
              "evaluation": 602,
              "complete_objective": null
            },
            {
              "evaluation": 603,
              "complete_objective": null
            },
            {
              "evaluation": 604,
              "complete_objective": null
            },
            {
              "evaluation": 605,
              "complete_objective": null
            },
            {
              "evaluation": 606,
              "complete_objective": null
            },
            {
              "evaluation": 607,
              "complete_objective": null
            },
            {
              "evaluation": 608,
              "complete_objective": null
            },
            {
              "evaluation": 609,
              "complete_objective": null
            },
            {
              "evaluation": 610,
              "complete_objective": null
            },
            {
              "evaluation": 611,
              "complete_objective": null
            },
            {
              "evaluation": 612,
              "complete_objective": null
            },
            {
              "evaluation": 613,
              "complete_objective": null
            },
            {
              "evaluation": 614,
              "complete_objective": null
            },
            {
              "evaluation": 615,
              "complete_objective": null
            },
            {
              "evaluation": 616,
              "complete_objective": null
            },
            {
              "evaluation": 617,
              "complete_objective": null
            },
            {
              "evaluation": 618,
              "complete_objective": null
            },
            {
              "evaluation": 619,
              "complete_objective": null
            },
            {
              "evaluation": 620,
              "complete_objective": null
            },
            {
              "evaluation": 621,
              "complete_objective": null
            },
            {
              "evaluation": 622,
              "complete_objective": null
            },
            {
              "evaluation": 623,
              "complete_objective": null
            },
            {
              "evaluation": 624,
              "complete_objective": null
            },
            {
              "evaluation": 625,
              "complete_objective": null
            },
            {
              "evaluation": 626,
              "complete_objective": null
            },
            {
              "evaluation": 627,
              "complete_objective": null
            },
            {
              "evaluation": 628,
              "complete_objective": null
            },
            {
              "evaluation": 629,
              "complete_objective": null
            },
            {
              "evaluation": 630,
              "complete_objective": null
            },
            {
              "evaluation": 631,
              "complete_objective": null
            },
            {
              "evaluation": 632,
              "complete_objective": null
            },
            {
              "evaluation": 633,
              "complete_objective": null
            },
            {
              "evaluation": 634,
              "complete_objective": null
            },
            {
              "evaluation": 635,
              "complete_objective": null
            },
            {
              "evaluation": 636,
              "complete_objective": null
            },
            {
              "evaluation": 637,
              "complete_objective": null
            },
            {
              "evaluation": 638,
              "complete_objective": null
            },
            {
              "evaluation": 639,
              "complete_objective": null
            },
            {
              "evaluation": 640,
              "complete_objective": null
            },
            {
              "evaluation": 641,
              "complete_objective": null
            },
            {
              "evaluation": 642,
              "complete_objective": null
            },
            {
              "evaluation": 643,
              "complete_objective": null
            },
            {
              "evaluation": 644,
              "complete_objective": null
            },
            {
              "evaluation": 645,
              "complete_objective": null
            },
            {
              "evaluation": 646,
              "complete_objective": null
            },
            {
              "evaluation": 647,
              "complete_objective": null
            },
            {
              "evaluation": 648,
              "complete_objective": null
            },
            {
              "evaluation": 649,
              "complete_objective": null
            },
            {
              "evaluation": 650,
              "complete_objective": null
            },
            {
              "evaluation": 651,
              "complete_objective": null
            },
            {
              "evaluation": 652,
              "complete_objective": null
            },
            {
              "evaluation": 653,
              "complete_objective": null
            },
            {
              "evaluation": 654,
              "complete_objective": null
            },
            {
              "evaluation": 655,
              "complete_objective": null
            },
            {
              "evaluation": 656,
              "complete_objective": null
            },
            {
              "evaluation": 657,
              "complete_objective": null
            },
            {
              "evaluation": 658,
              "complete_objective": null
            },
            {
              "evaluation": 659,
              "complete_objective": null
            },
            {
              "evaluation": 660,
              "complete_objective": null
            },
            {
              "evaluation": 661,
              "complete_objective": null
            },
            {
              "evaluation": 662,
              "complete_objective": null
            },
            {
              "evaluation": 663,
              "complete_objective": null
            },
            {
              "evaluation": 664,
              "complete_objective": null
            },
            {
              "evaluation": 665,
              "complete_objective": null
            },
            {
              "evaluation": 666,
              "complete_objective": null
            },
            {
              "evaluation": 667,
              "complete_objective": null
            },
            {
              "evaluation": 668,
              "complete_objective": null
            },
            {
              "evaluation": 669,
              "complete_objective": null
            },
            {
              "evaluation": 670,
              "complete_objective": null
            },
            {
              "evaluation": 671,
              "complete_objective": null
            },
            {
              "evaluation": 672,
              "complete_objective": null
            },
            {
              "evaluation": 673,
              "complete_objective": null
            },
            {
              "evaluation": 674,
              "complete_objective": null
            },
            {
              "evaluation": 675,
              "complete_objective": null
            },
            {
              "evaluation": 676,
              "complete_objective": null
            },
            {
              "evaluation": 677,
              "complete_objective": null
            },
            {
              "evaluation": 678,
              "complete_objective": null
            },
            {
              "evaluation": 679,
              "complete_objective": null
            },
            {
              "evaluation": 680,
              "complete_objective": null
            },
            {
              "evaluation": 681,
              "complete_objective": null
            },
            {
              "evaluation": 682,
              "complete_objective": null
            },
            {
              "evaluation": 683,
              "complete_objective": null
            },
            {
              "evaluation": 684,
              "complete_objective": null
            },
            {
              "evaluation": 685,
              "complete_objective": null
            },
            {
              "evaluation": 686,
              "complete_objective": null
            },
            {
              "evaluation": 687,
              "complete_objective": null
            },
            {
              "evaluation": 688,
              "complete_objective": null
            },
            {
              "evaluation": 689,
              "complete_objective": null
            },
            {
              "evaluation": 690,
              "complete_objective": null
            },
            {
              "evaluation": 691,
              "complete_objective": null
            },
            {
              "evaluation": 692,
              "complete_objective": null
            },
            {
              "evaluation": 693,
              "complete_objective": null
            },
            {
              "evaluation": 694,
              "complete_objective": null
            },
            {
              "evaluation": 695,
              "complete_objective": null
            },
            {
              "evaluation": 696,
              "complete_objective": null
            },
            {
              "evaluation": 697,
              "complete_objective": null
            },
            {
              "evaluation": 698,
              "complete_objective": null
            },
            {
              "evaluation": 699,
              "complete_objective": null
            },
            {
              "evaluation": 700,
              "complete_objective": null
            },
            {
              "evaluation": 701,
              "complete_objective": null
            },
            {
              "evaluation": 702,
              "complete_objective": null
            },
            {
              "evaluation": 703,
              "complete_objective": null
            },
            {
              "evaluation": 704,
              "complete_objective": null
            },
            {
              "evaluation": 705,
              "complete_objective": 5823.370516808894
            },
            {
              "evaluation": 706,
              "complete_objective": null
            },
            {
              "evaluation": 707,
              "complete_objective": null
            },
            {
              "evaluation": 708,
              "complete_objective": null
            },
            {
              "evaluation": 709,
              "complete_objective": null
            },
            {
              "evaluation": 710,
              "complete_objective": null
            },
            {
              "evaluation": 711,
              "complete_objective": null
            },
            {
              "evaluation": 712,
              "complete_objective": null
            },
            {
              "evaluation": 713,
              "complete_objective": null
            },
            {
              "evaluation": 714,
              "complete_objective": null
            },
            {
              "evaluation": 715,
              "complete_objective": null
            },
            {
              "evaluation": 716,
              "complete_objective": null
            },
            {
              "evaluation": 717,
              "complete_objective": null
            },
            {
              "evaluation": 718,
              "complete_objective": null
            },
            {
              "evaluation": 719,
              "complete_objective": null
            },
            {
              "evaluation": 720,
              "complete_objective": null
            },
            {
              "evaluation": 721,
              "complete_objective": null
            },
            {
              "evaluation": 722,
              "complete_objective": null
            },
            {
              "evaluation": 723,
              "complete_objective": null
            },
            {
              "evaluation": 724,
              "complete_objective": null
            },
            {
              "evaluation": 725,
              "complete_objective": null
            },
            {
              "evaluation": 726,
              "complete_objective": null
            },
            {
              "evaluation": 727,
              "complete_objective": null
            },
            {
              "evaluation": 728,
              "complete_objective": null
            },
            {
              "evaluation": 729,
              "complete_objective": null
            },
            {
              "evaluation": 730,
              "complete_objective": null
            },
            {
              "evaluation": 731,
              "complete_objective": null
            },
            {
              "evaluation": 732,
              "complete_objective": null
            },
            {
              "evaluation": 733,
              "complete_objective": null
            },
            {
              "evaluation": 734,
              "complete_objective": null
            },
            {
              "evaluation": 735,
              "complete_objective": null
            },
            {
              "evaluation": 736,
              "complete_objective": null
            },
            {
              "evaluation": 737,
              "complete_objective": null
            },
            {
              "evaluation": 738,
              "complete_objective": null
            },
            {
              "evaluation": 739,
              "complete_objective": null
            },
            {
              "evaluation": 740,
              "complete_objective": null
            },
            {
              "evaluation": 741,
              "complete_objective": null
            },
            {
              "evaluation": 742,
              "complete_objective": null
            },
            {
              "evaluation": 743,
              "complete_objective": null
            },
            {
              "evaluation": 744,
              "complete_objective": null
            },
            {
              "evaluation": 745,
              "complete_objective": null
            },
            {
              "evaluation": 746,
              "complete_objective": null
            },
            {
              "evaluation": 747,
              "complete_objective": null
            },
            {
              "evaluation": 748,
              "complete_objective": null
            },
            {
              "evaluation": 749,
              "complete_objective": null
            },
            {
              "evaluation": 750,
              "complete_objective": null
            },
            {
              "evaluation": 751,
              "complete_objective": null
            },
            {
              "evaluation": 752,
              "complete_objective": null
            },
            {
              "evaluation": 753,
              "complete_objective": null
            },
            {
              "evaluation": 754,
              "complete_objective": null
            },
            {
              "evaluation": 755,
              "complete_objective": null
            },
            {
              "evaluation": 756,
              "complete_objective": null
            },
            {
              "evaluation": 757,
              "complete_objective": null
            },
            {
              "evaluation": 758,
              "complete_objective": null
            },
            {
              "evaluation": 759,
              "complete_objective": null
            },
            {
              "evaluation": 760,
              "complete_objective": null
            },
            {
              "evaluation": 761,
              "complete_objective": null
            },
            {
              "evaluation": 762,
              "complete_objective": null
            },
            {
              "evaluation": 763,
              "complete_objective": null
            },
            {
              "evaluation": 764,
              "complete_objective": null
            },
            {
              "evaluation": 765,
              "complete_objective": null
            },
            {
              "evaluation": 766,
              "complete_objective": null
            },
            {
              "evaluation": 767,
              "complete_objective": null
            },
            {
              "evaluation": 768,
              "complete_objective": null
            },
            {
              "evaluation": 769,
              "complete_objective": null
            },
            {
              "evaluation": 770,
              "complete_objective": null
            },
            {
              "evaluation": 771,
              "complete_objective": null
            },
            {
              "evaluation": 772,
              "complete_objective": null
            },
            {
              "evaluation": 773,
              "complete_objective": null
            },
            {
              "evaluation": 774,
              "complete_objective": null
            },
            {
              "evaluation": 775,
              "complete_objective": null
            },
            {
              "evaluation": 776,
              "complete_objective": null
            },
            {
              "evaluation": 777,
              "complete_objective": null
            },
            {
              "evaluation": 778,
              "complete_objective": null
            },
            {
              "evaluation": 779,
              "complete_objective": null
            },
            {
              "evaluation": 780,
              "complete_objective": null
            },
            {
              "evaluation": 781,
              "complete_objective": null
            },
            {
              "evaluation": 782,
              "complete_objective": null
            },
            {
              "evaluation": 783,
              "complete_objective": null
            },
            {
              "evaluation": 784,
              "complete_objective": null
            },
            {
              "evaluation": 785,
              "complete_objective": null
            },
            {
              "evaluation": 786,
              "complete_objective": null
            },
            {
              "evaluation": 787,
              "complete_objective": null
            },
            {
              "evaluation": 788,
              "complete_objective": null
            },
            {
              "evaluation": 789,
              "complete_objective": null
            },
            {
              "evaluation": 790,
              "complete_objective": null
            },
            {
              "evaluation": 791,
              "complete_objective": null
            },
            {
              "evaluation": 792,
              "complete_objective": null
            },
            {
              "evaluation": 793,
              "complete_objective": null
            },
            {
              "evaluation": 794,
              "complete_objective": null
            },
            {
              "evaluation": 795,
              "complete_objective": null
            },
            {
              "evaluation": 796,
              "complete_objective": null
            },
            {
              "evaluation": 797,
              "complete_objective": null
            },
            {
              "evaluation": 798,
              "complete_objective": null
            },
            {
              "evaluation": 799,
              "complete_objective": null
            },
            {
              "evaluation": 800,
              "complete_objective": null
            }
          ],
          "actual_evaluations": 800,
          "candidate_exhausted_before_cap": false,
          "null_objective_count": 484
        },
        {
          "search_seed": 10012,
          "cap": 800,
          "last_strict_improvement_evaluation": 21,
          "strict_improvements": [
            {
              "evaluation": 1,
              "objective": 6238.809484743309
            },
            {
              "evaluation": 8,
              "objective": 5835.505536705707
            },
            {
              "evaluation": 21,
              "objective": 5823.370516808894
            }
          ],
          "trace": [
            {
              "evaluation": 1,
              "complete_objective": 6238.809484743309
            },
            {
              "evaluation": 2,
              "complete_objective": null
            },
            {
              "evaluation": 3,
              "complete_objective": null
            },
            {
              "evaluation": 4,
              "complete_objective": null
            },
            {
              "evaluation": 5,
              "complete_objective": 6548.2117821020565
            },
            {
              "evaluation": 6,
              "complete_objective": null
            },
            {
              "evaluation": 7,
              "complete_objective": null
            },
            {
              "evaluation": 8,
              "complete_objective": 5835.505536705707
            },
            {
              "evaluation": 9,
              "complete_objective": null
            },
            {
              "evaluation": 10,
              "complete_objective": null
            },
            {
              "evaluation": 11,
              "complete_objective": null
            },
            {
              "evaluation": 12,
              "complete_objective": null
            },
            {
              "evaluation": 13,
              "complete_objective": null
            },
            {
              "evaluation": 14,
              "complete_objective": null
            },
            {
              "evaluation": 15,
              "complete_objective": null
            },
            {
              "evaluation": 16,
              "complete_objective": null
            },
            {
              "evaluation": 17,
              "complete_objective": null
            },
            {
              "evaluation": 18,
              "complete_objective": null
            },
            {
              "evaluation": 19,
              "complete_objective": null
            },
            {
              "evaluation": 20,
              "complete_objective": null
            },
            {
              "evaluation": 21,
              "complete_objective": 5823.370516808894
            },
            {
              "evaluation": 22,
              "complete_objective": null
            },
            {
              "evaluation": 23,
              "complete_objective": null
            },
            {
              "evaluation": 24,
              "complete_objective": null
            },
            {
              "evaluation": 25,
              "complete_objective": null
            },
            {
              "evaluation": 26,
              "complete_objective": 5823.370516808894
            },
            {
              "evaluation": 27,
              "complete_objective": null
            },
            {
              "evaluation": 28,
              "complete_objective": null
            },
            {
              "evaluation": 29,
              "complete_objective": 5823.370516808894
            },
            {
              "evaluation": 30,
              "complete_objective": null
            },
            {
              "evaluation": 31,
              "complete_objective": null
            },
            {
              "evaluation": 32,
              "complete_objective": null
            },
            {
              "evaluation": 33,
              "complete_objective": null
            },
            {
              "evaluation": 34,
              "complete_objective": null
            },
            {
              "evaluation": 35,
              "complete_objective": null
            },
            {
              "evaluation": 36,
              "complete_objective": 5823.370516808894
            },
            {
              "evaluation": 37,
              "complete_objective": null
            },
            {
              "evaluation": 38,
              "complete_objective": null
            },
            {
              "evaluation": 39,
              "complete_objective": null
            },
            {
              "evaluation": 40,
              "complete_objective": null
            },
            {
              "evaluation": 41,
              "complete_objective": null
            },
            {
              "evaluation": 42,
              "complete_objective": null
            },
            {
              "evaluation": 43,
              "complete_objective": null
            },
            {
              "evaluation": 44,
              "complete_objective": null
            },
            {
              "evaluation": 45,
              "complete_objective": null
            },
            {
              "evaluation": 46,
              "complete_objective": null
            },
            {
              "evaluation": 47,
              "complete_objective": null
            },
            {
              "evaluation": 48,
              "complete_objective": null
            },
            {
              "evaluation": 49,
              "complete_objective": null
            },
            {
              "evaluation": 50,
              "complete_objective": null
            },
            {
              "evaluation": 51,
              "complete_objective": 6238.809484743309
            },
            {
              "evaluation": 52,
              "complete_objective": 6238.809484743309
            },
            {
              "evaluation": 53,
              "complete_objective": null
            },
            {
              "evaluation": 54,
              "complete_objective": null
            },
            {
              "evaluation": 55,
              "complete_objective": null
            },
            {
              "evaluation": 56,
              "complete_objective": null
            },
            {
              "evaluation": 57,
              "complete_objective": null
            },
            {
              "evaluation": 58,
              "complete_objective": null
            },
            {
              "evaluation": 59,
              "complete_objective": null
            },
            {
              "evaluation": 60,
              "complete_objective": null
            },
            {
              "evaluation": 61,
              "complete_objective": null
            },
            {
              "evaluation": 62,
              "complete_objective": null
            },
            {
              "evaluation": 63,
              "complete_objective": null
            },
            {
              "evaluation": 64,
              "complete_objective": null
            },
            {
              "evaluation": 65,
              "complete_objective": null
            },
            {
              "evaluation": 66,
              "complete_objective": null
            },
            {
              "evaluation": 67,
              "complete_objective": null
            },
            {
              "evaluation": 68,
              "complete_objective": null
            },
            {
              "evaluation": 69,
              "complete_objective": null
            },
            {
              "evaluation": 70,
              "complete_objective": null
            },
            {
              "evaluation": 71,
              "complete_objective": null
            },
            {
              "evaluation": 72,
              "complete_objective": 5835.505536705707
            },
            {
              "evaluation": 73,
              "complete_objective": null
            },
            {
              "evaluation": 74,
              "complete_objective": null
            },
            {
              "evaluation": 75,
              "complete_objective": null
            },
            {
              "evaluation": 76,
              "complete_objective": null
            },
            {
              "evaluation": 77,
              "complete_objective": null
            },
            {
              "evaluation": 78,
              "complete_objective": null
            },
            {
              "evaluation": 79,
              "complete_objective": null
            },
            {
              "evaluation": 80,
              "complete_objective": null
            },
            {
              "evaluation": 81,
              "complete_objective": null
            },
            {
              "evaluation": 82,
              "complete_objective": null
            },
            {
              "evaluation": 83,
              "complete_objective": null
            },
            {
              "evaluation": 84,
              "complete_objective": null
            },
            {
              "evaluation": 85,
              "complete_objective": null
            },
            {
              "evaluation": 86,
              "complete_objective": null
            },
            {
              "evaluation": 87,
              "complete_objective": null
            },
            {
              "evaluation": 88,
              "complete_objective": null
            },
            {
              "evaluation": 89,
              "complete_objective": null
            },
            {
              "evaluation": 90,
              "complete_objective": null
            },
            {
              "evaluation": 91,
              "complete_objective": null
            },
            {
              "evaluation": 92,
              "complete_objective": null
            },
            {
              "evaluation": 93,
              "complete_objective": null
            },
            {
              "evaluation": 94,
              "complete_objective": null
            },
            {
              "evaluation": 95,
              "complete_objective": null
            },
            {
              "evaluation": 96,
              "complete_objective": null
            },
            {
              "evaluation": 97,
              "complete_objective": null
            },
            {
              "evaluation": 98,
              "complete_objective": null
            },
            {
              "evaluation": 99,
              "complete_objective": null
            },
            {
              "evaluation": 100,
              "complete_objective": null
            },
            {
              "evaluation": 101,
              "complete_objective": null
            },
            {
              "evaluation": 102,
              "complete_objective": null
            },
            {
              "evaluation": 103,
              "complete_objective": null
            },
            {
              "evaluation": 104,
              "complete_objective": null
            },
            {
              "evaluation": 105,
              "complete_objective": null
            },
            {
              "evaluation": 106,
              "complete_objective": null
            },
            {
              "evaluation": 107,
              "complete_objective": null
            },
            {
              "evaluation": 108,
              "complete_objective": null
            },
            {
              "evaluation": 109,
              "complete_objective": null
            },
            {
              "evaluation": 110,
              "complete_objective": null
            },
            {
              "evaluation": 111,
              "complete_objective": null
            },
            {
              "evaluation": 112,
              "complete_objective": null
            },
            {
              "evaluation": 113,
              "complete_objective": 5835.505536705707
            },
            {
              "evaluation": 114,
              "complete_objective": null
            },
            {
              "evaluation": 115,
              "complete_objective": 5835.505536705707
            },
            {
              "evaluation": 116,
              "complete_objective": null
            },
            {
              "evaluation": 117,
              "complete_objective": null
            },
            {
              "evaluation": 118,
              "complete_objective": null
            },
            {
              "evaluation": 119,
              "complete_objective": null
            },
            {
              "evaluation": 120,
              "complete_objective": null
            },
            {
              "evaluation": 121,
              "complete_objective": null
            },
            {
              "evaluation": 122,
              "complete_objective": null
            },
            {
              "evaluation": 123,
              "complete_objective": null
            },
            {
              "evaluation": 124,
              "complete_objective": null
            },
            {
              "evaluation": 125,
              "complete_objective": null
            },
            {
              "evaluation": 126,
              "complete_objective": null
            },
            {
              "evaluation": 127,
              "complete_objective": null
            },
            {
              "evaluation": 128,
              "complete_objective": null
            },
            {
              "evaluation": 129,
              "complete_objective": null
            },
            {
              "evaluation": 130,
              "complete_objective": 5823.370516808894
            },
            {
              "evaluation": 131,
              "complete_objective": 5835.505536705707
            },
            {
              "evaluation": 132,
              "complete_objective": null
            },
            {
              "evaluation": 133,
              "complete_objective": 5823.370516808894
            },
            {
              "evaluation": 134,
              "complete_objective": null
            },
            {
              "evaluation": 135,
              "complete_objective": null
            },
            {
              "evaluation": 136,
              "complete_objective": null
            },
            {
              "evaluation": 137,
              "complete_objective": null
            },
            {
              "evaluation": 138,
              "complete_objective": null
            },
            {
              "evaluation": 139,
              "complete_objective": null
            },
            {
              "evaluation": 140,
              "complete_objective": null
            },
            {
              "evaluation": 141,
              "complete_objective": null
            },
            {
              "evaluation": 142,
              "complete_objective": null
            },
            {
              "evaluation": 143,
              "complete_objective": null
            },
            {
              "evaluation": 144,
              "complete_objective": null
            },
            {
              "evaluation": 145,
              "complete_objective": 5823.370516808894
            },
            {
              "evaluation": 146,
              "complete_objective": null
            },
            {
              "evaluation": 147,
              "complete_objective": null
            },
            {
              "evaluation": 148,
              "complete_objective": null
            },
            {
              "evaluation": 149,
              "complete_objective": 5823.370516808894
            },
            {
              "evaluation": 150,
              "complete_objective": null
            },
            {
              "evaluation": 151,
              "complete_objective": null
            },
            {
              "evaluation": 152,
              "complete_objective": null
            },
            {
              "evaluation": 153,
              "complete_objective": null
            },
            {
              "evaluation": 154,
              "complete_objective": null
            },
            {
              "evaluation": 155,
              "complete_objective": null
            },
            {
              "evaluation": 156,
              "complete_objective": null
            },
            {
              "evaluation": 157,
              "complete_objective": null
            },
            {
              "evaluation": 158,
              "complete_objective": null
            },
            {
              "evaluation": 159,
              "complete_objective": null
            },
            {
              "evaluation": 160,
              "complete_objective": 6238.809484743309
            },
            {
              "evaluation": 161,
              "complete_objective": null
            },
            {
              "evaluation": 162,
              "complete_objective": 6238.809484743309
            },
            {
              "evaluation": 163,
              "complete_objective": null
            },
            {
              "evaluation": 164,
              "complete_objective": null
            },
            {
              "evaluation": 165,
              "complete_objective": null
            },
            {
              "evaluation": 166,
              "complete_objective": null
            },
            {
              "evaluation": 167,
              "complete_objective": null
            },
            {
              "evaluation": 168,
              "complete_objective": 5823.370516808894
            },
            {
              "evaluation": 169,
              "complete_objective": null
            },
            {
              "evaluation": 170,
              "complete_objective": null
            },
            {
              "evaluation": 171,
              "complete_objective": null
            },
            {
              "evaluation": 172,
              "complete_objective": null
            },
            {
              "evaluation": 173,
              "complete_objective": 5835.505536705707
            },
            {
              "evaluation": 174,
              "complete_objective": 5823.370516808894
            },
            {
              "evaluation": 175,
              "complete_objective": null
            },
            {
              "evaluation": 176,
              "complete_objective": null
            },
            {
              "evaluation": 177,
              "complete_objective": 5835.505536705707
            },
            {
              "evaluation": 178,
              "complete_objective": null
            },
            {
              "evaluation": 179,
              "complete_objective": null
            },
            {
              "evaluation": 180,
              "complete_objective": null
            },
            {
              "evaluation": 181,
              "complete_objective": null
            },
            {
              "evaluation": 182,
              "complete_objective": null
            },
            {
              "evaluation": 183,
              "complete_objective": null
            },
            {
              "evaluation": 184,
              "complete_objective": 6238.809484743309
            },
            {
              "evaluation": 185,
              "complete_objective": 5823.370516808894
            },
            {
              "evaluation": 186,
              "complete_objective": null
            },
            {
              "evaluation": 187,
              "complete_objective": null
            },
            {
              "evaluation": 188,
              "complete_objective": null
            },
            {
              "evaluation": 189,
              "complete_objective": null
            },
            {
              "evaluation": 190,
              "complete_objective": 6238.809484743309
            },
            {
              "evaluation": 191,
              "complete_objective": null
            },
            {
              "evaluation": 192,
              "complete_objective": null
            },
            {
              "evaluation": 193,
              "complete_objective": null
            },
            {
              "evaluation": 194,
              "complete_objective": null
            },
            {
              "evaluation": 195,
              "complete_objective": null
            },
            {
              "evaluation": 196,
              "complete_objective": null
            },
            {
              "evaluation": 197,
              "complete_objective": null
            },
            {
              "evaluation": 198,
              "complete_objective": null
            },
            {
              "evaluation": 199,
              "complete_objective": null
            },
            {
              "evaluation": 200,
              "complete_objective": null
            },
            {
              "evaluation": 201,
              "complete_objective": 5835.505536705707
            },
            {
              "evaluation": 202,
              "complete_objective": null
            },
            {
              "evaluation": 203,
              "complete_objective": null
            },
            {
              "evaluation": 204,
              "complete_objective": 5823.370516808894
            },
            {
              "evaluation": 205,
              "complete_objective": null
            },
            {
              "evaluation": 206,
              "complete_objective": null
            },
            {
              "evaluation": 207,
              "complete_objective": null
            },
            {
              "evaluation": 208,
              "complete_objective": null
            },
            {
              "evaluation": 209,
              "complete_objective": null
            },
            {
              "evaluation": 210,
              "complete_objective": null
            },
            {
              "evaluation": 211,
              "complete_objective": null
            },
            {
              "evaluation": 212,
              "complete_objective": 5835.505536705707
            },
            {
              "evaluation": 213,
              "complete_objective": null
            },
            {
              "evaluation": 214,
              "complete_objective": null
            },
            {
              "evaluation": 215,
              "complete_objective": null
            },
            {
              "evaluation": 216,
              "complete_objective": null
            },
            {
              "evaluation": 217,
              "complete_objective": null
            },
            {
              "evaluation": 218,
              "complete_objective": null
            },
            {
              "evaluation": 219,
              "complete_objective": 6238.809484743309
            },
            {
              "evaluation": 220,
              "complete_objective": null
            },
            {
              "evaluation": 221,
              "complete_objective": null
            },
            {
              "evaluation": 222,
              "complete_objective": null
            },
            {
              "evaluation": 223,
              "complete_objective": null
            },
            {
              "evaluation": 224,
              "complete_objective": null
            },
            {
              "evaluation": 225,
              "complete_objective": null
            },
            {
              "evaluation": 226,
              "complete_objective": null
            },
            {
              "evaluation": 227,
              "complete_objective": null
            },
            {
              "evaluation": 228,
              "complete_objective": null
            },
            {
              "evaluation": 229,
              "complete_objective": null
            },
            {
              "evaluation": 230,
              "complete_objective": null
            },
            {
              "evaluation": 231,
              "complete_objective": null
            },
            {
              "evaluation": 232,
              "complete_objective": null
            },
            {
              "evaluation": 233,
              "complete_objective": null
            },
            {
              "evaluation": 234,
              "complete_objective": null
            },
            {
              "evaluation": 235,
              "complete_objective": null
            },
            {
              "evaluation": 236,
              "complete_objective": null
            },
            {
              "evaluation": 237,
              "complete_objective": null
            },
            {
              "evaluation": 238,
              "complete_objective": null
            },
            {
              "evaluation": 239,
              "complete_objective": null
            },
            {
              "evaluation": 240,
              "complete_objective": null
            },
            {
              "evaluation": 241,
              "complete_objective": null
            },
            {
              "evaluation": 242,
              "complete_objective": null
            },
            {
              "evaluation": 243,
              "complete_objective": null
            },
            {
              "evaluation": 244,
              "complete_objective": null
            },
            {
              "evaluation": 245,
              "complete_objective": null
            },
            {
              "evaluation": 246,
              "complete_objective": null
            },
            {
              "evaluation": 247,
              "complete_objective": null
            },
            {
              "evaluation": 248,
              "complete_objective": null
            },
            {
              "evaluation": 249,
              "complete_objective": 5823.370516808894
            },
            {
              "evaluation": 250,
              "complete_objective": null
            },
            {
              "evaluation": 251,
              "complete_objective": null
            },
            {
              "evaluation": 252,
              "complete_objective": null
            },
            {
              "evaluation": 253,
              "complete_objective": null
            },
            {
              "evaluation": 254,
              "complete_objective": null
            },
            {
              "evaluation": 255,
              "complete_objective": null
            },
            {
              "evaluation": 256,
              "complete_objective": null
            },
            {
              "evaluation": 257,
              "complete_objective": null
            },
            {
              "evaluation": 258,
              "complete_objective": null
            },
            {
              "evaluation": 259,
              "complete_objective": null
            },
            {
              "evaluation": 260,
              "complete_objective": null
            },
            {
              "evaluation": 261,
              "complete_objective": null
            },
            {
              "evaluation": 262,
              "complete_objective": null
            },
            {
              "evaluation": 263,
              "complete_objective": null
            },
            {
              "evaluation": 264,
              "complete_objective": null
            },
            {
              "evaluation": 265,
              "complete_objective": null
            },
            {
              "evaluation": 266,
              "complete_objective": null
            },
            {
              "evaluation": 267,
              "complete_objective": null
            },
            {
              "evaluation": 268,
              "complete_objective": null
            },
            {
              "evaluation": 269,
              "complete_objective": null
            },
            {
              "evaluation": 270,
              "complete_objective": null
            },
            {
              "evaluation": 271,
              "complete_objective": null
            },
            {
              "evaluation": 272,
              "complete_objective": null
            },
            {
              "evaluation": 273,
              "complete_objective": null
            },
            {
              "evaluation": 274,
              "complete_objective": null
            },
            {
              "evaluation": 275,
              "complete_objective": null
            },
            {
              "evaluation": 276,
              "complete_objective": null
            },
            {
              "evaluation": 277,
              "complete_objective": null
            },
            {
              "evaluation": 278,
              "complete_objective": null
            },
            {
              "evaluation": 279,
              "complete_objective": null
            },
            {
              "evaluation": 280,
              "complete_objective": null
            },
            {
              "evaluation": 281,
              "complete_objective": 5823.370516808894
            },
            {
              "evaluation": 282,
              "complete_objective": null
            },
            {
              "evaluation": 283,
              "complete_objective": null
            },
            {
              "evaluation": 284,
              "complete_objective": null
            },
            {
              "evaluation": 285,
              "complete_objective": null
            },
            {
              "evaluation": 286,
              "complete_objective": null
            },
            {
              "evaluation": 287,
              "complete_objective": null
            },
            {
              "evaluation": 288,
              "complete_objective": null
            },
            {
              "evaluation": 289,
              "complete_objective": null
            },
            {
              "evaluation": 290,
              "complete_objective": null
            },
            {
              "evaluation": 291,
              "complete_objective": null
            },
            {
              "evaluation": 292,
              "complete_objective": null
            },
            {
              "evaluation": 293,
              "complete_objective": null
            },
            {
              "evaluation": 294,
              "complete_objective": null
            },
            {
              "evaluation": 295,
              "complete_objective": null
            },
            {
              "evaluation": 296,
              "complete_objective": null
            },
            {
              "evaluation": 297,
              "complete_objective": null
            },
            {
              "evaluation": 298,
              "complete_objective": null
            },
            {
              "evaluation": 299,
              "complete_objective": null
            },
            {
              "evaluation": 300,
              "complete_objective": null
            },
            {
              "evaluation": 301,
              "complete_objective": null
            },
            {
              "evaluation": 302,
              "complete_objective": null
            },
            {
              "evaluation": 303,
              "complete_objective": null
            },
            {
              "evaluation": 304,
              "complete_objective": null
            },
            {
              "evaluation": 305,
              "complete_objective": null
            },
            {
              "evaluation": 306,
              "complete_objective": null
            },
            {
              "evaluation": 307,
              "complete_objective": null
            },
            {
              "evaluation": 308,
              "complete_objective": null
            },
            {
              "evaluation": 309,
              "complete_objective": null
            },
            {
              "evaluation": 310,
              "complete_objective": null
            },
            {
              "evaluation": 311,
              "complete_objective": null
            },
            {
              "evaluation": 312,
              "complete_objective": null
            },
            {
              "evaluation": 313,
              "complete_objective": null
            },
            {
              "evaluation": 314,
              "complete_objective": null
            },
            {
              "evaluation": 315,
              "complete_objective": null
            },
            {
              "evaluation": 316,
              "complete_objective": 5823.370516808894
            },
            {
              "evaluation": 317,
              "complete_objective": null
            },
            {
              "evaluation": 318,
              "complete_objective": null
            },
            {
              "evaluation": 319,
              "complete_objective": null
            },
            {
              "evaluation": 320,
              "complete_objective": null
            },
            {
              "evaluation": 321,
              "complete_objective": null
            },
            {
              "evaluation": 322,
              "complete_objective": null
            },
            {
              "evaluation": 323,
              "complete_objective": null
            },
            {
              "evaluation": 324,
              "complete_objective": null
            },
            {
              "evaluation": 325,
              "complete_objective": null
            },
            {
              "evaluation": 326,
              "complete_objective": 5823.370516808894
            },
            {
              "evaluation": 327,
              "complete_objective": 5823.370516808894
            },
            {
              "evaluation": 328,
              "complete_objective": null
            },
            {
              "evaluation": 329,
              "complete_objective": null
            },
            {
              "evaluation": 330,
              "complete_objective": null
            },
            {
              "evaluation": 331,
              "complete_objective": null
            },
            {
              "evaluation": 332,
              "complete_objective": null
            },
            {
              "evaluation": 333,
              "complete_objective": null
            },
            {
              "evaluation": 334,
              "complete_objective": null
            },
            {
              "evaluation": 335,
              "complete_objective": null
            },
            {
              "evaluation": 336,
              "complete_objective": null
            },
            {
              "evaluation": 337,
              "complete_objective": null
            },
            {
              "evaluation": 338,
              "complete_objective": null
            },
            {
              "evaluation": 339,
              "complete_objective": null
            },
            {
              "evaluation": 340,
              "complete_objective": null
            },
            {
              "evaluation": 341,
              "complete_objective": null
            },
            {
              "evaluation": 342,
              "complete_objective": null
            },
            {
              "evaluation": 343,
              "complete_objective": null
            },
            {
              "evaluation": 344,
              "complete_objective": null
            },
            {
              "evaluation": 345,
              "complete_objective": null
            },
            {
              "evaluation": 346,
              "complete_objective": null
            },
            {
              "evaluation": 347,
              "complete_objective": 5835.505536705707
            },
            {
              "evaluation": 348,
              "complete_objective": null
            },
            {
              "evaluation": 349,
              "complete_objective": 5823.370516808894
            },
            {
              "evaluation": 350,
              "complete_objective": null
            },
            {
              "evaluation": 351,
              "complete_objective": null
            },
            {
              "evaluation": 352,
              "complete_objective": null
            },
            {
              "evaluation": 353,
              "complete_objective": null
            },
            {
              "evaluation": 354,
              "complete_objective": null
            },
            {
              "evaluation": 355,
              "complete_objective": null
            },
            {
              "evaluation": 356,
              "complete_objective": null
            },
            {
              "evaluation": 357,
              "complete_objective": 5823.370516808894
            },
            {
              "evaluation": 358,
              "complete_objective": null
            },
            {
              "evaluation": 359,
              "complete_objective": null
            },
            {
              "evaluation": 360,
              "complete_objective": null
            },
            {
              "evaluation": 361,
              "complete_objective": null
            },
            {
              "evaluation": 362,
              "complete_objective": null
            },
            {
              "evaluation": 363,
              "complete_objective": null
            },
            {
              "evaluation": 364,
              "complete_objective": null
            },
            {
              "evaluation": 365,
              "complete_objective": null
            },
            {
              "evaluation": 366,
              "complete_objective": null
            },
            {
              "evaluation": 367,
              "complete_objective": null
            },
            {
              "evaluation": 368,
              "complete_objective": null
            },
            {
              "evaluation": 369,
              "complete_objective": null
            },
            {
              "evaluation": 370,
              "complete_objective": null
            },
            {
              "evaluation": 371,
              "complete_objective": null
            },
            {
              "evaluation": 372,
              "complete_objective": null
            },
            {
              "evaluation": 373,
              "complete_objective": null
            },
            {
              "evaluation": 374,
              "complete_objective": null
            },
            {
              "evaluation": 375,
              "complete_objective": null
            },
            {
              "evaluation": 376,
              "complete_objective": null
            },
            {
              "evaluation": 377,
              "complete_objective": null
            },
            {
              "evaluation": 378,
              "complete_objective": null
            },
            {
              "evaluation": 379,
              "complete_objective": null
            },
            {
              "evaluation": 380,
              "complete_objective": 6238.809484743309
            },
            {
              "evaluation": 381,
              "complete_objective": null
            },
            {
              "evaluation": 382,
              "complete_objective": null
            },
            {
              "evaluation": 383,
              "complete_objective": null
            },
            {
              "evaluation": 384,
              "complete_objective": null
            },
            {
              "evaluation": 385,
              "complete_objective": null
            },
            {
              "evaluation": 386,
              "complete_objective": null
            },
            {
              "evaluation": 387,
              "complete_objective": null
            },
            {
              "evaluation": 388,
              "complete_objective": null
            },
            {
              "evaluation": 389,
              "complete_objective": null
            },
            {
              "evaluation": 390,
              "complete_objective": 5823.370516808894
            },
            {
              "evaluation": 391,
              "complete_objective": null
            },
            {
              "evaluation": 392,
              "complete_objective": null
            },
            {
              "evaluation": 393,
              "complete_objective": null
            },
            {
              "evaluation": 394,
              "complete_objective": null
            },
            {
              "evaluation": 395,
              "complete_objective": 5823.370516808894
            },
            {
              "evaluation": 396,
              "complete_objective": null
            },
            {
              "evaluation": 397,
              "complete_objective": null
            },
            {
              "evaluation": 398,
              "complete_objective": null
            },
            {
              "evaluation": 399,
              "complete_objective": null
            },
            {
              "evaluation": 400,
              "complete_objective": null
            },
            {
              "evaluation": 401,
              "complete_objective": null
            },
            {
              "evaluation": 402,
              "complete_objective": null
            },
            {
              "evaluation": 403,
              "complete_objective": null
            },
            {
              "evaluation": 404,
              "complete_objective": null
            },
            {
              "evaluation": 405,
              "complete_objective": null
            },
            {
              "evaluation": 406,
              "complete_objective": null
            },
            {
              "evaluation": 407,
              "complete_objective": null
            },
            {
              "evaluation": 408,
              "complete_objective": null
            },
            {
              "evaluation": 409,
              "complete_objective": null
            },
            {
              "evaluation": 410,
              "complete_objective": null
            },
            {
              "evaluation": 411,
              "complete_objective": null
            },
            {
              "evaluation": 412,
              "complete_objective": null
            },
            {
              "evaluation": 413,
              "complete_objective": null
            },
            {
              "evaluation": 414,
              "complete_objective": null
            },
            {
              "evaluation": 415,
              "complete_objective": null
            },
            {
              "evaluation": 416,
              "complete_objective": null
            },
            {
              "evaluation": 417,
              "complete_objective": null
            },
            {
              "evaluation": 418,
              "complete_objective": null
            },
            {
              "evaluation": 419,
              "complete_objective": null
            },
            {
              "evaluation": 420,
              "complete_objective": null
            },
            {
              "evaluation": 421,
              "complete_objective": null
            },
            {
              "evaluation": 422,
              "complete_objective": null
            },
            {
              "evaluation": 423,
              "complete_objective": null
            },
            {
              "evaluation": 424,
              "complete_objective": null
            },
            {
              "evaluation": 425,
              "complete_objective": null
            },
            {
              "evaluation": 426,
              "complete_objective": null
            },
            {
              "evaluation": 427,
              "complete_objective": null
            },
            {
              "evaluation": 428,
              "complete_objective": null
            },
            {
              "evaluation": 429,
              "complete_objective": null
            },
            {
              "evaluation": 430,
              "complete_objective": null
            },
            {
              "evaluation": 431,
              "complete_objective": null
            },
            {
              "evaluation": 432,
              "complete_objective": null
            },
            {
              "evaluation": 433,
              "complete_objective": null
            },
            {
              "evaluation": 434,
              "complete_objective": null
            },
            {
              "evaluation": 435,
              "complete_objective": null
            },
            {
              "evaluation": 436,
              "complete_objective": null
            },
            {
              "evaluation": 437,
              "complete_objective": null
            },
            {
              "evaluation": 438,
              "complete_objective": null
            },
            {
              "evaluation": 439,
              "complete_objective": null
            },
            {
              "evaluation": 440,
              "complete_objective": null
            },
            {
              "evaluation": 441,
              "complete_objective": null
            },
            {
              "evaluation": 442,
              "complete_objective": null
            },
            {
              "evaluation": 443,
              "complete_objective": null
            },
            {
              "evaluation": 444,
              "complete_objective": null
            },
            {
              "evaluation": 445,
              "complete_objective": null
            },
            {
              "evaluation": 446,
              "complete_objective": null
            },
            {
              "evaluation": 447,
              "complete_objective": null
            },
            {
              "evaluation": 448,
              "complete_objective": null
            },
            {
              "evaluation": 449,
              "complete_objective": null
            },
            {
              "evaluation": 450,
              "complete_objective": null
            },
            {
              "evaluation": 451,
              "complete_objective": null
            },
            {
              "evaluation": 452,
              "complete_objective": null
            },
            {
              "evaluation": 453,
              "complete_objective": null
            },
            {
              "evaluation": 454,
              "complete_objective": null
            },
            {
              "evaluation": 455,
              "complete_objective": null
            },
            {
              "evaluation": 456,
              "complete_objective": null
            },
            {
              "evaluation": 457,
              "complete_objective": null
            },
            {
              "evaluation": 458,
              "complete_objective": null
            },
            {
              "evaluation": 459,
              "complete_objective": null
            },
            {
              "evaluation": 460,
              "complete_objective": null
            },
            {
              "evaluation": 461,
              "complete_objective": null
            },
            {
              "evaluation": 462,
              "complete_objective": null
            },
            {
              "evaluation": 463,
              "complete_objective": null
            },
            {
              "evaluation": 464,
              "complete_objective": null
            },
            {
              "evaluation": 465,
              "complete_objective": null
            },
            {
              "evaluation": 466,
              "complete_objective": null
            },
            {
              "evaluation": 467,
              "complete_objective": null
            },
            {
              "evaluation": 468,
              "complete_objective": null
            },
            {
              "evaluation": 469,
              "complete_objective": null
            },
            {
              "evaluation": 470,
              "complete_objective": null
            },
            {
              "evaluation": 471,
              "complete_objective": null
            },
            {
              "evaluation": 472,
              "complete_objective": null
            },
            {
              "evaluation": 473,
              "complete_objective": null
            },
            {
              "evaluation": 474,
              "complete_objective": null
            },
            {
              "evaluation": 475,
              "complete_objective": null
            },
            {
              "evaluation": 476,
              "complete_objective": null
            },
            {
              "evaluation": 477,
              "complete_objective": null
            },
            {
              "evaluation": 478,
              "complete_objective": null
            },
            {
              "evaluation": 479,
              "complete_objective": null
            },
            {
              "evaluation": 480,
              "complete_objective": null
            },
            {
              "evaluation": 481,
              "complete_objective": null
            },
            {
              "evaluation": 482,
              "complete_objective": null
            },
            {
              "evaluation": 483,
              "complete_objective": null
            },
            {
              "evaluation": 484,
              "complete_objective": null
            },
            {
              "evaluation": 485,
              "complete_objective": null
            },
            {
              "evaluation": 486,
              "complete_objective": null
            },
            {
              "evaluation": 487,
              "complete_objective": null
            },
            {
              "evaluation": 488,
              "complete_objective": null
            },
            {
              "evaluation": 489,
              "complete_objective": null
            },
            {
              "evaluation": 490,
              "complete_objective": null
            },
            {
              "evaluation": 491,
              "complete_objective": null
            },
            {
              "evaluation": 492,
              "complete_objective": null
            },
            {
              "evaluation": 493,
              "complete_objective": null
            },
            {
              "evaluation": 494,
              "complete_objective": null
            },
            {
              "evaluation": 495,
              "complete_objective": null
            },
            {
              "evaluation": 496,
              "complete_objective": null
            },
            {
              "evaluation": 497,
              "complete_objective": null
            },
            {
              "evaluation": 498,
              "complete_objective": null
            },
            {
              "evaluation": 499,
              "complete_objective": null
            },
            {
              "evaluation": 500,
              "complete_objective": null
            },
            {
              "evaluation": 501,
              "complete_objective": null
            },
            {
              "evaluation": 502,
              "complete_objective": null
            },
            {
              "evaluation": 503,
              "complete_objective": null
            },
            {
              "evaluation": 504,
              "complete_objective": null
            },
            {
              "evaluation": 505,
              "complete_objective": null
            },
            {
              "evaluation": 506,
              "complete_objective": null
            },
            {
              "evaluation": 507,
              "complete_objective": null
            },
            {
              "evaluation": 508,
              "complete_objective": null
            },
            {
              "evaluation": 509,
              "complete_objective": null
            },
            {
              "evaluation": 510,
              "complete_objective": null
            },
            {
              "evaluation": 511,
              "complete_objective": null
            },
            {
              "evaluation": 512,
              "complete_objective": null
            },
            {
              "evaluation": 513,
              "complete_objective": null
            },
            {
              "evaluation": 514,
              "complete_objective": null
            },
            {
              "evaluation": 515,
              "complete_objective": null
            },
            {
              "evaluation": 516,
              "complete_objective": null
            },
            {
              "evaluation": 517,
              "complete_objective": null
            },
            {
              "evaluation": 518,
              "complete_objective": null
            },
            {
              "evaluation": 519,
              "complete_objective": null
            },
            {
              "evaluation": 520,
              "complete_objective": null
            },
            {
              "evaluation": 521,
              "complete_objective": null
            },
            {
              "evaluation": 522,
              "complete_objective": null
            },
            {
              "evaluation": 523,
              "complete_objective": null
            },
            {
              "evaluation": 524,
              "complete_objective": null
            },
            {
              "evaluation": 525,
              "complete_objective": null
            },
            {
              "evaluation": 526,
              "complete_objective": null
            },
            {
              "evaluation": 527,
              "complete_objective": null
            },
            {
              "evaluation": 528,
              "complete_objective": null
            },
            {
              "evaluation": 529,
              "complete_objective": null
            },
            {
              "evaluation": 530,
              "complete_objective": null
            },
            {
              "evaluation": 531,
              "complete_objective": null
            },
            {
              "evaluation": 532,
              "complete_objective": null
            },
            {
              "evaluation": 533,
              "complete_objective": null
            },
            {
              "evaluation": 534,
              "complete_objective": null
            },
            {
              "evaluation": 535,
              "complete_objective": null
            },
            {
              "evaluation": 536,
              "complete_objective": null
            },
            {
              "evaluation": 537,
              "complete_objective": null
            },
            {
              "evaluation": 538,
              "complete_objective": null
            },
            {
              "evaluation": 539,
              "complete_objective": null
            },
            {
              "evaluation": 540,
              "complete_objective": null
            },
            {
              "evaluation": 541,
              "complete_objective": null
            },
            {
              "evaluation": 542,
              "complete_objective": null
            },
            {
              "evaluation": 543,
              "complete_objective": null
            },
            {
              "evaluation": 544,
              "complete_objective": null
            },
            {
              "evaluation": 545,
              "complete_objective": null
            },
            {
              "evaluation": 546,
              "complete_objective": null
            },
            {
              "evaluation": 547,
              "complete_objective": null
            },
            {
              "evaluation": 548,
              "complete_objective": null
            },
            {
              "evaluation": 549,
              "complete_objective": null
            },
            {
              "evaluation": 550,
              "complete_objective": null
            },
            {
              "evaluation": 551,
              "complete_objective": null
            },
            {
              "evaluation": 552,
              "complete_objective": null
            },
            {
              "evaluation": 553,
              "complete_objective": null
            },
            {
              "evaluation": 554,
              "complete_objective": null
            },
            {
              "evaluation": 555,
              "complete_objective": null
            },
            {
              "evaluation": 556,
              "complete_objective": null
            },
            {
              "evaluation": 557,
              "complete_objective": null
            },
            {
              "evaluation": 558,
              "complete_objective": null
            },
            {
              "evaluation": 559,
              "complete_objective": null
            },
            {
              "evaluation": 560,
              "complete_objective": null
            },
            {
              "evaluation": 561,
              "complete_objective": null
            },
            {
              "evaluation": 562,
              "complete_objective": null
            },
            {
              "evaluation": 563,
              "complete_objective": null
            },
            {
              "evaluation": 564,
              "complete_objective": null
            },
            {
              "evaluation": 565,
              "complete_objective": null
            },
            {
              "evaluation": 566,
              "complete_objective": null
            },
            {
              "evaluation": 567,
              "complete_objective": null
            },
            {
              "evaluation": 568,
              "complete_objective": null
            },
            {
              "evaluation": 569,
              "complete_objective": null
            },
            {
              "evaluation": 570,
              "complete_objective": null
            },
            {
              "evaluation": 571,
              "complete_objective": null
            },
            {
              "evaluation": 572,
              "complete_objective": null
            },
            {
              "evaluation": 573,
              "complete_objective": null
            },
            {
              "evaluation": 574,
              "complete_objective": null
            },
            {
              "evaluation": 575,
              "complete_objective": null
            },
            {
              "evaluation": 576,
              "complete_objective": null
            },
            {
              "evaluation": 577,
              "complete_objective": null
            },
            {
              "evaluation": 578,
              "complete_objective": null
            },
            {
              "evaluation": 579,
              "complete_objective": null
            },
            {
              "evaluation": 580,
              "complete_objective": null
            },
            {
              "evaluation": 581,
              "complete_objective": null
            },
            {
              "evaluation": 582,
              "complete_objective": null
            },
            {
              "evaluation": 583,
              "complete_objective": null
            },
            {
              "evaluation": 584,
              "complete_objective": null
            },
            {
              "evaluation": 585,
              "complete_objective": null
            },
            {
              "evaluation": 586,
              "complete_objective": null
            },
            {
              "evaluation": 587,
              "complete_objective": null
            },
            {
              "evaluation": 588,
              "complete_objective": null
            },
            {
              "evaluation": 589,
              "complete_objective": null
            },
            {
              "evaluation": 590,
              "complete_objective": null
            },
            {
              "evaluation": 591,
              "complete_objective": null
            },
            {
              "evaluation": 592,
              "complete_objective": null
            },
            {
              "evaluation": 593,
              "complete_objective": null
            },
            {
              "evaluation": 594,
              "complete_objective": null
            },
            {
              "evaluation": 595,
              "complete_objective": null
            },
            {
              "evaluation": 596,
              "complete_objective": null
            },
            {
              "evaluation": 597,
              "complete_objective": null
            },
            {
              "evaluation": 598,
              "complete_objective": null
            },
            {
              "evaluation": 599,
              "complete_objective": null
            },
            {
              "evaluation": 600,
              "complete_objective": null
            },
            {
              "evaluation": 601,
              "complete_objective": null
            },
            {
              "evaluation": 602,
              "complete_objective": null
            },
            {
              "evaluation": 603,
              "complete_objective": null
            },
            {
              "evaluation": 604,
              "complete_objective": null
            },
            {
              "evaluation": 605,
              "complete_objective": null
            },
            {
              "evaluation": 606,
              "complete_objective": null
            },
            {
              "evaluation": 607,
              "complete_objective": null
            },
            {
              "evaluation": 608,
              "complete_objective": null
            },
            {
              "evaluation": 609,
              "complete_objective": null
            },
            {
              "evaluation": 610,
              "complete_objective": null
            },
            {
              "evaluation": 611,
              "complete_objective": null
            },
            {
              "evaluation": 612,
              "complete_objective": null
            },
            {
              "evaluation": 613,
              "complete_objective": null
            },
            {
              "evaluation": 614,
              "complete_objective": null
            },
            {
              "evaluation": 615,
              "complete_objective": null
            },
            {
              "evaluation": 616,
              "complete_objective": null
            },
            {
              "evaluation": 617,
              "complete_objective": null
            },
            {
              "evaluation": 618,
              "complete_objective": null
            },
            {
              "evaluation": 619,
              "complete_objective": null
            },
            {
              "evaluation": 620,
              "complete_objective": null
            },
            {
              "evaluation": 621,
              "complete_objective": null
            },
            {
              "evaluation": 622,
              "complete_objective": null
            },
            {
              "evaluation": 623,
              "complete_objective": null
            },
            {
              "evaluation": 624,
              "complete_objective": null
            },
            {
              "evaluation": 625,
              "complete_objective": null
            },
            {
              "evaluation": 626,
              "complete_objective": null
            },
            {
              "evaluation": 627,
              "complete_objective": null
            },
            {
              "evaluation": 628,
              "complete_objective": null
            },
            {
              "evaluation": 629,
              "complete_objective": null
            },
            {
              "evaluation": 630,
              "complete_objective": null
            },
            {
              "evaluation": 631,
              "complete_objective": null
            },
            {
              "evaluation": 632,
              "complete_objective": null
            },
            {
              "evaluation": 633,
              "complete_objective": null
            },
            {
              "evaluation": 634,
              "complete_objective": null
            },
            {
              "evaluation": 635,
              "complete_objective": null
            },
            {
              "evaluation": 636,
              "complete_objective": null
            },
            {
              "evaluation": 637,
              "complete_objective": null
            },
            {
              "evaluation": 638,
              "complete_objective": null
            },
            {
              "evaluation": 639,
              "complete_objective": null
            },
            {
              "evaluation": 640,
              "complete_objective": null
            },
            {
              "evaluation": 641,
              "complete_objective": null
            },
            {
              "evaluation": 642,
              "complete_objective": null
            },
            {
              "evaluation": 643,
              "complete_objective": null
            },
            {
              "evaluation": 644,
              "complete_objective": null
            },
            {
              "evaluation": 645,
              "complete_objective": null
            },
            {
              "evaluation": 646,
              "complete_objective": null
            },
            {
              "evaluation": 647,
              "complete_objective": null
            },
            {
              "evaluation": 648,
              "complete_objective": null
            },
            {
              "evaluation": 649,
              "complete_objective": null
            },
            {
              "evaluation": 650,
              "complete_objective": null
            },
            {
              "evaluation": 651,
              "complete_objective": null
            },
            {
              "evaluation": 652,
              "complete_objective": null
            },
            {
              "evaluation": 653,
              "complete_objective": null
            },
            {
              "evaluation": 654,
              "complete_objective": null
            },
            {
              "evaluation": 655,
              "complete_objective": null
            },
            {
              "evaluation": 656,
              "complete_objective": null
            },
            {
              "evaluation": 657,
              "complete_objective": null
            },
            {
              "evaluation": 658,
              "complete_objective": null
            },
            {
              "evaluation": 659,
              "complete_objective": null
            },
            {
              "evaluation": 660,
              "complete_objective": null
            },
            {
              "evaluation": 661,
              "complete_objective": null
            },
            {
              "evaluation": 662,
              "complete_objective": null
            },
            {
              "evaluation": 663,
              "complete_objective": null
            },
            {
              "evaluation": 664,
              "complete_objective": null
            },
            {
              "evaluation": 665,
              "complete_objective": null
            },
            {
              "evaluation": 666,
              "complete_objective": null
            },
            {
              "evaluation": 667,
              "complete_objective": null
            },
            {
              "evaluation": 668,
              "complete_objective": null
            },
            {
              "evaluation": 669,
              "complete_objective": null
            },
            {
              "evaluation": 670,
              "complete_objective": null
            },
            {
              "evaluation": 671,
              "complete_objective": null
            },
            {
              "evaluation": 672,
              "complete_objective": null
            },
            {
              "evaluation": 673,
              "complete_objective": null
            },
            {
              "evaluation": 674,
              "complete_objective": null
            },
            {
              "evaluation": 675,
              "complete_objective": null
            },
            {
              "evaluation": 676,
              "complete_objective": null
            },
            {
              "evaluation": 677,
              "complete_objective": null
            },
            {
              "evaluation": 678,
              "complete_objective": null
            },
            {
              "evaluation": 679,
              "complete_objective": null
            },
            {
              "evaluation": 680,
              "complete_objective": null
            },
            {
              "evaluation": 681,
              "complete_objective": null
            },
            {
              "evaluation": 682,
              "complete_objective": null
            },
            {
              "evaluation": 683,
              "complete_objective": null
            },
            {
              "evaluation": 684,
              "complete_objective": null
            },
            {
              "evaluation": 685,
              "complete_objective": null
            },
            {
              "evaluation": 686,
              "complete_objective": null
            },
            {
              "evaluation": 687,
              "complete_objective": null
            },
            {
              "evaluation": 688,
              "complete_objective": null
            },
            {
              "evaluation": 689,
              "complete_objective": null
            },
            {
              "evaluation": 690,
              "complete_objective": null
            },
            {
              "evaluation": 691,
              "complete_objective": null
            },
            {
              "evaluation": 692,
              "complete_objective": null
            },
            {
              "evaluation": 693,
              "complete_objective": null
            },
            {
              "evaluation": 694,
              "complete_objective": null
            },
            {
              "evaluation": 695,
              "complete_objective": null
            },
            {
              "evaluation": 696,
              "complete_objective": null
            },
            {
              "evaluation": 697,
              "complete_objective": null
            },
            {
              "evaluation": 698,
              "complete_objective": null
            },
            {
              "evaluation": 699,
              "complete_objective": null
            },
            {
              "evaluation": 700,
              "complete_objective": null
            },
            {
              "evaluation": 701,
              "complete_objective": null
            },
            {
              "evaluation": 702,
              "complete_objective": null
            },
            {
              "evaluation": 703,
              "complete_objective": null
            },
            {
              "evaluation": 704,
              "complete_objective": null
            },
            {
              "evaluation": 705,
              "complete_objective": 6548.2117821020565
            },
            {
              "evaluation": 706,
              "complete_objective": null
            },
            {
              "evaluation": 707,
              "complete_objective": null
            },
            {
              "evaluation": 708,
              "complete_objective": null
            },
            {
              "evaluation": 709,
              "complete_objective": null
            },
            {
              "evaluation": 710,
              "complete_objective": null
            },
            {
              "evaluation": 711,
              "complete_objective": null
            },
            {
              "evaluation": 712,
              "complete_objective": null
            },
            {
              "evaluation": 713,
              "complete_objective": null
            },
            {
              "evaluation": 714,
              "complete_objective": null
            },
            {
              "evaluation": 715,
              "complete_objective": null
            },
            {
              "evaluation": 716,
              "complete_objective": null
            },
            {
              "evaluation": 717,
              "complete_objective": null
            },
            {
              "evaluation": 718,
              "complete_objective": null
            },
            {
              "evaluation": 719,
              "complete_objective": null
            },
            {
              "evaluation": 720,
              "complete_objective": null
            },
            {
              "evaluation": 721,
              "complete_objective": null
            },
            {
              "evaluation": 722,
              "complete_objective": null
            },
            {
              "evaluation": 723,
              "complete_objective": null
            },
            {
              "evaluation": 724,
              "complete_objective": null
            },
            {
              "evaluation": 725,
              "complete_objective": null
            },
            {
              "evaluation": 726,
              "complete_objective": null
            },
            {
              "evaluation": 727,
              "complete_objective": null
            },
            {
              "evaluation": 728,
              "complete_objective": null
            },
            {
              "evaluation": 729,
              "complete_objective": null
            },
            {
              "evaluation": 730,
              "complete_objective": null
            },
            {
              "evaluation": 731,
              "complete_objective": null
            },
            {
              "evaluation": 732,
              "complete_objective": null
            },
            {
              "evaluation": 733,
              "complete_objective": null
            },
            {
              "evaluation": 734,
              "complete_objective": null
            },
            {
              "evaluation": 735,
              "complete_objective": null
            },
            {
              "evaluation": 736,
              "complete_objective": null
            },
            {
              "evaluation": 737,
              "complete_objective": null
            },
            {
              "evaluation": 738,
              "complete_objective": null
            },
            {
              "evaluation": 739,
              "complete_objective": null
            },
            {
              "evaluation": 740,
              "complete_objective": null
            },
            {
              "evaluation": 741,
              "complete_objective": null
            },
            {
              "evaluation": 742,
              "complete_objective": null
            },
            {
              "evaluation": 743,
              "complete_objective": null
            },
            {
              "evaluation": 744,
              "complete_objective": null
            },
            {
              "evaluation": 745,
              "complete_objective": null
            },
            {
              "evaluation": 746,
              "complete_objective": null
            },
            {
              "evaluation": 747,
              "complete_objective": null
            },
            {
              "evaluation": 748,
              "complete_objective": null
            },
            {
              "evaluation": 749,
              "complete_objective": null
            },
            {
              "evaluation": 750,
              "complete_objective": null
            },
            {
              "evaluation": 751,
              "complete_objective": null
            },
            {
              "evaluation": 752,
              "complete_objective": null
            },
            {
              "evaluation": 753,
              "complete_objective": null
            },
            {
              "evaluation": 754,
              "complete_objective": null
            },
            {
              "evaluation": 755,
              "complete_objective": null
            },
            {
              "evaluation": 756,
              "complete_objective": null
            },
            {
              "evaluation": 757,
              "complete_objective": null
            },
            {
              "evaluation": 758,
              "complete_objective": null
            },
            {
              "evaluation": 759,
              "complete_objective": null
            },
            {
              "evaluation": 760,
              "complete_objective": null
            },
            {
              "evaluation": 761,
              "complete_objective": null
            },
            {
              "evaluation": 762,
              "complete_objective": null
            },
            {
              "evaluation": 763,
              "complete_objective": null
            },
            {
              "evaluation": 764,
              "complete_objective": null
            },
            {
              "evaluation": 765,
              "complete_objective": null
            },
            {
              "evaluation": 766,
              "complete_objective": null
            },
            {
              "evaluation": 767,
              "complete_objective": null
            },
            {
              "evaluation": 768,
              "complete_objective": null
            },
            {
              "evaluation": 769,
              "complete_objective": null
            },
            {
              "evaluation": 770,
              "complete_objective": null
            },
            {
              "evaluation": 771,
              "complete_objective": null
            },
            {
              "evaluation": 772,
              "complete_objective": null
            },
            {
              "evaluation": 773,
              "complete_objective": null
            },
            {
              "evaluation": 774,
              "complete_objective": null
            },
            {
              "evaluation": 775,
              "complete_objective": null
            },
            {
              "evaluation": 776,
              "complete_objective": null
            },
            {
              "evaluation": 777,
              "complete_objective": null
            },
            {
              "evaluation": 778,
              "complete_objective": null
            },
            {
              "evaluation": 779,
              "complete_objective": null
            },
            {
              "evaluation": 780,
              "complete_objective": null
            },
            {
              "evaluation": 781,
              "complete_objective": null
            },
            {
              "evaluation": 782,
              "complete_objective": null
            },
            {
              "evaluation": 783,
              "complete_objective": null
            },
            {
              "evaluation": 784,
              "complete_objective": null
            },
            {
              "evaluation": 785,
              "complete_objective": null
            },
            {
              "evaluation": 786,
              "complete_objective": null
            },
            {
              "evaluation": 787,
              "complete_objective": null
            },
            {
              "evaluation": 788,
              "complete_objective": null
            },
            {
              "evaluation": 789,
              "complete_objective": null
            },
            {
              "evaluation": 790,
              "complete_objective": null
            },
            {
              "evaluation": 791,
              "complete_objective": null
            },
            {
              "evaluation": 792,
              "complete_objective": null
            },
            {
              "evaluation": 793,
              "complete_objective": null
            },
            {
              "evaluation": 794,
              "complete_objective": null
            },
            {
              "evaluation": 795,
              "complete_objective": null
            },
            {
              "evaluation": 796,
              "complete_objective": null
            },
            {
              "evaluation": 797,
              "complete_objective": null
            },
            {
              "evaluation": 798,
              "complete_objective": null
            },
            {
              "evaluation": 799,
              "complete_objective": null
            },
            {
              "evaluation": 800,
              "complete_objective": null
            }
          ],
          "actual_evaluations": 800,
          "candidate_exhausted_before_cap": false,
          "null_objective_count": 758
        }
      ]
    }
  ],
  "selected_per_search_pass_cap": 600,
  "selected_total_stage_cap": 1200,
  "protected_hashes": {
    "solver/src/setp_solver/cost.py": "2717b4b4de39bb4c2a9a1bda602f4420cb3e3b1e87faa83678dfa64f88fc80be",
    "solver/src/setp_solver/check.py": "9c81e254e05591667c8225965bb9d0ba4e8bbfc53eb0f8c61ffdb4325a1403a8",
    "solver/src/setp_solver/search/evaluation.py": "c7215263c39d1d5a1429b41ca8ac40d950dbdf2bdc288337e56fbe9733406fc3",
    "solver/src/setp_solver/profit.py": "216c4f16f2e26f1c2840fa272adbf1e3ccb056c3de9403dd15b71fa5edfef1dc",
    "baselines/algorithm_prototypes/china81_mechanism_hybrid_20260720/route_pool_sp.py": "976ef21d4952b3c488300de9a8d3e351411305d26f1e2601ca17c15185d462c1",
    "baselines/algorithm_prototypes/china81_mechanism_hybrid_20260720/epochal_hgs.py": "655fa347b52a3e8ac20c5da6213c84b09ac90f96c1513ca95554753aad3f8a91"
  },
  "budget_lock_sha256": "6e24f7506937ad120258179a6b76c9dc7ddd4152a129c4ce22d47646e35788a9"
}
