task_name,relative_path,sha256,size_bytes
D6-E2-STAGED__cn-cy-100c-01-V2-LOCATIONS__seed1,baselines/e2_final_campaign_20260720/corrected_china81_rerun_v7_small_archive_ledger_20260724/full_gate/tasks/D6-E2-STAGED__cn-cy-100c-01-V2-LOCATIONS__seed1/solution_witnesses.json,a4128c0fd29bae679961b7ea536848d8d6a4aaa81a03ab55f70e5a56dc34aa16,27508
D6-E2-STAGED__cn-cy-100c-01-V2-LOCATIONS__seed2,baselines/e2_final_campaign_20260720/corrected_china81_rerun_v7_small_archive_ledger_20260724/full_gate/tasks/D6-E2-STAGED__cn-cy-100c-01-V2-LOCATIONS__seed2/solution_witnesses.json,9b2f48af4f9eaf9236b4902dea4b42ed4f2b9e82a0f53d9219e210407b9ffe2a,27531
D6-E2-STAGED__cn-cy-100c-01-V2-LOCATIONS__seed3,baselines/e2_final_campaign_20260720/corrected_china81_rerun_v7_small_archive_ledger_20260724/full_gate/tasks/D6-E2-STAGED__cn-cy-100c-01-V2-LOCATIONS__seed3/solution_witnesses.json,db45849807d5abc049b40b0b836c3966a52aacad239cdc34346e904c895e6b19,27520
D6-E2-STAGED__cn-cy-100c-01-V2-LOCATIONS__seed4,baselines/e2_final_campaign_20260720/corrected_china81_rerun_v7_small_archive_ledger_20260724/full_gate/tasks/D6-E2-STAGED__cn-cy-100c-01-V2-LOCATIONS__seed4/solution_witnesses.json,31e754275d5d58860ee4596bbb81feb1977c35cecf75aa1f6e5c268afa04c1e2,27527
D6-E2-STAGED__cn-cy-100c-01-V2-LOCATIONS__seed5,baselines/e2_final_campaign_20260720/corrected_china81_rerun_v7_small_archive_ledger_20260724/full_gate/tasks/D6-E2-STAGED__cn-cy-100c-01-V2-LOCATIONS__seed5/solution_witnesses.json,8ab1a2eff20149414e8e0346e011cf3d4f88e43d06f81d6c6ed2c6ac2158a398,27530
D6-E2-STAGED__cn-cy-100c-02-V2-LOCATIONS__seed1,baselines/e2_final_campaign_20260720/corrected_china81_rerun_v7_small_archive_ledger_20260724/full_gate/tasks/D6-E2-STAGED__cn-cy-100c-02-V2-LOCATIONS__seed1/solution_witnesses.json,f8cf06b1a50f137ae17997161a05c21022baff96fe13854c69ef8162ba8dc619,20743
D6-E2-STAGED__cn-cy-100c-02-V2-LOCATIONS__seed2,baselines/e2_final_campaign_20260720/corrected_china81_rerun_v7_small_archive_ledger_20260724/full_gate/tasks/D6-E2-STAGED__cn-cy-100c-02-V2-LOCATIONS__seed2/solution_witnesses.json,a75133535fd8689e1e39b5f06dfe85b922dab58e6b34c978ae13fb577548c10c,20743
D6-E2-STAGED__cn-cy-100c-02-V2-LOCATIONS__seed3,baselines/e2_final_campaign_20260720/corrected_china81_rerun_v7_small_archive_ledger_20260724/full_gate/tasks/D6-E2-STAGED__cn-cy-100c-02-V2-LOCATIONS__seed3/solution_witnesses.json,c62cfde6b8111e8faeb0d18f6ff0c490ad86de3b6567dc5669390b32416f0832,20743
D6-E2-STAGED__cn-cy-100c-02-V2-LOCATIONS__seed4,baselines/e2_final_campaign_20260720/corrected_china81_rerun_v7_small_archive_ledger_20260724/full_gate/tasks/D6-E2-STAGED__cn-cy-100c-02-V2-LOCATIONS__seed4/solution_witnesses.json,5f6845e4df57c60bb3becebe0e3fa7d226e0aa4b33422ca68318a6d8479db322,20743
D6-E2-STAGED__cn-cy-100c-02-V2-LOCATIONS__seed5,baselines/e2_final_campaign_20260720/corrected_china81_rerun_v7_small_archive_ledger_20260724/full_gate/tasks/D6-E2-STAGED__cn-cy-100c-02-V2-LOCATIONS__seed5/solution_witnesses.json,63864629adfab039c24ee904f352483ec3d8e3863ea9a548871349a70f41c874,21675
D6-E2-STAGED__cn-cy-100c-03-V2-LOCATIONS__seed1,baselines/e2_final_campaign_20260720/corrected_china81_rerun_v7_small_archive_ledger_20260724/full_gate/tasks/D6-E2-STAGED__cn-cy-100c-03-V2-LOCATIONS__seed1/solution_witnesses.json,3662f81b957a6e8676ebecb71028e5956cf811a8965c8147d8196de799872832,21850
D6-E2-STAGED__cn-cy-100c-03-V2-LOCATIONS__seed2,baselines/e2_final_campaign_20260720/corrected_china81_rerun_v7_small_archive_ledger_20260724/full_gate/tasks/D6-E2-STAGED__cn-cy-100c-03-V2-LOCATIONS__seed2/solution_witnesses.json,5fe50399ac92ab1968dbfc08aab136005beb01181c5ff4b247ff6a02ce19a7a8,21867
D6-E2-STAGED__cn-cy-100c-03-V2-LOCATIONS__seed3,baselines/e2_final_campaign_20260720/corrected_china81_rerun_v7_small_archive_ledger_20260724/full_gate/tasks/D6-E2-STAGED__cn-cy-100c-03-V2-LOCATIONS__seed3/solution_witnesses.json,0fc8bde7a9eeeff475c35c93344fba75221e4152216ac09d318375a3e51b4e71,21867
D6-E2-STAGED__cn-cy-100c-03-V2-LOCATIONS__seed4,baselines/e2_final_campaign_20260720/corrected_china81_rerun_v7_small_archive_ledger_20260724/full_gate/tasks/D6-E2-STAGED__cn-cy-100c-03-V2-LOCATIONS__seed4/solution_witnesses.json,082a3c12e475b33869baa88085c7b4a7b3f79751879a3af09f83b01ce75a6175,21867
D6-E2-STAGED__cn-cy-100c-03-V2-LOCATIONS__seed5,baselines/e2_final_campaign_20260720/corrected_china81_rerun_v7_small_archive_ledger_20260724/full_gate/tasks/D6-E2-STAGED__cn-cy-100c-03-V2-LOCATIONS__seed5/solution_witnesses.json,9a7295286432f760ebcf9e84bca8378375f7ed6bdcc7d224af7ec16503e69d7d,21849
D6-E2-STAGED__cn-cy-10c-01-V2-LOCATIONS__seed1,baselines/e2_final_campaign_20260720/corrected_china81_rerun_v7_small_archive_ledger_20260724/full_gate/tasks/D6-E2-STAGED__cn-cy-10c-01-V2-LOCATIONS__seed1/solution_witnesses.json,651b3063b73b41941ce0d70bccaa122ec5b215996451eeee8d2d98cab96fea8f,4264
D6-E2-STAGED__cn-cy-10c-01-V2-LOCATIONS__seed2,baselines/e2_final_campaign_20260720/corrected_china81_rerun_v7_small_archive_ledger_20260724/full_gate/tasks/D6-E2-STAGED__cn-cy-10c-01-V2-LOCATIONS__seed2/solution_witnesses.json,651b3063b73b41941ce0d70bccaa122ec5b215996451eeee8d2d98cab96fea8f,4264
D6-E2-STAGED__cn-cy-10c-01-V2-LOCATIONS__seed3,baselines/e2_final_campaign_20260720/corrected_china81_rerun_v7_small_archive_ledger_20260724/full_gate/tasks/D6-E2-STAGED__cn-cy-10c-01-V2-LOCATIONS__seed3/solution_witnesses.json,6b623ab299a1ff87f2f33d25332970bfdf0340294aba0d7c0027178ca15c5e05,4264
D6-E2-STAGED__cn-cy-10c-01-V2-LOCATIONS__seed4,baselines/e2_final_campaign_20260720/corrected_china81_rerun_v7_small_archive_ledger_20260724/full_gate/tasks/D6-E2-STAGED__cn-cy-10c-01-V2-LOCATIONS__seed4/solution_witnesses.json,651b3063b73b41941ce0d70bccaa122ec5b215996451eeee8d2d98cab96fea8f,4264
D6-E2-STAGED__cn-cy-10c-01-V2-LOCATIONS__seed5,baselines/e2_final_campaign_20260720/corrected_china81_rerun_v7_small_archive_ledger_20260724/full_gate/tasks/D6-E2-STAGED__cn-cy-10c-01-V2-LOCATIONS__seed5/solution_witnesses.json,651b3063b73b41941ce0d70bccaa122ec5b215996451eeee8d2d98cab96fea8f,4264
D6-E2-STAGED__cn-cy-10c-02-V2-LOCATIONS__seed1,baselines/e2_final_campaign_20260720/corrected_china81_rerun_v7_small_archive_ledger_20260724/full_gate/tasks/D6-E2-STAGED__cn-cy-10c-02-V2-LOCATIONS__seed1/solution_witnesses.json,73d2ccecfdebb6c7af142463d357adb0fc028ebc4419e1725c53687da24b2595,2783
D6-E2-STAGED__cn-cy-10c-02-V2-LOCATIONS__seed2,baselines/e2_final_campaign_20260720/corrected_china81_rerun_v7_small_archive_ledger_20260724/full_gate/tasks/D6-E2-STAGED__cn-cy-10c-02-V2-LOCATIONS__seed2/solution_witnesses.json,72154df7bbbb8c2a5c8625c2559456d4ea981d2ed84b4391197b4fa697ceaa2e,2783
D6-E2-STAGED__cn-cy-10c-02-V2-LOCATIONS__seed3,baselines/e2_final_campaign_20260720/corrected_china81_rerun_v7_small_archive_ledger_20260724/full_gate/tasks/D6-E2-STAGED__cn-cy-10c-02-V2-LOCATIONS__seed3/solution_witnesses.json,72154df7bbbb8c2a5c8625c2559456d4ea981d2ed84b4391197b4fa697ceaa2e,2783
D6-E2-STAGED__cn-cy-10c-02-V2-LOCATIONS__seed4,baselines/e2_final_campaign_20260720/corrected_china81_rerun_v7_small_archive_ledger_20260724/full_gate/tasks/D6-E2-STAGED__cn-cy-10c-02-V2-LOCATIONS__seed4/solution_witnesses.json,73d2ccecfdebb6c7af142463d357adb0fc028ebc4419e1725c53687da24b2595,2783
D6-E2-STAGED__cn-cy-10c-02-V2-LOCATIONS__seed5,baselines/e2_final_campaign_20260720/corrected_china81_rerun_v7_small_archive_ledger_20260724/full_gate/tasks/D6-E2-STAGED__cn-cy-10c-02-V2-LOCATIONS__seed5/solution_witnesses.json,73d2ccecfdebb6c7af142463d357adb0fc028ebc4419e1725c53687da24b2595,2783
D6-E2-STAGED__cn-cy-10c-03-V2-LOCATIONS__seed1,baselines/e2_final_campaign_20260720/corrected_china81_rerun_v7_small_archive_ledger_20260724/full_gate/tasks/D6-E2-STAGED__cn-cy-10c-03-V2-LOCATIONS__seed1/solution_witnesses.json,02baf1ef06601f5c9abd9748a4527fa195c76657c6d987b4f18fa1848517e7c2,2783
D6-E2-STAGED__cn-cy-10c-03-V2-LOCATIONS__seed2,baselines/e2_final_campaign_20260720/corrected_china81_rerun_v7_small_archive_ledger_20260724/full_gate/tasks/D6-E2-STAGED__cn-cy-10c-03-V2-LOCATIONS__seed2/solution_witnesses.json,616613bf2e78698b0b7bb5312a5e712100c6216df9f3d931110b4837972d4741,2783
D6-E2-STAGED__cn-cy-10c-03-V2-LOCATIONS__seed3,baselines/e2_final_campaign_20260720/corrected_china81_rerun_v7_small_archive_ledger_20260724/full_gate/tasks/D6-E2-STAGED__cn-cy-10c-03-V2-LOCATIONS__seed3/solution_witnesses.json,616613bf2e78698b0b7bb5312a5e712100c6216df9f3d931110b4837972d4741,2783
D6-E2-STAGED__cn-cy-10c-03-V2-LOCATIONS__seed4,baselines/e2_final_campaign_20260720/corrected_china81_rerun_v7_small_archive_ledger_20260724/full_gate/tasks/D6-E2-STAGED__cn-cy-10c-03-V2-LOCATIONS__seed4/solution_witnesses.json,616613bf2e78698b0b7bb5312a5e712100c6216df9f3d931110b4837972d4741,2783
D6-E2-STAGED__cn-cy-10c-03-V2-LOCATIONS__seed5,baselines/e2_final_campaign_20260720/corrected_china81_rerun_v7_small_archive_ledger_20260724/full_gate/tasks/D6-E2-STAGED__cn-cy-10c-03-V2-LOCATIONS__seed5/solution_witnesses.json,616613bf2e78698b0b7bb5312a5e712100c6216df9f3d931110b4837972d4741,2783
D6-E2-STAGED__cn-cy-150c-01-V2-LOCATIONS__seed1,baselines/e2_final_campaign_20260720/corrected_china81_rerun_v7_small_archive_ledger_20260724/full_gate/tasks/D6-E2-STAGED__cn-cy-150c-01-V2-LOCATIONS__seed1/solution_witnesses.json,d63feb9ea7fb7f0ad5f6cf3a10890219bd95a840fc3919a3ac8240699e6f4203,33935
D6-E2-STAGED__cn-cy-150c-01-V2-LOCATIONS__seed2,baselines/e2_final_campaign_20260720/corrected_china81_rerun_v7_small_archive_ledger_20260724/full_gate/tasks/D6-E2-STAGED__cn-cy-150c-01-V2-LOCATIONS__seed2/solution_witnesses.json,287828c76c6d6bb53d508618ee6f4031f57ee4340a00b28a2c15a8629603d165,33938
D6-E2-STAGED__cn-cy-150c-01-V2-LOCATIONS__seed3,baselines/e2_final_campaign_20260720/corrected_china81_rerun_v7_small_archive_ledger_20260724/full_gate/tasks/D6-E2-STAGED__cn-cy-150c-01-V2-LOCATIONS__seed3/solution_witnesses.json,87bf63c52e330228789f7225fa8340ea07528a168aed187589bbbb6d604328ee,33963
D6-E2-STAGED__cn-cy-150c-01-V2-LOCATIONS__seed4,baselines/e2_final_campaign_20260720/corrected_china81_rerun_v7_small_archive_ledger_20260724/full_gate/tasks/D6-E2-STAGED__cn-cy-150c-01-V2-LOCATIONS__seed4/solution_witnesses.json,539177670e05a64723e19248f8aef447a951da08f74132eac23a7c8a6cb2eae5,34331
D6-E2-STAGED__cn-cy-150c-01-V2-LOCATIONS__seed5,baselines/e2_final_campaign_20260720/corrected_china81_rerun_v7_small_archive_ledger_20260724/full_gate/tasks/D6-E2-STAGED__cn-cy-150c-01-V2-LOCATIONS__seed5/solution_witnesses.json,a4704ebed54f75e2efd5c0e5e6eb701b414d2fda8eba5baa8ee513ce27e12a3a,33962
D6-E2-STAGED__cn-cy-150c-02-V2-LOCATIONS__seed1,baselines/e2_final_campaign_20260720/corrected_china81_rerun_v7_small_archive_ledger_20260724/full_gate/tasks/D6-E2-STAGED__cn-cy-150c-02-V2-LOCATIONS__seed1/solution_witnesses.json,35664b5e7a16a9eed3f6674dece8ea8cbea0df43ed1c5fc9878e8bf27e3ce59a,35535
D6-E2-STAGED__cn-cy-150c-02-V2-LOCATIONS__seed2,baselines/e2_final_campaign_20260720/corrected_china81_rerun_v7_small_archive_ledger_20260724/full_gate/tasks/D6-E2-STAGED__cn-cy-150c-02-V2-LOCATIONS__seed2/solution_witnesses.json,8b8061e3e4ace0505d90835269bb798d41e8b9511bb966f04a0453077ac033bf,35505
D6-E2-STAGED__cn-cy-150c-02-V2-LOCATIONS__seed3,baselines/e2_final_campaign_20260720/corrected_china81_rerun_v7_small_archive_ledger_20260724/full_gate/tasks/D6-E2-STAGED__cn-cy-150c-02-V2-LOCATIONS__seed3/solution_witnesses.json,d5a66bd73e6b2c145b93ade424eed08151c25a590eac64bb7e0f23f78f3e91ff,36232
D6-E2-STAGED__cn-cy-150c-02-V2-LOCATIONS__seed4,baselines/e2_final_campaign_20260720/corrected_china81_rerun_v7_small_archive_ledger_20260724/full_gate/tasks/D6-E2-STAGED__cn-cy-150c-02-V2-LOCATIONS__seed4/solution_witnesses.json,47b089d2770e8d786393653db622657ecc92b64970685fcbeb6783142adac608,35165
D6-E2-STAGED__cn-cy-150c-02-V2-LOCATIONS__seed5,baselines/e2_final_campaign_20260720/corrected_china81_rerun_v7_small_archive_ledger_20260724/full_gate/tasks/D6-E2-STAGED__cn-cy-150c-02-V2-LOCATIONS__seed5/solution_witnesses.json,41ca83623ad2a6caeeebb0519ea5a0b115765c428ce58d8d94a3b4bd8a654a1e,35165
D6-E2-STAGED__cn-cy-150c-03-V2-LOCATIONS__seed1,baselines/e2_final_campaign_20260720/corrected_china81_rerun_v7_small_archive_ledger_20260724/full_gate/tasks/D6-E2-STAGED__cn-cy-150c-03-V2-LOCATIONS__seed1/solution_witnesses.json,4e1ba9b805dbb94c6421b8691c758fb68626341d39106e715ed30d46b819504f,33758
D6-E2-STAGED__cn-cy-150c-03-V2-LOCATIONS__seed2,baselines/e2_final_campaign_20260720/corrected_china81_rerun_v7_small_archive_ledger_20260724/full_gate/tasks/D6-E2-STAGED__cn-cy-150c-03-V2-LOCATIONS__seed2/solution_witnesses.json,0d6b0d5737d400a7b434bc849925419713c013993e49b33c552c4fc7a05a5cb6,35847
D6-E2-STAGED__cn-cy-150c-03-V2-LOCATIONS__seed3,baselines/e2_final_campaign_20260720/corrected_china81_rerun_v7_small_archive_ledger_20260724/full_gate/tasks/D6-E2-STAGED__cn-cy-150c-03-V2-LOCATIONS__seed3/solution_witnesses.json,5c9898b82bf17c5a0361da41c03f05db91e806871227ce9377df2c6fafc19963,33402
D6-E2-STAGED__cn-cy-150c-03-V2-LOCATIONS__seed4,baselines/e2_final_campaign_20260720/corrected_china81_rerun_v7_small_archive_ledger_20260724/full_gate/tasks/D6-E2-STAGED__cn-cy-150c-03-V2-LOCATIONS__seed4/solution_witnesses.json,f75223f30a743be6106704ceccfbf51261d70014fa82943155eae027bc781434,34328
D6-E2-STAGED__cn-cy-150c-03-V2-LOCATIONS__seed5,baselines/e2_final_campaign_20260720/corrected_china81_rerun_v7_small_archive_ledger_20260724/full_gate/tasks/D6-E2-STAGED__cn-cy-150c-03-V2-LOCATIONS__seed5/solution_witnesses.json,f345ff83cdc39fb5f040b8a2b33430285c50c520717076a9adcb7173d544b5f3,34871
D6-E2-STAGED__cn-cy-15c-01-V2-LOCATIONS__seed1,baselines/e2_final_campaign_20260720/corrected_china81_rerun_v7_small_archive_ledger_20260724/full_gate/tasks/D6-E2-STAGED__cn-cy-15c-01-V2-LOCATIONS__seed1/solution_witnesses.json,9850324e7ccfa26f8033e9040c93e5c92415b54cb6ffaa7304fc9592925259bb,5451
D6-E2-STAGED__cn-cy-15c-01-V2-LOCATIONS__seed2,baselines/e2_final_campaign_20260720/corrected_china81_rerun_v7_small_archive_ledger_20260724/full_gate/tasks/D6-E2-STAGED__cn-cy-15c-01-V2-LOCATIONS__seed2/solution_witnesses.json,0f2a342253d85589be42ad45d6a2c0badd7c59a9e4573fdb916fa2818d1fc681,5450
D6-E2-STAGED__cn-cy-15c-01-V2-LOCATIONS__seed3,baselines/e2_final_campaign_20260720/corrected_china81_rerun_v7_small_archive_ledger_20260724/full_gate/tasks/D6-E2-STAGED__cn-cy-15c-01-V2-LOCATIONS__seed3/solution_witnesses.json,df7908199332dbf00b598db41fe47dcd7d8f3666583ac306bf6e1a0787de48f2,5451
D6-E2-STAGED__cn-cy-15c-01-V2-LOCATIONS__seed4,baselines/e2_final_campaign_20260720/corrected_china81_rerun_v7_small_archive_ledger_20260724/full_gate/tasks/D6-E2-STAGED__cn-cy-15c-01-V2-LOCATIONS__seed4/solution_witnesses.json,6b95724fc064ce8751bf05e837e3f0587b7f5cb3e82c147cc1c6bf47478d5f66,5450
D6-E2-STAGED__cn-cy-15c-01-V2-LOCATIONS__seed5,baselines/e2_final_campaign_20260720/corrected_china81_rerun_v7_small_archive_ledger_20260724/full_gate/tasks/D6-E2-STAGED__cn-cy-15c-01-V2-LOCATIONS__seed5/solution_witnesses.json,bfe231181bd9b2b5c2a6b55a5e4b2a8e782a473b455a1f59b8bb8bd5bee06059,5450
D6-E2-STAGED__cn-cy-15c-02-V2-LOCATIONS__seed1,baselines/e2_final_campaign_20260720/corrected_china81_rerun_v7_small_archive_ledger_20260724/full_gate/tasks/D6-E2-STAGED__cn-cy-15c-02-V2-LOCATIONS__seed1/solution_witnesses.json,b8235b8ebabaa88f081b169bbb6183ccd5a587d1149799abe144987b5b2fd8f3,5449
D6-E2-STAGED__cn-cy-15c-02-V2-LOCATIONS__seed2,baselines/e2_final_campaign_20260720/corrected_china81_rerun_v7_small_archive_ledger_20260724/full_gate/tasks/D6-E2-STAGED__cn-cy-15c-02-V2-LOCATIONS__seed2/solution_witnesses.json,7c10c8d71c628ce3b79f6b8994130e8e201d88c9b0532f6648b6c285919e8852,5449
D6-E2-STAGED__cn-cy-15c-02-V2-LOCATIONS__seed3,baselines/e2_final_campaign_20260720/corrected_china81_rerun_v7_small_archive_ledger_20260724/full_gate/tasks/D6-E2-STAGED__cn-cy-15c-02-V2-LOCATIONS__seed3/solution_witnesses.json,56f544871c2f0bdc88d89aafcabdafcc6596ad337a70706feb7884fc1df0b2d4,5449
D6-E2-STAGED__cn-cy-15c-02-V2-LOCATIONS__seed4,baselines/e2_final_campaign_20260720/corrected_china81_rerun_v7_small_archive_ledger_20260724/full_gate/tasks/D6-E2-STAGED__cn-cy-15c-02-V2-LOCATIONS__seed4/solution_witnesses.json,194555133efeb69f8520e27b1e1d4923132f5e10f25ae8ff7ba003fe38e31d8a,5449
D6-E2-STAGED__cn-cy-15c-02-V2-LOCATIONS__seed5,baselines/e2_final_campaign_20260720/corrected_china81_rerun_v7_small_archive_ledger_20260724/full_gate/tasks/D6-E2-STAGED__cn-cy-15c-02-V2-LOCATIONS__seed5/solution_witnesses.json,94e8651b59380633f36c9ad320449fd6467dd6976ae07c7a45ef64b1a5890e2c,5449
D6-E2-STAGED__cn-cy-15c-03-V2-LOCATIONS__seed1,baselines/e2_final_campaign_20260720/corrected_china81_rerun_v7_small_archive_ledger_20260724/full_gate/tasks/D6-E2-STAGED__cn-cy-15c-03-V2-LOCATIONS__seed1/solution_witnesses.json,3d7acb977d66d9eb5a50ef45295e8e567d35e02809842dbd4c05b77e1e051725,5451
D6-E2-STAGED__cn-cy-15c-03-V2-LOCATIONS__seed2,baselines/e2_final_campaign_20260720/corrected_china81_rerun_v7_small_archive_ledger_20260724/full_gate/tasks/D6-E2-STAGED__cn-cy-15c-03-V2-LOCATIONS__seed2/solution_witnesses.json,f0f0a2ae0dba8c075de6a243b1a1a74a6f0212b907dbe2f5e55814d92148d99a,5451
D6-E2-STAGED__cn-cy-15c-03-V2-LOCATIONS__seed3,baselines/e2_final_campaign_20260720/corrected_china81_rerun_v7_small_archive_ledger_20260724/full_gate/tasks/D6-E2-STAGED__cn-cy-15c-03-V2-LOCATIONS__seed3/solution_witnesses.json,9a21edcdcf9f2de34efbacc8be68e0aa894f30950ddcbce14bbd456d4bf5f610,5451
D6-E2-STAGED__cn-cy-15c-03-V2-LOCATIONS__seed4,baselines/e2_final_campaign_20260720/corrected_china81_rerun_v7_small_archive_ledger_20260724/full_gate/tasks/D6-E2-STAGED__cn-cy-15c-03-V2-LOCATIONS__seed4/solution_witnesses.json,9f8f576f4a0b70e907f50a91e65e26a398a8a61fedaf4b09d1853603486250f4,5451
D6-E2-STAGED__cn-cy-15c-03-V2-LOCATIONS__seed5,baselines/e2_final_campaign_20260720/corrected_china81_rerun_v7_small_archive_ledger_20260724/full_gate/tasks/D6-E2-STAGED__cn-cy-15c-03-V2-LOCATIONS__seed5/solution_witnesses.json,6c8ca2171e9af54ab681728a0c60c7d5072ef6093b75bd5c509df471c63f7a4f,5451
D6-E2-STAGED__cn-cy-200c-01-V2-LOCATIONS__seed1,baselines/e2_final_campaign_20260720/corrected_china81_rerun_v7_small_archive_ledger_20260724/full_gate/tasks/D6-E2-STAGED__cn-cy-200c-01-V2-LOCATIONS__seed1/solution_witnesses.json,c1ec2cb7014ff1d55c99e7b0fa0cd0d5fcbf6c427c6177d059bd2950162281e9,41111
D6-E2-STAGED__cn-cy-200c-01-V2-LOCATIONS__seed2,baselines/e2_final_campaign_20260720/corrected_china81_rerun_v7_small_archive_ledger_20260724/full_gate/tasks/D6-E2-STAGED__cn-cy-200c-01-V2-LOCATIONS__seed2/solution_witnesses.json,eab5cefb28ec51bf2eecafd88ad13c67ae13a15aecdd317d9459988199f36eef,42056
D6-E2-STAGED__cn-cy-200c-01-V2-LOCATIONS__seed3,baselines/e2_final_campaign_20260720/corrected_china81_rerun_v7_small_archive_ledger_20260724/full_gate/tasks/D6-E2-STAGED__cn-cy-200c-01-V2-LOCATIONS__seed3/solution_witnesses.json,ab66c5cd8c7867c5e7de457c3f6cab718c9b239498455a2a5cab7cf3d23ce288,41111
D6-E2-STAGED__cn-cy-200c-01-V2-LOCATIONS__seed4,baselines/e2_final_campaign_20260720/corrected_china81_rerun_v7_small_archive_ledger_20260724/full_gate/tasks/D6-E2-STAGED__cn-cy-200c-01-V2-LOCATIONS__seed4/solution_witnesses.json,4c48d785a61dca73a3f393998740c3d728bb3608f3579c416fe36deec5fce47d,41111
D6-E2-STAGED__cn-cy-200c-01-V2-LOCATIONS__seed5,baselines/e2_final_campaign_20260720/corrected_china81_rerun_v7_small_archive_ledger_20260724/full_gate/tasks/D6-E2-STAGED__cn-cy-200c-01-V2-LOCATIONS__seed5/solution_witnesses.json,cf4dba91d6f52c51dc713f4f2f120b081d5ae6da9779ec9cb3440f2ab07768ed,42071
D6-E2-STAGED__cn-cy-200c-02-V2-LOCATIONS__seed1,baselines/e2_final_campaign_20260720/corrected_china81_rerun_v7_small_archive_ledger_20260724/full_gate/tasks/D6-E2-STAGED__cn-cy-200c-02-V2-LOCATIONS__seed1/solution_witnesses.json,d470c3205a1827dd080a37ad81e3a36a1de0e97fc7076bb15fe44a4736ab0abb,42046
D6-E2-STAGED__cn-cy-200c-02-V2-LOCATIONS__seed2,baselines/e2_final_campaign_20260720/corrected_china81_rerun_v7_small_archive_ledger_20260724/full_gate/tasks/D6-E2-STAGED__cn-cy-200c-02-V2-LOCATIONS__seed2/solution_witnesses.json,2e025acaf9908fccd959b9b90482793a48f5711655daad66879b9307c3e97895,41111
D6-E2-STAGED__cn-cy-200c-02-V2-LOCATIONS__seed3,baselines/e2_final_campaign_20260720/corrected_china81_rerun_v7_small_archive_ledger_20260724/full_gate/tasks/D6-E2-STAGED__cn-cy-200c-02-V2-LOCATIONS__seed3/solution_witnesses.json,58e5035b1ddb6385546f40e7183b04799e34b8cd91cfb83e6a12d3633061aa59,41111
D6-E2-STAGED__cn-cy-200c-02-V2-LOCATIONS__seed4,baselines/e2_final_campaign_20260720/corrected_china81_rerun_v7_small_archive_ledger_20260724/full_gate/tasks/D6-E2-STAGED__cn-cy-200c-02-V2-LOCATIONS__seed4/solution_witnesses.json,3811bbbe8f1d0cac4a0b0980e0beebb2c095c42aac95fa17366b0b089b6dbbe7,41111
D6-E2-STAGED__cn-cy-200c-02-V2-LOCATIONS__seed5,baselines/e2_final_campaign_20260720/corrected_china81_rerun_v7_small_archive_ledger_20260724/full_gate/tasks/D6-E2-STAGED__cn-cy-200c-02-V2-LOCATIONS__seed5/solution_witnesses.json,ae8f18c0cc9191251796aeb08ff5b2f15f4743dbfd34c3579ef9dd0cbfe6481c,41111
D6-E2-STAGED__cn-cy-200c-03-V2-LOCATIONS__seed1,baselines/e2_final_campaign_20260720/corrected_china81_rerun_v7_small_archive_ledger_20260724/full_gate/tasks/D6-E2-STAGED__cn-cy-200c-03-V2-LOCATIONS__seed1/solution_witnesses.json,d1dbacb5990dd887885ae64bc66c76a9329f79a268ea468791cbed54b6eba5a2,41976
D6-E2-STAGED__cn-cy-200c-03-V2-LOCATIONS__seed2,baselines/e2_final_campaign_20260720/corrected_china81_rerun_v7_small_archive_ledger_20260724/full_gate/tasks/D6-E2-STAGED__cn-cy-200c-03-V2-LOCATIONS__seed2/solution_witnesses.json,9d1ad7fe00eb800577da718baeeaf09a1239b519c70151c32dc8f9a3004122b6,41943
D6-E2-STAGED__cn-cy-200c-03-V2-LOCATIONS__seed3,baselines/e2_final_campaign_20260720/corrected_china81_rerun_v7_small_archive_ledger_20260724/full_gate/tasks/D6-E2-STAGED__cn-cy-200c-03-V2-LOCATIONS__seed3/solution_witnesses.json,7ff9052626b4916739006038683b4afcb540a64be0a04f93975125741c4d1758,41943
D6-E2-STAGED__cn-cy-200c-03-V2-LOCATIONS__seed4,baselines/e2_final_campaign_20260720/corrected_china81_rerun_v7_small_archive_ledger_20260724/full_gate/tasks/D6-E2-STAGED__cn-cy-200c-03-V2-LOCATIONS__seed4/solution_witnesses.json,babc9f8740a287b21d3e9747b68d67ef832204c0a7873b51021c9250c8269199,41976
D6-E2-STAGED__cn-cy-200c-03-V2-LOCATIONS__seed5,baselines/e2_final_campaign_20260720/corrected_china81_rerun_v7_small_archive_ledger_20260724/full_gate/tasks/D6-E2-STAGED__cn-cy-200c-03-V2-LOCATIONS__seed5/solution_witnesses.json,e952c846a48c8e0bfde9f441184bd9a9c87800377664f8b6e3916320e842e1e2,41943
D6-E2-STAGED__cn-cy-20c-01-V2-LOCATIONS__seed1,baselines/e2_final_campaign_20260720/corrected_china81_rerun_v7_small_archive_ledger_20260724/full_gate/tasks/D6-E2-STAGED__cn-cy-20c-01-V2-LOCATIONS__seed1/solution_witnesses.json,02279b61b7d4cf1c9aacd3bb9536e10cf07e1a1ec4e157f81a690a53bdf6abce,6643
D6-E2-STAGED__cn-cy-20c-01-V2-LOCATIONS__seed2,baselines/e2_final_campaign_20260720/corrected_china81_rerun_v7_small_archive_ledger_20260724/full_gate/tasks/D6-E2-STAGED__cn-cy-20c-01-V2-LOCATIONS__seed2/solution_witnesses.json,620bcb1dde04013878d70160e2e2f219340bd638b2c3839c072f83ee80070a78,6643
D6-E2-STAGED__cn-cy-20c-01-V2-LOCATIONS__seed3,baselines/e2_final_campaign_20260720/corrected_china81_rerun_v7_small_archive_ledger_20260724/full_gate/tasks/D6-E2-STAGED__cn-cy-20c-01-V2-LOCATIONS__seed3/solution_witnesses.json,d9d300056adaac7ec9312d102c3a742193e30a3e49d7bee21b2604f5e20ac9f8,6643
D6-E2-STAGED__cn-cy-20c-01-V2-LOCATIONS__seed4,baselines/e2_final_campaign_20260720/corrected_china81_rerun_v7_small_archive_ledger_20260724/full_gate/tasks/D6-E2-STAGED__cn-cy-20c-01-V2-LOCATIONS__seed4/solution_witnesses.json,62611cb290836c98feeec50e01312a1ccc8662185517393432b174d837da99c7,6643
D6-E2-STAGED__cn-cy-20c-01-V2-LOCATIONS__seed5,baselines/e2_final_campaign_20260720/corrected_china81_rerun_v7_small_archive_ledger_20260724/full_gate/tasks/D6-E2-STAGED__cn-cy-20c-01-V2-LOCATIONS__seed5/solution_witnesses.json,c04f559b26e34a65e2d1004f9cf25cb5f5daf153d52632af3d92f7d117882789,6643
D6-E2-STAGED__cn-cy-20c-02-V2-LOCATIONS__seed1,baselines/e2_final_campaign_20260720/corrected_china81_rerun_v7_small_archive_ledger_20260724/full_gate/tasks/D6-E2-STAGED__cn-cy-20c-02-V2-LOCATIONS__seed1/solution_witnesses.json,6218e28c55f465259388922eb538af8233da6df970e6322788ab4784818aa1a2,6648
D6-E2-STAGED__cn-cy-20c-02-V2-LOCATIONS__seed2,baselines/e2_final_campaign_20260720/corrected_china81_rerun_v7_small_archive_ledger_20260724/full_gate/tasks/D6-E2-STAGED__cn-cy-20c-02-V2-LOCATIONS__seed2/solution_witnesses.json,6218e28c55f465259388922eb538af8233da6df970e6322788ab4784818aa1a2,6648
D6-E2-STAGED__cn-cy-20c-02-V2-LOCATIONS__seed3,baselines/e2_final_campaign_20260720/corrected_china81_rerun_v7_small_archive_ledger_20260724/full_gate/tasks/D6-E2-STAGED__cn-cy-20c-02-V2-LOCATIONS__seed3/solution_witnesses.json,6113a1898c93da4b40ec63d9bd9f488065e44ab170a63cf655d0900e78e7b8e2,6648
D6-E2-STAGED__cn-cy-20c-02-V2-LOCATIONS__seed4,baselines/e2_final_campaign_20260720/corrected_china81_rerun_v7_small_archive_ledger_20260724/full_gate/tasks/D6-E2-STAGED__cn-cy-20c-02-V2-LOCATIONS__seed4/solution_witnesses.json,f59deb16fc4785aad168fbb1e964398b543418d22f53cf34b7fe31cb679390a1,6648
D6-E2-STAGED__cn-cy-20c-02-V2-LOCATIONS__seed5,baselines/e2_final_campaign_20260720/corrected_china81_rerun_v7_small_archive_ledger_20260724/full_gate/tasks/D6-E2-STAGED__cn-cy-20c-02-V2-LOCATIONS__seed5/solution_witnesses.json,4f1eb9bb7049f1860a07b8763f63d4305629263d7da4da477b646a0707f15647,6648
D6-E2-STAGED__cn-cy-20c-03-V2-LOCATIONS__seed1,baselines/e2_final_campaign_20260720/corrected_china81_rerun_v7_small_archive_ledger_20260724/full_gate/tasks/D6-E2-STAGED__cn-cy-20c-03-V2-LOCATIONS__seed1/solution_witnesses.json,80dd09301de2a4bf845ef5178beb49954e3b01cd0cca1130ee6b1ed572614685,6648
D6-E2-STAGED__cn-cy-20c-03-V2-LOCATIONS__seed2,baselines/e2_final_campaign_20260720/corrected_china81_rerun_v7_small_archive_ledger_20260724/full_gate/tasks/D6-E2-STAGED__cn-cy-20c-03-V2-LOCATIONS__seed2/solution_witnesses.json,3c5b431f811bb701e195e1a4c459a86144bcd30dd8a0e74fe54af80efcd553ab,6648
D6-E2-STAGED__cn-cy-20c-03-V2-LOCATIONS__seed3,baselines/e2_final_campaign_20260720/corrected_china81_rerun_v7_small_archive_ledger_20260724/full_gate/tasks/D6-E2-STAGED__cn-cy-20c-03-V2-LOCATIONS__seed3/solution_witnesses.json,15f823c0380e6715da735f2aad6366cbd3ed089f694c0f6729936622e8b8818b,6648
D6-E2-STAGED__cn-cy-20c-03-V2-LOCATIONS__seed4,baselines/e2_final_campaign_20260720/corrected_china81_rerun_v7_small_archive_ledger_20260724/full_gate/tasks/D6-E2-STAGED__cn-cy-20c-03-V2-LOCATIONS__seed4/solution_witnesses.json,3dfd30ea86924b3833cb7a05ae0004b7bdecb154e9c426d86952166dd88461e4,6648
D6-E2-STAGED__cn-cy-20c-03-V2-LOCATIONS__seed5,baselines/e2_final_campaign_20260720/corrected_china81_rerun_v7_small_archive_ledger_20260724/full_gate/tasks/D6-E2-STAGED__cn-cy-20c-03-V2-LOCATIONS__seed5/solution_witnesses.json,fd1a364f75dad80355beaea9c2c0c0e5273576bb494775b7364864a044355234,6648
D6-E2-STAGED__cn-cy-25c-01-V2-LOCATIONS__seed1,baselines/e2_final_campaign_20260720/corrected_china81_rerun_v7_small_archive_ledger_20260724/full_gate/tasks/D6-E2-STAGED__cn-cy-25c-01-V2-LOCATIONS__seed1/solution_witnesses.json,f532e3548d6c9c72d3707d2f27e6cd99abf95dafcc18927dd3c3ec2eadc6dd7e,7008
D6-E2-STAGED__cn-cy-25c-01-V2-LOCATIONS__seed2,baselines/e2_final_campaign_20260720/corrected_china81_rerun_v7_small_archive_ledger_20260724/full_gate/tasks/D6-E2-STAGED__cn-cy-25c-01-V2-LOCATIONS__seed2/solution_witnesses.json,9d6ab2aea5079e3ac3af87aabcb8dfc77c1a5e4f42507edea31fdeca4e1b1c65,7008
D6-E2-STAGED__cn-cy-25c-01-V2-LOCATIONS__seed3,baselines/e2_final_campaign_20260720/corrected_china81_rerun_v7_small_archive_ledger_20260724/full_gate/tasks/D6-E2-STAGED__cn-cy-25c-01-V2-LOCATIONS__seed3/solution_witnesses.json,3e73fed6f898e5ee48457b86ca11afc5d08c29fa94c833e3c8bc6b789ae199c1,7008
D6-E2-STAGED__cn-cy-25c-01-V2-LOCATIONS__seed4,baselines/e2_final_campaign_20260720/corrected_china81_rerun_v7_small_archive_ledger_20260724/full_gate/tasks/D6-E2-STAGED__cn-cy-25c-01-V2-LOCATIONS__seed4/solution_witnesses.json,6ee6a329411db6aacf74b2f72a65845cd95260dafd147c62b1c586096721b810,7008
D6-E2-STAGED__cn-cy-25c-01-V2-LOCATIONS__seed5,baselines/e2_final_campaign_20260720/corrected_china81_rerun_v7_small_archive_ledger_20260724/full_gate/tasks/D6-E2-STAGED__cn-cy-25c-01-V2-LOCATIONS__seed5/solution_witnesses.json,bc99e6aca8cb7ee59c4897a449fb40eaf342734e3c96fc86501d7d641ff50069,7008
D6-E2-STAGED__cn-cy-25c-02-V2-LOCATIONS__seed1,baselines/e2_final_campaign_20260720/corrected_china81_rerun_v7_small_archive_ledger_20260724/full_gate/tasks/D6-E2-STAGED__cn-cy-25c-02-V2-LOCATIONS__seed1/solution_witnesses.json,79efbec58c81100105a4cbe0895c7d02f6344655a4e01dfadacfffea5c255ea4,5527
D6-E2-STAGED__cn-cy-25c-02-V2-LOCATIONS__seed2,baselines/e2_final_campaign_20260720/corrected_china81_rerun_v7_small_archive_ledger_20260724/full_gate/tasks/D6-E2-STAGED__cn-cy-25c-02-V2-LOCATIONS__seed2/solution_witnesses.json,9ad3ebbf898919353e9128375cad5ba0cc091e7c2e08d4b4beb8cf97b86aa0a5,6472
D6-E2-STAGED__cn-cy-25c-02-V2-LOCATIONS__seed3,baselines/e2_final_campaign_20260720/corrected_china81_rerun_v7_small_archive_ledger_20260724/full_gate/tasks/D6-E2-STAGED__cn-cy-25c-02-V2-LOCATIONS__seed3/solution_witnesses.json,8e9024829a19e459a9d6e813f6da358707be39bfba7b31d4c7ce3d0e27f5b1a9,6472
D6-E2-STAGED__cn-cy-25c-02-V2-LOCATIONS__seed4,baselines/e2_final_campaign_20260720/corrected_china81_rerun_v7_small_archive_ledger_20260724/full_gate/tasks/D6-E2-STAGED__cn-cy-25c-02-V2-LOCATIONS__seed4/solution_witnesses.json,011988142adba3fcb2aecd81beb3023a01dafd1d157bdb15c5c4f459271b7ed5,5531
D6-E2-STAGED__cn-cy-25c-02-V2-LOCATIONS__seed5,baselines/e2_final_campaign_20260720/corrected_china81_rerun_v7_small_archive_ledger_20260724/full_gate/tasks/D6-E2-STAGED__cn-cy-25c-02-V2-LOCATIONS__seed5/solution_witnesses.json,6dbb58fd662c3e4720e49bcbbe244a433c88bf36ab36c4d6416aae07f996ee9f,6476
D6-E2-STAGED__cn-cy-25c-03-V2-LOCATIONS__seed1,baselines/e2_final_campaign_20260720/corrected_china81_rerun_v7_small_archive_ledger_20260724/full_gate/tasks/D6-E2-STAGED__cn-cy-25c-03-V2-LOCATIONS__seed1/solution_witnesses.json,0770efa07d46ee3255cac4b1baca61ee4a8934ba2539f1c577bbbd98b6c52a17,8943
D6-E2-STAGED__cn-cy-25c-03-V2-LOCATIONS__seed2,baselines/e2_final_campaign_20260720/corrected_china81_rerun_v7_small_archive_ledger_20260724/full_gate/tasks/D6-E2-STAGED__cn-cy-25c-03-V2-LOCATIONS__seed2/solution_witnesses.json,c9b65ca6c2d002278da1e2329bbdb04c06ec2732a30e57141e7a0c938a00c4ea,8943
D6-E2-STAGED__cn-cy-25c-03-V2-LOCATIONS__seed3,baselines/e2_final_campaign_20260720/corrected_china81_rerun_v7_small_archive_ledger_20260724/full_gate/tasks/D6-E2-STAGED__cn-cy-25c-03-V2-LOCATIONS__seed3/solution_witnesses.json,52db677fda72be7210d7fdc82ecbc4e44ce7c0593935060bf76847eb0e400be4,8943
D6-E2-STAGED__cn-cy-25c-03-V2-LOCATIONS__seed4,baselines/e2_final_campaign_20260720/corrected_china81_rerun_v7_small_archive_ledger_20260724/full_gate/tasks/D6-E2-STAGED__cn-cy-25c-03-V2-LOCATIONS__seed4/solution_witnesses.json,75f79a931699d42016c33e03616374a3862b118faf5a95fb2053cbc38751579a,8943
D6-E2-STAGED__cn-cy-25c-03-V2-LOCATIONS__seed5,baselines/e2_final_campaign_20260720/corrected_china81_rerun_v7_small_archive_ledger_20260724/full_gate/tasks/D6-E2-STAGED__cn-cy-25c-03-V2-LOCATIONS__seed5/solution_witnesses.json,fd6e7501cb0080ac45044e6bb91e091dc82765fde5dcfaa644e280c5805d97b7,8943
D6-E2-STAGED__cn-cy-50c-01-V2-LOCATIONS__seed1,baselines/e2_final_campaign_20260720/corrected_china81_rerun_v7_small_archive_ledger_20260724/full_gate/tasks/D6-E2-STAGED__cn-cy-50c-01-V2-LOCATIONS__seed1/solution_witnesses.json,4abe75648d2838cdb20997e6db111f5c0b3e191433726a1fd66a78ed16eeb5f8,13596
D6-E2-STAGED__cn-cy-50c-01-V2-LOCATIONS__seed2,baselines/e2_final_campaign_20260720/corrected_china81_rerun_v7_small_archive_ledger_20260724/full_gate/tasks/D6-E2-STAGED__cn-cy-50c-01-V2-LOCATIONS__seed2/solution_witnesses.json,ff63c2ba7585ecd724850b99053789d332c5d7abfb04cd61dc5cc156cb659c24,13596
D6-E2-STAGED__cn-cy-50c-01-V2-LOCATIONS__seed3,baselines/e2_final_campaign_20260720/corrected_china81_rerun_v7_small_archive_ledger_20260724/full_gate/tasks/D6-E2-STAGED__cn-cy-50c-01-V2-LOCATIONS__seed3/solution_witnesses.json,74ca8df4fc5a3e7054c3f32f3103d28e0e052c67ec7081dfb61d234ad2193da7,13596
D6-E2-STAGED__cn-cy-50c-01-V2-LOCATIONS__seed4,baselines/e2_final_campaign_20260720/corrected_china81_rerun_v7_small_archive_ledger_20260724/full_gate/tasks/D6-E2-STAGED__cn-cy-50c-01-V2-LOCATIONS__seed4/solution_witnesses.json,b8fb1d30a97d4a9ca7fa490aa3ad99c2facfab5bb89225dfe3ca583ecdcd9f71,13596
D6-E2-STAGED__cn-cy-50c-01-V2-LOCATIONS__seed5,baselines/e2_final_campaign_20260720/corrected_china81_rerun_v7_small_archive_ledger_20260724/full_gate/tasks/D6-E2-STAGED__cn-cy-50c-01-V2-LOCATIONS__seed5/solution_witnesses.json,700040bd6e188478def38ce37b2111bbd689bdb2f9a59c7a7344ae60439ad857,13596
D6-E2-STAGED__cn-cy-50c-02-V2-LOCATIONS__seed1,baselines/e2_final_campaign_20260720/corrected_china81_rerun_v7_small_archive_ledger_20260724/full_gate/tasks/D6-E2-STAGED__cn-cy-50c-02-V2-LOCATIONS__seed1/solution_witnesses.json,d38da4fc152bae9176efe57406db8b76354d08a38087daf6c246aa3322500c2d,15418
D6-E2-STAGED__cn-cy-50c-02-V2-LOCATIONS__seed2,baselines/e2_final_campaign_20260720/corrected_china81_rerun_v7_small_archive_ledger_20260724/full_gate/tasks/D6-E2-STAGED__cn-cy-50c-02-V2-LOCATIONS__seed2/solution_witnesses.json,fa8b30c7089fdb7782c0842e09668f0aac8359119e19a269076280a35ebf9f2d,15418
D6-E2-STAGED__cn-cy-50c-02-V2-LOCATIONS__seed3,baselines/e2_final_campaign_20260720/corrected_china81_rerun_v7_small_archive_ledger_20260724/full_gate/tasks/D6-E2-STAGED__cn-cy-50c-02-V2-LOCATIONS__seed3/solution_witnesses.json,fba67baeda4d64013c0a1b07b69767ae80123d29b3eecd97c28b991ebf4ee613,15418
D6-E2-STAGED__cn-cy-50c-02-V2-LOCATIONS__seed4,baselines/e2_final_campaign_20260720/corrected_china81_rerun_v7_small_archive_ledger_20260724/full_gate/tasks/D6-E2-STAGED__cn-cy-50c-02-V2-LOCATIONS__seed4/solution_witnesses.json,3497899206e4248252afe05306736788748797442b261d854f925c83eb8bb8ab,15418
D6-E2-STAGED__cn-cy-50c-02-V2-LOCATIONS__seed5,baselines/e2_final_campaign_20260720/corrected_china81_rerun_v7_small_archive_ledger_20260724/full_gate/tasks/D6-E2-STAGED__cn-cy-50c-02-V2-LOCATIONS__seed5/solution_witnesses.json,e8fd5443c48928aa3f44832d951500515c3cf26e2004816ac609581b3f063488,15418
D6-E2-STAGED__cn-cy-50c-03-V2-LOCATIONS__seed1,baselines/e2_final_campaign_20260720/corrected_china81_rerun_v7_small_archive_ledger_20260724/full_gate/tasks/D6-E2-STAGED__cn-cy-50c-03-V2-LOCATIONS__seed1/solution_witnesses.json,5d931df9b698d9e54be5dd1e0c7accea7675bb34cdbe11b0f19414db0a071485,12861
D6-E2-STAGED__cn-cy-50c-03-V2-LOCATIONS__seed2,baselines/e2_final_campaign_20260720/corrected_china81_rerun_v7_small_archive_ledger_20260724/full_gate/tasks/D6-E2-STAGED__cn-cy-50c-03-V2-LOCATIONS__seed2/solution_witnesses.json,f91ddaaaf9dd7ed0f473521ce33cb7df9b71f0019c4156ce7dc834308f3b260a,12861
D6-E2-STAGED__cn-cy-50c-03-V2-LOCATIONS__seed3,baselines/e2_final_campaign_20260720/corrected_china81_rerun_v7_small_archive_ledger_20260724/full_gate/tasks/D6-E2-STAGED__cn-cy-50c-03-V2-LOCATIONS__seed3/solution_witnesses.json,e8cfaa37f07e98f0fec6cde9e92cb122b3174a4dd420136737d55a0c68debb37,12861
D6-E2-STAGED__cn-cy-50c-03-V2-LOCATIONS__seed4,baselines/e2_final_campaign_20260720/corrected_china81_rerun_v7_small_archive_ledger_20260724/full_gate/tasks/D6-E2-STAGED__cn-cy-50c-03-V2-LOCATIONS__seed4/solution_witnesses.json,dca17c5933676bf3daa6bc58c97e6514149bba784e0adeee142e78abbaca58db,12861
D6-E2-STAGED__cn-cy-50c-03-V2-LOCATIONS__seed5,baselines/e2_final_campaign_20260720/corrected_china81_rerun_v7_small_archive_ledger_20260724/full_gate/tasks/D6-E2-STAGED__cn-cy-50c-03-V2-LOCATIONS__seed5/solution_witnesses.json,a7dd8dae35e691bdd435784e4bdb9bf8305d19d19970a5eae186bc5cb303574e,12861
D6-E2-STAGED__cn-cy-75c-01-V2-LOCATIONS__seed1,baselines/e2_final_campaign_20260720/corrected_china81_rerun_v7_small_archive_ledger_20260724/full_gate/tasks/D6-E2-STAGED__cn-cy-75c-01-V2-LOCATIONS__seed1/solution_witnesses.json,b844ef376c54dd9141a207381c1678d253dc30b1eb9f0c4d5965edb8d9556efc,17865
D6-E2-STAGED__cn-cy-75c-01-V2-LOCATIONS__seed2,baselines/e2_final_campaign_20260720/corrected_china81_rerun_v7_small_archive_ledger_20260724/full_gate/tasks/D6-E2-STAGED__cn-cy-75c-01-V2-LOCATIONS__seed2/solution_witnesses.json,278f3d6b8fed458cab25e9b0a15be0c4ca4c22ad20b8a04455fd020e6e566ae6,17865
D6-E2-STAGED__cn-cy-75c-01-V2-LOCATIONS__seed3,baselines/e2_final_campaign_20260720/corrected_china81_rerun_v7_small_archive_ledger_20260724/full_gate/tasks/D6-E2-STAGED__cn-cy-75c-01-V2-LOCATIONS__seed3/solution_witnesses.json,e019c3443a1f1d69f3f0d6ee4ecd7023c1b1b91ff7b2490903f27c6c7f4ea657,17865
D6-E2-STAGED__cn-cy-75c-01-V2-LOCATIONS__seed4,baselines/e2_final_campaign_20260720/corrected_china81_rerun_v7_small_archive_ledger_20260724/full_gate/tasks/D6-E2-STAGED__cn-cy-75c-01-V2-LOCATIONS__seed4/solution_witnesses.json,4bdd8ae1fd4fd0ec26298012f26aa7ec4c44ee408badfa954d58992712ed03e2,17865
D6-E2-STAGED__cn-cy-75c-01-V2-LOCATIONS__seed5,baselines/e2_final_campaign_20260720/corrected_china81_rerun_v7_small_archive_ledger_20260724/full_gate/tasks/D6-E2-STAGED__cn-cy-75c-01-V2-LOCATIONS__seed5/solution_witnesses.json,58884300c133ce34d039be656340383458ef312ba4e98592a4c08a979799f4f9,17865
D6-E2-STAGED__cn-cy-75c-02-V2-LOCATIONS__seed1,baselines/e2_final_campaign_20260720/corrected_china81_rerun_v7_small_archive_ledger_20260724/full_gate/tasks/D6-E2-STAGED__cn-cy-75c-02-V2-LOCATIONS__seed1/solution_witnesses.json,5960f35b0cb36784a90413d79d5e3da9ddeee8c3375cdffb056a7c22c38cf1b5,18670
D6-E2-STAGED__cn-cy-75c-02-V2-LOCATIONS__seed2,baselines/e2_final_campaign_20260720/corrected_china81_rerun_v7_small_archive_ledger_20260724/full_gate/tasks/D6-E2-STAGED__cn-cy-75c-02-V2-LOCATIONS__seed2/solution_witnesses.json,09ea0f131d95b2df012e91e25149950d2fa242eb4f4fd39392cb1a40631187b5,18670
D6-E2-STAGED__cn-cy-75c-02-V2-LOCATIONS__seed3,baselines/e2_final_campaign_20260720/corrected_china81_rerun_v7_small_archive_ledger_20260724/full_gate/tasks/D6-E2-STAGED__cn-cy-75c-02-V2-LOCATIONS__seed3/solution_witnesses.json,142f3689cfc47e598cd1711a17a4b59e9527db57253bc6fe591e5b0b41769caa,18670
D6-E2-STAGED__cn-cy-75c-02-V2-LOCATIONS__seed4,baselines/e2_final_campaign_20260720/corrected_china81_rerun_v7_small_archive_ledger_20260724/full_gate/tasks/D6-E2-STAGED__cn-cy-75c-02-V2-LOCATIONS__seed4/solution_witnesses.json,ac4b2da70bea7cf7cb4638336fe9851ae877802a55d7e21935eafe3629f10262,18670
D6-E2-STAGED__cn-cy-75c-02-V2-LOCATIONS__seed5,baselines/e2_final_campaign_20260720/corrected_china81_rerun_v7_small_archive_ledger_20260724/full_gate/tasks/D6-E2-STAGED__cn-cy-75c-02-V2-LOCATIONS__seed5/solution_witnesses.json,dd29ffdd65dd8690ac76d21b08d18dc0fa73634e5cd26227a07592de5c1c131a,18685
D6-E2-STAGED__cn-cy-75c-03-V2-LOCATIONS__seed1,baselines/e2_final_campaign_20260720/corrected_china81_rerun_v7_small_archive_ledger_20260724/full_gate/tasks/D6-E2-STAGED__cn-cy-75c-03-V2-LOCATIONS__seed1/solution_witnesses.json,5e52feb5f821da0e482596f7569b775d92b0563f27bec768867a06e05bf73439,16770
D6-E2-STAGED__cn-cy-75c-03-V2-LOCATIONS__seed2,baselines/e2_final_campaign_20260720/corrected_china81_rerun_v7_small_archive_ledger_20260724/full_gate/tasks/D6-E2-STAGED__cn-cy-75c-03-V2-LOCATIONS__seed2/solution_witnesses.json,227fbfab4b1edff8b4428160c54acfd654ee2f705edaa8d140aa889efae714ec,16770
D6-E2-STAGED__cn-cy-75c-03-V2-LOCATIONS__seed3,baselines/e2_final_campaign_20260720/corrected_china81_rerun_v7_small_archive_ledger_20260724/full_gate/tasks/D6-E2-STAGED__cn-cy-75c-03-V2-LOCATIONS__seed3/solution_witnesses.json,65a9a5a2ad1d2f40370ec5050904f32b04a0e8046fb14a00adf34c8f6468011d,16767
D6-E2-STAGED__cn-cy-75c-03-V2-LOCATIONS__seed4,baselines/e2_final_campaign_20260720/corrected_china81_rerun_v7_small_archive_ledger_20260724/full_gate/tasks/D6-E2-STAGED__cn-cy-75c-03-V2-LOCATIONS__seed4/solution_witnesses.json,eb68c4cdace8c9de2ad74e5ad4f3075de95bad61db71e2d4554198f52d7b2dec,16767
D6-E2-STAGED__cn-cy-75c-03-V2-LOCATIONS__seed5,baselines/e2_final_campaign_20260720/corrected_china81_rerun_v7_small_archive_ledger_20260724/full_gate/tasks/D6-E2-STAGED__cn-cy-75c-03-V2-LOCATIONS__seed5/solution_witnesses.json,70fde15615aa08c41c230e6c8340dbecf73c25db625a6950d36c9538b184c6fd,16767
D6-E2-STAGED__cn-jjj-100c-01-V2-LOCATIONS__seed1,baselines/e2_final_campaign_20260720/corrected_china81_rerun_v7_small_archive_ledger_20260724/full_gate/tasks/D6-E2-STAGED__cn-jjj-100c-01-V2-LOCATIONS__seed1/solution_witnesses.json,0638b7e35fd9b60db9dff23d5e03296b4433670df87b784eb2cf7a6ea586306e,26478
D6-E2-STAGED__cn-jjj-100c-01-V2-LOCATIONS__seed2,baselines/e2_final_campaign_20260720/corrected_china81_rerun_v7_small_archive_ledger_20260724/full_gate/tasks/D6-E2-STAGED__cn-jjj-100c-01-V2-LOCATIONS__seed2/solution_witnesses.json,231baebf190bfb39bd2700adaaa82d692c916c118c00938dd6a44f6ea50f9e33,26449
D6-E2-STAGED__cn-jjj-100c-01-V2-LOCATIONS__seed3,baselines/e2_final_campaign_20260720/corrected_china81_rerun_v7_small_archive_ledger_20260724/full_gate/tasks/D6-E2-STAGED__cn-jjj-100c-01-V2-LOCATIONS__seed3/solution_witnesses.json,11a59ed7c2236bf312b2b313e3b0d40f898d1c11dbf3b7e17873524589ede16a,26480
D6-E2-STAGED__cn-jjj-100c-01-V2-LOCATIONS__seed4,baselines/e2_final_campaign_20260720/corrected_china81_rerun_v7_small_archive_ledger_20260724/full_gate/tasks/D6-E2-STAGED__cn-jjj-100c-01-V2-LOCATIONS__seed4/solution_witnesses.json,2564f599850c8ab08c4322b9216fbf0b28b47fb78ffab685b39690b843b45b6c,26474
D6-E2-STAGED__cn-jjj-100c-01-V2-LOCATIONS__seed5,baselines/e2_final_campaign_20260720/corrected_china81_rerun_v7_small_archive_ledger_20260724/full_gate/tasks/D6-E2-STAGED__cn-jjj-100c-01-V2-LOCATIONS__seed5/solution_witnesses.json,d9cfc48e39526c16bd7d1b220848d32bfbd70da72b4deb2e2e8d55f4642b3fce,26458
D6-E2-STAGED__cn-jjj-100c-02-V2-LOCATIONS__seed1,baselines/e2_final_campaign_20260720/corrected_china81_rerun_v7_small_archive_ledger_20260724/full_gate/tasks/D6-E2-STAGED__cn-jjj-100c-02-V2-LOCATIONS__seed1/solution_witnesses.json,2b7622d648e02496a1cda66f1dbfbc6f3a5a0dc5e8775508999b8cb47851c41b,22451
D6-E2-STAGED__cn-jjj-100c-02-V2-LOCATIONS__seed2,baselines/e2_final_campaign_20260720/corrected_china81_rerun_v7_small_archive_ledger_20260724/full_gate/tasks/D6-E2-STAGED__cn-jjj-100c-02-V2-LOCATIONS__seed2/solution_witnesses.json,140df04c878f7fd99f62c3d5f6d934c05ab9b12b652790b3aca6955b84b5ea56,22456
D6-E2-STAGED__cn-jjj-100c-02-V2-LOCATIONS__seed3,baselines/e2_final_campaign_20260720/corrected_china81_rerun_v7_small_archive_ledger_20260724/full_gate/tasks/D6-E2-STAGED__cn-jjj-100c-02-V2-LOCATIONS__seed3/solution_witnesses.json,e3e18614e547a84a5ca777d38edd094dbcc341d6e06f13de9239ee70537d7dd7,22439
D6-E2-STAGED__cn-jjj-100c-02-V2-LOCATIONS__seed4,baselines/e2_final_campaign_20260720/corrected_china81_rerun_v7_small_archive_ledger_20260724/full_gate/tasks/D6-E2-STAGED__cn-jjj-100c-02-V2-LOCATIONS__seed4/solution_witnesses.json,bf6bf9c00f7a474330260688921fe2bfc39979589b88a19275d726384109e350,22439
D6-E2-STAGED__cn-jjj-100c-02-V2-LOCATIONS__seed5,baselines/e2_final_campaign_20260720/corrected_china81_rerun_v7_small_archive_ledger_20260724/full_gate/tasks/D6-E2-STAGED__cn-jjj-100c-02-V2-LOCATIONS__seed5/solution_witnesses.json,60c21c62eeb910b0c17bac99025e77e78e0426bf4612deb1f33279965dd32c9d,22437
D6-E2-STAGED__cn-jjj-100c-03-V2-LOCATIONS__seed1,baselines/e2_final_campaign_20260720/corrected_china81_rerun_v7_small_archive_ledger_20260724/full_gate/tasks/D6-E2-STAGED__cn-jjj-100c-03-V2-LOCATIONS__seed1/solution_witnesses.json,f3b8e9977092dd44e477e5d2ce3b85764ddd8cf4bb8b5038eb4c5ce2849c98f3,22829
D6-E2-STAGED__cn-jjj-100c-03-V2-LOCATIONS__seed2,baselines/e2_final_campaign_20260720/corrected_china81_rerun_v7_small_archive_ledger_20260724/full_gate/tasks/D6-E2-STAGED__cn-jjj-100c-03-V2-LOCATIONS__seed2/solution_witnesses.json,2d05c1f9a6a0050efd8c183d5e86485919459adc276384acc13de64d82678f93,22811
D6-E2-STAGED__cn-jjj-100c-03-V2-LOCATIONS__seed3,baselines/e2_final_campaign_20260720/corrected_china81_rerun_v7_small_archive_ledger_20260724/full_gate/tasks/D6-E2-STAGED__cn-jjj-100c-03-V2-LOCATIONS__seed3/solution_witnesses.json,8d0892dd8d5d4b429e14911686f7b151d1c49bb279397e61caf77d01f4a50ab7,22829
D6-E2-STAGED__cn-jjj-100c-03-V2-LOCATIONS__seed4,baselines/e2_final_campaign_20260720/corrected_china81_rerun_v7_small_archive_ledger_20260724/full_gate/tasks/D6-E2-STAGED__cn-jjj-100c-03-V2-LOCATIONS__seed4/solution_witnesses.json,b4ed250caf5596582a15cf20b6fe7fa66a44de0f5a622f5e1b0cea20128e9d83,22829
D6-E2-STAGED__cn-jjj-100c-03-V2-LOCATIONS__seed5,baselines/e2_final_campaign_20260720/corrected_china81_rerun_v7_small_archive_ledger_20260724/full_gate/tasks/D6-E2-STAGED__cn-jjj-100c-03-V2-LOCATIONS__seed5/solution_witnesses.json,7d924e25dd4b36a0ab1e434d5603169c42fbae6c70c03f3b90df6d2992f2ec64,22829
D6-E2-STAGED__cn-jjj-10c-01-V2-LOCATIONS__seed1,baselines/e2_final_campaign_20260720/corrected_china81_rerun_v7_small_archive_ledger_20260724/full_gate/tasks/D6-E2-STAGED__cn-jjj-10c-01-V2-LOCATIONS__seed1/solution_witnesses.json,b8d96ac196d0bd9f72a25e6d60a0caa91d714f4fb2f2f7f99a0bab409d6d90ff,2735
D6-E2-STAGED__cn-jjj-10c-01-V2-LOCATIONS__seed2,baselines/e2_final_campaign_20260720/corrected_china81_rerun_v7_small_archive_ledger_20260724/full_gate/tasks/D6-E2-STAGED__cn-jjj-10c-01-V2-LOCATIONS__seed2/solution_witnesses.json,b8d96ac196d0bd9f72a25e6d60a0caa91d714f4fb2f2f7f99a0bab409d6d90ff,2735
D6-E2-STAGED__cn-jjj-10c-01-V2-LOCATIONS__seed3,baselines/e2_final_campaign_20260720/corrected_china81_rerun_v7_small_archive_ledger_20260724/full_gate/tasks/D6-E2-STAGED__cn-jjj-10c-01-V2-LOCATIONS__seed3/solution_witnesses.json,cea330b0e5f04766a2ff9a883060ae94137dadcfb57a58ef1885cada3aa97109,2735
D6-E2-STAGED__cn-jjj-10c-01-V2-LOCATIONS__seed4,baselines/e2_final_campaign_20260720/corrected_china81_rerun_v7_small_archive_ledger_20260724/full_gate/tasks/D6-E2-STAGED__cn-jjj-10c-01-V2-LOCATIONS__seed4/solution_witnesses.json,6ca2e9fd3a1bd4d4bfdbb6eaf848a217c77f99012b576caace1b3cc14afa829a,2735
D6-E2-STAGED__cn-jjj-10c-01-V2-LOCATIONS__seed5,baselines/e2_final_campaign_20260720/corrected_china81_rerun_v7_small_archive_ledger_20260724/full_gate/tasks/D6-E2-STAGED__cn-jjj-10c-01-V2-LOCATIONS__seed5/solution_witnesses.json,6ca2e9fd3a1bd4d4bfdbb6eaf848a217c77f99012b576caace1b3cc14afa829a,2735
D6-E2-STAGED__cn-jjj-10c-02-V2-LOCATIONS__seed1,baselines/e2_final_campaign_20260720/corrected_china81_rerun_v7_small_archive_ledger_20260724/full_gate/tasks/D6-E2-STAGED__cn-jjj-10c-02-V2-LOCATIONS__seed1/solution_witnesses.json,9d762d1f6b4fe68160b0cda5b47574777d6f78d8c8af7c23d8991f24f6066257,4207
D6-E2-STAGED__cn-jjj-10c-02-V2-LOCATIONS__seed2,baselines/e2_final_campaign_20260720/corrected_china81_rerun_v7_small_archive_ledger_20260724/full_gate/tasks/D6-E2-STAGED__cn-jjj-10c-02-V2-LOCATIONS__seed2/solution_witnesses.json,9d762d1f6b4fe68160b0cda5b47574777d6f78d8c8af7c23d8991f24f6066257,4207
D6-E2-STAGED__cn-jjj-10c-02-V2-LOCATIONS__seed3,baselines/e2_final_campaign_20260720/corrected_china81_rerun_v7_small_archive_ledger_20260724/full_gate/tasks/D6-E2-STAGED__cn-jjj-10c-02-V2-LOCATIONS__seed3/solution_witnesses.json,9d762d1f6b4fe68160b0cda5b47574777d6f78d8c8af7c23d8991f24f6066257,4207
D6-E2-STAGED__cn-jjj-10c-02-V2-LOCATIONS__seed4,baselines/e2_final_campaign_20260720/corrected_china81_rerun_v7_small_archive_ledger_20260724/full_gate/tasks/D6-E2-STAGED__cn-jjj-10c-02-V2-LOCATIONS__seed4/solution_witnesses.json,9d762d1f6b4fe68160b0cda5b47574777d6f78d8c8af7c23d8991f24f6066257,4207
D6-E2-STAGED__cn-jjj-10c-02-V2-LOCATIONS__seed5,baselines/e2_final_campaign_20260720/corrected_china81_rerun_v7_small_archive_ledger_20260724/full_gate/tasks/D6-E2-STAGED__cn-jjj-10c-02-V2-LOCATIONS__seed5/solution_witnesses.json,9d762d1f6b4fe68160b0cda5b47574777d6f78d8c8af7c23d8991f24f6066257,4207
D6-E2-STAGED__cn-jjj-10c-03-V2-LOCATIONS__seed1,baselines/e2_final_campaign_20260720/corrected_china81_rerun_v7_small_archive_ledger_20260724/full_gate/tasks/D6-E2-STAGED__cn-jjj-10c-03-V2-LOCATIONS__seed1/solution_witnesses.json,f7e9ab239bd2ced6f0dd7f3ceb314728c3e5a672fdbaedc2b0815aeeb8207abd,4212
D6-E2-STAGED__cn-jjj-10c-03-V2-LOCATIONS__seed2,baselines/e2_final_campaign_20260720/corrected_china81_rerun_v7_small_archive_ledger_20260724/full_gate/tasks/D6-E2-STAGED__cn-jjj-10c-03-V2-LOCATIONS__seed2/solution_witnesses.json,f7e9ab239bd2ced6f0dd7f3ceb314728c3e5a672fdbaedc2b0815aeeb8207abd,4212
D6-E2-STAGED__cn-jjj-10c-03-V2-LOCATIONS__seed3,baselines/e2_final_campaign_20260720/corrected_china81_rerun_v7_small_archive_ledger_20260724/full_gate/tasks/D6-E2-STAGED__cn-jjj-10c-03-V2-LOCATIONS__seed3/solution_witnesses.json,f7e9ab239bd2ced6f0dd7f3ceb314728c3e5a672fdbaedc2b0815aeeb8207abd,4212
D6-E2-STAGED__cn-jjj-10c-03-V2-LOCATIONS__seed4,baselines/e2_final_campaign_20260720/corrected_china81_rerun_v7_small_archive_ledger_20260724/full_gate/tasks/D6-E2-STAGED__cn-jjj-10c-03-V2-LOCATIONS__seed4/solution_witnesses.json,f7e9ab239bd2ced6f0dd7f3ceb314728c3e5a672fdbaedc2b0815aeeb8207abd,4212
D6-E2-STAGED__cn-jjj-10c-03-V2-LOCATIONS__seed5,baselines/e2_final_campaign_20260720/corrected_china81_rerun_v7_small_archive_ledger_20260724/full_gate/tasks/D6-E2-STAGED__cn-jjj-10c-03-V2-LOCATIONS__seed5/solution_witnesses.json,c6bbb56f52038a048f64538a4107138b19fd81a274025afdfb5eb196fc6d445a,4212
D6-E2-STAGED__cn-jjj-150c-01-V2-LOCATIONS__seed1,baselines/e2_final_campaign_20260720/corrected_china81_rerun_v7_small_archive_ledger_20260724/full_gate/tasks/D6-E2-STAGED__cn-jjj-150c-01-V2-LOCATIONS__seed1/solution_witnesses.json,188f9554318b60184c031c8cf73e23e2e7ffbd1a0bad6a61edd0d8748b2518aa,33410
D6-E2-STAGED__cn-jjj-150c-01-V2-LOCATIONS__seed2,baselines/e2_final_campaign_20260720/corrected_china81_rerun_v7_small_archive_ledger_20260724/full_gate/tasks/D6-E2-STAGED__cn-jjj-150c-01-V2-LOCATIONS__seed2/solution_witnesses.json,31d10fe4e8ba8af4db296948212df53bc3143d4f83c1f1a508ff74ec9e0c0fa8,33438
D6-E2-STAGED__cn-jjj-150c-01-V2-LOCATIONS__seed3,baselines/e2_final_campaign_20260720/corrected_china81_rerun_v7_small_archive_ledger_20260724/full_gate/tasks/D6-E2-STAGED__cn-jjj-150c-01-V2-LOCATIONS__seed3/solution_witnesses.json,5caf86a594281faf628c79ab4b478e26ad8f8161b7a25c44a3d222e6be600019,33410
D6-E2-STAGED__cn-jjj-150c-01-V2-LOCATIONS__seed4,baselines/e2_final_campaign_20260720/corrected_china81_rerun_v7_small_archive_ledger_20260724/full_gate/tasks/D6-E2-STAGED__cn-jjj-150c-01-V2-LOCATIONS__seed4/solution_witnesses.json,aad311a17deefe1bc167f5361196843d5a2ac5fcab91fbdba00e295928fb7569,33435
D6-E2-STAGED__cn-jjj-150c-01-V2-LOCATIONS__seed5,baselines/e2_final_campaign_20260720/corrected_china81_rerun_v7_small_archive_ledger_20260724/full_gate/tasks/D6-E2-STAGED__cn-jjj-150c-01-V2-LOCATIONS__seed5/solution_witnesses.json,e2b423675f11fe99c7496e97d14aa0d3d4f0a81234fc9d832cd6b12d5cb0fe2e,33436
D6-E2-STAGED__cn-jjj-150c-02-V2-LOCATIONS__seed1,baselines/e2_final_campaign_20260720/corrected_china81_rerun_v7_small_archive_ledger_20260724/full_gate/tasks/D6-E2-STAGED__cn-jjj-150c-02-V2-LOCATIONS__seed1/solution_witnesses.json,f7abe612c3ea9d243a59029450c5ef4fd0119933c2c9c280a5737182324155d3,33149
D6-E2-STAGED__cn-jjj-150c-02-V2-LOCATIONS__seed2,baselines/e2_final_campaign_20260720/corrected_china81_rerun_v7_small_archive_ledger_20260724/full_gate/tasks/D6-E2-STAGED__cn-jjj-150c-02-V2-LOCATIONS__seed2/solution_witnesses.json,a4d28fad1a7bafeb68901b054b4595d83570ed0db22c9920a5cf5612e7bf667a,33151
D6-E2-STAGED__cn-jjj-150c-02-V2-LOCATIONS__seed3,baselines/e2_final_campaign_20260720/corrected_china81_rerun_v7_small_archive_ledger_20260724/full_gate/tasks/D6-E2-STAGED__cn-jjj-150c-02-V2-LOCATIONS__seed3/solution_witnesses.json,8446df31f6e953d2733ac68bcdb46407ca8d8888f244ed2c961435e18a46e596,33125
D6-E2-STAGED__cn-jjj-150c-02-V2-LOCATIONS__seed4,baselines/e2_final_campaign_20260720/corrected_china81_rerun_v7_small_archive_ledger_20260724/full_gate/tasks/D6-E2-STAGED__cn-jjj-150c-02-V2-LOCATIONS__seed4/solution_witnesses.json,01aaf18fd0e0da0eff5e46c3ba01fde7502d78bf87f00504376dd7a5684afc47,33151
D6-E2-STAGED__cn-jjj-150c-02-V2-LOCATIONS__seed5,baselines/e2_final_campaign_20260720/corrected_china81_rerun_v7_small_archive_ledger_20260724/full_gate/tasks/D6-E2-STAGED__cn-jjj-150c-02-V2-LOCATIONS__seed5/solution_witnesses.json,60dd79433df39c86d20d7bec2cfe80704bfa71a8df9268957eafcde8f4dbeb64,33125
D6-E2-STAGED__cn-jjj-150c-03-V2-LOCATIONS__seed1,baselines/e2_final_campaign_20260720/corrected_china81_rerun_v7_small_archive_ledger_20260724/full_gate/tasks/D6-E2-STAGED__cn-jjj-150c-03-V2-LOCATIONS__seed1/solution_witnesses.json,6a9891c036dcb91c71f525ed458576ab51f18cf65c525f1817886e3d71973bc8,33801
D6-E2-STAGED__cn-jjj-150c-03-V2-LOCATIONS__seed2,baselines/e2_final_campaign_20260720/corrected_china81_rerun_v7_small_archive_ledger_20260724/full_gate/tasks/D6-E2-STAGED__cn-jjj-150c-03-V2-LOCATIONS__seed2/solution_witnesses.json,432f59966435079a093750c97b3f030371f48bd1c3711f17838bfa8c5687fe8e,33805
D6-E2-STAGED__cn-jjj-150c-03-V2-LOCATIONS__seed3,baselines/e2_final_campaign_20260720/corrected_china81_rerun_v7_small_archive_ledger_20260724/full_gate/tasks/D6-E2-STAGED__cn-jjj-150c-03-V2-LOCATIONS__seed3/solution_witnesses.json,ee638b891848b2c80ea27da7e1d27bda3930878d01555740ab4551c5091f888d,33769
D6-E2-STAGED__cn-jjj-150c-03-V2-LOCATIONS__seed4,baselines/e2_final_campaign_20260720/corrected_china81_rerun_v7_small_archive_ledger_20260724/full_gate/tasks/D6-E2-STAGED__cn-jjj-150c-03-V2-LOCATIONS__seed4/solution_witnesses.json,e141bdfc616657ba025361f8200d7abc6e08688585f6703bc4ee85cf82940c14,33806
D6-E2-STAGED__cn-jjj-150c-03-V2-LOCATIONS__seed5,baselines/e2_final_campaign_20260720/corrected_china81_rerun_v7_small_archive_ledger_20260724/full_gate/tasks/D6-E2-STAGED__cn-jjj-150c-03-V2-LOCATIONS__seed5/solution_witnesses.json,c6db201da892b8c3a5a307ac2421a940375d8adca3edc099c0d8e99cdf6aa2c1,33805
D6-E2-STAGED__cn-jjj-15c-01-V2-LOCATIONS__seed1,baselines/e2_final_campaign_20260720/corrected_china81_rerun_v7_small_archive_ledger_20260724/full_gate/tasks/D6-E2-STAGED__cn-jjj-15c-01-V2-LOCATIONS__seed1/solution_witnesses.json,de51835a62eb9b2e4f8ea64bf182e462f0d0dafe8cc6c20849807f60e509abb2,5367
D6-E2-STAGED__cn-jjj-15c-01-V2-LOCATIONS__seed2,baselines/e2_final_campaign_20260720/corrected_china81_rerun_v7_small_archive_ledger_20260724/full_gate/tasks/D6-E2-STAGED__cn-jjj-15c-01-V2-LOCATIONS__seed2/solution_witnesses.json,da168c32a35c973ef797a361c17b69aa66cd1bf867e23004d2dc7ac15f9fa534,5367
D6-E2-STAGED__cn-jjj-15c-01-V2-LOCATIONS__seed3,baselines/e2_final_campaign_20260720/corrected_china81_rerun_v7_small_archive_ledger_20260724/full_gate/tasks/D6-E2-STAGED__cn-jjj-15c-01-V2-LOCATIONS__seed3/solution_witnesses.json,011cd18fd3dee45b9e3271a14472b6ead42a8ed9a1cdb70fa9c41a55e0fc744e,5367
D6-E2-STAGED__cn-jjj-15c-01-V2-LOCATIONS__seed4,baselines/e2_final_campaign_20260720/corrected_china81_rerun_v7_small_archive_ledger_20260724/full_gate/tasks/D6-E2-STAGED__cn-jjj-15c-01-V2-LOCATIONS__seed4/solution_witnesses.json,da168c32a35c973ef797a361c17b69aa66cd1bf867e23004d2dc7ac15f9fa534,5367
D6-E2-STAGED__cn-jjj-15c-01-V2-LOCATIONS__seed5,baselines/e2_final_campaign_20260720/corrected_china81_rerun_v7_small_archive_ledger_20260724/full_gate/tasks/D6-E2-STAGED__cn-jjj-15c-01-V2-LOCATIONS__seed5/solution_witnesses.json,011cd18fd3dee45b9e3271a14472b6ead42a8ed9a1cdb70fa9c41a55e0fc744e,5367
D6-E2-STAGED__cn-jjj-15c-02-V2-LOCATIONS__seed1,baselines/e2_final_campaign_20260720/corrected_china81_rerun_v7_small_archive_ledger_20260724/full_gate/tasks/D6-E2-STAGED__cn-jjj-15c-02-V2-LOCATIONS__seed1/solution_witnesses.json,9020ab2467ec7ea4b0d3066dd1db979c744171515a67450b3ca30bb6863a4574,3903
D6-E2-STAGED__cn-jjj-15c-02-V2-LOCATIONS__seed2,baselines/e2_final_campaign_20260720/corrected_china81_rerun_v7_small_archive_ledger_20260724/full_gate/tasks/D6-E2-STAGED__cn-jjj-15c-02-V2-LOCATIONS__seed2/solution_witnesses.json,edb57d5334551afa7578307505dc129578606ca7579e71e94cb55d03c1f723f8,3903
D6-E2-STAGED__cn-jjj-15c-02-V2-LOCATIONS__seed3,baselines/e2_final_campaign_20260720/corrected_china81_rerun_v7_small_archive_ledger_20260724/full_gate/tasks/D6-E2-STAGED__cn-jjj-15c-02-V2-LOCATIONS__seed3/solution_witnesses.json,4c8e5553d37b458541532b42af7a736e95a5db262073e163cd5d010890cb686c,3903
D6-E2-STAGED__cn-jjj-15c-02-V2-LOCATIONS__seed4,baselines/e2_final_campaign_20260720/corrected_china81_rerun_v7_small_archive_ledger_20260724/full_gate/tasks/D6-E2-STAGED__cn-jjj-15c-02-V2-LOCATIONS__seed4/solution_witnesses.json,45b4da17ac18090cafd7c04a9c4dc22a93fc245e5c014e05a30fd4f803ca722c,3903
D6-E2-STAGED__cn-jjj-15c-02-V2-LOCATIONS__seed5,baselines/e2_final_campaign_20260720/corrected_china81_rerun_v7_small_archive_ledger_20260724/full_gate/tasks/D6-E2-STAGED__cn-jjj-15c-02-V2-LOCATIONS__seed5/solution_witnesses.json,a4484852ecf23517c96da0dd0df2408017d67456739f2b769967cd720e8d3e7a,3903
D6-E2-STAGED__cn-jjj-15c-03-V2-LOCATIONS__seed1,baselines/e2_final_campaign_20260720/corrected_china81_rerun_v7_small_archive_ledger_20260724/full_gate/tasks/D6-E2-STAGED__cn-jjj-15c-03-V2-LOCATIONS__seed1/solution_witnesses.json,9414caa33218c2517a2102c4cc344e2ab393f00dc4079966316b656b1f5b9169,3903
D6-E2-STAGED__cn-jjj-15c-03-V2-LOCATIONS__seed2,baselines/e2_final_campaign_20260720/corrected_china81_rerun_v7_small_archive_ledger_20260724/full_gate/tasks/D6-E2-STAGED__cn-jjj-15c-03-V2-LOCATIONS__seed2/solution_witnesses.json,b481f9fadd1974ee1dfbff33fcc16cd100ec15ac62f7949407e27f9a015fb4a3,3903
D6-E2-STAGED__cn-jjj-15c-03-V2-LOCATIONS__seed3,baselines/e2_final_campaign_20260720/corrected_china81_rerun_v7_small_archive_ledger_20260724/full_gate/tasks/D6-E2-STAGED__cn-jjj-15c-03-V2-LOCATIONS__seed3/solution_witnesses.json,3b59c82068ab1a61d1d4057ae975853ec30a152fc76ffb9468e9d9b2fcdead45,3903
D6-E2-STAGED__cn-jjj-15c-03-V2-LOCATIONS__seed4,baselines/e2_final_campaign_20260720/corrected_china81_rerun_v7_small_archive_ledger_20260724/full_gate/tasks/D6-E2-STAGED__cn-jjj-15c-03-V2-LOCATIONS__seed4/solution_witnesses.json,73da59e7c33612b0737035658bef913d4bca9184fdec90b8d8596ffee06df80d,3903
D6-E2-STAGED__cn-jjj-15c-03-V2-LOCATIONS__seed5,baselines/e2_final_campaign_20260720/corrected_china81_rerun_v7_small_archive_ledger_20260724/full_gate/tasks/D6-E2-STAGED__cn-jjj-15c-03-V2-LOCATIONS__seed5/solution_witnesses.json,1d69ef4134bba257ad48199678d313b8bce76edee6783007c0d5f0a9e0f84a55,3903
D6-E2-STAGED__cn-jjj-200c-01-V2-LOCATIONS__seed1,baselines/e2_final_campaign_20260720/corrected_china81_rerun_v7_small_archive_ledger_20260724/full_gate/tasks/D6-E2-STAGED__cn-jjj-200c-01-V2-LOCATIONS__seed1/solution_witnesses.json,07e5c56218307e1740c2248219731dea397b1034f346c195073a9c2a1bf7f46a,43276
D6-E2-STAGED__cn-jjj-200c-01-V2-LOCATIONS__seed2,baselines/e2_final_campaign_20260720/corrected_china81_rerun_v7_small_archive_ledger_20260724/full_gate/tasks/D6-E2-STAGED__cn-jjj-200c-01-V2-LOCATIONS__seed2/solution_witnesses.json,b14b166b35d3129a72aac8edef12ff67013eb7a0b87983b2197a728f8a827315,43242
D6-E2-STAGED__cn-jjj-200c-01-V2-LOCATIONS__seed3,baselines/e2_final_campaign_20260720/corrected_china81_rerun_v7_small_archive_ledger_20260724/full_gate/tasks/D6-E2-STAGED__cn-jjj-200c-01-V2-LOCATIONS__seed3/solution_witnesses.json,dd759806c15eb75b92011828676c4952a01d38e1193da308071d7d0d27706bd7,43276
D6-E2-STAGED__cn-jjj-200c-01-V2-LOCATIONS__seed4,baselines/e2_final_campaign_20260720/corrected_china81_rerun_v7_small_archive_ledger_20260724/full_gate/tasks/D6-E2-STAGED__cn-jjj-200c-01-V2-LOCATIONS__seed4/solution_witnesses.json,6cbe467ec942525a8445d71184f51a4dab0f1d9c9ec1e33db041478f5b19d0ac,43242
D6-E2-STAGED__cn-jjj-200c-01-V2-LOCATIONS__seed5,baselines/e2_final_campaign_20260720/corrected_china81_rerun_v7_small_archive_ledger_20260724/full_gate/tasks/D6-E2-STAGED__cn-jjj-200c-01-V2-LOCATIONS__seed5/solution_witnesses.json,36ea0d45390b423758cedb2726ab60ead7f2dea5f471ef3b51dbd5d74ba2e98c,43286
D6-E2-STAGED__cn-jjj-200c-02-V2-LOCATIONS__seed1,baselines/e2_final_campaign_20260720/corrected_china81_rerun_v7_small_archive_ledger_20260724/full_gate/tasks/D6-E2-STAGED__cn-jjj-200c-02-V2-LOCATIONS__seed1/solution_witnesses.json,5cc896c4dc32c2d0d5276aec518df350248cfa62d55a50c32ee745858728ffbc,46171
D6-E2-STAGED__cn-jjj-200c-02-V2-LOCATIONS__seed2,baselines/e2_final_campaign_20260720/corrected_china81_rerun_v7_small_archive_ledger_20260724/full_gate/tasks/D6-E2-STAGED__cn-jjj-200c-02-V2-LOCATIONS__seed2/solution_witnesses.json,02ca123f18c1d90d594b80aa3fa2a76d31d60aeaaae2a70415913a505a74669d,46171
D6-E2-STAGED__cn-jjj-200c-02-V2-LOCATIONS__seed3,baselines/e2_final_campaign_20260720/corrected_china81_rerun_v7_small_archive_ledger_20260724/full_gate/tasks/D6-E2-STAGED__cn-jjj-200c-02-V2-LOCATIONS__seed3/solution_witnesses.json,2079aaa2cb77d0adfa70451abea10bb82496bfd77aa368c1f450b6b1282b745d,46167
D6-E2-STAGED__cn-jjj-200c-02-V2-LOCATIONS__seed4,baselines/e2_final_campaign_20260720/corrected_china81_rerun_v7_small_archive_ledger_20260724/full_gate/tasks/D6-E2-STAGED__cn-jjj-200c-02-V2-LOCATIONS__seed4/solution_witnesses.json,e4384aca0ca4151e76002e0b87e56497376ec6e305f708698405d7dc6454bd0b,46171
D6-E2-STAGED__cn-jjj-200c-02-V2-LOCATIONS__seed5,baselines/e2_final_campaign_20260720/corrected_china81_rerun_v7_small_archive_ledger_20260724/full_gate/tasks/D6-E2-STAGED__cn-jjj-200c-02-V2-LOCATIONS__seed5/solution_witnesses.json,dc6e8343eda9d6fd9b8f14bd8b76f0907492bfd86f3f8ab2a582b6d96a5c5321,46168
D6-E2-STAGED__cn-jjj-200c-03-V2-LOCATIONS__seed1,baselines/e2_final_campaign_20260720/corrected_china81_rerun_v7_small_archive_ledger_20260724/full_gate/tasks/D6-E2-STAGED__cn-jjj-200c-03-V2-LOCATIONS__seed1/solution_witnesses.json,8c9b1a7b831fabb706c87f54e3a8e40f94cd47cc69c36c656fc037a63bb13c04,44354
D6-E2-STAGED__cn-jjj-200c-03-V2-LOCATIONS__seed2,baselines/e2_final_campaign_20260720/corrected_china81_rerun_v7_small_archive_ledger_20260724/full_gate/tasks/D6-E2-STAGED__cn-jjj-200c-03-V2-LOCATIONS__seed2/solution_witnesses.json,41fde8397690381f7b980243326e5a062bec7b1edfdeba24841a8234facc7d21,44354
D6-E2-STAGED__cn-jjj-200c-03-V2-LOCATIONS__seed3,baselines/e2_final_campaign_20260720/corrected_china81_rerun_v7_small_archive_ledger_20260724/full_gate/tasks/D6-E2-STAGED__cn-jjj-200c-03-V2-LOCATIONS__seed3/solution_witnesses.json,d477e8ee1003a3e75ac97e150b57efe44df56d872684c2c7c8fe548672896190,45079
D6-E2-STAGED__cn-jjj-200c-03-V2-LOCATIONS__seed4,baselines/e2_final_campaign_20260720/corrected_china81_rerun_v7_small_archive_ledger_20260724/full_gate/tasks/D6-E2-STAGED__cn-jjj-200c-03-V2-LOCATIONS__seed4/solution_witnesses.json,76f28bdb1f6657b48b9a2b44192addf744d883b3381cc0f79930897875968f24,45085
D6-E2-STAGED__cn-jjj-200c-03-V2-LOCATIONS__seed5,baselines/e2_final_campaign_20260720/corrected_china81_rerun_v7_small_archive_ledger_20260724/full_gate/tasks/D6-E2-STAGED__cn-jjj-200c-03-V2-LOCATIONS__seed5/solution_witnesses.json,3d50fff32239056ec4a206bb831e6b2c0e0ea8dddd4aabd8edc643f60fc47196,45085
D6-E2-STAGED__cn-jjj-20c-01-V2-LOCATIONS__seed1,baselines/e2_final_campaign_20260720/corrected_china81_rerun_v7_small_archive_ledger_20260724/full_gate/tasks/D6-E2-STAGED__cn-jjj-20c-01-V2-LOCATIONS__seed1/solution_witnesses.json,dc205bb29e0c380d82b0f1564b0e5a947eb286eff67d10204df9b728159cc910,4263
D6-E2-STAGED__cn-jjj-20c-01-V2-LOCATIONS__seed2,baselines/e2_final_campaign_20260720/corrected_china81_rerun_v7_small_archive_ledger_20260724/full_gate/tasks/D6-E2-STAGED__cn-jjj-20c-01-V2-LOCATIONS__seed2/solution_witnesses.json,dc205bb29e0c380d82b0f1564b0e5a947eb286eff67d10204df9b728159cc910,4263
D6-E2-STAGED__cn-jjj-20c-01-V2-LOCATIONS__seed3,baselines/e2_final_campaign_20260720/corrected_china81_rerun_v7_small_archive_ledger_20260724/full_gate/tasks/D6-E2-STAGED__cn-jjj-20c-01-V2-LOCATIONS__seed3/solution_witnesses.json,dc205bb29e0c380d82b0f1564b0e5a947eb286eff67d10204df9b728159cc910,4263
D6-E2-STAGED__cn-jjj-20c-01-V2-LOCATIONS__seed4,baselines/e2_final_campaign_20260720/corrected_china81_rerun_v7_small_archive_ledger_20260724/full_gate/tasks/D6-E2-STAGED__cn-jjj-20c-01-V2-LOCATIONS__seed4/solution_witnesses.json,7c750122f8a7c31b61b7e1d738faa5dcc3bce1c0ac302c75d227744febee307c,4263
D6-E2-STAGED__cn-jjj-20c-01-V2-LOCATIONS__seed5,baselines/e2_final_campaign_20260720/corrected_china81_rerun_v7_small_archive_ledger_20260724/full_gate/tasks/D6-E2-STAGED__cn-jjj-20c-01-V2-LOCATIONS__seed5/solution_witnesses.json,dc205bb29e0c380d82b0f1564b0e5a947eb286eff67d10204df9b728159cc910,4263
D6-E2-STAGED__cn-jjj-20c-02-V2-LOCATIONS__seed1,baselines/e2_final_campaign_20260720/corrected_china81_rerun_v7_small_archive_ledger_20260724/full_gate/tasks/D6-E2-STAGED__cn-jjj-20c-02-V2-LOCATIONS__seed1/solution_witnesses.json,40e6dcd9967c2558c4d3e90c02f3ae483b66eb4170ba709e4de9a994130614cd,6550
D6-E2-STAGED__cn-jjj-20c-02-V2-LOCATIONS__seed2,baselines/e2_final_campaign_20260720/corrected_china81_rerun_v7_small_archive_ledger_20260724/full_gate/tasks/D6-E2-STAGED__cn-jjj-20c-02-V2-LOCATIONS__seed2/solution_witnesses.json,40e6dcd9967c2558c4d3e90c02f3ae483b66eb4170ba709e4de9a994130614cd,6550
D6-E2-STAGED__cn-jjj-20c-02-V2-LOCATIONS__seed3,baselines/e2_final_campaign_20260720/corrected_china81_rerun_v7_small_archive_ledger_20260724/full_gate/tasks/D6-E2-STAGED__cn-jjj-20c-02-V2-LOCATIONS__seed3/solution_witnesses.json,fd53d103d72582afd17c9f27b60a9f5b72fb4a8afdcc66f2e238d69850c07b28,6550
D6-E2-STAGED__cn-jjj-20c-02-V2-LOCATIONS__seed4,baselines/e2_final_campaign_20260720/corrected_china81_rerun_v7_small_archive_ledger_20260724/full_gate/tasks/D6-E2-STAGED__cn-jjj-20c-02-V2-LOCATIONS__seed4/solution_witnesses.json,44c8c348921759bbda6508cf3dd1490b59ecbb8881aa3d763982257d2e1822a2,6550
D6-E2-STAGED__cn-jjj-20c-02-V2-LOCATIONS__seed5,baselines/e2_final_campaign_20260720/corrected_china81_rerun_v7_small_archive_ledger_20260724/full_gate/tasks/D6-E2-STAGED__cn-jjj-20c-02-V2-LOCATIONS__seed5/solution_witnesses.json,c8597b90af3917d9234f96bf2d5ed11e591338f0f54f9b1abedde9e348f69f9a,6550
D6-E2-STAGED__cn-jjj-20c-03-V2-LOCATIONS__seed1,baselines/e2_final_campaign_20260720/corrected_china81_rerun_v7_small_archive_ledger_20260724/full_gate/tasks/D6-E2-STAGED__cn-jjj-20c-03-V2-LOCATIONS__seed1/solution_witnesses.json,b1e9191f7dec2bee81533a5c0860544df42672a76d14576c9ba15493f76c167a,6541
D6-E2-STAGED__cn-jjj-20c-03-V2-LOCATIONS__seed2,baselines/e2_final_campaign_20260720/corrected_china81_rerun_v7_small_archive_ledger_20260724/full_gate/tasks/D6-E2-STAGED__cn-jjj-20c-03-V2-LOCATIONS__seed2/solution_witnesses.json,6802e9b5a7340953cffae16526672abbe205d70bc4ea7b45c46350cd95887508,6541
D6-E2-STAGED__cn-jjj-20c-03-V2-LOCATIONS__seed3,baselines/e2_final_campaign_20260720/corrected_china81_rerun_v7_small_archive_ledger_20260724/full_gate/tasks/D6-E2-STAGED__cn-jjj-20c-03-V2-LOCATIONS__seed3/solution_witnesses.json,8b9a71dc25dc36b56627f0832ed7515520f9c40051a6c4bb83afc9cd355e7fbd,6541
D6-E2-STAGED__cn-jjj-20c-03-V2-LOCATIONS__seed4,baselines/e2_final_campaign_20260720/corrected_china81_rerun_v7_small_archive_ledger_20260724/full_gate/tasks/D6-E2-STAGED__cn-jjj-20c-03-V2-LOCATIONS__seed4/solution_witnesses.json,cda8b6fa2bcd3e104491e665651011c2fc9534a93baa9ce15f787341fc89f85e,6541
D6-E2-STAGED__cn-jjj-20c-03-V2-LOCATIONS__seed5,baselines/e2_final_campaign_20260720/corrected_china81_rerun_v7_small_archive_ledger_20260724/full_gate/tasks/D6-E2-STAGED__cn-jjj-20c-03-V2-LOCATIONS__seed5/solution_witnesses.json,57f95210d9b4519e618302cfda065830e466eab831fbf1269f7b934e361e00a4,6541
D6-E2-STAGED__cn-jjj-25c-01-V2-LOCATIONS__seed1,baselines/e2_final_campaign_20260720/corrected_china81_rerun_v7_small_archive_ledger_20260724/full_gate/tasks/D6-E2-STAGED__cn-jjj-25c-01-V2-LOCATIONS__seed1/solution_witnesses.json,4d5ea91432323268a0449907392538451e2945bbce1c61f97e6bec835dd0ce3e,6535
D6-E2-STAGED__cn-jjj-25c-01-V2-LOCATIONS__seed2,baselines/e2_final_campaign_20260720/corrected_china81_rerun_v7_small_archive_ledger_20260724/full_gate/tasks/D6-E2-STAGED__cn-jjj-25c-01-V2-LOCATIONS__seed2/solution_witnesses.json,288804a3ecc4718f3ffce587f789ff9944bfa9120ecf2e633d40ab555c75858f,6535
D6-E2-STAGED__cn-jjj-25c-01-V2-LOCATIONS__seed3,baselines/e2_final_campaign_20260720/corrected_china81_rerun_v7_small_archive_ledger_20260724/full_gate/tasks/D6-E2-STAGED__cn-jjj-25c-01-V2-LOCATIONS__seed3/solution_witnesses.json,1b143defb996d4ae677ac837d68647d935976b6b1766d799f9b308f96b5bea6a,6535
D6-E2-STAGED__cn-jjj-25c-01-V2-LOCATIONS__seed4,baselines/e2_final_campaign_20260720/corrected_china81_rerun_v7_small_archive_ledger_20260724/full_gate/tasks/D6-E2-STAGED__cn-jjj-25c-01-V2-LOCATIONS__seed4/solution_witnesses.json,9c548ce8593e0f4f8256243a201b177022981d69be2332908bde981d2c798077,6535
D6-E2-STAGED__cn-jjj-25c-01-V2-LOCATIONS__seed5,baselines/e2_final_campaign_20260720/corrected_china81_rerun_v7_small_archive_ledger_20260724/full_gate/tasks/D6-E2-STAGED__cn-jjj-25c-01-V2-LOCATIONS__seed5/solution_witnesses.json,d6c4864224b89fa83ef65c7e12076da9ab5d3325d7e5d4ede96d8a037d857c87,6535
D6-E2-STAGED__cn-jjj-25c-02-V2-LOCATIONS__seed1,baselines/e2_final_campaign_20260720/corrected_china81_rerun_v7_small_archive_ledger_20260724/full_gate/tasks/D6-E2-STAGED__cn-jjj-25c-02-V2-LOCATIONS__seed1/solution_witnesses.json,b4006b197de774d53897b0fad18e98e006f10785c57f0cc1af42313255adb0d9,8803
D6-E2-STAGED__cn-jjj-25c-02-V2-LOCATIONS__seed2,baselines/e2_final_campaign_20260720/corrected_china81_rerun_v7_small_archive_ledger_20260724/full_gate/tasks/D6-E2-STAGED__cn-jjj-25c-02-V2-LOCATIONS__seed2/solution_witnesses.json,d86e619e45a899d9ad413cc641821425d67c29883247aa52f850926d68cde4f1,8803
D6-E2-STAGED__cn-jjj-25c-02-V2-LOCATIONS__seed3,baselines/e2_final_campaign_20260720/corrected_china81_rerun_v7_small_archive_ledger_20260724/full_gate/tasks/D6-E2-STAGED__cn-jjj-25c-02-V2-LOCATIONS__seed3/solution_witnesses.json,5c203fd77f6e7d099131093060237b198cae6a5edb4ce7f90b34290068f2ad42,8803
D6-E2-STAGED__cn-jjj-25c-02-V2-LOCATIONS__seed4,baselines/e2_final_campaign_20260720/corrected_china81_rerun_v7_small_archive_ledger_20260724/full_gate/tasks/D6-E2-STAGED__cn-jjj-25c-02-V2-LOCATIONS__seed4/solution_witnesses.json,b6834759b0458a3d0a0bdcefdcd04a1f2b6f469c2ca39d400581409c91c51b86,8803
D6-E2-STAGED__cn-jjj-25c-02-V2-LOCATIONS__seed5,baselines/e2_final_campaign_20260720/corrected_china81_rerun_v7_small_archive_ledger_20260724/full_gate/tasks/D6-E2-STAGED__cn-jjj-25c-02-V2-LOCATIONS__seed5/solution_witnesses.json,e6ff9a172df1d6ed8ad68f5d0bdeef0e2a96e84b4d8cd3854cb7e1846d8d6d2d,8803
D6-E2-STAGED__cn-jjj-25c-03-V2-LOCATIONS__seed1,baselines/e2_final_campaign_20260720/corrected_china81_rerun_v7_small_archive_ledger_20260724/full_gate/tasks/D6-E2-STAGED__cn-jjj-25c-03-V2-LOCATIONS__seed1/solution_witnesses.json,70d10974cd97f1b815fbe3df4bbb9e57c51aac83186a1bda5cdc7c9ca4eca02a,9170
D6-E2-STAGED__cn-jjj-25c-03-V2-LOCATIONS__seed2,baselines/e2_final_campaign_20260720/corrected_china81_rerun_v7_small_archive_ledger_20260724/full_gate/tasks/D6-E2-STAGED__cn-jjj-25c-03-V2-LOCATIONS__seed2/solution_witnesses.json,1a1a0c87babf7ee6e5d98af47b3282678ed7166b9c684b8346eb688cfdbeb1e4,9170
D6-E2-STAGED__cn-jjj-25c-03-V2-LOCATIONS__seed3,baselines/e2_final_campaign_20260720/corrected_china81_rerun_v7_small_archive_ledger_20260724/full_gate/tasks/D6-E2-STAGED__cn-jjj-25c-03-V2-LOCATIONS__seed3/solution_witnesses.json,2fe4939b078745d5f300f0cb8786319a57790eaed8220fb5fc833df9274d3437,9170
D6-E2-STAGED__cn-jjj-25c-03-V2-LOCATIONS__seed4,baselines/e2_final_campaign_20260720/corrected_china81_rerun_v7_small_archive_ledger_20260724/full_gate/tasks/D6-E2-STAGED__cn-jjj-25c-03-V2-LOCATIONS__seed4/solution_witnesses.json,7f1fe2e83703cab5438dae47384d047f7fe9ff03498742b6071786d1ed7ac54a,9170
D6-E2-STAGED__cn-jjj-25c-03-V2-LOCATIONS__seed5,baselines/e2_final_campaign_20260720/corrected_china81_rerun_v7_small_archive_ledger_20260724/full_gate/tasks/D6-E2-STAGED__cn-jjj-25c-03-V2-LOCATIONS__seed5/solution_witnesses.json,7f1fe2e83703cab5438dae47384d047f7fe9ff03498742b6071786d1ed7ac54a,9170
D6-E2-STAGED__cn-jjj-50c-01-V2-LOCATIONS__seed1,baselines/e2_final_campaign_20260720/corrected_china81_rerun_v7_small_archive_ledger_20260724/full_gate/tasks/D6-E2-STAGED__cn-jjj-50c-01-V2-LOCATIONS__seed1/solution_witnesses.json,8086704b71d18479fe26e9003a4479cf7f0fcebd14628a3c7d24ad7975ffe47b,10463
D6-E2-STAGED__cn-jjj-50c-01-V2-LOCATIONS__seed2,baselines/e2_final_campaign_20260720/corrected_china81_rerun_v7_small_archive_ledger_20260724/full_gate/tasks/D6-E2-STAGED__cn-jjj-50c-01-V2-LOCATIONS__seed2/solution_witnesses.json,ee683c7b230a63bd6da5b961c1839f165ca43676bfcd9a167afeb079528dbc60,10463
D6-E2-STAGED__cn-jjj-50c-01-V2-LOCATIONS__seed3,baselines/e2_final_campaign_20260720/corrected_china81_rerun_v7_small_archive_ledger_20260724/full_gate/tasks/D6-E2-STAGED__cn-jjj-50c-01-V2-LOCATIONS__seed3/solution_witnesses.json,8086704b71d18479fe26e9003a4479cf7f0fcebd14628a3c7d24ad7975ffe47b,10463
D6-E2-STAGED__cn-jjj-50c-01-V2-LOCATIONS__seed4,baselines/e2_final_campaign_20260720/corrected_china81_rerun_v7_small_archive_ledger_20260724/full_gate/tasks/D6-E2-STAGED__cn-jjj-50c-01-V2-LOCATIONS__seed4/solution_witnesses.json,8086704b71d18479fe26e9003a4479cf7f0fcebd14628a3c7d24ad7975ffe47b,10463
D6-E2-STAGED__cn-jjj-50c-01-V2-LOCATIONS__seed5,baselines/e2_final_campaign_20260720/corrected_china81_rerun_v7_small_archive_ledger_20260724/full_gate/tasks/D6-E2-STAGED__cn-jjj-50c-01-V2-LOCATIONS__seed5/solution_witnesses.json,774c0e5d1bec82c60ac776a1ca4f1e6148b8e86a51db7af5c870b316d760004f,10463
D6-E2-STAGED__cn-jjj-50c-02-V2-LOCATIONS__seed1,baselines/e2_final_campaign_20260720/corrected_china81_rerun_v7_small_archive_ledger_20260724/full_gate/tasks/D6-E2-STAGED__cn-jjj-50c-02-V2-LOCATIONS__seed1/solution_witnesses.json,916ffbb62d99a645e08602c42c2faf7693e620ab282fd9d5b284b9f8a2689e1e,12741
D6-E2-STAGED__cn-jjj-50c-02-V2-LOCATIONS__seed2,baselines/e2_final_campaign_20260720/corrected_china81_rerun_v7_small_archive_ledger_20260724/full_gate/tasks/D6-E2-STAGED__cn-jjj-50c-02-V2-LOCATIONS__seed2/solution_witnesses.json,3745c97e2047af3f3f4a79a2f1f7d15a0f35f72dca258fd4931017f79cdf6e1f,12741
D6-E2-STAGED__cn-jjj-50c-02-V2-LOCATIONS__seed3,baselines/e2_final_campaign_20260720/corrected_china81_rerun_v7_small_archive_ledger_20260724/full_gate/tasks/D6-E2-STAGED__cn-jjj-50c-02-V2-LOCATIONS__seed3/solution_witnesses.json,f63c11621870c721d34ffe0b3532187ae803559e2a0ca4b151631f204f47109b,12741
D6-E2-STAGED__cn-jjj-50c-02-V2-LOCATIONS__seed4,baselines/e2_final_campaign_20260720/corrected_china81_rerun_v7_small_archive_ledger_20260724/full_gate/tasks/D6-E2-STAGED__cn-jjj-50c-02-V2-LOCATIONS__seed4/solution_witnesses.json,201b4294d8b86f0ae66b47291ff7ad705c3a7ffb51361ba921b7c3add5c2acac,12741
D6-E2-STAGED__cn-jjj-50c-02-V2-LOCATIONS__seed5,baselines/e2_final_campaign_20260720/corrected_china81_rerun_v7_small_archive_ledger_20260724/full_gate/tasks/D6-E2-STAGED__cn-jjj-50c-02-V2-LOCATIONS__seed5/solution_witnesses.json,7b8efe1583209736b8456f314a088074901cb8dabcbe8e33cd934b884c4ef4e6,12741
D6-E2-STAGED__cn-jjj-50c-03-V2-LOCATIONS__seed1,baselines/e2_final_campaign_20260720/corrected_china81_rerun_v7_small_archive_ledger_20260724/full_gate/tasks/D6-E2-STAGED__cn-jjj-50c-03-V2-LOCATIONS__seed1/solution_witnesses.json,0d8644be02ff43e59188844326739605228ff1dc9d9b5bca5ee505e39637bb26,14647
D6-E2-STAGED__cn-jjj-50c-03-V2-LOCATIONS__seed2,baselines/e2_final_campaign_20260720/corrected_china81_rerun_v7_small_archive_ledger_20260724/full_gate/tasks/D6-E2-STAGED__cn-jjj-50c-03-V2-LOCATIONS__seed2/solution_witnesses.json,040ce36d283258bdefc541392edbce350c8b239fc0292f1399864cd584f71831,14647
D6-E2-STAGED__cn-jjj-50c-03-V2-LOCATIONS__seed3,baselines/e2_final_campaign_20260720/corrected_china81_rerun_v7_small_archive_ledger_20260724/full_gate/tasks/D6-E2-STAGED__cn-jjj-50c-03-V2-LOCATIONS__seed3/solution_witnesses.json,20a795885ae9ddfb8587205a557652d03a43e643cfc4f9ba87257a437eb6d0e5,14647
D6-E2-STAGED__cn-jjj-50c-03-V2-LOCATIONS__seed4,baselines/e2_final_campaign_20260720/corrected_china81_rerun_v7_small_archive_ledger_20260724/full_gate/tasks/D6-E2-STAGED__cn-jjj-50c-03-V2-LOCATIONS__seed4/solution_witnesses.json,040ce36d283258bdefc541392edbce350c8b239fc0292f1399864cd584f71831,14647
D6-E2-STAGED__cn-jjj-50c-03-V2-LOCATIONS__seed5,baselines/e2_final_campaign_20260720/corrected_china81_rerun_v7_small_archive_ledger_20260724/full_gate/tasks/D6-E2-STAGED__cn-jjj-50c-03-V2-LOCATIONS__seed5/solution_witnesses.json,3e5d017a600005afd3d26cebbba8907d46ce546caabb552c956ebe683835cb36,14647
D6-E2-STAGED__cn-jjj-75c-01-V2-LOCATIONS__seed1,baselines/e2_final_campaign_20260720/corrected_china81_rerun_v7_small_archive_ledger_20260724/full_gate/tasks/D6-E2-STAGED__cn-jjj-75c-01-V2-LOCATIONS__seed1/solution_witnesses.json,a1dba886959f2da50b136b145f9855466a06c863faeacc0bc7c7bfb1450a1dd9,17777
D6-E2-STAGED__cn-jjj-75c-01-V2-LOCATIONS__seed2,baselines/e2_final_campaign_20260720/corrected_china81_rerun_v7_small_archive_ledger_20260724/full_gate/tasks/D6-E2-STAGED__cn-jjj-75c-01-V2-LOCATIONS__seed2/solution_witnesses.json,5cac5e7b714a8835b2f094ca428a656644c9e0ffcec0337f57bc60eb248c6db1,17777
D6-E2-STAGED__cn-jjj-75c-01-V2-LOCATIONS__seed3,baselines/e2_final_campaign_20260720/corrected_china81_rerun_v7_small_archive_ledger_20260724/full_gate/tasks/D6-E2-STAGED__cn-jjj-75c-01-V2-LOCATIONS__seed3/solution_witnesses.json,6afe665704384bb25d3d856cad28fcba0c15828482d09bc3c97201c23ce13e77,17777
D6-E2-STAGED__cn-jjj-75c-01-V2-LOCATIONS__seed4,baselines/e2_final_campaign_20260720/corrected_china81_rerun_v7_small_archive_ledger_20260724/full_gate/tasks/D6-E2-STAGED__cn-jjj-75c-01-V2-LOCATIONS__seed4/solution_witnesses.json,548aab04fd867e6273ecc5d6b4a4d1942779ac7af144c0e4e204487453649521,17777
D6-E2-STAGED__cn-jjj-75c-01-V2-LOCATIONS__seed5,baselines/e2_final_campaign_20260720/corrected_china81_rerun_v7_small_archive_ledger_20260724/full_gate/tasks/D6-E2-STAGED__cn-jjj-75c-01-V2-LOCATIONS__seed5/solution_witnesses.json,70cd22bac8bd2af2647918b554a951456fc3170b0fc202b6309c1f2359e5ad5d,17777
D6-E2-STAGED__cn-jjj-75c-02-V2-LOCATIONS__seed1,baselines/e2_final_campaign_20260720/corrected_china81_rerun_v7_small_archive_ledger_20260724/full_gate/tasks/D6-E2-STAGED__cn-jjj-75c-02-V2-LOCATIONS__seed1/solution_witnesses.json,6f382671e3d0ffa581c1d0606a063f3a68b9b60c26415f2ff3e495460ad93869,15495
D6-E2-STAGED__cn-jjj-75c-02-V2-LOCATIONS__seed2,baselines/e2_final_campaign_20260720/corrected_china81_rerun_v7_small_archive_ledger_20260724/full_gate/tasks/D6-E2-STAGED__cn-jjj-75c-02-V2-LOCATIONS__seed2/solution_witnesses.json,2a0ede4ce0d65a4f502dfed776a54f38376f24fd9008e8c93451aaba4d0adc65,15495
D6-E2-STAGED__cn-jjj-75c-02-V2-LOCATIONS__seed3,baselines/e2_final_campaign_20260720/corrected_china81_rerun_v7_small_archive_ledger_20260724/full_gate/tasks/D6-E2-STAGED__cn-jjj-75c-02-V2-LOCATIONS__seed3/solution_witnesses.json,4d6781c39030e619ff167edb6ed237d10589c488d9cc699e7e3c5d9511d3b57b,15495
D6-E2-STAGED__cn-jjj-75c-02-V2-LOCATIONS__seed4,baselines/e2_final_campaign_20260720/corrected_china81_rerun_v7_small_archive_ledger_20260724/full_gate/tasks/D6-E2-STAGED__cn-jjj-75c-02-V2-LOCATIONS__seed4/solution_witnesses.json,6f382671e3d0ffa581c1d0606a063f3a68b9b60c26415f2ff3e495460ad93869,15495
D6-E2-STAGED__cn-jjj-75c-02-V2-LOCATIONS__seed5,baselines/e2_final_campaign_20260720/corrected_china81_rerun_v7_small_archive_ledger_20260724/full_gate/tasks/D6-E2-STAGED__cn-jjj-75c-02-V2-LOCATIONS__seed5/solution_witnesses.json,76bb7187bb35aa9e9def275113447e37d99e1c3451a826af750009820037f68c,15495
D6-E2-STAGED__cn-jjj-75c-03-V2-LOCATIONS__seed1,baselines/e2_final_campaign_20260720/corrected_china81_rerun_v7_small_archive_ledger_20260724/full_gate/tasks/D6-E2-STAGED__cn-jjj-75c-03-V2-LOCATIONS__seed1/solution_witnesses.json,558effdae04eb1651e61dcb3298f4f44fad454960db17bb47b677769a025676a,18868
D6-E2-STAGED__cn-jjj-75c-03-V2-LOCATIONS__seed2,baselines/e2_final_campaign_20260720/corrected_china81_rerun_v7_small_archive_ledger_20260724/full_gate/tasks/D6-E2-STAGED__cn-jjj-75c-03-V2-LOCATIONS__seed2/solution_witnesses.json,fb45cfd7e7804a4fff2ab28c1e600a8632882ce290280d2fb4848743ab3aaa7f,18884
D6-E2-STAGED__cn-jjj-75c-03-V2-LOCATIONS__seed3,baselines/e2_final_campaign_20260720/corrected_china81_rerun_v7_small_archive_ledger_20260724/full_gate/tasks/D6-E2-STAGED__cn-jjj-75c-03-V2-LOCATIONS__seed3/solution_witnesses.json,becfc4dbff45c6996b34b7dcaf9794d055be40bcfdd15c4c046d2ecee3a1f69c,18870
D6-E2-STAGED__cn-jjj-75c-03-V2-LOCATIONS__seed4,baselines/e2_final_campaign_20260720/corrected_china81_rerun_v7_small_archive_ledger_20260724/full_gate/tasks/D6-E2-STAGED__cn-jjj-75c-03-V2-LOCATIONS__seed4/solution_witnesses.json,6a8222b4016b3a73e9adaf9b984bb305f1eca0ae26bed0c9e5b4fb9c3c1cf494,18888
D6-E2-STAGED__cn-jjj-75c-03-V2-LOCATIONS__seed5,baselines/e2_final_campaign_20260720/corrected_china81_rerun_v7_small_archive_ledger_20260724/full_gate/tasks/D6-E2-STAGED__cn-jjj-75c-03-V2-LOCATIONS__seed5/solution_witnesses.json,43f1dc5c7b27ff00ee3bc71c4a729b7b9a525048a3c53f867e2cf135dfad5b2d,18869
D6-E2-STAGED__cn-prd-100c-01-V2-LOCATIONS__seed1,baselines/e2_final_campaign_20260720/corrected_china81_rerun_v7_small_archive_ledger_20260724/full_gate/tasks/D6-E2-STAGED__cn-prd-100c-01-V2-LOCATIONS__seed1/solution_witnesses.json,ddb844fbd02633c119b5a5bbac97949136e33d5f3457f9a7fcfa2638217053c8,21464
D6-E2-STAGED__cn-prd-100c-01-V2-LOCATIONS__seed2,baselines/e2_final_campaign_20260720/corrected_china81_rerun_v7_small_archive_ledger_20260724/full_gate/tasks/D6-E2-STAGED__cn-prd-100c-01-V2-LOCATIONS__seed2/solution_witnesses.json,95dd54150317a415ab1065d3b286ff4c0b6177cf96d3b3315f9ec31a3d2e0950,21093
D6-E2-STAGED__cn-prd-100c-01-V2-LOCATIONS__seed3,baselines/e2_final_campaign_20260720/corrected_china81_rerun_v7_small_archive_ledger_20260724/full_gate/tasks/D6-E2-STAGED__cn-prd-100c-01-V2-LOCATIONS__seed3/solution_witnesses.json,ee79c370a31256efa7ad3847baeb0cafeffbd44115c67dd8912e78510db92152,21093
D6-E2-STAGED__cn-prd-100c-01-V2-LOCATIONS__seed4,baselines/e2_final_campaign_20260720/corrected_china81_rerun_v7_small_archive_ledger_20260724/full_gate/tasks/D6-E2-STAGED__cn-prd-100c-01-V2-LOCATIONS__seed4/solution_witnesses.json,1fe67642fe26fc7d6c1dc33fb0c4edba56b0192e9844de187045e83745f38334,21093
D6-E2-STAGED__cn-prd-100c-01-V2-LOCATIONS__seed5,baselines/e2_final_campaign_20260720/corrected_china81_rerun_v7_small_archive_ledger_20260724/full_gate/tasks/D6-E2-STAGED__cn-prd-100c-01-V2-LOCATIONS__seed5/solution_witnesses.json,47d43601943c58a3c93f2898388902f12f8751597e7251003e625956e0da919e,21109
D6-E2-STAGED__cn-prd-100c-02-V2-LOCATIONS__seed1,baselines/e2_final_campaign_20260720/corrected_china81_rerun_v7_small_archive_ledger_20260724/full_gate/tasks/D6-E2-STAGED__cn-prd-100c-02-V2-LOCATIONS__seed1/solution_witnesses.json,8c1db9fe9ece0c3886b4d9a0628de013a96128212953951b0666f3be77377e64,25033
D6-E2-STAGED__cn-prd-100c-02-V2-LOCATIONS__seed2,baselines/e2_final_campaign_20260720/corrected_china81_rerun_v7_small_archive_ledger_20260724/full_gate/tasks/D6-E2-STAGED__cn-prd-100c-02-V2-LOCATIONS__seed2/solution_witnesses.json,0ca7481790944bfd47dcd1c11424189ec587ab79c0084d0899578b025cafab17,25031
D6-E2-STAGED__cn-prd-100c-02-V2-LOCATIONS__seed3,baselines/e2_final_campaign_20260720/corrected_china81_rerun_v7_small_archive_ledger_20260724/full_gate/tasks/D6-E2-STAGED__cn-prd-100c-02-V2-LOCATIONS__seed3/solution_witnesses.json,e56c1272ad5fb68cc2ffa3ac6d272ba0e2d8b11c9967203101f96e9d59b6df77,25053
D6-E2-STAGED__cn-prd-100c-02-V2-LOCATIONS__seed4,baselines/e2_final_campaign_20260720/corrected_china81_rerun_v7_small_archive_ledger_20260724/full_gate/tasks/D6-E2-STAGED__cn-prd-100c-02-V2-LOCATIONS__seed4/solution_witnesses.json,9a9d830459887de2271e70f00e7d08c3ee1814f6c83971ada00afd8c8678637a,25035
D6-E2-STAGED__cn-prd-100c-02-V2-LOCATIONS__seed5,baselines/e2_final_campaign_20260720/corrected_china81_rerun_v7_small_archive_ledger_20260724/full_gate/tasks/D6-E2-STAGED__cn-prd-100c-02-V2-LOCATIONS__seed5/solution_witnesses.json,5253843a631b404d9b16f670052a38c593625d4ec3a40054fc036b70e0e2e91b,25051
D6-E2-STAGED__cn-prd-100c-03-V2-LOCATIONS__seed1,baselines/e2_final_campaign_20260720/corrected_china81_rerun_v7_small_archive_ledger_20260724/full_gate/tasks/D6-E2-STAGED__cn-prd-100c-03-V2-LOCATIONS__seed1/solution_witnesses.json,2704d5d950d3c5027be15865d4da53ae5eb6d244c3df6f80c2a5c805435f3fe9,20803
D6-E2-STAGED__cn-prd-100c-03-V2-LOCATIONS__seed2,baselines/e2_final_campaign_20260720/corrected_china81_rerun_v7_small_archive_ledger_20260724/full_gate/tasks/D6-E2-STAGED__cn-prd-100c-03-V2-LOCATIONS__seed2/solution_witnesses.json,057a4514f1a53dd3d0d7ae2f3ae96d7a5d561bf5a85ec0286cb6dc2a646960b6,20803
D6-E2-STAGED__cn-prd-100c-03-V2-LOCATIONS__seed3,baselines/e2_final_campaign_20260720/corrected_china81_rerun_v7_small_archive_ledger_20260724/full_gate/tasks/D6-E2-STAGED__cn-prd-100c-03-V2-LOCATIONS__seed3/solution_witnesses.json,0fec007a35551b62496afa4f73503e013e851c6ca304cf20011c60d76bde6b5b,20803
D6-E2-STAGED__cn-prd-100c-03-V2-LOCATIONS__seed4,baselines/e2_final_campaign_20260720/corrected_china81_rerun_v7_small_archive_ledger_20260724/full_gate/tasks/D6-E2-STAGED__cn-prd-100c-03-V2-LOCATIONS__seed4/solution_witnesses.json,395d18ea5594ca17d7fc5d206bf53819b80feabf7767051ad4cf4ba360a53161,20803
D6-E2-STAGED__cn-prd-100c-03-V2-LOCATIONS__seed5,baselines/e2_final_campaign_20260720/corrected_china81_rerun_v7_small_archive_ledger_20260724/full_gate/tasks/D6-E2-STAGED__cn-prd-100c-03-V2-LOCATIONS__seed5/solution_witnesses.json,97be1121cbb34ce39807b3b0992b678089b1e9a608e46772f7ea44432886faac,20819
D6-E2-STAGED__cn-prd-10c-01-V2-LOCATIONS__seed1,baselines/e2_final_campaign_20260720/corrected_china81_rerun_v7_small_archive_ledger_20260724/full_gate/tasks/D6-E2-STAGED__cn-prd-10c-01-V2-LOCATIONS__seed1/solution_witnesses.json,ff5f324d311bfce5efb43bfbb178363bf435052c18208a18df676a6ce1bf92f5,2759
D6-E2-STAGED__cn-prd-10c-01-V2-LOCATIONS__seed2,baselines/e2_final_campaign_20260720/corrected_china81_rerun_v7_small_archive_ledger_20260724/full_gate/tasks/D6-E2-STAGED__cn-prd-10c-01-V2-LOCATIONS__seed2/solution_witnesses.json,231b3e4b667cfbbcca911365333669bbd1bb779666bc7a3ca26b1fd2dab13f92,2759
D6-E2-STAGED__cn-prd-10c-01-V2-LOCATIONS__seed3,baselines/e2_final_campaign_20260720/corrected_china81_rerun_v7_small_archive_ledger_20260724/full_gate/tasks/D6-E2-STAGED__cn-prd-10c-01-V2-LOCATIONS__seed3/solution_witnesses.json,ff5f324d311bfce5efb43bfbb178363bf435052c18208a18df676a6ce1bf92f5,2759
D6-E2-STAGED__cn-prd-10c-01-V2-LOCATIONS__seed4,baselines/e2_final_campaign_20260720/corrected_china81_rerun_v7_small_archive_ledger_20260724/full_gate/tasks/D6-E2-STAGED__cn-prd-10c-01-V2-LOCATIONS__seed4/solution_witnesses.json,231b3e4b667cfbbcca911365333669bbd1bb779666bc7a3ca26b1fd2dab13f92,2759
D6-E2-STAGED__cn-prd-10c-01-V2-LOCATIONS__seed5,baselines/e2_final_campaign_20260720/corrected_china81_rerun_v7_small_archive_ledger_20260724/full_gate/tasks/D6-E2-STAGED__cn-prd-10c-01-V2-LOCATIONS__seed5/solution_witnesses.json,ff5f324d311bfce5efb43bfbb178363bf435052c18208a18df676a6ce1bf92f5,2759
D6-E2-STAGED__cn-prd-10c-02-V2-LOCATIONS__seed1,baselines/e2_final_campaign_20260720/corrected_china81_rerun_v7_small_archive_ledger_20260724/full_gate/tasks/D6-E2-STAGED__cn-prd-10c-02-V2-LOCATIONS__seed1/solution_witnesses.json,52c02f8be089ec4c3d2d4bc1df1778bf9da9b13f67f7d7b1a08fcda92e06c4eb,4239
D6-E2-STAGED__cn-prd-10c-02-V2-LOCATIONS__seed2,baselines/e2_final_campaign_20260720/corrected_china81_rerun_v7_small_archive_ledger_20260724/full_gate/tasks/D6-E2-STAGED__cn-prd-10c-02-V2-LOCATIONS__seed2/solution_witnesses.json,52c02f8be089ec4c3d2d4bc1df1778bf9da9b13f67f7d7b1a08fcda92e06c4eb,4239
D6-E2-STAGED__cn-prd-10c-02-V2-LOCATIONS__seed3,baselines/e2_final_campaign_20260720/corrected_china81_rerun_v7_small_archive_ledger_20260724/full_gate/tasks/D6-E2-STAGED__cn-prd-10c-02-V2-LOCATIONS__seed3/solution_witnesses.json,52c02f8be089ec4c3d2d4bc1df1778bf9da9b13f67f7d7b1a08fcda92e06c4eb,4239
D6-E2-STAGED__cn-prd-10c-02-V2-LOCATIONS__seed4,baselines/e2_final_campaign_20260720/corrected_china81_rerun_v7_small_archive_ledger_20260724/full_gate/tasks/D6-E2-STAGED__cn-prd-10c-02-V2-LOCATIONS__seed4/solution_witnesses.json,52c02f8be089ec4c3d2d4bc1df1778bf9da9b13f67f7d7b1a08fcda92e06c4eb,4239
D6-E2-STAGED__cn-prd-10c-02-V2-LOCATIONS__seed5,baselines/e2_final_campaign_20260720/corrected_china81_rerun_v7_small_archive_ledger_20260724/full_gate/tasks/D6-E2-STAGED__cn-prd-10c-02-V2-LOCATIONS__seed5/solution_witnesses.json,52c02f8be089ec4c3d2d4bc1df1778bf9da9b13f67f7d7b1a08fcda92e06c4eb,4239
D6-E2-STAGED__cn-prd-10c-03-V2-LOCATIONS__seed1,baselines/e2_final_campaign_20260720/corrected_china81_rerun_v7_small_archive_ledger_20260724/full_gate/tasks/D6-E2-STAGED__cn-prd-10c-03-V2-LOCATIONS__seed1/solution_witnesses.json,b14a901b9ab59d7b6ea4254b2f1f79c713b5c36598e8574d34af3ddddae9fc99,4228
D6-E2-STAGED__cn-prd-10c-03-V2-LOCATIONS__seed2,baselines/e2_final_campaign_20260720/corrected_china81_rerun_v7_small_archive_ledger_20260724/full_gate/tasks/D6-E2-STAGED__cn-prd-10c-03-V2-LOCATIONS__seed2/solution_witnesses.json,8b32f0e2ce18eba8b119447c6478fdee6bc5e330bcfc92734706139b4f5c3564,4228
D6-E2-STAGED__cn-prd-10c-03-V2-LOCATIONS__seed3,baselines/e2_final_campaign_20260720/corrected_china81_rerun_v7_small_archive_ledger_20260724/full_gate/tasks/D6-E2-STAGED__cn-prd-10c-03-V2-LOCATIONS__seed3/solution_witnesses.json,8b32f0e2ce18eba8b119447c6478fdee6bc5e330bcfc92734706139b4f5c3564,4228
D6-E2-STAGED__cn-prd-10c-03-V2-LOCATIONS__seed4,baselines/e2_final_campaign_20260720/corrected_china81_rerun_v7_small_archive_ledger_20260724/full_gate/tasks/D6-E2-STAGED__cn-prd-10c-03-V2-LOCATIONS__seed4/solution_witnesses.json,8b32f0e2ce18eba8b119447c6478fdee6bc5e330bcfc92734706139b4f5c3564,4228
D6-E2-STAGED__cn-prd-10c-03-V2-LOCATIONS__seed5,baselines/e2_final_campaign_20260720/corrected_china81_rerun_v7_small_archive_ledger_20260724/full_gate/tasks/D6-E2-STAGED__cn-prd-10c-03-V2-LOCATIONS__seed5/solution_witnesses.json,8b32f0e2ce18eba8b119447c6478fdee6bc5e330bcfc92734706139b4f5c3564,4228
D6-E2-STAGED__cn-prd-150c-01-V2-LOCATIONS__seed1,baselines/e2_final_campaign_20260720/corrected_china81_rerun_v7_small_archive_ledger_20260724/full_gate/tasks/D6-E2-STAGED__cn-prd-150c-01-V2-LOCATIONS__seed1/solution_witnesses.json,c94f30bfbcca3605e330e3de5db162a37fd1070c4cbd2645ba4a2e87c90d904b,35313
D6-E2-STAGED__cn-prd-150c-01-V2-LOCATIONS__seed2,baselines/e2_final_campaign_20260720/corrected_china81_rerun_v7_small_archive_ledger_20260724/full_gate/tasks/D6-E2-STAGED__cn-prd-150c-01-V2-LOCATIONS__seed2/solution_witnesses.json,f851c12cf77f5b33998764f0d915eea7363b4dea5d139b61495067067d15e289,35957
D6-E2-STAGED__cn-prd-150c-01-V2-LOCATIONS__seed3,baselines/e2_final_campaign_20260720/corrected_china81_rerun_v7_small_archive_ledger_20260724/full_gate/tasks/D6-E2-STAGED__cn-prd-150c-01-V2-LOCATIONS__seed3/solution_witnesses.json,ce59d423672dfb5b2b7ba2e717347153ad1084d9b43121d8155d69dbe79c118d,35787
D6-E2-STAGED__cn-prd-150c-01-V2-LOCATIONS__seed4,baselines/e2_final_campaign_20260720/corrected_china81_rerun_v7_small_archive_ledger_20260724/full_gate/tasks/D6-E2-STAGED__cn-prd-150c-01-V2-LOCATIONS__seed4/solution_witnesses.json,8143024173e13ee6fb7c41c411149bf44e0beb33e1cfe90bbf523e3fe7cfa71c,35306
D6-E2-STAGED__cn-prd-150c-01-V2-LOCATIONS__seed5,baselines/e2_final_campaign_20260720/corrected_china81_rerun_v7_small_archive_ledger_20260724/full_gate/tasks/D6-E2-STAGED__cn-prd-150c-01-V2-LOCATIONS__seed5/solution_witnesses.json,b7b90f4343f569492eb1944d348e1a19b114d73dd07a0650bc48a9f95ff15050,36378
D6-E2-STAGED__cn-prd-150c-02-V2-LOCATIONS__seed1,baselines/e2_final_campaign_20260720/corrected_china81_rerun_v7_small_archive_ledger_20260724/full_gate/tasks/D6-E2-STAGED__cn-prd-150c-02-V2-LOCATIONS__seed1/solution_witnesses.json,526d04c2ea3ca5ffa4cdb39a7a093ccd8bad9b438c2b3719602467de6c541f8f,34018
D6-E2-STAGED__cn-prd-150c-02-V2-LOCATIONS__seed2,baselines/e2_final_campaign_20260720/corrected_china81_rerun_v7_small_archive_ledger_20260724/full_gate/tasks/D6-E2-STAGED__cn-prd-150c-02-V2-LOCATIONS__seed2/solution_witnesses.json,4c02d3356df7b5278e5e933af530d45c50c09712145fa9c3bb42735880d56409,37277
D6-E2-STAGED__cn-prd-150c-02-V2-LOCATIONS__seed3,baselines/e2_final_campaign_20260720/corrected_china81_rerun_v7_small_archive_ledger_20260724/full_gate/tasks/D6-E2-STAGED__cn-prd-150c-02-V2-LOCATIONS__seed3/solution_witnesses.json,83b91a2ae4bab38dbd914fc1ce6b9d8be34f5150b76e2364b8ccf0415d914518,34042
D6-E2-STAGED__cn-prd-150c-02-V2-LOCATIONS__seed4,baselines/e2_final_campaign_20260720/corrected_china81_rerun_v7_small_archive_ledger_20260724/full_gate/tasks/D6-E2-STAGED__cn-prd-150c-02-V2-LOCATIONS__seed4/solution_witnesses.json,0b9df365315d12716915b41814c3067ff36bb0433f318a86ce48b46d1aeff3a6,35121
D6-E2-STAGED__cn-prd-150c-02-V2-LOCATIONS__seed5,baselines/e2_final_campaign_20260720/corrected_china81_rerun_v7_small_archive_ledger_20260724/full_gate/tasks/D6-E2-STAGED__cn-prd-150c-02-V2-LOCATIONS__seed5/solution_witnesses.json,1a661d9e055d85cbbf955325a579e0591ba3689199eae1435fd47288fa78a877,34888
D6-E2-STAGED__cn-prd-150c-03-V2-LOCATIONS__seed1,baselines/e2_final_campaign_20260720/corrected_china81_rerun_v7_small_archive_ledger_20260724/full_gate/tasks/D6-E2-STAGED__cn-prd-150c-03-V2-LOCATIONS__seed1/solution_witnesses.json,497795305c0819f23ae79a59eccec44fe166a91d30c2037509b6b0490ade16bd,32933
D6-E2-STAGED__cn-prd-150c-03-V2-LOCATIONS__seed2,baselines/e2_final_campaign_20260720/corrected_china81_rerun_v7_small_archive_ledger_20260724/full_gate/tasks/D6-E2-STAGED__cn-prd-150c-03-V2-LOCATIONS__seed2/solution_witnesses.json,674f69ab1251763ce813cc449c1e254e6b9af206d5a04be7eaa54b416109d52f,32591
D6-E2-STAGED__cn-prd-150c-03-V2-LOCATIONS__seed3,baselines/e2_final_campaign_20260720/corrected_china81_rerun_v7_small_archive_ledger_20260724/full_gate/tasks/D6-E2-STAGED__cn-prd-150c-03-V2-LOCATIONS__seed3/solution_witnesses.json,7e83fc013aa049b9d209fd7ed0311dfc1045aebca28a2912a3e35f94c21db358,35564
D6-E2-STAGED__cn-prd-150c-03-V2-LOCATIONS__seed4,baselines/e2_final_campaign_20260720/corrected_china81_rerun_v7_small_archive_ledger_20260724/full_gate/tasks/D6-E2-STAGED__cn-prd-150c-03-V2-LOCATIONS__seed4/solution_witnesses.json,4676e3bc5fe1ab4fd5f20ff5eb6d65e320fb00c3cc18e1022dbe593f8ff67a28,34454
D6-E2-STAGED__cn-prd-150c-03-V2-LOCATIONS__seed5,baselines/e2_final_campaign_20260720/corrected_china81_rerun_v7_small_archive_ledger_20260724/full_gate/tasks/D6-E2-STAGED__cn-prd-150c-03-V2-LOCATIONS__seed5/solution_witnesses.json,d55701bf5e2e94435be2dc251826fc5203ecbdaa4b44b3877424b34eaf5267c7,32934
D6-E2-STAGED__cn-prd-15c-01-V2-LOCATIONS__seed1,baselines/e2_final_campaign_20260720/corrected_china81_rerun_v7_small_archive_ledger_20260724/full_gate/tasks/D6-E2-STAGED__cn-prd-15c-01-V2-LOCATIONS__seed1/solution_witnesses.json,90366c8dad26fe11cff3bf517ca3a9da9d9cca34259df2c8a751eaf678102e5c,5419
D6-E2-STAGED__cn-prd-15c-01-V2-LOCATIONS__seed2,baselines/e2_final_campaign_20260720/corrected_china81_rerun_v7_small_archive_ledger_20260724/full_gate/tasks/D6-E2-STAGED__cn-prd-15c-01-V2-LOCATIONS__seed2/solution_witnesses.json,fca52d273d7627ce38a99e2ad324d1509863f207e5eedaef90e83bf5995c45f7,5419
D6-E2-STAGED__cn-prd-15c-01-V2-LOCATIONS__seed3,baselines/e2_final_campaign_20260720/corrected_china81_rerun_v7_small_archive_ledger_20260724/full_gate/tasks/D6-E2-STAGED__cn-prd-15c-01-V2-LOCATIONS__seed3/solution_witnesses.json,ea39cce12946cf6d5ce509fc7f04a16099cd9ebf1ec88f71128ac24425b47dab,5419
D6-E2-STAGED__cn-prd-15c-01-V2-LOCATIONS__seed4,baselines/e2_final_campaign_20260720/corrected_china81_rerun_v7_small_archive_ledger_20260724/full_gate/tasks/D6-E2-STAGED__cn-prd-15c-01-V2-LOCATIONS__seed4/solution_witnesses.json,0d8feb2c60d680ec687ed7acfe2db04979a74b90ba78508d16777caaca19ac5c,5419
D6-E2-STAGED__cn-prd-15c-01-V2-LOCATIONS__seed5,baselines/e2_final_campaign_20260720/corrected_china81_rerun_v7_small_archive_ledger_20260724/full_gate/tasks/D6-E2-STAGED__cn-prd-15c-01-V2-LOCATIONS__seed5/solution_witnesses.json,c9a4a53dd5bf7c72b1da05e9dfe49e91495a4e9918e0428fe27c963f28bfbd65,5419
D6-E2-STAGED__cn-prd-15c-02-V2-LOCATIONS__seed1,baselines/e2_final_campaign_20260720/corrected_china81_rerun_v7_small_archive_ledger_20260724/full_gate/tasks/D6-E2-STAGED__cn-prd-15c-02-V2-LOCATIONS__seed1/solution_witnesses.json,031b66e4a876ace2e2b85d4fda952fd65d9c04f039a606ddfc831218e2cc293c,5423
D6-E2-STAGED__cn-prd-15c-02-V2-LOCATIONS__seed2,baselines/e2_final_campaign_20260720/corrected_china81_rerun_v7_small_archive_ledger_20260724/full_gate/tasks/D6-E2-STAGED__cn-prd-15c-02-V2-LOCATIONS__seed2/solution_witnesses.json,78d4789c5fc1abd3593a70a115c4d2f6f7f5bf993709c773fa93c9a6373df413,5423
D6-E2-STAGED__cn-prd-15c-02-V2-LOCATIONS__seed3,baselines/e2_final_campaign_20260720/corrected_china81_rerun_v7_small_archive_ledger_20260724/full_gate/tasks/D6-E2-STAGED__cn-prd-15c-02-V2-LOCATIONS__seed3/solution_witnesses.json,0dac390de7df82454dadbbf87662152427b363a341b28a2fba4df6202cf6dc1e,5423
D6-E2-STAGED__cn-prd-15c-02-V2-LOCATIONS__seed4,baselines/e2_final_campaign_20260720/corrected_china81_rerun_v7_small_archive_ledger_20260724/full_gate/tasks/D6-E2-STAGED__cn-prd-15c-02-V2-LOCATIONS__seed4/solution_witnesses.json,78d4789c5fc1abd3593a70a115c4d2f6f7f5bf993709c773fa93c9a6373df413,5423
D6-E2-STAGED__cn-prd-15c-02-V2-LOCATIONS__seed5,baselines/e2_final_campaign_20260720/corrected_china81_rerun_v7_small_archive_ledger_20260724/full_gate/tasks/D6-E2-STAGED__cn-prd-15c-02-V2-LOCATIONS__seed5/solution_witnesses.json,d675378553be74e05684cd64fcd765796fc48ea1d72cc666dace898bc4a36293,5423
D6-E2-STAGED__cn-prd-15c-03-V2-LOCATIONS__seed1,baselines/e2_final_campaign_20260720/corrected_china81_rerun_v7_small_archive_ledger_20260724/full_gate/tasks/D6-E2-STAGED__cn-prd-15c-03-V2-LOCATIONS__seed1/solution_witnesses.json,76a66a2a9963ed84886795b3298a2ff0283236e25d31acec73ab566d826e7679,5419
D6-E2-STAGED__cn-prd-15c-03-V2-LOCATIONS__seed2,baselines/e2_final_campaign_20260720/corrected_china81_rerun_v7_small_archive_ledger_20260724/full_gate/tasks/D6-E2-STAGED__cn-prd-15c-03-V2-LOCATIONS__seed2/solution_witnesses.json,94431341ebebb2e56153a786075985c494da3954c10efacb78e0fb44d48fb76b,5419
D6-E2-STAGED__cn-prd-15c-03-V2-LOCATIONS__seed3,baselines/e2_final_campaign_20260720/corrected_china81_rerun_v7_small_archive_ledger_20260724/full_gate/tasks/D6-E2-STAGED__cn-prd-15c-03-V2-LOCATIONS__seed3/solution_witnesses.json,a82f2c9a9b3f57b76c69668b6d16271c0a49f04c17b9e9ecdb21b65830a9e53f,5419
D6-E2-STAGED__cn-prd-15c-03-V2-LOCATIONS__seed4,baselines/e2_final_campaign_20260720/corrected_china81_rerun_v7_small_archive_ledger_20260724/full_gate/tasks/D6-E2-STAGED__cn-prd-15c-03-V2-LOCATIONS__seed4/solution_witnesses.json,d9decd053534fa54ca14e94b32a4a75f8319a90c20e2d83f6c92c6d223e7f8d9,5419
D6-E2-STAGED__cn-prd-15c-03-V2-LOCATIONS__seed5,baselines/e2_final_campaign_20260720/corrected_china81_rerun_v7_small_archive_ledger_20260724/full_gate/tasks/D6-E2-STAGED__cn-prd-15c-03-V2-LOCATIONS__seed5/solution_witnesses.json,73ba48957cbdb3e5165be51ed0a5782e03cc9940daa317c6be088c6c96e4fdc0,5419
D6-E2-STAGED__cn-prd-200c-01-V2-LOCATIONS__seed1,baselines/e2_final_campaign_20260720/corrected_china81_rerun_v7_small_archive_ledger_20260724/full_gate/tasks/D6-E2-STAGED__cn-prd-200c-01-V2-LOCATIONS__seed1/solution_witnesses.json,a7bef24ece5f0c9e5945eaabc4b96d6e4b32b80c5e1dcbb789788c7973f1d60c,43724
D6-E2-STAGED__cn-prd-200c-01-V2-LOCATIONS__seed2,baselines/e2_final_campaign_20260720/corrected_china81_rerun_v7_small_archive_ledger_20260724/full_gate/tasks/D6-E2-STAGED__cn-prd-200c-01-V2-LOCATIONS__seed2/solution_witnesses.json,7e6d1a2cc5b0a6cc9171b387035b8644a4fa2c2e017bde5e9c431ccedde28813,44189
D6-E2-STAGED__cn-prd-200c-01-V2-LOCATIONS__seed3,baselines/e2_final_campaign_20260720/corrected_china81_rerun_v7_small_archive_ledger_20260724/full_gate/tasks/D6-E2-STAGED__cn-prd-200c-01-V2-LOCATIONS__seed3/solution_witnesses.json,c899e4fbfb307891c126e691e715ac99189834374c1a9c60d53d552e91516433,44565
D6-E2-STAGED__cn-prd-200c-01-V2-LOCATIONS__seed4,baselines/e2_final_campaign_20260720/corrected_china81_rerun_v7_small_archive_ledger_20260724/full_gate/tasks/D6-E2-STAGED__cn-prd-200c-01-V2-LOCATIONS__seed4/solution_witnesses.json,347de9ebbbc1a7b11ef87ec647dbbce4224ab5051d102bb6d21fff8a7ae910c8,44898
D6-E2-STAGED__cn-prd-200c-01-V2-LOCATIONS__seed5,baselines/e2_final_campaign_20260720/corrected_china81_rerun_v7_small_archive_ledger_20260724/full_gate/tasks/D6-E2-STAGED__cn-prd-200c-01-V2-LOCATIONS__seed5/solution_witnesses.json,1b64c9056571e1f7705c81f6c0610041f7df15d8e29d0ebc09edb00eeb22b323,44988
D6-E2-STAGED__cn-prd-200c-02-V2-LOCATIONS__seed1,baselines/e2_final_campaign_20260720/corrected_china81_rerun_v7_small_archive_ledger_20260724/full_gate/tasks/D6-E2-STAGED__cn-prd-200c-02-V2-LOCATIONS__seed1/solution_witnesses.json,60509b41cfd5c09dbe63d1dca03f13d6ba68b669b9ccdfb012704e8a2e1481f4,44808
D6-E2-STAGED__cn-prd-200c-02-V2-LOCATIONS__seed2,baselines/e2_final_campaign_20260720/corrected_china81_rerun_v7_small_archive_ledger_20260724/full_gate/tasks/D6-E2-STAGED__cn-prd-200c-02-V2-LOCATIONS__seed2/solution_witnesses.json,ee881234d9273890217f4359ebbe3abe3dbfb8ad4d967b714259a708c6be5d0e,47806
D6-E2-STAGED__cn-prd-200c-02-V2-LOCATIONS__seed3,baselines/e2_final_campaign_20260720/corrected_china81_rerun_v7_small_archive_ledger_20260724/full_gate/tasks/D6-E2-STAGED__cn-prd-200c-02-V2-LOCATIONS__seed3/solution_witnesses.json,cbe2b4bb57334f1d663ad25406476ea51cc1b0d0351b117a4b0d05ad193d80c8,45283
D6-E2-STAGED__cn-prd-200c-02-V2-LOCATIONS__seed4,baselines/e2_final_campaign_20260720/corrected_china81_rerun_v7_small_archive_ledger_20260724/full_gate/tasks/D6-E2-STAGED__cn-prd-200c-02-V2-LOCATIONS__seed4/solution_witnesses.json,21e13d8249a582c1e112b54ae47d2d6f7db3a24b57a13ce23dd4256f8ed527cf,47838
D6-E2-STAGED__cn-prd-200c-02-V2-LOCATIONS__seed5,baselines/e2_final_campaign_20260720/corrected_china81_rerun_v7_small_archive_ledger_20260724/full_gate/tasks/D6-E2-STAGED__cn-prd-200c-02-V2-LOCATIONS__seed5/solution_witnesses.json,a56130148ee950e9b31b524695f3a7998875625bef4a81b08bac55670e31259b,45895
D6-E2-STAGED__cn-prd-200c-03-V2-LOCATIONS__seed1,baselines/e2_final_campaign_20260720/corrected_china81_rerun_v7_small_archive_ledger_20260724/full_gate/tasks/D6-E2-STAGED__cn-prd-200c-03-V2-LOCATIONS__seed1/solution_witnesses.json,f2e13275102c5551d3b2f183149701edfd9bd5026d43af84ed54b375e8f4c5e2,47735
D6-E2-STAGED__cn-prd-200c-03-V2-LOCATIONS__seed2,baselines/e2_final_campaign_20260720/corrected_china81_rerun_v7_small_archive_ledger_20260724/full_gate/tasks/D6-E2-STAGED__cn-prd-200c-03-V2-LOCATIONS__seed2/solution_witnesses.json,4ad41a9c0c07e47d805d9d3c7d5e7c11026c6a4beb504c2a98572be143b590a8,46276
D6-E2-STAGED__cn-prd-200c-03-V2-LOCATIONS__seed3,baselines/e2_final_campaign_20260720/corrected_china81_rerun_v7_small_archive_ledger_20260724/full_gate/tasks/D6-E2-STAGED__cn-prd-200c-03-V2-LOCATIONS__seed3/solution_witnesses.json,f3231e1e65b8d7a777d9145647835980304109993c2b9f47e718ca5fcf579143,46686
D6-E2-STAGED__cn-prd-200c-03-V2-LOCATIONS__seed4,baselines/e2_final_campaign_20260720/corrected_china81_rerun_v7_small_archive_ledger_20260724/full_gate/tasks/D6-E2-STAGED__cn-prd-200c-03-V2-LOCATIONS__seed4/solution_witnesses.json,77c736571aa3a8f58f66036a112ca18fc1f403ef4370680c2d8c90be404aca15,48566
D6-E2-STAGED__cn-prd-200c-03-V2-LOCATIONS__seed5,baselines/e2_final_campaign_20260720/corrected_china81_rerun_v7_small_archive_ledger_20260724/full_gate/tasks/D6-E2-STAGED__cn-prd-200c-03-V2-LOCATIONS__seed5/solution_witnesses.json,0fb76263b421e18e06657c83168a73d054946ce3f7936153dafe069e10aab7c2,48861
D6-E2-STAGED__cn-prd-20c-01-V2-LOCATIONS__seed1,baselines/e2_final_campaign_20260720/corrected_china81_rerun_v7_small_archive_ledger_20260724/full_gate/tasks/D6-E2-STAGED__cn-prd-20c-01-V2-LOCATIONS__seed1/solution_witnesses.json,02a2ca160784efc80b4ae9be104899376dae85800a3034d1fd3cb49dcf888970,6593
D6-E2-STAGED__cn-prd-20c-01-V2-LOCATIONS__seed2,baselines/e2_final_campaign_20260720/corrected_china81_rerun_v7_small_archive_ledger_20260724/full_gate/tasks/D6-E2-STAGED__cn-prd-20c-01-V2-LOCATIONS__seed2/solution_witnesses.json,f8ab90ac4867043bc9f74210eb46eaabd1e52c657bb8da843f5cf97d6837b3c1,6593
D6-E2-STAGED__cn-prd-20c-01-V2-LOCATIONS__seed3,baselines/e2_final_campaign_20260720/corrected_china81_rerun_v7_small_archive_ledger_20260724/full_gate/tasks/D6-E2-STAGED__cn-prd-20c-01-V2-LOCATIONS__seed3/solution_witnesses.json,6c7f971a024903fe94f8078091623877469e5cbb48aef281cd58b89a4fd9eeb1,6593
D6-E2-STAGED__cn-prd-20c-01-V2-LOCATIONS__seed4,baselines/e2_final_campaign_20260720/corrected_china81_rerun_v7_small_archive_ledger_20260724/full_gate/tasks/D6-E2-STAGED__cn-prd-20c-01-V2-LOCATIONS__seed4/solution_witnesses.json,00644201faec39a9eda2d05af923eaf65ad1c4499b40d1e343961352e32d2951,6593
D6-E2-STAGED__cn-prd-20c-01-V2-LOCATIONS__seed5,baselines/e2_final_campaign_20260720/corrected_china81_rerun_v7_small_archive_ledger_20260724/full_gate/tasks/D6-E2-STAGED__cn-prd-20c-01-V2-LOCATIONS__seed5/solution_witnesses.json,4a12178cc754e205f528b345cb15a0d9e5ad84ae90bae1ca75c2b91b91470f81,6593
D6-E2-STAGED__cn-prd-20c-02-V2-LOCATIONS__seed1,baselines/e2_final_campaign_20260720/corrected_china81_rerun_v7_small_archive_ledger_20260724/full_gate/tasks/D6-E2-STAGED__cn-prd-20c-02-V2-LOCATIONS__seed1/solution_witnesses.json,78ccc22177f5f33bbad17317c48ca5b18babd1bfa55863a52d4d31e8a89bfe9d,6591
D6-E2-STAGED__cn-prd-20c-02-V2-LOCATIONS__seed2,baselines/e2_final_campaign_20260720/corrected_china81_rerun_v7_small_archive_ledger_20260724/full_gate/tasks/D6-E2-STAGED__cn-prd-20c-02-V2-LOCATIONS__seed2/solution_witnesses.json,1643af3077b51c0af4af82f3c9570f0151bff979b40229eee61a25cb366bb7b5,6591
D6-E2-STAGED__cn-prd-20c-02-V2-LOCATIONS__seed3,baselines/e2_final_campaign_20260720/corrected_china81_rerun_v7_small_archive_ledger_20260724/full_gate/tasks/D6-E2-STAGED__cn-prd-20c-02-V2-LOCATIONS__seed3/solution_witnesses.json,40b438826f9b3dc10d0d35c2a593ff3ad76b4b7702cee955afd8db9f77665e7c,6591
D6-E2-STAGED__cn-prd-20c-02-V2-LOCATIONS__seed4,baselines/e2_final_campaign_20260720/corrected_china81_rerun_v7_small_archive_ledger_20260724/full_gate/tasks/D6-E2-STAGED__cn-prd-20c-02-V2-LOCATIONS__seed4/solution_witnesses.json,6fc36c2fa1a10d4ac97e88635076f9baee5109b65cf0c0b528689258eaeca53a,6591
D6-E2-STAGED__cn-prd-20c-02-V2-LOCATIONS__seed5,baselines/e2_final_campaign_20260720/corrected_china81_rerun_v7_small_archive_ledger_20260724/full_gate/tasks/D6-E2-STAGED__cn-prd-20c-02-V2-LOCATIONS__seed5/solution_witnesses.json,bd12cfc460d77f5d25c841af9a24f1fd1373b2da087a2869f4284bdfcd843a3a,6591
D6-E2-STAGED__cn-prd-20c-03-V2-LOCATIONS__seed1,baselines/e2_final_campaign_20260720/corrected_china81_rerun_v7_small_archive_ledger_20260724/full_gate/tasks/D6-E2-STAGED__cn-prd-20c-03-V2-LOCATIONS__seed1/solution_witnesses.json,6baac5ae4cf3b416777940a58259506c9dc80794af6797fb3efbc6107cae48a7,6603
D6-E2-STAGED__cn-prd-20c-03-V2-LOCATIONS__seed2,baselines/e2_final_campaign_20260720/corrected_china81_rerun_v7_small_archive_ledger_20260724/full_gate/tasks/D6-E2-STAGED__cn-prd-20c-03-V2-LOCATIONS__seed2/solution_witnesses.json,330490621f50ca1a91923e36a2e07f76570d64c4910626d1bed4e556683e8f58,6603
D6-E2-STAGED__cn-prd-20c-03-V2-LOCATIONS__seed3,baselines/e2_final_campaign_20260720/corrected_china81_rerun_v7_small_archive_ledger_20260724/full_gate/tasks/D6-E2-STAGED__cn-prd-20c-03-V2-LOCATIONS__seed3/solution_witnesses.json,4c3c201634ee1a89eb675f0b95d6c3a681a8e0ae631a28a0bca1f613ca7d8793,6603
D6-E2-STAGED__cn-prd-20c-03-V2-LOCATIONS__seed4,baselines/e2_final_campaign_20260720/corrected_china81_rerun_v7_small_archive_ledger_20260724/full_gate/tasks/D6-E2-STAGED__cn-prd-20c-03-V2-LOCATIONS__seed4/solution_witnesses.json,b5b4976e0c87d9446ad74f1e39145aa03c841f18913b8a3261c7a4a56c9701e7,6603
D6-E2-STAGED__cn-prd-20c-03-V2-LOCATIONS__seed5,baselines/e2_final_campaign_20260720/corrected_china81_rerun_v7_small_archive_ledger_20260724/full_gate/tasks/D6-E2-STAGED__cn-prd-20c-03-V2-LOCATIONS__seed5/solution_witnesses.json,2f367aca93c43f5b69dc9f9ccc0a10b9bc7cbf9dae117a062c7800bc5c6287d4,6603
D6-E2-STAGED__cn-prd-25c-01-V2-LOCATIONS__seed1,baselines/e2_final_campaign_20260720/corrected_china81_rerun_v7_small_archive_ledger_20260724/full_gate/tasks/D6-E2-STAGED__cn-prd-25c-01-V2-LOCATIONS__seed1/solution_witnesses.json,4bc346266794ba61b7dfa69d0c417d8356410a094c2a41269b2bb931c808e70b,5479
D6-E2-STAGED__cn-prd-25c-01-V2-LOCATIONS__seed2,baselines/e2_final_campaign_20260720/corrected_china81_rerun_v7_small_archive_ledger_20260724/full_gate/tasks/D6-E2-STAGED__cn-prd-25c-01-V2-LOCATIONS__seed2/solution_witnesses.json,cf9215331d2ace78717efe47781aed71707f223313e3a5fe5e3488d5d4681e55,5479
D6-E2-STAGED__cn-prd-25c-01-V2-LOCATIONS__seed3,baselines/e2_final_campaign_20260720/corrected_china81_rerun_v7_small_archive_ledger_20260724/full_gate/tasks/D6-E2-STAGED__cn-prd-25c-01-V2-LOCATIONS__seed3/solution_witnesses.json,29b56e2a9eef1c1455154bee965d4f856e93b334741ea7928b7ce2c165d51c09,5479
D6-E2-STAGED__cn-prd-25c-01-V2-LOCATIONS__seed4,baselines/e2_final_campaign_20260720/corrected_china81_rerun_v7_small_archive_ledger_20260724/full_gate/tasks/D6-E2-STAGED__cn-prd-25c-01-V2-LOCATIONS__seed4/solution_witnesses.json,31616d868b263eb6edba3310881f1eedfcd8d4debf750260a059f1a8919034c3,5479
D6-E2-STAGED__cn-prd-25c-01-V2-LOCATIONS__seed5,baselines/e2_final_campaign_20260720/corrected_china81_rerun_v7_small_archive_ledger_20260724/full_gate/tasks/D6-E2-STAGED__cn-prd-25c-01-V2-LOCATIONS__seed5/solution_witnesses.json,6eef99e4bd13f19063f34452cfb9deea6aae30b62caf434e6a4f106ceed8143a,5479
D6-E2-STAGED__cn-prd-25c-02-V2-LOCATIONS__seed1,baselines/e2_final_campaign_20260720/corrected_china81_rerun_v7_small_archive_ledger_20260724/full_gate/tasks/D6-E2-STAGED__cn-prd-25c-02-V2-LOCATIONS__seed1/solution_witnesses.json,ab8813c38bc3964f76f9de446d3d6e3784d159740b7f02290973b7fb1f8bcc1d,8867
D6-E2-STAGED__cn-prd-25c-02-V2-LOCATIONS__seed2,baselines/e2_final_campaign_20260720/corrected_china81_rerun_v7_small_archive_ledger_20260724/full_gate/tasks/D6-E2-STAGED__cn-prd-25c-02-V2-LOCATIONS__seed2/solution_witnesses.json,344f7927a71915413c325c771d9f7e566cc97ce5b02cb173c9508715b3d88dfd,8867
D6-E2-STAGED__cn-prd-25c-02-V2-LOCATIONS__seed3,baselines/e2_final_campaign_20260720/corrected_china81_rerun_v7_small_archive_ledger_20260724/full_gate/tasks/D6-E2-STAGED__cn-prd-25c-02-V2-LOCATIONS__seed3/solution_witnesses.json,1ddccb83154a5adbee009dec5641c7a34460a42b002c623e02d8d1405ccdbaa5,8871
D6-E2-STAGED__cn-prd-25c-02-V2-LOCATIONS__seed4,baselines/e2_final_campaign_20260720/corrected_china81_rerun_v7_small_archive_ledger_20260724/full_gate/tasks/D6-E2-STAGED__cn-prd-25c-02-V2-LOCATIONS__seed4/solution_witnesses.json,1ff442764fc72e2668e28a8570624f8c307ed6c9a828e5ef75e2a347f118cd1f,8867
D6-E2-STAGED__cn-prd-25c-02-V2-LOCATIONS__seed5,baselines/e2_final_campaign_20260720/corrected_china81_rerun_v7_small_archive_ledger_20260724/full_gate/tasks/D6-E2-STAGED__cn-prd-25c-02-V2-LOCATIONS__seed5/solution_witnesses.json,14da809f4f8df84d2d4362dec6b7ee4d4b9908d61aa17f4a446d728109436b6f,8867
D6-E2-STAGED__cn-prd-25c-03-V2-LOCATIONS__seed1,baselines/e2_final_campaign_20260720/corrected_china81_rerun_v7_small_archive_ledger_20260724/full_gate/tasks/D6-E2-STAGED__cn-prd-25c-03-V2-LOCATIONS__seed1/solution_witnesses.json,785506379011726324b4c51516c33af43fae009fab3871fddb823d892450aef7,5479
D6-E2-STAGED__cn-prd-25c-03-V2-LOCATIONS__seed2,baselines/e2_final_campaign_20260720/corrected_china81_rerun_v7_small_archive_ledger_20260724/full_gate/tasks/D6-E2-STAGED__cn-prd-25c-03-V2-LOCATIONS__seed2/solution_witnesses.json,37465c8c270b933a92b3ca746e569527ee586cad77b98436fc9b684b222dc12d,5479
D6-E2-STAGED__cn-prd-25c-03-V2-LOCATIONS__seed3,baselines/e2_final_campaign_20260720/corrected_china81_rerun_v7_small_archive_ledger_20260724/full_gate/tasks/D6-E2-STAGED__cn-prd-25c-03-V2-LOCATIONS__seed3/solution_witnesses.json,1fdb51b21d26b444894a1eb13800855ab5eac079c7b84358b1523eee6f4713a2,5479
D6-E2-STAGED__cn-prd-25c-03-V2-LOCATIONS__seed4,baselines/e2_final_campaign_20260720/corrected_china81_rerun_v7_small_archive_ledger_20260724/full_gate/tasks/D6-E2-STAGED__cn-prd-25c-03-V2-LOCATIONS__seed4/solution_witnesses.json,1de069c37023501ea04c6831238856a98f361fa49f4fbfbf83f54be3a986c658,5479
D6-E2-STAGED__cn-prd-25c-03-V2-LOCATIONS__seed5,baselines/e2_final_campaign_20260720/corrected_china81_rerun_v7_small_archive_ledger_20260724/full_gate/tasks/D6-E2-STAGED__cn-prd-25c-03-V2-LOCATIONS__seed5/solution_witnesses.json,e7c5404d487e4eafc689af88011f2f63af11aec2d34025cdfac148263935f4dc,5479
D6-E2-STAGED__cn-prd-50c-01-V2-LOCATIONS__seed1,baselines/e2_final_campaign_20260720/corrected_china81_rerun_v7_small_archive_ledger_20260724/full_gate/tasks/D6-E2-STAGED__cn-prd-50c-01-V2-LOCATIONS__seed1/solution_witnesses.json,61c302197e86a633bf8aa56f4ad1f5737f344feaa012706326c2fd16d517a037,15462
D6-E2-STAGED__cn-prd-50c-01-V2-LOCATIONS__seed2,baselines/e2_final_campaign_20260720/corrected_china81_rerun_v7_small_archive_ledger_20260724/full_gate/tasks/D6-E2-STAGED__cn-prd-50c-01-V2-LOCATIONS__seed2/solution_witnesses.json,2f23e4c74a3f0321641f0b5305ceb5cdb03abdae356f77414d0f5d9a41b89d5c,15462
D6-E2-STAGED__cn-prd-50c-01-V2-LOCATIONS__seed3,baselines/e2_final_campaign_20260720/corrected_china81_rerun_v7_small_archive_ledger_20260724/full_gate/tasks/D6-E2-STAGED__cn-prd-50c-01-V2-LOCATIONS__seed3/solution_witnesses.json,0738743c7eb15a4fecf6a6d98ffa547edc440a52015f1d2a784dd392b2cca6ff,15462
D6-E2-STAGED__cn-prd-50c-01-V2-LOCATIONS__seed4,baselines/e2_final_campaign_20260720/corrected_china81_rerun_v7_small_archive_ledger_20260724/full_gate/tasks/D6-E2-STAGED__cn-prd-50c-01-V2-LOCATIONS__seed4/solution_witnesses.json,e068afe95e53fbca525ab51ae328d1d461fa4bbd8ccc1832a76a8112d8af3bb7,15462
D6-E2-STAGED__cn-prd-50c-01-V2-LOCATIONS__seed5,baselines/e2_final_campaign_20260720/corrected_china81_rerun_v7_small_archive_ledger_20260724/full_gate/tasks/D6-E2-STAGED__cn-prd-50c-01-V2-LOCATIONS__seed5/solution_witnesses.json,1031285e73f3255be2889ee99dc9a2fc6c33d3f2b28736df99aeab919feaac5b,15462
D6-E2-STAGED__cn-prd-50c-02-V2-LOCATIONS__seed1,baselines/e2_final_campaign_20260720/corrected_china81_rerun_v7_small_archive_ledger_20260724/full_gate/tasks/D6-E2-STAGED__cn-prd-50c-02-V2-LOCATIONS__seed1/solution_witnesses.json,d6569ab5c644482600679cbee65cca3ded215c18e41cfa61fe2645646bc60dd7,14009
D6-E2-STAGED__cn-prd-50c-02-V2-LOCATIONS__seed2,baselines/e2_final_campaign_20260720/corrected_china81_rerun_v7_small_archive_ledger_20260724/full_gate/tasks/D6-E2-STAGED__cn-prd-50c-02-V2-LOCATIONS__seed2/solution_witnesses.json,c4110941a1d0e5dc6aee2596bc5b80bf1c12e81280bfe3a53c6ed89bebe0e9a0,14009
D6-E2-STAGED__cn-prd-50c-02-V2-LOCATIONS__seed3,baselines/e2_final_campaign_20260720/corrected_china81_rerun_v7_small_archive_ledger_20260724/full_gate/tasks/D6-E2-STAGED__cn-prd-50c-02-V2-LOCATIONS__seed3/solution_witnesses.json,99b2b3c6de277052bcf638fd161126c70c75dd4b19c94af8cbb20a7f5f9a85f4,14009
D6-E2-STAGED__cn-prd-50c-02-V2-LOCATIONS__seed4,baselines/e2_final_campaign_20260720/corrected_china81_rerun_v7_small_archive_ledger_20260724/full_gate/tasks/D6-E2-STAGED__cn-prd-50c-02-V2-LOCATIONS__seed4/solution_witnesses.json,bb4a8321d236f2d133c90aa01d366e7518c54f08d98fc9165f8ac5ae35eaad39,14009
D6-E2-STAGED__cn-prd-50c-02-V2-LOCATIONS__seed5,baselines/e2_final_campaign_20260720/corrected_china81_rerun_v7_small_archive_ledger_20260724/full_gate/tasks/D6-E2-STAGED__cn-prd-50c-02-V2-LOCATIONS__seed5/solution_witnesses.json,bfe1b70c09e42dc6188d25a5766bd9001dcaf83d883448a863928f9237bbd315,14009
D6-E2-STAGED__cn-prd-50c-03-V2-LOCATIONS__seed1,baselines/e2_final_campaign_20260720/corrected_china81_rerun_v7_small_archive_ledger_20260724/full_gate/tasks/D6-E2-STAGED__cn-prd-50c-03-V2-LOCATIONS__seed1/solution_witnesses.json,d57c95a16101ee356176696dbda86039f0ad9085f71a30e6b2660d816cda97de,12910
D6-E2-STAGED__cn-prd-50c-03-V2-LOCATIONS__seed2,baselines/e2_final_campaign_20260720/corrected_china81_rerun_v7_small_archive_ledger_20260724/full_gate/tasks/D6-E2-STAGED__cn-prd-50c-03-V2-LOCATIONS__seed2/solution_witnesses.json,1dafd481d6e9db86ed3250af4b87482e1c0714dad1416212759802332a1a25f1,12910
D6-E2-STAGED__cn-prd-50c-03-V2-LOCATIONS__seed3,baselines/e2_final_campaign_20260720/corrected_china81_rerun_v7_small_archive_ledger_20260724/full_gate/tasks/D6-E2-STAGED__cn-prd-50c-03-V2-LOCATIONS__seed3/solution_witnesses.json,4496e185d32e8db4d8a31a504065d2700f8ea5a2ea08abb0f576c429744abdba,12910
D6-E2-STAGED__cn-prd-50c-03-V2-LOCATIONS__seed4,baselines/e2_final_campaign_20260720/corrected_china81_rerun_v7_small_archive_ledger_20260724/full_gate/tasks/D6-E2-STAGED__cn-prd-50c-03-V2-LOCATIONS__seed4/solution_witnesses.json,98da2cac1a6f6413f22cb126e6298784612ba35cf0dd6161494fa0bc3eb2f63f,12910
D6-E2-STAGED__cn-prd-50c-03-V2-LOCATIONS__seed5,baselines/e2_final_campaign_20260720/corrected_china81_rerun_v7_small_archive_ledger_20260724/full_gate/tasks/D6-E2-STAGED__cn-prd-50c-03-V2-LOCATIONS__seed5/solution_witnesses.json,3c015fdc799c7a26e64f2f4a933481ccc516188ea95a304b2e60e22e028048cb,12910
D6-E2-STAGED__cn-prd-75c-01-V2-LOCATIONS__seed1,baselines/e2_final_campaign_20260720/corrected_china81_rerun_v7_small_archive_ledger_20260724/full_gate/tasks/D6-E2-STAGED__cn-prd-75c-01-V2-LOCATIONS__seed1/solution_witnesses.json,ecdcfb782cba438c0faa7d072b43a65fbe51c8dbc549c512afb144c7465c88dd,18001
D6-E2-STAGED__cn-prd-75c-01-V2-LOCATIONS__seed2,baselines/e2_final_campaign_20260720/corrected_china81_rerun_v7_small_archive_ledger_20260724/full_gate/tasks/D6-E2-STAGED__cn-prd-75c-01-V2-LOCATIONS__seed2/solution_witnesses.json,eb4193fc0f663190f5f71f3fa7bbe159db311d563577ad2db912a128f3edcc0f,18001
D6-E2-STAGED__cn-prd-75c-01-V2-LOCATIONS__seed3,baselines/e2_final_campaign_20260720/corrected_china81_rerun_v7_small_archive_ledger_20260724/full_gate/tasks/D6-E2-STAGED__cn-prd-75c-01-V2-LOCATIONS__seed3/solution_witnesses.json,ecdcfb782cba438c0faa7d072b43a65fbe51c8dbc549c512afb144c7465c88dd,18001
D6-E2-STAGED__cn-prd-75c-01-V2-LOCATIONS__seed4,baselines/e2_final_campaign_20260720/corrected_china81_rerun_v7_small_archive_ledger_20260724/full_gate/tasks/D6-E2-STAGED__cn-prd-75c-01-V2-LOCATIONS__seed4/solution_witnesses.json,ecdcfb782cba438c0faa7d072b43a65fbe51c8dbc549c512afb144c7465c88dd,18001
D6-E2-STAGED__cn-prd-75c-01-V2-LOCATIONS__seed5,baselines/e2_final_campaign_20260720/corrected_china81_rerun_v7_small_archive_ledger_20260724/full_gate/tasks/D6-E2-STAGED__cn-prd-75c-01-V2-LOCATIONS__seed5/solution_witnesses.json,4e7fa9ae89865705f02ef8c5d2401b03839c716e32835ab50257184e1b0d18a4,18001
D6-E2-STAGED__cn-prd-75c-02-V2-LOCATIONS__seed1,baselines/e2_final_campaign_20260720/corrected_china81_rerun_v7_small_archive_ledger_20260724/full_gate/tasks/D6-E2-STAGED__cn-prd-75c-02-V2-LOCATIONS__seed1/solution_witnesses.json,762404985164b9be727f29acd0fd30c4e88a60e0d1b3127bd8324e936272942c,18006
D6-E2-STAGED__cn-prd-75c-02-V2-LOCATIONS__seed2,baselines/e2_final_campaign_20260720/corrected_china81_rerun_v7_small_archive_ledger_20260724/full_gate/tasks/D6-E2-STAGED__cn-prd-75c-02-V2-LOCATIONS__seed2/solution_witnesses.json,a7884b457201b208b9003b9b435ac4b3f4919b0678fe43d8a83c06ac864436b3,18006
D6-E2-STAGED__cn-prd-75c-02-V2-LOCATIONS__seed3,baselines/e2_final_campaign_20260720/corrected_china81_rerun_v7_small_archive_ledger_20260724/full_gate/tasks/D6-E2-STAGED__cn-prd-75c-02-V2-LOCATIONS__seed3/solution_witnesses.json,a7884b457201b208b9003b9b435ac4b3f4919b0678fe43d8a83c06ac864436b3,18006
D6-E2-STAGED__cn-prd-75c-02-V2-LOCATIONS__seed4,baselines/e2_final_campaign_20260720/corrected_china81_rerun_v7_small_archive_ledger_20260724/full_gate/tasks/D6-E2-STAGED__cn-prd-75c-02-V2-LOCATIONS__seed4/solution_witnesses.json,3f0164871e84b0cd49d1fd5f8052cbe0a28d0ef594f52c04341f713a405a554f,18006
D6-E2-STAGED__cn-prd-75c-02-V2-LOCATIONS__seed5,baselines/e2_final_campaign_20260720/corrected_china81_rerun_v7_small_archive_ledger_20260724/full_gate/tasks/D6-E2-STAGED__cn-prd-75c-02-V2-LOCATIONS__seed5/solution_witnesses.json,ceb31dfb78838f57346daa19e111dffa15e7b2782a2e1678b6a4a0d2e41c446b,18006
D6-E2-STAGED__cn-prd-75c-03-V2-LOCATIONS__seed1,baselines/e2_final_campaign_20260720/corrected_china81_rerun_v7_small_archive_ledger_20260724/full_gate/tasks/D6-E2-STAGED__cn-prd-75c-03-V2-LOCATIONS__seed1/solution_witnesses.json,865d8fe447e83274eebdcb2623755abf4c4745c831a12ffd0ce490e4f7ab65a0,18829
D6-E2-STAGED__cn-prd-75c-03-V2-LOCATIONS__seed2,baselines/e2_final_campaign_20260720/corrected_china81_rerun_v7_small_archive_ledger_20260724/full_gate/tasks/D6-E2-STAGED__cn-prd-75c-03-V2-LOCATIONS__seed2/solution_witnesses.json,fef4aa256c6c0f6ee54d6a9ef9b91561c0959e42baeb00d529d2927a13cec0c5,18829
D6-E2-STAGED__cn-prd-75c-03-V2-LOCATIONS__seed3,baselines/e2_final_campaign_20260720/corrected_china81_rerun_v7_small_archive_ledger_20260724/full_gate/tasks/D6-E2-STAGED__cn-prd-75c-03-V2-LOCATIONS__seed3/solution_witnesses.json,5090649a05eeb583a222a202f33d11b6d4ea25c39b6db9f19bbd8310eb78b7cb,18829
D6-E2-STAGED__cn-prd-75c-03-V2-LOCATIONS__seed4,baselines/e2_final_campaign_20260720/corrected_china81_rerun_v7_small_archive_ledger_20260724/full_gate/tasks/D6-E2-STAGED__cn-prd-75c-03-V2-LOCATIONS__seed4/solution_witnesses.json,91ec793de062b223e7586efe73a087350de1f28603e3df0666d530dc6090a530,18829
D6-E2-STAGED__cn-prd-75c-03-V2-LOCATIONS__seed5,baselines/e2_final_campaign_20260720/corrected_china81_rerun_v7_small_archive_ledger_20260724/full_gate/tasks/D6-E2-STAGED__cn-prd-75c-03-V2-LOCATIONS__seed5/solution_witnesses.json,8cfd09ac1114cbb1f287599bb368694127187f09b60bbd8d1b3b25ad7821f521,18829
