run_id,phase,algorithm,display_algorithm,category,instance,seed,step,eval,operator,channel,best_cost,route_count,time_seconds
E_CARBON_TIER1__formal_goeke80__threeshift__e2-threeshift-150c-02__alns_e2_carbon__seed1,E_CARBON_TIER1,alns_e2_carbon,alns_e2_carbon,threeshift,e2-threeshift-150c-02,1,0,0,shared_warm_start,shared_warm_start,5059.001494485717,,0.00047849999100435525
E_CARBON_TIER1__formal_goeke80__threeshift__e2-threeshift-150c-02__alns_e2_carbon__seed1,E_CARBON_TIER1,alns_e2_carbon,alns_e2_carbon,threeshift,e2-threeshift-150c-02,1,1,15,random_customer_removal+greedy_insert_repair,native_random_customer_removal+greedy_insert_repair,4870.396800320584,,1.788277666986687
E_CARBON_TIER1__formal_goeke80__threeshift__e2-threeshift-150c-02__alns_e2_carbon__seed1,E_CARBON_TIER1,alns_e2_carbon,alns_e2_carbon,threeshift,e2-threeshift-150c-02,1,2,16,random_customer_removal+greedy_insert_repair,native_random_customer_removal+greedy_insert_repair,4857.227645343409,,2.048692291995394
E_CARBON_TIER1__formal_goeke80__threeshift__e2-threeshift-150c-02__alns_e2_carbon__seed1,E_CARBON_TIER1,alns_e2_carbon,alns_e2_carbon,threeshift,e2-threeshift-150c-02,1,3,17,random_customer_removal+greedy_insert_repair,native_random_customer_removal+greedy_insert_repair,4812.8250365773065,,2.148806708995835
E_CARBON_TIER1__formal_goeke80__threeshift__e2-threeshift-150c-02__alns_e2_carbon__seed1,E_CARBON_TIER1,alns_e2_carbon,alns_e2_carbon,threeshift,e2-threeshift-150c-02,1,4,22,random_customer_removal+greedy_insert_repair,native_random_customer_removal+greedy_insert_repair,4775.873337785318,,2.5268014169996604
E_CARBON_TIER1__formal_goeke80__threeshift__e2-threeshift-150c-02__alns_e2_carbon__seed1,E_CARBON_TIER1,alns_e2_carbon,alns_e2_carbon,threeshift,e2-threeshift-150c-02,1,5,23,random_customer_removal+greedy_insert_repair,native_random_customer_removal+greedy_insert_repair,4734.384379621383,,2.6042353749944596
E_CARBON_TIER1__formal_goeke80__threeshift__e2-threeshift-150c-02__alns_e2_carbon__seed1,E_CARBON_TIER1,alns_e2_carbon,alns_e2_carbon,threeshift,e2-threeshift-150c-02,1,6,24,random_customer_removal+greedy_insert_repair,native_random_customer_removal+greedy_insert_repair,4616.160379096123,,2.7783149589959066
E_CARBON_TIER1__formal_goeke80__threeshift__e2-threeshift-150c-02__alns_e2_carbon__seed1,E_CARBON_TIER1,alns_e2_carbon,alns_e2_carbon,threeshift,e2-threeshift-150c-02,1,7,26,random_customer_removal+greedy_insert_repair,native_random_customer_removal+greedy_insert_repair,4392.389350306816,,3.3347042499954114
E_CARBON_TIER1__formal_goeke80__threeshift__e2-threeshift-150c-02__alns_e2_carbon__seed1,E_CARBON_TIER1,alns_e2_carbon,alns_e2_carbon,threeshift,e2-threeshift-150c-02,1,8,27,random_customer_removal+greedy_insert_repair,native_random_customer_removal+greedy_insert_repair,4380.762784333508,,3.5118669999937993
E_CARBON_TIER1__formal_goeke80__threeshift__e2-threeshift-150c-02__alns_e2_carbon__seed1,E_CARBON_TIER1,alns_e2_carbon,alns_e2_carbon,threeshift,e2-threeshift-150c-02,1,9,29,random_customer_removal+greedy_insert_repair,native_random_customer_removal+greedy_insert_repair,4358.497248637532,,3.707019791996572
E_CARBON_TIER1__formal_goeke80__threeshift__e2-threeshift-150c-02__alns_e2_carbon__seed1,E_CARBON_TIER1,alns_e2_carbon,alns_e2_carbon,threeshift,e2-threeshift-150c-02,1,10,34,random_customer_removal+greedy_insert_repair,native_random_customer_removal+greedy_insert_repair,4297.574736414393,,4.588686208997387
E_CARBON_TIER1__formal_goeke80__threeshift__e2-threeshift-150c-02__alns_e2_carbon__seed1,E_CARBON_TIER1,alns_e2_carbon,alns_e2_carbon,threeshift,e2-threeshift-150c-02,1,11,57,random_customer_removal+greedy_insert_repair,native_random_customer_removal+greedy_insert_repair,4296.038186178162,,7.6287643749965355
E_CARBON_TIER1__formal_goeke80__threeshift__e2-threeshift-150c-02__alns_e2_carbon__seed1,E_CARBON_TIER1,alns_e2_carbon,alns_e2_carbon,threeshift,e2-threeshift-150c-02,1,12,59,random_customer_removal+greedy_insert_repair,native_random_customer_removal+greedy_insert_repair,4294.391775923714,,8.001535041999887
E_CARBON_TIER1__formal_goeke80__threeshift__e2-threeshift-150c-02__alns_e2_carbon__seed1,E_CARBON_TIER1,alns_e2_carbon,alns_e2_carbon,threeshift,e2-threeshift-150c-02,1,13,60,random_customer_removal+greedy_insert_repair,native_random_customer_removal+greedy_insert_repair,4289.119585803961,,8.101900666995789
E_CARBON_TIER1__formal_goeke80__threeshift__e2-threeshift-150c-02__alns_e2_carbon__seed1,E_CARBON_TIER1,alns_e2_carbon,alns_e2_carbon,threeshift,e2-threeshift-150c-02,1,14,61,random_customer_removal+greedy_insert_repair,native_random_customer_removal+greedy_insert_repair,4257.104595665373,,8.366219249990536
E_CARBON_TIER1__formal_goeke80__threeshift__e2-threeshift-150c-02__alns_e2_carbon__seed1,E_CARBON_TIER1,alns_e2_carbon,alns_e2_carbon,threeshift,e2-threeshift-150c-02,1,15,65,random_customer_removal+greedy_insert_repair,native_random_customer_removal+greedy_insert_repair,4218.95973387957,,9.066115583991632
E_CARBON_TIER1__formal_goeke80__threeshift__e2-threeshift-150c-02__alns_e2_carbon__seed1,E_CARBON_TIER1,alns_e2_carbon,alns_e2_carbon,threeshift,e2-threeshift-150c-02,1,16,73,random_customer_removal+greedy_insert_repair,native_random_customer_removal+greedy_insert_repair,4215.541651108197,,10.234210708993487
E_CARBON_TIER1__formal_goeke80__threeshift__e2-threeshift-150c-02__alns_e2_carbon__seed1,E_CARBON_TIER1,alns_e2_carbon,alns_e2_carbon,threeshift,e2-threeshift-150c-02,1,17,83,random_customer_removal+greedy_insert_repair,native_random_customer_removal+greedy_insert_repair,4214.573005264865,,11.691514249992906
E_CARBON_TIER1__formal_goeke80__threeshift__e2-threeshift-150c-02__alns_e2_carbon__seed1,E_CARBON_TIER1,alns_e2_carbon,alns_e2_carbon,threeshift,e2-threeshift-150c-02,1,18,100,random_customer_removal+greedy_insert_repair,native_random_customer_removal+greedy_insert_repair,4205.150913477001,,13.764100417000009
E_CARBON_TIER1__formal_goeke80__threeshift__e2-threeshift-150c-02__alns_e2_carbon__seed1,E_CARBON_TIER1,alns_e2_carbon,alns_e2_carbon,threeshift,e2-threeshift-150c-02,1,19,101,random_customer_removal+greedy_insert_repair,native_random_customer_removal+greedy_insert_repair,4192.926520142164,,13.825574416987365
E_CARBON_TIER1__formal_goeke80__threeshift__e2-threeshift-150c-02__alns_e2_carbon__seed1,E_CARBON_TIER1,alns_e2_carbon,alns_e2_carbon,threeshift,e2-threeshift-150c-02,1,20,102,random_customer_removal+greedy_insert_repair,native_random_customer_removal+greedy_insert_repair,4191.19463696123,,13.900373458993272
E_CARBON_TIER1__formal_goeke80__threeshift__e2-threeshift-150c-02__alns_e2_carbon__seed1,E_CARBON_TIER1,alns_e2_carbon,alns_e2_carbon,threeshift,e2-threeshift-150c-02,1,21,117,random_customer_removal+greedy_insert_repair,native_random_customer_removal+greedy_insert_repair,4189.755641382666,,16.350815166995744
E_CARBON_TIER1__formal_goeke80__threeshift__e2-threeshift-150c-02__alns_e2_carbon__seed1,E_CARBON_TIER1,alns_e2_carbon,alns_e2_carbon,threeshift,e2-threeshift-150c-02,1,22,118,random_customer_removal+greedy_insert_repair,native_random_customer_removal+greedy_insert_repair,4185.0825135249515,,16.4312548339949
E_CARBON_TIER1__formal_goeke80__threeshift__e2-threeshift-150c-02__alns_e2_carbon__seed1,E_CARBON_TIER1,alns_e2_carbon,alns_e2_carbon,threeshift,e2-threeshift-150c-02,1,23,130,random_customer_removal+greedy_insert_repair,native_random_customer_removal+greedy_insert_repair,4149.822322552263,,17.94713258399861
E_CARBON_TIER1__formal_goeke80__threeshift__e2-threeshift-150c-02__alns_e2_carbon__seed1,E_CARBON_TIER1,alns_e2_carbon,alns_e2_carbon,threeshift,e2-threeshift-150c-02,1,24,136,random_customer_removal+greedy_insert_repair,native_random_customer_removal+greedy_insert_repair,4145.419193806226,,18.524502874992322
E_CARBON_TIER1__formal_goeke80__threeshift__e2-threeshift-150c-02__alns_e2_carbon__seed1,E_CARBON_TIER1,alns_e2_carbon,alns_e2_carbon,threeshift,e2-threeshift-150c-02,1,25,144,random_customer_removal+greedy_insert_repair,native_random_customer_removal+greedy_insert_repair,4138.4145835743175,,19.774413666993496
E_CARBON_TIER1__formal_goeke80__threeshift__e2-threeshift-150c-02__alns_e2_carbon__seed1,E_CARBON_TIER1,alns_e2_carbon,alns_e2_carbon,threeshift,e2-threeshift-150c-02,1,26,148,random_customer_removal+greedy_insert_repair,native_random_customer_removal+greedy_insert_repair,4133.875932274742,,20.372369291988434
E_CARBON_TIER1__formal_goeke80__threeshift__e2-threeshift-150c-02__alns_e2_carbon__seed1,E_CARBON_TIER1,alns_e2_carbon,alns_e2_carbon,threeshift,e2-threeshift-150c-02,1,27,154,random_customer_removal+greedy_insert_repair,native_random_customer_removal+greedy_insert_repair,4126.710280738353,,21.264529458989273
E_CARBON_TIER1__formal_goeke80__threeshift__e2-threeshift-150c-02__alns_e2_carbon__seed1,E_CARBON_TIER1,alns_e2_carbon,alns_e2_carbon,threeshift,e2-threeshift-150c-02,1,28,161,random_customer_removal+greedy_insert_repair,native_random_customer_removal+greedy_insert_repair,4121.332063054991,,22.109262124999077
E_CARBON_TIER1__formal_goeke80__threeshift__e2-threeshift-150c-02__alns_e2_carbon__seed1,E_CARBON_TIER1,alns_e2_carbon,alns_e2_carbon,threeshift,e2-threeshift-150c-02,1,29,167,random_customer_removal+greedy_insert_repair,native_random_customer_removal+greedy_insert_repair,3997.4724554052077,,23.143210708993138
E_CARBON_TIER1__formal_goeke80__threeshift__e2-threeshift-150c-02__alns_e2_carbon__seed1,E_CARBON_TIER1,alns_e2_carbon,alns_e2_carbon,threeshift,e2-threeshift-150c-02,1,30,174,random_customer_removal+greedy_insert_repair,native_random_customer_removal+greedy_insert_repair,3996.192259708834,,24.201391999988118
E_CARBON_TIER1__formal_goeke80__threeshift__e2-threeshift-150c-02__alns_e2_carbon__seed1,E_CARBON_TIER1,alns_e2_carbon,alns_e2_carbon,threeshift,e2-threeshift-150c-02,1,31,186,random_customer_removal+greedy_insert_repair,native_random_customer_removal+greedy_insert_repair,3984.939391507587,,26.658989541989285
E_CARBON_TIER1__formal_goeke80__threeshift__e2-threeshift-150c-02__alns_e2_carbon__seed1,E_CARBON_TIER1,alns_e2_carbon,alns_e2_carbon,threeshift,e2-threeshift-150c-02,1,32,196,random_customer_removal+greedy_insert_repair,native_random_customer_removal+greedy_insert_repair,3977.4868232622257,,27.86453283399169
E_CARBON_TIER1__formal_goeke80__threeshift__e2-threeshift-150c-02__alns_e2_carbon__seed1,E_CARBON_TIER1,alns_e2_carbon,alns_e2_carbon,threeshift,e2-threeshift-150c-02,1,33,199,random_customer_removal+greedy_insert_repair,native_random_customer_removal+greedy_insert_repair,3972.6431689651654,,28.473151291997056
E_CARBON_TIER1__formal_goeke80__threeshift__e2-threeshift-150c-02__alns_e2_carbon__seed1,E_CARBON_TIER1,alns_e2_carbon,alns_e2_carbon,threeshift,e2-threeshift-150c-02,1,34,201,random_customer_removal+greedy_insert_repair,native_random_customer_removal+greedy_insert_repair,3972.6327192831795,,28.578216624999186
E_CARBON_TIER1__formal_goeke80__threeshift__e2-threeshift-150c-02__alns_e2_carbon__seed1,E_CARBON_TIER1,alns_e2_carbon,alns_e2_carbon,threeshift,e2-threeshift-150c-02,1,35,212,random_customer_removal+greedy_insert_repair,native_random_customer_removal+greedy_insert_repair,3960.221508721329,,30.0374594169989
E_CARBON_TIER1__formal_goeke80__threeshift__e2-threeshift-150c-02__alns_e2_carbon__seed1,E_CARBON_TIER1,alns_e2_carbon,alns_e2_carbon,threeshift,e2-threeshift-150c-02,1,36,222,random_customer_removal+greedy_insert_repair,native_random_customer_removal+greedy_insert_repair,3956.5039274842693,,31.896573624995654
E_CARBON_TIER1__formal_goeke80__threeshift__e2-threeshift-150c-02__alns_e2_carbon__seed1,E_CARBON_TIER1,alns_e2_carbon,alns_e2_carbon,threeshift,e2-threeshift-150c-02,1,37,232,random_customer_removal+greedy_insert_repair,native_random_customer_removal+greedy_insert_repair,3955.0191805934214,,32.62204474999453
E_CARBON_TIER1__formal_goeke80__threeshift__e2-threeshift-150c-02__alns_e2_carbon__seed1,E_CARBON_TIER1,alns_e2_carbon,alns_e2_carbon,threeshift,e2-threeshift-150c-02,1,38,259,random_customer_removal+greedy_insert_repair,native_random_customer_removal+greedy_insert_repair,3954.3237094810065,,36.28258187499887
E_CARBON_TIER1__formal_goeke80__threeshift__e2-threeshift-150c-02__alns_e2_carbon__seed1,E_CARBON_TIER1,alns_e2_carbon,alns_e2_carbon,threeshift,e2-threeshift-150c-02,1,39,260,random_customer_removal+greedy_insert_repair,native_random_customer_removal+greedy_insert_repair,3953.5925649073224,,36.364175958995475
E_CARBON_TIER1__formal_goeke80__threeshift__e2-threeshift-150c-02__alns_e2_carbon__seed1,E_CARBON_TIER1,alns_e2_carbon,alns_e2_carbon,threeshift,e2-threeshift-150c-02,1,40,262,random_customer_removal+greedy_insert_repair,native_random_customer_removal+greedy_insert_repair,3951.2215578912446,,36.49662983400049
E_CARBON_TIER1__formal_goeke80__threeshift__e2-threeshift-150c-02__alns_e2_carbon__seed1,E_CARBON_TIER1,alns_e2_carbon,alns_e2_carbon,threeshift,e2-threeshift-150c-02,1,41,269,random_customer_removal+greedy_insert_repair,native_random_customer_removal+greedy_insert_repair,3950.330977030032,,37.51095754199196
E_CARBON_TIER1__formal_goeke80__threeshift__e2-threeshift-150c-02__alns_e2_carbon__seed1,E_CARBON_TIER1,alns_e2_carbon,alns_e2_carbon,threeshift,e2-threeshift-150c-02,1,42,270,random_customer_removal+greedy_insert_repair,native_random_customer_removal+greedy_insert_repair,3949.122004475775,,37.62003254199226
E_CARBON_TIER1__formal_goeke80__threeshift__e2-threeshift-150c-02__alns_e2_carbon__seed1,E_CARBON_TIER1,alns_e2_carbon,alns_e2_carbon,threeshift,e2-threeshift-150c-02,1,43,351,random_customer_removal+greedy_insert_repair,native_random_customer_removal+greedy_insert_repair,3939.515342203893,,48.134418833986274
E_CARBON_TIER1__formal_goeke80__threeshift__e2-threeshift-150c-02__alns_e2_carbon__seed1,E_CARBON_TIER1,alns_e2_carbon,alns_e2_carbon,threeshift,e2-threeshift-150c-02,1,44,443,random_customer_removal+greedy_insert_repair,native_random_customer_removal+greedy_insert_repair,3935.8886400775054,,58.84793379199982
E_CARBON_TIER1__formal_goeke80__threeshift__e2-threeshift-150c-02__alns_e2_carbon__seed1,E_CARBON_TIER1,alns_e2_carbon,alns_e2_carbon,threeshift,e2-threeshift-150c-02,1,45,456,random_customer_removal+greedy_insert_repair,native_random_customer_removal+greedy_insert_repair,3921.60269929518,,60.87663979199715
E_CARBON_TIER1__formal_goeke80__threeshift__e2-threeshift-150c-02__alns_e2_carbon__seed1,E_CARBON_TIER1,alns_e2_carbon,alns_e2_carbon,threeshift,e2-threeshift-150c-02,1,46,464,random_customer_removal+greedy_insert_repair,native_random_customer_removal+greedy_insert_repair,3914.4839283881283,,61.874223958991934
E_CARBON_TIER1__formal_goeke80__threeshift__e2-threeshift-150c-02__alns_e2_carbon__seed1,E_CARBON_TIER1,alns_e2_carbon,alns_e2_carbon,threeshift,e2-threeshift-150c-02,1,47,490,random_customer_removal+greedy_insert_repair,native_random_customer_removal+greedy_insert_repair,3914.3495762919765,,65.98596983400057
E_CARBON_TIER1__formal_goeke80__threeshift__e2-threeshift-150c-02__alns_e2_carbon__seed1,E_CARBON_TIER1,alns_e2_carbon,alns_e2_carbon,threeshift,e2-threeshift-150c-02,1,48,493,random_customer_removal+greedy_insert_repair,native_random_customer_removal+greedy_insert_repair,3912.5488500189226,,66.17541283399623
E_CARBON_TIER1__formal_goeke80__threeshift__e2-threeshift-150c-02__alns_e2_carbon__seed1,E_CARBON_TIER1,alns_e2_carbon,alns_e2_carbon,threeshift,e2-threeshift-150c-02,1,49,502,random_customer_removal+greedy_insert_repair,native_random_customer_removal+greedy_insert_repair,3909.772385965834,,67.29379070899449
E_CARBON_TIER1__formal_goeke80__threeshift__e2-threeshift-150c-02__alns_e2_carbon__seed1,E_CARBON_TIER1,alns_e2_carbon,alns_e2_carbon,threeshift,e2-threeshift-150c-02,1,50,535,random_customer_removal+greedy_insert_repair,native_random_customer_removal+greedy_insert_repair,3909.761936283848,,71.31660354199994
E_CARBON_TIER1__formal_goeke80__threeshift__e2-threeshift-150c-02__alns_e2_carbon__seed1,E_CARBON_TIER1,alns_e2_carbon,alns_e2_carbon,threeshift,e2-threeshift-150c-02,1,51,553,random_customer_removal+greedy_insert_repair,native_random_customer_removal+greedy_insert_repair,3895.2606482367487,,74.19846241699997
E_CARBON_TIER1__formal_goeke80__threeshift__e2-threeshift-150c-02__alns_e2_carbon__seed1,E_CARBON_TIER1,alns_e2_carbon,alns_e2_carbon,threeshift,e2-threeshift-150c-02,1,52,574,random_customer_removal+greedy_insert_repair,native_random_customer_removal+greedy_insert_repair,3895.06631333578,,77.42774104198907
E_CARBON_TIER1__formal_goeke80__threeshift__e2-threeshift-150c-02__alns_e2_carbon__seed1,E_CARBON_TIER1,alns_e2_carbon,alns_e2_carbon,threeshift,e2-threeshift-150c-02,1,53,588,random_customer_removal+greedy_insert_repair,native_random_customer_removal+greedy_insert_repair,3893.9683768232467,,79.17247229198983
E_CARBON_TIER1__formal_goeke80__threeshift__e2-threeshift-150c-02__alns_e2_carbon__seed1,E_CARBON_TIER1,alns_e2_carbon,alns_e2_carbon,threeshift,e2-threeshift-150c-02,1,54,590,random_customer_removal+greedy_insert_repair,native_random_customer_removal+greedy_insert_repair,3890.6022316968592,,79.39099070899829
E_CARBON_TIER1__formal_goeke80__threeshift__e2-threeshift-150c-02__alns_e2_carbon__seed1,E_CARBON_TIER1,alns_e2_carbon,alns_e2_carbon,threeshift,e2-threeshift-150c-02,1,55,593,random_customer_removal+greedy_insert_repair,native_random_customer_removal+greedy_insert_repair,3890.2277406149524,,79.87264820899873
E_CARBON_TIER1__formal_goeke80__threeshift__e2-threeshift-150c-02__alns_e2_carbon__seed1,E_CARBON_TIER1,alns_e2_carbon,alns_e2_carbon,threeshift,e2-threeshift-150c-02,1,56,618,random_customer_removal+greedy_insert_repair,native_random_customer_removal+greedy_insert_repair,3887.1404271316705,,82.56703670899151
E_CARBON_TIER1__formal_goeke80__threeshift__e2-threeshift-150c-02__alns_e2_carbon__seed1,E_CARBON_TIER1,alns_e2_carbon,alns_e2_carbon,threeshift,e2-threeshift-150c-02,1,57,637,random_customer_removal+greedy_insert_repair,native_random_customer_removal+greedy_insert_repair,3884.8943737050085,,84.73497645898897
E_CARBON_TIER1__formal_goeke80__threeshift__e2-threeshift-150c-02__alns_e2_carbon__seed1,E_CARBON_TIER1,alns_e2_carbon,alns_e2_carbon,threeshift,e2-threeshift-150c-02,1,58,647,random_customer_removal+greedy_insert_repair,native_random_customer_removal+greedy_insert_repair,3883.2657122744904,,85.64450437499909
E_CARBON_TIER1__formal_goeke80__threeshift__e2-threeshift-150c-02__alns_e2_carbon__seed1,E_CARBON_TIER1,alns_e2_carbon,alns_e2_carbon,threeshift,e2-threeshift-150c-02,1,59,657,random_customer_removal+greedy_insert_repair,native_random_customer_removal+greedy_insert_repair,3881.6064788797607,,86.5219394589949
E_CARBON_TIER1__formal_goeke80__threeshift__e2-threeshift-150c-02__alns_e2_carbon__seed1,E_CARBON_TIER1,alns_e2_carbon,alns_e2_carbon,threeshift,e2-threeshift-150c-02,1,60,722,random_customer_removal+greedy_insert_repair,native_random_customer_removal+greedy_insert_repair,3881.5110214132405,,95.75394962499558
E_CARBON_TIER1__formal_goeke80__threeshift__e2-threeshift-150c-02__alns_e2_carbon__seed1,E_CARBON_TIER1,alns_e2_carbon,alns_e2_carbon,threeshift,e2-threeshift-150c-02,1,61,755,random_customer_removal+greedy_insert_repair,native_random_customer_removal+greedy_insert_repair,3881.4893748684926,,99.55919716699282
E_CARBON_TIER1__formal_goeke80__threeshift__e2-threeshift-150c-02__alns_e2_carbon__seed1,E_CARBON_TIER1,alns_e2_carbon,alns_e2_carbon,threeshift,e2-threeshift-150c-02,1,62,778,random_customer_removal+greedy_insert_repair,native_random_customer_removal+greedy_insert_repair,3881.41255279158,,101.82619137498841
E_CARBON_TIER1__formal_goeke80__threeshift__e2-threeshift-150c-02__alns_e2_carbon__seed1,E_CARBON_TIER1,alns_e2_carbon,alns_e2_carbon,threeshift,e2-threeshift-150c-02,1,63,921,random_customer_removal+greedy_insert_repair,native_random_customer_removal+greedy_insert_repair,3879.2001867725876,,118.61650229198858
E_CARBON_TIER1__formal_goeke80__threeshift__e2-threeshift-150c-02__alns_e2_carbon__seed1,E_CARBON_TIER1,alns_e2_carbon,alns_e2_carbon,threeshift,e2-threeshift-150c-02,1,64,922,random_customer_removal+greedy_insert_repair,native_random_customer_removal+greedy_insert_repair,3802.7949126237345,,118.7387759169942
E_CARBON_TIER1__formal_goeke80__threeshift__e2-threeshift-150c-02__alns_e2_carbon__seed1,E_CARBON_TIER1,alns_e2_carbon,alns_e2_carbon,threeshift,e2-threeshift-150c-02,1,65,924,random_customer_removal+greedy_insert_repair,native_random_customer_removal+greedy_insert_repair,3801.4452862296102,,119.02158566699654
E_CARBON_TIER1__formal_goeke80__threeshift__e2-threeshift-150c-02__alns_e2_carbon__seed1,E_CARBON_TIER1,alns_e2_carbon,alns_e2_carbon,threeshift,e2-threeshift-150c-02,1,66,972,random_customer_removal+regret2_insert_repair,native_random_customer_removal+regret2_insert_repair,3730.571786813314,,125.99532504199306
E_CARBON_TIER1__formal_goeke80__threeshift__e2-threeshift-150c-02__alns_e2_carbon__seed1,E_CARBON_TIER1,alns_e2_carbon,alns_e2_carbon,threeshift,e2-threeshift-150c-02,1,67,976,random_customer_removal+regret2_insert_repair,native_random_customer_removal+regret2_insert_repair,3724.7114251480093,,126.60141270898748
E_CARBON_TIER1__formal_goeke80__threeshift__e2-threeshift-150c-02__alns_e2_carbon__seed1,E_CARBON_TIER1,alns_e2_carbon,alns_e2_carbon,threeshift,e2-threeshift-150c-02,1,68,996,random_customer_removal+regret2_insert_repair,native_random_customer_removal+regret2_insert_repair,3722.6125562222437,,128.67875749999075
E_CARBON_TIER1__formal_goeke80__threeshift__e2-threeshift-150c-02__alns_e2_carbon__seed1,E_CARBON_TIER1,alns_e2_carbon,alns_e2_carbon,threeshift,e2-threeshift-150c-02,1,69,998,random_customer_removal+regret2_insert_repair,native_random_customer_removal+regret2_insert_repair,3722.132661013915,,128.8371458749898
E_CARBON_TIER1__formal_goeke80__threeshift__e2-threeshift-150c-02__alns_e2_carbon__seed1,E_CARBON_TIER1,alns_e2_carbon,alns_e2_carbon,threeshift,e2-threeshift-150c-02,1,70,1050,vehicle_type_swap+greedy_insert_repair,native_vehicle_type_swap+greedy_insert_repair,3701.8732020006078,,137.1998512089922
E_CARBON_TIER1__formal_goeke80__threeshift__e2-threeshift-150c-02__alns_e2_carbon__seed1,E_CARBON_TIER1,alns_e2_carbon,alns_e2_carbon,threeshift,e2-threeshift-150c-02,1,71,1051,vehicle_type_swap+greedy_insert_repair,native_vehicle_type_swap+greedy_insert_repair,3683.386444654289,,137.22409145899292
E_CARBON_TIER1__formal_goeke80__threeshift__e2-threeshift-150c-02__alns_e2_carbon__seed1,E_CARBON_TIER1,alns_e2_carbon,alns_e2_carbon,threeshift,e2-threeshift-150c-02,1,72,1052,vehicle_type_swap+greedy_insert_repair,native_vehicle_type_swap+greedy_insert_repair,3666.042762985344,,137.25098791699565
E_CARBON_TIER1__formal_goeke80__threeshift__e2-threeshift-150c-02__alns_e2_carbon__seed1,E_CARBON_TIER1,alns_e2_carbon,alns_e2_carbon,threeshift,e2-threeshift-150c-02,1,73,1053,vehicle_type_swap+greedy_insert_repair,native_vehicle_type_swap+greedy_insert_repair,3655.1962509605655,,137.27472666699032
E_CARBON_TIER1__formal_goeke80__threeshift__e2-threeshift-150c-02__alns_e2_carbon__seed1,E_CARBON_TIER1,alns_e2_carbon,alns_e2_carbon,threeshift,e2-threeshift-150c-02,1,74,1054,vehicle_type_swap+greedy_insert_repair,native_vehicle_type_swap+greedy_insert_repair,3645.763844351757,,137.2982152919867
E_CARBON_TIER1__formal_goeke80__threeshift__e2-threeshift-150c-02__alns_e2_carbon__seed1,E_CARBON_TIER1,alns_e2_carbon,alns_e2_carbon,threeshift,e2-threeshift-150c-02,1,75,1187,random_customer_removal+greedy_insert_repair,native_random_customer_removal+greedy_insert_repair,3641.972042335992,,149.87265208399913
E_CARBON_TIER1__formal_goeke80__threeshift__e2-threeshift-150c-02__alns_e2_carbon__seed1,E_CARBON_TIER1,alns_e2_carbon,alns_e2_carbon,threeshift,e2-threeshift-150c-02,1,76,1525,random_customer_removal+regret2_insert_repair,native_random_customer_removal+regret2_insert_repair,3641.704297324254,,184.09648374999233
E_CARBON_TIER1__formal_goeke80__threeshift__e2-threeshift-150c-02__alns_e2_carbon__seed1,E_CARBON_TIER1,alns_e2_carbon,alns_e2_carbon,threeshift,e2-threeshift-150c-02,1,77,1932,random_customer_removal+greedy_insert_repair,native_random_customer_removal+greedy_insert_repair,3631.2269562239635,,220.00883712498762
E_CARBON_TIER1__formal_goeke80__threeshift__e2-threeshift-150c-02__alns_e2_carbon__seed1,E_CARBON_TIER1,alns_e2_carbon,alns_e2_carbon,threeshift,e2-threeshift-150c-02,1,78,3877,route_segment_removal+regret3_insert_repair,native_route_segment_removal+regret3_insert_repair,3630.5130760186526,,353.585400416996
E_CARBON_TIER1__formal_goeke80__threeshift__e2-threeshift-150c-02__alns_e2_carbon__seed2,E_CARBON_TIER1,alns_e2_carbon,alns_e2_carbon,threeshift,e2-threeshift-150c-02,2,0,0,shared_warm_start,shared_warm_start,5059.001494485717,,0.00043566699605435133
E_CARBON_TIER1__formal_goeke80__threeshift__e2-threeshift-150c-02__alns_e2_carbon__seed2,E_CARBON_TIER1,alns_e2_carbon,alns_e2_carbon,threeshift,e2-threeshift-150c-02,2,1,5,random_customer_removal+regret2_insert_repair,native_random_customer_removal+regret2_insert_repair,4866.766151091226,,0.5847088340087794
E_CARBON_TIER1__formal_goeke80__threeshift__e2-threeshift-150c-02__alns_e2_carbon__seed2,E_CARBON_TIER1,alns_e2_carbon,alns_e2_carbon,threeshift,e2-threeshift-150c-02,2,2,6,random_customer_removal+regret2_insert_repair,native_random_customer_removal+regret2_insert_repair,4522.001967618111,,0.8547890420013573
E_CARBON_TIER1__formal_goeke80__threeshift__e2-threeshift-150c-02__alns_e2_carbon__seed2,E_CARBON_TIER1,alns_e2_carbon,alns_e2_carbon,threeshift,e2-threeshift-150c-02,2,3,7,random_customer_removal+regret2_insert_repair,native_random_customer_removal+regret2_insert_repair,4468.726767831724,,0.9415772920037853
E_CARBON_TIER1__formal_goeke80__threeshift__e2-threeshift-150c-02__alns_e2_carbon__seed2,E_CARBON_TIER1,alns_e2_carbon,alns_e2_carbon,threeshift,e2-threeshift-150c-02,2,4,8,random_customer_removal+regret2_insert_repair,native_random_customer_removal+regret2_insert_repair,4384.07172875477,,1.1262536669964902
E_CARBON_TIER1__formal_goeke80__threeshift__e2-threeshift-150c-02__alns_e2_carbon__seed2,E_CARBON_TIER1,alns_e2_carbon,alns_e2_carbon,threeshift,e2-threeshift-150c-02,2,5,10,random_customer_removal+regret2_insert_repair,native_random_customer_removal+regret2_insert_repair,4374.839844938385,,1.5211535840062425
E_CARBON_TIER1__formal_goeke80__threeshift__e2-threeshift-150c-02__alns_e2_carbon__seed2,E_CARBON_TIER1,alns_e2_carbon,alns_e2_carbon,threeshift,e2-threeshift-150c-02,2,6,11,random_customer_removal+regret2_insert_repair,native_random_customer_removal+regret2_insert_repair,4228.153197946318,,1.6613255840056809
E_CARBON_TIER1__formal_goeke80__threeshift__e2-threeshift-150c-02__alns_e2_carbon__seed2,E_CARBON_TIER1,alns_e2_carbon,alns_e2_carbon,threeshift,e2-threeshift-150c-02,2,7,16,random_customer_removal+regret2_insert_repair,native_random_customer_removal+regret2_insert_repair,4197.715047832858,,2.499250459004543
E_CARBON_TIER1__formal_goeke80__threeshift__e2-threeshift-150c-02__alns_e2_carbon__seed2,E_CARBON_TIER1,alns_e2_carbon,alns_e2_carbon,threeshift,e2-threeshift-150c-02,2,8,19,random_customer_removal+regret2_insert_repair,native_random_customer_removal+regret2_insert_repair,4137.7334521858465,,3.0458315840078285
E_CARBON_TIER1__formal_goeke80__threeshift__e2-threeshift-150c-02__alns_e2_carbon__seed2,E_CARBON_TIER1,alns_e2_carbon,alns_e2_carbon,threeshift,e2-threeshift-150c-02,2,9,49,random_customer_removal+regret2_insert_repair,native_random_customer_removal+regret2_insert_repair,4136.882666995346,,7.395506417000433
E_CARBON_TIER1__formal_goeke80__threeshift__e2-threeshift-150c-02__alns_e2_carbon__seed2,E_CARBON_TIER1,alns_e2_carbon,alns_e2_carbon,threeshift,e2-threeshift-150c-02,2,10,50,random_customer_removal+regret2_insert_repair,native_random_customer_removal+regret2_insert_repair,4126.540024210442,,7.4515069170010975
E_CARBON_TIER1__formal_goeke80__threeshift__e2-threeshift-150c-02__alns_e2_carbon__seed2,E_CARBON_TIER1,alns_e2_carbon,alns_e2_carbon,threeshift,e2-threeshift-150c-02,2,11,62,random_customer_removal+regret2_insert_repair,native_random_customer_removal+regret2_insert_repair,4082.806138763113,,8.957925374998013
E_CARBON_TIER1__formal_goeke80__threeshift__e2-threeshift-150c-02__alns_e2_carbon__seed2,E_CARBON_TIER1,alns_e2_carbon,alns_e2_carbon,threeshift,e2-threeshift-150c-02,2,12,66,random_customer_removal+regret2_insert_repair,native_random_customer_removal+regret2_insert_repair,4079.953521706408,,9.714222958995379
E_CARBON_TIER1__formal_goeke80__threeshift__e2-threeshift-150c-02__alns_e2_carbon__seed2,E_CARBON_TIER1,alns_e2_carbon,alns_e2_carbon,threeshift,e2-threeshift-150c-02,2,13,80,random_customer_removal+regret2_insert_repair,native_random_customer_removal+regret2_insert_repair,4076.28512630307,,11.409260208994965
E_CARBON_TIER1__formal_goeke80__threeshift__e2-threeshift-150c-02__alns_e2_carbon__seed2,E_CARBON_TIER1,alns_e2_carbon,alns_e2_carbon,threeshift,e2-threeshift-150c-02,2,14,82,random_customer_removal+regret2_insert_repair,native_random_customer_removal+regret2_insert_repair,4066.48979672462,,11.508248166996054
E_CARBON_TIER1__formal_goeke80__threeshift__e2-threeshift-150c-02__alns_e2_carbon__seed2,E_CARBON_TIER1,alns_e2_carbon,alns_e2_carbon,threeshift,e2-threeshift-150c-02,2,15,83,random_customer_removal+regret2_insert_repair,native_random_customer_removal+regret2_insert_repair,3977.2663523717497,,11.553475542008528
E_CARBON_TIER1__formal_goeke80__threeshift__e2-threeshift-150c-02__alns_e2_carbon__seed2,E_CARBON_TIER1,alns_e2_carbon,alns_e2_carbon,threeshift,e2-threeshift-150c-02,2,16,84,random_customer_removal+regret2_insert_repair,native_random_customer_removal+regret2_insert_repair,3976.8752208884744,,11.630922791999183
E_CARBON_TIER1__formal_goeke80__threeshift__e2-threeshift-150c-02__alns_e2_carbon__seed2,E_CARBON_TIER1,alns_e2_carbon,alns_e2_carbon,threeshift,e2-threeshift-150c-02,2,17,91,random_customer_removal+regret2_insert_repair,native_random_customer_removal+regret2_insert_repair,3974.1003738377667,,12.57314520899672
E_CARBON_TIER1__formal_goeke80__threeshift__e2-threeshift-150c-02__alns_e2_carbon__seed2,E_CARBON_TIER1,alns_e2_carbon,alns_e2_carbon,threeshift,e2-threeshift-150c-02,2,18,93,random_customer_removal+regret2_insert_repair,native_random_customer_removal+regret2_insert_repair,3857.5492027611517,,12.682817209002678
E_CARBON_TIER1__formal_goeke80__threeshift__e2-threeshift-150c-02__alns_e2_carbon__seed2,E_CARBON_TIER1,alns_e2_carbon,alns_e2_carbon,threeshift,e2-threeshift-150c-02,2,19,94,random_customer_removal+regret2_insert_repair,native_random_customer_removal+regret2_insert_repair,3837.768635128436,,12.763049625005806
E_CARBON_TIER1__formal_goeke80__threeshift__e2-threeshift-150c-02__alns_e2_carbon__seed2,E_CARBON_TIER1,alns_e2_carbon,alns_e2_carbon,threeshift,e2-threeshift-150c-02,2,20,96,random_customer_removal+regret2_insert_repair,native_random_customer_removal+regret2_insert_repair,3837.308514531776,,13.060368459002348
E_CARBON_TIER1__formal_goeke80__threeshift__e2-threeshift-150c-02__alns_e2_carbon__seed2,E_CARBON_TIER1,alns_e2_carbon,alns_e2_carbon,threeshift,e2-threeshift-150c-02,2,21,101,random_customer_removal+regret2_insert_repair,native_random_customer_removal+regret2_insert_repair,3822.7812507748185,,13.58908433400211
E_CARBON_TIER1__formal_goeke80__threeshift__e2-threeshift-150c-02__alns_e2_carbon__seed2,E_CARBON_TIER1,alns_e2_carbon,alns_e2_carbon,threeshift,e2-threeshift-150c-02,2,22,102,random_customer_removal+regret2_insert_repair,native_random_customer_removal+regret2_insert_repair,3819.62909823792,,13.62141866699676
E_CARBON_TIER1__formal_goeke80__threeshift__e2-threeshift-150c-02__alns_e2_carbon__seed2,E_CARBON_TIER1,alns_e2_carbon,alns_e2_carbon,threeshift,e2-threeshift-150c-02,2,23,107,random_customer_removal+regret2_insert_repair,native_random_customer_removal+regret2_insert_repair,3807.680624518865,,14.320035625001765
E_CARBON_TIER1__formal_goeke80__threeshift__e2-threeshift-150c-02__alns_e2_carbon__seed2,E_CARBON_TIER1,alns_e2_carbon,alns_e2_carbon,threeshift,e2-threeshift-150c-02,2,24,108,random_customer_removal+regret2_insert_repair,native_random_customer_removal+regret2_insert_repair,3807.0679510726304,,14.508384250002564
E_CARBON_TIER1__formal_goeke80__threeshift__e2-threeshift-150c-02__alns_e2_carbon__seed2,E_CARBON_TIER1,alns_e2_carbon,alns_e2_carbon,threeshift,e2-threeshift-150c-02,2,25,111,random_customer_removal+regret2_insert_repair,native_random_customer_removal+regret2_insert_repair,3804.086276323125,,14.99506879200635
E_CARBON_TIER1__formal_goeke80__threeshift__e2-threeshift-150c-02__alns_e2_carbon__seed2,E_CARBON_TIER1,alns_e2_carbon,alns_e2_carbon,threeshift,e2-threeshift-150c-02,2,26,122,random_customer_removal+regret2_insert_repair,native_random_customer_removal+regret2_insert_repair,3799.859733015491,,16.60482566700375
E_CARBON_TIER1__formal_goeke80__threeshift__e2-threeshift-150c-02__alns_e2_carbon__seed2,E_CARBON_TIER1,alns_e2_carbon,alns_e2_carbon,threeshift,e2-threeshift-150c-02,2,27,133,random_customer_removal+regret2_insert_repair,native_random_customer_removal+regret2_insert_repair,3798.129338275155,,17.77515533400583
E_CARBON_TIER1__formal_goeke80__threeshift__e2-threeshift-150c-02__alns_e2_carbon__seed2,E_CARBON_TIER1,alns_e2_carbon,alns_e2_carbon,threeshift,e2-threeshift-150c-02,2,28,139,random_customer_removal+regret2_insert_repair,native_random_customer_removal+regret2_insert_repair,3798.0768125008544,,18.5391032500047
E_CARBON_TIER1__formal_goeke80__threeshift__e2-threeshift-150c-02__alns_e2_carbon__seed2,E_CARBON_TIER1,alns_e2_carbon,alns_e2_carbon,threeshift,e2-threeshift-150c-02,2,29,146,random_customer_removal+regret2_insert_repair,native_random_customer_removal+regret2_insert_repair,3796.597807055092,,19.477054999995744
E_CARBON_TIER1__formal_goeke80__threeshift__e2-threeshift-150c-02__alns_e2_carbon__seed2,E_CARBON_TIER1,alns_e2_carbon,alns_e2_carbon,threeshift,e2-threeshift-150c-02,2,30,149,random_customer_removal+regret2_insert_repair,native_random_customer_removal+regret2_insert_repair,3796.137686458432,,19.731699291995028
E_CARBON_TIER1__formal_goeke80__threeshift__e2-threeshift-150c-02__alns_e2_carbon__seed2,E_CARBON_TIER1,alns_e2_carbon,alns_e2_carbon,threeshift,e2-threeshift-150c-02,2,31,177,random_customer_removal+regret2_insert_repair,native_random_customer_removal+regret2_insert_repair,3772.8557406607,,23.522759166997275
E_CARBON_TIER1__formal_goeke80__threeshift__e2-threeshift-150c-02__alns_e2_carbon__seed2,E_CARBON_TIER1,alns_e2_carbon,alns_e2_carbon,threeshift,e2-threeshift-150c-02,2,32,193,random_customer_removal+regret2_insert_repair,native_random_customer_removal+regret2_insert_repair,3766.88349884535,,25.16360633399745
E_CARBON_TIER1__formal_goeke80__threeshift__e2-threeshift-150c-02__alns_e2_carbon__seed2,E_CARBON_TIER1,alns_e2_carbon,alns_e2_carbon,threeshift,e2-threeshift-150c-02,2,33,195,random_customer_removal+regret2_insert_repair,native_random_customer_removal+regret2_insert_repair,3765.320056611826,,25.382914542002254
E_CARBON_TIER1__formal_goeke80__threeshift__e2-threeshift-150c-02__alns_e2_carbon__seed2,E_CARBON_TIER1,alns_e2_carbon,alns_e2_carbon,threeshift,e2-threeshift-150c-02,2,34,205,random_customer_removal+regret2_insert_repair,native_random_customer_removal+regret2_insert_repair,3763.4067426487104,,26.995900084002642
E_CARBON_TIER1__formal_goeke80__threeshift__e2-threeshift-150c-02__alns_e2_carbon__seed2,E_CARBON_TIER1,alns_e2_carbon,alns_e2_carbon,threeshift,e2-threeshift-150c-02,2,35,206,random_customer_removal+regret2_insert_repair,native_random_customer_removal+regret2_insert_repair,3762.602131680961,,27.08861637499649
E_CARBON_TIER1__formal_goeke80__threeshift__e2-threeshift-150c-02__alns_e2_carbon__seed2,E_CARBON_TIER1,alns_e2_carbon,alns_e2_carbon,threeshift,e2-threeshift-150c-02,2,36,213,random_customer_removal+regret2_insert_repair,native_random_customer_removal+regret2_insert_repair,3753.842015260345,,28.020923625008436
E_CARBON_TIER1__formal_goeke80__threeshift__e2-threeshift-150c-02__alns_e2_carbon__seed2,E_CARBON_TIER1,alns_e2_carbon,alns_e2_carbon,threeshift,e2-threeshift-150c-02,2,37,230,random_customer_removal+regret2_insert_repair,native_random_customer_removal+regret2_insert_repair,3752.5324584389923,,30.298710333998315
E_CARBON_TIER1__formal_goeke80__threeshift__e2-threeshift-150c-02__alns_e2_carbon__seed2,E_CARBON_TIER1,alns_e2_carbon,alns_e2_carbon,threeshift,e2-threeshift-150c-02,2,38,236,random_customer_removal+regret2_insert_repair,native_random_customer_removal+regret2_insert_repair,3745.2688622763394,,31.052224416998797
E_CARBON_TIER1__formal_goeke80__threeshift__e2-threeshift-150c-02__alns_e2_carbon__seed2,E_CARBON_TIER1,alns_e2_carbon,alns_e2_carbon,threeshift,e2-threeshift-150c-02,2,39,243,random_customer_removal+regret2_insert_repair,native_random_customer_removal+regret2_insert_repair,3743.417303045546,,31.88867787500203
E_CARBON_TIER1__formal_goeke80__threeshift__e2-threeshift-150c-02__alns_e2_carbon__seed2,E_CARBON_TIER1,alns_e2_carbon,alns_e2_carbon,threeshift,e2-threeshift-150c-02,2,40,246,random_customer_removal+regret2_insert_repair,native_random_customer_removal+regret2_insert_repair,3740.5587995927226,,32.24735629200586
E_CARBON_TIER1__formal_goeke80__threeshift__e2-threeshift-150c-02__alns_e2_carbon__seed2,E_CARBON_TIER1,alns_e2_carbon,alns_e2_carbon,threeshift,e2-threeshift-150c-02,2,41,267,random_customer_removal+regret2_insert_repair,native_random_customer_removal+regret2_insert_repair,3738.531433536579,,35.432198499998776
E_CARBON_TIER1__formal_goeke80__threeshift__e2-threeshift-150c-02__alns_e2_carbon__seed2,E_CARBON_TIER1,alns_e2_carbon,alns_e2_carbon,threeshift,e2-threeshift-150c-02,2,42,273,random_customer_removal+regret2_insert_repair,native_random_customer_removal+regret2_insert_repair,3737.0285352403166,,36.38826370899915
E_CARBON_TIER1__formal_goeke80__threeshift__e2-threeshift-150c-02__alns_e2_carbon__seed2,E_CARBON_TIER1,alns_e2_carbon,alns_e2_carbon,threeshift,e2-threeshift-150c-02,2,43,277,random_customer_removal+regret2_insert_repair,native_random_customer_removal+regret2_insert_repair,3736.176015902534,,36.87566941700061
E_CARBON_TIER1__formal_goeke80__threeshift__e2-threeshift-150c-02__alns_e2_carbon__seed2,E_CARBON_TIER1,alns_e2_carbon,alns_e2_carbon,threeshift,e2-threeshift-150c-02,2,44,279,random_customer_removal+regret2_insert_repair,native_random_customer_removal+regret2_insert_repair,3734.984798756977,,37.068162625000696
E_CARBON_TIER1__formal_goeke80__threeshift__e2-threeshift-150c-02__alns_e2_carbon__seed2,E_CARBON_TIER1,alns_e2_carbon,alns_e2_carbon,threeshift,e2-threeshift-150c-02,2,45,287,random_customer_removal+regret2_insert_repair,native_random_customer_removal+regret2_insert_repair,3734.9715512337025,,38.349898750006105
E_CARBON_TIER1__formal_goeke80__threeshift__e2-threeshift-150c-02__alns_e2_carbon__seed2,E_CARBON_TIER1,alns_e2_carbon,alns_e2_carbon,threeshift,e2-threeshift-150c-02,2,46,313,random_customer_removal+regret2_insert_repair,native_random_customer_removal+regret2_insert_repair,3732.21145746313,,41.91205087500566
E_CARBON_TIER1__formal_goeke80__threeshift__e2-threeshift-150c-02__alns_e2_carbon__seed2,E_CARBON_TIER1,alns_e2_carbon,alns_e2_carbon,threeshift,e2-threeshift-150c-02,2,47,326,random_customer_removal+regret2_insert_repair,native_random_customer_removal+regret2_insert_repair,3730.704609523925,,43.952655084009166
E_CARBON_TIER1__formal_goeke80__threeshift__e2-threeshift-150c-02__alns_e2_carbon__seed2,E_CARBON_TIER1,alns_e2_carbon,alns_e2_carbon,threeshift,e2-threeshift-150c-02,2,48,327,random_customer_removal+regret2_insert_repair,native_random_customer_removal+regret2_insert_repair,3729.4349976641533,,44.01111520899576
E_CARBON_TIER1__formal_goeke80__threeshift__e2-threeshift-150c-02__alns_e2_carbon__seed2,E_CARBON_TIER1,alns_e2_carbon,alns_e2_carbon,threeshift,e2-threeshift-150c-02,2,49,334,random_customer_removal+regret2_insert_repair,native_random_customer_removal+regret2_insert_repair,3686.5142891912333,,44.95565104200796
E_CARBON_TIER1__formal_goeke80__threeshift__e2-threeshift-150c-02__alns_e2_carbon__seed2,E_CARBON_TIER1,alns_e2_carbon,alns_e2_carbon,threeshift,e2-threeshift-150c-02,2,50,349,random_customer_removal+regret2_insert_repair,native_random_customer_removal+regret2_insert_repair,3669.074827651747,,46.87332924999646
E_CARBON_TIER1__formal_goeke80__threeshift__e2-threeshift-150c-02__alns_e2_carbon__seed2,E_CARBON_TIER1,alns_e2_carbon,alns_e2_carbon,threeshift,e2-threeshift-150c-02,2,51,352,random_customer_removal+regret2_insert_repair,native_random_customer_removal+regret2_insert_repair,3668.614707055088,,47.24229550000746
E_CARBON_TIER1__formal_goeke80__threeshift__e2-threeshift-150c-02__alns_e2_carbon__seed2,E_CARBON_TIER1,alns_e2_carbon,alns_e2_carbon,threeshift,e2-threeshift-150c-02,2,52,353,random_customer_removal+regret2_insert_repair,native_random_customer_removal+regret2_insert_repair,3655.672207019705,,47.33094600000186
E_CARBON_TIER1__formal_goeke80__threeshift__e2-threeshift-150c-02__alns_e2_carbon__seed2,E_CARBON_TIER1,alns_e2_carbon,alns_e2_carbon,threeshift,e2-threeshift-150c-02,2,53,359,random_customer_removal+regret2_insert_repair,native_random_customer_removal+regret2_insert_repair,3654.6112711759197,,48.08091266700649
E_CARBON_TIER1__formal_goeke80__threeshift__e2-threeshift-150c-02__alns_e2_carbon__seed2,E_CARBON_TIER1,alns_e2_carbon,alns_e2_carbon,threeshift,e2-threeshift-150c-02,2,54,373,random_customer_removal+regret2_insert_repair,native_random_customer_removal+regret2_insert_repair,3653.196571660287,,50.37574983399827
E_CARBON_TIER1__formal_goeke80__threeshift__e2-threeshift-150c-02__alns_e2_carbon__seed2,E_CARBON_TIER1,alns_e2_carbon,alns_e2_carbon,threeshift,e2-threeshift-150c-02,2,55,426,random_customer_removal+regret2_insert_repair,native_random_customer_removal+regret2_insert_repair,3648.899586889535,,56.95707729199785
E_CARBON_TIER1__formal_goeke80__threeshift__e2-threeshift-150c-02__alns_e2_carbon__seed2,E_CARBON_TIER1,alns_e2_carbon,alns_e2_carbon,threeshift,e2-threeshift-150c-02,2,56,499,random_customer_removal+regret2_insert_repair,native_random_customer_removal+regret2_insert_repair,3646.5062121230676,,65.96571554199909
E_CARBON_TIER1__formal_goeke80__threeshift__e2-threeshift-150c-02__alns_e2_carbon__seed2,E_CARBON_TIER1,alns_e2_carbon,alns_e2_carbon,threeshift,e2-threeshift-150c-02,2,57,620,random_customer_removal+regret2_insert_repair,native_random_customer_removal+regret2_insert_repair,3645.2366002632953,,80.32382295900607
E_CARBON_TIER1__formal_goeke80__threeshift__e2-threeshift-150c-02__alns_e2_carbon__seed2,E_CARBON_TIER1,alns_e2_carbon,alns_e2_carbon,threeshift,e2-threeshift-150c-02,2,58,643,random_customer_removal+regret2_insert_repair,native_random_customer_removal+regret2_insert_repair,3644.634298645913,,83.47990187500545
E_CARBON_TIER1__formal_goeke80__threeshift__e2-threeshift-150c-02__alns_e2_carbon__seed2,E_CARBON_TIER1,alns_e2_carbon,alns_e2_carbon,threeshift,e2-threeshift-150c-02,2,59,731,random_customer_removal+regret2_insert_repair,native_random_customer_removal+regret2_insert_repair,3644.538841179394,,95.56230904199765
E_CARBON_TIER1__formal_goeke80__threeshift__e2-threeshift-150c-02__alns_e2_carbon__seed2,E_CARBON_TIER1,alns_e2_carbon,alns_e2_carbon,threeshift,e2-threeshift-150c-02,2,60,809,random_customer_removal+regret2_insert_repair,native_random_customer_removal+regret2_insert_repair,3638.5397360561333,,104.92114762500569
E_CARBON_TIER1__formal_goeke80__threeshift__e2-threeshift-150c-02__alns_e2_carbon__seed2,E_CARBON_TIER1,alns_e2_carbon,alns_e2_carbon,threeshift,e2-threeshift-150c-02,2,61,941,vehicle_type_swap+greedy_insert_repair,native_vehicle_type_swap+greedy_insert_repair,3623.8445496748263,,122.54342762500164
E_CARBON_TIER1__formal_goeke80__threeshift__e2-threeshift-150c-02__alns_e2_carbon__seed2,E_CARBON_TIER1,alns_e2_carbon,alns_e2_carbon,threeshift,e2-threeshift-150c-02,2,62,942,vehicle_type_swap+greedy_insert_repair,native_vehicle_type_swap+greedy_insert_repair,3608.379469939788,,122.58204870899499
E_CARBON_TIER1__formal_goeke80__threeshift__e2-threeshift-150c-02__alns_e2_carbon__seed2,E_CARBON_TIER1,alns_e2_carbon,alns_e2_carbon,threeshift,e2-threeshift-150c-02,2,63,943,vehicle_type_swap+greedy_insert_repair,native_vehicle_type_swap+greedy_insert_repair,3591.4255391330903,,122.60358645900851
E_CARBON_TIER1__formal_goeke80__threeshift__e2-threeshift-150c-02__alns_e2_carbon__seed2,E_CARBON_TIER1,alns_e2_carbon,alns_e2_carbon,threeshift,e2-threeshift-150c-02,2,64,944,vehicle_type_swap+greedy_insert_repair,native_vehicle_type_swap+greedy_insert_repair,3574.9918778974034,,122.6208603749983
E_CARBON_TIER1__formal_goeke80__threeshift__e2-threeshift-150c-02__alns_e2_carbon__seed2,E_CARBON_TIER1,alns_e2_carbon,alns_e2_carbon,threeshift,e2-threeshift-150c-02,2,65,945,vehicle_type_swap+greedy_insert_repair,native_vehicle_type_swap+greedy_insert_repair,3560.162969776796,,122.6404284589953
E_CARBON_TIER1__formal_goeke80__threeshift__e2-threeshift-150c-02__alns_e2_carbon__seed2,E_CARBON_TIER1,alns_e2_carbon,alns_e2_carbon,threeshift,e2-threeshift-150c-02,2,66,946,vehicle_type_swap+greedy_insert_repair,native_vehicle_type_swap+greedy_insert_repair,3550.072513521801,,122.66298162500607
E_CARBON_TIER1__formal_goeke80__threeshift__e2-threeshift-150c-02__alns_e2_carbon__seed2,E_CARBON_TIER1,alns_e2_carbon,alns_e2_carbon,threeshift,e2-threeshift-150c-02,2,67,948,vehicle_type_swap+greedy_insert_repair,native_vehicle_type_swap+greedy_insert_repair,3536.90913953259,,122.700126249998
E_CARBON_TIER1__formal_goeke80__threeshift__e2-threeshift-150c-02__alns_e2_carbon__seed3,E_CARBON_TIER1,alns_e2_carbon,alns_e2_carbon,threeshift,e2-threeshift-150c-02,3,0,0,shared_warm_start,shared_warm_start,5059.001494485717,,0.0004247920005582273
E_CARBON_TIER1__formal_goeke80__threeshift__e2-threeshift-150c-02__alns_e2_carbon__seed3,E_CARBON_TIER1,alns_e2_carbon,alns_e2_carbon,threeshift,e2-threeshift-150c-02,3,1,5,random_customer_removal+regret2_insert_repair,native_random_customer_removal+regret2_insert_repair,4937.2036174284885,,0.6905223329958972
E_CARBON_TIER1__formal_goeke80__threeshift__e2-threeshift-150c-02__alns_e2_carbon__seed3,E_CARBON_TIER1,alns_e2_carbon,alns_e2_carbon,threeshift,e2-threeshift-150c-02,3,2,6,random_customer_removal+regret2_insert_repair,native_random_customer_removal+regret2_insert_repair,4766.423351537768,,0.816914082999574
E_CARBON_TIER1__formal_goeke80__threeshift__e2-threeshift-150c-02__alns_e2_carbon__seed3,E_CARBON_TIER1,alns_e2_carbon,alns_e2_carbon,threeshift,e2-threeshift-150c-02,3,3,9,random_customer_removal+regret2_insert_repair,native_random_customer_removal+regret2_insert_repair,4718.157385566634,,1.1570780420006486
E_CARBON_TIER1__formal_goeke80__threeshift__e2-threeshift-150c-02__alns_e2_carbon__seed3,E_CARBON_TIER1,alns_e2_carbon,alns_e2_carbon,threeshift,e2-threeshift-150c-02,3,4,11,random_customer_removal+regret2_insert_repair,native_random_customer_removal+regret2_insert_repair,4520.097839897707,,1.313511041997117
E_CARBON_TIER1__formal_goeke80__threeshift__e2-threeshift-150c-02__alns_e2_carbon__seed3,E_CARBON_TIER1,alns_e2_carbon,alns_e2_carbon,threeshift,e2-threeshift-150c-02,3,5,12,random_customer_removal+regret2_insert_repair,native_random_customer_removal+regret2_insert_repair,4491.740409262747,,1.5804145419970155
E_CARBON_TIER1__formal_goeke80__threeshift__e2-threeshift-150c-02__alns_e2_carbon__seed3,E_CARBON_TIER1,alns_e2_carbon,alns_e2_carbon,threeshift,e2-threeshift-150c-02,3,6,13,random_customer_removal+regret2_insert_repair,native_random_customer_removal+regret2_insert_repair,4482.65439166955,,1.660959874992841
E_CARBON_TIER1__formal_goeke80__threeshift__e2-threeshift-150c-02__alns_e2_carbon__seed3,E_CARBON_TIER1,alns_e2_carbon,alns_e2_carbon,threeshift,e2-threeshift-150c-02,3,7,14,random_customer_removal+regret2_insert_repair,native_random_customer_removal+regret2_insert_repair,4313.455036907684,,2.03712666699721
E_CARBON_TIER1__formal_goeke80__threeshift__e2-threeshift-150c-02__alns_e2_carbon__seed3,E_CARBON_TIER1,alns_e2_carbon,alns_e2_carbon,threeshift,e2-threeshift-150c-02,3,8,21,random_customer_removal+regret2_insert_repair,native_random_customer_removal+regret2_insert_repair,4184.869357356704,,2.793003166996641
E_CARBON_TIER1__formal_goeke80__threeshift__e2-threeshift-150c-02__alns_e2_carbon__seed3,E_CARBON_TIER1,alns_e2_carbon,alns_e2_carbon,threeshift,e2-threeshift-150c-02,3,9,22,random_customer_removal+regret2_insert_repair,native_random_customer_removal+regret2_insert_repair,4176.450606411917,,2.8741802079894114
E_CARBON_TIER1__formal_goeke80__threeshift__e2-threeshift-150c-02__alns_e2_carbon__seed3,E_CARBON_TIER1,alns_e2_carbon,alns_e2_carbon,threeshift,e2-threeshift-150c-02,3,10,23,random_customer_removal+regret2_insert_repair,native_random_customer_removal+regret2_insert_repair,4139.923074792046,,3.1381972919916734
E_CARBON_TIER1__formal_goeke80__threeshift__e2-threeshift-150c-02__alns_e2_carbon__seed3,E_CARBON_TIER1,alns_e2_carbon,alns_e2_carbon,threeshift,e2-threeshift-150c-02,3,11,39,random_customer_removal+regret2_insert_repair,native_random_customer_removal+regret2_insert_repair,4078.92791840775,,4.989433832990471
E_CARBON_TIER1__formal_goeke80__threeshift__e2-threeshift-150c-02__alns_e2_carbon__seed3,E_CARBON_TIER1,alns_e2_carbon,alns_e2_carbon,threeshift,e2-threeshift-150c-02,3,12,41,random_customer_removal+regret2_insert_repair,native_random_customer_removal+regret2_insert_repair,4065.5459707316427,,5.232184291991871
E_CARBON_TIER1__formal_goeke80__threeshift__e2-threeshift-150c-02__alns_e2_carbon__seed3,E_CARBON_TIER1,alns_e2_carbon,alns_e2_carbon,threeshift,e2-threeshift-150c-02,3,13,47,random_customer_removal+regret2_insert_repair,native_random_customer_removal+regret2_insert_repair,4043.713745057676,,6.088271332992008
E_CARBON_TIER1__formal_goeke80__threeshift__e2-threeshift-150c-02__alns_e2_carbon__seed3,E_CARBON_TIER1,alns_e2_carbon,alns_e2_carbon,threeshift,e2-threeshift-150c-02,3,14,48,random_customer_removal+regret2_insert_repair,native_random_customer_removal+regret2_insert_repair,4001.0319720702105,,6.186946582995006
E_CARBON_TIER1__formal_goeke80__threeshift__e2-threeshift-150c-02__alns_e2_carbon__seed3,E_CARBON_TIER1,alns_e2_carbon,alns_e2_carbon,threeshift,e2-threeshift-150c-02,3,15,49,random_customer_removal+regret2_insert_repair,native_random_customer_removal+regret2_insert_repair,3995.9772715895706,,6.377829332996043
E_CARBON_TIER1__formal_goeke80__threeshift__e2-threeshift-150c-02__alns_e2_carbon__seed3,E_CARBON_TIER1,alns_e2_carbon,alns_e2_carbon,threeshift,e2-threeshift-150c-02,3,16,50,random_customer_removal+regret2_insert_repair,native_random_customer_removal+regret2_insert_repair,3994.502019374461,,6.610556291998364
E_CARBON_TIER1__formal_goeke80__threeshift__e2-threeshift-150c-02__alns_e2_carbon__seed3,E_CARBON_TIER1,alns_e2_carbon,alns_e2_carbon,threeshift,e2-threeshift-150c-02,3,17,53,random_customer_removal+regret2_insert_repair,native_random_customer_removal+regret2_insert_repair,3965.3030148036673,,7.06650141699356
E_CARBON_TIER1__formal_goeke80__threeshift__e2-threeshift-150c-02__alns_e2_carbon__seed3,E_CARBON_TIER1,alns_e2_carbon,alns_e2_carbon,threeshift,e2-threeshift-150c-02,3,18,63,random_customer_removal+regret2_insert_repair,native_random_customer_removal+regret2_insert_repair,3961.40676719367,,8.655822291999357
E_CARBON_TIER1__formal_goeke80__threeshift__e2-threeshift-150c-02__alns_e2_carbon__seed3,E_CARBON_TIER1,alns_e2_carbon,alns_e2_carbon,threeshift,e2-threeshift-150c-02,3,19,69,random_customer_removal+regret2_insert_repair,native_random_customer_removal+regret2_insert_repair,3958.8900437214224,,9.491122457999154
E_CARBON_TIER1__formal_goeke80__threeshift__e2-threeshift-150c-02__alns_e2_carbon__seed3,E_CARBON_TIER1,alns_e2_carbon,alns_e2_carbon,threeshift,e2-threeshift-150c-02,3,20,103,random_customer_removal+regret2_insert_repair,native_random_customer_removal+regret2_insert_repair,3936.930040580274,,15.214569707997725
E_CARBON_TIER1__formal_goeke80__threeshift__e2-threeshift-150c-02__alns_e2_carbon__seed3,E_CARBON_TIER1,alns_e2_carbon,alns_e2_carbon,threeshift,e2-threeshift-150c-02,3,21,104,random_customer_removal+regret2_insert_repair,native_random_customer_removal+regret2_insert_repair,3935.4139330432936,,15.275014792001457
E_CARBON_TIER1__formal_goeke80__threeshift__e2-threeshift-150c-02__alns_e2_carbon__seed3,E_CARBON_TIER1,alns_e2_carbon,alns_e2_carbon,threeshift,e2-threeshift-150c-02,3,22,106,random_customer_removal+regret2_insert_repair,native_random_customer_removal+regret2_insert_repair,3923.9249071038225,,15.518410207994748
E_CARBON_TIER1__formal_goeke80__threeshift__e2-threeshift-150c-02__alns_e2_carbon__seed3,E_CARBON_TIER1,alns_e2_carbon,alns_e2_carbon,threeshift,e2-threeshift-150c-02,3,23,107,random_customer_removal+regret2_insert_repair,native_random_customer_removal+regret2_insert_repair,3916.2018014787222,,15.561716707990854
E_CARBON_TIER1__formal_goeke80__threeshift__e2-threeshift-150c-02__alns_e2_carbon__seed3,E_CARBON_TIER1,alns_e2_carbon,alns_e2_carbon,threeshift,e2-threeshift-150c-02,3,24,109,random_customer_removal+regret2_insert_repair,native_random_customer_removal+regret2_insert_repair,3911.3912368171063,,15.778820666993852
E_CARBON_TIER1__formal_goeke80__threeshift__e2-threeshift-150c-02__alns_e2_carbon__seed3,E_CARBON_TIER1,alns_e2_carbon,alns_e2_carbon,threeshift,e2-threeshift-150c-02,3,25,111,random_customer_removal+regret2_insert_repair,native_random_customer_removal+regret2_insert_repair,3896.6849996830724,,16.168793332995847
E_CARBON_TIER1__formal_goeke80__threeshift__e2-threeshift-150c-02__alns_e2_carbon__seed3,E_CARBON_TIER1,alns_e2_carbon,alns_e2_carbon,threeshift,e2-threeshift-150c-02,3,26,114,random_customer_removal+regret2_insert_repair,native_random_customer_removal+regret2_insert_repair,3874.3723636031655,,16.529078457999276
E_CARBON_TIER1__formal_goeke80__threeshift__e2-threeshift-150c-02__alns_e2_carbon__seed3,E_CARBON_TIER1,alns_e2_carbon,alns_e2_carbon,threeshift,e2-threeshift-150c-02,3,27,121,random_customer_removal+regret2_insert_repair,native_random_customer_removal+regret2_insert_repair,3867.385817607661,,17.559425125000416
E_CARBON_TIER1__formal_goeke80__threeshift__e2-threeshift-150c-02__alns_e2_carbon__seed3,E_CARBON_TIER1,alns_e2_carbon,alns_e2_carbon,threeshift,e2-threeshift-150c-02,3,28,123,random_customer_removal+regret2_insert_repair,native_random_customer_removal+regret2_insert_repair,3861.8118879478234,,18.034330541995587
E_CARBON_TIER1__formal_goeke80__threeshift__e2-threeshift-150c-02__alns_e2_carbon__seed3,E_CARBON_TIER1,alns_e2_carbon,alns_e2_carbon,threeshift,e2-threeshift-150c-02,3,29,126,random_customer_removal+regret2_insert_repair,native_random_customer_removal+regret2_insert_repair,3851.921048361805,,18.424739666996174
E_CARBON_TIER1__formal_goeke80__threeshift__e2-threeshift-150c-02__alns_e2_carbon__seed3,E_CARBON_TIER1,alns_e2_carbon,alns_e2_carbon,threeshift,e2-threeshift-150c-02,3,30,127,random_customer_removal+regret2_insert_repair,native_random_customer_removal+regret2_insert_repair,3848.9027043226674,,18.540419999990263
E_CARBON_TIER1__formal_goeke80__threeshift__e2-threeshift-150c-02__alns_e2_carbon__seed3,E_CARBON_TIER1,alns_e2_carbon,alns_e2_carbon,threeshift,e2-threeshift-150c-02,3,31,133,random_customer_removal+regret2_insert_repair,native_random_customer_removal+regret2_insert_repair,3837.564119942353,,19.14699258300243
E_CARBON_TIER1__formal_goeke80__threeshift__e2-threeshift-150c-02__alns_e2_carbon__seed3,E_CARBON_TIER1,alns_e2_carbon,alns_e2_carbon,threeshift,e2-threeshift-150c-02,3,32,134,random_customer_removal+regret2_insert_repair,native_random_customer_removal+regret2_insert_repair,3828.476154524172,,19.22579895799572
E_CARBON_TIER1__formal_goeke80__threeshift__e2-threeshift-150c-02__alns_e2_carbon__seed3,E_CARBON_TIER1,alns_e2_carbon,alns_e2_carbon,threeshift,e2-threeshift-150c-02,3,33,136,random_customer_removal+regret2_insert_repair,native_random_customer_removal+regret2_insert_repair,3798.367773255344,,19.4596271670016
E_CARBON_TIER1__formal_goeke80__threeshift__e2-threeshift-150c-02__alns_e2_carbon__seed3,E_CARBON_TIER1,alns_e2_carbon,alns_e2_carbon,threeshift,e2-threeshift-150c-02,3,34,142,random_customer_removal+regret2_insert_repair,native_random_customer_removal+regret2_insert_repair,3791.736992571616,,20.129575416998705
E_CARBON_TIER1__formal_goeke80__threeshift__e2-threeshift-150c-02__alns_e2_carbon__seed3,E_CARBON_TIER1,alns_e2_carbon,alns_e2_carbon,threeshift,e2-threeshift-150c-02,3,35,153,random_customer_removal+regret2_insert_repair,native_random_customer_removal+regret2_insert_repair,3790.0016806856647,,22.02499516699754
E_CARBON_TIER1__formal_goeke80__threeshift__e2-threeshift-150c-02__alns_e2_carbon__seed3,E_CARBON_TIER1,alns_e2_carbon,alns_e2_carbon,threeshift,e2-threeshift-150c-02,3,36,166,random_customer_removal+regret2_insert_repair,native_random_customer_removal+regret2_insert_repair,3779.0925528242974,,23.72474695800338
E_CARBON_TIER1__formal_goeke80__threeshift__e2-threeshift-150c-02__alns_e2_carbon__seed3,E_CARBON_TIER1,alns_e2_carbon,alns_e2_carbon,threeshift,e2-threeshift-150c-02,3,37,168,random_customer_removal+regret2_insert_repair,native_random_customer_removal+regret2_insert_repair,3753.742488690485,,23.989583542002947
E_CARBON_TIER1__formal_goeke80__threeshift__e2-threeshift-150c-02__alns_e2_carbon__seed3,E_CARBON_TIER1,alns_e2_carbon,alns_e2_carbon,threeshift,e2-threeshift-150c-02,3,38,175,random_customer_removal+regret2_insert_repair,native_random_customer_removal+regret2_insert_repair,3753.2204184335187,,24.812520666993805
E_CARBON_TIER1__formal_goeke80__threeshift__e2-threeshift-150c-02__alns_e2_carbon__seed3,E_CARBON_TIER1,alns_e2_carbon,alns_e2_carbon,threeshift,e2-threeshift-150c-02,3,39,180,random_customer_removal+regret2_insert_repair,native_random_customer_removal+regret2_insert_repair,3751.3891979834075,,25.43919145799009
E_CARBON_TIER1__formal_goeke80__threeshift__e2-threeshift-150c-02__alns_e2_carbon__seed3,E_CARBON_TIER1,alns_e2_carbon,alns_e2_carbon,threeshift,e2-threeshift-150c-02,3,40,182,random_customer_removal+regret2_insert_repair,native_random_customer_removal+regret2_insert_repair,3749.263427000823,,25.674490249992232
E_CARBON_TIER1__formal_goeke80__threeshift__e2-threeshift-150c-02__alns_e2_carbon__seed3,E_CARBON_TIER1,alns_e2_carbon,alns_e2_carbon,threeshift,e2-threeshift-150c-02,3,41,252,random_customer_removal+regret2_insert_repair,native_random_customer_removal+regret2_insert_repair,3744.0771550639483,,34.260805416997755
E_CARBON_TIER1__formal_goeke80__threeshift__e2-threeshift-150c-02__alns_e2_carbon__seed3,E_CARBON_TIER1,alns_e2_carbon,alns_e2_carbon,threeshift,e2-threeshift-150c-02,3,42,285,random_customer_removal+regret2_insert_repair,native_random_customer_removal+regret2_insert_repair,3743.9961044608726,,37.903053332993295
E_CARBON_TIER1__formal_goeke80__threeshift__e2-threeshift-150c-02__alns_e2_carbon__seed3,E_CARBON_TIER1,alns_e2_carbon,alns_e2_carbon,threeshift,e2-threeshift-150c-02,3,43,293,random_customer_removal+regret2_insert_repair,native_random_customer_removal+regret2_insert_repair,3687.5820813225355,,39.43429545799154
E_CARBON_TIER1__formal_goeke80__threeshift__e2-threeshift-150c-02__alns_e2_carbon__seed3,E_CARBON_TIER1,alns_e2_carbon,alns_e2_carbon,threeshift,e2-threeshift-150c-02,3,44,294,random_customer_removal+regret2_insert_repair,native_random_customer_removal+regret2_insert_repair,3664.6890663848667,,39.56573958299123
E_CARBON_TIER1__formal_goeke80__threeshift__e2-threeshift-150c-02__alns_e2_carbon__seed3,E_CARBON_TIER1,alns_e2_carbon,alns_e2_carbon,threeshift,e2-threeshift-150c-02,3,45,296,random_customer_removal+regret2_insert_repair,native_random_customer_removal+regret2_insert_repair,3664.674162314459,,39.87961470799928
E_CARBON_TIER1__formal_goeke80__threeshift__e2-threeshift-150c-02__alns_e2_carbon__seed3,E_CARBON_TIER1,alns_e2_carbon,alns_e2_carbon,threeshift,e2-threeshift-150c-02,3,46,300,random_customer_removal+regret2_insert_repair,native_random_customer_removal+regret2_insert_repair,3655.355112834793,,40.14281687499897
E_CARBON_TIER1__formal_goeke80__threeshift__e2-threeshift-150c-02__alns_e2_carbon__seed3,E_CARBON_TIER1,alns_e2_carbon,alns_e2_carbon,threeshift,e2-threeshift-150c-02,3,47,303,random_customer_removal+regret2_insert_repair,native_random_customer_removal+regret2_insert_repair,3652.675874599969,,40.59270700000343
E_CARBON_TIER1__formal_goeke80__threeshift__e2-threeshift-150c-02__alns_e2_carbon__seed3,E_CARBON_TIER1,alns_e2_carbon,alns_e2_carbon,threeshift,e2-threeshift-150c-02,3,48,317,random_customer_removal+regret2_insert_repair,native_random_customer_removal+regret2_insert_repair,3647.646238068941,,41.76544204200036
E_CARBON_TIER1__formal_goeke80__threeshift__e2-threeshift-150c-02__alns_e2_carbon__seed3,E_CARBON_TIER1,alns_e2_carbon,alns_e2_carbon,threeshift,e2-threeshift-150c-02,3,49,329,random_customer_removal+regret2_insert_repair,native_random_customer_removal+regret2_insert_repair,3646.5367394170453,,43.18300295800145
E_CARBON_TIER1__formal_goeke80__threeshift__e2-threeshift-150c-02__alns_e2_carbon__seed3,E_CARBON_TIER1,alns_e2_carbon,alns_e2_carbon,threeshift,e2-threeshift-150c-02,3,50,375,random_customer_removal+regret2_insert_repair,native_random_customer_removal+regret2_insert_repair,3646.069651439526,,48.59520395800064
E_CARBON_TIER1__formal_goeke80__threeshift__e2-threeshift-150c-02__alns_e2_carbon__seed3,E_CARBON_TIER1,alns_e2_carbon,alns_e2_carbon,threeshift,e2-threeshift-150c-02,3,51,380,random_customer_removal+regret2_insert_repair,native_random_customer_removal+regret2_insert_repair,3643.4107425668276,,49.2760854579974
E_CARBON_TIER1__formal_goeke80__threeshift__e2-threeshift-150c-02__alns_e2_carbon__seed3,E_CARBON_TIER1,alns_e2_carbon,alns_e2_carbon,threeshift,e2-threeshift-150c-02,3,52,418,random_customer_removal+regret2_insert_repair,native_random_customer_removal+regret2_insert_repair,3639.240259147654,,54.45138279200182
E_CARBON_TIER1__formal_goeke80__threeshift__e2-threeshift-150c-02__alns_e2_carbon__seed3,E_CARBON_TIER1,alns_e2_carbon,alns_e2_carbon,threeshift,e2-threeshift-150c-02,3,53,658,random_customer_removal+regret2_insert_repair,native_random_customer_removal+regret2_insert_repair,3639.1592085445786,,82.57354491700244
E_CARBON_TIER1__formal_goeke80__threeshift__e2-threeshift-150c-02__alns_e2_carbon__seed3,E_CARBON_TIER1,alns_e2_carbon,alns_e2_carbon,threeshift,e2-threeshift-150c-02,3,54,754,vehicle_type_swap+greedy_insert_repair,native_vehicle_type_swap+greedy_insert_repair,3619.5515007098247,,97.1967233329924
E_CARBON_TIER1__formal_goeke80__threeshift__e2-threeshift-150c-02__alns_e2_carbon__seed3,E_CARBON_TIER1,alns_e2_carbon,alns_e2_carbon,threeshift,e2-threeshift-150c-02,3,55,755,vehicle_type_swap+greedy_insert_repair,native_vehicle_type_swap+greedy_insert_repair,3604.7072165715563,,97.21692541700031
E_CARBON_TIER1__formal_goeke80__threeshift__e2-threeshift-150c-02__alns_e2_carbon__seed3,E_CARBON_TIER1,alns_e2_carbon,alns_e2_carbon,threeshift,e2-threeshift-150c-02,3,56,756,vehicle_type_swap+greedy_insert_repair,native_vehicle_type_swap+greedy_insert_repair,3585.6345744741716,,97.23475166699791
E_CARBON_TIER1__formal_goeke80__threeshift__e2-threeshift-150c-02__alns_e2_carbon__seed3,E_CARBON_TIER1,alns_e2_carbon,alns_e2_carbon,threeshift,e2-threeshift-150c-02,3,57,757,vehicle_type_swap+greedy_insert_repair,native_vehicle_type_swap+greedy_insert_repair,3564.8119342938157,,97.25145283299207
E_CARBON_TIER1__formal_goeke80__threeshift__e2-threeshift-150c-02__alns_e2_carbon__seed3,E_CARBON_TIER1,alns_e2_carbon,alns_e2_carbon,threeshift,e2-threeshift-150c-02,3,58,758,vehicle_type_swap+greedy_insert_repair,native_vehicle_type_swap+greedy_insert_repair,3545.7469323307696,,97.27158395799052
E_CARBON_TIER1__formal_goeke80__threeshift__e2-threeshift-150c-02__alns_e2_carbon__seed3,E_CARBON_TIER1,alns_e2_carbon,alns_e2_carbon,threeshift,e2-threeshift-150c-02,3,59,759,vehicle_type_swap+greedy_insert_repair,native_vehicle_type_swap+greedy_insert_repair,3527.458969702729,,97.29038991699053
E_CARBON_TIER1__formal_goeke80__threeshift__e2-threeshift-150c-02__alns_e2_carbon__seed3,E_CARBON_TIER1,alns_e2_carbon,alns_e2_carbon,threeshift,e2-threeshift-150c-02,3,60,760,vehicle_type_swap+greedy_insert_repair,native_vehicle_type_swap+greedy_insert_repair,3513.456446740828,,97.31238558299083
E_CARBON_TIER1__formal_goeke80__threeshift__e2-threeshift-150c-02__alns_e2_carbon__seed3,E_CARBON_TIER1,alns_e2_carbon,alns_e2_carbon,threeshift,e2-threeshift-150c-02,3,61,761,vehicle_type_swap+greedy_insert_repair,native_vehicle_type_swap+greedy_insert_repair,3497.622036092837,,97.33601099999214
E_CARBON_TIER1__formal_goeke80__threeshift__e2-threeshift-150c-02__alns_e2_carbon__seed3,E_CARBON_TIER1,alns_e2_carbon,alns_e2_carbon,threeshift,e2-threeshift-150c-02,3,62,762,vehicle_type_swap+greedy_insert_repair,native_vehicle_type_swap+greedy_insert_repair,3480.366326104898,,97.35970504199213
E_CARBON_TIER1__formal_goeke80__threeshift__e2-threeshift-150c-02__alns_e2_carbon__seed3,E_CARBON_TIER1,alns_e2_carbon,alns_e2_carbon,threeshift,e2-threeshift-150c-02,3,63,763,vehicle_type_swap+greedy_insert_repair,native_vehicle_type_swap+greedy_insert_repair,3466.427637022751,,97.3828515829955
E_CARBON_TIER1__formal_goeke80__threeshift__e2-threeshift-150c-02__alns_e2_carbon__seed3,E_CARBON_TIER1,alns_e2_carbon,alns_e2_carbon,threeshift,e2-threeshift-150c-02,3,64,1390,random_customer_removal+regret2_insert_repair,native_random_customer_removal+regret2_insert_repair,3464.1935031789253,,145.25366999999096
E_CARBON_TIER1__formal_goeke80__threeshift__e2-threeshift-150c-02__alns_e2_carbon__seed3,E_CARBON_TIER1,alns_e2_carbon,alns_e2_carbon,threeshift,e2-threeshift-150c-02,3,65,1647,random_customer_removal+regret2_insert_repair,native_random_customer_removal+regret2_insert_repair,3463.918694391673,,165.25080091699783
E_CARBON_TIER1__formal_goeke80__threeshift__e2-threeshift-150c-02__alns_e2_carbon__seed3,E_CARBON_TIER1,alns_e2_carbon,alns_e2_carbon,threeshift,e2-threeshift-150c-02,3,66,1673,vehicle_type_swap+greedy_insert_repair,native_vehicle_type_swap+greedy_insert_repair,3444.376303611971,,167.25917299999855
E_CARBON_TIER1__formal_goeke80__threeshift__e2-threeshift-150c-02__alns_e2_carbon_ablation__seed1,E_CARBON_TIER1,alns_e2_carbon_ablation,alns_e2_carbon_ablation,threeshift,e2-threeshift-150c-02,1,0,0,shared_warm_start,shared_warm_start,5059.001494485717,,0.0004688749904744327
E_CARBON_TIER1__formal_goeke80__threeshift__e2-threeshift-150c-02__alns_e2_carbon_ablation__seed1,E_CARBON_TIER1,alns_e2_carbon_ablation,alns_e2_carbon_ablation,threeshift,e2-threeshift-150c-02,1,1,15,random_customer_removal+greedy_insert_repair,native_random_customer_removal+greedy_insert_repair,4870.396800320584,,1.7886246669950197
E_CARBON_TIER1__formal_goeke80__threeshift__e2-threeshift-150c-02__alns_e2_carbon_ablation__seed1,E_CARBON_TIER1,alns_e2_carbon_ablation,alns_e2_carbon_ablation,threeshift,e2-threeshift-150c-02,1,2,16,random_customer_removal+greedy_insert_repair,native_random_customer_removal+greedy_insert_repair,4857.227645343409,,2.0668070419924334
E_CARBON_TIER1__formal_goeke80__threeshift__e2-threeshift-150c-02__alns_e2_carbon_ablation__seed1,E_CARBON_TIER1,alns_e2_carbon_ablation,alns_e2_carbon_ablation,threeshift,e2-threeshift-150c-02,1,3,17,random_customer_removal+greedy_insert_repair,native_random_customer_removal+greedy_insert_repair,4812.8250365773065,,2.1704612499888754
E_CARBON_TIER1__formal_goeke80__threeshift__e2-threeshift-150c-02__alns_e2_carbon_ablation__seed1,E_CARBON_TIER1,alns_e2_carbon_ablation,alns_e2_carbon_ablation,threeshift,e2-threeshift-150c-02,1,4,22,random_customer_removal+greedy_insert_repair,native_random_customer_removal+greedy_insert_repair,4775.873337785318,,2.546672583994223
E_CARBON_TIER1__formal_goeke80__threeshift__e2-threeshift-150c-02__alns_e2_carbon_ablation__seed1,E_CARBON_TIER1,alns_e2_carbon_ablation,alns_e2_carbon_ablation,threeshift,e2-threeshift-150c-02,1,5,23,random_customer_removal+greedy_insert_repair,native_random_customer_removal+greedy_insert_repair,4734.384379621383,,2.6241134999872884
E_CARBON_TIER1__formal_goeke80__threeshift__e2-threeshift-150c-02__alns_e2_carbon_ablation__seed1,E_CARBON_TIER1,alns_e2_carbon_ablation,alns_e2_carbon_ablation,threeshift,e2-threeshift-150c-02,1,6,24,random_customer_removal+greedy_insert_repair,native_random_customer_removal+greedy_insert_repair,4616.160379096123,,2.79520512498857
E_CARBON_TIER1__formal_goeke80__threeshift__e2-threeshift-150c-02__alns_e2_carbon_ablation__seed1,E_CARBON_TIER1,alns_e2_carbon_ablation,alns_e2_carbon_ablation,threeshift,e2-threeshift-150c-02,1,7,26,random_customer_removal+greedy_insert_repair,native_random_customer_removal+greedy_insert_repair,4392.389350306816,,3.3514063749898924
E_CARBON_TIER1__formal_goeke80__threeshift__e2-threeshift-150c-02__alns_e2_carbon_ablation__seed1,E_CARBON_TIER1,alns_e2_carbon_ablation,alns_e2_carbon_ablation,threeshift,e2-threeshift-150c-02,1,8,27,random_customer_removal+greedy_insert_repair,native_random_customer_removal+greedy_insert_repair,4380.762784333508,,3.5270022089971462
E_CARBON_TIER1__formal_goeke80__threeshift__e2-threeshift-150c-02__alns_e2_carbon_ablation__seed1,E_CARBON_TIER1,alns_e2_carbon_ablation,alns_e2_carbon_ablation,threeshift,e2-threeshift-150c-02,1,9,29,random_customer_removal+greedy_insert_repair,native_random_customer_removal+greedy_insert_repair,4358.497248637532,,3.7229324169893516
E_CARBON_TIER1__formal_goeke80__threeshift__e2-threeshift-150c-02__alns_e2_carbon_ablation__seed1,E_CARBON_TIER1,alns_e2_carbon_ablation,alns_e2_carbon_ablation,threeshift,e2-threeshift-150c-02,1,10,34,random_customer_removal+greedy_insert_repair,native_random_customer_removal+greedy_insert_repair,4297.574736414393,,4.600661041986314
E_CARBON_TIER1__formal_goeke80__threeshift__e2-threeshift-150c-02__alns_e2_carbon_ablation__seed1,E_CARBON_TIER1,alns_e2_carbon_ablation,alns_e2_carbon_ablation,threeshift,e2-threeshift-150c-02,1,11,57,random_customer_removal+greedy_insert_repair,native_random_customer_removal+greedy_insert_repair,4296.038186178162,,7.629827708995435
E_CARBON_TIER1__formal_goeke80__threeshift__e2-threeshift-150c-02__alns_e2_carbon_ablation__seed1,E_CARBON_TIER1,alns_e2_carbon_ablation,alns_e2_carbon_ablation,threeshift,e2-threeshift-150c-02,1,12,59,random_customer_removal+greedy_insert_repair,native_random_customer_removal+greedy_insert_repair,4294.391775923714,,8.019853958991007
E_CARBON_TIER1__formal_goeke80__threeshift__e2-threeshift-150c-02__alns_e2_carbon_ablation__seed1,E_CARBON_TIER1,alns_e2_carbon_ablation,alns_e2_carbon_ablation,threeshift,e2-threeshift-150c-02,1,13,60,random_customer_removal+greedy_insert_repair,native_random_customer_removal+greedy_insert_repair,4289.119585803961,,8.11854416699498
E_CARBON_TIER1__formal_goeke80__threeshift__e2-threeshift-150c-02__alns_e2_carbon_ablation__seed1,E_CARBON_TIER1,alns_e2_carbon_ablation,alns_e2_carbon_ablation,threeshift,e2-threeshift-150c-02,1,14,61,random_customer_removal+greedy_insert_repair,native_random_customer_removal+greedy_insert_repair,4257.104595665373,,8.381437916992581
E_CARBON_TIER1__formal_goeke80__threeshift__e2-threeshift-150c-02__alns_e2_carbon_ablation__seed1,E_CARBON_TIER1,alns_e2_carbon_ablation,alns_e2_carbon_ablation,threeshift,e2-threeshift-150c-02,1,15,65,random_customer_removal+greedy_insert_repair,native_random_customer_removal+greedy_insert_repair,4218.95973387957,,9.080669249990024
E_CARBON_TIER1__formal_goeke80__threeshift__e2-threeshift-150c-02__alns_e2_carbon_ablation__seed1,E_CARBON_TIER1,alns_e2_carbon_ablation,alns_e2_carbon_ablation,threeshift,e2-threeshift-150c-02,1,16,73,random_customer_removal+greedy_insert_repair,native_random_customer_removal+greedy_insert_repair,4215.541651108197,,10.256145583989564
E_CARBON_TIER1__formal_goeke80__threeshift__e2-threeshift-150c-02__alns_e2_carbon_ablation__seed1,E_CARBON_TIER1,alns_e2_carbon_ablation,alns_e2_carbon_ablation,threeshift,e2-threeshift-150c-02,1,17,83,random_customer_removal+greedy_insert_repair,native_random_customer_removal+greedy_insert_repair,4214.573005264865,,11.71401454199804
E_CARBON_TIER1__formal_goeke80__threeshift__e2-threeshift-150c-02__alns_e2_carbon_ablation__seed1,E_CARBON_TIER1,alns_e2_carbon_ablation,alns_e2_carbon_ablation,threeshift,e2-threeshift-150c-02,1,18,100,random_customer_removal+greedy_insert_repair,native_random_customer_removal+greedy_insert_repair,4205.150913477001,,13.783005124991178
E_CARBON_TIER1__formal_goeke80__threeshift__e2-threeshift-150c-02__alns_e2_carbon_ablation__seed1,E_CARBON_TIER1,alns_e2_carbon_ablation,alns_e2_carbon_ablation,threeshift,e2-threeshift-150c-02,1,19,101,random_customer_removal+greedy_insert_repair,native_random_customer_removal+greedy_insert_repair,4192.926520142164,,13.850669624996954
E_CARBON_TIER1__formal_goeke80__threeshift__e2-threeshift-150c-02__alns_e2_carbon_ablation__seed1,E_CARBON_TIER1,alns_e2_carbon_ablation,alns_e2_carbon_ablation,threeshift,e2-threeshift-150c-02,1,20,102,random_customer_removal+greedy_insert_repair,native_random_customer_removal+greedy_insert_repair,4191.19463696123,,13.926509458993678
E_CARBON_TIER1__formal_goeke80__threeshift__e2-threeshift-150c-02__alns_e2_carbon_ablation__seed1,E_CARBON_TIER1,alns_e2_carbon_ablation,alns_e2_carbon_ablation,threeshift,e2-threeshift-150c-02,1,21,117,random_customer_removal+greedy_insert_repair,native_random_customer_removal+greedy_insert_repair,4189.755641382666,,16.371540541993454
E_CARBON_TIER1__formal_goeke80__threeshift__e2-threeshift-150c-02__alns_e2_carbon_ablation__seed1,E_CARBON_TIER1,alns_e2_carbon_ablation,alns_e2_carbon_ablation,threeshift,e2-threeshift-150c-02,1,22,118,random_customer_removal+greedy_insert_repair,native_random_customer_removal+greedy_insert_repair,4185.0825135249515,,16.43223229199066
E_CARBON_TIER1__formal_goeke80__threeshift__e2-threeshift-150c-02__alns_e2_carbon_ablation__seed1,E_CARBON_TIER1,alns_e2_carbon_ablation,alns_e2_carbon_ablation,threeshift,e2-threeshift-150c-02,1,23,130,random_customer_removal+greedy_insert_repair,native_random_customer_removal+greedy_insert_repair,4149.822322552263,,17.94894733399269
E_CARBON_TIER1__formal_goeke80__threeshift__e2-threeshift-150c-02__alns_e2_carbon_ablation__seed1,E_CARBON_TIER1,alns_e2_carbon_ablation,alns_e2_carbon_ablation,threeshift,e2-threeshift-150c-02,1,24,136,random_customer_removal+greedy_insert_repair,native_random_customer_removal+greedy_insert_repair,4145.419193806226,,18.543481083994266
E_CARBON_TIER1__formal_goeke80__threeshift__e2-threeshift-150c-02__alns_e2_carbon_ablation__seed1,E_CARBON_TIER1,alns_e2_carbon_ablation,alns_e2_carbon_ablation,threeshift,e2-threeshift-150c-02,1,25,144,random_customer_removal+greedy_insert_repair,native_random_customer_removal+greedy_insert_repair,4138.4145835743175,,19.803293958990253
E_CARBON_TIER1__formal_goeke80__threeshift__e2-threeshift-150c-02__alns_e2_carbon_ablation__seed1,E_CARBON_TIER1,alns_e2_carbon_ablation,alns_e2_carbon_ablation,threeshift,e2-threeshift-150c-02,1,26,148,random_customer_removal+greedy_insert_repair,native_random_customer_removal+greedy_insert_repair,4133.875932274742,,20.403275374992518
E_CARBON_TIER1__formal_goeke80__threeshift__e2-threeshift-150c-02__alns_e2_carbon_ablation__seed1,E_CARBON_TIER1,alns_e2_carbon_ablation,alns_e2_carbon_ablation,threeshift,e2-threeshift-150c-02,1,27,154,random_customer_removal+greedy_insert_repair,native_random_customer_removal+greedy_insert_repair,4126.710280738353,,21.29450766700029
E_CARBON_TIER1__formal_goeke80__threeshift__e2-threeshift-150c-02__alns_e2_carbon_ablation__seed1,E_CARBON_TIER1,alns_e2_carbon_ablation,alns_e2_carbon_ablation,threeshift,e2-threeshift-150c-02,1,28,161,random_customer_removal+greedy_insert_repair,native_random_customer_removal+greedy_insert_repair,4121.332063054991,,22.135800874995766
E_CARBON_TIER1__formal_goeke80__threeshift__e2-threeshift-150c-02__alns_e2_carbon_ablation__seed1,E_CARBON_TIER1,alns_e2_carbon_ablation,alns_e2_carbon_ablation,threeshift,e2-threeshift-150c-02,1,29,167,random_customer_removal+greedy_insert_repair,native_random_customer_removal+greedy_insert_repair,3997.4724554052077,,23.16626337499474
E_CARBON_TIER1__formal_goeke80__threeshift__e2-threeshift-150c-02__alns_e2_carbon_ablation__seed1,E_CARBON_TIER1,alns_e2_carbon_ablation,alns_e2_carbon_ablation,threeshift,e2-threeshift-150c-02,1,30,174,random_customer_removal+greedy_insert_repair,native_random_customer_removal+greedy_insert_repair,3996.192259708834,,24.22698379198846
E_CARBON_TIER1__formal_goeke80__threeshift__e2-threeshift-150c-02__alns_e2_carbon_ablation__seed1,E_CARBON_TIER1,alns_e2_carbon_ablation,alns_e2_carbon_ablation,threeshift,e2-threeshift-150c-02,1,31,186,random_customer_removal+greedy_insert_repair,native_random_customer_removal+greedy_insert_repair,3984.939391507587,,26.685833999988972
E_CARBON_TIER1__formal_goeke80__threeshift__e2-threeshift-150c-02__alns_e2_carbon_ablation__seed1,E_CARBON_TIER1,alns_e2_carbon_ablation,alns_e2_carbon_ablation,threeshift,e2-threeshift-150c-02,1,32,196,random_customer_removal+greedy_insert_repair,native_random_customer_removal+greedy_insert_repair,3977.4868232622257,,27.87249491699913
E_CARBON_TIER1__formal_goeke80__threeshift__e2-threeshift-150c-02__alns_e2_carbon_ablation__seed1,E_CARBON_TIER1,alns_e2_carbon_ablation,alns_e2_carbon_ablation,threeshift,e2-threeshift-150c-02,1,33,199,random_customer_removal+greedy_insert_repair,native_random_customer_removal+greedy_insert_repair,3972.6431689651654,,28.480311874998733
E_CARBON_TIER1__formal_goeke80__threeshift__e2-threeshift-150c-02__alns_e2_carbon_ablation__seed1,E_CARBON_TIER1,alns_e2_carbon_ablation,alns_e2_carbon_ablation,threeshift,e2-threeshift-150c-02,1,34,201,random_customer_removal+greedy_insert_repair,native_random_customer_removal+greedy_insert_repair,3972.6327192831795,,28.599578458990436
E_CARBON_TIER1__formal_goeke80__threeshift__e2-threeshift-150c-02__alns_e2_carbon_ablation__seed1,E_CARBON_TIER1,alns_e2_carbon_ablation,alns_e2_carbon_ablation,threeshift,e2-threeshift-150c-02,1,35,212,random_customer_removal+greedy_insert_repair,native_random_customer_removal+greedy_insert_repair,3960.221508721329,,30.059983999992255
E_CARBON_TIER1__formal_goeke80__threeshift__e2-threeshift-150c-02__alns_e2_carbon_ablation__seed1,E_CARBON_TIER1,alns_e2_carbon_ablation,alns_e2_carbon_ablation,threeshift,e2-threeshift-150c-02,1,36,222,random_customer_removal+greedy_insert_repair,native_random_customer_removal+greedy_insert_repair,3956.5039274842693,,31.918710541998735
E_CARBON_TIER1__formal_goeke80__threeshift__e2-threeshift-150c-02__alns_e2_carbon_ablation__seed1,E_CARBON_TIER1,alns_e2_carbon_ablation,alns_e2_carbon_ablation,threeshift,e2-threeshift-150c-02,1,37,232,random_customer_removal+greedy_insert_repair,native_random_customer_removal+greedy_insert_repair,3955.0191805934214,,32.6458781669935
E_CARBON_TIER1__formal_goeke80__threeshift__e2-threeshift-150c-02__alns_e2_carbon_ablation__seed1,E_CARBON_TIER1,alns_e2_carbon_ablation,alns_e2_carbon_ablation,threeshift,e2-threeshift-150c-02,1,38,259,random_customer_removal+greedy_insert_repair,native_random_customer_removal+greedy_insert_repair,3954.3237094810065,,36.288723083998775
E_CARBON_TIER1__formal_goeke80__threeshift__e2-threeshift-150c-02__alns_e2_carbon_ablation__seed1,E_CARBON_TIER1,alns_e2_carbon_ablation,alns_e2_carbon_ablation,threeshift,e2-threeshift-150c-02,1,39,260,random_customer_removal+greedy_insert_repair,native_random_customer_removal+greedy_insert_repair,3953.5925649073224,,36.370216624985915
E_CARBON_TIER1__formal_goeke80__threeshift__e2-threeshift-150c-02__alns_e2_carbon_ablation__seed1,E_CARBON_TIER1,alns_e2_carbon_ablation,alns_e2_carbon_ablation,threeshift,e2-threeshift-150c-02,1,40,262,random_customer_removal+greedy_insert_repair,native_random_customer_removal+greedy_insert_repair,3951.2215578912446,,36.503247458997066
E_CARBON_TIER1__formal_goeke80__threeshift__e2-threeshift-150c-02__alns_e2_carbon_ablation__seed1,E_CARBON_TIER1,alns_e2_carbon_ablation,alns_e2_carbon_ablation,threeshift,e2-threeshift-150c-02,1,41,269,random_customer_removal+greedy_insert_repair,native_random_customer_removal+greedy_insert_repair,3950.330977030032,,37.51984320899646
E_CARBON_TIER1__formal_goeke80__threeshift__e2-threeshift-150c-02__alns_e2_carbon_ablation__seed1,E_CARBON_TIER1,alns_e2_carbon_ablation,alns_e2_carbon_ablation,threeshift,e2-threeshift-150c-02,1,42,270,random_customer_removal+greedy_insert_repair,native_random_customer_removal+greedy_insert_repair,3949.122004475775,,37.62740279198624
E_CARBON_TIER1__formal_goeke80__threeshift__e2-threeshift-150c-02__alns_e2_carbon_ablation__seed1,E_CARBON_TIER1,alns_e2_carbon_ablation,alns_e2_carbon_ablation,threeshift,e2-threeshift-150c-02,1,43,351,random_customer_removal+greedy_insert_repair,native_random_customer_removal+greedy_insert_repair,3939.515342203893,,48.14821029199811
E_CARBON_TIER1__formal_goeke80__threeshift__e2-threeshift-150c-02__alns_e2_carbon_ablation__seed1,E_CARBON_TIER1,alns_e2_carbon_ablation,alns_e2_carbon_ablation,threeshift,e2-threeshift-150c-02,1,44,443,random_customer_removal+greedy_insert_repair,native_random_customer_removal+greedy_insert_repair,3935.8886400775054,,58.856221833993914
E_CARBON_TIER1__formal_goeke80__threeshift__e2-threeshift-150c-02__alns_e2_carbon_ablation__seed1,E_CARBON_TIER1,alns_e2_carbon_ablation,alns_e2_carbon_ablation,threeshift,e2-threeshift-150c-02,1,45,456,random_customer_removal+greedy_insert_repair,native_random_customer_removal+greedy_insert_repair,3921.60269929518,,60.88331616698997
E_CARBON_TIER1__formal_goeke80__threeshift__e2-threeshift-150c-02__alns_e2_carbon_ablation__seed1,E_CARBON_TIER1,alns_e2_carbon_ablation,alns_e2_carbon_ablation,threeshift,e2-threeshift-150c-02,1,46,464,random_customer_removal+greedy_insert_repair,native_random_customer_removal+greedy_insert_repair,3914.4839283881283,,61.87111087499943
E_CARBON_TIER1__formal_goeke80__threeshift__e2-threeshift-150c-02__alns_e2_carbon_ablation__seed1,E_CARBON_TIER1,alns_e2_carbon_ablation,alns_e2_carbon_ablation,threeshift,e2-threeshift-150c-02,1,47,490,random_customer_removal+greedy_insert_repair,native_random_customer_removal+greedy_insert_repair,3914.3495762919765,,65.93705433399009
E_CARBON_TIER1__formal_goeke80__threeshift__e2-threeshift-150c-02__alns_e2_carbon_ablation__seed1,E_CARBON_TIER1,alns_e2_carbon_ablation,alns_e2_carbon_ablation,threeshift,e2-threeshift-150c-02,1,48,493,random_customer_removal+greedy_insert_repair,native_random_customer_removal+greedy_insert_repair,3912.5488500189226,,66.14816433399392
E_CARBON_TIER1__formal_goeke80__threeshift__e2-threeshift-150c-02__alns_e2_carbon_ablation__seed1,E_CARBON_TIER1,alns_e2_carbon_ablation,alns_e2_carbon_ablation,threeshift,e2-threeshift-150c-02,1,49,502,random_customer_removal+greedy_insert_repair,native_random_customer_removal+greedy_insert_repair,3909.772385965834,,67.26954562499304
E_CARBON_TIER1__formal_goeke80__threeshift__e2-threeshift-150c-02__alns_e2_carbon_ablation__seed1,E_CARBON_TIER1,alns_e2_carbon_ablation,alns_e2_carbon_ablation,threeshift,e2-threeshift-150c-02,1,50,535,random_customer_removal+greedy_insert_repair,native_random_customer_removal+greedy_insert_repair,3909.761936283848,,71.2889403339941
E_CARBON_TIER1__formal_goeke80__threeshift__e2-threeshift-150c-02__alns_e2_carbon_ablation__seed1,E_CARBON_TIER1,alns_e2_carbon_ablation,alns_e2_carbon_ablation,threeshift,e2-threeshift-150c-02,1,51,553,random_customer_removal+greedy_insert_repair,native_random_customer_removal+greedy_insert_repair,3895.2606482367487,,74.17430812498787
E_CARBON_TIER1__formal_goeke80__threeshift__e2-threeshift-150c-02__alns_e2_carbon_ablation__seed1,E_CARBON_TIER1,alns_e2_carbon_ablation,alns_e2_carbon_ablation,threeshift,e2-threeshift-150c-02,1,52,574,random_customer_removal+greedy_insert_repair,native_random_customer_removal+greedy_insert_repair,3895.06631333578,,77.42793004198757
E_CARBON_TIER1__formal_goeke80__threeshift__e2-threeshift-150c-02__alns_e2_carbon_ablation__seed1,E_CARBON_TIER1,alns_e2_carbon_ablation,alns_e2_carbon_ablation,threeshift,e2-threeshift-150c-02,1,53,588,random_customer_removal+greedy_insert_repair,native_random_customer_removal+greedy_insert_repair,3893.9683768232467,,79.19499108399032
E_CARBON_TIER1__formal_goeke80__threeshift__e2-threeshift-150c-02__alns_e2_carbon_ablation__seed1,E_CARBON_TIER1,alns_e2_carbon_ablation,alns_e2_carbon_ablation,threeshift,e2-threeshift-150c-02,1,54,590,random_customer_removal+greedy_insert_repair,native_random_customer_removal+greedy_insert_repair,3890.6022316968592,,79.39226162499108
E_CARBON_TIER1__formal_goeke80__threeshift__e2-threeshift-150c-02__alns_e2_carbon_ablation__seed1,E_CARBON_TIER1,alns_e2_carbon_ablation,alns_e2_carbon_ablation,threeshift,e2-threeshift-150c-02,1,55,593,random_customer_removal+greedy_insert_repair,native_random_customer_removal+greedy_insert_repair,3890.2277406149524,,79.87592212499294
E_CARBON_TIER1__formal_goeke80__threeshift__e2-threeshift-150c-02__alns_e2_carbon_ablation__seed1,E_CARBON_TIER1,alns_e2_carbon_ablation,alns_e2_carbon_ablation,threeshift,e2-threeshift-150c-02,1,56,618,random_customer_removal+greedy_insert_repair,native_random_customer_removal+greedy_insert_repair,3887.1404271316705,,82.57254104199819
E_CARBON_TIER1__formal_goeke80__threeshift__e2-threeshift-150c-02__alns_e2_carbon_ablation__seed1,E_CARBON_TIER1,alns_e2_carbon_ablation,alns_e2_carbon_ablation,threeshift,e2-threeshift-150c-02,1,57,637,random_customer_removal+greedy_insert_repair,native_random_customer_removal+greedy_insert_repair,3884.8943737050085,,84.76046412499272
E_CARBON_TIER1__formal_goeke80__threeshift__e2-threeshift-150c-02__alns_e2_carbon_ablation__seed1,E_CARBON_TIER1,alns_e2_carbon_ablation,alns_e2_carbon_ablation,threeshift,e2-threeshift-150c-02,1,58,647,random_customer_removal+greedy_insert_repair,native_random_customer_removal+greedy_insert_repair,3883.2657122744904,,85.67077804199653
E_CARBON_TIER1__formal_goeke80__threeshift__e2-threeshift-150c-02__alns_e2_carbon_ablation__seed1,E_CARBON_TIER1,alns_e2_carbon_ablation,alns_e2_carbon_ablation,threeshift,e2-threeshift-150c-02,1,59,657,random_customer_removal+greedy_insert_repair,native_random_customer_removal+greedy_insert_repair,3881.6064788797607,,86.54951754199283
E_CARBON_TIER1__formal_goeke80__threeshift__e2-threeshift-150c-02__alns_e2_carbon_ablation__seed1,E_CARBON_TIER1,alns_e2_carbon_ablation,alns_e2_carbon_ablation,threeshift,e2-threeshift-150c-02,1,60,722,random_customer_removal+greedy_insert_repair,native_random_customer_removal+greedy_insert_repair,3881.5110214132405,,95.7906673749967
E_CARBON_TIER1__formal_goeke80__threeshift__e2-threeshift-150c-02__alns_e2_carbon_ablation__seed1,E_CARBON_TIER1,alns_e2_carbon_ablation,alns_e2_carbon_ablation,threeshift,e2-threeshift-150c-02,1,61,755,random_customer_removal+greedy_insert_repair,native_random_customer_removal+greedy_insert_repair,3881.4893748684926,,99.6004877499945
E_CARBON_TIER1__formal_goeke80__threeshift__e2-threeshift-150c-02__alns_e2_carbon_ablation__seed1,E_CARBON_TIER1,alns_e2_carbon_ablation,alns_e2_carbon_ablation,threeshift,e2-threeshift-150c-02,1,62,778,random_customer_removal+greedy_insert_repair,native_random_customer_removal+greedy_insert_repair,3881.41255279158,,101.84740924999642
E_CARBON_TIER1__formal_goeke80__threeshift__e2-threeshift-150c-02__alns_e2_carbon_ablation__seed1,E_CARBON_TIER1,alns_e2_carbon_ablation,alns_e2_carbon_ablation,threeshift,e2-threeshift-150c-02,1,63,921,random_customer_removal+greedy_insert_repair,native_random_customer_removal+greedy_insert_repair,3879.2001867725876,,118.67728487499699
E_CARBON_TIER1__formal_goeke80__threeshift__e2-threeshift-150c-02__alns_e2_carbon_ablation__seed1,E_CARBON_TIER1,alns_e2_carbon_ablation,alns_e2_carbon_ablation,threeshift,e2-threeshift-150c-02,1,64,922,random_customer_removal+greedy_insert_repair,native_random_customer_removal+greedy_insert_repair,3802.7949126237345,,118.78247420898697
E_CARBON_TIER1__formal_goeke80__threeshift__e2-threeshift-150c-02__alns_e2_carbon_ablation__seed1,E_CARBON_TIER1,alns_e2_carbon_ablation,alns_e2_carbon_ablation,threeshift,e2-threeshift-150c-02,1,65,924,random_customer_removal+greedy_insert_repair,native_random_customer_removal+greedy_insert_repair,3801.4452862296102,,119.06520454199926
E_CARBON_TIER1__formal_goeke80__threeshift__e2-threeshift-150c-02__alns_e2_carbon_ablation__seed1,E_CARBON_TIER1,alns_e2_carbon_ablation,alns_e2_carbon_ablation,threeshift,e2-threeshift-150c-02,1,66,972,random_customer_removal+regret2_insert_repair,native_random_customer_removal+regret2_insert_repair,3730.571786813314,,126.04876974999206
E_CARBON_TIER1__formal_goeke80__threeshift__e2-threeshift-150c-02__alns_e2_carbon_ablation__seed1,E_CARBON_TIER1,alns_e2_carbon_ablation,alns_e2_carbon_ablation,threeshift,e2-threeshift-150c-02,1,67,976,random_customer_removal+regret2_insert_repair,native_random_customer_removal+regret2_insert_repair,3724.7114251480093,,126.6507892919908
E_CARBON_TIER1__formal_goeke80__threeshift__e2-threeshift-150c-02__alns_e2_carbon_ablation__seed1,E_CARBON_TIER1,alns_e2_carbon_ablation,alns_e2_carbon_ablation,threeshift,e2-threeshift-150c-02,1,68,996,random_customer_removal+regret2_insert_repair,native_random_customer_removal+regret2_insert_repair,3722.6125562222437,,128.728687291994
E_CARBON_TIER1__formal_goeke80__threeshift__e2-threeshift-150c-02__alns_e2_carbon_ablation__seed1,E_CARBON_TIER1,alns_e2_carbon_ablation,alns_e2_carbon_ablation,threeshift,e2-threeshift-150c-02,1,69,998,random_customer_removal+regret2_insert_repair,native_random_customer_removal+regret2_insert_repair,3722.132661013915,,128.86585304199252
E_CARBON_TIER1__formal_goeke80__threeshift__e2-threeshift-150c-02__alns_e2_carbon_ablation__seed1,E_CARBON_TIER1,alns_e2_carbon_ablation,alns_e2_carbon_ablation,threeshift,e2-threeshift-150c-02,1,70,1050,vehicle_type_swap+greedy_insert_repair,native_vehicle_type_swap+greedy_insert_repair,3701.8732020006078,,133.72650295899075
E_CARBON_TIER1__formal_goeke80__threeshift__e2-threeshift-150c-02__alns_e2_carbon_ablation__seed1,E_CARBON_TIER1,alns_e2_carbon_ablation,alns_e2_carbon_ablation,threeshift,e2-threeshift-150c-02,1,71,1051,vehicle_type_swap+greedy_insert_repair,native_vehicle_type_swap+greedy_insert_repair,3683.386444654289,,133.77020720898872
E_CARBON_TIER1__formal_goeke80__threeshift__e2-threeshift-150c-02__alns_e2_carbon_ablation__seed1,E_CARBON_TIER1,alns_e2_carbon_ablation,alns_e2_carbon_ablation,threeshift,e2-threeshift-150c-02,1,72,1052,vehicle_type_swap+greedy_insert_repair,native_vehicle_type_swap+greedy_insert_repair,3666.042762985344,,133.7929798749974
E_CARBON_TIER1__formal_goeke80__threeshift__e2-threeshift-150c-02__alns_e2_carbon_ablation__seed1,E_CARBON_TIER1,alns_e2_carbon_ablation,alns_e2_carbon_ablation,threeshift,e2-threeshift-150c-02,1,73,1053,vehicle_type_swap+greedy_insert_repair,native_vehicle_type_swap+greedy_insert_repair,3655.1962509605655,,133.81526737498643
E_CARBON_TIER1__formal_goeke80__threeshift__e2-threeshift-150c-02__alns_e2_carbon_ablation__seed1,E_CARBON_TIER1,alns_e2_carbon_ablation,alns_e2_carbon_ablation,threeshift,e2-threeshift-150c-02,1,74,1054,vehicle_type_swap+greedy_insert_repair,native_vehicle_type_swap+greedy_insert_repair,3645.763844351757,,133.83928449999075
E_CARBON_TIER1__formal_goeke80__threeshift__e2-threeshift-150c-02__alns_e2_carbon_ablation__seed1,E_CARBON_TIER1,alns_e2_carbon_ablation,alns_e2_carbon_ablation,threeshift,e2-threeshift-150c-02,1,75,1573,random_customer_removal+regret2_insert_repair,native_random_customer_removal+regret2_insert_repair,3618.51185671387,,182.7959930839861
E_CARBON_TIER1__formal_goeke80__threeshift__e2-threeshift-150c-02__alns_e2_carbon_ablation__seed1,E_CARBON_TIER1,alns_e2_carbon_ablation,alns_e2_carbon_ablation,threeshift,e2-threeshift-150c-02,1,76,1589,random_customer_removal+regret2_insert_repair,native_random_customer_removal+regret2_insert_repair,3618.2043657752433,,184.4518614589906
E_CARBON_TIER1__formal_goeke80__threeshift__e2-threeshift-150c-02__alns_e2_carbon_ablation__seed1,E_CARBON_TIER1,alns_e2_carbon_ablation,alns_e2_carbon_ablation,threeshift,e2-threeshift-150c-02,1,77,1595,random_customer_removal+regret2_insert_repair,native_random_customer_removal+regret2_insert_repair,3614.839896850005,,185.17645799998718
E_CARBON_TIER1__formal_goeke80__threeshift__e2-threeshift-150c-02__alns_e2_carbon_ablation__seed1,E_CARBON_TIER1,alns_e2_carbon_ablation,alns_e2_carbon_ablation,threeshift,e2-threeshift-150c-02,1,78,1638,vehicle_type_swap+greedy_insert_repair,native_vehicle_type_swap+greedy_insert_repair,3601.912871415648,,189.71646016699378
E_CARBON_TIER1__formal_goeke80__threeshift__e2-threeshift-150c-02__alns_e2_carbon_ablation__seed1,E_CARBON_TIER1,alns_e2_carbon_ablation,alns_e2_carbon_ablation,threeshift,e2-threeshift-150c-02,1,79,3027,random_customer_removal+greedy_insert_repair,native_random_customer_removal+greedy_insert_repair,3601.645126403911,,306.75179891698644
E_CARBON_TIER1__formal_goeke80__threeshift__e2-threeshift-150c-02__alns_e2_carbon_ablation__seed1,E_CARBON_TIER1,alns_e2_carbon_ablation,alns_e2_carbon_ablation,threeshift,e2-threeshift-150c-02,1,80,4439,route_segment_removal+low_carbon_charging_repair,native_route_segment_removal+low_carbon_charging_repair,3597.861131923988,,407.8828306669893
E_CARBON_TIER1__formal_goeke80__threeshift__e2-threeshift-150c-02__alns_e2_carbon_ablation__seed1,E_CARBON_TIER1,alns_e2_carbon_ablation,alns_e2_carbon_ablation,threeshift,e2-threeshift-150c-02,1,81,4465,route_segment_removal+low_carbon_charging_repair,native_route_segment_removal+low_carbon_charging_repair,3597.147251718677,,408.03103920898866
E_CARBON_TIER1__formal_goeke80__threeshift__e2-threeshift-150c-02__alns_e2_carbon_ablation__seed1,E_CARBON_TIER1,alns_e2_carbon_ablation,alns_e2_carbon_ablation,threeshift,e2-threeshift-150c-02,1,82,4486,route_segment_removal+low_carbon_charging_repair,native_route_segment_removal+low_carbon_charging_repair,3595.422864781673,,408.15148549999867
E_CARBON_TIER1__formal_goeke80__threeshift__e2-threeshift-150c-02__alns_e2_carbon_ablation__seed1,E_CARBON_TIER1,alns_e2_carbon_ablation,alns_e2_carbon_ablation,threeshift,e2-threeshift-150c-02,1,83,4683,route_segment_removal+low_carbon_charging_repair,native_route_segment_removal+low_carbon_charging_repair,3589.9851015472987,,409.1570020839863
E_CARBON_TIER1__formal_goeke80__threeshift__e2-threeshift-150c-02__alns_e2_carbon_ablation__seed2,E_CARBON_TIER1,alns_e2_carbon_ablation,alns_e2_carbon_ablation,threeshift,e2-threeshift-150c-02,2,0,0,shared_warm_start,shared_warm_start,5059.001494485717,,0.0004605830035870895
E_CARBON_TIER1__formal_goeke80__threeshift__e2-threeshift-150c-02__alns_e2_carbon_ablation__seed2,E_CARBON_TIER1,alns_e2_carbon_ablation,alns_e2_carbon_ablation,threeshift,e2-threeshift-150c-02,2,1,5,random_customer_removal+regret2_insert_repair,native_random_customer_removal+regret2_insert_repair,4866.766151091226,,0.5857081249996554
E_CARBON_TIER1__formal_goeke80__threeshift__e2-threeshift-150c-02__alns_e2_carbon_ablation__seed2,E_CARBON_TIER1,alns_e2_carbon_ablation,alns_e2_carbon_ablation,threeshift,e2-threeshift-150c-02,2,2,6,random_customer_removal+regret2_insert_repair,native_random_customer_removal+regret2_insert_repair,4522.001967618111,,0.8552488330024062
E_CARBON_TIER1__formal_goeke80__threeshift__e2-threeshift-150c-02__alns_e2_carbon_ablation__seed2,E_CARBON_TIER1,alns_e2_carbon_ablation,alns_e2_carbon_ablation,threeshift,e2-threeshift-150c-02,2,3,7,random_customer_removal+regret2_insert_repair,native_random_customer_removal+regret2_insert_repair,4468.726767831724,,0.9426566659967648
E_CARBON_TIER1__formal_goeke80__threeshift__e2-threeshift-150c-02__alns_e2_carbon_ablation__seed2,E_CARBON_TIER1,alns_e2_carbon_ablation,alns_e2_carbon_ablation,threeshift,e2-threeshift-150c-02,2,4,8,random_customer_removal+regret2_insert_repair,native_random_customer_removal+regret2_insert_repair,4384.07172875477,,1.1272706250019837
E_CARBON_TIER1__formal_goeke80__threeshift__e2-threeshift-150c-02__alns_e2_carbon_ablation__seed2,E_CARBON_TIER1,alns_e2_carbon_ablation,alns_e2_carbon_ablation,threeshift,e2-threeshift-150c-02,2,5,10,random_customer_removal+regret2_insert_repair,native_random_customer_removal+regret2_insert_repair,4374.839844938385,,1.5241803329990944
E_CARBON_TIER1__formal_goeke80__threeshift__e2-threeshift-150c-02__alns_e2_carbon_ablation__seed2,E_CARBON_TIER1,alns_e2_carbon_ablation,alns_e2_carbon_ablation,threeshift,e2-threeshift-150c-02,2,6,11,random_customer_removal+regret2_insert_repair,native_random_customer_removal+regret2_insert_repair,4228.153197946318,,1.6648119159945054
E_CARBON_TIER1__formal_goeke80__threeshift__e2-threeshift-150c-02__alns_e2_carbon_ablation__seed2,E_CARBON_TIER1,alns_e2_carbon_ablation,alns_e2_carbon_ablation,threeshift,e2-threeshift-150c-02,2,7,16,random_customer_removal+regret2_insert_repair,native_random_customer_removal+regret2_insert_repair,4197.715047832858,,2.499510374997044
E_CARBON_TIER1__formal_goeke80__threeshift__e2-threeshift-150c-02__alns_e2_carbon_ablation__seed2,E_CARBON_TIER1,alns_e2_carbon_ablation,alns_e2_carbon_ablation,threeshift,e2-threeshift-150c-02,2,8,19,random_customer_removal+regret2_insert_repair,native_random_customer_removal+regret2_insert_repair,4137.7334521858465,,3.0678279580024537
E_CARBON_TIER1__formal_goeke80__threeshift__e2-threeshift-150c-02__alns_e2_carbon_ablation__seed2,E_CARBON_TIER1,alns_e2_carbon_ablation,alns_e2_carbon_ablation,threeshift,e2-threeshift-150c-02,2,9,49,random_customer_removal+regret2_insert_repair,native_random_customer_removal+regret2_insert_repair,4136.882666995346,,7.487147541003651
E_CARBON_TIER1__formal_goeke80__threeshift__e2-threeshift-150c-02__alns_e2_carbon_ablation__seed2,E_CARBON_TIER1,alns_e2_carbon_ablation,alns_e2_carbon_ablation,threeshift,e2-threeshift-150c-02,2,10,50,random_customer_removal+regret2_insert_repair,native_random_customer_removal+regret2_insert_repair,4126.540024210442,,7.5638497909967555
E_CARBON_TIER1__formal_goeke80__threeshift__e2-threeshift-150c-02__alns_e2_carbon_ablation__seed2,E_CARBON_TIER1,alns_e2_carbon_ablation,alns_e2_carbon_ablation,threeshift,e2-threeshift-150c-02,2,11,62,random_customer_removal+regret2_insert_repair,native_random_customer_removal+regret2_insert_repair,4082.806138763113,,9.22396237499197
E_CARBON_TIER1__formal_goeke80__threeshift__e2-threeshift-150c-02__alns_e2_carbon_ablation__seed2,E_CARBON_TIER1,alns_e2_carbon_ablation,alns_e2_carbon_ablation,threeshift,e2-threeshift-150c-02,2,12,66,random_customer_removal+regret2_insert_repair,native_random_customer_removal+regret2_insert_repair,4079.953521706408,,10.079579333003494
E_CARBON_TIER1__formal_goeke80__threeshift__e2-threeshift-150c-02__alns_e2_carbon_ablation__seed2,E_CARBON_TIER1,alns_e2_carbon_ablation,alns_e2_carbon_ablation,threeshift,e2-threeshift-150c-02,2,13,80,random_customer_removal+regret2_insert_repair,native_random_customer_removal+regret2_insert_repair,4076.28512630307,,11.862828540994087
E_CARBON_TIER1__formal_goeke80__threeshift__e2-threeshift-150c-02__alns_e2_carbon_ablation__seed2,E_CARBON_TIER1,alns_e2_carbon_ablation,alns_e2_carbon_ablation,threeshift,e2-threeshift-150c-02,2,14,82,random_customer_removal+regret2_insert_repair,native_random_customer_removal+regret2_insert_repair,4066.48979672462,,11.96232933299325
E_CARBON_TIER1__formal_goeke80__threeshift__e2-threeshift-150c-02__alns_e2_carbon_ablation__seed2,E_CARBON_TIER1,alns_e2_carbon_ablation,alns_e2_carbon_ablation,threeshift,e2-threeshift-150c-02,2,15,83,random_customer_removal+regret2_insert_repair,native_random_customer_removal+regret2_insert_repair,3977.2663523717497,,12.010055999999167
E_CARBON_TIER1__formal_goeke80__threeshift__e2-threeshift-150c-02__alns_e2_carbon_ablation__seed2,E_CARBON_TIER1,alns_e2_carbon_ablation,alns_e2_carbon_ablation,threeshift,e2-threeshift-150c-02,2,16,84,random_customer_removal+regret2_insert_repair,native_random_customer_removal+regret2_insert_repair,3976.8752208884744,,12.088991333002923
E_CARBON_TIER1__formal_goeke80__threeshift__e2-threeshift-150c-02__alns_e2_carbon_ablation__seed2,E_CARBON_TIER1,alns_e2_carbon_ablation,alns_e2_carbon_ablation,threeshift,e2-threeshift-150c-02,2,17,91,random_customer_removal+regret2_insert_repair,native_random_customer_removal+regret2_insert_repair,3974.1003738377667,,13.028783874993678
E_CARBON_TIER1__formal_goeke80__threeshift__e2-threeshift-150c-02__alns_e2_carbon_ablation__seed2,E_CARBON_TIER1,alns_e2_carbon_ablation,alns_e2_carbon_ablation,threeshift,e2-threeshift-150c-02,2,18,93,random_customer_removal+regret2_insert_repair,native_random_customer_removal+regret2_insert_repair,3857.5492027611517,,13.140332082999521
E_CARBON_TIER1__formal_goeke80__threeshift__e2-threeshift-150c-02__alns_e2_carbon_ablation__seed2,E_CARBON_TIER1,alns_e2_carbon_ablation,alns_e2_carbon_ablation,threeshift,e2-threeshift-150c-02,2,19,94,random_customer_removal+regret2_insert_repair,native_random_customer_removal+regret2_insert_repair,3837.768635128436,,13.22077466599876
E_CARBON_TIER1__formal_goeke80__threeshift__e2-threeshift-150c-02__alns_e2_carbon_ablation__seed2,E_CARBON_TIER1,alns_e2_carbon_ablation,alns_e2_carbon_ablation,threeshift,e2-threeshift-150c-02,2,20,96,random_customer_removal+regret2_insert_repair,native_random_customer_removal+regret2_insert_repair,3837.308514531776,,13.521743457997218
E_CARBON_TIER1__formal_goeke80__threeshift__e2-threeshift-150c-02__alns_e2_carbon_ablation__seed2,E_CARBON_TIER1,alns_e2_carbon_ablation,alns_e2_carbon_ablation,threeshift,e2-threeshift-150c-02,2,21,101,random_customer_removal+regret2_insert_repair,native_random_customer_removal+regret2_insert_repair,3822.7812507748185,,14.051512999998522
E_CARBON_TIER1__formal_goeke80__threeshift__e2-threeshift-150c-02__alns_e2_carbon_ablation__seed2,E_CARBON_TIER1,alns_e2_carbon_ablation,alns_e2_carbon_ablation,threeshift,e2-threeshift-150c-02,2,22,102,random_customer_removal+regret2_insert_repair,native_random_customer_removal+regret2_insert_repair,3819.62909823792,,14.084487540996633
E_CARBON_TIER1__formal_goeke80__threeshift__e2-threeshift-150c-02__alns_e2_carbon_ablation__seed2,E_CARBON_TIER1,alns_e2_carbon_ablation,alns_e2_carbon_ablation,threeshift,e2-threeshift-150c-02,2,23,107,random_customer_removal+regret2_insert_repair,native_random_customer_removal+regret2_insert_repair,3807.680624518865,,14.7852085409977
E_CARBON_TIER1__formal_goeke80__threeshift__e2-threeshift-150c-02__alns_e2_carbon_ablation__seed2,E_CARBON_TIER1,alns_e2_carbon_ablation,alns_e2_carbon_ablation,threeshift,e2-threeshift-150c-02,2,24,108,random_customer_removal+regret2_insert_repair,native_random_customer_removal+regret2_insert_repair,3807.0679510726304,,14.995475582996733
E_CARBON_TIER1__formal_goeke80__threeshift__e2-threeshift-150c-02__alns_e2_carbon_ablation__seed2,E_CARBON_TIER1,alns_e2_carbon_ablation,alns_e2_carbon_ablation,threeshift,e2-threeshift-150c-02,2,25,111,random_customer_removal+regret2_insert_repair,native_random_customer_removal+regret2_insert_repair,3804.086276323125,,15.484776249999413
E_CARBON_TIER1__formal_goeke80__threeshift__e2-threeshift-150c-02__alns_e2_carbon_ablation__seed2,E_CARBON_TIER1,alns_e2_carbon_ablation,alns_e2_carbon_ablation,threeshift,e2-threeshift-150c-02,2,26,122,random_customer_removal+regret2_insert_repair,native_random_customer_removal+regret2_insert_repair,3799.859733015491,,17.103827250000904
E_CARBON_TIER1__formal_goeke80__threeshift__e2-threeshift-150c-02__alns_e2_carbon_ablation__seed2,E_CARBON_TIER1,alns_e2_carbon_ablation,alns_e2_carbon_ablation,threeshift,e2-threeshift-150c-02,2,27,133,random_customer_removal+regret2_insert_repair,native_random_customer_removal+regret2_insert_repair,3798.129338275155,,18.26053349999711
E_CARBON_TIER1__formal_goeke80__threeshift__e2-threeshift-150c-02__alns_e2_carbon_ablation__seed2,E_CARBON_TIER1,alns_e2_carbon_ablation,alns_e2_carbon_ablation,threeshift,e2-threeshift-150c-02,2,28,139,random_customer_removal+regret2_insert_repair,native_random_customer_removal+regret2_insert_repair,3798.0768125008544,,19.00844683300238
E_CARBON_TIER1__formal_goeke80__threeshift__e2-threeshift-150c-02__alns_e2_carbon_ablation__seed2,E_CARBON_TIER1,alns_e2_carbon_ablation,alns_e2_carbon_ablation,threeshift,e2-threeshift-150c-02,2,29,146,random_customer_removal+regret2_insert_repair,native_random_customer_removal+regret2_insert_repair,3796.597807055092,,19.967325332996552
E_CARBON_TIER1__formal_goeke80__threeshift__e2-threeshift-150c-02__alns_e2_carbon_ablation__seed2,E_CARBON_TIER1,alns_e2_carbon_ablation,alns_e2_carbon_ablation,threeshift,e2-threeshift-150c-02,2,30,149,random_customer_removal+regret2_insert_repair,native_random_customer_removal+regret2_insert_repair,3796.137686458432,,20.234408165997593
E_CARBON_TIER1__formal_goeke80__threeshift__e2-threeshift-150c-02__alns_e2_carbon_ablation__seed2,E_CARBON_TIER1,alns_e2_carbon_ablation,alns_e2_carbon_ablation,threeshift,e2-threeshift-150c-02,2,31,177,random_customer_removal+regret2_insert_repair,native_random_customer_removal+regret2_insert_repair,3772.8557406607,,24.06065270799445
E_CARBON_TIER1__formal_goeke80__threeshift__e2-threeshift-150c-02__alns_e2_carbon_ablation__seed2,E_CARBON_TIER1,alns_e2_carbon_ablation,alns_e2_carbon_ablation,threeshift,e2-threeshift-150c-02,2,32,193,random_customer_removal+regret2_insert_repair,native_random_customer_removal+regret2_insert_repair,3766.88349884535,,25.72524820799299
E_CARBON_TIER1__formal_goeke80__threeshift__e2-threeshift-150c-02__alns_e2_carbon_ablation__seed2,E_CARBON_TIER1,alns_e2_carbon_ablation,alns_e2_carbon_ablation,threeshift,e2-threeshift-150c-02,2,33,195,random_customer_removal+regret2_insert_repair,native_random_customer_removal+regret2_insert_repair,3765.320056611826,,25.94261404099234
E_CARBON_TIER1__formal_goeke80__threeshift__e2-threeshift-150c-02__alns_e2_carbon_ablation__seed2,E_CARBON_TIER1,alns_e2_carbon_ablation,alns_e2_carbon_ablation,threeshift,e2-threeshift-150c-02,2,34,205,random_customer_removal+regret2_insert_repair,native_random_customer_removal+regret2_insert_repair,3763.4067426487104,,27.615372874992318
E_CARBON_TIER1__formal_goeke80__threeshift__e2-threeshift-150c-02__alns_e2_carbon_ablation__seed2,E_CARBON_TIER1,alns_e2_carbon_ablation,alns_e2_carbon_ablation,threeshift,e2-threeshift-150c-02,2,35,206,random_customer_removal+regret2_insert_repair,native_random_customer_removal+regret2_insert_repair,3762.602131680961,,27.71285949999583
E_CARBON_TIER1__formal_goeke80__threeshift__e2-threeshift-150c-02__alns_e2_carbon_ablation__seed2,E_CARBON_TIER1,alns_e2_carbon_ablation,alns_e2_carbon_ablation,threeshift,e2-threeshift-150c-02,2,36,213,random_customer_removal+regret2_insert_repair,native_random_customer_removal+regret2_insert_repair,3753.842015260345,,28.655296040989924
E_CARBON_TIER1__formal_goeke80__threeshift__e2-threeshift-150c-02__alns_e2_carbon_ablation__seed2,E_CARBON_TIER1,alns_e2_carbon_ablation,alns_e2_carbon_ablation,threeshift,e2-threeshift-150c-02,2,37,230,random_customer_removal+regret2_insert_repair,native_random_customer_removal+regret2_insert_repair,3752.5324584389923,,30.938227207996533
E_CARBON_TIER1__formal_goeke80__threeshift__e2-threeshift-150c-02__alns_e2_carbon_ablation__seed2,E_CARBON_TIER1,alns_e2_carbon_ablation,alns_e2_carbon_ablation,threeshift,e2-threeshift-150c-02,2,38,236,random_customer_removal+regret2_insert_repair,native_random_customer_removal+regret2_insert_repair,3745.2688622763394,,31.694382916000905
E_CARBON_TIER1__formal_goeke80__threeshift__e2-threeshift-150c-02__alns_e2_carbon_ablation__seed2,E_CARBON_TIER1,alns_e2_carbon_ablation,alns_e2_carbon_ablation,threeshift,e2-threeshift-150c-02,2,39,243,random_customer_removal+regret2_insert_repair,native_random_customer_removal+regret2_insert_repair,3743.417303045546,,32.53712712498964
E_CARBON_TIER1__formal_goeke80__threeshift__e2-threeshift-150c-02__alns_e2_carbon_ablation__seed2,E_CARBON_TIER1,alns_e2_carbon_ablation,alns_e2_carbon_ablation,threeshift,e2-threeshift-150c-02,2,40,246,random_customer_removal+regret2_insert_repair,native_random_customer_removal+regret2_insert_repair,3740.5587995927226,,32.896810999998706
E_CARBON_TIER1__formal_goeke80__threeshift__e2-threeshift-150c-02__alns_e2_carbon_ablation__seed2,E_CARBON_TIER1,alns_e2_carbon_ablation,alns_e2_carbon_ablation,threeshift,e2-threeshift-150c-02,2,41,267,random_customer_removal+regret2_insert_repair,native_random_customer_removal+regret2_insert_repair,3738.531433536579,,36.10661895800149
E_CARBON_TIER1__formal_goeke80__threeshift__e2-threeshift-150c-02__alns_e2_carbon_ablation__seed2,E_CARBON_TIER1,alns_e2_carbon_ablation,alns_e2_carbon_ablation,threeshift,e2-threeshift-150c-02,2,42,273,random_customer_removal+regret2_insert_repair,native_random_customer_removal+regret2_insert_repair,3737.0285352403166,,37.05044666599133
E_CARBON_TIER1__formal_goeke80__threeshift__e2-threeshift-150c-02__alns_e2_carbon_ablation__seed2,E_CARBON_TIER1,alns_e2_carbon_ablation,alns_e2_carbon_ablation,threeshift,e2-threeshift-150c-02,2,43,277,random_customer_removal+regret2_insert_repair,native_random_customer_removal+regret2_insert_repair,3736.176015902534,,37.54294416599441
E_CARBON_TIER1__formal_goeke80__threeshift__e2-threeshift-150c-02__alns_e2_carbon_ablation__seed2,E_CARBON_TIER1,alns_e2_carbon_ablation,alns_e2_carbon_ablation,threeshift,e2-threeshift-150c-02,2,44,279,random_customer_removal+regret2_insert_repair,native_random_customer_removal+regret2_insert_repair,3734.984798756977,,37.73899195800186
E_CARBON_TIER1__formal_goeke80__threeshift__e2-threeshift-150c-02__alns_e2_carbon_ablation__seed2,E_CARBON_TIER1,alns_e2_carbon_ablation,alns_e2_carbon_ablation,threeshift,e2-threeshift-150c-02,2,45,287,random_customer_removal+regret2_insert_repair,native_random_customer_removal+regret2_insert_repair,3734.9715512337025,,39.035445749992505
E_CARBON_TIER1__formal_goeke80__threeshift__e2-threeshift-150c-02__alns_e2_carbon_ablation__seed2,E_CARBON_TIER1,alns_e2_carbon_ablation,alns_e2_carbon_ablation,threeshift,e2-threeshift-150c-02,2,46,313,random_customer_removal+regret2_insert_repair,native_random_customer_removal+regret2_insert_repair,3732.21145746313,,42.615155499996035
E_CARBON_TIER1__formal_goeke80__threeshift__e2-threeshift-150c-02__alns_e2_carbon_ablation__seed2,E_CARBON_TIER1,alns_e2_carbon_ablation,alns_e2_carbon_ablation,threeshift,e2-threeshift-150c-02,2,47,326,random_customer_removal+regret2_insert_repair,native_random_customer_removal+regret2_insert_repair,3730.704609523925,,45.13791683300224
E_CARBON_TIER1__formal_goeke80__threeshift__e2-threeshift-150c-02__alns_e2_carbon_ablation__seed2,E_CARBON_TIER1,alns_e2_carbon_ablation,alns_e2_carbon_ablation,threeshift,e2-threeshift-150c-02,2,48,327,random_customer_removal+regret2_insert_repair,native_random_customer_removal+regret2_insert_repair,3729.4349976641533,,45.175299875001656
E_CARBON_TIER1__formal_goeke80__threeshift__e2-threeshift-150c-02__alns_e2_carbon_ablation__seed2,E_CARBON_TIER1,alns_e2_carbon_ablation,alns_e2_carbon_ablation,threeshift,e2-threeshift-150c-02,2,49,334,random_customer_removal+regret2_insert_repair,native_random_customer_removal+regret2_insert_repair,3686.5142891912333,,46.16605370800244
E_CARBON_TIER1__formal_goeke80__threeshift__e2-threeshift-150c-02__alns_e2_carbon_ablation__seed2,E_CARBON_TIER1,alns_e2_carbon_ablation,alns_e2_carbon_ablation,threeshift,e2-threeshift-150c-02,2,50,349,random_customer_removal+regret2_insert_repair,native_random_customer_removal+regret2_insert_repair,3669.074827651747,,48.09860141600075
E_CARBON_TIER1__formal_goeke80__threeshift__e2-threeshift-150c-02__alns_e2_carbon_ablation__seed2,E_CARBON_TIER1,alns_e2_carbon_ablation,alns_e2_carbon_ablation,threeshift,e2-threeshift-150c-02,2,51,352,random_customer_removal+regret2_insert_repair,native_random_customer_removal+regret2_insert_repair,3668.614707055088,,48.448826833002386
E_CARBON_TIER1__formal_goeke80__threeshift__e2-threeshift-150c-02__alns_e2_carbon_ablation__seed2,E_CARBON_TIER1,alns_e2_carbon_ablation,alns_e2_carbon_ablation,threeshift,e2-threeshift-150c-02,2,52,353,random_customer_removal+regret2_insert_repair,native_random_customer_removal+regret2_insert_repair,3655.672207019705,,48.537733874996775
E_CARBON_TIER1__formal_goeke80__threeshift__e2-threeshift-150c-02__alns_e2_carbon_ablation__seed2,E_CARBON_TIER1,alns_e2_carbon_ablation,alns_e2_carbon_ablation,threeshift,e2-threeshift-150c-02,2,53,359,random_customer_removal+regret2_insert_repair,native_random_customer_removal+regret2_insert_repair,3654.6112711759197,,49.2896313329984
E_CARBON_TIER1__formal_goeke80__threeshift__e2-threeshift-150c-02__alns_e2_carbon_ablation__seed2,E_CARBON_TIER1,alns_e2_carbon_ablation,alns_e2_carbon_ablation,threeshift,e2-threeshift-150c-02,2,54,373,random_customer_removal+regret2_insert_repair,native_random_customer_removal+regret2_insert_repair,3653.196571660287,,51.59651237499202
E_CARBON_TIER1__formal_goeke80__threeshift__e2-threeshift-150c-02__alns_e2_carbon_ablation__seed2,E_CARBON_TIER1,alns_e2_carbon_ablation,alns_e2_carbon_ablation,threeshift,e2-threeshift-150c-02,2,55,426,random_customer_removal+regret2_insert_repair,native_random_customer_removal+regret2_insert_repair,3648.899586889535,,58.075603749995935
E_CARBON_TIER1__formal_goeke80__threeshift__e2-threeshift-150c-02__alns_e2_carbon_ablation__seed2,E_CARBON_TIER1,alns_e2_carbon_ablation,alns_e2_carbon_ablation,threeshift,e2-threeshift-150c-02,2,56,499,random_customer_removal+regret2_insert_repair,native_random_customer_removal+regret2_insert_repair,3646.5062121230676,,66.73647591599729
E_CARBON_TIER1__formal_goeke80__threeshift__e2-threeshift-150c-02__alns_e2_carbon_ablation__seed2,E_CARBON_TIER1,alns_e2_carbon_ablation,alns_e2_carbon_ablation,threeshift,e2-threeshift-150c-02,2,57,620,random_customer_removal+regret2_insert_repair,native_random_customer_removal+regret2_insert_repair,3645.2366002632953,,81.46127483299642
E_CARBON_TIER1__formal_goeke80__threeshift__e2-threeshift-150c-02__alns_e2_carbon_ablation__seed2,E_CARBON_TIER1,alns_e2_carbon_ablation,alns_e2_carbon_ablation,threeshift,e2-threeshift-150c-02,2,58,643,random_customer_removal+regret2_insert_repair,native_random_customer_removal+regret2_insert_repair,3644.634298645913,,84.56833191600163
E_CARBON_TIER1__formal_goeke80__threeshift__e2-threeshift-150c-02__alns_e2_carbon_ablation__seed2,E_CARBON_TIER1,alns_e2_carbon_ablation,alns_e2_carbon_ablation,threeshift,e2-threeshift-150c-02,2,59,731,random_customer_removal+regret2_insert_repair,native_random_customer_removal+regret2_insert_repair,3644.538841179394,,98.42737550000311
E_CARBON_TIER1__formal_goeke80__threeshift__e2-threeshift-150c-02__alns_e2_carbon_ablation__seed2,E_CARBON_TIER1,alns_e2_carbon_ablation,alns_e2_carbon_ablation,threeshift,e2-threeshift-150c-02,2,60,809,random_customer_removal+regret2_insert_repair,native_random_customer_removal+regret2_insert_repair,3638.5397360561333,,108.75202612500289
E_CARBON_TIER1__formal_goeke80__threeshift__e2-threeshift-150c-02__alns_e2_carbon_ablation__seed2,E_CARBON_TIER1,alns_e2_carbon_ablation,alns_e2_carbon_ablation,threeshift,e2-threeshift-150c-02,2,61,941,vehicle_type_swap+greedy_insert_repair,native_vehicle_type_swap+greedy_insert_repair,3623.8445496748263,,124.4922263329936
E_CARBON_TIER1__formal_goeke80__threeshift__e2-threeshift-150c-02__alns_e2_carbon_ablation__seed2,E_CARBON_TIER1,alns_e2_carbon_ablation,alns_e2_carbon_ablation,threeshift,e2-threeshift-150c-02,2,62,942,vehicle_type_swap+greedy_insert_repair,native_vehicle_type_swap+greedy_insert_repair,3608.379469939788,,124.51384566599154
E_CARBON_TIER1__formal_goeke80__threeshift__e2-threeshift-150c-02__alns_e2_carbon_ablation__seed2,E_CARBON_TIER1,alns_e2_carbon_ablation,alns_e2_carbon_ablation,threeshift,e2-threeshift-150c-02,2,63,943,vehicle_type_swap+greedy_insert_repair,native_vehicle_type_swap+greedy_insert_repair,3591.4255391330903,,124.54044724999403
E_CARBON_TIER1__formal_goeke80__threeshift__e2-threeshift-150c-02__alns_e2_carbon_ablation__seed2,E_CARBON_TIER1,alns_e2_carbon_ablation,alns_e2_carbon_ablation,threeshift,e2-threeshift-150c-02,2,64,944,vehicle_type_swap+greedy_insert_repair,native_vehicle_type_swap+greedy_insert_repair,3574.9918778974034,,124.56062579099671
E_CARBON_TIER1__formal_goeke80__threeshift__e2-threeshift-150c-02__alns_e2_carbon_ablation__seed2,E_CARBON_TIER1,alns_e2_carbon_ablation,alns_e2_carbon_ablation,threeshift,e2-threeshift-150c-02,2,65,945,vehicle_type_swap+greedy_insert_repair,native_vehicle_type_swap+greedy_insert_repair,3560.162969776796,,124.58214187499834
E_CARBON_TIER1__formal_goeke80__threeshift__e2-threeshift-150c-02__alns_e2_carbon_ablation__seed2,E_CARBON_TIER1,alns_e2_carbon_ablation,alns_e2_carbon_ablation,threeshift,e2-threeshift-150c-02,2,66,946,vehicle_type_swap+greedy_insert_repair,native_vehicle_type_swap+greedy_insert_repair,3550.072513521801,,124.6031800829951
E_CARBON_TIER1__formal_goeke80__threeshift__e2-threeshift-150c-02__alns_e2_carbon_ablation__seed2,E_CARBON_TIER1,alns_e2_carbon_ablation,alns_e2_carbon_ablation,threeshift,e2-threeshift-150c-02,2,67,948,vehicle_type_swap+greedy_insert_repair,native_vehicle_type_swap+greedy_insert_repair,3536.90913953259,,124.64296045798983
E_CARBON_TIER1__formal_goeke80__threeshift__e2-threeshift-150c-02__alns_e2_carbon_ablation__seed3,E_CARBON_TIER1,alns_e2_carbon_ablation,alns_e2_carbon_ablation,threeshift,e2-threeshift-150c-02,3,0,0,shared_warm_start,shared_warm_start,5059.001494485717,,0.0004457079921849072
E_CARBON_TIER1__formal_goeke80__threeshift__e2-threeshift-150c-02__alns_e2_carbon_ablation__seed3,E_CARBON_TIER1,alns_e2_carbon_ablation,alns_e2_carbon_ablation,threeshift,e2-threeshift-150c-02,3,1,5,random_customer_removal+regret2_insert_repair,native_random_customer_removal+regret2_insert_repair,4937.2036174284885,,0.6693808749987511
E_CARBON_TIER1__formal_goeke80__threeshift__e2-threeshift-150c-02__alns_e2_carbon_ablation__seed3,E_CARBON_TIER1,alns_e2_carbon_ablation,alns_e2_carbon_ablation,threeshift,e2-threeshift-150c-02,3,2,6,random_customer_removal+regret2_insert_repair,native_random_customer_removal+regret2_insert_repair,4766.423351537768,,0.794643332992564
E_CARBON_TIER1__formal_goeke80__threeshift__e2-threeshift-150c-02__alns_e2_carbon_ablation__seed3,E_CARBON_TIER1,alns_e2_carbon_ablation,alns_e2_carbon_ablation,threeshift,e2-threeshift-150c-02,3,3,9,random_customer_removal+regret2_insert_repair,native_random_customer_removal+regret2_insert_repair,4718.157385566634,,1.1312841670005582
E_CARBON_TIER1__formal_goeke80__threeshift__e2-threeshift-150c-02__alns_e2_carbon_ablation__seed3,E_CARBON_TIER1,alns_e2_carbon_ablation,alns_e2_carbon_ablation,threeshift,e2-threeshift-150c-02,3,4,11,random_customer_removal+regret2_insert_repair,native_random_customer_removal+regret2_insert_repair,4520.097839897707,,1.2906461249949643
E_CARBON_TIER1__formal_goeke80__threeshift__e2-threeshift-150c-02__alns_e2_carbon_ablation__seed3,E_CARBON_TIER1,alns_e2_carbon_ablation,alns_e2_carbon_ablation,threeshift,e2-threeshift-150c-02,3,5,12,random_customer_removal+regret2_insert_repair,native_random_customer_removal+regret2_insert_repair,4491.740409262747,,1.5554395829967689
E_CARBON_TIER1__formal_goeke80__threeshift__e2-threeshift-150c-02__alns_e2_carbon_ablation__seed3,E_CARBON_TIER1,alns_e2_carbon_ablation,alns_e2_carbon_ablation,threeshift,e2-threeshift-150c-02,3,6,13,random_customer_removal+regret2_insert_repair,native_random_customer_removal+regret2_insert_repair,4482.65439166955,,1.6375416249939008
E_CARBON_TIER1__formal_goeke80__threeshift__e2-threeshift-150c-02__alns_e2_carbon_ablation__seed3,E_CARBON_TIER1,alns_e2_carbon_ablation,alns_e2_carbon_ablation,threeshift,e2-threeshift-150c-02,3,7,14,random_customer_removal+regret2_insert_repair,native_random_customer_removal+regret2_insert_repair,4313.455036907684,,2.012567166995723
E_CARBON_TIER1__formal_goeke80__threeshift__e2-threeshift-150c-02__alns_e2_carbon_ablation__seed3,E_CARBON_TIER1,alns_e2_carbon_ablation,alns_e2_carbon_ablation,threeshift,e2-threeshift-150c-02,3,8,21,random_customer_removal+regret2_insert_repair,native_random_customer_removal+regret2_insert_repair,4184.869357356704,,2.769897874997696
E_CARBON_TIER1__formal_goeke80__threeshift__e2-threeshift-150c-02__alns_e2_carbon_ablation__seed3,E_CARBON_TIER1,alns_e2_carbon_ablation,alns_e2_carbon_ablation,threeshift,e2-threeshift-150c-02,3,9,22,random_customer_removal+regret2_insert_repair,native_random_customer_removal+regret2_insert_repair,4176.450606411917,,2.8511134579894133
E_CARBON_TIER1__formal_goeke80__threeshift__e2-threeshift-150c-02__alns_e2_carbon_ablation__seed3,E_CARBON_TIER1,alns_e2_carbon_ablation,alns_e2_carbon_ablation,threeshift,e2-threeshift-150c-02,3,10,23,random_customer_removal+regret2_insert_repair,native_random_customer_removal+regret2_insert_repair,4139.923074792046,,3.1145713750011055
E_CARBON_TIER1__formal_goeke80__threeshift__e2-threeshift-150c-02__alns_e2_carbon_ablation__seed3,E_CARBON_TIER1,alns_e2_carbon_ablation,alns_e2_carbon_ablation,threeshift,e2-threeshift-150c-02,3,11,39,random_customer_removal+regret2_insert_repair,native_random_customer_removal+regret2_insert_repair,4078.92791840775,,4.966474166998523
E_CARBON_TIER1__formal_goeke80__threeshift__e2-threeshift-150c-02__alns_e2_carbon_ablation__seed3,E_CARBON_TIER1,alns_e2_carbon_ablation,alns_e2_carbon_ablation,threeshift,e2-threeshift-150c-02,3,12,41,random_customer_removal+regret2_insert_repair,native_random_customer_removal+regret2_insert_repair,4065.5459707316427,,5.20857720800268
E_CARBON_TIER1__formal_goeke80__threeshift__e2-threeshift-150c-02__alns_e2_carbon_ablation__seed3,E_CARBON_TIER1,alns_e2_carbon_ablation,alns_e2_carbon_ablation,threeshift,e2-threeshift-150c-02,3,13,47,random_customer_removal+regret2_insert_repair,native_random_customer_removal+regret2_insert_repair,4043.713745057676,,6.065775458002463
E_CARBON_TIER1__formal_goeke80__threeshift__e2-threeshift-150c-02__alns_e2_carbon_ablation__seed3,E_CARBON_TIER1,alns_e2_carbon_ablation,alns_e2_carbon_ablation,threeshift,e2-threeshift-150c-02,3,14,48,random_customer_removal+regret2_insert_repair,native_random_customer_removal+regret2_insert_repair,4001.0319720702105,,6.184659082995495
E_CARBON_TIER1__formal_goeke80__threeshift__e2-threeshift-150c-02__alns_e2_carbon_ablation__seed3,E_CARBON_TIER1,alns_e2_carbon_ablation,alns_e2_carbon_ablation,threeshift,e2-threeshift-150c-02,3,15,49,random_customer_removal+regret2_insert_repair,native_random_customer_removal+regret2_insert_repair,3995.9772715895706,,6.376382707996527
E_CARBON_TIER1__formal_goeke80__threeshift__e2-threeshift-150c-02__alns_e2_carbon_ablation__seed3,E_CARBON_TIER1,alns_e2_carbon_ablation,alns_e2_carbon_ablation,threeshift,e2-threeshift-150c-02,3,16,50,random_customer_removal+regret2_insert_repair,native_random_customer_removal+regret2_insert_repair,3994.502019374461,,6.610300499989535
E_CARBON_TIER1__formal_goeke80__threeshift__e2-threeshift-150c-02__alns_e2_carbon_ablation__seed3,E_CARBON_TIER1,alns_e2_carbon_ablation,alns_e2_carbon_ablation,threeshift,e2-threeshift-150c-02,3,17,53,random_customer_removal+regret2_insert_repair,native_random_customer_removal+regret2_insert_repair,3965.3030148036673,,7.066039124998497
E_CARBON_TIER1__formal_goeke80__threeshift__e2-threeshift-150c-02__alns_e2_carbon_ablation__seed3,E_CARBON_TIER1,alns_e2_carbon_ablation,alns_e2_carbon_ablation,threeshift,e2-threeshift-150c-02,3,18,63,random_customer_removal+regret2_insert_repair,native_random_customer_removal+regret2_insert_repair,3961.40676719367,,8.660742541993386
E_CARBON_TIER1__formal_goeke80__threeshift__e2-threeshift-150c-02__alns_e2_carbon_ablation__seed3,E_CARBON_TIER1,alns_e2_carbon_ablation,alns_e2_carbon_ablation,threeshift,e2-threeshift-150c-02,3,19,69,random_customer_removal+regret2_insert_repair,native_random_customer_removal+regret2_insert_repair,3958.8900437214224,,9.484426666997024
E_CARBON_TIER1__formal_goeke80__threeshift__e2-threeshift-150c-02__alns_e2_carbon_ablation__seed3,E_CARBON_TIER1,alns_e2_carbon_ablation,alns_e2_carbon_ablation,threeshift,e2-threeshift-150c-02,3,20,103,random_customer_removal+regret2_insert_repair,native_random_customer_removal+regret2_insert_repair,3936.930040580274,,15.246760207999614
E_CARBON_TIER1__formal_goeke80__threeshift__e2-threeshift-150c-02__alns_e2_carbon_ablation__seed3,E_CARBON_TIER1,alns_e2_carbon_ablation,alns_e2_carbon_ablation,threeshift,e2-threeshift-150c-02,3,21,104,random_customer_removal+regret2_insert_repair,native_random_customer_removal+regret2_insert_repair,3935.4139330432936,,15.288624875000096
E_CARBON_TIER1__formal_goeke80__threeshift__e2-threeshift-150c-02__alns_e2_carbon_ablation__seed3,E_CARBON_TIER1,alns_e2_carbon_ablation,alns_e2_carbon_ablation,threeshift,e2-threeshift-150c-02,3,22,106,random_customer_removal+regret2_insert_repair,native_random_customer_removal+regret2_insert_repair,3923.9249071038225,,15.531105374990148
E_CARBON_TIER1__formal_goeke80__threeshift__e2-threeshift-150c-02__alns_e2_carbon_ablation__seed3,E_CARBON_TIER1,alns_e2_carbon_ablation,alns_e2_carbon_ablation,threeshift,e2-threeshift-150c-02,3,23,107,random_customer_removal+regret2_insert_repair,native_random_customer_removal+regret2_insert_repair,3916.2018014787222,,15.564939749994664
E_CARBON_TIER1__formal_goeke80__threeshift__e2-threeshift-150c-02__alns_e2_carbon_ablation__seed3,E_CARBON_TIER1,alns_e2_carbon_ablation,alns_e2_carbon_ablation,threeshift,e2-threeshift-150c-02,3,24,109,random_customer_removal+regret2_insert_repair,native_random_customer_removal+regret2_insert_repair,3911.3912368171063,,15.772422249996453
E_CARBON_TIER1__formal_goeke80__threeshift__e2-threeshift-150c-02__alns_e2_carbon_ablation__seed3,E_CARBON_TIER1,alns_e2_carbon_ablation,alns_e2_carbon_ablation,threeshift,e2-threeshift-150c-02,3,25,111,random_customer_removal+regret2_insert_repair,native_random_customer_removal+regret2_insert_repair,3896.6849996830724,,16.156923999995342
E_CARBON_TIER1__formal_goeke80__threeshift__e2-threeshift-150c-02__alns_e2_carbon_ablation__seed3,E_CARBON_TIER1,alns_e2_carbon_ablation,alns_e2_carbon_ablation,threeshift,e2-threeshift-150c-02,3,26,114,random_customer_removal+regret2_insert_repair,native_random_customer_removal+regret2_insert_repair,3874.3723636031655,,16.518846874998417
E_CARBON_TIER1__formal_goeke80__threeshift__e2-threeshift-150c-02__alns_e2_carbon_ablation__seed3,E_CARBON_TIER1,alns_e2_carbon_ablation,alns_e2_carbon_ablation,threeshift,e2-threeshift-150c-02,3,27,121,random_customer_removal+regret2_insert_repair,native_random_customer_removal+regret2_insert_repair,3867.385817607661,,17.555997457995545
E_CARBON_TIER1__formal_goeke80__threeshift__e2-threeshift-150c-02__alns_e2_carbon_ablation__seed3,E_CARBON_TIER1,alns_e2_carbon_ablation,alns_e2_carbon_ablation,threeshift,e2-threeshift-150c-02,3,28,123,random_customer_removal+regret2_insert_repair,native_random_customer_removal+regret2_insert_repair,3861.8118879478234,,18.061743457990815
E_CARBON_TIER1__formal_goeke80__threeshift__e2-threeshift-150c-02__alns_e2_carbon_ablation__seed3,E_CARBON_TIER1,alns_e2_carbon_ablation,alns_e2_carbon_ablation,threeshift,e2-threeshift-150c-02,3,29,126,random_customer_removal+regret2_insert_repair,native_random_customer_removal+regret2_insert_repair,3851.921048361805,,18.502368624991504
E_CARBON_TIER1__formal_goeke80__threeshift__e2-threeshift-150c-02__alns_e2_carbon_ablation__seed3,E_CARBON_TIER1,alns_e2_carbon_ablation,alns_e2_carbon_ablation,threeshift,e2-threeshift-150c-02,3,30,127,random_customer_removal+regret2_insert_repair,native_random_customer_removal+regret2_insert_repair,3848.9027043226674,,18.622483416998875
E_CARBON_TIER1__formal_goeke80__threeshift__e2-threeshift-150c-02__alns_e2_carbon_ablation__seed3,E_CARBON_TIER1,alns_e2_carbon_ablation,alns_e2_carbon_ablation,threeshift,e2-threeshift-150c-02,3,31,133,random_customer_removal+regret2_insert_repair,native_random_customer_removal+regret2_insert_repair,3837.564119942353,,19.23238274999312
E_CARBON_TIER1__formal_goeke80__threeshift__e2-threeshift-150c-02__alns_e2_carbon_ablation__seed3,E_CARBON_TIER1,alns_e2_carbon_ablation,alns_e2_carbon_ablation,threeshift,e2-threeshift-150c-02,3,32,134,random_customer_removal+regret2_insert_repair,native_random_customer_removal+regret2_insert_repair,3828.476154524172,,19.329217374994187
E_CARBON_TIER1__formal_goeke80__threeshift__e2-threeshift-150c-02__alns_e2_carbon_ablation__seed3,E_CARBON_TIER1,alns_e2_carbon_ablation,alns_e2_carbon_ablation,threeshift,e2-threeshift-150c-02,3,33,136,random_customer_removal+regret2_insert_repair,native_random_customer_removal+regret2_insert_repair,3798.367773255344,,19.565565832992434
E_CARBON_TIER1__formal_goeke80__threeshift__e2-threeshift-150c-02__alns_e2_carbon_ablation__seed3,E_CARBON_TIER1,alns_e2_carbon_ablation,alns_e2_carbon_ablation,threeshift,e2-threeshift-150c-02,3,34,142,random_customer_removal+regret2_insert_repair,native_random_customer_removal+regret2_insert_repair,3791.736992571616,,20.241061082997476
E_CARBON_TIER1__formal_goeke80__threeshift__e2-threeshift-150c-02__alns_e2_carbon_ablation__seed3,E_CARBON_TIER1,alns_e2_carbon_ablation,alns_e2_carbon_ablation,threeshift,e2-threeshift-150c-02,3,35,153,random_customer_removal+regret2_insert_repair,native_random_customer_removal+regret2_insert_repair,3790.0016806856647,,22.139822917000856
E_CARBON_TIER1__formal_goeke80__threeshift__e2-threeshift-150c-02__alns_e2_carbon_ablation__seed3,E_CARBON_TIER1,alns_e2_carbon_ablation,alns_e2_carbon_ablation,threeshift,e2-threeshift-150c-02,3,36,166,random_customer_removal+regret2_insert_repair,native_random_customer_removal+regret2_insert_repair,3779.0925528242974,,23.83004620799329
E_CARBON_TIER1__formal_goeke80__threeshift__e2-threeshift-150c-02__alns_e2_carbon_ablation__seed3,E_CARBON_TIER1,alns_e2_carbon_ablation,alns_e2_carbon_ablation,threeshift,e2-threeshift-150c-02,3,37,168,random_customer_removal+regret2_insert_repair,native_random_customer_removal+regret2_insert_repair,3753.742488690485,,24.107736457997817
E_CARBON_TIER1__formal_goeke80__threeshift__e2-threeshift-150c-02__alns_e2_carbon_ablation__seed3,E_CARBON_TIER1,alns_e2_carbon_ablation,alns_e2_carbon_ablation,threeshift,e2-threeshift-150c-02,3,38,175,random_customer_removal+regret2_insert_repair,native_random_customer_removal+regret2_insert_repair,3753.2204184335187,,24.941980832998524
E_CARBON_TIER1__formal_goeke80__threeshift__e2-threeshift-150c-02__alns_e2_carbon_ablation__seed3,E_CARBON_TIER1,alns_e2_carbon_ablation,alns_e2_carbon_ablation,threeshift,e2-threeshift-150c-02,3,39,180,random_customer_removal+regret2_insert_repair,native_random_customer_removal+regret2_insert_repair,3751.3891979834075,,25.59462279199215
E_CARBON_TIER1__formal_goeke80__threeshift__e2-threeshift-150c-02__alns_e2_carbon_ablation__seed3,E_CARBON_TIER1,alns_e2_carbon_ablation,alns_e2_carbon_ablation,threeshift,e2-threeshift-150c-02,3,40,182,random_customer_removal+regret2_insert_repair,native_random_customer_removal+regret2_insert_repair,3749.263427000823,,25.830884249997325
E_CARBON_TIER1__formal_goeke80__threeshift__e2-threeshift-150c-02__alns_e2_carbon_ablation__seed3,E_CARBON_TIER1,alns_e2_carbon_ablation,alns_e2_carbon_ablation,threeshift,e2-threeshift-150c-02,3,41,252,random_customer_removal+regret2_insert_repair,native_random_customer_removal+regret2_insert_repair,3744.0771550639483,,34.505766374990344
E_CARBON_TIER1__formal_goeke80__threeshift__e2-threeshift-150c-02__alns_e2_carbon_ablation__seed3,E_CARBON_TIER1,alns_e2_carbon_ablation,alns_e2_carbon_ablation,threeshift,e2-threeshift-150c-02,3,42,285,random_customer_removal+regret2_insert_repair,native_random_customer_removal+regret2_insert_repair,3743.9961044608726,,38.17877316699014
E_CARBON_TIER1__formal_goeke80__threeshift__e2-threeshift-150c-02__alns_e2_carbon_ablation__seed3,E_CARBON_TIER1,alns_e2_carbon_ablation,alns_e2_carbon_ablation,threeshift,e2-threeshift-150c-02,3,43,293,random_customer_removal+regret2_insert_repair,native_random_customer_removal+regret2_insert_repair,3687.5820813225355,,39.7177623329917
E_CARBON_TIER1__formal_goeke80__threeshift__e2-threeshift-150c-02__alns_e2_carbon_ablation__seed3,E_CARBON_TIER1,alns_e2_carbon_ablation,alns_e2_carbon_ablation,threeshift,e2-threeshift-150c-02,3,44,294,random_customer_removal+regret2_insert_repair,native_random_customer_removal+regret2_insert_repair,3664.6890663848667,,39.848995833002846
E_CARBON_TIER1__formal_goeke80__threeshift__e2-threeshift-150c-02__alns_e2_carbon_ablation__seed3,E_CARBON_TIER1,alns_e2_carbon_ablation,alns_e2_carbon_ablation,threeshift,e2-threeshift-150c-02,3,45,296,random_customer_removal+regret2_insert_repair,native_random_customer_removal+regret2_insert_repair,3664.674162314459,,40.16657212500286
E_CARBON_TIER1__formal_goeke80__threeshift__e2-threeshift-150c-02__alns_e2_carbon_ablation__seed3,E_CARBON_TIER1,alns_e2_carbon_ablation,alns_e2_carbon_ablation,threeshift,e2-threeshift-150c-02,3,46,300,random_customer_removal+regret2_insert_repair,native_random_customer_removal+regret2_insert_repair,3655.355112834793,,40.43042408299516
E_CARBON_TIER1__formal_goeke80__threeshift__e2-threeshift-150c-02__alns_e2_carbon_ablation__seed3,E_CARBON_TIER1,alns_e2_carbon_ablation,alns_e2_carbon_ablation,threeshift,e2-threeshift-150c-02,3,47,303,random_customer_removal+regret2_insert_repair,native_random_customer_removal+regret2_insert_repair,3652.675874599969,,40.88155887500034
E_CARBON_TIER1__formal_goeke80__threeshift__e2-threeshift-150c-02__alns_e2_carbon_ablation__seed3,E_CARBON_TIER1,alns_e2_carbon_ablation,alns_e2_carbon_ablation,threeshift,e2-threeshift-150c-02,3,48,317,random_customer_removal+regret2_insert_repair,native_random_customer_removal+regret2_insert_repair,3647.646238068941,,42.05939541698899
E_CARBON_TIER1__formal_goeke80__threeshift__e2-threeshift-150c-02__alns_e2_carbon_ablation__seed3,E_CARBON_TIER1,alns_e2_carbon_ablation,alns_e2_carbon_ablation,threeshift,e2-threeshift-150c-02,3,49,329,random_customer_removal+regret2_insert_repair,native_random_customer_removal+regret2_insert_repair,3646.5367394170453,,43.49596545800159
E_CARBON_TIER1__formal_goeke80__threeshift__e2-threeshift-150c-02__alns_e2_carbon_ablation__seed3,E_CARBON_TIER1,alns_e2_carbon_ablation,alns_e2_carbon_ablation,threeshift,e2-threeshift-150c-02,3,50,375,random_customer_removal+regret2_insert_repair,native_random_customer_removal+regret2_insert_repair,3646.069651439526,,48.91634470799181
E_CARBON_TIER1__formal_goeke80__threeshift__e2-threeshift-150c-02__alns_e2_carbon_ablation__seed3,E_CARBON_TIER1,alns_e2_carbon_ablation,alns_e2_carbon_ablation,threeshift,e2-threeshift-150c-02,3,51,380,random_customer_removal+regret2_insert_repair,native_random_customer_removal+regret2_insert_repair,3643.4107425668276,,49.59709958299936
E_CARBON_TIER1__formal_goeke80__threeshift__e2-threeshift-150c-02__alns_e2_carbon_ablation__seed3,E_CARBON_TIER1,alns_e2_carbon_ablation,alns_e2_carbon_ablation,threeshift,e2-threeshift-150c-02,3,52,418,random_customer_removal+regret2_insert_repair,native_random_customer_removal+regret2_insert_repair,3639.240259147654,,54.643672624995816
E_CARBON_TIER1__formal_goeke80__threeshift__e2-threeshift-150c-02__alns_e2_carbon_ablation__seed3,E_CARBON_TIER1,alns_e2_carbon_ablation,alns_e2_carbon_ablation,threeshift,e2-threeshift-150c-02,3,53,658,random_customer_removal+regret2_insert_repair,native_random_customer_removal+regret2_insert_repair,3639.1592085445786,,82.92196758299542
E_CARBON_TIER1__formal_goeke80__threeshift__e2-threeshift-150c-02__alns_e2_carbon_ablation__seed3,E_CARBON_TIER1,alns_e2_carbon_ablation,alns_e2_carbon_ablation,threeshift,e2-threeshift-150c-02,3,54,754,vehicle_type_swap+greedy_insert_repair,native_vehicle_type_swap+greedy_insert_repair,3619.5515007098247,,94.16967429200304
E_CARBON_TIER1__formal_goeke80__threeshift__e2-threeshift-150c-02__alns_e2_carbon_ablation__seed3,E_CARBON_TIER1,alns_e2_carbon_ablation,alns_e2_carbon_ablation,threeshift,e2-threeshift-150c-02,3,55,755,vehicle_type_swap+greedy_insert_repair,native_vehicle_type_swap+greedy_insert_repair,3604.7072165715563,,94.20851099998981
E_CARBON_TIER1__formal_goeke80__threeshift__e2-threeshift-150c-02__alns_e2_carbon_ablation__seed3,E_CARBON_TIER1,alns_e2_carbon_ablation,alns_e2_carbon_ablation,threeshift,e2-threeshift-150c-02,3,56,756,vehicle_type_swap+greedy_insert_repair,native_vehicle_type_swap+greedy_insert_repair,3585.6345744741716,,94.22397970799648
E_CARBON_TIER1__formal_goeke80__threeshift__e2-threeshift-150c-02__alns_e2_carbon_ablation__seed3,E_CARBON_TIER1,alns_e2_carbon_ablation,alns_e2_carbon_ablation,threeshift,e2-threeshift-150c-02,3,57,757,vehicle_type_swap+greedy_insert_repair,native_vehicle_type_swap+greedy_insert_repair,3564.8119342938157,,94.24267183299526
E_CARBON_TIER1__formal_goeke80__threeshift__e2-threeshift-150c-02__alns_e2_carbon_ablation__seed3,E_CARBON_TIER1,alns_e2_carbon_ablation,alns_e2_carbon_ablation,threeshift,e2-threeshift-150c-02,3,58,758,vehicle_type_swap+greedy_insert_repair,native_vehicle_type_swap+greedy_insert_repair,3545.7469323307696,,94.25953854199906
E_CARBON_TIER1__formal_goeke80__threeshift__e2-threeshift-150c-02__alns_e2_carbon_ablation__seed3,E_CARBON_TIER1,alns_e2_carbon_ablation,alns_e2_carbon_ablation,threeshift,e2-threeshift-150c-02,3,59,759,vehicle_type_swap+greedy_insert_repair,native_vehicle_type_swap+greedy_insert_repair,3527.458969702729,,94.28348133299733
E_CARBON_TIER1__formal_goeke80__threeshift__e2-threeshift-150c-02__alns_e2_carbon_ablation__seed3,E_CARBON_TIER1,alns_e2_carbon_ablation,alns_e2_carbon_ablation,threeshift,e2-threeshift-150c-02,3,60,760,vehicle_type_swap+greedy_insert_repair,native_vehicle_type_swap+greedy_insert_repair,3513.456446740828,,94.30905429199629
E_CARBON_TIER1__formal_goeke80__threeshift__e2-threeshift-150c-02__alns_e2_carbon_ablation__seed3,E_CARBON_TIER1,alns_e2_carbon_ablation,alns_e2_carbon_ablation,threeshift,e2-threeshift-150c-02,3,61,761,vehicle_type_swap+greedy_insert_repair,native_vehicle_type_swap+greedy_insert_repair,3497.622036092837,,94.33242362499004
E_CARBON_TIER1__formal_goeke80__threeshift__e2-threeshift-150c-02__alns_e2_carbon_ablation__seed3,E_CARBON_TIER1,alns_e2_carbon_ablation,alns_e2_carbon_ablation,threeshift,e2-threeshift-150c-02,3,62,762,vehicle_type_swap+greedy_insert_repair,native_vehicle_type_swap+greedy_insert_repair,3480.366326104898,,94.35570287499286
E_CARBON_TIER1__formal_goeke80__threeshift__e2-threeshift-150c-02__alns_e2_carbon_ablation__seed3,E_CARBON_TIER1,alns_e2_carbon_ablation,alns_e2_carbon_ablation,threeshift,e2-threeshift-150c-02,3,63,763,vehicle_type_swap+greedy_insert_repair,native_vehicle_type_swap+greedy_insert_repair,3466.427637022751,,94.37868637499923
E_CARBON_TIER1__formal_goeke80__threeshift__e2-threeshift-150c-02__alns_e2_carbon_ablation__seed3,E_CARBON_TIER1,alns_e2_carbon_ablation,alns_e2_carbon_ablation,threeshift,e2-threeshift-150c-02,3,64,1390,random_customer_removal+regret2_insert_repair,native_random_customer_removal+regret2_insert_repair,3464.1935031789253,,141.50603779200173
E_CARBON_TIER1__formal_goeke80__threeshift__e2-threeshift-150c-02__alns_e2_carbon_ablation__seed3,E_CARBON_TIER1,alns_e2_carbon_ablation,alns_e2_carbon_ablation,threeshift,e2-threeshift-150c-02,3,65,1647,random_customer_removal+regret2_insert_repair,native_random_customer_removal+regret2_insert_repair,3463.918694391673,,161.5940087499912
E_CARBON_TIER1__formal_goeke80__threeshift__e2-threeshift-150c-02__alns_e2_carbon_ablation__seed3,E_CARBON_TIER1,alns_e2_carbon_ablation,alns_e2_carbon_ablation,threeshift,e2-threeshift-150c-02,3,66,1673,vehicle_type_swap+greedy_insert_repair,native_vehicle_type_swap+greedy_insert_repair,3444.376303611971,,163.58215966699936
E_CARBON_TIER1__formal_goeke80__threeshift__e2-threeshift-150c-02__t3_main_alns__seed1,E_CARBON_TIER1,t3_main_alns,alns_e2_throughput+LOCAL_SEARCH,threeshift,e2-threeshift-150c-02,1,0,0,shared_warm_start,shared_warm_start,5059.001494485717,,0.0004915000026812777
E_CARBON_TIER1__formal_goeke80__threeshift__e2-threeshift-150c-02__t3_main_alns__seed1,E_CARBON_TIER1,t3_main_alns,alns_e2_throughput+LOCAL_SEARCH,threeshift,e2-threeshift-150c-02,1,1,15,random_customer_removal+greedy_insert_repair,native_random_customer_removal+greedy_insert_repair,4869.860133277946,,2.5347271250066115
E_CARBON_TIER1__formal_goeke80__threeshift__e2-threeshift-150c-02__t3_main_alns__seed1,E_CARBON_TIER1,t3_main_alns,alns_e2_throughput+LOCAL_SEARCH,threeshift,e2-threeshift-150c-02,1,2,16,random_customer_removal+greedy_insert_repair,native_random_customer_removal+greedy_insert_repair,4856.6973324172895,,2.8569753329938976
E_CARBON_TIER1__formal_goeke80__threeshift__e2-threeshift-150c-02__t3_main_alns__seed1,E_CARBON_TIER1,t3_main_alns,alns_e2_throughput+LOCAL_SEARCH,threeshift,e2-threeshift-150c-02,1,3,17,random_customer_removal+greedy_insert_repair,native_random_customer_removal+greedy_insert_repair,4814.8333581152765,,3.0220706249965588
E_CARBON_TIER1__formal_goeke80__threeshift__e2-threeshift-150c-02__t3_main_alns__seed1,E_CARBON_TIER1,t3_main_alns,alns_e2_throughput+LOCAL_SEARCH,threeshift,e2-threeshift-150c-02,1,4,19,random_customer_removal+greedy_insert_repair,native_random_customer_removal+greedy_insert_repair,4783.730519972089,,3.2879531249927823
E_CARBON_TIER1__formal_goeke80__threeshift__e2-threeshift-150c-02__t3_main_alns__seed1,E_CARBON_TIER1,t3_main_alns,alns_e2_throughput+LOCAL_SEARCH,threeshift,e2-threeshift-150c-02,1,5,21,random_customer_removal+greedy_insert_repair,native_random_customer_removal+greedy_insert_repair,4624.7987943037915,,3.7266009580052923
E_CARBON_TIER1__formal_goeke80__threeshift__e2-threeshift-150c-02__t3_main_alns__seed1,E_CARBON_TIER1,t3_main_alns,alns_e2_throughput+LOCAL_SEARCH,threeshift,e2-threeshift-150c-02,1,6,23,random_customer_removal+greedy_insert_repair,native_random_customer_removal+greedy_insert_repair,4502.7987494924455,,4.377628999995068
E_CARBON_TIER1__formal_goeke80__threeshift__e2-threeshift-150c-02__t3_main_alns__seed1,E_CARBON_TIER1,t3_main_alns,alns_e2_throughput+LOCAL_SEARCH,threeshift,e2-threeshift-150c-02,1,7,25,random_customer_removal+greedy_insert_repair,native_random_customer_removal+greedy_insert_repair,4432.392916654567,,4.952627833001316
E_CARBON_TIER1__formal_goeke80__threeshift__e2-threeshift-150c-02__t3_main_alns__seed1,E_CARBON_TIER1,t3_main_alns,alns_e2_throughput+LOCAL_SEARCH,threeshift,e2-threeshift-150c-02,1,8,32,random_customer_removal+greedy_insert_repair,native_random_customer_removal+greedy_insert_repair,4422.136121194913,,6.639715333003551
E_CARBON_TIER1__formal_goeke80__threeshift__e2-threeshift-150c-02__t3_main_alns__seed1,E_CARBON_TIER1,t3_main_alns,alns_e2_throughput+LOCAL_SEARCH,threeshift,e2-threeshift-150c-02,1,9,48,random_customer_removal+greedy_insert_repair,native_random_customer_removal+greedy_insert_repair,4346.014727303703,,10.1138041660015
E_CARBON_TIER1__formal_goeke80__threeshift__e2-threeshift-150c-02__t3_main_alns__seed1,E_CARBON_TIER1,t3_main_alns,alns_e2_throughput+LOCAL_SEARCH,threeshift,e2-threeshift-150c-02,1,10,49,random_customer_removal+greedy_insert_repair,native_random_customer_removal+greedy_insert_repair,4340.712580602614,,10.31374225000036
E_CARBON_TIER1__formal_goeke80__threeshift__e2-threeshift-150c-02__t3_main_alns__seed1,E_CARBON_TIER1,t3_main_alns,alns_e2_throughput+LOCAL_SEARCH,threeshift,e2-threeshift-150c-02,1,11,51,random_customer_removal+greedy_insert_repair,native_random_customer_removal+greedy_insert_repair,4334.4241921568355,,10.60125379099918
E_CARBON_TIER1__formal_goeke80__threeshift__e2-threeshift-150c-02__t3_main_alns__seed1,E_CARBON_TIER1,t3_main_alns,alns_e2_throughput+LOCAL_SEARCH,threeshift,e2-threeshift-150c-02,1,12,55,random_customer_removal+greedy_insert_repair,native_random_customer_removal+greedy_insert_repair,4317.837908200703,,11.578147874999559
E_CARBON_TIER1__formal_goeke80__threeshift__e2-threeshift-150c-02__t3_main_alns__seed1,E_CARBON_TIER1,t3_main_alns,alns_e2_throughput+LOCAL_SEARCH,threeshift,e2-threeshift-150c-02,1,13,59,random_customer_removal+greedy_insert_repair,native_random_customer_removal+greedy_insert_repair,4244.0751176850345,,12.38977308300673
E_CARBON_TIER1__formal_goeke80__threeshift__e2-threeshift-150c-02__t3_main_alns__seed1,E_CARBON_TIER1,t3_main_alns,alns_e2_throughput+LOCAL_SEARCH,threeshift,e2-threeshift-150c-02,1,14,74,random_customer_removal+greedy_insert_repair,native_random_customer_removal+greedy_insert_repair,4221.982269825188,,16.442792332993122
E_CARBON_TIER1__formal_goeke80__threeshift__e2-threeshift-150c-02__t3_main_alns__seed1,E_CARBON_TIER1,t3_main_alns,alns_e2_throughput+LOCAL_SEARCH,threeshift,e2-threeshift-150c-02,1,15,86,random_customer_removal+greedy_insert_repair,native_random_customer_removal+greedy_insert_repair,4219.404773323705,,19.521195541005
E_CARBON_TIER1__formal_goeke80__threeshift__e2-threeshift-150c-02__t3_main_alns__seed1,E_CARBON_TIER1,t3_main_alns,alns_e2_throughput+LOCAL_SEARCH,threeshift,e2-threeshift-150c-02,1,16,89,random_customer_removal+greedy_insert_repair,native_random_customer_removal+greedy_insert_repair,4191.447979754258,,20.0604470410035
E_CARBON_TIER1__formal_goeke80__threeshift__e2-threeshift-150c-02__t3_main_alns__seed1,E_CARBON_TIER1,t3_main_alns,alns_e2_throughput+LOCAL_SEARCH,threeshift,e2-threeshift-150c-02,1,17,96,random_customer_removal+greedy_insert_repair,native_random_customer_removal+greedy_insert_repair,4185.137344756464,,21.347653415999957
E_CARBON_TIER1__formal_goeke80__threeshift__e2-threeshift-150c-02__t3_main_alns__seed1,E_CARBON_TIER1,t3_main_alns,alns_e2_throughput+LOCAL_SEARCH,threeshift,e2-threeshift-150c-02,1,18,97,random_customer_removal+greedy_insert_repair,native_random_customer_removal+greedy_insert_repair,4149.43153878114,,21.483397874995717
E_CARBON_TIER1__formal_goeke80__threeshift__e2-threeshift-150c-02__t3_main_alns__seed1,E_CARBON_TIER1,t3_main_alns,alns_e2_throughput+LOCAL_SEARCH,threeshift,e2-threeshift-150c-02,1,19,108,random_customer_removal+greedy_insert_repair,native_random_customer_removal+greedy_insert_repair,4146.209039003106,,24.02490437499364
E_CARBON_TIER1__formal_goeke80__threeshift__e2-threeshift-150c-02__t3_main_alns__seed1,E_CARBON_TIER1,t3_main_alns,alns_e2_throughput+LOCAL_SEARCH,threeshift,e2-threeshift-150c-02,1,20,109,random_customer_removal+greedy_insert_repair,native_random_customer_removal+greedy_insert_repair,4145.697511744754,,24.288207958001294
E_CARBON_TIER1__formal_goeke80__threeshift__e2-threeshift-150c-02__t3_main_alns__seed1,E_CARBON_TIER1,t3_main_alns,alns_e2_throughput+LOCAL_SEARCH,threeshift,e2-threeshift-150c-02,1,21,114,random_customer_removal+greedy_insert_repair,native_random_customer_removal+greedy_insert_repair,4122.964106814666,,25.646169458006625
E_CARBON_TIER1__formal_goeke80__threeshift__e2-threeshift-150c-02__t3_main_alns__seed1,E_CARBON_TIER1,t3_main_alns,alns_e2_throughput+LOCAL_SEARCH,threeshift,e2-threeshift-150c-02,1,22,116,random_customer_removal+greedy_insert_repair,native_random_customer_removal+greedy_insert_repair,4113.936538974576,,26.062407624995103
E_CARBON_TIER1__formal_goeke80__threeshift__e2-threeshift-150c-02__t3_main_alns__seed1,E_CARBON_TIER1,t3_main_alns,alns_e2_throughput+LOCAL_SEARCH,threeshift,e2-threeshift-150c-02,1,23,122,random_customer_removal+greedy_insert_repair,native_random_customer_removal+greedy_insert_repair,4106.776148451824,,27.48407037499419
E_CARBON_TIER1__formal_goeke80__threeshift__e2-threeshift-150c-02__t3_main_alns__seed1,E_CARBON_TIER1,t3_main_alns,alns_e2_throughput+LOCAL_SEARCH,threeshift,e2-threeshift-150c-02,1,24,131,random_customer_removal+greedy_insert_repair,native_random_customer_removal+greedy_insert_repair,4106.6580874351985,,29.678335415999754
E_CARBON_TIER1__formal_goeke80__threeshift__e2-threeshift-150c-02__t3_main_alns__seed1,E_CARBON_TIER1,t3_main_alns,alns_e2_throughput+LOCAL_SEARCH,threeshift,e2-threeshift-150c-02,1,25,135,random_customer_removal+greedy_insert_repair,native_random_customer_removal+greedy_insert_repair,4095.710412392503,,30.564851624993025
E_CARBON_TIER1__formal_goeke80__threeshift__e2-threeshift-150c-02__t3_main_alns__seed1,E_CARBON_TIER1,t3_main_alns,alns_e2_throughput+LOCAL_SEARCH,threeshift,e2-threeshift-150c-02,1,26,138,random_customer_removal+greedy_insert_repair,native_random_customer_removal+greedy_insert_repair,4089.9390452786793,,31.497008000005735
E_CARBON_TIER1__formal_goeke80__threeshift__e2-threeshift-150c-02__t3_main_alns__seed1,E_CARBON_TIER1,t3_main_alns,alns_e2_throughput+LOCAL_SEARCH,threeshift,e2-threeshift-150c-02,1,27,139,random_customer_removal+greedy_insert_repair,native_random_customer_removal+greedy_insert_repair,4089.6076312307086,,31.636023750004824
E_CARBON_TIER1__formal_goeke80__threeshift__e2-threeshift-150c-02__t3_main_alns__seed1,E_CARBON_TIER1,t3_main_alns,alns_e2_throughput+LOCAL_SEARCH,threeshift,e2-threeshift-150c-02,1,28,145,random_customer_removal+greedy_insert_repair,native_random_customer_removal+greedy_insert_repair,4089.32871695255,,33.282919332996244
E_CARBON_TIER1__formal_goeke80__threeshift__e2-threeshift-150c-02__t3_main_alns__seed1,E_CARBON_TIER1,t3_main_alns,alns_e2_throughput+LOCAL_SEARCH,threeshift,e2-threeshift-150c-02,1,29,151,random_customer_removal+greedy_insert_repair,native_random_customer_removal+greedy_insert_repair,4086.8006918606966,,34.727444125004695
E_CARBON_TIER1__formal_goeke80__threeshift__e2-threeshift-150c-02__t3_main_alns__seed1,E_CARBON_TIER1,t3_main_alns,alns_e2_throughput+LOCAL_SEARCH,threeshift,e2-threeshift-150c-02,1,30,154,random_customer_removal+greedy_insert_repair,native_random_customer_removal+greedy_insert_repair,4081.0128186498787,,35.39686458300275
E_CARBON_TIER1__formal_goeke80__threeshift__e2-threeshift-150c-02__t3_main_alns__seed1,E_CARBON_TIER1,t3_main_alns,alns_e2_throughput+LOCAL_SEARCH,threeshift,e2-threeshift-150c-02,1,31,157,random_customer_removal+greedy_insert_repair,native_random_customer_removal+greedy_insert_repair,3984.9948236925275,,35.95973687499645
E_CARBON_TIER1__formal_goeke80__threeshift__e2-threeshift-150c-02__t3_main_alns__seed1,E_CARBON_TIER1,t3_main_alns,alns_e2_throughput+LOCAL_SEARCH,threeshift,e2-threeshift-150c-02,1,32,163,random_customer_removal+greedy_insert_repair,native_random_customer_removal+greedy_insert_repair,3977.3466292106996,,37.33716700000514
E_CARBON_TIER1__formal_goeke80__threeshift__e2-threeshift-150c-02__t3_main_alns__seed1,E_CARBON_TIER1,t3_main_alns,alns_e2_throughput+LOCAL_SEARCH,threeshift,e2-threeshift-150c-02,1,33,167,random_customer_removal+greedy_insert_repair,native_random_customer_removal+greedy_insert_repair,3969.4014512478298,,38.3359966249991
E_CARBON_TIER1__formal_goeke80__threeshift__e2-threeshift-150c-02__t3_main_alns__seed1,E_CARBON_TIER1,t3_main_alns,alns_e2_throughput+LOCAL_SEARCH,threeshift,e2-threeshift-150c-02,1,34,169,random_customer_removal+greedy_insert_repair,native_random_customer_removal+greedy_insert_repair,3967.5376783765355,,38.645550250003
E_CARBON_TIER1__formal_goeke80__threeshift__e2-threeshift-150c-02__t3_main_alns__seed1,E_CARBON_TIER1,t3_main_alns,alns_e2_throughput+LOCAL_SEARCH,threeshift,e2-threeshift-150c-02,1,35,175,random_customer_removal+greedy_insert_repair,native_random_customer_removal+greedy_insert_repair,3957.223639479466,,39.923950124997646
E_CARBON_TIER1__formal_goeke80__threeshift__e2-threeshift-150c-02__t3_main_alns__seed1,E_CARBON_TIER1,t3_main_alns,alns_e2_throughput+LOCAL_SEARCH,threeshift,e2-threeshift-150c-02,1,36,177,random_customer_removal+greedy_insert_repair,native_random_customer_removal+greedy_insert_repair,3945.458552485589,,40.23343004100025
E_CARBON_TIER1__formal_goeke80__threeshift__e2-threeshift-150c-02__t3_main_alns__seed1,E_CARBON_TIER1,t3_main_alns,alns_e2_throughput+LOCAL_SEARCH,threeshift,e2-threeshift-150c-02,1,37,188,random_customer_removal+greedy_insert_repair,native_random_customer_removal+greedy_insert_repair,3941.522294499689,,42.75862333299301
E_CARBON_TIER1__formal_goeke80__threeshift__e2-threeshift-150c-02__t3_main_alns__seed1,E_CARBON_TIER1,t3_main_alns,alns_e2_throughput+LOCAL_SEARCH,threeshift,e2-threeshift-150c-02,1,38,205,random_customer_removal+greedy_insert_repair,native_random_customer_removal+greedy_insert_repair,3940.4215013096677,,46.372601583003416
E_CARBON_TIER1__formal_goeke80__threeshift__e2-threeshift-150c-02__t3_main_alns__seed1,E_CARBON_TIER1,t3_main_alns,alns_e2_throughput+LOCAL_SEARCH,threeshift,e2-threeshift-150c-02,1,39,210,random_customer_removal+greedy_insert_repair,native_random_customer_removal+greedy_insert_repair,3937.825480351218,,47.42602362499747
E_CARBON_TIER1__formal_goeke80__threeshift__e2-threeshift-150c-02__t3_main_alns__seed1,E_CARBON_TIER1,t3_main_alns,alns_e2_throughput+LOCAL_SEARCH,threeshift,e2-threeshift-150c-02,1,40,226,random_customer_removal+greedy_insert_repair,native_random_customer_removal+greedy_insert_repair,3936.0152018562826,,51.012133374999394
E_CARBON_TIER1__formal_goeke80__threeshift__e2-threeshift-150c-02__t3_main_alns__seed1,E_CARBON_TIER1,t3_main_alns,alns_e2_throughput+LOCAL_SEARCH,threeshift,e2-threeshift-150c-02,1,41,243,random_customer_removal+greedy_insert_repair,native_random_customer_removal+greedy_insert_repair,3935.739546623139,,54.746709665996605
E_CARBON_TIER1__formal_goeke80__threeshift__e2-threeshift-150c-02__t3_main_alns__seed1,E_CARBON_TIER1,t3_main_alns,alns_e2_throughput+LOCAL_SEARCH,threeshift,e2-threeshift-150c-02,1,42,259,random_customer_removal+greedy_insert_repair,native_random_customer_removal+greedy_insert_repair,3894.0155409495724,,58.192677707993425
E_CARBON_TIER1__formal_goeke80__threeshift__e2-threeshift-150c-02__t3_main_alns__seed1,E_CARBON_TIER1,t3_main_alns,alns_e2_throughput+LOCAL_SEARCH,threeshift,e2-threeshift-150c-02,1,43,262,random_customer_removal+greedy_insert_repair,native_random_customer_removal+greedy_insert_repair,3893.5978745495186,,58.74822700000368
E_CARBON_TIER1__formal_goeke80__threeshift__e2-threeshift-150c-02__t3_main_alns__seed1,E_CARBON_TIER1,t3_main_alns,alns_e2_throughput+LOCAL_SEARCH,threeshift,e2-threeshift-150c-02,1,44,277,random_customer_removal+greedy_insert_repair,native_random_customer_removal+greedy_insert_repair,3893.4429887791384,,62.10846033299458
E_CARBON_TIER1__formal_goeke80__threeshift__e2-threeshift-150c-02__t3_main_alns__seed1,E_CARBON_TIER1,t3_main_alns,alns_e2_throughput+LOCAL_SEARCH,threeshift,e2-threeshift-150c-02,1,45,280,random_customer_removal+greedy_insert_repair,native_random_customer_removal+greedy_insert_repair,3789.134301270667,,62.84883108299982
E_CARBON_TIER1__formal_goeke80__threeshift__e2-threeshift-150c-02__t3_main_alns__seed1,E_CARBON_TIER1,t3_main_alns,alns_e2_throughput+LOCAL_SEARCH,threeshift,e2-threeshift-150c-02,1,46,281,random_customer_removal+greedy_insert_repair,native_random_customer_removal+greedy_insert_repair,3787.951112183079,,62.98631758299598
E_CARBON_TIER1__formal_goeke80__threeshift__e2-threeshift-150c-02__t3_main_alns__seed1,E_CARBON_TIER1,t3_main_alns,alns_e2_throughput+LOCAL_SEARCH,threeshift,e2-threeshift-150c-02,1,47,291,random_customer_removal+greedy_insert_repair,native_random_customer_removal+greedy_insert_repair,3786.3132059713485,,65.0923786659987
E_CARBON_TIER1__formal_goeke80__threeshift__e2-threeshift-150c-02__t3_main_alns__seed1,E_CARBON_TIER1,t3_main_alns,alns_e2_throughput+LOCAL_SEARCH,threeshift,e2-threeshift-150c-02,1,48,294,random_customer_removal+greedy_insert_repair,native_random_customer_removal+greedy_insert_repair,3785.225526787618,,65.95926925000094
E_CARBON_TIER1__formal_goeke80__threeshift__e2-threeshift-150c-02__t3_main_alns__seed1,E_CARBON_TIER1,t3_main_alns,alns_e2_throughput+LOCAL_SEARCH,threeshift,e2-threeshift-150c-02,1,49,295,random_customer_removal+greedy_insert_repair,native_random_customer_removal+greedy_insert_repair,3783.793444818539,,66.08330841599673
E_CARBON_TIER1__formal_goeke80__threeshift__e2-threeshift-150c-02__t3_main_alns__seed1,E_CARBON_TIER1,t3_main_alns,alns_e2_throughput+LOCAL_SEARCH,threeshift,e2-threeshift-150c-02,1,50,313,random_customer_removal+greedy_insert_repair,native_random_customer_removal+greedy_insert_repair,3782.3687124068383,,70.51532504099305
E_CARBON_TIER1__formal_goeke80__threeshift__e2-threeshift-150c-02__t3_main_alns__seed1,E_CARBON_TIER1,t3_main_alns,alns_e2_throughput+LOCAL_SEARCH,threeshift,e2-threeshift-150c-02,1,51,347,random_customer_removal+greedy_insert_repair,native_random_customer_removal+greedy_insert_repair,3782.221590178935,,78.14377012499608
E_CARBON_TIER1__formal_goeke80__threeshift__e2-threeshift-150c-02__t3_main_alns__seed1,E_CARBON_TIER1,t3_main_alns,alns_e2_throughput+LOCAL_SEARCH,threeshift,e2-threeshift-150c-02,1,52,369,random_customer_removal+greedy_insert_repair,native_random_customer_removal+greedy_insert_repair,3777.496234305372,,83.64087829100026
E_CARBON_TIER1__formal_goeke80__threeshift__e2-threeshift-150c-02__t3_main_alns__seed1,E_CARBON_TIER1,t3_main_alns,alns_e2_throughput+LOCAL_SEARCH,threeshift,e2-threeshift-150c-02,1,53,390,random_customer_removal+greedy_insert_repair,native_random_customer_removal+greedy_insert_repair,3777.004907398543,,88.13937874999829
E_CARBON_TIER1__formal_goeke80__threeshift__e2-threeshift-150c-02__t3_main_alns__seed1,E_CARBON_TIER1,t3_main_alns,alns_e2_throughput+LOCAL_SEARCH,threeshift,e2-threeshift-150c-02,1,54,401,random_customer_removal+greedy_insert_repair,native_random_customer_removal+greedy_insert_repair,3776.8953736120625,,90.4684849579935
E_CARBON_TIER1__formal_goeke80__threeshift__e2-threeshift-150c-02__t3_main_alns__seed1,E_CARBON_TIER1,t3_main_alns,alns_e2_throughput+LOCAL_SEARCH,threeshift,e2-threeshift-150c-02,1,55,407,random_customer_removal+greedy_insert_repair,native_random_customer_removal+greedy_insert_repair,3776.3791426706352,,91.62304383299488
E_CARBON_TIER1__formal_goeke80__threeshift__e2-threeshift-150c-02__t3_main_alns__seed1,E_CARBON_TIER1,t3_main_alns,alns_e2_throughput+LOCAL_SEARCH,threeshift,e2-threeshift-150c-02,1,56,436,random_customer_removal+greedy_insert_repair,native_random_customer_removal+greedy_insert_repair,3770.938649065023,,98.05382045799342
E_CARBON_TIER1__formal_goeke80__threeshift__e2-threeshift-150c-02__t3_main_alns__seed1,E_CARBON_TIER1,t3_main_alns,alns_e2_throughput+LOCAL_SEARCH,threeshift,e2-threeshift-150c-02,1,57,452,random_customer_removal+greedy_insert_repair,native_random_customer_removal+greedy_insert_repair,3769.5396778861905,,101.55680462499731
E_CARBON_TIER1__formal_goeke80__threeshift__e2-threeshift-150c-02__t3_main_alns__seed1,E_CARBON_TIER1,t3_main_alns,alns_e2_throughput+LOCAL_SEARCH,threeshift,e2-threeshift-150c-02,1,58,460,random_customer_removal+greedy_insert_repair,native_random_customer_removal+greedy_insert_repair,3767.094825338245,,102.93071916600456
E_CARBON_TIER1__formal_goeke80__threeshift__e2-threeshift-150c-02__t3_main_alns__seed1,E_CARBON_TIER1,t3_main_alns,alns_e2_throughput+LOCAL_SEARCH,threeshift,e2-threeshift-150c-02,1,59,500,random_customer_removal+greedy_insert_repair,native_random_customer_removal+greedy_insert_repair,3766.1160117342874,,111.28933091599902
E_CARBON_TIER1__formal_goeke80__threeshift__e2-threeshift-150c-02__t3_main_alns__seed1,E_CARBON_TIER1,t3_main_alns,alns_e2_throughput+LOCAL_SEARCH,threeshift,e2-threeshift-150c-02,1,60,502,random_customer_removal+greedy_insert_repair,native_random_customer_removal+greedy_insert_repair,3765.2130586228322,,111.63772791599331
E_CARBON_TIER1__formal_goeke80__threeshift__e2-threeshift-150c-02__t3_main_alns__seed1,E_CARBON_TIER1,t3_main_alns,alns_e2_throughput+LOCAL_SEARCH,threeshift,e2-threeshift-150c-02,1,61,563,random_customer_removal+greedy_insert_repair,native_random_customer_removal+greedy_insert_repair,3761.5216100038297,,124.95947433299443
E_CARBON_TIER1__formal_goeke80__threeshift__e2-threeshift-150c-02__t3_main_alns__seed1,E_CARBON_TIER1,t3_main_alns,alns_e2_throughput+LOCAL_SEARCH,threeshift,e2-threeshift-150c-02,1,62,588,random_customer_removal+greedy_insert_repair,native_random_customer_removal+greedy_insert_repair,3756.799150496494,,130.19984204099455
E_CARBON_TIER1__formal_goeke80__threeshift__e2-threeshift-150c-02__t3_main_alns__seed1,E_CARBON_TIER1,t3_main_alns,alns_e2_throughput+LOCAL_SEARCH,threeshift,e2-threeshift-150c-02,1,63,679,random_customer_removal+greedy_insert_repair,native_random_customer_removal+greedy_insert_repair,3748.838054272668,,150.10389320799732
E_CARBON_TIER1__formal_goeke80__threeshift__e2-threeshift-150c-02__t3_main_alns__seed1,E_CARBON_TIER1,t3_main_alns,alns_e2_throughput+LOCAL_SEARCH,threeshift,e2-threeshift-150c-02,1,64,683,random_customer_removal+greedy_insert_repair,native_random_customer_removal+greedy_insert_repair,3748.5597894828998,,150.90033029099868
E_CARBON_TIER1__formal_goeke80__threeshift__e2-threeshift-150c-02__t3_main_alns__seed1,E_CARBON_TIER1,t3_main_alns,alns_e2_throughput+LOCAL_SEARCH,threeshift,e2-threeshift-150c-02,1,65,696,random_customer_removal+greedy_insert_repair,native_random_customer_removal+greedy_insert_repair,3744.933976460692,,154.13908345799427
E_CARBON_TIER1__formal_goeke80__threeshift__e2-threeshift-150c-02__t3_main_alns__seed1,E_CARBON_TIER1,t3_main_alns,alns_e2_throughput+LOCAL_SEARCH,threeshift,e2-threeshift-150c-02,1,66,702,random_customer_removal+greedy_insert_repair,native_random_customer_removal+greedy_insert_repair,3739.046955418304,,155.3325229579932
E_CARBON_TIER1__formal_goeke80__threeshift__e2-threeshift-150c-02__t3_main_alns__seed1,E_CARBON_TIER1,t3_main_alns,alns_e2_throughput+LOCAL_SEARCH,threeshift,e2-threeshift-150c-02,1,67,707,random_customer_removal+greedy_insert_repair,native_random_customer_removal+greedy_insert_repair,3734.8023181244344,,156.39628641599847
E_CARBON_TIER1__formal_goeke80__threeshift__e2-threeshift-150c-02__t3_main_alns__seed1,E_CARBON_TIER1,t3_main_alns,alns_e2_throughput+LOCAL_SEARCH,threeshift,e2-threeshift-150c-02,1,68,712,random_customer_removal+greedy_insert_repair,native_random_customer_removal+greedy_insert_repair,3730.1531681443016,,157.46874095799285
E_CARBON_TIER1__formal_goeke80__threeshift__e2-threeshift-150c-02__t3_main_alns__seed1,E_CARBON_TIER1,t3_main_alns,alns_e2_throughput+LOCAL_SEARCH,threeshift,e2-threeshift-150c-02,1,69,738,random_customer_removal+greedy_insert_repair,native_random_customer_removal+greedy_insert_repair,3723.0259390148835,,162.97974712500582
E_CARBON_TIER1__formal_goeke80__threeshift__e2-threeshift-150c-02__t3_main_alns__seed1,E_CARBON_TIER1,t3_main_alns,alns_e2_throughput+LOCAL_SEARCH,threeshift,e2-threeshift-150c-02,1,70,740,random_customer_removal+greedy_insert_repair,native_random_customer_removal+greedy_insert_repair,3722.4308697049673,,163.3497271249944
E_CARBON_TIER1__formal_goeke80__threeshift__e2-threeshift-150c-02__t3_main_alns__seed1,E_CARBON_TIER1,t3_main_alns,alns_e2_throughput+LOCAL_SEARCH,threeshift,e2-threeshift-150c-02,1,71,741,random_customer_removal+greedy_insert_repair,native_random_customer_removal+greedy_insert_repair,3720.7413011921094,,163.51928758299618
E_CARBON_TIER1__formal_goeke80__threeshift__e2-threeshift-150c-02__t3_main_alns__seed1,E_CARBON_TIER1,t3_main_alns,alns_e2_throughput+LOCAL_SEARCH,threeshift,e2-threeshift-150c-02,1,72,750,random_customer_removal+greedy_insert_repair,native_random_customer_removal+greedy_insert_repair,3709.0990774452457,,165.84583695800393
E_CARBON_TIER1__formal_goeke80__threeshift__e2-threeshift-150c-02__t3_main_alns__seed1,E_CARBON_TIER1,t3_main_alns,alns_e2_throughput+LOCAL_SEARCH,threeshift,e2-threeshift-150c-02,1,73,769,random_customer_removal+greedy_insert_repair,native_random_customer_removal+greedy_insert_repair,3709.0402462475504,,169.93478387499636
E_CARBON_TIER1__formal_goeke80__threeshift__e2-threeshift-150c-02__t3_main_alns__seed1,E_CARBON_TIER1,t3_main_alns,alns_e2_throughput+LOCAL_SEARCH,threeshift,e2-threeshift-150c-02,1,74,771,random_customer_removal+greedy_insert_repair,native_random_customer_removal+greedy_insert_repair,3708.272163308866,,170.2803977500007
E_CARBON_TIER1__formal_goeke80__threeshift__e2-threeshift-150c-02__t3_main_alns__seed1,E_CARBON_TIER1,t3_main_alns,alns_e2_throughput+LOCAL_SEARCH,threeshift,e2-threeshift-150c-02,1,75,789,random_customer_removal+greedy_insert_repair,native_random_customer_removal+greedy_insert_repair,3704.915576368839,,174.03743458300596
E_CARBON_TIER1__formal_goeke80__threeshift__e2-threeshift-150c-02__t3_main_alns__seed1,E_CARBON_TIER1,t3_main_alns,alns_e2_throughput+LOCAL_SEARCH,threeshift,e2-threeshift-150c-02,1,76,791,random_customer_removal+greedy_insert_repair,native_random_customer_removal+greedy_insert_repair,3703.034465607015,,174.45380000000296
E_CARBON_TIER1__formal_goeke80__threeshift__e2-threeshift-150c-02__t3_main_alns__seed1,E_CARBON_TIER1,t3_main_alns,alns_e2_throughput+LOCAL_SEARCH,threeshift,e2-threeshift-150c-02,1,77,855,random_customer_removal+greedy_insert_repair,native_random_customer_removal+greedy_insert_repair,3675.1347370530552,,189.22338608300197
E_CARBON_TIER1__formal_goeke80__threeshift__e2-threeshift-150c-02__t3_main_alns__seed1,E_CARBON_TIER1,t3_main_alns,alns_e2_throughput+LOCAL_SEARCH,threeshift,e2-threeshift-150c-02,1,78,983,random_customer_removal+greedy_insert_repair,native_random_customer_removal+greedy_insert_repair,3670.514619927027,,214.7992054579954
E_CARBON_TIER1__formal_goeke80__threeshift__e2-threeshift-150c-02__t3_main_alns__seed1,E_CARBON_TIER1,t3_main_alns,alns_e2_throughput+LOCAL_SEARCH,threeshift,e2-threeshift-150c-02,1,79,1047,random_customer_removal+greedy_insert_repair,native_random_customer_removal+greedy_insert_repair,3668.128762812084,,228.74661387500237
E_CARBON_TIER1__formal_goeke80__threeshift__e2-threeshift-150c-02__t3_main_alns__seed1,E_CARBON_TIER1,t3_main_alns,alns_e2_throughput+LOCAL_SEARCH,threeshift,e2-threeshift-150c-02,1,80,1108,vehicle_type_swap+greedy_insert_repair,native_vehicle_type_swap+greedy_insert_repair,3644.7500583829737,,240.54161600000225
E_CARBON_TIER1__formal_goeke80__threeshift__e2-threeshift-150c-02__t3_main_alns__seed1,E_CARBON_TIER1,t3_main_alns,alns_e2_throughput+LOCAL_SEARCH,threeshift,e2-threeshift-150c-02,1,81,1109,vehicle_type_swap+greedy_insert_repair,native_vehicle_type_swap+greedy_insert_repair,3627.903732059837,,240.67874870800006
E_CARBON_TIER1__formal_goeke80__threeshift__e2-threeshift-150c-02__t3_main_alns__seed1,E_CARBON_TIER1,t3_main_alns,alns_e2_throughput+LOCAL_SEARCH,threeshift,e2-threeshift-150c-02,1,82,1110,vehicle_type_swap+greedy_insert_repair,native_vehicle_type_swap+greedy_insert_repair,3608.825423522389,,240.79989829100668
E_CARBON_TIER1__formal_goeke80__threeshift__e2-threeshift-150c-02__t3_main_alns__seed1,E_CARBON_TIER1,t3_main_alns,alns_e2_throughput+LOCAL_SEARCH,threeshift,e2-threeshift-150c-02,1,83,1111,vehicle_type_swap+greedy_insert_repair,native_vehicle_type_swap+greedy_insert_repair,3588.2551753836397,,240.93004566599848
E_CARBON_TIER1__formal_goeke80__threeshift__e2-threeshift-150c-02__t3_main_alns__seed1,E_CARBON_TIER1,t3_main_alns,alns_e2_throughput+LOCAL_SEARCH,threeshift,e2-threeshift-150c-02,1,84,1112,vehicle_type_swap+greedy_insert_repair,native_vehicle_type_swap+greedy_insert_repair,3578.169418724186,,241.06678150000516
E_CARBON_TIER1__formal_goeke80__threeshift__e2-threeshift-150c-02__t3_main_alns__seed1,E_CARBON_TIER1,t3_main_alns,alns_e2_throughput+LOCAL_SEARCH,threeshift,e2-threeshift-150c-02,1,85,1113,vehicle_type_swap+greedy_insert_repair,native_vehicle_type_swap+greedy_insert_repair,3566.010926010322,,241.2134432909952
E_CARBON_TIER1__formal_goeke80__threeshift__e2-threeshift-150c-02__t3_main_alns__seed1,E_CARBON_TIER1,t3_main_alns,alns_e2_throughput+LOCAL_SEARCH,threeshift,e2-threeshift-150c-02,1,86,1114,vehicle_type_swap+greedy_insert_repair,native_vehicle_type_swap+greedy_insert_repair,3551.5701827005246,,241.3664050410007
E_CARBON_TIER1__formal_goeke80__threeshift__e2-threeshift-150c-02__t3_main_alns__seed1,E_CARBON_TIER1,t3_main_alns,alns_e2_throughput+LOCAL_SEARCH,threeshift,e2-threeshift-150c-02,1,87,2284,random_customer_removal+greedy_insert_repair,native_random_customer_removal+greedy_insert_repair,3527.516502068775,,363.93563795799855
E_CARBON_TIER1__formal_goeke80__threeshift__e2-threeshift-150c-02__t3_main_alns__seed1,E_CARBON_TIER1,t3_main_alns,alns_e2_throughput+LOCAL_SEARCH,threeshift,e2-threeshift-150c-02,1,88,2342,random_customer_removal+greedy_insert_repair,native_random_customer_removal+greedy_insert_repair,3527.3802037199275,,369.6399376250047
E_CARBON_TIER1__formal_goeke80__threeshift__e2-threeshift-150c-02__t3_main_alns__seed1,E_CARBON_TIER1,t3_main_alns,alns_e2_throughput+LOCAL_SEARCH,threeshift,e2-threeshift-150c-02,1,89,2708,random_customer_removal+greedy_insert_repair,native_random_customer_removal+greedy_insert_repair,3524.886204374895,,402.26736420800444
E_CARBON_TIER1__formal_goeke80__threeshift__e2-threeshift-150c-02__t3_main_alns__seed1,E_CARBON_TIER1,t3_main_alns,alns_e2_throughput+LOCAL_SEARCH,threeshift,e2-threeshift-150c-02,1,90,3444,random_customer_removal+greedy_insert_repair,native_random_customer_removal+greedy_insert_repair,3524.575308880234,,464.14055983300204
E_CARBON_TIER1__formal_goeke80__threeshift__e2-threeshift-150c-02__t3_main_alns__seed1,E_CARBON_TIER1,t3_main_alns,alns_e2_throughput+LOCAL_SEARCH,threeshift,e2-threeshift-150c-02,1,91,4435,random_customer_removal+greedy_insert_repair,native_random_customer_removal+greedy_insert_repair,3523.910842107664,,542.1974349579978
E_CARBON_TIER1__formal_goeke80__threeshift__e2-threeshift-150c-02__t3_main_alns__seed1,E_CARBON_TIER1,t3_main_alns,alns_e2_throughput+LOCAL_SEARCH,threeshift,e2-threeshift-150c-02,1,92,4516,random_customer_removal+greedy_insert_repair,native_random_customer_removal+greedy_insert_repair,3521.4581076392524,,548.5620545830025
E_CARBON_TIER1__formal_goeke80__threeshift__e2-threeshift-150c-02__t3_main_alns__seed1,E_CARBON_TIER1,t3_main_alns,alns_e2_throughput+LOCAL_SEARCH,threeshift,e2-threeshift-150c-02,1,93,4644,random_customer_removal+greedy_insert_repair,native_random_customer_removal+greedy_insert_repair,3514.242840127599,,558.3215717910061
E_CARBON_TIER1__formal_goeke80__threeshift__e2-threeshift-150c-02__t3_main_alns__seed1,E_CARBON_TIER1,t3_main_alns,alns_e2_throughput+LOCAL_SEARCH,threeshift,e2-threeshift-150c-02,1,94,4758,route_segment_removal+regret2_insert_repair,native_route_segment_removal+regret2_insert_repair,3512.200825723403,,566.5688537910028
E_CARBON_TIER1__formal_goeke80__threeshift__e2-threeshift-150c-02__t3_main_alns__seed1,E_CARBON_TIER1,t3_main_alns,alns_e2_throughput+LOCAL_SEARCH,threeshift,e2-threeshift-150c-02,1,95,5162,route_segment_removal+regret2_insert_repair,native_route_segment_removal+regret2_insert_repair,3511.288783892367,,582.5537032499997
E_CARBON_TIER1__formal_goeke80__threeshift__e2-threeshift-150c-02__t3_main_alns__seed2,E_CARBON_TIER1,t3_main_alns,alns_e2_throughput+LOCAL_SEARCH,threeshift,e2-threeshift-150c-02,2,0,0,shared_warm_start,shared_warm_start,5059.001494485717,,0.0005208749935263768
E_CARBON_TIER1__formal_goeke80__threeshift__e2-threeshift-150c-02__t3_main_alns__seed2,E_CARBON_TIER1,t3_main_alns,alns_e2_throughput+LOCAL_SEARCH,threeshift,e2-threeshift-150c-02,2,1,5,random_customer_removal+regret2_insert_repair,native_random_customer_removal+regret2_insert_repair,4866.766151091226,,0.8499209999863524
E_CARBON_TIER1__formal_goeke80__threeshift__e2-threeshift-150c-02__t3_main_alns__seed2,E_CARBON_TIER1,t3_main_alns,alns_e2_throughput+LOCAL_SEARCH,threeshift,e2-threeshift-150c-02,2,2,6,random_customer_removal+regret2_insert_repair,native_random_customer_removal+regret2_insert_repair,4522.001967618111,,1.189154833991779
E_CARBON_TIER1__formal_goeke80__threeshift__e2-threeshift-150c-02__t3_main_alns__seed2,E_CARBON_TIER1,t3_main_alns,alns_e2_throughput+LOCAL_SEARCH,threeshift,e2-threeshift-150c-02,2,3,7,random_customer_removal+regret2_insert_repair,native_random_customer_removal+regret2_insert_repair,4468.726767831724,,1.346203124994645
E_CARBON_TIER1__formal_goeke80__threeshift__e2-threeshift-150c-02__t3_main_alns__seed2,E_CARBON_TIER1,t3_main_alns,alns_e2_throughput+LOCAL_SEARCH,threeshift,e2-threeshift-150c-02,2,4,8,random_customer_removal+regret2_insert_repair,native_random_customer_removal+regret2_insert_repair,4384.07172875477,,1.5995920419954928
E_CARBON_TIER1__formal_goeke80__threeshift__e2-threeshift-150c-02__t3_main_alns__seed2,E_CARBON_TIER1,t3_main_alns,alns_e2_throughput+LOCAL_SEARCH,threeshift,e2-threeshift-150c-02,2,5,10,random_customer_removal+regret2_insert_repair,native_random_customer_removal+regret2_insert_repair,4374.839844938385,,2.1498512089892756
E_CARBON_TIER1__formal_goeke80__threeshift__e2-threeshift-150c-02__t3_main_alns__seed2,E_CARBON_TIER1,t3_main_alns,alns_e2_throughput+LOCAL_SEARCH,threeshift,e2-threeshift-150c-02,2,6,11,random_customer_removal+regret2_insert_repair,native_random_customer_removal+regret2_insert_repair,4228.153197946318,,2.3646614589961246
E_CARBON_TIER1__formal_goeke80__threeshift__e2-threeshift-150c-02__t3_main_alns__seed2,E_CARBON_TIER1,t3_main_alns,alns_e2_throughput+LOCAL_SEARCH,threeshift,e2-threeshift-150c-02,2,7,16,random_customer_removal+regret2_insert_repair,native_random_customer_removal+regret2_insert_repair,4214.398517904476,,3.5514412089978578
E_CARBON_TIER1__formal_goeke80__threeshift__e2-threeshift-150c-02__t3_main_alns__seed2,E_CARBON_TIER1,t3_main_alns,alns_e2_throughput+LOCAL_SEARCH,threeshift,e2-threeshift-150c-02,2,8,20,random_customer_removal+regret2_insert_repair,native_random_customer_removal+regret2_insert_repair,4162.261964829248,,4.480972374993144
E_CARBON_TIER1__formal_goeke80__threeshift__e2-threeshift-150c-02__t3_main_alns__seed2,E_CARBON_TIER1,t3_main_alns,alns_e2_throughput+LOCAL_SEARCH,threeshift,e2-threeshift-150c-02,2,9,21,random_customer_removal+regret2_insert_repair,native_random_customer_removal+regret2_insert_repair,4153.931986687822,,4.60957408399554
E_CARBON_TIER1__formal_goeke80__threeshift__e2-threeshift-150c-02__t3_main_alns__seed2,E_CARBON_TIER1,t3_main_alns,alns_e2_throughput+LOCAL_SEARCH,threeshift,e2-threeshift-150c-02,2,10,23,random_customer_removal+regret2_insert_repair,native_random_customer_removal+regret2_insert_repair,4109.707489316029,,5.095045708992984
E_CARBON_TIER1__formal_goeke80__threeshift__e2-threeshift-150c-02__t3_main_alns__seed2,E_CARBON_TIER1,t3_main_alns,alns_e2_throughput+LOCAL_SEARCH,threeshift,e2-threeshift-150c-02,2,11,29,random_customer_removal+regret2_insert_repair,native_random_customer_removal+regret2_insert_repair,4088.250201795831,,6.559017583989771
E_CARBON_TIER1__formal_goeke80__threeshift__e2-threeshift-150c-02__t3_main_alns__seed2,E_CARBON_TIER1,t3_main_alns,alns_e2_throughput+LOCAL_SEARCH,threeshift,e2-threeshift-150c-02,2,12,31,random_customer_removal+regret2_insert_repair,native_random_customer_removal+regret2_insert_repair,4083.379141675395,,6.915227958990727
E_CARBON_TIER1__formal_goeke80__threeshift__e2-threeshift-150c-02__t3_main_alns__seed2,E_CARBON_TIER1,t3_main_alns,alns_e2_throughput+LOCAL_SEARCH,threeshift,e2-threeshift-150c-02,2,13,32,random_customer_removal+regret2_insert_repair,native_random_customer_removal+regret2_insert_repair,3946.4009405408106,,7.263889666995965
E_CARBON_TIER1__formal_goeke80__threeshift__e2-threeshift-150c-02__t3_main_alns__seed2,E_CARBON_TIER1,t3_main_alns,alns_e2_throughput+LOCAL_SEARCH,threeshift,e2-threeshift-150c-02,2,14,33,random_customer_removal+regret2_insert_repair,native_random_customer_removal+regret2_insert_repair,3944.1902042048537,,7.451356458986993
E_CARBON_TIER1__formal_goeke80__threeshift__e2-threeshift-150c-02__t3_main_alns__seed2,E_CARBON_TIER1,t3_main_alns,alns_e2_throughput+LOCAL_SEARCH,threeshift,e2-threeshift-150c-02,2,15,35,random_customer_removal+regret2_insert_repair,native_random_customer_removal+regret2_insert_repair,3845.050755024356,,7.850112541986164
E_CARBON_TIER1__formal_goeke80__threeshift__e2-threeshift-150c-02__t3_main_alns__seed2,E_CARBON_TIER1,t3_main_alns,alns_e2_throughput+LOCAL_SEARCH,threeshift,e2-threeshift-150c-02,2,16,36,random_customer_removal+regret2_insert_repair,native_random_customer_removal+regret2_insert_repair,3844.305205816923,,7.969884666992584
E_CARBON_TIER1__formal_goeke80__threeshift__e2-threeshift-150c-02__t3_main_alns__seed2,E_CARBON_TIER1,t3_main_alns,alns_e2_throughput+LOCAL_SEARCH,threeshift,e2-threeshift-150c-02,2,17,38,random_customer_removal+regret2_insert_repair,native_random_customer_removal+regret2_insert_repair,3842.378716191448,,8.655438374989899
E_CARBON_TIER1__formal_goeke80__threeshift__e2-threeshift-150c-02__t3_main_alns__seed2,E_CARBON_TIER1,t3_main_alns,alns_e2_throughput+LOCAL_SEARCH,threeshift,e2-threeshift-150c-02,2,18,40,random_customer_removal+regret2_insert_repair,native_random_customer_removal+regret2_insert_repair,3818.97114793457,,9.337482458999148
E_CARBON_TIER1__formal_goeke80__threeshift__e2-threeshift-150c-02__t3_main_alns__seed2,E_CARBON_TIER1,t3_main_alns,alns_e2_throughput+LOCAL_SEARCH,threeshift,e2-threeshift-150c-02,2,19,55,random_customer_removal+regret2_insert_repair,native_random_customer_removal+regret2_insert_repair,3772.552257483888,,12.741613916994538
E_CARBON_TIER1__formal_goeke80__threeshift__e2-threeshift-150c-02__t3_main_alns__seed2,E_CARBON_TIER1,t3_main_alns,alns_e2_throughput+LOCAL_SEARCH,threeshift,e2-threeshift-150c-02,2,20,59,random_customer_removal+regret2_insert_repair,native_random_customer_removal+regret2_insert_repair,3740.7917911108193,,13.497448666996206
E_CARBON_TIER1__formal_goeke80__threeshift__e2-threeshift-150c-02__t3_main_alns__seed2,E_CARBON_TIER1,t3_main_alns,alns_e2_throughput+LOCAL_SEARCH,threeshift,e2-threeshift-150c-02,2,21,74,random_customer_removal+regret2_insert_repair,native_random_customer_removal+regret2_insert_repair,3740.3147730153323,,17.18824049999239
E_CARBON_TIER1__formal_goeke80__threeshift__e2-threeshift-150c-02__t3_main_alns__seed2,E_CARBON_TIER1,t3_main_alns,alns_e2_throughput+LOCAL_SEARCH,threeshift,e2-threeshift-150c-02,2,22,104,random_customer_removal+regret2_insert_repair,native_random_customer_removal+regret2_insert_repair,3734.5436983497084,,23.64283958399028
E_CARBON_TIER1__formal_goeke80__threeshift__e2-threeshift-150c-02__t3_main_alns__seed2,E_CARBON_TIER1,t3_main_alns,alns_e2_throughput+LOCAL_SEARCH,threeshift,e2-threeshift-150c-02,2,23,106,random_customer_removal+regret2_insert_repair,native_random_customer_removal+regret2_insert_repair,3730.859990447358,,23.927075916988542
E_CARBON_TIER1__formal_goeke80__threeshift__e2-threeshift-150c-02__t3_main_alns__seed2,E_CARBON_TIER1,t3_main_alns,alns_e2_throughput+LOCAL_SEARCH,threeshift,e2-threeshift-150c-02,2,24,122,random_customer_removal+regret2_insert_repair,native_random_customer_removal+regret2_insert_repair,3725.8632787737506,,27.69274620899523
E_CARBON_TIER1__formal_goeke80__threeshift__e2-threeshift-150c-02__t3_main_alns__seed2,E_CARBON_TIER1,t3_main_alns,alns_e2_throughput+LOCAL_SEARCH,threeshift,e2-threeshift-150c-02,2,25,124,random_customer_removal+regret2_insert_repair,native_random_customer_removal+regret2_insert_repair,3715.938628082641,,27.98959566699341
E_CARBON_TIER1__formal_goeke80__threeshift__e2-threeshift-150c-02__t3_main_alns__seed2,E_CARBON_TIER1,t3_main_alns,alns_e2_throughput+LOCAL_SEARCH,threeshift,e2-threeshift-150c-02,2,26,125,random_customer_removal+regret2_insert_repair,native_random_customer_removal+regret2_insert_repair,3713.3187831305,,28.1968709169887
E_CARBON_TIER1__formal_goeke80__threeshift__e2-threeshift-150c-02__t3_main_alns__seed2,E_CARBON_TIER1,t3_main_alns,alns_e2_throughput+LOCAL_SEARCH,threeshift,e2-threeshift-150c-02,2,27,128,random_customer_removal+regret2_insert_repair,native_random_customer_removal+regret2_insert_repair,3712.2691979605197,,28.86245037498884
E_CARBON_TIER1__formal_goeke80__threeshift__e2-threeshift-150c-02__t3_main_alns__seed2,E_CARBON_TIER1,t3_main_alns,alns_e2_throughput+LOCAL_SEARCH,threeshift,e2-threeshift-150c-02,2,28,129,random_customer_removal+regret2_insert_repair,native_random_customer_removal+regret2_insert_repair,3710.129688127416,,28.996078208991094
E_CARBON_TIER1__formal_goeke80__threeshift__e2-threeshift-150c-02__t3_main_alns__seed2,E_CARBON_TIER1,t3_main_alns,alns_e2_throughput+LOCAL_SEARCH,threeshift,e2-threeshift-150c-02,2,29,131,random_customer_removal+regret2_insert_repair,native_random_customer_removal+regret2_insert_repair,3709.889541616793,,29.320838041996467
E_CARBON_TIER1__formal_goeke80__threeshift__e2-threeshift-150c-02__t3_main_alns__seed2,E_CARBON_TIER1,t3_main_alns,alns_e2_throughput+LOCAL_SEARCH,threeshift,e2-threeshift-150c-02,2,30,132,random_customer_removal+regret2_insert_repair,native_random_customer_removal+regret2_insert_repair,3703.8367356046456,,29.475501958993846
E_CARBON_TIER1__formal_goeke80__threeshift__e2-threeshift-150c-02__t3_main_alns__seed2,E_CARBON_TIER1,t3_main_alns,alns_e2_throughput+LOCAL_SEARCH,threeshift,e2-threeshift-150c-02,2,31,133,random_customer_removal+regret2_insert_repair,native_random_customer_removal+regret2_insert_repair,3701.458618851109,,29.660178999998607
E_CARBON_TIER1__formal_goeke80__threeshift__e2-threeshift-150c-02__t3_main_alns__seed2,E_CARBON_TIER1,t3_main_alns,alns_e2_throughput+LOCAL_SEARCH,threeshift,e2-threeshift-150c-02,2,32,171,random_customer_removal+regret2_insert_repair,native_random_customer_removal+regret2_insert_repair,3700.557523249165,,38.23148695898999
E_CARBON_TIER1__formal_goeke80__threeshift__e2-threeshift-150c-02__t3_main_alns__seed2,E_CARBON_TIER1,t3_main_alns,alns_e2_throughput+LOCAL_SEARCH,threeshift,e2-threeshift-150c-02,2,33,262,random_customer_removal+regret2_insert_repair,native_random_customer_removal+regret2_insert_repair,3699.704219576146,,57.25522487499984
E_CARBON_TIER1__formal_goeke80__threeshift__e2-threeshift-150c-02__t3_main_alns__seed2,E_CARBON_TIER1,t3_main_alns,alns_e2_throughput+LOCAL_SEARCH,threeshift,e2-threeshift-150c-02,2,34,263,random_customer_removal+regret2_insert_repair,native_random_customer_removal+regret2_insert_repair,3699.5071312805053,,57.43156862499018
E_CARBON_TIER1__formal_goeke80__threeshift__e2-threeshift-150c-02__t3_main_alns__seed2,E_CARBON_TIER1,t3_main_alns,alns_e2_throughput+LOCAL_SEARCH,threeshift,e2-threeshift-150c-02,2,35,444,random_customer_removal+regret2_insert_repair,native_random_customer_removal+regret2_insert_repair,3693.4664302899505,,93.72710591698706
E_CARBON_TIER1__formal_goeke80__threeshift__e2-threeshift-150c-02__t3_main_alns__seed2,E_CARBON_TIER1,t3_main_alns,alns_e2_throughput+LOCAL_SEARCH,threeshift,e2-threeshift-150c-02,2,36,460,random_customer_removal+regret2_insert_repair,native_random_customer_removal+regret2_insert_repair,3687.571954294119,,97.03450316698581
E_CARBON_TIER1__formal_goeke80__threeshift__e2-threeshift-150c-02__t3_main_alns__seed2,E_CARBON_TIER1,t3_main_alns,alns_e2_throughput+LOCAL_SEARCH,threeshift,e2-threeshift-150c-02,2,37,464,random_customer_removal+regret2_insert_repair,native_random_customer_removal+regret2_insert_repair,3684.3255200436834,,97.80506741699355
E_CARBON_TIER1__formal_goeke80__threeshift__e2-threeshift-150c-02__t3_main_alns__seed2,E_CARBON_TIER1,t3_main_alns,alns_e2_throughput+LOCAL_SEARCH,threeshift,e2-threeshift-150c-02,2,38,494,random_customer_removal+regret2_insert_repair,native_random_customer_removal+regret2_insert_repair,3683.1341949887596,,104.84936679199745
E_CARBON_TIER1__formal_goeke80__threeshift__e2-threeshift-150c-02__t3_main_alns__seed2,E_CARBON_TIER1,t3_main_alns,alns_e2_throughput+LOCAL_SEARCH,threeshift,e2-threeshift-150c-02,2,39,499,random_customer_removal+regret2_insert_repair,native_random_customer_removal+regret2_insert_repair,3674.373446105182,,105.82125954199
E_CARBON_TIER1__formal_goeke80__threeshift__e2-threeshift-150c-02__t3_main_alns__seed2,E_CARBON_TIER1,t3_main_alns,alns_e2_throughput+LOCAL_SEARCH,threeshift,e2-threeshift-150c-02,2,40,662,vehicle_type_swap+greedy_insert_repair,native_vehicle_type_swap+greedy_insert_repair,3653.7075655587405,,137.546972791999
E_CARBON_TIER1__formal_goeke80__threeshift__e2-threeshift-150c-02__t3_main_alns__seed2,E_CARBON_TIER1,t3_main_alns,alns_e2_throughput+LOCAL_SEARCH,threeshift,e2-threeshift-150c-02,2,41,663,vehicle_type_swap+greedy_insert_repair,native_vehicle_type_swap+greedy_insert_repair,3636.879116188674,,137.69753049999417
E_CARBON_TIER1__formal_goeke80__threeshift__e2-threeshift-150c-02__t3_main_alns__seed2,E_CARBON_TIER1,t3_main_alns,alns_e2_throughput+LOCAL_SEARCH,threeshift,e2-threeshift-150c-02,2,42,664,vehicle_type_swap+greedy_insert_repair,native_vehicle_type_swap+greedy_insert_repair,3616.1259207572093,,137.85879099999147
E_CARBON_TIER1__formal_goeke80__threeshift__e2-threeshift-150c-02__t3_main_alns__seed2,E_CARBON_TIER1,t3_main_alns,alns_e2_throughput+LOCAL_SEARCH,threeshift,e2-threeshift-150c-02,2,43,665,vehicle_type_swap+greedy_insert_repair,native_vehicle_type_swap+greedy_insert_repair,3600.499347440056,,138.02279487499618
E_CARBON_TIER1__formal_goeke80__threeshift__e2-threeshift-150c-02__t3_main_alns__seed2,E_CARBON_TIER1,t3_main_alns,alns_e2_throughput+LOCAL_SEARCH,threeshift,e2-threeshift-150c-02,2,44,666,vehicle_type_swap+greedy_insert_repair,native_vehicle_type_swap+greedy_insert_repair,3580.793003164372,,138.1928841249901
E_CARBON_TIER1__formal_goeke80__threeshift__e2-threeshift-150c-02__t3_main_alns__seed2,E_CARBON_TIER1,t3_main_alns,alns_e2_throughput+LOCAL_SEARCH,threeshift,e2-threeshift-150c-02,2,45,667,vehicle_type_swap+greedy_insert_repair,native_vehicle_type_swap+greedy_insert_repair,3568.3380434026267,,138.3720192089968
E_CARBON_TIER1__formal_goeke80__threeshift__e2-threeshift-150c-02__t3_main_alns__seed2,E_CARBON_TIER1,t3_main_alns,alns_e2_throughput+LOCAL_SEARCH,threeshift,e2-threeshift-150c-02,2,46,669,vehicle_type_swap+greedy_insert_repair,native_vehicle_type_swap+greedy_insert_repair,3556.655676920872,,138.73859274999995
E_CARBON_TIER1__formal_goeke80__threeshift__e2-threeshift-150c-02__t3_main_alns__seed2,E_CARBON_TIER1,t3_main_alns,alns_e2_throughput+LOCAL_SEARCH,threeshift,e2-threeshift-150c-02,2,47,670,vehicle_type_swap+greedy_insert_repair,native_vehicle_type_swap+greedy_insert_repair,3548.8587204745872,,138.93164949999482
E_CARBON_TIER1__formal_goeke80__threeshift__e2-threeshift-150c-02__t3_main_alns__seed2,E_CARBON_TIER1,t3_main_alns,alns_e2_throughput+LOCAL_SEARCH,threeshift,e2-threeshift-150c-02,2,48,2180,route_segment_removal+regret2_insert_repair,native_route_segment_removal+regret2_insert_repair,3548.2109621753134,,330.2126180419873
E_CARBON_TIER1__formal_goeke80__threeshift__e2-threeshift-150c-02__t3_main_alns__seed2,E_CARBON_TIER1,t3_main_alns,alns_e2_throughput+LOCAL_SEARCH,threeshift,e2-threeshift-150c-02,2,49,2393,random_customer_removal+regret2_insert_repair,native_random_customer_removal+regret2_insert_repair,3544.31484678536,,351.7379262919858
E_CARBON_TIER1__formal_goeke80__threeshift__e2-threeshift-150c-02__t3_main_alns__seed2,E_CARBON_TIER1,t3_main_alns,alns_e2_throughput+LOCAL_SEARCH,threeshift,e2-threeshift-150c-02,2,50,2554,route_segment_removal+regret2_insert_repair,native_route_segment_removal+regret2_insert_repair,3540.0535843764596,,369.9226385419897
E_CARBON_TIER1__formal_goeke80__threeshift__e2-threeshift-150c-02__t3_main_alns__seed2,E_CARBON_TIER1,t3_main_alns,alns_e2_throughput+LOCAL_SEARCH,threeshift,e2-threeshift-150c-02,2,51,3414,route_segment_removal+regret2_insert_repair,native_route_segment_removal+regret2_insert_repair,3537.2453759125033,,454.4865767089941
E_CARBON_TIER1__formal_goeke80__threeshift__e2-threeshift-150c-02__t3_main_alns__seed2,E_CARBON_TIER1,t3_main_alns,alns_e2_throughput+LOCAL_SEARCH,threeshift,e2-threeshift-150c-02,2,52,3792,route_segment_removal+regret2_insert_repair,native_route_segment_removal+regret2_insert_repair,3530.479747391584,,487.94622916699154
E_CARBON_TIER1__formal_goeke80__threeshift__e2-threeshift-150c-02__t3_main_alns__seed2,E_CARBON_TIER1,t3_main_alns,alns_e2_throughput+LOCAL_SEARCH,threeshift,e2-threeshift-150c-02,2,53,3816,route_segment_removal+regret2_insert_repair,native_route_segment_removal+regret2_insert_repair,3529.1536042359116,,489.50041316699935
E_CARBON_TIER1__formal_goeke80__threeshift__e2-threeshift-150c-02__t3_main_alns__seed2,E_CARBON_TIER1,t3_main_alns,alns_e2_throughput+LOCAL_SEARCH,threeshift,e2-threeshift-150c-02,2,54,4004,route_segment_removal+regret2_insert_repair,native_route_segment_removal+regret2_insert_repair,3472.0788662214404,,499.7320754999964
E_CARBON_TIER1__formal_goeke80__threeshift__e2-threeshift-150c-02__t3_main_alns__seed2,E_CARBON_TIER1,t3_main_alns,alns_e2_throughput+LOCAL_SEARCH,threeshift,e2-threeshift-150c-02,2,55,6332,vehicle_type_swap+greedy_insert_repair,native_vehicle_type_swap+greedy_insert_repair,3454.81396231612,,615.9963864999881
E_CARBON_TIER1__formal_goeke80__threeshift__e2-threeshift-150c-02__t3_main_alns__seed3,E_CARBON_TIER1,t3_main_alns,alns_e2_throughput+LOCAL_SEARCH,threeshift,e2-threeshift-150c-02,3,0,0,shared_warm_start,shared_warm_start,5059.001494485717,,0.00043066700163763016
E_CARBON_TIER1__formal_goeke80__threeshift__e2-threeshift-150c-02__t3_main_alns__seed3,E_CARBON_TIER1,t3_main_alns,alns_e2_throughput+LOCAL_SEARCH,threeshift,e2-threeshift-150c-02,3,1,5,random_customer_removal+regret2_insert_repair,native_random_customer_removal+regret2_insert_repair,4937.2036174284885,,0.9914245000109076
E_CARBON_TIER1__formal_goeke80__threeshift__e2-threeshift-150c-02__t3_main_alns__seed3,E_CARBON_TIER1,t3_main_alns,alns_e2_throughput+LOCAL_SEARCH,threeshift,e2-threeshift-150c-02,3,2,6,random_customer_removal+regret2_insert_repair,native_random_customer_removal+regret2_insert_repair,4766.423351537768,,1.209357750005438
E_CARBON_TIER1__formal_goeke80__threeshift__e2-threeshift-150c-02__t3_main_alns__seed3,E_CARBON_TIER1,t3_main_alns,alns_e2_throughput+LOCAL_SEARCH,threeshift,e2-threeshift-150c-02,3,3,9,random_customer_removal+regret2_insert_repair,native_random_customer_removal+regret2_insert_repair,4718.157385566634,,1.821747542009689
E_CARBON_TIER1__formal_goeke80__threeshift__e2-threeshift-150c-02__t3_main_alns__seed3,E_CARBON_TIER1,t3_main_alns,alns_e2_throughput+LOCAL_SEARCH,threeshift,e2-threeshift-150c-02,3,4,11,random_customer_removal+regret2_insert_repair,native_random_customer_removal+regret2_insert_repair,4520.097839897707,,2.1706022920116084
E_CARBON_TIER1__formal_goeke80__threeshift__e2-threeshift-150c-02__t3_main_alns__seed3,E_CARBON_TIER1,t3_main_alns,alns_e2_throughput+LOCAL_SEARCH,threeshift,e2-threeshift-150c-02,3,5,12,random_customer_removal+regret2_insert_repair,native_random_customer_removal+regret2_insert_repair,4491.740409262747,,2.5186315000028117
E_CARBON_TIER1__formal_goeke80__threeshift__e2-threeshift-150c-02__t3_main_alns__seed3,E_CARBON_TIER1,t3_main_alns,alns_e2_throughput+LOCAL_SEARCH,threeshift,e2-threeshift-150c-02,3,6,13,random_customer_removal+regret2_insert_repair,native_random_customer_removal+regret2_insert_repair,4482.65439166955,,2.6867335830029333
E_CARBON_TIER1__formal_goeke80__threeshift__e2-threeshift-150c-02__t3_main_alns__seed3,E_CARBON_TIER1,t3_main_alns,alns_e2_throughput+LOCAL_SEARCH,threeshift,e2-threeshift-150c-02,3,7,14,random_customer_removal+regret2_insert_repair,native_random_customer_removal+regret2_insert_repair,4313.455036907684,,3.1472838330082595
E_CARBON_TIER1__formal_goeke80__threeshift__e2-threeshift-150c-02__t3_main_alns__seed3,E_CARBON_TIER1,t3_main_alns,alns_e2_throughput+LOCAL_SEARCH,threeshift,e2-threeshift-150c-02,3,8,21,random_customer_removal+regret2_insert_repair,native_random_customer_removal+regret2_insert_repair,4184.869357356704,,4.289022083001328
E_CARBON_TIER1__formal_goeke80__threeshift__e2-threeshift-150c-02__t3_main_alns__seed3,E_CARBON_TIER1,t3_main_alns,alns_e2_throughput+LOCAL_SEARCH,threeshift,e2-threeshift-150c-02,3,9,22,random_customer_removal+regret2_insert_repair,native_random_customer_removal+regret2_insert_repair,4176.450606411917,,4.416496417004964
E_CARBON_TIER1__formal_goeke80__threeshift__e2-threeshift-150c-02__t3_main_alns__seed3,E_CARBON_TIER1,t3_main_alns,alns_e2_throughput+LOCAL_SEARCH,threeshift,e2-threeshift-150c-02,3,10,23,random_customer_removal+regret2_insert_repair,native_random_customer_removal+regret2_insert_repair,4139.923074792046,,4.726709958005813
E_CARBON_TIER1__formal_goeke80__threeshift__e2-threeshift-150c-02__t3_main_alns__seed3,E_CARBON_TIER1,t3_main_alns,alns_e2_throughput+LOCAL_SEARCH,threeshift,e2-threeshift-150c-02,3,11,39,random_customer_removal+regret2_insert_repair,native_random_customer_removal+regret2_insert_repair,4078.92791840775,,7.451500542010763
E_CARBON_TIER1__formal_goeke80__threeshift__e2-threeshift-150c-02__t3_main_alns__seed3,E_CARBON_TIER1,t3_main_alns,alns_e2_throughput+LOCAL_SEARCH,threeshift,e2-threeshift-150c-02,3,12,41,random_customer_removal+regret2_insert_repair,native_random_customer_removal+regret2_insert_repair,4065.5459707316427,,7.822970167006133
E_CARBON_TIER1__formal_goeke80__threeshift__e2-threeshift-150c-02__t3_main_alns__seed3,E_CARBON_TIER1,t3_main_alns,alns_e2_throughput+LOCAL_SEARCH,threeshift,e2-threeshift-150c-02,3,13,47,random_customer_removal+regret2_insert_repair,native_random_customer_removal+regret2_insert_repair,4043.713745057676,,8.980573332999484
E_CARBON_TIER1__formal_goeke80__threeshift__e2-threeshift-150c-02__t3_main_alns__seed3,E_CARBON_TIER1,t3_main_alns,alns_e2_throughput+LOCAL_SEARCH,threeshift,e2-threeshift-150c-02,3,14,48,random_customer_removal+regret2_insert_repair,native_random_customer_removal+regret2_insert_repair,4001.0319720702105,,9.13964154200221
E_CARBON_TIER1__formal_goeke80__threeshift__e2-threeshift-150c-02__t3_main_alns__seed3,E_CARBON_TIER1,t3_main_alns,alns_e2_throughput+LOCAL_SEARCH,threeshift,e2-threeshift-150c-02,3,15,49,random_customer_removal+regret2_insert_repair,native_random_customer_removal+regret2_insert_repair,3995.9772715895706,,9.397775167002692
E_CARBON_TIER1__formal_goeke80__threeshift__e2-threeshift-150c-02__t3_main_alns__seed3,E_CARBON_TIER1,t3_main_alns,alns_e2_throughput+LOCAL_SEARCH,threeshift,e2-threeshift-150c-02,3,16,50,random_customer_removal+regret2_insert_repair,native_random_customer_removal+regret2_insert_repair,3994.502019374461,,9.813305375006166
E_CARBON_TIER1__formal_goeke80__threeshift__e2-threeshift-150c-02__t3_main_alns__seed3,E_CARBON_TIER1,t3_main_alns,alns_e2_throughput+LOCAL_SEARCH,threeshift,e2-threeshift-150c-02,3,17,53,random_customer_removal+regret2_insert_repair,native_random_customer_removal+regret2_insert_repair,3965.3030148036673,,10.439635167000233
E_CARBON_TIER1__formal_goeke80__threeshift__e2-threeshift-150c-02__t3_main_alns__seed3,E_CARBON_TIER1,t3_main_alns,alns_e2_throughput+LOCAL_SEARCH,threeshift,e2-threeshift-150c-02,3,18,63,random_customer_removal+regret2_insert_repair,native_random_customer_removal+regret2_insert_repair,3961.40676719367,,12.542340167012298
E_CARBON_TIER1__formal_goeke80__threeshift__e2-threeshift-150c-02__t3_main_alns__seed3,E_CARBON_TIER1,t3_main_alns,alns_e2_throughput+LOCAL_SEARCH,threeshift,e2-threeshift-150c-02,3,19,69,random_customer_removal+regret2_insert_repair,native_random_customer_removal+regret2_insert_repair,3958.8900437214224,,13.77496166700439
E_CARBON_TIER1__formal_goeke80__threeshift__e2-threeshift-150c-02__t3_main_alns__seed3,E_CARBON_TIER1,t3_main_alns,alns_e2_throughput+LOCAL_SEARCH,threeshift,e2-threeshift-150c-02,3,20,103,random_customer_removal+regret2_insert_repair,native_random_customer_removal+regret2_insert_repair,3936.930040580274,,21.456471375000547
E_CARBON_TIER1__formal_goeke80__threeshift__e2-threeshift-150c-02__t3_main_alns__seed3,E_CARBON_TIER1,t3_main_alns,alns_e2_throughput+LOCAL_SEARCH,threeshift,e2-threeshift-150c-02,3,21,104,random_customer_removal+regret2_insert_repair,native_random_customer_removal+regret2_insert_repair,3935.4139330432936,,21.544204500009073
E_CARBON_TIER1__formal_goeke80__threeshift__e2-threeshift-150c-02__t3_main_alns__seed3,E_CARBON_TIER1,t3_main_alns,alns_e2_throughput+LOCAL_SEARCH,threeshift,e2-threeshift-150c-02,3,22,106,random_customer_removal+regret2_insert_repair,native_random_customer_removal+regret2_insert_repair,3923.9249071038225,,21.831598000004306
E_CARBON_TIER1__formal_goeke80__threeshift__e2-threeshift-150c-02__t3_main_alns__seed3,E_CARBON_TIER1,t3_main_alns,alns_e2_throughput+LOCAL_SEARCH,threeshift,e2-threeshift-150c-02,3,23,107,random_customer_removal+regret2_insert_repair,native_random_customer_removal+regret2_insert_repair,3916.2018014787222,,21.907951083005173
E_CARBON_TIER1__formal_goeke80__threeshift__e2-threeshift-150c-02__t3_main_alns__seed3,E_CARBON_TIER1,t3_main_alns,alns_e2_throughput+LOCAL_SEARCH,threeshift,e2-threeshift-150c-02,3,24,109,random_customer_removal+regret2_insert_repair,native_random_customer_removal+regret2_insert_repair,3911.3912368171063,,22.159567375012557
E_CARBON_TIER1__formal_goeke80__threeshift__e2-threeshift-150c-02__t3_main_alns__seed3,E_CARBON_TIER1,t3_main_alns,alns_e2_throughput+LOCAL_SEARCH,threeshift,e2-threeshift-150c-02,3,25,111,random_customer_removal+regret2_insert_repair,native_random_customer_removal+regret2_insert_repair,3896.6849996830724,,22.636552250012755
E_CARBON_TIER1__formal_goeke80__threeshift__e2-threeshift-150c-02__t3_main_alns__seed3,E_CARBON_TIER1,t3_main_alns,alns_e2_throughput+LOCAL_SEARCH,threeshift,e2-threeshift-150c-02,3,26,114,random_customer_removal+regret2_insert_repair,native_random_customer_removal+regret2_insert_repair,3874.3723636031655,,23.13115666700469
E_CARBON_TIER1__formal_goeke80__threeshift__e2-threeshift-150c-02__t3_main_alns__seed3,E_CARBON_TIER1,t3_main_alns,alns_e2_throughput+LOCAL_SEARCH,threeshift,e2-threeshift-150c-02,3,27,121,random_customer_removal+regret2_insert_repair,native_random_customer_removal+regret2_insert_repair,3867.385817607661,,24.442457458004355
E_CARBON_TIER1__formal_goeke80__threeshift__e2-threeshift-150c-02__t3_main_alns__seed3,E_CARBON_TIER1,t3_main_alns,alns_e2_throughput+LOCAL_SEARCH,threeshift,e2-threeshift-150c-02,3,28,123,random_customer_removal+regret2_insert_repair,native_random_customer_removal+regret2_insert_repair,3861.8118879478234,,25.00675087500713
E_CARBON_TIER1__formal_goeke80__threeshift__e2-threeshift-150c-02__t3_main_alns__seed3,E_CARBON_TIER1,t3_main_alns,alns_e2_throughput+LOCAL_SEARCH,threeshift,e2-threeshift-150c-02,3,29,126,random_customer_removal+regret2_insert_repair,native_random_customer_removal+regret2_insert_repair,3851.921048361805,,25.536327792011434
E_CARBON_TIER1__formal_goeke80__threeshift__e2-threeshift-150c-02__t3_main_alns__seed3,E_CARBON_TIER1,t3_main_alns,alns_e2_throughput+LOCAL_SEARCH,threeshift,e2-threeshift-150c-02,3,30,127,random_customer_removal+regret2_insert_repair,native_random_customer_removal+regret2_insert_repair,3848.9027043226674,,25.699289958007284
E_CARBON_TIER1__formal_goeke80__threeshift__e2-threeshift-150c-02__t3_main_alns__seed3,E_CARBON_TIER1,t3_main_alns,alns_e2_throughput+LOCAL_SEARCH,threeshift,e2-threeshift-150c-02,3,31,133,random_customer_removal+regret2_insert_repair,native_random_customer_removal+regret2_insert_repair,3837.564119942353,,26.552509958011797
E_CARBON_TIER1__formal_goeke80__threeshift__e2-threeshift-150c-02__t3_main_alns__seed3,E_CARBON_TIER1,t3_main_alns,alns_e2_throughput+LOCAL_SEARCH,threeshift,e2-threeshift-150c-02,3,32,134,random_customer_removal+regret2_insert_repair,native_random_customer_removal+regret2_insert_repair,3828.476154524172,,26.672636375005823
E_CARBON_TIER1__formal_goeke80__threeshift__e2-threeshift-150c-02__t3_main_alns__seed3,E_CARBON_TIER1,t3_main_alns,alns_e2_throughput+LOCAL_SEARCH,threeshift,e2-threeshift-150c-02,3,33,136,random_customer_removal+regret2_insert_repair,native_random_customer_removal+regret2_insert_repair,3798.367773255344,,27.003464708002866
E_CARBON_TIER1__formal_goeke80__threeshift__e2-threeshift-150c-02__t3_main_alns__seed3,E_CARBON_TIER1,t3_main_alns,alns_e2_throughput+LOCAL_SEARCH,threeshift,e2-threeshift-150c-02,3,34,142,random_customer_removal+regret2_insert_repair,native_random_customer_removal+regret2_insert_repair,3791.736992571616,,28.023334875004366
E_CARBON_TIER1__formal_goeke80__threeshift__e2-threeshift-150c-02__t3_main_alns__seed3,E_CARBON_TIER1,t3_main_alns,alns_e2_throughput+LOCAL_SEARCH,threeshift,e2-threeshift-150c-02,3,35,153,random_customer_removal+regret2_insert_repair,native_random_customer_removal+regret2_insert_repair,3790.0016806856647,,30.51429016700422
E_CARBON_TIER1__formal_goeke80__threeshift__e2-threeshift-150c-02__t3_main_alns__seed3,E_CARBON_TIER1,t3_main_alns,alns_e2_throughput+LOCAL_SEARCH,threeshift,e2-threeshift-150c-02,3,36,166,random_customer_removal+regret2_insert_repair,native_random_customer_removal+regret2_insert_repair,3779.0925528242974,,32.82513912500872
E_CARBON_TIER1__formal_goeke80__threeshift__e2-threeshift-150c-02__t3_main_alns__seed3,E_CARBON_TIER1,t3_main_alns,alns_e2_throughput+LOCAL_SEARCH,threeshift,e2-threeshift-150c-02,3,37,168,random_customer_removal+regret2_insert_repair,native_random_customer_removal+regret2_insert_repair,3753.742488690485,,33.18300708300376
E_CARBON_TIER1__formal_goeke80__threeshift__e2-threeshift-150c-02__t3_main_alns__seed3,E_CARBON_TIER1,t3_main_alns,alns_e2_throughput+LOCAL_SEARCH,threeshift,e2-threeshift-150c-02,3,38,175,random_customer_removal+regret2_insert_repair,native_random_customer_removal+regret2_insert_repair,3753.2204184335187,,34.345600958011346
E_CARBON_TIER1__formal_goeke80__threeshift__e2-threeshift-150c-02__t3_main_alns__seed3,E_CARBON_TIER1,t3_main_alns,alns_e2_throughput+LOCAL_SEARCH,threeshift,e2-threeshift-150c-02,3,39,180,random_customer_removal+regret2_insert_repair,native_random_customer_removal+regret2_insert_repair,3751.3891979834075,,35.1600023330102
E_CARBON_TIER1__formal_goeke80__threeshift__e2-threeshift-150c-02__t3_main_alns__seed3,E_CARBON_TIER1,t3_main_alns,alns_e2_throughput+LOCAL_SEARCH,threeshift,e2-threeshift-150c-02,3,40,182,random_customer_removal+regret2_insert_repair,native_random_customer_removal+regret2_insert_repair,3749.263427000823,,35.51408729200193
E_CARBON_TIER1__formal_goeke80__threeshift__e2-threeshift-150c-02__t3_main_alns__seed3,E_CARBON_TIER1,t3_main_alns,alns_e2_throughput+LOCAL_SEARCH,threeshift,e2-threeshift-150c-02,3,41,252,random_customer_removal+regret2_insert_repair,native_random_customer_removal+regret2_insert_repair,3744.0771550639483,,46.97734491700248
E_CARBON_TIER1__formal_goeke80__threeshift__e2-threeshift-150c-02__t3_main_alns__seed3,E_CARBON_TIER1,t3_main_alns,alns_e2_throughput+LOCAL_SEARCH,threeshift,e2-threeshift-150c-02,3,42,285,random_customer_removal+regret2_insert_repair,native_random_customer_removal+regret2_insert_repair,3743.9961044608726,,51.56461279200448
E_CARBON_TIER1__formal_goeke80__threeshift__e2-threeshift-150c-02__t3_main_alns__seed3,E_CARBON_TIER1,t3_main_alns,alns_e2_throughput+LOCAL_SEARCH,threeshift,e2-threeshift-150c-02,3,43,293,random_customer_removal+regret2_insert_repair,native_random_customer_removal+regret2_insert_repair,3687.5820813225355,,53.449114625007496
E_CARBON_TIER1__formal_goeke80__threeshift__e2-threeshift-150c-02__t3_main_alns__seed3,E_CARBON_TIER1,t3_main_alns,alns_e2_throughput+LOCAL_SEARCH,threeshift,e2-threeshift-150c-02,3,44,294,random_customer_removal+regret2_insert_repair,native_random_customer_removal+regret2_insert_repair,3664.6890663848667,,53.62708345800638
E_CARBON_TIER1__formal_goeke80__threeshift__e2-threeshift-150c-02__t3_main_alns__seed3,E_CARBON_TIER1,t3_main_alns,alns_e2_throughput+LOCAL_SEARCH,threeshift,e2-threeshift-150c-02,3,45,296,random_customer_removal+regret2_insert_repair,native_random_customer_removal+regret2_insert_repair,3664.674162314459,,53.99463400000241
E_CARBON_TIER1__formal_goeke80__threeshift__e2-threeshift-150c-02__t3_main_alns__seed3,E_CARBON_TIER1,t3_main_alns,alns_e2_throughput+LOCAL_SEARCH,threeshift,e2-threeshift-150c-02,3,46,300,random_customer_removal+regret2_insert_repair,native_random_customer_removal+regret2_insert_repair,3655.355112834793,,54.43875179201132
E_CARBON_TIER1__formal_goeke80__threeshift__e2-threeshift-150c-02__t3_main_alns__seed3,E_CARBON_TIER1,t3_main_alns,alns_e2_throughput+LOCAL_SEARCH,threeshift,e2-threeshift-150c-02,3,47,303,random_customer_removal+regret2_insert_repair,native_random_customer_removal+regret2_insert_repair,3652.675874599969,,55.03304537500662
E_CARBON_TIER1__formal_goeke80__threeshift__e2-threeshift-150c-02__t3_main_alns__seed3,E_CARBON_TIER1,t3_main_alns,alns_e2_throughput+LOCAL_SEARCH,threeshift,e2-threeshift-150c-02,3,48,317,random_customer_removal+regret2_insert_repair,native_random_customer_removal+regret2_insert_repair,3647.646238068941,,56.72087954200106
E_CARBON_TIER1__formal_goeke80__threeshift__e2-threeshift-150c-02__t3_main_alns__seed3,E_CARBON_TIER1,t3_main_alns,alns_e2_throughput+LOCAL_SEARCH,threeshift,e2-threeshift-150c-02,3,49,329,random_customer_removal+regret2_insert_repair,native_random_customer_removal+regret2_insert_repair,3646.5367394170453,,58.676281292006024
E_CARBON_TIER1__formal_goeke80__threeshift__e2-threeshift-150c-02__t3_main_alns__seed3,E_CARBON_TIER1,t3_main_alns,alns_e2_throughput+LOCAL_SEARCH,threeshift,e2-threeshift-150c-02,3,50,375,random_customer_removal+regret2_insert_repair,native_random_customer_removal+regret2_insert_repair,3646.069651439526,,66.00651529199968
E_CARBON_TIER1__formal_goeke80__threeshift__e2-threeshift-150c-02__t3_main_alns__seed3,E_CARBON_TIER1,t3_main_alns,alns_e2_throughput+LOCAL_SEARCH,threeshift,e2-threeshift-150c-02,3,51,380,random_customer_removal+regret2_insert_repair,native_random_customer_removal+regret2_insert_repair,3643.4107425668276,,66.94446175001212
E_CARBON_TIER1__formal_goeke80__threeshift__e2-threeshift-150c-02__t3_main_alns__seed3,E_CARBON_TIER1,t3_main_alns,alns_e2_throughput+LOCAL_SEARCH,threeshift,e2-threeshift-150c-02,3,52,418,random_customer_removal+regret2_insert_repair,native_random_customer_removal+regret2_insert_repair,3639.240259147654,,73.18384312500712
E_CARBON_TIER1__formal_goeke80__threeshift__e2-threeshift-150c-02__t3_main_alns__seed3,E_CARBON_TIER1,t3_main_alns,alns_e2_throughput+LOCAL_SEARCH,threeshift,e2-threeshift-150c-02,3,53,658,random_customer_removal+regret2_insert_repair,native_random_customer_removal+regret2_insert_repair,3639.1592085445786,,110.8877290829987
E_CARBON_TIER1__formal_goeke80__threeshift__e2-threeshift-150c-02__t3_main_alns__seed3,E_CARBON_TIER1,t3_main_alns,alns_e2_throughput+LOCAL_SEARCH,threeshift,e2-threeshift-150c-02,3,54,749,vehicle_type_swap+greedy_insert_repair,native_vehicle_type_swap+greedy_insert_repair,3621.9034985566395,,124.32867070801149
E_CARBON_TIER1__formal_goeke80__threeshift__e2-threeshift-150c-02__t3_main_alns__seed3,E_CARBON_TIER1,t3_main_alns,alns_e2_throughput+LOCAL_SEARCH,threeshift,e2-threeshift-150c-02,3,55,750,vehicle_type_swap+greedy_insert_repair,native_vehicle_type_swap+greedy_insert_repair,3607.0592144183715,,124.4042059170024
E_CARBON_TIER1__formal_goeke80__threeshift__e2-threeshift-150c-02__t3_main_alns__seed3,E_CARBON_TIER1,t3_main_alns,alns_e2_throughput+LOCAL_SEARCH,threeshift,e2-threeshift-150c-02,3,56,751,vehicle_type_swap+greedy_insert_repair,native_vehicle_type_swap+greedy_insert_repair,3586.236574238016,,124.48458645801293
E_CARBON_TIER1__formal_goeke80__threeshift__e2-threeshift-150c-02__t3_main_alns__seed3,E_CARBON_TIER1,t3_main_alns,alns_e2_throughput+LOCAL_SEARCH,threeshift,e2-threeshift-150c-02,3,57,752,vehicle_type_swap+greedy_insert_repair,native_vehicle_type_swap+greedy_insert_repair,3567.163932140631,,124.5714541250054
E_CARBON_TIER1__formal_goeke80__threeshift__e2-threeshift-150c-02__t3_main_alns__seed3,E_CARBON_TIER1,t3_main_alns,alns_e2_throughput+LOCAL_SEARCH,threeshift,e2-threeshift-150c-02,3,58,753,vehicle_type_swap+greedy_insert_repair,native_vehicle_type_swap+greedy_insert_repair,3548.8759695125905,,124.68877766700462
E_CARBON_TIER1__formal_goeke80__threeshift__e2-threeshift-150c-02__t3_main_alns__seed3,E_CARBON_TIER1,t3_main_alns,alns_e2_throughput+LOCAL_SEARCH,threeshift,e2-threeshift-150c-02,3,59,754,vehicle_type_swap+greedy_insert_repair,native_vehicle_type_swap+greedy_insert_repair,3529.8109675495434,,124.81605437501275
E_CARBON_TIER1__formal_goeke80__threeshift__e2-threeshift-150c-02__t3_main_alns__seed3,E_CARBON_TIER1,t3_main_alns,alns_e2_throughput+LOCAL_SEARCH,threeshift,e2-threeshift-150c-02,3,60,755,vehicle_type_swap+greedy_insert_repair,native_vehicle_type_swap+greedy_insert_repair,3510.20325971479,,124.95023508300073
E_CARBON_TIER1__formal_goeke80__threeshift__e2-threeshift-150c-02__t3_main_alns__seed3,E_CARBON_TIER1,t3_main_alns,alns_e2_throughput+LOCAL_SEARCH,threeshift,e2-threeshift-150c-02,3,61,756,vehicle_type_swap+greedy_insert_repair,native_vehicle_type_swap+greedy_insert_repair,3496.2007367528904,,125.08852087501145
E_CARBON_TIER1__formal_goeke80__threeshift__e2-threeshift-150c-02__t3_main_alns__seed3,E_CARBON_TIER1,t3_main_alns,alns_e2_throughput+LOCAL_SEARCH,threeshift,e2-threeshift-150c-02,3,62,757,vehicle_type_swap+greedy_insert_repair,native_vehicle_type_swap+greedy_insert_repair,3482.262047670742,,125.23370991701086
E_CARBON_TIER1__formal_goeke80__threeshift__e2-threeshift-150c-02__t3_main_alns__seed3,E_CARBON_TIER1,t3_main_alns,alns_e2_throughput+LOCAL_SEARCH,threeshift,e2-threeshift-150c-02,3,63,758,vehicle_type_swap+greedy_insert_repair,native_vehicle_type_swap+greedy_insert_repair,3466.427637022751,,125.38639541700832
E_CARBON_TIER1__formal_goeke80__threeshift__e2-threeshift-150c-02__t3_main_alns__seed3,E_CARBON_TIER1,t3_main_alns,alns_e2_throughput+LOCAL_SEARCH,threeshift,e2-threeshift-150c-02,3,64,1465,random_customer_removal+regret2_insert_repair,native_random_customer_removal+regret2_insert_repair,3464.406905495566,,203.748345333006
E_CARBON_TIER1__formal_goeke80__threeshift__e2-threeshift-150c-02__t3_main_alns__seed3,E_CARBON_TIER1,t3_main_alns,alns_e2_throughput+LOCAL_SEARCH,threeshift,e2-threeshift-150c-02,3,65,1570,random_customer_removal+regret2_insert_repair,native_random_customer_removal+regret2_insert_repair,3464.300096045684,,213.8682865830051
E_CARBON_TIER1__formal_goeke80__threeshift__e2-threeshift-150c-02__t3_main_alns__seed3,E_CARBON_TIER1,t3_main_alns,alns_e2_throughput+LOCAL_SEARCH,threeshift,e2-threeshift-150c-02,3,66,1799,random_customer_removal+regret2_insert_repair,native_random_customer_removal+regret2_insert_repair,3464.1699469960395,,237.7499902080017
E_CARBON_TIER1__formal_goeke80__threeshift__e2-threeshift-200c-02__alns_e2_carbon__seed1,E_CARBON_TIER1,alns_e2_carbon,alns_e2_carbon,threeshift,e2-threeshift-200c-02,1,0,0,shared_warm_start,shared_warm_start,6367.435478271547,,0.0005509999900823459
E_CARBON_TIER1__formal_goeke80__threeshift__e2-threeshift-200c-02__alns_e2_carbon__seed1,E_CARBON_TIER1,alns_e2_carbon,alns_e2_carbon,threeshift,e2-threeshift-200c-02,1,1,167,route_segment_removal+regret2_insert_repair,native_route_segment_removal+regret2_insert_repair,6350.2988993413355,,22.14972408299218
E_CARBON_TIER1__formal_goeke80__threeshift__e2-threeshift-200c-02__alns_e2_carbon__seed1,E_CARBON_TIER1,alns_e2_carbon,alns_e2_carbon,threeshift,e2-threeshift-200c-02,1,2,168,route_segment_removal+regret2_insert_repair,native_route_segment_removal+regret2_insert_repair,6348.311843950916,,22.165214708002168
E_CARBON_TIER1__formal_goeke80__threeshift__e2-threeshift-200c-02__alns_e2_carbon__seed1,E_CARBON_TIER1,alns_e2_carbon,alns_e2_carbon,threeshift,e2-threeshift-200c-02,1,3,171,route_segment_removal+regret2_insert_repair,native_route_segment_removal+regret2_insert_repair,6340.540042050747,,22.186782582997694
E_CARBON_TIER1__formal_goeke80__threeshift__e2-threeshift-200c-02__alns_e2_carbon__seed1,E_CARBON_TIER1,alns_e2_carbon,alns_e2_carbon,threeshift,e2-threeshift-200c-02,1,4,172,route_segment_removal+regret2_insert_repair,native_route_segment_removal+regret2_insert_repair,6302.30358335965,,22.200353790991358
E_CARBON_TIER1__formal_goeke80__threeshift__e2-threeshift-200c-02__alns_e2_carbon__seed1,E_CARBON_TIER1,alns_e2_carbon,alns_e2_carbon,threeshift,e2-threeshift-200c-02,1,5,176,route_segment_removal+regret2_insert_repair,native_route_segment_removal+regret2_insert_repair,6301.274996149199,,22.233072374991025
E_CARBON_TIER1__formal_goeke80__threeshift__e2-threeshift-200c-02__alns_e2_carbon__seed1,E_CARBON_TIER1,alns_e2_carbon,alns_e2_carbon,threeshift,e2-threeshift-200c-02,1,6,182,route_segment_removal+regret2_insert_repair,native_route_segment_removal+regret2_insert_repair,6301.1976078971975,,22.28891016599664
E_CARBON_TIER1__formal_goeke80__threeshift__e2-threeshift-200c-02__alns_e2_carbon__seed1,E_CARBON_TIER1,alns_e2_carbon,alns_e2_carbon,threeshift,e2-threeshift-200c-02,1,7,189,route_segment_removal+regret2_insert_repair,native_route_segment_removal+regret2_insert_repair,6209.496758037304,,22.3500396659947
E_CARBON_TIER1__formal_goeke80__threeshift__e2-threeshift-200c-02__alns_e2_carbon__seed1,E_CARBON_TIER1,alns_e2_carbon,alns_e2_carbon,threeshift,e2-threeshift-200c-02,1,8,195,route_segment_removal+regret2_insert_repair,native_route_segment_removal+regret2_insert_repair,6198.542963641651,,22.391451582996524
E_CARBON_TIER1__formal_goeke80__threeshift__e2-threeshift-200c-02__alns_e2_carbon__seed1,E_CARBON_TIER1,alns_e2_carbon,alns_e2_carbon,threeshift,e2-threeshift-200c-02,1,9,196,route_segment_removal+regret2_insert_repair,native_route_segment_removal+regret2_insert_repair,6196.530700227128,,22.413815374995465
E_CARBON_TIER1__formal_goeke80__threeshift__e2-threeshift-200c-02__alns_e2_carbon__seed1,E_CARBON_TIER1,alns_e2_carbon,alns_e2_carbon,threeshift,e2-threeshift-200c-02,1,10,199,route_segment_removal+regret2_insert_repair,native_route_segment_removal+regret2_insert_repair,6189.365758555087,,22.45740637498966
E_CARBON_TIER1__formal_goeke80__threeshift__e2-threeshift-200c-02__alns_e2_carbon__seed1,E_CARBON_TIER1,alns_e2_carbon,alns_e2_carbon,threeshift,e2-threeshift-200c-02,1,11,205,route_segment_removal+regret2_insert_repair,native_route_segment_removal+regret2_insert_repair,6176.402993025753,,22.499888666003244
E_CARBON_TIER1__formal_goeke80__threeshift__e2-threeshift-200c-02__alns_e2_carbon__seed1,E_CARBON_TIER1,alns_e2_carbon,alns_e2_carbon,threeshift,e2-threeshift-200c-02,1,12,215,route_segment_removal+regret2_insert_repair,native_route_segment_removal+regret2_insert_repair,6173.4361315897095,,22.581968582991976
E_CARBON_TIER1__formal_goeke80__threeshift__e2-threeshift-200c-02__alns_e2_carbon__seed1,E_CARBON_TIER1,alns_e2_carbon,alns_e2_carbon,threeshift,e2-threeshift-200c-02,1,13,220,route_segment_removal+regret2_insert_repair,native_route_segment_removal+regret2_insert_repair,6143.348453460862,,22.620065540992073
E_CARBON_TIER1__formal_goeke80__threeshift__e2-threeshift-200c-02__alns_e2_carbon__seed1,E_CARBON_TIER1,alns_e2_carbon,alns_e2_carbon,threeshift,e2-threeshift-200c-02,1,14,224,route_segment_removal+regret2_insert_repair,native_route_segment_removal+regret2_insert_repair,6141.932894964756,,22.657161875002203
E_CARBON_TIER1__formal_goeke80__threeshift__e2-threeshift-200c-02__alns_e2_carbon__seed1,E_CARBON_TIER1,alns_e2_carbon,alns_e2_carbon,threeshift,e2-threeshift-200c-02,1,15,227,route_segment_removal+regret2_insert_repair,native_route_segment_removal+regret2_insert_repair,6140.390453614611,,22.68651241599582
E_CARBON_TIER1__formal_goeke80__threeshift__e2-threeshift-200c-02__alns_e2_carbon__seed1,E_CARBON_TIER1,alns_e2_carbon,alns_e2_carbon,threeshift,e2-threeshift-200c-02,1,16,239,route_segment_removal+regret2_insert_repair,native_route_segment_removal+regret2_insert_repair,6139.149873956251,,22.76998995798931
E_CARBON_TIER1__formal_goeke80__threeshift__e2-threeshift-200c-02__alns_e2_carbon__seed1,E_CARBON_TIER1,alns_e2_carbon,alns_e2_carbon,threeshift,e2-threeshift-200c-02,1,17,242,route_segment_removal+regret2_insert_repair,native_route_segment_removal+regret2_insert_repair,6132.8002561406265,,22.793842207989655
E_CARBON_TIER1__formal_goeke80__threeshift__e2-threeshift-200c-02__alns_e2_carbon__seed1,E_CARBON_TIER1,alns_e2_carbon,alns_e2_carbon,threeshift,e2-threeshift-200c-02,1,18,245,route_segment_removal+regret2_insert_repair,native_route_segment_removal+regret2_insert_repair,6125.959861021732,,22.823390165998717
E_CARBON_TIER1__formal_goeke80__threeshift__e2-threeshift-200c-02__alns_e2_carbon__seed1,E_CARBON_TIER1,alns_e2_carbon,alns_e2_carbon,threeshift,e2-threeshift-200c-02,1,19,248,route_segment_removal+regret2_insert_repair,native_route_segment_removal+regret2_insert_repair,6113.482876533579,,22.8481899999897
E_CARBON_TIER1__formal_goeke80__threeshift__e2-threeshift-200c-02__alns_e2_carbon__seed1,E_CARBON_TIER1,alns_e2_carbon,alns_e2_carbon,threeshift,e2-threeshift-200c-02,1,20,250,route_segment_removal+regret2_insert_repair,native_route_segment_removal+regret2_insert_repair,6109.385145618835,,22.867538790989784
E_CARBON_TIER1__formal_goeke80__threeshift__e2-threeshift-200c-02__alns_e2_carbon__seed1,E_CARBON_TIER1,alns_e2_carbon,alns_e2_carbon,threeshift,e2-threeshift-200c-02,1,21,257,route_segment_removal+regret2_insert_repair,native_route_segment_removal+regret2_insert_repair,6105.1209997505775,,22.910402166002314
E_CARBON_TIER1__formal_goeke80__threeshift__e2-threeshift-200c-02__alns_e2_carbon__seed1,E_CARBON_TIER1,alns_e2_carbon,alns_e2_carbon,threeshift,e2-threeshift-200c-02,1,22,262,route_segment_removal+regret2_insert_repair,native_route_segment_removal+regret2_insert_repair,6071.328727709844,,22.944079332999536
E_CARBON_TIER1__formal_goeke80__threeshift__e2-threeshift-200c-02__alns_e2_carbon__seed1,E_CARBON_TIER1,alns_e2_carbon,alns_e2_carbon,threeshift,e2-threeshift-200c-02,1,23,267,route_segment_removal+regret2_insert_repair,native_route_segment_removal+regret2_insert_repair,6062.228374828993,,22.98473670799285
E_CARBON_TIER1__formal_goeke80__threeshift__e2-threeshift-200c-02__alns_e2_carbon__seed1,E_CARBON_TIER1,alns_e2_carbon,alns_e2_carbon,threeshift,e2-threeshift-200c-02,1,24,270,route_segment_removal+regret2_insert_repair,native_route_segment_removal+regret2_insert_repair,6061.588414788734,,23.01183829100046
E_CARBON_TIER1__formal_goeke80__threeshift__e2-threeshift-200c-02__alns_e2_carbon__seed1,E_CARBON_TIER1,alns_e2_carbon,alns_e2_carbon,threeshift,e2-threeshift-200c-02,1,25,274,route_segment_removal+regret2_insert_repair,native_route_segment_removal+regret2_insert_repair,6061.1934220965795,,23.040794332991936
E_CARBON_TIER1__formal_goeke80__threeshift__e2-threeshift-200c-02__alns_e2_carbon__seed1,E_CARBON_TIER1,alns_e2_carbon,alns_e2_carbon,threeshift,e2-threeshift-200c-02,1,26,277,route_segment_removal+regret2_insert_repair,native_route_segment_removal+regret2_insert_repair,6050.707669928692,,23.072690749992034
E_CARBON_TIER1__formal_goeke80__threeshift__e2-threeshift-200c-02__alns_e2_carbon__seed1,E_CARBON_TIER1,alns_e2_carbon,alns_e2_carbon,threeshift,e2-threeshift-200c-02,1,27,278,route_segment_removal+regret2_insert_repair,native_route_segment_removal+regret2_insert_repair,5965.211029677868,,23.087490582998726
E_CARBON_TIER1__formal_goeke80__threeshift__e2-threeshift-200c-02__alns_e2_carbon__seed1,E_CARBON_TIER1,alns_e2_carbon,alns_e2_carbon,threeshift,e2-threeshift-200c-02,1,28,282,route_segment_removal+regret2_insert_repair,native_route_segment_removal+regret2_insert_repair,5964.089394669915,,23.118236875001458
E_CARBON_TIER1__formal_goeke80__threeshift__e2-threeshift-200c-02__alns_e2_carbon__seed1,E_CARBON_TIER1,alns_e2_carbon,alns_e2_carbon,threeshift,e2-threeshift-200c-02,1,29,285,route_segment_removal+regret2_insert_repair,native_route_segment_removal+regret2_insert_repair,5943.65502327875,,23.14392979099648
E_CARBON_TIER1__formal_goeke80__threeshift__e2-threeshift-200c-02__alns_e2_carbon__seed1,E_CARBON_TIER1,alns_e2_carbon,alns_e2_carbon,threeshift,e2-threeshift-200c-02,1,30,292,route_segment_removal+regret2_insert_repair,native_route_segment_removal+regret2_insert_repair,5916.27076258329,,23.192779499993776
E_CARBON_TIER1__formal_goeke80__threeshift__e2-threeshift-200c-02__alns_e2_carbon__seed1,E_CARBON_TIER1,alns_e2_carbon,alns_e2_carbon,threeshift,e2-threeshift-200c-02,1,31,294,route_segment_removal+regret2_insert_repair,native_route_segment_removal+regret2_insert_repair,5821.513262239629,,23.211413999990327
E_CARBON_TIER1__formal_goeke80__threeshift__e2-threeshift-200c-02__alns_e2_carbon__seed1,E_CARBON_TIER1,alns_e2_carbon,alns_e2_carbon,threeshift,e2-threeshift-200c-02,1,32,300,route_segment_removal+regret2_insert_repair,native_route_segment_removal+regret2_insert_repair,5752.516693578492,,23.254468165992876
E_CARBON_TIER1__formal_goeke80__threeshift__e2-threeshift-200c-02__alns_e2_carbon__seed1,E_CARBON_TIER1,alns_e2_carbon,alns_e2_carbon,threeshift,e2-threeshift-200c-02,1,33,306,route_segment_removal+regret2_insert_repair,native_route_segment_removal+regret2_insert_repair,5748.5689941401615,,23.293186957991566
E_CARBON_TIER1__formal_goeke80__threeshift__e2-threeshift-200c-02__alns_e2_carbon__seed1,E_CARBON_TIER1,alns_e2_carbon,alns_e2_carbon,threeshift,e2-threeshift-200c-02,1,34,316,route_segment_removal+regret2_insert_repair,native_route_segment_removal+regret2_insert_repair,5634.4060625440725,,23.351044290990103
E_CARBON_TIER1__formal_goeke80__threeshift__e2-threeshift-200c-02__alns_e2_carbon__seed1,E_CARBON_TIER1,alns_e2_carbon,alns_e2_carbon,threeshift,e2-threeshift-200c-02,1,35,317,route_segment_removal+regret2_insert_repair,native_route_segment_removal+regret2_insert_repair,5631.710880636015,,23.364332290992024
E_CARBON_TIER1__formal_goeke80__threeshift__e2-threeshift-200c-02__alns_e2_carbon__seed1,E_CARBON_TIER1,alns_e2_carbon,alns_e2_carbon,threeshift,e2-threeshift-200c-02,1,36,319,route_segment_removal+regret2_insert_repair,native_route_segment_removal+regret2_insert_repair,5629.503018270925,,23.384733165992657
E_CARBON_TIER1__formal_goeke80__threeshift__e2-threeshift-200c-02__alns_e2_carbon__seed1,E_CARBON_TIER1,alns_e2_carbon,alns_e2_carbon,threeshift,e2-threeshift-200c-02,1,37,328,route_segment_removal+regret2_insert_repair,native_route_segment_removal+regret2_insert_repair,5629.386953933436,,23.44627566599229
E_CARBON_TIER1__formal_goeke80__threeshift__e2-threeshift-200c-02__alns_e2_carbon__seed1,E_CARBON_TIER1,alns_e2_carbon,alns_e2_carbon,threeshift,e2-threeshift-200c-02,1,38,329,route_segment_removal+regret2_insert_repair,native_route_segment_removal+regret2_insert_repair,5629.314914147101,,23.46034566599701
E_CARBON_TIER1__formal_goeke80__threeshift__e2-threeshift-200c-02__alns_e2_carbon__seed1,E_CARBON_TIER1,alns_e2_carbon,alns_e2_carbon,threeshift,e2-threeshift-200c-02,1,39,332,route_segment_removal+regret2_insert_repair,native_route_segment_removal+regret2_insert_repair,5629.226525506162,,23.5114596659987
E_CARBON_TIER1__formal_goeke80__threeshift__e2-threeshift-200c-02__alns_e2_carbon__seed1,E_CARBON_TIER1,alns_e2_carbon,alns_e2_carbon,threeshift,e2-threeshift-200c-02,1,40,344,route_segment_removal+regret2_insert_repair,native_route_segment_removal+regret2_insert_repair,5612.0698814361995,,23.592293082998367
E_CARBON_TIER1__formal_goeke80__threeshift__e2-threeshift-200c-02__alns_e2_carbon__seed1,E_CARBON_TIER1,alns_e2_carbon,alns_e2_carbon,threeshift,e2-threeshift-200c-02,1,41,355,route_segment_removal+regret2_insert_repair,native_route_segment_removal+regret2_insert_repair,5605.231903712884,,23.663301624997985
E_CARBON_TIER1__formal_goeke80__threeshift__e2-threeshift-200c-02__alns_e2_carbon__seed1,E_CARBON_TIER1,alns_e2_carbon,alns_e2_carbon,threeshift,e2-threeshift-200c-02,1,42,362,route_segment_removal+regret2_insert_repair,native_route_segment_removal+regret2_insert_repair,5596.710188397692,,23.71063858299749
E_CARBON_TIER1__formal_goeke80__threeshift__e2-threeshift-200c-02__alns_e2_carbon__seed1,E_CARBON_TIER1,alns_e2_carbon,alns_e2_carbon,threeshift,e2-threeshift-200c-02,1,43,365,route_segment_removal+regret2_insert_repair,native_route_segment_removal+regret2_insert_repair,5595.652677919219,,23.737026749993674
E_CARBON_TIER1__formal_goeke80__threeshift__e2-threeshift-200c-02__alns_e2_carbon__seed1,E_CARBON_TIER1,alns_e2_carbon,alns_e2_carbon,threeshift,e2-threeshift-200c-02,1,44,369,route_segment_removal+regret2_insert_repair,native_route_segment_removal+regret2_insert_repair,5593.129828870725,,23.76837754099688
E_CARBON_TIER1__formal_goeke80__threeshift__e2-threeshift-200c-02__alns_e2_carbon__seed1,E_CARBON_TIER1,alns_e2_carbon,alns_e2_carbon,threeshift,e2-threeshift-200c-02,1,45,382,route_segment_removal+regret2_insert_repair,native_route_segment_removal+regret2_insert_repair,5587.646215642036,,23.857738665989018
E_CARBON_TIER1__formal_goeke80__threeshift__e2-threeshift-200c-02__alns_e2_carbon__seed1,E_CARBON_TIER1,alns_e2_carbon,alns_e2_carbon,threeshift,e2-threeshift-200c-02,1,46,389,route_segment_removal+regret2_insert_repair,native_route_segment_removal+regret2_insert_repair,5585.354889792422,,23.905033332994208
E_CARBON_TIER1__formal_goeke80__threeshift__e2-threeshift-200c-02__alns_e2_carbon__seed1,E_CARBON_TIER1,alns_e2_carbon,alns_e2_carbon,threeshift,e2-threeshift-200c-02,1,47,396,route_segment_removal+regret2_insert_repair,native_route_segment_removal+regret2_insert_repair,5559.258323936275,,23.95016537499032
E_CARBON_TIER1__formal_goeke80__threeshift__e2-threeshift-200c-02__alns_e2_carbon__seed1,E_CARBON_TIER1,alns_e2_carbon,alns_e2_carbon,threeshift,e2-threeshift-200c-02,1,48,407,route_segment_removal+regret2_insert_repair,native_route_segment_removal+regret2_insert_repair,5558.955666740726,,24.035377041000174
E_CARBON_TIER1__formal_goeke80__threeshift__e2-threeshift-200c-02__alns_e2_carbon__seed1,E_CARBON_TIER1,alns_e2_carbon,alns_e2_carbon,threeshift,e2-threeshift-200c-02,1,49,425,route_segment_removal+regret2_insert_repair,native_route_segment_removal+regret2_insert_repair,5551.256165946634,,24.164305957994657
E_CARBON_TIER1__formal_goeke80__threeshift__e2-threeshift-200c-02__alns_e2_carbon__seed1,E_CARBON_TIER1,alns_e2_carbon,alns_e2_carbon,threeshift,e2-threeshift-200c-02,1,50,437,route_segment_removal+regret2_insert_repair,native_route_segment_removal+regret2_insert_repair,5550.319429317432,,24.234571583001525
E_CARBON_TIER1__formal_goeke80__threeshift__e2-threeshift-200c-02__alns_e2_carbon__seed1,E_CARBON_TIER1,alns_e2_carbon,alns_e2_carbon,threeshift,e2-threeshift-200c-02,1,51,449,route_segment_removal+regret2_insert_repair,native_route_segment_removal+regret2_insert_repair,5524.763802592949,,24.317909749996033
E_CARBON_TIER1__formal_goeke80__threeshift__e2-threeshift-200c-02__alns_e2_carbon__seed1,E_CARBON_TIER1,alns_e2_carbon,alns_e2_carbon,threeshift,e2-threeshift-200c-02,1,52,461,route_segment_removal+regret2_insert_repair,native_route_segment_removal+regret2_insert_repair,5520.920488186053,,24.393711415992584
E_CARBON_TIER1__formal_goeke80__threeshift__e2-threeshift-200c-02__alns_e2_carbon__seed1,E_CARBON_TIER1,alns_e2_carbon,alns_e2_carbon,threeshift,e2-threeshift-200c-02,1,53,495,route_segment_removal+regret2_insert_repair,native_route_segment_removal+regret2_insert_repair,5520.91776632162,,24.635194832997513
E_CARBON_TIER1__formal_goeke80__threeshift__e2-threeshift-200c-02__alns_e2_carbon__seed1,E_CARBON_TIER1,alns_e2_carbon,alns_e2_carbon,threeshift,e2-threeshift-200c-02,1,54,522,route_segment_removal+regret2_insert_repair,native_route_segment_removal+regret2_insert_repair,5519.153319174073,,24.810317333001876
E_CARBON_TIER1__formal_goeke80__threeshift__e2-threeshift-200c-02__alns_e2_carbon__seed1,E_CARBON_TIER1,alns_e2_carbon,alns_e2_carbon,threeshift,e2-threeshift-200c-02,1,55,524,route_segment_removal+regret2_insert_repair,native_route_segment_removal+regret2_insert_repair,5519.104725974822,,24.82946162499138
E_CARBON_TIER1__formal_goeke80__threeshift__e2-threeshift-200c-02__alns_e2_carbon__seed1,E_CARBON_TIER1,alns_e2_carbon,alns_e2_carbon,threeshift,e2-threeshift-200c-02,1,56,529,route_segment_removal+regret2_insert_repair,native_route_segment_removal+regret2_insert_repair,5517.349717357959,,24.86249862499244
E_CARBON_TIER1__formal_goeke80__threeshift__e2-threeshift-200c-02__alns_e2_carbon__seed1,E_CARBON_TIER1,alns_e2_carbon,alns_e2_carbon,threeshift,e2-threeshift-200c-02,1,57,536,route_segment_removal+regret2_insert_repair,native_route_segment_removal+regret2_insert_repair,5515.6382870670195,,24.919051332995878
E_CARBON_TIER1__formal_goeke80__threeshift__e2-threeshift-200c-02__alns_e2_carbon__seed1,E_CARBON_TIER1,alns_e2_carbon,alns_e2_carbon,threeshift,e2-threeshift-200c-02,1,58,546,route_segment_removal+regret2_insert_repair,native_route_segment_removal+regret2_insert_repair,5514.447565322913,,24.99749233300099
E_CARBON_TIER1__formal_goeke80__threeshift__e2-threeshift-200c-02__alns_e2_carbon__seed1,E_CARBON_TIER1,alns_e2_carbon,alns_e2_carbon,threeshift,e2-threeshift-200c-02,1,59,557,route_segment_removal+regret2_insert_repair,native_route_segment_removal+regret2_insert_repair,5484.436141143368,,25.091591290998622
E_CARBON_TIER1__formal_goeke80__threeshift__e2-threeshift-200c-02__alns_e2_carbon__seed1,E_CARBON_TIER1,alns_e2_carbon,alns_e2_carbon,threeshift,e2-threeshift-200c-02,1,60,566,route_segment_removal+regret2_insert_repair,native_route_segment_removal+regret2_insert_repair,5472.291299738467,,25.154067499999655
E_CARBON_TIER1__formal_goeke80__threeshift__e2-threeshift-200c-02__alns_e2_carbon__seed1,E_CARBON_TIER1,alns_e2_carbon,alns_e2_carbon,threeshift,e2-threeshift-200c-02,1,61,588,route_segment_removal+regret2_insert_repair,native_route_segment_removal+regret2_insert_repair,5432.132996720163,,25.27748520798923
E_CARBON_TIER1__formal_goeke80__threeshift__e2-threeshift-200c-02__alns_e2_carbon__seed1,E_CARBON_TIER1,alns_e2_carbon,alns_e2_carbon,threeshift,e2-threeshift-200c-02,1,62,595,route_segment_removal+regret2_insert_repair,native_route_segment_removal+regret2_insert_repair,5431.737396120211,,25.32089616599842
E_CARBON_TIER1__formal_goeke80__threeshift__e2-threeshift-200c-02__alns_e2_carbon__seed1,E_CARBON_TIER1,alns_e2_carbon,alns_e2_carbon,threeshift,e2-threeshift-200c-02,1,63,607,route_segment_removal+regret2_insert_repair,native_route_segment_removal+regret2_insert_repair,5425.47763077094,,25.398726540995995
E_CARBON_TIER1__formal_goeke80__threeshift__e2-threeshift-200c-02__alns_e2_carbon__seed1,E_CARBON_TIER1,alns_e2_carbon,alns_e2_carbon,threeshift,e2-threeshift-200c-02,1,64,684,route_segment_removal+regret2_insert_repair,native_route_segment_removal+regret2_insert_repair,5423.260007849681,,25.821147915994516
E_CARBON_TIER1__formal_goeke80__threeshift__e2-threeshift-200c-02__alns_e2_carbon__seed1,E_CARBON_TIER1,alns_e2_carbon,alns_e2_carbon,threeshift,e2-threeshift-200c-02,1,65,705,route_segment_removal+regret2_insert_repair,native_route_segment_removal+regret2_insert_repair,5421.854315898454,,25.96581562499341
E_CARBON_TIER1__formal_goeke80__threeshift__e2-threeshift-200c-02__alns_e2_carbon__seed1,E_CARBON_TIER1,alns_e2_carbon,alns_e2_carbon,threeshift,e2-threeshift-200c-02,1,66,732,route_segment_removal+regret2_insert_repair,native_route_segment_removal+regret2_insert_repair,5416.371595177404,,26.131547790995683
E_CARBON_TIER1__formal_goeke80__threeshift__e2-threeshift-200c-02__alns_e2_carbon__seed1,E_CARBON_TIER1,alns_e2_carbon,alns_e2_carbon,threeshift,e2-threeshift-200c-02,1,67,737,route_segment_removal+regret2_insert_repair,native_route_segment_removal+regret2_insert_repair,5411.256785205566,,26.167762999990373
E_CARBON_TIER1__formal_goeke80__threeshift__e2-threeshift-200c-02__alns_e2_carbon__seed1,E_CARBON_TIER1,alns_e2_carbon,alns_e2_carbon,threeshift,e2-threeshift-200c-02,1,68,742,route_segment_removal+regret2_insert_repair,native_route_segment_removal+regret2_insert_repair,5411.162099261292,,26.204476457991404
E_CARBON_TIER1__formal_goeke80__threeshift__e2-threeshift-200c-02__alns_e2_carbon__seed1,E_CARBON_TIER1,alns_e2_carbon,alns_e2_carbon,threeshift,e2-threeshift-200c-02,1,69,775,route_segment_removal+regret2_insert_repair,native_route_segment_removal+regret2_insert_repair,5410.373439231246,,26.379559875000268
E_CARBON_TIER1__formal_goeke80__threeshift__e2-threeshift-200c-02__alns_e2_carbon__seed1,E_CARBON_TIER1,alns_e2_carbon,alns_e2_carbon,threeshift,e2-threeshift-200c-02,1,70,843,route_segment_removal+regret2_insert_repair,native_route_segment_removal+regret2_insert_repair,5402.304099294651,,26.746200291003333
E_CARBON_TIER1__formal_goeke80__threeshift__e2-threeshift-200c-02__alns_e2_carbon__seed1,E_CARBON_TIER1,alns_e2_carbon,alns_e2_carbon,threeshift,e2-threeshift-200c-02,1,71,869,route_segment_removal+regret2_insert_repair,native_route_segment_removal+regret2_insert_repair,5402.017920035113,,26.90519404099905
E_CARBON_TIER1__formal_goeke80__threeshift__e2-threeshift-200c-02__alns_e2_carbon__seed1,E_CARBON_TIER1,alns_e2_carbon,alns_e2_carbon,threeshift,e2-threeshift-200c-02,1,72,896,route_segment_removal+regret2_insert_repair,native_route_segment_removal+regret2_insert_repair,5401.402518433623,,27.06518758299353
E_CARBON_TIER1__formal_goeke80__threeshift__e2-threeshift-200c-02__alns_e2_carbon__seed1,E_CARBON_TIER1,alns_e2_carbon,alns_e2_carbon,threeshift,e2-threeshift-200c-02,1,73,897,route_segment_removal+regret2_insert_repair,native_route_segment_removal+regret2_insert_repair,5400.092710032647,,27.078280957997777
E_CARBON_TIER1__formal_goeke80__threeshift__e2-threeshift-200c-02__alns_e2_carbon__seed1,E_CARBON_TIER1,alns_e2_carbon,alns_e2_carbon,threeshift,e2-threeshift-200c-02,1,74,975,route_segment_removal+regret2_insert_repair,native_route_segment_removal+regret2_insert_repair,5392.456365917258,,27.481678249998367
E_CARBON_TIER1__formal_goeke80__threeshift__e2-threeshift-200c-02__alns_e2_carbon__seed1,E_CARBON_TIER1,alns_e2_carbon,alns_e2_carbon,threeshift,e2-threeshift-200c-02,1,75,1017,route_segment_removal+regret2_insert_repair,native_route_segment_removal+regret2_insert_repair,5386.6724598292085,,27.718602583001484
E_CARBON_TIER1__formal_goeke80__threeshift__e2-threeshift-200c-02__alns_e2_carbon__seed1,E_CARBON_TIER1,alns_e2_carbon,alns_e2_carbon,threeshift,e2-threeshift-200c-02,1,76,1022,route_segment_removal+regret2_insert_repair,native_route_segment_removal+regret2_insert_repair,5305.561530682123,,27.749162540989346
E_CARBON_TIER1__formal_goeke80__threeshift__e2-threeshift-200c-02__alns_e2_carbon__seed1,E_CARBON_TIER1,alns_e2_carbon,alns_e2_carbon,threeshift,e2-threeshift-200c-02,1,77,1067,route_segment_removal+regret2_insert_repair,native_route_segment_removal+regret2_insert_repair,5302.787542023237,,28.024932499989518
E_CARBON_TIER1__formal_goeke80__threeshift__e2-threeshift-200c-02__alns_e2_carbon__seed1,E_CARBON_TIER1,alns_e2_carbon,alns_e2_carbon,threeshift,e2-threeshift-200c-02,1,78,1070,route_segment_removal+regret2_insert_repair,native_route_segment_removal+regret2_insert_repair,5295.592003992236,,28.04794958299317
E_CARBON_TIER1__formal_goeke80__threeshift__e2-threeshift-200c-02__alns_e2_carbon__seed1,E_CARBON_TIER1,alns_e2_carbon,alns_e2_carbon,threeshift,e2-threeshift-200c-02,1,79,1109,route_segment_removal+regret2_insert_repair,native_route_segment_removal+regret2_insert_repair,5294.17810320293,,28.281878207999398
E_CARBON_TIER1__formal_goeke80__threeshift__e2-threeshift-200c-02__alns_e2_carbon__seed1,E_CARBON_TIER1,alns_e2_carbon,alns_e2_carbon,threeshift,e2-threeshift-200c-02,1,80,1173,route_segment_removal+regret2_insert_repair,native_route_segment_removal+regret2_insert_repair,5286.298199131815,,28.67157891599345
E_CARBON_TIER1__formal_goeke80__threeshift__e2-threeshift-200c-02__alns_e2_carbon__seed1,E_CARBON_TIER1,alns_e2_carbon,alns_e2_carbon,threeshift,e2-threeshift-200c-02,1,81,1174,route_segment_removal+regret2_insert_repair,native_route_segment_removal+regret2_insert_repair,5281.244646857536,,28.687199499996495
E_CARBON_TIER1__formal_goeke80__threeshift__e2-threeshift-200c-02__alns_e2_carbon__seed1,E_CARBON_TIER1,alns_e2_carbon,alns_e2_carbon,threeshift,e2-threeshift-200c-02,1,82,1218,route_segment_removal+regret2_insert_repair,native_route_segment_removal+regret2_insert_repair,5276.434907921003,,28.95633495799848
E_CARBON_TIER1__formal_goeke80__threeshift__e2-threeshift-200c-02__alns_e2_carbon__seed1,E_CARBON_TIER1,alns_e2_carbon,alns_e2_carbon,threeshift,e2-threeshift-200c-02,1,83,1228,route_segment_removal+regret2_insert_repair,native_route_segment_removal+regret2_insert_repair,5273.61497476139,,29.018861290998757
E_CARBON_TIER1__formal_goeke80__threeshift__e2-threeshift-200c-02__alns_e2_carbon__seed1,E_CARBON_TIER1,alns_e2_carbon,alns_e2_carbon,threeshift,e2-threeshift-200c-02,1,84,1240,route_segment_removal+regret2_insert_repair,native_route_segment_removal+regret2_insert_repair,5273.444209776146,,29.10461579100229
E_CARBON_TIER1__formal_goeke80__threeshift__e2-threeshift-200c-02__alns_e2_carbon__seed1,E_CARBON_TIER1,alns_e2_carbon,alns_e2_carbon,threeshift,e2-threeshift-200c-02,1,85,1251,route_segment_removal+regret2_insert_repair,native_route_segment_removal+regret2_insert_repair,5268.70178618656,,29.171443707993603
E_CARBON_TIER1__formal_goeke80__threeshift__e2-threeshift-200c-02__alns_e2_carbon__seed1,E_CARBON_TIER1,alns_e2_carbon,alns_e2_carbon,threeshift,e2-threeshift-200c-02,1,86,1261,route_segment_removal+regret2_insert_repair,native_route_segment_removal+regret2_insert_repair,5266.428055795515,,29.232293082997785
E_CARBON_TIER1__formal_goeke80__threeshift__e2-threeshift-200c-02__alns_e2_carbon__seed1,E_CARBON_TIER1,alns_e2_carbon,alns_e2_carbon,threeshift,e2-threeshift-200c-02,1,87,1264,route_segment_removal+regret2_insert_repair,native_route_segment_removal+regret2_insert_repair,5265.893321770758,,29.25673112500226
E_CARBON_TIER1__formal_goeke80__threeshift__e2-threeshift-200c-02__alns_e2_carbon__seed1,E_CARBON_TIER1,alns_e2_carbon,alns_e2_carbon,threeshift,e2-threeshift-200c-02,1,88,1265,route_segment_removal+regret2_insert_repair,native_route_segment_removal+regret2_insert_repair,5261.340653201066,,29.272628790989984
E_CARBON_TIER1__formal_goeke80__threeshift__e2-threeshift-200c-02__alns_e2_carbon__seed1,E_CARBON_TIER1,alns_e2_carbon,alns_e2_carbon,threeshift,e2-threeshift-200c-02,1,89,1271,route_segment_removal+regret2_insert_repair,native_route_segment_removal+regret2_insert_repair,5259.4340765792,,29.313931750002666
E_CARBON_TIER1__formal_goeke80__threeshift__e2-threeshift-200c-02__alns_e2_carbon__seed1,E_CARBON_TIER1,alns_e2_carbon,alns_e2_carbon,threeshift,e2-threeshift-200c-02,1,90,1274,route_segment_removal+regret2_insert_repair,native_route_segment_removal+regret2_insert_repair,5256.890357106895,,29.337560540996492
E_CARBON_TIER1__formal_goeke80__threeshift__e2-threeshift-200c-02__alns_e2_carbon__seed1,E_CARBON_TIER1,alns_e2_carbon,alns_e2_carbon,threeshift,e2-threeshift-200c-02,1,91,1324,route_segment_removal+regret2_insert_repair,native_route_segment_removal+regret2_insert_repair,5252.290836652871,,29.656573915999616
E_CARBON_TIER1__formal_goeke80__threeshift__e2-threeshift-200c-02__alns_e2_carbon__seed1,E_CARBON_TIER1,alns_e2_carbon,alns_e2_carbon,threeshift,e2-threeshift-200c-02,1,92,1407,route_segment_removal+regret2_insert_repair,native_route_segment_removal+regret2_insert_repair,5251.377606487886,,30.1153403329954
E_CARBON_TIER1__formal_goeke80__threeshift__e2-threeshift-200c-02__alns_e2_carbon__seed1,E_CARBON_TIER1,alns_e2_carbon,alns_e2_carbon,threeshift,e2-threeshift-200c-02,1,93,1486,route_segment_removal+regret2_insert_repair,native_route_segment_removal+regret2_insert_repair,5249.8024459287335,,30.522831458001747
E_CARBON_TIER1__formal_goeke80__threeshift__e2-threeshift-200c-02__alns_e2_carbon__seed1,E_CARBON_TIER1,alns_e2_carbon,alns_e2_carbon,threeshift,e2-threeshift-200c-02,1,94,1506,route_segment_removal+regret2_insert_repair,native_route_segment_removal+regret2_insert_repair,5228.210826200856,,30.624807000000146
E_CARBON_TIER1__formal_goeke80__threeshift__e2-threeshift-200c-02__alns_e2_carbon__seed1,E_CARBON_TIER1,alns_e2_carbon,alns_e2_carbon,threeshift,e2-threeshift-200c-02,1,95,1587,route_segment_removal+regret2_insert_repair,native_route_segment_removal+regret2_insert_repair,5222.706743067731,,31.035976290993858
E_CARBON_TIER1__formal_goeke80__threeshift__e2-threeshift-200c-02__alns_e2_carbon__seed1,E_CARBON_TIER1,alns_e2_carbon,alns_e2_carbon,threeshift,e2-threeshift-200c-02,1,96,1676,vehicle_type_swap+greedy_insert_repair,native_vehicle_type_swap+greedy_insert_repair,5193.5930261641015,,31.548782957994263
E_CARBON_TIER1__formal_goeke80__threeshift__e2-threeshift-200c-02__alns_e2_carbon__seed1,E_CARBON_TIER1,alns_e2_carbon,alns_e2_carbon,threeshift,e2-threeshift-200c-02,1,97,1677,vehicle_type_swap+greedy_insert_repair,native_vehicle_type_swap+greedy_insert_repair,5180.436856928645,,31.57588570799271
E_CARBON_TIER1__formal_goeke80__threeshift__e2-threeshift-200c-02__alns_e2_carbon__seed1,E_CARBON_TIER1,alns_e2_carbon,alns_e2_carbon,threeshift,e2-threeshift-200c-02,1,98,1678,vehicle_type_swap+greedy_insert_repair,native_vehicle_type_swap+greedy_insert_repair,5164.108196097884,,31.6016366249969
E_CARBON_TIER1__formal_goeke80__threeshift__e2-threeshift-200c-02__alns_e2_carbon__seed1,E_CARBON_TIER1,alns_e2_carbon,alns_e2_carbon,threeshift,e2-threeshift-200c-02,1,99,1679,vehicle_type_swap+greedy_insert_repair,native_vehicle_type_swap+greedy_insert_repair,5144.440194609911,,31.628951582999434
E_CARBON_TIER1__formal_goeke80__threeshift__e2-threeshift-200c-02__alns_e2_carbon__seed1,E_CARBON_TIER1,alns_e2_carbon,alns_e2_carbon,threeshift,e2-threeshift-200c-02,1,100,1680,vehicle_type_swap+greedy_insert_repair,native_vehicle_type_swap+greedy_insert_repair,5134.401876533404,,31.65832883300027
E_CARBON_TIER1__formal_goeke80__threeshift__e2-threeshift-200c-02__alns_e2_carbon__seed1,E_CARBON_TIER1,alns_e2_carbon,alns_e2_carbon,threeshift,e2-threeshift-200c-02,1,101,1681,vehicle_type_swap+greedy_insert_repair,native_vehicle_type_swap+greedy_insert_repair,5119.929102056855,,31.68527124999673
E_CARBON_TIER1__formal_goeke80__threeshift__e2-threeshift-200c-02__alns_e2_carbon__seed1,E_CARBON_TIER1,alns_e2_carbon,alns_e2_carbon,threeshift,e2-threeshift-200c-02,1,102,1682,vehicle_type_swap+greedy_insert_repair,native_vehicle_type_swap+greedy_insert_repair,5108.856988929179,,31.71209299999464
E_CARBON_TIER1__formal_goeke80__threeshift__e2-threeshift-200c-02__alns_e2_carbon__seed1,E_CARBON_TIER1,alns_e2_carbon,alns_e2_carbon,threeshift,e2-threeshift-200c-02,1,103,1684,vehicle_type_swap+greedy_insert_repair,native_vehicle_type_swap+greedy_insert_repair,5101.084518898547,,31.75962399999844
E_CARBON_TIER1__formal_goeke80__threeshift__e2-threeshift-200c-02__alns_e2_carbon__seed1,E_CARBON_TIER1,alns_e2_carbon,alns_e2_carbon,threeshift,e2-threeshift-200c-02,1,104,1685,vehicle_type_swap+greedy_insert_repair,native_vehicle_type_swap+greedy_insert_repair,5095.4834985475645,,31.79066362499725
E_CARBON_TIER1__formal_goeke80__threeshift__e2-threeshift-200c-02__alns_e2_carbon__seed1,E_CARBON_TIER1,alns_e2_carbon,alns_e2_carbon,threeshift,e2-threeshift-200c-02,1,105,1686,vehicle_type_swap+greedy_insert_repair,native_vehicle_type_swap+greedy_insert_repair,5091.033917623193,,31.822197290995973
E_CARBON_TIER1__formal_goeke80__threeshift__e2-threeshift-200c-02__alns_e2_carbon__seed1,E_CARBON_TIER1,alns_e2_carbon,alns_e2_carbon,threeshift,e2-threeshift-200c-02,1,106,1846,route_segment_removal+regret2_insert_repair,native_route_segment_removal+regret2_insert_repair,5058.088339252836,,38.123941540994565
E_CARBON_TIER1__formal_goeke80__threeshift__e2-threeshift-200c-02__alns_e2_carbon__seed1,E_CARBON_TIER1,alns_e2_carbon,alns_e2_carbon,threeshift,e2-threeshift-200c-02,1,107,1874,route_segment_removal+regret2_insert_repair,native_route_segment_removal+regret2_insert_repair,5057.791272902045,,38.29722441599006
E_CARBON_TIER1__formal_goeke80__threeshift__e2-threeshift-200c-02__alns_e2_carbon__seed1,E_CARBON_TIER1,alns_e2_carbon,alns_e2_carbon,threeshift,e2-threeshift-200c-02,1,108,1876,route_segment_removal+regret2_insert_repair,native_route_segment_removal+regret2_insert_repair,5057.632443945129,,38.318005332999746
E_CARBON_TIER1__formal_goeke80__threeshift__e2-threeshift-200c-02__alns_e2_carbon__seed1,E_CARBON_TIER1,alns_e2_carbon,alns_e2_carbon,threeshift,e2-threeshift-200c-02,1,109,1879,route_segment_removal+regret2_insert_repair,native_route_segment_removal+regret2_insert_repair,5047.460268656893,,38.342733083001804
E_CARBON_TIER1__formal_goeke80__threeshift__e2-threeshift-200c-02__alns_e2_carbon__seed1,E_CARBON_TIER1,alns_e2_carbon,alns_e2_carbon,threeshift,e2-threeshift-200c-02,1,110,1884,route_segment_removal+regret2_insert_repair,native_route_segment_removal+regret2_insert_repair,5047.433589720232,,38.37701850000303
E_CARBON_TIER1__formal_goeke80__threeshift__e2-threeshift-200c-02__alns_e2_carbon__seed1,E_CARBON_TIER1,alns_e2_carbon,alns_e2_carbon,threeshift,e2-threeshift-200c-02,1,111,1900,route_segment_removal+regret2_insert_repair,native_route_segment_removal+regret2_insert_repair,5046.837615705922,,38.49008116598998
E_CARBON_TIER1__formal_goeke80__threeshift__e2-threeshift-200c-02__alns_e2_carbon__seed1,E_CARBON_TIER1,alns_e2_carbon,alns_e2_carbon,threeshift,e2-threeshift-200c-02,1,112,2007,route_segment_removal+regret2_insert_repair,native_route_segment_removal+regret2_insert_repair,5046.576182008351,,39.163206582990824
E_CARBON_TIER1__formal_goeke80__threeshift__e2-threeshift-200c-02__alns_e2_carbon__seed1,E_CARBON_TIER1,alns_e2_carbon,alns_e2_carbon,threeshift,e2-threeshift-200c-02,1,113,2073,route_segment_removal+regret2_insert_repair,native_route_segment_removal+regret2_insert_repair,5046.307888560717,,39.56192966600065
E_CARBON_TIER1__formal_goeke80__threeshift__e2-threeshift-200c-02__alns_e2_carbon__seed1,E_CARBON_TIER1,alns_e2_carbon,alns_e2_carbon,threeshift,e2-threeshift-200c-02,1,114,2088,route_segment_removal+regret2_insert_repair,native_route_segment_removal+regret2_insert_repair,5019.0549307606725,,39.68652516599104
E_CARBON_TIER1__formal_goeke80__threeshift__e2-threeshift-200c-02__alns_e2_carbon__seed1,E_CARBON_TIER1,alns_e2_carbon,alns_e2_carbon,threeshift,e2-threeshift-200c-02,1,115,2115,route_segment_removal+regret2_insert_repair,native_route_segment_removal+regret2_insert_repair,5010.762231526678,,39.83966904100089
E_CARBON_TIER1__formal_goeke80__threeshift__e2-threeshift-200c-02__alns_e2_carbon__seed1,E_CARBON_TIER1,alns_e2_carbon,alns_e2_carbon,threeshift,e2-threeshift-200c-02,1,116,2165,route_segment_removal+regret2_insert_repair,native_route_segment_removal+regret2_insert_repair,5009.399817699515,,40.1579977079964
E_CARBON_TIER1__formal_goeke80__threeshift__e2-threeshift-200c-02__alns_e2_carbon__seed1,E_CARBON_TIER1,alns_e2_carbon,alns_e2_carbon,threeshift,e2-threeshift-200c-02,1,117,2167,route_segment_removal+regret2_insert_repair,native_route_segment_removal+regret2_insert_repair,5005.34724095581,,40.17642958299257
E_CARBON_TIER1__formal_goeke80__threeshift__e2-threeshift-200c-02__alns_e2_carbon__seed1,E_CARBON_TIER1,alns_e2_carbon,alns_e2_carbon,threeshift,e2-threeshift-200c-02,1,118,2176,route_segment_removal+regret2_insert_repair,native_route_segment_removal+regret2_insert_repair,4999.397091827219,,40.23392595798941
E_CARBON_TIER1__formal_goeke80__threeshift__e2-threeshift-200c-02__alns_e2_carbon__seed1,E_CARBON_TIER1,alns_e2_carbon,alns_e2_carbon,threeshift,e2-threeshift-200c-02,1,119,2257,vehicle_type_swap+greedy_insert_repair,native_vehicle_type_swap+greedy_insert_repair,4980.1584397152965,,40.74145108299854
E_CARBON_TIER1__formal_goeke80__threeshift__e2-threeshift-200c-02__alns_e2_carbon__seed1,E_CARBON_TIER1,alns_e2_carbon,alns_e2_carbon,threeshift,e2-threeshift-200c-02,1,120,15454,carbon_related_removal+low_carbon_charging_repair,native_carbon_related_removal+low_carbon_charging_repair,4976.038182675772,,122.75231158299721
E_CARBON_TIER1__formal_goeke80__threeshift__e2-threeshift-200c-02__alns_e2_carbon__seed2,E_CARBON_TIER1,alns_e2_carbon,alns_e2_carbon,threeshift,e2-threeshift-200c-02,2,0,0,shared_warm_start,shared_warm_start,6367.435478271547,,0.0005472499906318262
E_CARBON_TIER1__formal_goeke80__threeshift__e2-threeshift-200c-02__alns_e2_carbon__seed2,E_CARBON_TIER1,alns_e2_carbon,alns_e2_carbon,threeshift,e2-threeshift-200c-02,2,1,9,random_customer_removal+regret3_insert_repair,native_random_customer_removal+regret3_insert_repair,5995.484725525713,,2.7098803339904407
E_CARBON_TIER1__formal_goeke80__threeshift__e2-threeshift-200c-02__alns_e2_carbon__seed2,E_CARBON_TIER1,alns_e2_carbon,alns_e2_carbon,threeshift,e2-threeshift-200c-02,2,2,11,random_customer_removal+regret3_insert_repair,native_random_customer_removal+regret3_insert_repair,5955.700197082092,,3.501708875002805
E_CARBON_TIER1__formal_goeke80__threeshift__e2-threeshift-200c-02__alns_e2_carbon__seed2,E_CARBON_TIER1,alns_e2_carbon,alns_e2_carbon,threeshift,e2-threeshift-200c-02,2,3,12,random_customer_removal+regret3_insert_repair,native_random_customer_removal+regret3_insert_repair,5951.602501793425,,3.743497874995228
E_CARBON_TIER1__formal_goeke80__threeshift__e2-threeshift-200c-02__alns_e2_carbon__seed2,E_CARBON_TIER1,alns_e2_carbon,alns_e2_carbon,threeshift,e2-threeshift-200c-02,2,4,13,random_customer_removal+regret3_insert_repair,native_random_customer_removal+regret3_insert_repair,5918.062686659573,,3.8295726670039585
E_CARBON_TIER1__formal_goeke80__threeshift__e2-threeshift-200c-02__alns_e2_carbon__seed2,E_CARBON_TIER1,alns_e2_carbon,alns_e2_carbon,threeshift,e2-threeshift-200c-02,2,5,14,random_customer_removal+regret3_insert_repair,native_random_customer_removal+regret3_insert_repair,5823.392756079559,,4.160004999997909
E_CARBON_TIER1__formal_goeke80__threeshift__e2-threeshift-200c-02__alns_e2_carbon__seed2,E_CARBON_TIER1,alns_e2_carbon,alns_e2_carbon,threeshift,e2-threeshift-200c-02,2,6,15,random_customer_removal+regret3_insert_repair,native_random_customer_removal+regret3_insert_repair,5773.755058609882,,4.224540499999421
E_CARBON_TIER1__formal_goeke80__threeshift__e2-threeshift-200c-02__alns_e2_carbon__seed2,E_CARBON_TIER1,alns_e2_carbon,alns_e2_carbon,threeshift,e2-threeshift-200c-02,2,7,16,random_customer_removal+regret3_insert_repair,native_random_customer_removal+regret3_insert_repair,5765.6911963039365,,4.344994708997547
E_CARBON_TIER1__formal_goeke80__threeshift__e2-threeshift-200c-02__alns_e2_carbon__seed2,E_CARBON_TIER1,alns_e2_carbon,alns_e2_carbon,threeshift,e2-threeshift-200c-02,2,8,18,random_customer_removal+regret3_insert_repair,native_random_customer_removal+regret3_insert_repair,5709.614192217561,,4.9428256249957485
E_CARBON_TIER1__formal_goeke80__threeshift__e2-threeshift-200c-02__alns_e2_carbon__seed2,E_CARBON_TIER1,alns_e2_carbon,alns_e2_carbon,threeshift,e2-threeshift-200c-02,2,9,21,random_customer_removal+regret3_insert_repair,native_random_customer_removal+regret3_insert_repair,5703.342723379073,,5.6831256250006845
E_CARBON_TIER1__formal_goeke80__threeshift__e2-threeshift-200c-02__alns_e2_carbon__seed2,E_CARBON_TIER1,alns_e2_carbon,alns_e2_carbon,threeshift,e2-threeshift-200c-02,2,10,22,random_customer_removal+regret3_insert_repair,native_random_customer_removal+regret3_insert_repair,5640.234316450308,,5.980544916994404
E_CARBON_TIER1__formal_goeke80__threeshift__e2-threeshift-200c-02__alns_e2_carbon__seed2,E_CARBON_TIER1,alns_e2_carbon,alns_e2_carbon,threeshift,e2-threeshift-200c-02,2,11,23,random_customer_removal+regret3_insert_repair,native_random_customer_removal+regret3_insert_repair,5637.084342087982,,6.115534124997794
E_CARBON_TIER1__formal_goeke80__threeshift__e2-threeshift-200c-02__alns_e2_carbon__seed2,E_CARBON_TIER1,alns_e2_carbon,alns_e2_carbon,threeshift,e2-threeshift-200c-02,2,12,24,random_customer_removal+regret3_insert_repair,native_random_customer_removal+regret3_insert_repair,5607.845511410894,,6.402454374998342
E_CARBON_TIER1__formal_goeke80__threeshift__e2-threeshift-200c-02__alns_e2_carbon__seed2,E_CARBON_TIER1,alns_e2_carbon,alns_e2_carbon,threeshift,e2-threeshift-200c-02,2,13,25,random_customer_removal+regret3_insert_repair,native_random_customer_removal+regret3_insert_repair,5597.753302817454,,6.521067041991046
E_CARBON_TIER1__formal_goeke80__threeshift__e2-threeshift-200c-02__alns_e2_carbon__seed2,E_CARBON_TIER1,alns_e2_carbon,alns_e2_carbon,threeshift,e2-threeshift-200c-02,2,14,29,random_customer_removal+regret3_insert_repair,native_random_customer_removal+regret3_insert_repair,5559.839278715523,,7.138408667000476
E_CARBON_TIER1__formal_goeke80__threeshift__e2-threeshift-200c-02__alns_e2_carbon__seed2,E_CARBON_TIER1,alns_e2_carbon,alns_e2_carbon,threeshift,e2-threeshift-200c-02,2,15,32,random_customer_removal+regret3_insert_repair,native_random_customer_removal+regret3_insert_repair,5502.148426600946,,8.264802709003561
E_CARBON_TIER1__formal_goeke80__threeshift__e2-threeshift-200c-02__alns_e2_carbon__seed2,E_CARBON_TIER1,alns_e2_carbon,alns_e2_carbon,threeshift,e2-threeshift-200c-02,2,16,33,random_customer_removal+regret3_insert_repair,native_random_customer_removal+regret3_insert_repair,5496.982326147215,,8.333539874991402
E_CARBON_TIER1__formal_goeke80__threeshift__e2-threeshift-200c-02__alns_e2_carbon__seed2,E_CARBON_TIER1,alns_e2_carbon,alns_e2_carbon,threeshift,e2-threeshift-200c-02,2,17,34,random_customer_removal+regret3_insert_repair,native_random_customer_removal+regret3_insert_repair,5438.736498277337,,8.989328708994435
E_CARBON_TIER1__formal_goeke80__threeshift__e2-threeshift-200c-02__alns_e2_carbon__seed2,E_CARBON_TIER1,alns_e2_carbon,alns_e2_carbon,threeshift,e2-threeshift-200c-02,2,18,36,random_customer_removal+regret3_insert_repair,native_random_customer_removal+regret3_insert_repair,5320.175850574252,,9.913411499990616
E_CARBON_TIER1__formal_goeke80__threeshift__e2-threeshift-200c-02__alns_e2_carbon__seed2,E_CARBON_TIER1,alns_e2_carbon,alns_e2_carbon,threeshift,e2-threeshift-200c-02,2,19,38,random_customer_removal+regret3_insert_repair,native_random_customer_removal+regret3_insert_repair,5319.6620200139805,,10.299138583999593
E_CARBON_TIER1__formal_goeke80__threeshift__e2-threeshift-200c-02__alns_e2_carbon__seed2,E_CARBON_TIER1,alns_e2_carbon,alns_e2_carbon,threeshift,e2-threeshift-200c-02,2,20,43,random_customer_removal+regret3_insert_repair,native_random_customer_removal+regret3_insert_repair,5255.936217139701,,12.282956084003672
E_CARBON_TIER1__formal_goeke80__threeshift__e2-threeshift-200c-02__alns_e2_carbon__seed2,E_CARBON_TIER1,alns_e2_carbon,alns_e2_carbon,threeshift,e2-threeshift-200c-02,2,21,45,random_customer_removal+regret3_insert_repair,native_random_customer_removal+regret3_insert_repair,5253.136089209667,,12.80125291699369
E_CARBON_TIER1__formal_goeke80__threeshift__e2-threeshift-200c-02__alns_e2_carbon__seed2,E_CARBON_TIER1,alns_e2_carbon,alns_e2_carbon,threeshift,e2-threeshift-200c-02,2,22,46,random_customer_removal+regret3_insert_repair,native_random_customer_removal+regret3_insert_repair,5174.938140480985,,13.164309959000093
E_CARBON_TIER1__formal_goeke80__threeshift__e2-threeshift-200c-02__alns_e2_carbon__seed2,E_CARBON_TIER1,alns_e2_carbon,alns_e2_carbon,threeshift,e2-threeshift-200c-02,2,23,49,random_customer_removal+regret3_insert_repair,native_random_customer_removal+regret3_insert_repair,5137.393752041027,,14.199194375003572
E_CARBON_TIER1__formal_goeke80__threeshift__e2-threeshift-200c-02__alns_e2_carbon__seed2,E_CARBON_TIER1,alns_e2_carbon,alns_e2_carbon,threeshift,e2-threeshift-200c-02,2,24,50,random_customer_removal+regret3_insert_repair,native_random_customer_removal+regret3_insert_repair,5122.787076246508,,14.407803875001264
E_CARBON_TIER1__formal_goeke80__threeshift__e2-threeshift-200c-02__alns_e2_carbon__seed2,E_CARBON_TIER1,alns_e2_carbon,alns_e2_carbon,threeshift,e2-threeshift-200c-02,2,25,51,random_customer_removal+regret3_insert_repair,native_random_customer_removal+regret3_insert_repair,5113.523706758716,,14.762136624995037
E_CARBON_TIER1__formal_goeke80__threeshift__e2-threeshift-200c-02__alns_e2_carbon__seed2,E_CARBON_TIER1,alns_e2_carbon,alns_e2_carbon,threeshift,e2-threeshift-200c-02,2,26,56,random_customer_removal+regret3_insert_repair,native_random_customer_removal+regret3_insert_repair,5093.779444734076,,17.057962499995483
E_CARBON_TIER1__formal_goeke80__threeshift__e2-threeshift-200c-02__alns_e2_carbon__seed2,E_CARBON_TIER1,alns_e2_carbon,alns_e2_carbon,threeshift,e2-threeshift-200c-02,2,27,60,random_customer_removal+regret3_insert_repair,native_random_customer_removal+regret3_insert_repair,5070.599152928762,,17.791858791999402
E_CARBON_TIER1__formal_goeke80__threeshift__e2-threeshift-200c-02__alns_e2_carbon__seed2,E_CARBON_TIER1,alns_e2_carbon,alns_e2_carbon,threeshift,e2-threeshift-200c-02,2,28,63,random_customer_removal+regret3_insert_repair,native_random_customer_removal+regret3_insert_repair,4986.313634453557,,18.859418958993047
E_CARBON_TIER1__formal_goeke80__threeshift__e2-threeshift-200c-02__alns_e2_carbon__seed2,E_CARBON_TIER1,alns_e2_carbon,alns_e2_carbon,threeshift,e2-threeshift-200c-02,2,29,65,random_customer_removal+regret3_insert_repair,native_random_customer_removal+regret3_insert_repair,4973.952932501662,,19.318983167002443
E_CARBON_TIER1__formal_goeke80__threeshift__e2-threeshift-200c-02__alns_e2_carbon__seed2,E_CARBON_TIER1,alns_e2_carbon,alns_e2_carbon,threeshift,e2-threeshift-200c-02,2,30,75,random_customer_removal+regret3_insert_repair,native_random_customer_removal+regret3_insert_repair,4953.515564231546,,22.42429749999428
E_CARBON_TIER1__formal_goeke80__threeshift__e2-threeshift-200c-02__alns_e2_carbon__seed2,E_CARBON_TIER1,alns_e2_carbon,alns_e2_carbon,threeshift,e2-threeshift-200c-02,2,31,80,random_customer_removal+regret3_insert_repair,native_random_customer_removal+regret3_insert_repair,4927.160282951593,,24.277612709003733
E_CARBON_TIER1__formal_goeke80__threeshift__e2-threeshift-200c-02__alns_e2_carbon__seed2,E_CARBON_TIER1,alns_e2_carbon,alns_e2_carbon,threeshift,e2-threeshift-200c-02,2,32,83,random_customer_removal+regret3_insert_repair,native_random_customer_removal+regret3_insert_repair,4924.985679249952,,24.806149041993194
E_CARBON_TIER1__formal_goeke80__threeshift__e2-threeshift-200c-02__alns_e2_carbon__seed2,E_CARBON_TIER1,alns_e2_carbon,alns_e2_carbon,threeshift,e2-threeshift-200c-02,2,33,84,random_customer_removal+regret3_insert_repair,native_random_customer_removal+regret3_insert_repair,4912.28227472523,,25.01218233400141
E_CARBON_TIER1__formal_goeke80__threeshift__e2-threeshift-200c-02__alns_e2_carbon__seed2,E_CARBON_TIER1,alns_e2_carbon,alns_e2_carbon,threeshift,e2-threeshift-200c-02,2,34,85,random_customer_removal+regret3_insert_repair,native_random_customer_removal+regret3_insert_repair,4898.37757300777,,25.17845037499501
E_CARBON_TIER1__formal_goeke80__threeshift__e2-threeshift-200c-02__alns_e2_carbon__seed2,E_CARBON_TIER1,alns_e2_carbon,alns_e2_carbon,threeshift,e2-threeshift-200c-02,2,35,94,random_customer_removal+regret3_insert_repair,native_random_customer_removal+regret3_insert_repair,4891.413053170376,,27.666195083991624
E_CARBON_TIER1__formal_goeke80__threeshift__e2-threeshift-200c-02__alns_e2_carbon__seed2,E_CARBON_TIER1,alns_e2_carbon,alns_e2_carbon,threeshift,e2-threeshift-200c-02,2,36,95,random_customer_removal+regret3_insert_repair,native_random_customer_removal+regret3_insert_repair,4872.063774305232,,27.991138249999494
E_CARBON_TIER1__formal_goeke80__threeshift__e2-threeshift-200c-02__alns_e2_carbon__seed2,E_CARBON_TIER1,alns_e2_carbon,alns_e2_carbon,threeshift,e2-threeshift-200c-02,2,37,102,random_customer_removal+regret3_insert_repair,native_random_customer_removal+regret3_insert_repair,4858.14541091977,,30.49610054200457
E_CARBON_TIER1__formal_goeke80__threeshift__e2-threeshift-200c-02__alns_e2_carbon__seed2,E_CARBON_TIER1,alns_e2_carbon,alns_e2_carbon,threeshift,e2-threeshift-200c-02,2,38,104,random_customer_removal+regret3_insert_repair,native_random_customer_removal+regret3_insert_repair,4790.733214898963,,30.92354470900318
E_CARBON_TIER1__formal_goeke80__threeshift__e2-threeshift-200c-02__alns_e2_carbon__seed2,E_CARBON_TIER1,alns_e2_carbon,alns_e2_carbon,threeshift,e2-threeshift-200c-02,2,39,106,random_customer_removal+regret3_insert_repair,native_random_customer_removal+regret3_insert_repair,4753.949529166925,,31.650535916996887
E_CARBON_TIER1__formal_goeke80__threeshift__e2-threeshift-200c-02__alns_e2_carbon__seed2,E_CARBON_TIER1,alns_e2_carbon,alns_e2_carbon,threeshift,e2-threeshift-200c-02,2,40,107,random_customer_removal+regret3_insert_repair,native_random_customer_removal+regret3_insert_repair,4717.368119753034,,31.81881779199466
E_CARBON_TIER1__formal_goeke80__threeshift__e2-threeshift-200c-02__alns_e2_carbon__seed2,E_CARBON_TIER1,alns_e2_carbon,alns_e2_carbon,threeshift,e2-threeshift-200c-02,2,41,108,random_customer_removal+regret3_insert_repair,native_random_customer_removal+regret3_insert_repair,4713.722634996564,,32.04024295900308
E_CARBON_TIER1__formal_goeke80__threeshift__e2-threeshift-200c-02__alns_e2_carbon__seed2,E_CARBON_TIER1,alns_e2_carbon,alns_e2_carbon,threeshift,e2-threeshift-200c-02,2,42,110,random_customer_removal+regret3_insert_repair,native_random_customer_removal+regret3_insert_repair,4642.953390802438,,32.81107762499596
E_CARBON_TIER1__formal_goeke80__threeshift__e2-threeshift-200c-02__alns_e2_carbon__seed2,E_CARBON_TIER1,alns_e2_carbon,alns_e2_carbon,threeshift,e2-threeshift-200c-02,2,43,116,random_customer_removal+regret3_insert_repair,native_random_customer_removal+regret3_insert_repair,4641.343611933466,,34.11586679199536
E_CARBON_TIER1__formal_goeke80__threeshift__e2-threeshift-200c-02__alns_e2_carbon__seed2,E_CARBON_TIER1,alns_e2_carbon,alns_e2_carbon,threeshift,e2-threeshift-200c-02,2,44,140,random_customer_removal+regret3_insert_repair,native_random_customer_removal+regret3_insert_repair,4638.058830826965,,41.8204088749917
E_CARBON_TIER1__formal_goeke80__threeshift__e2-threeshift-200c-02__alns_e2_carbon__seed2,E_CARBON_TIER1,alns_e2_carbon,alns_e2_carbon,threeshift,e2-threeshift-200c-02,2,45,150,random_customer_removal+regret3_insert_repair,native_random_customer_removal+regret3_insert_repair,4632.016854691928,,45.271214249994955
E_CARBON_TIER1__formal_goeke80__threeshift__e2-threeshift-200c-02__alns_e2_carbon__seed2,E_CARBON_TIER1,alns_e2_carbon,alns_e2_carbon,threeshift,e2-threeshift-200c-02,2,46,155,random_customer_removal+regret3_insert_repair,native_random_customer_removal+regret3_insert_repair,4631.624994039623,,46.91150600000401
E_CARBON_TIER1__formal_goeke80__threeshift__e2-threeshift-200c-02__alns_e2_carbon__seed2,E_CARBON_TIER1,alns_e2_carbon,alns_e2_carbon,threeshift,e2-threeshift-200c-02,2,47,158,random_customer_removal+regret3_insert_repair,native_random_customer_removal+regret3_insert_repair,4629.002045738727,,47.682329208997544
E_CARBON_TIER1__formal_goeke80__threeshift__e2-threeshift-200c-02__alns_e2_carbon__seed2,E_CARBON_TIER1,alns_e2_carbon,alns_e2_carbon,threeshift,e2-threeshift-200c-02,2,48,160,random_customer_removal+regret3_insert_repair,native_random_customer_removal+regret3_insert_repair,4625.217035030726,,48.35329641700082
E_CARBON_TIER1__formal_goeke80__threeshift__e2-threeshift-200c-02__alns_e2_carbon__seed2,E_CARBON_TIER1,alns_e2_carbon,alns_e2_carbon,threeshift,e2-threeshift-200c-02,2,49,162,random_customer_removal+regret3_insert_repair,native_random_customer_removal+regret3_insert_repair,4624.140194176257,,48.574483459000476
E_CARBON_TIER1__formal_goeke80__threeshift__e2-threeshift-200c-02__alns_e2_carbon__seed2,E_CARBON_TIER1,alns_e2_carbon,alns_e2_carbon,threeshift,e2-threeshift-200c-02,2,50,169,random_customer_removal+regret3_insert_repair,native_random_customer_removal+regret3_insert_repair,4620.971980052066,,50.649935416993685
E_CARBON_TIER1__formal_goeke80__threeshift__e2-threeshift-200c-02__alns_e2_carbon__seed2,E_CARBON_TIER1,alns_e2_carbon,alns_e2_carbon,threeshift,e2-threeshift-200c-02,2,51,175,random_customer_removal+regret3_insert_repair,native_random_customer_removal+regret3_insert_repair,4618.175366113119,,51.77326249999169
E_CARBON_TIER1__formal_goeke80__threeshift__e2-threeshift-200c-02__alns_e2_carbon__seed2,E_CARBON_TIER1,alns_e2_carbon,alns_e2_carbon,threeshift,e2-threeshift-200c-02,2,52,180,random_customer_removal+regret3_insert_repair,native_random_customer_removal+regret3_insert_repair,4614.8335619680165,,53.03397612499248
E_CARBON_TIER1__formal_goeke80__threeshift__e2-threeshift-200c-02__alns_e2_carbon__seed2,E_CARBON_TIER1,alns_e2_carbon,alns_e2_carbon,threeshift,e2-threeshift-200c-02,2,53,183,random_customer_removal+regret3_insert_repair,native_random_customer_removal+regret3_insert_repair,4611.561046311257,,53.80730008399405
E_CARBON_TIER1__formal_goeke80__threeshift__e2-threeshift-200c-02__alns_e2_carbon__seed2,E_CARBON_TIER1,alns_e2_carbon,alns_e2_carbon,threeshift,e2-threeshift-200c-02,2,54,185,random_customer_removal+regret3_insert_repair,native_random_customer_removal+regret3_insert_repair,4611.427950691549,,54.30903337500058
E_CARBON_TIER1__formal_goeke80__threeshift__e2-threeshift-200c-02__alns_e2_carbon__seed2,E_CARBON_TIER1,alns_e2_carbon,alns_e2_carbon,threeshift,e2-threeshift-200c-02,2,55,187,random_customer_removal+regret3_insert_repair,native_random_customer_removal+regret3_insert_repair,4608.695976482822,,54.77909183400334
E_CARBON_TIER1__formal_goeke80__threeshift__e2-threeshift-200c-02__alns_e2_carbon__seed2,E_CARBON_TIER1,alns_e2_carbon,alns_e2_carbon,threeshift,e2-threeshift-200c-02,2,56,192,random_customer_removal+regret3_insert_repair,native_random_customer_removal+regret3_insert_repair,4608.693458608751,,55.90601674999925
E_CARBON_TIER1__formal_goeke80__threeshift__e2-threeshift-200c-02__alns_e2_carbon__seed2,E_CARBON_TIER1,alns_e2_carbon,alns_e2_carbon,threeshift,e2-threeshift-200c-02,2,57,193,random_customer_removal+regret3_insert_repair,native_random_customer_removal+regret3_insert_repair,4608.669248927392,,55.997543249992304
E_CARBON_TIER1__formal_goeke80__threeshift__e2-threeshift-200c-02__alns_e2_carbon__seed2,E_CARBON_TIER1,alns_e2_carbon,alns_e2_carbon,threeshift,e2-threeshift-200c-02,2,58,222,random_customer_removal+regret3_insert_repair,native_random_customer_removal+regret3_insert_repair,4606.827597732214,,65.46551879199978
E_CARBON_TIER1__formal_goeke80__threeshift__e2-threeshift-200c-02__alns_e2_carbon__seed2,E_CARBON_TIER1,alns_e2_carbon,alns_e2_carbon,threeshift,e2-threeshift-200c-02,2,59,257,random_customer_removal+regret3_insert_repair,native_random_customer_removal+regret3_insert_repair,4601.178457485176,,76.35665699999663
E_CARBON_TIER1__formal_goeke80__threeshift__e2-threeshift-200c-02__alns_e2_carbon__seed2,E_CARBON_TIER1,alns_e2_carbon,alns_e2_carbon,threeshift,e2-threeshift-200c-02,2,60,309,random_customer_removal+regret3_insert_repair,native_random_customer_removal+regret3_insert_repair,4596.860360123424,,90.91606670900364
E_CARBON_TIER1__formal_goeke80__threeshift__e2-threeshift-200c-02__alns_e2_carbon__seed2,E_CARBON_TIER1,alns_e2_carbon,alns_e2_carbon,threeshift,e2-threeshift-200c-02,2,61,420,random_customer_removal+regret3_insert_repair,native_random_customer_removal+regret3_insert_repair,4596.787097617392,,122.92446591699263
E_CARBON_TIER1__formal_goeke80__threeshift__e2-threeshift-200c-02__alns_e2_carbon__seed2,E_CARBON_TIER1,alns_e2_carbon,alns_e2_carbon,threeshift,e2-threeshift-200c-02,2,62,450,random_customer_removal+regret3_insert_repair,native_random_customer_removal+regret3_insert_repair,4592.991832509735,,130.19103287499456
E_CARBON_TIER1__formal_goeke80__threeshift__e2-threeshift-200c-02__alns_e2_carbon__seed2,E_CARBON_TIER1,alns_e2_carbon,alns_e2_carbon,threeshift,e2-threeshift-200c-02,2,63,533,random_customer_removal+regret3_insert_repair,native_random_customer_removal+regret3_insert_repair,4529.344036212581,,149.43755295900337
E_CARBON_TIER1__formal_goeke80__threeshift__e2-threeshift-200c-02__alns_e2_carbon__seed2,E_CARBON_TIER1,alns_e2_carbon,alns_e2_carbon,threeshift,e2-threeshift-200c-02,2,64,550,random_customer_removal+regret3_insert_repair,native_random_customer_removal+regret3_insert_repair,4529.035625935773,,154.97624983399874
E_CARBON_TIER1__formal_goeke80__threeshift__e2-threeshift-200c-02__alns_e2_carbon__seed2,E_CARBON_TIER1,alns_e2_carbon,alns_e2_carbon,threeshift,e2-threeshift-200c-02,2,65,551,random_customer_removal+regret3_insert_repair,native_random_customer_removal+regret3_insert_repair,4527.157018710014,,155.084621624992
E_CARBON_TIER1__formal_goeke80__threeshift__e2-threeshift-200c-02__alns_e2_carbon__seed2,E_CARBON_TIER1,alns_e2_carbon,alns_e2_carbon,threeshift,e2-threeshift-200c-02,2,66,555,random_customer_removal+regret3_insert_repair,native_random_customer_removal+regret3_insert_repair,4517.645205767601,,156.01745166699402
E_CARBON_TIER1__formal_goeke80__threeshift__e2-threeshift-200c-02__alns_e2_carbon__seed2,E_CARBON_TIER1,alns_e2_carbon,alns_e2_carbon,threeshift,e2-threeshift-200c-02,2,67,701,random_customer_removal+regret3_insert_repair,native_random_customer_removal+regret3_insert_repair,4516.39584686694,,193.52065204200335
E_CARBON_TIER1__formal_goeke80__threeshift__e2-threeshift-200c-02__alns_e2_carbon__seed2,E_CARBON_TIER1,alns_e2_carbon,alns_e2_carbon,threeshift,e2-threeshift-200c-02,2,68,741,random_customer_removal+regret3_insert_repair,native_random_customer_removal+regret3_insert_repair,4516.273518210202,,204.32730350000202
E_CARBON_TIER1__formal_goeke80__threeshift__e2-threeshift-200c-02__alns_e2_carbon__seed2,E_CARBON_TIER1,alns_e2_carbon,alns_e2_carbon,threeshift,e2-threeshift-200c-02,2,69,771,random_customer_removal+regret3_insert_repair,native_random_customer_removal+regret3_insert_repair,4515.845980028456,,211.4744977090013
E_CARBON_TIER1__formal_goeke80__threeshift__e2-threeshift-200c-02__alns_e2_carbon__seed2,E_CARBON_TIER1,alns_e2_carbon,alns_e2_carbon,threeshift,e2-threeshift-200c-02,2,70,812,random_customer_removal+regret3_insert_repair,native_random_customer_removal+regret3_insert_repair,4512.681907326355,,224.24864641699241
E_CARBON_TIER1__formal_goeke80__threeshift__e2-threeshift-200c-02__alns_e2_carbon__seed2,E_CARBON_TIER1,alns_e2_carbon,alns_e2_carbon,threeshift,e2-threeshift-200c-02,2,71,910,random_customer_removal+regret3_insert_repair,native_random_customer_removal+regret3_insert_repair,4509.283784147072,,247.83553995899274
E_CARBON_TIER1__formal_goeke80__threeshift__e2-threeshift-200c-02__alns_e2_carbon__seed2,E_CARBON_TIER1,alns_e2_carbon,alns_e2_carbon,threeshift,e2-threeshift-200c-02,2,72,994,random_customer_removal+regret3_insert_repair,native_random_customer_removal+regret3_insert_repair,4509.0176512838925,,270.35944445899804
E_CARBON_TIER1__formal_goeke80__threeshift__e2-threeshift-200c-02__alns_e2_carbon__seed2,E_CARBON_TIER1,alns_e2_carbon,alns_e2_carbon,threeshift,e2-threeshift-200c-02,2,73,1050,vehicle_type_swap+greedy_insert_repair,native_vehicle_type_swap+greedy_insert_repair,4487.787025351077,,288.1252783749951
E_CARBON_TIER1__formal_goeke80__threeshift__e2-threeshift-200c-02__alns_e2_carbon__seed2,E_CARBON_TIER1,alns_e2_carbon,alns_e2_carbon,threeshift,e2-threeshift-200c-02,2,74,1051,vehicle_type_swap+greedy_insert_repair,native_vehicle_type_swap+greedy_insert_repair,4472.443599942141,,288.1586009589955
E_CARBON_TIER1__formal_goeke80__threeshift__e2-threeshift-200c-02__alns_e2_carbon__seed2,E_CARBON_TIER1,alns_e2_carbon,alns_e2_carbon,threeshift,e2-threeshift-200c-02,2,75,1052,vehicle_type_swap+greedy_insert_repair,native_vehicle_type_swap+greedy_insert_repair,4455.984906764469,,288.18437950000225
E_CARBON_TIER1__formal_goeke80__threeshift__e2-threeshift-200c-02__alns_e2_carbon__seed2,E_CARBON_TIER1,alns_e2_carbon,alns_e2_carbon,threeshift,e2-threeshift-200c-02,2,76,1053,vehicle_type_swap+greedy_insert_repair,native_vehicle_type_swap+greedy_insert_repair,4442.512547624885,,288.2108797499968
E_CARBON_TIER1__formal_goeke80__threeshift__e2-threeshift-200c-02__alns_e2_carbon__seed2,E_CARBON_TIER1,alns_e2_carbon,alns_e2_carbon,threeshift,e2-threeshift-200c-02,2,77,1054,vehicle_type_swap+greedy_insert_repair,native_vehicle_type_swap+greedy_insert_repair,4429.151479629131,,288.2374160420004
E_CARBON_TIER1__formal_goeke80__threeshift__e2-threeshift-200c-02__alns_e2_carbon__seed2,E_CARBON_TIER1,alns_e2_carbon,alns_e2_carbon,threeshift,e2-threeshift-200c-02,2,78,1055,vehicle_type_swap+greedy_insert_repair,native_vehicle_type_swap+greedy_insert_repair,4420.025926321111,,288.26579229200433
E_CARBON_TIER1__formal_goeke80__threeshift__e2-threeshift-200c-02__alns_e2_carbon__seed2,E_CARBON_TIER1,alns_e2_carbon,alns_e2_carbon,threeshift,e2-threeshift-200c-02,2,79,1056,vehicle_type_swap+greedy_insert_repair,native_vehicle_type_swap+greedy_insert_repair,4407.483090642072,,288.29312783399655
E_CARBON_TIER1__formal_goeke80__threeshift__e2-threeshift-200c-02__alns_e2_carbon__seed2,E_CARBON_TIER1,alns_e2_carbon,alns_e2_carbon,threeshift,e2-threeshift-200c-02,2,80,1057,vehicle_type_swap+greedy_insert_repair,native_vehicle_type_swap+greedy_insert_repair,4406.19842951411,,288.3225421249954
E_CARBON_TIER1__formal_goeke80__threeshift__e2-threeshift-200c-02__alns_e2_carbon__seed2,E_CARBON_TIER1,alns_e2_carbon,alns_e2_carbon,threeshift,e2-threeshift-200c-02,2,81,1058,vehicle_type_swap+greedy_insert_repair,native_vehicle_type_swap+greedy_insert_repair,4402.268443176981,,288.35330833400076
E_CARBON_TIER1__formal_goeke80__threeshift__e2-threeshift-200c-02__alns_e2_carbon__seed2,E_CARBON_TIER1,alns_e2_carbon,alns_e2_carbon,threeshift,e2-threeshift-200c-02,2,82,4300,route_segment_removal+greedy_insert_repair,native_route_segment_removal+greedy_insert_repair,4398.887321913199,,780.2582009589969
E_CARBON_TIER1__formal_goeke80__threeshift__e2-threeshift-200c-02__alns_e2_carbon__seed2,E_CARBON_TIER1,alns_e2_carbon,alns_e2_carbon,threeshift,e2-threeshift-200c-02,2,83,4336,route_segment_removal+greedy_insert_repair,native_route_segment_removal+greedy_insert_repair,4398.434954148521,,780.5351233340043
E_CARBON_TIER1__formal_goeke80__threeshift__e2-threeshift-200c-02__alns_e2_carbon__seed2,E_CARBON_TIER1,alns_e2_carbon,alns_e2_carbon,threeshift,e2-threeshift-200c-02,2,84,4492,route_segment_removal+greedy_insert_repair,native_route_segment_removal+greedy_insert_repair,4396.663999260807,,781.7288709169952
E_CARBON_TIER1__formal_goeke80__threeshift__e2-threeshift-200c-02__alns_e2_carbon__seed2,E_CARBON_TIER1,alns_e2_carbon,alns_e2_carbon,threeshift,e2-threeshift-200c-02,2,85,4858,route_segment_removal+greedy_insert_repair,native_route_segment_removal+greedy_insert_repair,4395.0014422211625,,784.1955792919907
E_CARBON_TIER1__formal_goeke80__threeshift__e2-threeshift-200c-02__alns_e2_carbon__seed2,E_CARBON_TIER1,alns_e2_carbon,alns_e2_carbon,threeshift,e2-threeshift-200c-02,2,86,6121,route_segment_removal+greedy_insert_repair,native_route_segment_removal+greedy_insert_repair,4375.221825166144,,792.7106872500008
E_CARBON_TIER1__formal_goeke80__threeshift__e2-threeshift-200c-02__alns_e2_carbon__seed2,E_CARBON_TIER1,alns_e2_carbon,alns_e2_carbon,threeshift,e2-threeshift-200c-02,2,87,6438,vehicle_type_swap+regret2_insert_repair,native_vehicle_type_swap+regret2_insert_repair,4362.867177233595,,794.8966588339972
E_CARBON_TIER1__formal_goeke80__threeshift__e2-threeshift-200c-02__alns_e2_carbon__seed2,E_CARBON_TIER1,alns_e2_carbon,alns_e2_carbon,threeshift,e2-threeshift-200c-02,2,88,7529,route_segment_removal+greedy_insert_repair,native_route_segment_removal+greedy_insert_repair,4357.315664484745,,806.4792847089993
E_CARBON_TIER1__formal_goeke80__threeshift__e2-threeshift-200c-02__alns_e2_carbon__seed3,E_CARBON_TIER1,alns_e2_carbon,alns_e2_carbon,threeshift,e2-threeshift-200c-02,3,0,0,shared_warm_start,shared_warm_start,6367.435478271547,,0.0005515829980140552
E_CARBON_TIER1__formal_goeke80__threeshift__e2-threeshift-200c-02__alns_e2_carbon__seed3,E_CARBON_TIER1,alns_e2_carbon,alns_e2_carbon,threeshift,e2-threeshift-200c-02,3,1,4,random_customer_removal+regret2_insert_repair,native_random_customer_removal+regret2_insert_repair,6162.609766181558,,1.280971790998592
E_CARBON_TIER1__formal_goeke80__threeshift__e2-threeshift-200c-02__alns_e2_carbon__seed3,E_CARBON_TIER1,alns_e2_carbon,alns_e2_carbon,threeshift,e2-threeshift-200c-02,3,2,6,random_customer_removal+regret2_insert_repair,native_random_customer_removal+regret2_insert_repair,6095.122493735431,,2.0417520409973804
E_CARBON_TIER1__formal_goeke80__threeshift__e2-threeshift-200c-02__alns_e2_carbon__seed3,E_CARBON_TIER1,alns_e2_carbon,alns_e2_carbon,threeshift,e2-threeshift-200c-02,3,3,7,random_customer_removal+regret2_insert_repair,native_random_customer_removal+regret2_insert_repair,6012.795735912016,,2.176255875005154
E_CARBON_TIER1__formal_goeke80__threeshift__e2-threeshift-200c-02__alns_e2_carbon__seed3,E_CARBON_TIER1,alns_e2_carbon,alns_e2_carbon,threeshift,e2-threeshift-200c-02,3,4,8,random_customer_removal+regret2_insert_repair,native_random_customer_removal+regret2_insert_repair,5839.486800633911,,2.2967166250018636
E_CARBON_TIER1__formal_goeke80__threeshift__e2-threeshift-200c-02__alns_e2_carbon__seed3,E_CARBON_TIER1,alns_e2_carbon,alns_e2_carbon,threeshift,e2-threeshift-200c-02,3,5,19,random_customer_removal+regret2_insert_repair,native_random_customer_removal+regret2_insert_repair,5836.9951487067265,,5.568997708003735
E_CARBON_TIER1__formal_goeke80__threeshift__e2-threeshift-200c-02__alns_e2_carbon__seed3,E_CARBON_TIER1,alns_e2_carbon,alns_e2_carbon,threeshift,e2-threeshift-200c-02,3,6,20,random_customer_removal+regret2_insert_repair,native_random_customer_removal+regret2_insert_repair,5833.5537634122775,,5.68675437499769
E_CARBON_TIER1__formal_goeke80__threeshift__e2-threeshift-200c-02__alns_e2_carbon__seed3,E_CARBON_TIER1,alns_e2_carbon,alns_e2_carbon,threeshift,e2-threeshift-200c-02,3,7,22,random_customer_removal+regret2_insert_repair,native_random_customer_removal+regret2_insert_repair,5803.843211292226,,6.19750212499639
E_CARBON_TIER1__formal_goeke80__threeshift__e2-threeshift-200c-02__alns_e2_carbon__seed3,E_CARBON_TIER1,alns_e2_carbon,alns_e2_carbon,threeshift,e2-threeshift-200c-02,3,8,23,random_customer_removal+regret2_insert_repair,native_random_customer_removal+regret2_insert_repair,5578.974333964591,,6.694564582998282
E_CARBON_TIER1__formal_goeke80__threeshift__e2-threeshift-200c-02__alns_e2_carbon__seed3,E_CARBON_TIER1,alns_e2_carbon,alns_e2_carbon,threeshift,e2-threeshift-200c-02,3,9,26,random_customer_removal+regret2_insert_repair,native_random_customer_removal+regret2_insert_repair,5546.933246027823,,7.943114499998046
E_CARBON_TIER1__formal_goeke80__threeshift__e2-threeshift-200c-02__alns_e2_carbon__seed3,E_CARBON_TIER1,alns_e2_carbon,alns_e2_carbon,threeshift,e2-threeshift-200c-02,3,10,32,random_customer_removal+regret2_insert_repair,native_random_customer_removal+regret2_insert_repair,5527.261740692772,,9.251564707999933
E_CARBON_TIER1__formal_goeke80__threeshift__e2-threeshift-200c-02__alns_e2_carbon__seed3,E_CARBON_TIER1,alns_e2_carbon,alns_e2_carbon,threeshift,e2-threeshift-200c-02,3,11,33,random_customer_removal+regret2_insert_repair,native_random_customer_removal+regret2_insert_repair,5437.166369037329,,9.47590166599548
E_CARBON_TIER1__formal_goeke80__threeshift__e2-threeshift-200c-02__alns_e2_carbon__seed3,E_CARBON_TIER1,alns_e2_carbon,alns_e2_carbon,threeshift,e2-threeshift-200c-02,3,12,38,random_customer_removal+regret2_insert_repair,native_random_customer_removal+regret2_insert_repair,5434.92897824638,,10.391159833001439
E_CARBON_TIER1__formal_goeke80__threeshift__e2-threeshift-200c-02__alns_e2_carbon__seed3,E_CARBON_TIER1,alns_e2_carbon,alns_e2_carbon,threeshift,e2-threeshift-200c-02,3,13,39,random_customer_removal+regret2_insert_repair,native_random_customer_removal+regret2_insert_repair,5424.699328902712,,10.704907958002877
E_CARBON_TIER1__formal_goeke80__threeshift__e2-threeshift-200c-02__alns_e2_carbon__seed3,E_CARBON_TIER1,alns_e2_carbon,alns_e2_carbon,threeshift,e2-threeshift-200c-02,3,14,40,random_customer_removal+regret2_insert_repair,native_random_customer_removal+regret2_insert_repair,5263.071697655453,,11.060530415998073
E_CARBON_TIER1__formal_goeke80__threeshift__e2-threeshift-200c-02__alns_e2_carbon__seed3,E_CARBON_TIER1,alns_e2_carbon,alns_e2_carbon,threeshift,e2-threeshift-200c-02,3,15,45,random_customer_removal+regret2_insert_repair,native_random_customer_removal+regret2_insert_repair,5254.55759430701,,12.358225290998234
E_CARBON_TIER1__formal_goeke80__threeshift__e2-threeshift-200c-02__alns_e2_carbon__seed3,E_CARBON_TIER1,alns_e2_carbon,alns_e2_carbon,threeshift,e2-threeshift-200c-02,3,16,47,random_customer_removal+regret2_insert_repair,native_random_customer_removal+regret2_insert_repair,5240.568722890187,,12.92407679099415
E_CARBON_TIER1__formal_goeke80__threeshift__e2-threeshift-200c-02__alns_e2_carbon__seed3,E_CARBON_TIER1,alns_e2_carbon,alns_e2_carbon,threeshift,e2-threeshift-200c-02,3,17,48,random_customer_removal+regret2_insert_repair,native_random_customer_removal+regret2_insert_repair,5236.811903706606,,13.088337207998848
E_CARBON_TIER1__formal_goeke80__threeshift__e2-threeshift-200c-02__alns_e2_carbon__seed3,E_CARBON_TIER1,alns_e2_carbon,alns_e2_carbon,threeshift,e2-threeshift-200c-02,3,18,49,random_customer_removal+regret2_insert_repair,native_random_customer_removal+regret2_insert_repair,5018.236956670694,,13.332832415995654
E_CARBON_TIER1__formal_goeke80__threeshift__e2-threeshift-200c-02__alns_e2_carbon__seed3,E_CARBON_TIER1,alns_e2_carbon,alns_e2_carbon,threeshift,e2-threeshift-200c-02,3,19,57,random_customer_removal+regret2_insert_repair,native_random_customer_removal+regret2_insert_repair,4897.539481728793,,15.65739270800259
E_CARBON_TIER1__formal_goeke80__threeshift__e2-threeshift-200c-02__alns_e2_carbon__seed3,E_CARBON_TIER1,alns_e2_carbon,alns_e2_carbon,threeshift,e2-threeshift-200c-02,3,20,63,random_customer_removal+regret2_insert_repair,native_random_customer_removal+regret2_insert_repair,4889.223612159457,,17.34806162500172
E_CARBON_TIER1__formal_goeke80__threeshift__e2-threeshift-200c-02__alns_e2_carbon__seed3,E_CARBON_TIER1,alns_e2_carbon,alns_e2_carbon,threeshift,e2-threeshift-200c-02,3,21,65,random_customer_removal+regret2_insert_repair,native_random_customer_removal+regret2_insert_repair,4887.554206822895,,17.81827937500202
E_CARBON_TIER1__formal_goeke80__threeshift__e2-threeshift-200c-02__alns_e2_carbon__seed3,E_CARBON_TIER1,alns_e2_carbon,alns_e2_carbon,threeshift,e2-threeshift-200c-02,3,22,66,random_customer_removal+regret2_insert_repair,native_random_customer_removal+regret2_insert_repair,4881.768446632589,,17.938964083004976
E_CARBON_TIER1__formal_goeke80__threeshift__e2-threeshift-200c-02__alns_e2_carbon__seed3,E_CARBON_TIER1,alns_e2_carbon,alns_e2_carbon,threeshift,e2-threeshift-200c-02,3,23,68,random_customer_removal+regret2_insert_repair,native_random_customer_removal+regret2_insert_repair,4878.5003706944635,,18.333581041006255
E_CARBON_TIER1__formal_goeke80__threeshift__e2-threeshift-200c-02__alns_e2_carbon__seed3,E_CARBON_TIER1,alns_e2_carbon,alns_e2_carbon,threeshift,e2-threeshift-200c-02,3,24,76,random_customer_removal+regret2_insert_repair,native_random_customer_removal+regret2_insert_repair,4864.760398562702,,20.103791000001365
E_CARBON_TIER1__formal_goeke80__threeshift__e2-threeshift-200c-02__alns_e2_carbon__seed3,E_CARBON_TIER1,alns_e2_carbon,alns_e2_carbon,threeshift,e2-threeshift-200c-02,3,25,83,random_customer_removal+regret2_insert_repair,native_random_customer_removal+regret2_insert_repair,4864.5623516590695,,22.258763416000875
E_CARBON_TIER1__formal_goeke80__threeshift__e2-threeshift-200c-02__alns_e2_carbon__seed3,E_CARBON_TIER1,alns_e2_carbon,alns_e2_carbon,threeshift,e2-threeshift-200c-02,3,26,87,random_customer_removal+regret2_insert_repair,native_random_customer_removal+regret2_insert_repair,4862.52877591432,,23.729666500003077
E_CARBON_TIER1__formal_goeke80__threeshift__e2-threeshift-200c-02__alns_e2_carbon__seed3,E_CARBON_TIER1,alns_e2_carbon,alns_e2_carbon,threeshift,e2-threeshift-200c-02,3,27,89,random_customer_removal+regret2_insert_repair,native_random_customer_removal+regret2_insert_repair,4858.414593239778,,24.51090695800667
E_CARBON_TIER1__formal_goeke80__threeshift__e2-threeshift-200c-02__alns_e2_carbon__seed3,E_CARBON_TIER1,alns_e2_carbon,alns_e2_carbon,threeshift,e2-threeshift-200c-02,3,28,91,random_customer_removal+regret2_insert_repair,native_random_customer_removal+regret2_insert_repair,4846.758434433662,,24.990248540998437
E_CARBON_TIER1__formal_goeke80__threeshift__e2-threeshift-200c-02__alns_e2_carbon__seed3,E_CARBON_TIER1,alns_e2_carbon,alns_e2_carbon,threeshift,e2-threeshift-200c-02,3,29,94,random_customer_removal+regret2_insert_repair,native_random_customer_removal+regret2_insert_repair,4816.446594629016,,26.46691291600291
E_CARBON_TIER1__formal_goeke80__threeshift__e2-threeshift-200c-02__alns_e2_carbon__seed3,E_CARBON_TIER1,alns_e2_carbon,alns_e2_carbon,threeshift,e2-threeshift-200c-02,3,30,95,random_customer_removal+regret2_insert_repair,native_random_customer_removal+regret2_insert_repair,4748.694856683082,,26.752652166003827
E_CARBON_TIER1__formal_goeke80__threeshift__e2-threeshift-200c-02__alns_e2_carbon__seed3,E_CARBON_TIER1,alns_e2_carbon,alns_e2_carbon,threeshift,e2-threeshift-200c-02,3,31,98,random_customer_removal+regret2_insert_repair,native_random_customer_removal+regret2_insert_repair,4741.924855443989,,27.776388458005385
E_CARBON_TIER1__formal_goeke80__threeshift__e2-threeshift-200c-02__alns_e2_carbon__seed3,E_CARBON_TIER1,alns_e2_carbon,alns_e2_carbon,threeshift,e2-threeshift-200c-02,3,32,99,random_customer_removal+regret2_insert_repair,native_random_customer_removal+regret2_insert_repair,4739.390029908349,,27.878908707993105
E_CARBON_TIER1__formal_goeke80__threeshift__e2-threeshift-200c-02__alns_e2_carbon__seed3,E_CARBON_TIER1,alns_e2_carbon,alns_e2_carbon,threeshift,e2-threeshift-200c-02,3,33,147,random_customer_removal+regret2_insert_repair,native_random_customer_removal+regret2_insert_repair,4678.139982171545,,41.06797008299327
E_CARBON_TIER1__formal_goeke80__threeshift__e2-threeshift-200c-02__alns_e2_carbon__seed3,E_CARBON_TIER1,alns_e2_carbon,alns_e2_carbon,threeshift,e2-threeshift-200c-02,3,34,156,random_customer_removal+regret2_insert_repair,native_random_customer_removal+regret2_insert_repair,4676.186491442836,,43.547394291003
E_CARBON_TIER1__formal_goeke80__threeshift__e2-threeshift-200c-02__alns_e2_carbon__seed3,E_CARBON_TIER1,alns_e2_carbon,alns_e2_carbon,threeshift,e2-threeshift-200c-02,3,35,160,random_customer_removal+regret2_insert_repair,native_random_customer_removal+regret2_insert_repair,4663.284005477489,,44.74289383299765
E_CARBON_TIER1__formal_goeke80__threeshift__e2-threeshift-200c-02__alns_e2_carbon__seed3,E_CARBON_TIER1,alns_e2_carbon,alns_e2_carbon,threeshift,e2-threeshift-200c-02,3,36,164,random_customer_removal+regret2_insert_repair,native_random_customer_removal+regret2_insert_repair,4662.827577723551,,46.32619383299607
E_CARBON_TIER1__formal_goeke80__threeshift__e2-threeshift-200c-02__alns_e2_carbon__seed3,E_CARBON_TIER1,alns_e2_carbon,alns_e2_carbon,threeshift,e2-threeshift-200c-02,3,37,165,random_customer_removal+regret2_insert_repair,native_random_customer_removal+regret2_insert_repair,4644.380874820529,,46.59967162499379
E_CARBON_TIER1__formal_goeke80__threeshift__e2-threeshift-200c-02__alns_e2_carbon__seed3,E_CARBON_TIER1,alns_e2_carbon,alns_e2_carbon,threeshift,e2-threeshift-200c-02,3,38,170,random_customer_removal+regret2_insert_repair,native_random_customer_removal+regret2_insert_repair,4631.806573155174,,48.34855358299683
E_CARBON_TIER1__formal_goeke80__threeshift__e2-threeshift-200c-02__alns_e2_carbon__seed3,E_CARBON_TIER1,alns_e2_carbon,alns_e2_carbon,threeshift,e2-threeshift-200c-02,3,39,186,random_customer_removal+regret2_insert_repair,native_random_customer_removal+regret2_insert_repair,4626.160552480031,,52.78412549999484
E_CARBON_TIER1__formal_goeke80__threeshift__e2-threeshift-200c-02__alns_e2_carbon__seed3,E_CARBON_TIER1,alns_e2_carbon,alns_e2_carbon,threeshift,e2-threeshift-200c-02,3,40,187,random_customer_removal+regret2_insert_repair,native_random_customer_removal+regret2_insert_repair,4625.054036509654,,52.88654300000053
E_CARBON_TIER1__formal_goeke80__threeshift__e2-threeshift-200c-02__alns_e2_carbon__seed3,E_CARBON_TIER1,alns_e2_carbon,alns_e2_carbon,threeshift,e2-threeshift-200c-02,3,41,217,random_customer_removal+regret2_insert_repair,native_random_customer_removal+regret2_insert_repair,4617.797115177375,,62.14461329100595
E_CARBON_TIER1__formal_goeke80__threeshift__e2-threeshift-200c-02__alns_e2_carbon__seed3,E_CARBON_TIER1,alns_e2_carbon,alns_e2_carbon,threeshift,e2-threeshift-200c-02,3,42,223,random_customer_removal+regret2_insert_repair,native_random_customer_removal+regret2_insert_repair,4616.793958139232,,63.79678270799923
E_CARBON_TIER1__formal_goeke80__threeshift__e2-threeshift-200c-02__alns_e2_carbon__seed3,E_CARBON_TIER1,alns_e2_carbon,alns_e2_carbon,threeshift,e2-threeshift-200c-02,3,43,224,random_customer_removal+regret2_insert_repair,native_random_customer_removal+regret2_insert_repair,4613.391155077661,,64.39907620800659
E_CARBON_TIER1__formal_goeke80__threeshift__e2-threeshift-200c-02__alns_e2_carbon__seed3,E_CARBON_TIER1,alns_e2_carbon,alns_e2_carbon,threeshift,e2-threeshift-200c-02,3,44,228,random_customer_removal+regret2_insert_repair,native_random_customer_removal+regret2_insert_repair,4611.597113842517,,66.18713637499604
E_CARBON_TIER1__formal_goeke80__threeshift__e2-threeshift-200c-02__alns_e2_carbon__seed3,E_CARBON_TIER1,alns_e2_carbon,alns_e2_carbon,threeshift,e2-threeshift-200c-02,3,45,258,random_customer_removal+regret2_insert_repair,native_random_customer_removal+regret2_insert_repair,4604.169855527969,,76.39525145800144
E_CARBON_TIER1__formal_goeke80__threeshift__e2-threeshift-200c-02__alns_e2_carbon__seed3,E_CARBON_TIER1,alns_e2_carbon,alns_e2_carbon,threeshift,e2-threeshift-200c-02,3,46,259,random_customer_removal+regret2_insert_repair,native_random_customer_removal+regret2_insert_repair,4584.721606711075,,76.92610887500632
E_CARBON_TIER1__formal_goeke80__threeshift__e2-threeshift-200c-02__alns_e2_carbon__seed3,E_CARBON_TIER1,alns_e2_carbon,alns_e2_carbon,threeshift,e2-threeshift-200c-02,3,47,260,random_customer_removal+regret2_insert_repair,native_random_customer_removal+regret2_insert_repair,4582.977610733254,,76.98900458299613
E_CARBON_TIER1__formal_goeke80__threeshift__e2-threeshift-200c-02__alns_e2_carbon__seed3,E_CARBON_TIER1,alns_e2_carbon,alns_e2_carbon,threeshift,e2-threeshift-200c-02,3,48,262,random_customer_removal+regret2_insert_repair,native_random_customer_removal+regret2_insert_repair,4581.306781080588,,77.67598983300559
E_CARBON_TIER1__formal_goeke80__threeshift__e2-threeshift-200c-02__alns_e2_carbon__seed3,E_CARBON_TIER1,alns_e2_carbon,alns_e2_carbon,threeshift,e2-threeshift-200c-02,3,49,269,random_customer_removal+regret2_insert_repair,native_random_customer_removal+regret2_insert_repair,4580.548494996095,,79.49958050000714
E_CARBON_TIER1__formal_goeke80__threeshift__e2-threeshift-200c-02__alns_e2_carbon__seed3,E_CARBON_TIER1,alns_e2_carbon,alns_e2_carbon,threeshift,e2-threeshift-200c-02,3,50,277,random_customer_removal+regret2_insert_repair,native_random_customer_removal+regret2_insert_repair,4578.182218571276,,81.48616562499956
E_CARBON_TIER1__formal_goeke80__threeshift__e2-threeshift-200c-02__alns_e2_carbon__seed3,E_CARBON_TIER1,alns_e2_carbon,alns_e2_carbon,threeshift,e2-threeshift-200c-02,3,51,329,random_customer_removal+regret2_insert_repair,native_random_customer_removal+regret2_insert_repair,4576.620864275014,,96.45097954099765
E_CARBON_TIER1__formal_goeke80__threeshift__e2-threeshift-200c-02__alns_e2_carbon__seed3,E_CARBON_TIER1,alns_e2_carbon,alns_e2_carbon,threeshift,e2-threeshift-200c-02,3,52,353,random_customer_removal+regret2_insert_repair,native_random_customer_removal+regret2_insert_repair,4576.431846107806,,103.03226170799462
E_CARBON_TIER1__formal_goeke80__threeshift__e2-threeshift-200c-02__alns_e2_carbon__seed3,E_CARBON_TIER1,alns_e2_carbon,alns_e2_carbon,threeshift,e2-threeshift-200c-02,3,53,405,random_customer_removal+regret2_insert_repair,native_random_customer_removal+regret2_insert_repair,4576.261602417923,,117.64057266600139
E_CARBON_TIER1__formal_goeke80__threeshift__e2-threeshift-200c-02__alns_e2_carbon__seed3,E_CARBON_TIER1,alns_e2_carbon,alns_e2_carbon,threeshift,e2-threeshift-200c-02,3,54,544,random_customer_removal+regret2_insert_repair,native_random_customer_removal+regret2_insert_repair,4575.384999736154,,152.81460737499583
E_CARBON_TIER1__formal_goeke80__threeshift__e2-threeshift-200c-02__alns_e2_carbon__seed3,E_CARBON_TIER1,alns_e2_carbon,alns_e2_carbon,threeshift,e2-threeshift-200c-02,3,55,548,random_customer_removal+regret2_insert_repair,native_random_customer_removal+regret2_insert_repair,4571.309640719902,,153.80534891599382
E_CARBON_TIER1__formal_goeke80__threeshift__e2-threeshift-200c-02__alns_e2_carbon__seed3,E_CARBON_TIER1,alns_e2_carbon,alns_e2_carbon,threeshift,e2-threeshift-200c-02,3,56,560,random_customer_removal+regret2_insert_repair,native_random_customer_removal+regret2_insert_repair,4569.641624966474,,157.0918746660027
E_CARBON_TIER1__formal_goeke80__threeshift__e2-threeshift-200c-02__alns_e2_carbon__seed3,E_CARBON_TIER1,alns_e2_carbon,alns_e2_carbon,threeshift,e2-threeshift-200c-02,3,57,577,random_customer_removal+regret2_insert_repair,native_random_customer_removal+regret2_insert_repair,4569.338473380239,,162.19810487500217
E_CARBON_TIER1__formal_goeke80__threeshift__e2-threeshift-200c-02__alns_e2_carbon__seed3,E_CARBON_TIER1,alns_e2_carbon,alns_e2_carbon,threeshift,e2-threeshift-200c-02,3,58,584,random_customer_removal+regret2_insert_repair,native_random_customer_removal+regret2_insert_repair,4569.2997972252015,,164.80428345799737
E_CARBON_TIER1__formal_goeke80__threeshift__e2-threeshift-200c-02__alns_e2_carbon__seed3,E_CARBON_TIER1,alns_e2_carbon,alns_e2_carbon,threeshift,e2-threeshift-200c-02,3,59,587,random_customer_removal+regret2_insert_repair,native_random_customer_removal+regret2_insert_repair,4568.335249199254,,165.55502558300213
E_CARBON_TIER1__formal_goeke80__threeshift__e2-threeshift-200c-02__alns_e2_carbon__seed3,E_CARBON_TIER1,alns_e2_carbon,alns_e2_carbon,threeshift,e2-threeshift-200c-02,3,60,595,random_customer_removal+regret2_insert_repair,native_random_customer_removal+regret2_insert_repair,4567.685810715774,,167.29241458300385
E_CARBON_TIER1__formal_goeke80__threeshift__e2-threeshift-200c-02__alns_e2_carbon__seed3,E_CARBON_TIER1,alns_e2_carbon,alns_e2_carbon,threeshift,e2-threeshift-200c-02,3,61,597,random_customer_removal+regret2_insert_repair,native_random_customer_removal+regret2_insert_repair,4565.062862414879,,167.51296208299755
E_CARBON_TIER1__formal_goeke80__threeshift__e2-threeshift-200c-02__alns_e2_carbon__seed3,E_CARBON_TIER1,alns_e2_carbon,alns_e2_carbon,threeshift,e2-threeshift-200c-02,3,62,614,random_customer_removal+regret2_insert_repair,native_random_customer_removal+regret2_insert_repair,4564.965191700773,,171.79558366599667
E_CARBON_TIER1__formal_goeke80__threeshift__e2-threeshift-200c-02__alns_e2_carbon__seed3,E_CARBON_TIER1,alns_e2_carbon,alns_e2_carbon,threeshift,e2-threeshift-200c-02,3,63,619,random_customer_removal+regret2_insert_repair,native_random_customer_removal+regret2_insert_repair,4556.873337813963,,172.8172100410011
E_CARBON_TIER1__formal_goeke80__threeshift__e2-threeshift-200c-02__alns_e2_carbon__seed3,E_CARBON_TIER1,alns_e2_carbon,alns_e2_carbon,threeshift,e2-threeshift-200c-02,3,64,663,random_customer_removal+regret2_insert_repair,native_random_customer_removal+regret2_insert_repair,4556.5918896834,,183.9280625829997
E_CARBON_TIER1__formal_goeke80__threeshift__e2-threeshift-200c-02__alns_e2_carbon__seed3,E_CARBON_TIER1,alns_e2_carbon,alns_e2_carbon,threeshift,e2-threeshift-200c-02,3,65,689,random_customer_removal+regret2_insert_repair,native_random_customer_removal+regret2_insert_repair,4553.774124120306,,191.69016054099484
E_CARBON_TIER1__formal_goeke80__threeshift__e2-threeshift-200c-02__alns_e2_carbon__seed3,E_CARBON_TIER1,alns_e2_carbon,alns_e2_carbon,threeshift,e2-threeshift-200c-02,3,66,704,random_customer_removal+regret2_insert_repair,native_random_customer_removal+regret2_insert_repair,4553.730704737448,,194.89961399999447
E_CARBON_TIER1__formal_goeke80__threeshift__e2-threeshift-200c-02__alns_e2_carbon__seed3,E_CARBON_TIER1,alns_e2_carbon,alns_e2_carbon,threeshift,e2-threeshift-200c-02,3,67,715,random_customer_removal+regret2_insert_repair,native_random_customer_removal+regret2_insert_repair,4551.19211820995,,197.8797034159943
E_CARBON_TIER1__formal_goeke80__threeshift__e2-threeshift-200c-02__alns_e2_carbon__seed3,E_CARBON_TIER1,alns_e2_carbon,alns_e2_carbon,threeshift,e2-threeshift-200c-02,3,68,741,random_customer_removal+regret2_insert_repair,native_random_customer_removal+regret2_insert_repair,4550.006720375268,,205.54319237500022
E_CARBON_TIER1__formal_goeke80__threeshift__e2-threeshift-200c-02__alns_e2_carbon__seed3,E_CARBON_TIER1,alns_e2_carbon,alns_e2_carbon,threeshift,e2-threeshift-200c-02,3,69,751,random_customer_removal+regret2_insert_repair,native_random_customer_removal+regret2_insert_repair,4546.628063302208,,207.78284841599816
E_CARBON_TIER1__formal_goeke80__threeshift__e2-threeshift-200c-02__alns_e2_carbon__seed3,E_CARBON_TIER1,alns_e2_carbon,alns_e2_carbon,threeshift,e2-threeshift-200c-02,3,70,786,random_customer_removal+regret2_insert_repair,native_random_customer_removal+regret2_insert_repair,4542.234861738303,,216.992405625002
E_CARBON_TIER1__formal_goeke80__threeshift__e2-threeshift-200c-02__alns_e2_carbon__seed3,E_CARBON_TIER1,alns_e2_carbon,alns_e2_carbon,threeshift,e2-threeshift-200c-02,3,71,806,random_customer_removal+regret2_insert_repair,native_random_customer_removal+regret2_insert_repair,4540.517435276256,,221.16252504099975
E_CARBON_TIER1__formal_goeke80__threeshift__e2-threeshift-200c-02__alns_e2_carbon__seed3,E_CARBON_TIER1,alns_e2_carbon,alns_e2_carbon,threeshift,e2-threeshift-200c-02,3,72,817,random_customer_removal+regret2_insert_repair,native_random_customer_removal+regret2_insert_repair,4540.394417768208,,224.62706716600223
E_CARBON_TIER1__formal_goeke80__threeshift__e2-threeshift-200c-02__alns_e2_carbon__seed3,E_CARBON_TIER1,alns_e2_carbon,alns_e2_carbon,threeshift,e2-threeshift-200c-02,3,73,830,random_customer_removal+regret2_insert_repair,native_random_customer_removal+regret2_insert_repair,4477.882172852686,,229.12240412499523
E_CARBON_TIER1__formal_goeke80__threeshift__e2-threeshift-200c-02__alns_e2_carbon__seed3,E_CARBON_TIER1,alns_e2_carbon,alns_e2_carbon,threeshift,e2-threeshift-200c-02,3,74,855,random_customer_removal+regret2_insert_repair,native_random_customer_removal+regret2_insert_repair,4477.406676565623,,234.8333968329971
E_CARBON_TIER1__formal_goeke80__threeshift__e2-threeshift-200c-02__alns_e2_carbon__seed3,E_CARBON_TIER1,alns_e2_carbon,alns_e2_carbon,threeshift,e2-threeshift-200c-02,3,75,891,random_customer_removal+regret2_insert_repair,native_random_customer_removal+regret2_insert_repair,4474.474105048016,,245.0313027910015
E_CARBON_TIER1__formal_goeke80__threeshift__e2-threeshift-200c-02__alns_e2_carbon__seed3,E_CARBON_TIER1,alns_e2_carbon,alns_e2_carbon,threeshift,e2-threeshift-200c-02,3,76,923,random_customer_removal+regret2_insert_repair,native_random_customer_removal+regret2_insert_repair,4473.713648104722,,252.3617357500043
E_CARBON_TIER1__formal_goeke80__threeshift__e2-threeshift-200c-02__alns_e2_carbon__seed3,E_CARBON_TIER1,alns_e2_carbon,alns_e2_carbon,threeshift,e2-threeshift-200c-02,3,77,939,random_customer_removal+regret2_insert_repair,native_random_customer_removal+regret2_insert_repair,4469.821605793367,,257.4925990829943
E_CARBON_TIER1__formal_goeke80__threeshift__e2-threeshift-200c-02__alns_e2_carbon__seed3,E_CARBON_TIER1,alns_e2_carbon,alns_e2_carbon,threeshift,e2-threeshift-200c-02,3,78,947,random_customer_removal+regret2_insert_repair,native_random_customer_removal+regret2_insert_repair,4469.540129157016,,260.02518145799695
E_CARBON_TIER1__formal_goeke80__threeshift__e2-threeshift-200c-02__alns_e2_carbon__seed3,E_CARBON_TIER1,alns_e2_carbon,alns_e2_carbon,threeshift,e2-threeshift-200c-02,3,79,1010,random_customer_removal+regret2_insert_repair,native_random_customer_removal+regret2_insert_repair,4469.506570845844,,275.6712318750069
E_CARBON_TIER1__formal_goeke80__threeshift__e2-threeshift-200c-02__alns_e2_carbon__seed3,E_CARBON_TIER1,alns_e2_carbon,alns_e2_carbon,threeshift,e2-threeshift-200c-02,3,80,1087,random_customer_removal+regret2_insert_repair,native_random_customer_removal+regret2_insert_repair,4468.854501674161,,294.0514000830008
E_CARBON_TIER1__formal_goeke80__threeshift__e2-threeshift-200c-02__alns_e2_carbon__seed3,E_CARBON_TIER1,alns_e2_carbon,alns_e2_carbon,threeshift,e2-threeshift-200c-02,3,81,1093,random_customer_removal+regret2_insert_repair,native_random_customer_removal+regret2_insert_repair,4465.198187446514,,294.6195516250009
E_CARBON_TIER1__formal_goeke80__threeshift__e2-threeshift-200c-02__alns_e2_carbon__seed3,E_CARBON_TIER1,alns_e2_carbon,alns_e2_carbon,threeshift,e2-threeshift-200c-02,3,82,1098,random_customer_removal+regret2_insert_repair,native_random_customer_removal+regret2_insert_repair,4465.080245456902,,295.2796674160054
E_CARBON_TIER1__formal_goeke80__threeshift__e2-threeshift-200c-02__alns_e2_carbon__seed3,E_CARBON_TIER1,alns_e2_carbon,alns_e2_carbon,threeshift,e2-threeshift-200c-02,3,83,1100,random_customer_removal+regret2_insert_repair,native_random_customer_removal+regret2_insert_repair,4464.844028188956,,295.53009874999407
E_CARBON_TIER1__formal_goeke80__threeshift__e2-threeshift-200c-02__alns_e2_carbon__seed3,E_CARBON_TIER1,alns_e2_carbon,alns_e2_carbon,threeshift,e2-threeshift-200c-02,3,84,1137,random_customer_removal+regret2_insert_repair,native_random_customer_removal+regret2_insert_repair,4464.74291478134,,304.3309408329951
E_CARBON_TIER1__formal_goeke80__threeshift__e2-threeshift-200c-02__alns_e2_carbon__seed3,E_CARBON_TIER1,alns_e2_carbon,alns_e2_carbon,threeshift,e2-threeshift-200c-02,3,85,1198,random_customer_removal+regret2_insert_repair,native_random_customer_removal+regret2_insert_repair,4464.033313950039,,319.1176160000032
E_CARBON_TIER1__formal_goeke80__threeshift__e2-threeshift-200c-02__alns_e2_carbon__seed3,E_CARBON_TIER1,alns_e2_carbon,alns_e2_carbon,threeshift,e2-threeshift-200c-02,3,86,1230,random_customer_removal+regret2_insert_repair,native_random_customer_removal+regret2_insert_repair,4463.375261929091,,327.08820370800095
E_CARBON_TIER1__formal_goeke80__threeshift__e2-threeshift-200c-02__alns_e2_carbon__seed3,E_CARBON_TIER1,alns_e2_carbon,alns_e2_carbon,threeshift,e2-threeshift-200c-02,3,87,1236,random_customer_removal+regret2_insert_repair,native_random_customer_removal+regret2_insert_repair,4462.6798972804145,,328.0851739579957
E_CARBON_TIER1__formal_goeke80__threeshift__e2-threeshift-200c-02__alns_e2_carbon__seed3,E_CARBON_TIER1,alns_e2_carbon,alns_e2_carbon,threeshift,e2-threeshift-200c-02,3,88,1282,vehicle_type_swap+greedy_insert_repair,native_vehicle_type_swap+greedy_insert_repair,4445.9671063172245,,342.6547428329941
E_CARBON_TIER1__formal_goeke80__threeshift__e2-threeshift-200c-02__alns_e2_carbon__seed3,E_CARBON_TIER1,alns_e2_carbon,alns_e2_carbon,threeshift,e2-threeshift-200c-02,3,89,1283,vehicle_type_swap+greedy_insert_repair,native_vehicle_type_swap+greedy_insert_repair,4426.56318928665,,342.68112649999966
E_CARBON_TIER1__formal_goeke80__threeshift__e2-threeshift-200c-02__alns_e2_carbon__seed3,E_CARBON_TIER1,alns_e2_carbon,alns_e2_carbon,threeshift,e2-threeshift-200c-02,3,90,1284,vehicle_type_swap+greedy_insert_repair,native_vehicle_type_swap+greedy_insert_repair,4413.578613178948,,342.709400000007
E_CARBON_TIER1__formal_goeke80__threeshift__e2-threeshift-200c-02__alns_e2_carbon__seed3,E_CARBON_TIER1,alns_e2_carbon,alns_e2_carbon,threeshift,e2-threeshift-200c-02,3,91,1285,vehicle_type_swap+greedy_insert_repair,native_vehicle_type_swap+greedy_insert_repair,4405.718870495144,,342.7356540000037
E_CARBON_TIER1__formal_goeke80__threeshift__e2-threeshift-200c-02__alns_e2_carbon__seed3,E_CARBON_TIER1,alns_e2_carbon,alns_e2_carbon,threeshift,e2-threeshift-200c-02,3,92,1286,vehicle_type_swap+greedy_insert_repair,native_vehicle_type_swap+greedy_insert_repair,4387.238294578694,,342.7608601249958
E_CARBON_TIER1__formal_goeke80__threeshift__e2-threeshift-200c-02__alns_e2_carbon__seed3,E_CARBON_TIER1,alns_e2_carbon,alns_e2_carbon,threeshift,e2-threeshift-200c-02,3,93,1287,vehicle_type_swap+greedy_insert_repair,native_vehicle_type_swap+greedy_insert_repair,4370.320002768519,,342.78676491600345
E_CARBON_TIER1__formal_goeke80__threeshift__e2-threeshift-200c-02__alns_e2_carbon__seed3,E_CARBON_TIER1,alns_e2_carbon,alns_e2_carbon,threeshift,e2-threeshift-200c-02,3,94,1288,vehicle_type_swap+greedy_insert_repair,native_vehicle_type_swap+greedy_insert_repair,4354.722635275373,,342.8159843330068
E_CARBON_TIER1__formal_goeke80__threeshift__e2-threeshift-200c-02__alns_e2_carbon__seed3,E_CARBON_TIER1,alns_e2_carbon,alns_e2_carbon,threeshift,e2-threeshift-200c-02,3,95,1289,vehicle_type_swap+greedy_insert_repair,native_vehicle_type_swap+greedy_insert_repair,4339.990028210708,,342.8459920000023
E_CARBON_TIER1__formal_goeke80__threeshift__e2-threeshift-200c-02__alns_e2_carbon__seed3,E_CARBON_TIER1,alns_e2_carbon,alns_e2_carbon,threeshift,e2-threeshift-200c-02,3,96,1290,vehicle_type_swap+greedy_insert_repair,native_vehicle_type_swap+greedy_insert_repair,4327.772336786617,,342.8757747079944
E_CARBON_TIER1__formal_goeke80__threeshift__e2-threeshift-200c-02__alns_e2_carbon__seed3,E_CARBON_TIER1,alns_e2_carbon,alns_e2_carbon,threeshift,e2-threeshift-200c-02,3,97,1291,vehicle_type_swap+greedy_insert_repair,native_vehicle_type_swap+greedy_insert_repair,4317.744940034323,,342.90631775000656
E_CARBON_TIER1__formal_goeke80__threeshift__e2-threeshift-200c-02__alns_e2_carbon__seed3,E_CARBON_TIER1,alns_e2_carbon,alns_e2_carbon,threeshift,e2-threeshift-200c-02,3,98,1292,vehicle_type_swap+greedy_insert_repair,native_vehicle_type_swap+greedy_insert_repair,4306.12190347368,,342.9374672080012
E_CARBON_TIER1__formal_goeke80__threeshift__e2-threeshift-200c-02__alns_e2_carbon__seed3,E_CARBON_TIER1,alns_e2_carbon,alns_e2_carbon,threeshift,e2-threeshift-200c-02,3,99,1293,vehicle_type_swap+greedy_insert_repair,native_vehicle_type_swap+greedy_insert_repair,4304.627810536176,,342.966678458004
E_CARBON_TIER1__formal_goeke80__threeshift__e2-threeshift-200c-02__alns_e2_carbon__seed3,E_CARBON_TIER1,alns_e2_carbon,alns_e2_carbon,threeshift,e2-threeshift-200c-02,3,100,1294,vehicle_type_swap+greedy_insert_repair,native_vehicle_type_swap+greedy_insert_repair,4294.751687043438,,342.99823225
E_CARBON_TIER1__formal_goeke80__threeshift__e2-threeshift-200c-02__alns_e2_carbon__seed3,E_CARBON_TIER1,alns_e2_carbon,alns_e2_carbon,threeshift,e2-threeshift-200c-02,3,101,1295,vehicle_type_swap+greedy_insert_repair,native_vehicle_type_swap+greedy_insert_repair,4288.428256504869,,343.0282345000014
E_CARBON_TIER1__formal_goeke80__threeshift__e2-threeshift-200c-02__alns_e2_carbon__seed3,E_CARBON_TIER1,alns_e2_carbon,alns_e2_carbon,threeshift,e2-threeshift-200c-02,3,102,5216,route_segment_removal+low_carbon_charging_repair,native_route_segment_removal+low_carbon_charging_repair,4282.788835880115,,841.3387626250042
E_CARBON_TIER1__formal_goeke80__threeshift__e2-threeshift-200c-02__alns_e2_carbon__seed3,E_CARBON_TIER1,alns_e2_carbon,alns_e2_carbon,threeshift,e2-threeshift-200c-02,3,103,9197,route_segment_removal+low_carbon_charging_repair,native_route_segment_removal+low_carbon_charging_repair,4281.02884867131,,962.8553529579949
E_CARBON_TIER1__formal_goeke80__threeshift__e2-threeshift-200c-02__alns_e2_carbon_ablation__seed1,E_CARBON_TIER1,alns_e2_carbon_ablation,alns_e2_carbon_ablation,threeshift,e2-threeshift-200c-02,1,0,0,shared_warm_start,shared_warm_start,6367.435478271547,,0.0005658750014845282
E_CARBON_TIER1__formal_goeke80__threeshift__e2-threeshift-200c-02__alns_e2_carbon_ablation__seed1,E_CARBON_TIER1,alns_e2_carbon_ablation,alns_e2_carbon_ablation,threeshift,e2-threeshift-200c-02,1,1,12,shaw_related_removal+regret2_insert_repair,native_shaw_related_removal+regret2_insert_repair,6209.25742162372,,3.5320947500003967
E_CARBON_TIER1__formal_goeke80__threeshift__e2-threeshift-200c-02__alns_e2_carbon_ablation__seed1,E_CARBON_TIER1,alns_e2_carbon_ablation,alns_e2_carbon_ablation,threeshift,e2-threeshift-200c-02,1,2,16,shaw_related_removal+regret2_insert_repair,native_shaw_related_removal+regret2_insert_repair,6151.876397330716,,4.797923667007126
E_CARBON_TIER1__formal_goeke80__threeshift__e2-threeshift-200c-02__alns_e2_carbon_ablation__seed1,E_CARBON_TIER1,alns_e2_carbon_ablation,alns_e2_carbon_ablation,threeshift,e2-threeshift-200c-02,1,3,19,shaw_related_removal+regret2_insert_repair,native_shaw_related_removal+regret2_insert_repair,6097.551411701042,,5.345855333012878
E_CARBON_TIER1__formal_goeke80__threeshift__e2-threeshift-200c-02__alns_e2_carbon_ablation__seed1,E_CARBON_TIER1,alns_e2_carbon_ablation,alns_e2_carbon_ablation,threeshift,e2-threeshift-200c-02,1,4,21,shaw_related_removal+regret2_insert_repair,native_shaw_related_removal+regret2_insert_repair,6010.321949798691,,5.5922581250051735
E_CARBON_TIER1__formal_goeke80__threeshift__e2-threeshift-200c-02__alns_e2_carbon_ablation__seed1,E_CARBON_TIER1,alns_e2_carbon_ablation,alns_e2_carbon_ablation,threeshift,e2-threeshift-200c-02,1,5,26,shaw_related_removal+regret2_insert_repair,native_shaw_related_removal+regret2_insert_repair,5863.9703040149625,,7.918926458005444
E_CARBON_TIER1__formal_goeke80__threeshift__e2-threeshift-200c-02__alns_e2_carbon_ablation__seed1,E_CARBON_TIER1,alns_e2_carbon_ablation,alns_e2_carbon_ablation,threeshift,e2-threeshift-200c-02,1,6,146,route_segment_removal+regret3_insert_repair,native_route_segment_removal+regret3_insert_repair,5857.669459244465,,42.90542562500923
E_CARBON_TIER1__formal_goeke80__threeshift__e2-threeshift-200c-02__alns_e2_carbon_ablation__seed1,E_CARBON_TIER1,alns_e2_carbon_ablation,alns_e2_carbon_ablation,threeshift,e2-threeshift-200c-02,1,7,148,route_segment_removal+regret3_insert_repair,native_route_segment_removal+regret3_insert_repair,5854.019120555367,,42.954049792009755
E_CARBON_TIER1__formal_goeke80__threeshift__e2-threeshift-200c-02__alns_e2_carbon_ablation__seed1,E_CARBON_TIER1,alns_e2_carbon_ablation,alns_e2_carbon_ablation,threeshift,e2-threeshift-200c-02,1,8,152,route_segment_removal+regret3_insert_repair,native_route_segment_removal+regret3_insert_repair,5809.199277396337,,43.00317316700239
E_CARBON_TIER1__formal_goeke80__threeshift__e2-threeshift-200c-02__alns_e2_carbon_ablation__seed1,E_CARBON_TIER1,alns_e2_carbon_ablation,alns_e2_carbon_ablation,threeshift,e2-threeshift-200c-02,1,9,155,route_segment_removal+regret3_insert_repair,native_route_segment_removal+regret3_insert_repair,5802.509016669663,,43.0316797500127
E_CARBON_TIER1__formal_goeke80__threeshift__e2-threeshift-200c-02__alns_e2_carbon_ablation__seed1,E_CARBON_TIER1,alns_e2_carbon_ablation,alns_e2_carbon_ablation,threeshift,e2-threeshift-200c-02,1,10,158,route_segment_removal+regret3_insert_repair,native_route_segment_removal+regret3_insert_repair,5728.144110998674,,43.06682770801126
E_CARBON_TIER1__formal_goeke80__threeshift__e2-threeshift-200c-02__alns_e2_carbon_ablation__seed1,E_CARBON_TIER1,alns_e2_carbon_ablation,alns_e2_carbon_ablation,threeshift,e2-threeshift-200c-02,1,11,166,route_segment_removal+regret3_insert_repair,native_route_segment_removal+regret3_insert_repair,5719.384514690303,,43.131716667005094
E_CARBON_TIER1__formal_goeke80__threeshift__e2-threeshift-200c-02__alns_e2_carbon_ablation__seed1,E_CARBON_TIER1,alns_e2_carbon_ablation,alns_e2_carbon_ablation,threeshift,e2-threeshift-200c-02,1,12,172,route_segment_removal+regret3_insert_repair,native_route_segment_removal+regret3_insert_repair,5716.738030197818,,43.17190779201337
E_CARBON_TIER1__formal_goeke80__threeshift__e2-threeshift-200c-02__alns_e2_carbon_ablation__seed1,E_CARBON_TIER1,alns_e2_carbon_ablation,alns_e2_carbon_ablation,threeshift,e2-threeshift-200c-02,1,13,175,route_segment_removal+regret3_insert_repair,native_route_segment_removal+regret3_insert_repair,5691.4531171056105,,43.19826504201046
E_CARBON_TIER1__formal_goeke80__threeshift__e2-threeshift-200c-02__alns_e2_carbon_ablation__seed1,E_CARBON_TIER1,alns_e2_carbon_ablation,alns_e2_carbon_ablation,threeshift,e2-threeshift-200c-02,1,14,186,route_segment_removal+regret3_insert_repair,native_route_segment_removal+regret3_insert_repair,5685.014836575277,,43.290624333007145
E_CARBON_TIER1__formal_goeke80__threeshift__e2-threeshift-200c-02__alns_e2_carbon_ablation__seed1,E_CARBON_TIER1,alns_e2_carbon_ablation,alns_e2_carbon_ablation,threeshift,e2-threeshift-200c-02,1,15,191,route_segment_removal+regret3_insert_repair,native_route_segment_removal+regret3_insert_repair,5684.936722141688,,43.33610366701032
E_CARBON_TIER1__formal_goeke80__threeshift__e2-threeshift-200c-02__alns_e2_carbon_ablation__seed1,E_CARBON_TIER1,alns_e2_carbon_ablation,alns_e2_carbon_ablation,threeshift,e2-threeshift-200c-02,1,16,193,route_segment_removal+regret3_insert_repair,native_route_segment_removal+regret3_insert_repair,5679.235246356933,,43.35462754200853
E_CARBON_TIER1__formal_goeke80__threeshift__e2-threeshift-200c-02__alns_e2_carbon_ablation__seed1,E_CARBON_TIER1,alns_e2_carbon_ablation,alns_e2_carbon_ablation,threeshift,e2-threeshift-200c-02,1,17,199,route_segment_removal+regret3_insert_repair,native_route_segment_removal+regret3_insert_repair,5566.409482157378,,43.409739417009405
E_CARBON_TIER1__formal_goeke80__threeshift__e2-threeshift-200c-02__alns_e2_carbon_ablation__seed1,E_CARBON_TIER1,alns_e2_carbon_ablation,alns_e2_carbon_ablation,threeshift,e2-threeshift-200c-02,1,18,205,route_segment_removal+regret3_insert_repair,native_route_segment_removal+regret3_insert_repair,5562.579594967479,,43.46382733300561
E_CARBON_TIER1__formal_goeke80__threeshift__e2-threeshift-200c-02__alns_e2_carbon_ablation__seed1,E_CARBON_TIER1,alns_e2_carbon_ablation,alns_e2_carbon_ablation,threeshift,e2-threeshift-200c-02,1,19,215,route_segment_removal+regret3_insert_repair,native_route_segment_removal+regret3_insert_repair,5555.150811246934,,43.5518782500003
E_CARBON_TIER1__formal_goeke80__threeshift__e2-threeshift-200c-02__alns_e2_carbon_ablation__seed1,E_CARBON_TIER1,alns_e2_carbon_ablation,alns_e2_carbon_ablation,threeshift,e2-threeshift-200c-02,1,20,217,route_segment_removal+regret3_insert_repair,native_route_segment_removal+regret3_insert_repair,5553.156941503921,,43.57239283301169
E_CARBON_TIER1__formal_goeke80__threeshift__e2-threeshift-200c-02__alns_e2_carbon_ablation__seed1,E_CARBON_TIER1,alns_e2_carbon_ablation,alns_e2_carbon_ablation,threeshift,e2-threeshift-200c-02,1,21,218,route_segment_removal+regret3_insert_repair,native_route_segment_removal+regret3_insert_repair,5549.156825699466,,43.59788333300094
E_CARBON_TIER1__formal_goeke80__threeshift__e2-threeshift-200c-02__alns_e2_carbon_ablation__seed1,E_CARBON_TIER1,alns_e2_carbon_ablation,alns_e2_carbon_ablation,threeshift,e2-threeshift-200c-02,1,22,221,route_segment_removal+regret3_insert_repair,native_route_segment_removal+regret3_insert_repair,5518.493485379648,,43.62494045800122
E_CARBON_TIER1__formal_goeke80__threeshift__e2-threeshift-200c-02__alns_e2_carbon_ablation__seed1,E_CARBON_TIER1,alns_e2_carbon_ablation,alns_e2_carbon_ablation,threeshift,e2-threeshift-200c-02,1,23,226,route_segment_removal+regret3_insert_repair,native_route_segment_removal+regret3_insert_repair,5465.294248426357,,43.6694082920003
E_CARBON_TIER1__formal_goeke80__threeshift__e2-threeshift-200c-02__alns_e2_carbon_ablation__seed1,E_CARBON_TIER1,alns_e2_carbon_ablation,alns_e2_carbon_ablation,threeshift,e2-threeshift-200c-02,1,24,233,route_segment_removal+regret3_insert_repair,native_route_segment_removal+regret3_insert_repair,5465.026792278073,,43.72381462500198
E_CARBON_TIER1__formal_goeke80__threeshift__e2-threeshift-200c-02__alns_e2_carbon_ablation__seed1,E_CARBON_TIER1,alns_e2_carbon_ablation,alns_e2_carbon_ablation,threeshift,e2-threeshift-200c-02,1,25,244,route_segment_removal+regret3_insert_repair,native_route_segment_removal+regret3_insert_repair,5420.885673718734,,43.799198875
E_CARBON_TIER1__formal_goeke80__threeshift__e2-threeshift-200c-02__alns_e2_carbon_ablation__seed1,E_CARBON_TIER1,alns_e2_carbon_ablation,alns_e2_carbon_ablation,threeshift,e2-threeshift-200c-02,1,26,246,route_segment_removal+regret3_insert_repair,native_route_segment_removal+regret3_insert_repair,5412.614997326196,,43.8192970000091
E_CARBON_TIER1__formal_goeke80__threeshift__e2-threeshift-200c-02__alns_e2_carbon_ablation__seed1,E_CARBON_TIER1,alns_e2_carbon_ablation,alns_e2_carbon_ablation,threeshift,e2-threeshift-200c-02,1,27,257,route_segment_removal+regret3_insert_repair,native_route_segment_removal+regret3_insert_repair,5395.073053026903,,43.906539542003884
E_CARBON_TIER1__formal_goeke80__threeshift__e2-threeshift-200c-02__alns_e2_carbon_ablation__seed1,E_CARBON_TIER1,alns_e2_carbon_ablation,alns_e2_carbon_ablation,threeshift,e2-threeshift-200c-02,1,28,258,route_segment_removal+regret3_insert_repair,native_route_segment_removal+regret3_insert_repair,5391.906926561055,,43.920463375005056
E_CARBON_TIER1__formal_goeke80__threeshift__e2-threeshift-200c-02__alns_e2_carbon_ablation__seed1,E_CARBON_TIER1,alns_e2_carbon_ablation,alns_e2_carbon_ablation,threeshift,e2-threeshift-200c-02,1,29,260,route_segment_removal+regret3_insert_repair,native_route_segment_removal+regret3_insert_repair,5390.841458956862,,43.94662304200756
E_CARBON_TIER1__formal_goeke80__threeshift__e2-threeshift-200c-02__alns_e2_carbon_ablation__seed1,E_CARBON_TIER1,alns_e2_carbon_ablation,alns_e2_carbon_ablation,threeshift,e2-threeshift-200c-02,1,30,273,route_segment_removal+regret3_insert_repair,native_route_segment_removal+regret3_insert_repair,5380.8308476152015,,44.036421292010345
E_CARBON_TIER1__formal_goeke80__threeshift__e2-threeshift-200c-02__alns_e2_carbon_ablation__seed1,E_CARBON_TIER1,alns_e2_carbon_ablation,alns_e2_carbon_ablation,threeshift,e2-threeshift-200c-02,1,31,276,route_segment_removal+regret3_insert_repair,native_route_segment_removal+regret3_insert_repair,5379.109188061705,,44.061645917012356
E_CARBON_TIER1__formal_goeke80__threeshift__e2-threeshift-200c-02__alns_e2_carbon_ablation__seed1,E_CARBON_TIER1,alns_e2_carbon_ablation,alns_e2_carbon_ablation,threeshift,e2-threeshift-200c-02,1,32,299,route_segment_removal+regret3_insert_repair,native_route_segment_removal+regret3_insert_repair,5302.340891526717,,44.217770667004515
E_CARBON_TIER1__formal_goeke80__threeshift__e2-threeshift-200c-02__alns_e2_carbon_ablation__seed1,E_CARBON_TIER1,alns_e2_carbon_ablation,alns_e2_carbon_ablation,threeshift,e2-threeshift-200c-02,1,33,307,route_segment_removal+regret3_insert_repair,native_route_segment_removal+regret3_insert_repair,5288.023242527719,,44.26949500000046
E_CARBON_TIER1__formal_goeke80__threeshift__e2-threeshift-200c-02__alns_e2_carbon_ablation__seed1,E_CARBON_TIER1,alns_e2_carbon_ablation,alns_e2_carbon_ablation,threeshift,e2-threeshift-200c-02,1,34,329,route_segment_removal+regret3_insert_repair,native_route_segment_removal+regret3_insert_repair,5284.136956917404,,44.41396854200866
E_CARBON_TIER1__formal_goeke80__threeshift__e2-threeshift-200c-02__alns_e2_carbon_ablation__seed1,E_CARBON_TIER1,alns_e2_carbon_ablation,alns_e2_carbon_ablation,threeshift,e2-threeshift-200c-02,1,35,331,route_segment_removal+regret3_insert_repair,native_route_segment_removal+regret3_insert_repair,5203.91770924176,,44.43389958300395
E_CARBON_TIER1__formal_goeke80__threeshift__e2-threeshift-200c-02__alns_e2_carbon_ablation__seed1,E_CARBON_TIER1,alns_e2_carbon_ablation,alns_e2_carbon_ablation,threeshift,e2-threeshift-200c-02,1,36,335,route_segment_removal+regret3_insert_repair,native_route_segment_removal+regret3_insert_repair,5201.865750935776,,44.47402570801205
E_CARBON_TIER1__formal_goeke80__threeshift__e2-threeshift-200c-02__alns_e2_carbon_ablation__seed1,E_CARBON_TIER1,alns_e2_carbon_ablation,alns_e2_carbon_ablation,threeshift,e2-threeshift-200c-02,1,37,343,route_segment_removal+regret3_insert_repair,native_route_segment_removal+regret3_insert_repair,5191.246439924598,,44.5437080420088
E_CARBON_TIER1__formal_goeke80__threeshift__e2-threeshift-200c-02__alns_e2_carbon_ablation__seed1,E_CARBON_TIER1,alns_e2_carbon_ablation,alns_e2_carbon_ablation,threeshift,e2-threeshift-200c-02,1,38,351,route_segment_removal+regret3_insert_repair,native_route_segment_removal+regret3_insert_repair,5111.3847427628325,,44.60556541700498
E_CARBON_TIER1__formal_goeke80__threeshift__e2-threeshift-200c-02__alns_e2_carbon_ablation__seed1,E_CARBON_TIER1,alns_e2_carbon_ablation,alns_e2_carbon_ablation,threeshift,e2-threeshift-200c-02,1,39,364,route_segment_removal+regret3_insert_repair,native_route_segment_removal+regret3_insert_repair,5107.424522028113,,44.69925845800026
E_CARBON_TIER1__formal_goeke80__threeshift__e2-threeshift-200c-02__alns_e2_carbon_ablation__seed1,E_CARBON_TIER1,alns_e2_carbon_ablation,alns_e2_carbon_ablation,threeshift,e2-threeshift-200c-02,1,40,373,route_segment_removal+regret3_insert_repair,native_route_segment_removal+regret3_insert_repair,5106.868322129616,,44.773807000005036
E_CARBON_TIER1__formal_goeke80__threeshift__e2-threeshift-200c-02__alns_e2_carbon_ablation__seed1,E_CARBON_TIER1,alns_e2_carbon_ablation,alns_e2_carbon_ablation,threeshift,e2-threeshift-200c-02,1,41,451,route_segment_removal+regret3_insert_repair,native_route_segment_removal+regret3_insert_repair,5106.707848671915,,45.258008500008145
E_CARBON_TIER1__formal_goeke80__threeshift__e2-threeshift-200c-02__alns_e2_carbon_ablation__seed1,E_CARBON_TIER1,alns_e2_carbon_ablation,alns_e2_carbon_ablation,threeshift,e2-threeshift-200c-02,1,42,464,route_segment_removal+regret3_insert_repair,native_route_segment_removal+regret3_insert_repair,5100.363579513743,,45.339301208005054
E_CARBON_TIER1__formal_goeke80__threeshift__e2-threeshift-200c-02__alns_e2_carbon_ablation__seed1,E_CARBON_TIER1,alns_e2_carbon_ablation,alns_e2_carbon_ablation,threeshift,e2-threeshift-200c-02,1,43,465,route_segment_removal+regret3_insert_repair,native_route_segment_removal+regret3_insert_repair,5098.44175711443,,45.35545029200148
E_CARBON_TIER1__formal_goeke80__threeshift__e2-threeshift-200c-02__alns_e2_carbon_ablation__seed1,E_CARBON_TIER1,alns_e2_carbon_ablation,alns_e2_carbon_ablation,threeshift,e2-threeshift-200c-02,1,44,472,route_segment_removal+regret3_insert_repair,native_route_segment_removal+regret3_insert_repair,5098.000447698801,,45.403842125000665
E_CARBON_TIER1__formal_goeke80__threeshift__e2-threeshift-200c-02__alns_e2_carbon_ablation__seed1,E_CARBON_TIER1,alns_e2_carbon_ablation,alns_e2_carbon_ablation,threeshift,e2-threeshift-200c-02,1,45,481,route_segment_removal+regret3_insert_repair,native_route_segment_removal+regret3_insert_repair,5089.275187364364,,45.465392458005226
E_CARBON_TIER1__formal_goeke80__threeshift__e2-threeshift-200c-02__alns_e2_carbon_ablation__seed1,E_CARBON_TIER1,alns_e2_carbon_ablation,alns_e2_carbon_ablation,threeshift,e2-threeshift-200c-02,1,46,510,route_segment_removal+regret3_insert_repair,native_route_segment_removal+regret3_insert_repair,5080.29742473388,,45.645942125003785
E_CARBON_TIER1__formal_goeke80__threeshift__e2-threeshift-200c-02__alns_e2_carbon_ablation__seed1,E_CARBON_TIER1,alns_e2_carbon_ablation,alns_e2_carbon_ablation,threeshift,e2-threeshift-200c-02,1,47,519,route_segment_removal+regret3_insert_repair,native_route_segment_removal+regret3_insert_repair,5080.107490208904,,45.72306925000157
E_CARBON_TIER1__formal_goeke80__threeshift__e2-threeshift-200c-02__alns_e2_carbon_ablation__seed1,E_CARBON_TIER1,alns_e2_carbon_ablation,alns_e2_carbon_ablation,threeshift,e2-threeshift-200c-02,1,48,523,route_segment_removal+regret3_insert_repair,native_route_segment_removal+regret3_insert_repair,5077.582839362349,,45.768494625008316
E_CARBON_TIER1__formal_goeke80__threeshift__e2-threeshift-200c-02__alns_e2_carbon_ablation__seed1,E_CARBON_TIER1,alns_e2_carbon_ablation,alns_e2_carbon_ablation,threeshift,e2-threeshift-200c-02,1,49,536,route_segment_removal+regret3_insert_repair,native_route_segment_removal+regret3_insert_repair,5076.699802693102,,45.856699042007676
E_CARBON_TIER1__formal_goeke80__threeshift__e2-threeshift-200c-02__alns_e2_carbon_ablation__seed1,E_CARBON_TIER1,alns_e2_carbon_ablation,alns_e2_carbon_ablation,threeshift,e2-threeshift-200c-02,1,50,561,route_segment_removal+regret3_insert_repair,native_route_segment_removal+regret3_insert_repair,5058.758554648518,,46.06221908300358
E_CARBON_TIER1__formal_goeke80__threeshift__e2-threeshift-200c-02__alns_e2_carbon_ablation__seed1,E_CARBON_TIER1,alns_e2_carbon_ablation,alns_e2_carbon_ablation,threeshift,e2-threeshift-200c-02,1,51,605,route_segment_removal+regret3_insert_repair,native_route_segment_removal+regret3_insert_repair,5051.000488478345,,46.325185749999946
E_CARBON_TIER1__formal_goeke80__threeshift__e2-threeshift-200c-02__alns_e2_carbon_ablation__seed1,E_CARBON_TIER1,alns_e2_carbon_ablation,alns_e2_carbon_ablation,threeshift,e2-threeshift-200c-02,1,52,622,route_segment_removal+regret3_insert_repair,native_route_segment_removal+regret3_insert_repair,5049.022022532545,,46.44981254200684
E_CARBON_TIER1__formal_goeke80__threeshift__e2-threeshift-200c-02__alns_e2_carbon_ablation__seed1,E_CARBON_TIER1,alns_e2_carbon_ablation,alns_e2_carbon_ablation,threeshift,e2-threeshift-200c-02,1,53,635,route_segment_removal+regret3_insert_repair,native_route_segment_removal+regret3_insert_repair,5040.601633955861,,46.532184250012506
E_CARBON_TIER1__formal_goeke80__threeshift__e2-threeshift-200c-02__alns_e2_carbon_ablation__seed1,E_CARBON_TIER1,alns_e2_carbon_ablation,alns_e2_carbon_ablation,threeshift,e2-threeshift-200c-02,1,54,644,route_segment_removal+regret3_insert_repair,native_route_segment_removal+regret3_insert_repair,5039.004217858282,,46.588783417013474
E_CARBON_TIER1__formal_goeke80__threeshift__e2-threeshift-200c-02__alns_e2_carbon_ablation__seed1,E_CARBON_TIER1,alns_e2_carbon_ablation,alns_e2_carbon_ablation,threeshift,e2-threeshift-200c-02,1,55,670,route_segment_removal+regret3_insert_repair,native_route_segment_removal+regret3_insert_repair,5031.576502562323,,46.7456623330072
E_CARBON_TIER1__formal_goeke80__threeshift__e2-threeshift-200c-02__alns_e2_carbon_ablation__seed1,E_CARBON_TIER1,alns_e2_carbon_ablation,alns_e2_carbon_ablation,threeshift,e2-threeshift-200c-02,1,56,697,route_segment_removal+regret3_insert_repair,native_route_segment_removal+regret3_insert_repair,5028.944931587163,,46.96001608300139
E_CARBON_TIER1__formal_goeke80__threeshift__e2-threeshift-200c-02__alns_e2_carbon_ablation__seed1,E_CARBON_TIER1,alns_e2_carbon_ablation,alns_e2_carbon_ablation,threeshift,e2-threeshift-200c-02,1,57,703,route_segment_removal+regret3_insert_repair,native_route_segment_removal+regret3_insert_repair,5024.436025572483,,47.009299583005486
E_CARBON_TIER1__formal_goeke80__threeshift__e2-threeshift-200c-02__alns_e2_carbon_ablation__seed1,E_CARBON_TIER1,alns_e2_carbon_ablation,alns_e2_carbon_ablation,threeshift,e2-threeshift-200c-02,1,58,704,route_segment_removal+regret3_insert_repair,native_route_segment_removal+regret3_insert_repair,5024.002762114768,,47.0245215830073
E_CARBON_TIER1__formal_goeke80__threeshift__e2-threeshift-200c-02__alns_e2_carbon_ablation__seed1,E_CARBON_TIER1,alns_e2_carbon_ablation,alns_e2_carbon_ablation,threeshift,e2-threeshift-200c-02,1,59,714,route_segment_removal+regret3_insert_repair,native_route_segment_removal+regret3_insert_repair,5013.0276811087715,,47.09656366700074
E_CARBON_TIER1__formal_goeke80__threeshift__e2-threeshift-200c-02__alns_e2_carbon_ablation__seed1,E_CARBON_TIER1,alns_e2_carbon_ablation,alns_e2_carbon_ablation,threeshift,e2-threeshift-200c-02,1,60,716,route_segment_removal+regret3_insert_repair,native_route_segment_removal+regret3_insert_repair,5012.536276229006,,47.11659141701239
E_CARBON_TIER1__formal_goeke80__threeshift__e2-threeshift-200c-02__alns_e2_carbon_ablation__seed1,E_CARBON_TIER1,alns_e2_carbon_ablation,alns_e2_carbon_ablation,threeshift,e2-threeshift-200c-02,1,61,723,route_segment_removal+regret3_insert_repair,native_route_segment_removal+regret3_insert_repair,5008.5578808370055,,47.187547167006414
E_CARBON_TIER1__formal_goeke80__threeshift__e2-threeshift-200c-02__alns_e2_carbon_ablation__seed1,E_CARBON_TIER1,alns_e2_carbon_ablation,alns_e2_carbon_ablation,threeshift,e2-threeshift-200c-02,1,62,726,route_segment_removal+regret3_insert_repair,native_route_segment_removal+regret3_insert_repair,5003.633242436005,,47.21706587501103
E_CARBON_TIER1__formal_goeke80__threeshift__e2-threeshift-200c-02__alns_e2_carbon_ablation__seed1,E_CARBON_TIER1,alns_e2_carbon_ablation,alns_e2_carbon_ablation,threeshift,e2-threeshift-200c-02,1,63,734,route_segment_removal+regret3_insert_repair,native_route_segment_removal+regret3_insert_repair,4998.219689854923,,47.278057125004125
E_CARBON_TIER1__formal_goeke80__threeshift__e2-threeshift-200c-02__alns_e2_carbon_ablation__seed1,E_CARBON_TIER1,alns_e2_carbon_ablation,alns_e2_carbon_ablation,threeshift,e2-threeshift-200c-02,1,64,746,route_segment_removal+regret3_insert_repair,native_route_segment_removal+regret3_insert_repair,4986.257498318091,,47.36584754200885
E_CARBON_TIER1__formal_goeke80__threeshift__e2-threeshift-200c-02__alns_e2_carbon_ablation__seed1,E_CARBON_TIER1,alns_e2_carbon_ablation,alns_e2_carbon_ablation,threeshift,e2-threeshift-200c-02,1,65,776,route_segment_removal+regret3_insert_repair,native_route_segment_removal+regret3_insert_repair,4985.827556367602,,47.57257712499995
E_CARBON_TIER1__formal_goeke80__threeshift__e2-threeshift-200c-02__alns_e2_carbon_ablation__seed1,E_CARBON_TIER1,alns_e2_carbon_ablation,alns_e2_carbon_ablation,threeshift,e2-threeshift-200c-02,1,66,783,route_segment_removal+regret3_insert_repair,native_route_segment_removal+regret3_insert_repair,4966.604450724807,,47.627157833005185
E_CARBON_TIER1__formal_goeke80__threeshift__e2-threeshift-200c-02__alns_e2_carbon_ablation__seed1,E_CARBON_TIER1,alns_e2_carbon_ablation,alns_e2_carbon_ablation,threeshift,e2-threeshift-200c-02,1,67,840,route_segment_removal+regret3_insert_repair,native_route_segment_removal+regret3_insert_repair,4964.9568957962,,47.979716292000376
E_CARBON_TIER1__formal_goeke80__threeshift__e2-threeshift-200c-02__alns_e2_carbon_ablation__seed1,E_CARBON_TIER1,alns_e2_carbon_ablation,alns_e2_carbon_ablation,threeshift,e2-threeshift-200c-02,1,68,844,route_segment_removal+regret3_insert_repair,native_route_segment_removal+regret3_insert_repair,4960.255456007273,,48.0108014580037
E_CARBON_TIER1__formal_goeke80__threeshift__e2-threeshift-200c-02__alns_e2_carbon_ablation__seed1,E_CARBON_TIER1,alns_e2_carbon_ablation,alns_e2_carbon_ablation,threeshift,e2-threeshift-200c-02,1,69,854,route_segment_removal+regret3_insert_repair,native_route_segment_removal+regret3_insert_repair,4959.26075238581,,48.07045658300922
E_CARBON_TIER1__formal_goeke80__threeshift__e2-threeshift-200c-02__alns_e2_carbon_ablation__seed1,E_CARBON_TIER1,alns_e2_carbon_ablation,alns_e2_carbon_ablation,threeshift,e2-threeshift-200c-02,1,70,874,route_segment_removal+regret3_insert_repair,native_route_segment_removal+regret3_insert_repair,4957.433850556034,,48.19487162500445
E_CARBON_TIER1__formal_goeke80__threeshift__e2-threeshift-200c-02__alns_e2_carbon_ablation__seed1,E_CARBON_TIER1,alns_e2_carbon_ablation,alns_e2_carbon_ablation,threeshift,e2-threeshift-200c-02,1,71,929,route_segment_removal+regret3_insert_repair,native_route_segment_removal+regret3_insert_repair,4944.170511714515,,48.50825204201101
E_CARBON_TIER1__formal_goeke80__threeshift__e2-threeshift-200c-02__alns_e2_carbon_ablation__seed1,E_CARBON_TIER1,alns_e2_carbon_ablation,alns_e2_carbon_ablation,threeshift,e2-threeshift-200c-02,1,72,971,route_segment_removal+regret3_insert_repair,native_route_segment_removal+regret3_insert_repair,4940.518457696336,,48.84305191700696
E_CARBON_TIER1__formal_goeke80__threeshift__e2-threeshift-200c-02__alns_e2_carbon_ablation__seed1,E_CARBON_TIER1,alns_e2_carbon_ablation,alns_e2_carbon_ablation,threeshift,e2-threeshift-200c-02,1,73,972,route_segment_removal+regret3_insert_repair,native_route_segment_removal+regret3_insert_repair,4938.577359722801,,48.8570643330022
E_CARBON_TIER1__formal_goeke80__threeshift__e2-threeshift-200c-02__alns_e2_carbon_ablation__seed1,E_CARBON_TIER1,alns_e2_carbon_ablation,alns_e2_carbon_ablation,threeshift,e2-threeshift-200c-02,1,74,976,route_segment_removal+regret3_insert_repair,native_route_segment_removal+regret3_insert_repair,4931.209284526271,,48.887973417004105
E_CARBON_TIER1__formal_goeke80__threeshift__e2-threeshift-200c-02__alns_e2_carbon_ablation__seed1,E_CARBON_TIER1,alns_e2_carbon_ablation,alns_e2_carbon_ablation,threeshift,e2-threeshift-200c-02,1,75,990,route_segment_removal+regret3_insert_repair,native_route_segment_removal+regret3_insert_repair,4920.09845102,,48.98905712499982
E_CARBON_TIER1__formal_goeke80__threeshift__e2-threeshift-200c-02__alns_e2_carbon_ablation__seed1,E_CARBON_TIER1,alns_e2_carbon_ablation,alns_e2_carbon_ablation,threeshift,e2-threeshift-200c-02,1,76,991,route_segment_removal+regret3_insert_repair,native_route_segment_removal+regret3_insert_repair,4919.655462639631,,49.00954833300784
E_CARBON_TIER1__formal_goeke80__threeshift__e2-threeshift-200c-02__alns_e2_carbon_ablation__seed1,E_CARBON_TIER1,alns_e2_carbon_ablation,alns_e2_carbon_ablation,threeshift,e2-threeshift-200c-02,1,77,1009,route_segment_removal+regret3_insert_repair,native_route_segment_removal+regret3_insert_repair,4914.881889859453,,49.13547095800459
E_CARBON_TIER1__formal_goeke80__threeshift__e2-threeshift-200c-02__alns_e2_carbon_ablation__seed1,E_CARBON_TIER1,alns_e2_carbon_ablation,alns_e2_carbon_ablation,threeshift,e2-threeshift-200c-02,1,78,1012,route_segment_removal+regret3_insert_repair,native_route_segment_removal+regret3_insert_repair,4905.201613904823,,49.172987250000006
E_CARBON_TIER1__formal_goeke80__threeshift__e2-threeshift-200c-02__alns_e2_carbon_ablation__seed1,E_CARBON_TIER1,alns_e2_carbon_ablation,alns_e2_carbon_ablation,threeshift,e2-threeshift-200c-02,1,79,1052,route_segment_removal+regret3_insert_repair,native_route_segment_removal+regret3_insert_repair,4905.198892040389,,49.41421479200653
E_CARBON_TIER1__formal_goeke80__threeshift__e2-threeshift-200c-02__alns_e2_carbon_ablation__seed1,E_CARBON_TIER1,alns_e2_carbon_ablation,alns_e2_carbon_ablation,threeshift,e2-threeshift-200c-02,1,80,1063,route_segment_removal+regret3_insert_repair,native_route_segment_removal+regret3_insert_repair,4853.480967396904,,49.48833658300282
E_CARBON_TIER1__formal_goeke80__threeshift__e2-threeshift-200c-02__alns_e2_carbon_ablation__seed1,E_CARBON_TIER1,alns_e2_carbon_ablation,alns_e2_carbon_ablation,threeshift,e2-threeshift-200c-02,1,81,1081,route_segment_removal+regret3_insert_repair,native_route_segment_removal+regret3_insert_repair,4805.6341497413,,49.60889754201344
E_CARBON_TIER1__formal_goeke80__threeshift__e2-threeshift-200c-02__alns_e2_carbon_ablation__seed1,E_CARBON_TIER1,alns_e2_carbon_ablation,alns_e2_carbon_ablation,threeshift,e2-threeshift-200c-02,1,82,1092,route_segment_removal+regret3_insert_repair,native_route_segment_removal+regret3_insert_repair,4803.741192131196,,49.689094917004695
E_CARBON_TIER1__formal_goeke80__threeshift__e2-threeshift-200c-02__alns_e2_carbon_ablation__seed1,E_CARBON_TIER1,alns_e2_carbon_ablation,alns_e2_carbon_ablation,threeshift,e2-threeshift-200c-02,1,83,1093,route_segment_removal+regret3_insert_repair,native_route_segment_removal+regret3_insert_repair,4803.061853000475,,49.70257491701341
E_CARBON_TIER1__formal_goeke80__threeshift__e2-threeshift-200c-02__alns_e2_carbon_ablation__seed1,E_CARBON_TIER1,alns_e2_carbon_ablation,alns_e2_carbon_ablation,threeshift,e2-threeshift-200c-02,1,84,1096,route_segment_removal+regret3_insert_repair,native_route_segment_removal+regret3_insert_repair,4802.410480391158,,49.72413650000817
E_CARBON_TIER1__formal_goeke80__threeshift__e2-threeshift-200c-02__alns_e2_carbon_ablation__seed1,E_CARBON_TIER1,alns_e2_carbon_ablation,alns_e2_carbon_ablation,threeshift,e2-threeshift-200c-02,1,85,1102,route_segment_removal+regret3_insert_repair,native_route_segment_removal+regret3_insert_repair,4802.293909016437,,49.76874037500238
E_CARBON_TIER1__formal_goeke80__threeshift__e2-threeshift-200c-02__alns_e2_carbon_ablation__seed1,E_CARBON_TIER1,alns_e2_carbon_ablation,alns_e2_carbon_ablation,threeshift,e2-threeshift-200c-02,1,86,1112,route_segment_removal+regret3_insert_repair,native_route_segment_removal+regret3_insert_repair,4800.533396419721,,49.833632750000106
E_CARBON_TIER1__formal_goeke80__threeshift__e2-threeshift-200c-02__alns_e2_carbon_ablation__seed1,E_CARBON_TIER1,alns_e2_carbon_ablation,alns_e2_carbon_ablation,threeshift,e2-threeshift-200c-02,1,87,1115,route_segment_removal+regret3_insert_repair,native_route_segment_removal+regret3_insert_repair,4792.647951549953,,49.856582332999096
E_CARBON_TIER1__formal_goeke80__threeshift__e2-threeshift-200c-02__alns_e2_carbon_ablation__seed1,E_CARBON_TIER1,alns_e2_carbon_ablation,alns_e2_carbon_ablation,threeshift,e2-threeshift-200c-02,1,88,1142,route_segment_removal+regret3_insert_repair,native_route_segment_removal+regret3_insert_repair,4792.459556348104,,50.02234095800668
E_CARBON_TIER1__formal_goeke80__threeshift__e2-threeshift-200c-02__alns_e2_carbon_ablation__seed1,E_CARBON_TIER1,alns_e2_carbon_ablation,alns_e2_carbon_ablation,threeshift,e2-threeshift-200c-02,1,89,1155,route_segment_removal+regret3_insert_repair,native_route_segment_removal+regret3_insert_repair,4790.740828397525,,50.136577333003515
E_CARBON_TIER1__formal_goeke80__threeshift__e2-threeshift-200c-02__alns_e2_carbon_ablation__seed1,E_CARBON_TIER1,alns_e2_carbon_ablation,alns_e2_carbon_ablation,threeshift,e2-threeshift-200c-02,1,90,1156,route_segment_removal+regret3_insert_repair,native_route_segment_removal+regret3_insert_repair,4790.526035945352,,50.150952000010875
E_CARBON_TIER1__formal_goeke80__threeshift__e2-threeshift-200c-02__alns_e2_carbon_ablation__seed1,E_CARBON_TIER1,alns_e2_carbon_ablation,alns_e2_carbon_ablation,threeshift,e2-threeshift-200c-02,1,91,1161,route_segment_removal+regret3_insert_repair,native_route_segment_removal+regret3_insert_repair,4784.379965466925,,50.192168792011216
E_CARBON_TIER1__formal_goeke80__threeshift__e2-threeshift-200c-02__alns_e2_carbon_ablation__seed1,E_CARBON_TIER1,alns_e2_carbon_ablation,alns_e2_carbon_ablation,threeshift,e2-threeshift-200c-02,1,92,1170,route_segment_removal+regret3_insert_repair,native_route_segment_removal+regret3_insert_repair,4783.3448151296025,,50.2467845420033
E_CARBON_TIER1__formal_goeke80__threeshift__e2-threeshift-200c-02__alns_e2_carbon_ablation__seed1,E_CARBON_TIER1,alns_e2_carbon_ablation,alns_e2_carbon_ablation,threeshift,e2-threeshift-200c-02,1,93,1190,route_segment_removal+regret3_insert_repair,native_route_segment_removal+regret3_insert_repair,4782.859164333435,,50.37973162501294
E_CARBON_TIER1__formal_goeke80__threeshift__e2-threeshift-200c-02__alns_e2_carbon_ablation__seed1,E_CARBON_TIER1,alns_e2_carbon_ablation,alns_e2_carbon_ablation,threeshift,e2-threeshift-200c-02,1,94,1201,route_segment_removal+regret3_insert_repair,native_route_segment_removal+regret3_insert_repair,4781.680499199158,,50.454329167012474
E_CARBON_TIER1__formal_goeke80__threeshift__e2-threeshift-200c-02__alns_e2_carbon_ablation__seed1,E_CARBON_TIER1,alns_e2_carbon_ablation,alns_e2_carbon_ablation,threeshift,e2-threeshift-200c-02,1,95,1206,route_segment_removal+regret3_insert_repair,native_route_segment_removal+regret3_insert_repair,4780.916204510083,,50.49732741700427
E_CARBON_TIER1__formal_goeke80__threeshift__e2-threeshift-200c-02__alns_e2_carbon_ablation__seed1,E_CARBON_TIER1,alns_e2_carbon_ablation,alns_e2_carbon_ablation,threeshift,e2-threeshift-200c-02,1,96,1221,route_segment_removal+regret3_insert_repair,native_route_segment_removal+regret3_insert_repair,4765.817942779241,,50.61142516700784
E_CARBON_TIER1__formal_goeke80__threeshift__e2-threeshift-200c-02__alns_e2_carbon_ablation__seed1,E_CARBON_TIER1,alns_e2_carbon_ablation,alns_e2_carbon_ablation,threeshift,e2-threeshift-200c-02,1,97,1223,route_segment_removal+regret3_insert_repair,native_route_segment_removal+regret3_insert_repair,4762.289953165973,,50.63243666700146
E_CARBON_TIER1__formal_goeke80__threeshift__e2-threeshift-200c-02__alns_e2_carbon_ablation__seed1,E_CARBON_TIER1,alns_e2_carbon_ablation,alns_e2_carbon_ablation,threeshift,e2-threeshift-200c-02,1,98,1228,route_segment_removal+regret3_insert_repair,native_route_segment_removal+regret3_insert_repair,4750.693189900777,,50.67042116700031
E_CARBON_TIER1__formal_goeke80__threeshift__e2-threeshift-200c-02__alns_e2_carbon_ablation__seed1,E_CARBON_TIER1,alns_e2_carbon_ablation,alns_e2_carbon_ablation,threeshift,e2-threeshift-200c-02,1,99,1251,route_segment_removal+regret3_insert_repair,native_route_segment_removal+regret3_insert_repair,4744.618554735343,,50.85741079199943
E_CARBON_TIER1__formal_goeke80__threeshift__e2-threeshift-200c-02__alns_e2_carbon_ablation__seed1,E_CARBON_TIER1,alns_e2_carbon_ablation,alns_e2_carbon_ablation,threeshift,e2-threeshift-200c-02,1,100,1259,route_segment_removal+regret3_insert_repair,native_route_segment_removal+regret3_insert_repair,4743.81153521932,,50.92690937500447
E_CARBON_TIER1__formal_goeke80__threeshift__e2-threeshift-200c-02__alns_e2_carbon_ablation__seed1,E_CARBON_TIER1,alns_e2_carbon_ablation,alns_e2_carbon_ablation,threeshift,e2-threeshift-200c-02,1,101,1265,route_segment_removal+regret3_insert_repair,native_route_segment_removal+regret3_insert_repair,4730.0033232339665,,50.97972237500653
E_CARBON_TIER1__formal_goeke80__threeshift__e2-threeshift-200c-02__alns_e2_carbon_ablation__seed1,E_CARBON_TIER1,alns_e2_carbon_ablation,alns_e2_carbon_ablation,threeshift,e2-threeshift-200c-02,1,102,1299,route_segment_removal+regret3_insert_repair,native_route_segment_removal+regret3_insert_repair,4729.614582237543,,51.20089687500149
E_CARBON_TIER1__formal_goeke80__threeshift__e2-threeshift-200c-02__alns_e2_carbon_ablation__seed1,E_CARBON_TIER1,alns_e2_carbon_ablation,alns_e2_carbon_ablation,threeshift,e2-threeshift-200c-02,1,103,1348,route_segment_removal+regret3_insert_repair,native_route_segment_removal+regret3_insert_repair,4729.428722098772,,51.53027029200166
E_CARBON_TIER1__formal_goeke80__threeshift__e2-threeshift-200c-02__alns_e2_carbon_ablation__seed1,E_CARBON_TIER1,alns_e2_carbon_ablation,alns_e2_carbon_ablation,threeshift,e2-threeshift-200c-02,1,104,1433,route_segment_removal+regret3_insert_repair,native_route_segment_removal+regret3_insert_repair,4727.600525788725,,52.07371829201293
E_CARBON_TIER1__formal_goeke80__threeshift__e2-threeshift-200c-02__alns_e2_carbon_ablation__seed1,E_CARBON_TIER1,alns_e2_carbon_ablation,alns_e2_carbon_ablation,threeshift,e2-threeshift-200c-02,1,105,1471,route_segment_removal+regret3_insert_repair,native_route_segment_removal+regret3_insert_repair,4725.311952823901,,52.28243816700706
E_CARBON_TIER1__formal_goeke80__threeshift__e2-threeshift-200c-02__alns_e2_carbon_ablation__seed1,E_CARBON_TIER1,alns_e2_carbon_ablation,alns_e2_carbon_ablation,threeshift,e2-threeshift-200c-02,1,106,1490,route_segment_removal+regret3_insert_repair,native_route_segment_removal+regret3_insert_repair,4646.370658268924,,52.41901970800245
E_CARBON_TIER1__formal_goeke80__threeshift__e2-threeshift-200c-02__alns_e2_carbon_ablation__seed1,E_CARBON_TIER1,alns_e2_carbon_ablation,alns_e2_carbon_ablation,threeshift,e2-threeshift-200c-02,1,107,1532,route_segment_removal+regret3_insert_repair,native_route_segment_removal+regret3_insert_repair,4644.239435966176,,52.69068791701284
E_CARBON_TIER1__formal_goeke80__threeshift__e2-threeshift-200c-02__alns_e2_carbon_ablation__seed1,E_CARBON_TIER1,alns_e2_carbon_ablation,alns_e2_carbon_ablation,threeshift,e2-threeshift-200c-02,1,108,1587,route_segment_removal+regret3_insert_repair,native_route_segment_removal+regret3_insert_repair,4642.969339968092,,53.02150766699924
E_CARBON_TIER1__formal_goeke80__threeshift__e2-threeshift-200c-02__alns_e2_carbon_ablation__seed1,E_CARBON_TIER1,alns_e2_carbon_ablation,alns_e2_carbon_ablation,threeshift,e2-threeshift-200c-02,1,109,1615,route_segment_removal+regret3_insert_repair,native_route_segment_removal+regret3_insert_repair,4641.9211817469895,,53.230714958001045
E_CARBON_TIER1__formal_goeke80__threeshift__e2-threeshift-200c-02__alns_e2_carbon_ablation__seed1,E_CARBON_TIER1,alns_e2_carbon_ablation,alns_e2_carbon_ablation,threeshift,e2-threeshift-200c-02,1,110,1652,route_segment_removal+regret3_insert_repair,native_route_segment_removal+regret3_insert_repair,4641.23922685889,,53.46722812500957
E_CARBON_TIER1__formal_goeke80__threeshift__e2-threeshift-200c-02__alns_e2_carbon_ablation__seed1,E_CARBON_TIER1,alns_e2_carbon_ablation,alns_e2_carbon_ablation,threeshift,e2-threeshift-200c-02,1,111,1727,route_segment_removal+regret3_insert_repair,native_route_segment_removal+regret3_insert_repair,4640.864040802545,,53.88968883300549
E_CARBON_TIER1__formal_goeke80__threeshift__e2-threeshift-200c-02__alns_e2_carbon_ablation__seed1,E_CARBON_TIER1,alns_e2_carbon_ablation,alns_e2_carbon_ablation,threeshift,e2-threeshift-200c-02,1,112,1745,route_segment_removal+regret3_insert_repair,native_route_segment_removal+regret3_insert_repair,4640.633077599445,,54.0216084170097
E_CARBON_TIER1__formal_goeke80__threeshift__e2-threeshift-200c-02__alns_e2_carbon_ablation__seed1,E_CARBON_TIER1,alns_e2_carbon_ablation,alns_e2_carbon_ablation,threeshift,e2-threeshift-200c-02,1,113,1752,route_segment_removal+regret3_insert_repair,native_route_segment_removal+regret3_insert_repair,4639.983280442059,,54.07090570800938
E_CARBON_TIER1__formal_goeke80__threeshift__e2-threeshift-200c-02__alns_e2_carbon_ablation__seed1,E_CARBON_TIER1,alns_e2_carbon_ablation,alns_e2_carbon_ablation,threeshift,e2-threeshift-200c-02,1,114,1802,route_segment_removal+regret3_insert_repair,native_route_segment_removal+regret3_insert_repair,4631.093595287305,,54.40709274999972
E_CARBON_TIER1__formal_goeke80__threeshift__e2-threeshift-200c-02__alns_e2_carbon_ablation__seed1,E_CARBON_TIER1,alns_e2_carbon_ablation,alns_e2_carbon_ablation,threeshift,e2-threeshift-200c-02,1,115,1872,vehicle_type_swap+greedy_insert_repair,native_vehicle_type_swap+greedy_insert_repair,4607.692207836719,,54.88189666700782
E_CARBON_TIER1__formal_goeke80__threeshift__e2-threeshift-200c-02__alns_e2_carbon_ablation__seed1,E_CARBON_TIER1,alns_e2_carbon_ablation,alns_e2_carbon_ablation,threeshift,e2-threeshift-200c-02,1,116,1873,vehicle_type_swap+greedy_insert_repair,native_vehicle_type_swap+greedy_insert_repair,4587.2463831311015,,54.909345167005085
E_CARBON_TIER1__formal_goeke80__threeshift__e2-threeshift-200c-02__alns_e2_carbon_ablation__seed1,E_CARBON_TIER1,alns_e2_carbon_ablation,alns_e2_carbon_ablation,threeshift,e2-threeshift-200c-02,1,117,1874,vehicle_type_swap+greedy_insert_repair,native_vehicle_type_swap+greedy_insert_repair,4572.762798309844,,54.93753033300163
E_CARBON_TIER1__formal_goeke80__threeshift__e2-threeshift-200c-02__alns_e2_carbon_ablation__seed1,E_CARBON_TIER1,alns_e2_carbon_ablation,alns_e2_carbon_ablation,threeshift,e2-threeshift-200c-02,1,118,1875,vehicle_type_swap+greedy_insert_repair,native_vehicle_type_swap+greedy_insert_repair,4559.05672628583,,54.966087125008926
E_CARBON_TIER1__formal_goeke80__threeshift__e2-threeshift-200c-02__alns_e2_carbon_ablation__seed1,E_CARBON_TIER1,alns_e2_carbon_ablation,alns_e2_carbon_ablation,threeshift,e2-threeshift-200c-02,1,119,1877,vehicle_type_swap+greedy_insert_repair,native_vehicle_type_swap+greedy_insert_repair,4546.4922090683185,,55.01262891700026
E_CARBON_TIER1__formal_goeke80__threeshift__e2-threeshift-200c-02__alns_e2_carbon_ablation__seed1,E_CARBON_TIER1,alns_e2_carbon_ablation,alns_e2_carbon_ablation,threeshift,e2-threeshift-200c-02,1,120,1878,vehicle_type_swap+greedy_insert_repair,native_vehicle_type_swap+greedy_insert_repair,4535.516089307809,,55.04405012501229
E_CARBON_TIER1__formal_goeke80__threeshift__e2-threeshift-200c-02__alns_e2_carbon_ablation__seed1,E_CARBON_TIER1,alns_e2_carbon_ablation,alns_e2_carbon_ablation,threeshift,e2-threeshift-200c-02,1,121,1880,vehicle_type_swap+greedy_insert_repair,native_vehicle_type_swap+greedy_insert_repair,4518.441375546796,,55.09097687501344
E_CARBON_TIER1__formal_goeke80__threeshift__e2-threeshift-200c-02__alns_e2_carbon_ablation__seed1,E_CARBON_TIER1,alns_e2_carbon_ablation,alns_e2_carbon_ablation,threeshift,e2-threeshift-200c-02,1,122,1882,vehicle_type_swap+greedy_insert_repair,native_vehicle_type_swap+greedy_insert_repair,4507.499721679725,,55.14231191700674
E_CARBON_TIER1__formal_goeke80__threeshift__e2-threeshift-200c-02__alns_e2_carbon_ablation__seed1,E_CARBON_TIER1,alns_e2_carbon_ablation,alns_e2_carbon_ablation,threeshift,e2-threeshift-200c-02,1,123,1885,vehicle_type_swap+greedy_insert_repair,native_vehicle_type_swap+greedy_insert_repair,4499.275934937172,,55.21402970800409
E_CARBON_TIER1__formal_goeke80__threeshift__e2-threeshift-200c-02__alns_e2_carbon_ablation__seed1,E_CARBON_TIER1,alns_e2_carbon_ablation,alns_e2_carbon_ablation,threeshift,e2-threeshift-200c-02,1,124,2039,route_segment_removal+regret3_insert_repair,native_route_segment_removal+regret3_insert_repair,4497.058539983581,,60.376866750011686
E_CARBON_TIER1__formal_goeke80__threeshift__e2-threeshift-200c-02__alns_e2_carbon_ablation__seed1,E_CARBON_TIER1,alns_e2_carbon_ablation,alns_e2_carbon_ablation,threeshift,e2-threeshift-200c-02,1,125,2357,route_segment_removal+regret3_insert_repair,native_route_segment_removal+regret3_insert_repair,4497.0267435191645,,63.244621083009406
E_CARBON_TIER1__formal_goeke80__threeshift__e2-threeshift-200c-02__alns_e2_carbon_ablation__seed1,E_CARBON_TIER1,alns_e2_carbon_ablation,alns_e2_carbon_ablation,threeshift,e2-threeshift-200c-02,1,126,2533,route_segment_removal+regret3_insert_repair,native_route_segment_removal+regret3_insert_repair,4490.5670910369,,65.59584337500564
E_CARBON_TIER1__formal_goeke80__threeshift__e2-threeshift-200c-02__alns_e2_carbon_ablation__seed1,E_CARBON_TIER1,alns_e2_carbon_ablation,alns_e2_carbon_ablation,threeshift,e2-threeshift-200c-02,1,127,2604,route_segment_removal+regret3_insert_repair,native_route_segment_removal+regret3_insert_repair,4490.549723170172,,66.83397183300985
E_CARBON_TIER1__formal_goeke80__threeshift__e2-threeshift-200c-02__alns_e2_carbon_ablation__seed1,E_CARBON_TIER1,alns_e2_carbon_ablation,alns_e2_carbon_ablation,threeshift,e2-threeshift-200c-02,1,128,2732,route_segment_removal+regret3_insert_repair,native_route_segment_removal+regret3_insert_repair,4488.016040326613,,69.27933770800882
E_CARBON_TIER1__formal_goeke80__threeshift__e2-threeshift-200c-02__alns_e2_carbon_ablation__seed2,E_CARBON_TIER1,alns_e2_carbon_ablation,alns_e2_carbon_ablation,threeshift,e2-threeshift-200c-02,2,0,0,shared_warm_start,shared_warm_start,6367.435478271547,,0.0005559999990509823
E_CARBON_TIER1__formal_goeke80__threeshift__e2-threeshift-200c-02__alns_e2_carbon_ablation__seed2,E_CARBON_TIER1,alns_e2_carbon_ablation,alns_e2_carbon_ablation,threeshift,e2-threeshift-200c-02,2,1,9,random_customer_removal+regret3_insert_repair,native_random_customer_removal+regret3_insert_repair,5995.484725525713,,2.6711082909896504
E_CARBON_TIER1__formal_goeke80__threeshift__e2-threeshift-200c-02__alns_e2_carbon_ablation__seed2,E_CARBON_TIER1,alns_e2_carbon_ablation,alns_e2_carbon_ablation,threeshift,e2-threeshift-200c-02,2,2,11,random_customer_removal+regret3_insert_repair,native_random_customer_removal+regret3_insert_repair,5955.700197082092,,3.4429640829912387
E_CARBON_TIER1__formal_goeke80__threeshift__e2-threeshift-200c-02__alns_e2_carbon_ablation__seed2,E_CARBON_TIER1,alns_e2_carbon_ablation,alns_e2_carbon_ablation,threeshift,e2-threeshift-200c-02,2,3,12,random_customer_removal+regret3_insert_repair,native_random_customer_removal+regret3_insert_repair,5951.602501793425,,3.684490374987945
E_CARBON_TIER1__formal_goeke80__threeshift__e2-threeshift-200c-02__alns_e2_carbon_ablation__seed2,E_CARBON_TIER1,alns_e2_carbon_ablation,alns_e2_carbon_ablation,threeshift,e2-threeshift-200c-02,2,4,13,random_customer_removal+regret3_insert_repair,native_random_customer_removal+regret3_insert_repair,5918.062686659573,,3.7734296249982435
E_CARBON_TIER1__formal_goeke80__threeshift__e2-threeshift-200c-02__alns_e2_carbon_ablation__seed2,E_CARBON_TIER1,alns_e2_carbon_ablation,alns_e2_carbon_ablation,threeshift,e2-threeshift-200c-02,2,5,14,random_customer_removal+regret3_insert_repair,native_random_customer_removal+regret3_insert_repair,5823.392756079559,,4.08945491600025
E_CARBON_TIER1__formal_goeke80__threeshift__e2-threeshift-200c-02__alns_e2_carbon_ablation__seed2,E_CARBON_TIER1,alns_e2_carbon_ablation,alns_e2_carbon_ablation,threeshift,e2-threeshift-200c-02,2,6,15,random_customer_removal+regret3_insert_repair,native_random_customer_removal+regret3_insert_repair,5773.755058609882,,4.153940040996531
E_CARBON_TIER1__formal_goeke80__threeshift__e2-threeshift-200c-02__alns_e2_carbon_ablation__seed2,E_CARBON_TIER1,alns_e2_carbon_ablation,alns_e2_carbon_ablation,threeshift,e2-threeshift-200c-02,2,7,16,random_customer_removal+regret3_insert_repair,native_random_customer_removal+regret3_insert_repair,5765.6911963039365,,4.27251324999088
E_CARBON_TIER1__formal_goeke80__threeshift__e2-threeshift-200c-02__alns_e2_carbon_ablation__seed2,E_CARBON_TIER1,alns_e2_carbon_ablation,alns_e2_carbon_ablation,threeshift,e2-threeshift-200c-02,2,8,18,random_customer_removal+regret3_insert_repair,native_random_customer_removal+regret3_insert_repair,5709.614192217561,,4.858994790993165
E_CARBON_TIER1__formal_goeke80__threeshift__e2-threeshift-200c-02__alns_e2_carbon_ablation__seed2,E_CARBON_TIER1,alns_e2_carbon_ablation,alns_e2_carbon_ablation,threeshift,e2-threeshift-200c-02,2,9,21,random_customer_removal+regret3_insert_repair,native_random_customer_removal+regret3_insert_repair,5703.342723379073,,5.600218624997069
E_CARBON_TIER1__formal_goeke80__threeshift__e2-threeshift-200c-02__alns_e2_carbon_ablation__seed2,E_CARBON_TIER1,alns_e2_carbon_ablation,alns_e2_carbon_ablation,threeshift,e2-threeshift-200c-02,2,10,22,random_customer_removal+regret3_insert_repair,native_random_customer_removal+regret3_insert_repair,5640.234316450308,,5.894577957995352
E_CARBON_TIER1__formal_goeke80__threeshift__e2-threeshift-200c-02__alns_e2_carbon_ablation__seed2,E_CARBON_TIER1,alns_e2_carbon_ablation,alns_e2_carbon_ablation,threeshift,e2-threeshift-200c-02,2,11,23,random_customer_removal+regret3_insert_repair,native_random_customer_removal+regret3_insert_repair,5637.084342087982,,6.027017000000342
E_CARBON_TIER1__formal_goeke80__threeshift__e2-threeshift-200c-02__alns_e2_carbon_ablation__seed2,E_CARBON_TIER1,alns_e2_carbon_ablation,alns_e2_carbon_ablation,threeshift,e2-threeshift-200c-02,2,12,24,random_customer_removal+regret3_insert_repair,native_random_customer_removal+regret3_insert_repair,5607.845511410894,,6.312962290990981
E_CARBON_TIER1__formal_goeke80__threeshift__e2-threeshift-200c-02__alns_e2_carbon_ablation__seed2,E_CARBON_TIER1,alns_e2_carbon_ablation,alns_e2_carbon_ablation,threeshift,e2-threeshift-200c-02,2,13,25,random_customer_removal+regret3_insert_repair,native_random_customer_removal+regret3_insert_repair,5597.753302817454,,6.432637958001578
E_CARBON_TIER1__formal_goeke80__threeshift__e2-threeshift-200c-02__alns_e2_carbon_ablation__seed2,E_CARBON_TIER1,alns_e2_carbon_ablation,alns_e2_carbon_ablation,threeshift,e2-threeshift-200c-02,2,14,29,random_customer_removal+regret3_insert_repair,native_random_customer_removal+regret3_insert_repair,5559.839278715523,,7.05197054099699
E_CARBON_TIER1__formal_goeke80__threeshift__e2-threeshift-200c-02__alns_e2_carbon_ablation__seed2,E_CARBON_TIER1,alns_e2_carbon_ablation,alns_e2_carbon_ablation,threeshift,e2-threeshift-200c-02,2,15,32,random_customer_removal+regret3_insert_repair,native_random_customer_removal+regret3_insert_repair,5502.148426600946,,8.178394457994727
E_CARBON_TIER1__formal_goeke80__threeshift__e2-threeshift-200c-02__alns_e2_carbon_ablation__seed2,E_CARBON_TIER1,alns_e2_carbon_ablation,alns_e2_carbon_ablation,threeshift,e2-threeshift-200c-02,2,16,33,random_customer_removal+regret3_insert_repair,native_random_customer_removal+regret3_insert_repair,5496.982326147215,,8.246502040987252
E_CARBON_TIER1__formal_goeke80__threeshift__e2-threeshift-200c-02__alns_e2_carbon_ablation__seed2,E_CARBON_TIER1,alns_e2_carbon_ablation,alns_e2_carbon_ablation,threeshift,e2-threeshift-200c-02,2,17,34,random_customer_removal+regret3_insert_repair,native_random_customer_removal+regret3_insert_repair,5438.736498277337,,8.900985000000219
E_CARBON_TIER1__formal_goeke80__threeshift__e2-threeshift-200c-02__alns_e2_carbon_ablation__seed2,E_CARBON_TIER1,alns_e2_carbon_ablation,alns_e2_carbon_ablation,threeshift,e2-threeshift-200c-02,2,18,36,random_customer_removal+regret3_insert_repair,native_random_customer_removal+regret3_insert_repair,5320.175850574252,,9.827630249987124
E_CARBON_TIER1__formal_goeke80__threeshift__e2-threeshift-200c-02__alns_e2_carbon_ablation__seed2,E_CARBON_TIER1,alns_e2_carbon_ablation,alns_e2_carbon_ablation,threeshift,e2-threeshift-200c-02,2,19,38,random_customer_removal+regret3_insert_repair,native_random_customer_removal+regret3_insert_repair,5319.6620200139805,,10.213191915987409
E_CARBON_TIER1__formal_goeke80__threeshift__e2-threeshift-200c-02__alns_e2_carbon_ablation__seed2,E_CARBON_TIER1,alns_e2_carbon_ablation,alns_e2_carbon_ablation,threeshift,e2-threeshift-200c-02,2,20,43,random_customer_removal+regret3_insert_repair,native_random_customer_removal+regret3_insert_repair,5255.936217139701,,12.194313249987317
E_CARBON_TIER1__formal_goeke80__threeshift__e2-threeshift-200c-02__alns_e2_carbon_ablation__seed2,E_CARBON_TIER1,alns_e2_carbon_ablation,alns_e2_carbon_ablation,threeshift,e2-threeshift-200c-02,2,21,45,random_customer_removal+regret3_insert_repair,native_random_customer_removal+regret3_insert_repair,5253.136089209667,,12.730620540998643
E_CARBON_TIER1__formal_goeke80__threeshift__e2-threeshift-200c-02__alns_e2_carbon_ablation__seed2,E_CARBON_TIER1,alns_e2_carbon_ablation,alns_e2_carbon_ablation,threeshift,e2-threeshift-200c-02,2,22,46,random_customer_removal+regret3_insert_repair,native_random_customer_removal+regret3_insert_repair,5174.938140480985,,13.092929165999522
E_CARBON_TIER1__formal_goeke80__threeshift__e2-threeshift-200c-02__alns_e2_carbon_ablation__seed2,E_CARBON_TIER1,alns_e2_carbon_ablation,alns_e2_carbon_ablation,threeshift,e2-threeshift-200c-02,2,23,49,random_customer_removal+regret3_insert_repair,native_random_customer_removal+regret3_insert_repair,5137.393752041027,,14.108290915988619
E_CARBON_TIER1__formal_goeke80__threeshift__e2-threeshift-200c-02__alns_e2_carbon_ablation__seed2,E_CARBON_TIER1,alns_e2_carbon_ablation,alns_e2_carbon_ablation,threeshift,e2-threeshift-200c-02,2,24,50,random_customer_removal+regret3_insert_repair,native_random_customer_removal+regret3_insert_repair,5122.787076246508,,14.316524290989037
E_CARBON_TIER1__formal_goeke80__threeshift__e2-threeshift-200c-02__alns_e2_carbon_ablation__seed2,E_CARBON_TIER1,alns_e2_carbon_ablation,alns_e2_carbon_ablation,threeshift,e2-threeshift-200c-02,2,25,51,random_customer_removal+regret3_insert_repair,native_random_customer_removal+regret3_insert_repair,5113.523706758716,,14.67140979100077
E_CARBON_TIER1__formal_goeke80__threeshift__e2-threeshift-200c-02__alns_e2_carbon_ablation__seed2,E_CARBON_TIER1,alns_e2_carbon_ablation,alns_e2_carbon_ablation,threeshift,e2-threeshift-200c-02,2,26,56,random_customer_removal+regret3_insert_repair,native_random_customer_removal+regret3_insert_repair,5093.779444734076,,16.96162608299346
E_CARBON_TIER1__formal_goeke80__threeshift__e2-threeshift-200c-02__alns_e2_carbon_ablation__seed2,E_CARBON_TIER1,alns_e2_carbon_ablation,alns_e2_carbon_ablation,threeshift,e2-threeshift-200c-02,2,27,60,random_customer_removal+regret3_insert_repair,native_random_customer_removal+regret3_insert_repair,5070.599152928762,,17.69576837499335
E_CARBON_TIER1__formal_goeke80__threeshift__e2-threeshift-200c-02__alns_e2_carbon_ablation__seed2,E_CARBON_TIER1,alns_e2_carbon_ablation,alns_e2_carbon_ablation,threeshift,e2-threeshift-200c-02,2,28,63,random_customer_removal+regret3_insert_repair,native_random_customer_removal+regret3_insert_repair,4986.313634453557,,18.789223915999173
E_CARBON_TIER1__formal_goeke80__threeshift__e2-threeshift-200c-02__alns_e2_carbon_ablation__seed2,E_CARBON_TIER1,alns_e2_carbon_ablation,alns_e2_carbon_ablation,threeshift,e2-threeshift-200c-02,2,29,65,random_customer_removal+regret3_insert_repair,native_random_customer_removal+regret3_insert_repair,4973.952932501662,,19.277532249994692
E_CARBON_TIER1__formal_goeke80__threeshift__e2-threeshift-200c-02__alns_e2_carbon_ablation__seed2,E_CARBON_TIER1,alns_e2_carbon_ablation,alns_e2_carbon_ablation,threeshift,e2-threeshift-200c-02,2,30,75,random_customer_removal+regret3_insert_repair,native_random_customer_removal+regret3_insert_repair,4953.515564231546,,22.38450895799906
E_CARBON_TIER1__formal_goeke80__threeshift__e2-threeshift-200c-02__alns_e2_carbon_ablation__seed2,E_CARBON_TIER1,alns_e2_carbon_ablation,alns_e2_carbon_ablation,threeshift,e2-threeshift-200c-02,2,31,80,random_customer_removal+regret3_insert_repair,native_random_customer_removal+regret3_insert_repair,4927.160282951593,,24.177529499997036
E_CARBON_TIER1__formal_goeke80__threeshift__e2-threeshift-200c-02__alns_e2_carbon_ablation__seed2,E_CARBON_TIER1,alns_e2_carbon_ablation,alns_e2_carbon_ablation,threeshift,e2-threeshift-200c-02,2,32,83,random_customer_removal+regret3_insert_repair,native_random_customer_removal+regret3_insert_repair,4924.985679249952,,24.70591379099642
E_CARBON_TIER1__formal_goeke80__threeshift__e2-threeshift-200c-02__alns_e2_carbon_ablation__seed2,E_CARBON_TIER1,alns_e2_carbon_ablation,alns_e2_carbon_ablation,threeshift,e2-threeshift-200c-02,2,33,84,random_customer_removal+regret3_insert_repair,native_random_customer_removal+regret3_insert_repair,4912.28227472523,,24.91053149999061
E_CARBON_TIER1__formal_goeke80__threeshift__e2-threeshift-200c-02__alns_e2_carbon_ablation__seed2,E_CARBON_TIER1,alns_e2_carbon_ablation,alns_e2_carbon_ablation,threeshift,e2-threeshift-200c-02,2,34,85,random_customer_removal+regret3_insert_repair,native_random_customer_removal+regret3_insert_repair,4898.37757300777,,25.077511790994322
E_CARBON_TIER1__formal_goeke80__threeshift__e2-threeshift-200c-02__alns_e2_carbon_ablation__seed2,E_CARBON_TIER1,alns_e2_carbon_ablation,alns_e2_carbon_ablation,threeshift,e2-threeshift-200c-02,2,35,94,random_customer_removal+regret3_insert_repair,native_random_customer_removal+regret3_insert_repair,4891.413053170376,,27.564297374992748
E_CARBON_TIER1__formal_goeke80__threeshift__e2-threeshift-200c-02__alns_e2_carbon_ablation__seed2,E_CARBON_TIER1,alns_e2_carbon_ablation,alns_e2_carbon_ablation,threeshift,e2-threeshift-200c-02,2,36,95,random_customer_removal+regret3_insert_repair,native_random_customer_removal+regret3_insert_repair,4872.063774305232,,27.891850874992087
E_CARBON_TIER1__formal_goeke80__threeshift__e2-threeshift-200c-02__alns_e2_carbon_ablation__seed2,E_CARBON_TIER1,alns_e2_carbon_ablation,alns_e2_carbon_ablation,threeshift,e2-threeshift-200c-02,2,37,102,random_customer_removal+regret3_insert_repair,native_random_customer_removal+regret3_insert_repair,4858.14541091977,,30.389453165989835
E_CARBON_TIER1__formal_goeke80__threeshift__e2-threeshift-200c-02__alns_e2_carbon_ablation__seed2,E_CARBON_TIER1,alns_e2_carbon_ablation,alns_e2_carbon_ablation,threeshift,e2-threeshift-200c-02,2,38,104,random_customer_removal+regret3_insert_repair,native_random_customer_removal+regret3_insert_repair,4790.733214898963,,30.79609645799792
E_CARBON_TIER1__formal_goeke80__threeshift__e2-threeshift-200c-02__alns_e2_carbon_ablation__seed2,E_CARBON_TIER1,alns_e2_carbon_ablation,alns_e2_carbon_ablation,threeshift,e2-threeshift-200c-02,2,39,106,random_customer_removal+regret3_insert_repair,native_random_customer_removal+regret3_insert_repair,4753.949529166925,,31.516504832994542
E_CARBON_TIER1__formal_goeke80__threeshift__e2-threeshift-200c-02__alns_e2_carbon_ablation__seed2,E_CARBON_TIER1,alns_e2_carbon_ablation,alns_e2_carbon_ablation,threeshift,e2-threeshift-200c-02,2,40,107,random_customer_removal+regret3_insert_repair,native_random_customer_removal+regret3_insert_repair,4717.368119753034,,31.6850264579989
E_CARBON_TIER1__formal_goeke80__threeshift__e2-threeshift-200c-02__alns_e2_carbon_ablation__seed2,E_CARBON_TIER1,alns_e2_carbon_ablation,alns_e2_carbon_ablation,threeshift,e2-threeshift-200c-02,2,41,108,random_customer_removal+regret3_insert_repair,native_random_customer_removal+regret3_insert_repair,4713.722634996564,,31.904246833000798
E_CARBON_TIER1__formal_goeke80__threeshift__e2-threeshift-200c-02__alns_e2_carbon_ablation__seed2,E_CARBON_TIER1,alns_e2_carbon_ablation,alns_e2_carbon_ablation,threeshift,e2-threeshift-200c-02,2,42,110,random_customer_removal+regret3_insert_repair,native_random_customer_removal+regret3_insert_repair,4642.953390802438,,32.675992541000596
E_CARBON_TIER1__formal_goeke80__threeshift__e2-threeshift-200c-02__alns_e2_carbon_ablation__seed2,E_CARBON_TIER1,alns_e2_carbon_ablation,alns_e2_carbon_ablation,threeshift,e2-threeshift-200c-02,2,43,116,random_customer_removal+regret3_insert_repair,native_random_customer_removal+regret3_insert_repair,4641.343611933466,,33.977766749987495
E_CARBON_TIER1__formal_goeke80__threeshift__e2-threeshift-200c-02__alns_e2_carbon_ablation__seed2,E_CARBON_TIER1,alns_e2_carbon_ablation,alns_e2_carbon_ablation,threeshift,e2-threeshift-200c-02,2,44,140,random_customer_removal+regret3_insert_repair,native_random_customer_removal+regret3_insert_repair,4638.058830826965,,41.693415207992075
E_CARBON_TIER1__formal_goeke80__threeshift__e2-threeshift-200c-02__alns_e2_carbon_ablation__seed2,E_CARBON_TIER1,alns_e2_carbon_ablation,alns_e2_carbon_ablation,threeshift,e2-threeshift-200c-02,2,45,150,random_customer_removal+regret3_insert_repair,native_random_customer_removal+regret3_insert_repair,4632.016854691928,,45.10270504099026
E_CARBON_TIER1__formal_goeke80__threeshift__e2-threeshift-200c-02__alns_e2_carbon_ablation__seed2,E_CARBON_TIER1,alns_e2_carbon_ablation,alns_e2_carbon_ablation,threeshift,e2-threeshift-200c-02,2,46,155,random_customer_removal+regret3_insert_repair,native_random_customer_removal+regret3_insert_repair,4631.624994039623,,46.74180824999348
E_CARBON_TIER1__formal_goeke80__threeshift__e2-threeshift-200c-02__alns_e2_carbon_ablation__seed2,E_CARBON_TIER1,alns_e2_carbon_ablation,alns_e2_carbon_ablation,threeshift,e2-threeshift-200c-02,2,47,158,random_customer_removal+regret3_insert_repair,native_random_customer_removal+regret3_insert_repair,4629.002045738727,,47.51296949999232
E_CARBON_TIER1__formal_goeke80__threeshift__e2-threeshift-200c-02__alns_e2_carbon_ablation__seed2,E_CARBON_TIER1,alns_e2_carbon_ablation,alns_e2_carbon_ablation,threeshift,e2-threeshift-200c-02,2,48,160,random_customer_removal+regret3_insert_repair,native_random_customer_removal+regret3_insert_repair,4625.217035030726,,48.17432758299401
E_CARBON_TIER1__formal_goeke80__threeshift__e2-threeshift-200c-02__alns_e2_carbon_ablation__seed2,E_CARBON_TIER1,alns_e2_carbon_ablation,alns_e2_carbon_ablation,threeshift,e2-threeshift-200c-02,2,49,162,random_customer_removal+regret3_insert_repair,native_random_customer_removal+regret3_insert_repair,4624.140194176257,,48.37461549999716
E_CARBON_TIER1__formal_goeke80__threeshift__e2-threeshift-200c-02__alns_e2_carbon_ablation__seed2,E_CARBON_TIER1,alns_e2_carbon_ablation,alns_e2_carbon_ablation,threeshift,e2-threeshift-200c-02,2,50,169,random_customer_removal+regret3_insert_repair,native_random_customer_removal+regret3_insert_repair,4620.971980052066,,50.45414724999864
E_CARBON_TIER1__formal_goeke80__threeshift__e2-threeshift-200c-02__alns_e2_carbon_ablation__seed2,E_CARBON_TIER1,alns_e2_carbon_ablation,alns_e2_carbon_ablation,threeshift,e2-threeshift-200c-02,2,51,175,random_customer_removal+regret3_insert_repair,native_random_customer_removal+regret3_insert_repair,4618.175366113119,,51.5745380409935
E_CARBON_TIER1__formal_goeke80__threeshift__e2-threeshift-200c-02__alns_e2_carbon_ablation__seed2,E_CARBON_TIER1,alns_e2_carbon_ablation,alns_e2_carbon_ablation,threeshift,e2-threeshift-200c-02,2,52,180,random_customer_removal+regret3_insert_repair,native_random_customer_removal+regret3_insert_repair,4614.8335619680165,,52.83992737499648
E_CARBON_TIER1__formal_goeke80__threeshift__e2-threeshift-200c-02__alns_e2_carbon_ablation__seed2,E_CARBON_TIER1,alns_e2_carbon_ablation,alns_e2_carbon_ablation,threeshift,e2-threeshift-200c-02,2,53,183,random_customer_removal+regret3_insert_repair,native_random_customer_removal+regret3_insert_repair,4611.561046311257,,53.632672583000385
E_CARBON_TIER1__formal_goeke80__threeshift__e2-threeshift-200c-02__alns_e2_carbon_ablation__seed2,E_CARBON_TIER1,alns_e2_carbon_ablation,alns_e2_carbon_ablation,threeshift,e2-threeshift-200c-02,2,54,185,random_customer_removal+regret3_insert_repair,native_random_customer_removal+regret3_insert_repair,4611.427950691549,,54.13270420799381
E_CARBON_TIER1__formal_goeke80__threeshift__e2-threeshift-200c-02__alns_e2_carbon_ablation__seed2,E_CARBON_TIER1,alns_e2_carbon_ablation,alns_e2_carbon_ablation,threeshift,e2-threeshift-200c-02,2,55,187,random_customer_removal+regret3_insert_repair,native_random_customer_removal+regret3_insert_repair,4608.695976482822,,54.60071616599453
E_CARBON_TIER1__formal_goeke80__threeshift__e2-threeshift-200c-02__alns_e2_carbon_ablation__seed2,E_CARBON_TIER1,alns_e2_carbon_ablation,alns_e2_carbon_ablation,threeshift,e2-threeshift-200c-02,2,56,192,random_customer_removal+regret3_insert_repair,native_random_customer_removal+regret3_insert_repair,4608.693458608751,,55.73033912498795
E_CARBON_TIER1__formal_goeke80__threeshift__e2-threeshift-200c-02__alns_e2_carbon_ablation__seed2,E_CARBON_TIER1,alns_e2_carbon_ablation,alns_e2_carbon_ablation,threeshift,e2-threeshift-200c-02,2,57,193,random_customer_removal+regret3_insert_repair,native_random_customer_removal+regret3_insert_repair,4608.669248927392,,55.840214707990526
E_CARBON_TIER1__formal_goeke80__threeshift__e2-threeshift-200c-02__alns_e2_carbon_ablation__seed2,E_CARBON_TIER1,alns_e2_carbon_ablation,alns_e2_carbon_ablation,threeshift,e2-threeshift-200c-02,2,58,222,random_customer_removal+regret3_insert_repair,native_random_customer_removal+regret3_insert_repair,4606.827597732214,,65.29086479099351
E_CARBON_TIER1__formal_goeke80__threeshift__e2-threeshift-200c-02__alns_e2_carbon_ablation__seed2,E_CARBON_TIER1,alns_e2_carbon_ablation,alns_e2_carbon_ablation,threeshift,e2-threeshift-200c-02,2,59,257,random_customer_removal+regret3_insert_repair,native_random_customer_removal+regret3_insert_repair,4601.178457485176,,76.18292783299694
E_CARBON_TIER1__formal_goeke80__threeshift__e2-threeshift-200c-02__alns_e2_carbon_ablation__seed2,E_CARBON_TIER1,alns_e2_carbon_ablation,alns_e2_carbon_ablation,threeshift,e2-threeshift-200c-02,2,60,309,random_customer_removal+regret3_insert_repair,native_random_customer_removal+regret3_insert_repair,4596.860360123424,,90.7155965409911
E_CARBON_TIER1__formal_goeke80__threeshift__e2-threeshift-200c-02__alns_e2_carbon_ablation__seed2,E_CARBON_TIER1,alns_e2_carbon_ablation,alns_e2_carbon_ablation,threeshift,e2-threeshift-200c-02,2,61,420,random_customer_removal+regret3_insert_repair,native_random_customer_removal+regret3_insert_repair,4596.787097617392,,122.66652662499109
E_CARBON_TIER1__formal_goeke80__threeshift__e2-threeshift-200c-02__alns_e2_carbon_ablation__seed2,E_CARBON_TIER1,alns_e2_carbon_ablation,alns_e2_carbon_ablation,threeshift,e2-threeshift-200c-02,2,62,450,random_customer_removal+regret3_insert_repair,native_random_customer_removal+regret3_insert_repair,4592.991832509735,,129.89548966599978
E_CARBON_TIER1__formal_goeke80__threeshift__e2-threeshift-200c-02__alns_e2_carbon_ablation__seed2,E_CARBON_TIER1,alns_e2_carbon_ablation,alns_e2_carbon_ablation,threeshift,e2-threeshift-200c-02,2,63,533,random_customer_removal+regret3_insert_repair,native_random_customer_removal+regret3_insert_repair,4529.344036212581,,149.4027419579943
E_CARBON_TIER1__formal_goeke80__threeshift__e2-threeshift-200c-02__alns_e2_carbon_ablation__seed2,E_CARBON_TIER1,alns_e2_carbon_ablation,alns_e2_carbon_ablation,threeshift,e2-threeshift-200c-02,2,64,550,random_customer_removal+regret3_insert_repair,native_random_customer_removal+regret3_insert_repair,4529.035625935773,,154.66861433300073
E_CARBON_TIER1__formal_goeke80__threeshift__e2-threeshift-200c-02__alns_e2_carbon_ablation__seed2,E_CARBON_TIER1,alns_e2_carbon_ablation,alns_e2_carbon_ablation,threeshift,e2-threeshift-200c-02,2,65,551,random_customer_removal+regret3_insert_repair,native_random_customer_removal+regret3_insert_repair,4527.157018710014,,154.77687574998708
E_CARBON_TIER1__formal_goeke80__threeshift__e2-threeshift-200c-02__alns_e2_carbon_ablation__seed2,E_CARBON_TIER1,alns_e2_carbon_ablation,alns_e2_carbon_ablation,threeshift,e2-threeshift-200c-02,2,66,555,random_customer_removal+regret3_insert_repair,native_random_customer_removal+regret3_insert_repair,4517.645205767601,,155.70844699999725
E_CARBON_TIER1__formal_goeke80__threeshift__e2-threeshift-200c-02__alns_e2_carbon_ablation__seed2,E_CARBON_TIER1,alns_e2_carbon_ablation,alns_e2_carbon_ablation,threeshift,e2-threeshift-200c-02,2,67,701,random_customer_removal+regret3_insert_repair,native_random_customer_removal+regret3_insert_repair,4516.39584686694,,193.12541241598956
E_CARBON_TIER1__formal_goeke80__threeshift__e2-threeshift-200c-02__alns_e2_carbon_ablation__seed2,E_CARBON_TIER1,alns_e2_carbon_ablation,alns_e2_carbon_ablation,threeshift,e2-threeshift-200c-02,2,68,741,random_customer_removal+regret3_insert_repair,native_random_customer_removal+regret3_insert_repair,4516.273518210202,,203.897023832993
E_CARBON_TIER1__formal_goeke80__threeshift__e2-threeshift-200c-02__alns_e2_carbon_ablation__seed2,E_CARBON_TIER1,alns_e2_carbon_ablation,alns_e2_carbon_ablation,threeshift,e2-threeshift-200c-02,2,69,771,random_customer_removal+regret3_insert_repair,native_random_customer_removal+regret3_insert_repair,4515.845980028456,,211.171380957996
E_CARBON_TIER1__formal_goeke80__threeshift__e2-threeshift-200c-02__alns_e2_carbon_ablation__seed2,E_CARBON_TIER1,alns_e2_carbon_ablation,alns_e2_carbon_ablation,threeshift,e2-threeshift-200c-02,2,70,812,random_customer_removal+regret3_insert_repair,native_random_customer_removal+regret3_insert_repair,4512.681907326355,,223.81005683299736
E_CARBON_TIER1__formal_goeke80__threeshift__e2-threeshift-200c-02__alns_e2_carbon_ablation__seed2,E_CARBON_TIER1,alns_e2_carbon_ablation,alns_e2_carbon_ablation,threeshift,e2-threeshift-200c-02,2,71,910,random_customer_removal+regret3_insert_repair,native_random_customer_removal+regret3_insert_repair,4509.283784147072,,247.35823591599183
E_CARBON_TIER1__formal_goeke80__threeshift__e2-threeshift-200c-02__alns_e2_carbon_ablation__seed2,E_CARBON_TIER1,alns_e2_carbon_ablation,alns_e2_carbon_ablation,threeshift,e2-threeshift-200c-02,2,72,994,random_customer_removal+regret3_insert_repair,native_random_customer_removal+regret3_insert_repair,4509.0176512838925,,269.83954816599726
E_CARBON_TIER1__formal_goeke80__threeshift__e2-threeshift-200c-02__alns_e2_carbon_ablation__seed2,E_CARBON_TIER1,alns_e2_carbon_ablation,alns_e2_carbon_ablation,threeshift,e2-threeshift-200c-02,2,73,1052,vehicle_type_swap+greedy_insert_repair,native_vehicle_type_swap+greedy_insert_repair,4492.5589581062195,,283.8706307909888
E_CARBON_TIER1__formal_goeke80__threeshift__e2-threeshift-200c-02__alns_e2_carbon_ablation__seed2,E_CARBON_TIER1,alns_e2_carbon_ablation,alns_e2_carbon_ablation,threeshift,e2-threeshift-200c-02,2,74,1053,vehicle_type_swap+greedy_insert_repair,native_vehicle_type_swap+greedy_insert_repair,4488.62897176909,,283.9020661659888
E_CARBON_TIER1__formal_goeke80__threeshift__e2-threeshift-200c-02__alns_e2_carbon_ablation__seed2,E_CARBON_TIER1,alns_e2_carbon_ablation,alns_e2_carbon_ablation,threeshift,e2-threeshift-200c-02,2,75,1054,vehicle_type_swap+greedy_insert_repair,native_vehicle_type_swap+greedy_insert_repair,4473.285546360156,,283.9308042909979
E_CARBON_TIER1__formal_goeke80__threeshift__e2-threeshift-200c-02__alns_e2_carbon_ablation__seed2,E_CARBON_TIER1,alns_e2_carbon_ablation,alns_e2_carbon_ablation,threeshift,e2-threeshift-200c-02,2,76,1055,vehicle_type_swap+greedy_insert_repair,native_vehicle_type_swap+greedy_insert_repair,4459.813187220571,,283.9586927909986
E_CARBON_TIER1__formal_goeke80__threeshift__e2-threeshift-200c-02__alns_e2_carbon_ablation__seed2,E_CARBON_TIER1,alns_e2_carbon_ablation,alns_e2_carbon_ablation,threeshift,e2-threeshift-200c-02,2,77,1056,vehicle_type_swap+greedy_insert_repair,native_vehicle_type_swap+greedy_insert_repair,4438.582561287754,,283.9860287909978
E_CARBON_TIER1__formal_goeke80__threeshift__e2-threeshift-200c-02__alns_e2_carbon_ablation__seed2,E_CARBON_TIER1,alns_e2_carbon_ablation,alns_e2_carbon_ablation,threeshift,e2-threeshift-200c-02,2,78,1057,vehicle_type_swap+greedy_insert_repair,native_vehicle_type_swap+greedy_insert_repair,4429.457007979734,,284.0151766659983
E_CARBON_TIER1__formal_goeke80__threeshift__e2-threeshift-200c-02__alns_e2_carbon_ablation__seed2,E_CARBON_TIER1,alns_e2_carbon_ablation,alns_e2_carbon_ablation,threeshift,e2-threeshift-200c-02,2,79,1058,vehicle_type_swap+greedy_insert_repair,native_vehicle_type_swap+greedy_insert_repair,4416.095939983981,,284.0439037079923
E_CARBON_TIER1__formal_goeke80__threeshift__e2-threeshift-200c-02__alns_e2_carbon_ablation__seed2,E_CARBON_TIER1,alns_e2_carbon_ablation,alns_e2_carbon_ablation,threeshift,e2-threeshift-200c-02,2,80,1059,vehicle_type_swap+greedy_insert_repair,native_vehicle_type_swap+greedy_insert_repair,4414.811278856021,,284.07279562499025
E_CARBON_TIER1__formal_goeke80__threeshift__e2-threeshift-200c-02__alns_e2_carbon_ablation__seed2,E_CARBON_TIER1,alns_e2_carbon_ablation,alns_e2_carbon_ablation,threeshift,e2-threeshift-200c-02,2,81,1060,vehicle_type_swap+greedy_insert_repair,native_vehicle_type_swap+greedy_insert_repair,4402.268443176981,,284.1035848749889
E_CARBON_TIER1__formal_goeke80__threeshift__e2-threeshift-200c-02__alns_e2_carbon_ablation__seed2,E_CARBON_TIER1,alns_e2_carbon_ablation,alns_e2_carbon_ablation,threeshift,e2-threeshift-200c-02,2,82,2022,random_customer_removal+regret3_insert_repair,native_random_customer_removal+regret3_insert_repair,4400.172089197967,,433.02235987498716
E_CARBON_TIER1__formal_goeke80__threeshift__e2-threeshift-200c-02__alns_e2_carbon_ablation__seed2,E_CARBON_TIER1,alns_e2_carbon_ablation,alns_e2_carbon_ablation,threeshift,e2-threeshift-200c-02,2,83,3155,route_segment_removal+low_carbon_charging_repair,native_route_segment_removal+low_carbon_charging_repair,4398.887321913199,,587.7103174999938
E_CARBON_TIER1__formal_goeke80__threeshift__e2-threeshift-200c-02__alns_e2_carbon_ablation__seed2,E_CARBON_TIER1,alns_e2_carbon_ablation,alns_e2_carbon_ablation,threeshift,e2-threeshift-200c-02,2,84,3656,random_customer_removal+regret3_insert_repair,native_random_customer_removal+regret3_insert_repair,4397.120342121289,,633.3506067499984
E_CARBON_TIER1__formal_goeke80__threeshift__e2-threeshift-200c-02__alns_e2_carbon_ablation__seed2,E_CARBON_TIER1,alns_e2_carbon_ablation,alns_e2_carbon_ablation,threeshift,e2-threeshift-200c-02,2,85,3779,route_segment_removal+low_carbon_charging_repair,native_route_segment_removal+low_carbon_charging_repair,4396.66797435661,,648.6297646249877
E_CARBON_TIER1__formal_goeke80__threeshift__e2-threeshift-200c-02__alns_e2_carbon_ablation__seed2,E_CARBON_TIER1,alns_e2_carbon_ablation,alns_e2_carbon_ablation,threeshift,e2-threeshift-200c-02,2,86,3848,route_segment_removal+low_carbon_charging_repair,native_route_segment_removal+low_carbon_charging_repair,4394.897019468896,,649.1357002500008
E_CARBON_TIER1__formal_goeke80__threeshift__e2-threeshift-200c-02__alns_e2_carbon_ablation__seed2,E_CARBON_TIER1,alns_e2_carbon_ablation,alns_e2_carbon_ablation,threeshift,e2-threeshift-200c-02,2,87,3860,route_segment_removal+low_carbon_charging_repair,native_route_segment_removal+low_carbon_charging_repair,4375.117402413878,,649.2558229159913
E_CARBON_TIER1__formal_goeke80__threeshift__e2-threeshift-200c-02__alns_e2_carbon_ablation__seed2,E_CARBON_TIER1,alns_e2_carbon_ablation,alns_e2_carbon_ablation,threeshift,e2-threeshift-200c-02,2,88,4057,vehicle_type_swap+regret3_insert_repair,native_vehicle_type_swap+regret3_insert_repair,4355.548684692833,,653.4329813749937
E_CARBON_TIER1__formal_goeke80__threeshift__e2-threeshift-200c-02__alns_e2_carbon_ablation__seed3,E_CARBON_TIER1,alns_e2_carbon_ablation,alns_e2_carbon_ablation,threeshift,e2-threeshift-200c-02,3,0,0,shared_warm_start,shared_warm_start,6367.435478271547,,0.0006274170009419322
E_CARBON_TIER1__formal_goeke80__threeshift__e2-threeshift-200c-02__alns_e2_carbon_ablation__seed3,E_CARBON_TIER1,alns_e2_carbon_ablation,alns_e2_carbon_ablation,threeshift,e2-threeshift-200c-02,3,1,4,random_customer_removal+regret2_insert_repair,native_random_customer_removal+regret2_insert_repair,6162.609766181558,,1.2822697500087088
E_CARBON_TIER1__formal_goeke80__threeshift__e2-threeshift-200c-02__alns_e2_carbon_ablation__seed3,E_CARBON_TIER1,alns_e2_carbon_ablation,alns_e2_carbon_ablation,threeshift,e2-threeshift-200c-02,3,2,6,random_customer_removal+regret2_insert_repair,native_random_customer_removal+regret2_insert_repair,6095.122493735431,,1.9997160830098437
E_CARBON_TIER1__formal_goeke80__threeshift__e2-threeshift-200c-02__alns_e2_carbon_ablation__seed3,E_CARBON_TIER1,alns_e2_carbon_ablation,alns_e2_carbon_ablation,threeshift,e2-threeshift-200c-02,3,3,7,random_customer_removal+regret2_insert_repair,native_random_customer_removal+regret2_insert_repair,6012.795735912016,,2.12871050000831
E_CARBON_TIER1__formal_goeke80__threeshift__e2-threeshift-200c-02__alns_e2_carbon_ablation__seed3,E_CARBON_TIER1,alns_e2_carbon_ablation,alns_e2_carbon_ablation,threeshift,e2-threeshift-200c-02,3,4,8,random_customer_removal+regret2_insert_repair,native_random_customer_removal+regret2_insert_repair,5839.486800633911,,2.247508958011167
E_CARBON_TIER1__formal_goeke80__threeshift__e2-threeshift-200c-02__alns_e2_carbon_ablation__seed3,E_CARBON_TIER1,alns_e2_carbon_ablation,alns_e2_carbon_ablation,threeshift,e2-threeshift-200c-02,3,5,19,random_customer_removal+regret2_insert_repair,native_random_customer_removal+regret2_insert_repair,5836.9951487067265,,5.289959000001545
E_CARBON_TIER1__formal_goeke80__threeshift__e2-threeshift-200c-02__alns_e2_carbon_ablation__seed3,E_CARBON_TIER1,alns_e2_carbon_ablation,alns_e2_carbon_ablation,threeshift,e2-threeshift-200c-02,3,6,20,random_customer_removal+regret2_insert_repair,native_random_customer_removal+regret2_insert_repair,5833.5537634122775,,5.398199917006423
E_CARBON_TIER1__formal_goeke80__threeshift__e2-threeshift-200c-02__alns_e2_carbon_ablation__seed3,E_CARBON_TIER1,alns_e2_carbon_ablation,alns_e2_carbon_ablation,threeshift,e2-threeshift-200c-02,3,7,22,random_customer_removal+regret2_insert_repair,native_random_customer_removal+regret2_insert_repair,5803.843211292226,,5.90612537501147
E_CARBON_TIER1__formal_goeke80__threeshift__e2-threeshift-200c-02__alns_e2_carbon_ablation__seed3,E_CARBON_TIER1,alns_e2_carbon_ablation,alns_e2_carbon_ablation,threeshift,e2-threeshift-200c-02,3,8,23,random_customer_removal+regret2_insert_repair,native_random_customer_removal+regret2_insert_repair,5578.974333964591,,6.383885875009582
E_CARBON_TIER1__formal_goeke80__threeshift__e2-threeshift-200c-02__alns_e2_carbon_ablation__seed3,E_CARBON_TIER1,alns_e2_carbon_ablation,alns_e2_carbon_ablation,threeshift,e2-threeshift-200c-02,3,9,26,random_customer_removal+regret2_insert_repair,native_random_customer_removal+regret2_insert_repair,5546.933246027823,,7.627425458005746
E_CARBON_TIER1__formal_goeke80__threeshift__e2-threeshift-200c-02__alns_e2_carbon_ablation__seed3,E_CARBON_TIER1,alns_e2_carbon_ablation,alns_e2_carbon_ablation,threeshift,e2-threeshift-200c-02,3,10,32,random_customer_removal+regret2_insert_repair,native_random_customer_removal+regret2_insert_repair,5527.261740692772,,8.93657245801296
E_CARBON_TIER1__formal_goeke80__threeshift__e2-threeshift-200c-02__alns_e2_carbon_ablation__seed3,E_CARBON_TIER1,alns_e2_carbon_ablation,alns_e2_carbon_ablation,threeshift,e2-threeshift-200c-02,3,11,33,random_customer_removal+regret2_insert_repair,native_random_customer_removal+regret2_insert_repair,5437.166369037329,,9.161029042006703
E_CARBON_TIER1__formal_goeke80__threeshift__e2-threeshift-200c-02__alns_e2_carbon_ablation__seed3,E_CARBON_TIER1,alns_e2_carbon_ablation,alns_e2_carbon_ablation,threeshift,e2-threeshift-200c-02,3,12,38,random_customer_removal+regret2_insert_repair,native_random_customer_removal+regret2_insert_repair,5434.92897824638,,10.077101333008613
E_CARBON_TIER1__formal_goeke80__threeshift__e2-threeshift-200c-02__alns_e2_carbon_ablation__seed3,E_CARBON_TIER1,alns_e2_carbon_ablation,alns_e2_carbon_ablation,threeshift,e2-threeshift-200c-02,3,13,39,random_customer_removal+regret2_insert_repair,native_random_customer_removal+regret2_insert_repair,5424.699328902712,,10.37069291700027
E_CARBON_TIER1__formal_goeke80__threeshift__e2-threeshift-200c-02__alns_e2_carbon_ablation__seed3,E_CARBON_TIER1,alns_e2_carbon_ablation,alns_e2_carbon_ablation,threeshift,e2-threeshift-200c-02,3,14,40,random_customer_removal+regret2_insert_repair,native_random_customer_removal+regret2_insert_repair,5263.071697655453,,10.72777662500448
E_CARBON_TIER1__formal_goeke80__threeshift__e2-threeshift-200c-02__alns_e2_carbon_ablation__seed3,E_CARBON_TIER1,alns_e2_carbon_ablation,alns_e2_carbon_ablation,threeshift,e2-threeshift-200c-02,3,15,45,random_customer_removal+regret2_insert_repair,native_random_customer_removal+regret2_insert_repair,5254.55759430701,,12.076958083009231
E_CARBON_TIER1__formal_goeke80__threeshift__e2-threeshift-200c-02__alns_e2_carbon_ablation__seed3,E_CARBON_TIER1,alns_e2_carbon_ablation,alns_e2_carbon_ablation,threeshift,e2-threeshift-200c-02,3,16,47,random_customer_removal+regret2_insert_repair,native_random_customer_removal+regret2_insert_repair,5240.568722890187,,12.655428542013397
E_CARBON_TIER1__formal_goeke80__threeshift__e2-threeshift-200c-02__alns_e2_carbon_ablation__seed3,E_CARBON_TIER1,alns_e2_carbon_ablation,alns_e2_carbon_ablation,threeshift,e2-threeshift-200c-02,3,17,48,random_customer_removal+regret2_insert_repair,native_random_customer_removal+regret2_insert_repair,5236.811903706606,,12.821715458005201
E_CARBON_TIER1__formal_goeke80__threeshift__e2-threeshift-200c-02__alns_e2_carbon_ablation__seed3,E_CARBON_TIER1,alns_e2_carbon_ablation,alns_e2_carbon_ablation,threeshift,e2-threeshift-200c-02,3,18,49,random_customer_removal+regret2_insert_repair,native_random_customer_removal+regret2_insert_repair,5018.236956670694,,13.066349667002214
E_CARBON_TIER1__formal_goeke80__threeshift__e2-threeshift-200c-02__alns_e2_carbon_ablation__seed3,E_CARBON_TIER1,alns_e2_carbon_ablation,alns_e2_carbon_ablation,threeshift,e2-threeshift-200c-02,3,19,57,random_customer_removal+regret2_insert_repair,native_random_customer_removal+regret2_insert_repair,4897.539481728793,,15.395481458006543
E_CARBON_TIER1__formal_goeke80__threeshift__e2-threeshift-200c-02__alns_e2_carbon_ablation__seed3,E_CARBON_TIER1,alns_e2_carbon_ablation,alns_e2_carbon_ablation,threeshift,e2-threeshift-200c-02,3,20,63,random_customer_removal+regret2_insert_repair,native_random_customer_removal+regret2_insert_repair,4889.223612159457,,17.059588792006252
E_CARBON_TIER1__formal_goeke80__threeshift__e2-threeshift-200c-02__alns_e2_carbon_ablation__seed3,E_CARBON_TIER1,alns_e2_carbon_ablation,alns_e2_carbon_ablation,threeshift,e2-threeshift-200c-02,3,21,65,random_customer_removal+regret2_insert_repair,native_random_customer_removal+regret2_insert_repair,4887.554206822895,,17.527095042009023
E_CARBON_TIER1__formal_goeke80__threeshift__e2-threeshift-200c-02__alns_e2_carbon_ablation__seed3,E_CARBON_TIER1,alns_e2_carbon_ablation,alns_e2_carbon_ablation,threeshift,e2-threeshift-200c-02,3,22,66,random_customer_removal+regret2_insert_repair,native_random_customer_removal+regret2_insert_repair,4881.768446632589,,17.648099042009562
E_CARBON_TIER1__formal_goeke80__threeshift__e2-threeshift-200c-02__alns_e2_carbon_ablation__seed3,E_CARBON_TIER1,alns_e2_carbon_ablation,alns_e2_carbon_ablation,threeshift,e2-threeshift-200c-02,3,23,68,random_customer_removal+regret2_insert_repair,native_random_customer_removal+regret2_insert_repair,4878.5003706944635,,18.043813417010824
E_CARBON_TIER1__formal_goeke80__threeshift__e2-threeshift-200c-02__alns_e2_carbon_ablation__seed3,E_CARBON_TIER1,alns_e2_carbon_ablation,alns_e2_carbon_ablation,threeshift,e2-threeshift-200c-02,3,24,76,random_customer_removal+regret2_insert_repair,native_random_customer_removal+regret2_insert_repair,4864.760398562702,,19.802164500011713
E_CARBON_TIER1__formal_goeke80__threeshift__e2-threeshift-200c-02__alns_e2_carbon_ablation__seed3,E_CARBON_TIER1,alns_e2_carbon_ablation,alns_e2_carbon_ablation,threeshift,e2-threeshift-200c-02,3,25,83,random_customer_removal+regret2_insert_repair,native_random_customer_removal+regret2_insert_repair,4864.5623516590695,,21.948290875006933
E_CARBON_TIER1__formal_goeke80__threeshift__e2-threeshift-200c-02__alns_e2_carbon_ablation__seed3,E_CARBON_TIER1,alns_e2_carbon_ablation,alns_e2_carbon_ablation,threeshift,e2-threeshift-200c-02,3,26,87,random_customer_removal+regret2_insert_repair,native_random_customer_removal+regret2_insert_repair,4862.52877591432,,23.3912846250023
E_CARBON_TIER1__formal_goeke80__threeshift__e2-threeshift-200c-02__alns_e2_carbon_ablation__seed3,E_CARBON_TIER1,alns_e2_carbon_ablation,alns_e2_carbon_ablation,threeshift,e2-threeshift-200c-02,3,27,89,random_customer_removal+regret2_insert_repair,native_random_customer_removal+regret2_insert_repair,4858.414593239778,,24.17186791700078
E_CARBON_TIER1__formal_goeke80__threeshift__e2-threeshift-200c-02__alns_e2_carbon_ablation__seed3,E_CARBON_TIER1,alns_e2_carbon_ablation,alns_e2_carbon_ablation,threeshift,e2-threeshift-200c-02,3,28,91,random_customer_removal+regret2_insert_repair,native_random_customer_removal+regret2_insert_repair,4846.758434433662,,24.649967125005787
E_CARBON_TIER1__formal_goeke80__threeshift__e2-threeshift-200c-02__alns_e2_carbon_ablation__seed3,E_CARBON_TIER1,alns_e2_carbon_ablation,alns_e2_carbon_ablation,threeshift,e2-threeshift-200c-02,3,29,94,random_customer_removal+regret2_insert_repair,native_random_customer_removal+regret2_insert_repair,4816.446594629016,,26.128440083004534
E_CARBON_TIER1__formal_goeke80__threeshift__e2-threeshift-200c-02__alns_e2_carbon_ablation__seed3,E_CARBON_TIER1,alns_e2_carbon_ablation,alns_e2_carbon_ablation,threeshift,e2-threeshift-200c-02,3,30,95,random_customer_removal+regret2_insert_repair,native_random_customer_removal+regret2_insert_repair,4748.694856683082,,26.410874250010238
E_CARBON_TIER1__formal_goeke80__threeshift__e2-threeshift-200c-02__alns_e2_carbon_ablation__seed3,E_CARBON_TIER1,alns_e2_carbon_ablation,alns_e2_carbon_ablation,threeshift,e2-threeshift-200c-02,3,31,98,random_customer_removal+regret2_insert_repair,native_random_customer_removal+regret2_insert_repair,4741.924855443989,,27.43469391700637
E_CARBON_TIER1__formal_goeke80__threeshift__e2-threeshift-200c-02__alns_e2_carbon_ablation__seed3,E_CARBON_TIER1,alns_e2_carbon_ablation,alns_e2_carbon_ablation,threeshift,e2-threeshift-200c-02,3,32,99,random_customer_removal+regret2_insert_repair,native_random_customer_removal+regret2_insert_repair,4739.390029908349,,27.518436042009853
E_CARBON_TIER1__formal_goeke80__threeshift__e2-threeshift-200c-02__alns_e2_carbon_ablation__seed3,E_CARBON_TIER1,alns_e2_carbon_ablation,alns_e2_carbon_ablation,threeshift,e2-threeshift-200c-02,3,33,147,random_customer_removal+regret2_insert_repair,native_random_customer_removal+regret2_insert_repair,4678.139982171545,,40.512815250011045
E_CARBON_TIER1__formal_goeke80__threeshift__e2-threeshift-200c-02__alns_e2_carbon_ablation__seed3,E_CARBON_TIER1,alns_e2_carbon_ablation,alns_e2_carbon_ablation,threeshift,e2-threeshift-200c-02,3,34,156,random_customer_removal+regret2_insert_repair,native_random_customer_removal+regret2_insert_repair,4676.186491442836,,42.97106475000328
E_CARBON_TIER1__formal_goeke80__threeshift__e2-threeshift-200c-02__alns_e2_carbon_ablation__seed3,E_CARBON_TIER1,alns_e2_carbon_ablation,alns_e2_carbon_ablation,threeshift,e2-threeshift-200c-02,3,35,160,random_customer_removal+regret2_insert_repair,native_random_customer_removal+regret2_insert_repair,4663.284005477489,,44.157717250011046
E_CARBON_TIER1__formal_goeke80__threeshift__e2-threeshift-200c-02__alns_e2_carbon_ablation__seed3,E_CARBON_TIER1,alns_e2_carbon_ablation,alns_e2_carbon_ablation,threeshift,e2-threeshift-200c-02,3,36,164,random_customer_removal+regret2_insert_repair,native_random_customer_removal+regret2_insert_repair,4662.827577723551,,45.732491125003435
E_CARBON_TIER1__formal_goeke80__threeshift__e2-threeshift-200c-02__alns_e2_carbon_ablation__seed3,E_CARBON_TIER1,alns_e2_carbon_ablation,alns_e2_carbon_ablation,threeshift,e2-threeshift-200c-02,3,37,165,random_customer_removal+regret2_insert_repair,native_random_customer_removal+regret2_insert_repair,4644.380874820529,,46.00626012501016
E_CARBON_TIER1__formal_goeke80__threeshift__e2-threeshift-200c-02__alns_e2_carbon_ablation__seed3,E_CARBON_TIER1,alns_e2_carbon_ablation,alns_e2_carbon_ablation,threeshift,e2-threeshift-200c-02,3,38,170,random_customer_removal+regret2_insert_repair,native_random_customer_removal+regret2_insert_repair,4631.806573155174,,47.74616237501323
E_CARBON_TIER1__formal_goeke80__threeshift__e2-threeshift-200c-02__alns_e2_carbon_ablation__seed3,E_CARBON_TIER1,alns_e2_carbon_ablation,alns_e2_carbon_ablation,threeshift,e2-threeshift-200c-02,3,39,186,random_customer_removal+regret2_insert_repair,native_random_customer_removal+regret2_insert_repair,4626.160552480031,,52.20444137501181
E_CARBON_TIER1__formal_goeke80__threeshift__e2-threeshift-200c-02__alns_e2_carbon_ablation__seed3,E_CARBON_TIER1,alns_e2_carbon_ablation,alns_e2_carbon_ablation,threeshift,e2-threeshift-200c-02,3,40,187,random_customer_removal+regret2_insert_repair,native_random_customer_removal+regret2_insert_repair,4625.054036509654,,52.30733962501108
E_CARBON_TIER1__formal_goeke80__threeshift__e2-threeshift-200c-02__alns_e2_carbon_ablation__seed3,E_CARBON_TIER1,alns_e2_carbon_ablation,alns_e2_carbon_ablation,threeshift,e2-threeshift-200c-02,3,41,217,random_customer_removal+regret2_insert_repair,native_random_customer_removal+regret2_insert_repair,4617.797115177375,,61.44175045800512
E_CARBON_TIER1__formal_goeke80__threeshift__e2-threeshift-200c-02__alns_e2_carbon_ablation__seed3,E_CARBON_TIER1,alns_e2_carbon_ablation,alns_e2_carbon_ablation,threeshift,e2-threeshift-200c-02,3,42,223,random_customer_removal+regret2_insert_repair,native_random_customer_removal+regret2_insert_repair,4616.793958139232,,63.09314425000048
E_CARBON_TIER1__formal_goeke80__threeshift__e2-threeshift-200c-02__alns_e2_carbon_ablation__seed3,E_CARBON_TIER1,alns_e2_carbon_ablation,alns_e2_carbon_ablation,threeshift,e2-threeshift-200c-02,3,43,224,random_customer_removal+regret2_insert_repair,native_random_customer_removal+regret2_insert_repair,4613.391155077661,,63.692562875003205
E_CARBON_TIER1__formal_goeke80__threeshift__e2-threeshift-200c-02__alns_e2_carbon_ablation__seed3,E_CARBON_TIER1,alns_e2_carbon_ablation,alns_e2_carbon_ablation,threeshift,e2-threeshift-200c-02,3,44,228,random_customer_removal+regret2_insert_repair,native_random_customer_removal+regret2_insert_repair,4611.597113842517,,65.36584579201008
E_CARBON_TIER1__formal_goeke80__threeshift__e2-threeshift-200c-02__alns_e2_carbon_ablation__seed3,E_CARBON_TIER1,alns_e2_carbon_ablation,alns_e2_carbon_ablation,threeshift,e2-threeshift-200c-02,3,45,258,random_customer_removal+regret2_insert_repair,native_random_customer_removal+regret2_insert_repair,4604.169855527969,,75.4624292080116
E_CARBON_TIER1__formal_goeke80__threeshift__e2-threeshift-200c-02__alns_e2_carbon_ablation__seed3,E_CARBON_TIER1,alns_e2_carbon_ablation,alns_e2_carbon_ablation,threeshift,e2-threeshift-200c-02,3,46,259,random_customer_removal+regret2_insert_repair,native_random_customer_removal+regret2_insert_repair,4584.721606711075,,75.98504525001044
E_CARBON_TIER1__formal_goeke80__threeshift__e2-threeshift-200c-02__alns_e2_carbon_ablation__seed3,E_CARBON_TIER1,alns_e2_carbon_ablation,alns_e2_carbon_ablation,threeshift,e2-threeshift-200c-02,3,47,260,random_customer_removal+regret2_insert_repair,native_random_customer_removal+regret2_insert_repair,4582.977610733254,,76.04774612501205
E_CARBON_TIER1__formal_goeke80__threeshift__e2-threeshift-200c-02__alns_e2_carbon_ablation__seed3,E_CARBON_TIER1,alns_e2_carbon_ablation,alns_e2_carbon_ablation,threeshift,e2-threeshift-200c-02,3,48,262,random_customer_removal+regret2_insert_repair,native_random_customer_removal+regret2_insert_repair,4581.306781080588,,76.73523358300736
E_CARBON_TIER1__formal_goeke80__threeshift__e2-threeshift-200c-02__alns_e2_carbon_ablation__seed3,E_CARBON_TIER1,alns_e2_carbon_ablation,alns_e2_carbon_ablation,threeshift,e2-threeshift-200c-02,3,49,269,random_customer_removal+regret2_insert_repair,native_random_customer_removal+regret2_insert_repair,4580.548494996095,,78.5472235000052
E_CARBON_TIER1__formal_goeke80__threeshift__e2-threeshift-200c-02__alns_e2_carbon_ablation__seed3,E_CARBON_TIER1,alns_e2_carbon_ablation,alns_e2_carbon_ablation,threeshift,e2-threeshift-200c-02,3,50,277,random_customer_removal+regret2_insert_repair,native_random_customer_removal+regret2_insert_repair,4578.182218571276,,80.52644587500254
E_CARBON_TIER1__formal_goeke80__threeshift__e2-threeshift-200c-02__alns_e2_carbon_ablation__seed3,E_CARBON_TIER1,alns_e2_carbon_ablation,alns_e2_carbon_ablation,threeshift,e2-threeshift-200c-02,3,51,329,random_customer_removal+regret2_insert_repair,native_random_customer_removal+regret2_insert_repair,4576.620864275014,,95.50942200000281
E_CARBON_TIER1__formal_goeke80__threeshift__e2-threeshift-200c-02__alns_e2_carbon_ablation__seed3,E_CARBON_TIER1,alns_e2_carbon_ablation,alns_e2_carbon_ablation,threeshift,e2-threeshift-200c-02,3,52,353,random_customer_removal+regret2_insert_repair,native_random_customer_removal+regret2_insert_repair,4576.431846107806,,102.06091575000028
E_CARBON_TIER1__formal_goeke80__threeshift__e2-threeshift-200c-02__alns_e2_carbon_ablation__seed3,E_CARBON_TIER1,alns_e2_carbon_ablation,alns_e2_carbon_ablation,threeshift,e2-threeshift-200c-02,3,53,405,random_customer_removal+regret2_insert_repair,native_random_customer_removal+regret2_insert_repair,4576.261602417923,,116.4936714170035
E_CARBON_TIER1__formal_goeke80__threeshift__e2-threeshift-200c-02__alns_e2_carbon_ablation__seed3,E_CARBON_TIER1,alns_e2_carbon_ablation,alns_e2_carbon_ablation,threeshift,e2-threeshift-200c-02,3,54,544,random_customer_removal+regret2_insert_repair,native_random_customer_removal+regret2_insert_repair,4575.384999736154,,151.5101727500005
E_CARBON_TIER1__formal_goeke80__threeshift__e2-threeshift-200c-02__alns_e2_carbon_ablation__seed3,E_CARBON_TIER1,alns_e2_carbon_ablation,alns_e2_carbon_ablation,threeshift,e2-threeshift-200c-02,3,55,548,random_customer_removal+regret2_insert_repair,native_random_customer_removal+regret2_insert_repair,4571.309640719902,,152.500470125
E_CARBON_TIER1__formal_goeke80__threeshift__e2-threeshift-200c-02__alns_e2_carbon_ablation__seed3,E_CARBON_TIER1,alns_e2_carbon_ablation,alns_e2_carbon_ablation,threeshift,e2-threeshift-200c-02,3,56,560,random_customer_removal+regret2_insert_repair,native_random_customer_removal+regret2_insert_repair,4569.641624966474,,155.78045587500674
E_CARBON_TIER1__formal_goeke80__threeshift__e2-threeshift-200c-02__alns_e2_carbon_ablation__seed3,E_CARBON_TIER1,alns_e2_carbon_ablation,alns_e2_carbon_ablation,threeshift,e2-threeshift-200c-02,3,57,577,random_customer_removal+regret2_insert_repair,native_random_customer_removal+regret2_insert_repair,4569.338473380239,,160.8536544170056
E_CARBON_TIER1__formal_goeke80__threeshift__e2-threeshift-200c-02__alns_e2_carbon_ablation__seed3,E_CARBON_TIER1,alns_e2_carbon_ablation,alns_e2_carbon_ablation,threeshift,e2-threeshift-200c-02,3,58,584,random_customer_removal+regret2_insert_repair,native_random_customer_removal+regret2_insert_repair,4569.2997972252015,,163.41781020800408
E_CARBON_TIER1__formal_goeke80__threeshift__e2-threeshift-200c-02__alns_e2_carbon_ablation__seed3,E_CARBON_TIER1,alns_e2_carbon_ablation,alns_e2_carbon_ablation,threeshift,e2-threeshift-200c-02,3,59,587,random_customer_removal+regret2_insert_repair,native_random_customer_removal+regret2_insert_repair,4568.335249199254,,164.15556216701225
E_CARBON_TIER1__formal_goeke80__threeshift__e2-threeshift-200c-02__alns_e2_carbon_ablation__seed3,E_CARBON_TIER1,alns_e2_carbon_ablation,alns_e2_carbon_ablation,threeshift,e2-threeshift-200c-02,3,60,595,random_customer_removal+regret2_insert_repair,native_random_customer_removal+regret2_insert_repair,4567.685810715774,,165.87214137500268
E_CARBON_TIER1__formal_goeke80__threeshift__e2-threeshift-200c-02__alns_e2_carbon_ablation__seed3,E_CARBON_TIER1,alns_e2_carbon_ablation,alns_e2_carbon_ablation,threeshift,e2-threeshift-200c-02,3,61,597,random_customer_removal+regret2_insert_repair,native_random_customer_removal+regret2_insert_repair,4565.062862414879,,166.09071116700943
E_CARBON_TIER1__formal_goeke80__threeshift__e2-threeshift-200c-02__alns_e2_carbon_ablation__seed3,E_CARBON_TIER1,alns_e2_carbon_ablation,alns_e2_carbon_ablation,threeshift,e2-threeshift-200c-02,3,62,614,random_customer_removal+regret2_insert_repair,native_random_customer_removal+regret2_insert_repair,4564.965191700773,,170.33371758300927
E_CARBON_TIER1__formal_goeke80__threeshift__e2-threeshift-200c-02__alns_e2_carbon_ablation__seed3,E_CARBON_TIER1,alns_e2_carbon_ablation,alns_e2_carbon_ablation,threeshift,e2-threeshift-200c-02,3,63,619,random_customer_removal+regret2_insert_repair,native_random_customer_removal+regret2_insert_repair,4556.873337813963,,171.3229634580057
E_CARBON_TIER1__formal_goeke80__threeshift__e2-threeshift-200c-02__alns_e2_carbon_ablation__seed3,E_CARBON_TIER1,alns_e2_carbon_ablation,alns_e2_carbon_ablation,threeshift,e2-threeshift-200c-02,3,64,663,random_customer_removal+regret2_insert_repair,native_random_customer_removal+regret2_insert_repair,4556.5918896834,,182.34134795800492
E_CARBON_TIER1__formal_goeke80__threeshift__e2-threeshift-200c-02__alns_e2_carbon_ablation__seed3,E_CARBON_TIER1,alns_e2_carbon_ablation,alns_e2_carbon_ablation,threeshift,e2-threeshift-200c-02,3,65,689,random_customer_removal+regret2_insert_repair,native_random_customer_removal+regret2_insert_repair,4553.774124120306,,190.05112350000127
E_CARBON_TIER1__formal_goeke80__threeshift__e2-threeshift-200c-02__alns_e2_carbon_ablation__seed3,E_CARBON_TIER1,alns_e2_carbon_ablation,alns_e2_carbon_ablation,threeshift,e2-threeshift-200c-02,3,66,704,random_customer_removal+regret2_insert_repair,native_random_customer_removal+regret2_insert_repair,4553.730704737448,,193.1491699580074
E_CARBON_TIER1__formal_goeke80__threeshift__e2-threeshift-200c-02__alns_e2_carbon_ablation__seed3,E_CARBON_TIER1,alns_e2_carbon_ablation,alns_e2_carbon_ablation,threeshift,e2-threeshift-200c-02,3,67,715,random_customer_removal+regret2_insert_repair,native_random_customer_removal+regret2_insert_repair,4551.19211820995,,196.11592683300842
E_CARBON_TIER1__formal_goeke80__threeshift__e2-threeshift-200c-02__alns_e2_carbon_ablation__seed3,E_CARBON_TIER1,alns_e2_carbon_ablation,alns_e2_carbon_ablation,threeshift,e2-threeshift-200c-02,3,68,741,random_customer_removal+regret2_insert_repair,native_random_customer_removal+regret2_insert_repair,4550.006720375268,,203.88672529200267
E_CARBON_TIER1__formal_goeke80__threeshift__e2-threeshift-200c-02__alns_e2_carbon_ablation__seed3,E_CARBON_TIER1,alns_e2_carbon_ablation,alns_e2_carbon_ablation,threeshift,e2-threeshift-200c-02,3,69,751,random_customer_removal+regret2_insert_repair,native_random_customer_removal+regret2_insert_repair,4546.628063302208,,206.12179470800038
E_CARBON_TIER1__formal_goeke80__threeshift__e2-threeshift-200c-02__alns_e2_carbon_ablation__seed3,E_CARBON_TIER1,alns_e2_carbon_ablation,alns_e2_carbon_ablation,threeshift,e2-threeshift-200c-02,3,70,786,random_customer_removal+regret2_insert_repair,native_random_customer_removal+regret2_insert_repair,4542.234861738303,,215.2659960000019
E_CARBON_TIER1__formal_goeke80__threeshift__e2-threeshift-200c-02__alns_e2_carbon_ablation__seed3,E_CARBON_TIER1,alns_e2_carbon_ablation,alns_e2_carbon_ablation,threeshift,e2-threeshift-200c-02,3,71,806,random_customer_removal+regret2_insert_repair,native_random_customer_removal+regret2_insert_repair,4540.517435276256,,219.42823854200833
E_CARBON_TIER1__formal_goeke80__threeshift__e2-threeshift-200c-02__alns_e2_carbon_ablation__seed3,E_CARBON_TIER1,alns_e2_carbon_ablation,alns_e2_carbon_ablation,threeshift,e2-threeshift-200c-02,3,72,817,random_customer_removal+regret2_insert_repair,native_random_customer_removal+regret2_insert_repair,4540.394417768208,,222.81160287500825
E_CARBON_TIER1__formal_goeke80__threeshift__e2-threeshift-200c-02__alns_e2_carbon_ablation__seed3,E_CARBON_TIER1,alns_e2_carbon_ablation,alns_e2_carbon_ablation,threeshift,e2-threeshift-200c-02,3,73,830,random_customer_removal+regret2_insert_repair,native_random_customer_removal+regret2_insert_repair,4477.882172852686,,227.2770326250029
E_CARBON_TIER1__formal_goeke80__threeshift__e2-threeshift-200c-02__alns_e2_carbon_ablation__seed3,E_CARBON_TIER1,alns_e2_carbon_ablation,alns_e2_carbon_ablation,threeshift,e2-threeshift-200c-02,3,74,855,random_customer_removal+regret2_insert_repair,native_random_customer_removal+regret2_insert_repair,4477.406676565623,,232.93919525000092
E_CARBON_TIER1__formal_goeke80__threeshift__e2-threeshift-200c-02__alns_e2_carbon_ablation__seed3,E_CARBON_TIER1,alns_e2_carbon_ablation,alns_e2_carbon_ablation,threeshift,e2-threeshift-200c-02,3,75,891,random_customer_removal+regret2_insert_repair,native_random_customer_removal+regret2_insert_repair,4474.474105048016,,243.08191291701223
E_CARBON_TIER1__formal_goeke80__threeshift__e2-threeshift-200c-02__alns_e2_carbon_ablation__seed3,E_CARBON_TIER1,alns_e2_carbon_ablation,alns_e2_carbon_ablation,threeshift,e2-threeshift-200c-02,3,76,923,random_customer_removal+regret2_insert_repair,native_random_customer_removal+regret2_insert_repair,4473.713648104722,,250.31644529200275
E_CARBON_TIER1__formal_goeke80__threeshift__e2-threeshift-200c-02__alns_e2_carbon_ablation__seed3,E_CARBON_TIER1,alns_e2_carbon_ablation,alns_e2_carbon_ablation,threeshift,e2-threeshift-200c-02,3,77,939,random_customer_removal+regret2_insert_repair,native_random_customer_removal+regret2_insert_repair,4469.821605793367,,255.31061175001378
E_CARBON_TIER1__formal_goeke80__threeshift__e2-threeshift-200c-02__alns_e2_carbon_ablation__seed3,E_CARBON_TIER1,alns_e2_carbon_ablation,alns_e2_carbon_ablation,threeshift,e2-threeshift-200c-02,3,78,947,random_customer_removal+regret2_insert_repair,native_random_customer_removal+regret2_insert_repair,4469.540129157016,,257.82680704200175
E_CARBON_TIER1__formal_goeke80__threeshift__e2-threeshift-200c-02__alns_e2_carbon_ablation__seed3,E_CARBON_TIER1,alns_e2_carbon_ablation,alns_e2_carbon_ablation,threeshift,e2-threeshift-200c-02,3,79,1010,random_customer_removal+regret2_insert_repair,native_random_customer_removal+regret2_insert_repair,4469.506570845844,,273.47133083301014
E_CARBON_TIER1__formal_goeke80__threeshift__e2-threeshift-200c-02__alns_e2_carbon_ablation__seed3,E_CARBON_TIER1,alns_e2_carbon_ablation,alns_e2_carbon_ablation,threeshift,e2-threeshift-200c-02,3,80,1087,random_customer_removal+regret2_insert_repair,native_random_customer_removal+regret2_insert_repair,4468.854501674161,,291.6785232080001
E_CARBON_TIER1__formal_goeke80__threeshift__e2-threeshift-200c-02__alns_e2_carbon_ablation__seed3,E_CARBON_TIER1,alns_e2_carbon_ablation,alns_e2_carbon_ablation,threeshift,e2-threeshift-200c-02,3,81,1093,random_customer_removal+regret2_insert_repair,native_random_customer_removal+regret2_insert_repair,4465.198187446514,,292.2232120420085
E_CARBON_TIER1__formal_goeke80__threeshift__e2-threeshift-200c-02__alns_e2_carbon_ablation__seed3,E_CARBON_TIER1,alns_e2_carbon_ablation,alns_e2_carbon_ablation,threeshift,e2-threeshift-200c-02,3,82,1098,random_customer_removal+regret2_insert_repair,native_random_customer_removal+regret2_insert_repair,4465.080245456902,,292.8814152920095
E_CARBON_TIER1__formal_goeke80__threeshift__e2-threeshift-200c-02__alns_e2_carbon_ablation__seed3,E_CARBON_TIER1,alns_e2_carbon_ablation,alns_e2_carbon_ablation,threeshift,e2-threeshift-200c-02,3,83,1100,random_customer_removal+regret2_insert_repair,native_random_customer_removal+regret2_insert_repair,4464.844028188956,,293.1290919170133
E_CARBON_TIER1__formal_goeke80__threeshift__e2-threeshift-200c-02__alns_e2_carbon_ablation__seed3,E_CARBON_TIER1,alns_e2_carbon_ablation,alns_e2_carbon_ablation,threeshift,e2-threeshift-200c-02,3,84,1137,random_customer_removal+regret2_insert_repair,native_random_customer_removal+regret2_insert_repair,4464.74291478134,,301.86777495800925
E_CARBON_TIER1__formal_goeke80__threeshift__e2-threeshift-200c-02__alns_e2_carbon_ablation__seed3,E_CARBON_TIER1,alns_e2_carbon_ablation,alns_e2_carbon_ablation,threeshift,e2-threeshift-200c-02,3,85,1198,random_customer_removal+regret2_insert_repair,native_random_customer_removal+regret2_insert_repair,4464.033313950039,,316.45496200000343
E_CARBON_TIER1__formal_goeke80__threeshift__e2-threeshift-200c-02__alns_e2_carbon_ablation__seed3,E_CARBON_TIER1,alns_e2_carbon_ablation,alns_e2_carbon_ablation,threeshift,e2-threeshift-200c-02,3,86,1230,random_customer_removal+regret2_insert_repair,native_random_customer_removal+regret2_insert_repair,4463.375261929091,,324.48009887500666
E_CARBON_TIER1__formal_goeke80__threeshift__e2-threeshift-200c-02__alns_e2_carbon_ablation__seed3,E_CARBON_TIER1,alns_e2_carbon_ablation,alns_e2_carbon_ablation,threeshift,e2-threeshift-200c-02,3,87,1236,random_customer_removal+regret2_insert_repair,native_random_customer_removal+regret2_insert_repair,4462.6798972804145,,325.4788583750051
E_CARBON_TIER1__formal_goeke80__threeshift__e2-threeshift-200c-02__alns_e2_carbon_ablation__seed3,E_CARBON_TIER1,alns_e2_carbon_ablation,alns_e2_carbon_ablation,threeshift,e2-threeshift-200c-02,3,88,1282,vehicle_type_swap+greedy_insert_repair,native_vehicle_type_swap+greedy_insert_repair,4445.9671063172245,,335.7561261670053
E_CARBON_TIER1__formal_goeke80__threeshift__e2-threeshift-200c-02__alns_e2_carbon_ablation__seed3,E_CARBON_TIER1,alns_e2_carbon_ablation,alns_e2_carbon_ablation,threeshift,e2-threeshift-200c-02,3,89,1283,vehicle_type_swap+greedy_insert_repair,native_vehicle_type_swap+greedy_insert_repair,4426.56318928665,,335.80148175000795
E_CARBON_TIER1__formal_goeke80__threeshift__e2-threeshift-200c-02__alns_e2_carbon_ablation__seed3,E_CARBON_TIER1,alns_e2_carbon_ablation,alns_e2_carbon_ablation,threeshift,e2-threeshift-200c-02,3,90,1284,vehicle_type_swap+greedy_insert_repair,native_vehicle_type_swap+greedy_insert_repair,4413.578613178948,,335.8277046250005
E_CARBON_TIER1__formal_goeke80__threeshift__e2-threeshift-200c-02__alns_e2_carbon_ablation__seed3,E_CARBON_TIER1,alns_e2_carbon_ablation,alns_e2_carbon_ablation,threeshift,e2-threeshift-200c-02,3,91,1285,vehicle_type_swap+greedy_insert_repair,native_vehicle_type_swap+greedy_insert_repair,4405.718870495144,,335.8553587080096
E_CARBON_TIER1__formal_goeke80__threeshift__e2-threeshift-200c-02__alns_e2_carbon_ablation__seed3,E_CARBON_TIER1,alns_e2_carbon_ablation,alns_e2_carbon_ablation,threeshift,e2-threeshift-200c-02,3,92,1286,vehicle_type_swap+greedy_insert_repair,native_vehicle_type_swap+greedy_insert_repair,4387.238294578694,,335.88130837501376
E_CARBON_TIER1__formal_goeke80__threeshift__e2-threeshift-200c-02__alns_e2_carbon_ablation__seed3,E_CARBON_TIER1,alns_e2_carbon_ablation,alns_e2_carbon_ablation,threeshift,e2-threeshift-200c-02,3,93,1287,vehicle_type_swap+greedy_insert_repair,native_vehicle_type_swap+greedy_insert_repair,4370.320002768519,,335.9082907500124
E_CARBON_TIER1__formal_goeke80__threeshift__e2-threeshift-200c-02__alns_e2_carbon_ablation__seed3,E_CARBON_TIER1,alns_e2_carbon_ablation,alns_e2_carbon_ablation,threeshift,e2-threeshift-200c-02,3,94,1288,vehicle_type_swap+greedy_insert_repair,native_vehicle_type_swap+greedy_insert_repair,4354.722635275373,,335.9377725000086
E_CARBON_TIER1__formal_goeke80__threeshift__e2-threeshift-200c-02__alns_e2_carbon_ablation__seed3,E_CARBON_TIER1,alns_e2_carbon_ablation,alns_e2_carbon_ablation,threeshift,e2-threeshift-200c-02,3,95,1289,vehicle_type_swap+greedy_insert_repair,native_vehicle_type_swap+greedy_insert_repair,4339.990028210708,,335.9663209999999
E_CARBON_TIER1__formal_goeke80__threeshift__e2-threeshift-200c-02__alns_e2_carbon_ablation__seed3,E_CARBON_TIER1,alns_e2_carbon_ablation,alns_e2_carbon_ablation,threeshift,e2-threeshift-200c-02,3,96,1290,vehicle_type_swap+greedy_insert_repair,native_vehicle_type_swap+greedy_insert_repair,4327.772336786617,,335.9957822080032
E_CARBON_TIER1__formal_goeke80__threeshift__e2-threeshift-200c-02__alns_e2_carbon_ablation__seed3,E_CARBON_TIER1,alns_e2_carbon_ablation,alns_e2_carbon_ablation,threeshift,e2-threeshift-200c-02,3,97,1291,vehicle_type_swap+greedy_insert_repair,native_vehicle_type_swap+greedy_insert_repair,4317.744940034323,,336.02645758300787
E_CARBON_TIER1__formal_goeke80__threeshift__e2-threeshift-200c-02__alns_e2_carbon_ablation__seed3,E_CARBON_TIER1,alns_e2_carbon_ablation,alns_e2_carbon_ablation,threeshift,e2-threeshift-200c-02,3,98,1292,vehicle_type_swap+greedy_insert_repair,native_vehicle_type_swap+greedy_insert_repair,4306.12190347368,,336.0580208330066
E_CARBON_TIER1__formal_goeke80__threeshift__e2-threeshift-200c-02__alns_e2_carbon_ablation__seed3,E_CARBON_TIER1,alns_e2_carbon_ablation,alns_e2_carbon_ablation,threeshift,e2-threeshift-200c-02,3,99,1293,vehicle_type_swap+greedy_insert_repair,native_vehicle_type_swap+greedy_insert_repair,4304.627810536176,,336.0885721670056
E_CARBON_TIER1__formal_goeke80__threeshift__e2-threeshift-200c-02__alns_e2_carbon_ablation__seed3,E_CARBON_TIER1,alns_e2_carbon_ablation,alns_e2_carbon_ablation,threeshift,e2-threeshift-200c-02,3,100,1294,vehicle_type_swap+greedy_insert_repair,native_vehicle_type_swap+greedy_insert_repair,4294.751687043438,,336.1194865830039
E_CARBON_TIER1__formal_goeke80__threeshift__e2-threeshift-200c-02__alns_e2_carbon_ablation__seed3,E_CARBON_TIER1,alns_e2_carbon_ablation,alns_e2_carbon_ablation,threeshift,e2-threeshift-200c-02,3,101,1295,vehicle_type_swap+greedy_insert_repair,native_vehicle_type_swap+greedy_insert_repair,4288.428256504869,,336.15026658300485
E_CARBON_TIER1__formal_goeke80__threeshift__e2-threeshift-200c-02__alns_e2_carbon_ablation__seed3,E_CARBON_TIER1,alns_e2_carbon_ablation,alns_e2_carbon_ablation,threeshift,e2-threeshift-200c-02,3,102,6635,route_segment_removal+regret2_insert_repair,native_route_segment_removal+regret2_insert_repair,4282.788835880115,,948.6558855420008
E_CARBON_TIER1__formal_goeke80__threeshift__e2-threeshift-200c-02__alns_e2_carbon_ablation__seed3,E_CARBON_TIER1,alns_e2_carbon_ablation,alns_e2_carbon_ablation,threeshift,e2-threeshift-200c-02,3,103,7144,route_segment_removal+regret2_insert_repair,native_route_segment_removal+regret2_insert_repair,4281.02884867131,,952.1483999170014
E_CARBON_TIER1__formal_goeke80__threeshift__e2-threeshift-200c-02__t3_main_alns__seed1,E_CARBON_TIER1,t3_main_alns,alns_e2_throughput+LOCAL_SEARCH,threeshift,e2-threeshift-200c-02,1,0,0,shared_warm_start,shared_warm_start,6367.435478271547,,0.0006034999969415367
E_CARBON_TIER1__formal_goeke80__threeshift__e2-threeshift-200c-02__t3_main_alns__seed1,E_CARBON_TIER1,t3_main_alns,alns_e2_throughput+LOCAL_SEARCH,threeshift,e2-threeshift-200c-02,1,1,7,worst_customer_removal+regret2_insert_repair,native_worst_customer_removal+regret2_insert_repair,6095.701270745259,,1.9965817079937551
E_CARBON_TIER1__formal_goeke80__threeshift__e2-threeshift-200c-02__t3_main_alns__seed1,E_CARBON_TIER1,t3_main_alns,alns_e2_throughput+LOCAL_SEARCH,threeshift,e2-threeshift-200c-02,1,2,11,worst_customer_removal+regret2_insert_repair,native_worst_customer_removal+regret2_insert_repair,5651.71628860653,,2.7367049579916056
E_CARBON_TIER1__formal_goeke80__threeshift__e2-threeshift-200c-02__t3_main_alns__seed1,E_CARBON_TIER1,t3_main_alns,alns_e2_throughput+LOCAL_SEARCH,threeshift,e2-threeshift-200c-02,1,3,12,worst_customer_removal+regret2_insert_repair,native_worst_customer_removal+regret2_insert_repair,5503.509250844345,,3.0321313749882393
E_CARBON_TIER1__formal_goeke80__threeshift__e2-threeshift-200c-02__t3_main_alns__seed1,E_CARBON_TIER1,t3_main_alns,alns_e2_throughput+LOCAL_SEARCH,threeshift,e2-threeshift-200c-02,1,4,30,worst_customer_removal+regret2_insert_repair,native_worst_customer_removal+regret2_insert_repair,5239.200892113048,,6.793369666993385
E_CARBON_TIER1__formal_goeke80__threeshift__e2-threeshift-200c-02__t3_main_alns__seed1,E_CARBON_TIER1,t3_main_alns,alns_e2_throughput+LOCAL_SEARCH,threeshift,e2-threeshift-200c-02,1,5,76,whole_route_removal+regret3_insert_repair,native_whole_route_removal+regret3_insert_repair,5146.19133502525,,17.94466912499047
E_CARBON_TIER1__formal_goeke80__threeshift__e2-threeshift-200c-02__t3_main_alns__seed1,E_CARBON_TIER1,t3_main_alns,alns_e2_throughput+LOCAL_SEARCH,threeshift,e2-threeshift-200c-02,1,6,82,whole_route_removal+regret3_insert_repair,native_whole_route_removal+regret3_insert_repair,5089.436732281123,,18.624945624993416
E_CARBON_TIER1__formal_goeke80__threeshift__e2-threeshift-200c-02__t3_main_alns__seed1,E_CARBON_TIER1,t3_main_alns,alns_e2_throughput+LOCAL_SEARCH,threeshift,e2-threeshift-200c-02,1,7,85,whole_route_removal+regret3_insert_repair,native_whole_route_removal+regret3_insert_repair,5038.727657026134,,18.98712020799576
E_CARBON_TIER1__formal_goeke80__threeshift__e2-threeshift-200c-02__t3_main_alns__seed1,E_CARBON_TIER1,t3_main_alns,alns_e2_throughput+LOCAL_SEARCH,threeshift,e2-threeshift-200c-02,1,8,182,vehicle_type_swap+greedy_insert_repair,native_vehicle_type_swap+greedy_insert_repair,5038.007524071167,,24.328074374992866
E_CARBON_TIER1__formal_goeke80__threeshift__e2-threeshift-200c-02__t3_main_alns__seed1,E_CARBON_TIER1,t3_main_alns,alns_e2_throughput+LOCAL_SEARCH,threeshift,e2-threeshift-200c-02,1,9,183,vehicle_type_swap+greedy_insert_repair,native_vehicle_type_swap+greedy_insert_repair,5025.79309260725,,24.52017433299625
E_CARBON_TIER1__formal_goeke80__threeshift__e2-threeshift-200c-02__t3_main_alns__seed1,E_CARBON_TIER1,t3_main_alns,alns_e2_throughput+LOCAL_SEARCH,threeshift,e2-threeshift-200c-02,1,10,184,vehicle_type_swap+greedy_insert_repair,native_vehicle_type_swap+greedy_insert_repair,5011.920492019818,,24.714965499995742
E_CARBON_TIER1__formal_goeke80__threeshift__e2-threeshift-200c-02__t3_main_alns__seed1,E_CARBON_TIER1,t3_main_alns,alns_e2_throughput+LOCAL_SEARCH,threeshift,e2-threeshift-200c-02,1,11,399,route_segment_removal+greedy_insert_repair,native_route_segment_removal+greedy_insert_repair,5004.933191410481,,61.751112832993385
E_CARBON_TIER1__formal_goeke80__threeshift__e2-threeshift-200c-02__t3_main_alns__seed1,E_CARBON_TIER1,t3_main_alns,alns_e2_throughput+LOCAL_SEARCH,threeshift,e2-threeshift-200c-02,1,12,421,vehicle_type_swap+greedy_insert_repair,native_vehicle_type_swap+greedy_insert_repair,4995.125820871525,,63.24463950000063
E_CARBON_TIER1__formal_goeke80__threeshift__e2-threeshift-200c-02__t3_main_alns__seed1,E_CARBON_TIER1,t3_main_alns,alns_e2_throughput+LOCAL_SEARCH,threeshift,e2-threeshift-200c-02,1,13,490,route_segment_removal+greedy_insert_repair,native_route_segment_removal+greedy_insert_repair,4993.243365355861,,73.53522179200081
E_CARBON_TIER1__formal_goeke80__threeshift__e2-threeshift-200c-02__t3_main_alns__seed1,E_CARBON_TIER1,t3_main_alns,alns_e2_throughput+LOCAL_SEARCH,threeshift,e2-threeshift-200c-02,1,14,491,route_segment_removal+greedy_insert_repair,native_route_segment_removal+greedy_insert_repair,4993.130910806186,,73.72249333299987
E_CARBON_TIER1__formal_goeke80__threeshift__e2-threeshift-200c-02__t3_main_alns__seed1,E_CARBON_TIER1,t3_main_alns,alns_e2_throughput+LOCAL_SEARCH,threeshift,e2-threeshift-200c-02,1,15,501,route_segment_removal+greedy_insert_repair,native_route_segment_removal+greedy_insert_repair,4985.683795881101,,74.47531283299031
E_CARBON_TIER1__formal_goeke80__threeshift__e2-threeshift-200c-02__t3_main_alns__seed1,E_CARBON_TIER1,t3_main_alns,alns_e2_throughput+LOCAL_SEARCH,threeshift,e2-threeshift-200c-02,1,16,506,route_segment_removal+greedy_insert_repair,native_route_segment_removal+greedy_insert_repair,4985.085335398364,,74.71022533299401
E_CARBON_TIER1__formal_goeke80__threeshift__e2-threeshift-200c-02__t3_main_alns__seed1,E_CARBON_TIER1,t3_main_alns,alns_e2_throughput+LOCAL_SEARCH,threeshift,e2-threeshift-200c-02,1,17,507,route_segment_removal+greedy_insert_repair,native_route_segment_removal+greedy_insert_repair,4876.1082127345935,,74.88993745799235
E_CARBON_TIER1__formal_goeke80__threeshift__e2-threeshift-200c-02__t3_main_alns__seed1,E_CARBON_TIER1,t3_main_alns,alns_e2_throughput+LOCAL_SEARCH,threeshift,e2-threeshift-200c-02,1,18,511,route_segment_removal+greedy_insert_repair,native_route_segment_removal+greedy_insert_repair,4868.836307592466,,75.4275103330001
E_CARBON_TIER1__formal_goeke80__threeshift__e2-threeshift-200c-02__t3_main_alns__seed1,E_CARBON_TIER1,t3_main_alns,alns_e2_throughput+LOCAL_SEARCH,threeshift,e2-threeshift-200c-02,1,19,522,route_segment_removal+greedy_insert_repair,native_route_segment_removal+greedy_insert_repair,4868.6267857184175,,76.31897404199117
E_CARBON_TIER1__formal_goeke80__threeshift__e2-threeshift-200c-02__t3_main_alns__seed1,E_CARBON_TIER1,t3_main_alns,alns_e2_throughput+LOCAL_SEARCH,threeshift,e2-threeshift-200c-02,1,20,528,route_segment_removal+greedy_insert_repair,native_route_segment_removal+greedy_insert_repair,4866.948480920197,,76.71646899999178
E_CARBON_TIER1__formal_goeke80__threeshift__e2-threeshift-200c-02__t3_main_alns__seed1,E_CARBON_TIER1,t3_main_alns,alns_e2_throughput+LOCAL_SEARCH,threeshift,e2-threeshift-200c-02,1,21,546,route_segment_removal+greedy_insert_repair,native_route_segment_removal+greedy_insert_repair,4858.2790490809675,,77.88536754199595
E_CARBON_TIER1__formal_goeke80__threeshift__e2-threeshift-200c-02__t3_main_alns__seed1,E_CARBON_TIER1,t3_main_alns,alns_e2_throughput+LOCAL_SEARCH,threeshift,e2-threeshift-200c-02,1,22,549,route_segment_removal+greedy_insert_repair,native_route_segment_removal+greedy_insert_repair,4857.577430816189,,78.2424206249998
E_CARBON_TIER1__formal_goeke80__threeshift__e2-threeshift-200c-02__t3_main_alns__seed1,E_CARBON_TIER1,t3_main_alns,alns_e2_throughput+LOCAL_SEARCH,threeshift,e2-threeshift-200c-02,1,23,564,route_segment_removal+greedy_insert_repair,native_route_segment_removal+greedy_insert_repair,4856.355700340775,,79.0068502919894
E_CARBON_TIER1__formal_goeke80__threeshift__e2-threeshift-200c-02__t3_main_alns__seed1,E_CARBON_TIER1,t3_main_alns,alns_e2_throughput+LOCAL_SEARCH,threeshift,e2-threeshift-200c-02,1,24,579,route_segment_removal+greedy_insert_repair,native_route_segment_removal+greedy_insert_repair,4765.043054016274,,80.28974958299659
E_CARBON_TIER1__formal_goeke80__threeshift__e2-threeshift-200c-02__t3_main_alns__seed1,E_CARBON_TIER1,t3_main_alns,alns_e2_throughput+LOCAL_SEARCH,threeshift,e2-threeshift-200c-02,1,25,595,route_segment_removal+greedy_insert_repair,native_route_segment_removal+greedy_insert_repair,4763.992892538176,,81.87138708299608
E_CARBON_TIER1__formal_goeke80__threeshift__e2-threeshift-200c-02__t3_main_alns__seed1,E_CARBON_TIER1,t3_main_alns,alns_e2_throughput+LOCAL_SEARCH,threeshift,e2-threeshift-200c-02,1,26,608,route_segment_removal+greedy_insert_repair,native_route_segment_removal+greedy_insert_repair,4754.741020145144,,83.1483518749883
E_CARBON_TIER1__formal_goeke80__threeshift__e2-threeshift-200c-02__t3_main_alns__seed1,E_CARBON_TIER1,t3_main_alns,alns_e2_throughput+LOCAL_SEARCH,threeshift,e2-threeshift-200c-02,1,27,624,route_segment_removal+greedy_insert_repair,native_route_segment_removal+greedy_insert_repair,4750.246426769059,,84.29871274999459
E_CARBON_TIER1__formal_goeke80__threeshift__e2-threeshift-200c-02__t3_main_alns__seed1,E_CARBON_TIER1,t3_main_alns,alns_e2_throughput+LOCAL_SEARCH,threeshift,e2-threeshift-200c-02,1,28,628,route_segment_removal+greedy_insert_repair,native_route_segment_removal+greedy_insert_repair,4747.946975073745,,84.83295454199833
E_CARBON_TIER1__formal_goeke80__threeshift__e2-threeshift-200c-02__t3_main_alns__seed1,E_CARBON_TIER1,t3_main_alns,alns_e2_throughput+LOCAL_SEARCH,threeshift,e2-threeshift-200c-02,1,29,629,route_segment_removal+greedy_insert_repair,native_route_segment_removal+greedy_insert_repair,4746.206785270156,,85.00764333299594
E_CARBON_TIER1__formal_goeke80__threeshift__e2-threeshift-200c-02__t3_main_alns__seed1,E_CARBON_TIER1,t3_main_alns,alns_e2_throughput+LOCAL_SEARCH,threeshift,e2-threeshift-200c-02,1,30,656,route_segment_removal+greedy_insert_repair,native_route_segment_removal+greedy_insert_repair,4742.467043237052,,86.6602043749881
E_CARBON_TIER1__formal_goeke80__threeshift__e2-threeshift-200c-02__t3_main_alns__seed1,E_CARBON_TIER1,t3_main_alns,alns_e2_throughput+LOCAL_SEARCH,threeshift,e2-threeshift-200c-02,1,31,662,route_segment_removal+greedy_insert_repair,native_route_segment_removal+greedy_insert_repair,4738.380454622222,,87.0216974169889
E_CARBON_TIER1__formal_goeke80__threeshift__e2-threeshift-200c-02__t3_main_alns__seed1,E_CARBON_TIER1,t3_main_alns,alns_e2_throughput+LOCAL_SEARCH,threeshift,e2-threeshift-200c-02,1,32,695,route_segment_removal+greedy_insert_repair,native_route_segment_removal+greedy_insert_repair,4736.596699087729,,89.20026670799416
E_CARBON_TIER1__formal_goeke80__threeshift__e2-threeshift-200c-02__t3_main_alns__seed1,E_CARBON_TIER1,t3_main_alns,alns_e2_throughput+LOCAL_SEARCH,threeshift,e2-threeshift-200c-02,1,33,697,route_segment_removal+greedy_insert_repair,native_route_segment_removal+greedy_insert_repair,4728.472605645696,,89.38096391699219
E_CARBON_TIER1__formal_goeke80__threeshift__e2-threeshift-200c-02__t3_main_alns__seed1,E_CARBON_TIER1,t3_main_alns,alns_e2_throughput+LOCAL_SEARCH,threeshift,e2-threeshift-200c-02,1,34,717,route_segment_removal+greedy_insert_repair,native_route_segment_removal+greedy_insert_repair,4728.307283936443,,90.00310483299836
E_CARBON_TIER1__formal_goeke80__threeshift__e2-threeshift-200c-02__t3_main_alns__seed1,E_CARBON_TIER1,t3_main_alns,alns_e2_throughput+LOCAL_SEARCH,threeshift,e2-threeshift-200c-02,1,35,723,route_segment_removal+greedy_insert_repair,native_route_segment_removal+greedy_insert_repair,4724.615479646263,,90.3714069580019
E_CARBON_TIER1__formal_goeke80__threeshift__e2-threeshift-200c-02__t3_main_alns__seed1,E_CARBON_TIER1,t3_main_alns,alns_e2_throughput+LOCAL_SEARCH,threeshift,e2-threeshift-200c-02,1,36,729,route_segment_removal+greedy_insert_repair,native_route_segment_removal+greedy_insert_repair,4724.502248451442,,90.572953416995
E_CARBON_TIER1__formal_goeke80__threeshift__e2-threeshift-200c-02__t3_main_alns__seed1,E_CARBON_TIER1,t3_main_alns,alns_e2_throughput+LOCAL_SEARCH,threeshift,e2-threeshift-200c-02,1,37,773,route_segment_removal+greedy_insert_repair,native_route_segment_removal+greedy_insert_repair,4714.899270280284,,92.42687408300117
E_CARBON_TIER1__formal_goeke80__threeshift__e2-threeshift-200c-02__t3_main_alns__seed1,E_CARBON_TIER1,t3_main_alns,alns_e2_throughput+LOCAL_SEARCH,threeshift,e2-threeshift-200c-02,1,38,814,route_segment_removal+greedy_insert_repair,native_route_segment_removal+greedy_insert_repair,4714.790718688545,,94.47583933299757
E_CARBON_TIER1__formal_goeke80__threeshift__e2-threeshift-200c-02__t3_main_alns__seed1,E_CARBON_TIER1,t3_main_alns,alns_e2_throughput+LOCAL_SEARCH,threeshift,e2-threeshift-200c-02,1,39,817,route_segment_removal+greedy_insert_repair,native_route_segment_removal+greedy_insert_repair,4714.443231372176,,94.98434791699401
E_CARBON_TIER1__formal_goeke80__threeshift__e2-threeshift-200c-02__t3_main_alns__seed1,E_CARBON_TIER1,t3_main_alns,alns_e2_throughput+LOCAL_SEARCH,threeshift,e2-threeshift-200c-02,1,40,849,route_segment_removal+greedy_insert_repair,native_route_segment_removal+greedy_insert_repair,4712.542527278194,,96.78490229199815
E_CARBON_TIER1__formal_goeke80__threeshift__e2-threeshift-200c-02__t3_main_alns__seed1,E_CARBON_TIER1,t3_main_alns,alns_e2_throughput+LOCAL_SEARCH,threeshift,e2-threeshift-200c-02,1,41,901,route_segment_removal+greedy_insert_repair,native_route_segment_removal+greedy_insert_repair,4711.302431350643,,99.35566149999795
E_CARBON_TIER1__formal_goeke80__threeshift__e2-threeshift-200c-02__t3_main_alns__seed1,E_CARBON_TIER1,t3_main_alns,alns_e2_throughput+LOCAL_SEARCH,threeshift,e2-threeshift-200c-02,1,42,920,route_segment_removal+greedy_insert_repair,native_route_segment_removal+greedy_insert_repair,4708.948051077622,,100.3095924169902
E_CARBON_TIER1__formal_goeke80__threeshift__e2-threeshift-200c-02__t3_main_alns__seed1,E_CARBON_TIER1,t3_main_alns,alns_e2_throughput+LOCAL_SEARCH,threeshift,e2-threeshift-200c-02,1,43,971,route_segment_removal+greedy_insert_repair,native_route_segment_removal+greedy_insert_repair,4708.60245529961,,103.66831970799831
E_CARBON_TIER1__formal_goeke80__threeshift__e2-threeshift-200c-02__t3_main_alns__seed1,E_CARBON_TIER1,t3_main_alns,alns_e2_throughput+LOCAL_SEARCH,threeshift,e2-threeshift-200c-02,1,44,999,route_segment_removal+greedy_insert_repair,native_route_segment_removal+greedy_insert_repair,4708.118068081615,,105.6564392500004
E_CARBON_TIER1__formal_goeke80__threeshift__e2-threeshift-200c-02__t3_main_alns__seed1,E_CARBON_TIER1,t3_main_alns,alns_e2_throughput+LOCAL_SEARCH,threeshift,e2-threeshift-200c-02,1,45,1016,route_segment_removal+greedy_insert_repair,native_route_segment_removal+greedy_insert_repair,4707.710520260501,,106.39988733299833
E_CARBON_TIER1__formal_goeke80__threeshift__e2-threeshift-200c-02__t3_main_alns__seed1,E_CARBON_TIER1,t3_main_alns,alns_e2_throughput+LOCAL_SEARCH,threeshift,e2-threeshift-200c-02,1,46,1022,route_segment_removal+greedy_insert_repair,native_route_segment_removal+greedy_insert_repair,4702.071428530821,,107.24863491699216
E_CARBON_TIER1__formal_goeke80__threeshift__e2-threeshift-200c-02__t3_main_alns__seed1,E_CARBON_TIER1,t3_main_alns,alns_e2_throughput+LOCAL_SEARCH,threeshift,e2-threeshift-200c-02,1,47,1028,route_segment_removal+greedy_insert_repair,native_route_segment_removal+greedy_insert_repair,4687.940625157747,,107.92516149999574
E_CARBON_TIER1__formal_goeke80__threeshift__e2-threeshift-200c-02__t3_main_alns__seed1,E_CARBON_TIER1,t3_main_alns,alns_e2_throughput+LOCAL_SEARCH,threeshift,e2-threeshift-200c-02,1,48,1069,route_segment_removal+greedy_insert_repair,native_route_segment_removal+greedy_insert_repair,4687.798546309725,,111.03340904199285
E_CARBON_TIER1__formal_goeke80__threeshift__e2-threeshift-200c-02__t3_main_alns__seed1,E_CARBON_TIER1,t3_main_alns,alns_e2_throughput+LOCAL_SEARCH,threeshift,e2-threeshift-200c-02,1,49,1092,route_segment_removal+greedy_insert_repair,native_route_segment_removal+greedy_insert_repair,4683.137894943023,,112.3719798749953
E_CARBON_TIER1__formal_goeke80__threeshift__e2-threeshift-200c-02__t3_main_alns__seed1,E_CARBON_TIER1,t3_main_alns,alns_e2_throughput+LOCAL_SEARCH,threeshift,e2-threeshift-200c-02,1,50,1154,route_segment_removal+greedy_insert_repair,native_route_segment_removal+greedy_insert_repair,4682.565970675774,,115.40284716698807
E_CARBON_TIER1__formal_goeke80__threeshift__e2-threeshift-200c-02__t3_main_alns__seed1,E_CARBON_TIER1,t3_main_alns,alns_e2_throughput+LOCAL_SEARCH,threeshift,e2-threeshift-200c-02,1,51,1234,route_segment_removal+greedy_insert_repair,native_route_segment_removal+greedy_insert_repair,4681.723034060633,,119.33205020800233
E_CARBON_TIER1__formal_goeke80__threeshift__e2-threeshift-200c-02__t3_main_alns__seed1,E_CARBON_TIER1,t3_main_alns,alns_e2_throughput+LOCAL_SEARCH,threeshift,e2-threeshift-200c-02,1,52,1259,route_segment_removal+greedy_insert_repair,native_route_segment_removal+greedy_insert_repair,4680.9526979498705,,121.15627504199801
E_CARBON_TIER1__formal_goeke80__threeshift__e2-threeshift-200c-02__t3_main_alns__seed1,E_CARBON_TIER1,t3_main_alns,alns_e2_throughput+LOCAL_SEARCH,threeshift,e2-threeshift-200c-02,1,53,1271,route_segment_removal+greedy_insert_repair,native_route_segment_removal+greedy_insert_repair,4671.443672253203,,122.00138870799856
E_CARBON_TIER1__formal_goeke80__threeshift__e2-threeshift-200c-02__t3_main_alns__seed1,E_CARBON_TIER1,t3_main_alns,alns_e2_throughput+LOCAL_SEARCH,threeshift,e2-threeshift-200c-02,1,54,1312,route_segment_removal+greedy_insert_repair,native_route_segment_removal+greedy_insert_repair,4665.046958330868,,125.25168441700225
E_CARBON_TIER1__formal_goeke80__threeshift__e2-threeshift-200c-02__t3_main_alns__seed1,E_CARBON_TIER1,t3_main_alns,alns_e2_throughput+LOCAL_SEARCH,threeshift,e2-threeshift-200c-02,1,55,1335,route_segment_removal+greedy_insert_repair,native_route_segment_removal+greedy_insert_repair,4663.24824286647,,126.61576729199442
E_CARBON_TIER1__formal_goeke80__threeshift__e2-threeshift-200c-02__t3_main_alns__seed1,E_CARBON_TIER1,t3_main_alns,alns_e2_throughput+LOCAL_SEARCH,threeshift,e2-threeshift-200c-02,1,56,1337,route_segment_removal+greedy_insert_repair,native_route_segment_removal+greedy_insert_repair,4653.430350696287,,126.81951329199364
E_CARBON_TIER1__formal_goeke80__threeshift__e2-threeshift-200c-02__t3_main_alns__seed1,E_CARBON_TIER1,t3_main_alns,alns_e2_throughput+LOCAL_SEARCH,threeshift,e2-threeshift-200c-02,1,57,1360,route_segment_removal+greedy_insert_repair,native_route_segment_removal+greedy_insert_repair,4652.969975711841,,128.54017545799434
E_CARBON_TIER1__formal_goeke80__threeshift__e2-threeshift-200c-02__t3_main_alns__seed1,E_CARBON_TIER1,t3_main_alns,alns_e2_throughput+LOCAL_SEARCH,threeshift,e2-threeshift-200c-02,1,58,1387,route_segment_removal+greedy_insert_repair,native_route_segment_removal+greedy_insert_repair,4650.322370979255,,130.31342179200146
E_CARBON_TIER1__formal_goeke80__threeshift__e2-threeshift-200c-02__t3_main_alns__seed1,E_CARBON_TIER1,t3_main_alns,alns_e2_throughput+LOCAL_SEARCH,threeshift,e2-threeshift-200c-02,1,59,1397,route_segment_removal+greedy_insert_repair,native_route_segment_removal+greedy_insert_repair,4649.273656215532,,130.73181695799576
E_CARBON_TIER1__formal_goeke80__threeshift__e2-threeshift-200c-02__t3_main_alns__seed1,E_CARBON_TIER1,t3_main_alns,alns_e2_throughput+LOCAL_SEARCH,threeshift,e2-threeshift-200c-02,1,60,1474,route_segment_removal+greedy_insert_repair,native_route_segment_removal+greedy_insert_repair,4648.989273145222,,136.26050758299243
E_CARBON_TIER1__formal_goeke80__threeshift__e2-threeshift-200c-02__t3_main_alns__seed1,E_CARBON_TIER1,t3_main_alns,alns_e2_throughput+LOCAL_SEARCH,threeshift,e2-threeshift-200c-02,1,61,1509,route_segment_removal+greedy_insert_repair,native_route_segment_removal+greedy_insert_repair,4648.427028251639,,139.8624157079903
E_CARBON_TIER1__formal_goeke80__threeshift__e2-threeshift-200c-02__t3_main_alns__seed1,E_CARBON_TIER1,t3_main_alns,alns_e2_throughput+LOCAL_SEARCH,threeshift,e2-threeshift-200c-02,1,62,1542,route_segment_removal+greedy_insert_repair,native_route_segment_removal+greedy_insert_repair,4648.353270205849,,143.28444854199188
E_CARBON_TIER1__formal_goeke80__threeshift__e2-threeshift-200c-02__t3_main_alns__seed1,E_CARBON_TIER1,t3_main_alns,alns_e2_throughput+LOCAL_SEARCH,threeshift,e2-threeshift-200c-02,1,63,1635,route_segment_removal+greedy_insert_repair,native_route_segment_removal+greedy_insert_repair,4646.028126760187,,151.9155111250002
E_CARBON_TIER1__formal_goeke80__threeshift__e2-threeshift-200c-02__t3_main_alns__seed1,E_CARBON_TIER1,t3_main_alns,alns_e2_throughput+LOCAL_SEARCH,threeshift,e2-threeshift-200c-02,1,64,1666,route_segment_removal+greedy_insert_repair,native_route_segment_removal+greedy_insert_repair,4645.134276253132,,155.13387870800216
E_CARBON_TIER1__formal_goeke80__threeshift__e2-threeshift-200c-02__t3_main_alns__seed1,E_CARBON_TIER1,t3_main_alns,alns_e2_throughput+LOCAL_SEARCH,threeshift,e2-threeshift-200c-02,1,65,1735,route_segment_removal+greedy_insert_repair,native_route_segment_removal+greedy_insert_repair,4644.332448831091,,160.47717029199703
E_CARBON_TIER1__formal_goeke80__threeshift__e2-threeshift-200c-02__t3_main_alns__seed1,E_CARBON_TIER1,t3_main_alns,alns_e2_throughput+LOCAL_SEARCH,threeshift,e2-threeshift-200c-02,1,66,1951,vehicle_type_swap+greedy_insert_repair,native_vehicle_type_swap+greedy_insert_repair,4637.173784415059,,177.90934933300014
E_CARBON_TIER1__formal_goeke80__threeshift__e2-threeshift-200c-02__t3_main_alns__seed1,E_CARBON_TIER1,t3_main_alns,alns_e2_throughput+LOCAL_SEARCH,threeshift,e2-threeshift-200c-02,1,67,1952,vehicle_type_swap+greedy_insert_repair,native_vehicle_type_swap+greedy_insert_repair,4631.209277026174,,178.15972620798857
E_CARBON_TIER1__formal_goeke80__threeshift__e2-threeshift-200c-02__t3_main_alns__seed1,E_CARBON_TIER1,t3_main_alns,alns_e2_throughput+LOCAL_SEARCH,threeshift,e2-threeshift-200c-02,1,68,2238,route_segment_removal+greedy_insert_repair,native_route_segment_removal+greedy_insert_repair,4616.77828975893,,228.67381391699018
E_CARBON_TIER1__formal_goeke80__threeshift__e2-threeshift-200c-02__t3_main_alns__seed2,E_CARBON_TIER1,t3_main_alns,alns_e2_throughput+LOCAL_SEARCH,threeshift,e2-threeshift-200c-02,2,0,0,shared_warm_start,shared_warm_start,6367.435478271547,,0.0006032499950379133
E_CARBON_TIER1__formal_goeke80__threeshift__e2-threeshift-200c-02__t3_main_alns__seed2,E_CARBON_TIER1,t3_main_alns,alns_e2_throughput+LOCAL_SEARCH,threeshift,e2-threeshift-200c-02,2,1,9,random_customer_removal+regret3_insert_repair,native_random_customer_removal+regret3_insert_repair,5991.564060456025,,3.4108434579975437
E_CARBON_TIER1__formal_goeke80__threeshift__e2-threeshift-200c-02__t3_main_alns__seed2,E_CARBON_TIER1,t3_main_alns,alns_e2_throughput+LOCAL_SEARCH,threeshift,e2-threeshift-200c-02,2,2,13,random_customer_removal+regret3_insert_repair,native_random_customer_removal+regret3_insert_repair,5920.7461434793795,,4.8292970420006895
E_CARBON_TIER1__formal_goeke80__threeshift__e2-threeshift-200c-02__t3_main_alns__seed2,E_CARBON_TIER1,t3_main_alns,alns_e2_throughput+LOCAL_SEARCH,threeshift,e2-threeshift-200c-02,2,3,14,random_customer_removal+regret3_insert_repair,native_random_customer_removal+regret3_insert_repair,5565.817524698783,,5.403774958002032
E_CARBON_TIER1__formal_goeke80__threeshift__e2-threeshift-200c-02__t3_main_alns__seed2,E_CARBON_TIER1,t3_main_alns,alns_e2_throughput+LOCAL_SEARCH,threeshift,e2-threeshift-200c-02,2,4,16,random_customer_removal+regret3_insert_repair,native_random_customer_removal+regret3_insert_repair,5524.769086861625,,6.424565207998967
E_CARBON_TIER1__formal_goeke80__threeshift__e2-threeshift-200c-02__t3_main_alns__seed2,E_CARBON_TIER1,t3_main_alns,alns_e2_throughput+LOCAL_SEARCH,threeshift,e2-threeshift-200c-02,2,5,20,random_customer_removal+regret3_insert_repair,native_random_customer_removal+regret3_insert_repair,5482.778920958938,,7.340647749995696
E_CARBON_TIER1__formal_goeke80__threeshift__e2-threeshift-200c-02__t3_main_alns__seed2,E_CARBON_TIER1,t3_main_alns,alns_e2_throughput+LOCAL_SEARCH,threeshift,e2-threeshift-200c-02,2,6,21,random_customer_removal+regret3_insert_repair,native_random_customer_removal+regret3_insert_repair,5408.769326680295,,8.039919792005094
E_CARBON_TIER1__formal_goeke80__threeshift__e2-threeshift-200c-02__t3_main_alns__seed2,E_CARBON_TIER1,t3_main_alns,alns_e2_throughput+LOCAL_SEARCH,threeshift,e2-threeshift-200c-02,2,7,29,random_customer_removal+regret3_insert_repair,native_random_customer_removal+regret3_insert_repair,5349.137754477454,,11.489422416998423
E_CARBON_TIER1__formal_goeke80__threeshift__e2-threeshift-200c-02__t3_main_alns__seed2,E_CARBON_TIER1,t3_main_alns,alns_e2_throughput+LOCAL_SEARCH,threeshift,e2-threeshift-200c-02,2,8,31,random_customer_removal+regret3_insert_repair,native_random_customer_removal+regret3_insert_repair,5334.608345459657,,12.10243291700317
E_CARBON_TIER1__formal_goeke80__threeshift__e2-threeshift-200c-02__t3_main_alns__seed2,E_CARBON_TIER1,t3_main_alns,alns_e2_throughput+LOCAL_SEARCH,threeshift,e2-threeshift-200c-02,2,9,32,random_customer_removal+regret3_insert_repair,native_random_customer_removal+regret3_insert_repair,5308.2993412493,,12.324805541997193
E_CARBON_TIER1__formal_goeke80__threeshift__e2-threeshift-200c-02__t3_main_alns__seed2,E_CARBON_TIER1,t3_main_alns,alns_e2_throughput+LOCAL_SEARCH,threeshift,e2-threeshift-200c-02,2,10,33,random_customer_removal+regret3_insert_repair,native_random_customer_removal+regret3_insert_repair,5265.497211912934,,12.619487874995684
E_CARBON_TIER1__formal_goeke80__threeshift__e2-threeshift-200c-02__t3_main_alns__seed2,E_CARBON_TIER1,t3_main_alns,alns_e2_throughput+LOCAL_SEARCH,threeshift,e2-threeshift-200c-02,2,11,35,random_customer_removal+regret3_insert_repair,native_random_customer_removal+regret3_insert_repair,5238.4902585950385,,13.210864749999018
E_CARBON_TIER1__formal_goeke80__threeshift__e2-threeshift-200c-02__t3_main_alns__seed2,E_CARBON_TIER1,t3_main_alns,alns_e2_throughput+LOCAL_SEARCH,threeshift,e2-threeshift-200c-02,2,12,43,random_customer_removal+regret3_insert_repair,native_random_customer_removal+regret3_insert_repair,5230.733391903921,,16.176108457992086
E_CARBON_TIER1__formal_goeke80__threeshift__e2-threeshift-200c-02__t3_main_alns__seed2,E_CARBON_TIER1,t3_main_alns,alns_e2_throughput+LOCAL_SEARCH,threeshift,e2-threeshift-200c-02,2,13,46,random_customer_removal+regret3_insert_repair,native_random_customer_removal+regret3_insert_repair,5222.099667025791,,17.181169000003138
E_CARBON_TIER1__formal_goeke80__threeshift__e2-threeshift-200c-02__t3_main_alns__seed2,E_CARBON_TIER1,t3_main_alns,alns_e2_throughput+LOCAL_SEARCH,threeshift,e2-threeshift-200c-02,2,14,47,random_customer_removal+regret3_insert_repair,native_random_customer_removal+regret3_insert_repair,5221.686594033065,,17.423018667002907
E_CARBON_TIER1__formal_goeke80__threeshift__e2-threeshift-200c-02__t3_main_alns__seed2,E_CARBON_TIER1,t3_main_alns,alns_e2_throughput+LOCAL_SEARCH,threeshift,e2-threeshift-200c-02,2,15,49,random_customer_removal+regret3_insert_repair,native_random_customer_removal+regret3_insert_repair,5161.166045324925,,17.876167541995528
E_CARBON_TIER1__formal_goeke80__threeshift__e2-threeshift-200c-02__t3_main_alns__seed2,E_CARBON_TIER1,t3_main_alns,alns_e2_throughput+LOCAL_SEARCH,threeshift,e2-threeshift-200c-02,2,16,51,random_customer_removal+regret3_insert_repair,native_random_customer_removal+regret3_insert_repair,5151.189492669576,,18.224219708004966
E_CARBON_TIER1__formal_goeke80__threeshift__e2-threeshift-200c-02__t3_main_alns__seed2,E_CARBON_TIER1,t3_main_alns,alns_e2_throughput+LOCAL_SEARCH,threeshift,e2-threeshift-200c-02,2,17,53,random_customer_removal+regret3_insert_repair,native_random_customer_removal+regret3_insert_repair,5034.713881574622,,19.450834999996005
E_CARBON_TIER1__formal_goeke80__threeshift__e2-threeshift-200c-02__t3_main_alns__seed2,E_CARBON_TIER1,t3_main_alns,alns_e2_throughput+LOCAL_SEARCH,threeshift,e2-threeshift-200c-02,2,18,55,random_customer_removal+regret3_insert_repair,native_random_customer_removal+regret3_insert_repair,4939.236546930889,,20.343600624997634
E_CARBON_TIER1__formal_goeke80__threeshift__e2-threeshift-200c-02__t3_main_alns__seed2,E_CARBON_TIER1,t3_main_alns,alns_e2_throughput+LOCAL_SEARCH,threeshift,e2-threeshift-200c-02,2,19,60,random_customer_removal+regret3_insert_repair,native_random_customer_removal+regret3_insert_repair,4916.3971839196565,,22.409529500000644
E_CARBON_TIER1__formal_goeke80__threeshift__e2-threeshift-200c-02__t3_main_alns__seed2,E_CARBON_TIER1,t3_main_alns,alns_e2_throughput+LOCAL_SEARCH,threeshift,e2-threeshift-200c-02,2,20,63,random_customer_removal+regret3_insert_repair,native_random_customer_removal+regret3_insert_repair,4907.131735200565,,23.70059137500357
E_CARBON_TIER1__formal_goeke80__threeshift__e2-threeshift-200c-02__t3_main_alns__seed2,E_CARBON_TIER1,t3_main_alns,alns_e2_throughput+LOCAL_SEARCH,threeshift,e2-threeshift-200c-02,2,21,65,random_customer_removal+regret3_insert_repair,native_random_customer_removal+regret3_insert_repair,4897.7453110107035,,24.637636874991586
E_CARBON_TIER1__formal_goeke80__threeshift__e2-threeshift-200c-02__t3_main_alns__seed2,E_CARBON_TIER1,t3_main_alns,alns_e2_throughput+LOCAL_SEARCH,threeshift,e2-threeshift-200c-02,2,22,83,random_customer_removal+regret3_insert_repair,native_random_customer_removal+regret3_insert_repair,4887.827654691272,,31.45037287499872
E_CARBON_TIER1__formal_goeke80__threeshift__e2-threeshift-200c-02__t3_main_alns__seed2,E_CARBON_TIER1,t3_main_alns,alns_e2_throughput+LOCAL_SEARCH,threeshift,e2-threeshift-200c-02,2,23,92,random_customer_removal+regret3_insert_repair,native_random_customer_removal+regret3_insert_repair,4871.536124992922,,34.90277120799874
E_CARBON_TIER1__formal_goeke80__threeshift__e2-threeshift-200c-02__t3_main_alns__seed2,E_CARBON_TIER1,t3_main_alns,alns_e2_throughput+LOCAL_SEARCH,threeshift,e2-threeshift-200c-02,2,24,94,random_customer_removal+regret3_insert_repair,native_random_customer_removal+regret3_insert_repair,4857.937816255957,,35.26291829199181
E_CARBON_TIER1__formal_goeke80__threeshift__e2-threeshift-200c-02__t3_main_alns__seed2,E_CARBON_TIER1,t3_main_alns,alns_e2_throughput+LOCAL_SEARCH,threeshift,e2-threeshift-200c-02,2,25,106,random_customer_removal+regret3_insert_repair,native_random_customer_removal+regret3_insert_repair,4854.089944182241,,39.19909466699755
E_CARBON_TIER1__formal_goeke80__threeshift__e2-threeshift-200c-02__t3_main_alns__seed2,E_CARBON_TIER1,t3_main_alns,alns_e2_throughput+LOCAL_SEARCH,threeshift,e2-threeshift-200c-02,2,26,112,random_customer_removal+regret3_insert_repair,native_random_customer_removal+regret3_insert_repair,4845.1469197031365,,40.975017791992286
E_CARBON_TIER1__formal_goeke80__threeshift__e2-threeshift-200c-02__t3_main_alns__seed2,E_CARBON_TIER1,t3_main_alns,alns_e2_throughput+LOCAL_SEARCH,threeshift,e2-threeshift-200c-02,2,27,116,random_customer_removal+regret3_insert_repair,native_random_customer_removal+regret3_insert_repair,4772.86938457674,,42.55233070800023
E_CARBON_TIER1__formal_goeke80__threeshift__e2-threeshift-200c-02__t3_main_alns__seed2,E_CARBON_TIER1,t3_main_alns,alns_e2_throughput+LOCAL_SEARCH,threeshift,e2-threeshift-200c-02,2,28,125,random_customer_removal+regret3_insert_repair,native_random_customer_removal+regret3_insert_repair,4754.908669615091,,46.04477900000347
E_CARBON_TIER1__formal_goeke80__threeshift__e2-threeshift-200c-02__t3_main_alns__seed2,E_CARBON_TIER1,t3_main_alns,alns_e2_throughput+LOCAL_SEARCH,threeshift,e2-threeshift-200c-02,2,29,132,random_customer_removal+regret3_insert_repair,native_random_customer_removal+regret3_insert_repair,4754.815122955282,,48.37405850000505
E_CARBON_TIER1__formal_goeke80__threeshift__e2-threeshift-200c-02__t3_main_alns__seed2,E_CARBON_TIER1,t3_main_alns,alns_e2_throughput+LOCAL_SEARCH,threeshift,e2-threeshift-200c-02,2,30,134,random_customer_removal+regret3_insert_repair,native_random_customer_removal+regret3_insert_repair,4754.556869295276,,49.06975754200539
E_CARBON_TIER1__formal_goeke80__threeshift__e2-threeshift-200c-02__t3_main_alns__seed2,E_CARBON_TIER1,t3_main_alns,alns_e2_throughput+LOCAL_SEARCH,threeshift,e2-threeshift-200c-02,2,31,135,random_customer_removal+regret3_insert_repair,native_random_customer_removal+regret3_insert_repair,4752.225854894383,,49.28109862499696
E_CARBON_TIER1__formal_goeke80__threeshift__e2-threeshift-200c-02__t3_main_alns__seed2,E_CARBON_TIER1,t3_main_alns,alns_e2_throughput+LOCAL_SEARCH,threeshift,e2-threeshift-200c-02,2,32,147,random_customer_removal+regret3_insert_repair,native_random_customer_removal+regret3_insert_repair,4752.137471211324,,52.35691204199975
E_CARBON_TIER1__formal_goeke80__threeshift__e2-threeshift-200c-02__t3_main_alns__seed2,E_CARBON_TIER1,t3_main_alns,alns_e2_throughput+LOCAL_SEARCH,threeshift,e2-threeshift-200c-02,2,33,148,random_customer_removal+regret3_insert_repair,native_random_customer_removal+regret3_insert_repair,4711.182178682311,,53.0710762499948
E_CARBON_TIER1__formal_goeke80__threeshift__e2-threeshift-200c-02__t3_main_alns__seed2,E_CARBON_TIER1,t3_main_alns,alns_e2_throughput+LOCAL_SEARCH,threeshift,e2-threeshift-200c-02,2,34,185,random_customer_removal+regret3_insert_repair,native_random_customer_removal+regret3_insert_repair,4702.995148860352,,66.48656616700464
E_CARBON_TIER1__formal_goeke80__threeshift__e2-threeshift-200c-02__t3_main_alns__seed2,E_CARBON_TIER1,t3_main_alns,alns_e2_throughput+LOCAL_SEARCH,threeshift,e2-threeshift-200c-02,2,35,197,random_customer_removal+regret3_insert_repair,native_random_customer_removal+regret3_insert_repair,4700.902734884036,,69.64228066700161
E_CARBON_TIER1__formal_goeke80__threeshift__e2-threeshift-200c-02__t3_main_alns__seed2,E_CARBON_TIER1,t3_main_alns,alns_e2_throughput+LOCAL_SEARCH,threeshift,e2-threeshift-200c-02,2,36,209,random_customer_removal+regret3_insert_repair,native_random_customer_removal+regret3_insert_repair,4691.576785407895,,74.50632662499265
E_CARBON_TIER1__formal_goeke80__threeshift__e2-threeshift-200c-02__t3_main_alns__seed2,E_CARBON_TIER1,t3_main_alns,alns_e2_throughput+LOCAL_SEARCH,threeshift,e2-threeshift-200c-02,2,37,218,random_customer_removal+regret3_insert_repair,native_random_customer_removal+regret3_insert_repair,4690.39390504886,,78.2338327079924
E_CARBON_TIER1__formal_goeke80__threeshift__e2-threeshift-200c-02__t3_main_alns__seed2,E_CARBON_TIER1,t3_main_alns,alns_e2_throughput+LOCAL_SEARCH,threeshift,e2-threeshift-200c-02,2,38,231,random_customer_removal+regret3_insert_repair,native_random_customer_removal+regret3_insert_repair,4689.493072931137,,83.54228020799928
E_CARBON_TIER1__formal_goeke80__threeshift__e2-threeshift-200c-02__t3_main_alns__seed2,E_CARBON_TIER1,t3_main_alns,alns_e2_throughput+LOCAL_SEARCH,threeshift,e2-threeshift-200c-02,2,39,236,random_customer_removal+regret3_insert_repair,native_random_customer_removal+regret3_insert_repair,4687.459685630625,,84.99897741699533
E_CARBON_TIER1__formal_goeke80__threeshift__e2-threeshift-200c-02__t3_main_alns__seed2,E_CARBON_TIER1,t3_main_alns,alns_e2_throughput+LOCAL_SEARCH,threeshift,e2-threeshift-200c-02,2,40,244,random_customer_removal+regret3_insert_repair,native_random_customer_removal+regret3_insert_repair,4673.9455727571085,,88.36471199999505
E_CARBON_TIER1__formal_goeke80__threeshift__e2-threeshift-200c-02__t3_main_alns__seed2,E_CARBON_TIER1,t3_main_alns,alns_e2_throughput+LOCAL_SEARCH,threeshift,e2-threeshift-200c-02,2,41,261,random_customer_removal+regret3_insert_repair,native_random_customer_removal+regret3_insert_repair,4668.512644346043,,94.17827854199277
E_CARBON_TIER1__formal_goeke80__threeshift__e2-threeshift-200c-02__t3_main_alns__seed2,E_CARBON_TIER1,t3_main_alns,alns_e2_throughput+LOCAL_SEARCH,threeshift,e2-threeshift-200c-02,2,42,270,random_customer_removal+regret3_insert_repair,native_random_customer_removal+regret3_insert_repair,4659.803921172854,,97.07458229199983
E_CARBON_TIER1__formal_goeke80__threeshift__e2-threeshift-200c-02__t3_main_alns__seed2,E_CARBON_TIER1,t3_main_alns,alns_e2_throughput+LOCAL_SEARCH,threeshift,e2-threeshift-200c-02,2,43,293,random_customer_removal+regret3_insert_repair,native_random_customer_removal+regret3_insert_repair,4659.2892068118545,,103.48343912500422
E_CARBON_TIER1__formal_goeke80__threeshift__e2-threeshift-200c-02__t3_main_alns__seed2,E_CARBON_TIER1,t3_main_alns,alns_e2_throughput+LOCAL_SEARCH,threeshift,e2-threeshift-200c-02,2,44,302,random_customer_removal+regret3_insert_repair,native_random_customer_removal+regret3_insert_repair,4651.271932735376,,106.56640233300277
E_CARBON_TIER1__formal_goeke80__threeshift__e2-threeshift-200c-02__t3_main_alns__seed2,E_CARBON_TIER1,t3_main_alns,alns_e2_throughput+LOCAL_SEARCH,threeshift,e2-threeshift-200c-02,2,45,317,random_customer_removal+regret3_insert_repair,native_random_customer_removal+regret3_insert_repair,4651.222142880944,,112.58856391700101
E_CARBON_TIER1__formal_goeke80__threeshift__e2-threeshift-200c-02__t3_main_alns__seed2,E_CARBON_TIER1,t3_main_alns,alns_e2_throughput+LOCAL_SEARCH,threeshift,e2-threeshift-200c-02,2,46,334,random_customer_removal+regret3_insert_repair,native_random_customer_removal+regret3_insert_repair,4651.006088540125,,117.99513158299669
E_CARBON_TIER1__formal_goeke80__threeshift__e2-threeshift-200c-02__t3_main_alns__seed2,E_CARBON_TIER1,t3_main_alns,alns_e2_throughput+LOCAL_SEARCH,threeshift,e2-threeshift-200c-02,2,47,335,random_customer_removal+regret3_insert_repair,native_random_customer_removal+regret3_insert_repair,4639.341102367478,,118.31823808299669
E_CARBON_TIER1__formal_goeke80__threeshift__e2-threeshift-200c-02__t3_main_alns__seed2,E_CARBON_TIER1,t3_main_alns,alns_e2_throughput+LOCAL_SEARCH,threeshift,e2-threeshift-200c-02,2,48,337,random_customer_removal+regret3_insert_repair,native_random_customer_removal+regret3_insert_repair,4638.496792236206,,119.1255963750009
E_CARBON_TIER1__formal_goeke80__threeshift__e2-threeshift-200c-02__t3_main_alns__seed2,E_CARBON_TIER1,t3_main_alns,alns_e2_throughput+LOCAL_SEARCH,threeshift,e2-threeshift-200c-02,2,49,338,random_customer_removal+regret3_insert_repair,native_random_customer_removal+regret3_insert_repair,4636.899072307339,,119.340837249998
E_CARBON_TIER1__formal_goeke80__threeshift__e2-threeshift-200c-02__t3_main_alns__seed2,E_CARBON_TIER1,t3_main_alns,alns_e2_throughput+LOCAL_SEARCH,threeshift,e2-threeshift-200c-02,2,50,342,random_customer_removal+regret3_insert_repair,native_random_customer_removal+regret3_insert_repair,4635.950663020433,,120.87262158299563
E_CARBON_TIER1__formal_goeke80__threeshift__e2-threeshift-200c-02__t3_main_alns__seed2,E_CARBON_TIER1,t3_main_alns,alns_e2_throughput+LOCAL_SEARCH,threeshift,e2-threeshift-200c-02,2,51,350,random_customer_removal+regret3_insert_repair,native_random_customer_removal+regret3_insert_repair,4615.138709249027,,123.65448120799556
E_CARBON_TIER1__formal_goeke80__threeshift__e2-threeshift-200c-02__t3_main_alns__seed2,E_CARBON_TIER1,t3_main_alns,alns_e2_throughput+LOCAL_SEARCH,threeshift,e2-threeshift-200c-02,2,52,367,random_customer_removal+regret3_insert_repair,native_random_customer_removal+regret3_insert_repair,4614.5166997777105,,128.38217675000487
E_CARBON_TIER1__formal_goeke80__threeshift__e2-threeshift-200c-02__t3_main_alns__seed2,E_CARBON_TIER1,t3_main_alns,alns_e2_throughput+LOCAL_SEARCH,threeshift,e2-threeshift-200c-02,2,53,383,random_customer_removal+regret3_insert_repair,native_random_customer_removal+regret3_insert_repair,4611.092295528642,,133.40742516699538
E_CARBON_TIER1__formal_goeke80__threeshift__e2-threeshift-200c-02__t3_main_alns__seed2,E_CARBON_TIER1,t3_main_alns,alns_e2_throughput+LOCAL_SEARCH,threeshift,e2-threeshift-200c-02,2,54,430,random_customer_removal+regret3_insert_repair,native_random_customer_removal+regret3_insert_repair,4609.170217165132,,149.53948454199417
E_CARBON_TIER1__formal_goeke80__threeshift__e2-threeshift-200c-02__t3_main_alns__seed2,E_CARBON_TIER1,t3_main_alns,alns_e2_throughput+LOCAL_SEARCH,threeshift,e2-threeshift-200c-02,2,55,433,random_customer_removal+regret3_insert_repair,native_random_customer_removal+regret3_insert_repair,4601.594702669087,,150.2165655830031
E_CARBON_TIER1__formal_goeke80__threeshift__e2-threeshift-200c-02__t3_main_alns__seed2,E_CARBON_TIER1,t3_main_alns,alns_e2_throughput+LOCAL_SEARCH,threeshift,e2-threeshift-200c-02,2,56,438,random_customer_removal+regret3_insert_repair,native_random_customer_removal+regret3_insert_repair,4598.983803894142,,151.89767766700243
E_CARBON_TIER1__formal_goeke80__threeshift__e2-threeshift-200c-02__t3_main_alns__seed2,E_CARBON_TIER1,t3_main_alns,alns_e2_throughput+LOCAL_SEARCH,threeshift,e2-threeshift-200c-02,2,57,449,random_customer_removal+regret3_insert_repair,native_random_customer_removal+regret3_insert_repair,4598.138663697176,,156.70220749999862
E_CARBON_TIER1__formal_goeke80__threeshift__e2-threeshift-200c-02__t3_main_alns__seed2,E_CARBON_TIER1,t3_main_alns,alns_e2_throughput+LOCAL_SEARCH,threeshift,e2-threeshift-200c-02,2,58,460,random_customer_removal+regret3_insert_repair,native_random_customer_removal+regret3_insert_repair,4589.906303109409,,160.23329858299985
E_CARBON_TIER1__formal_goeke80__threeshift__e2-threeshift-200c-02__t3_main_alns__seed2,E_CARBON_TIER1,t3_main_alns,alns_e2_throughput+LOCAL_SEARCH,threeshift,e2-threeshift-200c-02,2,59,469,random_customer_removal+regret3_insert_repair,native_random_customer_removal+regret3_insert_repair,4588.115551770103,,163.21359316700546
E_CARBON_TIER1__formal_goeke80__threeshift__e2-threeshift-200c-02__t3_main_alns__seed2,E_CARBON_TIER1,t3_main_alns,alns_e2_throughput+LOCAL_SEARCH,threeshift,e2-threeshift-200c-02,2,60,474,random_customer_removal+regret3_insert_repair,native_random_customer_removal+regret3_insert_repair,4587.108501066794,,165.348668791994
E_CARBON_TIER1__formal_goeke80__threeshift__e2-threeshift-200c-02__t3_main_alns__seed2,E_CARBON_TIER1,t3_main_alns,alns_e2_throughput+LOCAL_SEARCH,threeshift,e2-threeshift-200c-02,2,61,475,random_customer_removal+regret3_insert_repair,native_random_customer_removal+regret3_insert_repair,4585.969011848741,,165.94424654199975
E_CARBON_TIER1__formal_goeke80__threeshift__e2-threeshift-200c-02__t3_main_alns__seed2,E_CARBON_TIER1,t3_main_alns,alns_e2_throughput+LOCAL_SEARCH,threeshift,e2-threeshift-200c-02,2,62,478,random_customer_removal+regret3_insert_repair,native_random_customer_removal+regret3_insert_repair,4585.42228662702,,166.47417658299673
E_CARBON_TIER1__formal_goeke80__threeshift__e2-threeshift-200c-02__t3_main_alns__seed2,E_CARBON_TIER1,t3_main_alns,alns_e2_throughput+LOCAL_SEARCH,threeshift,e2-threeshift-200c-02,2,63,479,random_customer_removal+regret3_insert_repair,native_random_customer_removal+regret3_insert_repair,4584.893739051899,,166.81810395799403
E_CARBON_TIER1__formal_goeke80__threeshift__e2-threeshift-200c-02__t3_main_alns__seed2,E_CARBON_TIER1,t3_main_alns,alns_e2_throughput+LOCAL_SEARCH,threeshift,e2-threeshift-200c-02,2,64,519,random_customer_removal+regret3_insert_repair,native_random_customer_removal+regret3_insert_repair,4584.005378835909,,180.9371979580028
E_CARBON_TIER1__formal_goeke80__threeshift__e2-threeshift-200c-02__t3_main_alns__seed2,E_CARBON_TIER1,t3_main_alns,alns_e2_throughput+LOCAL_SEARCH,threeshift,e2-threeshift-200c-02,2,65,749,random_customer_removal+regret3_insert_repair,native_random_customer_removal+regret3_insert_repair,4583.684551533285,,255.47996666700055
E_CARBON_TIER1__formal_goeke80__threeshift__e2-threeshift-200c-02__t3_main_alns__seed2,E_CARBON_TIER1,t3_main_alns,alns_e2_throughput+LOCAL_SEARCH,threeshift,e2-threeshift-200c-02,2,66,756,random_customer_removal+regret3_insert_repair,native_random_customer_removal+regret3_insert_repair,4583.316688186342,,258.0796253330045
E_CARBON_TIER1__formal_goeke80__threeshift__e2-threeshift-200c-02__t3_main_alns__seed2,E_CARBON_TIER1,t3_main_alns,alns_e2_throughput+LOCAL_SEARCH,threeshift,e2-threeshift-200c-02,2,67,775,random_customer_removal+regret3_insert_repair,native_random_customer_removal+regret3_insert_repair,4583.1260820106045,,264.0297822919965
E_CARBON_TIER1__formal_goeke80__threeshift__e2-threeshift-200c-02__t3_main_alns__seed2,E_CARBON_TIER1,t3_main_alns,alns_e2_throughput+LOCAL_SEARCH,threeshift,e2-threeshift-200c-02,2,68,879,random_customer_removal+regret3_insert_repair,native_random_customer_removal+regret3_insert_repair,4582.699500330813,,300.5033312919986
E_CARBON_TIER1__formal_goeke80__threeshift__e2-threeshift-200c-02__t3_main_alns__seed2,E_CARBON_TIER1,t3_main_alns,alns_e2_throughput+LOCAL_SEARCH,threeshift,e2-threeshift-200c-02,2,69,968,vehicle_type_swap+greedy_insert_repair,native_vehicle_type_swap+greedy_insert_repair,4562.599210044465,,326.5348839579965
E_CARBON_TIER1__formal_goeke80__threeshift__e2-threeshift-200c-02__t3_main_alns__seed2,E_CARBON_TIER1,t3_main_alns,alns_e2_throughput+LOCAL_SEARCH,threeshift,e2-threeshift-200c-02,2,70,969,vehicle_type_swap+greedy_insert_repair,native_vehicle_type_swap+greedy_insert_repair,4541.921747437597,,326.71754412500013
E_CARBON_TIER1__formal_goeke80__threeshift__e2-threeshift-200c-02__t3_main_alns__seed2,E_CARBON_TIER1,t3_main_alns,alns_e2_throughput+LOCAL_SEARCH,threeshift,e2-threeshift-200c-02,2,71,970,vehicle_type_swap+greedy_insert_repair,native_vehicle_type_swap+greedy_insert_repair,4529.019817197067,,326.88689470800455
E_CARBON_TIER1__formal_goeke80__threeshift__e2-threeshift-200c-02__t3_main_alns__seed2,E_CARBON_TIER1,t3_main_alns,alns_e2_throughput+LOCAL_SEARCH,threeshift,e2-threeshift-200c-02,2,72,971,vehicle_type_swap+greedy_insert_repair,native_vehicle_type_swap+greedy_insert_repair,4520.838757359983,,327.0617785420036
E_CARBON_TIER1__formal_goeke80__threeshift__e2-threeshift-200c-02__t3_main_alns__seed2,E_CARBON_TIER1,t3_main_alns,alns_e2_throughput+LOCAL_SEARCH,threeshift,e2-threeshift-200c-02,2,73,972,vehicle_type_swap+greedy_insert_repair,native_vehicle_type_swap+greedy_insert_repair,4514.116249991454,,327.23945066699525
E_CARBON_TIER1__formal_goeke80__threeshift__e2-threeshift-200c-02__t3_main_alns__seed2,E_CARBON_TIER1,t3_main_alns,alns_e2_throughput+LOCAL_SEARCH,threeshift,e2-threeshift-200c-02,2,74,973,vehicle_type_swap+greedy_insert_repair,native_vehicle_type_swap+greedy_insert_repair,4496.032976893117,,327.4264448329923
E_CARBON_TIER1__formal_goeke80__threeshift__e2-threeshift-200c-02__t3_main_alns__seed2,E_CARBON_TIER1,t3_main_alns,alns_e2_throughput+LOCAL_SEARCH,threeshift,e2-threeshift-200c-02,2,75,974,vehicle_type_swap+greedy_insert_repair,native_vehicle_type_swap+greedy_insert_repair,4477.4588889113165,,327.6230684579932
E_CARBON_TIER1__formal_goeke80__threeshift__e2-threeshift-200c-02__t3_main_alns__seed2,E_CARBON_TIER1,t3_main_alns,alns_e2_throughput+LOCAL_SEARCH,threeshift,e2-threeshift-200c-02,2,76,975,vehicle_type_swap+greedy_insert_repair,native_vehicle_type_swap+greedy_insert_repair,4458.903743253227,,327.82371933299873
E_CARBON_TIER1__formal_goeke80__threeshift__e2-threeshift-200c-02__t3_main_alns__seed2,E_CARBON_TIER1,t3_main_alns,alns_e2_throughput+LOCAL_SEARCH,threeshift,e2-threeshift-200c-02,2,77,976,vehicle_type_swap+greedy_insert_repair,native_vehicle_type_swap+greedy_insert_repair,4441.058172472859,,328.03442345799704
E_CARBON_TIER1__formal_goeke80__threeshift__e2-threeshift-200c-02__t3_main_alns__seed2,E_CARBON_TIER1,t3_main_alns,alns_e2_throughput+LOCAL_SEARCH,threeshift,e2-threeshift-200c-02,2,78,977,vehicle_type_swap+greedy_insert_repair,native_vehicle_type_swap+greedy_insert_repair,4435.590780035018,,328.2499035829969
E_CARBON_TIER1__formal_goeke80__threeshift__e2-threeshift-200c-02__t3_main_alns__seed2,E_CARBON_TIER1,t3_main_alns,alns_e2_throughput+LOCAL_SEARCH,threeshift,e2-threeshift-200c-02,2,79,978,vehicle_type_swap+greedy_insert_repair,native_vehicle_type_swap+greedy_insert_repair,4432.720057068517,,328.47514579199196
E_CARBON_TIER1__formal_goeke80__threeshift__e2-threeshift-200c-02__t3_main_alns__seed3,E_CARBON_TIER1,t3_main_alns,alns_e2_throughput+LOCAL_SEARCH,threeshift,e2-threeshift-200c-02,3,0,0,shared_warm_start,shared_warm_start,6367.435478271547,,0.0005665420030709356
E_CARBON_TIER1__formal_goeke80__threeshift__e2-threeshift-200c-02__t3_main_alns__seed3,E_CARBON_TIER1,t3_main_alns,alns_e2_throughput+LOCAL_SEARCH,threeshift,e2-threeshift-200c-02,3,1,4,random_customer_removal+regret2_insert_repair,native_random_customer_removal+regret2_insert_repair,6162.609766181558,,1.6268611249979585
E_CARBON_TIER1__formal_goeke80__threeshift__e2-threeshift-200c-02__t3_main_alns__seed3,E_CARBON_TIER1,t3_main_alns,alns_e2_throughput+LOCAL_SEARCH,threeshift,e2-threeshift-200c-02,3,2,6,random_customer_removal+regret2_insert_repair,native_random_customer_removal+regret2_insert_repair,6095.122493735431,,2.5858812920050696
E_CARBON_TIER1__formal_goeke80__threeshift__e2-threeshift-200c-02__t3_main_alns__seed3,E_CARBON_TIER1,t3_main_alns,alns_e2_throughput+LOCAL_SEARCH,threeshift,e2-threeshift-200c-02,3,3,7,random_customer_removal+regret2_insert_repair,native_random_customer_removal+regret2_insert_repair,6011.8063074088905,,2.7307122920028633
E_CARBON_TIER1__formal_goeke80__threeshift__e2-threeshift-200c-02__t3_main_alns__seed3,E_CARBON_TIER1,t3_main_alns,alns_e2_throughput+LOCAL_SEARCH,threeshift,e2-threeshift-200c-02,3,4,8,random_customer_removal+regret2_insert_repair,native_random_customer_removal+regret2_insert_repair,5828.3099270208595,,2.9611155839957064
E_CARBON_TIER1__formal_goeke80__threeshift__e2-threeshift-200c-02__t3_main_alns__seed3,E_CARBON_TIER1,t3_main_alns,alns_e2_throughput+LOCAL_SEARCH,threeshift,e2-threeshift-200c-02,3,5,13,random_customer_removal+regret2_insert_repair,native_random_customer_removal+regret2_insert_repair,5825.876437740277,,4.4348725419986295
E_CARBON_TIER1__formal_goeke80__threeshift__e2-threeshift-200c-02__t3_main_alns__seed3,E_CARBON_TIER1,t3_main_alns,alns_e2_throughput+LOCAL_SEARCH,threeshift,e2-threeshift-200c-02,3,6,14,random_customer_removal+regret2_insert_repair,native_random_customer_removal+regret2_insert_repair,5818.961077746947,,4.852258792001521
E_CARBON_TIER1__formal_goeke80__threeshift__e2-threeshift-200c-02__t3_main_alns__seed3,E_CARBON_TIER1,t3_main_alns,alns_e2_throughput+LOCAL_SEARCH,threeshift,e2-threeshift-200c-02,3,7,15,random_customer_removal+regret2_insert_repair,native_random_customer_removal+regret2_insert_repair,5576.969843824671,,5.460845042005531
E_CARBON_TIER1__formal_goeke80__threeshift__e2-threeshift-200c-02__t3_main_alns__seed3,E_CARBON_TIER1,t3_main_alns,alns_e2_throughput+LOCAL_SEARCH,threeshift,e2-threeshift-200c-02,3,8,16,random_customer_removal+regret2_insert_repair,native_random_customer_removal+regret2_insert_repair,5512.335556456871,,6.1040856250037905
E_CARBON_TIER1__formal_goeke80__threeshift__e2-threeshift-200c-02__t3_main_alns__seed3,E_CARBON_TIER1,t3_main_alns,alns_e2_throughput+LOCAL_SEARCH,threeshift,e2-threeshift-200c-02,3,9,19,random_customer_removal+regret2_insert_repair,native_random_customer_removal+regret2_insert_repair,5194.412779401162,,7.646987750005792
E_CARBON_TIER1__formal_goeke80__threeshift__e2-threeshift-200c-02__t3_main_alns__seed3,E_CARBON_TIER1,t3_main_alns,alns_e2_throughput+LOCAL_SEARCH,threeshift,e2-threeshift-200c-02,3,10,37,random_customer_removal+regret2_insert_repair,native_random_customer_removal+regret2_insert_repair,5169.411333173271,,13.331986584002152
E_CARBON_TIER1__formal_goeke80__threeshift__e2-threeshift-200c-02__t3_main_alns__seed3,E_CARBON_TIER1,t3_main_alns,alns_e2_throughput+LOCAL_SEARCH,threeshift,e2-threeshift-200c-02,3,11,38,random_customer_removal+regret2_insert_repair,native_random_customer_removal+regret2_insert_repair,5162.278776469868,,13.546753250004258
E_CARBON_TIER1__formal_goeke80__threeshift__e2-threeshift-200c-02__t3_main_alns__seed3,E_CARBON_TIER1,t3_main_alns,alns_e2_throughput+LOCAL_SEARCH,threeshift,e2-threeshift-200c-02,3,12,39,random_customer_removal+regret2_insert_repair,native_random_customer_removal+regret2_insert_repair,5157.646461075402,,13.632248249996337
E_CARBON_TIER1__formal_goeke80__threeshift__e2-threeshift-200c-02__t3_main_alns__seed3,E_CARBON_TIER1,t3_main_alns,alns_e2_throughput+LOCAL_SEARCH,threeshift,e2-threeshift-200c-02,3,13,42,random_customer_removal+regret2_insert_repair,native_random_customer_removal+regret2_insert_repair,5144.261151640847,,14.271611333999317
E_CARBON_TIER1__formal_goeke80__threeshift__e2-threeshift-200c-02__t3_main_alns__seed3,E_CARBON_TIER1,t3_main_alns,alns_e2_throughput+LOCAL_SEARCH,threeshift,e2-threeshift-200c-02,3,14,44,random_customer_removal+regret2_insert_repair,native_random_customer_removal+regret2_insert_repair,5046.1320995556825,,14.842182084001251
E_CARBON_TIER1__formal_goeke80__threeshift__e2-threeshift-200c-02__t3_main_alns__seed3,E_CARBON_TIER1,t3_main_alns,alns_e2_throughput+LOCAL_SEARCH,threeshift,e2-threeshift-200c-02,3,15,45,random_customer_removal+regret2_insert_repair,native_random_customer_removal+regret2_insert_repair,5038.981833984201,,14.975266624998767
E_CARBON_TIER1__formal_goeke80__threeshift__e2-threeshift-200c-02__t3_main_alns__seed3,E_CARBON_TIER1,t3_main_alns,alns_e2_throughput+LOCAL_SEARCH,threeshift,e2-threeshift-200c-02,3,16,47,random_customer_removal+regret2_insert_repair,native_random_customer_removal+regret2_insert_repair,5027.894240844916,,15.805160500007332
E_CARBON_TIER1__formal_goeke80__threeshift__e2-threeshift-200c-02__t3_main_alns__seed3,E_CARBON_TIER1,t3_main_alns,alns_e2_throughput+LOCAL_SEARCH,threeshift,e2-threeshift-200c-02,3,17,48,random_customer_removal+regret2_insert_repair,native_random_customer_removal+regret2_insert_repair,5027.644327621156,,15.966271291996236
E_CARBON_TIER1__formal_goeke80__threeshift__e2-threeshift-200c-02__t3_main_alns__seed3,E_CARBON_TIER1,t3_main_alns,alns_e2_throughput+LOCAL_SEARCH,threeshift,e2-threeshift-200c-02,3,18,50,random_customer_removal+regret2_insert_repair,native_random_customer_removal+regret2_insert_repair,5027.037875671788,,16.693010834002052
E_CARBON_TIER1__formal_goeke80__threeshift__e2-threeshift-200c-02__t3_main_alns__seed3,E_CARBON_TIER1,t3_main_alns,alns_e2_throughput+LOCAL_SEARCH,threeshift,e2-threeshift-200c-02,3,19,54,random_customer_removal+regret2_insert_repair,native_random_customer_removal+regret2_insert_repair,5023.661895316939,,18.306758125007036
E_CARBON_TIER1__formal_goeke80__threeshift__e2-threeshift-200c-02__t3_main_alns__seed3,E_CARBON_TIER1,t3_main_alns,alns_e2_throughput+LOCAL_SEARCH,threeshift,e2-threeshift-200c-02,3,20,60,random_customer_removal+regret2_insert_repair,native_random_customer_removal+regret2_insert_repair,5015.685018269885,,20.236324249999598
E_CARBON_TIER1__formal_goeke80__threeshift__e2-threeshift-200c-02__t3_main_alns__seed3,E_CARBON_TIER1,t3_main_alns,alns_e2_throughput+LOCAL_SEARCH,threeshift,e2-threeshift-200c-02,3,21,61,random_customer_removal+regret2_insert_repair,native_random_customer_removal+regret2_insert_repair,4930.041093649863,,20.395332166997832
E_CARBON_TIER1__formal_goeke80__threeshift__e2-threeshift-200c-02__t3_main_alns__seed3,E_CARBON_TIER1,t3_main_alns,alns_e2_throughput+LOCAL_SEARCH,threeshift,e2-threeshift-200c-02,3,22,63,random_customer_removal+regret2_insert_repair,native_random_customer_removal+regret2_insert_repair,4927.9607295753285,,20.803440500007127
E_CARBON_TIER1__formal_goeke80__threeshift__e2-threeshift-200c-02__t3_main_alns__seed3,E_CARBON_TIER1,t3_main_alns,alns_e2_throughput+LOCAL_SEARCH,threeshift,e2-threeshift-200c-02,3,23,64,random_customer_removal+regret2_insert_repair,native_random_customer_removal+regret2_insert_repair,4904.582477961073,,21.21290479200252
E_CARBON_TIER1__formal_goeke80__threeshift__e2-threeshift-200c-02__t3_main_alns__seed3,E_CARBON_TIER1,t3_main_alns,alns_e2_throughput+LOCAL_SEARCH,threeshift,e2-threeshift-200c-02,3,24,66,random_customer_removal+regret2_insert_repair,native_random_customer_removal+regret2_insert_repair,4903.726934698729,,21.784155542001827
E_CARBON_TIER1__formal_goeke80__threeshift__e2-threeshift-200c-02__t3_main_alns__seed3,E_CARBON_TIER1,t3_main_alns,alns_e2_throughput+LOCAL_SEARCH,threeshift,e2-threeshift-200c-02,3,25,68,random_customer_removal+regret2_insert_repair,native_random_customer_removal+regret2_insert_repair,4899.685512172555,,22.06209824999678
E_CARBON_TIER1__formal_goeke80__threeshift__e2-threeshift-200c-02__t3_main_alns__seed3,E_CARBON_TIER1,t3_main_alns,alns_e2_throughput+LOCAL_SEARCH,threeshift,e2-threeshift-200c-02,3,26,72,random_customer_removal+regret2_insert_repair,native_random_customer_removal+regret2_insert_repair,4894.417733981925,,23.752878375002183
E_CARBON_TIER1__formal_goeke80__threeshift__e2-threeshift-200c-02__t3_main_alns__seed3,E_CARBON_TIER1,t3_main_alns,alns_e2_throughput+LOCAL_SEARCH,threeshift,e2-threeshift-200c-02,3,27,75,random_customer_removal+regret2_insert_repair,native_random_customer_removal+regret2_insert_repair,4890.460626118753,,24.586575292007183
E_CARBON_TIER1__formal_goeke80__threeshift__e2-threeshift-200c-02__t3_main_alns__seed3,E_CARBON_TIER1,t3_main_alns,alns_e2_throughput+LOCAL_SEARCH,threeshift,e2-threeshift-200c-02,3,28,77,random_customer_removal+regret2_insert_repair,native_random_customer_removal+regret2_insert_repair,4840.283809147395,,25.393774334006594
E_CARBON_TIER1__formal_goeke80__threeshift__e2-threeshift-200c-02__t3_main_alns__seed3,E_CARBON_TIER1,t3_main_alns,alns_e2_throughput+LOCAL_SEARCH,threeshift,e2-threeshift-200c-02,3,29,78,random_customer_removal+regret2_insert_repair,native_random_customer_removal+regret2_insert_repair,4835.44755253134,,25.551623000006657
E_CARBON_TIER1__formal_goeke80__threeshift__e2-threeshift-200c-02__t3_main_alns__seed3,E_CARBON_TIER1,t3_main_alns,alns_e2_throughput+LOCAL_SEARCH,threeshift,e2-threeshift-200c-02,3,30,80,random_customer_removal+regret2_insert_repair,native_random_customer_removal+regret2_insert_repair,4833.1095267670735,,26.128440041997237
E_CARBON_TIER1__formal_goeke80__threeshift__e2-threeshift-200c-02__t3_main_alns__seed3,E_CARBON_TIER1,t3_main_alns,alns_e2_throughput+LOCAL_SEARCH,threeshift,e2-threeshift-200c-02,3,31,83,random_customer_removal+regret2_insert_repair,native_random_customer_removal+regret2_insert_repair,4830.255809690584,,26.84400395900593
E_CARBON_TIER1__formal_goeke80__threeshift__e2-threeshift-200c-02__t3_main_alns__seed3,E_CARBON_TIER1,t3_main_alns,alns_e2_throughput+LOCAL_SEARCH,threeshift,e2-threeshift-200c-02,3,32,85,random_customer_removal+regret2_insert_repair,native_random_customer_removal+regret2_insert_repair,4731.3136878357545,,27.440533792003407
E_CARBON_TIER1__formal_goeke80__threeshift__e2-threeshift-200c-02__t3_main_alns__seed3,E_CARBON_TIER1,t3_main_alns,alns_e2_throughput+LOCAL_SEARCH,threeshift,e2-threeshift-200c-02,3,33,92,random_customer_removal+regret2_insert_repair,native_random_customer_removal+regret2_insert_repair,4723.607673673308,,30.109849125001347
E_CARBON_TIER1__formal_goeke80__threeshift__e2-threeshift-200c-02__t3_main_alns__seed3,E_CARBON_TIER1,t3_main_alns,alns_e2_throughput+LOCAL_SEARCH,threeshift,e2-threeshift-200c-02,3,34,111,random_customer_removal+regret2_insert_repair,native_random_customer_removal+regret2_insert_repair,4721.846436914892,,36.02960191700549
E_CARBON_TIER1__formal_goeke80__threeshift__e2-threeshift-200c-02__t3_main_alns__seed3,E_CARBON_TIER1,t3_main_alns,alns_e2_throughput+LOCAL_SEARCH,threeshift,e2-threeshift-200c-02,3,35,112,random_customer_removal+regret2_insert_repair,native_random_customer_removal+regret2_insert_repair,4720.0060303170485,,36.14482608399703
E_CARBON_TIER1__formal_goeke80__threeshift__e2-threeshift-200c-02__t3_main_alns__seed3,E_CARBON_TIER1,t3_main_alns,alns_e2_throughput+LOCAL_SEARCH,threeshift,e2-threeshift-200c-02,3,36,116,random_customer_removal+regret2_insert_repair,native_random_customer_removal+regret2_insert_repair,4716.508100781787,,37.07418612499896
E_CARBON_TIER1__formal_goeke80__threeshift__e2-threeshift-200c-02__t3_main_alns__seed3,E_CARBON_TIER1,t3_main_alns,alns_e2_throughput+LOCAL_SEARCH,threeshift,e2-threeshift-200c-02,3,37,120,random_customer_removal+regret2_insert_repair,native_random_customer_removal+regret2_insert_repair,4712.024416137893,,38.09152854200511
E_CARBON_TIER1__formal_goeke80__threeshift__e2-threeshift-200c-02__t3_main_alns__seed3,E_CARBON_TIER1,t3_main_alns,alns_e2_throughput+LOCAL_SEARCH,threeshift,e2-threeshift-200c-02,3,38,128,random_customer_removal+regret2_insert_repair,native_random_customer_removal+regret2_insert_repair,4708.525448385311,,40.30147458400461
E_CARBON_TIER1__formal_goeke80__threeshift__e2-threeshift-200c-02__t3_main_alns__seed3,E_CARBON_TIER1,t3_main_alns,alns_e2_throughput+LOCAL_SEARCH,threeshift,e2-threeshift-200c-02,3,39,133,random_customer_removal+regret2_insert_repair,native_random_customer_removal+regret2_insert_repair,4706.590261768743,,42.02144154200505
E_CARBON_TIER1__formal_goeke80__threeshift__e2-threeshift-200c-02__t3_main_alns__seed3,E_CARBON_TIER1,t3_main_alns,alns_e2_throughput+LOCAL_SEARCH,threeshift,e2-threeshift-200c-02,3,40,145,random_customer_removal+regret2_insert_repair,native_random_customer_removal+regret2_insert_repair,4702.269146936112,,45.83389312500367
E_CARBON_TIER1__formal_goeke80__threeshift__e2-threeshift-200c-02__t3_main_alns__seed3,E_CARBON_TIER1,t3_main_alns,alns_e2_throughput+LOCAL_SEARCH,threeshift,e2-threeshift-200c-02,3,41,146,random_customer_removal+regret2_insert_repair,native_random_customer_removal+regret2_insert_repair,4699.4459088273115,,46.21670287499728
E_CARBON_TIER1__formal_goeke80__threeshift__e2-threeshift-200c-02__t3_main_alns__seed3,E_CARBON_TIER1,t3_main_alns,alns_e2_throughput+LOCAL_SEARCH,threeshift,e2-threeshift-200c-02,3,42,151,random_customer_removal+regret2_insert_repair,native_random_customer_removal+regret2_insert_repair,4694.47430408453,,47.790478958995664
E_CARBON_TIER1__formal_goeke80__threeshift__e2-threeshift-200c-02__t3_main_alns__seed3,E_CARBON_TIER1,t3_main_alns,alns_e2_throughput+LOCAL_SEARCH,threeshift,e2-threeshift-200c-02,3,43,154,random_customer_removal+regret2_insert_repair,native_random_customer_removal+regret2_insert_repair,4694.392162755725,,48.7262658749969
E_CARBON_TIER1__formal_goeke80__threeshift__e2-threeshift-200c-02__t3_main_alns__seed3,E_CARBON_TIER1,t3_main_alns,alns_e2_throughput+LOCAL_SEARCH,threeshift,e2-threeshift-200c-02,3,44,161,random_customer_removal+regret2_insert_repair,native_random_customer_removal+regret2_insert_repair,4684.545630037835,,51.296643084002426
E_CARBON_TIER1__formal_goeke80__threeshift__e2-threeshift-200c-02__t3_main_alns__seed3,E_CARBON_TIER1,t3_main_alns,alns_e2_throughput+LOCAL_SEARCH,threeshift,e2-threeshift-200c-02,3,45,174,random_customer_removal+regret2_insert_repair,native_random_customer_removal+regret2_insert_repair,4683.4028068932585,,55.29744395900343
E_CARBON_TIER1__formal_goeke80__threeshift__e2-threeshift-200c-02__t3_main_alns__seed3,E_CARBON_TIER1,t3_main_alns,alns_e2_throughput+LOCAL_SEARCH,threeshift,e2-threeshift-200c-02,3,46,180,random_customer_removal+regret2_insert_repair,native_random_customer_removal+regret2_insert_repair,4682.320393918968,,57.42406358399603
E_CARBON_TIER1__formal_goeke80__threeshift__e2-threeshift-200c-02__t3_main_alns__seed3,E_CARBON_TIER1,t3_main_alns,alns_e2_throughput+LOCAL_SEARCH,threeshift,e2-threeshift-200c-02,3,47,184,random_customer_removal+regret2_insert_repair,native_random_customer_removal+regret2_insert_repair,4679.294238350222,,58.765031834002
E_CARBON_TIER1__formal_goeke80__threeshift__e2-threeshift-200c-02__t3_main_alns__seed3,E_CARBON_TIER1,t3_main_alns,alns_e2_throughput+LOCAL_SEARCH,threeshift,e2-threeshift-200c-02,3,48,187,random_customer_removal+regret2_insert_repair,native_random_customer_removal+regret2_insert_repair,4679.2859516112485,,59.61668433400337
E_CARBON_TIER1__formal_goeke80__threeshift__e2-threeshift-200c-02__t3_main_alns__seed3,E_CARBON_TIER1,t3_main_alns,alns_e2_throughput+LOCAL_SEARCH,threeshift,e2-threeshift-200c-02,3,49,189,random_customer_removal+regret2_insert_repair,native_random_customer_removal+regret2_insert_repair,4674.662929833308,,59.899607084007584
E_CARBON_TIER1__formal_goeke80__threeshift__e2-threeshift-200c-02__t3_main_alns__seed3,E_CARBON_TIER1,t3_main_alns,alns_e2_throughput+LOCAL_SEARCH,threeshift,e2-threeshift-200c-02,3,50,195,random_customer_removal+regret2_insert_repair,native_random_customer_removal+regret2_insert_repair,4674.580788504504,,61.97383550000086
E_CARBON_TIER1__formal_goeke80__threeshift__e2-threeshift-200c-02__t3_main_alns__seed3,E_CARBON_TIER1,t3_main_alns,alns_e2_throughput+LOCAL_SEARCH,threeshift,e2-threeshift-200c-02,3,51,271,random_customer_removal+regret2_insert_repair,native_random_customer_removal+regret2_insert_repair,4672.15116579121,,83.63737345900154
E_CARBON_TIER1__formal_goeke80__threeshift__e2-threeshift-200c-02__t3_main_alns__seed3,E_CARBON_TIER1,t3_main_alns,alns_e2_throughput+LOCAL_SEARCH,threeshift,e2-threeshift-200c-02,3,52,385,random_customer_removal+regret2_insert_repair,native_random_customer_removal+regret2_insert_repair,4643.26748489458,,117.60471829200105
E_CARBON_TIER1__formal_goeke80__threeshift__e2-threeshift-200c-02__t3_main_alns__seed3,E_CARBON_TIER1,t3_main_alns,alns_e2_throughput+LOCAL_SEARCH,threeshift,e2-threeshift-200c-02,3,53,441,random_customer_removal+regret2_insert_repair,native_random_customer_removal+regret2_insert_repair,4641.543762273663,,133.5762934999948
E_CARBON_TIER1__formal_goeke80__threeshift__e2-threeshift-200c-02__t3_main_alns__seed3,E_CARBON_TIER1,t3_main_alns,alns_e2_throughput+LOCAL_SEARCH,threeshift,e2-threeshift-200c-02,3,54,527,random_customer_removal+regret2_insert_repair,native_random_customer_removal+regret2_insert_repair,4641.332457638157,,158.38139170900104
E_CARBON_TIER1__formal_goeke80__threeshift__e2-threeshift-200c-02__t3_main_alns__seed3,E_CARBON_TIER1,t3_main_alns,alns_e2_throughput+LOCAL_SEARCH,threeshift,e2-threeshift-200c-02,3,55,581,random_customer_removal+regret2_insert_repair,native_random_customer_removal+regret2_insert_repair,4641.079127700249,,173.75784799999383
E_CARBON_TIER1__formal_goeke80__threeshift__e2-threeshift-200c-02__t3_main_alns__seed3,E_CARBON_TIER1,t3_main_alns,alns_e2_throughput+LOCAL_SEARCH,threeshift,e2-threeshift-200c-02,3,56,629,random_customer_removal+regret2_insert_repair,native_random_customer_removal+regret2_insert_repair,4639.710968569788,,186.2709105420072
E_CARBON_TIER1__formal_goeke80__threeshift__e2-threeshift-200c-02__t3_main_alns__seed3,E_CARBON_TIER1,t3_main_alns,alns_e2_throughput+LOCAL_SEARCH,threeshift,e2-threeshift-200c-02,3,57,640,random_customer_removal+regret2_insert_repair,native_random_customer_removal+regret2_insert_repair,4639.610676691197,,190.42399270899477
E_CARBON_TIER1__formal_goeke80__threeshift__e2-threeshift-200c-02__t3_main_alns__seed3,E_CARBON_TIER1,t3_main_alns,alns_e2_throughput+LOCAL_SEARCH,threeshift,e2-threeshift-200c-02,3,58,704,random_customer_removal+regret2_insert_repair,native_random_customer_removal+regret2_insert_repair,4638.303095123781,,210.07256650000636
E_CARBON_TIER1__formal_goeke80__threeshift__e2-threeshift-200c-02__t3_main_alns__seed3,E_CARBON_TIER1,t3_main_alns,alns_e2_throughput+LOCAL_SEARCH,threeshift,e2-threeshift-200c-02,3,59,797,random_customer_removal+regret2_insert_repair,native_random_customer_removal+regret2_insert_repair,4637.422529684349,,238.72477724999771
E_CARBON_TIER1__formal_goeke80__threeshift__e2-threeshift-200c-02__t3_main_alns__seed3,E_CARBON_TIER1,t3_main_alns,alns_e2_throughput+LOCAL_SEARCH,threeshift,e2-threeshift-200c-02,3,60,820,whole_route_removal+greedy_insert_repair,native_whole_route_removal+greedy_insert_repair,4632.30598960983,,245.1996825840033
E_CARBON_TIER1__formal_goeke80__threeshift__e2-threeshift-200c-02__t3_main_alns__seed3,E_CARBON_TIER1,t3_main_alns,alns_e2_throughput+LOCAL_SEARCH,threeshift,e2-threeshift-200c-02,3,61,827,whole_route_removal+greedy_insert_repair,native_whole_route_removal+greedy_insert_repair,4630.12141331791,,245.6393162089953
E_CARBON_TIER1__formal_goeke80__threeshift__e2-threeshift-200c-02__t3_main_alns__seed3,E_CARBON_TIER1,t3_main_alns,alns_e2_throughput+LOCAL_SEARCH,threeshift,e2-threeshift-200c-02,3,62,837,whole_route_removal+greedy_insert_repair,native_whole_route_removal+greedy_insert_repair,4554.336289423329,,246.53298716699646
E_CARBON_TIER1__formal_goeke80__threeshift__e2-threeshift-200c-02__t3_main_alns__seed3,E_CARBON_TIER1,t3_main_alns,alns_e2_throughput+LOCAL_SEARCH,threeshift,e2-threeshift-200c-02,3,63,848,whole_route_removal+greedy_insert_repair,native_whole_route_removal+greedy_insert_repair,4541.016516185425,,247.70125500000722
E_CARBON_TIER1__formal_goeke80__threeshift__e2-threeshift-200c-02__t3_main_alns__seed3,E_CARBON_TIER1,t3_main_alns,alns_e2_throughput+LOCAL_SEARCH,threeshift,e2-threeshift-200c-02,3,64,850,whole_route_removal+greedy_insert_repair,native_whole_route_removal+greedy_insert_repair,4522.941215474793,,247.9232490419963
E_CARBON_TIER1__formal_goeke80__threeshift__e2-threeshift-200c-02__t3_main_alns__seed3,E_CARBON_TIER1,t3_main_alns,alns_e2_throughput+LOCAL_SEARCH,threeshift,e2-threeshift-200c-02,3,65,888,vehicle_type_swap+greedy_insert_repair,native_vehicle_type_swap+greedy_insert_repair,4503.366930566037,,252.0877467090031
E_CARBON_TIER1__formal_goeke80__threeshift__e2-threeshift-200c-02__t3_main_alns__seed3,E_CARBON_TIER1,t3_main_alns,alns_e2_throughput+LOCAL_SEARCH,threeshift,e2-threeshift-200c-02,3,66,889,vehicle_type_swap+greedy_insert_repair,native_vehicle_type_swap+greedy_insert_repair,4481.9162942218645,,252.22851516700757
E_CARBON_TIER1__formal_goeke80__threeshift__e2-threeshift-200c-02__t3_main_alns__seed3,E_CARBON_TIER1,t3_main_alns,alns_e2_throughput+LOCAL_SEARCH,threeshift,e2-threeshift-200c-02,3,67,890,vehicle_type_swap+greedy_insert_repair,native_vehicle_type_swap+greedy_insert_repair,4466.139331847025,,252.3712277500017
E_CARBON_TIER1__formal_goeke80__threeshift__e2-threeshift-200c-02__t3_main_alns__seed3,E_CARBON_TIER1,t3_main_alns,alns_e2_throughput+LOCAL_SEARCH,threeshift,e2-threeshift-200c-02,3,68,891,vehicle_type_swap+greedy_insert_repair,native_vehicle_type_swap+greedy_insert_repair,4454.584998228746,,252.5243455000018
E_CARBON_TIER1__formal_goeke80__threeshift__e2-threeshift-200c-02__t3_main_alns__seed3,E_CARBON_TIER1,t3_main_alns,alns_e2_throughput+LOCAL_SEARCH,threeshift,e2-threeshift-200c-02,3,69,892,vehicle_type_swap+greedy_insert_repair,native_vehicle_type_swap+greedy_insert_repair,4435.3794201549745,,252.6832874170068
E_CARBON_TIER1__formal_goeke80__threeshift__e2-threeshift-200c-02__t3_main_alns__seed3,E_CARBON_TIER1,t3_main_alns,alns_e2_throughput+LOCAL_SEARCH,threeshift,e2-threeshift-200c-02,3,70,893,vehicle_type_swap+greedy_insert_repair,native_vehicle_type_swap+greedy_insert_repair,4416.319567521439,,252.8524916669994
E_CARBON_TIER1__formal_goeke80__threeshift__e2-threeshift-200c-02__t3_main_alns__seed3,E_CARBON_TIER1,t3_main_alns,alns_e2_throughput+LOCAL_SEARCH,threeshift,e2-threeshift-200c-02,3,71,895,vehicle_type_swap+greedy_insert_repair,native_vehicle_type_swap+greedy_insert_repair,4400.196253099412,,253.17781862500124
E_CARBON_TIER1__formal_goeke80__threeshift__e2-threeshift-200c-02__t3_main_alns__seed3,E_CARBON_TIER1,t3_main_alns,alns_e2_throughput+LOCAL_SEARCH,threeshift,e2-threeshift-200c-02,3,72,896,vehicle_type_swap+greedy_insert_repair,native_vehicle_type_swap+greedy_insert_repair,4391.3302674246825,,253.35789833399758
E_CARBON_TIER1__formal_goeke80__threeshift__e2-threeshift-200c-02__t3_main_alns__seed3,E_CARBON_TIER1,t3_main_alns,alns_e2_throughput+LOCAL_SEARCH,threeshift,e2-threeshift-200c-02,3,73,897,vehicle_type_swap+greedy_insert_repair,native_vehicle_type_swap+greedy_insert_repair,4378.483934142976,,253.54606449999847
E_CARBON_TIER1__formal_goeke80__threeshift__e2-threeshift-200c-02__t3_main_alns__seed3,E_CARBON_TIER1,t3_main_alns,alns_e2_throughput+LOCAL_SEARCH,threeshift,e2-threeshift-200c-02,3,74,898,vehicle_type_swap+greedy_insert_repair,native_vehicle_type_swap+greedy_insert_repair,4363.283948612329,,253.74013799999375
E_CARBON_TIER1__formal_goeke80__threeshift__e2-threeshift-200c-02__t3_main_alns__seed3,E_CARBON_TIER1,t3_main_alns,alns_e2_throughput+LOCAL_SEARCH,threeshift,e2-threeshift-200c-02,3,75,1485,random_customer_removal+regret2_insert_repair,native_random_customer_removal+regret2_insert_repair,4358.921832772003,,352.06186166699626
E_CARBON_TIER1__formal_goeke80__threeshift__e2-threeshift-200c-02__t3_main_alns__seed3,E_CARBON_TIER1,t3_main_alns,alns_e2_throughput+LOCAL_SEARCH,threeshift,e2-threeshift-200c-02,3,76,3101,random_customer_removal+regret2_insert_repair,native_random_customer_removal+regret2_insert_repair,4357.50740687303,,588.3811277500063
E_CARBON_TIER1__formal_goeke80__threeshift__e2-threeshift-200c-02__t3_main_alns__seed3,E_CARBON_TIER1,t3_main_alns,alns_e2_throughput+LOCAL_SEARCH,threeshift,e2-threeshift-200c-02,3,77,4448,route_segment_removal+regret3_insert_repair,native_route_segment_removal+regret3_insert_repair,4357.414781421622,,753.3402822089993
E_CARBON_TIER1__formal_goeke80__threeshift__e2-threeshift-200c-02__t3_main_alns__seed3,E_CARBON_TIER1,t3_main_alns,alns_e2_throughput+LOCAL_SEARCH,threeshift,e2-threeshift-200c-02,3,78,4490,route_segment_removal+regret3_insert_repair,native_route_segment_removal+regret3_insert_repair,4356.437895923724,,755.1051890420058
E_CARBON_TIER1__formal_goeke80__threeshift__e2-threeshift-200c-02__t3_main_alns__seed3,E_CARBON_TIER1,t3_main_alns,alns_e2_throughput+LOCAL_SEARCH,threeshift,e2-threeshift-200c-02,3,79,4644,route_segment_removal+regret3_insert_repair,native_route_segment_removal+regret3_insert_repair,4355.486342140471,,761.9874880419957
E_CARBON_TIER1__formal_goeke80__threeshift__e2-threeshift-200c-02__t3_main_alns__seed3,E_CARBON_TIER1,t3_main_alns,alns_e2_throughput+LOCAL_SEARCH,threeshift,e2-threeshift-200c-02,3,80,4917,route_segment_removal+regret3_insert_repair,native_route_segment_removal+regret3_insert_repair,4355.454545676054,,774.6798075840052
E_CARBON_TIER1__formal_goeke80__threeshift__e2-threeshift-200c-02__t3_main_alns__seed3,E_CARBON_TIER1,t3_main_alns,alns_e2_throughput+LOCAL_SEARCH,threeshift,e2-threeshift-200c-02,3,81,4963,route_segment_removal+regret3_insert_repair,native_route_segment_removal+regret3_insert_repair,4354.629889573324,,776.5936422090017
E_CARBON_TIER1__formal_goeke80__threeshift__e2-threeshift-200c-03__alns_e2_carbon__seed1,E_CARBON_TIER1,alns_e2_carbon,alns_e2_carbon,threeshift,e2-threeshift-200c-03,1,0,0,shared_warm_start,shared_warm_start,6648.691898004797,,0.0005689170066034421
E_CARBON_TIER1__formal_goeke80__threeshift__e2-threeshift-200c-03__alns_e2_carbon__seed1,E_CARBON_TIER1,alns_e2_carbon,alns_e2_carbon,threeshift,e2-threeshift-200c-03,1,1,9,random_customer_removal+regret3_insert_repair,native_random_customer_removal+regret3_insert_repair,6504.310230290534,,1.8038272090052487
E_CARBON_TIER1__formal_goeke80__threeshift__e2-threeshift-200c-03__alns_e2_carbon__seed1,E_CARBON_TIER1,alns_e2_carbon,alns_e2_carbon,threeshift,e2-threeshift-200c-03,1,2,10,random_customer_removal+regret3_insert_repair,native_random_customer_removal+regret3_insert_repair,6492.890983031865,,1.8717436250008177
E_CARBON_TIER1__formal_goeke80__threeshift__e2-threeshift-200c-03__alns_e2_carbon__seed1,E_CARBON_TIER1,alns_e2_carbon,alns_e2_carbon,threeshift,e2-threeshift-200c-03,1,3,11,random_customer_removal+regret3_insert_repair,native_random_customer_removal+regret3_insert_repair,6376.330101283351,,2.3077635420049774
E_CARBON_TIER1__formal_goeke80__threeshift__e2-threeshift-200c-03__alns_e2_carbon__seed1,E_CARBON_TIER1,alns_e2_carbon,alns_e2_carbon,threeshift,e2-threeshift-200c-03,1,4,12,random_customer_removal+regret3_insert_repair,native_random_customer_removal+regret3_insert_repair,6347.820337885096,,2.3927175420103595
E_CARBON_TIER1__formal_goeke80__threeshift__e2-threeshift-200c-03__alns_e2_carbon__seed1,E_CARBON_TIER1,alns_e2_carbon,alns_e2_carbon,threeshift,e2-threeshift-200c-03,1,5,13,random_customer_removal+regret3_insert_repair,native_random_customer_removal+regret3_insert_repair,6140.427818210607,,2.7219154170015827
E_CARBON_TIER1__formal_goeke80__threeshift__e2-threeshift-200c-03__alns_e2_carbon__seed1,E_CARBON_TIER1,alns_e2_carbon,alns_e2_carbon,threeshift,e2-threeshift-200c-03,1,6,14,random_customer_removal+regret3_insert_repair,native_random_customer_removal+regret3_insert_repair,6093.325321117196,,2.858456041998579
E_CARBON_TIER1__formal_goeke80__threeshift__e2-threeshift-200c-03__alns_e2_carbon__seed1,E_CARBON_TIER1,alns_e2_carbon,alns_e2_carbon,threeshift,e2-threeshift-200c-03,1,7,15,random_customer_removal+regret3_insert_repair,native_random_customer_removal+regret3_insert_repair,6028.893832731674,,3.192451584007358
E_CARBON_TIER1__formal_goeke80__threeshift__e2-threeshift-200c-03__alns_e2_carbon__seed1,E_CARBON_TIER1,alns_e2_carbon,alns_e2_carbon,threeshift,e2-threeshift-200c-03,1,8,19,random_customer_removal+regret3_insert_repair,native_random_customer_removal+regret3_insert_repair,5966.917658930364,,4.171975542005384
E_CARBON_TIER1__formal_goeke80__threeshift__e2-threeshift-200c-03__alns_e2_carbon__seed1,E_CARBON_TIER1,alns_e2_carbon,alns_e2_carbon,threeshift,e2-threeshift-200c-03,1,9,20,random_customer_removal+regret3_insert_repair,native_random_customer_removal+regret3_insert_repair,5901.529740576309,,4.565363250003429
E_CARBON_TIER1__formal_goeke80__threeshift__e2-threeshift-200c-03__alns_e2_carbon__seed1,E_CARBON_TIER1,alns_e2_carbon,alns_e2_carbon,threeshift,e2-threeshift-200c-03,1,10,21,random_customer_removal+regret3_insert_repair,native_random_customer_removal+regret3_insert_repair,5874.924579054014,,5.150239167007385
E_CARBON_TIER1__formal_goeke80__threeshift__e2-threeshift-200c-03__alns_e2_carbon__seed1,E_CARBON_TIER1,alns_e2_carbon,alns_e2_carbon,threeshift,e2-threeshift-200c-03,1,11,22,random_customer_removal+regret3_insert_repair,native_random_customer_removal+regret3_insert_repair,5744.953391932272,,5.605472834009561
E_CARBON_TIER1__formal_goeke80__threeshift__e2-threeshift-200c-03__alns_e2_carbon__seed1,E_CARBON_TIER1,alns_e2_carbon,alns_e2_carbon,threeshift,e2-threeshift-200c-03,1,12,25,random_customer_removal+regret3_insert_repair,native_random_customer_removal+regret3_insert_repair,5730.244474193763,,6.487463375000516
E_CARBON_TIER1__formal_goeke80__threeshift__e2-threeshift-200c-03__alns_e2_carbon__seed1,E_CARBON_TIER1,alns_e2_carbon,alns_e2_carbon,threeshift,e2-threeshift-200c-03,1,13,27,random_customer_removal+regret3_insert_repair,native_random_customer_removal+regret3_insert_repair,5604.548689011994,,7.466458916998818
E_CARBON_TIER1__formal_goeke80__threeshift__e2-threeshift-200c-03__alns_e2_carbon__seed1,E_CARBON_TIER1,alns_e2_carbon,alns_e2_carbon,threeshift,e2-threeshift-200c-03,1,14,28,random_customer_removal+regret3_insert_repair,native_random_customer_removal+regret3_insert_repair,5491.775333923242,,7.543018292009947
E_CARBON_TIER1__formal_goeke80__threeshift__e2-threeshift-200c-03__alns_e2_carbon__seed1,E_CARBON_TIER1,alns_e2_carbon,alns_e2_carbon,threeshift,e2-threeshift-200c-03,1,15,30,random_customer_removal+regret3_insert_repair,native_random_customer_removal+regret3_insert_repair,5423.9868668918425,,8.559054833996925
E_CARBON_TIER1__formal_goeke80__threeshift__e2-threeshift-200c-03__alns_e2_carbon__seed1,E_CARBON_TIER1,alns_e2_carbon,alns_e2_carbon,threeshift,e2-threeshift-200c-03,1,16,36,random_customer_removal+regret3_insert_repair,native_random_customer_removal+regret3_insert_repair,5356.110582421162,,9.673385709000286
E_CARBON_TIER1__formal_goeke80__threeshift__e2-threeshift-200c-03__alns_e2_carbon__seed1,E_CARBON_TIER1,alns_e2_carbon,alns_e2_carbon,threeshift,e2-threeshift-200c-03,1,17,47,random_customer_removal+regret3_insert_repair,native_random_customer_removal+regret3_insert_repair,5310.784265263206,,12.177724374996615
E_CARBON_TIER1__formal_goeke80__threeshift__e2-threeshift-200c-03__alns_e2_carbon__seed1,E_CARBON_TIER1,alns_e2_carbon,alns_e2_carbon,threeshift,e2-threeshift-200c-03,1,18,48,random_customer_removal+regret3_insert_repair,native_random_customer_removal+regret3_insert_repair,5285.263763810662,,12.3173438750091
E_CARBON_TIER1__formal_goeke80__threeshift__e2-threeshift-200c-03__alns_e2_carbon__seed1,E_CARBON_TIER1,alns_e2_carbon,alns_e2_carbon,threeshift,e2-threeshift-200c-03,1,19,50,random_customer_removal+regret3_insert_repair,native_random_customer_removal+regret3_insert_repair,5219.887304107385,,12.881762375007384
E_CARBON_TIER1__formal_goeke80__threeshift__e2-threeshift-200c-03__alns_e2_carbon__seed1,E_CARBON_TIER1,alns_e2_carbon,alns_e2_carbon,threeshift,e2-threeshift-200c-03,1,20,51,random_customer_removal+regret3_insert_repair,native_random_customer_removal+regret3_insert_repair,5209.661144071828,,13.05581141699804
E_CARBON_TIER1__formal_goeke80__threeshift__e2-threeshift-200c-03__alns_e2_carbon__seed1,E_CARBON_TIER1,alns_e2_carbon,alns_e2_carbon,threeshift,e2-threeshift-200c-03,1,21,54,random_customer_removal+regret3_insert_repair,native_random_customer_removal+regret3_insert_repair,5199.475023208517,,14.408698042010656
E_CARBON_TIER1__formal_goeke80__threeshift__e2-threeshift-200c-03__alns_e2_carbon__seed1,E_CARBON_TIER1,alns_e2_carbon,alns_e2_carbon,threeshift,e2-threeshift-200c-03,1,22,58,random_customer_removal+regret3_insert_repair,native_random_customer_removal+regret3_insert_repair,5194.628934839657,,15.240770667005563
E_CARBON_TIER1__formal_goeke80__threeshift__e2-threeshift-200c-03__alns_e2_carbon__seed1,E_CARBON_TIER1,alns_e2_carbon,alns_e2_carbon,threeshift,e2-threeshift-200c-03,1,23,64,random_customer_removal+regret3_insert_repair,native_random_customer_removal+regret3_insert_repair,5129.532499201948,,16.688686374996905
E_CARBON_TIER1__formal_goeke80__threeshift__e2-threeshift-200c-03__alns_e2_carbon__seed1,E_CARBON_TIER1,alns_e2_carbon,alns_e2_carbon,threeshift,e2-threeshift-200c-03,1,24,87,random_customer_removal+regret3_insert_repair,native_random_customer_removal+regret3_insert_repair,5120.01197244802,,21.740610042004846
E_CARBON_TIER1__formal_goeke80__threeshift__e2-threeshift-200c-03__alns_e2_carbon__seed1,E_CARBON_TIER1,alns_e2_carbon,alns_e2_carbon,threeshift,e2-threeshift-200c-03,1,25,91,random_customer_removal+regret3_insert_repair,native_random_customer_removal+regret3_insert_repair,5116.519402164851,,22.79154641700734
E_CARBON_TIER1__formal_goeke80__threeshift__e2-threeshift-200c-03__alns_e2_carbon__seed1,E_CARBON_TIER1,alns_e2_carbon,alns_e2_carbon,threeshift,e2-threeshift-200c-03,1,26,94,random_customer_removal+regret3_insert_repair,native_random_customer_removal+regret3_insert_repair,5067.183378133673,,23.855963709007483
E_CARBON_TIER1__formal_goeke80__threeshift__e2-threeshift-200c-03__alns_e2_carbon__seed1,E_CARBON_TIER1,alns_e2_carbon,alns_e2_carbon,threeshift,e2-threeshift-200c-03,1,27,100,random_customer_removal+regret3_insert_repair,native_random_customer_removal+regret3_insert_repair,4998.127781774283,,25.89395024999976
E_CARBON_TIER1__formal_goeke80__threeshift__e2-threeshift-200c-03__alns_e2_carbon__seed1,E_CARBON_TIER1,alns_e2_carbon,alns_e2_carbon,threeshift,e2-threeshift-200c-03,1,28,101,random_customer_removal+regret3_insert_repair,native_random_customer_removal+regret3_insert_repair,4996.677578568309,,25.970063875007327
E_CARBON_TIER1__formal_goeke80__threeshift__e2-threeshift-200c-03__alns_e2_carbon__seed1,E_CARBON_TIER1,alns_e2_carbon,alns_e2_carbon,threeshift,e2-threeshift-200c-03,1,29,110,random_customer_removal+regret3_insert_repair,native_random_customer_removal+regret3_insert_repair,4994.815752381881,,27.624856084003113
E_CARBON_TIER1__formal_goeke80__threeshift__e2-threeshift-200c-03__alns_e2_carbon__seed1,E_CARBON_TIER1,alns_e2_carbon,alns_e2_carbon,threeshift,e2-threeshift-200c-03,1,30,111,random_customer_removal+regret3_insert_repair,native_random_customer_removal+regret3_insert_repair,4974.576968153395,,27.97197137500916
E_CARBON_TIER1__formal_goeke80__threeshift__e2-threeshift-200c-03__alns_e2_carbon__seed1,E_CARBON_TIER1,alns_e2_carbon,alns_e2_carbon,threeshift,e2-threeshift-200c-03,1,31,116,random_customer_removal+regret3_insert_repair,native_random_customer_removal+regret3_insert_repair,4954.389310650801,,29.06135508400621
E_CARBON_TIER1__formal_goeke80__threeshift__e2-threeshift-200c-03__alns_e2_carbon__seed1,E_CARBON_TIER1,alns_e2_carbon,alns_e2_carbon,threeshift,e2-threeshift-200c-03,1,32,120,random_customer_removal+regret3_insert_repair,native_random_customer_removal+regret3_insert_repair,4938.904390643351,,30.600869750007405
E_CARBON_TIER1__formal_goeke80__threeshift__e2-threeshift-200c-03__alns_e2_carbon__seed1,E_CARBON_TIER1,alns_e2_carbon,alns_e2_carbon,threeshift,e2-threeshift-200c-03,1,33,121,random_customer_removal+regret3_insert_repair,native_random_customer_removal+regret3_insert_repair,4927.402608470307,,30.84736850000627
E_CARBON_TIER1__formal_goeke80__threeshift__e2-threeshift-200c-03__alns_e2_carbon__seed1,E_CARBON_TIER1,alns_e2_carbon,alns_e2_carbon,threeshift,e2-threeshift-200c-03,1,34,126,random_customer_removal+regret3_insert_repair,native_random_customer_removal+regret3_insert_repair,4916.700498134746,,32.6269586670096
E_CARBON_TIER1__formal_goeke80__threeshift__e2-threeshift-200c-03__alns_e2_carbon__seed1,E_CARBON_TIER1,alns_e2_carbon,alns_e2_carbon,threeshift,e2-threeshift-200c-03,1,35,128,random_customer_removal+regret3_insert_repair,native_random_customer_removal+regret3_insert_repair,4915.5737565206855,,33.0205613750004
E_CARBON_TIER1__formal_goeke80__threeshift__e2-threeshift-200c-03__alns_e2_carbon__seed1,E_CARBON_TIER1,alns_e2_carbon,alns_e2_carbon,threeshift,e2-threeshift-200c-03,1,36,129,random_customer_removal+regret3_insert_repair,native_random_customer_removal+regret3_insert_repair,4915.404326350061,,33.158225792009034
E_CARBON_TIER1__formal_goeke80__threeshift__e2-threeshift-200c-03__alns_e2_carbon__seed1,E_CARBON_TIER1,alns_e2_carbon,alns_e2_carbon,threeshift,e2-threeshift-200c-03,1,37,150,random_customer_removal+regret3_insert_repair,native_random_customer_removal+regret3_insert_repair,4899.122758296972,,39.50128358400252
E_CARBON_TIER1__formal_goeke80__threeshift__e2-threeshift-200c-03__alns_e2_carbon__seed1,E_CARBON_TIER1,alns_e2_carbon,alns_e2_carbon,threeshift,e2-threeshift-200c-03,1,38,153,random_customer_removal+regret3_insert_repair,native_random_customer_removal+regret3_insert_repair,4866.781795285751,,40.473042334007914
E_CARBON_TIER1__formal_goeke80__threeshift__e2-threeshift-200c-03__alns_e2_carbon__seed1,E_CARBON_TIER1,alns_e2_carbon,alns_e2_carbon,threeshift,e2-threeshift-200c-03,1,39,157,random_customer_removal+regret3_insert_repair,native_random_customer_removal+regret3_insert_repair,4866.544724989417,,41.188710625006934
E_CARBON_TIER1__formal_goeke80__threeshift__e2-threeshift-200c-03__alns_e2_carbon__seed1,E_CARBON_TIER1,alns_e2_carbon,alns_e2_carbon,threeshift,e2-threeshift-200c-03,1,40,158,random_customer_removal+regret3_insert_repair,native_random_customer_removal+regret3_insert_repair,4866.221742159128,,41.2539470000047
E_CARBON_TIER1__formal_goeke80__threeshift__e2-threeshift-200c-03__alns_e2_carbon__seed1,E_CARBON_TIER1,alns_e2_carbon,alns_e2_carbon,threeshift,e2-threeshift-200c-03,1,41,165,random_customer_removal+regret3_insert_repair,native_random_customer_removal+regret3_insert_repair,4861.344786256989,,42.95735770900501
E_CARBON_TIER1__formal_goeke80__threeshift__e2-threeshift-200c-03__alns_e2_carbon__seed1,E_CARBON_TIER1,alns_e2_carbon,alns_e2_carbon,threeshift,e2-threeshift-200c-03,1,42,168,random_customer_removal+regret3_insert_repair,native_random_customer_removal+regret3_insert_repair,4859.187250960081,,43.65660079200461
E_CARBON_TIER1__formal_goeke80__threeshift__e2-threeshift-200c-03__alns_e2_carbon__seed1,E_CARBON_TIER1,alns_e2_carbon,alns_e2_carbon,threeshift,e2-threeshift-200c-03,1,43,171,random_customer_removal+regret3_insert_repair,native_random_customer_removal+regret3_insert_repair,4852.704311505322,,44.65739583400136
E_CARBON_TIER1__formal_goeke80__threeshift__e2-threeshift-200c-03__alns_e2_carbon__seed1,E_CARBON_TIER1,alns_e2_carbon,alns_e2_carbon,threeshift,e2-threeshift-200c-03,1,44,190,random_customer_removal+regret3_insert_repair,native_random_customer_removal+regret3_insert_repair,4852.601950135658,,48.817515500006266
E_CARBON_TIER1__formal_goeke80__threeshift__e2-threeshift-200c-03__alns_e2_carbon__seed1,E_CARBON_TIER1,alns_e2_carbon,alns_e2_carbon,threeshift,e2-threeshift-200c-03,1,45,200,random_customer_removal+regret3_insert_repair,native_random_customer_removal+regret3_insert_repair,4786.881947089884,,50.8379552920087
E_CARBON_TIER1__formal_goeke80__threeshift__e2-threeshift-200c-03__alns_e2_carbon__seed1,E_CARBON_TIER1,alns_e2_carbon,alns_e2_carbon,threeshift,e2-threeshift-200c-03,1,46,202,random_customer_removal+regret3_insert_repair,native_random_customer_removal+regret3_insert_repair,4785.344469033294,,51.22733012500976
E_CARBON_TIER1__formal_goeke80__threeshift__e2-threeshift-200c-03__alns_e2_carbon__seed1,E_CARBON_TIER1,alns_e2_carbon,alns_e2_carbon,threeshift,e2-threeshift-200c-03,1,47,203,random_customer_removal+regret3_insert_repair,native_random_customer_removal+regret3_insert_repair,4784.938805091664,,51.276648125000065
E_CARBON_TIER1__formal_goeke80__threeshift__e2-threeshift-200c-03__alns_e2_carbon__seed1,E_CARBON_TIER1,alns_e2_carbon,alns_e2_carbon,threeshift,e2-threeshift-200c-03,1,48,204,random_customer_removal+regret3_insert_repair,native_random_customer_removal+regret3_insert_repair,4773.128668299253,,51.382404834002955
E_CARBON_TIER1__formal_goeke80__threeshift__e2-threeshift-200c-03__alns_e2_carbon__seed1,E_CARBON_TIER1,alns_e2_carbon,alns_e2_carbon,threeshift,e2-threeshift-200c-03,1,49,208,random_customer_removal+regret3_insert_repair,native_random_customer_removal+regret3_insert_repair,4772.842783100818,,52.24072637500649
E_CARBON_TIER1__formal_goeke80__threeshift__e2-threeshift-200c-03__alns_e2_carbon__seed1,E_CARBON_TIER1,alns_e2_carbon,alns_e2_carbon,threeshift,e2-threeshift-200c-03,1,50,212,random_customer_removal+regret3_insert_repair,native_random_customer_removal+regret3_insert_repair,4771.935250687448,,53.054509125009645
E_CARBON_TIER1__formal_goeke80__threeshift__e2-threeshift-200c-03__alns_e2_carbon__seed1,E_CARBON_TIER1,alns_e2_carbon,alns_e2_carbon,threeshift,e2-threeshift-200c-03,1,51,219,random_customer_removal+regret3_insert_repair,native_random_customer_removal+regret3_insert_repair,4768.39820968708,,54.49099529199884
E_CARBON_TIER1__formal_goeke80__threeshift__e2-threeshift-200c-03__alns_e2_carbon__seed1,E_CARBON_TIER1,alns_e2_carbon,alns_e2_carbon,threeshift,e2-threeshift-200c-03,1,52,220,random_customer_removal+regret3_insert_repair,native_random_customer_removal+regret3_insert_repair,4764.437402343204,,54.60793925001053
E_CARBON_TIER1__formal_goeke80__threeshift__e2-threeshift-200c-03__alns_e2_carbon__seed1,E_CARBON_TIER1,alns_e2_carbon,alns_e2_carbon,threeshift,e2-threeshift-200c-03,1,53,227,random_customer_removal+regret3_insert_repair,native_random_customer_removal+regret3_insert_repair,4761.1726401365995,,56.43512179200479
E_CARBON_TIER1__formal_goeke80__threeshift__e2-threeshift-200c-03__alns_e2_carbon__seed1,E_CARBON_TIER1,alns_e2_carbon,alns_e2_carbon,threeshift,e2-threeshift-200c-03,1,54,230,random_customer_removal+regret3_insert_repair,native_random_customer_removal+regret3_insert_repair,4756.199109051022,,57.44653887501045
E_CARBON_TIER1__formal_goeke80__threeshift__e2-threeshift-200c-03__alns_e2_carbon__seed1,E_CARBON_TIER1,alns_e2_carbon,alns_e2_carbon,threeshift,e2-threeshift-200c-03,1,55,236,random_customer_removal+regret3_insert_repair,native_random_customer_removal+regret3_insert_repair,4756.088516535659,,58.8196381250018
E_CARBON_TIER1__formal_goeke80__threeshift__e2-threeshift-200c-03__alns_e2_carbon__seed1,E_CARBON_TIER1,alns_e2_carbon,alns_e2_carbon,threeshift,e2-threeshift-200c-03,1,56,254,random_customer_removal+regret3_insert_repair,native_random_customer_removal+regret3_insert_repair,4751.531487382154,,64.32915829200647
E_CARBON_TIER1__formal_goeke80__threeshift__e2-threeshift-200c-03__alns_e2_carbon__seed1,E_CARBON_TIER1,alns_e2_carbon,alns_e2_carbon,threeshift,e2-threeshift-200c-03,1,57,265,random_customer_removal+regret3_insert_repair,native_random_customer_removal+regret3_insert_repair,4737.191546719379,,68.66217595900525
E_CARBON_TIER1__formal_goeke80__threeshift__e2-threeshift-200c-03__alns_e2_carbon__seed1,E_CARBON_TIER1,alns_e2_carbon,alns_e2_carbon,threeshift,e2-threeshift-200c-03,1,58,266,random_customer_removal+regret3_insert_repair,native_random_customer_removal+regret3_insert_repair,4736.463750662416,,68.87443604200962
E_CARBON_TIER1__formal_goeke80__threeshift__e2-threeshift-200c-03__alns_e2_carbon__seed1,E_CARBON_TIER1,alns_e2_carbon,alns_e2_carbon,threeshift,e2-threeshift-200c-03,1,59,273,random_customer_removal+regret3_insert_repair,native_random_customer_removal+regret3_insert_repair,4735.206208978095,,69.87987816700479
E_CARBON_TIER1__formal_goeke80__threeshift__e2-threeshift-200c-03__alns_e2_carbon__seed1,E_CARBON_TIER1,alns_e2_carbon,alns_e2_carbon,threeshift,e2-threeshift-200c-03,1,60,288,random_customer_removal+regret3_insert_repair,native_random_customer_removal+regret3_insert_repair,4735.18394430288,,73.93290749999869
E_CARBON_TIER1__formal_goeke80__threeshift__e2-threeshift-200c-03__alns_e2_carbon__seed1,E_CARBON_TIER1,alns_e2_carbon,alns_e2_carbon,threeshift,e2-threeshift-200c-03,1,61,296,random_customer_removal+regret3_insert_repair,native_random_customer_removal+regret3_insert_repair,4729.198865066243,,75.85413125000196
E_CARBON_TIER1__formal_goeke80__threeshift__e2-threeshift-200c-03__alns_e2_carbon__seed1,E_CARBON_TIER1,alns_e2_carbon,alns_e2_carbon,threeshift,e2-threeshift-200c-03,1,62,302,random_customer_removal+regret3_insert_repair,native_random_customer_removal+regret3_insert_repair,4725.520835300704,,77.94130562500504
E_CARBON_TIER1__formal_goeke80__threeshift__e2-threeshift-200c-03__alns_e2_carbon__seed1,E_CARBON_TIER1,alns_e2_carbon,alns_e2_carbon,threeshift,e2-threeshift-200c-03,1,63,307,random_customer_removal+regret3_insert_repair,native_random_customer_removal+regret3_insert_repair,4725.398558921586,,78.49901283399959
E_CARBON_TIER1__formal_goeke80__threeshift__e2-threeshift-200c-03__alns_e2_carbon__seed1,E_CARBON_TIER1,alns_e2_carbon,alns_e2_carbon,threeshift,e2-threeshift-200c-03,1,64,312,random_customer_removal+regret3_insert_repair,native_random_customer_removal+regret3_insert_repair,4724.961597908244,,79.78869625000516
E_CARBON_TIER1__formal_goeke80__threeshift__e2-threeshift-200c-03__alns_e2_carbon__seed1,E_CARBON_TIER1,alns_e2_carbon,alns_e2_carbon,threeshift,e2-threeshift-200c-03,1,65,378,random_customer_removal+regret3_insert_repair,native_random_customer_removal+regret3_insert_repair,4724.864269267618,,96.22669954200683
E_CARBON_TIER1__formal_goeke80__threeshift__e2-threeshift-200c-03__alns_e2_carbon__seed1,E_CARBON_TIER1,alns_e2_carbon,alns_e2_carbon,threeshift,e2-threeshift-200c-03,1,66,379,random_customer_removal+regret3_insert_repair,native_random_customer_removal+regret3_insert_repair,4723.933639072338,,96.40531550000014
E_CARBON_TIER1__formal_goeke80__threeshift__e2-threeshift-200c-03__alns_e2_carbon__seed1,E_CARBON_TIER1,alns_e2_carbon,alns_e2_carbon,threeshift,e2-threeshift-200c-03,1,67,433,random_customer_removal+regret3_insert_repair,native_random_customer_removal+regret3_insert_repair,4723.811362693222,,110.24628891699831
E_CARBON_TIER1__formal_goeke80__threeshift__e2-threeshift-200c-03__alns_e2_carbon__seed1,E_CARBON_TIER1,alns_e2_carbon,alns_e2_carbon,threeshift,e2-threeshift-200c-03,1,68,458,random_customer_removal+regret3_insert_repair,native_random_customer_removal+regret3_insert_repair,4719.29996383242,,116.45031658399967
E_CARBON_TIER1__formal_goeke80__threeshift__e2-threeshift-200c-03__alns_e2_carbon__seed1,E_CARBON_TIER1,alns_e2_carbon,alns_e2_carbon,threeshift,e2-threeshift-200c-03,1,69,467,random_customer_removal+regret3_insert_repair,native_random_customer_removal+regret3_insert_repair,4718.442548214607,,118.59098141700088
E_CARBON_TIER1__formal_goeke80__threeshift__e2-threeshift-200c-03__alns_e2_carbon__seed1,E_CARBON_TIER1,alns_e2_carbon,alns_e2_carbon,threeshift,e2-threeshift-200c-03,1,70,491,random_customer_removal+regret3_insert_repair,native_random_customer_removal+regret3_insert_repair,4717.472877639388,,125.63246562500717
E_CARBON_TIER1__formal_goeke80__threeshift__e2-threeshift-200c-03__alns_e2_carbon__seed1,E_CARBON_TIER1,alns_e2_carbon,alns_e2_carbon,threeshift,e2-threeshift-200c-03,1,71,493,random_customer_removal+regret3_insert_repair,native_random_customer_removal+regret3_insert_repair,4716.593291988949,,126.05129412500537
E_CARBON_TIER1__formal_goeke80__threeshift__e2-threeshift-200c-03__alns_e2_carbon__seed1,E_CARBON_TIER1,alns_e2_carbon,alns_e2_carbon,threeshift,e2-threeshift-200c-03,1,72,494,random_customer_removal+regret3_insert_repair,native_random_customer_removal+regret3_insert_repair,4714.489612828948,,126.12599979199877
E_CARBON_TIER1__formal_goeke80__threeshift__e2-threeshift-200c-03__alns_e2_carbon__seed1,E_CARBON_TIER1,alns_e2_carbon,alns_e2_carbon,threeshift,e2-threeshift-200c-03,1,73,502,random_customer_removal+regret3_insert_repair,native_random_customer_removal+regret3_insert_repair,4713.935275353981,,128.55219499999657
E_CARBON_TIER1__formal_goeke80__threeshift__e2-threeshift-200c-03__alns_e2_carbon__seed1,E_CARBON_TIER1,alns_e2_carbon,alns_e2_carbon,threeshift,e2-threeshift-200c-03,1,74,517,random_customer_removal+regret3_insert_repair,native_random_customer_removal+regret3_insert_repair,4713.774409463763,,131.84218166700157
E_CARBON_TIER1__formal_goeke80__threeshift__e2-threeshift-200c-03__alns_e2_carbon__seed1,E_CARBON_TIER1,alns_e2_carbon,alns_e2_carbon,threeshift,e2-threeshift-200c-03,1,75,555,random_customer_removal+regret3_insert_repair,native_random_customer_removal+regret3_insert_repair,4711.84978974635,,140.13524108400452
E_CARBON_TIER1__formal_goeke80__threeshift__e2-threeshift-200c-03__alns_e2_carbon__seed1,E_CARBON_TIER1,alns_e2_carbon,alns_e2_carbon,threeshift,e2-threeshift-200c-03,1,76,573,random_customer_removal+regret3_insert_repair,native_random_customer_removal+regret3_insert_repair,4707.132433072039,,144.54102737500216
E_CARBON_TIER1__formal_goeke80__threeshift__e2-threeshift-200c-03__alns_e2_carbon__seed1,E_CARBON_TIER1,alns_e2_carbon,alns_e2_carbon,threeshift,e2-threeshift-200c-03,1,77,780,random_customer_removal+regret3_insert_repair,native_random_customer_removal+regret3_insert_repair,4705.767997152844,,193.04155112500302
E_CARBON_TIER1__formal_goeke80__threeshift__e2-threeshift-200c-03__alns_e2_carbon__seed1,E_CARBON_TIER1,alns_e2_carbon,alns_e2_carbon,threeshift,e2-threeshift-200c-03,1,78,836,random_customer_removal+regret3_insert_repair,native_random_customer_removal+regret3_insert_repair,4702.789313121933,,207.01395362500625
E_CARBON_TIER1__formal_goeke80__threeshift__e2-threeshift-200c-03__alns_e2_carbon__seed1,E_CARBON_TIER1,alns_e2_carbon,alns_e2_carbon,threeshift,e2-threeshift-200c-03,1,79,1071,vehicle_type_swap+greedy_insert_repair,native_vehicle_type_swap+greedy_insert_repair,4682.566242547472,,275.0334493340051
E_CARBON_TIER1__formal_goeke80__threeshift__e2-threeshift-200c-03__alns_e2_carbon__seed1,E_CARBON_TIER1,alns_e2_carbon,alns_e2_carbon,threeshift,e2-threeshift-200c-03,1,80,1072,vehicle_type_swap+greedy_insert_repair,native_vehicle_type_swap+greedy_insert_repair,4662.824558031856,,275.06793375000416
E_CARBON_TIER1__formal_goeke80__threeshift__e2-threeshift-200c-03__alns_e2_carbon__seed1,E_CARBON_TIER1,alns_e2_carbon,alns_e2_carbon,threeshift,e2-threeshift-200c-03,1,81,1073,vehicle_type_swap+greedy_insert_repair,native_vehicle_type_swap+greedy_insert_repair,4643.462563150684,,275.0918869169982
E_CARBON_TIER1__formal_goeke80__threeshift__e2-threeshift-200c-03__alns_e2_carbon__seed1,E_CARBON_TIER1,alns_e2_carbon,alns_e2_carbon,threeshift,e2-threeshift-200c-03,1,82,1074,vehicle_type_swap+greedy_insert_repair,native_vehicle_type_swap+greedy_insert_repair,4622.027355068209,,275.1145154170081
E_CARBON_TIER1__formal_goeke80__threeshift__e2-threeshift-200c-03__alns_e2_carbon__seed1,E_CARBON_TIER1,alns_e2_carbon,alns_e2_carbon,threeshift,e2-threeshift-200c-03,1,83,1075,vehicle_type_swap+greedy_insert_repair,native_vehicle_type_swap+greedy_insert_repair,4605.096265216508,,275.13846658400143
E_CARBON_TIER1__formal_goeke80__threeshift__e2-threeshift-200c-03__alns_e2_carbon__seed1,E_CARBON_TIER1,alns_e2_carbon,alns_e2_carbon,threeshift,e2-threeshift-200c-03,1,84,1076,vehicle_type_swap+greedy_insert_repair,native_vehicle_type_swap+greedy_insert_repair,4589.662785271039,,275.16365070900065
E_CARBON_TIER1__formal_goeke80__threeshift__e2-threeshift-200c-03__alns_e2_carbon__seed1,E_CARBON_TIER1,alns_e2_carbon,alns_e2_carbon,threeshift,e2-threeshift-200c-03,1,85,1077,vehicle_type_swap+greedy_insert_repair,native_vehicle_type_swap+greedy_insert_repair,4574.266819986534,,275.19292029200005
E_CARBON_TIER1__formal_goeke80__threeshift__e2-threeshift-200c-03__alns_e2_carbon__seed1,E_CARBON_TIER1,alns_e2_carbon,alns_e2_carbon,threeshift,e2-threeshift-200c-03,1,86,1078,vehicle_type_swap+greedy_insert_repair,native_vehicle_type_swap+greedy_insert_repair,4557.784903903974,,275.2229126250022
E_CARBON_TIER1__formal_goeke80__threeshift__e2-threeshift-200c-03__alns_e2_carbon__seed1,E_CARBON_TIER1,alns_e2_carbon,alns_e2_carbon,threeshift,e2-threeshift-200c-03,1,87,1079,vehicle_type_swap+greedy_insert_repair,native_vehicle_type_swap+greedy_insert_repair,4543.325027813418,,275.2517967090098
E_CARBON_TIER1__formal_goeke80__threeshift__e2-threeshift-200c-03__alns_e2_carbon__seed1,E_CARBON_TIER1,alns_e2_carbon,alns_e2_carbon,threeshift,e2-threeshift-200c-03,1,88,1080,vehicle_type_swap+greedy_insert_repair,native_vehicle_type_swap+greedy_insert_repair,4527.38481000691,,275.27987500000745
E_CARBON_TIER1__formal_goeke80__threeshift__e2-threeshift-200c-03__alns_e2_carbon__seed1,E_CARBON_TIER1,alns_e2_carbon,alns_e2_carbon,threeshift,e2-threeshift-200c-03,1,89,1081,vehicle_type_swap+greedy_insert_repair,native_vehicle_type_swap+greedy_insert_repair,4513.047382559769,,275.30880445899675
E_CARBON_TIER1__formal_goeke80__threeshift__e2-threeshift-200c-03__alns_e2_carbon__seed1,E_CARBON_TIER1,alns_e2_carbon,alns_e2_carbon,threeshift,e2-threeshift-200c-03,1,90,1082,vehicle_type_swap+greedy_insert_repair,native_vehicle_type_swap+greedy_insert_repair,4502.023267857825,,275.3396474589972
E_CARBON_TIER1__formal_goeke80__threeshift__e2-threeshift-200c-03__alns_e2_carbon__seed1,E_CARBON_TIER1,alns_e2_carbon,alns_e2_carbon,threeshift,e2-threeshift-200c-03,1,91,1083,vehicle_type_swap+greedy_insert_repair,native_vehicle_type_swap+greedy_insert_repair,4489.254396983662,,275.3683994169987
E_CARBON_TIER1__formal_goeke80__threeshift__e2-threeshift-200c-03__alns_e2_carbon__seed1,E_CARBON_TIER1,alns_e2_carbon,alns_e2_carbon,threeshift,e2-threeshift-200c-03,1,92,1084,vehicle_type_swap+greedy_insert_repair,native_vehicle_type_swap+greedy_insert_repair,4478.975512965246,,275.3995160839986
E_CARBON_TIER1__formal_goeke80__threeshift__e2-threeshift-200c-03__alns_e2_carbon__seed1,E_CARBON_TIER1,alns_e2_carbon,alns_e2_carbon,threeshift,e2-threeshift-200c-03,1,93,1085,vehicle_type_swap+greedy_insert_repair,native_vehicle_type_swap+greedy_insert_repair,4470.949016284024,,275.42901983400225
E_CARBON_TIER1__formal_goeke80__threeshift__e2-threeshift-200c-03__alns_e2_carbon__seed1,E_CARBON_TIER1,alns_e2_carbon,alns_e2_carbon,threeshift,e2-threeshift-200c-03,1,94,1087,vehicle_type_swap+greedy_insert_repair,native_vehicle_type_swap+greedy_insert_repair,4463.139338615944,,275.48039750001044
E_CARBON_TIER1__formal_goeke80__threeshift__e2-threeshift-200c-03__alns_e2_carbon__seed1,E_CARBON_TIER1,alns_e2_carbon,alns_e2_carbon,threeshift,e2-threeshift-200c-03,1,95,2221,random_customer_removal+regret3_insert_repair,native_random_customer_removal+regret3_insert_repair,4462.36979907441,,433.5856595420046
E_CARBON_TIER1__formal_goeke80__threeshift__e2-threeshift-200c-03__alns_e2_carbon__seed1,E_CARBON_TIER1,alns_e2_carbon,alns_e2_carbon,threeshift,e2-threeshift-200c-03,1,96,4340,route_segment_removal+low_carbon_charging_repair,native_route_segment_removal+low_carbon_charging_repair,4462.133693661218,,732.6718236669985
E_CARBON_TIER1__formal_goeke80__threeshift__e2-threeshift-200c-03__alns_e2_carbon__seed1,E_CARBON_TIER1,alns_e2_carbon,alns_e2_carbon,threeshift,e2-threeshift-200c-03,1,97,6023,route_segment_removal+low_carbon_charging_repair,native_route_segment_removal+low_carbon_charging_repair,4461.972059641798,,787.7164548750006
E_CARBON_TIER1__formal_goeke80__threeshift__e2-threeshift-200c-03__alns_e2_carbon__seed1,E_CARBON_TIER1,alns_e2_carbon,alns_e2_carbon,threeshift,e2-threeshift-200c-03,1,98,6173,route_segment_removal+low_carbon_charging_repair,native_route_segment_removal+low_carbon_charging_repair,4461.900353138462,,790.1247441669984
E_CARBON_TIER1__formal_goeke80__threeshift__e2-threeshift-200c-03__alns_e2_carbon__seed2,E_CARBON_TIER1,alns_e2_carbon,alns_e2_carbon,threeshift,e2-threeshift-200c-03,2,0,0,shared_warm_start,shared_warm_start,6648.691898004797,,0.000559416992473416
E_CARBON_TIER1__formal_goeke80__threeshift__e2-threeshift-200c-03__alns_e2_carbon__seed2,E_CARBON_TIER1,alns_e2_carbon,alns_e2_carbon,threeshift,e2-threeshift-200c-03,2,1,6,random_customer_removal+low_carbon_charging_repair,native_random_customer_removal+low_carbon_charging_repair,6509.655370806272,,4.978477874989039
E_CARBON_TIER1__formal_goeke80__threeshift__e2-threeshift-200c-03__alns_e2_carbon__seed2,E_CARBON_TIER1,alns_e2_carbon,alns_e2_carbon,threeshift,e2-threeshift-200c-03,2,2,7,random_customer_removal+low_carbon_charging_repair,native_random_customer_removal+low_carbon_charging_repair,6010.368676583212,,12.807726541999727
E_CARBON_TIER1__formal_goeke80__threeshift__e2-threeshift-200c-03__alns_e2_carbon__seed2,E_CARBON_TIER1,alns_e2_carbon,alns_e2_carbon,threeshift,e2-threeshift-200c-03,2,3,32,random_customer_removal+low_carbon_charging_repair,native_random_customer_removal+low_carbon_charging_repair,5950.064659556867,,111.71373766698525
E_CARBON_TIER1__formal_goeke80__threeshift__e2-threeshift-200c-03__alns_e2_carbon__seed2,E_CARBON_TIER1,alns_e2_carbon,alns_e2_carbon,threeshift,e2-threeshift-200c-03,2,4,33,random_customer_removal+low_carbon_charging_repair,native_random_customer_removal+low_carbon_charging_repair,5936.9482378398725,,113.42735504198936
E_CARBON_TIER1__formal_goeke80__threeshift__e2-threeshift-200c-03__alns_e2_carbon__seed2,E_CARBON_TIER1,alns_e2_carbon,alns_e2_carbon,threeshift,e2-threeshift-200c-03,2,5,85,random_customer_removal+low_carbon_charging_repair,native_random_customer_removal+low_carbon_charging_repair,5846.880173253776,,285.42464391700923
E_CARBON_TIER1__formal_goeke80__threeshift__e2-threeshift-200c-03__alns_e2_carbon__seed2,E_CARBON_TIER1,alns_e2_carbon,alns_e2_carbon,threeshift,e2-threeshift-200c-03,2,6,87,random_customer_removal+low_carbon_charging_repair,native_random_customer_removal+low_carbon_charging_repair,5797.093487094796,,290.91210758298985
E_CARBON_TIER1__formal_goeke80__threeshift__e2-threeshift-200c-03__alns_e2_carbon__seed2,E_CARBON_TIER1,alns_e2_carbon,alns_e2_carbon,threeshift,e2-threeshift-200c-03,2,7,88,random_customer_removal+low_carbon_charging_repair,native_random_customer_removal+low_carbon_charging_repair,5680.769308462159,,292.1752847500029
E_CARBON_TIER1__formal_goeke80__threeshift__e2-threeshift-200c-03__alns_e2_carbon__seed2,E_CARBON_TIER1,alns_e2_carbon,alns_e2_carbon,threeshift,e2-threeshift-200c-03,2,8,91,random_customer_removal+low_carbon_charging_repair,native_random_customer_removal+low_carbon_charging_repair,5668.54441776096,,302.40210958299576
E_CARBON_TIER1__formal_goeke80__threeshift__e2-threeshift-200c-03__alns_e2_carbon__seed2,E_CARBON_TIER1,alns_e2_carbon,alns_e2_carbon,threeshift,e2-threeshift-200c-03,2,9,101,random_customer_removal+low_carbon_charging_repair,native_random_customer_removal+low_carbon_charging_repair,5664.601849286972,,337.86310708298697
E_CARBON_TIER1__formal_goeke80__threeshift__e2-threeshift-200c-03__alns_e2_carbon__seed2,E_CARBON_TIER1,alns_e2_carbon,alns_e2_carbon,threeshift,e2-threeshift-200c-03,2,10,103,random_customer_removal+low_carbon_charging_repair,native_random_customer_removal+low_carbon_charging_repair,5569.283499959266,,352.4077497079852
E_CARBON_TIER1__formal_goeke80__threeshift__e2-threeshift-200c-03__alns_e2_carbon__seed2,E_CARBON_TIER1,alns_e2_carbon,alns_e2_carbon,threeshift,e2-threeshift-200c-03,2,11,107,random_customer_removal+low_carbon_charging_repair,native_random_customer_removal+low_carbon_charging_repair,5546.563297174627,,367.1990944999852
E_CARBON_TIER1__formal_goeke80__threeshift__e2-threeshift-200c-03__alns_e2_carbon__seed2,E_CARBON_TIER1,alns_e2_carbon,alns_e2_carbon,threeshift,e2-threeshift-200c-03,2,12,109,random_customer_removal+low_carbon_charging_repair,native_random_customer_removal+low_carbon_charging_repair,5482.793502460242,,371.377015999984
E_CARBON_TIER1__formal_goeke80__threeshift__e2-threeshift-200c-03__alns_e2_carbon__seed2,E_CARBON_TIER1,alns_e2_carbon,alns_e2_carbon,threeshift,e2-threeshift-200c-03,2,13,111,random_customer_removal+low_carbon_charging_repair,native_random_customer_removal+low_carbon_charging_repair,5472.666556305568,,376.364087791997
E_CARBON_TIER1__formal_goeke80__threeshift__e2-threeshift-200c-03__alns_e2_carbon__seed2,E_CARBON_TIER1,alns_e2_carbon,alns_e2_carbon,threeshift,e2-threeshift-200c-03,2,14,114,random_customer_removal+low_carbon_charging_repair,native_random_customer_removal+low_carbon_charging_repair,5450.849740900041,,383.81253883300815
E_CARBON_TIER1__formal_goeke80__threeshift__e2-threeshift-200c-03__alns_e2_carbon__seed2,E_CARBON_TIER1,alns_e2_carbon,alns_e2_carbon,threeshift,e2-threeshift-200c-03,2,15,115,random_customer_removal+low_carbon_charging_repair,native_random_customer_removal+low_carbon_charging_repair,5423.810038340261,,385.43631024999195
E_CARBON_TIER1__formal_goeke80__threeshift__e2-threeshift-200c-03__alns_e2_carbon__seed2,E_CARBON_TIER1,alns_e2_carbon,alns_e2_carbon,threeshift,e2-threeshift-200c-03,2,16,117,random_customer_removal+low_carbon_charging_repair,native_random_customer_removal+low_carbon_charging_repair,5312.278704870946,,389.8302150829986
E_CARBON_TIER1__formal_goeke80__threeshift__e2-threeshift-200c-03__alns_e2_carbon__seed2,E_CARBON_TIER1,alns_e2_carbon,alns_e2_carbon,threeshift,e2-threeshift-200c-03,2,17,119,random_customer_removal+low_carbon_charging_repair,native_random_customer_removal+low_carbon_charging_repair,5305.401678407514,,398.24006691700197
E_CARBON_TIER1__formal_goeke80__threeshift__e2-threeshift-200c-03__alns_e2_carbon__seed2,E_CARBON_TIER1,alns_e2_carbon,alns_e2_carbon,threeshift,e2-threeshift-200c-03,2,18,122,random_customer_removal+low_carbon_charging_repair,native_random_customer_removal+low_carbon_charging_repair,5302.696403358185,,405.91031170799397
E_CARBON_TIER1__formal_goeke80__threeshift__e2-threeshift-200c-03__alns_e2_carbon__seed2,E_CARBON_TIER1,alns_e2_carbon,alns_e2_carbon,threeshift,e2-threeshift-200c-03,2,19,126,random_customer_removal+low_carbon_charging_repair,native_random_customer_removal+low_carbon_charging_repair,5272.034164267046,,421.00670645799255
E_CARBON_TIER1__formal_goeke80__threeshift__e2-threeshift-200c-03__alns_e2_carbon__seed2,E_CARBON_TIER1,alns_e2_carbon,alns_e2_carbon,threeshift,e2-threeshift-200c-03,2,20,131,random_customer_removal+low_carbon_charging_repair,native_random_customer_removal+low_carbon_charging_repair,5256.630478584647,,437.06415658298647
E_CARBON_TIER1__formal_goeke80__threeshift__e2-threeshift-200c-03__alns_e2_carbon__seed2,E_CARBON_TIER1,alns_e2_carbon,alns_e2_carbon,threeshift,e2-threeshift-200c-03,2,21,142,random_customer_removal+low_carbon_charging_repair,native_random_customer_removal+low_carbon_charging_repair,5248.256900565863,,467.05429224998807
E_CARBON_TIER1__formal_goeke80__threeshift__e2-threeshift-200c-03__alns_e2_carbon__seed2,E_CARBON_TIER1,alns_e2_carbon,alns_e2_carbon,threeshift,e2-threeshift-200c-03,2,22,147,random_customer_removal+low_carbon_charging_repair,native_random_customer_removal+low_carbon_charging_repair,5209.896148748965,,479.5597069170035
E_CARBON_TIER1__formal_goeke80__threeshift__e2-threeshift-200c-03__alns_e2_carbon__seed2,E_CARBON_TIER1,alns_e2_carbon,alns_e2_carbon,threeshift,e2-threeshift-200c-03,2,23,154,random_customer_removal+low_carbon_charging_repair,native_random_customer_removal+low_carbon_charging_repair,5208.471844393797,,506.29981674999
E_CARBON_TIER1__formal_goeke80__threeshift__e2-threeshift-200c-03__alns_e2_carbon__seed2,E_CARBON_TIER1,alns_e2_carbon,alns_e2_carbon,threeshift,e2-threeshift-200c-03,2,24,158,random_customer_removal+low_carbon_charging_repair,native_random_customer_removal+low_carbon_charging_repair,5198.322505577273,,519.113068000006
E_CARBON_TIER1__formal_goeke80__threeshift__e2-threeshift-200c-03__alns_e2_carbon__seed2,E_CARBON_TIER1,alns_e2_carbon,alns_e2_carbon,threeshift,e2-threeshift-200c-03,2,25,169,random_customer_removal+low_carbon_charging_repair,native_random_customer_removal+low_carbon_charging_repair,5161.974662603057,,550.3073254580086
E_CARBON_TIER1__formal_goeke80__threeshift__e2-threeshift-200c-03__alns_e2_carbon__seed2,E_CARBON_TIER1,alns_e2_carbon,alns_e2_carbon,threeshift,e2-threeshift-200c-03,2,26,170,random_customer_removal+low_carbon_charging_repair,native_random_customer_removal+low_carbon_charging_repair,5158.390634656957,,550.9885168329929
E_CARBON_TIER1__formal_goeke80__threeshift__e2-threeshift-200c-03__alns_e2_carbon__seed2,E_CARBON_TIER1,alns_e2_carbon,alns_e2_carbon,threeshift,e2-threeshift-200c-03,2,27,176,random_customer_removal+low_carbon_charging_repair,native_random_customer_removal+low_carbon_charging_repair,5151.9722325098855,,571.511720791983
E_CARBON_TIER1__formal_goeke80__threeshift__e2-threeshift-200c-03__alns_e2_carbon__seed2,E_CARBON_TIER1,alns_e2_carbon,alns_e2_carbon,threeshift,e2-threeshift-200c-03,2,28,192,random_customer_removal+low_carbon_charging_repair,native_random_customer_removal+low_carbon_charging_repair,5142.34965619737,,619.3647699999856
E_CARBON_TIER1__formal_goeke80__threeshift__e2-threeshift-200c-03__alns_e2_carbon__seed2,E_CARBON_TIER1,alns_e2_carbon,alns_e2_carbon,threeshift,e2-threeshift-200c-03,2,29,194,random_customer_removal+low_carbon_charging_repair,native_random_customer_removal+low_carbon_charging_repair,5118.784209225397,,627.0177094170067
E_CARBON_TIER1__formal_goeke80__threeshift__e2-threeshift-200c-03__alns_e2_carbon__seed2,E_CARBON_TIER1,alns_e2_carbon,alns_e2_carbon,threeshift,e2-threeshift-200c-03,2,30,195,random_customer_removal+low_carbon_charging_repair,native_random_customer_removal+low_carbon_charging_repair,5117.182746794869,,628.0384064579848
E_CARBON_TIER1__formal_goeke80__threeshift__e2-threeshift-200c-03__alns_e2_carbon__seed2,E_CARBON_TIER1,alns_e2_carbon,alns_e2_carbon,threeshift,e2-threeshift-200c-03,2,31,235,random_customer_removal+low_carbon_charging_repair,native_random_customer_removal+low_carbon_charging_repair,5109.954401097598,,763.9483286250033
E_CARBON_TIER1__formal_goeke80__threeshift__e2-threeshift-200c-03__alns_e2_carbon__seed2,E_CARBON_TIER1,alns_e2_carbon,alns_e2_carbon,threeshift,e2-threeshift-200c-03,2,32,236,random_customer_removal+low_carbon_charging_repair,native_random_customer_removal+low_carbon_charging_repair,5002.029302799055,,764.8313247080077
E_CARBON_TIER1__formal_goeke80__threeshift__e2-threeshift-200c-03__alns_e2_carbon__seed2,E_CARBON_TIER1,alns_e2_carbon,alns_e2_carbon,threeshift,e2-threeshift-200c-03,2,33,274,random_customer_removal+low_carbon_charging_repair,native_random_customer_removal+low_carbon_charging_repair,5000.8580661547585,,888.2617923750076
E_CARBON_TIER1__formal_goeke80__threeshift__e2-threeshift-200c-03__alns_e2_carbon__seed2,E_CARBON_TIER1,alns_e2_carbon,alns_e2_carbon,threeshift,e2-threeshift-200c-03,2,34,275,random_customer_removal+low_carbon_charging_repair,native_random_customer_removal+low_carbon_charging_repair,5000.5458148185535,,888.7851857919886
E_CARBON_TIER1__formal_goeke80__threeshift__e2-threeshift-200c-03__alns_e2_carbon__seed2,E_CARBON_TIER1,alns_e2_carbon,alns_e2_carbon,threeshift,e2-threeshift-200c-03,2,35,382,random_customer_removal+low_carbon_charging_repair,native_random_customer_removal+low_carbon_charging_repair,4988.640291884886,,1231.0671784169972
E_CARBON_TIER1__formal_goeke80__threeshift__e2-threeshift-200c-03__alns_e2_carbon__seed2,E_CARBON_TIER1,alns_e2_carbon,alns_e2_carbon,threeshift,e2-threeshift-200c-03,2,36,399,random_customer_removal+low_carbon_charging_repair,native_random_customer_removal+low_carbon_charging_repair,4985.935755111272,,1288.8742600829864
E_CARBON_TIER1__formal_goeke80__threeshift__e2-threeshift-200c-03__alns_e2_carbon__seed2,E_CARBON_TIER1,alns_e2_carbon,alns_e2_carbon,threeshift,e2-threeshift-200c-03,2,37,450,random_customer_removal+low_carbon_charging_repair,native_random_customer_removal+low_carbon_charging_repair,4985.697976310721,,1461.605636583001
E_CARBON_TIER1__formal_goeke80__threeshift__e2-threeshift-200c-03__alns_e2_carbon__seed2,E_CARBON_TIER1,alns_e2_carbon,alns_e2_carbon,threeshift,e2-threeshift-200c-03,2,38,468,random_customer_removal+low_carbon_charging_repair,native_random_customer_removal+low_carbon_charging_repair,4975.784560302634,,1516.763867667003
E_CARBON_TIER1__formal_goeke80__threeshift__e2-threeshift-200c-03__alns_e2_carbon__seed2,E_CARBON_TIER1,alns_e2_carbon,alns_e2_carbon,threeshift,e2-threeshift-200c-03,2,39,539,random_customer_removal+low_carbon_charging_repair,native_random_customer_removal+low_carbon_charging_repair,4974.556938920001,,1752.1013855829951
E_CARBON_TIER1__formal_goeke80__threeshift__e2-threeshift-200c-03__alns_e2_carbon__seed2,E_CARBON_TIER1,alns_e2_carbon,alns_e2_carbon,threeshift,e2-threeshift-200c-03,2,40,585,whole_route_removal+greedy_insert_repair,native_whole_route_removal+greedy_insert_repair,4892.044127003352,,1871.5437107920006
E_CARBON_TIER1__formal_goeke80__threeshift__e2-threeshift-200c-03__alns_e2_carbon__seed2,E_CARBON_TIER1,alns_e2_carbon,alns_e2_carbon,threeshift,e2-threeshift-200c-03,2,41,606,vehicle_type_swap+greedy_insert_repair,native_vehicle_type_swap+greedy_insert_repair,4872.318585773019,,1871.7965634999855
E_CARBON_TIER1__formal_goeke80__threeshift__e2-threeshift-200c-03__alns_e2_carbon__seed2,E_CARBON_TIER1,alns_e2_carbon,alns_e2_carbon,threeshift,e2-threeshift-200c-03,2,42,607,vehicle_type_swap+greedy_insert_repair,native_vehicle_type_swap+greedy_insert_repair,4853.176643614458,,1871.8218020829954
E_CARBON_TIER1__formal_goeke80__threeshift__e2-threeshift-200c-03__alns_e2_carbon__seed2,E_CARBON_TIER1,alns_e2_carbon,alns_e2_carbon,threeshift,e2-threeshift-200c-03,2,43,608,vehicle_type_swap+greedy_insert_repair,native_vehicle_type_swap+greedy_insert_repair,4840.744702499415,,1871.844654207991
E_CARBON_TIER1__formal_goeke80__threeshift__e2-threeshift-200c-03__alns_e2_carbon__seed2,E_CARBON_TIER1,alns_e2_carbon,alns_e2_carbon,threeshift,e2-threeshift-200c-03,2,44,609,vehicle_type_swap+greedy_insert_repair,native_vehicle_type_swap+greedy_insert_repair,4822.361005662965,,1871.867521749984
E_CARBON_TIER1__formal_goeke80__threeshift__e2-threeshift-200c-03__alns_e2_carbon__seed2,E_CARBON_TIER1,alns_e2_carbon,alns_e2_carbon,threeshift,e2-threeshift-200c-03,2,45,610,vehicle_type_swap+greedy_insert_repair,native_vehicle_type_swap+greedy_insert_repair,4801.140851193171,,1871.8904832080007
E_CARBON_TIER1__formal_goeke80__threeshift__e2-threeshift-200c-03__alns_e2_carbon__seed2,E_CARBON_TIER1,alns_e2_carbon,alns_e2_carbon,threeshift,e2-threeshift-200c-03,2,46,611,vehicle_type_swap+greedy_insert_repair,native_vehicle_type_swap+greedy_insert_repair,4780.024645387322,,1871.915698583005
E_CARBON_TIER1__formal_goeke80__threeshift__e2-threeshift-200c-03__alns_e2_carbon__seed2,E_CARBON_TIER1,alns_e2_carbon,alns_e2_carbon,threeshift,e2-threeshift-200c-03,2,47,612,vehicle_type_swap+greedy_insert_repair,native_vehicle_type_swap+greedy_insert_repair,4762.016886066323,,1871.9411002080014
E_CARBON_TIER1__formal_goeke80__threeshift__e2-threeshift-200c-03__alns_e2_carbon__seed2,E_CARBON_TIER1,alns_e2_carbon,alns_e2_carbon,threeshift,e2-threeshift-200c-03,2,48,613,vehicle_type_swap+greedy_insert_repair,native_vehicle_type_swap+greedy_insert_repair,4745.2708659762875,,1871.9684915420075
E_CARBON_TIER1__formal_goeke80__threeshift__e2-threeshift-200c-03__alns_e2_carbon__seed2,E_CARBON_TIER1,alns_e2_carbon,alns_e2_carbon,threeshift,e2-threeshift-200c-03,2,49,614,vehicle_type_swap+greedy_insert_repair,native_vehicle_type_swap+greedy_insert_repair,4734.760483819503,,1871.9962609169888
E_CARBON_TIER1__formal_goeke80__threeshift__e2-threeshift-200c-03__alns_e2_carbon__seed2,E_CARBON_TIER1,alns_e2_carbon,alns_e2_carbon,threeshift,e2-threeshift-200c-03,2,50,615,vehicle_type_swap+greedy_insert_repair,native_vehicle_type_swap+greedy_insert_repair,4719.273713142335,,1872.023016082996
E_CARBON_TIER1__formal_goeke80__threeshift__e2-threeshift-200c-03__alns_e2_carbon__seed2,E_CARBON_TIER1,alns_e2_carbon,alns_e2_carbon,threeshift,e2-threeshift-200c-03,2,51,616,vehicle_type_swap+greedy_insert_repair,native_vehicle_type_swap+greedy_insert_repair,4703.451343725228,,1872.0511862919957
E_CARBON_TIER1__formal_goeke80__threeshift__e2-threeshift-200c-03__alns_e2_carbon__seed2,E_CARBON_TIER1,alns_e2_carbon,alns_e2_carbon,threeshift,e2-threeshift-200c-03,2,52,617,vehicle_type_swap+greedy_insert_repair,native_vehicle_type_swap+greedy_insert_repair,4696.51105081567,,1872.0831571249873
E_CARBON_TIER1__formal_goeke80__threeshift__e2-threeshift-200c-03__alns_e2_carbon__seed2,E_CARBON_TIER1,alns_e2_carbon,alns_e2_carbon,threeshift,e2-threeshift-200c-03,2,53,618,vehicle_type_swap+greedy_insert_repair,native_vehicle_type_swap+greedy_insert_repair,4687.052258662553,,1872.1100784580049
E_CARBON_TIER1__formal_goeke80__threeshift__e2-threeshift-200c-03__alns_e2_carbon__seed2,E_CARBON_TIER1,alns_e2_carbon,alns_e2_carbon,threeshift,e2-threeshift-200c-03,2,54,619,vehicle_type_swap+greedy_insert_repair,native_vehicle_type_swap+greedy_insert_repair,4672.364313552616,,1872.1371190419886
E_CARBON_TIER1__formal_goeke80__threeshift__e2-threeshift-200c-03__alns_e2_carbon__seed2,E_CARBON_TIER1,alns_e2_carbon,alns_e2_carbon,threeshift,e2-threeshift-200c-03,2,55,620,vehicle_type_swap+greedy_insert_repair,native_vehicle_type_swap+greedy_insert_repair,4662.790977243216,,1872.166485499998
E_CARBON_TIER1__formal_goeke80__threeshift__e2-threeshift-200c-03__alns_e2_carbon__seed3,E_CARBON_TIER1,alns_e2_carbon,alns_e2_carbon,threeshift,e2-threeshift-200c-03,3,0,0,shared_warm_start,shared_warm_start,6648.691898004797,,0.000576208985876292
E_CARBON_TIER1__formal_goeke80__threeshift__e2-threeshift-200c-03__alns_e2_carbon__seed3,E_CARBON_TIER1,alns_e2_carbon,alns_e2_carbon,threeshift,e2-threeshift-200c-03,3,1,9,random_customer_removal+regret3_insert_repair,native_random_customer_removal+regret3_insert_repair,6629.755871654872,,2.7628234589938074
E_CARBON_TIER1__formal_goeke80__threeshift__e2-threeshift-200c-03__alns_e2_carbon__seed3,E_CARBON_TIER1,alns_e2_carbon,alns_e2_carbon,threeshift,e2-threeshift-200c-03,3,2,10,random_customer_removal+regret3_insert_repair,native_random_customer_removal+regret3_insert_repair,6456.722014862871,,2.834643916983623
E_CARBON_TIER1__formal_goeke80__threeshift__e2-threeshift-200c-03__alns_e2_carbon__seed3,E_CARBON_TIER1,alns_e2_carbon,alns_e2_carbon,threeshift,e2-threeshift-200c-03,3,3,11,random_customer_removal+regret3_insert_repair,native_random_customer_removal+regret3_insert_repair,6418.1371464099375,,2.992311709007481
E_CARBON_TIER1__formal_goeke80__threeshift__e2-threeshift-200c-03__alns_e2_carbon__seed3,E_CARBON_TIER1,alns_e2_carbon,alns_e2_carbon,threeshift,e2-threeshift-200c-03,3,4,12,random_customer_removal+regret3_insert_repair,native_random_customer_removal+regret3_insert_repair,6280.537023371578,,3.2101143339823466
E_CARBON_TIER1__formal_goeke80__threeshift__e2-threeshift-200c-03__alns_e2_carbon__seed3,E_CARBON_TIER1,alns_e2_carbon,alns_e2_carbon,threeshift,e2-threeshift-200c-03,3,5,13,random_customer_removal+regret3_insert_repair,native_random_customer_removal+regret3_insert_repair,6254.538056880147,,3.268246249994263
E_CARBON_TIER1__formal_goeke80__threeshift__e2-threeshift-200c-03__alns_e2_carbon__seed3,E_CARBON_TIER1,alns_e2_carbon,alns_e2_carbon,threeshift,e2-threeshift-200c-03,3,6,14,random_customer_removal+regret3_insert_repair,native_random_customer_removal+regret3_insert_repair,5977.095496824199,,3.822267416981049
E_CARBON_TIER1__formal_goeke80__threeshift__e2-threeshift-200c-03__alns_e2_carbon__seed3,E_CARBON_TIER1,alns_e2_carbon,alns_e2_carbon,threeshift,e2-threeshift-200c-03,3,7,15,random_customer_removal+regret3_insert_repair,native_random_customer_removal+regret3_insert_repair,5912.930666662647,,4.329677750007249
E_CARBON_TIER1__formal_goeke80__threeshift__e2-threeshift-200c-03__alns_e2_carbon__seed3,E_CARBON_TIER1,alns_e2_carbon,alns_e2_carbon,threeshift,e2-threeshift-200c-03,3,8,17,random_customer_removal+regret3_insert_repair,native_random_customer_removal+regret3_insert_repair,5900.107012250423,,4.977953499997966
E_CARBON_TIER1__formal_goeke80__threeshift__e2-threeshift-200c-03__alns_e2_carbon__seed3,E_CARBON_TIER1,alns_e2_carbon,alns_e2_carbon,threeshift,e2-threeshift-200c-03,3,9,19,random_customer_removal+regret3_insert_repair,native_random_customer_removal+regret3_insert_repair,5822.071364905879,,5.568563834007364
E_CARBON_TIER1__formal_goeke80__threeshift__e2-threeshift-200c-03__alns_e2_carbon__seed3,E_CARBON_TIER1,alns_e2_carbon,alns_e2_carbon,threeshift,e2-threeshift-200c-03,3,10,20,random_customer_removal+regret3_insert_repair,native_random_customer_removal+regret3_insert_repair,5685.971498968854,,5.800894833984785
E_CARBON_TIER1__formal_goeke80__threeshift__e2-threeshift-200c-03__alns_e2_carbon__seed3,E_CARBON_TIER1,alns_e2_carbon,alns_e2_carbon,threeshift,e2-threeshift-200c-03,3,11,21,random_customer_removal+regret3_insert_repair,native_random_customer_removal+regret3_insert_repair,5670.212108601056,,5.876830541994423
E_CARBON_TIER1__formal_goeke80__threeshift__e2-threeshift-200c-03__alns_e2_carbon__seed3,E_CARBON_TIER1,alns_e2_carbon,alns_e2_carbon,threeshift,e2-threeshift-200c-03,3,12,22,random_customer_removal+regret3_insert_repair,native_random_customer_removal+regret3_insert_repair,5556.327451669962,,6.137293999985559
E_CARBON_TIER1__formal_goeke80__threeshift__e2-threeshift-200c-03__alns_e2_carbon__seed3,E_CARBON_TIER1,alns_e2_carbon,alns_e2_carbon,threeshift,e2-threeshift-200c-03,3,13,23,random_customer_removal+regret3_insert_repair,native_random_customer_removal+regret3_insert_repair,5544.7963083615905,,6.63254816699191
E_CARBON_TIER1__formal_goeke80__threeshift__e2-threeshift-200c-03__alns_e2_carbon__seed3,E_CARBON_TIER1,alns_e2_carbon,alns_e2_carbon,threeshift,e2-threeshift-200c-03,3,14,24,random_customer_removal+regret3_insert_repair,native_random_customer_removal+regret3_insert_repair,5377.531481353939,,7.1656842500087805
E_CARBON_TIER1__formal_goeke80__threeshift__e2-threeshift-200c-03__alns_e2_carbon__seed3,E_CARBON_TIER1,alns_e2_carbon,alns_e2_carbon,threeshift,e2-threeshift-200c-03,3,15,26,random_customer_removal+regret3_insert_repair,native_random_customer_removal+regret3_insert_repair,5260.0904239183465,,7.880403208982898
E_CARBON_TIER1__formal_goeke80__threeshift__e2-threeshift-200c-03__alns_e2_carbon__seed3,E_CARBON_TIER1,alns_e2_carbon,alns_e2_carbon,threeshift,e2-threeshift-200c-03,3,16,30,random_customer_removal+regret3_insert_repair,native_random_customer_removal+regret3_insert_repair,5256.506920454305,,8.836052250000648
E_CARBON_TIER1__formal_goeke80__threeshift__e2-threeshift-200c-03__alns_e2_carbon__seed3,E_CARBON_TIER1,alns_e2_carbon,alns_e2_carbon,threeshift,e2-threeshift-200c-03,3,17,34,random_customer_removal+regret3_insert_repair,native_random_customer_removal+regret3_insert_repair,5237.366137807182,,9.78560041700257
E_CARBON_TIER1__formal_goeke80__threeshift__e2-threeshift-200c-03__alns_e2_carbon__seed3,E_CARBON_TIER1,alns_e2_carbon,alns_e2_carbon,threeshift,e2-threeshift-200c-03,3,18,41,random_customer_removal+regret3_insert_repair,native_random_customer_removal+regret3_insert_repair,5154.420732697506,,11.853803542006062
E_CARBON_TIER1__formal_goeke80__threeshift__e2-threeshift-200c-03__alns_e2_carbon__seed3,E_CARBON_TIER1,alns_e2_carbon,alns_e2_carbon,threeshift,e2-threeshift-200c-03,3,19,42,random_customer_removal+regret3_insert_repair,native_random_customer_removal+regret3_insert_repair,5152.369389947648,,11.973325667000609
E_CARBON_TIER1__formal_goeke80__threeshift__e2-threeshift-200c-03__alns_e2_carbon__seed3,E_CARBON_TIER1,alns_e2_carbon,alns_e2_carbon,threeshift,e2-threeshift-200c-03,3,20,43,random_customer_removal+regret3_insert_repair,native_random_customer_removal+regret3_insert_repair,5049.9174641213085,,12.157523667003261
E_CARBON_TIER1__formal_goeke80__threeshift__e2-threeshift-200c-03__alns_e2_carbon__seed3,E_CARBON_TIER1,alns_e2_carbon,alns_e2_carbon,threeshift,e2-threeshift-200c-03,3,21,61,random_customer_removal+regret3_insert_repair,native_random_customer_removal+regret3_insert_repair,5036.273381066947,,16.812456874991767
E_CARBON_TIER1__formal_goeke80__threeshift__e2-threeshift-200c-03__alns_e2_carbon__seed3,E_CARBON_TIER1,alns_e2_carbon,alns_e2_carbon,threeshift,e2-threeshift-200c-03,3,22,63,random_customer_removal+regret3_insert_repair,native_random_customer_removal+regret3_insert_repair,5035.12873498751,,17.298731958988355
E_CARBON_TIER1__formal_goeke80__threeshift__e2-threeshift-200c-03__alns_e2_carbon__seed3,E_CARBON_TIER1,alns_e2_carbon,alns_e2_carbon,threeshift,e2-threeshift-200c-03,3,23,65,random_customer_removal+regret3_insert_repair,native_random_customer_removal+regret3_insert_repair,5020.348081826407,,17.461410166986752
E_CARBON_TIER1__formal_goeke80__threeshift__e2-threeshift-200c-03__alns_e2_carbon__seed3,E_CARBON_TIER1,alns_e2_carbon,alns_e2_carbon,threeshift,e2-threeshift-200c-03,3,24,66,random_customer_removal+regret3_insert_repair,native_random_customer_removal+regret3_insert_repair,4988.877260089973,,17.73591679200763
E_CARBON_TIER1__formal_goeke80__threeshift__e2-threeshift-200c-03__alns_e2_carbon__seed3,E_CARBON_TIER1,alns_e2_carbon,alns_e2_carbon,threeshift,e2-threeshift-200c-03,3,25,68,random_customer_removal+regret3_insert_repair,native_random_customer_removal+regret3_insert_repair,4980.986076763977,,18.06831758399494
E_CARBON_TIER1__formal_goeke80__threeshift__e2-threeshift-200c-03__alns_e2_carbon__seed3,E_CARBON_TIER1,alns_e2_carbon,alns_e2_carbon,threeshift,e2-threeshift-200c-03,3,26,70,random_customer_removal+regret3_insert_repair,native_random_customer_removal+regret3_insert_repair,4973.420666250457,,18.268227291991934
E_CARBON_TIER1__formal_goeke80__threeshift__e2-threeshift-200c-03__alns_e2_carbon__seed3,E_CARBON_TIER1,alns_e2_carbon,alns_e2_carbon,threeshift,e2-threeshift-200c-03,3,27,72,random_customer_removal+regret3_insert_repair,native_random_customer_removal+regret3_insert_repair,4957.420625556217,,18.764760833990294
E_CARBON_TIER1__formal_goeke80__threeshift__e2-threeshift-200c-03__alns_e2_carbon__seed3,E_CARBON_TIER1,alns_e2_carbon,alns_e2_carbon,threeshift,e2-threeshift-200c-03,3,28,76,random_customer_removal+regret3_insert_repair,native_random_customer_removal+regret3_insert_repair,4948.163301640907,,20.0761662919831
E_CARBON_TIER1__formal_goeke80__threeshift__e2-threeshift-200c-03__alns_e2_carbon__seed3,E_CARBON_TIER1,alns_e2_carbon,alns_e2_carbon,threeshift,e2-threeshift-200c-03,3,29,88,random_customer_removal+regret3_insert_repair,native_random_customer_removal+regret3_insert_repair,4947.991623286949,,23.392543166992255
E_CARBON_TIER1__formal_goeke80__threeshift__e2-threeshift-200c-03__alns_e2_carbon__seed3,E_CARBON_TIER1,alns_e2_carbon,alns_e2_carbon,threeshift,e2-threeshift-200c-03,3,30,90,random_customer_removal+regret3_insert_repair,native_random_customer_removal+regret3_insert_repair,4946.8895825749805,,23.739683249994414
E_CARBON_TIER1__formal_goeke80__threeshift__e2-threeshift-200c-03__alns_e2_carbon__seed3,E_CARBON_TIER1,alns_e2_carbon,alns_e2_carbon,threeshift,e2-threeshift-200c-03,3,31,93,random_customer_removal+regret3_insert_repair,native_random_customer_removal+regret3_insert_repair,4946.142501912392,,24.125551292003365
E_CARBON_TIER1__formal_goeke80__threeshift__e2-threeshift-200c-03__alns_e2_carbon__seed3,E_CARBON_TIER1,alns_e2_carbon,alns_e2_carbon,threeshift,e2-threeshift-200c-03,3,32,95,random_customer_removal+regret3_insert_repair,native_random_customer_removal+regret3_insert_repair,4936.095180315951,,24.854944958991837
E_CARBON_TIER1__formal_goeke80__threeshift__e2-threeshift-200c-03__alns_e2_carbon__seed3,E_CARBON_TIER1,alns_e2_carbon,alns_e2_carbon,threeshift,e2-threeshift-200c-03,3,33,103,random_customer_removal+regret3_insert_repair,native_random_customer_removal+regret3_insert_repair,4924.351382447051,,26.89364666698384
E_CARBON_TIER1__formal_goeke80__threeshift__e2-threeshift-200c-03__alns_e2_carbon__seed3,E_CARBON_TIER1,alns_e2_carbon,alns_e2_carbon,threeshift,e2-threeshift-200c-03,3,34,106,random_customer_removal+regret3_insert_repair,native_random_customer_removal+regret3_insert_repair,4826.426976527435,,27.931902874988737
E_CARBON_TIER1__formal_goeke80__threeshift__e2-threeshift-200c-03__alns_e2_carbon__seed3,E_CARBON_TIER1,alns_e2_carbon,alns_e2_carbon,threeshift,e2-threeshift-200c-03,3,35,109,random_customer_removal+regret3_insert_repair,native_random_customer_removal+regret3_insert_repair,4822.660042786132,,28.63203291699756
E_CARBON_TIER1__formal_goeke80__threeshift__e2-threeshift-200c-03__alns_e2_carbon__seed3,E_CARBON_TIER1,alns_e2_carbon,alns_e2_carbon,threeshift,e2-threeshift-200c-03,3,36,110,random_customer_removal+regret3_insert_repair,native_random_customer_removal+regret3_insert_repair,4818.1948415505185,,29.075530417001573
E_CARBON_TIER1__formal_goeke80__threeshift__e2-threeshift-200c-03__alns_e2_carbon__seed3,E_CARBON_TIER1,alns_e2_carbon,alns_e2_carbon,threeshift,e2-threeshift-200c-03,3,37,112,random_customer_removal+regret3_insert_repair,native_random_customer_removal+regret3_insert_repair,4813.722731311792,,29.47565116698388
E_CARBON_TIER1__formal_goeke80__threeshift__e2-threeshift-200c-03__alns_e2_carbon__seed3,E_CARBON_TIER1,alns_e2_carbon,alns_e2_carbon,threeshift,e2-threeshift-200c-03,3,38,122,random_customer_removal+regret3_insert_repair,native_random_customer_removal+regret3_insert_repair,4808.274492285039,,31.363509833987337
E_CARBON_TIER1__formal_goeke80__threeshift__e2-threeshift-200c-03__alns_e2_carbon__seed3,E_CARBON_TIER1,alns_e2_carbon,alns_e2_carbon,threeshift,e2-threeshift-200c-03,3,39,135,random_customer_removal+regret3_insert_repair,native_random_customer_removal+regret3_insert_repair,4752.1053770930885,,34.90636674998677
E_CARBON_TIER1__formal_goeke80__threeshift__e2-threeshift-200c-03__alns_e2_carbon__seed3,E_CARBON_TIER1,alns_e2_carbon,alns_e2_carbon,threeshift,e2-threeshift-200c-03,3,40,137,random_customer_removal+regret3_insert_repair,native_random_customer_removal+regret3_insert_repair,4749.443327031495,,35.47102125000674
E_CARBON_TIER1__formal_goeke80__threeshift__e2-threeshift-200c-03__alns_e2_carbon__seed3,E_CARBON_TIER1,alns_e2_carbon,alns_e2_carbon,threeshift,e2-threeshift-200c-03,3,41,182,random_customer_removal+regret3_insert_repair,native_random_customer_removal+regret3_insert_repair,4747.108396223673,,46.678491792001296
E_CARBON_TIER1__formal_goeke80__threeshift__e2-threeshift-200c-03__alns_e2_carbon__seed3,E_CARBON_TIER1,alns_e2_carbon,alns_e2_carbon,threeshift,e2-threeshift-200c-03,3,42,191,random_customer_removal+regret3_insert_repair,native_random_customer_removal+regret3_insert_repair,4746.804504339073,,48.890391583991004
E_CARBON_TIER1__formal_goeke80__threeshift__e2-threeshift-200c-03__alns_e2_carbon__seed3,E_CARBON_TIER1,alns_e2_carbon,alns_e2_carbon,threeshift,e2-threeshift-200c-03,3,43,198,random_customer_removal+regret3_insert_repair,native_random_customer_removal+regret3_insert_repair,4731.797395178051,,51.40209833398694
E_CARBON_TIER1__formal_goeke80__threeshift__e2-threeshift-200c-03__alns_e2_carbon__seed3,E_CARBON_TIER1,alns_e2_carbon,alns_e2_carbon,threeshift,e2-threeshift-200c-03,3,44,222,random_customer_removal+regret3_insert_repair,native_random_customer_removal+regret3_insert_repair,4724.103330439722,,56.55290808400605
E_CARBON_TIER1__formal_goeke80__threeshift__e2-threeshift-200c-03__alns_e2_carbon__seed3,E_CARBON_TIER1,alns_e2_carbon,alns_e2_carbon,threeshift,e2-threeshift-200c-03,3,45,224,random_customer_removal+regret3_insert_repair,native_random_customer_removal+regret3_insert_repair,4724.033511087538,,57.102051208988996
E_CARBON_TIER1__formal_goeke80__threeshift__e2-threeshift-200c-03__alns_e2_carbon__seed3,E_CARBON_TIER1,alns_e2_carbon,alns_e2_carbon,threeshift,e2-threeshift-200c-03,3,46,227,random_customer_removal+regret3_insert_repair,native_random_customer_removal+regret3_insert_repair,4720.485564334029,,58.2776421669987
E_CARBON_TIER1__formal_goeke80__threeshift__e2-threeshift-200c-03__alns_e2_carbon__seed3,E_CARBON_TIER1,alns_e2_carbon,alns_e2_carbon,threeshift,e2-threeshift-200c-03,3,47,246,random_customer_removal+regret3_insert_repair,native_random_customer_removal+regret3_insert_repair,4718.81772355519,,63.343085833999794
E_CARBON_TIER1__formal_goeke80__threeshift__e2-threeshift-200c-03__alns_e2_carbon__seed3,E_CARBON_TIER1,alns_e2_carbon,alns_e2_carbon,threeshift,e2-threeshift-200c-03,3,48,322,random_customer_removal+regret3_insert_repair,native_random_customer_removal+regret3_insert_repair,4718.732655861231,,82.94461683399277
E_CARBON_TIER1__formal_goeke80__threeshift__e2-threeshift-200c-03__alns_e2_carbon__seed3,E_CARBON_TIER1,alns_e2_carbon,alns_e2_carbon,threeshift,e2-threeshift-200c-03,3,49,369,random_customer_removal+regret3_insert_repair,native_random_customer_removal+regret3_insert_repair,4716.955419523004,,95.41725329199107
E_CARBON_TIER1__formal_goeke80__threeshift__e2-threeshift-200c-03__alns_e2_carbon__seed3,E_CARBON_TIER1,alns_e2_carbon,alns_e2_carbon,threeshift,e2-threeshift-200c-03,3,50,384,random_customer_removal+regret3_insert_repair,native_random_customer_removal+regret3_insert_repair,4716.792816575708,,99.0358846669842
E_CARBON_TIER1__formal_goeke80__threeshift__e2-threeshift-200c-03__alns_e2_carbon__seed3,E_CARBON_TIER1,alns_e2_carbon,alns_e2_carbon,threeshift,e2-threeshift-200c-03,3,51,392,random_customer_removal+regret3_insert_repair,native_random_customer_removal+regret3_insert_repair,4716.7836985937265,,101.12850708400947
E_CARBON_TIER1__formal_goeke80__threeshift__e2-threeshift-200c-03__alns_e2_carbon__seed3,E_CARBON_TIER1,alns_e2_carbon,alns_e2_carbon,threeshift,e2-threeshift-200c-03,3,52,403,random_customer_removal+regret3_insert_repair,native_random_customer_removal+regret3_insert_repair,4714.4637143344635,,104.38384812499862
E_CARBON_TIER1__formal_goeke80__threeshift__e2-threeshift-200c-03__alns_e2_carbon__seed3,E_CARBON_TIER1,alns_e2_carbon,alns_e2_carbon,threeshift,e2-threeshift-200c-03,3,53,483,random_customer_removal+regret3_insert_repair,native_random_customer_removal+regret3_insert_repair,4714.168679284262,,123.49580695899203
E_CARBON_TIER1__formal_goeke80__threeshift__e2-threeshift-200c-03__alns_e2_carbon__seed3,E_CARBON_TIER1,alns_e2_carbon,alns_e2_carbon,threeshift,e2-threeshift-200c-03,3,54,484,random_customer_removal+regret3_insert_repair,native_random_customer_removal+regret3_insert_repair,4697.79041917187,,123.90683758398518
E_CARBON_TIER1__formal_goeke80__threeshift__e2-threeshift-200c-03__alns_e2_carbon__seed3,E_CARBON_TIER1,alns_e2_carbon,alns_e2_carbon,threeshift,e2-threeshift-200c-03,3,55,520,random_customer_removal+regret3_insert_repair,native_random_customer_removal+regret3_insert_repair,4697.461880908474,,131.17780841700733
E_CARBON_TIER1__formal_goeke80__threeshift__e2-threeshift-200c-03__alns_e2_carbon__seed3,E_CARBON_TIER1,alns_e2_carbon,alns_e2_carbon,threeshift,e2-threeshift-200c-03,3,56,550,random_customer_removal+regret3_insert_repair,native_random_customer_removal+regret3_insert_repair,4697.376813214515,,138.02809675000026
E_CARBON_TIER1__formal_goeke80__threeshift__e2-threeshift-200c-03__alns_e2_carbon__seed3,E_CARBON_TIER1,alns_e2_carbon,alns_e2_carbon,threeshift,e2-threeshift-200c-03,3,57,552,random_customer_removal+regret3_insert_repair,native_random_customer_removal+regret3_insert_repair,4696.650412424016,,138.8919918339816
E_CARBON_TIER1__formal_goeke80__threeshift__e2-threeshift-200c-03__alns_e2_carbon__seed3,E_CARBON_TIER1,alns_e2_carbon,alns_e2_carbon,threeshift,e2-threeshift-200c-03,3,58,561,random_customer_removal+regret3_insert_repair,native_random_customer_removal+regret3_insert_repair,4694.41441550455,,140.92835312499665
E_CARBON_TIER1__formal_goeke80__threeshift__e2-threeshift-200c-03__alns_e2_carbon__seed3,E_CARBON_TIER1,alns_e2_carbon,alns_e2_carbon,threeshift,e2-threeshift-200c-03,3,59,624,random_customer_removal+regret3_insert_repair,native_random_customer_removal+regret3_insert_repair,4694.068271381755,,154.5474062919966
E_CARBON_TIER1__formal_goeke80__threeshift__e2-threeshift-200c-03__alns_e2_carbon__seed3,E_CARBON_TIER1,alns_e2_carbon,alns_e2_carbon,threeshift,e2-threeshift-200c-03,3,60,657,random_customer_removal+regret3_insert_repair,native_random_customer_removal+regret3_insert_repair,4693.081080014228,,160.85367766700801
E_CARBON_TIER1__formal_goeke80__threeshift__e2-threeshift-200c-03__alns_e2_carbon__seed3,E_CARBON_TIER1,alns_e2_carbon,alns_e2_carbon,threeshift,e2-threeshift-200c-03,3,61,676,random_customer_removal+regret3_insert_repair,native_random_customer_removal+regret3_insert_repair,4692.5253723979395,,165.96073395898566
E_CARBON_TIER1__formal_goeke80__threeshift__e2-threeshift-200c-03__alns_e2_carbon__seed3,E_CARBON_TIER1,alns_e2_carbon,alns_e2_carbon,threeshift,e2-threeshift-200c-03,3,62,736,random_customer_removal+regret3_insert_repair,native_random_customer_removal+regret3_insert_repair,4691.814348464405,,181.65491899999324
E_CARBON_TIER1__formal_goeke80__threeshift__e2-threeshift-200c-03__alns_e2_carbon__seed3,E_CARBON_TIER1,alns_e2_carbon,alns_e2_carbon,threeshift,e2-threeshift-200c-03,3,63,803,random_customer_removal+regret3_insert_repair,native_random_customer_removal+regret3_insert_repair,4687.380861791709,,197.5620315420092
E_CARBON_TIER1__formal_goeke80__threeshift__e2-threeshift-200c-03__alns_e2_carbon__seed3,E_CARBON_TIER1,alns_e2_carbon,alns_e2_carbon,threeshift,e2-threeshift-200c-03,3,64,818,random_customer_removal+regret3_insert_repair,native_random_customer_removal+regret3_insert_repair,4684.54820918278,,201.00673575000837
E_CARBON_TIER1__formal_goeke80__threeshift__e2-threeshift-200c-03__alns_e2_carbon__seed3,E_CARBON_TIER1,alns_e2_carbon,alns_e2_carbon,threeshift,e2-threeshift-200c-03,3,65,822,random_customer_removal+regret3_insert_repair,native_random_customer_removal+regret3_insert_repair,4684.331904574879,,202.14762141698156
E_CARBON_TIER1__formal_goeke80__threeshift__e2-threeshift-200c-03__alns_e2_carbon__seed3,E_CARBON_TIER1,alns_e2_carbon,alns_e2_carbon,threeshift,e2-threeshift-200c-03,3,66,863,random_customer_removal+regret3_insert_repair,native_random_customer_removal+regret3_insert_repair,4683.5423013014015,,212.53731412498746
E_CARBON_TIER1__formal_goeke80__threeshift__e2-threeshift-200c-03__alns_e2_carbon__seed3,E_CARBON_TIER1,alns_e2_carbon,alns_e2_carbon,threeshift,e2-threeshift-200c-03,3,67,884,random_customer_removal+regret3_insert_repair,native_random_customer_removal+regret3_insert_repair,4683.196157178606,,216.95166916699964
E_CARBON_TIER1__formal_goeke80__threeshift__e2-threeshift-200c-03__alns_e2_carbon__seed3,E_CARBON_TIER1,alns_e2_carbon,alns_e2_carbon,threeshift,e2-threeshift-200c-03,3,68,887,random_customer_removal+regret3_insert_repair,native_random_customer_removal+regret3_insert_repair,4681.434176783763,,217.51184991700575
E_CARBON_TIER1__formal_goeke80__threeshift__e2-threeshift-200c-03__alns_e2_carbon__seed3,E_CARBON_TIER1,alns_e2_carbon,alns_e2_carbon,threeshift,e2-threeshift-200c-03,3,69,911,random_customer_removal+low_carbon_charging_repair,native_random_customer_removal+low_carbon_charging_repair,4681.176439486731,,224.35963799999445
E_CARBON_TIER1__formal_goeke80__threeshift__e2-threeshift-200c-03__alns_e2_carbon__seed3,E_CARBON_TIER1,alns_e2_carbon,alns_e2_carbon,threeshift,e2-threeshift-200c-03,3,70,936,whole_route_removal+regret2_insert_repair,native_whole_route_removal+regret2_insert_repair,4680.920190815993,,276.11199087498244
E_CARBON_TIER1__formal_goeke80__threeshift__e2-threeshift-200c-03__alns_e2_carbon__seed3,E_CARBON_TIER1,alns_e2_carbon,alns_e2_carbon,threeshift,e2-threeshift-200c-03,3,71,956,vehicle_type_swap+greedy_insert_repair,native_vehicle_type_swap+greedy_insert_repair,4661.3411078950385,,276.35296287498204
E_CARBON_TIER1__formal_goeke80__threeshift__e2-threeshift-200c-03__alns_e2_carbon__seed3,E_CARBON_TIER1,alns_e2_carbon,alns_e2_carbon,threeshift,e2-threeshift-200c-03,3,72,957,vehicle_type_swap+greedy_insert_repair,native_vehicle_type_swap+greedy_insert_repair,4643.132948973297,,276.3743707499816
E_CARBON_TIER1__formal_goeke80__threeshift__e2-threeshift-200c-03__alns_e2_carbon__seed3,E_CARBON_TIER1,alns_e2_carbon,alns_e2_carbon,threeshift,e2-threeshift-200c-03,3,73,958,vehicle_type_swap+greedy_insert_repair,native_vehicle_type_swap+greedy_insert_repair,4628.8883542397725,,276.39691154198954
E_CARBON_TIER1__formal_goeke80__threeshift__e2-threeshift-200c-03__alns_e2_carbon__seed3,E_CARBON_TIER1,alns_e2_carbon,alns_e2_carbon,threeshift,e2-threeshift-200c-03,3,74,959,vehicle_type_swap+greedy_insert_repair,native_vehicle_type_swap+greedy_insert_repair,4611.553410606374,,276.42016116698505
E_CARBON_TIER1__formal_goeke80__threeshift__e2-threeshift-200c-03__alns_e2_carbon__seed3,E_CARBON_TIER1,alns_e2_carbon,alns_e2_carbon,threeshift,e2-threeshift-200c-03,3,75,960,vehicle_type_swap+greedy_insert_repair,native_vehicle_type_swap+greedy_insert_repair,4594.0571711973325,,276.44441050000023
E_CARBON_TIER1__formal_goeke80__threeshift__e2-threeshift-200c-03__alns_e2_carbon__seed3,E_CARBON_TIER1,alns_e2_carbon,alns_e2_carbon,threeshift,e2-threeshift-200c-03,3,76,961,vehicle_type_swap+greedy_insert_repair,native_vehicle_type_swap+greedy_insert_repair,4579.4766687274205,,276.4705357500061
E_CARBON_TIER1__formal_goeke80__threeshift__e2-threeshift-200c-03__alns_e2_carbon__seed3,E_CARBON_TIER1,alns_e2_carbon,alns_e2_carbon,threeshift,e2-threeshift-200c-03,3,77,962,vehicle_type_swap+greedy_insert_repair,native_vehicle_type_swap+greedy_insert_repair,4565.584137481933,,276.4964233339997
E_CARBON_TIER1__formal_goeke80__threeshift__e2-threeshift-200c-03__alns_e2_carbon__seed3,E_CARBON_TIER1,alns_e2_carbon,alns_e2_carbon,threeshift,e2-threeshift-200c-03,3,78,963,vehicle_type_swap+greedy_insert_repair,native_vehicle_type_swap+greedy_insert_repair,4547.402430503169,,276.5213692089892
E_CARBON_TIER1__formal_goeke80__threeshift__e2-threeshift-200c-03__alns_e2_carbon__seed3,E_CARBON_TIER1,alns_e2_carbon,alns_e2_carbon,threeshift,e2-threeshift-200c-03,3,79,964,vehicle_type_swap+greedy_insert_repair,native_vehicle_type_swap+greedy_insert_repair,4533.529137851186,,276.5473833750002
E_CARBON_TIER1__formal_goeke80__threeshift__e2-threeshift-200c-03__alns_e2_carbon__seed3,E_CARBON_TIER1,alns_e2_carbon,alns_e2_carbon,threeshift,e2-threeshift-200c-03,3,80,965,vehicle_type_swap+greedy_insert_repair,native_vehicle_type_swap+greedy_insert_repair,4521.049811563742,,276.5736610000022
E_CARBON_TIER1__formal_goeke80__threeshift__e2-threeshift-200c-03__alns_e2_carbon__seed3,E_CARBON_TIER1,alns_e2_carbon,alns_e2_carbon,threeshift,e2-threeshift-200c-03,3,81,966,vehicle_type_swap+greedy_insert_repair,native_vehicle_type_swap+greedy_insert_repair,4509.281093569285,,276.60195199999725
E_CARBON_TIER1__formal_goeke80__threeshift__e2-threeshift-200c-03__alns_e2_carbon__seed3,E_CARBON_TIER1,alns_e2_carbon,alns_e2_carbon,threeshift,e2-threeshift-200c-03,3,82,967,vehicle_type_swap+greedy_insert_repair,native_vehicle_type_swap+greedy_insert_repair,4497.492531122652,,276.62936679198174
E_CARBON_TIER1__formal_goeke80__threeshift__e2-threeshift-200c-03__alns_e2_carbon__seed3,E_CARBON_TIER1,alns_e2_carbon,alns_e2_carbon,threeshift,e2-threeshift-200c-03,3,83,968,vehicle_type_swap+greedy_insert_repair,native_vehicle_type_swap+greedy_insert_repair,4487.227651632202,,276.65620054199826
E_CARBON_TIER1__formal_goeke80__threeshift__e2-threeshift-200c-03__alns_e2_carbon__seed3,E_CARBON_TIER1,alns_e2_carbon,alns_e2_carbon,threeshift,e2-threeshift-200c-03,3,84,969,vehicle_type_swap+greedy_insert_repair,native_vehicle_type_swap+greedy_insert_repair,4475.7559249016995,,276.6859557919961
E_CARBON_TIER1__formal_goeke80__threeshift__e2-threeshift-200c-03__alns_e2_carbon__seed3,E_CARBON_TIER1,alns_e2_carbon,alns_e2_carbon,threeshift,e2-threeshift-200c-03,3,85,970,vehicle_type_swap+greedy_insert_repair,native_vehicle_type_swap+greedy_insert_repair,4467.831954481691,,276.71706516700215
E_CARBON_TIER1__formal_goeke80__threeshift__e2-threeshift-200c-03__alns_e2_carbon__seed3,E_CARBON_TIER1,alns_e2_carbon,alns_e2_carbon,threeshift,e2-threeshift-200c-03,3,86,971,vehicle_type_swap+greedy_insert_repair,native_vehicle_type_swap+greedy_insert_repair,4461.860269002155,,276.7494394170062
E_CARBON_TIER1__formal_goeke80__threeshift__e2-threeshift-200c-03__alns_e2_carbon__seed3,E_CARBON_TIER1,alns_e2_carbon,alns_e2_carbon,threeshift,e2-threeshift-200c-03,3,87,4311,route_segment_removal+low_carbon_charging_repair,native_route_segment_removal+low_carbon_charging_repair,4461.767661071645,,895.3766384589835
E_CARBON_TIER1__formal_goeke80__threeshift__e2-threeshift-200c-03__alns_e2_carbon__seed3,E_CARBON_TIER1,alns_e2_carbon,alns_e2_carbon,threeshift,e2-threeshift-200c-03,3,88,4404,route_segment_removal+low_carbon_charging_repair,native_route_segment_removal+low_carbon_charging_repair,4461.568951662528,,896.8609109589888
E_CARBON_TIER1__formal_goeke80__threeshift__e2-threeshift-200c-03__alns_e2_carbon_ablation__seed1,E_CARBON_TIER1,alns_e2_carbon_ablation,alns_e2_carbon_ablation,threeshift,e2-threeshift-200c-03,1,0,0,shared_warm_start,shared_warm_start,6648.691898004797,,0.0005566250038100407
E_CARBON_TIER1__formal_goeke80__threeshift__e2-threeshift-200c-03__alns_e2_carbon_ablation__seed1,E_CARBON_TIER1,alns_e2_carbon_ablation,alns_e2_carbon_ablation,threeshift,e2-threeshift-200c-03,1,1,9,random_customer_removal+regret3_insert_repair,native_random_customer_removal+regret3_insert_repair,6504.310230290534,,1.8083973750035511
E_CARBON_TIER1__formal_goeke80__threeshift__e2-threeshift-200c-03__alns_e2_carbon_ablation__seed1,E_CARBON_TIER1,alns_e2_carbon_ablation,alns_e2_carbon_ablation,threeshift,e2-threeshift-200c-03,1,2,10,random_customer_removal+regret3_insert_repair,native_random_customer_removal+regret3_insert_repair,6492.890983031865,,1.87960329100315
E_CARBON_TIER1__formal_goeke80__threeshift__e2-threeshift-200c-03__alns_e2_carbon_ablation__seed1,E_CARBON_TIER1,alns_e2_carbon_ablation,alns_e2_carbon_ablation,threeshift,e2-threeshift-200c-03,1,3,11,random_customer_removal+regret3_insert_repair,native_random_customer_removal+regret3_insert_repair,6376.330101283351,,2.320049290996394
E_CARBON_TIER1__formal_goeke80__threeshift__e2-threeshift-200c-03__alns_e2_carbon_ablation__seed1,E_CARBON_TIER1,alns_e2_carbon_ablation,alns_e2_carbon_ablation,threeshift,e2-threeshift-200c-03,1,4,12,random_customer_removal+regret3_insert_repair,native_random_customer_removal+regret3_insert_repair,6347.820337885096,,2.404735082993284
E_CARBON_TIER1__formal_goeke80__threeshift__e2-threeshift-200c-03__alns_e2_carbon_ablation__seed1,E_CARBON_TIER1,alns_e2_carbon_ablation,alns_e2_carbon_ablation,threeshift,e2-threeshift-200c-03,1,5,13,random_customer_removal+regret3_insert_repair,native_random_customer_removal+regret3_insert_repair,6140.427818210607,,2.737126583000645
E_CARBON_TIER1__formal_goeke80__threeshift__e2-threeshift-200c-03__alns_e2_carbon_ablation__seed1,E_CARBON_TIER1,alns_e2_carbon_ablation,alns_e2_carbon_ablation,threeshift,e2-threeshift-200c-03,1,6,14,random_customer_removal+regret3_insert_repair,native_random_customer_removal+regret3_insert_repair,6093.325321117196,,2.874370999998064
E_CARBON_TIER1__formal_goeke80__threeshift__e2-threeshift-200c-03__alns_e2_carbon_ablation__seed1,E_CARBON_TIER1,alns_e2_carbon_ablation,alns_e2_carbon_ablation,threeshift,e2-threeshift-200c-03,1,7,15,random_customer_removal+regret3_insert_repair,native_random_customer_removal+regret3_insert_repair,6028.893832731674,,3.210234500002116
E_CARBON_TIER1__formal_goeke80__threeshift__e2-threeshift-200c-03__alns_e2_carbon_ablation__seed1,E_CARBON_TIER1,alns_e2_carbon_ablation,alns_e2_carbon_ablation,threeshift,e2-threeshift-200c-03,1,8,19,random_customer_removal+regret3_insert_repair,native_random_customer_removal+regret3_insert_repair,5966.917658930364,,4.190202458004933
E_CARBON_TIER1__formal_goeke80__threeshift__e2-threeshift-200c-03__alns_e2_carbon_ablation__seed1,E_CARBON_TIER1,alns_e2_carbon_ablation,alns_e2_carbon_ablation,threeshift,e2-threeshift-200c-03,1,9,20,random_customer_removal+regret3_insert_repair,native_random_customer_removal+regret3_insert_repair,5901.529740576309,,4.5838793750008335
E_CARBON_TIER1__formal_goeke80__threeshift__e2-threeshift-200c-03__alns_e2_carbon_ablation__seed1,E_CARBON_TIER1,alns_e2_carbon_ablation,alns_e2_carbon_ablation,threeshift,e2-threeshift-200c-03,1,10,21,random_customer_removal+regret3_insert_repair,native_random_customer_removal+regret3_insert_repair,5874.924579054014,,5.1631616660015425
E_CARBON_TIER1__formal_goeke80__threeshift__e2-threeshift-200c-03__alns_e2_carbon_ablation__seed1,E_CARBON_TIER1,alns_e2_carbon_ablation,alns_e2_carbon_ablation,threeshift,e2-threeshift-200c-03,1,11,22,random_customer_removal+regret3_insert_repair,native_random_customer_removal+regret3_insert_repair,5744.953391932272,,5.597717500000726
E_CARBON_TIER1__formal_goeke80__threeshift__e2-threeshift-200c-03__alns_e2_carbon_ablation__seed1,E_CARBON_TIER1,alns_e2_carbon_ablation,alns_e2_carbon_ablation,threeshift,e2-threeshift-200c-03,1,12,25,random_customer_removal+regret3_insert_repair,native_random_customer_removal+regret3_insert_repair,5730.244474193763,,6.481872165997629
E_CARBON_TIER1__formal_goeke80__threeshift__e2-threeshift-200c-03__alns_e2_carbon_ablation__seed1,E_CARBON_TIER1,alns_e2_carbon_ablation,alns_e2_carbon_ablation,threeshift,e2-threeshift-200c-03,1,13,27,random_customer_removal+regret3_insert_repair,native_random_customer_removal+regret3_insert_repair,5604.548689011994,,7.4681711250013905
E_CARBON_TIER1__formal_goeke80__threeshift__e2-threeshift-200c-03__alns_e2_carbon_ablation__seed1,E_CARBON_TIER1,alns_e2_carbon_ablation,alns_e2_carbon_ablation,threeshift,e2-threeshift-200c-03,1,14,28,random_customer_removal+regret3_insert_repair,native_random_customer_removal+regret3_insert_repair,5491.775333923242,,7.552811083005508
E_CARBON_TIER1__formal_goeke80__threeshift__e2-threeshift-200c-03__alns_e2_carbon_ablation__seed1,E_CARBON_TIER1,alns_e2_carbon_ablation,alns_e2_carbon_ablation,threeshift,e2-threeshift-200c-03,1,15,30,random_customer_removal+regret3_insert_repair,native_random_customer_removal+regret3_insert_repair,5423.9868668918425,,8.596227957998053
E_CARBON_TIER1__formal_goeke80__threeshift__e2-threeshift-200c-03__alns_e2_carbon_ablation__seed1,E_CARBON_TIER1,alns_e2_carbon_ablation,alns_e2_carbon_ablation,threeshift,e2-threeshift-200c-03,1,16,36,random_customer_removal+regret3_insert_repair,native_random_customer_removal+regret3_insert_repair,5356.110582421162,,9.71410233300412
E_CARBON_TIER1__formal_goeke80__threeshift__e2-threeshift-200c-03__alns_e2_carbon_ablation__seed1,E_CARBON_TIER1,alns_e2_carbon_ablation,alns_e2_carbon_ablation,threeshift,e2-threeshift-200c-03,1,17,47,random_customer_removal+regret3_insert_repair,native_random_customer_removal+regret3_insert_repair,5310.784265263206,,12.23558024999511
E_CARBON_TIER1__formal_goeke80__threeshift__e2-threeshift-200c-03__alns_e2_carbon_ablation__seed1,E_CARBON_TIER1,alns_e2_carbon_ablation,alns_e2_carbon_ablation,threeshift,e2-threeshift-200c-03,1,18,48,random_customer_removal+regret3_insert_repair,native_random_customer_removal+regret3_insert_repair,5285.263763810662,,12.376947707991349
E_CARBON_TIER1__formal_goeke80__threeshift__e2-threeshift-200c-03__alns_e2_carbon_ablation__seed1,E_CARBON_TIER1,alns_e2_carbon_ablation,alns_e2_carbon_ablation,threeshift,e2-threeshift-200c-03,1,19,50,random_customer_removal+regret3_insert_repair,native_random_customer_removal+regret3_insert_repair,5219.887304107385,,12.941501624998637
E_CARBON_TIER1__formal_goeke80__threeshift__e2-threeshift-200c-03__alns_e2_carbon_ablation__seed1,E_CARBON_TIER1,alns_e2_carbon_ablation,alns_e2_carbon_ablation,threeshift,e2-threeshift-200c-03,1,20,51,random_customer_removal+regret3_insert_repair,native_random_customer_removal+regret3_insert_repair,5209.661144071828,,13.1122583749966
E_CARBON_TIER1__formal_goeke80__threeshift__e2-threeshift-200c-03__alns_e2_carbon_ablation__seed1,E_CARBON_TIER1,alns_e2_carbon_ablation,alns_e2_carbon_ablation,threeshift,e2-threeshift-200c-03,1,21,54,random_customer_removal+regret3_insert_repair,native_random_customer_removal+regret3_insert_repair,5199.475023208517,,14.468066207991797
E_CARBON_TIER1__formal_goeke80__threeshift__e2-threeshift-200c-03__alns_e2_carbon_ablation__seed1,E_CARBON_TIER1,alns_e2_carbon_ablation,alns_e2_carbon_ablation,threeshift,e2-threeshift-200c-03,1,22,58,random_customer_removal+regret3_insert_repair,native_random_customer_removal+regret3_insert_repair,5194.628934839657,,15.278025249994243
E_CARBON_TIER1__formal_goeke80__threeshift__e2-threeshift-200c-03__alns_e2_carbon_ablation__seed1,E_CARBON_TIER1,alns_e2_carbon_ablation,alns_e2_carbon_ablation,threeshift,e2-threeshift-200c-03,1,23,64,random_customer_removal+regret3_insert_repair,native_random_customer_removal+regret3_insert_repair,5129.532499201948,,16.720685249994858
E_CARBON_TIER1__formal_goeke80__threeshift__e2-threeshift-200c-03__alns_e2_carbon_ablation__seed1,E_CARBON_TIER1,alns_e2_carbon_ablation,alns_e2_carbon_ablation,threeshift,e2-threeshift-200c-03,1,24,87,random_customer_removal+regret3_insert_repair,native_random_customer_removal+regret3_insert_repair,5120.01197244802,,21.785883249991457
E_CARBON_TIER1__formal_goeke80__threeshift__e2-threeshift-200c-03__alns_e2_carbon_ablation__seed1,E_CARBON_TIER1,alns_e2_carbon_ablation,alns_e2_carbon_ablation,threeshift,e2-threeshift-200c-03,1,25,91,random_customer_removal+regret3_insert_repair,native_random_customer_removal+regret3_insert_repair,5116.519402164851,,22.85422633300186
E_CARBON_TIER1__formal_goeke80__threeshift__e2-threeshift-200c-03__alns_e2_carbon_ablation__seed1,E_CARBON_TIER1,alns_e2_carbon_ablation,alns_e2_carbon_ablation,threeshift,e2-threeshift-200c-03,1,26,94,random_customer_removal+regret3_insert_repair,native_random_customer_removal+regret3_insert_repair,5067.183378133673,,23.929418750005425
E_CARBON_TIER1__formal_goeke80__threeshift__e2-threeshift-200c-03__alns_e2_carbon_ablation__seed1,E_CARBON_TIER1,alns_e2_carbon_ablation,alns_e2_carbon_ablation,threeshift,e2-threeshift-200c-03,1,27,100,random_customer_removal+regret3_insert_repair,native_random_customer_removal+regret3_insert_repair,4998.127781774283,,25.956462250003824
E_CARBON_TIER1__formal_goeke80__threeshift__e2-threeshift-200c-03__alns_e2_carbon_ablation__seed1,E_CARBON_TIER1,alns_e2_carbon_ablation,alns_e2_carbon_ablation,threeshift,e2-threeshift-200c-03,1,28,101,random_customer_removal+regret3_insert_repair,native_random_customer_removal+regret3_insert_repair,4996.677578568309,,26.03123733299435
E_CARBON_TIER1__formal_goeke80__threeshift__e2-threeshift-200c-03__alns_e2_carbon_ablation__seed1,E_CARBON_TIER1,alns_e2_carbon_ablation,alns_e2_carbon_ablation,threeshift,e2-threeshift-200c-03,1,29,110,random_customer_removal+regret3_insert_repair,native_random_customer_removal+regret3_insert_repair,4994.815752381881,,27.685811250004917
E_CARBON_TIER1__formal_goeke80__threeshift__e2-threeshift-200c-03__alns_e2_carbon_ablation__seed1,E_CARBON_TIER1,alns_e2_carbon_ablation,alns_e2_carbon_ablation,threeshift,e2-threeshift-200c-03,1,30,111,random_customer_removal+regret3_insert_repair,native_random_customer_removal+regret3_insert_repair,4974.576968153395,,28.01494870800525
E_CARBON_TIER1__formal_goeke80__threeshift__e2-threeshift-200c-03__alns_e2_carbon_ablation__seed1,E_CARBON_TIER1,alns_e2_carbon_ablation,alns_e2_carbon_ablation,threeshift,e2-threeshift-200c-03,1,31,116,random_customer_removal+regret3_insert_repair,native_random_customer_removal+regret3_insert_repair,4954.389310650801,,29.105269124993356
E_CARBON_TIER1__formal_goeke80__threeshift__e2-threeshift-200c-03__alns_e2_carbon_ablation__seed1,E_CARBON_TIER1,alns_e2_carbon_ablation,alns_e2_carbon_ablation,threeshift,e2-threeshift-200c-03,1,32,120,random_customer_removal+regret3_insert_repair,native_random_customer_removal+regret3_insert_repair,4938.904390643351,,30.64367108300212
E_CARBON_TIER1__formal_goeke80__threeshift__e2-threeshift-200c-03__alns_e2_carbon_ablation__seed1,E_CARBON_TIER1,alns_e2_carbon_ablation,alns_e2_carbon_ablation,threeshift,e2-threeshift-200c-03,1,33,121,random_customer_removal+regret3_insert_repair,native_random_customer_removal+regret3_insert_repair,4927.402608470307,,30.90933108299214
E_CARBON_TIER1__formal_goeke80__threeshift__e2-threeshift-200c-03__alns_e2_carbon_ablation__seed1,E_CARBON_TIER1,alns_e2_carbon_ablation,alns_e2_carbon_ablation,threeshift,e2-threeshift-200c-03,1,34,126,random_customer_removal+regret3_insert_repair,native_random_customer_removal+regret3_insert_repair,4916.700498134746,,32.698780666003586
E_CARBON_TIER1__formal_goeke80__threeshift__e2-threeshift-200c-03__alns_e2_carbon_ablation__seed1,E_CARBON_TIER1,alns_e2_carbon_ablation,alns_e2_carbon_ablation,threeshift,e2-threeshift-200c-03,1,35,128,random_customer_removal+regret3_insert_repair,native_random_customer_removal+regret3_insert_repair,4915.5737565206855,,33.08894400000281
E_CARBON_TIER1__formal_goeke80__threeshift__e2-threeshift-200c-03__alns_e2_carbon_ablation__seed1,E_CARBON_TIER1,alns_e2_carbon_ablation,alns_e2_carbon_ablation,threeshift,e2-threeshift-200c-03,1,36,129,random_customer_removal+regret3_insert_repair,native_random_customer_removal+regret3_insert_repair,4915.404326350061,,33.2271813749976
E_CARBON_TIER1__formal_goeke80__threeshift__e2-threeshift-200c-03__alns_e2_carbon_ablation__seed1,E_CARBON_TIER1,alns_e2_carbon_ablation,alns_e2_carbon_ablation,threeshift,e2-threeshift-200c-03,1,37,150,random_customer_removal+regret3_insert_repair,native_random_customer_removal+regret3_insert_repair,4899.122758296972,,39.592229665999184
E_CARBON_TIER1__formal_goeke80__threeshift__e2-threeshift-200c-03__alns_e2_carbon_ablation__seed1,E_CARBON_TIER1,alns_e2_carbon_ablation,alns_e2_carbon_ablation,threeshift,e2-threeshift-200c-03,1,38,153,random_customer_removal+regret3_insert_repair,native_random_customer_removal+regret3_insert_repair,4866.781795285751,,40.58726291600033
E_CARBON_TIER1__formal_goeke80__threeshift__e2-threeshift-200c-03__alns_e2_carbon_ablation__seed1,E_CARBON_TIER1,alns_e2_carbon_ablation,alns_e2_carbon_ablation,threeshift,e2-threeshift-200c-03,1,39,157,random_customer_removal+regret3_insert_repair,native_random_customer_removal+regret3_insert_repair,4866.544724989417,,41.28899037500378
E_CARBON_TIER1__formal_goeke80__threeshift__e2-threeshift-200c-03__alns_e2_carbon_ablation__seed1,E_CARBON_TIER1,alns_e2_carbon_ablation,alns_e2_carbon_ablation,threeshift,e2-threeshift-200c-03,1,40,158,random_customer_removal+regret3_insert_repair,native_random_customer_removal+regret3_insert_repair,4866.221742159128,,41.35392920799495
E_CARBON_TIER1__formal_goeke80__threeshift__e2-threeshift-200c-03__alns_e2_carbon_ablation__seed1,E_CARBON_TIER1,alns_e2_carbon_ablation,alns_e2_carbon_ablation,threeshift,e2-threeshift-200c-03,1,41,165,random_customer_removal+regret3_insert_repair,native_random_customer_removal+regret3_insert_repair,4861.344786256989,,43.066585708002094
E_CARBON_TIER1__formal_goeke80__threeshift__e2-threeshift-200c-03__alns_e2_carbon_ablation__seed1,E_CARBON_TIER1,alns_e2_carbon_ablation,alns_e2_carbon_ablation,threeshift,e2-threeshift-200c-03,1,42,168,random_customer_removal+regret3_insert_repair,native_random_customer_removal+regret3_insert_repair,4859.187250960081,,43.77224420799757
E_CARBON_TIER1__formal_goeke80__threeshift__e2-threeshift-200c-03__alns_e2_carbon_ablation__seed1,E_CARBON_TIER1,alns_e2_carbon_ablation,alns_e2_carbon_ablation,threeshift,e2-threeshift-200c-03,1,43,171,random_customer_removal+regret3_insert_repair,native_random_customer_removal+regret3_insert_repair,4852.704311505322,,44.78043450000405
E_CARBON_TIER1__formal_goeke80__threeshift__e2-threeshift-200c-03__alns_e2_carbon_ablation__seed1,E_CARBON_TIER1,alns_e2_carbon_ablation,alns_e2_carbon_ablation,threeshift,e2-threeshift-200c-03,1,44,190,random_customer_removal+regret3_insert_repair,native_random_customer_removal+regret3_insert_repair,4852.601950135658,,49.02521112500108
E_CARBON_TIER1__formal_goeke80__threeshift__e2-threeshift-200c-03__alns_e2_carbon_ablation__seed1,E_CARBON_TIER1,alns_e2_carbon_ablation,alns_e2_carbon_ablation,threeshift,e2-threeshift-200c-03,1,45,200,random_customer_removal+regret3_insert_repair,native_random_customer_removal+regret3_insert_repair,4786.881947089884,,51.045756874998915
E_CARBON_TIER1__formal_goeke80__threeshift__e2-threeshift-200c-03__alns_e2_carbon_ablation__seed1,E_CARBON_TIER1,alns_e2_carbon_ablation,alns_e2_carbon_ablation,threeshift,e2-threeshift-200c-03,1,46,202,random_customer_removal+regret3_insert_repair,native_random_customer_removal+regret3_insert_repair,4785.344469033294,,51.44009983299475
E_CARBON_TIER1__formal_goeke80__threeshift__e2-threeshift-200c-03__alns_e2_carbon_ablation__seed1,E_CARBON_TIER1,alns_e2_carbon_ablation,alns_e2_carbon_ablation,threeshift,e2-threeshift-200c-03,1,47,203,random_customer_removal+regret3_insert_repair,native_random_customer_removal+regret3_insert_repair,4784.938805091664,,51.48991562500305
E_CARBON_TIER1__formal_goeke80__threeshift__e2-threeshift-200c-03__alns_e2_carbon_ablation__seed1,E_CARBON_TIER1,alns_e2_carbon_ablation,alns_e2_carbon_ablation,threeshift,e2-threeshift-200c-03,1,48,204,random_customer_removal+regret3_insert_repair,native_random_customer_removal+regret3_insert_repair,4773.128668299253,,51.59544541599462
E_CARBON_TIER1__formal_goeke80__threeshift__e2-threeshift-200c-03__alns_e2_carbon_ablation__seed1,E_CARBON_TIER1,alns_e2_carbon_ablation,alns_e2_carbon_ablation,threeshift,e2-threeshift-200c-03,1,49,208,random_customer_removal+regret3_insert_repair,native_random_customer_removal+regret3_insert_repair,4772.842783100818,,52.46278462499322
E_CARBON_TIER1__formal_goeke80__threeshift__e2-threeshift-200c-03__alns_e2_carbon_ablation__seed1,E_CARBON_TIER1,alns_e2_carbon_ablation,alns_e2_carbon_ablation,threeshift,e2-threeshift-200c-03,1,50,212,random_customer_removal+regret3_insert_repair,native_random_customer_removal+regret3_insert_repair,4771.935250687448,,53.28519408300053
E_CARBON_TIER1__formal_goeke80__threeshift__e2-threeshift-200c-03__alns_e2_carbon_ablation__seed1,E_CARBON_TIER1,alns_e2_carbon_ablation,alns_e2_carbon_ablation,threeshift,e2-threeshift-200c-03,1,51,219,random_customer_removal+regret3_insert_repair,native_random_customer_removal+regret3_insert_repair,4768.39820968708,,54.73200383299263
E_CARBON_TIER1__formal_goeke80__threeshift__e2-threeshift-200c-03__alns_e2_carbon_ablation__seed1,E_CARBON_TIER1,alns_e2_carbon_ablation,alns_e2_carbon_ablation,threeshift,e2-threeshift-200c-03,1,52,220,random_customer_removal+regret3_insert_repair,native_random_customer_removal+regret3_insert_repair,4764.437402343204,,54.869273457996314
E_CARBON_TIER1__formal_goeke80__threeshift__e2-threeshift-200c-03__alns_e2_carbon_ablation__seed1,E_CARBON_TIER1,alns_e2_carbon_ablation,alns_e2_carbon_ablation,threeshift,e2-threeshift-200c-03,1,53,227,random_customer_removal+regret3_insert_repair,native_random_customer_removal+regret3_insert_repair,4761.1726401365995,,56.71615262499836
E_CARBON_TIER1__formal_goeke80__threeshift__e2-threeshift-200c-03__alns_e2_carbon_ablation__seed1,E_CARBON_TIER1,alns_e2_carbon_ablation,alns_e2_carbon_ablation,threeshift,e2-threeshift-200c-03,1,54,230,random_customer_removal+regret3_insert_repair,native_random_customer_removal+regret3_insert_repair,4756.199109051022,,57.73098308300541
E_CARBON_TIER1__formal_goeke80__threeshift__e2-threeshift-200c-03__alns_e2_carbon_ablation__seed1,E_CARBON_TIER1,alns_e2_carbon_ablation,alns_e2_carbon_ablation,threeshift,e2-threeshift-200c-03,1,55,236,random_customer_removal+regret3_insert_repair,native_random_customer_removal+regret3_insert_repair,4756.088516535659,,59.13030741599505
E_CARBON_TIER1__formal_goeke80__threeshift__e2-threeshift-200c-03__alns_e2_carbon_ablation__seed1,E_CARBON_TIER1,alns_e2_carbon_ablation,alns_e2_carbon_ablation,threeshift,e2-threeshift-200c-03,1,56,254,random_customer_removal+regret3_insert_repair,native_random_customer_removal+regret3_insert_repair,4751.531487382154,,64.59130724999704
E_CARBON_TIER1__formal_goeke80__threeshift__e2-threeshift-200c-03__alns_e2_carbon_ablation__seed1,E_CARBON_TIER1,alns_e2_carbon_ablation,alns_e2_carbon_ablation,threeshift,e2-threeshift-200c-03,1,57,265,random_customer_removal+regret3_insert_repair,native_random_customer_removal+regret3_insert_repair,4737.191546719379,,69.11199854100414
E_CARBON_TIER1__formal_goeke80__threeshift__e2-threeshift-200c-03__alns_e2_carbon_ablation__seed1,E_CARBON_TIER1,alns_e2_carbon_ablation,alns_e2_carbon_ablation,threeshift,e2-threeshift-200c-03,1,58,266,random_customer_removal+regret3_insert_repair,native_random_customer_removal+regret3_insert_repair,4736.463750662416,,69.31265812499623
E_CARBON_TIER1__formal_goeke80__threeshift__e2-threeshift-200c-03__alns_e2_carbon_ablation__seed1,E_CARBON_TIER1,alns_e2_carbon_ablation,alns_e2_carbon_ablation,threeshift,e2-threeshift-200c-03,1,59,273,random_customer_removal+regret3_insert_repair,native_random_customer_removal+regret3_insert_repair,4735.206208978095,,70.338455582998
E_CARBON_TIER1__formal_goeke80__threeshift__e2-threeshift-200c-03__alns_e2_carbon_ablation__seed1,E_CARBON_TIER1,alns_e2_carbon_ablation,alns_e2_carbon_ablation,threeshift,e2-threeshift-200c-03,1,60,288,random_customer_removal+regret3_insert_repair,native_random_customer_removal+regret3_insert_repair,4735.18394430288,,74.48226483300095
E_CARBON_TIER1__formal_goeke80__threeshift__e2-threeshift-200c-03__alns_e2_carbon_ablation__seed1,E_CARBON_TIER1,alns_e2_carbon_ablation,alns_e2_carbon_ablation,threeshift,e2-threeshift-200c-03,1,61,296,random_customer_removal+regret3_insert_repair,native_random_customer_removal+regret3_insert_repair,4729.198865066243,,76.39991312500206
E_CARBON_TIER1__formal_goeke80__threeshift__e2-threeshift-200c-03__alns_e2_carbon_ablation__seed1,E_CARBON_TIER1,alns_e2_carbon_ablation,alns_e2_carbon_ablation,threeshift,e2-threeshift-200c-03,1,62,302,random_customer_removal+regret3_insert_repair,native_random_customer_removal+regret3_insert_repair,4725.520835300704,,78.4879435000039
E_CARBON_TIER1__formal_goeke80__threeshift__e2-threeshift-200c-03__alns_e2_carbon_ablation__seed1,E_CARBON_TIER1,alns_e2_carbon_ablation,alns_e2_carbon_ablation,threeshift,e2-threeshift-200c-03,1,63,307,random_customer_removal+regret3_insert_repair,native_random_customer_removal+regret3_insert_repair,4725.398558921586,,79.04743762500584
E_CARBON_TIER1__formal_goeke80__threeshift__e2-threeshift-200c-03__alns_e2_carbon_ablation__seed1,E_CARBON_TIER1,alns_e2_carbon_ablation,alns_e2_carbon_ablation,threeshift,e2-threeshift-200c-03,1,64,312,random_customer_removal+regret3_insert_repair,native_random_customer_removal+regret3_insert_repair,4724.961597908244,,80.34417608300282
E_CARBON_TIER1__formal_goeke80__threeshift__e2-threeshift-200c-03__alns_e2_carbon_ablation__seed1,E_CARBON_TIER1,alns_e2_carbon_ablation,alns_e2_carbon_ablation,threeshift,e2-threeshift-200c-03,1,65,378,random_customer_removal+regret3_insert_repair,native_random_customer_removal+regret3_insert_repair,4724.864269267618,,96.86275770800421
E_CARBON_TIER1__formal_goeke80__threeshift__e2-threeshift-200c-03__alns_e2_carbon_ablation__seed1,E_CARBON_TIER1,alns_e2_carbon_ablation,alns_e2_carbon_ablation,threeshift,e2-threeshift-200c-03,1,66,379,random_customer_removal+regret3_insert_repair,native_random_customer_removal+regret3_insert_repair,4723.933639072338,,97.02127024999936
E_CARBON_TIER1__formal_goeke80__threeshift__e2-threeshift-200c-03__alns_e2_carbon_ablation__seed1,E_CARBON_TIER1,alns_e2_carbon_ablation,alns_e2_carbon_ablation,threeshift,e2-threeshift-200c-03,1,67,433,random_customer_removal+regret3_insert_repair,native_random_customer_removal+regret3_insert_repair,4723.811362693222,,110.97055183300108
E_CARBON_TIER1__formal_goeke80__threeshift__e2-threeshift-200c-03__alns_e2_carbon_ablation__seed1,E_CARBON_TIER1,alns_e2_carbon_ablation,alns_e2_carbon_ablation,threeshift,e2-threeshift-200c-03,1,68,458,random_customer_removal+regret3_insert_repair,native_random_customer_removal+regret3_insert_repair,4719.29996383242,,117.16299204100505
E_CARBON_TIER1__formal_goeke80__threeshift__e2-threeshift-200c-03__alns_e2_carbon_ablation__seed1,E_CARBON_TIER1,alns_e2_carbon_ablation,alns_e2_carbon_ablation,threeshift,e2-threeshift-200c-03,1,69,467,random_customer_removal+regret3_insert_repair,native_random_customer_removal+regret3_insert_repair,4718.442548214607,,119.30782216599619
E_CARBON_TIER1__formal_goeke80__threeshift__e2-threeshift-200c-03__alns_e2_carbon_ablation__seed1,E_CARBON_TIER1,alns_e2_carbon_ablation,alns_e2_carbon_ablation,threeshift,e2-threeshift-200c-03,1,70,491,random_customer_removal+regret3_insert_repair,native_random_customer_removal+regret3_insert_repair,4717.472877639388,,126.27740933299356
E_CARBON_TIER1__formal_goeke80__threeshift__e2-threeshift-200c-03__alns_e2_carbon_ablation__seed1,E_CARBON_TIER1,alns_e2_carbon_ablation,alns_e2_carbon_ablation,threeshift,e2-threeshift-200c-03,1,71,493,random_customer_removal+regret3_insert_repair,native_random_customer_removal+regret3_insert_repair,4716.593291988949,,126.70100437500514
E_CARBON_TIER1__formal_goeke80__threeshift__e2-threeshift-200c-03__alns_e2_carbon_ablation__seed1,E_CARBON_TIER1,alns_e2_carbon_ablation,alns_e2_carbon_ablation,threeshift,e2-threeshift-200c-03,1,72,494,random_customer_removal+regret3_insert_repair,native_random_customer_removal+regret3_insert_repair,4714.489612828948,,126.77476895799919
E_CARBON_TIER1__formal_goeke80__threeshift__e2-threeshift-200c-03__alns_e2_carbon_ablation__seed1,E_CARBON_TIER1,alns_e2_carbon_ablation,alns_e2_carbon_ablation,threeshift,e2-threeshift-200c-03,1,73,502,random_customer_removal+regret3_insert_repair,native_random_customer_removal+regret3_insert_repair,4713.935275353981,,129.2100499579974
E_CARBON_TIER1__formal_goeke80__threeshift__e2-threeshift-200c-03__alns_e2_carbon_ablation__seed1,E_CARBON_TIER1,alns_e2_carbon_ablation,alns_e2_carbon_ablation,threeshift,e2-threeshift-200c-03,1,74,517,random_customer_removal+regret3_insert_repair,native_random_customer_removal+regret3_insert_repair,4713.774409463763,,132.51908066599572
E_CARBON_TIER1__formal_goeke80__threeshift__e2-threeshift-200c-03__alns_e2_carbon_ablation__seed1,E_CARBON_TIER1,alns_e2_carbon_ablation,alns_e2_carbon_ablation,threeshift,e2-threeshift-200c-03,1,75,555,random_customer_removal+regret3_insert_repair,native_random_customer_removal+regret3_insert_repair,4711.84978974635,,141.0018914579996
E_CARBON_TIER1__formal_goeke80__threeshift__e2-threeshift-200c-03__alns_e2_carbon_ablation__seed1,E_CARBON_TIER1,alns_e2_carbon_ablation,alns_e2_carbon_ablation,threeshift,e2-threeshift-200c-03,1,76,573,random_customer_removal+regret3_insert_repair,native_random_customer_removal+regret3_insert_repair,4707.132433072039,,145.3928221660026
E_CARBON_TIER1__formal_goeke80__threeshift__e2-threeshift-200c-03__alns_e2_carbon_ablation__seed1,E_CARBON_TIER1,alns_e2_carbon_ablation,alns_e2_carbon_ablation,threeshift,e2-threeshift-200c-03,1,77,780,random_customer_removal+regret3_insert_repair,native_random_customer_removal+regret3_insert_repair,4705.767997152844,,193.98869529100193
E_CARBON_TIER1__formal_goeke80__threeshift__e2-threeshift-200c-03__alns_e2_carbon_ablation__seed1,E_CARBON_TIER1,alns_e2_carbon_ablation,alns_e2_carbon_ablation,threeshift,e2-threeshift-200c-03,1,78,836,random_customer_removal+regret3_insert_repair,native_random_customer_removal+regret3_insert_repair,4702.789313121933,,208.45141466599307
E_CARBON_TIER1__formal_goeke80__threeshift__e2-threeshift-200c-03__alns_e2_carbon_ablation__seed1,E_CARBON_TIER1,alns_e2_carbon_ablation,alns_e2_carbon_ablation,threeshift,e2-threeshift-200c-03,1,79,1071,vehicle_type_swap+greedy_insert_repair,native_vehicle_type_swap+greedy_insert_repair,4682.566242547472,,264.4267962909944
E_CARBON_TIER1__formal_goeke80__threeshift__e2-threeshift-200c-03__alns_e2_carbon_ablation__seed1,E_CARBON_TIER1,alns_e2_carbon_ablation,alns_e2_carbon_ablation,threeshift,e2-threeshift-200c-03,1,80,1072,vehicle_type_swap+greedy_insert_repair,native_vehicle_type_swap+greedy_insert_repair,4662.824558031856,,264.45059658300306
E_CARBON_TIER1__formal_goeke80__threeshift__e2-threeshift-200c-03__alns_e2_carbon_ablation__seed1,E_CARBON_TIER1,alns_e2_carbon_ablation,alns_e2_carbon_ablation,threeshift,e2-threeshift-200c-03,1,81,1073,vehicle_type_swap+greedy_insert_repair,native_vehicle_type_swap+greedy_insert_repair,4643.462563150684,,264.47946562500147
E_CARBON_TIER1__formal_goeke80__threeshift__e2-threeshift-200c-03__alns_e2_carbon_ablation__seed1,E_CARBON_TIER1,alns_e2_carbon_ablation,alns_e2_carbon_ablation,threeshift,e2-threeshift-200c-03,1,82,1074,vehicle_type_swap+greedy_insert_repair,native_vehicle_type_swap+greedy_insert_repair,4622.027355068209,,264.50023670800147
E_CARBON_TIER1__formal_goeke80__threeshift__e2-threeshift-200c-03__alns_e2_carbon_ablation__seed1,E_CARBON_TIER1,alns_e2_carbon_ablation,alns_e2_carbon_ablation,threeshift,e2-threeshift-200c-03,1,83,1075,vehicle_type_swap+greedy_insert_repair,native_vehicle_type_swap+greedy_insert_repair,4605.096265216508,,264.52373849999276
E_CARBON_TIER1__formal_goeke80__threeshift__e2-threeshift-200c-03__alns_e2_carbon_ablation__seed1,E_CARBON_TIER1,alns_e2_carbon_ablation,alns_e2_carbon_ablation,threeshift,e2-threeshift-200c-03,1,84,1076,vehicle_type_swap+greedy_insert_repair,native_vehicle_type_swap+greedy_insert_repair,4589.662785271039,,264.5497960829962
E_CARBON_TIER1__formal_goeke80__threeshift__e2-threeshift-200c-03__alns_e2_carbon_ablation__seed1,E_CARBON_TIER1,alns_e2_carbon_ablation,alns_e2_carbon_ablation,threeshift,e2-threeshift-200c-03,1,85,1077,vehicle_type_swap+greedy_insert_repair,native_vehicle_type_swap+greedy_insert_repair,4574.266819986534,,264.578869666002
E_CARBON_TIER1__formal_goeke80__threeshift__e2-threeshift-200c-03__alns_e2_carbon_ablation__seed1,E_CARBON_TIER1,alns_e2_carbon_ablation,alns_e2_carbon_ablation,threeshift,e2-threeshift-200c-03,1,86,1078,vehicle_type_swap+greedy_insert_repair,native_vehicle_type_swap+greedy_insert_repair,4557.784903903974,,264.60867791599594
E_CARBON_TIER1__formal_goeke80__threeshift__e2-threeshift-200c-03__alns_e2_carbon_ablation__seed1,E_CARBON_TIER1,alns_e2_carbon_ablation,alns_e2_carbon_ablation,threeshift,e2-threeshift-200c-03,1,87,1079,vehicle_type_swap+greedy_insert_repair,native_vehicle_type_swap+greedy_insert_repair,4543.325027813418,,264.63854712499597
E_CARBON_TIER1__formal_goeke80__threeshift__e2-threeshift-200c-03__alns_e2_carbon_ablation__seed1,E_CARBON_TIER1,alns_e2_carbon_ablation,alns_e2_carbon_ablation,threeshift,e2-threeshift-200c-03,1,88,1080,vehicle_type_swap+greedy_insert_repair,native_vehicle_type_swap+greedy_insert_repair,4527.38481000691,,264.6662578329997
E_CARBON_TIER1__formal_goeke80__threeshift__e2-threeshift-200c-03__alns_e2_carbon_ablation__seed1,E_CARBON_TIER1,alns_e2_carbon_ablation,alns_e2_carbon_ablation,threeshift,e2-threeshift-200c-03,1,89,1081,vehicle_type_swap+greedy_insert_repair,native_vehicle_type_swap+greedy_insert_repair,4513.047382559769,,264.69546704100503
E_CARBON_TIER1__formal_goeke80__threeshift__e2-threeshift-200c-03__alns_e2_carbon_ablation__seed1,E_CARBON_TIER1,alns_e2_carbon_ablation,alns_e2_carbon_ablation,threeshift,e2-threeshift-200c-03,1,90,1082,vehicle_type_swap+greedy_insert_repair,native_vehicle_type_swap+greedy_insert_repair,4502.023267857825,,264.7255830829963
E_CARBON_TIER1__formal_goeke80__threeshift__e2-threeshift-200c-03__alns_e2_carbon_ablation__seed1,E_CARBON_TIER1,alns_e2_carbon_ablation,alns_e2_carbon_ablation,threeshift,e2-threeshift-200c-03,1,91,1083,vehicle_type_swap+greedy_insert_repair,native_vehicle_type_swap+greedy_insert_repair,4489.254396983662,,264.75286808300007
E_CARBON_TIER1__formal_goeke80__threeshift__e2-threeshift-200c-03__alns_e2_carbon_ablation__seed1,E_CARBON_TIER1,alns_e2_carbon_ablation,alns_e2_carbon_ablation,threeshift,e2-threeshift-200c-03,1,92,1084,vehicle_type_swap+greedy_insert_repair,native_vehicle_type_swap+greedy_insert_repair,4478.975512965246,,264.7835999999952
E_CARBON_TIER1__formal_goeke80__threeshift__e2-threeshift-200c-03__alns_e2_carbon_ablation__seed1,E_CARBON_TIER1,alns_e2_carbon_ablation,alns_e2_carbon_ablation,threeshift,e2-threeshift-200c-03,1,93,1085,vehicle_type_swap+greedy_insert_repair,native_vehicle_type_swap+greedy_insert_repair,4470.949016284024,,264.8122420830041
E_CARBON_TIER1__formal_goeke80__threeshift__e2-threeshift-200c-03__alns_e2_carbon_ablation__seed1,E_CARBON_TIER1,alns_e2_carbon_ablation,alns_e2_carbon_ablation,threeshift,e2-threeshift-200c-03,1,94,1087,vehicle_type_swap+greedy_insert_repair,native_vehicle_type_swap+greedy_insert_repair,4463.139338615944,,264.8628644160053
E_CARBON_TIER1__formal_goeke80__threeshift__e2-threeshift-200c-03__alns_e2_carbon_ablation__seed1,E_CARBON_TIER1,alns_e2_carbon_ablation,alns_e2_carbon_ablation,threeshift,e2-threeshift-200c-03,1,95,1779,random_customer_removal+regret3_insert_repair,native_random_customer_removal+regret3_insert_repair,4460.510973810031,,359.6345388750051
E_CARBON_TIER1__formal_goeke80__threeshift__e2-threeshift-200c-03__alns_e2_carbon_ablation__seed2,E_CARBON_TIER1,alns_e2_carbon_ablation,alns_e2_carbon_ablation,threeshift,e2-threeshift-200c-03,2,0,0,shared_warm_start,shared_warm_start,6648.691898004797,,0.0005902920092921704
E_CARBON_TIER1__formal_goeke80__threeshift__e2-threeshift-200c-03__alns_e2_carbon_ablation__seed2,E_CARBON_TIER1,alns_e2_carbon_ablation,alns_e2_carbon_ablation,threeshift,e2-threeshift-200c-03,2,1,6,random_customer_removal+low_carbon_charging_repair,native_random_customer_removal+low_carbon_charging_repair,6509.655370806272,,1.7077314170019235
E_CARBON_TIER1__formal_goeke80__threeshift__e2-threeshift-200c-03__alns_e2_carbon_ablation__seed2,E_CARBON_TIER1,alns_e2_carbon_ablation,alns_e2_carbon_ablation,threeshift,e2-threeshift-200c-03,2,2,7,random_customer_removal+low_carbon_charging_repair,native_random_customer_removal+low_carbon_charging_repair,6010.368676583212,,2.302398041996639
E_CARBON_TIER1__formal_goeke80__threeshift__e2-threeshift-200c-03__alns_e2_carbon_ablation__seed2,E_CARBON_TIER1,alns_e2_carbon_ablation,alns_e2_carbon_ablation,threeshift,e2-threeshift-200c-03,2,3,10,random_customer_removal+low_carbon_charging_repair,native_random_customer_removal+low_carbon_charging_repair,5939.373531838637,,2.9012897920038085
E_CARBON_TIER1__formal_goeke80__threeshift__e2-threeshift-200c-03__alns_e2_carbon_ablation__seed2,E_CARBON_TIER1,alns_e2_carbon_ablation,alns_e2_carbon_ablation,threeshift,e2-threeshift-200c-03,2,4,14,random_customer_removal+low_carbon_charging_repair,native_random_customer_removal+low_carbon_charging_repair,5529.695593916255,,4.415028749994235
E_CARBON_TIER1__formal_goeke80__threeshift__e2-threeshift-200c-03__alns_e2_carbon_ablation__seed2,E_CARBON_TIER1,alns_e2_carbon_ablation,alns_e2_carbon_ablation,threeshift,e2-threeshift-200c-03,2,5,17,random_customer_removal+low_carbon_charging_repair,native_random_customer_removal+low_carbon_charging_repair,5426.216477055879,,5.303707334009232
E_CARBON_TIER1__formal_goeke80__threeshift__e2-threeshift-200c-03__alns_e2_carbon_ablation__seed2,E_CARBON_TIER1,alns_e2_carbon_ablation,alns_e2_carbon_ablation,threeshift,e2-threeshift-200c-03,2,6,18,random_customer_removal+low_carbon_charging_repair,native_random_customer_removal+low_carbon_charging_repair,5410.79755132667,,5.386553999996977
E_CARBON_TIER1__formal_goeke80__threeshift__e2-threeshift-200c-03__alns_e2_carbon_ablation__seed2,E_CARBON_TIER1,alns_e2_carbon_ablation,alns_e2_carbon_ablation,threeshift,e2-threeshift-200c-03,2,7,46,random_customer_removal+low_carbon_charging_repair,native_random_customer_removal+low_carbon_charging_repair,5345.79251509646,,13.05854520900175
E_CARBON_TIER1__formal_goeke80__threeshift__e2-threeshift-200c-03__alns_e2_carbon_ablation__seed2,E_CARBON_TIER1,alns_e2_carbon_ablation,alns_e2_carbon_ablation,threeshift,e2-threeshift-200c-03,2,8,47,random_customer_removal+low_carbon_charging_repair,native_random_customer_removal+low_carbon_charging_repair,5341.790799668435,,13.370711791998474
E_CARBON_TIER1__formal_goeke80__threeshift__e2-threeshift-200c-03__alns_e2_carbon_ablation__seed2,E_CARBON_TIER1,alns_e2_carbon_ablation,alns_e2_carbon_ablation,threeshift,e2-threeshift-200c-03,2,9,50,random_customer_removal+low_carbon_charging_repair,native_random_customer_removal+low_carbon_charging_repair,5300.348290720258,,14.442803792015184
E_CARBON_TIER1__formal_goeke80__threeshift__e2-threeshift-200c-03__alns_e2_carbon_ablation__seed2,E_CARBON_TIER1,alns_e2_carbon_ablation,alns_e2_carbon_ablation,threeshift,e2-threeshift-200c-03,2,10,51,random_customer_removal+low_carbon_charging_repair,native_random_customer_removal+low_carbon_charging_repair,5294.369466700338,,14.591292083990993
E_CARBON_TIER1__formal_goeke80__threeshift__e2-threeshift-200c-03__alns_e2_carbon_ablation__seed2,E_CARBON_TIER1,alns_e2_carbon_ablation,alns_e2_carbon_ablation,threeshift,e2-threeshift-200c-03,2,11,55,random_customer_removal+low_carbon_charging_repair,native_random_customer_removal+low_carbon_charging_repair,5283.629327198121,,16.06020254199393
E_CARBON_TIER1__formal_goeke80__threeshift__e2-threeshift-200c-03__alns_e2_carbon_ablation__seed2,E_CARBON_TIER1,alns_e2_carbon_ablation,alns_e2_carbon_ablation,threeshift,e2-threeshift-200c-03,2,12,64,random_customer_removal+low_carbon_charging_repair,native_random_customer_removal+low_carbon_charging_repair,5275.375656349892,,18.701111959002446
E_CARBON_TIER1__formal_goeke80__threeshift__e2-threeshift-200c-03__alns_e2_carbon_ablation__seed2,E_CARBON_TIER1,alns_e2_carbon_ablation,alns_e2_carbon_ablation,threeshift,e2-threeshift-200c-03,2,13,67,random_customer_removal+low_carbon_charging_repair,native_random_customer_removal+low_carbon_charging_repair,5268.501079666037,,19.893228458997328
E_CARBON_TIER1__formal_goeke80__threeshift__e2-threeshift-200c-03__alns_e2_carbon_ablation__seed2,E_CARBON_TIER1,alns_e2_carbon_ablation,alns_e2_carbon_ablation,threeshift,e2-threeshift-200c-03,2,14,68,random_customer_removal+low_carbon_charging_repair,native_random_customer_removal+low_carbon_charging_repair,5249.565019719835,,20.091073459014297
E_CARBON_TIER1__formal_goeke80__threeshift__e2-threeshift-200c-03__alns_e2_carbon_ablation__seed2,E_CARBON_TIER1,alns_e2_carbon_ablation,alns_e2_carbon_ablation,threeshift,e2-threeshift-200c-03,2,15,69,random_customer_removal+low_carbon_charging_repair,native_random_customer_removal+low_carbon_charging_repair,5248.874131017948,,20.180512833991088
E_CARBON_TIER1__formal_goeke80__threeshift__e2-threeshift-200c-03__alns_e2_carbon_ablation__seed2,E_CARBON_TIER1,alns_e2_carbon_ablation,alns_e2_carbon_ablation,threeshift,e2-threeshift-200c-03,2,16,96,random_customer_removal+low_carbon_charging_repair,native_random_customer_removal+low_carbon_charging_repair,5231.988686215166,,28.756028208998032
E_CARBON_TIER1__formal_goeke80__threeshift__e2-threeshift-200c-03__alns_e2_carbon_ablation__seed2,E_CARBON_TIER1,alns_e2_carbon_ablation,alns_e2_carbon_ablation,threeshift,e2-threeshift-200c-03,2,17,101,random_customer_removal+low_carbon_charging_repair,native_random_customer_removal+low_carbon_charging_repair,5121.809494846316,,30.28240004199324
E_CARBON_TIER1__formal_goeke80__threeshift__e2-threeshift-200c-03__alns_e2_carbon_ablation__seed2,E_CARBON_TIER1,alns_e2_carbon_ablation,alns_e2_carbon_ablation,threeshift,e2-threeshift-200c-03,2,18,104,random_customer_removal+low_carbon_charging_repair,native_random_customer_removal+low_carbon_charging_repair,5030.825685328272,,31.31643241699203
E_CARBON_TIER1__formal_goeke80__threeshift__e2-threeshift-200c-03__alns_e2_carbon_ablation__seed2,E_CARBON_TIER1,alns_e2_carbon_ablation,alns_e2_carbon_ablation,threeshift,e2-threeshift-200c-03,2,19,122,random_customer_removal+low_carbon_charging_repair,native_random_customer_removal+low_carbon_charging_repair,5019.51345981125,,36.73840995901264
E_CARBON_TIER1__formal_goeke80__threeshift__e2-threeshift-200c-03__alns_e2_carbon_ablation__seed2,E_CARBON_TIER1,alns_e2_carbon_ablation,alns_e2_carbon_ablation,threeshift,e2-threeshift-200c-03,2,20,123,random_customer_removal+low_carbon_charging_repair,native_random_customer_removal+low_carbon_charging_repair,5013.487151081912,,36.91964795900276
E_CARBON_TIER1__formal_goeke80__threeshift__e2-threeshift-200c-03__alns_e2_carbon_ablation__seed2,E_CARBON_TIER1,alns_e2_carbon_ablation,alns_e2_carbon_ablation,threeshift,e2-threeshift-200c-03,2,21,126,random_customer_removal+low_carbon_charging_repair,native_random_customer_removal+low_carbon_charging_repair,4991.209840543065,,38.400505875004455
E_CARBON_TIER1__formal_goeke80__threeshift__e2-threeshift-200c-03__alns_e2_carbon_ablation__seed2,E_CARBON_TIER1,alns_e2_carbon_ablation,alns_e2_carbon_ablation,threeshift,e2-threeshift-200c-03,2,22,134,random_customer_removal+low_carbon_charging_repair,native_random_customer_removal+low_carbon_charging_repair,4922.3273431929865,,41.100985500001116
E_CARBON_TIER1__formal_goeke80__threeshift__e2-threeshift-200c-03__alns_e2_carbon_ablation__seed2,E_CARBON_TIER1,alns_e2_carbon_ablation,alns_e2_carbon_ablation,threeshift,e2-threeshift-200c-03,2,23,139,random_customer_removal+low_carbon_charging_repair,native_random_customer_removal+low_carbon_charging_repair,4909.148876841671,,42.230342208989896
E_CARBON_TIER1__formal_goeke80__threeshift__e2-threeshift-200c-03__alns_e2_carbon_ablation__seed2,E_CARBON_TIER1,alns_e2_carbon_ablation,alns_e2_carbon_ablation,threeshift,e2-threeshift-200c-03,2,24,156,random_customer_removal+low_carbon_charging_repair,native_random_customer_removal+low_carbon_charging_repair,4904.493376160731,,46.652238917013165
E_CARBON_TIER1__formal_goeke80__threeshift__e2-threeshift-200c-03__alns_e2_carbon_ablation__seed2,E_CARBON_TIER1,alns_e2_carbon_ablation,alns_e2_carbon_ablation,threeshift,e2-threeshift-200c-03,2,25,162,random_customer_removal+low_carbon_charging_repair,native_random_customer_removal+low_carbon_charging_repair,4903.343117619509,,48.12682804200449
E_CARBON_TIER1__formal_goeke80__threeshift__e2-threeshift-200c-03__alns_e2_carbon_ablation__seed2,E_CARBON_TIER1,alns_e2_carbon_ablation,alns_e2_carbon_ablation,threeshift,e2-threeshift-200c-03,2,26,165,random_customer_removal+low_carbon_charging_repair,native_random_customer_removal+low_carbon_charging_repair,4897.431542225446,,49.19713529199362
E_CARBON_TIER1__formal_goeke80__threeshift__e2-threeshift-200c-03__alns_e2_carbon_ablation__seed2,E_CARBON_TIER1,alns_e2_carbon_ablation,alns_e2_carbon_ablation,threeshift,e2-threeshift-200c-03,2,27,166,random_customer_removal+low_carbon_charging_repair,native_random_customer_removal+low_carbon_charging_repair,4892.65803733569,,49.46928887499962
E_CARBON_TIER1__formal_goeke80__threeshift__e2-threeshift-200c-03__alns_e2_carbon_ablation__seed2,E_CARBON_TIER1,alns_e2_carbon_ablation,alns_e2_carbon_ablation,threeshift,e2-threeshift-200c-03,2,28,191,random_customer_removal+low_carbon_charging_repair,native_random_customer_removal+low_carbon_charging_repair,4890.939492167573,,56.63956033400609
E_CARBON_TIER1__formal_goeke80__threeshift__e2-threeshift-200c-03__alns_e2_carbon_ablation__seed2,E_CARBON_TIER1,alns_e2_carbon_ablation,alns_e2_carbon_ablation,threeshift,e2-threeshift-200c-03,2,29,192,random_customer_removal+low_carbon_charging_repair,native_random_customer_removal+low_carbon_charging_repair,4870.44487708751,,56.85321962501621
E_CARBON_TIER1__formal_goeke80__threeshift__e2-threeshift-200c-03__alns_e2_carbon_ablation__seed2,E_CARBON_TIER1,alns_e2_carbon_ablation,alns_e2_carbon_ablation,threeshift,e2-threeshift-200c-03,2,30,194,random_customer_removal+low_carbon_charging_repair,native_random_customer_removal+low_carbon_charging_repair,4870.274861739579,,57.4873714169953
E_CARBON_TIER1__formal_goeke80__threeshift__e2-threeshift-200c-03__alns_e2_carbon_ablation__seed2,E_CARBON_TIER1,alns_e2_carbon_ablation,alns_e2_carbon_ablation,threeshift,e2-threeshift-200c-03,2,31,202,random_customer_removal+low_carbon_charging_repair,native_random_customer_removal+low_carbon_charging_repair,4867.141657315941,,60.52983683400089
E_CARBON_TIER1__formal_goeke80__threeshift__e2-threeshift-200c-03__alns_e2_carbon_ablation__seed2,E_CARBON_TIER1,alns_e2_carbon_ablation,alns_e2_carbon_ablation,threeshift,e2-threeshift-200c-03,2,32,203,random_customer_removal+low_carbon_charging_repair,native_random_customer_removal+low_carbon_charging_repair,4866.988746052069,,60.84995237499243
E_CARBON_TIER1__formal_goeke80__threeshift__e2-threeshift-200c-03__alns_e2_carbon_ablation__seed2,E_CARBON_TIER1,alns_e2_carbon_ablation,alns_e2_carbon_ablation,threeshift,e2-threeshift-200c-03,2,33,205,random_customer_removal+low_carbon_charging_repair,native_random_customer_removal+low_carbon_charging_repair,4866.963912671437,,61.49067312499392
E_CARBON_TIER1__formal_goeke80__threeshift__e2-threeshift-200c-03__alns_e2_carbon_ablation__seed2,E_CARBON_TIER1,alns_e2_carbon_ablation,alns_e2_carbon_ablation,threeshift,e2-threeshift-200c-03,2,34,208,random_customer_removal+low_carbon_charging_repair,native_random_customer_removal+low_carbon_charging_repair,4864.806317392639,,62.13720983400708
E_CARBON_TIER1__formal_goeke80__threeshift__e2-threeshift-200c-03__alns_e2_carbon_ablation__seed2,E_CARBON_TIER1,alns_e2_carbon_ablation,alns_e2_carbon_ablation,threeshift,e2-threeshift-200c-03,2,35,212,random_customer_removal+low_carbon_charging_repair,native_random_customer_removal+low_carbon_charging_repair,4838.430180840617,,63.0495209590008
E_CARBON_TIER1__formal_goeke80__threeshift__e2-threeshift-200c-03__alns_e2_carbon_ablation__seed2,E_CARBON_TIER1,alns_e2_carbon_ablation,alns_e2_carbon_ablation,threeshift,e2-threeshift-200c-03,2,36,227,random_customer_removal+low_carbon_charging_repair,native_random_customer_removal+low_carbon_charging_repair,4829.657299489119,,66.16918408399215
E_CARBON_TIER1__formal_goeke80__threeshift__e2-threeshift-200c-03__alns_e2_carbon_ablation__seed2,E_CARBON_TIER1,alns_e2_carbon_ablation,alns_e2_carbon_ablation,threeshift,e2-threeshift-200c-03,2,37,234,random_customer_removal+low_carbon_charging_repair,native_random_customer_removal+low_carbon_charging_repair,4827.44071023432,,68.22049045900349
E_CARBON_TIER1__formal_goeke80__threeshift__e2-threeshift-200c-03__alns_e2_carbon_ablation__seed2,E_CARBON_TIER1,alns_e2_carbon_ablation,alns_e2_carbon_ablation,threeshift,e2-threeshift-200c-03,2,38,237,random_customer_removal+low_carbon_charging_repair,native_random_customer_removal+low_carbon_charging_repair,4810.563508509419,,69.24952591699548
E_CARBON_TIER1__formal_goeke80__threeshift__e2-threeshift-200c-03__alns_e2_carbon_ablation__seed2,E_CARBON_TIER1,alns_e2_carbon_ablation,alns_e2_carbon_ablation,threeshift,e2-threeshift-200c-03,2,39,239,random_customer_removal+low_carbon_charging_repair,native_random_customer_removal+low_carbon_charging_repair,4779.818966827521,,70.11377783399075
E_CARBON_TIER1__formal_goeke80__threeshift__e2-threeshift-200c-03__alns_e2_carbon_ablation__seed2,E_CARBON_TIER1,alns_e2_carbon_ablation,alns_e2_carbon_ablation,threeshift,e2-threeshift-200c-03,2,40,248,random_customer_removal+low_carbon_charging_repair,native_random_customer_removal+low_carbon_charging_repair,4749.751804448998,,73.36371891701128
E_CARBON_TIER1__formal_goeke80__threeshift__e2-threeshift-200c-03__alns_e2_carbon_ablation__seed2,E_CARBON_TIER1,alns_e2_carbon_ablation,alns_e2_carbon_ablation,threeshift,e2-threeshift-200c-03,2,41,252,random_customer_removal+low_carbon_charging_repair,native_random_customer_removal+low_carbon_charging_repair,4749.2638555247295,,73.7248132090026
E_CARBON_TIER1__formal_goeke80__threeshift__e2-threeshift-200c-03__alns_e2_carbon_ablation__seed2,E_CARBON_TIER1,alns_e2_carbon_ablation,alns_e2_carbon_ablation,threeshift,e2-threeshift-200c-03,2,42,268,random_customer_removal+low_carbon_charging_repair,native_random_customer_removal+low_carbon_charging_repair,4748.201671341229,,78.68185654201079
E_CARBON_TIER1__formal_goeke80__threeshift__e2-threeshift-200c-03__alns_e2_carbon_ablation__seed2,E_CARBON_TIER1,alns_e2_carbon_ablation,alns_e2_carbon_ablation,threeshift,e2-threeshift-200c-03,2,43,272,random_customer_removal+low_carbon_charging_repair,native_random_customer_removal+low_carbon_charging_repair,4746.360076748528,,79.6658131669974
E_CARBON_TIER1__formal_goeke80__threeshift__e2-threeshift-200c-03__alns_e2_carbon_ablation__seed2,E_CARBON_TIER1,alns_e2_carbon_ablation,alns_e2_carbon_ablation,threeshift,e2-threeshift-200c-03,2,44,280,random_customer_removal+low_carbon_charging_repair,native_random_customer_removal+low_carbon_charging_repair,4746.017898931574,,81.97790279201581
E_CARBON_TIER1__formal_goeke80__threeshift__e2-threeshift-200c-03__alns_e2_carbon_ablation__seed2,E_CARBON_TIER1,alns_e2_carbon_ablation,alns_e2_carbon_ablation,threeshift,e2-threeshift-200c-03,2,45,290,random_customer_removal+low_carbon_charging_repair,native_random_customer_removal+low_carbon_charging_repair,4744.262521141334,,85.01577604201157
E_CARBON_TIER1__formal_goeke80__threeshift__e2-threeshift-200c-03__alns_e2_carbon_ablation__seed2,E_CARBON_TIER1,alns_e2_carbon_ablation,alns_e2_carbon_ablation,threeshift,e2-threeshift-200c-03,2,46,299,random_customer_removal+low_carbon_charging_repair,native_random_customer_removal+low_carbon_charging_repair,4742.926434810202,,86.72958395900787
E_CARBON_TIER1__formal_goeke80__threeshift__e2-threeshift-200c-03__alns_e2_carbon_ablation__seed2,E_CARBON_TIER1,alns_e2_carbon_ablation,alns_e2_carbon_ablation,threeshift,e2-threeshift-200c-03,2,47,315,random_customer_removal+low_carbon_charging_repair,native_random_customer_removal+low_carbon_charging_repair,4742.597342065281,,91.09867908401066
E_CARBON_TIER1__formal_goeke80__threeshift__e2-threeshift-200c-03__alns_e2_carbon_ablation__seed2,E_CARBON_TIER1,alns_e2_carbon_ablation,alns_e2_carbon_ablation,threeshift,e2-threeshift-200c-03,2,48,392,random_customer_removal+low_carbon_charging_repair,native_random_customer_removal+low_carbon_charging_repair,4734.992780480992,,110.04071387500153
E_CARBON_TIER1__formal_goeke80__threeshift__e2-threeshift-200c-03__alns_e2_carbon_ablation__seed2,E_CARBON_TIER1,alns_e2_carbon_ablation,alns_e2_carbon_ablation,threeshift,e2-threeshift-200c-03,2,49,393,random_customer_removal+low_carbon_charging_repair,native_random_customer_removal+low_carbon_charging_repair,4732.080462084076,,110.09654850000516
E_CARBON_TIER1__formal_goeke80__threeshift__e2-threeshift-200c-03__alns_e2_carbon_ablation__seed2,E_CARBON_TIER1,alns_e2_carbon_ablation,alns_e2_carbon_ablation,threeshift,e2-threeshift-200c-03,2,50,394,random_customer_removal+low_carbon_charging_repair,native_random_customer_removal+low_carbon_charging_repair,4729.284329572705,,110.18568270900869
E_CARBON_TIER1__formal_goeke80__threeshift__e2-threeshift-200c-03__alns_e2_carbon_ablation__seed2,E_CARBON_TIER1,alns_e2_carbon_ablation,alns_e2_carbon_ablation,threeshift,e2-threeshift-200c-03,2,51,459,random_customer_removal+low_carbon_charging_repair,native_random_customer_removal+low_carbon_charging_repair,4723.756332564913,,125.06192249999731
E_CARBON_TIER1__formal_goeke80__threeshift__e2-threeshift-200c-03__alns_e2_carbon_ablation__seed2,E_CARBON_TIER1,alns_e2_carbon_ablation,alns_e2_carbon_ablation,threeshift,e2-threeshift-200c-03,2,52,465,random_customer_removal+low_carbon_charging_repair,native_random_customer_removal+low_carbon_charging_repair,4716.344184843046,,127.10788983400562
E_CARBON_TIER1__formal_goeke80__threeshift__e2-threeshift-200c-03__alns_e2_carbon_ablation__seed2,E_CARBON_TIER1,alns_e2_carbon_ablation,alns_e2_carbon_ablation,threeshift,e2-threeshift-200c-03,2,53,486,random_customer_removal+low_carbon_charging_repair,native_random_customer_removal+low_carbon_charging_repair,4710.54985671397,,133.8498777920031
E_CARBON_TIER1__formal_goeke80__threeshift__e2-threeshift-200c-03__alns_e2_carbon_ablation__seed2,E_CARBON_TIER1,alns_e2_carbon_ablation,alns_e2_carbon_ablation,threeshift,e2-threeshift-200c-03,2,54,489,random_customer_removal+low_carbon_charging_repair,native_random_customer_removal+low_carbon_charging_repair,4696.676642467104,,134.8206592920178
E_CARBON_TIER1__formal_goeke80__threeshift__e2-threeshift-200c-03__alns_e2_carbon_ablation__seed2,E_CARBON_TIER1,alns_e2_carbon_ablation,alns_e2_carbon_ablation,threeshift,e2-threeshift-200c-03,2,55,518,random_customer_removal+low_carbon_charging_repair,native_random_customer_removal+low_carbon_charging_repair,4694.77709073816,,142.11124362499686
E_CARBON_TIER1__formal_goeke80__threeshift__e2-threeshift-200c-03__alns_e2_carbon_ablation__seed2,E_CARBON_TIER1,alns_e2_carbon_ablation,alns_e2_carbon_ablation,threeshift,e2-threeshift-200c-03,2,56,520,random_customer_removal+low_carbon_charging_repair,native_random_customer_removal+low_carbon_charging_repair,4692.627927267174,,142.89246429200284
E_CARBON_TIER1__formal_goeke80__threeshift__e2-threeshift-200c-03__alns_e2_carbon_ablation__seed2,E_CARBON_TIER1,alns_e2_carbon_ablation,alns_e2_carbon_ablation,threeshift,e2-threeshift-200c-03,2,57,560,random_customer_removal+low_carbon_charging_repair,native_random_customer_removal+low_carbon_charging_repair,4692.527459329508,,153.0736992089951
E_CARBON_TIER1__formal_goeke80__threeshift__e2-threeshift-200c-03__alns_e2_carbon_ablation__seed2,E_CARBON_TIER1,alns_e2_carbon_ablation,alns_e2_carbon_ablation,threeshift,e2-threeshift-200c-03,2,58,564,random_customer_removal+low_carbon_charging_repair,native_random_customer_removal+low_carbon_charging_repair,4692.250067515638,,153.86763912500464
E_CARBON_TIER1__formal_goeke80__threeshift__e2-threeshift-200c-03__alns_e2_carbon_ablation__seed2,E_CARBON_TIER1,alns_e2_carbon_ablation,alns_e2_carbon_ablation,threeshift,e2-threeshift-200c-03,2,59,616,random_customer_removal+low_carbon_charging_repair,native_random_customer_removal+low_carbon_charging_repair,4689.050984533864,,168.84233766701072
E_CARBON_TIER1__formal_goeke80__threeshift__e2-threeshift-200c-03__alns_e2_carbon_ablation__seed2,E_CARBON_TIER1,alns_e2_carbon_ablation,alns_e2_carbon_ablation,threeshift,e2-threeshift-200c-03,2,60,666,random_customer_removal+low_carbon_charging_repair,native_random_customer_removal+low_carbon_charging_repair,4688.267766319691,,179.55198670900427
E_CARBON_TIER1__formal_goeke80__threeshift__e2-threeshift-200c-03__alns_e2_carbon_ablation__seed2,E_CARBON_TIER1,alns_e2_carbon_ablation,alns_e2_carbon_ablation,threeshift,e2-threeshift-200c-03,2,61,815,random_customer_removal+low_carbon_charging_repair,native_random_customer_removal+low_carbon_charging_repair,4687.920268981454,,220.66432987499866
E_CARBON_TIER1__formal_goeke80__threeshift__e2-threeshift-200c-03__alns_e2_carbon_ablation__seed2,E_CARBON_TIER1,alns_e2_carbon_ablation,alns_e2_carbon_ablation,threeshift,e2-threeshift-200c-03,2,62,830,random_customer_removal+low_carbon_charging_repair,native_random_customer_removal+low_carbon_charging_repair,4686.525514702142,,224.95431904200814
E_CARBON_TIER1__formal_goeke80__threeshift__e2-threeshift-200c-03__alns_e2_carbon_ablation__seed2,E_CARBON_TIER1,alns_e2_carbon_ablation,alns_e2_carbon_ablation,threeshift,e2-threeshift-200c-03,2,63,879,random_customer_removal+low_carbon_charging_repair,native_random_customer_removal+low_carbon_charging_repair,4686.269882611107,,239.32012995900004
E_CARBON_TIER1__formal_goeke80__threeshift__e2-threeshift-200c-03__alns_e2_carbon_ablation__seed2,E_CARBON_TIER1,alns_e2_carbon_ablation,alns_e2_carbon_ablation,threeshift,e2-threeshift-200c-03,2,64,902,random_customer_removal+low_carbon_charging_repair,native_random_customer_removal+low_carbon_charging_repair,4685.378050751707,,244.70162170901312
E_CARBON_TIER1__formal_goeke80__threeshift__e2-threeshift-200c-03__alns_e2_carbon_ablation__seed2,E_CARBON_TIER1,alns_e2_carbon_ablation,alns_e2_carbon_ablation,threeshift,e2-threeshift-200c-03,2,65,910,random_customer_removal+low_carbon_charging_repair,native_random_customer_removal+low_carbon_charging_repair,4684.311490365034,,246.80839333400945
E_CARBON_TIER1__formal_goeke80__threeshift__e2-threeshift-200c-03__alns_e2_carbon_ablation__seed2,E_CARBON_TIER1,alns_e2_carbon_ablation,alns_e2_carbon_ablation,threeshift,e2-threeshift-200c-03,2,66,920,random_customer_removal+low_carbon_charging_repair,native_random_customer_removal+low_carbon_charging_repair,4682.721332114485,,249.0636637090065
E_CARBON_TIER1__formal_goeke80__threeshift__e2-threeshift-200c-03__alns_e2_carbon_ablation__seed2,E_CARBON_TIER1,alns_e2_carbon_ablation,alns_e2_carbon_ablation,threeshift,e2-threeshift-200c-03,2,67,945,random_customer_removal+low_carbon_charging_repair,native_random_customer_removal+low_carbon_charging_repair,4678.352723931445,,254.77512583401403
E_CARBON_TIER1__formal_goeke80__threeshift__e2-threeshift-200c-03__alns_e2_carbon_ablation__seed2,E_CARBON_TIER1,alns_e2_carbon_ablation,alns_e2_carbon_ablation,threeshift,e2-threeshift-200c-03,2,68,958,random_customer_removal+low_carbon_charging_repair,native_random_customer_removal+low_carbon_charging_repair,4677.057842206198,,258.630485458998
E_CARBON_TIER1__formal_goeke80__threeshift__e2-threeshift-200c-03__alns_e2_carbon_ablation__seed2,E_CARBON_TIER1,alns_e2_carbon_ablation,alns_e2_carbon_ablation,threeshift,e2-threeshift-200c-03,2,69,963,random_customer_removal+low_carbon_charging_repair,native_random_customer_removal+low_carbon_charging_repair,4670.50660907411,,259.9677679169981
E_CARBON_TIER1__formal_goeke80__threeshift__e2-threeshift-200c-03__alns_e2_carbon_ablation__seed2,E_CARBON_TIER1,alns_e2_carbon_ablation,alns_e2_carbon_ablation,threeshift,e2-threeshift-200c-03,2,70,964,random_customer_removal+low_carbon_charging_repair,native_random_customer_removal+low_carbon_charging_repair,4667.801871538347,,260.0264880839968
E_CARBON_TIER1__formal_goeke80__threeshift__e2-threeshift-200c-03__alns_e2_carbon_ablation__seed2,E_CARBON_TIER1,alns_e2_carbon_ablation,alns_e2_carbon_ablation,threeshift,e2-threeshift-200c-03,2,71,997,random_customer_removal+low_carbon_charging_repair,native_random_customer_removal+low_carbon_charging_repair,4665.48516940054,,268.6774973749998
E_CARBON_TIER1__formal_goeke80__threeshift__e2-threeshift-200c-03__alns_e2_carbon_ablation__seed2,E_CARBON_TIER1,alns_e2_carbon_ablation,alns_e2_carbon_ablation,threeshift,e2-threeshift-200c-03,2,72,1075,vehicle_type_swap+greedy_insert_repair,native_vehicle_type_swap+greedy_insert_repair,4653.341669814168,,286.84195100000943
E_CARBON_TIER1__formal_goeke80__threeshift__e2-threeshift-200c-03__alns_e2_carbon_ablation__seed2,E_CARBON_TIER1,alns_e2_carbon_ablation,alns_e2_carbon_ablation,threeshift,e2-threeshift-200c-03,2,73,1076,vehicle_type_swap+greedy_insert_repair,native_vehicle_type_swap+greedy_insert_repair,4635.1122857381215,,286.8922929590044
E_CARBON_TIER1__formal_goeke80__threeshift__e2-threeshift-200c-03__alns_e2_carbon_ablation__seed2,E_CARBON_TIER1,alns_e2_carbon_ablation,alns_e2_carbon_ablation,threeshift,e2-threeshift-200c-03,2,74,1077,vehicle_type_swap+greedy_insert_repair,native_vehicle_type_swap+greedy_insert_repair,4620.545573752836,,286.9213613749889
E_CARBON_TIER1__formal_goeke80__threeshift__e2-threeshift-200c-03__alns_e2_carbon_ablation__seed2,E_CARBON_TIER1,alns_e2_carbon_ablation,alns_e2_carbon_ablation,threeshift,e2-threeshift-200c-03,2,75,1078,vehicle_type_swap+greedy_insert_repair,native_vehicle_type_swap+greedy_insert_repair,4601.250285048635,,286.94889695901657
E_CARBON_TIER1__formal_goeke80__threeshift__e2-threeshift-200c-03__alns_e2_carbon_ablation__seed2,E_CARBON_TIER1,alns_e2_carbon_ablation,alns_e2_carbon_ablation,threeshift,e2-threeshift-200c-03,2,76,1079,vehicle_type_swap+greedy_insert_repair,native_vehicle_type_swap+greedy_insert_repair,4584.773010257254,,286.9779184590152
E_CARBON_TIER1__formal_goeke80__threeshift__e2-threeshift-200c-03__alns_e2_carbon_ablation__seed2,E_CARBON_TIER1,alns_e2_carbon_ablation,alns_e2_carbon_ablation,threeshift,e2-threeshift-200c-03,2,77,1080,vehicle_type_swap+greedy_insert_repair,native_vehicle_type_swap+greedy_insert_repair,4569.8292576926915,,287.00455229199724
E_CARBON_TIER1__formal_goeke80__threeshift__e2-threeshift-200c-03__alns_e2_carbon_ablation__seed2,E_CARBON_TIER1,alns_e2_carbon_ablation,alns_e2_carbon_ablation,threeshift,e2-threeshift-200c-03,2,78,1081,vehicle_type_swap+greedy_insert_repair,native_vehicle_type_swap+greedy_insert_repair,4558.446695879364,,287.0331731670012
E_CARBON_TIER1__formal_goeke80__threeshift__e2-threeshift-200c-03__alns_e2_carbon_ablation__seed2,E_CARBON_TIER1,alns_e2_carbon_ablation,alns_e2_carbon_ablation,threeshift,e2-threeshift-200c-03,2,79,1082,vehicle_type_swap+greedy_insert_repair,native_vehicle_type_swap+greedy_insert_repair,4548.173271907223,,287.0642165839963
E_CARBON_TIER1__formal_goeke80__threeshift__e2-threeshift-200c-03__alns_e2_carbon_ablation__seed2,E_CARBON_TIER1,alns_e2_carbon_ablation,alns_e2_carbon_ablation,threeshift,e2-threeshift-200c-03,2,80,1083,vehicle_type_swap+greedy_insert_repair,native_vehicle_type_swap+greedy_insert_repair,4537.674111219468,,287.0938926250092
E_CARBON_TIER1__formal_goeke80__threeshift__e2-threeshift-200c-03__alns_e2_carbon_ablation__seed2,E_CARBON_TIER1,alns_e2_carbon_ablation,alns_e2_carbon_ablation,threeshift,e2-threeshift-200c-03,2,81,1085,vehicle_type_swap+greedy_insert_repair,native_vehicle_type_swap+greedy_insert_repair,4526.937177374321,,287.1492488750082
E_CARBON_TIER1__formal_goeke80__threeshift__e2-threeshift-200c-03__alns_e2_carbon_ablation__seed2,E_CARBON_TIER1,alns_e2_carbon_ablation,alns_e2_carbon_ablation,threeshift,e2-threeshift-200c-03,2,82,3710,route_segment_removal+regret2_insert_repair,native_route_segment_removal+regret2_insert_repair,4526.929629027246,,682.5389340840047
E_CARBON_TIER1__formal_goeke80__threeshift__e2-threeshift-200c-03__alns_e2_carbon_ablation__seed3,E_CARBON_TIER1,alns_e2_carbon_ablation,alns_e2_carbon_ablation,threeshift,e2-threeshift-200c-03,3,0,0,shared_warm_start,shared_warm_start,6648.691898004797,,0.0005645420169457793
E_CARBON_TIER1__formal_goeke80__threeshift__e2-threeshift-200c-03__alns_e2_carbon_ablation__seed3,E_CARBON_TIER1,alns_e2_carbon_ablation,alns_e2_carbon_ablation,threeshift,e2-threeshift-200c-03,3,1,9,random_customer_removal+regret3_insert_repair,native_random_customer_removal+regret3_insert_repair,6629.755871654872,,2.748020541999722
E_CARBON_TIER1__formal_goeke80__threeshift__e2-threeshift-200c-03__alns_e2_carbon_ablation__seed3,E_CARBON_TIER1,alns_e2_carbon_ablation,alns_e2_carbon_ablation,threeshift,e2-threeshift-200c-03,3,2,10,random_customer_removal+regret3_insert_repair,native_random_customer_removal+regret3_insert_repair,6456.722014862871,,2.8375888750015292
E_CARBON_TIER1__formal_goeke80__threeshift__e2-threeshift-200c-03__alns_e2_carbon_ablation__seed3,E_CARBON_TIER1,alns_e2_carbon_ablation,alns_e2_carbon_ablation,threeshift,e2-threeshift-200c-03,3,3,11,random_customer_removal+regret3_insert_repair,native_random_customer_removal+regret3_insert_repair,6418.1371464099375,,2.9957430840004236
E_CARBON_TIER1__formal_goeke80__threeshift__e2-threeshift-200c-03__alns_e2_carbon_ablation__seed3,E_CARBON_TIER1,alns_e2_carbon_ablation,alns_e2_carbon_ablation,threeshift,e2-threeshift-200c-03,3,4,12,random_customer_removal+regret3_insert_repair,native_random_customer_removal+regret3_insert_repair,6280.537023371578,,3.2152384170040023
E_CARBON_TIER1__formal_goeke80__threeshift__e2-threeshift-200c-03__alns_e2_carbon_ablation__seed3,E_CARBON_TIER1,alns_e2_carbon_ablation,alns_e2_carbon_ablation,threeshift,e2-threeshift-200c-03,3,5,13,random_customer_removal+regret3_insert_repair,native_random_customer_removal+regret3_insert_repair,6254.538056880147,,3.2727777090040036
E_CARBON_TIER1__formal_goeke80__threeshift__e2-threeshift-200c-03__alns_e2_carbon_ablation__seed3,E_CARBON_TIER1,alns_e2_carbon_ablation,alns_e2_carbon_ablation,threeshift,e2-threeshift-200c-03,3,6,14,random_customer_removal+regret3_insert_repair,native_random_customer_removal+regret3_insert_repair,5977.095496824199,,3.827874917013105
E_CARBON_TIER1__formal_goeke80__threeshift__e2-threeshift-200c-03__alns_e2_carbon_ablation__seed3,E_CARBON_TIER1,alns_e2_carbon_ablation,alns_e2_carbon_ablation,threeshift,e2-threeshift-200c-03,3,7,15,random_customer_removal+regret3_insert_repair,native_random_customer_removal+regret3_insert_repair,5912.930666662647,,4.330307917000027
E_CARBON_TIER1__formal_goeke80__threeshift__e2-threeshift-200c-03__alns_e2_carbon_ablation__seed3,E_CARBON_TIER1,alns_e2_carbon_ablation,alns_e2_carbon_ablation,threeshift,e2-threeshift-200c-03,3,8,17,random_customer_removal+regret3_insert_repair,native_random_customer_removal+regret3_insert_repair,5900.107012250423,,4.98160262501915
E_CARBON_TIER1__formal_goeke80__threeshift__e2-threeshift-200c-03__alns_e2_carbon_ablation__seed3,E_CARBON_TIER1,alns_e2_carbon_ablation,alns_e2_carbon_ablation,threeshift,e2-threeshift-200c-03,3,9,19,random_customer_removal+regret3_insert_repair,native_random_customer_removal+regret3_insert_repair,5822.071364905879,,5.549940542026889
E_CARBON_TIER1__formal_goeke80__threeshift__e2-threeshift-200c-03__alns_e2_carbon_ablation__seed3,E_CARBON_TIER1,alns_e2_carbon_ablation,alns_e2_carbon_ablation,threeshift,e2-threeshift-200c-03,3,10,20,random_customer_removal+regret3_insert_repair,native_random_customer_removal+regret3_insert_repair,5685.971498968854,,5.762279250018764
E_CARBON_TIER1__formal_goeke80__threeshift__e2-threeshift-200c-03__alns_e2_carbon_ablation__seed3,E_CARBON_TIER1,alns_e2_carbon_ablation,alns_e2_carbon_ablation,threeshift,e2-threeshift-200c-03,3,11,21,random_customer_removal+regret3_insert_repair,native_random_customer_removal+regret3_insert_repair,5670.212108601056,,5.833504709007684
E_CARBON_TIER1__formal_goeke80__threeshift__e2-threeshift-200c-03__alns_e2_carbon_ablation__seed3,E_CARBON_TIER1,alns_e2_carbon_ablation,alns_e2_carbon_ablation,threeshift,e2-threeshift-200c-03,3,12,22,random_customer_removal+regret3_insert_repair,native_random_customer_removal+regret3_insert_repair,5556.327451669962,,6.096312292007497
E_CARBON_TIER1__formal_goeke80__threeshift__e2-threeshift-200c-03__alns_e2_carbon_ablation__seed3,E_CARBON_TIER1,alns_e2_carbon_ablation,alns_e2_carbon_ablation,threeshift,e2-threeshift-200c-03,3,13,23,random_customer_removal+regret3_insert_repair,native_random_customer_removal+regret3_insert_repair,5544.7963083615905,,6.599874709005235
E_CARBON_TIER1__formal_goeke80__threeshift__e2-threeshift-200c-03__alns_e2_carbon_ablation__seed3,E_CARBON_TIER1,alns_e2_carbon_ablation,alns_e2_carbon_ablation,threeshift,e2-threeshift-200c-03,3,14,24,random_customer_removal+regret3_insert_repair,native_random_customer_removal+regret3_insert_repair,5377.531481353939,,7.13984754201374
E_CARBON_TIER1__formal_goeke80__threeshift__e2-threeshift-200c-03__alns_e2_carbon_ablation__seed3,E_CARBON_TIER1,alns_e2_carbon_ablation,alns_e2_carbon_ablation,threeshift,e2-threeshift-200c-03,3,15,26,random_customer_removal+regret3_insert_repair,native_random_customer_removal+regret3_insert_repair,5260.0904239183465,,7.8507728340046015
E_CARBON_TIER1__formal_goeke80__threeshift__e2-threeshift-200c-03__alns_e2_carbon_ablation__seed3,E_CARBON_TIER1,alns_e2_carbon_ablation,alns_e2_carbon_ablation,threeshift,e2-threeshift-200c-03,3,16,30,random_customer_removal+regret3_insert_repair,native_random_customer_removal+regret3_insert_repair,5256.506920454305,,8.802949084027205
E_CARBON_TIER1__formal_goeke80__threeshift__e2-threeshift-200c-03__alns_e2_carbon_ablation__seed3,E_CARBON_TIER1,alns_e2_carbon_ablation,alns_e2_carbon_ablation,threeshift,e2-threeshift-200c-03,3,17,34,random_customer_removal+regret3_insert_repair,native_random_customer_removal+regret3_insert_repair,5237.366137807182,,9.727565875014989
E_CARBON_TIER1__formal_goeke80__threeshift__e2-threeshift-200c-03__alns_e2_carbon_ablation__seed3,E_CARBON_TIER1,alns_e2_carbon_ablation,alns_e2_carbon_ablation,threeshift,e2-threeshift-200c-03,3,18,41,random_customer_removal+regret3_insert_repair,native_random_customer_removal+regret3_insert_repair,5154.420732697506,,11.840172000025632
E_CARBON_TIER1__formal_goeke80__threeshift__e2-threeshift-200c-03__alns_e2_carbon_ablation__seed3,E_CARBON_TIER1,alns_e2_carbon_ablation,alns_e2_carbon_ablation,threeshift,e2-threeshift-200c-03,3,19,42,random_customer_removal+regret3_insert_repair,native_random_customer_removal+regret3_insert_repair,5152.369389947648,,11.9550258340023
E_CARBON_TIER1__formal_goeke80__threeshift__e2-threeshift-200c-03__alns_e2_carbon_ablation__seed3,E_CARBON_TIER1,alns_e2_carbon_ablation,alns_e2_carbon_ablation,threeshift,e2-threeshift-200c-03,3,20,43,random_customer_removal+regret3_insert_repair,native_random_customer_removal+regret3_insert_repair,5049.9174641213085,,12.152323167014401
E_CARBON_TIER1__formal_goeke80__threeshift__e2-threeshift-200c-03__alns_e2_carbon_ablation__seed3,E_CARBON_TIER1,alns_e2_carbon_ablation,alns_e2_carbon_ablation,threeshift,e2-threeshift-200c-03,3,21,61,random_customer_removal+regret3_insert_repair,native_random_customer_removal+regret3_insert_repair,5036.273381066947,,16.82931791699957
E_CARBON_TIER1__formal_goeke80__threeshift__e2-threeshift-200c-03__alns_e2_carbon_ablation__seed3,E_CARBON_TIER1,alns_e2_carbon_ablation,alns_e2_carbon_ablation,threeshift,e2-threeshift-200c-03,3,22,63,random_customer_removal+regret3_insert_repair,native_random_customer_removal+regret3_insert_repair,5035.12873498751,,17.313159834011458
E_CARBON_TIER1__formal_goeke80__threeshift__e2-threeshift-200c-03__alns_e2_carbon_ablation__seed3,E_CARBON_TIER1,alns_e2_carbon_ablation,alns_e2_carbon_ablation,threeshift,e2-threeshift-200c-03,3,23,65,random_customer_removal+regret3_insert_repair,native_random_customer_removal+regret3_insert_repair,5020.348081826407,,17.47629729201435
E_CARBON_TIER1__formal_goeke80__threeshift__e2-threeshift-200c-03__alns_e2_carbon_ablation__seed3,E_CARBON_TIER1,alns_e2_carbon_ablation,alns_e2_carbon_ablation,threeshift,e2-threeshift-200c-03,3,24,66,random_customer_removal+regret3_insert_repair,native_random_customer_removal+regret3_insert_repair,4988.877260089973,,17.750100042001577
E_CARBON_TIER1__formal_goeke80__threeshift__e2-threeshift-200c-03__alns_e2_carbon_ablation__seed3,E_CARBON_TIER1,alns_e2_carbon_ablation,alns_e2_carbon_ablation,threeshift,e2-threeshift-200c-03,3,25,68,random_customer_removal+regret3_insert_repair,native_random_customer_removal+regret3_insert_repair,4980.986076763977,,18.080888750002487
E_CARBON_TIER1__formal_goeke80__threeshift__e2-threeshift-200c-03__alns_e2_carbon_ablation__seed3,E_CARBON_TIER1,alns_e2_carbon_ablation,alns_e2_carbon_ablation,threeshift,e2-threeshift-200c-03,3,26,70,random_customer_removal+regret3_insert_repair,native_random_customer_removal+regret3_insert_repair,4973.420666250457,,18.278860250022262
E_CARBON_TIER1__formal_goeke80__threeshift__e2-threeshift-200c-03__alns_e2_carbon_ablation__seed3,E_CARBON_TIER1,alns_e2_carbon_ablation,alns_e2_carbon_ablation,threeshift,e2-threeshift-200c-03,3,27,72,random_customer_removal+regret3_insert_repair,native_random_customer_removal+regret3_insert_repair,4957.420625556217,,18.774489792005625
E_CARBON_TIER1__formal_goeke80__threeshift__e2-threeshift-200c-03__alns_e2_carbon_ablation__seed3,E_CARBON_TIER1,alns_e2_carbon_ablation,alns_e2_carbon_ablation,threeshift,e2-threeshift-200c-03,3,28,76,random_customer_removal+regret3_insert_repair,native_random_customer_removal+regret3_insert_repair,4948.163301640907,,20.09445958401193
E_CARBON_TIER1__formal_goeke80__threeshift__e2-threeshift-200c-03__alns_e2_carbon_ablation__seed3,E_CARBON_TIER1,alns_e2_carbon_ablation,alns_e2_carbon_ablation,threeshift,e2-threeshift-200c-03,3,29,88,random_customer_removal+regret3_insert_repair,native_random_customer_removal+regret3_insert_repair,4947.991623286949,,23.40813170900219
E_CARBON_TIER1__formal_goeke80__threeshift__e2-threeshift-200c-03__alns_e2_carbon_ablation__seed3,E_CARBON_TIER1,alns_e2_carbon_ablation,alns_e2_carbon_ablation,threeshift,e2-threeshift-200c-03,3,30,90,random_customer_removal+regret3_insert_repair,native_random_customer_removal+regret3_insert_repair,4946.8895825749805,,23.734826334024547
E_CARBON_TIER1__formal_goeke80__threeshift__e2-threeshift-200c-03__alns_e2_carbon_ablation__seed3,E_CARBON_TIER1,alns_e2_carbon_ablation,alns_e2_carbon_ablation,threeshift,e2-threeshift-200c-03,3,31,93,random_customer_removal+regret3_insert_repair,native_random_customer_removal+regret3_insert_repair,4946.142501912392,,24.118926209019264
E_CARBON_TIER1__formal_goeke80__threeshift__e2-threeshift-200c-03__alns_e2_carbon_ablation__seed3,E_CARBON_TIER1,alns_e2_carbon_ablation,alns_e2_carbon_ablation,threeshift,e2-threeshift-200c-03,3,32,95,random_customer_removal+regret3_insert_repair,native_random_customer_removal+regret3_insert_repair,4936.095180315951,,24.847822167008417
E_CARBON_TIER1__formal_goeke80__threeshift__e2-threeshift-200c-03__alns_e2_carbon_ablation__seed3,E_CARBON_TIER1,alns_e2_carbon_ablation,alns_e2_carbon_ablation,threeshift,e2-threeshift-200c-03,3,33,103,random_customer_removal+regret3_insert_repair,native_random_customer_removal+regret3_insert_repair,4924.351382447051,,26.84877462501754
E_CARBON_TIER1__formal_goeke80__threeshift__e2-threeshift-200c-03__alns_e2_carbon_ablation__seed3,E_CARBON_TIER1,alns_e2_carbon_ablation,alns_e2_carbon_ablation,threeshift,e2-threeshift-200c-03,3,34,106,random_customer_removal+regret3_insert_repair,native_random_customer_removal+regret3_insert_repair,4826.426976527435,,27.866534000000684
E_CARBON_TIER1__formal_goeke80__threeshift__e2-threeshift-200c-03__alns_e2_carbon_ablation__seed3,E_CARBON_TIER1,alns_e2_carbon_ablation,alns_e2_carbon_ablation,threeshift,e2-threeshift-200c-03,3,35,109,random_customer_removal+regret3_insert_repair,native_random_customer_removal+regret3_insert_repair,4822.660042786132,,28.561158000025898
E_CARBON_TIER1__formal_goeke80__threeshift__e2-threeshift-200c-03__alns_e2_carbon_ablation__seed3,E_CARBON_TIER1,alns_e2_carbon_ablation,alns_e2_carbon_ablation,threeshift,e2-threeshift-200c-03,3,36,110,random_customer_removal+regret3_insert_repair,native_random_customer_removal+regret3_insert_repair,4818.1948415505185,,29.007667042023968
E_CARBON_TIER1__formal_goeke80__threeshift__e2-threeshift-200c-03__alns_e2_carbon_ablation__seed3,E_CARBON_TIER1,alns_e2_carbon_ablation,alns_e2_carbon_ablation,threeshift,e2-threeshift-200c-03,3,37,112,random_customer_removal+regret3_insert_repair,native_random_customer_removal+regret3_insert_repair,4813.722731311792,,29.406568750011502
E_CARBON_TIER1__formal_goeke80__threeshift__e2-threeshift-200c-03__alns_e2_carbon_ablation__seed3,E_CARBON_TIER1,alns_e2_carbon_ablation,alns_e2_carbon_ablation,threeshift,e2-threeshift-200c-03,3,38,122,random_customer_removal+regret3_insert_repair,native_random_customer_removal+regret3_insert_repair,4808.274492285039,,31.32911645900458
E_CARBON_TIER1__formal_goeke80__threeshift__e2-threeshift-200c-03__alns_e2_carbon_ablation__seed3,E_CARBON_TIER1,alns_e2_carbon_ablation,alns_e2_carbon_ablation,threeshift,e2-threeshift-200c-03,3,39,135,random_customer_removal+regret3_insert_repair,native_random_customer_removal+regret3_insert_repair,4752.1053770930885,,34.81094391702209
E_CARBON_TIER1__formal_goeke80__threeshift__e2-threeshift-200c-03__alns_e2_carbon_ablation__seed3,E_CARBON_TIER1,alns_e2_carbon_ablation,alns_e2_carbon_ablation,threeshift,e2-threeshift-200c-03,3,40,137,random_customer_removal+regret3_insert_repair,native_random_customer_removal+regret3_insert_repair,4749.443327031495,,35.38877358401078
E_CARBON_TIER1__formal_goeke80__threeshift__e2-threeshift-200c-03__alns_e2_carbon_ablation__seed3,E_CARBON_TIER1,alns_e2_carbon_ablation,alns_e2_carbon_ablation,threeshift,e2-threeshift-200c-03,3,41,182,random_customer_removal+regret3_insert_repair,native_random_customer_removal+regret3_insert_repair,4747.108396223673,,46.564986250014044
E_CARBON_TIER1__formal_goeke80__threeshift__e2-threeshift-200c-03__alns_e2_carbon_ablation__seed3,E_CARBON_TIER1,alns_e2_carbon_ablation,alns_e2_carbon_ablation,threeshift,e2-threeshift-200c-03,3,42,191,random_customer_removal+regret3_insert_repair,native_random_customer_removal+regret3_insert_repair,4746.804504339073,,48.783153209020384
E_CARBON_TIER1__formal_goeke80__threeshift__e2-threeshift-200c-03__alns_e2_carbon_ablation__seed3,E_CARBON_TIER1,alns_e2_carbon_ablation,alns_e2_carbon_ablation,threeshift,e2-threeshift-200c-03,3,43,198,random_customer_removal+regret3_insert_repair,native_random_customer_removal+regret3_insert_repair,4731.797395178051,,51.27513566700509
E_CARBON_TIER1__formal_goeke80__threeshift__e2-threeshift-200c-03__alns_e2_carbon_ablation__seed3,E_CARBON_TIER1,alns_e2_carbon_ablation,alns_e2_carbon_ablation,threeshift,e2-threeshift-200c-03,3,44,222,random_customer_removal+regret3_insert_repair,native_random_customer_removal+regret3_insert_repair,4724.103330439722,,56.404911792022176
E_CARBON_TIER1__formal_goeke80__threeshift__e2-threeshift-200c-03__alns_e2_carbon_ablation__seed3,E_CARBON_TIER1,alns_e2_carbon_ablation,alns_e2_carbon_ablation,threeshift,e2-threeshift-200c-03,3,45,224,random_customer_removal+regret3_insert_repair,native_random_customer_removal+regret3_insert_repair,4724.033511087538,,56.93752350000432
E_CARBON_TIER1__formal_goeke80__threeshift__e2-threeshift-200c-03__alns_e2_carbon_ablation__seed3,E_CARBON_TIER1,alns_e2_carbon_ablation,alns_e2_carbon_ablation,threeshift,e2-threeshift-200c-03,3,46,227,random_customer_removal+regret3_insert_repair,native_random_customer_removal+regret3_insert_repair,4720.485564334029,,58.12032729201019
E_CARBON_TIER1__formal_goeke80__threeshift__e2-threeshift-200c-03__alns_e2_carbon_ablation__seed3,E_CARBON_TIER1,alns_e2_carbon_ablation,alns_e2_carbon_ablation,threeshift,e2-threeshift-200c-03,3,47,246,random_customer_removal+regret3_insert_repair,native_random_customer_removal+regret3_insert_repair,4718.81772355519,,63.13658541699988
E_CARBON_TIER1__formal_goeke80__threeshift__e2-threeshift-200c-03__alns_e2_carbon_ablation__seed3,E_CARBON_TIER1,alns_e2_carbon_ablation,alns_e2_carbon_ablation,threeshift,e2-threeshift-200c-03,3,48,322,random_customer_removal+regret3_insert_repair,native_random_customer_removal+regret3_insert_repair,4718.732655861231,,82.77487791702151
E_CARBON_TIER1__formal_goeke80__threeshift__e2-threeshift-200c-03__alns_e2_carbon_ablation__seed3,E_CARBON_TIER1,alns_e2_carbon_ablation,alns_e2_carbon_ablation,threeshift,e2-threeshift-200c-03,3,49,369,random_customer_removal+regret3_insert_repair,native_random_customer_removal+regret3_insert_repair,4716.955419523004,,95.21205154201016
E_CARBON_TIER1__formal_goeke80__threeshift__e2-threeshift-200c-03__alns_e2_carbon_ablation__seed3,E_CARBON_TIER1,alns_e2_carbon_ablation,alns_e2_carbon_ablation,threeshift,e2-threeshift-200c-03,3,50,384,random_customer_removal+regret3_insert_repair,native_random_customer_removal+regret3_insert_repair,4716.792816575708,,98.75148325000191
E_CARBON_TIER1__formal_goeke80__threeshift__e2-threeshift-200c-03__alns_e2_carbon_ablation__seed3,E_CARBON_TIER1,alns_e2_carbon_ablation,alns_e2_carbon_ablation,threeshift,e2-threeshift-200c-03,3,51,392,random_customer_removal+regret3_insert_repair,native_random_customer_removal+regret3_insert_repair,4716.7836985937265,,100.83315300001414
E_CARBON_TIER1__formal_goeke80__threeshift__e2-threeshift-200c-03__alns_e2_carbon_ablation__seed3,E_CARBON_TIER1,alns_e2_carbon_ablation,alns_e2_carbon_ablation,threeshift,e2-threeshift-200c-03,3,52,403,random_customer_removal+regret3_insert_repair,native_random_customer_removal+regret3_insert_repair,4714.4637143344635,,104.09524566700566
E_CARBON_TIER1__formal_goeke80__threeshift__e2-threeshift-200c-03__alns_e2_carbon_ablation__seed3,E_CARBON_TIER1,alns_e2_carbon_ablation,alns_e2_carbon_ablation,threeshift,e2-threeshift-200c-03,3,53,483,random_customer_removal+regret3_insert_repair,native_random_customer_removal+regret3_insert_repair,4714.168679284262,,123.21361016700394
E_CARBON_TIER1__formal_goeke80__threeshift__e2-threeshift-200c-03__alns_e2_carbon_ablation__seed3,E_CARBON_TIER1,alns_e2_carbon_ablation,alns_e2_carbon_ablation,threeshift,e2-threeshift-200c-03,3,54,484,random_customer_removal+regret3_insert_repair,native_random_customer_removal+regret3_insert_repair,4697.79041917187,,123.67390804202296
E_CARBON_TIER1__formal_goeke80__threeshift__e2-threeshift-200c-03__alns_e2_carbon_ablation__seed3,E_CARBON_TIER1,alns_e2_carbon_ablation,alns_e2_carbon_ablation,threeshift,e2-threeshift-200c-03,3,55,520,random_customer_removal+regret3_insert_repair,native_random_customer_removal+regret3_insert_repair,4697.461880908474,,130.84250600001542
E_CARBON_TIER1__formal_goeke80__threeshift__e2-threeshift-200c-03__alns_e2_carbon_ablation__seed3,E_CARBON_TIER1,alns_e2_carbon_ablation,alns_e2_carbon_ablation,threeshift,e2-threeshift-200c-03,3,56,550,random_customer_removal+regret3_insert_repair,native_random_customer_removal+regret3_insert_repair,4697.376813214515,,137.73345837500528
E_CARBON_TIER1__formal_goeke80__threeshift__e2-threeshift-200c-03__alns_e2_carbon_ablation__seed3,E_CARBON_TIER1,alns_e2_carbon_ablation,alns_e2_carbon_ablation,threeshift,e2-threeshift-200c-03,3,57,552,random_customer_removal+regret3_insert_repair,native_random_customer_removal+regret3_insert_repair,4696.650412424016,,138.600927417021
E_CARBON_TIER1__formal_goeke80__threeshift__e2-threeshift-200c-03__alns_e2_carbon_ablation__seed3,E_CARBON_TIER1,alns_e2_carbon_ablation,alns_e2_carbon_ablation,threeshift,e2-threeshift-200c-03,3,58,561,random_customer_removal+regret3_insert_repair,native_random_customer_removal+regret3_insert_repair,4694.41441550455,,140.6294820420153
E_CARBON_TIER1__formal_goeke80__threeshift__e2-threeshift-200c-03__alns_e2_carbon_ablation__seed3,E_CARBON_TIER1,alns_e2_carbon_ablation,alns_e2_carbon_ablation,threeshift,e2-threeshift-200c-03,3,59,624,random_customer_removal+regret3_insert_repair,native_random_customer_removal+regret3_insert_repair,4694.068271381755,,154.39400816700072
E_CARBON_TIER1__formal_goeke80__threeshift__e2-threeshift-200c-03__alns_e2_carbon_ablation__seed3,E_CARBON_TIER1,alns_e2_carbon_ablation,alns_e2_carbon_ablation,threeshift,e2-threeshift-200c-03,3,60,657,random_customer_removal+regret3_insert_repair,native_random_customer_removal+regret3_insert_repair,4693.081080014228,,162.4394940000202
E_CARBON_TIER1__formal_goeke80__threeshift__e2-threeshift-200c-03__alns_e2_carbon_ablation__seed3,E_CARBON_TIER1,alns_e2_carbon_ablation,alns_e2_carbon_ablation,threeshift,e2-threeshift-200c-03,3,61,676,random_customer_removal+regret3_insert_repair,native_random_customer_removal+regret3_insert_repair,4692.5253723979395,,168.5463415000122
E_CARBON_TIER1__formal_goeke80__threeshift__e2-threeshift-200c-03__alns_e2_carbon_ablation__seed3,E_CARBON_TIER1,alns_e2_carbon_ablation,alns_e2_carbon_ablation,threeshift,e2-threeshift-200c-03,3,62,736,random_customer_removal+regret3_insert_repair,native_random_customer_removal+regret3_insert_repair,4691.814348464405,,185.93807658401784
E_CARBON_TIER1__formal_goeke80__threeshift__e2-threeshift-200c-03__alns_e2_carbon_ablation__seed3,E_CARBON_TIER1,alns_e2_carbon_ablation,alns_e2_carbon_ablation,threeshift,e2-threeshift-200c-03,3,63,803,random_customer_removal+regret3_insert_repair,native_random_customer_removal+regret3_insert_repair,4687.380861791709,,203.12719645901234
E_CARBON_TIER1__formal_goeke80__threeshift__e2-threeshift-200c-03__alns_e2_carbon_ablation__seed3,E_CARBON_TIER1,alns_e2_carbon_ablation,alns_e2_carbon_ablation,threeshift,e2-threeshift-200c-03,3,64,818,random_customer_removal+regret3_insert_repair,native_random_customer_removal+regret3_insert_repair,4684.54820918278,,207.4374525420135
E_CARBON_TIER1__formal_goeke80__threeshift__e2-threeshift-200c-03__alns_e2_carbon_ablation__seed3,E_CARBON_TIER1,alns_e2_carbon_ablation,alns_e2_carbon_ablation,threeshift,e2-threeshift-200c-03,3,65,822,random_customer_removal+regret3_insert_repair,native_random_customer_removal+regret3_insert_repair,4684.331904574879,,208.76054179202765
E_CARBON_TIER1__formal_goeke80__threeshift__e2-threeshift-200c-03__alns_e2_carbon_ablation__seed3,E_CARBON_TIER1,alns_e2_carbon_ablation,alns_e2_carbon_ablation,threeshift,e2-threeshift-200c-03,3,66,863,random_customer_removal+regret3_insert_repair,native_random_customer_removal+regret3_insert_repair,4683.5423013014015,,219.94687466701725
E_CARBON_TIER1__formal_goeke80__threeshift__e2-threeshift-200c-03__alns_e2_carbon_ablation__seed3,E_CARBON_TIER1,alns_e2_carbon_ablation,alns_e2_carbon_ablation,threeshift,e2-threeshift-200c-03,3,67,884,random_customer_removal+regret3_insert_repair,native_random_customer_removal+regret3_insert_repair,4683.196157178606,,224.58300204202533
E_CARBON_TIER1__formal_goeke80__threeshift__e2-threeshift-200c-03__alns_e2_carbon_ablation__seed3,E_CARBON_TIER1,alns_e2_carbon_ablation,alns_e2_carbon_ablation,threeshift,e2-threeshift-200c-03,3,68,887,random_customer_removal+regret3_insert_repair,native_random_customer_removal+regret3_insert_repair,4681.434176783763,,225.25539825001033
E_CARBON_TIER1__formal_goeke80__threeshift__e2-threeshift-200c-03__alns_e2_carbon_ablation__seed3,E_CARBON_TIER1,alns_e2_carbon_ablation,alns_e2_carbon_ablation,threeshift,e2-threeshift-200c-03,3,69,911,random_customer_removal+low_carbon_charging_repair,native_random_customer_removal+low_carbon_charging_repair,4681.176439486731,,232.3333057090058
E_CARBON_TIER1__formal_goeke80__threeshift__e2-threeshift-200c-03__alns_e2_carbon_ablation__seed3,E_CARBON_TIER1,alns_e2_carbon_ablation,alns_e2_carbon_ablation,threeshift,e2-threeshift-200c-03,3,70,945,vehicle_type_swap+greedy_insert_repair,native_vehicle_type_swap+greedy_insert_repair,4663.68020007769,,239.0068431670079
E_CARBON_TIER1__formal_goeke80__threeshift__e2-threeshift-200c-03__alns_e2_carbon_ablation__seed3,E_CARBON_TIER1,alns_e2_carbon_ablation,alns_e2_carbon_ablation,threeshift,e2-threeshift-200c-03,3,71,946,vehicle_type_swap+greedy_insert_repair,native_vehicle_type_swap+greedy_insert_repair,4649.8069074257055,,239.02811550002662
E_CARBON_TIER1__formal_goeke80__threeshift__e2-threeshift-200c-03__alns_e2_carbon_ablation__seed3,E_CARBON_TIER1,alns_e2_carbon_ablation,alns_e2_carbon_ablation,threeshift,e2-threeshift-200c-03,3,72,947,vehicle_type_swap+greedy_insert_repair,native_vehicle_type_swap+greedy_insert_repair,4631.598748503964,,239.05093712502276
E_CARBON_TIER1__formal_goeke80__threeshift__e2-threeshift-200c-03__alns_e2_carbon_ablation__seed3,E_CARBON_TIER1,alns_e2_carbon_ablation,alns_e2_carbon_ablation,threeshift,e2-threeshift-200c-03,3,73,948,vehicle_type_swap+greedy_insert_repair,native_vehicle_type_swap+greedy_insert_repair,4612.019665583009,,239.07448725000722
E_CARBON_TIER1__formal_goeke80__threeshift__e2-threeshift-200c-03__alns_e2_carbon_ablation__seed3,E_CARBON_TIER1,alns_e2_carbon_ablation,alns_e2_carbon_ablation,threeshift,e2-threeshift-200c-03,3,74,949,vehicle_type_swap+greedy_insert_repair,native_vehicle_type_swap+greedy_insert_repair,4597.775070849486,,239.09871762502007
E_CARBON_TIER1__formal_goeke80__threeshift__e2-threeshift-200c-03__alns_e2_carbon_ablation__seed3,E_CARBON_TIER1,alns_e2_carbon_ablation,alns_e2_carbon_ablation,threeshift,e2-threeshift-200c-03,3,75,950,vehicle_type_swap+greedy_insert_repair,native_vehicle_type_swap+greedy_insert_repair,4583.194568379573,,239.12291045900201
E_CARBON_TIER1__formal_goeke80__threeshift__e2-threeshift-200c-03__alns_e2_carbon_ablation__seed3,E_CARBON_TIER1,alns_e2_carbon_ablation,alns_e2_carbon_ablation,threeshift,e2-threeshift-200c-03,3,76,951,vehicle_type_swap+greedy_insert_repair,native_vehicle_type_swap+greedy_insert_repair,4565.012861400811,,239.14852612500545
E_CARBON_TIER1__formal_goeke80__threeshift__e2-threeshift-200c-03__alns_e2_carbon_ablation__seed3,E_CARBON_TIER1,alns_e2_carbon_ablation,alns_e2_carbon_ablation,threeshift,e2-threeshift-200c-03,3,77,952,vehicle_type_swap+greedy_insert_repair,native_vehicle_type_swap+greedy_insert_repair,4547.677917767412,,239.17341716701048
E_CARBON_TIER1__formal_goeke80__threeshift__e2-threeshift-200c-03__alns_e2_carbon_ablation__seed3,E_CARBON_TIER1,alns_e2_carbon_ablation,alns_e2_carbon_ablation,threeshift,e2-threeshift-200c-03,3,78,953,vehicle_type_swap+greedy_insert_repair,native_vehicle_type_swap+greedy_insert_repair,4535.909199772955,,239.20003262502723
E_CARBON_TIER1__formal_goeke80__threeshift__e2-threeshift-200c-03__alns_e2_carbon_ablation__seed3,E_CARBON_TIER1,alns_e2_carbon_ablation,alns_e2_carbon_ablation,threeshift,e2-threeshift-200c-03,3,79,954,vehicle_type_swap+greedy_insert_repair,native_vehicle_type_swap+greedy_insert_repair,4524.120637326321,,239.22587520902744
E_CARBON_TIER1__formal_goeke80__threeshift__e2-threeshift-200c-03__alns_e2_carbon_ablation__seed3,E_CARBON_TIER1,alns_e2_carbon_ablation,alns_e2_carbon_ablation,threeshift,e2-threeshift-200c-03,3,80,955,vehicle_type_swap+greedy_insert_repair,native_vehicle_type_swap+greedy_insert_repair,4512.648910595819,,239.25227325002197
E_CARBON_TIER1__formal_goeke80__threeshift__e2-threeshift-200c-03__alns_e2_carbon_ablation__seed3,E_CARBON_TIER1,alns_e2_carbon_ablation,alns_e2_carbon_ablation,threeshift,e2-threeshift-200c-03,3,81,956,vehicle_type_swap+greedy_insert_repair,native_vehicle_type_swap+greedy_insert_repair,4502.384031105369,,239.28089525000541
E_CARBON_TIER1__formal_goeke80__threeshift__e2-threeshift-200c-03__alns_e2_carbon_ablation__seed3,E_CARBON_TIER1,alns_e2_carbon_ablation,alns_e2_carbon_ablation,threeshift,e2-threeshift-200c-03,3,82,957,vehicle_type_swap+greedy_insert_repair,native_vehicle_type_swap+greedy_insert_repair,4488.491499859881,,239.30827995901927
E_CARBON_TIER1__formal_goeke80__threeshift__e2-threeshift-200c-03__alns_e2_carbon_ablation__seed3,E_CARBON_TIER1,alns_e2_carbon_ablation,alns_e2_carbon_ablation,threeshift,e2-threeshift-200c-03,3,83,958,vehicle_type_swap+greedy_insert_repair,native_vehicle_type_swap+greedy_insert_repair,4476.012173572438,,239.33514333399944
E_CARBON_TIER1__formal_goeke80__threeshift__e2-threeshift-200c-03__alns_e2_carbon_ablation__seed3,E_CARBON_TIER1,alns_e2_carbon_ablation,alns_e2_carbon_ablation,threeshift,e2-threeshift-200c-03,3,84,960,vehicle_type_swap+greedy_insert_repair,native_vehicle_type_swap+greedy_insert_repair,4468.088203152429,,239.39060116701876
E_CARBON_TIER1__formal_goeke80__threeshift__e2-threeshift-200c-03__alns_e2_carbon_ablation__seed3,E_CARBON_TIER1,alns_e2_carbon_ablation,alns_e2_carbon_ablation,threeshift,e2-threeshift-200c-03,3,85,961,vehicle_type_swap+greedy_insert_repair,native_vehicle_type_swap+greedy_insert_repair,4462.116517672895,,239.42229254200356
E_CARBON_TIER1__formal_goeke80__threeshift__e2-threeshift-200c-03__alns_e2_carbon_ablation__seed3,E_CARBON_TIER1,alns_e2_carbon_ablation,alns_e2_carbon_ablation,threeshift,e2-threeshift-200c-03,3,86,1796,random_customer_removal+regret3_insert_repair,native_random_customer_removal+regret3_insert_repair,4458.515683280709,,370.2174969590269
E_CARBON_TIER1__formal_goeke80__threeshift__e2-threeshift-200c-03__alns_e2_carbon_ablation__seed3,E_CARBON_TIER1,alns_e2_carbon_ablation,alns_e2_carbon_ablation,threeshift,e2-threeshift-200c-03,3,87,2055,random_customer_removal+regret3_insert_repair,native_random_customer_removal+regret3_insert_repair,4458.472948402216,,412.33864962501684
E_CARBON_TIER1__formal_goeke80__threeshift__e2-threeshift-200c-03__alns_e2_carbon_ablation__seed3,E_CARBON_TIER1,alns_e2_carbon_ablation,alns_e2_carbon_ablation,threeshift,e2-threeshift-200c-03,3,88,3525,route_segment_removal+greedy_insert_repair,native_route_segment_removal+greedy_insert_repair,4458.181631062587,,627.3120187500026
E_CARBON_TIER1__formal_goeke80__threeshift__e2-threeshift-200c-03__alns_e2_carbon_ablation__seed3,E_CARBON_TIER1,alns_e2_carbon_ablation,alns_e2_carbon_ablation,threeshift,e2-threeshift-200c-03,3,89,6069,route_segment_removal+regret3_insert_repair,native_route_segment_removal+regret3_insert_repair,4457.925382391849,,645.7171737920144
E_CARBON_TIER1__formal_goeke80__threeshift__e2-threeshift-200c-03__t3_main_alns__seed1,E_CARBON_TIER1,t3_main_alns,alns_e2_throughput+LOCAL_SEARCH,threeshift,e2-threeshift-200c-03,1,0,0,shared_warm_start,shared_warm_start,6648.691898004797,,0.0006249580037547275
E_CARBON_TIER1__formal_goeke80__threeshift__e2-threeshift-200c-03__t3_main_alns__seed1,E_CARBON_TIER1,t3_main_alns,alns_e2_throughput+LOCAL_SEARCH,threeshift,e2-threeshift-200c-03,1,1,9,random_customer_removal+regret3_insert_repair,native_random_customer_removal+regret3_insert_repair,6504.310230290534,,2.7235558750107884
E_CARBON_TIER1__formal_goeke80__threeshift__e2-threeshift-200c-03__t3_main_alns__seed1,E_CARBON_TIER1,t3_main_alns,alns_e2_throughput+LOCAL_SEARCH,threeshift,e2-threeshift-200c-03,1,2,10,random_customer_removal+regret3_insert_repair,native_random_customer_removal+regret3_insert_repair,6492.890983031865,,2.908346333002555
E_CARBON_TIER1__formal_goeke80__threeshift__e2-threeshift-200c-03__t3_main_alns__seed1,E_CARBON_TIER1,t3_main_alns,alns_e2_throughput+LOCAL_SEARCH,threeshift,e2-threeshift-200c-03,1,3,11,random_customer_removal+regret3_insert_repair,native_random_customer_removal+regret3_insert_repair,6376.330101283351,,3.4669341660046484
E_CARBON_TIER1__formal_goeke80__threeshift__e2-threeshift-200c-03__t3_main_alns__seed1,E_CARBON_TIER1,t3_main_alns,alns_e2_throughput+LOCAL_SEARCH,threeshift,e2-threeshift-200c-03,1,4,12,random_customer_removal+regret3_insert_repair,native_random_customer_removal+regret3_insert_repair,6347.820337885096,,3.695089333006763
E_CARBON_TIER1__formal_goeke80__threeshift__e2-threeshift-200c-03__t3_main_alns__seed1,E_CARBON_TIER1,t3_main_alns,alns_e2_throughput+LOCAL_SEARCH,threeshift,e2-threeshift-200c-03,1,5,13,random_customer_removal+regret3_insert_repair,native_random_customer_removal+regret3_insert_repair,6140.427818210607,,4.158933790997253
E_CARBON_TIER1__formal_goeke80__threeshift__e2-threeshift-200c-03__t3_main_alns__seed1,E_CARBON_TIER1,t3_main_alns,alns_e2_throughput+LOCAL_SEARCH,threeshift,e2-threeshift-200c-03,1,6,14,random_customer_removal+regret3_insert_repair,native_random_customer_removal+regret3_insert_repair,6093.325321117196,,4.4244521250075195
E_CARBON_TIER1__formal_goeke80__threeshift__e2-threeshift-200c-03__t3_main_alns__seed1,E_CARBON_TIER1,t3_main_alns,alns_e2_throughput+LOCAL_SEARCH,threeshift,e2-threeshift-200c-03,1,7,15,random_customer_removal+regret3_insert_repair,native_random_customer_removal+regret3_insert_repair,6028.893832731674,,4.867044166006963
E_CARBON_TIER1__formal_goeke80__threeshift__e2-threeshift-200c-03__t3_main_alns__seed1,E_CARBON_TIER1,t3_main_alns,alns_e2_throughput+LOCAL_SEARCH,threeshift,e2-threeshift-200c-03,1,8,19,random_customer_removal+regret3_insert_repair,native_random_customer_removal+regret3_insert_repair,5966.917658930364,,6.191697208007099
E_CARBON_TIER1__formal_goeke80__threeshift__e2-threeshift-200c-03__t3_main_alns__seed1,E_CARBON_TIER1,t3_main_alns,alns_e2_throughput+LOCAL_SEARCH,threeshift,e2-threeshift-200c-03,1,9,20,random_customer_removal+regret3_insert_repair,native_random_customer_removal+regret3_insert_repair,5901.529740576309,,6.709622916008811
E_CARBON_TIER1__formal_goeke80__threeshift__e2-threeshift-200c-03__t3_main_alns__seed1,E_CARBON_TIER1,t3_main_alns,alns_e2_throughput+LOCAL_SEARCH,threeshift,e2-threeshift-200c-03,1,10,21,random_customer_removal+regret3_insert_repair,native_random_customer_removal+regret3_insert_repair,5874.924579054014,,7.419668290996924
E_CARBON_TIER1__formal_goeke80__threeshift__e2-threeshift-200c-03__t3_main_alns__seed1,E_CARBON_TIER1,t3_main_alns,alns_e2_throughput+LOCAL_SEARCH,threeshift,e2-threeshift-200c-03,1,11,22,random_customer_removal+regret3_insert_repair,native_random_customer_removal+regret3_insert_repair,5743.6547354410395,,7.957229833002202
E_CARBON_TIER1__formal_goeke80__threeshift__e2-threeshift-200c-03__t3_main_alns__seed1,E_CARBON_TIER1,t3_main_alns,alns_e2_throughput+LOCAL_SEARCH,threeshift,e2-threeshift-200c-03,1,12,25,random_customer_removal+regret3_insert_repair,native_random_customer_removal+regret3_insert_repair,5740.879374226453,,8.97718933300348
E_CARBON_TIER1__formal_goeke80__threeshift__e2-threeshift-200c-03__t3_main_alns__seed1,E_CARBON_TIER1,t3_main_alns,alns_e2_throughput+LOCAL_SEARCH,threeshift,e2-threeshift-200c-03,1,13,28,random_customer_removal+regret3_insert_repair,native_random_customer_removal+regret3_insert_repair,5729.681561779038,,10.256583000009414
E_CARBON_TIER1__formal_goeke80__threeshift__e2-threeshift-200c-03__t3_main_alns__seed1,E_CARBON_TIER1,t3_main_alns,alns_e2_throughput+LOCAL_SEARCH,threeshift,e2-threeshift-200c-03,1,14,29,random_customer_removal+regret3_insert_repair,native_random_customer_removal+regret3_insert_repair,5722.87388115039,,10.904368041010457
E_CARBON_TIER1__formal_goeke80__threeshift__e2-threeshift-200c-03__t3_main_alns__seed1,E_CARBON_TIER1,t3_main_alns,alns_e2_throughput+LOCAL_SEARCH,threeshift,e2-threeshift-200c-03,1,15,31,random_customer_removal+regret3_insert_repair,native_random_customer_removal+regret3_insert_repair,5607.934563410853,,11.654270958009874
E_CARBON_TIER1__formal_goeke80__threeshift__e2-threeshift-200c-03__t3_main_alns__seed1,E_CARBON_TIER1,t3_main_alns,alns_e2_throughput+LOCAL_SEARCH,threeshift,e2-threeshift-200c-03,1,16,34,random_customer_removal+regret3_insert_repair,native_random_customer_removal+regret3_insert_repair,5579.1835709415445,,13.095446999999695
E_CARBON_TIER1__formal_goeke80__threeshift__e2-threeshift-200c-03__t3_main_alns__seed1,E_CARBON_TIER1,t3_main_alns,alns_e2_throughput+LOCAL_SEARCH,threeshift,e2-threeshift-200c-03,1,17,35,random_customer_removal+regret3_insert_repair,native_random_customer_removal+regret3_insert_repair,5450.316388601137,,13.731018666003365
E_CARBON_TIER1__formal_goeke80__threeshift__e2-threeshift-200c-03__t3_main_alns__seed1,E_CARBON_TIER1,t3_main_alns,alns_e2_throughput+LOCAL_SEARCH,threeshift,e2-threeshift-200c-03,1,18,36,random_customer_removal+regret3_insert_repair,native_random_customer_removal+regret3_insert_repair,5336.031087745637,,13.909862291009631
E_CARBON_TIER1__formal_goeke80__threeshift__e2-threeshift-200c-03__t3_main_alns__seed1,E_CARBON_TIER1,t3_main_alns,alns_e2_throughput+LOCAL_SEARCH,threeshift,e2-threeshift-200c-03,1,19,38,random_customer_removal+regret3_insert_repair,native_random_customer_removal+regret3_insert_repair,5308.671852900987,,14.74324616600643
E_CARBON_TIER1__formal_goeke80__threeshift__e2-threeshift-200c-03__t3_main_alns__seed1,E_CARBON_TIER1,t3_main_alns,alns_e2_throughput+LOCAL_SEARCH,threeshift,e2-threeshift-200c-03,1,20,39,random_customer_removal+regret3_insert_repair,native_random_customer_removal+regret3_insert_repair,5191.48029069402,,15.199895291007124
E_CARBON_TIER1__formal_goeke80__threeshift__e2-threeshift-200c-03__t3_main_alns__seed1,E_CARBON_TIER1,t3_main_alns,alns_e2_throughput+LOCAL_SEARCH,threeshift,e2-threeshift-200c-03,1,21,47,random_customer_removal+regret3_insert_repair,native_random_customer_removal+regret3_insert_repair,5117.938833221434,,19.248636083008023
E_CARBON_TIER1__formal_goeke80__threeshift__e2-threeshift-200c-03__t3_main_alns__seed1,E_CARBON_TIER1,t3_main_alns,alns_e2_throughput+LOCAL_SEARCH,threeshift,e2-threeshift-200c-03,1,22,55,random_customer_removal+regret3_insert_repair,native_random_customer_removal+regret3_insert_repair,5108.245648989935,,21.983177500005695
E_CARBON_TIER1__formal_goeke80__threeshift__e2-threeshift-200c-03__t3_main_alns__seed1,E_CARBON_TIER1,t3_main_alns,alns_e2_throughput+LOCAL_SEARCH,threeshift,e2-threeshift-200c-03,1,23,56,random_customer_removal+regret3_insert_repair,native_random_customer_removal+regret3_insert_repair,5099.394638147176,,22.33899983300944
E_CARBON_TIER1__formal_goeke80__threeshift__e2-threeshift-200c-03__t3_main_alns__seed1,E_CARBON_TIER1,t3_main_alns,alns_e2_throughput+LOCAL_SEARCH,threeshift,e2-threeshift-200c-03,1,24,59,random_customer_removal+regret3_insert_repair,native_random_customer_removal+regret3_insert_repair,5092.191228613242,,23.277317915999447
E_CARBON_TIER1__formal_goeke80__threeshift__e2-threeshift-200c-03__t3_main_alns__seed1,E_CARBON_TIER1,t3_main_alns,alns_e2_throughput+LOCAL_SEARCH,threeshift,e2-threeshift-200c-03,1,25,60,random_customer_removal+regret3_insert_repair,native_random_customer_removal+regret3_insert_repair,5065.757315429026,,23.907851791009307
E_CARBON_TIER1__formal_goeke80__threeshift__e2-threeshift-200c-03__t3_main_alns__seed1,E_CARBON_TIER1,t3_main_alns,alns_e2_throughput+LOCAL_SEARCH,threeshift,e2-threeshift-200c-03,1,26,80,random_customer_removal+regret3_insert_repair,native_random_customer_removal+regret3_insert_repair,4986.517932852879,,32.92949400001089
E_CARBON_TIER1__formal_goeke80__threeshift__e2-threeshift-200c-03__t3_main_alns__seed1,E_CARBON_TIER1,t3_main_alns,alns_e2_throughput+LOCAL_SEARCH,threeshift,e2-threeshift-200c-03,1,27,81,random_customer_removal+regret3_insert_repair,native_random_customer_removal+regret3_insert_repair,4985.98384272588,,33.431088750003255
E_CARBON_TIER1__formal_goeke80__threeshift__e2-threeshift-200c-03__t3_main_alns__seed1,E_CARBON_TIER1,t3_main_alns,alns_e2_throughput+LOCAL_SEARCH,threeshift,e2-threeshift-200c-03,1,28,100,random_customer_removal+regret3_insert_repair,native_random_customer_removal+regret3_insert_repair,4957.951080907336,,40.26649041600467
E_CARBON_TIER1__formal_goeke80__threeshift__e2-threeshift-200c-03__t3_main_alns__seed1,E_CARBON_TIER1,t3_main_alns,alns_e2_throughput+LOCAL_SEARCH,threeshift,e2-threeshift-200c-03,1,29,103,random_customer_removal+regret3_insert_repair,native_random_customer_removal+regret3_insert_repair,4947.883819814024,,41.585257833008654
E_CARBON_TIER1__formal_goeke80__threeshift__e2-threeshift-200c-03__t3_main_alns__seed1,E_CARBON_TIER1,t3_main_alns,alns_e2_throughput+LOCAL_SEARCH,threeshift,e2-threeshift-200c-03,1,30,106,random_customer_removal+regret3_insert_repair,native_random_customer_removal+regret3_insert_repair,4920.292607610266,,42.576902957996936
E_CARBON_TIER1__formal_goeke80__threeshift__e2-threeshift-200c-03__t3_main_alns__seed1,E_CARBON_TIER1,t3_main_alns,alns_e2_throughput+LOCAL_SEARCH,threeshift,e2-threeshift-200c-03,1,31,115,random_customer_removal+regret3_insert_repair,native_random_customer_removal+regret3_insert_repair,4888.913823287331,,46.14872433300479
E_CARBON_TIER1__formal_goeke80__threeshift__e2-threeshift-200c-03__t3_main_alns__seed1,E_CARBON_TIER1,t3_main_alns,alns_e2_throughput+LOCAL_SEARCH,threeshift,e2-threeshift-200c-03,1,32,116,random_customer_removal+regret3_insert_repair,native_random_customer_removal+regret3_insert_repair,4867.127398221059,,46.940091166005004
E_CARBON_TIER1__formal_goeke80__threeshift__e2-threeshift-200c-03__t3_main_alns__seed1,E_CARBON_TIER1,t3_main_alns,alns_e2_throughput+LOCAL_SEARCH,threeshift,e2-threeshift-200c-03,1,33,119,random_customer_removal+regret3_insert_repair,native_random_customer_removal+regret3_insert_repair,4865.161191019448,,48.23046133300522
E_CARBON_TIER1__formal_goeke80__threeshift__e2-threeshift-200c-03__t3_main_alns__seed1,E_CARBON_TIER1,t3_main_alns,alns_e2_throughput+LOCAL_SEARCH,threeshift,e2-threeshift-200c-03,1,34,122,random_customer_removal+regret3_insert_repair,native_random_customer_removal+regret3_insert_repair,4862.50575033753,,49.947037291000015
E_CARBON_TIER1__formal_goeke80__threeshift__e2-threeshift-200c-03__t3_main_alns__seed1,E_CARBON_TIER1,t3_main_alns,alns_e2_throughput+LOCAL_SEARCH,threeshift,e2-threeshift-200c-03,1,35,130,random_customer_removal+regret3_insert_repair,native_random_customer_removal+regret3_insert_repair,4836.5774742471085,,52.426832166005624
E_CARBON_TIER1__formal_goeke80__threeshift__e2-threeshift-200c-03__t3_main_alns__seed1,E_CARBON_TIER1,t3_main_alns,alns_e2_throughput+LOCAL_SEARCH,threeshift,e2-threeshift-200c-03,1,36,132,random_customer_removal+regret3_insert_repair,native_random_customer_removal+regret3_insert_repair,4830.910866019425,,52.969628582999576
E_CARBON_TIER1__formal_goeke80__threeshift__e2-threeshift-200c-03__t3_main_alns__seed1,E_CARBON_TIER1,t3_main_alns,alns_e2_throughput+LOCAL_SEARCH,threeshift,e2-threeshift-200c-03,1,37,133,random_customer_removal+regret3_insert_repair,native_random_customer_removal+regret3_insert_repair,4819.608254921973,,53.174193250000826
E_CARBON_TIER1__formal_goeke80__threeshift__e2-threeshift-200c-03__t3_main_alns__seed1,E_CARBON_TIER1,t3_main_alns,alns_e2_throughput+LOCAL_SEARCH,threeshift,e2-threeshift-200c-03,1,38,141,random_customer_removal+regret3_insert_repair,native_random_customer_removal+regret3_insert_repair,4815.996196376966,,56.29365141601011
E_CARBON_TIER1__formal_goeke80__threeshift__e2-threeshift-200c-03__t3_main_alns__seed1,E_CARBON_TIER1,t3_main_alns,alns_e2_throughput+LOCAL_SEARCH,threeshift,e2-threeshift-200c-03,1,39,142,random_customer_removal+regret3_insert_repair,native_random_customer_removal+regret3_insert_repair,4811.7144088771265,,56.524604500009445
E_CARBON_TIER1__formal_goeke80__threeshift__e2-threeshift-200c-03__t3_main_alns__seed1,E_CARBON_TIER1,t3_main_alns,alns_e2_throughput+LOCAL_SEARCH,threeshift,e2-threeshift-200c-03,1,40,161,random_customer_removal+regret3_insert_repair,native_random_customer_removal+regret3_insert_repair,4808.186385604213,,63.84227829100564
E_CARBON_TIER1__formal_goeke80__threeshift__e2-threeshift-200c-03__t3_main_alns__seed1,E_CARBON_TIER1,t3_main_alns,alns_e2_throughput+LOCAL_SEARCH,threeshift,e2-threeshift-200c-03,1,41,165,random_customer_removal+regret3_insert_repair,native_random_customer_removal+regret3_insert_repair,4807.0616226228985,,64.86621474999993
E_CARBON_TIER1__formal_goeke80__threeshift__e2-threeshift-200c-03__t3_main_alns__seed1,E_CARBON_TIER1,t3_main_alns,alns_e2_throughput+LOCAL_SEARCH,threeshift,e2-threeshift-200c-03,1,42,175,random_customer_removal+regret3_insert_repair,native_random_customer_removal+regret3_insert_repair,4730.791206301981,,69.83908741601044
E_CARBON_TIER1__formal_goeke80__threeshift__e2-threeshift-200c-03__t3_main_alns__seed1,E_CARBON_TIER1,t3_main_alns,alns_e2_throughput+LOCAL_SEARCH,threeshift,e2-threeshift-200c-03,1,43,180,random_customer_removal+regret3_insert_repair,native_random_customer_removal+regret3_insert_repair,4728.3222664256045,,71.53346995799802
E_CARBON_TIER1__formal_goeke80__threeshift__e2-threeshift-200c-03__t3_main_alns__seed1,E_CARBON_TIER1,t3_main_alns,alns_e2_throughput+LOCAL_SEARCH,threeshift,e2-threeshift-200c-03,1,44,181,random_customer_removal+regret3_insert_repair,native_random_customer_removal+regret3_insert_repair,4714.347631160399,,72.12444929100457
E_CARBON_TIER1__formal_goeke80__threeshift__e2-threeshift-200c-03__t3_main_alns__seed1,E_CARBON_TIER1,t3_main_alns,alns_e2_throughput+LOCAL_SEARCH,threeshift,e2-threeshift-200c-03,1,45,188,random_customer_removal+regret3_insert_repair,native_random_customer_removal+regret3_insert_repair,4704.394922639338,,74.88665458300966
E_CARBON_TIER1__formal_goeke80__threeshift__e2-threeshift-200c-03__t3_main_alns__seed1,E_CARBON_TIER1,t3_main_alns,alns_e2_throughput+LOCAL_SEARCH,threeshift,e2-threeshift-200c-03,1,46,200,random_customer_removal+regret3_insert_repair,native_random_customer_removal+regret3_insert_repair,4700.565831035059,,79.35442320800212
E_CARBON_TIER1__formal_goeke80__threeshift__e2-threeshift-200c-03__t3_main_alns__seed1,E_CARBON_TIER1,t3_main_alns,alns_e2_throughput+LOCAL_SEARCH,threeshift,e2-threeshift-200c-03,1,47,203,random_customer_removal+regret3_insert_repair,native_random_customer_removal+regret3_insert_repair,4698.91433013879,,80.79549137499998
E_CARBON_TIER1__formal_goeke80__threeshift__e2-threeshift-200c-03__t3_main_alns__seed1,E_CARBON_TIER1,t3_main_alns,alns_e2_throughput+LOCAL_SEARCH,threeshift,e2-threeshift-200c-03,1,48,227,random_customer_removal+regret3_insert_repair,native_random_customer_removal+regret3_insert_repair,4698.63790704692,,90.50969362500473
E_CARBON_TIER1__formal_goeke80__threeshift__e2-threeshift-200c-03__t3_main_alns__seed1,E_CARBON_TIER1,t3_main_alns,alns_e2_throughput+LOCAL_SEARCH,threeshift,e2-threeshift-200c-03,1,49,240,random_customer_removal+regret3_insert_repair,native_random_customer_removal+regret3_insert_repair,4693.574337752906,,95.3625088330009
E_CARBON_TIER1__formal_goeke80__threeshift__e2-threeshift-200c-03__t3_main_alns__seed1,E_CARBON_TIER1,t3_main_alns,alns_e2_throughput+LOCAL_SEARCH,threeshift,e2-threeshift-200c-03,1,50,241,random_customer_removal+regret3_insert_repair,native_random_customer_removal+regret3_insert_repair,4693.009073429496,,95.53940033300023
E_CARBON_TIER1__formal_goeke80__threeshift__e2-threeshift-200c-03__t3_main_alns__seed1,E_CARBON_TIER1,t3_main_alns,alns_e2_throughput+LOCAL_SEARCH,threeshift,e2-threeshift-200c-03,1,51,248,random_customer_removal+regret3_insert_repair,native_random_customer_removal+regret3_insert_repair,4692.03350440771,,98.79843887500465
E_CARBON_TIER1__formal_goeke80__threeshift__e2-threeshift-200c-03__t3_main_alns__seed1,E_CARBON_TIER1,t3_main_alns,alns_e2_throughput+LOCAL_SEARCH,threeshift,e2-threeshift-200c-03,1,52,273,random_customer_removal+regret3_insert_repair,native_random_customer_removal+regret3_insert_repair,4691.491046859145,,107.59014675000799
E_CARBON_TIER1__formal_goeke80__threeshift__e2-threeshift-200c-03__t3_main_alns__seed1,E_CARBON_TIER1,t3_main_alns,alns_e2_throughput+LOCAL_SEARCH,threeshift,e2-threeshift-200c-03,1,53,334,random_customer_removal+regret3_insert_repair,native_random_customer_removal+regret3_insert_repair,4688.376747723549,,128.0565974159981
E_CARBON_TIER1__formal_goeke80__threeshift__e2-threeshift-200c-03__t3_main_alns__seed1,E_CARBON_TIER1,t3_main_alns,alns_e2_throughput+LOCAL_SEARCH,threeshift,e2-threeshift-200c-03,1,54,335,random_customer_removal+regret3_insert_repair,native_random_customer_removal+regret3_insert_repair,4686.030303844678,,128.28450037499715
E_CARBON_TIER1__formal_goeke80__threeshift__e2-threeshift-200c-03__t3_main_alns__seed1,E_CARBON_TIER1,t3_main_alns,alns_e2_throughput+LOCAL_SEARCH,threeshift,e2-threeshift-200c-03,1,55,359,random_customer_removal+regret3_insert_repair,native_random_customer_removal+regret3_insert_repair,4685.75388075281,,137.25145008300024
E_CARBON_TIER1__formal_goeke80__threeshift__e2-threeshift-200c-03__t3_main_alns__seed1,E_CARBON_TIER1,t3_main_alns,alns_e2_throughput+LOCAL_SEARCH,threeshift,e2-threeshift-200c-03,1,56,405,random_customer_removal+regret3_insert_repair,native_random_customer_removal+regret3_insert_repair,4680.046905890397,,153.54467679100344
E_CARBON_TIER1__formal_goeke80__threeshift__e2-threeshift-200c-03__t3_main_alns__seed1,E_CARBON_TIER1,t3_main_alns,alns_e2_throughput+LOCAL_SEARCH,threeshift,e2-threeshift-200c-03,1,57,412,random_customer_removal+regret3_insert_repair,native_random_customer_removal+regret3_insert_repair,4679.525047801435,,155.11748095799703
E_CARBON_TIER1__formal_goeke80__threeshift__e2-threeshift-200c-03__t3_main_alns__seed1,E_CARBON_TIER1,t3_main_alns,alns_e2_throughput+LOCAL_SEARCH,threeshift,e2-threeshift-200c-03,1,58,421,random_customer_removal+regret3_insert_repair,native_random_customer_removal+regret3_insert_repair,4678.7787948738915,,158.69812741600617
E_CARBON_TIER1__formal_goeke80__threeshift__e2-threeshift-200c-03__t3_main_alns__seed1,E_CARBON_TIER1,t3_main_alns,alns_e2_throughput+LOCAL_SEARCH,threeshift,e2-threeshift-200c-03,1,59,426,random_customer_removal+regret3_insert_repair,native_random_customer_removal+regret3_insert_repair,4676.655047246942,,160.26647875001072
E_CARBON_TIER1__formal_goeke80__threeshift__e2-threeshift-200c-03__t3_main_alns__seed1,E_CARBON_TIER1,t3_main_alns,alns_e2_throughput+LOCAL_SEARCH,threeshift,e2-threeshift-200c-03,1,60,429,random_customer_removal+regret3_insert_repair,native_random_customer_removal+regret3_insert_repair,4676.448360269455,,161.20009891600057
E_CARBON_TIER1__formal_goeke80__threeshift__e2-threeshift-200c-03__t3_main_alns__seed1,E_CARBON_TIER1,t3_main_alns,alns_e2_throughput+LOCAL_SEARCH,threeshift,e2-threeshift-200c-03,1,61,435,random_customer_removal+regret3_insert_repair,native_random_customer_removal+regret3_insert_repair,4674.937334268865,,163.64907616600976
E_CARBON_TIER1__formal_goeke80__threeshift__e2-threeshift-200c-03__t3_main_alns__seed1,E_CARBON_TIER1,t3_main_alns,alns_e2_throughput+LOCAL_SEARCH,threeshift,e2-threeshift-200c-03,1,62,438,random_customer_removal+regret3_insert_repair,native_random_customer_removal+regret3_insert_repair,4674.651598676398,,164.9624525830004
E_CARBON_TIER1__formal_goeke80__threeshift__e2-threeshift-200c-03__t3_main_alns__seed1,E_CARBON_TIER1,t3_main_alns,alns_e2_throughput+LOCAL_SEARCH,threeshift,e2-threeshift-200c-03,1,63,446,random_customer_removal+regret3_insert_repair,native_random_customer_removal+regret3_insert_repair,4672.775351609233,,167.6822452500055
E_CARBON_TIER1__formal_goeke80__threeshift__e2-threeshift-200c-03__t3_main_alns__seed1,E_CARBON_TIER1,t3_main_alns,alns_e2_throughput+LOCAL_SEARCH,threeshift,e2-threeshift-200c-03,1,64,448,random_customer_removal+regret3_insert_repair,native_random_customer_removal+regret3_insert_repair,4669.744233316945,,168.06405495799845
E_CARBON_TIER1__formal_goeke80__threeshift__e2-threeshift-200c-03__t3_main_alns__seed1,E_CARBON_TIER1,t3_main_alns,alns_e2_throughput+LOCAL_SEARCH,threeshift,e2-threeshift-200c-03,1,65,454,random_customer_removal+regret3_insert_repair,native_random_customer_removal+regret3_insert_repair,4667.752267395761,,170.18949637500918
E_CARBON_TIER1__formal_goeke80__threeshift__e2-threeshift-200c-03__t3_main_alns__seed1,E_CARBON_TIER1,t3_main_alns,alns_e2_throughput+LOCAL_SEARCH,threeshift,e2-threeshift-200c-03,1,66,459,random_customer_removal+regret3_insert_repair,native_random_customer_removal+regret3_insert_repair,4666.917733198983,,172.36197354100295
E_CARBON_TIER1__formal_goeke80__threeshift__e2-threeshift-200c-03__t3_main_alns__seed1,E_CARBON_TIER1,t3_main_alns,alns_e2_throughput+LOCAL_SEARCH,threeshift,e2-threeshift-200c-03,1,67,476,random_customer_removal+regret3_insert_repair,native_random_customer_removal+regret3_insert_repair,4666.375275650418,,179.29166220800835
E_CARBON_TIER1__formal_goeke80__threeshift__e2-threeshift-200c-03__t3_main_alns__seed1,E_CARBON_TIER1,t3_main_alns,alns_e2_throughput+LOCAL_SEARCH,threeshift,e2-threeshift-200c-03,1,68,537,random_customer_removal+regret3_insert_repair,native_random_customer_removal+regret3_insert_repair,4664.9188136804605,,202.13747762500134
E_CARBON_TIER1__formal_goeke80__threeshift__e2-threeshift-200c-03__t3_main_alns__seed1,E_CARBON_TIER1,t3_main_alns,alns_e2_throughput+LOCAL_SEARCH,threeshift,e2-threeshift-200c-03,1,69,550,random_customer_removal+regret3_insert_repair,native_random_customer_removal+regret3_insert_repair,4662.354154953677,,206.59828204099904
E_CARBON_TIER1__formal_goeke80__threeshift__e2-threeshift-200c-03__t3_main_alns__seed1,E_CARBON_TIER1,t3_main_alns,alns_e2_throughput+LOCAL_SEARCH,threeshift,e2-threeshift-200c-03,1,70,562,random_customer_removal+regret3_insert_repair,native_random_customer_removal+regret3_insert_repair,4659.0832280203595,,209.7469633330038
E_CARBON_TIER1__formal_goeke80__threeshift__e2-threeshift-200c-03__t3_main_alns__seed1,E_CARBON_TIER1,t3_main_alns,alns_e2_throughput+LOCAL_SEARCH,threeshift,e2-threeshift-200c-03,1,71,574,random_customer_removal+regret3_insert_repair,native_random_customer_removal+regret3_insert_repair,4658.920625073063,,214.6552305410005
E_CARBON_TIER1__formal_goeke80__threeshift__e2-threeshift-200c-03__t3_main_alns__seed1,E_CARBON_TIER1,t3_main_alns,alns_e2_throughput+LOCAL_SEARCH,threeshift,e2-threeshift-200c-03,1,72,689,random_customer_removal+regret3_insert_repair,native_random_customer_removal+regret3_insert_repair,4656.853446501254,,253.63662970800942
E_CARBON_TIER1__formal_goeke80__threeshift__e2-threeshift-200c-03__t3_main_alns__seed1,E_CARBON_TIER1,t3_main_alns,alns_e2_throughput+LOCAL_SEARCH,threeshift,e2-threeshift-200c-03,1,73,705,random_customer_removal+regret3_insert_repair,native_random_customer_removal+regret3_insert_repair,4656.714664173963,,258.6269547910051
E_CARBON_TIER1__formal_goeke80__threeshift__e2-threeshift-200c-03__t3_main_alns__seed1,E_CARBON_TIER1,t3_main_alns,alns_e2_throughput+LOCAL_SEARCH,threeshift,e2-threeshift-200c-03,1,74,1040,random_customer_removal+regret3_insert_repair,native_random_customer_removal+regret3_insert_repair,4656.384471087164,,374.61903091600107
E_CARBON_TIER1__formal_goeke80__threeshift__e2-threeshift-200c-03__t3_main_alns__seed1,E_CARBON_TIER1,t3_main_alns,alns_e2_throughput+LOCAL_SEARCH,threeshift,e2-threeshift-200c-03,1,75,1134,vehicle_type_swap+greedy_insert_repair,native_vehicle_type_swap+greedy_insert_repair,4639.115907861026,,403.02180433300964
E_CARBON_TIER1__formal_goeke80__threeshift__e2-threeshift-200c-03__t3_main_alns__seed1,E_CARBON_TIER1,t3_main_alns,alns_e2_throughput+LOCAL_SEARCH,threeshift,e2-threeshift-200c-03,1,76,1135,vehicle_type_swap+greedy_insert_repair,native_vehicle_type_swap+greedy_insert_repair,4618.633672947315,,403.21947912500764
E_CARBON_TIER1__formal_goeke80__threeshift__e2-threeshift-200c-03__t3_main_alns__seed1,E_CARBON_TIER1,t3_main_alns,alns_e2_throughput+LOCAL_SEARCH,threeshift,e2-threeshift-200c-03,1,77,1136,vehicle_type_swap+greedy_insert_repair,native_vehicle_type_swap+greedy_insert_repair,4601.918513737763,,403.40202979100286
E_CARBON_TIER1__formal_goeke80__threeshift__e2-threeshift-200c-03__t3_main_alns__seed1,E_CARBON_TIER1,t3_main_alns,alns_e2_throughput+LOCAL_SEARCH,threeshift,e2-threeshift-200c-03,1,78,1137,vehicle_type_swap+greedy_insert_repair,native_vehicle_type_swap+greedy_insert_repair,4587.086726061399,,403.59467695800413
E_CARBON_TIER1__formal_goeke80__threeshift__e2-threeshift-200c-03__t3_main_alns__seed1,E_CARBON_TIER1,t3_main_alns,alns_e2_throughput+LOCAL_SEARCH,threeshift,e2-threeshift-200c-03,1,79,1138,vehicle_type_swap+greedy_insert_repair,native_vehicle_type_swap+greedy_insert_repair,4576.599865013373,,403.79406204100815
E_CARBON_TIER1__formal_goeke80__threeshift__e2-threeshift-200c-03__t3_main_alns__seed1,E_CARBON_TIER1,t3_main_alns,alns_e2_throughput+LOCAL_SEARCH,threeshift,e2-threeshift-200c-03,1,80,1139,vehicle_type_swap+greedy_insert_repair,native_vehicle_type_swap+greedy_insert_repair,4563.804299222593,,403.9974518329982
E_CARBON_TIER1__formal_goeke80__threeshift__e2-threeshift-200c-03__t3_main_alns__seed1,E_CARBON_TIER1,t3_main_alns,alns_e2_throughput+LOCAL_SEARCH,threeshift,e2-threeshift-200c-03,1,81,1140,vehicle_type_swap+greedy_insert_repair,native_vehicle_type_swap+greedy_insert_repair,4548.771331834272,,404.2089777910005
E_CARBON_TIER1__formal_goeke80__threeshift__e2-threeshift-200c-03__t3_main_alns__seed1,E_CARBON_TIER1,t3_main_alns,alns_e2_throughput+LOCAL_SEARCH,threeshift,e2-threeshift-200c-03,1,82,1141,vehicle_type_swap+greedy_insert_repair,native_vehicle_type_swap+greedy_insert_repair,4539.02455149798,,404.42908604101103
E_CARBON_TIER1__formal_goeke80__threeshift__e2-threeshift-200c-03__t3_main_alns__seed1,E_CARBON_TIER1,t3_main_alns,alns_e2_throughput+LOCAL_SEARCH,threeshift,e2-threeshift-200c-03,1,83,1142,vehicle_type_swap+greedy_insert_repair,native_vehicle_type_swap+greedy_insert_repair,4531.105103110349,,404.6568482080038
E_CARBON_TIER1__formal_goeke80__threeshift__e2-threeshift-200c-03__t3_main_alns__seed1,E_CARBON_TIER1,t3_main_alns,alns_e2_throughput+LOCAL_SEARCH,threeshift,e2-threeshift-200c-03,1,84,1146,vehicle_type_swap+greedy_insert_repair,native_vehicle_type_swap+greedy_insert_repair,4519.717569724338,,405.5333746660035
E_CARBON_TIER1__formal_goeke80__threeshift__e2-threeshift-200c-03__t3_main_alns__seed1,E_CARBON_TIER1,t3_main_alns,alns_e2_throughput+LOCAL_SEARCH,threeshift,e2-threeshift-200c-03,1,85,5241,route_segment_removal+greedy_insert_repair,native_route_segment_removal+greedy_insert_repair,4519.484229201583,,1231.1102693330176
E_CARBON_TIER1__formal_goeke80__threeshift__e2-threeshift-200c-03__t3_main_alns__seed2,E_CARBON_TIER1,t3_main_alns,alns_e2_throughput+LOCAL_SEARCH,threeshift,e2-threeshift-200c-03,2,0,0,shared_warm_start,shared_warm_start,6648.691898004797,,0.0005709160177502781
E_CARBON_TIER1__formal_goeke80__threeshift__e2-threeshift-200c-03__t3_main_alns__seed2,E_CARBON_TIER1,t3_main_alns,alns_e2_throughput+LOCAL_SEARCH,threeshift,e2-threeshift-200c-03,2,1,8,worst_customer_removal+regret3_insert_repair,native_worst_customer_removal+regret3_insert_repair,5665.997693624709,,2.465918875008356
E_CARBON_TIER1__formal_goeke80__threeshift__e2-threeshift-200c-03__t3_main_alns__seed2,E_CARBON_TIER1,t3_main_alns,alns_e2_throughput+LOCAL_SEARCH,threeshift,e2-threeshift-200c-03,2,2,137,route_segment_removal+greedy_insert_repair,native_route_segment_removal+greedy_insert_repair,5636.549676751022,,15.779643375019077
E_CARBON_TIER1__formal_goeke80__threeshift__e2-threeshift-200c-03__t3_main_alns__seed2,E_CARBON_TIER1,t3_main_alns,alns_e2_throughput+LOCAL_SEARCH,threeshift,e2-threeshift-200c-03,2,3,150,route_segment_removal+greedy_insert_repair,native_route_segment_removal+greedy_insert_repair,5626.692243028574,,16.32003029101179
E_CARBON_TIER1__formal_goeke80__threeshift__e2-threeshift-200c-03__t3_main_alns__seed2,E_CARBON_TIER1,t3_main_alns,alns_e2_throughput+LOCAL_SEARCH,threeshift,e2-threeshift-200c-03,2,4,165,route_segment_removal+greedy_insert_repair,native_route_segment_removal+greedy_insert_repair,5534.086544532954,,17.219289583008504
E_CARBON_TIER1__formal_goeke80__threeshift__e2-threeshift-200c-03__t3_main_alns__seed2,E_CARBON_TIER1,t3_main_alns,alns_e2_throughput+LOCAL_SEARCH,threeshift,e2-threeshift-200c-03,2,5,167,route_segment_removal+greedy_insert_repair,native_route_segment_removal+greedy_insert_repair,5533.792474848467,,17.36609504101216
E_CARBON_TIER1__formal_goeke80__threeshift__e2-threeshift-200c-03__t3_main_alns__seed2,E_CARBON_TIER1,t3_main_alns,alns_e2_throughput+LOCAL_SEARCH,threeshift,e2-threeshift-200c-03,2,6,170,route_segment_removal+greedy_insert_repair,native_route_segment_removal+greedy_insert_repair,5525.985083600487,,17.71948204099317
E_CARBON_TIER1__formal_goeke80__threeshift__e2-threeshift-200c-03__t3_main_alns__seed2,E_CARBON_TIER1,t3_main_alns,alns_e2_throughput+LOCAL_SEARCH,threeshift,e2-threeshift-200c-03,2,7,176,route_segment_removal+greedy_insert_repair,native_route_segment_removal+greedy_insert_repair,5520.234973032841,,18.418998291017488
E_CARBON_TIER1__formal_goeke80__threeshift__e2-threeshift-200c-03__t3_main_alns__seed2,E_CARBON_TIER1,t3_main_alns,alns_e2_throughput+LOCAL_SEARCH,threeshift,e2-threeshift-200c-03,2,8,184,route_segment_removal+greedy_insert_repair,native_route_segment_removal+greedy_insert_repair,5439.997671140955,,19.157385083002737
E_CARBON_TIER1__formal_goeke80__threeshift__e2-threeshift-200c-03__t3_main_alns__seed2,E_CARBON_TIER1,t3_main_alns,alns_e2_throughput+LOCAL_SEARCH,threeshift,e2-threeshift-200c-03,2,9,185,route_segment_removal+greedy_insert_repair,native_route_segment_removal+greedy_insert_repair,5438.764664575428,,19.27672700001858
E_CARBON_TIER1__formal_goeke80__threeshift__e2-threeshift-200c-03__t3_main_alns__seed2,E_CARBON_TIER1,t3_main_alns,alns_e2_throughput+LOCAL_SEARCH,threeshift,e2-threeshift-200c-03,2,10,189,route_segment_removal+greedy_insert_repair,native_route_segment_removal+greedy_insert_repair,5432.7700594775315,,19.633319125015987
E_CARBON_TIER1__formal_goeke80__threeshift__e2-threeshift-200c-03__t3_main_alns__seed2,E_CARBON_TIER1,t3_main_alns,alns_e2_throughput+LOCAL_SEARCH,threeshift,e2-threeshift-200c-03,2,11,193,route_segment_removal+greedy_insert_repair,native_route_segment_removal+greedy_insert_repair,5374.620244350489,,20.108515166008146
E_CARBON_TIER1__formal_goeke80__threeshift__e2-threeshift-200c-03__t3_main_alns__seed2,E_CARBON_TIER1,t3_main_alns,alns_e2_throughput+LOCAL_SEARCH,threeshift,e2-threeshift-200c-03,2,12,194,route_segment_removal+greedy_insert_repair,native_route_segment_removal+greedy_insert_repair,5371.891200637679,,20.23454508301802
E_CARBON_TIER1__formal_goeke80__threeshift__e2-threeshift-200c-03__t3_main_alns__seed2,E_CARBON_TIER1,t3_main_alns,alns_e2_throughput+LOCAL_SEARCH,threeshift,e2-threeshift-200c-03,2,13,198,route_segment_removal+greedy_insert_repair,native_route_segment_removal+greedy_insert_repair,5369.839424836655,,20.713362041016808
E_CARBON_TIER1__formal_goeke80__threeshift__e2-threeshift-200c-03__t3_main_alns__seed2,E_CARBON_TIER1,t3_main_alns,alns_e2_throughput+LOCAL_SEARCH,threeshift,e2-threeshift-200c-03,2,14,206,route_segment_removal+greedy_insert_repair,native_route_segment_removal+greedy_insert_repair,5364.725427929715,,21.317909250006778
E_CARBON_TIER1__formal_goeke80__threeshift__e2-threeshift-200c-03__t3_main_alns__seed2,E_CARBON_TIER1,t3_main_alns,alns_e2_throughput+LOCAL_SEARCH,threeshift,e2-threeshift-200c-03,2,15,208,route_segment_removal+greedy_insert_repair,native_route_segment_removal+greedy_insert_repair,5361.063016135405,,21.484521375008626
E_CARBON_TIER1__formal_goeke80__threeshift__e2-threeshift-200c-03__t3_main_alns__seed2,E_CARBON_TIER1,t3_main_alns,alns_e2_throughput+LOCAL_SEARCH,threeshift,e2-threeshift-200c-03,2,16,216,route_segment_removal+greedy_insert_repair,native_route_segment_removal+greedy_insert_repair,5357.177896448788,,21.979278165992582
E_CARBON_TIER1__formal_goeke80__threeshift__e2-threeshift-200c-03__t3_main_alns__seed2,E_CARBON_TIER1,t3_main_alns,alns_e2_throughput+LOCAL_SEARCH,threeshift,e2-threeshift-200c-03,2,17,217,route_segment_removal+greedy_insert_repair,native_route_segment_removal+greedy_insert_repair,5347.78003110577,,22.102822999993805
E_CARBON_TIER1__formal_goeke80__threeshift__e2-threeshift-200c-03__t3_main_alns__seed2,E_CARBON_TIER1,t3_main_alns,alns_e2_throughput+LOCAL_SEARCH,threeshift,e2-threeshift-200c-03,2,18,221,route_segment_removal+greedy_insert_repair,native_route_segment_removal+greedy_insert_repair,5345.921441595847,,22.3536605410045
E_CARBON_TIER1__formal_goeke80__threeshift__e2-threeshift-200c-03__t3_main_alns__seed2,E_CARBON_TIER1,t3_main_alns,alns_e2_throughput+LOCAL_SEARCH,threeshift,e2-threeshift-200c-03,2,19,231,route_segment_removal+greedy_insert_repair,native_route_segment_removal+greedy_insert_repair,5344.1215878994935,,23.07366045800154
E_CARBON_TIER1__formal_goeke80__threeshift__e2-threeshift-200c-03__t3_main_alns__seed2,E_CARBON_TIER1,t3_main_alns,alns_e2_throughput+LOCAL_SEARCH,threeshift,e2-threeshift-200c-03,2,20,234,route_segment_removal+greedy_insert_repair,native_route_segment_removal+greedy_insert_repair,5343.969204229471,,23.237980916019296
E_CARBON_TIER1__formal_goeke80__threeshift__e2-threeshift-200c-03__t3_main_alns__seed2,E_CARBON_TIER1,t3_main_alns,alns_e2_throughput+LOCAL_SEARCH,threeshift,e2-threeshift-200c-03,2,21,249,route_segment_removal+greedy_insert_repair,native_route_segment_removal+greedy_insert_repair,5342.568018590364,,24.265687958017224
E_CARBON_TIER1__formal_goeke80__threeshift__e2-threeshift-200c-03__t3_main_alns__seed2,E_CARBON_TIER1,t3_main_alns,alns_e2_throughput+LOCAL_SEARCH,threeshift,e2-threeshift-200c-03,2,22,260,route_segment_removal+greedy_insert_repair,native_route_segment_removal+greedy_insert_repair,5337.395398022442,,24.938360875006765
E_CARBON_TIER1__formal_goeke80__threeshift__e2-threeshift-200c-03__t3_main_alns__seed2,E_CARBON_TIER1,t3_main_alns,alns_e2_throughput+LOCAL_SEARCH,threeshift,e2-threeshift-200c-03,2,23,267,route_segment_removal+greedy_insert_repair,native_route_segment_removal+greedy_insert_repair,5318.524205051806,,25.6527031250007
E_CARBON_TIER1__formal_goeke80__threeshift__e2-threeshift-200c-03__t3_main_alns__seed2,E_CARBON_TIER1,t3_main_alns,alns_e2_throughput+LOCAL_SEARCH,threeshift,e2-threeshift-200c-03,2,24,269,route_segment_removal+greedy_insert_repair,native_route_segment_removal+greedy_insert_repair,5317.3281936092135,,25.79579604099854
E_CARBON_TIER1__formal_goeke80__threeshift__e2-threeshift-200c-03__t3_main_alns__seed2,E_CARBON_TIER1,t3_main_alns,alns_e2_throughput+LOCAL_SEARCH,threeshift,e2-threeshift-200c-03,2,25,282,route_segment_removal+greedy_insert_repair,native_route_segment_removal+greedy_insert_repair,5315.9506714159825,,26.687053208006546
E_CARBON_TIER1__formal_goeke80__threeshift__e2-threeshift-200c-03__t3_main_alns__seed2,E_CARBON_TIER1,t3_main_alns,alns_e2_throughput+LOCAL_SEARCH,threeshift,e2-threeshift-200c-03,2,26,284,route_segment_removal+greedy_insert_repair,native_route_segment_removal+greedy_insert_repair,5310.509378052841,,26.849520916002803
E_CARBON_TIER1__formal_goeke80__threeshift__e2-threeshift-200c-03__t3_main_alns__seed2,E_CARBON_TIER1,t3_main_alns,alns_e2_throughput+LOCAL_SEARCH,threeshift,e2-threeshift-200c-03,2,27,292,route_segment_removal+greedy_insert_repair,native_route_segment_removal+greedy_insert_repair,5231.382110609305,,27.60399450000841
E_CARBON_TIER1__formal_goeke80__threeshift__e2-threeshift-200c-03__t3_main_alns__seed2,E_CARBON_TIER1,t3_main_alns,alns_e2_throughput+LOCAL_SEARCH,threeshift,e2-threeshift-200c-03,2,28,299,route_segment_removal+greedy_insert_repair,native_route_segment_removal+greedy_insert_repair,5224.976225539037,,28.227549250004813
E_CARBON_TIER1__formal_goeke80__threeshift__e2-threeshift-200c-03__t3_main_alns__seed2,E_CARBON_TIER1,t3_main_alns,alns_e2_throughput+LOCAL_SEARCH,threeshift,e2-threeshift-200c-03,2,29,324,route_segment_removal+greedy_insert_repair,native_route_segment_removal+greedy_insert_repair,5224.706899666661,,29.55670708301477
E_CARBON_TIER1__formal_goeke80__threeshift__e2-threeshift-200c-03__t3_main_alns__seed2,E_CARBON_TIER1,t3_main_alns,alns_e2_throughput+LOCAL_SEARCH,threeshift,e2-threeshift-200c-03,2,30,327,route_segment_removal+greedy_insert_repair,native_route_segment_removal+greedy_insert_repair,5223.360744082237,,29.700477333011804
E_CARBON_TIER1__formal_goeke80__threeshift__e2-threeshift-200c-03__t3_main_alns__seed2,E_CARBON_TIER1,t3_main_alns,alns_e2_throughput+LOCAL_SEARCH,threeshift,e2-threeshift-200c-03,2,31,355,route_segment_removal+greedy_insert_repair,native_route_segment_removal+greedy_insert_repair,5222.633906112217,,30.90657729099621
E_CARBON_TIER1__formal_goeke80__threeshift__e2-threeshift-200c-03__t3_main_alns__seed2,E_CARBON_TIER1,t3_main_alns,alns_e2_throughput+LOCAL_SEARCH,threeshift,e2-threeshift-200c-03,2,32,360,route_segment_removal+greedy_insert_repair,native_route_segment_removal+greedy_insert_repair,5222.211356955759,,31.29451354101184
E_CARBON_TIER1__formal_goeke80__threeshift__e2-threeshift-200c-03__t3_main_alns__seed2,E_CARBON_TIER1,t3_main_alns,alns_e2_throughput+LOCAL_SEARCH,threeshift,e2-threeshift-200c-03,2,33,372,route_segment_removal+greedy_insert_repair,native_route_segment_removal+greedy_insert_repair,5213.283752980196,,32.03068962501129
E_CARBON_TIER1__formal_goeke80__threeshift__e2-threeshift-200c-03__t3_main_alns__seed2,E_CARBON_TIER1,t3_main_alns,alns_e2_throughput+LOCAL_SEARCH,threeshift,e2-threeshift-200c-03,2,34,457,route_segment_removal+greedy_insert_repair,native_route_segment_removal+greedy_insert_repair,5212.4224475400715,,36.90102979101357
E_CARBON_TIER1__formal_goeke80__threeshift__e2-threeshift-200c-03__t3_main_alns__seed2,E_CARBON_TIER1,t3_main_alns,alns_e2_throughput+LOCAL_SEARCH,threeshift,e2-threeshift-200c-03,2,35,518,route_segment_removal+greedy_insert_repair,native_route_segment_removal+greedy_insert_repair,5211.011772092177,,40.8369883330015
E_CARBON_TIER1__formal_goeke80__threeshift__e2-threeshift-200c-03__t3_main_alns__seed2,E_CARBON_TIER1,t3_main_alns,alns_e2_throughput+LOCAL_SEARCH,threeshift,e2-threeshift-200c-03,2,36,539,route_segment_removal+greedy_insert_repair,native_route_segment_removal+greedy_insert_repair,5209.799992256983,,42.090223041013815
E_CARBON_TIER1__formal_goeke80__threeshift__e2-threeshift-200c-03__t3_main_alns__seed2,E_CARBON_TIER1,t3_main_alns,alns_e2_throughput+LOCAL_SEARCH,threeshift,e2-threeshift-200c-03,2,37,541,route_segment_removal+greedy_insert_repair,native_route_segment_removal+greedy_insert_repair,5208.913114876223,,42.22257199999876
E_CARBON_TIER1__formal_goeke80__threeshift__e2-threeshift-200c-03__t3_main_alns__seed2,E_CARBON_TIER1,t3_main_alns,alns_e2_throughput+LOCAL_SEARCH,threeshift,e2-threeshift-200c-03,2,38,598,route_segment_removal+greedy_insert_repair,native_route_segment_removal+greedy_insert_repair,5199.486876217422,,45.848531083000125
E_CARBON_TIER1__formal_goeke80__threeshift__e2-threeshift-200c-03__t3_main_alns__seed2,E_CARBON_TIER1,t3_main_alns,alns_e2_throughput+LOCAL_SEARCH,threeshift,e2-threeshift-200c-03,2,39,599,route_segment_removal+greedy_insert_repair,native_route_segment_removal+greedy_insert_repair,5197.598520896738,,45.99245762499049
E_CARBON_TIER1__formal_goeke80__threeshift__e2-threeshift-200c-03__t3_main_alns__seed2,E_CARBON_TIER1,t3_main_alns,alns_e2_throughput+LOCAL_SEARCH,threeshift,e2-threeshift-200c-03,2,40,624,route_segment_removal+greedy_insert_repair,native_route_segment_removal+greedy_insert_repair,5197.460765855295,,47.41722641600063
E_CARBON_TIER1__formal_goeke80__threeshift__e2-threeshift-200c-03__t3_main_alns__seed2,E_CARBON_TIER1,t3_main_alns,alns_e2_throughput+LOCAL_SEARCH,threeshift,e2-threeshift-200c-03,2,41,627,route_segment_removal+greedy_insert_repair,native_route_segment_removal+greedy_insert_repair,5197.272603833745,,47.67506800001138
E_CARBON_TIER1__formal_goeke80__threeshift__e2-threeshift-200c-03__t3_main_alns__seed2,E_CARBON_TIER1,t3_main_alns,alns_e2_throughput+LOCAL_SEARCH,threeshift,e2-threeshift-200c-03,2,42,644,route_segment_removal+greedy_insert_repair,native_route_segment_removal+greedy_insert_repair,5197.108216463703,,48.96087695800816
E_CARBON_TIER1__formal_goeke80__threeshift__e2-threeshift-200c-03__t3_main_alns__seed2,E_CARBON_TIER1,t3_main_alns,alns_e2_throughput+LOCAL_SEARCH,threeshift,e2-threeshift-200c-03,2,43,649,route_segment_removal+greedy_insert_repair,native_route_segment_removal+greedy_insert_repair,5194.644285735842,,49.35705845800112
E_CARBON_TIER1__formal_goeke80__threeshift__e2-threeshift-200c-03__t3_main_alns__seed2,E_CARBON_TIER1,t3_main_alns,alns_e2_throughput+LOCAL_SEARCH,threeshift,e2-threeshift-200c-03,2,44,736,route_segment_removal+greedy_insert_repair,native_route_segment_removal+greedy_insert_repair,5193.040147167832,,54.56776516599348
E_CARBON_TIER1__formal_goeke80__threeshift__e2-threeshift-200c-03__t3_main_alns__seed2,E_CARBON_TIER1,t3_main_alns,alns_e2_throughput+LOCAL_SEARCH,threeshift,e2-threeshift-200c-03,2,45,750,route_segment_removal+greedy_insert_repair,native_route_segment_removal+greedy_insert_repair,5191.20960507692,,55.35801037499914
E_CARBON_TIER1__formal_goeke80__threeshift__e2-threeshift-200c-03__t3_main_alns__seed2,E_CARBON_TIER1,t3_main_alns,alns_e2_throughput+LOCAL_SEARCH,threeshift,e2-threeshift-200c-03,2,46,760,route_segment_removal+greedy_insert_repair,native_route_segment_removal+greedy_insert_repair,5187.663235369462,,56.132607833016664
E_CARBON_TIER1__formal_goeke80__threeshift__e2-threeshift-200c-03__t3_main_alns__seed2,E_CARBON_TIER1,t3_main_alns,alns_e2_throughput+LOCAL_SEARCH,threeshift,e2-threeshift-200c-03,2,47,846,route_segment_removal+greedy_insert_repair,native_route_segment_removal+greedy_insert_repair,5187.370411983918,,61.51254966601846
E_CARBON_TIER1__formal_goeke80__threeshift__e2-threeshift-200c-03__t3_main_alns__seed2,E_CARBON_TIER1,t3_main_alns,alns_e2_throughput+LOCAL_SEARCH,threeshift,e2-threeshift-200c-03,2,48,881,route_segment_removal+greedy_insert_repair,native_route_segment_removal+greedy_insert_repair,5186.208383643556,,63.62947733301553
E_CARBON_TIER1__formal_goeke80__threeshift__e2-threeshift-200c-03__t3_main_alns__seed2,E_CARBON_TIER1,t3_main_alns,alns_e2_throughput+LOCAL_SEARCH,threeshift,e2-threeshift-200c-03,2,49,937,route_segment_removal+greedy_insert_repair,native_route_segment_removal+greedy_insert_repair,5182.30701899014,,66.90952404099517
E_CARBON_TIER1__formal_goeke80__threeshift__e2-threeshift-200c-03__t3_main_alns__seed2,E_CARBON_TIER1,t3_main_alns,alns_e2_throughput+LOCAL_SEARCH,threeshift,e2-threeshift-200c-03,2,50,975,route_segment_removal+greedy_insert_repair,native_route_segment_removal+greedy_insert_repair,5182.061190439402,,69.31723087499267
E_CARBON_TIER1__formal_goeke80__threeshift__e2-threeshift-200c-03__t3_main_alns__seed2,E_CARBON_TIER1,t3_main_alns,alns_e2_throughput+LOCAL_SEARCH,threeshift,e2-threeshift-200c-03,2,51,985,route_segment_removal+greedy_insert_repair,native_route_segment_removal+greedy_insert_repair,5181.4675002471395,,69.72879424999701
E_CARBON_TIER1__formal_goeke80__threeshift__e2-threeshift-200c-03__t3_main_alns__seed2,E_CARBON_TIER1,t3_main_alns,alns_e2_throughput+LOCAL_SEARCH,threeshift,e2-threeshift-200c-03,2,52,1081,route_segment_removal+greedy_insert_repair,native_route_segment_removal+greedy_insert_repair,5180.845151925994,,76.28190791601082
E_CARBON_TIER1__formal_goeke80__threeshift__e2-threeshift-200c-03__t3_main_alns__seed2,E_CARBON_TIER1,t3_main_alns,alns_e2_throughput+LOCAL_SEARCH,threeshift,e2-threeshift-200c-03,2,53,1104,vehicle_type_swap+greedy_insert_repair,native_vehicle_type_swap+greedy_insert_repair,5159.385707693387,,77.97027983301086
E_CARBON_TIER1__formal_goeke80__threeshift__e2-threeshift-200c-03__t3_main_alns__seed2,E_CARBON_TIER1,t3_main_alns,alns_e2_throughput+LOCAL_SEARCH,threeshift,e2-threeshift-200c-03,2,54,1105,vehicle_type_swap+greedy_insert_repair,native_vehicle_type_swap+greedy_insert_repair,5138.107384198907,,78.14885745799984
E_CARBON_TIER1__formal_goeke80__threeshift__e2-threeshift-200c-03__t3_main_alns__seed2,E_CARBON_TIER1,t3_main_alns,alns_e2_throughput+LOCAL_SEARCH,threeshift,e2-threeshift-200c-03,2,55,1106,vehicle_type_swap+greedy_insert_repair,native_vehicle_type_swap+greedy_insert_repair,5121.616454489275,,78.3117367910163
E_CARBON_TIER1__formal_goeke80__threeshift__e2-threeshift-200c-03__t3_main_alns__seed2,E_CARBON_TIER1,t3_main_alns,alns_e2_throughput+LOCAL_SEARCH,threeshift,e2-threeshift-200c-03,2,56,1107,vehicle_type_swap+greedy_insert_repair,native_vehicle_type_swap+greedy_insert_repair,5101.545052875299,,78.47692625000491
E_CARBON_TIER1__formal_goeke80__threeshift__e2-threeshift-200c-03__t3_main_alns__seed2,E_CARBON_TIER1,t3_main_alns,alns_e2_throughput+LOCAL_SEARCH,threeshift,e2-threeshift-200c-03,2,57,1108,vehicle_type_swap+greedy_insert_repair,native_vehicle_type_swap+greedy_insert_repair,5083.995691173135,,78.65028550001443
E_CARBON_TIER1__formal_goeke80__threeshift__e2-threeshift-200c-03__t3_main_alns__seed2,E_CARBON_TIER1,t3_main_alns,alns_e2_throughput+LOCAL_SEARCH,threeshift,e2-threeshift-200c-03,2,58,1109,vehicle_type_swap+greedy_insert_repair,native_vehicle_type_swap+greedy_insert_repair,5071.829670953562,,78.82967358300812
E_CARBON_TIER1__formal_goeke80__threeshift__e2-threeshift-200c-03__t3_main_alns__seed2,E_CARBON_TIER1,t3_main_alns,alns_e2_throughput+LOCAL_SEARCH,threeshift,e2-threeshift-200c-03,2,59,1111,vehicle_type_swap+greedy_insert_repair,native_vehicle_type_swap+greedy_insert_repair,5063.165390105144,,79.18364279100206
E_CARBON_TIER1__formal_goeke80__threeshift__e2-threeshift-200c-03__t3_main_alns__seed2,E_CARBON_TIER1,t3_main_alns,alns_e2_throughput+LOCAL_SEARCH,threeshift,e2-threeshift-200c-03,2,60,1219,route_segment_removal+greedy_insert_repair,native_route_segment_removal+greedy_insert_repair,5053.176408374963,,96.440766832995
E_CARBON_TIER1__formal_goeke80__threeshift__e2-threeshift-200c-03__t3_main_alns__seed2,E_CARBON_TIER1,t3_main_alns,alns_e2_throughput+LOCAL_SEARCH,threeshift,e2-threeshift-200c-03,2,61,1236,route_segment_removal+greedy_insert_repair,native_route_segment_removal+greedy_insert_repair,5053.111805109561,,98.2838892909931
E_CARBON_TIER1__formal_goeke80__threeshift__e2-threeshift-200c-03__t3_main_alns__seed2,E_CARBON_TIER1,t3_main_alns,alns_e2_throughput+LOCAL_SEARCH,threeshift,e2-threeshift-200c-03,2,62,1286,route_segment_removal+greedy_insert_repair,native_route_segment_removal+greedy_insert_repair,5051.125825660776,,104.10485129099106
E_CARBON_TIER1__formal_goeke80__threeshift__e2-threeshift-200c-03__t3_main_alns__seed2,E_CARBON_TIER1,t3_main_alns,alns_e2_throughput+LOCAL_SEARCH,threeshift,e2-threeshift-200c-03,2,63,1294,route_segment_removal+greedy_insert_repair,native_route_segment_removal+greedy_insert_repair,5049.713026071103,,104.9285907500016
E_CARBON_TIER1__formal_goeke80__threeshift__e2-threeshift-200c-03__t3_main_alns__seed2,E_CARBON_TIER1,t3_main_alns,alns_e2_throughput+LOCAL_SEARCH,threeshift,e2-threeshift-200c-03,2,64,1349,route_segment_removal+greedy_insert_repair,native_route_segment_removal+greedy_insert_repair,5048.691032156081,,112.04881608299911
E_CARBON_TIER1__formal_goeke80__threeshift__e2-threeshift-200c-03__t3_main_alns__seed2,E_CARBON_TIER1,t3_main_alns,alns_e2_throughput+LOCAL_SEARCH,threeshift,e2-threeshift-200c-03,2,65,1352,route_segment_removal+greedy_insert_repair,native_route_segment_removal+greedy_insert_repair,5048.2826061295145,,112.55231091601308
E_CARBON_TIER1__formal_goeke80__threeshift__e2-threeshift-200c-03__t3_main_alns__seed2,E_CARBON_TIER1,t3_main_alns,alns_e2_throughput+LOCAL_SEARCH,threeshift,e2-threeshift-200c-03,2,66,1394,route_segment_removal+greedy_insert_repair,native_route_segment_removal+greedy_insert_repair,4928.289630855641,,117.50293925000005
E_CARBON_TIER1__formal_goeke80__threeshift__e2-threeshift-200c-03__t3_main_alns__seed2,E_CARBON_TIER1,t3_main_alns,alns_e2_throughput+LOCAL_SEARCH,threeshift,e2-threeshift-200c-03,2,67,1411,route_segment_removal+greedy_insert_repair,native_route_segment_removal+greedy_insert_repair,4928.062549875832,,119.26276808301918
E_CARBON_TIER1__formal_goeke80__threeshift__e2-threeshift-200c-03__t3_main_alns__seed2,E_CARBON_TIER1,t3_main_alns,alns_e2_throughput+LOCAL_SEARCH,threeshift,e2-threeshift-200c-03,2,68,1464,route_segment_removal+greedy_insert_repair,native_route_segment_removal+greedy_insert_repair,4921.620236435038,,124.80895979100023
E_CARBON_TIER1__formal_goeke80__threeshift__e2-threeshift-200c-03__t3_main_alns__seed2,E_CARBON_TIER1,t3_main_alns,alns_e2_throughput+LOCAL_SEARCH,threeshift,e2-threeshift-200c-03,2,69,1485,route_segment_removal+greedy_insert_repair,native_route_segment_removal+greedy_insert_repair,4917.364106280039,,126.56954137500725
E_CARBON_TIER1__formal_goeke80__threeshift__e2-threeshift-200c-03__t3_main_alns__seed2,E_CARBON_TIER1,t3_main_alns,alns_e2_throughput+LOCAL_SEARCH,threeshift,e2-threeshift-200c-03,2,70,1496,route_segment_removal+greedy_insert_repair,native_route_segment_removal+greedy_insert_repair,4912.251771769166,,127.97382820799248
E_CARBON_TIER1__formal_goeke80__threeshift__e2-threeshift-200c-03__t3_main_alns__seed2,E_CARBON_TIER1,t3_main_alns,alns_e2_throughput+LOCAL_SEARCH,threeshift,e2-threeshift-200c-03,2,71,1503,route_segment_removal+greedy_insert_repair,native_route_segment_removal+greedy_insert_repair,4909.8540056204,,128.89135604101466
E_CARBON_TIER1__formal_goeke80__threeshift__e2-threeshift-200c-03__t3_main_alns__seed2,E_CARBON_TIER1,t3_main_alns,alns_e2_throughput+LOCAL_SEARCH,threeshift,e2-threeshift-200c-03,2,72,1565,route_segment_removal+greedy_insert_repair,native_route_segment_removal+greedy_insert_repair,4909.031190992202,,134.93231558299158
E_CARBON_TIER1__formal_goeke80__threeshift__e2-threeshift-200c-03__t3_main_alns__seed2,E_CARBON_TIER1,t3_main_alns,alns_e2_throughput+LOCAL_SEARCH,threeshift,e2-threeshift-200c-03,2,73,1573,route_segment_removal+greedy_insert_repair,native_route_segment_removal+greedy_insert_repair,4908.69020732141,,135.89123179099988
E_CARBON_TIER1__formal_goeke80__threeshift__e2-threeshift-200c-03__t3_main_alns__seed2,E_CARBON_TIER1,t3_main_alns,alns_e2_throughput+LOCAL_SEARCH,threeshift,e2-threeshift-200c-03,2,74,1587,route_segment_removal+greedy_insert_repair,native_route_segment_removal+greedy_insert_repair,4908.538891090706,,137.17401879100362
E_CARBON_TIER1__formal_goeke80__threeshift__e2-threeshift-200c-03__t3_main_alns__seed2,E_CARBON_TIER1,t3_main_alns,alns_e2_throughput+LOCAL_SEARCH,threeshift,e2-threeshift-200c-03,2,75,1588,route_segment_removal+greedy_insert_repair,native_route_segment_removal+greedy_insert_repair,4907.491901737394,,137.35738766600844
E_CARBON_TIER1__formal_goeke80__threeshift__e2-threeshift-200c-03__t3_main_alns__seed2,E_CARBON_TIER1,t3_main_alns,alns_e2_throughput+LOCAL_SEARCH,threeshift,e2-threeshift-200c-03,2,76,1606,route_segment_removal+greedy_insert_repair,native_route_segment_removal+greedy_insert_repair,4906.941992019869,,139.63546437499463
E_CARBON_TIER1__formal_goeke80__threeshift__e2-threeshift-200c-03__t3_main_alns__seed2,E_CARBON_TIER1,t3_main_alns,alns_e2_throughput+LOCAL_SEARCH,threeshift,e2-threeshift-200c-03,2,77,1718,route_segment_removal+greedy_insert_repair,native_route_segment_removal+greedy_insert_repair,4905.960793505174,,150.20997845800593
E_CARBON_TIER1__formal_goeke80__threeshift__e2-threeshift-200c-03__t3_main_alns__seed2,E_CARBON_TIER1,t3_main_alns,alns_e2_throughput+LOCAL_SEARCH,threeshift,e2-threeshift-200c-03,2,78,1898,route_segment_removal+regret2_insert_repair,native_route_segment_removal+regret2_insert_repair,4902.751731810146,,170.3331024160143
E_CARBON_TIER1__formal_goeke80__threeshift__e2-threeshift-200c-03__t3_main_alns__seed2,E_CARBON_TIER1,t3_main_alns,alns_e2_throughput+LOCAL_SEARCH,threeshift,e2-threeshift-200c-03,2,79,1900,route_segment_removal+regret2_insert_repair,native_route_segment_removal+regret2_insert_repair,4897.701933444842,,170.6489741250116
E_CARBON_TIER1__formal_goeke80__threeshift__e2-threeshift-200c-03__t3_main_alns__seed2,E_CARBON_TIER1,t3_main_alns,alns_e2_throughput+LOCAL_SEARCH,threeshift,e2-threeshift-200c-03,2,80,1911,route_segment_removal+regret2_insert_repair,native_route_segment_removal+regret2_insert_repair,4897.584296788948,,171.8939875829965
E_CARBON_TIER1__formal_goeke80__threeshift__e2-threeshift-200c-03__t3_main_alns__seed2,E_CARBON_TIER1,t3_main_alns,alns_e2_throughput+LOCAL_SEARCH,threeshift,e2-threeshift-200c-03,2,81,2188,route_segment_removal+greedy_insert_repair,native_route_segment_removal+greedy_insert_repair,4897.532249285133,,202.02712666601292
E_CARBON_TIER1__formal_goeke80__threeshift__e2-threeshift-200c-03__t3_main_alns__seed2,E_CARBON_TIER1,t3_main_alns,alns_e2_throughput+LOCAL_SEARCH,threeshift,e2-threeshift-200c-03,2,82,2254,route_segment_removal+greedy_insert_repair,native_route_segment_removal+greedy_insert_repair,4896.388480950323,,208.97163395801908
E_CARBON_TIER1__formal_goeke80__threeshift__e2-threeshift-200c-03__t3_main_alns__seed2,E_CARBON_TIER1,t3_main_alns,alns_e2_throughput+LOCAL_SEARCH,threeshift,e2-threeshift-200c-03,2,83,2342,route_segment_removal+greedy_insert_repair,native_route_segment_removal+greedy_insert_repair,4894.959689681681,,219.55371379101416
E_CARBON_TIER1__formal_goeke80__threeshift__e2-threeshift-200c-03__t3_main_alns__seed2,E_CARBON_TIER1,t3_main_alns,alns_e2_throughput+LOCAL_SEARCH,threeshift,e2-threeshift-200c-03,2,84,2386,route_segment_removal+greedy_insert_repair,native_route_segment_removal+greedy_insert_repair,4892.396491320488,,224.8304341660114
E_CARBON_TIER1__formal_goeke80__threeshift__e2-threeshift-200c-03__t3_main_alns__seed2,E_CARBON_TIER1,t3_main_alns,alns_e2_throughput+LOCAL_SEARCH,threeshift,e2-threeshift-200c-03,2,85,2402,route_segment_removal+greedy_insert_repair,native_route_segment_removal+greedy_insert_repair,4880.616603219373,,226.87152524999692
E_CARBON_TIER1__formal_goeke80__threeshift__e2-threeshift-200c-03__t3_main_alns__seed2,E_CARBON_TIER1,t3_main_alns,alns_e2_throughput+LOCAL_SEARCH,threeshift,e2-threeshift-200c-03,2,86,2456,route_segment_removal+greedy_insert_repair,native_route_segment_removal+greedy_insert_repair,4870.174253323879,,232.9502480000083
E_CARBON_TIER1__formal_goeke80__threeshift__e2-threeshift-200c-03__t3_main_alns__seed2,E_CARBON_TIER1,t3_main_alns,alns_e2_throughput+LOCAL_SEARCH,threeshift,e2-threeshift-200c-03,2,87,2731,route_segment_removal+greedy_insert_repair,native_route_segment_removal+greedy_insert_repair,4830.9579055944005,,261.2088888750004
E_CARBON_TIER1__formal_goeke80__threeshift__e2-threeshift-200c-03__t3_main_alns__seed2,E_CARBON_TIER1,t3_main_alns,alns_e2_throughput+LOCAL_SEARCH,threeshift,e2-threeshift-200c-03,2,88,2780,route_segment_removal+greedy_insert_repair,native_route_segment_removal+greedy_insert_repair,4828.684948794383,,266.9984420410183
E_CARBON_TIER1__formal_goeke80__threeshift__e2-threeshift-200c-03__t3_main_alns__seed2,E_CARBON_TIER1,t3_main_alns,alns_e2_throughput+LOCAL_SEARCH,threeshift,e2-threeshift-200c-03,2,89,2880,route_segment_removal+greedy_insert_repair,native_route_segment_removal+greedy_insert_repair,4828.6340991753605,,278.31988145801006
E_CARBON_TIER1__formal_goeke80__threeshift__e2-threeshift-200c-03__t3_main_alns__seed2,E_CARBON_TIER1,t3_main_alns,alns_e2_throughput+LOCAL_SEARCH,threeshift,e2-threeshift-200c-03,2,90,2884,route_segment_removal+greedy_insert_repair,native_route_segment_removal+greedy_insert_repair,4825.630018724047,,278.8067248330044
E_CARBON_TIER1__formal_goeke80__threeshift__e2-threeshift-200c-03__t3_main_alns__seed3,E_CARBON_TIER1,t3_main_alns,alns_e2_throughput+LOCAL_SEARCH,threeshift,e2-threeshift-200c-03,3,0,0,shared_warm_start,shared_warm_start,6648.691898004797,,0.0006152919959276915
E_CARBON_TIER1__formal_goeke80__threeshift__e2-threeshift-200c-03__t3_main_alns__seed3,E_CARBON_TIER1,t3_main_alns,alns_e2_throughput+LOCAL_SEARCH,threeshift,e2-threeshift-200c-03,3,1,9,random_customer_removal+regret3_insert_repair,native_random_customer_removal+regret3_insert_repair,6629.755871654872,,3.528510042000562
E_CARBON_TIER1__formal_goeke80__threeshift__e2-threeshift-200c-03__t3_main_alns__seed3,E_CARBON_TIER1,t3_main_alns,alns_e2_throughput+LOCAL_SEARCH,threeshift,e2-threeshift-200c-03,3,2,10,random_customer_removal+regret3_insert_repair,native_random_customer_removal+regret3_insert_repair,6456.722014862871,,3.658839541982161
E_CARBON_TIER1__formal_goeke80__threeshift__e2-threeshift-200c-03__t3_main_alns__seed3,E_CARBON_TIER1,t3_main_alns,alns_e2_throughput+LOCAL_SEARCH,threeshift,e2-threeshift-200c-03,3,3,11,random_customer_removal+regret3_insert_repair,native_random_customer_removal+regret3_insert_repair,6418.1371464099375,,3.920722584007308
E_CARBON_TIER1__formal_goeke80__threeshift__e2-threeshift-200c-03__t3_main_alns__seed3,E_CARBON_TIER1,t3_main_alns,alns_e2_throughput+LOCAL_SEARCH,threeshift,e2-threeshift-200c-03,3,4,12,random_customer_removal+regret3_insert_repair,native_random_customer_removal+regret3_insert_repair,6279.366618151139,,4.2000328750000335
E_CARBON_TIER1__formal_goeke80__threeshift__e2-threeshift-200c-03__t3_main_alns__seed3,E_CARBON_TIER1,t3_main_alns,alns_e2_throughput+LOCAL_SEARCH,threeshift,e2-threeshift-200c-03,3,5,13,random_customer_removal+regret3_insert_repair,native_random_customer_removal+regret3_insert_repair,6254.538056880147,,4.33055083398358
E_CARBON_TIER1__formal_goeke80__threeshift__e2-threeshift-200c-03__t3_main_alns__seed3,E_CARBON_TIER1,t3_main_alns,alns_e2_throughput+LOCAL_SEARCH,threeshift,e2-threeshift-200c-03,3,6,14,random_customer_removal+regret3_insert_repair,native_random_customer_removal+regret3_insert_repair,5977.095496824199,,4.969875166978454
E_CARBON_TIER1__formal_goeke80__threeshift__e2-threeshift-200c-03__t3_main_alns__seed3,E_CARBON_TIER1,t3_main_alns,alns_e2_throughput+LOCAL_SEARCH,threeshift,e2-threeshift-200c-03,3,7,15,random_customer_removal+regret3_insert_repair,native_random_customer_removal+regret3_insert_repair,5912.930666662647,,5.566119958995841
E_CARBON_TIER1__formal_goeke80__threeshift__e2-threeshift-200c-03__t3_main_alns__seed3,E_CARBON_TIER1,t3_main_alns,alns_e2_throughput+LOCAL_SEARCH,threeshift,e2-threeshift-200c-03,3,8,17,random_customer_removal+regret3_insert_repair,native_random_customer_removal+regret3_insert_repair,5900.107012250423,,6.308588249987224
E_CARBON_TIER1__formal_goeke80__threeshift__e2-threeshift-200c-03__t3_main_alns__seed3,E_CARBON_TIER1,t3_main_alns,alns_e2_throughput+LOCAL_SEARCH,threeshift,e2-threeshift-200c-03,3,9,19,random_customer_removal+regret3_insert_repair,native_random_customer_removal+regret3_insert_repair,5822.071364905879,,7.049535792000825
E_CARBON_TIER1__formal_goeke80__threeshift__e2-threeshift-200c-03__t3_main_alns__seed3,E_CARBON_TIER1,t3_main_alns,alns_e2_throughput+LOCAL_SEARCH,threeshift,e2-threeshift-200c-03,3,10,20,random_customer_removal+regret3_insert_repair,native_random_customer_removal+regret3_insert_repair,5685.971498968854,,7.3816150419879705
E_CARBON_TIER1__formal_goeke80__threeshift__e2-threeshift-200c-03__t3_main_alns__seed3,E_CARBON_TIER1,t3_main_alns,alns_e2_throughput+LOCAL_SEARCH,threeshift,e2-threeshift-200c-03,3,11,21,random_customer_removal+regret3_insert_repair,native_random_customer_removal+regret3_insert_repair,5670.212108601056,,7.524035209004069
E_CARBON_TIER1__formal_goeke80__threeshift__e2-threeshift-200c-03__t3_main_alns__seed3,E_CARBON_TIER1,t3_main_alns,alns_e2_throughput+LOCAL_SEARCH,threeshift,e2-threeshift-200c-03,3,12,22,random_customer_removal+regret3_insert_repair,native_random_customer_removal+regret3_insert_repair,5556.327451669962,,7.8708469169796444
E_CARBON_TIER1__formal_goeke80__threeshift__e2-threeshift-200c-03__t3_main_alns__seed3,E_CARBON_TIER1,t3_main_alns,alns_e2_throughput+LOCAL_SEARCH,threeshift,e2-threeshift-200c-03,3,13,23,random_customer_removal+regret3_insert_repair,native_random_customer_removal+regret3_insert_repair,5544.658501301186,,8.478662541980157
E_CARBON_TIER1__formal_goeke80__threeshift__e2-threeshift-200c-03__t3_main_alns__seed3,E_CARBON_TIER1,t3_main_alns,alns_e2_throughput+LOCAL_SEARCH,threeshift,e2-threeshift-200c-03,3,14,24,random_customer_removal+regret3_insert_repair,native_random_customer_removal+regret3_insert_repair,5377.531481353939,,9.111796166980639
E_CARBON_TIER1__formal_goeke80__threeshift__e2-threeshift-200c-03__t3_main_alns__seed3,E_CARBON_TIER1,t3_main_alns,alns_e2_throughput+LOCAL_SEARCH,threeshift,e2-threeshift-200c-03,3,15,26,random_customer_removal+regret3_insert_repair,native_random_customer_removal+regret3_insert_repair,5260.0904239183465,,10.005417249980383
E_CARBON_TIER1__formal_goeke80__threeshift__e2-threeshift-200c-03__t3_main_alns__seed3,E_CARBON_TIER1,t3_main_alns,alns_e2_throughput+LOCAL_SEARCH,threeshift,e2-threeshift-200c-03,3,16,30,random_customer_removal+regret3_insert_repair,native_random_customer_removal+regret3_insert_repair,5256.506920454305,,11.18424750000122
E_CARBON_TIER1__formal_goeke80__threeshift__e2-threeshift-200c-03__t3_main_alns__seed3,E_CARBON_TIER1,t3_main_alns,alns_e2_throughput+LOCAL_SEARCH,threeshift,e2-threeshift-200c-03,3,17,34,random_customer_removal+regret3_insert_repair,native_random_customer_removal+regret3_insert_repair,5236.635452000653,,12.347529458987992
E_CARBON_TIER1__formal_goeke80__threeshift__e2-threeshift-200c-03__t3_main_alns__seed3,E_CARBON_TIER1,t3_main_alns,alns_e2_throughput+LOCAL_SEARCH,threeshift,e2-threeshift-200c-03,3,18,38,random_customer_removal+regret3_insert_repair,native_random_customer_removal+regret3_insert_repair,5107.5623932656845,,13.678433416993357
E_CARBON_TIER1__formal_goeke80__threeshift__e2-threeshift-200c-03__t3_main_alns__seed3,E_CARBON_TIER1,t3_main_alns,alns_e2_throughput+LOCAL_SEARCH,threeshift,e2-threeshift-200c-03,3,19,79,random_customer_removal+regret3_insert_repair,native_random_customer_removal+regret3_insert_repair,5048.744036190597,,27.024195125006372
E_CARBON_TIER1__formal_goeke80__threeshift__e2-threeshift-200c-03__t3_main_alns__seed3,E_CARBON_TIER1,t3_main_alns,alns_e2_throughput+LOCAL_SEARCH,threeshift,e2-threeshift-200c-03,3,20,81,random_customer_removal+regret3_insert_repair,native_random_customer_removal+regret3_insert_repair,5046.531850711629,,27.564691916981246
E_CARBON_TIER1__formal_goeke80__threeshift__e2-threeshift-200c-03__t3_main_alns__seed3,E_CARBON_TIER1,t3_main_alns,alns_e2_throughput+LOCAL_SEARCH,threeshift,e2-threeshift-200c-03,3,21,83,random_customer_removal+regret3_insert_repair,native_random_customer_removal+regret3_insert_repair,5043.7527341279565,,28.013219791988377
E_CARBON_TIER1__formal_goeke80__threeshift__e2-threeshift-200c-03__t3_main_alns__seed3,E_CARBON_TIER1,t3_main_alns,alns_e2_throughput+LOCAL_SEARCH,threeshift,e2-threeshift-200c-03,3,22,90,random_customer_removal+regret3_insert_repair,native_random_customer_removal+regret3_insert_repair,5039.260973116413,,29.885443749983096
E_CARBON_TIER1__formal_goeke80__threeshift__e2-threeshift-200c-03__t3_main_alns__seed3,E_CARBON_TIER1,t3_main_alns,alns_e2_throughput+LOCAL_SEARCH,threeshift,e2-threeshift-200c-03,3,23,94,random_customer_removal+regret3_insert_repair,native_random_customer_removal+regret3_insert_repair,5035.881725269022,,31.3747774589865
E_CARBON_TIER1__formal_goeke80__threeshift__e2-threeshift-200c-03__t3_main_alns__seed3,E_CARBON_TIER1,t3_main_alns,alns_e2_throughput+LOCAL_SEARCH,threeshift,e2-threeshift-200c-03,3,24,102,random_customer_removal+regret3_insert_repair,native_random_customer_removal+regret3_insert_repair,5030.882705750625,,35.29776037498959
E_CARBON_TIER1__formal_goeke80__threeshift__e2-threeshift-200c-03__t3_main_alns__seed3,E_CARBON_TIER1,t3_main_alns,alns_e2_throughput+LOCAL_SEARCH,threeshift,e2-threeshift-200c-03,3,25,103,random_customer_removal+regret3_insert_repair,native_random_customer_removal+regret3_insert_repair,5013.889907702344,,35.498509124998236
E_CARBON_TIER1__formal_goeke80__threeshift__e2-threeshift-200c-03__t3_main_alns__seed3,E_CARBON_TIER1,t3_main_alns,alns_e2_throughput+LOCAL_SEARCH,threeshift,e2-threeshift-200c-03,3,26,104,random_customer_removal+regret3_insert_repair,native_random_customer_removal+regret3_insert_repair,5008.309398540981,,35.964545666996855
E_CARBON_TIER1__formal_goeke80__threeshift__e2-threeshift-200c-03__t3_main_alns__seed3,E_CARBON_TIER1,t3_main_alns,alns_e2_throughput+LOCAL_SEARCH,threeshift,e2-threeshift-200c-03,3,27,108,random_customer_removal+regret3_insert_repair,native_random_customer_removal+regret3_insert_repair,4985.658744230554,,37.30746470898157
E_CARBON_TIER1__formal_goeke80__threeshift__e2-threeshift-200c-03__t3_main_alns__seed3,E_CARBON_TIER1,t3_main_alns,alns_e2_throughput+LOCAL_SEARCH,threeshift,e2-threeshift-200c-03,3,28,113,random_customer_removal+regret3_insert_repair,native_random_customer_removal+regret3_insert_repair,4971.703283437525,,39.09595454199007
E_CARBON_TIER1__formal_goeke80__threeshift__e2-threeshift-200c-03__t3_main_alns__seed3,E_CARBON_TIER1,t3_main_alns,alns_e2_throughput+LOCAL_SEARCH,threeshift,e2-threeshift-200c-03,3,29,115,random_customer_removal+regret3_insert_repair,native_random_customer_removal+regret3_insert_repair,4952.709316099153,,39.68571266697836
E_CARBON_TIER1__formal_goeke80__threeshift__e2-threeshift-200c-03__t3_main_alns__seed3,E_CARBON_TIER1,t3_main_alns,alns_e2_throughput+LOCAL_SEARCH,threeshift,e2-threeshift-200c-03,3,30,117,random_customer_removal+regret3_insert_repair,native_random_customer_removal+regret3_insert_repair,4949.971896374463,,40.419942709006136
E_CARBON_TIER1__formal_goeke80__threeshift__e2-threeshift-200c-03__t3_main_alns__seed3,E_CARBON_TIER1,t3_main_alns,alns_e2_throughput+LOCAL_SEARCH,threeshift,e2-threeshift-200c-03,3,31,119,random_customer_removal+regret3_insert_repair,native_random_customer_removal+regret3_insert_repair,4937.568784413377,,41.30504079197999
E_CARBON_TIER1__formal_goeke80__threeshift__e2-threeshift-200c-03__t3_main_alns__seed3,E_CARBON_TIER1,t3_main_alns,alns_e2_throughput+LOCAL_SEARCH,threeshift,e2-threeshift-200c-03,3,32,122,random_customer_removal+regret3_insert_repair,native_random_customer_removal+regret3_insert_repair,4930.371928023518,,42.20504133400391
E_CARBON_TIER1__formal_goeke80__threeshift__e2-threeshift-200c-03__t3_main_alns__seed3,E_CARBON_TIER1,t3_main_alns,alns_e2_throughput+LOCAL_SEARCH,threeshift,e2-threeshift-200c-03,3,33,123,random_customer_removal+regret3_insert_repair,native_random_customer_removal+regret3_insert_repair,4923.048223873227,,42.48071887498372
E_CARBON_TIER1__formal_goeke80__threeshift__e2-threeshift-200c-03__t3_main_alns__seed3,E_CARBON_TIER1,t3_main_alns,alns_e2_throughput+LOCAL_SEARCH,threeshift,e2-threeshift-200c-03,3,34,126,random_customer_removal+regret3_insert_repair,native_random_customer_removal+regret3_insert_repair,4914.970375724564,,44.19923191698035
E_CARBON_TIER1__formal_goeke80__threeshift__e2-threeshift-200c-03__t3_main_alns__seed3,E_CARBON_TIER1,t3_main_alns,alns_e2_throughput+LOCAL_SEARCH,threeshift,e2-threeshift-200c-03,3,35,131,random_customer_removal+regret3_insert_repair,native_random_customer_removal+regret3_insert_repair,4914.8952411477785,,46.41473691698047
E_CARBON_TIER1__formal_goeke80__threeshift__e2-threeshift-200c-03__t3_main_alns__seed3,E_CARBON_TIER1,t3_main_alns,alns_e2_throughput+LOCAL_SEARCH,threeshift,e2-threeshift-200c-03,3,36,141,random_customer_removal+regret3_insert_repair,native_random_customer_removal+regret3_insert_repair,4897.419664510148,,51.040521624992834
E_CARBON_TIER1__formal_goeke80__threeshift__e2-threeshift-200c-03__t3_main_alns__seed3,E_CARBON_TIER1,t3_main_alns,alns_e2_throughput+LOCAL_SEARCH,threeshift,e2-threeshift-200c-03,3,37,149,random_customer_removal+regret3_insert_repair,native_random_customer_removal+regret3_insert_repair,4862.433546134715,,54.824170584004605
E_CARBON_TIER1__formal_goeke80__threeshift__e2-threeshift-200c-03__t3_main_alns__seed3,E_CARBON_TIER1,t3_main_alns,alns_e2_throughput+LOCAL_SEARCH,threeshift,e2-threeshift-200c-03,3,38,154,random_customer_removal+regret3_insert_repair,native_random_customer_removal+regret3_insert_repair,4847.499716034672,,56.357705083995825
E_CARBON_TIER1__formal_goeke80__threeshift__e2-threeshift-200c-03__t3_main_alns__seed3,E_CARBON_TIER1,t3_main_alns,alns_e2_throughput+LOCAL_SEARCH,threeshift,e2-threeshift-200c-03,3,39,157,random_customer_removal+regret3_insert_repair,native_random_customer_removal+regret3_insert_repair,4842.604325177085,,57.547450333979214
E_CARBON_TIER1__formal_goeke80__threeshift__e2-threeshift-200c-03__t3_main_alns__seed3,E_CARBON_TIER1,t3_main_alns,alns_e2_throughput+LOCAL_SEARCH,threeshift,e2-threeshift-200c-03,3,40,164,random_customer_removal+regret3_insert_repair,native_random_customer_removal+regret3_insert_repair,4828.529487590946,,59.81472858399502
E_CARBON_TIER1__formal_goeke80__threeshift__e2-threeshift-200c-03__t3_main_alns__seed3,E_CARBON_TIER1,t3_main_alns,alns_e2_throughput+LOCAL_SEARCH,threeshift,e2-threeshift-200c-03,3,41,168,random_customer_removal+regret3_insert_repair,native_random_customer_removal+regret3_insert_repair,4821.4996747902605,,61.286571167001966
E_CARBON_TIER1__formal_goeke80__threeshift__e2-threeshift-200c-03__t3_main_alns__seed3,E_CARBON_TIER1,t3_main_alns,alns_e2_throughput+LOCAL_SEARCH,threeshift,e2-threeshift-200c-03,3,42,171,random_customer_removal+regret3_insert_repair,native_random_customer_removal+regret3_insert_repair,4803.226656268274,,62.35620295899571
E_CARBON_TIER1__formal_goeke80__threeshift__e2-threeshift-200c-03__t3_main_alns__seed3,E_CARBON_TIER1,t3_main_alns,alns_e2_throughput+LOCAL_SEARCH,threeshift,e2-threeshift-200c-03,3,43,176,random_customer_removal+regret3_insert_repair,native_random_customer_removal+regret3_insert_repair,4798.195185970954,,63.71079374998226
E_CARBON_TIER1__formal_goeke80__threeshift__e2-threeshift-200c-03__t3_main_alns__seed3,E_CARBON_TIER1,t3_main_alns,alns_e2_throughput+LOCAL_SEARCH,threeshift,e2-threeshift-200c-03,3,44,200,random_customer_removal+regret3_insert_repair,native_random_customer_removal+regret3_insert_repair,4796.723769046669,,72.22639412499848
E_CARBON_TIER1__formal_goeke80__threeshift__e2-threeshift-200c-03__t3_main_alns__seed3,E_CARBON_TIER1,t3_main_alns,alns_e2_throughput+LOCAL_SEARCH,threeshift,e2-threeshift-200c-03,3,45,201,random_customer_removal+regret3_insert_repair,native_random_customer_removal+regret3_insert_repair,4796.29218537319,,72.50913833398954
E_CARBON_TIER1__formal_goeke80__threeshift__e2-threeshift-200c-03__t3_main_alns__seed3,E_CARBON_TIER1,t3_main_alns,alns_e2_throughput+LOCAL_SEARCH,threeshift,e2-threeshift-200c-03,3,46,210,random_customer_removal+regret3_insert_repair,native_random_customer_removal+regret3_insert_repair,4770.649659398623,,75.83330162498169
E_CARBON_TIER1__formal_goeke80__threeshift__e2-threeshift-200c-03__t3_main_alns__seed3,E_CARBON_TIER1,t3_main_alns,alns_e2_throughput+LOCAL_SEARCH,threeshift,e2-threeshift-200c-03,3,47,220,random_customer_removal+regret3_insert_repair,native_random_customer_removal+regret3_insert_repair,4769.817796671397,,79.17478204198414
E_CARBON_TIER1__formal_goeke80__threeshift__e2-threeshift-200c-03__t3_main_alns__seed3,E_CARBON_TIER1,t3_main_alns,alns_e2_throughput+LOCAL_SEARCH,threeshift,e2-threeshift-200c-03,3,48,223,random_customer_removal+regret3_insert_repair,native_random_customer_removal+regret3_insert_repair,4763.868380009774,,80.13288608400035
E_CARBON_TIER1__formal_goeke80__threeshift__e2-threeshift-200c-03__t3_main_alns__seed3,E_CARBON_TIER1,t3_main_alns,alns_e2_throughput+LOCAL_SEARCH,threeshift,e2-threeshift-200c-03,3,49,226,random_customer_removal+regret3_insert_repair,native_random_customer_removal+regret3_insert_repair,4763.4693600465525,,80.9664589589811
E_CARBON_TIER1__formal_goeke80__threeshift__e2-threeshift-200c-03__t3_main_alns__seed3,E_CARBON_TIER1,t3_main_alns,alns_e2_throughput+LOCAL_SEARCH,threeshift,e2-threeshift-200c-03,3,50,245,random_customer_removal+regret3_insert_repair,native_random_customer_removal+regret3_insert_repair,4741.344931930794,,88.33463774999836
E_CARBON_TIER1__formal_goeke80__threeshift__e2-threeshift-200c-03__t3_main_alns__seed3,E_CARBON_TIER1,t3_main_alns,alns_e2_throughput+LOCAL_SEARCH,threeshift,e2-threeshift-200c-03,3,51,254,random_customer_removal+regret3_insert_repair,native_random_customer_removal+regret3_insert_repair,4734.856593703966,,91.23496012500254
E_CARBON_TIER1__formal_goeke80__threeshift__e2-threeshift-200c-03__t3_main_alns__seed3,E_CARBON_TIER1,t3_main_alns,alns_e2_throughput+LOCAL_SEARCH,threeshift,e2-threeshift-200c-03,3,52,257,random_customer_removal+regret3_insert_repair,native_random_customer_removal+regret3_insert_repair,4734.1413020622485,,92.37242937498377
E_CARBON_TIER1__formal_goeke80__threeshift__e2-threeshift-200c-03__t3_main_alns__seed3,E_CARBON_TIER1,t3_main_alns,alns_e2_throughput+LOCAL_SEARCH,threeshift,e2-threeshift-200c-03,3,53,261,random_customer_removal+regret3_insert_repair,native_random_customer_removal+regret3_insert_repair,4725.273467301644,,94.05532237500302
E_CARBON_TIER1__formal_goeke80__threeshift__e2-threeshift-200c-03__t3_main_alns__seed3,E_CARBON_TIER1,t3_main_alns,alns_e2_throughput+LOCAL_SEARCH,threeshift,e2-threeshift-200c-03,3,54,268,random_customer_removal+regret3_insert_repair,native_random_customer_removal+regret3_insert_repair,4721.748170869769,,95.7717107500066
E_CARBON_TIER1__formal_goeke80__threeshift__e2-threeshift-200c-03__t3_main_alns__seed3,E_CARBON_TIER1,t3_main_alns,alns_e2_throughput+LOCAL_SEARCH,threeshift,e2-threeshift-200c-03,3,55,284,random_customer_removal+regret3_insert_repair,native_random_customer_removal+regret3_insert_repair,4712.615594348654,,101.84117687499383
E_CARBON_TIER1__formal_goeke80__threeshift__e2-threeshift-200c-03__t3_main_alns__seed3,E_CARBON_TIER1,t3_main_alns,alns_e2_throughput+LOCAL_SEARCH,threeshift,e2-threeshift-200c-03,3,56,321,random_customer_removal+regret3_insert_repair,native_random_customer_removal+regret3_insert_repair,4712.428870090568,,115.6342952499981
E_CARBON_TIER1__formal_goeke80__threeshift__e2-threeshift-200c-03__t3_main_alns__seed3,E_CARBON_TIER1,t3_main_alns,alns_e2_throughput+LOCAL_SEARCH,threeshift,e2-threeshift-200c-03,3,57,327,random_customer_removal+regret3_insert_repair,native_random_customer_removal+regret3_insert_repair,4712.427334988548,,117.71969904200523
E_CARBON_TIER1__formal_goeke80__threeshift__e2-threeshift-200c-03__t3_main_alns__seed3,E_CARBON_TIER1,t3_main_alns,alns_e2_throughput+LOCAL_SEARCH,threeshift,e2-threeshift-200c-03,3,58,340,random_customer_removal+regret3_insert_repair,native_random_customer_removal+regret3_insert_repair,4712.020680796688,,121.64998074999312
E_CARBON_TIER1__formal_goeke80__threeshift__e2-threeshift-200c-03__t3_main_alns__seed3,E_CARBON_TIER1,t3_main_alns,alns_e2_throughput+LOCAL_SEARCH,threeshift,e2-threeshift-200c-03,3,59,343,random_customer_removal+regret3_insert_repair,native_random_customer_removal+regret3_insert_repair,4712.002578719842,,122.50691204197938
E_CARBON_TIER1__formal_goeke80__threeshift__e2-threeshift-200c-03__t3_main_alns__seed3,E_CARBON_TIER1,t3_main_alns,alns_e2_throughput+LOCAL_SEARCH,threeshift,e2-threeshift-200c-03,3,60,347,random_customer_removal+regret3_insert_repair,native_random_customer_removal+regret3_insert_repair,4710.96400218835,,123.18767729197862
E_CARBON_TIER1__formal_goeke80__threeshift__e2-threeshift-200c-03__t3_main_alns__seed3,E_CARBON_TIER1,t3_main_alns,alns_e2_throughput+LOCAL_SEARCH,threeshift,e2-threeshift-200c-03,3,61,357,random_customer_removal+regret3_insert_repair,native_random_customer_removal+regret3_insert_repair,4709.475779083207,,126.57117933398695
E_CARBON_TIER1__formal_goeke80__threeshift__e2-threeshift-200c-03__t3_main_alns__seed3,E_CARBON_TIER1,t3_main_alns,alns_e2_throughput+LOCAL_SEARCH,threeshift,e2-threeshift-200c-03,3,62,361,random_customer_removal+regret3_insert_repair,native_random_customer_removal+regret3_insert_repair,4708.68008538806,,127.50039595898124
E_CARBON_TIER1__formal_goeke80__threeshift__e2-threeshift-200c-03__t3_main_alns__seed3,E_CARBON_TIER1,t3_main_alns,alns_e2_throughput+LOCAL_SEARCH,threeshift,e2-threeshift-200c-03,3,63,366,random_customer_removal+regret3_insert_repair,native_random_customer_removal+regret3_insert_repair,4707.542876466742,,128.7498335840064
E_CARBON_TIER1__formal_goeke80__threeshift__e2-threeshift-200c-03__t3_main_alns__seed3,E_CARBON_TIER1,t3_main_alns,alns_e2_throughput+LOCAL_SEARCH,threeshift,e2-threeshift-200c-03,3,64,374,random_customer_removal+regret3_insert_repair,native_random_customer_removal+regret3_insert_repair,4706.857577555076,,131.79962274999707
E_CARBON_TIER1__formal_goeke80__threeshift__e2-threeshift-200c-03__t3_main_alns__seed3,E_CARBON_TIER1,t3_main_alns,alns_e2_throughput+LOCAL_SEARCH,threeshift,e2-threeshift-200c-03,3,65,385,random_customer_removal+regret3_insert_repair,native_random_customer_removal+regret3_insert_repair,4704.908041522631,,134.44019162500626
E_CARBON_TIER1__formal_goeke80__threeshift__e2-threeshift-200c-03__t3_main_alns__seed3,E_CARBON_TIER1,t3_main_alns,alns_e2_throughput+LOCAL_SEARCH,threeshift,e2-threeshift-200c-03,3,66,393,random_customer_removal+regret3_insert_repair,native_random_customer_removal+regret3_insert_repair,4704.839532648088,,136.636180083995
E_CARBON_TIER1__formal_goeke80__threeshift__e2-threeshift-200c-03__t3_main_alns__seed3,E_CARBON_TIER1,t3_main_alns,alns_e2_throughput+LOCAL_SEARCH,threeshift,e2-threeshift-200c-03,3,67,463,random_customer_removal+regret3_insert_repair,native_random_customer_removal+regret3_insert_repair,4704.64179203341,,158.94703283399576
E_CARBON_TIER1__formal_goeke80__threeshift__e2-threeshift-200c-03__t3_main_alns__seed3,E_CARBON_TIER1,t3_main_alns,alns_e2_throughput+LOCAL_SEARCH,threeshift,e2-threeshift-200c-03,3,68,524,random_customer_removal+regret3_insert_repair,native_random_customer_removal+regret3_insert_repair,4704.247443754624,,178.25180324999383
E_CARBON_TIER1__formal_goeke80__threeshift__e2-threeshift-200c-03__t3_main_alns__seed3,E_CARBON_TIER1,t3_main_alns,alns_e2_throughput+LOCAL_SEARCH,threeshift,e2-threeshift-200c-03,3,69,553,random_customer_removal+regret3_insert_repair,native_random_customer_removal+regret3_insert_repair,4702.09381694014,,185.53253695898456
E_CARBON_TIER1__formal_goeke80__threeshift__e2-threeshift-200c-03__t3_main_alns__seed3,E_CARBON_TIER1,t3_main_alns,alns_e2_throughput+LOCAL_SEARCH,threeshift,e2-threeshift-200c-03,3,70,581,random_customer_removal+regret3_insert_repair,native_random_customer_removal+regret3_insert_repair,4697.324794898712,,193.17980970899225
E_CARBON_TIER1__formal_goeke80__threeshift__e2-threeshift-200c-03__t3_main_alns__seed3,E_CARBON_TIER1,t3_main_alns,alns_e2_throughput+LOCAL_SEARCH,threeshift,e2-threeshift-200c-03,3,71,670,random_customer_removal+regret3_insert_repair,native_random_customer_removal+regret3_insert_repair,4689.949467593982,,216.54709458400612
E_CARBON_TIER1__formal_goeke80__threeshift__e2-threeshift-200c-03__t3_main_alns__seed3,E_CARBON_TIER1,t3_main_alns,alns_e2_throughput+LOCAL_SEARCH,threeshift,e2-threeshift-200c-03,3,72,683,random_customer_removal+regret3_insert_repair,native_random_customer_removal+regret3_insert_repair,4689.49471694963,,220.9321537920041
E_CARBON_TIER1__formal_goeke80__threeshift__e2-threeshift-200c-03__t3_main_alns__seed3,E_CARBON_TIER1,t3_main_alns,alns_e2_throughput+LOCAL_SEARCH,threeshift,e2-threeshift-200c-03,3,73,787,random_customer_removal+regret3_insert_repair,native_random_customer_removal+regret3_insert_repair,4684.380798392588,,255.42328833398642
E_CARBON_TIER1__formal_goeke80__threeshift__e2-threeshift-200c-03__t3_main_alns__seed3,E_CARBON_TIER1,t3_main_alns,alns_e2_throughput+LOCAL_SEARCH,threeshift,e2-threeshift-200c-03,3,74,1078,vehicle_type_swap+greedy_insert_repair,native_vehicle_type_swap+greedy_insert_repair,4664.172582967798,,340.8144470840052
E_CARBON_TIER1__formal_goeke80__threeshift__e2-threeshift-200c-03__t3_main_alns__seed3,E_CARBON_TIER1,t3_main_alns,alns_e2_throughput+LOCAL_SEARCH,threeshift,e2-threeshift-200c-03,3,75,1079,vehicle_type_swap+greedy_insert_repair,native_vehicle_type_swap+greedy_insert_repair,4643.796206447254,,340.9194882499869
E_CARBON_TIER1__formal_goeke80__threeshift__e2-threeshift-200c-03__t3_main_alns__seed3,E_CARBON_TIER1,t3_main_alns,alns_e2_throughput+LOCAL_SEARCH,threeshift,e2-threeshift-200c-03,3,76,1080,vehicle_type_swap+greedy_insert_repair,native_vehicle_type_swap+greedy_insert_repair,4624.1658918788635,,341.0142646250024
E_CARBON_TIER1__formal_goeke80__threeshift__e2-threeshift-200c-03__t3_main_alns__seed3,E_CARBON_TIER1,t3_main_alns,alns_e2_throughput+LOCAL_SEARCH,threeshift,e2-threeshift-200c-03,3,77,1081,vehicle_type_swap+greedy_insert_repair,native_vehicle_type_swap+greedy_insert_repair,4603.481250682699,,341.11644320900086
E_CARBON_TIER1__formal_goeke80__threeshift__e2-threeshift-200c-03__t3_main_alns__seed3,E_CARBON_TIER1,t3_main_alns,alns_e2_throughput+LOCAL_SEARCH,threeshift,e2-threeshift-200c-03,3,78,1082,vehicle_type_swap+greedy_insert_repair,native_vehicle_type_swap+greedy_insert_repair,4588.186324527914,,341.22312604199396
E_CARBON_TIER1__formal_goeke80__threeshift__e2-threeshift-200c-03__t3_main_alns__seed3,E_CARBON_TIER1,t3_main_alns,alns_e2_throughput+LOCAL_SEARCH,threeshift,e2-threeshift-200c-03,3,79,1083,vehicle_type_swap+greedy_insert_repair,native_vehicle_type_swap+greedy_insert_repair,4573.941729794391,,341.33541470899945
E_CARBON_TIER1__formal_goeke80__threeshift__e2-threeshift-200c-03__t3_main_alns__seed3,E_CARBON_TIER1,t3_main_alns,alns_e2_throughput+LOCAL_SEARCH,threeshift,e2-threeshift-200c-03,3,80,1084,vehicle_type_swap+greedy_insert_repair,native_vehicle_type_swap+greedy_insert_repair,4559.138044077529,,341.4521638339793
E_CARBON_TIER1__formal_goeke80__threeshift__e2-threeshift-200c-03__t3_main_alns__seed3,E_CARBON_TIER1,t3_main_alns,alns_e2_throughput+LOCAL_SEARCH,threeshift,e2-threeshift-200c-03,3,81,1085,vehicle_type_swap+greedy_insert_repair,native_vehicle_type_swap+greedy_insert_repair,4545.656219675156,,341.571342249983
E_CARBON_TIER1__formal_goeke80__threeshift__e2-threeshift-200c-03__t3_main_alns__seed3,E_CARBON_TIER1,t3_main_alns,alns_e2_throughput+LOCAL_SEARCH,threeshift,e2-threeshift-200c-03,3,82,1086,vehicle_type_swap+greedy_insert_repair,native_vehicle_type_swap+greedy_insert_repair,4537.7818242455905,,341.69468258399866
E_CARBON_TIER1__formal_goeke80__threeshift__e2-threeshift-200c-03__t3_main_alns__seed3,E_CARBON_TIER1,t3_main_alns,alns_e2_throughput+LOCAL_SEARCH,threeshift,e2-threeshift-200c-03,3,83,1087,vehicle_type_swap+greedy_insert_repair,native_vehicle_type_swap+greedy_insert_repair,4524.136845873423,,341.8246547919989
E_CARBON_TIER1__formal_goeke80__threeshift__e2-threeshift-200c-03__t3_main_alns__seed3,E_CARBON_TIER1,t3_main_alns,alns_e2_throughput+LOCAL_SEARCH,threeshift,e2-threeshift-200c-03,3,84,1088,vehicle_type_swap+greedy_insert_repair,native_vehicle_type_swap+greedy_insert_repair,4506.129086552424,,341.9593734999944
E_CARBON_TIER1__formal_goeke80__threeshift__e2-threeshift-200c-03__t3_main_alns__seed3,E_CARBON_TIER1,t3_main_alns,alns_e2_throughput+LOCAL_SEARCH,threeshift,e2-threeshift-200c-03,3,85,1089,vehicle_type_swap+greedy_insert_repair,native_vehicle_type_swap+greedy_insert_repair,4493.241173106789,,342.09665804199176
E_CARBON_TIER1__formal_goeke80__threeshift__e2-threeshift-200c-03__t3_main_alns__seed3,E_CARBON_TIER1,t3_main_alns,alns_e2_throughput+LOCAL_SEARCH,threeshift,e2-threeshift-200c-03,3,86,1090,vehicle_type_swap+greedy_insert_repair,native_vehicle_type_swap+greedy_insert_repair,4477.131225526748,,342.2376540839905
E_CARBON_TIER1__formal_goeke80__threeshift__e2-threeshift-200c-03__t3_main_alns__seed3,E_CARBON_TIER1,t3_main_alns,alns_e2_throughput+LOCAL_SEARCH,threeshift,e2-threeshift-200c-03,3,87,1091,vehicle_type_swap+greedy_insert_repair,native_vehicle_type_swap+greedy_insert_repair,4466.931396290864,,342.3838601669995
E_CARBON_TIER1__formal_goeke80__threeshift__e2-threeshift-200c-03__t3_main_alns__seed3,E_CARBON_TIER1,t3_main_alns,alns_e2_throughput+LOCAL_SEARCH,threeshift,e2-threeshift-200c-03,3,88,1092,vehicle_type_swap+greedy_insert_repair,native_vehicle_type_swap+greedy_insert_repair,4459.69909141315,,342.5375322919863
E_CARBON_TIER1__formal_goeke80__threeshift__e2-threeshift-200c-03__t3_main_alns__seed3,E_CARBON_TIER1,t3_main_alns,alns_e2_throughput+LOCAL_SEARCH,threeshift,e2-threeshift-200c-03,3,89,1093,vehicle_type_swap+greedy_insert_repair,native_vehicle_type_swap+greedy_insert_repair,4448.28950049029,,342.6937022919883
E_CARBON_TIER1__formal_goeke80__threeshift__e2-threeshift-200c-03__t3_main_alns__seed3,E_CARBON_TIER1,t3_main_alns,alns_e2_throughput+LOCAL_SEARCH,threeshift,e2-threeshift-200c-03,3,90,1094,vehicle_type_swap+greedy_insert_repair,native_vehicle_type_swap+greedy_insert_repair,4446.246368083894,,342.8464896249934
E_CARBON_TIER1__formal_goeke80__threeshift__e2-threeshift-200c-03__t3_main_alns__seed3,E_CARBON_TIER1,t3_main_alns,alns_e2_throughput+LOCAL_SEARCH,threeshift,e2-threeshift-200c-03,3,91,2485,random_customer_removal+regret3_insert_repair,native_random_customer_removal+regret3_insert_repair,4444.700077125184,,649.1899101249874
E_CARBON_TIER1__formal_goeke80__threeshift__e2-threeshift-200c-03__t3_main_alns__seed3,E_CARBON_TIER1,t3_main_alns,alns_e2_throughput+LOCAL_SEARCH,threeshift,e2-threeshift-200c-03,3,92,3107,random_customer_removal+regret3_insert_repair,native_random_customer_removal+regret3_insert_repair,4443.049425517726,,783.4799056669872
E_CARBON_TIER1__formal_goeke80__threeshift__e2-threeshift-200c-03__t3_main_alns__seed3,E_CARBON_TIER1,t3_main_alns,alns_e2_throughput+LOCAL_SEARCH,threeshift,e2-threeshift-200c-03,3,93,4870,route_segment_removal+greedy_insert_repair,native_route_segment_removal+greedy_insert_repair,4442.9777190143905,,1126.6611387089943
E_CARBON_TIER1__formal_goeke80__threeshift__e2-threeshift-200c-03__t3_main_alns__seed3,E_CARBON_TIER1,t3_main_alns,alns_e2_throughput+LOCAL_SEARCH,threeshift,e2-threeshift-200c-03,3,94,5647,route_segment_removal+greedy_insert_repair,native_route_segment_removal+greedy_insert_repair,4442.9042081624875,,1196.6321008749946
