StringID  Type  x          y          demand  ReadyTime  DueDate  ServiceTime
D0        d     -4702.23    14693.42    0.0     0.0        86400.0  0.0
D1        d     42541.79    -20849.70   0.0     0.0        86400.0  0.0
C001      c     78500.72    19258.80    159.0   2005.0     21560.0  318.0
C002      c     40587.95    -28829.87   729.0   3447.0     23553.0  1458.0
C003      c     -102035.42  -7109.97    719.0   2119.0     23038.0  1438.0
C004      c     -14237.37   -35902.79   794.0   2652.0     22290.0  1588.0
C005      c     64820.85    68841.24    285.0   1594.0     20914.0  570.0
C006      c     -50641.99   11650.44    471.0   3093.0     23302.0  942.0
C007      c     -88009.71   53495.71    705.0   2544.0     22562.0  1410.0
C008      c     -7750.97    -37029.55   722.0   3659.0     23744.0  1444.0
C009      c     -15004.46   -27183.82   443.0   1196.0     20597.0  886.0
C010      c     -56072.11   -65154.15   355.0   2253.0     21465.0  710.0
C011      c     77687.08    61494.44    662.0   4674.0     24257.0  1324.0
C012      c     3221.58     16911.78    819.0   1044.0     22540.0  1638.0
C013      c     26396.60    -66338.14   719.0   4755.0     25570.0  1438.0
C014      c     15591.52    -30357.74   430.0   1889.0     22178.0  860.0
C015      c     41099.15    -32690.79   550.0   686.0      20210.0  1100.0
C016      c     -37736.84   84682.97    663.0   1557.0     22552.0  1326.0
C017      c     -29139.72   2997.54     310.0   4483.0     23116.0  620.0
C018      c     66572.45    13159.68    718.0   867.0      20975.0  1436.0
C019      c     25347.05    18338.00    271.0   2720.0     21682.0  542.0
C020      c     -98436.05   21395.70    518.0   4817.0     24326.0  1036.0
C021      c     63481.10    3600.04     293.0   3839.0     23725.0  586.0
C022      c     -59046.27   -3418.58    152.0   2850.0     22898.0  304.0
C023      c     26467.26    720.94      513.0   4509.0     25034.0  1026.0
C024      c     8545.02     932.14      750.0   3602.0     23442.0  1500.0
C025      c     -8642.17    -23596.92   802.0   4392.0     24774.0  1604.0
C026      c     -105218.38  17084.26    358.0   1085.0     21089.0  716.0
C027      c     -36239.94   -9326.49    367.0   1797.0     20902.0  734.0
C028      c     33382.97    -62313.17   820.0   5118.0     25748.0  1640.0
C029      c     46437.89    -9900.14    505.0   3079.0     22351.0  1010.0
C030      c     23315.21    -55512.29   775.0   2260.0     21890.0  1550.0
C031      c     34098.66    -39152.76   631.0   4343.0     24076.0  1262.0
C032      c     17135.70    10663.25    131.0   1837.0     20773.0  262.0
C033      c     22650.61    31970.62    327.0   2390.0     22379.0  654.0
C034      c     -3664.98    -3498.34    378.0   673.0      21366.0  756.0
C035      c     -15526.04   57073.34    670.0   3537.0     23407.0  1340.0
C036      c     12384.74    -71074.96   658.0   4425.0     24308.0  1316.0
C037      c     3897.33     -24016.69   828.0   1734.0     22707.0  1656.0
C038      c     -89561.19   52129.69    211.0   4256.0     23713.0  422.0
C039      c     -19342.81   -5077.15    581.0   3403.0     23631.0  1162.0
C040      c     -53089.77   80122.19    514.0   4571.0     25525.0  1028.0
C041      c     58901.79    -1400.27    686.0   4612.0     24805.0  1372.0
C042      c     31266.65    72577.69    199.0   3505.0     23562.0  398.0
C043      c     -4593.38    -69262.17   503.0   1694.0     21701.0  1006.0
C044      c     65950.18    2499.27     449.0   5382.0     24506.0  898.0
C045      c     23363.60    -9141.27    366.0   2162.0     21657.0  732.0
C046      c     -4104.65    -58678.05   398.0   4472.0     24656.0  796.0
C047      c     -28571.17   19972.34    378.0   3671.0     22901.0  756.0
C048      c     29612.32    -10082.59   515.0   1592.0     21953.0  1030.0
C049      c     -14011.65   -69894.89   390.0   1256.0     21370.0  780.0
C050      c     40489.64    -211.46     288.0   2030.0     21511.0  576.0
C051      c     -57140.16   87793.90    515.0   4036.0     23935.0  1030.0
C052      c     -16008.65   39277.71    646.0   3665.0     23483.0  1292.0
C053      c     -7689.78    75925.29    427.0   1121.0     21595.0  854.0
C054      c     5333.18     6270.56     271.0   2360.0     21256.0  542.0
C055      c     36175.62    -66415.17   827.0   1488.0     21858.0  1654.0
C056      c     22337.62    83436.96    301.0   4347.0     23490.0  602.0
C057      c     27826.75    -15185.12   101.0   2525.0     21491.0  202.0
C058      c     29319.46    -77336.38   496.0   2020.0     21120.0  992.0
C059      c     45529.61    36941.34    129.0   5302.0     25124.0  258.0
C060      c     -91429.68   -20542.62   135.0   5250.0     25266.0  270.0
C061      c     49008.92    -26594.62   461.0   1477.0     21133.0  922.0
C062      c     -43848.85   -10973.07   712.0   2526.0     23302.0  1424.0
C063      c     -45735.69   40611.84    499.0   2785.0     22056.0  998.0
C064      c     9130.59     -70409.98   469.0   4046.0     24169.0  938.0
C065      c     -11591.15   -49565.93   594.0   2286.0     23147.0  1188.0
C066      c     54199.75    23130.60    712.0   4537.0     24933.0  1424.0
C067      c     -25450.73   -13936.80   345.0   3680.0     23667.0  690.0
C068      c     58647.56    6450.49     221.0   4946.0     24057.0  442.0
C069      c     23989.27    43482.21    579.0   35257.0    54714.0  1158.0
C070      c     -50056.29   20076.53    598.0   37052.0    57978.0  1196.0
C071      c     15940.33    16034.54    439.0   36012.0    56880.0  878.0
C072      c     51612.07    -52970.08   609.0   34810.0    54555.0  1218.0
C073      c     -23592.57   -17435.73   768.0   37007.0    58025.0  1536.0
C074      c     -72813.92   -4393.87    371.0   33133.0    53484.0  742.0
C075      c     -42340.34   -70693.41   134.0   34189.0    53468.0  268.0
C076      c     -51944.34   37818.89    157.0   35715.0    55481.0  314.0
C077      c     -16081.53   13653.22    510.0   34177.0    54206.0  1020.0
C078      c     59469.80    40296.31    431.0   35506.0    54664.0  862.0
C079      c     33387.64    -2996.25    191.0   34045.0    52532.0  382.0
C080      c     -12855.15   1286.09     390.0   34296.0    54785.0  780.0
C081      c     8670.04     -9766.41    113.0   34397.0    54144.0  226.0
C082      c     30978.23    28741.53    305.0   33476.0    52570.0  610.0
C083      c     10039.68    -13556.73   582.0   34476.0    54883.0  1164.0
C084      c     -24966.35   -60602.57   214.0   33850.0    53654.0  428.0
C085      c     3176.37     -8744.83    594.0   34364.0    54917.0  1188.0
C086      c     -35412.71   -18577.38   287.0   35624.0    55430.0  574.0
C087      c     -37422.05   27128.00    801.0   35306.0    56517.0  1602.0
C088      c     18694.49    54327.48    392.0   33957.0    52808.0  784.0
C089      c     -25308.79   5334.63     478.0   35911.0    56732.0  956.0
C090      c     35489.94    -29437.04   565.0   37763.0    57606.0  1130.0
C091      c     29175.25    -8883.26    204.0   34946.0    54264.0  408.0
C092      c     14345.56    3512.28     338.0   33672.0    53686.0  676.0
C093      c     -28857.73   -8643.54    152.0   35676.0    54795.0  304.0
C094      c     -1024.59    -39427.62   407.0   36363.0    56042.0  814.0
C095      c     -32046.02   -68209.80   523.0   37459.0    57886.0  1046.0
C096      c     44367.80    25283.06    530.0   34718.0    54183.0  1060.0
C097      c     -41579.56   5036.44     692.0   37381.0    57076.0  1384.0
C098      c     -8803.72    -5269.12    323.0   36653.0    56920.0  646.0
C099      c     -39491.32   43021.32    580.0   33374.0    54266.0  1160.0
C100      c     -8065.47    32767.50    597.0   34599.0    55088.0  1194.0
C101      c     63777.43    -13904.37   450.0   35486.0    54780.0  900.0
C102      c     -36187.97   -21333.47   592.0   36294.0    56496.0  1184.0
C103      c     -637.34     48984.01    381.0   34738.0    55194.0  762.0
C104      c     704.71      11123.56    598.0   34825.0    54278.0  1196.0
C105      c     -7194.06    7104.57     785.0   34640.0    54878.0  1570.0
C106      c     -12172.89   14525.12    246.0   37420.0    57498.0  492.0
C107      c     47447.49    -28024.15   614.0   34232.0    54627.0  1228.0
C108      c     -8482.02    -28098.43   415.0   36557.0    56160.0  830.0
C109      c     5438.68     22235.32    518.0   36597.0    55980.0  1036.0
C110      c     2277.67     -15379.47   170.0   36807.0    55845.0  340.0
C111      c     81273.73    56898.17    198.0   35729.0    55661.0  396.0
C112      c     -16421.67   20302.20    192.0   34762.0    53176.0  384.0
C113      c     4306.75     2148.42     472.0   35085.0    55749.0  944.0
C114      c     -24678.74   -61421.31   676.0   33375.0    54224.0  1352.0
C115      c     -41249.55   -9516.11    726.0   37330.0    57871.0  1452.0
C116      c     -19078.47   12954.59    384.0   34618.0    54895.0  768.0
C117      c     51939.26    -6293.91    683.0   37464.0    57523.0  1366.0
C118      c     82410.42    53284.46    132.0   35822.0    54336.0  264.0
C119      c     -25498.54   8949.19     485.0   33400.0    52970.0  970.0
C120      c     41546.86    -26858.75   774.0   35863.0    57370.0  1548.0
C121      c     -16773.23   -39413.02   735.0   35621.0    55779.0  1470.0
C122      c     -51744.12   17038.00    471.0   35325.0    54317.0  942.0
C123      c     -48926.78   -10576.65   644.0   35647.0    55022.0  1288.0
C124      c     -14623.01   19594.56    266.0   37215.0    57009.0  532.0
C125      c     26477.01    -33747.17   376.0   35841.0    55385.0  752.0
C126      c     -11607.05   -2775.69    665.0   36688.0    56781.0  1330.0
C127      c     49951.66    69318.73    105.0   36673.0    56110.0  210.0
C128      c     -58253.31   27554.40    130.0   37425.0    56534.0  260.0
C129      c     -4569.17    19354.08    543.0   33703.0    54039.0  1086.0
C130      c     17965.67    -4776.15    363.0   35479.0    55070.0  726.0
C131      c     35374.90    54292.33    624.0   34754.0    54640.0  1248.0
C132      c     37485.95    46436.51    102.0   34718.0    54237.0  204.0
C133      c     -20705.01   21112.76    135.0   35912.0    56096.0  270.0
C134      c     -63679.57   19791.81    272.0   33930.0    52603.0  544.0
C135      c     57809.61    -12974.84   705.0   37446.0    57779.0  1410.0
C136      c     36007.89    49507.48    349.0   36452.0    56113.0  698.0
C137      c     -23110.96   -3906.05    504.0   33319.0    54163.0  1008.0
C138      c     23533.07    33728.38    246.0   66953.0    86215.0  492.0
C139      c     41708.37    36783.31    428.0   65770.0    86055.0  856.0
C140      c     42331.83    26427.54    309.0   65662.0    85101.0  618.0
C141      c     25474.01    -50750.77   553.0   65705.0    86087.0  1106.0
C142      c     71394.61    -12213.19   428.0   65449.0    84447.0  856.0
C143      c     35613.70    20520.53    820.0   66265.0    86126.0  1640.0
C144      c     14690.35    16728.56    313.0   65668.0    85331.0  626.0
C145      c     -38.73      -17757.17   355.0   65717.0    84533.0  710.0
C146      c     -2440.05    -6629.67    458.0   65710.0    86255.0  916.0
C147      c     77229.41    -15544.68   115.0   65506.0    84248.0  230.0
C148      c     58432.12    64203.28    226.0   65951.0    85878.0  452.0
C149      c     -59303.54   12793.15    613.0   65492.0    85310.0  1226.0
C150      c     23824.71    -12908.84   178.0   66680.0    85992.0  356.0
F1        f     -4702.23    14693.42    0.0     0.0        86400.0  0.0
F2        f     63481.10    3600.04     0.0     0.0        86400.0  0.0
F3        f     -93027.29   13898.52    0.0     0.0        86400.0  0.0
F4        f     -88009.71   53495.71    0.0     0.0        86400.0  0.0
F5        f     25267.54    -64681.85   0.0     0.0        86400.0  0.0
F6        f     22337.62    83436.96    0.0     0.0        86400.0  0.0
F7        f     -38800.72   -2420.06    0.0     0.0        86400.0  0.0
F8        f     -89291.65   -16187.86   0.0     0.0        86400.0  0.0
F9        f     27826.75    -15185.12   0.0     0.0        86400.0  0.0
F10       f     -35529.61   -72870.88   0.0     0.0        86400.0  0.0
F11       f     -46210.08   21486.19    0.0     0.0        86400.0  0.0
F12       f     51671.65    -18629.62   0.0     0.0        86400.0  0.0
F13       f     48866.95    64860.38    0.0     0.0        86400.0  0.0
F14       f     51509.51    41551.00    0.0     0.0        86400.0  0.0
F15       f     34098.66    -39152.76   0.0     0.0        86400.0  0.0
F16       f     39853.62    28744.43    0.0     0.0        86400.0  0.0

m numVeh /20/
m numPetrolVeh /10/
m numElectroVeh /10/

DistanceMatrix
0 59121 83328 62813 99745 51487 88122 46040 91901 51813 43126 94945 94754 8228 86794 49411 65902 77394 27092 71291 30269 93973 69080 57283 34158 19101 38493 100545 39643 85910 56746 75590 66370 22207 32352 18221 43740 87454 39654 92750 24601 81377 65609 68149 83956 71697 36821 73374 24446 42324 85099 47586 89963 27060 61305 13102 90827 73870 44169 98117 54938 93612 67747 46811 48534 86220 64628 59503 35358 63884 40645 45672 20686 88032 37271 70736 93314 52599 11427 69091 41997 15692 27877 38346 31865 77975 24727 45278 35003 46025 22632 59690 41274 22087 33587 54246 87296 50200 38121 20380 44864 18384 74211 47847 34531 6479 7987 7473 67412 42958 12638 30872 95776 12992 15445 78693 43838 14481 60405 95278 21575 62174 55437 47100 50935 11065 57608 18784 77272 55074 4663 29881 56340 52796 17242 59197 68361 53566 26169 34052 51399 48476 72066 80714 40735 19499 32784 21443 87333 80232 54634 39695 0 69080 88329 91901 84845 73870 38152 90050 44169 92832 42060 65486 73392 62298 66370 46719
59121 0 53868 8216 145229 58741 92417 98689 150236 52831 57894 108109 89531 54516 48269 28578 11929 132596 75544 41643 42794 147171 32191 103073 26901 40376 51258 152552 79620 42463 11622 39638 20157 40479 56442 49357 97180 58583 38774 150921 63863 139071 25415 94105 67568 33062 22470 60057 81997 16826 74858 20740 147445 83925 109035 46043 46008 106226 15768 58014 57868 133972 8650 86953 107566 59771 61278 45499 68343 31697 66954 101239 45476 33376 66222 116524 98435 111219 68023 63446 20064 59656 35639 50922 33310 78343 41185 77988 93253 78869 72728 11112 17940 37263 72435 47362 88353 46169 88014 53657 103966 73729 22343 78731 82105 52656 57053 65154 8691 51536 56859 40634 86861 71904 44619 78515 84554 70284 17326 84175 74280 6091 62152 101614 92044 70025 20601 57086 90472 111815 61934 29366 75483 67476 75901 113731 17179 70660 67804 57794 57639 47278 34429 30118 41946 46774 42693 47176 35091 86525 107258 20332 59121 32191 139951 150236 47113 106226 83404 131916 15768 93815 98332 9396 85943 63042 20157 49667
83328 53868 0 61236 182452 107903 51435 129367 169994 102994 104404 158857 42243 75316 100208 80121 64013 133385 108862 13397 53162 176950 21698 139404 55237 72316 97111 183732 118248 93218 43339 92931 73372 61964 57278 85259 101346 111944 86246 171246 100825 144984 28477 71232 121411 20938 62021 113568 107074 57017 128479 42708 151972 96606 103150 74311 95559 85283 61272 108395 37413 174529 54519 126029 126058 113370 113373 24607 109123 23626 59651 128560 62643 77071 108487 153152 150645 131759 94748 28368 50304 93107 75623 48459 75920 130703 80361 120033 116190 69330 104739 64971 56789 66059 110925 98835 140966 34660 120920 90685 120361 87614 36285 121660 84537 78220 86552 90797 56568 99039 73123 83724 37741 94928 76141 130978 123159 97783 36857 34250 104509 59097 111891 130264 130874 93124 74270 92763 57629 137005 83070 65132 55562 49202 99223 142181 38303 52160 104219 56840 40753 36872 87825 32264 42906 63861 86825 84980 34827 49221 137956 63437 83328 21698 171612 169994 99397 85283 119288 171496 61272 146597 124731 46426 54384 35007 73372 39794
62813 8216 61236 0 144268 55280 100632 99808 152692 49029 55617 103260 97646 59064 40103 25043 3895 137913 76648 49379 49569 147818 39696 102824 32751 43732 49507 152865 79265 34250 19813 31785 12193 45932 63391 50990 102607 50794 37005 153275 64466 143687 32982 101835 60631 40308 26159 53743 84644 21724 68319 28619 152157 88554 115345 49749 37843 113741 18682 49798 65957 132277 8713 86304 110788 52139 56148 53714 67697 39634 74193 102996 51189 26538 65184 116005 92896 114036 70825 71659 26818 61344 37178 58368 34154 72848 42462 76689 96004 85991 74227 5134 22981 41649 72320 42941 82622 54245 88873 54723 107588 78495 27578 77141 88060 56453 59786 68289 6907 49075 61993 40603 94893 75260 47707 72952 84086 72842 25233 92151 76123 2192 58329 103097 91357 73438 14943 58336 98594 113793 66037 33020 83286 75330 79064 115047 23409 78471 68401 64841 65623 55285 26626 35002 49600 52405 42109 48418 38976 94729 108216 23119 62813 39696 140281 152692 38988 113741 83666 130493 18682 87940 100327 15063 94055 71223 12193 57579
99745 145229 182452 144268 0 92399 183329 54710 62207 98918 89316 74039 192371 107963 141431 119902 145402 112073 73593 169822 129900 28732 165863 43147 128741 110872 94837 24403 65833 146238 148500 134371 139854 120489 130667 98437 107719 131086 107273 60539 82718 100026 161038 155305 115576 168260 125415 110678 78297 131681 108121 142692 104987 97736 125682 108199 150397 153842 130113 148949 154000 17115 152296 58315 73804 127925 99913 159135 76888 161254 135801 58659 120225 160346 79120 29347 87214 67288 88426 168319 135486 89575 110737 137761 112260 93814 105224 67602 73124 135463 77729 139326 131223 116865 73194 106055 92907 149944 61664 93250 80156 102081 165952 67366 115880 104346 95901 92430 150939 95879 111408 104640 194163 89895 106744 94519 60833 85349 153977 194082 78204 144934 91176 55788 53222 91401 131244 90532 170122 55843 100995 120024 150505 149444 86088 46850 159953 149203 78989 132042 150296 148212 134771 173505 140395 119135 102551 99597 179463 175600 47140 125994 99745 165863 22858 62207 139716 153842 63408 15646 130113 93528 62723 154138 167186 161071 139854 146349
51487 58741 107903 55280 92399 0 131231 59888 115907 6584 8753 51047 133927 55625 50768 30340 55430 122854 41657 94538 67149 101846 87182 55345 54755 43311 13518 105286 34502 54454 66012 42364 48445 56149 77250 34086 92985 44111 21683 115859 31246 122357 80869 117638 34725 88909 46152 24928 57684 50887 33993 65337 130926 75201 112020 46493 58928 124819 46889 60116 94225 78706 63928 38708 82744 41675 13917 90380 24663 84297 88109 66458 60068 68025 20701 66513 44723 82805 49590 106014 57888 37215 34754 78888 32996 26929 32261 27360 67160 96052 42698 50146 51134 48688 30933 13675 36890 84725 49230 31112 82866 68947 81057 26346 85969 49343 43580 50470 62186 9697 61377 26343 133171 56247 42329 27572 37761 49097 72498 131511 46244 56513 4330 64881 42951 55499 40771 33231 123255 77228 56096 44787 102939 97237 57381 74474 75607 99093 33204 79216 91723 84173 42396 88848 75291 60057 23041 31561 93705 123702 66349 44468 51487 87182 93210 115907 48876 124819 41527 77600 46889 42661 65694 68135 118892 101596 48445 84292
88122 92417 51435 100632 183329 131231 0 128851 153599 128356 124872 180471 14816 80568 140534 110743 104266 103774 114734 55709 64100 170011 65255 143403 78175 88196 118075 177742 127763 134870 80859 131097 112279 75223 56016 99616 81204 149419 111060 155284 112015 118449 70490 33762 154567 66352 88317 144955 105405 86421 159569 73214 123425 86066 72856 86336 138256 44921 91810 150427 37279 180010 96737 134831 114104 149974 140922 46928 122479 62695 48066 124799 71957 122525 123534 155906 175936 120816 97933 29042 78413 102943 96603 52472 98946 157536 99094 132999 110425 48356 110256 102562 85509 82557 121571 126719 167828 48121 124065 104465 107460 81325 82752 135404 68404 86268 94855 94225 98411 121534 75487 104904 20331 94638 90055 158046 131874 100809 76231 23482 108373 98489 135560 127558 138729 93470 109520 104739 14877 129815 85229 87264 32844 35344 97942 137543 82116 34698 114123 54200 39521 48007 125898 81321 56462 72310 108194 101093 85293 7895 136192 91454 88122 65255 167137 153599 139258 44921 125760 176013 91810 173645 120708 88454 16443 30364 112279 47235
46040 98689 129367 99808 54710 59888 128851 0 56101 64880 52708 76996 137669 54120 109623 78432 101895 74164 23178 117224 76283 48777 114407 17254 77880 60150 54830 54846 25445 111941 99443 99902 98803 67785 76057 49359 57414 103999 65167 56154 35489 68515 110318 102084 93098 116951 76871 84332 23588 83145 89395 91900 76420 44303 77306 56233 116754 102369 82931 119635 99441 51962 106738 23621 29374 101522 72611 105468 35907 109413 81136 8446 66726 120962 39720 27368 82761 26201 34618 113777 85297 39182 63060 83390 65709 76679 57553 33847 20355 81418 26109 95430 82416 65495 29772 71210 81997 95983 11219 45130 33294 47526 117238 36012 62404 51349 43685 38576 105809 57943 57071 59423 139460 35297 55764 77547 23157 31590 104139 139414 25288 99909 61275 5499 22293 36885 89489 41615 115951 17631 46712 70547 96006 94745 31397 15371 111212 94559 31622 77391 95709 94141 98425 124348 86711 65529 58528 51552 130731 121074 8737 78412 46040 114407 42445 56101 107652 102369 18390 47632 82931 85862 10788 106700 112842 106438 98803 92096
91901 150236 169994 152692 62207 115907 153599 56101 0 120981 108807 122873 165890 98293 165677 133284 155233 59161 77561 159758 118684 33751 159496 63860 126056 109935 110646 40273 81405 167773 148645 155808 153278 113535 112734 101796 72572 159990 120229 2067 90255 43913 156833 120793 148418 162186 127779 140082 68240 133705 143878 139271 46144 73391 83393 104609 172629 114337 134667 175736 134561 74117 158709 78143 44194 157445 128302 145415 91982 154018 112446 50570 110494 175582 95817 59851 132320 39325 82226 148069 133898 91510 115538 121536 118784 130357 110403 89224 57047 106707 79063 148762 132753 113908 85792 127284 133956 135351 67112 98625 49636 82588 166079 91021 87489 98314 93184 85264 158095 113940 98538 113559 169318 78909 105636 131213 78467 79969 152186 170420 76760 152452 117075 51423 75052 80839 143939 94889 138866 39477 90155 120940 123387 125694 74690 41568 160255 124082 86642 113281 130790 133123 154097 172416 127946 109083 113207 104581 179083 146833 49807 130063 91901 159496 39914 0 163700 114337 74486 69695 134667 136831 52648 157204 137348 140030 153278 130237
51813 52831 102994 49029 98918 6584 128356 64880 120981 0 12229 55910 130409 55046 45001 24277 49042 125352 45383 89682 64506 107876 82005 61326 50951 41312 13462 111482 39738 48283 60601 36149 41903 53795 75401 33779 94424 39554 17465 121005 33990 125619 75578 116345 32387 83632 41784 21953 60685 46067 33456 60685 134239 76753 112955 45234 52849 124167 41749 54762 91162 85287 57711 44520 86435 37406 13111 86355 29096 79368 86542 71069 58113 61466 25197 72789 48267 86921 51363 102459 53391 38654 31827 76327 29453 29190 30322 33251 70686 95108 45858 43902 46430 46172 35373 7141 39528 81236 53981 31778 86114 69798 75174 32481 86307 48890 44138 51744 55928 8961 60715 23860 129413 57984 40991 29690 43349 51252 67139 127615 49285 50336 9332 69704 48941 57040 34385 34470 120994 81985 56473 41251 100993 94937 59568 79729 69834 96972 36512 77365 88851 80840 35947 82945 72059 58254 20758 30860 87654 120947 71694 39735 51813 82005 99326 120981 43068 124167 46496 84162 41749 45346 70023 62206 116564 98421 41903 81194
43126 57894 104404 55617 89316 8753 124872 52708 108807 12229 0 55931 128279 47714 56983 30760 56373 114153 33327 91008 60832 96544 84307 50045 49986 36675 7304 100490 27746 59795 63827 47654 50541 49653 70122 26260 84259 51736 19165 108855 22528 113864 78275 109970 43347 86225 42399 33327 49069 47782 42723 61702 122455 66469 103368 39151 64486 116754 44480 66932 88184 76713 64016 33088 74436 49508 22641 85561 16870 80968 80711 58840 53155 71433 12992 62139 51384 74766 40851 100499 54100 28551 29391 72402 28512 34872 25895 22149 58756 88203 34112 50545 47820 42470 23144 18584 44425 79233 41766 22775 74353 60352 79893 21977 77511 41403 35167 41805 62458 6586 53481 20929 127825 47507 35118 35578 31638 40345 70127 126352 37626 56552 12356 57492 37769 46780 41997 24643 116327 69762 47694 39864 95794 90417 48632 67646 74187 92108 24649 72079 85488 78496 46839 87686 69555 53010 17687 24090 92965 117237 59670 41370 43126 84307 88178 108807 55027 116754 34344 75097 44480 50086 57815 67223 112034 95648 50541 78341
94945 108109 158857 103260 74039 51047 180471 76996 122873 55910 55931 0 184205 101245 82477 79665 102451 150955 73280 145515 116619 96362 137913 61807 105604 92427 63060 95805 59246 89500 116453 79971 93845 105393 125022 80919 128777 68712 72723 121971 70415 145307 131467 163089 51642 139522 97198 52369 89458 101856 42327 116369 152952 111853 149145 94192 92256 168010 97652 86256 144036 56924 111932 55543 106270 65414 47133 141259 59673 135232 134951 85443 108524 108371 57723 63025 14807 103056 88373 156428 108934 79259 85202 128040 83863 31437 81807 50953 94148 140946 76909 98282 102145 98355 62722 60763 24220 135156 71671 76292 109439 109056 130347 48121 126888 95089 87238 90972 109977 60315 106867 76696 183741 94207 90417 31615 57579 86426 123008 182223 80163 104862 46979 82306 55043 94342 88322 76604 171243 92734 98966 95536 150433 145621 93235 85286 125267 147058 69554 126944 141252 134427 82808 138024 125485 108222 73391 79382 142234 172756 78014 95462 94945 137913 87264 122873 81341 168010 65068 59171 97652 21944 87200 117359 167081 151525 93845 134234
94754 89531 42243 97646 192371 133927 14816 137669 165890 130409 128279 184205 0 86791 137738 110872 101042 117730 121794 49596 67838 180630 59612 151360 79479 91915 121216 188220 134145 131496 77934 129023 109680 79059 62455 104126 93318 147780 112947 167510 117671 132097 65640 47725 154491 60151 89109 145366 114083 86223 160224 72050 137368 96294 86588 91021 134477 59540 91465 147015 40459 187964 92640 141501 125177 148657 142496 44983 127778 58244 56638 134290 76676 117397 128404 164292 178550 131776 105268 27950 78240 108733 99204 57048 101039 159516 102398 138575 120130 59426 117312 100245 85478 85872 127558 127987 169896 49208 131955 109261 118626 90436 76671 140812 79317 91997 100812 101395 94488 124306 82226 107686 5830 102729 94375 159960 138522 108258 72514 9472 115794 95459 138221 136853 145689 101374 108136 110019 28818 140113 92422 89210 42921 42929 106356 147389 77077 43369 120156 60857 43648 49796 123795 73976 58728 77282 111005 105172 77040 19445 145390 91853 94754 59612 177225 165890 136632 59540 132870 184164 91465 175704 130197 84242 29016 32909 109680 50039
8228 54516 75316 59064 107963 55625 80568 54120 98293 55046 47714 101245 86791 0 86415 48861 62411 79187 35226 63462 22171 101756 61712 65503 28329 16843 42210 108440 47388 84772 50858 75160 64005 15253 24582 21541 44322 88463 40934 99242 31507 84655 58614 62332 86528 64363 32931 75944 31940 37751 88501 41014 93101 29496 60014 10849 89607 69217 40443 97795 46810 101792 63161 54710 54392 87521 68108 51356 42116 56405 33724 53372 12749 85001 43575 78964 98745 58995 19576 60916 36143 22419 27229 30172 31222 82481 25657 52460 41908 40489 30790 56475 36592 17415 41014 56499 92138 41989 46348 25231 50061 19463 67946 54916 32304 6312 14306 15578 63049 46507 5767 32305 87699 19934 14803 83153 51731 22648 53962 87143 29803 58178 59769 54966 58950 18045 55742 24647 70215 62389 8165 26225 49307 45230 24293 66963 62234 46232 33568 26370 43314 40251 71228 74134 32593 11470 34822 24213 80812 72696 62661 36246 8228 61712 96296 98293 84519 69217 46256 98256 40443 97788 49643 60088 66201 54211 64005 38496
86794 48269 100208 40103 141431 50768 140534 109623 165677 45001 56983 82477 137738 86415 0 37568 36719 164075 88835 89073 84683 152579 79162 106110 67059 69599 55268 155826 84697 8063 59891 11256 28255 77556 98380 69660 130338 14791 47930 165773 76453 166639 72619 139001 31128 79392 57277 31448 102328 56347 40564 67612 175314 113811 146290 75602 9779 149830 51173 11380 105037 126413 45726 89441 129001 17740 41526 93689 73716 79613 109847 115380 83034 28540 69931 116961 68875 130330 90570 111646 63727 78190 59284 95190 55258 51682 62098 78112 113176 120911 88377 38005 57522 70882 79886 38420 58473 93367 98565 70488 127674 104926 64394 77086 118448 81611 80760 89591 43716 51757 91019 56378 134903 96643 71961 51311 88344 91407 65251 132088 91440 42287 50878 114270 93717 95221 32591 74057 137687 126418 91116 62137 120964 113319 99329 124628 61923 116244 79679 100107 104252 94124 15615 70387 87346 83888 55308 66307 71861 134415 116646 53491 86794 79162 143875 165677 2005 149830 91303 126091 51173 62270 113951 53990 133109 110773 28255 96030
49411 28578 80121 25043 119902 30340 110743 78432 133284 24277 30760 79665 110872 48861 37568 0 25614 126800 55798 67029 49663 125223 58707 79351 32927 32074 25159 129791 55936 36574 37014 26314 20491 41050 62727 33049 92804 40843 13303 133646 43122 130088 52099 104122 43829 60130 22595 34496 66959 24651 49392 39099 138743 76470 108803 38038 41519 113994 19491 48943 73658 107470 33629 62521 93796 40570 33284 65967 44205 56645 74316 82784 46394 42530 41260 92139 70591 95964 54223 83170 32640 42550 21723 61069 17695 50593 24925 52347 78199 84742 54284 19920 25410 33893 49470 18930 60845 62642 67240 34994 91753 67413 50918 52560 80984 44072 43848 52776 31941 24179 53564 20040 109214 59927 34409 50859 60542 55479 43592 107055 56863 26190 33608 82343 67483 58379 11401 38737 105433 93845 53644 25692 86931 79854 62981 93802 45657 82433 46878 64576 72042 62766 22661 58679 54676 47095 20077 29802 63393 103813 86437 19294 49411 58707 117289 133284 35662 113994 61148 105836 19491 66489 80667 37938 100865 80380 20491 63888
65902 11929 64013 3895 145402 55430 104266 101895 155233 49042 56373 102451 101042 62411 36719 25614 0 141392 78786 52451 53405 149651 42638 104336 36475 46800 50566 154552 80791 30611 23408 28932 9527 49536 67242 53442 106132 47936 38200 155778 66451 146964 36000 105727 58526 43080 29481 52141 87335 25359 66493 32485 155459 91874 119071 52888 34082 117634 21968 46173 69773 133084 9986 87680 113638 49444 55327 57338 69142 42895 78071 105327 54837 22842 66466 117375 91686 116742 73603 75264 30680 63761 39714 62260 36480 71720 44850 77803 98711 89856 76524 6485 26627 45016 73975 42659 81313 58066 90880 56941 110576 81865 29449 78117 91721 59594 62577 71185 7879 49793 65487 42506 98184 78211 50670 71779 85547 75530 28536 95385 78544 5849 58261 105322 92702 76411 14660 60604 102393 116191 69241 36254 87171 79210 81943 117188 25845 82356 70367 68703 69477 59131 23881 36567 53493 56033 43765 50743 39992 98432 110225 26263 65902 42638 141988 155233 35694 117634 85442 131431 21968 86524 102752 17592 97860 74968 9527 61448
77394 132596 133385 137913 112073 122854 103774 74164 59161 125352 114153 150955 117730 79187 164075 126800 141392 0 82137 126475 91549 87691 129690 90642 105697 95688 112121 95516 94021 163297 126615 152912 143163 92141 80158 94535 35435 163624 116400 61200 91625 16016 129419 70057 157473 132307 111965 147253 65357 116260 156388 115440 19651 50336 31297 89462 168207 60087 119466 175348 95982 118133 141094 95851 44791 162020 136771 110639 99382 124138 74213 65771 87143 164108 103094 95734 155445 48970 74258 106861 112900 87030 105234 88607 109241 145846 101993 103287 57556 64078 80316 135593 115030 96443 93748 129427 152999 101339 79739 94491 41699 59796 141508 106028 51486 82998 83374 74670 141277 116514 75920 107767 122211 67818 92626 146687 94265 74115 127744 124182 76716 136848 125854 69080 95915 69071 134719 91279 89024 60701 73266 105384 79176 84388 65812 69885 136624 81704 89788 79689 92768 99019 149459 145940 97453 85828 109156 97897 152522 98325 75055 115386 77394 129690 89819 59161 162109 60087 87110 113282 119466 157569 63762 136629 88843 99123 143163 95652
27092 75544 108862 76648 73593 41657 114734 23178 77561 45383 33327 73280 121794 35226 88835 55798 78786 82137 0 96250 56605 71697 92623 30587 55654 37741 33577 77372 14223 90413 76670 78581 75998 46906 59344 26290 55763 84918 42676 77876 12696 80758 88151 92143 76315 95091 53888 66563 16984 60190 74446 69703 89300 38583 76017 34628 95311 95501 59798 99353 82022 66590 83564 20286 41113 82785 55415 85737 17331 87855 66796 27004 46927 98251 21173 44295 74864 41624 16854 96140 62814 16374 39906 65398 42533 63737 34383 22468 25512 70163 4488 72312 59513 43488 11644 50896 71267 76811 12606 21952 41341 36474 94442 25331 54103 30931 22327 20512 82631 37332 39570 36397 122867 21476 33457 64573 17414 14155 81610 122361 6977 76733 44177 26610 23996 22050 66659 18459 103218 38087 29517 47743 82421 79536 19983 38406 88404 80046 9165 60982 78492 75214 76626 101679 67082 45931 35744 28382 107973 106841 31715 55301 27092 92623 64811 77561 86837 95501 11076 63137 59798 76137 25164 83655 99559 89391 75998 73641
71291 41643 13397 49379 169822 94538 55709 117224 159758 89682 91008 145515 49596 63462 89073 67029 52451 126475 96250 0 41549 165214 10047 126708 41990 59302 83716 171836 105243 82448 30613 81161 61572 49500 47781 72186 93105 100159 72871 160924 87829 137124 16457 69116 108894 10679 48624 100777 95387 43661 115723 29310 144482 86613 97234 61626 85183 83040 48007 97864 31755 161557 43461 113028 115615 101407 100220 15890 95930 10384 52276 116834 50714 67801 95215 140487 137453 121055 82655 28051 36909 80310 62276 38855 62528 117559 67074 106809 104928 63143 92214 52731 43410 53110 97889 85643 127854 25299 108457 77596 110187 77170 27208 108395 76161 65899 74015 78757 45408 85647 61804 70344 46143 83301 63232 117852 110181 85651 24343 43137 92167 47199 98541 118380 117913 81450 61708 79787 58567 125653 71411 51810 51625 44197 87639 130421 27564 47491 91293 47702 34297 27634 75984 25827 31822 52005 73436 71794 30619 51689 125877 50069 71291 10047 159601 159758 88122 83040 106519 158603 48007 133514 113089 35108 54648 32140 61572 30932
30269 42794 53162 49569 129900 67149 64100 76283 118684 64506 60832 116619 67838 22171 84683 49663 53405 91549 56605 41549 0 123821 40883 87153 17653 24192 53980 130571 67515 81051 35245 73878 58153 11240 13897 36311 56312 90348 47476 119774 50452 99848 38930 54562 92575 43583 27551 82455 53943 28739 96613 23945 107834 46355 66391 23370 85442 65168 33615 95757 27448 123079 50782 75148 74491 90217 77301 29248 60184 35359 25181 75423 9685 75991 60621 100759 111840 79709 41693 40577 22799 41835 32680 11830 35378 93611 35000 71095 63382 36599 52298 48840 27489 18462 60549 63501 103848 20249 68236 41516 69378 36395 50164 73215 40179 25677 34425 37713 51360 57452 20286 40854 67931 41815 26548 94149 72187 44751 36247 66914 51705 48012 71479 77102 79704 39990 52097 42560 56608 84107 29933 24264 37327 30608 46136 89038 45103 32942 53320 15497 24656 18813 69089 55261 10496 10778 44128 37356 61966 56553 84832 31284 30269 40883 118458 118684 83020 65168 67423 119725 33615 109659 71626 45383 52130 34976 58153 17853
93973 147171 176950 147818 28732 101846 170011 48777 33751 107876 96544 96362 180630 101756 152579 125223 149651 87691 71697 165214 123821 0 162892 46554 126603 108921 100435 8037 69370 156152 148216 144008 145711 116069 121548 97986 90261 144333 111957 31990 83406 74196 158981 139436 130481 165469 125569 123734 69879 131861 124344 140596 78193 84345 105870 104866 160720 135777 131455 161461 144803 42520 155058 63463 56094 141417 112150 152646 81088 157793 124402 48398 114502 167466 84317 36354 107829 49307 82718 159033 134061 87912 111547 129623 113968 110098 105988 74631 61283 121672 74870 143249 131154 114191 75786 114841 111520 142857 59163 93515 62787 91083 166010 75502 101615 99671 92354 86536 154027 102671 103878 107218 183183 82022 104530 110900 65006 79805 152903 183636 73992 148067 101816 46895 58936 83832 136543 90131 155934 40652 93889 119308 137795 138209 77732 34793 159981 137352 79461 122591 140987 140858 143383 173124 134053 113223 105901 100003 179508 162604 40067 126982 93973 162892 9245 33751 150705 135777 64215 38680 131455 113329 52226 155352 153582 151294 145711 138485
69080 32191 21698 39696 165863 87182 65255 114407 159496 82005 84307 137913 59612 61712 79162 58707 42638 129690 92623 10047 40883 162892 0 122728 37126 55001 77081 169238 100555 72460 21742 71467 51876 46881 49719 67520 95402 90483 65673 160552 83277 139443 6780 76129 99715 2703 42092 91904 93497 36528 106802 23305 147099 87129 101470 58209 75151 89815 40300 87851 37867 156781 33484 108315 115318 91823 91992 21624 90644 5611 56127 114727 49140 57802 89579 136529 129297 120391 80195 36915 30808 76371 56417 41092 56128 109293 61555 101350 103610 67669 88807 43301 36506 49136 93147 77539 119508 28905 105070 72827 110260 77264 17507 102740 78555 63226 70762 76439 35457 78635 60961 64079 56190 81630 59192 109544 105549 83088 15202 53168 89140 37535 91054 116006 113298 79725 52575 75358 67097 124069 69850 46280 57963 50107 85988 128187 17518 53500 86917 50036 39689 31119 66322 17683 32602 50526 67014 66710 23570 60813 123128 42955 69080 0 156847 159496 78248 89815 102459 154049 40300 125104 111140 25172 62979 39794 51876 34504
57283 103073 139404 102824 43147 55345 143403 17254 63860 61326 50045 61807 151360 65503 106110 79351 104336 90642 30587 126708 87153 46554 122728 0 85614 67731 54293 50520 23559 109598 105683 97453 99764 77473 89032 55381 74520 98386 66228 63378 39738 83753 117965 118033 85443 125136 82608 77924 38417 88909 80295 99588 91232 60624 94514 65104 114174 119026 87666 115206 112094 36632 110513 16972 45998 95582 66193 116316 35204 118107 95366 25156 77469 121246 38124 13802 69318 41845 46232 126321 92435 46430 68013 95596 69826 66569 62450 28077 37426 96841 34855 98051 88391 73718 30637 68287 70192 107323 19405 50277 50389 62518 123270 29042 78471 61495 52909 50191 109299 56266 69401 62480 152734 48780 63597 67420 18812 43192 111023 152398 35755 103288 55521 21721 12395 50030 90742 47444 131039 30983 59045 77024 110661 108646 45517 23668 117246 108796 35939 90550 108479 105680 96871 130737 97640 76439 60725 56697 136814 135550 16214 83413 57283 122728 38139 63860 104221 119026 20270 32830 87666 73326 28018 111758 127700 119352 99764 103998
34158 26901 55237 32751 128741 54755 78175 77880 126056 50951 49986 105604 79479 28329 67059 32927 36475 105697 55654 41990 17653 126603 37126 85614 0 17923 42709 132698 63507 63412 22619 56322 40597 13636 31482 30426 70278 73164 33487 126907 46176 112401 32504 72017 76566 39523 10339 66805 58308 11252 81395 14053 120714 57366 82598 21851 67834 82819 15964 78109 40930 119799 35416 71282 82490 73213 63065 35655 53947 32686 42833 78933 18583 59287 53251 99413 99169 86745 44471 51530 7856 39326 20657 28381 21765 80037 25141 64819 69132 54167 51981 31479 9979 12439 56112 48659 90417 30393 68184 35776 78357 47111 40074 66423 55353 27784 34261 41032 35587 45299 30084 29058 78483 47147 22206 80483 68486 47160 26420 76763 52613 31433 58996 79895 76236 45218 34468 38235 72506 88868 36200 10124 54307 47025 51391 92142 34204 49711 49794 33138 39151 30208 51481 46752 21810 19873 32311 29827 53304 71076 86616 13884 34158 37126 120219 126056 65414 82819 65344 116987 15964 96226 75586 31776 67938 47898 40597 31057
19101 40376 72316 43732 110872 43311 88196 60150 109935 41312 36675 92427 91915 16843 69599 32074 46800 95688 37741 59302 24192 108921 55001 67731 17923 0 29951 114904 45945 67948 39411 58345 47537 12981 34093 12989 61084 72109 25378 110662 28528 100349 50411 75162 71413 57427 17918 60938 41715 23773 74332 31965 108901 45533 76730 6230 72795 83650 25131 80979 51619 102255 48939 53729 67237 71345 54365 50765 37105 50406 45266 61649 16816 68994 37016 81533 87861 70849 27718 64365 25151 21403 10699 35730 14566 70068 11066 48093 52907 54351 34139 40599 22846 6348 38609 41479 80176 43316 50292 18424 63867 35908 57190 49968 48921 12858 16906 24779 48496 33656 21528 17474 91770 31600 4409 70652 50879 30126 43992 90537 34975 43145 47631 62403 58613 29750 39041 20490 79945 71908 22613 11015 59726 53928 35536 74646 51190 55801 32024 36059 48838 42327 54385 64210 33413 16950 20566 13336 70633 80573 68878 20617 19101 55001 102397 109935 67711 83650 47464 99323 25131 85962 58486 47356 75582 59126 47537 41878
38493 51258 97111 49507 94837 13518 118075 54830 110646 13462 7304 63060 121216 42210 55268 25159 50566 112121 33577 83716 53980 100435 77081 54293 42709 29951 0 104795 31069 57141 56758 45165 45484 42875 63773 20706 80963 51926 12547 110826 21389 112842 71098 104126 45844 79026 35119 35373 47911 40571 46608 54413 121491 63305 99527 32975 61984 111427 37426 65795 81237 82844 57729 37401 74153 50073 26136 78311 19387 73694 74595 60187 46636 67032 16170 66983 57911 75146 37986 93389 46807 25237 22158 65644 21209 40446 18981 27237 58321 82580 33389 44517 40579 35544 25145 17568 50379 72106 43643 18329 73414 56367 73065 27639 73021 35957 30736 38285 56264 4504 47946 13666 120683 44583 28818 41084 35518 38012 63004 119169 36652 50295 17784 59237 42336 43604 36557 21031 109848 71258 43144 32591 89466 83860 46308 70084 67295 85661 24435 65738 78619 71420 43603 80842 62489 46589 10398 18065 86248 110489 62376 34181 38493 77081 92340 110646 53271 111427 36851 80989 37426 56133 58684 60518 105508 88671 45484 71354
100545 152552 183732 152865 24403 105286 177742 54846 40273 111482 100490 95805 188220 108440 155826 129791 154552 95516 77372 171836 130571 8037 169238 50520 132698 114904 104795 0 73862 159732 154038 147618 150239 122522 128733 103618 98203 146978 116600 38384 88689 81800 165158 147335 132594 171789 131229 126348 76702 137540 126032 146731 85507 91929 113904 111079 164208 143782 136903 164364 152050 40074 160293 67479 63967 143982 114927 159533 85587 164211 131877 55243 121163 171766 88625 38876 107975 57167 89203 166316 140053 93705 117011 136695 119261 111694 111430 78387 68536 129389 80769 148199 136879 120332 80578 118532 112380 149811 64769 98972 70660 98411 171814 79001 109338 106091 98531 93081 159191 106768 110777 112291 190695 88855 110539 112471 69279 86239 158887 191089 80134 153203 104950 53474 62721 90630 141165 95695 163726 48118 100675 125109 145434 145692 84609 41627 165776 144900 84748 129823 148241 147846 147248 179027 140874 119909 110800 105479 185343 170299 46115 132483 100545 169238 12600 40273 153988 143782 69222 36888 136903 113791 59172 160904 161322 158626 150239 145540
39643 79620 118248 79265 65833 34502 127763 25445 81405 39738 27746 59246 134145 47388 84697 55936 80791 94021 14223 105243 67515 69370 100555 23559 63507 45945 31069 73862 0 87493 82680 75365 76401 56996 71927 33092 69556 78595 42741 81363 17423 91022 95471 106139 67778 102872 59604 58892 30286 65857 64518 77269 99344 52647 89905 44403 92212 109710 64334 94464 93952 56318 86980 7785 50833 76090 47189 96087 11733 96190 80102 32487 58017 98096 15024 36905 61669 49692 30568 107809 69915 25680 44912 77249 46473 52501 39421 9288 36474 84081 18288 74496 65417 52189 7414 46327 59032 87724 15323 27735 52449 50653 100122 12007 68320 42227 33371 33884 85751 33510 52281 38990 134889 35646 42139 53362 5013 28124 88231 134157 21199 79738 35835 30585 12748 36107 67304 25489 116679 42951 42727 54396 95792 92439 34174 40010 94120 93173 14204 73665 90565 86324 74328 107673 77806 57208 37170 33907 113640 119873 31956 60171 39643 100555 61353 81405 82749 109710 7366 53494 64334 63548 32386 88402 112902 101432 76401 85086
85910 42463 93218 34250 146238 54454 134870 111941 167773 48283 59795 89500 131496 84772 8063 36574 30611 163297 90413 82448 81051 156152 72460 109598 63412 67948 57141 159732 87493 0 54014 12150 23171 74763 94893 69511 129016 22753 48332 167966 77820 166629 66042 134907 38607 72535 54108 37663 103001 52367 47997 62507 175290 112961 144211 74098 4962 146168 47454 15563 99995 131617 38987 92739 129820 25568 46746 87943 76169 73258 106212 117261 80266 20484 72527 120965 76186 131557 90651 105874 59317 78631 58068 91086 54056 58374 61498 81521 114075 117562 89560 32944 53595 68523 82185 41323 65694 88282 100774 70949 128086 103722 57160 80743 116381 80379 80407 89328 37061 54068 89047 56306 128471 96467 70716 58069 91420 91747 59013 125565 92441 36382 55137 116375 97219 94939 29389 74624 132671 128349 90055 59567 116623 108827 99425 127131 55054 111851 81259 96545 99446 89191 14009 62888 82864 81222 55698 66211 64108 128972 119297 50320 85910 72460 147607 167773 8454 146168 93796 131060 47454 69717 115574 47357 128113 105434 23171 91287
56746 11622 43339 19813 148500 66012 80859 99443 148645 60601 63827 116453 77934 50858 59891 37014 23408 126615 76670 30613 35245 148216 21742 105683 22619 39411 56758 154038 82680 54014 0 51138 31749 35798 48156 50510 91241 70014 44822 149477 65957 134201 15086 83862 78282 23119 23087 70241 80739 16827 85168 11369 142382 79486 101468 44171 57439 96398 19347 69575 46850 138278 16891 90293 105107 71086 70290 33930 72002 20406 57910 101043 40034 43380 70435 119379 107598 109344 66809 51861 14764 60339 37768 41619 36581 87575 43277 82309 91671 69963 73346 22395 17293 34782 75306 55898 97774 35244 89276 55435 100918 69218 17796 83413 75388 50334 56263 63497 18152 57856 52092 44499 75336 69739 43820 87818 87688 69388 6578 72707 74365 17650 69761 101810 95367 67811 31099 58481 79297 111189 58801 28930 65139 57043 73959 114050 11780 60316 69807 49276 46922 36559 45916 25064 32289 41437 47136 48987 31305 75068 108149 22812 56746 21742 141481 148645 58730 96398 85566 135875 19347 103363 97820 10178 74800 51700 31749 39201
75590 39638 92931 31785 134371 42364 131097 99902 155808 36149 47654 79971 129023 75160 11256 26314 28932 152912 78581 81161 73878 144008 71467 97453 56322 58345 45165 147618 75365 12150 51138 0 19594 66463 87485 58595 119097 19018 37000 155974 66056 155674 64765 128337 31112 71994 46371 27602 91598 45864 40002 57906 164346 102623 135045 64347 16860 138953 40579 22635 95085 119955 38683 80590 118355 20570 35409 84490 64083 71329 98997 105343 71926 28411 60417 108876 67388 119895 79599 102403 53473 67338 48033 84602 44006 48549 50919 69377 102559 109937 77889 28777 46996 59702 70133 29174 56799 83493 88755 59632 116848 93691 58038 68621 107206 70367 69654 78515 36578 41983 79776 45312 126473 85597 60713 48356 79273 80529 56937 123810 80858 33962 43200 104391 85077 84145 21994 63251 127641 116419 79891 51017 110465 102929 88370 115060 54766 105784 69416 89241 94110 84118 5228 64703 77021 72754 44394 55253 67113 124760 107198 42606 75590 71467 135475 155808 9375 138953 81714 119276 40579 61352 103743 46523 123055 101075 19594 85865
66370 20157 73372 12193 139854 48445 112279 98803 153278 41903 50541 93845 109680 64005 28255 20491 9527 143163 75998 61572 58153 145711 51876 99764 40597 47537 45484 150239 76401 23171 31749 19594 0 52625 72039 51936 108269 38607 33782 153702 63381 147744 45171 111766 49027 52435 31874 42904 86158 29414 57094 39462 156333 93070 122431 53766 27341 123153 24775 38482 76948 126900 19494 82885 112854 40005 46861 65447 64668 51791 83251 102909 58098 22308 61643 112421 82691 115447 72846 83402 36164 61967 38861 67966 35128 62839 43369 72493 97511 94741 74218 9815 30667 47016 69959 35124 72246 65249 87635 54669 110309 83369 38966 72510 94735 60356 62007 70869 17379 43992 67749 39721 107011 78020 50925 62854 80967 74451 37390 104301 76587 14374 50873 102598 87806 76322 9344 58415 109624 113924 70130 37974 93454 85656 81458 114171 35320 88681 67196 73643 76316 66095 14453 46008 59693 59156 40288 48917 49169 106182 106875 28183 66370 51876 137751 153278 27013 123153 81631 125509 24775 77363 100631 27019 105056 82560 0 68141
22207 40479 61964 45932 120489 56149 75223 67785 113535 53795 49653 105393 79059 15253 77556 41050 49536 92141 46906 49500 11240 116069 46881 77473 13636 12981 42875 122522 56996 74763 35798 66463 52625 0 22010 25164 56751 81876 37121 114471 39730 98773 43473 63507 82826 49492 20761 72522 46645 24209 86370 25762 107080 43787 69824 12593 79395 72959 27972 88839 38688 112961 49031 64709 69640 81467 66729 39105 49181 41725 33527 67848 5503 72373 49481 91201 100778 74226 33352 51675 21230 31423 22114 22769 25238 82773 23907 60136 56988 43692 42778 44101 22957 7676 49881 53281 92951 30908 58984 30442 65220 33522 52716 62187 42242 16437 24589 29562 49148 46462 16454 29983 79066 34914 15398 83334 61774 36287 38715 77957 42669 44764 60477 69174 69393 32991 45382 31729 67211 77258 23380 15462 47288 41157 39257 81329 47044 43186 42803 23936 35862 29721 61977 58884 20943 6540 33207 26120 65560 67616 76469 24503 22207 46881 110210 113535 75783 72959 57446 109762 27972 98750 64264 45286 62803 46213 52625 29035
32352 56442 57278 63391 130667 77250 56016 76057 112734 75401 70122 125022 62455 24582 98380 62727 67242 80158 59344 47781 13897 121548 49719 89032 31482 34093 63773 128733 71927 94893 48156 87485 72039 22010 0 44165 45690 103556 59045 114008 56000 89751 49272 41511 104835 52378 41118 94515 52608 42626 108262 36796 97380 39344 53409 30990 99311 51467 47439 109510 23413 125586 64223 79160 68930 103269 88435 32764 66492 44125 11589 73673 17291 89742 67671 102156 121506 74824 42845 37749 36578 46928 44016 8932 47242 104102 45133 76983 60268 22704 54860 62736 41372 29645 65594 75221 114140 22724 69649 48746 63117 30726 61611 79393 28841 30269 38846 38949 64917 67657 19774 51547 63703 40777 35012 104700 76186 45858 48187 63447 53370 61790 81547 75879 83268 39275 65829 48794 46263 81024 30002 37044 25694 20721 44695 87185 57064 22044 58149 1967 19656 20447 82770 65789 17296 17196 54659 46038 72364 48159 84168 44895 32352 49719 117081 112734 96688 51467 70420 121862 47439 119903 69654 58332 42060 30408 72039 17503
18221 49357 85259 50990 98437 34086 99616 49359 101796 33779 26260 80919 104126 21541 69660 33049 53442 94535 26290 72186 36311 97986 67520 55381 30426 12989 20706 103618 33092 69511 50510 58595 51936 25164 44165 0 61722 69456 21868 102336 15757 97135 62602 83712 65770 69873 27611 55181 34223 33922 67198 44277 105801 44521 79526 13282 74470 90741 33590 80870 63683 89404 57515 40873 60956 68124 46744 63698 24157 63102 54515 52038 27675 74182 24318 69155 77530 63545 21174 76837 37056 10361 13836 47324 17000 60948 8621 35147 45580 61998 23377 46967 33279 19327 25713 36026 70662 55996 38863 5435 58716 36532 68240 37092 52570 15261 11175 19931 56692 25067 27296 13284 104222 27004 9769 61617 38063 22545 55674 103118 25133 50890 38232 52281 45812 25561 42703 7975 90427 62803 22870 21668 69741 64706 29934 64375 62201 66208 19450 46104 60674 54875 55515 75564 46040 27314 14713 3362 81786 91867 57975 29056 18221 67520 91040 101796 67679 90741 35152 86562 33590 76341 49339 57368 86212 71230 51936 54161
43740 97180 101346 102607 107719 92985 81204 57414 72572 94424 84259 128777 93318 44322 130338 92804 106132 35435 55763 93105 56312 90261 95402 74520 70278 61084 80963 98203 69556 129016 91241 119097 108269 56751 45690 61722 0 131153 83384 74200 62268 44071 94650 49294 126808 98065 76790 116314 39328 80916 126977 80121 51725 17802 20416 54918 133875 46138 84266 141694 64289 108562 105665 73705 34404 129846 106712 77549 71700 89802 41787 50607 51714 128907 74944 84025 130550 41195 43424 76849 77466 55851 71084 54455 75115 118054 68424 78221 37097 34331 52655 100432 79677 61328 67056 97584 126368 67808 58195 62704 27781 25425 106428 81084 16944 48732 50659 42680 105864 85463 40660 74608 96800 36782 58396 118848 71385 44262 92558 98010 49147 101498 96494 53987 75446 37490 100063 59977 66613 51933 39278 70335 50977 54069 36332 60899 101414 52086 61449 45504 60724 65473 115356 111157 62860 50406 76416 65033 117800 74301 62267 80287 43740 95402 88716 72572 128407 46138 63884 103964 84266 131475 46989 101225 64862 68809 108269 62205
87454 58583 111944 50794 131086 44111 149419 103999 159990 39554 51736 68712 147780 88463 14791 40843 47936 163624 84918 100159 90348 144333 90483 98386 73164 72109 51926 146978 78595 22753 70014 19018 38607 81876 103556 69456 131153 0 47818 159914 73228 164765 83776 144888 17075 91008 62899 20630 99835 63379 26423 76233 173416 113947 148365 77666 24243 154832 57984 18055 112987 115460 57618 82307 125904 3321 32210 103069 68529 90280 115143 110487 87182 43204 64587 108190 54726 126476 89382 120916 71245 76637 61421 101533 57566 38791 63007 70997 110111 125561 85201 47619 64418 74613 74824 34371 44523 101527 93301 69133 125336 105837 76874 69524 120763 83024 80594 89053 55523 47775 93568 56605 145337 95810 73668 38300 81646 89727 75902 142720 88538 52967 43043 108979 86134 94606 39899 72391 145333 121316 92005 66533 127458 120162 97946 118501 73750 122875 75971 105395 111773 101998 24174 83348 94495 87834 54746 66128 85372 142901 110332 59280 87454 90483 135396 159990 14382 154832 85636 115545 57984 47948 109549 65528 140746 119228 38607 103530
39654 38774 86246 37005 107273 21683 111060 65167 120229 17465 19165 72723 112947 40934 47930 13303 38200 116400 42676 72871 47476 111957 65673 66228 33487 25378 12547 116600 42741 48332 44822 37000 33782 37121 59045 21868 83384 47818 0 120552 29980 118712 59473 100397 46035 67481 24499 35573 54674 29248 49250 43654 127386 66351 100611 30321 53287 109024 25507 59070 73818 95390 45185 49496 81488 46688 29877 68943 31031 62656 70426 69679 41823 55812 28267 79181 65701 83318 42640 84997 36215 30346 15028 59303 12130 46601 15289 39685 65750 79729 41406 32054 29462 29445 36183 16178 56965 63783 53965 22645 79854 58031 60728 40175 73141 35285 33039 41758 43734 13035 46278 8788 111957 48755 26168 47071 47418 43529 51207 110181 44169 37757 25774 69148 54507 47381 24587 26298 104079 80761 44189 23835 84399 78050 51400 80535 55031 80230 33673 60992 71598 63418 34355 68522 54676 42151 7394 18506 73820 103715 73139 22814 39654 65673 104077 120229 45938 109024 47849 93517 25507 62779 67685 48077 99606 81031 33782 63848
92750 150921 171246 153275 60539 115859 155284 56154 2067 121005 108855 121971 167510 99242 165773 133646 155778 61200 77876 160924 119774 31990 160552 63378 126907 110662 110826 38384 81363 167966 149477 155974 153702 114471 114008 102336 74200 159914 120552 0 90572 45975 157819 122546 148174 163239 128476 139933 68948 134435 143519 140188 48198 74667 85259 105395 172808 116196 135319 175767 135942 72696 159371 77920 45314 157341 128146 146657 92059 155088 113879 50873 111505 176000 95871 58952 131588 40247 82944 149500 134742 92027 116106 122787 119311 129927 110932 89059 57824 108278 79487 149301 133495 114718 85897 127364 133378 136593 67231 99078 50892 83764 166953 90805 88979 99144 93870 86041 158733 114063 99592 113982 170901 79765 106345 130781 78321 80638 153087 171975 77257 153064 116954 51590 74721 81696 144360 95349 140568 39801 91093 121656 124955 127175 75520 41420 161111 125596 86923 114581 132164 134374 154329 173340 129104 110098 113571 105085 179997 148485 49628 130715 92750 160552 38388 2067 163800 116196 74514 68318 135319 136178 53088 157967 139012 141467 153702 131511
24601 63863 100825 64466 82718 31246 112015 35489 90255 33990 22528 70415 117671 31507 76453 43122 66451 91625 12696 87829 50452 83406 83277 39738 46176 28528 21389 88689 17423 77820 65957 66056 63381 39730 56000 15757 62268 73228 29980 90572 0 91639 78331 92691 65858 85629 42899 55725 26695 49210 65037 60030 100268 44480 81836 27160 82732 97837 48240 87117 77292 73727 71659 25205 52764 71268 45159 78767 10761 78838 65082 39699 41117 85606 13069 53475 69530 53879 19012 90941 52771 9087 28403 60629 30582 55809 22816 20988 36933 70539 12000 60000 48667 34766 10161 38930 64398 70575 24429 10541 52148 39489 83588 23410 57206 25775 17204 20872 70622 25455 36879 23950 118172 25547 24729 56596 22352 18034 71292 117302 15318 64668 34432 39229 30091 25119 54050 8071 101668 50782 28551 37310 80739 76702 26225 50835 77556 77738 3946 57829 74024 69255 63989 91018 60626 40420 23096 16974 97138 104157 43775 43872 24601 83277 76089 90255 74450 97837 19638 70826 48240 69699 37782 72296 97693 84819 63381 68177
81377 139071 144984 143687 100026 122357 118449 68515 43913 125619 113864 145307 132097 84655 166639 130088 146964 16016 80758 137124 99848 74196 139443 83753 112401 100349 112842 81800 91022 166629 134201 155674 147744 98773 89751 97135 44071 164765 118712 45975 91639 0 138521 84693 157059 142112 117529 147191 64955 122379 155023 123331 8675 55166 45594 94166 171585 75500 125024 177720 107659 107719 147691 91563 40189 162884 136166 121487 98036 133839 85344 60122 94193 169340 101920 86787 151198 42319 76077 119397 119946 88510 109061 98526 112965 143507 105182 100270 55262 76278 79781 140889 121200 102062 92014 130395 149817 111827 75963 96192 39514 65343 149996 102854 60999 87491 86244 77312 147660 117054 82319 110391 136356 70164 96821 144367 90417 75288 136010 138132 76334 142832 124930 63099 90794 71717 138914 92698 103606 52821 77763 110710 92158 96637 67312 61253 144795 94211 89216 89574 104235 109492 152643 154991 106868 92806 111332 100455 161664 112652 67615 120709 81377 139443 77334 43913 164645 75500 83770 102889 125024 153998 59038 143968 103093 111484 147744 106199
65609 25415 28477 32982 161038 80869 70490 110318 156833 75578 78275 131467 65640 58614 72619 52099 36000 129419 88151 16457 38930 158981 6780 117965 32504 50411 71098 165158 95471 66042 15086 64765 45171 43473 49272 62602 94650 83776 59473 157819 78331 138521 0 78971 92935 8055 36372 85150 90046 30549 100039 18450 146360 85242 102047 54115 68872 92381 33995 81495 40607 151545 27067 103196 112756 85085 85377 24977 85279 7855 56862 111055 46364 52082 84038 131750 122685 117580 76479 41700 25564 71807 50924 41088 50352 102659 56207 95866 100460 68718 84479 36526 30654 44826 88058 70974 112850 30385 100687 67816 107956 75180 13421 97157 77997 59529 66641 72837 28983 72480 58455 58324 62444 78388 54710 102899 100480 79290 8510 59524 85033 30811 84686 112172 108218 76464 45801 70522 71283 120680 66778 41075 60458 52412 82729 124400 11626 55819 82051 49849 41876 32388 59606 16522 31982 47784 61168 61564 23151 65605 119054 36917 65609 6780 152697 156833 71665 92381 97708 148929 33995 118429 107575 18685 67016 43583 45171 35659
68149 94105 71232 101835 155305 117638 33762 102084 120793 116345 109970 163089 47725 62332 139001 104122 105727 70057 92143 69116 54562 139436 76129 118033 72017 75162 104126 147335 106139 134907 83862 128337 111766 63507 41511 83712 49294 144888 100397 122546 92691 84693 78971 0 146303 78192 82100 135938 79674 82677 149494 73371 89707 57826 39100 71198 139080 14059 87830 149927 38385 154032 100747 112352 83374 144691 129444 54506 103449 71572 29992 96798 58583 127186 105413 129450 161073 90179 75591 42866 75604 83840 85388 43837 88711 144565 86037 112940 82364 22161 87877 102102 81488 71108 101054 116567 154368 49076 99340 87554 76683 55963 92391 115626 39680 68634 75934 72506 101895 108239 56581 92611 52408 70759 75413 145209 109535 78036 81536 54662 85269 99966 121860 99877 115523 70093 106433 86697 18967 100204 64164 78489 18741 26871 73142 108633 89575 23552 93844 39612 37286 47458 123464 93807 52238 58257 95606 86081 99389 28427 108523 85810 68149 76129 137449 120793 137391 14059 102636 149712 87830 160053 92806 93462 19218 37046 111766 44666
83956 67568 121411 60631 115576 34725 154567 93098 148418 32387 43347 51642 154491 86528 31128 43829 58526 157473 76315 108894 92575 130481 99715 85443 76566 71413 45844 132594 67778 38607 78282 31112 49027 82826 104835 65770 126808 17075 46035 148174 65858 157059 92935 146303 0 100629 66303 10595 92400 68354 9439 82465 165613 109139 145220 76182 40868 155056 63051 34861 117437 99570 68511 70275 117324 13772 20902 109513 59126 98650 116311 100241 87733 58519 55199 94138 37774 117083 83707 126914 76379 71030 60956 104260 57595 22137 61014 59319 101827 125765 77420 56504 69180 75198 65295 30047 27473 106471 82996 64131 117582 102089 87972 57405 118312 80560 76411 84129 66399 41347 92046 54319 152609 90342 71963 21562 70095 83483 84622 150291 80957 62666 32238 98341 73549 89421 47188 66855 148929 110693 88616 68318 129858 123113 91800 106873 84038 125518 67929 106762 115713 106576 35309 95020 98375 88126 51706 62670 97880 147598 98622 63113 83956 99715 121393 148418 30210 155056 75087 99953 63051 31146 99836 75693 144384 124206 49027 107614
71697 33062 20938 40308 168260 88909 66352 116951 162186 83632 86225 139522 60151 64363 79392 60130 43080 132307 95091 10679 43583 165469 2703 125136 39523 57427 79026 171789 102872 72535 23119 71994 52435 49492 52378 69873 98065 91008 67481 163239 85629 142112 8055 78192 100629 0 44149 93007 96123 38454 107865 25604 149754 89833 103991 60734 75071 91940 42025 87838 40041 159058 33667 110622 118010 92435 93399 23743 92867 8303 58654 117331 51809 57292 91735 138935 130706 123071 82787 38349 33023 78815 58579 43723 58170 110669 63773 103531 106266 70137 91303 44133 38496 51615 95460 79016 120843 31383 107560 75156 112960 79966 16547 104882 81208 65813 73289 79043 35694 80476 63649 66135 56516 84274 61644 110903 107871 85669 16542 53386 91676 38176 92735 118589 115619 82367 53590 77736 68708 126705 72506 48533 60145 52352 88632 130778 17485 55734 89291 52673 41989 33621 66887 15688 35286 53198 69028 68997 21279 62160 125676 44855 71697 2703 159386 162186 78539 91940 104866 156363 42025 126407 113756 25501 64659 41636 52435 37011
36821 22470 62021 26159 125415 46152 88317 76871 127779 41784 42399 97198 89109 32931 57277 22595 29481 111965 53888 48624 27551 125569 42092 82608 10339 17918 35119 131229 59604 54108 23087 46371 31874 20761 41118 27611 76790 62899 24499 128476 42899 117529 36372 82100 66303 44149 0 56643 59538 6319 71330 19314 126005 62407 90557 23720 58689 92584 7513 68455 51136 115358 31021 67237 85147 62900 53441 44636 49049 38575 52627 79020 26247 52143 47683 96295 90032 88750 45558 61219 11758 37690 14707 38641 14036 70598 20191 59529 70784 63640 50779 23642 5817 15538 52224 38885 80990 40326 66473 32400 81680 52384 40694 60787 62886 30399 34608 42696 30604 37061 36136 21989 87834 49495 22150 71002 64614 47849 28717 85927 52103 25388 50273 79539 72305 47631 24802 35545 82843 89487 39903 6942 64561 57344 53454 91726 34659 59996 46768 42870 49453 40310 41663 48129 32092 27285 24938 25926 54245 81297 85528 3796 36821 42092 118649 127779 55573 92584 62527 112875 7513 86775 76017 29856 78273 57982 31874 41319
73374 60057 113568 53743 110678 24928 144955 84332 140082 21953 33327 52369 145366 75944 31448 34496 52141 147253 66563 100777 82455 123734 91904 77924 66805 60938 35373 126348 58892 37663 70241 27602 42904 72522 94515 55181 116314 20630 35573 139933 55725 147191 85150 135938 10595 93007 56643 0 82368 59147 14965 73532 155778 98676 134651 65631 41017 144554 53956 38279 107734 95289 62052 62092 107664 17686 11793 100459 49573 90441 105953 91180 77355 56008 45615 87566 40079 107705 73316 117633 67128 60599 50552 94197 47286 20950 50461 50875 92047 115282 67433 49222 59892 64869 55823 19495 29522 96949 73918 53615 107680 91531 81318 49234 107718 69967 65855 73646 59977 30891 81474 43766 143692 79935 61405 20756 61617 73181 76714 141494 70931 55646 23057 89456 65748 78976 39456 56404 138943 101824 78034 58245 119670 113044 81499 98523 76956 115383 57976 96451 105885 96950 30623 88652 88600 77714 41122 52075 92064 137879 90305 53618 73374 91904 114781 140082 29980 144554 66097 95196 53956 34481 90549 68665 134416 114625 42904 97852
24446 81997 107074 84644 78297 57684 105405 23588 68240 60685 49069 89458 114083 31940 102328 66959 87335 65357 16984 95387 53943 69879 93497 38417 58308 41715 47911 76702 30286 103001 80739 91598 86158 46645 52608 34223 39328 99835 54674 68948 26695 64955 90046 79674 92400 96123 59538 82368 0 65488 91039 71950 73593 23033 59722 36568 107958 81360 66459 113227 76019 74784 90483 34511 26844 97931 71581 82831 34052 88261 57579 21485 44685 108397 37738 50509 91705 29408 13997 90356 66079 24417 47658 60192 51137 80656 42809 39152 11382 58432 14997 80902 64555 45965 28617 65476 88251 73132 19807 32061 25505 24170 98366 42002 40274 30584 24951 17279 89903 52100 34085 46919 115885 12154 37399 81487 32098 11805 84687 115873 11443 84319 60546 23358 36710 13953 76916 28377 92741 30635 24010 52708 72574 71161 7948 35109 92451 71013 24495 53890 72262 71196 89009 105019 64187 43383 47303 37289 111603 97601 31560 61859 24446 93497 64742 68240 100324 81360 24618 70672 66459 93104 17704 89045 89508 82937 86158 68985
42324 16826 57017 21724 131681 50887 86421 83145 133705 46067 47782 101856 86223 37751 56347 24651 25359 116260 60190 43661 28739 131861 36528 88909 11252 23773 40571 137540 65857 52367 16827 45864 29414 24209 42626 33922 80916 63379 29248 134435 49210 122379 30549 82677 68354 38454 6319 59147 65488 0 74031 14689 130789 67214 93749 29273 56714 93802 5406 67254 49645 121493 25473 73467 90814 63709 57067 41324 55198 33412 53859 85186 29479 48201 53711 102584 94079 94584 51491 58562 8029 43963 20945 38848 19879 74371 26470 65578 76670 65329 57044 20227 1276 20442 58488 42423 84738 38320 72780 38716 87151 57059 34378 66755 66362 35852 40622 48493 25298 42140 40359 27843 84589 55158 28106 74721 70864 53866 22646 82480 58305 20588 54881 85758 78541 53268 23871 41862 81965 95587 45110 12799 64632 57065 59203 97958 28345 59932 53084 44231 48402 38662 40878 41837 31186 30684 30628 32238 47929 79680 91811 6441 42324 36528 124962 133705 54772 93802 68841 119061 5406 90476 82132 23657 77377 56085 29414 40155
85099 74858 128479 68319 108121 33993 159569 89395 143878 33456 42723 42327 160224 88501 40564 49392 66493 156388 74446 115723 96613 124344 106802 80295 81395 74332 46608 126032 64518 47997 85168 40002 57094 86370 108262 67198 126977 26423 49250 143519 65037 155023 100039 149494 9439 107865 71330 14965 91039 74031 0 88466 163480 109191 145957 78584 50308 157581 68874 43965 122308 91811 76462 66046 114970 23148 20473 115354 57115 105394 119576 96923 91000 67771 53327 88023 28340 114198 83574 132445 81989 71190 64264 108412 61257 14365 63520 55601 99807 128456 76073 63932 74750 78694 63025 33120 18113 111656 79842 64835 115755 102834 95844 53385 119629 82344 77301 84440 74367 42161 94161 56897 158606 90229 74336 13623 66238 83004 91622 156430 79676 70277 30607 94768 68831 89492 54277 67162 153205 107022 89747 72547 133647 127220 91253 102521 91642 129456 66613 110215 120353 111591 43882 103060 103139 91255 53978 64315 106202 152415 94280 68403 85099 106802 115173 143878 39624 157581 71884 92474 68874 21723 96888 83321 148703 129280 57094 112389
47586 20740 42708 28619 142692 65337 73214 91900 139271 60685 61702 116369 72050 41014 67612 39099 32485 115440 69703 29310 23945 140596 23305 99588 14053 31965 54413 146731 77269 62507 11369 57906 39462 25762 36796 44277 80121 76233 43654 140188 60030 123331 18450 73371 82465 25604 19314 73532 71950 14689 88466 0 131440 68931 90100 35749 66344 85595 19610 77930 37493 133477 27725 85022 95401 76884 71751 27071 67354 19341 46705 92791 29438 53918 66357 113381 108759 99952 58245 44734 7628 53366 33223 30475 33246 89059 38277 78093 82569 58733 66032 29650 14255 26408 69858 57108 99424 25788 82237 49552 90918 58696 27015 79534 64122 41368 48242 54686 28670 56355 41622 41112 70177 60496 36260 89407 82267 61006 12965 67964 66621 26668 69396 93833 90015 58563 36346 52160 70171 102572 49123 22982 54743 46745 64804 106072 21515 49921 63708 37940 37015 26703 52723 33154 21298 30864 44163 43407 39811 66867 100637 20951 47586 23305 134260 139271 66243 85595 79321 130761 19610 105159 89374 21547 65609 43192 39462 28963
89963 147445 151972 152157 104987 130926 123425 76420 46144 134239 122455 152952 137368 93101 175314 138743 155459 19651 89300 144482 107834 78193 147099 91232 120714 108901 121491 85507 99344 175290 142382 164346 156333 107080 97380 105801 51725 173416 127386 48198 100268 8675 146360 89707 165613 149754 126005 155778 73593 130789 163480 131440 0 63605 50855 102708 180245 79597 133507 186395 114573 113634 156052 99657 48541 171523 144715 128755 106552 141505 92442 68087 102422 177881 110448 93511 159177 50244 84751 125912 128211 97184 117682 106076 121594 151844 113832 108568 63790 82891 88390 149410 129603 110515 100499 139048 158009 119212 84208 104867 48126 73731 157999 111121 68548 96044 94897 85967 156053 125693 90631 119060 141820 78823 105408 152705 98599 83962 144052 143754 84957 151276 133458 70961 98713 80367 147526 101371 108674 60250 86300 119206 98394 103269 75986 68316 152865 100710 97810 97115 111234 116878 161306 162858 114582 101044 120007 109123 169511 117955 75032 129214 89963 147099 82149 46144 173320 79597 92059 108839 133507 162112 67203 152204 108459 118081 156333 113555
27060 83925 96606 88554 97736 75201 86066 44303 73391 76753 66469 111853 96294 29496 113811 76470 91874 50336 38583 86613 46355 84345 87129 60624 57366 45533 63305 91929 52647 112961 79486 102623 93070 43787 39344 44521 17802 113947 66351 74667 44480 55166 85242 57826 109139 89833 62407 98676 23033 67214 109191 68931 63605 0 37580 39306 117874 58485 69912 125114 61583 96264 92555 57448 29757 112532 88953 72041 54046 81555 40218 39089 39509 114378 57218 71652 113080 35965 25625 75485 65016 38122 54903 48154 58907 100281 51713 61022 24620 37826 35194 85871 66038 46910 49614 80119 108677 61977 42736 45126 23779 10270 95886 63882 18179 32741 33359 25048 92500 67795 27394 57635 98865 18980 42324 101072 54936 26502 81815 99411 31779 87674 78694 42091 59742 19732 84485 42283 72479 43841 22974 55633 53532 53971 18762 51500 90440 53013 43764 39929 57771 59739 99126 101443 54924 38091 59229 47871 108161 78503 50753 65652 27060 87129 81092 73391 111854 58485 47520 91907 69912 113835 35052 89072 69737 67556 93070 56847
61305 109035 103150 115345 125682 112020 72856 77306 83393 112955 103368 149145 86588 60014 146290 108803 119071 31297 76017 97234 66391 105870 101470 94514 82598 76730 99527 113904 89905 144211 101468 135045 122431 69824 53409 79526 20416 148365 100611 85259 81836 45594 102047 39100 145220 103991 90557 134651 59722 93749 145957 90100 50855 37580 0 70862 148946 30953 97788 157667 65970 127744 117154 94121 51909 147299 125552 81349 91600 96059 45344 70100 64384 141883 94706 103404 150658 58400 62835 76025 88972 74818 87239 61004 91222 137617 85365 98485 57142 34097 72756 113867 92474 75691 87178 115545 146178 72627 78573 81202 45760 43159 114791 101348 27849 65343 68823 61564 117667 104027 55272 91847 90975 56304 74746 138393 91796 63992 101566 92901 69303 113968 115695 73542 95828 56756 114871 78798 58019 69974 56657 84681 48193 53948 56337 79283 110424 51063 81307 52492 63026 70372 130945 118418 70320 63286 93994 82722 124812 67153 81545 94259 61305 101470 105498 83393 144418 30953 84296 123060 97788 151378 66689 111644 57629 68455 122431 66981
13102 46043 74311 49749 108199 46493 86336 56233 104609 45234 39151 94192 91021 10849 75602 38038 52888 89462 34628 61626 23370 104866 58209 65104 21851 6230 32975 111079 44403 74098 44171 64347 53766 12593 30990 13282 54918 77666 30321 105395 27160 94166 54115 71198 76182 60734 23720 65631 36568 29273 78584 35749 102708 39306 70862 0 78959 79018 31085 86980 50561 100409 54660 52117 61541 76775 58345 51693 36824 53315 41626 57084 14417 75174 37399 78871 90533 65391 22652 63942 29545 18859 16380 34097 20378 73417 15170 47725 47571 49880 30656 46738 28250 9425 37302 46138 83334 43419 46929 18249 57964 29692 61828 49860 43129 6706 12555 19355 54312 37042 15965 21865 91270 25887 4248 74047 49185 25310 48270 90284 30948 49081 50751 58084 56815 23995 45260 19204 77239 67054 16408 16781 56644 51450 29971 70325 55894 53013 30210 32942 47478 42133 60474 68599 33466 14033 24621 15061 75133 78586 64965 26642 13102 58209 98656 104609 73700 79018 44981 97253 31085 89068 53742 52605 72993 58112 53766 41191
90827 46008 95559 37843 150397 58928 138256 116754 172629 52849 64486 92256 134477 89607 9779 41519 34082 168207 95311 85183 85442 160720 75151 114174 67834 72795 61984 164208 92212 4962 57439 16860 27341 79395 99311 74470 133875 24243 53287 172808 82732 171585 68872 139080 40868 75071 58689 41017 107958 56714 50308 66344 180245 117874 148946 78959 0 150490 51906 12895 103779 135600 41837 97354 134775 27338 50651 91342 80943 76252 110571 122134 84897 20471 77274 125401 78632 136491 95613 109224 63480 83591 62973 95299 58967 61418 66444 86101 119025 122002 94490 36984 57956 73256 86988 45958 68245 92063 105599 75908 133048 108602 59323 85258 121129 85267 85359 94281 40012 58843 93828 61268 131301 101422 75608 61059 96084 96709 62154 128319 97383 39919 59436 121220 101786 99891 34077 79581 136431 133218 94955 64273 120710 112859 104387 131919 57653 115923 86153 100938 103347 93047 18971 64639 86938 85875 60655 71172 65370 132501 124057 54913 90827 75151 152130 172629 11045 150490 98574 135147 51906 71995 120474 50235 131888 109050 27341 95231
73870 106226 85283 113741 153842 124819 44921 102369 114337 124167 116754 168010 59540 69217 149830 113994 117634 60087 95501 83040 65168 135777 89815 119026 82819 83650 111427 143782 109710 146168 96398 138953 123153 72959 51467 90741 46138 154832 109024 116196 97837 75500 92381 14059 155056 91940 92584 144554 81360 93802 157581 85595 79597 58485 30953 79018 150490 0 98775 160925 51959 154126 113218 115299 80424 154413 137262 68206 108468 85119 39989 96205 67705 139513 110837 129492 167151 87171 79661 56920 87137 89372 94200 55374 97770 151608 94152 117226 82109 29337 91489 113638 92573 80323 105356 125066 161103 62187 101154 94014 73866 59091 105795 120009 41411 75480 81846 77070 114254 115715 63492 100832 64636 74083 83264 152297 112621 81750 94487 67215 88525 111956 128925 99483 117971 73770 117257 92655 31014 98070 69502 88321 31928 39981 75743 107003 102730 36580 98460 49723 50515 60414 134224 107497 64302 67145 103639 93413 113183 40899 107962 96357 73870 89815 134702 114337 148148 0 105401 149620 98775 166676 92394 106198 32387 51043 123153 57429
44169 15768 61272 18682 130113 46889 91810 82931 134667 41749 44480 97652 91465 40443 51173 19491 21968 119466 59798 48007 33615 131455 40300 87666 15964 25131 37426 136903 64334 47454 19347 40579 24775 27972 47439 33590 84266 57984 25507 135319 48240 125024 33995 87830 63051 42025 7513 53956 66459 5406 68874 19610 133507 69912 97788 31085 51906 98775 0 62169 55051 119377 24060 71799 92329 58304 52305 46515 53292 37657 58793 85494 33406 44648 51469 101218 89468 95775 52532 63871 13397 43890 19908 44040 17861 69641 25478 63330 77768 70110 56960 16182 6445 23051 57061 37684 79977 43718 72292 37949 88993 59897 35973 64309 70199 37786 41512 49826 23448 38537 43606 25550 89736 56721 29217 69962 69309 54699 25700 87564 58532 18014 50756 85848 76892 54878 18611 41340 87352 96106 47355 14338 69886 62374 60604 97963 30064 65208 52172 49102 53790 44068 35643 43669 36545 34512 27984 31453 49404 85084 91512 4604 44169 40300 124304 134667 49563 98775 67839 117123 0 85684 82621 24092 82765 61481 24775 45546
98117 58014 108395 49798 148949 60116 150427 119635 175736 54762 66932 86256 147015 97795 11380 48943 46173 175348 99353 97864 95757 161461 87851 115206 78109 80979 65795 164364 94464 15563 69575 22635 38482 88839 109510 80870 141694 18055 59070 175767 87117 177720 81495 149927 34861 87838 68455 38279 113227 67254 43965 77930 186395 125114 157667 86980 12895 160925 62169 0 115422 133439 54428 98781 139804 21344 49446 103502 83781 88771 120936 125657 94325 33025 79924 125506 71967 140942 101688 121435 74451 89220 70655 106091 66630 56806 73405 87424 123965 132092 99090 48295 68453 82224 90018 48558 62040 103717 108683 81530 138639 116278 72187 86183 129824 92973 91997 100798 52539 62075 102395 67601 143938 107822 83327 56295 97875 102444 74557 140998 102226 51937 59689 124410 102856 106426 43682 85055 148099 136642 102457 73443 131768 124042 110430 134472 70385 127020 90227 111215 114790 104577 26862 77533 98059 95196 66420 77512 78189 144503 126402 64661 98117 87851 152619 175736 13287 160925 101256 133446 62169 65003 124381 62818 143534 120941 38482 106603
54938 57868 37413 65957 154000 94225 37279 99441 134561 91162 88184 144036 40459 46810 105037 73658 69773 95982 82022 31755 27448 144803 37867 112094 40930 51619 81237 152050 93952 99995 46850 95085 76948 38688 23413 63683 64289 112987 73818 135942 77292 107659 40607 38385 117437 40041 51136 107734 76019 49645 122308 37493 114573 61583 65970 50561 103779 51959 55051 115422 0 148534 63631 101412 91339 113354 103664 16307 87332 33193 22512 97062 36230 90117 87947 125355 138947 97478 65866 14338 41743 68411 59500 16703 61722 120352 62298 98153 83530 31975 77570 67133 48656 45716 87244 89440 130670 11716 92768 68803 85238 53757 54021 100368 47712 51728 60581 61904 64994 84542 42703 67884 40938 64147 53943 120849 98432 68917 43708 40340 76345 63924 98548 99289 105735 62604 73211 69585 32678 104207 53096 50001 20104 12444 68100 110548 51405 15766 79875 22230 3825 10989 89956 55544 19182 36873 71193 64804 61316 30161 107578 54370 54938 37867 140460 134561 103623 51959 93064 144912 55051 136489 93032 55909 28118 7550 76948 9970
93612 133972 174529 132277 17115 78706 180010 51962 74117 85287 76713 56924 187964 101792 126413 107470 133084 118133 66590 161557 123079 42520 156781 36632 119799 102255 82844 40074 56318 131617 138278 119955 126900 112961 125586 89404 108562 115460 95390 72696 73727 107719 151545 154032 99570 159058 115358 95289 74784 121493 91811 133477 113634 96264 127744 100409 135600 154126 119377 133439 148534 0 140569 48534 76340 112246 84950 152037 66309 152485 131988 57980 113429 146671 67908 24644 70177 70464 82745 162702 126045 81550 100678 131957 101710 77603 95339 56051 72037 133165 71004 127231 121167 108476 63693 92357 76148 143321 56030 84026 82085 98952 155349 55247 114356 97424 88657 86668 139079 83291 105893 93849 189271 85408 98389 78274 51377 79729 144075 188867 72227 133126 77004 54656 43656 86662 118644 81776 167522 58429 95585 110526 147240 145277 82080 48959 149431 145421 70315 127129 144955 141769 120744 163037 133515 112475 91433 90071 168733 172164 46296 115507 93612 156781 34478 74117 124766 154126 55662 4851 119377 76571 61735 143114 164246 155844 126900 140230
67747 8650 54519 8713 152296 63928 96737 106738 158709 57711 64016 111932 92640 63161 45726 33629 9986 141094 83564 43461 50782 155058 33484 110513 35416 48939 57729 160293 86980 38987 16891 38683 19494 49031 64223 57515 105665 57618 45185 159371 71659 147691 27067 100747 68511 33667 31021 62052 90483 25473 76462 27725 156052 92555 117154 54660 41837 113218 24060 54428 63631 140569 0 94163 116160 59246 64808 49995 75528 34422 74409 109509 53952 26504 73177 123829 101437 119752 76529 67704 28300 67856 43708 58200 41092 81418 49186 84801 101767 86414 80886 13815 26591 45913 79909 51653 91114 52085 95952 61620 112600 82349 19472 85359 90426 61286 65532 73716 2117 57511 65443 48058 89510 80501 53146 81503 91860 78740 20511 86581 82551 7467 67019 109795 99237 78629 23640 65128 95918 120155 70583 37944 82028 73935 84475 121862 16216 77205 75605 65482 63797 53441 33726 26607 48982 55269 49837 55187 30307 91286 115252 28663 67747 33484 147696 158709 44881 113218 91077 138692 24060 96376 106670 8398 91455 68191 19494 56091
46811 86953 126029 86304 58315 38708 134831 23621 78143 44520 33088 55543 141501 54710 89441 62521 87680 95851 20286 113028 75148 63463 108315 16972 71282 53729 37401 67479 7785 92739 90293 80590 82885 64709 79160 40873 73705 82307 49496 77920 25205 91563 103196 112352 70275 110622 67237 62092 34511 73467 66046 85022 99657 57448 94121 52117 97354 115299 71799 98781 101412 48534 94163 0 51619 79621 50299 103810 18635 103967 86991 31664 65606 104291 21262 29703 59739 49459 37114 115340 77647 33330 52533 84713 53950 53100 47078 11358 38639 90420 24692 81459 73054 59970 15171 51416 58441 95377 16170 35506 54170 56513 107666 12885 73906 49732 40870 40664 92875 39295 59431 46337 142345 41598 49911 53968 2980 34440 95902 141670 27086 86861 39267 29102 5093 42291 73921 33268 123472 41132 49625 62124 102645 99555 39562 36602 101678 100175 21909 80861 97983 93946 79924 115250 85476 64763 44332 41636 121165 126937 28349 67701 46811 108315 55110 78143 87531 115299 9932 45741 71799 62454 32545 95827 119779 108867 82885 92648
48534 107566 126058 110788 73804 82744 114104 29374 44194 86435 74436 106270 125177 54392 129001 93796 113638 44791 41113 115615 74491 56094 115318 45998 82490 67237 74153 63967 50833 129820 105107 118355 112854 69640 68930 60956 34404 125904 81488 45314 52764 40189 112756 83374 117324 118010 85147 107664 26844 90814 114970 95401 48541 29757 51909 61541 134775 80424 92329 139804 91339 76340 116160 51619 0 123839 96426 101453 58198 109831 69784 20985 66393 135034 62128 52524 111357 6808 40077 105206 90345 51261 74148 77627 77750 103323 69487 60083 15841 65874 40764 107259 89785 70613 52067 91681 109679 91398 35817 58898 6693 38478 122332 62677 45869 55012 51070 42509 115732 78160 54374 73758 128049 35662 63116 104183 50328 38413 108354 128771 37577 110320 85105 24327 51288 37546 103653 55202 99901 18088 46331 78217 82256 83425 31729 27486 116590 82226 49937 69610 87528 89202 115836 128491 83794 64975 74129 64080 135181 106806 30951 87767 48534 115318 54315 44194 126997 80424 43587 71577 92329 113941 19132 114008 97661 97250 112854 86408
86220 59771 113370 52139 127925 41675 149974 101522 157445 37406 49508 65414 148657 87521 17740 40570 49444 162020 82785 101407 90217 141417 91823 95582 73213 71345 50073 143982 76090 25568 71086 20570 40005 81467 103269 68124 129846 3321 46688 157341 71268 162884 85085 144691 13772 92435 62900 17686 97931 63709 23148 76884 171523 112532 147299 76775 27338 154413 58304 21344 113354 112246 59246 79621 123839 0 29392 103832 66220 91430 114857 108124 86712 45922 62266 105228 51472 124272 87763 121614 71645 74991 60645 101530 56861 35479 61952 68343 108078 125104 83206 48720 64710 74106 72513 32604 41235 101975 90905 67565 123413 104601 78608 66800 119793 81968 79215 87566 57138 45831 92719 55456 146328 94242 72719 34984 79033 88008 77094 143772 86586 54291 40396 106550 83371 93086 40559 70742 145569 118902 90803 66226 127434 120238 96263 115921 75289 122893 73907 105130 112034 102371 25565 85227 94709 87316 53445 64821 87451 143357 107731 59349 86220 91823 132454 157445 17123 154413 83187 112370 58304 44728 107273 67015 140986 119713 40005 103805
64628 61278 113373 56148 99913 13917 140922 72611 128302 13111 22641 47133 142496 68108 41526 33284 55327 136771 55415 100220 77301 112150 91992 66193 63065 54365 26136 114927 47189 46746 70290 35409 46861 66729 88435 46744 106712 32210 29877 128146 45159 136166 85377 129444 20902 93399 53441 11793 71581 57067 20473 71751 144715 88953 125552 58345 50651 137262 52305 49446 103664 84950 64808 50299 96426 29392 0 98047 38230 89841 99619 79559 71144 63295 34298 76084 37308 96252 63378 114564 64744 50868 44660 89130 42007 17341 43410 39087 80927 108218 56588 51204 57593 59076 44416 14644 27677 93455 62295 44384 96700 82409 83380 37444 99157 61923 56841 64094 62846 21691 73793 36893 141275 70035 54103 17659 49836 62967 76867 139336 60145 57786 11399 77771 53983 69227 41224 46790 133870 90138 69277 53663 113984 107819 71264 86739 78456 109915 47091 90397 101474 93181 37084 91005 84501 71314 33842 43901 95113 133592 78518 50971 64628 91992 103245 128302 39838 137262 54434 84566 52305 33409 79037 70422 129416 110833 46861 93697
59503 45499 24607 53714 159135 90380 46928 105468 145415 86355 85561 141259 44983 51356 93689 65967 57338 110639 85737 15890 29248 152646 21624 116316 35655 50765 78311 159533 96087 87943 33930 84490 65447 39105 32764 63698 77549 103069 68943 146657 78767 121487 24977 54506 109513 23743 44636 100459 82831 41324 115354 27071 128755 72041 81349 51693 91342 68206 46515 103502 16307 152037 49995 103810 101453 103832 98047 0 87853 17263 36426 104301 38912 76145 87734 129962 134621 107156 70917 17956 33403 70523 56171 23890 57411 115232 60162 98843 91709 47264 81476 55798 40634 44421 88928 83446 125624 10065 97473 69108 95779 63007 38253 100732 60626 54826 63451 66928 51598 80953 48769 64645 43281 70678 54125 115632 100878 73981 29511 41293 80950 51566 94598 106119 108495 68914 63274 70722 46383 112540 58890 45735 36406 28680 74932 117927 36285 32042 81902 32446 18505 12317 79269 39305 18768 40025 67924 63982 45013 41290 113973 47133 59503 21624 147516 145415 92456 68206 96446 148781 46515 131406 100423 41837 42069 18616 65447 15405
35358 68343 109123 67697 76888 24663 122479 35907 91982 29096 16870 59673 127778 42116 73716 44205 69142 99382 17331 95930 60184 81088 90644 35204 53947 37105 19387 85587 11733 76169 72002 64083 64668 49181 66492 24157 71700 68529 31031 92059 10761 98036 85279 103449 59126 92867 49049 49573 34052 55198 57115 67354 106552 54046 91600 36824 80943 108468 53292 83781 87332 66309 75528 18635 58198 66220 38230 87853 0 86534 75771 41980 51103 86384 3962 48315 59216 58143 29137 100761 59847 19758 34375 70751 35492 46668 29094 10990 42774 81295 19272 62881 54859 43454 6295 35305 54672 80080 24902 18768 58663 49835 89228 13038 67637 36223 27858 31407 74247 22102 47567 27766 128093 35410 33827 47491 16406 27636 77766 127093 22886 68232 26914 40630 23715 35236 55578 17783 112325 52892 39298 44372 91406 87212 35369 50981 83266 88331 10300 68348 84160 78891 62838 96861 70115 50514 25698 24143 102693 114639 43134 49286 35358 90644 73085 91982 71745 108468 17631 63881 53292 59790 41058 77265 108315 94878 64668 78015
63884 31697 23626 39634 161254 84297 62695 109413 154018 79368 80968 135232 58244 56405 79613 56645 42895 124138 87855 10384 35359 157793 5611 118107 32686 50406 73694 164211 96190 73258 20406 71329 51791 41725 44125 63102 89802 90280 62656 155088 78838 133839 7855 71572 98650 8303 38575 90441 88261 33412 105394 19341 141505 81555 96059 53315 76252 85119 37657 88771 33193 152485 34422 103967 109831 91430 89841 17263 86534 0 50720 109555 43769 59836 85639 131908 127082 114955 75075 33856 26969 71689 52543 35531 52564 107179 57515 97333 98270 62357 83964 42711 33223 44399 88798 75270 117471 23634 100237 68462 104731 71716 20991 98822 72964 58131 65845 71279 36248 75498 55501 60449 55289 76336 54511 107470 101165 77998 14402 52518 84183 37442 88271 110898 108914 74440 51486 70858 63467 118791 64520 42203 53202 45240 80696 123052 19443 48646 82412 44465 34742 25793 66125 22601 26991 45143 63483 62472 28794 57753 118122 39842 63884 5611 151858 154018 78575 85119 97851 149661 37657 123131 105930 26032 59223 35819 51791 29159
40645 66954 59651 74193 135801 88109 48066 81136 112446 86542 80711 134951 56638 33724 109847 74316 78071 74213 66796 52276 25181 124402 56127 95366 42833 45266 74595 131877 80102 106212 57910 98997 83251 33527 11589 54515 41787 115143 70426 113879 65082 85344 56862 29992 116311 58654 52627 105953 57579 53859 119576 46705 92442 40218 45344 41626 110571 39989 58793 120936 22512 131988 74409 86991 69784 114857 99619 36426 75771 50720 0 77657 28603 100330 77298 107995 132044 76145 49954 35623 47419 56018 55408 16314 58720 115023 56221 85907 63552 12069 62334 73821 52622 41117 74229 86601 124960 27322 76009 58754 63482 33798 69831 88444 25234 39865 47914 46327 75256 78601 28206 62738 58834 46587 45781 115643 84053 52790 57086 59238 60345 72499 92375 80217 90770 45404 77269 58369 36627 83771 37387 48633 15700 13816 49980 90813 65812 13444 66814 9764 18943 25046 94245 73139 25736 28324 65785 56654 79490 40195 88767 56391 40645 56127 120698 112446 108172 39989 77779 128035 58793 130693 73565 68001 32801 27588 83251 21654
45672 101239 128560 102996 58659 66458 124799 8446 50570 71069 58840 85443 134290 53372 115380 82784 105327 65771 27004 116834 75423 48398 114727 25156 78933 61649 60187 55243 32487 117261 101043 105343 102909 67848 73673 52038 50607 110487 69679 50873 39699 60122 111055 96798 100241 117331 79020 91180 21485 85186 96923 92791 68087 39089 70100 57084 122134 96205 85494 125657 97062 57980 109509 31664 20985 108124 79559 104301 41980 109555 77657 0 66120 125189 45907 33417 91097 17843 34577 111377 86575 41677 65874 81496 68867 84490 60534 41335 14469 76810 28806 98842 84358 66498 35696 77103 90105 94568 17264 48417 25260 43867 118797 43671 57253 51544 44782 38288 108723 63634 55537 63214 136394 33635 57243 85358 30875 31786 105349 136566 26961 102927 68167 3476 30674 35437 93565 44728 111474 11095 45493 72420 92028 91425 29370 13626 112816 90957 36072 74845 93273 92606 103544 125670 85671 64833 62715 54594 132176 117119 11771 80910 45672 114727 43413 50570 113392 96205 25155 53428 85494 94076 4096 108843 108588 103811 102909 90327
20686 45476 62643 51189 120225 60068 71957 66726 110494 58113 53155 108524 76676 12749 83034 46394 54837 87143 46927 50714 9685 114502 49140 77469 18583 16816 46636 121163 58017 80266 40034 71926 58098 5503 17291 27675 51714 87182 41823 111505 41117 94193 46364 58583 87733 51809 26247 77355 44685 29479 91000 29438 102422 39509 64384 14417 84897 67705 33406 94325 36230 113429 53952 65606 66393 86712 71144 38912 51103 43769 28603 66120 0 77680 51799 91075 104491 71294 32110 49834 25818 32353 26806 19688 30174 86871 27874 61928 54503 38392 42614 49496 28215 12623 51146 57999 96953 29894 58562 32651 61652 29262 56433 64138 36885 16008 24798 28154 54165 50440 12196 34257 77060 32642 18115 87460 62638 35154 42361 76196 42040 49955 64379 67692 70113 30770 50885 33357 63214 75083 20776 20909 42911 37262 36996 79709 50937 39027 43848 19254 33083 28364 67462 62234 20178 1430 37379 29181 68946 64232 75314 29998 20686 49140 108989 110494 81254 67705 57768 110055 33406 102729 62389 49783 58891 43775 58098 27081
88032 33376 77071 26538 160346 68025 122525 120962 175582 61466 71433 108371 117397 85001 28540 42530 22842 164108 98251 67801 75991 167466 57802 121246 59287 68994 67032 171766 98096 20484 43380 28411 22308 72373 89742 74182 128907 43204 55812 176000 85606 169340 52082 127186 58519 57292 52143 56008 108397 48201 67771 53918 177881 114378 141883 75174 20471 139513 44648 33025 90117 146671 26504 104291 135034 45922 63295 76145 86384 59836 100330 125189 77680 0 83177 133572 95609 137719 94979 93597 53193 84260 60914 84277 57286 76958 65589 93574 119761 112233 96521 28526 49468 67669 91871 54351 85035 78588 109770 76977 132341 104462 40916 93326 114563 81851 84066 92866 25291 65038 88249 62024 113802 99987 72635 76757 102526 96660 46677 110628 98894 27984 69716 124834 109111 98248 31643 80723 122300 136215 91581 58777 108484 100405 103528 136332 40473 103659 89391 91132 90298 79938 26232 45304 75212 78874 62512 71197 45353 117372 128946 48755 88032 57802 159349 175582 28831 139513 103585 145626 44648 89385 122935 34341 117862 94521 22308 82556
37271 66222 108487 65184 79120 20701 123534 39720 95817 25197 12992 57723 128404 43575 69931 41260 66466 103094 21173 95215 60621 84317 89579 38124 53251 37016 16170 88625 15024 72527 70435 60417 61643 49481 67671 24318 74944 64587 28267 95871 13069 101920 84038 105413 55199 91735 47683 45615 37738 53711 53327 66357 110448 57218 94706 37399 77274 110837 51469 79924 87947 67908 73177 21262 62128 62266 34298 87734 3962 85639 77298 45907 51799 83177 0 50920 56461 62104 31983 101155 58781 21582 33162 71486 33855 43189 28144 11875 46660 83296 22835 60289 53456 43337 10248 31511 51473 80271 28784 19150 62513 52550 87441 13185 70275 37497 29515 33940 71825 18494 49159 25952 128540 38413 34087 43999 19352 30724 76349 127428 26454 65817 23011 44508 26246 38101 52660 18936 113733 56793 41417 43444 92855 88376 38656 54707 81524 89630 13538 69560 84876 79183 59308 95131 70328 51311 23556 23753 100840 115728 46787 47633 37271 89579 76178 95817 67967 110837 21372 65711 51469 56706 45016 75274 109650 95497 61643 78473
70736 116524 153152 116005 29347 66513 155906 27368 59851 72789 62139 63025 164292 78964 116961 92139 117375 95734 44295 140487 100759 36354 136529 13802 99413 81533 66983 38876 36905 120965 119379 108876 112421 91201 102156 69155 84025 108190 79181 58952 53475 86787 131750 129450 94138 138935 96295 87566 50509 102584 88023 113381 93511 71652 103404 78871 125401 129492 101218 125506 125355 24644 123829 29703 52524 105228 76084 129962 48315 131908 107995 33417 91075 133572 50920 0 72968 47090 59534 139629 106211 60227 81661 108953 83359 73816 76115 40000 47394 108729 48491 111162 102088 87517 44161 79882 75726 120881 32627 64016 57953 74655 136922 40354 89770 75138 66620 63524 122561 68560 82659 75891 165830 61563 77398 74627 31977 56467 124768 165594 49161 116546 66083 30054 24674 62941 103539 61228 143195 35110 72259 90780 123081 121449 58017 25853 130905 121439 49705 103615 121700 119199 108671 144420 111253 90018 73992 70409 150457 148091 21861 97013 70736 136529 27262 59851 115129 129492 34070 20264 101218 77969 37115 125297 140009 132541 112421 117440
93314 98435 150645 92896 87214 44723 175936 82761 132320 48267 51384 14807 178550 98745 68875 70591 91686 155445 74864 137453 111840 107829 129297 69318 99169 87861 57911 107975 61669 76186 107598 67388 82691 100778 121506 77530 130550 54726 65701 131588 69530 151198 122685 161073 37774 130706 90032 40079 91705 94079 28340 108759 159177 113080 150658 90533 78632 167151 89468 71967 138947 70177 101437 59739 111357 51472 37308 134621 59216 127082 132044 91097 104491 95609 56461 72968 0 108936 88340 150612 101576 77784 79462 123543 77513 20092 76873 52574 97945 139124 77912 88089 94525 93380 63498 51813 10590 129344 75734 73519 113750 108990 120358 49742 126735 92449 85369 90401 99411 54412 104492 71066 177651 94615 86498 19948 61187 86822 114175 175879 81404 94650 40400 88234 60476 94447 78108 74548 167694 99528 97648 89341 147177 141745 94321 92967 115592 143481 69501 123463 136438 128848 70686 127889 119987 104380 67762 75473 131675 168381 85192 87846 93314 129297 98615 132320 67875 167151 68365 71939 89468 7150 92261 107466 163382 146310 82691 129011
52599 111219 131759 114036 67288 82805 120816 26201 39325 86921 74766 103056 131776 58995 130330 95964 116742 48970 41624 121055 79709 49307 120391 41845 86745 70849 75146 57167 49692 131557 109344 119895 115447 74226 74824 63545 41195 126476 83318 40247 53879 42319 117580 90179 117083 123071 88750 107705 29408 94584 114198 99952 50244 35965 58400 65391 136491 87171 95775 140942 97478 70464 119752 49459 6808 124272 96252 107156 58143 114955 76145 17843 71294 137719 62104 47090 108936 0 43245 111442 94591 53503 77061 83418 80508 102052 72156 58769 18033 72542 42008 110309 93603 74641 51882 92519 107880 97125 34382 60973 13496 44169 126755 61215 52508 59030 54277 46091 119223 78956 59461 75961 134577 39607 66608 102918 48528 41212 112862 135242 39151 113683 84863 20782 48490 41533 106168 57228 106654 12048 50846 81864 88860 89845 35426 21510 120938 88726 50718 75588 93658 94962 117636 133100 89250 69893 76045 66531 139762 113486 26085 91183 52599 120391 47539 39325 128328 87171 42331 65662 95775 111900 17310 117995 104375 103521 115447 92245
11427 68023 94748 70825 88426 49590 97933 34618 82226 51363 40851 88373 105268 19576 90570 54223 73603 74258 16854 82655 41693 82718 80195 46232 44471 27718 37986 89203 30568 90651 66809 79599 72846 33352 42845 21174 43424 89382 42640 82944 19012 76077 76479 75591 83707 82787 45558 73316 13997 51491 83574 58245 84751 25625 62835 22652 95613 79661 52532 101688 65866 82745 76529 37114 40077 87763 63378 70917 29137 75075 49954 34577 32110 94979 31983 59534 88340 43245 0 80112 52196 12781 34075 49419 37719 74785 29539 37583 25239 53514 12423 67204 50558 32073 25698 55175 83405 61558 26915 20274 37557 20727 84480 40353 38559 16976 11040 4005 75980 42438 23168 34351 106528 6658 23410 75565 34209 3077 70885 106166 10527 70443 53071 35823 40815 6118 63703 17027 86366 44404 12847 38715 65569 62803 8776 47992 78543 63236 18914 44411 62247 59794 76647 91220 52149 30925 35270 24444 97772 90042 43231 47938 11427 80195 76946 82226 88578 79661 27830 79058 52532 88683 31130 75051 82707 73122 72846 57935
69091 63446 28368 71659 168319 106014 29042 113777 148069 102459 100499 156428 27950 60916 111646 83170 75264 106861 96140 28051 40577 159033 36915 126321 51530 64365 93389 166316 107809 105874 51861 102403 83402 51675 37749 76837 76849 120916 84997 149500 90941 119397 41700 42866 126914 38349 61219 117633 90356 58562 132445 44734 125912 75485 76025 63942 109224 56920 63871 121435 14338 162702 67704 115340 105206 121614 114564 17956 100761 33856 35623 111377 49834 93597 101155 139629 150612 111442 80112 0 50542 82175 71322 30745 73099 131568 74659 111664 97783 43122 91705 73741 57761 58217 100980 100077 141946 21295 107024 82082 98999 67954 54372 113792 60732 65608 74470 76137 69370 96412 56970 79817 27405 78481 67069 132013 112364 83171 47195 26362 90566 69506 110302 113620 119741 76931 81061 83109 30543 118411 67376 61271 27865 22825 82438 124845 53297 25205 93667 36532 18106 22047 97187 53847 30987 50603 83135 77684 58597 23929 121916 64042 69091 36915 154765 148069 110409 56920 107153 159124 63871 147756 107341 59440 26755 8059 83402 22765
41997 20064 50304 26818 135486 57888 78413 85297 133898 53391 54100 108934 78240 36143 63727 32640 30680 112900 62814 36909 22799 134061 30808 92435 7856 25151 46807 140053 69915 59317 14764 53473 36164 21230 36578 37056 77466 71245 36215 134742 52771 119946 25564 75604 76379 33023 11758 67128 66079 8029 81989 7628 128211 65016 88972 29545 63480 87137 13397 74451 41743 126045 28300 77647 90345 71645 64744 33403 59847 26969 47419 86575 25818 53193 58781 106211 101576 94591 52196 50542 0 46441 25628 31829 25625 81998 30753 70543 76951 59177 59285 26524 7239 20124 62501 50114 92382 30336 75396 42253 86191 54749 32288 71952 62126 35603 41820 48814 28707 48818 37653 33484 76684 54989 29532 82372 74921 54837 18842 74637 60086 25219 61986 87457 82663 53060 31518 44995 74188 96599 44048 15524 57323 49602 59222 99706 26382 52569 56506 38024 40640 30753 48406 39109 23622 27178 36540 36011 45602 71715 94026 13773 41997 30808 127539 133898 62218 87137 72191 123386 13397 98143 83278 24056 69600 48092 36164 32393
15692 59656 93107 61344 89575 37215 102943 39182 91510 38654 28551 79259 108733 22419 78190 42550 63761 87030 16374 80310 41835 87912 76371 46430 39326 21403 25237 93705 25680 78631 60339 67338 61967 31423 46928 10361 55851 76637 30346 92027 9087 88510 71807 83840 71030 78815 37690 60599 24417 43963 71190 53366 97184 38122 74818 18859 83591 89372 43890 89220 68411 81550 67856 33330 51261 74991 50868 70523 19758 71689 56018 41677 32353 84260 21582 60227 77784 53503 12781 82175 46441 0 24197 51722 27285 63063 18911 30057 35656 61715 13095 57281 43243 27292 18833 42398 72097 62051 28968 7706 49511 31844 78124 32497 49238 16752 8118 13257 67048 29708 27812 22511 109330 19348 17184 63812 30380 13224 65236 108533 14784 61251 40887 41958 37972 18394 52672 4249 92591 52450 19877 31411 71664 67622 21324 54089 72089 68651 11495 48750 65094 60644 64629 85324 52146 31579 22954 13082 91643 95081 47853 39331 15692 76371 81158 91510 76191 89372 26209 78408 43890 77546 38995 67530 88608 75921 61967 59432
27877 35639 75623 37178 110737 34754 96603 63060 115538 31827 29391 85202 99204 27229 59284 21723 39714 105234 39906 62276 32680 111547 56417 68013 20657 10699 22158 117011 44912 58068 37768 48033 38861 22114 44016 13836 71084 61421 15028 116106 28403 109061 50924 85388 60956 58579 14707 50552 47658 20945 64264 33223 117682 54903 87239 16380 62973 94200 19908 70655 59500 100678 43708 52533 74148 60645 44660 56171 34375 52543 55408 65874 26806 60914 33162 81661 79462 77061 34075 71322 25628 24197 0 44503 4030 60957 5588 44955 59040 64873 37183 33260 20524 14441 37545 31205 71228 50028 52385 18043 71457 45708 55263 46325 59483 22357 23158 32008 42861 25105 32164 8507 98567 39163 12689 61485 49920 35864 43408 97021 38959 37054 39068 66093 57603 37478 29869 21448 89211 76626 31989 10550 69402 63160 42619 78155 49244 65274 32317 45964 57082 49428 44295 62772 40537 27170 11819 11544 68802 89150 71619 15477 27877 56417 104414 115538 57369 94200 48036 98172 19908 77044 63155 43906 84764 66848 38861 49553
38346 50922 48459 58368 137761 78888 52472 83390 121536 76327 72402 128040 57048 30172 95190 61069 62260 88607 65398 38855 11830 129623 41092 95596 28381 35730 65644 136695 77249 91086 41619 84602 67966 22769 8932 47324 54455 101533 59303 122787 60629 98526 41088 43837 104260 43723 38641 94197 60192 38848 108412 30475 106076 48154 61004 34097 95299 55374 44040 106091 16703 131957 58200 84713 77627 101530 89130 23890 70751 35531 16314 81496 19688 84277 71486 108953 123543 83418 49419 30745 31829 51722 44503 0 47197 105414 46671 81528 68419 28382 60960 58353 37668 30219 70555 75307 115636 13829 76332 52339 71902 39251 53800 83778 37541 35027 43878 45433 59107 69195 26355 52634 57641 48145 37664 105958 81734 52487 40827 56988 59844 56596 83218 83546 89055 46510 62651 52980 44794 89239 36766 35955 25926 18854 52243 95080 49600 21366 63178 8961 13409 11587 79683 57539 9438 20239 55894 48661 64035 44847 91680 42260 38346 41092 124891 121536 93598 55374 76421 128388 44040 121443 77529 51694 40306 24200 67966 8875
31865 33310 75920 34154 112260 32996 98946 65709 118784 29453 28512 83863 101039 31222 55258 17695 36480 109241 42533 62528 35378 113968 56128 69826 21765 14566 21209 119261 46473 54056 36581 44006 35128 25238 47242 17000 75115 57566 12130 119311 30582 112965 50352 88711 57595 58170 14036 47286 51137 19879 61257 33246 121594 58907 91222 20378 58967 97770 17861 66630 61722 101710 41092 53950 77750 56861 42007 57411 35492 52564 58720 68867 30174 57286 33855 83359 77513 80508 37719 73099 25625 27285 4030 47197 0 58641 8382 45729 62513 68434 40080 29998 19698 17604 39206 28138 68979 51836 54866 20585 75196 49737 53739 46877 63446 26387 26905 35805 40108 23548 36087 7973 100191 42972 16719 59130 51448 39379 42524 98515 42065 34200 37249 68944 59042 41319 26035 24183 91985 79712 36007 11829 72425 65973 46338 80911 47773 68201 34527 49173 59473 51396 40269 61370 42606 30640 10919 14273 67219 91588 74181 13800 31865 56128 106661 118784 53345 97770 50094 99366 17861 74798 66272 41940 87503 68968 35128 51752
77975 78343 130703 72848 93814 26929 157536 76679 130357 29190 34872 31437 159516 82481 51682 50593 71720 145846 63737 117559 93611 110098 109293 66569 80037 70068 40446 111694 52501 58374 87575 48549 62839 82773 104102 60948 118054 38791 46601 129927 55809 143507 102659 144565 22137 110669 70598 20950 80656 74371 14365 89059 151844 100281 137617 73417 61418 151608 69641 56806 120352 77603 81418 53100 103323 35479 17341 115232 46668 107179 115023 84490 86871 76958 43189 73816 20092 102052 74785 131568 81998 63063 60957 105414 58641 0 59002 43304 88610 122944 65938 68017 74875 75207 52105 31962 10392 110379 67709 57646 104637 94887 100281 40841 112255 76182 70001 76209 79405 36445 88242 52796 158409 81355 69243 868 53619 73792 94148 156525 69554 74583 22718 82129 55468 80861 58031 59350 149974 94232 82517 70425 129776 123926 81826 89230 95500 125865 56727 106068 118023 110015 51393 107828 101247 86907 49569 58485 111688 150106 81031 68229 77975 109293 100909 130357 50399 151608 59805 78169 69641 16189 84793 87379 145576 127608 62839 110383
24727 41185 80361 42462 105224 32261 99094 57553 110403 30322 25895 81807 102398 25657 62098 24925 44850 101993 34383 67074 35000 105988 61555 62450 25141 11066 18981 111430 39421 61498 43277 50919 43369 23907 45133 8621 68424 63007 15289 110932 22816 105182 56207 86037 61014 63773 20191 50461 42809 26470 63520 38277 113832 51713 85365 15170 66444 94152 25478 73405 62298 95339 49186 47078 69487 61952 43410 60162 29094 57515 56221 60534 27874 65589 28144 76115 76873 72156 29539 74659 30753 18911 5588 46671 8382 59002 0 39822 54176 64953 31775 38371 25999 16583 32034 30969 69114 53429 46830 12474 67084 43008 60820 41328 57855 20022 18941 27876 48287 22594 31063 6695 102021 35040 10952 59588 44433 31083 48824 100626 33695 42431 36586 60671 52135 33465 34177 15943 91005 71353 29147 15313 70784 64978 38233 72692 54797 66867 26729 47100 59645 52633 47557 68306 43688 27955 9569 6002 74365 91513 66088 21064 24727 61555 98833 110403 60141 94152 42451 92767 25478 74902 57905 49492 86633 69755 43369 52447
45278 77988 120033 76689 67602 27360 132999 33847 89224 33251 22149 50953 138575 52460 78112 52347 77803 103287 22468 106809 71095 74631 101350 28077 64819 48093 27237 78387 9288 81521 82309 69377 72493 60136 76983 35147 78221 70997 39685 89059 20988 100270 95866 112940 59319 103531 59529 50875 39152 65578 55601 78093 108568 61022 98485 47725 86101 117226 63330 87424 98153 56051 84801 11358 60083 68343 39087 98843 10990 97333 85907 41335 61928 93574 11875 40000 52574 58769 37583 111664 70543 30057 44955 81528 45729 43304 39822 0 45750 90789 25959 71729 65311 54441 11902 40215 49746 91042 24406 29751 61734 58174 99300 2863 75986 46761 38156 40446 83397 28564 57745 37826 138969 43270 44802 44168 10778 35512 88211 138009 29258 77404 27956 39181 15705 43466 63722 28573 122527 51477 48889 55134 101592 97678 42328 47657 93391 98673 19146 78807 94934 89831 68865 106997 81076 61293 35383 35071 112683 125138 39432 59508 45278 101350 66137 89224 76208 117226 16509 53932 63330 54294 41493 87084 118596 105692 72493 88907
35003 93253 116190 96004 73124 67160 110425 20355 57047 70686 58756 94148 120130 41908 113176 78199 98711 57556 25512 104928 63382 61283 103610 37426 69132 52907 58321 68536 36474 114075 91671 102559 97511 56988 60268 45580 37097 110111 65750 57824 36933 55262 100460 82364 101827 106266 70784 92047 11382 76670 99807 82569 63790 24620 57142 47571 119025 82109 77768 123965 83530 72037 101767 38639 15841 108078 80927 91709 42774 98270 63552 14469 54503 119761 46660 47394 97945 18033 25239 97783 76951 35656 59040 68419 62513 88610 54176 45750 0 62361 24934 92281 75710 56900 36782 75858 95489 81811 22479 43227 16027 29893 109202 48477 42788 41350 36258 28220 101216 62350 43139 58163 122372 22082 48634 89462 36843 23181 95407 122654 21740 95659 69671 17519 39421 24011 88255 39505 97027 20836 33760 63919 77700 77356 17766 27263 103331 76765 34175 61311 79717 79757 100105 115710 73334 53140 58414 48614 122335 102775 26159 73172 35003 103610 57157 57047 111171 82109 29580 67578 77768 100017 10443 100157 94178 90094 97511 77293
46025 78869 69330 85991 135463 96052 48356 81418 106707 95108 88203 140946 59426 40489 120911 84742 89856 64078 70163 63143 36599 121672 67669 96841 54167 54351 82580 129389 84081 117562 69963 109937 94741 43692 22704 61998 34331 125561 79729 108278 70539 76278 68718 22161 125765 70137 63640 115282 58432 65329 128456 58733 82891 37826 34097 49880 122002 29337 70110 132092 31975 133165 86414 90420 65874 125104 108218 47264 81295 62357 12069 76810 38392 112233 83296 108729 139124 72542 53514 43122 59177 61715 64873 28382 68434 122944 64953 90789 62361 0 65853 85432 64074 51001 78909 95806 132627 38765 77862 65635 59274 34365 81781 93470 20057 46800 53854 50369 87227 86791 34722 71614 62632 48896 54126 123608 87574 56022 69139 63724 63342 84341 100226 79700 93729 48129 88418 64645 34666 81472 42004 59108 16680 20381 51532 89321 77843 17972 71686 21160 28938 36567 105297 84882 37804 37812 74479 64517 91151 40946 88367 67432 46025 67669 118812 106707 119191 29337 80784 128971 70110 138274 72740 80064 31958 35215 94741 33199
22632 72728 104739 74227 77729 42698 110256 26109 79063 45858 34112 76909 117312 30790 88377 54284 76524 80316 4488 92214 52298 74870 88807 34855 51981 34139 33389 80769 18288 89560 73346 77889 74218 42778 54860 23377 52655 85201 41406 79487 12000 79781 84479 87877 77420 91303 50779 67433 14997 57044 76073 66032 88390 35194 72756 30656 94490 91489 56960 99090 77570 71004 80886 24692 40764 83206 56588 81476 19272 83964 62334 28806 42614 96521 22835 48491 77912 42008 12423 91705 59285 13095 37183 60960 40080 65938 31775 25959 24934 65853 0 70040 56309 39696 14422 50925 73852 72476 16274 19618 40267 32402 91140 28802 50139 26650 18201 16032 80039 37429 35086 34498 118400 17407 29786 66759 21787 9843 78118 117909 3620 74203 45554 28910 28478 17819 64878 15922 98783 39737 25034 44440 77970 75050 16436 41004 85111 75571 9498 56495 74029 70853 75660 98283 62787 41590 34232 25809 104642 102362 34803 52411 22632 88807 68258 79063 86373 91489 15562 67506 56960 78871 26415 80624 95107 84927 74218 69240
59690 11112 64971 5134 139326 50146 102562 95430 148762 43902 50545 98282 100245 56475 38005 19920 6485 135593 72312 52731 48840 143249 43301 98051 31479 40599 44517 148199 74496 32944 22395 28777 9815 44101 62736 46967 100432 47619 32054 149301 60000 140889 36526 102102 56504 44133 23642 49222 80902 20227 63932 29650 149410 85871 113867 46738 36984 113638 16182 48295 67133 127231 13815 81459 107259 48720 51204 55798 62881 42711 73821 98842 49496 28526 60289 111162 88089 110309 67204 73741 26524 57281 33260 58353 29998 68017 38371 71729 92281 85432 70040 0 21502 39150 67624 37857 77874 55436 84428 50458 104271 75937 32271 72135 86343 53434 56189 64841 12041 43992 59776 36065 97724 71894 44385 68141 79283 69100 28393 95102 72063 6583 53207 98842 86498 70110 9991 54120 99809 109708 63129 30253 83729 75900 75585 110716 27734 78946 63921 64287 66512 56282 23550 39822 49958 50635 37399 44259 43991 96410 103775 20230 59690 43301 135627 148762 36697 113638 79051 125483 16182 83248 96271 19459 95242 72773 9815 58345
41274 17940 56789 22981 131223 51134 85509 82416 132753 46430 47820 102145 85478 36592 57522 25410 26627 115030 59513 43410 27489 131154 36506 88391 9979 22846 40579 136879 65417 53595 17293 46996 30667 22957 41372 33279 79677 64418 29462 133495 48667 121200 30654 81488 69180 38496 5817 59892 64555 1276 74750 14255 129603 66038 92474 28250 57956 92573 6445 68453 48656 121167 26591 73054 89785 64710 57593 40634 54859 33223 52622 84358 28215 49468 53456 102088 94525 93603 50558 57761 7239 43243 20524 37668 19698 74875 25999 65311 75710 64074 56309 21502 0 19328 58033 42953 85251 37392 72111 38151 86077 55872 34965 66538 65095 34797 39728 47514 26462 42276 39138 27671 83913 54138 27206 75236 70428 52965 22911 81846 57508 21821 55166 84970 78120 52242 25010 41237 80915 94718 44000 11938 63479 55941 58205 97182 28925 58789 52523 42984 47355 37682 42031 42350 30100 29424 30532 31696 48514 78725 91095 6696 41274 36506 124308 132753 55935 92573 68283 118692 6445 91001 81273 24517 76328 55158 30667 39114
22087 37263 66059 41649 116865 48688 82557 65495 113908 46172 42470 98355 85872 17415 70882 33893 45016 96443 43488 53110 18462 114191 49136 73718 12439 6348 35544 120332 52189 68523 34782 59702 47016 7676 29645 19327 61328 74613 29445 114718 34766 102062 44826 71108 75198 51615 15538 64869 45965 20442 78694 26408 110515 46910 75691 9425 73256 80323 23051 82224 45716 108476 45913 59970 70613 74106 59076 44421 43454 44399 41117 66498 12623 67669 43337 87517 93380 74641 32073 58217 20124 27292 14441 30219 17604 75207 16583 54441 56900 51001 39696 39150 19328 0 44881 45608 85418 37085 55946 24759 66779 36853 52410 56311 47877 15621 21837 28714 45720 38991 20734 22417 85612 35050 10131 75758 57101 34732 38852 84321 40213 40771 53018 67460 64822 33133 39185 26703 74822 76476 24672 9045 54962 48764 39221 79705 46486 50841 38184 31582 43078 36171 55392 59177 27233 13221 25677 19612 65708 75013 74232 18961 22087 49136 107874 113908 69063 80323 53476 105493 23051 91225 63167 43399 70394 53180 47016 35879
33587 72435 110925 72320 73194 30933 121571 29772 85792 35373 23144 62722 127558 41014 79886 49470 73975 93748 11644 97889 60549 75786 93147 30637 56112 38609 25145 80578 7414 82185 75306 70133 69959 49881 65594 25713 67056 74824 36183 85897 10161 92014 88058 101054 65295 95460 52224 55823 28617 58488 63025 69858 100499 49614 87178 37302 86988 105356 57061 90018 87244 63693 79909 15171 52067 72513 44416 88928 6295 88798 74229 35696 51146 91871 10248 44161 63498 51882 25698 100980 62501 18833 37545 70555 39206 52105 32034 11902 36782 78909 14422 67624 58033 44881 0 41501 59652 80703 18681 20336 52748 46338 92784 14655 64166 35562 26783 28551 78728 28172 46149 31856 128159 31504 34876 52943 12423 23709 80831 127341 17911 72723 33057 34400 20162 31623 60763 18221 110856 46630 37065 46983 89926 86228 30853 44957 86776 87115 7448 67381 83924 79360 68738 100316 70761 50400 30226 26494 106311 113693 37235 52855 33587 93147 68014 85792 77909 105356 11730 60903 57061 64573 34769 81146 106976 94754 69959 78225
54246 47362 98835 42941 106055 13675 126719 71210 127284 7141 18584 60763 127987 56499 38420 18930 42659 129427 50896 85643 63501 114841 77539 68287 48659 41479 17568 118532 46327 41323 55898 29174 35124 53281 75221 36026 97584 34371 16178 127364 38930 130395 70974 116567 30047 79016 38885 19495 65476 42423 33120 57108 139048 80119 115545 46138 45958 125066 37684 48558 89440 92357 51653 51416 91681 32604 14644 83446 35305 75270 86601 77103 57999 54351 31511 79882 51813 92519 55175 100077 50114 42398 31205 75307 28138 31962 30969 40215 75858 95806 50925 37857 42953 45608 41501 0 42317 79044 60181 35033 90981 72538 69647 39546 88412 50581 46939 55092 49795 13563 62001 24274 126695 61682 41916 32299 50127 55406 62474 124727 54215 44388 15749 75900 55920 60568 28082 38149 120101 88101 58888 39514 100540 94105 63659 86212 64507 96337 41828 77168 87374 78846 28816 77364 70258 58314 21693 32828 81817 119476 78252 36342 54246 77539 106340 127284 36456 125066 52883 91275 37684 48053 75843 56652 115608 96527 35124 79489
87296 88353 140966 82622 92907 36890 167828 81997 133956 39528 44425 24220 169896 92138 58473 60845 81313 152999 71267 127854 103848 111520 119508 70192 90417 80176 50379 112380 59032 65694 97774 56799 72246 92951 114140 70662 126368 44523 56965 133378 64398 149817 112850 154368 27473 120843 80990 29522 88251 84738 18113 99424 158009 108677 146178 83334 68245 161103 79977 62040 130670 76148 91114 58441 109679 41235 27677 125624 54672 117471 124960 90105 96953 85035 51473 75726 10590 107880 83405 141946 92382 72097 71228 115636 68979 10392 69114 49746 95489 132627 73852 77874 85251 85418 59652 42317 0 120748 73864 67095 111480 103786 110142 47059 121330 85828 79309 85088 89074 46521 97905 63001 168800 89880 79195 10018 59411 82194 104341 166917 77436 84415 32596 87494 60054 89516 67916 68552 160118 99285 91774 80777 139830 134084 90040 93515 105475 135973 64922 116105 128309 120367 60111 117625 111584 96947 59749 68327 121304 160373 85466 78611 87296 119508 102277 133956 57422 161103 66136 77352 79977 5819 90807 97298 155739 137945 72246 120705
50200 46169 34660 54245 149944 84725 48121 95983 135351 81236 79233 135156 49208 41989 93367 62642 58066 101339 76811 25299 20249 142857 28905 107323 30393 43316 72106 149811 87724 88282 35244 83493 65249 30908 22724 55996 67808 101527 63783 136593 70575 111827 30385 49076 106471 31383 40326 96949 73132 38320 111656 25788 119212 61977 72627 43419 92063 62187 43718 103717 11716 143321 52085 95377 91398 101975 93455 10065 80080 23634 27322 94568 29894 78588 80271 120881 129344 97125 61558 21295 30336 62051 50028 13829 51836 110379 53429 91042 81811 38765 72476 55436 37392 37085 80703 79044 120748 0 88300 61324 85715 52965 43731 93072 50865 45902 54673 57555 53396 75118 39048 58524 48596 60993 46261 110838 92419 64633 32472 47237 71750 52218 89016 96465 99949 59264 61682 62614 44388 102646 49295 40008 30371 22245 65206 108187 40551 25626 73521 22481 11804 2336 78346 46221 9966 30886 61842 56652 52410 41383 104421 43366 50200 28905 137866 135351 91970 62187 87661 139945 43718 126561 90657 44516 39832 17767 65249 5688
38121 88014 120920 88873 61664 49230 124065 11219 67112 53981 41766 71671 131955 46348 98565 67240 90880 79739 12606 108457 68236 59163 105070 19405 68184 50292 43643 64769 15323 100774 89276 88755 87635 58984 69649 38863 58195 93301 53965 67231 24429 75963 100687 99340 82996 107560 66473 73918 19807 72780 79842 82237 84208 42736 78573 46929 105599 101154 72292 108683 92768 56030 95952 16170 35817 90905 62295 97473 24902 100237 76009 17264 58562 109770 28784 32627 75734 34382 26915 107024 75396 28968 52385 76332 54866 67709 46830 24406 22479 77862 16274 84428 72111 55946 18681 60181 73864 88300 0 34358 38042 43499 107046 26915 60064 42720 34448 30900 94967 46833 50065 48376 133351 29427 45977 68573 14556 23854 94203 133047 16550 89035 50903 15728 17255 30636 78332 30974 111849 28019 39683 60348 91368 89249 26348 26573 101008 89429 20520 71154 89133 86595 87226 114283 78731 57472 47383 40841 120578 116203 19347 67821 38121 105070 52205 67112 96588 101154 7957 52220 72292 78142 17089 96207 108441 99994 87635 84814
20380 53657 90685 54723 93250 31112 104465 45130 98625 31778 22775 76292 109261 25231 70488 34994 56941 94491 21952 77596 41516 93515 72827 50277 35776 18424 18329 98972 27735 70949 55435 59632 54669 30442 48746 5435 62704 69133 22645 99078 10541 96192 67816 87554 64131 75156 32400 53615 32061 38716 64835 49552 104867 45126 81202 18249 75908 94014 37949 81530 68803 84026 61620 35506 58898 67565 44384 69108 18768 68462 58754 48417 32651 76977 19150 64016 73519 60973 20274 82082 42253 7706 18043 52339 20585 57646 12474 29751 43227 65635 19618 50458 38151 24759 20336 35033 67095 61324 34358 0 57216 38044 73093 31748 54864 18951 12478 20079 60679 22832 30973 15001 109447 26682 15063 58353 32723 20921 60752 108391 21929 54784 35062 48389 40473 25536 45340 3752 94950 59352 24985 26774 74157 69399 28942 60328 67058 70771 14372 50660 65726 60162 56952 80498 51362 32185 15257 6507 86645 96680 53633 33511 20380 72827 86377 98625 68489 94014 30132 81225 37949 72693 45990 61934 90797 76353 54669 59367
44864 103966 120361 107588 80156 82866 107460 33294 49636 86114 74353 109439 118626 50061 127674 91753 110576 41699 41341 110187 69378 62787 110260 50389 78357 63867 73414 70660 52449 128086 100918 116848 110309 65220 63117 58716 27781 125336 79854 50892 52148 39514 107956 76683 117582 112960 81680 107680 25505 87151 115755 90918 48126 23779 45760 57964 133048 73866 88993 138639 85238 82085 112600 54170 6693 123413 96700 95779 58663 104731 63482 25260 61652 132341 62513 57953 113750 13496 37557 98999 86191 49511 71457 71902 75196 104637 67084 61734 16027 59274 40267 104271 86077 66779 52748 90981 111480 85715 38042 57216 0 33056 117919 64440 39309 51315 48302 39476 112276 77586 49505 71800 121560 32378 59907 105488 52567 36341 103882 122333 36834 107007 85507 28727 54422 34165 101219 53618 93229 24315 42186 74739 75710 77053 28860 33536 112263 75777 49704 63706 81439 83489 114078 123881 78403 60224 72461 61952 130590 100188 36142 84481 44864 110260 60945 49636 125673 73866 45447 77368 88993 115960 22559 110052 91017 91013 110309 80619
18384 73729 87614 78495 102081 68947 81325 47526 82588 69798 60352 109056 90436 19463 104926 67413 81865 59796 36474 77170 36395 91083 77264 62518 47111 35908 56367 98411 50653 103722 69218 93691 83369 33522 30726 36532 25425 105837 58031 83764 39489 65343 75180 55963 102089 79966 52384 91531 24170 57059 102834 58696 73731 10270 43159 29692 108602 59091 59897 116278 53757 98952 82349 56513 38478 104601 82409 63007 49835 71716 33798 43867 29262 104462 52550 74655 108990 44169 20727 67954 54749 31844 45708 39251 49737 94887 43008 58174 29893 34365 32402 75937 55872 36853 46338 72538 103786 52965 43499 38044 33056 0 85672 60974 17837 23353 25678 18699 82324 60867 17126 49245 92541 15007 33024 95643 53750 22668 71599 92773 29517 77567 72704 46425 59568 14715 74949 35719 68571 50458 13862 45685 48481 47558 17193 57108 80199 47145 39640 31613 49936 50795 90001 91308 45364 27840 51158 39797 98027 73554 54994 55707 18384 77264 87032 82588 102993 59091 46721 94838 59897 109150 39778 78805 65355 60219 83369 48088
74211 22343 36285 27578 165952 81057 82752 117238 166079 75174 79893 130347 76671 67946 64394 50918 29449 141508 94442 27208 50164 166010 17507 123270 40074 57190 73065 171814 100122 57160 17796 58038 38966 52716 61611 68240 106428 76874 60728 166953 83588 149996 13421 92391 87972 16547 40694 81318 98366 34378 95844 27015 157999 95886 114791 61828 59323 105795 35973 72187 54021 155349 19472 107666 122332 78608 83380 38253 89228 20991 69831 118797 56433 40916 87441 136922 120358 126755 84480 54372 32288 78124 55263 53800 53739 100281 60820 99300 109202 81781 91140 32271 34965 52410 92784 69647 110142 43731 107046 73093 117919 85672 0 100241 90023 67857 74016 81097 21588 73640 68626 61517 72932 87189 61599 100411 105119 87101 14073 69725 92155 25730 84493 119594 112753 85257 42250 76201 84364 128881 76009 46712 73875 65820 91452 131836 6040 69226 87462 62358 55284 45679 53149 7803 44478 57861 63932 66616 13552 78290 125943 39965 74211 17507 159250 166079 63729 105795 103219 153086 35973 115494 115541 12995 80164 56796 38966 48901
47847 78731 121660 77141 67366 26346 135404 36012 91021 32481 21977 48121 140812 54916 77086 52560 78117 106028 25331 108395 73215 75502 102740 29042 66423 49968 27639 79001 12007 80743 83413 68621 72510 62187 79393 37092 81084 69524 40175 90805 23410 102854 97157 115626 57405 104882 60787 49234 42002 66755 53385 79534 111121 63882 101348 49860 85258 120009 64309 86183 100368 55247 85359 12885 62677 66800 37444 100732 13038 98822 88444 43671 64138 93326 13185 40354 49742 61215 40353 113792 71952 32497 46325 83778 46877 40841 41328 2863 48477 93470 28802 72135 66538 56311 14655 39546 47059 93072 26915 31748 64440 60974 100241 0 78793 49138 40612 43157 83903 28520 60258 38924 141129 46089 46810 41707 12856 38320 89401 140119 32114 77931 26529 41405 16673 46262 63883 30800 125051 53637 51529 56628 104118 100103 45182 49468 94368 101147 21788 81231 97187 91905 68320 107968 83110 63540 36326 36812 113565 127552 41218 60601 47847 102740 66873 91021 75205 120009 19093 53352 64309 51542 43977 87901 121094 107913 72510 91050
34531 82105 84537 88060 115880 85969 68404 62404 87489 86307 77511 126888 79317 32304 118448 80984 91721 51486 54103 76161 40179 101615 78555 78471 55353 48921 73021 109338 68320 116381 75388 107206 94735 42242 28841 52570 16944 120763 73141 88979 57206 60999 77997 39680 118312 81208 62886 107718 40274 66362 119629 64122 68548 18179 27849 43129 121129 41411 70199 129824 47712 114356 90426 73906 45869 119793 99157 60626 67637 72964 25234 57253 36885 114563 70275 89770 126735 52508 38559 60732 62126 49238 59483 37541 63446 112255 57855 75986 42788 20057 50139 86343 65095 47877 64166 88412 121330 50865 60064 54864 39309 17837 90023 78793 0 37884 42390 36338 90788 77481 27430 64429 82293 32738 47096 112993 71215 40475 76289 83159 47126 86785 89858 60270 76677 32547 87061 52909 54523 61472 29890 56888 36401 38208 34344 69473 85176 36649 57467 28582 44068 48530 103096 94518 46090 35712 66744 55643 101130 60999 68931 66552 34531 78555 98828 87489 116580 41411 64022 110032 70199 126752 53226 85486 51988 52674 94735 45268
6479 52656 78220 56453 104346 49343 86268 51349 98314 48890 41403 95089 91997 6312 81611 44072 59594 82998 30931 65899 25677 99671 63226 61495 27784 12858 35957 106091 42227 80379 50334 70367 60356 16437 30269 15261 48732 83024 35285 99144 25775 87491 59529 68634 80560 65813 30399 69967 30584 35852 82344 41368 96044 32741 65343 6706 85267 75480 37786 92973 51728 97424 61286 49732 55012 81968 61923 54826 36223 58131 39865 51544 16008 81851 37497 75138 92449 59030 16976 65608 35603 16752 22357 35027 26387 76182 20022 46761 41350 46800 26650 53434 34797 15621 35562 50581 85828 45902 42720 18951 51315 23353 67857 49138 37884 0 8862 13319 60971 40284 12078 26550 92664 19431 9671 76858 46756 19868 54114 91942 26293 55774 53474 52781 54168 17513 51745 18568 76236 61205 9775 23468 55368 50989 23625 64965 61981 52150 28162 32126 48371 44351 66648 74442 36152 15067 28890 18030 81038 78421 60031 33348 6479 63226 93773 98314 79686 75480 41763 94049 37786 91477 48046 59016 72161 59220 60356 42932
7987 57053 86552 59786 95901 43580 94855 43685 93184 44138 35167 87238 100812 14306 80760 43848 62577 83374 22327 74015 34425 92354 70762 52909 34261 16906 30736 98531 33371 80407 56263 69654 62007 24589 38846 11175 50659 80594 33039 93870 17204 86244 66641 75934 76411 73289 34608 65855 24951 40622 77301 48242 94897 33359 68823 12555 85359 81846 41512 91997 60581 88657 65532 40870 51070 79215 56841 63451 27858 65845 47914 44782 24798 84066 29515 66620 85369 54277 11040 74470 41820 8118 23158 43878 26905 70001 18941 38156 36258 53854 18201 56189 39728 21837 26783 46939 79309 54673 34448 12478 48302 25678 74016 40612 42390 8862 0 8936 64959 35227 19711 24398 101518 16104 12523 70721 37895 13246 60632 100804 18397 59407 47494 45644 45324 14532 52940 10821 84476 55002 12528 27824 63552 59526 19462 57893 68034 60534 19354 40657 57204 53162 66441 80928 44861 23907 25871 14534 87409 86989 52419 36915 7987 70762 86102 93184 78785 81846 33011 85338 41512 84847 41582 64245 80490 68064 62007 51786
7473 65154 90797 68289 92430 50470 94225 38576 85264 51744 41805 90972 101395 15578 89591 52776 71185 74670 20512 78757 37713 86536 76439 50191 41032 24779 38285 93081 33884 89328 63497 78515 70869 29562 38949 19931 42680 89053 41758 86041 20872 77312 72837 72506 84129 79043 42696 73646 17279 48493 84440 54686 85967 25048 61564 19355 94281 77070 49826 100798 61904 86668 73716 40664 42509 87566 64094 66928 31407 71279 46327 38288 28154 92866 33940 63524 90401 46091 4005 76137 48814 13257 32008 45433 35805 76209 27876 40446 28220 50369 16032 64841 47514 28714 28551 55092 85088 57555 30900 20079 39476 18699 81097 43157 36338 13319 8936 0 73246 42783 19225 33213 102605 7171 20610 76969 37728 7082 67408 102217 14445 67812 54134 39651 44508 5630 61839 17310 82836 47887 9008 35789 61986 59028 10779 51775 75192 59541 21432 40542 58298 55789 75354 87741 48161 26953 34487 23286 94324 86331 47162 45260 7473 76439 80857 85264 87610 77070 31562 83010 49826 90463 34742 71940 79117 69180 70869 53935
67412 8691 56568 6907 150939 62186 98411 105809 158095 55928 62458 109977 94488 63049 43716 31941 7879 141277 82631 45408 51360 154027 35457 109299 35587 48496 56264 159191 85751 37061 18152 36578 17379 49148 64917 56692 105864 55523 43734 158733 70622 147660 28983 101895 66399 35694 30604 59977 89903 25298 74367 28670 156053 92500 117667 54312 40012 114254 23448 52539 64994 139079 2117 92875 115732 57138 62846 51598 74247 36248 75256 108723 54165 25291 71825 122561 99411 119223 75980 69370 28707 67048 42861 59107 40108 79405 48287 83397 101216 87227 80039 12041 26462 45720 78728 49795 89074 53396 94967 60679 112276 82324 21588 83903 90788 60971 64959 73246 0 55930 65504 46906 91411 80092 52645 79483 90607 78134 22190 88507 81781 6015 65223 108948 97941 78232 21737 64226 97375 119422 70359 37545 83197 75124 84019 120978 18272 78371 74567 66221 65061 54691 31612 28696 49966 55460 48583 54282 32291 92879 114288 28045 67412 35457 146597 158095 42846 114254 89968 137250 23448 94321 105939 10301 92895 69694 17379 57274
42958 51536 99039 49075 95879 9697 121534 57943 113940 8961 6586 60315 124306 46507 51757 24179 49793 116514 37332 85647 57452 102671 78635 56266 45299 33656 4504 106768 33510 54068 57856 41983 43992 46462 67657 25067 85463 47775 13035 114063 25455 117054 72480 108239 41347 80476 37061 30891 52100 42140 42161 56355 125693 67795 104027 37042 58843 115715 38537 62075 84542 83291 57511 39295 78160 45831 21691 80953 22102 75498 78601 63634 50440 65038 18494 68560 54412 78956 42438 96412 48818 29708 25105 69195 23548 36445 22594 28564 62350 86791 37429 43992 42276 38991 28172 13563 46521 75118 46833 22832 77586 60867 73640 28520 77481 40284 35227 42783 55930 0 52223 16660 123614 49048 32839 37051 37670 42399 64235 122003 40769 50044 14027 62521 44077 48087 35412 25515 113598 74662 47614 35262 93336 87570 50706 73077 67995 89454 28271 69624 82029 74533 40818 81441 65637 50462 13350 22303 86626 114005 65230 35699 42958 78635 94402 113940 49773 115715 39732 81683 38537 52308 62306 60894 109226 91924 43992 74615
12638 56859 73123 61993 111408 61377 75487 57071 98538 60715 53481 106867 82226 5767 91019 53564 65487 75920 39570 61804 20286 103878 60961 69401 30084 21528 47946 110777 52281 89047 52092 79776 67749 16454 19774 27296 40660 93568 46278 99592 36879 82319 58455 56581 92046 63649 36136 81474 34085 40359 94161 41622 90631 27394 55272 15965 93828 63492 43606 102395 42703 105893 65443 59431 54374 92719 73793 48769 47567 55501 28206 55537 12196 88249 49159 82659 104492 59461 23168 56970 37653 27812 32164 26355 36087 88242 31063 57745 43139 34722 35086 59776 39138 20734 46149 62001 97905 39048 50065 30973 49505 17126 68626 60258 27430 12078 19711 19225 65504 52223 0 37747 83381 21946 20119 88913 56462 26215 54555 82998 33669 60943 65528 57419 63500 20235 59805 30267 64794 63914 10414 29775 43861 40159 26168 69161 63107 40966 38710 21436 39079 37131 75686 74410 30224 10767 40366 29921 81125 67599 65427 39663 12638 60961 98818 98538 89150 63492 50646 102226 43606 103555 51654 61704 60852 49956 67749 35025
30872 40634 83724 40603 104640 26343 104904 59423 113559 23860 20929 76696 107686 32305 56378 20040 42506 107767 36397 70344 40854 107218 64079 62480 29058 17474 13666 112291 38990 56306 44499 45312 39721 29983 51547 13284 74608 56605 8788 113982 23950 110391 58324 92611 54319 66135 21989 43766 46919 27843 56897 41112 119060 57635 91847 21865 61268 100832 25550 67601 67884 93849 48058 46337 73758 55456 36893 64645 27766 60449 62738 63214 34257 62024 25952 75891 71066 75961 34351 79817 33484 22511 8507 52634 7973 52796 6695 37826 58163 71614 34498 36065 27671 22417 31856 24274 63001 58524 48376 15001 71800 49245 61517 38924 64429 26550 24398 33213 46906 16660 37747 0 107072 40285 17645 53353 43920 35481 50486 105527 36924 40913 30668 63002 51429 38843 30381 18752 97194 74211 35402 18935 77134 71140 43126 74749 55584 73130 27861 53510 65389 57898 42299 69189 48991 34424 3320 9941 74952 97400 67720 21688 30872 64079 99701 113559 54399 100832 43074 91573 25550 68809 60911 49501 92785 75265 39721 57956
95776 86861 37741 94893 194163 133171 20331 139460 169318 129413 127825 183741 5830 87699 134903 109214 98184 122211 122867 46143 67931 183183 56190 152734 78483 91770 120683 190695 134889 128471 75336 126473 107011 79066 63703 104222 96800 145337 111957 170901 118172 136356 62444 52408 152609 56516 87834 143692 115885 84589 158606 70177 141820 98865 90975 91270 131301 64636 89736 143938 40938 189271 89510 142345 128049 146328 141275 43281 128093 55289 58834 136394 77060 113802 128540 165830 177651 134577 106528 27405 76684 109330 98567 57641 100191 158409 102021 138969 122372 62632 118400 97724 83913 85612 128159 126695 168800 48596 133351 109447 121560 92541 72932 141129 82293 92664 101518 102605 91411 123614 83381 107072 0 104325 94453 158825 139366 109552 69669 3788 117045 92701 137437 138862 146646 102897 105921 110398 33695 142579 93694 88383 45973 45020 108075 149627 73708 45865 120803 62216 44385 49446 121251 69814 58380 77762 110386 105089 72556 23981 147334 90407 95776 56190 179527 169318 133860 64636 133927 185564 89736 174594 132311 81122 33371 33488 107011 50083
12992 71904 94928 75260 89895 56247 94638 35297 78909 57984 47507 94207 102729 19934 96643 59927 78211 67818 21476 83301 41815 82022 81630 48780 47147 31600 44583 88855 35646 96467 69739 85597 78020 34914 40777 27004 36782 95810 48755 79765 25547 70164 78388 70759 90342 84274 49495 79935 12154 55158 90229 60496 78823 18980 56304 25887 101422 74083 56721 107822 64147 85408 80501 41598 35662 94242 70035 70678 35410 76336 46587 33635 32642 99987 38413 61563 94615 39607 6658 78481 54989 19348 39163 48145 42972 81355 35040 43270 22082 48896 17407 71894 54138 35050 31504 61682 89880 60993 29427 26682 32378 15007 87189 46089 32738 19431 16104 7171 80092 49048 21946 40285 104325 0 27554 82140 38801 7813 73352 104190 14535 74730 59716 35473 44834 1933 69005 23575 82511 42456 11890 42561 61953 59909 4359 47261 81349 60015 25115 42150 60421 59072 82485 93643 52036 31317 41436 30345 100277 86778 43534 52180 12992 81630 76873 78909 94659 74083 31892 81496 56721 95112 29812 78437 79045 71177 78020 56905
15445 44619 76141 47707 106744 42329 90055 55764 105636 40991 35118 90417 94375 14803 71961 34409 50670 92626 33457 63232 26548 104530 59192 63597 22206 4409 28818 110539 42139 70716 43820 60713 50925 15398 35012 9769 58396 73668 26168 106345 24729 96821 54710 75413 71963 61644 22150 61405 37399 28106 74336 36260 105408 42324 74746 4248 75608 83264 29217 83327 53943 98389 53146 49911 63116 72719 54103 54125 33827 54511 45781 57243 18115 72635 34087 77398 86498 66608 23410 67069 29532 17184 12689 37664 16719 69243 10952 44802 48634 54126 29786 44385 27206 10131 34876 41916 79195 46261 45977 15063 59907 33024 61599 46810 47096 9671 12523 20610 52645 32839 20119 17645 94453 27554 0 69866 47026 25761 48375 93355 30571 47204 46602 57995 54733 25743 42190 16658 81212 67522 19360 15314 60698 55338 31388 70238 55599 56990 28078 36972 50975 45115 56977 68608 36300 17900 20374 11071 75038 82343 64495 24651 15445 59192 98041 105636 70040 83264 43349 95378 29217 84940 54092 51722 76931 61487 50925 44395
78693 78515 130978 72952 94519 27572 158046 77547 131213 29690 35578 31615 159960 83153 51311 50859 71779 146687 64573 117852 94149 110900 109544 67420 80483 70652 41084 112471 53362 58069 87818 48356 62854 83334 104700 61617 118848 38300 47071 130781 56596 144367 102899 145209 21562 110903 71002 20756 81487 74721 13623 89407 152705 101072 138393 74047 61059 152297 69962 56295 120849 78274 81503 53968 104183 34984 17659 115632 47491 107470 115643 85358 87460 76757 43999 74627 19948 102918 75565 132013 82372 63812 61485 105958 59130 868 59588 44168 89462 123608 66759 68141 75236 75758 52943 32299 10018 110838 68573 58353 105488 95643 100411 41707 112993 76858 70721 76969 79483 37051 88913 53353 158825 82140 69866 0 54486 74586 94389 156925 70375 74702 23385 82996 56331 81638 58162 60085 150541 95100 83241 70903 130369 124490 82630 90092 95663 126444 57537 106667 118539 110489 51275 107942 101733 87506 50137 59133 111758 150629 81894 68601 78693 109544 101708 131213 50053 152297 60668 78873 69962 15774 85658 87524 146137 128094 62854 110880
43838 84554 123159 84086 60833 37761 131874 23157 78467 43349 31638 57579 138522 51731 88344 60542 85547 94265 17414 110181 72187 65006 105549 18812 68486 50879 35518 69279 5013 91420 87688 79273 80967 61774 76186 38063 71385 81646 47418 78321 22352 90417 100480 109535 70095 107871 64614 61617 32098 70864 66238 82267 98599 54936 91796 49185 96084 112621 69309 97875 98432 51377 91860 2980 50328 79033 49836 100878 16406 101165 84053 30875 62638 102526 19352 31977 61187 48528 34209 112364 74921 30380 49920 81734 51448 53619 44433 10778 36843 87574 21787 79283 70428 57101 12423 50127 59411 92419 14556 32723 52567 53750 105119 12856 71215 46756 37895 37728 90607 37670 56462 43920 139366 38801 47026 54486 0 31567 93245 138693 24271 84593 38638 28553 7750 39451 71931 30399 120551 40784 46679 59405 99714 96592 36881 36906 99120 97224 18986 77890 95003 90982 78437 112676 82524 61790 42027 38917 118632 123980 28699 65163 43838 105549 56826 78467 86416 112621 7507 48503 69309 63612 31397 93367 116845 105887 80967 89675
14481 70284 97783 72842 85349 49097 100809 31590 79969 51252 40345 86426 108258 22648 91407 55479 75530 74115 14155 85651 44751 79805 83088 43192 47160 30126 38012 86239 28124 91747 69388 80529 74451 36287 45858 22545 44262 89727 43529 80638 18034 75288 79290 78036 83483 85669 47849 73181 11805 53866 83004 61006 83962 26502 63992 25310 96709 81750 54699 102444 68917 79729 78740 34440 38413 88008 62967 73981 27636 77998 52790 31786 35154 96660 30724 56467 86822 41212 3077 83171 54837 13224 35864 52487 39379 73792 31083 35512 23181 56022 9843 69100 52965 34732 23709 55406 82194 64633 23854 20921 36341 22668 87101 38320 40475 19868 13246 7082 78134 42399 26215 35481 109552 7813 25761 74586 31567 0 73580 109208 7567 72530 52418 32920 38008 7996 65241 17414 89118 41807 15858 41069 68366 65731 8319 45122 81143 66111 17336 47406 65290 62871 77739 93908 55213 33979 36135 25698 100436 92921 40225 50096 14481 83088 73955 79969 89409 81750 25007 76021 54699 87388 28441 77480 85503 76160 74451 61011
60405 17326 36857 25233 153977 72498 76231 104139 152186 67139 70127 123008 72514 53962 65251 43592 28536 127744 81610 24343 36247 152903 15202 111023 26420 43992 63004 158887 88231 59013 6578 56937 37390 38715 48187 55674 92558 75902 51207 153087 71292 136010 8510 81536 84622 16542 28717 76714 84687 22646 91622 12965 144052 81815 101566 48270 62154 94487 25700 74557 43708 144075 20511 95902 108354 77094 76867 29511 77766 14402 57086 105349 42361 46677 76349 124768 114175 112862 70885 47195 18842 65236 43408 40827 42524 94148 48824 88211 95407 69139 78118 28393 22911 38852 80831 62474 104341 32472 94203 60752 103882 71599 14073 89401 76289 54114 60632 67408 22190 64235 54555 50486 69669 73352 48375 94389 93245 73580 0 66918 78924 23042 76278 106276 100957 71420 37443 63644 75639 115274 62057 34007 62810 54675 77642 118525 8894 58031 75088 49078 44275 34103 51738 20336 31393 43789 53227 54380 26929 70796 112868 28882 60405 15202 146366 152186 64191 94487 90823 141577 25700 109924 102005 12339 71221 47847 37390 37064
95278 84175 34250 92151 194082 131511 23482 139414 170420 127615 126352 182223 9472 87143 132088 107055 95385 124182 122361 43137 66914 183636 53168 152398 76763 90537 119169 191089 134157 125565 72707 123810 104301 77957 63447 103118 98010 142720 110181 171975 117302 138132 59524 54662 150291 53386 85927 141494 115873 82480 156430 67964 143754 99411 92901 90284 128319 67215 87564 140998 40340 188867 86581 141670 128771 143772 139336 41293 127093 52518 59238 136566 76196 110628 127428 165594 175879 135242 106166 26362 74637 108533 97021 56988 98515 156525 100626 138009 122654 63724 117909 95102 81846 84321 127341 124727 166917 47237 133047 108391 122333 92773 69725 140119 83159 91942 100804 102217 88507 122003 82998 105527 3788 104190 93355 156925 138693 109208 66918 0 116662 89960 135758 138965 146040 102716 103456 109462 36203 142998 93363 86742 47046 45443 108018 149880 70679 46556 120023 62040 43920 48245 118596 66418 57126 76957 108834 103872 69024 26347 147385 88396 95278 53168 179804 170420 131078 67215 133398 185224 87564 172699 132493 78208 35485 33054 104301 49125
21575 74280 104509 76123 78204 46244 108373 25288 76760 49285 37626 80163 115794 29803 91440 56863 78544 76716 6977 92167 51705 73992 89140 35755 52613 34975 36652 80134 21199 92441 74365 80858 76587 42669 53370 25133 49147 88538 44169 77257 15318 76334 85033 85269 80957 91676 52103 70931 11443 58305 79676 66621 84957 31779 69303 30948 97383 88525 58532 102226 76345 72227 82551 27086 37577 86586 60145 80950 22886 84183 60345 26961 42040 98894 26454 49161 81404 39151 10527 90566 60086 14784 38959 59844 42065 69554 33695 29258 21740 63342 3620 72063 57508 40213 17911 54215 77436 71750 16550 21929 36834 29517 92155 32114 47126 26293 18397 14445 81781 40769 33669 36924 117045 14535 30571 70375 24271 7567 78924 116662 0 76009 49143 27464 30498 15218 67264 18178 96629 37670 23373 45580 75905 73296 13074 39691 86145 73675 13075 54937 72743 70046 78500 99177 62198 40935 36898 27828 105608 100486 34023 53950 21575 89140 67710 76760 89436 88525 17499 68567 58532 82433 24210 81950 93039 83625 76587 68284
62174 6091 59097 2192 144934 56513 98489 99909 152452 50336 56552 104862 95459 58178 42287 26190 5849 136848 76733 47199 48012 148067 37535 103288 31433 43145 50295 153203 79738 36382 17650 33962 14374 44764 61790 50890 101498 52967 37757 153064 64668 142832 30811 99966 62666 38176 25388 55646 84319 20588 70277 26668 151276 87674 113968 49081 39919 111956 18014 51937 63924 133126 7467 86861 110320 54291 57786 51566 68232 37442 72499 102927 49955 27984 65817 116546 94650 113683 70443 69506 25219 61251 37054 56596 34200 74583 42431 77404 95659 84341 74203 6583 21821 40771 72723 44388 84415 52218 89035 54784 107007 77567 25730 77931 86785 55774 59407 67812 6015 50044 60943 40913 92701 74730 47204 74702 84593 72530 23042 89960 76009 0 59656 103103 91927 72890 16570 58355 96544 113670 65286 32307 81385 73408 78591 115104 21383 76567 68611 63208 63642 53292 28795 33247 47749 51197 42570 48416 37433 92614 108365 22554 62174 37535 140611 152452 41178 111956 83982 131273 18014 89766 100192 13047 92011 69131 14374 55629
55437 62152 111891 58329 91176 4330 135560 61275 117075 9332 12356 46979 138221 59769 50878 33608 58261 125854 44177 98541 71479 101816 91054 55521 58996 47631 17784 104950 35835 55137 69761 43200 50873 60477 81547 38232 96494 43043 25774 116954 34432 124930 84686 121860 32238 92735 50273 23057 60546 54881 30607 69396 133458 78694 115695 50751 59436 128925 50756 59689 98548 77004 67019 39267 85105 40396 11399 94598 26914 88271 92375 68167 64379 69716 23011 66083 40400 84863 53071 110302 61986 40887 39068 83218 37249 22718 36586 27956 69671 100226 45554 53207 55166 53018 33057 15749 32596 89016 50903 35062 85507 72704 84493 26529 89858 53474 47494 54134 65223 14027 65528 30668 137437 59716 46602 23385 38638 52418 76278 135758 49143 59656 0 66405 43190 59047 43620 37000 127573 78773 60021 49056 107239 101559 60653 75534 79130 103406 36068 83512 96052 88478 43742 92268 79602 64357 27368 35780 96986 128032 67337 48484 55437 91054 93042 117075 49050 128925 43054 76147 50756 38357 67641 71531 123214 105914 50873 88612
47100 101614 130264 103097 55788 64881 127558 5499 51423 69704 57492 82306 136853 54966 114270 82343 105322 69080 26610 118380 77102 46895 116006 21721 79895 62403 59237 53474 30585 116375 101810 104391 102598 69174 75879 52281 53987 108979 69148 51590 39229 63099 112172 99877 98341 118589 79539 89456 23358 85758 94768 93833 70961 42091 73542 58084 121220 99483 85848 124410 99289 54656 109795 29102 24327 106550 77771 106119 40630 110898 80217 3476 67692 124834 44508 30054 88234 20782 35823 113620 87457 41958 66093 83546 68944 82129 60671 39181 17519 79700 28910 98842 84970 67460 34400 75900 87494 96465 15728 48389 28727 46425 119594 41405 60270 52781 45644 39651 108948 62521 57419 63002 138862 35473 57995 82996 28553 32920 106276 138965 27464 103103 66405 0 27758 37209 93261 44761 114347 12368 47232 73043 94750 93948 31305 12249 113590 93566 35475 77105 95516 94543 102752 126565 87427 66435 62323 54690 133026 119847 8670 81286 47100 116006 41402 51423 112289 99483 23370 50138 85848 91359 7100 109394 111398 106124 102598 92343
50935 92044 130874 91357 53222 42951 138729 22293 75052 48941 37769 55043 145689 58950 93717 67483 92702 95915 23996 117913 79704 58936 113298 12395 76236 58613 42336 62721 12748 97219 95367 85077 87806 69393 83268 45812 75446 86134 54507 74721 30091 90794 108218 115523 73549 115619 72305 65748 36710 78541 68831 90015 98713 59742 95828 56815 101786 117971 76892 102856 105735 43656 99237 5093 51288 83371 53983 108495 23715 108914 90770 30674 70113 109111 26246 24674 60476 48490 40815 119741 82663 37972 57603 89055 59042 55468 52135 15705 39421 93729 28478 86498 78120 64822 20162 55920 60054 99949 17255 40473 54422 59568 112753 16673 76677 54168 45324 44508 97941 44077 63500 51429 146646 44834 54733 56331 7750 38008 100957 146040 30498 91927 43190 27758 0 45684 78883 38126 127123 39255 53511 67143 106371 103526 42435 33762 106763 104038 26664 84932 102263 98476 84554 120333 90078 69229 49413 46654 126254 130836 25570 72789 50935 113298 50437 75052 91827 117971 13003 40753 76892 63719 32178 100920 123509 113158 87806 97098
11065 70025 93124 73438 91401 55499 93470 36885 80839 57040 46780 94342 101374 18045 95221 58379 76411 69071 22050 81450 39990 83832 79725 50030 45218 29750 43604 90630 36107 94939 67811 84145 76322 32991 39275 25561 37490 94606 47381 81696 25119 71717 76464 70093 89421 82367 47631 78976 13953 53268 89492 58563 80367 19732 56756 23995 99891 73770 54878 106426 62604 86662 78629 42291 37546 93086 69227 68914 35236 74440 45404 35437 30770 98248 38101 62941 94447 41533 6118 76931 53060 18394 37478 46510 41319 80861 33465 43466 24011 48129 17819 70110 52242 33133 31623 60568 89516 59264 30636 25536 34165 14715 85257 46262 32547 17513 14532 5630 78232 48087 20235 38843 102897 1933 25743 81638 39451 7996 71420 102716 15218 72890 59047 37209 45684 0 67339 22573 81501 44350 10057 40693 60858 58616 6269 49057 79418 58807 24986 40690 58895 57363 80971 91710 50245 29453 40098 28916 98344 85598 45195 50346 11065 79725 78611 80839 93240 73770 32699 82800 54878 94799 31644 76525 77974 69682 76322 55240
57608 20601 74270 14943 131244 40771 109520 89489 143939 34385 41997 88322 108136 55742 32591 11401 14660 134719 66659 61708 52097 136543 52575 90742 34468 39041 36557 141165 67304 29389 31099 21994 9344 45382 65829 42703 100063 39899 24587 144360 54050 138914 45801 106433 47188 53590 24802 39456 76916 23871 54277 36346 147526 84485 114871 45260 34077 117257 18611 43682 73211 118644 23640 73921 103653 40559 41224 63274 55578 51486 77269 93565 50885 31643 52660 103539 78108 106168 63703 81061 31518 52672 29869 62651 26035 58031 34177 63722 88255 88418 64878 9991 25010 39185 60763 28082 67916 61682 78332 45340 101219 74949 42250 63883 87061 51745 52940 61839 21737 35412 59805 30381 105921 69005 42190 58162 71931 65241 37443 103456 67264 16570 43620 93261 78883 67339 0 49088 105705 104581 61511 30195 88488 80936 72359 104855 37593 83798 57875 67540 72156 62228 17033 49813 55031 51834 30964 39643 53918 103031 97593 21006 57608 52575 128652 143939 30958 117257 72406 117093 18611 73318 91291 29382 101118 79350 9344 63907
18784 57086 92763 58336 90532 33231 104739 41615 94889 34470 24643 76604 110019 24647 74057 38737 60604 91279 18459 79787 42560 90131 75358 47444 38235 20490 21031 95695 25489 74624 58481 63251 58415 31729 48794 7975 59977 72391 26298 95349 8071 92698 70522 86697 66855 77736 35545 56404 28377 41862 67162 52160 101371 42283 78798 19204 79581 92655 41340 85055 69585 81776 65128 33268 55202 70742 46790 70722 17783 70858 58369 44728 33357 80723 18936 61228 74548 57228 17027 83109 44995 4249 21448 52980 24183 59350 15943 28573 39505 64645 15922 54120 41237 26703 18221 38149 68552 62614 30974 3752 53618 35719 76201 30800 52909 18568 10821 17310 64226 25515 30267 18752 110398 23575 16658 60085 30399 17414 63644 109462 18178 58355 37000 44761 38126 22573 49088 0 94800 55640 23222 29640 73919 69512 25562 56752 70162 70716 11559 50669 66389 61337 60635 83536 52655 32741 18928 9944 89749 96911 50173 36852 18784 75358 83110 94889 72056 92655 27196 78834 41340 74065 42261 65235 90729 77127 58415 60347
77272 90472 57629 98594 170122 123255 14877 115951 138866 120994 116327 171243 28818 70215 137687 105433 102393 89024 103218 58567 56608 155934 67097 131039 72506 79945 109848 163726 116679 132671 79297 127641 109624 67211 46263 90427 66613 145333 104079 140568 101668 103606 71283 18967 148929 68708 82843 138943 92741 81965 153205 70171 108674 72479 58019 77239 136431 31014 87352 148099 32678 167522 95918 123472 99901 145569 133870 46383 112325 63467 36627 111474 63214 122300 113733 143195 167694 106654 86366 30543 74188 92591 89211 44794 91985 149974 91005 122527 97027 34666 98783 99809 80915 74822 110856 120101 160118 44388 111849 94950 93229 68571 84364 125051 54523 76236 84476 82836 97375 113598 64794 97194 33695 82511 81212 150541 120551 89118 75639 36203 96629 96544 127573 114347 127123 81501 105705 94800 0 115985 73953 80704 20935 26057 85535 123956 82668 24226 103441 44324 33563 43563 122539 84305 50861 63317 100405 92266 89140 9904 123012 86279 77272 67097 153344 138866 136255 31014 114120 163402 87352 165906 107401 87965 4588 27811 109624 41812
55074 111815 137005 113793 55843 77228 129815 17631 39477 81985 69762 92734 140113 62389 126418 93845 116191 60701 38087 125653 84107 40652 124069 30983 88868 71908 71258 48118 42951 128349 111189 116419 113924 77258 81024 62803 51933 121316 80761 39801 50782 52821 120680 100204 110693 126705 89487 101824 30635 95587 107022 102572 60250 43841 69974 67054 133218 98070 96106 136642 104207 58429 120155 41132 18088 118902 90138 112540 52892 118791 83771 11095 75083 136215 56793 35110 99528 12048 44404 118411 96599 52450 76626 89239 79712 94232 71353 51477 20836 81472 39737 109708 94718 76476 46630 88101 99285 102646 28019 59352 24315 50458 128881 53637 61472 61205 55002 47887 119422 74662 63914 74211 142579 42456 67522 95100 40784 41807 115274 142998 37670 113670 78773 12368 39255 44350 104581 55640 115985 0 54307 82792 97371 97584 38097 9471 122936 96784 47167 82019 100387 100591 114638 135610 94130 73743 73770 65450 142173 122305 14799 91510 55074 124069 37359 39477 124432 98070 35733 53635 96106 102964 13486 119233 113431 110652 113924 98114
4663 61934 83070 66037 100995 56096 85229 46712 90155 56473 47694 98966 92422 8165 91116 53644 69241 73266 29517 71411 29933 93889 69850 59045 36200 22613 43144 100675 42727 90055 58801 79891 70130 23380 30002 22870 39278 92005 44189 91093 28551 77763 66778 64164 88616 72506 39903 78034 24010 45110 89747 49123 86300 22974 56657 16408 94955 69502 47355 102457 53096 95585 70583 49625 46331 90803 69277 58890 39298 64520 37387 45493 20776 91581 41417 72259 97648 50846 12847 67376 44048 19877 31989 36766 36007 82517 29147 48889 33760 42004 25034 63129 44000 24672 37065 58888 91774 49295 39683 24985 42186 13862 76009 51529 29890 9775 12528 9008 70359 47614 10414 35402 93694 11890 19360 83241 46679 15858 62057 93363 23373 65286 60021 47232 53511 10057 61511 23222 73953 54307 0 33016 53068 50021 16231 59112 70259 50554 29746 31565 49451 47431 76271 82262 40200 19438 37387 26071 88932 77334 55126 42978 4663 69850 88626 90155 89175 69502 40570 91876 47355 97283 41695 67866 70187 60312 70130 45404
29881 29366 65132 33020 120024 44787 87264 70547 120940 41251 39864 95536 89210 26225 62137 25692 36254 105384 47743 51810 24264 119308 46280 77024 10124 11015 32591 125109 54396 59567 28930 51017 37974 15462 37044 21668 70335 66533 23835 121656 37310 110710 41075 78489 68318 48533 6942 58245 52708 12799 72547 22982 119206 55633 84681 16781 64273 88321 14338 73443 50001 110526 37944 62124 78217 66226 53663 45735 44372 42203 48633 72420 20909 58777 43444 90780 89341 81864 38715 61271 15524 31411 10550 35955 11829 70425 15313 55134 63919 59108 44440 30253 11938 9045 46983 39514 80777 40008 60348 26774 74739 45685 46712 56628 56888 23468 27824 35789 37545 35262 29775 18935 88383 42561 15314 70903 59405 41069 34007 86742 45580 32307 49056 73043 67143 40693 30195 29640 80704 82792 33016 0 61581 54807 46537 85262 40679 57203 41086 38905 47863 39590 46584 53944 30844 21753 22196 20490 60234 79973 79241 10023 29881 46280 112553 120940 60349 88321 56815 107863 14338 86595 69341 36442 76185 57196 37974 40034
56340 75483 55562 83286 150505 102939 32844 96006 123387 100993 95794 150433 42921 49307 120964 86931 87171 79176 82421 51625 37327 137795 57963 110661 54307 59726 89466 145434 95792 116623 65139 110465 93454 47288 25694 69741 50977 127458 84399 124955 80739 92158 60458 18741 129858 60145 64561 119670 72574 64632 133647 54743 98394 53532 48193 56644 120710 31928 69886 131768 20104 147240 82028 102645 82256 127434 113984 36406 91406 53202 15700 92028 42911 108484 92855 123081 147177 88860 65569 27865 57323 71664 69402 25926 72425 129776 70784 101592 77700 16680 77970 83729 63479 54962 89926 100540 139830 30371 91368 74157 75710 48481 73875 104118 36401 55368 63552 61986 83197 93336 43861 77134 45973 61953 60698 130369 99714 68366 62810 47046 75905 81385 107239 94750 106371 60858 88488 73919 20935 97371 53068 61581 0 8135 65160 104891 70910 4827 82508 23730 18619 28720 105509 75633 33773 42882 80282 71704 81419 25097 103374 68187 56340 57963 134606 123387 119403 31928 93372 143210 69886 145595 87934 74721 17138 20559 93454 25938
52796 67476 49202 75330 149444 97237 35344 94745 125694 94937 90417 145621 42929 45230 113319 79854 79210 84388 79536 44197 30608 138209 50107 108646 47025 53928 83860 145692 92439 108827 57043 102929 85656 41157 20721 64706 54069 120162 78050 127175 76702 96637 52412 26871 123113 52352 57344 113044 71161 57065 127220 46745 103269 53971 53948 51450 112859 39981 62374 124042 12444 145277 73935 99555 83425 120238 107819 28680 87212 45240 13816 91425 37262 100405 88376 121449 141745 89845 62803 22825 49602 67622 63160 18854 65973 123926 64978 97678 77356 20381 75050 75900 55941 48764 86228 94105 134084 22245 89249 69399 77053 47558 65820 100103 38208 50989 59526 59028 75124 87570 40159 71140 45020 59909 55338 124490 96592 65731 54675 45443 73296 73408 101559 93948 103526 58616 80936 69512 26057 97584 50021 54807 8135 0 63462 104615 62791 3408 78780 18873 10536 20587 97927 67746 25984 37446 74357 66409 73629 27466 102470 60897 52796 50107 134508 125694 111788 39981 90590 141401 62374 139877 87336 66595 21656 14850 85656 17850
17242 75901 99223 79064 86088 57381 97942 31397 74690 59568 48632 93235 106356 24293 99329 62981 81943 65812 19983 87639 46136 77732 85988 45517 51391 35536 46308 84609 34174 99425 73959 88370 81458 39257 44695 29934 36332 97946 51400 75520 26225 67312 82729 73142 91800 88632 53454 81499 7948 59203 91253 64804 75986 18762 56337 29971 104387 75743 60604 110430 68100 82080 84475 39562 31729 96263 71264 74932 35369 80696 49980 29370 36996 103528 38656 58017 94321 35426 8776 82438 59222 21324 42619 52243 46338 81826 38233 42328 17766 51532 16436 75585 58205 39221 30853 63659 90040 65206 26348 28942 28860 17193 91452 45182 34344 23625 19462 10779 84019 50706 26168 43126 108075 4359 31388 82630 36881 8319 77642 108018 13074 78591 60653 31305 42435 6269 72359 25562 85535 38097 16231 46537 65160 63462 0 42995 85595 63424 25134 46002 64351 63260 85422 97944 56322 35666 44022 33215 104570 90108 39485 56039 17242 85988 72681 74690 97335 75743 29686 78073 60604 95146 25508 82570 82183 75051 81458 61038
59197 113731 142181 115047 46850 74474 137543 15371 41568 79729 67646 85286 147389 66963 124628 93802 117188 69885 38406 130421 89038 34793 128187 23668 92142 74646 70084 41627 40010 127131 114050 115060 114171 81329 87185 64375 60899 118501 80535 41420 50835 61253 124400 108633 106873 130778 91726 98523 35109 97958 102521 106072 68316 51500 79283 70325 131919 107003 97963 134472 110548 48959 121862 36602 27486 115921 86739 117927 50981 123052 90813 13626 79709 136332 54707 25853 92967 21510 47992 124845 99706 54089 78155 95080 80911 89230 72692 47657 27263 89321 41004 110716 97182 79705 44957 86212 93515 108187 26573 60328 33536 57108 131836 49468 69473 64965 57893 51775 120978 73077 69161 74749 149627 47261 70238 90092 36906 45122 118525 149880 39691 115104 75534 12249 33762 49057 104855 56752 123956 9471 59112 85262 104891 104615 42995 0 125830 104022 46983 88319 106749 106219 113686 138814 99296 78430 73892 66696 145272 129937 8254 93415 59197 128187 29934 41568 122668 107003 33352 44165 97963 96844 17551 121582 121235 117226 114171 103920
68361 17179 38303 23409 159953 75607 82116 111212 160255 69834 74187 125267 77077 62234 61923 45657 25845 136624 88404 27564 45103 159981 17518 117246 34204 51190 67295 165776 94120 55054 11780 54766 35320 47044 57064 62201 101414 73750 55031 161111 77556 144795 11626 89575 84038 17485 34659 76956 92451 28345 91642 21515 152865 90440 110424 55894 57653 102730 30064 70385 51405 149431 16216 101678 116590 75289 78456 36285 83266 19443 65812 112816 50937 40473 81524 130905 115592 120938 78543 53297 26382 72089 49244 49600 47773 95500 54797 93391 103331 77843 85111 27734 28925 46486 86776 64507 105475 40551 101008 67058 112263 80199 6040 94368 85176 61981 68034 75192 18272 67995 63107 55584 73708 81349 55599 95663 99120 81143 8894 70679 86145 21383 79130 113590 106763 79418 37593 70162 82668 122936 70259 40679 70910 62791 85595 125830 0 66177 81427 57932 52298 42333 49725 13606 40182 52360 58046 60583 19589 77181 119914 33985 68361 17518 153212 160255 61095 102730 97185 147136 30064 110904 109579 8346 78347 54889 35320 45419
53566 70660 52160 78471 149203 99093 34698 94559 124082 96972 92108 147058 43369 46232 116244 82433 82356 81704 80046 47491 32942 137352 53500 108796 49711 55801 85661 144900 93173 111851 60316 105784 88681 43186 22044 66208 52086 122875 80230 125596 77738 94211 55819 23552 125518 55734 59996 115383 71013 59932 129456 49921 100710 53013 51063 53013 115923 36580 65208 127020 15766 145421 77205 100175 82226 122893 109915 32042 88331 48646 13444 90957 39027 103659 89630 121439 143481 88726 63236 25205 52569 68651 65274 21366 68201 125865 66867 98673 76765 17972 75571 78946 58789 50841 87115 96337 135973 25626 89429 70771 75777 47145 69226 101147 36649 52150 60534 59541 78371 89454 40966 73130 45865 60015 56990 126444 97224 66111 58031 46556 73675 76567 103406 93566 104038 58807 83798 70716 24226 96784 50554 57203 4827 3408 63424 104022 66177 0 79675 20115 13943 23931 100810 71145 28990 39101 76314 68041 77013 26811 102138 63594 53566 53500 133858 124082 114693 36580 91065 141477 65208 141754 86862 69914 20027 17424 88681 21116
26169 67804 104219 68401 78989 33204 114123 31622 86642 36512 24649 69554 120156 33568 79679 46878 70367 89788 9165 91293 53320 79461 86917 35939 49794 32024 24435 84748 14204 81259 69807 69416 67196 42803 58149 19450 61449 75971 33673 86923 3946 89216 82051 93844 67929 89291 46768 57976 24495 53084 66613 63708 97810 43764 81307 30210 86153 98460 52172 90227 79875 70315 75605 21909 49937 73907 47091 81902 10300 82412 66814 36072 43848 89391 13538 49705 69501 50718 18914 93667 56506 11495 32317 63178 34527 56727 26729 19146 34175 71686 9498 63921 52523 38184 7448 41828 64922 73521 20520 14372 49704 39640 87462 21788 57467 28162 19354 21432 74567 28271 38710 27861 120803 25115 28078 57537 18986 17336 75088 120023 13075 68611 36068 35475 26664 24986 57875 11559 103441 47167 29746 41086 82508 78780 25134 46983 81427 79675 0 59933 76532 72131 67490 94870 63602 43067 26911 20850 101013 106246 39859 47791 26169 86917 72148 86642 77680 98460 15760 67311 52172 70074 34327 76218 99547 87376 67196 70927
34052 57794 56840 64841 132042 79216 54200 77391 113281 77365 72079 126944 60857 26370 100107 64576 68703 79689 60982 47702 15497 122591 50036 90550 33138 36059 65738 129823 73665 96545 49276 89241 73643 23936 1967 46104 45504 105395 60992 114581 57829 89574 49849 39612 106762 52673 42870 96451 53890 44231 110215 37940 97115 39929 52492 32942 100938 49723 49102 111215 22230 127129 65482 80861 69610 105130 90397 32446 68348 44465 9764 74845 19254 91132 69560 103615 123463 75588 44411 36532 38024 48750 45964 8961 49173 106068 47100 78807 61311 21160 56495 64287 42984 31582 67381 77168 116105 22481 71154 50660 63706 31613 62358 81231 28582 32126 40657 40542 66221 69624 21436 53510 62216 42150 36972 106667 77890 47406 49078 62040 54937 63208 83512 77105 84932 40690 67540 50669 44324 82019 31565 38905 23730 18873 46002 88319 57932 20115 59933 0 18430 20167 84501 66343 17899 19162 56625 47993 72878 46332 85441 46638 34052 50036 118235 113281 98426 49723 72057 123374 49102 121868 70809 59440 40137 29050 73643 17065
51399 57639 40753 65623 150296 91723 39521 95709 130790 88851 85488 141252 43648 43314 104252 72042 69477 92768 78492 34297 24656 140987 39689 108479 39151 48838 78619 148241 90565 99446 46922 94110 76316 35862 19656 60674 60724 111773 71598 132164 74024 104235 41876 37286 115713 41989 49453 105885 72262 48402 120353 37015 111234 57771 63026 47478 103347 50515 53790 114790 3825 144955 63797 97983 87528 112034 101474 18505 84160 34742 18943 93273 33083 90298 84876 121700 136438 93658 62247 18106 40640 65094 57082 13409 59473 118023 59645 94934 79717 28938 74029 66512 47355 43078 83924 87374 128309 11804 89133 65726 81439 49936 55284 97187 44068 48371 57204 58298 65061 82029 39079 65389 44385 60421 50975 118539 95003 65290 44275 43920 72743 63642 96052 95516 102263 58895 72156 66389 33563 100387 49451 47863 18619 10536 64351 106749 52298 13943 76532 18430 0 10375 89027 57288 17367 33648 68684 61917 63245 32118 103822 52812 51399 39689 136665 130790 102789 50515 89547 141304 53790 134126 89239 56302 28975 10899 76316 8250
48476 47278 36872 55285 148212 84173 48007 94141 133123 80840 78496 134427 49796 40251 94124 62766 59131 99019 75214 27634 18813 140858 31119 105680 30208 42327 71420 147846 86324 89191 36559 84118 66095 29721 20447 54875 65473 101998 63418 134374 69255 109492 32388 47458 106576 33621 40310 96950 71196 38662 111591 26703 116878 59739 70372 42133 93047 60414 44068 104577 10989 141769 53441 93946 89202 102371 93181 12317 78891 25793 25046 92606 28364 79938 79183 119199 128848 94962 59794 22047 30753 60644 49428 11587 51396 110015 52633 89831 79757 36567 70853 56282 37682 36171 79360 78846 120367 2336 86595 60162 83489 50795 45679 91905 48530 44351 53162 55789 54691 74533 37131 57898 49446 59072 45115 110489 90982 62871 34103 48245 70046 53292 88478 94543 98476 57363 62228 61337 43563 100591 47431 39590 28720 20587 63260 106219 42333 23931 72131 20167 10375 0 78998 48350 8946 29294 61217 55653 54585 41064 102546 43473 48476 31119 135938 133123 92694 60414 86109 138350 44068 126185 88680 46015 38984 17690 66095 3393
72066 34429 87825 26626 134771 42396 125898 98425 154097 35947 46839 82808 123795 71228 15615 22661 23881 149459 76626 75984 69089 143383 66322 96871 51481 54385 43603 147248 74328 14009 45916 5228 14453 61977 82770 55515 115356 24174 34355 154329 63989 152643 59606 123464 35309 66887 41663 30623 89009 40878 43882 52723 161306 99126 130945 60474 18971 134224 35643 26862 89956 120744 33726 79924 115836 25565 37084 79269 62838 66125 94245 103544 67462 26232 59308 108671 70686 117636 76647 97187 48406 64629 44295 79683 40269 51393 47557 68865 100105 105297 75660 23550 42031 55392 68738 28816 60111 78346 87226 56952 114078 90001 53149 68320 103096 66648 66441 75354 31612 40818 75686 42299 121251 82485 56977 51275 78437 77739 51738 118596 78500 28795 43742 102752 84554 80971 17033 60635 122539 114638 76271 46584 105509 97927 85422 113686 49725 100810 67490 84501 89027 78998 0 59949 71989 68336 41707 52210 62595 119585 105948 37878 72066 66322 134989 154097 13933 134224 80418 119857 35643 64890 101768 41450 117954 95903 14453 80785
80714 30118 32264 35002 173505 88848 81321 124348 172416 82945 87686 138024 73976 74134 70387 58679 36567 145940 101679 25827 55261 173124 17683 130737 46752 64210 80842 179027 107673 62888 25064 64703 46008 58884 65789 75564 111157 83348 68522 173340 91018 154991 16522 93807 95020 15688 48129 88652 105019 41837 103060 33154 162858 101443 118418 68599 64639 107497 43669 77533 55544 163037 26607 115250 128491 85227 91005 39305 96861 22601 73139 125670 62234 45304 95131 144420 127889 133100 91220 53847 39109 85324 62772 57539 61370 107828 68306 106997 115710 84882 98283 39822 42350 59177 100316 77364 117625 46221 114283 80498 123881 91308 7803 107968 94518 74442 80928 87741 28696 81441 74410 69189 69814 93643 68608 107942 112676 93908 20336 66418 99177 33247 92268 126565 120333 91710 49813 83536 84305 135610 82262 53944 75633 67746 97944 138814 13606 71145 94870 66343 57288 48350 59949 0 48495 63663 71648 74045 6719 77508 133069 47575 80714 17683 166482 172416 69862 107497 110630 160735 43669 122931 122338 20740 80298 57324 46008 51695
40735 41946 42906 49600 140395 75291 56462 86711 127946 72059 69555 125485 58728 32593 87346 54676 53493 97453 67082 31822 10496 134053 32602 97640 21810 33413 62489 140874 77806 82864 32289 77021 59693 20943 17296 46040 62860 94495 54676 129104 60626 106868 31982 52238 98375 35286 32092 88600 64187 31186 103139 21298 114582 54924 70320 33466 86938 64302 36545 98059 19182 133515 48982 85476 83794 94709 84501 18768 70115 26991 25736 85671 20178 75212 70328 111253 119987 89250 52149 30987 23622 52146 40537 9438 42606 101247 43688 81076 73334 37804 62787 49958 30100 27233 70761 70258 111584 9966 78731 51362 78403 45364 44478 83110 46090 36152 44861 48161 49966 65637 30224 48991 58380 52036 36300 101733 82524 55213 31393 57126 62198 47749 79602 87427 90078 50245 55031 52655 50861 94130 40200 30844 33773 25984 56322 99296 40182 28990 63602 17899 17367 8946 71989 48495 0 21264 52309 46746 55069 49283 95231 35447 40735 32602 128811 127946 85828 64302 77870 130188 36545 117402 81829 42315 46278 26362 59693 9253
19499 46774 63861 52405 119135 60057 72310 65529 109083 58254 53010 108222 77282 11470 83888 47095 56033 85828 45931 52005 10778 113223 50526 76439 19873 16950 46589 119909 57208 81222 41437 72754 59156 6540 17196 27314 50406 87834 42151 110098 40420 92806 47784 58257 88126 53198 27285 77714 43383 30684 91255 30864 101044 38091 63286 14033 85875 67145 34512 95196 36873 112475 55269 64763 64975 87316 71314 40025 50514 45143 28324 64833 1430 78874 51311 90018 104380 69893 30925 50603 27178 31579 27170 20239 30640 86907 27955 61293 53140 37812 41590 50635 29424 13221 50400 58314 96947 30886 57472 32185 60224 27840 57861 63540 35712 15067 23907 26953 55460 50462 10767 34424 77762 31317 17900 87506 61790 33979 43789 76957 40935 51197 64357 66435 69229 29453 51834 32741 63317 73743 19438 21753 42882 37446 35666 78430 52360 39101 43067 19162 33648 29294 68336 63663 21264 0 37499 28966 70375 64554 74098 31013 19499 50526 107755 109083 82095 67145 56815 109068 34512 102714 61086 51165 59031 44405 59156 27885
32784 42693 86825 42109 102551 23041 108194 58528 113207 20758 17687 73391 111005 34822 55308 20077 43765 109156 35744 73436 44128 105901 67014 60725 32311 20566 10398 110800 37170 55698 47136 44394 40288 33207 54659 14713 76416 54746 7394 113571 23096 111332 61168 95606 51706 69028 24938 41122 47303 30628 53978 44163 120007 59229 93994 24621 60655 103639 27984 66420 71193 91433 49837 44332 74129 53445 33842 67924 25698 63483 65785 62715 37379 62512 23556 73992 67762 76045 35270 83135 36540 22954 11819 55894 10919 49569 9569 35383 58414 74479 34232 37399 30532 25677 30226 21693 59749 61842 47383 15257 72461 51158 63932 36326 66744 28890 25871 34487 48583 13350 40366 3320 110386 41436 20374 50137 42027 36135 53227 108834 36898 42570 27368 62323 49413 40098 30964 18928 100405 73770 37387 22196 80282 74357 44022 73892 58046 76314 26911 56625 68684 61217 41707 71648 52309 37499 0 11384 77300 100679 66676 24351 32784 67014 98229 113207 53314 103639 41686 89267 27984 65552 60596 51718 96007 78579 40288 61268
21443 47176 84980 48418 99597 31561 101093 51552 104581 30860 24090 79382 105172 24213 66307 29802 50743 97897 28382 71794 37356 100003 66710 56697 29827 13336 18065 105479 33907 66211 48987 55253 48917 26120 46038 3362 65033 66128 18506 105085 16974 100455 61564 86081 62670 68997 25926 52075 37289 32238 64315 43407 109123 47871 82722 15061 71172 93413 31453 77512 64804 90071 55187 41636 64080 64821 43901 63982 24143 62472 56654 54594 29181 71197 23753 70409 75473 66531 24444 77684 36011 13082 11544 48661 14273 58485 6002 35071 48614 64517 25809 44259 31696 19612 26494 32828 68327 56652 40841 6507 61952 39797 66616 36812 55643 18030 14534 23286 54282 22303 29921 9941 105089 30345 11071 59133 38917 25698 54380 103872 27828 48416 35780 54690 46654 28916 39643 9944 92266 65450 26071 20490 71704 66409 33215 66696 60583 68041 20850 47993 61917 55653 52210 74045 46746 28966 11384 0 80167 93396 60089 27005 21443 66710 92884 104581 64325 93413 36604 87376 31453 74046 52022 55426 87996 72332 48917 55137
87333 35091 34827 38976 179463 93705 85293 130731 179083 87654 92965 142234 77040 80812 71861 63393 39992 152522 107973 30619 61966 179508 23570 136814 53304 70633 86248 185343 113640 64108 31305 67113 49169 65560 72364 81786 117800 85372 73820 179997 97138 161664 23151 99389 97880 21279 54245 92064 111603 47929 106202 39811 169511 108161 124812 75133 65370 113183 49404 78189 61316 168733 30307 121165 135181 87451 95113 45013 102693 28794 79490 132176 68946 45353 100840 150457 131675 139762 97772 58597 45602 91643 68802 64035 67219 111688 74365 112683 122335 91151 104642 43991 48514 65708 106311 81817 121304 52410 120578 86645 130590 98027 13552 113565 101130 81038 87409 94324 32291 86626 81125 74952 72556 100277 75038 111758 118632 100436 26929 69024 105608 37433 96986 133026 126254 98344 53918 89749 89140 142173 88932 60234 81419 73629 104570 145272 19589 77013 101013 72878 63245 54585 62595 6719 55069 70375 77300 80167 0 81933 139443 53470 87333 23570 172784 179083 71516 113183 116770 166522 49404 126495 128874 25743 85261 62621 49169 57952
80232 86525 49221 94729 175600 123702 7895 121074 146833 120947 117237 172756 19445 72696 134415 103813 98432 98325 106841 51689 56553 162604 60813 135550 71076 80573 110489 170299 119873 128972 75068 124760 106182 67616 48159 91867 74301 142901 103715 148485 104157 112652 65605 28427 147598 62160 81297 137879 97601 79680 152415 66867 117955 78503 67153 78586 132501 40899 85084 144503 30161 172164 91286 126937 106806 143357 133592 41290 114639 57753 40195 117119 64232 117372 115728 148091 168381 113486 90042 23929 71715 95081 89150 44847 91588 150106 91513 125138 102775 40946 102362 96410 78725 75013 113693 119476 160373 41383 116203 96680 100188 73554 78290 127552 60999 78421 86989 86331 92879 114005 67599 97400 23981 86778 82343 150629 123980 92921 70796 26347 100486 92614 128032 119847 130836 85598 103031 96911 9904 122305 77334 79973 25097 27466 90108 129937 77181 26811 106246 46332 32118 41064 119585 77508 49283 64554 100679 93396 81933 0 128471 84522 80232 60813 159595 146833 133084 40899 117868 168182 85084 166187 113025 83108 9588 23686 106182 40031
54634 107258 137956 108216 47140 66349 136192 8737 49807 71694 59670 78014 145390 62661 116646 86437 110225 75055 31715 125877 84832 40067 123128 16214 86616 68878 62376 46115 31956 119297 108149 107198 106875 76469 84168 57975 62267 110332 73139 49628 43775 67615 119054 108523 98622 125676 85528 90305 31560 91811 94280 100637 75032 50753 81545 64965 124057 107962 91512 126402 107578 46296 115252 28349 30951 107731 78518 113973 43134 118122 88767 11771 75314 128946 46787 21861 85192 26085 43231 121916 94026 47853 71619 91680 74181 81031 66088 39432 26159 88367 34803 103775 91095 74232 37235 78252 85466 104421 19347 53633 36142 54994 125943 41218 68931 60031 52419 47162 114288 65230 65427 67720 147334 43534 64495 81894 28699 40225 112868 147385 34023 108365 67337 8670 25570 45195 97593 50173 123012 14799 55126 79241 103374 102470 39485 8254 119914 102138 39859 85441 103822 102546 105948 133069 95231 74098 66676 60089 139443 128471 0 87011 54634 123128 33742 49807 114694 107962 25531 41704 91512 88902 15716 115338 120049 114484 106875 100432
39695 20332 63437 23119 125994 44468 91454 78412 130063 39735 41370 95462 91853 36246 53491 19294 26263 115386 55301 50069 31284 126982 42955 83413 13884 20617 34181 132483 60171 50320 22812 42606 28183 24503 44895 29056 80287 59280 22814 130715 43872 120709 36917 85810 63113 44855 3796 53618 61859 6441 68403 20951 129214 65652 94259 26642 54913 96357 4604 64661 54370 115507 28663 67701 87767 59349 50971 47133 49286 39842 56391 80910 29998 48755 47633 97013 87846 91183 47938 64042 13773 39331 15477 42260 13800 68229 21064 59508 73172 67432 52411 20230 6696 18961 52855 36342 78611 43366 67821 33511 84481 55707 39965 60601 66552 33348 36915 45260 28045 35699 39663 21688 90407 52180 24651 68601 65163 50096 28882 88396 53950 22554 48484 81286 72789 50346 21006 36852 86279 91510 42978 10023 68187 60897 56039 93415 33985 63594 47791 46638 52812 43473 37878 47575 35447 31013 24351 27005 53470 84522 87011 0 39695 42955 119888 130063 51793 96357 63498 113164 4604 84371 78025 28428 81702 61093 28183 44631
0 59121 83328 62813 99745 51487 88122 46040 91901 51813 43126 94945 94754 8228 86794 49411 65902 77394 27092 71291 30269 93973 69080 57283 34158 19101 38493 100545 39643 85910 56746 75590 66370 22207 32352 18221 43740 87454 39654 92750 24601 81377 65609 68149 83956 71697 36821 73374 24446 42324 85099 47586 89963 27060 61305 13102 90827 73870 44169 98117 54938 93612 67747 46811 48534 86220 64628 59503 35358 63884 40645 45672 20686 88032 37271 70736 93314 52599 11427 69091 41997 15692 27877 38346 31865 77975 24727 45278 35003 46025 22632 59690 41274 22087 33587 54246 87296 50200 38121 20380 44864 18384 74211 47847 34531 6479 7987 7473 67412 42958 12638 30872 95776 12992 15445 78693 43838 14481 60405 95278 21575 62174 55437 47100 50935 11065 57608 18784 77272 55074 4663 29881 56340 52796 17242 59197 68361 53566 26169 34052 51399 48476 72066 80714 40735 19499 32784 21443 87333 80232 54634 39695 0 69080 88329 91901 84845 73870 38152 90050 44169 92832 42060 65486 73392 62298 66370 46719
69080 32191 21698 39696 165863 87182 65255 114407 159496 82005 84307 137913 59612 61712 79162 58707 42638 129690 92623 10047 40883 162892 0 122728 37126 55001 77081 169238 100555 72460 21742 71467 51876 46881 49719 67520 95402 90483 65673 160552 83277 139443 6780 76129 99715 2703 42092 91904 93497 36528 106802 23305 147099 87129 101470 58209 75151 89815 40300 87851 37867 156781 33484 108315 115318 91823 91992 21624 90644 5611 56127 114727 49140 57802 89579 136529 129297 120391 80195 36915 30808 76371 56417 41092 56128 109293 61555 101350 103610 67669 88807 43301 36506 49136 93147 77539 119508 28905 105070 72827 110260 77264 17507 102740 78555 63226 70762 76439 35457 78635 60961 64079 56190 81630 59192 109544 105549 83088 15202 53168 89140 37535 91054 116006 113298 79725 52575 75358 67097 124069 69850 46280 57963 50107 85988 128187 17518 53500 86917 50036 39689 31119 66322 17683 32602 50526 67014 66710 23570 60813 123128 42955 69080 0 156847 159496 78248 89815 102459 154049 40300 125104 111140 25172 62979 39794 51876 34504
88329 139951 171612 140281 22858 93210 167137 42445 39914 99326 88178 87264 177225 96296 143875 117289 141988 89819 64811 159601 118458 9245 156847 38139 120219 102397 92340 12600 61353 147607 141481 135475 137751 110210 117081 91040 88716 135396 104077 38388 76089 77334 152697 137449 121393 159386 118649 114781 64742 124962 115173 134260 82149 81092 105498 98656 152130 134702 124304 152619 140460 34478 147696 55110 54315 132454 103245 147516 73085 151858 120698 43413 108989 159349 76178 27262 98615 47539 76946 154765 127539 81158 104414 124891 106661 100909 98833 66137 57157 118812 68258 135627 124308 107874 68014 106340 102277 137866 52205 86377 60945 87032 159250 66873 98828 93773 86102 80857 146597 94402 98818 99701 179527 76873 98041 101708 56826 73955 146366 179804 67710 140611 93042 41402 50437 78611 128652 83110 153344 37359 88626 112553 134606 134508 72681 29934 153212 133858 72148 118235 136665 135938 134989 166482 128811 107755 98229 92884 172784 159595 33742 119888 88329 156847 0 39914 142016 134702 56629 30317 124304 104091 47428 148310 150768 147158 137751 133708
91901 150236 169994 152692 62207 115907 153599 56101 0 120981 108807 122873 165890 98293 165677 133284 155233 59161 77561 159758 118684 33751 159496 63860 126056 109935 110646 40273 81405 167773 148645 155808 153278 113535 112734 101796 72572 159990 120229 2067 90255 43913 156833 120793 148418 162186 127779 140082 68240 133705 143878 139271 46144 73391 83393 104609 172629 114337 134667 175736 134561 74117 158709 78143 44194 157445 128302 145415 91982 154018 112446 50570 110494 175582 95817 59851 132320 39325 82226 148069 133898 91510 115538 121536 118784 130357 110403 89224 57047 106707 79063 148762 132753 113908 85792 127284 133956 135351 67112 98625 49636 82588 166079 91021 87489 98314 93184 85264 158095 113940 98538 113559 169318 78909 105636 131213 78467 79969 152186 170420 76760 152452 117075 51423 75052 80839 143939 94889 138866 39477 90155 120940 123387 125694 74690 41568 160255 124082 86642 113281 130790 133123 154097 172416 127946 109083 113207 104581 179083 146833 49807 130063 91901 159496 39914 0 163700 114337 74486 69695 134667 136831 52648 157204 137348 140030 153278 130237
84845 47113 99397 38988 139716 48876 139258 107652 163700 43068 55027 81341 136632 84519 2005 35662 35694 162109 86837 88122 83020 150705 78248 104221 65414 67711 53271 153988 82749 8454 58730 9375 27013 75783 96688 67679 128407 14382 45938 163800 74450 164645 71665 137391 30210 78539 55573 29980 100324 54772 39624 66243 173320 111854 144418 73700 11045 148148 49563 13287 103623 124766 44881 87531 126997 17123 39838 92456 71745 78575 108172 113392 81254 28831 67967 115129 67875 128328 88578 110409 62218 76191 57369 93598 53345 50399 60141 76208 111171 119191 86373 36697 55935 69063 77909 36456 57422 91970 96588 68489 125673 102993 63729 75205 116580 79686 78785 87610 42846 49773 89150 54399 133860 94659 70040 50053 86416 89409 64191 131078 89436 41178 49050 112289 91827 93240 30958 72056 136255 124432 89175 60349 119403 111788 97335 122668 61095 114693 77680 98426 102789 92694 13933 69862 85828 82095 53314 64325 71516 133084 114694 51793 84845 78248 142016 163700 0 148148 89338 124400 49563 61346 111955 53085 131674 109426 27013 94558
73870 106226 85283 113741 153842 124819 44921 102369 114337 124167 116754 168010 59540 69217 149830 113994 117634 60087 95501 83040 65168 135777 89815 119026 82819 83650 111427 143782 109710 146168 96398 138953 123153 72959 51467 90741 46138 154832 109024 116196 97837 75500 92381 14059 155056 91940 92584 144554 81360 93802 157581 85595 79597 58485 30953 79018 150490 0 98775 160925 51959 154126 113218 115299 80424 154413 137262 68206 108468 85119 39989 96205 67705 139513 110837 129492 167151 87171 79661 56920 87137 89372 94200 55374 97770 151608 94152 117226 82109 29337 91489 113638 92573 80323 105356 125066 161103 62187 101154 94014 73866 59091 105795 120009 41411 75480 81846 77070 114254 115715 63492 100832 64636 74083 83264 152297 112621 81750 94487 67215 88525 111956 128925 99483 117971 73770 117257 92655 31014 98070 69502 88321 31928 39981 75743 107003 102730 36580 98460 49723 50515 60414 134224 107497 64302 67145 103639 93413 113183 40899 107962 96357 73870 89815 134702 114337 148148 0 105401 149620 98775 166676 92394 106198 32387 51043 123153 57429
38152 83404 119288 83666 63408 41527 125760 18390 74486 46496 34344 65068 132870 46256 91303 61148 85442 87110 11076 106519 67423 64215 102459 20270 65344 47464 36851 69222 7366 93796 85566 81714 81631 57446 70420 35152 63884 85636 47849 74514 19638 83770 97708 102636 75087 104866 62527 66097 24618 68841 71884 79321 92059 47520 84296 44981 98574 105401 67839 101256 93064 55662 91077 9932 43587 83187 54434 96446 17631 97851 77779 25155 57768 103585 21372 34070 68365 42331 27830 107153 72191 26209 48036 76421 50094 59805 42451 16509 29580 80784 15562 79051 68283 53476 11730 52883 66136 87661 7957 30132 45447 46721 103219 19093 64022 41763 33011 31562 89968 39732 50646 43074 133927 31892 43349 60668 7507 25007 90823 133398 17499 83982 43054 23370 13003 32699 72406 27196 114120 35733 40570 56815 93372 90590 29686 33352 97185 91065 15760 72057 89547 86109 80418 110630 77870 56815 41686 36604 116770 117868 25531 63498 38152 102459 56629 74486 89338 105401 0 52334 67839 70527 25028 91913 110509 100446 81631 84603
90050 131916 171496 130493 15646 77600 176013 47632 69695 84162 75097 59171 184164 98256 126091 105836 131431 113282 63137 158603 119725 38680 154049 32830 116987 99323 80989 36888 53494 131060 135875 119276 125509 109762 121862 86562 103964 115545 93517 68318 70826 102889 148929 149712 99953 156363 112875 95196 70672 119061 92474 130761 108839 91907 123060 97253 135147 149620 117123 133446 144912 4851 138692 45741 71577 112370 84566 148781 63881 149661 128035 53428 110055 145626 65711 20264 71939 65662 79058 159124 123386 78408 98172 128388 99366 78169 92767 53932 67578 128971 67506 125483 118692 105493 60903 91275 77352 139945 52220 81225 77368 94838 153086 53352 110032 94049 85338 83010 137250 81683 102226 91573 185564 81496 95378 78873 48503 76021 141577 185224 68567 131273 76147 50138 40753 82800 117093 78834 163402 53635 91876 107863 143210 141401 78073 44165 147136 141477 67311 123374 141304 138350 119857 160735 130188 109068 89267 87376 166522 168182 41704 113164 90050 154049 30317 69695 124400 149620 52334 0 117123 78124 57231 140984 160177 152180 125509 136738
44169 15768 61272 18682 130113 46889 91810 82931 134667 41749 44480 97652 91465 40443 51173 19491 21968 119466 59798 48007 33615 131455 40300 87666 15964 25131 37426 136903 64334 47454 19347 40579 24775 27972 47439 33590 84266 57984 25507 135319 48240 125024 33995 87830 63051 42025 7513 53956 66459 5406 68874 19610 133507 69912 97788 31085 51906 98775 0 62169 55051 119377 24060 71799 92329 58304 52305 46515 53292 37657 58793 85494 33406 44648 51469 101218 89468 95775 52532 63871 13397 43890 19908 44040 17861 69641 25478 63330 77768 70110 56960 16182 6445 23051 57061 37684 79977 43718 72292 37949 88993 59897 35973 64309 70199 37786 41512 49826 23448 38537 43606 25550 89736 56721 29217 69962 69309 54699 25700 87564 58532 18014 50756 85848 76892 54878 18611 41340 87352 96106 47355 14338 69886 62374 60604 97963 30064 65208 52172 49102 53790 44068 35643 43669 36545 34512 27984 31453 49404 85084 91512 4604 44169 40300 124304 134667 49563 98775 67839 117123 0 85684 82621 24092 82765 61481 24775 45546
92832 93815 146597 87940 93528 42661 173645 85862 136831 45346 50086 21944 175704 97788 62270 66489 86524 157569 76137 133514 109659 113329 125104 73326 96226 85962 56133 113791 63548 69717 103363 61352 77363 98750 119903 76341 131475 47948 62779 136178 69699 153998 118429 160053 31146 126407 86775 34481 93104 90476 21723 105159 162112 113835 151378 89068 71995 166676 85684 65003 136489 76571 96376 62454 113941 44728 33409 131406 59790 123131 130693 94076 102729 89385 56706 77969 7150 111900 88683 147756 98143 77546 77044 121443 74798 16189 74902 54294 100017 138274 78871 83248 91001 91225 64573 48053 5819 126561 78142 72693 115960 109150 115494 51542 126752 91477 84847 90463 94321 52308 103555 68809 174594 95112 84940 15774 63612 87388 109924 172699 82433 89766 38357 91359 63719 94799 73318 74065 165906 102964 97283 86595 145595 139877 95146 96844 110904 141754 70074 121868 134126 126185 64890 122931 117402 102714 65552 74046 126495 166187 88902 84371 92832 125104 104091 136831 61346 166676 70527 78124 85684 0 94960 102695 161532 143764 77363 126524
42060 98332 124731 100327 62723 65694 120708 10788 52648 70023 57815 87200 130197 49643 113951 80667 102752 63762 25164 113089 71626 52226 111140 28018 75586 58486 58684 59172 32386 115574 97820 103743 100631 64264 69654 49339 46989 109549 67685 53088 37782 59038 107575 92806 99836 113756 76017 90549 17704 82132 96888 89374 67203 35052 66689 53742 120474 92394 82621 124381 93032 61735 106670 32545 19132 107273 79037 100423 41058 105930 73565 4096 62389 122935 45016 37115 92261 17310 31130 107341 83278 38995 63155 77529 66272 84793 57905 41493 10443 72740 26415 96271 81273 63167 34769 75843 90807 90657 17089 45990 22559 39778 115541 43977 53226 48046 41582 34742 105939 62306 51654 60911 132311 29812 54092 85658 31397 28441 102005 132493 24210 100192 67641 7100 32178 31644 91291 42261 107401 13486 41695 69341 87934 87336 25508 17551 109579 86862 34327 70809 89239 88680 101768 122338 81829 61086 60596 52022 128874 113025 15716 78025 42060 111140 47428 52648 111955 92394 25028 57231 82621 94960 0 105783 104503 99758 100631 86369
65486 9396 46426 15063 154138 68135 88454 106700 157204 62206 67223 117359 84242 60088 53990 37938 17592 136629 83655 35108 45383 155352 25172 111758 31776 47356 60518 160904 88402 47357 10178 46523 27019 45286 58332 57368 101225 65528 48077 157967 72296 143968 18685 93462 75693 25501 29856 68665 89045 23657 83321 21547 152204 89072 111644 52605 50235 106198 24092 62818 55909 143114 8398 95827 114008 67015 70422 41837 77265 26032 68001 108843 49783 34341 75274 125297 107466 117995 75051 59440 24056 67530 43906 51694 41940 87379 49492 87084 100157 80064 80624 19459 24517 43399 81146 56652 97298 44516 96207 61934 110052 78805 12995 87901 85486 59016 64245 71940 10301 60894 61704 49501 81122 78437 51722 87524 93367 77480 12339 78208 81950 13047 71531 109394 100920 76525 29382 65235 87965 119233 67866 36442 74721 66595 82570 121582 8346 69914 76218 59440 56302 46015 41450 20740 42315 51165 51718 55426 25743 83108 115338 28428 65486 25172 148310 157204 53085 106198 91913 140984 24092 102695 105783 0 83537 60181 27019 48826
73392 85943 54384 94055 167186 118892 16443 112842 137348 116564 112034 167081 29016 66201 133109 100865 97860 88843 99559 54648 52130 153582 62979 127700 67938 75582 105508 161322 112902 128113 74800 123055 105056 62803 42060 86212 64862 140746 99606 139012 97693 103093 67016 19218 144384 64659 78273 134416 89508 77377 148703 65609 108459 69737 57629 72993 131888 32387 82765 143534 28118 164246 91455 119779 97661 140986 129416 42069 108315 59223 32801 108588 58891 117862 109650 140009 163382 104375 82707 26755 69600 88608 84764 40306 87503 145576 86633 118596 94178 31958 95107 95242 76328 70394 106976 115608 155739 39832 108441 90797 91017 65355 80164 121094 51988 72161 80490 79117 92895 109226 60852 92785 33371 79045 76931 146137 116845 85503 71221 35485 93039 92011 123214 111398 123509 77974 101118 90729 4588 113431 70187 76185 17138 21656 82183 121235 78347 20027 99547 40137 28975 38984 117954 80298 46278 59031 96007 87996 85261 9588 120049 81702 73392 62979 150768 137348 131674 32387 110509 160177 82765 161532 104503 83537 0 23459 105056 37224
62298 63042 35007 71223 161071 101596 30364 106438 140030 98421 95648 151525 32909 54211 110773 80380 74968 99123 89391 32140 34976 151294 39794 119352 47898 59126 88671 158626 101432 105434 51700 101075 82560 46213 30408 71230 68809 119228 81031 141467 84819 111484 43583 37046 124206 41636 57982 114625 82937 56085 129280 43192 118081 67556 68455 58112 109050 51043 61481 120941 7550 155844 68191 108867 97250 119713 110833 18616 94878 35819 27588 103811 43775 94521 95497 132541 146310 103521 73122 8059 48092 75921 66848 24200 68968 127608 69755 105692 90094 35215 84927 72773 55158 53180 94754 96527 137945 17767 99994 76353 91013 60219 56796 107913 52674 59220 68064 69180 69694 91924 49956 75265 33488 71177 61487 128094 105887 76160 47847 33054 83625 69131 105914 106124 113158 69682 79350 77127 27811 110652 60312 57196 20559 14850 75051 117226 54889 17424 87376 29050 10899 17690 95903 57324 26362 44405 78579 72332 62621 23686 114484 61093 62298 39794 147158 140030 109426 51043 100446 152180 61481 143764 99758 60181 23459 0 82560 17317
66370 20157 73372 12193 139854 48445 112279 98803 153278 41903 50541 93845 109680 64005 28255 20491 9527 143163 75998 61572 58153 145711 51876 99764 40597 47537 45484 150239 76401 23171 31749 19594 0 52625 72039 51936 108269 38607 33782 153702 63381 147744 45171 111766 49027 52435 31874 42904 86158 29414 57094 39462 156333 93070 122431 53766 27341 123153 24775 38482 76948 126900 19494 82885 112854 40005 46861 65447 64668 51791 83251 102909 58098 22308 61643 112421 82691 115447 72846 83402 36164 61967 38861 67966 35128 62839 43369 72493 97511 94741 74218 9815 30667 47016 69959 35124 72246 65249 87635 54669 110309 83369 38966 72510 94735 60356 62007 70869 17379 43992 67749 39721 107011 78020 50925 62854 80967 74451 37390 104301 76587 14374 50873 102598 87806 76322 9344 58415 109624 113924 70130 37974 93454 85656 81458 114171 35320 88681 67196 73643 76316 66095 14453 46008 59693 59156 40288 48917 49169 106182 106875 28183 66370 51876 137751 153278 27013 123153 81631 125509 24775 77363 100631 27019 105056 82560 0 68141
46719 49667 39794 57579 146349 84292 47235 92096 130237 81194 78341 134234 50039 38496 96030 63888 61448 95652 73641 30932 17853 138485 34504 103998 31057 41878 71354 145540 85086 91287 39201 85865 68141 29035 17503 54161 62205 103530 63848 131511 68177 106199 35659 44666 107614 37011 41319 97852 68985 40155 112389 28963 113555 56847 66981 41191 95231 57429 45546 106603 9970 140230 56091 92648 86408 103805 93697 15405 78015 29159 21654 90327 27081 82556 78473 117440 129011 92245 57935 22765 32393 59432 49553 8875 51752 110383 52447 88907 77293 33199 69240 58345 39114 35879 78225 79489 120705 5688 84814 59367 80619 48088 48901 91050 45268 42932 51786 53935 57274 74615 35025 57956 50083 56905 44395 110880 89675 61011 37064 49125 68284 55629 88612 92343 97098 55240 63907 60347 41812 98114 45404 40034 25938 17850 61038 103920 45419 21116 70927 17065 8250 3393 80785 51695 9253 27885 61268 55137 57952 40031 100432 44631 46719 34504 133708 130237 94558 57429 84603 136738 45546 126524 86369 48826 37224 17317 68141 0
