StringID  Type  x          y          demand  ReadyTime  DueDate  ServiceTime
D0        d     24928.56    4269.81     0.0     0.0        32400.0  0.0
C1        c     -37548.42   -15205.59   695.0   947.0      22174.0  1390.0
C2        c     60501.51    -52683.50   460.0   4940.0     24880.0  920.0
C3        c     34400.22    8046.57     543.0   4785.0     24805.0  1086.0
C4        c     29831.41    20094.91    437.0   1617.0     21798.0  874.0
C5        c     -250.12     30853.00    641.0   2093.0     22279.0  1282.0
C6        c     -70875.45   -23877.43   180.0   3700.0     22573.0  360.0
C7        c     -71307.16   5046.76     496.0   3137.0     23140.0  992.0
C8        c     26742.56    34941.59    775.0   4095.0     24332.0  1550.0
C9        c     -54564.84   412.62      498.0   4117.0     24588.0  996.0
C10       c     -36089.71   10082.24    260.0   1403.0     21414.0  520.0
C11       c     -42463.29   2460.93     435.0   4870.0     24778.0  870.0
C12       c     54084.95    -16671.22   194.0   4370.0     24488.0  388.0
C13       c     29274.49    9705.74     767.0   4063.0     25512.0  1534.0
C14       c     11375.97    5953.13     251.0   673.0      19308.0  502.0
C15       c     21262.78    56411.92    210.0   3884.0     24282.0  420.0
C16       c     -59839.67   -1754.31    327.0   3316.0     23800.0  654.0
C17       c     -31903.61   17950.80    172.0   2042.0     22353.0  344.0
C18       c     35189.06    19950.60    103.0   5117.0     24785.0  206.0
C19       c     -55952.91   42257.96    130.0   725.0      20317.0  260.0
C20       c     -39333.18   52487.47    605.0   637.0      21134.0  1210.0
C21       c     94032.80    65878.20    208.0   3822.0     22596.0  416.0
C22       c     67212.12    -27979.33   737.0   1949.0     23103.0  1474.0
C23       c     -17838.07   54591.62    527.0   2296.0     22446.0  1054.0
C24       c     -21952.62   -2958.19    145.0   2729.0     21788.0  290.0
C25       c     -50587.69   -2690.52    348.0   1270.0     20771.0  696.0
C26       c     50221.76    13345.21    608.0   2619.0     22156.0  1216.0
C27       c     32082.04    5932.38     519.0   3281.0     23282.0  1038.0
C28       c     62617.16    -63111.08   496.0   5307.0     24931.0  992.0
C29       c     -39162.32   41186.74    461.0   3667.0     24146.0  922.0
C30       c     69221.78    -64860.85   345.0   4655.0     24891.0  690.0
C31       c     69080.06    -61096.23   282.0   3533.0     24065.0  564.0
C32       c     13229.04    25232.36    252.0   3402.0     21975.0  504.0
C33       c     -39572.23   2240.22     193.0   3802.0     22353.0  386.0
C34       c     -3610.73    21509.49    661.0   4117.0     25334.0  1322.0
C35       c     -32741.54   -60379.31   420.0   3317.0     23074.0  840.0
C36       c     33165.30    -54921.07   125.0   847.0      19585.0  250.0
C37       c     -7145.46    -34846.57   586.0   1856.0     21797.0  1172.0
C38       c     28005.09    29360.48    431.0   4785.0     25123.0  862.0
C39       c     -40596.66   -10103.07   643.0   3528.0     24110.0  1286.0
C40       c     -51313.95   -21738.73   582.0   1603.0     22470.0  1164.0
C41       c     -33350.76   -5052.30    408.0   5317.0     24321.0  816.0
C42       c     -28665.72   -68982.65   148.0   4542.0     24629.0  296.0
C43       c     24027.72    42580.90    628.0   3047.0     23248.0  1256.0
C44       c     21690.62    10448.36    745.0   2248.0     22952.0  1490.0
C45       c     -24860.96   -69879.64   652.0   4970.0     25005.0  1304.0
C46       c     45192.75    -22512.56   459.0   4897.0     24345.0  918.0
C47       c     -71546.40   -28146.12   507.0   4745.0     25146.0  1014.0
C48       c     61801.46    39060.89    139.0   1156.0     19758.0  278.0
C49       c     -54534.63   28016.94    395.0   1399.0     20993.0  790.0
C50       c     37924.79    -92599.97   383.0   1503.0     20428.0  766.0
C51       c     -26918.43   4249.67     186.0   801.0      19201.0  372.0
C52       c     -43615.70   8922.14     335.0   3219.0     22659.0  670.0
C53       c     10000.67    63210.09    428.0   3259.0     22532.0  856.0
C54       c     58527.39    -59529.74   163.0   4665.0     23408.0  326.0
C55       c     -60311.91   -10437.12   737.0   2717.0     23730.0  1474.0
C56       c     47697.41    -59704.69   630.0   839.0      20335.0  1260.0
C57       c     45321.23    12595.03    350.0   1048.0     21281.0  700.0
C58       c     100167.82   59205.50    739.0   1227.0     22394.0  1478.0
C59       c     -21068.14   -15713.61   425.0   4035.0     22925.0  850.0
C60       c     -46478.83   728.13      499.0   2938.0     22079.0  998.0
C61       c     63097.08    69752.89    168.0   4745.0     24977.0  336.0
C62       c     -59403.21   25611.37    767.0   3492.0     23942.0  1534.0
C63       c     -8356.77    46303.40    257.0   4030.0     24519.0  514.0
C64       c     -4815.23    47152.46    307.0   665.0      20871.0  614.0
C65       c     90554.66    75359.88    746.0   3762.0     24564.0  1492.0
C66       c     -16150.02   -5980.65    436.0   5094.0     24715.0  872.0
C67       c     -58237.00   17022.70    244.0   2156.0     21041.0  488.0
C68       c     -33095.95   4703.60     658.0   1006.0     21699.0  1316.0
C69       c     25190.64    -87952.86   239.0   4483.0     23773.0  478.0
C70       c     -21078.66   -71704.80   262.0   5213.0     24087.0  524.0
C71       c     -59797.50   -8925.75    785.0   4901.0     24518.0  1570.0
C72       c     23707.72    94213.73    464.0   1418.0     22085.0  928.0
C73       c     -67702.08   9010.44     270.0   1458.0     21919.0  540.0
C74       c     31234.10    -91536.66   537.0   2667.0     22927.0  1074.0
C75       c     -60538.75   -4400.69    760.0   1893.0     22513.0  1520.0
C76       c     -59459.39   -21501.17   452.0   4211.0     23861.0  904.0
C77       c     -48168.85   -10132.84   281.0   4318.0     23183.0  562.0
C78       c     2622.10     -80341.87   460.0   1558.0     22339.0  920.0
C79       c     43674.70    -44908.96   607.0   1287.0     22245.0  1214.0
C80       c     12983.60    79465.16    401.0   5009.0     24920.0  802.0
C81       c     38477.58    -15148.34   434.0   4027.0     24306.0  868.0
C82       c     -12677.03   -54471.69   483.0   3341.0     23688.0  966.0
C83       c     -55976.88   31810.94    785.0   3523.0     24884.0  1570.0
C84       c     34092.30    -2769.13    206.0   4480.0     23950.0  412.0
C85       c     -53517.48   -2089.97    385.0   1382.0     20456.0  770.0
C86       c     32321.44    -69888.22   497.0   3194.0     22903.0  994.0
C87       c     -29401.55   -50366.72   344.0   3307.0     23580.0  688.0
C88       c     101109.86   43503.90    289.0   2170.0     22491.0  578.0
C89       c     -28363.99   -3406.73    550.0   5209.0     25540.0  1100.0
C90       c     57336.69    -84513.69   106.0   1461.0     20465.0  212.0
C91       c     -40439.95   -17958.27   396.0   3567.0     22578.0  792.0
C92       c     -44710.54   2478.16     449.0   3320.0     22330.0  898.0
C93       c     4696.89     45506.64    510.0   1565.0     21620.0  1020.0
C94       c     101072.52   -19540.69   122.0   1732.0     21644.0  244.0
C95       c     7011.50     28325.04    220.0   4589.0     24279.0  440.0
C96       c     -41838.42   37654.14    106.0   946.0      20955.0  212.0
C97       c     -11368.62   -10702.42   732.0   2850.0     24018.0  1464.0
C98       c     17947.71    14980.58    587.0   2961.0     22561.0  1174.0
C99       c     27543.71    -11014.78   231.0   3733.0     22831.0  462.0
C100      c     76379.19    -501.49     224.0   4250.0     24195.0  448.0
C101      c     -28047.96   7139.64     306.0   5028.0     23704.0  612.0
C102      c     -45542.34   -2068.92    548.0   2817.0     22649.0  1096.0
C103      c     31246.40    30531.10    160.0   1187.0     20409.0  320.0
C104      c     -5798.88    13720.98    158.0   1701.0     21203.0  316.0
C105      c     -5140.26    27623.23    556.0   3674.0     23561.0  1112.0
C106      c     -63335.22   4745.54     668.0   1550.0     22007.0  1336.0
C107      c     -43112.33   -53895.77   425.0   1694.0     21868.0  850.0
C108      c     -56195.30   -4878.77    122.0   3024.0     21305.0  244.0
C109      c     25639.37    14591.84    540.0   1697.0     21548.0  1080.0
C110      c     -50654.80   27490.43    306.0   3201.0     23434.0  612.0
C111      c     47433.04    44342.84    565.0   3049.0     22228.0  1130.0
C112      c     46090.02    -41825.76   191.0   1917.0     22117.0  382.0
C113      c     14446.70    507.36      298.0   3250.0     23451.0  596.0
C114      c     -64931.25   -8409.35    110.0   2418.0     20897.0  220.0
C115      c     10654.03    40683.31    156.0   1254.0     19699.0  312.0
C116      c     -44817.37   271.18      721.0   1244.0     20921.0  1442.0
C117      c     52568.67    12453.22    434.0   2232.0     22030.0  868.0
C118      c     40360.67    66210.17    270.0   4876.0     23570.0  540.0
C119      c     11377.87    16897.71    418.0   1146.0     21633.0  836.0
C120      c     24709.44    -44709.10   289.0   5253.0     24835.0  578.0
C121      c     -24239.17   -31082.28   312.0   1608.0     20885.0  624.0
C122      c     17632.43    27740.80    361.0   2780.0     23025.0  722.0
C123      c     32808.53    -28815.06   169.0   1888.0     21599.0  338.0
C124      c     -25770.58   -22397.00   146.0   2650.0     22885.0  292.0
C125      c     40556.76    -16705.19   737.0   3446.0     23469.0  1474.0
C126      c     -41972.74   33548.24    602.0   4169.0     24166.0  1204.0
C127      c     -41785.45   8808.64     478.0   5165.0     24946.0  956.0
C128      c     -73413.87   9195.17     380.0   3886.0     23347.0  760.0
C129      c     -46261.94   -15410.21   796.0   3396.0     24188.0  1592.0
C130      c     97998.85    -57813.67   819.0   1325.0     21216.0  1638.0
C131      c     49758.22    -70774.53   573.0   2027.0     21586.0  1146.0
C132      c     37942.45    -23869.49   378.0   5130.0     25631.0  756.0
C133      c     -69780.64   -32317.02   261.0   3251.0     22758.0  522.0
C134      c     14251.51    66036.36    396.0   4529.0     24356.0  792.0
C135      c     -20791.24   2339.88     419.0   5267.0     25538.0  838.0
C136      c     345.74      53494.82    478.0   4441.0     23999.0  956.0
C137      c     39444.28    4896.47     104.0   5051.0     23627.0  208.0
C138      c     -56052.89   -9860.23    659.0   3391.0     23115.0  1318.0
C139      c     -61866.64   -20995.51   513.0   4637.0     24065.0  1026.0
C140      c     86543.79    54840.65    413.0   5086.0     25039.0  826.0
C141      c     53526.50    -86444.15   258.0   5291.0     24713.0  516.0
C142      c     71385.36    49816.99    513.0   4950.0     25764.0  1026.0
C143      c     47388.74    11134.75    119.0   1283.0     20760.0  238.0
C144      c     41246.03    4080.31     116.0   1742.0     21894.0  232.0
C145      c     -63235.68   -3190.40    402.0   5391.0     25934.0  804.0
C146      c     -49695.51   5081.49     107.0   1942.0     21337.0  214.0
C147      c     2095.18     25994.87    470.0   3686.0     23458.0  940.0
C148      c     -3527.05    43561.34    170.0   607.0      20923.0  340.0
C149      c     16644.95    33328.26    108.0   3830.0     22459.0  216.0
C150      c     -37485.08   -57892.43   180.0   5005.0     24217.0  360.0
C151      c     6747.05     29455.33    689.0   3985.0     23658.0  1378.0
C152      c     42529.44    71708.18    387.0   1779.0     21950.0  774.0
C153      c     42614.43    -29302.01   265.0   1270.0     19833.0  530.0
C154      c     -7254.48    57022.81    814.0   3746.0     24949.0  1628.0
C155      c     125299.69   31794.44    734.0   4410.0     24196.0  1468.0
C156      c     -9680.03    30115.36    356.0   1308.0     20480.0  712.0
C157      c     -14945.76   48141.00    797.0   760.0      21500.0  1594.0
C158      c     -2760.01    39044.70    781.0   2532.0     24000.0  1562.0
C159      c     50360.43    -38561.99   167.0   5110.0     24532.0  334.0
C160      c     -22150.95   -6648.93    803.0   4442.0     24294.0  1606.0
C161      c     -52341.95   30281.01    487.0   3301.0     23906.0  974.0
C162      c     -37384.31   24040.05    422.0   1770.0     20976.0  844.0
C163      c     -35504.92   -5594.49    272.0   3675.0     22403.0  544.0
C164      c     -23857.11   -3859.80    505.0   2771.0     23512.0  1010.0
C165      c     -28335.27   1128.00     380.0   2987.0     22840.0  760.0
C166      c     -28662.07   29198.06    638.0   2143.0     22420.0  1276.0
C167      c     11794.67    26936.74    199.0   4080.0     23591.0  398.0
C168      c     -31710.20   13053.64    217.0   4354.0     24233.0  434.0
C169      c     -63236.06   -3176.20    215.0   5051.0     24236.0  430.0
C170      c     2899.60     29683.70    184.0   1314.0     19831.0  368.0
C171      c     54969.92    -40248.82   550.0   5181.0     24331.0  1100.0
C172      c     44983.66    -2943.18    433.0   4896.0     24534.0  866.0
C173      c     -40211.84   -6268.27    556.0   4808.0     24967.0  1112.0
C174      c     22616.04    17826.11    320.0   3553.0     23011.0  640.0
C175      c     -28098.81   11923.42    473.0   5025.0     24329.0  946.0
C176      c     29463.56    -21968.66   587.0   1663.0     21538.0  1174.0
C177      c     3694.34     41218.48    360.0   5114.0     25568.0  720.0
C178      c     48239.62    -46278.64   164.0   4064.0     22680.0  328.0
C179      c     -24700.03   59889.14    489.0   3319.0     22636.0  978.0
C180      c     -22373.76   52618.15    307.0   2015.0     21635.0  614.0
C181      c     66622.22    -11644.50   426.0   1805.0     21796.0  852.0
C182      c     -26657.66   -6717.61    399.0   1979.0     21812.0  798.0
C183      c     -47856.67   20374.53    511.0   1667.0     21484.0  1022.0
C184      c     -32716.22   -24911.81   621.0   1539.0     20881.0  1242.0
C185      c     56313.57    -1587.45    289.0   2695.0     21798.0  578.0
C186      c     54672.32    -50949.03   379.0   1392.0     20891.0  758.0
C187      c     43848.76    17990.93    611.0   3842.0     23919.0  1222.0
C188      c     49826.65    -35791.16   335.0   3358.0     23099.0  670.0
C189      c     81460.72    23006.88    655.0   1168.0     21069.0  1310.0
C190      c     45697.99    -62114.13   794.0   5237.0     26031.0  1588.0
C191      c     -48968.93   -60762.50   532.0   4303.0     24531.0  1064.0
C192      c     -52219.05   -36274.20   142.0   4524.0     22903.0  284.0
C193      c     -27956.12   -54930.45   789.0   4318.0     24610.0  1578.0
C194      c     -38186.51   705.02      765.0   1959.0     22342.0  1530.0
C195      c     54013.30    -30179.67   165.0   2370.0     22000.0  330.0
C196      c     8749.19     33573.29    731.0   3140.0     22694.0  1462.0
C197      c     -69540.31   -10442.76   502.0   1011.0     21302.0  1004.0
C198      c     -56996.07   -49300.39   729.0   4968.0     26423.0  1458.0
C199      c     -14026.63   34961.60    801.0   1613.0     22532.0  1602.0
C200      c     -49453.54   -50567.47   524.0   2949.0     22351.0  1048.0
F1        f     24928.56    4269.81     0.0     0.0        32400.0  0.0
F2        f     32321.44    -69888.22   0.0     0.0        32400.0  0.0
F3        f     54672.32    -50949.03   0.0     0.0        32400.0  0.0
F4        f     -59459.39   -21501.17   0.0     0.0        32400.0  0.0
F5        f     -25770.58   -22397.00   0.0     0.0        32400.0  0.0
F6        f     2622.10     -80341.87   0.0     0.0        32400.0  0.0
F7        f     -35504.92   -5594.49    0.0     0.0        32400.0  0.0
F8        f     -46261.94   -15410.21   0.0     0.0        32400.0  0.0
F9        f     22616.04    17826.11    0.0     0.0        32400.0  0.0
F10       f     25639.37    14591.84    0.0     0.0        32400.0  0.0
F11       f     -49695.51   5081.49     0.0     0.0        32400.0  0.0
F12       f     -8356.77    46303.40    0.0     0.0        32400.0  0.0
F13       f     47433.04    44342.84    0.0     0.0        32400.0  0.0
F14       f     -28098.81   11923.42    0.0     0.0        32400.0  0.0
F15       f     50221.76    13345.21    0.0     0.0        32400.0  0.0
F16       f     33165.30    -54921.07   0.0     0.0        32400.0  0.0
F17       f     42529.44    71708.18    0.0     0.0        32400.0  0.0
F18       f     40556.76    -16705.19   0.0     0.0        32400.0  0.0
F19       f     -28665.72   -68982.65   0.0     0.0        32400.0  0.0
F20       f     47388.74    11134.75    0.0     0.0        32400.0  0.0
F21       f     37942.45    -23869.49   0.0     0.0        32400.0  0.0

m numVeh /24/
m numPetrolVeh /12/
m numElectroVeh /12/

DistanceMatrix
0 65442 67150 10197 16567 36615 99853 96239 30725 79587 61294 67416 35897 6960 13657 52271 84982 58456 18739 89358 80340 92580 53178 66040 47435 75836 26872 7344 77205 73963 82103 78880 24006 64533 33342 86633 59761 50585 25279 67083 80557 59020 90765 38322 6976 89315 33585 101775 50695 82936 97738 51847 68702 60801 72106 86500 67906 22027 93160 50150 71495 75795 86990 53617 52188 96750 42338 84138 58026 92223 88819 85747 89952 92752 96014 85906 88235 74503 87503 52630 76138 23678 69748 85465 11555 78703 74526 77051 85691 53843 94513 69044 69662 45933 79780 29995 74648 39264 12785 15507 51671 53054 70755 27011 32148 38073 88265 89514 81638 10346 79070 45960 50721 11137 90750 39111 69860 28826 63834 18523 48979 60558 24579 34010 57285 26157 73027 66868 98466 73861 95883 79045 31003 101530 62683 45761 55022 14529 82205 90398 79711 95115 65060 23486 16319 88479 74628 31517 48513 30216 88089 31062 69697 37945 61795 104077 43194 59284 44452 49813 48329 81531 65374 61233 49458 53356 59105 26197 57316 88478 33632 53707 21313 65987 13752 53577 26627 42616 55665 74542 67639 44628 52743 74546 64610 31927 62720 23372 47168 59556 69557 98438 87153 79382 63216 45085 33473 95608 97885 49593 92411 0 74526 62720 88235 57285 87503 61233 73861 13752 10346 74628 53617 45960 53577 26872 59761 69697 26157 90765 23486 31003
65442 0 104968 75613 76067 59267 34437 39368 81536 23097 25330 18337 91645 71315 53304 92671 26035 33633 80788 60339 67717 154558 105536 72527 19830 18073 92297 72768 111032 56415 117752 116084 64912 17563 49998 45429 81103 36195 79268 5944 15237 10987 54506 84445 64555 56127 83063 36377 113204 46440 108102 22170 24879 91706 105807 23258 96161 87409 156534 16488 18266 131710 46300 68085 70427 156884 23302 38297 20401 96064 58851 23118 125399 38674 102750 25403 22797 11770 76527 86484 107313 76026 46480 50499 72712 20665 88724 36093 150575 14952 117502 3992 19079 73964 138689 62294 53034 26564 63175 65227 114873 24281 15378 82611 42951 53708 32604 39088 21315 69861 44662 103768 87773 54317 28214 73804 17099 94266 112687 58518 68895 20717 69924 71661 13800 78120 48954 24385 43379 8716 142086 103491 75986 36493 96351 24262 78458 79574 19261 24998 142497 115627 126864 88928 81120 28358 23646 57176 67904 72749 42687 62902 118180 81393 78324 169495 53204 67258 64446 90959 17615 47832 39246 9826 17781 18753 45284 64890 28856 28365 60424 95848 83438 9326 68636 28728 67352 69890 91242 76186 69501 104231 13808 37043 10843 94845 98905 87906 89767 124993 95553 46967 25673 40867 15923 92778 67252 32344 39251 55408 37312 65442 88724 98905 22797 13800 76527 9826 8716 68636 69861 23646 68085 103768 28728 92297 81103 118180 78120 54506 88928 75986
67150 104968 0 66102 78977 103291 134498 143897 93903 126726 115193 116802 36579 69768 76496 115937 130674 116310 76918 150251 145010 123212 25599 132835 96288 121820 66824 65142 10640 136911 14978 12015 91135 114155 98056 93560 27428 69959 88245 109699 116018 105247 90645 102008 74107 87077 33833 134308 91754 140520 45859 104325 120978 126419 7125 127987 14603 67020 118712 89557 119573 122464 143203 120581 119304 131523 89759 137687 109790 49908 83768 128010 151435 142275 48643 130315 123947 116704 64148 18536 140432 43519 73200 143898 56470 124740 33017 89933 104408 101613 31987 106747 118796 112940 52388 97075 136508 83233 79933 53127 54544 106864 117504 88207 93837 103721 136505 103621 126109 75772 137053 97902 18044 70358 133017 105840 117882 65618 120588 85174 36670 87451 91136 36560 91434 41137 133929 119348 147521 113083 37847 21041 36595 131864 127411 98164 122035 61310 124172 126404 110633 34474 103077 65151 59941 133268 124419 97988 115597 96548 98125 98165 125683 29439 128943 106467 108541 125928 111427 17386 94608 140060 124371 106933 97469 103864 121057 93337 113245 133274 100510 13610 52105 110894 80043 109654 43666 109748 13834 141180 134003 41493 98537 130687 97267 51267 6082 72610 19983 78539 17552 109768 113909 88486 112204 23420 100591 136730 117546 115048 109975 67150 33017 6082 123947 91434 64148 106933 113083 80043 75772 124419 120581 97902 109654 66824 27428 125683 41137 90645 65151 36595
10197 75613 66102 0 12886 41482 110010 105750 27964 89292 70519 77066 31598 5388 23119 50118 94748 67039 11930 96613 86091 83070 48729 69966 57417 85663 16685 3137 76548 80683 80796 77353 27268 74200 40325 95865 62980 59715 22253 77162 90742 69006 99553 36058 12935 97900 32409 111958 41385 91149 100708 61436 78021 60319 71754 96499 69044 11830 83322 60343 81209 68053 95434 57374 55382 87661 52460 93071 67579 96440 97150 95715 86828 102107 99634 95751 98401 84547 93927 53762 74561 23551 78261 93449 10820 88500 77963 86503 75547 63801 95360 79229 79306 47807 72154 34079 81786 49460 17854 20257 42840 62455 80580 22705 40598 44121 97791 99222 91513 10936 87249 38565 51224 21330 100685 40361 79598 18695 58468 24665 53638 70496 25865 36896 67434 25506 80518 76189 107820 84004 91555 80303 32112 111727 61390 55486 56791 5947 92209 100552 70062 96407 55791 13351 7912 98280 84148 36956 51959 30894 97547 34972 64179 38241 64295 93950 49296 63581 48392 49265 58429 89546 73545 71224 59462 63116 66515 29459 66300 98279 38216 52493 15257 75973 15314 62619 30418 45202 56060 78616 72180 37762 62818 83176 74772 23938 62381 13717 46473 49381 71065 108098 97300 88625 72957 42964 36188 105572 107898 55404 102309 10197 77963 62381 98401 67434 93927 71224 84004 15314 10936 84148 57374 38565 62619 16685 62980 64179 25506 99553 13351 32112
16567 76067 78977 12886 0 31947 109888 102252 15165 86661 66677 74414 44045 10404 23251 37314 92295 61772 5360 88601 76374 78854 60897 58842 56684 83585 21478 14340 89432 72146 93643 90180 17379 71663 33472 101939 75090 66226 9444 76629 91294 68003 106568 23223 12623 105293 45292 112270 37172 84737 112985 58920 74292 47457 84638 95174 81775 17210 80479 62234 78729 59771 89405 46317 43960 82107 52860 88122 64782 108147 104972 94210 74371 98161 111640 93631 98504 83653 104057 66462 61714 36288 85832 86604 23258 86251 90018 92051 75024 62762 108164 79913 76595 35742 81525 24259 73790 51438 12937 31194 50901 59312 78565 10532 36196 35773 94423 103901 89578 6918 80825 29963 64020 24907 98957 28136 77236 23987 47302 18728 65006 74450 14397 49000 69980 38331 73054 72501 103819 83969 103521 93029 44706 112559 48511 53646 44553 17983 90958 100484 66510 109142 51089 19712 19666 95936 80932 28357 40786 18682 103022 24910 53152 51024 52336 96182 40762 52835 37700 62146 58459 82802 67331 70205 58790 61181 59198 19291 61943 95933 28588 65371 27574 74840 7564 58504 42065 33606 68879 67507 61507 48590 62529 77689 77057 34226 75262 14174 59355 51711 83726 112904 99548 94701 70728 55788 25023 103958 111152 46309 106204 16567 90018 75262 98504 69980 104057 70205 83969 7564 6918 80932 46317 29963 58504 21478 75090 53152 38331 106568 19712 44706
36615 59267 103291 41482 31947 0 89350 75598 27301 62263 41423 50873 72186 36317 27480 33408 67928 34182 37078 56858 44671 100578 89512 29544 40177 60490 53422 40822 113055 40261 118269 115158 14604 48630 9929 96845 92053 66060 28295 57491 73304 48835 103801 26962 29962 103696 70092 92542 62592 54359 129221 37669 48596 33942 107814 72885 102468 49093 104344 51008 55178 74338 59385 17448 16927 101126 40119 59613 41984 121499 104651 71612 67739 70900 126374 69839 79036 63056 111232 87574 50381 60133 86225 55735 48061 62631 105876 86293 102146 44318 128941 63228 52743 15466 113163 7689 42141 43017 24147 50253 82796 36538 55993 31498 18008 5860 68274 94971 66382 30573 50517 49555 86195 33717 75665 14681 54051 55932 53846 18165 79578 66419 18151 68214 59050 62666 41810 47023 76302 65249 132343 113265 66732 93941 38055 35142 22650 47428 69076 80529 90048 129037 74103 51558 49383 71597 55759 5395 13124 17075 96240 7135 59154 73865 27091 125553 9459 22690 8568 85906 43429 52095 37754 50708 41979 40894 28460 12665 36146 71591 3360 90026 56465 54543 26317 33673 60606 11091 91107 37959 31035 79233 45923 48746 64527 65206 98529 45936 83361 82087 103702 103764 84893 90147 48457 81667 9401 80663 98207 14376 95133 36615 105876 98529 79036 59050 111232 50708 65249 26317 30573 55759 17448 49555 33673 53422 92053 59154 62666 103801 51558 66732
99853 34437 134498 110010 109888 89350 0 28927 113969 29258 48614 38742 125168 105631 87494 122212 24723 57170 114763 67798 82623 187752 138148 94712 53208 29334 126689 107186 139139 72381 145969 144820 97393 40768 81145 52788 108573 64667 112302 33265 19678 41982 61775 115859 98726 65066 116076 4321 146848 54406 128687 52186 42649 118849 134224 17095 123867 121786 190154 50472 34650 163448 50801 93989 97001 189493 57577 42808 47373 115474 69045 18608 151299 33041 122491 22050 11661 26542 92683 116465 133087 109701 65750 57647 107069 27857 112989 49211 184714 47183 141828 31006 37138 102593 172003 93763 68039 60948 96951 99256 149099 52880 33427 115712 75157 83507 29599 40889 24009 103899 55204 136568 118335 88738 16571 103996 35527 128679 143141 91805 97829 47190 102460 103801 45129 111663 64289 43756 33170 26029 172250 129429 108818 8510 123819 56531 105161 114010 20401 9459 176004 139250 160215 123338 115555 22053 35878 88385 95309 104558 47665 94179 148315 113619 102920 203922 81609 91185 92730 122122 51681 57242 58461 39816 51102 49345 67816 97038 53831 22066 91168 126906 117735 35360 102371 55781 100357 98986 121203 95650 90576 138041 47431 49881 38173 129127 128433 122125 121289 159388 122684 42900 22400 52975 40901 125048 98187 13501 28965 81816 34224 99853 112989 128433 11661 45129 92683 39816 26029 102371 103899 35878 93989 136568 55781 126689 108573 148315 111663 61775 123338 108818
96239 39368 143897 105750 102252 75598 28927 0 102506 17372 35576 28960 127259 100689 82688 105866 13333 41463 107534 40255 57210 176175 142402 72895 49999 22117 121812 103393 150270 48367 156957 155188 86913 31859 69669 75947 120460 75553 102245 34244 33424 39277 85432 102458 93155 88154 119715 33194 137386 28442 146515 44396 27961 99970 145007 18991 135480 116872 179824 54359 25201 149169 23761 75265 78702 176474 56249 17727 38213 134018 91726 18103 130302 5358 140865 14325 29072 27673 112946 125365 112441 111627 83546 30844 105689 19168 127883 69475 176654 43767 156749 38497 26720 86102 174124 81705 43951 61973 89806 100147 147791 43310 26729 105673 66080 69912 7978 65339 18080 97415 30500 125074 126409 85874 14890 89373 26917 124097 127321 83530 108143 59336 91789 109484 53167 113959 40900 29760 4653 32338 180599 142849 113012 37395 105071 50588 86495 110752 21329 27701 165518 154771 149551 118852 112557 11533 21612 76333 77958 92387 71451 81782 131919 118987 82488 198418 66531 70949 76515 129247 50528 31567 38878 37350 48279 43150 49009 85937 40398 11522 78190 134155 116565 33090 94789 43752 104329 83268 130099 71972 68246 138936 46173 28015 48855 127793 137864 115881 127832 153820 134910 69497 45517 74004 33404 130177 84987 15590 56200 64622 59754 96239 127883 137864 29072 53167 112946 37350 32338 94789 97415 21612 75265 125074 43752 121812 120460 131919 113959 85432 118852 113012
30725 81536 93903 27964 15165 27301 113969 102506 0 88335 67571 76449 58408 25363 32809 22159 94038 61058 17207 83018 68366 74061 74812 48719 61706 86001 31901 29497 104409 66200 108467 104956 16640 73939 33193 112358 90092 77581 5722 81016 96465 72185 117772 8107 25009 116835 60344 116794 35300 81572 128031 61818 75015 32854 99675 98172 96938 29061 77330 69655 80820 50334 86650 36892 33838 75536 59282 86848 67045 122904 116877 97023 59350 97940 126558 95738 103037 87427 117780 81626 46601 51446 97717 82779 38420 88391 104978 102126 74859 67137 123311 85510 78482 24447 92159 20811 68635 59463 21813 45963 60992 61441 81209 6304 38849 32712 95004 113012 92002 20380 77755 22726 79168 36564 101407 17082 79516 34245 34105 23699 79677 83416 11612 64045 77752 53462 68729 73342 103413 88685 116966 108193 59868 117645 33510 57640 32265 32620 94140 104788 63025 124306 47056 31512 34099 97725 82063 26221 31473 10226 112886 20734 40013 66175 40539 98607 36741 43728 29787 77205 64190 79222 65047 74283 63764 64629 55702 16956 62416 97720 24416 80314 42048 78620 17606 59476 56975 23888 84017 57173 52200 61324 67728 76008 84367 46998 90318 24082 74404 56005 98889 122031 106333 105209 73402 70601 18045 106443 118781 40769 114532 30725 104978 90318 103037 77752 117780 74283 88685 17606 20380 82063 36892 22726 59476 31901 90092 40013 53462 117772 31512 59868
79587 23097 126726 89292 86661 62263 29258 17372 88335 0 20853 12274 109985 84353 66173 94264 5703 28655 91856 41868 54257 162379 125043 65454 32786 5045 105582 86823 133292 43586 139942 138099 72194 15104 55149 64590 103723 59092 87497 17484 22389 21907 74071 89191 76913 76311 102358 33226 122616 27604 131170 27911 13867 90068 127996 12278 118624 100626 165526 37176 8092 136574 25659 65124 68262 163330 38943 17011 21894 119035 79513 10704 122169 15701 125762 7672 22454 12334 98953 108190 103981 94335 69043 31430 88714 2713 111765 56672 161529 26478 140479 23173 10068 74468 156911 67607 39356 44603 73961 82900 130947 27357 9358 90943 50549 56420 9782 55503 5537 81448 27359 111056 109158 69012 13612 76650 9748 107808 115500 67972 91216 43722 77196 92132 36734 96650 35448 15291 20795 17869 163297 126297 95641 36094 95090 33829 76373 94116 10380 22619 151242 138664 135293 102516 95881 9390 6746 62168 66833 78449 60755 67843 120459 101621 73777 182582 53823 62030 64623 111930 33174 29951 29213 19984 31004 26239 38724 71464 26118 9385 64490 116838 99605 15832 79121 28861 86958 71128 112911 66553 61333 121785 28804 21059 33447 110896 120709 99971 110491 137889 118162 61431 36762 61407 16381 112806 71472 18496 49772 53263 51236 79587 111765 120709 22454 36734 98953 19984 17869 79121 81448 6746 65124 111056 28861 105582 103723 120459 96650 74071 102516 95641
61294 25330 115193 70519 66677 41423 48614 35576 67571 20853 0 9935 94060 65365 47645 73728 26536 8913 71959 37813 42529 141581 110091 48106 19233 19322 86373 68298 122883 31256 129255 126992 51593 8581 34431 70541 94983 53445 66931 20682 35275 15380 79413 68339 57781 80746 87574 52140 102090 25727 126577 10869 7615 70334 117466 31745 109044 81450 144842 29851 13980 115752 28012 45619 48500 142478 25605 23209 6156 115612 83153 30387 103217 31631 121897 28417 39289 23549 98362 96883 84983 78720 68669 29456 71349 21258 105240 60818 141212 15545 132954 28376 11495 54023 140325 46803 28165 32298 54259 67040 112966 8563 15395 70373 30509 35575 27763 64362 25061 61894 22698 90276 97201 51435 34260 55870 13131 88690 94842 47954 81845 42836 56550 79120 34079 81193 24192 5836 37335 27447 150298 117931 81446 54155 75267 17146 56676 75712 28218 40377 130546 131713 114585 83485 77568 30217 14496 41368 46703 57631 67989 47014 99894 88008 55090 162843 33148 43538 44155 99196 21777 25925 14018 15688 18548 11845 20508 50764 5292 30211 43639 104044 82113 16862 59214 8200 72969 50520 101430 51093 44693 104985 19267 15633 35156 93137 109373 80329 97396 118259 109094 72006 49082 65520 9609 98689 50620 39246 62955 33253 62105 61294 105240 109373 39289 34079 98362 15688 27447 59214 61894 14496 45619 90276 8200 86373 94983 99894 81193 79413 83485 81446
67416 18337 116802 77066 74414 50873 38742 28960 76449 12274 9935 0 98426 72103 53952 83497 17880 18747 79598 42021 50124 150509 113821 57654 21214 9620 93322 74626 123861 38866 130406 128380 60168 2899 43271 63588 94934 51373 75428 12702 25767 11810 72764 77657 64649 74451 91144 42221 110502 28264 124494 15647 6563 80268 118499 22021 109515 88368 153504 28073 4373 125185 28686 55547 58436 151684 27634 21468 9632 112923 77187 20740 113125 26075 119444 19334 29378 13826 94281 98304 94889 82834 64254 32312 76734 11954 104054 54418 149324 15272 132381 20519 2247 63852 145212 55827 35199 33766 61695 71292 118879 15156 5477 78874 38355 45013 20997 56360 15570 69175 26336 99174 99010 56944 24959 65440 3215 95556 104517 55743 82080 38174 65196 81511 29943 85204 31091 6384 31675 18270 152848 117763 84607 44224 85196 21672 66611 81944 18344 30442 139235 130836 123305 90270 83725 21527 7692 50392 56615 66683 60558 56128 109631 90814 64936 170308 42890 53328 53988 101485 22262 29522 22169 10645 19650 14191 30089 59523 15094 21524 52904 106383 87614 9015 66869 17201 75962 60272 102969 60113 54031 109994 18277 18708 29056 98860 110851 87698 99903 125616 109281 63557 39945 59197 4623 101849 59922 29995 53763 43185 53487 67416 104054 110851 29378 29943 94281 10645 18270 66869 69175 7692 55547 99174 17201 93322 94934 109631 85204 72764 90270 84607
35897 91645 36579 31598 44045 72186 125168 127259 58408 109985 94060 98426 0 36212 48331 80115 114897 92697 41209 124824 116232 91707 17326 101249 77264 105602 30264 31544 47217 109739 50511 46887 58524 95547 69185 97207 43597 63871 52906 94909 105521 88204 97899 66440 42248 95203 10639 126154 56264 117453 77629 83661 100997 91238 43088 114567 43505 30550 88774 75159 102058 86893 121109 88684 86849 98994 71044 117267 89763 76915 93157 114146 114971 124465 78275 115279 113647 102463 81868 30096 104554 15681 76721 120267 24351 108586 57495 90030 76370 83509 67920 94534 100634 79406 47075 65120 110239 65725 48039 27137 27541 85515 100692 52437 67155 73957 119357 104082 110909 42267 113669 61376 26395 43201 119303 71943 100343 29164 84010 54321 40608 79639 57456 24498 80061 13528 108393 99199 130096 100355 60176 54276 17675 124850 91800 77252 88381 26067 110348 116032 78534 69775 68702 28601 24402 118093 106036 67256 83349 62464 100420 66095 89132 17062 95882 86142 79088 94688 79597 22205 76892 116324 100120 90272 78988 84320 94610 60746 90799 118095 69056 23594 16471 94869 46694 87016 25185 76749 30179 109857 103184 13507 81354 108464 87191 15248 34283 36142 19588 48206 46210 112090 108096 90524 93893 13509 67675 123782 115774 85470 108946 35897 57495 34283 113647 80061 81868 90272 100355 46694 42267 106036 88684 61376 87016 30264 43597 89132 13528 97899 28601 17675
6960 71315 69768 5388 10404 36317 105631 100689 25363 84353 65365 72103 36212 0 18288 47388 89848 61731 11830 91232 80854 85726 53474 65072 52769 80819 21261 4703 80088 75330 84593 81224 22328 69250 34939 93584 64744 57544 19696 72625 86506 64341 97719 33291 7620 96252 35936 107692 43815 85786 102671 56457 72894 56870 75162 91823 71814 16305 86464 56396 76283 68918 90093 52493 50640 89809 48057 87817 62571 97744 95724 91000 84691 96979 101261 90914 94062 79944 93909 56481 71636 26503 76673 88071 13373 83628 79652 83974 79389 59111 98310 75003 74337 43425 77526 29023 76408 45479 12495 20793 48198 57380 75738 20919 35302 38800 92742 96359 86705 6090 81884 39108 54206 17449 95932 36143 74690 23456 57582 19288 54606 67286 21466 38683 63722 28720 75131 71066 102690 79603 96343 83046 34676 107600 58299 50605 52482 11250 87542 96173 72917 99161 58157 18171 13227 93405 79105 31687 47140 26787 95007 29959 63403 41226 59777 98533 43977 58589 43439 52672 53963 84170 68183 66562 54836 58245 61128 24545 61077 93403 33087 56176 20169 71299 10501 57416 31675 40588 59109 73700 67149 43020 58293 77866 71002 29303 65758 16765 49924 53855 73674 105299 93570 86332 68059 46935 31479 100848 104520 50128 99151 6960 79652 65758 94062 63722 93909 66562 79603 10501 6090 79105 52493 39108 57416 21261 64744 63403 28720 97719 18171 34676
13657 53304 76496 23119 23251 27480 87494 82688 32809 66173 47645 53952 48331 18288 0 51418 71632 44912 27622 76493 68825 102094 65338 56738 34499 62564 39543 20706 85997 61608 91437 88461 19368 51083 21601 79664 64656 44807 28713 54396 68534 46061 84963 38751 11252 84046 44203 89660 60323 69506 102066 38332 55072 57273 80692 73538 75035 34589 103537 39014 58090 82131 73458 44917 44267 105293 30002 70488 44489 94917 84167 72712 89118 79137 99492 72656 75970 61679 86738 60251 73530 34348 65036 72146 24333 65390 78681 69532 97274 40827 101472 57067 56194 40113 93249 22794 61941 28191 11166 23437 65323 39442 57481 31606 18850 27247 74721 80937 68434 16675 65663 52668 59058 6252 77647 34738 56480 41702 66866 10945 52387 51382 22668 40843 46729 36945 60063 53238 84852 61470 107563 85792 39940 89727 60152 32370 48804 28088 69258 78043 89667 101557 74331 36384 29929 75170 61078 22086 40453 27878 80397 23954 72762 47104 54362 116818 32049 49726 35984 59172 35817 68204 52007 48282 36574 40003 46297 20988 43667 75168 25199 63522 34765 53016 16350 39924 33268 36092 63930 64889 57591 57981 40089 60963 53822 45566 71501 34632 56754 72130 76231 89958 76338 72483 49840 55888 27745 82561 87907 38559 83035 13657 78681 71501 75970 46729 86738 48282 61470 16350 16675 61078 44917 52668 39924 39543 64656 72762 36945 84963 36384 39940
52271 92671 115937 50118 37314 33408 122212 105866 22159 94264 73728 83497 80115 47388 51418 0 99804 65620 39030 78502 60723 73383 96090 39143 73433 93035 51898 51626 126475 62314 130411 126865 32198 81458 42859 128673 111967 95578 27879 90834 106653 82222 134969 14105 45966 134451 82473 125553 44096 80941 149941 71009 80402 13155 121783 105467 119088 49987 78954 83630 87690 43910 86346 31297 27673 71836 72750 88723 75024 144418 134932 104114 37881 100805 148284 101930 112190 96171 138018 103770 24495 73602 115962 81063 60556 94945 126783 118189 80884 77724 145469 96634 85213 19833 110174 31496 65830 74627 41564 67719 79227 69709 88786 27740 50546 39063 99127 127718 98774 42048 77515 28819 101326 56319 107848 18972 86709 53967 21465 40732 101180 98619 28900 86005 91777 75620 67242 79001 105797 98580 137608 130339 81996 127129 11907 68501 21119 54630 101832 113589 65300 146454 50555 52274 56017 103404 87578 35953 27923 23541 128518 30616 26196 88333 28524 106910 40607 37141 29643 99331 76560 78106 66988 84068 75289 74272 56860 30959 68455 103396 32428 102369 63920 87795 38610 66451 78808 23227 106175 46094 43801 81787 79257 77950 97608 67768 112439 44568 96526 68845 121019 136610 118281 121736 81471 92578 26042 112760 131528 41297 128240 52271 126783 112439 112190 91777 138018 84068 98580 38610 42048 87578 31297 28819 66451 51898 111967 26196 75620 134969 52274 81996
84982 26035 130674 94748 92295 67928 24723 13333 94038 5703 26536 17880 114897 89848 71632 99804 0 34186 97476 44184 57989 168080 129730 70278 37906 9299 111092 92243 136968 47660 143664 141922 77893 20657 60851 64585 107129 62224 93192 20976 21727 26693 74104 94865 82438 76580 107064 28872 128306 30240 133457 33464 19422 95384 131715 8696 122158 106135 171226 41208 13590 142221 27369 70427 73618 169012 43894 18845 27512 121080 79972 7172 127240 13330 127888 2737 19751 14367 100387 112150 109086 99225 70735 33787 93937 6331 114612 57355 167192 31519 143455 25277 15710 79991 161892 73307 43325 49290 79567 87873 136225 33012 14301 96639 56213 62089 7380 54759 4800 87028 30653 116758 113256 74321 8379 82282 15158 113303 121076 73620 94835 46125 82897 96519 39835 101504 39566 20917 17440 19257 167498 129520 100252 32139 100424 39262 81699 99506 8947 19348 156943 141507 140995 108000 101254 3687 12232 67867 72282 84147 60425 73538 126001 106093 78867 188154 59428 67119 70162 116185 38005 32901 34199 24636 36044 31636 43933 77166 31789 3682 70175 121091 104830 20140 84749 34562 91562 76702 116891 70956 66031 126848 33551 25165 35664 116153 124632 105552 114827 143454 121579 60001 35351 62002 21792 117348 77152 13023 47631 58710 49906 84982 114612 124632 19751 39835 100387 24636 19257 84749 87028 12232 70427 116758 34562 111092 107129 126001 101504 74104 108000 100252
58456 33633 116310 67039 61772 34182 57170 41463 61058 28655 8913 18747 92697 61731 44912 65620 34186 0 67122 34194 35327 134748 109241 39248 23156 27842 82254 65105 124520 24343 130706 128242 45716 17482 28516 78335 97695 58314 60986 29370 44182 23049 86994 61114 54117 88112 87070 60799 96054 24769 130757 14580 14788 61680 119084 40161 111206 77410 138365 35365 22562 108206 28547 36855 39831 135247 28651 26350 13301 120314 90307 38735 94386 36898 126388 36326 48123 32454 104180 98303 76150 77776 74931 27778 69172 29475 108814 68363 135446 21649 135878 36910 20085 45814 138160 40274 22066 35252 49940 66129 109844 11478 24224 64391 26445 28458 34093 72716 33336 57641 21038 83611 98266 49524 42257 48249 21894 84651 86897 43294 84447 49628 50494 79842 40811 80321 18565 13462 42424 36320 150383 120585 81409 62941 66652 19162 47994 72532 36833 49139 124059 134895 108093 79585 74453 37797 21958 34937 38225 50926 76048 40327 91816 88237 46197 157812 25335 34627 35976 99805 26462 23870 8192 23819 23248 17197 11705 44613 4901 37790 36728 104567 79676 25604 54520 7128 73209 42528 102705 42553 35953 102875 25220 16136 42870 90355 110646 75752 97816 113477 111501 80542 57906 72988 18355 98480 43551 47146 71780 24677 70730 58456 108814 110646 48123 40811 104180 23819 36320 54520 57641 21958 36855 83611 7128 82254 97695 91816 80321 86994 79585 81409
18739 80788 76918 11930 5360 37078 114763 107534 17207 91856 71959 79598 41209 11830 27622 39030 97476 67122 0 93832 81316 74645 57643 63339 61563 88715 16420 14358 87473 77325 91385 87848 22586 76830 38831 105202 74899 69246 11839 81527 96025 72958 109483 25233 16508 108053 43626 117072 32763 90086 112584 64061 79573 50058 82836 100219 80631 12521 75916 66609 83900 57089 94761 50899 48376 78330 57516 93472 69967 108366 107549 99279 75145 103471 111557 98777 103328 88620 105448 65412 63522 35253 88486 91934 22746 91404 89885 95480 70002 67709 106786 84598 81788 39785 76813 29396 79036 55742 17943 31895 45988 64522 83680 11291 41459 41053 99691 107631 94697 10950 86174 27293 62731 28430 104059 32122 82391 18928 46548 24006 65503 78333 19207 48824 74225 37047 78351 77777 109134 88796 99962 91887 43907 117263 50619 58685 48366 15644 95988 105339 62086 107963 46927 15052 16987 101109 86177 33641 45348 22866 106494 29988 52276 49809 56354 90886 46006 57517 42482 60447 63209 88138 72688 75168 63666 66254 64517 24415 67254 101106 33725 63366 24901 79829 12751 63795 42308 38003 67503 71985 66186 44568 67351 83047 81387 30168 73528 8879 57632 46372 82735 116607 103930 97951 75858 53548 29743 109050 115299 51454 110169 18739 89885 73528 103328 74225 105448 75168 88796 12751 10950 86177 50899 27293 63795 16420 74899 52276 37047 109483 15052 43907
89358 60339 150251 96613 88601 56858 67798 40255 83018 41868 37813 42021 124824 91232 76493 78502 44184 34194 93832 0 19516 151834 141785 40061 56573 45268 110041 95235 158624 16825 164752 162220 71246 43241 56305 105229 131855 91254 84943 54566 64165 52432 114538 79981 83907 116368 120107 72110 117798 14311 164316 47829 35546 69202 153188 52875 145395 105529 157038 67658 42597 122184 17000 47768 51371 150201 62540 25338 43963 153425 119179 51328 95106 35262 159695 46883 63855 52966 135874 132377 78337 110511 105969 10447 100676 44415 142720 96355 157068 53352 170016 62182 41338 60737 168749 64488 14846 69228 78774 99044 139069 44855 45533 87984 57704 52878 38232 97007 47137 86155 15689 103407 132223 81849 51457 66626 43438 112540 99247 71948 118616 79903 75004 113710 71353 113096 16471 36326 37390 58477 183618 154762 114844 75846 74122 53196 57409 102452 52118 63529 143051 168967 127562 107927 104428 46028 37699 60283 52442 73145 101839 63994 102791 121805 50888 181554 47840 41427 53290 133545 59451 12509 26013 52038 56187 49542 30255 69458 37955 46014 60181 138243 110595 51015 82280 41183 106869 59656 136729 35883 35141 133903 57069 23333 71075 120525 144656 102710 131457 138756 145693 103257 78621 101141 45192 131681 65282 54424 91564 42556 93053 89358 142720 144656 63855 71353 135874 52038 58477 82280 86155 37699 47768 103407 41183 110041 131855 102791 113096 114538 107927 114844
80340 67717 145010 86091 76374 44671 82623 57210 68366 54257 42529 50124 116232 80854 68825 60723 57989 35327 81316 19516 0 134037 133517 21598 58106 56314 97735 85250 154133 11302 159859 157018 59208 50248 47283 113059 129586 93077 71199 62603 75187 57850 121938 64131 74103 123220 113003 86830 102022 28808 164375 49810 43775 50486 148743 66330 141991 93583 139663 70605 52250 103875 33543 31588 34928 131886 62897 40188 48189 154554 125527 64733 75599 51914 160383 60712 76677 63241 139298 127970 58863 103098 110231 26543 91894 56391 141810 103333 140730 56960 167673 70454 50298 44580 157803 52265 15043 69101 68468 92223 127268 46731 54909 73916 51258 42277 53436 106450 59793 75216 27441 87148 127248 74794 66058 51362 52503 100243 80867 61954 116399 84922 62109 108695 76103 105688 19122 43748 55097 68250 176143 152088 108637 90105 55271 53466 39692 92037 64551 76860 125899 167107 110751 96077 94001 60592 48525 49175 36902 59166 110395 51516 84089 115780 32398 165928 37146 24772 38965 127808 61582 25736 28514 58208 58434 52524 25618 57157 40164 60579 47996 132261 100905 58762 70987 42091 101374 44479 131999 16399 16960 123853 60547 33225 77682 109874 139772 90051 125469 124339 142702 113659 89692 108019 51795 124689 51669 69805 103309 30783 103551 80340 141810 139772 76677 76103 139298 58208 68250 70987 75216 48525 31588 87148 42091 97735 129586 84089 105688 121938 96077 108637
92580 154558 123212 83070 78854 100578 187752 176175 74061 162379 141581 150509 91707 85726 102094 73383 168080 134748 74645 151834 134037 0 97614 112439 134874 160052 68404 86206 132760 135464 133072 129403 90451 147987 107251 178921 135268 142767 75453 154591 169713 145800 182325 73780 91136 180460 100987 190413 41929 153316 168117 135747 148967 84074 130337 172181 133858 72194 9064 141087 154881 31177 158632 104244 100606 10099 131544 159915 141082 168533 179387 171054 75819 171441 169479 169798 176621 161242 172442 121695 82180 98243 160845 153829 91134 162452 149134 169555 23467 140646 154804 158466 152543 91629 85708 94778 138772 130284 91540 101653 68687 135477 155235 72052 112635 106296 168825 182084 166057 85487 149693 51335 117893 102992 175466 87102 153570 67628 53673 96078 130519 152937 85390 112762 148813 98385 139795 147321 176781 162143 123755 143646 105834 190990 79781 131231 94502 81845 168113 178470 13338 157616 27765 71920 81274 171767 156058 100216 100080 83955 180599 94580 51832 108181 101674 46253 109706 110413 100443 113203 136963 150641 137916 147947 136972 138443 128060 90992 136388 171761 98058 113088 84512 152403 86078 133519 109024 93644 121145 118884 117159 82226 140842 149007 155911 77294 123280 69366 110864 44677 136815 191017 178395 171686 147409 104061 91197 180502 189936 112395 184792 92580 149134 123280 176621 148813 172442 147947 162143 86078 85487 156058 104244 51335 133519 68404 135268 51832 98385 182325 71920 105834
53178 105536 25599 48729 60897 89512 138148 142402 74812 125043 110091 113821 17326 53474 65338 96090 129730 109241 57643 141785 133517 97614 0 118539 92609 120484 44681 48828 35431 126884 36936 33170 75800 110978 86400 105074 43417 74674 69463 109281 118690 103143 104278 82726 59573 101159 22688 138759 67258 134007 70948 99495 116810 107651 32724 128725 37247 46103 93206 89128 117259 97819 137490 105965 104080 105943 86216 133277 105498 73230 98525 128431 129707 139893 73034 129909 126837 116753 83149 28993 120354 31469 84167 136932 41623 123474 54532 99174 79113 98684 57390 108117 115993 96480 34896 82428 127278 80458 65365 43144 28967 101527 115693 68680 84080 91250 134586 113328 125551 59503 130267 74978 25256 59964 133585 88957 115537 43003 97942 71634 45677 91504 74585 34414 93150 28942 125327 115038 145457 114168 42871 46218 29557 137061 107906 93080 105400 43033 124590 129268 85046 60045 77908 43851 41256 132782 121492 84578 100609 79471 108887 83395 102698 24633 113007 83349 96371 112001 96893 19899 91874 132994 116818 105128 94209 99883 111629 78018 107095 132785 86378 17332 33480 109596 63929 103327 38224 93930 26359 127156 120506 16345 96248 124816 99975 28554 26170 51567 19060 52940 40349 120718 119719 98911 109232 13381 84892 137872 126025 102768 118832 53178 54532 26170 126837 93150 83149 105128 114168 63929 59503 121492 105965 74978 103327 44681 43417 102698 28942 104278 43851 29557
66040 72527 132835 69966 58842 29544 94712 72895 48719 65454 48106 57654 101249 65072 56738 39143 70278 39248 63339 40061 21598 112439 118539 0 57697 65983 79583 69712 142573 25188 147812 144701 42745 56684 36012 115933 120807 90075 52328 68581 83348 61628 124048 43555 59255 124669 99589 98641 81140 45308 157400 51154 52442 29142 137315 77671 131752 75847 118096 70379 61005 82343 50671 12593 14998 110364 60596 55168 52169 148897 126338 76125 57410 67558 154148 72825 86732 71479 136476 116979 39606 89639 109185 44424 77376 66976 134206 105593 119464 58946 158119 75989 58634 24297 140126 36158 29375 65614 53382 79773 109143 48538 63071 54664 42607 29808 67488 111393 70767 59079 42561 66071 115685 62987 78657 31706 60651 82053 59347 47691 108032 85913 44487 97579 77396 92159 32020 51668 71760 75552 161410 142429 96268 101248 34069 52335 18217 75835 74929 87475 104382 158063 89351 78378 77732 73483 58874 34858 18069 40512 114187 35161 62747 103405 10859 144942 25800 7069 21658 115450 61392 42208 36269 62725 58761 54484 27604 40533 43793 73472 32411 119565 85187 64842 54665 43885 89994 25347 120586 8669 4946 107335 61940 45518 80884 93030 128049 71728 112905 104201 132880 119481 97153 109988 57601 111125 33892 83082 111027 19997 109809 66040 134206 128049 86732 77396 136476 62725 75552 54665 59079 58874 12593 66071 43885 79583 120807 62747 92159 124048 78378 96268
47435 19830 96288 57417 56684 40177 53208 49999 61706 32786 19233 21214 77264 52769 34499 73433 37906 23156 61563 56573 58106 134874 92609 57697 0 28636 73993 54761 103781 47381 110203 108014 45083 18370 30579 58426 75750 35159 59500 19966 34854 11589 66365 64715 45656 66985 69935 55624 93704 44956 107801 8753 24707 73480 98374 39082 89840 69048 137032 12786 24802 111894 47104 51103 52960 137082 6543 41422 13523 97194 68752 38312 107365 47289 103320 38613 41840 27180 81192 77890 89522 61647 52342 48647 56045 31577 86170 47990 131541 6427 113746 23807 23398 55309 124138 42633 45220 13115 43747 50148 98362 11795 23606 62862 23219 34898 42094 55158 34296 50725 41844 83975 78361 36564 43323 54477 23092 76098 93098 38797 62614 28217 50094 60559 19810 64003 41636 23061 52877 27313 131900 98699 63441 56120 77917 5424 60697 61897 34792 43800 122932 112548 107225 70759 63589 41284 28884 37637 50036 52976 57088 43293 98656 69735 61756 151298 35277 51577 46180 80603 3696 45037 31097 13806 2107 7579 32849 45084 18751 41284 41026 85485 66936 18557 49177 16101 54818 51082 82484 62907 55578 89000 6023 34863 24450 78278 90413 69056 78932 106623 89867 63806 45011 52318 16642 80696 47719 48173 58100 38739 54981 47435 86170 90413 41840 19810 81192 13806 27313 49177 50725 28884 51103 83975 16101 73993 75750 98656 64003 66365 70759 63441
75836 18073 121820 85663 83585 60490 29334 22117 86001 5045 19322 9620 105602 80819 62564 93035 9299 27842 88715 45268 56314 160052 120484 65983 28636 0 102077 83118 128320 45340 134979 133160 69658 12069 52844 60386 98705 54048 84877 12441 19062 17398 69823 87275 73463 71946 97810 32974 119894 30960 126167 24666 13545 89520 123032 12433 113625 97119 162967 32265 5345 134805 29643 64683 67672 161286 34594 21145 18990 114070 75058 11122 122108 20732 120783 10097 20798 7826 94133 103285 103879 89932 64176 34920 84680 2991 106721 52172 158575 22235 135435 18333 7827 73344 152593 65419 41282 40029 70777 78574 126986 24590 5083 88320 47701 54630 14758 51748 6019 78162 30181 108721 104298 65113 15442 75046 6486 104262 114100 64988 86228 38734 74700 87392 31690 92216 37249 14481 25735 13435 158482 121263 91028 35300 94485 30218 75835 90351 9015 21501 148711 133620 132795 98947 92083 12658 7823 59986 65984 76273 56736 65731 119189 96927 73780 179236 52437 62082 63477 107132 28711 33018 29814 15360 26756 22578 38699 69060 24581 12658 62522 112040 95572 10975 76024 26820 82340 69818 108013 67723 62089 117551 24267 23226 28516 106907 115795 96675 105729 134526 113146 58095 33623 56932 12858 108153 69541 20477 47048 52482 47890 75836 106721 115795 20798 31690 94133 15360 13435 76024 78162 7823 64683 108721 26820 102077 98705 119189 92216 69823 98947 91028
26872 92297 66824 16685 21478 53422 126689 121812 31901 105582 86373 93322 30264 21261 39543 51898 111092 82254 16420 110041 97735 68404 44681 79583 73993 102077 0 19596 77455 93620 80481 76793 38856 90478 54448 110987 70365 74923 27387 93797 107426 85574 114022 39254 28678 112088 36209 128643 28203 105779 106656 77675 93942 64064 73347 113063 73094 4958 67807 76985 97520 57858 110309 67214 64591 73977 69128 108521 83765 104345 110983 112251 85104 118003 106587 112173 115084 101153 105086 58621 75885 30819 92495 107792 22800 104881 85137 101976 59154 80351 98117 95914 95552 55739 60558 45733 95216 66119 32315 33282 29596 78515 96997 25601 56022 57174 113882 115033 107966 24614 101863 31123 55325 38009 117190 48093 95934 2511 53777 39006 63413 86708 35627 45615 83978 31566 94382 92119 123705 100678 85710 84121 39188 128396 63798 71861 64028 13694 108779 117231 55147 99844 42167 3593 12900 114656 100258 49761 61660 39073 112992 46364 58868 43320 72189 77312 62205 73875 58886 51907 75084 103953 88256 87794 76051 79501 80461 40760 81932 114654 50063 53804 17110 92536 27967 78333 40963 54238 59657 88202 82538 29891 79454 98330 91336 16127 64448 7887 49138 32699 75595 123817 113825 103795 89307 43690 46143 122102 124178 67787 118406 26872 85137 64448 115084 83978 105086 87794 100678 27967 24614 100258 67214 31123 78333 0 70365 58868 31566 114022 3593 39188
7344 72768 65142 3137 14340 40822 107186 103393 29497 86823 68298 74626 31544 4703 20706 51626 92243 65105 14358 95235 85250 86206 48828 69712 54761 83118 19596 0 75494 79490 79944 76562 26980 71749 38944 92733 60863 56584 23780 74427 87867 66348 96450 37523 11330 94815 31321 109088 44506 89388 98705 59024 75757 61387 70602 93833 67469 14821 86451 57389 78733 70958 93578 57141 55322 90770 49682 90997 65190 94138 94094 93073 88678 99832 97473 93195 95564 81843 91165 52146 75972 22030 75180 91783 8931 85975 75821 83366 78590 61163 93906 76356 76870 48126 73543 33615 80439 46526 16782 17544 44762 60142 78036 24613 38673 43081 95425 96092 88937 10793 85499 41364 49770 18451 98068 40826 77108 21499 60844 23429 51175 67396 26161 34755 64416 24172 79036 73923 105546 81199 91698 78717 30373 108807 62693 52995 57178 7435 89539 97732 73199 94833 58912 16167 9349 95753 81782 36079 51807 31446 94410 34572 66600 36775 64479 96739 48259 63192 48067 48102 55673 87865 71788 68563 56790 60608 65047 29202 64188 95752 37626 51542 15660 73316 15201 60478 28024 45288 54654 78330 71729 38755 60086 81233 71765 25372 61203 16848 45340 52247 69395 104964 94277 85492 70463 42250 36172 102933 104812 54486 99198 7344 75821 61203 95564 64416 91165 68563 81199 15201 10793 81782 57141 41364 60478 19596 60863 66600 24172 96450 16167 30373
77205 111032 10640 76548 89432 113055 139139 150270 104409 133292 122883 123861 47217 80088 85997 126475 136968 124520 87473 158624 154133 132760 35431 142573 103781 128320 77455 75494 0 145730 6832 6770 101211 121299 107456 95398 30569 75271 98737 116030 121210 112164 91472 112516 84178 87740 44180 138645 102175 148421 38462 112045 128352 136841 5436 133739 15304 77657 127951 96176 126402 132865 150866 130418 129249 141261 97304 145007 117302 44921 84136 133871 162065 148945 42343 136434 128973 122802 62420 26270 150968 53695 75788 151904 66744 131190 31044 92897 113351 108822 22044 112515 125782 123096 58114 107017 145136 90667 89965 62803 64104 114697 124196 98757 102878 113242 143068 106130 132316 86053 145049 108521 26948 79798 138784 116075 124738 76229 131222 95010 42138 92574 101379 45440 97314 51383 142415 126777 154054 118870 35776 14969 46355 135932 137907 106023 132192 71847 130070 131415 120354 25041 113268 75791 70508 139389 131394 107716 125515 106836 100238 108120 136308 39283 138976 113737 117975 135621 121285 27439 101851 148114 132648 113737 104826 111351 129819 103400 121238 139396 110350 24107 62699 117494 90282 117727 52838 119819 22137 150842 143585 51622 105595 138471 102702 61846 14527 83245 30166 88155 16949 111611 117930 90942 119306 34037 110678 142266 120408 124469 112770 77205 31044 14527 128973 97314 62420 113737 118870 90282 86053 131394 130418 108521 117727 77455 30569 136308 51383 91472 75791 46355
73963 56415 136911 80683 72146 40261 72381 48367 66200 43586 31256 38866 109739 75330 61608 62314 47660 24343 77325 16825 11302 135464 126884 25188 47381 45340 93620 79490 145730 0 151635 148924 54767 38949 40634 101769 120283 82499 68201 51310 64088 46603 110668 63205 68176 111983 105704 76523 100986 20242 154406 38913 32570 53870 140311 55788 133130 89191 140490 59708 41115 106174 25540 31228 34861 134143 52482 30785 36984 144286 114331 54195 82247 43010 150237 50350 65892 52104 128511 119476 64687 95925 99257 19252 85430 45595 132089 92072 140291 45882 158470 59159 39104 44071 152819 47932 4432 58864 62836 84704 122832 35815 43724 71210 43214 36626 43730 95165 49114 70047 17879 86653 118992 67296 55891 49819 41305 96126 83367 56074 107041 73794 58365 100399 64979 98522 8139 32484 46868 57041 169158 142976 100883 79626 58911 42972 41381 86579 53769 66198 126445 157737 110884 91620 88557 50486 37610 43966 35714 56358 99093 47385 87207 107963 35622 164730 31493 25195 36465 119892 50770 17107 17239 46924 47576 41496 15937 52912 29103 50474 43606 124469 95016 47467 66048 31285 93264 42857 123650 23642 20311 118243 49510 22555 66412 104620 131506 86191 117663 121985 133687 102420 78554 96768 40493 117366 48513 59903 92228 25895 92330 73963 132089 131506 65892 64979 128511 46924 57041 66048 70047 37610 31228 86653 31285 93620 120283 87207 98522 110668 91620 100883
82103 117752 14978 80796 93643 118269 145969 156957 108467 139942 129255 130406 50511 84593 91437 130411 143664 130706 91385 164752 159859 133072 36936 147812 110203 134979 80481 79944 6832 151635 0 3767 106075 127823 112980 102062 37401 82054 102842 122713 128017 118736 97974 116560 89054 94217 48691 145477 104186 154732 41821 118403 134819 141100 11950 140502 22133 81060 127868 102799 132998 134753 157257 135558 134270 141834 103707 151495 123726 49719 90559 140623 165458 155580 46418 143155 135790 129521 68375 32415 154896 58451 82555 158178 71340 137859 37241 99683 112959 115324 22967 119271 132345 127845 55393 112043 151141 97098 94888 68092 64756 121018 130819 102673 108643 118672 149721 112868 139023 90621 151325 111356 32645 85284 145547 120705 131328 79087 134211 100152 48861 99378 106002 51237 104052 56042 148488 133228 160715 125626 29627 20342 51562 142761 141971 112331 136938 75847 136817 138233 120948 26687 114698 79070 74401 146110 137961 112963 130567 111380 106934 113131 139153 44412 143890 111745 123475 140903 126403 32363 108340 154369 138810 120334 111287 117779 135751 108281 127507 146117 115487 28441 66493 124132 94917 123964 58485 124686 28028 156153 148967 53280 112132 144819 109486 64577 20130 86650 34946 88716 23684 118262 124760 97684 125839 37869 115526 149051 127173 129980 119533 82103 37241 20130 135790 104052 68375 120334 125626 94917 90621 137961 135558 111356 123964 80481 37401 139153 56042 97974 79070 51562
78880 116084 12015 77353 90180 115158 144820 155188 104956 138099 126992 128380 46887 81224 88461 126865 141922 128242 87848 162220 157018 129403 33170 144701 108014 133160 76793 76562 6770 148924 3767 0 102820 125765 110035 101824 36442 80619 99346 120952 126664 116760 98063 113043 85816 94351 45380 144435 100421 152387 44307 116128 132676 137632 10668 138955 21428 77427 124254 100927 131058 130986 155004 132405 131066 138136 101498 149373 121530 51454 90781 139037 161802 153702 48569 141476 134500 127846 69189 30124 151342 55206 82025 155791 68016 136058 37795 99064 109394 113241 26197 117709 130346 124537 52444 108852 148508 94929 91664 65065 61033 118701 128928 99131 105851 115671 147882 112423 137311 87268 148943 107638 29998 82340 143996 117357 129378 75380 130506 97019 47300 98027 102659 48556 102442 52765 145912 131064 158888 124060 29104 21610 48532 141812 138452 110005 133625 72342 135216 136949 117245 29739 110937 75418 70871 144432 135967 109872 127377 108007 106613 109932 135432 41368 140638 108579 120510 137815 123244 29295 106243 151964 136319 118400 109148 115592 133066 105031 125127 144438 112343 25174 62948 122274 91584 121555 55682 121423 25571 153076 145927 49513 110103 142519 108036 60863 17622 83014 31797 85009 23404 118049 123813 97232 123796 34392 112259 147585 126627 127019 119000 78880 37795 17622 134500 102442 69189 118400 124060 91584 87268 135967 132405 107638 121555 76793 36442 135432 52765 98063 75418 48532
24006 64912 91135 27268 17379 14604 97393 86913 16640 72194 51593 60168 58524 22328 19368 32198 77893 45716 22586 71246 59208 90451 75800 42745 45083 69658 38856 26980 101211 54767 106075 102820 0 57590 17246 97173 82596 63440 15342 64388 79825 55559 103110 20435 17034 102456 57457 100181 50503 67821 120392 45300 59138 38115 96107 81735 91664 34491 93341 53412 64541 66850 72633 30165 28392 92152 42865 71936 50670 113816 102829 80620 69773 82541 118149 79497 86415 70855 106106 76464 54233 47624 83808 69518 34919 72122 97018 86790 89760 50499 118278 68890 62247 21996 98596 6944 56451 43547 11286 38971 68192 45068 64803 18780 22239 18524 79258 97137 75673 16347 63924 39181 74677 24755 85093 15664 63186 41363 49146 8538 70877 67640 5068 57485 61559 50056 55825 57414 88115 72049 118670 102721 54970 101008 40817 41005 31060 33178 77663 88184 79068 118725 63139 36954 35105 81576 66072 11160 24834 8787 97374 7736 54941 61948 37818 112263 23424 36313 21129 73814 47625 65765 50627 57665 47135 48048 42078 2228 46560 81572 11248 77654 42453 62034 11957 43418 49915 18614 79621 51378 44917 64890 51105 61279 68010 50750 86725 31464 71157 68268 93186 106131 89814 90124 56966 68803 9468 90130 102405 28940 98360 24006 97018 86725 86415 61559 106106 57665 72049 11957 16347 66072 30165 39181 43418 38856 82596 54941 50056 103110 36954 54970
64533 17563 114155 74200 71663 48630 40768 31859 73939 15104 8581 2899 95547 69250 51083 81458 20657 17482 76830 43241 50248 147987 110978 56684 18370 12069 90478 71749 121299 38949 127823 125765 57590 0 40799 62991 92510 49264 72816 12386 26699 9586 72053 75315 61810 73605 88305 44110 107854 29805 122476 12812 7810 78580 115927 24307 107019 85523 150905 25783 7070 122878 30651 54000 56790 149263 24823 23810 6929 111036 76223 23103 111640 28933 117506 21993 30970 15066 92737 95672 93412 79963 62766 33816 73835 14602 101839 53581 146609 12550 130068 20217 5144 61901 142321 53390 35486 31032 58914 68412 115984 12523 7363 76260 35671 42777 23895 56248 18083 66371 27575 96657 96332 54047 27504 63250 5603 92705 102379 53017 79601 36681 62631 78762 28240 82338 31400 6931 34549 18876 150108 115374 81794 45899 83468 18781 64965 79061 20446 32202 136646 128578 120728 87415 80839 24279 10514 47963 54833 64240 60169 53723 107548 88032 63605 167500 40873 52090 52055 98756 19558 30812 21909 8828 16857 11292 29082 56995 13369 24276 50567 103651 84715 8532 64112 15013 73157 58235 100324 59536 53233 107098 15717 19937 28004 95962 108218 84895 97152 122802 106829 63700 40538 58339 2068 99042 57591 32541 54406 41512 53724 64533 101839 108218 30970 28240 92737 8828 18876 64112 66371 10514 54000 96657 15013 90478 92510 107548 82338 72053 87415 81794
33342 49998 98056 40325 33472 9929 81145 69669 33193 55149 34431 43271 69185 34939 21601 42859 60851 28516 38831 56305 47283 107251 86400 36012 30579 52844 54448 38944 107456 40634 112980 110035 17246 40799 0 86916 84818 56467 32576 48655 64389 39875 93897 34755 27614 93827 65725 84148 67726 51338 121434 29003 41939 43866 102120 65082 96064 49737 110413 41114 47640 82325 55943 25244 25671 108476 30215 54810 33938 113188 94837 63900 77667 65299 118295 62547 70491 54650 102042 81531 60285 55814 76520 53370 44844 55205 98207 76363 107005 35122 122293 53982 45292 25394 112444 12621 41497 33133 22525 45038 82963 28349 48106 36006 8090 6302 62033 85125 58834 30057 47423 55918 80508 27698 68230 23898 46358 56905 62703 15682 72020 56493 22138 62120 49182 58405 40207 40232 70881 56411 128906 106605 61530 85298 47976 25742 32229 46149 61108 72114 96119 122142 80161 52044 48124 64539 48925 7258 22052 23452 86326 13055 68182 68692 35700 129320 10531 28943 17556 80756 33714 49514 33868 41855 32458 32042 26205 16333 29344 64533 10450 85122 54400 45948 26484 26298 54628 21019 85345 43792 36329 77665 36441 44260 54791 64221 92990 47590 78351 85085 97079 93947 75510 80223 40352 77410 17271 73264 88679 17013 85420 33342 98207 92990 70491 49182 102042 41855 56411 26484 30057 48925 25244 55918 26298 54448 84818 68182 58405 93897 52044 61530
86633 45429 93560 95865 101939 96845 52788 75947 112358 64590 70541 63588 97207 93584 79664 128673 64585 78335 105202 105229 113059 178921 105074 115933 58426 60386 110987 92733 95398 101769 102062 101824 97173 62991 86916 0 66132 36154 108367 50886 42872 55330 9520 117574 89328 12343 86647 50446 137211 91043 77665 64891 70149 130772 91273 57047 80442 106860 178789 46166 62633 161615 90029 109434 111099 183377 56873 81493 65084 64159 16257 58133 164577 77699 71159 62500 47174 52561 40609 77966 147130 84368 20916 95073 88237 61881 65754 10555 169434 57141 93255 43114 63987 112310 139907 97205 98455 54080 90821 77918 124470 67682 59699 111172 78846 92229 71953 12231 60253 95021 89677 131889 80985 77032 61131 109986 61841 112171 146181 88985 59550 30506 101502 72754 38617 85323 94380 69777 80591 46958 130766 83152 79556 46469 134868 63848 118584 97323 55638 48983 165845 90120 151610 107402 98129 64811 67621 93135 107968 105925 5356 98131 152029 81513 120137 182956 93387 109970 103846 85918 54764 92755 84547 54854 57214 61665 89670 98018 73440 64824 96859 89992 96644 54624 95815 72452 73108 107934 82200 120537 113472 110672 54005 82156 35468 106711 87921 109581 86152 141405 78459 16232 30991 7252 61327 91861 102706 62031 26665 97160 19379 86633 65754 87921 47174 38617 40609 54854 46958 95815 95021 67621 109434 131889 72452 110987 66132 152029 85323 9520 107402 79556
59761 81103 27428 62980 75090 92053 108573 120460 90092 103723 94983 94934 43597 64744 64656 111967 107129 97695 74899 131855 129586 135268 43417 120807 75750 98705 70365 60863 30569 120283 37401 36442 82596 92510 84818 66132 0 45033 84439 86310 90762 83134 63410 97929 66369 59923 34568 108081 98248 120706 37978 84328 99856 120381 25777 103522 15299 68602 132341 66922 97160 128217 122696 109410 108911 142361 69478 116320 89138 33981 56781 103719 149434 119421 36666 106455 98469 92851 39738 14515 135893 40126 45845 124374 52160 101514 14991 62732 119599 80247 38210 82365 96744 104385 76571 87258 119146 62758 71539 44265 69491 87170 94806 85474 78930 90999 113457 76285 102418 69919 117548 100284 18399 58504 108565 98219 95538 70113 121345 75051 13258 62158 84109 26108 67315 38924 116071 98382 124379 88712 64898 22949 31417 105398 122427 78677 113275 60146 99952 100906 122053 37527 111494 67570 59552 109404 102305 86676 105096 89782 70713 88416 126975 27306 119018 126524 95220 113739 100599 23734 73417 120710 105887 84550 76543 83209 104397 84601 93965 109411 89855 26281 53305 88041 73508 90672 33160 100555 17376 128568 121034 54701 76827 110607 72394 58140 21871 73691 25368 91680 14450 82342 87397 61121 90473 32354 91801 111923 90336 101518 82733 59761 14991 21871 98469 67315 39738 84550 88712 73508 69919 102305 109410 100284 90672 70365 0 126975 38924 63410 67570 31417
50585 36195 69959 59715 66226 66060 64667 75553 77581 59092 53445 51373 63871 57544 44807 95578 62224 58314 69246 91254 93077 142767 74674 90075 35159 54048 74923 56584 75271 82499 82054 80619 63440 49264 56467 36154 45033 0 73199 41608 46072 39679 40353 83467 53695 39258 53772 64749 101074 78725 73258 43812 56972 99544 70158 58502 60214 70735 142695 23662 53035 125996 79913 81159 82032 147278 30238 72806 47304 62176 39404 58687 132697 74770 68460 61464 53989 47892 46532 51807 116070 49694 20390 82630 52245 56775 52778 27133 133634 37930 81393 37333 52955 81221 109295 64738 80374 24511 55789 42087 90310 46902 50485 75817 48586 62502 68737 40700 57480 59321 76019 96176 53691 41426 63546 77599 51502 76178 111666 54960 33347 17503 67314 40407 22403 51035 76751 55729 79569 43679 107623 67297 46405 62686 103127 39611 88658 61238 54920 56447 129698 79645 115477 71332 62105 64407 58350 61539 78491 72207 38100 65786 117565 50068 91869 148266 65011 83353 74021 57626 31942 79274 66197 40742 35206 41751 67562 64621 53832 64414 65307 62350 61117 43705 60499 51249 38808 76834 56553 96348 88781 77331 34234 68606 27433 71646 63881 73432 56980 105821 59464 49202 45096 28921 47196 61337 70242 66997 51904 70146 45134 50585 52778 63881 53989 22403 46532 40742 43679 60499 59321 58350 81159 96176 51249 74923 45033 117565 51035 40353 71332 46405
25279 79268 88245 22253 9444 28295 112302 102245 5722 87497 66931 75428 52906 19696 28713 27879 93192 60986 11839 84943 71199 75453 69463 52328 59500 84877 27387 23780 98737 68201 102842 99346 15342 72816 32576 108367 84439 73199 0 79143 94354 70348 113503 13806 19938 112443 54646 114967 35161 82551 122363 60392 74480 38340 93984 96870 91216 24102 78091 66632 79798 53507 87489 40115 37333 77643 56557 87120 65889 117347 112354 95787 64995 97847 120940 94762 101178 85803 112601 75904 52308 45724 93182 84018 32701 87379 99343 98244 74460 65201 117591 83209 77526 28354 87921 21019 70334 56172 17548 40378 56849 60297 79981 3446 37247 33191 94599 109496 90896 14957 78682 24534 73448 31880 100318 20719 78417 29820 38866 20779 74143 79892 10498 58374 74637 47745 70103 72754 103404 86718 111797 102471 54150 115612 39170 55778 36708 27006 92758 103018 63844 118584 47962 26606 28538 96873 81405 26128 34582 12033 109096 21258 44769 60454 44816 97325 37693 46877 32253 71507 61744 80352 65605 72494 61590 63018 56667 16391 61902 96869 25108 74650 36494 76961 12731 58751 51350 27049 78299 60908 55488 56327 65495 76392 81441 41942 84621 19501 68709 53832 93170 118521 103652 101176 72128 64973 19711 105354 115813 42403 111303 25279 99343 84621 101178 74637 112601 72494 86718 12731 14957 81405 40115 24534 58751 27387 84439 44769 47745 113503 26606 54150
67083 5944 109699 77162 76629 57491 33265 34244 81016 17484 20682 12702 94909 72625 54396 90834 20976 29370 81527 54566 62603 154591 109281 68581 19966 12441 93797 74427 116030 51310 122713 120952 64388 12386 48655 50886 86310 41608 79143 0 15819 8833 60076 83378 65590 61813 86682 35825 113589 40588 113892 19827 19263 89078 110764 19718 101273 88866 156902 20318 12325 130879 40363 64970 67517 156539 24792 32357 16598 101924 64620 19237 122544 33167 108587 20741 22039 7572 82470 91176 104371 79235 52422 44647 75048 15204 94294 41791 151507 13946 122995 7857 13237 71721 141983 61182 47773 29234 63692 68146 117369 21326 9434 82538 42172 51773 27157 43865 16450 70690 38916 103506 92309 56057 24393 72152 11200 95857 111256 58570 73908 26603 69446 75753 19260 81422 43673 18949 38071 7763 146578 108835 79736 36676 93838 23390 75637 81434 15458 23897 142767 121190 127005 90512 83063 23671 17702 55908 65223 71853 47891 61695 116632 85397 74951 171105 50728 63642 62025 95305 18766 42057 34294 6801 17866 16628 41073 64162 24803 23675 58948 100208 85879 3854 69108 25325 71058 67791 95920 71775 65315 107230 14344 31330 16775 97284 103656 88996 94001 126468 100757 51347 28636 46576 11074 96717 65899 28946 42490 52314 41422 67083 94294 103656 22039 19260 82470 6801 7763 69108 70690 17702 64970 103506 25325 93797 86310 116632 81422 60076 90512 79736
80557 15237 116018 90742 91294 73304 19678 33424 96465 22389 35275 25767 105521 86506 68534 106653 21727 44182 96025 64165 75187 169713 118690 83348 34854 19062 107426 87867 121210 64088 128017 126664 79825 26699 64389 42872 90762 46072 94354 15819 0 24518 52392 99063 79785 54930 96510 21223 128420 49860 113951 35645 31613 104765 116161 14446 106041 102553 171752 30840 22981 146494 48036 80468 83115 171915 38533 39375 32111 101179 58402 15367 138106 34844 108101 19639 8149 12024 79646 97774 119902 90033 50639 53752 87488 19772 96505 36052 165800 29373 125482 11512 25101 87517 152402 76865 60144 41442 78393 79584 129447 37085 20499 97716 57698 67592 29085 33186 17552 85098 49234 118818 99454 69422 19055 87958 22949 109365 127040 73641 79418 28642 84864 84420 25552 92008 56071 31999 38017 8098 153609 112339 89282 21282 109560 38877 91262 94586 12789 10579 157700 123200 142040 104033 96094 22049 26869 71631 80918 87469 38708 77407 132435 94232 90248 184549 66500 78777 77795 103057 32836 52030 47851 22596 32765 32418 55746 79699 39935 22061 74722 107884 98115 19042 83851 40891 80778 83603 102534 85857 79790 118367 28872 42255 18866 109498 109938 103123 102112 140112 105078 39094 14564 40587 26001 105665 81652 21443 28141 67862 28889 80557 96505 109938 8149 25552 79646 22596 8098 83851 85098 26869 80468 118818 40891 107426 90762 132435 92008 52392 104033 89282
59020 10987 105247 69006 68003 48835 41982 39277 72185 21907 15380 11810 88204 64341 46061 82222 26693 23049 72958 52432 57850 145800 103143 61628 11589 17398 85574 66348 112164 46603 118736 116760 55559 9586 39875 55330 83134 39679 70348 8833 24518 0 64102 74574 57182 65381 80461 44634 104880 39273 112893 11309 17339 80865 106815 27494 97753 80627 148177 16264 14344 122057 40237 57115 59495 147711 17226 33266 9759 101487 67773 26729 114496 37118 107939 27196 30858 15665 83442 86726 96385 72534 53569 43253 67482 20383 92285 45486 142959 5251 120575 14725 13629 63276 135202 52375 43542 22697 55071 61186 109824 13295 12551 73749 33340 43169 31545 49809 22845 62175 36857 94688 87539 48120 31758 63468 12642 87685 102527 49824 70311 27579 60619 70297 18929 74821 39552 16226 42521 16552 141550 105955 73735 45503 85555 14573 67552 73472 23206 32670 134022 119047 118238 82346 75154 29943 19231 47120 57033 63029 53002 52902 107935 79742 67337 162873 42392 56287 53669 90169 11313 40114 29371 2221 9568 7959 34570 55330 18180 29944 50206 95075 78363 6968 60462 17770 65052 59273 91414 65515 58706 100190 6897 29274 19870 89731 99270 80565 88676 118190 97492 57858 36480 50169 7519 90906 57134 36589 50170 44436 48280 59020 92285 99270 30858 18929 83442 2221 16552 60462 62175 19231 57115 94688 17770 85574 83134 107935 74821 64102 82346 73735
90765 54506 90645 99553 106568 103801 61775 85432 117772 74071 79413 72764 97899 97719 84963 134969 74104 86994 109483 114538 121938 182325 104278 124048 66365 69823 114022 96450 91472 110668 97974 98063 103110 72053 93897 9520 63410 40353 113503 60076 52392 64102 0 123382 94048 3909 87261 59215 140917 100390 70655 73253 79326 137732 87704 66551 76925 110132 181742 53808 71951 166337 99463 117061 118559 187212 64233 90947 73819 57100 8061 67646 171394 87217 64005 72019 56593 61997 33286 76241 154180 86060 21592 104428 91229 71360 60994 18630 171741 65577 87394 52365 73240 119251 138840 103642 107447 60793 96035 80745 125396 76125 69009 116157 85807 99429 81473 20888 69765 99668 98947 136505 79536 81777 70600 116502 71112 115025 151795 94757 58635 38158 107233 73434 46676 86745 103391 78890 90079 56388 127156 78444 80448 55089 141676 71756 125867 100484 65158 58353 169131 84027 155318 110468 101123 74322 76992 99835 115317 111895 14169 104614 157679 81581 127812 184015 100900 117924 111090 84679 62673 102048 93430 63756 65300 70111 98181 104104 82093 74334 103593 88434 98921 63768 100824 80908 74762 114854 80187 128933 121763 111209 62297 91395 44257 108460 85267 113238 85222 143492 74680 21904 40306 14070 70335 91332 109168 71398 34496 104970 27771 90765 60994 85267 56593 46676 33286 63756 56388 100824 99668 76992 117061 136505 80908 114022 63410 157679 86745 0 110468 80448
38322 84445 102008 36058 23223 26962 115859 102458 8107 89191 68339 77657 66440 33291 38751 14105 94865 61114 25233 79981 64131 73780 82726 43555 64715 87275 39254 37523 112516 63205 116560 113043 20435 75315 34755 117574 97929 83467 13806 83378 99063 74574 123382 0 32217 122627 68448 118898 37937 79901 135893 63756 75555 24946 107781 99620 104989 36777 77934 73701 81993 47589 85139 32598 29203 74164 63028 86144 68541 130539 122865 98385 51634 97680 134311 96741 105245 89393 124773 89669 38502 59510 103761 80726 46453 89492 112775 107210 77088 69712 131387 88437 79581 19551 98970 22199 66050 63969 28262 53711 67799 62992 82666 14047 41503 32780 95204 117540 93210 28035 76192 23472 87242 43151 102536 13508 80807 41500 28725 28629 87293 88068 16159 71934 81866 61547 66616 73973 103002 91124 124703 116239 67892 120040 25411 60234 26076 40716 95723 106863 63707 132354 47907 39174 42175 98539 82712 27498 27572 11837 117808 21700 34507 74247 34455 101845 35939 39368 27020 85309 67498 77354 64150 76583 66706 66785 54363 19859 63076 98533 24753 88420 50116 80703 24795 60474 64778 20379 92099 51710 47475 68954 70706 75236 88177 54710 98422 31584 82509 60677 106914 126524 109689 110502 74995 78697 17736 107548 122503 38810 118643 38322 112775 98422 105245 81866 124773 76583 91124 24795 28035 82712 32598 23472 60474 39254 97929 34507 61547 123382 39174 67892
6976 64555 74107 12935 12623 29962 98726 93155 25009 76913 57781 64649 42248 7620 11252 45966 82438 54117 16508 83907 74103 91136 59573 59255 45656 73463 28678 11330 84178 68176 89054 85816 17034 61810 27614 89328 66369 53695 19938 65590 79785 57182 94048 32217 0 92842 40482 100909 49270 78224 104319 49003 65324 54041 79081 84620 74818 23728 92390 50127 68859 72329 82499 46781 45274 94635 41253 80198 55087 98463 92619 83760 83790 89404 102431 83559 87213 72828 92771 59563 69564 30610 73456 80552 18125 76246 81037 79428 86024 51937 101432 68317 66878 38960 84858 23131 69109 39246 5878 22247 55774 49849 68388 22240 27684 31857 85217 91321 79380 5724 74326 42562 57688 12300 88651 32186 67282 30943 58804 12163 55240 61922 17762 40807 57718 33064 67725 63497 95113 72706 102385 85936 37972 100975 56084 43249 48048 18602 80352 89278 78591 101989 63399 25707 20566 86014 71588 25014 41622 23430 90400 24178 64707 44921 54836 105785 37026 52564 37624 56780 47057 76643 60618 59403 47742 50887 53730 19230 53464 86013 26891 60644 26868 64120 7436 49811 33336 35646 62632 67797 60991 50069 51305 70252 64888 36655 69695 23407 54127 61075 76431 100318 87439 82093 60665 51917 26500 93592 98800 43320 93725 6976 81037 69695 87213 57718 92771 59403 72706 7436 5724 71588 46781 42562 49811 28678 66369 64707 33064 94048 25707 37972
89315 56127 87077 97900 105293 103696 65066 88154 116835 76311 80746 74451 95203 96252 84046 134451 76580 88112 108053 116368 123220 180460 101159 124669 66985 71946 112088 94815 87740 111983 94217 94351 102456 73605 93827 12343 59923 39258 112443 61813 54930 65381 3909 122627 92842 0 84565 62620 139206 102295 66770 74158 81003 137580 84028 69211 73268 108294 179709 54299 73843 165027 101547 117349 118736 185514 64490 93091 75036 53215 4200 70256 171130 89772 60131 74568 59477 64132 29407 72943 154065 83710 19643 106345 89327 73598 57182 20034 169483 66565 83490 54208 75031 119112 135622 103247 108866 60696 95047 78812 122731 77085 70894 115023 85746 99477 83959 24261 72159 98416 100729 135178 76296 80619 73377 116127 72934 113022 150912 94040 55595 38802 106468 70796 47491 84303 104834 80488 92791 58523 123451 74625 77854 58555 141432 72334 125923 98624 67641 61311 167231 80119 153592 108551 99198 76942 78968 99592 115430 111241 17409 104243 156807 78737 128118 181345 101141 118436 111144 81480 63289 103862 94751 65160 66027 71093 99151 103523 83216 76955 103361 85153 96741 65437 99731 81867 72434 114709 76816 129769 122523 108446 63188 93138 45649 106081 81755 111545 82099 141181 70985 25774 43333 15266 71832 88302 108776 74357 38160 105400 31269 89315 57182 81755 59477 47491 29407 65160 58523 99731 98416 78968 117349 135178 81867 112088 59923 156807 84303 3909 108551 77854
33585 83063 33833 32409 45292 70092 116076 119715 60344 102358 87574 91144 10639 35936 44203 82473 107064 87070 43626 120107 113003 100987 22688 99589 69935 97810 36209 31321 44180 105704 48691 45380 57457 88305 65725 86647 34568 53772 54646 86682 96510 80461 87261 68448 40482 84565 0 116875 63774 111798 70463 76917 94208 92665 39346 106193 37276 35108 98489 66609 94572 93987 115136 87196 85756 107874 63531 110728 82884 68429 82533 105866 118687 117213 70421 107272 104657 94179 71809 22448 106943 9966 66108 114832 22650 100801 49093 79625 86515 75998 63179 85754 93312 79161 55959 63579 105804 57781 46347 21064 38172 79016 93010 54846 62554 71042 111899 93716 102910 41941 108107 66893 19334 38409 111023 72018 92849 35735 88854 51929 30204 69959 57315 13896 70963 7431 103637 92446 122772 91730 63519 48477 7376 115391 93799 70509 88252 28005 102033 107070 87712 64472 76926 33719 26884 110137 98819 64887 82094 62715 89930 64643 94258 7263 95271 96780 76031 92782 78031 16861 69187 110906 94795 82452 71525 77235 90158 59671 84729 110139 67180 20253 19570 86936 46227 80978 15739 76051 23961 108051 101044 24028 73566 102457 77946 23697 29975 40526 14064 58201 39605 101634 98379 80010 86551 11687 66886 115366 105642 82524 98717 33585 49093 29975 104657 70963 71809 82452 91730 46227 41941 98819 87196 66893 80978 36209 34568 94258 7431 87261 33719 7376
101775 36377 134308 111958 112270 92542 4321 33194 116794 33226 52140 42221 126154 107692 89660 125553 28872 60799 117072 72110 86830 190413 138759 98641 55624 32974 128643 109088 138645 76523 145477 144435 100181 44110 84148 50446 108081 64749 114967 35825 21223 44634 59215 118898 100909 62620 116875 0 149327 58683 127036 55147 46413 122458 133806 20972 123349 123765 192655 51987 38237 166472 55112 97651 100613 192328 59666 47089 50572 113732 66666 22527 155065 37355 120757 26173 13793 29513 90694 116434 136841 110789 64488 61946 108644 31685 111942 47644 186933 49767 140670 32732 40719 106008 172833 96749 72196 62655 99343 100560 150487 56011 36827 118361 77946 86718 33901 38361 27875 106168 59430 139322 118429 90641 20816 107212 39013 130587 146377 94368 97670 47398 105244 104357 46135 112685 68416 47449 37388 28311 172121 128577 109572 4529 127403 59207 108783 115805 23967 12034 178548 137992 162812 125254 117306 26303 39769 91402 98836 107503 45222 97200 151605 114167 106711 205770 84981 94991 96157 122351 53871 61502 62373 42515 53517 52194 71606 99899 57309 26317 94268 127094 119224 38216 104786 59104 101199 102336 121151 99724 94556 139151 49741 53995 38965 130589 128262 124277 121614 161331 122066 39668 20967 51162 44105 125576 101275 17817 25675 85388 31477 101775 111942 128262 13793 46135 90694 42515 28311 104786 106168 39769 97651 139322 59104 128643 108081 151605 112685 59215 125254 109572
50695 113204 91754 41385 37172 62592 146848 137386 35300 122616 102090 110502 56264 43815 60323 44096 128306 96054 32763 117798 102022 41929 67258 81140 93704 119894 28203 44506 102175 100986 104186 100421 50503 107854 67726 137211 98248 101074 35161 113589 128420 104880 140917 37937 49270 139206 63774 149327 0 116859 133808 95305 109641 57153 98645 131764 99768 31178 43333 99336 114865 30719 121949 70531 67106 46307 90029 122045 100925 132185 138341 130725 67030 132944 134127 129831 135543 120472 133264 85904 63369 59014 119563 118001 50175 122441 112867 127731 39559 99666 123655 117066 112619 57467 70543 55832 103649 88489 50030 60673 42163 95351 114954 31723 72194 67912 129756 140171 125912 43663 113050 15309 82398 61064 135331 51173 113456 28164 34595 55079 91615 111009 45597 73809 106986 59676 103921 107914 138474 121016 103416 110494 67301 149695 54669 90388 63128 40830 127605 137479 29346 125778 14406 31426 40573 131983 116560 61119 65483 45519 138772 55886 37911 71004 71354 63913 72039 77282 64561 78462 95590 114481 100317 107064 95810 97793 91000 51456 97061 131979 59644 79603 45246 111631 44569 93907 69068 58147 86410 88974 85260 50934 99603 111239 114132 41017 90292 27681 75804 25381 102449 149113 136660 129965 107092 69677 53335 140361 148056 75939 142867 50695 112867 90292 135543 106986 133264 107064 121016 44569 43663 116560 70531 15309 93907 28203 98248 37911 59676 140917 31426 67301
82936 46440 140520 91149 84737 54359 54406 28442 81572 27604 25727 28264 117453 85786 69506 80941 30240 24769 90086 14311 28808 153316 134007 45308 44956 30960 105779 89388 148421 20242 154732 152387 67821 29805 51338 91043 120706 78725 82551 40588 49860 39273 100390 79901 78224 102295 111798 58683 116859 0 151978 36435 21996 73508 142995 38886 134709 101040 157815 55067 28453 124816 5430 49667 53275 152618 51276 11601 31672 140731 105184 37316 102488 23122 147137 32969 49762 38677 122509 122324 84886 102540 92501 4059 93822 30124 130879 82314 156413 40894 158677 48087 27363 61760 162712 61547 15940 57987 73645 90886 133984 33725 31401 85818 50789 49396 24880 82705 32938 81290 3915 103266 122488 74264 37881 66408 29398 108228 102293 66844 107558 66412 72168 104205 58043 105083 13726 23054 26659 44208 175024 143655 106039 62230 78594 42402 60506 96781 37908 49558 143606 157412 127793 103312 98726 32398 23440 56666 53324 71377 87585 61299 106444 112798 55468 179874 44904 44410 52936 124241 47439 3152 17605 38625 44241 37542 25900 66338 27292 32384 57458 129041 104223 37157 77821 30949 97746 59707 126816 43657 40491 127483 44538 10149 57249 114733 134766 98893 122322 136088 134797 88954 64333 87102 31831 123165 63527 41283 77357 41099 78749 82936 130879 134766 49762 58043 122509 38625 44208 77821 81290 23440 49667 103266 30949 105779 120706 106444 105083 100390 103312 106039
97738 108102 45859 100708 112985 129221 128687 146515 128031 131170 126577 124494 77629 102671 102066 149941 133457 130757 112584 164316 164375 168117 70948 157400 107801 126167 106656 98705 38462 154406 41821 44307 120392 122476 121434 77665 37978 73258 122363 113892 113951 112893 70655 135893 104319 66770 70463 127036 133808 151978 0 116553 130214 158293 38963 128067 34316 105455 164070 96911 125834 164293 153123 146411 146142 176013 102113 145823 120465 13556 62594 128651 187354 146566 6775 132190 120577 119218 37370 48036 173863 77454 63359 155870 89913 128661 23393 79476 150055 111129 21029 108224 125970 142048 96568 124814 152736 95588 109420 82243 99804 119584 123137 123312 114960 127704 140463 89806 128661 107894 149225 137273 51427 96022 132919 136045 124384 106069 158829 112670 49681 87457 122040 63990 94792 75940 149322 128986 150859 114218 69419 24827 68730 123428 160393 111630 150850 97508 125210 122823 155250 16772 146295 104166 96737 135009 131221 123889 142331 127714 83014 125974 164373 63471 156295 152014 131625 150344 137788 55450 104865 152472 138839 113850 108129 114784 138811 122359 126537 135019 127201 55056 89934 116441 111482 123630 71136 138127 47456 164848 157239 85891 107455 141851 97836 92852 44892 110749 58042 123533 31461 92543 106294 75890 120411 64460 129503 135272 104330 137735 96962 97738 23393 44892 120577 94792 37370 113850 114218 111482 107894 131221 146411 137273 123630 106656 37978 164373 75940 70655 104166 68730
51847 22170 104325 61436 58920 37669 52186 44396 61818 27911 10869 15647 83661 56457 38332 71009 33464 14580 64061 47829 49810 135747 99495 51154 8753 24666 77675 59024 112045 38913 118403 116128 45300 12812 29003 64891 84328 43812 60392 19827 35645 11309 73253 63756 49003 74158 76917 55147 95305 36435 116553 0 17339 69565 106625 36480 98274 72720 138460 20803 19875 111326 38879 45968 48262 137319 14853 33823 6194 105909 76179 35421 103231 41061 112057 34715 41497 25660 89601 86023 85144 68212 60424 40050 61413 27344 94899 54673 133911 7792 122384 26000 17880 51978 130183 41604 36585 21572 46132 56561 103407 3103 19667 63827 23146 31947 36420 60358 30667 53566 33220 84473 86332 41534 40065 52336 18336 79909 91464 40331 71151 35433 50365 68268 26671 70654 32940 15550 46758 27580 139485 107275 70694 56341 74247 6418 56289 66366 32371 43113 124230 121230 108351 74625 68165 37072 22792 36258 45745 52377 63034 42056 96818 77204 56318 154690 31084 45495 42359 88345 11896 36387 22387 13063 8668 3428 25009 44871 10024 37069 39192 93198 72261 16951 51361 7764 62180 47998 90564 55684 48582 94881 10970 26428 29732 83436 98509 72089 86563 109990 98373 68650 47773 59189 11812 87951 46174 45083 61419 33308 59268 51847 94899 98509 41497 26671 89601 13063 27580 51361 53566 22792 45968 84473 7764 77675 84328 96818 70654 73253 74625 70694
68702 24879 120978 78021 74292 48596 42649 27961 75015 13867 7615 6563 100997 72894 55072 80402 19422 14788 79573 35546 43775 148967 116810 52442 24707 13545 93942 75757 128352 32570 134819 132676 59138 7810 41939 70149 99856 56972 74480 19263 31613 17339 79326 75555 65324 81003 94208 46413 109641 21996 130214 17339 0 76301 122959 25565 114227 89013 152322 33396 8680 122833 22973 51386 54470 149719 31248 16715 11334 118824 83718 24091 108660 24087 125278 21538 34302 19591 100529 102554 90442 85549 70541 26013 78583 14809 109442 60969 148800 19612 137556 27067 6536 60601 147461 54218 28787 37749 61861 73900 120364 15669 11159 77918 38120 42780 20157 62820 18674 69487 19858 97696 103065 58669 27472 62881 8734 96249 101656 55569 86860 44450 64074 85234 36046 87987 24681 1834 29799 24476 156551 122761 87903 48839 81306 23755 62605 83157 22527 35045 138022 136130 122056 91031 85000 23058 7191 48795 52981 65015 67095 54388 106598 94322 60298 170457 40010 48581 50760 105291 26518 23073 16352 16629 23533 17153 25194 58265 12602 23051 50938 110168 89390 15567 66828 15804 79340 57283 107166 54364 48586 112140 23069 12212 35546 100480 115087 87933 103589 125867 114119 69890 46008 65745 9849 105168 57877 32359 59740 39415 59775 68702 109442 115087 34302 36046 100529 16629 24476 66828 69487 7191 51386 97696 15804 93942 99856 106598 87987 79326 91031 87903
60801 91706 126419 60319 47457 33942 118849 99970 32854 90068 70334 80268 91238 56870 57273 13155 95384 61680 50058 69202 50486 84074 107651 29142 73480 89520 64064 61387 136841 53870 141100 137632 38115 78580 43866 130772 120381 99544 38340 89078 104765 80865 137732 24946 54041 137580 92665 122458 57153 73508 158293 69565 76301 0 131985 101822 128565 61721 90256 84819 84225 53498 78934 24957 21849 81465 73968 82399 72666 151924 138448 100376 33899 94738 156197 97709 109548 93610 143741 113242 16526 83373 119847 73068 70240 91097 134957 120217 93216 76874 155123 95564 81742 18481 123052 35013 57796 76940 48880 76270 92007 67761 85711 38978 51950 38674 93788 128588 94963 51072 70392 41918 111063 62860 103654 22536 83465 66244 30508 46333 108917 100317 36281 94809 92780 85558 59842 75109 99376 96678 149634 139759 91453 124461 5105 68215 13697 65325 98500 110705 76999 155855 62829 64107 66878 98856 83322 38046 23855 30612 130080 33911 33621 98093 18331 119502 38504 29144 27328 109483 76903 70505 61479 82491 75131 72965 51494 36318 65234 98847 34270 112809 74834 85724 47105 63890 87374 22878 115974 34859 34063 93857 78954 71989 97930 79647 122588 56484 106712 81993 130309 137283 117339 124088 78923 103241 29663 108404 130947 37085 128375 60801 134957 122588 109548 92780 143741 82491 96678 47105 51072 83322 24957 41918 63890 64064 120381 33621 85558 137732 64107 91453
72106 105807 7125 71754 84638 107814 134224 145007 99675 127996 117466 118499 43088 75162 80692 121783 131715 119084 82836 153188 148743 130337 32724 137315 98374 123032 73347 70602 5436 140311 11950 10668 96107 115927 102120 91273 25777 70158 93984 110764 116161 106815 87704 107781 79081 84028 39346 133806 98645 142995 38963 106625 122959 131985 0 128580 10831 73324 125825 90859 121067 129363 145453 125196 124070 138640 91892 139622 111896 43809 80532 128692 157637 143637 42064 131210 123964 117576 59654 20842 146266 48700 71384 146473 61797 125910 28179 88405 111486 103440 25012 107344 120429 118027 58388 101845 139707 85262 84844 57565 61669 109271 118879 94102 97486 107932 137774 101796 127075 81090 139618 104463 21636 74482 133624 111061 119400 72229 127045 89801 36923 87519 96377 40061 92114 46442 136981 121379 148767 113698 39509 14260 41175 131162 133144 100595 127121 67193 124883 126410 117752 27375 110100 71537 65916 134165 126043 102465 120327 101866 96026 102954 132209 34160 133835 113131 112643 130351 116074 22502 96464 142681 127212 108402 99430 105946 124397 98287 115807 134172 105136 19606 58185 112188 85285 112293 47493 114703 16776 145560 138283 48565 100228 133050 97590 57985 9407 78898 25283 85663 13087 107503 113162 86606 113938 29695 105575 137153 115975 119133 108352 72106 28179 9407 123964 92114 59654 108402 113698 85285 81090 126043 125196 104463 112293 73347 25777 132209 46442 87704 71537 41175
86500 23258 127987 96499 95174 72885 17095 18991 98172 12278 31745 22021 114567 91823 73538 105467 8696 40161 100219 52875 66330 172181 128725 77671 39082 12433 113063 93833 133739 55788 140502 138955 81735 24307 65082 57047 103522 58502 96870 19718 14446 27494 66551 99620 84620 69211 106193 20972 131764 38886 128067 36480 25565 101822 128580 0 118715 108115 174940 39597 17777 147174 36060 76934 79978 173556 44386 27538 31144 115410 72753 1597 134205 20804 122302 6041 11097 12147 94060 109551 115994 98902 64870 42470 94715 10763 110070 50496 170196 32712 139027 21248 20254 85766 161641 77685 51517 48944 82284 87858 137052 36741 16975 100306 59626 67026 15481 46738 6917 89521 39138 120871 110935 75555 5045 87461 18835 115178 126530 76724 91669 41563 86792 94917 36553 101063 47655 26714 23603 14904 165248 125523 99168 23841 106808 41535 88129 100928 4298 10672 160710 136880 144827 109840 102590 7814 18803 72263 78360 88531 52660 78028 131621 104641 85825 190355 64870 74091 75899 114190 38349 41491 41405 25275 37043 34004 50721 81217 37012 7828 74869 119074 105562 20528 87612 39213 90513 82250 114316 78829 73589 126940 33859 33234 31161 116961 121912 107970 113019 145664 117935 51588 27075 55014 24773 116017 81892 9228 39004 64833 41573 86500 110070 121912 11097 36553 94060 25275 14904 87612 89521 18803 76934 120871 39213 113063 103522 131621 101063 66551 109840 99168
67906 96161 14603 69044 81775 102468 123867 135480 96938 118624 109044 109515 43505 71814 75035 119088 122158 111206 80631 145395 141991 133858 37247 131752 89840 113625 73094 67469 15304 133130 22133 21428 91664 107019 96064 80442 15299 60214 91216 101273 106041 97753 76925 104989 74818 73268 37276 123349 99768 134709 34316 98274 114227 128565 10831 118715 0 72339 129972 81633 111899 130370 136928 119916 119063 141701 83443 130802 103325 36118 69815 118885 155777 134309 35837 121547 113763 107925 49575 15333 143434 45500 60601 138288 58539 116464 18442 77662 116211 94630 26616 97524 111382 113659 66799 96977 132270 76746 80392 52696 65785 101022 109615 91723 90847 102069 128383 90995 117472 77502 131439 104048 17951 68783 123760 107004 110255 72322 126128 84776 27447 77422 92470 34291 82398 43588 129371 112700 139338 103877 50337 11260 37139 120628 130113 92413 122704 65126 115103 116201 120953 27367 112054 70840 64110 124499 116973 97077 115273 98078 85202 98114 131514 30825 129016 119976 106582 124719 110894 21310 87714 134556 119382 99250 90767 97373 117194 93786 107700 124506 99986 20771 56826 102876 81487 104286 41910 110099 13437 139800 132387 51652 91303 124673 87618 58752 11194 77791 24008 89337 3131 96672 102627 75804 105002 30193 101083 127167 105209 113011 97580 67906 18442 11194 113763 82398 49575 99250 103877 81487 77502 116973 119916 104048 104286 73094 15299 131514 43588 76925 70840 37139
22027 87409 67020 11830 17210 49093 121786 116872 29061 100626 81450 88368 30550 16305 34589 49987 106135 77410 12521 105529 93583 72194 46103 75847 69048 97119 4958 14821 77657 89191 81060 77427 34491 85523 49737 106860 68602 70735 24102 88866 102553 80627 110132 36777 23728 108294 35108 123765 31178 101040 105455 72720 89013 61721 73324 108115 72339 0 71977 72173 92564 59858 105530 63384 60892 77366 64217 103653 78813 102543 107310 107299 84432 113080 105080 107216 110189 96213 102277 57528 74279 28575 88666 103105 19030 99924 83501 97712 63779 75403 97849 91041 90598 52283 64350 41413 90690 61290 27477 29554 33706 73572 92039 22799 51133 52652 108940 110641 103009 19783 97125 31818 54426 33156 112235 44618 90977 7249 53844 34215 60898 82136 31560 43259 79237 29685 89773 87189 118784 95769 87934 83488 37204 123554 61817 66903 60791 9685 103831 112328 59025 99378 45440 2531 9440 109699 95313 45255 57837 35386 108745 42098 59179 41984 68833 82251 57724 69969 54876 51405 70163 99252 83494 82848 71108 74544 75823 36465 77033 109697 45734 53717 15542 87588 23300 73423 38028 50518 58946 84497 78641 32269 74525 93502 86583 17944 64228 5593 48595 37609 74710 119465 109098 99646 84350 43649 42162 117149 119582 63423 113894 22027 83501 64228 110189 79237 102277 82848 95769 23300 19783 95313 63384 31818 73423 4958 68602 59179 29685 110132 2531 37204
93160 156534 118712 83322 80479 104344 190154 179824 77330 165526 144842 153504 88774 86464 103537 78954 171226 138365 75916 157038 139663 9064 93206 118096 137032 162967 67807 86451 127951 140490 127868 124254 93341 150905 110413 178789 132341 142695 78091 156902 171752 148177 181742 77934 92390 179709 98489 192655 43333 157815 164070 138460 152322 90256 125825 174940 129972 71977 0 142517 157876 38542 163069 109289 105673 18798 133338 163925 143978 165158 178433 173870 84094 175214 165756 172836 178870 163742 170260 118454 89507 96614 160176 158530 90592 165458 145837 169689 15730 142971 149966 160390 155588 96449 78751 98141 143632 131634 93359 101021 64271 138384 158070 74648 115316 109942 172334 182541 168986 86861 154121 54789 114594 103892 178408 91410 156505 66719 60216 98354 128422 153717 88330 110837 150065 96519 144438 150634 180642 164345 117039 139413 103795 193026 86187 133659 99985 81467 170807 180796 14306 152935 30275 71389 80688 174911 159337 103543 104868 87440 180721 98043 58979 105574 107444 37188 113634 115644 104884 109724 138920 155228 141976 150353 139138 141018 132278 94080 139720 174907 101650 109243 83113 154898 87901 136704 107649 98136 117573 124870 122719 78390 142936 153033 157270 74960 119180 69789 107511 40747 132987 191400 179828 171589 150214 100598 94944 183444 190982 116740 185571 93160 145837 119180 178870 150065 170260 150353 164345 87901 86861 159337 109289 54789 136704 67807 132341 58979 96519 181742 71389 103795
50150 16488 89557 60343 62234 51008 50472 54359 69655 37176 29851 28073 75159 56396 39014 83630 41208 35365 66609 67658 70605 141087 89128 70379 12786 32265 76985 57389 96176 59708 102799 100927 53412 25783 41114 46166 66922 23662 66632 20318 30840 16264 53808 73701 50127 54299 66609 51987 99336 55067 96911 20803 33396 84819 90859 39597 81633 72173 142517 0 30266 119951 56368 63306 64933 144063 10905 49530 23697 85781 55991 39320 118697 52783 92112 41060 38825 27669 68833 71021 101087 59548 39656 58968 56659 35193 76061 35641 135773 14307 104311 19501 29831 66421 122201 52229 57267 10918 49642 48838 98628 23895 28021 69824 33159 46171 46958 44089 36760 55678 52364 91100 72056 39044 44467 64706 28628 78840 102396 46003 54188 15692 58190 55447 8172 61633 53514 32102 57970 25196 126291 89711 59572 51464 89054 18056 72446 63926 35471 41139 128679 102797 113322 73534 65382 43988 35383 47709 61816 61866 45261 53046 108107 65116 74037 153885 47223 64147 57738 74994 9129 55620 42972 17630 12177 18343 45549 53843 30673 43992 51336 79898 67275 21347 55075 28517 50917 62084 75748 75690 68344 87785 10591 44944 14842 78661 83535 73145 73683 109597 81306 52989 37324 39817 23719 76462 57604 48758 49182 51162 44950 50150 76061 83535 38825 8172 68833 17630 25196 55075 55678 35383 63306 91100 28517 76985 66922 108107 61633 53808 73534 59572
71495 18266 119573 81209 78729 55178 34650 25201 80820 8092 13980 4373 102058 76283 58090 87690 13590 22562 83900 42597 52250 154881 117259 61005 24802 5345 97520 78733 126402 41115 132998 131058 64541 7070 47640 62633 97160 53035 79798 12325 22981 14344 71951 81993 68859 73843 94572 38237 114865 28453 125834 19875 8680 84225 121067 17777 111899 92564 157876 30266 0 129504 28040 59417 62378 156039 31062 20094 13961 114021 76757 16449 116900 22782 120632 14966 25742 10992 94780 101047 98668 86427 64727 32502 80647 7582 105812 53873 153663 18581 134327 19638 2488 68001 148937 60190 37216 36924 65984 74948 122864 19514 2950 83243 42704 49318 17329 54728 11218 73439 27086 103546 101881 60926 20591 69718 1723 99739 108761 60074 84453 38814 69570 84613 31042 88764 33128 9345 28235 16140 155888 119892 87932 40435 89181 25738 70547 86024 14275 26621 143608 132665 127678 94443 87789 17209 5413 54753 60659 71045 59306 60483 113845 94018 68612 174565 47093 56941 58133 104506 25422 30129 25023 12665 23082 18148 33585 63896 19236 17206 57242 109412 91536 9393 71179 21521 79262 64473 105741 63042 57216 113776 21174 19695 29100 102818 113587 91962 102997 129865 111560 61541 37445 58660 8292 105138 64257 25625 51122 47171 51382 71495 105812 113587 25742 31042 94780 12665 16140 71179 73439 5413 59417 103546 21521 97520 97160 113845 88764 71951 94443 87932
75795 131710 122464 68053 59771 74338 163448 149169 50334 136574 115752 125185 86893 68918 82131 43910 142221 108206 57089 122184 103875 31177 97819 82343 111894 134805 57858 70958 132865 106174 134753 130986 66850 122878 82325 161615 128217 125996 53507 130879 146494 122057 166337 47589 72329 165027 93987 166472 30719 124816 164293 111326 122833 53498 129363 147174 130370 59858 38542 119951 129504 0 130211 75203 71574 28024 109616 132297 116123 162197 164608 145923 46367 144215 164407 144169 152799 136974 161820 116295 51046 88399 145511 124973 78107 136968 142992 151607 46195 117122 154374 135695 127076 63233 97033 69727 109735 109628 70982 88247 71499 110580 130234 50525 88804 80195 142166 163001 140714 66677 121349 29850 112867 84627 150002 59961 128348 58259 23011 73950 120728 133399 61904 103117 128020 89348 111133 121304 149340 138608 132255 141159 96943 167555 48987 107619 64823 69035 143300 154438 27787 156490 21590 60686 69212 145879 130018 75073 71588 59030 162512 69276 20660 101150 71494 72870 82871 80980 72665 109061 114475 122001 110391 124095 113929 114321 100322 66822 110468 145872 72314 110302 74919 128265 65842 107986 97694 65901 116979 88349 87171 81474 117914 121445 134691 71662 120996 55225 106375 50224 133010 172026 156651 154391 122580 100345 65289 154997 169104 84608 164756 75795 142992 120996 152799 128020 161820 124095 138608 65842 66677 130018 75203 29850 107986 57858 128217 20660 89348 166337 60686 96943
86990 46300 143203 95434 89405 59385 50801 23761 86650 25659 28012 28686 121109 90093 73458 86346 27369 28547 94761 17000 33543 158632 137490 50671 47104 29643 110309 93578 150866 25540 157257 155004 72633 30651 55943 90029 122696 79913 87489 40363 48036 40237 99463 85139 82499 101547 115136 55112 121949 5430 153123 38879 22973 78934 145453 36060 136928 105530 163069 56368 28040 130211 0 55081 58684 157995 53562 8667 33604 141608 104591 34539 107767 18560 148117 30034 47113 37468 122773 124893 90222 106028 92718 7083 97708 28320 132414 81687 161507 42491 160486 47518 27405 67117 166707 66470 21297 60216 78078 94346 138271 36392 30957 90783 54907 54300 21233 81159 30658 85754 8948 108466 125206 78000 34467 71660 29238 112742 107708 71315 109635 66713 77065 107076 58617 108548 19152 24346 21582 43075 178144 145624 109200 58851 84019 45083 65935 100995 35629 46672 148845 159090 133010 107769 102926 29056 22709 61500 58689 76439 86332 66262 111871 115858 60878 184806 49927 49840 58214 127147 49279 8466 22075 39306 46174 39556 30950 71210 30407 29042 62436 131980 108222 37210 82388 34166 100803 64999 129442 48778 45832 131417 46016 12679 57138 118870 137385 103533 125305 140888 136902 87002 62301 86463 32718 126396 68616 37452 74950 46330 76826 86990 132414 137385 47113 58617 122773 39306 43075 82388 85754 22709 55081 108466 34166 110309 122696 111871 108548 99463 107769 109200
53617 68085 120581 57374 46317 17448 93989 75265 36892 65124 45619 55547 88684 52493 44917 31297 70427 36855 50899 47768 31588 104244 105965 12593 51103 64683 67214 57141 130418 31228 135558 132405 30165 54000 25244 109434 109410 81159 40115 64970 80468 57115 117061 32598 46781 117349 87196 97651 70531 49667 146411 45968 51386 24957 125196 76934 119916 63384 109289 63306 59417 75203 55081 0 3642 103091 52862 57839 48400 138384 118692 75475 57650 70090 143413 72759 84905 69066 127120 105009 39435 77264 100868 49777 64885 66192 123106 98934 109502 53585 146386 71825 56941 13078 127711 23652 34581 57085 40903 67633 96803 43835 61014 42628 32683 18955 68918 106056 70058 46490 46293 55824 103592 51159 78703 19824 58723 69698 52628 35414 96833 78999 31938 85658 70873 79766 35955 50233 74896 72425 148835 130708 84071 99770 30009 45688 11289 63241 73684 85979 95284 146463 79820 65912 65140 73901 58379 22840 5554 28168 108191 22627 56875 91182 10776 134442 16242 6840 9166 103198 54720 46813 36582 58570 52503 49396 26550 27949 40632 73892 20073 107245 72598 61470 42075 39645 78048 13080 108511 21253 15374 94762 56091 47250 75266 80472 115891 59389 100622 92790 121146 114510 93504 103114 54489 98690 21323 83448 107265 12680 105228 53617 123106 115891 84905 70873 127120 58570 72425 42075 46490 58379 0 55824 39645 67214 109410 56875 79766 117061 65912 84071
52188 70427 119304 55382 43960 16927 97001 78702 33838 68262 48500 58436 86849 50640 44267 27673 73618 39831 48376 51371 34928 100606 104080 14998 52960 67672 64591 55322 129249 34861 134270 131066 28392 56790 25671 111099 108911 82032 37333 67517 83115 59495 118559 29203 45274 118736 85756 100613 67106 53275 146142 48262 54470 21849 124070 79978 119063 60892 105673 64933 62378 71574 58684 3642 0 99454 54329 61333 51007 138397 119965 78535 55030 73550 143298 75913 87746 71841 127711 104051 36890 75866 101928 53412 63293 69258 122791 100571 105988 55774 145598 74219 59895 9653 125141 22234 38222 58225 39410 66562 94146 46269 63886 39708 33446 19532 72270 108062 73124 44583 49878 52324 102511 50466 81860 16767 61628 67059 49031 34316 96490 80610 29677 84774 72638 78335 39570 53264 78400 75046 146931 129942 82900 102645 26835 47575 8177 61192 76653 88876 91682 145780 76247 63423 63062 77119 61516 22258 3815 25527 110008 21139 53334 89971 10167 131018 17718 10179 8364 101938 56525 50432 39937 61025 54450 51686 29850 26164 43429 77110 19096 105893 70636 64083 40156 42228 77154 10374 107444 23614 18390 92522 58130 50691 77277 78181 114729 56733 99325 89591 120378 116598 95954 104673 57193 97165 19193 86640 109663 15280 107433 52188 122791 114729 87746 72638 127711 61025 75046 40156 44583 61516 3642 52324 42228 64591 108911 53334 78335 118559 63423 82900
96750 156884 131523 87661 82107 101126 189493 176474 75536 163330 142478 151684 98994 89809 105293 71836 169012 135247 78330 150201 131886 10099 105943 110364 137082 161286 73977 90770 141261 134143 141834 138136 92152 149263 108476 183377 142361 147278 77643 156539 171915 147711 187212 74164 94635 185514 107874 192328 46307 152618 176013 137319 149719 81465 138640 173556 141701 77366 18798 144063 156039 28024 157995 103091 99454 0 134172 159819 142414 175908 184635 172365 69455 171603 177125 170854 178567 162952 178816 129083 77680 104421 165870 152866 96396 163570 156487 173772 33559 142639 163288 160835 153650 90900 95482 95874 137658 133398 94432 106916 77174 136823 156581 74344 114383 106941 169318 185941 167254 88920 149103 53118 125338 106749 176616 87101 154803 73486 51021 98421 136939 156549 87093 119109 151947 104765 138967 148132 176815 164189 133381 151722 112314 193137 76871 133153 92821 87048 169577 180324 20908 165987 31936 77383 86672 172689 156873 101301 99310 85025 184798 95556 48164 115119 99513 55724 109973 108955 100132 120805 139384 149838 137848 149815 139161 140161 127842 92455 137225 172683 98842 120961 90598 154153 89027 134547 114913 93329 128789 116288 115196 90236 143092 148933 158903 84222 131307 73977 118378 53137 144607 194926 181236 176126 148821 111686 91860 181638 193162 112113 188308 96750 156487 131307 178567 151947 178816 149815 164189 89027 88920 156873 103091 53118 134547 73977 142361 48164 104765 187212 77383 112314
42338 23302 89759 52460 52860 40119 57577 56249 59282 38943 25605 27634 71044 48057 30002 72750 43894 28651 57516 62540 62897 131544 86216 60596 6543 34594 69128 49682 97304 52482 103707 101498 42865 24823 30215 56873 69478 30238 56557 24792 38533 17226 64233 63028 41253 64490 63531 59666 90029 51276 102113 14853 31248 73968 91892 44386 83443 64217 133338 10905 31062 109616 53562 52862 54329 134172 0 47963 20033 91807 65909 43747 107831 53688 97801 44417 46006 32287 76694 71375 90276 55392 48615 54903 50345 37569 80210 46322 127274 12482 107553 27083 29787 55548 118004 41392 50635 6720 40025 43983 92691 17712 29651 59829 22255 35361 48389 54980 40060 46579 48072 81088 71824 31277 48842 53814 29341 71148 91679 35794 56297 26373 47732 54022 19028 57712 47216 29596 59241 31554 125366 92424 56974 59748 78171 9527 61721 56648 40091 48119 119353 106439 103807 65804 58271 47168 35322 36815 51125 51193 56125 42190 97359 63223 63628 146407 36671 54135 46974 74062 6038 51232 36771 19359 7994 14107 37338 43179 24585 47169 40433 78945 61209 24064 45493 21525 48334 51201 75960 66422 58928 82966 10533 41230 25156 72597 83893 64610 72399 101824 83523 63860 47103 50353 23028 74219 46738 53576 59540 40997 55652 42338 80210 83893 46006 19028 76694 19359 31554 45493 46579 35322 52862 81088 21525 69128 69478 97359 57712 64233 65804 56974
84138 38297 137687 93071 88122 59613 42808 17727 86848 17011 23209 21468 117267 87817 70488 88723 18845 26350 93472 25338 40188 159915 133277 55168 41422 21145 108521 90997 145007 30785 151495 149373 71936 23810 54810 81493 116320 72806 87120 32357 39375 33266 90947 86144 80198 93091 110728 47089 122045 11601 145823 33823 16715 82399 139622 27538 130802 103653 163925 49530 20094 132297 8667 57839 61333 159819 47963 0 27997 134090 96194 25995 112576 12401 140678 21547 38543 28962 114820 119254 94718 101925 84777 14960 94427 19687 125516 73300 161532 36191 153841 39248 19862 69080 163452 66220 26355 54455 76212 90246 135752 31766 22927 90497 52542 54145 13294 72513 21996 83912 12925 109145 119780 74536 26298 72841 21464 110900 110186 69615 103397 58906 76623 101933 51068 104392 23187 18388 17077 34573 173234 139181 104512 50672 87504 40222 69008 98431 26972 38191 149638 152304 133706 105790 100321 20822 14682 60996 60807 76637 77736 66163 114649 110982 64801 184130 50291 53315 59688 121996 43157 14510 22002 32067 40225 33864 31983 70730 26822 20808 62434 126869 105134 29451 80857 30567 95978 66490 123872 54427 50529 128108 39508 10908 49090 116052 131790 102090 120279 139826 130634 78335 53636 78065 25851 121771 69001 29700 66335 47711 68158 84138 125516 131790 38543 51068 114820 32067 34573 80857 83912 14682 57839 109145 30567 108521 116320 114649 104392 90947 105790 104512
58026 20401 109790 67579 64782 41984 47373 38213 67045 21894 6156 9632 89763 62571 44489 75024 27512 13301 69967 43963 48189 141082 105498 52169 13523 18990 83765 65190 117302 36984 123726 121530 50670 6929 33938 65084 89138 47304 65889 16598 32111 9759 73819 68541 55087 75036 82884 50572 100925 31672 120465 6194 11334 72666 111896 31144 103325 78813 143978 23697 13961 116123 33604 48400 51007 142414 20033 27997 0 109465 77348 29979 106013 34873 115761 28914 37172 21150 92242 91406 87821 74276 62599 35473 67603 21522 99214 55194 139702 9390 127035 23822 11826 55616 136341 46547 34091 26635 52068 62644 109599 5605 14170 69333 28748 36150 30239 59449 25008 59562 28767 89756 91844 47727 34430 56645 12531 86014 95807 46115 76047 36866 55714 73938 28073 76701 30180 9610 40567 24040 145239 112079 76569 52118 77482 12530 59152 72540 27187 38577 129720 125743 113805 80741 74345 31156 16604 41131 48829 57389 62750 46905 101039 82997 58353 160696 34555 47077 45821 94005 15769 32010 19806 10576 12597 5954 24893 50095 8464 31153 43814 98875 78453 13077 57237 8781 68008 51835 95993 55821 49100 101049 13111 21528 29618 89631 103925 78084 92282 116010 103311 67363 45220 59855 6473 93834 50838 39466 59056 35766 57641 58026 99214 103925 37172 28073 92242 10576 24040 57237 59562 16604 48400 89756 8781 83765 89138 101039 76701 73819 80741 76569
92223 96064 49908 96440 108147 121499 115474 134018 122904 119035 115612 112923 76915 97744 94917 144418 121080 120314 108366 153425 154554 168533 73230 148897 97194 114070 104345 94138 44921 144286 49719 51454 113816 111036 113188 64159 33981 62176 117347 101924 101179 101487 57100 130539 98463 53215 68429 113732 132185 140731 13556 105909 118824 151924 43809 115410 36118 102543 165158 85781 114021 162197 141608 138384 138397 175908 91807 134090 109465 0 49039 116053 182173 134279 7026 119710 107617 106947 23817 46845 167862 74007 50547 144677 85648 116479 19421 66280 151805 100081 32329 95951 114298 135024 102168 117690 142373 85465 103188 76974 101331 108981 111262 118639 106292 119490 128179 76323 116297 102546 138129 134152 50641 89110 120205 129455 112626 104072 154908 105756 43246 75350 115940 59626 83034 72886 138829 117680 138422 101823 78800 29978 65340 110068 154377 101327 143613 93937 112690 109828 155416 28376 145308 101544 93423 122490 119429 116265 134613 121582 69512 118848 160600 61184 148562 156081 123110 141889 130037 55434 94083 141388 128289 102308 97352 103925 128936 115668 115931 122500 119730 56236 87283 104642 105810 113204 66122 130948 47623 156033 148400 86831 96371 130655 85600 91802 47312 107574 57687 124412 32988 78987 93075 62570 108981 64564 122633 122400 90822 129019 83483 92223 19421 47312 107617 83034 23817 102308 101823 105810 102546 119429 138384 134152 113204 104345 33981 160600 72886 57100 101544 65340
88819 58851 83768 97150 104972 104651 69045 91726 116877 79513 83153 77187 93157 95724 84167 134932 79972 90307 107549 119179 125527 179387 98525 126338 68752 75058 110983 94094 84136 114331 90559 90781 102829 76223 94837 16257 56781 39404 112354 64620 58402 67773 8061 122865 92619 4200 82533 66666 138341 105184 62594 76179 83718 138448 80532 72753 69815 107310 178433 55991 76757 164608 104591 118692 119965 184635 65909 96194 77348 49039 0 73759 171857 93213 55946 78019 63194 67268 25225 70079 154960 82131 19172 109240 88295 76802 53431 22904 167938 68686 79455 57127 77856 120012 132823 103899 111312 61770 95065 77765 120698 79152 73808 114848 86782 100599 87351 28331 75491 98131 103511 134762 73515 80478 77002 116782 75790 111832 150981 94360 53154 40745 106714 68872 49531 82607 107307 83134 96352 61671 119885 70843 75972 62636 142200 74045 127019 97626 71049 65078 166121 76047 152700 107472 98121 80445 81945 100410 116595 111602 21446 104917 156886 76517 129468 179273 102456 120003 112254 78753 65065 106670 97123 67666 67902 73193 101187 103975 85423 80458 104185 82297 95354 68176 99624 83922 70910 115609 73834 131644 124330 106295 65226 95894 48218 104432 78543 110729 79482 139587 67462 29960 47170 18129 74403 85809 109422 78113 42332 106899 35382 88819 53431 78543 63194 49531 25225 67666 61671 99624 98131 81945 118692 134762 83922 110983 56781 156886 82607 8061 107472 75972
85747 23118 128010 95715 94210 71612 18608 18103 97023 10704 30387 20740 114146 91000 72712 104114 7172 38735 99279 51328 64733 171054 128431 76125 38312 11122 112251 93073 133871 54195 140623 139037 80620 23103 63900 58133 103719 58687 95787 19237 15367 26729 67646 98385 83760 70256 105866 22527 130725 37316 128651 35421 24091 100376 128692 1597 118885 107299 173870 39320 16449 145923 34539 75475 78535 172365 43747 25995 29979 116053 73759 0 132706 19601 122928 4585 12580 11691 94850 109550 114499 98472 65535 40915 94091 9283 110464 51393 169234 31914 139406 21361 18912 84394 161220 76492 49922 48461 81338 87366 136437 35583 15819 99226 58555 65751 14122 47966 5418 88615 37546 119733 110881 74841 5160 86165 17578 114382 125208 75715 91771 41896 85673 94718 36597 100655 46063 25277 22667 15009 165196 125808 98876 25433 105369 40601 86681 100200 3859 12246 159631 137301 143735 109047 101877 6687 17270 71064 76950 87343 53811 76820 130279 104419 84321 189523 63529 72583 74528 114075 37715 39909 39863 24520 36296 33030 49222 80072 35665 6699 73632 118965 104952 19765 86647 37941 90209 80905 114312 77248 72029 126449 33213 31640 31448 116343 121940 107084 112868 144823 118145 52956 28379 55949 23660 115778 80652 9860 40472 63412 42907 85747 110464 121940 12580 36597 94850 24520 15009 86647 88615 17270 75475 119733 37941 112251 103719 130279 100655 67646 109047 98876
89952 125399 151435 86828 74371 67739 151299 130302 59350 122169 103217 113125 114971 84691 89118 37881 127240 94386 75145 95106 75599 75819 129707 57410 107365 122108 85104 88678 162065 82247 165458 161802 69773 111640 77667 164577 149434 132697 64995 122544 138106 114496 171394 51634 83790 171130 118687 155065 67030 102488 187354 103231 108660 33899 157637 134205 155777 84432 84094 118697 116900 46367 107767 57650 55030 69455 107831 112576 106013 182173 171857 132706 0 124961 185903 129701 142502 126706 175825 140548 18235 110355 153073 101211 97537 123443 164328 154026 92534 110640 181864 129219 114440 52286 137570 67971 86575 110624 79442 105298 108376 101294 118600 64127 85731 72571 124824 162485 127294 79645 99909 55227 137868 94163 135604 55099 116279 86705 32581 78293 138926 134157 66750 123365 126673 112191 89410 107626 129077 130051 169208 167032 118938 157322 29722 102083 46945 90693 131123 143514 74153 183102 65148 86388 91824 130563 115467 71561 57510 61294 163954 66943 29339 124954 48392 119235 72273 60140 61190 135424 110798 99353 93041 116051 108999 106646 83484 68324 98276 130553 67802 138049 99459 119090 76395 97240 116325 56648 142618 59342 62078 114226 112800 102828 131813 101198 148429 78839 132603 91683 157867 171171 150970 157839 112137 128032 62458 140172 164649 70247 162216 89952 164328 148429 142502 126673 175825 116051 130051 76395 79645 115467 57650 55227 97240 85104 149434 29339 112191 171394 86388 118938
92752 38674 142275 102107 98161 70900 33041 5358 97940 15701 31631 26075 124465 96979 79137 100805 13330 36898 103471 35262 51914 171441 139893 67558 47289 20732 118003 99832 148945 43010 155580 153702 82541 28933 65299 77699 119421 74770 97847 33167 34844 37118 87217 97680 89404 89772 117213 37355 132944 23122 146566 41061 24087 94738 143637 20804 134309 113080 175214 52783 22782 144215 18560 70090 73550 171603 53688 12401 34873 134279 93213 19601 124961 0 141061 15204 31605 27350 113707 123742 107117 108893 84010 25639 102474 18012 127396 70658 172300 41251 156146 38348 23901 81078 171173 77170 38593 59683 85858 97328 144395 39698 24775 101262 62082 65272 6104 67541 18037 93508 25142 120435 124631 82588 17639 84515 24497 120320 122268 79472 106891 59131 87366 107393 52390 111271 35554 25917 5715 32497 178668 141995 110643 41380 99842 47383 81298 107225 22177 30568 160911 154298 144950 115110 109060 12993 18430 71834 72885 87783 73410 77205 126815 116780 77195 194342 61741 65684 71551 127287 48168 26237 33839 35355 45695 40148 43951 81493 36218 12979 73566 132193 113318 31451 90747 39710 101985 78325 128450 66617 62899 135903 43955 22869 48731 124468 136274 111912 125778 149818 133859 72244 47858 75287 30662 127869 80300 19540 59286 59620 62310 92752 127396 136274 31605 52390 113707 35355 32497 90747 93508 18430 70090 120435 39710 118003 119421 126815 111271 87217 115110 110643
96014 102750 48643 99634 111640 126374 122491 140865 126558 125762 121897 119444 78275 101261 99492 148284 127888 126388 111557 159695 160383 169479 73034 154148 103320 120783 106587 97473 42343 150237 46418 48569 118149 117506 118295 71159 36666 68460 120940 108587 108101 107939 64005 134311 102431 60131 70421 120757 134127 147137 6775 112057 125278 156197 42064 122302 35837 105080 165756 92112 120632 164407 148117 143413 143298 177125 97801 140678 115761 7026 55946 122928 185903 141061 0 126550 114587 113716 30724 48259 171973 76731 57463 151064 88814 123222 21676 73292 152048 106390 27031 102718 120857 139589 100304 122285 148425 91374 107343 80606 101614 115115 117894 122068 111582 124588 134958 83332 123100 106276 144476 136842 51883 93562 127114 133812 119216 106156 158011 110237 47280 82049 120050 62741 89609 75410 144933 124101 145252 108632 74798 27825 67999 117094 158486 107329 148284 96782 119541 116807 156478 22867 146945 103935 96140 129343 126034 121090 139498 125714 76513 123445 163635 63267 153464 155109 128348 147114 134934 56322 100279 147731 134412 108812 103548 110160 134775 120058 122070 129353 124488 56514 89654 111244 109702 119266 69591 135582 48347 161426 153800 87379 102692 137038 92350 93380 46869 110252 58764 125072 32786 85904 100092 69595 115446 65449 127114 129351 97819 134352 90493 96014 21676 46869 114587 89609 30724 108812 108632 109702 106276 126034 143413 136842 119266 106587 36666 163635 75410 64005 103935 67999
85906 25403 130315 95751 93631 69839 22050 14325 95738 7672 28417 19334 115279 90914 72656 101930 2737 36326 98777 46883 60712 169798 129909 72825 38613 10097 112173 93195 136434 50350 143155 141476 79497 21993 62547 62500 106455 61464 94762 20741 19639 27196 72019 96741 83559 74568 107272 26173 129831 32969 132190 34715 21538 97709 131210 6041 121547 107216 172836 41060 14966 144169 30034 72759 75913 170854 44417 21547 28914 119710 78019 4585 129701 15204 126550 0 17135 13633 98774 111809 111530 99598 69267 36498 94645 7392 113629 55519 168598 32190 142523 24244 17258 82137 162319 75060 46025 49572 80844 88330 136973 34479 15177 98208 57661 63988 9564 52473 4370 88246 33388 118465 113006 75146 5947 84267 16401 114356 123153 75004 94298 45051 84521 96487 39150 101842 42247 22938 18725 18029 167294 128728 100387 29406 102737 40315 84017 100414 7066 16648 158565 140506 142631 109040 102137 2956 14404 69620 74503 85912 58248 75323 128123 106116 81315 189330 61465 69565 72290 116041 38454 35637 36674 25062 36686 32675 46314 78830 33701 2962 72015 120944 105532 20413 86074 36316 91701 78785 116561 73604 68613 127367 33960 27832 34566 116886 124259 106762 114743 144620 120901 57537 32941 60124 22928 117417 79012 10841 45039 60932 47479 85906 113629 124259 17135 39150 98774 25062 18029 86074 88246 14404 72759 118465 36316 112173 106455 128123 101842 72019 109040 100387
88235 22797 123947 98401 98504 79036 11661 29072 103037 22454 39289 29378 113647 94062 75970 112190 19751 48123 103328 63855 76677 176621 126837 86732 41840 20798 115084 95564 128973 65892 135790 134500 86415 30970 70491 47174 98469 53989 101178 22039 8149 30858 56593 105245 87213 59477 104657 13793 135543 49762 120577 41497 34302 109548 123964 11097 113763 110189 178870 38825 25742 152799 47113 84905 87746 178567 46006 38543 37172 107617 63194 12580 142502 31605 114587 17135 0 16022 85536 105757 124267 98143 57233 53426 95409 20300 103755 41674 173229 35977 132710 19347 28152 92769 160544 83072 61724 49288 85573 87633 137452 42509 23902 104570 64188 73238 26531 36285 16940 92436 49776 125545 107488 77113 14189 93717 26238 117061 132881 80575 87310 36500 91476 92557 33701 100131 57760 35086 33719 14535 161591 119818 97431 14950 114438 45427 95922 102366 12129 2460 164757 130320 149019 111721 103904 18696 28319 77749 85800 93798 42511 83546 138165 102371 94294 192292 71709 82653 82950 111137 40156 52269 50609 28755 39733 38481 59320 86159 44318 18710 80675 115955 106079 24546 91011 45833 88924 89006 110512 88502 82880 126466 35979 43453 26960 117473 117870 110599 110216 147782 112727 40639 16452 45934 30751 113804 87668 14964 27908 72472 30740 88235 103755 117870 0 33701 85536 28755 14535 91011 92436 28319 84905 125545 45833 115084 98469 138165 100131 56593 111721 97431
74503 11770 116704 84547 83653 63056 26542 27673 87427 12334 23549 13826 102463 79944 61679 96171 14367 32454 88620 52966 63241 161242 116753 71479 27180 7826 101153 81843 122802 52104 129521 127846 70855 15066 54650 52561 92851 47892 85803 7572 12024 15665 61997 89393 72828 64132 94179 29513 120472 38677 119218 25660 19591 93610 117576 12147 107925 96213 163742 27669 10992 136974 37468 69066 71841 162952 32287 28962 21150 106947 67268 11691 126706 27350 113716 13633 16022 0 86655 98207 108478 86791 56794 42664 82590 9659 100247 44396 158622 20916 129089 10999 13077 76750 149538 67260 48204 36805 70725 75718 124920 26518 8481 89221 48623 57245 21246 44054 9593 77839 37705 110033 99444 63513 16851 77733 10931 103238 116901 65395 80665 31804 75922 83105 25536 88969 44118 19988 31794 5611 153748 115183 87200 30971 98479 30085 80013 88893 7889 17482 149563 127143 133743 97896 90537 16589 15291 61901 69828 78037 48940 67698 122164 92785 78638 178464 55689 67079 66936 102549 26250 40629 35834 13453 25108 22807 43903 70497 28434 16596 64756 107446 93430 8846 76107 29821 78529 72985 102962 73850 67846 114801 21781 30509 21382 104831 110645 96219 101299 133799 107299 50636 26453 49147 14735 104130 71763 21374 40150 56561 40455 74503 100247 110645 16022 25536 86655 13453 5611 76107 77839 15291 69066 110033 29821 101153 92851 122164 88969 61997 97896 87200
87503 76527 64148 93927 104057 111232 92683 112946 117780 98953 98362 94281 81868 93909 86738 138018 100387 104180 105448 135874 139298 172442 83149 136476 81192 94133 105086 91165 62420 128511 68375 69189 106106 92737 102042 40609 39738 46532 112601 82470 79646 83442 33286 124773 92771 29407 71809 90694 133264 122509 37370 89601 100529 143741 59654 94060 49575 102277 170260 68833 94780 161820 122773 127120 127711 178816 76694 114820 92242 23817 25225 94850 175825 113707 30724 98774 85536 86655 0 54229 160143 74403 30055 126539 83713 96307 31485 43864 158233 82941 54873 75803 95391 125866 115712 108756 126094 71031 96547 73670 108695 92702 91905 114508 94439 108244 107658 52830 95677 97684 120276 132493 58077 81709 98680 121291 93536 105383 151333 97633 41923 56107 109120 59718 64527 74086 122310 99598 117466 81276 98001 48097 66608 86882 146839 85933 133856 92852 91708 87640 159114 51269 147206 101843 92838 101438 100171 106338 124056 114532 45963 109875 157200 64842 137719 166206 111140 129678 119508 63439 77745 123525 111786 83910 80936 87153 113920 107670 99506 101449 110026 65937 88233 85567 100183 97245 64249 121565 56932 142868 135289 93890 79233 112658 65737 95315 59776 106625 64908 129987 46774 55181 70353 39759 90741 71814 114080 100465 67215 116499 59987 87503 31485 59776 85536 64527 0 83910 81276 100183 97684 100171 127120 132493 97245 105086 39738 157200 74086 33286 101843 66608
52630 86484 18536 53762 66462 87574 116465 125365 81626 108190 96883 98304 30096 56481 60251 103770 112150 98303 65412 132377 127970 121695 28993 116979 77890 103285 58621 52146 26270 119476 32415 30124 76464 95672 81531 77966 14515 51807 75904 91176 97774 86726 76241 89669 59563 72943 22448 116434 85904 122324 48036 86023 102554 113242 20842 109551 15333 57528 118454 71021 101047 116295 124893 105009 104051 129083 71375 119254 91406 46845 70079 109550 140548 123742 48259 111809 105757 98207 54229 0 128105 30211 57157 125763 43216 106206 27438 73280 105431 83138 41895 88327 100287 98459 62754 81899 118866 64806 65182 37537 55151 88618 98969 76457 76714 87429 117969 87251 107594 62174 118911 89331 3917 54009 114575 91741 99358 58048 111169 69736 18966 69307 77176 19419 73003 28376 116151 100941 128984 94651 55836 26571 21806 114152 114781 79927 107521 49985 105707 108217 108571 42688 98696 56167 49049 114762 105911 82196 100275 82775 82192 83028 116623 15643 113947 112009 92062 109976 95940 9219 76137 121954 106417 88403 79029 85468 103559 78601 95092 114767 85010 12219 41986 92358 66175 91550 26985 94955 4766 125131 117788 40412 80033 112427 78965 45128 12547 62900 10999 77720 17324 93990 96282 72328 93712 17996 85903 118345 100767 98533 93300 52630 27438 12547 105757 73003 54229 88403 94651 66175 62174 105911 105009 89331 91550 58621 14515 116623 28376 76241 56167 21806
76138 107313 140432 74561 61714 50381 133087 112441 46601 103981 84983 94889 104554 71636 73530 24495 109086 76150 63522 78337 58863 82180 120354 39606 89522 103879 75885 75972 150968 64687 154896 151342 54233 93412 60285 147130 135893 116070 52308 104371 119902 96385 154180 38502 69564 154065 106943 136841 63369 84886 173863 85144 90442 16526 146266 115994 143434 74279 89507 101087 98668 51046 90222 39435 36890 77680 90276 94718 87821 167862 154960 114499 18235 107117 171973 111530 124267 108478 160143 128105 0 97988 136373 83824 84900 105231 150600 136575 95181 92614 169871 111110 96206 34955 132521 51488 68946 93398 64675 91644 102047 83154 100365 52231 68375 54919 106806 144679 109085 66096 82166 49197 125728 78971 117442 38852 98044 77830 30417 62588 124727 116646 51933 110080 108985 100045 71614 89398 111366 111854 161472 154675 106306 139087 13489 84196 28882 79124 112894 125279 77572 170791 65496 76503 80509 112434 97271 54568 39518 46282 146336 50397 30547 112731 30220 122014 54305 41967 43378 123804 93006 81771 74892 97910 91106 88566 65277 52542 80050 112423 50793 126863 88403 100896 62387 79055 102764 39359 130593 42465 44395 105726 94863 84813 113943 91908 136915 68788 121002 88751 145310 153303 132842 140493 93923 117070 46087 122039 146553 52059 144246 76138 150600 136915 124267 108985 160143 97910 111854 62387 66096 97271 39435 49197 79055 75885 135893 30547 100045 154180 76503 106306
23678 76026 43519 23551 36288 60133 109701 111627 51446 94335 78720 82834 15681 26503 34348 73602 99225 77776 35253 110511 103098 98243 31469 89639 61647 89932 30819 22030 53695 95925 58451 55206 47624 79963 55814 84368 40126 49694 45724 79235 90033 72534 86060 59510 30610 83710 9966 110789 59014 102540 77454 68212 85549 83373 48700 98902 45500 28575 96614 59548 86427 88399 106028 77264 75866 104421 55392 101925 74276 74007 82131 98472 110355 108893 76731 99598 98143 86791 74403 30211 97988 0 64522 105484 13133 92917 55085 76472 85807 67865 71883 78968 85035 69427 62749 53666 96118 50044 36459 11689 40633 70160 85032 46248 52857 61089 103738 90323 95228 32393 98806 60161 27742 28681 103628 62380 84710 30990 81380 41968 32610 64709 47686 14796 64656 2597 94040 83762 114509 84740 73233 56758 8738 109611 84722 61795 78523 20068 94678 100514 84905 72867 72825 27753 19427 102414 90464 54922 72189 53166 87163 54739 86951 14746 85441 98700 66091 82823 68099 26256 61221 101548 85386 74597 63349 68767 80463 49831 75642 102416 57234 30034 13831 79189 36591 71870 11304 66235 32625 98092 91078 28362 65679 93357 71860 22406 39293 33572 23557 57475 47518 98628 93125 77434 78286 21617 57075 108120 101398 72579 94797 23678 55085 39293 98143 64656 74403 74597 84740 36591 32393 90464 77264 60161 71870 30819 40126 86951 2597 86060 27753 8738
69748 46480 73200 78261 85832 86225 65750 83546 97717 69043 68669 64254 76721 76673 65036 115962 70735 74931 88486 105969 110231 160845 84167 109185 52342 64176 92495 75180 75788 99257 82555 82025 83808 62766 76520 20916 45845 20390 93182 52422 50639 53569 21592 103761 73456 19643 66108 64488 119563 92501 63359 60424 70541 119847 71384 64870 60601 88666 160176 39656 64727 145511 92718 100868 101928 165870 48615 84777 62599 50547 19172 65535 153073 84010 57463 69267 57233 56794 30055 57157 136373 64522 0 96538 69717 66421 47566 17221 150155 53420 76187 45869 65341 101477 118992 85105 96631 43789 75904 59213 104134 63500 61856 95680 68539 82440 77929 30441 65980 78980 90333 115661 60112 61306 69658 97974 63481 93466 131822 75314 38640 26091 87622 52223 34644 65270 92767 69654 87991 51515 110726 64529 59151 61251 123480 57388 108749 79001 62223 59500 147628 73520 133950 88950 79599 72014 70121 81811 98459 92567 25043 86145 137728 60751 111626 162725 84640 102638 94041 65014 48752 93575 82308 53945 51832 57762 85183 85007 70156 72024 85585 69126 77330 55513 80452 68163 53219 97081 61465 114991 107528 90125 49759 82702 35712 86928 67441 91902 65236 121921 58873 36833 43528 15286 60788 70977 90615 71916 44620 89443 36983 69748 47566 67441 57233 34644 30055 53945 51515 80452 78980 70121 100868 115661 68163 92495 45845 137728 65270 21592 88950 59151
85465 50499 143898 93449 86604 55735 57647 30844 82779 31430 29456 32312 120267 88071 72146 81063 33787 27778 91934 10447 26543 153829 136932 44424 48647 34920 107792 91783 151904 19252 158178 155791 69518 33816 53370 95073 124374 82630 84018 44647 53752 43253 104428 80726 80552 106345 114832 61946 118001 4059 155870 40050 26013 73068 146473 42470 138288 103105 158530 58968 32502 124973 7083 49777 53412 152866 54903 14960 35473 144677 109240 40915 101211 25639 151064 36498 53426 42664 126539 125763 83824 105484 96538 0 96479 33990 134682 86368 157521 44752 162393 52138 31422 62200 165232 63085 15298 61622 75816 93860 136243 37265 35450 87233 53339 51009 28048 86667 36690 83413 6855 104167 125857 77067 41205 67219 33456 110258 102295 68986 111201 70447 73722 107510 62056 108040 14111 27028 28557 48210 178160 147322 109184 65597 78124 45897 60353 99144 41671 53134 144369 161168 128629 105413 101100 35746 27458 58363 53750 72638 91590 62768 106279 115996 54859 181277 46328 44161 53706 127515 51219 3944 20151 42641 48001 41298 27439 67947 30671 35732 58915 132294 106775 41214 79827 34245 100957 60408 130227 42031 39524 130073 48416 14026 61307 117152 138175 100778 125556 137719 138419 92838 68189 91155 35834 126256 64750 44377 81118 42068 82636 85465 134682 138175 53426 62056 126539 42641 48210 79827 83413 27458 49777 104167 34245 107792 124374 106279 108040 104428 105413 109184
11555 72712 56470 10820 23258 48061 107069 105689 38420 88714 71349 76734 24351 13373 24333 60556 93937 69172 22746 100676 91894 91134 41623 77376 56045 84680 22800 8931 66744 85430 71340 68016 34919 73835 44844 88237 52160 52245 32701 75048 87488 67482 91229 46453 18125 89327 22650 108644 50175 93822 89913 61413 78583 70240 61797 94715 58539 19030 90592 56659 80647 78107 97708 64885 63293 96396 50345 94427 67603 85648 88295 94091 97537 102474 88814 94645 95409 82590 83713 43216 84900 13133 69717 96479 0 87612 67142 79354 81440 62460 84985 76064 78977 56521 69048 41234 86020 46148 23994 10530 42348 62925 79638 33422 43165 49628 97717 92599 90312 19309 89987 48964 40858 19917 99184 49371 78968 23939 69264 30045 42977 64840 34667 26078 62999 15362 84290 76756 108170 81342 84344 69786 21449 107994 71609 55121 65608 9349 90424 97675 77910 85902 64468 19238 9904 97329 84155 43025 59680 40093 90343 42263 74954 27868 72695 97537 54749 70686 55736 39316 56377 92538 76339 69655 57960 62549 70427 37143 67678 97329 45013 42902 10893 74386 23577 63903 19750 53469 45752 85922 79096 33719 60878 85154 70382 22253 52391 22938 36579 53927 60469 101303 92586 81061 72362 33885 44306 103916 102285 61148 96253 11555 67142 52391 95409 62999 83713 69655 81342 23577 19309 84155 64885 48964 63903 22800 52160 74954 15362 91229 19238 21449
78703 20665 124740 88500 86251 62631 27857 19168 88391 2713 21258 11954 108586 83628 65390 94945 6331 29475 91404 44415 56391 162452 123474 66976 31577 2991 104881 85975 131190 45595 137859 136058 72122 14602 55205 61881 101514 56775 87379 15204 19772 20383 71360 89492 76246 73598 100801 31685 122441 30124 128661 27344 14809 91097 125910 10763 116464 99924 165458 35193 7582 136968 28320 66192 69258 163570 37569 19687 21522 116479 76802 9283 123443 18012 123222 7392 20300 9659 96307 106206 105231 92917 66421 33990 87612 0 109384 53965 161209 25188 138139 20563 9921 75195 155572 67741 41425 43020 73476 81551 129906 27090 7975 90824 50270 56773 11963 52840 3866 80896 29719 111117 107241 68014 13046 77120 9015 107078 116095 67616 89083 41204 77150 90368 34384 95203 37461 16013 22874 15168 161438 124030 94017 34324 96093 33025 77401 93224 8173 20667 151189 136287 135259 101769 94964 9780 8126 62302 67698 78595 58060 68021 121125 99909 75064 181999 54396 63332 65333 110095 31696 32392 30709 18350 29713 25387 39959 71472 26550 9779 64749 115003 98505 13946 78695 29026 85329 71755 110938 68351 62952 120519 27256 23167 30879 109832 118711 99415 108700 137292 115960 58849 34209 58698 15584 111139 71757 18069 47338 54151 48648 78703 109384 118711 20300 34384 96307 18350 15168 78695 80896 8126 66192 111117 29026 104881 101514 121125 95203 71360 101769 94017
74526 88724 33017 77963 90018 105876 112989 127883 104978 111765 105240 104054 57495 79652 78681 126783 114612 108814 89885 142720 141810 149134 54532 134206 86170 106721 85137 75821 31044 132089 37241 37795 97018 101839 98207 65754 14991 52778 99343 94294 96505 92285 60994 112775 81037 57182 49093 111942 112867 130879 23393 94899 109442 134957 28179 110070 18442 83501 145837 76061 105812 142992 132414 123106 122791 156487 80210 125516 99214 19421 53431 110464 164328 127396 21676 113629 103755 100247 31485 27438 150600 55085 47566 134682 67142 109384 0 64737 132626 90014 28977 89392 105692 118655 85215 101422 130633 73565 86077 59067 82192 97866 103258 100425 91889 104460 121328 77110 109825 84744 127936 115226 31258 72629 115055 112674 104272 84794 136336 89277 26305 68593 98728 41076 75034 53817 127353 108097 132038 95620 66778 17459 46361 108795 137120 89654 127459 75123 106833 106122 136005 26903 125918 82412 74505 116532 111118 100535 118979 104400 70830 102583 141964 41871 132939 137784 108466 127142 114443 36149 83465 131155 116968 93456 86694 93395 116349 98977 104783 116541 103828 37302 68132 96481 88250 101704 48005 114735 28475 141752 134162 67593 86424 120731 79074 72392 29296 88632 38328 105091 15472 81801 90978 62106 99774 45247 106113 117939 91660 114637 84026 74526 0 29296 103755 75034 31485 93456 95620 88250 84744 111118 123106 115226 101704 85137 14991 141964 53817 60994 82412 46361
77051 36093 89933 86503 92051 86293 49211 69475 102126 56672 60818 54418 90030 83974 69532 118189 57355 68363 95480 96355 103333 169555 99174 105593 47990 52172 101976 83366 92897 92072 99683 99064 86790 53581 76363 10555 62732 27133 98244 41791 36052 45486 18630 107210 79428 20034 79625 47644 127731 82314 79476 54673 60969 120217 88405 50496 77662 97712 169689 35641 53873 151607 81687 98934 100571 173772 46322 73300 55194 66280 22904 51393 154026 70658 73292 55519 41674 44396 43864 73280 136575 76472 17221 86368 79354 53965 64737 0 160764 46971 93218 34237 55018 101757 134066 86708 88895 43571 80698 69219 116945 57522 50923 101107 68296 81676 64721 14158 52793 85142 80706 121957 75973 67163 54980 99471 52932 103274 135856 78660 54406 19963 91176 65837 28204 77635 84851 60457 74059 38810 127618 81748 72369 44230 124319 53405 108038 88282 48488 43780 156563 90436 142108 98383 89194 58055 59045 82602 97427 95526 11044 87626 141691 75033 109649 175165 82863 99563 93296 80631 44315 83847 74834 45186 46836 51506 79568 87595 63462 58067 86322 84976 88217 45404 85768 62304 65357 97382 77749 110356 103224 103537 43735 73109 25670 98623 84076 100192 80558 132944 76013 22157 26819 4787 51822 85823 92203 56613 27615 86702 20053 77051 64737 84076 41674 28204 43864 45186 38810 85768 85142 59045 98934 121957 62304 101976 62732 141691 77635 18630 98383 72369
85691 150575 104408 75547 75024 102146 184714 176654 74859 161529 141212 149324 76370 79389 97274 80884 167192 135446 70002 157068 140730 23467 79113 119464 131541 158575 59154 78590 113351 140291 112959 109394 89760 146609 107005 169434 119599 133634 74460 151507 165800 142959 171741 77088 86024 169483 86515 186933 39559 156413 150055 133911 148800 93216 111486 170196 116211 63779 15730 135773 153663 46195 161507 109502 105988 33559 127274 161532 139702 151805 167938 169234 92534 172300 152048 168598 173229 158622 158233 105431 95181 85807 150155 157521 81440 161209 132626 160764 0 137710 135294 154318 151482 96434 63045 95315 143068 124859 87918 91566 50479 134179 153570 71058 110980 107430 168951 174031 164578 80819 152607 53683 101530 96743 173967 90500 152197 57623 64854 93593 116699 145861 84953 99474 142974 85392 143429 147047 177864 158711 101365 125286 92354 186956 89733 128664 101258 72754 165975 175276 18458 138386 30388 62719 71679 170850 155623 100551 104637 85076 171726 95403 65017 93394 109204 26875 111596 116148 103966 96490 133073 154020 139855 145170 133642 136205 130558 90839 136266 170847 99178 95621 72852 149830 82587 133012 97056 97442 104193 126872 123820 65044 137283 150751 150300 63561 105251 62688 94433 28394 119271 182743 172842 162319 145723 87449 92893 178974 183331 115453 177535 85691 132626 105251 173229 142974 158233 145170 158711 82587 80819 155623 109502 53683 133012 59154 119599 65017 85392 171741 62719 92354
53843 14952 101613 63801 62762 44318 47183 43767 67137 26478 15545 15272 83509 59111 40827 77724 31519 21649 67709 53352 56960 140646 98684 58946 6427 22235 80351 61163 108822 45882 115324 113241 50499 12550 35122 57141 80247 37930 65201 13946 29373 5251 65577 69712 51937 66565 75998 49767 99666 40894 111129 7792 19612 76874 103440 32712 94630 75403 142971 14307 18581 117122 42491 53585 55774 142639 12482 36191 9390 100081 68686 31914 110640 41251 106390 32190 35977 20916 82941 83138 92614 67865 53420 44752 62460 25188 90014 46971 137710 0 117996 18910 17374 59038 130438 47522 43215 18495 49828 56423 104783 10551 17230 68594 28329 38758 35909 52599 27870 56924 38099 89584 83782 42989 36908 58876 16859 82472 97824 44628 67251 27981 55550 66239 19167 70192 39381 18148 46779 21550 137578 103158 69392 50509 81477 9506 63734 68315 28431 37839 128828 116624 113061 77136 70012 34872 22958 42335 53131 58097 55244 48091 103287 75555 64010 157644 38377 53266 49575 86217 7008 41350 28891 7469 4530 4535 32606 50333 16797 34873 45523 91115 73349 12189 55225 15332 60734 54947 87784 63402 56344 95343 3725 30749 21941 84697 95683 75316 84632 112956 94508 60945 40612 51525 10648 86619 52392 41773 54093 40960 51661 53843 90014 95683 35977 19167 82941 7469 21550 55225 56924 22958 53585 89584 15332 80351 80247 103287 70192 65577 77136 69392
94513 117502 31987 95360 108164 128941 141828 156749 123311 140479 132954 132381 67920 98310 101472 145469 143455 135878 106786 170016 167673 154804 57390 158119 113746 135435 98117 93906 22044 158470 22967 26197 118278 130068 122293 93255 38210 81393 117591 122995 125482 120575 87394 131387 101432 83490 63179 140670 123655 158677 21029 122384 137556 155123 25012 139027 26616 97849 149966 104311 134327 154374 160486 146386 145598 163288 107553 153841 127035 32329 79455 139406 181864 156146 27031 142523 132710 129089 54873 41895 169871 71883 76187 162393 84985 138139 28977 93218 135294 117996 0 118279 134094 140272 78322 123552 157355 100839 107007 79308 86143 125263 131838 117966 116774 128367 150096 105012 138677 104051 155586 129237 44145 95227 144018 133617 132755 97084 151677 111340 51468 97517 119069 60860 103756 69854 154276 136141 160863 124531 48645 15691 63670 137417 156594 116823 149313 91183 135758 135070 142382 4271 135063 96164 90043 145434 139582 123547 141801 124670 98488 124693 156922 57141 155578 134709 132782 151070 137398 46478 111271 158768 144069 121852 114444 121137 142570 120396 132094 145443 126509 44328 82501 125052 108069 128838 68475 136697 39302 166079 158616 73458 114487 148550 107990 82933 33670 103388 49298 110194 25243 108927 119706 90278 128011 54436 127692 146916 119633 139166 112056 94513 28977 33670 132710 103756 54873 121852 124531 108069 104051 139582 146386 129237 128838 98117 38210 156922 69854 87394 96164 63670
69044 3992 106747 79229 79913 63228 31006 38497 85510 23173 28376 20519 94534 75003 57067 96634 25277 36910 84598 62182 70454 158466 108117 75989 23807 18333 95914 76356 112515 59159 119271 117709 68890 20217 53982 43114 82365 37333 83209 7857 11512 14725 52365 88437 68317 54208 85754 32732 117066 48087 108224 26000 27067 95564 107344 21248 97524 91041 160390 19501 19638 135695 47518 71825 74219 160835 27083 39248 23822 95951 57127 21361 129219 38348 102718 24244 19347 10999 75803 88327 111110 78968 45869 52138 76064 20563 89392 34237 154318 18910 118279 0 20878 77879 141521 66286 55630 29963 67038 68337 118116 27990 16688 86546 46942 57652 32244 36037 20477 73661 46582 107718 89761 57910 26287 77778 18748 97854 116675 62450 70428 20850 73897 74049 15326 81006 51529 26801 42715 6355 144062 104524 78605 32666 100231 28250 82274 83089 17588 21641 146371 116276 130761 92522 84607 27161 24829 61165 71744 76740 40043 66893 122164 83825 81997 173046 57072 70845 68331 93109 21503 49686 42109 13312 21766 22601 48605 68877 32217 27169 64406 97979 86733 11692 72502 32330 70018 73822 93092 79423 72852 107248 17785 39044 10393 98129 100671 91635 92011 128600 96796 43646 21777 39023 18799 95241 71240 30055 35446 59145 33832 69044 89392 100671 19347 15326 75803 13312 6355 72502 73661 24829 71825 107718 32330 95914 82365 122164 81006 52365 92522 78605
69662 19079 118796 79306 76595 52743 37138 26720 78482 10068 11495 2247 100634 74337 56194 85213 15710 20085 81788 41338 50298 152543 115993 58634 23398 7827 95552 76870 125782 39104 132345 130346 62247 5144 45292 63987 96744 52955 77526 13237 25101 13629 73240 79581 66878 75031 93312 40719 112619 27363 125970 17880 6536 81742 120429 20254 111382 90598 155588 29831 2488 127076 27405 56941 59895 153650 29787 19862 11826 114298 77856 18912 114440 23901 120857 17258 28152 13077 95391 100287 96206 85035 65341 31422 78977 9921 105692 55018 151482 17374 134094 20878 0 65518 147437 57821 35293 35853 63893 73503 121126 17302 4623 80972 40503 46884 18762 56397 13639 71385 25709 101208 101033 59190 22966 67267 2210 97789 106296 57912 83939 39311 67267 83597 31265 87399 31190 6974 29479 17956 154923 119542 86751 42886 86696 23920 68064 84190 16760 29075 141314 132505 125376 92505 85971 19373 5624 52381 58171 68675 60801 58100 111371 92928 66167 172519 44620 54507 55650 103551 24336 28831 22773 12244 21795 16431 31169 61572 16759 19369 54835 108452 89858 9836 69054 19109 78099 61999 104962 60798 54890 112225 20260 18171 29901 101106 112834 89908 101989 127830 111112 63384 39473 59804 6761 103985 61845 27990 53216 44684 53257 69662 105692 112834 28152 31265 95391 12244 17956 69054 71385 5624 56941 101208 19109 95552 96744 111371 87399 73240 92505 86751
45933 73964 112940 47807 35742 15466 102593 86102 24447 74468 54023 63852 79406 43425 40113 19833 79991 45814 39785 60737 44580 91629 96480 24297 55309 73344 55739 48126 123096 44071 127845 124537 21996 61901 25394 112310 104385 81221 28354 71721 87517 63276 119251 19551 38960 119112 79161 106008 57467 61760 142048 51978 60601 18481 118027 85766 113659 52283 96449 66421 68001 63233 67117 13078 9653 90900 55548 69080 55616 135024 120012 84394 52286 81078 139589 82137 92769 76750 125866 98459 34955 69427 101477 62200 56521 75195 118655 101757 96434 59038 140272 77879 65518 0 116273 17337 47193 58460 33278 60964 85177 50441 69191 30482 33474 20410 79308 110302 79035 37340 58210 42752 96645 46043 88063 7665 67066 58174 41238 29379 92409 81873 21976 79461 74426 71807 48177 59223 86138 79421 139213 124707 76931 107719 22644 50130 9096 53447 82195 94092 82377 140696 66828 54809 55245 83584 67770 19684 8451 17061 111672 16182 46020 83869 16597 121380 21062 19819 9867 95670 58660 59036 47240 65019 57030 55323 37132 19880 48772 83576 15925 99405 63011 68538 32974 46940 71877 4404 101590 32727 27989 84267 60914 58254 79740 69872 108634 47854 92984 79993 115166 119051 99637 105612 62018 90336 12603 92960 113112 21489 110284 45933 118655 108634 92769 74426 125866 65019 79421 32974 37340 67770 13078 42752 46940 55739 104385 46020 71807 119251 54809 76931
79780 138689 52388 72154 81525 113163 172003 174124 92159 156911 140325 145212 47075 77526 93249 110174 161892 138160 76813 168749 157803 85708 34896 140126 124138 152593 60558 73543 58114 152819 55393 52444 98596 142321 112444 139907 76571 109295 87921 141983 152402 135202 138840 98970 84858 135622 55959 172833 70543 162712 96568 130183 147461 123052 58388 161641 66799 64350 78751 122201 148937 97033 166707 127711 125141 95482 118004 163452 136341 102168 132823 161220 137570 171173 100304 162319 160544 149538 115712 62754 132521 62749 118992 165232 69048 155572 85215 134066 63045 130438 78322 141521 147437 116273 0 105540 153931 112788 90008 74021 31181 131848 147652 85924 111928 116214 166192 148221 157950 82796 158849 83416 59327 88915 166377 108639 147229 58105 105067 96814 80404 125842 95905 68891 126875 60582 152579 145644 176837 147392 38396 72513 63278 171330 121907 123813 124419 66296 157423 162946 75787 82077 75444 61830 64321 165120 152765 108950 122159 99615 143767 106292 108414 59267 132653 56765 121375 134317 119220 54162 123896 161302 145154 137288 125910 131048 138588 100651 136725 165121 109822 50540 58493 141906 86901 132948 71650 114779 59213 148754 142989 35344 128372 154185 133897 48225 56031 68434 53761 46850 69849 155601 154202 133794 140723 48247 106511 170855 160846 127351 153690 79780 85215 56031 160544 126875 115712 137288 147392 86901 82796 152765 127711 83416 132948 60558 76571 108414 60582 138840 61830 63278
29995 62294 97075 34079 24259 7689 93763 81705 20811 67607 46803 55827 65120 29023 22794 31496 73307 40274 29396 64488 52265 94778 82428 36158 42633 65419 45733 33615 107017 47932 112043 108852 6944 53390 12621 97205 87258 64738 21019 61182 76865 52375 103642 22199 23131 103247 63579 96749 55832 61547 124814 41604 54218 35013 101845 77685 96977 41413 98141 52229 60190 69727 66470 23652 22234 95874 41392 66220 46547 117690 103899 76492 67971 77170 122285 75060 83072 67260 108756 81899 51488 53666 85105 63085 41234 67741 101422 86708 95315 47522 123552 66286 57821 17337 105540 0 49733 43139 17253 44376 75119 40963 60710 24335 19426 12172 74193 96295 71397 23143 57672 43480 80301 28794 80779 12884 58934 48243 50472 12233 75148 67126 10637 62694 60394 56152 49262 52555 82669 68926 125294 107926 60671 97849 38400 38055 26037 40010 73724 84715 83836 123837 67867 43884 41950 76993 61286 5441 18526 10855 97023 1161 56068 67738 32048 118339 16787 29577 14505 79706 45537 59386 44602 54389 44595 44599 35684 4981 41624 76987 4331 83680 49189 58538 18808 38752 55078 13313 85238 44743 38127 71770 48596 55441 66426 57667 92498 38259 77097 74639 98366 105216 87643 90301 52969 75046 5528 85809 100612 22060 97017 29995 101422 92498 83072 60394 108756 54389 68926 18808 23143 61286 23652 43480 38752 45733 87258 56068 56152 103642 43884 60671
74648 53034 136508 81786 73790 42141 68039 43951 68635 39356 28165 35199 110239 76408 61941 65830 43325 22066 79036 14846 15043 138772 127278 29375 45220 41282 95216 80439 145136 4432 151141 148508 56451 35486 41497 98455 119146 80374 70334 47773 60144 43542 107447 66050 69109 108866 105804 72196 103649 15940 152736 36585 28787 57796 139707 51517 132270 90690 143632 57267 37216 109735 21297 34581 38222 137658 50635 26355 34091 142373 111312 49922 86575 38593 148425 46025 61724 48204 126094 118866 68946 96118 96631 15298 86020 41425 130633 88895 143068 43215 157355 55630 35293 47193 153931 49733 0 57156 63941 84750 124223 33486 39895 73431 43263 38044 39308 91559 44891 71310 13455 89522 118526 67438 51528 52580 37501 97713 87018 57121 105888 70954 60291 99952 62164 98711 4108 28846 42508 53248 169318 141939 100748 75344 62862 41111 45060 87635 49595 61975 129527 156508 113875 93085 89612 46110 33507 45454 38764 58643 95646 49272 90981 107775 39638 167241 33030 28865 39103 119622 48480 12833 14324 43710 45241 38942 15656 54693 26604 46097 45442 124261 95845 43953 67435 29169 92945 45672 123121 28073 24552 119139 46897 18298 63227 105706 131015 87914 117459 124166 132727 98675 74654 93620 37129 117426 50752 55504 88266 27942 88550 74648 130633 131015 61724 62164 126094 43710 53248 67435 71310 33507 34581 89522 29169 95216 119146 90981 98711 107447 93085 100748
39264 26564 83233 49460 51438 43017 60948 61973 59463 44603 32298 33766 65725 45479 28191 74627 49290 35252 55742 69228 69101 130284 80458 65614 13115 40029 66119 46526 90667 58864 97098 94929 43547 31032 33133 54080 62758 24511 56172 29234 41442 22697 60793 63969 39246 60696 57781 62655 88489 57987 95588 21572 37749 76940 85262 48944 76746 61290 131634 10918 36924 109628 60216 57085 58225 133398 6720 54455 26635 85465 61770 48461 110624 59683 91374 49572 49288 36805 71031 64806 93398 50044 43789 61622 46148 43020 73565 43571 124859 18495 100839 29963 35853 58460 112788 43139 57156 0 38975 38914 88339 24424 35247 59298 25050 38828 54214 53603 45203 44826 54791 80546 65346 28144 53612 55906 35203 68001 92690 35765 49579 24104 48155 47746 18552 52271 53803 36137 65158 35209 119083 85704 51039 62283 80903 16090 65257 53153 44692 51536 117825 99741 102522 62684 54652 52408 41450 39089 54827 52187 53935 44055 98471 57097 67850 143123 40853 58952 50486 67725 11519 57952 43403 24671 14240 20684 43487 44196 31275 52411 42832 72621 56884 29182 44372 28139 42358 54062 69418 71839 64270 77997 15800 47929 25644 68293 77338 62228 66139 98760 76810 62608 48194 47236 29143 68221 48632 58172 59763 45741 55133 39264 73565 77338 49288 18552 71031 24671 35209 44372 44826 41450 57085 80546 28139 66119 62758 98471 52271 60793 62684 51039
12785 63175 79933 17854 12937 24147 96951 89806 21813 73961 54259 61695 48039 12495 11166 41564 79567 49940 17943 78774 68468 91540 65365 53382 43747 70777 32315 16782 89965 62836 94888 91664 11286 58914 22525 90821 71539 55789 17548 63692 78393 55071 96035 28262 5878 95047 46347 99343 50030 73645 109420 46132 61861 48880 84844 82284 80392 27477 93359 49642 65984 70982 78078 40903 39410 94432 40025 76212 52068 103188 95065 81338 79442 85858 107343 80844 85573 70725 96547 65182 64675 36459 75904 75816 23994 73476 86077 80698 87918 49828 107007 67038 63893 33278 90008 17253 63941 38975 0 27710 60448 46659 65739 20462 23780 26323 81925 92045 76757 7701 69734 41612 63395 14891 86116 26718 64466 34713 55918 6844 60071 62462 12764 46248 57518 38925 62731 60051 91545 71039 108200 91465 43693 99666 51189 40749 42346 23744 78059 87548 79336 107484 63790 29691 25722 83192 68364 19303 35749 18394 91560 18302 61825 50689 49017 108661 31502 46708 31747 62589 45560 71936 56069 57276 45854 48312 48730 13447 49695 83189 21039 66490 32438 61920 5467 46148 38702 29859 68340 61932 55158 55481 49603 66025 64484 41790 75468 26075 59950 64018 81937 101069 86893 83634 57921 57794 20744 91107 98735 37704 94018 12785 86077 75468 85573 57518 96547 57276 71039 5467 7701 68364 40903 41612 46148 32315 71539 61825 38925 96035 29691 43693
15507 65227 53127 20257 31194 50253 99256 100147 45963 82900 67040 71292 27137 20793 23437 67719 87873 66129 31895 99044 92223 101653 43144 79773 50148 78574 33282 17544 62803 84704 68092 65065 38971 68412 45038 77918 44265 42087 40378 68146 79584 61186 80745 53711 22247 78812 21064 100560 60673 90886 82243 56561 73900 76270 57565 87858 52696 29554 101021 48838 74948 88247 94346 67633 66562 106916 43983 90246 62644 76974 77765 87366 105298 97328 80606 88330 87633 75718 73670 37537 91644 11689 59213 93860 10530 81551 59067 69219 91566 56423 79308 68337 73503 60964 74021 44376 84750 38914 27710 0 49954 58481 73632 41711 41516 50608 92235 82650 83964 25677 87165 58822 35962 17444 92512 54387 73236 34307 78281 32256 33813 55535 40003 18563 54516 14203 82574 72108 102961 73936 84582 63755 16534 99628 78189 50146 70009 19869 83605 89966 88419 79779 74984 29739 20387 91116 78899 44915 62801 45663 80164 45501 84069 23697 76420 106719 55473 72834 58517 35769 49886 89928 73787 63281 51896 57183 69110 41090 63956 91118 47578 40085 19217 67922 29259 60185 11121 57420 40888 88073 80876 39084 54371 81673 61842 30275 48277 33274 33323 63754 54228 91263 83667 70773 66767 32679 48387 97086 92805 61983 86562 15507 59067 48277 87633 54516 73670 63281 73936 29259 25677 78899 67633 58822 60185 33282 44265 84069 14203 80745 29739 16534
51671 114873 54544 42840 50901 82796 149099 147791 60992 130947 112966 118879 27541 48198 65323 79227 136225 109844 45988 139069 127268 68687 28967 109143 98362 126986 29596 44762 64104 122832 64756 61033 68192 115984 82963 124470 69491 90310 56849 117369 129447 109824 125396 67799 55774 122731 38172 150487 42163 133984 99804 103407 120364 92007 61669 137052 65785 33706 64271 98628 122864 71499 138271 96803 94146 77174 92691 135752 109599 101331 120698 136437 108376 144395 101614 136973 137452 124920 108695 55151 102047 40633 104134 136243 42348 129906 82192 116945 50479 104783 86143 118116 121126 85177 31181 75119 124223 88339 60448 49954 0 104706 121932 54772 83400 86235 139813 130878 132647 52937 130081 53375 51236 61941 141532 77563 121199 27107 75814 67290 68001 105163 65183 51962 104470 39317 123153 118531 150107 123544 61254 75146 44983 149582 91034 97212 93256 37327 132762 139757 56268 88929 50566 31239 35431 139641 126198 78868 91250 68649 127510 75803 79750 44379 101507 58619 91343 103471 88470 46104 98722 132351 116381 112000 100293 104727 109159 70171 108936 139641 79438 45147 31490 116734 56801 105214 51594 83807 53734 117746 112133 14811 103224 125978 111793 20095 54919 37419 44163 24051 68829 139081 133481 117679 114572 37162 75729 146258 142022 97113 135427 51671 82192 54919 137452 104470 108695 112000 123544 56801 52937 126198 96803 53375 105214 29596 69491 79750 39317 125396 31239 44983
53054 24281 106864 62455 59312 36538 52880 43310 61441 27357 8563 15156 85515 57380 39442 69709 33012 11478 64522 44855 46731 135477 101527 48538 11795 24590 78515 60142 114697 35815 121018 118701 45068 12523 28349 67682 87170 46902 60297 21326 37085 13295 76125 62992 49849 77085 79016 56011 95351 33725 119584 3103 15669 67761 109271 36741 101022 73572 138384 23895 19514 110580 36392 43835 46269 136823 17712 31766 5605 108981 79152 35583 101294 39698 115115 34479 42509 26518 92702 88618 83154 70160 63500 37265 62925 27090 97866 57522 134179 10551 125263 27990 17302 50441 131848 40963 33486 24424 46659 58481 104706 0 19770 63742 23202 30730 35368 62867 30606 54202 30417 84151 88848 43009 40027 51215 18122 80792 90383 40615 73971 38411 50111 70684 29624 72630 29855 13839 45412 28987 141798 110111 72913 57432 72513 8700 54360 67530 32761 43992 124124 124146 108205 75542 69361 36673 21745 35555 43907 51801 65713 41336 95657 79506 54043 155317 29415 43044 40711 90755 14997 33552 19308 14757 11771 6019 22067 44490 6956 36669 38288 95591 73724 18103 51779 4784 64458 46572 93131 52856 45831 96516 13927 23823 32390 84812 101079 72711 88924 110652 101166 71052 49689 62070 12008 90149 45307 45064 63431 31155 61549 53054 97866 101079 42509 29624 92702 14757 28987 51779 54202 21745 43835 84151 4784 78515 87170 95657 72630 76125 75542 72913
70755 15378 117504 80580 78565 55993 33427 26729 81209 9358 15395 5477 100692 75738 57481 88786 14301 24224 83680 45533 54909 155235 115693 63071 23606 5083 96997 78036 124196 43724 130819 128928 64803 7363 48106 59699 94806 50485 79981 9434 20499 12551 69009 82666 68388 70894 93010 36827 114954 31401 123137 19667 11159 85711 118879 16975 109615 92039 158070 28021 2950 130234 30957 61014 63886 156581 29651 22927 14170 111262 73808 15819 118600 24775 117894 15177 23902 8481 91905 98969 100365 85032 61856 35450 79638 7975 103258 50923 153570 17230 131838 16688 4623 69191 147652 60710 39895 35247 65739 73632 121932 19770 0 83422 42765 50139 19053 51884 11017 73106 29998 103916 99885 60044 20399 70610 2450 99180 109733 59997 82180 35994 69855 82790 28358 87334 35796 11508 30062 13361 153986 117485 86284 38761 90629 25141 72063 85272 13083 24994 143824 130130 127923 93864 87006 17729 8269 55289 62027 71556 56402 61057 114890 92267 70412 174166 48186 58798 59335 102611 23836 33057 27354 10639 21759 17502 35533 64256 20494 17728 57921 107519 90530 6786 71003 22362 77601 65560 103680 65370 59392 112573 19448 22562 26197 101857 111500 91614 101155 129455 109226 58794 34851 55710 7861 103448 64946 25417 48600 48626 48656 70755 103258 111500 23902 28358 91905 10639 13361 71003 73106 8269 61014 103916 22362 96997 94806 114890 87334 69009 93864 86284
27011 82611 88207 22705 10532 31498 115712 105673 6304 90943 70373 78874 52437 20919 31606 27740 96639 64391 11291 87984 73916 72052 68680 54664 62862 88320 25601 24613 98757 71210 102673 99131 18780 76260 36006 111172 85474 75817 3446 82538 97716 73749 116157 14047 22240 115023 54846 118361 31723 85818 123312 63827 77918 38978 94102 100306 91723 22799 74648 69824 83243 50525 90783 42628 39708 74344 59829 90497 69333 118639 114848 99226 64127 101262 122068 98208 104570 89221 114508 76457 52231 46248 95680 87233 33422 90824 100425 101107 71058 68594 117966 86546 80972 30482 85924 24335 73431 59298 20462 41711 54772 63742 83422 0 40681 36503 98034 112504 94339 16897 81958 21278 73864 34404 103762 22959 81862 27954 36825 24096 75524 82915 13897 59367 77797 48145 73281 76194 106813 90101 110728 102983 54811 118980 39363 59183 38499 26914 96191 106419 60405 119078 44532 25235 28278 100320 84849 29502 37135 14867 111994 24523 42695 60903 46735 94062 40929 49435 35056 71688 65066 83589 68937 75900 64955 66442 59923 19781 65338 100315 28359 74650 36183 80377 15359 62194 52530 29552 78667 63181 57991 55048 68850 79752 84647 40743 84781 17779 68876 50775 93766 121528 106909 103964 75568 64839 22702 108797 118995 45489 114409 27011 100425 84781 104570 77797 114508 75900 90101 15359 16897 84849 42628 21278 62194 25601 85474 42695 48145 116157 25235 54811
32148 42951 93837 40598 36196 18008 75157 66080 38849 50549 30509 38355 67155 35302 18850 50546 56213 26445 41459 57704 51258 112635 84080 42607 23219 47701 56022 38673 102878 43214 108643 105851 22239 35671 8090 78846 78930 48586 37247 42172 57698 33340 85807 41503 27684 85746 62554 77946 72194 50789 114960 23146 38120 51950 97486 59626 90847 51133 115316 33159 42704 88804 54907 32683 33446 114383 22255 52542 28748 106292 86782 58555 85731 62082 111582 57661 64188 48623 94439 76714 68375 52857 68539 53339 43165 50270 91889 68296 110980 28329 116774 46942 40503 33474 111928 19426 43263 25050 23780 41516 83400 23202 42765 40681 0 13918 58232 77229 53719 31450 46922 61411 76012 24176 63138 31586 41272 58381 69899 17468 65915 48450 27305 57444 41272 55449 41251 36320 67766 49859 126060 101124 57674 78824 56026 18823 40246 46096 55512 65946 101084 116415 85208 53250 48023 59875 44739 14593 29927 29802 78310 20124 75486 64767 43326 132339 16848 35615 25505 76729 26121 49401 33228 35434 25203 25816 27609 22004 25920 59871 18179 81275 53447 39797 28710 22372 50172 29090 80747 49887 42281 76735 29203 42581 47085 63971 88538 49831 74469 87752 91667 86090 68223 72138 34905 74194 24612 68168 81196 22778 77709 32148 91889 88538 64188 41272 94439 35434 49859 28710 31450 44739 32683 61411 22372 56022 78930 75486 55449 85807 53250 57674
38073 53708 103721 44121 35773 5860 83507 69912 32712 56420 35575 45013 73957 38800 27247 39063 62089 28458 41053 52878 42277 106296 91250 29808 34898 54630 57174 43081 113242 36626 118672 115671 18524 42777 6302 92229 90999 62502 33191 51773 67592 43169 99429 32780 31857 99477 71042 86718 67912 49396 127704 31947 42780 38674 107932 67026 102069 52652 109942 46171 49318 80195 54300 18955 19532 106941 35361 54145 36150 119490 100599 65751 72571 65272 124588 63988 73238 57245 108244 87429 54919 61089 82440 51009 49628 56773 104460 81676 107430 38758 128367 57652 46884 20410 116214 12172 38044 38828 26323 50608 86235 30730 50139 36503 13918 0 62530 89929 60523 33425 45515 55168 86300 33450 69809 20495 48191 59670 59660 19695 78249 61734 22773 68010 54108 63665 37306 41193 70717 59522 133930 112676 67139 88154 43030 29736 26447 50043 63223 74711 95639 128270 79679 55056 52019 65761 49933 7416 16020 22520 91428 12028 64930 74303 29476 130507 5179 22740 11667 86376 38262 47276 32443 45005 36627 35214 23574 16949 30302 65755 8300 90663 58709 48771 29435 27813 60471 16214 91164 37732 30360 81803 40525 43327 59333 68043 98748 49927 83921 86724 103137 98656 79368 85649 42622 82706 15110 74809 92770 11525 89875 38073 104460 98748 73238 54108 108244 45005 59522 29435 33425 49933 18955 55168 27813 57174 90999 64930 63665 99429 55056 67139
88265 32604 136505 97791 94423 68274 29599 7978 95004 9782 27763 20997 119357 92742 74721 99127 7380 34093 99691 38232 53436 168825 134586 67488 42094 14758 113882 95425 143068 43730 149721 147882 79258 23895 62033 71953 113457 68737 94599 27157 29085 31545 81473 95204 85217 83959 111899 33901 129756 24880 140463 36420 20157 93788 137774 15481 128383 108940 172334 46958 17329 142166 21233 68918 72270 169318 48389 13294 30239 128179 87351 14122 124824 6104 134958 9564 26531 21246 107658 117969 106806 103738 77929 28048 97717 11963 121328 64721 168951 35909 150096 32244 18762 79308 166192 74193 39308 54214 81925 92235 139813 35368 19053 98034 58232 62530 0 62030 11984 89518 26041 117633 118923 77897 13251 82255 19051 116160 120544 75695 100983 53030 84170 101833 46345 106083 35860 21929 11017 26415 173039 135990 105243 37619 98875 42612 80198 102780 16321 25783 158029 148230 142060 110908 104583 7937 13644 68794 71300 84934 67762 74311 125265 111286 76668 190564 59351 64998 69612 121664 42731 27801 32338 29689 40405 35186 42428 78339 32698 7922 70774 126573 108591 25612 86941 35960 96567 76310 122688 67331 63005 130987 38427 21997 42627 119816 130490 107999 120203 145943 127900 67065 42499 69375 25471 122435 77635 16407 54416 57830 57028 88265 121328 130490 26531 46345 107658 29689 26415 86941 89518 13644 68918 117633 35960 113882 113457 125265 106083 81473 110908 105243
89514 39088 103621 99222 103901 94971 40889 65339 113012 55503 64362 56360 104082 96359 80937 127718 54759 72716 107631 97007 106450 182084 113328 111393 55158 51748 115033 96092 106130 95165 112868 112423 97137 56248 85125 12231 76285 40700 109496 43865 33186 49809 20888 117540 91321 24261 93716 38361 140171 82705 89806 60358 62820 128588 101796 46738 90995 110641 182541 44089 54728 163001 81159 106056 108062 185941 54980 72513 59449 76323 28331 47966 162485 67541 83332 52473 36285 44054 52830 87251 144679 90323 30441 86667 92599 52840 77110 14158 174031 52599 105012 36037 56397 110302 148221 96295 91559 53603 92045 82650 130878 62867 51884 112504 77229 89929 62030 0 50733 97043 81735 133601 90015 79201 50449 108793 54194 116435 146264 89336 68441 29608 101757 79956 35957 91562 87451 62718 69990 38614 141166 94392 86438 34305 132945 60504 115851 101351 45898 37870 169217 101973 154486 111442 102360 54553 59344 91795 105190 105731 6902 97126 152023 89185 116571 188959 90419 105853 101322 94722 51688 84681 78146 48897 53613 56973 84341 97717 67913 54566 95408 99027 101770 47716 97284 67510 79288 106007 91669 115265 108514 117588 49965 74422 30792 112346 97829 112827 94686 146398 89190 9025 19836 15191 54823 99979 101688 50859 14624 93497 7162 89514 77110 97829 36285 35957 52830 48897 38614 97284 97043 59344 106056 133601 67510 115033 76285 152023 91562 20888 111442 86438
81638 21315 126109 91513 89578 66382 24009 18080 92002 5537 25061 15570 110909 86705 68434 98774 4800 33336 94697 47137 59793 166057 125551 70767 34296 6019 107966 88937 132316 49114 139023 137311 75673 18083 58834 60253 102418 57480 90896 16450 17552 22845 69765 93210 79380 72159 102910 27875 125912 32938 128661 30667 18674 94963 127075 6917 117472 103009 168986 36760 11218 140714 30658 70058 73124 167254 40060 21996 25008 116297 75491 5418 127294 18037 123100 4370 16940 9593 95677 107594 109085 95228 65980 36690 90312 3866 109825 52793 164578 27870 138677 20477 13639 79035 157950 71397 44891 45203 76757 83964 132647 30606 11017 94339 53719 60523 11984 50733 0 84119 32840 114724 108754 70847 9422 80900 12489 110136 119903 70995 90178 41326 80713 92166 35108 97472 40975 19874 22239 14477 163027 124773 96034 30617 99959 36132 81267 96138 4983 17085 154728 136718 138811 104815 97852 7240 11893 65962 71557 82253 56219 71698 124949 101783 78911 185163 58209 67176 69171 111753 34090 35370 34499 20703 32354 28500 43810 75066 30349 7244 68460 116657 101197 16044 82017 32737 87347 75576 112341 72020 66707 123004 29595 26594 30864 112557 120059 102625 110437 140452 116868 56349 31646 57468 18855 113076 75474 14458 44429 58013 46183 81638 109825 120059 16940 35108 95677 20703 14477 82017 84119 11893 70058 114724 32737 107966 102418 124949 97472 69765 104815 96034
10346 69861 75772 10936 6918 30573 103899 97415 20380 81448 61894 69175 42267 6090 16675 42048 87028 57641 10950 86155 75216 85487 59503 59079 50725 78162 24614 10793 86053 70047 90621 87268 16347 66371 30057 95021 69919 59321 14957 70690 85098 62175 99668 28035 5724 98416 41941 106168 43663 81290 107894 53566 69487 51072 81090 89521 77502 19783 86861 55678 73439 66677 85754 46490 44583 88920 46579 83912 59562 102546 98131 88615 79645 93508 106276 88246 92436 77839 97684 62174 66096 32393 78980 83413 19309 80896 84744 85142 80819 56924 104051 73661 71385 37340 82796 23143 71310 44826 7701 25677 52937 54202 73106 16897 31450 33425 89518 97043 84119 0 77377 36879 60010 17990 93446 30089 71897 27014 53677 14447 59308 67631 15395 43995 63334 34670 70219 67672 99200 77910 102364 88708 40381 106327 52690 48020 46403 16869 85273 94466 73002 104814 57737 22022 18816 90637 75933 26160 41109 20783 96118 24038 59561 47062 53688 101134 38580 52656 37476 58621 52298 79544 63728 64390 52824 55629 56232 18549 57370 90634 27292 62191 26109 69076 4427 53804 36760 34505 64931 67719 61248 48661 56472 73723 70469 34680 71683 18524 55888 56452 79285 106041 93002 87783 65319 53005 25408 98417 104455 44591 99422 10346 84744 71683 92436 63334 97684 64390 77910 4427 0 75933 46490 36879 53804 24614 69919 59561 34670 99668 22022 40381
79070 44662 137053 87249 80825 50517 55204 30500 77755 27359 22698 26336 113669 81884 65663 77515 30653 21038 86174 15689 27441 149693 130267 42561 41844 30181 101863 85499 145049 17879 151325 148943 63924 27575 47423 89677 117548 76019 78682 38916 49234 36857 98947 76192 74326 100729 108107 59430 113050 3915 149225 33220 19858 70392 139618 39138 131439 97125 154121 52364 27086 121349 8948 46293 49878 149103 48072 12925 28767 138129 103511 37546 99909 25142 144476 33388 49776 37705 120276 118911 82166 98806 90333 6855 89987 29719 127936 80706 152607 38099 155586 46582 25709 58210 158849 57672 13455 54791 69734 87165 130081 30417 29998 81958 46922 45515 26041 81735 32840 77377 0 99525 119014 70472 38634 62712 27838 104313 98909 62931 104367 64254 68288 100680 55749 101355 10587 20680 29201 43125 171390 140495 102408 62791 75489 39043 57248 92889 37739 49765 139898 154385 124066 99398 94836 33160 22429 52771 49793 67552 86393 57435 103143 109199 52495 176007 41059 41250 49269 120694 44474 3261 13712 36389 41243 34542 22059 62452 23818 33147 53599 125480 100364 35337 73905 27406 94155 56056 123377 41513 37831 123634 41786 7646 55388 110850 131326 94980 118748 132192 131578 88269 63784 85489 29545 119504 59715 42374 77052 37382 78067 79070 127936 131326 49776 55749 120276 36389 43125 73905 77377 22429 46293 99525 27406 101863 117548 103143 101355 98947 99398 102408
45960 103768 97902 38565 29963 49555 136568 125074 22726 111056 90276 99174 61376 39108 52668 28819 116758 83611 27293 103407 87148 51335 74978 66071 83975 108721 31123 41364 108521 86653 111356 107638 39181 96657 55918 131889 100284 96176 24534 103506 118818 94688 136505 23472 42562 135178 66893 139322 15309 103266 137273 84473 97696 41918 104463 120871 104048 31818 54789 91100 103546 29850 108466 55824 52324 53118 81088 109145 89756 134152 134762 119733 55227 120435 136842 118465 125545 110033 132493 89331 49197 60161 115661 104167 48964 111117 115226 121957 53683 89584 129237 107718 101208 42752 83416 43480 89522 80546 41612 58822 53375 84151 103916 21278 61411 55168 117633 133601 114724 36879 99525 0 86179 54860 124131 36961 102237 32301 22983 45312 91905 104047 34113 74605 99060 61434 90055 96034 125854 111127 113986 115141 68869 140056 39644 80117 47968 40247 116822 127340 40495 130929 24570 33208 40735 120445 104764 48910 50966 32699 132903 43324 27801 73802 56138 78871 58859 62494 50472 82956 86268 100761 87213 96811 86057 87226 77588 39662 85104 120440 46884 84927 47349 101208 36318 82195 68703 43850 90625 73789 70296 59185 89981 98258 105925 46781 95566 26595 80170 40163 106471 142620 128178 124654 96099 74812 40155 129167 140266 62172 135628 45960 115226 95566 125545 99060 132493 96811 111127 36318 36879 104764 55824 0 82195 31123 100284 27801 61434 136505 33208 68869
50721 87773 18044 51224 64020 86195 118335 126409 79168 109158 97201 99010 26395 54206 59058 101326 113256 98266 62731 132223 127248 117893 25256 115685 78361 104298 55325 49770 26948 118992 32645 29998 74677 96332 80508 80985 18399 53691 73448 92309 99454 87539 79536 87242 57688 76296 19334 118429 82398 122488 51427 86332 103065 111063 21636 110935 17951 54426 114594 72056 101881 112867 125206 103592 102511 125338 71824 119780 91844 50641 73515 110881 137868 124631 51883 113006 107488 99444 58077 3917 125728 27742 60112 125857 40858 107241 31258 75973 101530 83782 44145 89761 101033 96645 59327 80301 118526 65346 63395 35962 51236 88848 99885 73864 76012 86300 118923 90015 108754 60010 119014 86179 0 52853 115941 89797 100181 54664 108188 68216 21574 71145 75162 18592 74441 25723 115915 101420 129940 96056 54315 29180 19718 116260 112463 80148 105729 47193 107028 109948 104790 45234 95070 52976 46161 115952 106654 80840 98756 80716 85105 81418 113590 12997 112324 108139 91026 108717 94479 5375 76774 122017 106331 89277 79587 85931 103113 76840 95208 115957 83541 9019 38898 93340 64104 91613 25899 93240 4945 123924 116649 36503 80776 112671 80601 41517 12526 59859 7098 73854 20292 96927 98466 75197 94400 14086 84139 119813 103357 97521 95943 50721 31258 12526 107488 74441 58077 89277 96056 64104 60010 106654 103592 86179 91613 55325 18399 113590 25723 79536 52976 19718
11137 54317 70358 21330 24907 33717 88738 85874 36564 69012 51435 56944 43201 17449 6252 56319 74321 49524 28430 81849 74794 102992 59964 62987 36564 65113 38009 18451 79798 67296 85284 82340 24755 54047 27698 77032 58504 41426 31880 56057 69422 48120 81777 43151 12300 80619 38409 90641 61064 74264 96022 41534 58669 62860 74482 75555 68783 33156 103892 39044 60926 84627 78000 51159 50466 106749 31277 74536 47727 89110 80478 74841 94163 82588 93562 75146 77113 63513 81709 54009 78971 28681 61306 77067 19917 68014 72629 67163 96743 42989 95227 57910 59190 46043 88915 28794 67438 28144 14891 17444 61941 43009 60044 34404 24176 33450 77897 79201 70847 17990 70472 54860 52853 0 79877 40355 59265 39950 70629 16675 46366 49945 27419 34597 46282 31273 65382 56842 88289 62761 101894 79549 33857 90397 65529 35286 54832 25380 71258 79285 90278 95330 75322 34614 27036 77770 64305 28323 46655 32894 78150 29954 76539 41012 60539 115184 38193 55972 42204 53068 37291 73125 56923 50323 38552 42786 51783 26562 47832 77770 31378 57473 30731 55077 19149 44051 27031 42107 57714 71124 63807 53572 41735 65394 53577 41919 65314 34208 50688 70690 69986 88179 76139 69795 52634 50072 33553 84698 87091 44697 81804 11137 72629 65314 77113 46282 81709 50323 62761 19149 17990 64305 51159 54860 44051 38009 58504 76539 31273 81777 34614 33857
90750 28214 133017 100685 98957 75665 16571 14890 101407 13612 34260 24959 119303 95932 77647 107848 8379 42257 104059 51457 66058 175466 133585 78657 43323 15442 117190 98068 138784 55891 145547 143996 85093 27504 68230 61131 108565 63546 100318 24393 19055 31758 70600 102536 88651 73377 111023 20816 135331 37881 132919 40065 27472 103654 133624 5045 123760 112235 178408 44467 20591 150002 34467 78703 81860 176616 48842 26298 34430 120205 77002 5160 135604 17639 127114 5947 14189 16851 98680 114575 117442 103628 69658 41205 99184 13046 115055 54980 173967 36908 144018 26287 22966 88063 166377 80779 51528 53612 86116 92512 141532 40027 20399 103762 63138 69809 13251 50449 9422 93446 38634 124131 115941 79877 0 90129 21907 119338 129052 80396 96712 46582 90131 99847 41584 105814 47828 28848 19542 19939 170256 130549 104029 24395 108683 45430 89962 105220 8996 12954 164150 141851 148231 114008 106909 5487 20350 75341 80445 91634 56585 81065 134040 109556 87224 194433 67356 75475 78212 119169 42817 40687 42565 29561 41325 37818 52247 84476 39551 5501 77795 124057 110051 24812 91394 42072 95364 84690 119339 79267 74401 131593 38311 33467 36196 121437 126943 111938 117979 149725 122976 54733 30628 59425 28255 120920 84802 5038 41654 66875 44910 90750 115055 126943 14189 41584 98680 29561 19939 91394 93446 20350 78703 124131 42072 117190 108565 134040 105814 70600 114008 104029
39111 73804 105840 40361 28136 14681 103996 89373 17082 76650 55870 65440 71943 36143 34738 18972 82282 48249 32122 66626 51362 87102 88957 31706 54477 75046 48093 40826 116075 49819 120705 117357 15664 63250 23898 109986 98219 77599 20719 72152 87958 63468 116502 13508 32186 116127 72018 107212 51173 66408 136045 52336 62881 22536 111061 87461 107004 44618 91410 64706 69718 59961 71660 19824 16767 87101 53814 72841 56645 129455 116782 86165 55099 84515 133812 84267 93717 77733 121291 91741 38852 62380 97974 67219 49371 77120 112674 99471 90500 58876 133617 77778 67267 7665 108639 12884 52580 55906 26718 54387 77563 51215 70610 22959 31586 20495 82255 108793 80900 30089 62712 36961 89797 40355 90129 0 68631 50535 39168 23797 86541 79799 14704 72944 72841 64712 53108 61367 89771 79912 131646 118119 70084 108622 25607 49589 16444 45930 83693 95203 77199 134162 61414 47144 47704 85934 70068 17000 14470 9486 109702 11888 44481 76938 24242 114990 22916 26664 13514 88636 57589 63849 50840 65363 56348 55541 40959 13794 50578 85927 13458 92271 55514 69223 25798 48259 65415 6980 94737 40234 35118 76620 60324 61935 78636 62222 101657 40210 85923 72980 108607 117670 99375 103115 63116 83076 7361 95105 112577 25335 109269 39111 112674 101657 93717 72841 121291 65363 79912 25798 30089 70068 19824 36961 48259 48093 98219 44481 64712 116502 47144 70084
69860 17099 117882 79598 77236 54051 35527 26917 79516 9748 13131 3215 100343 74690 56480 86709 15158 21894 82391 43438 52503 153570 115537 60651 23092 6486 95934 77108 124738 41305 131328 129378 63186 5603 46358 61841 95538 51502 78417 11200 22949 12642 71112 80807 67282 72934 92849 39013 113456 29398 124384 18336 8734 83465 119400 18835 110255 90977 156505 28628 1723 128348 29238 58723 61628 154803 29341 21464 12531 112626 75790 17578 116279 24497 119216 16401 26238 10931 93536 99358 98044 84710 63481 33456 78968 9015 104272 52932 152197 16859 132755 18748 2210 67066 147229 58934 37501 35203 64466 73236 121199 18122 2450 81862 41272 48191 19051 54194 12489 71897 27838 102237 100181 59265 21907 68631 0 98145 107718 58603 82808 37503 68224 82896 29608 87046 33398 9060 29957 15748 154176 118288 86209 41051 88398 24115 69803 84389 15129 27257 142245 131115 126324 92844 86148 18741 6851 53502 59824 69788 58624 59250 112839 92298 68057 173013 46101 56425 57203 102795 23699 30939 24904 11006 21363 16504 33132 62578 18308 18739 56054 107700 89859 7998 69681 20379 77539 63483 104050 62921 56955 112075 19458 20332 27940 101148 111900 90419 101282 128308 109932 61175 37287 57719 6645 103415 63075 26945 51046 46384 51050 69860 104272 111900 26238 29608 93536 11006 15748 69681 71897 6851 58723 102237 20379 95934 95538 112839 87046 71112 92844 86209
28826 94266 65618 18695 23987 55932 128679 124097 34245 107808 88690 95556 29164 23456 41702 53967 113303 84651 18928 112540 100243 67628 43003 82053 76098 104262 2511 21499 76229 96126 79087 75380 41363 92705 56905 112171 70113 76178 29820 95857 109365 87685 115025 41500 30943 113022 35735 130587 28164 108228 106069 79909 96249 66244 72229 115178 72322 7249 66719 78840 99739 58259 112742 69698 67059 73486 71148 110900 86014 104072 111832 114382 86705 120320 106156 114356 117061 103238 105383 58048 77830 30990 93466 110258 23939 107078 84794 103274 57623 82472 97084 97854 97789 58174 58105 48243 97713 68001 34713 34307 27107 80792 99180 27954 58381 59670 116160 116435 110136 27014 104313 32301 54664 39950 119338 50535 98145 0 55126 41430 63590 88288 38135 45755 85741 31536 96866 94424 126025 102683 83674 83275 39157 130283 65874 74054 66420 15144 110890 119224 54323 98902 41834 5345 14082 116856 102530 52258 64144 41549 114272 48874 60099 42925 74601 75259 64706 76366 61387 51063 77123 106415 90696 89904 78147 81693 82939 43270 84281 116855 52573 52757 17163 94651 30431 80669 41457 56711 58891 90668 85027 27896 81513 100737 93111 14532 63437 10330 48322 30759 74883 125182 115563 104999 91512 42657 48644 124237 125769 70296 119917 28826 84794 63437 117061 85741 105383 89904 102683 30431 27014 102530 69698 32301 80669 2511 70113 60099 31536 115025 5345 39157
63834 112687 120588 58468 47302 53846 143141 127321 34105 115500 94842 104517 84010 57582 66866 21465 121076 86897 46548 99247 80867 53673 97942 59347 93098 114100 53777 60844 131222 83367 134211 130506 49146 102379 62703 146181 121345 111666 38866 111256 127040 102527 151795 28725 58804 150912 88854 146377 34595 102293 158829 91464 101656 30508 127045 126530 126128 53844 60216 102396 108761 23011 107708 52628 49031 51021 91679 110186 95807 154908 150981 125208 32581 122268 158011 123153 132881 116901 151333 111169 30417 81380 131822 102295 69264 116095 136336 135856 64854 97824 151677 116675 106296 41238 105067 50472 87018 92690 55918 78281 75814 90383 109733 36825 69899 59660 120544 146264 119903 53677 98909 22983 108188 70629 129052 39168 107718 55126 0 57199 112018 116786 44682 95325 110565 82916 88575 100214 127261 119018 136763 137307 90112 147779 26110 88425 41987 61321 122810 134370 47562 153221 35089 55522 62136 124694 108843 55511 49387 40542 146497 49808 5910 95539 48493 91646 61700 58183 50964 105248 96001 99422 88445 104458 95046 94630 78320 48564 89553 124687 52321 107457 69308 108375 51535 87371 88850 44373 112764 65367 64190 82165 99045 99414 116805 69649 118030 48345 102440 59630 128435 155248 138109 139076 102277 97352 45436 133992 151066 62725 147321 63834 136336 118030 132881 110565 151333 104458 119018 51535 53677 108843 52628 22983 87371 53777 121345 5910 82916 151795 55522 90112
18523 58518 85174 24665 18728 18165 91805 83530 23699 67972 47954 55743 54321 19288 10945 40732 73620 43294 24006 71948 61954 96078 71634 47691 38797 64988 39006 23429 95010 56074 100152 97019 8538 53017 15682 88985 75051 54960 20779 58570 73641 49824 94757 28629 12163 94040 51929 94368 55079 66844 112670 40331 55569 46333 89801 76724 84776 34215 98354 46003 60074 73950 71315 35414 34316 98421 35794 69615 46115 105756 94360 75715 78293 79472 110237 75004 80575 65395 97633 69736 62588 41968 75314 68986 30045 67616 89277 78660 93593 44628 111340 62450 57912 29379 96814 12233 57121 35765 6844 32256 67290 40615 59997 24096 17468 19695 75695 89336 70995 14447 62931 45312 68216 16675 80396 23797 58603 41430 57199 0 63033 59755 12518 50487 54075 44504 55889 53775 85141 66077 114390 95705 48658 94915 49223 35310 38224 30525 72546 82466 84200 111607 68444 36469 32502 77270 62206 12997 30547 17254 89337 13384 63044 55769 44240 114892 24862 40854 26275 67790 40971 65110 49282 51999 40895 42730 41887 10048 43259 77267 15342 71875 39026 56552 11276 39789 42868 25506 73144 56124 49144 62182 44770 59336 60765 48589 80483 32489 65226 70349 86144 98351 82896 81893 52142 63514 16881 85412 95169 31172 90841 18523 89277 80483 80575 54075 97633 51999 66077 11276 14447 62206 35414 45312 39789 39006 75051 63044 44504 94757 36469 48658
48979 68895 36670 53638 65006 79578 97829 108143 79677 91216 81845 82080 40608 54606 52387 101180 94835 84447 65503 118616 116399 130519 45677 108032 62614 86228 63413 51175 42138 107041 48861 47300 70877 79601 72020 59550 13258 33347 74143 73908 79418 70311 58635 87293 55240 55595 30204 97670 91615 107558 49681 71151 86860 108917 36923 91669 27447 60898 128422 54188 84453 120728 109635 96833 96490 136939 56297 103397 76047 43246 53154 91771 138926 106891 47280 94298 87310 80665 41923 18966 124727 32610 38640 111201 42977 89083 26305 54406 116699 67251 51468 70428 83939 92409 80404 75148 105888 49579 60071 33813 68001 73971 82180 75524 65915 78249 100983 68441 90178 59308 104367 91905 21574 46366 96712 86541 82808 63590 112018 63033 0 50810 72795 17839 55191 32177 102814 85356 111955 76781 74452 36150 24686 95299 111238 65452 101181 51748 87960 89765 117191 50717 105422 60273 51516 97253 89528 74232 92677 78453 63576 76309 117773 23621 106635 126377 82349 100964 88143 26377 60369 107519 92640 71803 63462 70105 91164 72801 80745 97259 77524 30587 46427 75448 62570 77434 23232 88460 23582 115681 108118 53385 63890 97477 60742 53463 30606 65556 26653 88352 27266 75407 77390 53648 77578 32708 79893 100286 81834 88588 74394 48979 26305 30606 87310 55191 41923 71803 76781 62570 59308 89528 96833 91905 77434 63413 13258 117773 32177 58635 60273 24686
60558 20717 87451 70496 74450 66419 47190 59336 83416 43722 42836 38174 79639 67286 51382 98619 46125 49628 78333 79903 84922 152937 91504 85913 28217 38734 86708 67396 92574 73794 99378 98027 67640 36681 56493 30506 62158 17503 79892 26603 28642 27579 38158 88068 61922 38802 69959 47398 111009 66412 87457 35433 44450 100317 87519 41563 77422 82136 153717 15692 38814 133399 66713 78999 80610 156549 26373 58906 36866 75350 40745 41896 134157 59131 82049 45051 36500 31804 56107 69307 116646 64709 26091 70447 64840 41204 68593 19963 145861 27981 97517 20850 39311 81873 125842 67126 70954 24104 62462 55535 105163 38411 35994 82915 48450 61734 53030 29608 41326 67631 64254 104047 71145 49945 46582 79799 37503 88288 116786 59755 50810 0 72204 57093 8819 66372 67019 43579 63564 27030 125127 83971 62599 45558 104468 33600 88078 73144 38242 38956 140198 95459 125255 83143 74328 47945 44225 62859 77464 76290 29904 68007 122572 66877 89727 162220 62906 79767 73343 74974 24522 67492 56668 27867 27225 32470 60442 68298 44764 47953 66551 79738 74724 29510 67731 43179 54471 77509 74055 90973 83721 92917 24484 56618 10485 85783 81374 83929 74215 118735 76513 38633 28458 24136 34713 78258 72585 49781 37482 66829 31866 60558 68593 81374 36500 8819 56107 27867 27030 67731 67631 44225 78999 104047 43179 86708 62158 122572 66372 38158 83143 62599
24579 69924 91136 25865 14397 18151 102460 91789 11612 77196 56550 65196 57456 21466 22668 28900 82897 50494 19207 75004 62109 85390 74585 44487 50094 74700 35627 26161 101379 58365 106002 102659 5068 62631 22138 101502 84109 67314 10498 69446 84864 60619 107233 16159 17762 106468 57315 105244 45597 72168 122040 50365 64074 36281 96377 86792 92470 31560 88330 58190 69570 61904 77065 31938 29677 87093 47732 76623 55714 115940 106714 85673 66750 87366 120050 84521 91476 75922 109120 77176 51933 47686 87622 73722 34667 77150 98728 91176 84953 55550 119069 73897 67267 21976 95905 10637 60291 48155 12764 40003 65183 50111 69855 13897 27305 22773 84170 101757 80713 15395 68288 34113 75162 27419 90131 14704 68224 38135 44682 12518 72795 72204 0 58557 66315 50010 59887 62361 92916 77101 117381 103621 55463 106057 38445 46061 31018 31585 82725 93249 74048 119694 58110 34076 33428 86582 71039 15635 26420 5674 101838 11020 50527 62273 38429 107744 27415 38438 23316 73940 52587 70020 55141 62728 52153 53116 46317 5893 51482 86577 14860 77567 41105 67101 11097 48389 51098 19389 80098 53156 47110 62859 56116 65902 72851 48543 86972 27971 71223 64004 94136 110764 94748 94408 62022 68398 10627 95169 107260 32472 103115 24579 98728 86972 91476 66315 109120 62728 77101 11097 15395 71039 31938 34113 48389 35627 84109 50527 50010 107233 34076 55463
34010 71661 36560 36896 49000 68214 103801 109484 64045 92132 79120 81511 24498 38683 40843 86005 96519 79842 48824 113710 108695 112762 34414 97579 60559 87392 45615 34755 45440 100399 51237 48556 57485 78762 62120 72754 26108 40407 58374 75753 84420 70297 73434 71934 40807 70796 13896 104357 73809 104205 63990 68268 85234 94809 40061 94917 34291 43259 110837 55447 84613 103117 107076 85658 84774 119109 54022 101933 73938 59626 68872 94718 123365 107393 62741 96487 92557 83105 59718 19419 110080 14796 52223 107510 26078 90368 41076 65837 99474 66239 60860 74049 83597 79461 68891 62694 99952 47746 46248 18563 51962 70684 82790 59367 57444 68010 101833 79956 92166 43995 100680 74605 18592 34597 99847 72944 82896 45755 95325 50487 17839 57093 58557 0 58930 14377 97373 83545 112818 80199 71349 45254 7129 102649 96650 61996 88480 34358 90861 94998 99427 61240 87585 42527 33960 99404 89196 62829 80985 64211 76070 63833 100992 9818 94727 110581 72650 90569 76616 20077 59261 103648 87867 72152 61917 68082 84523 59581 76913 99408 65701 24937 28593 76422 47742 73276 7620 75844 23304 105715 98369 37924 63439 94480 65641 35970 31112 48090 18392 71081 35707 87796 85354 66139 76888 21249 66867 103985 92111 79126 85089 34010 41076 31112 92557 58930 59718 72152 80199 47742 43995 89196 85658 74605 73276 45615 26108 100992 14377 73434 42527 7129
57285 13800 91434 67434 69980 59050 45129 53167 77752 36734 34079 29943 80061 63722 46729 91777 39835 40811 74225 71353 76103 148813 93150 77396 19810 31690 83978 64416 97314 64979 104052 102442 61559 28240 49182 38617 67315 22403 74637 19260 25552 18929 46676 81866 57718 47491 70963 46135 106986 58043 94792 26671 36046 92780 92114 36553 82398 79237 150065 8172 31042 128020 58617 70873 72638 151947 19028 51068 28073 83034 49531 36597 126673 52390 89609 39150 33701 25536 64527 73003 108985 64656 34644 62056 62999 34384 75034 28204 142974 19167 103756 15326 31265 74426 126875 60394 62164 18552 57518 54516 104470 29624 28358 77797 41272 54108 46345 35957 35108 63334 55749 99060 74441 46282 41584 72841 29608 85741 110565 54075 55191 8819 66315 58930 0 66571 58244 35075 57166 21650 128737 89694 63730 45114 97068 25233 80260 70696 32775 36123 136309 101932 121054 80478 72057 42101 36434 55842 69608 70031 37379 61205 116278 68733 81550 160496 54922 71364 65609 77828 16159 59000 47867 19419 18636 23664 51676 62008 35945 42108 59451 82690 73380 21649 62922 34399 55236 70108 77768 82293 75092 93016 15704 48137 7387 84681 85360 80486 76775 116448 81763 44834 29868 32607 26227 80163 65759 45373 41217 58549 36803 57285 75034 85360 33701 0 64527 19419 21650 62922 63334 36434 70873 99060 34399 83978 67315 116278 66571 46676 80478 63730
26157 78120 41137 25506 38331 62666 111663 113959 53462 96650 81193 85204 13528 28720 36945 75620 101504 80321 37047 113096 105688 98385 28942 92159 64003 92216 31566 24172 51383 98522 56042 52765 50056 82338 58405 85323 38924 51035 47745 81422 92008 74821 86745 61547 33064 84303 7431 112685 59676 105083 75940 70654 87987 85558 46442 101063 43588 29685 96519 61633 88764 89348 108548 79766 78335 104765 57712 104392 76701 72886 82607 100655 112191 111271 75410 101842 100131 88969 74086 28376 100045 2597 65270 108040 15362 95203 53817 77635 85392 70192 69854 81006 87399 71807 60582 56152 98711 52271 38925 14203 39317 72630 87334 48145 55449 63665 106083 91562 97472 34670 101355 61434 25723 31273 105814 64712 87046 31536 82916 44504 32177 66372 50010 14377 66571 0 96626 86204 116877 86828 70636 54847 7626 111436 86822 64236 80901 21630 96852 102513 85051 70935 73319 28666 20797 104669 92845 57468 74669 55454 88244 57218 88435 12764 87873 97640 68672 85355 70600 23955 63509 104105 87949 76869 65682 71163 83056 52267 78154 104671 59749 27605 14456 81440 38914 74385 12279 68658 30555 100624 93627 26552 67952 95874 73731 21836 37039 34852 21218 57010 45699 99779 94817 78455 80645 19043 59495 110275 102854 75159 96169 26157 53817 37039 100131 66571 74086 76869 86828 38914 34670 92845 79766 61434 74385 31566 38924 88435 0 86745 28666 7626
73027 48954 133929 80518 73054 41810 64289 40900 68729 35448 24192 31091 108393 75131 60063 67242 39566 18565 78351 16471 19122 139795 125327 32020 41636 37249 94382 79036 142415 8139 148488 145912 55825 31400 40207 94380 116071 76751 70103 43673 56071 39552 103391 66616 67725 104834 103637 68416 103921 13726 149322 32940 24681 59842 136981 47655 129371 89773 144438 53514 33128 111133 19152 35955 39570 138967 47216 23187 30180 138829 107307 46063 89410 35554 144933 42247 57760 44118 122310 116151 71614 94040 92767 14111 84290 37461 127353 84851 143429 39381 154276 51529 31190 48177 152579 49262 4108 53803 62731 82574 123153 29855 35796 73281 41251 37306 35860 87451 40975 70219 10587 90055 115915 65382 47828 53108 33398 96866 88575 55889 102814 67019 59887 97373 58244 96626 0 24740 39770 49146 167150 138917 98403 71495 64936 37718 46784 86311 45635 58058 130268 153357 114520 92129 88282 42448 29496 44711 39728 58618 91551 48891 92719 105381 41910 167282 32475 30715 39596 117155 44819 10872 10557 39673 41564 35172 14003 54172 22920 42436 45038 121835 94303 39855 66475 25693 90472 46307 120460 31499 27346 117623 43080 14428 59188 104378 128375 87220 115044 123883 129759 94570 70570 89582 33061 115215 50722 51915 84200 27982 84448 73027 127353 128375 57760 58244 122310 39673 49146 66475 70219 29496 35955 90055 25693 94382 116071 92719 96626 103391 92129 98403
66868 24385 119348 76189 72501 47023 43756 29760 73342 15291 5836 6384 99199 71066 53238 79001 20917 13462 77777 36326 43748 147321 115038 51668 23061 14481 92119 73923 126777 32484 133228 131064 57414 6931 40232 69777 98382 55729 72754 18949 31999 16226 78890 73973 63497 80488 92446 47449 107914 23054 128986 15550 1834 75109 121379 26714 112700 87189 150634 32102 9345 121304 24346 50233 53264 148132 29596 18388 9610 117680 83134 25277 107626 25917 124101 22938 35086 19988 99598 100941 89398 83762 69654 27028 76756 16013 108097 60457 147047 18148 136141 26801 6974 59223 145644 52555 28846 36137 60051 72108 118531 13839 11508 76194 36320 41193 21929 62718 19874 67672 20680 96034 101420 56842 28848 61367 9060 94424 100214 53775 85356 43579 62361 83545 35075 86204 24740 0 31631 24629 154849 121300 86165 49750 80095 21968 61416 81324 23497 35938 136335 134750 120372 89205 83166 24578 8744 47126 51686 63367 66840 52742 105192 92605 59304 168659 38532 47617 49368 103609 24989 23927 15855 15713 21953 15489 24248 56564 10933 24572 49321 108482 87561 15159 65030 14037 77612 55846 105542 53862 47918 110320 21678 13063 34919 98648 113468 86125 101892 124061 112621 69941 46274 65222 8867 103429 56276 33778 60067 38138 59869 66868 108097 113468 35086 35075 99598 15713 24629 65030 67672 8744 50233 96034 14037 92119 98382 105192 86204 78890 89205 86165
98466 43379 147521 107820 103819 76302 33170 4653 103413 20795 37335 31675 130096 102690 84852 105797 17440 42424 109134 37390 55097 176781 145457 71760 52877 25735 123705 105546 154054 46868 160715 158888 88115 34549 70881 80591 124379 79569 103404 38071 38017 42521 90079 103002 95113 92791 122772 37388 138474 26659 150859 46758 29799 99376 148767 23603 139338 118784 180642 57970 28235 149340 21582 74896 78400 176815 59241 17077 40567 138422 96352 22667 129077 5715 145252 18725 33719 31794 117466 128984 111366 114509 87991 28557 108170 22874 132038 74059 177864 46779 160863 42715 29479 86138 176837 82669 42508 65158 91545 102961 150107 45412 30062 106813 67766 70717 11017 69990 22239 99200 29201 125854 129940 88289 19542 89771 29957 126025 127261 85141 111955 63564 92916 112818 57166 116877 39770 31631 0 36642 184045 146855 116162 41671 104480 53067 86040 112940 25778 32324 166343 158936 150389 120818 114774 16031 24072 77355 77879 93236 76103 82682 131722 122248 81637 199995 67079 70252 76700 132668 53656 29810 38968 40692 51247 45795 49019 87036 41882 16020 79016 137576 119018 36626 96417 45397 107494 83494 133705 70306 67012 141578 49390 27895 53100 130175 141504 117592 131194 155489 138826 74106 50167 78603 36236 133372 85703 20016 60756 64736 64387 98466 132038 141504 33719 57166 117466 40692 36642 96417 99200 24072 74896 125854 45397 123705 124379 131722 116877 90079 120818 116162
73861 8716 113083 84004 83969 65249 26029 32338 88685 17869 27447 18270 100355 79603 61470 98580 19257 36320 88796 58477 68250 162143 114168 75552 27313 13435 100678 81199 118870 57041 125626 124060 72049 18876 56411 46958 88712 43679 86718 7763 8098 16552 56388 91124 72706 58523 91730 28311 121016 44208 114218 27580 24476 96678 113698 14904 103877 95769 164345 25196 16140 138608 43075 72425 75046 164189 31554 34573 24040 101823 61671 15009 130051 32497 108632 18029 14535 5611 81276 94651 111854 84740 51515 48210 81342 15168 95620 38810 158711 21550 124531 6355 17956 79421 147392 68926 53248 35209 71039 73936 123544 28987 13361 90101 49859 59522 26415 38614 14477 77910 43125 111127 96056 62761 19939 79912 15748 102683 119018 66077 76781 27030 77101 80199 21650 86828 49146 24629 36642 0 150364 110838 84628 28965 101466 31045 83188 88079 11255 16574 150242 122489 134519 97340 89652 20915 20777 63662 72828 79578 43379 69447 124393 89955 82269 177937 58402 70848 69698 99357 25653 46094 40437 14562 25207 24390 47955 71860 31968 20923 66711 104235 92093 10963 76478 32818 76009 75514 99415 78326 72101 112947 21445 35820 16546 103503 107008 96102 98226 133375 103140 45433 21698 43554 18025 101357 73659 23802 35549 59803 35302 73861 95620 107008 14535 21650 81276 14562 0 76478 77910 20777 72425 111127 32818 100678 88712 124393 86828 56388 97340 84628
95883 142086 37847 91555 103521 132343 172250 180599 116966 163297 150298 152848 60176 96343 107563 137608 167498 150383 99962 183618 176143 123755 42871 161410 131900 158482 85710 91698 35776 169158 29627 29104 118670 150108 128906 130766 64898 107623 111797 146578 153609 141550 127156 124703 102385 123451 63519 172121 103416 175024 69419 139485 156551 149634 39509 165248 50337 87934 117039 126291 155888 132255 178144 148835 146931 133381 125366 173234 145239 78800 119885 165196 169208 178668 74798 167294 161591 153748 98001 55836 161472 73233 110726 178160 84344 161438 66778 127618 101365 137578 48645 144062 154923 139213 38396 125294 169318 119083 108200 84582 61254 141798 153986 110728 126060 133930 173039 141166 163027 102364 171390 113986 54315 101894 170256 131646 154176 83674 136763 114390 74452 125127 117381 71349 128737 70636 167150 154849 184045 150364 0 49951 68985 169706 149507 133152 148073 85797 161343 164050 113235 52891 110872 85529 83975 170236 160529 127363 143473 122169 135484 126265 140900 62292 155774 93675 139019 154864 139764 51381 130590 174250 158204 143353 133266 139407 153669 120888 147806 170241 129227 46476 76298 147510 106789 144097 77343 136751 51079 170026 163355 55822 134722 165491 134792 69993 43867 93159 52967 82495 52477 146997 151754 125988 148226 51946 127738 174107 155229 145454 147630 95883 66778 43867 161591 128737 98001 143353 150364 106789 102364 160529 148835 113986 144097 85710 64898 140900 70636 127156 85529 68985
79045 103491 21041 80303 93029 113265 129429 142849 108193 126297 117931 117763 54276 83046 85792 130339 129520 120585 91887 154762 152088 143646 46218 142429 98699 121263 84121 78717 14969 142976 20342 21610 102721 115374 106605 83152 22949 67297 102471 108835 112339 105955 78444 116239 85936 74625 48477 128577 110494 143655 24827 107275 122761 139759 14260 125523 11260 83488 139413 89711 119892 141159 145624 130708 129942 151722 92424 139181 112079 29978 70843 125808 167032 141995 27825 128728 119818 115183 48097 26571 154675 56758 64529 147322 69786 124030 17459 81748 125286 103158 15691 104524 119542 124707 72513 107926 141939 85704 91465 63755 75146 110111 117485 102983 101124 112676 135990 94392 124773 88708 140495 115141 29180 79549 130549 118119 118288 83275 137307 95705 36150 83971 103621 45254 89694 54847 138917 121300 146855 110838 49951 0 48370 125573 141343 101602 133733 76371 122092 122221 130891 16116 122516 81944 75337 131663 125081 107871 126143 109242 88189 109069 142666 42083 139938 127385 117097 135379 121731 32218 96348 143655 128777 107323 99483 106154 127060 104827 116894 131671 110849 30967 67999 110705 92665 113581 52857 121096 24543 150390 142929 61488 99713 133555 94369 69497 20425 88962 34983 98995 9565 99234 107655 79313 113330 40817 112117 133686 108893 123485 101249 79045 17459 20425 119818 89694 48097 107323 110838 92665 88708 125081 130708 115141 113581 84121 22949 142666 54847 78444 81944 48370
31003 75986 36595 32112 44706 66732 108818 113012 59868 95641 81446 84607 17675 34676 39940 81996 100252 81409 43907 114844 108637 105834 29557 96268 63441 91028 39188 30373 46355 100883 51562 48532 54970 81794 61530 79556 31417 46405 54150 79736 89282 73735 80448 67892 37972 77854 7376 109572 67301 106039 68730 70694 87903 91453 41175 99168 37139 37204 103795 59572 87932 96943 109200 84071 82900 112314 56974 104512 76569 65340 75972 98876 118938 110643 67999 100387 97431 87200 66608 21806 106306 8738 59151 109184 21449 94017 46361 72369 92354 69392 63670 78605 86751 76931 63278 60671 100748 51039 43693 16534 44983 72913 86284 54811 57674 67139 105243 86438 96034 40381 102408 68869 19718 33857 104029 70084 86209 39157 90112 48658 24686 62599 55463 7129 63730 7626 98403 86165 116162 84628 68985 48370 0 108054 92975 64316 86016 28805 95034 99850 92506 64486 80920 36256 28144 103270 92296 61412 79162 61034 82746 61779 95688 7165 92662 103585 71988 89346 74933 19237 62512 105278 89272 75687 64958 70835 85161 57140 78834 103273 64000 23627 22079 80112 44423 75117 8689 73548 24662 104592 97408 31177 66838 96535 70666 28879 31831 42275 16833 63963 39023 94418 91011 72852 79997 17265 64435 108318 98286 78498 91383 31003 46361 31831 97431 63730 66608 75687 84628 44423 40381 92296 84071 68869 75117 39188 31417 95688 7626 80448 36256 0
101530 36493 131864 111727 112559 93941 8510 37395 117645 36094 54155 44224 124850 107600 89727 127129 32139 62941 117263 75846 90105 190990 137061 101248 56120 35300 128396 108807 135932 79626 142761 141812 101008 45899 85298 46469 105398 62686 115612 36676 21282 45503 55089 120040 100975 58555 115391 4529 149695 62230 123428 56341 48839 124461 131162 23841 120628 123554 193026 51464 40435 167555 58851 99770 102645 193137 59748 50672 52118 110068 62636 25433 157322 41380 117094 29406 14950 30971 86882 114152 139087 109611 61251 65597 107994 34324 108795 44230 186956 50509 137417 32666 42886 107719 171330 97849 75344 62283 99666 99628 149582 57432 38761 118980 78824 88154 37619 34305 30617 106327 62791 140056 116260 90397 24395 108622 41051 130283 147779 94915 95299 45558 106057 102649 45114 111436 71495 49750 41671 28965 169706 125573 108054 0 129363 60009 110821 115390 26320 13813 178980 134664 163321 124967 116840 29853 42451 92555 100733 108530 41196 98348 153084 112436 109046 205345 86660 97367 97899 120303 54106 64982 65005 43462 54026 53257 73992 100824 59227 29867 95533 125002 118464 39406 105126 60783 99782 103952 118843 102636 97270 137960 50149 57071 37797 129785 125840 124268 119658 161042 119261 35246 18002 47546 45702 123812 102511 21876 21257 87378 27318 101530 108795 125840 14950 45114 86882 43462 28965 105126 106327 42451 99770 140056 60783 128396 105398 153084 111436 55089 124967 108054
62683 96351 127411 61390 48511 38055 123819 105071 33510 95090 75267 85196 91800 58299 60152 11907 100424 66652 50619 74122 55271 79781 107906 34069 77917 94485 63798 62693 137907 58911 141971 138452 40817 83468 47976 134868 122427 103127 39170 93838 109560 85555 141676 25411 56084 141432 93799 127403 54669 78594 160393 74247 81306 5105 133144 106808 130113 61817 86187 89054 89181 48987 84019 30009 26835 76871 78171 87504 77482 154377 142200 105369 29722 99842 158486 102737 114438 98479 146839 114781 13489 84722 123480 78124 71609 96093 137120 124319 89733 81477 156594 100231 86696 22644 121907 38400 62862 80903 51189 78189 91034 72513 90629 39363 56026 43030 98875 132945 99959 52690 75489 39644 112463 65529 108683 25607 88398 65874 26110 49223 111238 104468 38445 96650 97068 86822 64936 80095 104480 101466 149507 141343 92975 129363 0 72700 18726 66127 103455 115622 73154 157457 59391 64127 67581 103907 88344 41846 28657 32796 134295 37343 28841 99468 23318 116208 43163 34245 31905 110656 81291 75585 66558 87216 79610 77632 56556 39177 70140 103898 38084 113818 75516 90522 48930 68715 89310 26970 117345 39434 39006 93686 83467 77087 102360 79638 123772 56430 107863 79804 131952 141685 122007 128119 83773 104108 32926 113447 135568 42015 132871 62683 137120 123772 114438 97068 146839 87216 101466 48930 52690 88344 30009 39644 68715 63798 122427 28841 86822 141676 64127 92975
45761 24262 98164 55486 53646 35142 56531 50588 57640 33829 17146 21672 77252 50605 32370 68501 39262 19162 58685 53196 53466 131231 93080 52335 5424 30218 71861 52995 106023 42972 112331 110005 41005 18781 25742 63848 78677 39611 55778 23390 38877 14573 71756 60234 43249 72334 70509 59207 90388 42402 111630 6418 23755 68215 100595 41535 92413 66903 133659 18056 25738 107619 45083 45688 47575 133153 9527 40222 12530 101327 74045 40601 102083 47383 107329 40315 45427 30085 85933 79927 84196 61795 57388 45897 55121 33025 89654 53405 128664 9506 116823 28250 23920 50130 123813 38055 41111 16090 40749 50146 97212 8700 25141 59183 18823 29736 42612 60504 36132 48020 39043 80117 80148 35286 45430 49589 24115 74054 88425 35310 65452 33600 46061 61996 25233 64236 37718 21968 53067 31045 133152 101602 64316 60009 72700 0 55350 60290 37313 47241 119487 115783 103685 68745 62062 42803 29034 32914 44691 48598 62503 38647 93923 70862 56334 149031 29915 46173 40895 82070 9091 42144 27317 16717 6916 7641 27988 40827 15297 42802 36179 86911 65987 21243 46087 12052 55825 45947 84434 57682 50303 88525 10791 32524 29747 77205 92382 66508 80255 104320 92602 69108 49787 57717 17472 81567 42990 50397 63067 33316 60172 45761 89654 92382 45427 25233 85933 16717 31045 46087 48020 29034 45688 80117 12052 71861 78677 93923 64236 71756 68745 64316
55022 78458 122035 56791 44553 22650 105161 86495 32265 76373 56676 66611 88381 52482 48804 21119 81699 47994 48366 57409 39692 94502 105400 18217 60697 75835 64028 57178 132192 41381 136938 133625 31060 64965 32229 118584 113275 88658 36708 75637 91262 67552 125867 26076 48048 125923 88252 108783 63128 60506 150850 56289 62605 13697 127121 88129 122704 60791 99985 72446 70547 64823 65935 11289 8177 92821 61721 69008 59152 143613 127019 86681 46945 81298 148284 84017 95922 80013 133856 107521 28882 78523 108749 60353 65608 77401 127459 108038 101258 63734 149313 82274 68064 9096 124419 26037 45060 65257 42346 70009 93256 54360 72063 38499 40246 26447 80198 115851 81267 46403 57248 47968 105729 54832 89962 16444 69803 66420 41987 38224 101181 88078 31018 88480 80260 80901 46784 61416 86040 83188 148073 133733 86016 110821 18726 55350 0 62374 84821 97053 86209 149703 71135 63304 64145 85181 69627 27556 10662 25930 117636 24877 45948 92962 8379 126824 25438 16202 14780 104766 64213 57575 47866 69115 62252 59707 37839 28921 51605 85172 23948 108497 71957 72226 42050 50371 80886 12725 110673 25849 22736 92928 65990 58484 85092 78527 117728 56152 102080 86655 124186 124445 104027 112058 65357 99406 21621 94721 117707 23453 115364 55022 127459 117728 95922 80260 133856 69115 83188 42050 46403 69627 11289 47968 50371 64028 113275 45948 80901 125867 63304 86016
14529 79574 61310 5947 17983 47428 114010 110752 32620 94116 75712 81944 26067 11250 28088 54630 99506 72532 15644 102452 92037 81845 43033 75835 61897 90351 13694 7435 71847 86579 75847 72342 33178 79061 46149 97323 60146 61238 27006 81434 94586 73472 100484 40716 18602 98624 28005 115805 40830 96781 97508 66366 83157 65325 67193 100928 65126 9685 81467 63926 86024 69035 100995 63241 61192 87048 56648 98431 72540 93937 97626 100200 90693 107225 96782 100414 102366 88893 92852 49985 79124 20068 79001 99144 9349 93224 75123 88282 72754 68315 91183 83089 84190 53447 66296 40010 87635 53153 23744 19869 37327 67530 85272 26914 46096 50043 102780 101351 96138 16869 92889 40247 47193 25380 105220 45930 84389 15144 61321 30525 51748 73144 31585 34358 70696 21630 86311 81324 112940 88079 85797 76371 28805 115390 66127 60290 62374 0 96631 104567 68650 92420 55119 10101 1978 102998 89140 42896 57806 36444 99300 40893 66883 34345 69985 89970 55219 69486 54289 44808 62668 95232 79178 75680 63904 67884 72312 35359 71621 102997 44158 47740 9599 80435 21222 67908 28659 50964 51925 84491 78095 31816 67114 88662 78075 18072 57884 13815 41991 45753 67302 110127 100485 90123 77744 37981 42007 110059 110626 61344 104781 14529 75123 57884 102366 70696 92852 75680 88079 21222 16869 89140 63241 40247 67908 13694 60146 66883 21630 100484 10101 28805
82205 19261 124172 92209 90958 69076 20401 21329 94140 10380 28218 18344 110348 87542 69258 101832 8947 36833 95988 52118 64551 168113 124590 74929 34792 9015 108779 89539 130070 53769 136817 135216 77663 20446 61108 55638 99952 54920 92758 15458 12789 23206 65158 95723 80352 67641 102033 23967 127605 37908 125210 32371 22527 98500 124883 4298 115103 103831 170807 35471 14275 143300 35629 73684 76653 169577 40091 26972 27187 112690 71049 3859 131123 22177 119541 7066 12129 7889 91708 105707 112894 94678 62223 41671 90424 8173 106833 48488 165975 28431 135758 17588 16760 82195 157423 73724 49595 44692 78059 83605 132762 32761 13083 96191 55512 63223 16321 45898 4983 85273 37739 116822 107028 71258 8996 83693 15129 110890 122810 72546 87960 38242 82725 90861 32775 96852 45635 23497 25778 11255 161343 122092 95034 26320 103455 37313 84821 96631 0 12562 156589 133689 140719 105551 98293 9802 16238 68314 74919 84559 51496 74091 127953 100565 82793 186075 61225 71091 72331 110216 34054 40312 38701 20986 32750 29816 47705 77184 33431 9812 70987 115107 101273 16243 83399 35439 86369 78605 110468 76472 70978 122688 29563 31326 27770 112671 118103 103711 109009 141387 114384 51393 26691 53111 20756 111926 78011 13500 39451 61443 41239 82205 106833 118103 12129 32775 91708 20986 11255 83399 85273 16238 73684 116822 35439 108779 99952 127953 96852 65158 105551 95034
90398 24998 126404 100552 100484 80529 9459 27701 104788 22619 40377 30442 116032 96173 78043 113589 19348 49139 105339 63529 76860 178470 129268 87475 43800 21501 117231 97732 131415 66198 138233 136949 88184 32202 72114 48983 100906 56447 103018 23897 10579 32670 58353 106863 89278 61311 107070 12034 137479 49558 122823 43113 35045 110705 126410 10672 116201 112328 180796 41139 26621 154438 46672 85979 88876 180324 48119 38191 38577 109828 65078 12246 143514 30568 116807 16648 2460 17482 87640 108217 125279 100514 59500 53134 97675 20667 106122 43780 175276 37839 135070 21641 29075 94092 162946 84715 61975 51536 87548 89966 139757 43992 24994 106419 65946 74711 25783 37870 17085 94466 49765 127340 109948 79285 12954 95203 27257 119224 134370 82466 89765 38956 93249 94998 36123 102513 58058 35938 32324 16574 164050 122221 99850 13813 115622 47241 97053 104567 12562 0 166664 132662 150899 113882 106118 17858 28778 79368 87012 95473 44225 85165 139616 104811 95233 194469 73046 83555 84252 113594 42227 52154 51260 30531 41694 40172 60183 87883 45484 17872 82238 118412 108365 26188 92975 47158 91335 90382 112972 89015 83538 128829 37994 43678 29412 119763 120327 112675 112669 149930 115156 41806 18070 47974 32119 116243 89243 13048 28721 73620 32072 90398 106122 120327 2460 36123 87640 30531 16574 92975 94466 28778 85979 127340 47158 117231 100906 139616 102513 58353 113882 99850
79711 142497 110633 70062 66510 90048 176004 165518 63025 151242 130546 139235 78534 72917 89667 65300 156943 124059 62086 143051 125899 13338 85046 104382 122932 148711 55147 73199 120354 126445 120948 117245 79068 136646 96119 165845 122053 129698 63844 142767 157700 134022 169131 63707 78591 167231 87712 178548 29346 143606 155250 124230 138022 76999 117752 160710 120953 59025 14306 128679 143608 27787 148845 95284 91682 20908 119353 149638 129720 155416 166121 159631 74153 160911 156478 158565 164757 149563 159114 108571 77572 84905 147628 144369 77910 151189 136005 156563 18458 128828 142382 146371 141314 82377 75787 83836 129527 117825 79336 88419 56268 124124 143824 60405 101084 95639 158029 169217 154728 73002 139898 40495 104790 90278 164150 77199 142245 54323 47562 84200 117191 140198 74048 99427 136309 85051 130268 136335 166343 150242 113235 130891 92506 178980 73154 119487 86209 68650 156589 166664 0 145091 15969 58680 68033 160628 145042 89239 90774 73134 167606 83737 47136 94920 93824 45090 99350 101710 90690 100166 124882 141041 127698 136192 125036 126816 118025 79788 125420 160624 87345 100194 71177 140717 73870 122412 95697 83962 108131 111358 108940 69406 128856 138749 143469 64016 110486 56398 97787 32237 123882 178123 166003 158619 135972 91031 80649 169187 177339 102516 172064 79711 136005 110486 164757 136309 159114 136192 150242 73870 73002 145042 95284 40495 122412 55147 122053 47136 85051 169131 58680 92506
95115 115627 34474 96407 109142 129037 139250 154771 124306 138664 131713 130836 69775 99161 101557 146454 141507 134895 107963 168967 167107 157616 60045 158063 112548 133620 99844 94833 25041 157737 26687 29739 118725 128578 122142 90120 37527 79645 118584 121190 123200 119047 84027 132354 101989 80119 64472 137992 125778 157412 16772 121230 136130 155855 27375 136880 27367 99378 152935 102797 132665 156490 159090 146463 145780 165987 106439 152304 125743 28376 76047 137301 183102 154298 22867 140506 130320 127143 51269 42688 170791 72867 73520 161168 85902 136287 26903 90436 138386 116624 4271 116276 132505 140696 82077 123837 156508 99741 107484 79779 88929 124146 130130 119078 116415 128270 148230 101973 136718 104814 154385 130929 45234 95330 141851 134162 131115 98902 153221 111607 50717 95459 119694 61240 101932 70935 153357 134750 158936 122489 52891 16116 64486 134664 157457 115783 149703 92420 133689 132662 145091 0 137426 97772 91354 143404 137956 123643 141974 125322 95385 124984 158534 58175 155811 138318 132594 151002 137534 47987 109974 157585 143079 120263 113174 119876 141873 120817 131016 143412 126684 46218 83937 123349 108755 127824 68819 137044 40512 165930 158427 75937 113074 147271 105944 84902 35514 104883 50788 112959 25558 105664 117043 87364 126516 56267 128098 144643 116597 138934 109051 95115 26903 35514 130320 101932 51269 120263 122489 108755 104814 137956 146463 130929 127824 99844 37527 158534 70935 84027 97772 64486
65060 126864 103077 55791 51089 74103 160215 149551 47056 135293 114585 123305 68702 58157 74331 50555 140995 108093 46927 127562 110751 27765 77908 89351 107225 132795 42167 58912 113268 110884 114698 110937 63139 120728 80161 151610 111494 115477 47962 127005 142040 118238 155318 47907 63399 153592 76926 162812 14406 127793 146295 108351 122056 62829 110100 144827 112054 45440 30275 113322 127678 21590 133010 79820 76247 31936 103807 133706 113805 145308 152700 143735 65148 144950 146945 142631 149019 133743 147206 98696 65496 72825 133950 128629 64468 135259 125918 142108 30388 113061 135063 130761 125376 66828 75444 67867 113875 102522 63790 74984 50566 108205 127923 44532 85208 79679 142060 154486 138811 57737 124066 24570 95070 75322 148231 61414 126324 41834 35089 68444 105422 125255 58110 87585 121054 73319 114520 120372 150389 134519 110872 122516 80920 163321 59391 103685 71135 55119 140719 150899 15969 137426 0 45521 54774 144681 129081 73271 75173 57170 153147 67770 36220 84188 78969 56847 83425 86347 74924 90845 109259 125260 111782 120399 109327 110972 102150 63832 109454 144676 71384 91550 58997 124898 58325 106457 83130 68235 98844 96612 93801 61646 113175 122823 128147 53568 102143 42085 88281 28641 114841 163441 150631 144363 120075 81861 64708 153269 162191 86694 157096 65060 125918 102143 149019 121054 147206 120399 134519 58325 57737 129081 79820 24570 106457 42167 111494 36220 73319 155318 45521 80920
23486 88928 65151 13351 19712 51558 123338 118852 31512 102516 83485 90270 28601 18171 36384 52274 108000 79585 15052 107927 96077 71920 43851 78378 70759 98947 3593 16167 75791 91620 79070 75418 36954 87415 52044 107402 67570 71332 26606 90512 104033 82346 110468 39174 25707 108551 33719 125254 31426 103312 104166 74625 91031 64107 71537 109840 70840 2531 71389 73534 94443 60686 107769 65912 63423 77383 65804 105790 80741 101544 107472 109047 86388 115110 103935 109040 111721 97896 101843 56167 76503 27753 88950 105413 19238 101769 82412 98383 62719 77136 96164 92522 92505 54809 61830 43884 93085 62684 29691 29739 31239 75542 93864 25235 53250 55056 110908 111442 104815 22022 99398 33208 52976 34614 114008 47144 92844 5345 55522 36469 60273 83143 34076 42527 80478 28666 92129 89205 120818 97340 85529 81944 36256 124967 64127 68745 63304 10101 105551 113882 58680 97772 45521 0 9354 111548 97273 47669 60365 37917 109400 44580 60768 40718 71355 80604 60142 72492 57392 49786 71778 101552 85750 84565 72807 76382 78167 38944 79122 111547 48201 51940 14282 89313 25660 75492 37645 53049 57420 87027 81165 29813 76168 95693 87842 15540 62510 7716 46989 36081 73268 120225 110315 100207 86208 41842 44682 118903 120618 65875 114829 23486 82412 62510 111721 80478 101843 84565 97340 25660 22022 97273 65912 33208 75492 3593 67570 60768 28666 110468 0 36256
16319 81120 59941 7912 19666 49383 115555 112557 34099 95881 77568 83725 24402 13227 29929 56017 101254 74453 16987 104428 94001 81274 41256 77732 63589 92083 12900 9349 70508 88557 74401 70871 35105 80839 48124 98129 59552 62105 28538 83063 96094 75154 101123 42175 20566 99198 26884 117306 40573 98726 96737 68165 85000 66878 65916 102590 64110 9440 80688 65382 87789 69212 102926 65140 63062 86672 58271 100321 74345 93423 98121 101877 91824 109060 96140 102137 103904 90537 92838 49049 80509 19427 79599 101100 9904 94964 74505 89194 71679 70012 90043 84607 85971 55245 64321 41950 89612 54652 25722 20387 35431 69361 87006 28278 48023 52019 104583 102360 97852 18816 94836 40735 46161 27036 106909 47704 86148 14082 62136 32502 51516 74328 33428 33960 72057 20797 88282 83166 114774 89652 83975 75337 28144 116840 67581 62062 64145 1978 98293 106118 68033 91354 54774 9354 0 104734 90947 44867 59694 38219 100196 42826 67640 33410 71800 88505 57195 71406 56205 43605 64298 97186 81124 77358 65586 69644 74284 37280 73506 104734 46108 46405 7956 82113 23152 69787 28590 52815 50842 86392 80021 29853 68757 90580 79442 16098 56644 14152 40784 44446 66344 111101 101805 90946 79504 36562 43885 111734 111808 63314 105890 16319 74505 56644 103904 72057 92838 77358 89652 23152 18816 90947 65140 40735 69787 12900 59552 67640 20797 101123 9354 28144
88479 28358 133268 98280 95936 71597 22053 11533 97725 9390 30217 21527 118093 93405 75170 103404 3687 37797 101109 46028 60592 171767 132782 73483 41284 12658 114656 95753 139389 50486 146110 144432 81576 24279 64539 64811 109404 64407 96873 23671 22049 29943 74322 98539 86014 76942 110137 26303 131983 32398 135009 37072 23058 98856 134165 7814 124499 109699 174911 43988 17209 145879 29056 73901 77119 172689 47168 20822 31156 122490 80445 6687 130563 12993 129343 2956 18696 16589 101438 114762 112434 102414 72014 35746 97329 9780 116532 58055 170850 34872 145434 27161 19373 83584 165120 76993 46110 52408 83192 91116 139641 36673 17729 100320 59875 65761 7937 54553 7240 90637 33160 120445 115952 77770 5487 85934 18741 116856 124694 77270 97253 47945 86582 99404 42101 104669 42448 24578 16031 20915 170236 131663 103270 29853 103907 42803 85181 102998 9802 17858 160628 143404 144681 111548 104734 0 15867 71553 75834 87832 60460 77223 129600 109023 82216 191754 63067 70476 73764 118976 41230 35200 37547 27835 39384 35167 47375 80853 35464 14 73855 123879 108220 23229 88387 38250 94582 80323 119513 73919 69169 130133 36748 28139 37460 119560 127213 109159 117669 147049 123849 59313 34870 62623 25350 120315 80829 9610 46530 62266 49341 88479 116532 127213 18696 42101 101438 27835 20915 88387 90637 15867 73901 120445 38250 114656 109404 129600 104669 74322 111548 103270
74628 23646 124419 84148 80932 55759 35878 21612 82063 6746 14496 7692 106036 79105 61078 87578 12232 21958 86177 37699 48525 156058 121492 58874 28884 7823 100258 81782 131394 37610 137961 135967 66072 10514 48925 67621 102305 58350 81405 17702 26869 19231 76992 82712 71588 78968 98819 39769 116560 23440 131221 22792 7191 83322 126043 18803 116973 95313 159337 35383 5413 130018 22709 58379 61516 156873 35322 14682 16604 119429 81945 17270 115467 18430 126034 14404 28319 15291 100171 105911 97271 90464 70121 27458 84155 8126 111118 59045 155623 22958 139582 24829 5624 67770 152765 61286 33507 41450 68364 78899 126198 21745 8269 84849 44739 49933 13644 59344 11893 75933 22429 104764 106654 64305 20350 70068 6851 102530 108843 62206 89528 44225 71039 89196 36434 92845 29496 8744 24072 20777 160529 125081 92296 42451 88344 29034 69627 89140 16238 28778 145042 137956 129081 97273 90947 15867 0 55854 60102 72104 64147 61480 113774 98506 67076 177022 47201 55332 57935 109160 29938 25338 22605 17758 27342 21723 32000 65259 19673 15860 58065 114060 95019 14790 73426 22655 83653 64470 110585 60238 54829 117514 25884 15403 34466 106219 118457 94431 107588 132376 116684 65848 41433 63828 12313 109539 65020 25196 54870 46531 55649 74628 111118 118457 28319 36434 100171 17758 20777 73426 75933 0 58379 104764 22655 100258 102305 113774 92845 76992 97273 92296
31517 57176 97988 36956 28357 5395 88385 76333 26221 62168 41368 50392 67256 31687 22086 35953 67867 34937 33641 60283 49175 100216 84578 34858 37637 59986 49761 36079 107716 43966 112963 109872 11160 47963 7258 93135 86676 61539 26128 55908 71631 47120 99835 27498 25014 99592 64887 91402 61119 56666 123889 36258 48795 38046 102465 72263 97077 45255 103543 47709 54753 75073 61500 22840 22258 101301 36815 60996 41131 116265 100410 71064 71561 71834 121090 69620 77749 61901 106338 82196 54568 54922 81811 58363 43025 62302 100535 82602 100551 42335 123547 61165 52381 19684 108950 5441 45454 39089 19303 44915 78868 35555 55289 29502 14593 7416 68794 91795 65962 26160 52771 48910 80840 28323 75341 17000 53502 52258 55511 12997 74232 62859 15635 62829 55842 57468 44711 47126 77355 63662 127363 107871 61412 92555 41846 32914 27556 42896 68314 79368 89239 123643 73271 47669 44867 71553 55854 0 18444 16293 92756 5798 61030 68553 32406 123341 12475 27944 13924 80605 40663 54606 39528 49109 39558 39299 30924 9745 36198 71548 3776 84758 51738 53205 22087 33312 55223 15307 85748 43207 36160 74702 43553 50267 61671 60831 93192 42514 78076 79422 98308 100670 82629 86325 47562 76492 10085 80370 95714 18448 92299 31517 100535 93192 77749 55842 106338 49109 63662 22087 26160 55854 22840 48910 33312 49761 86676 61030 57468 99835 47669 61412
48513 67904 115597 51959 40786 13124 95309 77958 31473 66833 46703 56615 83349 47140 40453 27923 72282 38225 45348 52442 36902 100080 100609 18069 50036 65984 61660 51807 125515 35714 130567 127377 24834 54833 22052 107968 105096 78491 34582 65223 80918 57033 115317 27572 41622 115430 82094 98836 65483 53324 142331 45745 52981 23855 120327 78360 115273 57837 104868 61816 60659 71588 58689 5554 3815 99310 51125 60807 48829 134613 116595 76950 57510 72885 139498 74503 85800 69828 124056 100275 39518 72189 98459 53750 59680 67698 118979 97427 104637 53131 141801 71744 58171 8451 122159 18526 38764 54827 35749 62801 91250 43907 62027 37135 29927 16020 71300 105190 71557 41109 49793 50966 98756 46655 80445 14470 59824 64144 49387 30547 92677 77464 26420 80985 69608 74669 39728 51686 77879 72828 143473 126143 79162 100733 28657 44691 10662 57806 74919 87012 90774 141974 75173 60365 59694 75834 60102 18444 0 22619 106986 17451 53976 86244 13968 129363 14787 12303 4581 98225 53553 50589 39082 58642 51595 49153 28949 22608 41533 75826 15293 102206 67201 61877 36685 40059 73366 7592 103687 26737 20910 89267 55344 50027 74435 74962 110993 53836 95621 87438 116578 113791 93513 101476 55118 93534 15826 85289 107155 13572 104735 48513 118979 110993 85800 69608 124056 58642 72828 36685 41109 60102 5554 50966 40059 61660 105096 53976 74669 115317 60365 79162
30216 72749 96548 30894 18682 17075 104558 92387 10226 78449 57631 66683 62464 26787 27878 23541 84147 50926 22866 73145 59166 83955 79471 40512 52976 76273 39073 31446 106836 56358 111380 108007 8787 64240 23452 105925 89782 72207 12033 71853 87469 63029 111895 11837 23430 111241 62715 107503 45519 71377 127714 52377 65015 30612 101866 88531 98078 35386 87440 61866 71045 59030 76439 28168 25527 85025 51193 76637 57389 121582 111602 87343 61294 87783 125714 85912 93798 78037 114532 82775 46282 53166 92567 72638 40093 78595 104400 95526 85076 58097 124670 76740 68675 17061 99615 10855 58643 52187 18394 45663 68649 51801 71556 14867 29802 22520 84934 105731 82253 20783 67552 32699 80716 32894 91634 9486 69788 41549 40542 17254 78453 76290 5674 64211 70031 55454 58618 63367 93236 79578 122169 109242 61034 108530 32796 48598 25930 36444 84559 95473 73134 125322 57170 37917 38219 87832 72104 16293 22619 0 106072 10629 46293 67801 33654 108666 26520 34891 20229 79404 55707 69054 54822 65074 54985 55318 45495 8024 52434 87827 14220 82960 46029 69286 16612 49600 56763 15165 85647 49142 43527 67233 58981 65789 76344 52846 92459 31229 76672 65632 99766 114709 97912 98888 63803 73686 7900 96663 110682 30715 106806 30216 104400 92459 93798 70031 114532 65074 79578 16612 20783 72104 28168 32699 49600 39073 89782 46293 55454 111895 37917 61034
88089 42687 98125 97547 103022 96240 47665 71451 112886 60755 67989 60558 100420 95007 80397 128518 60425 76048 106494 101839 110395 180599 108887 114187 57088 56736 112992 94410 100238 99093 106934 106613 97374 60169 86326 5356 70713 38100 109096 47891 38708 53002 14169 117808 90400 17409 89930 45222 138772 87585 83014 63034 67095 130080 96026 52660 85202 108745 180721 45261 59306 162512 86332 108191 110008 184798 56125 77736 62750 69512 21446 53811 163954 73410 76513 58248 42511 48940 45963 82192 146336 87163 25043 91590 90343 58060 70830 11044 171726 55244 98488 40043 60801 111672 143767 97023 95646 53935 91560 80164 127510 65713 56402 111994 78310 91428 67762 6902 56219 96118 86393 132903 85105 78150 56585 109702 58624 114272 146497 89337 63576 29904 101838 76070 37379 88244 91551 66840 76103 43379 135484 88189 82746 41196 134295 62503 117636 99300 51496 44225 167606 95385 153147 109400 100196 60460 64147 92756 106986 106072 0 97909 152311 85049 118825 185856 92296 108403 102969 89947 53489 89416 81933 52335 55725 59725 87536 98104 71181 60473 96439 94123 99099 51696 96672 70444 75978 107325 86508 118473 111539 113918 52308 78951 33324 109400 92419 111236 90066 143850 83290 11837 26162 9979 58602 95603 102487 57263 21319 95771 14032 88089 70830 92419 42511 37379 45963 52335 43379 96672 96118 64147 108191 132903 70444 112992 70713 152311 88244 14169 109400 82746
31062 62902 98165 34972 24910 7135 94179 81782 20734 67843 47014 56128 66095 29959 23954 30616 73538 40327 29988 63994 51516 94580 83395 35161 43293 65731 46364 34572 108120 47385 113131 109932 7736 53723 13055 98131 88416 65786 21258 61695 77407 52902 104614 21700 24178 104243 64643 97200 55886 61299 125974 42056 54388 33911 102954 78028 98114 42098 98043 53046 60483 69276 66262 22627 21139 95556 42190 66163 46905 118848 104917 76820 66943 77205 123445 75323 83546 67698 109875 83028 50397 54739 86145 62768 42263 68021 102583 87626 95403 48091 124693 66893 58100 16182 106292 1161 49272 44055 18302 45501 75803 41336 61057 24523 20124 12028 74311 97126 71698 24038 57435 43324 81418 29954 81065 11888 59250 48874 49808 13384 76309 68007 11020 63833 61205 57218 48891 52742 82682 69447 126265 109069 61779 98348 37343 38647 24877 40893 74091 85165 83737 124984 67770 44580 42826 77223 61480 5798 17451 10629 97909 0 55369 68840 30919 118576 16440 28631 13503 80799 46245 59095 44462 54897 45238 45091 35410 5641 41809 77217 3854 84759 50117 59003 19674 39008 56218 12153 86355 43762 37209 72624 49238 55354 67180 58485 93604 38833 78185 74991 99510 106036 88303 91243 53344 76095 4579 86091 101320 21491 97786 31062 102583 93604 83546 61205 109875 54897 69447 19674 24038 61480 22627 43324 39008 46364 88416 55369 57218 104614 44580 61779
69697 118180 125683 64179 53152 59154 148315 131919 40013 120459 99894 109631 89132 63403 72762 26196 126001 91816 52276 102791 84089 51832 102698 62747 98656 119189 58868 66600 136308 87207 139153 135432 54941 107548 68182 152029 126975 117565 44769 116632 132435 107935 157679 34507 64707 156807 94258 151605 37911 106444 164373 96818 106598 33621 132209 131621 131514 59179 58979 108107 113845 20660 111871 56875 53334 48164 97359 114649 101039 160600 156886 130279 29339 126815 163635 128123 138165 122164 157200 116623 30547 86951 137728 106279 74954 121125 141964 141691 65017 103287 156922 122164 111371 46020 108414 56068 90981 98471 61825 84069 79750 95657 114890 42695 75486 64930 125265 152023 124949 59561 103143 27801 113590 76539 134040 44481 112839 60099 5910 63044 117773 122572 50527 100992 116278 88435 92719 105192 131722 124393 140900 142666 95688 153084 28841 93923 45948 66883 127953 139616 47136 158534 36220 60768 67640 129600 113774 61030 53976 46293 152311 55369 0 101010 51905 91891 66752 62119 55839 110548 101604 103522 93051 109841 100587 100017 82918 54306 94614 129592 57763 112646 74692 113695 57444 92534 94584 49374 118125 68260 67652 86765 104582 103946 122464 74581 123257 53733 107747 62350 133860 160998 143657 144933 107501 102533 50945 138955 156679 67446 153010 69697 141964 123257 138165 116278 157200 109841 124393 57444 59561 113774 56875 27801 92534 58868 126975 0 88435 157679 60768 95688
37945 81393 29439 38241 51024 73865 113619 118987 66175 101621 88008 90814 17062 41226 47104 88333 106093 88237 49809 121805 115780 108181 24633 103405 69735 96927 43320 36775 39283 107963 44412 41368 61948 88032 68692 81513 27306 50068 60454 85397 94232 79742 81581 74247 44921 78737 7263 114167 71004 112798 63471 77204 94322 98093 34160 104641 30825 41984 105574 65116 94018 101150 115858 91182 89971 115119 63223 110982 82997 61184 76517 104419 124954 116780 63267 106116 102371 92785 64842 15643 112731 14746 60751 115996 27868 99909 41871 75033 93394 75555 57141 83825 92928 83869 59267 67738 107775 57097 50689 23697 44379 79506 92267 60903 64767 74303 111286 89185 101783 47062 109199 73802 12997 41012 109556 76938 92298 42925 95539 55769 23621 66877 62273 9818 68733 12764 105381 92605 122248 89955 62292 42083 7165 112436 99468 70862 92962 34345 100565 104811 94920 58175 84188 40718 33410 109023 98506 68553 86244 67801 85049 68840 101010 0 99694 102809 79153 96491 82037 12073 68613 112102 96152 81637 71174 77200 92210 64130 85546 109027 71110 16507 26465 85969 51196 81853 15057 80548 17884 111742 104568 29802 72861 103212 75458 30915 24779 47309 9702 65156 32957 96836 95089 75080 86193 11433 71415 113729 101598 85662 94492 37945 41871 24779 102371 68733 64842 81637 89955 51196 47062 98506 91182 73802 81853 43320 27306 101010 12764 81581 40718 7165
61795 78324 128943 64295 52336 27091 102920 82488 40539 73777 55090 64936 95882 59777 54362 28524 78867 46197 56354 50888 32398 101674 113007 10859 61756 73780 72189 64479 138976 35622 143890 140638 37818 63605 35700 120137 119018 91869 44816 74951 90248 67337 127812 34455 54836 128118 95271 106711 71354 55468 156295 56318 60298 18331 133835 85825 129016 68833 107444 74037 68612 71494 60878 10776 10167 99513 63628 64801 58353 148562 129468 84321 48392 77195 153464 81315 94294 78638 137719 113947 30220 85441 111626 54859 72695 75064 132939 109649 109204 64010 155578 81997 66167 16597 132653 32048 39638 67850 49017 76420 101507 54043 70412 46735 43326 29476 76668 116571 78911 53688 52495 56138 112324 60539 87224 24242 68057 74601 48493 44240 106635 89727 38429 94727 81550 87873 41910 59304 81637 82269 155774 139938 92662 109046 23318 56334 8379 69985 82793 95233 93824 155811 78969 71355 71800 82216 67076 32406 13968 33654 118825 30919 51905 99694 0 134934 27017 11749 18531 111606 65391 52421 44673 68695 63106 59738 35107 35610 50313 82206 29164 115471 79528 71358 49281 49683 87108 19226 117264 17679 15748 100861 66628 54696 85800 86464 124470 64304 108962 95013 130375 124954 103567 113851 64253 106574 28390 91821 117383 23077 115570 61795 132939 124470 94294 81550 137719 68695 82269 49281 53688 67076 10776 56138 49683 72189 119018 51905 87873 127812 71355 92662
104077 169495 106467 93950 96182 125553 203922 198418 98607 182582 162843 170308 86142 98533 116818 106910 188154 157812 90886 181554 165928 46253 83349 144942 151298 179236 77312 96739 113737 164730 111745 108579 112263 167500 129320 182956 126524 148266 97325 171105 184549 162873 184015 101845 105785 181345 96780 205770 63913 179874 152014 154690 170457 119502 113131 190355 119976 82251 37188 153885 174565 72870 184806 134442 131018 55724 146407 184130 160696 156081 179273 189523 119235 194342 155109 189330 192292 178464 166206 112009 122014 98700 162725 181277 97537 181999 137784 175165 26875 157644 134709 173046 172519 121380 56765 118339 167241 143123 108661 106719 58619 155317 174166 94062 132339 130507 190564 188959 185163 101134 176007 78871 108139 115184 194433 114990 173013 75259 91646 114892 126377 162220 107744 110581 160496 97640 167282 168659 199995 177937 93675 127385 103585 205345 116208 149031 126824 89970 186075 194469 45090 138318 56847 80604 88505 191754 177022 123341 129363 108666 185856 118576 91891 102809 134934 0 134990 141195 128265 102791 152380 177648 162869 165094 153359 156666 153984 113609 158124 191752 122418 100680 87506 169832 103629 154680 109886 121970 109698 152608 149134 73007 156762 173533 167883 76638 108787 82612 101311 44711 123107 197323 190122 176092 166416 94459 116564 199366 199520 139362 193189 104077 137784 108787 192292 160496 166206 165094 177937 103629 101134 177022 134442 78871 154680 77312 126524 91891 97640 184015 80604 103585
43194 53204 108541 49296 40762 9459 81609 66531 36741 53823 33148 42890 79088 43977 32049 40607 59428 25335 46006 47840 37146 109706 96371 25800 35277 52437 62205 48259 117975 31493 123475 120510 23424 40873 10531 93387 95220 65011 37693 50728 66500 42392 100900 35939 37026 101141 76031 84981 72039 44904 131625 31084 40010 38504 112643 64870 106582 57724 113634 47223 47093 82871 49927 16242 17718 109973 36671 50291 34555 123110 102456 63529 72273 61741 128348 61465 71709 55689 111140 92062 54305 66091 84640 46328 54749 54396 108466 82863 111596 38377 132782 57072 44620 21062 121375 16787 33030 40853 31502 55473 91343 29415 48186 40929 16848 5179 59351 90419 58209 38580 41059 58859 91026 38193 67356 22916 46101 64706 61700 24862 82349 62906 27415 72650 54922 68672 32475 38532 67079 58402 139019 117097 71988 86660 43163 29915 25438 55219 61225 73046 99350 132594 83425 60142 57195 63067 47201 12475 14787 26520 92296 16440 66752 79153 27017 134990 0 18779 11297 91222 38822 42662 28363 44069 36814 34472 19004 21709 27865 63060 12587 95555 63883 47497 34555 25888 65153 17383 95868 33348 25836 86982 40557 39400 59654 73214 103502 54885 88796 91418 107578 99007 78849 86987 40958 87706 18751 72306 92443 6510 89954 43194 108466 103502 71709 54922 111140 44069 58402 34555 38580 47201 16242 58859 25888 62205 95220 66752 68672 100900 60142 71988
59284 67258 125928 63581 52835 22690 91185 70949 43728 62030 43538 53328 94688 58589 49726 37141 67119 34627 57517 41427 24772 110413 112001 7069 51577 62082 73875 63192 135621 25195 140903 137815 36313 52090 28943 109970 113739 83353 46877 63642 78777 56287 117924 39368 52564 118436 92782 94991 77282 44410 150344 45495 48581 29144 130351 74091 124719 69969 115644 64147 56941 80980 49840 6840 10179 108955 54135 53315 47077 141889 120003 72583 60140 65684 147114 69565 82653 67079 129678 109976 41967 82823 102638 44161 70686 63332 127142 99563 116148 53266 151070 70845 54507 19819 134317 29577 28865 58952 46708 72834 103471 43044 58798 49435 35615 22740 64998 105853 67176 52656 41250 62494 108717 55972 75475 26664 56425 76366 58183 40854 100964 79767 38438 90569 71364 85355 30715 47617 70252 70848 154864 135379 89346 97367 34245 46173 16202 69486 71091 83555 101710 151002 86347 72492 71406 70476 55332 27944 12303 34891 108403 28631 62119 96491 11749 141195 18779 0 15206 108546 55262 41442 32929 57534 52759 48883 23387 34127 38887 70466 25674 112699 78747 59990 48269 38532 82991 19884 113611 15270 8673 101132 56095 43059 75183 86895 121101 66074 106019 99629 125833 114094 92278 103889 52823 104353 27815 80079 106128 13211 104566 59284 127142 121101 82653 71364 129678 57534 70848 48269 52656 55332 6840 62494 38532 73875 113739 62119 85355 117924 72492 89346
44452 64446 111427 48392 37700 8568 92730 76515 29787 64623 44155 53988 79597 43439 35984 29643 70162 35976 42482 53290 38965 100443 96893 21658 46180 63477 58886 48067 121285 36465 126403 123244 21129 52055 17556 103846 100599 74021 32253 62025 77795 53669 111090 27020 37624 111144 78031 96157 64561 52936 137788 42359 50760 27328 116074 75899 110894 54876 104884 57738 58133 72665 58214 9166 8364 100132 46974 59688 45821 130037 112254 74528 61190 71551 134934 72290 82950 66936 119508 95940 43378 68099 94041 53706 55736 65333 114443 93296 103966 49575 137398 68331 55650 9867 119220 14505 39103 50486 31747 58517 88470 40711 59335 35056 25505 11667 69612 101322 69171 37476 49269 50472 94479 42204 78212 13514 57203 61387 50964 26275 88143 73343 23316 76616 65609 70600 39596 49368 76700 69698 139764 121731 74933 97899 31905 40895 14780 54289 72331 84252 90690 137534 74924 57392 56205 73764 57935 13924 4581 20229 102969 13503 55839 82037 18531 128265 11297 15206 0 94046 49638 50350 37736 55361 47811 45736 27711 18933 38906 73756 10939 98083 63580 58787 33078 37116 69000 6811 99403 30263 23852 85926 51626 48809 70624 71698 106758 51143 91465 85734 112166 109985 90106 97294 52201 89528 12744 83118 103665 11984 101048 44452 114443 106758 82950 65609 119508 55361 69698 33078 37476 57935 9166 50472 37116 58886 100599 55839 70600 111090 57392 74933
49813 90959 17386 49265 62146 85906 122122 129247 77205 111930 99196 101485 22205 52672 59172 99331 116185 99805 60447 133545 127808 113203 19899 115450 80603 107132 51907 48102 27439 119892 32363 29295 73814 98756 80756 85918 23734 57626 71507 95305 103057 90169 84679 85309 56780 81480 16861 122351 78462 124241 55450 88345 105291 109483 22502 114190 21310 51405 109724 74994 104506 109061 127147 103198 101938 120805 74062 121996 94005 55434 78753 114075 135424 127287 56322 116041 111137 102549 63439 9219 123804 26256 65014 127515 39316 110095 36149 80631 96490 86217 46478 93109 103551 95670 54162 79706 119622 67725 62589 35769 46104 90755 102611 71688 76729 86376 121664 94722 111753 58621 120694 82956 5375 53068 119169 88636 102795 51063 105248 67790 26377 74974 73940 20077 77828 23955 117155 103609 132668 99357 51381 32218 19237 120303 110656 82070 104766 44808 110216 113594 100166 47987 90845 49786 43605 118976 109160 80605 98225 79404 89947 80799 110548 12073 111606 102791 91222 108546 94046 0 79223 123641 107788 91977 81930 88138 104096 76009 96952 118980 83126 4908 36022 96157 62844 93299 26684 92426 8003 123801 116637 31448 83342 114543 84191 37451 13116 56927 2822 68978 24009 101780 102605 80009 96863 9144 83277 123154 107892 97731 100533 49813 36149 13116 111137 77828 63439 91977 99357 62844 58621 109160 103198 82956 93299 51907 23734 110548 23955 84679 49786 19237
48329 17615 94608 58429 58459 43429 51681 50528 64190 33174 21777 22262 76892 53963 35817 76560 38005 26462 63209 59451 61582 136963 91874 61392 3696 28711 75084 55673 101851 50770 108340 106243 47625 19558 33714 54764 73417 31942 61744 18766 32836 11313 62673 67498 47057 63289 69187 53871 95590 47439 104865 11896 26518 76903 96464 38349 87714 70163 138920 9129 25422 114475 49279 54720 56525 139384 6038 43157 15769 94083 65065 37715 110798 48168 100279 38454 40156 26250 77745 76137 93006 61221 48752 51219 56377 31696 83465 44315 133073 7008 111271 21503 24336 58660 123896 45537 48480 11519 45560 49886 98722 14997 23836 65066 26121 38262 42731 51688 34090 52298 44474 86268 76774 37291 42817 57589 23699 77123 96001 40971 60369 24522 52587 59261 16159 63509 44819 24989 53656 25653 130590 96348 62512 54106 81291 9091 64213 62668 34054 42227 124882 109974 109259 71778 64298 41230 29938 40663 53553 55707 53489 46245 101604 68613 65391 152380 38822 55262 49638 79223 0 47700 34262 13396 3270 9936 36434 47753 21899 41232 44132 84122 67237 18065 51021 19502 53840 54399 80780 66587 59267 88914 4507 37297 21099 78628 88681 70449 77653 107772 87635 60394 42211 48629 17641 79716 50721 47541 55076 42396 51713 48329 83465 88681 40156 16159 77745 13396 25653 51021 52298 29938 54720 86268 19502 75084 73417 101604 63509 62673 71778 62512
81531 47832 140060 89546 82802 52095 57242 31567 79222 29951 25925 29522 116324 84170 68204 78106 32901 23870 88138 12509 25736 150641 132994 42208 45037 33018 103953 87865 148114 17107 154369 151964 65765 30812 49514 92755 120710 79274 80352 42057 52030 40114 102048 77354 76643 103862 110906 61502 114481 3152 152472 36387 23073 70505 142681 41491 134556 99252 155228 55620 30129 122001 8466 46813 50432 149838 51232 14510 32010 141388 106670 39909 99353 26237 147731 35637 52269 40629 123525 121954 81771 101548 93575 3944 92538 32392 131155 83847 154020 41350 158768 49686 28831 59036 161302 59386 12833 57952 71936 89928 132351 33552 33057 83589 49401 47276 27801 84681 35370 79544 3261 100761 122017 73125 40687 63849 30939 106415 99422 65110 107519 67492 70020 103648 59000 104105 10872 23927 29810 46094 174250 143655 105278 64982 75585 42144 57575 95232 40312 52154 141041 157585 125260 101552 97186 35200 25338 54606 50589 69054 89416 59095 103522 112102 52421 177648 42662 41442 50350 123641 47700 0 16207 39630 44463 37765 23705 64224 26878 35186 55245 128415 102840 38510 75986 30409 97068 57094 126404 40506 37377 126136 45040 10875 58578 113233 134352 96973 121672 134000 134717 91106 66555 88632 32789 122339 61180 44206 79717 38600 80900 81531 131155 134352 52269 59000 123525 39630 46094 75986 79544 25338 46813 100761 30409 103953 120710 103522 104105 102048 101552 105278
65374 39246 124371 73545 67331 37754 58461 38878 65047 29213 14018 22169 100120 68183 52007 66988 34199 8192 72688 26013 28514 137916 116818 36269 31097 29814 88256 71788 132648 17239 138810 136319 50627 21909 33868 84547 105887 66197 65605 34294 47851 29371 93430 64150 60618 94751 94795 62373 100317 17605 138839 22387 16352 61479 127212 41405 119382 83494 141976 42972 25023 110391 22075 36582 39937 137848 36771 22002 19806 128289 97123 39863 93041 33839 134412 36674 50609 35834 111786 106417 74892 85386 82308 20151 76339 30709 116968 74834 139855 28891 144069 42109 22773 47240 145154 44602 14324 43403 56069 73787 116381 19308 27354 68937 33228 32443 32338 78146 34499 63728 13712 87213 106331 56923 42565 50840 24904 90696 88445 49282 92640 56668 55141 87867 47867 87949 10557 15855 38968 40437 158204 128777 89272 65005 66558 27317 47866 79178 38701 51260 127698 143079 111782 85750 81124 37547 22605 39528 39082 54822 81933 44462 93051 96152 44673 162869 28363 32929 37736 107788 34262 16207 0 29694 31006 24634 10133 49264 12365 37537 40677 112527 86675 30440 60321 15265 81151 44526 110798 38027 32280 109958 32574 11095 49174 97139 118734 81458 105762 118850 119688 85590 62112 79531 23349 106270 47108 47149 75917 25785 75577 65374 116968 118734 50609 47867 111786 29694 40437 60321 63728 22605 36582 87213 15265 88256 105887 93051 87949 93430 85750 89272
61233 9826 106933 71224 70205 50708 39816 37350 74283 19984 15688 10645 90272 66562 48282 84068 24636 23819 75168 52038 58208 147947 105128 62725 13806 15360 87794 68563 113737 46924 120334 118400 57665 8828 41855 54854 84550 40742 72494 6801 22596 2221 63756 76583 59403 65160 82452 42515 107064 38625 113850 13063 16629 82491 108402 25275 99250 82848 150353 17630 12665 124095 39306 58570 61025 149815 19359 32067 10576 102308 67666 24520 116051 35355 108812 25062 28755 13453 83910 88403 97910 74597 53945 42641 69655 18350 93456 45186 145170 7469 121852 13312 12244 65019 137288 54389 43710 24671 57276 63281 112000 14757 10639 75900 35434 45005 29689 48897 20703 64390 36389 96811 89277 50323 29561 65363 11006 89904 104458 51999 71803 27867 62728 72152 19419 76869 39673 15713 40692 14562 143353 107323 75687 43462 87216 16717 69115 75680 20986 30531 136192 120263 120399 84565 77358 27835 17758 49109 58642 65074 52335 54897 109841 81637 68695 165094 44069 57534 55361 91977 13396 39630 29694 0 11776 9828 35459 57407 19030 27836 52148 96885 80532 4755 62662 19019 67000 61058 93104 66369 59675 102306 8918 28757 19518 91906 100940 82785 90517 120412 98936 56787 34937 49910 6847 92833 59098 34379 48704 45892 47086 61233 93456 100940 28755 19419 83910 0 14562 62662 64390 17758 58570 96811 19019 87794 84550 109841 76869 63756 84565 75687
49458 17781 97469 59462 58790 41979 51102 48279 63764 31004 18548 19650 78988 54836 36574 75289 36044 23248 63666 56187 58434 136972 94209 58761 2107 26756 76051 56790 104826 47576 111287 109148 47135 16857 32458 57214 76543 35206 61590 17866 32765 9568 65300 66706 47742 66027 71525 53517 95810 44241 108129 8668 23533 75131 99430 37043 90767 71108 139138 12177 23082 113929 46174 52503 54450 139161 7994 40225 12597 97352 67902 36296 108999 45695 103548 36686 39733 25108 80936 79029 91106 63349 51832 48001 57960 29713 86694 46836 133642 4530 114444 21766 21795 57030 125910 44595 45241 14240 45854 51896 100293 11771 21759 64955 25203 36627 40405 53613 32354 52824 41243 86057 79587 38552 41325 56348 21363 78147 95046 40895 63462 27225 52153 61917 18636 65682 41564 21953 51247 25207 133266 99483 64958 54026 79610 6916 62252 63904 32750 41694 125036 113174 109327 72807 65586 39384 27342 39558 51595 54985 55725 45238 100587 71174 63106 153359 36814 52759 47811 81930 3270 44463 31006 11776 0 6703 33405 47111 18648 39385 42908 86821 68847 16531 51284 16343 56312 52831 83650 63755 56497 90814 4001 34107 22840 80203 91566 71144 80305 108691 90727 62197 43071 51235 15039 82198 49643 46155 56241 40047 53261 49458 86694 91566 39733 18636 80936 11776 25207 51284 52824 27342 52503 86057 16343 76051 76543 100587 65682 65300 72807 64958
53356 18753 103864 63116 61181 40894 49345 43150 64629 26239 11845 14191 84320 58245 40003 74272 31636 17197 66254 49542 52524 138443 99883 54484 7579 22578 79501 60608 111351 41496 117779 115592 48048 11292 32042 61665 83209 41751 63018 16628 32418 7959 70111 66785 50887 71093 77235 52194 97793 37542 114784 3428 17153 72965 105946 34004 97373 74544 141018 18343 18148 114321 39556 49396 51686 140161 14107 33864 5954 103925 73193 33030 106646 40148 110160 32675 38481 22807 87153 85468 88566 68767 57762 41298 62549 25387 93395 51506 136205 4535 121137 22601 16431 55323 131048 44599 38942 20684 48312 57183 104727 6019 17502 66442 25816 35214 35186 56973 28500 55629 34542 87226 85931 42786 37818 55541 16504 81693 94630 42730 70105 32470 53116 68082 23664 71163 35172 15489 45795 24390 139407 106154 70835 53257 77632 7641 59707 67884 29816 40172 126816 119876 110972 76382 69644 35167 21723 39299 49153 55318 59725 45091 100017 77200 59738 156666 34472 48883 45736 88138 9936 37765 24634 9828 6703 0 28072 47713 12394 35165 42321 93015 73432 13991 53618 10798 62243 51314 90062 58873 51834 95813 8023 27414 26406 84692 97991 74128 86443 111955 97368 65239 44377 56060 9860 88099 49274 42799 58004 36735 55843 53356 93395 97991 38481 23664 87153 9828 24390 53618 55629 21723 49396 87226 10798 79501 83209 100017 71163 70111 76382 70835
59105 45284 121057 66515 59198 28460 67816 49009 55702 38724 20508 30089 94610 61128 46297 56860 43933 11705 64517 30255 25618 128060 111629 27604 32849 38699 80461 65047 129819 15937 135751 133066 42078 29082 26205 89670 104397 67562 56667 41073 55746 34570 98181 54363 53730 99151 90158 71606 91000 25900 138811 25009 25194 51494 124397 50721 117194 75823 132278 45549 33585 100322 30950 26550 29850 127842 37338 31983 24893 128936 101187 49222 83484 43951 134775 46314 59320 43903 113920 103559 65277 80463 85183 27439 70427 39959 116349 79568 130558 32606 142570 48605 31169 37132 138588 35684 15656 43487 48730 69110 109159 22067 35533 59923 27609 23574 42428 84341 43810 56232 22059 77588 103113 51783 52247 40959 33132 82939 78320 41887 91164 60442 46317 84523 51676 83056 14003 24248 49019 47955 153669 127060 85161 73992 56556 27988 37839 72312 47705 60183 118025 141873 102150 78167 74284 47375 32000 30924 28949 45495 87536 35410 82918 92210 35107 153984 19004 23387 27711 104096 36434 23705 10133 35459 33405 28072 0 40520 16430 47365 31565 108707 80354 37300 52524 17284 77438 34517 107753 30946 24250 103669 35972 21126 54262 90380 115621 73372 101902 110297 117760 92224 69581 84131 30043 101789 37666 56942 83456 15729 82431 59105 116349 115621 59320 51676 113920 35459 47955 52524 56232 32000 26550 77588 17284 80461 104397 82918 83056 98181 78167 85161
26197 64890 93337 29459 19291 12665 97038 85937 16956 71464 50764 59523 60746 24545 20988 30959 77166 44613 24415 69458 57157 90992 78018 40533 45084 69060 40760 29202 103400 52912 108281 105031 2228 56995 16333 98018 84601 64621 16391 64162 79699 55330 104104 19859 19230 103523 59671 99899 51456 66338 122359 44871 58265 36318 98287 81217 93786 36465 94080 53843 63896 66822 71210 27949 26164 92455 43179 70730 50095 115668 103975 80072 68324 81493 120058 78830 86159 70497 107670 78601 52542 49831 85007 67947 37143 71472 98977 87595 90839 50333 120396 68877 61572 19880 100651 4981 54693 44196 13447 41090 70171 44490 64256 19781 22004 16949 78339 97717 75066 18549 62452 39662 76840 26562 84476 13794 62578 43270 48564 10048 72801 68298 5893 59581 62008 52267 54172 56564 87036 71860 120888 104827 57140 100824 39177 40827 28921 35359 77184 87883 79788 120817 63832 38944 37280 80853 65259 9745 22608 8024 98104 5641 54306 64130 35610 113609 21709 34127 18933 76009 47753 64224 49264 57407 47111 47713 40520 0 45666 80848 9310 79862 44658 61703 14146 42625 51999 16419 81785 49170 42744 67042 51100 60011 68334 52873 88908 33279 73357 69777 95286 106693 89963 91007 56447 71026 7302 89513 102685 27040 98784 26197 98977 88908 86159 62008 107670 57407 71860 14146 18549 65259 27949 39662 42625 40760 84601 54306 52267 104104 38944 57140
57316 28856 113245 66300 61943 36146 53831 40398 62416 26118 5292 15094 90799 61077 43667 68455 31789 4901 67254 37955 40164 136388 107095 43793 18751 24581 81932 64188 121238 29103 127507 125127 46560 13369 29344 73440 93965 53832 61902 24803 39935 18180 82093 63076 53464 83216 84729 57309 97061 27292 126537 10024 12602 65234 115807 37012 107700 77033 139720 30673 19236 110468 30407 40632 43429 137225 24585 26822 8464 115931 85423 35665 98276 36218 122070 33701 44318 28434 99506 95092 80050 75642 70156 30671 67678 26550 104783 63462 136266 16797 132094 32217 16759 48772 136725 41624 26604 31275 49695 63956 108936 6956 20494 65338 25920 30302 32698 67913 30349 57370 23818 85104 95208 47832 39551 50578 18308 84281 89553 43259 80745 44764 51482 76913 35945 78154 22920 10933 41882 31968 147806 116894 78834 59227 70140 15297 51605 71621 33431 45484 125420 131016 109454 79122 73506 35464 19673 36198 41533 52434 71181 41809 94614 85546 50313 158124 27865 38887 38906 96952 21899 26878 12365 19030 18648 12394 16430 45666 0 35458 38398 101758 78344 21110 54535 3784 70490 45241 99561 47357 40651 101387 20407 17729 37979 89233 107509 75720 95048 113608 107899 75807 53421 68088 13944 96009 45365 44533 67286 28154 66049 57316 104783 107509 44318 35945 99506 19030 31968 54535 57370 19673 40632 85104 3784 81932 93965 94614 78154 82093 79122 78834
88478 28365 133274 98279 95933 71591 22066 11522 97720 9385 30211 21524 118095 93403 75168 103396 3682 37790 101106 46014 60579 171761 132785 73472 41284 12658 114654 95752 139396 50474 146117 144438 81572 24276 64533 64824 109411 64414 96869 23675 22061 29944 74334 98533 86013 76955 110139 26317 131979 32384 135019 37069 23051 98847 134172 7828 124506 109697 174907 43992 17206 145872 29042 73892 77110 172683 47169 20808 31153 122500 80458 6699 130553 12979 129353 2962 18710 16596 101449 114767 112423 102416 72024 35732 97329 9779 116541 58067 170847 34873 145443 27169 19369 83576 165121 76987 46097 52411 83189 91118 139641 36669 17728 100315 59871 65755 7922 54566 7244 90634 33147 120440 115957 77770 5501 85927 18739 116855 124687 77267 97259 47953 86577 99408 42108 104671 42436 24572 16020 20923 170241 131671 103273 29867 103898 42802 85172 102997 9812 17872 160624 143412 144676 111547 104734 14 15860 71548 75826 87827 60473 77217 129592 109027 82206 191752 63060 70466 73756 118980 41232 35186 37537 27836 39385 35165 47365 80848 35458 0 73849 123883 108220 23231 88384 38244 94585 80315 119518 73907 69157 130134 36749 28128 37469 119560 127219 109157 117673 147047 123856 59327 34883 62635 25348 120319 80823 9620 46544 62258 49355 88478 116541 127219 18710 42108 101449 27836 20923 88384 90634 15860 73892 120440 38244 114654 109411 129592 104671 74334 111547 103273
33632 60424 100510 38216 28588 3360 91168 78190 24416 64490 43639 52904 69056 33087 25199 32428 70175 36728 33725 60181 47996 98058 86378 32411 41026 62522 50063 37626 110350 43606 115487 112343 11248 50567 10450 96859 89855 65307 25108 58948 74722 50206 103593 24753 26891 103361 67180 94268 59644 57458 127201 39192 50938 34270 105136 74869 99986 45734 101650 51336 57242 72314 62436 20073 19096 98842 40433 62434 43814 119730 104185 73632 67802 73566 124488 72015 80675 64756 110026 85010 50793 57234 85585 58915 45013 64749 103828 86322 99178 45523 126509 64406 54835 15925 109822 4331 45442 42832 21039 47578 79438 38288 57921 28359 18179 8300 70774 95408 68460 27292 53599 46884 83541 31378 77795 13458 56054 52573 52321 15342 77524 66551 14860 65701 59451 59749 45038 49321 79016 66711 129227 110849 64000 95533 38084 36179 23948 44158 70987 82238 87345 126684 71384 48201 46108 73855 58065 3776 15293 14220 96439 3854 57763 71110 29164 122418 12587 25674 10939 83126 44132 55245 40677 52148 42908 42321 31565 9310 38398 73849 0 87189 53250 56135 23007 35726 58083 11562 88465 40916 34128 75951 46890 51603 65186 61895 95823 42586 80555 78844 101284 104263 85956 90065 50278 78716 7025 82811 99126 17730 95818 33632 103828 95823 80675 59451 110026 52148 66711 23007 27292 58065 20073 46884 35726 50063 89855 57763 59749 103593 48201 64000
53707 95848 13610 52493 65371 90026 126906 134155 80314 116838 104044 106383 23594 56176 63522 102369 121091 104567 63366 138243 132261 113088 17332 119565 85485 112040 53804 51542 24107 124469 28441 25174 77654 103651 85122 89992 26281 62350 74650 100208 107884 95075 88434 88420 60644 85153 20253 127094 79603 129041 55056 93198 110168 112809 19606 119074 20771 53717 109243 79898 109412 110302 131980 107245 105893 120961 78945 126869 98875 56236 82297 118965 138049 132193 56514 120944 115955 107446 65937 12219 126863 30034 69126 132294 42902 115003 37302 84976 95621 91115 44328 97979 108452 99405 50540 83680 124261 72621 66490 40085 45147 95591 107519 74650 81275 90663 126573 99027 116657 62191 125480 84927 9019 57473 124057 92271 107700 52757 107457 71875 30587 79738 77567 24937 82690 27605 121835 108482 137576 104235 46476 30967 23627 125002 113818 86911 108497 47740 115107 118412 100194 46218 91550 51940 46405 123879 114060 84758 102206 82960 94123 84759 112646 16507 115471 100680 95555 112699 98083 4908 84122 128415 112527 96885 86821 93015 108707 79862 101758 123883 87189 0 38619 101066 66479 98094 31381 96261 9036 127964 120857 30887 88246 119367 89017 38685 10704 59292 6806 68579 23750 105944 107263 84216 101761 10114 87098 128028 112331 102064 104932 53707 37302 10704 115955 82690 65937 96885 104235 66479 62191 114060 107245 84927 98094 53804 26281 112646 27605 88434 51940 23627
21313 83438 52105 15257 27574 56465 117735 116565 42048 99605 82113 87614 16471 20169 34765 63920 104830 79676 24901 110595 100905 84512 33480 85187 66936 95572 17110 15660 62699 95016 66493 62948 42453 84715 54400 96644 53305 61117 36494 85879 98115 78363 98921 50116 26868 96741 19570 119224 45246 104223 89934 72261 89390 74834 58185 105562 56826 15542 83113 67275 91536 74919 108222 72598 70636 90598 61209 105134 78453 87283 95354 104952 99459 113318 89654 105532 106079 93430 88233 41986 88403 13831 77330 106775 10893 98505 68132 88217 72852 73349 82501 86733 89858 63011 58493 49189 95845 56884 32438 19217 31490 73724 90530 36183 53447 58709 108591 101770 101197 26109 100364 47349 38898 30731 110051 55514 89859 17163 69308 39026 46427 74724 41105 28593 73380 14456 94303 87561 119018 92093 76298 67999 22079 118464 75516 65987 71957 9599 101273 108365 71177 83937 58997 14282 7956 108220 95019 51738 67201 46029 99099 50117 74692 26465 79528 87506 63883 78747 63580 36022 67237 102840 86675 80532 68847 73432 80354 44658 78344 108220 53250 38619 0 85260 30523 74579 24553 60457 43458 93828 87316 23323 71741 95724 80746 11411 48974 20965 33203 44766 59175 110318 102759 89571 83250 28694 51443 114769 112022 70135 105766 21313 68132 48974 106079 73380 88233 80532 92093 30523 26109 95019 72598 47349 74579 17110 53305 74692 14456 98921 14282 22079
65987 9326 110894 75973 74840 54543 35360 33090 78620 15832 16862 9015 94869 71299 53016 87795 20140 25604 79829 51015 58762 152403 109596 64842 18557 10975 92536 73316 117494 47467 124132 122274 62034 8532 45948 54624 88041 43705 76961 3854 19042 6968 63768 80703 64120 65437 86936 38216 111631 37157 116441 16951 15567 85724 112188 20528 102876 87588 154898 21347 9393 128265 37210 61470 64083 154153 24064 29451 13077 104642 68176 19765 119090 31451 111244 20413 24546 8846 85567 92358 100896 79189 55513 41214 74386 13946 96481 45404 149830 12189 125052 11692 9836 68538 141906 58538 43953 29182 61920 67922 116734 18103 6786 80377 39797 48771 25612 47716 16044 69076 35337 101208 93340 55077 24812 69223 7998 94651 108375 56552 75448 29510 67101 76422 21649 81440 39855 15159 36626 10963 147510 110705 80112 39406 90522 21243 72226 80435 16243 26188 140717 123349 124898 89313 82113 23229 14790 53205 61877 69286 51696 59003 113695 85969 71358 169832 47497 59990 58787 96157 18065 38510 30440 4755 16531 13991 37300 61703 21110 23231 56135 101066 85260 0 67290 21856 71422 64674 97080 67952 61529 106969 13562 27718 20094 96639 104878 87491 94755 125145 102466 55193 32319 50182 7261 97212 63123 29624 46190 48842 45253 65987 96481 104878 24546 21649 85567 4755 10963 67290 69076 14790 61470 101208 21856 92536 88041 113695 81440 63768 89313 80112
13752 68636 80043 15314 7564 26317 102371 94789 17606 79121 59214 66869 46694 10501 16350 38610 84749 54520 12751 82280 70987 86078 63929 54665 49177 76024 27967 15201 90282 66048 94917 91584 11957 64112 26484 95815 73508 60499 12731 69108 83851 60462 100824 24795 7436 99731 46227 104786 44569 77821 111482 51361 66828 47105 85285 87612 81487 23300 87901 55075 71179 65842 82388 42075 40156 89027 45493 80857 57237 105810 99624 86647 76395 90747 109702 86074 91011 76107 100183 66175 62387 36591 80452 79827 23577 78695 88250 85768 82587 55225 108069 72502 69054 32974 86901 18808 67435 44372 5467 29259 56801 51779 71003 15359 28710 29435 86941 97284 82017 4427 73905 36318 64104 19149 91394 25798 69681 30431 51535 11276 62570 67731 11097 47742 62922 38914 66475 65030 96417 76478 106789 92665 44423 105126 48930 46087 42050 21222 83399 92975 73870 108755 58325 25660 23152 88387 73426 22087 36685 16612 96672 19674 57444 51196 49281 103629 34555 48269 33078 62844 51021 75986 60321 62662 51284 53618 52524 14146 54535 88384 23007 66479 30523 67290 0 51057 40380 30087 69036 63310 56873 52963 55048 70519 69916 38890 75879 21233 60127 59072 83206 106304 92342 88606 63167 57362 20982 96395 104135 40451 99356 13752 88250 75879 91011 62922 100183 62662 76478 0 4427 73426 42075 36318 51057 27967 73508 57444 38914 100824 25660 44423
53577 28728 109654 62619 58504 33673 55781 43752 59476 28861 8200 17201 87016 57416 39924 66451 34562 7128 63795 41183 42091 133519 103327 43885 16101 26820 78333 60478 117727 31285 123964 121555 43418 15013 26298 72452 90672 51249 58751 25325 40891 17770 80908 60474 49811 81867 80978 59104 93907 30949 123630 7764 15804 63890 112293 39213 104286 73423 136704 28517 21521 107986 34166 39645 42228 134547 21525 30567 8781 113204 83922 37941 97240 39710 119266 36316 45833 29821 97245 91550 79055 71870 68163 34245 63903 29026 101704 62304 133012 15332 128838 32330 19109 46940 132948 38752 29169 28139 46148 60185 105214 4784 22362 62194 22372 27813 35960 67510 32737 53804 27406 82195 91613 44051 42072 48259 20379 80669 87371 39789 77434 43179 48389 73276 34399 74385 25693 14037 45397 32818 144097 113581 75117 60783 68715 12052 50371 67908 35439 47158 122412 127824 106457 75492 69787 38250 22655 33312 40059 49600 70444 39008 92534 81853 49683 154680 25888 38532 37116 93299 19502 30409 15265 19019 16343 10798 17284 42625 3784 38244 35726 98094 74579 21856 51057 0 66799 43232 95995 48086 41095 97609 18697 21489 37124 85487 103942 72203 91373 110119 104535 75623 53896 66854 15087 92277 42737 47092 67701 26996 66039 53577 101704 103942 45833 34399 97245 19019 32818 51057 53804 22655 39645 82195 0 78333 90672 92534 74385 80908 75492 75117
26627 67352 43666 30418 42065 60606 100357 104329 56975 86958 72969 75962 25185 31675 33268 78808 91562 73209 42308 106869 101374 109024 38224 89994 54818 82340 40963 28024 52838 93264 58485 55682 49915 73157 54628 73108 33160 38808 51350 71058 80778 65052 74762 64778 33336 72434 15739 101199 69068 97746 71136 62180 79340 87374 47493 90513 41910 38028 107649 50917 79262 97694 100803 78048 77154 114913 48334 95978 68008 66122 70910 90209 116325 101985 69591 91701 88924 78529 64249 26985 102764 11304 53219 100957 19750 85329 48005 65357 97056 60734 68475 70018 78099 71877 71650 55078 92945 42358 38702 11121 51594 64458 77601 52530 50172 60471 96567 79288 87347 36760 94155 68703 25899 27031 95364 65415 77539 41457 88850 42868 23232 54471 51098 7620 55236 12279 90472 77612 107494 76009 77343 52857 8689 99782 89310 55825 80886 28659 86369 91335 95697 68819 83130 37645 28590 94582 83653 55223 73366 56763 75978 56218 94584 15057 87108 109886 65153 82991 69000 26684 53840 97068 81151 67000 56312 62243 77438 51999 70490 94585 58083 31381 24553 71422 40380 66799 0 68240 30717 98155 90831 38566 58157 88155 62249 33709 38410 42470 24611 68750 43304 87502 82926 66208 71349 25886 59279 99673 90677 71641 83939 26627 48005 38410 88924 55236 64249 67000 76009 40380 36760 83653 78048 68703 66799 40963 33160 94584 12279 74762 37645 8689
42616 69890 109748 45202 33606 11091 98986 83268 23888 71128 50520 60272 76749 40588 36092 23227 76702 42528 38003 59656 44479 93644 93930 25347 51082 69818 54238 45288 119819 42857 124686 121423 18614 58235 21019 107934 100555 76834 27049 67791 83603 59273 114854 20379 35646 114709 76051 102336 58147 59707 138127 47998 57283 22878 114703 82250 110099 50518 98136 62084 64473 65901 64999 13080 10374 93329 51201 66490 51835 130948 115609 80905 56648 78325 135582 78785 89006 72985 121565 94955 39359 66235 97081 60408 53469 71755 114735 97382 97442 54947 136697 73822 61999 4404 114779 13313 45672 54062 29859 57420 83807 46572 65560 29552 29090 16214 76310 106007 75576 34505 56056 43850 93240 42107 84690 6980 63483 56711 44373 25506 88460 77509 19389 75844 70108 68658 46307 55846 83494 75514 136751 121096 73548 103952 26970 45947 12725 50964 78605 90382 83962 137044 68235 53049 52815 80323 64470 15307 7592 15165 107325 12153 49374 80548 19226 121970 17383 19884 6811 92426 54399 57094 44526 61058 52831 51314 34517 16419 45241 80315 11562 96261 60457 64674 30087 43232 68240 0 98184 33983 28452 82185 56737 55606 75491 67832 105326 46389 89770 79870 111543 114776 95558 101224 58270 87348 9165 89623 108982 18793 106063 42616 114735 105326 89006 70108 121565 61058 75514 30087 34505 64470 13080 43850 43232 54238 100555 49374 68658 114854 53049 73548
55665 91242 13834 56060 68879 91107 121203 130099 84017 112911 101430 102969 30179 59109 63930 106175 116891 102705 67503 136729 131999 121145 26359 120586 82484 108013 59657 54654 22137 123650 28028 25571 79621 100324 85345 82200 17376 56553 78299 95920 102534 91414 80187 92099 62632 76816 23961 121151 86410 126816 47456 90564 107166 115974 16776 114316 13437 58946 117573 75748 105741 116979 129442 108511 107444 128789 75960 123872 95993 47623 73834 114312 142618 128450 48347 116561 110512 102962 56932 4766 130593 32625 61465 130227 45752 110938 28475 77749 104193 87784 39302 93092 104962 101590 59213 85238 123121 69418 68340 40888 53734 93131 103680 78667 80747 91164 122688 91669 112341 64931 123377 90625 4945 57714 119339 94737 104050 58891 112764 73144 23582 74055 80098 23304 77768 30555 120460 105542 133705 99415 51079 24543 24662 118843 117345 84434 110673 51925 110468 112972 108131 40512 98844 57420 50842 119513 110585 85748 103687 85647 86508 86355 118125 17884 117264 109698 95868 113611 99403 8003 80780 126404 110798 93104 83650 90062 107753 81785 99561 119518 88465 9036 43458 97080 69036 95995 30717 98184 0 128809 121519 39210 84703 116949 83728 45415 7949 64419 10607 76838 16038 98282 100956 76685 98371 17103 89083 123111 105279 102358 97787 55665 28475 7949 110512 77768 56932 93104 99415 69036 64931 110585 108511 90625 95995 59657 17376 118125 30555 80187 57420 24662
74542 76186 141180 78616 67507 37959 95650 71972 57173 66553 51093 60113 109857 73700 64889 46094 70956 42553 71985 35883 16399 118884 127156 8669 62907 67723 88202 78330 150842 23642 156153 153076 51378 59536 43792 120537 128568 96348 60908 71775 85857 65515 128933 51710 67797 129769 108051 99724 88974 43657 164848 55684 54364 34859 145560 78829 139800 84497 124870 75690 63042 88349 48778 21253 23614 116288 66422 54427 55821 156033 131644 77248 59342 66617 161426 73604 88502 73850 142868 125131 42465 98092 114991 42031 85922 68351 141752 110356 126872 63402 166079 79423 60798 32727 148754 44743 28073 71839 61932 88073 117746 52856 65370 63181 49887 37732 67331 115265 72020 67719 41513 73789 123924 71124 79267 40234 62921 90668 65367 56124 115681 90973 53156 105715 82293 100624 31499 53862 70306 78326 170026 150390 104592 102636 39434 57682 25849 84491 76472 89015 111358 165930 96612 87027 86392 73919 60238 43207 26737 49142 118473 43762 68260 111742 17679 152608 33348 15270 30263 123801 66587 40506 38027 66369 63755 58873 30946 49170 47357 73907 40916 127964 93828 67952 63310 48086 98155 33983 128809 0 7634 116004 66636 45800 85179 101698 136327 80339 121280 112385 140857 123068 100023 114866 60701 119617 42560 83410 113866 27116 113196 74542 141752 136327 88502 82293 142868 66369 78326 63310 67719 60238 21253 73789 48086 88202 128568 68260 100624 128933 87027 104592
67639 69501 134003 72180 61507 31035 90576 68246 52200 61333 44693 54031 103184 67149 57591 43801 66031 35953 66186 35141 16960 117159 120506 4946 55578 62089 82538 71729 143585 20311 148967 145927 44917 53233 36329 113472 121034 88781 55488 65315 79790 58706 121763 47475 60991 122523 101044 94556 85260 40491 157239 48582 48586 34063 138283 73589 132387 78641 122719 68344 57216 87171 45832 15374 18390 115196 58928 50529 49100 148400 124330 72029 62078 62899 153800 68613 82880 67846 135289 117788 44395 91078 107528 39524 79096 62952 134162 103224 123820 56344 158616 72852 54890 27989 142989 38127 24552 64270 55158 80876 112133 45831 59392 57991 42281 30360 63005 108514 66707 61248 37831 70296 116649 63807 74401 35118 56955 85027 64190 49144 108118 83721 47110 98369 75092 93627 27346 47918 67012 72101 163355 142929 97408 97270 39006 50303 22736 78095 70978 83538 108940 158427 93801 81165 80021 69169 54829 36160 20910 43527 111539 37209 67652 104568 15748 149134 25836 8673 23852 116637 59267 37377 32280 59675 56497 51834 24250 42744 40651 69157 34128 120857 87316 61529 56873 41095 90831 28452 121519 7634 0 109772 59490 41098 78217 95551 129082 74729 114145 107974 133406 116458 93769 107693 54268 112652 36488 78749 107639 19530 106680 67639 134162 129082 82880 75092 135289 59675 72101 56873 61248 54829 15374 70296 41095 82538 121034 67652 93627 121763 81165 97408
44628 104231 41493 37762 48590 79233 138041 138936 61324 121785 104985 109994 13507 43020 57981 81787 126848 102875 44568 133903 123853 82226 16345 107335 89000 117551 29891 38755 51622 118243 53280 49513 64890 107098 77665 110672 54701 77331 56327 107230 118367 100190 111209 68954 50069 108446 24028 139151 50934 127483 85891 94881 112140 93857 48565 126940 51652 32269 78390 87785 113776 81474 131417 94762 92522 90236 82966 128108 101049 86831 106295 126449 114226 135903 87379 127367 126466 114801 93890 40412 105726 28362 90125 130073 33719 120519 67593 103537 65044 95343 73458 107248 112225 84267 35344 71770 119139 77997 55481 39084 14811 96516 112573 55048 76735 81803 130987 117588 123004 48661 123634 59185 36503 53572 131593 76620 112075 27896 82165 62182 53385 92917 62859 37924 93016 26552 117623 110320 141578 112947 55822 61488 31177 137960 93686 88525 92928 31816 122688 128829 69406 75937 61646 29813 29853 130133 117514 74702 89267 67233 113918 72624 86765 29802 100861 73007 86982 101132 85926 31448 88914 126136 109958 102306 90814 95813 103669 67042 101387 130134 75951 30887 23323 106969 52963 97609 38566 82185 39210 116004 109772 0 93410 118872 100220 14402 41081 37375 29413 37695 54635 125594 121367 104013 105534 22417 73443 136168 129226 93147 122428 44628 67593 41081 126466 93016 93890 102306 112947 52963 48661 117514 94762 59185 97609 29891 54701 86765 26552 111209 29813 31177
52743 13808 98537 62818 62529 45923 47431 46173 67728 28804 19267 18277 81354 58293 40089 79257 33551 25220 67351 57069 60547 140842 96248 61940 6023 24267 79454 60086 105595 49510 112132 110103 51105 15717 36441 54005 76827 34234 65495 14344 28872 6897 62297 70706 51305 63188 73566 49741 99603 44538 107455 10970 23069 78954 100228 33859 91303 74525 142936 10591 21174 117914 46016 56091 58130 143092 10533 39508 13111 96371 65226 33213 112800 43955 102692 33960 35979 21781 79233 80033 94863 65679 49759 48416 60878 27256 86424 43735 137283 3725 114487 17785 20260 60914 128372 48596 46897 15800 49603 54371 103224 13927 19448 68850 29203 40525 38427 49965 29595 56472 41786 89981 80776 41735 38311 60324 19458 81513 99045 44770 63890 24484 56116 63439 15704 67952 43080 21678 49390 21445 134722 99713 66838 50149 83467 10791 65990 67114 29563 37994 128856 113074 113175 76168 68757 36748 25884 43553 55344 58981 52308 49238 104582 72861 66628 156762 40557 56095 51626 83342 4507 45040 32574 8918 4001 8023 35972 51100 20407 36749 46890 88246 71741 13562 55048 18697 58157 56737 84703 66636 59490 93410 0 34400 19176 83130 92580 74711 81824 112130 91127 58469 39077 48230 13712 84014 53638 43044 52285 43551 49421 52743 86424 92580 35979 15704 79233 8918 21445 55048 56472 25884 56091 89981 18697 79454 76827 104582 67952 62297 76168 66838
74546 37043 130687 83176 77689 48746 49881 28015 76008 21059 15633 18708 108464 77866 60963 77950 25165 16136 83047 23333 33225 149007 124816 45518 34863 23226 98330 81233 138471 22555 144819 142519 61279 19937 44260 82156 110607 68606 76392 31330 42255 29274 91395 75236 70252 93138 102457 53995 111239 10149 141851 26428 12212 71989 133050 33234 124673 93502 153033 44944 19695 121445 12679 47250 50691 148933 41230 10908 21528 130655 95894 31640 102828 22869 137038 27832 43453 30509 112658 112427 84813 93357 82702 14026 85154 23167 120731 73109 150751 30749 148550 39044 18171 58254 154185 55441 18298 47929 66025 81673 125978 23823 22562 79752 42581 43327 21997 74422 26594 73723 7646 98258 112671 65394 33467 61935 20332 100737 99414 59336 97477 56618 65902 94480 48137 95874 14428 13063 27895 35820 165491 133555 96535 57071 77087 32524 58484 88662 31326 43678 138749 147271 122823 95693 90580 28139 15403 50267 50027 65789 78951 55354 103946 103212 54696 173533 39400 43059 48809 114543 37297 10875 11095 28757 34107 27414 21126 60011 17729 28128 51603 119367 95724 27718 70519 21489 88155 55606 116949 45800 41098 118872 34400 0 47750 106460 124897 91736 112679 129344 124727 81145 56816 77890 21918 113724 58124 37681 70272 36841 70960 74546 120731 124897 43453 48137 112658 28757 35820 70519 73723 15403 47250 98258 21489 98330 110607 103946 95874 91395 95693 96535
64610 10843 97267 74772 77057 64527 38173 48855 84367 33447 35156 29056 87191 71002 53822 97608 35664 42870 81387 71075 77682 155911 99975 80884 24450 28516 91336 71765 102702 66412 109486 108036 68010 28004 54791 35468 72394 27433 81441 16775 18866 19870 44257 88177 64888 45649 77946 38965 114132 57249 97836 29732 35546 97930 97590 31161 87618 86583 157270 14842 29100 134691 57138 75266 77277 158903 25156 49090 29618 85600 48218 31448 131813 48731 92350 34566 26960 21382 65737 78965 113943 71860 35712 61307 70382 30879 79074 25670 150300 21941 107990 10393 29901 79740 133897 66426 63227 25644 64484 61842 111793 32390 26197 84647 47085 59333 42627 30792 30864 70469 55388 105925 80601 53577 36196 78636 27940 93111 116805 60765 60742 10485 72851 65641 7387 73731 59188 34919 53100 16546 134792 94369 70666 37797 102360 29747 85092 78075 27770 29412 143469 105944 128147 87842 79442 37460 34466 61671 74435 76344 33324 67180 122464 75458 85800 167883 59654 75183 70624 84191 21099 58578 49174 19518 22840 26406 54262 68334 37979 37469 65186 89017 80746 20094 69916 37124 62249 75491 83728 85179 78217 100220 19176 47750 0 92034 91185 87766 83257 123825 86792 39363 22571 30394 26194 86889 71693 39565 34414 62723 30633 64610 79074 91185 26960 7387 65737 19518 16546 69916 70469 34466 75266 105925 37124 91336 72394 122464 73731 44257 87842 70666
31927 94845 51267 23938 34226 65206 129127 127793 46998 110896 93137 98860 15248 29303 45566 67768 116153 90355 30168 120525 109874 77294 28554 93030 78278 106907 16127 25372 61846 104620 64577 60863 50750 95962 64221 106711 58140 71646 41942 97284 109498 89731 108460 54710 36655 106081 23697 130589 41017 114733 92852 83436 100480 79647 57985 116961 58752 17944 74960 78661 102818 71662 118870 80472 78181 84222 72597 116052 89631 91802 104432 116343 101198 124468 93380 116886 117473 104831 95315 45128 91908 22406 86928 117152 22253 109832 72392 98623 63561 84697 82933 98129 101106 69872 48225 57667 105706 68293 41790 30275 20095 84812 101857 40743 63971 68043 119816 112346 112557 34680 110850 46781 41517 41919 121437 62222 101148 14532 69649 48589 53463 85783 48543 35970 84681 21836 104378 98648 130175 103503 69993 69497 28879 129785 79638 77205 78527 18072 112671 119763 64016 84902 53568 15540 16098 119560 106219 60831 74962 52846 109400 58485 74581 30915 86464 76638 73214 86895 71698 37451 78628 113233 97139 91906 80203 84692 90380 52873 89233 119560 61895 38685 11411 96639 38890 85487 33709 67832 45415 101698 95551 14402 83130 106460 92034 0 49389 23210 34813 35175 61451 120773 113941 99734 94528 28685 59149 126165 122946 79269 116558 31927 72392 49389 117473 84681 95315 91906 103503 38890 34680 106219 80472 46781 85487 16127 58140 74581 21836 108460 15540 28879
62720 98905 6082 62381 75262 98529 128433 137864 90318 120709 109373 110851 34283 65758 71501 112439 124632 110646 73528 144656 139772 123280 26170 128049 90413 115795 64448 61203 14527 131506 20130 17622 86725 108218 92990 87921 21871 63881 84621 103656 109938 99270 85267 98422 69695 81755 29975 128262 90292 134766 44892 98509 115087 122588 9407 121912 11194 64228 119180 83535 113587 120996 137385 115891 114729 131307 83893 131790 103925 47312 78543 121940 148429 136274 46869 124259 117870 110645 59776 12547 136915 39293 67441 138175 52391 118711 29296 84076 105251 95683 33670 100671 112834 108634 56031 92498 131015 77338 75468 48277 54919 101079 111500 84781 88538 98748 130490 97829 120059 71683 131326 95566 12526 65314 126943 101657 111900 63437 118030 80483 30606 81374 86972 31112 85360 37039 128375 113468 141504 107008 43867 20425 31831 125840 123772 92382 117728 57884 118103 120327 110486 35514 102143 62510 56644 127213 118457 93192 110993 92459 92419 93604 123257 24779 124470 108787 103502 121101 106758 13116 88681 134352 118734 100940 91566 97991 115621 88908 107509 127219 95823 10704 48974 104878 75879 103942 38410 105326 7949 136327 129082 41081 92580 124897 91185 49389 0 69784 15914 78658 14325 104105 107894 82724 106259 20780 96192 130650 111681 110001 104127 62720 29296 0 117870 85360 59776 100940 107008 75879 71683 118457 115891 95566 103942 64448 21871 123257 37039 85267 62510 31831
23372 87906 72610 13717 14174 45936 122125 115881 24082 99971 80329 87698 36142 16765 34632 44568 105552 75752 8879 102710 90051 69366 51567 71728 69056 96675 7887 16848 83245 86191 86650 83014 31464 84895 47590 109581 73691 73432 19501 88996 103123 80565 113238 31584 23407 111545 40526 124277 27681 98893 110749 72089 87933 56484 78898 107970 77791 5593 69789 73145 91962 55225 103533 59389 56733 73977 64610 102090 78084 107574 110729 107084 78839 111912 110252 106762 110599 96219 106625 62900 68788 33572 91902 100778 22938 99415 88632 100192 62688 75316 103388 91635 89908 47854 68434 38259 87914 62228 26075 33274 37419 72711 91614 17779 49831 49927 107999 112827 102625 18524 94980 26595 59859 34208 111938 40210 90419 10330 48345 32489 65556 83929 27971 48090 80486 34852 87220 86125 117592 96102 93159 88962 42275 124268 56430 66508 56152 13815 103711 112675 56398 104883 42085 7716 14152 109159 94431 42514 53836 31229 111236 38833 53733 47309 64304 82612 54885 66074 51143 56927 70449 96973 81458 82785 71144 74128 73372 33279 75720 109157 42586 59292 20965 87491 21233 72203 42470 46389 64419 80339 74729 37375 74711 91736 87766 23210 69784 0 54113 37945 80126 121726 110335 102340 83837 49231 38403 116900 121234 60312 115782 23372 88632 69784 110599 80486 106625 82785 96102 21233 18524 94431 59389 26595 72203 7887 73691 53733 34852 113238 7716 42275
47168 89767 19983 46473 59355 83361 121289 127832 74404 110491 97396 99903 19588 49924 56754 96526 114827 97816 57632 131457 125469 110864 19060 112905 78932 105729 49138 45340 30166 117663 34946 31797 71157 97152 78351 86152 25368 56980 68709 94001 102112 88676 85222 82509 54127 82099 14064 121614 75804 122322 58042 86563 103589 106712 25283 113019 24008 48595 107511 73683 102997 106375 125305 100622 99325 118378 72399 120279 92282 57687 79482 112868 132603 125778 58764 114743 110216 101299 64908 10999 121002 23557 65236 125556 36579 108700 38328 80558 94433 84632 49298 92011 101989 92984 53761 77097 117459 66139 59950 33323 44163 88924 101155 68876 74469 83921 120203 94686 110437 55888 118748 80170 7098 50688 117979 85923 101282 48322 102440 65226 26653 74215 71223 18392 76775 21218 115044 101892 131194 98226 52967 34983 16833 119658 107863 80255 102080 41991 109009 112669 97787 50788 88281 46989 40784 117669 107588 78076 95621 76672 90066 78185 107747 9702 108962 101311 88796 106019 91465 2822 77653 121672 105762 90517 80305 86443 101902 73357 95048 117673 80555 6806 33203 94755 60127 91373 24611 89770 10607 121280 114145 29413 81824 112679 83257 34813 15914 54113 0 66768 26645 101903 102047 80103 95280 7001 80615 122029 107674 95306 100374 47168 38328 15914 110216 76775 64908 90517 98226 60127 55888 107588 100622 80170 91373 49138 25368 107747 21218 85222 46989 16833
59556 124993 78539 49381 51711 82087 159388 153820 56005 137889 118259 125616 48206 53855 72130 68845 143454 113477 46372 138756 124339 44677 52940 104201 106623 134526 32699 52247 88155 121985 88716 85009 68268 122802 85085 141405 91680 105821 53832 126468 140112 118190 143492 60677 61075 141181 58201 161331 25381 136088 123533 109990 125867 81993 85663 145664 89337 37609 40747 109597 129865 50224 140888 92790 89591 53137 101824 139826 116010 124412 139587 144823 91683 149818 125072 144620 147782 133799 129987 77720 88751 57475 121921 137719 53927 137292 105091 132944 28394 112956 110194 128600 127830 79993 46850 74639 124166 98760 64018 63754 24051 110652 129455 50775 87752 86724 145943 146398 140452 56452 132192 40163 73854 70690 149725 72980 128308 30759 59630 70349 88352 118735 64004 71081 116448 57010 123883 124061 155489 133375 82495 98995 63963 161042 79804 104320 86655 45753 141387 149930 32237 112959 28641 36081 44446 147049 132376 79422 87438 65632 143850 74991 62350 65156 95013 44711 91418 99629 85734 68978 107772 134000 118850 120412 108691 111955 110297 69777 113608 147047 78844 68579 44766 125145 59072 110119 68750 79870 76838 112385 107974 37695 112130 129344 123825 35175 78658 37945 66768 0 92329 155014 146234 134336 121708 59851 73475 154662 156201 96233 150172 59556 105091 78658 147782 116448 129987 120412 133375 59072 56452 132376 92790 40163 110119 32699 91680 62350 57010 143492 36081 63963
69557 95553 17552 71065 83726 103702 122684 134910 98889 118162 109094 109281 46210 73674 76231 121019 121579 111501 82735 145693 142702 136815 40349 132880 89867 113146 75595 69395 16949 133687 23684 23404 93186 106829 97079 78459 14450 59464 93170 100757 105078 97492 74680 106914 76431 70985 39605 122066 102449 134797 31461 98373 114119 130309 13087 117935 3131 74710 132987 81306 111560 133010 136902 121146 120378 144607 83523 130634 103311 32988 67462 118145 157867 133859 32786 120901 112727 107299 46774 17324 145310 47518 58873 138419 60469 115960 15472 76013 119271 94508 25243 96796 111112 115166 69849 98366 132727 76810 81937 54228 68829 101166 109226 93766 91667 103137 127900 89190 116868 79285 131578 106471 20292 69986 122976 108607 109932 74883 128435 86144 27266 76513 94136 35707 81763 45699 129759 112621 138826 103140 52477 9565 39023 119261 131952 92602 124186 67302 114384 115156 123882 25558 114841 73268 66344 123849 116684 98308 116578 99766 83290 99510 133860 32957 130375 123107 107578 125833 112166 24009 87635 134717 119688 98936 90727 97368 117760 95286 107899 123856 101284 23750 59175 102466 83206 104535 43304 111543 16038 140857 133406 54635 91127 124727 86792 61451 14325 80126 26645 92329 0 94677 101269 74004 104799 32999 102573 126293 103490 113977 95850 69557 15472 14325 112727 81763 46774 98936 103140 83206 79285 116684 121146 106471 104535 75595 14450 133860 45699 74680 73268 39023
98438 46967 109768 108098 112904 103764 42900 69497 122031 61431 72006 63557 112090 105299 89958 136610 60001 80542 116607 103257 113659 191017 120718 119481 63806 58095 123817 104964 111611 102420 118262 118049 106131 63700 93947 16232 82342 49202 118521 51347 39094 57858 21904 126524 100318 25774 101634 39668 149113 88954 92543 68650 69890 137283 107503 51588 96672 119465 191400 52989 61541 172026 87002 114510 116598 194926 63860 78335 67363 78987 29960 52956 171171 72244 85904 57537 40639 50636 55181 93990 153303 98628 36833 92838 101303 58849 81801 22157 182743 60945 108927 43646 63384 119051 155601 105216 98675 62608 101069 91263 139081 71052 58794 121528 86090 98656 67065 9025 56349 106041 88269 142620 96927 88179 54733 117670 61175 125182 155248 98351 75407 38633 110764 87796 44834 99779 94570 69941 74106 45433 146997 99234 94418 35246 141685 69108 124445 110127 51393 41806 178123 105664 163441 120225 111101 59313 65848 100670 113791 114709 11837 106036 160998 96836 124954 197323 99007 114094 109985 101780 60394 91106 85590 56787 62197 65239 92224 106693 75807 59327 104263 105944 110318 55193 106304 75623 87502 114776 98282 123068 116458 125594 58469 81145 39363 120773 104105 121726 101903 155014 94677 0 24703 21807 62406 107427 110592 54362 13993 101902 10207 98438 81801 104105 40639 44834 55181 56787 45433 106304 106041 65848 114510 142620 75623 123817 82342 160998 99779 21904 120225 94418
87153 25673 113909 97300 99548 84893 22400 45517 106333 36762 49082 39945 108096 93570 76338 118281 35351 57906 103930 78621 89692 178395 119719 97153 45011 33623 113825 94277 117930 78554 124760 123813 89814 40538 75510 30991 87397 45096 103652 28636 14564 36480 40306 109689 87439 43333 98379 20967 136660 64333 106294 47773 46008 117339 113162 27075 102627 109098 179828 37324 37445 156651 62301 93504 95954 181236 47103 53636 45220 93075 47170 28379 150970 47858 100092 32941 16452 26453 70353 96282 132842 93125 43528 68189 92586 34209 90978 26819 172842 40612 119706 21777 39473 99637 154202 87643 74654 48194 86893 83667 133481 49689 34851 106909 68223 79368 42499 19836 31646 93002 63784 128178 98466 76139 30628 99375 37287 115563 138109 82896 77390 28458 94748 85354 29868 94817 70570 46274 50167 21698 151754 107655 91011 18002 122007 49787 104027 100485 26691 18070 166003 117043 150631 110315 101805 34870 41433 82629 93513 97912 26162 88303 143657 95089 103567 190122 78849 92278 90106 102605 42211 66555 62112 34937 43071 44377 69581 89963 53421 34883 85956 107263 102759 32319 92342 53896 82926 95558 100956 100023 93769 121367 39077 56816 22571 113941 107894 110335 102047 146234 101269 24703 0 30606 39552 106407 92714 31101 13874 80828 14558 87153 90978 107894 16452 29868 70353 34937 21698 92342 93002 41433 93504 128178 53896 113825 87397 143657 94817 40306 110315 91011
79382 40867 88486 88625 94701 90147 52975 74004 105209 61407 65520 59197 90524 86332 72483 121736 62002 72988 97951 101141 108019 171686 98911 109988 52318 56932 103795 85492 90942 96768 97684 97232 90124 58339 80223 7252 61121 28921 101176 46576 40587 50169 14070 110502 82093 15266 80010 51162 129965 87102 75890 59189 65745 124088 86606 55014 75804 99646 171589 39817 58660 154391 86463 103114 104673 176126 50353 78065 59855 62570 18129 55949 157839 75287 69595 60124 45934 49147 39759 72328 140493 77434 15286 91155 81061 58698 62106 4787 162319 51525 90278 39023 59804 105612 133794 90301 93620 47236 83634 70773 117679 62070 55710 103964 72138 85649 69375 15191 57468 87783 85489 124654 75197 69795 59425 103115 57719 104999 139076 81893 53648 24136 94408 66139 32607 78455 89582 65222 78603 43554 125988 79313 72852 47546 128119 57717 112058 90123 53111 47974 158619 87364 144363 100207 90946 62623 63828 86325 101476 98888 9979 91243 144933 75080 113851 176092 86987 103889 97294 80009 48629 88632 79531 49910 51235 56060 84131 91007 68088 62635 90065 84216 89571 50182 88606 66854 66208 101224 76685 114866 107693 104013 48230 77890 30394 99734 82724 102340 80103 134336 74004 21807 30606 0 56568 85625 95813 60897 29581 90965 21936 79382 62106 82724 45934 32607 39759 49910 43554 88606 87783 63828 103114 124654 66854 103795 61121 144933 78455 14070 100207 72852
63216 15923 112204 72957 70728 48457 40901 33404 73402 16381 9609 4623 93893 68059 49840 81471 21792 18355 75858 45192 51795 147409 109232 57601 16642 12858 89307 70463 119306 40493 125839 123796 56966 2068 40352 61327 90473 47196 72128 11074 26001 7519 70335 74995 60665 71832 86551 44105 107092 31831 120411 11812 9849 78923 113938 24773 105002 84350 150214 23719 8292 122580 32718 54489 57193 148821 23028 25851 6473 108981 74403 23660 112137 30662 115446 22928 30751 14735 90741 93712 93923 78286 60788 35834 72362 15584 99774 51822 145723 10648 128011 18799 6761 62018 140723 52969 37129 29143 57921 66767 114572 12008 7861 75568 34905 42622 25471 54823 18855 65319 29545 96099 94400 52634 28255 63116 6645 91512 102277 52142 77578 34713 62022 76888 26227 80645 33061 8867 36236 18025 148226 113330 79997 45702 83773 17472 65357 77744 20756 32119 135972 126516 120075 86208 79504 25350 12313 47562 55118 63803 58602 53344 107501 86193 64253 166416 40958 52823 52201 96863 17641 32789 23349 6847 15039 9860 30043 56447 13944 25348 50278 101761 83250 7261 63167 15087 71349 58270 98371 60701 54268 105534 13712 21918 26194 94528 106259 83837 95280 121708 104799 62406 39552 56568 0 97235 57300 33277 53426 41919 52496 63216 99774 106259 30751 26227 90741 6847 18025 63167 65319 12313 54489 96099 15087 89307 90473 107501 80645 70335 86208 79997
45085 92778 23420 42964 55788 81667 125048 130177 70601 112806 98689 101849 13509 46935 55888 92578 117348 98480 53548 131681 124689 104061 13381 111125 80696 108153 43690 42250 34037 117366 37869 34392 68803 99042 77410 91861 32354 61337 64973 96717 105665 90906 91332 78697 51917 88302 11687 125576 69677 123165 64460 87951 105168 103241 29695 116017 30193 43649 100598 76462 105138 100345 126396 98690 97165 111686 74219 121771 93834 64564 85809 115778 128032 127869 65449 117417 113804 104130 71814 17996 117070 21617 70977 126256 33885 111139 45247 85823 87449 86619 54436 95241 103985 90336 48247 75046 117426 68221 57794 32679 37162 90149 103448 64839 74194 82706 122435 99979 113076 53005 119504 74812 14086 50072 120920 83076 103415 42657 97352 63514 32708 78258 68398 21249 80163 19043 115215 103429 133372 101357 51946 40817 17265 123812 104108 81567 99406 37981 111926 116243 91031 56267 81861 41842 36562 120315 109539 76492 93534 73686 95603 76095 102533 11433 106574 94459 87706 104353 89528 9144 79716 122339 106270 92833 82198 88099 101789 71026 96009 120319 78716 10114 28694 97212 57362 92277 25886 87348 17103 119617 112652 22417 84014 113724 86889 28685 20780 49231 7001 59851 32999 107427 106407 85625 97235 0 78187 125120 112644 94196 105456 45085 45247 20780 113804 80163 71814 92833 101357 57362 53005 109539 98690 74812 92277 43690 32354 102533 19043 91332 41842 17265
33473 67252 100591 36188 25023 9401 98187 84987 18045 71472 50620 59922 67675 31479 27745 26042 77152 43551 29743 65282 51669 91197 84892 33892 47719 69541 46143 36172 110678 48513 115526 112259 9468 57591 17271 102706 91801 70242 19711 65899 81652 57134 109168 17736 26500 108776 66886 101275 53335 63527 129503 46174 57877 29663 105575 81892 101083 42162 94944 57604 64257 65289 68616 21323 19193 91860 46738 69001 50838 122633 109422 80652 62458 80300 127114 79012 87668 71763 114080 85903 46087 57075 90615 64750 44306 71757 106113 92203 92893 52392 127692 71240 61845 12603 106511 5528 50752 48632 20744 48387 75729 45307 64946 22702 24612 15110 77635 101688 75474 25408 59715 40155 84139 33553 84802 7361 63075 48644 45436 16881 79893 72585 10627 66867 65759 59495 50722 56276 85703 73659 127738 112117 64435 102511 32926 42990 21621 42007 78011 89243 80649 128098 64708 44682 43885 80829 65020 10085 15826 7900 102487 4579 50945 71415 28390 116564 18751 27815 12744 83277 50721 61180 47108 59098 49643 49274 37666 7302 45365 80823 7025 87098 51443 63123 20982 42737 59279 9165 89083 42560 36488 73443 53638 58124 71693 59149 96192 38403 80615 73475 102573 110592 92714 95813 57300 78187 0 89815 105785 22818 102309 33473 106113 96192 87668 65759 114080 59098 73659 20982 25408 65020 21323 40155 42737 46143 91801 50945 59495 109168 44682 64435
95608 32344 136730 105572 103958 80663 13501 15590 106443 18496 39246 29995 123782 100848 82561 112760 13023 47146 109050 54424 69805 180502 137872 83082 48173 20477 122102 102933 142266 59903 149051 147585 90130 32541 73264 62031 111923 66997 105354 28946 21443 36589 71398 107548 93592 74357 115366 17817 140361 41283 135272 45083 32359 108404 137153 9228 127167 117149 183444 48758 25625 154997 37452 83448 86640 181638 53576 29700 39466 122400 78113 9860 140172 19540 129351 10841 14964 21374 100465 118345 122039 108120 71916 44377 103916 18069 117939 56613 178974 41773 146916 30055 27990 92960 170855 85809 55504 58172 91107 97086 146258 45064 25417 108797 68168 74809 16407 50859 14458 98417 42374 129167 119813 84698 5038 95105 26945 124237 133992 85412 100286 49781 95169 103985 45373 110275 51915 33778 20016 23802 174107 133686 108318 21876 113447 50397 94721 110059 13500 13048 169187 144643 153269 118903 111734 9610 25196 80370 85289 96663 57263 86091 138955 113729 91821 199366 72306 80079 83118 123154 47541 44206 47149 34379 46155 42799 56942 89513 44533 9620 82811 128028 114769 29624 96395 47092 99673 89623 123111 83410 78749 136168 43044 37681 39565 126165 130650 116900 122029 154662 126293 54362 31101 60897 33277 125120 89815 0 40832 71717 44872 95608 117939 130650 14964 45373 100465 34379 23802 96395 98417 25196 83448 129167 47092 122102 111923 138955 110275 71398 118903 108318
97885 39251 117546 107898 111152 98207 28965 56200 118781 49772 62955 53763 115774 104520 87907 131528 47631 71780 115299 91564 103309 189936 126025 111027 58100 47048 124178 104812 120408 92228 127173 126627 102405 54406 88679 26665 90336 51904 115813 42490 28141 50170 34496 122503 98800 38160 105642 25675 148056 77357 104330 61419 59740 130947 115975 39004 105209 119582 190982 49182 51122 169104 74950 107265 109663 193162 59540 66335 59056 90822 42332 40472 164649 59286 97819 45039 27908 40150 67215 100767 146553 101398 44620 81118 102285 47338 91660 27615 183331 54093 119633 35446 53216 113112 160846 100612 88266 59763 98735 92805 142022 63431 48600 118995 81196 92770 54416 14624 44429 104455 77052 140266 103357 87091 41654 112577 51046 125769 151066 95169 81834 37482 107260 92111 41217 102854 84200 60067 60756 35549 155229 108893 98286 21257 135568 63067 117707 110626 39451 28721 177339 116597 162191 120618 111808 46530 54870 95714 107155 110682 21319 101320 156679 101598 117383 199520 92443 106128 103665 107892 55076 79717 75917 48704 56241 58004 83456 102685 67286 46544 99126 112331 112022 46190 104135 67701 90677 108982 105279 113866 107639 129226 52285 70272 34414 122946 111681 121234 107674 156201 103490 13993 13874 29581 53426 112644 105785 40832 0 94586 7648 97885 91660 111681 27908 41217 67215 48704 35549 104135 104455 54870 107265 140266 67701 124178 90336 156679 102854 34496 120618 98286
49593 55408 115048 55404 46309 14376 81816 64622 40769 53263 33253 43185 85470 50128 38559 41297 58710 24677 51454 42556 30783 112395 102768 19997 38739 52482 67787 54486 124469 25895 129980 127019 28940 41512 17013 97160 101518 70146 42403 52314 67862 44436 104970 38810 43320 105400 82524 85388 75939 41099 137735 33308 39415 37085 119133 64833 113011 63423 116740 51162 47171 84608 46330 12680 15280 112113 40997 47711 35766 129019 106899 63412 70247 59620 134352 60932 72472 56561 116499 98533 52059 72579 89443 42068 61148 54151 114637 86702 115453 40960 139166 59145 44684 21489 127351 22060 27942 45741 37704 61983 97113 31155 48626 45489 22778 11525 57830 93497 58013 44591 37382 62172 97521 44697 66875 25335 46384 70296 62725 31172 88588 66829 32472 79126 58549 75159 27982 38138 64736 59803 145454 123485 78498 87378 42015 33316 23453 61344 61443 73620 102516 138934 86694 65875 63314 62266 46531 18448 13572 30715 95771 21491 67446 85662 23077 139362 6510 13211 11984 97731 42396 38600 25785 45892 40047 36735 15729 27040 28154 62258 17730 102064 70135 48842 40451 26996 71641 18793 102358 27116 19530 93147 43551 36841 62723 79269 110001 60312 95306 96233 113977 101902 80828 90965 41919 94196 22818 71717 94586 0 92576 49593 114637 110001 72472 58549 116499 45892 59803 40451 44591 46531 12680 62172 26996 67787 101518 67446 75159 104970 65875 78498
92411 37312 109975 102309 106204 95133 34224 59754 114532 51236 62105 53487 108946 99151 83035 128240 49906 70730 110169 93053 103551 184792 118832 109809 54981 47890 118406 99198 112770 92330 119533 119000 98360 53724 85420 19379 82733 45134 111303 41422 28889 48280 27771 118643 93725 31269 98717 31477 142867 78749 96962 59268 59775 128375 108352 41573 97580 113894 185571 44950 51382 164756 76826 105228 107433 188308 55652 68158 57641 83483 35382 42907 162216 62310 90493 47479 30740 40455 59987 93300 144246 94797 36983 82636 96253 48648 84026 20053 177535 51661 112056 33832 53257 110284 153690 97017 88550 55133 94018 86562 135427 61549 48656 114409 77709 89875 57028 7162 46183 99422 78067 135628 95943 81804 44910 109269 51050 119917 147321 90841 74394 31866 103115 85089 36803 96169 84448 59869 64387 35302 147630 101249 91383 27318 132871 60172 115364 104781 41239 32072 172064 109051 157096 114829 105890 49341 55649 92299 104735 106806 14032 97786 153010 94492 115570 193189 89954 104566 101048 100533 51713 80900 75577 47086 53261 55843 82431 98784 66049 49355 95818 104932 105766 45253 99356 66039 83939 106063 97787 113196 106680 122428 49421 70960 30633 116558 104127 115782 100374 150172 95850 10207 14558 21936 52496 105456 102309 44872 7648 92576 0 92411 84026 104127 30740 36803 59987 47086 35302 99356 99422 55649 105228 135628 66039 118406 82733 153010 96169 27771 114829 91383
0 65442 67150 10197 16567 36615 99853 96239 30725 79587 61294 67416 35897 6960 13657 52271 84982 58456 18739 89358 80340 92580 53178 66040 47435 75836 26872 7344 77205 73963 82103 78880 24006 64533 33342 86633 59761 50585 25279 67083 80557 59020 90765 38322 6976 89315 33585 101775 50695 82936 97738 51847 68702 60801 72106 86500 67906 22027 93160 50150 71495 75795 86990 53617 52188 96750 42338 84138 58026 92223 88819 85747 89952 92752 96014 85906 88235 74503 87503 52630 76138 23678 69748 85465 11555 78703 74526 77051 85691 53843 94513 69044 69662 45933 79780 29995 74648 39264 12785 15507 51671 53054 70755 27011 32148 38073 88265 89514 81638 10346 79070 45960 50721 11137 90750 39111 69860 28826 63834 18523 48979 60558 24579 34010 57285 26157 73027 66868 98466 73861 95883 79045 31003 101530 62683 45761 55022 14529 82205 90398 79711 95115 65060 23486 16319 88479 74628 31517 48513 30216 88089 31062 69697 37945 61795 104077 43194 59284 44452 49813 48329 81531 65374 61233 49458 53356 59105 26197 57316 88478 33632 53707 21313 65987 13752 53577 26627 42616 55665 74542 67639 44628 52743 74546 64610 31927 62720 23372 47168 59556 69557 98438 87153 79382 63216 45085 33473 95608 97885 49593 92411 0 74526 62720 88235 57285 87503 61233 73861 13752 10346 74628 53617 45960 53577 26872 59761 69697 26157 90765 23486 31003
74526 88724 33017 77963 90018 105876 112989 127883 104978 111765 105240 104054 57495 79652 78681 126783 114612 108814 89885 142720 141810 149134 54532 134206 86170 106721 85137 75821 31044 132089 37241 37795 97018 101839 98207 65754 14991 52778 99343 94294 96505 92285 60994 112775 81037 57182 49093 111942 112867 130879 23393 94899 109442 134957 28179 110070 18442 83501 145837 76061 105812 142992 132414 123106 122791 156487 80210 125516 99214 19421 53431 110464 164328 127396 21676 113629 103755 100247 31485 27438 150600 55085 47566 134682 67142 109384 0 64737 132626 90014 28977 89392 105692 118655 85215 101422 130633 73565 86077 59067 82192 97866 103258 100425 91889 104460 121328 77110 109825 84744 127936 115226 31258 72629 115055 112674 104272 84794 136336 89277 26305 68593 98728 41076 75034 53817 127353 108097 132038 95620 66778 17459 46361 108795 137120 89654 127459 75123 106833 106122 136005 26903 125918 82412 74505 116532 111118 100535 118979 104400 70830 102583 141964 41871 132939 137784 108466 127142 114443 36149 83465 131155 116968 93456 86694 93395 116349 98977 104783 116541 103828 37302 68132 96481 88250 101704 48005 114735 28475 141752 134162 67593 86424 120731 79074 72392 29296 88632 38328 105091 15472 81801 90978 62106 99774 45247 106113 117939 91660 114637 84026 74526 0 29296 103755 75034 31485 93456 95620 88250 84744 111118 123106 115226 101704 85137 14991 141964 53817 60994 82412 46361
62720 98905 6082 62381 75262 98529 128433 137864 90318 120709 109373 110851 34283 65758 71501 112439 124632 110646 73528 144656 139772 123280 26170 128049 90413 115795 64448 61203 14527 131506 20130 17622 86725 108218 92990 87921 21871 63881 84621 103656 109938 99270 85267 98422 69695 81755 29975 128262 90292 134766 44892 98509 115087 122588 9407 121912 11194 64228 119180 83535 113587 120996 137385 115891 114729 131307 83893 131790 103925 47312 78543 121940 148429 136274 46869 124259 117870 110645 59776 12547 136915 39293 67441 138175 52391 118711 29296 84076 105251 95683 33670 100671 112834 108634 56031 92498 131015 77338 75468 48277 54919 101079 111500 84781 88538 98748 130490 97829 120059 71683 131326 95566 12526 65314 126943 101657 111900 63437 118030 80483 30606 81374 86972 31112 85360 37039 128375 113468 141504 107008 43867 20425 31831 125840 123772 92382 117728 57884 118103 120327 110486 35514 102143 62510 56644 127213 118457 93192 110993 92459 92419 93604 123257 24779 124470 108787 103502 121101 106758 13116 88681 134352 118734 100940 91566 97991 115621 88908 107509 127219 95823 10704 48974 104878 75879 103942 38410 105326 7949 136327 129082 41081 92580 124897 91185 49389 0 69784 15914 78658 14325 104105 107894 82724 106259 20780 96192 130650 111681 110001 104127 62720 29296 0 117870 85360 59776 100940 107008 75879 71683 118457 115891 95566 103942 64448 21871 123257 37039 85267 62510 31831
88235 22797 123947 98401 98504 79036 11661 29072 103037 22454 39289 29378 113647 94062 75970 112190 19751 48123 103328 63855 76677 176621 126837 86732 41840 20798 115084 95564 128973 65892 135790 134500 86415 30970 70491 47174 98469 53989 101178 22039 8149 30858 56593 105245 87213 59477 104657 13793 135543 49762 120577 41497 34302 109548 123964 11097 113763 110189 178870 38825 25742 152799 47113 84905 87746 178567 46006 38543 37172 107617 63194 12580 142502 31605 114587 17135 0 16022 85536 105757 124267 98143 57233 53426 95409 20300 103755 41674 173229 35977 132710 19347 28152 92769 160544 83072 61724 49288 85573 87633 137452 42509 23902 104570 64188 73238 26531 36285 16940 92436 49776 125545 107488 77113 14189 93717 26238 117061 132881 80575 87310 36500 91476 92557 33701 100131 57760 35086 33719 14535 161591 119818 97431 14950 114438 45427 95922 102366 12129 2460 164757 130320 149019 111721 103904 18696 28319 77749 85800 93798 42511 83546 138165 102371 94294 192292 71709 82653 82950 111137 40156 52269 50609 28755 39733 38481 59320 86159 44318 18710 80675 115955 106079 24546 91011 45833 88924 89006 110512 88502 82880 126466 35979 43453 26960 117473 117870 110599 110216 147782 112727 40639 16452 45934 30751 113804 87668 14964 27908 72472 30740 88235 103755 117870 0 33701 85536 28755 14535 91011 92436 28319 84905 125545 45833 115084 98469 138165 100131 56593 111721 97431
57285 13800 91434 67434 69980 59050 45129 53167 77752 36734 34079 29943 80061 63722 46729 91777 39835 40811 74225 71353 76103 148813 93150 77396 19810 31690 83978 64416 97314 64979 104052 102442 61559 28240 49182 38617 67315 22403 74637 19260 25552 18929 46676 81866 57718 47491 70963 46135 106986 58043 94792 26671 36046 92780 92114 36553 82398 79237 150065 8172 31042 128020 58617 70873 72638 151947 19028 51068 28073 83034 49531 36597 126673 52390 89609 39150 33701 25536 64527 73003 108985 64656 34644 62056 62999 34384 75034 28204 142974 19167 103756 15326 31265 74426 126875 60394 62164 18552 57518 54516 104470 29624 28358 77797 41272 54108 46345 35957 35108 63334 55749 99060 74441 46282 41584 72841 29608 85741 110565 54075 55191 8819 66315 58930 0 66571 58244 35075 57166 21650 128737 89694 63730 45114 97068 25233 80260 70696 32775 36123 136309 101932 121054 80478 72057 42101 36434 55842 69608 70031 37379 61205 116278 68733 81550 160496 54922 71364 65609 77828 16159 59000 47867 19419 18636 23664 51676 62008 35945 42108 59451 82690 73380 21649 62922 34399 55236 70108 77768 82293 75092 93016 15704 48137 7387 84681 85360 80486 76775 116448 81763 44834 29868 32607 26227 80163 65759 45373 41217 58549 36803 57285 75034 85360 33701 0 64527 19419 21650 62922 63334 36434 70873 99060 34399 83978 67315 116278 66571 46676 80478 63730
87503 76527 64148 93927 104057 111232 92683 112946 117780 98953 98362 94281 81868 93909 86738 138018 100387 104180 105448 135874 139298 172442 83149 136476 81192 94133 105086 91165 62420 128511 68375 69189 106106 92737 102042 40609 39738 46532 112601 82470 79646 83442 33286 124773 92771 29407 71809 90694 133264 122509 37370 89601 100529 143741 59654 94060 49575 102277 170260 68833 94780 161820 122773 127120 127711 178816 76694 114820 92242 23817 25225 94850 175825 113707 30724 98774 85536 86655 0 54229 160143 74403 30055 126539 83713 96307 31485 43864 158233 82941 54873 75803 95391 125866 115712 108756 126094 71031 96547 73670 108695 92702 91905 114508 94439 108244 107658 52830 95677 97684 120276 132493 58077 81709 98680 121291 93536 105383 151333 97633 41923 56107 109120 59718 64527 74086 122310 99598 117466 81276 98001 48097 66608 86882 146839 85933 133856 92852 91708 87640 159114 51269 147206 101843 92838 101438 100171 106338 124056 114532 45963 109875 157200 64842 137719 166206 111140 129678 119508 63439 77745 123525 111786 83910 80936 87153 113920 107670 99506 101449 110026 65937 88233 85567 100183 97245 64249 121565 56932 142868 135289 93890 79233 112658 65737 95315 59776 106625 64908 129987 46774 55181 70353 39759 90741 71814 114080 100465 67215 116499 59987 87503 31485 59776 85536 64527 0 83910 81276 100183 97684 100171 127120 132493 97245 105086 39738 157200 74086 33286 101843 66608
61233 9826 106933 71224 70205 50708 39816 37350 74283 19984 15688 10645 90272 66562 48282 84068 24636 23819 75168 52038 58208 147947 105128 62725 13806 15360 87794 68563 113737 46924 120334 118400 57665 8828 41855 54854 84550 40742 72494 6801 22596 2221 63756 76583 59403 65160 82452 42515 107064 38625 113850 13063 16629 82491 108402 25275 99250 82848 150353 17630 12665 124095 39306 58570 61025 149815 19359 32067 10576 102308 67666 24520 116051 35355 108812 25062 28755 13453 83910 88403 97910 74597 53945 42641 69655 18350 93456 45186 145170 7469 121852 13312 12244 65019 137288 54389 43710 24671 57276 63281 112000 14757 10639 75900 35434 45005 29689 48897 20703 64390 36389 96811 89277 50323 29561 65363 11006 89904 104458 51999 71803 27867 62728 72152 19419 76869 39673 15713 40692 14562 143353 107323 75687 43462 87216 16717 69115 75680 20986 30531 136192 120263 120399 84565 77358 27835 17758 49109 58642 65074 52335 54897 109841 81637 68695 165094 44069 57534 55361 91977 13396 39630 29694 0 11776 9828 35459 57407 19030 27836 52148 96885 80532 4755 62662 19019 67000 61058 93104 66369 59675 102306 8918 28757 19518 91906 100940 82785 90517 120412 98936 56787 34937 49910 6847 92833 59098 34379 48704 45892 47086 61233 93456 100940 28755 19419 83910 0 14562 62662 64390 17758 58570 96811 19019 87794 84550 109841 76869 63756 84565 75687
73861 8716 113083 84004 83969 65249 26029 32338 88685 17869 27447 18270 100355 79603 61470 98580 19257 36320 88796 58477 68250 162143 114168 75552 27313 13435 100678 81199 118870 57041 125626 124060 72049 18876 56411 46958 88712 43679 86718 7763 8098 16552 56388 91124 72706 58523 91730 28311 121016 44208 114218 27580 24476 96678 113698 14904 103877 95769 164345 25196 16140 138608 43075 72425 75046 164189 31554 34573 24040 101823 61671 15009 130051 32497 108632 18029 14535 5611 81276 94651 111854 84740 51515 48210 81342 15168 95620 38810 158711 21550 124531 6355 17956 79421 147392 68926 53248 35209 71039 73936 123544 28987 13361 90101 49859 59522 26415 38614 14477 77910 43125 111127 96056 62761 19939 79912 15748 102683 119018 66077 76781 27030 77101 80199 21650 86828 49146 24629 36642 0 150364 110838 84628 28965 101466 31045 83188 88079 11255 16574 150242 122489 134519 97340 89652 20915 20777 63662 72828 79578 43379 69447 124393 89955 82269 177937 58402 70848 69698 99357 25653 46094 40437 14562 25207 24390 47955 71860 31968 20923 66711 104235 92093 10963 76478 32818 76009 75514 99415 78326 72101 112947 21445 35820 16546 103503 107008 96102 98226 133375 103140 45433 21698 43554 18025 101357 73659 23802 35549 59803 35302 73861 95620 107008 14535 21650 81276 14562 0 76478 77910 20777 72425 111127 32818 100678 88712 124393 86828 56388 97340 84628
13752 68636 80043 15314 7564 26317 102371 94789 17606 79121 59214 66869 46694 10501 16350 38610 84749 54520 12751 82280 70987 86078 63929 54665 49177 76024 27967 15201 90282 66048 94917 91584 11957 64112 26484 95815 73508 60499 12731 69108 83851 60462 100824 24795 7436 99731 46227 104786 44569 77821 111482 51361 66828 47105 85285 87612 81487 23300 87901 55075 71179 65842 82388 42075 40156 89027 45493 80857 57237 105810 99624 86647 76395 90747 109702 86074 91011 76107 100183 66175 62387 36591 80452 79827 23577 78695 88250 85768 82587 55225 108069 72502 69054 32974 86901 18808 67435 44372 5467 29259 56801 51779 71003 15359 28710 29435 86941 97284 82017 4427 73905 36318 64104 19149 91394 25798 69681 30431 51535 11276 62570 67731 11097 47742 62922 38914 66475 65030 96417 76478 106789 92665 44423 105126 48930 46087 42050 21222 83399 92975 73870 108755 58325 25660 23152 88387 73426 22087 36685 16612 96672 19674 57444 51196 49281 103629 34555 48269 33078 62844 51021 75986 60321 62662 51284 53618 52524 14146 54535 88384 23007 66479 30523 67290 0 51057 40380 30087 69036 63310 56873 52963 55048 70519 69916 38890 75879 21233 60127 59072 83206 106304 92342 88606 63167 57362 20982 96395 104135 40451 99356 13752 88250 75879 91011 62922 100183 62662 76478 0 4427 73426 42075 36318 51057 27967 73508 57444 38914 100824 25660 44423
10346 69861 75772 10936 6918 30573 103899 97415 20380 81448 61894 69175 42267 6090 16675 42048 87028 57641 10950 86155 75216 85487 59503 59079 50725 78162 24614 10793 86053 70047 90621 87268 16347 66371 30057 95021 69919 59321 14957 70690 85098 62175 99668 28035 5724 98416 41941 106168 43663 81290 107894 53566 69487 51072 81090 89521 77502 19783 86861 55678 73439 66677 85754 46490 44583 88920 46579 83912 59562 102546 98131 88615 79645 93508 106276 88246 92436 77839 97684 62174 66096 32393 78980 83413 19309 80896 84744 85142 80819 56924 104051 73661 71385 37340 82796 23143 71310 44826 7701 25677 52937 54202 73106 16897 31450 33425 89518 97043 84119 0 77377 36879 60010 17990 93446 30089 71897 27014 53677 14447 59308 67631 15395 43995 63334 34670 70219 67672 99200 77910 102364 88708 40381 106327 52690 48020 46403 16869 85273 94466 73002 104814 57737 22022 18816 90637 75933 26160 41109 20783 96118 24038 59561 47062 53688 101134 38580 52656 37476 58621 52298 79544 63728 64390 52824 55629 56232 18549 57370 90634 27292 62191 26109 69076 4427 53804 36760 34505 64931 67719 61248 48661 56472 73723 70469 34680 71683 18524 55888 56452 79285 106041 93002 87783 65319 53005 25408 98417 104455 44591 99422 10346 84744 71683 92436 63334 97684 64390 77910 4427 0 75933 46490 36879 53804 24614 69919 59561 34670 99668 22022 40381
74628 23646 124419 84148 80932 55759 35878 21612 82063 6746 14496 7692 106036 79105 61078 87578 12232 21958 86177 37699 48525 156058 121492 58874 28884 7823 100258 81782 131394 37610 137961 135967 66072 10514 48925 67621 102305 58350 81405 17702 26869 19231 76992 82712 71588 78968 98819 39769 116560 23440 131221 22792 7191 83322 126043 18803 116973 95313 159337 35383 5413 130018 22709 58379 61516 156873 35322 14682 16604 119429 81945 17270 115467 18430 126034 14404 28319 15291 100171 105911 97271 90464 70121 27458 84155 8126 111118 59045 155623 22958 139582 24829 5624 67770 152765 61286 33507 41450 68364 78899 126198 21745 8269 84849 44739 49933 13644 59344 11893 75933 22429 104764 106654 64305 20350 70068 6851 102530 108843 62206 89528 44225 71039 89196 36434 92845 29496 8744 24072 20777 160529 125081 92296 42451 88344 29034 69627 89140 16238 28778 145042 137956 129081 97273 90947 15867 0 55854 60102 72104 64147 61480 113774 98506 67076 177022 47201 55332 57935 109160 29938 25338 22605 17758 27342 21723 32000 65259 19673 15860 58065 114060 95019 14790 73426 22655 83653 64470 110585 60238 54829 117514 25884 15403 34466 106219 118457 94431 107588 132376 116684 65848 41433 63828 12313 109539 65020 25196 54870 46531 55649 74628 111118 118457 28319 36434 100171 17758 20777 73426 75933 0 58379 104764 22655 100258 102305 113774 92845 76992 97273 92296
53617 68085 120581 57374 46317 17448 93989 75265 36892 65124 45619 55547 88684 52493 44917 31297 70427 36855 50899 47768 31588 104244 105965 12593 51103 64683 67214 57141 130418 31228 135558 132405 30165 54000 25244 109434 109410 81159 40115 64970 80468 57115 117061 32598 46781 117349 87196 97651 70531 49667 146411 45968 51386 24957 125196 76934 119916 63384 109289 63306 59417 75203 55081 0 3642 103091 52862 57839 48400 138384 118692 75475 57650 70090 143413 72759 84905 69066 127120 105009 39435 77264 100868 49777 64885 66192 123106 98934 109502 53585 146386 71825 56941 13078 127711 23652 34581 57085 40903 67633 96803 43835 61014 42628 32683 18955 68918 106056 70058 46490 46293 55824 103592 51159 78703 19824 58723 69698 52628 35414 96833 78999 31938 85658 70873 79766 35955 50233 74896 72425 148835 130708 84071 99770 30009 45688 11289 63241 73684 85979 95284 146463 79820 65912 65140 73901 58379 22840 5554 28168 108191 22627 56875 91182 10776 134442 16242 6840 9166 103198 54720 46813 36582 58570 52503 49396 26550 27949 40632 73892 20073 107245 72598 61470 42075 39645 78048 13080 108511 21253 15374 94762 56091 47250 75266 80472 115891 59389 100622 92790 121146 114510 93504 103114 54489 98690 21323 83448 107265 12680 105228 53617 123106 115891 84905 70873 127120 58570 72425 42075 46490 58379 0 55824 39645 67214 109410 56875 79766 117061 65912 84071
45960 103768 97902 38565 29963 49555 136568 125074 22726 111056 90276 99174 61376 39108 52668 28819 116758 83611 27293 103407 87148 51335 74978 66071 83975 108721 31123 41364 108521 86653 111356 107638 39181 96657 55918 131889 100284 96176 24534 103506 118818 94688 136505 23472 42562 135178 66893 139322 15309 103266 137273 84473 97696 41918 104463 120871 104048 31818 54789 91100 103546 29850 108466 55824 52324 53118 81088 109145 89756 134152 134762 119733 55227 120435 136842 118465 125545 110033 132493 89331 49197 60161 115661 104167 48964 111117 115226 121957 53683 89584 129237 107718 101208 42752 83416 43480 89522 80546 41612 58822 53375 84151 103916 21278 61411 55168 117633 133601 114724 36879 99525 0 86179 54860 124131 36961 102237 32301 22983 45312 91905 104047 34113 74605 99060 61434 90055 96034 125854 111127 113986 115141 68869 140056 39644 80117 47968 40247 116822 127340 40495 130929 24570 33208 40735 120445 104764 48910 50966 32699 132903 43324 27801 73802 56138 78871 58859 62494 50472 82956 86268 100761 87213 96811 86057 87226 77588 39662 85104 120440 46884 84927 47349 101208 36318 82195 68703 43850 90625 73789 70296 59185 89981 98258 105925 46781 95566 26595 80170 40163 106471 142620 128178 124654 96099 74812 40155 129167 140266 62172 135628 45960 115226 95566 125545 99060 132493 96811 111127 36318 36879 104764 55824 0 82195 31123 100284 27801 61434 136505 33208 68869
53577 28728 109654 62619 58504 33673 55781 43752 59476 28861 8200 17201 87016 57416 39924 66451 34562 7128 63795 41183 42091 133519 103327 43885 16101 26820 78333 60478 117727 31285 123964 121555 43418 15013 26298 72452 90672 51249 58751 25325 40891 17770 80908 60474 49811 81867 80978 59104 93907 30949 123630 7764 15804 63890 112293 39213 104286 73423 136704 28517 21521 107986 34166 39645 42228 134547 21525 30567 8781 113204 83922 37941 97240 39710 119266 36316 45833 29821 97245 91550 79055 71870 68163 34245 63903 29026 101704 62304 133012 15332 128838 32330 19109 46940 132948 38752 29169 28139 46148 60185 105214 4784 22362 62194 22372 27813 35960 67510 32737 53804 27406 82195 91613 44051 42072 48259 20379 80669 87371 39789 77434 43179 48389 73276 34399 74385 25693 14037 45397 32818 144097 113581 75117 60783 68715 12052 50371 67908 35439 47158 122412 127824 106457 75492 69787 38250 22655 33312 40059 49600 70444 39008 92534 81853 49683 154680 25888 38532 37116 93299 19502 30409 15265 19019 16343 10798 17284 42625 3784 38244 35726 98094 74579 21856 51057 0 66799 43232 95995 48086 41095 97609 18697 21489 37124 85487 103942 72203 91373 110119 104535 75623 53896 66854 15087 92277 42737 47092 67701 26996 66039 53577 101704 103942 45833 34399 97245 19019 32818 51057 53804 22655 39645 82195 0 78333 90672 92534 74385 80908 75492 75117
26872 92297 66824 16685 21478 53422 126689 121812 31901 105582 86373 93322 30264 21261 39543 51898 111092 82254 16420 110041 97735 68404 44681 79583 73993 102077 0 19596 77455 93620 80481 76793 38856 90478 54448 110987 70365 74923 27387 93797 107426 85574 114022 39254 28678 112088 36209 128643 28203 105779 106656 77675 93942 64064 73347 113063 73094 4958 67807 76985 97520 57858 110309 67214 64591 73977 69128 108521 83765 104345 110983 112251 85104 118003 106587 112173 115084 101153 105086 58621 75885 30819 92495 107792 22800 104881 85137 101976 59154 80351 98117 95914 95552 55739 60558 45733 95216 66119 32315 33282 29596 78515 96997 25601 56022 57174 113882 115033 107966 24614 101863 31123 55325 38009 117190 48093 95934 2511 53777 39006 63413 86708 35627 45615 83978 31566 94382 92119 123705 100678 85710 84121 39188 128396 63798 71861 64028 13694 108779 117231 55147 99844 42167 3593 12900 114656 100258 49761 61660 39073 112992 46364 58868 43320 72189 77312 62205 73875 58886 51907 75084 103953 88256 87794 76051 79501 80461 40760 81932 114654 50063 53804 17110 92536 27967 78333 40963 54238 59657 88202 82538 29891 79454 98330 91336 16127 64448 7887 49138 32699 75595 123817 113825 103795 89307 43690 46143 122102 124178 67787 118406 26872 85137 64448 115084 83978 105086 87794 100678 27967 24614 100258 67214 31123 78333 0 70365 58868 31566 114022 3593 39188
59761 81103 27428 62980 75090 92053 108573 120460 90092 103723 94983 94934 43597 64744 64656 111967 107129 97695 74899 131855 129586 135268 43417 120807 75750 98705 70365 60863 30569 120283 37401 36442 82596 92510 84818 66132 0 45033 84439 86310 90762 83134 63410 97929 66369 59923 34568 108081 98248 120706 37978 84328 99856 120381 25777 103522 15299 68602 132341 66922 97160 128217 122696 109410 108911 142361 69478 116320 89138 33981 56781 103719 149434 119421 36666 106455 98469 92851 39738 14515 135893 40126 45845 124374 52160 101514 14991 62732 119599 80247 38210 82365 96744 104385 76571 87258 119146 62758 71539 44265 69491 87170 94806 85474 78930 90999 113457 76285 102418 69919 117548 100284 18399 58504 108565 98219 95538 70113 121345 75051 13258 62158 84109 26108 67315 38924 116071 98382 124379 88712 64898 22949 31417 105398 122427 78677 113275 60146 99952 100906 122053 37527 111494 67570 59552 109404 102305 86676 105096 89782 70713 88416 126975 27306 119018 126524 95220 113739 100599 23734 73417 120710 105887 84550 76543 83209 104397 84601 93965 109411 89855 26281 53305 88041 73508 90672 33160 100555 17376 128568 121034 54701 76827 110607 72394 58140 21871 73691 25368 91680 14450 82342 87397 61121 90473 32354 91801 111923 90336 101518 82733 59761 14991 21871 98469 67315 39738 84550 88712 73508 69919 102305 109410 100284 90672 70365 0 126975 38924 63410 67570 31417
69697 118180 125683 64179 53152 59154 148315 131919 40013 120459 99894 109631 89132 63403 72762 26196 126001 91816 52276 102791 84089 51832 102698 62747 98656 119189 58868 66600 136308 87207 139153 135432 54941 107548 68182 152029 126975 117565 44769 116632 132435 107935 157679 34507 64707 156807 94258 151605 37911 106444 164373 96818 106598 33621 132209 131621 131514 59179 58979 108107 113845 20660 111871 56875 53334 48164 97359 114649 101039 160600 156886 130279 29339 126815 163635 128123 138165 122164 157200 116623 30547 86951 137728 106279 74954 121125 141964 141691 65017 103287 156922 122164 111371 46020 108414 56068 90981 98471 61825 84069 79750 95657 114890 42695 75486 64930 125265 152023 124949 59561 103143 27801 113590 76539 134040 44481 112839 60099 5910 63044 117773 122572 50527 100992 116278 88435 92719 105192 131722 124393 140900 142666 95688 153084 28841 93923 45948 66883 127953 139616 47136 158534 36220 60768 67640 129600 113774 61030 53976 46293 152311 55369 0 101010 51905 91891 66752 62119 55839 110548 101604 103522 93051 109841 100587 100017 82918 54306 94614 129592 57763 112646 74692 113695 57444 92534 94584 49374 118125 68260 67652 86765 104582 103946 122464 74581 123257 53733 107747 62350 133860 160998 143657 144933 107501 102533 50945 138955 156679 67446 153010 69697 141964 123257 138165 116278 157200 109841 124393 57444 59561 113774 56875 27801 92534 58868 126975 0 88435 157679 60768 95688
26157 78120 41137 25506 38331 62666 111663 113959 53462 96650 81193 85204 13528 28720 36945 75620 101504 80321 37047 113096 105688 98385 28942 92159 64003 92216 31566 24172 51383 98522 56042 52765 50056 82338 58405 85323 38924 51035 47745 81422 92008 74821 86745 61547 33064 84303 7431 112685 59676 105083 75940 70654 87987 85558 46442 101063 43588 29685 96519 61633 88764 89348 108548 79766 78335 104765 57712 104392 76701 72886 82607 100655 112191 111271 75410 101842 100131 88969 74086 28376 100045 2597 65270 108040 15362 95203 53817 77635 85392 70192 69854 81006 87399 71807 60582 56152 98711 52271 38925 14203 39317 72630 87334 48145 55449 63665 106083 91562 97472 34670 101355 61434 25723 31273 105814 64712 87046 31536 82916 44504 32177 66372 50010 14377 66571 0 96626 86204 116877 86828 70636 54847 7626 111436 86822 64236 80901 21630 96852 102513 85051 70935 73319 28666 20797 104669 92845 57468 74669 55454 88244 57218 88435 12764 87873 97640 68672 85355 70600 23955 63509 104105 87949 76869 65682 71163 83056 52267 78154 104671 59749 27605 14456 81440 38914 74385 12279 68658 30555 100624 93627 26552 67952 95874 73731 21836 37039 34852 21218 57010 45699 99779 94817 78455 80645 19043 59495 110275 102854 75159 96169 26157 53817 37039 100131 66571 74086 76869 86828 38914 34670 92845 79766 61434 74385 31566 38924 88435 0 86745 28666 7626
90765 54506 90645 99553 106568 103801 61775 85432 117772 74071 79413 72764 97899 97719 84963 134969 74104 86994 109483 114538 121938 182325 104278 124048 66365 69823 114022 96450 91472 110668 97974 98063 103110 72053 93897 9520 63410 40353 113503 60076 52392 64102 0 123382 94048 3909 87261 59215 140917 100390 70655 73253 79326 137732 87704 66551 76925 110132 181742 53808 71951 166337 99463 117061 118559 187212 64233 90947 73819 57100 8061 67646 171394 87217 64005 72019 56593 61997 33286 76241 154180 86060 21592 104428 91229 71360 60994 18630 171741 65577 87394 52365 73240 119251 138840 103642 107447 60793 96035 80745 125396 76125 69009 116157 85807 99429 81473 20888 69765 99668 98947 136505 79536 81777 70600 116502 71112 115025 151795 94757 58635 38158 107233 73434 46676 86745 103391 78890 90079 56388 127156 78444 80448 55089 141676 71756 125867 100484 65158 58353 169131 84027 155318 110468 101123 74322 76992 99835 115317 111895 14169 104614 157679 81581 127812 184015 100900 117924 111090 84679 62673 102048 93430 63756 65300 70111 98181 104104 82093 74334 103593 88434 98921 63768 100824 80908 74762 114854 80187 128933 121763 111209 62297 91395 44257 108460 85267 113238 85222 143492 74680 21904 40306 14070 70335 91332 109168 71398 34496 104970 27771 90765 60994 85267 56593 46676 33286 63756 56388 100824 99668 76992 117061 136505 80908 114022 63410 157679 86745 0 110468 80448
23486 88928 65151 13351 19712 51558 123338 118852 31512 102516 83485 90270 28601 18171 36384 52274 108000 79585 15052 107927 96077 71920 43851 78378 70759 98947 3593 16167 75791 91620 79070 75418 36954 87415 52044 107402 67570 71332 26606 90512 104033 82346 110468 39174 25707 108551 33719 125254 31426 103312 104166 74625 91031 64107 71537 109840 70840 2531 71389 73534 94443 60686 107769 65912 63423 77383 65804 105790 80741 101544 107472 109047 86388 115110 103935 109040 111721 97896 101843 56167 76503 27753 88950 105413 19238 101769 82412 98383 62719 77136 96164 92522 92505 54809 61830 43884 93085 62684 29691 29739 31239 75542 93864 25235 53250 55056 110908 111442 104815 22022 99398 33208 52976 34614 114008 47144 92844 5345 55522 36469 60273 83143 34076 42527 80478 28666 92129 89205 120818 97340 85529 81944 36256 124967 64127 68745 63304 10101 105551 113882 58680 97772 45521 0 9354 111548 97273 47669 60365 37917 109400 44580 60768 40718 71355 80604 60142 72492 57392 49786 71778 101552 85750 84565 72807 76382 78167 38944 79122 111547 48201 51940 14282 89313 25660 75492 37645 53049 57420 87027 81165 29813 76168 95693 87842 15540 62510 7716 46989 36081 73268 120225 110315 100207 86208 41842 44682 118903 120618 65875 114829 23486 82412 62510 111721 80478 101843 84565 97340 25660 22022 97273 65912 33208 75492 3593 67570 60768 28666 110468 0 36256
31003 75986 36595 32112 44706 66732 108818 113012 59868 95641 81446 84607 17675 34676 39940 81996 100252 81409 43907 114844 108637 105834 29557 96268 63441 91028 39188 30373 46355 100883 51562 48532 54970 81794 61530 79556 31417 46405 54150 79736 89282 73735 80448 67892 37972 77854 7376 109572 67301 106039 68730 70694 87903 91453 41175 99168 37139 37204 103795 59572 87932 96943 109200 84071 82900 112314 56974 104512 76569 65340 75972 98876 118938 110643 67999 100387 97431 87200 66608 21806 106306 8738 59151 109184 21449 94017 46361 72369 92354 69392 63670 78605 86751 76931 63278 60671 100748 51039 43693 16534 44983 72913 86284 54811 57674 67139 105243 86438 96034 40381 102408 68869 19718 33857 104029 70084 86209 39157 90112 48658 24686 62599 55463 7129 63730 7626 98403 86165 116162 84628 68985 48370 0 108054 92975 64316 86016 28805 95034 99850 92506 64486 80920 36256 28144 103270 92296 61412 79162 61034 82746 61779 95688 7165 92662 103585 71988 89346 74933 19237 62512 105278 89272 75687 64958 70835 85161 57140 78834 103273 64000 23627 22079 80112 44423 75117 8689 73548 24662 104592 97408 31177 66838 96535 70666 28879 31831 42275 16833 63963 39023 94418 91011 72852 79997 17265 64435 108318 98286 78498 91383 31003 46361 31831 97431 63730 66608 75687 84628 44423 40381 92296 84071 68869 75117 39188 31417 95688 7626 80448 36256 0
