StringID  Type  x          y          demand  ReadyTime  DueDate  ServiceTime
D0        d     11035.44    17409.06    0.0     0.0        32400.0  0.0
C1        c     -56647.19   -24818.18   104.0   3829.0     22163.0  208.0
C2        c     1928.61     31513.01    522.0   1006.0     20159.0  1044.0
C3        c     -84382.50   31500.61    678.0   3940.0     24877.0  1356.0
C4        c     68031.19    -55578.06   675.0   3525.0     24603.0  1350.0
C5        c     -79256.36   -27199.70   334.0   3620.0     22607.0  668.0
C6        c     37781.51    52926.87    795.0   1570.0     21257.0  1590.0
C7        c     59068.71    -46447.29   467.0   4636.0     23886.0  934.0
C8        c     25949.12    12999.38    705.0   1057.0     22192.0  1410.0
C9        c     46050.53    26460.10    615.0   1149.0     21374.0  1230.0
C10       c     -41768.49   -46929.75   127.0   2017.0     21173.0  254.0
C11       c     53166.19    -20121.57   763.0   1681.0     21290.0  1526.0
C12       c     -76594.50   55552.40    249.0   2305.0     21292.0  498.0
C13       c     -52071.97   8407.40     320.0   1934.0     21956.0  640.0
C14       c     45632.60    -33704.10   592.0   2079.0     22370.0  1184.0
C15       c     9730.41     23584.79    382.0   3515.0     22359.0  764.0
C16       c     -13962.80   4244.81     221.0   2001.0     22245.0  442.0
C17       c     42459.64    3164.70     101.0   5138.0     24778.0  202.0
C18       c     -17085.16   -52196.30   797.0   2286.0     22927.0  1594.0
C19       c     -34889.72   -58954.83   565.0   2843.0     22721.0  1130.0
C20       c     44634.79    15871.36    820.0   1220.0     21025.0  1640.0
C21       c     62162.37    5444.16     504.0   3713.0     24719.0  1008.0
C22       c     61374.26    -51007.19   427.0   1885.0     22443.0  854.0
C23       c     7948.32     43622.83    627.0   3765.0     24009.0  1254.0
C24       c     62180.16    -36341.80   681.0   2779.0     23362.0  1362.0
C25       c     17789.80    25437.15    420.0   3921.0     24097.0  840.0
C26       c     1285.96     45720.60    370.0   2535.0     21964.0  740.0
C27       c     -38485.88   -35146.60   634.0   3598.0     24846.0  1268.0
C28       c     26259.81    23218.08    602.0   4977.0     25047.0  1204.0
C29       c     43992.72    -74601.48   441.0   3282.0     23225.0  882.0
C30       c     67903.90    -35357.45   239.0   935.0      20694.0  478.0
C31       c     70442.85    -7069.66    156.0   3441.0     22499.0  312.0
C32       c     -54715.67   -32766.42   505.0   1679.0     21920.0  1010.0
C33       c     -24579.58   -1463.70    669.0   1558.0     22445.0  1338.0
C34       c     -11944.99   -9315.43    611.0   1619.0     22121.0  1222.0
C35       c     -10152.07   -6901.96    792.0   2739.0     22477.0  1584.0
C36       c     -64512.00   -5973.79    408.0   1092.0     20749.0  816.0
C37       c     43531.94    4757.17     270.0   5198.0     25177.0  540.0
C38       c     -13938.15   8937.93     630.0   1943.0     22171.0  1260.0
C39       c     68839.56    -22234.64   748.0   4134.0     24433.0  1496.0
C40       c     63009.89    -40638.79   409.0   3426.0     24182.0  818.0
C41       c     43550.66    -26713.20   370.0   3282.0     24001.0  740.0
C42       c     -9166.60    -10141.17   678.0   2737.0     23103.0  1356.0
C43       c     -6969.17    50351.28    332.0   1448.0     21280.0  664.0
C44       c     -32384.32   -17909.89   281.0   749.0      19850.0  562.0
C45       c     -10770.97   -5346.38    823.0   4871.0     24748.0  1646.0
C46       c     -45596.88   -3536.75    667.0   5082.0     25091.0  1334.0
C47       c     64694.34    7395.83     470.0   2782.0     23395.0  940.0
C48       c     48976.26    -6134.63    541.0   3214.0     23312.0  1082.0
C49       c     -40641.32   -1381.04    540.0   5312.0     24495.0  1080.0
C50       c     -24244.86   -17484.73   623.0   4471.0     25046.0  1246.0
C51       c     53782.40    -503.71     781.0   4063.0     24836.0  1562.0
C52       c     39231.39    38798.09    802.0   5153.0     26506.0  1604.0
C53       c     -8330.96    -6160.57    593.0   1475.0     21658.0  1186.0
C54       c     -30818.43   11921.28    793.0   3746.0     23631.0  1586.0
C55       c     -66750.30   -38201.03   103.0   3202.0     21930.0  206.0
C56       c     -19426.70   -27120.78   724.0   5211.0     25663.0  1448.0
C57       c     45373.32    -59611.82   429.0   4862.0     24858.0  858.0
C58       c     40342.22    9678.10     174.0   3103.0     22003.0  348.0
C59       c     -71394.73   -20542.47   771.0   2265.0     22623.0  1542.0
C60       c     -46539.96   -6048.02    484.0   2278.0     21533.0  968.0
C61       c     -39945.85   31068.52    183.0   4181.0     23849.0  366.0
C62       c     46207.83    981.81      346.0   3264.0     22212.0  692.0
C63       c     31035.40    77416.56    535.0   1309.0     21110.0  1070.0
C64       c     -42101.17   -7017.81    395.0   1322.0     20742.0  790.0
C65       c     -67604.45   -11406.90   744.0   2275.0     23347.0  1488.0
C66       c     -48503.56   3597.97     506.0   2211.0     22618.0  1012.0
C67       c     103523.61   48195.73    413.0   1622.0     22057.0  826.0
C68       c     55830.07    -34068.93   211.0   5107.0     25194.0  422.0
C69       c     8866.77     9206.52     546.0   2360.0     21982.0  1092.0
C70       c     -42243.41   16720.10    182.0   1716.0     21089.0  364.0
C71       c     -14887.53   -6602.98    582.0   1201.0     22107.0  1164.0
C72       c     -11000.33   -33444.61   246.0   3497.0     21995.0  492.0
C73       c     66642.73    7026.96     792.0   3895.0     24994.0  1584.0
C74       c     -29859.53   20812.04    376.0   5290.0     25832.0  752.0
C75       c     -26052.81   138.34      638.0   3736.0     23677.0  1276.0
C76       c     -17357.34   10641.50    112.0   752.0      20405.0  224.0
C77       c     74230.36    -57356.55   517.0   4277.0     23362.0  1034.0
C78       c     59154.96    67708.10    149.0   4141.0     23349.0  298.0
C79       c     -13085.76   1219.76     794.0   2957.0     23567.0  1588.0
C80       c     -27142.59   -12498.82   394.0   1341.0     20267.0  788.0
C81       c     50129.49    -50247.89   625.0   5213.0     24754.0  1250.0
C82       c     51551.43    -28962.04   708.0   4340.0     25745.0  1416.0
C83       c     -32738.97   -1151.64    614.0   3274.0     24186.0  1228.0
C84       c     -39046.49   27188.69    222.0   2892.0     22062.0  444.0
C85       c     -76692.43   -21155.22   532.0   1540.0     21666.0  1064.0
C86       c     -12285.49   -24838.61   509.0   4572.0     25156.0  1018.0
C87       c     -71779.83   27497.04    470.0   4952.0     25136.0  940.0
C88       c     -22304.35   22281.74    744.0   2141.0     23214.0  1488.0
C89       c     37796.63    -5559.98    674.0   1395.0     21885.0  1348.0
C90       c     32105.57    23969.39    317.0   2331.0     22400.0  634.0
C91       c     27728.53    40134.03    477.0   3877.0     23232.0  954.0
C92       c     -43640.10   25349.61    509.0   2765.0     23124.0  1018.0
C93       c     60367.87    -64164.69   350.0   1659.0     21926.0  700.0
C94       c     -82723.21   34008.76    436.0   1973.0     22305.0  872.0
C95       c     16721.99    21776.76    332.0   1677.0     20341.0  664.0
C96       c     41021.35    -16010.23   374.0   2447.0     22320.0  748.0
C97       c     -17910.55   -70332.77   660.0   1797.0     21346.0  1320.0
C98       c     47756.89    -8129.18    774.0   751.0      20869.0  1548.0
C99       c     59489.65    7427.78     211.0   1768.0     20707.0  422.0
C100      c     8595.46     54938.38    455.0   1807.0     20965.0  910.0
C101      c     4962.81     -38161.90   551.0   4736.0     24963.0  1102.0
C102      c     -82913.57   6852.68     672.0   3605.0     23839.0  1344.0
C103      c     -79836.19   -20431.58   235.0   4767.0     25139.0  470.0
C104      c     12188.53    44462.43    354.0   1213.0     21596.0  708.0
C105      c     -61407.44   23950.43    154.0   5185.0     24198.0  308.0
C106      c     -24849.78   -12574.90   287.0   619.0      20145.0  574.0
C107      c     -37532.24   -23136.65   764.0   2772.0     23201.0  1528.0
C108      c     -22766.02   -8226.32    543.0   2968.0     22659.0  1086.0
C109      c     42463.72    25231.80    825.0   2702.0     23677.0  1650.0
C110      c     81271.72    -17407.40   422.0   1577.0     20505.0  844.0
C111      c     -16674.68   14712.94    780.0   3088.0     23668.0  1560.0
C112      c     -71895.57   28253.21    658.0   2952.0     23046.0  1316.0
C113      c     41359.25    31148.51    548.0   4909.0     25350.0  1096.0
C114      c     -36537.21   29364.56    350.0   2034.0     21493.0  700.0
C115      c     42980.92    91828.48    608.0   4170.0     25130.0  1216.0
C116      c     55436.24    -21896.53   293.0   4707.0     25009.0  586.0
C117      c     -46540.68   -11212.04   237.0   1473.0     20187.0  474.0
C118      c     12618.93    40486.60    810.0   2916.0     23096.0  1620.0
C119      c     -57640.41   8773.76     467.0   1681.0     20877.0  934.0
C120      c     -32099.36   -4224.01    204.0   1315.0     20563.0  408.0
C121      c     82385.22    -34171.99   238.0   2846.0     21402.0  476.0
C122      c     56699.02    61664.88    639.0   3406.0     23069.0  1278.0
C123      c     63814.23    -43221.05   777.0   1704.0     22352.0  1554.0
C124      c     -6613.01    -927.18     594.0   2257.0     21573.0  1188.0
C125      c     -26125.13   31466.49    313.0   1637.0     21562.0  626.0
C126      c     48825.06    2581.18     280.0   922.0      20440.0  560.0
C127      c     -39708.95   -4485.77    768.0   1959.0     21727.0  1536.0
C128      c     37642.94    13285.89    570.0   4601.0     25089.0  1140.0
C129      c     -69943.97   8612.99     360.0   4201.0     24503.0  720.0
C130      c     28134.50    -4388.80    365.0   1925.0     21752.0  730.0
C131      c     -77079.04   -13590.39   825.0   1734.0     21879.0  1650.0
C132      c     -75353.06   -13448.80   537.0   915.0      20890.0  1074.0
C133      c     36259.12    -49156.36   382.0   2474.0     22796.0  764.0
C134      c     12886.13    35285.85    187.0   978.0      19719.0  374.0
C135      c     -2787.29    -23008.41   627.0   4594.0     24852.0  1254.0
C136      c     -21798.26   7373.27     606.0   3506.0     23244.0  1212.0
C137      c     -39067.34   41527.24    117.0   5286.0     23757.0  234.0
C138      c     6736.99     21259.61    439.0   2506.0     22774.0  878.0
C139      c     -14543.78   -71359.35   669.0   3038.0     22967.0  1338.0
C140      c     21351.21    25488.51    381.0   1433.0     21712.0  762.0
C141      c     -74067.88   -13387.82   741.0   1420.0     21505.0  1482.0
C142      c     32560.07    10383.38    238.0   688.0      19682.0  476.0
C143      c     -29845.16   -33759.98   470.0   2292.0     21976.0  940.0
C144      c     78105.63    33849.27    230.0   5039.0     25421.0  460.0
C145      c     57945.97    -66297.39   807.0   1467.0     22949.0  1614.0
C146      c     -14233.40   -1921.35    211.0   4745.0     25141.0  422.0
C147      c     -31068.34   33660.23    209.0   4582.0     23660.0  418.0
C148      c     -2975.94    -9584.60    516.0   4603.0     24153.0  1032.0
C149      c     -22651.05   38676.84    496.0   4373.0     25122.0  992.0
C150      c     68322.01    -45086.13   210.0   876.0      20638.0  420.0
C151      c     -21799.94   49320.39    377.0   4429.0     24946.0  754.0
C152      c     -1278.95    -56989.02   212.0   2878.0     23105.0  424.0
C153      c     -34951.16   26541.91    562.0   1780.0     22399.0  1124.0
C154      c     49941.58    15618.96    336.0   2240.0     22847.0  672.0
C155      c     -29883.63   -53695.68   758.0   1819.0     23289.0  1516.0
C156      c     -30405.55   318.45      389.0   850.0      20479.0  778.0
C157      c     -31056.77   -1815.55    753.0   3111.0     24203.0  1506.0
C158      c     -10560.67   -73225.89   136.0   2409.0     21070.0  272.0
C159      c     89860.08    43136.81    774.0   697.0      21207.0  1548.0
C160      c     25905.65    36525.33    123.0   1577.0     21414.0  246.0
C161      c     23505.96    29497.70    216.0   4326.0     23778.0  432.0
C162      c     -48248.62   -21828.86   431.0   5278.0     24238.0  862.0
C163      c     -44492.23   3452.69     784.0   2700.0     22698.0  1568.0
C164      c     49309.13    28644.17    519.0   1218.0     21126.0  1038.0
C165      c     30681.53    63166.66    146.0   5307.0     24440.0  292.0
C166      c     -8542.67    56968.05    192.0   3216.0     21891.0  384.0
C167      c     62785.42    39591.28    434.0   2651.0     22673.0  868.0
C168      c     -26809.41   -8929.82    272.0   747.0      20254.0  544.0
C169      c     92946.24    -8106.21    661.0   4914.0     25697.0  1322.0
C170      c     -54763.17   5005.57     826.0   5237.0     26127.0  1652.0
C171      c     -51262.06   -10273.86   739.0   3255.0     23250.0  1478.0
C172      c     57718.75    -62302.00   619.0   1836.0     22621.0  1238.0
C173      c     -25384.27   35590.54    720.0   3820.0     24108.0  1440.0
C174      c     55344.37    -1575.98    680.0   4052.0     23630.0  1360.0
C175      c     -46345.57   -9691.67    323.0   4218.0     23389.0  646.0
C176      c     56169.53    -49784.69   354.0   3843.0     23244.0  708.0
C177      c     -7860.36    -18785.07   578.0   4319.0     24172.0  1156.0
C178      c     -46488.08   -21945.34   372.0   2781.0     22721.0  744.0
C179      c     -34781.99   -48701.14   268.0   1184.0     20430.0  536.0
C180      c     17060.46    50795.45    239.0   3302.0     23128.0  478.0
C181      c     19382.84    37555.64    509.0   4611.0     24784.0  1018.0
C182      c     2861.23     -14906.64   318.0   2093.0     21921.0  636.0
C183      c     -12249.60   -38827.25   816.0   2825.0     24421.0  1632.0
C184      c     79162.93    65647.11    696.0   5235.0     25595.0  1392.0
C185      c     -19245.92   1734.46     194.0   4820.0     23347.0  388.0
C186      c     -51087.85   -8920.80    392.0   4847.0     25413.0  784.0
C187      c     -71852.70   -3368.28    117.0   765.0      20100.0  234.0
C188      c     -34169.32   -12693.05   754.0   5389.0     24931.0  1508.0
C189      c     -36690.76   -4856.56    571.0   1329.0     21441.0  1142.0
C190      c     27551.61    21016.24    241.0   2378.0     21733.0  482.0
C191      c     -20994.33   -60947.23   211.0   3370.0     21828.0  422.0
C192      c     -12960.28   26210.72    597.0   5278.0     25601.0  1194.0
C193      c     38910.54    -1098.30    691.0   3886.0     24222.0  1382.0
C194      c     5495.55     26107.36    755.0   3342.0     24794.0  1510.0
C195      c     20709.13    41721.28    594.0   2217.0     22719.0  1188.0
C196      c     58565.92    13102.98    253.0   1121.0     21188.0  506.0
C197      c     -49093.53   -4090.83    247.0   4718.0     24890.0  494.0
C198      c     -82609.97   -7598.01    488.0   3413.0     22857.0  976.0
C199      c     -59655.09   13239.54    224.0   2856.0     22901.0  448.0
C200      c     -53576.42   36905.48    324.0   1857.0     21033.0  648.0
F1        f     11035.44    17409.06    0.0     0.0        32400.0  0.0
F2        f     41021.35    -16010.23   0.0     0.0        32400.0  0.0
F3        f     45632.60    -33704.10   0.0     0.0        32400.0  0.0
F4        f     57945.97    -66297.39   0.0     0.0        32400.0  0.0
F5        f     63814.23    -43221.05   0.0     0.0        32400.0  0.0
F6        f     2861.23     -14906.64   0.0     0.0        32400.0  0.0
F7        f     41359.25    31148.51    0.0     0.0        32400.0  0.0
F8        f     -34889.72   -58954.83   0.0     0.0        32400.0  0.0
F9        f     32560.07    10383.38    0.0     0.0        32400.0  0.0
F10       f     1928.61     31513.01    0.0     0.0        32400.0  0.0
F11       f     -24579.58   -1463.70    0.0     0.0        32400.0  0.0
F12       f     -11944.99   -9315.43    0.0     0.0        32400.0  0.0
F13       f     8866.77     9206.52     0.0     0.0        32400.0  0.0
F14       f     37781.51    52926.87    0.0     0.0        32400.0  0.0
F15       f     -31056.77   -1815.55    0.0     0.0        32400.0  0.0
F16       f     -26125.13   31466.49    0.0     0.0        32400.0  0.0
F17       f     -8330.96    -6160.57    0.0     0.0        32400.0  0.0
F18       f     70442.85    -7069.66    0.0     0.0        32400.0  0.0
F19       f     92946.24    -8106.21    0.0     0.0        32400.0  0.0
F20       f     -22304.35   22281.74    0.0     0.0        32400.0  0.0
F21       f     43550.66    -26713.20   0.0     0.0        32400.0  0.0

m numVeh /27/
m numPetrolVeh /14/
m numElectroVeh /13/

DistanceMatrix
0 79775 16789 96453 92605 100710 44462 79905 15552 36166 83233 56423 95572 63746 61721 6312 28253 34502 75071 89110 33635 52508 84940 26395 74195 10492 29943 72211 16295 97735 77578 64253 82709 40306 35246 32248 79083 34873 26371 70092 77916 54809 34163 37541 55971 31517 60382 54585 44652 54987 49621 46348 35391 30505 42212 95620 53952 84329 30309 90747 62170 52779 38819 63253 58482 83753 61120 97478 68239 8484 53283 35335 55423 56568 41036 40912 29188 97895 69609 29050 48498 78140 61578 47547 51028 95830 48257 83427 33694 35267 22068 28197 55249 95331 95217 7170 44900 92393 44729 49472 37609 55902 94540 98436 27078 72738 46763 63267 42423 32387 78392 27841 83637 33291 49052 80986 59299 64298 23132 69217 48256 88042 63590 80384 25450 39731 40595 55266 26925 81456 27704 93408 91734 71184 17972 42716 34333 55606 5771 92380 13103 90504 22642 65494 69056 95955 31815 45131 30413 39838 84779 45788 75410 46885 38947 82038 44827 46275 93172 82917 24219 17368 71093 57255 39889 49797 44139 56304 46108 85793 66957 68171 92375 40706 48205 63459 80945 40830 69697 80435 33926 21807 33333 60866 83476 34098 67473 85453 54310 52664 16905 84650 25559 33460 10313 26166 47725 63857 96927 70813 67489 0 44900 61721 95955 80384 33333 33291 89110 22642 16789 40306 35246 8484 44462 46275 39731 30505 64253 85793 33694 54809
79775 0 81267 62778 128417 22734 122315 117720 90842 114788 26651 109914 82809 33539 102665 82151 51639 102982 48111 40481 109150 122603 120892 94110 119385 89813 91280 20893 95818 112280 124996 128323 8180 39671 47314 49828 20420 104454 54438 125513 120698 100216 49697 90102 25227 49838 23979 125545 107263 28381 33222 113075 115064 51793 44910 16768 37292 107790 102941 15355 21318 58329 106041 134685 22988 17318 29560 176028 112857 73822 43965 45559 46455 127336 52912 39482 52925 134862 148227 50750 31973 109763 108278 33641 54904 20377 44362 54460 58291 96387 101278 106480 51827 123453 64347 86914 98065 59767 105730 120530 103042 63038 41146 23600 97664 49000 34073 19189 37726 111031 138118 56218 55219 112861 57794 153402 112122 16949 95197 33607 32042 139347 142572 121859 55445 64028 108973 26463 101698 35978 87208 23314 21890 96041 91910 53890 47442 68635 78363 62760 92814 20836 95901 28254 146970 121869 48200 63828 55791 72023 126602 81920 64036 55755 114001 39373 36338 34409 66838 161500 102849 96823 8915 30773 118680 123966 94884 135694 33804 150524 29883 15509 120352 68019 114378 18301 115546 49158 10557 32380 105595 98342 60328 46555 163182 45868 16841 26293 25540 28226 95866 50759 67175 98458 80344 102037 121293 22061 31154 38176 61800 79775 98065 102665 121869 121859 60328 112861 40481 95901 81267 39671 47314 73822 122315 34409 64028 51793 128323 150524 58291 100216
16789 81267 0 86311 109336 100191 41761 96658 30327 44410 89793 72742 82120 58736 78507 11123 31561 49461 85842 97673 45481 65633 101702 13523 90744 16985 14222 77954 25706 114148 93938 78631 85676 42310 43121 40270 76286 49464 27593 85825 94535 71573 43107 20834 60166 38986 59052 67240 60256 53798 55550 60942 38007 39046 38160 97861 62402 100951 44186 89923 61319 41877 53785 54354 58509 81713 57642 102956 84890 23361 46583 41661 66232 69192 33541 42040 28418 114566 67712 33810 52746 94911 78228 47632 41203 94632 58117 73818 25932 51584 31106 27202 45984 112113 84689 17710 61536 103760 60595 62397 24356 69741 88353 96870 16521 63786 51583 67407 46787 41019 93212 25066 73896 39432 38526 72961 75602 64612 13957 63762 49346 103864 62521 97031 33546 28054 55103 55042 40097 75433 44449 90975 89409 87671 11589 54725 33848 42201 11325 104183 20335 88270 37212 72596 76213 112716 37136 33067 41389 25602 101368 29667 88560 37213 50575 90954 44929 46892 105481 88696 24495 21671 73233 54243 47467 42763 27525 61391 49613 99267 62583 67642 109150 27616 62834 63468 97731 51242 72125 88216 24511 18471 46429 71755 84441 36539 66676 81611 57072 53049 27690 95259 15805 49307 6476 21376 59554 62216 93147 64238 55766 16789 61536 78507 112716 97031 46429 39432 97673 37212 0 42310 43121 23361 41761 46892 28054 39046 78631 99267 25932 71573
96453 62778 86311 0 175535 58924 124029 163261 111872 130530 89260 146917 25281 39715 145450 94445 75510 129969 107397 103110 129961 148843 167489 93123 161503 102352 86841 80922 110952 166547 166316 159557 70784 68286 83145 83576 42417 130680 73969 162371 164099 140555 85974 79675 71730 82319 52268 151013 138568 54722 77564 141823 123829 84866 57030 71897 87497 158550 126619 53639 53310 44439 134109 124216 57196 46071 45452 188646 154787 95877 44656 79256 97994 152995 55561 66226 70196 181807 148034 77461 72197 157405 148774 61100 45541 53214 91499 13223 62759 127676 116731 112443 41204 173507 3007 101571 134102 121608 137954 145872 95887 113294 24692 52131 97437 24184 74073 71973 73313 127001 172723 69758 12902 125742 47893 140929 149668 57065 97417 35095 63323 179233 144270 165969 84259 58257 136311 57365 123377 27061 118102 45679 45847 145120 97342 98128 67074 46411 91693 124329 105904 46058 118834 85049 162505 172690 77704 53358 91187 62147 170834 65070 121394 49679 135260 101136 62336 62878 128130 174631 110403 107907 64418 48764 133722 119342 80002 147390 70351 181698 39740 53311 170269 59140 143589 56068 162364 91566 65517 94300 103262 103942 98819 100743 167072 71616 52368 37052 66891 59970 112424 112092 71618 127530 90040 105587 144127 50120 39139 30739 31277 96453 134102 145450 172690 165969 98819 125742 103110 118834 86311 68286 83145 95877 124029 62878 58257 84866 159557 181698 62759 140555
92605 128417 109336 175535 0 149997 112643 12794 80460 84932 110140 38446 182391 136084 31308 98314 101498 64067 85184 102976 75183 61304 8075 115977 20106 95329 121311 108459 89183 30655 20221 48568 124849 107262 92393 92098 141521 65120 104313 33353 15761 37848 89577 129792 107248 93451 124979 63062 52988 121437 99830 56888 98673 90957 119697 135897 91971 23014 70888 143760 124819 138444 60624 138044 120363 142647 130699 109675 24729 87735 131862 96302 82072 62620 124169 109344 108057 6449 123605 99025 104469 18678 31305 114529 135336 148761 85998 162630 119259 58446 87284 103851 137912 11509 175364 92825 47908 87199 51599 63582 125485 65429 163346 151987 114571 151918 102353 110436 102403 84758 40402 110072 163117 90735 134721 149520 35959 122862 110901 141190 112532 25773 117789 13057 92512 128227 61248 119241 75271 152176 64901 151063 149445 32415 106288 77949 109691 144567 98290 84069 93546 148230 74894 100279 89993 14718 98217 133357 84601 130795 10496 138106 69325 131716 73459 97933 113200 112733 80549 101100 101280 96023 121078 127067 86278 124480 136126 95314 105692 53613 136926 127606 12311 130530 55472 123238 13201 84340 119356 103043 117955 105074 76820 82010 121735 104413 127931 149310 110834 116359 86633 89187 115104 61774 102875 108197 69330 127942 158098 145051 152780 92605 47908 31308 14718 13057 76820 90735 102976 74894 109336 107262 92393 87735 112643 112733 128227 90957 48568 53613 119259 37848
100710 22734 100191 58924 149997 0 141838 139658 112624 136313 42363 132612 82795 44798 125058 102458 72471 125446 67008 54560 131165 145137 142632 112341 141732 110402 108648 41538 116943 132050 147386 151047 25164 60431 69647 72024 25844 126879 74648 148179 142900 122808 72136 106017 47784 71888 41145 148050 129951 46451 55863 135691 135628 73980 62263 16656 59830 128775 125155 10302 38958 70289 128590 152016 42283 19626 43523 197719 135261 95347 57436 67584 68541 149860 68885 59816 72550 156421 167825 72015 54148 131423 130820 53314 67638 6566 67012 55205 75445 119036 122555 126410 63482 144435 61307 107752 120797 74992 128437 143002 120269 84930 34248 6793 116179 54175 56338 41921 59592 132532 160826 75320 55939 133987 70883 170616 134797 36413 114116 41968 52456 161792 162422 143965 77248 79150 131498 45606 123711 37004 109787 13782 14294 117584 111331 76584 67058 79615 98707 78344 113569 14754 117964 49845 168789 142664 69764 77627 78288 86856 148658 95690 83474 69650 136109 56033 56068 54475 82689 183160 122963 117366 31469 46348 140170 142311 109930 156961 55538 173258 40461 32713 141401 82733 137018 37278 137296 71890 33187 49399 123936 117996 83033 68008 183622 66622 33580 24955 47363 48073 117187 67330 85134 121015 100123 121422 143594 37998 19887 44939 69057 100710 120797 125058 142664 143965 83033 133987 54560 117964 100191 60431 69647 95347 141838 54475 79150 73980 151047 173258 75445 122808
44462 122315 41761 124029 112643 141838 0 101629 41644 27728 127670 74651 114406 100278 86986 40593 71045 49982 118580 133411 37684 53376 106578 31250 92543 33990 37200 116506 31865 127680 93282 68311 126092 82748 79667 76662 118039 48512 67897 81326 96907 79849 78624 44825 99705 75849 100698 52890 60113 95391 93835 55775 14203 74951 79921 138677 98389 112794 43325 131595 102899 80742 52624 25402 99873 123471 99390 65912 88848 52417 87835 79485 99195 54220 74878 82834 69486 116151 25987 72533 92172 103911 83039 88869 81025 136354 92489 112474 67449 58487 29509 16270 85965 119250 121981 37601 69013 135257 61866 50412 29255 96821 129190 138620 26956 103335 90626 107041 86056 28088 82694 66527 112418 22070 77964 39248 76878 105944 28070 105142 90275 97856 20838 99610 69793 67414 51543 96442 39641 116484 58122 132731 131168 102095 30512 86093 74999 77690 44346 134852 31982 130030 42863 109945 44609 120917 75590 71495 74625 62090 102661 59691 116650 77371 39240 126281 86123 87951 135098 52991 20250 27436 113972 96003 26880 12460 46500 28338 89433 82269 104216 109193 116941 65502 57263 104873 104345 85005 112726 124875 20830 23975 76294 104508 43292 76634 108272 123243 97380 94261 33510 128148 57345 54037 41972 20421 44921 103915 134749 105209 92752 44462 69013 86986 120917 99610 76294 22070 133411 42863 41761 82748 79667 52417 0 87951 67414 74951 68311 82269 67449 79849
79905 117720 96658 163261 12794 139658 101629 0 68050 74061 100838 26979 169731 123941 18518 85667 88900 52318 76371 94787 63968 51984 5110 103566 10574 82893 108783 98207 77004 31937 14179 40987 114604 94977 80136 79720 130040 53510 91638 26110 7019 25105 77293 117179 95802 81036 113120 54136 41557 109421 88204 46247 87523 78522 107176 126089 80840 18997 59167 133010 113072 125748 49142 126997 108582 131430 118644 104564 12795 74951 119391 84007 71265 54008 111499 97036 95394 18679 114155 86478 92655 9714 19033 102374 122674 138097 74554 150297 106514 46090 75402 92079 125315 17765 163028 80298 35385 80600 39953 53877 113255 54737 151657 141320 102286 139536 90497 99374 90320 73577 36555 97353 150771 79591 122016 139208 24818 111332 98565 129114 100471 26350 108138 5738 79914 115449 50087 107321 63460 140271 52210 140056 138413 22970 93878 66148 97140 131796 85574 77714 81224 137180 62709 89814 82522 19882 85766 120590 72169 118001 9353 125344 61261 119026 62734 89247 100959 100571 74601 94728 89355 83859 110105 114956 75723 113230 123556 86119 93716 51164 124920 116109 15912 117739 45026 111638 4421 72420 108363 93878 105928 92906 64452 71724 113881 91949 116373 137827 99160 104401 74462 81365 102310 49627 90190 96152 59552 116160 146909 132883 140131 79905 35385 18518 19882 5738 64452 79591 94787 62709 96658 94977 80136 74951 101629 100571 115449 78522 40987 51164 106514 25105
15552 90842 30327 111872 80460 112624 41644 68050 0 24192 90428 42869 111022 78156 50682 19367 40861 19218 78118 94227 18905 36993 73156 35522 61215 14875 40975 80436 10223 89440 64020 48810 92743 52558 43976 41223 92429 19419 40094 55507 65196 43438 42055 49787 66016 41048 73432 39148 29939 68125 58726 30936 29017 39271 56778 105899 60569 75164 14771 102961 74950 68327 23555 64618 70933 96685 75044 85186 55752 17498 68294 45298 59349 41130 56353 53569 43371 85329 63997 40774 58897 67712 49155 60370 66526 108175 53792 98798 49138 22018 12579 27193 70677 84492 110685 12735 32691 94170 30364 34000 45388 55298 109036 110942 34341 88040 56873 73046 53138 20551 63128 42658 99027 23809 64594 80648 45686 76426 30549 83696 60550 73554 57566 67783 35415 55252 25137 67946 11697 95993 17525 106404 104698 63005 25833 46069 48078 71000 20913 93574 13309 103439 7110 72797 56170 85509 42863 60645 36697 54966 71898 59993 75098 62388 24135 86980 57764 58900 93636 70660 23526 16678 81965 71085 28115 50390 55883 45432 57135 70243 81107 80642 81729 56085 32810 75772 69679 46404 80426 86575 38827 25419 36219 64383 74856 46578 80095 99162 65378 65135 8175 87589 41091 19151 24293 29196 32617 76964 110496 85605 83041 15552 32691 50682 85509 67783 36219 23809 94227 7110 30327 52558 43976 17498 41644 58900 55252 39271 48810 70243 49138 43438
36166 114788 44410 130530 84932 136313 27728 74061 24192 0 114448 47122 126048 99769 60166 36434 63993 23571 100861 117673 10683 26481 78968 41789 64840 28279 48732 104603 20055 101083 65567 41464 116883 75950 68142 65359 115222 21849 62495 53764 69209 53232 66246 58154 90115 65118 96432 26665 32726 91053 82901 28050 14097 63415 78232 130020 84606 86075 17726 126502 98131 86120 25479 53123 94295 119797 97279 61446 61314 40992 88830 69330 82725 28314 76120 76758 65351 88427 43280 64298 82916 76816 55694 83488 85100 131655 77683 117835 68482 33067 14166 22862 89698 91749 128995 29700 42767 116017 34631 23299 47052 76578 130446 134337 38350 107487 80936 97190 77064 3791 56257 63816 117960 6632 82639 65440 49259 99962 36255 105188 83958 70686 36780 71910 59359 72349 24040 91172 15628 117359 35674 129479 127795 76248 34319 69515 70482 86441 39656 115067 24718 126555 20987 96885 32896 93517 66631 77454 60851 69779 74933 71598 95937 81002 11518 110413 80802 82128 114639 46876 22519 22748 105944 93420 3923 39794 62539 21272 81000 58258 103071 104015 89526 72016 29536 99217 76913 70381 104434 110377 37850 28884 59804 87529 51304 69821 103381 121618 89265 88470 19283 110159 59011 28468 40557 29582 18304 99929 133092 106529 100173 36166 42767 60166 93517 71910 59804 6632 117673 20987 44410 75950 68142 40992 27728 82128 72349 63415 41464 58258 68482 53232
83233 26651 89793 89260 110140 42363 127670 100838 90428 114448 0 98647 108238 56288 88396 87318 58241 97999 25239 13854 106815 116381 103223 103303 104486 93724 102165 12232 97717 90115 110281 119081 19189 48607 48003 51008 46847 99738 62416 113331 104967 87682 49156 103318 30499 51865 43562 119522 99493 45563 34265 106233 117942 52728 59861 26463 29859 88060 99733 39674 41159 78020 100177 144092 39913 43925 50975 173662 98442 75599 63652 48465 33594 121096 68781 49622 62533 116467 152733 56045 37409 91958 95034 46660 74168 43405 36841 80250 71896 89678 102392 111400 72304 103580 90710 90231 88375 33420 97572 114926 113638 47547 67716 46382 106131 73551 38295 24167 43117 110916 126532 66555 80995 114046 76473 162592 100376 36035 102954 57921 43787 124807 146590 105648 57898 79942 103240 42494 99660 62280 81830 48563 47423 78059 98725 45736 57859 88498 83681 36579 96065 46565 93859 17765 144551 101578 52763 81297 53847 87715 110106 98300 41720 73787 111009 13676 48595 46368 40809 159493 107446 100508 25924 50456 118349 131796 109081 135711 40838 140197 53536 37865 100668 84131 107181 37518 97980 44067 25426 7208 114066 104294 54930 30611 165221 53623 39135 52940 35070 42378 97067 25061 78609 92788 86996 108455 116923 43461 56701 62772 84663 83233 88375 88396 101578 105648 54930 114046 13854 93859 89793 48607 48003 75599 127670 46368 79942 52728 119081 140197 71896 87682
56423 109914 72742 146917 38446 132612 74651 26979 42869 47122 98647 0 150214 109037 15532 61619 71414 25630 77227 96239 36990 27102 31958 78154 18557 57681 83826 92875 51013 55247 21197 21653 108620 79953 66002 64684 118526 26679 73126 15815 22756 11658 63127 92643 85579 65622 100146 29835 14601 95661 77456 19628 60545 63062 89890 121272 72930 40252 32442 124562 100694 106256 22221 100017 96164 121085 104400 84871 14199 53128 102276 69383 65535 30309 92568 81769 76941 42780 88034 69604 80670 30279 8987 87975 103641 129863 65621 133713 86567 21172 48863 65405 106954 44628 146274 55531 12822 87023 13156 28266 87296 51469 138727 133003 76487 122758 78380 90749 76858 46599 28236 78046 134092 52612 102448 112412 2882 100104 72921 114512 86735 32422 81863 25436 62785 94596 23114 94182 36838 126419 29565 130409 128692 33599 68502 56028 79848 110940 62194 84911 55610 127412 36813 84124 59454 46423 69814 99940 57122 95945 29205 102187 65753 99710 35886 89580 86035 86189 82953 73130 62865 57808 101429 100463 48918 86270 98746 60483 80755 41555 110816 104892 42425 96302 18673 100057 29815 61041 99671 92475 79579 66843 50575 68038 89622 75639 104854 126136 87651 91144 48461 84655 80743 23772 66405 69843 33660 103509 136353 117650 121021 56423 12822 15532 46423 25436 50575 52612 96239 36813 72742 79953 66002 53128 74651 86189 94596 63062 21653 41555 86567 11658
95572 82809 82120 25281 182391 82795 114406 169731 111022 126048 108238 150214 0 53141 151348 92054 80964 130071 123090 121865 127558 147527 174328 85380 166442 99072 78499 98380 107817 177430 170717 159817 90988 77178 91583 91187 62701 130424 78094 164930 169535 145611 94139 69819 85739 89674 66726 149270 139905 67335 89860 141917 117031 92024 63239 94269 100514 167747 125613 76272 68541 44075 134381 109828 71448 67560 59062 180268 159901 97219 51845 87584 110558 151234 58233 75001 74337 188405 136293 83579 84122 165084 153506 71684 47057 76708 102948 28465 63674 129692 113195 105456 44701 181909 22398 99241 137676 138892 139709 144343 85192 124234 49108 76053 89473 35062 85550 87851 83458 122858 173911 72514 27701 120452 47858 124957 153070 73217 90477 50473 74519 182551 133434 171671 89930 55922 136147 70464 121806 47408 120669 69144 69012 153948 91747 107793 72965 40062 90112 141269 102456 68987 118131 100808 156215 181517 84806 50516 98298 56522 176434 55148 135418 50752 132688 118815 72001 73245 144722 166917 104251 103436 82410 61196 128747 107546 68067 140291 81465 181098 55060 70532 178689 54963 143776 71915 169476 101244 83140 112326 93776 97650 106196 114227 156084 78646 69335 59111 80358 72399 109723 129087 70073 128650 87211 98282 141670 65678 63436 45578 29623 95572 137676 151348 181517 171671 106196 120452 121865 118131 82120 77178 91583 97219 114406 73245 55922 92024 159817 181098 63674 145611
63746 33539 58736 39715 136084 44798 100278 123941 78156 99769 56288 109037 53141 0 106393 63639 38336 94677 69978 69519 96994 114273 128063 69589 122703 71907 65110 45624 79720 126960 127709 123489 41259 29211 43867 44628 19015 95674 38138 124734 125097 101868 46743 61592 32866 43531 13586 116771 102089 15049 38010 106229 96228 46103 21542 48865 48249 118837 92423 34806 15478 25702 98560 108024 18367 25177 5989 160602 115962 60944 12873 40100 58638 118723 25441 27302 34786 142398 126048 39643 32535 117837 110156 21567 22856 38472 51848 27437 32842 90948 85604 85876 18924 133826 39937 70081 96242 85831 101189 111566 76457 73632 30881 40032 73684 18131 34370 34734 33697 96021 135820 35955 28051 96159 26087 126468 111698 20384 72208 5580 23632 141038 121109 126866 46407 34713 101065 17863 89847 17873 81221 33305 31933 105432 70299 58446 30291 35582 60197 88154 75384 30965 84655 47667 132640 132984 39223 32846 52289 42212 131743 50895 82805 24940 102268 65948 23127 23370 91582 146119 82892 78465 30477 9055 103381 99231 65215 119015 30639 145955 4338 18699 130590 38094 107879 18983 122892 51905 30862 59668 81093 77171 59676 61781 143175 33497 17356 23021 27672 20310 80616 75999 42973 91478 60227 80043 110737 12848 34478 8992 28538 63746 96242 106393 132984 126866 59676 96159 69519 84655 58736 29211 43867 60944 100278 23370 34713 46103 123489 145955 32842 101868
61721 102665 78507 145450 31308 125058 86986 18518 50682 60166 88396 15532 151348 106393 0 67609 70652 37005 65387 84389 49586 42495 23392 86021 16756 65367 90967 84131 60129 40930 22333 36400 100353 77261 62530 61889 113582 38519 73260 25887 18710 7294 59650 99158 79600 63131 96088 45305 27771 92130 71735 34186 72784 60586 89031 112473 65392 25909 43704 117765 96232 107327 34691 112075 91703 115411 101257 100294 10204 56507 101315 66311 56634 45831 93119 79272 77034 37112 102310 68319 75802 17144 7584 84863 104300 122967 58593 132406 88033 29215 59239 75978 107037 33837 145121 62562 18285 73344 25663 43403 96069 40913 134792 126169 85021 121580 73581 83834 72990 59021 39188 78908 132859 64993 103583 125561 15347 94878 81204 111668 83134 36756 96009 20522 61676 96935 36425 90205 47664 123080 34140 124349 122670 18073 76367 49587 78957 113287 67334 70987 63979 121412 45985 75478 74953 34842 67780 102083 54264 99507 25384 106959 52373 100615 49511 78118 83303 83055 68700 88660 72947 66963 94629 97484 62457 98018 105624 75276 76561 53794 107600 99687 31047 99223 33564 95061 19225 55534 92868 81801 89199 75941 46720 58108 104857 73926 99845 121339 82522 87231 57630 71981 83803 33292 72031 79437 48561 99247 130873 115279 121771 61721 18285 0 34842 20522 46720 64993 84389 45985 78507 77261 62530 56507 86986 83055 96935 60586 36400 53794 88033 7294
6312 82151 11123 94445 98314 102458 40593 85667 19367 36434 87318 61619 92054 63639 67609 0 30584 38577 80386 93828 35747 55481 90725 20117 79638 8270 23692 75988 16533 103993 82815 68012 85608 42481 39399 36397 79910 38691 27834 74788 83447 60611 38659 31549 59122 35459 61617 57298 49229 56219 53301 50208 33193 34799 42193 98320 58491 90510 33623 92350 63596 50237 42913 57894 60192 84883 61568 96968 73818 14404 52425 38953 60680 59272 39687 42781 30021 103498 66254 31950 51591 84163 67158 49148 48910 97317 53193 81604 32061 40461 22378 24450 53400 101312 93039 7222 50467 97901 49516 52317 31374 61930 94143 99798 21022 71139 50033 66458 45475 32775 82453 27856 81759 32521 46627 75913 64479 66161 17147 68980 50230 92815 60466 85954 29461 36712 44380 56852 29752 81069 33485 94434 92794 77428 12119 48245 35452 51992 3790 97998 11776 91592 26372 69675 69141 101998 34998 42024 35520 35726 90270 40700 81322 44779 40993 86842 46392 48050 98914 82481 20715 14991 73648 57839 39901 44785 38057 55417 48912 89046 67116 69760 98384 37110 52093 65206 86831 45876 72343 84892 28181 16981 39100 66169 81180 36291 68960 85920 56950 54441 18005 89943 22842 38220 4929 21201 49948 65009 97463 70152 64693 6312 50467 67609 101998 85954 39100 32521 93828 26372 11123 42481 39399 14404 40593 48050 36712 34799 68012 89046 32061 60611
28253 51639 31561 75510 101498 72471 71045 88900 40861 63993 58241 71414 80964 38336 70652 30584 0 56433 56527 66574 59740 76135 93426 45064 86285 38175 44190 46401 44473 97855 90942 85161 55051 12054 13710 11780 51572 57497 4693 86933 89103 65316 15164 46634 28813 10108 32577 78720 63789 27265 24039 67911 63431 11832 18521 67736 31838 87169 54576 62553 34165 37345 60259 85901 30309 55878 34547 125438 79618 23363 30910 10887 37806 80654 22960 12768 7242 107577 96818 3150 21309 84127 73449 19536 33994 67677 29132 62318 19872 52680 50113 55011 36416 101019 74926 35340 58596 74682 62948 73521 55486 46438 69000 70344 47972 51374 20036 36128 15265 60203 97665 10814 62711 61517 33773 104468 74159 36059 44945 43912 20016 103725 91050 91117 8987 29815 62810 27186 52392 56151 42974 65588 63889 73307 41042 29456 8437 44947 26795 75606 41211 62638 46926 41190 96711 100733 6172 34027 17662 35511 95939 45752 62534 30621 64909 60088 16905 18136 77545 110868 51298 45184 43074 30540 67813 73925 53001 84497 18401 107620 40807 40025 97810 33362 69551 35254 88531 23825 41759 56892 55941 47133 25492 43106 111547 5849 39390 58388 26367 24483 44774 65570 21989 53143 29268 51055 73068 36106 69661 46569 51342 28253 58596 70652 100733 91117 25492 61517 66574 46926 31561 12054 13710 23363 71045 18136 29815 11832 85161 107620 19872 65316
34502 102982 49461 129969 64067 125446 49982 52318 19218 23571 97999 25630 130071 94677 37005 38577 56433 0 81305 99206 12891 19834 57379 53178 44155 33236 59214 89554 25779 77781 46167 29796 103605 67199 55818 53566 107361 1920 56693 36620 48384 29898 53313 68336 77754 53907 88311 22634 11355 83225 69828 11902 35779 51640 73799 116782 68899 62844 6849 116296 89475 87002 4338 75126 85172 111024 90964 75872 39561 34132 85781 58173 64794 24490 74441 68579 60282 68353 66668 55579 71343 53960 33388 75322 84973 121609 61492 116802 67527 9893 23239 39796 88912 69670 128927 31762 19229 95113 12474 17555 61865 55802 125427 124551 51204 105926 69125 84205 66213 22067 43927 60251 117075 28005 83228 88665 28222 90154 47785 100257 74924 54663 60208 51065 49243 74195 6392 82524 11209 112536 16195 120707 118978 52687 43662 52272 64396 90102 40044 93825 30723 117697 12252 81188 47034 71167 56921 79601 47190 74165 54745 79118 74374 80864 14529 92014 72921 73685 92988 62005 37242 32445 94089 86952 26384 61147 74135 41714 70317 51729 97240 94680 67221 75195 13729 89731 54696 54899 92424 93039 53980 41416 43527 68967 72465 61722 94325 114499 78253 79556 23258 90204 60021 5547 43505 44268 18926 91840 125532 102611 101791 34502 19229 37005 71167 51065 43527 28005 99206 12252 49461 67199 55818 34132 49982 73685 74195 51640 29796 51729 67527 29898
75071 48111 85842 107397 85184 67008 118580 76371 78118 100861 25239 77227 123090 69978 65387 80386 56527 81305 0 19044 91883 97993 78468 99035 80835 85107 99625 27362 86983 65058 86641 98476 42351 51283 43188 45822 66226 83175 61215 90999 80925 65773 42794 103045 37545 47274 56397 101188 80534 56010 35442 87717 107012 46861 65572 51599 25185 62897 84418 62861 54747 86346 82667 138257 51642 64931 64032 156924 75135 66662 73365 45646 19714 102556 74117 53097 62838 91461 142090 53566 40952 67243 72462 53391 82367 67205 27776 96657 74661 72021 90669 102631 81967 78372 108350 81332 68453 18155 78399 97050 110170 26136 88432 70333 100994 88107 40375 35532 44335 97679 104328 66910 97346 101794 83848 156048 78597 50471 97327 73226 50267 101090 135678 81396 52328 84150 85701 52803 85341 80572 65806 71342 69975 53431 92474 32502 59756 96267 77222 19331 86673 68943 79880 22421 128317 76345 50356 86988 44887 91043 85703 101626 16517 80740 95349 12886 54178 52282 22018 143268 98589 91223 43513 62032 104611 124861 109498 121673 44346 118536 68496 54088 75483 88178 88365 51602 73294 34661 42186 18039 108504 96878 42289 14217 152154 53974 55036 73373 43039 51239 85747 9584 78515 75806 81494 101237 99935 57781 79262 78064 96285 75071 68453 65387 76345 81396 42289 101794 19044 79880 85842 51283 43188 66662 118580 52282 84150 46861 98476 118536 74661 65773
89110 40481 97673 103110 102976 54560 133411 94787 94227 117673 13854 96239 121865 69519 84389 93828 66574 99206 19044 0 109193 116475 96592 111163 99669 99484 110750 24078 102429 80419 105467 117418 32847 58408 54686 57632 60700 101040 71052 110037 99598 84808 55177 112816 41121 58784 56443 119664 99113 57860 42815 106204 122677 59098 70993 38024 35391 80266 101835 52992 54174 90165 100843 151470 52435 57715 64017 175041 94071 80998 76031 56043 34950 121089 79925 59750 71771 109132 157759 64003 47098 85464 91497 57843 86244 56358 40925 93994 82206 90190 106606 117216 84757 95400 104548 95819 87217 20439 97024 115387 121912 44951 81467 59197 113629 87043 47454 35916 52157 114328 123368 75886 94735 118036 88335 169704 97632 49144 110207 71448 54802 119865 151452 99950 64551 90845 103898 54682 102370 76120 83364 61951 60894 71820 105659 48195 67608 100569 90372 23829 101458 60094 96733 25695 146221 93126 60659 92694 58787 98396 104139 109064 33668 85497 112950 7261 59443 57268 28206 161199 113192 105990 39456 63142 121503 138612 118879 138751 50673 137578 66977 51360 92669 95022 106932 50578 91520 48417 38784 10254 121425 110724 58012 30293 168919 62673 52591 66754 46267 54128 101461 14038 87944 93776 94162 115008 118010 56673 70105 76324 97665 89110 87217 84389 93126 99950 58012 118036 0 96733 97673 58408 54686 80998 133411 57268 90845 59098 117418 137578 82206 84808
33635 109150 45481 129961 75183 131165 37684 63968 18905 10683 106815 36990 127558 96994 49586 35747 59740 12891 91883 109193 0 20395 68942 46000 55082 28498 52632 97529 19789 90475 56266 34530 110617 71352 61933 59331 111311 11169 58982 45144 59423 42598 59760 62063 84102 59330 92295 21777 22430 87004 76531 18757 23555 57365 75557 123816 77150 75487 7535 121609 93773 85935 14972 63030 89705 115506 93944 67177 51180 36384 86882 63624 74346 23719 74658 72417 62212 78982 53832 59551 77181 66347 45364 79224 84443 126851 69980 116994 67245 22496 14918 29572 88782 81568 128643 28531 32086 106504 24203 17087 53151 67033 127867 129657 43246 106350 75082 90956 71579 9609 49495 61320 117186 15624 82286 75975 39282 95113 40385 102521 79322 62685 47356 62127 53931 72458 13935 86766 7455 114808 26129 125229 123518 65565 37214 61323 66974 87546 38279 105410 25192 122256 13263 89502 37993 83240 61498 77765 53989 71046 65398 74380 86120 80298 5313 101944 76635 77731 104809 52808 27881 25142 100243 89988 13601 49311 67207 29868 75627 53934 99990 99397 79261 72743 20472 94503 66662 62903 98658 102355 44498 33285 51888 78916 60579 65426 98881 118066 83821 83926 17841 101036 58516 17909 40456 35223 14204 95831 129391 104323 100438 33635 32086 49586 83240 62127 51888 15624 109193 13263 45481 71352 61933 36384 37684 77731 72458 57365 34530 53934 67245 42598
52508 122603 65633 148843 61304 145137 53376 51984 36993 26481 116381 27102 147527 114273 42495 55481 76135 19834 97993 116475 20395 0 56457 66308 41786 48669 72994 108525 40061 82082 41204 15005 122966 87017 75563 73361 127188 18643 76181 28473 46091 37155 73012 82437 97388 73727 108133 3197 17548 103030 89398 10276 40476 71442 93206 136101 87848 67187 22227 136062 109308 105274 16567 78415 105006 130856 110681 59485 40017 53428 105013 77986 82856 4752 93296 88375 79689 63950 62337 75367 91090 56977 36005 95130 103518 141380 80371 135746 86129 26735 35307 48878 107659 69632 147675 48286 30120 110244 19793 3328 72932 71926 145083 144337 63402 124948 88858 103711 86022 27921 29789 79380 135984 33068 101557 88488 28156 109972 60684 119849 94756 44479 56486 48693 69070 92043 13641 102354 25743 132144 35420 140536 138807 60433 57608 70908 83983 107468 57638 108548 45468 137526 30012 100012 32574 71865 76750 97407 66850 91092 50904 94735 89010 99379 15902 109407 92710 93501 107134 46775 47756 45529 113730 106673 26523 65749 87487 34153 90125 33634 116926 114508 67892 92592 9786 109559 55553 74096 112050 111040 63960 53491 62696 86586 62557 81493 114158 134304 98024 99388 37953 106409 77940 24155 60317 55085 8461 111664 145359 122067 119939 52508 30120 42495 71865 48693 62696 33068 116475 30012 65633 87017 75563 53428 53376 93501 92043 71442 15005 33634 86129 37155
84940 120892 101702 167489 8075 142632 106578 5110 73156 78968 103223 31958 174328 128063 23392 90725 93426 57379 78468 96592 68942 56457 0 108670 14688 87996 113872 101112 82112 29305 16957 44864 117514 99210 84344 84031 133699 58549 96257 29725 10497 30131 81523 122247 99429 85381 117031 58497 46554 113446 91948 51071 92495 82886 111622 128763 84258 18168 64227 136219 116905 130392 54156 131959 112438 134921 122698 107786 17823 79892 123789 88247 74475 58273 116110 101288 99996 14339 118736 90950 96530 11270 24135 106503 127275 141257 78170 154573 111236 51199 80487 97153 129840 13196 167307 85389 40485 81606 44988 58465 118364 57855 155457 144483 107395 143854 94401 102758 94392 78549 39049 102033 155058 84559 126674 144015 29710 115019 103674 133185 104527 26924 112769 8159 84441 120242 55038 111275 68533 144219 57255 143420 141792 25183 98983 70005 101617 136569 90596 78599 86333 140570 67816 92836 86490 15670 90144 125356 76530 122896 9129 130321 62938 123663 67600 91297 105156 104706 75288 98359 94446 88967 113440 119053 80560 118227 128635 90609 97708 53266 128939 119775 11872 122581 49798 115371 5346 76366 111709 96184 111029 98014 68753 74625 118003 96339 120079 141488 102940 108382 79570 82966 107183 54731 95232 101253 64172 120018 150386 137025 144715 84940 40485 23392 15670 8159 68753 84559 96592 67816 101702 99210 84344 79892 106578 104706 120242 82886 44864 53266 111236 30131
26395 94110 13523 93123 115977 112341 31250 103566 35522 41789 103303 78154 85380 69589 86021 20117 45064 53178 99035 111163 46000 66308 108670 0 96620 20678 6985 91437 27417 123597 99159 80469 98803 55595 56553 53669 87808 52695 41013 89694 100657 78833 56422 16365 73573 52425 71352 67324 64491 66229 69069 63623 31653 52377 50078 110793 75855 109809 46921 102042 73730 49512 57289 40927 71200 93469 69201 95685 91262 34429 56947 55173 79363 69169 44156 55199 41571 120790 56588 47333 66189 102912 84675 60500 49785 106584 71389 81343 37023 57531 31142 20086 54729 119858 91180 23542 68190 116853 65292 62981 11334 81839 98020 108670 4323 72092 65068 80779 60264 39109 95399 37975 81310 35664 46715 59591 80919 77304 5626 74272 62395 107670 51982 103261 46869 36177 57925 67717 42451 85398 52083 102484 100977 97002 9690 67491 46892 47062 22396 117161 22550 99884 41359 86119 70835 120757 50659 40269 54317 30997 107305 30289 101034 46175 50474 104413 57847 59884 118306 81913 19309 21013 86267 66058 43990 29979 21214 54985 63007 99501 73648 80067 117035 34287 65493 76094 105120 64379 85220 101733 11596 12944 58750 84888 74543 49942 79032 92609 70323 65901 29922 108501 27209 54393 17686 12902 59107 74366 104040 74117 61890 26395 68190 86021 120757 103261 58750 35664 111163 41359 13523 55595 56553 34429 31250 59884 36177 52377 80469 99501 37023 78833
74195 119385 90744 161503 20106 141732 92543 10574 61215 64840 104486 18557 166442 122703 16756 79638 86285 44155 80835 99669 55082 41786 14688 96620 0 76073 102188 100673 69553 42363 5808 30416 116950 93508 78898 78094 130281 45132 88568 15600 4376 20971 76005 110893 96344 79263 112659 43810 32967 108603 88458 36809 78566 76699 104776 128944 82126 28705 50938 134506 112862 122368 40598 117945 108326 132158 117669 94106 6745 70121 117132 82606 73238 43598 108341 95477 92378 24225 104094 84118 92450 18401 12940 101232 119511 139700 75349 148394 102832 39269 67394 83878 122490 27882 161078 73785 29344 87005 31686 43852 105846 57246 151387 142905 95018 137510 90217 100583 89478 64653 26889 93940 148825 70629 118585 129600 15942 111587 91427 128033 99600 20321 98160 7071 77374 111336 41150 106753 55362 139563 46692 141105 139426 28916 86951 66322 94675 127729 79949 84337 74094 138168 55323 92062 71975 30253 83808 116600 70436 113244 10686 119961 66734 115710 53383 93685 99580 99424 81558 84161 81397 76358 111378 113853 66248 104375 117083 75935 93116 41759 124038 116399 26341 113322 35431 111750 14725 72207 109618 97747 98126 85396 63073 74471 103393 89889 116540 138029 99209 103763 67001 86738 97770 42232 84339 88395 49577 115853 147616 131538 136984 74195 29344 16756 30253 7071 63073 70629 99669 55323 90744 93508 78898 70121 92543 99424 111336 76699 30416 41759 102832 20971
10492 89813 16985 102352 95329 110402 33990 82893 14875 28279 93724 57681 99072 71907 65367 8270 38175 33236 85107 99484 28498 48669 87996 20678 76073 0 26149 82688 8756 103413 78787 61879 92977 50188 45737 42738 88092 33020 35762 69848 80068 58166 44637 35124 66305 41992 69695 50255 44378 64292 60077 44367 25264 40996 50452 105815 64400 89410 27513 100339 71621 58010 37492 53641 68119 93004 69798 88703 70626 18522 60663 45764 65543 52207 47873 50618 38134 100201 59143 39240 58805 82305 64024 57097 56863 105346 58585 89593 40218 36893 14391 17742 61430 99204 100878 3813 47514 102208 44997 45423 30901 64880 102404 107865 19833 79211 57123 73620 52707 24675 76587 36094 89730 24252 54469 71010 60479 74038 15913 77249 58041 87897 53164 82657 35925 44327 38543 64819 23277 89332 31569 102583 100934 76846 11002 52634 43515 59090 11816 102054 3562 99726 21090 75983 60900 100139 42119 49545 40715 42553 86758 46236 84603 52753 33617 92384 54348 55935 102655 74212 13741 7012 81211 66048 31682 39871 41080 47169 56304 82302 75375 77740 96398 44352 46261 73126 84447 51123 79855 90886 25369 12223 43017 70939 73372 43971 76971 94157 64449 62337 10716 94691 30760 33915 12313 16544 42601 73111 105695 78400 72282 10492 47514 65367 100139 82657 43017 24252 99484 21090 16985 50188 45737 18522 33990 55935 44327 40996 61879 82302 40218 58166
29943 91280 14222 86841 121311 108648 37200 108783 40975 48732 102165 83826 78499 65110 90967 23692 44190 59214 99625 110750 52632 72994 113872 6985 102188 26149 0 90118 33616 127676 104936 87003 96418 53809 56604 53851 83676 58845 39809 95820 106150 83863 56831 9465 71990 52471 68002 74091 70451 63059 68167 69947 38572 52765 46616 108036 75729 114187 53146 98353 70479 43758 63400 43470 68292 89495 65217 102268 96651 37293 52305 54766 80113 75952 39881 53152 39726 126277 61905 46764 64790 107683 90023 57920 44386 102728 71853 75304 33255 62950 37722 27026 49329 124762 84822 28488 73414 117630 71129 69671 11764 83963 92738 104675 10975 66366 63886 79045 59066 45993 101896 35834 75237 42641 41208 62164 86628 74355 12483 69551 60075 113842 57661 108722 47312 30896 64195 64817 48722 80316 56849 98280 96822 101118 15603 68850 44759 40571 25061 118145 28495 95771 47189 85360 77732 125532 50106 34529 55469 24952 112870 23365 102742 40999 57214 104188 55369 57496 119535 88612 26281 27512 83765 62307 50969 34183 14937 61804 61449 106296 69276 76790 121875 28529 71828 73070 110152 65151 82831 101076 16571 19854 60648 85624 80386 48542 75688 88085 68332 63248 36058 108970 24158 60063 20060 19831 65916 70847 99405 69057 55566 29943 73414 90967 125532 108722 60648 42641 110750 47189 14222 53809 56604 37293 37200 57496 30896 52765 87003 106296 33255 83863
72211 20893 77954 80922 108459 41538 116506 98207 80436 104603 12232 92875 98380 45624 84131 75988 46401 89554 27362 24078 97529 108525 101112 91437 100673 82688 90118 0 87169 91430 106390 112489 16403 36441 37036 40007 39095 91210 50458 108099 101644 82469 38534 91122 18285 40696 32400 111607 92148 33834 22688 98557 107274 41827 47688 28429 20680 87355 90681 36004 30193 66231 92078 132301 28360 37569 40019 164659 94322 64880 52003 37035 27538 113272 56620 37411 50428 114884 141820 44359 25330 89893 90249 34477 62338 40688 28155 70942 59665 81819 92075 100257 60715 103025 82094 79298 81778 40760 90376 106826 101646 43553 61137 43891 94369 63387 26371 12048 31174 100987 121064 54422 71664 103780 64541 150863 94852 25254 91280 47915 31575 120875 135767 102618 46764 67750 95114 30685 90229 53894 73378 44205 42778 76047 87177 37706 45677 76676 72296 43412 85189 41708 84383 8751 135477 101338 41135 69205 43754 75503 107269 86099 43144 61790 101964 20447 36374 34149 47221 150336 96349 89565 16513 39064 108523 120207 96859 125864 28699 134185 43326 27962 99964 71940 99655 26641 95781 34722 15437 14051 102330 92921 46035 26493 154921 41598 29096 46078 22865 30343 86690 31171 66455 84555 75408 97019 108384 32817 52018 52814 73615 72211 81778 84131 101338 102618 46035 103780 24078 84383 77954 36441 37036 64880 116506 34149 67750 41827 112489 134185 59665 82469
16295 95818 25706 110952 89183 116943 31865 77004 10223 20055 97717 51013 107817 79720 60129 16533 44473 25779 86983 102429 19789 40061 82112 27417 69553 8756 33616 87169 0 99414 71870 53568 98444 56514 50180 47255 95350 25281 42659 62281 73677 52840 48661 42900 71629 46768 76676 41564 37116 71280 64865 36335 20273 45383 58185 111459 67980 85007 19536 107011 78462 66669 29873 54408 74749 100047 77295 81201 64469 22335 68811 50817 67816 43508 56171 57178 45394 93773 55330 45078 64246 77246 57986 63834 65427 112108 61605 98133 48573 31004 5894 16980 69932 93804 109516 9646 41914 103454 38010 36791 36307 64970 110393 114724 25482 87670 62397 78855 58243 16329 68387 43769 98284 17055 63097 70619 53727 80532 22006 85135 64489 80273 49038 76318 40787 53030 30579 71550 15107 97306 27670 109699 108026 73062 18014 54595 50603 67844 19621 103004 5408 106797 14298 79964 52925 94958 47662 58271 43940 51296 80217 54691 84803 61301 24871 95225 61118 62545 103234 66646 13312 6857 87067 73461 23679 40193 48480 40028 62047 73677 83045 84447 91123 53105 38219 79716 78892 54115 85627 94332 29071 15902 44732 73025 67816 50322 83759 101651 70294 68927 2553 96523 39334 27410 20964 19318 33853 80149 113147 86492 81001 16295 41914 60129 94958 76318 44732 17055 102429 14298 25706 56514 50180 22335 31865 62545 53030 45383 53568 73677 48573 52840
97735 112280 114148 166547 30655 132050 127680 31937 89440 101083 90115 55247 177430 126960 40930 103993 97855 77781 65058 80419 90475 82082 29305 123597 42363 103413 127676 91430 99414 0 45955 72527 107208 100256 85973 86688 128386 79360 101660 57962 38925 47890 83553 134946 95118 88291 114352 84570 68648 111911 88987 74742 113499 86151 114380 116572 79224 15053 84359 127423 113559 134951 75616 152569 109452 128248 121123 136466 42226 90871 125604 89948 68689 84713 120656 102432 105025 34810 143115 94904 94430 25115 46261 106220 131365 131990 75124 154361 117395 69319 99285 115883 132928 19418 166893 100162 58667 62050 66579 83480 134289 53396 150798 135159 123238 144297 92664 96410 94140 99845 68271 107970 154949 105783 131507 166433 53933 110519 119288 131456 103648 55754 136857 37116 89380 127149 77334 109189 88116 141089 71981 135576 134101 26594 114205 69643 105111 142776 102846 58626 102619 132987 85750 84380 113689 16237 93127 131737 80208 131428 38250 140304 48577 128305 90416 76777 105585 104548 54571 126357 112589 106096 106270 117992 103382 138410 141670 115729 96570 82572 126846 114941 18430 130213 73903 111240 27643 76185 104687 82923 128257 114825 72493 66656 144591 99128 115561 135994 99709 106650 97021 66406 115787 73679 107816 118630 88907 116777 143240 135864 148167 97735 58667 40930 16237 37116 72493 105783 80419 85750 114148 100256 85973 90871 127680 104548 127149 86151 72527 82572 117395 47890
77578 124996 93938 166316 20221 147386 93282 14179 64020 65567 110281 21197 170717 127709 22333 82815 90942 46167 86641 105467 56266 41204 16957 99159 5808 78787 104936 106390 71870 45955 0 28402 122647 98499 83988 83081 135637 46938 93060 13156 7200 25842 81091 113807 101795 84205 117877 42874 34817 113739 93866 37606 79506 81635 109459 134684 87718 33104 52800 140084 118137 126665 42323 118648 113597 137609 122753 90829 12142 73968 121838 87643 78927 42403 112751 100438 96878 22891 103436 88866 97757 23187 17559 106297 123897 145292 80876 153174 107050 42360 69291 85516 126994 29777 165832 76707 33121 92668 33872 43605 108032 63004 156613 148492 97342 142263 95511 106142 94642 65713 22381 98288 153591 71608 122869 129605 18348 116964 93855 133075 104737 14530 97667 8863 82087 115356 42466 111953 57288 144691 50405 146608 144923 34522 89540 71762 99360 131735 83348 89965 76612 143662 57805 97762 69955 32503 88682 120660 75420 116967 9738 123358 72486 120045 54048 99492 104583 104491 87125 81507 83253 78596 116938 118908 66648 105321 119867 75123 98331 37010 129137 121777 28805 117202 36041 117097 18597 77556 115176 103549 100037 87582 68182 80229 101630 94715 121893 143371 104559 108951 69327 92508 101635 44881 87594 90380 49352 121103 153052 136503 141349 77578 33121 22333 32503 8863 68182 71608 105467 57805 93938 98499 83988 73968 93282 104491 115356 81635 28402 37010 107050 25842
64253 128323 78631 159557 48568 151047 68311 40987 48810 41464 119081 21653 159817 123489 36400 68012 85161 29796 98476 117418 34530 15005 44864 80469 30416 61879 87003 112489 53568 72527 28402 0 127769 95188 82418 80595 134959 29395 85886 15249 34382 33303 79669 96384 103397 81232 116093 15566 21487 111230 95259 17908 55480 78779 103027 140681 92079 58216 34446 142476 116987 116791 25537 93225 112544 138115 119424 64410 30700 63691 115170 85332 85607 14600 104106 96764 89569 50429 75625 83939 97736 47718 28916 103351 114724 147808 84615 146363 97281 32681 49327 63661 118600 57977 158579 60976 30750 108667 22711 18170 87579 72487 153987 150872 77776 135450 95452 109164 93216 42734 14971 89799 146656 48026 113014 102640 21096 117057 74868 129059 102582 29617 70095 36754 77300 103973 23674 110182 38603 141260 42393 147666 145935 54220 71462 74945 93365 119809 69721 106564 58907 144649 41710 103779 41630 60532 84833 109378 73462 103727 38076 108114 87384 110624 30579 110632 101119 101636 104586 53830 62322 59500 119606 115416 41498 80710 101684 47285 97270 22527 125787 121747 56679 104894 16067 116818 45037 79175 117873 113161 78728 67813 68035 88581 73238 90120 121545 142344 104763 107156 51269 106130 89798 32093 72931 69671 23409 119573 153054 131674 131585 64253 30750 36400 60532 36754 68035 48026 117418 41710 78631 95188 82418 63691 68311 101636 103973 78779 0 22527 97281 33303
82709 8180 85676 70784 124849 25164 126092 114604 92743 116883 19189 108620 90988 41259 100353 85608 55051 103605 42351 32847 110617 122966 117514 98803 116950 92977 96418 16403 98444 107208 122647 127769 0 43452 48778 51526 28527 105169 58327 124003 117988 98453 50859 95856 26822 51798 30619 125983 107057 34397 34088 113193 118100 53473 50676 13205 35738 103627 104104 20679 27941 65521 106417 139619 28673 24947 36891 177749 110553 76187 51034 47653 43721 127716 59063 43638 57270 131270 151861 53741 34221 106293 106335 38503 61969 24856 43164 62633 63881 96430 103715 110052 59162 119290 72411 89879 97192 52591 105393 121072 108169 59922 48629 27986 102179 57110 36051 19698 40286 113171 136852 60839 63392 115393 64736 158330 110687 23053 99499 41643 36417 137108 146050 118990 57685 70309 109408 32016 103203 44093 87575 29459 28268 92439 95922 52837 51911 75924 81824 55706 95811 27387 97360 24890 148591 117546 50894 70510 56696 78309 123653 88440 58670 62515 115301 32476 41056 38958 59889 163289 106307 99977 12706 37634 120799 128436 100917 137993 36701 149707 37772 22756 116249 74384 114394 24546 112184 48897 13594 25520 110156 102156 60283 42896 166159 49481 24120 34028 28724 33224 98288 43946 72262 98837 84211 106006 122216 29222 37570 46270 69681 82709 97192 100353 117546 118990 60283 115393 32847 97360 85676 43452 48778 76187 126092 38958 70309 53473 127769 149707 63881 98453
40306 39671 42310 68286 107262 60431 82748 94977 52558 75950 48607 79953 77178 29211 77261 42481 12054 67199 51283 58408 71352 87017 99210 55595 93508 50188 53809 36441 56514 100256 98499 95188 43452 0 14876 15418 40186 68395 14881 95700 95951 72659 17688 54726 18204 14344 21119 89712 73704 16062 16025 78368 75451 16914 14768 55929 26169 90965 65871 50554 22434 35979 70830 96515 18381 44159 24454 137392 86769 35107 25351 10970 34744 91617 22893 2176 14096 113523 108610 11803 11329 89226 80945 8165 32098 55709 26411 55377 23854 62511 62129 66832 32898 105582 68110 47391 67194 69191 72643 84538 65435 47112 58924 58422 58831 44746 11114 25249 7002 72163 107045 18005 55874 73563 33066 115186 82583 24027 56067 34610 8010 111854 102915 97761 17975 32966 73516 15428 63947 46470 52795 53882 52169 77304 52481 30644 9264 45366 38692 70612 53255 50905 58355 32723 108588 104947 10356 35718 23080 40187 102633 50860 60216 29864 76454 52501 6092 6487 73119 122824 63182 57191 31224 20511 79787 85035 60593 96531 7792 117713 30869 28099 102344 37063 79924 23269 94103 24074 29991 48327 66820 58781 30557 39345 123557 6219 27537 47311 14767 12577 56772 59591 30015 63491 40800 62578 84412 24654 58354 38033 48094 40306 67194 77261 104947 97761 30557 73563 58408 58355 42310 0 14876 35107 82748 6487 32966 16914 95188 117713 23854 72659
35246 47314 43121 83145 92393 69647 79667 80136 43976 68142 48003 66002 91583 43867 62530 39399 13710 55818 43188 54686 61933 75563 84344 56553 78898 45737 56604 37036 50180 85973 83988 82418 48778 14876 0 3007 52673 57234 18362 81811 81237 58159 2898 59874 22173 4139 34144 78440 61004 29773 14766 66315 70242 4797 28411 61952 19313 76257 55630 60501 34749 49142 59057 96797 30244 55699 38772 128998 72154 27860 39948 4002 24148 80269 35051 16982 20678 98662 104823 10597 15527 74355 66466 22339 45465 65821 15527 70252 33252 49883 55212 63397 46971 90761 82985 42291 53388 61308 59714 73371 67457 33436 72787 68795 58945 59608 13310 29081 10876 64450 93567 24489 70749 66923 45836 115095 68546 34648 55530 49146 20788 97550 98743 83000 9939 43177 61924 28181 54496 60707 40381 65274 63543 62537 51048 16473 19380 57625 35831 62098 48166 62256 48670 30298 99861 90176 7740 47038 8973 49172 87877 59458 48852 42603 66721 47869 20823 20531 63925 114523 59448 52566 38400 34962 72062 84087 66371 89311 14869 104898 45150 39329 87525 46874 67733 34403 79230 10313 36780 45528 66743 56377 15827 29513 117983 13244 39145 60202 22480 25144 49800 52419 35541 51515 39483 60589 73989 37514 70686 52773 62206 35246 53388 62530 90176 83000 15827 66923 54686 48670 43121 14876 0 27860 79667 20531 43177 4797 82418 104898 33252 58159
32248 49828 40270 83576 92098 72024 76662 79720 41223 65359 51008 64684 91187 44628 61889 36397 11780 53566 45822 57632 59331 73361 84031 53669 78094 42738 53851 40007 47255 86688 83081 80595 51526 15418 3007 0 54368 54935 16286 80466 80566 57240 3386 57342 24808 1674 35604 76200 59133 30985 17624 64254 67285 1966 27954 64676 22245 76560 53147 62743 36398 48264 56909 93840 31949 57629 39763 126325 71356 24924 39848 4745 26556 78048 34007 17390 18965 98316 101834 8635 17889 74248 65528 23307 44688 68050 18063 70578 31613 47967 52333 60393 46493 90841 83308 39302 51978 63904 57922 71101 64620 34722 74050 70985 56013 59825 15755 31831 12683 61652 92025 22578 71050 64041 44849 112120 67280 36643 52576 50009 22110 96472 95763 82402 6944 41561 59735 29655 51884 61772 38369 67260 65529 62765 48068 17710 18423 56405 32838 64607 45184 64244 46077 33304 97212 90361 6439 45638 7661 47262 87271 57416 50867 41635 64175 50784 21502 21515 66325 111832 56445 49576 40916 35867 69276 81099 63890 86496 16780 103105 46173 41248 87611 45140 65713 36301 78978 12102 39327 48516 63793 53374 15278 31994 115068 12541 40986 61802 24706 26617 46915 55122 33232 49405 36530 57590 71571 39043 72461 53444 61683 32248 51978 61889 90361 82402 15278 64041 57632 46077 40270 15418 3007 24924 76662 21515 41561 1966 80595 103105 31613 57240
79083 20420 76286 42417 141521 25844 118039 130040 92429 115222 46847 118526 62701 19015 113582 79910 51572 107361 66226 60700 111311 127188 133699 87808 130281 88092 83676 39095 95350 128386 135637 134959 28527 40186 52673 54368 0 108576 52726 134339 132150 110035 55502 80521 34273 53745 19071 129896 113488 24308 41880 118421 112992 56181 38151 32305 49798 122278 106016 16113 17972 44448 110938 126820 22435 6252 18652 176551 123578 74933 31795 49628 60151 131798 43798 38942 49996 147951 143953 51927 37935 122894 118318 32137 41812 19464 55529 34251 50792 102309 101151 103122 37640 137772 43935 85843 106010 79459 112290 124724 95158 76569 22431 21068 91798 30085 40208 31976 41807 111434 146231 52119 35014 112191 45071 145327 121000 18719 90043 16270 32460 149579 138806 133623 58119 53622 113659 24848 103955 15565 92660 14695 13168 109634 87709 64032 44751 53887 76276 82293 91446 12095 98441 44428 148073 136510 50442 51859 61642 61205 138473 69870 81246 43944 116473 58962 34682 33713 86218 161996 99908 94897 22713 22128 118969 117653 84227 135207 37818 157473 14683 13930 134585 57084 119937 18543 128388 58082 24082 52053 99382 94515 67963 61731 160537 45918 13744 7789 31078 27844 95938 70113 60774 103537 77008 97660 124548 15533 18171 19818 44252 79083 106010 113582 136510 133623 67963 112191 60700 98441 76286 40186 52673 74933 118039 33713 53622 56181 134959 157473 50792 110035
34873 104454 49464 130680 65120 126879 48512 53510 19419 21849 99738 26679 130424 95674 38519 38691 57497 1920 83175 101040 11169 18643 58549 52695 45132 33020 58845 91210 25281 79360 46938 29395 105169 68395 57234 54935 108576 0 57622 37000 49398 31470 54764 68038 79228 55235 89514 21326 12177 84397 71333 11522 34311 53000 74695 118354 70569 64395 5864 117678 90718 87526 4627 73726 86439 112306 92043 74067 40727 34950 86606 59514 66582 23222 75127 69738 61173 69286 64861 56728 72751 55399 34660 76499 85571 122985 63178 117533 68129 11804 22353 38746 89571 70948 129599 31756 20919 97024 13561 16180 61145 57703 126463 125913 50586 106680 70544 85729 67557 20502 43767 61024 117795 26481 83765 87073 29191 91477 47246 101252 76163 55001 58411 52089 50466 74602 5723 83752 10364 113541 17909 121999 120271 54402 43257 54004 65383 90414 40326 95742 30361 118991 12330 82872 45185 72502 58150 80004 48669 74369 55668 79083 76293 81450 12612 93843 74071 74878 94907 60161 36330 31830 95554 88034 24576 59806 73741 39801 71661 51061 98295 95978 68543 75499 13403 91032 55987 56528 93897 94820 53106 40730 45175 70790 70549 62851 95603 115670 79637 80797 22798 92091 60429 7459 43619 43442 17195 93047 126746 103535 102291 34873 20919 38519 72502 52089 45175 26481 101040 12330 49464 68395 57234 34950 48512 74878 74602 53000 29395 51061 68129 31470
26371 54438 27593 73969 104313 74648 67897 91638 40094 62495 62416 73126 78094 38138 73260 27834 4693 56693 61215 71052 58982 76181 96257 41013 88568 35762 39809 50458 42659 101660 93060 85886 58327 14881 18362 16286 52726 57622 0 88453 91536 67646 19667 41996 32574 14631 34028 78648 64695 28628 28362 68376 60981 16106 17142 70790 36474 90647 54285 64578 35881 34149 60670 81926 32369 57393 34975 123848 81958 22807 29356 15570 42484 80604 19862 14973 3820 110312 93790 7765 25177 87222 75666 21337 31041 69597 33817 60746 15750 53728 48435 52051 33934 104237 73212 33240 60357 79370 64012 73443 51223 50751 69007 72147 44098 49787 24122 39818 19301 58708 98788 6391 61091 59591 30463 100552 75918 38327 41238 43703 22429 105530 88146 93627 12287 25614 63084 29057 51764 56007 44133 67040 65368 76777 37600 33837 8014 41153 24068 80300 38978 64141 46521 45565 95355 104056 10863 30077 21523 30989 98414 41141 67131 27413 64228 64631 18587 20216 82233 109287 48462 42717 46085 31043 66246 70226 48332 82620 22021 108235 41014 41978 101044 29006 70076 37381 91452 28381 44870 61292 52086 43923 29168 47795 109013 8948 41219 59208 29618 26608 43212 70240 17300 53793 25932 47699 72624 37492 70635 45919 48512 26371 60357 73260 104056 93627 29168 59591 71052 46521 27593 14881 18362 22807 67897 20216 25614 16106 85886 108235 15750 67646
70092 125513 85825 162371 33353 148179 81326 26110 55507 53764 113331 15815 164930 124734 25887 74788 86933 36620 90999 110037 45144 28473 29725 89694 15600 69848 95820 108099 62281 57962 13156 15249 124003 95700 81811 80466 134339 37000 88453 0 19305 25682 78938 104956 101316 81382 115954 29919 25569 111449 93206 26438 67835 78827 105349 136527 88401 44133 42785 140244 116509 121142 32422 106581 111979 136873 120153 78507 17587 67715 117715 85174 80623 29344 107678 97494 92254 35533 90463 85217 96475 33687 18551 103743 118668 145536 81167 149154 101434 35238 59027 74699 122131 42777 161662 68215 28506 99192 25366 31101 97903 65832 154516 148687 87509 138193 94186 106376 92670 54302 13336 93155 149517 60041 117332 116958 13408 115906 84230 130226 102533 18055 84773 21580 78403 109097 31881 109990 47275 142170 44445 146174 144460 42264 80246 71631 95351 125337 75819 96778 67325 143181 48787 99355 56844 45389 85520 114481 72921 109912 22857 115480 78259 114681 42309 103615 101775 101962 94364 68668 72774 68785 117089 116206 54499 93538 110730 62122 96570 27942 126569 120696 41582 110553 24676 115866 30324 76777 115328 106948 89524 77594 66384 82769 88486 91288 120664 141952 103450 106952 59794 97820 95069 36640 79683 80043 36801 119321 152155 133302 135953 70092 28506 25887 45389 21580 66384 60041 110037 48787 85825 95700 81811 67715 81326 101962 109097 78827 15249 27942 101434 25682
77916 120698 94535 164099 15761 142900 96907 7019 65196 69209 104967 22756 169535 125097 18710 83447 89103 48384 80925 99598 59423 46091 10497 100657 4376 80068 106150 101644 73677 38925 7200 34382 117988 95951 81237 80566 132150 49398 91536 19305 0 23929 78355 114788 98065 81787 114769 48064 37249 110837 90275 41182 82919 79236 107547 129783 83538 25904 55187 135899 114881 125466 44884 122309 110357 133845 119967 97637 9732 73594 119868 85008 74359 47804 111359 97954 95334 20134 108415 86849 94442 16070 16360 103572 122540 141054 76935 151032 106007 43200 71619 88142 125414 23674 163739 77706 33016 86197 35910 48195 109981 58100 153457 144268 99121 140184 92233 102054 91696 69001 29550 97023 151478 74981 121697 133973 20215 113434 95502 130377 101842 20426 102498 2705 80152 114648 45488 108895 59593 141783 50303 142676 141009 28074 90978 68118 97456 131038 83654 83417 78155 139760 59418 93109 76002 26154 86404 119879 72928 116742 6928 123634 66335 118784 57756 93807 102000 101763 80465 87973 85621 80497 112837 116193 70625 108723 121024 80230 95252 44210 126309 118238 22300 116724 39808 113650 11421 74163 111082 98124 102331 89542 65422 75281 107506 92528 118424 139918 101118 105927 71124 86424 101194 46306 88108 92588 53925 117911 149321 133976 140020 77916 33016 18710 26154 2705 65422 74981 99598 59418 94535 95951 81237 73594 96907 101763 114648 79236 34382 44210 106007 23929
54809 100216 71573 140555 37848 122808 79849 25105 43438 53232 87682 11658 145611 101868 7294 60611 65316 29898 65773 84808 42598 37155 30131 78833 20971 58166 83863 82469 52840 47890 25842 33303 98453 72659 58159 57240 110035 31470 67646 25682 23929 0 55261 92148 76444 58373 92111 40131 21282 87920 68421 28136 65654 55804 83806 110898 62979 32949 36532 115111 92430 101540 27822 104879 87887 112204 96916 95959 14314 49932 96162 61802 54965 40886 87451 74603 71450 43362 95702 63150 72108 24437 8311 80458 98629 120371 55868 127436 82082 21922 51959 68694 101552 41054 140115 55417 10998 75367 19054 37678 88819 40250 130843 123547 77779 116546 69846 81162 68845 51956 38852 73097 127864 57903 97769 118543 12824 91415 73977 107233 78922 39544 89351 26137 56403 90772 29765 86176 40433 118865 27130 121341 119641 23598 69168 46486 73705 107156 60470 73268 56726 118371 38690 73733 69727 42120 62878 95984 49579 93051 30841 100259 54095 94861 42812 78235 78742 78652 71355 83807 65654 59678 91929 93067 55656 90796 98571 69038 72573 52784 103304 96227 38305 92918 27766 91494 26297 52019 90165 81360 81910 68663 42368 57100 98988 68940 96297 117741 78974 83165 50340 73062 77424 26032 65101 72146 42553 95366 127601 110669 116108 54809 10998 7294 42120 26137 42368 57903 84808 38690 71573 72659 58159 49932 79849 78652 90772 55804 33303 52784 82082 0
34163 49697 43107 85974 89577 72136 78624 77293 42055 66246 49156 63127 94139 46743 59650 38659 15164 53313 42794 55177 59760 73012 81523 56422 76005 44637 56831 38534 48661 83553 81091 79669 50859 17688 2898 3386 55502 54764 19667 78938 78355 55261 0 60532 24483 5056 37024 75914 58281 32671 16771 63682 68829 4067 30912 64057 19839 73634 53328 63091 37597 51435 56481 96346 33082 58452 41667 126895 69261 26449 42610 6727 23375 77729 37233 19769 22338 95835 103578 12018 18130 71586 63568 25228 47816 68418 15025 73055 34984 47186 53544 62361 49477 88054 85789 41097 50530 60823 56959 70869 67460 31382 75680 71415 58631 62381 15871 31201 13734 62585 90730 25963 73546 65251 48061 114530 65664 37389 55116 52033 23684 94653 97439 80128 9561 44931 59371 31062 52345 63605 37742 68000 66269 59881 50497 14362 21594 59697 35198 61454 46913 64982 46501 31392 97732 87508 9656 48972 6216 50646 85004 60789 47507 44839 64478 48231 23675 23420 63100 112449 58377 51369 40792 37851 70169 83438 67112 87467 17684 102133 48047 42096 84820 48522 65077 37182 76423 8742 39144 46293 66341 55588 12937 28851 116387 15576 41939 63051 25133 28027 48156 52165 36549 48920 39102 59852 71610 40383 73487 55639 64696 34163 50530 59650 87508 80128 12937 65251 55177 46501 43107 17688 2898 26449 78624 23420 44931 4067 79669 102133 34984 55261
37541 90102 20834 79675 129792 106017 44825 117179 49787 58154 103318 92643 69819 61592 99158 31549 46634 68336 103045 112816 62063 82437 122247 16365 110893 35124 9465 91122 42900 134946 113807 96384 95856 54726 59874 57342 80521 68038 41996 104956 114788 92148 60532 0 72839 55827 66302 83551 79502 61726 70001 79227 47623 56528 45229 106842 78467 121785 62391 95794 68897 38201 72561 46657 67272 86549 62538 110514 105217 44087 48737 57502 83893 85415 37370 53717 41046 134886 68364 49511 66008 115674 98566 57590 39566 99872 75378 68722 31985 71624 47147 36171 44383 132846 77497 37118 81896 121179 80093 79115 16226 89314 87520 101586 20042 60502 65417 79590 60670 55449 111255 36936 68584 52004 36259 64926 95468 73184 21932 65546 60083 122998 64666 117329 51280 26900 73451 63867 58001 75551 65029 94889 93524 108492 24924 73479 45464 33289 32159 121946 37686 92547 56214 87167 86660 133495 52775 29315 60069 19550 121561 14867 107491 36741 66672 106540 55250 57459 123629 97098 35664 36927 83150 60062 60320 39772 6801 70580 62513 115760 65882 75082 129905 23601 81114 71803 118380 69142 82393 102883 24034 29294 65994 89335 87480 50143 73889 84236 68662 62700 45302 112179 24873 68935 27261 28993 75381 68836 95287 64444 48508 37541 81896 99158 133495 117329 65994 52004 112816 56214 20834 54726 59874 44087 44825 57459 26900 56528 96384 115760 31985 92148
55971 25227 60166 71730 107248 47784 99705 95802 66016 90115 30499 85579 85739 32866 79600 59122 28813 77754 37545 41121 84102 97388 99429 73573 96344 66305 71990 18285 71629 95118 101795 103397 26822 18204 22173 24808 34273 79228 32574 101316 98065 76444 24483 72839 0 25000 19523 100323 82208 18476 8151 87907 91349 26770 29872 39909 15898 88234 77783 39099 18469 49559 80831 114495 14596 35815 26878 151132 89682 49365 36006 20832 26431 102119 38804 19127 32264 113678 125339 27173 7534 88624 84660 16762 45588 44427 21260 60115 41436 71259 76895 83562 44700 103646 72316 63138 73430 54384 80736 95304 83584 42485 56271 47519 76662 50937 9232 7336 13649 86391 113657 36208 60763 88571 47457 133126 87911 15661 73725 36741 13689 115916 119449 99473 30864 49772 83755 15292 76662 45980 62011 44903 43200 75421 69851 30033 27410 59812 55360 56348 69072 41928 70840 16052 122012 102474 24189 51587 30564 57418 104309 68058 49947 44526 88892 35873 18335 16149 59465 136640 79755 73288 16341 24555 94027 102717 78582 111192 10570 125713 32030 20364 100445 53956 89236 16200 94116 24540 14670 30884 84648 75870 35373 29033 139372 23633 20752 42062 5514 13745 71467 44519 48207 73250 58072 79842 96092 21683 51273 41400 58769 55971 73430 79600 102474 99473 35373 88571 41121 70840 60166 18204 22173 49365 99705 16149 49772 26770 103397 125713 41436 76444
31517 49838 38986 82319 93451 71888 75849 81036 41048 65118 51865 65622 89674 43531 63131 35459 10108 53907 47274 58784 59330 73727 85381 52425 79263 41992 52471 40696 46768 88291 84205 81232 51798 14344 4139 1674 53745 55235 14631 81382 81787 58373 5056 55827 25000 0 34873 76534 59752 30132 18135 64735 66701 2572 26459 64909 23432 78083 53276 62499 35776 46661 57329 92723 31375 57156 38778 126214 72531 24442 38438 4304 28099 78396 32383 16236 17291 99651 101127 6962 17866 75664 66647 22365 43105 67791 19551 69288 29939 48568 51940 59588 44974 92306 82012 38620 52879 65377 58594 71412 63319 36392 73167 70693 54846 58501 15826 32135 12336 61392 92830 20910 69751 63635 43229 111051 68244 36247 51456 48950 21358 97514 95093 83651 6068 39887 60121 28951 51876 60797 38917 66819 65088 64274 47017 19383 16834 54752 31850 66121 44527 63806 46098 34222 97136 91853 4870 43972 8873 45598 88515 55768 52508 40019 64231 51990 20435 20591 67880 111702 55663 48878 40942 34850 69029 80077 62354 86197 16434 103754 45194 40790 89077 43467 66223 35839 80348 13750 39386 49560 62662 52439 16650 33514 114578 11044 40475 61114 24525 25924 46515 56533 31633 49863 35411 56625 71749 38343 71874 52298 60146 31517 52879 63131 91853 83651 16650 63635 58784 46098 38986 14344 4139 24442 75849 20591 39887 2572 81232 103754 29939 58373
60382 23979 59052 52268 124979 41145 100698 113120 73432 96432 43562 100146 66726 13586 96088 61617 32577 88311 56397 56443 92295 108133 117031 71352 112659 69695 68002 32400 76676 114352 117877 116093 30619 21119 34144 35604 19071 89514 34028 115954 114769 92111 37024 66302 19523 34873 0 110832 94609 5404 25504 99426 94805 37358 21386 40609 35229 106864 86949 30899 2683 35064 91916 111472 4933 23372 7704 157839 105923 55935 20533 30862 45732 112736 28992 19887 31599 131359 126684 32857 20515 106515 100420 13077 31416 35740 39540 40603 34773 83418 82427 85345 28953 122083 52802 67264 87512 72307 93467 105657 79725 61280 38736 38181 75120 31710 22630 21194 23308 92641 127625 34199 41258 93619 34126 130156 102688 7733 72987 17222 13515 131598 121308 116386 39071 40055 94620 5964 84923 27210 73736 33048 31364 93710 70196 47030 26180 45535 57911 74594 72969 30127 79387 34082 129229 121079 31405 39934 43048 48047 121259 57967 69435 31907 97440 52563 15673 14642 78001 143272 81961 76593 18483 7076 100214 101330 70950 116648 19546 138618 12530 8802 118859 44040 100960 6200 111782 40701 18430 46441 82933 76883 49774 48554 142658 26873 7690 26256 14643 9003 77159 62460 44159 84543 59070 80279 105484 3540 37235 21888 41222 60382 87512 96088 121079 116386 49774 93619 56443 79387 59052 21119 34144 55935 100698 14642 40055 37358 116093 138618 34773 92111
54585 125545 67240 151013 63062 148050 52890 54136 39148 26665 119522 29835 149270 116771 45305 57298 78720 22634 101188 119664 21777 3197 58497 67324 43810 50255 74091 111607 41564 84570 42874 15566 125983 89712 78440 76200 129896 21326 78648 29919 48064 40131 75914 83551 100323 76534 110832 0 20740 105701 92354 13471 40429 74273 95620 139129 90927 69738 24459 138927 112044 107285 19568 77691 107764 133628 113262 56324 42402 55857 107343 80804 86009 1983 95501 91037 82116 65451 60566 78025 93967 59455 38660 97808 105612 144241 83456 137947 88263 29855 36561 49379 109812 71691 149800 50082 33290 113425 22976 5205 73535 75122 147609 147185 64271 127184 91744 106689 88845 28501 29833 81697 138173 33297 103588 87180 30721 112781 61700 122343 97489 45176 54855 50625 71791 93955 16584 105077 27685 134644 38412 143318 141590 63299 58838 74015 86493 109231 59592 111719 46968 140310 32273 103109 29659 74002 79476 99299 69768 92778 52607 96119 92184 101468 16890 112593 95363 96193 110287 43712 48509 46744 116663 109258 26234 65324 88437 32252 92949 32226 119481 117295 70046 94388 12958 112347 57812 77134 114989 114203 64440 54431 65732 89760 60021 84131 116926 136971 100884 102123 39561 109605 79901 27147 62086 55794 8374 114366 148065 124487 121897 54585 33290 45305 74002 50625 65732 33297 119664 32273 67240 89712 78440 55857 52890 96193 93955 74273 15566 32226 88263 40131
44652 107263 60256 138568 52988 129951 60113 41557 29939 32726 99493 14601 139905 102089 27771 49229 63789 11355 80534 99113 22430 17548 46554 64491 32967 44378 70451 92148 37116 68648 34817 21487 107057 73704 61004 59133 113488 12177 64695 25569 37249 21282 58281 79502 82208 59752 94609 20740 0 89744 74096 7403 45977 57307 81812 120087 71550 53598 18016 121230 95516 96391 7636 85456 91082 116700 97964 76988 28763 42943 94039 63866 65902 22030 83314 75291 68422 57109 74541 62496 76384 44128 22972 81867 94119 126563 64053 125352 76736 11194 34509 50914 97822 59138 137682 42654 12681 92711 2338 17160 73216 54433 132528 129603 62557 114410 74106 88163 71773 32035 34206 68882 125668 38053 92589 98146 17034 95652 59122 107654 81098 43615 68238 39945 55833 83988 8717 88701 22486 119831 20915 126276 124544 44862 54938 54444 72052 100117 50345 91044 41990 123258 23288 83522 49470 60828 63350 89391 52067 84490 43491 89914 71497 90064 21775 92092 79644 80149 89699 64025 48499 43800 98483 93959 34780 71675 85384 47766 75837 44014 104336 100324 56844 85267 7832 95388 44239 58227 96765 93954 65266 52769 46942 69408 77871 68675 100103 120861 83404 85677 34586 88884 69874 11255 54131 55581 21495 98091 131594 110345 111218 44652 12681 27771 60828 39945 46942 38053 99113 23288 60256 73704 61004 42943 60113 80149 83988 57307 21487 44014 76736 21282
54987 28381 53798 54722 121437 46451 95391 109421 68125 91053 45563 95661 67335 15049 92130 56219 27265 83225 56010 57860 87004 103030 113446 66229 108603 64292 63059 33834 71280 111911 113739 111230 34397 16062 29773 30985 24308 84397 28628 111449 110837 87920 32671 61726 18476 30132 5404 105701 89744 0 22982 94428 89409 32662 16536 45137 33356 103872 81735 36234 7522 32457 86881 106520 5823 28767 9306 152451 101859 50628 18172 26278 43665 107613 24673 14667 26205 127784 121378 27678 17488 103089 96230 7906 28614 41118 36801 42468 29936 78549 77037 79987 26898 118931 54985 61861 82963 72602 88655 100518 74807 58588 43067 43579 69947 32755 19357 21977 19141 87262 122962 28869 43070 88217 31018 125223 98243 11465 67746 19801 9003 127322 115974 112524 34031 35912 89554 3242 79646 30960 68842 38429 36750 90533 64882 43597 20777 42937 52510 74686 67565 35518 74141 34131 123863 118041 26413 36325 38548 43912 117402 54089 68130 28497 92164 53409 10376 9594 77888 137886 76586 71192 21817 6180 94829 96194 66595 111247 15758 133757 15499 13852 115698 39996 95986 10080 108237 37115 21379 47681 77794 71547 45557 46993 137280 21621 12883 31275 13033 5262 71777 62723 39084 79552 53705 74978 100259 8876 42427 23985 40413 54987 82963 92130 118041 112524 45557 88217 57860 74141 53798 16062 29773 50628 95391 9594 35912 32662 111230 133757 29936 87920
49621 33222 55550 77564 99830 55863 93835 88204 58726 82901 34265 77456 89860 38010 71735 53301 24039 69828 35442 42815 76531 89398 91948 69069 88458 60077 68167 22688 64865 88987 93866 95259 34088 16025 14766 17624 41880 71333 28362 93206 90275 68421 16771 70001 8151 18135 25504 92354 74096 22982 0 79854 84835 19532 30132 47285 10773 81372 70066 47249 25057 51029 72833 109828 20698 43783 32140 143662 81774 42530 38651 14352 20740 94135 38706 17716 28957 106241 119220 21780 5767 81271 76660 18410 47062 52576 14039 65444 39814 63177 69956 77596 47021 96635 77919 56743 65283 53226 72607 87362 79521 35786 63516 55669 71867 55659 4947 14439 9376 79213 105517 33076 66050 81665 48435 128330 79803 23161 68699 42483 15412 107928 113210 91743 24187 48987 75775 20202 69115 52626 53992 52978 51267 68292 64525 22157 24978 60845 49608 54741 62655 49991 63273 17212 114502 95593 18505 51598 22689 56184 96594 66850 45695 45310 81237 36647 18839 17086 57396 129209 73703 66989 24394 29126 86822 97578 76091 104077 8931 117566 37910 27963 93416 53087 81164 23434 86659 16436 22686 32947 79802 70234 27228 24482 132680 19859 28176 49657 11021 17731 64538 43584 45129 65247 52771 74339 88279 28229 59197 46881 61795 49621 65283 71735 95593 91743 27228 81665 42815 63273 55550 16025 14766 42530 93835 17086 48987 19532 95259 117566 39814 68421
46348 113075 60942 141823 56888 135691 55775 46247 30936 28050 106233 19628 141917 106229 34186 50208 67911 11902 87717 106204 18757 10276 51071 63623 36809 44367 69947 98557 36335 74742 37606 17908 113193 78368 66315 64254 118421 11522 68376 26438 41182 28136 63682 79227 87907 64735 99426 13471 7403 94428 79854 0 41909 62370 85508 126290 77898 59703 16861 126771 100475 98903 7719 81173 96105 121876 102368 69612 33628 45953 97558 68940 72677 14903 86315 79838 72007 60418 68423 66890 81809 49878 28546 86524 96871 132099 70407 128646 79425 16766 32693 48272 100795 64001 140801 43242 20082 100080 9719 9771 71524 61656 136894 135096 61254 117757 79553 94078 76937 28115 32271 72082 128926 34003 95130 92962 21457 100893 58092 111808 85962 44178 62237 43879 60397 86066 5839 93576 21228 124062 25940 131514 129783 51712 54345 60882 75990 101920 51835 98433 41562 128498 23852 89997 42092 65925 68031 91470 57480 85891 46893 90527 78882 92764 16574 99143 84192 84849 97101 56622 46349 42623 104236 98354 29489 67732 84779 41093 81031 39895 108685 105498 61924 87007 1895 100549 49339 64296 102537 100830 63088 51301 52919 76347 70853 73063 105207 125668 88792 90578 33929 96151 71891 14884 55134 53636 14423 102938 136577 114267 113690 46348 20082 34186 65925 43879 52919 34003 106204 23852 60942 78368 66315 45953 55775 84849 86066 62370 17908 39895 79425 28136
35391 115064 38007 123829 98673 135628 14203 87523 29017 14097 117942 60545 117031 96228 72784 33193 63431 35779 107012 122677 23555 40476 92495 31653 78566 25264 38572 107274 20273 113499 79506 55480 118100 75451 70242 67285 112992 34311 60981 67835 82919 65654 68829 47623 91349 66701 94805 40429 45977 89409 84835 41909 0 65448 75029 131000 88239 98601 29141 125537 96788 79554 38454 39479 93349 118044 94533 64975 74734 42399 84413 70641 87990 41962 71394 75872 63207 102326 35110 64414 83886 89710 68871 82315 79134 130510 81876 111585 63714 44381 16452 11580 83956 105110 122049 28221 54838 123186 47695 37343 34628 84245 126253 132986 27630 101728 82131 98633 77814 13946 70189 60874 111626 7940 76354 53163 62821 99287 26666 101418 83301 84776 28775 85624 60661 65766 37466 90028 25562 113271 44590 127564 125934 88005 26578 74737 68645 78346 36925 122582 22290 124740 29187 100181 39188 106749 67205 70487 64205 61883 88785 61932 104001 75188 25534 115464 79561 81178 122591 50814 13518 18270 106435 90879 14306 25825 51113 23567 81482 71311 99884 102942 102777 64695 43471 98360 90188 74387 105060 114604 25209 19887 64861 93145 48119 69234 102150 118818 89660 87578 21275 116517 53688 39898 36044 18752 32157 98187 130376 102136 92827 35391 54838 72784 106749 85624 64861 7940 122677 29187 38007 75451 70242 42399 14203 81178 65766 65448 55480 71311 63714 65654
30505 51793 39046 84866 90957 73980 74951 78522 39271 63415 52728 63062 92024 46103 60586 34799 11832 51640 46861 59098 57365 71442 82886 52377 76699 40996 52765 41827 45383 86151 81635 78779 53473 16914 4797 1966 56181 53000 16106 78827 79236 55804 4067 56528 26770 2572 37358 74273 57307 32662 19532 62370 65448 0 28855 66629 23716 75771 51185 64683 38209 48842 55004 92384 33781 59505 41341 124363 69968 23063 40909 6571 27414 76125 34511 18808 19073 97146 100055 8779 19851 73221 64077 24917 45339 69987 19092 71823 31689 46131 50427 58681 47325 89911 84545 37525 50326 64883 56122 69168 63400 34653 75709 72915 54624 61023 17720 33777 14582 59712 90306 22479 72283 62138 45361 110611 65680 38542 51136 51521 23847 94942 93964 81107 5508 41622 57821 31423 49918 63359 36508 69148 67417 61943 46561 17736 19093 56735 31288 65494 43390 66133 44111 34994 95247 89493 7267 45855 6356 47069 85970 57092 51315 42167 62210 52193 23006 23137 67102 109871 54720 47803 42883 37417 67333 79550 63129 84562 18685 101296 47756 43128 86686 45100 63840 38178 77868 12633 41293 50093 62360 51761 14204 32901 113188 13471 42846 63583 26651 28390 45013 56231 32701 47512 35105 56000 69615 40815 74293 54868 62465 30505 50326 60586 89493 81107 14204 62138 59098 44111 39046 16914 4797 23063 74951 23137 41622 0 78779 101296 31689 55804
42212 44910 38160 57030 119697 62263 79921 107176 56778 78232 59861 89890 63239 21542 89031 42193 18521 73799 65572 70993 75557 93206 111622 50078 104776 50452 46616 47688 58185 114380 109459 103027 50676 14768 28411 27954 38151 74695 17142 105349 107547 83806 30912 45229 29872 26459 21386 95620 81812 16536 30132 85508 75029 28855 0 61671 40670 104509 71196 51965 23876 21211 77799 90086 22045 43559 19546 139153 98097 39778 12392 24432 49506 97584 8942 12710 13522 125836 105865 20712 24695 102067 91958 13213 17343 56555 41167 43823 13410 70807 64067 64990 18567 118760 56409 48551 77079 83261 81093 90420 58343 61552 52341 58732 53931 32869 25213 35695 21697 74481 115864 14417 44205 74695 18357 108773 92647 27970 51988 27006 16196 122228 100666 109526 27404 20101 80189 18661 68475 39265 61168 52829 51254 90719 49558 44786 10102 30734 38699 84856 53905 50111 63397 45692 111109 118310 21603 21740 35181 27974 114362 38471 74975 15193 80845 65624 11610 13739 87524 124650 61830 57097 37985 16084 81854 80052 50254 97608 21233 125375 24923 30176 115533 24285 87214 26612 106651 38340 37316 60752 61673 56367 43059 54039 122402 15417 29073 43790 24841 17776 59074 73528 22871 70934 38987 59524 89392 24297 55348 28867 33796 42212 77079 89031 118310 109526 43059 74695 70993 63397 38160 14768 28411 39778 79921 13739 20101 28855 103027 125375 13410 83806
95620 16768 97861 71897 135897 16656 138677 126089 105899 130020 26463 121272 94269 48865 112473 98320 67736 116782 51599 38024 123816 136101 128763 110793 128944 105815 108036 28429 111459 116572 134684 140681 13205 55929 61952 64676 32305 118354 70790 136527 129783 110898 64057 106842 39909 64909 40609 139129 120087 45137 47285 126290 131000 66629 61671 0 48603 114150 117308 18259 37977 74275 119561 151425 39749 26808 45608 190939 122650 89249 60141 60730 55953 140852 69595 55912 69464 142276 164526 66587 47216 117499 118662 50293 71016 19733 56080 65890 75057 109524 116780 122730 67622 129743 73955 102786 110033 58462 118390 134233 119800 71713 47865 22068 114300 62381 49116 32873 53227 126299 149475 72852 66653 128441 74013 170143 123270 33717 111764 47850 48530 149190 158786 130661 70752 80647 122560 43220 116400 46923 100729 26690 26205 103590 108362 65743 64013 84398 94530 61847 108712 25870 110558 37171 161785 127822 63830 80232 69900 88628 135248 98390 68114 72131 128505 39990 52959 50970 66212 176473 119034 112824 24705 47228 133933 140600 111558 151100 49518 162507 44839 31935 126781 84595 127470 35059 123464 62008 25977 33649 122248 114708 73406 54504 179095 62061 33206 35204 41378 44894 111353 51098 83918 111986 96721 118477 135411 38409 34468 51928 76253 95620 110033 112473 127822 130661 73406 128441 38024 110558 97861 55929 61952 89249 138677 50970 80647 66629 140681 162507 75057 110898
53952 37292 62402 87497 91971 59830 98389 80840 60569 84606 29859 72930 100514 48249 65392 58491 31838 68899 25185 35391 77150 87848 84258 75855 82126 64400 75729 20680 67980 79224 87718 92079 35738 26169 19313 22245 49798 70569 36474 88401 83538 62979 19839 78467 15898 23432 35229 90927 71550 33356 10773 77898 88239 23716 40670 48603 0 72489 70189 52383 34339 61701 71398 116080 30303 50676 42298 144185 75577 46046 49423 21014 10535 92596 49055 28053 37819 98417 123157 29041 16533 73300 71002 29182 57745 57576 7497 75657 49486 61150 72566 82139 57788 87974 87996 60809 61461 43239 69816 86148 86712 26772 72005 60779 78254 66111 15524 18539 19187 81063 101166 41924 76284 84204 59020 134327 75045 31437 74818 52428 26170 102056 116953 84784 29160 58969 74435 30393 69926 61878 52714 59219 57573 59887 70276 17140 34575 71402 55002 44507 66563 56341 64103 12354 115021 86726 25729 61886 24045 65877 89569 76478 34949 55863 81478 28558 29554 27850 46950 129922 78140 71055 29304 39535 88512 103260 84790 105874 19632 113970 47757 36018 84789 62994 79014 32069 78920 14257 27552 26486 86036 75427 25415 13731 135373 28856 36519 57556 20628 28173 67262 33863 53722 63878 58774 79688 87754 37557 66131 56985 72564 53952 61461 65392 86726 84784 25415 84204 35391 64103 62402 26169 19313 46046 98389 27850 58969 23716 92079 113970 49486 62979
84329 107790 100951 158550 23014 128775 112794 18997 75164 86075 88060 40252 167747 118837 25909 90510 87169 62844 62897 80266 75487 67187 18168 109809 28705 89410 114187 87355 85007 15053 33104 58216 103627 90965 76257 76560 122278 64395 90647 44133 25904 32949 73634 121785 88234 78083 106864 69738 53598 103872 81372 59703 98601 75771 104509 114150 72489 0 69472 123131 106382 124508 60599 137776 102068 122832 113174 122491 27600 77902 116203 80258 62151 69951 110127 93122 94184 28945 128064 84368 86477 10503 31266 97566 121083 127980 67333 145989 106239 54580 84628 101294 123052 15671 158662 86284 43818 64186 51538 68510 120309 45751 144482 131196 109237 135590 84521 90575 85343 84893 55407 96820 146534 90849 120939 151459 39035 103878 105321 123646 95236 44912 121804 24672 78399 115790 62289 101380 73306 133988 57851 130815 129251 13870 100304 60492 94863 131755 89627 61058 88426 128074 71158 79537 99027 14240 82953 120594 69573 119532 27159 127978 46726 117790 75369 75489 96613 95823 57567 111966 98088 91753 100959 109786 88344 123654 128444 100720 88199 70114 119175 108502 12635 118618 58886 104424 14599 67087 99284 80894 113980 100583 61691 61257 129736 89101 108969 130020 92349 98654 82574 66381 103771 58869 94541 104292 73902 109574 138149 127821 138227 84329 43818 25909 14240 24672 61691 90849 80266 71158 100951 90965 76257 77902 112794 95823 115790 75771 58216 70114 106239 32949
30309 102941 44186 126619 70888 125155 43325 59167 14771 17726 99733 32442 125613 92423 43704 33623 54576 6849 84418 101835 7535 22227 64227 46921 50938 27513 53146 90681 19536 84359 52800 34446 104104 65871 55630 53147 106016 5864 54285 42785 55187 36532 53328 62391 77783 53276 86949 24459 18016 81735 70066 16861 29141 51185 71196 117308 70189 69472 0 115752 88294 83089 10490 68375 84117 109987 89054 73997 46408 31479 82885 57580 67049 26434 71079 67077 57708 75114 61003 54093 71035 60720 40233 73879 81297 121028 62937 113529 63902 15449 16495 32965 85432 76510 125448 26539 25697 98970 19289 19279 55284 59501 123288 123893 44750 102746 68885 84506 65599 15698 49080 57239 113764 21494 79360 82193 34997 89359 41446 97987 73763 60749 54499 57873 48138 69947 11060 81295 4506 110291 18625 119705 117984 58976 37545 54116 62183 85558 35545 97875 24711 116712 7814 82542 44837 77988 55795 75330 47408 69348 61498 73710 78593 77159 11289 94593 71364 72318 97284 59762 30483 26005 94027 85063 20979 54354 68015 37396 69682 55529 95220 93752 74048 70650 18754 88825 61533 55979 92410 95141 47251 34878 44824 71545 68114 60115 93303 112951 77797 78392 17092 93542 55808 10871 38525 37580 18543 90489 124160 100061 97786 30309 25697 43704 77988 57873 44824 21494 101835 7814 44186 65871 55630 31479 43325 72318 69947 51185 34446 55529 63902 36532
90747 15355 89923 53639 143760 10302 131595 133010 102961 126502 39674 124562 76272 34806 117765 92350 62553 116296 62861 52992 121609 136062 136219 102042 134506 100339 98353 36004 107011 127423 140084 142476 20679 50554 60501 62743 16113 117678 64578 140244 135899 115111 63091 95794 39099 62499 30899 138927 121230 36234 47249 126771 125537 64683 51965 18259 52383 123131 115752 0 28772 60438 119556 141732 32265 9891 33268 187940 127942 85597 47311 58201 61757 140764 58612 49836 62390 150206 157580 62238 44977 125102 123234 43247 57660 5333 59265 48041 65144 110214 112666 116220 53632 138796 55715 97752 112507 73073 119796 133840 109981 78364 29718 8442 105886 45600 47222 33962 50164 122715 152699 65094 48798 124038 60875 160340 126838 26548 103840 32382 42549 154383 152204 137098 67686 68951 122423 35522 114165 29192 100832 8980 8123 111392 101094 68652 56913 69984 88611 76252 103541 7638 108457 43601 159087 137195 60118 67558 69291 76700 141856 85676 79023 59541 126610 53125 45992 44473 80476 173373 112801 107285 23182 36049 130341 132011 99791 147039 46073 164811 30485 22600 135699 72580 128150 27298 130873 63559 24946 46189 113637 107777 74470 61907 173483 56708 23397 17180 38044 38084 107320 64597 74836 112006 89935 111175 134245 27713 17127 35764 60148 90747 112507 117765 137195 137098 74470 124038 52992 108457 89923 50554 60501 85597 131595 44473 68951 64683 142476 164811 65144 115111
62170 21318 61319 53310 124819 38958 102899 113072 74950 98131 41159 100694 68541 15478 96232 63596 34165 89475 54747 54174 93773 109308 116905 73730 112862 71621 70479 30193 78462 113559 118137 116987 27941 22434 34749 36398 17972 90718 35881 116509 114881 92430 37597 68897 18469 35776 2683 112044 95516 7522 25057 100475 96788 38209 23876 37977 34339 106382 88294 28772 0 37698 93014 113949 4543 21735 9844 159566 106136 57468 23170 31657 44874 113935 31618 21401 33618 131218 128885 34235 20442 106295 100732 14644 34071 33725 39070 41980 37282 84338 84179 87456 31531 121683 53979 69111 88126 70372 94320 106883 82215 60695 38594 36270 77462 33481 22651 19317 23874 94340 128315 36372 42655 95446 36798 132642 103200 5164 75268 18518 14555 131957 123464 116447 40254 42710 95755 7007 86375 27617 74693 31457 29748 93349 72387 46925 28148 48159 59868 72728 74858 28490 80789 32352 130875 120612 32569 42616 43707 50705 121315 60644 68144 34589 98885 50475 17345 16051 76206 144997 84029 78549 15873 9719 101934 103701 73585 118469 19940 139501 13777 6337 118467 46705 101982 3649 111634 40723 15897 44244 85301 79039 50189 47437 144711 28382 5379 25454 14042 9921 78880 60552 46564 85594 61169 82488 106836 3217 36103 23324 43526 62170 88126 96232 120612 116447 50189 95446 54174 80789 61319 22434 34749 57468 102899 16051 42710 38209 116987 139501 37282 92430
52779 58329 41877 44439 138444 70289 80742 125748 68327 86120 78020 106256 44075 25702 107327 50237 37345 87002 86346 90165 85935 105274 130392 49512 122368 58010 43758 66231 66669 134951 126665 116791 65521 35979 49142 48264 44448 87526 34149 121142 125466 101540 51435 38201 49559 46661 35064 107285 96391 32457 51029 98903 79554 48842 21211 74275 61701 124508 83089 60438 37698 0 91256 84773 38147 50687 28773 144488 115827 53485 14531 45244 70709 109266 14385 33907 30455 144413 105657 40155 45410 121350 109432 33016 3983 63856 62375 32034 19709 85939 72400 68279 6808 138319 42878 57425 93659 103768 96064 102207 54093 82521 49322 65142 53827 22611 46181 54259 42886 82616 130551 28444 32074 81305 3811 102804 109101 42792 53402 28463 36154 138641 101372 127613 46204 13826 93230 35555 79601 37472 76760 58080 56881 110649 53000 65613 29846 10496 47702 105531 61551 56042 75399 65611 118084 138069 41827 9248 54950 18894 132369 25737 96173 6741 91205 85359 32196 34064 108355 130366 66077 63471 53545 27988 89288 77579 40706 103084 42100 138546 29980 42863 135116 15248 100727 41260 125600 59286 53416 79937 60323 59682 62818 75183 124027 35902 41513 46946 44141 36072 68242 93947 27419 85165 45711 61583 100137 36330 57579 26577 14828 52779 93659 107327 138069 127613 62818 81305 90165 75399 41877 35979 49142 53485 80742 34064 13826 48842 116791 138546 19709 101540
38819 106041 53785 134109 60624 128590 52624 49142 23555 25479 100177 22221 134381 98560 34691 42913 60259 4338 82667 100843 14972 16567 54156 57289 40598 37492 63400 92078 29873 75616 42323 25537 106417 70830 59057 56909 110938 4627 60670 32422 44884 27822 56481 72561 80831 57329 91916 19568 7636 86881 72833 7719 38454 55004 77799 119561 71398 60599 10490 119556 93014 91256 0 77926 88671 114485 94748 74258 36348 38236 89841 61564 66768 21310 78610 72266 64295 64720 67971 59294 74579 51380 30417 78976 89191 124878 63939 120930 71747 10656 26969 43294 93094 66668 133094 36081 17766 95901 9242 14763 65772 56863 129255 127850 55208 110039 72339 87144 69586 24537 39593 64364 121211 30554 87478 90904 24669 93547 51854 104140 78480 50444 61583 47580 52855 78494 3067 86091 14992 116402 18854 124145 122414 51116 47824 54553 68306 94423 44375 94467 34906 121131 16573 83612 45801 68295 60511 83902 50306 78501 51101 83437 74937 85089 15106 93699 76616 77315 93432 60684 40933 36449 97172 90734 27836 64094 78308 42018 73687 47614 101051 98118 64322 79519 9488 93167 51735 57568 95489 95014 57715 45357 46167 70725 72579 65458 97798 118141 81532 83104 27376 91386 64322 7588 47841 48061 17310 95436 129103 106570 106054 38819 17766 34691 68295 47580 46167 30554 100843 16573 53785 70830 59057 38236 52624 77315 78494 55004 25537 47614 71747 27822
63253 134685 54354 124216 138044 152016 25402 126997 64618 53123 144092 100017 109828 108024 112075 57894 85901 75126 138257 151470 63030 78415 131959 40927 117945 53641 43470 132301 54408 152569 118648 93225 139619 96515 96797 93840 126820 73726 81926 106581 122309 104879 96346 46657 114495 92723 111472 77691 85456 106520 109828 81173 39479 92384 90086 151425 116080 137776 68375 141732 113949 84773 77926 0 111706 132738 108516 78156 114209 71722 95152 95751 118563 78883 83140 96078 82467 141526 29748 88049 107096 129084 108339 101194 86222 146019 111053 114293 76714 83252 53458 37429 91035 144588 121759 57451 93959 155646 87165 75552 31762 118483 134028 147874 37963 106791 105932 121706 101140 53421 107309 78791 114069 47406 82916 18719 102267 117784 41267 112139 103205 122837 30112 125012 86920 73340 76921 108225 64470 122192 81857 141319 139911 126681 45874 105968 87735 78756 61188 155601 52823 138896 67051 126754 64138 146212 91344 75970 93413 66204 128052 59841 138236 83321 64625 144574 98586 100664 156280 68084 41212 48507 127026 105712 52083 14254 44548 49384 103931 105580 112271 120260 142244 70232 82648 116515 129661 103767 126026 142259 30066 41529 96526 124041 49546 90862 119157 130813 111227 106563 56508 147823 67510 78909 57314 37159 69958 114298 141925 111101 93810 63253 93959 112075 146212 125012 96526 47406 151470 67051 54354 96515 96797 71722 25402 100664 73340 92384 93225 105580 76714 104879
58482 22988 58509 57196 120363 42283 99873 108582 70933 94295 39913 96164 71448 18367 91703 60192 30309 85172 51642 52435 89705 105006 112438 71200 108326 68119 68292 28360 74749 109452 113597 112544 28673 18381 30244 31949 22435 86439 32369 111979 110357 87887 33082 67272 14596 31375 4933 107764 91082 5823 20698 96105 93349 33781 22045 39749 30303 102068 84117 32265 4543 38147 88671 111706 0 25878 12397 155741 101599 53488 23738 27217 40812 109647 30403 17572 30399 126756 125844 30162 15931 101859 96189 11048 34343 37369 34736 45520 35361 79911 80417 84258 32404 117327 57735 65493 83608 67779 89865 102613 80054 56436 43105 40048 74817 36493 18124 16754 19373 90506 123810 33447 46171 91773 36805 130421 98666 6107 72463 22155 10385 127414 120328 111932 36007 41669 91432 3483 82288 31930 70285 35590 33868 88972 69377 42441 24886 48640 56434 69995 71294 32595 76662 29417 126964 116291 28330 42148 39209 49662 116801 59884 64526 34313 94786 48250 13806 12208 73337 141171 80752 75084 16036 10740 98120 101110 72252 114776 15411 135052 17461 9722 114107 45770 97597 5016 107173 36206 15559 42321 82719 75941 45649 43623 141369 24474 9186 29975 9753 5826 75083 57913 44196 81228 57989 79502 102658 7580 40513 26805 45398 58482 83608 91703 116291 111932 45649 91773 52435 76662 58509 18381 30244 53488 99873 12208 41669 33781 112544 135052 35361 87887
83753 17318 81713 46071 142647 19626 123471 131430 96685 119797 43925 121085 67560 25177 115411 84883 55878 111024 64931 57715 115506 130856 134921 93469 132158 93004 89495 37569 100047 128248 137609 138115 24947 44159 55699 57629 6252 112306 57393 136873 133845 112204 58452 86549 35815 57156 23372 133628 116700 28767 43783 121876 118044 59505 43559 26808 50676 122832 109987 9891 21735 50687 114485 132738 25878 0 24290 181211 125498 79201 37872 52935 60743 135507 49626 43126 54872 149092 149423 55962 40477 123975 120442 36342 48012 13327 56926 39127 56454 105563 105800 108374 43879 138421 47866 90621 108723 77083 115408 128482 101035 77342 23828 15201 97408 35896 42771 32279 44951 116006 148997 57237 39892 116979 51259 151283 123487 21065 95544 22506 36224 151707 144190 135215 61885 59655 117267 28741 108105 20156 95996 9723 8013 110511 93053 65847 49507 60136 81202 80061 96304 6760 102507 43880 152576 137025 54207 58017 64654 67299 140037 76065 80479 50063 120613 56667 39003 37785 84116 166644 105079 99871 21983 27477 123583 123375 90352 140008 40870 160585 20839 16382 135264 63177 123341 21328 129587 60198 23600 49681 105058 99820 70553 61774 165765 50112 16703 9092 33460 31600 100528 68020 66341 107013 82164 103063 128529 19904 15481 25897 50308 83753 108723 115411 137025 135215 70553 116979 57715 102507 81713 44159 55699 79201 123471 37785 59655 59505 138115 160585 56454 112204
61120 29560 57642 45452 130699 43523 99390 118644 75044 97279 50975 104400 59062 5989 101257 61568 34547 90964 64032 64017 93944 110681 122698 69201 117669 69798 65217 40019 77295 121123 122753 119424 36891 24454 38772 39763 18652 92043 34975 120153 119967 96916 41667 62538 26878 38778 7704 113262 97964 9306 32140 102368 94533 41341 19546 45608 42298 113174 89054 33268 9844 28773 94748 108516 12397 24290 0 158434 110925 57644 14539 35130 52713 115197 25376 22716 31933 137037 125301 35498 26747 112374 105220 16465 25416 37514 46048 33361 32179 86785 83143 84535 22289 128237 45780 67711 91647 80011 96972 108061 76786 67842 34564 39486 73167 24098 28654 28898 28324 93504 131464 33714 33986 93991 28410 127099 107021 14940 71391 10501 18174 136229 120164 121685 42134 35741 97334 11945 86690 22019 77053 33347 31804 99839 69086 52895 26971 39085 57995 82291 73204 30693 81347 41758 130173 127345 34712 34752 47398 43576 126564 52949 76818 26648 99176 60243 18393 18267 85683 143902 81369 76526 25428 4014 100968 99089 66673 116965 25052 141933 6416 14143 125004 39472 103977 13464 117500 46399 25623 54069 80785 75906 54596 55805 141947 29317 12783 24366 21699 14527 78024 70163 42127 87540 58503 79018 107491 7711 35897 14742 33692 61120 91647 101257 127345 121685 54596 93991 64017 81347 57642 24454 38772 57644 99390 18267 35741 41341 119424 141933 32179 96916
97478 176028 102956 188646 109675 197719 65912 104564 85186 61446 173662 84871 180268 160602 100294 96968 125438 75872 156924 175041 67177 59485 107786 95685 94106 88703 102268 164659 81201 136466 90829 64410 177749 137392 128998 126325 176551 74067 123848 78507 97637 95959 126895 110514 151132 126214 157839 56324 76988 152451 143662 69612 64975 124363 139153 190939 144185 122491 73997 187940 159566 144488 74258 78156 155741 181211 158434 0 95090 102372 149127 130476 140645 55273 136165 138201 126580 109542 48470 125716 144075 111991 93029 144923 144109 193099 136915 176521 128469 84910 75415 76223 148927 120363 186786 90733 89604 169692 79262 60008 95167 131041 190966 195782 91411 166704 142031 158067 138320 65235 69274 124775 176549 64459 141321 74627 85002 161396 91231 165915 145401 85037 48723 99669 120595 130724 71222 152614 74558 177926 91917 190879 189201 118330 91552 127953 131803 142747 100465 168028 85252 187966 80409 156537 29187 123231 127978 135375 121164 126533 99703 125329 148484 140158 62708 167867 142230 143572 166609 14570 78490 82173 167147 154631 57632 74365 112409 41637 142303 57287 164073 165461 119615 129523 69271 160660 108824 129972 165600 168871 86502 84811 118806 144832 29967 131267 164824 182800 150555 149915 80687 165581 118540 81270 100486 83067 57032 161325 194316 166881 157505 97478 89604 100294 123231 99669 118806 64459 175041 80409 102956 137392 128998 102372 65912 143572 130724 124363 64410 57287 128469 95959
68239 112857 84890 154787 24729 135261 88848 12795 55752 61314 98442 14199 159901 115962 10204 73818 79618 39561 75135 94071 51180 40017 17823 91262 6745 70626 96651 94322 64469 42226 12142 30700 110553 86769 72154 71356 123578 40727 81958 17587 9732 14314 69261 105217 89682 72531 105923 42402 28763 101859 81774 33628 74734 69968 98097 122650 75577 27600 46408 127942 106136 115827 36348 114209 101599 125498 110925 95090 0 63862 110444 75864 66833 42495 101758 88741 85764 29680 101831 77425 85731 17154 6662 94488 112934 133150 68738 141685 96335 33734 62700 79346 115866 30436 154375 68178 23354 82175 27167 41658 100764 51032 144653 136350 89843 130809 83494 94000 82736 60788 30412 87388 142119 66804 112051 126551 12179 104891 86173 121289 92856 26555 95738 12145 70693 104936 37314 100014 50727 132819 40595 134478 132794 24711 81574 59652 87998 121327 73969 79643 68818 131534 50175 85676 71478 32298 77087 110175 63700 107010 16656 113931 61537 109155 50036 87932 92839 92680 77078 84373 76675 71313 104796 107109 63051 100435 111497 73988 86379 45295 117293 109704 28296 106996 32497 105043 15719 65499 103034 91786 93301 80365 56328 68246 102410 83176 109836 131322 92503 97023 61920 81391 91464 37059 78452 83532 47251 109122 140948 124799 130411 68239 23354 10204 32298 12145 56328 66804 94071 50175 84890 86769 72154 63862 88848 92680 104936 69968 30700 45295 96335 14314
8484 73822 23361 95877 87735 95347 52417 74951 17498 40992 75599 53128 97219 60944 56507 14404 23363 34132 66662 80998 36384 53428 79892 34429 70121 18522 37293 64880 22335 90871 73968 63691 76187 35107 27860 24924 74933 34950 22807 67715 73594 49932 26449 44087 49365 24442 55935 55857 42943 50628 42530 45953 42399 23063 39778 89249 46046 77902 31479 85597 57468 53485 38236 71722 53488 79201 57644 102372 63862 0 51660 28534 47051 57817 40428 36078 26263 93290 77145 23360 42045 72370 57261 42876 51177 90787 40081 82695 33802 32481 27532 36225 54932 89642 94889 14823 40863 83926 42579 50654 45733 47529 91811 93523 35412 71804 40140 56559 36118 37223 77141 26128 82978 39207 49678 89388 56001 59050 31504 66509 43112 85362 70992 75947 18502 41472 40504 50469 29064 78813 23581 88918 87214 64471 26387 34258 30720 57813 12240 83898 20517 85957 23723 57834 73493 90053 25641 46827 22212 43149 80515 50493 66969 47122 41572 73880 40266 41417 84691 87813 32197 25021 65003 53668 44871 58203 50836 61891 40021 85843 63768 63206 86602 43235 47712 58357 75614 32609 63518 72516 42388 30237 24850 52470 90150 29089 62635 81693 48288 47679 22104 76245 27669 31762 17234 34604 49852 59466 93007 68640 68311 8484 40863 56507 90053 75947 24850 39207 80998 23723 23361 35107 27860 0 52417 41417 41472 23063 63691 85843 33802 49932
53283 43965 46583 44656 131862 57436 87835 119391 68294 88830 63652 102276 51845 12873 101315 52425 30910 85781 73365 76031 86882 105013 123789 56947 117132 60663 52305 52003 68811 125604 121838 115170 51034 25351 39948 39848 31795 86606 29356 117715 119868 96162 42610 48737 36006 38438 20533 107343 94039 18172 38651 97558 84413 40909 12392 60141 49423 116203 82885 47311 23170 14531 89841 95152 23738 37872 14539 149127 110444 51660 0 35949 59098 109317 13042 23175 25618 138034 113496 33022 32890 114094 104328 20242 10946 51198 51231 31441 20700 83083 74702 73785 8742 130658 44017 59182 89467 90390 93368 102157 63602 72391 41850 52853 61094 20483 34070 40134 31650 85134 128143 25647 31816 84839 13872 113598 105036 28261 59789 17327 23271 134619 108672 121824 39761 21846 92160 21357 79960 28863 73475 46176 44793 102481 58172 55992 22480 25010 49190 92332 64196 43810 75071 51980 121562 130115 33646 20294 47264 29427 126668 38480 84327 12233 92192 71492 20227 21650 95363 134719 70969 66979 39014 13457 92326 86460 52494 107490 29935 137450 17146 28461 127424 25305 99288 26728 118777 49425 38898 65845 68396 65053 55088 63128 130894 27449 27123 35781 30501 22280 69927 80522 30783 83087 48653 67735 100874 21909 47126 17756 23149 53283 89467 101315 130115 121824 55088 84839 76031 75071 46583 25351 39948 51660 87835 21650 21846 40909 115170 137450 20700 96162
35335 45559 41661 79256 96302 67584 79485 84007 45298 69330 48465 69383 87584 40100 66311 38953 10887 58173 45646 56043 63624 77986 88247 55173 82606 45764 54766 37035 50817 89948 87643 85332 47653 10970 4002 4745 49628 59514 15570 85174 85008 61802 6727 57502 20832 4304 30862 80804 63866 26278 14352 68940 70641 6571 24432 60730 21014 80258 57580 58201 31657 45244 61564 95751 27217 52935 35130 130476 75864 28534 35949 0 27122 82662 31237 13043 17420 102557 104902 8028 13600 78308 70100 18665 41540 63495 18420 66329 29822 52694 56063 63249 42985 94746 79063 42480 56695 63801 62663 75689 65869 37283 69344 66405 57800 55656 11615 28038 8044 65594 96764 21391 66820 67741 41981 114182 71968 31987 54535 45434 17375 101104 98920 86804 10034 39693 64371 24912 56170 57120 43079 62583 60852 66534 50260 20385 15591 53863 35270 64757 48406 59568 50397 31004 101411 94171 4727 43393 12279 45941 91678 56349 52191 38744 68532 49423 16992 16863 66763 115957 59364 52700 36671 31266 73236 83333 63887 90371 12147 107844 41531 36559 91510 43480 70412 31609 83149 14064 35128 46562 65691 55897 19595 32332 118598 9408 36274 57057 20221 21873 50635 54686 32870 54079 38541 60020 76051 34298 67730 48968 58222 35335 56695 66311 94171 86804 19595 67741 56043 50397 41661 10970 4002 28534 79485 16863 39693 6571 85332 107844 29822 61802
55423 46455 66232 97994 82072 68541 99195 71265 59349 82725 33594 65535 110558 58638 56634 60680 37806 64794 19714 34950 74346 82856 74475 79363 73238 65543 80113 27538 67816 68689 78927 85607 43721 34744 24148 26556 60151 66582 42484 80623 74359 54965 23375 83893 26431 28099 45732 86009 65902 43665 20740 72677 87990 27414 49506 55953 10535 62151 67049 61757 44874 70709 66768 118563 40812 60743 52713 140645 66833 47051 59098 27122 0 87558 57441 36802 44542 88521 123100 34727 26444 63397 62712 38928 66806 66832 8701 86070 56861 56202 71795 83149 67247 77699 98459 61789 54865 37530 63979 81482 90529 16646 82434 70055 81285 76388 25047 28464 27828 79381 93655 48491 86688 83149 67802 136409 67433 41921 77612 62910 36042 93388 116743 75451 32812 66650 69835 40777 67453 72410 48742 68997 67388 49803 72763 13280 42222 80053 57508 38080 67229 66180 61793 18847 111662 76373 31689 70041 25173 73056 80172 83467 25472 64591 78238 27689 38942 37452 39784 126639 79107 71780 39017 49831 86558 105219 90446 103820 29170 106990 58255 46453 74532 70518 73602 42585 69129 14992 37304 28255 88791 77228 23147 5526 133972 36132 46994 67879 31104 38435 66725 29262 59688 59476 61794 81581 83703 48091 76131 67429 82231 55423 54865 56634 76373 75451 23147 83149 34950 61793 66232 34744 24148 47051 99195 37452 66650 27414 85607 106990 56861 54965
56568 127336 69192 152995 62620 149860 54220 54008 41130 28314 121096 30309 151234 118723 45831 59272 80654 24490 102556 121089 23719 4752 58273 69169 43598 52207 75952 113272 43508 84713 42403 14600 127716 91617 80269 78048 131798 23222 80604 29344 47804 40886 77729 85415 102119 78396 112736 1983 22030 107613 94135 14903 41962 76125 97584 140852 92596 69951 26434 140764 113935 109266 21310 78883 109647 135507 115197 55273 42495 57817 109317 82662 87558 0 97482 92951 84078 64829 61141 79940 95796 59608 39025 99718 107595 146079 85118 139928 90246 31473 38469 51092 111795 71468 151783 52054 34455 114603 24215 7164 75266 76462 149556 149030 66081 129164 93569 108454 90701 30266 28479 83671 140155 34944 105570 88041 31019 114644 63546 124295 99381 44104 55535 50328 73686 95933 18364 106973 29668 136596 40165 145193 143464 63873 60732 75648 88442 111198 61573 112852 48910 142184 34248 104754 29169 73838 81370 101276 71573 94737 52140 98035 93335 103451 18782 114038 97280 98099 111359 42930 50296 48639 118460 111192 27708 66670 90260 32792 94805 30346 121423 119167 69901 96358 14201 114219 57769 78848 116782 115726 66137 56263 67447 91250 59942 86052 118806 138885 102723 104015 41519 110909 81882 28898 64055 57564 10107 116269 149968 126451 123876 56568 34455 45831 73838 50328 67447 34944 121089 34248 69192 91617 80269 57817 54220 98099 95933 76125 14600 30346 90246 40886
41036 52912 33541 55561 124169 68885 74878 111499 56353 76120 68781 92568 58233 25441 93119 39687 22960 74441 74117 79925 74658 93296 116110 44156 108341 47873 39881 56620 56171 120656 112751 104106 59063 22893 35051 34007 43798 75127 19862 107678 111359 87451 37233 37370 38804 32383 28992 95501 83314 24673 38706 86315 71394 34511 8942 69595 49055 110127 71079 58612 31618 14385 78610 83140 30403 49626 25376 136165 101758 40428 13042 31237 57441 97482 0 21021 16117 130173 100612 25792 33421 106994 95421 22152 11183 62885 48917 42450 7697 72614 62045 60743 14508 123944 54486 46592 79875 91925 82837 90346 51414 68487 54860 64797 48243 31704 33761 44613 29892 72458 117520 14527 42690 71965 10851 101730 95391 36108 46814 30277 25136 124989 95715 113468 31828 11290 80769 27148 67921 41900 63233 58423 56951 96267 45130 51509 15671 22669 36599 93435 51424 55893 63285 54572 108749 123685 27586 12905 40579 19264 118246 29626 82885 7665 79970 74508 20501 22659 95998 121783 57937 54068 46437 22704 79555 73886 41972 94529 29898 126165 29496 37741 120739 15441 88096 34674 111287 45298 45877 69687 55682 52011 48440 62185 117882 21831 36533 48457 33781 26562 57412 82238 17741 72176 35749 54721 88761 31466 59914 30743 28662 41036 79875 93119 123685 113468 48440 71965 79925 63285 33541 22893 35051 40428 74878 22659 11290 34511 104106 126165 7697 87451
40912 39482 42040 66226 109344 59816 82834 97036 53569 76758 49622 81769 75001 27302 79272 42781 12768 68579 53097 59750 72417 88375 101288 55199 95477 50618 53152 37411 57178 102432 100438 96764 43638 2176 16982 17390 38942 69738 14973 97494 97954 74603 19769 53717 19127 16236 19887 91037 75291 14667 17716 79838 75872 18808 12710 55912 28053 93122 67077 49836 21401 33907 72266 96078 17572 43126 22716 138201 88741 36078 23175 13043 36802 92951 21021 0 13636 115596 108748 13012 12684 91337 82881 6809 30009 54934 28520 53287 22458 64103 62852 67023 30740 107719 66021 47936 68991 70940 74271 85852 64835 49284 57256 57583 58541 42626 12770 25952 8987 72967 108749 17331 53777 74203 31050 114773 84416 23422 55888 32747 7456 113737 103118 99780 19469 31328 74918 14418 65039 44702 54376 52841 51138 79453 52456 32819 8393 43387 39004 72418 53757 49884 59502 34110 109478 107096 11998 33895 25042 38688 104651 49366 62268 27863 77555 53970 4356 5372 74982 123631 63433 57602 31228 18735 80573 84802 59466 97205 9100 119284 29120 27275 104482 35459 81415 22548 96192 26250 30088 49613 66520 58860 32594 41338 123943 6992 26624 45934 15183 11752 57527 61295 29175 64975 40862 62577 85606 23426 57084 36066 45928 40912 68991 79272 107096 99780 32594 74203 59750 59502 42040 2176 16982 36078 82834 5372 31328 18808 96764 119284 22458 74603
29188 52925 28418 70196 108057 72550 69486 95394 43371 65351 62533 76941 74337 34786 77034 30021 7242 60282 62838 71771 62212 79689 99996 41571 92378 38134 39726 50428 45394 105025 96878 89569 57270 14096 20678 18965 49996 61173 3820 92254 95334 71450 22338 41046 32264 17291 31599 82116 68422 26205 28957 72007 63207 19073 13522 69464 37819 94184 57708 62390 33618 30455 64295 82467 30399 54872 31933 126580 85764 26263 25618 17420 44542 84078 16117 13636 0 114070 95450 10345 25124 90895 79479 19382 27281 67318 35841 56973 12648 57484 51227 53875 30118 107876 69417 35852 64175 80976 67766 76914 51340 53665 65666 69779 44909 46017 24395 39345 19628 61575 102540 4128 57311 62195 26803 101154 79735 36459 42300 40326 20936 109347 89932 97417 15788 22595 66671 26989 55064 52626 47911 64450 62800 80315 39013 36669 5514 37753 26330 82049 41458 61591 49918 46124 98243 107658 12945 26793 24818 28531 102208 38933 69515 23714 67483 65545 16638 18516 84142 112034 50415 45004 44817 28071 69054 71180 47158 85211 21734 111885 37828 39837 104677 26209 73721 35408 95171 30921 43709 61848 52886 45544 32581 49732 111094 9105 38993 56267 28760 24778 46092 71681 16178 57480 27594 49143 75963 34989 67754 42377 44739 29188 64175 77034 107658 97417 32581 62195 71771 49918 28418 14096 20678 26263 69486 18516 22595 19073 89569 111885 12648 71450
97895 134862 114566 181807 6449 156421 116151 18679 85329 88427 116467 42780 188405 142398 37112 103498 107577 68353 91461 109132 78982 63950 14339 120790 24225 100201 126277 114884 93773 34810 22891 50429 131270 113523 98662 98316 147951 69286 110312 35533 20134 43362 95835 134886 113678 99651 131359 65451 57109 127784 106241 60418 102326 97146 125836 142276 98417 28945 75114 150206 131218 144413 64720 141526 126756 149092 137037 109542 29680 93290 138034 102557 88521 64829 130173 115596 114070 0 125970 105144 110854 25127 36340 120836 141349 155204 92425 168876 125145 63327 91588 108013 143992 15444 181610 97823 53032 93050 55894 66440 130070 71878 169756 158430 119232 158141 108730 116884 108729 88487 40565 116007 169357 94412 140677 152423 40133 129286 115625 147523 118866 24577 120306 17559 98590 134018 65100 125608 79555 158550 70217 157512 155894 38847 111111 84330 115808 150381 103614 89872 98283 154679 79531 106717 91288 18577 104398 139183 90791 136413 13619 143533 75510 137694 76911 104178 119478 119039 86263 101702 105589 100581 127528 133390 89539 128150 141144 97621 112045 52687 143277 134034 17236 136243 58891 129655 19584 90701 125805 109355 122333 109620 83039 88443 123103 110587 134353 155740 117240 122718 91221 95292 120771 66427 108124 112610 72180 134335 164544 151358 158808 97895 53032 37112 18577 17559 83039 94412 109132 79531 114566 113523 98662 93290 116151 119039 134018 97146 50429 52687 125145 43362
69609 148227 67712 148034 123605 167825 25987 114155 63997 43280 152733 88034 136293 126048 102310 66254 96818 66668 142090 157759 53832 62337 118736 56588 104094 59143 61905 141820 55330 143115 103436 75625 151861 108610 104823 101834 143953 64861 93790 90463 108415 95702 103578 68364 125339 101127 126684 60566 74541 121378 119220 68423 35110 100055 105865 164526 123157 128064 61003 157580 128885 105657 67971 29748 125844 149423 125301 48470 101831 77145 113496 104902 123100 61141 100612 108748 95450 125970 0 98181 117815 118301 96969 114831 106233 162331 116913 136970 93269 76318 51427 41808 111180 131878 145825 62532 85660 158096 76689 60281 52147 118934 154554 164582 52404 128258 116199 132669 111701 45638 87942 92513 136861 40661 103088 29041 89682 131909 53913 130822 116196 104495 6523 111027 95059 92661 65941 122417 58520 141982 78487 158648 157095 119086 56498 109847 100964 101652 70036 157389 56671 155964 63193 134970 38801 134011 101164 96434 99169 86805 113166 83017 138570 102716 52898 150555 112082 113893 157234 39326 45584 52258 139830 121949 40286 28833 68544 28350 115166 83004 130034 135178 130018 90435 69389 130848 117531 109417 138558 149584 45365 49910 99971 128251 20114 102466 134259 149046 123182 120217 56382 151579 83202 71723 67897 46405 54608 129895 160525 130701 116864 69609 85660 102310 134011 111027 99971 40661 157759 63193 67712 108610 104823 77145 25987 113893 92661 100055 75625 83004 93269 95702
29050 50750 33810 77461 99025 72015 72533 86478 40774 64298 56045 69604 83579 39643 68319 31950 3150 55579 53566 64003 59551 75367 90950 47333 84118 39240 46764 44359 45078 94904 88866 83939 53741 11803 10597 8635 51927 56728 7765 85217 86849 63150 12018 49511 27173 6962 32857 78025 62496 27678 21780 66890 64414 8779 20712 66587 29041 84368 54093 62238 34235 40155 59294 88049 30162 55962 35498 125716 77425 23360 33022 8028 34727 79940 25792 13012 10345 105144 98181 0 19642 81517 71337 19796 36720 67427 26071 64308 22991 51332 50594 56393 38933 98339 76971 36209 56784 71715 61557 72840 57929 43321 70055 70174 50087 53401 18130 34509 13525 60517 96179 13962 64726 62129 36635 106552 72316 35690 46932 45190 19778 101820 92323 88818 6820 32938 61926 27228 52144 57337 41600 65685 63972 70517 42837 26326 10666 47956 28188 72594 42129 62707 46557 38787 96853 98000 3344 37091 14797 38659 93656 48884 59394 33456 64651 57427 17343 18226 74488 111153 52601 46245 42044 31486 68156 75848 55933 85022 17069 106441 41849 39869 95123 36505 68487 35004 86010 20676 40649 54432 58022 48729 22680 40056 112520 6182 39332 58946 25260 24375 45203 62668 24991 52048 31059 52749 72630 36397 70081 48096 53972 29050 56784 68319 98000 88818 22680 62129 64003 46557 33810 11803 10597 23360 72533 18226 32938 8779 83939 106441 22991 63150
48498 31973 52746 72197 104469 54148 92172 92655 58897 82916 37409 80670 84122 32535 75802 51591 21309 71343 40952 47098 77181 91090 96530 66189 92450 58805 64790 25330 64246 94430 97757 97736 34221 11329 15527 17889 37935 72751 25177 96475 94442 72108 18130 66008 7534 17866 20515 93967 76384 17488 5767 81809 83886 19851 24695 47216 16533 86477 71035 44977 20442 45410 74579 107096 15931 40477 26747 144075 85731 42045 32890 13600 26444 95796 33421 12684 25124 110854 117815 19642 0 86000 80398 12652 41434 50300 19313 59935 35115 65309 69572 76033 41288 101624 72472 55668 68254 58566 75027 88894 76322 41102 59033 53287 69221 50026 2294 14870 6116 79175 108525 29156 60527 81226 42905 125704 83112 19441 66245 37184 9646 111652 111936 96005 23566 43977 77450 14904 69728 47725 55869 49948 48220 73236 62335 26526 20578 55326 47827 60194 61601 46934 63937 21432 115001 100670 16689 46326 24342 51372 100873 62050 51462 39814 82052 41288 13226 11378 62950 129557 72232 65795 23076 23568 86819 95231 71914 103925 3585 120169 32700 24222 98396 48121 83207 19407 91275 20281 21529 37000 77202 68338 30100 30249 131938 16277 24211 45633 7029 12230 64146 48837 41226 67030 50554 72316 89451 23506 55683 41467 56032 48498 68254 75802 100670 96005 30100 81226 47098 63937 52746 11329 15527 42045 92172 11378 43977 19851 97736 120169 35115 72108
78140 109763 94911 157405 18678 131423 103911 9714 67712 76816 91958 30279 165084 117837 17144 84163 84127 53960 67243 85464 66347 56977 11270 102912 18401 82305 107683 89893 77246 25115 23187 47718 106293 89226 74355 74248 122894 55399 87222 33687 16070 24437 71586 115674 88624 75664 106515 59455 44128 103089 81271 49878 89710 73221 102067 117499 73300 10503 60720 125102 106295 121350 51380 129084 101859 123975 112374 111991 17154 72370 114094 78308 63397 59608 106994 91337 90895 25127 118301 81517 86000 0 21333 96320 118105 130116 67389 144590 102505 46358 76375 93117 120448 17277 157318 79395 35428 70943 42185 58430 113089 46756 144779 133342 102027 133962 83912 91758 84140 75868 45259 93181 145095 81868 117683 142256 28844 104254 98182 122874 94233 36040 112105 15383 75181 111768 52845 100822 64749 133724 50861 132385 130767 13913 93290 59516 92162 127979 83643 68032 81020 129552 63126 81657 88628 17852 80486 116763 66886 114911 18911 122832 51849 114610 65867 80087 95094 94535 64894 101485 90091 84072 102401 108798 78896 115070 122220 90726 87331 60077 118556 108987 14244 114327 48950 104653 6058 65975 100678 84926 106317 93031 59019 63416 119476 86690 109329 130680 92286 97970 74755 71924 99127 50414 88444 96560 63910 109433 139423 126820 135464 78140 35428 17144 17852 15383 59019 81868 85464 63126 94911 89226 74355 72370 103911 94535 111768 73221 47718 60077 102505 24437
61578 108278 78228 148774 31305 130820 83039 19033 49155 55694 95034 8987 153506 110156 7584 67158 73449 33388 72462 91497 45364 36005 24135 84675 12940 64024 90023 90249 57986 46261 17559 28916 106335 80945 66466 65528 118318 34660 75666 18551 16360 8311 63568 98566 84660 66647 100420 38660 22972 96230 76660 28546 68871 64077 91958 118662 71002 31266 40233 123234 100732 109432 30417 108339 96189 120442 105220 93029 6662 57261 104328 70100 62712 39025 95421 82881 79479 36340 96969 71337 80398 21333 0 88760 106587 128481 63970 135640 89892 27145 56390 73088 109596 36290 148307 61543 16692 80849 21176 37246 94258 47488 139153 131664 83310 124737 78139 89274 77156 54951 31887 81008 136062 60969 105648 121094 8063 99685 79617 115529 87232 31271 90773 18807 64568 98414 31661 94486 44478 127173 33944 129546 127849 25331 74985 54664 81856 114806 67309 78525 62265 126581 43689 81538 68194 37879 71126 103671 57868 100404 23265 107278 59804 102778 44610 85108 87030 86954 76271 81644 70330 64839 100055 101366 57650 94463 104858 69468 80881 46352 111609 104498 33906 100430 27647 99776 21329 60277 98290 88561 86896 73888 50678 64559 98556 77166 104578 126030 87251 91475 55442 79284 84887 30597 71790 77119 42646 103672 135852 118945 124058 61578 16692 7584 37879 18807 50678 60969 91497 43689 78228 80945 66466 57261 83039 86954 98414 64077 28916 46352 89892 8311
47547 33641 47632 61100 114529 53314 88869 102374 60370 83488 46660 87975 71684 21567 84863 49148 19536 75322 53391 57843 79224 95130 106503 60500 101232 57097 57920 34477 63834 106220 106297 103351 38503 8165 22339 23307 32137 76499 21337 103743 103572 80458 25228 57590 16762 22365 13077 97808 81867 7906 18410 86524 82315 24917 13213 50293 29182 97566 73879 43247 14644 33016 78976 101194 11048 36342 16465 144923 94488 42876 20242 18665 38928 99718 22152 6809 19382 120836 114831 19796 12652 96320 88760 0 29034 48291 31296 48425 25652 70673 69540 73218 28656 112426 61112 54517 75242 70752 80798 92627 69675 52832 50809 50891 64024 38105 13883 22501 12227 79696 115164 22578 48968 80832 30752 119912 90583 17079 61572 26807 3138 119766 109294 105320 26127 33282 81649 7726 71847 38465 60959 46052 44353 84055 58390 37079 13870 43146 45394 72527 60295 43102 66310 32736 116239 111659 18522 34852 30935 41086 110198 51644 64090 27782 84364 52622 2758 1808 75409 130353 69705 64054 25848 12623 87291 90327 62955 103850 9781 125877 22869 20648 109188 37471 88084 16065 101340 30494 24928 47593 71962 64923 38165 42887 130323 13798 19926 39176 11630 5417 64237 60938 33762 71650 46957 68519 92411 16617 50286 30522 43388 47547 75242 84863 111659 105320 38165 80832 57843 66310 47632 8165 22339 42876 88869 1808 33282 24917 103351 125877 25652 80458
51028 54904 41203 45541 135336 67638 81025 122674 66526 85100 74168 103641 47057 22856 104300 48910 33994 84973 82367 86244 84443 103518 127275 49785 119511 56863 44386 62338 65427 131365 123897 114724 61969 32098 45465 44688 41812 85571 31041 118668 122540 98629 47816 39566 45588 43105 31416 105612 94119 28614 47062 96871 79134 45339 17343 71016 57745 121083 81297 57660 34071 3983 89191 86222 34343 48012 25416 144109 112934 51177 10946 41540 66806 107595 11183 30009 27281 141349 106233 36720 41434 118105 106587 29034 0 61273 58506 32735 17446 83530 71225 68018 4948 135014 44206 56030 90978 99786 93713 100498 55134 78788 48352 62702 54069 22594 42222 50348 38978 81534 128317 25615 32866 80503 3321 104436 106472 39125 53349 26170 32172 136054 101764 124651 42924 13611 91252 31681 77939 36052 74232 55762 54494 107236 52560 61923 26271 14339 46166 101549 60422 53600 73552 61639 117341 134711 38250 10273 51511 20020 129428 28058 92262 4146 89737 81402 28225 30085 104377 129889 65620 62595 49874 24353 88368 78463 42630 102584 38135 136630 27186 39404 131803 16039 98676 37596 122438 55553 49694 76010 60871 59342 59399 71247 124308 32249 38064 44833 40179 32132 66884 89966 26105 82930 44555 61497 98623 32853 55748 24886 17480 51028 90978 104300 134711 124651 59399 80503 86244 73552 41203 32098 45465 51177 81025 30085 13611 45339 114724 136630 17446 98629
95830 20377 94632 53214 148761 6566 136354 138097 108175 131655 43405 129863 76708 38472 122967 97317 67677 121609 67205 56358 126851 141380 141257 106584 139700 105346 102728 40688 112108 131990 145292 147808 24856 55709 65821 68050 19464 122985 69597 145536 141054 120371 68418 99872 44427 67791 35740 144241 126563 41118 52576 132099 130510 69987 56555 19733 57576 127980 121028 5333 33725 63856 124878 146019 37369 13327 37514 193099 133150 90787 51198 63495 66832 146079 62885 54934 67318 155204 162331 67427 50300 130116 128481 48291 61273 0 64512 48900 69605 115546 117785 121079 57054 143650 55493 102808 117826 76640 125129 139149 114299 83407 28691 3226 110479 47625 52548 39210 55455 127867 158009 69919 49641 129120 64534 164581 132131 31749 108518 35478 47699 159609 157011 142229 72940 72980 127742 40567 119410 30524 106159 7575 7822 116371 105877 73928 61865 73108 93592 79893 108573 8199 113714 48513 164280 142005 65353 71318 74619 80625 146976 89331 83494 63383 131866 57008 51025 49564 84171 178531 117701 112274 28452 40527 135486 136526 103671 152132 51359 170140 34136 27661 140568 76502 133481 32440 135912 68873 30215 50152 118180 112594 79799 66822 178397 61839 28377 18434 43357 43195 112451 68452 79406 117330 94808 115933 139529 32448 14792 38383 62493 95830 117826 122967 142005 142229 79799 129120 56358 113714 94632 55709 65821 90787 136354 49564 72980 69987 147808 170140 69605 120371
48257 44362 58117 91499 85998 67012 92489 74554 53792 77683 36841 65621 102948 51848 58593 53193 29132 61492 27776 40925 69980 80371 78170 71389 75349 58585 71853 28155 61605 75124 80876 84615 43164 26411 15527 18063 55529 63178 33817 81167 76935 55868 15025 75378 21260 19551 39540 83456 64053 36801 14039 70407 81876 19092 41167 56080 7497 67333 62937 59265 39070 62375 63939 111053 34736 56926 46048 136915 68738 40081 51231 18420 8701 85118 48917 28520 35841 92425 116913 26071 19313 67389 63970 31296 58506 64512 0 79238 48174 53665 65976 76306 59177 82614 91785 54904 54033 45841 62324 78694 82464 21795 77412 67694 73496 69234 17557 25304 19642 74192 93852 39794 79825 77539 59381 129095 67786 36866 69911 56452 28593 95130 110642 78288 24575 57981 66980 34151 62820 66660 45299 65763 64088 54295 65181 9673 33587 71566 49869 46576 60533 62835 57024 19696 107772 81555 23000 61440 17870 64356 83112 74767 33982 56158 74223 33800 31003 29706 48418 122696 72278 65065 36089 42868 81574 97934 81892 98929 21541 106554 51914 41609 79398 61833 71519 37276 72859 7498 34325 32795 81128 69971 18113 13989 128649 27470 41940 63318 25028 31542 60743 37144 51054 56433 53960 74289 80371 42253 72407 60777 74278 48257 54033 58593 81555 78288 18113 77539 40925 57024 58117 26411 15527 40081 92489 29706 57981 19092 84615 106554 48174 55868
83427 54460 73818 13223 162630 55205 112474 150297 98798 117835 80250 133713 28465 27437 132406 81604 62318 116802 96657 93994 116994 135746 154573 81343 148394 89593 75304 70942 98133 154361 153174 146363 62633 55377 70252 70578 34251 117533 60746 149154 151032 127436 73055 68722 60115 69288 40603 137947 125352 42468 65444 128646 111585 71823 43823 65890 75657 145989 113529 48041 41980 32034 120930 114293 45520 39127 33361 176521 141685 82695 31441 66329 86070 139928 42450 53287 56973 168876 136970 64308 59935 144590 135640 48425 32735 48900 79238 0 49750 114454 103945 100308 28222 160826 12734 88686 120901 111681 124733 132795 84931 100998 23455 48601 85665 10962 61711 61128 60651 114266 159503 56569 765 113198 35292 131562 136469 46210 85393 23462 50801 166042 132945 152927 71096 45827 123152 45293 110342 18973 104879 41428 41101 132469 85023 85503 53881 35594 78764 114230 93153 40949 105734 74236 150020 160082 64630 41175 78160 50385 157787 54537 110038 36841 122300 91365 49503 50176 117868 162395 98102 95307 54651 36370 121094 108493 69767 135108 57873 168530 28203 42984 157587 47096 130406 45054 149477 78916 55536 84705 91845 91716 85845 89122 155689 58511 41886 30865 55044 47728 99543 101988 58834 114324 77288 93576 131138 38890 36728 18716 20491 83427 120901 132406 160082 152927 85845 113198 93994 105734 73818 55377 70252 82695 112474 50176 45827 71823 146363 168530 49750 127436
33694 58291 25932 62759 119259 75445 67449 106514 49138 68482 71896 86567 63674 32842 88033 32061 19872 67527 74661 82206 67245 86129 111236 37023 102832 40218 33255 59665 48573 117395 107050 97281 63881 23854 33252 31613 50792 68129 15750 101434 106007 82082 34984 31985 41436 29939 34773 88263 76736 29936 39814 79425 63714 31689 13410 75057 49486 106239 63902 65144 37282 19709 71747 76714 35361 56454 32179 128469 96335 33802 20700 29822 56861 90246 7697 22458 12648 125145 93269 22991 35115 102505 89892 25652 17446 69605 48174 49750 0 66237 54436 53122 21555 119615 61546 39030 74003 92719 76377 83132 44958 66309 62542 71654 41009 39139 34949 47903 30512 64835 110920 9433 49949 64278 15898 95388 89417 41343 39383 37830 28258 118941 88276 108199 28016 9948 73807 31928 60619 49562 57056 65476 63960 92375 37516 49316 14917 25522 29059 93962 43773 62863 56140 56547 101074 119526 25513 14362 37270 16399 112923 27043 82012 13345 72553 76355 23410 25638 96227 114087 50270 46375 51175 29100 71896 66926 37317 86833 31535 119189 36770 43571 116439 13661 81231 40003 106544 43533 50407 72071 48607 44397 44903 61931 110346 20774 42451 55794 36933 30716 49872 83239 10136 65528 28062 47202 81389 37592 67302 38430 34522 33694 74003 88033 119526 108199 44903 64278 82206 56140 25932 23854 33252 33802 67449 25638 9948 31689 97281 119189 0 82082
35267 96387 51584 127676 58446 119036 58487 46090 22018 33067 89678 21172 129692 90948 29215 40461 52680 9893 72021 90190 22496 26735 51199 57531 39269 36893 62950 81819 31004 69319 42360 32681 96430 62511 49883 47967 102309 11804 53728 35238 43200 21922 47186 71624 71259 48568 83418 29855 11194 78549 63177 16766 44381 46131 70807 109524 61150 54580 15449 110214 84338 85939 10656 83252 79911 105563 86785 84910 33734 32481 83083 52694 56202 31473 72614 64103 57484 63327 76318 51332 65309 46358 27145 70673 83530 115546 53665 114454 66237 0 30073 46790 87105 62801 126849 34517 10936 85433 10286 25284 67177 46270 121347 118569 56196 103500 63038 77352 60621 31143 45060 58122 114785 36881 82129 97526 24042 84526 52481 96507 69909 52979 69832 45774 44651 73871 13708 77513 18846 108669 9733 115156 113424 43623 47843 44176 60982 90140 41036 84078 35135 112138 16781 73285 56373 63992 52157 79250 40971 74905 49941 81016 64590 79516 24414 83052 68455 68955 83169 71288 43733 37858 87570 82781 36090 69094 77827 51605 64694 55208 93161 89183 60138 75400 17994 84244 47889 47534 85863 84432 60049 46883 36164 60094 82351 57507 88948 109671 72319 74491 28483 80772 59880 4599 45235 50274 27923 86903 120424 99248 100759 35267 10936 29215 63992 45774 36164 36881 90190 16781 51584 62511 49883 32481 58487 68955 73871 46131 32681 55208 66237 21922
22068 101278 31106 116731 87284 122555 29509 75402 12579 14166 102392 48863 113195 85604 59239 22378 50113 23239 90669 106606 14918 35307 80487 31142 67394 14391 37722 92075 5894 99285 69291 49327 103715 62129 55212 52333 101151 22353 48435 59027 71619 51959 53544 47147 76895 51940 82427 36561 34509 77037 69956 32693 16452 50427 64067 116780 72566 84628 16495 112666 84179 72400 26969 53458 80417 105800 83143 75415 62700 27532 74702 56063 71795 38469 62045 62852 51227 91588 51427 50594 69572 76375 56390 69540 71225 117785 65976 103945 54436 30073 0 16747 75758 92555 115267 15539 40962 106745 35711 31992 38882 67801 116286 120426 28577 93513 67671 84074 63620 10435 64260 49651 104089 11712 68854 68725 51459 86157 25545 91023 70122 76867 45009 74297 46032 58711 27148 77246 12033 103198 28635 115464 113787 73244 22304 58519 56401 73307 25513 106131 10861 112554 13594 84679 47049 93893 53081 63913 48545 56697 77976 59569 87572 67106 19694 99371 66836 68223 106148 60852 14003 10223 92489 79298 17827 39223 52356 34428 67478 68778 88915 90126 89993 58653 34534 85368 77581 58525 91023 98767 30757 18613 48647 76882 62860 55959 89459 107493 75740 74591 5428 100152 45122 25975 26696 21095 28605 85911 118980 92386 86653 22068 40962 59239 93893 74297 48647 11712 106606 13594 31106 62129 55212 27532 29509 68223 58711 50427 49327 68778 54436 51959
28197 106480 27202 112443 103851 126410 16270 92079 27193 22862 111400 65405 105456 85876 75978 24450 55011 39796 102631 117216 29572 48878 97153 20086 83878 17742 27026 100257 16980 115883 85516 63661 110052 66832 63397 60393 103122 38746 52051 74699 88142 68694 62361 36171 83562 59588 85345 49379 50914 79987 77596 48272 11580 58681 64990 122730 82139 101294 32965 116220 87456 68279 43294 37429 84258 108374 84535 76223 79346 36225 73785 63249 83149 51092 60743 67023 53875 108013 41808 56393 76033 93117 73088 73218 68018 121079 76306 100308 53122 46790 16747 0 72884 109287 110621 21404 57696 119523 52254 45590 24192 81539 115539 123444 16132 90593 74449 90896 69917 20957 78600 51165 100330 16326 65162 53898 67938 90290 15114 90947 74478 92243 36095 90831 53529 54547 43073 80862 28620 102633 44525 117775 116176 89697 15614 70130 59382 66810 28229 119238 15974 115009 30140 93675 50768 110638 59409 59152 58435 50401 94394 50373 101362 64136 33082 110105 70462 72218 119652 62204 4043 11444 98040 81002 24449 23221 39987 35061 73360 81120 89660 93704 106736 53307 50024 89272 94309 68833 96757 108624 15082 8735 60397 88505 57414 60672 92835 108669 81376 78575 19119 112211 43005 42722 26288 7197 41008 88642 120220 91429 81369 28197 57696 75978 110638 90831 60397 16326 117216 30140 27202 66832 63397 36225 16270 72218 54547 58681 63661 81120 53122 68694
55249 51827 45984 41204 137912 63482 85965 125315 70677 89698 72304 106954 44701 18924 107037 53400 36416 88912 81967 84757 88782 107659 129840 54729 122490 61430 49329 60715 69932 132928 126994 118600 59162 32898 46971 46493 37640 89571 33934 122131 125414 101552 49477 44383 44700 44974 28953 109812 97822 26898 47021 100795 83956 47325 18567 67622 57788 123052 85432 53632 31531 6808 93094 91035 32404 43879 22289 148927 115866 54932 8742 42985 67247 111795 14508 30740 30118 143992 111180 38933 41288 120448 109596 28656 4948 57054 59177 28222 21555 87105 75758 72884 0 137224 40031 60468 94224 99081 97336 104675 60034 79975 43411 58362 59010 17822 42324 48869 39536 86104 132027 28987 28404 85197 8159 109191 109765 36677 58260 21697 31746 139374 106709 127469 45403 18552 95227 30093 82173 31177 77691 51327 50110 109248 57393 63304 28288 16811 50543 100991 64991 49259 77656 60698 122042 136817 40106 15070 53609 24863 132275 32428 92597 8770 94086 80233 28315 29938 103978 134680 70438 67274 47403 21913 93008 83390 47239 107374 38188 140624 23186 36430 134002 20932 102581 35146 124928 56816 47381 74579 65818 64194 61506 71443 129246 33952 35070 40258 39204 30995 71323 89219 30692 86684 49141 66399 102937 29941 51031 20078 15240 55249 94224 107037 136817 127469 61506 85197 84757 77656 45984 32898 46971 54932 85965 29938 18552 47325 118600 140624 21555 101552
95331 123453 112113 173507 11509 144435 119250 17765 84492 91749 103580 44628 181909 133826 33837 101312 101019 69670 78372 95400 81568 69632 13196 119858 27882 99204 124762 103025 93804 19418 29777 57977 119290 105582 90761 90841 137772 70948 104237 42777 23674 41054 88054 132846 103646 92306 122083 71691 59138 118931 96635 64001 105110 89911 118760 129743 87974 15671 76510 138796 121683 138319 66668 144588 117327 138421 128237 120363 30436 89642 130658 94746 77699 71468 123944 107719 107876 15444 131878 98339 101624 17277 36290 112426 135014 143650 82614 160826 119615 62801 92555 109287 137224 0 173531 96389 51895 78521 57437 71598 129869 61203 159916 146866 118832 150311 99617 106150 100202 91172 51217 110260 161353 97190 134679 156959 42555 119304 115030 138730 110196 37207 125883 21225 92116 128943 67737 116520 80716 149257 67913 146456 144887 28399 110204 75382 108945 145114 100864 75256 97775 143705 79566 95199 99606 3227 97158 133904 83615 132169 20670 140109 62063 131580 80462 90857 111346 110661 71505 111281 106424 100655 116576 124771 93465 130746 139362 103784 103203 64838 134312 123958 3238 131547 62790 119813 14980 81941 114894 96398 122847 109667 75719 76911 131165 103349 124396 145528 107641 113745 91284 81426 116382 66617 105641 113069 77289 124863 153761 142818 152310 95331 51895 33837 3227 21225 75719 97190 95400 79566 112113 105582 90761 89642 119250 110661 128943 89911 57977 64838 119615 41054
95217 64347 84689 3007 175364 61307 121981 163028 110685 128995 90710 146274 22398 39937 145121 93039 74926 128927 108350 104548 128643 147675 167307 91180 161078 100878 84822 82094 109516 166893 165832 158579 72411 68110 82985 83308 43935 129599 73212 161662 163739 140115 85789 77497 72316 82012 52802 149800 137682 54985 77919 140801 122049 84545 56409 73955 87996 158662 125448 55715 53979 42878 133094 121759 57735 47866 45780 186786 154375 94889 44017 79063 98459 151783 54486 66021 69417 181610 145825 76971 72472 157318 148307 61112 44206 55493 91785 12734 61546 126849 115267 110621 40031 173531 0 100195 133471 122833 137116 144676 93686 113567 27157 54517 95486 23570 74292 72855 73339 125494 171866 68809 12262 124115 46419 138364 149042 57915 95562 35580 63439 178632 142139 165643 83745 56655 135250 57724 122137 28430 117319 47933 48026 145166 95618 98187 66493 44299 90364 125502 104423 48180 117679 85957 160829 172769 77342 51656 90885 60253 170501 62818 122122 48352 133933 102392 62227 62871 129254 172825 108658 106325 65623 48942 132141 117093 77652 145616 70499 180647 40286 54321 170293 57361 142580 56860 162211 91606 66662 95600 101186 102168 98577 101349 164949 71211 53327 38926 67369 60245 111038 113257 70197 126599 88572 103719 142827 50819 41607 31040 29290 95217 133471 145121 172769 165643 98577 124115 104548 117679 84689 68110 82985 94889 121981 62871 56655 84545 158579 180647 61546 140115
7170 86914 17710 101571 92825 107752 37601 80298 12735 29700 90231 55531 99241 70081 62562 7222 35340 31762 81332 95819 28531 48286 85389 23542 73785 3813 28488 79298 9646 100162 76707 60976 89879 47391 42291 39302 85843 31756 33240 68215 77706 55417 41097 37118 63138 38620 67264 50082 42654 61861 56743 43242 28221 37525 48551 102786 60809 86284 26539 97752 69111 57425 36081 57451 65493 90621 67711 90733 68178 14823 59182 42480 61789 52054 46592 47936 35852 97823 62532 36209 55668 79395 61543 54517 56030 102808 54904 88686 39030 34517 15539 21404 60468 96389 100195 0 44926 98405 43099 45111 34143 61081 100747 105380 23134 78160 53928 70432 49593 25973 75512 34136 88854 26360 53797 74812 58362 71347 19154 75491 55313 86267 56473 80265 32558 43929 37404 62243 22578 87660 28546 100247 98583 73574 14043 48850 41125 59182 9998 98244 5934 97362 19510 72476 62560 97244 38985 49246 37034 42847 84458 47356 80797 51892 33785 88703 51783 53286 98843 76193 17374 10278 78247 63898 33303 43681 43321 49388 53272 81873 73426 75160 93541 44314 45134 70482 81714 47429 76858 87291 29021 16002 39215 67173 76312 41175 74435 92075 61466 59685 10856 90916 30012 31868 12033 20339 42733 70716 103584 76853 71908 7170 44926 62562 97244 80265 39215 26360 95819 19510 17710 47391 42291 14823 37601 53286 43929 37525 60976 81873 39030 55417
44900 98065 61536 134102 47908 120797 69013 35385 32691 42767 88375 12822 137676 96242 18285 50467 58596 19229 68453 87217 32086 30120 40485 68190 29344 47514 73414 81778 41914 58667 33121 30750 97192 67194 53388 51978 106010 20919 60357 28506 33016 10998 50530 81896 73430 52879 87512 33290 12681 82963 65283 20082 54838 50326 77079 110033 61461 43818 25697 112507 88126 93659 17766 93959 83608 108723 91647 89604 23354 40863 89467 56695 54865 34455 79875 68991 64175 53032 85660 56784 68254 35428 16692 75242 90978 117826 54033 120901 74003 10936 40962 57696 94224 51895 133471 44926 0 80149 10367 29840 78007 42319 126026 120938 66995 109948 65961 78876 64261 41267 40275 65366 121283 47160 89857 107857 15570 87693 63234 101727 74065 45175 79241 35496 49965 82236 20163 81549 29490 113664 17353 118125 116403 33486 58505 44364 67031 98614 50640 78428 45925 115119 27717 73056 62139 53059 57023 87545 44464 83934 39884 90634 58895 87078 32863 80298 73270 73463 77035 76705 54667 48762 89459 87700 45417 79849 88218 59709 68199 52523 98063 92462 49211 84097 20335 87595 37016 48960 87710 82552 70973 57771 38176 57952 90126 62825 92382 113580 75264 78508 39400 76585 68532 15061 55100 61201 33991 90900 123917 104839 108392 44900 0 18285 53059 35496 38176 47160 87217 27717 61536 67194 53388 40863 69013 73463 82236 50326 30750 52523 74003 10998
92393 59767 103760 121608 87199 74992 135257 80600 94170 116017 33420 87023 138892 85831 73344 97901 74682 95113 18155 20439 106504 110244 81606 116853 87005 102208 117630 40760 103454 62050 92668 108667 52591 69191 61308 63904 79459 97024 79370 99192 86197 75367 60823 121179 54384 65377 72307 113425 92711 72602 53226 100080 123186 64883 83261 58462 43239 64186 98970 73073 70372 103768 95901 155646 67779 77083 80011 169692 82175 83926 90390 63801 37530 114603 91925 70940 80976 93050 158096 71715 58566 70943 80849 70752 99786 76640 45841 111681 92719 85433 106745 119523 99081 78521 122833 98405 80149 0 90452 109716 128045 39473 100911 79529 118676 103833 58173 51112 62296 113038 112420 85055 112399 117522 101422 173217 87897 65688 114948 88523 67614 106615 151624 86105 70319 102130 98844 69361 100391 94551 80429 81979 80842 58162 110017 49682 77803 113843 94851 3520 103553 79977 95197 38471 141679 75964 68510 104822 62557 109113 89852 119716 21323 98362 109506 20497 71748 69767 7899 156492 115492 108081 57210 78428 119645 142068 127645 136364 62044 127127 83869 68698 76054 106187 100468 66977 76877 52518 56196 27433 126075 114152 59191 32010 167074 72080 69801 85988 59889 68116 102037 9879 96670 89566 99240 118523 113182 73215 90120 93418 113014 92393 80149 73344 75964 86105 59191 117522 20439 95197 103760 69191 61308 83926 135257 69767 102130 64883 108667 127127 92719 75367
44729 105730 60595 137954 51599 128437 61866 39953 30364 34631 97572 13156 139709 101189 25663 49516 62948 12474 78399 97024 24203 19793 44988 65292 31686 44997 71129 90376 38010 66579 33872 22711 105393 72643 59714 57922 112290 13561 64012 25366 35910 19054 56959 80093 80736 58594 93467 22976 2338 88655 72607 9719 47695 56122 81093 118390 69816 51538 19289 119796 94320 96064 9242 87165 89865 115408 96972 79262 27167 42579 93368 62663 63979 24215 82837 74271 67766 55894 76689 61557 75027 42185 21176 80798 93713 125129 62324 124733 76377 10286 35711 52254 97336 57437 137116 43099 10367 90452 0 19485 74237 52281 131527 128185 63490 113780 72743 86599 70523 33778 34775 68361 125062 39795 92257 100072 15764 94348 59985 106744 79952 43328 70365 38591 54845 83823 10763 87542 23683 118886 19976 124955 123225 42608 55685 52689 71262 100021 50461 88766 42748 121938 23951 81725 51800 59054 62300 89218 50754 84546 42294 90214 69223 89681 23848 90024 78618 79066 87399 66339 49714 44765 96978 92973 36806 73312 86066 50031 74571 45189 103358 99042 55081 85212 10026 94115 42497 56629 95252 91971 66441 53779 45404 67403 80183 67725 98848 119704 82053 84511 35464 86698 69755 11300 54389 56716 23825 96935 130368 109517 110890 44729 10367 25663 59054 38591 45404 39795 97024 23951 60595 72643 59714 42579 61866 79066 83823 56122 22711 45189 76377 19054
49472 120530 62397 145872 63582 143002 50412 53877 34000 23299 114926 28266 144343 111566 43403 52317 73521 17555 97050 115387 17087 3328 58465 62981 43852 45423 69671 106826 36791 83480 43605 18170 121072 84538 73371 71101 124724 16180 73443 31101 48195 37678 70869 79115 95304 71412 105657 5205 17160 100518 87362 9771 37343 69168 90420 134233 86148 68510 19279 133840 106883 102207 14763 75552 102613 128482 108061 60008 41658 50654 102157 75689 81482 7164 90346 85852 76914 66440 60281 72840 88894 58430 37246 92627 100498 139149 78694 132795 83132 25284 31992 45590 104675 71598 144676 45111 29840 109716 19485 0 69624 71075 142404 142084 60075 122021 86679 101722 83732 24635 33034 76512 133025 29856 98501 86000 29603 107656 57356 117138 92327 47484 54309 50833 66629 88926 11714 99911 22618 129439 33508 138177 136449 61167 54295 69317 81288 104289 54536 108113 42199 135170 27091 98372 32321 73741 74313 94281 64741 87884 53251 91449 88557 96356 12580 108276 90176 91017 106827 46877 44436 42213 111640 104058 23532 62743 84158 32332 87836 36887 114278 112157 69752 89424 9912 107211 57309 72271 109973 109716 60671 50162 60874 85358 61453 78941 111780 131785 95796 96962 34709 105607 74845 22275 57134 51768 5750 109192 142892 119286 116846 49472 29840 43403 73741 50833 60874 29856 115387 27091 62397 84538 73371 50654 50412 91017 88926 69168 18170 36887 83132 37678
37609 103042 24356 95887 125485 120269 29255 113255 45388 47052 113638 87296 85192 76457 96069 31374 55486 61865 110170 121912 53151 72932 118364 11334 105846 30901 11764 101646 36307 134289 108032 87579 108169 65435 67457 64620 95158 61145 51223 97903 109981 88819 67460 16226 83584 63319 79725 73535 73216 74807 79521 71524 34628 63400 58343 119800 86712 120309 55284 109981 82215 54093 65772 31762 80054 101035 76786 95167 100764 45733 63602 65869 90529 75266 51414 64835 51340 130070 52147 57929 76322 113089 94258 69675 55134 114299 82464 84931 44958 67177 38882 24192 60034 129869 93686 34143 78007 128045 74237 69624 0 93171 103374 116193 11075 76555 75343 90683 70522 45050 102546 47504 84799 40490 51875 50431 89987 86115 15001 80736 71807 115696 48572 112625 57899 41910 66028 76580 50781 91184 62462 109710 108278 107708 20115 78774 56447 49514 33730 128400 32094 107246 50591 96670 72639 130895 61271 45011 65552 35225 116500 30910 112362 51987 57057 115248 67115 69234 129588 82117 25272 29488 95522 73953 48466 23569 17258 56321 73025 105308 80670 88519 127116 39102 73344 84827 115023 75538 94580 112351 9424 20458 70080 96055 71375 60048 87408 99356 80018 75009 38859 119604 35916 63711 28997 17929 65171 82538 110586 79981 64734 37609 78007 96069 130895 112625 70080 40490 121912 50591 24356 65435 67457 45733 29255 69234 41910 63400 87579 105308 44958 88819
55902 63038 69741 113294 65429 84930 96821 54737 55298 76578 47547 51469 124234 73632 40913 61930 46438 55802 26136 44951 67033 71926 57855 81839 57246 64880 83963 43553 64970 53396 63004 72487 59922 47112 33436 34722 76569 57703 50751 65832 58100 40250 31382 89314 42485 36392 61280 75122 54433 58588 35786 61656 84245 34653 61552 71713 26772 45751 59501 78364 60695 82521 56863 118483 56436 77342 67842 131041 51032 47529 72391 37283 16646 76462 68487 49284 53665 71878 118934 43321 41102 46756 47488 52832 78788 83407 21795 100998 66309 46270 67801 81539 79975 61203 113567 61081 42319 39473 52281 71075 93171 0 98735 86633 82940 90901 39287 45073 40805 73655 79081 57131 101578 78286 79260 135436 53030 58128 79020 78244 50253 77525 112437 59068 38993 76253 59866 55943 60950 88311 40958 85642 84032 33171 73874 17020 52817 91044 59448 38504 65726 82823 55841 35085 102642 59990 41011 80353 29659 81650 63736 91484 19835 76024 70110 38152 52265 51171 38347 117546 77568 70155 55662 64634 80185 104542 96084 96897 43174 92975 73693 62761 58017 79752 62264 58678 52509 23236 53946 41118 89776 77078 23350 17225 127601 46667 63220 84328 46690 53332 63343 34539 66821 50261 64271 81420 74171 63898 92753 82569 95194 55902 42319 40913 59990 59068 23350 78286 44951 55841 69741 47112 33436 47529 96821 51171 76253 34653 72487 92975 66309 40250
94540 41146 88353 24692 163346 34248 129190 151657 109036 130446 67716 138727 49108 30881 134792 94143 69000 125427 88432 81467 127867 145083 155457 98020 151387 102404 92738 61137 110393 150798 156613 153987 48629 58924 72787 74050 22431 126463 69007 154516 153457 130843 75680 87520 56271 73167 38736 147609 132528 43067 63516 136894 126253 75709 52341 47865 72005 144482 123288 29718 38594 49322 129255 134028 43105 23828 34564 190966 144653 91811 41850 69344 82434 149556 54860 57256 65666 169756 154554 70055 59033 144779 139153 50809 48352 28691 77412 23455 62542 121347 116286 115539 43411 159916 27157 100747 126026 100911 131527 142404 103374 98735 0 27457 102269 27474 61228 54395 62009 126717 165968 66704 24070 126626 51551 151889 141305 40612 101280 25346 52007 170314 149987 155037 76696 61893 131808 44668 120728 13089 111616 21259 21664 131678 99930 85510 61118 55900 90801 103882 105917 22089 115528 66825 163267 158721 69238 58366 81610 68149 159906 74420 103634 51846 133144 80488 52913 52576 107924 176543 112792 108802 44992 38571 134006 126788 89680 149332 58282 176495 28211 35988 156716 64308 138515 40136 150173 79311 46434 73504 109205 106805 88492 84143 172411 63873 35520 15060 52517 47683 111369 91819 72582 122083 90482 109332 141617 35547 14454 24119 41998 94540 126026 134792 158721 155037 88492 126626 81467 115528 88353 58924 72787 91811 129190 52576 61893 75709 153987 176495 62542 130843
98436 23600 96870 52131 151987 6793 138620 141320 110942 134337 46382 133003 76053 40032 126169 99798 70344 124551 70333 59197 129657 144337 144483 108670 142905 107865 104675 43891 114724 135159 148492 150872 27986 58422 68795 70985 21068 125913 72147 148687 144268 123547 71415 101586 47519 70693 38181 147185 129603 43579 55669 135096 132986 72915 58732 22068 60779 131196 123893 8442 36270 65142 127850 147874 40048 15201 39486 195782 136350 93523 52853 66405 70055 149030 64797 57583 69779 158430 164582 70174 53287 133342 131664 50891 62702 3226 67694 48601 71654 118569 120426 123444 58362 146866 54517 105380 120938 79529 128185 142084 116193 86633 27457 0 112605 48056 55545 42390 58361 130547 161136 72281 49328 131715 65988 166392 135280 34548 110720 36682 50413 162802 159316 145447 75776 74688 130703 43179 122222 30683 109156 7376 8298 119596 108175 77092 64355 74169 96089 82805 111120 9104 116544 51737 167009 145216 68164 72830 77622 82243 150196 90739 86647 64971 134692 60015 53609 52211 87100 181212 120106 114772 31618 42657 138156 138574 105231 154737 54260 173221 35717 30326 143786 78125 136489 35171 139137 71995 33382 53189 120259 114921 82882 70045 180804 64518 30967 18839 46318 45871 115109 71441 81535 120310 97198 118205 142407 34816 13130 39256 63064 98436 120938 126169 145216 145447 82882 131715 59197 116544 96870 58422 68795 93523 138620 52211 74688 72915 150872 173221 71654 123547
27078 97664 16521 97437 114571 116179 26956 102286 34341 38350 106131 76487 89473 73684 85021 21022 47972 51204 100994 113629 43246 63402 107395 4323 95018 19833 10975 94369 25482 123238 97342 77776 102179 58831 58945 56013 91798 50586 44098 87509 99121 77779 58631 20042 76662 54846 75120 64271 62557 69947 71867 61254 27630 54624 53931 114300 78254 109237 44750 105886 77462 53827 55208 37963 74817 97408 73167 91411 89843 35412 61094 57800 81285 66081 48243 58541 44909 119232 52404 50087 69221 102027 83310 64024 54069 110479 73496 85665 41009 56196 28577 16132 59010 118832 95486 23134 66995 118676 63490 60075 11075 82940 102269 112605 0 76401 68008 83915 63229 35866 92738 41450 85632 32065 51011 56495 79208 80924 3999 78420 65816 105408 47719 101753 49130 40458 55644 71339 40248 89615 51388 106484 104963 96664 9203 69113 50306 51340 23835 118867 21070 103860 39704 88801 66766 119839 53381 44585 56134 35317 105688 34334 102341 50431 47510 106795 61343 63339 119867 77683 15848 18762 89706 69961 40350 26303 24211 50831 66118 96360 77713 83798 116067 38606 63103 79743 104004 66349 88617 104334 7990 9973 60097 86801 70245 53045 82787 96699 73592 69437 28031 110509 31074 52819 19537 8951 55985 78185 108153 78335 66198 27078 66995 85021 119839 101753 60097 32065 113629 39704 16521 58831 58945 35412 26956 63339 40458 54624 77776 96360 41009 77779
72738 49000 63786 24184 151918 54175 103335 139536 88040 107487 73551 122758 35062 18131 121580 71139 51374 105926 88107 87043 106350 124948 143854 72092 137510 79211 66366 63387 87670 144297 142263 135450 57110 44746 59608 59825 30085 106680 49787 138193 140184 116546 62381 60502 50937 58501 31710 127184 114410 32755 55659 117757 101728 61023 32869 62381 66111 135590 102746 45600 33481 22611 110039 106791 36493 35896 24098 166704 130809 71804 20483 55656 76388 129164 31704 42626 46017 158141 128258 53401 50026 133962 124737 38105 22594 47625 69234 10962 39139 103500 93513 90593 17822 150311 23570 78160 109948 103833 113780 122021 76555 90901 27474 48056 76401 0 51677 52794 50284 103879 148552 45677 11336 103018 25453 124517 125516 38176 75851 15637 40654 155095 123982 142100 60177 36074 112285 35769 99623 17553 93919 40681 39915 121997 75153 75110 42938 28426 68198 106208 82773 39426 94942 65777 139864 149633 53803 31855 67371 41460 146955 47036 100830 26583 111660 83801 38982 39813 109675 152479 88214 85094 47633 26576 110816 100091 62329 125174 47730 157647 20076 35696 147073 37857 119510 36860 138785 68510 48260 77377 82933 81928 75102 79734 146624 47657 34453 29247 45658 37957 89007 94026 48500 103398 66938 84017 120463 30626 38011 10853 15138 72738 109948 121580 149633 142100 75102 103018 87043 94942 63786 44746 59608 71804 103335 39813 36074 61023 135450 157647 39139 116546
46763 34073 51583 74073 102353 56338 90626 90497 56873 80936 38295 78380 85550 34370 73581 50033 20036 69125 40375 47454 75082 88858 94401 65068 90217 57123 63886 26371 62397 92664 95511 95452 36051 11114 13310 15755 40208 70544 24122 94186 92233 69846 15871 65417 9232 15826 22630 91744 74106 19357 4947 79553 82131 17720 25213 49116 15524 84521 68885 47222 22651 46181 72339 105932 18124 42771 28654 142031 83494 40140 34070 11615 25047 93569 33761 12770 24395 108730 116199 18130 2294 83912 78139 13883 42222 52548 17557 61711 34949 63038 67671 74449 42324 99617 74292 53928 65961 58173 72743 86679 75343 39287 61228 55545 68008 51677 0 16504 4822 77204 106231 28486 62292 79343 43538 124503 80825 21734 64957 39128 11059 109388 110280 93811 21639 44060 75218 16918 67632 49824 53613 52239 50511 71221 60948 24405 20180 55939 46287 59681 59861 49225 61830 21766 112938 98698 15040 46651 22077 51299 98681 61970 50281 40400 79929 41428 14039 12421 62311 127523 70618 64097 25162 25352 84844 93918 71429 101986 4138 117881 34697 26512 96386 48168 80945 21688 89155 18089 23580 37467 75975 66855 27809 29120 130143 15368 26491 47896 9320 14134 62244 48526 40567 64785 49165 70878 87278 25685 57974 43334 57215 46763 65961 73581 98698 93811 27809 79343 47454 61830 51583 11114 13310 40140 90626 12421 44060 17720 95452 117881 34949 69846
63267 19189 67407 71973 110436 41921 107041 99374 73046 97190 24167 90749 87851 34734 83834 66458 36128 84205 35532 35916 90956 103711 102758 80779 100583 73620 79045 12048 78855 96410 106142 109164 19698 25249 29081 31831 31976 85729 39818 106376 102054 81162 31201 79590 7336 32135 21194 106689 88163 21977 14439 94078 98633 33777 35695 32873 18539 90575 84506 33962 19317 54259 87144 121706 16754 32279 28898 158067 94000 56559 40134 28038 28464 108454 44613 25952 39345 116884 132669 34509 14870 91758 89274 22501 50348 39210 25304 61128 47903 77352 84074 90896 48869 106150 72855 70432 78876 51112 86599 101722 90683 45073 54395 42390 83915 52794 16504 0 20985 93482 118942 43216 61820 95764 52511 140354 92977 14945 81013 37718 19678 120424 126771 103317 38069 55782 90105 18777 83534 45371 68291 40683 39042 78244 77170 34745 34328 64682 62696 53422 76365 37814 77695 13113 128917 104780 31511 57164 37119 63580 108106 74145 49601 49746 95675 31502 24514 22283 56889 143600 87086 80598 10796 27485 101107 110006 85189 118315 17799 131341 32998 18814 102989 59970 95346 16076 97417 29989 9035 25712 91904 83204 41223 29756 146630 30870 19643 39607 10972 18299 78647 41269 55127 79556 65394 87170 102704 22280 47681 42575 62149 63267 78876 83834 104780 103317 41223 95764 35916 77695 67407 25249 29081 56559 107041 22283 55782 33777 109164 131341 47903 81162
42423 37726 46787 73313 102403 59592 86056 90320 53138 77064 43117 76858 83458 33697 72990 45475 15265 66213 44335 52157 71579 86022 94392 60264 89478 52707 59066 31174 58243 94140 94642 93216 40286 7002 10876 12683 41807 67557 19301 92670 91696 68845 13734 60670 13649 12336 23308 88845 71773 19141 9376 76937 77814 14582 21697 53227 19187 85343 65599 50164 23874 42886 69586 101140 19373 44951 28324 138320 82736 36118 31650 8044 27828 90701 29892 8987 19628 108729 111701 13525 6116 84140 77156 12227 38978 55455 19642 60651 30512 60621 63620 69917 39536 100202 73339 49593 64261 62296 70523 83732 70522 40805 62009 58361 63229 50284 4822 20985 0 73310 104442 23734 61192 75249 40034 119723 79388 23961 60208 38797 10155 108305 105828 93385 17726 39835 72402 17351 64125 50093 51045 54577 52846 71828 56253 24853 15630 52356 41711 63666 55525 51561 58372 26497 109295 99432 10609 42701 19837 46903 98263 57555 53287 36842 76518 46023 11462 10480 66136 123785 66118 59701 28886 24666 80958 89183 66728 98008 4104 115712 34625 28570 96964 43895 78393 23625 89207 18267 27403 42221 71202 62230 26484 32358 125884 10564 28330 49326 12247 14327 58198 52751 35806 62087 44469 66218 84082 26650 59847 42680 54646 42423 64261 72990 99432 93385 26484 75249 52157 58372 46787 7002 10876 36118 86056 10480 39835 14582 93216 115712 30512 68845
32387 111031 41019 127001 84758 132532 28088 73577 20551 3791 110916 46599 122858 96021 59021 32775 60203 22067 97679 114328 9609 27921 78549 39109 64653 24675 45993 100987 16329 99845 65713 42734 113171 72163 64450 61652 111434 20502 58708 54302 69001 51956 62585 55449 86391 61392 92641 28501 32035 87262 79213 28115 13946 59712 74481 126299 81063 84893 15698 122715 94340 82616 24537 53421 90506 116006 93504 65235 60788 37223 85134 65594 79381 30266 72458 72967 61575 88487 45638 60517 79175 75868 54951 79696 81534 127867 74192 114266 64835 31143 10435 20957 86104 91172 125494 25973 41267 113038 33778 24635 45050 73655 126717 130547 35866 103879 77204 93482 73310 0 57656 60067 114399 6019 79109 66599 48881 96177 33517 101448 80170 71572 39115 71705 55613 68872 23527 87381 12882 113630 32905 125689 124004 74646 31240 66142 66697 83144 35947 112159 21114 122764 17848 93320 36669 92829 62864 74014 57245 66488 74922 68630 93133 77426 12179 107069 77010 78338 111828 50666 20043 19432 102193 89642 7649 39722 60074 24883 77238 60497 99308 100226 88853 68634 29742 95429 76258 66858 100688 106925 36039 26165 56387 84244 54591 66032 99591 117840 85504 84680 15497 107022 55433 26569 36979 27298 20159 96138 129311 102821 96747 32387 41267 59021 92829 71705 56387 6019 114328 17848 41019 72163 64450 37223 28088 78338 68872 59712 42734 60497 64835 51956
78392 138118 93212 172723 40402 160826 82694 36555 63128 56257 126532 28236 173911 135820 39188 82453 97665 43927 104328 123368 49495 29789 39049 95399 26889 76587 101896 121064 68387 68271 22381 14971 136852 107045 93567 92025 146231 43767 98788 13336 29550 38852 90730 111255 113657 92830 127625 29833 34206 122962 105517 32271 70189 90306 115864 149475 101166 55407 49080 152699 128315 130551 39593 107309 123810 148997 131464 69274 30412 77141 128143 96764 93655 28479 117520 108749 102540 40565 87942 96179 108525 45259 31887 115164 128317 158009 93852 159503 110920 45060 64260 78600 132027 51217 171866 75512 40275 112420 34775 33034 102546 79081 165968 161136 92738 148552 106231 118942 104442 57656 0 103079 159828 62854 126754 115753 26223 127962 89805 141358 114135 16802 82802 31163 89417 117995 38109 121669 53344 153438 54709 158397 156675 55083 86332 84245 106007 133995 83968 109961 73692 155392 56082 112314 51354 54169 96752 123403 84610 118091 30558 122786 91550 124255 45523 116929 113075 113405 107466 61150 77293 74411 129596 127482 56057 95140 116612 59922 108413 14927 137869 132726 50698 119098 30379 127850 40968 89143 127840 120199 93673 82772 78450 95943 83081 102324 132631 153767 115537 118628 66047 111149 103837 45392 87382 84641 38032 131044 164175 144221 145375 78392 40275 39188 54169 31163 78450 62854 123368 56082 93212 107045 93567 77141 82694 113405 117995 90306 14971 14927 110920 38852
27841 56218 25066 69758 110072 75320 66527 97353 42658 63816 66555 78046 72514 35955 78908 27856 10814 60251 66910 75886 61320 79380 102033 37975 93940 36094 35834 54422 43769 107970 98288 89799 60839 18005 24489 22578 52119 61024 6391 93155 97023 73097 25963 36936 36208 20910 34199 81697 68882 28869 33076 72082 60874 22479 14417 72852 41924 96820 57239 65094 36372 28444 64364 78791 33447 57237 33714 124775 87388 26128 25647 21391 48491 83671 14527 17331 4128 116007 92513 13962 29156 93181 81008 22578 25615 69919 39794 56569 9433 58122 49651 51165 28987 110260 68809 34136 65366 85055 68361 76512 47504 57131 66704 72281 41450 45677 28486 43216 23734 60067 103079 0 56857 60316 24682 97497 80872 39548 39018 41394 24424 110465 87110 99171 18597 19235 66614 29986 54336 53617 48711 66707 65086 82953 36015 40197 8951 34935 24310 86099 39523 63903 49425 50230 96693 110140 16812 23794 27893 24698 103925 34985 73336 21770 66622 69672 19893 21910 88151 110261 47842 42814 48293 30010 67438 67752 43030 83264 25723 111971 39306 42669 107078 22621 73838 38418 97295 34638 47251 65949 49396 42684 35482 53723 108532 13231 41747 58065 32514 27993 44673 75783 12083 57790 24927 46119 75258 37478 69608 43006 43061 27841 65366 78908 110140 99171 35482 60316 75886 49425 25066 18005 24489 26128 66527 21910 19235 22479 89799 111971 9433 73097
83637 55219 73896 12902 163117 55939 112418 150771 99027 117960 80995 134092 27701 28051 132859 81759 62711 117075 97346 94735 117186 135984 155058 81310 148825 89730 75237 71664 98284 154949 153591 146656 63392 55874 70749 71050 35014 117795 61091 149517 151478 127864 73546 68584 60763 69751 41258 138173 125668 43070 66050 128926 111626 72283 44205 66653 76284 146534 113764 48798 42655 32074 121211 114069 46171 39892 33986 176549 142119 82978 31816 66820 86688 140155 42690 53777 57311 169357 136861 64726 60527 145095 136062 48968 32866 49641 79825 765 49949 114785 104089 100330 28404 161353 12262 88854 121283 112399 125062 133025 84799 101578 24070 49328 85632 11336 62292 61820 61192 114399 159828 56857 0 113292 35376 131295 136852 46908 85395 24138 51366 166432 132864 153381 71507 45883 123420 45911 110556 19737 105221 42163 41845 133003 85073 86045 54274 35410 78943 114943 93288 41698 105973 74926 150106 160620 65080 41184 78623 50336 158239 54345 110693 36984 122490 92090 50018 50714 118575 162439 98150 95410 55384 36960 121205 108356 69557 135157 58441 168804 28879 43704 158114 47086 130690 45745 149969 79455 56262 85436 91768 91751 86321 89763 155618 58951 42601 31622 55676 48328 99710 102702 58971 114628 77421 93579 131338 39574 37418 19371 20260 83637 121283 132859 160620 153381 86321 113292 94735 105973 73896 55874 70749 82978 112418 50714 45883 72283 146656 168804 49949 127864
33291 112861 39432 125742 90735 133987 22070 79591 23809 6632 114046 52612 120452 96159 64993 32521 61517 28005 101794 118036 15624 33068 84559 35664 70629 24252 42641 103780 17055 105783 71608 48026 115393 73563 66923 64041 112191 26481 59591 60041 74981 57903 65251 52004 88571 63635 93619 33297 38053 88217 81665 34003 7940 62138 74695 128441 84204 90849 21494 124038 95446 81305 30554 47406 91773 116979 93991 64459 66804 39207 84839 67741 83149 34944 71965 74203 62195 94412 40661 62129 81226 81868 60969 80832 80503 129120 77539 113198 64278 36881 11712 16326 85197 97190 124115 26360 47160 117522 39795 29856 40490 78286 126626 131715 32065 103018 79343 95764 75249 6019 62854 60316 113292 0 77917 60702 54881 97575 30219 101497 81531 77136 34155 77686 57708 67485 29527 88554 18245 113562 37918 126606 124943 80467 28772 69871 67484 81093 36007 116760 20793 123721 22553 96349 36845 98847 64685 72471 60206 64451 80862 65721 97909 76449 17743 110788 78107 79566 116575 49960 16362 17929 104097 90208 8335 33752 56186 23030 79077 64824 99614 101462 94872 66891 35588 96747 82277 70114 102646 110333 31248 22891 60026 88151 51179 67366 100757 118357 87331 85954 17126 111219 54543 32340 36216 23199 24934 97075 129883 102590 95110 33291 47160 64993 98847 77686 60026 0 118036 22553 39432 73563 66923 39207 22070 79566 67485 62138 48026 64824 64278 57903
49052 57794 38526 47893 134721 70883 77964 122016 64594 82639 76473 102448 47858 26087 103583 46627 33773 83228 83848 88335 82286 101557 126674 46715 118585 54469 41208 64541 63097 131507 122869 113014 64736 33066 45836 44849 45071 83765 30463 117332 121697 97769 48061 36259 47457 43229 34126 103588 92589 31018 48435 95130 76354 45361 18357 74013 59020 120939 79360 60875 36798 3811 87478 82916 36805 51259 28410 141321 112051 49678 13872 41981 67802 105570 10851 31050 26803 140677 103088 36635 42905 117683 105648 30752 3321 64534 59381 35292 15898 82129 68854 65162 8159 134679 46419 53797 89857 101422 92257 98501 51875 79260 51551 65988 51011 25453 43538 52511 40034 79109 126754 24682 35376 77917 0 101118 105294 41792 50399 29484 33880 134831 98673 123851 42580 10622 89465 33999 75903 39327 72950 59066 57790 107074 49777 62306 26474 12423 44027 103097 58018 56889 71657 63478 114731 134455 38422 6954 51414 16720 128602 24808 93274 3238 87564 83326 29686 31658 105828 127145 62852 60043 52516 27105 85849 75239 39315 99848 39511 134796 30423 42285 131480 12773 96951 40269 121898 56042 52266 78085 57723 56517 59264 72388 121256 32595 40957 48152 42124 34221 64630 91640 23787 81366 42159 58565 96483 35734 59067 28186 18633 49052 89857 103583 134455 123851 59264 77917 88335 71657 38526 33066 45836 49678 77964 31658 10622 45361 113014 134796 15898 97769
80986 153402 72961 140929 149520 170616 39248 139208 80648 65440 162592 112412 124957 126468 125561 75913 104468 88665 156048 169704 75975 88488 144015 59591 129600 71010 62164 150863 70619 166433 129605 102640 158330 115186 115095 112120 145327 87073 100552 116958 133973 118543 114530 64926 133126 111051 130156 87180 98146 125223 128330 92962 53163 110611 108773 170143 134327 151459 82193 160340 132642 102804 90904 18719 130421 151283 127099 74627 126551 89388 113598 114182 136409 88041 101730 114773 101154 152423 29041 106552 125704 142256 121094 119912 104436 164581 129095 131562 95388 97526 68725 53898 109191 156959 138364 74812 107857 173217 100072 86000 50431 135436 151889 166392 56495 124517 124503 140354 119723 66599 115753 97497 131295 60702 101118 0 114405 136497 59648 130471 121914 132018 33137 136647 105182 91756 89438 126941 78724 140274 97356 159773 158386 141145 64053 123621 106438 96240 79332 173030 69777 157388 82109 145176 67789 158832 109829 94164 111340 84455 139240 77482 155260 101665 76527 162747 117302 119377 173521 67591 57879 65302 145742 124346 63500 31189 62209 55865 122568 111729 130737 138948 154833 88524 94219 135224 142226 121738 144738 160610 48534 59181 114026 141850 44661 109495 137838 149162 129911 125282 72474 165630 86227 93016 75660 54834 80253 132959 160183 129269 111085 80986 107857 125561 158832 136647 114026 60702 169704 82109 72961 115186 115095 89388 39248 119377 91756 110611 102640 111729 95388 118543
59299 112122 75602 149668 35959 134797 76878 24818 45686 49259 100376 2882 153070 111698 15347 64479 74159 28222 78597 97632 39282 28156 29710 80919 15942 60479 86628 94852 53727 53933 18348 21096 110687 82583 68546 67280 121000 29191 75918 13408 20215 12824 65664 95468 87911 68244 102688 30721 17034 98243 79803 21457 62821 65680 92647 123270 75045 39035 34997 126838 103200 109101 24669 102267 98666 123487 107021 85002 12179 56001 105036 71968 67433 31019 95391 84416 79735 40133 89682 72316 83112 28844 8063 90583 106472 132131 67786 136469 89417 24042 51459 67938 109765 42555 149042 58362 15570 87897 15764 29603 89987 53030 141305 135280 79208 125516 80825 92977 79388 48881 26223 80872 136852 54881 105294 114405 0 102535 75664 117162 89302 29613 83571 22911 65497 97467 25355 96725 39426 129039 32433 132775 131062 33330 71276 58234 82595 113813 65070 85696 58371 129783 39564 86103 60179 44472 72477 102809 59696 98827 26529 105058 66694 102548 37916 91053 88670 88794 83608 73582 65461 60505 103685 103094 50911 88592 101553 61925 83262 39965 113436 107329 40470 99180 20321 102511 27898 63373 101924 94116 82200 69530 53038 69771 90702 78332 107311 128630 90077 93690 51177 85829 83621 26564 69271 72479 35139 106035 138785 120335 123861 59299 15570 15347 44472 22911 53038 54881 97632 39564 75602 82583 68546 56001 76878 88794 97467 65680 21096 39965 89417 12824
64298 16949 64612 57065 122862 36413 105944 111332 76426 99962 36035 100104 73217 20384 94878 66161 36059 90154 50471 49144 95113 109972 115019 77304 111587 74038 74355 25254 80532 110519 116964 117057 23053 24027 34648 36643 18719 91477 38327 115906 113434 91415 37389 73184 15661 36247 7733 112781 95652 11465 23161 100893 99287 38542 27970 33717 31437 103878 89359 26548 5164 42792 93547 117784 6107 21065 14940 161396 104891 59050 28261 31987 41921 114644 36108 23422 36459 129286 131909 35690 19441 104254 99685 17079 39125 31749 36866 46210 41343 84526 86157 90290 36677 119304 57915 71347 87693 65688 94348 107656 86115 58128 40612 34548 80924 38176 21734 14945 23961 96177 127962 39548 46908 97575 41792 136497 102535 0 78566 22861 16043 130954 126370 114903 41231 47310 96358 9587 87676 30672 74986 30631 28899 91080 75456 45316 30945 53266 62393 68129 77177 27613 81996 28056 132541 118118 33617 47465 43595 55314 119753 65393 64375 39493 100144 45632 19832 18112 71696 146830 86760 81017 10753 14807 103806 107217 78054 120554 19863 139521 18183 4814 116104 51362 102340 1533 109714 39415 10733 39290 88826 82001 49540 44028 147339 30210 5092 26499 12460 11722 80798 55912 50280 86048 64035 85583 107882 7565 36250 27746 48629 64298 87693 94878 118118 114903 49540 97575 49144 81996 64612 24027 34648 59050 105944 18112 47310 38542 117057 139521 41343 91415
23132 95197 13957 97417 110901 114116 28070 98565 30549 36255 102954 72921 90477 72208 81204 17147 44945 47785 97327 110207 40385 60684 103674 5626 91427 15913 12483 91280 22006 119288 93855 74868 99499 56067 55530 52576 90043 47246 41238 84230 95502 73977 55116 21932 73725 51456 72987 61700 59122 67746 68699 58092 26666 51136 51988 111764 74818 105321 41446 103840 75268 53402 51854 41267 72463 95544 71391 91231 86173 31504 59789 54535 77612 63546 46814 55888 42300 115625 53913 46932 66245 98182 79617 61572 53349 108518 69911 85393 39383 52481 25545 15114 58260 115030 95562 19154 63234 114948 59985 57356 15001 79020 101280 110720 3999 75851 64957 81013 60208 33517 89805 39018 85395 30219 50399 59648 75664 78566 0 77085 63236 102182 48904 98122 45661 39780 52419 68998 36961 88502 47482 104738 103190 92708 5208 65337 47760 51697 20107 115097 17355 102064 36109 85532 65822 116006 50194 44217 52444 35316 102105 35534 98461 49572 44848 103328 58861 60803 116051 77287 13865 15469 87110 68068 38554 28994 26823 50174 63218 93882 76153 81593 112247 38317 59956 77425 100228 62710 85973 101001 11225 7372 56246 83121 71142 50171 80620 95177 70832 66988 24537 106858 29293 49199 16047 8184 53488 76129 106680 77239 66292 23132 63234 81204 116006 98122 56246 30219 110207 36109 13957 56067 55530 31504 28070 60803 39780 51136 74868 93882 39383 73977
69217 33607 63762 35095 141190 41968 105142 129114 83696 105188 57921 114512 50473 5580 111668 68980 43912 100257 73226 71448 102521 119849 133185 74272 128033 77249 69551 47915 85135 131456 133075 129059 41643 34610 49146 50009 16270 101252 43703 130226 130377 107233 52033 65546 36741 48950 17222 122343 107654 19801 42483 111808 101418 51521 27006 47850 52428 123646 97987 32382 18518 28463 104140 112139 22155 22506 10501 165915 121289 66509 17327 45434 62910 124295 30277 32747 40326 147523 130822 45190 37184 122874 115529 26807 26170 35478 56452 23462 37830 96507 91023 90947 21697 138730 35580 75491 101727 88523 106744 117138 80736 78244 25346 36682 78420 15637 39128 37718 38797 101448 141358 41394 24138 101497 29484 130471 117162 22861 77085 0 28658 146463 125980 132116 51941 38835 106645 22301 95390 12305 86779 29631 28418 110331 75345 63395 35870 37653 65577 90987 80741 27586 90215 50810 138043 137826 44705 36406 57665 46027 136994 54116 86610 28819 107800 68358 28517 28615 94554 151450 88035 83751 32011 14184 108780 103727 68799 124306 35552 151530 4741 20087 135497 41948 113458 21646 127991 56899 32681 61854 85709 82225 64971 65774 148154 39034 18869 18693 31807 24993 86067 78765 47962 97054 65472 84995 116287 15445 29858 4899 28424 69217 101727 111668 137826 132116 64971 101497 71448 90215 63762 34610 49146 66509 105142 28615 38835 51521 129059 151530 37830 107233
48256 32042 49346 63323 112532 52456 90275 100471 60550 83958 43787 86735 74519 23632 83134 50230 20016 74924 50267 54802 79322 94756 104527 62395 99600 58041 60075 31575 64489 103648 104737 102582 36417 8010 20788 22110 32460 76163 22429 102533 101842 78922 23684 60083 13689 21358 13515 97489 81098 9003 15412 85962 83301 23847 16196 48530 26170 95236 73763 42549 14555 36154 78480 103205 10385 36224 18174 145401 92856 43112 23271 17375 36042 99381 25136 7456 20936 118866 116196 19778 9646 94233 87232 3138 32172 47699 28593 50801 28258 69909 70122 74478 31746 110196 63439 55313 74065 67614 79952 92327 71807 50253 52007 50413 65816 40654 11059 19678 10155 80170 114135 24424 51366 81531 33880 121914 89302 16043 63236 28658 0 118337 110573 103538 25699 36187 81210 7614 71907 39963 60234 45945 44226 81803 59873 34815 15512 46279 46451 69393 61154 42957 66289 29622 116596 109368 18014 37898 29613 43929 108417 54526 61107 30898 84407 49521 4848 2624 72285 130833 70888 65032 23890 14578 87793 92103 65570 104513 7080 125106 24471 20095 106960 40377 87484 15259 99334 28276 22827 44558 73782 66302 36556 39892 131382 14167 19561 39763 8718 4635 64771 57800 35952 71079 48305 69998 92306 16995 50623 32624 46399 48256 74065 83134 109368 103538 36556 81531 54802 66289 49346 8010 20788 43112 90275 2624 36187 23847 102582 125106 28258 78922
88042 139347 103864 179233 25773 161792 97856 26350 73554 70686 124807 32422 182551 141038 36756 92815 103725 54663 101090 119865 62685 44479 26924 107670 20321 87897 113842 120875 80273 55754 14530 29617 137108 111854 97550 96472 149579 55001 105530 18055 20426 39544 94653 122998 115916 97514 131598 45176 43615 127322 107928 44178 84776 94942 122228 149190 102056 44912 60749 154383 131957 138641 50444 122837 127414 151707 136229 85037 26555 85362 134619 101104 93388 44104 124989 113737 109347 24577 104495 101820 111652 36040 31271 119766 136054 159609 95130 166042 118941 52979 76867 92243 139374 37207 178632 86267 45175 106615 43328 47484 115696 77525 170314 162802 105408 155095 109388 120424 108305 71572 16802 110465 166432 77136 134831 132018 29613 130954 102182 146463 118337 0 99219 20658 95005 126818 49770 125651 65224 158224 61888 160787 159094 48499 98257 85901 112162 143112 93783 103818 85349 157828 66841 112231 68156 40365 101859 132185 88832 127826 17801 133512 86720 132114 59428 113954 117946 117966 100817 77669 90488 86721 131216 132339 70992 110218 128742 76323 112074 28124 142634 135767 37413 128379 42352 131038 30513 91548 129452 118065 107176 95468 81824 94749 99871 107788 135841 157284 118517 122631 77798 106791 112858 54625 97702 97794 52937 134876 167121 149744 153420 88042 45175 36756 40365 20658 81824 77136 119865 66841 103864 111854 97550 85362 97856 117966 126818 94942 29617 28124 118941 39544
63590 142572 62521 144270 117789 162422 20838 108138 57566 36780 146590 81863 133434 121109 96009 60466 91050 60208 135678 151452 47356 56486 112769 51982 98160 53164 57661 135767 49038 136857 97667 70095 146050 102915 98743 95763 138806 58411 88146 84773 102498 89351 97439 64666 119449 95093 121308 54855 68238 115974 113210 62237 28775 93964 100666 158786 116953 121804 54499 152204 123464 101372 61583 30112 120328 144190 120164 48723 95738 70992 108672 98920 116743 55535 95715 103118 89932 120306 6523 92323 111936 112105 90773 109294 101764 157011 110642 132945 88276 69832 45009 36095 106709 125883 142139 56473 79241 151624 70365 54309 48572 112437 149987 159316 47719 123982 110280 126771 105828 39115 82802 87110 132864 34155 98673 33137 83571 126370 48904 125980 110573 99219 0 105127 89029 88158 59606 116921 51997 137306 71965 153492 151920 112690 51141 103480 95443 97861 64256 150901 50579 150774 56679 128825 35099 127968 95261 92127 92939 82613 107382 79464 132061 98150 46539 144238 106539 108309 150730 37986 39752 46222 134109 116740 33838 26061 65411 22897 109349 78625 125036 129733 123971 86125 63255 125339 111451 103151 132809 143351 41102 44427 93604 121871 22814 96743 128842 144065 117414 114659 50019 145155 78163 65235 62339 41146 48598 124563 155577 126029 113021 63590 79241 96009 127968 105127 93604 34155 151452 56679 62521 102915 98743 70992 20838 108309 88158 93964 70095 78625 88276 89351
80384 121859 97031 165969 13057 143965 99610 5738 67783 71910 105648 25436 171671 126866 20522 85954 91117 51065 81396 99950 62127 48693 8159 103261 7071 82657 108722 102618 76318 37116 8863 36754 118990 97761 83000 82402 133623 52089 93627 21580 2705 26137 80128 117329 99473 83651 116386 50625 39945 112524 91743 43879 85624 81107 109526 130661 84784 24672 57873 137098 116447 127613 47580 125012 111932 135215 121685 99669 12145 75947 121824 86804 75451 50328 113468 99780 97417 17559 111027 88818 96005 15383 18807 105320 124651 142229 78288 152927 108199 45774 74297 90831 127469 21225 165643 80265 35496 86105 38591 50833 112625 59068 155037 145447 101753 142100 93811 103317 93385 71705 31163 99171 153381 77686 123851 136647 22911 114903 98122 132116 103538 20658 105127 0 82151 116907 48193 110533 62273 143450 52735 143975 142316 28187 93579 69601 99445 133292 86114 83257 80772 141073 62050 94136 78384 23811 88301 122121 74782 119095 4878 126070 66533 120919 60453 94282 103793 103513 80199 90200 88298 83143 114086 117935 73314 111428 123586 82819 96894 45626 128009 119700 20031 119028 42498 115149 10076 75726 112335 98748 105000 92190 67208 76191 109945 94446 119912 141399 102629 107578 73766 86641 103514 48934 90595 95254 56568 119496 150695 135766 142130 80384 35496 20522 23811 0 67208 77686 99950 62050 97031 97761 83000 75947 99610 103513 116907 81107 36754 45626 108199 26137
25450 55445 33546 84259 92512 77248 69793 79914 35415 59359 57898 62785 89930 46407 61676 29461 8987 49243 52328 64551 53931 69070 84441 46869 77374 35925 47312 46764 40787 89380 82087 77300 57685 17975 9939 6944 58119 50466 12287 78403 80152 56403 9561 51280 30864 6068 39071 71791 55833 34031 24187 60397 60661 5508 27404 70752 29160 78399 48138 67686 40254 46204 52855 86920 36007 61885 42134 120595 70693 18502 39761 10034 32812 73686 31828 19469 15788 98590 95059 6820 23566 75181 64568 26127 42924 72940 24575 71096 28016 44651 46032 53529 45403 92116 83745 32558 49965 70319 54845 66629 57899 38993 76696 75776 49130 60177 21639 38069 17726 55613 89417 18597 71507 57708 42580 105182 65497 41231 45661 51941 25699 95005 89029 82151 0 37816 55549 33287 46482 64045 34920 71595 69871 64530 41129 22410 17306 53438 25894 70877 38468 68596 40773 40221 91579 91876 7685 42360 9390 42728 86979 52492 56315 39466 58925 57672 23825 24460 72406 106060 49600 42812 46588 38132 63259 74155 57927 80361 21724 99818 48514 45617 88913 41060 61961 40688 79553 17901 45075 55460 56883 46440 16887 38317 108580 12910 45187 65285 29963 30333 40605 61719 27870 45524 29622 50650 66672 42598 76289 54901 60306 25450 49965 61676 91876 82151 16887 57708 64551 40773 33546 17975 9939 18502 69793 24460 37816 5508 77300 99818 28016 56403
39731 64028 28054 58257 128227 79150 67414 115449 55252 72349 79942 94596 55922 34713 96935 36712 29815 74195 84150 90845 72458 92043 120242 36177 111336 44327 30896 67750 53030 127149 115356 103973 70309 32966 43177 41561 53622 74602 25614 109097 114648 90772 44931 26900 49772 39887 40055 93955 83988 35912 48987 86066 65766 41622 20101 80647 58969 115790 69947 68951 42710 13826 78494 73340 41669 59655 35741 130724 104936 41472 21846 39693 66650 95933 11290 31328 22595 134018 92661 32938 43977 111768 98414 33282 13611 72980 57981 45827 9948 73871 58711 54547 18552 128943 56655 43929 82236 102130 83823 88926 41910 76253 61893 74688 40458 36074 44060 55782 39835 68872 117995 19235 45883 67485 10622 91756 97467 47310 39780 38835 36187 126818 88158 116907 37816 0 80324 38433 66309 49420 65036 68018 66639 101940 39198 59264 24479 16393 34411 103476 47851 65654 62357 65332 104258 128941 35442 5408 47128 8004 121575 18370 91879 10107 77700 85245 31441 33645 105843 116571 52276 49670 57705 33498 75487 65053 30975 89281 40402 125475 38991 48725 125787 4190 87915 45857 115647 53468 57162 80634 47314 45914 54687 71650 110697 30517 47479 57485 44886 37829 54685 92556 14175 72733 32072 47944 86659 42330 68677 38164 27985 39731 82236 96935 128941 116907 54687 67485 90845 62357 28054 32966 43177 41472 67414 33645 0 41622 103973 125475 9948 90772
40595 108973 55103 136311 61248 131498 51543 50087 25137 24040 103240 23114 136147 101065 36425 44380 62810 6392 85701 103898 13935 13641 55038 57925 41150 38543 64195 95114 30579 77334 42466 23674 109408 73516 61924 59735 113659 5723 63084 31881 45488 29765 59371 73451 83755 60121 94620 16584 8717 89554 75775 5839 37466 57821 80189 122560 74435 62289 11060 122423 95755 93230 3067 76921 91432 117267 97334 71222 37314 40504 92160 64371 69835 18364 80769 74918 66671 65100 65941 61926 77450 52845 31661 81649 91252 127742 66980 123152 73807 13708 27148 43073 95227 67737 135250 37404 20163 98844 10763 11714 66028 59866 131808 130703 55644 112285 75218 90105 72402 23527 38109 66614 123420 29527 89465 89438 25355 96358 52419 106645 81210 49770 59606 48193 55549 80324 0 88816 15480 118922 21833 126938 125208 53242 48592 57608 70786 96135 46047 97380 35771 123926 18040 86658 42837 69480 63219 85726 53210 80073 51501 84690 77840 87135 13086 96758 79263 80003 96298 57694 40957 36953 100096 93321 26067 63244 79051 39556 76505 45397 103617 100909 65490 81220 7732 95959 52878 60578 98418 98082 57737 45717 49178 73789 69984 68076 100573 120824 84388 85839 28150 94396 66150 10575 49304 48192 14339 98146 131829 109002 108001 40595 20163 36425 69480 48193 49178 29527 103898 18040 55103 73516 61924 40504 51543 80003 80324 57821 23674 45397 73807 29765
55266 26463 55042 57365 119241 45606 96442 107321 67946 91172 42494 94182 70464 17863 90205 56852 27186 82524 52803 54682 86766 102354 111275 67717 106753 64819 64817 30685 71550 109189 111953 110182 32016 15428 28181 29655 24848 83752 29057 109990 108895 86176 31062 63867 15292 28951 5964 105077 88701 3242 20202 93576 90028 31423 18661 43220 30393 101380 81295 35522 7007 35555 86091 108225 3483 28741 11945 152614 100014 50469 21357 24912 40777 106973 27148 14418 26989 125608 122417 27228 14904 100822 94486 7726 31681 40567 34151 45293 31928 77513 77246 80862 30093 116520 57724 62243 81549 69361 87542 99911 76580 55943 44668 43179 71339 35769 16918 18777 17351 87381 121669 29986 45911 88554 33999 126941 96725 9587 68998 22301 7614 125651 116921 110533 33287 38433 88816 0 79367 32950 67844 38463 36754 88128 65940 41307 21481 46017 53104 71452 68021 35493 73783 30891 123895 115573 25604 39112 37085 46411 115408 56708 65065 31390 91877 50181 10471 9055 74665 138044 77377 71770 19332 9268 94983 97630 68905 111570 13644 132705 17796 12922 113291 42559 95098 8435 106041 34911 18729 44489 79239 72521 43827 43970 138019 21388 12213 32163 9902 3041 71933 59482 40716 78692 54584 76062 99836 9393 43014 26684 43653 55266 81549 90205 115573 110533 43827 88554 54682 73783 55042 15428 28181 50469 96442 9055 38433 31423 110182 132705 31928 86176
26925 101698 40097 123377 75271 123711 39641 63460 11697 15628 99660 36838 121806 89847 47664 29752 52392 11209 85341 102370 7455 25743 68533 42451 55362 23277 48722 90229 15107 88116 57288 38603 103203 63947 54496 51884 103955 10364 51764 47275 59593 40433 52345 58001 76662 51876 84923 27685 22486 79646 69115 21228 25562 49918 68475 116400 69926 73306 4506 114165 86375 79601 14992 64470 82288 108105 86690 74558 50727 29064 79960 56170 67453 29668 67921 65039 55064 79555 58520 52144 69728 64749 44478 71847 77939 119410 62820 110342 60619 18846 12033 28620 82173 80716 122137 22578 29490 100391 23683 22618 50781 60950 120728 122222 40248 99623 67632 83534 64125 12882 53344 54336 110556 18245 75903 78724 39426 87676 36961 95390 71907 65224 51997 62273 46482 66309 15480 79367 0 107688 20070 117828 116116 62458 33119 54331 59735 81744 31918 99440 20355 114851 5853 82268 45388 82132 54059 71668 46615 65422 65943 69512 80334 73794 12518 95112 69273 70340 99035 60147 26035 21510 92792 82722 19287 50364 63571 36388 68174 59297 92776 91974 78208 66858 23113 87075 65735 55670 91210 95330 42786 30372 44773 72146 66825 58050 91467 110755 76367 76516 12712 94599 52228 14440 34610 33096 20924 88460 122053 97298 94228 26925 29490 47664 82132 62273 44773 18245 102370 5853 40097 63947 54496 29064 39641 70340 66309 49918 38603 59297 60619 40433
81456 35978 75433 27061 152176 37004 116484 140271 95993 117359 62280 126419 47408 17873 123080 81069 56151 112536 80572 76120 114808 132144 144219 85398 139563 89332 80316 53894 97306 141089 144691 141260 44093 46470 60707 61772 15565 113541 56007 142170 141783 118865 63605 75551 45980 60797 27210 134644 119831 30960 52626 124062 113271 63359 39265 46923 61878 133988 110291 29192 27617 37472 116402 122192 31930 20156 22019 177926 132819 78813 28863 57120 72410 136596 41900 44702 52626 158550 141982 57337 47725 133724 127173 38465 36052 30524 66660 18973 49562 108669 103198 102633 31177 149257 28430 87660 113664 94551 118886 129439 91184 88311 13089 30683 89615 17553 49824 45371 50093 113630 153438 53617 19737 113562 39327 140274 129039 30672 88502 12305 39963 158224 137306 143450 64045 49420 118922 32950 107688 0 98937 23322 22715 120898 87019 74229 48162 45130 77717 97287 92842 22384 102519 58339 150185 148214 56698 46246 69396 56040 148328 63047 94966 39318 120090 74076 40399 40261 101114 163491 99831 95755 37382 25970 120924 114462 78156 136297 46565 163746 15604 26566 146037 52090 125702 29865 138978 67860 38523 67240 96691 93899 76510 74694 159643 51163 25749 12132 41639 35878 98281 85057 59639 109287 77441 96510 128588 24416 20572 11281 32686 81456 113664 123080 148214 143450 76510 113562 76120 102519 75433 46470 60707 78813 116484 40261 49420 63359 141260 163746 49562 118865
27704 87208 44449 118102 64901 109787 58122 52210 17525 35674 81830 29565 120669 81221 34140 33485 42974 16195 65806 83364 26129 35420 57255 52083 46692 31569 56849 73378 27670 71981 50405 42393 87575 52795 40381 38369 92660 17909 44133 44445 50303 27130 37742 65029 62011 38917 73736 38412 20915 68842 53992 25940 44590 36508 61168 100729 52714 57851 18625 100832 74693 76760 18854 81857 70285 95996 77053 91917 40595 23581 73475 43079 48742 40165 63233 54376 47911 70217 78487 41600 55869 50861 33944 60959 74232 106159 45299 104879 57056 9733 28635 44525 77691 67913 117319 28546 17353 80429 19976 33508 62462 40958 111616 109156 51388 93919 53613 68291 51045 32905 54709 48711 105221 37918 72950 97356 32433 74986 47482 86779 60234 61888 71965 52735 34920 65036 21833 67844 20070 98937 0 105615 103883 45499 42504 36095 51299 81390 33402 79413 30638 102598 15421 64995 62923 68712 42440 70375 31541 66587 57195 73336 60266 70260 29595 76140 58729 59247 78967 77902 40975 34201 78349 73049 39237 67603 71483 55990 55131 64918 83428 79614 65032 66803 27355 74669 53355 38767 76660 76955 56284 42848 27374 53074 86654 47774 79352 99992 62855 64827 25412 74917 51236 11267 37981 46704 35100 77229 110791 89542 91553 27704 17353 34140 68712 52735 27374 37918 83364 15421 44449 52795 40381 23581 58122 59247 65036 36508 42393 64918 57056 27130
93408 23314 90975 45679 151063 13782 132731 140056 106404 129479 48563 130409 69144 33305 124349 94434 65588 120707 71342 61951 125229 140536 143420 102484 141105 102583 98280 44205 109699 135576 146608 147666 29459 53882 65274 67260 14695 121999 67040 146174 142676 121341 68000 94889 44903 66819 33048 143318 126276 38429 52978 131514 127564 69148 52829 26690 59219 130815 119705 8980 31457 58080 124145 141319 35590 9723 33347 190879 134478 88918 46176 62583 68997 145193 58423 52841 64450 157512 158648 65685 49948 132385 129546 46052 55762 7575 65763 41428 65476 115156 115464 117775 51327 146456 47933 100247 118125 81979 124955 138177 109710 85642 21259 7376 106484 40681 52239 40683 54577 125689 158397 66707 42163 126606 59066 159773 132775 30631 104738 29631 45945 160787 153492 143975 71595 68018 126938 38463 117828 23322 105615 0 1732 118788 102385 74886 59122 66954 90773 85135 105904 3018 112230 51360 162274 144948 63920 65952 74211 75460 148773 83747 87345 58184 130336 61934 48702 47505 89337 176314 114531 109425 29984 36775 133258 132303 98365 149634 50485 170114 29048 26029 143329 71352 132967 30980 138077 69413 31711 54971 114052 109182 79951 69568 175186 59829 26407 11481 42919 41322 110205 73404 75468 116660 91621 112347 138246 29554 8155 31991 55697 93408 118125 124349 144948 143975 79951 126606 61951 112230 90975 53882 65274 88918 132731 47505 68018 69148 147666 170114 65476 121341
91734 21890 89409 45847 149445 14294 131168 138413 104698 127795 47423 128692 69012 31933 122670 92794 63889 118978 69975 60894 123518 138807 141792 100977 139426 100934 96822 42778 108026 134101 144923 145935 28268 52169 63543 65529 13168 120271 65368 144460 141009 119641 66269 93524 43200 65088 31364 141590 124544 36750 51267 129783 125934 67417 51254 26205 57573 129251 117984 8123 29748 56881 122414 139911 33868 8013 31804 189201 132794 87214 44793 60852 67388 143464 56951 51138 62800 155894 157095 63972 48220 130767 127849 44353 54494 7822 64088 41101 63960 113424 113787 116176 50110 144887 48026 98583 116403 80842 123225 136449 108278 84032 21664 8298 104963 39915 50511 39042 52846 124004 156675 65086 41845 124943 57790 158386 131062 28899 103190 28418 44226 159094 151920 142316 69871 66639 125208 36754 116116 22715 103883 1732 0 117185 100803 73193 57460 65871 89126 83973 104249 1287 110513 49835 160582 143393 62197 64656 72480 74125 147117 82510 85923 56847 128622 60723 47009 45798 88155 174635 112919 107785 28370 35186 131577 130818 97068 147971 48754 168384 27650 24299 141756 70012 131236 29250 136450 67703 30090 53747 112550 107593 78228 68016 173584 58125 24684 10671 41191 39606 108523 72187 73931 114929 90007 110778 136526 27877 9322 30963 54861 91734 116403 122670 143393 142316 78228 124943 60894 110513 89409 52169 63543 87214 131168 45798 66639 67417 145935 168384 63960 119641
71184 96041 87671 145120 32415 117584 102095 22970 63005 76248 78059 33599 153948 105432 18073 77428 73307 52687 53431 71820 65565 60433 25183 97002 28916 76846 101118 76047 73062 26594 34522 54220 92439 77304 62537 62765 109634 54402 76777 42264 28074 23598 59881 108492 75421 64274 93710 63299 44862 90533 68292 51712 88005 61943 90719 103590 59887 13870 58976 111392 93349 110649 51116 126681 88972 110511 99839 118330 24711 64471 102481 66534 49803 63873 96267 79453 80315 38847 119086 70517 73236 13913 25331 84055 107236 116371 54295 132469 92375 43623 73244 89697 109248 28399 145166 73574 33486 58162 42608 61167 107708 33171 131678 119596 96664 121997 71221 78244 71828 74646 55083 82953 133003 80467 107074 141145 33330 91080 92708 110331 81803 48499 112690 28187 64530 101940 53242 88128 62458 120898 45499 118788 117185 0 87617 46993 81032 117888 76354 55443 76119 115980 59655 67874 92957 27643 69142 106731 55725 105760 32320 114318 38347 103928 66205 66298 83018 82296 52644 106729 86305 79681 88816 96377 78887 112461 115194 92627 74805 69990 105918 95770 25166 104795 51265 91548 19920 53563 87106 71043 101779 88339 47838 49596 122558 75304 96169 117408 79308 85347 70711 58455 90015 48131 81308 92198 66135 96519 125924 114424 124407 71184 33486 18073 27643 28187 47838 80467 71820 59655 87671 77304 62537 64471 102095 82296 101940 61943 54220 69990 92375 23598
17972 91910 11589 97342 106288 111331 30512 93878 25833 34319 98725 68502 91747 70299 76367 12119 41042 43662 92474 105659 37214 57608 98983 9690 86951 11002 15603 87177 18014 114205 89540 71462 95922 52481 51048 48068 87709 43257 37600 80246 90978 69168 50497 24924 69851 47017 70196 58838 54938 64882 64525 54345 26578 46561 49558 108362 70276 100304 37545 101094 72387 53000 47824 45874 69377 93053 69086 91552 81574 26387 58172 50260 72763 60732 45130 52456 39013 111111 56498 42837 62335 93290 74985 58390 52560 105877 65181 85023 37516 47843 22304 15614 57393 110204 95618 14043 58505 110017 55685 54295 20115 73874 99930 108175 9203 75153 60948 77170 56253 31240 86332 36015 85073 28772 49777 64053 71276 75456 5208 75345 59873 98257 51141 93579 41129 39198 48592 65940 33119 87019 42504 102385 100803 87617 0 60365 44521 52327 15315 110116 12948 99650 31736 81199 65235 111129 46042 43985 47592 35699 97636 37418 93356 48630 41951 98727 55650 57511 111016 77373 13078 12095 83663 65617 37024 33076 30485 50085 59420 91063 74117 78681 107393 38272 56227 74373 95449 57914 82466 96572 16062 6882 51184 78260 72900 46456 77762 93139 67203 63791 20462 102023 27393 44733 11784 10130 50781 73430 104683 75817 66482 17972 58505 76367 111129 93579 51184 28772 105659 31736 11589 52481 51048 26387 30512 57511 39198 46561 71462 91063 37516 69168
42716 53890 54725 98128 77949 76584 86093 66148 46069 69515 45736 56028 107793 58446 49587 48245 29456 52272 32502 48195 61323 70908 70005 67491 66322 52634 68850 37706 54595 69643 71762 74945 52837 30644 16473 17710 64032 54004 33837 71631 68118 46486 14362 73479 30033 19383 47030 74015 54444 43597 22157 60882 74737 17736 44786 65743 17140 60492 54116 68652 46925 65613 54553 105968 42441 65847 52895 127953 59652 34258 55992 20385 13280 75648 51509 32819 36669 84330 109847 26326 26526 59516 54664 37079 61923 73928 9673 85503 49316 44176 58519 70130 63304 75382 98187 48850 44364 49682 52689 69317 78774 17020 85510 77092 69113 75110 24405 34745 24853 66142 84245 40197 86045 69871 62306 123621 58234 45316 65337 63395 34815 85901 103480 69601 22410 59264 57608 41307 54331 74229 36095 74886 73193 46993 60365 0 35839 74034 45281 49760 54172 71927 48626 29116 98876 74582 23993 63334 13425 64805 74458 74786 34014 59074 65364 40938 36151 35331 50816 113836 66087 58722 45477 49391 73362 92446 80183 90656 27844 96886 59045 50120 72145 62805 61957 45548 64752 6601 43714 41034 76426 64494 9876 18433 120730 29717 50313 71804 33034 38457 53466 42081 50259 47104 49809 68862 71192 50021 81297 67438 78544 42716 44364 49587 74582 69601 9876 69871 48195 48626 54725 30644 16473 34258 86093 35331 59264 17736 74945 96886 49316 46486
34333 47442 33848 67074 109691 67058 74999 97140 48078 70482 57859 79848 72965 30291 78957 35452 8437 64396 59756 67608 66974 83983 101617 46892 94675 43515 44759 45677 50603 105111 99360 93365 51911 9264 19380 18423 44751 65383 8014 95351 97456 73705 21594 45464 27410 16834 26180 86493 72052 20777 24978 75990 68645 19093 10102 64013 34575 94863 62183 56913 28148 29846 68306 87735 24886 49507 26971 131803 87998 30720 22480 15591 42222 88442 15671 8393 5514 115808 100964 10666 20578 92162 81856 13870 26271 61865 33587 53881 14917 60982 56401 59382 28288 108945 66493 41125 67031 77803 71262 81288 56447 52817 61118 64355 50306 42938 20180 34328 15630 66697 106007 8951 54274 67484 26474 106438 82595 30945 47760 35870 15512 112162 95443 99445 17306 24479 70786 21481 59735 48162 51299 59122 57460 81032 44521 35839 0 38272 31735 79066 46798 56242 54442 41913 103353 108566 11984 27874 25335 31315 104277 41947 67554 23247 72212 61602 11129 13044 81379 117246 55906 50418 39400 23030 74221 76597 51336 90512 17056 115784 33050 34344 105724 28444 77660 29896 96675 29640 38330 57558 58271 51057 33234 47177 116572 6190 33517 51194 23573 19271 51201 68325 20808 61297 33105 54650 80568 29605 62627 38309 43382 34333 67031 78957 108566 99445 33234 67484 67608 54442 33848 9264 19380 30720 74999 13044 24479 19093 93365 115784 14917 73705
55606 68635 42201 46411 144567 79615 77690 131796 71000 86441 88498 110940 40062 35582 113287 51992 44947 90102 96267 100569 87546 107468 136569 47062 127729 59090 40571 76676 67844 142776 131735 119809 75924 45366 57625 56405 53887 90414 41153 125337 131038 107156 59697 33289 59812 54752 45535 109231 100117 42937 60845 101920 78346 56735 30734 84398 71402 131755 85558 69984 48159 10496 94423 78756 48640 60136 39085 142747 121327 57813 25010 53863 80053 111198 22669 43387 37753 150381 101652 47956 55326 127979 114806 43146 14339 73108 71566 35594 25522 90140 73307 66810 16811 145114 44299 59182 98614 113843 100021 104289 49514 91044 55900 74169 51340 28426 55939 64682 52356 83144 133995 34935 35410 81093 12423 96240 113813 53266 51697 37653 46279 143112 97861 133292 53438 16393 96135 46017 81744 45130 81390 66954 65871 117888 52327 74034 38272 0 50088 115520 62511 65121 78105 75850 117424 145044 50045 11219 62570 16662 137965 18945 105515 15540 92703 95665 42109 44077 118241 128937 65165 63719 64018 38459 89311 73029 34208 101871 51925 141036 39752 53217 141944 14915 103786 51733 131939 67908 63905 90330 56888 58585 70305 84711 120666 44456 51860 55592 54441 46445 69705 104056 30268 88868 47155 59777 101687 46707 65645 34986 15227 55606 98614 113287 145044 133292 70305 81093 100569 78105 42201 45366 57625 57813 77690 44077 16393 56735 119809 141036 25522 107156
5771 78363 11325 91693 98290 98707 44346 85574 20913 39656 83681 62194 90112 60197 67334 3790 26795 40044 77222 90372 38279 57638 90596 22396 79949 11816 25061 72296 19621 102846 83348 69721 81824 38692 35831 32838 76276 40326 24068 75819 83654 60470 35198 32159 55360 31850 57911 59592 50345 52510 49608 51835 36925 31288 38699 94530 55002 89627 35545 88611 59868 47702 44375 61188 56434 81202 57995 100465 73969 12240 49190 35270 57508 61573 36599 39004 26330 103614 70036 28188 47827 83643 67309 45394 46166 93592 49869 78764 29059 41036 25513 28229 50543 100864 90364 9998 50640 94851 50461 54536 33730 59448 90801 96089 23835 68198 46287 62696 41711 35947 83968 24310 78943 36007 44027 79332 65070 62393 20107 65577 46451 93783 64256 86114 25894 34411 46047 53104 31918 77717 33402 90773 89126 76354 15315 45281 31735 50088 0 95032 15214 87920 28020 66071 72471 101433 31259 39787 32337 34162 90523 40022 78658 42021 43571 83423 42639 44281 96056 85954 24505 18683 69857 54236 43208 48265 38840 58970 45131 91074 63612 66017 97886 35173 53704 61447 86550 42622 68553 81353 31288 20627 36373 63015 84946 32501 65227 82358 53161 50676 20816 86758 20310 39179 5004 24777 52467 61316 93892 66875 62310 5771 50640 67334 101433 86114 36373 36007 90372 28020 11325 38692 35831 12240 44346 44281 34411 31288 69721 91074 29059 60470
92380 62760 104183 124329 84069 78344 134852 77714 93574 115067 36579 84911 141269 88154 70987 97998 75606 93825 19331 23829 105410 108548 78599 117161 84337 102054 118145 43412 103004 58626 89965 106564 55706 70612 62098 64607 82293 95742 80300 96778 83417 73268 61454 121946 56348 66121 74594 111719 91044 74686 54741 98433 122582 65494 84856 61847 44507 61058 97875 76252 72728 105531 94467 155601 69995 80061 82291 168028 79643 83898 92332 64757 38080 112852 93435 72418 82049 89872 157389 72594 60194 68032 78525 72527 101549 79893 46576 114230 93962 84078 106131 119238 100991 75256 125502 98244 78428 3520 88766 108113 128400 38504 103882 82805 118867 106208 59681 53422 63666 112159 109961 86099 114943 116760 103097 173030 85696 68129 115097 90987 69393 103818 150901 83257 70877 103476 97380 71452 99440 97287 79413 85135 83973 55443 110116 49760 79066 115520 95032 0 103286 83089 94343 40594 140188 72666 69439 106312 62849 110334 86931 120898 19557 100006 108276 23395 73412 71477 4399 154950 115218 107796 59911 80584 118650 141925 128468 135240 63623 124720 86309 71272 72828 107498 98763 69385 73931 52997 58840 30381 126177 114077 59075 32613 165987 73245 72347 88922 61862 70094 101515 12248 97583 88284 99505 118448 111709 75622 93266 95875 115086 92380 78428 70987 72666 83257 59075 116760 23829 94343 104183 70612 62098 83898 134852 71477 103476 65494 106564 124720 93962 73268
13103 92814 20335 105904 93546 113569 31982 81224 13309 24718 96065 55610 102456 75384 63979 11776 41211 30723 86673 101458 25192 45468 86333 22550 74094 3562 28495 85189 5408 102619 76612 58907 95811 53255 48166 45184 91446 30361 38978 67325 78155 56726 46913 37686 69072 44527 72969 46968 41990 67565 62655 41562 22290 43390 53905 108712 66563 88426 24711 103541 74858 61551 34906 52823 71294 96304 73204 85252 68818 20517 64196 48406 67229 48910 51424 53757 41458 98283 56671 42129 61601 81020 62265 60295 60422 108573 60533 93153 43773 35135 10861 15974 64991 97775 104423 5934 45925 103553 42748 42199 32094 65726 105917 111120 21070 82773 59861 76365 55525 21114 73692 39523 93288 20793 58018 69777 58371 77177 17355 80741 61154 85349 50579 80772 38468 47851 35771 68021 20355 92842 30638 105904 104249 76119 12948 54172 46798 62511 15214 103286 0 103035 18810 78304 57367 98812 44917 53053 42684 45936 84776 49295 85526 56312 30246 94314 57553 59094 103744 70746 11940 4552 84161 69433 28135 38816 43412 43769 59195 79085 78822 80942 95025 47815 43451 76292 82936 53042 82778 93032 25668 12227 44426 72564 70391 47036 80196 97569 67382 65496 7645 96251 34319 31862 15868 16245 39222 76403 109099 81927 75792 13103 45925 63979 98812 80772 44426 20793 101458 18810 20335 53255 48166 20517 31982 59094 47851 43390 58907 79085 43773 56726
90504 20836 88270 46058 148230 14754 130030 137180 103439 126555 46565 127412 68987 30965 121412 91592 62638 117697 68943 60094 122256 137526 140570 99884 138168 99726 95771 41708 106797 132987 143662 144649 27387 50905 62256 64244 12095 118991 64141 143181 139760 118371 64982 92547 41928 63806 30127 140310 123258 35518 49991 128498 124740 66133 50111 25870 56341 128074 116712 7638 28490 56042 121131 138896 32595 6760 30693 187966 131534 85957 43810 59568 66180 142184 55893 49884 61591 154679 155964 62707 46934 129552 126581 43102 53600 8199 62835 40949 62863 112138 112554 115009 49259 143705 48180 97362 115119 79977 121938 135170 107246 82823 22089 9104 103860 39426 49225 37814 51561 122764 155392 63903 41698 123721 56889 157388 129783 27613 102064 27586 42957 157828 150774 141073 68596 65654 123926 35493 114851 22384 102598 3018 1287 115980 99650 71927 56242 65121 87920 83089 103035 0 109246 48690 159336 142222 60923 63738 71194 73174 145876 81635 84849 55897 127357 59808 45763 44541 87257 173400 111741 106582 27164 34034 130340 129742 96143 146750 47468 167098 26664 23017 140571 69058 129950 27968 135228 66427 28877 52824 111462 106434 76944 66848 172413 56869 23410 10261 39905 38338 107285 71265 72816 113645 88827 109634 135253 26649 10319 30278 54308 90504 115119 121412 142222 141073 76944 123721 60094 109246 88270 50905 62256 85957 130030 44541 65654 66133 144649 167098 62863 118371
22642 95901 37212 118834 74894 117964 42863 62709 7110 20987 93859 36813 118131 84655 45985 26372 46926 12252 79880 96733 13263 30012 67816 41359 55323 21090 47189 84383 14298 85750 57805 41710 97360 58355 48670 46077 98441 12330 46521 48787 59418 38690 46501 56214 70840 46098 79387 32273 23288 74141 63273 23852 29187 44111 63397 110558 64103 71158 7814 108457 80789 75399 16573 67051 76662 102507 81347 80409 50175 23723 75071 50397 61793 34248 63285 59502 49918 79531 63193 46557 63937 63126 43689 66310 73552 113714 57024 105734 56140 16781 13594 30140 77656 79566 117679 19510 27717 95197 23951 27091 50591 55841 115528 116544 39704 94942 61830 77695 58372 17848 56082 49425 105973 22553 71657 82109 39564 81996 36109 90215 66289 66841 56679 62050 40773 62357 18040 73783 5853 102519 15421 112230 110513 59655 31736 48626 54442 78105 28020 94343 18810 109246 0 76440 51235 80774 48384 67752 40762 62039 65998 66866 75393 69418 18153 89473 63765 64776 94074 66001 26976 21150 86992 77363 24779 52817 62125 42032 62432 63153 87489 86330 76916 63190 25732 81419 64634 49846 85403 89588 43282 30199 39008 66555 72290 52523 85847 105314 70607 70908 11753 89197 48193 13121 31301 33504 26148 82927 116565 92259 90127 22642 27717 45985 80774 62050 39008 22553 96733 0 37212 58355 48670 23723 42863 64776 62357 44111 41710 63153 56140 38690
65494 28254 72596 85049 100279 49845 109945 89814 72797 96885 17765 84124 100808 47667 75478 69675 41190 81188 22421 25695 89502 100012 92836 86119 92062 75983 85360 8751 79964 84380 97762 103779 24890 32723 30298 33304 44428 82872 45565 99355 93109 73733 31392 87167 16052 34222 34082 103109 83522 34131 17212 89997 100181 34994 45692 37171 12354 79537 82542 43601 32352 65611 83612 126754 29417 43880 41758 156537 85676 57834 51980 31004 18847 104754 54572 34110 46124 106717 134970 38787 21432 81657 81538 32736 61639 48513 19696 74236 56547 73285 84679 93675 60698 95199 85957 72476 73056 38471 81725 98372 96670 35085 66825 51737 88801 65777 21766 13113 26497 93320 112314 50230 74926 96349 63478 145176 86103 28056 85532 50810 29622 112231 128825 94136 40221 65332 86658 30891 82268 58339 64995 51360 49835 67874 81199 29116 41913 75850 66071 40594 78304 48690 76440 0 127375 93627 35460 67431 36144 72793 98818 83469 36819 60518 93831 19936 34083 31967 43926 142276 89712 82752 21933 39991 100795 114273 93195 118156 25015 125443 46083 31785 92098 69494 91066 29181 87495 26600 20410 15736 96694 86656 37751 18311 147528 37043 32684 51849 21506 29703 79340 28592 62302 76119 69520 90847 100063 35366 58895 55656 74544 65494 73056 75478 93627 94136 37751 96349 25695 76440 72596 32723 30298 57834 109945 31967 65332 34994 103779 125443 56547 73733
69056 146970 76213 162505 89993 168789 44609 82522 56170 32896 144551 59454 156215 132640 74953 69141 96711 47034 128317 146221 37993 32574 86490 70835 71975 60900 77732 135477 52925 113689 69955 41630 148591 108588 99861 97212 148073 45185 95355 56844 76002 69727 97732 86660 122012 97136 129229 29659 49470 123863 114502 42092 39188 95247 111109 161785 115021 99027 44837 159087 130875 118084 45801 64138 126964 152576 130173 29187 71478 73493 121562 101411 111662 29169 108749 109478 98243 91288 38801 96853 115001 88628 68194 116239 117341 164280 107772 150020 101074 56373 47049 50768 122042 99606 160829 62560 62139 141679 51800 32321 72639 102642 163267 167009 66766 139864 112938 128917 109295 36669 51354 96693 150106 36845 114731 67789 60179 132541 65822 138043 116596 68156 35099 78384 91579 104258 42837 123895 45388 150185 62923 162274 160582 92957 65235 98876 103353 117424 72471 140188 57367 159336 51235 127375 0 102156 99025 109174 91982 100872 79539 101096 120638 113293 33549 139017 113574 114841 139021 14981 52269 54773 138078 126310 29263 55754 89679 16361 113301 44503 135964 136685 98289 103505 42107 131848 86463 100799 136516 139851 63354 58840 89660 115957 31815 102512 136089 154508 121540 121146 52157 137139 91386 52513 73022 57934 28499 132737 165974 139294 131718 69056 62139 74953 102156 78384 89660 36845 146221 51235 76213 108588 99861 73493 44609 114841 104258 95247 41630 44503 101074 69727
95955 121869 112716 172690 14718 142664 120917 19882 85509 93517 101578 46423 181517 132984 34842 101998 100733 71167 76345 93126 83240 71865 15670 120757 30253 100139 125532 101338 94958 16237 32503 60532 117546 104947 90176 90361 136510 72502 104056 45389 26154 42120 87508 133495 102474 91853 121079 74002 60828 118041 95593 65925 106749 89493 118310 127822 86726 14240 77988 137195 120612 138069 68295 146212 116291 137025 127345 123231 32298 90053 130115 94171 76373 73838 123685 107096 107658 18577 134011 98000 100670 17852 37879 111659 134711 142005 81555 160082 119526 63992 93893 110638 136817 3227 172769 97244 53059 75964 59054 73741 130895 59990 158721 145216 119839 149633 98698 104780 99432 92829 54169 110140 160620 98847 134455 158832 44472 118118 116006 137826 109368 40365 127968 23811 91876 128941 69480 115573 82132 148214 68712 144948 143393 27643 111129 74582 108566 145044 101433 72666 98812 142222 80774 93627 102156 0 96717 133847 83234 132346 23613 140452 59952 131335 82306 88729 110651 109906 68856 113993 107699 101798 115129 123930 95334 132304 140054 105999 102345 67906 133370 122740 4002 131625 64774 118663 16608 81166 113462 94383 124026 110782 75335 75379 133639 102893 123209 144249 106577 112832 92453 79121 116557 67921 106253 114257 79403 123803 152321 141972 151948 95955 53059 34842 0 23811 75335 98847 93126 80774 112716 104947 90176 90053 120917 109906 128941 89493 60532 67906 119526 42120
31815 48200 37136 77704 98217 69764 75590 85766 42863 66631 52763 69814 84806 39223 67780 34998 6172 56921 50356 60659 61498 76750 90144 50659 83808 42119 50106 41135 47662 93127 88682 84833 50894 10356 7740 6439 50442 58150 10863 85520 86404 62878 9656 52775 24189 4870 31405 79476 63350 26413 18505 68031 67205 7267 21603 63830 25729 82953 55795 60118 32569 41827 60511 91344 28330 54207 34712 127978 77087 25641 33646 4727 31689 81370 27586 11998 12945 104398 101164 3344 16689 80486 71126 18522 38250 65353 23000 64630 25513 52157 53081 59409 40106 97158 77342 38985 57023 68510 62300 74313 61271 41011 69238 68164 53381 53803 15040 31511 10609 62864 96752 16812 65080 64685 38422 109829 72477 33617 50194 44705 18014 101859 95261 88301 7685 35442 63219 25604 54059 56698 42440 63920 62197 69142 46042 23993 11984 50045 31259 69439 44917 60923 48384 35460 99025 96717 0 39363 13618 41462 93159 51797 56571 35205 66529 54088 16327 16824 71399 113427 55581 49106 39412 30732 70512 79081 59164 87494 14397 107358 41117 37959 93930 39134 69579 33039 85132 18028 37965 51094 61306 51851 21467 36959 115275 6204 37513 57637 22660 22648 47667 59412 28161 53150 34276 55908 74334 34928 68612 47885 55276 31815 57023 67780 96717 88301 21467 64685 60659 48384 37136 10356 7740 25641 75590 16824 35442 7267 84833 107358 25513 62878
45131 63828 33067 53358 133357 77627 71495 120590 60645 77454 81297 99940 50516 32846 102083 42024 34027 79601 86988 92694 77765 97407 125356 40269 116600 49545 34529 69205 58271 131737 120660 109378 70510 35718 47038 45638 51859 80004 30077 114481 119879 95984 48972 29315 51587 43972 39934 99299 89391 36325 51598 91470 70487 45855 21740 80232 61886 120594 75330 67558 42616 9248 83902 75970 42148 58017 34752 135375 110175 46827 20294 43393 70041 101276 12905 33895 26793 139183 96434 37091 46326 116763 103671 34852 10273 71318 61440 41175 14362 79250 63913 59152 15070 133904 51656 49246 87545 104822 89218 94281 45011 80353 58366 72830 44585 31855 46651 57164 42701 74014 123403 23794 41184 72471 6954 94164 102809 47465 44217 36406 37898 132185 92127 122121 42360 5408 85726 39112 71668 46246 70375 65952 64656 106731 43985 63334 27874 11219 39787 106312 53053 63738 67752 67431 109174 133847 39363 0 51568 9799 126805 18197 95419 8108 82995 87364 33348 35476 108836 121299 57046 54733 58088 33056 80534 68437 32414 94041 42802 130859 37182 48353 130736 6003 93321 45965 120721 57351 57704 82445 51088 50601 59245 74890 114778 34044 47052 55086 46457 38925 59968 95142 19581 78136 37336 52401 91961 41834 66021 35131 22741 45131 87545 102083 133847 122121 59245 72471 92694 67752 33067 35718 47038 46827 71495 35476 5408 45855 109378 130859 14362 95984
30413 55791 41389 91187 84601 78288 74625 72169 36697 60851 53847 57122 98298 52289 54264 35520 17662 47190 44887 58787 53989 66850 76530 54317 70436 40715 55469 43754 43940 80208 75420 73462 56696 23080 8973 7661 61642 48669 21523 72921 72928 49579 6216 60069 30564 8873 43048 69768 52067 38548 22689 57480 64205 6356 35181 69900 24045 69573 47408 69291 43707 54950 50306 93413 39209 64654 47398 121164 63700 22212 47264 12279 25173 71573 40579 25042 24818 90791 99169 14797 24342 66886 57868 30935 51511 74619 17870 78160 37270 40971 48545 58435 53609 83615 90885 37034 44464 62557 50754 64741 65552 29659 81610 77622 56134 67371 22077 37119 19837 57245 84610 27893 78623 60206 51414 111340 59696 43595 52444 57665 29613 88832 92939 74782 9390 47128 53210 37085 46615 69396 31541 74211 72480 55725 47592 13425 25335 62570 32337 62849 42684 71194 40762 36144 91982 83234 13618 51568 0 52118 79648 61840 47435 48245 58613 51670 29163 29136 64092 106762 54408 47209 46899 43515 64770 80160 66785 82115 23842 95934 53803 48291 80393 50427 58868 43370 71514 10417 45234 50416 63618 52174 7899 30678 111385 19820 48116 69157 31348 34045 43224 54431 37162 42738 36684 56509 65591 46444 79659 61102 68715 30413 44464 54264 83234 74782 7899 60206 58787 40762 41389 23080 8973 22212 74625 29136 47128 6356 73462 95934 37270 49579
39838 72023 25602 62147 130795 86856 62090 118001 54966 69779 87715 95945 56522 42212 99507 35726 35511 74165 91043 98396 71046 91092 122896 30997 113244 42553 24952 75503 51296 131428 116967 103727 78309 40187 49172 47262 61205 74369 30989 109912 116742 93051 50646 19550 57418 45598 48047 92778 84490 43912 56184 85891 61883 47069 27974 88628 65877 119532 69348 76700 50705 18894 78501 66204 49662 67299 43576 126533 107010 43149 29427 45941 73056 94737 19264 38688 28531 136413 86805 38659 51372 114911 100404 41086 20020 80625 64356 50385 16399 74905 56697 50401 24863 132169 60253 42847 83934 109113 84546 87884 35225 81650 68149 82243 35317 41460 51299 63580 46903 66488 118091 24698 50336 64451 16720 84455 98827 55314 35316 46027 43929 127826 82613 119095 42728 8004 80073 46411 65422 56040 66587 75460 74125 105760 35699 64805 31315 16662 34162 110334 45936 73174 62039 72793 100872 132346 41462 9799 52118 0 123662 10678 98024 17279 76167 92655 39134 41356 112554 112599 48604 47061 65698 41446 72656 58687 23100 85441 47788 124705 46529 56699 129058 4123 87770 53860 118483 59335 65140 88216 41519 42049 59347 78199 105326 37099 55445 64719 52645 45741 53218 99638 15790 73293 30826 43467 85148 50282 75739 44904 30976 39838 83934 99507 132346 119095 59347 64451 98396 62039 25602 40187 49172 43149 62090 41356 8004 47069 103727 124705 16399 93051
84779 126602 101368 170834 10496 148658 102661 9353 71898 74933 110106 29205 176434 131743 25384 90270 95939 54745 85703 104139 65398 50904 9129 107305 10686 86758 112870 107269 80217 38250 9738 38076 123653 102633 87877 87271 138473 55668 98414 22857 6928 30841 85004 121561 104309 88515 121259 52607 43491 117402 96594 46893 88785 85970 114362 135248 89569 27159 61498 141856 121315 132369 51101 128052 116801 140037 126564 99703 16656 80515 126668 91678 80172 52140 118246 104651 102208 13619 113166 93656 100873 18911 23265 110198 129428 146976 83112 157787 112923 49941 77976 94394 132275 20670 170501 84458 39884 89852 42294 53251 116500 63736 159906 150196 105688 146955 98681 108106 98263 74922 30558 103925 158239 80862 128602 139240 26529 119753 102105 136994 108417 17801 107382 4878 86979 121575 51501 115408 65943 148328 57195 148773 147117 32320 97636 74458 104277 137965 90523 86931 84776 145876 65998 98818 79539 23613 93159 126805 79648 123662 0 130517 70611 125682 63427 98582 108668 108390 83752 90814 91976 87013 118868 122813 76142 114610 127762 84858 101771 44428 132888 124548 20219 123651 45404 120006 13029 80595 117119 103167 108725 96045 72083 80814 111263 99299 124766 146251 107489 112455 77664 90714 108121 52915 94951 99008 59001 124366 155518 140641 146908 84779 39884 25384 23613 4878 72083 80862 104139 65998 101368 102633 87877 80515 102661 108390 121575 85970 38076 44428 112923 30841
45788 81920 29667 65070 138106 95690 59691 125344 59993 71598 98300 102187 55148 50895 106959 40700 45752 79118 101626 109064 74380 94735 130321 30289 119961 46236 23365 86099 54691 140304 123358 108114 88440 50860 59458 57416 69870 79083 41141 115480 123634 100259 60789 14867 68058 55768 57967 96119 89914 54089 66850 90527 61932 57092 38471 98390 76478 127978 73710 85676 60644 25737 83437 59841 59884 76065 52949 125329 113931 50493 38480 56349 83467 98035 29626 49366 38933 143533 83017 48884 62050 122832 107278 51644 28058 89331 74767 54537 27043 81016 59569 50373 32428 140109 62818 47356 90634 119716 90214 91449 30910 91484 74420 90739 34334 47036 61970 74145 57555 68630 122786 34985 54345 65721 24808 77482 105058 65393 35534 54116 54526 133512 79464 126070 52492 18370 84690 56708 69512 63047 73336 83747 82510 114318 37418 74786 41947 18945 40022 120898 49295 81635 66866 83469 101096 140452 51797 18197 61840 10678 130517 0 108272 26302 79263 103333 49752 51967 123061 111831 49392 49453 75906 51174 74054 54277 15305 85143 58465 128314 55230 66479 137050 14190 92421 63913 126099 69517 75421 98877 38888 42830 68799 88663 102274 47654 65191 72673 63235 56186 56892 110271 24743 78916 35831 43183 88150 59981 83292 52296 34116 45788 90634 106959 140452 126070 68799 65721 109064 66866 29667 50860 59458 50493 59691 51967 18370 57092 108114 128314 27043 100259
75410 64036 88560 121394 69325 83474 116650 61261 75098 95937 41720 65753 135418 82805 52373 81322 62534 74374 16517 33668 86120 89010 62938 101034 66734 84603 102742 43144 84803 48577 72486 87384 58670 60216 48852 50867 81246 76293 67131 78259 66335 54095 47507 107491 49947 52508 69435 92184 71497 68130 45695 78882 104001 51315 74975 68114 34949 46726 78593 79023 68144 96173 74937 138236 64526 80479 76818 148484 61537 66969 84327 52191 25472 93335 82885 62268 69515 75510 138570 59394 51462 51849 59804 64090 92262 83494 33982 110038 82012 64590 87572 101362 92597 62063 122122 80797 58895 21323 69223 88557 112362 19835 103634 86647 102341 100830 50281 49601 53287 93133 91550 73336 110693 97909 93274 155260 66694 64375 98461 86610 61107 86720 132061 66533 56315 91879 77840 65065 80334 94966 60266 87345 85923 38347 93356 34014 67554 105515 78658 19557 85526 84849 75393 36819 120638 59952 56571 95419 47435 98024 70611 108272 0 90062 88856 28794 64285 62696 18703 135394 97386 89968 58672 74301 99460 124334 114188 115896 54420 106150 81877 68415 59236 95666 79226 65330 57898 38767 57201 34513 109334 96776 42286 21218 146665 61411 69221 88633 55172 63022 83163 20109 84016 68840 83372 101130 92165 71305 95154 91323 107477 75410 58895 52373 59952 66533 42286 97909 33668 75393 88560 60216 48852 66969 116650 62696 91879 51315 87384 106150 82012 54095
46885 55755 37213 49679 131716 69650 77371 119026 62388 81002 73787 99710 50752 24940 100615 44779 30621 80864 80740 85497 80298 99379 123663 46175 115710 52753 40999 61790 61301 128305 120045 110624 62515 29864 42603 41635 43944 81450 27413 114681 118784 94861 44839 36741 44526 40019 31907 101468 90064 28497 45310 92764 75188 42167 15193 72131 55863 117790 77159 59541 34589 6741 85089 83321 34313 50063 26648 140158 109155 47122 12233 38744 64591 103451 7665 27863 23714 137694 102716 33456 39814 114610 102778 27782 4146 63383 56158 36841 13345 79516 67106 64136 8770 131580 48352 51892 87078 98362 89681 96356 51987 76024 51846 64971 50431 26583 40400 49746 36842 77426 124255 21770 36984 76449 3238 101665 102548 39493 49572 28819 30898 132114 98150 120919 39466 10107 87135 31390 73794 39318 70260 58184 56847 103928 48630 59074 23247 15540 42021 100006 56312 55897 69418 60518 113293 131335 35205 8108 48245 17279 125682 26302 90062 0 85593 80397 26615 28624 102706 125910 61670 58532 50165 24983 84287 75160 40288 98604 36394 132507 29263 40267 128378 13168 94572 37983 118864 52806 49841 75243 57389 55439 56105 69199 120629 29361 38961 47501 39243 31447 62747 88595 21993 78864 40449 57693 94478 33740 58625 28058 21314 46885 87078 100615 131335 120919 56105 76449 85497 69418 37213 29864 42603 47122 77371 28624 10107 42167 110624 132507 13345 94861
38947 114001 50575 135260 73459 136109 39240 62734 24135 11518 111009 35886 132688 102268 49511 40993 64909 14529 95349 112950 5313 15902 67600 50474 53383 33617 57214 101964 24871 90416 54048 30579 115301 76454 66721 64175 116473 12612 64228 42309 57756 42812 64478 66672 88892 64231 97440 16890 21775 92164 81237 16574 25534 62210 80845 128505 81478 75369 11289 126610 98885 91205 15106 64625 94786 120613 99176 62708 50036 41572 92192 68532 78238 18782 79970 77555 67483 76911 52898 64651 82052 65867 44610 84364 89737 131866 74223 122300 72553 24414 19694 33082 94086 80462 133933 33785 32863 109506 23848 12580 57057 70110 133144 134692 47510 111660 79929 95675 76518 12179 45523 66622 122490 17743 87564 76527 37916 100144 44848 107800 84407 59428 46539 60453 58925 77700 13086 91877 12518 120090 29595 130336 128622 66205 41951 65364 72212 92703 43571 108276 30246 127357 18153 93831 33549 82306 66529 82995 58613 76167 63427 79263 88856 85593 0 105719 81791 82853 107489 48484 31856 29857 105089 95214 13041 51300 71625 27196 80581 49115 105241 104463 78308 77928 18024 99558 65700 67266 103488 106373 48151 37617 56110 82657 57937 70567 103967 123265 88748 89019 23031 104376 63787 20029 45667 39190 8984 100977 134569 109622 105684 38947 32863 49511 82306 60453 56110 17743 112950 18153 50575 76454 66721 41572 39240 82853 77700 62210 30579 49115 72553 42812
82038 39373 90954 101136 97933 56033 126281 89247 86980 110413 13676 89580 118815 65948 78118 86842 60088 92014 12886 7261 101944 109407 91297 104413 93685 92384 104188 20447 95225 76777 99492 110632 32476 52501 47869 50784 58962 93843 64631 103615 93807 78235 48231 106540 35873 51990 52563 112593 92092 53409 36647 99143 115464 52193 65624 39990 28558 75489 94593 53125 50475 85359 93699 144574 48250 56667 60243 167867 87932 73880 71492 49423 27689 114038 74508 53970 65545 104178 150555 57427 41288 80087 85108 52622 81402 57008 33800 91365 76355 83052 99371 110105 80233 90857 102392 88703 80298 20497 90024 108276 115248 38152 80488 60015 106795 83801 41428 31502 46023 107069 116929 69672 92090 110788 83326 162747 91053 45632 103328 68358 49521 113954 144238 94282 57672 85245 96758 50181 95112 74076 76140 61934 60723 66298 98727 40938 61602 95665 83423 23395 94314 59808 89473 19936 139017 88729 54088 87364 51670 92655 98582 103333 28794 80397 105719 0 54017 51893 27474 153997 106077 98851 36780 58986 114242 131624 112703 131491 44871 131017 63756 48399 88024 89400 99901 46982 86142 41277 35830 6996 114552 103701 50762 23066 161660 56442 49542 65531 41226 49311 94237 11472 81679 86597 87294 108000 110839 53195 70036 73258 93648 82038 80298 78118 88729 94282 50762 110788 7261 89473 90954 52501 47869 73880 126281 51893 85245 52193 110632 131017 76355 78235
44827 36338 44929 62336 113200 56068 86123 100959 57764 80802 48595 86035 72001 23127 83303 46392 16905 72921 54178 59443 76635 92710 105156 57847 99580 54348 55369 36374 61118 105585 104583 101119 41056 6092 20823 21502 34682 74071 18587 101775 102000 78742 23675 55250 18335 20435 15673 95363 79644 10376 18839 84192 79561 23006 11610 52959 29554 96613 71364 45992 17345 32196 76616 98586 13806 39003 18393 142230 92839 40266 20227 16992 38942 97280 20501 4356 16638 119478 112082 17343 13226 95094 87030 2758 28225 51025 31003 49503 23410 68455 66836 70462 28315 111346 62227 51783 73270 71748 78618 90176 67115 52265 52913 53609 61343 38982 14039 24514 11462 77010 113075 19893 50018 78107 29686 117302 88670 19832 58861 28517 4848 117946 106539 103793 23825 31441 79263 10471 69273 40399 58729 48702 47009 83018 55650 36151 11129 42109 42639 73412 57553 45763 63765 34083 113574 110651 16327 33348 29163 39134 108668 49752 64285 26615 81791 54017 0 2231 76175 127661 66947 61302 28441 14431 84598 87644 60722 101128 9923 123639 24804 23392 108107 35628 85771 18823 100028 29550 27465 49215 69289 62173 36585 43151 127566 11249 22652 41611 13545 8142 61542 61984 31221 69331 44204 65779 89885 19201 52801 31976 43307 44827 73270 83303 110651 103793 36585 78107 59443 63765 44929 6092 20823 40266 86123 2231 31441 23006 101119 123639 23410 78742
46275 34409 46892 62878 112733 54475 87951 100571 58900 82128 46368 86189 73245 23370 83055 48050 18136 73685 52282 57268 77731 93501 104706 59884 99424 55935 57496 34149 62545 104548 104491 101636 38958 6487 20531 21515 33713 74878 20216 101962 101763 78652 23420 57459 16149 20591 14642 96193 80149 9594 17086 84849 81178 23137 13739 50970 27850 95823 72318 44473 16051 34064 77315 100664 12208 37785 18267 143572 92680 41417 21650 16863 37452 98099 22659 5372 18516 119039 113893 18226 11378 94535 86954 1808 30085 49564 29706 50176 25638 68955 68223 72218 29938 110661 62871 53286 73463 69767 79066 91017 69234 51171 52576 52211 63339 39813 12421 22283 10480 78338 113405 21910 50714 79566 31658 119377 88794 18112 60803 28615 2624 117966 108309 103513 24460 33645 80003 9055 70340 40261 59247 47505 45798 82296 57511 35331 13044 44077 44281 71477 59094 44541 64776 31967 114841 109906 16824 35476 29136 41356 108390 51967 62696 28624 82853 51893 2231 0 74294 129002 68664 62910 26384 14431 85945 89634 62948 102571 8286 124162 24668 21904 107423 37834 86401 17198 99546 28741 25364 47033 71296 63986 36357 41516 129227 12333 21254 40825 11314 6402 62899 59982 33361 69971 45997 67640 90856 18180 51876 32319 44793 46275 73463 83055 109906 103513 36357 79566 57268 64776 46892 6487 20531 41417 87951 0 33645 23137 101636 124162 25638 78652
93172 66838 105481 128130 80549 82689 135098 74601 93636 114639 40809 82953 144722 91582 68700 98914 77545 92988 22018 28206 104809 107134 75288 118306 81558 102655 119535 47221 103234 54571 87125 104586 59889 73119 63925 66325 86218 94907 82233 94364 80465 71355 63100 123629 59465 67880 78001 110287 89699 77888 57396 97101 122591 67102 87524 66212 46950 57567 97284 80476 76206 108355 93432 156280 73337 84116 85683 166609 77078 84691 95363 66763 39784 111359 95998 74982 84142 86263 157234 74488 62950 64894 76271 75409 104377 84171 48418 117868 96227 83169 106148 119652 103978 71505 129254 98843 77035 7899 87399 106827 129588 38347 107924 87100 119867 109675 62311 56889 66136 111828 107466 88151 118575 116575 105828 173521 83608 71696 116051 94554 72285 100817 150730 80199 72406 105843 96298 74665 99035 101114 78967 89337 88155 52644 111016 50816 81379 118241 96056 4399 103744 87257 94074 43926 139021 68856 71399 108836 64092 112554 83752 123061 18703 102706 107489 27474 76175 74294 0 153703 115651 108225 63734 83851 118160 142492 130210 134564 66317 122288 89856 74964 69148 109821 97351 72919 70728 54508 62614 34469 127060 114757 59844 34440 165336 75462 76011 92934 64974 73193 101657 16113 99466 87463 100623 119125 110595 79148 97458 99431 118234 93172 77035 68700 68856 80199 59844 116575 28206 94074 105481 73119 63925 84691 135098 74294 105843 67102 104586 122288 96227 71355
82917 161500 88696 174631 101100 183160 52991 94728 70660 46876 159493 73130 166917 146119 88660 82481 110868 62005 143268 161199 52808 46775 98359 81913 84161 74212 88612 150336 66646 126357 81507 53830 163289 122824 114523 111832 161996 60161 109287 68668 87973 83807 112449 97098 136640 111702 143272 43712 64025 137886 129209 56622 50814 109871 124650 176473 129922 111966 59762 173373 144997 130366 60684 68084 141171 166644 143902 14570 84373 87813 134719 115957 126639 42930 121783 123631 112034 101702 39326 111153 129557 101485 81644 130353 129889 178531 122696 162395 114087 71288 60852 62204 134680 111281 172825 76193 76705 156492 66339 46877 82117 117546 176543 181212 77683 152479 127523 143600 123785 50666 61150 110261 162439 49960 127145 67591 73582 146830 77287 151450 130833 77669 37986 90200 106060 116571 57694 138044 60147 163491 77902 176314 174635 106729 77373 113836 117246 128937 85954 154950 70746 173400 66001 142276 14981 113993 113427 121299 106762 112599 90814 111831 135394 125910 48484 153997 127661 129002 153703 0 64295 67741 152626 140091 43063 62476 99370 27306 127760 51336 149566 150891 110229 115491 56485 146092 98841 115688 151084 154822 73201 70698 104584 130937 24923 116697 150254 168267 136016 135346 66119 152060 104204 67473 86066 69165 43375 146760 179777 152475 143572 82917 76705 88660 113993 90200 104584 49960 161199 66001 88696 122824 114523 87813 52991 129002 116571 109871 53830 51336 114087 83807
24219 102849 24495 110403 101280 122963 20250 89355 23526 22519 107446 62865 104251 82892 72947 20715 51298 37242 98589 113192 27881 47756 94446 19309 81397 13741 26281 96349 13312 112589 83253 62322 106307 63182 59448 56445 99908 36330 48462 72774 85621 65654 58377 35664 79755 55663 81961 48509 48499 76586 73703 46349 13518 54720 61830 119034 78140 98088 30483 112801 84029 66077 40933 41212 80752 105079 81369 78490 76675 32197 70969 59364 79107 50296 57937 63433 50415 105589 45584 52601 72232 90091 70330 69705 65620 117701 72278 98102 50270 43733 14003 4043 70438 106424 108658 17374 54667 115492 49714 44436 25272 77568 112792 120106 15848 88214 70618 87086 66118 20043 77293 47842 98150 16362 62852 57879 65461 86760 13865 88035 70888 90488 39752 88298 49600 52276 40957 77377 26035 99831 40975 114531 112919 86305 13078 66087 55906 65165 24505 115218 11940 111741 26976 89712 52269 107699 55581 57046 54408 48604 91976 49392 97386 61670 31856 106077 66947 68664 115651 64295 0 7426 94361 77780 24695 27066 40057 37007 69606 80538 86608 90250 103822 51298 48149 85769 91462 64803 93057 104626 16789 6604 56359 84462 60699 57001 89406 105585 77662 75038 15596 108169 40211 39808 22915 7349 40191 85291 117143 88673 79483 24219 54667 72947 107699 88298 56359 16362 113192 26976 24495 63182 59448 32197 20250 68664 52276 54720 62322 80538 50270 65654
17368 96823 21671 107907 96023 117366 27436 83859 16678 22748 100508 57808 103436 78465 66963 14991 45184 32445 91223 105990 25142 45529 88967 21013 76358 7012 27512 89565 6857 106096 78596 59500 99977 57191 52566 49576 94897 31830 42717 68785 80497 59678 51369 36927 73288 48878 76593 46744 43800 71192 66989 42623 18270 47803 57097 112824 71055 91753 26005 107285 78549 63471 36449 48507 75084 99871 76526 82173 71313 25021 66979 52700 71780 48639 54068 57602 45004 100581 52258 46245 65795 84072 64839 64054 62595 112274 65065 95307 46375 37858 10223 11444 67274 100655 106325 10278 48762 108081 44765 42213 29488 70155 108802 114772 18762 85094 64097 80598 59701 19432 74411 42814 95410 17929 60043 65302 60505 81017 15469 83751 65032 86721 46222 83143 42812 49670 36953 71770 21510 95755 34201 109425 107785 79681 12095 58722 50418 63719 18683 107796 4552 106582 21150 82752 54773 101798 49106 54733 47209 47061 87013 49453 89968 58532 29857 98851 61302 62910 108225 67741 7426 0 88222 72815 25817 34425 42211 40556 63311 78968 82012 84688 97968 49268 44489 80094 85747 57577 86865 97532 22252 9052 48969 77115 66366 50976 83906 100864 71460 69310 9397 100800 36614 34255 18327 12539 38704 79993 112413 84735 77438 17368 48762 66963 101798 83143 48969 17929 105990 21150 21671 57191 52566 25021 27436 62910 49670 47803 59500 78968 46375 59678
71093 8915 73233 64418 121078 31469 113972 110105 81965 105944 25924 101429 82410 30477 94629 73648 43074 94089 43513 39456 100243 113730 113440 86267 111378 81211 83765 16513 87067 106270 116938 119606 12706 31224 38400 40916 22713 95554 46085 117089 112837 91929 40792 83150 16341 40942 18483 116663 98483 21817 24394 104236 106435 42883 37985 24705 29304 100959 94027 23182 15873 53545 97172 127026 16036 21983 25428 167147 104796 65003 39014 36671 39017 118460 46437 31228 44817 127528 139830 42044 23076 102401 100055 25848 49874 28452 36089 54651 51175 87570 92489 98040 47403 116576 65623 78247 89459 57210 96978 111640 95522 55662 44992 31618 89706 47633 25162 10796 28886 102193 129596 48293 55384 104097 52516 145742 103685 10753 87110 32011 23890 131216 134109 114086 46588 57705 100096 19332 92792 37382 78349 29984 28370 88816 83663 45477 39400 64018 69857 59911 84161 27164 86992 21933 138078 115129 39412 58088 46899 65698 118868 75906 58672 50165 105089 36780 28441 26384 63734 152626 94361 88222 0 25559 109841 115992 88236 126890 25020 141860 27614 11941 113433 61804 105554 12285 108096 40503 1764 30058 97671 90003 51576 39810 154550 37368 13217 29966 16784 20534 87071 47676 59608 89591 72016 93775 112381 17758 37192 36877 58975 71093 89459 94629 115129 114086 51576 104097 39456 86992 73233 31224 38400 65003 113972 26384 57705 42883 119606 141860 51175 91929
57255 30773 54243 48764 127067 46348 96003 114956 71085 93420 50456 100463 61196 9055 97484 57839 30540 86952 62032 63142 89988 106673 119053 66058 113853 66048 62307 39064 73461 117992 118908 115416 37634 20511 34962 35867 22128 88034 31043 116206 116193 93067 37851 60062 24555 34850 7076 109258 93959 6180 29126 98354 90879 37417 16084 47228 39535 109786 85063 36049 9719 27988 90734 105712 10740 27477 4014 154631 107109 53668 13457 31266 49831 111192 22704 18735 28071 133390 121949 31486 23568 108798 101366 12623 24353 40527 42868 36370 29100 82781 79298 81002 21913 124771 48942 63898 87700 78428 92973 104058 73953 64634 38571 42657 69961 26576 25352 27485 24666 89642 127482 30010 36960 90208 27105 124346 103094 14807 68068 14184 14578 132339 116740 117935 38132 33498 93321 9268 82722 25970 73049 36775 35186 96377 65617 49391 23030 38459 54236 80584 69433 34034 77363 39991 126310 123930 30732 33056 43515 41446 122813 51174 74301 24983 95214 58986 14431 14431 83851 140091 77780 72815 25559 0 97125 96004 64469 113201 21587 137924 10388 15305 121535 37389 99963 13274 113873 42853 25476 53050 77654 72409 50788 53171 138415 25305 14022 28198 19164 11398 74154 68553 38887 83527 54882 75602 103509 8836 39687 18047 34664 57255 87700 97484 123930 117935 50788 90208 63142 77363 54243 20511 34962 53668 96003 14431 33498 37417 115416 137924 29100 93067
39889 118680 47467 133722 86278 140170 26880 75723 28115 3923 118349 48918 128747 103381 62457 39901 67813 26384 104611 121503 13601 26523 80560 43990 66248 31682 50969 108523 23679 103382 66648 41498 120799 79787 72062 69276 118969 24576 66246 54499 70625 55656 70169 60320 94027 69029 100214 26234 34780 94829 86822 29489 14306 67333 81854 133933 88512 88344 20979 130341 101934 89288 27836 52083 98120 123583 100968 57632 63051 44871 92326 73236 86558 27708 79555 80573 69054 89539 40286 68156 86819 78896 57650 87291 88368 135486 81574 121094 71896 36090 17827 24449 93008 93465 132141 33303 45417 119645 36806 23532 48466 80185 134006 138156 40350 110816 84844 101107 80958 7649 56057 67438 121205 8335 85849 63500 50911 103806 38554 108780 87793 70992 33838 73314 63259 75487 26067 94983 19287 120924 39237 133258 131577 78887 37024 73362 74221 89311 43208 118650 28135 130340 24779 100795 29263 95334 70512 80534 64770 72656 76142 74054 99460 84287 13041 114242 84598 85945 118160 43063 24695 25817 109841 97125 0 39227 64413 17362 84887 57051 106723 107839 91334 75016 30817 103051 78728 74282 108335 114252 39124 31225 63672 91334 47544 73647 107195 125320 93153 92295 23056 113882 62317 31508 43887 31448 18089 103705 136807 110048 103217 39889 45417 62457 95334 73314 63672 8335 121503 24779 47467 79787 72062 44871 26880 85945 75487 67333 41498 57051 71896 55656
49797 123966 42763 119342 124480 142311 12460 113230 50390 39794 131796 86270 107546 99231 98018 44785 73925 61147 124861 138612 49311 65749 118227 29979 104375 39871 34183 120207 40193 138410 105321 80710 128436 85035 84087 81099 117653 59806 70226 93538 108723 90796 83438 39772 102717 80077 101330 65324 71675 96194 97578 67732 25825 79550 80052 140600 103260 123654 54354 132011 103701 77579 64094 14254 101110 123375 99089 74365 100435 58203 86460 83333 105219 66670 73886 84802 71180 128150 28833 75848 95231 115070 94463 90327 78463 136526 97934 108493 66926 69094 39223 23221 83390 130746 117093 43681 79849 142068 73312 62743 23569 104542 126788 138574 26303 100091 93918 110006 89183 39722 95140 67752 108356 33752 75239 31189 88592 107217 28994 103727 92103 110218 26061 111428 74155 65053 63244 97630 50364 114462 67603 132303 130818 112461 33076 92446 76597 73029 48265 141925 38816 129742 52817 114273 55754 132304 79081 68437 80160 58687 114610 54277 124334 75160 51300 131624 87644 89634 142492 62476 27066 34425 115992 96004 39227 0 39711 39830 92212 94640 103361 110038 128349 62481 69281 106026 115791 90562 114888 129614 18401 27993 82882 110661 48545 79162 109008 122230 99801 95740 42266 134442 57187 64790 44808 23651 57305 104344 133576 103215 88256 49797 79849 98018 132304 111428 82882 33752 138612 52817 42763 85035 84087 58203 12460 89634 65053 79550 80710 94640 66926 90796
44139 94884 27525 80002 136126 109930 46500 123556 55883 62539 109081 98746 68067 65215 105624 38057 53001 74135 109498 118879 67207 87487 128635 21214 117083 41080 14937 96859 48480 141670 119867 101684 100917 60593 66371 63890 84227 73741 48332 110730 121024 98571 67112 6801 78582 62354 70950 88437 85384 66595 76091 84779 51113 63129 50254 111558 84790 128444 68015 99791 73585 40706 78308 44548 72252 90352 66673 112409 111497 50836 52494 63887 90446 90260 41972 59466 47158 141144 68544 55933 71914 122220 104858 62955 42630 103671 81892 69767 37317 77827 52356 39987 47239 139362 77652 43321 88218 127645 86066 84158 17258 96084 89680 105231 24211 62329 71429 85189 66728 60074 116612 43030 69557 56186 39315 62209 101553 78054 26823 68799 65570 128742 65411 123586 57927 30975 79051 68905 63571 78156 71483 98365 97068 115194 30485 80183 51336 34208 38840 128468 43412 96143 62125 93195 89679 140054 59164 32414 66785 23100 127762 15305 114188 40288 71625 112703 60722 62948 130210 99370 40057 42211 88236 64469 64413 39711 0 73414 68383 120560 69544 79664 136440 27215 86654 76633 124835 75756 87562 108878 26337 34010 72774 95867 88134 56261 78431 87456 74225 67931 50944 118571 31073 74990 33904 32987 80173 73298 98259 67266 49301 44139 88218 105624 140054 123586 72774 56186 118879 62125 27525 60593 66371 50836 46500 62948 30975 63129 101684 120560 37317 98571
56304 135694 61391 147390 95314 156961 28338 86119 45432 21272 135711 60483 140291 119015 75276 55417 84497 41714 121673 138751 29868 34153 90609 54985 75935 47169 61804 125864 40028 115729 75123 47285 137993 96531 89311 86496 135207 39801 82620 62122 80230 69038 87467 70580 111192 86197 116648 32252 47766 111247 104077 41093 23567 84562 97608 151100 105874 100720 37396 147039 118469 103084 42018 49384 114776 140008 116965 41637 73988 61891 107490 90371 103820 32792 94529 97205 85211 97621 28350 85022 103925 90726 69468 103850 102584 152132 98929 135108 86833 51605 34428 35061 107374 103784 145616 49388 59709 136364 50031 32332 56321 96897 149332 154737 50831 125174 101986 118315 98008 24883 59922 83264 135157 23030 99848 55865 61925 120554 50174 124306 104513 76323 22897 82819 80361 89281 39556 111570 36388 136297 55990 149634 147971 92627 50085 90656 90512 101871 58970 135240 43769 146750 42032 118156 16361 105999 87494 94041 82115 85441 84858 85143 115896 98604 27196 131491 101128 102571 134564 27306 37007 40556 126890 113201 17362 39830 73414 0 101890 56433 122531 124472 102019 88260 41834 119743 89620 91644 125409 131586 47078 43450 81000 108534 30775 90345 123776 141326 110154 108955 39830 130870 76918 47177 58855 42130 26822 120104 152862 125244 116393 56304 59709 75276 105999 82819 81000 23030 138751 42032 61391 96531 89311 61891 28338 102571 89281 84562 47285 56433 86833 69038
46108 33804 49613 70351 105692 55538 89433 93716 57135 81000 40838 80755 81465 30639 76561 48912 18401 70317 44346 50673 75627 90125 97708 63007 93116 56304 61449 28699 62047 96570 98331 97270 36701 7792 14869 16780 37818 71661 22021 96570 95252 72573 17684 62513 10570 16434 19546 92949 75837 15758 8931 81031 81482 18685 21233 49518 19632 88199 69682 46073 19940 42100 73687 103931 15411 40870 25052 142303 86379 40021 29935 12147 29170 94805 29898 9100 21734 112045 115166 17069 3585 87331 80881 9781 38135 51359 21541 57873 31535 64694 67478 73360 38188 103203 70499 53272 68199 62044 74571 87836 73025 43174 58282 54260 66118 47730 4138 17799 4104 77238 108413 25723 58441 79077 39511 122568 83262 19863 63218 35552 7080 112074 109349 96894 21724 40402 76505 13644 68174 46565 55131 50485 48754 74805 59420 27844 17056 51925 45131 63623 59195 47468 62432 25015 113301 102345 14397 42802 23842 47788 101771 58465 54420 36394 80581 44871 9923 8286 66317 127760 69606 63311 25020 21587 84887 92212 68383 101890 0 119758 31235 24490 99968 44543 82482 19551 92491 21359 23594 40563 74106 65533 30267 33254 129583 13074 24278 45385 8266 10688 62064 52341 37771 66185 47657 69452 88173 22803 55816 39627 53079 46108 68199 76561 102345 96894 30267 79077 50673 62432 49613 7792 14869 40021 89433 8286 40402 18685 97270 119758 31535 72573
85793 150524 99267 181698 53613 173258 82269 51164 70243 58258 140197 41555 181098 145955 53794 89046 107620 51729 118536 137578 53934 33634 53266 99501 41759 82302 106296 134185 73677 82572 37010 22527 149707 117713 104898 103105 157473 51061 108235 27942 44210 52784 102133 115760 125713 103754 138618 32226 44014 133757 117566 39895 71311 101296 125375 162507 113970 70114 55529 164811 139501 138546 47614 105580 135052 160585 141933 57287 45295 85843 137450 107844 106990 30346 126165 119284 111885 52687 83004 106441 120169 60077 46352 125877 136630 170140 106554 168530 119189 55208 68778 81120 140624 64838 180647 81873 52523 127127 45189 36887 105308 92975 176495 173221 96360 157647 117881 131341 115712 60497 14927 111971 168804 64824 134796 111729 39965 139521 93882 151530 125106 28124 78625 45626 99818 125475 45397 132705 59297 163746 64918 170114 168384 69990 91063 96886 115784 141036 91074 124720 79085 167098 63153 125443 44503 67906 107358 130859 95934 124705 44428 128314 106150 132507 49115 131017 123639 124162 122288 51336 80538 78968 141860 137924 57051 94640 120560 56433 119758 0 148290 144225 64639 126141 38165 139301 55584 101371 140119 134024 96063 86583 90341 109590 75030 112623 144036 164867 127198 129678 71586 125597 111328 54488 93905 87755 40396 142097 175557 154087 153281 85793 52523 53794 67906 45626 90341 64824 137578 63153 99267 117713 104898 85843 82269 124162 125475 101296 22527 0 119189 52784
66957 29883 62583 39740 136926 40461 104216 124920 81107 103071 53536 110816 55060 4338 107600 67116 40807 97240 68496 66977 99990 116926 128939 73648 124038 75375 69276 43326 83045 126846 129137 125787 37772 30869 45150 46173 14683 98295 41014 126569 126309 103304 48047 65882 32030 45194 12530 119481 104336 15499 37910 108685 99884 47756 24923 44839 47757 119175 95220 30485 13777 29980 101051 112271 17461 20839 6416 164073 117293 63768 17146 41531 58255 121423 29496 29120 37828 143277 130034 41849 32700 118556 111609 22869 27186 34136 51914 28203 36770 93161 88915 89660 23186 134312 40286 73426 98063 83869 103358 114278 80670 73693 28211 35717 77713 20076 34697 32998 34625 99308 137869 39306 28879 99614 30423 130737 113436 18183 76153 4741 24471 142634 125036 128009 48514 38991 103617 17796 92776 15604 83428 29048 27650 105918 74117 59045 33050 39752 63612 86309 78822 26664 87489 46083 135964 133370 41117 37182 53803 46529 132888 55230 81877 29263 105241 63756 24804 24668 89856 149566 86608 82012 27614 10388 106723 103361 69544 122531 31235 148290 0 15675 131082 42409 110304 16937 123726 52592 28193 57303 85178 80976 60968 61063 147016 35668 14403 19031 27154 20588 83857 74095 46874 93872 63847 83929 113618 10719 30566 9578 31922 66957 98063 107600 133370 128009 60968 99614 66977 87489 62583 30869 45150 63768 104216 24668 38991 47756 125787 148290 36770 103304
68171 15509 67642 53311 127606 32713 109193 116109 80642 104015 37865 104892 70532 18699 99687 69760 40025 94680 54088 51360 99397 114508 119775 80067 116399 77740 76790 27962 84447 114941 121777 121747 22756 28099 39329 41248 13930 95978 41978 120696 118238 96227 42096 75082 20364 40790 8802 117295 100324 13852 27963 105498 102942 43128 30176 31935 36018 108502 93752 22600 6337 42863 98118 120260 9722 16382 14143 165461 109704 63206 28461 36559 46453 119167 37741 27275 39837 134034 135178 39869 24222 108987 104498 20648 39404 27661 41609 42984 43571 89183 90126 93704 36430 123958 54321 75160 92462 68698 99042 112157 88519 62761 35988 30326 83798 35696 26512 18814 28570 100226 132726 42669 43704 101462 42285 138948 107329 4814 81593 20087 20095 135767 129733 119700 45617 48725 100909 12922 91974 26566 79614 26029 24299 95770 78681 50120 34344 53217 66017 71272 80942 23017 86330 31785 136685 122740 37959 48353 48291 56699 124548 66479 68415 40267 104463 48399 23392 21904 74964 150891 90250 84688 11941 15305 107839 110038 79664 124472 24490 144225 15675 0 120763 52661 106961 4951 114467 44228 12610 41812 91637 85313 54321 48345 150913 34194 1364 21718 17263 15546 84798 59025 52898 90638 67417 88788 112288 6552 31462 24966 47236 68171 92462 99687 122740 119700 54321 101462 51360 86330 67642 28099 39329 63206 109193 21904 48725 43128 121747 144225 43571 96227
92375 120352 109150 170269 12311 141401 116941 15912 81729 89526 100668 42425 178689 130590 31047 98384 97810 67221 75483 92669 79261 67892 11872 117035 26341 96398 121875 99964 91123 18430 28805 56679 116249 102344 87525 87611 134585 68543 101044 41582 22300 38305 84820 129905 100445 89077 118859 70046 56844 115698 93416 61924 102777 86686 115533 126781 84789 12635 74048 135699 118467 135116 64322 142244 114107 135264 125004 119615 28296 86602 127424 91510 74532 69901 120739 104482 104677 17236 130018 95123 98396 14244 33906 109188 131803 140568 79398 157587 116439 60138 89993 106736 134002 3238 170293 93541 49211 76054 55081 69752 127116 58017 156716 143786 116067 147073 96386 102989 96964 88853 50698 107078 158114 94872 131480 154833 40470 116104 112247 135497 106960 37413 123971 20031 88913 125787 65490 113291 78208 146037 65032 143329 141756 25166 107393 72145 105724 141944 97886 72828 95025 140571 76916 92098 98289 4002 93930 130736 80393 129058 20219 137050 59236 128378 78308 88024 108107 107423 69148 110229 103822 97968 113433 121535 91334 128349 136440 102019 99968 64639 131082 120763 0 128410 60772 116607 12613 78704 111748 93495 120184 106963 72496 73801 129734 100121 121196 142344 104424 110513 88611 78725 113270 64028 102681 110411 75410 121645 150614 139582 149093 92375 49211 31047 4002 20031 72496 94872 92669 76916 109150 102344 87525 86602 116941 107423 125787 86686 56679 64639 116439 38305
40706 68019 27616 59140 130530 82733 65502 117739 56085 72016 84131 96302 54963 38094 99223 37110 33362 75195 88178 95022 72743 92592 122581 34287 113322 44352 28529 71940 53105 130213 117202 104894 74384 37063 46874 45140 57084 75499 29006 110553 116724 92918 48522 23601 53956 43467 44040 94388 85267 39996 53087 87007 64695 45100 24285 84595 62994 118618 70650 72580 46705 15248 79519 70232 45770 63177 39472 129523 106996 43235 25305 43480 70518 96358 15441 35459 26209 136243 90435 36505 48121 114327 100430 37471 16039 76502 61833 47096 13661 75400 58653 53307 20932 131547 57361 44314 84097 106187 85212 89424 39102 79752 64308 78125 38606 37857 48168 59970 43895 68634 119098 22621 47086 66891 12773 88524 99180 51362 38317 41948 40377 128379 86125 119028 41060 4190 81220 42559 66858 52090 66803 71352 70012 104795 38272 62805 28444 14915 35173 107498 47815 69058 63190 69494 103505 131625 39134 6003 50427 4123 123651 14190 95666 13168 77928 89400 35628 37834 109821 115491 51298 49268 61804 37389 75016 62481 27215 88260 44543 126141 42409 52661 128410 0 88873 49898 118068 57130 61284 84814 45086 44810 57860 75568 108782 34408 51400 60639 49076 41998 54906 96638 15567 74026 32303 46499 86910 46225 71694 40915 28223 40706 84097 99223 131625 119028 57860 66891 95022 63190 27616 37063 46874 43235 65502 37834 4190 45100 104894 126141 13661 92918
48205 114378 62834 143589 55472 137018 57263 45026 32810 29536 107181 18673 143776 107879 33564 52093 69551 13729 88365 106932 20472 9786 49798 65493 35431 46261 71828 99655 38219 73903 36041 16067 114394 79924 67733 65713 119937 13403 70076 24676 39808 27766 65077 81114 89236 66223 100960 12958 7832 95986 81164 1895 43471 63840 87214 127470 79014 58886 18754 128150 101982 100727 9488 82648 97597 123341 103977 69271 32497 47712 99288 70412 73602 14201 88096 81415 73721 58891 69389 68487 83207 48950 27647 88084 98676 133481 71519 130406 81231 17994 34534 50024 102581 62790 142580 45134 20335 100468 10026 9912 73344 62264 138515 136489 63103 119510 80945 95346 78393 29742 30379 73838 130690 35588 96951 94219 20321 102340 59956 113458 87484 42352 63255 42498 61961 87915 7732 95098 23113 125702 27355 132967 131236 51265 56227 61957 77660 103786 53704 98763 43451 129950 25732 91066 42107 64774 69579 93321 58868 87770 45404 92421 79226 94572 18024 99901 85771 86401 97351 56485 48149 44489 105554 99963 30817 69281 86654 41834 82482 38165 110304 106961 60772 88873 0 102013 48216 65506 103850 101703 64872 53146 54150 77179 71318 74664 106685 127210 90201 92094 35817 96709 73740 16441 57020 55446 15028 104468 138086 115950 115519 48205 20335 33564 64774 42498 54150 35588 106932 25732 62834 79924 67733 47712 57263 86401 87915 63840 16067 38165 81231 27766
63459 18301 63468 56068 123238 37278 104873 111638 75772 99217 37518 100057 71915 18983 95061 65206 35254 89731 51602 50578 94503 109559 115371 76094 111750 73126 73070 26641 79716 111240 117097 116818 24546 23269 34403 36301 18543 91032 37381 115866 113650 91494 37182 71803 16200 35839 6200 112347 95388 10080 23434 100549 98360 38178 26612 35059 32069 104424 88825 27298 3649 41260 93167 116515 5016 21328 13464 160660 105043 58357 26728 31609 42585 114219 34674 22548 35408 129655 130848 35004 19407 104653 99776 16065 37596 32440 37276 45054 40003 84244 85368 89272 35146 119813 56860 70482 87595 66977 94115 107211 84827 58678 40136 35171 79743 36860 21688 16076 23625 95429 127850 38418 45745 96747 40269 135224 102511 1533 77425 21646 15259 131038 125339 115149 40688 45857 95959 8435 87075 29865 74669 30980 29250 91548 74373 45548 29896 51733 61447 69385 76292 27968 81419 29181 131848 118663 33039 45965 43370 53860 120006 63913 65330 37983 99558 46982 18823 17198 72919 146092 85769 80094 12285 13274 103051 106026 76633 119743 19551 139301 16937 4951 116607 49898 102013 0 110076 39545 12254 40687 87630 80948 49482 44849 146384 29410 4805 26279 12541 10798 80024 57182 49026 85688 63001 84496 107359 6239 36325 26514 47155 63459 87595 95061 118663 115149 49482 96747 50578 81419 63468 23269 34403 58357 104873 17198 45857 38178 116818 139301 40003 91494
80945 115546 97731 162364 13201 137296 104345 4421 69679 76913 97980 29815 169476 122892 19225 86831 88531 54696 73294 91520 66662 55553 5346 105120 14725 84447 110152 95781 78892 27643 18597 45037 112184 94103 79230 78978 128388 55987 91452 30324 11421 26297 76423 118380 94116 80348 111782 57812 44239 108237 86659 49339 90188 77868 106651 123464 78920 14599 61533 130873 111634 125600 51735 129661 107173 129587 117500 108824 15719 75614 118777 83149 69129 57769 111287 96192 95171 19584 117531 86010 91275 6058 21329 101340 122438 135912 72859 149477 106544 47889 77581 94309 124928 14980 162211 81714 37016 76877 42497 57309 115023 52509 150173 139137 104004 138785 89155 97417 89207 76258 40968 97295 149969 82277 121898 142226 27898 109714 100228 127991 99334 30513 111451 10076 79553 115647 52878 106041 65735 138978 53355 138077 136450 19920 95449 64752 96675 131939 86550 73931 82936 135228 64634 87495 86463 16608 85132 120721 71514 118483 13029 126099 57898 118864 65700 86142 100028 99546 70728 98841 91462 85747 108096 113873 78728 115791 124835 89620 92491 55584 123726 114467 12613 118068 48216 110076 0 71139 106365 90958 107916 94771 63704 69291 117700 91333 114778 136177 97657 103158 76366 77967 102734 51655 91255 98137 62933 114753 145050 131861 139855 80945 37016 19225 16608 10076 63704 82277 91520 64634 97731 94103 79230 75614 104345 99546 115647 77868 45037 55584 106544 26297
40830 49158 51242 91566 84340 71890 85005 72420 46404 70381 44067 61041 101244 51905 55534 45876 23825 54899 34661 48417 62903 74096 76366 64379 72207 51123 65151 34722 54115 76185 77556 79175 48897 24074 10313 12102 58082 56528 28381 76777 74163 52019 8742 69142 24540 13750 40701 77134 58227 37115 16436 64296 74387 12633 38340 62008 14257 67087 55979 63559 40723 59286 57568 103767 36206 60198 46399 129972 65499 32609 49425 14064 14992 78848 45298 26250 30921 90701 109417 20676 20281 65975 60277 30494 55553 68873 7498 78916 43533 47534 58525 68833 56816 81941 91606 47429 48960 52518 56629 72271 75538 23236 79311 71995 66349 68510 18089 29989 18267 66858 89143 34638 79455 70114 56042 121738 63373 39415 62710 56899 28276 91548 103151 75726 17901 53468 60578 34911 55670 67860 38767 69413 67703 53563 57914 6601 29640 67908 42622 52997 53042 66427 49846 26600 100799 81166 18028 57351 10417 59335 80595 69517 38767 52806 67266 41277 29550 28741 54508 115688 64803 57577 40503 42853 74282 90562 75756 91644 21359 101371 52592 44228 78704 57130 65506 39545 71139 0 38757 40246 73909 62582 11402 20517 121251 23467 44339 65823 27005 32019 53274 44160 45284 50003 46837 66912 73684 43773 75582 60896 72051 40830 48960 55534 81166 75726 11402 70114 48417 49846 51242 24074 10313 32609 85005 28741 53468 12633 79175 101371 43533 52019
69697 10557 72125 65517 119356 33187 112726 108363 80426 104434 25426 99671 83140 30862 92868 72343 41759 92424 42186 38784 98658 112050 111709 85220 109618 79855 82831 15437 85627 104687 115176 117873 13594 29991 36780 39327 24082 93897 44870 115328 111082 90165 39144 82393 14670 39386 18430 114989 96765 21379 22686 102537 105060 41293 37316 25977 27552 99284 92410 24946 15897 53416 95489 126026 15559 23600 25623 165600 103034 63518 38898 35128 37304 116782 45877 30088 43709 125805 138558 40649 21529 100678 98290 24928 49694 30215 34325 55536 50407 85863 91023 96757 47381 114894 66662 76858 87710 56196 95252 109973 94580 53946 46434 33382 88617 48260 23580 9035 27403 100688 127840 47251 56262 102646 52266 144738 101924 10733 85973 32681 22827 129452 132809 112335 45075 57162 98418 18729 91210 38523 76660 31711 30090 87106 82466 43714 38330 63905 68553 58840 82778 28877 85403 20410 136516 113462 37965 57704 45234 65140 117119 75421 57201 49841 103488 35830 27465 25364 62614 151084 93057 86865 1764 25476 108335 114888 87562 125409 23594 140119 28193 12610 111748 61284 103850 12254 106365 38757 0 29205 96590 88766 49849 38174 153169 36095 13813 31440 15406 19698 85601 46595 58678 87906 70791 92568 110746 18044 38867 37568 59276 69697 87710 92868 113462 112335 49849 102646 38784 85403 72125 29991 36780 63518 112726 25364 57162 41293 117873 140119 50407 90165
80435 32380 88216 94300 103043 49399 124875 93878 86575 110377 7208 92475 112326 59668 81801 84892 56892 93039 18039 10254 102355 111040 96184 101733 97747 90886 101076 14051 94332 82923 103549 113161 25520 48327 45528 48516 52053 94820 61292 106948 98124 81360 46293 102883 30884 49560 46441 114203 93954 47681 32947 100830 114604 50093 60752 33649 26486 80894 95141 46189 44244 79937 95014 142259 42321 49681 54069 168871 91786 72516 65845 46562 28255 115726 69687 49613 61848 109355 149584 54432 37000 84926 88561 47593 76010 50152 32795 84705 72071 84432 98767 108624 74579 96398 95600 87291 82552 27433 91971 109716 112351 41118 73504 53189 104334 77377 37467 25712 42221 106925 120199 65949 85436 110333 78085 160610 94116 39290 101001 61854 44558 118065 143351 98748 55460 80634 98082 44489 95330 67240 76955 54971 53747 71043 96572 41034 57558 90330 81353 30381 93032 52824 89588 15736 139851 94383 51094 82445 50416 88216 103167 98877 34513 75243 106373 6996 49215 47033 34469 154822 104626 97532 30058 53050 114252 129614 108878 131586 40563 134024 57303 41812 93495 84814 101703 40687 90958 40246 29205 0 112193 101853 50587 24601 161428 52774 42993 58560 36013 43886 93520 18441 78025 87730 84962 106092 111953 46850 63063 66748 87645 80435 82552 81801 94383 98748 50587 110333 10254 89588 88216 48327 45528 72516 124875 47033 80634 50093 113161 134024 72071 81360
33926 105595 24511 103262 117955 123936 20830 105928 38827 37850 114066 79579 93776 81093 89199 28181 55941 53980 108504 121425 44498 63960 111029 11596 98126 25369 16571 102330 29071 128257 100037 78728 110156 66820 66743 63793 99382 53106 52086 89524 102331 81910 66341 24034 84648 62662 82933 64440 65266 77794 79802 63088 25209 62360 61673 122248 86036 113980 47251 113637 85301 60323 57715 30066 82719 105058 80785 86502 93301 42388 68396 65691 88791 66137 55682 66520 52886 122333 45365 58022 77202 106317 86896 71962 60871 118180 81128 91845 48607 60049 30757 15082 65818 122847 101186 29021 70973 126075 66441 60671 9424 89776 109205 120259 7990 82933 75975 91904 71202 36039 93673 49396 91768 31248 57723 48534 82200 88826 11225 85709 73782 107176 41102 105000 56883 47314 57737 79239 42786 96691 56284 114052 112550 101779 16062 76426 58271 56888 31288 126177 25668 111462 43282 96694 63354 124026 61306 51088 63618 41519 108725 38888 109334 57389 48151 114552 69289 71296 127060 73201 16789 22252 97671 77654 39124 18401 26337 47078 74106 96063 85178 91637 120184 45086 64872 87630 107916 73909 96590 112193 0 13442 67219 94294 63854 61034 90610 104112 81580 77371 31573 118045 38803 56306 27263 9780 56066 85958 115516 85415 71990 33926 70973 89199 124026 105000 67219 31248 121425 43282 24511 66820 66743 42388 20830 71296 47314 62360 78728 96063 48607 81910
21807 98342 18471 103942 105074 117996 23975 92906 25419 28884 104294 66843 97650 77171 75941 16981 47133 41416 96878 110724 33285 53491 98014 12944 85396 12223 19854 92921 15902 114825 87582 67813 102156 58781 56377 53374 94515 40730 43923 77594 89542 68663 55588 29294 75870 52439 76883 54431 52769 71547 70234 51301 19887 51761 56367 114708 75427 100583 34878 107777 79039 59682 45357 41529 75941 99820 75906 84811 80365 30237 65053 55897 77228 56263 52011 58860 45544 109620 49910 48729 68338 93031 73888 64923 59342 112594 69971 91716 44397 46883 18613 8735 64194 109667 102168 16002 57771 114152 53779 50162 20458 77078 106805 114921 9973 81928 66855 83204 62230 26165 82772 42684 91751 22891 56517 59181 69530 82001 7372 82225 66302 95468 44427 92190 46440 45914 45717 72521 30372 93899 42848 109182 107593 88339 6882 64494 51057 58585 20627 114077 12227 106434 30199 86656 58840 110782 51851 50601 52174 42049 96045 42830 96776 55439 37617 103701 62173 63986 114757 70698 6604 9052 90003 72409 31225 27993 34010 43450 65533 86583 80976 85313 106963 44810 53146 80948 94771 62582 88766 101853 13442 0 55002 82674 66051 52681 84417 99993 73435 70307 18447 106457 34275 43307 17998 4372 46187 80146 111541 82694 72962 21807 57771 75941 110782 92190 55002 22891 110724 30199 18471 58781 56377 30237 23975 63986 45914 51761 67813 86583 44397 68663
33333 60328 46429 98819 76820 83033 76294 64452 36219 59804 54930 50575 106196 59676 46720 39100 25492 43527 42289 58012 51888 62696 68753 58750 63073 43017 60648 46035 44732 72493 68182 68035 60283 30557 15827 15278 67963 45175 29168 66384 65422 42368 12937 65994 35373 16650 49774 65732 46942 45557 27228 52919 64861 14204 43059 73406 25415 61691 44824 74470 50189 62818 46167 96526 45649 70553 54596 118806 56328 24850 55088 19595 23147 67447 48440 32594 32581 83039 99971 22680 30100 59019 50678 38165 59399 79799 18113 85845 44903 36164 48647 60397 61506 75719 98577 39215 38176 59191 45404 60874 70080 23350 88492 82882 60097 75102 27809 41223 26484 56387 78450 35482 86321 60026 59264 114026 53038 49540 56246 64971 36556 81824 93604 67208 16887 54687 49178 43827 44773 76510 27374 79951 78228 47838 51184 9876 33234 70305 36373 59075 44426 76944 39008 37751 89660 75335 21467 59245 7899 59347 72083 68799 42286 56105 56110 50762 36585 36357 59844 104584 56359 48969 51576 50788 63672 82882 72774 81000 30267 90341 60968 54321 72496 57860 54150 49482 63704 11402 49849 50587 67219 55002 0 28294 110954 27670 54280 75600 37097 40809 43590 51854 44056 38603 41099 59374 62350 53069 85783 68560 76614 33333 38176 46720 75335 67208 0 60026 58012 39008 46429 30557 15827 24850 76294 36357 54687 14204 68035 90341 44903 42368
60866 46555 71755 100743 82010 68008 104508 71724 64383 87529 30611 68038 114227 61781 58108 66169 43106 68967 14217 30293 78916 86586 74625 84888 74471 70939 85624 26493 73025 66656 80229 88581 42896 39345 29513 31994 61731 70790 47795 82769 75281 57100 28851 89335 29033 33514 48554 89760 69408 46993 24482 76347 93145 32901 54039 54504 13731 61257 71545 61907 47437 75183 70725 124041 43623 61774 55805 144832 68246 52470 63128 32332 5526 91250 62185 41338 49732 88443 128251 40056 30249 63416 64559 42887 71247 66822 13989 89122 61931 60094 76882 88505 71443 76911 101349 67173 57952 32010 67403 85358 96055 17225 84143 70045 86801 79734 29120 29756 32358 84244 95943 53723 89763 88151 72388 141850 69771 44028 83121 65774 39892 94749 121871 76191 38317 71650 73789 43970 72146 74694 53074 69568 68016 49596 78260 18433 47177 84711 63015 32613 72564 66848 66555 18311 115957 75379 36959 74890 30678 78199 80814 88663 21218 69199 82657 23066 43151 41516 34440 130937 84462 77115 39810 53171 91334 110661 95867 108534 33254 109590 61063 48345 73801 75568 77179 44849 69291 20517 38174 24601 94294 82674 28294 0 138821 41161 49018 69353 34110 41849 71871 23786 65042 63568 67316 87031 87816 50637 76980 70415 86275 60866 57952 58108 75379 76191 28294 88151 30293 66555 71755 39345 29513 52470 104508 41516 71650 32901 88581 109590 61931 57100
83476 163182 84441 167072 121735 183622 43292 113881 74856 51304 165221 89622 156084 143175 104857 81180 111547 72465 152154 168919 60579 62557 118003 74543 103393 73372 80386 154921 67816 144591 101630 73238 166159 123557 117983 115068 160537 70549 109013 88486 107506 98988 116387 87480 139372 114578 142658 60021 77871 137280 132680 70853 48119 113188 122402 179095 135373 129736 68114 173483 144711 124027 72579 49546 141369 165765 141947 29967 102410 90150 130894 118598 133972 59942 117882 123943 111094 123103 20114 112520 131938 119476 98556 130323 124308 178397 128649 155689 110346 82351 62860 57414 129246 131165 164949 76312 90126 167074 80183 61453 71375 127601 172411 180804 70245 146624 130143 146630 125884 54591 83081 108532 155618 51179 121256 44661 90702 147339 71142 148154 131382 99871 22814 109945 108580 110697 69984 138019 66825 159643 86654 175186 173584 122558 72900 120730 116572 120666 84946 165987 70391 172413 72290 147528 31815 133639 115275 114778 111385 105326 111263 102274 146665 120629 57937 161660 127566 129227 165336 24923 60699 66366 154550 138415 47544 48545 88134 30775 129583 75030 147016 150913 129734 108782 71318 146384 117700 121251 153169 161428 63854 66051 110954 138821 0 117342 150085 166039 137773 135620 68232 161424 100209 77944 83608 63161 56437 145990 177582 148381 135815 83476 90126 104857 133639 109945 110954 51179 168919 72290 84441 123557 117983 90150 43292 129227 110697 113188 73238 75030 110346 98988
34098 45868 36539 71616 104413 66622 76634 91949 46578 69821 53623 75639 78646 33497 73926 36291 5849 61722 53974 62673 65426 81493 96339 49942 89889 43971 48542 41598 50322 99128 94715 90120 49481 6219 13244 12541 45918 62851 8948 91288 92528 68940 15576 50143 23633 11044 26873 84131 68675 21621 19859 73063 69234 13471 15417 62061 28856 89101 60115 56708 28382 35902 65458 90862 24474 50112 29317 131267 83176 29089 27449 9408 36132 86052 21831 6992 9105 110587 102466 6182 16277 86690 77166 13798 32249 61839 27470 58511 20774 57507 55959 60672 33952 103349 71211 41175 62825 72080 67725 78941 60048 46667 63873 64518 53045 47657 15368 30870 10564 66032 102324 13231 58951 67366 32595 109495 78332 30210 50171 39034 14167 107788 96743 94446 12910 30517 68076 21388 58050 51163 47774 59829 58125 75304 46456 29717 6190 44456 32501 73245 47036 56869 52523 37043 102512 102893 6204 34044 19820 37099 99299 47654 61411 29361 70567 56442 11249 12333 75462 116697 57001 50976 37368 25305 73647 79162 56261 90345 13074 112623 35668 34194 100121 34408 74664 29410 91333 23467 36095 52774 61034 52681 27670 41161 117342 0 33577 52854 20757 18648 50614 62706 25270 58225 34730 56527 78638 30411 64048 42015 49149 34098 62825 73926 102893 94446 27670 67366 62673 52523 36539 6219 13244 29089 76634 12333 30517 13471 90120 112623 20774 68940
67473 16841 66676 52368 127931 33580 108272 116373 80095 103381 39135 104854 69335 17356 99845 68960 39390 94325 55036 52591 98881 114158 120079 79032 116540 76971 75688 29096 83759 115561 121893 121545 24120 27537 39145 40986 13744 95603 41219 120664 118424 96297 41939 73889 20752 40475 7690 116926 100103 12883 28176 105207 102150 42846 29073 33206 36519 108969 93303 23397 5379 41513 97798 119157 9186 16703 12783 164824 109836 62635 27123 36274 46994 118806 36533 26624 38993 134353 134259 39332 24211 109329 104578 19926 38064 28377 41940 41886 42451 88948 89459 92835 35070 124396 53327 74435 92382 69801 98848 111780 87408 63220 35520 30967 82787 34453 26491 19643 28330 99591 132631 41747 42601 100757 40957 137838 107311 5092 80620 18869 19561 135841 128842 119912 45187 47479 100573 12213 91467 25749 79352 26407 24684 96169 77762 50313 33517 51860 65227 72347 80196 23410 85847 32684 136089 123209 37513 47052 48116 55445 124766 65191 69221 38961 103967 49542 22652 21254 76011 150254 89406 83906 13217 14022 107195 109008 78431 123776 24278 144036 14403 1364 121196 51400 106685 4805 114778 44339 13813 42993 90610 84417 54280 49018 150085 33577 0 21494 17334 14960 84145 60103 51845 90338 66548 87860 111844 5226 31550 23759 45894 67473 92382 99845 123209 119912 54280 100757 52591 85847 66676 27537 39145 62635 108272 21254 47479 42846 121545 144036 42451 96297
85453 26293 81611 37052 149310 24955 123243 137827 99162 121618 52940 126136 59111 23021 121339 85920 58388 114499 73373 66754 118066 134304 141488 92609 138029 94157 88085 46078 101651 135994 143371 142344 34028 47311 60202 61802 7789 115670 59208 141952 139918 117741 63051 84236 42062 61114 26256 136971 120861 31275 49657 125668 118818 63583 43790 35204 57556 130020 112951 17180 25454 46946 118141 130813 29975 9092 24366 182800 131322 81693 35781 57057 67879 138885 48457 45934 56267 155740 149046 58946 45633 130680 126030 39176 44833 18434 63318 30865 55794 109671 107493 108669 40258 145528 38926 92075 113580 85988 119704 131785 99356 84328 15060 18839 96699 29247 47896 39607 49326 117840 153767 58065 31622 118357 48152 149162 128630 26499 95177 18693 39763 157284 144065 141399 65285 57485 120824 32163 110755 12132 99992 11481 10671 117408 93139 71804 51194 55592 82358 88922 97569 10261 105314 51849 154508 144249 57637 55086 69157 64719 146251 72673 88633 47501 123265 65531 41611 40825 92934 168267 105585 100864 29966 28198 125320 122230 87456 141326 45385 164867 19031 21718 142344 60639 127210 26279 136177 65823 31440 58560 104112 99993 75600 69353 166039 52854 21494 0 38820 35193 102351 76824 65903 110786 82774 102960 131455 22771 11559 20606 44227 85453 113580 121339 144249 141399 75600 118357 66754 105314 81611 47311 60202 81693 123243 40825 57485 63583 142344 164867 55794 117741
54310 25540 57072 66891 110834 47363 97380 99160 65378 89265 35070 87651 80358 27672 82522 56950 26367 78253 43039 46267 83821 98024 102940 70323 99209 64449 68332 22865 70294 99709 104559 104763 28724 14767 22480 24706 31078 79637 29618 103450 101118 78974 25133 68662 5514 24525 14643 100884 83404 13033 11021 88792 89660 26651 24841 41378 20628 92349 77797 38044 14042 44141 81532 111227 9753 33460 21699 150555 92503 48288 30501 20221 31104 102723 33781 15183 28760 117240 123182 25260 7029 92286 87251 11630 40179 43357 25028 55044 36933 72319 75740 81376 39204 107641 67369 61466 75264 59889 82053 95796 80018 46690 52517 46318 73592 45658 9320 10972 12247 85504 115537 32514 55676 87331 42124 129911 90077 12460 70832 31807 8718 118517 117414 102629 29963 44886 84388 9902 76367 41639 62855 42919 41191 79308 67203 33034 23573 54441 53161 61862 67382 39905 70607 21506 121540 106577 22660 46457 31348 52645 107489 63235 55172 39243 88748 41226 13545 11314 64974 136016 77662 71460 16784 19164 93153 99801 74225 110154 8266 127198 27154 17263 104424 49076 90201 12541 97657 27005 15406 36013 81580 73435 37097 34110 137773 20757 17334 38820 0 8232 70326 50020 44309 73994 55487 77282 96256 17226 48708 36360 53260 54310 75264 82522 106577 102629 37097 87331 46267 70607 57072 14767 22480 48288 97380 11314 44886 26651 104763 127198 36933 78974
52664 28226 53049 59970 116359 48073 94261 104401 65135 88470 42378 91144 72399 20310 87231 54441 24483 79556 51239 54128 83926 99388 108382 65901 103763 62337 63248 30343 68927 106650 108951 107156 33224 12577 25144 26617 27844 80797 26608 106952 105927 83165 28027 62700 13745 25924 9003 102123 85677 5262 17731 90578 87578 28390 17776 44894 28173 98654 78392 38084 9921 36072 83104 106563 5826 31600 14527 149915 97023 47679 22280 21873 38435 104015 26562 11752 24778 122718 120217 24375 12230 97970 91475 5417 32132 43195 31542 47728 30716 74491 74591 78575 30995 113745 60245 59685 78508 68116 84511 96962 75009 53332 47683 45871 69437 37957 14134 18299 14327 84680 118628 27993 48328 85954 34221 125282 93690 11722 66988 24993 4635 122631 114659 107578 30333 37829 85839 3041 76516 35878 64827 41322 39606 85347 63791 38457 19271 46445 50676 70094 65496 38338 70908 29703 121146 112832 22648 38925 34045 45741 112455 56186 63022 31447 89019 49311 8142 6402 73193 135346 75038 69310 20534 11398 92295 95740 67931 108955 10688 129678 20588 15546 110513 41998 92094 10798 103158 32019 19698 43886 77371 70307 40809 41849 135620 18648 14960 35193 8232 0 69257 58246 39094 75695 52330 73921 96935 12426 46001 29237 45047 52664 78508 87231 112832 107578 40809 85954 54128 70908 53049 12577 25144 47679 94261 6402 37829 28390 107156 129678 30716 83165
16905 95866 27690 112424 86633 117187 33510 74462 8175 19283 97067 48461 109723 80616 57630 18005 44774 23258 85747 101461 17841 37953 79570 29922 67001 10716 36058 86690 2553 97021 69327 51269 98288 56772 49800 46915 95938 22798 43212 59794 71124 50340 48156 45302 71467 46515 77159 39561 34586 71777 64538 33929 21275 45013 59074 111353 67262 82574 17092 107320 78880 68242 27376 56508 75083 100528 78024 80687 61920 22104 69927 50635 66725 41519 57412 57527 46092 91221 56382 45203 64146 74755 55442 64237 66884 112451 60743 99543 49872 28483 5428 19119 71323 91284 111038 10856 39400 102037 35464 34709 38859 63343 111369 115109 28031 89007 62244 78647 58198 15497 66047 44673 99710 17126 64630 72474 51177 80798 24537 86067 64771 77798 50019 73766 40605 54685 28150 71933 12712 98281 25412 110205 108523 70711 20462 53466 51201 69705 20816 101515 7645 107285 11753 79340 52157 92453 47667 59968 43224 53218 77664 56892 83163 62747 23031 94237 61542 62899 101657 66119 15596 9397 87071 74154 23056 42266 50944 39830 62064 71586 83857 84798 88611 54906 35817 80024 76366 53274 85601 93520 31573 18447 43590 71871 68232 50614 84145 102351 70326 69257 0 95261 40844 24861 22636 21806 32008 80653 113817 87553 82669 16905 39400 57630 92453 73766 43590 17126 101461 11753 27690 56772 49800 22104 33510 62899 54685 45013 51269 71586 49872 50340
84650 50759 95259 112092 89187 67330 128148 81365 87589 110159 25061 84655 129087 75999 71981 89943 65570 90204 9584 14038 101036 106409 82966 108501 86738 94691 108970 31171 96523 66406 92508 106130 43946 59591 52419 55122 70113 92091 70240 97820 86424 73062 52165 112179 44519 56533 62460 109605 88884 62723 43584 96151 116517 56231 73528 51098 33863 66381 93542 64597 60552 93947 91386 147823 57913 68020 70163 165581 81391 76245 80522 54686 29262 110909 82238 61295 71681 95292 151579 62668 48837 71924 79284 60938 89966 68452 37144 101988 83239 80772 100152 112211 89219 81426 113257 90916 76585 9879 86698 105607 119604 34539 91819 71441 110509 94026 48526 41269 52751 107022 111149 75783 102702 111219 91640 165630 85829 55912 106858 78765 57800 106791 145155 86641 61719 92556 94396 59482 94599 85057 74917 73404 72187 58455 102023 42081 68325 104056 86758 12248 96251 71265 89197 28592 137139 79121 59412 95142 54431 99638 90714 110271 20109 88595 104376 11472 61984 59982 16113 152060 108169 100800 47676 68553 113882 134442 118571 130870 52341 125597 74095 59025 78725 96638 96709 57182 77967 44160 46595 18441 118045 106457 51854 23786 161424 62706 60103 76824 50020 58246 95261 0 87527 84679 90996 110815 108689 63421 81502 83656 103135 84650 76585 71981 79121 86641 51854 111219 14038 89197 95259 59591 52419 76245 128148 59982 92556 56231 106130 125597 83239 73062
25559 67175 15805 71618 115104 85134 57345 102310 41091 59011 78609 80743 70073 42973 83803 22842 21989 60021 78515 87944 58516 77940 107183 27209 97770 30760 24158 66455 39334 115787 101635 89798 72262 30015 35541 33232 60774 60429 17300 95069 101194 77424 36549 24873 48207 31633 44159 79901 69874 39084 45129 71891 53688 32701 22871 83918 53722 103771 55808 74836 46564 27419 64322 67510 44196 66341 42127 118540 91464 27669 30783 32870 59688 81882 17741 29175 16178 120771 83202 24991 41226 99127 84887 33762 26105 79406 51054 58834 10136 59880 45122 43005 30692 116382 70197 30012 68532 96670 69755 74845 35916 66821 72582 81535 31074 48500 40567 55127 35806 55433 103837 12083 58971 54543 23787 86227 83621 50280 29293 47962 35952 112858 78163 103514 27870 14175 66150 40716 52228 59639 51236 75468 73931 90015 27393 50259 20808 30268 20310 97583 34319 72816 48193 62302 91386 116557 28161 19581 37162 15790 108121 24743 84016 21993 63787 81679 31221 33361 99466 104204 40211 36614 59608 38887 62317 57187 31073 76918 37771 111328 46874 52898 113270 15567 73740 49026 102734 45284 58678 78025 38803 34275 44056 65042 100209 25270 51845 65903 44309 39094 40844 87527 0 58621 18456 37070 72717 47157 77422 48463 42001 25559 68532 83803 116557 103514 44056 54543 87944 48193 15805 30015 35541 27669 57345 33361 14175 32701 89798 111328 10136 77424
33460 98458 49307 127530 61774 121015 54037 49627 19151 28468 92788 23772 128650 91478 33292 38220 53143 5547 75806 93776 17909 24155 54731 54393 42232 33915 60063 84555 27410 73679 44881 32093 98837 63491 51515 49405 103537 7459 53793 36640 46306 26032 48920 68935 73250 49863 84543 27147 11255 79552 65247 14884 39898 47512 70934 111986 63878 58869 10871 112006 85594 85165 7588 78909 81228 107013 87540 81270 37059 31762 83087 54079 59476 28898 72176 64975 57480 66427 71723 52048 67030 50414 30597 71650 82930 117330 56433 114324 65528 4599 25975 42722 86684 66617 126599 31868 15061 89566 11300 22275 63711 50261 122083 120310 52819 103398 64785 79556 62087 26569 45392 57790 114628 32340 81366 93016 26564 86048 49199 97054 71079 54625 65235 48934 45524 72733 10575 78692 14440 109287 11267 116660 114929 48131 44733 47104 61297 88868 39179 88284 31862 113645 13121 76119 52513 67921 53150 78136 42738 73293 52915 78916 68840 78864 20029 86597 69331 69971 87463 67473 39808 34255 89591 83527 31508 64790 74990 47177 66185 54488 93872 90638 64028 74026 16441 85688 51655 50003 87906 87730 56306 43307 38603 63568 77944 58225 90338 110786 73994 75695 24861 84679 58621 0 43090 46527 24249 88055 121694 99603 99991 33460 15061 33292 67921 48934 38603 32340 93776 13121 49307 63491 51515 31762 54037 69971 72733 47512 32093 54488 65528 26032
10313 80344 6476 90040 102875 100123 41972 90190 24293 40557 86996 66405 87211 60227 72031 4929 29268 43505 81494 94162 40456 60317 95232 17686 84339 12313 20060 75408 20964 107816 87594 72931 84211 40800 39483 36530 77008 43619 25932 79683 88108 65101 39102 27261 58072 35411 59070 62086 54131 53705 52771 55134 36044 35105 38987 96721 58774 94541 38525 89935 61169 45711 47841 57314 57989 82164 58503 100486 78452 17234 48653 38541 61794 64055 35749 40862 27594 108124 67897 31059 50554 88444 71790 46957 44555 94808 53960 77288 28062 45235 26696 26288 49141 105641 88572 12033 55100 99240 54389 57134 28997 64271 90482 97198 19537 66938 49165 65394 44469 36979 87382 24927 77421 36216 42159 75660 69271 64035 16047 65472 48305 97702 62339 90595 29622 32072 49304 54584 34610 77441 37981 91621 90007 81308 11784 49809 33105 47155 5004 99505 15868 88827 31301 69520 73022 106253 34276 37336 36684 30826 94951 35831 83372 40449 45667 87294 44204 45997 100623 86066 22915 18327 72016 54882 43887 44808 33904 58855 47657 93905 63847 67417 102681 32303 57020 63001 91255 46837 70791 84962 27263 17998 41099 67316 83608 34730 66548 82774 55487 52330 22636 90996 18456 43090 0 21800 54640 62385 94333 66409 60051 10313 55100 72031 106253 90595 41099 36216 94162 31301 6476 40800 39483 17234 41972 45997 32072 35105 72931 93905 28062 65101
26166 102037 21376 105587 108197 121422 20421 96152 29196 29582 108455 69843 98282 80043 79437 21201 51055 44268 101237 115008 35223 55085 101253 12902 88395 16544 19831 97019 19318 118630 90380 69671 106006 62578 60589 57590 97660 43442 47699 80043 92588 72146 59852 28993 79842 56625 80279 55794 55581 74978 74339 53636 18752 56000 59524 118477 79688 104292 37580 111175 82488 61583 48061 37159 79502 103063 79018 83067 83532 34604 67735 60020 81581 57564 54721 62577 49143 112610 46405 52749 72316 96560 77119 68519 61497 115933 74289 93576 47202 50274 21095 7197 66399 113069 103719 20339 61201 118523 56716 51768 17929 81420 109332 118205 8951 84017 70878 87170 66218 27298 84641 46119 93579 23199 58565 54834 72479 85583 8184 84995 69998 97794 41146 95254 50650 47944 48192 76062 33096 96510 46704 112347 110778 92198 10130 68862 54650 59777 24777 118448 16245 109634 33504 90847 57934 114257 55908 52401 56509 43467 99008 43183 101130 57693 39190 108000 65779 67640 119125 69165 7349 12539 93775 75602 31448 23651 32987 42130 69452 87755 83929 88788 110411 46499 55446 84496 98137 66912 92568 106092 9780 4372 59374 87031 63161 56527 87860 102960 77282 73921 21806 110815 37070 46527 21800 0 47457 83493 114487 85262 74441 26166 61201 79437 114257 95254 59374 23199 115008 33504 21376 62578 60589 34604 20421 67640 47944 56000 69671 87755 47202 72146
47725 121293 59554 144127 69330 143594 44921 59552 32617 18304 116923 33660 141670 110737 48561 49948 73068 18926 99935 118010 14204 8461 64172 59107 49577 42601 65916 108384 33853 88907 49352 23409 122216 84412 73989 71571 124548 17195 72624 36801 53925 42553 71610 75381 96092 71749 105484 8374 21495 100259 88279 14423 32157 69615 89392 135411 87754 73902 18543 134245 106836 100137 17310 69958 102658 128529 107491 57032 47251 49852 100874 76051 83703 10107 88761 85606 75963 72180 54608 72630 89451 63910 42646 92411 98623 139529 80371 131138 81389 27923 28605 41008 102937 77289 142827 42733 33991 113182 23825 5750 65171 74171 141617 142407 55985 120463 87278 102704 84082 20159 38032 75258 131338 24934 96483 80253 35139 107882 53488 116287 92306 52937 48598 56568 66672 86659 14339 99836 20924 128588 35100 138246 136526 66135 50781 71192 80568 101687 52467 111709 39222 135253 26148 100063 28499 79403 74334 91961 65591 85148 59001 88150 92165 94478 8984 110839 89885 90856 110595 43375 40191 38704 112381 103509 18089 57305 80173 26822 88173 40396 113618 112288 75410 86910 15028 107359 62933 73684 110746 111953 56066 46187 62350 87816 56437 78638 111844 131455 96256 96935 32008 108689 72717 24249 54640 47457 0 109024 142686 118221 114641 47725 33991 48561 79403 56568 62350 24934 118010 26148 59554 84412 73989 49852 44921 90856 86659 69615 23409 40396 81389 42553
63857 22061 62216 50120 127942 37998 103915 116160 76964 99929 43461 103509 65678 12848 99247 65009 36106 91840 57781 56673 95831 111664 120018 74366 115853 73111 70847 32817 80149 116777 121103 119573 29222 24654 37514 39043 15533 93047 37492 119321 117911 95366 40383 68836 21683 38343 3540 114366 98091 8876 28229 102938 98187 40815 24297 38409 37557 109574 90489 27713 3217 36330 95436 114298 7580 19904 7711 161325 109122 59466 21909 34298 48091 116269 31466 23426 34989 134335 129895 36397 23506 109433 103672 16617 32853 32448 42253 38890 37592 86903 85911 88642 29941 124863 50819 70716 90900 73215 96935 109192 82538 63898 35547 34816 78185 30626 25685 22280 26650 96138 131044 37478 39574 97075 35734 132959 106035 7565 76129 15445 16995 134876 124563 119496 42598 42330 98146 9393 88460 24416 77229 29554 27877 96519 73430 50021 29605 46707 61316 75622 76403 26649 82927 35366 132737 123803 34928 41834 46444 50282 124366 59981 71305 33740 100977 53195 19201 18180 79148 146760 85291 79993 17758 8836 103705 104344 73298 120104 22803 142097 10719 6552 121645 46225 104468 6239 114753 43773 18044 46850 85958 80146 53069 50637 145990 30411 5226 22771 17226 12426 80653 63421 47157 88055 62385 83493 109024 0 33699 20295 41241 63857 90900 99247 123803 119496 53069 97075 56673 82927 62216 24654 37514 59466 103915 18180 42330 40815 119573 142097 37592 95366
96927 31154 93147 39139 158098 19887 134749 146909 110496 133092 56701 136353 63436 34478 130873 97463 69661 125532 79262 70105 129391 145359 150386 104040 147616 105695 99405 52018 113147 143240 153052 153054 37570 58354 70686 72461 18171 126746 70635 152155 149321 127601 73487 95287 51273 71874 37235 148065 131594 42427 59197 136577 130376 74293 55348 34468 66131 138149 124160 17127 36103 57579 129103 141925 40513 15481 35897 194316 140948 93007 47126 67730 76131 149968 59914 57084 67754 164544 160525 70081 55683 139423 135852 50286 55748 14792 72407 36728 67302 120424 118980 120220 51031 153761 41607 103584 123917 90120 130368 142892 110586 92753 14454 13130 108153 38011 57974 47681 59847 129311 164175 69608 37418 129883 59067 160183 138785 36250 106680 29858 50623 167121 155577 150695 76289 68677 131829 43014 122053 20572 110791 8155 9322 125924 104683 81297 62627 65645 93892 93266 109099 10319 116565 58895 165974 152321 68612 66021 79659 75739 155518 83292 95154 58625 134569 70036 52801 51876 97458 179777 117143 112413 37192 39687 136807 133576 98259 152862 55816 175557 30566 31462 150614 71694 138086 36325 145050 75582 38867 63063 115516 111541 85783 76980 177582 64048 31550 11559 48708 46001 113817 81502 77422 121694 94333 114487 142686 33699 0 31002 53137 96927 123917 130873 152321 150695 85783 129883 70105 116565 93147 58354 70686 93007 134749 51876 68677 74293 153054 175557 67302 127601
70813 38176 64238 30739 145051 44939 105209 132883 85605 106529 62772 117650 45578 8992 115279 70152 46569 102611 78064 76324 104323 122067 137025 74117 131538 78400 69057 52814 86492 135864 136503 131674 46270 38033 52773 53444 19818 103535 45919 133302 133976 110669 55639 64444 41400 52298 21888 124487 110345 23985 46881 114267 102136 54868 28867 51928 56985 127821 100061 35764 23324 26577 106570 111101 26805 25897 14742 166881 124799 68640 17756 48968 67429 126451 30743 36066 42377 151358 130701 48096 41467 126820 118945 30522 24886 38383 60777 18716 38430 99248 92386 91429 20078 142818 31040 76853 104839 93418 109517 119286 79981 82569 24119 39256 78335 10853 43334 42575 42680 102821 144221 43006 19371 102590 28186 129269 120335 27746 77239 4899 32624 149744 126029 135766 54901 38164 109002 26684 97298 11281 89542 31991 30963 114424 75817 67438 38309 34986 66875 95875 81927 30278 92259 55656 139294 141972 47885 35131 61102 44904 140641 52296 91323 28058 109622 73258 31976 32319 99431 152475 88673 84735 36877 18047 110048 103215 67266 125244 39627 154087 9578 24966 139582 40915 115950 26514 131861 60896 37568 66748 85415 82694 68560 70415 148381 42015 23759 20606 36360 29237 87553 83656 48463 99603 66409 85262 118221 20295 31002 0 24434 70813 104839 115279 141972 135766 68560 102590 76324 92259 64238 38033 52773 68640 105209 32319 38164 54868 131674 154087 38430 110669
67489 61800 55766 31277 152780 69057 92752 140131 83041 100173 84663 121021 29623 28538 121771 64693 51342 101791 96285 97665 100438 119939 144715 61890 136984 72282 55566 73615 81001 148167 141349 131585 69681 48094 62206 61683 44252 102291 48512 135953 140020 116108 64696 48508 58769 60146 41222 121897 111218 40413 61795 113690 92827 62465 33796 76253 72564 138227 97786 60148 43526 14828 106054 93810 45398 50308 33692 157505 130411 68311 23149 58222 82231 123876 28662 45928 44739 158808 116864 53972 56032 135464 124058 43388 17480 62493 74278 20491 34522 100759 86653 81369 15240 152310 29290 71908 108392 113014 110890 116846 64734 95194 41998 63064 66198 15138 57215 62149 54646 96747 145375 43061 20260 95110 18633 111085 123861 48629 66292 28424 46399 153420 113021 142130 60306 27985 108001 43653 94228 32686 91553 55697 54861 124407 66482 78544 43382 15227 62310 115086 75792 54308 90127 74544 131718 151948 55276 22741 68715 30976 146908 34116 107477 21314 105684 93648 43307 44793 118234 143572 79483 77438 58975 34664 103217 88256 49301 116393 53079 153281 31922 47236 149093 28223 115519 47155 139855 72051 59276 87645 71990 72962 76614 86275 135815 49149 45894 44227 53260 45047 82669 103135 42001 99991 60051 74441 114641 41241 53137 24434 0 67489 108392 121771 151948 142130 76614 95110 97665 90127 55766 48094 62206 68311 92752 44793 27985 62465 131585 153281 34522 116108
0 79775 16789 96453 92605 100710 44462 79905 15552 36166 83233 56423 95572 63746 61721 6312 28253 34502 75071 89110 33635 52508 84940 26395 74195 10492 29943 72211 16295 97735 77578 64253 82709 40306 35246 32248 79083 34873 26371 70092 77916 54809 34163 37541 55971 31517 60382 54585 44652 54987 49621 46348 35391 30505 42212 95620 53952 84329 30309 90747 62170 52779 38819 63253 58482 83753 61120 97478 68239 8484 53283 35335 55423 56568 41036 40912 29188 97895 69609 29050 48498 78140 61578 47547 51028 95830 48257 83427 33694 35267 22068 28197 55249 95331 95217 7170 44900 92393 44729 49472 37609 55902 94540 98436 27078 72738 46763 63267 42423 32387 78392 27841 83637 33291 49052 80986 59299 64298 23132 69217 48256 88042 63590 80384 25450 39731 40595 55266 26925 81456 27704 93408 91734 71184 17972 42716 34333 55606 5771 92380 13103 90504 22642 65494 69056 95955 31815 45131 30413 39838 84779 45788 75410 46885 38947 82038 44827 46275 93172 82917 24219 17368 71093 57255 39889 49797 44139 56304 46108 85793 66957 68171 92375 40706 48205 63459 80945 40830 69697 80435 33926 21807 33333 60866 83476 34098 67473 85453 54310 52664 16905 84650 25559 33460 10313 26166 47725 63857 96927 70813 67489 0 44900 61721 95955 80384 33333 33291 89110 22642 16789 40306 35246 8484 44462 46275 39731 30505 64253 85793 33694 54809
44900 98065 61536 134102 47908 120797 69013 35385 32691 42767 88375 12822 137676 96242 18285 50467 58596 19229 68453 87217 32086 30120 40485 68190 29344 47514 73414 81778 41914 58667 33121 30750 97192 67194 53388 51978 106010 20919 60357 28506 33016 10998 50530 81896 73430 52879 87512 33290 12681 82963 65283 20082 54838 50326 77079 110033 61461 43818 25697 112507 88126 93659 17766 93959 83608 108723 91647 89604 23354 40863 89467 56695 54865 34455 79875 68991 64175 53032 85660 56784 68254 35428 16692 75242 90978 117826 54033 120901 74003 10936 40962 57696 94224 51895 133471 44926 0 80149 10367 29840 78007 42319 126026 120938 66995 109948 65961 78876 64261 41267 40275 65366 121283 47160 89857 107857 15570 87693 63234 101727 74065 45175 79241 35496 49965 82236 20163 81549 29490 113664 17353 118125 116403 33486 58505 44364 67031 98614 50640 78428 45925 115119 27717 73056 62139 53059 57023 87545 44464 83934 39884 90634 58895 87078 32863 80298 73270 73463 77035 76705 54667 48762 89459 87700 45417 79849 88218 59709 68199 52523 98063 92462 49211 84097 20335 87595 37016 48960 87710 82552 70973 57771 38176 57952 90126 62825 92382 113580 75264 78508 39400 76585 68532 15061 55100 61201 33991 90900 123917 104839 108392 44900 0 18285 53059 35496 38176 47160 87217 27717 61536 67194 53388 40863 69013 73463 82236 50326 30750 52523 74003 10998
61721 102665 78507 145450 31308 125058 86986 18518 50682 60166 88396 15532 151348 106393 0 67609 70652 37005 65387 84389 49586 42495 23392 86021 16756 65367 90967 84131 60129 40930 22333 36400 100353 77261 62530 61889 113582 38519 73260 25887 18710 7294 59650 99158 79600 63131 96088 45305 27771 92130 71735 34186 72784 60586 89031 112473 65392 25909 43704 117765 96232 107327 34691 112075 91703 115411 101257 100294 10204 56507 101315 66311 56634 45831 93119 79272 77034 37112 102310 68319 75802 17144 7584 84863 104300 122967 58593 132406 88033 29215 59239 75978 107037 33837 145121 62562 18285 73344 25663 43403 96069 40913 134792 126169 85021 121580 73581 83834 72990 59021 39188 78908 132859 64993 103583 125561 15347 94878 81204 111668 83134 36756 96009 20522 61676 96935 36425 90205 47664 123080 34140 124349 122670 18073 76367 49587 78957 113287 67334 70987 63979 121412 45985 75478 74953 34842 67780 102083 54264 99507 25384 106959 52373 100615 49511 78118 83303 83055 68700 88660 72947 66963 94629 97484 62457 98018 105624 75276 76561 53794 107600 99687 31047 99223 33564 95061 19225 55534 92868 81801 89199 75941 46720 58108 104857 73926 99845 121339 82522 87231 57630 71981 83803 33292 72031 79437 48561 99247 130873 115279 121771 61721 18285 0 34842 20522 46720 64993 84389 45985 78507 77261 62530 56507 86986 83055 96935 60586 36400 53794 88033 7294
95955 121869 112716 172690 14718 142664 120917 19882 85509 93517 101578 46423 181517 132984 34842 101998 100733 71167 76345 93126 83240 71865 15670 120757 30253 100139 125532 101338 94958 16237 32503 60532 117546 104947 90176 90361 136510 72502 104056 45389 26154 42120 87508 133495 102474 91853 121079 74002 60828 118041 95593 65925 106749 89493 118310 127822 86726 14240 77988 137195 120612 138069 68295 146212 116291 137025 127345 123231 32298 90053 130115 94171 76373 73838 123685 107096 107658 18577 134011 98000 100670 17852 37879 111659 134711 142005 81555 160082 119526 63992 93893 110638 136817 3227 172769 97244 53059 75964 59054 73741 130895 59990 158721 145216 119839 149633 98698 104780 99432 92829 54169 110140 160620 98847 134455 158832 44472 118118 116006 137826 109368 40365 127968 23811 91876 128941 69480 115573 82132 148214 68712 144948 143393 27643 111129 74582 108566 145044 101433 72666 98812 142222 80774 93627 102156 0 96717 133847 83234 132346 23613 140452 59952 131335 82306 88729 110651 109906 68856 113993 107699 101798 115129 123930 95334 132304 140054 105999 102345 67906 133370 122740 4002 131625 64774 118663 16608 81166 113462 94383 124026 110782 75335 75379 133639 102893 123209 144249 106577 112832 92453 79121 116557 67921 106253 114257 79403 123803 152321 141972 151948 95955 53059 34842 0 23811 75335 98847 93126 80774 112716 104947 90176 90053 120917 109906 128941 89493 60532 67906 119526 42120
80384 121859 97031 165969 13057 143965 99610 5738 67783 71910 105648 25436 171671 126866 20522 85954 91117 51065 81396 99950 62127 48693 8159 103261 7071 82657 108722 102618 76318 37116 8863 36754 118990 97761 83000 82402 133623 52089 93627 21580 2705 26137 80128 117329 99473 83651 116386 50625 39945 112524 91743 43879 85624 81107 109526 130661 84784 24672 57873 137098 116447 127613 47580 125012 111932 135215 121685 99669 12145 75947 121824 86804 75451 50328 113468 99780 97417 17559 111027 88818 96005 15383 18807 105320 124651 142229 78288 152927 108199 45774 74297 90831 127469 21225 165643 80265 35496 86105 38591 50833 112625 59068 155037 145447 101753 142100 93811 103317 93385 71705 31163 99171 153381 77686 123851 136647 22911 114903 98122 132116 103538 20658 105127 0 82151 116907 48193 110533 62273 143450 52735 143975 142316 28187 93579 69601 99445 133292 86114 83257 80772 141073 62050 94136 78384 23811 88301 122121 74782 119095 4878 126070 66533 120919 60453 94282 103793 103513 80199 90200 88298 83143 114086 117935 73314 111428 123586 82819 96894 45626 128009 119700 20031 119028 42498 115149 10076 75726 112335 98748 105000 92190 67208 76191 109945 94446 119912 141399 102629 107578 73766 86641 103514 48934 90595 95254 56568 119496 150695 135766 142130 80384 35496 20522 23811 0 67208 77686 99950 62050 97031 97761 83000 75947 99610 103513 116907 81107 36754 45626 108199 26137
33333 60328 46429 98819 76820 83033 76294 64452 36219 59804 54930 50575 106196 59676 46720 39100 25492 43527 42289 58012 51888 62696 68753 58750 63073 43017 60648 46035 44732 72493 68182 68035 60283 30557 15827 15278 67963 45175 29168 66384 65422 42368 12937 65994 35373 16650 49774 65732 46942 45557 27228 52919 64861 14204 43059 73406 25415 61691 44824 74470 50189 62818 46167 96526 45649 70553 54596 118806 56328 24850 55088 19595 23147 67447 48440 32594 32581 83039 99971 22680 30100 59019 50678 38165 59399 79799 18113 85845 44903 36164 48647 60397 61506 75719 98577 39215 38176 59191 45404 60874 70080 23350 88492 82882 60097 75102 27809 41223 26484 56387 78450 35482 86321 60026 59264 114026 53038 49540 56246 64971 36556 81824 93604 67208 16887 54687 49178 43827 44773 76510 27374 79951 78228 47838 51184 9876 33234 70305 36373 59075 44426 76944 39008 37751 89660 75335 21467 59245 7899 59347 72083 68799 42286 56105 56110 50762 36585 36357 59844 104584 56359 48969 51576 50788 63672 82882 72774 81000 30267 90341 60968 54321 72496 57860 54150 49482 63704 11402 49849 50587 67219 55002 0 28294 110954 27670 54280 75600 37097 40809 43590 51854 44056 38603 41099 59374 62350 53069 85783 68560 76614 33333 38176 46720 75335 67208 0 60026 58012 39008 46429 30557 15827 24850 76294 36357 54687 14204 68035 90341 44903 42368
33291 112861 39432 125742 90735 133987 22070 79591 23809 6632 114046 52612 120452 96159 64993 32521 61517 28005 101794 118036 15624 33068 84559 35664 70629 24252 42641 103780 17055 105783 71608 48026 115393 73563 66923 64041 112191 26481 59591 60041 74981 57903 65251 52004 88571 63635 93619 33297 38053 88217 81665 34003 7940 62138 74695 128441 84204 90849 21494 124038 95446 81305 30554 47406 91773 116979 93991 64459 66804 39207 84839 67741 83149 34944 71965 74203 62195 94412 40661 62129 81226 81868 60969 80832 80503 129120 77539 113198 64278 36881 11712 16326 85197 97190 124115 26360 47160 117522 39795 29856 40490 78286 126626 131715 32065 103018 79343 95764 75249 6019 62854 60316 113292 0 77917 60702 54881 97575 30219 101497 81531 77136 34155 77686 57708 67485 29527 88554 18245 113562 37918 126606 124943 80467 28772 69871 67484 81093 36007 116760 20793 123721 22553 96349 36845 98847 64685 72471 60206 64451 80862 65721 97909 76449 17743 110788 78107 79566 116575 49960 16362 17929 104097 90208 8335 33752 56186 23030 79077 64824 99614 101462 94872 66891 35588 96747 82277 70114 102646 110333 31248 22891 60026 88151 51179 67366 100757 118357 87331 85954 17126 111219 54543 32340 36216 23199 24934 97075 129883 102590 95110 33291 47160 64993 98847 77686 60026 0 118036 22553 39432 73563 66923 39207 22070 79566 67485 62138 48026 64824 64278 57903
89110 40481 97673 103110 102976 54560 133411 94787 94227 117673 13854 96239 121865 69519 84389 93828 66574 99206 19044 0 109193 116475 96592 111163 99669 99484 110750 24078 102429 80419 105467 117418 32847 58408 54686 57632 60700 101040 71052 110037 99598 84808 55177 112816 41121 58784 56443 119664 99113 57860 42815 106204 122677 59098 70993 38024 35391 80266 101835 52992 54174 90165 100843 151470 52435 57715 64017 175041 94071 80998 76031 56043 34950 121089 79925 59750 71771 109132 157759 64003 47098 85464 91497 57843 86244 56358 40925 93994 82206 90190 106606 117216 84757 95400 104548 95819 87217 20439 97024 115387 121912 44951 81467 59197 113629 87043 47454 35916 52157 114328 123368 75886 94735 118036 88335 169704 97632 49144 110207 71448 54802 119865 151452 99950 64551 90845 103898 54682 102370 76120 83364 61951 60894 71820 105659 48195 67608 100569 90372 23829 101458 60094 96733 25695 146221 93126 60659 92694 58787 98396 104139 109064 33668 85497 112950 7261 59443 57268 28206 161199 113192 105990 39456 63142 121503 138612 118879 138751 50673 137578 66977 51360 92669 95022 106932 50578 91520 48417 38784 10254 121425 110724 58012 30293 168919 62673 52591 66754 46267 54128 101461 14038 87944 93776 94162 115008 118010 56673 70105 76324 97665 89110 87217 84389 93126 99950 58012 118036 0 96733 97673 58408 54686 80998 133411 57268 90845 59098 117418 137578 82206 84808
22642 95901 37212 118834 74894 117964 42863 62709 7110 20987 93859 36813 118131 84655 45985 26372 46926 12252 79880 96733 13263 30012 67816 41359 55323 21090 47189 84383 14298 85750 57805 41710 97360 58355 48670 46077 98441 12330 46521 48787 59418 38690 46501 56214 70840 46098 79387 32273 23288 74141 63273 23852 29187 44111 63397 110558 64103 71158 7814 108457 80789 75399 16573 67051 76662 102507 81347 80409 50175 23723 75071 50397 61793 34248 63285 59502 49918 79531 63193 46557 63937 63126 43689 66310 73552 113714 57024 105734 56140 16781 13594 30140 77656 79566 117679 19510 27717 95197 23951 27091 50591 55841 115528 116544 39704 94942 61830 77695 58372 17848 56082 49425 105973 22553 71657 82109 39564 81996 36109 90215 66289 66841 56679 62050 40773 62357 18040 73783 5853 102519 15421 112230 110513 59655 31736 48626 54442 78105 28020 94343 18810 109246 0 76440 51235 80774 48384 67752 40762 62039 65998 66866 75393 69418 18153 89473 63765 64776 94074 66001 26976 21150 86992 77363 24779 52817 62125 42032 62432 63153 87489 86330 76916 63190 25732 81419 64634 49846 85403 89588 43282 30199 39008 66555 72290 52523 85847 105314 70607 70908 11753 89197 48193 13121 31301 33504 26148 82927 116565 92259 90127 22642 27717 45985 80774 62050 39008 22553 96733 0 37212 58355 48670 23723 42863 64776 62357 44111 41710 63153 56140 38690
16789 81267 0 86311 109336 100191 41761 96658 30327 44410 89793 72742 82120 58736 78507 11123 31561 49461 85842 97673 45481 65633 101702 13523 90744 16985 14222 77954 25706 114148 93938 78631 85676 42310 43121 40270 76286 49464 27593 85825 94535 71573 43107 20834 60166 38986 59052 67240 60256 53798 55550 60942 38007 39046 38160 97861 62402 100951 44186 89923 61319 41877 53785 54354 58509 81713 57642 102956 84890 23361 46583 41661 66232 69192 33541 42040 28418 114566 67712 33810 52746 94911 78228 47632 41203 94632 58117 73818 25932 51584 31106 27202 45984 112113 84689 17710 61536 103760 60595 62397 24356 69741 88353 96870 16521 63786 51583 67407 46787 41019 93212 25066 73896 39432 38526 72961 75602 64612 13957 63762 49346 103864 62521 97031 33546 28054 55103 55042 40097 75433 44449 90975 89409 87671 11589 54725 33848 42201 11325 104183 20335 88270 37212 72596 76213 112716 37136 33067 41389 25602 101368 29667 88560 37213 50575 90954 44929 46892 105481 88696 24495 21671 73233 54243 47467 42763 27525 61391 49613 99267 62583 67642 109150 27616 62834 63468 97731 51242 72125 88216 24511 18471 46429 71755 84441 36539 66676 81611 57072 53049 27690 95259 15805 49307 6476 21376 59554 62216 93147 64238 55766 16789 61536 78507 112716 97031 46429 39432 97673 37212 0 42310 43121 23361 41761 46892 28054 39046 78631 99267 25932 71573
40306 39671 42310 68286 107262 60431 82748 94977 52558 75950 48607 79953 77178 29211 77261 42481 12054 67199 51283 58408 71352 87017 99210 55595 93508 50188 53809 36441 56514 100256 98499 95188 43452 0 14876 15418 40186 68395 14881 95700 95951 72659 17688 54726 18204 14344 21119 89712 73704 16062 16025 78368 75451 16914 14768 55929 26169 90965 65871 50554 22434 35979 70830 96515 18381 44159 24454 137392 86769 35107 25351 10970 34744 91617 22893 2176 14096 113523 108610 11803 11329 89226 80945 8165 32098 55709 26411 55377 23854 62511 62129 66832 32898 105582 68110 47391 67194 69191 72643 84538 65435 47112 58924 58422 58831 44746 11114 25249 7002 72163 107045 18005 55874 73563 33066 115186 82583 24027 56067 34610 8010 111854 102915 97761 17975 32966 73516 15428 63947 46470 52795 53882 52169 77304 52481 30644 9264 45366 38692 70612 53255 50905 58355 32723 108588 104947 10356 35718 23080 40187 102633 50860 60216 29864 76454 52501 6092 6487 73119 122824 63182 57191 31224 20511 79787 85035 60593 96531 7792 117713 30869 28099 102344 37063 79924 23269 94103 24074 29991 48327 66820 58781 30557 39345 123557 6219 27537 47311 14767 12577 56772 59591 30015 63491 40800 62578 84412 24654 58354 38033 48094 40306 67194 77261 104947 97761 30557 73563 58408 58355 42310 0 14876 35107 82748 6487 32966 16914 95188 117713 23854 72659
35246 47314 43121 83145 92393 69647 79667 80136 43976 68142 48003 66002 91583 43867 62530 39399 13710 55818 43188 54686 61933 75563 84344 56553 78898 45737 56604 37036 50180 85973 83988 82418 48778 14876 0 3007 52673 57234 18362 81811 81237 58159 2898 59874 22173 4139 34144 78440 61004 29773 14766 66315 70242 4797 28411 61952 19313 76257 55630 60501 34749 49142 59057 96797 30244 55699 38772 128998 72154 27860 39948 4002 24148 80269 35051 16982 20678 98662 104823 10597 15527 74355 66466 22339 45465 65821 15527 70252 33252 49883 55212 63397 46971 90761 82985 42291 53388 61308 59714 73371 67457 33436 72787 68795 58945 59608 13310 29081 10876 64450 93567 24489 70749 66923 45836 115095 68546 34648 55530 49146 20788 97550 98743 83000 9939 43177 61924 28181 54496 60707 40381 65274 63543 62537 51048 16473 19380 57625 35831 62098 48166 62256 48670 30298 99861 90176 7740 47038 8973 49172 87877 59458 48852 42603 66721 47869 20823 20531 63925 114523 59448 52566 38400 34962 72062 84087 66371 89311 14869 104898 45150 39329 87525 46874 67733 34403 79230 10313 36780 45528 66743 56377 15827 29513 117983 13244 39145 60202 22480 25144 49800 52419 35541 51515 39483 60589 73989 37514 70686 52773 62206 35246 53388 62530 90176 83000 15827 66923 54686 48670 43121 14876 0 27860 79667 20531 43177 4797 82418 104898 33252 58159
8484 73822 23361 95877 87735 95347 52417 74951 17498 40992 75599 53128 97219 60944 56507 14404 23363 34132 66662 80998 36384 53428 79892 34429 70121 18522 37293 64880 22335 90871 73968 63691 76187 35107 27860 24924 74933 34950 22807 67715 73594 49932 26449 44087 49365 24442 55935 55857 42943 50628 42530 45953 42399 23063 39778 89249 46046 77902 31479 85597 57468 53485 38236 71722 53488 79201 57644 102372 63862 0 51660 28534 47051 57817 40428 36078 26263 93290 77145 23360 42045 72370 57261 42876 51177 90787 40081 82695 33802 32481 27532 36225 54932 89642 94889 14823 40863 83926 42579 50654 45733 47529 91811 93523 35412 71804 40140 56559 36118 37223 77141 26128 82978 39207 49678 89388 56001 59050 31504 66509 43112 85362 70992 75947 18502 41472 40504 50469 29064 78813 23581 88918 87214 64471 26387 34258 30720 57813 12240 83898 20517 85957 23723 57834 73493 90053 25641 46827 22212 43149 80515 50493 66969 47122 41572 73880 40266 41417 84691 87813 32197 25021 65003 53668 44871 58203 50836 61891 40021 85843 63768 63206 86602 43235 47712 58357 75614 32609 63518 72516 42388 30237 24850 52470 90150 29089 62635 81693 48288 47679 22104 76245 27669 31762 17234 34604 49852 59466 93007 68640 68311 8484 40863 56507 90053 75947 24850 39207 80998 23723 23361 35107 27860 0 52417 41417 41472 23063 63691 85843 33802 49932
44462 122315 41761 124029 112643 141838 0 101629 41644 27728 127670 74651 114406 100278 86986 40593 71045 49982 118580 133411 37684 53376 106578 31250 92543 33990 37200 116506 31865 127680 93282 68311 126092 82748 79667 76662 118039 48512 67897 81326 96907 79849 78624 44825 99705 75849 100698 52890 60113 95391 93835 55775 14203 74951 79921 138677 98389 112794 43325 131595 102899 80742 52624 25402 99873 123471 99390 65912 88848 52417 87835 79485 99195 54220 74878 82834 69486 116151 25987 72533 92172 103911 83039 88869 81025 136354 92489 112474 67449 58487 29509 16270 85965 119250 121981 37601 69013 135257 61866 50412 29255 96821 129190 138620 26956 103335 90626 107041 86056 28088 82694 66527 112418 22070 77964 39248 76878 105944 28070 105142 90275 97856 20838 99610 69793 67414 51543 96442 39641 116484 58122 132731 131168 102095 30512 86093 74999 77690 44346 134852 31982 130030 42863 109945 44609 120917 75590 71495 74625 62090 102661 59691 116650 77371 39240 126281 86123 87951 135098 52991 20250 27436 113972 96003 26880 12460 46500 28338 89433 82269 104216 109193 116941 65502 57263 104873 104345 85005 112726 124875 20830 23975 76294 104508 43292 76634 108272 123243 97380 94261 33510 128148 57345 54037 41972 20421 44921 103915 134749 105209 92752 44462 69013 86986 120917 99610 76294 22070 133411 42863 41761 82748 79667 52417 0 87951 67414 74951 68311 82269 67449 79849
46275 34409 46892 62878 112733 54475 87951 100571 58900 82128 46368 86189 73245 23370 83055 48050 18136 73685 52282 57268 77731 93501 104706 59884 99424 55935 57496 34149 62545 104548 104491 101636 38958 6487 20531 21515 33713 74878 20216 101962 101763 78652 23420 57459 16149 20591 14642 96193 80149 9594 17086 84849 81178 23137 13739 50970 27850 95823 72318 44473 16051 34064 77315 100664 12208 37785 18267 143572 92680 41417 21650 16863 37452 98099 22659 5372 18516 119039 113893 18226 11378 94535 86954 1808 30085 49564 29706 50176 25638 68955 68223 72218 29938 110661 62871 53286 73463 69767 79066 91017 69234 51171 52576 52211 63339 39813 12421 22283 10480 78338 113405 21910 50714 79566 31658 119377 88794 18112 60803 28615 2624 117966 108309 103513 24460 33645 80003 9055 70340 40261 59247 47505 45798 82296 57511 35331 13044 44077 44281 71477 59094 44541 64776 31967 114841 109906 16824 35476 29136 41356 108390 51967 62696 28624 82853 51893 2231 0 74294 129002 68664 62910 26384 14431 85945 89634 62948 102571 8286 124162 24668 21904 107423 37834 86401 17198 99546 28741 25364 47033 71296 63986 36357 41516 129227 12333 21254 40825 11314 6402 62899 59982 33361 69971 45997 67640 90856 18180 51876 32319 44793 46275 73463 83055 109906 103513 36357 79566 57268 64776 46892 6487 20531 41417 87951 0 33645 23137 101636 124162 25638 78652
39731 64028 28054 58257 128227 79150 67414 115449 55252 72349 79942 94596 55922 34713 96935 36712 29815 74195 84150 90845 72458 92043 120242 36177 111336 44327 30896 67750 53030 127149 115356 103973 70309 32966 43177 41561 53622 74602 25614 109097 114648 90772 44931 26900 49772 39887 40055 93955 83988 35912 48987 86066 65766 41622 20101 80647 58969 115790 69947 68951 42710 13826 78494 73340 41669 59655 35741 130724 104936 41472 21846 39693 66650 95933 11290 31328 22595 134018 92661 32938 43977 111768 98414 33282 13611 72980 57981 45827 9948 73871 58711 54547 18552 128943 56655 43929 82236 102130 83823 88926 41910 76253 61893 74688 40458 36074 44060 55782 39835 68872 117995 19235 45883 67485 10622 91756 97467 47310 39780 38835 36187 126818 88158 116907 37816 0 80324 38433 66309 49420 65036 68018 66639 101940 39198 59264 24479 16393 34411 103476 47851 65654 62357 65332 104258 128941 35442 5408 47128 8004 121575 18370 91879 10107 77700 85245 31441 33645 105843 116571 52276 49670 57705 33498 75487 65053 30975 89281 40402 125475 38991 48725 125787 4190 87915 45857 115647 53468 57162 80634 47314 45914 54687 71650 110697 30517 47479 57485 44886 37829 54685 92556 14175 72733 32072 47944 86659 42330 68677 38164 27985 39731 82236 96935 128941 116907 54687 67485 90845 62357 28054 32966 43177 41472 67414 33645 0 41622 103973 125475 9948 90772
30505 51793 39046 84866 90957 73980 74951 78522 39271 63415 52728 63062 92024 46103 60586 34799 11832 51640 46861 59098 57365 71442 82886 52377 76699 40996 52765 41827 45383 86151 81635 78779 53473 16914 4797 1966 56181 53000 16106 78827 79236 55804 4067 56528 26770 2572 37358 74273 57307 32662 19532 62370 65448 0 28855 66629 23716 75771 51185 64683 38209 48842 55004 92384 33781 59505 41341 124363 69968 23063 40909 6571 27414 76125 34511 18808 19073 97146 100055 8779 19851 73221 64077 24917 45339 69987 19092 71823 31689 46131 50427 58681 47325 89911 84545 37525 50326 64883 56122 69168 63400 34653 75709 72915 54624 61023 17720 33777 14582 59712 90306 22479 72283 62138 45361 110611 65680 38542 51136 51521 23847 94942 93964 81107 5508 41622 57821 31423 49918 63359 36508 69148 67417 61943 46561 17736 19093 56735 31288 65494 43390 66133 44111 34994 95247 89493 7267 45855 6356 47069 85970 57092 51315 42167 62210 52193 23006 23137 67102 109871 54720 47803 42883 37417 67333 79550 63129 84562 18685 101296 47756 43128 86686 45100 63840 38178 77868 12633 41293 50093 62360 51761 14204 32901 113188 13471 42846 63583 26651 28390 45013 56231 32701 47512 35105 56000 69615 40815 74293 54868 62465 30505 50326 60586 89493 81107 14204 62138 59098 44111 39046 16914 4797 23063 74951 23137 41622 0 78779 101296 31689 55804
64253 128323 78631 159557 48568 151047 68311 40987 48810 41464 119081 21653 159817 123489 36400 68012 85161 29796 98476 117418 34530 15005 44864 80469 30416 61879 87003 112489 53568 72527 28402 0 127769 95188 82418 80595 134959 29395 85886 15249 34382 33303 79669 96384 103397 81232 116093 15566 21487 111230 95259 17908 55480 78779 103027 140681 92079 58216 34446 142476 116987 116791 25537 93225 112544 138115 119424 64410 30700 63691 115170 85332 85607 14600 104106 96764 89569 50429 75625 83939 97736 47718 28916 103351 114724 147808 84615 146363 97281 32681 49327 63661 118600 57977 158579 60976 30750 108667 22711 18170 87579 72487 153987 150872 77776 135450 95452 109164 93216 42734 14971 89799 146656 48026 113014 102640 21096 117057 74868 129059 102582 29617 70095 36754 77300 103973 23674 110182 38603 141260 42393 147666 145935 54220 71462 74945 93365 119809 69721 106564 58907 144649 41710 103779 41630 60532 84833 109378 73462 103727 38076 108114 87384 110624 30579 110632 101119 101636 104586 53830 62322 59500 119606 115416 41498 80710 101684 47285 97270 22527 125787 121747 56679 104894 16067 116818 45037 79175 117873 113161 78728 67813 68035 88581 73238 90120 121545 142344 104763 107156 51269 106130 89798 32093 72931 69671 23409 119573 153054 131674 131585 64253 30750 36400 60532 36754 68035 48026 117418 41710 78631 95188 82418 63691 68311 101636 103973 78779 0 22527 97281 33303
85793 150524 99267 181698 53613 173258 82269 51164 70243 58258 140197 41555 181098 145955 53794 89046 107620 51729 118536 137578 53934 33634 53266 99501 41759 82302 106296 134185 73677 82572 37010 22527 149707 117713 104898 103105 157473 51061 108235 27942 44210 52784 102133 115760 125713 103754 138618 32226 44014 133757 117566 39895 71311 101296 125375 162507 113970 70114 55529 164811 139501 138546 47614 105580 135052 160585 141933 57287 45295 85843 137450 107844 106990 30346 126165 119284 111885 52687 83004 106441 120169 60077 46352 125877 136630 170140 106554 168530 119189 55208 68778 81120 140624 64838 180647 81873 52523 127127 45189 36887 105308 92975 176495 173221 96360 157647 117881 131341 115712 60497 14927 111971 168804 64824 134796 111729 39965 139521 93882 151530 125106 28124 78625 45626 99818 125475 45397 132705 59297 163746 64918 170114 168384 69990 91063 96886 115784 141036 91074 124720 79085 167098 63153 125443 44503 67906 107358 130859 95934 124705 44428 128314 106150 132507 49115 131017 123639 124162 122288 51336 80538 78968 141860 137924 57051 94640 120560 56433 119758 0 148290 144225 64639 126141 38165 139301 55584 101371 140119 134024 96063 86583 90341 109590 75030 112623 144036 164867 127198 129678 71586 125597 111328 54488 93905 87755 40396 142097 175557 154087 153281 85793 52523 53794 67906 45626 90341 64824 137578 63153 99267 117713 104898 85843 82269 124162 125475 101296 22527 0 119189 52784
33694 58291 25932 62759 119259 75445 67449 106514 49138 68482 71896 86567 63674 32842 88033 32061 19872 67527 74661 82206 67245 86129 111236 37023 102832 40218 33255 59665 48573 117395 107050 97281 63881 23854 33252 31613 50792 68129 15750 101434 106007 82082 34984 31985 41436 29939 34773 88263 76736 29936 39814 79425 63714 31689 13410 75057 49486 106239 63902 65144 37282 19709 71747 76714 35361 56454 32179 128469 96335 33802 20700 29822 56861 90246 7697 22458 12648 125145 93269 22991 35115 102505 89892 25652 17446 69605 48174 49750 0 66237 54436 53122 21555 119615 61546 39030 74003 92719 76377 83132 44958 66309 62542 71654 41009 39139 34949 47903 30512 64835 110920 9433 49949 64278 15898 95388 89417 41343 39383 37830 28258 118941 88276 108199 28016 9948 73807 31928 60619 49562 57056 65476 63960 92375 37516 49316 14917 25522 29059 93962 43773 62863 56140 56547 101074 119526 25513 14362 37270 16399 112923 27043 82012 13345 72553 76355 23410 25638 96227 114087 50270 46375 51175 29100 71896 66926 37317 86833 31535 119189 36770 43571 116439 13661 81231 40003 106544 43533 50407 72071 48607 44397 44903 61931 110346 20774 42451 55794 36933 30716 49872 83239 10136 65528 28062 47202 81389 37592 67302 38430 34522 33694 74003 88033 119526 108199 44903 64278 82206 56140 25932 23854 33252 33802 67449 25638 9948 31689 97281 119189 0 82082
54809 100216 71573 140555 37848 122808 79849 25105 43438 53232 87682 11658 145611 101868 7294 60611 65316 29898 65773 84808 42598 37155 30131 78833 20971 58166 83863 82469 52840 47890 25842 33303 98453 72659 58159 57240 110035 31470 67646 25682 23929 0 55261 92148 76444 58373 92111 40131 21282 87920 68421 28136 65654 55804 83806 110898 62979 32949 36532 115111 92430 101540 27822 104879 87887 112204 96916 95959 14314 49932 96162 61802 54965 40886 87451 74603 71450 43362 95702 63150 72108 24437 8311 80458 98629 120371 55868 127436 82082 21922 51959 68694 101552 41054 140115 55417 10998 75367 19054 37678 88819 40250 130843 123547 77779 116546 69846 81162 68845 51956 38852 73097 127864 57903 97769 118543 12824 91415 73977 107233 78922 39544 89351 26137 56403 90772 29765 86176 40433 118865 27130 121341 119641 23598 69168 46486 73705 107156 60470 73268 56726 118371 38690 73733 69727 42120 62878 95984 49579 93051 30841 100259 54095 94861 42812 78235 78742 78652 71355 83807 65654 59678 91929 93067 55656 90796 98571 69038 72573 52784 103304 96227 38305 92918 27766 91494 26297 52019 90165 81360 81910 68663 42368 57100 98988 68940 96297 117741 78974 83165 50340 73062 77424 26032 65101 72146 42553 95366 127601 110669 116108 54809 10998 7294 42120 26137 42368 57903 84808 38690 71573 72659 58159 49932 79849 78652 90772 55804 33303 52784 82082 0
