StringID  Type  x          y          demand  ReadyTime  DueDate  ServiceTime
D0        d     6420.45     3099.80     0.0     0.0        32400.0  0.0
C1        c     -23244.14   50213.87    103.0   4254.0     23362.0  206.0
C2        c     -30466.24   39068.20    325.0   4404.0     24321.0  650.0
C3        c     56334.20    2250.32     156.0   4847.0     23799.0  312.0
C4        c     -56355.05   -62865.65   558.0   2705.0     22514.0  1116.0
C5        c     30898.76    169.40      264.0   4027.0     24241.0  528.0
C6        c     -38691.18   18037.01    135.0   3409.0     22912.0  270.0
C7        c     23533.07    33728.38    246.0   2153.0     21415.0  492.0
C8        c     64892.15    25188.86    243.0   4481.0     24336.0  486.0
C9        c     -62772.04   12793.53    753.0   1987.0     22078.0  1506.0
C10       c     4156.16     -5494.80    604.0   5243.0     26207.0  1208.0
C11       c     -71413.23   -52195.92   724.0   2918.0     23329.0  1448.0
C12       c     -47996.82   -16647.06   547.0   4473.0     25134.0  1094.0
C13       c     -342.26     8815.40     374.0   2839.0     21753.0  748.0
C14       c     39477.24    -37337.74   705.0   3387.0     23869.0  1410.0
C15       c     64230.56    -33866.96   438.0   4794.0     24169.0  876.0
C16       c     -23167.22   21792.24    686.0   2619.0     22099.0  1372.0
C17       c     -61259.75   -65323.40   361.0   4467.0     24802.0  722.0
C18       c     85192.83    -35489.58   341.0   3720.0     24296.0  682.0
C19       c     79529.78    -33308.75   751.0   2336.0     23072.0  1502.0
C20       c     41708.37    36783.31    428.0   970.0      21255.0  856.0
C21       c     65972.07    1851.78     206.0   2465.0     21825.0  412.0
C22       c     42331.83    26427.54    309.0   862.0      20301.0  618.0
C23       c     7671.75     9242.64     368.0   1678.0     22275.0  736.0
C24       c     39784.53    -12149.82   735.0   5135.0     25605.0  1470.0
C25       c     78235.71    -35877.53   787.0   4086.0     24854.0  1574.0
C26       c     -12619.73   -15776.97   768.0   2322.0     23423.0  1536.0
C27       c     45002.55    -1354.06    828.0   2144.0     23632.0  1656.0
C28       c     -60947.93   40317.24    411.0   3887.0     24462.0  822.0
C29       c     -43773.90   12177.11    587.0   1800.0     22863.0  1174.0
C30       c     14516.25    24099.11    793.0   2298.0     23695.0  1586.0
C31       c     25474.01    -50750.77   553.0   905.0      21287.0  1106.0
C32       c     53685.80    -7343.82    713.0   4026.0     25342.0  1426.0
C33       c     22453.88    -54186.57   654.0   3115.0     23344.0  1308.0
C34       c     -60462.18   -11861.08   547.0   5170.0     24920.0  1094.0
C35       c     71394.61    -12213.19   428.0   649.0      19647.0  856.0
C36       c     -627.97     -10125.03   574.0   4627.0     25192.0  1148.0
C37       c     57927.44    53414.47    600.0   1417.0     21978.0  1200.0
C38       c     8556.89     -35388.66   764.0   4220.0     25548.0  1528.0
C39       c     39832.46    1138.90     367.0   2517.0     22652.0  734.0
C40       c     15532.29    -68340.15   598.0   1153.0     21800.0  1196.0
C41       c     -83135.33   22538.34    502.0   2018.0     22378.0  1004.0
C42       c     24277.98    -7968.85    588.0   2631.0     22942.0  1176.0
C43       c     712.86      4432.97     381.0   4817.0     25229.0  762.0
C44       c     9811.48     -4832.90    462.0   3265.0     23961.0  924.0
C45       c     35613.70    20520.53    820.0   1465.0     21326.0  1640.0
C46       c     -34996.50   38545.36    335.0   3611.0     22481.0  670.0
C47       c     22332.96    10436.73    322.0   2123.0     22584.0  644.0
C48       c     14690.35    16728.56    313.0   868.0      20531.0  626.0
C49       c     -38.73      -17757.17   355.0   917.0      19733.0  710.0
C50       c     -46121.07   17.87       256.0   4008.0     23131.0  512.0
C51       c     -2440.05    -6629.67    458.0   910.0      21455.0  916.0
C52       c     5328.55     34238.02    336.0   3088.0     22572.0  672.0
C53       c     -36245.23   -57215.50   101.0   4661.0     23493.0  202.0
C54       c     14820.00    32411.73    751.0   3955.0     25104.0  1502.0
C55       c     77229.41    -15544.68   115.0   706.0      19448.0  230.0
C56       c     58432.12    64203.28    226.0   1151.0     21078.0  452.0
C57       c     29920.54    -16364.74   406.0   2213.0     22424.0  812.0
C58       c     -74.47      -5504.70    345.0   3388.0     22545.0  690.0
C59       c     -74090.50   -12020.98   354.0   3163.0     22655.0  708.0
C60       c     -59303.54   12793.15    613.0   692.0      20510.0  1226.0
C61       c     13256.83    10616.64    354.0   4520.0     24930.0  708.0
C62       c     -61769.66   66354.37    146.0   4008.0     24043.0  292.0
C63       c     23824.71    -12908.84   178.0   1880.0     21192.0  356.0
C64       c     28077.01    6707.39     698.0   1353.0     22661.0  1396.0
C65       c     39131.40    17046.10    807.0   2199.0     23783.0  1614.0
C66       c     -81768.02   44791.44    719.0   2417.0     23128.0  1438.0
C67       c     64394.30    1671.68     715.0   1236.0     21904.0  1430.0
C68       c     -17118.94   55897.56    564.0   4271.0     24977.0  1128.0
C69       c     -33195.72   14677.45    623.0   1448.0     20787.0  1246.0
C70       c     -4225.58    -22315.24   737.0   1531.0     21190.0  1474.0
C71       c     -51677.50   1519.96     482.0   3025.0     23646.0  964.0
C72       c     -34840.38   18110.94    566.0   5301.0     26299.0  1132.0
C73       c     -8125.70    -38557.80   749.0   3542.0     23338.0  1498.0
C74       c     46266.50    80272.56    696.0   4012.0     24007.0  1392.0
C75       c     -32094.94   19987.76    460.0   2530.0     22004.0  920.0
C76       c     35419.26    -49264.42   762.0   2711.0     22607.0  1524.0
C77       c     14905.53    11798.81    685.0   2768.0     23098.0  1370.0
C78       c     16620.78    -47064.88   565.0   1472.0     22033.0  1130.0
C79       c     -55629.82   -8244.24    193.0   2547.0     21164.0  386.0
C80       c     654.44      1258.91     246.0   2855.0     22109.0  492.0
C81       c     15613.22    35506.70    574.0   4459.0     23947.0  1148.0
C82       c     -40645.66   43734.12    381.0   2165.0     21520.0  762.0
C83       c     17670.09    -89721.15   749.0   3967.0     23800.0  1498.0
C84       c     19041.54    -65808.05   219.0   4325.0     23311.0  438.0
C85       c     67579.53    -6635.94    595.0   1795.0     22215.0  1190.0
C86       c     57561.78    12250.65    739.0   1987.0     22006.0  1478.0
C87       c     40948.11    21871.96    163.0   3404.0     22040.0  326.0
C88       c     -59583.74   19243.34    633.0   2859.0     24059.0  1266.0
C89       c     -36665.58   -7348.28    627.0   1092.0     22228.0  1254.0
C90       c     15627.52    -12881.92   398.0   1370.0     21455.0  796.0
C91       c     12595.82    2127.29     153.0   1034.0     20088.0  306.0
C92       c     -5328.35    -2786.38    453.0   4708.0     24279.0  906.0
C93       c     20339.80    5353.20     306.0   1399.0     20443.0  612.0
C94       c     -22770.85   3468.15     522.0   1989.0     22390.0  1044.0
C95       c     -49468.89   19829.01    352.0   3134.0     23542.0  704.0
C96       c     -5648.35    24854.15    812.0   1633.0     22700.0  1624.0
C97       c     -56809.78   52097.94    445.0   4809.0     25546.0  890.0
C98       c     -64897.46   -15889.88   175.0   2992.0     22200.0  350.0
C99       c     2495.31     -1542.34    580.0   3311.0     23821.0  1160.0
C100      c     -68427.29   -25243.61   414.0   1110.0     20411.0  828.0
C101      c     72482.92    -33149.39   623.0   2823.0     22128.0  1246.0
C102      c     30281.80    13140.18    243.0   4028.0     24281.0  486.0
C103      c     16435.74    -4345.22    470.0   1874.0     20981.0  940.0
C104      c     -49146.19   -45316.18   803.0   2056.0     23218.0  1606.0
C105      c     -57296.00   -21788.80   182.0   3890.0     23496.0  364.0
C106      c     -573.58     -7159.37    737.0   3802.0     24703.0  1474.0
C107      c     160.30      39973.64    322.0   4608.0     24088.0  644.0
C108      c     -32642.46   28647.55    140.0   3675.0     22736.0  280.0
C109      c     -60255.27   -35139.63   768.0   1877.0     22105.0  1536.0
C110      c     48800.22    -13447.70   111.0   1161.0     20537.0  222.0
C111      c     -26621.18   11323.19    196.0   4486.0     23807.0  392.0
C112      c     27821.32    3037.42     345.0   1311.0     20358.0  690.0
C113      c     -34053.17   51110.74    533.0   2802.0     22252.0  1066.0
C114      c     15504.22    5396.61     792.0   677.0      21253.0  1584.0
C115      c     33842.22    -27408.02   820.0   3461.0     24184.0  1640.0
C116      c     -53452.02   -2719.62    382.0   2750.0     21751.0  764.0
C117      c     32022.30    -4064.06    539.0   2683.0     22758.0  1078.0
C118      c     -77164.48   -11570.46   318.0   1263.0     21572.0  636.0
C119      c     -38326.23   16219.53    251.0   1453.0     20857.0  502.0
C120      c     -23225.38   16508.67    135.0   3746.0     23880.0  270.0
C121      c     -62007.03   -37202.16   270.0   4112.0     23554.0  540.0
C122      c     -58842.61   2663.07     821.0   938.0      21346.0  1642.0
C123      c     -59527.94   -48149.80   261.0   1083.0     19725.0  522.0
C124      c     -3252.17    49988.77    255.0   2595.0     22502.0  510.0
C125      c     -48165.46   -5696.51    187.0   4815.0     23847.0  374.0
C126      c     33760.97    14621.55    732.0   3429.0     24854.0  1464.0
C127      c     23946.55    25894.58    720.0   4270.0     23754.0  1440.0
C128      c     -65483.69   -51872.68   187.0   4700.0     24181.0  374.0
C129      c     49010.88    44505.66    362.0   2311.0     21747.0  724.0
C130      c     17378.06    5742.71     265.0   2567.0     22956.0  530.0
C131      c     -26741.07   17340.31    631.0   3929.0     24914.0  1262.0
C132      c     13011.88    -23275.34   215.0   1772.0     20215.0  430.0
C133      c     53040.11    23999.34    621.0   1573.0     21311.0  1242.0
C134      c     22336.21    -64071.48   451.0   5310.0     24255.0  902.0
C135      c     -49077.57   -38866.79   100.0   4840.0     23250.0  200.0
C136      c     69779.85    -5216.57    381.0   3452.0     22453.0  762.0
C137      c     49426.25    77525.86    162.0   2302.0     20888.0  324.0
C138      c     -57544.60   -12608.22   396.0   1302.0     20856.0  792.0
C139      c     11968.36    -4431.91    815.0   3526.0     24382.0  1630.0
C140      c     3208.59     -8734.20    627.0   2701.0     23948.0  1254.0
C141      c     24934.44    1962.01     688.0   2844.0     23494.0  1376.0
C142      c     76785.79    -49415.22   364.0   3042.0     23768.0  728.0
C143      c     -72044.27   -4055.22    207.0   1253.0     20191.0  414.0
C144      c     31369.45    46468.35    766.0   3137.0     23903.0  1532.0
C145      c     -49833.26   -13028.14   541.0   1217.0     21773.0  1082.0
C146      c     48972.96    43838.28    562.0   1108.0     20911.0  1124.0
C147      c     -38601.74   -12904.21   493.0   2912.0     22631.0  986.0
C148      c     42126.17    -74944.85   775.0   3208.0     23393.0  1550.0
C149      c     2486.29     11433.54    280.0   1315.0     20637.0  560.0
C150      c     -17543.38   49099.81    196.0   4935.0     23342.0  392.0
F1        f     6420.45     3099.80     0.0     0.0        32400.0  0.0
F2        f     19041.54    -65808.05   0.0     0.0        32400.0  0.0
F3        f     -22770.85   3468.15     0.0     0.0        32400.0  0.0
F4        f     56334.20    2250.32     0.0     0.0        32400.0  0.0
F5        f     -26621.18   11323.19    0.0     0.0        32400.0  0.0
F6        f     -60255.27   -35139.63   0.0     0.0        32400.0  0.0
F7        f     33842.22    -27408.02   0.0     0.0        32400.0  0.0
F8        f     -47996.82   -16647.06   0.0     0.0        32400.0  0.0
F9        f     -36665.58   -7348.28    0.0     0.0        32400.0  0.0
F10       f     20339.80    5353.20     0.0     0.0        32400.0  0.0
F11       f     -83135.33   22538.34    0.0     0.0        32400.0  0.0
F12       f     654.44      1258.91     0.0     0.0        32400.0  0.0
F13       f     -4225.58    -22315.24   0.0     0.0        32400.0  0.0
F14       f     -59303.54   12793.15    0.0     0.0        32400.0  0.0
F15       f     -77164.48   -11570.46   0.0     0.0        32400.0  0.0
F16       f     -38326.23   16219.53    0.0     0.0        32400.0  0.0

m numVeh /20/
m numPetrolVeh /10/
m numElectroVeh /10/

DistanceMatrix
0 55675 51520 49921 91062 24653 47520 35085 62505 69868 8888 95476 57889 8855 52230 68619 34998 96241 87717 81673 48783 59565 42823 6269 36684 81711 26812 38838 76965 51009 22506 57122 48405 59488 68535 66754 14986 72004 38548 33470 72019 91641 21010 5861 8627 33996 54514 17523 15942 21834 52632 13159 31157 73880 30492 73222 80242 30514 10781 81919 66435 10161 93011 23647 21955 35560 97547 57991 57807 41273 27555 58119 43907 44124 86852 42055 59858 12152 51191 63079 6053 33686 62180 93500 70054 61929 51954 39301 67950 44335 18444 6251 13141 14101 29194 58339 24878 79993 73803 6079 80035 75354 25888 12479 73700 68405 12416 37401 46675 76863 45496 34050 21401 62795 9370 41020 60155 26585 84863 46630 32537 79414 65265 83521 47876 55290 29669 28754 90511 59400 11272 36090 27186 51090 69031 69579 63903 85958 65866 9354 12262 18549 87802 78790 50033 58520 58910 47782 85825 9216 51868 0 70054 29194 49921 34050 76863 41020 57889 44335 14101 91641 6053 27555 66435 84863 46630
55675 0 13281 92915 117827 73729 35693 49597 91620 54431 62082 113173 71296 47311 107700 121332 28422 121631 138216 132433 66327 101481 69757 51327 88667 133079 66841 85539 38981 43223 45911 112104 96079 113964 72377 113374 64438 81235 91319 79919 124734 65976 75124 51670 64209 65924 16561 60494 50599 71823 55163 60531 32736 108213 42021 120080 82866 85201 60344 80365 51967 53854 41770 78740 67281 70646 58775 100184 8356 36904 74981 56388 34133 90050 75731 31495 115487 54140 105130 66830 54477 41548 18569 145794 123488 107149 89279 70171 47747 59106 74109 59974 55946 62546 46748 40137 30866 33618 78133 57803 87951 126937 65111 67462 98979 79649 61690 25547 23525 93032 96141 39037 69522 10846 59245 96354 60946 77463 82004 37190 33705 95625 59400 104842 19993 61213 67204 53089 110480 72480 60232 33059 81946 80663 123039 92751 108287 77633 71576 65008 64611 68187 141181 72983 54742 68604 72498 64960 141202 46540 5809 55675 123488 46748 92915 39037 93032 96354 71296 59106 62546 65976 54477 74981 51967 82004 37190
51520 13281 0 94286 105170 72655 22582 54263 96363 41642 56432 100029 58408 42693 103586 119528 18755 108839 137608 131672 72211 103370 73887 48416 86939 132034 57676 85612 30507 30004 47408 105815 96102 107224 59106 114041 57535 89550 84063 79878 116844 55202 72176 46602 59579 68634 4560 60063 50380 64459 42071 53607 36119 96457 45773 120751 92383 81972 53948 67180 39012 52165 41526 75161 66892 72999 51620 101966 21480 24543 66757 43125 21409 80777 87096 19150 110198 52936 98164 53588 48970 46217 11198 137491 115974 108175 92022 73456 35226 46829 69451 56736 48823 60975 36422 27042 28600 29390 64853 52304 74680 125753 66050 63910 86427 66509 55051 30640 10645 79964 95085 28010 68525 12565 56983 92491 47692 75929 68884 24163 23693 82535 46158 91932 29323 48137 68722 55985 97450 79663 58307 22045 76007 84855 115870 80126 109592 88667 58341 60770 58473 66679 139041 59903 62277 55580 79582 52605 135162 43006 16360 51520 115974 36422 94286 28010 79964 92491 58408 46829 60975 55202 48970 66757 39012 68884 24163
49921 92915 94286 0 130150 25520 96328 45462 24483 119572 52750 138866 106029 57055 43028 36970 81868 135626 47509 42456 37503 9646 27939 49162 21938 43971 71272 11891 123305 100599 47182 61331 9953 65826 117646 20881 58291 51189 60822 16539 81534 140937 33646 55664 47059 27625 98278 34973 44089 59818 102480 59441 60206 110032 51314 27446 61988 32314 56939 131203 116117 43882 134380 35870 28607 22690 144506 8081 90958 90388 65353 108014 92544 76291 78669 90191 55599 42515 63318 112455 55689 52576 105480 99768 77606 14333 10075 24935 117157 93494 43428 43739 61868 36128 79114 107253 65976 123638 122581 53972 127755 38909 28237 40440 115709 116145 57680 67665 92810 122438 17412 83450 28524 102748 40951 37222 109899 25119 134212 95686 80827 124744 115178 126350 76351 104801 25741 40100 133300 42885 39112 84435 50283 21997 74528 113147 15380 75592 114844 44866 54249 31401 55566 128533 50779 107261 42234 96138 78492 54625 87480 49921 77606 79114 0 83450 122438 37222 106029 93494 36128 140937 55689 65353 116117 134212 95686
91062 117827 105170 130150 0 107641 82809 125350 149848 75931 83385 18455 46968 90970 99174 124023 90931 5486 144171 139062 139808 138392 133088 96432 108696 137270 64266 118562 103285 76090 112186 82721 123254 79285 51170 137425 76727 163039 70488 115536 72095 89504 97547 88237 88010 124143 103636 107541 106690 72155 63711 77906 115039 20888 118927 141718 171238 98009 80360 53849 75716 101220 129333 94469 109404 124513 110616 136914 125077 80928 66044 64555 83786 54009 176124 86332 92777 103213 74667 54626 85802 121887 107751 78746 75454 136094 136453 129029 82172 58905 87635 94754 78824 102645 74351 82981 101321 114964 47746 84994 39511 132221 115251 93398 18972 41088 78834 117345 94535 27999 116188 79926 106906 116138 99114 96916 60216 106152 55355 81114 86011 26279 65576 15054 124724 57753 118849 119694 14289 150435 100716 85498 79870 139688 78700 25078 138685 175782 50272 89903 80486 103974 133819 60867 140177 50262 149932 53022 99219 94777 118502 91062 75454 74351 130150 79926 27999 96916 46968 58905 102645 89504 85802 66044 75716 55355 81114
24653 73729 72655 25520 107641 0 71847 34358 42208 94518 27336 114934 80668 32415 38476 47639 58230 113060 64957 59040 38176 35114 28639 24936 15189 59499 46348 14186 100238 75632 29000 51208 23994 55008 92150 42347 33165 59713 41994 8986 70212 116207 10491 30486 21672 20890 76255 13371 23171 35756 77020 34025 42597 88325 36029 48923 69702 16563 31489 105695 91081 20503 113877 14869 7121 18778 121181 33529 73562 65716 41705 82587 68143 54979 81564 66038 49640 19774 49345 86937 30264 38502 83764 90859 67034 37307 29272 23916 92471 67981 20088 18407 36347 11763 53771 82737 44102 101928 97133 28455 102526 53286 12985 15151 92066 90887 32314 50291 69631 97754 22492 58591 4207 82546 16258 27734 84400 4380 108699 71061 56537 100140 89776 102527 60401 79282 14733 26648 109535 47893 14624 60143 29489 32529 64809 88995 39252 79544 89362 19482 29086 6228 67559 103030 46301 81804 47261 70719 75949 30564 68854 24653 67034 53771 25520 58591 97754 27734 80668 67981 11763 116207 30264 41705 91081 108699 71061
47520 35693 22582 96328 82809 71847 0 64172 103830 24645 48884 77482 35911 39442 95795 115269 15972 86361 134953 128890 82556 105907 81456 47190 84081 128758 42698 85911 31492 7757 53552 94069 95800 94631 36985 114166 47349 102892 71321 80321 101986 44672 68128 41686 53624 74346 20838 61496 53398 52681 19491 43847 46906 75292 55408 120687 107537 76753 45227 46439 21269 52475 53546 69756 67723 77829 50709 104376 43575 6441 53068 21011 3852 64321 105314 6879 100109 53959 85426 31267 42774 57045 25771 121608 101799 109097 96427 79732 20927 25466 62502 53698 39328 60378 21580 10926 33739 38580 42870 45603 52511 122392 69147 59497 64210 43957 45693 44617 12214 57383 92984 13812 68183 33397 55650 85594 25470 74087 48547 1854 15541 59958 25346 69389 47716 25555 72533 63129 74868 91609 57401 11970 66181 91925 102304 57844 110936 106318 35980 55419 49722 65625 133734 40006 75610 33003 91382 30941 123195 41704 37578 47520 101799 21580 96328 13812 57383 85594 35911 25466 60378 44672 42774 53068 21269 48547 1854
35085 49597 54263 45462 125350 34358 64172 0 42231 88808 43748 128054 87488 34506 72833 78901 48202 130388 92699 87348 18430 53077 20167 29174 48672 88529 61301 41130 84738 70673 13192 84501 50952 87922 95570 66343 50069 39630 70721 36438 102382 107254 41704 37135 40930 17899 58727 23323 19162 56625 77383 47993 18212 108831 8812 72878 46332 50499 45788 107812 85441 25293 91329 46638 27400 22839 105881 51935 46304 59842 62541 81817 60427 78915 51799 57300 83840 23566 81088 89602 39720 8117 64954 123589 99638 59744 40240 21068 84370 72878 47276 33440 46544 28554 55315 74313 30501 82416 101400 41068 109245 82878 21666 38729 107379 98059 47465 24193 56405 108459 53516 54931 30989 60152 29447 61999 85177 38734 110417 64289 49828 111123 88039 116633 31334 81823 21672 7845 123497 27663 28655 52878 57967 31070 97807 102676 60461 50879 93385 39874 47076 31797 98736 102775 14957 86999 27375 77687 110252 30660 43858 35085 99638 55315 45462 54931 108459 61999 87488 72878 28554 107254 39720 62541 85441 110417 64289
62505 91620 96363 24483 149848 42208 103830 42231 0 128265 68047 156740 120392 67258 67494 59060 88125 155264 63984 60301 25921 23362 22594 59401 44995 62507 87671 33168 126746 109442 50388 85561 34409 90008 130715 37963 74431 29072 82724 34733 105755 148051 52430 67452 62731 29648 100778 45043 50910 77848 113831 74472 60247 130458 50590 42561 39546 54311 71852 143878 124813 53652 133183 56018 41194 27017 147964 23522 87572 98649 83868 118948 99983 96929 58147 97126 80075 51749 86895 125073 68550 50348 107155 124235 101896 31938 14870 24173 124618 106643 62261 57155 75588 48768 90314 114487 70541 124641 136135 67882 142539 58830 36648 56748 134074 130908 73022 66399 97596 138929 41854 92558 43185 102285 53206 61078 121590 44002 146736 103607 88544 141407 125768 144426 72517 117200 32876 40952 151447 25007 51339 91969 70995 11912 98886 130737 30796 54574 128138 60649 70396 46218 75546 140024 39706 120923 24520 110282 102689 63904 85833 62505 101896 90314 24483 92558 138929 61078 120392 106643 48768 148051 68550 83868 124813 146736 103607
69868 54431 41642 119572 75931 94518 24645 88808 128265 0 69382 65561 32940 62556 113877 135303 40614 78132 155643 149584 107199 129208 105984 70533 105546 149171 57719 108699 27584 19008 78111 108744 118186 108396 24763 136477 66236 127352 86078 103264 112757 22575 89492 64033 74693 98689 37877 85138 77562 69777 20987 63381 71397 74866 80034 142841 131656 97171 65313 27274 3469 76060 53570 90331 91053 101992 37212 127652 62787 29636 68266 15817 28433 74988 128230 31509 116158 77684 99430 22217 64467 81610 38038 130308 113453 131792 120335 104117 7195 32973 82497 76119 59519 83444 41074 15049 58383 39754 28762 66823 38455 142845 93054 81041 59686 35013 65320 68551 34046 47999 114617 36181 91117 47885 78625 104645 18098 96282 28297 24685 39721 50002 10866 61030 70186 23563 96550 87703 64723 116194 80460 36317 83930 116353 114681 53445 133770 129533 25934 76700 69404 88373 152795 19232 99983 28882 115977 35279 136754 65272 57998 69868 113453 41074 119572 36181 47999 104645 32940 32973 83444 22575 64467 68266 3469 28297 24685
8888 62082 56432 52750 83385 27336 48884 43748 68047 69382 0 88835 53332 15001 47556 66437 38615 88649 86410 80342 56547 62251 49764 15151 36245 80068 19676 41056 79607 51084 31355 50026 49564 52016 64931 67573 6658 79760 30216 36288 63867 91682 20273 10508 5694 40821 58928 24170 24594 12960 50579 6693 39750 65630 39378 73761 88339 27964 4231 78518 66042 18504 97512 21020 26853 41610 99557 60663 64974 42451 18793 56273 45585 35270 95547 44311 53788 20362 43399 59849 7608 42572 66563 85304 62123 63434 56277 45854 68372 40864 13644 11372 9864 19483 28380 59304 31893 83868 69832 4287 75222 73711 32091 12333 66535 63576 5014 45644 50198 70906 45347 35073 25156 68295 15729 36898 57675 27903 81547 47710 35127 73368 63525 76649 55976 52322 35793 37107 83670 67171 17352 38420 19864 57092 61333 62829 65624 94561 62109 7884 3375 22076 84877 76214 58658 54512 66651 43395 79152 17011 58749 8888 62123 28380 52750 35073 70906 36898 53332 40864 19483 91682 7608 18793 66042 81547 47710
95476 113173 100029 138866 18455 114934 77482 128054 156740 65561 88835 0 42568 93667 111881 136877 88329 16596 157495 152120 143923 147634 138274 100146 118189 150536 69159 127034 93103 70056 114912 96898 132896 93888 41795 148299 82344 166981 81717 123370 88432 75648 105417 91701 94025 129393 97776 112744 110292 79249 58017 82665 115586 35524 120808 153095 174381 107482 85260 40264 66108 105425 118942 103023 115620 130440 97539 146101 120963 77024 73533 57227 79250 64740 177190 82197 106873 107453 88183 46700 89728 123553 100743 96664 91473 146269 144180 134578 72412 56734 95508 100043 82514 108308 73923 75294 101300 105311 36886 89601 27117 145151 120875 100036 23306 33524 83944 116696 89660 20382 126304 77724 113570 109855 104267 108135 52636 114086 41031 75996 83919 17700 56281 12555 122832 51987 124604 123254 5938 154445 106023 82649 89241 145926 94499 26011 148804 177285 41947 96093 86356 110526 148225 48145 142474 44719 153998 51190 115796 97518 114729 95476 91473 73923 138866 77724 20382 108135 42568 56734 108308 75648 89728 73533 66108 41031 75996
57889 71296 58408 106029 46968 80668 35911 87488 120392 32940 53332 42568 0 54030 89888 113541 45761 50451 134516 128610 104412 115460 100073 61394 87896 127689 35388 94248 58418 29132 74620 81000 102107 79828 13353 119474 47816 126998 59578 89612 81903 52633 72794 53075 59003 91499 56703 75365 71018 47971 16770 46645 73708 42236 79704 125231 133656 77918 49201 26501 31537 67047 84136 71919 79578 93416 70108 113874 78843 34645 44137 18536 37165 45495 135200 39937 89566 69035 71419 11352 51842 82257 60827 98244 83132 116009 109443 96927 37714 14658 63736 63435 44863 71791 32264 36506 59294 69308 16918 52703 22165 121605 83755 65596 28692 10626 48363 74330 47826 22187 96850 35203 78332 69178 67218 82543 14958 81002 29606 34260 41388 24876 22148 33547 80265 10952 87533 83580 39327 114674 69103 40087 61368 108906 84828 22246 118330 135498 10367 61197 51813 75268 129013 27145 101403 4058 114287 10113 107335 57767 72457 57889 83132 32264 106029 35203 22187 82543 0 14658 71791 52633 51842 44137 31537 29606 34260
8855 47311 42693 57055 90970 32415 39442 34506 67258 62556 15001 93667 54030 0 60957 77404 26256 95956 96329 90299 50502 66679 46166 8025 45274 90399 27487 46471 68304 43562 21316 64920 56393 66999 63576 74755 18943 73379 45091 40902 78772 83923 29797 4508 17011 37813 45659 22733 16988 26574 46616 15587 26047 75161 28048 81307 80760 39368 14323 76635 59095 13718 84167 32496 28497 40323 89019 65130 49982 33372 31372 51851 35729 48008 85314 33661 68207 15537 58398 57860 7622 31097 53326 100169 77100 69657 58006 43306 60152 39757 26941 14565 12628 20970 23057 50346 16894 71147 69121 10739 76129 84051 30928 21324 72884 64656 15976 31162 37903 74308 53950 26398 28750 54086 16211 49807 54348 34833 79481 38699 24142 76943 58823 82146 41276 49977 34594 29693 89031 60906 17985 27741 34758 55500 76334 68182 71512 84841 61083 18084 17905 26189 96641 72848 49228 54097 60486 43995 93911 3854 43803 8855 77100 23057 57055 26398 74308 49807 54030 39757 20970 83923 7622 31372 59095 79481 38699
52230 107700 103586 43028 99174 38476 95795 72833 67494 113877 47556 111881 89888 60957 0 24995 86143 104552 45753 40255 74155 47305 63829 56403 25190 38786 56382 36405 126947 96863 66314 19391 33189 23952 103136 40620 48466 92609 30982 38478 39173 136451 33069 56987 44007 57987 106323 50758 59477 44101 93394 51962 79305 78288 73980 43591 103295 23048 50771 116355 110773 54655 144924 29013 45497 54385 146443 46288 109069 89370 46213 99091 92724 47619 117806 91699 12598 54938 24840 99457 54744 76654 113984 56741 35045 41621 52783 59228 114081 81836 34160 47750 56580 46784 74431 105733 76838 131415 106556 51468 108580 33270 51309 40242 88982 98014 50148 86734 97751 99757 25645 82079 42024 115021 48999 11417 99168 34099 119454 94455 82650 101484 106145 99594 97220 93179 52273 65112 105963 82397 48418 85875 29969 62819 31757 88568 44159 115294 100124 42890 46191 41904 39215 116382 84197 92560 81730 81813 37700 61212 103551 52230 35045 74431 43028 82079 99757 11417 89888 81836 46784 136451 54744 46213 110773 119454 94455
68619 121332 119528 36970 124023 47639 115269 78901 59060 135303 66437 136877 113541 77404 24995 0 103616 129373 21025 15309 74153 35761 64148 71115 32699 14149 78951 37773 145509 117410 76365 42274 28542 46456 126620 22808 69067 87509 55694 42669 59665 157792 47612 74171 61680 61457 122840 60977 70811 66258 115437 72020 90043 103153 82670 22465 98242 38516 70282 140036 132052 67654 160998 45518 54345 56764 165839 35539 121142 108851 69424 121190 111878 72508 115545 110358 32668 67218 49405 122568 72634 84713 130464 72716 55338 27436 46597 60406 134724 104323 52940 62942 76187 58861 94674 125741 91276 148461 130373 69686 132938 8283 57984 56177 113953 122125 70092 97762 115293 124492 25594 101470 51842 129927 62577 31067 121735 43881 143142 114134 100927 126282 128380 124580 107637 115873 57267 72071 130958 79837 61352 104394 52302 58938 51647 113418 29183 112372 123617 59981 65995 53178 19985 139498 86796 115952 79189 104947 46648 76580 116492 68619 55338 94674 36970 101470 124492 31067 113541 104323 58861 157792 72634 69424 132052 143142 114134
34998 28422 18755 81868 90931 58230 15972 48202 88125 40614 38615 88329 45761 26256 86143 103616 0 95080 122569 116545 66585 91342 65663 33295 71519 116655 39022 71992 42078 22740 37754 87341 82191 88623 50234 100490 39073 87042 65392 66299 98089 59973 56007 29523 42385 58795 20509 46896 38195 45816 31639 35177 31095 80083 39444 107115 91963 65378 35755 61127 37240 38100 58957 58416 53418 62479 62952 89844 34637 12296 48003 34983 12240 62196 90780 9108 92095 39362 79526 44227 31450 41134 28052 118756 97239 95095 81291 64115 36506 32115 52032 40813 30370 46509 18328 26375 17784 45280 56226 34685 65275 110307 54145 47451 71961 55354 36724 29576 11695 67947 80132 11024 54328 31274 42004 75304 38962 60946 63473 16151 5284 70632 40480 78829 34520 37156 57378 47292 84954 75668 43606 5709 57793 76239 97176 65961 96792 91521 48633 43843 40343 52029 122724 55291 59859 43858 75434 37975 116710 27666 27881 34998 97239 18328 81868 11024 67947 75304 45761 32115 46509 59973 31450 48003 37240 63473 16151
96241 121631 108839 135626 5486 113060 86361 130388 155264 78132 88649 16596 50451 95956 104552 129373 95080 0 149460 144384 145011 143876 138382 101546 114181 142569 69431 124031 105641 79449 117211 87949 128740 84451 53468 142891 81994 168239 75963 120983 76851 90544 102987 93309 93329 129436 107138 112816 111808 77528 67072 83095 119777 26296 123856 147164 176361 103493 85568 54825 78141 106394 131679 99933 114758 129858 112008 142398 129007 84780 71432 67527 87517 59495 180997 90159 98004 108393 79992 57356 90921 126792 110989 82615 80303 141576 141902 134348 84583 62976 93069 100021 83900 107952 78827 85965 105946 117506 49567 90182 40716 137558 120567 98767 23389 43715 84059 121901 98232 30200 121673 84110 112288 119571 104374 102381 63089 111599 56057 84707 90239 28131 68029 17261 129081 61048 124178 124823 14098 155634 105992 89581 85348 145062 83605 29127 144167 180713 52846 95237 85782 109347 138959 62210 145181 53529 155137 57107 103833 99776 122490 96241 80303 78827 135626 84110 30200 102381 50451 62976 107952 90544 90921 71432 78141 56057 84707
87717 138216 137608 47509 144171 64957 134953 92699 63984 155643 86410 157495 134516 96329 45753 21025 122569 149460 0 6068 84346 41998 75305 89501 51055 6968 99779 52730 164632 137494 92445 61638 42248 65466 147559 27059 89491 92991 76636 58303 77018 178049 66843 93438 81377 74801 141162 77850 87734 87057 136030 92263 106020 123366 97790 21476 103222 58487 90386 161003 152350 85443 178802 65391 71013 69869 185259 42586 137183 128579 90384 141786 131457 93369 122132 129747 51645 84714 69542 143434 92180 99407 148700 86605 72768 33805 55160 72443 154777 125066 73147 81764 96248 76642 114777 145581 109057 166842 151365 89394 153961 12924 73349 75482 134698 143146 90324 113689 134159 145449 42547 121218 69107 147374 80797 51983 142465 61763 164110 133906 120243 147210 149003 145273 123000 136646 71808 86713 151565 87797 79366 123775 73207 67622 69050 134313 33971 118540 144560 79539 86240 70949 16267 160348 98051 136882 87205 125838 58408 95090 133079 87717 72768 114777 47509 121218 145449 51983 134516 125066 76642 178049 92180 90384 152350 164110 133906
81673 132433 131672 42456 139062 59040 128890 87348 60301 149584 80342 152120 128610 90299 40255 15309 116545 144384 6068 0 79645 37684 70371 83512 45026 2876 93802 47045 158603 131426 86732 56800 36635 60775 141625 22610 83443 89373 71003 52560 72958 171985 60785 87387 75309 69471 135201 72008 81902 81074 129995 86202 100341 118218 92231 17912 99768 52423 84320 155088 146288 79508 172911 59323 65182 64557 179211 38114 131525 122514 84474 135751 125397 87813 118352 123696 46908 78810 64395 137464 86118 93920 142751 83720 68666 29228 50579 67331 148709 119060 67088 75736 90180 70698 108710 139514 103142 160881 145474 83327 148177 7049 67697 69424 129235 137310 84264 108027 128145 139797 36589 115152 63205 141519 74816 46067 136455 55787 158195 127840 114195 141590 142972 139847 117436 130647 66273 81207 146197 83585 73402 117723 67270 63134 64942 128727 29736 114850 138629 73474 80180 64998 16339 154371 93187 130943 82978 119881 55970 89093 127336 81673 68666 108710 42456 115152 139797 46067 128610 119060 70698 171985 86118 84474 146288 158195 127840
48783 66327 72211 37503 139808 38176 82556 18430 25921 107199 56547 143923 104412 50502 74155 74153 66585 145011 84346 79645 0 42532 10375 43783 48971 81326 75592 38279 102717 88953 30005 89027 45724 92985 113160 57288 63188 23230 79422 35694 108333 125654 48027 52222 52434 17367 76725 32704 33648 68684 95214 61917 36469 122117 27241 63245 32118 54440 59448 125663 103822 38655 107620 52812 33021 19905 123736 41803 61855 78098 74850 99822 78793 90331 43727 75690 86277 36642 87521 107248 54290 26126 82647 128768 105066 50543 29209 14931 102800 89945 56097 45261 61467 38006 72577 92740 48836 99701 118909 54832 126401 76405 26260 48273 122454 115033 60981 41670 74795 124778 50729 72919 36492 77104 40887 64672 103034 41980 128331 82634 68025 127400 106182 132145 46860 99407 23544 20834 139104 10628 39440 71157 66562 17083 102698 118174 50517 41467 110863 50825 59616 38651 93062 120861 14167 104216 10127 94438 111729 46701 60518 48783 105066 72577 37503 72919 124778 64672 104412 89945 38006 125654 54290 74850 103822 128331 82634
59565 101481 103370 9646 138392 35114 105907 53077 23362 129208 62251 147634 115460 66679 47305 35761 91342 143876 41998 37684 42532 0 34100 58767 29696 39672 80545 21213 132621 110231 56059 66386 15346 70952 127176 15074 67668 52186 68435 26149 86435 150536 42835 65310 56557 35639 107429 44476 53396 68862 112108 68936 68750 118056 59586 20721 62806 40393 66455 140748 125753 53439 143103 44657 38205 30843 153854 1588 99121 99994 74241 117650 102115 84400 80859 99730 59551 52026 69487 122020 65320 60570 114549 103531 82343 8639 13374 32047 126755 103049 52456 53377 71451 45766 88758 116832 75224 132665 132067 63567 137103 35602 37433 49922 124407 125515 67153 76056 102190 131536 22999 93076 38169 111497 50592 43456 119512 34461 143764 105283 90394 133805 124817 135094 84316 114387 34650 48417 142010 45902 48750 93998 58619 25647 79057 122043 8029 77462 124360 54368 63650 41038 52395 138143 56462 116757 45297 105610 80414 64205 95954 59565 82343 88758 9646 93076 131536 43456 115460 103049 45766 150536 65320 74241 125753 143764 105283
42823 69757 73887 27939 133088 28639 81456 20167 22594 105984 49764 138274 100073 46166 63829 64148 65663 138382 75305 70371 10375 34100 0 38686 38661 71910 69288 27910 104210 87277 27913 78998 35629 83029 109693 48350 56406 31169 70441 25412 98484 125527 38847 47073 45109 8946 78272 25606 29294 61217 92311 55653 37819 114763 28155 54585 41064 44556 53084 122607 102546 33096 111496 43473 24333 9912 125451 33160 66354 76436 67405 97253 77619 82274 53989 74705 76007 31084 77860 103916 48687 28219 84763 118738 95131 41601 20807 4761 102168 85915 47522 38402 55901 30459 69033 92038 48006 102411 115277 48675 122219 66772 17938 40219 116256 110682 54488 44294 75007 119644 40396 70588 27525 80274 34088 54501 100120 32187 125392 81301 66303 122210 103928 126243 51313 96030 14589 18393 133248 19272 32412 69668 57706 10980 92682 112334 41890 51588 107234 43293 52602 30021 83302 118368 22843 100255 18634 89985 101373 42573 64024 42823 95131 69033 27939 70588 119644 54501 100073 85915 30459 125527 48687 67405 102546 125392 81301
6269 51327 48416 49162 96432 24936 47190 29174 59401 70533 15151 100146 61394 8025 56403 71115 33295 101546 89501 83512 43783 58767 38686 0 38586 83756 32214 38806 75328 51529 16357 62579 48912 65129 71327 67238 21071 66909 44640 33166 77980 91775 23917 8459 14237 30132 51761 14710 10262 28079 54578 18820 25105 79658 24247 73842 74815 33923 16658 84482 67069 5752 89910 27415 20562 32413 96245 57226 52832 41227 33726 59850 43427 50343 80838 41193 64753 7672 57014 65673 10629 27438 59365 99468 75907 61976 49981 35592 67995 47340 23511 8653 17712 13252 30985 58113 20522 77424 76798 11963 83549 77444 22944 16169 78771 71998 18358 31636 44741 81141 46972 34356 21083 59109 8726 45035 62283 27749 87352 46524 31740 83739 66839 88372 42185 57801 26638 23284 95325 54336 10318 35353 32954 47708 74766 74398 63769 80038 68780 14334 18523 18735 90650 80818 44129 61667 53876 51300 90965 5629 47164 6269 75907 30985 49162 34356 81141 45035 61394 47340 13252 91775 10629 33726 67069 87352 46524
36684 88667 86939 21938 108696 15189 84081 48672 44995 105546 36245 118189 87896 45274 25190 32699 71519 114181 51055 45026 48971 29696 38661 38586 0 45183 52530 11991 113577 87028 44187 41168 14709 45469 100247 31610 40463 68028 38926 13289 61201 127721 16060 42445 30853 32936 90345 28543 38258 40216 86763 42584 57784 88382 51078 37598 78597 10727 40409 113875 102179 34958 128360 15978 22196 29203 134229 28225 88704 77755 45169 92478 80527 54706 92649 78737 37370 34533 41900 95494 41364 53436 97939 80662 57528 28337 30190 34042 104209 76601 24168 30709 46074 26162 64476 94809 58596 116010 104749 38769 109001 38861 27016 24619 94914 97558 40665 65475 83127 102647 9109 70432 19333 97231 29957 16374 93712 11209 116950 83103 69221 104829 99733 105636 75587 88186 27441 41209 112514 57402 28674 72769 28992 38503 54775 92792 30786 90193 97330 28867 36735 20486 52515 112121 59219 89622 56737 78390 62839 44129 83893 36684 57528 64476 21938 70432 102647 16374 87896 76601 26162 127721 41364 45169 102179 116950 83103
81711 133079 132034 43971 137270 59499 128758 88529 62507 149171 80068 150536 127689 90399 38786 14149 116655 142569 6968 2876 81326 39672 71910 83756 45183 0 93052 47920 158675 131132 87506 54818 37641 58710 140762 24633 82962 91572 69681 53339 70608 171619 60748 87377 75138 70692 135500 72596 82495 80344 129434 85814 101152 116453 93193 20358 102021 52107 83994 154183 145897 79900 173358 59060 65798 65803 179189 40019 132345 122363 83569 135189 125303 86403 120469 123668 44860 79270 62622 136688 86011 94959 143076 81039 66331 31123 52381 68741 148434 118390 66698 75848 89878 71077 108399 139326 103561 161174 144522 83160 147048 6367 68573 69380 127731 136262 83879 108854 128287 138493 37007 114991 63687 142041 75092 45194 135798 56105 157290 127675 114187 140249 142393 138309 118378 129954 67292 82238 144607 85531 73729 117696 66430 64962 62607 127348 31806 117006 137760 73350 79786 65367 13615 153612 94749 130091 84917 119075 53199 89310 128042 81711 66331 108399 43971 114991 138493 45194 127689 118390 71077 171619 86011 83569 145897 157290 127675
26812 66841 57676 71272 64266 46348 42698 61301 87671 57719 19676 69159 35388 27487 56382 78951 39022 69431 99779 93802 75592 80545 69288 32214 52530 93052 0 59400 74042 41857 48233 51714 66840 52014 48002 84090 13257 98815 28863 55112 59627 80253 37715 24212 24959 60365 58751 43690 42455 12736 37038 13686 53138 47700 55453 89849 106982 42544 16214 61585 54732 36962 95715 36557 46495 61282 91924 78966 71816 36754 10640 42716 40523 23220 112664 40723 58559 38962 42825 43665 21597 58542 65780 79908 59208 80719 75571 65475 58584 25480 28395 30925 14897 39151 21758 51241 41225 80992 52278 20763 56605 86858 51737 31223 46976 45079 14811 57197 48728 51420 61464 30503 44603 70238 35203 47896 42869 46153 64682 41044 33983 53834 49765 56995 66430 36947 55455 55440 64012 86211 36918 36002 26706 76768 59618 43155 83074 112050 45036 27079 17324 41533 95524 60570 76220 37315 85718 26140 80610 31122 65063 26812 59208 21758 71272 30503 51420 47896 35388 25480 39151 80253 21597 10640 54732 64682 41044
38838 85539 85612 11891 118562 14186 85911 41130 33168 108699 41056 127034 94248 46471 36405 37773 71992 124031 52730 47045 38279 21213 27910 38806 11991 47920 59400 0 113851 89802 39715 53117 10549 57443 105987 28539 46466 56273 49866 5740 73182 130346 21755 44666 35363 23804 89397 25553 35296 47935 91134 47735 53299 98599 45289 35213 66919 21279 45268 119570 105261 33928 126431 24125 18747 19314 134908 19626 84480 79825 53505 96723 82181 64859 81636 79997 48859 32846 53805 100868 44425 47143 96791 92498 69486 23187 18515 23577 106595 81888 31556 32593 50351 25559 67945 96817 57030 114991 110857 42508 115918 42025 20659 28723 103907 104320 45944 60982 83240 110547 12676 72737 17734 94881 30261 28344 98464 13260 122593 85162 70527 112854 103923 114527 70460 93269 19534 34436 121488 46035 28522 74139 38781 26597 66688 101283 25077 79004 103163 33177 42441 20340 57620 117078 49728 95552 45366 84398 73647 44398 80359 38838 69486 67945 11891 72737 110547 28344 94248 81888 25559 130346 44425 53505 105261 122593 85162
76965 38981 30507 123305 103285 100238 31492 84738 126746 27584 79607 93103 58418 68304 126947 145509 42078 105641 164632 158603 102717 132621 104210 75328 113577 158675 74042 113851 0 32967 77187 125547 124147 126043 52181 142387 78632 119595 102773 108128 132875 28432 97954 71342 83937 98570 26012 88479 79231 84158 42940 75015 66555 100612 76179 149042 121746 107098 76192 53963 27573 79928 26050 100097 95158 102749 21295 131165 46516 37783 84500 39889 34274 94929 114417 35296 131573 81037 116844 48852 72941 76712 20588 151956 132894 136835 121788 103552 21118 53494 93241 82868 70367 88488 53060 23485 57421 12486 56346 76008 65986 152319 95192 89347 86443 62213 76806 61109 30617 75460 122210 44933 96280 28980 84050 116498 43685 103020 54363 33052 44608 77527 37713 88478 58501 47756 98133 86111 92301 110039 85618 41207 97540 115150 133541 80069 138431 116477 53035 85553 80760 94058 164385 45739 92522 54491 109977 57722 154627 69701 44284 76965 132894 53060 123305 44933 75460 116498 58418 53494 88488 28432 72941 84500 27573 54363 33052
51009 43223 30004 100599 76090 75632 7757 70673 109442 19008 51084 70056 29132 43562 96863 117410 22740 79449 137494 131426 88953 110231 87277 51529 87028 131132 41857 89802 32967 0 59497 93569 99395 93756 29263 117723 48569 109744 70718 84332 100001 40702 70971 45156 56220 79825 27791 66130 58641 52998 12384 45411 53831 69800 61989 124138 114686 79029 47141 38790 15542 57052 57088 72103 72059 83048 50072 108677 51205 10870 52477 13268 10725 62007 112890 14050 100233 58681 84600 23613 45750 63805 31712 118990 100137 112931 101336 85275 17317 20779 64471 57259 41255 64476 22737 9539 40178 41995 35128 48260 44812 124780 74062 62435 57744 36559 47330 51989 19879 50105 96055 17174 72176 40129 59665 87128 17765 77517 40974 6784 21000 52638 17821 62350 55423 18405 77573 69096 67629 98256 61490 17798 66944 97533 100918 51319 114878 113828 28354 58164 51426 69464 135382 32599 82598 25923 98002 25609 122348 46266 45292 51009 100137 22737 100599 17174 50105 87128 29132 20779 64476 40702 45750 52477 15542 40974 6784
22506 45911 47408 47182 112186 29000 53552 13192 50388 78111 31355 114912 74620 21316 66314 76365 37754 117211 92445 86732 30005 56059 27913 16357 44187 87506 48233 39715 77187 59497 0 75648 50229 78687 83156 67481 37425 52382 59786 34177 92445 97664 33521 24027 29312 21399 51577 15740 7373 44315 65244 35097 13683 95858 8318 74193 59472 43297 33004 95686 74681 13541 87207 38161 22054 25606 98483 54688 44855 48633 50055 69939 49719 66622 64525 46792 76283 12306 71195 77244 26717 11460 58552 113864 90021 61322 44646 26526 74259 60071 36998 22056 33416 19630 42614 64127 20179 76625 88914 28319 96511 81471 19200 28509 94188 85221 34710 21403 47378 95394 50844 43076 24912 55575 18729 55013 73068 33161 98375 53427 38497 98049 76427 103453 31400 69403 21452 9600 110325 40079 18578 41807 47398 38524 88517 89492 62558 63821 80871 28645 34726 24466 96342 91024 28007 74292 39710 64736 102820 17468 40655 22506 90021 42614 47182 43076 95394 55013 74620 60071 19630 97664 26717 50055 74681 98375 53427
57122 112104 105815 61331 82721 51208 94069 84501 85561 108744 50026 96898 81000 64920 19391 42274 87341 87949 61638 56800 89027 66386 78998 62579 41168 54818 51714 53117 125547 93569 75648 0 51769 4574 94326 59949 48288 109104 22851 53840 20205 131024 42799 60484 48516 71989 107845 61268 68336 41707 87769 52210 87344 62057 83842 62595 119585 34672 51961 106832 105948 62572 146031 37878 57517 69159 143629 65291 114839 87881 41117 93191 91541 35744 132663 91204 10056 63436 9590 91568 57628 86819 115322 39744 16374 60984 70702 74253 110154 75796 39128 54424 57003 56338 72576 102946 81760 131714 96862 54309 97304 50196 64072 47278 74818 87691 50781 94190 98395 87139 43996 81038 53839 117980 57026 24797 92392 47144 109862 92496 83039 88524 99811 85042 104755 86329 65895 76661 90965 98121 57071 85807 30170 79671 13685 75493 63532 130494 91362 48248 47551 52716 51329 108122 97398 84227 97464 74418 29371 66297 108723 57122 16374 72576 61331 81038 87139 24797 81000 75796 56338 131024 57628 41117 105948 109862 92496
48405 96079 96102 9953 123254 23994 95800 50952 34409 118186 49564 132896 102107 56393 33189 28542 82191 128740 42248 36635 45724 15346 35629 48912 14709 37641 66840 10549 124147 99395 50229 51769 0 56300 114237 18366 54385 60906 53133 16244 71946 140046 29414 54266 43946 33212 99852 36044 45827 54724 100078 56130 63777 102834 55597 24931 71704 25420 53792 127862 114770 44239 136972 30375 29210 28402 145141 13998 94936 89629 59815 105735 92113 69246 87930 90030 45727 43248 54328 109319 53725 57321 107272 89906 67958 13912 19974 31872 116348 90351 38459 42167 59190 35682 77217 106674 67507 125470 118891 51518 123418 31926 31102 37371 109619 111918 54260 71442 93530 117282 7818 82448 27870 105428 40251 28219 107238 21910 130919 94981 80525 119484 112972 120343 80802 101865 29656 44601 127217 52060 38594 84130 43683 31350 64814 107490 16234 84977 111355 41819 50496 30220 47996 125773 58256 103675 51399 92455 68582 54534 90882 48405 67958 77217 9953 82448 117282 28219 102107 90351 35682 140046 53725 59815 114770 130919 94981
59488 113964 107224 65826 79285 55008 94631 87922 90008 108396 52016 93888 79828 66999 23952 46456 88623 84451 65466 60775 92985 70952 83029 65129 45469 58710 52014 57443 126043 93756 78687 4574 56300 0 93094 64474 49741 113298 23377 57991 15755 130521 46254 62521 50947 75857 109086 64623 71339 42814 87411 53678 90068 58777 86934 67034 123736 38552 53642 105351 105691 65453 147050 41300 61153 73159 143732 69851 116981 88539 41564 92729 92247 34342 136551 92073 13868 66416 9206 90597 59577 89954 116490 35855 12112 65554 75143 78275 110101 75425 41865 57170 58428 59577 73276 103205 83888 132586 95378 56301 95379 54272 67780 50203 72147 86079 52362 96763 99484 84874 48516 81853 57475 119501 59987 29100 91709 51028 108351 93012 84169 86152 99202 82204 107300 85664 69731 80095 87968 102203 60144 86812 32321 83956 9886 73154 68101 134446 90158 50848 49359 56203 54541 106972 101049 83183 101549 73702 28599 68591 110760 59488 12112 73276 65826 81853 84874 29100 79828 75425 59577 130521 59577 41564 105691 108351 93012
68535 72377 59106 117646 51170 92150 36985 95570 130715 24763 64931 41795 13353 63576 103136 126620 50234 53468 147559 141625 113160 127176 109693 71327 100247 140762 48002 105987 52181 29263 83156 94326 114237 93094 0 131857 59859 135192 72919 101134 94684 41199 84830 63308 70624 101386 56474 85745 80407 60710 18622 58257 80334 51415 87335 137741 141144 90495 60721 13629 24681 77070 78226 84293 90465 103704 60526 125588 80436 38049 57200 16007 39431 58752 140995 42650 102919 78994 84741 6036 62509 89617 59021 110303 96079 128148 120462 106874 31117 24221 76097 74385 55876 82615 40689 33543 65974 64063 5992 63798 15574 134639 94125 77264 35317 10420 60073 79762 49141 23279 109274 41021 89532 68285 77902 95577 11520 92813 16705 35756 46813 25388 14614 36301 84252 13755 97874 92468 40325 123132 79806 44608 74355 119033 97885 29307 130411 141653 3012 72811 63748 86508 142293 13967 108790 10693 122794 21885 120432 67120 74554 68535 96079 40689 117646 41021 23279 95577 13353 24221 82615 41199 62509 57200 24681 16705 35756
66754 113374 114041 20881 137425 42347 114166 66343 37963 136477 67573 148299 119474 74755 40620 22808 100490 142891 27059 22610 57288 15074 48350 67238 31610 24633 84090 28539 142387 117723 67481 59949 18366 64474 131857 0 72053 66995 66975 34270 79189 158389 47307 72615 62024 48495 117879 54038 63663 71648 118150 74045 80762 116669 72056 6719 77508 41681 71783 145485 133069 62460 154614 47575 47269 43555 163427 15550 111686 107992 76292 123836 110478 83771 95839 108384 51643 61381 64922 127086 72012 73408 125232 94307 74922 6757 28104 45703 134703 108170 55771 60522 77300 53992 95462 125039 85496 143430 136342 69721 140428 20964 48302 55519 125004 129046 72145 88305 111773 133631 22628 100802 46165 123001 58599 40510 125207 40207 148560 113345 98883 135722 131084 135765 97166 119738 46221 60857 142508 60976 56923 102489 59421 40598 71386 123385 7181 92389 128940 59934 68275 48575 37591 143671 71032 121231 60370 109999 69224 72853 108024 66754 74922 95462 20881 100802 133631 40510 119474 108170 53992 158389 72012 76292 133069 148560 113345
14986 64438 57535 58291 76727 33165 47349 50069 74431 66236 6658 82344 47816 18943 48466 69067 39073 81994 89491 83443 63188 67668 56406 21071 40463 82962 13257 46466 78632 48569 37425 48288 54385 49741 59859 72053 0 86406 26881 41999 60417 88738 24999 14620 11704 47462 59582 30822 30915 7655 46610 3937 44761 59043 45255 78046 94936 31179 4653 73487 62993 24960 97915 24611 33276 48157 97977 66084 68051 40937 12710 52361 44359 29405 101837 43554 53210 26869 40769 55034 11456 48436 67099 81672 59055 68297 62344 52463 65866 36144 16488 18027 8715 26062 25982 57295 35338 83834 64528 9133 69465 76651 38687 18016 59937 57856 2966 50105 50282 64662 49540 33700 31347 69764 22387 38560 53341 33208 76550 45991 34928 67086 59603 70108 60171 47743 42367 43604 77131 73814 24000 37898 18947 63598 58631 56333 70579 100936 56971 13823 4081 28276 86814 71674 65013 49291 73296 38075 77650 21782 61593 14986 59055 25982 58291 33700 64662 38560 47816 36144 26062 88738 11456 12710 62993 76550 45991
72004 81235 89550 51189 163039 59713 102892 39630 29072 127352 79760 166981 126998 73379 92609 87509 87042 168239 92991 89373 23230 52186 31169 66909 68028 91572 98815 56273 119595 109744 52382 109104 60906 113298 135192 66995 86406 0 101604 55319 128925 144402 70001 75317 75551 39748 94106 55804 56704 91790 116950 85144 55986 145284 47952 71610 10801 75190 82678 147345 124069 61864 120395 74577 55431 40938 139961 52145 75087 99015 97969 121269 99258 113234 29280 96028 105117 59856 108639 129217 77462 45948 99047 148689 125404 60821 41165 35822 122379 112428 78642 68449 84616 61014 94904 112525 69696 114745 141029 78057 148838 87779 48850 71118 145645 137594 84211 59310 93895 147679 67482 94447 58688 92009 64074 84335 124725 63046 149910 103190 89151 150318 127322 155277 61275 121449 45705 43727 162221 12604 62585 92033 88875 29818 122759 141301 59817 25566 133014 73881 82805 61122 104545 142111 27451 126598 13111 117116 129328 69542 75594 72004 125404 94904 51189 94447 147679 84335 126998 112428 61014 144402 77462 97969 124069 149910 103190
38548 91319 84063 60822 70488 41994 71321 70721 82724 86078 30216 81717 59578 45091 30982 55694 65392 75963 76636 71003 79422 68435 70441 44640 38926 69681 28863 49866 102773 70718 59786 22851 53133 23377 72919 66975 26881 101604 0 48088 33682 108457 31607 40587 30582 62112 85809 47851 52477 19615 65141 30790 69701 49836 68089 71482 111383 28606 31105 85887 83226 46245 123683 27174 46402 60698 120778 67017 94828 65191 18284 70643 68888 16981 121653 68696 30234 47613 14190 69690 37490 71246 93174 55091 32176 65654 68345 65787 87337 53210 23591 37733 35436 42412 49913 80100 61895 109209 75998 34385 77650 63965 53170 32028 58551 67243 29669 75829 76145 68813 45836 58476 42985 96425 41373 26515 70088 39139 88969 69724 60856 70587 77399 69270 86190 64024 56002 63186 75853 89552 42067 63453 12907 74200 31821 57739 68254 120083 69917 31144 27186 40784 69656 86477 84976 62525 88940 52244 51881 47214 88428 38548 32176 49913 60822 58476 68813 26515 59578 53210 42412 108457 37490 18284 83226 88969 69724
33470 79919 79878 16539 115536 8986 80321 36438 34733 103264 36288 123370 89612 40902 38478 42669 66299 120983 58303 52560 35694 26149 25412 33166 13289 53339 55112 5740 108128 84332 34177 53840 16244 57991 101134 34270 41999 55319 48088 0 73606 124816 18025 39258 30609 19835 83658 19816 29583 44122 85961 42980 47813 95880 40045 40950 65750 20115 40456 114681 99819 28215 120731 21298 13008 15923 129198 24568 79006 74273 49912 91511 76577 62256 79395 74356 50596 27111 53501 95922 39178 42044 91055 93524 70101 28816 20924 20763 101051 76967 27973 27255 45331 19943 62647 91236 51292 109255 106105 37433 111428 47347 15338 24031 100376 99798 41249 55516 77520 106460 17123 67230 12160 89198 24698 29169 93364 9385 117685 79600 64904 108818 98687 110914 65135 88263 14787 29414 117906 44327 22921 68517 36268 26402 67517 97496 30614 76987 98343 28416 37931 14921 62620 111997 46113 90778 43667 79681 76118 38739 74781 33470 70101 62647 16539 67230 106460 29169 89612 76967 19943 124816 39178 49912 99819 117685 79600
72019 124734 116844 81534 72095 70212 101986 102382 105755 112757 63867 88432 81903 78772 39173 59665 98089 76851 77018 72958 108333 86435 98484 77980 61201 70608 59627 73182 132875 100001 92445 20205 71946 15755 94684 79189 60417 128925 33682 73606 0 134142 61001 74267 63764 91102 118227 79070 85073 52925 92054 64274 103084 52959 100754 81203 139313 53930 64745 105849 110377 78990 155300 56048 76089 88587 149218 85377 128457 96262 50087 96941 100056 38035 151757 100350 27557 80141 21303 93143 71171 103847 125366 21488 4327 80724 90892 93724 115383 80278 55458 70529 68793 73850 81385 109540 95571 140495 96021 68058 94374 66946 82805 64001 68654 86435 63265 109399 108293 82741 64187 90129 72428 129334 73737 44841 95210 66358 108699 100255 93282 83558 102825 77728 119811 89340 84941 94610 82673 117707 74106 95541 45135 99667 8032 71015 83231 149752 91904 64008 60867 70928 64110 108638 115896 85628 117057 77483 27402 80833 122009 72019 4327 81385 81534 90129 82741 44841 81903 80278 73850 134142 71171 50087 110377 108699 100255
91641 65976 55202 140937 89504 116207 44672 107254 148051 22575 91682 75648 52633 83923 136451 157792 59973 90544 178049 171985 125654 150536 125527 91775 127721 171619 80253 130346 28432 40702 97664 131024 140046 130521 41199 158389 88738 144402 108457 124816 134142 0 111662 85781 96893 118766 50730 106160 97998 92351 43327 85805 89234 92517 98452 164825 147571 119562 87667 35723 25747 97127 48748 112681 112333 122390 22295 148998 73966 50555 90767 37833 48497 96743 141697 51104 138603 98627 121638 41281 86450 99596 47483 150877 135075 153513 141073 124085 23781 55251 104922 97883 81825 104892 63305 33775 77522 39583 42536 88952 49994 165282 113806 103136 75891 51309 87741 85101 50861 62050 136755 57616 112657 56793 100118 127194 38975 118190 34627 45252 60213 63367 31387 74526 84468 44946 117164 107134 76476 133960 101907 56633 106504 136183 136475 70218 155414 143514 43476 98854 91833 110011 175363 28814 116979 48724 133814 56916 158724 86339 70766 91641 135075 63305 140937 57616 62050 127194 52633 55251 104892 0 86450 90767 25747 34627 45252
21010 75124 72176 33646 97547 10491 68128 41704 52430 89492 20273 105417 72794 29797 33069 47612 56007 102987 66843 60785 48027 42835 38847 23917 16060 60748 37715 21755 97954 70971 33521 42799 29414 46254 84830 47307 24999 70001 31607 18025 61001 111662 0 26629 14802 30662 75346 18508 26493 26213 70851 26752 46266 78028 41473 53491 79846 10116 24477 98452 86122 21608 113702 4961 15160 29092 118446 41258 76109 61774 31910 76546 64615 44561 90940 62924 42772 21877 39839 79908 25362 44331 82996 82019 58076 43322 38944 34181 88166 60947 9948 15440 30056 13892 48419 78812 44418 100912 89527 22711 94301 54385 21946 8639 82377 82736 24865 53667 67681 88793 25127 54433 11563 83024 15988 21665 77907 8673 101506 67115 53439 91103 83798 92941 64164 72479 24500 33865 99923 58011 15350 56952 19006 43003 56136 79597 45585 89117 81954 12808 21083 9953 66894 96402 54897 74284 57392 63073 69313 29178 70752 21010 58076 48419 33646 54433 88793 21665 72794 60947 13892 111662 25362 31910 86122 101506 67115
5861 51670 46602 55664 88237 30486 41686 37135 67452 64033 10508 91701 53075 4508 56987 74171 29523 93309 93438 87387 52222 65310 47073 8459 42445 87377 24212 44666 71342 45156 24027 60484 54266 62521 63308 72615 14620 75317 40587 39258 74267 85781 26629 0 12986 38430 49384 22438 18616 22203 47042 11503 30160 71878 31334 79082 83090 35856 9969 76592 60596 13985 87968 28895 27459 40436 91825 63741 54466 35422 27200 52471 38094 43890 88469 36308 63937 15990 53899 57751 3175 34462 57054 95669 72593 67777 57384 43852 62089 39191 22853 12105 9414 19649 23504 52490 21389 74705 68686 6235 75240 81015 30824 18007 70434 63660 11664 35545 41218 72685 51304 28189 27144 58202 14823 45950 54635 32442 79505 40780 26812 75281 59582 79962 45728 49917 34583 31629 86904 62758 16717 30337 30315 55866 71836 65985 69738 87838 60699 14327 13402 24347 93203 73251 52027 53477 62304 42968 89532 7222 48254 5861 72593 23504 55664 28189 72685 45950 53075 39191 19649 85781 3175 27200 60596 79505 40780
8627 64209 59579 47059 88010 21672 53624 40930 62731 74693 5694 94025 59003 17011 44007 61680 42385 93329 81377 75309 52434 56557 45109 14237 30853 75138 24959 35363 83937 56220 29312 48516 43946 50947 70624 62024 11704 75551 30582 30609 63764 96893 14802 12986 0 36174 62365 19747 22107 16250 56142 12383 39327 69751 37580 68264 84439 23181 9909 84209 71327 15829 100953 16174 21606 36583 104160 54969 66434 47226 22420 61816 50202 38198 92585 48705 51283 17394 42777 65530 10998 40755 70033 85251 61670 57796 50714 41020 73453 46545 9930 7496 15278 14649 33623 64206 33471 87633 75523 8022 80857 68772 27241 6642 71519 69216 10642 45834 54067 76340 39929 39854 19654 71090 11707 32971 63299 22224 87237 52540 39331 78776 69062 81758 56357 57983 30855 33823 88781 63015 13004 42752 18718 51962 60548 68016 59970 91391 67803 2194 7669 16579 80456 81859 55647 60205 62470 49081 77201 17840 60473 8627 61670 33623 47059 39854 76340 32971 59003 46545 14649 96893 10998 22420 71327 87237 52540
33996 65924 68634 27625 124143 20890 74346 17899 29648 98689 40821 129393 91499 37813 57987 61457 58795 129436 74801 69471 17367 35639 8946 30132 32936 70692 60365 23804 98570 79825 21399 71989 33212 75857 101386 48495 47462 39748 62112 19835 91102 118766 30662 38430 36174 0 72875 16675 21264 52309 84267 46746 33247 105861 23954 55069 49283 37322 44170 114429 95231 24452 107630 35447 15735 4944 119865 34404 63500 69057 58498 89335 70495 73508 60694 67711 69785 22470 70203 95670 39914 24992 79714 111692 87905 41944 23454 5503 95206 77466 38925 29464 47111 21525 60824 85085 41489 97669 106903 39794 113661 65114 9105 31402 107325 102090 45560 40440 68738 110855 36438 62911 19141 76087 25162 47961 92048 24846 117255 74065 58976 113410 96130 117335 48774 87785 6183 12845 124344 27473 23472 62436 49284 17770 85628 103438 42775 58655 98874 34376 43657 21412 81155 110427 26293 91797 26874 81395 95687 34351 60353 33996 87905 60824 27625 62911 110855 47961 91499 77466 21525 118766 39914 58498 95231 117255 74065
54514 16561 4560 98278 103636 76255 20838 58727 100778 37877 58928 97776 56703 45659 106323 122840 20509 107138 141162 135201 76725 107429 78272 51761 90345 135500 58751 89397 26012 27791 51577 107845 99852 109086 56474 117879 59582 94106 85809 83658 118227 50730 75346 49384 62365 72875 0 63850 54266 66272 40101 55684 40554 95769 50193 124581 96888 85026 56213 63916 35412 55753 38602 78150 70654 77183 47187 106010 24914 23936 68197 40610 20435 81651 91350 18783 112556 56618 99967 51137 51587 50701 7670 138658 117515 112086 96221 77753 31259 45924 72163 59927 50877 64528 37147 23659 32385 25681 62107 54888 72018 129197 70048 66969 85047 64323 57218 35186 10174 77894 98616 28481 72159 12601 60408 95334 45204 79417 65496 22573 24983 80419 43083 90099 33744 46160 72801 60285 95420 84219 61799 22755 78273 89230 117547 78682 113548 92988 55903 63661 60786 70214 142240 56457 66837 53665 84136 51576 137215 46260 20396 54514 117515 37147 98278 28481 77894 95334 56703 45924 64528 50730 51587 68197 35412 65496 22573
17523 60494 60063 34973 107541 13371 61496 23323 45043 85138 24170 112744 75365 22733 50758 60977 46896 112816 77850 72008 32704 44476 25606 14710 28543 72596 43690 25553 88479 66130 15740 61268 36044 64623 85745 54038 30822 55804 47851 19816 79070 106160 18508 22438 19747 16675 63850 0 9899 35992 69242 30083 29252 89489 23224 60734 64761 27855 27499 99004 81671 9078 100995 23393 6849 18052 109623 42965 60193 55690 42167 74546 57686 57691 73823 55260 61119 7551 57785 80170 23541 25955 71239 100266 76316 48360 35275 21847 82389 61621 24264 12801 30659 5460 45639 72414 31477 89438 91117 23174 97522 66444 8396 15915 90651 85903 28885 36933 57913 94329 35651 48962 9213 69525 8487 39556 76918 17440 101902 60934 45961 96864 81547 100666 47106 72321 12170 15542 107676 43271 6825 49557 34977 33569 74508 86777 49962 72353 83135 18125 27079 8865 80916 95483 37147 75885 42724 65252 87646 19872 55542 17523 76316 45639 34973 48962 94329 39556 75365 61621 5460 106160 23541 42167 81671 101902 60934
15942 50599 50380 44089 106690 23171 53398 19162 50910 77562 24594 110292 71018 16988 59477 70811 38195 111808 87734 81902 33648 53396 29294 10262 38258 82495 42455 35296 79231 58641 7373 68336 45827 71339 80407 63663 30915 56704 52477 29583 85073 97998 26493 18616 22107 21264 54266 9899 0 37499 63066 28966 19855 89790 15684 70375 64554 36430 26689 93320 74098 6278 91153 31013 16722 24443 100458 51934 50458 47930 43385 68088 49550 59809 70957 46899 69172 4934 63823 74623 20888 18801 61574 106491 82651 57820 43105 26757 74317 56720 29625 14751 27957 12701 39739 64234 21902 79770 86013 21967 93114 76340 15999 21146 89021 81643 28348 27413 48810 91144 45542 41664 18970 59650 11361 48113 70863 27069 96115 53019 37916 93760 74866 98578 37791 66736 19187 13027 105518 44153 11310 41436 40039 39033 81161 84600 59300 70021 77965 21335 27932 17972 90724 89190 34098 71055 43706 60977 95691 13303 45683 15942 82651 39739 44089 41664 91144 48113 71018 56720 12701 97998 20888 43385 74098 96115 53019
21834 71823 64459 59818 72155 35756 52681 56625 77848 69777 12960 79249 47971 26574 44101 66258 45816 77528 87057 81074 68684 68862 61217 28079 40216 80344 12736 47935 84158 52998 44315 41707 54724 42814 60710 71648 7655 91790 19615 44122 52925 92351 26213 22203 16250 52309 66272 35992 37499 0 49392 11384 52271 53553 52323 77300 100679 29992 12253 74274 66676 31334 104333 24351 37269 52398 102917 67299 75609 46383 6189 55120 49977 22317 108416 49521 47434 33119 33712 56399 19029 55516 73689 74111 51701 68527 64948 57012 70105 38077 16407 23559 15878 30812 31101 62097 42979 90015 64886 16412 68797 74137 43289 21244 56312 57399 10611 57731 56713 62675 49029 39399 34765 76810 27887 35229 55490 34863 77373 51189 41374 64948 62249 66803 67822 49615 46806 49807 73803 79262 29250 44100 14169 67535 51436 53389 70936 107358 57736 17937 9590 31820 83092 73298 71494 50019 78716 38867 71051 29300 69111 21834 51701 31101 59818 39399 62675 35229 47971 38077 30812 92351 19029 6189 66676 77373 51189
52632 55163 42071 102480 63711 77020 19491 77383 113831 20987 50579 58017 16770 46616 93394 115437 31639 67072 136030 129995 95214 112108 92311 54578 86763 129434 37038 91134 42940 12384 65244 87769 100078 87411 18622 118150 46610 116950 65141 85961 92054 43327 70851 47042 56142 84267 40101 69242 63066 49392 0 44184 61791 58079 69016 124328 122683 77786 46377 30450 18357 60316 68157 71130 74499 86936 57231 110528 62958 19544 47476 5756 21322 54145 122378 24403 95276 62153 78443 12597 46792 71208 44058 110102 92624 113895 104402 89770 23470 11986 63082 58755 40889 66675 23604 20092 47486 53166 24609 48641 33700 123154 77522 62709 45435 24503 46110 61143 31644 37892 95872 22540 74004 52499 61860 84536 7825 78250 33136 17979 28216 40468 12994 49999 65839 6069 81206 74693 55385 105020 63757 25993 63555 102020 93775 38997 116019 123032 17027 58260 50100 71082 132475 26241 90346 13564 104705 14951 115789 49930 56795 52632 92624 23604 102480 22540 37892 84536 16770 11986 66675 43327 46792 47476 18357 33136 17979
13159 60531 53607 59441 77906 34025 43847 47993 74472 63381 6693 82665 46645 15587 51962 72020 35177 83095 92263 86202 61917 68936 55653 18820 42584 85814 13686 47735 75015 45411 35097 52210 56130 53678 58257 74045 3937 85144 30790 42980 64274 85805 26752 11503 12383 46746 55684 30083 28966 11384 44184 0 41600 60842 42687 80167 93396 33793 2619 71853 60089 23320 94057 27005 33304 47841 94536 67348 64227 37415 15787 49907 40766 32430 99621 39848 57018 25308 44703 53214 8474 45841 63215 85490 62957 70020 62902 51912 62728 34233 19119 17400 4808 25739 22700 53961 31647 80031 63140 7088 68562 79478 38230 19014 60647 56912 1940 46676 46440 64463 51692 30117 31768 65828 21602 41811 51162 34558 74888 42543 31103 66954 57163 70590 56624 45735 41978 41882 77598 72540 23363 34134 22712 63373 62557 56695 72234 98855 55428 14575 6028 28691 90041 69652 62948 47823 72044 36702 81567 18723 57740 13159 62957 22700 59441 30117 64463 41811 46645 34233 25739 85805 8474 15787 60089 74888 42543
31157 32736 36119 60206 115039 42597 46906 18212 60247 71397 39750 115586 73708 26047 79305 90043 31095 119777 106020 100341 36469 68750 37819 25105 57784 101152 53138 53299 66555 53831 13683 87344 63777 90068 80334 80762 44761 55986 69701 47813 103084 89234 46266 30160 39327 33247 40554 29252 19855 52271 61791 41600 0 100460 9666 87453 60975 56262 40108 91909 68097 24916 74388 50645 35713 37924 87734 67449 31193 43206 57355 65728 43285 74029 61604 40045 88759 24397 82083 74301 33309 10363 46945 124572 100981 74471 56672 37705 66622 59101 48232 32923 38528 32553 41670 56660 14441 64654 86282 35892 94752 95136 32677 40150 96418 84029 41816 7721 38380 95470 64527 39318 38463 42844 30584 67921 69434 46686 94358 47227 33610 98172 71519 104853 17936 66756 34543 20402 111487 44873 30938 36249 58024 48798 99770 91128 75569 61794 78407 39236 43024 37764 110018 86330 28770 72642 44688 64438 115217 22981 27276 31157 100981 41670 60206 39318 95470 67921 73708 59101 32553 89234 33309 57355 68097 94358 47227
73880 108213 96457 110032 20888 88325 75292 108831 130458 74866 65630 35524 42236 75161 78288 103153 80083 26296 123366 118218 122117 118056 114763 79658 88382 116453 47700 98599 100612 69800 95858 62057 102834 58777 51415 116669 59043 145284 49836 95880 52959 92517 78028 71878 69751 105861 95769 89489 89790 53553 58079 60842 100460 0 103154 120884 153969 77760 63106 58948 73708 83974 126178 74642 90683 105813 111704 116602 114719 71958 47363 60729 75340 33746 160347 77315 72104 85903 53832 52668 69144 106239 101045 62956 55951 115490 116727 110515 79941 49869 68237 76857 62597 84361 62162 78171 87588 111231 50287 67826 45364 111360 96829 74636 17551 41209 61466 103784 85939 32616 95647 69211 87948 108348 81230 76163 57148 86519 61301 73465 74865 32622 64001 24985 112166 52880 100307 102617 29723 132725 82699 75159 59818 120697 58981 22391 118090 159671 49431 71489 62506 85117 113300 64090 123782 46229 132189 44374 80352 78821 107948 73880 55951 62162 110032 69211 32616 76163 42236 49869 84361 92517 69144 47363 73708 61301 73465
30492 42021 45773 51314 118927 36029 55408 8812 50590 80034 39378 120808 79704 28048 73980 82670 39444 123856 97790 92231 27241 59586 28155 24247 51078 93193 55453 45289 76179 61989 8318 83842 55597 86934 87335 72056 45255 47952 68089 40045 100754 98452 41473 31334 37580 23954 50193 23224 15684 52323 69016 42687 9666 103154 0 78707 53970 51060 40737 99395 76676 21851 83774 46206 28922 28760 97378 58331 39644 51186 57946 73323 51678 74587 57267 48532 84234 20613 79497 81339 34222 3195 56610 122166 98310 65638 47258 28174 75560 65051 45301 30366 40557 27616 47443 65509 21819 74286 93209 36122 101263 87311 24707 36792 100664 90213 42460 16495 47611 100992 57077 46498 32123 52328 27024 62771 76781 40329 101959 55558 41235 103675 79443 109626 25210 73617 25986 11215 116415 36267 26791 44209 55716 39135 96776 95726 66607 56858 85226 36954 42753 32086 102642 94208 21713 79024 36014 70053 110775 24335 36413 30492 98310 47443 51314 46498 100992 62771 79704 65051 27616 98452 34222 57946 76676 101959 55558
73222 120080 120751 27446 141718 48923 120687 72878 42561 142841 73761 153095 125231 81307 43591 22465 107115 147164 21476 17912 63245 20721 54585 73842 37598 20358 89849 35213 149042 124138 74193 62595 24931 67034 137741 6719 78046 71610 71482 40950 81203 164825 53491 79082 68264 55069 124581 60734 70375 77300 124328 80167 87453 120884 78707 0 81933 47316 77953 151361 139443 69115 161333 53470 53955 50136 170061 21474 118345 114486 81736 130032 117014 88403 100696 114954 53713 68058 68315 133060 78397 80017 131941 95129 76891 13133 34050 52118 141167 114190 61659 67006 83538 60607 101792 131544 92200 150140 142127 76035 145979 18233 55017 61817 129835 134670 78254 94984 118426 138874 28506 107270 52787 129718 65181 44980 131309 46642 154445 119842 105445 140911 137285 140590 103788 125781 52910 67500 147264 66350 63524 109047 64681 46356 73267 128442 12734 97135 134806 66200 74333 55148 33873 149715 77128 127088 65763 115861 68997 79463 114720 73222 76891 101792 27446 107270 138874 44980 125231 114190 60607 164825 78397 81736 139443 154445 119842
80242 82866 92383 61988 171238 69702 107537 46332 39546 131656 88339 174381 133656 80760 103295 98242 91963 176361 103222 99768 32118 62806 41064 74815 78597 102021 106982 66919 121746 114686 59472 119585 71704 123736 141144 77508 94936 10801 111383 65750 139313 147571 79846 83090 84439 49283 96888 64761 64554 100679 122683 93396 60975 153969 53970 81933 0 85464 91007 152880 128471 70088 120221 84522 65017 50954 141538 62815 76006 104156 106824 126702 104040 122433 20155 100748 115778 68123 118865 135125 85442 51546 101170 159230 135848 71427 51960 45800 126290 119009 88172 77165 92482 70102 101404 116669 75197 115876 147055 86322 155223 98361 58308 80390 153517 144179 92598 63108 97769 154776 78246 100152 68398 93407 72808 94854 130372 73198 155332 108003 94566 157444 132441 162904 63301 127472 55381 51544 169790 21835 71436 97214 98567 40564 133257 148935 70341 16081 139106 82883 91485 70683 115091 147253 32356 132989 22455 123940 140100 76906 77462 80242 135848 101404 61988 100152 154776 94854 133656 119009 70102 147571 85442 106824 128471 155332 108003
30514 85201 81972 32314 98009 16563 76753 50499 54311 97171 27964 107482 77918 39368 23048 38516 65378 103493 58487 52423 54440 40393 44556 33923 10727 52107 42544 21279 107098 79029 43297 34672 25420 38552 90495 41681 31179 75190 28606 20115 53930 119562 10116 35856 23181 37322 85026 27855 36430 29992 77786 33793 56262 77760 51060 47316 85464 0 31900 104102 93868 31712 123489 7007 23146 34657 127336 38907 86224 70337 34661 83535 73366 44046 98010 71885 33356 31916 33457 85935 34163 53808 92690 74372 50626 38895 39785 39795 96327 67194 14711 25340 37774 23737 56300 87251 54444 110496 94819 31174 98748 45752 29507 18064 84201 87385 31853 63716 77073 92110 19104 62957 19515 92982 26103 11719 84482 12479 107192 75626 62491 94260 90780 94928 74184 78811 31223 42679 101798 63794 25418 65929 18266 46516 48306 82140 41389 95895 87546 21556 27780 18993 57347 102705 62850 79824 63146 68610 59838 39056 80861 30514 50626 56300 32314 62957 92110 11719 77918 67194 23737 119562 34163 34661 93868 107192 75626
10781 60344 53948 56939 80360 31489 45227 45788 71852 65313 4231 85260 49201 14323 50771 70282 35755 85568 90386 84320 59448 66455 53084 16658 40409 83994 16214 45268 76192 47141 33004 51961 53792 53642 60721 71783 4653 82678 31105 40456 64745 87667 24477 9969 9909 44170 56213 27499 26689 12253 46377 2619 40108 63106 40737 77953 91007 31900 0 74302 61991 20919 94710 25020 30686 45229 95935 64867 63724 38786 17315 52079 42028 34020 97495 40929 56345 22887 44788 55623 6803 43909 63800 86066 63261 67663 60309 49319 64450 36638 17349 14791 5915 23122 24406 55512 30866 80851 65650 4723 71146 77645 35625 16551 63190 59493 1728 45479 47192 67082 49516 31431 29174 66029 19014 40374 53450 32129 77328 43990 31946 69573 59333 73166 55584 48091 39369 39534 80177 70074 20763 35114 22069 60759 62708 59282 69855 96666 57907 12091 4605 26100 88519 71984 60745 50324 69573 39231 81258 17131 57331 10781 63261 24406 56939 31431 67082 40374 49201 36638 23122 87667 6803 17315 61991 77328 43990
81919 80365 67180 131203 53849 105695 46439 107812 143878 27274 78518 40264 26501 76635 116355 140036 61127 54825 161003 155088 125663 140748 122607 84482 113875 154183 61585 119570 53963 38790 95686 106832 127862 105351 13629 145485 73487 147345 85887 114681 105849 35723 98452 76592 84209 114429 63916 99004 93320 74274 30450 71853 91909 58948 99395 151361 152880 104102 74302 0 28886 90233 79338 97919 103870 116894 57329 139160 88649 48838 70619 26186 49482 71102 151670 52803 115670 92129 97245 18843 75915 101517 65017 120239 107548 141772 133871 119928 34466 37715 89722 87833 69379 96015 53606 40257 77744 66407 9974 77299 14384 148088 107362 90851 41603 19428 73677 90646 58068 26942 122899 52899 103018 74757 91272 109024 22638 106411 3107 45570 58320 27930 21169 38953 94145 26685 111093 105114 40771 135459 93177 55714 87826 132135 109578 36693 144031 152562 16556 86393 77369 100007 155441 8224 120594 24278 135148 35500 132158 80088 83267 81919 107548 53606 131203 52899 26942 109024 26501 37715 96015 35723 75915 70619 28886 3107 45570
66435 51967 39012 116117 75716 91081 21269 85441 124813 3469 66042 66108 31537 59095 110773 132052 37240 78141 152350 146288 103822 125753 102546 67069 102179 145897 54732 105261 27573 15542 74681 105948 114770 105691 24681 133069 62993 124069 83226 99819 110377 25747 86122 60596 71327 95231 35412 81671 74098 66676 18357 60089 68097 73708 76676 139443 128471 93868 61991 28886 0 72593 53618 87011 87592 98527 39097 124197 60312 26176 65316 13610 25034 72499 125294 28144 113241 74216 96682 21356 61057 78284 36131 128196 110978 128362 116867 100662 6456 30301 79208 72686 56179 79990 37704 12092 54994 39384 29223 63440 39116 139565 89586 77654 58990 34640 62027 65381 31019 47942 111243 32715 87669 45889 75173 101451 16580 92869 30209 21255 36269 50068 10141 60943 67270 21585 93082 84275 64960 112861 77005 32878 80811 112901 112130 52662 130334 126540 25462 73324 66115 84931 149634 21123 96724 27503 112639 32999 134112 61805 55336 66435 110978 37704 116117 32715 47942 101451 31537 30301 79990 25747 61057 65316 0 30209 21255
10161 53854 52165 43882 101220 20503 52475 25293 53652 76060 18504 105425 67047 13718 54655 67654 38100 106394 85443 79508 38655 53439 33096 5752 34958 79900 36962 33928 79928 57052 13541 62572 44239 65453 77070 62460 24960 61864 46245 28215 78990 97127 21608 13985 15829 24452 55753 9078 6278 31334 60316 23320 24916 83974 21851 69115 70088 31712 20919 90233 72593 0 93465 25790 15327 26661 100983 51914 54526 46630 37285 65568 48678 53622 77082 46310 63851 2029 57780 71422 15697 25001 63263 100435 76643 56997 44335 29891 73350 53056 23618 8515 22914 8825 36730 63399 23667 81425 82527 16237 89209 73642 17211 15296 83801 77639 22523 32146 49314 86589 42923 39884 16419 62274 5683 43239 68029 23826 93104 51886 36955 89170 72537 93547 42693 63552 20892 18646 100524 49263 6383 40559 33893 41974 75238 79588 58699 76060 74513 15104 21804 14535 87406 86554 40167 67375 48778 56943 90301 10801 49291 10161 76643 36730 43882 39884 86589 43239 67047 53056 8825 97127 15697 37285 72593 93104 51886
93011 41770 41526 134380 129333 113877 53546 91329 133183 53570 97512 118942 84136 84167 144924 160998 58957 131679 178802 172911 107620 143103 111496 89910 128360 173358 95715 126431 26050 57088 87207 146031 136972 147050 78226 154614 97915 120395 123683 120731 155300 48748 113702 87968 100953 107630 38602 100995 91153 104333 68157 94057 74388 126178 83774 161333 120221 123489 94710 79338 53618 93465 0 116658 107843 112305 29409 141779 45859 59051 105705 65615 55250 117831 108929 55050 151041 94103 137873 74851 90190 83305 30950 175129 154911 148522 131024 111936 47162 77861 110764 98262 89253 102289 73997 48124 69799 15095 82304 93488 91840 167107 106326 105425 112382 88257 95652 67315 47647 101505 136360 65298 109707 31632 98423 133914 69573 117285 79431 55345 63010 103557 63759 114526 60763 73324 108639 94785 118285 112915 99690 60244 116729 122373 155192 105984 149759 111756 79076 102215 99300 108000 180555 71155 95238 80275 113008 82575 175385 84529 47473 93011 154911 73997 134380 65298 101505 133914 84136 77861 102289 48748 90190 105705 53618 79431 55345
23647 78740 75161 35870 94469 14869 69756 46638 56018 90331 21020 103023 71919 32496 29013 45518 58416 99933 65391 59323 52812 44657 43473 27415 15978 59060 36557 24125 100097 72103 38161 37878 30375 41300 84293 47575 24611 74577 27174 21298 56048 112681 4961 28895 16174 35447 78150 23393 31013 24351 71130 27005 50645 74642 46206 53470 84522 7007 25020 97919 87011 25790 116658 0 20072 33639 120329 43110 80067 63343 29585 76869 66361 40972 95846 64878 38160 26268 34907 79591 27159 49107 85819 77058 53115 44202 42086 38767 89391 60745 8197 18766 30860 18592 49390 80273 47903 103575 88772 24169 93073 52700 26837 11311 79844 81605 25067 57936 70110 86969 24981 55964 16439 86304 20108 17623 77946 12059 100998 68638 55490 89203 84121 90496 68478 72351 29269 38804 97438 62696 19734 58923 14979 47072 51184 77386 46594 93989 81370 14575 21035 14912 64324 96277 59855 73658 62070 62426 64679 32371 74541 23647 53115 49390 35870 55964 86969 17623 71919 60745 18592 112681 27159 29585 87011 100998 68638
21955 67281 66892 28607 109404 7121 67723 27400 41194 91053 26853 115620 79578 28497 45497 54345 53418 114758 71013 65182 33021 38205 24333 20562 22196 65798 46495 18747 95158 72059 22054 57517 29210 61153 90465 47269 33276 55431 46402 13008 76089 112333 15160 27459 21606 15735 70654 6849 16722 37269 74499 33304 35713 90683 28922 53955 65017 23146 30686 103870 87592 15327 107843 20072 0 15136 116260 36665 66801 61789 43425 79923 63942 57962 75781 61620 56451 14121 54979 85032 27959 31381 78063 96988 73076 41695 30001 19890 88553 66251 23211 16144 34728 7855 50951 78648 38298 96260 95681 26879 101656 59669 6800 16052 93112 90003 31830 43428 64562 97743 28908 54893 3679 76366 12641 34599 82072 11471 106817 67081 52230 100216 87014 103363 53430 77245 9744 19627 110387 43208 10742 55840 33555 30367 71011 89609 43374 73967 87773 19585 29273 5692 74312 100698 39897 80371 42607 69503 82852 26023 62276 21955 73076 50951 28607 54893 97743 34599 79578 66251 7855 112333 27959 43425 87592 106817 67081
35560 70646 72999 22690 124513 18778 77829 22839 27017 101992 41610 130440 93416 40323 54385 56764 62479 129858 69869 64557 19905 30843 9912 32413 29203 65803 61282 19314 102749 83048 25606 69159 28402 73159 103704 43555 48157 40938 60698 15923 88587 122390 29092 40436 36583 4944 77183 18052 24443 52398 86936 47841 37924 105813 28760 50136 50954 34657 45229 116894 98527 26661 112305 33639 15136 0 124042 29573 68363 72366 58559 92127 73979 72973 63628 71287 66414 24788 67948 98078 41590 29898 84123 108903 85255 37015 19044 5156 98740 79626 38054 30442 48683 22133 63374 88644 45455 102144 109118 41082 115574 60265 9673 31188 108083 103954 46502 45215 72705 112254 31990 66001 18004 80724 26343 44768 94670 22275 119765 77462 62359 114769 99024 118255 53680 90211 5892 17575 125276 29183 24515 65873 48042 15550 82838 104437 37881 61350 101122 34629 44216 20714 76387 113160 30429 93910 28543 83303 92040 37072 65111 35560 85255 63374 22690 66001 112254 44768 93416 79626 22133 122390 41590 58559 98527 119765 77462
97547 58775 51620 144506 110616 121181 50709 105881 147964 37212 99557 97539 70108 89019 146443 165839 62952 112008 185259 179211 123736 153854 125451 96245 134229 179189 91924 134908 21295 50072 98483 143629 145141 143732 60526 163427 97977 139961 120778 129198 149218 22295 118446 91825 104160 119865 47187 109623 100458 102917 57231 94536 87734 111704 97378 170061 141538 127336 95935 57329 39097 100983 29409 120329 116260 124042 0 152390 65596 57150 102548 52705 53982 111222 132860 55522 150264 102148 134603 59127 93212 97823 41136 167277 149649 157954 143079 124838 33836 68940 113191 103560 90037 109459 72030 40821 78687 26006 62983 96162 71294 172824 116434 109811 95831 70935 96392 82070 51710 82775 142968 64508 117274 48131 104947 136303 55309 123835 56550 51996 65017 84341 47962 95565 78688 60648 119403 107390 98026 130779 106559 61494 116689 136402 150628 89819 159586 135216 62302 105875 100429 114977 184429 49805 113150 66052 130744 72056 172298 90618 64369 97547 149649 72030 144506 64508 82775 136303 70108 68940 109459 22295 93212 102548 39097 56550 51996
57991 100184 101966 8081 136914 33529 104376 51935 23522 127652 60663 146101 113874 65130 46288 35539 89844 142398 42586 38114 41803 1588 33160 57226 28225 40019 78966 19626 131165 108677 54688 65291 13998 69851 125588 15550 66084 52145 67017 24568 85377 148998 41258 63741 54969 34404 106010 42965 51934 67299 110528 67348 67449 116602 58331 21474 62815 38907 64867 139160 124197 51914 141779 43110 36665 29573 152390 0 97902 98453 72692 116072 100587 82931 80664 98212 58601 50514 68246 120433 63741 59367 113149 102644 81304 8897 12594 30948 125217 101462 50892 51800 69865 44208 87184 115302 73779 131275 130479 61982 135521 35748 35989 48335 122879 123931 65565 74787 100717 129971 21720 91526 36598 110164 49032 42179 117928 32876 142177 103746 88867 132244 123241 133562 83130 112801 33258 47146 140482 45513 47192 92472 57118 25049 78045 120496 8744 77317 122772 52780 62064 39461 52568 136559 55654 115170 44898 104022 79787 62673 94674 57991 81304 87184 8081 91526 129971 42179 113874 101462 44208 148998 63741 72692 124197 142177 103746
57807 8356 21480 90958 125077 73562 43575 46304 87572 62787 64974 120963 78843 49982 109069 121142 34637 129007 137183 131525 61855 99121 66354 52832 88704 132345 71816 84480 46516 51205 44855 114839 94936 116981 80436 111686 68051 75087 94828 79006 128457 73966 76109 54466 66434 63500 24914 60193 50458 75609 62958 64227 31193 114719 39644 118345 76006 86224 63724 88649 60312 54526 45859 80067 66801 68363 65596 97902 0 44244 79268 64430 41736 94883 67911 38908 117556 54500 108350 74815 57457 38564 26485 149717 126964 105282 86500 67302 56096 66197 76177 61435 59857 62912 52733 48451 33095 39872 86234 60696 96002 126324 63836 68957 106160 87461 65191 23498 31361 100740 95677 45576 69382 17598 60122 97657 68964 77526 90318 44990 39859 103356 67637 112358 15073 68976 65517 50858 118125 67104 60873 39740 84713 77070 126290 100008 106237 69972 79544 66975 67753 68392 141099 81309 49397 76295 67183 72078 143630 48594 6811 57807 126964 52733 90958 45576 100740 97657 78843 66197 62912 73966 57457 79268 60312 90318 44990
41273 36904 24543 90388 80928 65716 6441 59842 98649 29636 42451 77024 34645 33372 89370 108851 12296 84780 128579 122514 78098 99994 76436 41227 77755 122363 36754 79825 37783 10870 48633 87881 89629 88539 38049 107992 40937 99015 65191 74273 96262 50555 61774 35422 47226 69057 23936 55690 47930 46383 19544 37415 43206 71958 51186 114486 104156 70337 38786 48838 26176 46630 59051 63343 61789 72366 57150 98453 44244 0 46986 22687 3807 58843 103039 5423 93790 48187 79333 32073 36413 53068 29997 116131 95951 103004 90790 74492 26780 22297 56064 47480 32887 54341 15308 17069 29367 44248 44038 39204 53244 115997 63496 53152 62078 43711 39256 41863 13981 56692 86685 7381 62117 36443 49576 79153 26702 67857 51207 5357 10137 59343 28322 68122 46298 25282 66957 58233 73969 87451 51357 6982 59796 86738 96360 55850 104880 103809 36570 49040 43283 59505 127294 43129 71968 32317 87190 28106 117071 35829 37814 41273 95951 15308 90388 7381 56692 79153 34645 22297 54341 50555 36413 46986 26176 51207 5357
27555 74981 66757 65353 66044 41705 53068 62541 83868 68266 18793 73533 44137 31372 46213 69424 48003 71432 90384 84474 74850 74241 67405 33726 45169 83569 10640 53505 84500 52477 50055 41117 59815 41564 57200 76292 12710 97969 18284 49912 50087 90767 31910 27200 22420 58498 68197 42167 43385 6189 47476 15787 57355 47363 57946 81736 106824 34661 17315 70619 65316 37285 105705 29585 43425 58559 102548 72692 79268 46986 0 53102 50710 16704 114340 50658 47937 39112 32359 53295 24074 61131 75425 70873 49325 73497 70799 63192 69222 35726 21980 29671 19560 37000 31760 61831 47191 91118 61011 21833 64268 77470 49476 27383 50467 53073 15590 62443 58350 57479 53762 40412 40863 79253 34018 38407 52983 40583 73726 51457 43224 59668 60058 61039 72311 46978 52984 55838 68016 85435 35411 45602 17264 73651 49489 47809 75955 113344 54195 24126 15483 37943 85424 70234 77448 46544 84890 35641 70131 34410 72646 27555 49325 31760 65353 40412 57479 38407 44137 35726 37000 90767 24074 0 65316 73726 51457
58119 56388 43125 108014 64555 82587 21011 81817 118948 15817 56273 57227 18536 51851 99091 121190 34983 67527 141786 135751 99822 117650 97253 59850 92478 135189 42716 96723 39889 13268 69939 93191 105735 92729 16007 123836 52361 121269 70643 91511 96941 37833 76546 52471 61816 89335 40610 74546 68088 55120 5756 49907 65728 60729 73323 130032 126702 83535 52079 26186 13610 65568 65615 76869 79923 92127 52705 116072 64430 22687 53102 0 23638 59186 125678 26917 100821 67372 83816 10534 52333 75387 43632 114604 97643 119536 109765 94835 19407 17436 68829 64276 46549 72119 28972 18442 51606 50838 21860 54259 31573 128910 82779 68365 46904 23976 51836 64543 33140 37650 101586 26906 79513 52629 67293 90280 4596 83886 28652 19858 32159 40076 7256 50286 68515 8026 86437 79455 55149 109480 69185 29531 69279 107103 98895 40470 121644 126487 15298 63924 55836 76613 138193 21116 94431 14665 109185 19469 121021 55064 58557 58119 97643 28972 108014 26906 37650 90280 18536 17436 72119 37833 52333 53102 13610 28652 19858
43907 34133 21409 92544 83786 68143 3852 60427 99983 28433 45585 79250 37165 35729 92724 111878 12240 87517 131457 125397 78793 102115 77619 43427 80527 125303 40523 82181 34274 10725 49719 91541 92113 92247 39431 110478 44359 99258 68888 76577 100056 48497 64615 38094 50202 70495 20435 57686 49550 49977 21322 40766 43285 75340 51678 117014 104040 73366 42028 49482 25034 48678 55250 66361 63942 73979 53982 100587 41736 3807 50710 23638 0 62650 102188 3326 97344 50145 83043 33568 39292 53368 26273 119938 99728 105367 92588 75882 24769 25525 59225 50057 36162 56636 18976 14729 29961 40469 45382 42192 54842 118937 65312 55978 65020 45785 42577 41268 10763 59005 89396 10660 64449 33009 51925 82397 27934 70444 51694 3966 11725 61624 28544 70710 44878 27283 68690 59300 76398 87907 53663 8136 63267 88078 100115 58730 107189 103107 38199 51954 46566 61918 130461 43307 72027 34561 87673 31242 120761 37919 35489 43907 99728 18976 92544 10660 59005 82397 37165 25525 56636 48497 39292 50710 25034 51694 3966
44124 90050 80777 76291 54009 54979 64321 78915 96929 74988 35270 64740 45495 48008 47619 72508 62196 59495 93369 87813 90331 84400 82274 50343 54706 86403 23220 64859 94929 62007 66622 35744 69246 34342 58752 83771 29405 113234 16981 62256 38035 96743 44561 43890 38198 73508 81651 57691 59809 22317 54145 32430 74029 33746 74587 88403 122433 44046 34020 71102 72499 53622 117831 40972 57962 72973 111222 82931 94883 58843 16704 59186 62650 0 130687 63262 44842 55374 26168 56352 40773 77776 88485 57298 38479 82160 83044 77846 77388 42291 34978 45658 35881 52330 44505 71542 63460 102901 61130 38509 61754 80790 64404 42116 41574 51951 32294 78967 71538 52242 62218 53200 54976 93342 49904 43424 57783 52931 74126 62551 57099 53898 65356 52290 88681 51798 67694 71991 58883 100817 51117 58916 26084 87491 39735 40953 84740 129567 55818 39602 31905 52296 85603 72636 93751 48901 100247 39836 62042 51105 88162 44124 38479 44505 76291 53200 52242 43424 45495 42291 52330 96743 40773 16704 72499 74126 62551
86852 75731 87096 78669 176124 81564 105314 51799 58147 128230 95547 177190 135200 85314 117806 115545 90780 180997 122132 118352 43727 80859 53989 80838 92649 120469 112664 81636 114417 112890 64525 132663 87930 136551 140995 95839 101837 29280 121653 79395 151757 141697 90940 88469 92585 60694 91350 73823 70957 108416 122378 99621 61604 160347 57267 100696 20155 98010 97495 151670 125294 77082 108929 95846 75781 63628 132860 80664 67911 103039 114340 125678 102188 130687 0 98867 129990 75314 130743 134974 91234 54255 94280 172382 148596 89484 68953 58642 122184 120645 98064 85091 97779 79279 103272 113220 75936 106858 146985 92788 155847 116412 69009 89722 157722 145402 99188 61235 94296 157057 93755 100333 79407 85450 80949 108395 129736 85531 153852 106107 94313 159761 130657 166387 58045 127703 66831 58780 173062 35872 79933 96388 108757 56679 146314 152593 88664 4187 139297 91385 98875 81164 133230 145288 36941 133941 36535 126034 155273 81581 71017 86852 148596 103272 78669 100333 157057 108395 135200 120645 79279 141697 91234 114340 125294 153852 106107
42055 31495 19150 90191 86332 66038 6879 57300 97126 31509 44311 82197 39937 33661 91699 110358 9108 90159 129747 123696 75690 99730 74705 41193 78737 123668 40723 79997 35296 14050 46792 91204 90030 92073 42650 108384 43554 96028 68696 74356 100350 51104 62924 36308 48705 67711 18783 55260 46899 49521 24403 39848 40045 77315 48532 114954 100748 71885 40929 52803 28144 46310 55050 64878 61620 71287 55522 98212 38908 5423 50658 26917 3326 63262 98867 0 96716 47709 82881 36755 37727 50169 25239 120468 99879 103169 89990 73067 27499 27716 57947 48128 35144 54439 18969 17375 26891 40520 48613 40743 58017 117303 62751 54289 67493 48789 41600 37945 8677 61903 87533 10249 62268 31185 49785 81204 31173 68480 55020 7282 9527 64540 31868 73453 41617 30298 66074 56352 79238 84731 51483 5973 62501 85230 100143 61256 104946 99781 41354 50378 45511 59810 129119 46626 68767 37479 84504 33529 120503 35624 32546 42055 99879 18969 90191 10249 61903 81204 39937 27716 54439 51104 37727 50658 28144 55020 7282
59858 115487 110198 55599 92777 49640 100109 83840 80075 116158 53788 106873 89566 68207 12598 32668 92095 98004 51645 46908 86277 59551 76007 64753 37370 44860 58559 48859 131573 100233 76283 10056 45727 13868 102919 51643 53210 105117 30234 50596 27557 138603 42772 63937 51283 69785 112556 61119 69172 47434 95276 57018 88759 72104 84234 53713 115778 33356 56345 115670 113241 63851 151041 38160 56451 66414 150264 58601 117556 93790 47937 100821 97344 44842 129990 96716 0 64417 18927 99863 61329 87054 120144 44179 23279 53399 65379 71351 117128 83386 41417 56232 61811 56661 78529 109453 84736 137042 105723 57977 106588 40415 62616 48766 84658 96701 55392 95951 103454 96712 38235 86717 52851 122072 58176 21913 100322 45328 118726 98623 88121 98170 107619 94954 106521 94258 63907 76030 100937 94750 57890 91105 34315 75353 19759 85134 55865 127562 99930 50595 51771 52288 41367 116586 95818 92634 94084 82469 26542 69057 111716 59858 23279 78529 55599 86717 96712 21913 89566 83386 56661 138603 61329 47937 113241 118726 98623
12152 54140 52936 42515 103213 19774 53959 23566 51749 77684 20362 107453 69035 15537 54938 67218 39362 108393 84714 78810 36642 52026 31084 7672 34533 79270 38962 32846 81037 58681 12306 63436 43248 66416 78994 61381 26869 59856 47613 27111 80141 98627 21877 15990 17394 22470 56618 7551 4934 33119 62153 25308 24397 85903 20613 68058 68123 31916 22887 92129 74216 2029 94103 26268 14121 24788 102148 50514 54500 48187 39112 67372 50145 55374 75314 47709 64417 0 58889 73328 17725 23718 64077 101558 77717 55807 42659 27923 74860 55011 24691 9943 24943 8431 38586 64873 24350 82262 84470 18221 91195 73044 15435 16216 85818 79632 24475 31800 50445 88614 42264 41529 15607 62788 6430 43540 69882 23337 94990 53415 38421 91196 74312 95573 42287 65453 19066 16746 102550 47254 6541 42014 35125 40039 76233 81614 57452 74241 76451 16494 23631 14048 87042 88383 38380 69336 46767 58934 90914 12425 49440 12152 77717 38586 42515 41529 88614 43540 69035 55011 8431 98627 17725 39112 74216 94990 53415
51191 105130 98164 63318 74667 49345 85426 81088 86895 99430 43399 88183 71419 58398 24840 49405 79526 79992 69542 64395 87521 69487 77860 57014 41900 62622 42825 53805 116844 84600 71195 9590 54328 9206 84741 64922 40769 108639 14190 53501 21303 121638 39839 53899 42777 70203 99967 57785 63823 33712 78443 44703 82083 53832 79497 68315 118865 33457 44788 97245 96682 57780 137873 34907 54979 67948 134603 68246 108350 79333 32359 83816 83043 26168 130743 82881 18927 58889 0 82019 50893 82578 107349 42669 18899 65048 72073 73103 101014 66459 34197 49357 49420 52550 64073 94035 75288 123391 87276 47664 87803 57569 61736 42720 65790 78119 43452 88581 90329 77795 46536 72657 51339 110482 52473 26134 82926 45676 100277 83810 75029 79244 90375 76156 99067 76867 64023 73326 82245 97130 52813 77642 24062 79853 17941 66208 67655 128837 81779 42886 40609 49727 60211 98546 94689 74664 96489 64934 37786 60182 102053 51191 18899 64073 63318 72657 77795 26134 71419 66459 52550 121638 50893 32359 96682 100277 83810
63079 66830 53588 112455 54626 86937 31267 89602 125073 22217 59849 46700 11352 57860 99457 122568 44227 57356 143434 137464 107248 122020 103916 65673 95494 136688 43665 100868 48852 23613 77244 91568 109319 90597 6036 127086 55034 129217 69690 95922 93143 41281 79908 57751 65530 95670 51137 80170 74623 56399 12597 53214 74301 52668 81339 133060 135125 85935 55623 18843 21356 71422 74851 79591 85032 98078 59127 120433 74815 32073 53295 10534 33568 56352 134974 36755 99863 73328 82019 0 57081 83605 54095 109596 94284 123220 115032 101165 27770 18985 71408 69009 50597 77177 34884 28741 59947 60354 12014 58510 21278 130511 88533 72171 37635 13647 55067 73739 43467 27290 104560 34991 84210 63155 72430 91501 5938 87752 21790 29965 40777 29652 11371 40095 78323 7887 92269 86590 44727 117185 74336 38589 70268 113353 95893 31316 125446 135622 4766 67706 58840 81208 138668 16941 102773 7516 116852 17654 118344 61357 68840 63079 94284 34884 112455 34991 27290 91501 11352 18985 77177 41281 57081 53295 21356 21790 29965
6053 54477 48970 55689 85802 30264 42774 39720 68550 64467 7608 89728 51842 7622 54744 72634 31450 90921 92180 86118 54290 65320 48687 10629 41364 86011 21597 44425 72941 45750 26717 57628 53725 59577 62509 72012 11456 77462 37490 39178 71171 86450 25362 3175 10998 39914 51587 23541 20888 19029 46792 8474 33309 69144 34222 78397 85442 34163 6803 75915 61057 15697 90190 27159 27959 41590 93212 63741 57457 36413 24074 52333 39292 40773 91234 37727 61329 17725 50893 57081 0 37372 59244 92558 69542 67389 57959 45260 62866 38300 20595 11973 7222 20107 23529 53453 24423 76725 67758 3352 73991 79645 31921 16747 68186 62365 8507 38718 43114 70957 50342 29073 27225 60744 15415 43855 54253 31816 78869 41753 28334 73524 59514 77866 48886 49313 35702 33903 84836 64874 17314 31767 27471 57109 68834 63901 69428 90528 59828 12665 10314 24290 91454 72893 54656 52470 64403 41733 86758 10338 51185 6053 69542 23529 55689 29073 70957 43855 51842 38300 20107 86450 0 24074 61057 78869 41753
33686 41548 46217 52576 121887 38502 57045 8117 50348 81610 42572 123553 82257 31097 76654 84713 41134 126792 99407 93920 26126 60570 28219 27438 53436 94959 58542 47143 76712 63805 11460 86819 57321 89954 89617 73408 48436 45948 71246 42044 103847 99596 44331 34462 40755 24992 50701 25955 18801 55516 71208 45841 10363 106239 3195 80017 51546 53808 43909 101517 78284 25001 83305 49107 31381 29898 97823 59367 38564 53068 61131 75387 53368 77776 54255 50169 87054 23718 82578 83605 37372 0 56857 125245 101373 66907 47964 28771 76936 67599 48389 33516 43645 30522 49998 66944 23781 74299 95517 39303 103699 89151 26747 39860 103567 92728 45633 16086 48741 103667 59143 48668 34688 52060 30110 65502 78938 42838 104038 57284 43236 106355 81378 112448 23783 75930 27668 12722 119214 34589 29816 46086 58840 39156 99805 98571 67767 53935 87562 40105 45947 34816 104660 96172 19194 81479 34384 72683 113589 27420 35835 33686 101373 49998 52576 48668 103667 65502 82257 67599 30522 99596 37372 61131 78284 104038 57284
62180 18569 11198 105480 107751 83764 25771 64954 107155 38038 66563 100743 60827 53326 113984 130464 28052 110989 148700 142751 82647 114549 84763 59365 97939 143076 65780 96791 20588 31712 58552 115322 107272 116490 59021 125232 67099 99047 93174 91055 125366 47483 82996 57054 70033 79714 7670 71239 61574 73689 44058 63215 46945 101045 56610 131941 101170 92690 63800 65017 36131 63263 30950 85819 78063 84123 41136 113149 26485 29997 75425 43632 26273 88485 94280 25239 120144 64077 107349 54095 59244 56857 0 145640 124748 119373 103131 84472 30959 51237 79825 67571 58408 72058 44055 25481 39765 18200 64367 62539 74362 136781 77244 74632 89455 67605 64776 40979 17078 81275 106162 35315 79649 9893 67990 103003 48187 86979 66274 27612 32322 83708 44922 93804 37913 49999 79899 67010 98781 89660 69355 29832 85845 95742 124855 83030 120789 96202 58822 71332 68382 77754 149890 57181 72067 57501 89619 56675 144692 53886 23717 62180 124748 44055 105480 35315 81275 103003 60827 51237 72058 47483 59244 75425 36131 66274 27612
93500 145794 137491 99768 78746 90859 121608 123589 124235 130308 85304 96664 98244 100169 56741 72716 118756 82615 86605 83720 128768 103531 118738 99468 80662 81039 79908 92498 151956 118990 113864 39744 89906 35855 110303 94307 81672 148689 55091 93524 21488 150877 82019 95669 85251 111692 138658 100266 106491 74111 110102 85490 124572 62956 122166 95129 159230 74372 86066 120239 128196 100435 175129 77058 96988 108903 167277 102644 149717 116131 70873 114604 119938 57298 172382 120468 44179 101558 42669 109596 92558 125245 145640 0 23952 96923 109497 113995 133572 98680 76866 91989 89925 95112 101586 128487 116924 160187 110763 89475 107564 78771 103632 85385 80226 101167 84553 130871 128618 95139 82382 110325 93312 150030 95142 64378 112373 86851 122887 119829 113830 95429 119954 87680 141268 106745 105576 115786 91362 137837 95464 115907 66609 119094 26071 83913 99280 170235 107720 85480 82268 91970 71549 124046 136877 102169 137179 95223 28573 102288 143217 93500 23952 101586 99768 110325 95139 64378 98244 98680 95112 150877 92558 70873 128196 122887 119829
70054 123488 115974 77606 75454 67034 101799 99638 101896 113453 62123 91473 83132 77100 35045 55338 97239 80303 72768 68666 105066 82343 95131 75907 57528 66331 59208 69486 132894 100137 90021 16374 67958 12112 96079 74922 59055 125404 32176 70101 4327 135075 58076 72593 61670 87905 117515 76316 82651 51701 92624 62957 100981 55951 98310 76891 135848 50626 63261 107548 110978 76643 154911 53115 73076 85255 149649 81304 126964 95951 49325 97643 99728 38479 148596 99879 23279 77717 18899 94284 69542 101373 124748 23952 0 76533 87046 90375 115826 80752 53036 68240 67569 71173 80916 109669 93964 140197 97661 66362 96417 62630 79744 61518 71200 88120 61842 107454 107671 85021 60226 89634 69403 128410 71292 41154 96101 63094 110441 100098 92534 85949 103703 80529 117923 90168 81765 91834 85666 114312 71570 94919 42958 96027 3724 73253 79030 146519 93251 61782 59229 68026 60026 110046 112951 86772 113658 78240 24827 78996 120591 70054 0 80916 77606 89634 85021 41154 83132 80752 71173 135075 69542 49325 110978 110441 100098
61929 107149 108175 14333 136094 37307 109097 59744 31938 131792 63434 146269 116009 69657 41621 27436 95095 141576 33805 29228 50543 8639 41601 61976 28337 31123 80719 23187 136835 112931 61322 60984 13912 65554 128148 6757 68297 60821 65654 28816 80724 153513 43322 67777 57796 41944 112086 48360 57820 68527 113895 70020 74471 115490 65638 13133 71427 38895 67663 141772 128362 56997 148522 44202 41695 37015 157954 8897 105282 103004 73497 119536 105367 82160 89484 103169 53399 55807 65048 123220 67389 66907 119373 96923 76533 0 21379 39012 129770 104248 52326 55678 73009 48737 90914 120003 79712 137559 132800 65283 137274 26963 42216 51195 122968 125792 68155 81962 106251 130974 19977 95897 40918 116893 53447 39619 121095 35650 144828 108344 93708 133143 126764 133715 90683 115749 39945 54425 140542 54408 51705 97320 57048 33910 73115 121028 2618 86097 125267 55655 64405 43503 43759 139648 64275 117587 53795 106366 72897 67555 101747 61929 76533 90914 14333 95897 130974 39619 116009 104248 48737 153513 67389 73497 128362 144828 108344
51954 89279 92022 10075 136453 29272 96427 40240 14870 120335 56277 144180 109443 58006 52783 46597 81291 141902 55160 50579 29209 13374 20807 49981 30190 52381 75571 18515 121788 101336 44646 70702 19974 75143 120462 28104 62344 41165 68345 20924 90892 141073 38944 57384 50714 23454 96221 35275 43105 64948 104402 62902 56672 116727 47258 34050 51960 39785 60309 133871 116867 44335 131024 42086 30001 19044 143079 12594 86500 90790 70799 109765 92588 83044 68953 89990 65379 42659 72073 115032 57959 47964 103131 109497 87046 21379 0 19199 117354 96244 48889 46091 64663 37856 80811 107299 64454 121114 125651 56768 131450 47789 27294 44348 121246 119796 61290 63746 91682 126991 27151 84188 31135 99516 42612 46211 112019 30306 136816 95970 80899 129392 116799 131751 71572 107240 23919 36279 138752 33369 40707 84456 56981 12589 84059 118258 21316 65780 117760 48550 58263 34211 64593 130628 43092 110330 32734 99399 88551 55082 83658 51954 87046 80811 10075 84188 126991 46211 109443 96244 37856 141073 57959 70799 116867 136816 95970
39301 70171 73456 24935 129029 23916 79732 21068 24173 104117 45854 134578 96927 43306 59228 60406 64115 134348 72443 67331 14931 32047 4761 35592 34042 68741 65475 23577 103552 85275 26526 74253 31872 78275 106874 45703 52463 35822 65787 20763 93724 124085 34181 43852 41020 5503 77753 21847 26757 57012 89770 51912 37705 110515 28174 52118 45800 39795 49319 119928 100662 29891 111936 38767 19890 5156 124838 30948 67302 74492 63192 94835 75882 77846 58642 73067 71351 27923 73103 101165 45260 28771 84472 113995 90375 39012 19199 0 100566 82932 43000 34550 52436 26412 66323 90440 46692 102324 112380 45021 119092 63418 13785 35891 112389 107509 50664 44624 73902 116157 36182 68388 22958 80499 30312 49790 97551 27429 122756 79476 64397 118699 101623 122468 52385 93280 10209 17471 129484 24027 28560 67841 53092 12278 87936 108599 39561 56296 104354 39137 48590 25551 79788 115929 26396 97259 23386 86819 96824 39853 64518 39301 90375 66323 24935 68388 116157 49790 96927 82932 26412 124085 45260 63192 100662 122756 79476
67950 47747 35226 117157 82172 92471 20927 84370 124618 7195 68372 72412 37714 60152 114081 134724 36506 84583 154777 148709 102800 126755 102168 67995 104209 148434 58584 106595 21118 17317 74259 110154 116348 110101 31117 134703 65866 122379 87337 101051 115383 23781 88166 62089 73453 95206 31259 82389 74317 70105 23470 62728 66622 79941 75560 141167 126290 96327 64450 34466 6456 73350 47162 89391 88553 98740 33836 125217 56096 26780 69222 19407 24769 77388 122184 27499 117128 74860 101014 27770 62866 76936 30959 133572 115826 129770 117354 100566 0 35105 81785 74181 58557 81122 40051 10132 54226 32971 35533 65466 45357 142080 90073 79595 65398 41096 64648 63238 28535 54387 113207 33901 88895 40833 76354 104426 22803 94525 35476 21471 36461 56497 16597 67393 64176 27429 93459 83795 71360 111494 78137 32898 84131 112724 116843 59052 131656 123612 31917 75367 68743 86267 152678 26421 94940 33712 111308 38389 138623 62559 51564 67950 115826 40051 117157 33901 54387 104426 37714 35105 81122 23781 62866 69222 6456 35476 21471
44335 59106 46829 93494 58905 67981 25466 72878 106643 32973 40864 56734 14658 39757 81836 104323 32115 62976 125066 119060 89945 103049 85915 47340 76601 118390 25480 81888 53494 20779 60071 75796 90351 75425 24221 108170 36144 112428 53210 76967 80278 55251 60947 39191 46545 77466 45924 61621 56720 38077 11986 34233 59101 49869 65051 114190 119009 67194 36638 37715 30301 53056 77861 60745 66251 79626 68940 101462 66197 22297 35726 17436 25525 42291 120645 27716 83386 55011 66459 18985 38300 67599 51237 98680 80752 104248 96244 82932 35105 0 52585 50164 31668 58403 17608 30042 44711 62767 29496 39589 36456 112157 70012 53186 39967 25182 36092 59963 36220 36453 85683 21202 65318 58517 53704 73306 17413 68766 40718 23626 27382 39159 24332 46770 66363 11618 73774 69130 53037 100146 55607 26609 52168 95025 81846 33874 106467 120894 21531 48721 39898 62300 120999 35532 86747 14340 99770 5884 103814 43424 59599 44335 80752 17608 93494 21202 36453 73306 14658 0 58403 55251 38300 35726 30301 40718 23626
18444 74109 69451 43428 87635 20088 62502 47276 62261 82497 13644 95508 63736 26941 34160 52940 52032 93069 73147 67088 56097 52456 47522 23511 24168 66698 28395 31556 93241 64471 36998 39128 38459 41865 76097 55771 16488 78642 23591 27973 55458 104922 9948 22853 9930 38925 72163 24264 29625 16407 63082 19119 48232 68237 45301 61659 88172 14711 17349 89722 79208 23618 110764 8197 23211 38054 113191 50892 76177 56064 21980 68829 59225 34978 98064 57947 41417 24691 34197 71408 20595 48389 79825 76866 53036 52326 48889 43000 81785 52585 0 15312 23261 18834 41734 72853 43321 97312 80581 17351 84959 60360 29865 8575 72440 73465 17182 55072 63676 79080 33178 48691 20053 81014 18279 23298 69823 18616 92801 61302 48717 81355 76075 83019 65644 64196 32943 39659 89996 66391 18707 52043 10717 52535 51627 69728 54692 96519 73173 9208 13093 17520 71239 88115 61402 65461 65796 54229 67483 27639 70300 18444 53036 41734 43428 48691 79080 23298 63736 52585 18834 104922 20595 21980 79208 92801 61302
6251 59974 56736 43739 94754 18407 53698 33440 57155 76119 11372 100043 63435 14565 47750 62942 40813 100021 81764 75736 45261 53377 38402 8653 30709 75848 30925 32593 82868 57259 22056 54424 42167 57170 74385 60522 18027 68449 37733 27255 70529 97883 15440 12105 7496 29464 59927 12801 14751 23559 58755 17400 32923 76857 30366 67006 77165 25340 14791 87833 72686 8515 98262 18766 16144 30442 103560 51800 61435 47480 29671 64276 50057 45658 85091 48128 56232 9943 49357 69009 11973 33516 67571 91989 68240 55678 46091 34550 74181 50164 15312 0 18585 8389 35392 64540 29144 85523 79560 10746 85521 69505 20835 7526 77865 73870 16114 39837 52439 81830 39412 40281 15253 67642 4376 36383 66225 20389 90799 52836 38600 84335 71440 87918 50417 61263 24578 26339 94934 55875 5995 42176 25406 45980 66912 74055 57654 83913 71672 6589 14356 12340 82322 84866 48152 64242 55345 53359 82536 13741 55810 6251 68240 35392 43739 40281 81830 36383 63435 50164 8389 97883 11973 29671 72686 90799 52836
13141 55946 48823 61868 78824 36347 39328 46544 75588 59519 9864 82514 44863 12628 56580 76187 30370 83900 96248 90180 61467 71451 55901 17712 46074 89878 14897 50351 70367 41255 33416 57003 59190 58428 55876 77300 8715 84616 35436 45331 68793 81825 30056 9414 15278 47111 50877 30659 27957 15878 40889 4808 38528 62597 40557 83538 92482 37774 5915 69379 56179 22914 89253 30860 34728 48683 90037 69865 59857 32887 19560 46549 36162 35881 97779 35144 61811 24943 49420 50597 7222 43645 58408 89925 67569 73009 64663 52436 58557 31668 23261 18585 0 26928 18530 49597 27642 75250 60993 7922 66976 83525 39009 21820 61064 55333 6460 43111 41643 63747 55169 25543 33657 61074 22382 46266 48124 37372 72371 38080 26317 66309 53791 70678 52816 42936 42790 40983 77641 72037 24255 29387 27498 64221 67240 56708 75148 97201 53132 17375 10405 30633 94430 66728 61423 45668 71572 34778 86364 16226 53305 13141 67569 18530 61868 25543 63747 46266 44863 31668 26928 81825 7222 19560 56179 72371 38080
14101 62546 60975 36128 102645 11763 60378 28554 48768 83444 19483 108308 71791 20970 46784 58861 46509 107952 76642 70698 38006 45766 30459 13252 26162 71077 39151 25559 88488 64476 19630 56338 35682 59577 82615 53992 26062 61014 42412 19943 73850 104892 13892 19649 14649 21525 64528 5460 12701 30812 66675 25739 32553 84361 27616 60607 70102 23737 23122 96015 79990 8825 102289 18592 7855 22133 109459 44208 62912 54341 37000 72119 56636 52330 79279 54439 56661 8431 52550 77177 20107 30522 72058 95112 71173 48737 37856 26412 81122 58403 18834 8389 26928 0 43152 71294 32491 90206 87845 19130 93892 64818 12629 10455 85998 82244 24371 40072 57877 90196 34110 47339 7832 71080 4836 35435 74232 15006 98962 59664 44971 92693 79228 96132 50487 69391 16310 20856 103153 48528 2987 48583 29552 37643 69453 82305 50557 77813 79929 12877 22180 5711 78649 92862 42569 72541 47968 61704 83201 18860 57870 14101 71173 43152 36128 47339 90196 35435 71791 58403 0 104892 20107 37000 79990 98962 59664
29194 46748 36422 79114 74351 53771 21580 55315 90314 41074 28380 73923 32264 23057 74431 94674 18328 78827 114777 108710 72577 88758 69033 30985 64476 108399 21758 67945 53060 22737 42614 72576 77217 73276 40689 95462 25982 94904 49913 62647 81385 63305 48419 23504 33623 60824 37147 45639 39739 31101 23604 22700 41670 62162 47443 101792 101404 56300 24406 53606 37704 36730 73997 49390 50951 63374 72030 87184 52733 15308 31760 28972 18976 44505 103272 18969 78529 38586 64073 34884 23529 49998 44055 101586 80916 90914 80811 66323 40051 17608 41734 35392 18530 43152 0 31312 27396 59359 46361 25758 53934 102050 53927 39978 55458 42777 24610 43110 27045 53811 73543 8748 50594 48960 38324 64485 31299 55308 56434 20114 13048 56512 36081 63368 50449 26998 57622 51821 69907 82684 40213 14429 44672 78542 81217 49843 92957 103426 38310 35626 28702 47729 112731 49844 69139 31694 82322 22774 101785 26483 45930 29194 80916 0 79114 8748 53811 64485 32264 17608 43152 63305 23529 31760 37704 56434 20114
58339 40137 27042 107253 82981 82737 10926 74313 114487 15049 59304 75294 36506 50346 105733 125741 26375 85965 145581 139514 92740 116832 92038 58113 94809 139326 51241 96817 23485 9539 64127 102946 106674 103205 33543 125039 57295 112525 80100 91236 109540 33775 78812 52490 64206 85085 23659 72414 64234 62097 20092 53961 56660 78171 65509 131544 116669 87251 55512 40257 12092 63399 48124 80273 78648 88644 40821 115302 48451 17069 61831 18442 14729 71542 113220 17375 109453 64873 94035 28741 53453 66944 25481 128487 109669 120003 107299 90440 10132 30042 72853 64540 49597 71294 31312 0 44108 33093 38909 56187 48897 132962 80031 70198 65146 42347 55849 53562 18997 56017 103750 24380 79093 34874 66557 95771 22898 84922 41869 11713 26453 58393 19559 68719 55187 25559 83393 73666 73468 101524 68315 22864 75907 102594 110432 58697 121850 114495 33427 66054 59923 76519 143997 32865 85115 32859 101327 34490 131802 52629 43313 58339 109669 31312 107253 24380 56017 95771 36506 30042 71294 33775 53453 61831 12092 41869 11713
24878 30866 28600 65976 101321 44102 33739 30501 70541 58383 31893 101300 59294 16894 76838 91276 17784 105946 109057 103142 48836 75224 48006 20522 58596 103561 41225 57030 57421 40178 20179 81760 67507 83888 65974 85496 35338 69696 61895 51292 95571 77522 44418 21389 33471 41489 32385 31477 21902 42979 47486 31647 14441 87588 21819 92200 75197 54444 30866 77744 54994 23667 69799 47903 38298 45455 78687 73779 33095 29367 47191 51606 29961 63460 75936 26891 84736 24350 75288 59947 24423 23781 39765 116924 93964 79712 64454 46692 54226 44711 43321 29144 27642 32491 27396 44108 0 57963 71906 27624 80318 97308 37791 36610 82559 69592 32413 16197 27259 81124 66571 24959 39952 38681 28741 65505 55186 47490 80258 33799 19458 83829 57637 90734 25249 52355 40716 29613 97300 58085 29924 22391 51620 58695 93225 77113 81201 76207 64005 34176 34736 38202 110956 72417 42866 58201 57826 50116 110645 15693 27006 24878 93964 27396 65976 24959 81124 65505 59294 44711 32491 77522 24423 47191 54994 80258 33799
79993 33618 29390 123638 114964 101928 38580 82416 124641 39754 83868 105311 69308 71147 131415 148461 45280 117506 166842 160881 99701 132665 102411 77424 116010 161174 80992 114991 12486 41995 76625 131714 125470 132586 64063 143430 83834 114745 109209 109255 140495 39583 100912 74705 87633 97669 25681 89438 79770 90015 53166 80031 64654 111231 74286 150140 115876 110496 80851 66407 39384 81425 15095 103575 96260 102144 26006 131275 39872 44248 91118 50838 40469 102901 106858 40520 137042 82262 123391 60354 76725 74299 18200 160187 140197 137559 121114 102324 32971 62767 97312 85523 75250 90206 59359 33093 57963 0 68467 79965 78209 154867 95408 92470 97715 73888 81694 58246 33675 87306 124297 50734 97823 22778 86083 120578 54920 105097 66843 40360 48934 89451 49477 100285 53599 58437 98018 84901 104332 106093 87479 45959 102743 113387 140568 91293 138960 109237 64710 89028 85456 95894 167788 58183 88359 65499 106105 67504 161022 71900 39381 79993 140197 59359 123638 50734 87306 120578 69308 62767 90206 39583 76725 91118 39384 66843 40360
73803 78133 64853 122581 47746 97133 42870 101400 136135 28762 69832 36886 16918 69121 106556 130373 56226 49567 151365 145474 118909 132067 115277 76798 104749 144522 52278 110857 56346 35128 88914 96862 118891 95378 5992 136342 64528 141029 75998 106105 96021 42536 89527 68686 75523 106903 62107 91117 86013 64886 24609 63140 86282 50287 93209 142127 147055 94819 65650 9974 29223 82527 82304 88772 95681 109118 62983 130479 86234 44038 61011 21860 45382 61130 146985 48613 105723 84470 87276 12014 67758 95517 64367 110763 97661 132800 125651 112380 35533 29496 80581 79560 60993 87845 46361 38909 71906 68467 0 68903 9998 138460 99508 82148 33377 9622 64914 85751 54991 19802 113724 46964 94631 73759 83172 99409 17449 97639 13005 41678 52785 21507 19516 32704 90223 19592 103269 98179 35988 128929 85072 50598 78259 124501 99655 27896 135100 147636 8052 77715 68481 91589 145596 13825 114699 15334 128584 26465 122236 72713 80412 73803 97661 46361 122581 46964 19802 99409 16918 29496 87845 42536 67758 61011 29223 13005 41678
6079 57803 52304 53972 84994 28455 45603 41068 67882 66823 4287 89601 52703 10739 51468 69686 34685 90182 89394 83327 54832 63567 48675 11963 38769 83160 20763 42508 76008 48260 28319 54309 51518 56301 63798 69721 9133 78057 34385 37433 68058 88952 22711 6235 8022 39794 54888 23174 21967 16412 48641 7088 35892 67826 36122 76035 86322 31174 4723 77299 63440 16237 93488 24169 26879 41082 96162 61982 60696 39204 21833 54259 42192 38509 92788 40743 57977 18221 47664 58510 3352 39303 62539 89475 66362 65283 56768 45021 65466 39589 17351 10746 7922 19130 25758 56187 27624 79965 68903 0 74778 76794 31427 14219 67698 63126 6401 41582 46326 71179 47811 31832 25737 64095 14744 40641 55960 29634 80289 44518 31423 73703 61482 77583 51851 50831 35197 34827 84583 65453 16570 34804 24144 56632 65601 63662 67385 91947 61051 9904 7227 22711 88379 74582 56024 53574 64958 42639 83418 12976 54463 6079 66362 25758 53972 31832 71179 40641 52703 39589 19130 88952 3352 21833 63440 80289 44518
80035 87951 74680 127755 39511 102526 52511 109245 142539 38455 75222 27117 22165 76129 108580 132938 65275 40716 153961 148177 126401 137103 122219 83549 109001 147048 56605 115918 65986 44812 96511 97304 123418 95379 15574 140428 69465 148838 77650 111428 94374 49994 94301 75240 80857 113661 72018 97522 93114 68797 33700 68562 94752 45364 101263 145979 155223 98748 71146 14384 39116 89209 91840 93073 101656 115574 71294 135521 96002 53244 64268 31573 54842 61754 155847 58017 106588 91195 87803 21278 73991 103699 74362 107564 96417 137274 131450 119092 45357 36456 84959 85521 66976 93892 53934 48897 80318 78209 9998 74778 0 141132 105909 87398 27833 11655 70222 94644 64690 12834 117819 55542 100318 83735 89349 102292 27048 102658 16226 51237 61534 13573 29507 24574 99537 28154 109689 105584 26791 136589 91229 59591 81463 131069 98720 23664 139651 156368 16676 83046 73514 97245 147211 21495 122890 22248 136217 32277 121212 79837 90089 80035 96417 53934 127755 55542 12834 102292 22165 36456 93892 49994 73991 64268 39116 16226 51237
75354 126937 125753 38909 132221 53286 122392 82878 58830 142845 73711 145151 121605 84051 33270 8283 110307 137558 12924 7049 76405 35602 66772 77444 38861 6367 86858 42025 152319 124780 81471 50196 31926 54272 134639 20964 76651 87779 63965 47347 66946 165282 54385 81015 68772 65114 129197 66444 76340 74137 123154 79478 95136 111360 87311 18233 98361 45752 77645 148088 139565 73642 167107 52700 59669 60265 172824 35748 126324 115997 77470 128910 118937 80790 116412 117303 40415 73044 57569 130511 79645 89151 136781 78771 62630 26963 47789 63418 142080 112157 60360 69505 83525 64818 102050 132962 97308 154867 138460 76794 141132 0 62639 63016 122236 130275 77542 102847 121943 132753 30806 108625 57482 135830 68792 39065 129559 49830 151195 121309 107824 134551 136121 132860 112462 123732 61494 76433 139231 81125 67447 111331 60285 60366 58914 121695 28063 113051 131640 66983 73451 59107 16825 147427 89606 123960 80497 112914 51656 82989 121941 75354 62630 102050 38909 108625 132753 39065 121605 112157 64818 165282 79645 77470 139565 151195 121309
25888 65111 66050 28237 115251 12985 69147 21666 36648 93054 32091 120875 83755 30928 51309 57984 54145 120567 73349 67697 26260 37433 17938 22944 27016 68573 51737 20659 95192 74062 19200 64072 31102 67780 94125 48302 38687 48850 53170 15338 82805 113806 21946 30824 27241 9105 70048 8396 15999 43289 77522 38230 32677 96829 24707 55017 58308 29507 35625 107362 89586 17211 106326 26837 6800 9673 116434 35989 63836 63496 49476 82779 65312 64404 69009 62751 62616 15435 61736 88533 31921 26747 77244 103632 79744 42216 27294 13785 90073 70012 29865 20835 39009 12629 53927 80031 37791 95408 99508 31427 105909 62639 0 22304 98620 94286 36934 40340 64807 102606 32401 56932 10398 74704 16684 40704 85223 17292 110251 68677 53613 105126 89738 108730 49823 80677 3781 14241 115748 36532 14874 57177 40303 25216 77619 94882 43555 67172 91523 25380 34806 12391 77947 103761 33346 84281 35941 73643 88878 27848 59836 25888 79744 53927 28237 56932 102606 40704 83755 70012 12629 113806 31921 49476 89586 110251 68677
12479 67462 63910 40440 93398 15151 59497 38729 56748 81041 12333 100036 65596 21324 40242 56177 47451 98767 75482 69424 48273 49922 40219 16169 24619 69380 31223 28723 89347 62435 28509 47278 37371 50203 77264 55519 18016 71118 32028 24031 64001 103136 8639 18007 6642 31402 66969 15915 21146 21244 62709 19014 40150 74636 36792 61817 80390 18064 16551 90851 77654 15296 105425 11311 16052 31188 109811 48335 68957 53152 27383 68365 55978 42116 89722 54289 48766 16216 42720 72171 16747 39860 74632 85385 61518 51195 44348 35891 79595 53186 8575 7526 21820 10455 39978 70198 36610 92470 82148 14219 87398 63016 22304 0 77328 75767 17241 47213 59137 82643 33620 45819 13570 74997 9786 28894 69907 15589 93879 58496 44809 85046 75604 87689 57791 64615 25689 31159 94708 58716 10132 48317 19237 46296 60017 74052 53351 88268 74440 4468 13936 10583 75322 88480 52963 66835 58141 55699 75129 21061 63332 12479 61518 39978 40440 45819 82643 28894 65596 53186 10455 103136 16747 27383 77654 93879 58496
73700 98979 86427 115709 18972 92066 64210 107379 134074 59686 66535 23306 28692 72884 88982 113953 71961 23389 134698 129235 122454 124407 116256 78771 94914 127731 46976 103907 86443 57744 94188 74818 109619 72147 35317 125004 59937 145645 58551 100376 68654 75891 82377 70434 71519 107325 85047 90651 89021 56312 45435 60647 96418 17551 100664 129835 153517 84201 63190 41603 58990 83801 112382 79844 93112 108083 95831 122879 106160 62078 50467 46904 65020 41574 157722 67493 84658 85818 65790 37635 68186 103567 89455 80226 71200 122968 121246 112389 65398 39967 72440 77865 61064 85998 55458 65146 82559 97715 33377 67698 27833 122236 98620 77328 0 24899 61768 98516 75783 15066 103000 60954 90896 97601 82167 84899 42814 91050 43861 62480 67039 15207 48949 10762 105779 39632 102304 102047 17604 133052 83860 66542 65950 123477 73902 6450 125505 157501 33769 73529 63869 87882 125999 47189 122095 32295 132574 34084 95961 76723 99565 73700 71200 55458 115709 60954 15066 84899 28692 39967 85998 75891 68186 50467 58990 43861 62480
68405 79649 66509 116145 41088 90887 43957 98059 130908 35013 63576 33524 10626 64656 98014 122125 55354 43715 143146 137310 115033 125515 110682 71998 97558 136262 45079 104320 62213 36559 85221 87691 111918 86079 10420 129046 57856 137594 67243 99798 86435 51309 82736 63660 69216 102090 64323 85903 81643 57399 24503 56912 84029 41209 90213 134670 144179 87385 59493 19428 34640 77639 88257 81605 90003 103954 70935 123931 87461 43711 53073 23976 45785 51951 145402 48789 96701 79632 78119 13647 62365 92728 67605 101167 88120 125792 119796 107509 41096 25182 73465 73870 55333 82244 42777 42347 69592 73888 9622 63126 11655 130275 94286 75767 24899 0 58579 84355 56139 13675 106424 45137 88664 76515 77710 91311 19453 91060 22342 42479 51259 16117 24501 26455 89849 18502 98067 94202 31178 125284 79588 49646 70324 119460 90162 18953 128152 145784 9184 71406 61897 85592 136898 23065 111895 11508 124900 20698 112740 68393 81274 68405 88120 42777 116145 45137 13675 91311 10626 25182 82244 51309 62365 53073 34640 22342 42479
12416 61690 55051 57680 78834 32314 45693 47465 73022 65320 5014 83944 48363 15976 50148 70092 36724 84059 90324 84264 60981 67153 54488 18358 40665 83879 14811 45944 76806 47330 34710 50781 54260 52362 60073 72145 2966 84211 29669 41249 63265 87741 24865 11664 10642 45560 57218 28885 28348 10611 46110 1940 41816 61466 42460 78254 92598 31853 1728 73677 62027 22523 95652 25067 31830 46502 96392 65565 65191 39256 15590 51836 42577 32294 99188 41600 55392 24475 43452 55067 8507 45633 64776 84553 61842 68155 61290 50664 64648 36092 17182 16114 6460 24371 24610 55849 32413 81694 64914 6401 70222 77542 36934 17241 61768 58579 0 47139 48068 65915 49773 31939 30170 67203 20400 39931 53064 32743 76718 44405 32761 68386 59091 71804 57211 47614 40660 41156 78820 71609 22107 35847 21078 62010 61350 57948 70380 98344 57231 12835 4097 27090 88148 71538 62420 49608 71103 38460 80113 18843 58763 12416 61842 24610 57680 31939 65915 39931 48363 36092 24371 87741 8507 15590 62027 76718 44405
37401 25547 30640 67665 117345 50291 44617 24193 66399 68551 45644 116696 74330 31162 86734 97762 29576 121901 113689 108027 41670 76056 44294 31636 65475 108854 57197 60982 61109 51989 21403 94190 71442 96763 79762 88305 50105 59310 75829 55516 109399 85101 53667 35545 45834 40440 35186 36933 27413 57731 61143 46676 7721 103784 16495 94984 63108 63716 45479 90646 65381 32146 67315 57936 43428 45215 82070 74787 23498 41863 62443 64543 41268 78967 61235 37945 95951 31800 88581 73739 38718 16086 40979 130871 107454 81962 63746 44624 63238 59963 55072 39837 43111 40072 43110 53562 16197 58246 85751 41582 94644 102847 40340 47213 98516 84355 47139 0 34703 96395 72247 39219 46146 35981 37829 75331 68535 54355 92930 45227 33128 99100 69810 106435 10581 66492 42092 27641 112893 49060 38317 35156 64541 55240 106382 92953 83000 61946 78069 45949 48803 45372 117736 84570 31878 72860 48965 65563 122341 28635 19918 37401 107454 43110 67665 39219 96395 75331 74330 59963 40072 85101 38718 62443 65381 92930 45227
46675 23525 10645 92810 94535 69631 12214 56405 97596 34046 50198 89660 47826 37903 97751 115293 11695 98232 134159 128145 74795 102190 75007 44741 83127 128287 48728 83240 30617 19879 47378 98395 93530 99484 49141 111773 50282 93895 76145 77520 108293 50861 67681 41218 54067 68738 10174 57913 48810 56713 31644 46440 38380 85939 47611 118426 97769 77073 47192 58068 31019 49314 47647 70110 64562 72705 51710 100717 31361 13981 58350 33140 10763 71538 94296 8677 103454 50445 90329 43467 43114 48741 17078 128618 107671 106251 91682 73902 28535 36220 63676 52439 41643 57877 27045 18997 27259 33675 54991 46326 64690 121943 64807 59137 75783 56139 48068 34703 0 69507 91678 18341 65664 22507 53467 86962 37642 72468 59997 13666 15363 72100 36900 81367 36321 37689 67869 56656 86960 83179 55015 12755 69140 85809 107794 69486 107875 95522 48189 55537 51795 63460 134419 51205 66446 45082 83017 41977 127757 39120 25422 46675 107671 27045 92810 18341 69507 86962 47826 36220 57877 50861 43114 58350 31019 59997 13666
76863 93032 79964 122438 27999 97754 57383 108459 138929 47999 70906 20382 22187 74308 99757 124492 67947 30200 145449 139797 124778 131536 119644 81141 102647 138493 51420 110547 75460 50105 95394 87139 117282 84874 23279 133631 64662 147679 68813 106460 82741 62050 88793 72685 76340 110855 77894 94329 91144 62675 37892 64463 95470 32616 100992 138874 154776 92110 67082 26942 47942 86589 101505 86969 97743 112254 82775 129971 100740 56692 57479 37650 59005 52242 157057 61903 96712 88614 77795 27290 70957 103667 81275 95139 85021 130974 126991 116157 54387 36453 79080 81830 63747 90196 53811 56017 81124 87306 19802 71179 12834 132753 102606 82643 15066 13675 65915 96395 69507 0 111192 57359 95995 90143 85923 94415 33126 97370 29007 55845 63551 2706 37829 13030 102451 31829 106373 103996 17531 135213 87740 62268 74222 127802 87512 11783 133434 157237 22694 78481 68738 92918 137783 33245 122699 24445 134790 31037 109847 78138 94449 76863 85021 53811 122438 57359 0 94415 22187 36453 90196 62050 70957 57479 47942 29007 55845
45496 96141 95085 17412 116188 22492 92984 53516 41854 114617 45347 126304 96850 53950 25645 25594 80132 121673 42547 36589 50729 22999 40396 46972 9109 37007 61464 12676 122210 96055 50844 43996 7818 48516 109274 22628 49540 67482 45836 17123 64187 136755 25127 51304 39929 36438 98616 35651 45542 49029 95872 51692 64527 95647 57077 28506 78246 19104 49516 122899 111243 42923 136360 24981 28908 31990 142968 21720 95677 86685 53762 101586 89396 62218 93755 87533 38235 42264 46536 104560 50342 59143 106162 82382 60226 19977 27151 36182 113207 85683 33178 39412 55169 34110 73543 103750 66571 124297 113724 47811 117819 30806 32401 33620 103000 106424 49773 72247 91678 111192 0 79385 26681 105036 38259 20461 102813 19224 125979 92039 78007 113325 108842 113751 82059 97275 31844 46535 120571 57954 36819 81574 37113 37686 57124 101125 22537 90976 106348 37919 45835 28408 45573 121209 62400 98634 57286 87404 61858 52574 91179 45496 60226 73543 17412 79385 111192 20461 96850 85683 34110 136755 50342 53762 111243 125979 92039
34050 39037 28010 83450 79926 58591 13812 54931 92558 36181 35073 77724 35203 26398 82079 101470 11024 84110 121218 115152 72919 93076 70588 34356 70432 114991 30503 72737 44933 17174 43076 81038 82448 81853 41021 100802 33700 94447 58476 67230 90129 57616 54433 28189 39854 62911 28481 48962 41664 39399 22540 30117 39318 69211 46498 107270 100152 62957 31431 52899 32715 39884 65298 55964 54893 66001 64508 91526 45576 7381 40412 26906 10660 53200 100333 10249 86717 41529 72657 34991 29073 48668 35315 110325 89634 95897 84188 68388 33901 21202 48691 40281 25543 47339 8748 24380 24959 50734 46964 31832 55542 108625 56932 45819 60954 45137 31939 39219 18341 57359 79385 0 55069 40476 42540 71805 30284 60629 55486 12688 6198 60057 33365 67970 45179 27456 60472 52625 74189 82591 44352 6018 52610 80664 89895 54985 97810 100827 39102 41682 35946 52399 119926 47956 67809 33642 82290 27028 110310 29108 38852 34050 89634 8748 83450 0 57359 71805 35203 21202 47339 57616 29073 40412 32715 55486 12688
21401 69522 68525 28524 106906 4207 68183 30989 43185 91117 25156 113570 78332 28750 42024 51842 54328 112288 69107 63205 36492 38169 27525 21083 19333 63687 44603 17734 96280 72176 24912 53839 27870 57475 89532 46165 31347 58688 42985 12160 72428 112657 11563 27144 19654 19141 72159 9213 18970 34765 74004 31768 38463 87948 32123 52787 68398 19515 29174 103018 87669 16419 109707 16439 3679 18004 117274 36598 69382 62117 40863 79513 64449 54976 79407 62268 52851 15607 51339 84210 27225 34688 79649 93312 69403 40918 31135 22958 88895 65318 20053 15253 33657 7832 50594 79093 39952 97823 94631 25737 100318 57482 10398 13570 90896 88664 30170 46146 65664 95995 26681 55069 0 78355 12541 31035 81477 8251 105997 67448 52794 98429 86665 101242 56303 76487 13018 23183 108263 46568 10788 56406 30194 32793 67333 87575 42763 77558 86788 17524 27283 3081 71755 100117 43576 79299 45958 68309 79283 26690 64651 21401 69403 50594 28524 55069 95995 31035 78332 65318 7832 112657 27225 40863 87669 105997 67448
62795 10846 12565 102748 116138 82546 33397 60152 102285 47885 68295 109855 69178 54086 115021 129927 31274 119571 147374 141519 77104 111497 80274 59109 97231 142041 70238 94881 28980 40129 55575 117980 105428 119501 68285 123001 69764 92009 96425 89198 129334 56793 83024 58202 71090 76087 12601 69525 59650 76810 52499 65828 42844 108348 52328 129718 93407 92982 66029 74757 45889 62274 31632 86304 76366 80724 48131 110164 17598 36443 79253 52629 33009 93342 85450 31185 122072 62788 110482 63155 60744 52060 9893 150030 128410 116893 99516 80499 40833 58517 81014 67642 61074 71080 48960 34874 38681 22778 73759 64095 83735 135830 74704 74997 97601 76515 67203 35981 22507 90143 105036 40476 78355 0 67422 103803 57219 86083 76076 35152 36257 92631 54421 102477 30821 58534 77008 63244 107673 83326 68582 34553 88025 91215 128245 91223 118127 87559 67911 72132 70497 76780 149635 66982 65587 66052 83344 64176 147286 53939 16632 62795 128410 48960 102748 40476 90143 103803 69178 58517 71080 56793 60744 79253 45889 76076 35152
9370 59245 56983 40951 99114 16258 55650 29447 53206 78625 15729 104267 67218 16211 48999 62577 42004 104374 80797 74816 40887 50592 34088 8726 29957 75092 35203 30261 84050 59665 18729 57026 40251 59987 77902 58599 22387 64074 41373 24698 73737 100118 15988 14823 11707 25162 60408 8487 11361 27887 61860 21602 30584 81230 27024 65181 72808 26103 19014 91272 75173 5683 98423 20108 12641 26343 104947 49032 60122 49576 34018 67293 51925 49904 80949 49785 58176 6430 52473 72430 15415 30110 67990 95142 71292 53447 42612 30312 76354 53704 18279 4376 22382 4836 38324 66557 28741 86083 83172 14744 89349 68792 16684 9786 82167 77710 20400 37829 53467 85923 38259 42540 12541 67422 0 37582 69432 19036 94209 54908 40292 88446 74397 92179 48376 64629 20455 22168 99191 51500 1906 43901 28780 41893 69803 78295 55304 79708 75235 10445 18731 10036 82218 88057 44029 67886 50970 57117 84637 14350 54792 9370 71292 38324 40951 42540 85923 37582 67218 53704 4836 100118 15415 34018 75173 94209 54908
41020 96354 92491 37222 96916 27734 85594 61999 61078 104645 36898 108135 82543 49807 11417 31067 75304 102381 51983 46067 64672 43456 54501 45035 16374 45194 47896 28344 116498 87128 55013 24797 28219 29100 95577 40510 38560 84335 26515 29169 44841 127194 21665 45950 32971 47961 95334 39556 48113 35229 84536 41811 67921 76163 62771 44980 94854 11719 40374 109024 101451 43239 133914 17623 34599 44768 136303 42179 97657 79153 38407 90280 82397 43424 108395 81204 21913 43540 26134 91501 43855 65502 103003 64378 41154 39619 46211 49790 104426 73306 23298 36383 46266 35435 64485 95771 65505 120578 99409 40641 102292 39065 40704 28894 84899 91311 39931 75331 86962 94415 20461 71805 31035 103803 37582 0 90718 23415 112131 84331 72010 96348 97441 95646 85827 84833 42030 54213 102294 73496 37014 75318 21236 54875 38427 83708 42237 106085 92577 31723 35877 30691 48254 108431 73918 84902 72835 73882 48253 49919 92163 41020 41154 64485 37222 71805 94415 0 82543 73306 35435 127194 43855 38407 101451 112131 84331
60155 60946 47692 109899 60216 84400 25470 85177 121590 18098 57675 52636 14958 54348 99168 121735 38962 63089 142465 136455 103034 119512 100120 62283 93712 135798 42869 98464 43685 17765 73068 92392 107238 91709 11520 125207 53341 124725 70088 93364 95210 38975 77907 54635 63299 92048 45204 76918 70863 55490 7825 51162 69434 57148 76781 131309 130372 84482 53450 22638 16580 68029 69573 77946 82072 94670 55309 117928 68964 26702 52983 4596 27934 57783 129736 31173 100322 69882 82926 5938 54253 78938 48187 112373 96101 121095 112019 97551 22803 17413 69823 66225 48124 74232 31299 22898 55186 54920 17449 55960 27048 129559 85223 69907 42814 19453 53064 68535 37642 33126 102813 30284 81477 57219 69432 90718 0 85485 25310 24238 35824 35528 7618 45835 72789 6067 88920 82519 50604 112822 71334 33405 69570 109793 97508 36411 123257 130473 10702 65443 56979 78526 138356 18640 98052 10925 112510 18007 119798 57701 63045 60155 96101 31299 109899 30284 33126 90718 14958 17413 74232 38975 54253 52983 16580 25310 24238
26585 77463 75929 25119 106152 4380 74087 38734 44002 96282 27903 114086 81002 34833 34099 43881 60946 111599 61763 55787 41980 34461 32187 27749 11209 56105 46153 13260 103020 77517 33161 47144 21910 51028 92813 40207 33208 63046 39139 9385 66358 118190 8673 32442 22224 24846 79417 17440 27069 34863 78250 34558 46686 86519 40329 46642 73198 12479 32129 106411 92869 23826 117285 12059 11471 22275 123835 32876 77526 67857 40583 83886 70444 52931 85531 68480 45328 23337 45676 87752 31816 42838 86979 86851 63094 35650 30306 27429 94525 68766 18616 20389 37372 15006 55308 84922 47490 105097 97639 29634 102658 49830 17292 15589 91050 91060 32743 54355 72468 97370 19224 60629 8251 86083 19036 23415 85485 0 109445 73214 58954 99698 91114 101612 64545 80204 18766 31028 108596 51455 17625 62540 27027 35061 60784 88252 37775 83425 89974 20057 29190 9303 63722 104067 50537 82345 50813 71175 71597 33355 72685 26585 63094 55308 25119 60629 97370 23415 81002 68766 15006 118190 31816 40583 92869 109445 73214
84863 82004 68884 134212 55355 108699 48547 110417 146736 28297 81547 41031 29606 79481 119454 143142 63473 56057 164110 158195 128331 143764 125392 87352 116950 157290 64682 122593 54363 40974 98375 109862 130919 108351 16705 148560 76550 149910 88969 117685 108699 34627 101506 79505 87237 117255 65496 101902 96115 77373 33136 74888 94358 61301 101959 154445 155332 107192 77328 3107 30209 93104 79431 100998 106817 119765 56550 142177 90318 51207 73726 28652 51694 74126 153852 55020 118726 94990 100277 21790 78869 104038 66274 122887 110441 144828 136816 122756 35476 40718 92801 90799 72371 98962 56434 41869 80258 66843 13005 80289 16226 151195 110251 93879 43861 22342 76718 92930 59997 29007 125979 55486 105997 76076 94209 112131 25310 109445 0 47757 60810 29778 23201 40609 96190 29588 113976 107829 41961 138075 96115 58124 90933 134976 112502 39166 147082 154801 19647 89418 80423 102992 158534 9094 123078 27370 137771 38586 135080 82906 85062 84863 110441 56434 134212 55486 29007 112131 29606 40718 98962 34627 78869 73726 30209 0 47757
46630 37190 24163 95686 81114 71061 1854 64289 103607 24685 47710 75996 34260 38699 94455 114134 16151 84707 133906 127840 82634 105283 81301 46524 83103 127675 41044 85162 33052 6784 53427 92496 94981 93012 35756 113345 45991 103190 69724 79600 100255 45252 67115 40780 52540 74065 22573 60934 53019 51189 17979 42543 47227 73465 55558 119842 108003 75626 43990 45570 21255 51886 55345 68638 67081 77462 51996 103746 44990 5357 51457 19858 3966 62551 106107 7282 98623 53415 83810 29965 41753 57284 27612 119829 100098 108344 95970 79476 21471 23626 61302 52836 38080 59664 20114 11713 33799 40360 41678 44518 51237 121309 68677 58496 62480 42479 44405 45227 13666 55845 92039 12688 67448 35152 54908 84331 24238 73214 47757 0 15104 58435 24591 67771 48688 24023 72105 63020 73308 91803 56681 11639 64772 91697 100631 56126 110211 107047 34647 54369 48454 64847 132509 39344 75977 31430 91564 29125 121588 41092 38898 46630 100098 20114 95686 12688 55845 84331 34260 23626 59664 45252 41753 51457 21255 47757 0
32537 33705 23693 80827 86011 56537 15541 49828 88544 39721 35127 83919 41388 24142 82650 100927 5284 90239 120243 114195 68025 90394 66303 31740 69221 114187 33983 70527 44608 21000 38497 83039 80525 84169 46813 98883 34928 89151 60856 64904 93282 60213 53439 26812 39331 58976 24983 45961 37916 41374 28216 31103 33610 74865 41235 105445 94566 62491 31946 58320 36269 36955 63010 55490 52230 62359 65017 88867 39859 10137 43224 32159 11725 57099 94313 9527 88121 38421 75029 40777 28334 43236 32322 113830 92534 93708 80899 64397 36461 27382 48717 38600 26317 44971 13048 26453 19458 48934 52785 31423 61534 107824 53613 44809 67039 51259 32761 33128 15363 63551 78007 6198 52794 36257 40292 72010 35824 58954 60810 15104 0 66249 38214 74153 38985 33393 57018 48097 80385 77472 42006 3613 53814 76632 92569 61113 95509 94875 45007 40952 36551 50309 119784 52973 62275 39754 77198 33190 112404 26208 33083 32537 92534 13048 80827 6198 63551 72010 41388 27382 44971 60213 28334 43224 36269 60810 15104
79414 95625 82535 124744 26279 100140 59958 111123 141407 50002 73368 17700 24876 76943 101484 126282 70632 28131 147210 141590 127400 133805 122210 83739 104829 140249 53834 112854 77527 52638 98049 88524 119484 86152 25388 135722 67086 150318 70587 108818 83558 63367 91103 75281 78776 113410 80419 96864 93760 64948 40468 66954 98172 32622 103675 140911 157444 94260 69573 27930 50068 89170 103557 89203 100216 114769 84341 132244 103356 59343 59668 40076 61624 53898 159761 64540 98170 91196 79244 29652 73524 106355 83708 95429 85949 133143 129392 118699 56497 39159 81355 84335 66309 92693 56512 58393 83829 89451 21507 73703 13573 134551 105126 85046 15207 16117 68386 99100 72100 2706 113325 60057 98429 92631 88446 96348 35528 99698 29778 58435 66249 0 39991 11225 105140 34412 108891 106627 15077 137845 90257 64951 76301 130313 88520 13036 135613 159937 24996 80909 71158 95355 139329 34633 125379 27066 137419 33737 110762 80776 97083 79414 85949 56512 124744 60057 2706 96348 24876 39159 92693 63367 73524 59668 50068 29778 58435
65265 59400 46158 115178 65576 89776 25346 88039 125768 10866 63525 56281 22148 58823 106145 128380 40480 68029 149003 142972 106182 124817 103928 66839 99733 142393 49765 103923 37713 17821 76427 99811 112972 99202 14614 131084 59603 127322 77399 98687 102825 31387 83798 59582 69062 96130 43083 81547 74866 62249 12994 57163 71519 64001 79443 137285 132441 90780 59333 21169 10141 72537 63759 84121 87014 99024 47962 123241 67637 28322 60058 7256 28544 65356 130657 31868 107619 74312 90375 11371 59514 81378 44922 119954 103703 126764 116799 101623 16597 24332 76075 71440 53791 79228 36081 19559 57637 49477 19516 61482 29507 136121 89738 75604 48949 24501 59091 69810 36900 37829 108842 33365 86665 54421 74397 97441 7618 91114 23201 24591 38214 39991 0 50817 73007 13560 93373 85987 54939 115686 76283 35298 76393 113899 105088 42662 128864 131630 15326 71166 63089 83780 145283 14813 100285 18094 115411 25535 127349 61953 62145 65265 103703 36081 115178 33365 37829 97441 22148 24332 79228 31387 59514 60058 10141 23201 24591
83521 104842 91932 126350 15054 102527 69389 116633 144426 61030 76649 12555 33547 82146 99594 124580 78829 17261 145273 139847 132145 135094 126243 88372 105636 138309 56995 114527 88478 62350 103453 85042 120343 82204 36301 135765 70108 155277 69270 110914 77728 74526 92941 79962 81758 117335 90099 100666 98578 66803 49999 70590 104853 24985 109626 140590 162904 94928 73166 38953 60943 93547 114526 90496 103363 118255 95565 133562 112358 68122 61039 50286 70710 52290 166387 73453 94954 95573 76156 40095 77866 112448 93804 87680 80529 133715 131751 122468 67393 46770 83019 87918 70678 96132 63368 68719 90734 100285 32704 77583 24574 132860 108730 87689 10762 26455 71804 106435 81367 13030 113751 67970 101242 102477 92179 95646 45835 101612 40609 67771 74153 11225 50817 0 113129 43948 112441 111582 7024 142708 93909 73239 76686 133705 83398 13978 136249 166329 35597 83803 74091 98209 136320 45837 131206 36435 142247 40990 105126 86000 105925 83521 80529 63368 126350 67970 13030 95646 33547 46770 96132 74526 77866 61039 60943 40609 67771
47876 19993 29323 76351 124724 60401 47716 31334 72517 70186 55976 122832 80265 41276 97220 107637 34520 129081 123000 117436 46860 84316 51313 42185 75587 118378 66430 70460 58501 55423 31400 104755 80802 107300 84252 97166 60171 61275 86190 65135 119811 84468 64164 45728 56357 48774 33744 47106 37791 67822 65839 56624 17936 112166 25210 103788 63301 74184 55584 94145 67270 42693 60763 68478 53430 53680 78688 83130 15073 46298 72311 68515 44878 88681 58045 41617 106521 42287 99067 78323 48886 23783 37913 141268 117923 90683 71572 52385 64176 66363 65644 50417 52816 50487 50449 55187 25249 53599 90223 51851 99537 112462 49823 57791 105779 89849 57211 10581 36321 102451 82059 45179 56303 30821 48376 85827 72789 64545 96190 48688 38985 105140 73007 113129 0 71541 51194 36336 119367 52550 48819 40220 75048 62002 116895 99976 91549 59442 82862 56509 59077 55687 127621 87482 34800 78364 52586 72147 132920 38980 14319 47876 117923 50449 76351 45179 102451 85827 80265 66363 50487 84468 48886 72311 67270 96190 48688
55290 61213 48137 104801 57753 79282 25555 81823 117200 23563 52322 51987 10952 49977 93179 115873 37156 61048 136646 130647 99407 114387 96030 57801 88186 129954 36947 93269 47756 18405 69403 86329 101865 85664 13755 119738 47743 121449 64024 88263 89340 44946 72479 49917 57983 87785 46160 72321 66736 49615 6069 45735 66756 52880 73617 125781 127472 78811 48091 26685 21585 63552 73324 72351 77245 90211 60648 112801 68976 25282 46978 8026 27283 51798 127703 30298 94258 65453 76867 7887 49313 75930 49999 106745 90168 115749 107240 93280 27429 11618 64196 61263 42936 69391 26998 25559 52355 58437 19592 50831 28154 123732 80677 64615 39632 18502 47614 66492 37689 31829 97275 27456 76487 58534 64629 84833 6067 80204 29588 24023 33393 34412 13560 43948 71541 0 84408 78728 49317 109378 66534 31459 63653 105472 91532 33183 117946 128258 11651 60147 51464 73500 132379 23935 95116 7519 109039 11976 113789 53470 62772 55290 90168 26998 104801 27456 31829 84833 10952 11618 69391 44946 49313 46978 21585 29588 24023
29669 67204 68722 25741 118849 14733 72533 21672 32876 96550 35793 124604 87533 34594 52273 57267 57378 124178 71808 66273 23544 34650 14589 26638 27441 67292 55455 19534 98133 77573 21452 65895 29656 69731 97874 46221 42367 45705 56002 14787 84941 117164 24500 34583 30855 6183 72801 12170 19187 46806 81206 41978 34543 100307 25986 52910 55381 31223 39369 111093 93082 20892 108639 29269 9744 5892 119403 33258 65517 66957 52984 86437 68690 67694 66831 66074 63907 19066 64023 92269 35702 27668 79899 105576 81765 39945 23919 10209 93459 73774 32943 24578 42790 16310 57622 83393 40716 98018 103269 35197 109689 61494 3781 25689 102304 98067 40660 42092 67869 106373 31844 60472 13018 77008 20455 42030 88920 18766 113976 72105 57018 108891 93373 112441 51194 84408 0 14947 119461 33550 18634 60563 43205 21439 79518 98606 41121 64826 95279 28947 38457 15433 77148 107441 31936 88048 32940 77421 89956 31437 61813 29669 81765 57622 25741 60472 106373 42030 87533 73774 16310 117164 35702 52984 93082 113976 72105
28754 53089 55985 40100 119694 26648 63129 7845 40952 87703 37107 123254 83580 29693 65112 72071 47292 124823 86713 81207 20834 48417 18393 23284 41209 82238 55440 34436 86111 69096 9600 76661 44601 80095 92468 60857 43604 43727 63186 29414 94610 107134 33865 31629 33823 12845 60285 15542 13027 49807 74693 41882 20402 102617 11215 67500 51544 42679 39534 105114 84275 18646 94785 38804 19627 17575 107390 47146 50858 58233 55838 79455 59300 71991 58780 56352 76030 16746 73326 86590 33903 12722 67010 115786 91834 54425 36279 17471 83795 69130 39659 26339 40983 20856 51821 73666 29613 84901 98179 34827 105584 76433 14241 31159 102047 94202 41156 27641 56656 103996 46535 52625 23183 63244 22168 54213 82519 31028 107829 63020 48097 106627 85987 111582 36336 78728 14947 0 118514 31218 21195 51404 50371 29155 89980 97604 55395 57576 90129 32606 40364 23953 91998 100555 21872 83417 30794 73605 102465 25878 47538 28754 91834 51821 40100 52625 103996 54213 83580 69130 20856 107134 33903 55838 84275 107829 63020
90511 110480 97450 133300 14289 109535 74868 123497 151447 64723 83670 5938 39327 89031 105963 130958 84954 14098 151565 146197 139104 142010 133248 95325 112514 144607 64012 121488 92301 67629 110325 90965 127217 87968 40325 142508 77131 162221 75853 117906 82673 76476 99923 86904 88781 124344 95420 107676 105518 73803 55385 77598 111487 29723 116415 147264 169790 101798 80177 40771 64960 100524 118285 97438 110387 125276 98026 140482 118125 73969 68016 55149 76398 58883 173062 79238 100937 102550 82245 44727 84836 119214 98781 91362 85666 140542 138752 129484 71360 53037 89996 94934 77641 103153 69907 73468 97300 104332 35988 84583 26791 139231 115748 94708 17604 31178 78820 112893 86960 17531 120571 74189 108263 107673 99191 102294 50604 108596 41961 73308 80385 15077 54939 7024 119367 49317 119461 118514 0 149659 100924 79319 83543 140728 88663 20936 143084 173056 40059 90826 81114 105231 142291 48265 138027 41879 149201 47341 110055 92885 111775 90511 85666 69907 133300 74189 17531 102294 39327 53037 103153 76476 84836 68016 64960 41961 73308
59400 72480 79663 42885 150435 47893 91609 27663 25007 116194 67171 154445 114674 60906 82397 79837 75668 155634 87797 83585 10628 45902 19272 54336 57402 85531 86211 46035 110039 98256 40079 98121 52060 102203 123132 60976 73814 12604 89552 44327 117707 133960 58011 62758 63015 27473 84219 43271 44153 79262 105020 72540 44873 132725 36267 66350 21835 63794 70074 135459 112861 49263 112915 62696 43208 29183 130779 45513 67104 87451 85435 109480 87907 100817 35872 84731 94750 47254 97130 117185 64874 34589 89660 137837 114312 54408 33369 24027 111494 100146 66391 55875 72037 48528 82684 101524 58085 106093 128929 65453 136589 81125 36532 58716 133052 125284 71609 49060 83179 135213 57954 82591 46568 83326 51500 73496 112822 51455 138075 91803 77472 137845 115686 142708 52550 109378 33550 31218 149659 0 50032 80476 76748 20898 111806 128733 53886 33023 120897 61376 70231 48884 97942 130432 17750 114369 668 104747 119649 57082 66713 59400 114312 82684 42885 82591 135213 73496 114674 100146 48528 133960 64874 85435 112861 138075 91803
11272 60232 58307 39112 100716 14624 57401 28655 51339 80460 17352 106023 69103 17985 48418 61352 43606 105992 79366 73402 39440 48750 32412 10318 28674 73729 36918 28522 85618 61490 18578 57071 38594 60144 79806 56923 24000 62585 42067 22921 74106 101907 15350 16717 13004 23472 61799 6825 11310 29250 63757 23363 30938 82699 26791 63524 71436 25418 20763 93177 77005 6383 99690 19734 10742 24515 106559 47192 60873 51357 35411 69185 53663 51117 79933 51483 57890 6541 52813 74336 17314 29816 69355 95464 71570 51705 40707 28560 78137 55607 18707 5995 24255 2987 40213 68315 29924 87479 85072 16570 91229 67447 14874 10132 83860 79588 22107 38317 55015 87740 36819 44352 10788 68582 1906 37014 71334 17625 96115 56681 42006 90257 76283 93909 48819 66534 18634 21195 100924 50032 0 45618 29345 40064 69990 80040 53536 78612 77137 11523 20257 8449 81066 89958 43062 69783 49493 59004 84398 15942 55672 11272 71570 40213 39112 44352 87740 37014 69103 55607 2987 101907 17314 35411 77005 96115 56681
36090 33059 22045 84435 85498 60143 11970 52878 91969 36317 38420 82649 40087 27741 85875 104394 5709 89581 123775 117723 71157 93998 69668 35353 72769 117696 36002 74139 41207 17798 41807 85807 84130 86812 44608 102489 37898 92033 63453 68517 95541 56633 56952 30337 42752 62436 22755 49557 41436 44100 25993 34134 36249 75159 44209 109047 97214 65929 35114 55714 32878 40559 60244 58923 55840 65873 61494 92472 39740 6982 45602 29531 8136 58916 96388 5973 91105 42014 77642 38589 31767 46086 29832 115907 94919 97320 84456 67841 32898 26609 52043 42176 29387 48583 14429 22864 22391 45959 50598 34804 59591 111331 57177 48317 66542 49646 35847 35156 12755 62268 81574 6018 56406 34553 43901 75318 33405 62540 58124 11639 3613 64951 35298 73239 40220 31459 60563 51404 79319 80476 45618 0 56832 80059 95060 60483 99122 97076 42962 44412 39710 53915 123183 50101 65002 38151 80217 32487 115149 29818 33065 36090 94919 14429 84435 6018 62268 75318 40087 26609 48583 56633 31767 45602 32878 58124 11639
27186 81946 76007 50283 79870 29489 66181 57967 70995 83930 19864 89241 61368 34758 29969 52302 57793 85348 73207 67270 66562 58619 57706 32954 28992 66430 26706 38781 97540 66944 47398 30170 43683 32321 74355 59421 18947 88875 12907 36268 45135 106504 19006 30315 18718 49284 78273 34977 40039 14169 63555 22712 58024 59818 55716 64681 98567 18266 22069 87826 80811 33893 116729 14979 33555 48042 116689 57118 84713 59796 17264 69279 63267 26084 108757 62501 34315 35125 24062 70268 27471 58840 85845 66609 42958 57048 56981 53092 84131 52168 10717 25406 27498 29552 44672 75907 51620 102743 78259 24144 81463 60285 40303 19237 65950 70324 21078 64541 69140 74222 37113 52610 30194 88025 28780 21236 69570 27027 90933 64772 53814 76301 76393 76686 75048 63653 43205 50371 83543 76748 29345 56832 0 61945 41848 64017 59571 107177 71358 18872 17537 27912 68923 87201 72119 63675 76141 52645 59308 36270 78561 27186 42958 44672 50283 52610 74222 21236 61368 52168 29552 106504 27471 17264 80811 90933 64772
51090 80663 84855 21997 139688 32529 91925 31070 11912 116353 57092 145926 108906 55500 62819 58938 76239 145062 67622 63134 17083 25647 10980 47708 38503 64962 76768 26597 115150 97533 38524 79671 31350 83956 119033 40598 63598 29818 74200 26402 99667 136183 43003 55866 51962 17770 89230 33569 39033 67535 102020 63373 48798 120697 39135 46356 40564 46516 60759 132135 112901 41974 122373 47072 30367 15550 136402 25049 77070 86738 73651 107103 88078 87491 56679 85230 75353 40039 79853 113353 57109 39156 95742 119094 96027 33910 12589 12278 112724 95025 52535 45980 64221 37643 78542 102594 58695 113387 124501 56632 131069 60366 25216 46296 123477 119460 62010 55240 85809 127802 37686 80664 32793 91215 41893 54875 109793 35061 134976 91697 76632 130313 113899 133705 62002 105472 21439 29155 140728 20898 40064 80059 61945 0 93269 119917 33672 53648 116486 49952 59621 35715 77159 128192 31217 109334 20252 98793 99544 52092 74914 51090 96027 78542 21997 80664 127802 54875 108906 95025 37643 136183 57109 73651 112901 134976 91697
69031 123039 115870 74528 78700 64809 102304 97807 98886 114681 61333 94499 84828 76334 31757 51647 97176 83605 69050 64942 102698 79057 92682 74766 54775 62607 59618 66688 133541 100918 88517 13685 64814 9886 97885 71386 58631 122759 31821 67517 8032 136475 56136 71836 60548 85628 117547 74508 81161 51436 93775 62557 99770 58981 96776 73267 133257 48306 62708 109578 112130 75238 155192 51184 71011 82838 150628 78045 126290 96360 49489 98895 100115 39735 146314 100143 19759 76233 17941 95893 68834 99805 124855 26071 3724 73115 84059 87936 116843 81846 51627 66912 67240 69453 81217 110432 93225 140568 99655 65601 98720 58914 77619 60017 73902 90162 61350 106382 107794 87512 57124 89895 67333 128245 69803 38427 97508 60784 112502 100631 92569 88520 105088 83398 116895 91532 79518 89980 88663 111806 69990 95060 41848 93269 0 75731 75596 144165 95023 60534 58550 66085 56388 111846 110908 88396 111149 79571 22580 78071 119992 69031 3724 81217 74528 89895 87512 38427 84828 81846 69453 136475 68834 49489 112130 112502 100631
69579 92751 80126 113147 25078 88995 57844 102676 130737 53445 62829 26011 22246 68182 88568 113418 65961 29127 134313 128727 118174 122043 112334 74398 92792 127348 43155 101283 80069 51319 89492 75493 107490 73154 29307 123385 56333 141301 57739 97496 71015 70218 79597 65985 68016 103438 78682 86777 84600 53389 38997 56695 91128 22391 95726 128442 148935 82140 59282 36693 52662 79588 105984 77386 89609 104437 89819 120496 100008 55850 47809 40470 58730 40953 152593 61256 85134 81614 66208 31316 63901 98571 83030 83913 73253 121028 118258 108599 59052 33874 69728 74055 56708 82305 49843 58697 77113 91293 27896 63662 23664 121695 94882 74052 6450 18953 57948 92953 69486 11783 101125 54985 87575 91223 78295 83708 36411 88252 39166 56126 61113 13036 42662 13978 99976 33183 98606 97604 20936 128733 80040 60483 64017 119917 75731 0 123529 152480 27590 70088 60347 84527 126305 41705 117277 25850 128273 27996 98080 72034 93448 69579 73253 49843 113147 54985 11783 83708 22246 33874 82305 70218 63901 47809 52662 39166 56126
63903 108287 109592 15380 138685 39252 110936 60461 30796 133770 65624 148804 118330 71512 44159 29183 96792 144167 33971 29736 50517 8029 41890 63769 30786 31806 83074 25077 138431 114878 62558 63532 16234 68101 130411 7181 70579 59817 68254 30614 83231 155414 45585 69738 59970 42775 113548 49962 59300 70936 116019 72234 75569 118090 66607 12734 70341 41389 69855 144031 130334 58699 149759 46594 43374 37881 159586 8744 106237 104880 75955 121644 107189 84740 88664 104946 55865 57452 67655 125446 69428 67767 120789 99280 79030 2618 21316 39561 131656 106467 54692 57654 75148 50557 92957 121850 81201 138960 135100 67385 139651 28063 43555 53351 125505 128152 70380 83000 107875 133434 22537 97810 42763 118127 55304 42237 123257 37775 147082 110211 95509 135613 128864 136249 91549 117946 41121 55395 143084 53886 53536 99122 59571 33672 75596 123529 0 85209 127539 57817 66664 45416 44750 141829 64395 119868 53285 108654 75012 69323 102838 63903 79030 92957 15380 97810 133434 42237 118330 106467 50557 155414 69428 75955 130334 147082 110211
85958 77633 88667 75592 175782 79544 106318 50879 54574 129533 94561 177285 135498 84841 115294 112372 91521 180713 118540 114850 41467 77462 51588 80038 90193 117006 112050 79004 116477 113828 63821 130494 84977 134446 141653 92389 100936 25566 120083 76987 149752 143514 89117 87838 91391 58655 92988 72353 70021 107358 123032 98855 61794 159671 56858 97135 16081 95895 96666 152562 126540 76060 111756 93989 73967 61350 135216 77317 69972 103809 113344 126487 103107 129567 4187 99781 127562 74241 128837 135622 90528 53935 96202 170235 146519 86097 65780 56296 123612 120894 96519 83913 97201 77813 103426 114495 76207 109237 147636 91947 156368 113051 67172 88268 157501 145784 98344 61946 95522 157237 90976 100827 77558 87559 79708 106085 130473 83425 154801 107047 94875 159937 131630 166329 59442 128258 64826 57576 173056 33023 78612 97076 107177 53648 144165 152480 85209 0 139882 90112 97861 79434 129856 146323 35925 134360 33691 126200 152645 81065 72753 85958 146519 103426 75592 100827 157237 106085 135498 120894 77813 143514 90528 113344 126540 154801 107047
65866 71576 58341 114844 50272 89362 35980 93385 128138 25934 62109 41947 10367 61083 100124 123617 48633 52846 144560 138629 110863 124360 107234 68780 97330 137760 45036 103163 53035 28354 80871 91362 111355 90158 3012 128940 56971 133014 69917 98343 91904 43476 81954 60699 67803 98874 55903 83135 77965 57736 17027 55428 78407 49431 85226 134806 139106 87546 57907 16556 25462 74513 79076 81370 87773 101122 62302 122772 79544 36570 54195 15298 38199 55818 139297 41354 99930 76451 81779 4766 59828 87562 58822 107720 93251 125267 117760 104354 31917 21531 73173 71672 53132 79929 38310 33427 64005 64710 8052 61051 16676 131640 91523 74440 33769 9184 57231 78069 48189 22694 106348 39102 86788 67911 75235 92577 10702 89974 19647 34647 45007 24996 15326 35597 82862 11651 95279 90129 40059 120897 77137 42962 71358 116486 95023 27590 127539 139882 0 69992 60877 83756 139282 16834 106751 7723 120550 18945 117559 64666 73539 65866 93251 38310 114844 39102 22694 92577 10367 21531 79929 43476 59828 54195 25462 19647 34647
9354 65008 60770 44866 89903 19482 55419 39874 60649 76700 7884 96093 61197 18084 42890 59981 43843 95237 79539 73474 50825 54368 43293 14334 28867 73350 27079 33177 85553 58164 28645 48248 41819 50848 72811 59934 13823 73881 31144 28416 64008 98854 12808 14327 2194 34376 63661 18125 21335 17937 58260 14575 39236 71489 36954 66200 82883 21556 12091 86393 73324 15104 102215 14575 19585 34629 105875 52780 66975 49040 24126 63924 51954 39602 91385 50378 50595 16494 42886 67706 12665 40105 71332 85480 61782 55655 48550 39137 75367 48721 9208 6589 17375 12877 35626 66054 34176 89028 77715 9904 83046 66983 25380 4468 73529 71406 12835 45949 55537 78481 37919 41682 17524 72132 10445 31723 65443 20057 89418 54369 40952 80909 71166 83803 56509 60147 28947 32606 90826 61376 11523 44412 18872 49952 60534 70088 57817 90112 69992 0 9759 14457 78897 84013 54472 62397 60822 51275 76691 18483 61128 9354 61782 35626 44866 41682 78481 31723 61197 48721 12877 98854 12665 24126 73324 89418 54369
12262 64611 58473 54249 80486 29086 49722 47076 70396 69404 3375 86356 51813 17905 46191 65995 40343 85782 86240 80180 59616 63650 52602 18523 36735 79786 17324 42441 80760 51426 34726 47551 50496 49359 63748 68275 4081 82805 27186 37931 60867 91833 21083 13402 7669 43657 60786 27079 27932 9590 50100 6028 43024 62506 42753 74333 91485 27780 4605 77369 66115 21804 99300 21035 29273 44216 100429 62064 67753 43283 15483 55836 46566 31905 98875 45511 51771 23631 40609 58840 10314 45947 68382 82268 59229 64405 58263 48590 68743 39898 13093 14356 10405 22180 28702 59923 34736 85456 68481 7227 73514 73451 34806 13936 63869 61897 4097 48803 51795 68738 45835 35946 27283 70497 18731 35877 56979 29190 80423 48454 36551 71158 63089 74091 59077 51464 38457 40364 81114 70231 20257 39710 17537 59621 58550 60347 66664 97861 60877 9759 0 24216 84075 75398 61971 53215 69701 42018 76801 20181 61444 12262 59229 28702 54249 35946 68738 35877 51813 39898 22180 91833 10314 15483 66115 80423 48454
18549 68187 66679 31401 103974 6228 65625 31797 46218 88373 22076 110526 75268 26189 41904 53178 52029 109347 70949 64998 38651 41038 30021 18735 20486 65367 41533 20340 94058 69464 24466 52716 30220 56203 86508 48575 28276 61122 40784 14921 70928 110011 9953 24347 16579 21412 70214 8865 17972 31820 71082 28691 37764 85117 32086 55148 70683 18993 26100 100007 84931 14535 108000 14912 5692 20714 114977 39461 68392 59505 37943 76613 61918 52296 81164 59810 52288 14048 49727 81208 24290 34816 77754 91970 68026 43503 34211 25551 86267 62300 17520 12340 30633 5711 47729 76519 38202 95894 91589 22711 97245 59107 12391 10583 87882 85592 27090 45372 63460 92918 28408 52399 3081 76780 10036 30691 78526 9303 102992 64847 50309 95355 83780 98209 55687 73500 15433 23953 105231 48884 8449 53915 27912 35715 66085 84527 45416 79434 83756 14457 24216 0 72994 97165 44969 76256 48285 65252 78805 24365 63453 18549 68026 47729 31401 52399 92918 30691 75268 62300 5711 110011 24290 37943 84931 102992 64847
87802 141181 139041 55566 133819 67559 133734 98736 75546 152795 84877 148225 129013 96641 39215 19985 122724 138959 16267 16339 93062 52395 83302 90650 52515 13615 95524 57620 164385 135382 96342 51329 47996 54541 142293 37591 86814 104545 69656 62620 64110 175363 66894 93203 80456 81155 142240 80916 90724 83092 132475 90041 110018 113300 102642 33873 115091 57347 88519 155441 149634 87406 180555 64324 74312 76387 184429 52568 141099 127294 85424 138193 130461 85603 133230 129119 41367 87042 60211 138668 91454 104660 149890 71549 60026 43759 64593 79788 152678 120999 71239 82322 94430 78649 112731 143997 110956 167788 145596 88379 147211 16825 77947 75322 125999 136898 88148 117736 134419 137783 45573 119926 71755 149635 82218 48254 138356 63722 158534 132509 119784 139329 145283 136320 127621 132379 77148 91998 142291 97942 81066 123183 68923 77159 56388 126305 44750 129856 139282 78897 84075 72994 0 155589 106096 131744 97313 121026 43047 96036 136394 87802 60026 112731 55566 119926 137783 48254 129013 120999 78649 175363 91454 85424 149634 158534 132509
78790 72983 59903 128533 60867 103030 40006 102775 140024 19232 76214 48145 27145 72848 116382 139498 55291 62210 160348 154371 120861 138143 118368 80818 112121 153612 60570 117078 45739 32599 91024 108122 125773 106972 13967 143671 71674 142111 86477 111997 108638 28814 96402 73251 81859 110427 56457 95483 89190 73298 26241 69652 86330 64090 94208 149715 147253 102705 71984 8224 21123 86554 71155 96277 100698 113160 49805 136559 81309 43129 70234 21116 43307 72636 145288 46626 116586 88383 98546 16941 72893 96172 57181 124046 110046 139648 130628 115929 26421 35532 88115 84866 66728 92862 49844 32865 72417 58183 13825 74582 21495 147427 103761 88480 47189 23065 71538 84570 51205 33245 121209 47956 100117 66982 88057 108431 18640 104067 9094 39344 52973 34633 14813 45837 87482 23935 107441 100555 48265 130432 89958 50101 87201 128192 111846 41705 141829 146323 16834 84013 75398 97165 155589 0 115096 23955 130150 34593 134388 76123 76130 78790 110046 49844 128533 47956 33245 108431 27145 35532 92862 28814 72893 70234 21123 9094 39344
50033 54742 62277 50779 140177 46301 75610 14957 39706 99983 58658 142474 101403 49228 84197 86796 59859 145181 98051 93187 14167 56462 22843 44129 59219 94749 76220 49728 92522 82598 28007 97398 58256 101049 108790 71032 65013 27451 84976 46113 115896 116979 54897 52027 55647 26293 66837 37147 34098 71494 90346 62948 28770 123782 21713 77128 32356 62850 60745 120594 96724 40167 95238 59855 39897 30429 113150 55654 49397 71968 77448 94431 72027 93751 36941 68767 95818 38380 94689 102773 54656 19194 72067 136877 112951 64275 43092 26396 94940 86747 61402 48152 61423 42569 69139 85115 42866 88359 114699 56024 122890 89606 33346 52963 122095 111895 62420 31878 66446 122699 62400 67809 43576 65587 44029 73918 98052 50537 123078 75977 62275 125379 100285 131206 34800 95116 31936 21872 138027 17750 43062 65002 72119 31217 110908 117277 64395 35925 106751 54472 61971 44969 106096 115096 0 100666 17799 91766 121889 45406 48984 50033 112951 69139 50779 67809 122699 73918 101403 86747 42569 116979 54656 77448 96724 123078 75977
58520 68604 55580 107261 50262 81804 33003 86999 120923 28882 54512 44719 4058 54097 92560 115952 43858 53529 136882 130943 104216 116757 100255 61667 89622 130091 37315 95552 54491 25923 74292 84227 103675 83183 10693 121231 49291 126598 62525 90778 85628 48724 74284 53477 60205 91797 53665 75885 71055 50019 13564 47823 72642 46229 79024 127088 132989 79824 50324 24278 27503 67375 80275 73658 80371 93910 66052 115170 76295 32317 46544 14665 34561 48901 133941 37479 92634 69336 74664 7516 52470 81479 57501 102169 86772 117587 110330 97259 33712 14340 65461 64242 45668 72541 31694 32859 58201 65499 15334 53574 22248 123960 84281 66835 32295 11508 49608 72860 45082 24445 98634 33642 79299 66052 67886 84902 10925 82345 27370 31430 39754 27066 18094 36435 78364 7519 88048 83417 41879 114369 69783 38151 63675 109334 88396 25850 119868 134360 7723 62397 53215 76256 131744 23955 100666 0 114002 11232 110861 57756 70018 58520 86772 31694 107261 33642 24445 84902 4058 14340 72541 48724 52470 46544 27503 27370 31430
58910 72498 79582 42234 149932 47261 91382 27375 24520 115977 66651 153998 114287 60486 81730 79189 75434 155137 87205 82978 10127 45297 18634 53876 56737 84917 85718 45366 109977 98002 39710 97464 51399 101549 122794 60370 73296 13111 88940 43667 117057 133814 57392 62304 62470 26874 84136 42724 43706 78716 104705 72044 44688 132189 36014 65763 22455 63146 69573 135148 112639 48778 113008 62070 42607 28543 130744 44898 67183 87190 84890 109185 87673 100247 36535 84504 94084 46767 96489 116852 64403 34384 89619 137179 113658 53795 32734 23386 111308 99770 65796 55345 71572 47968 82322 101327 57826 106105 128584 64958 136217 80497 35941 58141 132574 124900 71103 48965 83017 134790 57286 82290 45958 83344 50970 72835 112510 50813 137771 91564 77198 137419 115411 142247 52586 109039 32940 30794 149201 668 49493 80217 76141 20252 111149 128273 53285 33691 120550 60822 69701 48285 97313 130150 17799 114002 0 104351 118980 56666 66724 58910 113658 82322 42234 82290 134790 72835 114287 99770 47968 133814 64403 84890 112639 137771 91564
47782 64960 52605 96138 53022 70719 30941 77687 110282 35279 43395 51190 10113 43995 81813 104947 37975 57107 125838 119881 94438 105610 89985 51300 78390 119075 26140 84398 57722 25609 64736 74418 92455 73702 21885 109999 38075 117116 52244 79681 77483 56916 63073 42968 49081 81395 51576 65252 60977 38867 14951 36702 64438 44374 70053 115861 123940 68610 39231 35500 32999 56943 82575 62426 69503 83303 72056 104022 72078 28106 35641 19469 31242 39836 126034 33529 82469 58934 64934 17654 41733 72683 56675 95223 78240 106366 99399 86819 38389 5884 54229 53359 34778 61704 22774 34490 50116 67504 26465 42639 32277 112914 73643 55699 34084 20698 38460 65563 41977 31037 87404 27028 68309 64176 57117 73882 18007 71175 38586 29125 33190 33737 25535 40990 72147 11976 77421 73605 47341 104747 59004 32487 52645 98793 79571 27996 108654 126200 18945 51275 42018 65252 121026 34593 91766 11232 104351 0 101814 47755 65482 47782 78240 22774 96138 27028 31037 73882 10113 5884 61704 56916 41733 35641 32999 38586 29125
85825 141202 135162 78492 99219 75949 123195 110252 102689 136754 79152 115796 107335 93911 37700 46648 116710 103833 58408 55970 111729 80414 101373 90965 62839 53199 80610 73647 154627 122348 102820 29371 68582 28599 120432 69224 77650 129328 51881 76118 27402 158724 69313 89532 77201 95687 137215 87646 95691 71051 115789 81567 115217 80352 110775 68997 140100 59838 81258 132158 134112 90301 175385 64679 82852 92040 172298 79787 143630 117071 70131 121021 120761 62042 155273 120503 26542 90914 37786 118344 86758 113589 144692 28573 24827 72897 88551 96824 138623 103814 67483 82536 86364 83201 101785 131802 110645 161022 122236 83418 121212 51656 88878 75129 95961 112740 80113 122341 127757 109847 61858 110310 79283 147286 84637 48253 119798 71597 135080 121588 112404 110762 127349 105126 132920 113789 89956 102465 110055 119649 84398 115149 59308 99544 22580 98080 75012 152645 117559 76691 76801 78805 43047 134388 121889 110861 118980 101814 0 95040 137650 85825 24827 101785 78492 110310 109847 48253 107335 103814 83201 158724 86758 70131 134112 135080 121588
9216 46540 43006 54625 94777 30564 41704 30660 63904 65272 17011 97518 57767 3854 61212 76580 27666 99776 95090 89093 46701 64205 42573 5629 44129 89310 31122 44398 69701 46266 17468 66297 54534 68591 67120 72853 21782 69542 47214 38739 80833 86339 29178 7222 17840 34351 46260 19872 13303 29300 49930 18723 22981 78821 24335 79463 76906 39056 17131 80088 61805 10801 84529 32371 26023 37072 90618 62673 48594 35829 34410 55064 37919 51105 81581 35624 69057 12425 60182 61357 10338 27420 53886 102288 78996 67555 55082 39853 62559 43424 27639 13741 16226 18860 26483 52629 15693 71900 72713 12976 79837 82989 27848 21061 76723 68393 18843 28635 39120 78138 52574 29108 26690 53939 14350 49919 57701 33355 82906 41092 26208 80776 61953 86000 38980 53470 31437 25878 92885 57082 15942 29818 36270 52092 78071 72034 69323 81065 64666 18483 20181 24365 96036 76123 45406 57756 56666 47755 95040 0 42661 9216 78996 26483 54625 29108 78138 49919 57767 43424 18860 86339 10338 34410 61805 82906 41092
51868 5809 16360 87480 118502 68854 37578 43858 85833 57998 58749 114729 72457 43803 103551 116492 27881 122490 133079 127336 60518 95954 64024 47164 83893 128042 65063 80359 44284 45292 40655 108723 90882 110760 74554 108024 61593 75594 88428 74781 122009 70766 70752 48254 60473 60353 20396 55542 45683 69111 56795 57740 27276 107948 36413 114720 77462 80861 57331 83267 55336 49291 47473 74541 62276 65111 64369 94674 6811 37814 72646 58557 35489 88162 71017 32546 111716 49440 102053 68840 51185 35835 23717 143217 120591 101747 83658 64518 51564 59599 70300 55810 53305 57870 45930 43313 27006 39381 80412 54463 90089 121941 59836 63332 99565 81274 58763 19918 25422 94449 91179 38852 64651 16632 54792 92163 63045 72685 85062 38898 33083 97083 62145 105925 14319 62772 61813 47538 111775 66713 55672 33065 78561 74914 119992 93448 102838 72753 73539 61128 61444 63453 136394 76130 48984 70018 66724 65482 137650 42661 0 51868 120591 45930 87480 38852 94449 92163 72457 59599 57870 70766 51185 72646 55336 85062 38898
0 55675 51520 49921 91062 24653 47520 35085 62505 69868 8888 95476 57889 8855 52230 68619 34998 96241 87717 81673 48783 59565 42823 6269 36684 81711 26812 38838 76965 51009 22506 57122 48405 59488 68535 66754 14986 72004 38548 33470 72019 91641 21010 5861 8627 33996 54514 17523 15942 21834 52632 13159 31157 73880 30492 73222 80242 30514 10781 81919 66435 10161 93011 23647 21955 35560 97547 57991 57807 41273 27555 58119 43907 44124 86852 42055 59858 12152 51191 63079 6053 33686 62180 93500 70054 61929 51954 39301 67950 44335 18444 6251 13141 14101 29194 58339 24878 79993 73803 6079 80035 75354 25888 12479 73700 68405 12416 37401 46675 76863 45496 34050 21401 62795 9370 41020 60155 26585 84863 46630 32537 79414 65265 83521 47876 55290 29669 28754 90511 59400 11272 36090 27186 51090 69031 69579 63903 85958 65866 9354 12262 18549 87802 78790 50033 58520 58910 47782 85825 9216 51868 0 70054 29194 49921 34050 76863 41020 57889 44335 14101 91641 6053 27555 66435 84863 46630
70054 123488 115974 77606 75454 67034 101799 99638 101896 113453 62123 91473 83132 77100 35045 55338 97239 80303 72768 68666 105066 82343 95131 75907 57528 66331 59208 69486 132894 100137 90021 16374 67958 12112 96079 74922 59055 125404 32176 70101 4327 135075 58076 72593 61670 87905 117515 76316 82651 51701 92624 62957 100981 55951 98310 76891 135848 50626 63261 107548 110978 76643 154911 53115 73076 85255 149649 81304 126964 95951 49325 97643 99728 38479 148596 99879 23279 77717 18899 94284 69542 101373 124748 23952 0 76533 87046 90375 115826 80752 53036 68240 67569 71173 80916 109669 93964 140197 97661 66362 96417 62630 79744 61518 71200 88120 61842 107454 107671 85021 60226 89634 69403 128410 71292 41154 96101 63094 110441 100098 92534 85949 103703 80529 117923 90168 81765 91834 85666 114312 71570 94919 42958 96027 3724 73253 79030 146519 93251 61782 59229 68026 60026 110046 112951 86772 113658 78240 24827 78996 120591 70054 0 80916 77606 89634 85021 41154 83132 80752 71173 135075 69542 49325 110978 110441 100098
29194 46748 36422 79114 74351 53771 21580 55315 90314 41074 28380 73923 32264 23057 74431 94674 18328 78827 114777 108710 72577 88758 69033 30985 64476 108399 21758 67945 53060 22737 42614 72576 77217 73276 40689 95462 25982 94904 49913 62647 81385 63305 48419 23504 33623 60824 37147 45639 39739 31101 23604 22700 41670 62162 47443 101792 101404 56300 24406 53606 37704 36730 73997 49390 50951 63374 72030 87184 52733 15308 31760 28972 18976 44505 103272 18969 78529 38586 64073 34884 23529 49998 44055 101586 80916 90914 80811 66323 40051 17608 41734 35392 18530 43152 0 31312 27396 59359 46361 25758 53934 102050 53927 39978 55458 42777 24610 43110 27045 53811 73543 8748 50594 48960 38324 64485 31299 55308 56434 20114 13048 56512 36081 63368 50449 26998 57622 51821 69907 82684 40213 14429 44672 78542 81217 49843 92957 103426 38310 35626 28702 47729 112731 49844 69139 31694 82322 22774 101785 26483 45930 29194 80916 0 79114 8748 53811 64485 32264 17608 43152 63305 23529 31760 37704 56434 20114
49921 92915 94286 0 130150 25520 96328 45462 24483 119572 52750 138866 106029 57055 43028 36970 81868 135626 47509 42456 37503 9646 27939 49162 21938 43971 71272 11891 123305 100599 47182 61331 9953 65826 117646 20881 58291 51189 60822 16539 81534 140937 33646 55664 47059 27625 98278 34973 44089 59818 102480 59441 60206 110032 51314 27446 61988 32314 56939 131203 116117 43882 134380 35870 28607 22690 144506 8081 90958 90388 65353 108014 92544 76291 78669 90191 55599 42515 63318 112455 55689 52576 105480 99768 77606 14333 10075 24935 117157 93494 43428 43739 61868 36128 79114 107253 65976 123638 122581 53972 127755 38909 28237 40440 115709 116145 57680 67665 92810 122438 17412 83450 28524 102748 40951 37222 109899 25119 134212 95686 80827 124744 115178 126350 76351 104801 25741 40100 133300 42885 39112 84435 50283 21997 74528 113147 15380 75592 114844 44866 54249 31401 55566 128533 50779 107261 42234 96138 78492 54625 87480 49921 77606 79114 0 83450 122438 37222 106029 93494 36128 140937 55689 65353 116117 134212 95686
34050 39037 28010 83450 79926 58591 13812 54931 92558 36181 35073 77724 35203 26398 82079 101470 11024 84110 121218 115152 72919 93076 70588 34356 70432 114991 30503 72737 44933 17174 43076 81038 82448 81853 41021 100802 33700 94447 58476 67230 90129 57616 54433 28189 39854 62911 28481 48962 41664 39399 22540 30117 39318 69211 46498 107270 100152 62957 31431 52899 32715 39884 65298 55964 54893 66001 64508 91526 45576 7381 40412 26906 10660 53200 100333 10249 86717 41529 72657 34991 29073 48668 35315 110325 89634 95897 84188 68388 33901 21202 48691 40281 25543 47339 8748 24380 24959 50734 46964 31832 55542 108625 56932 45819 60954 45137 31939 39219 18341 57359 79385 0 55069 40476 42540 71805 30284 60629 55486 12688 6198 60057 33365 67970 45179 27456 60472 52625 74189 82591 44352 6018 52610 80664 89895 54985 97810 100827 39102 41682 35946 52399 119926 47956 67809 33642 82290 27028 110310 29108 38852 34050 89634 8748 83450 0 57359 71805 35203 21202 47339 57616 29073 40412 32715 55486 12688
76863 93032 79964 122438 27999 97754 57383 108459 138929 47999 70906 20382 22187 74308 99757 124492 67947 30200 145449 139797 124778 131536 119644 81141 102647 138493 51420 110547 75460 50105 95394 87139 117282 84874 23279 133631 64662 147679 68813 106460 82741 62050 88793 72685 76340 110855 77894 94329 91144 62675 37892 64463 95470 32616 100992 138874 154776 92110 67082 26942 47942 86589 101505 86969 97743 112254 82775 129971 100740 56692 57479 37650 59005 52242 157057 61903 96712 88614 77795 27290 70957 103667 81275 95139 85021 130974 126991 116157 54387 36453 79080 81830 63747 90196 53811 56017 81124 87306 19802 71179 12834 132753 102606 82643 15066 13675 65915 96395 69507 0 111192 57359 95995 90143 85923 94415 33126 97370 29007 55845 63551 2706 37829 13030 102451 31829 106373 103996 17531 135213 87740 62268 74222 127802 87512 11783 133434 157237 22694 78481 68738 92918 137783 33245 122699 24445 134790 31037 109847 78138 94449 76863 85021 53811 122438 57359 0 94415 22187 36453 90196 62050 70957 57479 47942 29007 55845
41020 96354 92491 37222 96916 27734 85594 61999 61078 104645 36898 108135 82543 49807 11417 31067 75304 102381 51983 46067 64672 43456 54501 45035 16374 45194 47896 28344 116498 87128 55013 24797 28219 29100 95577 40510 38560 84335 26515 29169 44841 127194 21665 45950 32971 47961 95334 39556 48113 35229 84536 41811 67921 76163 62771 44980 94854 11719 40374 109024 101451 43239 133914 17623 34599 44768 136303 42179 97657 79153 38407 90280 82397 43424 108395 81204 21913 43540 26134 91501 43855 65502 103003 64378 41154 39619 46211 49790 104426 73306 23298 36383 46266 35435 64485 95771 65505 120578 99409 40641 102292 39065 40704 28894 84899 91311 39931 75331 86962 94415 20461 71805 31035 103803 37582 0 90718 23415 112131 84331 72010 96348 97441 95646 85827 84833 42030 54213 102294 73496 37014 75318 21236 54875 38427 83708 42237 106085 92577 31723 35877 30691 48254 108431 73918 84902 72835 73882 48253 49919 92163 41020 41154 64485 37222 71805 94415 0 82543 73306 35435 127194 43855 38407 101451 112131 84331
57889 71296 58408 106029 46968 80668 35911 87488 120392 32940 53332 42568 0 54030 89888 113541 45761 50451 134516 128610 104412 115460 100073 61394 87896 127689 35388 94248 58418 29132 74620 81000 102107 79828 13353 119474 47816 126998 59578 89612 81903 52633 72794 53075 59003 91499 56703 75365 71018 47971 16770 46645 73708 42236 79704 125231 133656 77918 49201 26501 31537 67047 84136 71919 79578 93416 70108 113874 78843 34645 44137 18536 37165 45495 135200 39937 89566 69035 71419 11352 51842 82257 60827 98244 83132 116009 109443 96927 37714 14658 63736 63435 44863 71791 32264 36506 59294 69308 16918 52703 22165 121605 83755 65596 28692 10626 48363 74330 47826 22187 96850 35203 78332 69178 67218 82543 14958 81002 29606 34260 41388 24876 22148 33547 80265 10952 87533 83580 39327 114674 69103 40087 61368 108906 84828 22246 118330 135498 10367 61197 51813 75268 129013 27145 101403 4058 114287 10113 107335 57767 72457 57889 83132 32264 106029 35203 22187 82543 0 14658 71791 52633 51842 44137 31537 29606 34260
44335 59106 46829 93494 58905 67981 25466 72878 106643 32973 40864 56734 14658 39757 81836 104323 32115 62976 125066 119060 89945 103049 85915 47340 76601 118390 25480 81888 53494 20779 60071 75796 90351 75425 24221 108170 36144 112428 53210 76967 80278 55251 60947 39191 46545 77466 45924 61621 56720 38077 11986 34233 59101 49869 65051 114190 119009 67194 36638 37715 30301 53056 77861 60745 66251 79626 68940 101462 66197 22297 35726 17436 25525 42291 120645 27716 83386 55011 66459 18985 38300 67599 51237 98680 80752 104248 96244 82932 35105 0 52585 50164 31668 58403 17608 30042 44711 62767 29496 39589 36456 112157 70012 53186 39967 25182 36092 59963 36220 36453 85683 21202 65318 58517 53704 73306 17413 68766 40718 23626 27382 39159 24332 46770 66363 11618 73774 69130 53037 100146 55607 26609 52168 95025 81846 33874 106467 120894 21531 48721 39898 62300 120999 35532 86747 14340 99770 5884 103814 43424 59599 44335 80752 17608 93494 21202 36453 73306 14658 0 58403 55251 38300 35726 30301 40718 23626
14101 62546 60975 36128 102645 11763 60378 28554 48768 83444 19483 108308 71791 20970 46784 58861 46509 107952 76642 70698 38006 45766 30459 13252 26162 71077 39151 25559 88488 64476 19630 56338 35682 59577 82615 53992 26062 61014 42412 19943 73850 104892 13892 19649 14649 21525 64528 5460 12701 30812 66675 25739 32553 84361 27616 60607 70102 23737 23122 96015 79990 8825 102289 18592 7855 22133 109459 44208 62912 54341 37000 72119 56636 52330 79279 54439 56661 8431 52550 77177 20107 30522 72058 95112 71173 48737 37856 26412 81122 58403 18834 8389 26928 0 43152 71294 32491 90206 87845 19130 93892 64818 12629 10455 85998 82244 24371 40072 57877 90196 34110 47339 7832 71080 4836 35435 74232 15006 98962 59664 44971 92693 79228 96132 50487 69391 16310 20856 103153 48528 2987 48583 29552 37643 69453 82305 50557 77813 79929 12877 22180 5711 78649 92862 42569 72541 47968 61704 83201 18860 57870 14101 71173 43152 36128 47339 90196 35435 71791 58403 0 104892 20107 37000 79990 98962 59664
91641 65976 55202 140937 89504 116207 44672 107254 148051 22575 91682 75648 52633 83923 136451 157792 59973 90544 178049 171985 125654 150536 125527 91775 127721 171619 80253 130346 28432 40702 97664 131024 140046 130521 41199 158389 88738 144402 108457 124816 134142 0 111662 85781 96893 118766 50730 106160 97998 92351 43327 85805 89234 92517 98452 164825 147571 119562 87667 35723 25747 97127 48748 112681 112333 122390 22295 148998 73966 50555 90767 37833 48497 96743 141697 51104 138603 98627 121638 41281 86450 99596 47483 150877 135075 153513 141073 124085 23781 55251 104922 97883 81825 104892 63305 33775 77522 39583 42536 88952 49994 165282 113806 103136 75891 51309 87741 85101 50861 62050 136755 57616 112657 56793 100118 127194 38975 118190 34627 45252 60213 63367 31387 74526 84468 44946 117164 107134 76476 133960 101907 56633 106504 136183 136475 70218 155414 143514 43476 98854 91833 110011 175363 28814 116979 48724 133814 56916 158724 86339 70766 91641 135075 63305 140937 57616 62050 127194 52633 55251 104892 0 86450 90767 25747 34627 45252
6053 54477 48970 55689 85802 30264 42774 39720 68550 64467 7608 89728 51842 7622 54744 72634 31450 90921 92180 86118 54290 65320 48687 10629 41364 86011 21597 44425 72941 45750 26717 57628 53725 59577 62509 72012 11456 77462 37490 39178 71171 86450 25362 3175 10998 39914 51587 23541 20888 19029 46792 8474 33309 69144 34222 78397 85442 34163 6803 75915 61057 15697 90190 27159 27959 41590 93212 63741 57457 36413 24074 52333 39292 40773 91234 37727 61329 17725 50893 57081 0 37372 59244 92558 69542 67389 57959 45260 62866 38300 20595 11973 7222 20107 23529 53453 24423 76725 67758 3352 73991 79645 31921 16747 68186 62365 8507 38718 43114 70957 50342 29073 27225 60744 15415 43855 54253 31816 78869 41753 28334 73524 59514 77866 48886 49313 35702 33903 84836 64874 17314 31767 27471 57109 68834 63901 69428 90528 59828 12665 10314 24290 91454 72893 54656 52470 64403 41733 86758 10338 51185 6053 69542 23529 55689 29073 70957 43855 51842 38300 20107 86450 0 24074 61057 78869 41753
27555 74981 66757 65353 66044 41705 53068 62541 83868 68266 18793 73533 44137 31372 46213 69424 48003 71432 90384 84474 74850 74241 67405 33726 45169 83569 10640 53505 84500 52477 50055 41117 59815 41564 57200 76292 12710 97969 18284 49912 50087 90767 31910 27200 22420 58498 68197 42167 43385 6189 47476 15787 57355 47363 57946 81736 106824 34661 17315 70619 65316 37285 105705 29585 43425 58559 102548 72692 79268 46986 0 53102 50710 16704 114340 50658 47937 39112 32359 53295 24074 61131 75425 70873 49325 73497 70799 63192 69222 35726 21980 29671 19560 37000 31760 61831 47191 91118 61011 21833 64268 77470 49476 27383 50467 53073 15590 62443 58350 57479 53762 40412 40863 79253 34018 38407 52983 40583 73726 51457 43224 59668 60058 61039 72311 46978 52984 55838 68016 85435 35411 45602 17264 73651 49489 47809 75955 113344 54195 24126 15483 37943 85424 70234 77448 46544 84890 35641 70131 34410 72646 27555 49325 31760 65353 40412 57479 38407 44137 35726 37000 90767 24074 0 65316 73726 51457
66435 51967 39012 116117 75716 91081 21269 85441 124813 3469 66042 66108 31537 59095 110773 132052 37240 78141 152350 146288 103822 125753 102546 67069 102179 145897 54732 105261 27573 15542 74681 105948 114770 105691 24681 133069 62993 124069 83226 99819 110377 25747 86122 60596 71327 95231 35412 81671 74098 66676 18357 60089 68097 73708 76676 139443 128471 93868 61991 28886 0 72593 53618 87011 87592 98527 39097 124197 60312 26176 65316 13610 25034 72499 125294 28144 113241 74216 96682 21356 61057 78284 36131 128196 110978 128362 116867 100662 6456 30301 79208 72686 56179 79990 37704 12092 54994 39384 29223 63440 39116 139565 89586 77654 58990 34640 62027 65381 31019 47942 111243 32715 87669 45889 75173 101451 16580 92869 30209 21255 36269 50068 10141 60943 67270 21585 93082 84275 64960 112861 77005 32878 80811 112901 112130 52662 130334 126540 25462 73324 66115 84931 149634 21123 96724 27503 112639 32999 134112 61805 55336 66435 110978 37704 116117 32715 47942 101451 31537 30301 79990 25747 61057 65316 0 30209 21255
84863 82004 68884 134212 55355 108699 48547 110417 146736 28297 81547 41031 29606 79481 119454 143142 63473 56057 164110 158195 128331 143764 125392 87352 116950 157290 64682 122593 54363 40974 98375 109862 130919 108351 16705 148560 76550 149910 88969 117685 108699 34627 101506 79505 87237 117255 65496 101902 96115 77373 33136 74888 94358 61301 101959 154445 155332 107192 77328 3107 30209 93104 79431 100998 106817 119765 56550 142177 90318 51207 73726 28652 51694 74126 153852 55020 118726 94990 100277 21790 78869 104038 66274 122887 110441 144828 136816 122756 35476 40718 92801 90799 72371 98962 56434 41869 80258 66843 13005 80289 16226 151195 110251 93879 43861 22342 76718 92930 59997 29007 125979 55486 105997 76076 94209 112131 25310 109445 0 47757 60810 29778 23201 40609 96190 29588 113976 107829 41961 138075 96115 58124 90933 134976 112502 39166 147082 154801 19647 89418 80423 102992 158534 9094 123078 27370 137771 38586 135080 82906 85062 84863 110441 56434 134212 55486 29007 112131 29606 40718 98962 34627 78869 73726 30209 0 47757
46630 37190 24163 95686 81114 71061 1854 64289 103607 24685 47710 75996 34260 38699 94455 114134 16151 84707 133906 127840 82634 105283 81301 46524 83103 127675 41044 85162 33052 6784 53427 92496 94981 93012 35756 113345 45991 103190 69724 79600 100255 45252 67115 40780 52540 74065 22573 60934 53019 51189 17979 42543 47227 73465 55558 119842 108003 75626 43990 45570 21255 51886 55345 68638 67081 77462 51996 103746 44990 5357 51457 19858 3966 62551 106107 7282 98623 53415 83810 29965 41753 57284 27612 119829 100098 108344 95970 79476 21471 23626 61302 52836 38080 59664 20114 11713 33799 40360 41678 44518 51237 121309 68677 58496 62480 42479 44405 45227 13666 55845 92039 12688 67448 35152 54908 84331 24238 73214 47757 0 15104 58435 24591 67771 48688 24023 72105 63020 73308 91803 56681 11639 64772 91697 100631 56126 110211 107047 34647 54369 48454 64847 132509 39344 75977 31430 91564 29125 121588 41092 38898 46630 100098 20114 95686 12688 55845 84331 34260 23626 59664 45252 41753 51457 21255 47757 0
