active_flags,actual_evals,algorithm,best_cost,category,checkpoint_path,checkpoint_readable,commit_hash,cv_physical_vehicle_count,cv_route_count,elapsed_seconds,ev_physical_vehicle_count,ev_route_count,eval_budget_backstop,evals_per_second,feasible,gate_status,instance,max_trips_per_physical_vehicle,numpy,python,replicate,reused_physical_vehicle_count,route_count,runtime_cap_seconds,seed,size,stage,status,timings,violation_count,winner_all_cv,winner_all_ev,winner_ev_route_share
{},3000,LNS,3960.9142264324673,multidepot,baselines/e2_alns/goeke80_multitrip_t3_preflight_data/stage_a/checkpoints/e2-multidepot-100c-01__LNS__seed1.json,True,fffb1ae661fefa096ee568e5cdf76ef297207a91,7,14,114.90663170799962,1,1,3000,26.108153684493953,True,OK,e2-multidepot-100c-01,2,2.3.5,/opt/anaconda3/bin/python3.13,1,7,15,300.0,1,100,stage_a,OK,{},0,False,False,0.06666666666666667
"{""SETP_ALNS_CRUSH_ADAPTIVE_Q"": ""1"", ""SETP_ALNS_CRUSH_LOCAL_SEARCH"": ""0"", ""SETP_ALNS_CRUSH_REPAIR_STRUCTURE_CACHE"": ""1"", ""SETP_ALNS_CRUSH_ROUTE_COST_CACHE"": ""1"", ""SETP_ALNS_CRUSH_ROUTE_ELIMINATION"": ""0"", ""SETP_ALNS_CRUSH_SA_ACCEPTANCE"": ""1"", ""SETP_ALNS_CRUSH_SA_MODE"": ""lns_cooling"", ""SETP_ALNS_CRUSH_SCAN_REBUILD"": ""1"", ""SETP_ALNS_CRUSH_SCAN_RESTART"": ""1"", ""SETP_ALNS_CRUSH_TIMING_LEDGER"": ""1"", ""SETP_ALNS_CRUSH_TRUE_ACCEPTANCE"": ""0"", ""SETP_ALNS_CRUSH_TRUE_REPAIR"": ""1""}",3000,alns_e2_throughput,3960.9142264324673,multidepot,baselines/e2_alns/goeke80_multitrip_t3_preflight_data/stage_a/checkpoints/e2-multidepot-100c-01__alns_e2_throughput__seed1.json,True,fffb1ae661fefa096ee568e5cdf76ef297207a91,7,14,60.19424691599852,1,1,3000,49.8386499325512,True,OK,e2-multidepot-100c-01,2,2.3.5,/opt/anaconda3/bin/python3.13,1,7,15,300.0,1,100,stage_a,OK,"{""acceptance"": {""count"": 2980.0, ""seconds"": 0.0008737202297197655}, ""checkpoint_model_cost"": {""count"": 1.0, ""seconds"": 0.00025195800117217004}, ""destroy:random_customer_removal"": {""count"": 498.0, ""seconds"": 0.09654406398840365}, ""destroy:route_segment_removal"": {""count"": 495.0, ""seconds"": 0.09216100598496269}, ""destroy:shaw_related_removal"": {""count"": 498.0, ""seconds"": 2.839329455011466}, ""destroy:vehicle_type_swap"": {""count"": 495.0, ""seconds"": 1.823618794005597}, ""destroy:whole_route_removal"": {""count"": 496.0, ""seconds"": 0.08317283201540704}, ""destroy:worst_customer_removal"": {""count"": 498.0, ""seconds"": 0.10190795999005786}, ""final_check"": {""count"": 1.0, ""seconds"": 0.00032333299895981327}, ""full_candidate_score"": {""count"": 2980.0, ""seconds"": 1.8053984340403986}, ""history_model_cost"": {""count"": 1.0, ""seconds"": 0.00030820800020592287}, ""initial_reference_score"": {""count"": 1.0, ""seconds"": 0.0006455410002672579}, ""repair:greedy_insert_repair"": {""count"": 994.0, ""seconds"": 17.934394467039965}, ""repair:regret2_insert_repair"": {""count"": 993.0, ""seconds"": 17.420900888977485}, ""repair:regret3_insert_repair"": {""count"": 993.0, ""seconds"": 17.581912266068684}, ""repair_full_check"": {""count"": 5960.0, ""seconds"": 2.153736973883497}, ""repair_solution_score"": {""count"": 1346.0, ""seconds"": 0.35213475607451983}, ""route_model_cost"": {""count"": 122301.0, ""seconds"": 3.166346484915266}, ""scan_build"": {""count"": 20.0, ""seconds"": 0.0221343769953819}, ""scan_score"": {""count"": 20.0, ""seconds"": 0.010736751992226345}}",0,False,False,0.06666666666666667
{},3000,LNS,3960.9142264324673,multidepot,baselines/e2_alns/goeke80_multitrip_t3_preflight_data/stage_a/checkpoints/e2-multidepot-100c-01__LNS__seed2.json,True,fffb1ae661fefa096ee568e5cdf76ef297207a91,7,14,114.42783529199733,1,1,3000,26.217397124961686,True,OK,e2-multidepot-100c-01,2,2.3.5,/opt/anaconda3/bin/python3.13,1,7,15,300.0,2,100,stage_a,OK,{},0,False,False,0.06666666666666667
"{""SETP_ALNS_CRUSH_ADAPTIVE_Q"": ""1"", ""SETP_ALNS_CRUSH_LOCAL_SEARCH"": ""0"", ""SETP_ALNS_CRUSH_REPAIR_STRUCTURE_CACHE"": ""1"", ""SETP_ALNS_CRUSH_ROUTE_COST_CACHE"": ""1"", ""SETP_ALNS_CRUSH_ROUTE_ELIMINATION"": ""0"", ""SETP_ALNS_CRUSH_SA_ACCEPTANCE"": ""1"", ""SETP_ALNS_CRUSH_SA_MODE"": ""lns_cooling"", ""SETP_ALNS_CRUSH_SCAN_REBUILD"": ""1"", ""SETP_ALNS_CRUSH_SCAN_RESTART"": ""1"", ""SETP_ALNS_CRUSH_TIMING_LEDGER"": ""1"", ""SETP_ALNS_CRUSH_TRUE_ACCEPTANCE"": ""0"", ""SETP_ALNS_CRUSH_TRUE_REPAIR"": ""1""}",3000,alns_e2_throughput,3960.9142264324673,multidepot,baselines/e2_alns/goeke80_multitrip_t3_preflight_data/stage_a/checkpoints/e2-multidepot-100c-01__alns_e2_throughput__seed2.json,True,fffb1ae661fefa096ee568e5cdf76ef297207a91,7,14,61.001514374998806,1,1,3000,49.17910695721247,True,OK,e2-multidepot-100c-01,2,2.3.5,/opt/anaconda3/bin/python3.13,1,7,15,300.0,2,100,stage_a,OK,"{""acceptance"": {""count"": 2980.0, ""seconds"": 0.0009359189825772773}, ""checkpoint_model_cost"": {""count"": 1.0, ""seconds"": 0.0002559589993325062}, ""destroy:random_customer_removal"": {""count"": 498.0, ""seconds"": 0.1025064560053579}, ""destroy:route_segment_removal"": {""count"": 495.0, ""seconds"": 0.0962959449752816}, ""destroy:shaw_related_removal"": {""count"": 498.0, ""seconds"": 2.9551622540493554}, ""destroy:vehicle_type_swap"": {""count"": 495.0, ""seconds"": 1.821395993072656}, ""destroy:whole_route_removal"": {""count"": 496.0, ""seconds"": 0.08555706897459459}, ""destroy:worst_customer_removal"": {""count"": 498.0, ""seconds"": 0.10451108908091555}, ""final_check"": {""count"": 1.0, ""seconds"": 0.0003405419993214309}, ""full_candidate_score"": {""count"": 2980.0, ""seconds"": 1.840675740106235}, ""history_model_cost"": {""count"": 1.0, ""seconds"": 0.00034266600050614215}, ""initial_reference_score"": {""count"": 1.0, ""seconds"": 0.000729499999579275}, ""repair:greedy_insert_repair"": {""count"": 994.0, ""seconds"": 18.20225097002185}, ""repair:regret2_insert_repair"": {""count"": 993.0, ""seconds"": 17.974099539005692}, ""repair:regret3_insert_repair"": {""count"": 993.0, ""seconds"": 17.642327418991044}, ""repair_full_check"": {""count"": 5960.0, ""seconds"": 2.185043530058465}, ""repair_solution_score"": {""count"": 1308.0, ""seconds"": 0.3530314820818603}, ""route_model_cost"": {""count"": 128461.0, ""seconds"": 3.3859001877426635}, ""scan_build"": {""count"": 20.0, ""seconds"": 0.021602542998152785}, ""scan_score"": {""count"": 20.0, ""seconds"": 0.010842623993084999}}",0,False,False,0.06666666666666667
{},3000,LNS,3960.9142264324673,multidepot,baselines/e2_alns/goeke80_multitrip_t3_preflight_data/stage_a/checkpoints/e2-multidepot-100c-01__LNS__seed3.json,True,fffb1ae661fefa096ee568e5cdf76ef297207a91,7,14,112.51938625000184,1,1,3000,26.662072199135824,True,OK,e2-multidepot-100c-01,2,2.3.5,/opt/anaconda3/bin/python3.13,1,7,15,300.0,3,100,stage_a,OK,{},0,False,False,0.06666666666666667
"{""SETP_ALNS_CRUSH_ADAPTIVE_Q"": ""1"", ""SETP_ALNS_CRUSH_LOCAL_SEARCH"": ""0"", ""SETP_ALNS_CRUSH_REPAIR_STRUCTURE_CACHE"": ""1"", ""SETP_ALNS_CRUSH_ROUTE_COST_CACHE"": ""1"", ""SETP_ALNS_CRUSH_ROUTE_ELIMINATION"": ""0"", ""SETP_ALNS_CRUSH_SA_ACCEPTANCE"": ""1"", ""SETP_ALNS_CRUSH_SA_MODE"": ""lns_cooling"", ""SETP_ALNS_CRUSH_SCAN_REBUILD"": ""1"", ""SETP_ALNS_CRUSH_SCAN_RESTART"": ""1"", ""SETP_ALNS_CRUSH_TIMING_LEDGER"": ""1"", ""SETP_ALNS_CRUSH_TRUE_ACCEPTANCE"": ""0"", ""SETP_ALNS_CRUSH_TRUE_REPAIR"": ""1""}",3000,alns_e2_throughput,3960.9142264324673,multidepot,baselines/e2_alns/goeke80_multitrip_t3_preflight_data/stage_a/checkpoints/e2-multidepot-100c-01__alns_e2_throughput__seed3.json,True,fffb1ae661fefa096ee568e5cdf76ef297207a91,7,14,59.12209358400287,1,1,3000,50.7424520706035,True,OK,e2-multidepot-100c-01,2,2.3.5,/opt/anaconda3/bin/python3.13,1,7,15,300.0,3,100,stage_a,OK,"{""acceptance"": {""count"": 2980.0, ""seconds"": 0.0008750780289119575}, ""checkpoint_model_cost"": {""count"": 1.0, ""seconds"": 0.00025425000058021396}, ""destroy:random_customer_removal"": {""count"": 498.0, ""seconds"": 0.10742291103451862}, ""destroy:route_segment_removal"": {""count"": 495.0, ""seconds"": 0.09597278991350322}, ""destroy:shaw_related_removal"": {""count"": 498.0, ""seconds"": 2.770145829024841}, ""destroy:vehicle_type_swap"": {""count"": 495.0, ""seconds"": 1.9327217039499374}, ""destroy:whole_route_removal"": {""count"": 496.0, ""seconds"": 0.08271771600993816}, ""destroy:worst_customer_removal"": {""count"": 498.0, ""seconds"": 0.10419300403009402}, ""final_check"": {""count"": 1.0, ""seconds"": 0.0003271670029789675}, ""full_candidate_score"": {""count"": 2980.0, ""seconds"": 1.8269989638320112}, ""history_model_cost"": {""count"": 1.0, ""seconds"": 0.00041429199700360186}, ""initial_reference_score"": {""count"": 1.0, ""seconds"": 0.0006314999991445802}, ""repair:greedy_insert_repair"": {""count"": 994.0, ""seconds"": 16.69374594697001}, ""repair:regret2_insert_repair"": {""count"": 993.0, ""seconds"": 17.03719045100661}, ""repair:regret3_insert_repair"": {""count"": 993.0, ""seconds"": 18.078249224028696}, ""repair_full_check"": {""count"": 5960.0, ""seconds"": 2.1593740759744833}, ""repair_solution_score"": {""count"": 1361.0, ""seconds"": 0.3824732981083798}, ""route_model_cost"": {""count"": 125655.0, ""seconds"": 3.223844245170767}, ""scan_build"": {""count"": 20.0, ""seconds"": 0.021682334005163284}, ""scan_score"": {""count"": 20.0, ""seconds"": 0.01163425100457971}}",0,False,False,0.06666666666666667
{},3000,LNS,476.14411336859115,multidepot,baselines/e2_alns/goeke80_multitrip_t3_preflight_data/stage_a/checkpoints/e2-multidepot-10c-01__LNS__seed1.json,True,fffb1ae661fefa096ee568e5cdf76ef297207a91,1,2,7.401928540999506,1,1,3000,405.29977875129555,True,OK,e2-multidepot-10c-01,2,2.3.5,/opt/anaconda3/bin/python3.13,1,1,3,180.0,1,10,stage_a,OK,{},0,False,False,0.3333333333333333
"{""SETP_ALNS_CRUSH_ADAPTIVE_Q"": ""1"", ""SETP_ALNS_CRUSH_LOCAL_SEARCH"": ""0"", ""SETP_ALNS_CRUSH_REPAIR_STRUCTURE_CACHE"": ""1"", ""SETP_ALNS_CRUSH_ROUTE_COST_CACHE"": ""1"", ""SETP_ALNS_CRUSH_ROUTE_ELIMINATION"": ""0"", ""SETP_ALNS_CRUSH_SA_ACCEPTANCE"": ""1"", ""SETP_ALNS_CRUSH_SA_MODE"": ""lns_cooling"", ""SETP_ALNS_CRUSH_SCAN_REBUILD"": ""1"", ""SETP_ALNS_CRUSH_SCAN_RESTART"": ""1"", ""SETP_ALNS_CRUSH_TIMING_LEDGER"": ""1"", ""SETP_ALNS_CRUSH_TRUE_ACCEPTANCE"": ""0"", ""SETP_ALNS_CRUSH_TRUE_REPAIR"": ""1""}",3000,alns_e2_throughput,387.9007343319535,multidepot,baselines/e2_alns/goeke80_multitrip_t3_preflight_data/stage_a/checkpoints/e2-multidepot-10c-01__alns_e2_throughput__seed1.json,True,fffb1ae661fefa096ee568e5cdf76ef297207a91,1,1,4.5267486670018116,1,1,3000,662.7273172616807,True,OK,e2-multidepot-10c-01,1,2.3.5,/opt/anaconda3/bin/python3.13,1,0,2,180.0,1,10,stage_a,OK,"{""acceptance"": {""count"": 2980.0, ""seconds"": 0.004604898887919262}, ""checkpoint_model_cost"": {""count"": 2.0, ""seconds"": 8.774900197749957e-05}, ""destroy:random_customer_removal"": {""count"": 1676.0, ""seconds"": 0.0734699500426359}, ""destroy:route_segment_removal"": {""count"": 129.0, ""seconds"": 0.0040051239884633105}, ""destroy:shaw_related_removal"": {""count"": 129.0, ""seconds"": 0.009485663023951929}, ""destroy:vehicle_type_swap"": {""count"": 129.0, ""seconds"": 0.03404158500416088}, ""destroy:whole_route_removal"": {""count"": 788.0, ""seconds"": 0.0168916289912886}, ""destroy:worst_customer_removal"": {""count"": 129.0, ""seconds"": 0.004055628982314374}, ""final_check"": {""count"": 1.0, ""seconds"": 8.433299808530137e-05}, ""full_candidate_score"": {""count"": 2980.0, ""seconds"": 0.4129282381036319}, ""history_model_cost"": {""count"": 2.0, ""seconds"": 0.00011275000360910781}, ""initial_reference_score"": {""count"": 1.0, ""seconds"": 0.00014804199963691644}, ""local_search"": {""count"": 471.0, ""seconds"": 0.001017699029034702}, ""repair:greedy_insert_repair"": {""count"": 1860.0, ""seconds"": 1.3329720230321982}, ""repair:regret2_insert_repair"": {""count"": 530.0, ""seconds"": 0.46483962899947073}, ""repair:regret3_insert_repair"": {""count"": 590.0, ""seconds"": 0.52048903904506}, ""repair_full_check"": {""count"": 3712.0, ""seconds"": 0.4119538290251512}, ""repair_solution_score"": {""count"": 132.0, ""seconds"": 0.004761753993079765}, ""route_model_cost"": {""count"": 778.0, ""seconds"": 0.016566337009862764}, ""scan_build"": {""count"": 20.0, ""seconds"": 0.001818795997678535}, ""scan_score"": {""count"": 20.0, ""seconds"": 0.0016573729953961447}}",0,False,False,0.5
{},3000,LNS,476.14411336859115,multidepot,baselines/e2_alns/goeke80_multitrip_t3_preflight_data/stage_a/checkpoints/e2-multidepot-10c-01__LNS__seed2.json,True,fffb1ae661fefa096ee568e5cdf76ef297207a91,1,2,8.600387542002863,1,1,3000,348.8214903512776,True,OK,e2-multidepot-10c-01,2,2.3.5,/opt/anaconda3/bin/python3.13,1,1,3,180.0,2,10,stage_a,OK,{},0,False,False,0.3333333333333333
"{""SETP_ALNS_CRUSH_ADAPTIVE_Q"": ""1"", ""SETP_ALNS_CRUSH_LOCAL_SEARCH"": ""0"", ""SETP_ALNS_CRUSH_REPAIR_STRUCTURE_CACHE"": ""1"", ""SETP_ALNS_CRUSH_ROUTE_COST_CACHE"": ""1"", ""SETP_ALNS_CRUSH_ROUTE_ELIMINATION"": ""0"", ""SETP_ALNS_CRUSH_SA_ACCEPTANCE"": ""1"", ""SETP_ALNS_CRUSH_SA_MODE"": ""lns_cooling"", ""SETP_ALNS_CRUSH_SCAN_REBUILD"": ""1"", ""SETP_ALNS_CRUSH_SCAN_RESTART"": ""1"", ""SETP_ALNS_CRUSH_TIMING_LEDGER"": ""1"", ""SETP_ALNS_CRUSH_TRUE_ACCEPTANCE"": ""0"", ""SETP_ALNS_CRUSH_TRUE_REPAIR"": ""1""}",3000,alns_e2_throughput,387.9007343319535,multidepot,baselines/e2_alns/goeke80_multitrip_t3_preflight_data/stage_a/checkpoints/e2-multidepot-10c-01__alns_e2_throughput__seed2.json,True,fffb1ae661fefa096ee568e5cdf76ef297207a91,1,1,4.412112832997082,1,1,3000,679.9463462411376,True,OK,e2-multidepot-10c-01,1,2.3.5,/opt/anaconda3/bin/python3.13,1,0,2,180.0,2,10,stage_a,OK,"{""acceptance"": {""count"": 2980.0, ""seconds"": 0.007801090967404889}, ""checkpoint_model_cost"": {""count"": 2.0, ""seconds"": 8.93340002221521e-05}, ""destroy:random_customer_removal"": {""count"": 99.0, ""seconds"": 0.009211630018398864}, ""destroy:route_segment_removal"": {""count"": 99.0, ""seconds"": 0.0032087069921544753}, ""destroy:shaw_related_removal"": {""count"": 2270.0, ""seconds"": 0.19211243997051497}, ""destroy:vehicle_type_swap"": {""count"": 99.0, ""seconds"": 0.029807333019562066}, ""destroy:whole_route_removal"": {""count"": 314.0, ""seconds"": 0.007714251038123621}, ""destroy:worst_customer_removal"": {""count"": 99.0, ""seconds"": 0.005223426996963099}, ""final_check"": {""count"": 1.0, ""seconds"": 8.454199996776879e-05}, ""full_candidate_score"": {""count"": 2980.0, ""seconds"": 0.4541408559343836}, ""history_model_cost"": {""count"": 2.0, ""seconds"": 0.00014537500101141632}, ""initial_reference_score"": {""count"": 1.0, ""seconds"": 0.00014187499982654117}, ""local_search"": {""count"": 755.0, ""seconds"": 0.0015024139866000041}, ""repair:greedy_insert_repair"": {""count"": 2282.0, ""seconds"": 1.6388298649617354}, ""repair:regret2_insert_repair"": {""count"": 285.0, ""seconds"": 0.1929670010249538}, ""repair:regret3_insert_repair"": {""count"": 413.0, ""seconds"": 0.39109087704491685}, ""repair_full_check"": {""count"": 3386.0, ""seconds"": 0.3929888479215151}, ""repair_solution_score"": {""count"": 102.0, ""seconds"": 0.004052784981467994}, ""route_model_cost"": {""count"": 506.0, ""seconds"": 0.01115510001545772}, ""scan_build"": {""count"": 20.0, ""seconds"": 0.0018332539984839968}, ""scan_score"": {""count"": 20.0, ""seconds"": 0.0016284979974443559}}",0,False,False,0.5
{},3000,LNS,476.14411336859115,multidepot,baselines/e2_alns/goeke80_multitrip_t3_preflight_data/stage_a/checkpoints/e2-multidepot-10c-01__LNS__seed3.json,True,fffb1ae661fefa096ee568e5cdf76ef297207a91,1,2,8.049782666999818,1,1,3000,372.68086904986103,True,OK,e2-multidepot-10c-01,2,2.3.5,/opt/anaconda3/bin/python3.13,1,1,3,180.0,3,10,stage_a,OK,{},0,False,False,0.3333333333333333
"{""SETP_ALNS_CRUSH_ADAPTIVE_Q"": ""1"", ""SETP_ALNS_CRUSH_LOCAL_SEARCH"": ""0"", ""SETP_ALNS_CRUSH_REPAIR_STRUCTURE_CACHE"": ""1"", ""SETP_ALNS_CRUSH_ROUTE_COST_CACHE"": ""1"", ""SETP_ALNS_CRUSH_ROUTE_ELIMINATION"": ""0"", ""SETP_ALNS_CRUSH_SA_ACCEPTANCE"": ""1"", ""SETP_ALNS_CRUSH_SA_MODE"": ""lns_cooling"", ""SETP_ALNS_CRUSH_SCAN_REBUILD"": ""1"", ""SETP_ALNS_CRUSH_SCAN_RESTART"": ""1"", ""SETP_ALNS_CRUSH_TIMING_LEDGER"": ""1"", ""SETP_ALNS_CRUSH_TRUE_ACCEPTANCE"": ""0"", ""SETP_ALNS_CRUSH_TRUE_REPAIR"": ""1""}",3000,alns_e2_throughput,387.9007343319535,multidepot,baselines/e2_alns/goeke80_multitrip_t3_preflight_data/stage_a/checkpoints/e2-multidepot-10c-01__alns_e2_throughput__seed3.json,True,fffb1ae661fefa096ee568e5cdf76ef297207a91,1,1,4.299787166997703,1,1,3000,697.7089524397854,True,OK,e2-multidepot-10c-01,1,2.3.5,/opt/anaconda3/bin/python3.13,1,0,2,180.0,3,10,stage_a,OK,"{""acceptance"": {""count"": 2980.0, ""seconds"": 0.007576924992463319}, ""checkpoint_model_cost"": {""count"": 2.0, ""seconds"": 0.00010979099897667766}, ""destroy:random_customer_removal"": {""count"": 84.0, ""seconds"": 0.004057580001244787}, ""destroy:route_segment_removal"": {""count"": 84.0, ""seconds"": 0.002620411996758776}, ""destroy:shaw_related_removal"": {""count"": 2264.0, ""seconds"": 0.18387959501706064}, ""destroy:vehicle_type_swap"": {""count"": 84.0, ""seconds"": 0.02317733499148744}, ""destroy:whole_route_removal"": {""count"": 380.0, ""seconds"": 0.00937861496640835}, ""destroy:worst_customer_removal"": {""count"": 84.0, ""seconds"": 0.0027974590011581313}, ""final_check"": {""count"": 1.0, ""seconds"": 8.575000174460001e-05}, ""full_candidate_score"": {""count"": 2980.0, ""seconds"": 0.4424647549385554}, ""history_model_cost"": {""count"": 2.0, ""seconds"": 0.0002505430020391941}, ""initial_reference_score"": {""count"": 1.0, ""seconds"": 0.00015137499940465204}, ""local_search"": {""count"": 776.0, ""seconds"": 0.001208811027026968}, ""repair:greedy_insert_repair"": {""count"": 2267.0, ""seconds"": 1.5677416629660001}, ""repair:regret2_insert_repair"": {""count"": 330.0, ""seconds"": 0.264719953025633}, ""repair:regret3_insert_repair"": {""count"": 383.0, ""seconds"": 0.3976663339708466}, ""repair_full_check"": {""count"": 3382.0, ""seconds"": 0.3752705570041144}, ""repair_solution_score"": {""count"": 90.0, ""seconds"": 0.0034223720103909727}, ""route_model_cost"": {""count"": 482.0, ""seconds"": 0.015542536035354715}, ""scan_build"": {""count"": 20.0, ""seconds"": 0.006939417991816299}, ""scan_score"": {""count"": 20.0, ""seconds"": 0.005796043002192164}}",0,False,False,0.5
{},3000,LNS,5488.782859056312,multidepot,baselines/e2_alns/goeke80_multitrip_t3_preflight_data/stage_a/checkpoints/e2-multidepot-150c-01__LNS__seed1.json,True,fffb1ae661fefa096ee568e5cdf76ef297207a91,10,21,181.9450802499996,1,1,3000,16.488491999222422,True,OK,e2-multidepot-150c-01,3,2.3.5,/opt/anaconda3/bin/python3.13,1,10,22,600.0,1,150,stage_a,OK,{},0,False,False,0.045454545454545456
"{""SETP_ALNS_CRUSH_ADAPTIVE_Q"": ""1"", ""SETP_ALNS_CRUSH_LOCAL_SEARCH"": ""0"", ""SETP_ALNS_CRUSH_REPAIR_STRUCTURE_CACHE"": ""1"", ""SETP_ALNS_CRUSH_ROUTE_COST_CACHE"": ""1"", ""SETP_ALNS_CRUSH_ROUTE_ELIMINATION"": ""0"", ""SETP_ALNS_CRUSH_SA_ACCEPTANCE"": ""1"", ""SETP_ALNS_CRUSH_SA_MODE"": ""lns_cooling"", ""SETP_ALNS_CRUSH_SCAN_REBUILD"": ""1"", ""SETP_ALNS_CRUSH_SCAN_RESTART"": ""1"", ""SETP_ALNS_CRUSH_TIMING_LEDGER"": ""1"", ""SETP_ALNS_CRUSH_TRUE_ACCEPTANCE"": ""0"", ""SETP_ALNS_CRUSH_TRUE_REPAIR"": ""1""}",3000,alns_e2_throughput,5488.782859056312,multidepot,baselines/e2_alns/goeke80_multitrip_t3_preflight_data/stage_a/checkpoints/e2-multidepot-150c-01__alns_e2_throughput__seed1.json,True,fffb1ae661fefa096ee568e5cdf76ef297207a91,10,21,142.61436695800148,1,1,3000,21.035748809819914,True,OK,e2-multidepot-150c-01,3,2.3.5,/opt/anaconda3/bin/python3.13,1,10,22,600.0,1,150,stage_a,OK,"{""acceptance"": {""count"": 2980.0, ""seconds"": 0.0008971540228230879}, ""checkpoint_model_cost"": {""count"": 1.0, ""seconds"": 0.00038087500070105307}, ""destroy:random_customer_removal"": {""count"": 498.0, ""seconds"": 0.13802369299082784}, ""destroy:route_segment_removal"": {""count"": 495.0, ""seconds"": 0.15635057700637844}, ""destroy:shaw_related_removal"": {""count"": 498.0, ""seconds"": 7.702399751935445}, ""destroy:vehicle_type_swap"": {""count"": 495.0, ""seconds"": 2.9782806500406878}, ""destroy:whole_route_removal"": {""count"": 496.0, ""seconds"": 0.14283459004218457}, ""destroy:worst_customer_removal"": {""count"": 498.0, ""seconds"": 0.16575674801060813}, ""final_check"": {""count"": 1.0, ""seconds"": 0.0005047920021752361}, ""full_candidate_score"": {""count"": 2980.0, ""seconds"": 2.7424537811020855}, ""history_model_cost"": {""count"": 1.0, ""seconds"": 0.0004510830003709998}, ""initial_reference_score"": {""count"": 1.0, ""seconds"": 0.0009444579991395585}, ""repair:greedy_insert_repair"": {""count"": 994.0, ""seconds"": 43.29344136700456}, ""repair:regret2_insert_repair"": {""count"": 993.0, ""seconds"": 44.2185918259529}, ""repair:regret3_insert_repair"": {""count"": 993.0, ""seconds"": 41.79651504196954}, ""repair_full_check"": {""count"": 5960.0, ""seconds"": 3.5143378090069746}, ""repair_solution_score"": {""count"": 1077.0, ""seconds"": 0.4266147660637216}, ""route_model_cost"": {""count"": 258375.0, ""seconds"": 7.045546950022981}, ""scan_build"": {""count"": 20.0, ""seconds"": 0.03565179200086277}, ""scan_score"": {""count"": 20.0, ""seconds"": 0.016266956001345534}}",0,False,False,0.045454545454545456
{},3000,LNS,5488.782859056312,multidepot,baselines/e2_alns/goeke80_multitrip_t3_preflight_data/stage_a/checkpoints/e2-multidepot-150c-01__LNS__seed2.json,True,fffb1ae661fefa096ee568e5cdf76ef297207a91,10,21,183.63098829199953,1,1,3000,16.337111878032104,True,OK,e2-multidepot-150c-01,3,2.3.5,/opt/anaconda3/bin/python3.13,1,10,22,600.0,2,150,stage_a,OK,{},0,False,False,0.045454545454545456
"{""SETP_ALNS_CRUSH_ADAPTIVE_Q"": ""1"", ""SETP_ALNS_CRUSH_LOCAL_SEARCH"": ""0"", ""SETP_ALNS_CRUSH_REPAIR_STRUCTURE_CACHE"": ""1"", ""SETP_ALNS_CRUSH_ROUTE_COST_CACHE"": ""1"", ""SETP_ALNS_CRUSH_ROUTE_ELIMINATION"": ""0"", ""SETP_ALNS_CRUSH_SA_ACCEPTANCE"": ""1"", ""SETP_ALNS_CRUSH_SA_MODE"": ""lns_cooling"", ""SETP_ALNS_CRUSH_SCAN_REBUILD"": ""1"", ""SETP_ALNS_CRUSH_SCAN_RESTART"": ""1"", ""SETP_ALNS_CRUSH_TIMING_LEDGER"": ""1"", ""SETP_ALNS_CRUSH_TRUE_ACCEPTANCE"": ""0"", ""SETP_ALNS_CRUSH_TRUE_REPAIR"": ""1""}",3000,alns_e2_throughput,5488.782859056312,multidepot,baselines/e2_alns/goeke80_multitrip_t3_preflight_data/stage_a/checkpoints/e2-multidepot-150c-01__alns_e2_throughput__seed2.json,True,fffb1ae661fefa096ee568e5cdf76ef297207a91,10,21,137.15974758299853,1,1,3000,21.872306218591067,True,OK,e2-multidepot-150c-01,3,2.3.5,/opt/anaconda3/bin/python3.13,1,10,22,600.0,2,150,stage_a,OK,"{""acceptance"": {""count"": 2980.0, ""seconds"": 0.0009958988885045983}, ""checkpoint_model_cost"": {""count"": 1.0, ""seconds"": 0.00037916700239293277}, ""destroy:random_customer_removal"": {""count"": 498.0, ""seconds"": 0.13955124898711802}, ""destroy:route_segment_removal"": {""count"": 495.0, ""seconds"": 0.1509054110319994}, ""destroy:shaw_related_removal"": {""count"": 498.0, ""seconds"": 7.65546695901503}, ""destroy:vehicle_type_swap"": {""count"": 495.0, ""seconds"": 2.843179176972626}, ""destroy:whole_route_removal"": {""count"": 496.0, ""seconds"": 0.1411054940399481}, ""destroy:worst_customer_removal"": {""count"": 498.0, ""seconds"": 0.16341770997678395}, ""final_check"": {""count"": 1.0, ""seconds"": 0.0004979580007784534}, ""full_candidate_score"": {""count"": 2980.0, ""seconds"": 2.7160480250095134}, ""history_model_cost"": {""count"": 1.0, ""seconds"": 0.0006733339978381991}, ""initial_reference_score"": {""count"": 1.0, ""seconds"": 0.0009596249983587768}, ""repair:greedy_insert_repair"": {""count"": 994.0, ""seconds"": 42.5086066170079}, ""repair:regret2_insert_repair"": {""count"": 993.0, ""seconds"": 41.143492046034225}, ""repair:regret3_insert_repair"": {""count"": 993.0, ""seconds"": 40.3789252939132}, ""repair_full_check"": {""count"": 5960.0, ""seconds"": 3.5196703369292663}, ""repair_solution_score"": {""count"": 1056.0, ""seconds"": 0.40963219305558596}, ""route_model_cost"": {""count"": 246070.0, ""seconds"": 6.68152271577128}, ""scan_build"": {""count"": 20.0, ""seconds"": 0.03560358400136465}, ""scan_score"": {""count"": 20.0, ""seconds"": 0.017967083000257844}}",0,False,False,0.045454545454545456
{},3000,LNS,5488.782859056312,multidepot,baselines/e2_alns/goeke80_multitrip_t3_preflight_data/stage_a/checkpoints/e2-multidepot-150c-01__LNS__seed3.json,True,fffb1ae661fefa096ee568e5cdf76ef297207a91,10,21,184.36013916700176,1,1,3000,16.272498022376,True,OK,e2-multidepot-150c-01,3,2.3.5,/opt/anaconda3/bin/python3.13,1,10,22,600.0,3,150,stage_a,OK,{},0,False,False,0.045454545454545456
"{""SETP_ALNS_CRUSH_ADAPTIVE_Q"": ""1"", ""SETP_ALNS_CRUSH_LOCAL_SEARCH"": ""0"", ""SETP_ALNS_CRUSH_REPAIR_STRUCTURE_CACHE"": ""1"", ""SETP_ALNS_CRUSH_ROUTE_COST_CACHE"": ""1"", ""SETP_ALNS_CRUSH_ROUTE_ELIMINATION"": ""0"", ""SETP_ALNS_CRUSH_SA_ACCEPTANCE"": ""1"", ""SETP_ALNS_CRUSH_SA_MODE"": ""lns_cooling"", ""SETP_ALNS_CRUSH_SCAN_REBUILD"": ""1"", ""SETP_ALNS_CRUSH_SCAN_RESTART"": ""1"", ""SETP_ALNS_CRUSH_TIMING_LEDGER"": ""1"", ""SETP_ALNS_CRUSH_TRUE_ACCEPTANCE"": ""0"", ""SETP_ALNS_CRUSH_TRUE_REPAIR"": ""1""}",3000,alns_e2_throughput,5488.782859056312,multidepot,baselines/e2_alns/goeke80_multitrip_t3_preflight_data/stage_a/checkpoints/e2-multidepot-150c-01__alns_e2_throughput__seed3.json,True,fffb1ae661fefa096ee568e5cdf76ef297207a91,10,21,140.627883166002,1,1,3000,21.332895955339787,True,OK,e2-multidepot-150c-01,3,2.3.5,/opt/anaconda3/bin/python3.13,1,10,22,600.0,3,150,stage_a,OK,"{""acceptance"": {""count"": 2980.0, ""seconds"": 0.0009073641158465762}, ""checkpoint_model_cost"": {""count"": 1.0, ""seconds"": 0.0005491670017363504}, ""destroy:random_customer_removal"": {""count"": 498.0, ""seconds"": 0.15215435800564592}, ""destroy:route_segment_removal"": {""count"": 495.0, ""seconds"": 0.1551670750050107}, ""destroy:shaw_related_removal"": {""count"": 498.0, ""seconds"": 7.703219832987088}, ""destroy:vehicle_type_swap"": {""count"": 495.0, ""seconds"": 2.8682522420021996}, ""destroy:whole_route_removal"": {""count"": 496.0, ""seconds"": 0.14118820496514672}, ""destroy:worst_customer_removal"": {""count"": 498.0, ""seconds"": 0.16466554901126074}, ""final_check"": {""count"": 1.0, ""seconds"": 0.0004954169999109581}, ""full_candidate_score"": {""count"": 2980.0, ""seconds"": 2.733522030990571}, ""history_model_cost"": {""count"": 1.0, ""seconds"": 0.0005875420029042289}, ""initial_reference_score"": {""count"": 1.0, ""seconds"": 0.0009377079986734316}, ""repair:greedy_insert_repair"": {""count"": 994.0, ""seconds"": 40.22054111491161}, ""repair:regret2_insert_repair"": {""count"": 993.0, ""seconds"": 44.4730594210414}, ""repair:regret3_insert_repair"": {""count"": 993.0, ""seconds"": 42.67396086503868}, ""repair_full_check"": {""count"": 5960.0, ""seconds"": 3.5837244058820943}, ""repair_solution_score"": {""count"": 1059.0, ""seconds"": 0.4212534180478542}, ""route_model_cost"": {""count"": 248456.0, ""seconds"": 6.741928143710538}, ""scan_build"": {""count"": 20.0, ""seconds"": 0.03603566600577324}, ""scan_score"": {""count"": 20.0, ""seconds"": 0.01688116700097453}}",0,False,False,0.045454545454545456
{},3000,LNS,621.371321439464,multidepot,baselines/e2_alns/goeke80_multitrip_t3_preflight_data/stage_a/checkpoints/e2-multidepot-15c-01__LNS__seed1.json,True,fffb1ae661fefa096ee568e5cdf76ef297207a91,2,2,7.443535791000613,0,0,3000,403.03426815345756,True,OK,e2-multidepot-15c-01,1,2.3.5,/opt/anaconda3/bin/python3.13,1,0,2,180.0,1,15,stage_a,OK,{},0,True,False,0.0
"{""SETP_ALNS_CRUSH_ADAPTIVE_Q"": ""1"", ""SETP_ALNS_CRUSH_LOCAL_SEARCH"": ""0"", ""SETP_ALNS_CRUSH_REPAIR_STRUCTURE_CACHE"": ""1"", ""SETP_ALNS_CRUSH_ROUTE_COST_CACHE"": ""1"", ""SETP_ALNS_CRUSH_ROUTE_ELIMINATION"": ""0"", ""SETP_ALNS_CRUSH_SA_ACCEPTANCE"": ""1"", ""SETP_ALNS_CRUSH_SA_MODE"": ""lns_cooling"", ""SETP_ALNS_CRUSH_SCAN_REBUILD"": ""1"", ""SETP_ALNS_CRUSH_SCAN_RESTART"": ""1"", ""SETP_ALNS_CRUSH_TIMING_LEDGER"": ""1"", ""SETP_ALNS_CRUSH_TRUE_ACCEPTANCE"": ""0"", ""SETP_ALNS_CRUSH_TRUE_REPAIR"": ""1""}",3000,alns_e2_throughput,621.371321439464,multidepot,baselines/e2_alns/goeke80_multitrip_t3_preflight_data/stage_a/checkpoints/e2-multidepot-15c-01__alns_e2_throughput__seed1.json,True,fffb1ae661fefa096ee568e5cdf76ef297207a91,2,2,4.141775083000539,0,0,3000,724.3271157608656,True,OK,e2-multidepot-15c-01,1,2.3.5,/opt/anaconda3/bin/python3.13,1,0,2,180.0,1,15,stage_a,OK,"{""acceptance"": {""count"": 2980.0, ""seconds"": 0.0015828651194169652}, ""checkpoint_model_cost"": {""count"": 2.0, ""seconds"": 9.387500176671892e-05}, ""destroy:random_customer_removal"": {""count"": 360.0, ""seconds"": 0.016010983981686877}, ""destroy:route_segment_removal"": {""count"": 403.0, ""seconds"": 0.01314509404983255}, ""destroy:shaw_related_removal"": {""count"": 1552.0, ""seconds"": 0.1544348049828841}, ""destroy:vehicle_type_swap"": {""count"": 141.0, ""seconds"": 0.033648159998847404}, ""destroy:whole_route_removal"": {""count"": 383.0, ""seconds"": 0.008780421027040575}, ""destroy:worst_customer_removal"": {""count"": 141.0, ""seconds"": 0.0046776220260653645}, ""final_check"": {""count"": 1.0, ""seconds"": 4.5417000364977866e-05}, ""full_candidate_score"": {""count"": 2980.0, ""seconds"": 0.27848837506462587}, ""history_model_cost"": {""count"": 2.0, ""seconds"": 0.00011529200128279626}, ""initial_reference_score"": {""count"": 1.0, ""seconds"": 0.000145500001963228}, ""local_search"": {""count"": 104.0, ""seconds"": 0.00015671197979827411}, ""repair:greedy_insert_repair"": {""count"": 501.0, ""seconds"": 0.4239105370324978}, ""repair:regret2_insert_repair"": {""count"": 544.0, ""seconds"": 0.31216562700501527}, ""repair:regret3_insert_repair"": {""count"": 1935.0, ""seconds"": 1.6286364109255373}, ""repair_full_check"": {""count"": 3627.0, ""seconds"": 0.24295078809154802}, ""route_model_cost"": {""count"": 2030.0, ""seconds"": 0.043215506011620164}, ""scan_build"": {""count"": 20.0, ""seconds"": 0.0027666249916364904}, ""scan_score"": {""count"": 20.0, ""seconds"": 0.002401833986368729}}",0,True,False,0.0
{},3000,LNS,621.371321439464,multidepot,baselines/e2_alns/goeke80_multitrip_t3_preflight_data/stage_a/checkpoints/e2-multidepot-15c-01__LNS__seed2.json,True,fffb1ae661fefa096ee568e5cdf76ef297207a91,2,2,7.518876124999224,0,0,3000,398.99580071886203,True,OK,e2-multidepot-15c-01,1,2.3.5,/opt/anaconda3/bin/python3.13,1,0,2,180.0,2,15,stage_a,OK,{},0,True,False,0.0
"{""SETP_ALNS_CRUSH_ADAPTIVE_Q"": ""1"", ""SETP_ALNS_CRUSH_LOCAL_SEARCH"": ""0"", ""SETP_ALNS_CRUSH_REPAIR_STRUCTURE_CACHE"": ""1"", ""SETP_ALNS_CRUSH_ROUTE_COST_CACHE"": ""1"", ""SETP_ALNS_CRUSH_ROUTE_ELIMINATION"": ""0"", ""SETP_ALNS_CRUSH_SA_ACCEPTANCE"": ""1"", ""SETP_ALNS_CRUSH_SA_MODE"": ""lns_cooling"", ""SETP_ALNS_CRUSH_SCAN_REBUILD"": ""1"", ""SETP_ALNS_CRUSH_SCAN_RESTART"": ""1"", ""SETP_ALNS_CRUSH_TIMING_LEDGER"": ""1"", ""SETP_ALNS_CRUSH_TRUE_ACCEPTANCE"": ""0"", ""SETP_ALNS_CRUSH_TRUE_REPAIR"": ""1""}",3000,alns_e2_throughput,621.371321439464,multidepot,baselines/e2_alns/goeke80_multitrip_t3_preflight_data/stage_a/checkpoints/e2-multidepot-15c-01__alns_e2_throughput__seed2.json,True,fffb1ae661fefa096ee568e5cdf76ef297207a91,2,2,4.010575457999948,0,0,3000,748.0223303156807,True,OK,e2-multidepot-15c-01,1,2.3.5,/opt/anaconda3/bin/python3.13,1,0,2,180.0,2,15,stage_a,OK,"{""acceptance"": {""count"": 2980.0, ""seconds"": 0.001538025895570172}, ""checkpoint_model_cost"": {""count"": 3.0, ""seconds"": 0.0001346239987469744}, ""destroy:random_customer_removal"": {""count"": 2410.0, ""seconds"": 0.09749496193398954}, ""destroy:route_segment_removal"": {""count"": 114.0, ""seconds"": 0.0035063330105913337}, ""destroy:shaw_related_removal"": {""count"": 114.0, ""seconds"": 0.011720293994585518}, ""destroy:vehicle_type_swap"": {""count"": 114.0, ""seconds"": 0.02866008400451392}, ""destroy:whole_route_removal"": {""count"": 114.0, ""seconds"": 0.0028015830102958716}, ""destroy:worst_customer_removal"": {""count"": 114.0, ""seconds"": 0.004078036006831098}, ""final_check"": {""count"": 1.0, ""seconds"": 4.558400178211741e-05}, ""full_candidate_score"": {""count"": 2980.0, ""seconds"": 0.2864388321140723}, ""history_model_cost"": {""count"": 3.0, ""seconds"": 0.00016033299834816717}, ""initial_reference_score"": {""count"": 1.0, ""seconds"": 0.0004509579994191881}, ""local_search"": {""count"": 80.0, ""seconds"": 0.00015311999959521927}, ""repair:greedy_insert_repair"": {""count"": 228.0, ""seconds"": 0.2030708379970747}, ""repair:regret2_insert_repair"": {""count"": 461.0, ""seconds"": 0.35309627799506416}, ""repair:regret3_insert_repair"": {""count"": 2291.0, ""seconds"": 1.7137016879751172}, ""repair_full_check"": {""count"": 3219.0, ""seconds"": 0.18533873399792355}, ""repair_solution_score"": {""count"": 6.0, ""seconds"": 0.0003276249990449287}, ""route_model_cost"": {""count"": 4342.0, ""seconds"": 0.09136569686597795}, ""scan_build"": {""count"": 20.0, ""seconds"": 0.0030328349930641707}, ""scan_score"": {""count"": 20.0, ""seconds"": 0.0023032930039335042}}",0,True,False,0.0
{},3000,LNS,621.371321439464,multidepot,baselines/e2_alns/goeke80_multitrip_t3_preflight_data/stage_a/checkpoints/e2-multidepot-15c-01__LNS__seed3.json,True,fffb1ae661fefa096ee568e5cdf76ef297207a91,2,2,7.36974674999874,0,0,3000,407.06961877631863,True,OK,e2-multidepot-15c-01,1,2.3.5,/opt/anaconda3/bin/python3.13,1,0,2,180.0,3,15,stage_a,OK,{},0,True,False,0.0
"{""SETP_ALNS_CRUSH_ADAPTIVE_Q"": ""1"", ""SETP_ALNS_CRUSH_LOCAL_SEARCH"": ""0"", ""SETP_ALNS_CRUSH_REPAIR_STRUCTURE_CACHE"": ""1"", ""SETP_ALNS_CRUSH_ROUTE_COST_CACHE"": ""1"", ""SETP_ALNS_CRUSH_ROUTE_ELIMINATION"": ""0"", ""SETP_ALNS_CRUSH_SA_ACCEPTANCE"": ""1"", ""SETP_ALNS_CRUSH_SA_MODE"": ""lns_cooling"", ""SETP_ALNS_CRUSH_SCAN_REBUILD"": ""1"", ""SETP_ALNS_CRUSH_SCAN_RESTART"": ""1"", ""SETP_ALNS_CRUSH_TIMING_LEDGER"": ""1"", ""SETP_ALNS_CRUSH_TRUE_ACCEPTANCE"": ""0"", ""SETP_ALNS_CRUSH_TRUE_REPAIR"": ""1""}",3000,alns_e2_throughput,621.371321439464,multidepot,baselines/e2_alns/goeke80_multitrip_t3_preflight_data/stage_a/checkpoints/e2-multidepot-15c-01__alns_e2_throughput__seed3.json,True,fffb1ae661fefa096ee568e5cdf76ef297207a91,2,2,3.9196249169981456,0,0,3000,765.3793573435994,True,OK,e2-multidepot-15c-01,1,2.3.5,/opt/anaconda3/bin/python3.13,1,0,2,180.0,3,15,stage_a,OK,"{""acceptance"": {""count"": 2980.0, ""seconds"": 0.0015139130773604847}, ""checkpoint_model_cost"": {""count"": 3.0, ""seconds"": 0.00013654199938173406}, ""destroy:random_customer_removal"": {""count"": 129.0, ""seconds"": 0.005760208994615823}, ""destroy:route_segment_removal"": {""count"": 155.0, ""seconds"": 0.0051211210011388175}, ""destroy:shaw_related_removal"": {""count"": 2314.0, ""seconds"": 0.2227245569374645}, ""destroy:vehicle_type_swap"": {""count"": 126.0, ""seconds"": 0.029600960024254164}, ""destroy:whole_route_removal"": {""count"": 127.0, ""seconds"": 0.0029712949908571318}, ""destroy:worst_customer_removal"": {""count"": 129.0, ""seconds"": 0.00464020097933826}, ""final_check"": {""count"": 1.0, ""seconds"": 4.462500146473758e-05}, ""full_candidate_score"": {""count"": 2980.0, ""seconds"": 0.2759898980257276}, ""history_model_cost"": {""count"": 3.0, ""seconds"": 0.00016545900143682957}, ""initial_reference_score"": {""count"": 1.0, ""seconds"": 0.00013541700172936544}, ""local_search"": {""count"": 109.0, ""seconds"": 0.00015757699657115154}, ""repair:greedy_insert_repair"": {""count"": 285.0, ""seconds"": 0.21780966802543844}, ""repair:regret2_insert_repair"": {""count"": 484.0, ""seconds"": 0.35927775201707846}, ""repair:regret3_insert_repair"": {""count"": 2211.0, ""seconds"": 1.4823296430913615}, ""repair_full_check"": {""count"": 3318.0, ""seconds"": 0.19289209105045302}, ""route_model_cost"": {""count"": 1361.0, ""seconds"": 0.028090627023630077}, ""scan_build"": {""count"": 20.0, ""seconds"": 0.0027530810111784376}, ""scan_score"": {""count"": 20.0, ""seconds"": 0.0022466260052169673}}",0,True,False,0.0
{},3000,LNS,6608.239546640648,multidepot,baselines/e2_alns/goeke80_multitrip_t3_preflight_data/stage_a/checkpoints/e2-multidepot-200c-01__LNS__seed1.json,True,fffb1ae661fefa096ee568e5cdf76ef297207a91,14,28,274.70260312499886,1,1,3000,10.92090124327981,True,OK,e2-multidepot-200c-01,2,2.3.5,/opt/anaconda3/bin/python3.13,1,14,29,900.0,1,200,stage_a,OK,{},0,False,False,0.034482758620689655
"{""SETP_ALNS_CRUSH_ADAPTIVE_Q"": ""1"", ""SETP_ALNS_CRUSH_LOCAL_SEARCH"": ""0"", ""SETP_ALNS_CRUSH_REPAIR_STRUCTURE_CACHE"": ""1"", ""SETP_ALNS_CRUSH_ROUTE_COST_CACHE"": ""1"", ""SETP_ALNS_CRUSH_ROUTE_ELIMINATION"": ""0"", ""SETP_ALNS_CRUSH_SA_ACCEPTANCE"": ""1"", ""SETP_ALNS_CRUSH_SA_MODE"": ""lns_cooling"", ""SETP_ALNS_CRUSH_SCAN_REBUILD"": ""1"", ""SETP_ALNS_CRUSH_SCAN_RESTART"": ""1"", ""SETP_ALNS_CRUSH_TIMING_LEDGER"": ""1"", ""SETP_ALNS_CRUSH_TRUE_ACCEPTANCE"": ""0"", ""SETP_ALNS_CRUSH_TRUE_REPAIR"": ""1""}",3000,alns_e2_throughput,6608.239546640648,multidepot,baselines/e2_alns/goeke80_multitrip_t3_preflight_data/stage_a/checkpoints/e2-multidepot-200c-01__alns_e2_throughput__seed1.json,True,fffb1ae661fefa096ee568e5cdf76ef297207a91,14,28,261.2565297500005,1,1,3000,11.482966580283128,True,OK,e2-multidepot-200c-01,2,2.3.5,/opt/anaconda3/bin/python3.13,1,14,29,900.0,1,200,stage_a,OK,"{""acceptance"": {""count"": 2980.0, ""seconds"": 0.0009109040511248168}, ""checkpoint_model_cost"": {""count"": 1.0, ""seconds"": 0.0004912500007776543}, ""destroy:random_customer_removal"": {""count"": 498.0, ""seconds"": 0.19429686694275006}, ""destroy:route_segment_removal"": {""count"": 495.0, ""seconds"": 0.24084179499186575}, ""destroy:shaw_related_removal"": {""count"": 498.0, ""seconds"": 17.680469084989454}, ""destroy:vehicle_type_swap"": {""count"": 495.0, ""seconds"": 4.890732857977127}, ""destroy:whole_route_removal"": {""count"": 496.0, ""seconds"": 0.22213150900643086}, ""destroy:worst_customer_removal"": {""count"": 498.0, ""seconds"": 0.2321669309931167}, ""final_check"": {""count"": 1.0, ""seconds"": 0.0006960000027902424}, ""full_candidate_score"": {""count"": 2980.0, ""seconds"": 3.7232246169514838}, ""history_model_cost"": {""count"": 1.0, ""seconds"": 0.0005689999998139683}, ""initial_reference_score"": {""count"": 1.0, ""seconds"": 0.0013277500002004672}, ""repair:greedy_insert_repair"": {""count"": 994.0, ""seconds"": 76.4167093920114}, ""repair:regret2_insert_repair"": {""count"": 993.0, ""seconds"": 80.1006910899232}, ""repair:regret3_insert_repair"": {""count"": 993.0, ""seconds"": 79.1889197089804}, ""repair_full_check"": {""count"": 5960.0, ""seconds"": 5.100291360169649}, ""repair_solution_score"": {""count"": 1476.0, ""seconds"": 0.7746362308353127}, ""route_model_cost"": {""count"": 392045.0, ""seconds"": 11.108623819931381}, ""scan_build"": {""count"": 20.0, ""seconds"": 0.05447012600052403}, ""scan_score"": {""count"": 20.0, ""seconds"": 0.02348166799856699}}",0,False,False,0.034482758620689655
{},3000,LNS,6608.239546640648,multidepot,baselines/e2_alns/goeke80_multitrip_t3_preflight_data/stage_a/checkpoints/e2-multidepot-200c-01__LNS__seed2.json,True,fffb1ae661fefa096ee568e5cdf76ef297207a91,14,28,275.5721740830013,1,1,3000,10.88644022199575,True,OK,e2-multidepot-200c-01,2,2.3.5,/opt/anaconda3/bin/python3.13,1,14,29,900.0,2,200,stage_a,OK,{},0,False,False,0.034482758620689655
"{""SETP_ALNS_CRUSH_ADAPTIVE_Q"": ""1"", ""SETP_ALNS_CRUSH_LOCAL_SEARCH"": ""0"", ""SETP_ALNS_CRUSH_REPAIR_STRUCTURE_CACHE"": ""1"", ""SETP_ALNS_CRUSH_ROUTE_COST_CACHE"": ""1"", ""SETP_ALNS_CRUSH_ROUTE_ELIMINATION"": ""0"", ""SETP_ALNS_CRUSH_SA_ACCEPTANCE"": ""1"", ""SETP_ALNS_CRUSH_SA_MODE"": ""lns_cooling"", ""SETP_ALNS_CRUSH_SCAN_REBUILD"": ""1"", ""SETP_ALNS_CRUSH_SCAN_RESTART"": ""1"", ""SETP_ALNS_CRUSH_TIMING_LEDGER"": ""1"", ""SETP_ALNS_CRUSH_TRUE_ACCEPTANCE"": ""0"", ""SETP_ALNS_CRUSH_TRUE_REPAIR"": ""1""}",3000,alns_e2_throughput,6608.239546640648,multidepot,baselines/e2_alns/goeke80_multitrip_t3_preflight_data/stage_a/checkpoints/e2-multidepot-200c-01__alns_e2_throughput__seed2.json,True,fffb1ae661fefa096ee568e5cdf76ef297207a91,14,28,265.89083366699924,1,1,3000,11.282825957652943,True,OK,e2-multidepot-200c-01,2,2.3.5,/opt/anaconda3/bin/python3.13,1,14,29,900.0,2,200,stage_a,OK,"{""acceptance"": {""count"": 2980.0, ""seconds"": 0.0009203930749208666}, ""checkpoint_model_cost"": {""count"": 1.0, ""seconds"": 0.0007049579980957787}, ""destroy:random_customer_removal"": {""count"": 498.0, ""seconds"": 0.19498104499507463}, ""destroy:route_segment_removal"": {""count"": 495.0, ""seconds"": 0.24205038201034768}, ""destroy:shaw_related_removal"": {""count"": 498.0, ""seconds"": 17.809212799016677}, ""destroy:vehicle_type_swap"": {""count"": 495.0, ""seconds"": 5.050637764979911}, ""destroy:whole_route_removal"": {""count"": 496.0, ""seconds"": 0.23023516604007455}, ""destroy:worst_customer_removal"": {""count"": 498.0, ""seconds"": 0.23290733798785368}, ""final_check"": {""count"": 1.0, ""seconds"": 0.0007448340002156328}, ""full_candidate_score"": {""count"": 2980.0, ""seconds"": 3.768856803919334}, ""history_model_cost"": {""count"": 1.0, ""seconds"": 0.0011730419973901007}, ""initial_reference_score"": {""count"": 1.0, ""seconds"": 0.0012737500001094304}, ""repair:greedy_insert_repair"": {""count"": 994.0, ""seconds"": 78.51553438994233}, ""repair:regret2_insert_repair"": {""count"": 993.0, ""seconds"": 83.59702115800246}, ""repair:regret3_insert_repair"": {""count"": 993.0, ""seconds"": 77.82949224799813}, ""repair_full_check"": {""count"": 5960.0, ""seconds"": 5.0550063570190105}, ""repair_solution_score"": {""count"": 1469.0, ""seconds"": 0.806443967991072}, ""route_model_cost"": {""count"": 389333.0, ""seconds"": 11.026424878440594}, ""scan_build"": {""count"": 20.0, ""seconds"": 0.05758333299672813}, ""scan_score"": {""count"": 20.0, ""seconds"": 0.0259525439942081}}",0,False,False,0.034482758620689655
{},3000,LNS,6608.239546640648,multidepot,baselines/e2_alns/goeke80_multitrip_t3_preflight_data/stage_a/checkpoints/e2-multidepot-200c-01__LNS__seed3.json,True,fffb1ae661fefa096ee568e5cdf76ef297207a91,14,28,274.8068806670017,1,1,3000,10.91675722499562,True,OK,e2-multidepot-200c-01,2,2.3.5,/opt/anaconda3/bin/python3.13,1,14,29,900.0,3,200,stage_a,OK,{},0,False,False,0.034482758620689655
"{""SETP_ALNS_CRUSH_ADAPTIVE_Q"": ""1"", ""SETP_ALNS_CRUSH_LOCAL_SEARCH"": ""0"", ""SETP_ALNS_CRUSH_REPAIR_STRUCTURE_CACHE"": ""1"", ""SETP_ALNS_CRUSH_ROUTE_COST_CACHE"": ""1"", ""SETP_ALNS_CRUSH_ROUTE_ELIMINATION"": ""0"", ""SETP_ALNS_CRUSH_SA_ACCEPTANCE"": ""1"", ""SETP_ALNS_CRUSH_SA_MODE"": ""lns_cooling"", ""SETP_ALNS_CRUSH_SCAN_REBUILD"": ""1"", ""SETP_ALNS_CRUSH_SCAN_RESTART"": ""1"", ""SETP_ALNS_CRUSH_TIMING_LEDGER"": ""1"", ""SETP_ALNS_CRUSH_TRUE_ACCEPTANCE"": ""0"", ""SETP_ALNS_CRUSH_TRUE_REPAIR"": ""1""}",3000,alns_e2_throughput,6608.239546640648,multidepot,baselines/e2_alns/goeke80_multitrip_t3_preflight_data/stage_a/checkpoints/e2-multidepot-200c-01__alns_e2_throughput__seed3.json,True,fffb1ae661fefa096ee568e5cdf76ef297207a91,14,28,267.2555026669979,1,1,3000,11.225213213806187,True,OK,e2-multidepot-200c-01,2,2.3.5,/opt/anaconda3/bin/python3.13,1,14,29,900.0,3,200,stage_a,OK,"{""acceptance"": {""count"": 2980.0, ""seconds"": 0.0009323329322796781}, ""checkpoint_model_cost"": {""count"": 1.0, ""seconds"": 0.0004939579994243104}, ""destroy:random_customer_removal"": {""count"": 498.0, ""seconds"": 0.1943698219874932}, ""destroy:route_segment_removal"": {""count"": 495.0, ""seconds"": 0.24014009296297445}, ""destroy:shaw_related_removal"": {""count"": 498.0, ""seconds"": 17.71285226702821}, ""destroy:vehicle_type_swap"": {""count"": 495.0, ""seconds"": 4.837097883981187}, ""destroy:whole_route_removal"": {""count"": 496.0, ""seconds"": 0.22004433702750248}, ""destroy:worst_customer_removal"": {""count"": 498.0, ""seconds"": 0.23534346198357525}, ""final_check"": {""count"": 1.0, ""seconds"": 0.0006824999982200097}, ""full_candidate_score"": {""count"": 2980.0, ""seconds"": 3.7125903699088667}, ""history_model_cost"": {""count"": 1.0, ""seconds"": 0.0006216250003490131}, ""initial_reference_score"": {""count"": 1.0, ""seconds"": 0.0012582090021169279}, ""repair:greedy_insert_repair"": {""count"": 994.0, ""seconds"": 80.50796608995734}, ""repair:regret2_insert_repair"": {""count"": 993.0, ""seconds"": 83.60928662207516}, ""repair:regret3_insert_repair"": {""count"": 993.0, ""seconds"": 77.55111099198984}, ""repair_full_check"": {""count"": 5960.0, ""seconds"": 5.033962417925068}, ""repair_solution_score"": {""count"": 1488.0, ""seconds"": 0.773463195979275}, ""route_model_cost"": {""count"": 398947.0, ""seconds"": 11.308226942386682}, ""scan_build"": {""count"": 20.0, ""seconds"": 0.05492683199918247}, ""scan_score"": {""count"": 20.0, ""seconds"": 0.023620791998837376}}",0,False,False,0.034482758620689655
{},3000,LNS,1130.7005298293218,multidepot,baselines/e2_alns/goeke80_multitrip_t3_preflight_data/stage_a/checkpoints/e2-multidepot-20c-01__LNS__seed1.json,True,fffb1ae661fefa096ee568e5cdf76ef297207a91,2,4,20.0875522919996,1,1,3000,149.34621980771792,True,OK,e2-multidepot-20c-01,2,2.3.5,/opt/anaconda3/bin/python3.13,1,2,5,180.0,1,20,stage_a,OK,{},0,False,False,0.2
"{""SETP_ALNS_CRUSH_ADAPTIVE_Q"": ""1"", ""SETP_ALNS_CRUSH_LOCAL_SEARCH"": ""0"", ""SETP_ALNS_CRUSH_REPAIR_STRUCTURE_CACHE"": ""1"", ""SETP_ALNS_CRUSH_ROUTE_COST_CACHE"": ""1"", ""SETP_ALNS_CRUSH_ROUTE_ELIMINATION"": ""0"", ""SETP_ALNS_CRUSH_SA_ACCEPTANCE"": ""1"", ""SETP_ALNS_CRUSH_SA_MODE"": ""lns_cooling"", ""SETP_ALNS_CRUSH_SCAN_REBUILD"": ""1"", ""SETP_ALNS_CRUSH_SCAN_RESTART"": ""1"", ""SETP_ALNS_CRUSH_TIMING_LEDGER"": ""1"", ""SETP_ALNS_CRUSH_TRUE_ACCEPTANCE"": ""0"", ""SETP_ALNS_CRUSH_TRUE_REPAIR"": ""1""}",3000,alns_e2_throughput,1130.7005298293218,multidepot,baselines/e2_alns/goeke80_multitrip_t3_preflight_data/stage_a/checkpoints/e2-multidepot-20c-01__alns_e2_throughput__seed1.json,True,fffb1ae661fefa096ee568e5cdf76ef297207a91,2,4,6.585227790998033,1,1,3000,455.5651065102079,True,OK,e2-multidepot-20c-01,2,2.3.5,/opt/anaconda3/bin/python3.13,1,2,5,180.0,1,20,stage_a,OK,"{""acceptance"": {""count"": 2980.0, ""seconds"": 0.0008028390911931638}, ""checkpoint_model_cost"": {""count"": 1.0, ""seconds"": 7.041699791443534e-05}, ""destroy:random_customer_removal"": {""count"": 498.0, ""seconds"": 0.03512199801480165}, ""destroy:route_segment_removal"": {""count"": 495.0, ""seconds"": 0.02694580896786647}, ""destroy:shaw_related_removal"": {""count"": 498.0, ""seconds"": 0.11423495296912733}, ""destroy:vehicle_type_swap"": {""count"": 495.0, ""seconds"": 0.45431955602180096}, ""destroy:whole_route_removal"": {""count"": 496.0, ""seconds"": 0.02151007601423771}, ""destroy:worst_customer_removal"": {""count"": 498.0, ""seconds"": 0.027923384968744358}, ""final_check"": {""count"": 1.0, ""seconds"": 0.00010054199810838327}, ""full_candidate_score"": {""count"": 2980.0, ""seconds"": 0.5657551819313085}, ""history_model_cost"": {""count"": 1.0, ""seconds"": 0.00011954100045841187}, ""initial_reference_score"": {""count"": 1.0, ""seconds"": 0.00022629100203630514}, ""repair:greedy_insert_repair"": {""count"": 994.0, ""seconds"": 1.4407225019931502}, ""repair:regret2_insert_repair"": {""count"": 993.0, ""seconds"": 1.4308493179560173}, ""repair:regret3_insert_repair"": {""count"": 993.0, ""seconds"": 1.3912261150690028}, ""repair_full_check"": {""count"": 5960.0, ""seconds"": 0.5622172880757716}, ""repair_solution_score"": {""count"": 990.0, ""seconds"": 0.07728296001005219}, ""route_model_cost"": {""count"": 5235.0, ""seconds"": 0.11196257407937082}, ""scan_build"": {""count"": 20.0, ""seconds"": 0.0043923320081376005}, ""scan_score"": {""count"": 20.0, ""seconds"": 0.0030976250091043767}}",0,False,False,0.2
{},3000,LNS,1130.7005298293218,multidepot,baselines/e2_alns/goeke80_multitrip_t3_preflight_data/stage_a/checkpoints/e2-multidepot-20c-01__LNS__seed2.json,True,fffb1ae661fefa096ee568e5cdf76ef297207a91,2,4,19.731813374997728,1,1,3000,152.03873779798232,True,OK,e2-multidepot-20c-01,2,2.3.5,/opt/anaconda3/bin/python3.13,1,2,5,180.0,2,20,stage_a,OK,{},0,False,False,0.2
"{""SETP_ALNS_CRUSH_ADAPTIVE_Q"": ""1"", ""SETP_ALNS_CRUSH_LOCAL_SEARCH"": ""0"", ""SETP_ALNS_CRUSH_REPAIR_STRUCTURE_CACHE"": ""1"", ""SETP_ALNS_CRUSH_ROUTE_COST_CACHE"": ""1"", ""SETP_ALNS_CRUSH_ROUTE_ELIMINATION"": ""0"", ""SETP_ALNS_CRUSH_SA_ACCEPTANCE"": ""1"", ""SETP_ALNS_CRUSH_SA_MODE"": ""lns_cooling"", ""SETP_ALNS_CRUSH_SCAN_REBUILD"": ""1"", ""SETP_ALNS_CRUSH_SCAN_RESTART"": ""1"", ""SETP_ALNS_CRUSH_TIMING_LEDGER"": ""1"", ""SETP_ALNS_CRUSH_TRUE_ACCEPTANCE"": ""0"", ""SETP_ALNS_CRUSH_TRUE_REPAIR"": ""1""}",3000,alns_e2_throughput,1130.7005298293218,multidepot,baselines/e2_alns/goeke80_multitrip_t3_preflight_data/stage_a/checkpoints/e2-multidepot-20c-01__alns_e2_throughput__seed2.json,True,fffb1ae661fefa096ee568e5cdf76ef297207a91,2,4,6.267327208999632,1,1,3000,478.6729494021183,True,OK,e2-multidepot-20c-01,2,2.3.5,/opt/anaconda3/bin/python3.13,1,2,5,180.0,2,20,stage_a,OK,"{""acceptance"": {""count"": 2980.0, ""seconds"": 0.0007811890754965134}, ""checkpoint_model_cost"": {""count"": 1.0, ""seconds"": 7.087500125635415e-05}, ""destroy:random_customer_removal"": {""count"": 498.0, ""seconds"": 0.03354184295676532}, ""destroy:route_segment_removal"": {""count"": 495.0, ""seconds"": 0.02483931602546363}, ""destroy:shaw_related_removal"": {""count"": 498.0, ""seconds"": 0.11284616002012626}, ""destroy:vehicle_type_swap"": {""count"": 495.0, ""seconds"": 0.43290933601747383}, ""destroy:whole_route_removal"": {""count"": 496.0, ""seconds"": 0.02018628093719599}, ""destroy:worst_customer_removal"": {""count"": 498.0, ""seconds"": 0.027233996050199494}, ""final_check"": {""count"": 1.0, ""seconds"": 9.900000077323057e-05}, ""full_candidate_score"": {""count"": 2980.0, ""seconds"": 0.5344121790330973}, ""history_model_cost"": {""count"": 1.0, ""seconds"": 0.00010591699901851825}, ""initial_reference_score"": {""count"": 1.0, ""seconds"": 0.00021879099949728698}, ""repair:greedy_insert_repair"": {""count"": 994.0, ""seconds"": 1.296438083067187}, ""repair:regret2_insert_repair"": {""count"": 993.0, ""seconds"": 1.4472428240187583}, ""repair:regret3_insert_repair"": {""count"": 993.0, ""seconds"": 1.2834208710191888}, ""repair_full_check"": {""count"": 5960.0, ""seconds"": 0.5299076658811828}, ""repair_solution_score"": {""count"": 990.0, ""seconds"": 0.07190801703109173}, ""route_model_cost"": {""count"": 4845.0, ""seconds"": 0.10404814609137247}, ""scan_build"": {""count"": 20.0, ""seconds"": 0.003905999994458398}, ""scan_score"": {""count"": 20.0, ""seconds"": 0.002911666000727564}}",0,False,False,0.2
{},3000,LNS,1130.7005298293218,multidepot,baselines/e2_alns/goeke80_multitrip_t3_preflight_data/stage_a/checkpoints/e2-multidepot-20c-01__LNS__seed3.json,True,fffb1ae661fefa096ee568e5cdf76ef297207a91,2,4,20.796630207998533,1,1,3000,144.25413973299283,True,OK,e2-multidepot-20c-01,2,2.3.5,/opt/anaconda3/bin/python3.13,1,2,5,180.0,3,20,stage_a,OK,{},0,False,False,0.2
"{""SETP_ALNS_CRUSH_ADAPTIVE_Q"": ""1"", ""SETP_ALNS_CRUSH_LOCAL_SEARCH"": ""0"", ""SETP_ALNS_CRUSH_REPAIR_STRUCTURE_CACHE"": ""1"", ""SETP_ALNS_CRUSH_ROUTE_COST_CACHE"": ""1"", ""SETP_ALNS_CRUSH_ROUTE_ELIMINATION"": ""0"", ""SETP_ALNS_CRUSH_SA_ACCEPTANCE"": ""1"", ""SETP_ALNS_CRUSH_SA_MODE"": ""lns_cooling"", ""SETP_ALNS_CRUSH_SCAN_REBUILD"": ""1"", ""SETP_ALNS_CRUSH_SCAN_RESTART"": ""1"", ""SETP_ALNS_CRUSH_TIMING_LEDGER"": ""1"", ""SETP_ALNS_CRUSH_TRUE_ACCEPTANCE"": ""0"", ""SETP_ALNS_CRUSH_TRUE_REPAIR"": ""1""}",3000,alns_e2_throughput,1130.7005298293218,multidepot,baselines/e2_alns/goeke80_multitrip_t3_preflight_data/stage_a/checkpoints/e2-multidepot-20c-01__alns_e2_throughput__seed3.json,True,fffb1ae661fefa096ee568e5cdf76ef297207a91,2,4,6.247836166003253,1,1,3000,480.1662400054742,True,OK,e2-multidepot-20c-01,2,2.3.5,/opt/anaconda3/bin/python3.13,1,2,5,180.0,3,20,stage_a,OK,"{""acceptance"": {""count"": 2980.0, ""seconds"": 0.0007821409053576645}, ""checkpoint_model_cost"": {""count"": 1.0, ""seconds"": 7.045799793559127e-05}, ""destroy:random_customer_removal"": {""count"": 498.0, ""seconds"": 0.03410196298500523}, ""destroy:route_segment_removal"": {""count"": 495.0, ""seconds"": 0.02535249803258921}, ""destroy:shaw_related_removal"": {""count"": 498.0, ""seconds"": 0.10768272098357556}, ""destroy:vehicle_type_swap"": {""count"": 495.0, ""seconds"": 0.438578077017155}, ""destroy:whole_route_removal"": {""count"": 496.0, ""seconds"": 0.02230340106325457}, ""destroy:worst_customer_removal"": {""count"": 498.0, ""seconds"": 0.025519794027786702}, ""final_check"": {""count"": 1.0, ""seconds"": 0.0001020419986161869}, ""full_candidate_score"": {""count"": 2980.0, ""seconds"": 0.5280150830512866}, ""history_model_cost"": {""count"": 1.0, ""seconds"": 0.0001004170007945504}, ""initial_reference_score"": {""count"": 1.0, ""seconds"": 0.00022375000116880983}, ""repair:greedy_insert_repair"": {""count"": 994.0, ""seconds"": 1.3168162369256606}, ""repair:regret2_insert_repair"": {""count"": 993.0, ""seconds"": 1.280384363977646}, ""repair:regret3_insert_repair"": {""count"": 993.0, ""seconds"": 1.367022666039702}, ""repair_full_check"": {""count"": 5960.0, ""seconds"": 0.553693207923061}, ""repair_solution_score"": {""count"": 990.0, ""seconds"": 0.07570149801540538}, ""route_model_cost"": {""count"": 4913.0, ""seconds"": 0.10539460704967496}, ""scan_build"": {""count"": 20.0, ""seconds"": 0.003558458007319132}, ""scan_score"": {""count"": 20.0, ""seconds"": 0.0026109150021511596}}",0,False,False,0.2
{},3000,LNS,828.678306576153,multidepot,baselines/e2_alns/goeke80_multitrip_t3_preflight_data/stage_a/checkpoints/e2-multidepot-25c-01__LNS__seed1.json,True,fffb1ae661fefa096ee568e5cdf76ef297207a91,2,4,29.648873292000644,1,1,3000,101.18428347863758,True,OK,e2-multidepot-25c-01,2,2.3.5,/opt/anaconda3/bin/python3.13,1,2,5,180.0,1,25,stage_a,OK,{},0,False,False,0.2
"{""SETP_ALNS_CRUSH_ADAPTIVE_Q"": ""1"", ""SETP_ALNS_CRUSH_LOCAL_SEARCH"": ""0"", ""SETP_ALNS_CRUSH_REPAIR_STRUCTURE_CACHE"": ""1"", ""SETP_ALNS_CRUSH_ROUTE_COST_CACHE"": ""1"", ""SETP_ALNS_CRUSH_ROUTE_ELIMINATION"": ""0"", ""SETP_ALNS_CRUSH_SA_ACCEPTANCE"": ""1"", ""SETP_ALNS_CRUSH_SA_MODE"": ""lns_cooling"", ""SETP_ALNS_CRUSH_SCAN_REBUILD"": ""1"", ""SETP_ALNS_CRUSH_SCAN_RESTART"": ""1"", ""SETP_ALNS_CRUSH_TIMING_LEDGER"": ""1"", ""SETP_ALNS_CRUSH_TRUE_ACCEPTANCE"": ""0"", ""SETP_ALNS_CRUSH_TRUE_REPAIR"": ""1""}",3000,alns_e2_throughput,828.678306576153,multidepot,baselines/e2_alns/goeke80_multitrip_t3_preflight_data/stage_a/checkpoints/e2-multidepot-25c-01__alns_e2_throughput__seed1.json,True,fffb1ae661fefa096ee568e5cdf76ef297207a91,2,4,8.603795125000033,1,1,3000,348.6833375754038,True,OK,e2-multidepot-25c-01,2,2.3.5,/opt/anaconda3/bin/python3.13,1,2,5,180.0,1,25,stage_a,OK,"{""acceptance"": {""count"": 2980.0, ""seconds"": 0.0008230078274209518}, ""checkpoint_model_cost"": {""count"": 1.0, ""seconds"": 7.891700079198927e-05}, ""destroy:random_customer_removal"": {""count"": 498.0, ""seconds"": 0.03731782102113357}, ""destroy:route_segment_removal"": {""count"": 495.0, ""seconds"": 0.027829382990603335}, ""destroy:shaw_related_removal"": {""count"": 498.0, ""seconds"": 0.1466813380138774}, ""destroy:vehicle_type_swap"": {""count"": 495.0, ""seconds"": 0.8016469709546072}, ""destroy:whole_route_removal"": {""count"": 496.0, ""seconds"": 0.021858253989194054}, ""destroy:worst_customer_removal"": {""count"": 498.0, ""seconds"": 0.03000820704983198}, ""final_check"": {""count"": 1.0, ""seconds"": 0.00010779099829960614}, ""full_candidate_score"": {""count"": 2980.0, ""seconds"": 0.61596719202862}, ""history_model_cost"": {""count"": 1.0, ""seconds"": 0.00011579200145206414}, ""initial_reference_score"": {""count"": 1.0, ""seconds"": 0.00023012500241748057}, ""repair:greedy_insert_repair"": {""count"": 994.0, ""seconds"": 2.080015076971904}, ""repair:regret2_insert_repair"": {""count"": 993.0, ""seconds"": 1.8572966070569237}, ""repair:regret3_insert_repair"": {""count"": 993.0, ""seconds"": 2.052433628065046}, ""repair_full_check"": {""count"": 5960.0, ""seconds"": 0.6655091640895989}, ""repair_solution_score"": {""count"": 1485.0, ""seconds"": 0.11758360088424524}, ""route_model_cost"": {""count"": 9869.0, ""seconds"": 0.24139084406124311}, ""scan_build"": {""count"": 20.0, ""seconds"": 0.0045142080016375985}, ""scan_score"": {""count"": 20.0, ""seconds"": 0.0029735869975411333}}",0,False,False,0.2
{},3000,LNS,828.678306576153,multidepot,baselines/e2_alns/goeke80_multitrip_t3_preflight_data/stage_a/checkpoints/e2-multidepot-25c-01__LNS__seed2.json,True,fffb1ae661fefa096ee568e5cdf76ef297207a91,2,4,29.68603174999953,1,1,3000,101.05762957017815,True,OK,e2-multidepot-25c-01,2,2.3.5,/opt/anaconda3/bin/python3.13,1,2,5,180.0,2,25,stage_a,OK,{},0,False,False,0.2
"{""SETP_ALNS_CRUSH_ADAPTIVE_Q"": ""1"", ""SETP_ALNS_CRUSH_LOCAL_SEARCH"": ""0"", ""SETP_ALNS_CRUSH_REPAIR_STRUCTURE_CACHE"": ""1"", ""SETP_ALNS_CRUSH_ROUTE_COST_CACHE"": ""1"", ""SETP_ALNS_CRUSH_ROUTE_ELIMINATION"": ""0"", ""SETP_ALNS_CRUSH_SA_ACCEPTANCE"": ""1"", ""SETP_ALNS_CRUSH_SA_MODE"": ""lns_cooling"", ""SETP_ALNS_CRUSH_SCAN_REBUILD"": ""1"", ""SETP_ALNS_CRUSH_SCAN_RESTART"": ""1"", ""SETP_ALNS_CRUSH_TIMING_LEDGER"": ""1"", ""SETP_ALNS_CRUSH_TRUE_ACCEPTANCE"": ""0"", ""SETP_ALNS_CRUSH_TRUE_REPAIR"": ""1""}",3000,alns_e2_throughput,828.678306576153,multidepot,baselines/e2_alns/goeke80_multitrip_t3_preflight_data/stage_a/checkpoints/e2-multidepot-25c-01__alns_e2_throughput__seed2.json,True,fffb1ae661fefa096ee568e5cdf76ef297207a91,2,4,8.401189874999545,1,1,3000,357.09227438454514,True,OK,e2-multidepot-25c-01,2,2.3.5,/opt/anaconda3/bin/python3.13,1,2,5,180.0,2,25,stage_a,OK,"{""acceptance"": {""count"": 2980.0, ""seconds"": 0.00080719900506665}, ""checkpoint_model_cost"": {""count"": 1.0, ""seconds"": 8.045900176512077e-05}, ""destroy:random_customer_removal"": {""count"": 498.0, ""seconds"": 0.035319730050105136}, ""destroy:route_segment_removal"": {""count"": 495.0, ""seconds"": 0.026626472023053793}, ""destroy:shaw_related_removal"": {""count"": 498.0, ""seconds"": 0.14337483396593598}, ""destroy:vehicle_type_swap"": {""count"": 495.0, ""seconds"": 0.7727732570056105}, ""destroy:whole_route_removal"": {""count"": 496.0, ""seconds"": 0.021173997010919265}, ""destroy:worst_customer_removal"": {""count"": 498.0, ""seconds"": 0.02895142906709225}, ""final_check"": {""count"": 1.0, ""seconds"": 0.00010879199908231385}, ""full_candidate_score"": {""count"": 2980.0, ""seconds"": 0.5758830859704176}, ""history_model_cost"": {""count"": 1.0, ""seconds"": 0.0001112080026359763}, ""initial_reference_score"": {""count"": 1.0, ""seconds"": 0.00022883400015416555}, ""repair:greedy_insert_repair"": {""count"": 994.0, ""seconds"": 1.9489222180200159}, ""repair:regret2_insert_repair"": {""count"": 993.0, ""seconds"": 2.033360890003678}, ""repair:regret3_insert_repair"": {""count"": 993.0, ""seconds"": 1.8494680740623153}, ""repair_full_check"": {""count"": 5960.0, ""seconds"": 0.5951269011711702}, ""repair_solution_score"": {""count"": 1485.0, ""seconds"": 0.11383831308558001}, ""route_model_cost"": {""count"": 9602.0, ""seconds"": 0.23340499020559946}, ""scan_build"": {""count"": 20.0, ""seconds"": 0.004609710005752277}, ""scan_score"": {""count"": 20.0, ""seconds"": 0.0030708750055055134}}",0,False,False,0.2
{},3000,LNS,828.678306576153,multidepot,baselines/e2_alns/goeke80_multitrip_t3_preflight_data/stage_a/checkpoints/e2-multidepot-25c-01__LNS__seed3.json,True,fffb1ae661fefa096ee568e5cdf76ef297207a91,2,4,29.760804292000103,1,1,3000,100.80372729733045,True,OK,e2-multidepot-25c-01,2,2.3.5,/opt/anaconda3/bin/python3.13,1,2,5,180.0,3,25,stage_a,OK,{},0,False,False,0.2
"{""SETP_ALNS_CRUSH_ADAPTIVE_Q"": ""1"", ""SETP_ALNS_CRUSH_LOCAL_SEARCH"": ""0"", ""SETP_ALNS_CRUSH_REPAIR_STRUCTURE_CACHE"": ""1"", ""SETP_ALNS_CRUSH_ROUTE_COST_CACHE"": ""1"", ""SETP_ALNS_CRUSH_ROUTE_ELIMINATION"": ""0"", ""SETP_ALNS_CRUSH_SA_ACCEPTANCE"": ""1"", ""SETP_ALNS_CRUSH_SA_MODE"": ""lns_cooling"", ""SETP_ALNS_CRUSH_SCAN_REBUILD"": ""1"", ""SETP_ALNS_CRUSH_SCAN_RESTART"": ""1"", ""SETP_ALNS_CRUSH_TIMING_LEDGER"": ""1"", ""SETP_ALNS_CRUSH_TRUE_ACCEPTANCE"": ""0"", ""SETP_ALNS_CRUSH_TRUE_REPAIR"": ""1""}",3000,alns_e2_throughput,828.678306576153,multidepot,baselines/e2_alns/goeke80_multitrip_t3_preflight_data/stage_a/checkpoints/e2-multidepot-25c-01__alns_e2_throughput__seed3.json,True,fffb1ae661fefa096ee568e5cdf76ef297207a91,2,4,8.23973974999899,1,1,3000,364.0891691998364,True,OK,e2-multidepot-25c-01,2,2.3.5,/opt/anaconda3/bin/python3.13,1,2,5,180.0,3,25,stage_a,OK,"{""acceptance"": {""count"": 2980.0, ""seconds"": 0.0007879389631852973}, ""checkpoint_model_cost"": {""count"": 1.0, ""seconds"": 0.00010266699973726645}, ""destroy:random_customer_removal"": {""count"": 498.0, ""seconds"": 0.03535733605531277}, ""destroy:route_segment_removal"": {""count"": 495.0, ""seconds"": 0.026119971989828628}, ""destroy:shaw_related_removal"": {""count"": 498.0, ""seconds"": 0.14186791194879333}, ""destroy:vehicle_type_swap"": {""count"": 495.0, ""seconds"": 0.7752405799328699}, ""destroy:whole_route_removal"": {""count"": 496.0, ""seconds"": 0.021247750955808442}, ""destroy:worst_customer_removal"": {""count"": 498.0, ""seconds"": 0.029146628028684063}, ""final_check"": {""count"": 1.0, ""seconds"": 0.00010900000052060932}, ""full_candidate_score"": {""count"": 2980.0, ""seconds"": 0.5764762469261768}, ""history_model_cost"": {""count"": 1.0, ""seconds"": 0.00023166599930846132}, ""initial_reference_score"": {""count"": 1.0, ""seconds"": 0.00024937499983934686}, ""repair:greedy_insert_repair"": {""count"": 994.0, ""seconds"": 1.9678807469535968}, ""repair:regret2_insert_repair"": {""count"": 993.0, ""seconds"": 1.8033261160417169}, ""repair:regret3_insert_repair"": {""count"": 993.0, ""seconds"": 1.9137004540134512}, ""repair_full_check"": {""count"": 5960.0, ""seconds"": 0.5845783557997493}, ""repair_solution_score"": {""count"": 1485.0, ""seconds"": 0.11605412496282952}, ""route_model_cost"": {""count"": 9487.0, ""seconds"": 0.22894143027588143}, ""scan_build"": {""count"": 20.0, ""seconds"": 0.004538626006251434}, ""scan_score"": {""count"": 20.0, ""seconds"": 0.002964920986414654}}",0,False,False,0.2
{},3000,LNS,2020.688951370618,multidepot,baselines/e2_alns/goeke80_multitrip_t3_preflight_data/stage_a/checkpoints/e2-multidepot-50c-01__LNS__seed1.json,True,fffb1ae661fefa096ee568e5cdf76ef297207a91,4,8,51.214901457999076,1,1,3000,58.57670159651241,True,OK,e2-multidepot-50c-01,2,2.3.5,/opt/anaconda3/bin/python3.13,1,4,9,240.0,1,50,stage_a,OK,{},0,False,False,0.1111111111111111
"{""SETP_ALNS_CRUSH_ADAPTIVE_Q"": ""1"", ""SETP_ALNS_CRUSH_LOCAL_SEARCH"": ""0"", ""SETP_ALNS_CRUSH_REPAIR_STRUCTURE_CACHE"": ""1"", ""SETP_ALNS_CRUSH_ROUTE_COST_CACHE"": ""1"", ""SETP_ALNS_CRUSH_ROUTE_ELIMINATION"": ""0"", ""SETP_ALNS_CRUSH_SA_ACCEPTANCE"": ""1"", ""SETP_ALNS_CRUSH_SA_MODE"": ""lns_cooling"", ""SETP_ALNS_CRUSH_SCAN_REBUILD"": ""1"", ""SETP_ALNS_CRUSH_SCAN_RESTART"": ""1"", ""SETP_ALNS_CRUSH_TIMING_LEDGER"": ""1"", ""SETP_ALNS_CRUSH_TRUE_ACCEPTANCE"": ""0"", ""SETP_ALNS_CRUSH_TRUE_REPAIR"": ""1""}",3000,alns_e2_throughput,2020.688951370618,multidepot,baselines/e2_alns/goeke80_multitrip_t3_preflight_data/stage_a/checkpoints/e2-multidepot-50c-01__alns_e2_throughput__seed1.json,True,fffb1ae661fefa096ee568e5cdf76ef297207a91,4,8,18.236363125000935,1,1,3000,164.50648517122278,True,OK,e2-multidepot-50c-01,2,2.3.5,/opt/anaconda3/bin/python3.13,1,4,9,240.0,1,50,stage_a,OK,"{""acceptance"": {""count"": 2980.0, ""seconds"": 0.0008409360307268798}, ""checkpoint_model_cost"": {""count"": 1.0, ""seconds"": 0.00016879100076039322}, ""destroy:random_customer_removal"": {""count"": 498.0, ""seconds"": 0.05518817402480636}, ""destroy:route_segment_removal"": {""count"": 495.0, ""seconds"": 0.046168998938810546}, ""destroy:shaw_related_removal"": {""count"": 498.0, ""seconds"": 0.5874569269508356}, ""destroy:vehicle_type_swap"": {""count"": 495.0, ""seconds"": 1.3400775820264244}, ""destroy:whole_route_removal"": {""count"": 496.0, ""seconds"": 0.040595219001261285}, ""destroy:worst_customer_removal"": {""count"": 498.0, ""seconds"": 0.051122532018780475}, ""final_check"": {""count"": 1.0, ""seconds"": 0.0001824589999159798}, ""full_candidate_score"": {""count"": 2980.0, ""seconds"": 0.9986118840970448}, ""history_model_cost"": {""count"": 1.0, ""seconds"": 0.00022862499827169813}, ""initial_reference_score"": {""count"": 1.0, ""seconds"": 0.0003627090009103995}, ""repair:greedy_insert_repair"": {""count"": 994.0, ""seconds"": 4.71943752203515}, ""repair:regret2_insert_repair"": {""count"": 993.0, ""seconds"": 4.8937847170636815}, ""repair:regret3_insert_repair"": {""count"": 993.0, ""seconds"": 4.85960556498685}, ""repair_full_check"": {""count"": 5960.0, ""seconds"": 1.1117017599790415}, ""repair_solution_score"": {""count"": 1485.0, ""seconds"": 0.20824365604494233}, ""route_model_cost"": {""count"": 34783.0, ""seconds"": 0.8338218615790538}, ""scan_build"": {""count"": 20.0, ""seconds"": 0.009038248994329479}, ""scan_score"": {""count"": 20.0, ""seconds"": 0.0057248300036008}}",0,False,False,0.1111111111111111
{},3000,LNS,2020.688951370618,multidepot,baselines/e2_alns/goeke80_multitrip_t3_preflight_data/stage_a/checkpoints/e2-multidepot-50c-01__LNS__seed2.json,True,fffb1ae661fefa096ee568e5cdf76ef297207a91,4,8,51.880063667002105,1,1,3000,57.82568077124635,True,OK,e2-multidepot-50c-01,2,2.3.5,/opt/anaconda3/bin/python3.13,1,4,9,240.0,2,50,stage_a,OK,{},0,False,False,0.1111111111111111
"{""SETP_ALNS_CRUSH_ADAPTIVE_Q"": ""1"", ""SETP_ALNS_CRUSH_LOCAL_SEARCH"": ""0"", ""SETP_ALNS_CRUSH_REPAIR_STRUCTURE_CACHE"": ""1"", ""SETP_ALNS_CRUSH_ROUTE_COST_CACHE"": ""1"", ""SETP_ALNS_CRUSH_ROUTE_ELIMINATION"": ""0"", ""SETP_ALNS_CRUSH_SA_ACCEPTANCE"": ""1"", ""SETP_ALNS_CRUSH_SA_MODE"": ""lns_cooling"", ""SETP_ALNS_CRUSH_SCAN_REBUILD"": ""1"", ""SETP_ALNS_CRUSH_SCAN_RESTART"": ""1"", ""SETP_ALNS_CRUSH_TIMING_LEDGER"": ""1"", ""SETP_ALNS_CRUSH_TRUE_ACCEPTANCE"": ""0"", ""SETP_ALNS_CRUSH_TRUE_REPAIR"": ""1""}",3000,alns_e2_throughput,2020.688951370618,multidepot,baselines/e2_alns/goeke80_multitrip_t3_preflight_data/stage_a/checkpoints/e2-multidepot-50c-01__alns_e2_throughput__seed2.json,True,fffb1ae661fefa096ee568e5cdf76ef297207a91,4,8,18.069982875000278,1,1,3000,166.02118666921834,True,OK,e2-multidepot-50c-01,2,2.3.5,/opt/anaconda3/bin/python3.13,1,4,9,240.0,2,50,stage_a,OK,"{""acceptance"": {""count"": 2980.0, ""seconds"": 0.0008326550014317036}, ""checkpoint_model_cost"": {""count"": 1.0, ""seconds"": 0.00013945799946668558}, ""destroy:random_customer_removal"": {""count"": 498.0, ""seconds"": 0.05504342208223534}, ""destroy:route_segment_removal"": {""count"": 495.0, ""seconds"": 0.04561267904136912}, ""destroy:shaw_related_removal"": {""count"": 498.0, ""seconds"": 0.5797615769624826}, ""destroy:vehicle_type_swap"": {""count"": 495.0, ""seconds"": 1.3665474969966454}, ""destroy:whole_route_removal"": {""count"": 496.0, ""seconds"": 0.03986074795102468}, ""destroy:worst_customer_removal"": {""count"": 498.0, ""seconds"": 0.049993159031146206}, ""final_check"": {""count"": 1.0, ""seconds"": 0.0001764999979059212}, ""full_candidate_score"": {""count"": 2980.0, ""seconds"": 0.9953860809473554}, ""history_model_cost"": {""count"": 1.0, ""seconds"": 0.00018270900181960315}, ""initial_reference_score"": {""count"": 1.0, ""seconds"": 0.00035966699942946434}, ""repair:greedy_insert_repair"": {""count"": 994.0, ""seconds"": 4.58979705503225}, ""repair:regret2_insert_repair"": {""count"": 993.0, ""seconds"": 4.852558334976493}, ""repair:regret3_insert_repair"": {""count"": 993.0, ""seconds"": 4.881845283056464}, ""repair_full_check"": {""count"": 5960.0, ""seconds"": 1.0916043787728995}, ""repair_solution_score"": {""count"": 1485.0, ""seconds"": 0.2139296740606369}, ""route_model_cost"": {""count"": 32650.0, ""seconds"": 0.7843711387940857}, ""scan_build"": {""count"": 20.0, ""seconds"": 0.009012665006594034}, ""scan_score"": {""count"": 20.0, ""seconds"": 0.005425249008112587}}",0,False,False,0.1111111111111111
{},3000,LNS,2020.688951370618,multidepot,baselines/e2_alns/goeke80_multitrip_t3_preflight_data/stage_a/checkpoints/e2-multidepot-50c-01__LNS__seed3.json,True,fffb1ae661fefa096ee568e5cdf76ef297207a91,4,8,52.261685083001794,1,1,3000,57.40343035697016,True,OK,e2-multidepot-50c-01,2,2.3.5,/opt/anaconda3/bin/python3.13,1,4,9,240.0,3,50,stage_a,OK,{},0,False,False,0.1111111111111111
"{""SETP_ALNS_CRUSH_ADAPTIVE_Q"": ""1"", ""SETP_ALNS_CRUSH_LOCAL_SEARCH"": ""0"", ""SETP_ALNS_CRUSH_REPAIR_STRUCTURE_CACHE"": ""1"", ""SETP_ALNS_CRUSH_ROUTE_COST_CACHE"": ""1"", ""SETP_ALNS_CRUSH_ROUTE_ELIMINATION"": ""0"", ""SETP_ALNS_CRUSH_SA_ACCEPTANCE"": ""1"", ""SETP_ALNS_CRUSH_SA_MODE"": ""lns_cooling"", ""SETP_ALNS_CRUSH_SCAN_REBUILD"": ""1"", ""SETP_ALNS_CRUSH_SCAN_RESTART"": ""1"", ""SETP_ALNS_CRUSH_TIMING_LEDGER"": ""1"", ""SETP_ALNS_CRUSH_TRUE_ACCEPTANCE"": ""0"", ""SETP_ALNS_CRUSH_TRUE_REPAIR"": ""1""}",3000,alns_e2_throughput,2020.688951370618,multidepot,baselines/e2_alns/goeke80_multitrip_t3_preflight_data/stage_a/checkpoints/e2-multidepot-50c-01__alns_e2_throughput__seed3.json,True,fffb1ae661fefa096ee568e5cdf76ef297207a91,4,8,18.408422666998376,1,1,3000,162.96887866325656,True,OK,e2-multidepot-50c-01,2,2.3.5,/opt/anaconda3/bin/python3.13,1,4,9,240.0,3,50,stage_a,OK,"{""acceptance"": {""count"": 2980.0, ""seconds"": 0.0008130779460771009}, ""checkpoint_model_cost"": {""count"": 1.0, ""seconds"": 0.00013954200039734133}, ""destroy:random_customer_removal"": {""count"": 498.0, ""seconds"": 0.054594568984612124}, ""destroy:route_segment_removal"": {""count"": 495.0, ""seconds"": 0.04509291798967752}, ""destroy:shaw_related_removal"": {""count"": 498.0, ""seconds"": 0.5669973099647905}, ""destroy:vehicle_type_swap"": {""count"": 495.0, ""seconds"": 1.4070741970535892}, ""destroy:whole_route_removal"": {""count"": 496.0, ""seconds"": 0.03928016199643025}, ""destroy:worst_customer_removal"": {""count"": 498.0, ""seconds"": 0.04944371195961139}, ""final_check"": {""count"": 1.0, ""seconds"": 0.00018087499847752042}, ""full_candidate_score"": {""count"": 2980.0, ""seconds"": 0.9838291770029173}, ""history_model_cost"": {""count"": 1.0, ""seconds"": 0.0001790409987734165}, ""initial_reference_score"": {""count"": 1.0, ""seconds"": 0.00036833300327998586}, ""repair:greedy_insert_repair"": {""count"": 994.0, ""seconds"": 4.771238226003334}, ""repair:regret2_insert_repair"": {""count"": 993.0, ""seconds"": 4.943590337923524}, ""repair:regret3_insert_repair"": {""count"": 993.0, ""seconds"": 4.6153020100573485}, ""repair_full_check"": {""count"": 5960.0, ""seconds"": 1.0811640521242225}, ""repair_solution_score"": {""count"": 1485.0, ""seconds"": 0.21417103293788387}, ""route_model_cost"": {""count"": 34318.0, ""seconds"": 0.8199735820962815}, ""scan_build"": {""count"": 20.0, ""seconds"": 0.009172085010504816}, ""scan_score"": {""count"": 20.0, ""seconds"": 0.005453290996229043}}",0,False,False,0.1111111111111111
{},3000,LNS,3062.7977925322516,multidepot,baselines/e2_alns/goeke80_multitrip_t3_preflight_data/stage_a/checkpoints/e2-multidepot-75c-01__LNS__seed1.json,True,fffb1ae661fefa096ee568e5cdf76ef297207a91,6,12,76.21021862500129,1,1,3000,39.364799814599,True,OK,e2-multidepot-75c-01,2,2.3.5,/opt/anaconda3/bin/python3.13,1,6,13,240.0,1,75,stage_a,OK,{},0,False,False,0.07692307692307693
"{""SETP_ALNS_CRUSH_ADAPTIVE_Q"": ""1"", ""SETP_ALNS_CRUSH_LOCAL_SEARCH"": ""0"", ""SETP_ALNS_CRUSH_REPAIR_STRUCTURE_CACHE"": ""1"", ""SETP_ALNS_CRUSH_ROUTE_COST_CACHE"": ""1"", ""SETP_ALNS_CRUSH_ROUTE_ELIMINATION"": ""0"", ""SETP_ALNS_CRUSH_SA_ACCEPTANCE"": ""1"", ""SETP_ALNS_CRUSH_SA_MODE"": ""lns_cooling"", ""SETP_ALNS_CRUSH_SCAN_REBUILD"": ""1"", ""SETP_ALNS_CRUSH_SCAN_RESTART"": ""1"", ""SETP_ALNS_CRUSH_TIMING_LEDGER"": ""1"", ""SETP_ALNS_CRUSH_TRUE_ACCEPTANCE"": ""0"", ""SETP_ALNS_CRUSH_TRUE_REPAIR"": ""1""}",3000,alns_e2_throughput,3062.7977925322516,multidepot,baselines/e2_alns/goeke80_multitrip_t3_preflight_data/stage_a/checkpoints/e2-multidepot-75c-01__alns_e2_throughput__seed1.json,True,fffb1ae661fefa096ee568e5cdf76ef297207a91,6,12,35.00539304199992,1,1,3000,85.70108029927164,True,OK,e2-multidepot-75c-01,2,2.3.5,/opt/anaconda3/bin/python3.13,1,6,13,240.0,1,75,stage_a,OK,"{""acceptance"": {""count"": 2980.0, ""seconds"": 0.0008397069104830734}, ""checkpoint_model_cost"": {""count"": 1.0, ""seconds"": 0.000200833997951122}, ""destroy:random_customer_removal"": {""count"": 498.0, ""seconds"": 0.07403475100363721}, ""destroy:route_segment_removal"": {""count"": 495.0, ""seconds"": 0.0680691790439596}, ""destroy:shaw_related_removal"": {""count"": 498.0, ""seconds"": 1.4406236130053003}, ""destroy:vehicle_type_swap"": {""count"": 495.0, ""seconds"": 1.2430901189654833}, ""destroy:whole_route_removal"": {""count"": 496.0, ""seconds"": 0.06047676795424195}, ""destroy:worst_customer_removal"": {""count"": 498.0, ""seconds"": 0.07523066000067047}, ""final_check"": {""count"": 1.0, ""seconds"": 0.00026216600235784426}, ""full_candidate_score"": {""count"": 2980.0, ""seconds"": 1.4136502699730045}, ""history_model_cost"": {""count"": 1.0, ""seconds"": 0.0002672080008778721}, ""initial_reference_score"": {""count"": 1.0, ""seconds"": 0.0005117920009070076}, ""repair:greedy_insert_repair"": {""count"": 994.0, ""seconds"": 9.63335314896176}, ""repair:regret2_insert_repair"": {""count"": 993.0, ""seconds"": 10.141435705012555}, ""repair:regret3_insert_repair"": {""count"": 993.0, ""seconds"": 10.165815537002345}, ""repair_full_check"": {""count"": 5960.0, ""seconds"": 1.686364291854261}, ""repair_solution_score"": {""count"": 1160.0, ""seconds"": 0.23384970998813515}, ""route_model_cost"": {""count"": 73975.0, ""seconds"": 1.7995648530559265}, ""scan_build"": {""count"": 20.0, ""seconds"": 0.014322245999210281}, ""scan_score"": {""count"": 20.0, ""seconds"": 0.00807808399622445}}",0,False,False,0.07692307692307693
{},3000,LNS,3062.7977925322516,multidepot,baselines/e2_alns/goeke80_multitrip_t3_preflight_data/stage_a/checkpoints/e2-multidepot-75c-01__LNS__seed2.json,True,fffb1ae661fefa096ee568e5cdf76ef297207a91,6,12,75.36343195800146,1,1,3000,39.80710434832427,True,OK,e2-multidepot-75c-01,2,2.3.5,/opt/anaconda3/bin/python3.13,1,6,13,240.0,2,75,stage_a,OK,{},0,False,False,0.07692307692307693
"{""SETP_ALNS_CRUSH_ADAPTIVE_Q"": ""1"", ""SETP_ALNS_CRUSH_LOCAL_SEARCH"": ""0"", ""SETP_ALNS_CRUSH_REPAIR_STRUCTURE_CACHE"": ""1"", ""SETP_ALNS_CRUSH_ROUTE_COST_CACHE"": ""1"", ""SETP_ALNS_CRUSH_ROUTE_ELIMINATION"": ""0"", ""SETP_ALNS_CRUSH_SA_ACCEPTANCE"": ""1"", ""SETP_ALNS_CRUSH_SA_MODE"": ""lns_cooling"", ""SETP_ALNS_CRUSH_SCAN_REBUILD"": ""1"", ""SETP_ALNS_CRUSH_SCAN_RESTART"": ""1"", ""SETP_ALNS_CRUSH_TIMING_LEDGER"": ""1"", ""SETP_ALNS_CRUSH_TRUE_ACCEPTANCE"": ""0"", ""SETP_ALNS_CRUSH_TRUE_REPAIR"": ""1""}",3000,alns_e2_throughput,3062.7977925322516,multidepot,baselines/e2_alns/goeke80_multitrip_t3_preflight_data/stage_a/checkpoints/e2-multidepot-75c-01__alns_e2_throughput__seed2.json,True,fffb1ae661fefa096ee568e5cdf76ef297207a91,6,12,34.49056104199917,1,1,3000,86.98031894427285,True,OK,e2-multidepot-75c-01,2,2.3.5,/opt/anaconda3/bin/python3.13,1,6,13,240.0,2,75,stage_a,OK,"{""acceptance"": {""count"": 2980.0, ""seconds"": 0.0008446760512015317}, ""checkpoint_model_cost"": {""count"": 1.0, ""seconds"": 0.00022845900093670934}, ""destroy:random_customer_removal"": {""count"": 498.0, ""seconds"": 0.0751246650070243}, ""destroy:route_segment_removal"": {""count"": 495.0, ""seconds"": 0.06709139901067829}, ""destroy:shaw_related_removal"": {""count"": 498.0, ""seconds"": 1.4210397949973412}, ""destroy:vehicle_type_swap"": {""count"": 495.0, ""seconds"": 1.2220143579979776}, ""destroy:whole_route_removal"": {""count"": 496.0, ""seconds"": 0.05936449796354282}, ""destroy:worst_customer_removal"": {""count"": 498.0, ""seconds"": 0.0755580470431596}, ""final_check"": {""count"": 1.0, ""seconds"": 0.00025137499687843956}, ""full_candidate_score"": {""count"": 2980.0, ""seconds"": 1.4139595251217543}, ""history_model_cost"": {""count"": 1.0, ""seconds"": 0.00033908400291693397}, ""initial_reference_score"": {""count"": 1.0, ""seconds"": 0.0005001669997000135}, ""repair:greedy_insert_repair"": {""count"": 994.0, ""seconds"": 10.087467268029286}, ""repair:regret2_insert_repair"": {""count"": 993.0, ""seconds"": 9.871564566918096}, ""repair:regret3_insert_repair"": {""count"": 993.0, ""seconds"": 9.567350967987295}, ""repair_full_check"": {""count"": 5960.0, ""seconds"": 1.6720311748649692}, ""repair_solution_score"": {""count"": 1127.0, ""seconds"": 0.22654768398206215}, ""route_model_cost"": {""count"": 77117.0, ""seconds"": 1.8696586030018807}, ""scan_build"": {""count"": 20.0, ""seconds"": 0.0151058769915835}, ""scan_score"": {""count"": 20.0, ""seconds"": 0.008258747999207117}}",0,False,False,0.07692307692307693
{},3000,LNS,3062.7977925322516,multidepot,baselines/e2_alns/goeke80_multitrip_t3_preflight_data/stage_a/checkpoints/e2-multidepot-75c-01__LNS__seed3.json,True,fffb1ae661fefa096ee568e5cdf76ef297207a91,6,12,77.29913187499915,1,1,3000,38.810267686464016,True,OK,e2-multidepot-75c-01,2,2.3.5,/opt/anaconda3/bin/python3.13,1,6,13,240.0,3,75,stage_a,OK,{},0,False,False,0.07692307692307693
"{""SETP_ALNS_CRUSH_ADAPTIVE_Q"": ""1"", ""SETP_ALNS_CRUSH_LOCAL_SEARCH"": ""0"", ""SETP_ALNS_CRUSH_REPAIR_STRUCTURE_CACHE"": ""1"", ""SETP_ALNS_CRUSH_ROUTE_COST_CACHE"": ""1"", ""SETP_ALNS_CRUSH_ROUTE_ELIMINATION"": ""0"", ""SETP_ALNS_CRUSH_SA_ACCEPTANCE"": ""1"", ""SETP_ALNS_CRUSH_SA_MODE"": ""lns_cooling"", ""SETP_ALNS_CRUSH_SCAN_REBUILD"": ""1"", ""SETP_ALNS_CRUSH_SCAN_RESTART"": ""1"", ""SETP_ALNS_CRUSH_TIMING_LEDGER"": ""1"", ""SETP_ALNS_CRUSH_TRUE_ACCEPTANCE"": ""0"", ""SETP_ALNS_CRUSH_TRUE_REPAIR"": ""1""}",3000,alns_e2_throughput,3062.7977925322516,multidepot,baselines/e2_alns/goeke80_multitrip_t3_preflight_data/stage_a/checkpoints/e2-multidepot-75c-01__alns_e2_throughput__seed3.json,True,fffb1ae661fefa096ee568e5cdf76ef297207a91,6,12,34.47481749999861,1,1,3000,87.02004006257962,True,OK,e2-multidepot-75c-01,2,2.3.5,/opt/anaconda3/bin/python3.13,1,6,13,240.0,3,75,stage_a,OK,"{""acceptance"": {""count"": 2980.0, ""seconds"": 0.0008228860278904904}, ""checkpoint_model_cost"": {""count"": 1.0, ""seconds"": 0.00020175000099698082}, ""destroy:random_customer_removal"": {""count"": 498.0, ""seconds"": 0.07413570001881453}, ""destroy:route_segment_removal"": {""count"": 495.0, ""seconds"": 0.06763571506598964}, ""destroy:shaw_related_removal"": {""count"": 498.0, ""seconds"": 1.4355456669909472}, ""destroy:vehicle_type_swap"": {""count"": 495.0, ""seconds"": 1.2375014129574993}, ""destroy:whole_route_removal"": {""count"": 496.0, ""seconds"": 0.06054850597138284}, ""destroy:worst_customer_removal"": {""count"": 498.0, ""seconds"": 0.07671496294642566}, ""final_check"": {""count"": 1.0, ""seconds"": 0.00025299999833805487}, ""full_candidate_score"": {""count"": 2980.0, ""seconds"": 1.410064184005023}, ""history_model_cost"": {""count"": 1.0, ""seconds"": 0.0002467499980411958}, ""initial_reference_score"": {""count"": 1.0, ""seconds"": 0.000513040999067016}, ""repair:greedy_insert_repair"": {""count"": 994.0, ""seconds"": 9.71162906405516}, ""repair:regret2_insert_repair"": {""count"": 993.0, ""seconds"": 10.21939432598083}, ""repair:regret3_insert_repair"": {""count"": 993.0, ""seconds"": 9.591463018019567}, ""repair_full_check"": {""count"": 5960.0, ""seconds"": 1.6832084370034863}, ""repair_solution_score"": {""count"": 1148.0, ""seconds"": 0.2313561589908204}, ""route_model_cost"": {""count"": 76886.0, ""seconds"": 1.8370638098167547}, ""scan_build"": {""count"": 20.0, ""seconds"": 0.014233084006264107}, ""scan_score"": {""count"": 20.0, ""seconds"": 0.008015208994038403}}",0,False,False,0.07692307692307693
{},3000,LNS,4086.253616024695,threeshift,baselines/e2_alns/goeke80_multitrip_t3_preflight_data/stage_a/checkpoints/e2-threeshift-100c-01__LNS__seed1.json,True,fffb1ae661fefa096ee568e5cdf76ef297207a91,7,14,120.69694099999833,1,1,3000,24.85564236462332,True,OK,e2-threeshift-100c-01,2,2.3.5,/opt/anaconda3/bin/python3.13,1,7,15,300.0,1,100,stage_a,OK,{},0,False,False,0.06666666666666667
"{""SETP_ALNS_CRUSH_ADAPTIVE_Q"": ""1"", ""SETP_ALNS_CRUSH_LOCAL_SEARCH"": ""0"", ""SETP_ALNS_CRUSH_REPAIR_STRUCTURE_CACHE"": ""1"", ""SETP_ALNS_CRUSH_ROUTE_COST_CACHE"": ""1"", ""SETP_ALNS_CRUSH_ROUTE_ELIMINATION"": ""0"", ""SETP_ALNS_CRUSH_SA_ACCEPTANCE"": ""1"", ""SETP_ALNS_CRUSH_SA_MODE"": ""lns_cooling"", ""SETP_ALNS_CRUSH_SCAN_REBUILD"": ""1"", ""SETP_ALNS_CRUSH_SCAN_RESTART"": ""1"", ""SETP_ALNS_CRUSH_TIMING_LEDGER"": ""1"", ""SETP_ALNS_CRUSH_TRUE_ACCEPTANCE"": ""0"", ""SETP_ALNS_CRUSH_TRUE_REPAIR"": ""1""}",3000,alns_e2_throughput,4086.253616024695,threeshift,baselines/e2_alns/goeke80_multitrip_t3_preflight_data/stage_a/checkpoints/e2-threeshift-100c-01__alns_e2_throughput__seed1.json,True,fffb1ae661fefa096ee568e5cdf76ef297207a91,7,14,57.13863237499754,1,1,3000,52.50388179246527,True,OK,e2-threeshift-100c-01,2,2.3.5,/opt/anaconda3/bin/python3.13,1,7,15,300.0,1,100,stage_a,OK,"{""acceptance"": {""count"": 2980.0, ""seconds"": 0.0008800207688182127}, ""checkpoint_model_cost"": {""count"": 1.0, ""seconds"": 0.00025395800184924155}, ""destroy:random_customer_removal"": {""count"": 498.0, ""seconds"": 0.11805266396186198}, ""destroy:route_segment_removal"": {""count"": 495.0, ""seconds"": 0.09707058601270546}, ""destroy:shaw_related_removal"": {""count"": 498.0, ""seconds"": 2.8994475510626216}, ""destroy:vehicle_type_swap"": {""count"": 495.0, ""seconds"": 2.4260302059956302}, ""destroy:whole_route_removal"": {""count"": 496.0, ""seconds"": 0.0869910350011196}, ""destroy:worst_customer_removal"": {""count"": 498.0, ""seconds"": 0.10566441601258703}, ""final_check"": {""count"": 1.0, ""seconds"": 0.00031645800117985345}, ""full_candidate_score"": {""count"": 2980.0, ""seconds"": 1.9355345380099607}, ""history_model_cost"": {""count"": 1.0, ""seconds"": 0.00030750000223633833}, ""initial_reference_score"": {""count"": 1.0, ""seconds"": 0.0009335419999842998}, ""repair:greedy_insert_repair"": {""count"": 994.0, ""seconds"": 16.184498587070266}, ""repair:regret2_insert_repair"": {""count"": 993.0, ""seconds"": 16.723084428886068}, ""repair:regret3_insert_repair"": {""count"": 993.0, ""seconds"": 16.57904370194592}, ""repair_full_check"": {""count"": 5960.0, ""seconds"": 2.3644476790541376}, ""repair_solution_score"": {""count"": 1335.0, ""seconds"": 0.3758327029936481}, ""route_model_cost"": {""count"": 59767.0, ""seconds"": 1.6829646868864074}, ""scan_build"": {""count"": 20.0, ""seconds"": 0.027007956996385474}, ""scan_score"": {""count"": 20.0, ""seconds"": 0.017306836001807824}}",0,False,False,0.06666666666666667
{},3000,LNS,4086.253616024695,threeshift,baselines/e2_alns/goeke80_multitrip_t3_preflight_data/stage_a/checkpoints/e2-threeshift-100c-01__LNS__seed2.json,True,fffb1ae661fefa096ee568e5cdf76ef297207a91,7,14,126.08566029200301,1,1,3000,23.793348054428,True,OK,e2-threeshift-100c-01,2,2.3.5,/opt/anaconda3/bin/python3.13,1,7,15,300.0,2,100,stage_a,OK,{},0,False,False,0.06666666666666667
"{""SETP_ALNS_CRUSH_ADAPTIVE_Q"": ""1"", ""SETP_ALNS_CRUSH_LOCAL_SEARCH"": ""0"", ""SETP_ALNS_CRUSH_REPAIR_STRUCTURE_CACHE"": ""1"", ""SETP_ALNS_CRUSH_ROUTE_COST_CACHE"": ""1"", ""SETP_ALNS_CRUSH_ROUTE_ELIMINATION"": ""0"", ""SETP_ALNS_CRUSH_SA_ACCEPTANCE"": ""1"", ""SETP_ALNS_CRUSH_SA_MODE"": ""lns_cooling"", ""SETP_ALNS_CRUSH_SCAN_REBUILD"": ""1"", ""SETP_ALNS_CRUSH_SCAN_RESTART"": ""1"", ""SETP_ALNS_CRUSH_TIMING_LEDGER"": ""1"", ""SETP_ALNS_CRUSH_TRUE_ACCEPTANCE"": ""0"", ""SETP_ALNS_CRUSH_TRUE_REPAIR"": ""1""}",3000,alns_e2_throughput,4086.253616024695,threeshift,baselines/e2_alns/goeke80_multitrip_t3_preflight_data/stage_a/checkpoints/e2-threeshift-100c-01__alns_e2_throughput__seed2.json,True,fffb1ae661fefa096ee568e5cdf76ef297207a91,7,14,59.84714479200193,1,1,3000,50.12770467875228,True,OK,e2-threeshift-100c-01,2,2.3.5,/opt/anaconda3/bin/python3.13,1,7,15,300.0,2,100,stage_a,OK,"{""acceptance"": {""count"": 2980.0, ""seconds"": 0.0009344830541522242}, ""checkpoint_model_cost"": {""count"": 1.0, ""seconds"": 0.00025266699958592653}, ""destroy:random_customer_removal"": {""count"": 498.0, ""seconds"": 0.106205632979254}, ""destroy:route_segment_removal"": {""count"": 495.0, ""seconds"": 0.09684476697293576}, ""destroy:shaw_related_removal"": {""count"": 498.0, ""seconds"": 2.869720007020078}, ""destroy:vehicle_type_swap"": {""count"": 495.0, ""seconds"": 2.4450240450096317}, ""destroy:whole_route_removal"": {""count"": 496.0, ""seconds"": 0.09049011702518328}, ""destroy:worst_customer_removal"": {""count"": 498.0, ""seconds"": 0.10468537603446748}, ""final_check"": {""count"": 1.0, ""seconds"": 0.0003253329996368848}, ""full_candidate_score"": {""count"": 2980.0, ""seconds"": 1.92071304106139}, ""history_model_cost"": {""count"": 1.0, ""seconds"": 0.0003055000015592668}, ""initial_reference_score"": {""count"": 1.0, ""seconds"": 0.0006375000011757948}, ""repair:greedy_insert_repair"": {""count"": 994.0, ""seconds"": 17.08568479702808}, ""repair:regret2_insert_repair"": {""count"": 993.0, ""seconds"": 17.14011167404169}, ""repair:regret3_insert_repair"": {""count"": 993.0, ""seconds"": 17.518629415044416}, ""repair_full_check"": {""count"": 5960.0, ""seconds"": 2.4393627080607985}, ""repair_solution_score"": {""count"": 1357.0, ""seconds"": 0.3866009519151703}, ""route_model_cost"": {""count"": 66007.0, ""seconds"": 1.891000024308596}, ""scan_build"": {""count"": 20.0, ""seconds"": 0.02749846000733669}, ""scan_score"": {""count"": 20.0, ""seconds"": 0.01739862601607456}}",0,False,False,0.06666666666666667
{},3000,LNS,4086.253616024695,threeshift,baselines/e2_alns/goeke80_multitrip_t3_preflight_data/stage_a/checkpoints/e2-threeshift-100c-01__LNS__seed3.json,True,fffb1ae661fefa096ee568e5cdf76ef297207a91,7,14,125.79612070800067,1,1,3000,23.84811219229592,True,OK,e2-threeshift-100c-01,2,2.3.5,/opt/anaconda3/bin/python3.13,1,7,15,300.0,3,100,stage_a,OK,{},0,False,False,0.06666666666666667
"{""SETP_ALNS_CRUSH_ADAPTIVE_Q"": ""1"", ""SETP_ALNS_CRUSH_LOCAL_SEARCH"": ""0"", ""SETP_ALNS_CRUSH_REPAIR_STRUCTURE_CACHE"": ""1"", ""SETP_ALNS_CRUSH_ROUTE_COST_CACHE"": ""1"", ""SETP_ALNS_CRUSH_ROUTE_ELIMINATION"": ""0"", ""SETP_ALNS_CRUSH_SA_ACCEPTANCE"": ""1"", ""SETP_ALNS_CRUSH_SA_MODE"": ""lns_cooling"", ""SETP_ALNS_CRUSH_SCAN_REBUILD"": ""1"", ""SETP_ALNS_CRUSH_SCAN_RESTART"": ""1"", ""SETP_ALNS_CRUSH_TIMING_LEDGER"": ""1"", ""SETP_ALNS_CRUSH_TRUE_ACCEPTANCE"": ""0"", ""SETP_ALNS_CRUSH_TRUE_REPAIR"": ""1""}",3000,alns_e2_throughput,4086.253616024695,threeshift,baselines/e2_alns/goeke80_multitrip_t3_preflight_data/stage_a/checkpoints/e2-threeshift-100c-01__alns_e2_throughput__seed3.json,True,fffb1ae661fefa096ee568e5cdf76ef297207a91,7,14,64.70796662500288,1,1,3000,46.36214297051969,True,OK,e2-threeshift-100c-01,2,2.3.5,/opt/anaconda3/bin/python3.13,1,7,15,300.0,3,100,stage_a,OK,"{""acceptance"": {""count"": 2980.0, ""seconds"": 0.0011211861492483877}, ""checkpoint_model_cost"": {""count"": 1.0, ""seconds"": 0.0002580420004960615}, ""destroy:random_customer_removal"": {""count"": 498.0, ""seconds"": 0.10910234800030594}, ""destroy:route_segment_removal"": {""count"": 495.0, ""seconds"": 0.10704599198288633}, ""destroy:shaw_related_removal"": {""count"": 498.0, ""seconds"": 3.0417956359960954}, ""destroy:vehicle_type_swap"": {""count"": 495.0, ""seconds"": 2.6777741700061597}, ""destroy:whole_route_removal"": {""count"": 496.0, ""seconds"": 0.09263945499697002}, ""destroy:worst_customer_removal"": {""count"": 498.0, ""seconds"": 0.11124950599696604}, ""final_check"": {""count"": 1.0, ""seconds"": 0.00032420799834653735}, ""full_candidate_score"": {""count"": 2980.0, ""seconds"": 2.1095131988768117}, ""history_model_cost"": {""count"": 1.0, ""seconds"": 0.00030908299959264696}, ""initial_reference_score"": {""count"": 1.0, ""seconds"": 0.0006267499993555248}, ""repair:greedy_insert_repair"": {""count"": 994.0, ""seconds"": 18.195908668047196}, ""repair:regret2_insert_repair"": {""count"": 993.0, ""seconds"": 19.552059670037124}, ""repair:regret3_insert_repair"": {""count"": 993.0, ""seconds"": 18.501331254949037}, ""repair_full_check"": {""count"": 5960.0, ""seconds"": 2.714483121981175}, ""repair_solution_score"": {""count"": 1315.0, ""seconds"": 0.3999941669353575}, ""route_model_cost"": {""count"": 63775.0, ""seconds"": 2.0191047399093804}, ""scan_build"": {""count"": 20.0, ""seconds"": 0.02564904400060186}, ""scan_score"": {""count"": 20.0, ""seconds"": 0.017446543995902175}}",0,False,False,0.06666666666666667
{},3000,LNS,5803.553350198798,threeshift,baselines/e2_alns/goeke80_multitrip_t3_preflight_data/stage_a/checkpoints/e2-threeshift-150c-01__LNS__seed1.json,True,fffb1ae661fefa096ee568e5cdf76ef297207a91,10,21,184.94221704100346,1,1,3000,16.22128277685171,True,OK,e2-threeshift-150c-01,3,2.3.5,/opt/anaconda3/bin/python3.13,1,10,22,900.0,1,150,stage_a,OK,{},0,False,False,0.045454545454545456
"{""SETP_ALNS_CRUSH_ADAPTIVE_Q"": ""1"", ""SETP_ALNS_CRUSH_LOCAL_SEARCH"": ""0"", ""SETP_ALNS_CRUSH_REPAIR_STRUCTURE_CACHE"": ""1"", ""SETP_ALNS_CRUSH_ROUTE_COST_CACHE"": ""1"", ""SETP_ALNS_CRUSH_ROUTE_ELIMINATION"": ""0"", ""SETP_ALNS_CRUSH_SA_ACCEPTANCE"": ""1"", ""SETP_ALNS_CRUSH_SA_MODE"": ""lns_cooling"", ""SETP_ALNS_CRUSH_SCAN_REBUILD"": ""1"", ""SETP_ALNS_CRUSH_SCAN_RESTART"": ""1"", ""SETP_ALNS_CRUSH_TIMING_LEDGER"": ""1"", ""SETP_ALNS_CRUSH_TRUE_ACCEPTANCE"": ""0"", ""SETP_ALNS_CRUSH_TRUE_REPAIR"": ""1""}",3000,alns_e2_throughput,5803.553350198798,threeshift,baselines/e2_alns/goeke80_multitrip_t3_preflight_data/stage_a/checkpoints/e2-threeshift-150c-01__alns_e2_throughput__seed1.json,True,fffb1ae661fefa096ee568e5cdf76ef297207a91,10,21,132.22453058300016,1,1,3000,22.688679526956882,True,OK,e2-threeshift-150c-01,3,2.3.5,/opt/anaconda3/bin/python3.13,1,10,22,900.0,1,150,stage_a,OK,"{""acceptance"": {""count"": 2980.0, ""seconds"": 0.0009871970469248481}, ""checkpoint_model_cost"": {""count"": 1.0, ""seconds"": 0.00041724999755388126}, ""destroy:random_customer_removal"": {""count"": 498.0, ""seconds"": 0.13726936499369913}, ""destroy:route_segment_removal"": {""count"": 495.0, ""seconds"": 0.1597985269363562}, ""destroy:shaw_related_removal"": {""count"": 498.0, ""seconds"": 7.816875960037578}, ""destroy:vehicle_type_swap"": {""count"": 495.0, ""seconds"": 4.2828195929469075}, ""destroy:whole_route_removal"": {""count"": 496.0, ""seconds"": 0.14075964205039782}, ""destroy:worst_customer_removal"": {""count"": 498.0, ""seconds"": 0.16382065898142173}, ""final_check"": {""count"": 1.0, ""seconds"": 0.0004886250026174821}, ""full_candidate_score"": {""count"": 2980.0, ""seconds"": 2.837176189994352}, ""history_model_cost"": {""count"": 1.0, ""seconds"": 0.00044995799908065237}, ""initial_reference_score"": {""count"": 1.0, ""seconds"": 0.0009813750002649613}, ""repair:greedy_insert_repair"": {""count"": 994.0, ""seconds"": 38.989272725986666}, ""repair:regret2_insert_repair"": {""count"": 993.0, ""seconds"": 40.567240744941955}, ""repair:regret3_insert_repair"": {""count"": 993.0, ""seconds"": 37.39643434294703}, ""repair_full_check"": {""count"": 5960.0, ""seconds"": 3.734322295862512}, ""repair_solution_score"": {""count"": 1246.0, ""seconds"": 0.49983224697280093}, ""route_model_cost"": {""count"": 117117.0, ""seconds"": 3.38625651444454}, ""scan_build"": {""count"": 20.0, ""seconds"": 0.04116741900361376}, ""scan_score"": {""count"": 20.0, ""seconds"": 0.021593001001747325}}",0,False,False,0.045454545454545456
{},3000,LNS,5803.553350198798,threeshift,baselines/e2_alns/goeke80_multitrip_t3_preflight_data/stage_a/checkpoints/e2-threeshift-150c-01__LNS__seed2.json,True,fffb1ae661fefa096ee568e5cdf76ef297207a91,10,21,194.11766579200048,1,1,3000,15.45454396311636,True,OK,e2-threeshift-150c-01,3,2.3.5,/opt/anaconda3/bin/python3.13,1,10,22,900.0,2,150,stage_a,OK,{},0,False,False,0.045454545454545456
"{""SETP_ALNS_CRUSH_ADAPTIVE_Q"": ""1"", ""SETP_ALNS_CRUSH_LOCAL_SEARCH"": ""0"", ""SETP_ALNS_CRUSH_REPAIR_STRUCTURE_CACHE"": ""1"", ""SETP_ALNS_CRUSH_ROUTE_COST_CACHE"": ""1"", ""SETP_ALNS_CRUSH_ROUTE_ELIMINATION"": ""0"", ""SETP_ALNS_CRUSH_SA_ACCEPTANCE"": ""1"", ""SETP_ALNS_CRUSH_SA_MODE"": ""lns_cooling"", ""SETP_ALNS_CRUSH_SCAN_REBUILD"": ""1"", ""SETP_ALNS_CRUSH_SCAN_RESTART"": ""1"", ""SETP_ALNS_CRUSH_TIMING_LEDGER"": ""1"", ""SETP_ALNS_CRUSH_TRUE_ACCEPTANCE"": ""0"", ""SETP_ALNS_CRUSH_TRUE_REPAIR"": ""1""}",3000,alns_e2_throughput,5803.553350198798,threeshift,baselines/e2_alns/goeke80_multitrip_t3_preflight_data/stage_a/checkpoints/e2-threeshift-150c-01__alns_e2_throughput__seed2.json,True,fffb1ae661fefa096ee568e5cdf76ef297207a91,10,21,123.6613833329975,1,1,3000,24.259796543934403,True,OK,e2-threeshift-150c-01,3,2.3.5,/opt/anaconda3/bin/python3.13,1,10,22,900.0,2,150,stage_a,OK,"{""acceptance"": {""count"": 2980.0, ""seconds"": 0.0008762929392105434}, ""checkpoint_model_cost"": {""count"": 1.0, ""seconds"": 0.00037800000063725747}, ""destroy:random_customer_removal"": {""count"": 498.0, ""seconds"": 0.13453137399847037}, ""destroy:route_segment_removal"": {""count"": 495.0, ""seconds"": 0.15512955001031514}, ""destroy:shaw_related_removal"": {""count"": 498.0, ""seconds"": 7.6473787700342655}, ""destroy:vehicle_type_swap"": {""count"": 495.0, ""seconds"": 4.037285881040589}, ""destroy:whole_route_removal"": {""count"": 496.0, ""seconds"": 0.1388408359598543}, ""destroy:worst_customer_removal"": {""count"": 498.0, ""seconds"": 0.15718638903854298}, ""final_check"": {""count"": 1.0, ""seconds"": 0.0004921250001643784}, ""full_candidate_score"": {""count"": 2980.0, ""seconds"": 2.69627163592304}, ""history_model_cost"": {""count"": 1.0, ""seconds"": 0.0004439589974936098}, ""initial_reference_score"": {""count"": 1.0, ""seconds"": 0.0009164160001091659}, ""repair:greedy_insert_repair"": {""count"": 994.0, ""seconds"": 36.84968885102353}, ""repair:regret2_insert_repair"": {""count"": 993.0, ""seconds"": 36.50758205909369}, ""repair:regret3_insert_repair"": {""count"": 993.0, ""seconds"": 35.4978397420673}, ""repair_full_check"": {""count"": 5960.0, ""seconds"": 3.6459911090387322}, ""repair_solution_score"": {""count"": 1239.0, ""seconds"": 0.48158146603236673}, ""route_model_cost"": {""count"": 118330.0, ""seconds"": 3.2387283062489587}, ""scan_build"": {""count"": 20.0, ""seconds"": 0.03921095900295768}, ""scan_score"": {""count"": 20.0, ""seconds"": 0.02042291601173929}}",0,False,False,0.045454545454545456
{},3000,LNS,5803.553350198798,threeshift,baselines/e2_alns/goeke80_multitrip_t3_preflight_data/stage_a/checkpoints/e2-threeshift-150c-01__LNS__seed3.json,True,fffb1ae661fefa096ee568e5cdf76ef297207a91,10,21,197.01239408299807,1,1,3000,15.227468373061592,True,OK,e2-threeshift-150c-01,3,2.3.5,/opt/anaconda3/bin/python3.13,1,10,22,900.0,3,150,stage_a,OK,{},0,False,False,0.045454545454545456
"{""SETP_ALNS_CRUSH_ADAPTIVE_Q"": ""1"", ""SETP_ALNS_CRUSH_LOCAL_SEARCH"": ""0"", ""SETP_ALNS_CRUSH_REPAIR_STRUCTURE_CACHE"": ""1"", ""SETP_ALNS_CRUSH_ROUTE_COST_CACHE"": ""1"", ""SETP_ALNS_CRUSH_ROUTE_ELIMINATION"": ""0"", ""SETP_ALNS_CRUSH_SA_ACCEPTANCE"": ""1"", ""SETP_ALNS_CRUSH_SA_MODE"": ""lns_cooling"", ""SETP_ALNS_CRUSH_SCAN_REBUILD"": ""1"", ""SETP_ALNS_CRUSH_SCAN_RESTART"": ""1"", ""SETP_ALNS_CRUSH_TIMING_LEDGER"": ""1"", ""SETP_ALNS_CRUSH_TRUE_ACCEPTANCE"": ""0"", ""SETP_ALNS_CRUSH_TRUE_REPAIR"": ""1""}",3000,alns_e2_throughput,5803.553350198798,threeshift,baselines/e2_alns/goeke80_multitrip_t3_preflight_data/stage_a/checkpoints/e2-threeshift-150c-01__alns_e2_throughput__seed3.json,True,fffb1ae661fefa096ee568e5cdf76ef297207a91,10,21,142.64713295800175,1,1,3000,21.030916905166695,True,OK,e2-threeshift-150c-01,3,2.3.5,/opt/anaconda3/bin/python3.13,1,10,22,900.0,3,150,stage_a,OK,"{""acceptance"": {""count"": 2980.0, ""seconds"": 0.0010790229061967693}, ""checkpoint_model_cost"": {""count"": 1.0, ""seconds"": 0.00040233300023828633}, ""destroy:random_customer_removal"": {""count"": 498.0, ""seconds"": 0.14846440803376026}, ""destroy:route_segment_removal"": {""count"": 495.0, ""seconds"": 0.16679375399689889}, ""destroy:shaw_related_removal"": {""count"": 498.0, ""seconds"": 8.627297543000168}, ""destroy:vehicle_type_swap"": {""count"": 495.0, ""seconds"": 4.568740878945391}, ""destroy:whole_route_removal"": {""count"": 496.0, ""seconds"": 0.15438379392435309}, ""destroy:worst_customer_removal"": {""count"": 498.0, ""seconds"": 0.17365449399585486}, ""final_check"": {""count"": 1.0, ""seconds"": 0.000488749999931315}, ""full_candidate_score"": {""count"": 2980.0, ""seconds"": 2.99497110293305}, ""history_model_cost"": {""count"": 1.0, ""seconds"": 0.0006226670011528768}, ""initial_reference_score"": {""count"": 1.0, ""seconds"": 0.0009405000018887222}, ""repair:greedy_insert_repair"": {""count"": 994.0, ""seconds"": 40.57639924605246}, ""repair:regret2_insert_repair"": {""count"": 993.0, ""seconds"": 45.02153019399702}, ""repair:regret3_insert_repair"": {""count"": 993.0, ""seconds"": 41.1097124959706}, ""repair_full_check"": {""count"": 5960.0, ""seconds"": 4.0794520820709295}, ""repair_solution_score"": {""count"": 1210.0, ""seconds"": 0.5434909290706855}, ""route_model_cost"": {""count"": 118540.0, ""seconds"": 3.738876133444137}, ""scan_build"": {""count"": 20.0, ""seconds"": 0.045101376996171894}, ""scan_score"": {""count"": 20.0, ""seconds"": 0.0238943770127662}}",0,False,False,0.045454545454545456
{},3000,LNS,6633.4344963179965,threeshift,baselines/e2_alns/goeke80_multitrip_t3_preflight_data/stage_a/checkpoints/e2-threeshift-200c-01__LNS__seed1.json,True,fffb1ae661fefa096ee568e5cdf76ef297207a91,14,26,263.9028655830007,1,1,3000,11.367818963892468,True,OK,e2-threeshift-200c-01,2,2.3.5,/opt/anaconda3/bin/python3.13,1,12,27,900.0,1,200,stage_a,OK,{},0,False,False,0.037037037037037035
"{""SETP_ALNS_CRUSH_ADAPTIVE_Q"": ""1"", ""SETP_ALNS_CRUSH_LOCAL_SEARCH"": ""0"", ""SETP_ALNS_CRUSH_REPAIR_STRUCTURE_CACHE"": ""1"", ""SETP_ALNS_CRUSH_ROUTE_COST_CACHE"": ""1"", ""SETP_ALNS_CRUSH_ROUTE_ELIMINATION"": ""0"", ""SETP_ALNS_CRUSH_SA_ACCEPTANCE"": ""1"", ""SETP_ALNS_CRUSH_SA_MODE"": ""lns_cooling"", ""SETP_ALNS_CRUSH_SCAN_REBUILD"": ""1"", ""SETP_ALNS_CRUSH_SCAN_RESTART"": ""1"", ""SETP_ALNS_CRUSH_TIMING_LEDGER"": ""1"", ""SETP_ALNS_CRUSH_TRUE_ACCEPTANCE"": ""0"", ""SETP_ALNS_CRUSH_TRUE_REPAIR"": ""1""}",3000,alns_e2_throughput,6633.4344963179965,threeshift,baselines/e2_alns/goeke80_multitrip_t3_preflight_data/stage_a/checkpoints/e2-threeshift-200c-01__alns_e2_throughput__seed1.json,True,fffb1ae661fefa096ee568e5cdf76ef297207a91,14,26,243.0956347909996,1,1,3000,12.340822173048219,True,OK,e2-threeshift-200c-01,2,2.3.5,/opt/anaconda3/bin/python3.13,1,12,27,900.0,1,200,stage_a,OK,"{""acceptance"": {""count"": 2980.0, ""seconds"": 0.00094563001403003}, ""checkpoint_model_cost"": {""count"": 1.0, ""seconds"": 0.0006562080016010441}, ""destroy:random_customer_removal"": {""count"": 498.0, ""seconds"": 0.18509045396058355}, ""destroy:route_segment_removal"": {""count"": 495.0, ""seconds"": 0.22928625099302735}, ""destroy:shaw_related_removal"": {""count"": 498.0, ""seconds"": 16.697035613964545}, ""destroy:vehicle_type_swap"": {""count"": 495.0, ""seconds"": 6.868419576938322}, ""destroy:whole_route_removal"": {""count"": 496.0, ""seconds"": 0.2117792130120506}, ""destroy:worst_customer_removal"": {""count"": 498.0, ""seconds"": 0.2310872189627844}, ""final_check"": {""count"": 1.0, ""seconds"": 0.0006700829981127754}, ""full_candidate_score"": {""count"": 2980.0, ""seconds"": 3.634683290951216}, ""history_model_cost"": {""count"": 1.0, ""seconds"": 0.0010581250026007183}, ""initial_reference_score"": {""count"": 1.0, ""seconds"": 0.0012681250009336509}, ""repair:greedy_insert_repair"": {""count"": 994.0, ""seconds"": 72.95841215591645}, ""repair:regret2_insert_repair"": {""count"": 993.0, ""seconds"": 73.12591928599795}, ""repair:regret3_insert_repair"": {""count"": 993.0, ""seconds"": 69.99015408297055}, ""repair_full_check"": {""count"": 5960.0, ""seconds"": 5.154450256035489}, ""repair_solution_score"": {""count"": 2162.0, ""seconds"": 1.1575512540221098}, ""route_model_cost"": {""count"": 227774.0, ""seconds"": 6.708520567364758}, ""scan_build"": {""count"": 20.0, ""seconds"": 0.06020995999642764}, ""scan_score"": {""count"": 20.0, ""seconds"": 0.030503252004564274}}",0,False,False,0.037037037037037035
{},3000,LNS,6633.4344963179965,threeshift,baselines/e2_alns/goeke80_multitrip_t3_preflight_data/stage_a/checkpoints/e2-threeshift-200c-01__LNS__seed2.json,True,fffb1ae661fefa096ee568e5cdf76ef297207a91,14,26,264.0058352080014,1,1,3000,11.363385198044583,True,OK,e2-threeshift-200c-01,2,2.3.5,/opt/anaconda3/bin/python3.13,1,12,27,900.0,2,200,stage_a,OK,{},0,False,False,0.037037037037037035
"{""SETP_ALNS_CRUSH_ADAPTIVE_Q"": ""1"", ""SETP_ALNS_CRUSH_LOCAL_SEARCH"": ""0"", ""SETP_ALNS_CRUSH_REPAIR_STRUCTURE_CACHE"": ""1"", ""SETP_ALNS_CRUSH_ROUTE_COST_CACHE"": ""1"", ""SETP_ALNS_CRUSH_ROUTE_ELIMINATION"": ""0"", ""SETP_ALNS_CRUSH_SA_ACCEPTANCE"": ""1"", ""SETP_ALNS_CRUSH_SA_MODE"": ""lns_cooling"", ""SETP_ALNS_CRUSH_SCAN_REBUILD"": ""1"", ""SETP_ALNS_CRUSH_SCAN_RESTART"": ""1"", ""SETP_ALNS_CRUSH_TIMING_LEDGER"": ""1"", ""SETP_ALNS_CRUSH_TRUE_ACCEPTANCE"": ""0"", ""SETP_ALNS_CRUSH_TRUE_REPAIR"": ""1""}",3000,alns_e2_throughput,6633.4344963179965,threeshift,baselines/e2_alns/goeke80_multitrip_t3_preflight_data/stage_a/checkpoints/e2-threeshift-200c-01__alns_e2_throughput__seed2.json,True,fffb1ae661fefa096ee568e5cdf76ef297207a91,14,26,243.4736964170006,1,1,3000,12.32165956383995,True,OK,e2-threeshift-200c-01,2,2.3.5,/opt/anaconda3/bin/python3.13,1,12,27,900.0,2,200,stage_a,OK,"{""acceptance"": {""count"": 2980.0, ""seconds"": 0.0009705930351628922}, ""checkpoint_model_cost"": {""count"": 1.0, ""seconds"": 0.00048129200149560347}, ""destroy:random_customer_removal"": {""count"": 498.0, ""seconds"": 0.18599354299294646}, ""destroy:route_segment_removal"": {""count"": 495.0, ""seconds"": 0.2278244079425349}, ""destroy:shaw_related_removal"": {""count"": 498.0, ""seconds"": 16.895418707972567}, ""destroy:vehicle_type_swap"": {""count"": 495.0, ""seconds"": 6.812212709966843}, ""destroy:whole_route_removal"": {""count"": 496.0, ""seconds"": 0.21590470093724434}, ""destroy:worst_customer_removal"": {""count"": 498.0, ""seconds"": 0.2661169190396322}, ""final_check"": {""count"": 1.0, ""seconds"": 0.0006635419995291159}, ""full_candidate_score"": {""count"": 2980.0, ""seconds"": 3.6147149449243443}, ""history_model_cost"": {""count"": 1.0, ""seconds"": 0.0005721249981434084}, ""initial_reference_score"": {""count"": 1.0, ""seconds"": 0.0012002499970549252}, ""repair:greedy_insert_repair"": {""count"": 994.0, ""seconds"": 70.64624818896846}, ""repair:regret2_insert_repair"": {""count"": 993.0, ""seconds"": 74.94052262300102}, ""repair:regret3_insert_repair"": {""count"": 993.0, ""seconds"": 71.09280024893451}, ""repair_full_check"": {""count"": 5960.0, ""seconds"": 5.044873624978209}, ""repair_solution_score"": {""count"": 2186.0, ""seconds"": 1.128976696942118}, ""route_model_cost"": {""count"": 229801.0, ""seconds"": 6.713477401921409}, ""scan_build"": {""count"": 20.0, ""seconds"": 0.062373623997700633}, ""scan_score"": {""count"": 20.0, ""seconds"": 0.03098816700367024}}",0,False,False,0.037037037037037035
{},3000,LNS,6633.4344963179965,threeshift,baselines/e2_alns/goeke80_multitrip_t3_preflight_data/stage_a/checkpoints/e2-threeshift-200c-01__LNS__seed3.json,True,fffb1ae661fefa096ee568e5cdf76ef297207a91,14,26,259.08143079199726,1,1,3000,11.579370975485082,True,OK,e2-threeshift-200c-01,2,2.3.5,/opt/anaconda3/bin/python3.13,1,12,27,900.0,3,200,stage_a,OK,{},0,False,False,0.037037037037037035
"{""SETP_ALNS_CRUSH_ADAPTIVE_Q"": ""1"", ""SETP_ALNS_CRUSH_LOCAL_SEARCH"": ""0"", ""SETP_ALNS_CRUSH_REPAIR_STRUCTURE_CACHE"": ""1"", ""SETP_ALNS_CRUSH_ROUTE_COST_CACHE"": ""1"", ""SETP_ALNS_CRUSH_ROUTE_ELIMINATION"": ""0"", ""SETP_ALNS_CRUSH_SA_ACCEPTANCE"": ""1"", ""SETP_ALNS_CRUSH_SA_MODE"": ""lns_cooling"", ""SETP_ALNS_CRUSH_SCAN_REBUILD"": ""1"", ""SETP_ALNS_CRUSH_SCAN_RESTART"": ""1"", ""SETP_ALNS_CRUSH_TIMING_LEDGER"": ""1"", ""SETP_ALNS_CRUSH_TRUE_ACCEPTANCE"": ""0"", ""SETP_ALNS_CRUSH_TRUE_REPAIR"": ""1""}",3000,alns_e2_throughput,6633.4344963179965,threeshift,baselines/e2_alns/goeke80_multitrip_t3_preflight_data/stage_a/checkpoints/e2-threeshift-200c-01__alns_e2_throughput__seed3.json,True,fffb1ae661fefa096ee568e5cdf76ef297207a91,14,26,241.58964441699936,1,1,3000,12.417750799044208,True,OK,e2-threeshift-200c-01,2,2.3.5,/opt/anaconda3/bin/python3.13,1,12,27,900.0,3,200,stage_a,OK,"{""acceptance"": {""count"": 2980.0, ""seconds"": 0.0009177130013995338}, ""checkpoint_model_cost"": {""count"": 1.0, ""seconds"": 0.0004841660011152271}, ""destroy:random_customer_removal"": {""count"": 498.0, ""seconds"": 0.18429274698064546}, ""destroy:route_segment_removal"": {""count"": 495.0, ""seconds"": 0.2259521700143523}, ""destroy:shaw_related_removal"": {""count"": 498.0, ""seconds"": 16.62714558699372}, ""destroy:vehicle_type_swap"": {""count"": 495.0, ""seconds"": 6.7599852009734605}, ""destroy:whole_route_removal"": {""count"": 496.0, ""seconds"": 0.20894420900731348}, ""destroy:worst_customer_removal"": {""count"": 498.0, ""seconds"": 0.21695699200063245}, ""final_check"": {""count"": 1.0, ""seconds"": 0.0006373340002028272}, ""full_candidate_score"": {""count"": 2980.0, ""seconds"": 3.59024450895231}, ""history_model_cost"": {""count"": 1.0, ""seconds"": 0.00060829199719592}, ""initial_reference_score"": {""count"": 1.0, ""seconds"": 0.0013037499993515667}, ""repair:greedy_insert_repair"": {""count"": 994.0, ""seconds"": 73.2596803460001}, ""repair:regret2_insert_repair"": {""count"": 993.0, ""seconds"": 74.02040903897068}, ""repair:regret3_insert_repair"": {""count"": 993.0, ""seconds"": 67.89367625997329}, ""repair_full_check"": {""count"": 5960.0, ""seconds"": 5.091634762091417}, ""repair_solution_score"": {""count"": 2178.0, ""seconds"": 1.1043585460502072}, ""route_model_cost"": {""count"": 226680.0, ""seconds"": 6.646113265847816}, ""scan_build"": {""count"": 20.0, ""seconds"": 0.061244460001034895}, ""scan_score"": {""count"": 20.0, ""seconds"": 0.03163195699744392}}",0,False,False,0.037037037037037035
{},3000,LNS,1783.6949728422799,threeshift,baselines/e2_alns/goeke80_multitrip_t3_preflight_data/stage_a/checkpoints/e2-threeshift-50c-01__LNS__seed1.json,True,fffb1ae661fefa096ee568e5cdf76ef297207a91,4,7,52.22480945799907,1,1,3000,57.443962575156924,True,OK,e2-threeshift-50c-01,2,2.3.5,/opt/anaconda3/bin/python3.13,1,3,8,300.0,1,50,stage_a,OK,{},0,False,False,0.125
"{""SETP_ALNS_CRUSH_ADAPTIVE_Q"": ""1"", ""SETP_ALNS_CRUSH_LOCAL_SEARCH"": ""0"", ""SETP_ALNS_CRUSH_REPAIR_STRUCTURE_CACHE"": ""1"", ""SETP_ALNS_CRUSH_ROUTE_COST_CACHE"": ""1"", ""SETP_ALNS_CRUSH_ROUTE_ELIMINATION"": ""0"", ""SETP_ALNS_CRUSH_SA_ACCEPTANCE"": ""1"", ""SETP_ALNS_CRUSH_SA_MODE"": ""lns_cooling"", ""SETP_ALNS_CRUSH_SCAN_REBUILD"": ""1"", ""SETP_ALNS_CRUSH_SCAN_RESTART"": ""1"", ""SETP_ALNS_CRUSH_TIMING_LEDGER"": ""1"", ""SETP_ALNS_CRUSH_TRUE_ACCEPTANCE"": ""0"", ""SETP_ALNS_CRUSH_TRUE_REPAIR"": ""1""}",3000,alns_e2_throughput,1783.6949728422799,threeshift,baselines/e2_alns/goeke80_multitrip_t3_preflight_data/stage_a/checkpoints/e2-threeshift-50c-01__alns_e2_throughput__seed1.json,True,fffb1ae661fefa096ee568e5cdf76ef297207a91,4,7,18.1105106670002,1,1,3000,165.64966362138014,True,OK,e2-threeshift-50c-01,2,2.3.5,/opt/anaconda3/bin/python3.13,1,3,8,300.0,1,50,stage_a,OK,"{""acceptance"": {""count"": 2980.0, ""seconds"": 0.0008507520069542807}, ""checkpoint_model_cost"": {""count"": 1.0, ""seconds"": 0.00013775000115856528}, ""destroy:random_customer_removal"": {""count"": 498.0, ""seconds"": 0.05228677903141943}, ""destroy:route_segment_removal"": {""count"": 495.0, ""seconds"": 0.0438239190261811}, ""destroy:shaw_related_removal"": {""count"": 498.0, ""seconds"": 0.5272276209871052}, ""destroy:vehicle_type_swap"": {""count"": 495.0, ""seconds"": 1.6044110749899119}, ""destroy:whole_route_removal"": {""count"": 496.0, ""seconds"": 0.03652887901989743}, ""destroy:worst_customer_removal"": {""count"": 498.0, ""seconds"": 0.04769313094220706}, ""final_check"": {""count"": 1.0, ""seconds"": 0.00017275000209338032}, ""full_candidate_score"": {""count"": 2980.0, ""seconds"": 0.9632802001106029}, ""history_model_cost"": {""count"": 1.0, ""seconds"": 0.00018716699923970737}, ""initial_reference_score"": {""count"": 1.0, ""seconds"": 0.0003555000002961606}, ""repair:greedy_insert_repair"": {""count"": 994.0, ""seconds"": 4.266105576007249}, ""repair:regret2_insert_repair"": {""count"": 993.0, ""seconds"": 4.900830930990196}, ""repair:regret3_insert_repair"": {""count"": 993.0, ""seconds"": 4.467037590966356}, ""repair_full_check"": {""count"": 5960.0, ""seconds"": 1.0815333672180714}, ""repair_solution_score"": {""count"": 1485.0, ""seconds"": 0.21904531916152337}, ""route_model_cost"": {""count"": 17256.0, ""seconds"": 0.4248403017045348}, ""scan_build"": {""count"": 20.0, ""seconds"": 0.009880876987153897}, ""scan_score"": {""count"": 20.0, ""seconds"": 0.0065239189825661015}}",0,False,False,0.125
{},3000,LNS,1783.6949728422799,threeshift,baselines/e2_alns/goeke80_multitrip_t3_preflight_data/stage_a/checkpoints/e2-threeshift-50c-01__LNS__seed2.json,True,fffb1ae661fefa096ee568e5cdf76ef297207a91,4,7,53.11347662499975,1,1,3000,56.4828399613356,True,OK,e2-threeshift-50c-01,2,2.3.5,/opt/anaconda3/bin/python3.13,1,3,8,300.0,2,50,stage_a,OK,{},0,False,False,0.125
"{""SETP_ALNS_CRUSH_ADAPTIVE_Q"": ""1"", ""SETP_ALNS_CRUSH_LOCAL_SEARCH"": ""0"", ""SETP_ALNS_CRUSH_REPAIR_STRUCTURE_CACHE"": ""1"", ""SETP_ALNS_CRUSH_ROUTE_COST_CACHE"": ""1"", ""SETP_ALNS_CRUSH_ROUTE_ELIMINATION"": ""0"", ""SETP_ALNS_CRUSH_SA_ACCEPTANCE"": ""1"", ""SETP_ALNS_CRUSH_SA_MODE"": ""lns_cooling"", ""SETP_ALNS_CRUSH_SCAN_REBUILD"": ""1"", ""SETP_ALNS_CRUSH_SCAN_RESTART"": ""1"", ""SETP_ALNS_CRUSH_TIMING_LEDGER"": ""1"", ""SETP_ALNS_CRUSH_TRUE_ACCEPTANCE"": ""0"", ""SETP_ALNS_CRUSH_TRUE_REPAIR"": ""1""}",3000,alns_e2_throughput,1783.6949728422799,threeshift,baselines/e2_alns/goeke80_multitrip_t3_preflight_data/stage_a/checkpoints/e2-threeshift-50c-01__alns_e2_throughput__seed2.json,True,fffb1ae661fefa096ee568e5cdf76ef297207a91,4,7,17.545470958000806,1,1,3000,170.9842960146925,True,OK,e2-threeshift-50c-01,2,2.3.5,/opt/anaconda3/bin/python3.13,1,3,8,300.0,2,50,stage_a,OK,"{""acceptance"": {""count"": 2980.0, ""seconds"": 0.00087020403589122}, ""checkpoint_model_cost"": {""count"": 1.0, ""seconds"": 0.0001352500003122259}, ""destroy:random_customer_removal"": {""count"": 498.0, ""seconds"": 0.05396703701262595}, ""destroy:route_segment_removal"": {""count"": 495.0, ""seconds"": 0.04248254302001442}, ""destroy:shaw_related_removal"": {""count"": 498.0, ""seconds"": 0.5304057389876107}, ""destroy:vehicle_type_swap"": {""count"": 495.0, ""seconds"": 1.5556232960298075}, ""destroy:whole_route_removal"": {""count"": 496.0, ""seconds"": 0.036737929971423}, ""destroy:worst_customer_removal"": {""count"": 498.0, ""seconds"": 0.047827584927290445}, ""final_check"": {""count"": 1.0, ""seconds"": 0.00017604100139578804}, ""full_candidate_score"": {""count"": 2980.0, ""seconds"": 0.9445284829707816}, ""history_model_cost"": {""count"": 1.0, ""seconds"": 0.00017479099915362895}, ""initial_reference_score"": {""count"": 1.0, ""seconds"": 0.0003625839999585878}, ""repair:greedy_insert_repair"": {""count"": 994.0, ""seconds"": 4.462645460083877}, ""repair:regret2_insert_repair"": {""count"": 993.0, ""seconds"": 4.512830811003369}, ""repair:regret3_insert_repair"": {""count"": 993.0, ""seconds"": 4.5983231741593045}, ""repair_full_check"": {""count"": 5960.0, ""seconds"": 1.079182160046912}, ""repair_solution_score"": {""count"": 1485.0, ""seconds"": 0.2104825399328547}, ""route_model_cost"": {""count"": 16773.0, ""seconds"": 0.4086393819343357}, ""scan_build"": {""count"": 20.0, ""seconds"": 0.010151747992495075}, ""scan_score"": {""count"": 20.0, ""seconds"": 0.006492998003523098}}",0,False,False,0.125
{},3000,LNS,1783.6949728422799,threeshift,baselines/e2_alns/goeke80_multitrip_t3_preflight_data/stage_a/checkpoints/e2-threeshift-50c-01__LNS__seed3.json,True,fffb1ae661fefa096ee568e5cdf76ef297207a91,4,7,53.659863875000156,1,1,3000,55.90770798428514,True,OK,e2-threeshift-50c-01,2,2.3.5,/opt/anaconda3/bin/python3.13,1,3,8,300.0,3,50,stage_a,OK,{},0,False,False,0.125
"{""SETP_ALNS_CRUSH_ADAPTIVE_Q"": ""1"", ""SETP_ALNS_CRUSH_LOCAL_SEARCH"": ""0"", ""SETP_ALNS_CRUSH_REPAIR_STRUCTURE_CACHE"": ""1"", ""SETP_ALNS_CRUSH_ROUTE_COST_CACHE"": ""1"", ""SETP_ALNS_CRUSH_ROUTE_ELIMINATION"": ""0"", ""SETP_ALNS_CRUSH_SA_ACCEPTANCE"": ""1"", ""SETP_ALNS_CRUSH_SA_MODE"": ""lns_cooling"", ""SETP_ALNS_CRUSH_SCAN_REBUILD"": ""1"", ""SETP_ALNS_CRUSH_SCAN_RESTART"": ""1"", ""SETP_ALNS_CRUSH_TIMING_LEDGER"": ""1"", ""SETP_ALNS_CRUSH_TRUE_ACCEPTANCE"": ""0"", ""SETP_ALNS_CRUSH_TRUE_REPAIR"": ""1""}",3000,alns_e2_throughput,1783.6949728422799,threeshift,baselines/e2_alns/goeke80_multitrip_t3_preflight_data/stage_a/checkpoints/e2-threeshift-50c-01__alns_e2_throughput__seed3.json,True,fffb1ae661fefa096ee568e5cdf76ef297207a91,4,7,17.64459179199912,1,1,3000,170.02376905995297,True,OK,e2-threeshift-50c-01,2,2.3.5,/opt/anaconda3/bin/python3.13,1,3,8,300.0,3,50,stage_a,OK,"{""acceptance"": {""count"": 2980.0, ""seconds"": 0.0008355959871551022}, ""checkpoint_model_cost"": {""count"": 1.0, ""seconds"": 0.0001364169984299224}, ""destroy:random_customer_removal"": {""count"": 498.0, ""seconds"": 0.05137370295415167}, ""destroy:route_segment_removal"": {""count"": 495.0, ""seconds"": 0.04310968296340434}, ""destroy:shaw_related_removal"": {""count"": 498.0, ""seconds"": 0.5330340089967649}, ""destroy:vehicle_type_swap"": {""count"": 495.0, ""seconds"": 1.5976973790493503}, ""destroy:whole_route_removal"": {""count"": 496.0, ""seconds"": 0.036551883993524825}, ""destroy:worst_customer_removal"": {""count"": 498.0, ""seconds"": 0.0486555219249567}, ""final_check"": {""count"": 1.0, ""seconds"": 0.000176582998392405}, ""full_candidate_score"": {""count"": 2980.0, ""seconds"": 0.9773755249552778}, ""history_model_cost"": {""count"": 1.0, ""seconds"": 0.00018591700063552707}, ""initial_reference_score"": {""count"": 1.0, ""seconds"": 0.0003505000022414606}, ""repair:greedy_insert_repair"": {""count"": 994.0, ""seconds"": 4.447127912037104}, ""repair:regret2_insert_repair"": {""count"": 993.0, ""seconds"": 4.434805833043356}, ""repair:regret3_insert_repair"": {""count"": 993.0, ""seconds"": 4.547360841934278}, ""repair_full_check"": {""count"": 5960.0, ""seconds"": 1.0965328841630253}, ""repair_solution_score"": {""count"": 1485.0, ""seconds"": 0.2212842180597363}, ""route_model_cost"": {""count"": 16279.0, ""seconds"": 0.39862164525402477}, ""scan_build"": {""count"": 20.0, ""seconds"": 0.010300752001057845}, ""scan_score"": {""count"": 20.0, ""seconds"": 0.006513666001410456}}",0,False,False,0.125
{},3000,LNS,2732.803960039656,threeshift,baselines/e2_alns/goeke80_multitrip_t3_preflight_data/stage_a/checkpoints/e2-threeshift-75c-01__LNS__seed1.json,True,fffb1ae661fefa096ee568e5cdf76ef297207a91,6,11,77.89163212499989,1,1,3000,38.5150486407272,True,OK,e2-threeshift-75c-01,2,2.3.5,/opt/anaconda3/bin/python3.13,1,5,12,300.0,1,75,stage_a,OK,{},0,False,False,0.08333333333333333
"{""SETP_ALNS_CRUSH_ADAPTIVE_Q"": ""1"", ""SETP_ALNS_CRUSH_LOCAL_SEARCH"": ""0"", ""SETP_ALNS_CRUSH_REPAIR_STRUCTURE_CACHE"": ""1"", ""SETP_ALNS_CRUSH_ROUTE_COST_CACHE"": ""1"", ""SETP_ALNS_CRUSH_ROUTE_ELIMINATION"": ""0"", ""SETP_ALNS_CRUSH_SA_ACCEPTANCE"": ""1"", ""SETP_ALNS_CRUSH_SA_MODE"": ""lns_cooling"", ""SETP_ALNS_CRUSH_SCAN_REBUILD"": ""1"", ""SETP_ALNS_CRUSH_SCAN_RESTART"": ""1"", ""SETP_ALNS_CRUSH_TIMING_LEDGER"": ""1"", ""SETP_ALNS_CRUSH_TRUE_ACCEPTANCE"": ""0"", ""SETP_ALNS_CRUSH_TRUE_REPAIR"": ""1""}",3000,alns_e2_throughput,2732.803960039656,threeshift,baselines/e2_alns/goeke80_multitrip_t3_preflight_data/stage_a/checkpoints/e2-threeshift-75c-01__alns_e2_throughput__seed1.json,True,fffb1ae661fefa096ee568e5cdf76ef297207a91,6,11,33.17457391700009,1,1,3000,90.43070176291458,True,OK,e2-threeshift-75c-01,2,2.3.5,/opt/anaconda3/bin/python3.13,1,5,12,300.0,1,75,stage_a,OK,"{""acceptance"": {""count"": 2980.0, ""seconds"": 0.000857457191159483}, ""checkpoint_model_cost"": {""count"": 1.0, ""seconds"": 0.0001965830015251413}, ""destroy:random_customer_removal"": {""count"": 498.0, ""seconds"": 0.0764255690119171}, ""destroy:route_segment_removal"": {""count"": 495.0, ""seconds"": 0.06559269905119436}, ""destroy:shaw_related_removal"": {""count"": 498.0, ""seconds"": 1.3544753710229998}, ""destroy:vehicle_type_swap"": {""count"": 495.0, ""seconds"": 2.221461998004088}, ""destroy:whole_route_removal"": {""count"": 496.0, ""seconds"": 0.0596707599615911}, ""destroy:worst_customer_removal"": {""count"": 498.0, ""seconds"": 0.08077290998335229}, ""final_check"": {""count"": 1.0, ""seconds"": 0.00024516700068488717}, ""full_candidate_score"": {""count"": 2980.0, ""seconds"": 1.4251261940553377}, ""history_model_cost"": {""count"": 1.0, ""seconds"": 0.0002401669989922084}, ""initial_reference_score"": {""count"": 1.0, ""seconds"": 0.0004927920017507859}, ""repair:greedy_insert_repair"": {""count"": 994.0, ""seconds"": 8.603643208931317}, ""repair:regret2_insert_repair"": {""count"": 993.0, ""seconds"": 9.369461427919305}, ""repair:regret3_insert_repair"": {""count"": 993.0, ""seconds"": 9.473179077005625}, ""repair_full_check"": {""count"": 5960.0, ""seconds"": 1.6729658021431533}, ""repair_solution_score"": {""count"": 1558.0, ""seconds"": 0.327986473999772}, ""route_model_cost"": {""count"": 39092.0, ""seconds"": 0.9655668842970044}, ""scan_build"": {""count"": 20.0, ""seconds"": 0.016319873990141787}, ""scan_score"": {""count"": 20.0, ""seconds"": 0.010481581004569307}}",0,False,False,0.08333333333333333
{},3000,LNS,2732.803960039656,threeshift,baselines/e2_alns/goeke80_multitrip_t3_preflight_data/stage_a/checkpoints/e2-threeshift-75c-01__LNS__seed2.json,True,fffb1ae661fefa096ee568e5cdf76ef297207a91,6,11,77.16658041700066,1,1,3000,38.87693330180362,True,OK,e2-threeshift-75c-01,2,2.3.5,/opt/anaconda3/bin/python3.13,1,5,12,300.0,2,75,stage_a,OK,{},0,False,False,0.08333333333333333
"{""SETP_ALNS_CRUSH_ADAPTIVE_Q"": ""1"", ""SETP_ALNS_CRUSH_LOCAL_SEARCH"": ""0"", ""SETP_ALNS_CRUSH_REPAIR_STRUCTURE_CACHE"": ""1"", ""SETP_ALNS_CRUSH_ROUTE_COST_CACHE"": ""1"", ""SETP_ALNS_CRUSH_ROUTE_ELIMINATION"": ""0"", ""SETP_ALNS_CRUSH_SA_ACCEPTANCE"": ""1"", ""SETP_ALNS_CRUSH_SA_MODE"": ""lns_cooling"", ""SETP_ALNS_CRUSH_SCAN_REBUILD"": ""1"", ""SETP_ALNS_CRUSH_SCAN_RESTART"": ""1"", ""SETP_ALNS_CRUSH_TIMING_LEDGER"": ""1"", ""SETP_ALNS_CRUSH_TRUE_ACCEPTANCE"": ""0"", ""SETP_ALNS_CRUSH_TRUE_REPAIR"": ""1""}",3000,alns_e2_throughput,2732.803960039656,threeshift,baselines/e2_alns/goeke80_multitrip_t3_preflight_data/stage_a/checkpoints/e2-threeshift-75c-01__alns_e2_throughput__seed2.json,True,fffb1ae661fefa096ee568e5cdf76ef297207a91,6,11,32.23740325000108,1,1,3000,93.05960460695293,True,OK,e2-threeshift-75c-01,2,2.3.5,/opt/anaconda3/bin/python3.13,1,5,12,300.0,2,75,stage_a,OK,"{""acceptance"": {""count"": 2980.0, ""seconds"": 0.0008688612142577767}, ""checkpoint_model_cost"": {""count"": 1.0, ""seconds"": 0.00019679099932545796}, ""destroy:random_customer_removal"": {""count"": 498.0, ""seconds"": 0.07034434704473824}, ""destroy:route_segment_removal"": {""count"": 495.0, ""seconds"": 0.06678367198401247}, ""destroy:shaw_related_removal"": {""count"": 498.0, ""seconds"": 1.327394820003974}, ""destroy:vehicle_type_swap"": {""count"": 495.0, ""seconds"": 2.1769537159780157}, ""destroy:whole_route_removal"": {""count"": 496.0, ""seconds"": 0.07490666300145676}, ""destroy:worst_customer_removal"": {""count"": 498.0, ""seconds"": 0.07213391994446283}, ""final_check"": {""count"": 1.0, ""seconds"": 0.0002498339999874588}, ""full_candidate_score"": {""count"": 2980.0, ""seconds"": 1.3787053720952827}, ""history_model_cost"": {""count"": 1.0, ""seconds"": 0.0002463330019963905}, ""initial_reference_score"": {""count"": 1.0, ""seconds"": 0.000471666000521509}, ""repair:greedy_insert_repair"": {""count"": 994.0, ""seconds"": 8.440322941936756}, ""repair:regret2_insert_repair"": {""count"": 993.0, ""seconds"": 9.340658272976725}, ""repair:regret3_insert_repair"": {""count"": 993.0, ""seconds"": 8.918862654005352}, ""repair_full_check"": {""count"": 5960.0, ""seconds"": 1.6102762281261676}, ""repair_solution_score"": {""count"": 1557.0, ""seconds"": 0.316155995005829}, ""route_model_cost"": {""count"": 40037.0, ""seconds"": 0.9626769140450051}, ""scan_build"": {""count"": 20.0, ""seconds"": 0.01579637499889941}, ""scan_score"": {""count"": 20.0, ""seconds"": 0.010467291001987178}}",0,False,False,0.08333333333333333
{},3000,LNS,2732.803960039656,threeshift,baselines/e2_alns/goeke80_multitrip_t3_preflight_data/stage_a/checkpoints/e2-threeshift-75c-01__LNS__seed3.json,True,fffb1ae661fefa096ee568e5cdf76ef297207a91,6,11,81.41410283299774,1,1,3000,36.8486526978478,True,OK,e2-threeshift-75c-01,2,2.3.5,/opt/anaconda3/bin/python3.13,1,5,12,300.0,3,75,stage_a,OK,{},0,False,False,0.08333333333333333
"{""SETP_ALNS_CRUSH_ADAPTIVE_Q"": ""1"", ""SETP_ALNS_CRUSH_LOCAL_SEARCH"": ""0"", ""SETP_ALNS_CRUSH_REPAIR_STRUCTURE_CACHE"": ""1"", ""SETP_ALNS_CRUSH_ROUTE_COST_CACHE"": ""1"", ""SETP_ALNS_CRUSH_ROUTE_ELIMINATION"": ""0"", ""SETP_ALNS_CRUSH_SA_ACCEPTANCE"": ""1"", ""SETP_ALNS_CRUSH_SA_MODE"": ""lns_cooling"", ""SETP_ALNS_CRUSH_SCAN_REBUILD"": ""1"", ""SETP_ALNS_CRUSH_SCAN_RESTART"": ""1"", ""SETP_ALNS_CRUSH_TIMING_LEDGER"": ""1"", ""SETP_ALNS_CRUSH_TRUE_ACCEPTANCE"": ""0"", ""SETP_ALNS_CRUSH_TRUE_REPAIR"": ""1""}",3000,alns_e2_throughput,2732.803960039656,threeshift,baselines/e2_alns/goeke80_multitrip_t3_preflight_data/stage_a/checkpoints/e2-threeshift-75c-01__alns_e2_throughput__seed3.json,True,fffb1ae661fefa096ee568e5cdf76ef297207a91,6,11,31.903622750000068,1,1,3000,94.033208187932,True,OK,e2-threeshift-75c-01,2,2.3.5,/opt/anaconda3/bin/python3.13,1,5,12,300.0,3,75,stage_a,OK,"{""acceptance"": {""count"": 2980.0, ""seconds"": 0.0008616240484116133}, ""checkpoint_model_cost"": {""count"": 1.0, ""seconds"": 0.00019762499869102612}, ""destroy:random_customer_removal"": {""count"": 498.0, ""seconds"": 0.07165654302298208}, ""destroy:route_segment_removal"": {""count"": 495.0, ""seconds"": 0.06482095695537282}, ""destroy:shaw_related_removal"": {""count"": 498.0, ""seconds"": 1.3429872549750144}, ""destroy:vehicle_type_swap"": {""count"": 495.0, ""seconds"": 2.192492916026822}, ""destroy:whole_route_removal"": {""count"": 496.0, ""seconds"": 0.05692882606672356}, ""destroy:worst_customer_removal"": {""count"": 498.0, ""seconds"": 0.07282617401870084}, ""final_check"": {""count"": 1.0, ""seconds"": 0.0002459579991409555}, ""full_candidate_score"": {""count"": 2980.0, ""seconds"": 1.384107388992561}, ""history_model_cost"": {""count"": 1.0, ""seconds"": 0.0002423330006422475}, ""initial_reference_score"": {""count"": 1.0, ""seconds"": 0.0004732080014946405}, ""repair:greedy_insert_repair"": {""count"": 994.0, ""seconds"": 8.664107487951696}, ""repair:regret2_insert_repair"": {""count"": 993.0, ""seconds"": 8.951910246018087}, ""repair:regret3_insert_repair"": {""count"": 993.0, ""seconds"": 8.745154637039377}, ""repair_full_check"": {""count"": 5960.0, ""seconds"": 1.6104489698082034}, ""repair_solution_score"": {""count"": 1569.0, ""seconds"": 0.32131658902653726}, ""route_model_cost"": {""count"": 39135.0, ""seconds"": 0.9596221218453138}, ""scan_build"": {""count"": 20.0, ""seconds"": 0.016331876988260774}, ""scan_score"": {""count"": 20.0, ""seconds"": 0.010349041003792081}}",0,False,False,0.08333333333333333
{},3000,LNS,4635.703685132771,vanilla,baselines/e2_alns/goeke80_multitrip_t3_preflight_data/stage_a/checkpoints/e2-vanilla-100c-01__LNS__seed1.json,True,fffb1ae661fefa096ee568e5cdf76ef297207a91,7,14,114.57028870800059,1,1,3000,26.18479916417027,True,OK,e2-vanilla-100c-01,2,2.3.5,/opt/anaconda3/bin/python3.13,1,7,15,300.0,1,100,stage_a,OK,{},0,False,False,0.06666666666666667
"{""SETP_ALNS_CRUSH_ADAPTIVE_Q"": ""1"", ""SETP_ALNS_CRUSH_LOCAL_SEARCH"": ""0"", ""SETP_ALNS_CRUSH_REPAIR_STRUCTURE_CACHE"": ""1"", ""SETP_ALNS_CRUSH_ROUTE_COST_CACHE"": ""1"", ""SETP_ALNS_CRUSH_ROUTE_ELIMINATION"": ""0"", ""SETP_ALNS_CRUSH_SA_ACCEPTANCE"": ""1"", ""SETP_ALNS_CRUSH_SA_MODE"": ""lns_cooling"", ""SETP_ALNS_CRUSH_SCAN_REBUILD"": ""1"", ""SETP_ALNS_CRUSH_SCAN_RESTART"": ""1"", ""SETP_ALNS_CRUSH_TIMING_LEDGER"": ""1"", ""SETP_ALNS_CRUSH_TRUE_ACCEPTANCE"": ""0"", ""SETP_ALNS_CRUSH_TRUE_REPAIR"": ""1""}",3000,alns_e2_throughput,4635.703685132771,vanilla,baselines/e2_alns/goeke80_multitrip_t3_preflight_data/stage_a/checkpoints/e2-vanilla-100c-01__alns_e2_throughput__seed1.json,True,fffb1ae661fefa096ee568e5cdf76ef297207a91,7,14,56.29636433399719,1,1,3000,53.28940928052631,True,OK,e2-vanilla-100c-01,2,2.3.5,/opt/anaconda3/bin/python3.13,1,7,15,300.0,1,100,stage_a,OK,"{""acceptance"": {""count"": 2980.0, ""seconds"": 0.0008341398570337333}, ""checkpoint_model_cost"": {""count"": 1.0, ""seconds"": 0.00035129100069752894}, ""destroy:random_customer_removal"": {""count"": 498.0, ""seconds"": 0.09307348498259671}, ""destroy:route_segment_removal"": {""count"": 495.0, ""seconds"": 0.10276500104373554}, ""destroy:shaw_related_removal"": {""count"": 498.0, ""seconds"": 2.745785963950766}, ""destroy:vehicle_type_swap"": {""count"": 495.0, ""seconds"": 0.8687600830235169}, ""destroy:whole_route_removal"": {""count"": 496.0, ""seconds"": 0.08430000203952659}, ""destroy:worst_customer_removal"": {""count"": 498.0, ""seconds"": 0.10013333406095626}, ""final_check"": {""count"": 1.0, ""seconds"": 0.0003170829986629542}, ""full_candidate_score"": {""count"": 2980.0, ""seconds"": 1.7783180501028255}, ""history_model_cost"": {""count"": 1.0, ""seconds"": 0.00033308400088571943}, ""initial_reference_score"": {""count"": 1.0, ""seconds"": 0.0006295419989328366}, ""repair:greedy_insert_repair"": {""count"": 994.0, ""seconds"": 16.833204501028376}, ""repair:regret2_insert_repair"": {""count"": 993.0, ""seconds"": 16.564682697058743}, ""repair:regret3_insert_repair"": {""count"": 993.0, ""seconds"": 16.817709278966504}, ""repair_full_check"": {""count"": 5960.0, ""seconds"": 2.1601490520661173}, ""repair_solution_score"": {""count"": 495.0, ""seconds"": 0.1260298820270691}, ""route_model_cost"": {""count"": 99613.0, ""seconds"": 2.573707734947675}, ""scan_build"": {""count"": 20.0, ""seconds"": 0.02039453899851651}, ""scan_score"": {""count"": 20.0, ""seconds"": 0.010834210002940381}}",0,False,False,0.06666666666666667
{},3000,LNS,4635.703685132771,vanilla,baselines/e2_alns/goeke80_multitrip_t3_preflight_data/stage_a/checkpoints/e2-vanilla-100c-01__LNS__seed2.json,True,fffb1ae661fefa096ee568e5cdf76ef297207a91,7,14,114.61077720799949,1,1,3000,26.17554887142506,True,OK,e2-vanilla-100c-01,2,2.3.5,/opt/anaconda3/bin/python3.13,1,7,15,300.0,2,100,stage_a,OK,{},0,False,False,0.06666666666666667
"{""SETP_ALNS_CRUSH_ADAPTIVE_Q"": ""1"", ""SETP_ALNS_CRUSH_LOCAL_SEARCH"": ""0"", ""SETP_ALNS_CRUSH_REPAIR_STRUCTURE_CACHE"": ""1"", ""SETP_ALNS_CRUSH_ROUTE_COST_CACHE"": ""1"", ""SETP_ALNS_CRUSH_ROUTE_ELIMINATION"": ""0"", ""SETP_ALNS_CRUSH_SA_ACCEPTANCE"": ""1"", ""SETP_ALNS_CRUSH_SA_MODE"": ""lns_cooling"", ""SETP_ALNS_CRUSH_SCAN_REBUILD"": ""1"", ""SETP_ALNS_CRUSH_SCAN_RESTART"": ""1"", ""SETP_ALNS_CRUSH_TIMING_LEDGER"": ""1"", ""SETP_ALNS_CRUSH_TRUE_ACCEPTANCE"": ""0"", ""SETP_ALNS_CRUSH_TRUE_REPAIR"": ""1""}",3000,alns_e2_throughput,4635.703685132771,vanilla,baselines/e2_alns/goeke80_multitrip_t3_preflight_data/stage_a/checkpoints/e2-vanilla-100c-01__alns_e2_throughput__seed2.json,True,fffb1ae661fefa096ee568e5cdf76ef297207a91,7,14,57.968668499997875,1,1,3000,51.752094323162005,True,OK,e2-vanilla-100c-01,2,2.3.5,/opt/anaconda3/bin/python3.13,1,7,15,300.0,2,100,stage_a,OK,"{""acceptance"": {""count"": 2980.0, ""seconds"": 0.000825475130113773}, ""checkpoint_model_cost"": {""count"": 1.0, ""seconds"": 0.000252417001320282}, ""destroy:random_customer_removal"": {""count"": 498.0, ""seconds"": 0.09173862097668462}, ""destroy:route_segment_removal"": {""count"": 495.0, ""seconds"": 0.08958461904330761}, ""destroy:shaw_related_removal"": {""count"": 498.0, ""seconds"": 2.7710515479884634}, ""destroy:vehicle_type_swap"": {""count"": 495.0, ""seconds"": 0.8809887429779337}, ""destroy:whole_route_removal"": {""count"": 496.0, ""seconds"": 0.0818873030038958}, ""destroy:worst_customer_removal"": {""count"": 498.0, ""seconds"": 0.10188373899654835}, ""final_check"": {""count"": 1.0, ""seconds"": 0.0003270410015829839}, ""full_candidate_score"": {""count"": 2980.0, ""seconds"": 1.7869891159934923}, ""history_model_cost"": {""count"": 1.0, ""seconds"": 0.00031895799838821404}, ""initial_reference_score"": {""count"": 1.0, ""seconds"": 0.0006254580002860166}, ""repair:greedy_insert_repair"": {""count"": 994.0, ""seconds"": 17.501444785000785}, ""repair:regret2_insert_repair"": {""count"": 993.0, ""seconds"": 17.550106474034692}, ""repair:regret3_insert_repair"": {""count"": 993.0, ""seconds"": 16.81286287999319}, ""repair_full_check"": {""count"": 5960.0, ""seconds"": 2.1872863078642695}, ""repair_solution_score"": {""count"": 495.0, ""seconds"": 0.12477163500079769}, ""route_model_cost"": {""count"": 107036.0, ""seconds"": 2.7589806606047205}, ""scan_build"": {""count"": 20.0, ""seconds"": 0.020606874000804964}, ""scan_score"": {""count"": 20.0, ""seconds"": 0.010404791999462759}}",0,False,False,0.06666666666666667
{},3000,LNS,4635.703685132771,vanilla,baselines/e2_alns/goeke80_multitrip_t3_preflight_data/stage_a/checkpoints/e2-vanilla-100c-01__LNS__seed3.json,True,fffb1ae661fefa096ee568e5cdf76ef297207a91,7,14,112.70787420799752,1,1,3000,26.617483659248418,True,OK,e2-vanilla-100c-01,2,2.3.5,/opt/anaconda3/bin/python3.13,1,7,15,300.0,3,100,stage_a,OK,{},0,False,False,0.06666666666666667
"{""SETP_ALNS_CRUSH_ADAPTIVE_Q"": ""1"", ""SETP_ALNS_CRUSH_LOCAL_SEARCH"": ""0"", ""SETP_ALNS_CRUSH_REPAIR_STRUCTURE_CACHE"": ""1"", ""SETP_ALNS_CRUSH_ROUTE_COST_CACHE"": ""1"", ""SETP_ALNS_CRUSH_ROUTE_ELIMINATION"": ""0"", ""SETP_ALNS_CRUSH_SA_ACCEPTANCE"": ""1"", ""SETP_ALNS_CRUSH_SA_MODE"": ""lns_cooling"", ""SETP_ALNS_CRUSH_SCAN_REBUILD"": ""1"", ""SETP_ALNS_CRUSH_SCAN_RESTART"": ""1"", ""SETP_ALNS_CRUSH_TIMING_LEDGER"": ""1"", ""SETP_ALNS_CRUSH_TRUE_ACCEPTANCE"": ""0"", ""SETP_ALNS_CRUSH_TRUE_REPAIR"": ""1""}",3000,alns_e2_throughput,4635.703685132771,vanilla,baselines/e2_alns/goeke80_multitrip_t3_preflight_data/stage_a/checkpoints/e2-vanilla-100c-01__alns_e2_throughput__seed3.json,True,fffb1ae661fefa096ee568e5cdf76ef297207a91,7,14,56.44105204199877,1,1,3000,53.152800868553044,True,OK,e2-vanilla-100c-01,2,2.3.5,/opt/anaconda3/bin/python3.13,1,7,15,300.0,3,100,stage_a,OK,"{""acceptance"": {""count"": 2980.0, ""seconds"": 0.0008400428741879296}, ""checkpoint_model_cost"": {""count"": 1.0, ""seconds"": 0.00025358299899380654}, ""destroy:random_customer_removal"": {""count"": 498.0, ""seconds"": 0.09298116702848347}, ""destroy:route_segment_removal"": {""count"": 495.0, ""seconds"": 0.09083784098402248}, ""destroy:shaw_related_removal"": {""count"": 498.0, ""seconds"": 2.745822006963863}, ""destroy:vehicle_type_swap"": {""count"": 495.0, ""seconds"": 0.8705372059921501}, ""destroy:whole_route_removal"": {""count"": 496.0, ""seconds"": 0.08096787702015718}, ""destroy:worst_customer_removal"": {""count"": 498.0, ""seconds"": 0.10054524398219655}, ""final_check"": {""count"": 1.0, ""seconds"": 0.00031808299900148995}, ""full_candidate_score"": {""count"": 2980.0, ""seconds"": 1.7645837749441853}, ""history_model_cost"": {""count"": 1.0, ""seconds"": 0.0003949169986299239}, ""initial_reference_score"": {""count"": 1.0, ""seconds"": 0.0006289999982982408}, ""repair:greedy_insert_repair"": {""count"": 994.0, ""seconds"": 16.121139849132305}, ""repair:regret2_insert_repair"": {""count"": 993.0, ""seconds"": 16.883597869022196}, ""repair:regret3_insert_repair"": {""count"": 993.0, ""seconds"": 17.240759709995473}, ""repair_full_check"": {""count"": 5960.0, ""seconds"": 2.16329800407766}, ""repair_solution_score"": {""count"": 495.0, ""seconds"": 0.12348282502716756}, ""route_model_cost"": {""count"": 106859.0, ""seconds"": 2.707049904631276}, ""scan_build"": {""count"": 20.0, ""seconds"": 0.021196290988882538}, ""scan_score"": {""count"": 20.0, ""seconds"": 0.011157793996972032}}",0,False,False,0.06666666666666667
{},3000,LNS,573.7936728978657,vanilla,baselines/e2_alns/goeke80_multitrip_t3_preflight_data/stage_a/checkpoints/e2-vanilla-10c-01__LNS__seed1.json,True,fffb1ae661fefa096ee568e5cdf76ef297207a91,1,2,6.485105416002625,1,1,3000,462.5984941736197,True,OK,e2-vanilla-10c-01,2,2.3.5,/opt/anaconda3/bin/python3.13,1,1,3,180.0,1,10,stage_a,OK,{},0,False,False,0.3333333333333333
"{""SETP_ALNS_CRUSH_ADAPTIVE_Q"": ""1"", ""SETP_ALNS_CRUSH_LOCAL_SEARCH"": ""0"", ""SETP_ALNS_CRUSH_REPAIR_STRUCTURE_CACHE"": ""1"", ""SETP_ALNS_CRUSH_ROUTE_COST_CACHE"": ""1"", ""SETP_ALNS_CRUSH_ROUTE_ELIMINATION"": ""0"", ""SETP_ALNS_CRUSH_SA_ACCEPTANCE"": ""1"", ""SETP_ALNS_CRUSH_SA_MODE"": ""lns_cooling"", ""SETP_ALNS_CRUSH_SCAN_REBUILD"": ""1"", ""SETP_ALNS_CRUSH_SCAN_RESTART"": ""1"", ""SETP_ALNS_CRUSH_TIMING_LEDGER"": ""1"", ""SETP_ALNS_CRUSH_TRUE_ACCEPTANCE"": ""0"", ""SETP_ALNS_CRUSH_TRUE_REPAIR"": ""1""}",3000,alns_e2_throughput,408.6283967549251,vanilla,baselines/e2_alns/goeke80_multitrip_t3_preflight_data/stage_a/checkpoints/e2-vanilla-10c-01__alns_e2_throughput__seed1.json,True,fffb1ae661fefa096ee568e5cdf76ef297207a91,1,1,4.239878542000952,1,1,3000,707.5674386144542,True,OK,e2-vanilla-10c-01,1,2.3.5,/opt/anaconda3/bin/python3.13,1,0,2,180.0,1,10,stage_a,OK,"{""acceptance"": {""count"": 2981.0, ""seconds"": 0.0037664180927095003}, ""checkpoint_model_cost"": {""count"": 6.0, ""seconds"": 0.0002950019988929853}, ""destroy:random_customer_removal"": {""count"": 123.0, ""seconds"": 0.005774086002929835}, ""destroy:route_segment_removal"": {""count"": 123.0, ""seconds"": 0.0037308290047803894}, ""destroy:shaw_related_removal"": {""count"": 1918.0, ""seconds"": 0.13732973202786525}, ""destroy:vehicle_type_swap"": {""count"": 123.0, ""seconds"": 0.03157333401031792}, ""destroy:whole_route_removal"": {""count"": 347.0, ""seconds"": 0.007771713942929637}, ""destroy:worst_customer_removal"": {""count"": 347.0, ""seconds"": 0.011418798039812827}, ""final_check"": {""count"": 1.0, ""seconds"": 9.091600077226758e-05}, ""full_candidate_score"": {""count"": 2981.0, ""seconds"": 0.45108497103865375}, ""history_model_cost"": {""count"": 6.0, ""seconds"": 0.0003192080002918374}, ""initial_reference_score"": {""count"": 1.0, ""seconds"": 0.00015666700346628204}, ""local_search"": {""count"": 246.0, ""seconds"": 0.00032146000376087613}, ""repair:greedy_insert_repair"": {""count"": 470.0, ""seconds"": 0.2861578739975812}, ""repair:regret2_insert_repair"": {""count"": 2041.0, ""seconds"": 1.28394916194884}, ""repair:regret3_insert_repair"": {""count"": 470.0, ""seconds"": 0.41195425099431304}, ""repair_full_check"": {""count"": 3189.0, ""seconds"": 0.33524582516474766}, ""repair_solution_score"": {""count"": 123.0, ""seconds"": 0.004727170005935477}, ""route_model_cost"": {""count"": 662.0, ""seconds"": 0.014246672017179662}, ""scan_build"": {""count"": 19.0, ""seconds"": 0.002061626004433492}, ""scan_score"": {""count"": 19.0, ""seconds"": 0.0017982080025831237}}",0,False,False,0.5
{},3000,LNS,573.7936728978657,vanilla,baselines/e2_alns/goeke80_multitrip_t3_preflight_data/stage_a/checkpoints/e2-vanilla-10c-01__LNS__seed2.json,True,fffb1ae661fefa096ee568e5cdf76ef297207a91,1,2,6.620466666998254,1,1,3000,453.14026199307364,True,OK,e2-vanilla-10c-01,2,2.3.5,/opt/anaconda3/bin/python3.13,1,1,3,180.0,2,10,stage_a,OK,{},0,False,False,0.3333333333333333
"{""SETP_ALNS_CRUSH_ADAPTIVE_Q"": ""1"", ""SETP_ALNS_CRUSH_LOCAL_SEARCH"": ""0"", ""SETP_ALNS_CRUSH_REPAIR_STRUCTURE_CACHE"": ""1"", ""SETP_ALNS_CRUSH_ROUTE_COST_CACHE"": ""1"", ""SETP_ALNS_CRUSH_ROUTE_ELIMINATION"": ""0"", ""SETP_ALNS_CRUSH_SA_ACCEPTANCE"": ""1"", ""SETP_ALNS_CRUSH_SA_MODE"": ""lns_cooling"", ""SETP_ALNS_CRUSH_SCAN_REBUILD"": ""1"", ""SETP_ALNS_CRUSH_SCAN_RESTART"": ""1"", ""SETP_ALNS_CRUSH_TIMING_LEDGER"": ""1"", ""SETP_ALNS_CRUSH_TRUE_ACCEPTANCE"": ""0"", ""SETP_ALNS_CRUSH_TRUE_REPAIR"": ""1""}",3000,alns_e2_throughput,408.6283967549251,vanilla,baselines/e2_alns/goeke80_multitrip_t3_preflight_data/stage_a/checkpoints/e2-vanilla-10c-01__alns_e2_throughput__seed2.json,True,fffb1ae661fefa096ee568e5cdf76ef297207a91,1,1,4.269680166999024,1,1,3000,702.6287409505364,True,OK,e2-vanilla-10c-01,1,2.3.5,/opt/anaconda3/bin/python3.13,1,0,2,180.0,2,10,stage_a,OK,"{""acceptance"": {""count"": 2981.0, ""seconds"": 0.0018691438854148146}, ""checkpoint_model_cost"": {""count"": 5.0, ""seconds"": 0.0002403739999863319}, ""destroy:random_customer_removal"": {""count"": 1963.0, ""seconds"": 0.08327238211859367}, ""destroy:route_segment_removal"": {""count"": 230.0, ""seconds"": 0.008949998056777986}, ""destroy:shaw_related_removal"": {""count"": 230.0, ""seconds"": 0.017289949999394594}, ""destroy:vehicle_type_swap"": {""count"": 114.0, ""seconds"": 0.02922825295900111}, ""destroy:whole_route_removal"": {""count"": 330.0, ""seconds"": 0.007272555994859431}, ""destroy:worst_customer_removal"": {""count"": 114.0, ""seconds"": 0.003806910986895673}, ""final_check"": {""count"": 1.0, ""seconds"": 9.325000064563937e-05}, ""full_candidate_score"": {""count"": 2981.0, ""seconds"": 0.4560555859352462}, ""history_model_cost"": {""count"": 5.0, ""seconds"": 0.00026612700094119646}, ""initial_reference_score"": {""count"": 1.0, ""seconds"": 0.000194500000361586}, ""local_search"": {""count"": 151.0, ""seconds"": 0.00024966899582068436}, ""repair:greedy_insert_repair"": {""count"": 460.0, ""seconds"": 0.2857767899695318}, ""repair:regret2_insert_repair"": {""count"": 2077.0, ""seconds"": 1.433893466972222}, ""repair:regret3_insert_repair"": {""count"": 444.0, ""seconds"": 0.353148799003975}, ""repair_full_check"": {""count"": 3363.0, ""seconds"": 0.33810691399048665}, ""repair_solution_score"": {""count"": 114.0, ""seconds"": 0.004342201005783863}, ""route_model_cost"": {""count"": 1349.0, ""seconds"": 0.060478133982542204}, ""scan_build"": {""count"": 19.0, ""seconds"": 0.001687415991909802}, ""scan_score"": {""count"": 19.0, ""seconds"": 0.0014752510032849386}}",0,False,False,0.5
{},3000,LNS,573.7936728978657,vanilla,baselines/e2_alns/goeke80_multitrip_t3_preflight_data/stage_a/checkpoints/e2-vanilla-10c-01__LNS__seed3.json,True,fffb1ae661fefa096ee568e5cdf76ef297207a91,1,2,6.688184459002514,1,1,3000,448.5522219653949,True,OK,e2-vanilla-10c-01,2,2.3.5,/opt/anaconda3/bin/python3.13,1,1,3,180.0,3,10,stage_a,OK,{},0,False,False,0.3333333333333333
"{""SETP_ALNS_CRUSH_ADAPTIVE_Q"": ""1"", ""SETP_ALNS_CRUSH_LOCAL_SEARCH"": ""0"", ""SETP_ALNS_CRUSH_REPAIR_STRUCTURE_CACHE"": ""1"", ""SETP_ALNS_CRUSH_ROUTE_COST_CACHE"": ""1"", ""SETP_ALNS_CRUSH_ROUTE_ELIMINATION"": ""0"", ""SETP_ALNS_CRUSH_SA_ACCEPTANCE"": ""1"", ""SETP_ALNS_CRUSH_SA_MODE"": ""lns_cooling"", ""SETP_ALNS_CRUSH_SCAN_REBUILD"": ""1"", ""SETP_ALNS_CRUSH_SCAN_RESTART"": ""1"", ""SETP_ALNS_CRUSH_TIMING_LEDGER"": ""1"", ""SETP_ALNS_CRUSH_TRUE_ACCEPTANCE"": ""0"", ""SETP_ALNS_CRUSH_TRUE_REPAIR"": ""1""}",3000,alns_e2_throughput,408.6283967549251,vanilla,baselines/e2_alns/goeke80_multitrip_t3_preflight_data/stage_a/checkpoints/e2-vanilla-10c-01__alns_e2_throughput__seed3.json,True,fffb1ae661fefa096ee568e5cdf76ef297207a91,1,1,3.911757833997399,1,1,3000,766.9186404962907,True,OK,e2-vanilla-10c-01,1,2.3.5,/opt/anaconda3/bin/python3.13,1,0,2,180.0,3,10,stage_a,OK,"{""acceptance"": {""count"": 2982.0, ""seconds"": 0.005735586008086102}, ""checkpoint_model_cost"": {""count"": 6.0, ""seconds"": 0.00026833100127987564}, ""destroy:random_customer_removal"": {""count"": 96.0, ""seconds"": 0.0043438759857963305}, ""destroy:route_segment_removal"": {""count"": 96.0, ""seconds"": 0.003056372999708401}, ""destroy:shaw_related_removal"": {""count"": 2117.0, ""seconds"": 0.17681103012364474}, ""destroy:vehicle_type_swap"": {""count"": 93.0, ""seconds"": 0.024637663987959968}, ""destroy:whole_route_removal"": {""count"": 290.0, ""seconds"": 0.0064492489873373415}, ""destroy:worst_customer_removal"": {""count"": 290.0, ""seconds"": 0.0085798329928366}, ""final_check"": {""count"": 1.0, ""seconds"": 9.541699910187162e-05}, ""full_candidate_score"": {""count"": 2982.0, ""seconds"": 0.4561989210706088}, ""history_model_cost"": {""count"": 6.0, ""seconds"": 0.0003174989979015663}, ""initial_reference_score"": {""count"": 1.0, ""seconds"": 0.00014916699728928506}, ""local_search"": {""count"": 820.0, ""seconds"": 0.0012209359847474843}, ""repair:greedy_insert_repair"": {""count"": 2406.0, ""seconds"": 1.5687842249753885}, ""repair:regret2_insert_repair"": {""count"": 191.0, ""seconds"": 0.11745121397689218}, ""repair:regret3_insert_repair"": {""count"": 385.0, ""seconds"": 0.30115658801514655}, ""repair_full_check"": {""count"": 3301.0, ""seconds"": 0.3418129670244525}, ""repair_solution_score"": {""count"": 93.0, ""seconds"": 0.0032980850046442356}, ""route_model_cost"": {""count"": 777.0, ""seconds"": 0.04383876403153408}, ""scan_build"": {""count"": 18.0, ""seconds"": 0.001596833004441578}, ""scan_score"": {""count"": 18.0, ""seconds"": 0.0014810409957135562}}",0,False,False,0.5
{},3000,LNS,6015.377586977482,vanilla,baselines/e2_alns/goeke80_multitrip_t3_preflight_data/stage_a/checkpoints/e2-vanilla-150c-01__LNS__seed1.json,True,fffb1ae661fefa096ee568e5cdf76ef297207a91,10,20,180.45282733299973,1,1,3000,16.624843424946352,True,OK,e2-vanilla-150c-01,2,2.3.5,/opt/anaconda3/bin/python3.13,1,10,21,600.0,1,150,stage_a,OK,{},0,False,False,0.047619047619047616
"{""SETP_ALNS_CRUSH_ADAPTIVE_Q"": ""1"", ""SETP_ALNS_CRUSH_LOCAL_SEARCH"": ""0"", ""SETP_ALNS_CRUSH_REPAIR_STRUCTURE_CACHE"": ""1"", ""SETP_ALNS_CRUSH_ROUTE_COST_CACHE"": ""1"", ""SETP_ALNS_CRUSH_ROUTE_ELIMINATION"": ""0"", ""SETP_ALNS_CRUSH_SA_ACCEPTANCE"": ""1"", ""SETP_ALNS_CRUSH_SA_MODE"": ""lns_cooling"", ""SETP_ALNS_CRUSH_SCAN_REBUILD"": ""1"", ""SETP_ALNS_CRUSH_SCAN_RESTART"": ""1"", ""SETP_ALNS_CRUSH_TIMING_LEDGER"": ""1"", ""SETP_ALNS_CRUSH_TRUE_ACCEPTANCE"": ""0"", ""SETP_ALNS_CRUSH_TRUE_REPAIR"": ""1""}",3000,alns_e2_throughput,6015.377586977482,vanilla,baselines/e2_alns/goeke80_multitrip_t3_preflight_data/stage_a/checkpoints/e2-vanilla-150c-01__alns_e2_throughput__seed1.json,True,fffb1ae661fefa096ee568e5cdf76ef297207a91,10,20,138.87041204200068,1,1,3000,21.602873901552655,True,OK,e2-vanilla-150c-01,2,2.3.5,/opt/anaconda3/bin/python3.13,1,10,21,600.0,1,150,stage_a,OK,"{""acceptance"": {""count"": 2980.0, ""seconds"": 0.0009189948614221066}, ""checkpoint_model_cost"": {""count"": 1.0, ""seconds"": 0.0003707920004671905}, ""destroy:random_customer_removal"": {""count"": 498.0, ""seconds"": 0.13552255501781474}, ""destroy:route_segment_removal"": {""count"": 495.0, ""seconds"": 0.14727080297961948}, ""destroy:shaw_related_removal"": {""count"": 498.0, ""seconds"": 7.413780858973041}, ""destroy:vehicle_type_swap"": {""count"": 495.0, ""seconds"": 1.51634924397149}, ""destroy:whole_route_removal"": {""count"": 496.0, ""seconds"": 0.13423486601823242}, ""destroy:worst_customer_removal"": {""count"": 498.0, ""seconds"": 0.184223122028925}, ""final_check"": {""count"": 1.0, ""seconds"": 0.00048395799967693165}, ""full_candidate_score"": {""count"": 2980.0, ""seconds"": 2.6685767560593376}, ""history_model_cost"": {""count"": 1.0, ""seconds"": 0.0005076250017737038}, ""initial_reference_score"": {""count"": 1.0, ""seconds"": 0.0009245000001101289}, ""repair:greedy_insert_repair"": {""count"": 994.0, ""seconds"": 40.95496296808051}, ""repair:regret2_insert_repair"": {""count"": 993.0, ""seconds"": 43.527055454960646}, ""repair:regret3_insert_repair"": {""count"": 993.0, ""seconds"": 42.669696253007714}, ""repair_full_check"": {""count"": 5960.0, ""seconds"": 3.635321609184757}, ""repair_solution_score"": {""count"": 681.0, ""seconds"": 0.2569073609811312}, ""route_model_cost"": {""count"": 193955.0, ""seconds"": 5.554586639711488}, ""scan_build"": {""count"": 20.0, ""seconds"": 0.03503471201111097}, ""scan_score"": {""count"": 20.0, ""seconds"": 0.016775086005509365}}",0,False,False,0.047619047619047616
{},3000,LNS,6015.377586977482,vanilla,baselines/e2_alns/goeke80_multitrip_t3_preflight_data/stage_a/checkpoints/e2-vanilla-150c-01__LNS__seed2.json,True,fffb1ae661fefa096ee568e5cdf76ef297207a91,10,20,181.64539100000184,1,1,3000,16.515695683134453,True,OK,e2-vanilla-150c-01,2,2.3.5,/opt/anaconda3/bin/python3.13,1,10,21,600.0,2,150,stage_a,OK,{},0,False,False,0.047619047619047616
"{""SETP_ALNS_CRUSH_ADAPTIVE_Q"": ""1"", ""SETP_ALNS_CRUSH_LOCAL_SEARCH"": ""0"", ""SETP_ALNS_CRUSH_REPAIR_STRUCTURE_CACHE"": ""1"", ""SETP_ALNS_CRUSH_ROUTE_COST_CACHE"": ""1"", ""SETP_ALNS_CRUSH_ROUTE_ELIMINATION"": ""0"", ""SETP_ALNS_CRUSH_SA_ACCEPTANCE"": ""1"", ""SETP_ALNS_CRUSH_SA_MODE"": ""lns_cooling"", ""SETP_ALNS_CRUSH_SCAN_REBUILD"": ""1"", ""SETP_ALNS_CRUSH_SCAN_RESTART"": ""1"", ""SETP_ALNS_CRUSH_TIMING_LEDGER"": ""1"", ""SETP_ALNS_CRUSH_TRUE_ACCEPTANCE"": ""0"", ""SETP_ALNS_CRUSH_TRUE_REPAIR"": ""1""}",3000,alns_e2_throughput,6015.377586977482,vanilla,baselines/e2_alns/goeke80_multitrip_t3_preflight_data/stage_a/checkpoints/e2-vanilla-150c-01__alns_e2_throughput__seed2.json,True,fffb1ae661fefa096ee568e5cdf76ef297207a91,10,20,131.54472770899883,1,1,3000,22.805931125088893,True,OK,e2-vanilla-150c-01,2,2.3.5,/opt/anaconda3/bin/python3.13,1,10,21,600.0,2,150,stage_a,OK,"{""acceptance"": {""count"": 2980.0, ""seconds"": 0.0008694490425114054}, ""checkpoint_model_cost"": {""count"": 1.0, ""seconds"": 0.0003696669991768431}, ""destroy:random_customer_removal"": {""count"": 498.0, ""seconds"": 0.135365331054345}, ""destroy:route_segment_removal"": {""count"": 495.0, ""seconds"": 0.15092093696875963}, ""destroy:shaw_related_removal"": {""count"": 498.0, ""seconds"": 7.457000862985296}, ""destroy:vehicle_type_swap"": {""count"": 495.0, ""seconds"": 1.5377814079911332}, ""destroy:whole_route_removal"": {""count"": 496.0, ""seconds"": 0.14072658600343857}, ""destroy:worst_customer_removal"": {""count"": 498.0, ""seconds"": 0.16071579700292205}, ""final_check"": {""count"": 1.0, ""seconds"": 0.0004785839992109686}, ""full_candidate_score"": {""count"": 2980.0, ""seconds"": 2.709051343968895}, ""history_model_cost"": {""count"": 1.0, ""seconds"": 0.000443291002738988}, ""initial_reference_score"": {""count"": 1.0, ""seconds"": 0.0009456669977225829}, ""repair:greedy_insert_repair"": {""count"": 994.0, ""seconds"": 40.047466291947785}, ""repair:regret2_insert_repair"": {""count"": 993.0, ""seconds"": 41.504636053025024}, ""repair:regret3_insert_repair"": {""count"": 993.0, ""seconds"": 38.25403687605649}, ""repair_full_check"": {""count"": 5960.0, ""seconds"": 3.6991729008332186}, ""repair_solution_score"": {""count"": 693.0, ""seconds"": 0.2761594550029258}, ""route_model_cost"": {""count"": 182170.0, ""seconds"": 5.067938143212814}, ""scan_build"": {""count"": 20.0, ""seconds"": 0.036474042000918416}, ""scan_score"": {""count"": 20.0, ""seconds"": 0.016476416996738408}}",0,False,False,0.047619047619047616
{},3000,LNS,6015.377586977482,vanilla,baselines/e2_alns/goeke80_multitrip_t3_preflight_data/stage_a/checkpoints/e2-vanilla-150c-01__LNS__seed3.json,True,fffb1ae661fefa096ee568e5cdf76ef297207a91,10,20,181.31123245799972,1,1,3000,16.54613428704668,True,OK,e2-vanilla-150c-01,2,2.3.5,/opt/anaconda3/bin/python3.13,1,10,21,600.0,3,150,stage_a,OK,{},0,False,False,0.047619047619047616
"{""SETP_ALNS_CRUSH_ADAPTIVE_Q"": ""1"", ""SETP_ALNS_CRUSH_LOCAL_SEARCH"": ""0"", ""SETP_ALNS_CRUSH_REPAIR_STRUCTURE_CACHE"": ""1"", ""SETP_ALNS_CRUSH_ROUTE_COST_CACHE"": ""1"", ""SETP_ALNS_CRUSH_ROUTE_ELIMINATION"": ""0"", ""SETP_ALNS_CRUSH_SA_ACCEPTANCE"": ""1"", ""SETP_ALNS_CRUSH_SA_MODE"": ""lns_cooling"", ""SETP_ALNS_CRUSH_SCAN_REBUILD"": ""1"", ""SETP_ALNS_CRUSH_SCAN_RESTART"": ""1"", ""SETP_ALNS_CRUSH_TIMING_LEDGER"": ""1"", ""SETP_ALNS_CRUSH_TRUE_ACCEPTANCE"": ""0"", ""SETP_ALNS_CRUSH_TRUE_REPAIR"": ""1""}",3000,alns_e2_throughput,6015.377586977482,vanilla,baselines/e2_alns/goeke80_multitrip_t3_preflight_data/stage_a/checkpoints/e2-vanilla-150c-01__alns_e2_throughput__seed3.json,True,fffb1ae661fefa096ee568e5cdf76ef297207a91,10,20,134.92788412500158,1,1,3000,22.234099492886898,True,OK,e2-vanilla-150c-01,2,2.3.5,/opt/anaconda3/bin/python3.13,1,10,21,600.0,3,150,stage_a,OK,"{""acceptance"": {""count"": 2980.0, ""seconds"": 0.0009249807699234225}, ""checkpoint_model_cost"": {""count"": 1.0, ""seconds"": 0.00037420900116558187}, ""destroy:random_customer_removal"": {""count"": 498.0, ""seconds"": 0.1404447869899741}, ""destroy:route_segment_removal"": {""count"": 495.0, ""seconds"": 0.14623554898571456}, ""destroy:shaw_related_removal"": {""count"": 498.0, ""seconds"": 7.337492167011078}, ""destroy:vehicle_type_swap"": {""count"": 495.0, ""seconds"": 1.539404825969541}, ""destroy:whole_route_removal"": {""count"": 496.0, ""seconds"": 0.13556761499785352}, ""destroy:worst_customer_removal"": {""count"": 498.0, ""seconds"": 0.16520884200144792}, ""final_check"": {""count"": 1.0, ""seconds"": 0.0004916660000162665}, ""full_candidate_score"": {""count"": 2980.0, ""seconds"": 2.685454094054876}, ""history_model_cost"": {""count"": 1.0, ""seconds"": 0.000500458998430986}, ""initial_reference_score"": {""count"": 1.0, ""seconds"": 0.0009009579989651684}, ""repair:greedy_insert_repair"": {""count"": 994.0, ""seconds"": 40.01124528295986}, ""repair:regret2_insert_repair"": {""count"": 993.0, ""seconds"": 40.43531625597461}, ""repair:regret3_insert_repair"": {""count"": 993.0, ""seconds"": 42.88371078796263}, ""repair_full_check"": {""count"": 5960.0, ""seconds"": 3.623922823015164}, ""repair_solution_score"": {""count"": 704.0, ""seconds"": 0.2737820780057518}, ""route_model_cost"": {""count"": 189005.0, ""seconds"": 5.3722607687195705}, ""scan_build"": {""count"": 20.0, ""seconds"": 0.03514204200109816}, ""scan_score"": {""count"": 20.0, ""seconds"": 0.016426627003966132}}",0,False,False,0.047619047619047616
{},3000,LNS,674.4664581239373,vanilla,baselines/e2_alns/goeke80_multitrip_t3_preflight_data/stage_a/checkpoints/e2-vanilla-15c-01__LNS__seed1.json,True,fffb1ae661fefa096ee568e5cdf76ef297207a91,2,2,7.8333836250021704,0,0,3000,382.9762646150461,True,OK,e2-vanilla-15c-01,1,2.3.5,/opt/anaconda3/bin/python3.13,1,0,2,180.0,1,15,stage_a,OK,{},0,True,False,0.0
"{""SETP_ALNS_CRUSH_ADAPTIVE_Q"": ""1"", ""SETP_ALNS_CRUSH_LOCAL_SEARCH"": ""0"", ""SETP_ALNS_CRUSH_REPAIR_STRUCTURE_CACHE"": ""1"", ""SETP_ALNS_CRUSH_ROUTE_COST_CACHE"": ""1"", ""SETP_ALNS_CRUSH_ROUTE_ELIMINATION"": ""0"", ""SETP_ALNS_CRUSH_SA_ACCEPTANCE"": ""1"", ""SETP_ALNS_CRUSH_SA_MODE"": ""lns_cooling"", ""SETP_ALNS_CRUSH_SCAN_REBUILD"": ""1"", ""SETP_ALNS_CRUSH_SCAN_RESTART"": ""1"", ""SETP_ALNS_CRUSH_TIMING_LEDGER"": ""1"", ""SETP_ALNS_CRUSH_TRUE_ACCEPTANCE"": ""0"", ""SETP_ALNS_CRUSH_TRUE_REPAIR"": ""1""}",3000,alns_e2_throughput,680.7457684544366,vanilla,baselines/e2_alns/goeke80_multitrip_t3_preflight_data/stage_a/checkpoints/e2-vanilla-15c-01__alns_e2_throughput__seed1.json,True,fffb1ae661fefa096ee568e5cdf76ef297207a91,2,2,4.444346374999441,0,0,3000,675.0148946256191,True,OK,e2-vanilla-15c-01,1,2.3.5,/opt/anaconda3/bin/python3.13,1,0,2,180.0,1,15,stage_a,OK,"{""acceptance"": {""count"": 2980.0, ""seconds"": 0.0034182750423497055}, ""checkpoint_model_cost"": {""count"": 5.0, ""seconds"": 0.00021929099966655485}, ""destroy:random_customer_removal"": {""count"": 889.0, ""seconds"": 0.039163557019492146}, ""destroy:route_segment_removal"": {""count"": 42.0, ""seconds"": 0.0014747930072189774}, ""destroy:shaw_related_removal"": {""count"": 1923.0, ""seconds"": 0.21868392893884447}, ""destroy:vehicle_type_swap"": {""count"": 42.0, ""seconds"": 0.006888041014462942}, ""destroy:whole_route_removal"": {""count"": 42.0, ""seconds"": 0.003252795009757392}, ""destroy:worst_customer_removal"": {""count"": 42.0, ""seconds"": 0.0013635410141432658}, ""final_check"": {""count"": 1.0, ""seconds"": 4.408400127431378e-05}, ""full_candidate_score"": {""count"": 2980.0, ""seconds"": 0.3050406710281095}, ""history_model_cost"": {""count"": 5.0, ""seconds"": 0.00027891599893337116}, ""initial_reference_score"": {""count"": 1.0, ""seconds"": 0.00013133399988873862}, ""local_search"": {""count"": 264.0, ""seconds"": 0.0004195820074528456}, ""repair:greedy_insert_repair"": {""count"": 1965.0, ""seconds"": 1.4737179131116136}, ""repair:regret2_insert_repair"": {""count"": 84.0, ""seconds"": 0.07701624801484286}, ""repair:regret3_insert_repair"": {""count"": 931.0, ""seconds"": 0.9192459289333783}, ""repair_full_check"": {""count"": 3459.0, ""seconds"": 0.2086803118836542}, ""repair_solution_score"": {""count"": 6.0, ""seconds"": 0.0004715000031865202}, ""route_model_cost"": {""count"": 5313.0, ""seconds"": 0.1231968429274275}, ""scan_build"": {""count"": 20.0, ""seconds"": 0.00267404201804311}, ""scan_score"": {""count"": 20.0, ""seconds"": 0.002190039995184634}}",0,True,False,0.0
{},3000,LNS,671.289708617963,vanilla,baselines/e2_alns/goeke80_multitrip_t3_preflight_data/stage_a/checkpoints/e2-vanilla-15c-01__LNS__seed2.json,True,fffb1ae661fefa096ee568e5cdf76ef297207a91,2,2,7.911152000000584,0,0,3000,379.2115231763691,True,OK,e2-vanilla-15c-01,1,2.3.5,/opt/anaconda3/bin/python3.13,1,0,2,180.0,2,15,stage_a,OK,{},0,True,False,0.0
"{""SETP_ALNS_CRUSH_ADAPTIVE_Q"": ""1"", ""SETP_ALNS_CRUSH_LOCAL_SEARCH"": ""0"", ""SETP_ALNS_CRUSH_REPAIR_STRUCTURE_CACHE"": ""1"", ""SETP_ALNS_CRUSH_ROUTE_COST_CACHE"": ""1"", ""SETP_ALNS_CRUSH_ROUTE_ELIMINATION"": ""0"", ""SETP_ALNS_CRUSH_SA_ACCEPTANCE"": ""1"", ""SETP_ALNS_CRUSH_SA_MODE"": ""lns_cooling"", ""SETP_ALNS_CRUSH_SCAN_REBUILD"": ""1"", ""SETP_ALNS_CRUSH_SCAN_RESTART"": ""1"", ""SETP_ALNS_CRUSH_TIMING_LEDGER"": ""1"", ""SETP_ALNS_CRUSH_TRUE_ACCEPTANCE"": ""0"", ""SETP_ALNS_CRUSH_TRUE_REPAIR"": ""1""}",3000,alns_e2_throughput,659.4327717226815,vanilla,baselines/e2_alns/goeke80_multitrip_t3_preflight_data/stage_a/checkpoints/e2-vanilla-15c-01__alns_e2_throughput__seed2.json,True,fffb1ae661fefa096ee568e5cdf76ef297207a91,2,2,4.109643167001195,0,0,3000,729.9903855616493,True,OK,e2-vanilla-15c-01,1,2.3.5,/opt/anaconda3/bin/python3.13,1,0,2,180.0,2,15,stage_a,OK,"{""acceptance"": {""count"": 2981.0, ""seconds"": 0.000786411914305063}, ""checkpoint_model_cost"": {""count"": 6.0, ""seconds"": 0.0002668330016604159}, ""destroy:random_customer_removal"": {""count"": 1691.0, ""seconds"": 0.061738993957987987}, ""destroy:route_segment_removal"": {""count"": 258.0, ""seconds"": 0.008971963023213902}, ""destroy:shaw_related_removal"": {""count"": 258.0, ""seconds"": 0.029332085974601796}, ""destroy:vehicle_type_swap"": {""count"": 258.0, ""seconds"": 0.09427146200687275}, ""destroy:whole_route_removal"": {""count"": 258.0, ""seconds"": 0.007427087981341174}, ""destroy:worst_customer_removal"": {""count"": 258.0, ""seconds"": 0.009089581009902759}, ""final_check"": {""count"": 1.0, ""seconds"": 4.6667002607136965e-05}, ""full_candidate_score"": {""count"": 2981.0, ""seconds"": 0.29147257699878537}, ""history_model_cost"": {""count"": 6.0, ""seconds"": 0.0002891260010073893}, ""initial_reference_score"": {""count"": 1.0, ""seconds"": 0.00013958300041849725}, ""local_search"": {""count"": 6.0, ""seconds"": 9.70800465438515e-06}, ""repair:greedy_insert_repair"": {""count"": 517.0, ""seconds"": 0.4527429170520918}, ""repair:regret2_insert_repair"": {""count"": 517.0, ""seconds"": 0.4796040420042118}, ""repair:regret3_insert_repair"": {""count"": 1947.0, ""seconds"": 1.1912731718584837}, ""repair_full_check"": {""count"": 4573.0, ""seconds"": 0.2687436329651973}, ""repair_solution_score"": {""count"": 258.0, ""seconds"": 0.016755135977291502}, ""route_model_cost"": {""count"": 3997.0, ""seconds"": 0.08202586300831172}, ""scan_build"": {""count"": 19.0, ""seconds"": 0.002482167001289781}, ""scan_score"": {""count"": 19.0, ""seconds"": 0.001935583000886254}}",0,True,False,0.0
{},3000,LNS,674.4664581239373,vanilla,baselines/e2_alns/goeke80_multitrip_t3_preflight_data/stage_a/checkpoints/e2-vanilla-15c-01__LNS__seed3.json,True,fffb1ae661fefa096ee568e5cdf76ef297207a91,2,2,7.429388541997469,0,0,3000,403.8017372548695,True,OK,e2-vanilla-15c-01,1,2.3.5,/opt/anaconda3/bin/python3.13,1,0,2,180.0,3,15,stage_a,OK,{},0,True,False,0.0
"{""SETP_ALNS_CRUSH_ADAPTIVE_Q"": ""1"", ""SETP_ALNS_CRUSH_LOCAL_SEARCH"": ""0"", ""SETP_ALNS_CRUSH_REPAIR_STRUCTURE_CACHE"": ""1"", ""SETP_ALNS_CRUSH_ROUTE_COST_CACHE"": ""1"", ""SETP_ALNS_CRUSH_ROUTE_ELIMINATION"": ""0"", ""SETP_ALNS_CRUSH_SA_ACCEPTANCE"": ""1"", ""SETP_ALNS_CRUSH_SA_MODE"": ""lns_cooling"", ""SETP_ALNS_CRUSH_SCAN_REBUILD"": ""1"", ""SETP_ALNS_CRUSH_SCAN_RESTART"": ""1"", ""SETP_ALNS_CRUSH_TIMING_LEDGER"": ""1"", ""SETP_ALNS_CRUSH_TRUE_ACCEPTANCE"": ""0"", ""SETP_ALNS_CRUSH_TRUE_REPAIR"": ""1""}",3000,alns_e2_throughput,937.9362119582851,vanilla,baselines/e2_alns/goeke80_multitrip_t3_preflight_data/stage_a/checkpoints/e2-vanilla-15c-01__alns_e2_throughput__seed3.json,True,fffb1ae661fefa096ee568e5cdf76ef297207a91,2,3,4.502466707999702,0,0,3000,666.3014286523845,True,OK,e2-vanilla-15c-01,2,2.3.5,/opt/anaconda3/bin/python3.13,1,1,3,180.0,3,15,stage_a,OK,"{""acceptance"": {""count"": 2980.0, ""seconds"": 0.0007731770601822063}, ""checkpoint_model_cost"": {""count"": 1.0, ""seconds"": 4.929200076730922e-05}, ""destroy:random_customer_removal"": {""count"": 498.0, ""seconds"": 0.027105870947707444}, ""destroy:route_segment_removal"": {""count"": 495.0, ""seconds"": 0.02354258104605833}, ""destroy:shaw_related_removal"": {""count"": 498.0, ""seconds"": 0.056358701003773604}, ""destroy:vehicle_type_swap"": {""count"": 495.0, ""seconds"": 0.21074999799020588}, ""destroy:whole_route_removal"": {""count"": 496.0, ""seconds"": 0.013733670977671864}, ""destroy:worst_customer_removal"": {""count"": 498.0, ""seconds"": 0.021061323994217673}, ""final_check"": {""count"": 1.0, ""seconds"": 4.8542002332396805e-05}, ""full_candidate_score"": {""count"": 2980.0, ""seconds"": 0.3172605848994863}, ""history_model_cost"": {""count"": 1.0, ""seconds"": 7.03330006217584e-05}, ""initial_reference_score"": {""count"": 1.0, ""seconds"": 0.00013162499817553908}, ""repair:greedy_insert_repair"": {""count"": 994.0, ""seconds"": 0.7769385710380448}, ""repair:regret2_insert_repair"": {""count"": 993.0, ""seconds"": 0.8380690700505511}, ""repair:regret3_insert_repair"": {""count"": 993.0, ""seconds"": 0.8391051990474807}, ""repair_full_check"": {""count"": 5960.0, ""seconds"": 0.38909391087508993}, ""repair_solution_score"": {""count"": 495.0, ""seconds"": 0.037143552995985374}, ""route_model_cost"": {""count"": 2472.0, ""seconds"": 0.052610570899560116}, ""scan_build"": {""count"": 20.0, ""seconds"": 0.002583375997346593}, ""scan_score"": {""count"": 20.0, ""seconds"": 0.002007625993428519}}",0,True,False,0.0
{},3000,LNS,8714.98386087934,vanilla,baselines/e2_alns/goeke80_multitrip_t3_preflight_data/stage_a/checkpoints/e2-vanilla-200c-01__LNS__seed1.json,True,fffb1ae661fefa096ee568e5cdf76ef297207a91,14,28,282.10501091699916,1,1,3000,10.634337866769261,True,OK,e2-vanilla-200c-01,2,2.3.5,/opt/anaconda3/bin/python3.13,1,14,29,900.0,1,200,stage_a,OK,{},0,False,False,0.034482758620689655
"{""SETP_ALNS_CRUSH_ADAPTIVE_Q"": ""1"", ""SETP_ALNS_CRUSH_LOCAL_SEARCH"": ""0"", ""SETP_ALNS_CRUSH_REPAIR_STRUCTURE_CACHE"": ""1"", ""SETP_ALNS_CRUSH_ROUTE_COST_CACHE"": ""1"", ""SETP_ALNS_CRUSH_ROUTE_ELIMINATION"": ""0"", ""SETP_ALNS_CRUSH_SA_ACCEPTANCE"": ""1"", ""SETP_ALNS_CRUSH_SA_MODE"": ""lns_cooling"", ""SETP_ALNS_CRUSH_SCAN_REBUILD"": ""1"", ""SETP_ALNS_CRUSH_SCAN_RESTART"": ""1"", ""SETP_ALNS_CRUSH_TIMING_LEDGER"": ""1"", ""SETP_ALNS_CRUSH_TRUE_ACCEPTANCE"": ""0"", ""SETP_ALNS_CRUSH_TRUE_REPAIR"": ""1""}",3000,alns_e2_throughput,8714.98386087934,vanilla,baselines/e2_alns/goeke80_multitrip_t3_preflight_data/stage_a/checkpoints/e2-vanilla-200c-01__alns_e2_throughput__seed1.json,True,fffb1ae661fefa096ee568e5cdf76ef297207a91,14,28,261.8406449590002,1,1,3000,11.457350330273396,True,OK,e2-vanilla-200c-01,2,2.3.5,/opt/anaconda3/bin/python3.13,1,14,29,900.0,1,200,stage_a,OK,"{""acceptance"": {""count"": 2980.0, ""seconds"": 0.0009275102347601205}, ""checkpoint_model_cost"": {""count"": 1.0, ""seconds"": 0.0004967919994669501}, ""destroy:random_customer_removal"": {""count"": 498.0, ""seconds"": 0.19807278799271444}, ""destroy:route_segment_removal"": {""count"": 495.0, ""seconds"": 0.24210887801018544}, ""destroy:shaw_related_removal"": {""count"": 498.0, ""seconds"": 17.61535656099295}, ""destroy:vehicle_type_swap"": {""count"": 495.0, ""seconds"": 2.124694911970437}, ""destroy:whole_route_removal"": {""count"": 496.0, ""seconds"": 0.22342104402196128}, ""destroy:worst_customer_removal"": {""count"": 498.0, ""seconds"": 0.23364961700281128}, ""final_check"": {""count"": 1.0, ""seconds"": 0.000696708000759827}, ""full_candidate_score"": {""count"": 2980.0, ""seconds"": 3.694425121128006}, ""history_model_cost"": {""count"": 1.0, ""seconds"": 0.0006392080031218939}, ""initial_reference_score"": {""count"": 1.0, ""seconds"": 0.0012955000020156149}, ""repair:greedy_insert_repair"": {""count"": 994.0, ""seconds"": 76.73532508403878}, ""repair:regret2_insert_repair"": {""count"": 993.0, ""seconds"": 80.4735186400394}, ""repair:regret3_insert_repair"": {""count"": 993.0, ""seconds"": 81.44813299908128}, ""repair_full_check"": {""count"": 5960.0, ""seconds"": 5.247354072071175}, ""repair_solution_score"": {""count"": 625.0, ""seconds"": 0.31953858902852517}, ""route_model_cost"": {""count"": 289211.0, ""seconds"": 8.546505322647135}, ""scan_build"": {""count"": 20.0, ""seconds"": 0.05447929299043608}, ""scan_score"": {""count"": 20.0, ""seconds"": 0.023411541995301377}}",0,False,False,0.034482758620689655
{},3000,LNS,8714.98386087934,vanilla,baselines/e2_alns/goeke80_multitrip_t3_preflight_data/stage_a/checkpoints/e2-vanilla-200c-01__LNS__seed2.json,True,fffb1ae661fefa096ee568e5cdf76ef297207a91,14,28,282.0218867090007,1,1,3000,10.637472272127225,True,OK,e2-vanilla-200c-01,2,2.3.5,/opt/anaconda3/bin/python3.13,1,14,29,900.0,2,200,stage_a,OK,{},0,False,False,0.034482758620689655
"{""SETP_ALNS_CRUSH_ADAPTIVE_Q"": ""1"", ""SETP_ALNS_CRUSH_LOCAL_SEARCH"": ""0"", ""SETP_ALNS_CRUSH_REPAIR_STRUCTURE_CACHE"": ""1"", ""SETP_ALNS_CRUSH_ROUTE_COST_CACHE"": ""1"", ""SETP_ALNS_CRUSH_ROUTE_ELIMINATION"": ""0"", ""SETP_ALNS_CRUSH_SA_ACCEPTANCE"": ""1"", ""SETP_ALNS_CRUSH_SA_MODE"": ""lns_cooling"", ""SETP_ALNS_CRUSH_SCAN_REBUILD"": ""1"", ""SETP_ALNS_CRUSH_SCAN_RESTART"": ""1"", ""SETP_ALNS_CRUSH_TIMING_LEDGER"": ""1"", ""SETP_ALNS_CRUSH_TRUE_ACCEPTANCE"": ""0"", ""SETP_ALNS_CRUSH_TRUE_REPAIR"": ""1""}",3000,alns_e2_throughput,8714.98386087934,vanilla,baselines/e2_alns/goeke80_multitrip_t3_preflight_data/stage_a/checkpoints/e2-vanilla-200c-01__alns_e2_throughput__seed2.json,True,fffb1ae661fefa096ee568e5cdf76ef297207a91,14,28,265.7962435410009,1,1,3000,11.286841228579025,True,OK,e2-vanilla-200c-01,2,2.3.5,/opt/anaconda3/bin/python3.13,1,14,29,900.0,2,200,stage_a,OK,"{""acceptance"": {""count"": 2980.0, ""seconds"": 0.000933076018554857}, ""checkpoint_model_cost"": {""count"": 1.0, ""seconds"": 0.0004942919986206107}, ""destroy:random_customer_removal"": {""count"": 498.0, ""seconds"": 0.1914792510397092}, ""destroy:route_segment_removal"": {""count"": 495.0, ""seconds"": 0.2373813349622651}, ""destroy:shaw_related_removal"": {""count"": 498.0, ""seconds"": 17.8119132599968}, ""destroy:vehicle_type_swap"": {""count"": 495.0, ""seconds"": 2.137434994969226}, ""destroy:whole_route_removal"": {""count"": 496.0, ""seconds"": 0.219711088018812}, ""destroy:worst_customer_removal"": {""count"": 498.0, ""seconds"": 0.2323449149116641}, ""final_check"": {""count"": 1.0, ""seconds"": 0.0006877079977130052}, ""full_candidate_score"": {""count"": 2980.0, ""seconds"": 3.6651037779884064}, ""history_model_cost"": {""count"": 1.0, ""seconds"": 0.0006045419977454003}, ""initial_reference_score"": {""count"": 1.0, ""seconds"": 0.00125862500135554}, ""repair:greedy_insert_repair"": {""count"": 994.0, ""seconds"": 77.14526100491639}, ""repair:regret2_insert_repair"": {""count"": 993.0, ""seconds"": 86.74512979804058}, ""repair:regret3_insert_repair"": {""count"": 993.0, ""seconds"": 78.86903128604536}, ""repair_full_check"": {""count"": 5960.0, ""seconds"": 5.26857515903248}, ""repair_solution_score"": {""count"": 638.0, ""seconds"": 0.33132166002178565}, ""route_model_cost"": {""count"": 297014.0, ""seconds"": 8.882795631401677}, ""scan_build"": {""count"": 20.0, ""seconds"": 0.051804288996208925}, ""scan_score"": {""count"": 20.0, ""seconds"": 0.02306512600989663}}",0,False,False,0.034482758620689655
{},3000,LNS,8714.98386087934,vanilla,baselines/e2_alns/goeke80_multitrip_t3_preflight_data/stage_a/checkpoints/e2-vanilla-200c-01__LNS__seed3.json,True,fffb1ae661fefa096ee568e5cdf76ef297207a91,14,28,288.6136127919999,1,1,3000,10.39452010242518,True,OK,e2-vanilla-200c-01,2,2.3.5,/opt/anaconda3/bin/python3.13,1,14,29,900.0,3,200,stage_a,OK,{},0,False,False,0.034482758620689655
"{""SETP_ALNS_CRUSH_ADAPTIVE_Q"": ""1"", ""SETP_ALNS_CRUSH_LOCAL_SEARCH"": ""0"", ""SETP_ALNS_CRUSH_REPAIR_STRUCTURE_CACHE"": ""1"", ""SETP_ALNS_CRUSH_ROUTE_COST_CACHE"": ""1"", ""SETP_ALNS_CRUSH_ROUTE_ELIMINATION"": ""0"", ""SETP_ALNS_CRUSH_SA_ACCEPTANCE"": ""1"", ""SETP_ALNS_CRUSH_SA_MODE"": ""lns_cooling"", ""SETP_ALNS_CRUSH_SCAN_REBUILD"": ""1"", ""SETP_ALNS_CRUSH_SCAN_RESTART"": ""1"", ""SETP_ALNS_CRUSH_TIMING_LEDGER"": ""1"", ""SETP_ALNS_CRUSH_TRUE_ACCEPTANCE"": ""0"", ""SETP_ALNS_CRUSH_TRUE_REPAIR"": ""1""}",3000,alns_e2_throughput,8714.98386087934,vanilla,baselines/e2_alns/goeke80_multitrip_t3_preflight_data/stage_a/checkpoints/e2-vanilla-200c-01__alns_e2_throughput__seed3.json,True,fffb1ae661fefa096ee568e5cdf76ef297207a91,14,28,275.67260658300074,1,1,3000,10.882474095578106,True,OK,e2-vanilla-200c-01,2,2.3.5,/opt/anaconda3/bin/python3.13,1,14,29,900.0,3,200,stage_a,OK,"{""acceptance"": {""count"": 2980.0, ""seconds"": 0.0009363080644106958}, ""checkpoint_model_cost"": {""count"": 1.0, ""seconds"": 0.0004951670016453136}, ""destroy:random_customer_removal"": {""count"": 498.0, ""seconds"": 0.19310055400637793}, ""destroy:route_segment_removal"": {""count"": 495.0, ""seconds"": 0.24320703995908843}, ""destroy:shaw_related_removal"": {""count"": 498.0, ""seconds"": 17.71966848994998}, ""destroy:vehicle_type_swap"": {""count"": 495.0, ""seconds"": 2.1163583020279475}, ""destroy:whole_route_removal"": {""count"": 496.0, ""seconds"": 0.22685962298783124}, ""destroy:worst_customer_removal"": {""count"": 498.0, ""seconds"": 0.23204999101290014}, ""final_check"": {""count"": 1.0, ""seconds"": 0.0009727080032462254}, ""full_candidate_score"": {""count"": 2980.0, ""seconds"": 3.7106655870666145}, ""history_model_cost"": {""count"": 1.0, ""seconds"": 0.0005861659992660861}, ""initial_reference_score"": {""count"": 1.0, ""seconds"": 0.0012705419976555277}, ""repair:greedy_insert_repair"": {""count"": 994.0, ""seconds"": 81.1267555189479}, ""repair:regret2_insert_repair"": {""count"": 993.0, ""seconds"": 92.56291391097693}, ""repair:regret3_insert_repair"": {""count"": 993.0, ""seconds"": 78.94312536907455}, ""repair_full_check"": {""count"": 5960.0, ""seconds"": 5.169124224066763}, ""repair_solution_score"": {""count"": 632.0, ""seconds"": 0.32504508801866905}, ""route_model_cost"": {""count"": 295951.0, ""seconds"": 8.726165690412017}, ""scan_build"": {""count"": 20.0, ""seconds"": 0.052101835011853836}, ""scan_score"": {""count"": 20.0, ""seconds"": 0.023088250993168913}}",0,False,False,0.034482758620689655
{},3000,LNS,1155.0731809827587,vanilla,baselines/e2_alns/goeke80_multitrip_t3_preflight_data/stage_a/checkpoints/e2-vanilla-20c-01__LNS__seed1.json,True,fffb1ae661fefa096ee568e5cdf76ef297207a91,2,3,23.749279042000126,1,1,3000,126.3196240481473,True,OK,e2-vanilla-20c-01,2,2.3.5,/opt/anaconda3/bin/python3.13,1,1,4,180.0,1,20,stage_a,OK,{},0,False,False,0.25
"{""SETP_ALNS_CRUSH_ADAPTIVE_Q"": ""1"", ""SETP_ALNS_CRUSH_LOCAL_SEARCH"": ""0"", ""SETP_ALNS_CRUSH_REPAIR_STRUCTURE_CACHE"": ""1"", ""SETP_ALNS_CRUSH_ROUTE_COST_CACHE"": ""1"", ""SETP_ALNS_CRUSH_ROUTE_ELIMINATION"": ""0"", ""SETP_ALNS_CRUSH_SA_ACCEPTANCE"": ""1"", ""SETP_ALNS_CRUSH_SA_MODE"": ""lns_cooling"", ""SETP_ALNS_CRUSH_SCAN_REBUILD"": ""1"", ""SETP_ALNS_CRUSH_SCAN_RESTART"": ""1"", ""SETP_ALNS_CRUSH_TIMING_LEDGER"": ""1"", ""SETP_ALNS_CRUSH_TRUE_ACCEPTANCE"": ""0"", ""SETP_ALNS_CRUSH_TRUE_REPAIR"": ""1""}",3000,alns_e2_throughput,1155.0731809827587,vanilla,baselines/e2_alns/goeke80_multitrip_t3_preflight_data/stage_a/checkpoints/e2-vanilla-20c-01__alns_e2_throughput__seed1.json,True,fffb1ae661fefa096ee568e5cdf76ef297207a91,2,3,6.506021249999321,1,1,3000,461.1113128473586,True,OK,e2-vanilla-20c-01,2,2.3.5,/opt/anaconda3/bin/python3.13,1,1,4,180.0,1,20,stage_a,OK,"{""acceptance"": {""count"": 2980.0, ""seconds"": 0.0008532000501872972}, ""checkpoint_model_cost"": {""count"": 1.0, ""seconds"": 6.74580005579628e-05}, ""destroy:random_customer_removal"": {""count"": 498.0, ""seconds"": 0.035225285984779475}, ""destroy:route_segment_removal"": {""count"": 495.0, ""seconds"": 0.026975464934366755}, ""destroy:shaw_related_removal"": {""count"": 498.0, ""seconds"": 0.10929506805041456}, ""destroy:vehicle_type_swap"": {""count"": 495.0, ""seconds"": 0.1600727870427363}, ""destroy:whole_route_removal"": {""count"": 496.0, ""seconds"": 0.01863402900926303}, ""destroy:worst_customer_removal"": {""count"": 498.0, ""seconds"": 0.025300165954831755}, ""final_check"": {""count"": 1.0, ""seconds"": 9.28330009628553e-05}, ""full_candidate_score"": {""count"": 2980.0, ""seconds"": 0.536029615017469}, ""history_model_cost"": {""count"": 1.0, ""seconds"": 9.579200195730664e-05}, ""initial_reference_score"": {""count"": 1.0, ""seconds"": 0.00020787500034202822}, ""repair:greedy_insert_repair"": {""count"": 994.0, ""seconds"": 1.455583161983668}, ""repair:regret2_insert_repair"": {""count"": 993.0, ""seconds"": 1.4714307790673047}, ""repair:regret3_insert_repair"": {""count"": 993.0, ""seconds"": 1.4797847099980572}, ""repair_full_check"": {""count"": 5960.0, ""seconds"": 0.607565888971294}, ""repair_solution_score"": {""count"": 495.0, ""seconds"": 0.03561532796084066}, ""route_model_cost"": {""count"": 6330.0, ""seconds"": 0.1431137219478842}, ""scan_build"": {""count"": 20.0, ""seconds"": 0.004212501997244544}, ""scan_score"": {""count"": 20.0, ""seconds"": 0.0029955009958939627}}",0,False,False,0.25
{},3000,LNS,1155.0731809827587,vanilla,baselines/e2_alns/goeke80_multitrip_t3_preflight_data/stage_a/checkpoints/e2-vanilla-20c-01__LNS__seed2.json,True,fffb1ae661fefa096ee568e5cdf76ef297207a91,2,3,23.567325125000934,1,1,3000,127.29488748035766,True,OK,e2-vanilla-20c-01,2,2.3.5,/opt/anaconda3/bin/python3.13,1,1,4,180.0,2,20,stage_a,OK,{},0,False,False,0.25
"{""SETP_ALNS_CRUSH_ADAPTIVE_Q"": ""1"", ""SETP_ALNS_CRUSH_LOCAL_SEARCH"": ""0"", ""SETP_ALNS_CRUSH_REPAIR_STRUCTURE_CACHE"": ""1"", ""SETP_ALNS_CRUSH_ROUTE_COST_CACHE"": ""1"", ""SETP_ALNS_CRUSH_ROUTE_ELIMINATION"": ""0"", ""SETP_ALNS_CRUSH_SA_ACCEPTANCE"": ""1"", ""SETP_ALNS_CRUSH_SA_MODE"": ""lns_cooling"", ""SETP_ALNS_CRUSH_SCAN_REBUILD"": ""1"", ""SETP_ALNS_CRUSH_SCAN_RESTART"": ""1"", ""SETP_ALNS_CRUSH_TIMING_LEDGER"": ""1"", ""SETP_ALNS_CRUSH_TRUE_ACCEPTANCE"": ""0"", ""SETP_ALNS_CRUSH_TRUE_REPAIR"": ""1""}",3000,alns_e2_throughput,1155.0731809827587,vanilla,baselines/e2_alns/goeke80_multitrip_t3_preflight_data/stage_a/checkpoints/e2-vanilla-20c-01__alns_e2_throughput__seed2.json,True,fffb1ae661fefa096ee568e5cdf76ef297207a91,2,3,6.089691000001039,1,1,3000,492.63583324662744,True,OK,e2-vanilla-20c-01,2,2.3.5,/opt/anaconda3/bin/python3.13,1,1,4,180.0,2,20,stage_a,OK,"{""acceptance"": {""count"": 2980.0, ""seconds"": 0.0007920380776340608}, ""checkpoint_model_cost"": {""count"": 1.0, ""seconds"": 6.90829983795993e-05}, ""destroy:random_customer_removal"": {""count"": 498.0, ""seconds"": 0.03195841803244548}, ""destroy:route_segment_removal"": {""count"": 495.0, ""seconds"": 0.022932309064344736}, ""destroy:shaw_related_removal"": {""count"": 498.0, ""seconds"": 0.09988162403169554}, ""destroy:vehicle_type_swap"": {""count"": 495.0, ""seconds"": 0.14543704695825}, ""destroy:whole_route_removal"": {""count"": 496.0, ""seconds"": 0.017766452987416415}, ""destroy:worst_customer_removal"": {""count"": 498.0, ""seconds"": 0.02446582399716135}, ""final_check"": {""count"": 1.0, ""seconds"": 9.395799861522391e-05}, ""full_candidate_score"": {""count"": 2980.0, ""seconds"": 0.5152168480271939}, ""history_model_cost"": {""count"": 1.0, ""seconds"": 9.700000009615906e-05}, ""initial_reference_score"": {""count"": 1.0, ""seconds"": 0.00020429199867066927}, ""repair:greedy_insert_repair"": {""count"": 994.0, ""seconds"": 1.3619709789709304}, ""repair:regret2_insert_repair"": {""count"": 993.0, ""seconds"": 1.4329227459929825}, ""repair:regret3_insert_repair"": {""count"": 993.0, ""seconds"": 1.4065886211028555}, ""repair_full_check"": {""count"": 5960.0, ""seconds"": 0.5305115319606557}, ""repair_solution_score"": {""count"": 495.0, ""seconds"": 0.03047910505483742}, ""route_model_cost"": {""count"": 5763.0, ""seconds"": 0.15254366981389467}, ""scan_build"": {""count"": 20.0, ""seconds"": 0.0036021270061610267}, ""scan_score"": {""count"": 20.0, ""seconds"": 0.0024711270052648615}}",0,False,False,0.25
{},3000,LNS,1155.0731809827587,vanilla,baselines/e2_alns/goeke80_multitrip_t3_preflight_data/stage_a/checkpoints/e2-vanilla-20c-01__LNS__seed3.json,True,fffb1ae661fefa096ee568e5cdf76ef297207a91,2,3,23.97840012499728,1,1,3000,125.11260068900616,True,OK,e2-vanilla-20c-01,2,2.3.5,/opt/anaconda3/bin/python3.13,1,1,4,180.0,3,20,stage_a,OK,{},0,False,False,0.25
"{""SETP_ALNS_CRUSH_ADAPTIVE_Q"": ""1"", ""SETP_ALNS_CRUSH_LOCAL_SEARCH"": ""0"", ""SETP_ALNS_CRUSH_REPAIR_STRUCTURE_CACHE"": ""1"", ""SETP_ALNS_CRUSH_ROUTE_COST_CACHE"": ""1"", ""SETP_ALNS_CRUSH_ROUTE_ELIMINATION"": ""0"", ""SETP_ALNS_CRUSH_SA_ACCEPTANCE"": ""1"", ""SETP_ALNS_CRUSH_SA_MODE"": ""lns_cooling"", ""SETP_ALNS_CRUSH_SCAN_REBUILD"": ""1"", ""SETP_ALNS_CRUSH_SCAN_RESTART"": ""1"", ""SETP_ALNS_CRUSH_TIMING_LEDGER"": ""1"", ""SETP_ALNS_CRUSH_TRUE_ACCEPTANCE"": ""0"", ""SETP_ALNS_CRUSH_TRUE_REPAIR"": ""1""}",3000,alns_e2_throughput,1155.0731809827587,vanilla,baselines/e2_alns/goeke80_multitrip_t3_preflight_data/stage_a/checkpoints/e2-vanilla-20c-01__alns_e2_throughput__seed3.json,True,fffb1ae661fefa096ee568e5cdf76ef297207a91,2,3,6.210293291998823,1,1,3000,483.0689725822,True,OK,e2-vanilla-20c-01,2,2.3.5,/opt/anaconda3/bin/python3.13,1,1,4,180.0,3,20,stage_a,OK,"{""acceptance"": {""count"": 2980.0, ""seconds"": 0.0007800600396876689}, ""checkpoint_model_cost"": {""count"": 1.0, ""seconds"": 6.870899960631505e-05}, ""destroy:random_customer_removal"": {""count"": 498.0, ""seconds"": 0.03193970298889326}, ""destroy:route_segment_removal"": {""count"": 495.0, ""seconds"": 0.023474157016607933}, ""destroy:shaw_related_removal"": {""count"": 498.0, ""seconds"": 0.09744538300219574}, ""destroy:vehicle_type_swap"": {""count"": 495.0, ""seconds"": 0.14751486106251832}, ""destroy:whole_route_removal"": {""count"": 496.0, ""seconds"": 0.018028115984634496}, ""destroy:worst_customer_removal"": {""count"": 498.0, ""seconds"": 0.024649593975482276}, ""final_check"": {""count"": 1.0, ""seconds"": 9.712500104797073e-05}, ""full_candidate_score"": {""count"": 2980.0, ""seconds"": 0.5131586770148715}, ""history_model_cost"": {""count"": 1.0, ""seconds"": 0.00010216599912382662}, ""initial_reference_score"": {""count"": 1.0, ""seconds"": 0.000206208998861257}, ""repair:greedy_insert_repair"": {""count"": 994.0, ""seconds"": 1.410911239010602}, ""repair:regret2_insert_repair"": {""count"": 993.0, ""seconds"": 1.3752740829986578}, ""repair:regret3_insert_repair"": {""count"": 993.0, ""seconds"": 1.3877609889750602}, ""repair_full_check"": {""count"": 5960.0, ""seconds"": 0.5345547099459509}, ""repair_solution_score"": {""count"": 495.0, ""seconds"": 0.031245679059793474}, ""route_model_cost"": {""count"": 5933.0, ""seconds"": 0.1377258521897602}, ""scan_build"": {""count"": 20.0, ""seconds"": 0.0038806640077382326}, ""scan_score"": {""count"": 20.0, ""seconds"": 0.002843333986675134}}",0,False,False,0.25
{},3000,LNS,887.3747488211219,vanilla,baselines/e2_alns/goeke80_multitrip_t3_preflight_data/stage_a/checkpoints/e2-vanilla-25c-01__LNS__seed1.json,True,fffb1ae661fefa096ee568e5cdf76ef297207a91,2,3,35.26052820800032,1,1,3000,85.0809716264921,True,OK,e2-vanilla-25c-01,2,2.3.5,/opt/anaconda3/bin/python3.13,1,1,4,180.0,1,25,stage_a,OK,{},0,False,False,0.25
"{""SETP_ALNS_CRUSH_ADAPTIVE_Q"": ""1"", ""SETP_ALNS_CRUSH_LOCAL_SEARCH"": ""0"", ""SETP_ALNS_CRUSH_REPAIR_STRUCTURE_CACHE"": ""1"", ""SETP_ALNS_CRUSH_ROUTE_COST_CACHE"": ""1"", ""SETP_ALNS_CRUSH_ROUTE_ELIMINATION"": ""0"", ""SETP_ALNS_CRUSH_SA_ACCEPTANCE"": ""1"", ""SETP_ALNS_CRUSH_SA_MODE"": ""lns_cooling"", ""SETP_ALNS_CRUSH_SCAN_REBUILD"": ""1"", ""SETP_ALNS_CRUSH_SCAN_RESTART"": ""1"", ""SETP_ALNS_CRUSH_TIMING_LEDGER"": ""1"", ""SETP_ALNS_CRUSH_TRUE_ACCEPTANCE"": ""0"", ""SETP_ALNS_CRUSH_TRUE_REPAIR"": ""1""}",3000,alns_e2_throughput,887.3747488211219,vanilla,baselines/e2_alns/goeke80_multitrip_t3_preflight_data/stage_a/checkpoints/e2-vanilla-25c-01__alns_e2_throughput__seed1.json,True,fffb1ae661fefa096ee568e5cdf76ef297207a91,2,3,8.37537712500125,1,1,3000,358.1928258543405,True,OK,e2-vanilla-25c-01,2,2.3.5,/opt/anaconda3/bin/python3.13,1,1,4,180.0,1,25,stage_a,OK,"{""acceptance"": {""count"": 2980.0, ""seconds"": 0.0008405748958466575}, ""checkpoint_model_cost"": {""count"": 1.0, ""seconds"": 7.60830007493496e-05}, ""destroy:random_customer_removal"": {""count"": 498.0, ""seconds"": 0.03514075396742555}, ""destroy:route_segment_removal"": {""count"": 495.0, ""seconds"": 0.024872339014109457}, ""destroy:shaw_related_removal"": {""count"": 498.0, ""seconds"": 0.13592292399698636}, ""destroy:vehicle_type_swap"": {""count"": 495.0, ""seconds"": 0.46161819802364334}, ""destroy:whole_route_removal"": {""count"": 496.0, ""seconds"": 0.019794985033513512}, ""destroy:worst_customer_removal"": {""count"": 498.0, ""seconds"": 0.028921837041707477}, ""final_check"": {""count"": 1.0, ""seconds"": 0.00010891700003412552}, ""full_candidate_score"": {""count"": 2980.0, ""seconds"": 0.5990880559729703}, ""history_model_cost"": {""count"": 1.0, ""seconds"": 0.00010795799971674569}, ""initial_reference_score"": {""count"": 1.0, ""seconds"": 0.0002210000020568259}, ""repair:greedy_insert_repair"": {""count"": 994.0, ""seconds"": 1.963452454045182}, ""repair:regret2_insert_repair"": {""count"": 993.0, ""seconds"": 2.028869619134639}, ""repair:regret3_insert_repair"": {""count"": 993.0, ""seconds"": 2.0482694300189905}, ""repair_full_check"": {""count"": 5960.0, ""seconds"": 0.6316060540011676}, ""repair_solution_score"": {""count"": 990.0, ""seconds"": 0.08177421902291826}, ""route_model_cost"": {""count"": 10132.0, ""seconds"": 0.26175877097193734}, ""scan_build"": {""count"": 20.0, ""seconds"": 0.00586004400611273}, ""scan_score"": {""count"": 20.0, ""seconds"": 0.0033528759922774043}}",0,False,False,0.25
{},3000,LNS,887.3747488211219,vanilla,baselines/e2_alns/goeke80_multitrip_t3_preflight_data/stage_a/checkpoints/e2-vanilla-25c-01__LNS__seed2.json,True,fffb1ae661fefa096ee568e5cdf76ef297207a91,2,3,35.298140584000066,1,1,3000,84.99031253107535,True,OK,e2-vanilla-25c-01,2,2.3.5,/opt/anaconda3/bin/python3.13,1,1,4,180.0,2,25,stage_a,OK,{},0,False,False,0.25
"{""SETP_ALNS_CRUSH_ADAPTIVE_Q"": ""1"", ""SETP_ALNS_CRUSH_LOCAL_SEARCH"": ""0"", ""SETP_ALNS_CRUSH_REPAIR_STRUCTURE_CACHE"": ""1"", ""SETP_ALNS_CRUSH_ROUTE_COST_CACHE"": ""1"", ""SETP_ALNS_CRUSH_ROUTE_ELIMINATION"": ""0"", ""SETP_ALNS_CRUSH_SA_ACCEPTANCE"": ""1"", ""SETP_ALNS_CRUSH_SA_MODE"": ""lns_cooling"", ""SETP_ALNS_CRUSH_SCAN_REBUILD"": ""1"", ""SETP_ALNS_CRUSH_SCAN_RESTART"": ""1"", ""SETP_ALNS_CRUSH_TIMING_LEDGER"": ""1"", ""SETP_ALNS_CRUSH_TRUE_ACCEPTANCE"": ""0"", ""SETP_ALNS_CRUSH_TRUE_REPAIR"": ""1""}",3000,alns_e2_throughput,887.3747488211219,vanilla,baselines/e2_alns/goeke80_multitrip_t3_preflight_data/stage_a/checkpoints/e2-vanilla-25c-01__alns_e2_throughput__seed2.json,True,fffb1ae661fefa096ee568e5cdf76ef297207a91,2,3,8.148866999999882,1,1,3000,368.14933904308947,True,OK,e2-vanilla-25c-01,2,2.3.5,/opt/anaconda3/bin/python3.13,1,1,4,180.0,2,25,stage_a,OK,"{""acceptance"": {""count"": 2980.0, ""seconds"": 0.000836776049254695}, ""checkpoint_model_cost"": {""count"": 1.0, ""seconds"": 7.866700252634473e-05}, ""destroy:random_customer_removal"": {""count"": 498.0, ""seconds"": 0.03579622500546975}, ""destroy:route_segment_removal"": {""count"": 495.0, ""seconds"": 0.02510442303173477}, ""destroy:shaw_related_removal"": {""count"": 498.0, ""seconds"": 0.13247412100463407}, ""destroy:vehicle_type_swap"": {""count"": 495.0, ""seconds"": 0.4426655050228874}, ""destroy:whole_route_removal"": {""count"": 496.0, ""seconds"": 0.019219791032810463}, ""destroy:worst_customer_removal"": {""count"": 498.0, ""seconds"": 0.027947372971539153}, ""final_check"": {""count"": 1.0, ""seconds"": 0.00010279100024490617}, ""full_candidate_score"": {""count"": 2980.0, ""seconds"": 0.5744364678866987}, ""history_model_cost"": {""count"": 1.0, ""seconds"": 0.00019662499835249037}, ""initial_reference_score"": {""count"": 1.0, ""seconds"": 0.0002168749997508712}, ""repair:greedy_insert_repair"": {""count"": 994.0, ""seconds"": 1.8867935091184336}, ""repair:regret2_insert_repair"": {""count"": 993.0, ""seconds"": 2.052235797029425}, ""repair:regret3_insert_repair"": {""count"": 993.0, ""seconds"": 1.9215637590023107}, ""repair_full_check"": {""count"": 5960.0, ""seconds"": 0.6200085069831403}, ""repair_solution_score"": {""count"": 990.0, ""seconds"": 0.08029208596781245}, ""route_model_cost"": {""count"": 10427.0, ""seconds"": 0.26223839903832413}, ""scan_build"": {""count"": 20.0, ""seconds"": 0.005391918999521295}, ""scan_score"": {""count"": 20.0, ""seconds"": 0.003514582000207156}}",0,False,False,0.25
{},3000,LNS,887.3747488211219,vanilla,baselines/e2_alns/goeke80_multitrip_t3_preflight_data/stage_a/checkpoints/e2-vanilla-25c-01__LNS__seed3.json,True,fffb1ae661fefa096ee568e5cdf76ef297207a91,2,3,36.253944459000195,1,1,3000,82.74961648359997,True,OK,e2-vanilla-25c-01,2,2.3.5,/opt/anaconda3/bin/python3.13,1,1,4,180.0,3,25,stage_a,OK,{},0,False,False,0.25
"{""SETP_ALNS_CRUSH_ADAPTIVE_Q"": ""1"", ""SETP_ALNS_CRUSH_LOCAL_SEARCH"": ""0"", ""SETP_ALNS_CRUSH_REPAIR_STRUCTURE_CACHE"": ""1"", ""SETP_ALNS_CRUSH_ROUTE_COST_CACHE"": ""1"", ""SETP_ALNS_CRUSH_ROUTE_ELIMINATION"": ""0"", ""SETP_ALNS_CRUSH_SA_ACCEPTANCE"": ""1"", ""SETP_ALNS_CRUSH_SA_MODE"": ""lns_cooling"", ""SETP_ALNS_CRUSH_SCAN_REBUILD"": ""1"", ""SETP_ALNS_CRUSH_SCAN_RESTART"": ""1"", ""SETP_ALNS_CRUSH_TIMING_LEDGER"": ""1"", ""SETP_ALNS_CRUSH_TRUE_ACCEPTANCE"": ""0"", ""SETP_ALNS_CRUSH_TRUE_REPAIR"": ""1""}",3000,alns_e2_throughput,887.3747488211219,vanilla,baselines/e2_alns/goeke80_multitrip_t3_preflight_data/stage_a/checkpoints/e2-vanilla-25c-01__alns_e2_throughput__seed3.json,True,fffb1ae661fefa096ee568e5cdf76ef297207a91,2,3,8.310344708999764,1,1,3000,360.9958557737229,True,OK,e2-vanilla-25c-01,2,2.3.5,/opt/anaconda3/bin/python3.13,1,1,4,180.0,3,25,stage_a,OK,"{""acceptance"": {""count"": 2980.0, ""seconds"": 0.0007940789837448392}, ""checkpoint_model_cost"": {""count"": 1.0, ""seconds"": 7.683299918426201e-05}, ""destroy:random_customer_removal"": {""count"": 498.0, ""seconds"": 0.03350221000073361}, ""destroy:route_segment_removal"": {""count"": 495.0, ""seconds"": 0.024156747000233736}, ""destroy:shaw_related_removal"": {""count"": 498.0, ""seconds"": 0.13320857796861674}, ""destroy:vehicle_type_swap"": {""count"": 495.0, ""seconds"": 0.4351280849696195}, ""destroy:whole_route_removal"": {""count"": 496.0, ""seconds"": 0.019581629981985316}, ""destroy:worst_customer_removal"": {""count"": 498.0, ""seconds"": 0.027181573990674224}, ""final_check"": {""count"": 1.0, ""seconds"": 0.00010124999971594661}, ""full_candidate_score"": {""count"": 2980.0, ""seconds"": 0.5623774890191271}, ""history_model_cost"": {""count"": 1.0, ""seconds"": 0.0001067080011125654}, ""initial_reference_score"": {""count"": 1.0, ""seconds"": 0.00023129200053517707}, ""repair:greedy_insert_repair"": {""count"": 994.0, ""seconds"": 1.970824536991131}, ""repair:regret2_insert_repair"": {""count"": 993.0, ""seconds"": 2.0223633681453066}, ""repair:regret3_insert_repair"": {""count"": 993.0, ""seconds"": 2.0126999609419727}, ""repair_full_check"": {""count"": 5960.0, ""seconds"": 0.6174758268753067}, ""repair_solution_score"": {""count"": 990.0, ""seconds"": 0.07980637198852492}, ""route_model_cost"": {""count"": 10672.0, ""seconds"": 0.2730178588972194}, ""scan_build"": {""count"": 20.0, ""seconds"": 0.004768290993524715}, ""scan_score"": {""count"": 20.0, ""seconds"": 0.0030783760048507247}}",0,False,False,0.25
{},3000,LNS,2320.739433561989,vanilla,baselines/e2_alns/goeke80_multitrip_t3_preflight_data/stage_a/checkpoints/e2-vanilla-50c-01__LNS__seed1.json,True,fffb1ae661fefa096ee568e5cdf76ef297207a91,4,7,53.987056375000975,1,1,3000,55.56887523486403,True,OK,e2-vanilla-50c-01,2,2.3.5,/opt/anaconda3/bin/python3.13,1,3,8,240.0,1,50,stage_a,OK,{},0,False,False,0.125
"{""SETP_ALNS_CRUSH_ADAPTIVE_Q"": ""1"", ""SETP_ALNS_CRUSH_LOCAL_SEARCH"": ""0"", ""SETP_ALNS_CRUSH_REPAIR_STRUCTURE_CACHE"": ""1"", ""SETP_ALNS_CRUSH_ROUTE_COST_CACHE"": ""1"", ""SETP_ALNS_CRUSH_ROUTE_ELIMINATION"": ""0"", ""SETP_ALNS_CRUSH_SA_ACCEPTANCE"": ""1"", ""SETP_ALNS_CRUSH_SA_MODE"": ""lns_cooling"", ""SETP_ALNS_CRUSH_SCAN_REBUILD"": ""1"", ""SETP_ALNS_CRUSH_SCAN_RESTART"": ""1"", ""SETP_ALNS_CRUSH_TIMING_LEDGER"": ""1"", ""SETP_ALNS_CRUSH_TRUE_ACCEPTANCE"": ""0"", ""SETP_ALNS_CRUSH_TRUE_REPAIR"": ""1""}",3000,alns_e2_throughput,2320.739433561989,vanilla,baselines/e2_alns/goeke80_multitrip_t3_preflight_data/stage_a/checkpoints/e2-vanilla-50c-01__alns_e2_throughput__seed1.json,True,fffb1ae661fefa096ee568e5cdf76ef297207a91,4,7,18.358056000000943,1,1,3000,163.41599568058,True,OK,e2-vanilla-50c-01,2,2.3.5,/opt/anaconda3/bin/python3.13,1,3,8,240.0,1,50,stage_a,OK,"{""acceptance"": {""count"": 2980.0, ""seconds"": 0.0008268650162790436}, ""checkpoint_model_cost"": {""count"": 1.0, ""seconds"": 0.00013979199866298586}, ""destroy:random_customer_removal"": {""count"": 498.0, ""seconds"": 0.05866608400901896}, ""destroy:route_segment_removal"": {""count"": 495.0, ""seconds"": 0.045868290962971514}, ""destroy:shaw_related_removal"": {""count"": 498.0, ""seconds"": 0.5583197940104583}, ""destroy:vehicle_type_swap"": {""count"": 495.0, ""seconds"": 0.6327915039837535}, ""destroy:whole_route_removal"": {""count"": 496.0, ""seconds"": 0.037791045040648896}, ""destroy:worst_customer_removal"": {""count"": 498.0, ""seconds"": 0.05310380400260328}, ""final_check"": {""count"": 1.0, ""seconds"": 0.0002199160007876344}, ""full_candidate_score"": {""count"": 2980.0, ""seconds"": 1.0085670270200353}, ""history_model_cost"": {""count"": 1.0, ""seconds"": 0.00019616700228652917}, ""initial_reference_score"": {""count"": 1.0, ""seconds"": 0.000362082999345148}, ""repair:greedy_insert_repair"": {""count"": 994.0, ""seconds"": 5.054464785011078}, ""repair:regret2_insert_repair"": {""count"": 993.0, ""seconds"": 5.128160415999446}, ""repair:regret3_insert_repair"": {""count"": 993.0, ""seconds"": 4.769122607020108}, ""repair_full_check"": {""count"": 5960.0, ""seconds"": 1.1374634000094375}, ""repair_solution_score"": {""count"": 990.0, ""seconds"": 0.1479397911207343}, ""route_model_cost"": {""count"": 29642.0, ""seconds"": 0.7655432537867455}, ""scan_build"": {""count"": 20.0, ""seconds"": 0.009739790999446996}, ""scan_score"": {""count"": 20.0, ""seconds"": 0.0057605390102253295}}",0,False,False,0.125
{},3000,LNS,2320.739433561989,vanilla,baselines/e2_alns/goeke80_multitrip_t3_preflight_data/stage_a/checkpoints/e2-vanilla-50c-01__LNS__seed2.json,True,fffb1ae661fefa096ee568e5cdf76ef297207a91,4,7,54.01676516700172,1,1,3000,55.53831279464822,True,OK,e2-vanilla-50c-01,2,2.3.5,/opt/anaconda3/bin/python3.13,1,3,8,240.0,2,50,stage_a,OK,{},0,False,False,0.125
"{""SETP_ALNS_CRUSH_ADAPTIVE_Q"": ""1"", ""SETP_ALNS_CRUSH_LOCAL_SEARCH"": ""0"", ""SETP_ALNS_CRUSH_REPAIR_STRUCTURE_CACHE"": ""1"", ""SETP_ALNS_CRUSH_ROUTE_COST_CACHE"": ""1"", ""SETP_ALNS_CRUSH_ROUTE_ELIMINATION"": ""0"", ""SETP_ALNS_CRUSH_SA_ACCEPTANCE"": ""1"", ""SETP_ALNS_CRUSH_SA_MODE"": ""lns_cooling"", ""SETP_ALNS_CRUSH_SCAN_REBUILD"": ""1"", ""SETP_ALNS_CRUSH_SCAN_RESTART"": ""1"", ""SETP_ALNS_CRUSH_TIMING_LEDGER"": ""1"", ""SETP_ALNS_CRUSH_TRUE_ACCEPTANCE"": ""0"", ""SETP_ALNS_CRUSH_TRUE_REPAIR"": ""1""}",3000,alns_e2_throughput,2320.739433561989,vanilla,baselines/e2_alns/goeke80_multitrip_t3_preflight_data/stage_a/checkpoints/e2-vanilla-50c-01__alns_e2_throughput__seed2.json,True,fffb1ae661fefa096ee568e5cdf76ef297207a91,4,7,18.51364304099843,1,1,3000,162.0426619091934,True,OK,e2-vanilla-50c-01,2,2.3.5,/opt/anaconda3/bin/python3.13,1,3,8,240.0,2,50,stage_a,OK,"{""acceptance"": {""count"": 2980.0, ""seconds"": 0.0008589189201302361}, ""checkpoint_model_cost"": {""count"": 1.0, ""seconds"": 0.00013875000149710104}, ""destroy:random_customer_removal"": {""count"": 498.0, ""seconds"": 0.05441477397835115}, ""destroy:route_segment_removal"": {""count"": 495.0, ""seconds"": 0.04438649998337496}, ""destroy:shaw_related_removal"": {""count"": 498.0, ""seconds"": 0.5699134040442004}, ""destroy:vehicle_type_swap"": {""count"": 495.0, ""seconds"": 0.6289391239406541}, ""destroy:whole_route_removal"": {""count"": 496.0, ""seconds"": 0.03798837089925655}, ""destroy:worst_customer_removal"": {""count"": 498.0, ""seconds"": 0.04975379698589677}, ""final_check"": {""count"": 1.0, ""seconds"": 0.00018870799976866692}, ""full_candidate_score"": {""count"": 2980.0, ""seconds"": 1.0137926150928251}, ""history_model_cost"": {""count"": 1.0, ""seconds"": 0.00017337499957648106}, ""initial_reference_score"": {""count"": 1.0, ""seconds"": 0.00035770799877354875}, ""repair:greedy_insert_repair"": {""count"": 994.0, ""seconds"": 5.2533989931725955}, ""repair:regret2_insert_repair"": {""count"": 993.0, ""seconds"": 4.9138887919907575}, ""repair:regret3_insert_repair"": {""count"": 993.0, ""seconds"": 5.1450855300427065}, ""repair_full_check"": {""count"": 5960.0, ""seconds"": 1.146040537085355}, ""repair_solution_score"": {""count"": 990.0, ""seconds"": 0.14340941689079045}, ""route_model_cost"": {""count"": 31671.0, ""seconds"": 0.8332371896940458}, ""scan_build"": {""count"": 20.0, ""seconds"": 0.009504668003501138}, ""scan_score"": {""count"": 20.0, ""seconds"": 0.005744292000599671}}",0,False,False,0.125
{},3000,LNS,2320.739433561989,vanilla,baselines/e2_alns/goeke80_multitrip_t3_preflight_data/stage_a/checkpoints/e2-vanilla-50c-01__LNS__seed3.json,True,fffb1ae661fefa096ee568e5cdf76ef297207a91,4,7,52.9998809159988,1,1,3000,56.603900766395974,True,OK,e2-vanilla-50c-01,2,2.3.5,/opt/anaconda3/bin/python3.13,1,3,8,240.0,3,50,stage_a,OK,{},0,False,False,0.125
"{""SETP_ALNS_CRUSH_ADAPTIVE_Q"": ""1"", ""SETP_ALNS_CRUSH_LOCAL_SEARCH"": ""0"", ""SETP_ALNS_CRUSH_REPAIR_STRUCTURE_CACHE"": ""1"", ""SETP_ALNS_CRUSH_ROUTE_COST_CACHE"": ""1"", ""SETP_ALNS_CRUSH_ROUTE_ELIMINATION"": ""0"", ""SETP_ALNS_CRUSH_SA_ACCEPTANCE"": ""1"", ""SETP_ALNS_CRUSH_SA_MODE"": ""lns_cooling"", ""SETP_ALNS_CRUSH_SCAN_REBUILD"": ""1"", ""SETP_ALNS_CRUSH_SCAN_RESTART"": ""1"", ""SETP_ALNS_CRUSH_TIMING_LEDGER"": ""1"", ""SETP_ALNS_CRUSH_TRUE_ACCEPTANCE"": ""0"", ""SETP_ALNS_CRUSH_TRUE_REPAIR"": ""1""}",3000,alns_e2_throughput,2320.739433561989,vanilla,baselines/e2_alns/goeke80_multitrip_t3_preflight_data/stage_a/checkpoints/e2-vanilla-50c-01__alns_e2_throughput__seed3.json,True,fffb1ae661fefa096ee568e5cdf76ef297207a91,4,7,17.550181749997137,1,1,3000,170.9384006806932,True,OK,e2-vanilla-50c-01,2,2.3.5,/opt/anaconda3/bin/python3.13,1,3,8,240.0,3,50,stage_a,OK,"{""acceptance"": {""count"": 2980.0, ""seconds"": 0.0008399880643992219}, ""checkpoint_model_cost"": {""count"": 1.0, ""seconds"": 0.00013712500003748573}, ""destroy:random_customer_removal"": {""count"": 498.0, ""seconds"": 0.05350654793801368}, ""destroy:route_segment_removal"": {""count"": 495.0, ""seconds"": 0.04457242102580494}, ""destroy:shaw_related_removal"": {""count"": 498.0, ""seconds"": 0.550185041007353}, ""destroy:vehicle_type_swap"": {""count"": 495.0, ""seconds"": 0.6188835489665507}, ""destroy:whole_route_removal"": {""count"": 496.0, ""seconds"": 0.037759111964987824}, ""destroy:worst_customer_removal"": {""count"": 498.0, ""seconds"": 0.049588321009650826}, ""final_check"": {""count"": 1.0, ""seconds"": 0.0001772499999788124}, ""full_candidate_score"": {""count"": 2980.0, ""seconds"": 0.9800967569208296}, ""history_model_cost"": {""count"": 1.0, ""seconds"": 0.00019904200235032476}, ""initial_reference_score"": {""count"": 1.0, ""seconds"": 0.0003681249982037116}, ""repair:greedy_insert_repair"": {""count"": 994.0, ""seconds"": 4.724319724911766}, ""repair:regret2_insert_repair"": {""count"": 993.0, ""seconds"": 4.917560356007016}, ""repair:regret3_insert_repair"": {""count"": 993.0, ""seconds"": 4.681734640998911}, ""repair_full_check"": {""count"": 5960.0, ""seconds"": 1.1135642210756487}, ""repair_solution_score"": {""count"": 990.0, ""seconds"": 0.13916733389851288}, ""route_model_cost"": {""count"": 28471.0, ""seconds"": 0.7128417589774472}, ""scan_build"": {""count"": 20.0, ""seconds"": 0.00967350100108888}, ""scan_score"": {""count"": 20.0, ""seconds"": 0.00543283499791869}}",0,False,False,0.125
{},3000,LNS,3817.814283649194,vanilla,baselines/e2_alns/goeke80_multitrip_t3_preflight_data/stage_a/checkpoints/e2-vanilla-75c-01__LNS__seed1.json,True,fffb1ae661fefa096ee568e5cdf76ef297207a91,6,11,79.5493467089982,1,1,3000,37.71244044246382,True,OK,e2-vanilla-75c-01,2,2.3.5,/opt/anaconda3/bin/python3.13,1,5,12,240.0,1,75,stage_a,OK,{},0,False,False,0.08333333333333333
"{""SETP_ALNS_CRUSH_ADAPTIVE_Q"": ""1"", ""SETP_ALNS_CRUSH_LOCAL_SEARCH"": ""0"", ""SETP_ALNS_CRUSH_REPAIR_STRUCTURE_CACHE"": ""1"", ""SETP_ALNS_CRUSH_ROUTE_COST_CACHE"": ""1"", ""SETP_ALNS_CRUSH_ROUTE_ELIMINATION"": ""0"", ""SETP_ALNS_CRUSH_SA_ACCEPTANCE"": ""1"", ""SETP_ALNS_CRUSH_SA_MODE"": ""lns_cooling"", ""SETP_ALNS_CRUSH_SCAN_REBUILD"": ""1"", ""SETP_ALNS_CRUSH_SCAN_RESTART"": ""1"", ""SETP_ALNS_CRUSH_TIMING_LEDGER"": ""1"", ""SETP_ALNS_CRUSH_TRUE_ACCEPTANCE"": ""0"", ""SETP_ALNS_CRUSH_TRUE_REPAIR"": ""1""}",3000,alns_e2_throughput,3817.814283649194,vanilla,baselines/e2_alns/goeke80_multitrip_t3_preflight_data/stage_a/checkpoints/e2-vanilla-75c-01__alns_e2_throughput__seed1.json,True,fffb1ae661fefa096ee568e5cdf76ef297207a91,6,11,32.66247008299979,1,1,3000,91.84853418546089,True,OK,e2-vanilla-75c-01,2,2.3.5,/opt/anaconda3/bin/python3.13,1,5,12,240.0,1,75,stage_a,OK,"{""acceptance"": {""count"": 2980.0, ""seconds"": 0.0008674678501847666}, ""checkpoint_model_cost"": {""count"": 1.0, ""seconds"": 0.0001993750011024531}, ""destroy:random_customer_removal"": {""count"": 498.0, ""seconds"": 0.07111302200428327}, ""destroy:route_segment_removal"": {""count"": 495.0, ""seconds"": 0.06583829100054572}, ""destroy:shaw_related_removal"": {""count"": 498.0, ""seconds"": 1.3601005279815581}, ""destroy:vehicle_type_swap"": {""count"": 495.0, ""seconds"": 0.4795704940261203}, ""destroy:whole_route_removal"": {""count"": 496.0, ""seconds"": 0.05899999898610986}, ""destroy:worst_customer_removal"": {""count"": 498.0, ""seconds"": 0.07342403694565292}, ""final_check"": {""count"": 1.0, ""seconds"": 0.00024699999994481914}, ""full_candidate_score"": {""count"": 2980.0, ""seconds"": 1.408561636108061}, ""history_model_cost"": {""count"": 1.0, ""seconds"": 0.00026316699950257316}, ""initial_reference_score"": {""count"": 1.0, ""seconds"": 0.0005375420005293563}, ""repair:greedy_insert_repair"": {""count"": 994.0, ""seconds"": 9.178737031012133}, ""repair:regret2_insert_repair"": {""count"": 993.0, ""seconds"": 9.54220380309198}, ""repair:regret3_insert_repair"": {""count"": 993.0, ""seconds"": 9.751942144983332}, ""repair_full_check"": {""count"": 5960.0, ""seconds"": 1.670466939889593}, ""repair_solution_score"": {""count"": 495.0, ""seconds"": 0.09761270294256974}, ""route_model_cost"": {""count"": 53863.0, ""seconds"": 1.3191269767085032}, ""scan_build"": {""count"": 20.0, ""seconds"": 0.014477335011179093}, ""scan_score"": {""count"": 20.0, ""seconds"": 0.008867542994266842}}",0,False,False,0.08333333333333333
{},3000,LNS,3817.814283649194,vanilla,baselines/e2_alns/goeke80_multitrip_t3_preflight_data/stage_a/checkpoints/e2-vanilla-75c-01__LNS__seed2.json,True,fffb1ae661fefa096ee568e5cdf76ef297207a91,6,11,79.41410483299842,1,1,3000,37.77666456492537,True,OK,e2-vanilla-75c-01,2,2.3.5,/opt/anaconda3/bin/python3.13,1,5,12,240.0,2,75,stage_a,OK,{},0,False,False,0.08333333333333333
"{""SETP_ALNS_CRUSH_ADAPTIVE_Q"": ""1"", ""SETP_ALNS_CRUSH_LOCAL_SEARCH"": ""0"", ""SETP_ALNS_CRUSH_REPAIR_STRUCTURE_CACHE"": ""1"", ""SETP_ALNS_CRUSH_ROUTE_COST_CACHE"": ""1"", ""SETP_ALNS_CRUSH_ROUTE_ELIMINATION"": ""0"", ""SETP_ALNS_CRUSH_SA_ACCEPTANCE"": ""1"", ""SETP_ALNS_CRUSH_SA_MODE"": ""lns_cooling"", ""SETP_ALNS_CRUSH_SCAN_REBUILD"": ""1"", ""SETP_ALNS_CRUSH_SCAN_RESTART"": ""1"", ""SETP_ALNS_CRUSH_TIMING_LEDGER"": ""1"", ""SETP_ALNS_CRUSH_TRUE_ACCEPTANCE"": ""0"", ""SETP_ALNS_CRUSH_TRUE_REPAIR"": ""1""}",3000,alns_e2_throughput,3817.814283649194,vanilla,baselines/e2_alns/goeke80_multitrip_t3_preflight_data/stage_a/checkpoints/e2-vanilla-75c-01__alns_e2_throughput__seed2.json,True,fffb1ae661fefa096ee568e5cdf76ef297207a91,6,11,32.13486883299993,1,1,3000,93.35653478439723,True,OK,e2-vanilla-75c-01,2,2.3.5,/opt/anaconda3/bin/python3.13,1,5,12,240.0,2,75,stage_a,OK,"{""acceptance"": {""count"": 2980.0, ""seconds"": 0.0008555309686926194}, ""checkpoint_model_cost"": {""count"": 1.0, ""seconds"": 0.00019712500215973705}, ""destroy:random_customer_removal"": {""count"": 498.0, ""seconds"": 0.07442332601203816}, ""destroy:route_segment_removal"": {""count"": 495.0, ""seconds"": 0.06572450302337529}, ""destroy:shaw_related_removal"": {""count"": 498.0, ""seconds"": 1.3594382829905953}, ""destroy:vehicle_type_swap"": {""count"": 495.0, ""seconds"": 0.47687412999221124}, ""destroy:whole_route_removal"": {""count"": 496.0, ""seconds"": 0.057586757982790004}, ""destroy:worst_customer_removal"": {""count"": 498.0, ""seconds"": 0.07368929600852425}, ""final_check"": {""count"": 1.0, ""seconds"": 0.0002467500016791746}, ""full_candidate_score"": {""count"": 2980.0, ""seconds"": 1.4259208980511175}, ""history_model_cost"": {""count"": 1.0, ""seconds"": 0.00026250000155414455}, ""initial_reference_score"": {""count"": 1.0, ""seconds"": 0.0004984590013918933}, ""repair:greedy_insert_repair"": {""count"": 994.0, ""seconds"": 8.864260337002634}, ""repair:regret2_insert_repair"": {""count"": 993.0, ""seconds"": 9.68422391801505}, ""repair:regret3_insert_repair"": {""count"": 993.0, ""seconds"": 9.463965659957466}, ""repair_full_check"": {""count"": 5960.0, ""seconds"": 1.671043952148466}, ""repair_solution_score"": {""count"": 495.0, ""seconds"": 0.09783237199007999}, ""route_model_cost"": {""count"": 49262.0, ""seconds"": 1.2245788161490054}, ""scan_build"": {""count"": 20.0, ""seconds"": 0.014560081999661634}, ""scan_score"": {""count"": 20.0, ""seconds"": 0.008342665998497978}}",0,False,False,0.08333333333333333
{},3000,LNS,3817.814283649194,vanilla,baselines/e2_alns/goeke80_multitrip_t3_preflight_data/stage_a/checkpoints/e2-vanilla-75c-01__LNS__seed3.json,True,fffb1ae661fefa096ee568e5cdf76ef297207a91,6,11,79.17772737499763,1,1,3000,37.889443148469624,True,OK,e2-vanilla-75c-01,2,2.3.5,/opt/anaconda3/bin/python3.13,1,5,12,240.0,3,75,stage_a,OK,{},0,False,False,0.08333333333333333
"{""SETP_ALNS_CRUSH_ADAPTIVE_Q"": ""1"", ""SETP_ALNS_CRUSH_LOCAL_SEARCH"": ""0"", ""SETP_ALNS_CRUSH_REPAIR_STRUCTURE_CACHE"": ""1"", ""SETP_ALNS_CRUSH_ROUTE_COST_CACHE"": ""1"", ""SETP_ALNS_CRUSH_ROUTE_ELIMINATION"": ""0"", ""SETP_ALNS_CRUSH_SA_ACCEPTANCE"": ""1"", ""SETP_ALNS_CRUSH_SA_MODE"": ""lns_cooling"", ""SETP_ALNS_CRUSH_SCAN_REBUILD"": ""1"", ""SETP_ALNS_CRUSH_SCAN_RESTART"": ""1"", ""SETP_ALNS_CRUSH_TIMING_LEDGER"": ""1"", ""SETP_ALNS_CRUSH_TRUE_ACCEPTANCE"": ""0"", ""SETP_ALNS_CRUSH_TRUE_REPAIR"": ""1""}",3000,alns_e2_throughput,3817.814283649194,vanilla,baselines/e2_alns/goeke80_multitrip_t3_preflight_data/stage_a/checkpoints/e2-vanilla-75c-01__alns_e2_throughput__seed3.json,True,fffb1ae661fefa096ee568e5cdf76ef297207a91,6,11,33.08087037500081,1,1,3000,90.68685212911137,True,OK,e2-vanilla-75c-01,2,2.3.5,/opt/anaconda3/bin/python3.13,1,5,12,240.0,3,75,stage_a,OK,"{""acceptance"": {""count"": 2980.0, ""seconds"": 0.0008485850230499636}, ""checkpoint_model_cost"": {""count"": 1.0, ""seconds"": 0.0001990830023714807}, ""destroy:random_customer_removal"": {""count"": 498.0, ""seconds"": 0.07418521400904865}, ""destroy:route_segment_removal"": {""count"": 495.0, ""seconds"": 0.06513330202869838}, ""destroy:shaw_related_removal"": {""count"": 498.0, ""seconds"": 1.3641779610152298}, ""destroy:vehicle_type_swap"": {""count"": 495.0, ""seconds"": 0.4817594950545754}, ""destroy:whole_route_removal"": {""count"": 496.0, ""seconds"": 0.059959483001875924}, ""destroy:worst_customer_removal"": {""count"": 498.0, ""seconds"": 0.07455907503390335}, ""final_check"": {""count"": 1.0, ""seconds"": 0.0002517499997338746}, ""full_candidate_score"": {""count"": 2980.0, ""seconds"": 1.411132335964794}, ""history_model_cost"": {""count"": 1.0, ""seconds"": 0.0002749170016613789}, ""initial_reference_score"": {""count"": 1.0, ""seconds"": 0.0004927080008201301}, ""repair:greedy_insert_repair"": {""count"": 994.0, ""seconds"": 9.365765151011146}, ""repair:regret2_insert_repair"": {""count"": 993.0, ""seconds"": 9.92779767999673}, ""repair:regret3_insert_repair"": {""count"": 993.0, ""seconds"": 9.64259546795438}, ""repair_full_check"": {""count"": 5960.0, ""seconds"": 1.6683732597339258}, ""repair_solution_score"": {""count"": 495.0, ""seconds"": 0.09915253298095195}, ""route_model_cost"": {""count"": 55995.0, ""seconds"": 1.36836809127999}, ""scan_build"": {""count"": 20.0, ""seconds"": 0.014827957995294128}, ""scan_score"": {""count"": 20.0, ""seconds"": 0.008149834000505507}}",0,False,False,0.08333333333333333
