StringID  Type  x          y          demand  ReadyTime  DueDate  ServiceTime
D0        d     -25621.08   -1358.14    0.0     0.0        86400.0  0.0
D1        d     44384.09    -12946.24   0.0     0.0        86400.0  0.0
C001      c     -28320.79   2971.39     120.6   3139.2     23345.2  416.0
C002      c     -39729.06   19607.83    825.0   2333.9     23197.9  1092.0
C003      c     -12611.41   -13269.71   884.6   1508.4     21919.4  1506.0
C004      c     2367.97     -11342.18   620.6   1958.5     20909.5  346.0
C005      c     30395.95    2829.52     823.4   5162.6     25505.6  1444.0
C006      c     50519.36    -1100.24    183.8   7244.9     27761.9  1616.0
C007      c     25904.04    4815.34     202.9   1816.3     22333.3  1616.0
C008      c     -37111.33   33305.18    359.2   633.5      20615.5  846.0
C009      c     22252.81    7447.87     723.8   1246.9     21648.9  882.0
C010      c     37550.04    -22812.42   413.0   733.5      22150.5  1534.0
C011      c     33318.80    -4051.36    703.6   162.8      21579.8  1534.0
C012      c     41614.75    -19863.96   794.2   4117.2     24612.2  756.0
C013      c     -14953.16   -8980.60    167.0   242.9      20316.9  482.0
C014      c     31117.76    -1439.15    475.4   5899.6     25881.6  846.0
C015      c     11930.10    -35597.16   502.4   4283.5     23991.5  1114.0
C016      c     41502.14    12804.48    222.2   3202.6     23149.6  432.0
C017      c     33402.17    -17396.18   419.1   3464.6     23538.6  482.0
C018      c     11825.33    -8204.99    447.2   0.0        21333.0  1632.0
C019      c     50739.67    -9801.54    381.1   8379.0     28450.0  1308.0
C020      c     16500.77    -6414.59    683.7   0.0        19264.0  1028.0
C021      c     31266.63    5444.21     680.5   0.0        19187.0  696.0
C022      c     3781.33     -35338.85   172.4   574.6      19821.6  212.0
C023      c     -47100.94   33371.83    418.0   1819.7     21065.7  332.0
C024      c     47627.57    -14049.94   391.3   0.0        19706.0  690.0
C025      c     977.91      -5438.36    666.8   1934.0     20864.0  312.0
C026      c     44431.58    6897.43     684.9   0.0        21300.0  1460.0
C027      c     4686.41     -13220.15   478.2   5937.4     25546.4  552.0
C028      c     34111.54    10372.26    597.4   3302.1     24602.1  1460.0
C029      c     5426.65     -6827.07    354.7   0.0        19926.0  916.0
C030      c     38314.15    -25355.46   468.4   0.0        20074.0  482.0
C031      c     5785.53     -21233.07   808.0   1233.6     21278.6  504.0
C032      c     50105.76    -7528.98    632.0   1406.8     22270.8  1092.0
C033      c     -20254.79   38196.61    249.8   0.0        19124.0  780.0
C034      c     43200.74    -18330.84   165.3   2270.9     22341.9  1308.0
C035      c     -20813.17   13394.11    391.0   1509.8     21063.8  1138.0
C036      c     -31493.20   10729.93    380.6   492.1      20008.1  804.0
C037      c     39916.25    -7586.76    498.2   6744.4     26367.4  266.0
C038      c     -17619.74   21133.83    142.0   4922.4     24298.4  398.0
C039      c     37884.55    -16010.40   514.5   1883.5     21399.5  804.0
C040      c     44600.73    -19718.11   675.6   5351.6     25055.6  528.0
C041      c     -20301.78   42589.96    420.8   0.0        19187.0  696.0
C042      c     -20962.46   -45000.00   269.3   4492.2     25332.2  1632.0
C043      c     46722.00    31859.29    664.5   917.7      20991.7  482.0
C044      c     23273.24    -23730.47   623.2   1950.3     21876.3  916.0
C045      c     46320.10    -16936.82   572.7   6121.1     25497.1  398.0
C046      c     -37177.36   15632.37    655.6   0.0        18333.0  228.0
C047      c     45499.78    -10666.79   751.6   6059.4     26884.4  1462.0
C048      c     4994.53     -14396.70   219.4   1041.1     21833.1  1262.0
C049      c     25675.69    -9435.93    697.5   3647.0     24346.0  1614.0
C050      c     -43576.35   20739.08    150.5   0.0        20226.0  814.0
C051      c     21655.28    -20568.11   131.1   993.9      21722.9  818.0
C052      c     58666.80    -6486.31    388.9   2642.5     21888.5  332.0
C053      c     37062.76    2535.69     224.4   2453.2     22785.2  1052.0
C054      c     -35950.93   17354.35    514.0   1147.9     21224.9  406.0
C055      c     43808.70    -1653.67    305.5   2049.0     22500.0  1562.0
C056      c     20992.68    6279.68     510.4   2553.2     21504.2  346.0
C057      c     29336.69    -20037.97   681.1   4307.6     24699.6  854.0
C058      c     -11973.82   -17478.47   130.7   4414.7     22832.7  384.0
C059      c     -6457.47    3717.55     522.1   0.0        20045.0  504.0
C060      c     -27585.50   -10139.41   537.4   6360.8     26696.8  1434.0
C061      c     37663.99    7233.30     306.3   1976.9     21240.9  1028.0
C062      c     34431.00    -13893.14   435.9   4875.9     25497.9  1582.0
C063      c     41172.71    5251.75     338.7   1152.5     20082.5  312.0
C064      c     10549.69    16549.00    344.9   4765.6     25282.6  1616.0
C065      c     29893.28    6278.23     512.3   41228.6    61573.6  1088.0
C066      c     -27935.03   -1139.16    408.9   38301.5    59233.5  1148.0
C067      c     -28135.92   20263.85    562.6   37092.5    56853.5  1442.0
C068      c     23010.88    -591.64     601.8   32461.9    52480.9  1456.0
C069      c     -43891.17   30650.05    628.1   40035.9    58570.9  532.0
C070      c     41297.04    -40091.02   657.8   40646.1    59884.1  688.0
C071      c     -14715.16   31906.22    593.2   32458.1    51731.1  434.0
C072      c     -18758.55   20702.03    273.9   36706.8    55920.8  484.0
C073      c     60000.00    -15717.61   419.4   32680.2    52898.2  1174.0
C074      c     -20964.25   3296.16     277.4   39878.0    58990.0  292.0
C075      c     35727.09    -22495.15   625.5   34760.3    54612.3  1470.0
C076      c     23821.01    -21177.97   657.6   33736.6    54455.6  1100.0
C077      c     -24920.94   -43381.05   686.1   37028.7    56952.7  348.0
C078      c     -38956.97   -20648.51   696.0   37387.1    56845.1  1318.0
C079      c     -2763.72    7368.96     799.0   35709.4    54604.4  718.0
C080      c     48140.68    -19791.20   320.8   32980.9    52980.9  1428.0
C081      c     -44966.10   -21143.58   560.9   32731.5    51266.5  532.0
C082      c     -35381.93   -45000.00   295.2   32605.2    51884.2  766.0
C083      c     -47024.02   -2584.14    623.6   36132.6    54969.6  498.0
C084      c     31497.61    -13666.27   242.9   42389.5    61532.5  920.0
C085      c     -20909.09   4467.35     556.5   32400.0    51876.0  736.0
C086      c     -4086.90    12892.69    556.8   36249.4    55966.4  1512.0
C087      c     -30955.74   4374.88     148.7   37047.3    57238.3  1134.0
C088      c     -33065.31   9042.99     526.5   34223.9    53118.9  718.0
C089      c     -665.87     2359.69     480.8   36588.9    55123.9  532.0
C090      c     3644.29     4785.59     804.3   32973.7    51900.7  372.0
C091      c     28604.10    -31706.20   298.6   39532.4    60049.4  1192.0
C092      c     23194.78    -18979.61   359.6   33187.7    54059.7  1294.0
C093      c     20135.50    -29783.82   381.0   36261.7    56557.7  1650.0
C094      c     -44040.62   -39850.47   515.1   38509.6    59441.6  1148.0
C095      c     -56888.21   -31812.52   179.5   34629.9    55641.9  1330.0
C096      c     -28502.38   -14944.77   189.1   32400.0    52522.0  844.0
C097      c     -24960.78   7359.88     203.8   32400.0    52899.0  1560.0
C098      c     -12337.73   7828.11     118.3   36405.7    55846.7  230.0
C099      c     -7327.52    -43105.70   778.6   33202.9    52216.9  602.0
C100      c     -20332.98   -41779.85   336.2   36569.6    56493.6  348.0
C101      c     -14925.37   -22038.58   761.5   33935.6    54867.6  1148.0
C102      c     -3977.20    12120.55    726.8   36063.2    56206.2  1132.0
C103      c     12460.35    4507.00     538.5   36066.4    54869.4  338.0
C104      c     37416.07    -19002.60   224.6   35985.5    55702.5  1512.0
C105      c     15660.58    -20286.65   495.1   41721.6    60616.6  718.0
C106      c     -22385.15   16743.11    117.3   35260.4    56187.4  1270.0
C107      c     -5434.46    4783.62     686.7   32400.0    50903.0  352.0
C108      c     -27931.69   -1461.41    714.8   33419.0    52841.0  348.0
C109      c     -53709.23   -36544.44   597.1   40675.0    60189.0  936.0
C110      c     -21355.26   16256.04    702.4   34485.0    54238.0  210.0
C111      c     2086.72     2759.13     680.8   38623.1    58919.1  1650.0
C112      c     -26345.00   -34425.94   516.0   37258.3    56765.3  302.0
C113      c     56277.67    -20363.85   274.4   40029.2    58956.2  372.0
C114      c     33625.59    -33142.97   608.2   39291.8    58868.8  576.0
C115      c     -28600.67   17303.73    651.1   32400.0    52522.0  844.0
C116      c     -39809.44   -22938.41   620.8   34492.9    54102.9  324.0
C117      c     3904.69     -10129.36   564.7   38601.3    58449.3  664.0
C118      c     13442.45    5140.66     603.8   32400.0    52252.0  1470.0
C119      c     -21080.67   30199.93    167.1   37594.7    56867.7  434.0
C120      c     -37014.50   20576.14    654.3   37100.5    57505.5  672.0
C121      c     13607.34    -26673.43   754.7   38239.7    58382.7  1132.0
C122      c     26749.15    -24228.11   181.9   35171.2    55314.2  1132.0
C123      c     -30473.78   -17259.52   570.2   36658.1    55727.1  642.0
C124      c     35795.03    -20921.97   234.9   34622.1    54095.1  420.0
C125      c     -36560.14   2812.41     232.4   34171.2    53109.2  882.0
C126      c     -37097.95   -45000.00   535.3   33466.5    53145.5  1150.0
C127      c     -9194.62    2855.54     569.1   34261.4    54850.4  824.0
C128      c     -20545.74   28055.93    130.2   33706.9    53385.9  1150.0
C129      c     -14564.86   -14807.22   336.1   64800.0    84948.0  298.0
C130      c     15312.05    -13047.90   665.6   64800.0    84692.0  588.0
C131      c     22213.52    -12592.21   740.7   65033.5    84691.5  912.0
C132      c     -12170.12   2862.70     125.5   64800.0    84672.0  644.0
C133      c     1707.51     -436.28     799.4   64800.0    84292.0  944.0
C134      c     11424.02    9584.21     708.7   66028.8    86028.8  448.0
C135      c     35525.01    15332.41    659.1   65358.1    85710.1  618.0
C136      c     -17002.66   -19310.04   721.4   65912.9    84700.9  774.0
C137      c     -1862.05    -4524.78    707.9   66215.3    84600.3  348.0
C138      c     36158.37    15065.72    122.4   67611.3    86050.3  390.0
C139      c     -11085.39   -45000.00   125.1   64800.0    84834.0  1420.0
C140      c     6838.05     -3961.13    115.8   64800.0    85767.0  1516.0
C141      c     -11206.28   -1107.63    715.2   65688.8    85154.8  658.0
C142      c     -39372.51   -21347.33   526.1   64800.0    84292.0  944.0
C143      c     -60000.00   -30470.45   191.7   66250.8    85963.8  1112.0
C144      c     -34182.01   -16339.91   186.1   65929.3    85823.3  662.0
C145      c     7381.64     -7056.22    417.4   64800.0    85062.0  600.0
C146      c     50649.99    9367.30     327.0   64800.0    86043.0  1424.0
C147      c     -13134.23   -16099.88   267.9   65832.9    84884.9  408.0
C148      c     -1102.86    -38301.11   119.1   66853.8    85866.8  362.0
C149      c     -9823.16    -10067.76   294.8   64800.0    84597.0  1128.0
C150      c     23091.32    10397.78    659.4   64952.8    84856.8  1058.0
F1        f     37694.22    -10149.61   0.0     0.0        86400.0  0.0
F2        f     34920.94    -3526.08    0.0     0.0        86400.0  0.0
F3        f     40368.67    -16313.42   0.0     0.0        86400.0  0.0

m numVeh /20/
m numPetrolVeh /10/
m numElectroVeh /10/

DistanceMatrix
0 70958 5102 25271 17639 29716 56173 76141 51894 36518 48677 66715 59001 69736 13111 56739 50817 68601 61163 38067 76826 42424 57293 44935 40836 74340 26910 70537 32546 60874 31526 68290 37167 75978 39917 70884 15516 13439 65833 23873 65174 72582 44269 43890 79605 53770 73609 20548 71727 33276 51929 28472 51030 84444 62805 21374 69430 47235 58046 21121 19824 8998 63866 61346 67120 40361 56037 2324 21768 48638 36855 77319 35007 23103 86817 6584 64887 53267 42029 23451 24467 76030 27671 44720 21438 58430 7493 25823 7831 12791 25231 29903 62140 51899 53867 42672 43647 13889 8743 16150 45580 40766 23283 25498 38530 65460 45414 18388 21100 2313 45022 18123 28012 33076 84075 67234 18898 25827 30801 39600 31883 24717 46688 57146 16625 64457 11707 45126 16958 29849 17410 42570 49136 14098 27344 38627 63383 19914 23969 63925 45999 32563 14417 24263 45049 17255 33491 77021 19319 44339 18040 50111 63923 60581 67663
70958 0 74427 90193 56996 42047 21084 13341 25632 93705 30095 12002 14197 7451 59470 17562 39577 25911 11849 32902 7091 28638 22589 46368 102542 3426 44051 19844 39699 25481 39435 13814 39478 7879 82424 5513 70317 79485 6978 70753 7186 6775 85256 72785 44866 23706 4435 86423 2538 39416 19035 94190 23973 15676 17126 85859 11307 30279 16635 56540 53503 72024 21269 9998 18479 44886 24074 73277 79763 24687 98454 27320 74192 71549 15860 67337 12889 22150 75693 83696 51338 7808 89725 85965 91994 12907 67575 54928 77305 80510 47579 44431 24514 22032 29521 92427 103015 72914 72257 60406 59864 70850 60002 54472 36383 9232 29647 73072 52879 73222 100892 71934 45119 73919 14017 22883 79005 84784 40577 35840 78404 88031 33699 20935 74982 11721 82464 87560 55860 76792 58978 29072 22173 58722 44472 39925 29634 61716 47007 29195 64065 38606 56837 84177 105845 78639 37468 23177 57605 52076 54284 31596 7251 13353 5240
5102 74427 0 20172 22596 33863 58717 78945 54256 31582 50771 70737 62038 73569 17932 59602 55746 70512 64997 41673 80086 45794 59639 49982 35733 77832 30482 72858 36765 62869 35141 72406 41822 79126 36137 74626 12845 8382 69049 21080 68873 76370 40422 48532 80411 58094 77250 15451 75070 37571 55404 23418 55242 87500 65385 16282 72278 49424 62079 26181 21876 13131 66122 64978 69531 41174 58308 4129 17293 51455 31758 81860 31974 20145 90276 7364 68925 57463 46477 25904 25933 79778 29302 48488 19511 62089 7561 26186 2985 7706 27662 32017 66656 55997 58489 45616 45011 17917 5527 16705 50634 45459 28371 26006 40810 69312 49752 14996 22958 4450 46969 15000 30408 37449 87758 71705 14335 28343 34787 41820 28175 19634 51350 61421 20345 68423 8241 48768 19127 26262 22479 46481 52877 16151 30221 40291 65031 24991 27500 65604 50974 35836 17594 26712 46064 20181 37084 79229 24379 49439 22631 51946 67306 63575 71345
25271 90193 20172 0 42618 52250 72104 92594 67279 13945 63163 88156 76784 90415 37830 73907 75606 81516 81960 58578 95129 61959 72395 70088 15614 93616 47795 85115 55231 74416 52324 90069 61152 93844 26922 91196 19910 12110 84160 22162 85396 93049 30093 67278 87315 76469 93488 4724 90446 56183 71563 4010 73363 101797 78667 4399 86201 62167 79636 46322 36871 32130 78376 81376 82166 50372 70887 23865 11612 65911 11801 100644 27874 20999 105801 24863 86408 75512 64706 40264 38939 96298 41087 64754 23360 78616 24154 36269 17579 12491 42702 45836 85455 73813 77610 59614 54208 36331 19186 29817 70589 64379 48473 36527 54330 86268 68261 17579 37361 24147 57866 18677 45083 55667 103995 90352 11364 42546 52803 55105 21447 2882 70617 79630 38011 85712 17092 64661 34828 20961 42634 63999 69812 32247 46030 52126 75375 45068 44903 76023 70673 52192 35252 40957 54025 36373 54133 90957 44523 69609 42131 63492 82945 78152 87784
17639 56996 22596 42618 0 15103 45922 64293 42550 52626 40555 51061 46846 54626 4887 45301 33178 60068 46198 24956 63446 29908 47702 27491 58008 60244 15684 60503 17298 52364 19154 52340 20047 62979 52031 56041 27897 30537 52834 34766 50570 57574 56387 32811 74546 37378 59045 37932 58169 17642 38479 45994 35035 71600 52128 38504 57603 38877 42491 4257 18068 15298 54295 47047 56884 37757 46784 19544 36953 37811 53920 60212 45225 34523 72653 18553 49211 37281 32530 27359 22868 61101 33299 39055 36033 44111 19582 27516 25453 30269 19672 24295 45151 36259 36675 41162 48003 15979 24043 21100 30300 29537 9069 26818 30734 50355 29130 31564 19428 19343 47231 30793 21748 25223 69253 50327 34502 28865 16812 31902 44287 41726 29446 40858 18303 49008 28847 40080 16483 42080 2486 27924 34832 16138 19228 33166 55993 7468 13857 56404 31767 21562 12243 27954 50414 21788 20936 67190 2878 27550 4246 42835 50402 48521 53067
29716 42047 33863 52250 15103 0 31407 49229 28548 59599 27358 37005 31798 40161 17481 30408 26072 45984 31619 9964 48396 14967 33420 24038 66682 45341 6065 45848 2984 38460 5454 38581 10465 47890 54460 41427 33901 40420 37736 38134 35822 43055 58503 40953 61916 24300 44307 47869 43137 4029 23386 56036 21380 56508 37367 47873 42558 25640 28336 15599 17455 29978 39886 32164 42204 29066 32682 31975 43925 23275 62476 48394 46500 38382 57798 27544 35174 23600 42085 42360 19402 46546 48338 50576 50162 29222 28138 25080 36844 40879 14034 16178 33212 22183 25608 54465 62692 31080 33115 24161 33210 37971 20334 24306 18790 35875 16022 37437 17914 31870 61480 36393 14104 36841 54659 38109 42186 43743 1958 19858 47703 50693 19010 27577 33371 34773 41422 51869 18310 45577 17284 13056 19885 20326 10926 22802 42555 20945 8023 42886 36247 8629 17000 42923 65235 36890 6596 52536 16216 27181 12258 30035 35346 33478 38324
56173 21084 58717 72104 45922 31407 0 20504 4911 74068 9362 26621 7476 25315 46862 4329 42633 14928 20448 21602 23946 16689 2756 46531 83298 24121 30558 14613 30308 8408 26772 29276 34419 22266 61776 24733 52288 62391 14112 51386 20274 26649 64429 70181 33306 27498 25383 68775 20255 30692 13142 76109 24977 29766 6673 67918 14142 10016 22892 46985 36864 59414 8498 17203 11046 24127 3485 58466 61073 8139 79326 44283 53670 52303 34934 51362 25880 24892 72079 73219 33469 28750 79083 81329 77609 16533 51331 35921 61371 63765 31065 26823 34582 22967 34189 85804 93907 61522 55542 43025 59440 67553 51696 35607 18014 22933 27413 54584 35884 58485 92865 53465 28309 67879 34753 36117 60746 74785 29491 17110 58301 69707 33945 27302 64099 24357 66956 82723 39591 56846 48296 21900 17458 42566 28874 20139 13514 52314 33086 13525 63312 24517 41788 73839 96334 67363 25048 21283 47468 51806 42236 10518 14890 7802 21585
76141 13341 78945 92594 64293 49229 20504 0 25316 94143 29531 25291 17452 20769 65945 19405 51761 16573 23634 39341 8704 34431 20335 57937 103528 13269 49731 10051 47408 20021 45455 27153 49056 6442 80952 18720 72790 82861 12430 71675 19544 19536 83213 83886 33178 35419 16384 89279 10803 47427 26205 96597 34816 9767 13939 88418 6733 30435 28414 64604 57180 78626 15320 20555 11301 43693 21906 78454 81505 27513 99606 40067 73109 72628 17423 71619 26011 33405 86481 91587 53952 18842 97566 96469 97555 22798 71645 56371 81659 84198 51302 47243 37643 32654 41784 102192 111712 80225 75953 63488 71489 81700 68713 56077 38470 22185 39790 75056 56262 78452 110090 73941 48586 83778 20106 36223 81232 92931 47481 37598 78143 90178 44905 33165 82589 24692 87167 98000 59845 76814 66512 37179 30550 62815 48816 40529 22246 69934 52493 21624 75646 43775 61726 92144 114355 86061 43547 10468 65397 63630 61005 29741 15696 15786 18289
51894 25632 54256 67279 42550 28548 4911 25316 0 69156 4501 29982 11558 29256 43124 8143 42760 17525 23443 19177 28818 14647 5399 45845 78391 28772 26953 18644 27847 9912 23556 32623 32913 27168 56964 28895 47498 57701 18712 46482 24026 30846 59682 68396 34129 28667 29832 64002 24974 28396 14253 71282 25737 34657 11389 63113 19037 5125 25089 43952 32380 55541 12006 20560 15275 19324 4249 54167 56205 6132 74423 47471 48825 47404 39801 46893 29023 26077 70043 69680 28781 33165 75475 78978 73302 19310 46814 31060 56861 59121 26683 22260 36621 23949 35077 82990 90533 57884 50928 38360 58316 65643 48869 30761 13447 26454 27112 49741 31339 54200 89716 48624 23906 65344 39453 38736 55917 71334 26595 12466 53404 64863 33805 29056 60546 27572 62496 80317 35153 51939 44975 20767 17794 38124 24760 15245 14254 49224 29295 14499 62047 20989 37580 70324 92869 63701 22000 25161 44288 50876 38703 6251 19051 12283 25606
36518 93705 31582 13945 52626 59599 74068 94143 69156 0 64751 93400 79724 94999 47740 76566 84573 81243 86849 64171 97857 66723 73836 79901 9990 97073 54331 85712 62543 74824 58481 95551 69387 96303 17552 95479 25731 23264 87209 22980 89757 97408 19203 79953 83846 83062 97391 17673 93585 63627 75954 14132 79724 103715 80303 15993 88149 64082 85211 56665 42604 44477 79190 85709 83159 50521 72250 35646 15831 69019 7281 107401 22440 22264 108783 34077 91756 81738 77649 53985 43040 100435 55012 78324 37233 83147 33078 38824 29578 24597 47811 49743 92439 79816 85190 73483 68055 49012 28650 35536 82010 76937 59625 39328 57330 91052 75213 22162 42625 35958 71795 23215 49695 68581 107712 97052 18124 56308 59740 57870 16329 12729 78548 85955 50998 90862 30498 78305 41310 17377 53133 69977 75007 39355 51433 54022 74827 56327 51707 75506 82517 57622 43073 54699 67759 49731 60072 90967 54916 80150 51243 64414 86511 80902 92006
48677 30095 50771 63163 40555 27358 9362 29531 4501 64751 0 33907 15959 33479 40672 12553 44265 19981 27231 18808 33302 15008 9234 46604 74040 33257 24873 22186 27125 12214 22066 36524 33072 31624 52463 33217 43475 53846 23196 42156 28189 35177 55189 67958 34564 31195 34261 59991 29471 27839 17227 67158 28022 38989 15603 59041 23399 1718 28384 42341 28952 52850 15413 24571 19047 14825 7729 50917 51993 8075 70095 51212 44327 43100 44289 43416 32835 28669 69347 67350 25017 37579 73047 77927 69999 23049 43265 26897 53297 55341 23477 18798 39666 26444 37292 81437 88344 55475 47214 34593 58572 65092 47452 26643 10225 30489 28507 45596 27815 50969 87781 44489 20704 64150 43945 42154 51800 69102 25409 9107 48943 60704 35200 31994 58228 31436 58995 79204 31781 47502 43021 21639 20040 34727 22006 11038 15438 47508 26923 15855 62147 19178 34536 68021 90572 61243 20773 28462 42506 51366 36547 3067 23412 16760 29879
66715 12002 70737 88156 51061 37005 26621 25291 29982 93400 33907 0 19232 5021 54295 22320 28633 35835 6822 29583 18527 26683 28947 36017 101599 13354 40489 30496 34235 33362 35881 2655 31804 19780 84045 7212 68682 76760 15408 70534 6810 7700 87317 62578 55436 14306 10556 84037 14516 33626 17887 92077 16052 26692 25353 83760 22065 33474 8669 49810 51386 66357 30046 9449 28297 47732 30081 68978 78551 26555 97421 17680 75669 71163 23544 64075 1850 13826 65770 76538 50360 11013 82533 76232 86959 10967 64511 54850 73703 77468 45761 43718 12615 14858 18758 83351 94866 66519 69412 58546 49253 60911 52481 54266 37092 3812 22035 71811 51080 68875 92287 70684 43721 64942 18887 11051 77364 77360 35956 36913 79043 86270 24252 10893 68250 2580 78415 77876 53328 77219 52726 24287 18430 55958 42254 41619 38199 54665 43448 37904 53457 36036 53369 76936 97850 72023 34035 34744 51127 41641 49058 36221 12664 19465 7084
59001 14197 62038 76784 46846 31798 7476 17452 11558 79724 15959 19232 0 17857 48523 3416 38113 18737 13345 21891 18345 16983 9715 43028 88701 17456 32371 15600 30065 14445 28030 21882 32454 17143 68228 17365 56874 66476 7485 56825 12801 19306 71067 67994 38330 22095 18305 73193 13861 30154 9349 80793 20220 25465 7577 72502 10760 16083 16475 47241 40528 61208 12092 9904 12175 30705 10883 61323 66090 10873 84650 36912 60002 57661 29120 54778 18600 19584 70276 74157 37847 21620 80129 79979 80356 9786 54893 41064 64825 67663 34584 30962 28054 18037 28913 85241 94382 62774 59386 47177 56368 65589 51488 40651 22546 15502 23987 59459 39748 61305 92896 58324 31966 66951 28164 29093 65499 75528 30036 21899 64284 74520 30005 21219 65146 17051 70215 81457 43071 62708 49077 20129 14010 46011 31817 25794 19509 52584 35184 19327 60403 26481 44622 74721 96986 68610 26111 21919 47990 48558 43559 17703 7506 1686 14144
69736 7451 73569 90415 54626 40161 25315 20769 29256 94999 33479 5021 17857 0 57605 21205 33596 32669 8575 31990 13584 28489 27342 40876 103463 8364 43121 26909 37521 31153 38465 6407 35855 14975 84846 2206 70734 79251 12394 72038 5363 2990 87944 67437 51975 18745 5542 86419 9984 37026 19047 94372 19972 21673 22857 86033 18342 33298 12279 53642 53545 69880 27384 9341 25120 47864 28650 72026 80470 26787 99312 20230 76506 72736 18847 66727 6449 17842 70569 80576 52068 6526 86590 80996 90307 11865 67091 56228 76511 80079 47765 45270 17593 18441 23659 87956 99225 70289 71927 60644 54180 65710 56582 55692 37999 4286 25958 73730 53114 71940 96772 72594 45544 69502 14671 15497 79446 81482 38946 37668 80232 88419 28823 15493 72136 5915 81397 82629 55658 78487 56407 27172 20719 58389 44385 42174 35719 58620 46103 35353 58388 38240 56052 81001 102167 75879 36551 30596 54878 46527 52362 35481 10476 17656 3763
13111 59470 17932 37830 4887 17481 46862 65945 43124 47740 40672 54295 48523 57605 0 46684 37831 60513 49082 26790 65698 31558 48418 32338 53171 62786 16320 61471 20092 52744 20493 55727 24088 65075 47474 58901 23129 25731 54887 30232 53303 60514 51847 36517 73971 40973 61788 33162 60476 20670 40631 41262 38399 73662 53276 33681 59217 39051 45649 9005 15278 12685 55059 49628 57902 36085 47371 15166 32078 38880 49071 64280 40888 29926 75255 13669 52451 40647 35815 26689 20393 64013 32384 41409 32703 46686 14708 24424 20844 25552 18241 23138 49129 39437 40792 42415 47748 14804 19162 17011 34967 33238 13058 23785 30552 53320 32635 26776 16735 14999 47558 26036 20692 27879 72135 54256 29616 28507 18893 31713 39657 36882 33597 44402 17591 52134 24616 42282 13163 37456 5840 30537 37342 12166 18724 32255 56028 10531 13829 56486 36226 22362 8719 27372 49910 20589 22418 68121 7348 32427 5244 42695 52660 50171 55806
56739 17562 59602 73907 45301 30408 4329 19405 8143 76566 12553 22320 3416 21205 46684 0 39178 17627 16120 20444 21330 15441 6885 43548 85615 20775 30404 15708 28938 12185 26250 24976 32148 19941 64886 20768 54008 63783 10733 53711 16066 22714 67694 67896 36773 23631 21709 70396 17088 29160 9673 77917 21341 28008 7151 69652 12693 12732 18684 45980 37927 59344 10866 12887 12078 27324 7814 59054 63103 8151 81585 39970 56680 54570 32219 52297 21555 21044 69996 72660 35008 25032 78594 79497 78150 12233 52361 38010 62345 65033 32010 28170 30371 19247 30398 84405 93100 61131 56765 44433 56693 65380 50441 37623 19582 18659 24375 56508 37078 59049 91804 55376 29333 66258 31483 31803 62591 74114 28567 18860 61039 71601 30715 23204 63591 20036 67811 80938 40540 59490 47598 19611 14272 43501 29427 22569 17341 51332 33124 17257 60652 24410 42325 73248 95631 66978 24392 22322 46617 48959 41840 14302 10914 4338 17516
50817 39577 55746 75606 33178 26072 42633 51761 42760 84573 44265 28633 38113 33596 37831 39178 0 56721 28148 27392 46600 29538 45368 8153 90782 41696 32086 53499 23520 51041 29496 28302 15623 47384 80507 35721 58926 63496 39596 63966 32516 36325 84570 34210 75900 16416 39126 70965 41814 22306 29553 79087 17901 55061 45670 71389 46566 42846 23347 29995 43402 47006 49967 31263 50237 52164 45566 52693 68744 36717 86630 29709 72572 64120 52018 50938 27165 18690 37664 53037 45409 39510 58703 48237 67568 29391 51803 51067 58626 63382 39992 41224 17122 20076 10056 56132 68922 45402 56624 49746 20670 32850 30084 50299 40108 30412 15758 62586 43956 52481 65646 61617 39599 38293 46891 21834 66643 53266 26702 40766 73614 74505 9080 18678 46199 28016 61860 49922 43873 71459 33678 22801 25199 45387 36617 45184 56130 33202 33996 56158 24862 32043 41531 53245 72113 49972 28901 59338 31755 13310 33540 47330 36213 39461 34360
68601 25911 70512 81516 60068 45984 14928 16573 17525 81243 19981 35835 18737 32669 60513 17627 56721 0 31268 36361 24421 31535 12607 61161 90959 27544 44441 6594 45085 7781 41071 38293 49338 22079 66773 31182 62318 73025 20453 59706 29041 32670 68607 85107 19757 40830 30129 78730 23809 45527 27297 85448 38828 25822 11187 77587 14641 21522 35023 61455 48813 72798 6765 27618 7560 31178 13318 70823 70036 22834 87238 52896 59374 60776 33995 63186 35769 38307 86999 87137 44598 33265 92894 96190 89854 28298 62966 45589 72947 74662 43442 38698 46342 36680 47648 100450 108034 75304 66686 54069 74231 82480 66318 45484 30204 32068 41986 64009 47617 70884 107240 62952 40675 82668 36311 46618 70247 88821 44040 29087 64955 78900 48339 39863 78002 34206 78699 97567 51664 63895 62497 36800 31891 54585 41940 30250 6490 66739 46699 5803 78146 38506 54514 87790 110342 81102 39480 9772 61811 66535 56191 18567 23268 17607 29140
61163 11849 64997 81960 46198 31619 20448 23634 23443 86849 27231 6822 13345 8575 49082 16120 28148 31268 0 23453 18928 20156 22940 34631 95174 14614 34559 26680 29018 27778 29905 9353 27882 19400 77263 9843 62349 70728 11775 63936 4692 11437 80514 60971 51025 11946 12926 77925 13843 28566 11093 85907 12168 27520 20265 77572 18871 26731 4848 45376 45106 61418 24995 3651 23944 40921 23933 63455 72147 19758 91009 24029 68891 64593 26651 58171 5604 10301 63850 72432 43832 14932 78458 74116 81779 4188 58547 48196 67941 71533 39382 37116 15093 10329 18151 80632 91434 61953 63396 52234 48165 59009 48550 47628 30304 4323 17976 65404 44724 63370 89191 64272 37241 62127 23067 15748 71052 73421 30379 30105 72345 80003 21861 9536 63876 4261 72822 75712 47166 70543 48037 18605 12176 49872 35947 34799 32797 50441 37540 32579 52356 29768 47489 72882 94313 67592 28000 31840 46554 40344 43842 29645 8422 13953 7050
38067 32902 41673 58578 24956 9964 21602 39341 19177 64171 18808 29583 21891 31990 26790 20444 27392 36361 23453 0 38947 5007 23754 28301 72118 36276 11195 35934 8724 29014 6545 31556 14360 38286 56411 32969 39138 47276 28098 41567 27203 34739 60102 49284 53131 19290 35583 54493 33764 9219 13905 62507 15795 46873 27428 54183 32647 17142 21135 25542 21827 39458 30099 23310 32285 24787 23156 40383 49065 13531 67927 43420 48097 42083 48757 34748 27848 17669 50869 52285 21340 38119 58247 59853 59117 20416 35102 26426 44592 48090 16360 15352 28876 15664 23124 64206 72656 40887 39943 28999 39811 46491 30116 25746 12728 27775 12676 42341 21601 40325 71400 41222 14665 46309 46085 33123 47801 53696 8151 13443 50574 56689 18554 21897 43257 27134 49624 61216 23752 48608 27204 5967 11277 26425 12756 17794 33402 30893 14174 33669 43345 6549 24100 52858 75197 46721 4590 42616 26178 32755 21728 21748 25942 23565 29673
76826 7091 80086 95129 63446 48396 23946 8704 28818 97857 33302 18527 18345 13584 65698 21330 46600 24421 18928 38947 0 34406 24731 53453 106943 5266 49953 17851 46180 26143 45411 19908 46385 2359 85697 11384 75219 84757 11048 75033 14276 11663 88271 79876 41854 30796 8393 91522 5311 45975 25067 99137 31013 8592 18419 90844 10697 33816 23725 63182 58773 78326 21475 16814 17836 48058 26327 79150 84411 29218 102914 31727 77614 75898 10989 72890 19660 29224 82777 90350 56191 10322 96375 93037 98030 19626 73056 59338 82916 85898 52824 49303 31142 29034 36550 99430 109856 79409 77621 65495 66940 77935 66796 58945 40866 16192 36613 77794 58037 79112 107818 76659 50248 80922 11926 28943 83843 91497 46836 40179 82209 92863 40786 27994 81555 18628 88206 94628 61256 80714 65496 35576 28662 64172 49919 43835 29380 68406 52866 28827 71143 44288 62553 90849 112652 85173 43445 19169 64184 59160 60563 34241 13050 17018 12246
42424 28638 45794 61959 29908 14967 16689 34431 14647 66723 15008 26683 16983 28489 31558 15441 29538 31535 20156 5007 34406 0 18938 31597 75021 32050 15554 30941 13634 24330 11082 28889 18287 33623 57803 29238 42246 50964 23445 43853 23438 31090 61285 53780 48767 18593 31621 58029 29309 14004 9660 65929 15063 42166 22426 57586 27720 13466 18718 30549 25095 44243 25182 19427 27291 23722 18452 44748 52002 8734 70859 41821 49426 44481 44483 38703 25065 16479 55518 57255 23688 34351 63207 64658 63640 16658 38960 28225 48668 51920 19279 17051 28038 14237 23650 69161 77659 45804 43690 32164 43750 51063 35096 27621 11645 24411 13897 45259 24628 44708 76402 44125 17086 51190 42152 31744 50958 58685 13132 11953 52469 59936 20464 20551 48210 24140 53857 66043 27316 50603 32179 6739 8414 30134 15956 16785 28894 35899 18460 29117 47432 9969 28211 57834 80194 51645 9142 37620 31178 36423 26576 18058 21520 18645 25839
57293 22589 59639 72395 47702 33420 2756 20335 5399 73836 9234 28947 9715 27342 48418 6885 45368 12607 22940 23754 24731 18938 0 49180 83195 25450 32184 13245 32479 5690 28606 31596 36891 22874 61051 26602 52683 62982 15640 51342 22452 28477 63554 72612 30604 30250 26973 69198 21498 32922 15896 76390 27731 29885 6485 68265 14411 10308 25555 48941 37764 60880 6643 19595 9908 23505 1607 59567 61223 10227 79272 46627 53052 52300 35685 52275 28293 27644 74438 74915 34085 30357 80736 83586 78701 19112 52185 36130 62232 64433 32081 27630 37246 25723 36945 87879 95704 63151 56260 43669 62021 69947 53749 35871 18830 25208 30094 54829 36707 59600 94784 53721 29303 70062 35939 38659 61031 76534 31484 17827 57906 69938 36652 30014 65783 26752 67878 84961 40544 56532 50106 24423 20181 43513 30138 20270 10766 54247 34596 10794 65866 26177 42975 75549 98079 68979 26958 19776 49352 54419 43920 9559 16867 9686 23585
44935 46368 49982 70088 27491 24038 46531 57937 45845 79901 46604 36017 43028 40876 32338 43548 8153 61161 34631 28301 53453 31597 49180 0 85499 48741 30032 58620 22137 54858 28559 35947 14247 54031 77364 42932 54587 58023 45562 60392 39200 43706 81565 26563 79746 22687 46348 65389 48468 20977 33916 73399 23187 62007 50420 65994 52315 45037 29786 23816 40376 40235 54410 37407 55188 52327 49131 46643 64112 39713 81408 37815 69743 60404 59544 45880 34431 24538 29808 45193 43206 47005 50772 40337 60449 35184 46842 48869 52762 57684 37960 40125 25087 25387 17272 48034 60772 38186 51471 46078 13555 24960 22953 48089 40780 37392 19175 58286 41167 46405 57503 57392 38136 30140 54590 29925 61805 45320 25210 41616 70096 69216 13101 25514 38733 35110 55524 42005 40338 67902 27534 25097 29277 41398 34964 45569 59793 26247 31327 59907 17730 31526 37368 45365 63967 42452 28511 64771 25618 5712 28700 49646 42244 44517 41238
40836 102542 35733 15614 58008 66682 83298 103528 78391 9990 74040 101599 88701 103463 53171 85615 90782 90959 95174 72118 106943 75021 83195 85499 0 105935 61788 95284 69662 84406 66145 103656 76018 105461 27276 104056 33018 27500 96175 31920 98291 105961 28340 82616 93835 90627 106106 20326 102539 70681 84433 13115 87390 113029 89635 19516 97424 73285 93249 61803 50312 47687 88704 94241 92644 60055 81622 39476 23054 77905 4208 114939 32419 31045 117815 39846 99908 89474 79893 54631 51400 109075 54557 79243 35956 91599 39006 47640 33189 28087 55839 58243 99832 87648 92246 73286 65915 51773 34159 43139 86202 79777 64075 48076 66187 99429 82573 29789 50531 39759 70228 30916 57936 70904 116510 104599 24504 56780 67037 66802 26213 16293 85387 93657 53292 99094 32326 79008 48663 27082 58136 77783 83170 46379 59374 63175 84572 60674 59014 85248 86251 65599 49772 55262 65132 51363 67844 100655 60010 85164 57242 73856 95312 89939 100596
74340 3426 77832 93616 60244 45341 24121 13269 28772 97073 33257 13354 17456 8364 62786 20775 41696 27544 14614 36276 5266 32050 25450 48741 105935 0 47438 21190 42949 27913 42815 14648 42454 6976 85660 6158 73738 82910 10062 74129 9938 6426 88445 75250 45918 26208 3169 89849 3997 42634 22432 97614 26778 13382 19665 89284 12971 33507 19246 59700 56929 75315 23500 13197 20352 48074 26977 76658 83172 28055 101852 26800 77451 74932 12484 70751 14593 24851 78253 86836 54754 5764 92865 88592 95344 16135 70994 58312 80714 83932 51005 47847 25954 24925 31676 95230 106014 76135 75680 63832 62163 73400 63061 57861 39763 11349 32570 76485 56305 76601 103803 75346 48544 76728 10709 23677 82424 87888 43898 39203 81724 91451 36287 23227 78167 13683 85860 90202 59284 80128 62197 32331 25456 62143 47896 43235 31777 64844 50398 31293 66371 42019 60241 87306 108873 81842 40849 23611 60796 54431 57589 34637 10672 16499 7604
26910 44051 30482 47795 15684 6065 30558 49731 26953 54331 24873 40489 32371 43121 16320 30404 32086 44441 34559 11195 49953 15554 32184 30032 61788 47438 0 45171 8620 36713 4660 42316 16510 49172 48527 44147 28801 36274 38998 32434 38391 45901 52531 45238 59022 28839 46777 43587 44828 9818 25019 51675 25622 57698 36955 43396 42998 23193 31896 17684 11795 28948 38813 34505 41592 23980 31199 29231 38836 22560 57581 53164 40508 32754 59911 23617 38710 27741 45939 42733 13343 49298 48554 53732 48087 31609 24024 19018 33407 36995 7969 10566 38121 26018 30979 56664 63593 30975 28924 18796 38572 42129 22989 18245 15191 38881 20882 32216 12067 29182 62915 31135 8272 39835 57279 42818 37311 44383 5529 16349 41913 46045 24707 31894 33600 38105 38434 54908 13125 39814 18148 16229 22408 15549 5055 18298 40310 22710 2983 40720 41360 6043 12931 43373 65916 36811 6605 51832 17687 32929 11751 27199 37017 33997 40864
70537 19844 72858 85115 60503 45848 14613 10051 18644 85712 22186 30496 15600 26909 61471 15708 53499 6594 26680 35934 17851 30941 13245 58620 95284 21190 45171 0 44547 10889 41349 32828 47800 15502 71861 25258 65567 76021 15172 63664 23825 26616 73921 83485 25067 37226 23909 82075 17597 44819 24871 89090 35681 19539 8563 81060 8574 23447 30877 61447 50988 74005 6776 23071 3651 35230 14551 72811 73788 22692 91461 47093 64217 64680 27456 65495 30654 34828 85660 87820 47198 26945 93692 95203 91946 24293 65386 48887 75430 77527 45325 40842 41722 33476 43998 100063 108463 76134 69394 56777 71967 81018 66034 48690 32060 26833 39582 67538 49911 72844 107326 66449 42547 81957 29724 41473 73770 89368 43958 31039 69533 82587 45576 35798 78704 29129 81095 96646 53778 68335 62862 35295 29555 56745 43349 33117 12267 66791 47682 11626 75997 39130 56211 88436 110916 81976 39590 6691 61990 64158 56845 21625 18330 14110 23564
32546 39699 36765 55231 17298 2984 30308 47408 27847 62543 27125 34235 30065 37521 20092 28938 23520 45085 29018 8724 46180 13634 32479 22137 69662 42949 8620 44547 0 37715 6436 35750 8088 45775 57147 38852 36858 43389 35677 40960 33315 40440 61149 40839 61637 21353 41799 50843 40893 1216 21328 59013 18491 54399 36007 50855 40796 25419 25576 17196 20275 32419 38805 29752 40896 30341 31868 34787 46888 22255 65455 45413 49120 41236 55370 30508 32397 20723 42264 44271 21896 43948 50281 51141 52793 26815 31112 27547 39749 43827 16474 18036 30229 19384 22650 55529 64320 33234 36090 27071 32210 37969 21503 26781 19357 33237 13053 40382 20654 34673 62881 39332 16189 37585 52083 35134 45163 45545 3188 20342 50490 53676 16142 24656 35391 32048 44253 52497 21239 48377 19317 10627 17538 23298 13126 23779 42027 22528 10885 42315 35478 9506 19982 44802 66947 38993 6727 51214 18052 25740 14848 29942 33150 31751 35816
60874 25481 62869 74416 52364 38460 8408 20021 9912 74824 12214 33362 14445 31153 52744 12185 51041 7781 27778 29014 26143 24330 5690 54858 84406 27913 36713 10889 37715 0 33446 35974 42441 24006 61073 30108 55008 65606 18874 52839 26651 31866 63236 78098 24914 35784 29914 71483 23923 38227 21530 78377 33354 29785 8374 70410 15449 13742 30783 53847 41111 65017 4741 24268 8722 24358 5878 63105 63028 15602 80595 50972 53364 53870 36755 55528 32907 33186 79839 79381 36997 33266 85127 88856 82164 24180 55337 38282 65343 67190 35689 30975 42437 31316 42519 92898 100302 67539 59149 46519 67654 75393 58780 38129 22432 29560 35783 56855 39939 63162 99567 55778 32917 75245 37895 43518 63094 81080 36507 21321 58646 71854 42342 35375 70248 31339 71075 90205 43954 57447 54803 30032 25864 46887 34159 22701 5158 59108 38936 5120 71476 30811 46749 80038 102592 73332 31910 16569 54157 60076 48457 11020 20832 13922 27409
31526 39435 35141 52324 19154 5454 26772 45455 23556 58481 22066 35881 28030 38465 20493 26250 29496 41071 29905 6545 45411 11082 28606 28559 66145 42815 4660 41349 6436 33446 0 37748 14410 44685 51833 39487 33127 40882 34498 36235 33732 41241 55714 46406 56586 24581 42125 48161 40257 7582 20416 56224 21265 53241 32992 47925 38729 20349 27317 20402 15888 33178 35170 29853 37732 23931 27755 33843 43132 18657 61942 48920 43657 36644 55293 28266 34112 23330 47510 46486 16389 44638 52387 55879 52622 26953 28655 21895 38068 41635 11023 11749 34002 21527 27265 59477 67137 34887 33536 23029 38455 43420 25409 21153 13339 34228 16908 36456 15899 33787 66183 35357 10151 42085 52622 38571 41715 48020 3636 14404 45537 50519 21466 27522 37386 33480 43079 57145 17537 43490 21525 11680 17749 20088 7394 17473 37376 25669 7644 37732 41591 3195 17589 47094 69568 40735 1968 48035 20748 32144 15590 24673 32438 29678 36207
68290 13814 72406 90069 52340 38581 29276 27153 32623 95551 36524 2655 21882 6407 55727 24976 28302 38293 9353 31556 19908 28889 31596 35947 103656 14648 42316 32828 35750 35974 37748 0 32789 21373 86424 8557 70693 78583 17841 72731 9355 8444 89735 62447 57829 15128 11618 85901 16352 35076 20326 93972 17333 27754 27919 85670 24330 36067 10434 50901 53383 67634 32595 12102 30740 50268 32735 70536 80602 29111 99470 15034 78045 73339 23731 65840 3857 15083 65754 77414 52519 11293 83387 76269 88324 13532 66308 57103 75380 79236 47829 45940 11602 16409 18710 83621 95421 67623 71232 60554 48972 60904 53343 56507 39499 6416 23214 73869 53125 70423 92701 72746 45857 65292 18644 9090 79356 78161 37628 39352 81327 88228 24742 11620 69263 5099 79997 77929 55253 79481 53921 26088 20546 57835 44283 44089 40783 55646 45255 40479 53162 38059 55138 77790 98447 73055 35940 36849 52274 41488 50507 38859 15218 22092 9273
37167 39478 41822 61152 20047 10465 34419 49056 32913 69387 33072 31804 32454 35855 24088 32148 15623 49338 27882 14360 46385 18287 36891 14247 76018 42454 16510 47800 8088 42441 14410 32789 0 46391 64884 37528 43664 49105 36758 48402 32521 38845 68949 35782 67042 17665 40762 56612 41096 6882 23126 64794 15884 54899 39284 56841 42768 31436 23581 18152 27793 35167 42738 29571 44201 38081 36579 39254 53597 26885 71831 40208 56957 48590 54494 36294 29968 18036 37861 44746 29852 42380 50752 47536 56006 26802 37056 35525 44785 49255 24459 26107 25107 17554 16704 53191 63560 34860 41987 34249 25502 33232 20727 34753 26591 31709 9920 47284 28333 39087 61433 46282 24276 34734 50500 30281 51648 45627 11262 27463 58027 59832 9528 21176 36476 30011 48696 49029 28367 55881 21341 12560 18562 30050 21193 31329 47132 22869 18375 47330 29146 17304 26339 45158 66431 40266 14266 54307 19604 18406 19191 36056 33779 34094 34931
75978 7879 79126 93844 62979 47890 22266 6442 27168 96303 31624 19780 17143 14975 65075 19941 47384 22079 19400 38286 2359 33623 22874 54031 105461 6976 49172 15502 45775 24006 44685 21373 46391 0 83913 12820 73941 83617 10190 73541 14876 13375 86424 80342 39533 31344 10141 90304 5573 45631 24504 97854 31296 8624 16475 89582 8612 32222 24245 62872 57670 77735 19306 16917 15593 46308 24478 78302 83031 27969 101455 33732 75874 74426 12843 71890 20754 29617 83153 90024 54928 12419 96042 93339 97256 19594 72021 57913 81931 84806 51726 48066 32355 29246 37330 99540 109715 78957 76529 64304 67559 78325 66630 57542 39523 17108 36732 76446 56889 78273 107794 75315 49109 81044 14242 30458 82531 91226 46274 38791 80567 91541 41215 28712 81165 19600 87281 94913 60203 79107 65079 35229 28348 63137 48915 42298 27115 68135 52055 26553 71753 43415 61647 90539 112470 84747 42727 16905 63818 59743 59983 32421 12685 15704 13114
39917 82424 36137 26922 52031 54460 61776 80952 56964 17552 52463 84045 68228 84846 47474 64886 80507 66773 77263 56411 85697 57803 61051 77364 27276 85660 48527 71861 57147 61073 51833 86424 64884 83913 0 84982 24809 29677 75609 17265 79490 86950 4394 83200 67276 75694 86440 28205 81922 58340 66170 29132 72179 90693 67506 26092 75446 52154 76489 56288 37137 48889 65676 75524 69704 37650 59444 40079 19588 58107 24812 99587 8382 17558 96683 34908 82568 73946 81711 61746 35444 89669 64280 84561 48782 73267 33736 30028 35474 31844 40841 41079 85285 71812 79074 81591 79014 53778 31194 31384 82324 79976 60470 30740 46960 81226 68631 21559 36552 40394 81887 21968 41892 72877 96367 89400 22498 64186 54029 47204 8039 24318 73176 78142 56390 81465 38960 84884 37031 10145 53308 62378 66205 36247 44439 42687 60284 57599 46512 60971 83700 50113 40332 62538 79340 56287 53024 76542 54761 78859 49379 51494 75468 69175 81526
70884 5513 74626 91196 56041 41427 24733 18720 28895 95479 33217 7212 17365 2206 58901 20768 35721 31182 9843 32969 11384 29238 26602 42932 104056 6158 44147 25258 38852 30108 39487 8557 37528 12820 84982 0 71444 80148 11235 72502 5801 1971 88000 69485 50314 20646 3417 87259 8001 38408 19653 95167 21661 19481 21751 86824 16688 33149 13969 55181 54333 71259 26157 9829 23670 47778 27977 73184 81108 26876 99921 21843 76668 73229 17001 67712 8556 19588 72582 82190 52661 5151 88212 82985 91589 12598 68043 56666 77555 81030 48501 45816 19798 20016 25752 89856 100993 71783 72842 61391 56275 67723 58244 56152 38295 5824 27610 74375 53849 73105 98607 73237 46208 71384 13234 17638 80158 83138 40143 37901 80544 89153 30747 17477 73682 7846 82516 84612 56517 78837 57873 28385 21758 59288 45187 42297 34527 60211 47130 34131 60483 39099 57068 82628 103912 77408 37552 28682 56379 48597 53664 35067 9862 16963 3477
15516 70317 12845 19910 27897 33901 52288 72790 47498 25731 43475 68682 56874 70734 23129 54008 58926 62318 62349 39138 75219 42246 52683 54587 33018 73738 28801 65567 36858 55008 33127 70693 43664 73941 24809 71444 0 11007 64252 8373 65651 73317 29200 58394 70014 57635 73667 16517 70543 37926 51792 23919 54378 81929 58886 15647 66351 42407 60272 32113 17312 24489 58801 61616 62518 31521 51203 16184 10041 46002 28816 81965 19491 7591 85897 10099 66969 56457 56924 38576 19029 76524 42145 60184 30697 58896 8927 16734 13573 13002 22971 25928 66904 54633 59507 58090 57836 29364 7322 10140 58087 55176 35919 16884 34440 66635 49646 3700 17625 16473 59800 2913 25249 48139 84158 71619 8714 40999 34122 35236 16808 17722 52822 60643 32140 66197 18972 60622 15686 14664 28885 44768 50265 13624 26428 32462 56372 32925 26081 56996 59199 32647 17395 39388 58819 32601 34830 71577 30477 55325 25908 44007 63067 58246 68013
13439 79485 8382 12110 30537 40420 62391 82861 57701 23264 53846 76760 66476 79251 25731 63783 63496 73025 70728 47276 84757 50964 62982 58023 27500 82910 36274 76021 43389 65606 40882 78583 49105 83617 29677 80148 11007 0 73721 17341 74353 81960 33768 56716 81019 64706 82585 7506 79911 44302 60621 15690 61679 91789 69044 7985 76313 52674 68168 34303 25999 21232 69246 70373 72872 42444 61548 12391 10108 55668 23463 88776 27017 16174 95239 12889 74983 63857 54509 32254 28925 85282 34604 55865 20457 67550 12298 27492 6378 2306 31943 35637 73570 62237 65627 52113 49546 25848 7350 19374 59011 53683 36719 27551 44392 75050 56440 10914 26729 12701 52234 11546 34513 45448 93116 78519 7182 34680 41087 45282 22079 11289 58592 67928 28008 74361 9400 56011 23648 20495 30638 52499 58552 20863 35028 42933 67176 33352 33327 67790 59349 41050 23488 33031 50101 27203 42750 82154 32510 57685 30036 54586 72269 67927 76782
65833 6978 69049 84160 52834 37736 14112 12430 18712 87209 23196 15408 7485 12394 54887 10733 39596 20453 11775 28098 11048 23445 15640 45562 96175 10062 38998 15172 35677 18874 34498 17841 36758 10190 75609 11235 64252 73721 0 64306 8665 13004 78383 71456 40029 23186 11333 80514 6377 35580 14360 88167 22405 18783 10517 79862 7096 23460 16339 52824 47732 67550 14990 8358 12900 38012 17108 68157 73531 18295 92118 32534 67411 65138 21667 61846 15486 21066 74061 79947 45224 14717 85958 84081 87084 10384 62008 48535 71874 74852 41783 38324 26640 20234 29732 89943 99790 68813 66577 54480 59106 69276 56714 48115 30001 11686 27379 66884 47008 68124 98001 65747 39219 71491 20759 26319 72898 81190 36101 29374 71753 81924 32503 21220 71052 13958 77180 85621 50209 70186 54957 25203 18397 53124 38872 33266 23336 58114 41890 22962 63253 33276 51531 80474 102503 74613 32539 20066 53729 51244 49801 24628 3392 6438 8738
23873 70753 21080 22162 34766 38134 51386 71675 46482 22980 42156 70534 56825 72038 30232 53711 63966 59706 63936 41567 75033 43853 51342 60392 31920 74129 32434 63664 40960 52839 36235 72731 48402 73541 17265 72502 8373 17341 64306 0 66786 74433 21623 66218 65230 60705 74416 20317 70678 42117 53000 25960 57285 81133 57759 18717 65519 41371 62450 39023 20686 32823 57005 62739 60900 28540 49781 24546 10552 46074 27942 84969 11157 1218 85924 18149 68916 59225 64927 46915 20253 77455 50351 68478 37778 60196 16988 15845 21418 19615 25296 26822 70205 57227 63388 66462 65919 37684 15608 14316 65059 62972 43256 16351 34370 68117 53134 6480 20391 24837 68038 6144 26944 56241 84752 74646 11630 49343 37956 34938 9704 19403 57102 63453 40488 67984 26352 68943 20127 7515 36071 47465 52193 19067 28962 31256 53460 40449 30111 54119 66456 35042 23148 47727 66776 40971 37680 69276 37503 61687 32161 42103 63548 58040 69029
65174 7186 68873 85396 50570 35822 20274 19544 24026 89757 28189 6810 12801 5363 53303 16066 32516 29041 4692 27203 14276 23438 22452 39200 98291 9938 38391 23825 33315 26651 33732 9355 32521 14876 79490 5801 65651 74353 8665 66786 0 7672 82581 65600 48679 16525 8486 81459 9303 32930 13867 89367 16857 22861 18564 81024 15531 27968 9449 49880 48533 65733 23245 4051 21515 42512 23678 67479 75329 21423 94151 24321 71153 67500 22117 61935 6834 14983 68510 76981 46892 10931 83010 78793 85964 6804 62258 50961 71795 75243 42704 40061 18234 14987 22466 85323 96081 66395 67050 55593 52709 63666 53153 50436 32670 3029 22632 68595 48051 67405 93867 67457 40420 66817 18901 17654 74365 78002 34485 32323 74915 83357 26516 13839 68370 5338 76787 80391 50719 73184 52463 22766 16039 53495 39387 36814 31431 54986 41373 31124 56907 33303 51303 77441 98947 72067 31790 28407 51019 44910 48076 30269 5864 12831 2503
72582 6775 76370 93049 57574 43055 26649 19536 30846 97408 35177 7700 19306 2990 60514 22714 36325 32670 11437 34739 11663 31090 28477 43706 105961 6426 45901 26616 40440 31866 41241 8444 38845 13375 86950 1971 73317 81960 13004 74433 7672 0 89970 70269 51621 21702 3270 89092 9096 39962 21538 97015 22961 19312 23496 88673 18082 35117 15267 56619 56180 72819 27830 11720 25204 49747 29868 74877 83001 28843 101822 20639 78635 75154 15910 69487 9298 20831 73438 83563 54563 3541 89578 83883 93213 14433 69832 58600 79305 82820 50364 47727 19990 21419 26455 90899 102207 73259 74646 63252 56952 68579 59571 58082 40247 7220 28946 76266 55712 74795 99740 75129 48090 72454 11695 17340 82031 84472 41810 39860 82498 91020 31764 18412 75115 8888 84230 85521 58340 80786 59369 30039 23494 61097 47028 44264 36206 61605 48884 35794 61156 40918 58828 83989 105152 78855 39314 29708 57848 49337 55273 37008 11801 18865 5432
44269 85256 40422 30093 56387 58503 64429 83213 59682 19203 55189 87317 71067 87944 51847 67694 84570 68607 80514 60102 88271 61285 63554 81565 28340 88445 52531 73921 61149 63236 55714 89735 68949 86424 4394 88000 29200 33768 78383 21623 82581 89970 0 87592 67877 79355 89342 31804 84653 62349 69431 31924 75824 92976 69965 29694 77895 54988 79914 60643 41264 53230 67898 78651 71925 40373 61952 44390 23661 61161 26439 103105 12056 21942 99238 39299 85880 77545 86095 65933 39346 92606 68340 88879 52486 76472 38127 33836 39672 35893 44767 44750 88948 75384 82904 85790 82911 58116 35537 35662 86672 84370 64852 34567 50236 84410 72435 25931 40625 44707 85897 26355 45692 77253 99134 92971 26613 68370 58011 50410 12414 27639 77118 81722 60708 84739 42972 89186 41258 14536 57683 66060 69661 40551 48329 45781 62126 61988 50595 62812 88074 53885 44634 66721 83149 60542 56843 78345 59126 83138 53690 54031 78390 71946 84561
43890 72785 48532 67278 32811 40953 70181 83886 68396 79953 67958 62578 67994 67437 36517 67896 34210 85107 60971 49284 79876 53780 72612 26563 82616 75250 45238 83485 40839 78098 46406 62447 35782 80342 83200 69485 58394 56716 71456 66218 65600 70269 87592 0 102414 49083 72901 62763 74806 40129 58651 69520 49124 88454 75010 64130 77937 66256 56153 28952 50831 35484 78520 63530 79913 69147 72220 44412 65657 62496 79048 62453 77160 65739 86095 48296 60993 50725 4277 30279 55441 73558 33842 14419 49783 61105 49467 60302 50376 55382 51526 55535 51318 51254 43824 23646 38270 30987 52512 53528 13766 3281 23742 59592 59733 63906 44181 61760 52149 44093 33821 61257 53030 11865 81074 55861 62770 29016 42829 60809 75200 67512 39127 52037 29326 61654 50292 16135 49281 73057 30863 48340 53985 48664 49999 63469 82649 25993 44756 82890 9877 49569 44964 29973 41654 31562 47362 89912 29942 20959 36665 70779 68229 69592 67708
79605 44866 80411 87315 74546 61916 33306 33178 34129 83846 34564 55436 38330 51975 73971 36773 75900 19757 51025 53131 41854 48767 30604 79746 93835 45918 59022 25067 61637 24914 56586 57829 67042 39533 67276 50314 70014 81019 40029 65230 48679 51621 67877 102414 0 60333 48798 85454 42544 62296 46349 90981 58112 40163 30874 83936 33639 36281 54732 76677 60167 85355 26239 47375 27180 39279 30620 81625 75751 40191 90621 72155 61437 66424 49395 73466 55455 57770 103893 100489 55214 51670 105906 112465 99873 48004 72968 54234 82397 82986 55820 50879 66097 56019 67132 115673 121611 88596 75754 63762 92418 99595 81886 54406 43841 51706 60696 70741 58766 81752 121513 69843 53283 98654 53090 66308 76716 102423 59970 42678 67823 84493 67251 59537 91498 53900 88202 113724 62991 67375 77031 54802 50760 65644 55401 41739 19963 81726 60698 19840 96172 53608 66652 101209 123590 94173 55336 22832 76700 84910 70393 31922 42968 37301 48590
53770 23706 58094 76469 37378 24300 27498 35419 28667 83062 31195 14306 22095 18745 40973 23631 16416 40830 11946 19290 30796 18593 30250 22687 90627 26208 28839 37226 21353 35784 24581 15128 17665 31344 75694 20646 57635 64706 23186 60705 16525 21702 79355 49083 60333 0 24027 72137 25781 20524 14495 80290 3552 39371 29666 72080 30151 30097 7099 35797 40464 52643 34145 14875 34064 42241 30730 55970 67664 23140 86419 24342 67369 61163 37591 51840 12515 2611 52046 62306 40560 25178 68288 62392 73409 12997 52414 45715 61079 65178 35409 34619 9593 4752 6818 69217 80568 52516 57386 47582 36219 47194 38236 45032 30237 14912 8355 61015 40462 55838 78042 59922 33920 50758 33176 13992 66142 63088 23667 30499 69827 74818 10104 3511 54135 12833 65457 64008 41964 67838 38876 13323 11189 44311 31744 35359 40939 40518 31633 40880 40409 25709 41239 62691 83546 57929 23034 42953 37199 28399 35806 34129 19809 23321 18635
73609 4435 77250 93488 59045 44307 25383 16384 29832 97391 34261 10556 18305 5542 61788 21709 39126 30129 12926 35583 8393 31621 26973 46348 106106 3169 46777 23909 41799 29914 42125 11618 40762 10141 86440 3417 73667 82585 11333 74416 8486 3270 89342 72901 48798 24027 0 89625 6323 41404 21965 97472 24931 16176 21561 89131 15488 34358 17264 58296 56675 74218 25673 12273 22778 48998 28439 75917 83232 28469 101993 23693 78173 75179 13734 70261 11963 22895 75991 85358 54772 3386 91383 86387 94441 15179 70554 58572 80161 83528 50794 47886 23065 23215 29166 93221 104275 74849 75308 63671 59690 71132 61458 58087 40079 9141 30842 76516 56128 75847 101933 75377 48420 74740 10531 20586 82374 86338 42958 39602 82248 91389 34131 20885 76795 11254 85201 88012 58937 80594 60922 31251 24495 61751 47566 43830 34027 63367 49755 33577 63898 41560 59664 85806 107178 80504 40173 26658 59460 52013 56562 35871 10976 17601 5984
20548 86423 15451 4724 37932 47869 68775 89279 64002 17673 59991 84037 73193 86419 33162 70396 70965 78730 77925 54493 91522 58029 69198 65389 20326 89849 43587 82075 50843 71483 48161 85901 56612 90304 28205 87259 16517 7506 80514 20317 81459 89092 31804 62763 85454 72137 89625 0 86759 51771 67668 8187 69078 98363 75386 2114 82810 58917 75475 41612 32950 27499 75311 77457 79035 47736 67720 19150 10159 62337 16450 96246 27738 19104 102109 20373 82273 71245 60273 36325 35392 92380 37592 60659 20707 74664 19731 33204 12862 7767 38849 42238 81044 69590 73126 55906 51376 31784 14754 26037 65888 59832 43752 33385 50869 82242 63891 14834 33546 19434 54733 15834 41321 51217 100148 85977 8738 38660 48491 51696 21710 4946 66097 75336 33568 81616 12835 60632 30762 20759 37920 59814 65756 28079 42074 48976 72703 40348 40663 73338 66008 48179 30899 37045 51443 32112 50003 88051 39812 64886 37533 60496 79186 74600 83868
71727 2538 75070 90446 58169 43137 20255 10803 24974 93585 29471 14516 13861 9984 60476 17088 41814 23809 13843 33764 5311 29309 21498 48468 102539 3997 44828 17597 40893 23923 40257 16352 41096 5573 81922 8001 70543 79911 6377 70678 9303 9096 84653 74806 42544 25781 6323 86759 0 40677 19862 94450 25819 13815 15668 86136 9170 29796 18683 57876 53912 73087 19540 11529 16496 44297 23037 74050 79868 24643 98478 29723 73745 71506 15355 67915 15343 24093 77649 85045 51523 9499 91071 87867 92876 14320 68112 54899 77921 81000 47968 44617 26984 23804 31762 94176 104549 74126 72730 60723 61992 72815 61486 54472 36357 11612 31352 73210 53226 74006 102528 72072 45442 75671 14498 25420 79204 86187 41599 35743 78122 88231 35684 23141 76259 14119 83160 89449 56341 76560 60207 30281 23366 59236 44971 39639 27847 63097 47758 27376 66186 39239 57506 85542 107342 79883 38289 20685 58885 54180 55326 30755 7823 12763 7630
33276 39416 37571 56183 17642 4029 30692 47427 28396 63627 27839 33626 30154 37026 20670 29160 22306 45527 28566 9219 45975 14004 32922 20977 70681 42634 9818 44819 1216 38227 7582 35076 6882 45631 58340 38408 37926 44302 35580 42117 32930 39962 62349 40129 62296 20524 41404 51771 40677 0 21268 59947 17767 54252 36264 51814 40852 26143 24987 17246 21431 32857 39181 29441 41169 31440 32364 35498 47948 22697 66476 44476 50323 42381 55021 31415 31782 20011 41654 44394 23107 43482 50414 50664 53343 26513 32044 28761 40556 44699 17687 19230 29275 18768 21587 55248 64287 33501 37023 28184 31242 37300 21335 27994 20325 32747 12184 41465 21832 35376 62743 40422 17401 37193 51629 34222 46190 45611 4404 21286 51660 54661 14997 23873 35584 31484 44977 52042 22338 49543 19564 10405 17313 24342 14342 24828 42614 22539 12019 42886 34571 10597 20954 44908 66953 39225 7719 51470 18209 24670 15437 30696 32974 31840 35426
51929 19035 55404 71563 38479 23386 13142 26205 14253 75954 17227 17887 9349 19047 40631 9673 29553 27297 11093 13905 25067 9660 15896 33916 84433 22432 25019 24871 21328 21530 20416 20326 23126 24504 66170 19653 51792 60621 14360 53000 13867 21538 69431 58651 46349 14495 21965 67668 19862 21268 0 75541 11836 33123 16522 67198 19732 16399 11216 38499 34721 53266 20532 9825 21351 30067 16270 54249 61464 9237 80290 34406 57798 53691 34894 48347 16479 11888 60929 65598 33033 24737 71605 70660 73022 7197 48615 37207 58291 61579 28862 26223 22462 9861 21089 76062 85542 54457 53349 41750 47147 56240 42512 36660 19211 15145 14766 54728 34206 54197 83886 53591 26555 57712 32495 25004 60506 66863 21782 19030 61296 69504 21042 14831 56692 15308 63430 72148 36973 59515 40597 10975 4685 39794 25602 23767 26655 43806 27972 26650 51149 19617 37811 66130 88220 60255 18448 31261 39378 39374 35504 20001 12040 10973 16223
28472 94190 23418 4010 45994 56036 76109 96597 71282 14132 67158 92077 80793 94372 41262 77917 79087 85448 85907 62507 99137 65929 76390 73399 13115 97614 51675 89090 59013 78377 56224 93972 64794 97854 29132 95167 23919 15690 88167 25960 89367 97015 31924 69520 90981 80290 97472 8187 94450 59947 75541 0 77210 105806 82668 8343 90209 66168 83541 49591 40836 34773 82355 85349 86153 54288 74879 26894 15448 69920 9916 104421 30946 24818 109805 28558 90323 79369 66779 41645 42947 100273 41906 66248 23577 82582 27903 40261 20666 15725 46681 49843 89222 77691 81313 60591 54211 38737 22925 33802 73418 66700 51486 40526 58340 90217 72056 21565 41345 27159 58173 22669 49075 57794 107983 94146 15365 43840 56633 59114 24404 6564 74283 83473 40194 89641 19251 66058 38755 24165 45883 67893 73751 36137 49990 56120 79286 48063 48768 79936 73330 56140 39053 42296 53779 38251 58046 94910 47789 72731 45698 67465 86943 82162 91759
51030 23973 55242 73363 35035 21380 24977 34816 25737 79724 28022 16052 20220 19972 38399 21341 17901 38828 12168 15795 31013 15063 27731 23187 87390 26778 25622 35681 18491 33354 21265 17333 15884 31296 72179 21661 54378 61679 22405 57285 16857 22961 75824 49124 58112 3552 24931 69078 25819 17767 11836 77210 0 39600 27770 68968 29130 26856 7700 33771 37150 50333 32081 14414 32367 38743 28082 53261 64393 20022 83184 27694 63846 57762 38650 48846 14203 2250 51863 60612 37105 26497 66624 62050 70995 12021 49381 42217 58224 62219 31999 31100 13128 2212 9340 68467 79344 50472 54342 44293 36714 47042 36610 41540 26708 15838 6001 57721 37102 53141 77039 56621 30448 49961 34623 17361 62928 61510 20592 26989 66361 71659 10102 6272 52234 14144 62735 63631 38735 64383 36675 9838 7995 41148 28341 31841 38487 38678 28468 38472 40852 22256 38192 61033 82254 55997 19655 41675 35075 28851 33184 30999 19126 21596 19191
84444 15676 87500 101797 71600 56508 29766 9767 34657 103715 38989 26692 25465 21673 73662 28008 55061 25822 27520 46873 8592 42166 29885 62007 113029 13382 57698 19539 54399 29785 53241 27754 54899 8624 90693 19481 81929 91789 18783 81133 22861 19312 92976 88454 40163 39371 16176 98363 13815 54252 33123 105806 39600 0 23412 97575 15624 39778 32309 71491 65919 86330 25087 25342 21067 53347 31478 86767 90831 36140 109074 37828 82818 82060 9327 80230 27973 37816 91368 98646 62974 16965 104664 101629 105763 28102 80326 65678 90278 93037 59988 56165 39240 37608 45027 107991 118298 87579 84766 72433 75473 86525 75218 65349 47496 24663 45166 84315 65084 86744 116327 83191 57330 89485 14082 36574 90452 99841 54883 46695 87781 99435 49375 36517 89789 27046 95680 103219 68501 86416 73703 43848 36961 71451 57280 49901 31806 76748 60561 31163 79679 51890 70080 99159 121066 93370 51288 17765 72442 67710 68584 39379 21290 23930 20770
62805 17126 65385 78667 52128 37367 6673 13939 11389 80303 15603 25353 7577 22857 53276 7151 45670 11187 20265 27428 18419 22426 6485 50420 89635 19665 36955 8563 36007 8374 32992 27919 39284 16475 67506 21751 58886 69044 10517 57759 18564 23496 69965 75010 30874 29666 21561 75386 15668 36264 16522 82668 27770 23412 0 74502 7941 16500 23859 52964 43536 65879 4736 16638 4926 29989 8088 65102 67566 14396 85697 42836 59528 58703 29314 58032 25066 27160 77138 79476 40119 24924 85378 86648 84243 17131 58004 42433 68043 70429 37729 33494 35271 25597 36484 91511 100033 67855 62211 49683 63668 72513 57504 42144 24681 21541 31288 61122 42557 65117 98827 60008 34977 73394 29893 35844 67304 80983 35495 23764 64389 76242 37461 28682 70378 23492 73623 88088 46258 63008 54463 26757 21198 49234 35480 26590 12889 58312 39560 12563 67660 30915 48406 80080 102521 73703 31193 15208 53545 55895 48550 16032 12701 6429 19137
21374 85859 16282 4399 38504 47873 67918 88418 63113 15993 59041 83760 72502 86033 33681 69652 71389 77587 77572 54183 90844 57586 68265 65994 19516 89284 43396 81060 50855 70410 47925 85670 56841 89582 26092 86824 15647 7985 79862 18717 81024 88673 29694 64130 83936 72080 89131 2114 86136 51814 67198 8343 68968 97575 74502 0 81993 58011 75237 42287 32493 28738 74307 77007 78067 46508 66769 20156 8339 61632 15486 96266 25743 17515 101491 20548 82010 71116 61729 38122 34657 91930 39539 62357 22807 74240 19807 32175 13908 8798 38339 41542 81082 69414 73265 57774 53439 33147 14855 25462 66893 61162 44653 32399 50087 81881 63880 13580 33004 20453 56749 14637 40742 52664 99643 85970 7350 40477 48413 50881 19650 3393 66291 75236 35045 81318 14555 62365 30432 18757 38623 59600 65421 27848 41649 48008 71505 41271 40506 72146 67129 47804 30873 38853 53531 33741 49735 86968 40494 65665 37877 59451 78613 73884 83416
69430 11307 72278 86201 57603 42558 14142 6733 19037 88149 23399 22065 10760 18342 59217 12693 46566 14641 18871 32647 10697 27720 14411 52315 97424 12971 42998 8574 40796 15449 38729 24330 42768 8612 75446 16688 66351 76313 7096 65519 15531 18082 77895 77937 33639 30151 15488 82810 9170 40852 19732 90209 29130 15624 7941 81993 0 24156 23397 57984 50552 71897 10804 15419 7391 37914 16017 71746 75209 20825 93460 38519 67463 66441 21447 64962 22354 27941 80405 84917 47438 18648 90889 90278 90837 17201 65007 50056 75007 77615 44655 40677 33680 26928 36766 95794 105116 73522 69358 56941 65827 75659 62171 49731 31948 18489 33757 68703 49662 71741 103572 67580 41955 77431 22484 33095 74850 86285 40794 31117 72286 83825 39219 28295 75904 20868 80493 91787 53195 70881 59837 30690 24208 56161 42119 34279 18898 63323 45761 18387 69945 37043 55018 85481 107734 79361 36826 12972 58747 57966 54288 23968 10467 9083 15058
47235 30279 49424 62167 38877 25640 10016 30435 5125 64082 1718 33474 16083 33298 39051 12732 42846 21522 26731 17142 33816 13466 10308 45037 73285 33507 23193 23447 25419 13742 20349 36067 31436 32222 52154 33149 42407 52674 23460 41371 27968 35117 54988 66256 36281 30097 34358 58917 29796 26143 16399 66168 26856 39778 16500 58011 24156 0 27609 40635 27569 51278 16699 24239 20206 14646 8901 49487 51080 7162 69310 50621 43952 42287 44782 42063 32328 27603 67633 65720 23781 37639 71432 76208 68592 22543 41941 25937 51983 54129 22010 17413 38741 25355 36074 79733 86697 53854 45966 33366 56929 63384 45739 25644 8715 30148 27096 44622 26469 49533 86106 43507 19231 62432 44214 41397 50804 67458 23691 7636 48398 59743 33771 31046 56594 30968 57657 77486 30381 46900 41340 20145 18911 33338 20421 10123 17121 45809 25280 17527 60486 17471 33036 66387 88940 59631 19055 29818 40810 49756 34883 4622 23428 17034 29764
58046 16635 62079 79636 42491 28336 22892 28414 25089 85211 28384 8669 16475 12279 45649 18684 23347 35023 4848 21135 23725 18718 25555 29786 93249 19246 31896 30877 25576 30783 27317 10434 23581 24245 76489 13969 60272 68168 16339 62450 9449 15267 79914 56153 54732 7099 17264 75475 18683 24987 11216 83541 7700 32309 23859 75237 23397 27609 0 41390 42960 57776 28514 7982 27922 41129 26322 60309 70195 20449 89059 23349 68108 63031 30966 55450 6847 5632 59066 68296 42209 18806 74311 69366 78330 6728 55903 46921 65047 68846 37441 35725 11691 6232 13403 76005 87025 58063 60818 50133 43317 54220 44307 46303 29787 8145 13678 63467 42722 60206 84670 62345 35528 57511 26943 13789 68929 69207 27294 29776 71174 77795 17072 4925 59875 6519 69746 70969 44819 69291 44212 15670 10304 47405 33876 34617 35908 46345 34843 35760 47508 27652 44745 68722 89944 63626 25506 36317 42653 35498 40409 31070 12947 17431 11644
21121 56540 26181 46322 4257 15599 46985 64604 43952 56665 42341 49810 47241 53642 9005 45980 29995 61455 45376 25542 63182 30549 48941 23816 61803 59700 17684 61447 17196 53847 20402 50901 18152 62872 56288 55181 32113 34303 52824 39023 49880 56619 60643 28952 76677 35797 58296 41612 57876 17246 38499 49591 33771 71491 52964 42287 57984 40635 41390 0 21902 17251 55449 46543 57803 40807 48138 22841 41057 38847 57750 57872 49461 38779 71995 22637 47964 35986 28958 27169 26499 60159 33195 36130 38084 43638 23695 31379 28946 33886 22835 27196 43000 35201 34386 39100 47146 16722 28029 25309 26045 25699 5432 30660 32869 49413 27777 35770 23203 22610 45884 35015 24643 22220 68312 48215 38552 28366 17497 34024 48540 45554 27184 39307 18501 47893 31878 37265 20523 46334 3721 27643 34535 20342 21854 35775 57729 5352 16433 58102 27536 23165 16389 27670 49752 22237 21983 68135 1802 23490 7716 44796 50206 48926 52355
19824 53503 21876 36871 18068 17455 36864 57180 32380 42604 28952 51386 40528 53545 15278 37927 43402 48813 45106 21827 58773 25095 37764 40376 50312 56929 11795 50988 20275 41111 15888 53383 27793 57670 37137 54333 17312 25999 47732 20686 48533 56180 41264 50831 60167 40464 56675 32950 53912 21431 34721 40836 37150 65919 43536 32493 50552 27569 42960 21902 0 25267 44261 44520 47655 21305 36441 22020 27272 29782 46116 64805 29373 20971 69241 14513 49665 39199 50588 40619 5194 59444 45837 56657 41053 41747 14471 9476 24507 27136 5949 10158 49841 37342 42773 57538 61690 28884 18858 7175 46831 47566 27112 8761 18934 49407 32641 20576 1478 22090 62079 19472 8598 43017 67198 54455 25979 42695 17295 19951 30252 34899 36417 43401 31888 48912 30116 57552 2870 28122 20221 27477 32985 5776 9161 18819 43560 25327 9437 44101 48937 15354 6770 41372 63527 34219 17538 57386 20912 42358 14190 30294 46278 42008 50931
8998 72024 13131 32130 15298 29978 59414 78626 55541 44477 52850 66357 61208 69880 12685 59344 47006 72798 61418 39458 78326 44243 60880 40235 47687 75315 28948 74005 32419 65017 33178 67634 35167 77735 48889 71259 24489 21232 67550 32823 65733 72819 53230 35484 85355 52643 74218 27499 73087 32857 53266 34773 50333 86330 65879 28738 71897 51278 57776 17251 25267 0 67523 62130 70460 46546 59777 9007 30408 51489 43928 75113 43971 32080 87763 14979 64507 52578 33348 15484 30375 76339 20571 35722 20855 59188 16060 32904 14900 19950 29680 34613 60186 51544 51606 33963 36447 4892 17695 23565 38693 32461 17374 32448 42640 65603 44421 27381 26709 8685 37144 27121 32354 24318 84484 65391 27462 17699 31490 43781 40860 32130 44387 56132 7684 64291 15757 36135 22519 38839 13832 42996 49859 20167 30858 43712 68057 14003 26329 68546 38568 34974 18704 16265 38263 9053 35103 80631 15632 38658 17762 54680 65280 62855 68234
63866 21269 66122 78376 54295 39886 8498 15320 12006 79190 15413 30046 12092 27384 55059 10866 49967 6765 24995 30099 21475 25182 6643 54410 88704 23500 38813 6776 38805 4741 35170 32595 42738 19306 65676 26157 58801 69246 14990 57005 23245 27830 67898 78520 26239 34145 25673 75311 19540 39181 20532 82355 32081 25087 4736 74307 10804 16699 28514 55449 44261 67523 0 21372 4030 28670 7829 66131 67078 16612 84850 47464 57899 58008 32026 58760 29791 31604 80490 81536 40428 28984 87367 89800 85255 21790 58638 42133 68679 70752 38638 34108 39980 29941 40957 94300 102297 69784 62625 50005 67515 75934 60187 41927 25351 26237 35235 60798 43168 66169 101319 59705 35857 76372 33288 40578 67026 83141 37963 24312 63075 75861 41574 33301 72406 28217 74356 91201 47063 61822 56689 30182 25135 50025 36765 26345 8377 60770 41238 7976 71448 32796 49577 82167 104689 75614 33484 13160 55901 59802 50541 14912 17383 11104 23702
61346 9998 64978 81376 47047 32164 17203 20555 20560 85709 24571 9449 9904 9341 49628 12887 31263 27618 3651 23310 16814 19427 19595 37407 94241 13197 34505 23071 29752 24268 29853 12102 29571 16917 75524 9829 61616 70373 8358 62739 4051 11720 78651 63530 47375 14875 12273 77457 11529 29441 9825 85349 14414 25342 16638 77007 15419 24239 7982 46543 44520 62130 21372 0 20297 38692 20675 63657 71283 17531 90102 27083 67178 63450 25634 58001 8699 12870 66274 73698 42843 14925 79727 76430 82236 2942 58306 46916 67891 71287 38677 36010 18742 12334 21375 82653 93061 62942 63080 51567 50962 61455 50024 46389 28658 5918 19829 64550 44024 63590 91004 63412 36379 64151 22785 19267 70329 74789 30757 28334 70892 79326 24433 12877 64992 7160 72930 78000 46730 69153 49004 19138 12287 49522 35382 32871 29246 51718 37483 29010 55131 29326 47394 74179 95875 68657 27900 28357 47616 43109 44419 26807 4966 10379 6412
67120 18479 69531 82166 56884 42204 11046 11301 15275 83159 19047 28297 12175 25120 57902 12078 50237 7560 23944 32285 17836 27291 9908 55188 92644 20352 41592 3651 40896 8722 37732 30740 44201 15593 69704 23670 62518 72872 12900 60900 21515 25204 71925 79913 27180 34064 22778 79035 16496 41169 21351 86153 32367 21067 4926 78067 7391 20206 27922 57803 47655 70460 4030 20297 0 32640 11326 69403 70916 19079 88775 45343 61919 61891 28181 62168 28276 31617 82058 84212 43987 25994 90092 91574 88544 21249 62087 45900 72134 74335 41938 37531 39037 30172 40866 96413 104832 72543 66167 53572 68489 77427 62384 45669 28722 24544 36098 64588 46610 69430 103680 63489 39165 78313 29737 39129 70807 85748 40317 27730 67066 79675 42179 32819 75100 26720 77771 93014 50424 65797 59237 31680 26036 53396 39873 30063 11555 63148 44131 11021 72499 35549 52764 84824 107294 78387 35963 10332 58354 60697 53247 18799 15789 10777 21580
40361 44886 41174 50372 37757 29066 24127 43693 19324 50521 14825 47732 30705 47864 36085 27324 52164 31178 40921 24787 48058 23722 23505 52327 60055 48074 23980 35230 30341 24358 23931 50268 38081 46308 37650 47778 31521 42444 38012 28540 42512 49747 40373 69147 39279 42241 48998 47736 44297 31440 30067 54288 38743 53347 29989 46508 37914 14646 41129 40807 21305 46546 28670 38692 32640 0 21901 42355 38864 21192 56237 64448 29566 29601 59046 34187 46458 39993 69640 61924 16172 52285 67102 76798 60670 36767 33699 15086 43254 44256 18087 13640 51522 37712 47314 78492 82986 50169 36680 24493 62276 66000 46238 15187 12193 44561 37189 32935 19847 42488 83355 31906 16180 62926 58767 54789 39158 63995 27493 11769 34450 47734 43330 43877 53160 45182 49072 77837 24028 33156 40174 29978 31389 26524 19149 7019 25005 45222 24457 25652 65241 20843 28019 62677 84783 55521 23817 40738 40335 56074 33519 13969 38074 31575 44375
56037 24074 58308 70887 46784 32682 3485 21906 4249 72250 7729 30081 10883 28650 47371 7814 45566 13318 23933 23156 26327 18452 1607 49131 81622 26977 31199 14551 31868 5878 27755 32735 36579 24478 59444 27977 51203 61548 17108 49781 23678 29868 61952 72220 30620 30730 28439 67720 23037 32364 16270 74879 28082 31478 8088 66769 16017 8901 26322 48138 36441 59777 7829 20675 11326 21901 0 58302 59691 9724 77705 47751 51446 50745 37286 50945 29359 28120 73964 73928 32675 31821 79724 83008 77426 20009 50835 34618 60879 63019 30809 26291 38006 26131 37359 87144 94773 62133 54865 42259 61840 69514 53015 34371 17523 26376 30137 53316 35359 58341 93932 52211 28028 69423 37496 39597 59524 75578 30735 16490 56308 68418 36757 30668 64794 27833 66544 84364 39237 54940 49205 24210 20373 42202 28975 18763 10663 53423 33543 10792 65641 25227 41758 74572 97115 67950 26165 20985 48499 54296 42949 7952 18186 11018 24902
2324 73277 4129 23865 19544 31975 58466 78454 54167 35646 50917 68978 61323 72026 15166 59054 52693 70823 63455 40383 79150 44748 59567 46643 39476 76658 29231 72811 34787 63105 33843 70536 39254 78302 40079 73184 16184 12391 68157 24546 67479 74877 44390 44412 81625 55970 75917 19150 74050 35498 54249 26894 53261 86767 65102 20156 71746 49487 60309 22841 22020 9007 66131 63657 69403 42355 58302 0 21404 50949 35569 79438 35592 23691 89135 8262 67149 55500 42349 22408 26570 78329 26272 44489 19144 60739 8989 27670 6287 11402 27493 32130 64273 54153 55958 41928 42180 13817 9004 17991 46753 41346 24618 27382 40788 67749 47615 18724 23267 322 43793 18598 30274 33325 86379 69383 18455 24824 33085 41851 32080 23537 48762 59359 16319 66730 9487 44808 19161 30116 19120 44857 51440 16265 29651 40794 65563 21206 26292 66110 46986 34887 16729 23220 43457 16434 35809 79284 21045 45836 20193 52314 66245 62901 69969
21768 79763 17293 11612 36953 43925 61073 81505 56205 15831 51993 78551 66090 80470 32078 63103 68744 70036 72147 49065 84411 52002 61223 64112 23054 83172 38836 73788 46888 63028 43132 80602 53597 83031 19588 81108 10041 10108 73531 10552 75329 83001 23661 65657 75751 67664 83232 10159 79868 47948 61464 15448 64393 90831 67566 8339 75209 51080 70195 41057 27272 30408 67078 71283 70916 38864 59691 21404 0 55235 18871 91998 17767 9388 95198 18421 76856 66460 63726 42319 28461 86154 44697 65665 29644 68611 17371 25153 16137 12256 32790 35349 76944 64613 69533 62183 59486 35211 13289 20105 66698 62532 44317 25494 43547 76413 59686 6743 27477 21726 62299 7877 34926 54719 93682 81650 2996 44752 44163 44243 12186 8884 62814 70653 37596 76049 19378 65876 25726 10878 37605 54749 60121 23616 36320 40976 63852 41110 36122 64504 67454 42544 27264 43102 59911 37100 44809 79536 39337 64503 35431 52169 72516 67395 77658
48638 24687 51455 65911 37811 23275 8139 27513 6132 69019 8075 26555 10873 26787 38880 8151 36717 22834 19758 13531 29218 8734 10227 39713 77905 28055 22560 22692 22255 15602 18657 29111 26885 27969 58107 26876 46002 55668 18295 46074 21423 28843 61161 62496 40191 23140 28469 62337 24643 22697 9237 69920 20022 36140 14396 61632 20825 7162 20449 38847 29782 51489 16612 17531 19079 21192 9724 50949 55235 0 73837 43527 49793 46884 39962 44147 25327 20602 64253 65133 26976 31625 71016 73361 70063 15588 44210 30267 54195 56898 23860 20099 31613 18389 29333 77699 85782 53476 48626 36338 52229 59793 43579 29832 11718 23377 21022 48593 28949 50950 84727 47457 21191 59839 38699 34238 54626 66677 21354 11154 53779 63648 27725 23930 56022 24016 59668 74734 32389 52133 40175 14643 12027 35350 21304 15421 20253 44175 25182 20445 55988 16520 34221 65746 88224 59321 16913 29379 39332 44760 34174 10990 17520 12266 23419
36855 98454 31758 11801 53920 62476 79326 99606 74423 7281 70095 97421 84650 99312 49071 81585 86630 87238 91009 67927 102914 70859 79272 81408 4208 101852 57581 91461 65455 80595 61942 99470 71831 101455 24812 99921 28816 23463 92118 27942 94151 101822 26439 79048 90621 86419 101993 16450 98478 66476 80290 9916 83184 109074 85697 15486 93460 69310 89059 57750 46116 43928 84850 90102 88775 56237 77705 35569 18871 73837 0 110731 29203 27030 113769 35691 95726 85271 76423 51535 47260 104948 51805 76127 33382 87449 34838 43586 29287 24167 51660 54116 95624 83448 88044 70501 63800 48122 30013 38942 82321 76165 60126 44005 62120 95269 78364 25611 46346 35859 67908 26741 53776 67400 112411 100391 20296 53744 62828 62752 22815 12197 81191 89452 49753 94919 28787 75954 44457 23489 54096 73583 78992 42171 55187 59191 80880 56736 54806 81552 82457 61412 45572 52193 63208 47983 63645 96907 55960 81149 53090 69977 91218 85903 96464
77319 27320 81860 100644 60212 48394 44283 40067 47471 107401 51212 17680 36912 20230 64280 39970 29709 52896 24029 43420 31727 41821 46627 37815 114939 26800 53164 47093 45413 50972 48920 15034 40208 33732 99587 21843 81965 88776 32534 84969 24321 20639 103105 62453 72155 24342 23693 96246 29723 44476 34406 104421 27694 37828 42836 96266 38519 50621 23349 57872 64805 75113 47464 27083 45343 64448 47751 79438 91998 43527 110731 0 91219 85454 30722 75888 18456 25751 66300 82576 64760 21422 88319 76836 95955 28183 76518 69764 84839 89129 59690 58580 15212 27810 23538 85338 98534 74191 81497 71923 48718 61653 59050 69107 53109 21443 32395 85355 64789 79277 95072 84263 58083 67879 24771 10350 90443 82900 47915 53120 93978 99062 30769 21524 75315 19943 88896 78549 66286 92025 61317 37504 33472 68584 56034 57966 55723 61893 55926 55396 52612 49928 65393 82818 101753 79128 47345 50335 59484 42438 59285 53671 30157 37117 23796
35007 74192 31974 27874 45225 46500 53670 73109 48825 22440 44327 75669 60002 76506 40888 56680 72572 59374 68891 48097 77614 49426 53052 69743 32419 77451 40508 64217 49120 53364 43657 78045 56957 75874 8382 76668 19491 27017 67411 11157 71153 78635 12056 77160 61437 67369 78173 27738 73745 50323 57798 30946 63846 82818 59528 25743 67463 43952 68108 49461 29373 43971 57899 67178 61919 29566 51446 35592 17767 49793 29203 91219 0 11911 88602 29285 74188 65597 75976 57876 27293 81385 61069 79635 47259 64904 28129 21782 31965 29316 32717 32751 76962 63455 70854 77518 76411 48838 26599 24195 75375 73900 53945 22512 38590 72865 60389 16993 28666 35890 78778 17001 33643 67344 88160 81045 20150 60313 45975 38849 6590 25013 65067 69788 51629 73090 36382 80097 29571 6987 46714 54060 57826 29155 36273 34373 52903 51267 38632 53588 76992 41845 33200 58685 77082 52025 44792 69142 48032 71515 42258 43496 67197 60985 73208
23103 71549 20145 20999 34523 38382 52303 72628 47404 22264 43100 71163 57661 72736 29926 54570 64120 60776 64593 42083 75898 44481 52300 60404 31045 74932 32754 64680 41236 53870 36644 73339 48590 74426 17558 73229 7591 16174 65138 1218 67500 75154 21942 65739 66424 61163 75179 19104 71506 42381 53691 24818 57762 82060 58703 17515 66441 42287 63031 38779 20971 32080 58008 63450 61891 29601 50745 23691 9388 46884 27030 85454 11911 0 86772 17545 69532 59724 64379 46020 20823 78200 49375 67772 36622 60884 16376 16621 20380 18456 25764 27481 70639 57747 63730 65619 64897 36955 14713 14386 64824 62502 42912 17092 35170 68790 53523 5369 20759 23987 67072 5149 27504 55648 85539 75122 10412 48452 38265 35764 9778 18256 57376 63951 39728 68620 25238 68214 20248 7568 35756 47957 52794 19017 29423 32165 54548 40051 30363 55205 66149 35545 23080 46830 65723 40125 38129 70328 37229 61588 32041 43100 64333 58894 69758
86817 15860 90276 105801 72653 57798 34934 17423 39801 108783 44289 23544 29120 18847 75255 32219 52018 33995 26651 48757 10989 44483 35685 59544 117815 12484 59911 27456 55370 36755 55293 23731 54494 12843 96683 17001 85897 95239 21667 85924 22117 15910 99238 86095 49395 37591 13734 102109 15355 55021 34894 109805 38650 9327 29314 101491 21447 44782 30966 71995 69241 87763 32026 25634 28181 59046 37286 89135 95198 39962 113769 30722 88602 86772 0 83167 25201 36589 89313 99080 66875 12539 105106 99776 107827 28576 83389 70183 93149 96303 63302 59970 35233 36949 42273 106803 117991 88506 88039 76073 72685 84455 75192 69771 51663 22822 44574 88549 68571 89080 115601 87413 60789 88349 5953 31611 94554 100070 56373 51016 93180 103581 47669 34323 90487 24758 98322 101417 71644 91672 74570 44768 37916 74524 60262 54771 39536 77086 62866 38936 76880 54446 72690 99532 120903 94184 53326 26771 73135 65143 70051 45214 22990 27885 19640
6584 67337 7364 24863 18553 27544 51362 71619 46893 34077 43416 64075 54778 66727 13669 52297 50938 63186 58171 34748 72890 38703 52275 45880 39846 70751 23617 65495 30508 55528 28266 65840 36294 71890 34908 67712 10099 12889 61846 18149 61935 69487 39299 48296 73466 51840 70261 20373 67915 31415 48347 28558 48846 80230 58032 20548 64962 42063 55450 22637 14513 14979 58760 58001 62168 34187 50945 8262 18421 44147 35691 75888 29285 17545 83167 0 62282 51036 46845 29951 18651 72860 34255 50402 26715 55136 1172 19415 10050 13396 20320 24654 60681 49459 52759 48930 50231 19737 5700 9745 48364 45080 26045 19142 33447 62494 43561 13522 15601 8437 51570 12966 23057 38104 80784 65634 15954 32302 28261 34456 26904 23584 45753 55083 22649 61710 15603 50920 11778 24763 19201 39788 46008 8805 22977 32993 57757 22951 20641 58323 49296 28734 10706 30760 51614 23670 30177 71871 20917 46096 17399 44624 60180 56300 64391
64887 12889 68925 86408 49211 35174 25880 26011 29023 91756 32835 1850 18600 6449 52451 21555 27165 35769 5604 27848 19660 25065 28293 34431 99908 14593 38710 30654 32397 32907 34112 3857 29968 20754 82568 8556 66969 74983 15486 68916 6834 9298 85880 60993 55455 12515 11963 82273 15343 31782 16479 90323 14203 27973 25066 82010 22354 32328 6847 47964 49665 64507 29791 8699 28276 46458 29359 67149 76856 25327 95726 18456 74188 69532 25201 62282 0 11979 64144 74707 48718 12705 80705 74585 85113 9790 62727 53268 71893 75677 44071 42113 11644 13016 17211 81634 93083 64672 67634 56831 47734 59284 50655 52675 35643 3879 20188 70119 49380 67044 90533 68993 42065 63208 20661 10853 75644 75538 34141 35501 77485 84537 22511 9144 66408 1575 76589 76223 51581 75644 50876 22495 16754 54196 40545 40246 37828 52826 41664 37563 51941 34323 51577 75108 96059 70180 32277 35184 49278 40078 47215 35236 12501 18986 7730
53267 22150 57463 75512 37281 23600 24892 33405 26077 81738 28669 13826 19584 17842 40647 21044 18690 38307 10301 17669 29224 16479 27644 24538 89474 24851 27741 34828 20723 33186 23330 15083 18036 29617 73946 19588 56457 63857 21066 59225 14983 20831 77545 50725 57770 2611 22895 71245 24093 20011 11888 79369 2250 37816 27160 71116 27941 27603 5632 35986 39199 52578 31604 12870 31617 39993 28120 55500 66460 20602 85271 25751 65597 59724 36589 51036 11979 0 53561 62780 39009 24359 68787 63816 73244 10740 51560 44042 60444 64416 33965 32882 11564 2286 9362 70384 81407 52693 56516 46355 38093 48724 38756 43377 28085 13768 8209 59775 39114 55381 79038 58670 32332 51886 32467 15469 65030 63655 22776 28291 68234 73786 11598 4228 54436 11977 64972 65411 40837 66275 38911 11769 8735 43282 30319 33166 38340 40866 30610 38286 42260 24183 40370 63194 84335 58204 21672 40655 37303 30239 35431 31584 17723 20852 17248
42029 75693 46477 64706 32530 42085 72079 86481 70043 77649 69347 65770 70276 70569 35815 69996 37664 86999 63850 50869 82777 55518 74438 29808 79893 78253 45939 85660 42264 79839 47510 65754 37861 83153 81711 72582 56924 54509 74061 64927 68510 73438 86095 4277 103893 52046 75991 60273 77649 41654 60929 66779 51863 91368 77138 61729 80405 67633 59066 28958 50588 33348 80490 66274 82058 69640 73964 42349 63726 64253 76423 66300 75976 64379 89313 46845 64144 53561 0 26717 55376 76776 29938 10586 46400 63765 48016 60007 48136 53053 51774 56000 54783 53950 47063 19443 33996 28661 50741 52732 17596 4859 23567 59322 60751 66934 46693 60178 51957 42028 29589 59744 53463 9068 84398 59435 60796 25290 44007 61856 73681 65091 41995 55106 26705 64737 47637 12284 48838 71571 30393 50386 56299 47969 50530 64236 84267 25340 45183 84538 13930 50622 44442 26350 37379 28583 48610 92159 29718 24354 36575 72093 70887 71899 70678
23451 83696 25904 40264 27359 42360 73219 91587 69680 53985 67350 76538 74157 80576 26689 72660 53037 87137 72432 52285 90350 57255 74915 45193 54631 86836 42733 87820 44271 79381 46486 77414 44746 90024 61746 82190 38576 32254 79947 46915 76981 83563 65933 30279 100489 62306 85358 36325 85045 44394 65598 41645 60612 98646 79476 38122 84917 65720 68296 27169 40619 15484 81536 73698 84212 61924 73928 22408 42319 65133 51535 82576 57876 46020 99080 29951 74707 62780 26717 0 45770 87102 6029 24613 19784 70800 30928 48383 26271 30270 44672 49616 68460 62174 59794 19863 21123 11909 31311 38981 38791 28167 24072 47931 57241 76391 54619 40899 42078 22129 21687 40887 47249 18678 95235 73650 39340 2443 44134 58402 53899 41270 52908 65804 9135 74752 23583 24422 37924 52068 25082 54799 61699 35641 45411 58756 82718 21995 40448 83173 37011 48741 33940 813 23222 6432 48291 94501 26220 41768 30996 69382 77367 75836 79444
24467 51338 25933 38939 22868 19402 33469 53952 28781 43040 25017 50360 37847 52068 20393 35008 45409 44598 43832 21340 56191 23688 34085 43206 51400 54754 13343 47198 21896 36997 16389 52519 29852 54928 35444 52661 19029 28925 45224 20253 46892 54563 39346 55441 55214 40560 54772 35392 51523 23107 33033 42947 37105 62974 40119 34657 47438 23781 42209 26499 5194 30375 40428 42843 43987 16172 32675 26570 28461 26976 47260 64760 27293 20823 66875 18651 48718 39009 55376 45770 0 57697 50931 61696 45366 40203 18376 5680 28351 30348 5431 6909 50108 36988 43643 62717 66818 34064 22197 9585 50681 52195 31823 4904 15491 48061 33231 21746 3717 26672 67259 20606 6692 47988 65230 54455 27681 47864 18726 16359 29271 36709 37774 43236 37073 47824 34102 62621 7857 27279 25121 27269 31974 10430 8995 14360 39108 30241 11928 39676 53026 14851 11964 46528 68614 39360 17636 53451 25658 45700 18812 26032 44088 39228 49206
76030 7808 79778 96298 61101 46546 28750 18842 33165 100435 37579 11013 21620 6526 64013 25032 39510 33265 14932 38119 10322 34351 30357 47005 109075 5764 49298 26945 43948 33266 44638 11293 42380 12419 89669 5151 76524 85282 14717 77455 10931 3541 92606 73558 51670 25178 3386 92380 9499 43482 24737 100273 26497 16965 24924 91930 18648 37639 18806 60159 59444 76339 28984 14925 25994 52285 31821 78329 86154 31625 104948 21422 81385 78200 12539 72860 12705 24359 76776 87102 57697 0 93117 87244 96708 17734 73187 61611 82706 86173 53598 50833 22883 24959 29735 94339 105715 76796 77981 66487 60169 71918 63106 61112 43168 10754 32484 79427 58942 78250 103219 78289 51279 75910 8157 19722 85237 88006 45279 42727 85386 94239 35212 21847 78655 12397 87665 88888 61646 83709 62903 33514 26908 64425 50306 47022 37321 65145 52281 36859 64368 44232 62218 87527 108667 82395 42702 29266 61386 52607 58774 39228 14216 20960 8515
27671 89725 29302 41087 33299 48338 79083 97566 75475 55012 73047 82533 80129 86590 32384 78594 58703 92894 78458 58247 96375 63207 80736 50772 54557 92865 48554 93692 50281 85127 52387 83387 50752 96042 64280 88212 42145 34604 85958 50351 83010 89578 68340 33842 105906 68288 91383 37592 91071 50414 71605 41906 66624 104664 85378 39539 90889 71432 74311 33195 45837 20571 87367 79727 90092 67102 79724 26272 44697 71016 51805 88319 61069 49375 105106 34255 80705 68787 29938 6029 50931 93117 0 25710 18673 76828 35138 53194 29112 32448 50149 55093 74325 68195 65672 18730 15999 17592 34823 43634 43577 32135 30054 52788 62895 82410 60633 44106 47275 26030 17710 44229 52776 22873 101247 79502 41785 5460 50097 64050 56627 42471 58834 71782 15004 80761 25388 25120 43076 54927 31055 60819 67722 40643 51061 64219 88370 28023 46197 88839 41437 54579 39258 5597 17692 11806 54210 100366 32229 47100 36847 75011 83388 81807 85471
44720 85965 48488 64754 39055 50576 81329 96469 78978 78324 77927 76232 79979 80996 41409 79497 48237 96190 74116 59853 93037 64658 83586 40337 79243 88592 53732 95203 51141 88856 55879 76269 47536 93339 84561 82985 60184 55865 84081 68478 78793 83883 88879 14419 112465 62392 86387 60659 87867 50664 70660 66248 62050 101629 86648 62357 90278 76208 69366 36130 56657 35722 89800 76430 91574 76798 83008 44489 65665 73361 76127 76836 79635 67772 99776 50402 74585 63816 10586 24613 61696 87244 25710 0 43985 73856 51541 65810 49573 54093 58721 63259 65352 64096 57565 10074 25228 30833 53387 57635 28118 15390 30752 65184 68846 77301 56711 63096 58097 44171 20184 62841 60703 13910 94913 70019 62672 22501 52530 69985 76548 65596 52305 65511 28171 75139 47827 1716 54552 74547 36674 59923 66087 53194 57979 71904 93101 31588 52553 93413 24297 58879 50110 23987 28586 28685 57170 101771 36472 34928 43284 80548 80961 81625 81000
21438 91994 19511 23360 36033 50162 77609 97555 73302 37233 69999 86959 80356 90307 32703 78150 67568 89854 81779 59117 98030 63640 78701 60449 35956 95344 48087 91946 52793 82164 52622 88324 56006 97256 48782 91589 30697 20457 87084 37778 85964 93213 52486 49783 99873 73409 94441 20707 92876 53343 73022 23577 70995 105763 84243 22807 90837 68592 78330 38084 41053 20855 85255 82236 88544 60670 77426 19144 29644 70063 33382 95955 47259 36622 107827 26715 85113 73244 46400 19784 45366 96708 18673 43985 0 79300 27050 45641 17511 18167 46621 51201 81041 72107 72458 37386 30848 22267 24201 36215 56726 47421 37534 45489 59906 86021 65136 31315 42237 19125 34612 31841 49401 37967 104821 86245 27110 21595 51485 60958 41807 25231 65242 76883 22120 84825 11774 43562 38218 40496 34684 63208 69957 35277 48779 59701 84471 34366 45204 85034 55594 53880 35848 20263 30757 18819 54589 98402 36486 58176 37946 71307 85055 81950 88465
58430 12907 62089 78616 44111 29222 16533 22798 19310 83147 23049 10967 9786 11865 46686 12233 29391 28298 4188 20416 19626 16658 19112 35184 91599 16135 31609 24293 26815 24180 26953 13532 26802 19594 73267 12598 58896 67550 10384 60196 6804 14433 76472 61105 48004 12997 15179 74664 14320 26513 7197 82582 12021 28102 17131 74240 17201 22543 6728 43638 41747 59188 21790 2942 21249 36767 20009 60739 68611 15588 87449 28183 64904 60884 28576 55136 9790 10740 63765 70800 40203 17734 76828 73856 79300 0 55455 44403 65007 68440 35935 33411 18271 9857 19720 79948 90229 60014 60247 48822 48724 58964 47172 43857 26319 7969 17165 61872 41284 60670 88225 60735 33687 61455 25669 19593 67609 71907 27819 26071 68474 76593 22119 11580 62075 8433 70024 75413 43918 66703 46077 16197 9346 46691 32596 30717 29277 48828 34590 29108 52869 26501 44512 71285 93028 65734 25005 29956 44698 40862 41477 25490 7125 10702 9258
7493 67575 7561 24154 19582 28138 51331 71645 46814 33078 43265 64511 54893 67091 14708 52361 51803 62966 58547 35102 73056 38960 52185 46842 39006 70994 24024 65386 31112 55337 28655 66308 37056 72021 33736 68043 8927 12298 62008 16988 62258 69832 38127 49467 72968 52414 70554 19731 68112 32044 48615 27903 49381 80326 58004 19807 65007 41941 55903 23695 14471 16060 58638 58306 62087 33699 50835 8989 17371 44210 34838 76518 28129 16376 83389 1172 62727 51560 48016 30928 18376 73187 35138 51541 27050 55455 0 18814 10047 12989 20353 24555 61320 49949 53458 49991 51095 20844 4978 9207 49474 46251 27173 18581 33369 62870 44160 12364 15478 9191 52515 11797 23059 39271 81083 66246 14964 33291 28789 34358 25733 22779 46488 55630 23739 62129 15738 52049 11825 23591 20292 40234 46374 8885 23142 32735 57470 24096 21063 58043 50433 28999 11190 31738 52429 24680 30548 71727 21988 47132 18280 44398 60399 56399 64706
25823 54928 26186 36269 27516 25080 35921 56371 31060 38824 26897 54850 41064 56228 24424 38010 51067 45589 48196 26426 59338 28225 36130 48869 47640 58312 19018 48887 27547 38282 21895 57103 35525 57913 30028 56666 16734 27492 48535 15845 50961 58600 33836 60302 54234 45715 58572 33204 54899 28761 37207 40261 42217 65678 42433 32175 50056 25937 46921 31379 9476 32904 42133 46916 45900 15086 34618 27670 25153 30267 43586 69764 21782 16621 70183 19415 53268 44042 60007 48383 5680 61611 53194 65810 45641 44403 18814 0 28187 29233 11075 11203 55297 41954 49071 66168 69185 37028 21595 9681 56092 57035 36574 780 18551 52343 38611 18699 8220 27832 70046 17593 11866 52292 68919 59511 24907 50596 24370 19167 24255 33812 43342 48258 40068 52288 34002 66643 11262 22379 29615 32392 36622 12882 14534 15860 39687 34696 17559 40304 58314 20085 15707 49168 70758 41955 23011 54850 30371 51281 23666 27292 47714 42322 53191
7831 77305 2985 17579 25453 36844 61371 81659 56861 29578 53297 73703 64825 76511 20844 62345 58626 72947 67941 44592 82916 48668 62232 52762 33189 80714 33407 75430 39749 65343 38068 75380 44785 81931 35474 77555 13573 6378 71874 21418 71795 79305 39672 50376 82397 61079 80161 12862 77921 40556 58291 20666 58224 90278 68043 13908 75007 51983 65047 28946 24507 14900 68679 67891 72134 43254 60879 6287 16137 54195 29287 84839 31965 20380 93149 10050 71893 60444 48136 26271 28351 82706 29112 49573 17511 65007 10047 28187 0 5123 30357 34602 69636 58972 61458 46120 44520 19475 6697 18936 53035 47361 30897 28068 43416 72258 52738 15048 25525 6573 46820 15275 33082 39074 90673 74688 13142 28712 37757 44405 27649 17297 54313 64405 21640 71383 5818 49755 21814 25868 25231 49439 55811 18846 33016 42699 67378 27489 30424 67960 53223 38702 20496 27064 45363 20965 40005 81758 27144 52081 25596 54382 70170 66349 74264
12791 80510 7706 12491 30269 40879 63765 84198 59121 24597 55341 77468 67663 80079 25552 65033 63382 74662 71533 48090 85898 51920 64433 57684 28087 83932 36995 77527 43827 67190 41635 79236 49255 84806 31844 81030 13002 2306 74852 19615 75243 82820 35893 55382 82986 65178 83528 7767 81000 44699 61579 15725 62219 93037 70429 8798 77615 54129 68846 33886 27136 19950 70752 71287 74335 44256 63019 11402 12256 56898 24167 89129 29316 18456 96303 13396 75677 64416 53053 30270 30348 86173 32448 54093 18167 68440 12989 29233 5123 0 33082 36956 73916 62853 65862 50110 47294 24418 8277 20763 58154 52393 35988 29250 45751 75856 56872 13167 27957 11692 50044 13753 35709 43985 94058 78913 9390 32685 41646 46671 24316 12191 58771 68445 26430 75098 7144 54193 24660 22765 30184 53182 59362 21790 36042 44493 68878 32587 34025 69485 58342 41969 24101 31038 47820 25407 43533 83716 32084 57123 30090 56173 73316 69138 77688
25231 47579 27662 42702 19672 14034 31065 51302 26683 47811 23477 45761 34584 47765 18241 32010 39992 43442 39382 16360 52824 19279 32081 37960 55839 51005 7969 45325 16474 35689 11023 47829 24459 51726 40841 48501 22971 31943 41783 25296 42704 50364 44767 51526 55820 35409 50794 38849 47968 17687 28862 46681 31999 59988 37729 38339 44655 22010 37441 22835 5949 29680 38638 38677 41938 18087 30809 27493 32790 23860 51660 59690 32717 25764 63302 20320 44071 33965 51774 44672 5431 53598 50149 58721 46621 35935 20353 11075 30357 33082 0 4946 44913 32011 38287 60523 65793 32777 24804 12889 45951 48323 28260 10307 13301 43664 27918 26050 5349 27532 65781 24923 2781 44862 61310 49359 31681 46607 13299 14380 34523 40658 32352 38190 35685 43260 35897 59751 8543 32489 22088 22197 27332 11515 3667 14084 38446 27138 6988 38955 48492 9811 11096 45390 67811 38380 12386 51792 22276 40663 15437 25080 40348 36070 45083
29903 44431 32017 45836 24295 16178 26823 47243 22260 49743 18798 43718 30962 45270 23138 28170 41224 38698 37116 15352 49303 17051 27630 40125 58243 47847 10566 40842 18036 30975 11749 45940 26107 48066 41079 45816 25928 35637 38324 26822 40061 47727 44750 55535 50879 34619 47886 42238 44617 19230 26223 49843 31100 56165 33494 41542 40677 17413 35725 27196 10158 34613 34108 36010 37531 13640 26291 32130 35349 20099 54116 58580 32751 27481 59970 24654 42113 32882 56000 49616 6909 50833 55093 63259 51201 33411 24555 11203 34602 36956 4946 0 44211 30773 38301 65316 70736 37719 28721 16269 49132 52376 32625 10578 8820 41309 27803 28645 9079 32188 70694 27505 2556 49365 58333 48347 34590 51545 14917 9805 35457 43617 32999 37089 40621 41165 40253 64331 12983 33566 26748 21311 25432 15931 5569 9141 33580 31732 10817 34101 51919 9312 15977 50333 72757 43326 12418 47228 26790 43347 20050 20241 37181 32362 42354
62140 24514 66656 85455 45151 33212 34582 37643 36621 92439 39666 12615 28054 17593 49129 30371 17122 46342 15093 28876 31142 28038 37246 25087 99832 25954 38121 41722 30229 42437 34002 11602 25107 32355 85285 19798 66904 73570 26640 70205 18234 19990 88948 51318 66097 9593 23065 81044 26984 29275 22462 89222 13128 39240 35271 81082 33680 38741 11691 43000 49841 60186 39980 18742 39037 51522 38006 64273 76944 31613 95624 15212 76962 70639 35233 60681 11644 11564 54783 68460 50108 22883 74325 65352 81041 18271 61320 55297 69636 73916 44913 44211 0 13828 8684 73100 85492 59516 66297 56914 37697 49963 44590 54611 39649 15461 17261 70337 49901 64117 82455 69255 43486 55016 29908 5223 75328 68973 32797 39844 79378 83900 15819 7705 60819 12962 73742 67033 51218 77377 46359 22909 20154 53456 41246 44722 47545 47261 40829 47378 41857 35264 50211 68761 88613 64639 32527 46616 44561 30430 44101 42463 23395 28879 19374
51899 22032 55997 73813 36259 22183 22967 32654 23949 79816 26444 14858 18037 18441 39437 19247 20076 36680 10329 15664 29034 14237 25723 25387 87648 24925 26018 33476 19384 31316 21527 16409 17554 29246 71812 20016 54633 62237 20234 57227 14987 21419 75384 51254 56019 4752 23215 69590 23804 18768 9861 77691 2212 37608 25597 69414 26928 25355 6232 35201 37342 51544 29941 12334 30172 37712 26131 54153 64613 18389 83448 27810 63455 57747 36949 49459 13016 2286 53950 62174 36988 24959 68195 64096 72107 9857 49949 41954 58972 62853 32011 30773 13828 0 11229 70400 81105 51854 54888 44511 38906 49138 38243 41298 25823 14221 7647 57911 37207 54044 78884 56800 30301 51892 33112 17590 63240 63128 21223 26017 66174 72040 12293 6339 53696 12749 63605 65668 39062 64231 37989 9865 6462 41566 28382 30894 36460 40199 28927 36430 43037 22206 38766 62612 83985 57437 19805 39463 36443 31043 34199 29378 16977 19399 17380
53867 29521 58489 77610 36675 25608 34189 41784 35077 85190 37292 18758 28913 23659 40792 30398 10056 47648 18151 23124 36550 23650 36945 17272 92246 31676 30979 43998 22650 42519 27265 18710 16704 37330 79074 25752 59507 65627 29732 63388 22466 26455 82904 43824 67132 6818 29166 73126 31762 21587 21089 81313 9340 45027 36484 73265 36766 36074 13403 34386 42773 51606 40957 21375 40866 47314 37359 55958 69533 29333 88044 23538 70854 63730 42273 52759 17211 9362 47063 59794 43643 29735 65672 57565 72458 19720 53458 49071 61458 65862 38287 38301 8684 11229 0 64961 77050 50851 58424 49691 30524 42209 35906 48347 35139 20368 10499 63030 42997 55791 74154 61977 37213 46712 37350 13902 67768 60335 25490 35560 72779 76172 7231 8637 52136 17993 65398 59222 43881 70714 37794 17417 17317 45929 34654 40320 47669 38587 33495 47626 34731 29045 42481 60103 80138 55957 26062 49638 35974 22883 35864 40290 26340 30134 24307
42672 92427 45616 59614 41162 54465 85804 102192 82990 73483 81437 83351 85241 87956 42415 84405 56132 100450 80632 64206 99430 69161 87879 48034 73286 95230 56664 100063 55529 92898 59477 83621 53191 99540 81591 89856 58090 52113 89943 66462 85323 90899 85790 23646 115673 69217 93221 55906 94176 55248 76062 60591 68467 107991 91511 57774 95794 79733 76005 39100 57538 33963 94300 82653 96413 78492 87144 41928 62183 77699 70501 85338 77518 65619 106803 48930 81634 70384 19443 19863 62717 94339 18730 10074 37386 79948 49991 66168 46120 50110 60523 65316 73100 70400 64961 0 15155 29355 50920 57257 36857 23786 34132 65621 71833 84082 62825 60595 59014 41632 10218 60519 62796 18508 102193 77955 59203 17433 56410 72997 73717 60834 59135 72493 26352 82049 43314 8644 55118 71856 38678 65124 71642 53293 60385 74297 96829 33955 55018 97199 33355 62263 50785 19083 18512 25494 60989 106718 38978 42966 45363 83855 86964 86916 87629
43647 103015 45011 54208 48003 62692 93907 111712 90533 68055 88344 94866 94382 99225 47748 93100 68922 108034 91434 72656 109856 77659 95704 60772 65915 106014 63593 108463 64320 100302 67137 95421 63560 109715 79014 100993 57836 49546 99790 65919 96081 102207 82911 38270 121611 80568 104275 51376 104549 64287 85542 54211 79344 118298 100033 53439 105116 86697 87025 47146 61690 36447 102297 93061 104832 82986 94773 42180 59486 85782 63800 98534 76411 64897 117991 50231 93083 81407 33996 21123 66818 105715 15999 25228 30848 90229 51095 69185 44520 47294 65793 70736 85492 81105 77050 15155 0 33019 50536 59633 50831 37890 43086 68773 78284 95170 73459 59566 63141 41948 5701 59776 68361 30655 113744 90524 56680 19247 64544 79448 71608 56032 70683 83981 30158 93321 40151 23782 58962 70036 45612 74599 81403 56587 66467 79876 103744 41799 61421 104188 47663 69547 55042 20404 3389 27477 68873 115153 46490 56161 51845 90435 97032 96068 98484
13889 72914 17917 36331 15979 31080 61522 80225 57884 49012 55475 66519 62774 70289 14804 61131 45402 75304 61953 40887 79409 45804 63151 38186 51773 76135 30975 76134 33234 67539 34887 67623 34860 78957 53778 71783 29364 25848 68813 37684 66395 73259 58116 30987 88596 52516 74849 31784 74126 33501 54457 38737 50472 87579 67855 33147 73522 53854 58063 16722 28884 4892 69784 62942 72543 50169 62133 13817 35211 53476 48122 74191 48838 36955 88506 19737 64672 52693 28661 11909 34064 76796 17592 30833 22267 60014 20844 37028 19475 24418 32777 37719 59516 51854 50851 29355 33019 0 22584 27927 35234 28051 15319 36524 45347 66043 44485 32273 30354 13495 33195 32009 35343 19600 84953 64738 32249 13847 32763 46506 45751 36527 43713 56026 3040 64575 19500 31260 26261 43731 13938 43855 50770 24163 33513 46859 70825 12300 28606 71286 34737 37008 22150 12616 35116 5848 36741 82802 15412 36004 19305 57482 66370 64443 68885
8743 72257 5527 19186 24043 33115 55542 75953 50928 28650 47214 69412 59386 71927 19162 56765 56624 66686 63396 39943 77621 43690 56260 51471 34159 75680 28924 69394 36090 59149 33536 71232 41987 76529 31194 72842 7322 7350 66577 15608 67050 74646 35537 52512 75754 57386 75308 14754 72730 37023 53349 22925 54342 84766 62211 14855 69358 45966 60818 28029 18858 17695 62625 63080 66167 36680 54865 9004 13289 48626 30013 81497 26599 14713 88039 5700 67634 56516 50741 31311 22197 77981 34823 53387 24201 60247 4978 21595 6697 8277 24804 28721 66297 54888 58424 50920 50536 22584 0 12632 53458 49357 31064 21517 37530 67719 49137 9730 19696 9308 52479 9599 27436 41809 85839 71224 10589 33741 33750 38467 23167 17887 51437 60595 25229 67016 12459 53748 16397 21162 24484 45148 51220 13558 27784 36453 61009 27832 25977 61603 54167 33754 16152 32122 51564 25431 35410 75637 26272 51518 23084 48148 65056 60863 69486
16150 60406 16705 29817 21100 24161 43025 63488 38360 35536 34593 58546 47177 60644 17011 44433 49746 54069 52234 28999 65495 32164 43669 46078 43139 63832 18796 56777 27071 46519 23029 60554 34249 64304 31384 61391 10140 19374 54480 14316 55593 63252 35662 53528 63762 47582 63671 26037 60723 28184 41750 33802 44293 72433 49683 25462 56941 33366 50133 25309 7175 23565 50005 51567 53572 24493 42259 17991 20105 36338 38942 71923 24195 14386 76073 9745 56831 46355 52732 38981 9585 66487 43634 57635 36215 48822 9207 9681 18936 20763 12889 16269 56914 44511 49691 57257 59633 27927 12632 0 51180 50248 29979 9398 25019 56527 39678 13432 7545 18151 60667 12343 15289 44515 74181 61573 18822 41246 24213 25920 24020 27775 43168 50551 30957 56065 24736 58343 5883 21830 22745 34646 40134 4968 16296 23827 48447 27536 16197 49033 52843 22510 9007 39775 61143 32577 24706 63007 23941 47478 18072 35522 53164 48603 57972
45580 59864 50634 70589 30300 33210 59440 71489 58316 82010 58572 49253 56368 54180 34967 56693 20670 74231 48165 39811 66940 43750 62021 13555 86202 62163 38572 71967 32210 67654 38455 48972 25502 67559 82324 56275 58087 59011 59106 65059 52709 56952 86672 13766 92418 36219 59690 65888 61992 31242 47147 73418 36714 75473 63668 66893 65827 56929 43317 26045 46831 38693 67515 50962 68489 62276 61840 46753 66698 52229 82321 48718 75375 64824 72685 48364 47734 38093 17596 38791 50681 60169 43577 28118 56726 48724 49474 56092 53035 58154 45951 49132 37697 38906 30524 36857 50831 35234 53458 51180 0 13073 22395 55328 51561 50823 32391 61714 47927 46463 46843 60997 46821 20905 67549 42148 64046 38233 34837 52527 74585 70262 26614 38956 34695 48494 54434 29831 45999 72379 29209 37630 42471 46223 43615 55927 72466 25687 38966 72629 4208 41629 42177 38734 54167 37915 38935 78197 27623 7863 33132 61546 55795 57892 54706
40766 70850 45459 64379 29537 37971 67553 81700 65643 76937 65092 60911 65589 65710 33238 65380 32850 82480 59009 46491 77935 51063 69947 24960 79777 73400 42129 81018 37969 75393 43420 60904 33232 78325 79976 67723 55176 53683 69276 62972 63666 68579 84370 3281 99595 47194 71132 59832 72815 37300 56240 66700 47042 86525 72513 61162 75659 63384 54220 25699 47566 32461 75934 61455 77427 66000 69514 41346 62532 59793 76165 61653 73900 62502 84455 45080 59284 48724 4859 28167 52195 71918 32135 15390 47421 58964 46251 57035 47361 52393 48323 52376 49963 49138 42209 23786 37890 28051 49357 50248 13073 0 20469 56327 56726 62079 41922 58559 48889 41028 33784 58045 49863 9499 79548 54645 59659 27099 39865 57813 71984 64549 37150 50247 26535 59878 47453 17071 46004 69836 27582 45783 51596 45383 46852 60389 79887 22715 41583 80142 9792 46567 41684 27928 41248 28965 44428 87491 26670 19542 33408 67884 66088 67204 65827
23283 60002 28371 48473 9069 20334 51696 68713 48869 59625 47452 52481 51488 56582 13058 50441 30084 66318 48550 30116 66796 35096 53749 22953 64075 63061 22989 66034 21503 58780 25409 53343 20727 66630 60470 58244 35919 36719 56714 43256 53153 59571 64852 23742 81886 38236 61458 43752 61486 21335 42512 51486 36610 75218 57504 44653 62171 45739 44307 5432 27112 17374 60187 50024 62384 46238 53015 24618 44317 43579 60126 59050 53945 42912 75192 26045 50655 38756 23567 24072 31823 63106 30054 30752 37534 47172 27173 36574 30897 35988 28260 32625 44590 38243 35906 34132 43086 15319 31064 29979 22395 20469 0 35871 38140 52429 30636 39493 28452 24343 41408 38831 30072 16848 71223 49805 41651 24900 22280 39287 52600 47999 28907 41732 16266 50733 32949 31919 25545 50409 7240 31546 38321 25053 27264 41162 62784 3429 21849 63137 23280 28292 21259 24457 45856 20082 26871 72708 6203 21343 13013 49974 53946 53173 55590
25498 54472 26006 36527 26818 24306 35607 56077 30761 39328 26643 54266 40651 55692 23785 37623 50299 45484 47628 25746 58945 27621 35871 48089 48076 57861 18245 48690 26781 38129 21153 56507 34753 57542 30740 56152 16884 27551 48115 16351 50436 58082 34567 59592 54406 45032 58087 33385 54472 27994 36660 40526 41540 65349 42144 32399 49731 25644 46303 30660 8761 32448 41927 46389 45669 15187 34371 27382 25494 29832 44005 69107 22512 17092 69771 19142 52675 43377 59322 47931 4904 61112 52788 65184 45489 43857 18581 780 28068 29250 10307 10578 54611 41298 48347 65621 68773 36524 21517 9398 55328 56327 35871 0 18115 51789 37893 18979 7480 27537 69581 17863 11154 51642 68454 58845 25163 50131 23605 18766 24888 34102 42593 47596 39563 51707 33886 66028 10633 22988 28934 31710 36009 12363 13784 15609 39633 34023 16779 40243 57561 19380 15075 48713 70374 41501 22288 54697 29669 50504 22946 27123 47249 41927 52679
38530 36383 40810 54330 30734 18790 18014 38470 13447 57330 10225 37092 22546 37999 30552 19582 40108 30204 30304 12728 40866 11645 18830 40780 66187 39763 15191 32060 19357 22432 13339 39499 26591 39523 46960 38295 34440 44392 30001 34370 32670 40247 50236 59733 43841 30237 40079 50869 36357 20325 19211 58340 26708 47496 24681 50087 31948 8715 29787 32869 18934 42640 25351 28658 28722 12193 17523 40788 43547 11718 62120 53109 38590 35170 51663 33447 35643 28085 60751 57241 15491 43168 62895 68846 59906 26319 33369 18551 43416 45751 13301 8820 39649 25823 35139 71833 78284 45347 37530 25019 51561 56726 38140 18115 0 34285 24999 36931 17897 40831 77869 35799 10520 54969 50384 43191 43009 59037 16954 1169 42251 52019 31202 32092 48136 34513 49050 70050 21718 40546 33217 17785 19685 24685 11835 5182 25479 37886 16932 25944 54821 10165 24324 57923 80461 51089 12629 38498 32859 44905 26627 12154 29182 23854 34819
65460 9232 69312 86268 50355 35875 22933 22185 26454 91052 30489 3812 15502 4286 53320 18659 30412 32068 4323 27775 16192 24411 25208 37392 99429 11349 38881 26833 33237 29560 34228 6416 31709 17108 81226 5824 66635 75050 11686 68117 3029 7220 84410 63906 51706 14912 9141 82242 11612 32747 15145 90217 15838 24663 21541 81881 18489 30148 8145 49413 49407 65603 26237 5918 24544 44561 26376 67749 76413 23377 95269 21443 72865 68790 22822 62494 3879 13768 66934 76391 48061 10754 82410 77301 86021 7969 62870 52343 72258 75856 43664 41309 15461 14221 20368 84082 95170 66043 67719 56527 50823 62079 52429 51789 34285 0 21793 69670 49010 67661 92798 68536 41494 65600 18911 14640 75342 77326 34666 34024 76438 84299 25014 11878 67912 2512 77126 78919 51481 74660 52150 22892 16499 54193 40247 38637 34387 54420 41861 34092 55030 34077 51811 76824 98089 71648 32323 31305 50634 43083 48077 32704 8857 15676 3994
45414 29647 49752 68261 29130 16022 27413 39790 27112 75213 28507 22035 23987 25958 32635 24375 15758 41986 17976 12676 36613 13897 30094 19175 82573 32570 20882 39582 13053 35783 16908 23214 9920 36732 68631 27610 49646 56440 27379 53134 22632 28946 72435 44181 60696 8355 30842 63891 31352 12184 14766 72056 6001 45166 31288 63880 33757 27096 13678 27777 32641 44421 35235 19829 36098 37189 30137 47615 59686 21022 78364 32395 60389 53523 44574 43561 20188 8209 46693 54619 33231 32484 60633 56711 65136 17165 44160 38611 52738 56872 27918 27803 17261 7647 10499 62825 73459 44485 49137 39678 32391 41922 30636 37893 24999 21793 0 53091 32765 47483 71249 52015 26746 44321 40617 22091 58070 55533 15536 25524 62440 66667 6709 11768 46234 20144 57101 58260 33961 60398 30718 7247 10107 36200 24264 30170 40784 32678 23569 40865 36416 18557 33010 55043 76343 49999 15607 45865 29098 24608 27456 31571 24254 25532 25026
18388 73072 14996 17579 31564 37437 54584 75056 49741 22162 45596 71811 59459 73730 26776 56508 62586 64009 65404 42341 77794 45259 54829 58286 29789 76485 32216 67538 40382 56855 36456 73869 47284 76446 21559 74375 3700 10914 66884 6480 68595 76266 25931 61760 70741 61015 76516 14834 73210 41465 54728 21565 57721 84315 61122 13580 68703 44622 63467 35770 20576 27381 60798 64550 64588 32935 53316 18724 6743 48593 25611 85355 16993 5369 88549 13522 70119 59775 60178 40899 21746 79427 44106 63096 31315 61872 12364 18699 15048 13167 26050 28645 70337 57911 63030 60595 59566 32273 9730 13432 61714 58559 39493 18979 36931 69670 53091 0 20745 19031 61812 1139 28186 51322 86976 75005 6241 43339 37594 37659 13520 15123 56396 63975 34951 69308 19874 63472 19153 11461 32505 48048 53382 17234 29590 34559 57927 36453 29555 58568 62769 35814 21062 41707 60366 35123 38111 73407 34121 59015 29608 45917 65824 60785 70928
21100 52879 22958 37361 19428 17914 35884 56262 31339 42625 27815 51080 39748 53114 16735 37078 43956 47617 44724 21601 58037 24628 36707 41167 50531 56305 12067 49911 20654 39939 15899 53125 28333 56889 36552 53849 17625 26729 47008 20391 48051 55712 40625 52149 58766 40462 56128 33546 53226 21832 34206 41345 37102 65084 42557 33004 49662 26469 42722 23203 1478 26709 43168 44024 46610 19847 35359 23267 27477 28949 46346 64789 28666 20759 68571 15601 49380 39114 51957 42078 3717 58942 47275 58097 42237 41284 15478 8220 25525 27957 5349 9079 49901 37207 42997 59014 63141 30354 19696 7545 47927 48889 28452 7480 17897 49010 32765 20745 0 23348 63549 19624 7789 44437 66639 54444 26333 44161 17596 18880 29846 35309 36771 43330 33360 48586 31188 59000 4226 27748 21614 27357 32655 7004 8846 17529 42296 26727 9970 42845 50103 15069 8247 42832 64963 35674 17448 56271 22258 43302 15486 29073 45641 41202 50428
2313 73222 4450 24147 19343 31870 58485 78452 54200 35958 50969 68875 61305 71940 14999 59049 52481 70884 63370 40325 79112 44708 59600 46405 39759 76601 29182 72844 34673 63162 33787 70423 39087 78273 40394 73105 16473 12701 68124 24837 67405 74795 44707 44093 81752 55838 75847 19434 74006 35376 54197 27159 53141 86744 65117 20453 71741 49533 60206 22610 22090 8685 66169 63590 69430 42488 58341 322 21726 50950 35859 79277 35890 23987 89080 8437 67044 55381 42028 22129 26672 78250 26030 44171 19125 60670 9191 27832 6573 11692 27532 32188 64117 54044 55791 41632 41948 13495 9308 18151 46463 41028 24343 27537 40831 67661 47483 19031 23348 0 43535 18899 30314 33003 86305 69232 18777 24543 32995 41898 32394 23836 48592 59231 16001 66632 9629 44493 19228 30427 18889 44769 51366 16344 29657 40876 65641 20929 26249 66187 46684 34859 16729 22942 43242 16138 35754 79324 20815 45574 20050 52383 66199 62887 69897
45022 100892 46969 57866 47231 61480 92865 110090 89716 71795 87781 92287 92896 96772 47558 91804 65646 107240 89191 71400 107818 76402 94784 57503 70228 103803 62915 107326 62881 99567 66183 92701 61433 107794 81887 98607 59800 52234 98001 68038 93867 99740 85897 33821 121513 78042 101933 54733 102528 62743 83886 58173 77039 116327 98827 56749 103572 86106 84670 45884 62079 37144 101319 91004 103680 83355 93932 43793 62299 84727 67908 95072 78778 67072 115601 51570 90533 79038 29589 21687 67259 103219 17710 20184 34612 88225 52515 70046 46820 50044 65781 70694 82455 78884 74154 10218 5701 33195 52479 60667 46843 33784 41408 69581 77869 92798 71249 61812 63549 43535 0 61925 68249 27446 111171 87401 59414 19451 63381 79038 74293 59510 68036 81396 30196 90857 42931 18640 59447 72616 44775 72911 79611 57257 66142 79813 103218 40551 60938 103633 43454 68758 55338 20892 8745 28099 67835 114012 45435 52636 51254 90011 95138 94581 96229
18123 71934 15000 18677 30793 36393 53465 73941 48624 23215 44489 70684 58324 72594 26036 55376 61617 62952 64272 41222 76659 44125 53721 57392 30916 75346 31135 66449 39332 55778 35357 72746 46282 75315 21968 73237 2913 11546 65747 6144 67457 75129 26355 61257 69843 59922 75377 15834 72072 40422 53591 22669 56621 83191 60008 14637 67580 43507 62345 35015 19472 27121 59705 63412 63489 31906 52211 18598 7877 47457 26741 84263 17001 5149 87413 12966 68993 58670 59744 40887 20606 78289 44229 62841 31841 60735 11797 17593 15275 13753 24923 27505 69255 56800 61977 60519 59776 32009 9599 12343 60997 58045 38831 17863 35799 68536 52015 1139 19624 18899 61925 0 27050 50927 85836 73913 7321 43322 36527 36530 13947 16244 55365 62873 34734 68179 20296 63247 18096 11828 31797 46938 52254 16240 28470 33451 56888 35831 28493 57526 62111 34693 20112 41697 60636 35029 37004 72334 33384 58195 28739 44831 64685 59652 69790
28012 45119 30408 45083 21748 14104 28309 48586 23906 49695 20704 43721 31966 45544 20692 29333 39599 40675 37241 14665 50248 17086 29303 38136 57936 48544 8272 42547 16189 32917 10151 45857 24276 49109 41892 46208 25249 34513 39219 26944 40420 48090 45692 53030 53283 33920 48420 41321 45442 17401 26555 49075 30448 57330 34977 40742 41955 19231 35528 24643 8598 32354 35857 36379 39165 16180 28028 30274 34926 21191 53776 58083 33643 27504 60789 23057 42065 32332 53463 47249 6692 51279 52776 60703 49401 33687 23059 11866 33082 35709 2781 2556 43486 30301 37213 62796 68361 35343 27436 15289 46821 49863 30072 11154 10520 41494 26746 28186 7789 30314 68249 27050 0 46809 58918 47788 33960 49149 13016 11603 35913 42969 31607 36559 38222 41195 38647 61777 11282 33943 24204 20610 25313 14257 3218 11566 35724 29180 8285 36226 49542 8230 13844 47958 70420 40990 11152 49011 24235 41184 17504 22350 37875 33430 42770
33076 73919 37449 55667 25223 36841 67879 83778 65344 68581 64150 64942 66951 69502 27879 66258 38293 82668 62127 46309 80922 51190 70062 30140 70904 76728 39835 81957 37585 75245 42085 65292 34734 81044 72877 71384 48139 45448 71491 56241 66817 72454 77253 11865 98654 50758 74740 51217 75671 37193 57712 57794 49961 89485 73394 52664 77431 62432 57511 22220 43017 24318 76372 64151 78313 62926 69423 33325 54719 59839 67400 67879 67344 55648 88349 38104 63208 51886 9068 18678 47988 75910 22873 13910 37967 61455 39271 52292 39074 43985 44862 49365 55016 51892 46712 18508 30655 19600 41809 44515 20905 9499 16848 51642 54969 65600 44321 51322 44437 33003 27446 50927 46809 0 83811 59984 51779 17699 38799 56112 64840 56027 40698 54065 17656 63590 38614 15081 41037 62750 22884 46822 53241 39892 44071 57995 79396 17770 38646 79725 18565 45047 36596 18460 33887 19711 43435 88578 22591 25538 29433 66732 68486 68617 69129
84075 14017 87758 103995 69253 54659 34753 20106 39453 107712 43945 18887 28164 14671 72135 31483 46891 36311 23067 46085 11926 42152 35939 54590 116510 10709 57279 29724 52083 37895 52622 18644 50500 14242 96367 13234 84158 93116 20759 84752 18901 11695 99134 81074 53090 33176 10531 100148 14498 51629 32495 107983 34623 14082 29893 99643 22484 44214 26943 68312 67198 84484 33288 22785 29737 58767 37496 86379 93682 38699 112411 24771 88160 85539 5953 80784 20661 32467 84398 95235 65230 8157 101247 94913 104821 25669 81083 68919 90673 94058 61310 58333 29908 33112 37350 102193 113744 84953 85839 74181 67549 79548 71223 68454 50384 18911 40617 86976 66639 86305 111171 85836 58918 83811 0 26008 92861 96122 53364 49853 92418 101880 43134 29780 86807 20490 95687 96571 69468 90809 71060 41614 34939 72281 58095 53933 41290 73288 60259 40744 71727 52090 70178 95655 116716 90549 50675 30259 69543 60119 66898 45251 21206 27196 16417
67234 22883 71705 90352 50327 38109 36117 36223 38736 97052 42154 11051 29093 15497 54256 31803 21834 46618 15748 33123 28943 31744 38659 29925 104599 23677 42818 41473 35134 43518 38571 9090 30281 30458 89400 17638 71619 78519 26319 74646 17654 17340 92971 55861 66308 13992 20586 85977 25420 34222 25004 94146 17361 36574 35844 85970 33095 41397 13789 48215 54455 65391 40578 19267 39129 54789 39597 69383 81650 34238 100391 10350 81045 75122 31611 65634 10853 15469 59435 73650 54455 19722 79502 70019 86245 19593 66246 59511 74688 78913 49359 48347 5223 17590 13902 77955 90524 64738 71224 61573 42148 54645 49805 58845 43191 14640 22091 75005 54444 69232 87401 73913 47788 59984 26008 0 80106 74141 37589 43278 83696 88746 21038 11259 66038 12412 78860 71711 55942 81730 51561 27188 23507 58255 45700 48151 48513 52484 45589 48275 46256 39613 55101 73945 93664 69859 37004 45793 49769 35109 49196 44797 23351 29645 18130
18898 79005 14335 11364 34502 42186 60746 81232 55917 18124 51800 77364 65499 79446 29616 62591 66643 70247 71052 47801 83843 50958 61031 61805 24504 82424 37311 73770 45163 63094 41715 79356 51648 82531 22498 80158 8714 7182 72898 11630 74365 82031 26613 62770 76716 66142 82374 8738 79204 46190 60506 15365 62928 90452 67304 7350 74850 50804 68929 38552 25979 27462 67026 70329 70807 39158 59524 18455 2996 54626 20296 90443 20150 10412 94554 15954 75644 65030 60796 39340 27681 85237 41785 62672 27110 67609 14964 24907 13142 9390 31681 34590 75328 63240 67768 59203 56680 32249 10589 18822 64046 59659 41651 25163 43009 75342 58070 6241 26333 18777 59414 7321 33960 51779 92861 80106 0 41774 42534 43767 14929 9028 60955 69199 34614 74887 16533 62881 24194 13435 35045 53381 58956 21875 35118 40762 64156 38407 34517 64798 64719 41329 25329 40124 57169 34103 43453 79647 36810 62032 33193 52151 71754 66850 76726
25827 84784 28343 42546 28865 43743 74785 92931 71334 56308 69102 77360 75528 81482 28507 74114 53266 88821 73421 53696 91497 58685 76534 45320 56780 87888 44383 89368 45545 81080 48020 78161 45627 91226 64186 83138 40999 34680 81190 49343 78002 84472 68370 29016 102423 63088 86338 38660 86187 45611 66863 43840 61510 99841 80983 40477 86285 67458 69207 28366 42695 17699 83141 74789 85748 63995 75578 24824 44752 66677 53744 82900 60313 48452 100070 32302 75538 63655 25290 2443 47864 88006 5460 22501 21595 71907 33291 50596 28712 32685 46607 51545 68973 63128 60335 17433 19247 13847 33741 41246 38233 27099 24900 50131 59037 77326 55533 43339 44161 24543 19451 43322 49149 17699 96122 74141 41774 0 45552 60201 56342 43604 53547 66571 10927 75631 25955 22228 40032 54512 26522 56002 62880 37810 47223 60684 84498 23094 42179 84944 36219 50360 35982 1650 21550 8672 49792 96055 27538 41644 32632 71189 78552 77211 80451
30801 40577 34787 52803 16812 1958 29491 47481 26595 59740 25409 35956 30036 38946 18893 28567 26702 44040 30379 8151 46836 13132 31484 25210 67037 43898 5529 43958 3188 36507 3636 37628 11262 46274 54029 40143 34122 41087 36101 37956 34485 41810 58011 42829 59970 23667 42958 48491 41599 4404 21782 56633 20592 54883 35495 48413 40794 23691 27294 17497 17295 31490 37963 30757 40317 27493 30735 33085 44163 21354 62828 47915 45975 38265 56373 28261 34141 22776 44007 44134 18726 45279 50097 52530 51485 27819 28789 24370 37757 41646 13299 14917 32797 21223 25490 56410 64544 32763 33750 24213 34837 39865 22280 23605 16954 34666 15536 37594 17596 32995 63381 36527 13016 38799 53364 37589 42534 45552 0 18004 47442 51159 19179 26845 35110 33667 42484 53825 18445 45342 19053 11775 18474 20669 9939 21099 40597 22834 8042 40928 37956 6830 17599 44707 67064 38590 4640 50648 18055 28613 13728 28098 33790 31711 36985
39600 35840 41820 55105 31902 19858 17110 37598 12466 57870 9107 36913 21899 37668 31713 18860 40766 29087 30105 13443 40179 11953 17827 41616 66802 39203 16349 31039 20342 21321 14404 39352 27463 38791 47204 37901 35236 45282 29374 34938 32323 39860 50410 60809 42678 30499 39602 51696 35743 21286 19030 59114 26989 46695 23764 50881 31117 7636 29776 34024 19951 43781 24312 28334 27730 11769 16490 41851 44243 11154 62752 53120 38849 35764 51016 34456 35501 28291 61856 58402 16359 42727 64050 69985 60958 26071 34358 19167 44405 46671 14380 9805 39844 26017 35560 72997 79448 46506 38467 25920 52527 57813 39287 18766 1169 34024 25524 37659 18880 41898 79038 36530 11603 56112 49853 43278 43767 60201 18004 0 42659 52765 31815 32243 49299 34335 50057 71193 22752 40992 34385 18284 19783 25714 12993 4880 24321 39048 18101 24790 55818 11245 25428 59085 81621 52245 13620 37447 34022 45812 27795 10988 28670 23161 34428
31883 78404 28175 21447 44287 47703 58301 78143 53404 16329 48943 79043 64284 80232 39657 61039 73614 64955 72345 50574 82209 52469 57906 70096 26213 81724 41913 69533 50490 58646 45537 81327 58027 80567 8039 80544 16808 22079 71753 9704 74915 82498 12414 75200 67823 69827 82248 21710 78122 51660 61296 24404 66361 87781 64389 19650 72286 48398 71174 48540 30252 40860 63075 70892 67066 34450 56308 32080 12186 53779 22815 93978 6590 9778 93180 26904 77485 68234 73681 53899 29271 85386 56627 76548 41807 68474 25733 24255 27649 24316 34523 35457 79378 66174 72779 73717 71608 45751 23167 24020 74585 71984 52600 24888 42251 76438 62440 13520 29846 32394 74293 13947 35913 64840 92418 83696 14929 56342 47442 42659 0 18615 66617 72458 48380 76474 31459 76887 29816 2210 45476 56523 60873 28753 38182 38491 58526 49678 39688 59206 75861 44118 32828 54697 72081 48349 46884 74695 46977 71355 41812 48408 71292 65373 77068
24717 88031 19634 2882 41726 50693 69707 90178 64863 12729 60704 86270 74520 88419 36882 71601 74505 78900 80003 56689 92863 59936 69938 69216 16293 91451 46045 82587 53676 71854 50519 88228 59832 91541 24318 89153 17722 11289 81924 19403 83357 91020 27639 67512 84493 74818 91389 4946 88231 54661 69504 6564 71659 99435 76242 3393 83825 59743 77795 45554 34899 32130 75861 79326 79675 47734 68418 23537 8884 63648 12197 99062 25013 18256 103581 23584 84537 73786 65091 41270 36709 94239 42471 65596 25231 76593 22779 33812 17297 12191 40658 43617 83900 72040 76172 60834 56032 36527 17887 27775 70262 64549 47999 34102 52019 84299 66667 15123 35309 23836 59510 16244 42969 56027 101880 88746 9028 43604 51159 52765 18615 0 69247 77931 38397 83805 17770 65576 32984 18088 41904 62198 67883 30512 44056 49670 72729 44625 43194 73380 70516 50251 33708 41990 55983 37025 52293 88378 43765 68965 40968 60962 80780 75866 85726
46688 33699 51350 70617 29446 19010 33945 44905 33805 78548 35200 24252 30005 28823 33597 30715 9080 48339 21861 18554 40786 20464 36652 13101 85387 36287 24707 45576 16142 42342 21466 24742 9528 41215 73176 30747 52822 58592 32503 57102 26516 31764 77118 39127 67251 10104 34131 66097 35684 14997 21042 74283 10102 49375 37461 66291 39219 33771 17072 27184 36417 44387 41574 24433 42179 43330 36757 48762 62814 27725 81191 30769 65067 57376 47669 45753 22511 11598 41995 52908 37774 35212 58834 52305 65242 22119 46488 43342 54313 58771 32352 32999 15819 12293 7231 59135 70683 43713 51437 43168 26614 37150 28907 42593 31202 25014 6709 56396 36771 48592 68036 55365 31607 40698 43134 21038 60955 53547 19179 31815 66617 69247 0 13367 45075 22921 58191 53916 37308 64512 30569 13732 16503 39203 28810 36323 47380 31483 27016 47442 30751 23700 35628 53247 73705 48894 20581 51683 28756 18751 28718 38265 29210 31465 28697
57146 20935 61421 79630 40858 27577 27302 33165 29056 85955 31994 10893 21219 15493 44402 23204 18678 39863 9536 21897 27994 20551 30014 25514 93657 23227 31894 35798 24656 35375 27522 11620 21176 28712 78142 17477 60643 67928 21220 63453 13839 18412 81722 52037 59537 3511 20885 75336 23141 23873 14831 83473 6272 36517 28682 75236 28295 31046 4925 39307 43401 56132 33301 12877 32819 43877 30668 59359 70653 23930 89452 21524 69788 63951 34323 55083 9144 4228 55106 65804 43236 21847 71782 65511 76883 11580 55630 48258 64405 68445 38190 37089 7705 6339 8637 72493 83981 56026 60595 50551 38956 50247 41732 47596 32092 11878 11768 63975 43330 59231 81396 62873 36559 54065 29780 11259 69199 66571 26845 32243 72458 77931 13367 0 57646 9631 68842 67141 45005 70501 42375 15994 12489 47420 34542 37123 40522 44027 34739 40405 43162 28411 44443 66184 86973 61440 25884 41230 40703 31206 39218 34819 17833 22257 15752
16625 74982 20345 38011 18303 33371 64099 82589 60546 50998 58228 68250 65146 72136 17591 63591 46199 78002 63876 43257 81555 48210 65783 38733 53292 78167 33600 78704 35391 70248 37386 69263 36476 81165 56390 73682 32140 28008 71052 40488 68370 75115 60708 29326 91498 54135 76795 33568 76259 35584 56692 40194 52234 89789 70378 35045 75904 56594 59875 18501 31888 7684 72406 64992 75100 53160 64794 16319 37596 56022 49753 75315 51629 39728 90487 22649 66408 54436 26705 9135 37073 78655 15004 28171 22120 62075 23739 40068 21640 26430 35685 40621 60819 53696 52136 26352 30158 3040 25229 30957 34695 26535 16266 39563 48136 67912 46234 34951 33360 16001 30196 34734 38222 17656 86807 66038 34614 10927 35110 49299 48380 38397 45075 57646 0 66370 20974 28520 29282 46390 16097 45979 52894 27202 36313 49760 73608 13626 31318 74059 33844 39611 25142 9793 32347 3821 39206 85382 17378 36130 21867 60284 68538 66821 70849
64457 11721 68423 85712 49008 34773 24357 24692 27572 90862 31436 2580 17051 5915 52134 20036 28016 34206 4261 27134 18628 24140 26752 35110 99094 13683 38105 29129 32048 31339 33480 5099 30011 19600 81465 7846 66197 74361 13958 67984 5338 8888 84739 61654 53900 12833 11254 81616 14119 31484 15308 89641 14144 27046 23492 81318 20868 30968 6519 47893 48912 64291 28217 7160 26720 45182 27833 66730 76049 24016 94919 19943 73090 68620 24758 61710 1575 11977 64737 74752 47824 12397 80761 75139 84825 8433 62129 52288 71383 75098 43260 41165 12962 12749 17993 82049 93321 64575 67016 56065 48494 59878 50733 51707 34513 2512 20144 69308 48586 66632 90857 68179 41195 63590 20490 12412 74887 75631 33667 34335 76474 83805 22921 9631 66370 0 76148 76767 50887 74653 50730 21944 15932 53538 39770 39046 36255 52822 41072 35990 52702 33559 51007 75169 96270 70127 31616 33736 49166 40786 46892 33798 10938 17418 6493
11707 82464 8241 17092 28847 41422 66956 87167 62496 30498 58995 78415 70215 81397 24616 67811 61860 78699 72822 49624 88206 53857 67878 55524 32326 85860 38434 81095 44253 71075 43079 79997 48696 87281 38960 82516 18972 9400 77180 26352 76787 84230 42972 50292 88202 65457 85201 12835 83160 44977 63430 19251 62735 95680 73623 14555 80493 57657 69746 31878 30116 15757 74356 72930 77771 49072 66544 9487 19378 59668 28787 88896 36382 25238 98322 15603 76589 64972 47637 23583 34102 87665 25388 47827 11774 70024 15738 34002 5818 7144 35897 40253 73742 63605 65398 43314 40151 19500 12459 24736 54434 47453 32949 33886 49050 77126 57101 19874 31188 9629 42931 20296 38647 38614 95687 78860 16533 25955 42484 50057 31459 17770 58191 68842 20974 76148 0 47815 27366 29895 28182 54243 60759 24390 38405 48460 73164 29528 35465 73744 54176 43924 25655 24323 40708 19299 45036 87456 30107 54291 29678 60132 75377 71762 79271
45126 87560 48768 64661 40080 51869 82723 98000 80317 78305 79204 77876 81457 82629 42282 80938 49922 97567 75712 61216 94628 66043 84961 42005 79008 90202 54908 96646 52497 90205 57145 77929 49029 94913 84884 84612 60622 56011 85621 68943 80391 85521 89186 16135 113724 64008 88012 60632 89449 52042 72148 66058 63631 103219 88088 62365 91787 77486 70969 37265 57552 36135 91201 78000 93014 77837 84364 44808 65876 74734 75954 78549 80097 68214 101417 50920 76223 65411 12284 24422 62621 88888 25120 1716 43562 75413 52049 66643 49755 54193 59751 64331 67033 65668 59222 8644 23782 31260 53748 58343 29831 17071 31919 66028 70050 78919 58260 63472 59000 44493 18640 63247 61777 15081 96571 71711 62881 22228 53825 71193 76887 65576 53916 67141 28520 76767 47815 0 55396 74908 37674 61382 67588 53965 59091 73033 94414 32616 53664 94733 26013 60121 50960 23762 27122 28808 58465 103226 37543 36613 44319 81803 82513 83107 82607
16958 55860 19127 34828 16483 18310 39591 59845 35153 41310 31781 53328 43071 55658 13163 40540 43873 51664 47166 23752 61256 27316 40544 40338 48663 59284 13125 53778 21239 43954 17537 55253 28367 60203 37031 56517 15686 23648 50209 20127 50719 58340 41258 49281 62991 41964 58937 30762 56341 22338 36973 38755 38735 68501 46258 30432 53195 30381 44819 20523 2870 22519 47063 46730 50424 24028 39237 19161 25726 32389 44457 66286 29571 20248 71644 11778 51581 40837 48838 37924 7857 61646 43076 54552 38218 43918 11825 11262 21814 24660 8543 12983 51218 39062 43881 55118 58962 26261 16397 5883 45999 46004 25545 10633 21718 51481 33961 19153 4226 19228 59447 18096 11282 41037 69468 55942 24194 40032 18445 22752 29816 32984 37308 45005 29282 50887 27366 55396 0 27639 18461 29215 35001 2976 11388 21689 46428 23501 10404 46968 47893 17422 4444 38684 60760 31509 19314 60198 19360 41945 12939 33155 48659 44575 53141
29849 76792 26262 20961 42080 45577 56846 76814 51939 17377 47502 77219 62708 78487 37456 59490 71459 63895 70543 48608 80714 50603 56532 67902 27082 80128 39814 68335 48377 57447 43490 79481 55881 79107 10145 78837 14664 20495 70186 7515 73184 80786 14536 73057 67375 67838 80594 20759 76560 49543 59515 24165 64383 86416 63008 18757 70881 46900 69291 46334 28122 38839 61822 69153 65797 33156 54940 30116 10878 52133 23489 92025 6987 7568 91672 24763 75644 66275 71571 52068 27279 83709 54927 74547 40496 66703 23591 22379 25868 22765 32489 33566 77377 64231 70714 71856 70036 43731 21162 21830 72379 69836 50409 22988 40546 74660 60398 11461 27748 30427 72616 11828 33943 62750 90809 81730 13435 54512 45342 40992 2210 18088 64512 70501 46390 74653 29895 74908 27639 0 43278 54546 58997 26549 36153 36922 57496 47498 37558 58173 73666 42130 30623 52869 70583 46443 44864 73608 44773 69147 39603 47074 69653 63828 75360
17410 58978 22479 42634 2486 17284 48296 66512 44975 53133 43021 52726 49077 56407 5840 47598 33678 62497 48037 27204 65496 32179 50106 27534 58136 62197 18148 62862 19317 54803 21525 53921 21341 65079 53308 57873 28885 30638 54957 36071 52463 59369 57683 30863 77031 38876 60922 37920 60207 19564 40597 45883 36675 73703 54463 38623 59837 41340 44212 3721 20221 13832 56689 49004 59237 40174 49205 19120 37605 40175 54096 61317 46714 35756 74570 19201 50876 38911 30393 25082 25121 62903 31055 36674 34684 46077 20292 29615 25231 30184 22088 26748 46359 37989 37794 38678 45612 13938 24484 22745 29209 27582 7240 28934 33217 52150 30718 32505 21614 18889 44775 31797 24204 22884 71060 51561 35045 26522 19053 34385 45476 41904 30569 42375 16097 50730 28182 37674 18461 43278 0 29929 36845 17831 21710 35642 58458 5120 16343 58866 30393 23994 14105 25655 48059 19677 23275 69551 1928 27077 6704 45313 52466 50755 54954
42570 29072 46481 63999 27924 13056 21900 37179 20767 69977 21639 24287 20129 27172 30537 19611 22801 36800 18605 5967 35576 6739 24423 25097 77783 32331 16229 35295 10627 30032 11680 26088 12560 35229 62378 28385 44768 52499 25203 47465 22766 30039 66060 48340 54802 13323 31251 59814 30281 10405 10975 67893 9838 43848 26757 59600 30690 20145 15670 27643 27477 42996 30182 19138 31680 29978 24210 44857 54749 14643 73583 37504 54060 47957 44768 39788 22495 11769 50386 54799 27269 33514 60819 59923 63208 16197 40234 32392 49439 53182 22197 21311 22909 9865 17417 65124 74599 43855 45148 34646 37630 45783 31546 31710 17785 22892 7247 48048 27357 44769 72911 46938 20610 46822 41614 27188 53381 56002 11775 18284 56523 62198 13732 15994 45979 21944 54243 61382 29215 54546 29929 0 6916 31756 18551 22964 34843 32916 19173 34999 41446 12425 29083 55311 77301 49603 9939 41847 28610 30119 25311 24703 22569 21798 25269
49136 22173 52877 69812 34832 19885 17458 30550 17794 75007 20040 18430 14010 20719 37342 14272 25199 31891 12176 11277 28662 8414 20181 29277 83170 25456 22408 29555 17538 25864 17749 20546 18562 28348 66205 21758 50265 58552 18397 52193 16039 23494 69661 53985 50760 11189 24495 65756 23366 17313 4685 73751 7995 36961 21198 65421 24208 18911 10304 34535 32985 49859 25135 12287 26036 31389 20373 51440 60121 12027 78992 33472 57826 52794 37916 46008 16754 8735 56299 61699 31974 26908 67722 66087 69957 9346 46374 36622 55811 59362 27332 25432 20154 6462 17317 71642 81403 50770 51220 40134 42471 51596 38321 36009 19685 16499 10107 53382 32655 51366 79611 52254 25313 53241 34939 23507 58956 62880 18474 19783 60873 67883 16503 12489 52894 15932 60759 67588 35001 58997 36845 6916 0 37697 23838 24662 30935 39787 25391 30975 46466 17632 35338 62205 84135 56520 15831 35928 35521 34707 32136 23007 15672 15610 18533
14098 58722 16151 32247 16138 20326 42566 62815 38124 39355 34727 55958 46011 58389 12166 43501 45387 54585 49872 26425 64172 30134 43513 41398 46379 62143 15549 56745 23298 46887 20088 57835 30050 63137 36247 59288 13624 20863 53124 19067 53495 61097 40551 48664 65644 44311 61751 28079 59236 24342 39794 36137 41148 71451 49234 27848 56161 33338 47405 20342 5776 20167 50025 49522 53396 26524 42202 16265 23616 35350 42171 68584 29155 19017 74524 8805 54196 43282 47969 35641 10430 64425 40643 53194 35277 46691 8885 12882 18846 21790 11515 15931 53456 41566 45929 53293 56587 24163 13558 4968 46223 45383 25053 12363 24685 54193 36200 17234 7004 16344 57257 16240 14257 39892 72281 58255 21875 37810 20669 25714 28753 30512 39203 47420 27202 53538 24390 53965 2976 26549 17831 31756 37697 0 14264 24533 49298 22693 12682 49845 47875 20196 4086 36416 58299 29211 21924 63156 18987 42626 13142 36058 51534 47522 55929
27344 44472 30221 46030 19228 10926 28874 48816 24760 51433 22006 42254 31817 44385 18724 29427 36617 41940 35947 12756 49919 15956 30138 34964 59374 47896 5055 43349 13126 34159 7394 44283 21193 48915 44439 45187 26428 35028 38872 28962 39387 47028 48329 49999 55401 31744 47566 42074 44971 14342 25602 49990 28341 57280 35480 41649 42119 20421 33876 21854 9161 30858 36765 35382 39873 19149 28975 29651 36320 21304 55187 56034 36273 29423 60262 22977 40545 30319 50530 45411 8995 50306 51061 57979 48779 32596 23142 14534 33016 36042 3667 5569 41246 28382 34654 60385 66467 33513 27784 16296 43615 46852 27264 13784 11835 40247 24264 29590 8846 29657 66142 28470 3218 44071 58095 45700 35118 47223 9939 12993 38182 44056 28810 34542 36313 39770 38405 59091 11388 36153 21710 18551 23838 14264 0 13958 37313 26576 5427 37778 46364 6225 12931 46096 68628 39255 8719 49915 21578 37969 15024 23972 37275 33357 41794
38627 39925 40291 52126 33166 22802 20139 40529 15245 54022 11038 41619 25794 42174 32255 22569 45184 30250 34799 17794 43835 16785 20270 45569 63175 43235 18298 33117 23779 22701 17473 44089 31329 42298 42687 42297 32462 42933 33266 31256 36814 44264 45781 63469 41739 35359 43830 48976 39639 24828 23767 56120 31841 49901 26590 48008 34279 10123 34617 35775 18819 43712 26345 32871 30063 7019 18763 40794 40976 15421 59191 57966 34373 32165 54771 32993 40246 33166 64236 58756 14360 47022 64219 71904 59701 30717 32735 15860 42699 44493 14084 9141 44722 30894 40320 74297 79876 46859 36453 23827 55927 60389 41162 15609 5182 38637 30170 34559 17529 40876 79813 33451 11566 57995 53933 48151 40762 60684 21099 4880 38491 49670 36323 37123 49760 39046 48460 73033 21689 36922 35642 22964 24662 24533 13958 0 24777 40533 19380 25334 59043 14301 25029 59473 81889 52459 17124 39227 35536 49497 28942 11696 32856 26907 38839
63383 29634 65031 75375 55993 42555 13514 22246 14254 74827 15438 38199 19509 35719 56028 17341 56130 6490 32797 33402 29380 28894 10766 59793 84572 31777 40310 12267 42027 5158 37376 40783 47132 27115 60284 34527 56372 67176 23336 53460 31431 36206 62126 82649 19963 40939 34027 72703 27847 42614 26655 79286 38487 31806 12889 71505 18898 17121 35908 57729 43560 68057 8377 29246 11555 25005 10663 65563 63852 20253 80880 55723 52903 54548 39536 57757 37828 38340 84267 82718 39108 37321 88370 93101 84471 29277 57470 39687 67378 68878 38446 33580 47545 36460 47669 96829 103744 70825 61009 48447 72466 79887 62784 39633 25479 34387 40784 57927 42296 65641 103218 56888 35724 79396 41290 48513 64156 84498 40597 24321 58526 72729 47380 40522 73608 36255 73164 94414 46428 57496 58458 34843 30935 49298 37313 24777 0 62923 42333 687 76240 34571 49539 83397 105938 76565 35962 16259 57928 64947 51977 13377 25574 18868 32014
19914 61716 24991 45068 7468 20945 52314 69934 49224 56327 47508 54665 52584 58620 10531 51332 33202 66739 50441 30893 68406 35899 54247 26247 60674 64844 22710 66791 22528 59108 25669 55646 22869 68135 57599 60211 32925 33352 58114 40449 54986 61605 61988 25993 81726 40518 63367 40348 63097 22539 43806 48063 38678 76748 58312 41271 63323 45809 46345 5352 25327 14003 60770 51718 63148 45222 53423 21206 41110 44175 56736 61893 51267 40051 77086 22951 52826 40866 25340 21995 30241 65145 28023 31588 34366 48828 24096 34696 27489 32587 27138 31732 47261 40199 38587 33955 41799 12300 27832 27536 25687 22715 3429 34023 37886 54420 32678 36453 26727 20929 40551 35831 29180 17770 73288 52484 38407 23094 22834 39048 49678 44625 31483 44027 13626 52822 29528 32616 23501 47498 5120 32916 39787 22693 26576 40533 62923 0 21162 63307 26363 28354 19103 22462 44422 17434 27290 73480 5027 24768 11703 49901 55459 54270 57450
23969 47007 27500 44903 13857 8023 33086 52493 29295 51707 26923 43448 35184 46103 13829 33124 33996 46699 37540 14174 52866 18460 34596 31327 59014 50398 2983 47682 10885 38936 7644 45255 18375 52055 46512 47130 26081 33327 41890 30111 41373 48884 50595 44756 60698 31633 49755 40663 47758 12019 27972 48768 28468 60561 39560 40506 45761 25280 34843 16433 9437 26329 41238 37483 44131 24457 33543 26292 36122 25182 54806 55926 38632 30363 62866 20641 41664 30610 45183 40448 11928 52281 46197 52553 45204 34590 21063 17559 30424 34025 6988 10817 40829 28927 33495 55018 61421 28606 25977 16197 38966 41583 21849 16779 16932 41861 23569 29555 9970 26249 60938 28493 8285 38646 60259 45589 34517 42179 8042 18101 39688 43194 27016 34739 31318 41072 35465 53664 10404 37558 16343 19173 25391 12682 5427 19380 42333 21162 0 42771 41513 8718 9949 41110 63665 34412 9584 54319 16157 33785 9701 29075 39954 36797 43845
63925 29195 65604 76023 56404 42886 13525 21624 14499 75506 15855 37904 19327 35353 56486 17257 56158 5803 32579 33669 28827 29117 10794 59907 85248 31293 40720 11626 42315 5120 37732 40479 47330 26553 60971 34131 56996 67790 22962 54119 31124 35794 62812 82890 19840 40880 33577 73338 27376 42886 26650 79936 38472 31163 12563 72146 18387 17527 35760 58102 44101 68546 7976 29010 11021 25652 10792 66110 64504 20445 81552 55396 53588 55205 38936 58323 37563 38286 84538 83173 39676 36859 88839 93413 85034 29108 58043 40304 67960 69485 38955 34101 47378 36430 47626 97199 104188 71286 61603 49033 72629 80142 63137 40243 25944 34092 40865 58568 42845 66187 103633 57526 36226 79725 40744 48275 64798 84944 40928 24790 59206 73380 47442 40405 74059 35990 73744 94733 46968 58173 58866 34999 30975 49845 37778 25334 687 63307 42771 0 76419 34953 50050 83850 106395 77033 36297 15572 58319 65088 52402 13876 25262 18633 31660
45999 64065 50974 70673 31767 36247 63312 75646 62047 82517 62147 53457 60403 58388 36226 60652 24862 78146 52356 43345 71143 47432 65866 17730 86251 66371 41360 75997 35478 71476 41591 53162 29146 71753 83700 60483 59199 59349 63253 66456 56907 61156 88074 9877 96172 40409 63898 66008 66186 34571 51149 73330 40852 79679 67660 67129 69945 60486 47508 27536 48937 38568 71448 55131 72499 65241 65641 46986 67454 55988 82457 52612 76992 66149 76880 49296 51941 42260 13930 37011 53026 64368 41437 24297 55594 52869 50433 58314 53223 58342 48492 51919 41857 43037 34731 33355 47663 34737 54167 52843 4208 9792 23280 57561 54821 55030 36416 62769 50103 46684 43454 62111 49542 18565 71727 46256 64719 36219 37956 55818 75861 70516 30751 43162 33844 52702 54176 26013 47893 73666 30393 41446 46466 47875 46364 59043 76240 26363 41513 76419 0 44782 43893 36873 51027 36808 42199 82262 28973 12022 34955 65092 59950 61941 58910
32563 38606 35836 52192 21562 8629 24517 43775 20989 57622 19178 36036 26481 38240 22362 24410 32043 38506 29768 6549 44288 9969 26177 31526 65599 42019 6043 39130 9506 30811 3195 38059 17304 43415 50113 39099 32647 41050 33276 35042 33303 40918 53885 49569 53608 25709 41560 48179 39239 10597 19617 56140 22256 51890 30915 47804 37043 17471 27652 23165 15354 34974 32796 29326 35549 20843 25227 34887 42544 16520 61412 49928 41845 35545 54446 28734 34323 24183 50622 48741 14851 44232 54579 58879 53880 26501 28999 20085 38702 41969 9811 9312 35264 22206 29045 62263 69547 37008 33754 22510 41629 46567 28292 19380 10165 34077 18557 35814 15069 34859 68758 34693 8230 45047 52090 39613 41329 50360 6830 11245 44118 50251 23700 28411 39611 33559 43924 60121 17422 42130 23994 12425 17632 20196 6225 14301 34571 28354 8718 34953 44782 0 18269 49373 71903 42847 3142 45794 23372 35246 17745 21687 31471 28086 35733
14417 56837 17594 35252 12243 17000 41788 61726 37580 43073 34536 53369 44622 56052 8719 42325 41531 54514 47489 24100 62553 28211 42975 37368 49772 60241 12931 56211 19982 46749 17589 55138 26339 61647 40332 57068 17395 23488 51531 23148 51303 58828 44634 44964 66652 41239 59664 30899 57506 20954 37811 39053 38192 70080 48406 30873 55018 33036 44745 16389 6770 18704 49577 47394 52764 28019 41758 16729 27264 34221 45572 65393 33200 23080 72690 10706 51577 40370 44442 33940 11964 62218 39258 50110 35848 44512 11190 15707 20496 24101 11096 15977 50211 38766 42481 50785 55042 22150 16152 9007 42177 41684 21259 15075 24324 51811 33010 21062 8247 16729 55338 20112 13844 36596 70178 55101 25329 35982 17599 25428 32828 33708 35628 44443 25142 51007 25655 50960 4444 30623 14105 29083 35338 4086 12931 25029 49539 19103 9949 50050 43893 18269 0 34684 56947 27566 19517 62737 15116 38541 9066 36176 49729 46191 53770
24263 84177 26712 40957 27954 42923 73839 92144 70324 54699 68021 76936 74721 81001 27372 73248 53245 87790 72882 52858 90849 57834 75549 45365 55262 87306 43373 88436 44802 80038 47094 77790 45158 90539 62538 82628 39388 33031 80474 47727 77441 83989 66721 29973 101209 62691 85806 37045 85542 44908 66130 42296 61033 99159 80080 38853 85481 66387 68722 27670 41372 16265 82167 74179 84824 62677 74572 23220 43102 65746 52193 82818 58685 46830 99532 30760 75108 63194 26350 813 46528 87527 5597 23987 20263 71285 31738 49168 27064 31038 45390 50333 68761 62612 60103 19083 20404 12616 32122 39775 38734 27928 24457 48713 57923 76824 55043 41707 42832 22942 20892 41697 47958 18460 95655 73945 40124 1650 44707 59085 54697 41990 53247 66184 9793 75169 24323 23762 38684 52869 25655 55311 62205 36416 46096 59473 83397 22462 41110 83850 36873 49373 34684 0 22555 7212 48890 95118 26758 41857 31629 70068 77876 76401 79900
45049 105845 46064 54025 50414 65235 96334 114355 92869 67759 90572 97850 96986 102167 49910 95631 72113 110342 94313 75197 112652 80194 98079 63967 65132 108873 65916 110916 66947 102592 69568 98447 66431 112470 79340 103912 58819 50101 102503 66776 98947 105152 83149 41654 123590 83546 107178 51443 107342 66953 88220 53779 82254 121066 102521 53531 107734 88940 89944 49752 63527 38263 104689 95875 107294 84783 97115 43457 59911 88224 63208 101753 77082 65723 120903 51614 96059 84335 37379 23222 68614 108667 17692 28586 30757 93028 52429 70758 45363 47820 67811 72757 88613 83985 80138 18512 3389 35116 51564 61143 54167 41248 45856 70374 80461 98089 76343 60366 64963 43242 8745 60636 70420 33887 116716 93664 57169 21550 67064 81621 72081 55983 73705 86973 32347 96270 40708 27122 60760 70583 48059 77301 84135 58299 68628 81889 105938 44422 63665 106395 51027 71903 56947 22555 0 29432 71334 117603 49020 59415 54166 92598 99785 98671 101362
17255 78639 20181 36373 21788 36890 67363 86061 63701 49731 61243 72023 68610 75879 20589 66978 49972 81102 67592 46721 85173 51645 68979 42452 51363 81842 36811 81976 38993 73332 40735 73055 40266 84747 56287 77408 32601 27203 74613 40971 72067 78855 60542 31562 94173 57929 80504 32112 79883 39225 60255 38251 55997 93370 73703 33741 79361 59631 63626 22237 34219 9053 75614 68657 78387 55521 67950 16434 37100 59321 47983 79128 52025 40125 94184 23670 70180 58204 28583 6432 39360 82395 11806 28685 18819 65734 24680 41955 20965 25407 38380 43326 64639 57437 55957 25494 27477 5848 25431 32577 37915 28965 20082 41501 51089 71648 49999 35123 35674 16138 28099 35029 40990 19711 90549 69859 34103 8672 38590 52245 48349 37025 48894 61440 3821 70127 19299 28808 31509 46443 19677 49603 56520 29211 39255 52459 76565 17434 34412 77033 36808 42847 27566 7212 29432 0 42588 88642 21049 39705 25153 63207 72142 70281 74551
33491 37468 37084 54133 20936 6596 25048 43547 22000 60072 20773 34035 26111 36551 22418 24392 28901 39480 28000 4590 43445 9142 26958 28511 67844 40849 6605 39590 6727 31910 1968 35940 14266 42727 53024 37552 34830 42750 32539 37680 31790 39314 56843 47362 55336 23034 40173 50003 38289 7719 18448 58046 19655 51288 31193 49735 36826 19055 25506 21983 17538 35103 33484 27900 35963 23817 26165 35809 44809 16913 63645 47345 44792 38129 53326 30177 32277 21672 48610 48291 17636 42702 54210 57170 54589 25005 30548 23011 40005 43533 12386 12418 32527 19805 26062 60989 68873 36741 35410 24706 38935 44428 26871 22288 12629 32323 15607 38111 17448 35754 67835 37004 11152 43435 50675 37004 43453 49792 4640 13620 46884 52293 20581 25884 39206 31616 45036 58465 19314 44864 23275 9939 15831 21924 8719 17124 35962 27290 9584 36297 42199 3142 19517 48890 71334 42588 0 46280 22421 32376 17466 23483 30470 27765 34261
77021 23177 79229 90957 67190 52536 21283 10468 25161 90967 28462 34744 21919 30596 68121 22322 59338 9772 31840 42616 19169 37620 19776 64771 100655 23611 51832 6691 51214 16569 48035 36849 54307 16905 76542 28682 71577 82154 20066 69276 28407 29708 78345 89912 22832 42953 26658 88051 20685 51470 31261 94910 41675 17765 15208 86968 12972 29818 36317 68135 57386 80631 13160 28357 10332 40738 20985 79284 79536 29379 96907 50335 69142 70328 26771 71871 35184 40655 92159 94501 53451 29266 100366 101771 98402 29956 71727 54850 81758 83716 51792 47228 46616 39463 49638 106718 115153 82802 75637 63007 78197 87491 72708 54697 38498 31305 45865 73407 56271 79324 114012 72334 49011 88578 30259 45793 79647 96055 50648 37447 74695 88378 51683 41230 85382 33736 87456 103226 60198 73608 69551 41847 35928 63156 49915 39227 16259 73480 54319 15572 82262 45794 62737 95118 117603 88642 46280 0 68680 70361 63519 27578 23426 20338 27662
19319 57605 24379 44523 2878 16216 47468 65397 44288 54916 42506 51127 47990 54878 7348 46617 31755 61811 46554 26178 64184 31178 49352 25618 60010 60796 17687 61990 18052 54157 20748 52274 19604 63818 54761 56379 30477 32510 53729 37503 51019 57848 59126 29942 76700 37199 59460 39812 58885 18209 39378 47789 35075 72442 53545 40494 58747 40810 42653 1802 20912 15632 55901 47616 58354 40335 48499 21045 39337 39332 55960 59484 48032 37229 73135 20917 49278 37303 29718 26220 25658 61386 32229 36472 36486 44698 21988 30371 27144 32084 22276 26790 44561 36443 35974 38978 46490 15412 26272 23941 27623 26670 6203 29669 32859 50634 29098 34121 22258 20815 45435 33384 24235 22591 69543 49769 36810 27538 18055 34022 46977 43765 28756 40703 17378 49166 30107 37543 19360 44773 1928 28610 35521 18987 21578 35536 57928 5027 16157 58319 28973 23372 15116 26758 49020 21049 22421 68680 0 25252 6881 44882 51176 49673 53503
44339 52076 49439 69609 27550 27181 51806 63630 50876 80150 51366 41641 48558 46527 32427 48959 13310 66535 40344 32755 59160 36423 54419 5712 85164 54431 32929 64158 25740 60076 32144 41488 18406 59743 78859 48597 55325 57685 51244 61687 44910 49337 83138 20959 84910 28399 52013 64886 54180 24670 39374 72731 28851 67710 55895 65665 57966 49756 35498 23490 42358 38658 59802 43109 60697 56074 54296 45836 64503 44760 81149 42438 71515 61588 65143 46096 40078 30239 24354 41768 45700 52607 47100 34928 58176 40862 47132 51281 52081 57123 40663 43347 30430 31043 22883 42966 56161 36004 51518 47478 7863 19542 21343 50504 44905 43083 24608 59015 43302 45574 52636 58195 41184 25538 60119 35109 62032 41644 28613 45812 71355 68965 18751 31206 36130 40786 54291 36613 41945 69147 27077 30119 34707 42626 37969 49497 64947 24768 33785 65088 12022 35246 38541 41857 59415 39705 32376 70361 25252 0 29549 54378 47935 50070 46940
18040 54284 22631 42131 4246 12258 42236 61005 38703 51243 36547 49058 43559 52362 5244 41840 33540 56191 43842 21728 60563 26576 43920 28700 57242 57589 11751 56845 14848 48457 15590 50507 19191 59983 49379 53664 25908 30036 49801 32161 48076 55273 53690 36665 70393 35806 56562 37533 55326 15437 35504 45698 33184 68584 48550 37877 54288 34883 40409 7716 14190 17762 50541 44419 53247 33519 42949 20193 35431 34174 53090 59285 42258 32041 70051 17399 47215 35431 36575 30996 18812 58774 36847 43284 37946 41477 18280 23666 25596 30090 15437 20050 44101 34199 35864 45363 51845 19305 23084 18072 33132 33408 13013 22946 26627 48077 27456 29608 15486 20050 51254 28739 17504 29433 66898 49196 33193 32632 13728 27795 41812 40968 28718 39218 21867 46892 29678 44319 12939 39603 6704 25311 32136 13142 15024 28942 51977 11703 9701 52402 34955 17745 9066 31629 54166 25153 17466 63519 6881 29549 0 38758 47517 45220 50579
50111 31596 51946 63492 42835 30035 10518 29741 6251 64414 3067 36221 17703 35481 42695 14302 47330 18567 29645 21748 34241 18058 9559 49646 73856 34637 27199 21625 29942 11020 24673 38859 36056 32421 51494 35067 44007 54586 24628 42103 30269 37008 54031 70779 31922 34129 35871 60496 30755 30696 20001 67465 30999 39379 16032 59451 23968 4622 31070 44796 30294 54680 14912 26807 18799 13969 7952 52314 52169 10990 69977 53671 43496 43100 45214 44624 35236 31584 72093 69382 26032 39228 75011 80548 71307 25490 44398 27292 54382 56173 25080 20241 42463 29378 40290 83855 90435 57482 48148 35522 61546 67884 49974 27123 12154 32704 31571 45917 29073 52383 90011 44831 22350 66732 45251 44797 52151 71189 28098 10988 48408 60962 38265 34819 60284 33798 60132 81803 33155 47074 45313 24703 23007 36058 23972 11696 13377 49901 29075 13876 65092 21687 36176 70068 92598 63207 23483 27578 44882 54378 38758 0 25208 18271 31812
63923 7251 67306 82945 50402 35346 14890 15696 19051 86511 23412 12664 7506 10476 52660 10914 36213 23268 8422 25942 13050 21520 16867 42244 95312 10672 37017 18330 33150 20832 32438 15218 33779 12685 75468 9862 63067 72269 3392 63548 5864 11801 78390 68229 42968 19809 10976 79186 7823 32974 12040 86943 19126 21290 12701 78613 10467 23428 12947 50206 46278 65280 17383 4966 15789 38074 18186 66245 72516 17520 91218 30157 67197 64333 22990 60180 12501 17723 70887 77367 44088 14216 83388 80961 85055 7125 60399 47714 70170 73316 40348 37181 23395 16977 26340 86964 97032 66370 65056 53164 55795 66088 53946 47249 29182 8857 24254 65824 45641 66199 95138 64685 37875 68486 21206 23351 71754 78552 33790 28670 71292 80780 29210 17833 68538 10938 75377 82513 48659 69653 52466 22569 15672 51534 37275 32856 25574 55459 39954 25262 59950 31471 49729 77876 99785 72142 30470 23426 51176 47935 47517 25208 0 7181 6719
60581 13353 63575 78152 48521 33478 7802 15786 12283 80902 16760 19465 1686 17656 50171 4338 39461 17607 13953 23565 17018 18645 9686 44517 89939 16499 33997 14110 31751 13922 29678 22092 34094 15704 69175 16963 58246 67927 6438 58040 12831 18865 71946 69592 37301 23321 17601 74600 12763 31840 10973 82162 21596 23930 6429 73884 9083 17034 17431 48926 42008 62855 11104 10379 10777 31575 11018 62901 67395 12266 85903 37117 60985 58894 27885 56300 18986 20852 71899 75836 39228 20960 81807 81625 81950 10702 56399 42322 66349 69138 36070 32362 28879 19399 30134 86916 96068 64443 60863 48603 57892 67204 53173 41927 23854 15676 25532 60785 41202 62887 94581 59652 33430 68617 27196 29645 66850 77211 31711 23161 65373 75866 31465 22257 66821 17418 71762 83107 44575 63828 50755 21798 15610 47522 33357 26907 18868 54270 36797 18633 61941 28086 46191 76401 98671 70281 27765 20338 49673 50070 45220 18271 7181 0 13899
67663 5240 71345 87784 53067 38324 21585 18289 25606 92006 29879 7084 14144 3763 55806 17516 34360 29140 7050 29673 12246 25839 23585 41238 100596 7604 40864 23564 35816 27409 36207 9273 34931 13114 81526 3477 68013 76782 8738 69029 2503 5432 84561 67708 48590 18635 5984 83868 7630 35426 16223 91759 19191 20770 19137 83416 15058 29764 11644 52355 50931 68234 23702 6412 21580 44375 24902 69969 77658 23419 96464 23796 73208 69758 19640 64391 7730 17248 70678 79444 49206 8515 85471 81000 88465 9258 64706 53191 74264 77688 45083 42354 19374 17380 24307 87629 98484 68885 69486 57972 54706 65827 55590 52679 34819 3994 25026 70928 50428 69897 96229 69790 42770 69129 16417 18130 76726 80451 36985 34428 77068 85726 28697 15752 70849 6493 79271 82607 53141 75360 54954 25269 18533 55929 41794 38839 32014 57450 43845 31660 58910 35733 53770 79900 101362 74551 34261 27662 53503 46940 50579 31812 6719 13899 0
