arm,stream_seed,stage,trigger_second,trigger_reason,event_ids,event_types,applied_event_ids,ignored_locked_event_ids,event_count,next_trigger_second,available_compute_seconds,committed_route_count,future_route_count,future_cost,running_total_cost,cross_site_customer_count,dynamic_added_customer_count,dynamic_added_cross_site_customer_count,dynamic_added_cross_site_customer_ids,active_customer_count,committed_customer_count,future_customer_count,asset_state_count,asset_states_sha256,locked_routes_sha256,locked_charging_actions_sha256,active_customer_ids_sha256,committed_customer_ids_sha256,future_customer_ids_sha256,stage_solution_sha256,stage_certificate_sha256,stage_certificate_status,initial_continuation_feasible,initial_type_trial_count,changed_candidate_count,search_exact_check_count,executable_candidate_count,accepted_candidate_count,search_rejection_counts_json,evaluations,stage_search_seed,operator_pairs,elapsed_seconds,completed_before_next_trigger,customer_accounting_pass
cooperative,1,1,10800.0,delta_t,1;2;3;4;5;6;7,cancel;add;add;demand_change;demand_change;add;demand_change,1;2;3;4;5;6;7,,7,17463.155806373295,6663.1558063732955,9,28,5031.6388469798385,6598.521511852761,1,3,0,,223,50,173,20,d08320d012b3e3afcd12cc9e265ceecba890cb63338dc48644ed5a8eb32f3daa,337b52e0fe0839d841e446f953ec365bd30023362eb726b0479cc984cc0d4805,5f113f8455ccf0d545ddfff8f2b7292d988f7684ba2b53e363d0f46e9c32d425,c6c521c820c2f12ceee1416ae0c1203ebb64392e94adfb8de4bbee0e3407cd24,9dde89658431f7b3a209571e9ca2b1e70f8a532c89fdaa84b7742b2f1e251351,e6fa9f95a9bc9b108a4c0ff5b25a67b06453e51305223afcb88b573ea052da85,86f82ee7d88af762ce53c0af749c2d8982c021fdc5f41a80e9978073fc9e305a,bb2c84630a2764b9038c9734d8e27b8b3f584272db56eda7b8e82038ad4d0aa8,PASS,True,1,400,400,35,7,"{""E7_DYNAMIC_MULTITRIP_V1: no inherited asset can serve open route CV1#T1"": 2, ""E7_DYNAMIC_MULTITRIP_V1: no inherited asset can serve open route CV10#T1"": 150, ""E7_DYNAMIC_MULTITRIP_V1: no inherited asset can serve open route CV27#T1"": 20, ""E7_DYNAMIC_MULTITRIP_V1: no inherited asset can serve open route CV28#T1"": 4, ""E7_DYNAMIC_MULTITRIP_V1: no inherited asset can serve open route CV29#T1"": 2, ""E7_DYNAMIC_MULTITRIP_V1: no inherited asset can serve open route CV9#T1"": 22, ""E7_DYNAMIC_MULTITRIP_V1: no inherited asset can serve open route DYN_EVENT_C026"": 7, ""E7_DYNAMIC_MULTITRIP_V1: no inherited asset can serve open route DYN_OPEN_003"": 3, ""E7_DYNAMIC_MULTITRIP_V1: no inherited asset can serve open route DYN_OPEN_016"": 9, ""E7_DYNAMIC_MULTITRIP_V1: no inherited asset can serve open route DYN_OPEN_017"": 4, ""E7_DYNAMIC_MULTITRIP_V1: no inherited asset can serve open route DYN_OPEN_019"": 6, ""E7_DYNAMIC_MULTITRIP_V1: no inherited asset can serve open route DYN_OPEN_020"": 23, ""E7_DYNAMIC_MULTITRIP_V1: no inherited asset can serve open route DYN_OPEN_021"": 9, ""E7_DYNAMIC_MULTITRIP_V1: no inherited asset can serve open route DYN_OPEN_022"": 5, ""E7_DYNAMIC_MULTITRIP_V1: no inherited asset can serve open route DYN_OPEN_023"": 18, ""E7_DYNAMIC_MULTITRIP_V1: no inherited asset can serve open route DYN_OPEN_024"": 10, ""E7_DYNAMIC_MULTITRIP_V1: no inherited asset can serve open route DYN_OPEN_025"": 24, ""E7_DYNAMIC_MULTITRIP_V1: no inherited asset can serve open route DYN_OPEN_026"": 17, ""E7_DYNAMIC_MULTITRIP_V1: no inherited asset can serve open route DYN_OPEN_027"": 25, ""E7_DYNAMIC_MULTITRIP_V1: no inherited asset can serve open route DYN_OPEN_028"": 3, ""E7_DYNAMIC_MULTITRIP_V1: no inherited asset can serve open route DYN_OPEN_029"": 2}",400,1001,random_customer_removal+greedy_insert_repair;random_customer_removal+regret2_insert_repair;random_customer_removal+regret3_insert_repair;worst_customer_removal+greedy_insert_repair;worst_customer_removal+regret2_insert_repair;worst_customer_removal+regret3_insert_repair;shaw_related_removal+greedy_insert_repair;shaw_related_removal+regret2_insert_repair;shaw_related_removal+regret3_insert_repair;whole_route_removal+greedy_insert_repair;whole_route_removal+regret2_insert_repair;whole_route_removal+regret3_insert_repair;route_segment_removal+greedy_insert_repair;route_segment_removal+regret2_insert_repair;route_segment_removal+regret3_insert_repair;vehicle_type_swap+greedy_insert_repair;vehicle_type_swap+regret2_insert_repair;vehicle_type_swap+regret3_insert_repair,17.47846449998906,True,True
cooperative,1,2,17463.155806373295,q_bar,8;9;10;11;12;13;14;15,cancel;demand_change;demand_change;add;cancel;add;add;add,8;9;10;11;12;13;14;15,,8,21927.621863159293,4464.466056785997,18,32,5621.695553809675,8753.238029207385,35,7,3,N_S1_002;N_S1_004;N_S1_007,225,109,116,20,818a71d9b82cc91adf62592b69f3d2faa3618d7cfb2984b0f691c057cd2073a8,ddcc9507e81d373f8f7dc3acab9e08cdeba054110319a5b63c43c8ca225f4342,dbd863e73d3b42fd9f4f28fadee28ac0871ced74a204429acac76379b14117c2,998965905fed3a538e4d60f916e8af3a87c0c826bf6ff4a6ce8e97663a3997bf,7983d5efec481b2e1b04526869332c7d788814d84d9ce28937bf11f6623edc84,716c54cb42b93a269e926fd2c618d30f241d0675300e43a78f8940467612b842,a5fec05b79ce20c106f72959d4bc9982a908d676dccb0daf35c677f5cd829d78,42a0c42e7c95511bb45dc271a11d909d88c14bbe9bc05aed933b33a4b62eaef2,PASS,False,0,400,400,18,1,"{""E7_DYNAMIC_MULTITRIP_V1: assignment backtracking exceeded 100000 states"": 2, ""E7_DYNAMIC_MULTITRIP_V1: no inherited asset can serve open route DYN_EVENT_N_S1_004"": 2, ""E7_DYNAMIC_MULTITRIP_V1: no inherited asset can serve open route DYN_EVENT_N_S1_005"": 8, ""E7_DYNAMIC_MULTITRIP_V1: no inherited asset can serve open route DYN_EVENT_N_S1_007"": 2, ""E7_DYNAMIC_MULTITRIP_V1: no inherited asset can serve open route DYN_OPEN_002"": 7, ""E7_DYNAMIC_MULTITRIP_V1: no inherited asset can serve open route DYN_OPEN_003"": 8, ""E7_DYNAMIC_MULTITRIP_V1: no inherited asset can serve open route DYN_OPEN_004"": 2, ""E7_DYNAMIC_MULTITRIP_V1: no inherited asset can serve open route DYN_OPEN_005"": 6, ""E7_DYNAMIC_MULTITRIP_V1: no inherited asset can serve open route DYN_OPEN_010"": 15, ""E7_DYNAMIC_MULTITRIP_V1: no inherited asset can serve open route DYN_OPEN_011"": 1, ""E7_DYNAMIC_MULTITRIP_V1: no inherited asset can serve open route DYN_OPEN_012"": 27, ""E7_DYNAMIC_MULTITRIP_V1: no inherited asset can serve open route DYN_OPEN_013"": 1, ""E7_DYNAMIC_MULTITRIP_V1: no inherited asset can serve open route DYN_OPEN_014"": 3, ""E7_DYNAMIC_MULTITRIP_V1: no inherited asset can serve open route DYN_OPEN_015"": 3, ""E7_DYNAMIC_MULTITRIP_V1: no inherited asset can serve open route DYN_OPEN_017"": 9, ""E7_DYNAMIC_MULTITRIP_V1: no inherited asset can serve open route DYN_OPEN_018"": 34, ""E7_DYNAMIC_MULTITRIP_V1: no inherited asset can serve open route DYN_OPEN_020"": 5, ""E7_DYNAMIC_MULTITRIP_V1: no inherited asset can serve open route DYN_OPEN_021"": 2, ""E7_DYNAMIC_MULTITRIP_V1: no inherited asset can serve open route DYN_OPEN_022"": 13, ""E7_DYNAMIC_MULTITRIP_V1: no inherited asset can serve open route DYN_OPEN_023"": 43, ""E7_DYNAMIC_MULTITRIP_V1: no inherited asset can serve open route DYN_OPEN_027"": 4, ""E7_DYNAMIC_MULTITRIP_V1: no inherited asset can serve open route DYN_OPEN_031"": 16, ""E7_DYNAMIC_MULTITRIP_V1: no inherited asset can serve open route DYN_OPEN_032"": 3, ""E7_DYNAMIC_MULTITRIP_V1: no inherited asset can serve open route REPACK_010"": 2, ""E7_DYNAMIC_MULTITRIP_V1: route DYN_OPEN_006 exceeds one battery"": 38, ""E7_DYNAMIC_MULTITRIP_V1: route DYN_OPEN_008 exceeds one battery"": 23, ""E7_DYNAMIC_MULTITRIP_V1: route DYN_OPEN_010 exceeds one battery"": 4, ""E7_DYNAMIC_MULTITRIP_V1: route DYN_OPEN_012 exceeds one battery"": 1, ""E7_DYNAMIC_MULTITRIP_V1: route REPACK_001 exceeds one battery"": 30, ""E7_DYNAMIC_MULTITRIP_V1: route REPACK_002 exceeds one battery"": 17, ""E7_DYNAMIC_MULTITRIP_V1: route REPACK_003 exceeds one battery"": 10, ""E7_DYNAMIC_MULTITRIP_V1: route REPACK_004 exceeds one battery"": 11, ""E7_DYNAMIC_MULTITRIP_V1: route REPACK_005 exceeds one battery"": 6, ""E7_DYNAMIC_MULTITRIP_V1: route REPACK_006 exceeds one battery"": 9, ""E7_DYNAMIC_MULTITRIP_V1: route REPACK_007 exceeds one battery"": 3, ""E7_DYNAMIC_MULTITRIP_V1: route REPACK_008 exceeds one battery"": 2, ""E7_DYNAMIC_MULTITRIP_V1: route REPACK_009 exceeds one battery"": 2, ""E7_DYNAMIC_MULTITRIP_V1: route REPACK_010 exceeds one battery"": 1, ""E7_DYNAMIC_MULTITRIP_V1: route REPACK_011 exceeds one battery"": 1, ""E7_DYNAMIC_MULTITRIP_V1: route REPACK_012 exceeds one battery"": 2, ""E7_DYNAMIC_MULTITRIP_V1: route REPACK_013 exceeds one battery"": 1, ""E7_DYNAMIC_MULTITRIP_V1: route REPACK_016 exceeds one battery"": 1, ""E7_DYNAMIC_MULTITRIP_V1: route REPACK_017 exceeds one battery"": 1, ""E7_DYNAMIC_MULTITRIP_V1: route REPACK_018 exceeds one battery"": 1}",400,1002,random_customer_removal+greedy_insert_repair;random_customer_removal+regret2_insert_repair;random_customer_removal+regret3_insert_repair;worst_customer_removal+greedy_insert_repair;worst_customer_removal+regret2_insert_repair;worst_customer_removal+regret3_insert_repair;shaw_related_removal+greedy_insert_repair;shaw_related_removal+regret2_insert_repair;shaw_related_removal+regret3_insert_repair;whole_route_removal+greedy_insert_repair;whole_route_removal+regret2_insert_repair;whole_route_removal+regret3_insert_repair;route_segment_removal+greedy_insert_repair;route_segment_removal+regret2_insert_repair;route_segment_removal+regret3_insert_repair;vehicle_type_swap+greedy_insert_repair;vehicle_type_swap+regret2_insert_repair;vehicle_type_swap+regret3_insert_repair,200.3904119170038,True,True
cooperative,1,3,21927.621863159293,q_bar,16;17;18;19;20;21;22;23,add;add;demand_change;demand_change;demand_change;cancel;demand_change;cancel,16;17;18;19;20;21;22;23,,8,25060.40779036161,3132.785927202316,27,24,4571.178940785663,8887.680714367718,36,9,4,N_S1_002;N_S1_004;N_S1_007;N_S1_008,225,125,100,20,0ae006a992817b9fd96e7bdaa7dbbe8e6a10dd79aa775034f6298e2a3b72340c,463c3db8f3e58ac2a19c2a7ed44550356dfa0895027086408b68ff15b343544f,50cdfbda603973ab0a9ca2a0454a5446972c02fa9306129af67a90f9367f8e6f,c446be69a9dfe60bae2da2f732cae6b97b88f159d4480c909a138f6803eea97b,9d236ca8ff3c6210bdc1382706c09963d8b01aa63f95c8f288e6588059f2b260,4aae3ce132c6c3246a69adbc43a5e1dcf77b19cf9853b19314747dc91cf411ff,10c2e0b613f5299c153d56f35ad4e0f2f305ecc2d50cd0b45d860dd404d97038,3ae2d74053633d1eda778e84d049959a7abfdb090c92d28d4da24f825c215ace,PASS,True,1,384,384,51,2,"{""E7_DYNAMIC_MULTITRIP_V1: assignment backtracking exceeded 100000 states"": 5, ""E7_DYNAMIC_MULTITRIP_V1: no inherited asset can serve open route CV14#T1"": 3, ""E7_DYNAMIC_MULTITRIP_V1: no inherited asset can serve open route CV15#T1"": 10, ""E7_DYNAMIC_MULTITRIP_V1: no inherited asset can serve open route CV16#T1"": 32, ""E7_DYNAMIC_MULTITRIP_V1: no inherited asset can serve open route CV17#T1"": 2, ""E7_DYNAMIC_MULTITRIP_V1: no inherited asset can serve open route CV2#T1"": 1, ""E7_DYNAMIC_MULTITRIP_V1: no inherited asset can serve open route CV23#T1"": 4, ""E7_DYNAMIC_MULTITRIP_V1: no inherited asset can serve open route CV24#T1"": 3, ""E7_DYNAMIC_MULTITRIP_V1: no inherited asset can serve open route CV3#T1"": 124, ""E7_DYNAMIC_MULTITRIP_V1: no inherited asset can serve open route DYN_EVENT_C147"": 4, ""E7_DYNAMIC_MULTITRIP_V1: no inherited asset can serve open route DYN_EVENT_N_S1_009"": 1, ""E7_DYNAMIC_MULTITRIP_V1: no inherited asset can serve open route DYN_OPEN_009"": 6, ""E7_DYNAMIC_MULTITRIP_V1: no inherited asset can serve open route DYN_OPEN_012"": 4, ""E7_DYNAMIC_MULTITRIP_V1: no inherited asset can serve open route DYN_OPEN_013"": 60, ""E7_DYNAMIC_MULTITRIP_V1: no inherited asset can serve open route DYN_OPEN_016"": 5, ""E7_DYNAMIC_MULTITRIP_V1: no inherited asset can serve open route DYN_OPEN_018"": 1, ""E7_DYNAMIC_MULTITRIP_V1: no inherited asset can serve open route DYN_OPEN_019"": 1, ""E7_DYNAMIC_MULTITRIP_V1: no inherited asset can serve open route DYN_OPEN_020"": 22, ""E7_DYNAMIC_MULTITRIP_V1: no inherited asset can serve open route DYN_OPEN_021"": 5, ""E7_DYNAMIC_MULTITRIP_V1: no inherited asset can serve open route DYN_OPEN_022"": 2, ""E7_DYNAMIC_MULTITRIP_V1: no inherited asset can serve open route DYN_OPEN_024"": 35, ""E7_DYNAMIC_MULTITRIP_V1: no inherited asset can serve open route DYN_OPEN_025"": 3}",400,1003,random_customer_removal+greedy_insert_repair;random_customer_removal+regret2_insert_repair;random_customer_removal+regret3_insert_repair;worst_customer_removal+greedy_insert_repair;worst_customer_removal+regret2_insert_repair;worst_customer_removal+regret3_insert_repair;shaw_related_removal+greedy_insert_repair;shaw_related_removal+regret2_insert_repair;shaw_related_removal+regret3_insert_repair;whole_route_removal+greedy_insert_repair;whole_route_removal+regret2_insert_repair;whole_route_removal+regret3_insert_repair;route_segment_removal+greedy_insert_repair;route_segment_removal+regret2_insert_repair;route_segment_removal+regret3_insert_repair;vehicle_type_swap+greedy_insert_repair;vehicle_type_swap+regret2_insert_repair;vehicle_type_swap+regret3_insert_repair,216.1177771249786,True,True
cooperative,1,4,25060.40779036161,q_bar,24;25;26;27;28;29;30;31,add;add;demand_change;demand_change;demand_change;cancel;demand_change;demand_change,24;25;26;27;28;29;30;31,,8,30950.772652074673,5890.364861713064,27,25,4709.737604475263,9070.490881615013,36,11,5,N_S1_002;N_S1_004;N_S1_007;N_S1_008;N_S1_011,226,125,101,20,f77d26f03fa1976fee50fc15d3942a0d1084c8bd381bcbf52fa95668d9ad2d90,4f53cda18c2baa0c0354bb5f9a3ecbe5ed12ab4d8e11ba873c2f11161202b945,7d4dcf535a5fd04723b87a84437b6a947be4ee9e97b6d3738cd31a6e234ef185,72a81b30a486440df42846c894bdb1613c08c4856436abe725e7b93cf8cedfd8,9d236ca8ff3c6210bdc1382706c09963d8b01aa63f95c8f288e6588059f2b260,fb1f36f6450ea99de4da09b3fbd3066fc18c56f82c2838b201ced32fb72e2c89,ecdd294dfbb19a94912da30fb10a74463824d0a30bd064aee8219ba8b21b3b96,1a487c37592847d5f391bb797c93e0cdef3c4c57796421519a4518d29ce58905,PASS,True,1,390,390,17,4,"{""E7_DYNAMIC_MULTITRIP_V1: assignment backtracking exceeded 100000 states"": 2, ""E7_DYNAMIC_MULTITRIP_V1: no inherited asset can serve open route CV10#T1"": 1, ""E7_DYNAMIC_MULTITRIP_V1: no inherited asset can serve open route CV13#T1"": 3, ""E7_DYNAMIC_MULTITRIP_V1: no inherited asset can serve open route CV14#T1"": 2, ""E7_DYNAMIC_MULTITRIP_V1: no inherited asset can serve open route CV17#T1"": 7, ""E7_DYNAMIC_MULTITRIP_V1: no inherited asset can serve open route CV18#T1"": 4, ""E7_DYNAMIC_MULTITRIP_V1: no inherited asset can serve open route CV19#T1"": 1, ""E7_DYNAMIC_MULTITRIP_V1: no inherited asset can serve open route CV2#T1"": 3, ""E7_DYNAMIC_MULTITRIP_V1: no inherited asset can serve open route CV20#T1"": 1, ""E7_DYNAMIC_MULTITRIP_V1: no inherited asset can serve open route CV25#T1"": 4, ""E7_DYNAMIC_MULTITRIP_V1: no inherited asset can serve open route CV3#T1"": 164, ""E7_DYNAMIC_MULTITRIP_V1: no inherited asset can serve open route DYN_EVENT_C145"": 9, ""E7_DYNAMIC_MULTITRIP_V1: no inherited asset can serve open route DYN_EVENT_N_S1_010"": 4, ""E7_DYNAMIC_MULTITRIP_V1: no inherited asset can serve open route DYN_OPEN_010"": 1, ""E7_DYNAMIC_MULTITRIP_V1: no inherited asset can serve open route DYN_OPEN_011"": 5, ""E7_DYNAMIC_MULTITRIP_V1: no inherited asset can serve open route DYN_OPEN_012"": 1, ""E7_DYNAMIC_MULTITRIP_V1: no inherited asset can serve open route DYN_OPEN_013"": 3, ""E7_DYNAMIC_MULTITRIP_V1: no inherited asset can serve open route DYN_OPEN_014"": 13, ""E7_DYNAMIC_MULTITRIP_V1: no inherited asset can serve open route DYN_OPEN_015"": 2, ""E7_DYNAMIC_MULTITRIP_V1: no inherited asset can serve open route DYN_OPEN_016"": 2, ""E7_DYNAMIC_MULTITRIP_V1: no inherited asset can serve open route DYN_OPEN_017"": 1, ""E7_DYNAMIC_MULTITRIP_V1: no inherited asset can serve open route DYN_OPEN_018"": 13, ""E7_DYNAMIC_MULTITRIP_V1: no inherited asset can serve open route DYN_OPEN_019"": 10, ""E7_DYNAMIC_MULTITRIP_V1: no inherited asset can serve open route DYN_OPEN_020"": 8, ""E7_DYNAMIC_MULTITRIP_V1: no inherited asset can serve open route DYN_OPEN_021"": 10, ""E7_DYNAMIC_MULTITRIP_V1: no inherited asset can serve open route DYN_OPEN_022"": 38, ""E7_DYNAMIC_MULTITRIP_V1: no inherited asset can serve open route DYN_OPEN_023"": 15, ""E7_DYNAMIC_MULTITRIP_V1: no inherited asset can serve open route DYN_OPEN_024"": 1, ""E7_DYNAMIC_MULTITRIP_V1: no inherited asset can serve open route DYN_OPEN_025"": 32, ""E7_DYNAMIC_MULTITRIP_V1: no inherited asset can serve open route DYN_OPEN_026"": 8, ""E7_DYNAMIC_MULTITRIP_V1: no inherited asset can serve open route DYN_OPEN_028"": 5}",400,1004,random_customer_removal+greedy_insert_repair;random_customer_removal+regret2_insert_repair;random_customer_removal+regret3_insert_repair;worst_customer_removal+greedy_insert_repair;worst_customer_removal+regret2_insert_repair;worst_customer_removal+regret3_insert_repair;shaw_related_removal+greedy_insert_repair;shaw_related_removal+regret2_insert_repair;shaw_related_removal+regret3_insert_repair;whole_route_removal+greedy_insert_repair;whole_route_removal+regret2_insert_repair;whole_route_removal+regret3_insert_repair;route_segment_removal+greedy_insert_repair;route_segment_removal+regret2_insert_repair;route_segment_removal+regret3_insert_repair;vehicle_type_swap+greedy_insert_repair;vehicle_type_swap+regret2_insert_repair;vehicle_type_swap+regret3_insert_repair,101.23817733296892,True,True
cooperative,1,5,30950.772652074673,q_bar,32;33;34;35;36;37;38;39,add;demand_change;add;add;demand_change;add;cancel;demand_change,32;33;34;35;36;37;38;39,,8,35060.1556284928,4109.382976418128,29,25,4282.946617106285,9414.902927686788,25,15,5,N_S1_002;N_S1_004;N_S1_007;N_S1_008;N_S1_011,229,142,87,20,bb154f96df4187408c2f516594e3e48a7ce3ceedff50d5394c7ff1a389369304,e87a33e46e4566a30b83fee9224fe4ac5cdf13a119f48d8146710c6c33b42423,7d4dcf535a5fd04723b87a84437b6a947be4ee9e97b6d3738cd31a6e234ef185,94fe83be898a83ea48f81f5f5fc9a600b58e9b13301c2bbaf06ec9f7b6dce777,083adb06a0acbb74c9245e41491ac7ae1272bb67c18ea5b6c88d6b482871e7f1,17cef8632fe76750d8b3479bfc3d535181436e1f187f912488705da91fa5fb27,59a22323fa9f3fb61bae8a47f8c1cada633a1245d8a9963d9ea03c8b0291497a,1773bc4b6fa600c40c71af019dbfa424a46d4f39d2c45313d931e6a67cea0b33,PASS,True,1,391,391,11,4,"{""E7_DYNAMIC_MULTITRIP_V1: no inherited asset can serve open route CV10#T1"": 2, ""E7_DYNAMIC_MULTITRIP_V1: no inherited asset can serve open route CV12#T1"": 1, ""E7_DYNAMIC_MULTITRIP_V1: no inherited asset can serve open route CV13#T1"": 20, ""E7_DYNAMIC_MULTITRIP_V1: no inherited asset can serve open route CV14#T1"": 7, ""E7_DYNAMIC_MULTITRIP_V1: no inherited asset can serve open route CV15#T1"": 1, ""E7_DYNAMIC_MULTITRIP_V1: no inherited asset can serve open route CV17#T1"": 3, ""E7_DYNAMIC_MULTITRIP_V1: no inherited asset can serve open route CV18#T1"": 44, ""E7_DYNAMIC_MULTITRIP_V1: no inherited asset can serve open route CV19#T1"": 105, ""E7_DYNAMIC_MULTITRIP_V1: no inherited asset can serve open route CV2#T1"": 4, ""E7_DYNAMIC_MULTITRIP_V1: no inherited asset can serve open route CV22#T1"": 1, ""E7_DYNAMIC_MULTITRIP_V1: no inherited asset can serve open route CV5#T1"": 2, ""E7_DYNAMIC_MULTITRIP_V1: no inherited asset can serve open route CV6#T1"": 1, ""E7_DYNAMIC_MULTITRIP_V1: no inherited asset can serve open route DYN_EVENT_C144"": 1, ""E7_DYNAMIC_MULTITRIP_V1: no inherited asset can serve open route DYN_EVENT_N_S1_015"": 37, ""E7_DYNAMIC_MULTITRIP_V1: no inherited asset can serve open route DYN_OPEN_010"": 15, ""E7_DYNAMIC_MULTITRIP_V1: no inherited asset can serve open route DYN_OPEN_011"": 1, ""E7_DYNAMIC_MULTITRIP_V1: no inherited asset can serve open route DYN_OPEN_012"": 5, ""E7_DYNAMIC_MULTITRIP_V1: no inherited asset can serve open route DYN_OPEN_013"": 3, ""E7_DYNAMIC_MULTITRIP_V1: no inherited asset can serve open route DYN_OPEN_014"": 23, ""E7_DYNAMIC_MULTITRIP_V1: no inherited asset can serve open route DYN_OPEN_015"": 1, ""E7_DYNAMIC_MULTITRIP_V1: no inherited asset can serve open route DYN_OPEN_016"": 2, ""E7_DYNAMIC_MULTITRIP_V1: no inherited asset can serve open route DYN_OPEN_019"": 21, ""E7_DYNAMIC_MULTITRIP_V1: no inherited asset can serve open route DYN_OPEN_020"": 18, ""E7_DYNAMIC_MULTITRIP_V1: no inherited asset can serve open route DYN_OPEN_021"": 8, ""E7_DYNAMIC_MULTITRIP_V1: no inherited asset can serve open route DYN_OPEN_022"": 1, ""E7_DYNAMIC_MULTITRIP_V1: no inherited asset can serve open route DYN_OPEN_023"": 1, ""E7_DYNAMIC_MULTITRIP_V1: no inherited asset can serve open route DYN_OPEN_024"": 23, ""E7_DYNAMIC_MULTITRIP_V1: no inherited asset can serve open route DYN_OPEN_026"": 28, ""E7_DYNAMIC_MULTITRIP_V1: no inherited asset can serve open route DYN_OPEN_030"": 1}",400,1005,random_customer_removal+greedy_insert_repair;random_customer_removal+regret2_insert_repair;random_customer_removal+regret3_insert_repair;worst_customer_removal+greedy_insert_repair;worst_customer_removal+regret2_insert_repair;worst_customer_removal+regret3_insert_repair;shaw_related_removal+greedy_insert_repair;shaw_related_removal+regret2_insert_repair;shaw_related_removal+regret3_insert_repair;whole_route_removal+greedy_insert_repair;whole_route_removal+regret2_insert_repair;whole_route_removal+regret3_insert_repair;route_segment_removal+greedy_insert_repair;route_segment_removal+regret2_insert_repair;route_segment_removal+regret3_insert_repair;vehicle_type_swap+greedy_insert_repair;vehicle_type_swap+regret2_insert_repair;vehicle_type_swap+regret3_insert_repair,21.806846792052966,True,True
cooperative,1,6,35060.1556284928,q_bar,40;41;42;43;44;45;46;47,add;demand_change;add;add;cancel;demand_change;cancel;cancel,40;41;42;43;44;45;47,46,8,40386.33844900012,5326.182820507318,32,20,3325.4815991827604,9487.814217910773,17,18,8,N_S1_001;N_S1_004;N_S1_007;N_S1_008;N_S1_011;N_S1_015;N_S1_016;N_S1_018,230,159,71,20,c253ec574a1fc538b14d1a5f962049876a1b86e7a856c3b8bfb76766e5757b14,b217ba07043dc3a5a14d597b41acdab877405efa1b21d47d56baab37f7c937c4,7d4dcf535a5fd04723b87a84437b6a947be4ee9e97b6d3738cd31a6e234ef185,2c584e659e9b929636be64409c21fda7036f046cf545637381cf0f0474a61f76,be03e14df05f9e8a85cb75eb3485fd2384e3099f741fe81b411e5db8be357640,16c6dd321af63734f7820299e6e6adb3bc3e1cdfe2e4aee5b5ded74bf5cdbdd0,475dfa8c3401668b1da10522df361600c25e0b4554844e5561038807edbdca72,97dcea15ac793efcd5a754107fc6f824c1bf679e0f7c3fc8cd0208488df18655,PASS,False,0,400,400,37,1,"{""E7_DYNAMIC_MULTITRIP_V1: no inherited asset can serve open route DYN_EVENT_N_S1_016"": 1, ""E7_DYNAMIC_MULTITRIP_V1: no inherited asset can serve open route DYN_EVENT_N_S1_018"": 8, ""E7_DYNAMIC_MULTITRIP_V1: no inherited asset can serve open route DYN_OPEN_001"": 12, ""E7_DYNAMIC_MULTITRIP_V1: no inherited asset can serve open route DYN_OPEN_003"": 8, ""E7_DYNAMIC_MULTITRIP_V1: no inherited asset can serve open route DYN_OPEN_005"": 41, ""E7_DYNAMIC_MULTITRIP_V1: no inherited asset can serve open route DYN_OPEN_006"": 5, ""E7_DYNAMIC_MULTITRIP_V1: no inherited asset can serve open route DYN_OPEN_010"": 59, ""E7_DYNAMIC_MULTITRIP_V1: no inherited asset can serve open route DYN_OPEN_013"": 8, ""E7_DYNAMIC_MULTITRIP_V1: no inherited asset can serve open route DYN_OPEN_016"": 2, ""E7_DYNAMIC_MULTITRIP_V1: no inherited asset can serve open route DYN_OPEN_018"": 55, ""E7_DYNAMIC_MULTITRIP_V1: no inherited asset can serve open route DYN_OPEN_019"": 28, ""E7_DYNAMIC_MULTITRIP_V1: no inherited asset can serve open route DYN_OPEN_020"": 33, ""E7_DYNAMIC_MULTITRIP_V1: no inherited asset can serve open route REPACK_001"": 1, ""E7_DYNAMIC_MULTITRIP_V1: no inherited asset can serve open route REPACK_002"": 2, ""E7_DYNAMIC_MULTITRIP_V1: no inherited asset can serve open route REPACK_003"": 1, ""E7_DYNAMIC_MULTITRIP_V1: no inherited asset can serve open route REPACK_004"": 1, ""E7_DYNAMIC_MULTITRIP_V1: no inherited asset can serve open route REPACK_005"": 1, ""E7_DYNAMIC_MULTITRIP_V1: no inherited asset can serve open route REPACK_006"": 4, ""E7_DYNAMIC_MULTITRIP_V1: no inherited asset can serve open route REPACK_007"": 1, ""E7_DYNAMIC_MULTITRIP_V1: no inherited asset can serve open route REPACK_008"": 1, ""E7_DYNAMIC_MULTITRIP_V1: no inherited asset can serve open route REPACK_009"": 1, ""E7_DYNAMIC_MULTITRIP_V1: route DYN_OPEN_005 exceeds one battery"": 3, ""E7_DYNAMIC_MULTITRIP_V1: route REPACK_001 exceeds one battery"": 23, ""E7_DYNAMIC_MULTITRIP_V1: route REPACK_002 exceeds one battery"": 19, ""E7_DYNAMIC_MULTITRIP_V1: route REPACK_003 exceeds one battery"": 14, ""E7_DYNAMIC_MULTITRIP_V1: route REPACK_004 exceeds one battery"": 8, ""E7_DYNAMIC_MULTITRIP_V1: route REPACK_005 exceeds one battery"": 8, ""E7_DYNAMIC_MULTITRIP_V1: route REPACK_006 exceeds one battery"": 1, ""E7_DYNAMIC_MULTITRIP_V1: route REPACK_007 exceeds one battery"": 4, ""E7_DYNAMIC_MULTITRIP_V1: route REPACK_008 exceeds one battery"": 2, ""E7_DYNAMIC_MULTITRIP_V1: route REPACK_009 exceeds one battery"": 5, ""E7_DYNAMIC_MULTITRIP_V1: route REPACK_010 exceeds one battery"": 2, ""E7_DYNAMIC_MULTITRIP_V1: route REPACK_011 exceeds one battery"": 1}",400,1006,random_customer_removal+greedy_insert_repair;random_customer_removal+regret2_insert_repair;random_customer_removal+regret3_insert_repair;worst_customer_removal+greedy_insert_repair;worst_customer_removal+regret2_insert_repair;worst_customer_removal+regret3_insert_repair;shaw_related_removal+greedy_insert_repair;shaw_related_removal+regret2_insert_repair;shaw_related_removal+regret3_insert_repair;whole_route_removal+greedy_insert_repair;whole_route_removal+regret2_insert_repair;whole_route_removal+regret3_insert_repair;route_segment_removal+greedy_insert_repair;route_segment_removal+regret2_insert_repair;route_segment_removal+regret3_insert_repair;vehicle_type_swap+greedy_insert_repair;vehicle_type_swap+regret2_insert_repair;vehicle_type_swap+regret3_insert_repair,17.76860566699179,True,True
cooperative,1,7,40386.33844900012,q_bar,48;49;50;51;52;53;54;55,cancel;add;add;add;demand_change;demand_change;demand_change;add,49;50;51;52;53;54;55,48,8,,,39,16,2402.906709253633,10005.372757074345,9,22,8,N_S1_001;N_S1_004;N_S1_007;N_S1_008;N_S1_011;N_S1_015;N_S1_016;N_S1_018,234,197,37,20,8170efd113022ea7172cfa0fe18b6da85589db9d0fa66abf586496915e504619,73c6695432bde226712565a6e6334c08b89a41a0b89e6f8d45c66081ae2085e6,fe0c5c617cfc669689c31f3c8474489fbeee5fe42a64a8fda78a7f54b7d2148a,c1bf4cb32a6817ab6a123da1f66003d2eec171ef27417d72ef3c88f6db67dfe7,f448ffda88a9c0df0dd08aa09a3cc81a3cd355a107e8c90bf921c72a8bf3e392,b507ecdf1de48b5c0d5aeb583b2a9d3ca77f7f387ef091293ef1d8196908c591,73fbe350406e72a0439ecba26a8bd7dd3b25ba7e2e65a3a024562278f7f0be6d,06bd2d3d0e64ac816dce5c434930cda4848ca1e8caa3cc83b30af7c00f0a03ed,PASS,True,2,385,385,41,3,"{""E7_DYNAMIC_MULTITRIP_V1: no inherited asset can serve open route CV14#T1"": 9, ""E7_DYNAMIC_MULTITRIP_V1: no inherited asset can serve open route CV15#T1"": 79, ""E7_DYNAMIC_MULTITRIP_V1: no inherited asset can serve open route CV16#T1"": 83, ""E7_DYNAMIC_MULTITRIP_V1: no inherited asset can serve open route CV5#T1"": 1, ""E7_DYNAMIC_MULTITRIP_V1: no inherited asset can serve open route CV7#T1"": 3, ""E7_DYNAMIC_MULTITRIP_V1: no inherited asset can serve open route CV8#T1"": 10, ""E7_DYNAMIC_MULTITRIP_V1: no inherited asset can serve open route DYN_EVENT_C208"": 3, ""E7_DYNAMIC_MULTITRIP_V1: no inherited asset can serve open route DYN_EVENT_C216"": 1, ""E7_DYNAMIC_MULTITRIP_V1: no inherited asset can serve open route DYN_EVENT_N_S1_019"": 3, ""E7_DYNAMIC_MULTITRIP_V1: no inherited asset can serve open route DYN_EVENT_N_S1_020"": 6, ""E7_DYNAMIC_MULTITRIP_V1: no inherited asset can serve open route DYN_EVENT_N_S1_021"": 1, ""E7_DYNAMIC_MULTITRIP_V1: no inherited asset can serve open route DYN_EVENT_N_S1_022"": 7, ""E7_DYNAMIC_MULTITRIP_V1: no inherited asset can serve open route DYN_OPEN_002"": 6, ""E7_DYNAMIC_MULTITRIP_V1: no inherited asset can serve open route DYN_OPEN_004"": 5, ""E7_DYNAMIC_MULTITRIP_V1: no inherited asset can serve open route DYN_OPEN_005"": 3, ""E7_DYNAMIC_MULTITRIP_V1: no inherited asset can serve open route DYN_OPEN_006"": 5, ""E7_DYNAMIC_MULTITRIP_V1: no inherited asset can serve open route DYN_OPEN_007"": 1, ""E7_DYNAMIC_MULTITRIP_V1: no inherited asset can serve open route DYN_OPEN_008"": 1, ""E7_DYNAMIC_MULTITRIP_V1: no inherited asset can serve open route DYN_OPEN_009"": 26, ""E7_DYNAMIC_MULTITRIP_V1: no inherited asset can serve open route DYN_OPEN_010"": 9, ""E7_DYNAMIC_MULTITRIP_V1: no inherited asset can serve open route DYN_OPEN_012"": 6, ""E7_DYNAMIC_MULTITRIP_V1: no inherited asset can serve open route DYN_OPEN_013"": 2, ""E7_DYNAMIC_MULTITRIP_V1: no inherited asset can serve open route DYN_OPEN_014"": 5, ""E7_DYNAMIC_MULTITRIP_V1: no inherited asset can serve open route DYN_OPEN_015"": 9, ""E7_DYNAMIC_MULTITRIP_V1: no inherited asset can serve open route DYN_OPEN_016"": 54, ""E7_DYNAMIC_MULTITRIP_V1: no inherited asset can serve open route DYN_OPEN_019"": 1, ""E7_DYNAMIC_MULTITRIP_V1: no inherited asset can serve open route DYN_OPEN_020"": 5}",400,1007,random_customer_removal+greedy_insert_repair;random_customer_removal+regret2_insert_repair;random_customer_removal+regret3_insert_repair;worst_customer_removal+greedy_insert_repair;worst_customer_removal+regret2_insert_repair;worst_customer_removal+regret3_insert_repair;shaw_related_removal+greedy_insert_repair;shaw_related_removal+regret2_insert_repair;shaw_related_removal+regret3_insert_repair;whole_route_removal+greedy_insert_repair;whole_route_removal+regret2_insert_repair;whole_route_removal+regret3_insert_repair;route_segment_removal+greedy_insert_repair;route_segment_removal+regret2_insert_repair;route_segment_removal+regret3_insert_repair;vehicle_type_swap+greedy_insert_repair;vehicle_type_swap+regret2_insert_repair;vehicle_type_swap+regret3_insert_repair,4.753396874992177,,True
independent,1,1,10800.0,delta_t,1;2;3;4;5;6;7,cancel;add;add;demand_change;demand_change;add;demand_change,1;2;3;4;5;6;7,,7,17463.155806373295,6663.1558063732955,9,27,4896.986981885955,6463.869646758878,0,3,0,,223,50,173,20,d08320d012b3e3afcd12cc9e265ceecba890cb63338dc48644ed5a8eb32f3daa,337b52e0fe0839d841e446f953ec365bd30023362eb726b0479cc984cc0d4805,5f113f8455ccf0d545ddfff8f2b7292d988f7684ba2b53e363d0f46e9c32d425,c6c521c820c2f12ceee1416ae0c1203ebb64392e94adfb8de4bbee0e3407cd24,9dde89658431f7b3a209571e9ca2b1e70f8a532c89fdaa84b7742b2f1e251351,e6fa9f95a9bc9b108a4c0ff5b25a67b06453e51305223afcb88b573ea052da85,ba9c415f0ab7add2b5423027f8fe162c37b143a9e48544d5454d1b0a88b44f90,9edfc56724f12940e0607dcce22786c6bb3cd32f12ac6f770f72c500e1c0a901,PASS,True,1,400,400,28,3,"{""E7_DYNAMIC_MULTITRIP_V1: no inherited asset can serve open route CV1#T1"": 4, ""E7_DYNAMIC_MULTITRIP_V1: no inherited asset can serve open route CV10#T1"": 13, ""E7_DYNAMIC_MULTITRIP_V1: no inherited asset can serve open route CV11#T1"": 139, ""E7_DYNAMIC_MULTITRIP_V1: no inherited asset can serve open route CV12#T1"": 3, ""E7_DYNAMIC_MULTITRIP_V1: no inherited asset can serve open route CV23#T1"": 1, ""E7_DYNAMIC_MULTITRIP_V1: no inherited asset can serve open route CV25#T1"": 1, ""E7_DYNAMIC_MULTITRIP_V1: no inherited asset can serve open route CV27#T1"": 25, ""E7_DYNAMIC_MULTITRIP_V1: no inherited asset can serve open route CV28#T1"": 10, ""E7_DYNAMIC_MULTITRIP_V1: no inherited asset can serve open route CV3#T1"": 4, ""E7_DYNAMIC_MULTITRIP_V1: no inherited asset can serve open route DYN_EVENT_C026"": 16, ""E7_DYNAMIC_MULTITRIP_V1: no inherited asset can serve open route DYN_EVENT_C192"": 1, ""E7_DYNAMIC_MULTITRIP_V1: no inherited asset can serve open route DYN_EVENT_N_S1_002"": 1, ""E7_DYNAMIC_MULTITRIP_V1: no inherited asset can serve open route DYN_OPEN_016"": 19, ""E7_DYNAMIC_MULTITRIP_V1: no inherited asset can serve open route DYN_OPEN_017"": 10, ""E7_DYNAMIC_MULTITRIP_V1: no inherited asset can serve open route DYN_OPEN_018"": 1, ""E7_DYNAMIC_MULTITRIP_V1: no inherited asset can serve open route DYN_OPEN_019"": 8, ""E7_DYNAMIC_MULTITRIP_V1: no inherited asset can serve open route DYN_OPEN_020"": 41, ""E7_DYNAMIC_MULTITRIP_V1: no inherited asset can serve open route DYN_OPEN_021"": 14, ""E7_DYNAMIC_MULTITRIP_V1: no inherited asset can serve open route DYN_OPEN_022"": 6, ""E7_DYNAMIC_MULTITRIP_V1: no inherited asset can serve open route DYN_OPEN_023"": 10, ""E7_DYNAMIC_MULTITRIP_V1: no inherited asset can serve open route DYN_OPEN_024"": 12, ""E7_DYNAMIC_MULTITRIP_V1: no inherited asset can serve open route DYN_OPEN_025"": 15, ""E7_DYNAMIC_MULTITRIP_V1: no inherited asset can serve open route DYN_OPEN_026"": 11, ""E7_DYNAMIC_MULTITRIP_V1: no inherited asset can serve open route DYN_OPEN_027"": 3, ""E7_DYNAMIC_MULTITRIP_V1: no inherited asset can serve open route DYN_OPEN_028"": 1, ""E7_DYNAMIC_MULTITRIP_V1: no inherited asset can serve open route DYN_OPEN_029"": 2, ""E7_DYNAMIC_MULTITRIP_V1: no inherited asset can serve open route DYN_OPEN_030"": 1}",400,1001,random_customer_removal+greedy_insert_repair;random_customer_removal+regret2_insert_repair;random_customer_removal+regret3_insert_repair;worst_customer_removal+greedy_insert_repair;worst_customer_removal+regret2_insert_repair;worst_customer_removal+regret3_insert_repair;shaw_related_removal+greedy_insert_repair;shaw_related_removal+regret2_insert_repair;shaw_related_removal+regret3_insert_repair;whole_route_removal+greedy_insert_repair;whole_route_removal+regret2_insert_repair;whole_route_removal+regret3_insert_repair;route_segment_removal+greedy_insert_repair;route_segment_removal+regret2_insert_repair;route_segment_removal+regret3_insert_repair;vehicle_type_swap+greedy_insert_repair;vehicle_type_swap+regret2_insert_repair;vehicle_type_swap+regret3_insert_repair,13.06734150002012,True,True
independent,1,2,17463.155806373295,q_bar,8;9;10;11;12;13;14;15,cancel;demand_change;demand_change;add;cancel;add;add;add,8;9;10;11;12;13;14;15,,8,21927.621863159293,4464.466056785997,17,33,5418.200296890512,8382.466572080895,0,7,0,,225,107,118,20,f344eba15c465bbd8ebf546c664b4f493b08c31797cfb8f46d6006f67fea5ca2,7275fbb3d747bcee7ac245ecb0a965fdb511951f56d745f050f6dc20d8012207,dbd863e73d3b42fd9f4f28fadee28ac0871ced74a204429acac76379b14117c2,998965905fed3a538e4d60f916e8af3a87c0c826bf6ff4a6ce8e97663a3997bf,110757c5b5aa5736897705f69b7a572c4e26bd1acc8ef3c4b4dff5d7dcc72fc3,9431f8aae34261feb71b96a715c673c163939119b34419d9111a5f6a21f71093,022a6477f4bda4aeb77d42dbd61ad24f9ca3fdbab54d88fbe9036b3251df6723,5f9c675a3f695ebd42db624132968313f50523c07bb522965d025e5895159816,PASS,False,0,400,400,13,1,"{""E7_DYNAMIC_MULTITRIP_V1: no inherited asset can serve open route DYN_EVENT_N_S1_004"": 1, ""E7_DYNAMIC_MULTITRIP_V1: no inherited asset can serve open route DYN_EVENT_N_S1_006"": 1, ""E7_DYNAMIC_MULTITRIP_V1: no inherited asset can serve open route DYN_EVENT_N_S1_007"": 2, ""E7_DYNAMIC_MULTITRIP_V1: no inherited asset can serve open route DYN_OPEN_001"": 5, ""E7_DYNAMIC_MULTITRIP_V1: no inherited asset can serve open route DYN_OPEN_002"": 1, ""E7_DYNAMIC_MULTITRIP_V1: no inherited asset can serve open route DYN_OPEN_003"": 3, ""E7_DYNAMIC_MULTITRIP_V1: no inherited asset can serve open route DYN_OPEN_004"": 1, ""E7_DYNAMIC_MULTITRIP_V1: no inherited asset can serve open route DYN_OPEN_005"": 22, ""E7_DYNAMIC_MULTITRIP_V1: no inherited asset can serve open route DYN_OPEN_006"": 32, ""E7_DYNAMIC_MULTITRIP_V1: no inherited asset can serve open route DYN_OPEN_007"": 28, ""E7_DYNAMIC_MULTITRIP_V1: no inherited asset can serve open route DYN_OPEN_014"": 1, ""E7_DYNAMIC_MULTITRIP_V1: no inherited asset can serve open route DYN_OPEN_016"": 1, ""E7_DYNAMIC_MULTITRIP_V1: no inherited asset can serve open route DYN_OPEN_019"": 43, ""E7_DYNAMIC_MULTITRIP_V1: no inherited asset can serve open route DYN_OPEN_020"": 8, ""E7_DYNAMIC_MULTITRIP_V1: no inherited asset can serve open route DYN_OPEN_021"": 3, ""E7_DYNAMIC_MULTITRIP_V1: no inherited asset can serve open route DYN_OPEN_022"": 1, ""E7_DYNAMIC_MULTITRIP_V1: no inherited asset can serve open route DYN_OPEN_023"": 35, ""E7_DYNAMIC_MULTITRIP_V1: no inherited asset can serve open route DYN_OPEN_024"": 15, ""E7_DYNAMIC_MULTITRIP_V1: no inherited asset can serve open route DYN_OPEN_025"": 5, ""E7_DYNAMIC_MULTITRIP_V1: no inherited asset can serve open route DYN_OPEN_028"": 11, ""E7_DYNAMIC_MULTITRIP_V1: no inherited asset can serve open route DYN_OPEN_029"": 1, ""E7_DYNAMIC_MULTITRIP_V1: no inherited asset can serve open route DYN_OPEN_031"": 24, ""E7_DYNAMIC_MULTITRIP_V1: no inherited asset can serve open route DYN_OPEN_032"": 1, ""E7_DYNAMIC_MULTITRIP_V1: no inherited asset can serve open route REPACK_004"": 1, ""E7_DYNAMIC_MULTITRIP_V1: no inherited asset can serve open route REPACK_005"": 1, ""E7_DYNAMIC_MULTITRIP_V1: no inherited asset can serve open route REPACK_008"": 3, ""E7_DYNAMIC_MULTITRIP_V1: no inherited asset can serve open route REPACK_011"": 1, ""E7_DYNAMIC_MULTITRIP_V1: no inherited asset can serve open route REPACK_015"": 1, ""E7_DYNAMIC_MULTITRIP_V1: no inherited asset can serve open route REPACK_016"": 1, ""E7_DYNAMIC_MULTITRIP_V1: route DYN_OPEN_009 exceeds one battery"": 42, ""E7_DYNAMIC_MULTITRIP_V1: route REPACK_001 exceeds one battery"": 14, ""E7_DYNAMIC_MULTITRIP_V1: route REPACK_002 exceeds one battery"": 20, ""E7_DYNAMIC_MULTITRIP_V1: route REPACK_003 exceeds one battery"": 9, ""E7_DYNAMIC_MULTITRIP_V1: route REPACK_004 exceeds one battery"": 12, ""E7_DYNAMIC_MULTITRIP_V1: route REPACK_005 exceeds one battery"": 13, ""E7_DYNAMIC_MULTITRIP_V1: route REPACK_006 exceeds one battery"": 4, ""E7_DYNAMIC_MULTITRIP_V1: route REPACK_007 exceeds one battery"": 7, ""E7_DYNAMIC_MULTITRIP_V1: route REPACK_008 exceeds one battery"": 4, ""E7_DYNAMIC_MULTITRIP_V1: route REPACK_009 exceeds one battery"": 2, ""E7_DYNAMIC_MULTITRIP_V1: route REPACK_010 exceeds one battery"": 2, ""E7_DYNAMIC_MULTITRIP_V1: route REPACK_011 exceeds one battery"": 2, ""E7_DYNAMIC_MULTITRIP_V1: route REPACK_012 exceeds one battery"": 1, ""E7_DYNAMIC_MULTITRIP_V1: route REPACK_013 exceeds one battery"": 1, ""E7_DYNAMIC_MULTITRIP_V1: route REPACK_017 exceeds one battery"": 1}",400,1002,random_customer_removal+greedy_insert_repair;random_customer_removal+regret2_insert_repair;random_customer_removal+regret3_insert_repair;worst_customer_removal+greedy_insert_repair;worst_customer_removal+regret2_insert_repair;worst_customer_removal+regret3_insert_repair;shaw_related_removal+greedy_insert_repair;shaw_related_removal+regret2_insert_repair;shaw_related_removal+regret3_insert_repair;whole_route_removal+greedy_insert_repair;whole_route_removal+regret2_insert_repair;whole_route_removal+regret3_insert_repair;route_segment_removal+greedy_insert_repair;route_segment_removal+regret2_insert_repair;route_segment_removal+regret3_insert_repair;vehicle_type_swap+greedy_insert_repair;vehicle_type_swap+regret2_insert_repair;vehicle_type_swap+regret3_insert_repair,70.52388366602827,True,True
independent,1,3,21927.621863159293,q_bar,16;17;18;19;20;21;22;23,add;add;demand_change;demand_change;demand_change;cancel;demand_change;cancel,16;17;18;19;20;21;22;23,,8,25060.40779036161,3132.785927202316,27,24,4316.725760424883,8549.279988310616,0,9,0,,225,124,101,20,9c02018a57fd2697c5dd2376f037eeb6f6e79c6ee281c8438a48b2303b6bcfb5,9af609532bfcb86fff3c93018294c567d335183f814be9884ea944bb335bc690,2a6500dff0815c648c7a8331b66dd36b721f9ddf14c5c96407326aa0f6f2aada,c446be69a9dfe60bae2da2f732cae6b97b88f159d4480c909a138f6803eea97b,67328c4657d2c5b26c451bdf69fb0789f3f6e07ad67bd3426cd1cbaf3b1cac38,7faecd59c96dc95017a844d722c2b9033f7f9416eaac1c2f7dd8bb404e5657db,160c1456d3cb64bf54b1f9baf8806336f421096d887d5edc866b373f4b1c3f1f,a989cf07f98791e7703e7ddc9c2e372cb48ef2fc5f1dc92bb17248a589e4f461,PASS,True,1,400,400,23,7,"{""E7_DYNAMIC_MULTITRIP_V1: no inherited asset can serve open route CV10#T1"": 2, ""E7_DYNAMIC_MULTITRIP_V1: no inherited asset can serve open route CV11#T1"": 8, ""E7_DYNAMIC_MULTITRIP_V1: no inherited asset can serve open route CV12#T1"": 34, ""E7_DYNAMIC_MULTITRIP_V1: no inherited asset can serve open route CV13#T1"": 12, ""E7_DYNAMIC_MULTITRIP_V1: no inherited asset can serve open route CV14#T1"": 23, ""E7_DYNAMIC_MULTITRIP_V1: no inherited asset can serve open route CV15#T1"": 112, ""E7_DYNAMIC_MULTITRIP_V1: no inherited asset can serve open route CV17#T1"": 1, ""E7_DYNAMIC_MULTITRIP_V1: no inherited asset can serve open route CV2#T1"": 3, ""E7_DYNAMIC_MULTITRIP_V1: no inherited asset can serve open route CV4#T1"": 5, ""E7_DYNAMIC_MULTITRIP_V1: no inherited asset can serve open route DYN_EVENT_C107"": 18, ""E7_DYNAMIC_MULTITRIP_V1: no inherited asset can serve open route DYN_EVENT_N_S1_008"": 2, ""E7_DYNAMIC_MULTITRIP_V1: no inherited asset can serve open route DYN_OPEN_015"": 4, ""E7_DYNAMIC_MULTITRIP_V1: no inherited asset can serve open route DYN_OPEN_016"": 3, ""E7_DYNAMIC_MULTITRIP_V1: no inherited asset can serve open route DYN_OPEN_017"": 3, ""E7_DYNAMIC_MULTITRIP_V1: no inherited asset can serve open route DYN_OPEN_018"": 7, ""E7_DYNAMIC_MULTITRIP_V1: no inherited asset can serve open route DYN_OPEN_019"": 9, ""E7_DYNAMIC_MULTITRIP_V1: no inherited asset can serve open route DYN_OPEN_020"": 9, ""E7_DYNAMIC_MULTITRIP_V1: no inherited asset can serve open route DYN_OPEN_021"": 20, ""E7_DYNAMIC_MULTITRIP_V1: no inherited asset can serve open route DYN_OPEN_022"": 22, ""E7_DYNAMIC_MULTITRIP_V1: no inherited asset can serve open route DYN_OPEN_023"": 18, ""E7_DYNAMIC_MULTITRIP_V1: no inherited asset can serve open route DYN_OPEN_024"": 11, ""E7_DYNAMIC_MULTITRIP_V1: no inherited asset can serve open route DYN_OPEN_025"": 30, ""E7_DYNAMIC_MULTITRIP_V1: no inherited asset can serve open route DYN_OPEN_026"": 12, ""E7_DYNAMIC_MULTITRIP_V1: no inherited asset can serve open route DYN_OPEN_027"": 6, ""E7_DYNAMIC_MULTITRIP_V1: no inherited asset can serve open route DYN_OPEN_028"": 2, ""E7_DYNAMIC_MULTITRIP_V1: no inherited asset can serve open route DYN_OPEN_029"": 1}",400,1003,random_customer_removal+greedy_insert_repair;random_customer_removal+regret2_insert_repair;random_customer_removal+regret3_insert_repair;worst_customer_removal+greedy_insert_repair;worst_customer_removal+regret2_insert_repair;worst_customer_removal+regret3_insert_repair;shaw_related_removal+greedy_insert_repair;shaw_related_removal+regret2_insert_repair;shaw_related_removal+regret3_insert_repair;whole_route_removal+greedy_insert_repair;whole_route_removal+regret2_insert_repair;whole_route_removal+regret3_insert_repair;route_segment_removal+greedy_insert_repair;route_segment_removal+regret2_insert_repair;route_segment_removal+regret3_insert_repair;vehicle_type_swap+greedy_insert_repair;vehicle_type_swap+regret2_insert_repair;vehicle_type_swap+regret3_insert_repair,105.21185108303325,True,True
independent,1,4,25060.40779036161,q_bar,24;25;26;27;28;29;30;31,add;add;demand_change;demand_change;demand_change;cancel;demand_change;demand_change,24;25;26;27;28;29;30;31,,8,30950.772652074673,5890.364861713064,27,25,4450.018630118132,8728.890427835096,0,11,0,,226,124,102,20,7884a1c5f05e915f4414b4356ec83a91aaf33e2ea6c1615c4b69e73b56928ac5,4f53cda18c2baa0c0354bb5f9a3ecbe5ed12ab4d8e11ba873c2f11161202b945,c57ffddbd8ecbf80f9c4f46acfb1ae4f513b7fc27f99465aa566d810ea45fc89,72a81b30a486440df42846c894bdb1613c08c4856436abe725e7b93cf8cedfd8,67328c4657d2c5b26c451bdf69fb0789f3f6e07ad67bd3426cd1cbaf3b1cac38,a7098efb28c426abc094bc10ba8a2ed717c4bc763babd2571637bf68c6694d76,56f72d19ac66cb1a50410cdbdba69c7a4a53919d141f3a2329481b377e9af463,0d37e276ba18dce0a5ba59e0642ddd2f9b264e21ad7d71df3aa83035b49d06cf,PASS,True,1,400,400,37,8,"{""E7_DYNAMIC_MULTITRIP_V1: no inherited asset can serve open route CV10#T1"": 11, ""E7_DYNAMIC_MULTITRIP_V1: no inherited asset can serve open route CV11#T1"": 26, ""E7_DYNAMIC_MULTITRIP_V1: no inherited asset can serve open route CV12#T1"": 24, ""E7_DYNAMIC_MULTITRIP_V1: no inherited asset can serve open route CV13#T1"": 125, ""E7_DYNAMIC_MULTITRIP_V1: no inherited asset can serve open route CV15#T1"": 5, ""E7_DYNAMIC_MULTITRIP_V1: no inherited asset can serve open route CV16#T1"": 1, ""E7_DYNAMIC_MULTITRIP_V1: no inherited asset can serve open route CV18#T1"": 4, ""E7_DYNAMIC_MULTITRIP_V1: no inherited asset can serve open route CV25#T1"": 2, ""E7_DYNAMIC_MULTITRIP_V1: no inherited asset can serve open route CV3#T1"": 2, ""E7_DYNAMIC_MULTITRIP_V1: no inherited asset can serve open route DYN_EVENT_C143"": 41, ""E7_DYNAMIC_MULTITRIP_V1: no inherited asset can serve open route DYN_OPEN_013"": 2, ""E7_DYNAMIC_MULTITRIP_V1: no inherited asset can serve open route DYN_OPEN_015"": 3, ""E7_DYNAMIC_MULTITRIP_V1: no inherited asset can serve open route DYN_OPEN_016"": 2, ""E7_DYNAMIC_MULTITRIP_V1: no inherited asset can serve open route DYN_OPEN_017"": 15, ""E7_DYNAMIC_MULTITRIP_V1: no inherited asset can serve open route DYN_OPEN_018"": 4, ""E7_DYNAMIC_MULTITRIP_V1: no inherited asset can serve open route DYN_OPEN_019"": 6, ""E7_DYNAMIC_MULTITRIP_V1: no inherited asset can serve open route DYN_OPEN_020"": 29, ""E7_DYNAMIC_MULTITRIP_V1: no inherited asset can serve open route DYN_OPEN_021"": 13, ""E7_DYNAMIC_MULTITRIP_V1: no inherited asset can serve open route DYN_OPEN_022"": 1, ""E7_DYNAMIC_MULTITRIP_V1: no inherited asset can serve open route DYN_OPEN_023"": 20, ""E7_DYNAMIC_MULTITRIP_V1: no inherited asset can serve open route DYN_OPEN_024"": 11, ""E7_DYNAMIC_MULTITRIP_V1: no inherited asset can serve open route DYN_OPEN_025"": 13, ""E7_DYNAMIC_MULTITRIP_V1: no inherited asset can serve open route DYN_OPEN_026"": 1, ""E7_DYNAMIC_MULTITRIP_V1: no inherited asset can serve open route DYN_OPEN_027"": 2}",400,1004,random_customer_removal+greedy_insert_repair;random_customer_removal+regret2_insert_repair;random_customer_removal+regret3_insert_repair;worst_customer_removal+greedy_insert_repair;worst_customer_removal+regret2_insert_repair;worst_customer_removal+regret3_insert_repair;shaw_related_removal+greedy_insert_repair;shaw_related_removal+regret2_insert_repair;shaw_related_removal+regret3_insert_repair;whole_route_removal+greedy_insert_repair;whole_route_removal+regret2_insert_repair;whole_route_removal+regret3_insert_repair;route_segment_removal+greedy_insert_repair;route_segment_removal+regret2_insert_repair;route_segment_removal+regret3_insert_repair;vehicle_type_swap+greedy_insert_repair;vehicle_type_swap+regret2_insert_repair;vehicle_type_swap+regret3_insert_repair,12.467755042016506,True,True
independent,1,5,30950.772652074673,q_bar,32;33;34;35;36;37;38;39,add;demand_change;add;add;demand_change;add;cancel;demand_change,32;33;34;35;36;37;38;39,,8,35060.1556284928,4109.382976418128,27,28,4823.211588562627,9121.11654576921,0,15,0,,229,124,105,20,1cd0c0f2a8cac76034ce40467f453f5165f80d7cd749c0dc9cba9704f16b4321,4f53cda18c2baa0c0354bb5f9a3ecbe5ed12ab4d8e11ba873c2f11161202b945,4644555e5c80654812472f5ef33c42f23e9cfcc7d5e478b0a2a3678a6016c4cd,94fe83be898a83ea48f81f5f5fc9a600b58e9b13301c2bbaf06ec9f7b6dce777,67328c4657d2c5b26c451bdf69fb0789f3f6e07ad67bd3426cd1cbaf3b1cac38,c7f7bd7aeee98998c436aae2b4a0f89a8d1a13a5c03cf6d20f0949e7ca51b31d,38dc266c18a14ce7c854b6d381d28e94dba968b28e2a5a6a5aa752ec13c8d710,d92131aa2aff6144aab0674bc405a2a82f69c98f64809d8fced20d30e7919c9f,PASS,True,1,400,400,17,2,"{""E7_DYNAMIC_MULTITRIP_V1: no inherited asset can serve open route CV1#T1"": 3, ""E7_DYNAMIC_MULTITRIP_V1: no inherited asset can serve open route CV13#T1"": 36, ""E7_DYNAMIC_MULTITRIP_V1: no inherited asset can serve open route CV14#T1"": 18, ""E7_DYNAMIC_MULTITRIP_V1: no inherited asset can serve open route CV15#T1"": 6, ""E7_DYNAMIC_MULTITRIP_V1: no inherited asset can serve open route CV17#T1"": 5, ""E7_DYNAMIC_MULTITRIP_V1: no inherited asset can serve open route CV18#T1"": 1, ""E7_DYNAMIC_MULTITRIP_V1: no inherited asset can serve open route CV19#T1"": 1, ""E7_DYNAMIC_MULTITRIP_V1: no inherited asset can serve open route CV20#T1"": 1, ""E7_DYNAMIC_MULTITRIP_V1: no inherited asset can serve open route CV3#T1"": 2, ""E7_DYNAMIC_MULTITRIP_V1: no inherited asset can serve open route CV4#T1"": 127, ""E7_DYNAMIC_MULTITRIP_V1: no inherited asset can serve open route DYN_EVENT_N_S1_012"": 17, ""E7_DYNAMIC_MULTITRIP_V1: no inherited asset can serve open route DYN_OPEN_017"": 1, ""E7_DYNAMIC_MULTITRIP_V1: no inherited asset can serve open route DYN_OPEN_018"": 26, ""E7_DYNAMIC_MULTITRIP_V1: no inherited asset can serve open route DYN_OPEN_019"": 2, ""E7_DYNAMIC_MULTITRIP_V1: no inherited asset can serve open route DYN_OPEN_020"": 4, ""E7_DYNAMIC_MULTITRIP_V1: no inherited asset can serve open route DYN_OPEN_021"": 11, ""E7_DYNAMIC_MULTITRIP_V1: no inherited asset can serve open route DYN_OPEN_022"": 9, ""E7_DYNAMIC_MULTITRIP_V1: no inherited asset can serve open route DYN_OPEN_024"": 10, ""E7_DYNAMIC_MULTITRIP_V1: no inherited asset can serve open route DYN_OPEN_025"": 31, ""E7_DYNAMIC_MULTITRIP_V1: no inherited asset can serve open route DYN_OPEN_027"": 68, ""E7_DYNAMIC_MULTITRIP_V1: no inherited asset can serve open route DYN_OPEN_028"": 4}",400,1005,random_customer_removal+greedy_insert_repair;random_customer_removal+regret2_insert_repair;random_customer_removal+regret3_insert_repair;worst_customer_removal+greedy_insert_repair;worst_customer_removal+regret2_insert_repair;worst_customer_removal+regret3_insert_repair;shaw_related_removal+greedy_insert_repair;shaw_related_removal+regret2_insert_repair;shaw_related_removal+regret3_insert_repair;whole_route_removal+greedy_insert_repair;whole_route_removal+regret2_insert_repair;whole_route_removal+regret3_insert_repair;route_segment_removal+greedy_insert_repair;route_segment_removal+regret2_insert_repair;route_segment_removal+regret3_insert_repair;vehicle_type_swap+greedy_insert_repair;vehicle_type_swap+regret2_insert_repair;vehicle_type_swap+regret3_insert_repair,12.847993750008754,True,True
independent,1,6,35060.1556284928,q_bar,40;41;42;43;44;45;46;47,add;demand_change;add;add;cancel;demand_change;cancel;cancel,40;41;42;43;44;45;46;47,,8,40386.33844900012,5326.182820507318,32,25,3892.5694184501267,9478.164726606674,0,18,0,,229,150,79,20,f54fb5f54a17a11a697dec735069eb0a66250862f8d02c81c4332dde7f4ffbad,683bb93dfe955db3d2220338206d9648be39a53d40034546814e7ac0886f5ee5,4644555e5c80654812472f5ef33c42f23e9cfcc7d5e478b0a2a3678a6016c4cd,b98a806aa6ee121f63127dc9e47c45728392aade6004cb5140fe6c1d2625a76d,ac2473d9059458b84e98f478518c147bddcca35f3491725b7ad81bb087b77699,cf2c220da896d9a5123dc39568a227a3d522e81c1a64b5bd6ec0568348dbcd67,9792cb7834be10471856d9925a1f39304402368b95badf6530bfa415e7fae568,518552d6ce23b7b92d853834e6bef9eade9cec175a3c8b2399713ea8f88dfc2f,PASS,True,1,400,400,43,3,"{""E7_DYNAMIC_MULTITRIP_V1: no inherited asset can serve open route CV10#T1"": 15, ""E7_DYNAMIC_MULTITRIP_V1: no inherited asset can serve open route CV11#T1"": 5, ""E7_DYNAMIC_MULTITRIP_V1: no inherited asset can serve open route CV17#T1"": 2, ""E7_DYNAMIC_MULTITRIP_V1: no inherited asset can serve open route CV2#T1"": 13, ""E7_DYNAMIC_MULTITRIP_V1: no inherited asset can serve open route CV25#T1"": 3, ""E7_DYNAMIC_MULTITRIP_V1: no inherited asset can serve open route CV6#T1"": 21, ""E7_DYNAMIC_MULTITRIP_V1: no inherited asset can serve open route CV7#T1"": 140, ""E7_DYNAMIC_MULTITRIP_V1: no inherited asset can serve open route CV9#T1"": 1, ""E7_DYNAMIC_MULTITRIP_V1: no inherited asset can serve open route DYN_OPEN_002"": 11, ""E7_DYNAMIC_MULTITRIP_V1: no inherited asset can serve open route DYN_OPEN_015"": 10, ""E7_DYNAMIC_MULTITRIP_V1: no inherited asset can serve open route DYN_OPEN_018"": 5, ""E7_DYNAMIC_MULTITRIP_V1: no inherited asset can serve open route DYN_OPEN_019"": 25, ""E7_DYNAMIC_MULTITRIP_V1: no inherited asset can serve open route DYN_OPEN_020"": 3, ""E7_DYNAMIC_MULTITRIP_V1: no inherited asset can serve open route DYN_OPEN_021"": 28, ""E7_DYNAMIC_MULTITRIP_V1: no inherited asset can serve open route DYN_OPEN_022"": 28, ""E7_DYNAMIC_MULTITRIP_V1: no inherited asset can serve open route DYN_OPEN_024"": 43, ""E7_DYNAMIC_MULTITRIP_V1: no inherited asset can serve open route DYN_OPEN_025"": 4}",400,1006,random_customer_removal+greedy_insert_repair;random_customer_removal+regret2_insert_repair;random_customer_removal+regret3_insert_repair;worst_customer_removal+greedy_insert_repair;worst_customer_removal+regret2_insert_repair;worst_customer_removal+regret3_insert_repair;shaw_related_removal+greedy_insert_repair;shaw_related_removal+regret2_insert_repair;shaw_related_removal+regret3_insert_repair;whole_route_removal+greedy_insert_repair;whole_route_removal+regret2_insert_repair;whole_route_removal+regret3_insert_repair;route_segment_removal+greedy_insert_repair;route_segment_removal+regret2_insert_repair;route_segment_removal+regret3_insert_repair;vehicle_type_swap+greedy_insert_repair;vehicle_type_swap+regret2_insert_repair;vehicle_type_swap+regret3_insert_repair,9.5378172500059,True,True
independent,1,7,40386.33844900012,q_bar,48;49;50;51;52;53;54;55,cancel;add;add;add;demand_change;demand_change;demand_change;add,49;50;51;52;53;54;55,48,8,,,36,24,3590.0609249188656,9947.047219405435,0,22,0,,233,165,68,20,52663722b039c4a45fa83f621abd1d24f1902a0844ea9335fe4e3c8b2aab3dfd,e97e54d5f15cd8b9283d1ff4647e9d6c974af37b5c0686ebf6160d7d7504b585,f0e8acdae10ddcd287fde992d4043649b3d3bd285fc16b5555344b43578f875c,563faf58d90e233729597a9e8037500f8617da213f5176f58d1fbfe0aadf1475,82cdc160d56eedc25fc9a5cbd822f0afc0dbddb1ce0585b34e25a94b4013d602,919eb6b8443366bb8ced5a299ce7491adeda6e4249b7aa0d23e56abd1936bb01,e8126dc3fb74c652414ba62e8a615d86a6bd47707b116316fe988ad390ba1d28,c186f2b1b1b5e536f8323ecf5feb83bc6cdfe9c5d60d23b7bfee9a0d15a9c924,PASS,True,1,400,400,9,3,"{""E7_DYNAMIC_MULTITRIP_V1: no inherited asset can serve open route CV1#T1"": 14, ""E7_DYNAMIC_MULTITRIP_V1: no inherited asset can serve open route CV10#T1"": 17, ""E7_DYNAMIC_MULTITRIP_V1: no inherited asset can serve open route CV11#T1"": 121, ""E7_DYNAMIC_MULTITRIP_V1: no inherited asset can serve open route CV12#T1"": 4, ""E7_DYNAMIC_MULTITRIP_V1: no inherited asset can serve open route CV13#T1"": 10, ""E7_DYNAMIC_MULTITRIP_V1: no inherited asset can serve open route CV16#T1"": 2, ""E7_DYNAMIC_MULTITRIP_V1: no inherited asset can serve open route CV17#T1"": 20, ""E7_DYNAMIC_MULTITRIP_V1: no inherited asset can serve open route CV18#T1"": 2, ""E7_DYNAMIC_MULTITRIP_V1: no inherited asset can serve open route CV2#T1"": 1, ""E7_DYNAMIC_MULTITRIP_V1: no inherited asset can serve open route CV4#T1"": 1, ""E7_DYNAMIC_MULTITRIP_V1: no inherited asset can serve open route CV7#T1"": 5, ""E7_DYNAMIC_MULTITRIP_V1: no inherited asset can serve open route CV8#T1"": 3, ""E7_DYNAMIC_MULTITRIP_V1: no inherited asset can serve open route DYN_EVENT_N_S1_020"": 19, ""E7_DYNAMIC_MULTITRIP_V1: no inherited asset can serve open route DYN_OPEN_001"": 5, ""E7_DYNAMIC_MULTITRIP_V1: no inherited asset can serve open route DYN_OPEN_016"": 3, ""E7_DYNAMIC_MULTITRIP_V1: no inherited asset can serve open route DYN_OPEN_017"": 2, ""E7_DYNAMIC_MULTITRIP_V1: no inherited asset can serve open route DYN_OPEN_018"": 3, ""E7_DYNAMIC_MULTITRIP_V1: no inherited asset can serve open route DYN_OPEN_019"": 17, ""E7_DYNAMIC_MULTITRIP_V1: no inherited asset can serve open route DYN_OPEN_020"": 11, ""E7_DYNAMIC_MULTITRIP_V1: no inherited asset can serve open route DYN_OPEN_021"": 6, ""E7_DYNAMIC_MULTITRIP_V1: no inherited asset can serve open route DYN_OPEN_022"": 15, ""E7_DYNAMIC_MULTITRIP_V1: no inherited asset can serve open route DYN_OPEN_023"": 44, ""E7_DYNAMIC_MULTITRIP_V1: no inherited asset can serve open route DYN_OPEN_024"": 29, ""E7_DYNAMIC_MULTITRIP_V1: no inherited asset can serve open route DYN_OPEN_025"": 4, ""E7_DYNAMIC_MULTITRIP_V1: no inherited asset can serve open route DYN_OPEN_026"": 6, ""E7_DYNAMIC_MULTITRIP_V1: no inherited asset can serve open route DYN_OPEN_027"": 25, ""E7_DYNAMIC_MULTITRIP_V1: no inherited asset can serve open route DYN_OPEN_028"": 2}",400,1007,random_customer_removal+greedy_insert_repair;random_customer_removal+regret2_insert_repair;random_customer_removal+regret3_insert_repair;worst_customer_removal+greedy_insert_repair;worst_customer_removal+regret2_insert_repair;worst_customer_removal+regret3_insert_repair;shaw_related_removal+greedy_insert_repair;shaw_related_removal+regret2_insert_repair;shaw_related_removal+regret3_insert_repair;whole_route_removal+greedy_insert_repair;whole_route_removal+regret2_insert_repair;whole_route_removal+regret3_insert_repair;route_segment_removal+greedy_insert_repair;route_segment_removal+regret2_insert_repair;route_segment_removal+regret3_insert_repair;vehicle_type_swap+greedy_insert_repair;vehicle_type_swap+regret2_insert_repair;vehicle_type_swap+regret3_insert_repair,7.091123000020161,,True
cooperative,2,1,10800.0,delta_t,1;2;3;4,add;cancel;add;add,1;2;3;4,,4,16413.339881896383,5613.339881896383,9,25,4509.215552896689,6076.098217769611,0,3,0,,223,50,173,20,d08320d012b3e3afcd12cc9e265ceecba890cb63338dc48644ed5a8eb32f3daa,337b52e0fe0839d841e446f953ec365bd30023362eb726b0479cc984cc0d4805,5f113f8455ccf0d545ddfff8f2b7292d988f7684ba2b53e363d0f46e9c32d425,12f864bf5b7a1f74b4b0f017b7b1b510a471be8f6870be5c7e4ee35c3fa76179,9dde89658431f7b3a209571e9ca2b1e70f8a532c89fdaa84b7742b2f1e251351,2c583890779e21f5e82eed18a49ee1b2fcb4dd8272f9bdc84d8d67a6ee08793d,7238f3b3570394343e395477376102e517f767b1eafeca73e4d39e0de8c7b5bd,7f4fd60b8ed1e53413a720ac123763105f017388533b683cd3400c961488bcf1,PASS,True,4,400,400,74,9,"{""E7_DYNAMIC_MULTITRIP_V1: no inherited asset can serve open route CV1#T1"": 25, ""E7_DYNAMIC_MULTITRIP_V1: no inherited asset can serve open route CV10#T1"": 1, ""E7_DYNAMIC_MULTITRIP_V1: no inherited asset can serve open route CV11#T1"": 3, ""E7_DYNAMIC_MULTITRIP_V1: no inherited asset can serve open route CV12#T1"": 1, ""E7_DYNAMIC_MULTITRIP_V1: no inherited asset can serve open route CV23#T1"": 1, ""E7_DYNAMIC_MULTITRIP_V1: no inherited asset can serve open route CV26#T1"": 4, ""E7_DYNAMIC_MULTITRIP_V1: no inherited asset can serve open route CV3#T1"": 3, ""E7_DYNAMIC_MULTITRIP_V1: no inherited asset can serve open route CV8#T1"": 11, ""E7_DYNAMIC_MULTITRIP_V1: no inherited asset can serve open route CV9#T1"": 151, ""E7_DYNAMIC_MULTITRIP_V1: no inherited asset can serve open route DYN_EVENT_N_S2_003"": 1, ""E7_DYNAMIC_MULTITRIP_V1: no inherited asset can serve open route DYN_OPEN_003"": 27, ""E7_DYNAMIC_MULTITRIP_V1: no inherited asset can serve open route DYN_OPEN_013"": 19, ""E7_DYNAMIC_MULTITRIP_V1: no inherited asset can serve open route DYN_OPEN_014"": 17, ""E7_DYNAMIC_MULTITRIP_V1: no inherited asset can serve open route DYN_OPEN_015"": 2, ""E7_DYNAMIC_MULTITRIP_V1: no inherited asset can serve open route DYN_OPEN_017"": 13, ""E7_DYNAMIC_MULTITRIP_V1: no inherited asset can serve open route DYN_OPEN_018"": 4, ""E7_DYNAMIC_MULTITRIP_V1: no inherited asset can serve open route DYN_OPEN_019"": 2, ""E7_DYNAMIC_MULTITRIP_V1: no inherited asset can serve open route DYN_OPEN_021"": 4, ""E7_DYNAMIC_MULTITRIP_V1: no inherited asset can serve open route DYN_OPEN_022"": 6, ""E7_DYNAMIC_MULTITRIP_V1: no inherited asset can serve open route DYN_OPEN_023"": 7, ""E7_DYNAMIC_MULTITRIP_V1: no inherited asset can serve open route DYN_OPEN_024"": 11, ""E7_DYNAMIC_MULTITRIP_V1: no inherited asset can serve open route DYN_OPEN_025"": 13}",400,2001,random_customer_removal+greedy_insert_repair;random_customer_removal+regret2_insert_repair;random_customer_removal+regret3_insert_repair;worst_customer_removal+greedy_insert_repair;worst_customer_removal+regret2_insert_repair;worst_customer_removal+regret3_insert_repair;shaw_related_removal+greedy_insert_repair;shaw_related_removal+regret2_insert_repair;shaw_related_removal+regret3_insert_repair;whole_route_removal+greedy_insert_repair;whole_route_removal+regret2_insert_repair;whole_route_removal+regret3_insert_repair;route_segment_removal+greedy_insert_repair;route_segment_removal+regret2_insert_repair;route_segment_removal+regret3_insert_repair;vehicle_type_swap+greedy_insert_repair;vehicle_type_swap+regret2_insert_repair;vehicle_type_swap+regret3_insert_repair,14.220105582964607,True,True
cooperative,2,2,16413.339881896383,q_bar,5;6;7;8;9;10;11;12,add;add;demand_change;cancel;cancel;cancel;add;demand_change,5;6;7;8;9;10;11;12,,8,21524.783944731207,5111.444062834824,15,33,6227.819636531541,8956.97480031927,38,6,0,,223,99,124,20,8deccad511a9317e52d7c7ef0236061851a67397b63c0a50c057ef7d802dedac,92ac3f82cd7deed436debca56dd59399cbead08d5d10878bdac8d6e94c23e841,03dce926b7fd6fb6fe27949c6b23688ba3ec136098ca50a89430f875b54b85b5,c0fa84ff71e308bc3e6c96dbb74acc5349d53a47c8189b1f1f3edc9b1886089e,03c4be637b26cfe813762c6c195e21beb53a5c62286ace38d07553ff73c2052b,906457f57c4b1c80eb37112dad138037ed4487f7f4af60d28afe1ac590076d42,2d37fb2f477ef4fe6bbf74aac1581c8746e21b0430dcd295957403a8e83a3247,8f3ab359a9c493af2f0eafae52dde8cc44f8c6a30013bbcf93248fe325249130,PASS,False,0,400,400,19,2,"{""E7_DYNAMIC_MULTITRIP_V1: no inherited asset can serve open route DYN_EVENT_N_S2_004"": 1, ""E7_DYNAMIC_MULTITRIP_V1: no inherited asset can serve open route DYN_EVENT_N_S2_006"": 14, ""E7_DYNAMIC_MULTITRIP_V1: no inherited asset can serve open route DYN_OPEN_001"": 3, ""E7_DYNAMIC_MULTITRIP_V1: no inherited asset can serve open route DYN_OPEN_002"": 1, ""E7_DYNAMIC_MULTITRIP_V1: no inherited asset can serve open route DYN_OPEN_003"": 4, ""E7_DYNAMIC_MULTITRIP_V1: no inherited asset can serve open route DYN_OPEN_006"": 2, ""E7_DYNAMIC_MULTITRIP_V1: no inherited asset can serve open route DYN_OPEN_007"": 16, ""E7_DYNAMIC_MULTITRIP_V1: no inherited asset can serve open route DYN_OPEN_008"": 10, ""E7_DYNAMIC_MULTITRIP_V1: no inherited asset can serve open route DYN_OPEN_013"": 7, ""E7_DYNAMIC_MULTITRIP_V1: no inherited asset can serve open route DYN_OPEN_014"": 14, ""E7_DYNAMIC_MULTITRIP_V1: no inherited asset can serve open route DYN_OPEN_015"": 14, ""E7_DYNAMIC_MULTITRIP_V1: no inherited asset can serve open route DYN_OPEN_016"": 16, ""E7_DYNAMIC_MULTITRIP_V1: no inherited asset can serve open route DYN_OPEN_017"": 10, ""E7_DYNAMIC_MULTITRIP_V1: no inherited asset can serve open route DYN_OPEN_021"": 1, ""E7_DYNAMIC_MULTITRIP_V1: no inherited asset can serve open route DYN_OPEN_022"": 6, ""E7_DYNAMIC_MULTITRIP_V1: no inherited asset can serve open route DYN_OPEN_023"": 1, ""E7_DYNAMIC_MULTITRIP_V1: no inherited asset can serve open route DYN_OPEN_024"": 5, ""E7_DYNAMIC_MULTITRIP_V1: no inherited asset can serve open route DYN_OPEN_025"": 14, ""E7_DYNAMIC_MULTITRIP_V1: no inherited asset can serve open route DYN_OPEN_026"": 5, ""E7_DYNAMIC_MULTITRIP_V1: no inherited asset can serve open route DYN_OPEN_028"": 4, ""E7_DYNAMIC_MULTITRIP_V1: no inherited asset can serve open route DYN_OPEN_029"": 7, ""E7_DYNAMIC_MULTITRIP_V1: no inherited asset can serve open route DYN_OPEN_031"": 6, ""E7_DYNAMIC_MULTITRIP_V1: no inherited asset can serve open route DYN_OPEN_032"": 3, ""E7_DYNAMIC_MULTITRIP_V1: no inherited asset can serve open route DYN_OPEN_033"": 5, ""E7_DYNAMIC_MULTITRIP_V1: route DYN_OPEN_005 exceeds one battery"": 7, ""E7_DYNAMIC_MULTITRIP_V1: route DYN_OPEN_006 exceeds one battery"": 38, ""E7_DYNAMIC_MULTITRIP_V1: route DYN_OPEN_008 exceeds one battery"": 5, ""E7_DYNAMIC_MULTITRIP_V1: route DYN_OPEN_009 exceeds one battery"": 32, ""E7_DYNAMIC_MULTITRIP_V1: route DYN_OPEN_011 exceeds one battery"": 9, ""E7_DYNAMIC_MULTITRIP_V1: route DYN_OPEN_012 exceeds one battery"": 21, ""E7_DYNAMIC_MULTITRIP_V1: route REPACK_001 exceeds one battery"": 23, ""E7_DYNAMIC_MULTITRIP_V1: route REPACK_002 exceeds one battery"": 25, ""E7_DYNAMIC_MULTITRIP_V1: route REPACK_003 exceeds one battery"": 18, ""E7_DYNAMIC_MULTITRIP_V1: route REPACK_004 exceeds one battery"": 7, ""E7_DYNAMIC_MULTITRIP_V1: route REPACK_005 exceeds one battery"": 2, ""E7_DYNAMIC_MULTITRIP_V1: route REPACK_006 exceeds one battery"": 7, ""E7_DYNAMIC_MULTITRIP_V1: route REPACK_007 exceeds one battery"": 3, ""E7_DYNAMIC_MULTITRIP_V1: route REPACK_008 exceeds one battery"": 2, ""E7_DYNAMIC_MULTITRIP_V1: route REPACK_009 exceeds one battery"": 9, ""E7_DYNAMIC_MULTITRIP_V1: route REPACK_010 exceeds one battery"": 1, ""E7_DYNAMIC_MULTITRIP_V1: route REPACK_012 exceeds one battery"": 1, ""E7_DYNAMIC_MULTITRIP_V1: route REPACK_014 exceeds one battery"": 1, ""E7_DYNAMIC_MULTITRIP_V1: route REPACK_015 exceeds one battery"": 1}",400,2002,random_customer_removal+greedy_insert_repair;random_customer_removal+regret2_insert_repair;random_customer_removal+regret3_insert_repair;worst_customer_removal+greedy_insert_repair;worst_customer_removal+regret2_insert_repair;worst_customer_removal+regret3_insert_repair;shaw_related_removal+greedy_insert_repair;shaw_related_removal+regret2_insert_repair;shaw_related_removal+regret3_insert_repair;whole_route_removal+greedy_insert_repair;whole_route_removal+regret2_insert_repair;whole_route_removal+regret3_insert_repair;route_segment_removal+greedy_insert_repair;route_segment_removal+regret2_insert_repair;route_segment_removal+regret3_insert_repair;vehicle_type_swap+greedy_insert_repair;vehicle_type_swap+regret2_insert_repair;vehicle_type_swap+regret3_insert_repair,42.79764620901551,True,True
cooperative,2,3,21524.783944731207,q_bar,13;14;15;16;17;18;19;20,demand_change;add;demand_change;cancel;demand_change;add;add;cancel,13;14;16;17;18;19;20,15,8,26123.535517641798,4598.751572910591,26,22,4726.032482511802,8954.56710796031,37,9,1,N_S2_009,224,119,105,20,ce03f26de13ee9c2e94f7dd4122006d22564ef9148fd4a9bd9f83e9171de0fa8,c49d210806622f4a707269471e3dfaee768b6521d4b08a54a8dcf146c9ac80e0,f7d3b2a16a55848131d42b1fe4826c7607c8a4aedd29e03abe12857a698cd515,9b480a8fc92f550d3638c0c54f35f2a94ced59727bb09aff649d4cb3ad2c0f88,67ab26305718eae2a648d777adaadf59c16cf74099be78b09d0168bf35be70b3,ad02f98fe3958dfdc961ed1a740c539d2016bad82e669fd2d361e760327fd57c,d8cfe0b2025c748db4738586d83ee1280fe3353013675bdbf93c6df8ba6e8c59,cb36ac70e5762fcc4f471b05bd171b906f8b20799dffb6679c3249e048185d33,PASS,True,1,394,394,103,8,"{""E7_DYNAMIC_MULTITRIP_V1: no inherited asset can serve open route CV1#T1"": 4, ""E7_DYNAMIC_MULTITRIP_V1: no inherited asset can serve open route CV11#T1"": 2, ""E7_DYNAMIC_MULTITRIP_V1: no inherited asset can serve open route CV12#T1"": 1, ""E7_DYNAMIC_MULTITRIP_V1: no inherited asset can serve open route CV14#T1"": 20, ""E7_DYNAMIC_MULTITRIP_V1: no inherited asset can serve open route CV15#T1"": 155, ""E7_DYNAMIC_MULTITRIP_V1: no inherited asset can serve open route CV3#T1"": 11, ""E7_DYNAMIC_MULTITRIP_V1: no inherited asset can serve open route CV6#T1"": 1, ""E7_DYNAMIC_MULTITRIP_V1: no inherited asset can serve open route DYN_EVENT_C147"": 5, ""E7_DYNAMIC_MULTITRIP_V1: no inherited asset can serve open route DYN_EVENT_C188"": 1, ""E7_DYNAMIC_MULTITRIP_V1: no inherited asset can serve open route DYN_EVENT_N_S2_007"": 13, ""E7_DYNAMIC_MULTITRIP_V1: no inherited asset can serve open route DYN_EVENT_N_S2_008"": 10, ""E7_DYNAMIC_MULTITRIP_V1: no inherited asset can serve open route DYN_OPEN_003"": 7, ""E7_DYNAMIC_MULTITRIP_V1: no inherited asset can serve open route DYN_OPEN_014"": 19, ""E7_DYNAMIC_MULTITRIP_V1: no inherited asset can serve open route DYN_OPEN_015"": 11, ""E7_DYNAMIC_MULTITRIP_V1: no inherited asset can serve open route DYN_OPEN_016"": 5, ""E7_DYNAMIC_MULTITRIP_V1: no inherited asset can serve open route DYN_OPEN_017"": 10, ""E7_DYNAMIC_MULTITRIP_V1: no inherited asset can serve open route DYN_OPEN_018"": 3, ""E7_DYNAMIC_MULTITRIP_V1: no inherited asset can serve open route DYN_OPEN_019"": 1, ""E7_DYNAMIC_MULTITRIP_V1: no inherited asset can serve open route DYN_OPEN_021"": 2, ""E7_DYNAMIC_MULTITRIP_V1: no inherited asset can serve open route DYN_OPEN_022"": 5, ""E7_DYNAMIC_MULTITRIP_V1: no inherited asset can serve open route DYN_OPEN_023"": 5}",400,2003,random_customer_removal+greedy_insert_repair;random_customer_removal+regret2_insert_repair;random_customer_removal+regret3_insert_repair;worst_customer_removal+greedy_insert_repair;worst_customer_removal+regret2_insert_repair;worst_customer_removal+regret3_insert_repair;shaw_related_removal+greedy_insert_repair;shaw_related_removal+regret2_insert_repair;shaw_related_removal+regret3_insert_repair;whole_route_removal+greedy_insert_repair;whole_route_removal+regret2_insert_repair;whole_route_removal+regret3_insert_repair;route_segment_removal+greedy_insert_repair;route_segment_removal+regret2_insert_repair;route_segment_removal+regret3_insert_repair;vehicle_type_swap+greedy_insert_repair;vehicle_type_swap+regret2_insert_repair;vehicle_type_swap+regret3_insert_repair,181.0514102500165,True,True
cooperative,2,4,26123.535517641798,q_bar,21;22;23;24;25;26;27;28,demand_change;demand_change;demand_change;add;demand_change;add;add;add,21;22;23;24;25;26;27;28,,8,30876.3878144286,4752.852296786801,26,24,5091.106040623568,9335.475778743941,39,13,2,N_S2_009;N_S2_011,228,119,109,20,0836132e5d99320d7a0acaef94fbe846cee05c8e082746d65ee718d95642521f,4f53cda18c2baa0c0354bb5f9a3ecbe5ed12ab4d8e11ba873c2f11161202b945,ddb28a2cfc95b73b19c1f1025ce67a71da17668a7ec6827591363366315f2f5f,46fefa8b319b6d11c123ca2b210c6dd572678fc2c122ce4b29f6a663a8916494,67ab26305718eae2a648d777adaadf59c16cf74099be78b09d0168bf35be70b3,df29be3ae60d9e233040d643beb28da17c3fdee8a2418ea9a499195ee95cab36,dc3166392021a62f9225cb77e3fd0ff1c3053261d92bda98325949b1ab88ca8a,b27646c4d024e1d586c1aecd1d06473adbcedb0b26fadff11dd7e1992b15649b,PASS,True,3,387,387,47,3,"{""E7_DYNAMIC_MULTITRIP_V1: no inherited asset can serve open route CV1#T1"": 6, ""E7_DYNAMIC_MULTITRIP_V1: no inherited asset can serve open route CV16#T1"": 24, ""E7_DYNAMIC_MULTITRIP_V1: no inherited asset can serve open route CV17#T1"": 135, ""E7_DYNAMIC_MULTITRIP_V1: no inherited asset can serve open route CV3#T1"": 22, ""E7_DYNAMIC_MULTITRIP_V1: no inherited asset can serve open route DYN_EVENT_C163"": 1, ""E7_DYNAMIC_MULTITRIP_V1: no inherited asset can serve open route DYN_EVENT_N_S2_012"": 6, ""E7_DYNAMIC_MULTITRIP_V1: no inherited asset can serve open route DYN_OPEN_016"": 25, ""E7_DYNAMIC_MULTITRIP_V1: no inherited asset can serve open route DYN_OPEN_017"": 15, ""E7_DYNAMIC_MULTITRIP_V1: no inherited asset can serve open route DYN_OPEN_018"": 10, ""E7_DYNAMIC_MULTITRIP_V1: no inherited asset can serve open route DYN_OPEN_019"": 9, ""E7_DYNAMIC_MULTITRIP_V1: no inherited asset can serve open route DYN_OPEN_020"": 1, ""E7_DYNAMIC_MULTITRIP_V1: no inherited asset can serve open route DYN_OPEN_021"": 3, ""E7_DYNAMIC_MULTITRIP_V1: no inherited asset can serve open route DYN_OPEN_022"": 7, ""E7_DYNAMIC_MULTITRIP_V1: no inherited asset can serve open route DYN_OPEN_023"": 14, ""E7_DYNAMIC_MULTITRIP_V1: no inherited asset can serve open route DYN_OPEN_024"": 53, ""E7_DYNAMIC_MULTITRIP_V1: no inherited asset can serve open route DYN_OPEN_026"": 7, ""E7_DYNAMIC_MULTITRIP_V1: no inherited asset can serve open route DYN_OPEN_027"": 1, ""E7_DYNAMIC_MULTITRIP_V1: no inherited asset can serve open route DYN_OPEN_030"": 1}",400,2004,random_customer_removal+greedy_insert_repair;random_customer_removal+regret2_insert_repair;random_customer_removal+regret3_insert_repair;worst_customer_removal+greedy_insert_repair;worst_customer_removal+regret2_insert_repair;worst_customer_removal+regret3_insert_repair;shaw_related_removal+greedy_insert_repair;shaw_related_removal+regret2_insert_repair;shaw_related_removal+regret3_insert_repair;whole_route_removal+greedy_insert_repair;whole_route_removal+regret2_insert_repair;whole_route_removal+regret3_insert_repair;route_segment_removal+greedy_insert_repair;route_segment_removal+regret2_insert_repair;route_segment_removal+regret3_insert_repair;vehicle_type_swap+greedy_insert_repair;vehicle_type_swap+regret2_insert_repair;vehicle_type_swap+regret3_insert_repair,23.36300008301623,True,True
cooperative,2,5,30876.3878144286,q_bar,29;30;31;32;33;34;35;36,demand_change;add;demand_change;add;demand_change;cancel;demand_change;demand_change,29;30;31;32;33;34;35;36,,8,34226.18325966165,3349.7954452330523,26,25,5238.325356198012,9485.407261819739,39,15,2,N_S2_009;N_S2_011,229,119,110,20,271e3901aa72856935c05f2f2b2af6c91cdd581bbc8589e807c19d807e6042e7,4f53cda18c2baa0c0354bb5f9a3ecbe5ed12ab4d8e11ba873c2f11161202b945,7873bfd8aa12b6a31ac21b3f47521d1e79b4b81a7f3dbe49448989f8c955f9ff,2966cc65669440be34c4484cf1664698cd0a03a72d849656561c2c0616427ed8,67ab26305718eae2a648d777adaadf59c16cf74099be78b09d0168bf35be70b3,8a2fccaded3bab4c8e140940cba4a1cf9efd2032addd46c5bf0b7368daae8dd0,901ab8a8cf6a14c470398d51b414f0fe6956c29c06c98e127a872e6abbb69731,2502c350ba68c80d98cf6ace2b8f2e0f60b6d45b7640c5e13950f469b9bdf12d,PASS,True,1,394,394,67,4,"{""E7_DYNAMIC_MULTITRIP_V1: assignment backtracking exceeded 100000 states"": 1, ""E7_DYNAMIC_MULTITRIP_V1: no inherited asset can serve open route CV1#T1"": 4, ""E7_DYNAMIC_MULTITRIP_V1: no inherited asset can serve open route CV15#T1"": 1, ""E7_DYNAMIC_MULTITRIP_V1: no inherited asset can serve open route CV16#T1"": 3, ""E7_DYNAMIC_MULTITRIP_V1: no inherited asset can serve open route CV17#T1"": 23, ""E7_DYNAMIC_MULTITRIP_V1: no inherited asset can serve open route CV18#T1"": 145, ""E7_DYNAMIC_MULTITRIP_V1: no inherited asset can serve open route CV3#T1"": 18, ""E7_DYNAMIC_MULTITRIP_V1: no inherited asset can serve open route DYN_EVENT_C107"": 36, ""E7_DYNAMIC_MULTITRIP_V1: no inherited asset can serve open route DYN_EVENT_C123"": 1, ""E7_DYNAMIC_MULTITRIP_V1: no inherited asset can serve open route DYN_EVENT_C141"": 16, ""E7_DYNAMIC_MULTITRIP_V1: no inherited asset can serve open route DYN_EVENT_N_S2_014"": 10, ""E7_DYNAMIC_MULTITRIP_V1: no inherited asset can serve open route DYN_OPEN_018"": 6, ""E7_DYNAMIC_MULTITRIP_V1: no inherited asset can serve open route DYN_OPEN_019"": 2, ""E7_DYNAMIC_MULTITRIP_V1: no inherited asset can serve open route DYN_OPEN_020"": 3, ""E7_DYNAMIC_MULTITRIP_V1: no inherited asset can serve open route DYN_OPEN_021"": 13, ""E7_DYNAMIC_MULTITRIP_V1: no inherited asset can serve open route DYN_OPEN_022"": 3, ""E7_DYNAMIC_MULTITRIP_V1: no inherited asset can serve open route DYN_OPEN_023"": 2, ""E7_DYNAMIC_MULTITRIP_V1: no inherited asset can serve open route DYN_OPEN_024"": 4, ""E7_DYNAMIC_MULTITRIP_V1: no inherited asset can serve open route DYN_OPEN_025"": 35, ""E7_DYNAMIC_MULTITRIP_V1: no inherited asset can serve open route DYN_OPEN_026"": 1}",400,2005,random_customer_removal+greedy_insert_repair;random_customer_removal+regret2_insert_repair;random_customer_removal+regret3_insert_repair;worst_customer_removal+greedy_insert_repair;worst_customer_removal+regret2_insert_repair;worst_customer_removal+regret3_insert_repair;shaw_related_removal+greedy_insert_repair;shaw_related_removal+regret2_insert_repair;shaw_related_removal+regret3_insert_repair;whole_route_removal+greedy_insert_repair;whole_route_removal+regret2_insert_repair;whole_route_removal+regret3_insert_repair;route_segment_removal+greedy_insert_repair;route_segment_removal+regret2_insert_repair;route_segment_removal+regret3_insert_repair;vehicle_type_swap+greedy_insert_repair;vehicle_type_swap+regret2_insert_repair;vehicle_type_swap+regret3_insert_repair,58.16864783404162,True,True
cooperative,2,6,34226.18325966165,q_bar,37;38;39;40;41;42;43;44,cancel;cancel;cancel;demand_change;demand_change;add;demand_change;add,39;40;41;42;43;44,37;38,8,38730.3925369908,4504.2092773291515,32,18,3381.8344599133798,9490.599802189201,18,17,2,N_S2_009;N_S2_011,230,152,78,20,61c8f4775d2c44bf648c14f867e429be5449280e9dde1cb48ba2327a00d52ea3,8edf39b824bc9b44546664384ecc872df21a0f192f4d3b3248f72eb95e2886ea,ed94aa577b8734f3dc03df7b29b9e15b8c3e3fc30d1a94e543580be9f2bf5478,7353fad5c22116abf9e98e0b42116bc41d03a0405ba964c4a098b51da86f616e,c65a36163fff40064bc4d8e507760fb6257b62ca913ec4268baf893bb45f928b,735371c61ec17b1b9743fefcd467b0203ccf84fefa8989d87525b48235088f79,5a5218e2e479d8f142357f6aaaf2de2aadb4caca0718736dce01a6f6b96159f6,613370fe2db03138a146bc225b917108a3a5550e228162c9f6638f5e95542abd,PASS,True,1,389,389,32,5,"{""E7_DYNAMIC_MULTITRIP_V1: no inherited asset can serve open route CV1#T1"": 13, ""E7_DYNAMIC_MULTITRIP_V1: no inherited asset can serve open route CV10#T1"": 15, ""E7_DYNAMIC_MULTITRIP_V1: no inherited asset can serve open route CV11#T1"": 156, ""E7_DYNAMIC_MULTITRIP_V1: no inherited asset can serve open route CV8#T1"": 3, ""E7_DYNAMIC_MULTITRIP_V1: no inherited asset can serve open route CV9#T1"": 2, ""E7_DYNAMIC_MULTITRIP_V1: no inherited asset can serve open route DYN_EVENT_C156"": 48, ""E7_DYNAMIC_MULTITRIP_V1: no inherited asset can serve open route DYN_OPEN_001"": 1, ""E7_DYNAMIC_MULTITRIP_V1: no inherited asset can serve open route DYN_OPEN_002"": 1, ""E7_DYNAMIC_MULTITRIP_V1: no inherited asset can serve open route DYN_OPEN_003"": 1, ""E7_DYNAMIC_MULTITRIP_V1: no inherited asset can serve open route DYN_OPEN_007"": 12, ""E7_DYNAMIC_MULTITRIP_V1: no inherited asset can serve open route DYN_OPEN_008"": 1, ""E7_DYNAMIC_MULTITRIP_V1: no inherited asset can serve open route DYN_OPEN_009"": 8, ""E7_DYNAMIC_MULTITRIP_V1: no inherited asset can serve open route DYN_OPEN_010"": 1, ""E7_DYNAMIC_MULTITRIP_V1: no inherited asset can serve open route DYN_OPEN_012"": 39, ""E7_DYNAMIC_MULTITRIP_V1: no inherited asset can serve open route DYN_OPEN_013"": 1, ""E7_DYNAMIC_MULTITRIP_V1: no inherited asset can serve open route DYN_OPEN_014"": 2, ""E7_DYNAMIC_MULTITRIP_V1: no inherited asset can serve open route DYN_OPEN_015"": 4, ""E7_DYNAMIC_MULTITRIP_V1: no inherited asset can serve open route DYN_OPEN_016"": 8, ""E7_DYNAMIC_MULTITRIP_V1: no inherited asset can serve open route DYN_OPEN_018"": 33, ""E7_DYNAMIC_MULTITRIP_V1: no inherited asset can serve open route DYN_OPEN_019"": 7, ""E7_DYNAMIC_MULTITRIP_V1: no inherited asset can serve open route DYN_OPEN_020"": 1}",400,2006,random_customer_removal+greedy_insert_repair;random_customer_removal+regret2_insert_repair;random_customer_removal+regret3_insert_repair;worst_customer_removal+greedy_insert_repair;worst_customer_removal+regret2_insert_repair;worst_customer_removal+regret3_insert_repair;shaw_related_removal+greedy_insert_repair;shaw_related_removal+regret2_insert_repair;shaw_related_removal+regret3_insert_repair;whole_route_removal+greedy_insert_repair;whole_route_removal+regret2_insert_repair;whole_route_removal+regret3_insert_repair;route_segment_removal+greedy_insert_repair;route_segment_removal+regret2_insert_repair;route_segment_removal+regret3_insert_repair;vehicle_type_swap+greedy_insert_repair;vehicle_type_swap+regret2_insert_repair;vehicle_type_swap+regret3_insert_repair,7.756004458991811,True,True
cooperative,2,7,38730.3925369908,q_bar,45;46;47;48;49;50;51;52,demand_change;add;add;demand_change;demand_change;add;cancel;demand_change,46;47;49;50;51;52,45;48,8,49530.3925369908,10800.0,35,20,3074.4542457428224,9747.649370837553,11,20,3,N_S2_009;N_S2_011;N_S2_012,232,168,64,20,b039de3f77b99723829d44d24a6499693fb952ff9d60a40fd651eed7663df3ad,f3c1d661fdf50f112fcde38d8c4f9c5e12181c444419e29c333e85d7e85722db,f16dba6b3b420fbce530752bfa775222cc2c005ba066feaf328d25c50be17616,77c715c72522edc3b5a4205fa17f5f5cdcfd03e2cfa8603e83c39687251863fe,a1a895882bfc4bc4bffdc74b787d280d3c6558cd696de88a27bede5ef9fcaf5c,4a3e89f4f507485248db3e12a2a80c055cb217a94353ad41f81c41fec542f5b6,8677f2d1522b5d21760a0e270e29d59b4be2a198b331b7cff120b21a6da6e031,deeabf97303ec21bd3dcfdaa10dde6593a92ee5377d2362ebd249be97c6456e4,PASS,False,0,400,400,21,1,"{""E7_DYNAMIC_MULTITRIP_V1: no inherited asset can serve open route DYN_EVENT_N_S2_018"": 5, ""E7_DYNAMIC_MULTITRIP_V1: no inherited asset can serve open route DYN_EVENT_N_S2_020"": 21, ""E7_DYNAMIC_MULTITRIP_V1: no inherited asset can serve open route DYN_OPEN_001"": 6, ""E7_DYNAMIC_MULTITRIP_V1: no inherited asset can serve open route DYN_OPEN_003"": 27, ""E7_DYNAMIC_MULTITRIP_V1: no inherited asset can serve open route DYN_OPEN_005"": 8, ""E7_DYNAMIC_MULTITRIP_V1: no inherited asset can serve open route DYN_OPEN_006"": 1, ""E7_DYNAMIC_MULTITRIP_V1: no inherited asset can serve open route DYN_OPEN_007"": 1, ""E7_DYNAMIC_MULTITRIP_V1: no inherited asset can serve open route DYN_OPEN_009"": 29, ""E7_DYNAMIC_MULTITRIP_V1: no inherited asset can serve open route DYN_OPEN_010"": 51, ""E7_DYNAMIC_MULTITRIP_V1: no inherited asset can serve open route DYN_OPEN_011"": 3, ""E7_DYNAMIC_MULTITRIP_V1: no inherited asset can serve open route DYN_OPEN_012"": 4, ""E7_DYNAMIC_MULTITRIP_V1: no inherited asset can serve open route DYN_OPEN_014"": 22, ""E7_DYNAMIC_MULTITRIP_V1: no inherited asset can serve open route DYN_OPEN_015"": 16, ""E7_DYNAMIC_MULTITRIP_V1: no inherited asset can serve open route DYN_OPEN_016"": 26, ""E7_DYNAMIC_MULTITRIP_V1: no inherited asset can serve open route DYN_OPEN_017"": 2, ""E7_DYNAMIC_MULTITRIP_V1: no inherited asset can serve open route DYN_OPEN_018"": 8, ""E7_DYNAMIC_MULTITRIP_V1: no inherited asset can serve open route DYN_OPEN_019"": 23, ""E7_DYNAMIC_MULTITRIP_V1: no inherited asset can serve open route DYN_OPEN_020"": 26, ""E7_DYNAMIC_MULTITRIP_V1: no inherited asset can serve open route REPACK_001"": 1, ""E7_DYNAMIC_MULTITRIP_V1: no inherited asset can serve open route REPACK_002"": 3, ""E7_DYNAMIC_MULTITRIP_V1: no inherited asset can serve open route REPACK_003"": 5, ""E7_DYNAMIC_MULTITRIP_V1: no inherited asset can serve open route REPACK_004"": 3, ""E7_DYNAMIC_MULTITRIP_V1: no inherited asset can serve open route REPACK_005"": 3, ""E7_DYNAMIC_MULTITRIP_V1: no inherited asset can serve open route REPACK_006"": 1, ""E7_DYNAMIC_MULTITRIP_V1: no inherited asset can serve open route REPACK_008"": 1, ""E7_DYNAMIC_MULTITRIP_V1: route REPACK_001 exceeds one battery"": 17, ""E7_DYNAMIC_MULTITRIP_V1: route REPACK_002 exceeds one battery"": 22, ""E7_DYNAMIC_MULTITRIP_V1: route REPACK_003 exceeds one battery"": 20, ""E7_DYNAMIC_MULTITRIP_V1: route REPACK_004 exceeds one battery"": 9, ""E7_DYNAMIC_MULTITRIP_V1: route REPACK_005 exceeds one battery"": 5, ""E7_DYNAMIC_MULTITRIP_V1: route REPACK_006 exceeds one battery"": 4, ""E7_DYNAMIC_MULTITRIP_V1: route REPACK_007 exceeds one battery"": 2, ""E7_DYNAMIC_MULTITRIP_V1: route REPACK_008 exceeds one battery"": 3, ""E7_DYNAMIC_MULTITRIP_V1: route REPACK_009 exceeds one battery"": 1}",400,2007,random_customer_removal+greedy_insert_repair;random_customer_removal+regret2_insert_repair;random_customer_removal+regret3_insert_repair;worst_customer_removal+greedy_insert_repair;worst_customer_removal+regret2_insert_repair;worst_customer_removal+regret3_insert_repair;shaw_related_removal+greedy_insert_repair;shaw_related_removal+regret2_insert_repair;shaw_related_removal+regret3_insert_repair;whole_route_removal+greedy_insert_repair;whole_route_removal+regret2_insert_repair;whole_route_removal+regret3_insert_repair;route_segment_removal+greedy_insert_repair;route_segment_removal+regret2_insert_repair;route_segment_removal+regret3_insert_repair;vehicle_type_swap+greedy_insert_repair;vehicle_type_swap+regret2_insert_repair;vehicle_type_swap+regret3_insert_repair,16.167135750001762,True,True
cooperative,2,8,49530.3925369908,delta_t,53;54;55,add;add;demand_change,53;54,55,3,,,45,4,741.3721456112067,9069.56060925144,1,22,3,N_S2_009;N_S2_011;N_S2_012,234,209,25,20,1b8f72eb4842d80fabd5231d26087987a1e68688e3bcc5f161e4026085ff086f,cb44eda6d1e75d3daa6c06a6eb499d0a54e785a76afe96832d8d2267a122178b,0b90505c2d6f50186c94937d396f9c40b0334bbd341c34bc181cdf99901ccafd,bab1fb5cf97fabf348f9c8dbae308e230c56f4418d4ed6a0bdbf993f64b62965,f638e899dbb4ddf4258b46314edb75eb54118dc41b87da868afbc0f2bfc34577,e4d7d11c12511a8846b52f05338893c47e98667296f7e78388bdb4911fc8dc66,2ea573d858e5f0b084052cf2fd2bb8573cc25145a3a6089c9facbf980d43c3a5,aacada3a97f55c2810366fc62b2346dcb052a5c1c67a11762345dc5878966644,PASS,True,1,400,400,251,154,"{""E7_DYNAMIC_MULTITRIP_V1: no inherited asset can serve open route CV1#T1"": 4, ""E7_DYNAMIC_MULTITRIP_V1: no inherited asset can serve open route CV2#T1"": 6, ""E7_DYNAMIC_MULTITRIP_V1: no inherited asset can serve open route CV3#T1"": 4, ""E7_DYNAMIC_MULTITRIP_V1: no inherited asset can serve open route DYN_EVENT_N_S2_021"": 2, ""E7_DYNAMIC_MULTITRIP_V1: no inherited asset can serve open route DYN_EVENT_N_S2_022"": 3, ""E7_DYNAMIC_MULTITRIP_V1: no inherited asset can serve open route DYN_OPEN_001"": 16, ""E7_DYNAMIC_MULTITRIP_V1: no inherited asset can serve open route DYN_OPEN_002"": 2, ""E7_DYNAMIC_MULTITRIP_V1: no inherited asset can serve open route DYN_OPEN_004"": 27, ""E7_DYNAMIC_MULTITRIP_V1: no inherited asset can serve open route DYN_OPEN_005"": 12, ""E7_DYNAMIC_MULTITRIP_V1: no inherited asset can serve open route DYN_OPEN_006"": 6, ""E7_DYNAMIC_MULTITRIP_V1: no inherited asset can serve open route DYN_OPEN_007"": 13, ""E7_DYNAMIC_MULTITRIP_V1: no inherited asset can serve open route DYN_OPEN_008"": 17, ""E7_DYNAMIC_MULTITRIP_V1: no inherited asset can serve open route DYN_OPEN_009"": 12, ""E7_DYNAMIC_MULTITRIP_V1: no inherited asset can serve open route DYN_OPEN_010"": 7, ""E7_DYNAMIC_MULTITRIP_V1: open routes must not carry pre-existing charging actions"": 18}",400,2008,random_customer_removal+greedy_insert_repair;random_customer_removal+regret2_insert_repair;random_customer_removal+regret3_insert_repair;worst_customer_removal+greedy_insert_repair;worst_customer_removal+regret2_insert_repair;worst_customer_removal+regret3_insert_repair;shaw_related_removal+greedy_insert_repair;shaw_related_removal+regret2_insert_repair;shaw_related_removal+regret3_insert_repair;whole_route_removal+greedy_insert_repair;whole_route_removal+regret2_insert_repair;whole_route_removal+regret3_insert_repair;route_segment_removal+greedy_insert_repair;route_segment_removal+regret2_insert_repair;route_segment_removal+regret3_insert_repair;vehicle_type_swap+greedy_insert_repair;vehicle_type_swap+regret2_insert_repair;vehicle_type_swap+regret3_insert_repair,2.962163666030392,,True
independent,2,1,10800.0,delta_t,1;2;3;4,add;cancel;add;add,1;2;3;4,,4,16413.339881896383,5613.339881896383,9,25,4532.850215297463,6099.732880170386,0,3,0,,223,50,173,20,d08320d012b3e3afcd12cc9e265ceecba890cb63338dc48644ed5a8eb32f3daa,337b52e0fe0839d841e446f953ec365bd30023362eb726b0479cc984cc0d4805,5f113f8455ccf0d545ddfff8f2b7292d988f7684ba2b53e363d0f46e9c32d425,12f864bf5b7a1f74b4b0f017b7b1b510a471be8f6870be5c7e4ee35c3fa76179,9dde89658431f7b3a209571e9ca2b1e70f8a532c89fdaa84b7742b2f1e251351,2c583890779e21f5e82eed18a49ee1b2fcb4dd8272f9bdc84d8d67a6ee08793d,4487b57bc6c08f74915682fcf7cd44fa7efc984b151c1d4a5d20478601ba231c,a51cdebe06daef87e1f7d1646ae53ead9a946ded1e209477e254ca9d54285a5e,PASS,True,4,400,400,78,8,"{""E7_DYNAMIC_MULTITRIP_V1: no inherited asset can serve open route CV1#T1"": 28, ""E7_DYNAMIC_MULTITRIP_V1: no inherited asset can serve open route CV10#T1"": 1, ""E7_DYNAMIC_MULTITRIP_V1: no inherited asset can serve open route CV11#T1"": 1, ""E7_DYNAMIC_MULTITRIP_V1: no inherited asset can serve open route CV13#T1"": 1, ""E7_DYNAMIC_MULTITRIP_V1: no inherited asset can serve open route CV26#T1"": 5, ""E7_DYNAMIC_MULTITRIP_V1: no inherited asset can serve open route CV3#T1"": 1, ""E7_DYNAMIC_MULTITRIP_V1: no inherited asset can serve open route CV8#T1"": 9, ""E7_DYNAMIC_MULTITRIP_V1: no inherited asset can serve open route CV9#T1"": 154, ""E7_DYNAMIC_MULTITRIP_V1: no inherited asset can serve open route DYN_EVENT_N_S2_001"": 6, ""E7_DYNAMIC_MULTITRIP_V1: no inherited asset can serve open route DYN_OPEN_001"": 8, ""E7_DYNAMIC_MULTITRIP_V1: no inherited asset can serve open route DYN_OPEN_003"": 23, ""E7_DYNAMIC_MULTITRIP_V1: no inherited asset can serve open route DYN_OPEN_013"": 27, ""E7_DYNAMIC_MULTITRIP_V1: no inherited asset can serve open route DYN_OPEN_014"": 8, ""E7_DYNAMIC_MULTITRIP_V1: no inherited asset can serve open route DYN_OPEN_015"": 10, ""E7_DYNAMIC_MULTITRIP_V1: no inherited asset can serve open route DYN_OPEN_016"": 12, ""E7_DYNAMIC_MULTITRIP_V1: no inherited asset can serve open route DYN_OPEN_017"": 1, ""E7_DYNAMIC_MULTITRIP_V1: no inherited asset can serve open route DYN_OPEN_019"": 1, ""E7_DYNAMIC_MULTITRIP_V1: no inherited asset can serve open route DYN_OPEN_023"": 18, ""E7_DYNAMIC_MULTITRIP_V1: no inherited asset can serve open route DYN_OPEN_024"": 7, ""E7_DYNAMIC_MULTITRIP_V1: no inherited asset can serve open route DYN_OPEN_026"": 1}",400,2001,random_customer_removal+greedy_insert_repair;random_customer_removal+regret2_insert_repair;random_customer_removal+regret3_insert_repair;worst_customer_removal+greedy_insert_repair;worst_customer_removal+regret2_insert_repair;worst_customer_removal+regret3_insert_repair;shaw_related_removal+greedy_insert_repair;shaw_related_removal+regret2_insert_repair;shaw_related_removal+regret3_insert_repair;whole_route_removal+greedy_insert_repair;whole_route_removal+regret2_insert_repair;whole_route_removal+regret3_insert_repair;route_segment_removal+greedy_insert_repair;route_segment_removal+regret2_insert_repair;route_segment_removal+regret3_insert_repair;vehicle_type_swap+greedy_insert_repair;vehicle_type_swap+regret2_insert_repair;vehicle_type_swap+regret3_insert_repair,13.81666391697945,True,True
independent,2,2,16413.339881896383,q_bar,5;6;7;8;9;10;11;12,add;add;demand_change;cancel;cancel;cancel;add;demand_change,5;6;7;8;9;10;11;12,,8,21524.783944731207,5111.444062834824,15,33,5390.7974229479705,8117.837864818763,0,6,0,,223,99,124,20,86afc2da636d12d32faadcd888fee0e4bc83ed73fde936e05ef8a8f2045fa555,92ac3f82cd7deed436debca56dd59399cbead08d5d10878bdac8d6e94c23e841,bee45c6c9b139952ee81b83ce6bb74d4227caca20fa78c3e1c55f56b9250b784,c0fa84ff71e308bc3e6c96dbb74acc5349d53a47c8189b1f1f3edc9b1886089e,03c4be637b26cfe813762c6c195e21beb53a5c62286ace38d07553ff73c2052b,906457f57c4b1c80eb37112dad138037ed4487f7f4af60d28afe1ac590076d42,7d8b626b5b41fe1868a80490a0a4bf6c188f4dc712f947542d6042e48a4a9712,68a5f28225491a70ccd2079543fd4be4429c3b22fdfc56dcbdc135f383b2d627,PASS,False,0,400,400,3,1,"{""E7_DYNAMIC_MULTITRIP_V1: assignment backtracking exceeded 100000 states"": 2, ""E7_DYNAMIC_MULTITRIP_V1: no inherited asset can serve open route DYN_EVENT_N_S2_004"": 1, ""E7_DYNAMIC_MULTITRIP_V1: no inherited asset can serve open route DYN_EVENT_N_S2_006"": 43, ""E7_DYNAMIC_MULTITRIP_V1: no inherited asset can serve open route DYN_OPEN_001"": 2, ""E7_DYNAMIC_MULTITRIP_V1: no inherited asset can serve open route DYN_OPEN_002"": 4, ""E7_DYNAMIC_MULTITRIP_V1: no inherited asset can serve open route DYN_OPEN_003"": 1, ""E7_DYNAMIC_MULTITRIP_V1: no inherited asset can serve open route DYN_OPEN_004"": 12, ""E7_DYNAMIC_MULTITRIP_V1: no inherited asset can serve open route DYN_OPEN_005"": 49, ""E7_DYNAMIC_MULTITRIP_V1: no inherited asset can serve open route DYN_OPEN_006"": 12, ""E7_DYNAMIC_MULTITRIP_V1: no inherited asset can serve open route DYN_OPEN_009"": 2, ""E7_DYNAMIC_MULTITRIP_V1: no inherited asset can serve open route DYN_OPEN_011"": 1, ""E7_DYNAMIC_MULTITRIP_V1: no inherited asset can serve open route DYN_OPEN_012"": 1, ""E7_DYNAMIC_MULTITRIP_V1: no inherited asset can serve open route DYN_OPEN_013"": 1, ""E7_DYNAMIC_MULTITRIP_V1: no inherited asset can serve open route DYN_OPEN_014"": 7, ""E7_DYNAMIC_MULTITRIP_V1: no inherited asset can serve open route DYN_OPEN_015"": 4, ""E7_DYNAMIC_MULTITRIP_V1: no inherited asset can serve open route DYN_OPEN_016"": 15, ""E7_DYNAMIC_MULTITRIP_V1: no inherited asset can serve open route DYN_OPEN_017"": 7, ""E7_DYNAMIC_MULTITRIP_V1: no inherited asset can serve open route DYN_OPEN_018"": 1, ""E7_DYNAMIC_MULTITRIP_V1: no inherited asset can serve open route DYN_OPEN_019"": 6, ""E7_DYNAMIC_MULTITRIP_V1: no inherited asset can serve open route DYN_OPEN_020"": 3, ""E7_DYNAMIC_MULTITRIP_V1: no inherited asset can serve open route DYN_OPEN_021"": 1, ""E7_DYNAMIC_MULTITRIP_V1: no inherited asset can serve open route DYN_OPEN_022"": 18, ""E7_DYNAMIC_MULTITRIP_V1: no inherited asset can serve open route DYN_OPEN_023"": 5, ""E7_DYNAMIC_MULTITRIP_V1: no inherited asset can serve open route DYN_OPEN_024"": 11, ""E7_DYNAMIC_MULTITRIP_V1: no inherited asset can serve open route DYN_OPEN_025"": 4, ""E7_DYNAMIC_MULTITRIP_V1: no inherited asset can serve open route DYN_OPEN_026"": 2, ""E7_DYNAMIC_MULTITRIP_V1: no inherited asset can serve open route DYN_OPEN_027"": 17, ""E7_DYNAMIC_MULTITRIP_V1: no inherited asset can serve open route DYN_OPEN_028"": 7, ""E7_DYNAMIC_MULTITRIP_V1: no inherited asset can serve open route DYN_OPEN_029"": 3, ""E7_DYNAMIC_MULTITRIP_V1: no inherited asset can serve open route DYN_OPEN_031"": 6, ""E7_DYNAMIC_MULTITRIP_V1: no inherited asset can serve open route DYN_OPEN_033"": 3, ""E7_DYNAMIC_MULTITRIP_V1: no inherited asset can serve open route REPACK_005"": 2, ""E7_DYNAMIC_MULTITRIP_V1: no inherited asset can serve open route REPACK_007"": 1, ""E7_DYNAMIC_MULTITRIP_V1: no inherited asset can serve open route REPACK_009"": 1, ""E7_DYNAMIC_MULTITRIP_V1: no inherited asset can serve open route REPACK_010"": 1, ""E7_DYNAMIC_MULTITRIP_V1: no inherited asset can serve open route REPACK_013"": 1, ""E7_DYNAMIC_MULTITRIP_V1: no inherited asset can serve open route REPACK_016"": 2, ""E7_DYNAMIC_MULTITRIP_V1: route DYN_OPEN_006 exceeds one battery"": 2, ""E7_DYNAMIC_MULTITRIP_V1: route DYN_OPEN_007 exceeds one battery"": 44, ""E7_DYNAMIC_MULTITRIP_V1: route REPACK_001 exceeds one battery"": 20, ""E7_DYNAMIC_MULTITRIP_V1: route REPACK_002 exceeds one battery"": 16, ""E7_DYNAMIC_MULTITRIP_V1: route REPACK_003 exceeds one battery"": 9, ""E7_DYNAMIC_MULTITRIP_V1: route REPACK_004 exceeds one battery"": 18, ""E7_DYNAMIC_MULTITRIP_V1: route REPACK_005 exceeds one battery"": 5, ""E7_DYNAMIC_MULTITRIP_V1: route REPACK_006 exceeds one battery"": 4, ""E7_DYNAMIC_MULTITRIP_V1: route REPACK_007 exceeds one battery"": 3, ""E7_DYNAMIC_MULTITRIP_V1: route REPACK_008 exceeds one battery"": 5, ""E7_DYNAMIC_MULTITRIP_V1: route REPACK_010 exceeds one battery"": 2, ""E7_DYNAMIC_MULTITRIP_V1: route REPACK_012 exceeds one battery"": 4, ""E7_DYNAMIC_MULTITRIP_V1: route REPACK_013 exceeds one battery"": 1, ""E7_DYNAMIC_MULTITRIP_V1: route REPACK_014 exceeds one battery"": 1, ""E7_DYNAMIC_MULTITRIP_V1: route REPACK_015 exceeds one battery"": 1, ""E7_DYNAMIC_MULTITRIP_V1: route REPACK_016 exceeds one battery"": 1, ""E7_DYNAMIC_MULTITRIP_V1: route REPACK_019 exceeds one battery"": 1, ""E7_DYNAMIC_MULTITRIP_V1: route REPACK_021 exceeds one battery"": 1}",400,2002,random_customer_removal+greedy_insert_repair;random_customer_removal+regret2_insert_repair;random_customer_removal+regret3_insert_repair;worst_customer_removal+greedy_insert_repair;worst_customer_removal+regret2_insert_repair;worst_customer_removal+regret3_insert_repair;shaw_related_removal+greedy_insert_repair;shaw_related_removal+regret2_insert_repair;shaw_related_removal+regret3_insert_repair;whole_route_removal+greedy_insert_repair;whole_route_removal+regret2_insert_repair;whole_route_removal+regret3_insert_repair;route_segment_removal+greedy_insert_repair;route_segment_removal+regret2_insert_repair;route_segment_removal+regret3_insert_repair;vehicle_type_swap+greedy_insert_repair;vehicle_type_swap+regret2_insert_repair;vehicle_type_swap+regret3_insert_repair,147.6523691249895,True,True
independent,2,3,21524.783944731207,q_bar,13;14;15;16;17;18;19;20,demand_change;add;demand_change;cancel;demand_change;add;add;cancel,13;14;16;17;18;19;20,15,8,26123.535517641798,4598.751572910591,27,22,3967.45357961277,8214.065781587433,0,9,0,,224,119,105,20,677a1c8b1ef9945f0d75ae0d0bc8094e6b239d01ab0f39646c73cbaff214f540,ec204e09b6827a9f0e92bbba326d57b36ea5c6fe5779a10252bd8e7e3badcbf9,8190b8198244e8084a803ab25b4fccc0ae53332fb5158a29d64d268c28f65102,9b480a8fc92f550d3638c0c54f35f2a94ced59727bb09aff649d4cb3ad2c0f88,67ab26305718eae2a648d777adaadf59c16cf74099be78b09d0168bf35be70b3,ad02f98fe3958dfdc961ed1a740c539d2016bad82e669fd2d361e760327fd57c,64f4b6c2f12d2ea7ee0e8cfbecf89d497448a525e4b955eac242bcf598cbc093,ca9949d4767ccd4a81211b999761457a1c03f2e47861efe747cab784cb8d1ed4,PASS,True,1,400,400,54,8,"{""E7_DYNAMIC_MULTITRIP_V1: assignment backtracking exceeded 100000 states"": 12, ""E7_DYNAMIC_MULTITRIP_V1: no inherited asset can serve open route CV1#T1"": 6, ""E7_DYNAMIC_MULTITRIP_V1: no inherited asset can serve open route CV10#T1"": 19, ""E7_DYNAMIC_MULTITRIP_V1: no inherited asset can serve open route CV11#T1"": 38, ""E7_DYNAMIC_MULTITRIP_V1: no inherited asset can serve open route CV12#T1"": 122, ""E7_DYNAMIC_MULTITRIP_V1: no inherited asset can serve open route CV13#T1"": 1, ""E7_DYNAMIC_MULTITRIP_V1: no inherited asset can serve open route CV15#T1"": 2, ""E7_DYNAMIC_MULTITRIP_V1: no inherited asset can serve open route CV2#T1"": 5, ""E7_DYNAMIC_MULTITRIP_V1: no inherited asset can serve open route CV9#T1"": 7, ""E7_DYNAMIC_MULTITRIP_V1: no inherited asset can serve open route DYN_EVENT_C188"": 43, ""E7_DYNAMIC_MULTITRIP_V1: no inherited asset can serve open route DYN_EVENT_N_S2_007"": 7, ""E7_DYNAMIC_MULTITRIP_V1: no inherited asset can serve open route DYN_EVENT_N_S2_008"": 1, ""E7_DYNAMIC_MULTITRIP_V1: no inherited asset can serve open route DYN_OPEN_011"": 10, ""E7_DYNAMIC_MULTITRIP_V1: no inherited asset can serve open route DYN_OPEN_012"": 3, ""E7_DYNAMIC_MULTITRIP_V1: no inherited asset can serve open route DYN_OPEN_014"": 2, ""E7_DYNAMIC_MULTITRIP_V1: no inherited asset can serve open route DYN_OPEN_015"": 13, ""E7_DYNAMIC_MULTITRIP_V1: no inherited asset can serve open route DYN_OPEN_016"": 13, ""E7_DYNAMIC_MULTITRIP_V1: no inherited asset can serve open route DYN_OPEN_017"": 2, ""E7_DYNAMIC_MULTITRIP_V1: no inherited asset can serve open route DYN_OPEN_018"": 7, ""E7_DYNAMIC_MULTITRIP_V1: no inherited asset can serve open route DYN_OPEN_019"": 3, ""E7_DYNAMIC_MULTITRIP_V1: no inherited asset can serve open route DYN_OPEN_020"": 4, ""E7_DYNAMIC_MULTITRIP_V1: no inherited asset can serve open route DYN_OPEN_021"": 5, ""E7_DYNAMIC_MULTITRIP_V1: no inherited asset can serve open route DYN_OPEN_022"": 21}",400,2003,random_customer_removal+greedy_insert_repair;random_customer_removal+regret2_insert_repair;random_customer_removal+regret3_insert_repair;worst_customer_removal+greedy_insert_repair;worst_customer_removal+regret2_insert_repair;worst_customer_removal+regret3_insert_repair;shaw_related_removal+greedy_insert_repair;shaw_related_removal+regret2_insert_repair;shaw_related_removal+regret3_insert_repair;whole_route_removal+greedy_insert_repair;whole_route_removal+regret2_insert_repair;whole_route_removal+regret3_insert_repair;route_segment_removal+greedy_insert_repair;route_segment_removal+regret2_insert_repair;route_segment_removal+regret3_insert_repair;vehicle_type_swap+greedy_insert_repair;vehicle_type_swap+regret2_insert_repair;vehicle_type_swap+regret3_insert_repair,1484.7567129170056,True,True
independent,2,4,26123.535517641798,q_bar,21;22;23;24;25;26;27;28,demand_change;demand_change;demand_change;add;demand_change;add;add;add,21;22;23;24;25;26;27;28,,8,30876.3878144286,4752.852296786801,27,24,4266.708353345939,8601.283390703316,0,13,0,,228,119,109,20,ac9bd7cc5fb03383370eba4a4af64c3714e9818c3b5eac853908c9180939ea2f,4f53cda18c2baa0c0354bb5f9a3ecbe5ed12ab4d8e11ba873c2f11161202b945,de875c7970804ce84a5fe051b7ef7453d73ac883da2a03703e340e00d8690775,46fefa8b319b6d11c123ca2b210c6dd572678fc2c122ce4b29f6a663a8916494,67ab26305718eae2a648d777adaadf59c16cf74099be78b09d0168bf35be70b3,df29be3ae60d9e233040d643beb28da17c3fdee8a2418ea9a499195ee95cab36,0a0569252e3b71fe4d5b18001ffb5b1ddfb4bc7ee5577463f371efba49ac2d2d,ec0f4a8c4947f3fa07bec4ee48f111a2cd91704cb8ef78d992c3a0284d673cfe,PASS,True,1,400,400,25,3,"{""E7_DYNAMIC_MULTITRIP_V1: assignment backtracking exceeded 100000 states"": 1, ""E7_DYNAMIC_MULTITRIP_V1: no inherited asset can serve open route CV11#T1"": 2, ""E7_DYNAMIC_MULTITRIP_V1: no inherited asset can serve open route CV12#T1"": 13, ""E7_DYNAMIC_MULTITRIP_V1: no inherited asset can serve open route CV13#T1"": 5, ""E7_DYNAMIC_MULTITRIP_V1: no inherited asset can serve open route CV15#T1"": 17, ""E7_DYNAMIC_MULTITRIP_V1: no inherited asset can serve open route CV16#T1"": 161, ""E7_DYNAMIC_MULTITRIP_V1: no inherited asset can serve open route CV3#T1"": 2, ""E7_DYNAMIC_MULTITRIP_V1: no inherited asset can serve open route DYN_EVENT_C144"": 36, ""E7_DYNAMIC_MULTITRIP_V1: no inherited asset can serve open route DYN_EVENT_C174"": 1, ""E7_DYNAMIC_MULTITRIP_V1: no inherited asset can serve open route DYN_EVENT_N_S2_012"": 7, ""E7_DYNAMIC_MULTITRIP_V1: no inherited asset can serve open route DYN_OPEN_012"": 7, ""E7_DYNAMIC_MULTITRIP_V1: no inherited asset can serve open route DYN_OPEN_013"": 1, ""E7_DYNAMIC_MULTITRIP_V1: no inherited asset can serve open route DYN_OPEN_014"": 23, ""E7_DYNAMIC_MULTITRIP_V1: no inherited asset can serve open route DYN_OPEN_016"": 3, ""E7_DYNAMIC_MULTITRIP_V1: no inherited asset can serve open route DYN_OPEN_017"": 2, ""E7_DYNAMIC_MULTITRIP_V1: no inherited asset can serve open route DYN_OPEN_018"": 9, ""E7_DYNAMIC_MULTITRIP_V1: no inherited asset can serve open route DYN_OPEN_019"": 16, ""E7_DYNAMIC_MULTITRIP_V1: no inherited asset can serve open route DYN_OPEN_020"": 8, ""E7_DYNAMIC_MULTITRIP_V1: no inherited asset can serve open route DYN_OPEN_021"": 8, ""E7_DYNAMIC_MULTITRIP_V1: no inherited asset can serve open route DYN_OPEN_022"": 14, ""E7_DYNAMIC_MULTITRIP_V1: no inherited asset can serve open route DYN_OPEN_023"": 19, ""E7_DYNAMIC_MULTITRIP_V1: no inherited asset can serve open route DYN_OPEN_024"": 18, ""E7_DYNAMIC_MULTITRIP_V1: no inherited asset can serve open route DYN_OPEN_025"": 2}",400,2004,random_customer_removal+greedy_insert_repair;random_customer_removal+regret2_insert_repair;random_customer_removal+regret3_insert_repair;worst_customer_removal+greedy_insert_repair;worst_customer_removal+regret2_insert_repair;worst_customer_removal+regret3_insert_repair;shaw_related_removal+greedy_insert_repair;shaw_related_removal+regret2_insert_repair;shaw_related_removal+regret3_insert_repair;whole_route_removal+greedy_insert_repair;whole_route_removal+regret2_insert_repair;whole_route_removal+regret3_insert_repair;route_segment_removal+greedy_insert_repair;route_segment_removal+regret2_insert_repair;route_segment_removal+regret3_insert_repair;vehicle_type_swap+greedy_insert_repair;vehicle_type_swap+regret2_insert_repair;vehicle_type_swap+regret3_insert_repair,788.5821222079685,True,True
independent,2,5,30876.3878144286,q_bar,29;30;31;32;33;34;35;36,demand_change;add;demand_change;add;demand_change;cancel;demand_change;demand_change,29;30;31;32;33;34;35,36,8,34226.18325966165,3349.7954452330523,29,22,3681.8059416422616,8610.072343252734,0,15,0,,229,132,97,20,7010cc5acdd89cd15d001d45b2e58f49aa629e4ee8de8937a6c0e2e6abd92506,cace3a54f69fc38e667064256728352274b308829f096de0bae07ff1e030ac47,94c7a042fd733175462f92e4462f82869d8449fab3114d1e156acbd6aa3179cf,2966cc65669440be34c4484cf1664698cd0a03a72d849656561c2c0616427ed8,b8c48bed21d9a0f913199cb4d7237cd57e18da681d8f856a403e5b3a7e9e1948,62073e19095937e725d26e8e0dafbb38cb0b2391fd745c24e3f4a602548cca50,6e9c31b2b9f5332cc020d1aa8b88c572cf523b9e62b088d3406bd9d21961279f,93f65e175270c79b8adaa0af1807ec3c0562dbf302eb5e3fb7a6f8de12183b40,PASS,True,1,400,400,67,4,"{""E7_DYNAMIC_MULTITRIP_V1: no inherited asset can serve open route CV10#T1"": 14, ""E7_DYNAMIC_MULTITRIP_V1: no inherited asset can serve open route CV11#T1"": 5, ""E7_DYNAMIC_MULTITRIP_V1: no inherited asset can serve open route CV14#T1"": 37, ""E7_DYNAMIC_MULTITRIP_V1: no inherited asset can serve open route CV15#T1"": 143, ""E7_DYNAMIC_MULTITRIP_V1: no inherited asset can serve open route CV23#T1"": 1, ""E7_DYNAMIC_MULTITRIP_V1: no inherited asset can serve open route DYN_EVENT_C107"": 19, ""E7_DYNAMIC_MULTITRIP_V1: no inherited asset can serve open route DYN_OPEN_010"": 8, ""E7_DYNAMIC_MULTITRIP_V1: no inherited asset can serve open route DYN_OPEN_014"": 2, ""E7_DYNAMIC_MULTITRIP_V1: no inherited asset can serve open route DYN_OPEN_017"": 9, ""E7_DYNAMIC_MULTITRIP_V1: no inherited asset can serve open route DYN_OPEN_018"": 8, ""E7_DYNAMIC_MULTITRIP_V1: no inherited asset can serve open route DYN_OPEN_019"": 5, ""E7_DYNAMIC_MULTITRIP_V1: no inherited asset can serve open route DYN_OPEN_020"": 29, ""E7_DYNAMIC_MULTITRIP_V1: no inherited asset can serve open route DYN_OPEN_021"": 6, ""E7_DYNAMIC_MULTITRIP_V1: no inherited asset can serve open route DYN_OPEN_022"": 40, ""E7_DYNAMIC_MULTITRIP_V1: no inherited asset can serve open route DYN_OPEN_023"": 1, ""E7_DYNAMIC_MULTITRIP_V1: no inherited asset can serve open route DYN_OPEN_024"": 1, ""E7_DYNAMIC_MULTITRIP_V1: no inherited asset can serve open route DYN_OPEN_025"": 1, ""E7_DYNAMIC_MULTITRIP_V1: no inherited asset can serve open route DYN_OPEN_026"": 3, ""E7_DYNAMIC_MULTITRIP_V1: no inherited asset can serve open route DYN_OPEN_027"": 1}",400,2005,random_customer_removal+greedy_insert_repair;random_customer_removal+regret2_insert_repair;random_customer_removal+regret3_insert_repair;worst_customer_removal+greedy_insert_repair;worst_customer_removal+regret2_insert_repair;worst_customer_removal+regret3_insert_repair;shaw_related_removal+greedy_insert_repair;shaw_related_removal+regret2_insert_repair;shaw_related_removal+regret3_insert_repair;whole_route_removal+greedy_insert_repair;whole_route_removal+regret2_insert_repair;whole_route_removal+regret3_insert_repair;route_segment_removal+greedy_insert_repair;route_segment_removal+regret2_insert_repair;route_segment_removal+regret3_insert_repair;vehicle_type_swap+greedy_insert_repair;vehicle_type_swap+regret2_insert_repair;vehicle_type_swap+regret3_insert_repair,17.188115415978245,True,True
independent,2,6,34226.18325966165,q_bar,37;38;39;40;41;42;43;44,cancel;cancel;cancel;demand_change;demand_change;add;demand_change;add,37;38;39;40;41;42;43;44,,8,38730.3925369908,4504.2092773291515,30,21,3361.395807849117,8618.730998424115,0,17,0,,228,140,88,20,56ceec7017c1c1d1f1d78258cb4ccdb308fd5a1d36925addc054b48e22ccc4ae,fa0ae591849237612bc4541a0a157fff6594fb851756aaafda53620324925813,94c7a042fd733175462f92e4462f82869d8449fab3114d1e156acbd6aa3179cf,e55f2f8e199a06e2fa00bef1c79b572e2a5e7bc30122300aa96f8a163965b0ca,2abec8a7af11c2a25f8aab66d176d23309a9fd19499db2e6b5d96f7b0447058c,d8ff3a9512974e00bf61bc65742d5052e000540f5112ae154e98929f6896bcb9,290f59b2b2542c86182087d2694c055fe755055d4329f19c1d06d659d91c222c,317d4bb177ce400f893c1efbf7ea77816ec23ca37c4fcb5521621c8e98a7ed02,PASS,True,1,400,400,134,4,"{""E7_DYNAMIC_MULTITRIP_V1: no inherited asset can serve open route CV10#T1"": 16, ""E7_DYNAMIC_MULTITRIP_V1: no inherited asset can serve open route CV11#T1"": 163, ""E7_DYNAMIC_MULTITRIP_V1: no inherited asset can serve open route CV13#T1"": 3, ""E7_DYNAMIC_MULTITRIP_V1: no inherited asset can serve open route CV14#T1"": 6, ""E7_DYNAMIC_MULTITRIP_V1: no inherited asset can serve open route CV9#T1"": 12, ""E7_DYNAMIC_MULTITRIP_V1: no inherited asset can serve open route DYN_OPEN_008"": 2, ""E7_DYNAMIC_MULTITRIP_V1: no inherited asset can serve open route DYN_OPEN_009"": 6, ""E7_DYNAMIC_MULTITRIP_V1: no inherited asset can serve open route DYN_OPEN_010"": 2, ""E7_DYNAMIC_MULTITRIP_V1: no inherited asset can serve open route DYN_OPEN_012"": 1, ""E7_DYNAMIC_MULTITRIP_V1: no inherited asset can serve open route DYN_OPEN_013"": 2, ""E7_DYNAMIC_MULTITRIP_V1: no inherited asset can serve open route DYN_OPEN_015"": 7, ""E7_DYNAMIC_MULTITRIP_V1: no inherited asset can serve open route DYN_OPEN_016"": 8, ""E7_DYNAMIC_MULTITRIP_V1: no inherited asset can serve open route DYN_OPEN_017"": 8, ""E7_DYNAMIC_MULTITRIP_V1: no inherited asset can serve open route DYN_OPEN_018"": 8, ""E7_DYNAMIC_MULTITRIP_V1: no inherited asset can serve open route DYN_OPEN_019"": 4, ""E7_DYNAMIC_MULTITRIP_V1: no inherited asset can serve open route DYN_OPEN_020"": 7, ""E7_DYNAMIC_MULTITRIP_V1: no inherited asset can serve open route DYN_OPEN_021"": 9, ""E7_DYNAMIC_MULTITRIP_V1: no inherited asset can serve open route DYN_OPEN_022"": 2}",400,2006,random_customer_removal+greedy_insert_repair;random_customer_removal+regret2_insert_repair;random_customer_removal+regret3_insert_repair;worst_customer_removal+greedy_insert_repair;worst_customer_removal+regret2_insert_repair;worst_customer_removal+regret3_insert_repair;shaw_related_removal+greedy_insert_repair;shaw_related_removal+regret2_insert_repair;shaw_related_removal+regret3_insert_repair;whole_route_removal+greedy_insert_repair;whole_route_removal+regret2_insert_repair;whole_route_removal+regret3_insert_repair;route_segment_removal+greedy_insert_repair;route_segment_removal+regret2_insert_repair;route_segment_removal+regret3_insert_repair;vehicle_type_swap+greedy_insert_repair;vehicle_type_swap+regret2_insert_repair;vehicle_type_swap+regret3_insert_repair,14.711589624988846,True,True
independent,2,7,38730.3925369908,q_bar,45;46;47;48;49;50;51;52,demand_change;add;add;demand_change;demand_change;add;cancel;demand_change,46;47;49;50;51;52,45;48,8,49530.3925369908,10800.0,36,17,2409.7419191534586,8854.087722857186,0,20,0,,230,177,53,20,5a8711ffb6a9a272c1e0b49aaa69444742d758b469e2e21bdf19ded9f72c07bb,d3a7bd57fe805d48d861817a853726a4e804c138697df24bd18c672ee000d81e,5059d86b2ad2b76199e0cd118900e62a889224fb9190aba403a974360d5136d9,19775bbd829747f582b0924f3c8174a723123d5591f6d740e621fdcb0234f3fb,6c613cb69c82a8fc656a87d72e22cc4cf57e002d299b80effc2002b4c514d3e0,c79e8447b3828d655f8cf7c3aa7e43885eba2d7ab99141c30226a83158abbf59,4d81a28ba79d9c84a1052cc9ee7f95ef9dc78588b8b8b6db82eced70bb6c92fc,2b666708299e863591705145c26f7d3855c3f40e06f059a0f44b2b0e996bc295,PASS,True,1,400,400,4,3,"{""E7_DYNAMIC_MULTITRIP_V1: no inherited asset can serve open route CV12#T1"": 13, ""E7_DYNAMIC_MULTITRIP_V1: no inherited asset can serve open route CV13#T1"": 63, ""E7_DYNAMIC_MULTITRIP_V1: no inherited asset can serve open route CV14#T1"": 99, ""E7_DYNAMIC_MULTITRIP_V1: no inherited asset can serve open route CV16#T1"": 5, ""E7_DYNAMIC_MULTITRIP_V1: no inherited asset can serve open route CV5#T1"": 20, ""E7_DYNAMIC_MULTITRIP_V1: no inherited asset can serve open route DYN_EVENT_N_S2_018"": 21, ""E7_DYNAMIC_MULTITRIP_V1: no inherited asset can serve open route DYN_OPEN_003"": 1, ""E7_DYNAMIC_MULTITRIP_V1: no inherited asset can serve open route DYN_OPEN_005"": 8, ""E7_DYNAMIC_MULTITRIP_V1: no inherited asset can serve open route DYN_OPEN_007"": 2, ""E7_DYNAMIC_MULTITRIP_V1: no inherited asset can serve open route DYN_OPEN_010"": 2, ""E7_DYNAMIC_MULTITRIP_V1: no inherited asset can serve open route DYN_OPEN_011"": 2, ""E7_DYNAMIC_MULTITRIP_V1: no inherited asset can serve open route DYN_OPEN_013"": 14, ""E7_DYNAMIC_MULTITRIP_V1: no inherited asset can serve open route DYN_OPEN_014"": 45, ""E7_DYNAMIC_MULTITRIP_V1: no inherited asset can serve open route DYN_OPEN_015"": 50, ""E7_DYNAMIC_MULTITRIP_V1: no inherited asset can serve open route DYN_OPEN_016"": 10, ""E7_DYNAMIC_MULTITRIP_V1: no inherited asset can serve open route DYN_OPEN_017"": 40, ""E7_DYNAMIC_MULTITRIP_V1: no inherited asset can serve open route DYN_OPEN_020"": 1}",400,2007,random_customer_removal+greedy_insert_repair;random_customer_removal+regret2_insert_repair;random_customer_removal+regret3_insert_repair;worst_customer_removal+greedy_insert_repair;worst_customer_removal+regret2_insert_repair;worst_customer_removal+regret3_insert_repair;shaw_related_removal+greedy_insert_repair;shaw_related_removal+regret2_insert_repair;shaw_related_removal+regret3_insert_repair;whole_route_removal+greedy_insert_repair;whole_route_removal+regret2_insert_repair;whole_route_removal+regret3_insert_repair;route_segment_removal+greedy_insert_repair;route_segment_removal+regret2_insert_repair;route_segment_removal+regret3_insert_repair;vehicle_type_swap+greedy_insert_repair;vehicle_type_swap+regret2_insert_repair;vehicle_type_swap+regret3_insert_repair,3.4769854999613017,True,True
independent,2,8,49530.3925369908,delta_t,53;54;55,add;add;demand_change,53;54,55,3,,,44,9,1347.141369283924,8868.870554082532,0,22,0,,232,208,24,20,e3247d775937e9bf4e78d3e1283c3f595ac921efc19460bfea7605b076589263,f94800a7637139e241d08a9400819f238486fac7960288d8c3838933d30eba0f,cfa47b6a68aded72cdae010608f1268a0f0b1e25a7067a5db2cdbf9462c8c8b9,f5e343533b3fb5c6b263d35c8d37ddb49d1ac78f29cb5d5180e002edf09ed9e8,7568d79c5ac6431feaf822dab447625265de968ce80f6ac6edd3cf2d332dad4b,32573f7ec4255b59ca99fbb21a506fb08129b838f31bf10b0389df5c25792b56,0749d7e2a9bb415a2118739fd2b7fbcc27e89096f179e9f28b18c02391603359,fa3d1e868956f20e6385ab068c4ac6186c45c1b468d380c76fae6f8e434376a6,PASS,True,1,400,400,88,7,"{""E7_DYNAMIC_MULTITRIP_V1: no inherited asset can serve open route CV1#T1"": 7, ""E7_DYNAMIC_MULTITRIP_V1: no inherited asset can serve open route CV2#T1"": 5, ""E7_DYNAMIC_MULTITRIP_V1: no inherited asset can serve open route CV4#T1"": 2, ""E7_DYNAMIC_MULTITRIP_V1: no inherited asset can serve open route CV5#T1"": 4, ""E7_DYNAMIC_MULTITRIP_V1: no inherited asset can serve open route CV6#T1"": 32, ""E7_DYNAMIC_MULTITRIP_V1: no inherited asset can serve open route CV7#T1"": 128, ""E7_DYNAMIC_MULTITRIP_V1: no inherited asset can serve open route CV8#T1"": 13, ""E7_DYNAMIC_MULTITRIP_V1: no inherited asset can serve open route CV9#T1"": 9, ""E7_DYNAMIC_MULTITRIP_V1: no inherited asset can serve open route DYN_OPEN_001"": 8, ""E7_DYNAMIC_MULTITRIP_V1: no inherited asset can serve open route DYN_OPEN_004"": 9, ""E7_DYNAMIC_MULTITRIP_V1: no inherited asset can serve open route DYN_OPEN_005"": 15, ""E7_DYNAMIC_MULTITRIP_V1: no inherited asset can serve open route DYN_OPEN_006"": 1, ""E7_DYNAMIC_MULTITRIP_V1: no inherited asset can serve open route DYN_OPEN_007"": 54, ""E7_DYNAMIC_MULTITRIP_V1: no inherited asset can serve open route DYN_OPEN_008"": 1, ""E7_DYNAMIC_MULTITRIP_V1: no inherited asset can serve open route DYN_OPEN_009"": 20, ""E7_DYNAMIC_MULTITRIP_V1: no inherited asset can serve open route DYN_OPEN_010"": 1, ""E7_DYNAMIC_MULTITRIP_V1: no inherited asset can serve open route DYN_OPEN_011"": 3}",400,2008,random_customer_removal+greedy_insert_repair;random_customer_removal+regret2_insert_repair;random_customer_removal+regret3_insert_repair;worst_customer_removal+greedy_insert_repair;worst_customer_removal+regret2_insert_repair;worst_customer_removal+regret3_insert_repair;shaw_related_removal+greedy_insert_repair;shaw_related_removal+regret2_insert_repair;shaw_related_removal+regret3_insert_repair;whole_route_removal+greedy_insert_repair;whole_route_removal+regret2_insert_repair;whole_route_removal+regret3_insert_repair;route_segment_removal+greedy_insert_repair;route_segment_removal+regret2_insert_repair;route_segment_removal+regret3_insert_repair;vehicle_type_swap+greedy_insert_repair;vehicle_type_swap+regret2_insert_repair;vehicle_type_swap+regret3_insert_repair,1.6437729579629377,,True
cooperative,3,1,6783.501790449836,q_bar,1;2;3;4;5;6;7;8,cancel;cancel;add;add;demand_change;add;cancel;cancel,1;2;3;4;5;6;7;8,,8,13034.180242789367,6250.678452339531,9,38,7816.6838187717885,9375.229319221256,60,3,0,,220,50,170,20,9388b722039095b1122d0bb803e98cefc8821df7a2ead342fe52c7de868e06e6,64a10f274b37258f91794fc0148daa88b730c54779bc6b8265a29dee85eb1991,bfa26cbe949381dd96026acafc7e4009c660f6fa5eea80fc23eef51ead669d00,9bef00260b5828ca01521bd186d8dbf1262d2ced6be1c568b2870a893bbabf51,9dde89658431f7b3a209571e9ca2b1e70f8a532c89fdaa84b7742b2f1e251351,1534e407762bcbee2297deaf8c558e1e61dad306dbeaf512c0b82cc8c66ec182,eb99d7a4db446c460285145b6731f45001533b91733b65abbb5e83e054222999,3dbee93408732c9411a86cc7feedd2bf4c9672cc343d2b942c68dc0ab85d80fb,PASS,False,0,400,400,39,2,"{""E7_DYNAMIC_MULTITRIP_V1: assignment backtracking exceeded 100000 states"": 26, ""E7_DYNAMIC_MULTITRIP_V1: no inherited asset can serve open route DYN_EVENT_C030"": 2, ""E7_DYNAMIC_MULTITRIP_V1: no inherited asset can serve open route DYN_EVENT_N_S3_001"": 4, ""E7_DYNAMIC_MULTITRIP_V1: no inherited asset can serve open route DYN_OPEN_002"": 3, ""E7_DYNAMIC_MULTITRIP_V1: no inherited asset can serve open route DYN_OPEN_004"": 7, ""E7_DYNAMIC_MULTITRIP_V1: no inherited asset can serve open route DYN_OPEN_005"": 1, ""E7_DYNAMIC_MULTITRIP_V1: no inherited asset can serve open route DYN_OPEN_006"": 9, ""E7_DYNAMIC_MULTITRIP_V1: no inherited asset can serve open route DYN_OPEN_007"": 14, ""E7_DYNAMIC_MULTITRIP_V1: no inherited asset can serve open route DYN_OPEN_012"": 16, ""E7_DYNAMIC_MULTITRIP_V1: no inherited asset can serve open route DYN_OPEN_014"": 1, ""E7_DYNAMIC_MULTITRIP_V1: no inherited asset can serve open route DYN_OPEN_016"": 3, ""E7_DYNAMIC_MULTITRIP_V1: no inherited asset can serve open route DYN_OPEN_017"": 12, ""E7_DYNAMIC_MULTITRIP_V1: no inherited asset can serve open route DYN_OPEN_018"": 1, ""E7_DYNAMIC_MULTITRIP_V1: no inherited asset can serve open route DYN_OPEN_021"": 8, ""E7_DYNAMIC_MULTITRIP_V1: no inherited asset can serve open route DYN_OPEN_022"": 4, ""E7_DYNAMIC_MULTITRIP_V1: no inherited asset can serve open route DYN_OPEN_023"": 10, ""E7_DYNAMIC_MULTITRIP_V1: no inherited asset can serve open route DYN_OPEN_024"": 11, ""E7_DYNAMIC_MULTITRIP_V1: no inherited asset can serve open route DYN_OPEN_026"": 21, ""E7_DYNAMIC_MULTITRIP_V1: no inherited asset can serve open route DYN_OPEN_027"": 14, ""E7_DYNAMIC_MULTITRIP_V1: no inherited asset can serve open route DYN_OPEN_030"": 4, ""E7_DYNAMIC_MULTITRIP_V1: no inherited asset can serve open route DYN_OPEN_031"": 6, ""E7_DYNAMIC_MULTITRIP_V1: no inherited asset can serve open route DYN_OPEN_033"": 2, ""E7_DYNAMIC_MULTITRIP_V1: no inherited asset can serve open route DYN_OPEN_034"": 4, ""E7_DYNAMIC_MULTITRIP_V1: no inherited asset can serve open route DYN_OPEN_035"": 3, ""E7_DYNAMIC_MULTITRIP_V1: no inherited asset can serve open route DYN_OPEN_037"": 2, ""E7_DYNAMIC_MULTITRIP_V1: no inherited asset can serve open route DYN_OPEN_038"": 5, ""E7_DYNAMIC_MULTITRIP_V1: route DYN_OPEN_010 exceeds one battery"": 37, ""E7_DYNAMIC_MULTITRIP_V1: route DYN_OPEN_013 exceeds one battery"": 31, ""E7_DYNAMIC_MULTITRIP_V1: route REPACK_001 exceeds one battery"": 21, ""E7_DYNAMIC_MULTITRIP_V1: route REPACK_002 exceeds one battery"": 20, ""E7_DYNAMIC_MULTITRIP_V1: route REPACK_003 exceeds one battery"": 10, ""E7_DYNAMIC_MULTITRIP_V1: route REPACK_004 exceeds one battery"": 12, ""E7_DYNAMIC_MULTITRIP_V1: route REPACK_005 exceeds one battery"": 3, ""E7_DYNAMIC_MULTITRIP_V1: route REPACK_006 exceeds one battery"": 11, ""E7_DYNAMIC_MULTITRIP_V1: route REPACK_007 exceeds one battery"": 8, ""E7_DYNAMIC_MULTITRIP_V1: route REPACK_008 exceeds one battery"": 2, ""E7_DYNAMIC_MULTITRIP_V1: route REPACK_009 exceeds one battery"": 2, ""E7_DYNAMIC_MULTITRIP_V1: route REPACK_010 exceeds one battery"": 3, ""E7_DYNAMIC_MULTITRIP_V1: route REPACK_011 exceeds one battery"": 3, ""E7_DYNAMIC_MULTITRIP_V1: route REPACK_012 exceeds one battery"": 3, ""E7_DYNAMIC_MULTITRIP_V1: route REPACK_015 exceeds one battery"": 1, ""E7_DYNAMIC_MULTITRIP_V1: route REPACK_023 exceeds one battery"": 1}",400,3001,random_customer_removal+greedy_insert_repair;random_customer_removal+regret2_insert_repair;random_customer_removal+regret3_insert_repair;worst_customer_removal+greedy_insert_repair;worst_customer_removal+regret2_insert_repair;worst_customer_removal+regret3_insert_repair;shaw_related_removal+greedy_insert_repair;shaw_related_removal+regret2_insert_repair;shaw_related_removal+regret3_insert_repair;whole_route_removal+greedy_insert_repair;whole_route_removal+regret2_insert_repair;whole_route_removal+regret3_insert_repair;route_segment_removal+greedy_insert_repair;route_segment_removal+regret2_insert_repair;route_segment_removal+regret3_insert_repair;vehicle_type_swap+greedy_insert_repair;vehicle_type_swap+regret2_insert_repair;vehicle_type_swap+regret3_insert_repair,2395.870614707994,True,True
cooperative,3,2,13034.180242789367,q_bar,9;10;11;12;13;14;15;16,add;add;cancel;add;add;add;demand_change;demand_change,9;10;12;13;14;15;16,11,8,18302.8711963682,5268.690953578833,22,26,5610.901645810946,9533.937496536208,58,8,1,N_S3_005,225,95,130,20,7581b290a82491ce226ebaa4173841f14269ecba556136f9d02af053073504bc,0edf3e091ae60eb90c32030b3715d26166c007e44ba782db3e519129ad8d6448,d6c3cff06e0bf1d10a5f395fda8eaf04b9c176ef557b5c5911a26716a5d2d363,a84a634598a1810732a80cd170cf757d5251ee41eb208a2654a72353b1a6c596,a0a17d66d6ebeb279c5ad5be1122c6ebb3d2149563bc9025d0745d968623fb31,2fe3a8ad6dc6d7ed1ac9bfaf00c44f8a0a985f0bb38f4d756cf8f0fa876ba01b,4dbf09667d645e8d40e8d8bae744e220a046aa2e0ba168fedb8d4e8c5486dca8,506a98021ecf0fcc5d1b9edc1b1c9451e76a14541bb9ada11d83120e8823c71a,PASS,True,3,379,379,28,2,"{""E7_DYNAMIC_MULTITRIP_V1: assignment backtracking exceeded 100000 states"": 168, ""E7_DYNAMIC_MULTITRIP_V1: no inherited asset can serve open route CV11#T1"": 6, ""E7_DYNAMIC_MULTITRIP_V1: no inherited asset can serve open route CV12#T1"": 3, ""E7_DYNAMIC_MULTITRIP_V1: no inherited asset can serve open route CV14#T1"": 3, ""E7_DYNAMIC_MULTITRIP_V1: no inherited asset can serve open route CV16#T1"": 4, ""E7_DYNAMIC_MULTITRIP_V1: no inherited asset can serve open route CV17#T1"": 1, ""E7_DYNAMIC_MULTITRIP_V1: no inherited asset can serve open route CV18#T1"": 2, ""E7_DYNAMIC_MULTITRIP_V1: no inherited asset can serve open route DYN_EVENT_C115"": 1, ""E7_DYNAMIC_MULTITRIP_V1: no inherited asset can serve open route DYN_EVENT_C158"": 5, ""E7_DYNAMIC_MULTITRIP_V1: no inherited asset can serve open route DYN_EVENT_N_S3_004"": 2, ""E7_DYNAMIC_MULTITRIP_V1: no inherited asset can serve open route DYN_EVENT_N_S3_005"": 7, ""E7_DYNAMIC_MULTITRIP_V1: no inherited asset can serve open route DYN_EVENT_N_S3_008"": 2, ""E7_DYNAMIC_MULTITRIP_V1: no inherited asset can serve open route DYN_OPEN_011"": 1, ""E7_DYNAMIC_MULTITRIP_V1: no inherited asset can serve open route DYN_OPEN_014"": 10, ""E7_DYNAMIC_MULTITRIP_V1: no inherited asset can serve open route DYN_OPEN_015"": 17, ""E7_DYNAMIC_MULTITRIP_V1: no inherited asset can serve open route DYN_OPEN_016"": 9, ""E7_DYNAMIC_MULTITRIP_V1: no inherited asset can serve open route DYN_OPEN_017"": 7, ""E7_DYNAMIC_MULTITRIP_V1: no inherited asset can serve open route DYN_OPEN_018"": 11, ""E7_DYNAMIC_MULTITRIP_V1: no inherited asset can serve open route DYN_OPEN_019"": 7, ""E7_DYNAMIC_MULTITRIP_V1: no inherited asset can serve open route DYN_OPEN_020"": 57, ""E7_DYNAMIC_MULTITRIP_V1: no inherited asset can serve open route DYN_OPEN_022"": 11, ""E7_DYNAMIC_MULTITRIP_V1: no inherited asset can serve open route DYN_OPEN_023"": 4, ""E7_DYNAMIC_MULTITRIP_V1: no inherited asset can serve open route DYN_OPEN_024"": 2, ""E7_DYNAMIC_MULTITRIP_V1: no inherited asset can serve open route DYN_OPEN_025"": 8, ""E7_DYNAMIC_MULTITRIP_V1: no inherited asset can serve open route DYN_OPEN_026"": 3}",400,3002,random_customer_removal+greedy_insert_repair;random_customer_removal+regret2_insert_repair;random_customer_removal+regret3_insert_repair;worst_customer_removal+greedy_insert_repair;worst_customer_removal+regret2_insert_repair;worst_customer_removal+regret3_insert_repair;shaw_related_removal+greedy_insert_repair;shaw_related_removal+regret2_insert_repair;shaw_related_removal+regret3_insert_repair;whole_route_removal+greedy_insert_repair;whole_route_removal+regret2_insert_repair;whole_route_removal+regret3_insert_repair;route_segment_removal+greedy_insert_repair;route_segment_removal+regret2_insert_repair;route_segment_removal+regret3_insert_repair;vehicle_type_swap+greedy_insert_repair;vehicle_type_swap+regret2_insert_repair;vehicle_type_swap+regret3_insert_repair,4166.671507999999,True,True
cooperative,3,3,18302.8711963682,q_bar,17;18;19;20;21;22;23;24,demand_change;cancel;cancel;add;add;add;add;add,17;19;20;21;22;23;24,18,8,23577.104027342783,5274.232830974583,23,26,5483.942538668909,9651.984354421282,56,13,2,N_S3_005;N_S3_012,229,101,128,20,12ce6013dd64c39aa905a4b274b468acfc61ed58484c302420db199fd4ea9bf8,90ca1b80d667ea886e1d398e9ab94b29a2ebdcabe0675aee966cdd8f951c703b,0ed37d2a143534a6dd19de732c343a2209b84e3edb64099043289638c12da26c,a8c39da24b21a16300cfd11d2f035f909341705ed03eb6f592556a2ed5f44e13,04c7ba03b7de492f3fb98de0ed7992b4f4576ab3b960e7d38c9ef77b1258e523,50829ab2d79e0b05495df0a97f8ec8c7ead1a88472e91447e38d8abb36e43876,02754ad992efbb74c70ca5fa27a3c6645ed024b3924f31ca1f369692ecad28f7,af0b09b9592a948557ef3dba974e61000a7b3d26d41becb8f28732d96c5ad77f,PASS,True,1,388,388,69,4,"{""E7_DYNAMIC_MULTITRIP_V1: assignment backtracking exceeded 100000 states"": 60, ""E7_DYNAMIC_MULTITRIP_V1: no inherited asset can serve open route CV14#T1"": 13, ""E7_DYNAMIC_MULTITRIP_V1: no inherited asset can serve open route CV15#T1"": 129, ""E7_DYNAMIC_MULTITRIP_V1: no inherited asset can serve open route CV16#T1"": 2, ""E7_DYNAMIC_MULTITRIP_V1: no inherited asset can serve open route CV5#T1"": 1, ""E7_DYNAMIC_MULTITRIP_V1: no inherited asset can serve open route DYN_EVENT_C183"": 4, ""E7_DYNAMIC_MULTITRIP_V1: no inherited asset can serve open route DYN_EVENT_N_S3_011"": 1, ""E7_DYNAMIC_MULTITRIP_V1: no inherited asset can serve open route DYN_OPEN_001"": 7, ""E7_DYNAMIC_MULTITRIP_V1: no inherited asset can serve open route DYN_OPEN_013"": 6, ""E7_DYNAMIC_MULTITRIP_V1: no inherited asset can serve open route DYN_OPEN_015"": 4, ""E7_DYNAMIC_MULTITRIP_V1: no inherited asset can serve open route DYN_OPEN_016"": 12, ""E7_DYNAMIC_MULTITRIP_V1: no inherited asset can serve open route DYN_OPEN_017"": 15, ""E7_DYNAMIC_MULTITRIP_V1: no inherited asset can serve open route DYN_OPEN_018"": 8, ""E7_DYNAMIC_MULTITRIP_V1: no inherited asset can serve open route DYN_OPEN_019"": 8, ""E7_DYNAMIC_MULTITRIP_V1: no inherited asset can serve open route DYN_OPEN_020"": 10, ""E7_DYNAMIC_MULTITRIP_V1: no inherited asset can serve open route DYN_OPEN_021"": 5, ""E7_DYNAMIC_MULTITRIP_V1: no inherited asset can serve open route DYN_OPEN_022"": 3, ""E7_DYNAMIC_MULTITRIP_V1: no inherited asset can serve open route DYN_OPEN_023"": 11, ""E7_DYNAMIC_MULTITRIP_V1: no inherited asset can serve open route DYN_OPEN_024"": 1, ""E7_DYNAMIC_MULTITRIP_V1: no inherited asset can serve open route DYN_OPEN_025"": 11, ""E7_DYNAMIC_MULTITRIP_V1: no inherited asset can serve open route DYN_OPEN_026"": 4, ""E7_DYNAMIC_MULTITRIP_V1: no inherited asset can serve open route DYN_OPEN_027"": 3, ""E7_DYNAMIC_MULTITRIP_V1: no inherited asset can serve open route DYN_OPEN_028"": 1}",400,3003,random_customer_removal+greedy_insert_repair;random_customer_removal+regret2_insert_repair;random_customer_removal+regret3_insert_repair;worst_customer_removal+greedy_insert_repair;worst_customer_removal+regret2_insert_repair;worst_customer_removal+regret3_insert_repair;shaw_related_removal+greedy_insert_repair;shaw_related_removal+regret2_insert_repair;shaw_related_removal+regret3_insert_repair;whole_route_removal+greedy_insert_repair;whole_route_removal+regret2_insert_repair;whole_route_removal+regret3_insert_repair;route_segment_removal+greedy_insert_repair;route_segment_removal+regret2_insert_repair;route_segment_removal+regret3_insert_repair;vehicle_type_swap+greedy_insert_repair;vehicle_type_swap+regret2_insert_repair;vehicle_type_swap+regret3_insert_repair,1452.7844517499907,True,True
cooperative,3,4,23577.104027342783,q_bar,25;26;27;28;29;30;31;32,demand_change;demand_change;demand_change;demand_change;cancel;demand_change;add;demand_change,25;26;27;28;29;30;31;32,,8,27646.274954442226,4069.1709270994434,26,24,4435.082131495385,9298.739323456926,26,14,4,N_S3_005;N_S3_006;N_S3_007;N_S3_012,229,113,116,20,6367f2751428f73d1674ba7f1580b14390687a6a7ac98065a661563cdc886152,ef34be9390251a20ab6874411e5458de81777bbffc7e31eb30cac0204592dd32,187e0333e591c347d602b3586f3dda0c7579246c16bb37e70b710d5ef8da7f62,fc86cd799249d99f7712cb26849dd9e2152be00e6f1f4ad96aab7f177a4aa86d,01c44c83ebe2b1b09ff450ed3d5a56a86012c60e6e6c627f36ec6d60b1f42be7,cd3534a173b95f46ab0b279b4cb3ac3a4372e63814eab010e663294d99616044,37c46283f9539e599493492271aac2ec87da464be58e43291dae10435e4367c0,eff9b12d0b46bd164da266fe5cd5b05a9dff084a034870da8a2b588b7053f9f8,PASS,False,0,400,400,147,1,"{""E7_DYNAMIC_MULTITRIP_V1: assignment backtracking exceeded 100000 states"": 1, ""E7_DYNAMIC_MULTITRIP_V1: no inherited asset can serve open route DYN_EVENT_C148"": 1, ""E7_DYNAMIC_MULTITRIP_V1: no inherited asset can serve open route DYN_EVENT_C155"": 1, ""E7_DYNAMIC_MULTITRIP_V1: no inherited asset can serve open route DYN_EVENT_C165"": 2, ""E7_DYNAMIC_MULTITRIP_V1: no inherited asset can serve open route DYN_EVENT_N_S3_014"": 2, ""E7_DYNAMIC_MULTITRIP_V1: no inherited asset can serve open route DYN_OPEN_003"": 27, ""E7_DYNAMIC_MULTITRIP_V1: no inherited asset can serve open route DYN_OPEN_004"": 8, ""E7_DYNAMIC_MULTITRIP_V1: no inherited asset can serve open route DYN_OPEN_005"": 45, ""E7_DYNAMIC_MULTITRIP_V1: no inherited asset can serve open route DYN_OPEN_006"": 3, ""E7_DYNAMIC_MULTITRIP_V1: no inherited asset can serve open route DYN_OPEN_007"": 39, ""E7_DYNAMIC_MULTITRIP_V1: no inherited asset can serve open route DYN_OPEN_010"": 2, ""E7_DYNAMIC_MULTITRIP_V1: no inherited asset can serve open route DYN_OPEN_011"": 2, ""E7_DYNAMIC_MULTITRIP_V1: no inherited asset can serve open route DYN_OPEN_013"": 1, ""E7_DYNAMIC_MULTITRIP_V1: no inherited asset can serve open route DYN_OPEN_015"": 1, ""E7_DYNAMIC_MULTITRIP_V1: no inherited asset can serve open route DYN_OPEN_016"": 2, ""E7_DYNAMIC_MULTITRIP_V1: no inherited asset can serve open route DYN_OPEN_017"": 1, ""E7_DYNAMIC_MULTITRIP_V1: no inherited asset can serve open route DYN_OPEN_019"": 3, ""E7_DYNAMIC_MULTITRIP_V1: no inherited asset can serve open route DYN_OPEN_020"": 1, ""E7_DYNAMIC_MULTITRIP_V1: no inherited asset can serve open route DYN_OPEN_022"": 5, ""E7_DYNAMIC_MULTITRIP_V1: no inherited asset can serve open route DYN_OPEN_023"": 6, ""E7_DYNAMIC_MULTITRIP_V1: no inherited asset can serve open route REPACK_010"": 1, ""E7_DYNAMIC_MULTITRIP_V1: route REPACK_001 exceeds one battery"": 22, ""E7_DYNAMIC_MULTITRIP_V1: route REPACK_002 exceeds one battery"": 20, ""E7_DYNAMIC_MULTITRIP_V1: route REPACK_003 exceeds one battery"": 17, ""E7_DYNAMIC_MULTITRIP_V1: route REPACK_004 exceeds one battery"": 11, ""E7_DYNAMIC_MULTITRIP_V1: route REPACK_005 exceeds one battery"": 6, ""E7_DYNAMIC_MULTITRIP_V1: route REPACK_006 exceeds one battery"": 10, ""E7_DYNAMIC_MULTITRIP_V1: route REPACK_007 exceeds one battery"": 3, ""E7_DYNAMIC_MULTITRIP_V1: route REPACK_008 exceeds one battery"": 3, ""E7_DYNAMIC_MULTITRIP_V1: route REPACK_010 exceeds one battery"": 2, ""E7_DYNAMIC_MULTITRIP_V1: route REPACK_012 exceeds one battery"": 1, ""E7_DYNAMIC_MULTITRIP_V1: route REPACK_014 exceeds one battery"": 2, ""E7_DYNAMIC_MULTITRIP_V1: route REPACK_015 exceeds one battery"": 1, ""E7_DYNAMIC_MULTITRIP_V1: route REPACK_016 exceeds one battery"": 1}",400,3004,random_customer_removal+greedy_insert_repair;random_customer_removal+regret2_insert_repair;random_customer_removal+regret3_insert_repair;worst_customer_removal+greedy_insert_repair;worst_customer_removal+regret2_insert_repair;worst_customer_removal+regret3_insert_repair;shaw_related_removal+greedy_insert_repair;shaw_related_removal+regret2_insert_repair;shaw_related_removal+regret3_insert_repair;whole_route_removal+greedy_insert_repair;whole_route_removal+regret2_insert_repair;whole_route_removal+regret3_insert_repair;route_segment_removal+greedy_insert_repair;route_segment_removal+regret2_insert_repair;route_segment_removal+regret3_insert_repair;vehicle_type_swap+greedy_insert_repair;vehicle_type_swap+regret2_insert_repair;vehicle_type_swap+regret3_insert_repair,1493.7632589169662,True,True
cooperative,3,5,27646.274954442226,q_bar,33;34;35;36;37;38;39;40,add;cancel;demand_change;demand_change;demand_change;demand_change;add;add,33;34;35;36;37;38;39;40,,8,35411.17055791541,7764.895603473182,26,25,4558.742981686909,9433.674772332,26,17,4,N_S3_005;N_S3_006;N_S3_007;N_S3_012,231,113,118,20,43447dbfbfe1e6a127585a673fb6d1479c48269d0c8f6397e815d36bd55d5802,4f53cda18c2baa0c0354bb5f9a3ecbe5ed12ab4d8e11ba873c2f11161202b945,37f5094c25b0734be5eac1d1612ee5ce87fe699bc8961f8369902502502a8dc8,f6d26df937d99f0314b4824adb11af048f528ced7168faa435fe6bf14a2144b3,01c44c83ebe2b1b09ff450ed3d5a56a86012c60e6e6c627f36ec6d60b1f42be7,a73c74cbd6cd59acdfee4d2461091b5f90419e19bd8fd74d452c4172f79eef2f,1b5c0a4c8a34c5b8012344089c5fa71e92f8e84585c129ad54fbf3960034cf9a,f2240ee7a304364f4e8b53bf7d40992f56921c9d258124541764662cc8bccaef,PASS,True,1,385,385,186,4,"{""E7_DYNAMIC_MULTITRIP_V1: assignment backtracking exceeded 100000 states"": 1, ""E7_DYNAMIC_MULTITRIP_V1: no inherited asset can serve open route CV1#T1"": 4, ""E7_DYNAMIC_MULTITRIP_V1: no inherited asset can serve open route CV12#T1"": 10, ""E7_DYNAMIC_MULTITRIP_V1: no inherited asset can serve open route CV13#T1"": 3, ""E7_DYNAMIC_MULTITRIP_V1: no inherited asset can serve open route CV14#T1"": 4, ""E7_DYNAMIC_MULTITRIP_V1: no inherited asset can serve open route CV15#T1"": 2, ""E7_DYNAMIC_MULTITRIP_V1: no inherited asset can serve open route CV16#T1"": 5, ""E7_DYNAMIC_MULTITRIP_V1: no inherited asset can serve open route CV17#T1"": 3, ""E7_DYNAMIC_MULTITRIP_V1: no inherited asset can serve open route CV18#T1"": 16, ""E7_DYNAMIC_MULTITRIP_V1: no inherited asset can serve open route CV19#T1"": 9, ""E7_DYNAMIC_MULTITRIP_V1: no inherited asset can serve open route CV2#T1"": 2, ""E7_DYNAMIC_MULTITRIP_V1: no inherited asset can serve open route CV25#T1"": 1, ""E7_DYNAMIC_MULTITRIP_V1: no inherited asset can serve open route CV4#T1"": 2, ""E7_DYNAMIC_MULTITRIP_V1: no inherited asset can serve open route CV5#T1"": 115, ""E7_DYNAMIC_MULTITRIP_V1: no inherited asset can serve open route CV6#T1"": 9, ""E7_DYNAMIC_MULTITRIP_V1: no inherited asset can serve open route DYN_EVENT_C144"": 1, ""E7_DYNAMIC_MULTITRIP_V1: no inherited asset can serve open route DYN_OPEN_015"": 1, ""E7_DYNAMIC_MULTITRIP_V1: no inherited asset can serve open route DYN_OPEN_016"": 1, ""E7_DYNAMIC_MULTITRIP_V1: no inherited asset can serve open route DYN_OPEN_017"": 1, ""E7_DYNAMIC_MULTITRIP_V1: no inherited asset can serve open route DYN_OPEN_018"": 2, ""E7_DYNAMIC_MULTITRIP_V1: no inherited asset can serve open route DYN_OPEN_019"": 3, ""E7_DYNAMIC_MULTITRIP_V1: no inherited asset can serve open route DYN_OPEN_020"": 3, ""E7_DYNAMIC_MULTITRIP_V1: no inherited asset can serve open route DYN_OPEN_026"": 1}",400,3005,random_customer_removal+greedy_insert_repair;random_customer_removal+regret2_insert_repair;random_customer_removal+regret3_insert_repair;worst_customer_removal+greedy_insert_repair;worst_customer_removal+regret2_insert_repair;worst_customer_removal+regret3_insert_repair;shaw_related_removal+greedy_insert_repair;shaw_related_removal+regret2_insert_repair;shaw_related_removal+regret3_insert_repair;whole_route_removal+greedy_insert_repair;whole_route_removal+regret2_insert_repair;whole_route_removal+regret3_insert_repair;route_segment_removal+greedy_insert_repair;route_segment_removal+regret2_insert_repair;route_segment_removal+regret3_insert_repair;vehicle_type_swap+greedy_insert_repair;vehicle_type_swap+regret2_insert_repair;vehicle_type_swap+regret3_insert_repair,91.0030994170229,True,True
cooperative,3,6,35411.17055791541,q_bar,41;42;43;44;45;46;47;48,demand_change;add;demand_change;add;demand_change;add;demand_change;demand_change,41;42;43;44;45;46;48,47,8,46211.17055791541,10800.0,35,17,2479.682005998437,9628.877533551822,10,20,4,N_S3_005;N_S3_006;N_S3_007;N_S3_012,234,167,67,20,fe5cd3b98c6cddd962132540e32245ed0bb6abed37d4bc8b325ee595166c6570,447f395a3889d9f9eee9d6e459f2979f2eb67eca606b130b25c36483816b3334,e52c28619a9c39357bca7db172099adc1ed641b920c2e077b01fe93171eeeb5f,531d102f626d1d83d0f6c24c35fa2ecd32e51b31538e86af3fec193fab534eac,8cc5408fbf0ad156530e0e614588aa5fb751a0be7678da075fe5f57c6f1f3264,e5459d25b418ea0ba5b72bb67391dddc0d3127a71aa8b4241ce7027c9fc57444,a12bc049e8b4abe16944a30bad4737dafea02428533a38792abdd1c1d33bf049,5efa4ddfe03299411b9e4fb6d8f396c12465198330951839140753378391bca9,PASS,True,1,386,386,151,6,"{""E7_DYNAMIC_MULTITRIP_V1: no inherited asset can serve open route CV10#T1"": 1, ""E7_DYNAMIC_MULTITRIP_V1: no inherited asset can serve open route CV16#T1"": 3, ""E7_DYNAMIC_MULTITRIP_V1: no inherited asset can serve open route CV17#T1"": 1, ""E7_DYNAMIC_MULTITRIP_V1: no inherited asset can serve open route CV3#T1"": 4, ""E7_DYNAMIC_MULTITRIP_V1: no inherited asset can serve open route CV5#T1"": 31, ""E7_DYNAMIC_MULTITRIP_V1: no inherited asset can serve open route CV6#T1"": 16, ""E7_DYNAMIC_MULTITRIP_V1: no inherited asset can serve open route CV7#T1"": 127, ""E7_DYNAMIC_MULTITRIP_V1: no inherited asset can serve open route CV9#T1"": 3, ""E7_DYNAMIC_MULTITRIP_V1: no inherited asset can serve open route DYN_EVENT_N_S3_018"": 5, ""E7_DYNAMIC_MULTITRIP_V1: no inherited asset can serve open route DYN_OPEN_003"": 3, ""E7_DYNAMIC_MULTITRIP_V1: no inherited asset can serve open route DYN_OPEN_004"": 1, ""E7_DYNAMIC_MULTITRIP_V1: no inherited asset can serve open route DYN_OPEN_005"": 22, ""E7_DYNAMIC_MULTITRIP_V1: no inherited asset can serve open route DYN_OPEN_007"": 7, ""E7_DYNAMIC_MULTITRIP_V1: no inherited asset can serve open route DYN_OPEN_010"": 9, ""E7_DYNAMIC_MULTITRIP_V1: no inherited asset can serve open route DYN_OPEN_011"": 2}",400,3006,random_customer_removal+greedy_insert_repair;random_customer_removal+regret2_insert_repair;random_customer_removal+regret3_insert_repair;worst_customer_removal+greedy_insert_repair;worst_customer_removal+regret2_insert_repair;worst_customer_removal+regret3_insert_repair;shaw_related_removal+greedy_insert_repair;shaw_related_removal+regret2_insert_repair;shaw_related_removal+regret3_insert_repair;whole_route_removal+greedy_insert_repair;whole_route_removal+regret2_insert_repair;whole_route_removal+regret3_insert_repair;route_segment_removal+greedy_insert_repair;route_segment_removal+regret2_insert_repair;route_segment_removal+regret3_insert_repair;vehicle_type_swap+greedy_insert_repair;vehicle_type_swap+regret2_insert_repair;vehicle_type_swap+regret3_insert_repair,13.924074708018452,True,True
cooperative,3,7,46211.17055791541,delta_t,49;50;51;52;53;54;55,cancel;demand_change;cancel;add;demand_change;demand_change;add,49;50;51;52;54;55,53,7,,,43,4,778.2108533861796,9097.864875505426,1,22,4,N_S3_005;N_S3_006;N_S3_007;N_S3_012,234,206,28,20,6d0a08025083bcbb61a5012dd02235f49f7ead3caca12dd64c007bc31ea8e535,597846a6b68f6ec49cf4c76547b91b35550c7af8ab693376f8a80f898e20d771,4c164d4649fd7f206bb6fd00663ea64728da887104dba66ebbe45a2711582a75,6d635206795e29f825bfcaf4ece142f56b0564287fe538effe89cc75281a3112,2dda028cf4d8166ead6ae7d6f30e50c319ff86d9ce08762baf8d98df2cc7137d,2469b7842512da661c5788552197841e81b15bb9d3d1e38f3cfcda5f7d930e5c,acb01a93f146ff198b5c7a7cd672085fd2109f2e28a246b9913c381bd18bbd23,c14fd49a49d692e519a4cbb30da097ea363a668f65c7544978d2edb3914c0ec5,PASS,True,1,400,400,271,163,"{""E7_DYNAMIC_MULTITRIP_V1: no inherited asset can serve open route CV4#T1"": 1, ""E7_DYNAMIC_MULTITRIP_V1: no inherited asset can serve open route DYN_EVENT_C212"": 2, ""E7_DYNAMIC_MULTITRIP_V1: no inherited asset can serve open route DYN_EVENT_N_S3_021"": 5, ""E7_DYNAMIC_MULTITRIP_V1: no inherited asset can serve open route DYN_OPEN_003"": 14, ""E7_DYNAMIC_MULTITRIP_V1: no inherited asset can serve open route DYN_OPEN_004"": 9, ""E7_DYNAMIC_MULTITRIP_V1: no inherited asset can serve open route DYN_OPEN_005"": 11, ""E7_DYNAMIC_MULTITRIP_V1: no inherited asset can serve open route DYN_OPEN_006"": 13, ""E7_DYNAMIC_MULTITRIP_V1: no inherited asset can serve open route DYN_OPEN_007"": 17, ""E7_DYNAMIC_MULTITRIP_V1: no inherited asset can serve open route DYN_OPEN_008"": 8, ""E7_DYNAMIC_MULTITRIP_V1: no inherited asset can serve open route DYN_OPEN_009"": 36, ""E7_DYNAMIC_MULTITRIP_V1: no inherited asset can serve open route DYN_OPEN_010"": 1, ""E7_DYNAMIC_MULTITRIP_V1: open routes must not carry pre-existing charging actions"": 12}",400,3007,random_customer_removal+greedy_insert_repair;random_customer_removal+regret2_insert_repair;random_customer_removal+regret3_insert_repair;worst_customer_removal+greedy_insert_repair;worst_customer_removal+regret2_insert_repair;worst_customer_removal+regret3_insert_repair;shaw_related_removal+greedy_insert_repair;shaw_related_removal+regret2_insert_repair;shaw_related_removal+regret3_insert_repair;whole_route_removal+greedy_insert_repair;whole_route_removal+regret2_insert_repair;whole_route_removal+regret3_insert_repair;route_segment_removal+greedy_insert_repair;route_segment_removal+regret2_insert_repair;route_segment_removal+regret3_insert_repair;vehicle_type_swap+greedy_insert_repair;vehicle_type_swap+regret2_insert_repair;vehicle_type_swap+regret3_insert_repair,1.7002427499974146,,True
independent,3,1,6783.501790449836,q_bar,1;2;3;4;5;6;7;8,cancel;cancel;add;add;demand_change;add;cancel;cancel,1;2;3;4;5;6;7;8,,8,13034.180242789367,6250.678452339531,9,40,7232.655313591835,8791.200814041304,0,3,0,,220,50,170,20,9388b722039095b1122d0bb803e98cefc8821df7a2ead342fe52c7de868e06e6,64a10f274b37258f91794fc0148daa88b730c54779bc6b8265a29dee85eb1991,bfa26cbe949381dd96026acafc7e4009c660f6fa5eea80fc23eef51ead669d00,9bef00260b5828ca01521bd186d8dbf1262d2ced6be1c568b2870a893bbabf51,9dde89658431f7b3a209571e9ca2b1e70f8a532c89fdaa84b7742b2f1e251351,1534e407762bcbee2297deaf8c558e1e61dad306dbeaf512c0b82cc8c66ec182,354b7d12312462a98d1a7125d8a236285f98cece12c25fdaf478baaa1ac52f45,abd41caab4e804575597ec021a32bd3318bc3a6808d85ba793f8ec5797b266fc,PASS,False,0,400,400,59,1,"{""E7_DYNAMIC_MULTITRIP_V1: assignment backtracking exceeded 100000 states"": 51, ""E7_DYNAMIC_MULTITRIP_V1: no inherited asset can serve open route DYN_EVENT_C030"": 19, ""E7_DYNAMIC_MULTITRIP_V1: no inherited asset can serve open route DYN_EVENT_N_S3_001"": 14, ""E7_DYNAMIC_MULTITRIP_V1: no inherited asset can serve open route DYN_OPEN_001"": 2, ""E7_DYNAMIC_MULTITRIP_V1: no inherited asset can serve open route DYN_OPEN_002"": 5, ""E7_DYNAMIC_MULTITRIP_V1: no inherited asset can serve open route DYN_OPEN_003"": 3, ""E7_DYNAMIC_MULTITRIP_V1: no inherited asset can serve open route DYN_OPEN_004"": 5, ""E7_DYNAMIC_MULTITRIP_V1: no inherited asset can serve open route DYN_OPEN_005"": 1, ""E7_DYNAMIC_MULTITRIP_V1: no inherited asset can serve open route DYN_OPEN_009"": 3, ""E7_DYNAMIC_MULTITRIP_V1: no inherited asset can serve open route DYN_OPEN_010"": 5, ""E7_DYNAMIC_MULTITRIP_V1: no inherited asset can serve open route DYN_OPEN_017"": 1, ""E7_DYNAMIC_MULTITRIP_V1: no inherited asset can serve open route DYN_OPEN_020"": 37, ""E7_DYNAMIC_MULTITRIP_V1: no inherited asset can serve open route DYN_OPEN_021"": 17, ""E7_DYNAMIC_MULTITRIP_V1: no inherited asset can serve open route DYN_OPEN_023"": 58, ""E7_DYNAMIC_MULTITRIP_V1: no inherited asset can serve open route DYN_OPEN_024"": 1, ""E7_DYNAMIC_MULTITRIP_V1: no inherited asset can serve open route DYN_OPEN_025"": 1, ""E7_DYNAMIC_MULTITRIP_V1: no inherited asset can serve open route DYN_OPEN_028"": 5, ""E7_DYNAMIC_MULTITRIP_V1: no inherited asset can serve open route DYN_OPEN_029"": 1, ""E7_DYNAMIC_MULTITRIP_V1: no inherited asset can serve open route DYN_OPEN_031"": 5, ""E7_DYNAMIC_MULTITRIP_V1: no inherited asset can serve open route DYN_OPEN_033"": 2, ""E7_DYNAMIC_MULTITRIP_V1: no inherited asset can serve open route DYN_OPEN_035"": 3, ""E7_DYNAMIC_MULTITRIP_V1: no inherited asset can serve open route DYN_OPEN_038"": 1, ""E7_DYNAMIC_MULTITRIP_V1: no inherited asset can serve open route DYN_OPEN_040"": 1, ""E7_DYNAMIC_MULTITRIP_V1: no inherited asset can serve open route REPACK_004"": 1, ""E7_DYNAMIC_MULTITRIP_V1: route REPACK_001 exceeds one battery"": 15, ""E7_DYNAMIC_MULTITRIP_V1: route REPACK_002 exceeds one battery"": 17, ""E7_DYNAMIC_MULTITRIP_V1: route REPACK_003 exceeds one battery"": 15, ""E7_DYNAMIC_MULTITRIP_V1: route REPACK_004 exceeds one battery"": 14, ""E7_DYNAMIC_MULTITRIP_V1: route REPACK_005 exceeds one battery"": 6, ""E7_DYNAMIC_MULTITRIP_V1: route REPACK_006 exceeds one battery"": 9, ""E7_DYNAMIC_MULTITRIP_V1: route REPACK_007 exceeds one battery"": 3, ""E7_DYNAMIC_MULTITRIP_V1: route REPACK_008 exceeds one battery"": 4, ""E7_DYNAMIC_MULTITRIP_V1: route REPACK_009 exceeds one battery"": 5, ""E7_DYNAMIC_MULTITRIP_V1: route REPACK_010 exceeds one battery"": 5, ""E7_DYNAMIC_MULTITRIP_V1: route REPACK_012 exceeds one battery"": 2, ""E7_DYNAMIC_MULTITRIP_V1: route REPACK_013 exceeds one battery"": 2, ""E7_DYNAMIC_MULTITRIP_V1: route REPACK_015 exceeds one battery"": 1, ""E7_DYNAMIC_MULTITRIP_V1: route REPACK_017 exceeds one battery"": 1}",400,3001,random_customer_removal+greedy_insert_repair;random_customer_removal+regret2_insert_repair;random_customer_removal+regret3_insert_repair;worst_customer_removal+greedy_insert_repair;worst_customer_removal+regret2_insert_repair;worst_customer_removal+regret3_insert_repair;shaw_related_removal+greedy_insert_repair;shaw_related_removal+regret2_insert_repair;shaw_related_removal+regret3_insert_repair;whole_route_removal+greedy_insert_repair;whole_route_removal+regret2_insert_repair;whole_route_removal+regret3_insert_repair;route_segment_removal+greedy_insert_repair;route_segment_removal+regret2_insert_repair;route_segment_removal+regret3_insert_repair;vehicle_type_swap+greedy_insert_repair;vehicle_type_swap+regret2_insert_repair;vehicle_type_swap+regret3_insert_repair,4928.235899166961,True,True
independent,3,2,13034.180242789367,q_bar,9;10;11;12;13;14;15;16,add;add;cancel;add;add;add;demand_change;demand_change,9;10;12;13;14;15;16,11,8,18302.8711963682,5268.690953578833,23,28,5026.605736280114,9006.276856346525,0,8,0,,225,100,125,20,f1f2c3eb9a7a4e663b44311d01d38ac731d29f041700d8560784158624d75864,a4ac337a60d451b536aefd1a96a91c0aca3b9cbbcedc2ff4ba93f0e3fc9a4356,f4e111d0b683ec5a57a75d9b208557b8a4c99888e52d40644a4fd93975d23cfe,a84a634598a1810732a80cd170cf757d5251ee41eb208a2654a72353b1a6c596,2a24dc41389f5c55ed2ac13cd6d8a2210251c32ba708cad282d7af0733ffb28b,23d1322869476b7db4aedfc0020b0e687f64629cb7ef9159290621f6b30ceae3,d6abfe8aed40c68944e03b9c8b2edcbfea80c6e570bbfa5f42a433c1cacfab3e,c69d647a3e60155bffe8d021fb3c138beda98890bc702681d65dceb198acf46d,PASS,True,1,400,400,44,7,"{""E7_DYNAMIC_MULTITRIP_V1: assignment backtracking exceeded 100000 states"": 39, ""E7_DYNAMIC_MULTITRIP_V1: no inherited asset can serve open route CV13#T1"": 18, ""E7_DYNAMIC_MULTITRIP_V1: no inherited asset can serve open route CV15#T1"": 6, ""E7_DYNAMIC_MULTITRIP_V1: no inherited asset can serve open route CV16#T1"": 17, ""E7_DYNAMIC_MULTITRIP_V1: no inherited asset can serve open route CV19#T1"": 2, ""E7_DYNAMIC_MULTITRIP_V1: no inherited asset can serve open route CV4#T1"": 8, ""E7_DYNAMIC_MULTITRIP_V1: no inherited asset can serve open route CV5#T1"": 128, ""E7_DYNAMIC_MULTITRIP_V1: no inherited asset can serve open route CV6#T1"": 21, ""E7_DYNAMIC_MULTITRIP_V1: no inherited asset can serve open route DYN_EVENT_C115"": 1, ""E7_DYNAMIC_MULTITRIP_V1: no inherited asset can serve open route DYN_EVENT_N_S3_004"": 1, ""E7_DYNAMIC_MULTITRIP_V1: no inherited asset can serve open route DYN_EVENT_N_S3_005"": 2, ""E7_DYNAMIC_MULTITRIP_V1: no inherited asset can serve open route DYN_EVENT_N_S3_006"": 3, ""E7_DYNAMIC_MULTITRIP_V1: no inherited asset can serve open route DYN_OPEN_006"": 1, ""E7_DYNAMIC_MULTITRIP_V1: no inherited asset can serve open route DYN_OPEN_012"": 1, ""E7_DYNAMIC_MULTITRIP_V1: no inherited asset can serve open route DYN_OPEN_013"": 15, ""E7_DYNAMIC_MULTITRIP_V1: no inherited asset can serve open route DYN_OPEN_014"": 8, ""E7_DYNAMIC_MULTITRIP_V1: no inherited asset can serve open route DYN_OPEN_015"": 14, ""E7_DYNAMIC_MULTITRIP_V1: no inherited asset can serve open route DYN_OPEN_016"": 9, ""E7_DYNAMIC_MULTITRIP_V1: no inherited asset can serve open route DYN_OPEN_017"": 5, ""E7_DYNAMIC_MULTITRIP_V1: no inherited asset can serve open route DYN_OPEN_018"": 10, ""E7_DYNAMIC_MULTITRIP_V1: no inherited asset can serve open route DYN_OPEN_019"": 14, ""E7_DYNAMIC_MULTITRIP_V1: no inherited asset can serve open route DYN_OPEN_020"": 13, ""E7_DYNAMIC_MULTITRIP_V1: no inherited asset can serve open route DYN_OPEN_021"": 15, ""E7_DYNAMIC_MULTITRIP_V1: no inherited asset can serve open route DYN_OPEN_022"": 5}",400,3002,random_customer_removal+greedy_insert_repair;random_customer_removal+regret2_insert_repair;random_customer_removal+regret3_insert_repair;worst_customer_removal+greedy_insert_repair;worst_customer_removal+regret2_insert_repair;worst_customer_removal+regret3_insert_repair;shaw_related_removal+greedy_insert_repair;shaw_related_removal+regret2_insert_repair;shaw_related_removal+regret3_insert_repair;whole_route_removal+greedy_insert_repair;whole_route_removal+regret2_insert_repair;whole_route_removal+regret3_insert_repair;route_segment_removal+greedy_insert_repair;route_segment_removal+regret2_insert_repair;route_segment_removal+regret3_insert_repair;vehicle_type_swap+greedy_insert_repair;vehicle_type_swap+regret2_insert_repair;vehicle_type_swap+regret3_insert_repair,1204.4908917500288,True,True
independent,3,3,18302.8711963682,q_bar,17;18;19;20;21;22;23;24,demand_change;cancel;cancel;add;add;add;add;add,17;19;20;21;22;23;24,18,8,23577.104027342783,5274.232830974583,23,30,5100.624725402213,9190.492507982803,0,13,0,,229,100,129,20,eb31b41a355d8bcd94e85b80c9348dae65e68b00129410134abb5b0de8e9f19e,4f53cda18c2baa0c0354bb5f9a3ecbe5ed12ab4d8e11ba873c2f11161202b945,5d837789c40139ca78a421a0cf2ac0d10461b47705d4050f78c064987c4b8bd9,a8c39da24b21a16300cfd11d2f035f909341705ed03eb6f592556a2ed5f44e13,2a24dc41389f5c55ed2ac13cd6d8a2210251c32ba708cad282d7af0733ffb28b,edb191ae518a8443500b5aea8f6ebaa7c7e67765e7ec32df72fe5bb807c65fec,a193f38fd6d69ac333e1fc24267fbab54c31b917fe880607c525016bcac5665d,6845b58cb36d2c7bb2f2d140e3cf87a1a63f678fb2a23460b59b445ceebc9259,PASS,True,1,400,400,77,10,"{""E7_DYNAMIC_MULTITRIP_V1: assignment backtracking exceeded 100000 states"": 18, ""E7_DYNAMIC_MULTITRIP_V1: no inherited asset can serve open route CV13#T1"": 1, ""E7_DYNAMIC_MULTITRIP_V1: no inherited asset can serve open route CV14#T1"": 2, ""E7_DYNAMIC_MULTITRIP_V1: no inherited asset can serve open route CV15#T1"": 4, ""E7_DYNAMIC_MULTITRIP_V1: no inherited asset can serve open route CV16#T1"": 2, ""E7_DYNAMIC_MULTITRIP_V1: no inherited asset can serve open route CV17#T1"": 11, ""E7_DYNAMIC_MULTITRIP_V1: no inherited asset can serve open route CV19#T1"": 1, ""E7_DYNAMIC_MULTITRIP_V1: no inherited asset can serve open route CV20#T1"": 1, ""E7_DYNAMIC_MULTITRIP_V1: no inherited asset can serve open route CV21#T1"": 1, ""E7_DYNAMIC_MULTITRIP_V1: no inherited asset can serve open route CV4#T1"": 3, ""E7_DYNAMIC_MULTITRIP_V1: no inherited asset can serve open route CV5#T1"": 149, ""E7_DYNAMIC_MULTITRIP_V1: no inherited asset can serve open route CV7#T1"": 25, ""E7_DYNAMIC_MULTITRIP_V1: no inherited asset can serve open route DYN_EVENT_N_S3_011"": 3, ""E7_DYNAMIC_MULTITRIP_V1: no inherited asset can serve open route DYN_EVENT_N_S3_012"": 1, ""E7_DYNAMIC_MULTITRIP_V1: no inherited asset can serve open route DYN_OPEN_002"": 5, ""E7_DYNAMIC_MULTITRIP_V1: no inherited asset can serve open route DYN_OPEN_013"": 7, ""E7_DYNAMIC_MULTITRIP_V1: no inherited asset can serve open route DYN_OPEN_014"": 6, ""E7_DYNAMIC_MULTITRIP_V1: no inherited asset can serve open route DYN_OPEN_015"": 11, ""E7_DYNAMIC_MULTITRIP_V1: no inherited asset can serve open route DYN_OPEN_016"": 7, ""E7_DYNAMIC_MULTITRIP_V1: no inherited asset can serve open route DYN_OPEN_017"": 6, ""E7_DYNAMIC_MULTITRIP_V1: no inherited asset can serve open route DYN_OPEN_018"": 1, ""E7_DYNAMIC_MULTITRIP_V1: no inherited asset can serve open route DYN_OPEN_019"": 13, ""E7_DYNAMIC_MULTITRIP_V1: no inherited asset can serve open route DYN_OPEN_020"": 8, ""E7_DYNAMIC_MULTITRIP_V1: no inherited asset can serve open route DYN_OPEN_021"": 10, ""E7_DYNAMIC_MULTITRIP_V1: no inherited asset can serve open route DYN_OPEN_022"": 3, ""E7_DYNAMIC_MULTITRIP_V1: no inherited asset can serve open route DYN_OPEN_023"": 8, ""E7_DYNAMIC_MULTITRIP_V1: no inherited asset can serve open route DYN_OPEN_025"": 6, ""E7_DYNAMIC_MULTITRIP_V1: no inherited asset can serve open route DYN_OPEN_026"": 2, ""E7_DYNAMIC_MULTITRIP_V1: no inherited asset can serve open route DYN_OPEN_028"": 5, ""E7_DYNAMIC_MULTITRIP_V1: no inherited asset can serve open route DYN_OPEN_030"": 1, ""E7_DYNAMIC_MULTITRIP_V1: no inherited asset can serve open route DYN_OPEN_031"": 2}",400,3003,random_customer_removal+greedy_insert_repair;random_customer_removal+regret2_insert_repair;random_customer_removal+regret3_insert_repair;worst_customer_removal+greedy_insert_repair;worst_customer_removal+regret2_insert_repair;worst_customer_removal+regret3_insert_repair;shaw_related_removal+greedy_insert_repair;shaw_related_removal+regret2_insert_repair;shaw_related_removal+regret3_insert_repair;whole_route_removal+greedy_insert_repair;whole_route_removal+regret2_insert_repair;whole_route_removal+regret3_insert_repair;route_segment_removal+greedy_insert_repair;route_segment_removal+regret2_insert_repair;route_segment_removal+regret3_insert_repair;vehicle_type_swap+greedy_insert_repair;vehicle_type_swap+regret2_insert_repair;vehicle_type_swap+regret3_insert_repair,1432.6312543750391,True,True
independent,3,4,23577.104027342783,q_bar,25;26;27;28;29;30;31;32,demand_change;demand_change;demand_change;demand_change;cancel;demand_change;add;demand_change,25;26;27;28;29;30;31;32,,8,27646.274954442226,4069.1709270994434,27,26,4410.810709726642,9188.433907430903,0,14,0,,229,111,118,20,9c3fac25c4cc04c3fb6178106aaf0495da171cd11a58cb19ce06187c454cb962,6a6c765d41c749eb6765c6de6845f19108e62691cb1a809211ce2efdfb1c3469,3669cb030a7c8b2ce97a5af153529b1d64493b0be1bda50b02cce2961c1fbe0d,fc86cd799249d99f7712cb26849dd9e2152be00e6f1f4ad96aab7f177a4aa86d,d39301628a87bb0f45dd8c4ad5491ae42872b520269e9a3b7b3152f959238fe2,464c6c1dda9768cf26d5135de1b420faa2582a5fb3d4e62e01476516ac6f6db6,9cea63c3eb7d1da376a6b6837efe06d498ff31af185a6b2f49c8640a198ebb72,2a190a3a6c0b51f589c99b36a85ae178f98c762fb319613292cc0fb3c8d2896e,PASS,True,1,400,400,96,11,"{""E7_DYNAMIC_MULTITRIP_V1: assignment backtracking exceeded 100000 states"": 3, ""E7_DYNAMIC_MULTITRIP_V1: no inherited asset can serve open route CV12#T1"": 10, ""E7_DYNAMIC_MULTITRIP_V1: no inherited asset can serve open route CV15#T1"": 1, ""E7_DYNAMIC_MULTITRIP_V1: no inherited asset can serve open route CV16#T1"": 3, ""E7_DYNAMIC_MULTITRIP_V1: no inherited asset can serve open route CV18#T1"": 6, ""E7_DYNAMIC_MULTITRIP_V1: no inherited asset can serve open route CV19#T1"": 8, ""E7_DYNAMIC_MULTITRIP_V1: no inherited asset can serve open route CV2#T1"": 1, ""E7_DYNAMIC_MULTITRIP_V1: no inherited asset can serve open route CV3#T1"": 10, ""E7_DYNAMIC_MULTITRIP_V1: no inherited asset can serve open route CV4#T1"": 161, ""E7_DYNAMIC_MULTITRIP_V1: no inherited asset can serve open route DYN_EVENT_C129"": 1, ""E7_DYNAMIC_MULTITRIP_V1: no inherited asset can serve open route DYN_EVENT_C148"": 1, ""E7_DYNAMIC_MULTITRIP_V1: no inherited asset can serve open route DYN_EVENT_C155"": 33, ""E7_DYNAMIC_MULTITRIP_V1: no inherited asset can serve open route DYN_EVENT_N_S3_014"": 7, ""E7_DYNAMIC_MULTITRIP_V1: no inherited asset can serve open route DYN_OPEN_010"": 1, ""E7_DYNAMIC_MULTITRIP_V1: no inherited asset can serve open route DYN_OPEN_011"": 1, ""E7_DYNAMIC_MULTITRIP_V1: no inherited asset can serve open route DYN_OPEN_012"": 1, ""E7_DYNAMIC_MULTITRIP_V1: no inherited asset can serve open route DYN_OPEN_014"": 3, ""E7_DYNAMIC_MULTITRIP_V1: no inherited asset can serve open route DYN_OPEN_015"": 3, ""E7_DYNAMIC_MULTITRIP_V1: no inherited asset can serve open route DYN_OPEN_016"": 13, ""E7_DYNAMIC_MULTITRIP_V1: no inherited asset can serve open route DYN_OPEN_018"": 2, ""E7_DYNAMIC_MULTITRIP_V1: no inherited asset can serve open route DYN_OPEN_020"": 6, ""E7_DYNAMIC_MULTITRIP_V1: no inherited asset can serve open route DYN_OPEN_021"": 6, ""E7_DYNAMIC_MULTITRIP_V1: no inherited asset can serve open route DYN_OPEN_022"": 4, ""E7_DYNAMIC_MULTITRIP_V1: no inherited asset can serve open route DYN_OPEN_023"": 1, ""E7_DYNAMIC_MULTITRIP_V1: no inherited asset can serve open route DYN_OPEN_024"": 9, ""E7_DYNAMIC_MULTITRIP_V1: no inherited asset can serve open route DYN_OPEN_025"": 7, ""E7_DYNAMIC_MULTITRIP_V1: no inherited asset can serve open route DYN_OPEN_026"": 2}",400,3004,random_customer_removal+greedy_insert_repair;random_customer_removal+regret2_insert_repair;random_customer_removal+regret3_insert_repair;worst_customer_removal+greedy_insert_repair;worst_customer_removal+regret2_insert_repair;worst_customer_removal+regret3_insert_repair;shaw_related_removal+greedy_insert_repair;shaw_related_removal+regret2_insert_repair;shaw_related_removal+regret3_insert_repair;whole_route_removal+greedy_insert_repair;whole_route_removal+regret2_insert_repair;whole_route_removal+regret3_insert_repair;route_segment_removal+greedy_insert_repair;route_segment_removal+regret2_insert_repair;route_segment_removal+regret3_insert_repair;vehicle_type_swap+greedy_insert_repair;vehicle_type_swap+regret2_insert_repair;vehicle_type_swap+regret3_insert_repair,409.95945883297827,True,True
independent,3,5,27646.274954442226,q_bar,33;34;35;36;37;38;39;40,add;cancel;demand_change;demand_change;demand_change;demand_change;add;add,33;34;35;36;37;38;39;40,,8,35411.17055791541,7764.895603473182,27,26,4521.966680855673,9299.589878559933,0,17,0,,231,111,120,20,67fe784206b546e84de3976e43beab30d2707cc67539789f22ab443a7294a760,4f53cda18c2baa0c0354bb5f9a3ecbe5ed12ab4d8e11ba873c2f11161202b945,3669cb030a7c8b2ce97a5af153529b1d64493b0be1bda50b02cce2961c1fbe0d,f6d26df937d99f0314b4824adb11af048f528ced7168faa435fe6bf14a2144b3,d39301628a87bb0f45dd8c4ad5491ae42872b520269e9a3b7b3152f959238fe2,7b647c6f73422ec6bcba6a2b7e2fba2bd2abdcb368ef4f3382db58900ab3a601,b4a9555b3ed0385ffe1dcb96171beacb7567c5e8e044d4aa4b57f557755920d2,3665bb76816c5a2bfe960396dc231afe029fe09b450baf6834ae02b9d576b1ef,PASS,True,1,400,400,152,1,"{""E7_DYNAMIC_MULTITRIP_V1: assignment backtracking exceeded 100000 states"": 1, ""E7_DYNAMIC_MULTITRIP_V1: no inherited asset can serve open route CV11#T1"": 2, ""E7_DYNAMIC_MULTITRIP_V1: no inherited asset can serve open route CV12#T1"": 4, ""E7_DYNAMIC_MULTITRIP_V1: no inherited asset can serve open route CV14#T1"": 10, ""E7_DYNAMIC_MULTITRIP_V1: no inherited asset can serve open route CV15#T1"": 145, ""E7_DYNAMIC_MULTITRIP_V1: no inherited asset can serve open route CV19#T1"": 2, ""E7_DYNAMIC_MULTITRIP_V1: no inherited asset can serve open route CV2#T1"": 2, ""E7_DYNAMIC_MULTITRIP_V1: no inherited asset can serve open route CV3#T1"": 24, ""E7_DYNAMIC_MULTITRIP_V1: no inherited asset can serve open route CV4#T1"": 11, ""E7_DYNAMIC_MULTITRIP_V1: no inherited asset can serve open route DYN_OPEN_014"": 5, ""E7_DYNAMIC_MULTITRIP_V1: no inherited asset can serve open route DYN_OPEN_015"": 5, ""E7_DYNAMIC_MULTITRIP_V1: no inherited asset can serve open route DYN_OPEN_017"": 7, ""E7_DYNAMIC_MULTITRIP_V1: no inherited asset can serve open route DYN_OPEN_020"": 3, ""E7_DYNAMIC_MULTITRIP_V1: no inherited asset can serve open route DYN_OPEN_021"": 2, ""E7_DYNAMIC_MULTITRIP_V1: no inherited asset can serve open route DYN_OPEN_022"": 13, ""E7_DYNAMIC_MULTITRIP_V1: no inherited asset can serve open route DYN_OPEN_023"": 1, ""E7_DYNAMIC_MULTITRIP_V1: no inherited asset can serve open route DYN_OPEN_024"": 11}",400,3005,random_customer_removal+greedy_insert_repair;random_customer_removal+regret2_insert_repair;random_customer_removal+regret3_insert_repair;worst_customer_removal+greedy_insert_repair;worst_customer_removal+regret2_insert_repair;worst_customer_removal+regret3_insert_repair;shaw_related_removal+greedy_insert_repair;shaw_related_removal+regret2_insert_repair;shaw_related_removal+regret3_insert_repair;whole_route_removal+greedy_insert_repair;whole_route_removal+regret2_insert_repair;whole_route_removal+regret3_insert_repair;route_segment_removal+greedy_insert_repair;route_segment_removal+regret2_insert_repair;route_segment_removal+regret3_insert_repair;vehicle_type_swap+greedy_insert_repair;vehicle_type_swap+regret2_insert_repair;vehicle_type_swap+regret3_insert_repair,90.02843262505485,True,True
independent,3,6,35411.17055791541,q_bar,41;42;43;44;45;46;47;48,demand_change;add;demand_change;add;demand_change;add;demand_change;demand_change,41;42;43;44;45;46;47;48,,8,46211.17055791541,10800.0,38,17,2550.0444495700544,9633.64626124451,0,20,0,,234,168,66,20,7e11950f1bbc19b392b7fb11255ca862360809b8a797486b2a17d01086dd5f1e,8c487a9c0752bd130f5cbf2b470c7c7ae95b1ab674534af8d34cea1d216ac93a,c28ca870ecf64bf35beb6c69661f12dd0463ed3fff500b1652183011dbf1e2fc,531d102f626d1d83d0f6c24c35fa2ecd32e51b31538e86af3fec193fab534eac,d51fb629760240df6398f823af866ad75a9db04ce2bda126469fc9918b481b42,de69cd0f8d5a4cdfe923921787762f9d37577570a4debdb0ab7dcb1fe682d5d3,d8b6c6850fd712c85538b62ebc79e16ce07fb6122fc15b8bfabe82d884a8e33d,b6d35cfce275d41fc378635bdffbb8e72be041f612291f9450cb4bcd09bc26d4,PASS,True,1,400,400,74,6,"{""E7_DYNAMIC_MULTITRIP_V1: no inherited asset can serve open route CV1#T1"": 5, ""E7_DYNAMIC_MULTITRIP_V1: no inherited asset can serve open route CV10#T1"": 20, ""E7_DYNAMIC_MULTITRIP_V1: no inherited asset can serve open route CV12#T1"": 42, ""E7_DYNAMIC_MULTITRIP_V1: no inherited asset can serve open route CV13#T1"": 117, ""E7_DYNAMIC_MULTITRIP_V1: no inherited asset can serve open route CV2#T1"": 3, ""E7_DYNAMIC_MULTITRIP_V1: no inherited asset can serve open route CV3#T1"": 3, ""E7_DYNAMIC_MULTITRIP_V1: no inherited asset can serve open route CV7#T1"": 8, ""E7_DYNAMIC_MULTITRIP_V1: no inherited asset can serve open route CV9#T1"": 2, ""E7_DYNAMIC_MULTITRIP_V1: no inherited asset can serve open route DYN_EVENT_C195"": 2, ""E7_DYNAMIC_MULTITRIP_V1: no inherited asset can serve open route DYN_EVENT_C213"": 2, ""E7_DYNAMIC_MULTITRIP_V1: no inherited asset can serve open route DYN_EVENT_N_S3_018"": 15, ""E7_DYNAMIC_MULTITRIP_V1: no inherited asset can serve open route DYN_OPEN_003"": 17, ""E7_DYNAMIC_MULTITRIP_V1: no inherited asset can serve open route DYN_OPEN_004"": 5, ""E7_DYNAMIC_MULTITRIP_V1: no inherited asset can serve open route DYN_OPEN_006"": 6, ""E7_DYNAMIC_MULTITRIP_V1: no inherited asset can serve open route DYN_OPEN_007"": 14, ""E7_DYNAMIC_MULTITRIP_V1: no inherited asset can serve open route DYN_OPEN_008"": 2, ""E7_DYNAMIC_MULTITRIP_V1: no inherited asset can serve open route DYN_OPEN_009"": 2, ""E7_DYNAMIC_MULTITRIP_V1: no inherited asset can serve open route DYN_OPEN_010"": 5, ""E7_DYNAMIC_MULTITRIP_V1: no inherited asset can serve open route DYN_OPEN_012"": 3, ""E7_DYNAMIC_MULTITRIP_V1: no inherited asset can serve open route DYN_OPEN_013"": 14, ""E7_DYNAMIC_MULTITRIP_V1: no inherited asset can serve open route DYN_OPEN_014"": 5, ""E7_DYNAMIC_MULTITRIP_V1: no inherited asset can serve open route DYN_OPEN_015"": 10, ""E7_DYNAMIC_MULTITRIP_V1: no inherited asset can serve open route DYN_OPEN_016"": 4, ""E7_DYNAMIC_MULTITRIP_V1: no inherited asset can serve open route DYN_OPEN_017"": 13, ""E7_DYNAMIC_MULTITRIP_V1: no inherited asset can serve open route DYN_OPEN_018"": 2, ""E7_DYNAMIC_MULTITRIP_V1: no inherited asset can serve open route DYN_OPEN_019"": 5}",400,3006,random_customer_removal+greedy_insert_repair;random_customer_removal+regret2_insert_repair;random_customer_removal+regret3_insert_repair;worst_customer_removal+greedy_insert_repair;worst_customer_removal+regret2_insert_repair;worst_customer_removal+regret3_insert_repair;shaw_related_removal+greedy_insert_repair;shaw_related_removal+regret2_insert_repair;shaw_related_removal+regret3_insert_repair;whole_route_removal+greedy_insert_repair;whole_route_removal+regret2_insert_repair;whole_route_removal+regret3_insert_repair;route_segment_removal+greedy_insert_repair;route_segment_removal+regret2_insert_repair;route_segment_removal+regret3_insert_repair;vehicle_type_swap+greedy_insert_repair;vehicle_type_swap+regret2_insert_repair;vehicle_type_swap+regret3_insert_repair,26.62970829202095,True,True
independent,3,7,46211.17055791541,delta_t,49;50;51;52;53;54;55,cancel;demand_change;cancel;add;demand_change;demand_change;add,49;50;51;52;54;55,53,7,,,46,4,698.4975959803926,9154.578724399353,0,22,0,,234,211,23,20,7ba39ea8bf466bf26b7130eb73996c0aa853e845cf6813d9b408ad9f73a5ea80,8e08a5d6526eebd34e27c54d2887c240e6a0f2a647645496b9b3a90d6de5339b,04be5180017e9008216934fd3a2da71022450d4cc1bb7fa5b6b132c1d78b20cf,6d635206795e29f825bfcaf4ece142f56b0564287fe538effe89cc75281a3112,dcd8b6a6bf02089f2ad55c89db00e66319ffc7e7830b156c1f894e0d38217cf1,3f66a69fb22f2df460855c1e9bbfab7c73cbaf5a0b1d0004a9913c136d9a8f03,57a70175192d4ee3a68c5e0c92e80163b5e4e89577948a6e8bc531c5ebc0ef2f,c590c21d5cfd211d046736717b6542783d48689fbcc3e9012140433cb7e21bf4,PASS,True,1,400,400,230,127,"{""E7_DYNAMIC_MULTITRIP_V1: no inherited asset can serve open route DYN_EVENT_C208"": 1, ""E7_DYNAMIC_MULTITRIP_V1: no inherited asset can serve open route DYN_EVENT_C212"": 1, ""E7_DYNAMIC_MULTITRIP_V1: no inherited asset can serve open route DYN_EVENT_N_S3_021"": 2, ""E7_DYNAMIC_MULTITRIP_V1: no inherited asset can serve open route DYN_OPEN_002"": 13, ""E7_DYNAMIC_MULTITRIP_V1: no inherited asset can serve open route DYN_OPEN_003"": 28, ""E7_DYNAMIC_MULTITRIP_V1: no inherited asset can serve open route DYN_OPEN_004"": 6, ""E7_DYNAMIC_MULTITRIP_V1: no inherited asset can serve open route DYN_OPEN_005"": 14, ""E7_DYNAMIC_MULTITRIP_V1: no inherited asset can serve open route DYN_OPEN_006"": 27, ""E7_DYNAMIC_MULTITRIP_V1: no inherited asset can serve open route DYN_OPEN_007"": 51, ""E7_DYNAMIC_MULTITRIP_V1: no inherited asset can serve open route DYN_OPEN_008"": 12, ""E7_DYNAMIC_MULTITRIP_V1: no inherited asset can serve open route DYN_OPEN_009"": 1, ""E7_DYNAMIC_MULTITRIP_V1: open routes must not carry pre-existing charging actions"": 14}",400,3007,random_customer_removal+greedy_insert_repair;random_customer_removal+regret2_insert_repair;random_customer_removal+regret3_insert_repair;worst_customer_removal+greedy_insert_repair;worst_customer_removal+regret2_insert_repair;worst_customer_removal+regret3_insert_repair;shaw_related_removal+greedy_insert_repair;shaw_related_removal+regret2_insert_repair;shaw_related_removal+regret3_insert_repair;whole_route_removal+greedy_insert_repair;whole_route_removal+regret2_insert_repair;whole_route_removal+regret3_insert_repair;route_segment_removal+greedy_insert_repair;route_segment_removal+regret2_insert_repair;route_segment_removal+regret3_insert_repair;vehicle_type_swap+greedy_insert_repair;vehicle_type_swap+regret2_insert_repair;vehicle_type_swap+regret3_insert_repair,1.416699375025928,,True
cooperative,4,1,6086.080577350378,q_bar,1;2;3;4;5;6;7;8,demand_change;demand_change;cancel;demand_change;cancel;add;demand_change;add,1;2;3;4;5;6;7;8,,8,11390.779562808671,5304.6989854582935,9,26,4747.108927613398,6305.654428062866,1,2,0,,221,50,171,20,268bdd0d3c2808d10b96622fd3aa15b9f0d6451c85706c3d8edf63b55df48edf,64a10f274b37258f91794fc0148daa88b730c54779bc6b8265a29dee85eb1991,bfa26cbe949381dd96026acafc7e4009c660f6fa5eea80fc23eef51ead669d00,9c76e91bc7002781688a625c353ca86088679fd39c28e6a2594b5ac1edc0e071,9dde89658431f7b3a209571e9ca2b1e70f8a532c89fdaa84b7742b2f1e251351,497c877a1909a6b5ecff073556031b90bfec8c5d402ffd7ff811b005b7f57287,abe20e4c898e01d2f30995db04de3f69db5c97e15cf185d67655320bdbf8f783,4d36f8f06d6c377eb99c6c4929db0c5c81efa15ff56814cbb2f3ad6f39843a8d,PASS,True,2,400,400,48,3,"{""E7_DYNAMIC_MULTITRIP_V1: no inherited asset can serve open route CV10#T1"": 181, ""E7_DYNAMIC_MULTITRIP_V1: no inherited asset can serve open route CV11#T1"": 2, ""E7_DYNAMIC_MULTITRIP_V1: no inherited asset can serve open route CV26#T1"": 1, ""E7_DYNAMIC_MULTITRIP_V1: no inherited asset can serve open route CV27#T1"": 1, ""E7_DYNAMIC_MULTITRIP_V1: no inherited asset can serve open route CV8#T1"": 2, ""E7_DYNAMIC_MULTITRIP_V1: no inherited asset can serve open route CV9#T1"": 13, ""E7_DYNAMIC_MULTITRIP_V1: no inherited asset can serve open route DYN_OPEN_016"": 74, ""E7_DYNAMIC_MULTITRIP_V1: no inherited asset can serve open route DYN_OPEN_017"": 12, ""E7_DYNAMIC_MULTITRIP_V1: no inherited asset can serve open route DYN_OPEN_019"": 20, ""E7_DYNAMIC_MULTITRIP_V1: no inherited asset can serve open route DYN_OPEN_020"": 3, ""E7_DYNAMIC_MULTITRIP_V1: no inherited asset can serve open route DYN_OPEN_021"": 6, ""E7_DYNAMIC_MULTITRIP_V1: no inherited asset can serve open route DYN_OPEN_022"": 2, ""E7_DYNAMIC_MULTITRIP_V1: no inherited asset can serve open route DYN_OPEN_023"": 2, ""E7_DYNAMIC_MULTITRIP_V1: no inherited asset can serve open route DYN_OPEN_024"": 15, ""E7_DYNAMIC_MULTITRIP_V1: no inherited asset can serve open route DYN_OPEN_025"": 16, ""E7_DYNAMIC_MULTITRIP_V1: no inherited asset can serve open route DYN_OPEN_026"": 2}",400,4001,random_customer_removal+greedy_insert_repair;random_customer_removal+regret2_insert_repair;random_customer_removal+regret3_insert_repair;worst_customer_removal+greedy_insert_repair;worst_customer_removal+regret2_insert_repair;worst_customer_removal+regret3_insert_repair;shaw_related_removal+greedy_insert_repair;shaw_related_removal+regret2_insert_repair;shaw_related_removal+regret3_insert_repair;whole_route_removal+greedy_insert_repair;whole_route_removal+regret2_insert_repair;whole_route_removal+regret3_insert_repair;route_segment_removal+greedy_insert_repair;route_segment_removal+regret2_insert_repair;route_segment_removal+regret3_insert_repair;vehicle_type_swap+greedy_insert_repair;vehicle_type_swap+regret2_insert_repair;vehicle_type_swap+regret3_insert_repair,92.39046483300626,True,True
cooperative,4,2,11390.779562808671,q_bar,9;10;11;12;13;14;15;16,demand_change;demand_change;cancel;demand_change;demand_change;demand_change;demand_change;add,9;10;11;12;13;14;15;16,,8,15041.225071264369,3650.4455084556976,11,38,7328.750781189892,9316.394017878914,72,3,2,N_S4_001;N_S4_002,221,65,156,20,da2eb6c7ffb4c819e519e19059cf1a03f74cf18f21249cf33759bf15151fbeab,088063454e24d5470ae4d53c81a8a00ebe735ff38243a738c9d309d6b72f65d5,d1b87f610f56272369546c53ae14854878e3d98d3a45124c546c200b50f6331f,9ade42f1d941f09bc7c7403990c67e0b3858a9246459fc50b208343fe95ba3b5,8c1bd31832551f7f2e48e0e55d763eafeb7489b88aea6db391f9f3bb5cb3a034,76425a42c4e5aa32cac410ead2b3b33866286fedbfcd55a616c02723df572aa6,381b0a3d3a9f5777c50e7219d119f02cdf43fc445cbfc1d5d376ab976fbacec2,72fbcad6252b1b0d337af4262b5894cc9db7c5e7a4eca851c8341d601778a9e8,PASS,False,0,400,400,43,1,"{""E7_DYNAMIC_MULTITRIP_V1: assignment backtracking exceeded 100000 states"": 33, ""E7_DYNAMIC_MULTITRIP_V1: no inherited asset can serve open route DYN_EVENT_C024"": 4, ""E7_DYNAMIC_MULTITRIP_V1: no inherited asset can serve open route DYN_EVENT_C092"": 1, ""E7_DYNAMIC_MULTITRIP_V1: no inherited asset can serve open route DYN_EVENT_C191"": 2, ""E7_DYNAMIC_MULTITRIP_V1: no inherited asset can serve open route DYN_OPEN_002"": 11, ""E7_DYNAMIC_MULTITRIP_V1: no inherited asset can serve open route DYN_OPEN_003"": 4, ""E7_DYNAMIC_MULTITRIP_V1: no inherited asset can serve open route DYN_OPEN_004"": 2, ""E7_DYNAMIC_MULTITRIP_V1: no inherited asset can serve open route DYN_OPEN_005"": 12, ""E7_DYNAMIC_MULTITRIP_V1: no inherited asset can serve open route DYN_OPEN_007"": 9, ""E7_DYNAMIC_MULTITRIP_V1: no inherited asset can serve open route DYN_OPEN_012"": 26, ""E7_DYNAMIC_MULTITRIP_V1: no inherited asset can serve open route DYN_OPEN_018"": 1, ""E7_DYNAMIC_MULTITRIP_V1: no inherited asset can serve open route DYN_OPEN_020"": 14, ""E7_DYNAMIC_MULTITRIP_V1: no inherited asset can serve open route DYN_OPEN_023"": 3, ""E7_DYNAMIC_MULTITRIP_V1: no inherited asset can serve open route DYN_OPEN_024"": 4, ""E7_DYNAMIC_MULTITRIP_V1: no inherited asset can serve open route DYN_OPEN_025"": 7, ""E7_DYNAMIC_MULTITRIP_V1: no inherited asset can serve open route DYN_OPEN_026"": 3, ""E7_DYNAMIC_MULTITRIP_V1: no inherited asset can serve open route DYN_OPEN_027"": 24, ""E7_DYNAMIC_MULTITRIP_V1: no inherited asset can serve open route DYN_OPEN_031"": 1, ""E7_DYNAMIC_MULTITRIP_V1: no inherited asset can serve open route DYN_OPEN_032"": 3, ""E7_DYNAMIC_MULTITRIP_V1: no inherited asset can serve open route DYN_OPEN_033"": 3, ""E7_DYNAMIC_MULTITRIP_V1: no inherited asset can serve open route DYN_OPEN_035"": 6, ""E7_DYNAMIC_MULTITRIP_V1: no inherited asset can serve open route DYN_OPEN_036"": 1, ""E7_DYNAMIC_MULTITRIP_V1: route DYN_OPEN_007 exceeds one battery"": 1, ""E7_DYNAMIC_MULTITRIP_V1: route DYN_OPEN_010 exceeds one battery"": 25, ""E7_DYNAMIC_MULTITRIP_V1: route DYN_OPEN_013 exceeds one battery"": 36, ""E7_DYNAMIC_MULTITRIP_V1: route DYN_OPEN_016 exceeds one battery"": 21, ""E7_DYNAMIC_MULTITRIP_V1: route REPACK_001 exceeds one battery"": 26, ""E7_DYNAMIC_MULTITRIP_V1: route REPACK_002 exceeds one battery"": 23, ""E7_DYNAMIC_MULTITRIP_V1: route REPACK_003 exceeds one battery"": 10, ""E7_DYNAMIC_MULTITRIP_V1: route REPACK_004 exceeds one battery"": 9, ""E7_DYNAMIC_MULTITRIP_V1: route REPACK_005 exceeds one battery"": 8, ""E7_DYNAMIC_MULTITRIP_V1: route REPACK_006 exceeds one battery"": 7, ""E7_DYNAMIC_MULTITRIP_V1: route REPACK_007 exceeds one battery"": 5, ""E7_DYNAMIC_MULTITRIP_V1: route REPACK_008 exceeds one battery"": 2, ""E7_DYNAMIC_MULTITRIP_V1: route REPACK_009 exceeds one battery"": 5, ""E7_DYNAMIC_MULTITRIP_V1: route REPACK_010 exceeds one battery"": 2, ""E7_DYNAMIC_MULTITRIP_V1: route REPACK_012 exceeds one battery"": 2, ""E7_DYNAMIC_MULTITRIP_V1: route REPACK_020 exceeds one battery"": 1}",400,4002,random_customer_removal+greedy_insert_repair;random_customer_removal+regret2_insert_repair;random_customer_removal+regret3_insert_repair;worst_customer_removal+greedy_insert_repair;worst_customer_removal+regret2_insert_repair;worst_customer_removal+regret3_insert_repair;shaw_related_removal+greedy_insert_repair;shaw_related_removal+regret2_insert_repair;shaw_related_removal+regret3_insert_repair;whole_route_removal+greedy_insert_repair;whole_route_removal+regret2_insert_repair;whole_route_removal+regret3_insert_repair;route_segment_removal+greedy_insert_repair;route_segment_removal+regret2_insert_repair;route_segment_removal+regret3_insert_repair;vehicle_type_swap+greedy_insert_repair;vehicle_type_swap+regret2_insert_repair;vehicle_type_swap+regret3_insert_repair,2042.9844542500214,True,True
cooperative,4,3,15041.225071264369,q_bar,17;18;19;20;21;22;23;24,add;add;add;demand_change;cancel;cancel;demand_change;demand_change,17;18;19;20;22;23;24,21,8,20006.649084376437,4965.424013112068,23,26,5444.637963403742,9345.715168176645,69,6,3,N_S4_001;N_S4_002;N_S4_006,223,100,123,20,730c87c05c62d5e545ce1dafdb3aa32933c8819f55e1fcd99aade67306c25fef,ea6adab7b8de3fe0c1ff5f21c827cd7f24596f104b49501fe85d1de1a8481e8d,4ab902fae7addc7416ba9f4e78e04fee86ebf45e46d80e321aa3083f871a80bc,74a01fb33e56dd643fb013383ecb02e1c15c4e6e5ee0396126f7ba994751a402,2358753030a562722725793e3dd1d831c54c85b03a70086c43707bea777c97e6,25823120906fbff170d091359bd050160dd9fefb9731c8c4cbe9a9a579358e2a,9a72bc095737599d006dda57b6e9d0606c6b7a702f01f54d0f6c1c296ff64678,ab0e9cd3a8e4a55315cbc106f11eee0a42eaf0d8d9ac4a47cbf0d626cc0a3c0b,PASS,True,1,393,393,78,9,"{""E7_DYNAMIC_MULTITRIP_V1: assignment backtracking exceeded 100000 states"": 60, ""E7_DYNAMIC_MULTITRIP_V1: no inherited asset can serve open route CV1#T1"": 2, ""E7_DYNAMIC_MULTITRIP_V1: no inherited asset can serve open route CV16#T1"": 3, ""E7_DYNAMIC_MULTITRIP_V1: no inherited asset can serve open route CV19#T1"": 36, ""E7_DYNAMIC_MULTITRIP_V1: no inherited asset can serve open route CV20#T1"": 119, ""E7_DYNAMIC_MULTITRIP_V1: no inherited asset can serve open route CV21#T1"": 7, ""E7_DYNAMIC_MULTITRIP_V1: no inherited asset can serve open route CV22#T1"": 4, ""E7_DYNAMIC_MULTITRIP_V1: no inherited asset can serve open route CV23#T1"": 2, ""E7_DYNAMIC_MULTITRIP_V1: no inherited asset can serve open route CV25#T1"": 1, ""E7_DYNAMIC_MULTITRIP_V1: no inherited asset can serve open route DYN_EVENT_C101"": 1, ""E7_DYNAMIC_MULTITRIP_V1: no inherited asset can serve open route DYN_EVENT_N_S4_004"": 1, ""E7_DYNAMIC_MULTITRIP_V1: no inherited asset can serve open route DYN_OPEN_012"": 5, ""E7_DYNAMIC_MULTITRIP_V1: no inherited asset can serve open route DYN_OPEN_013"": 1, ""E7_DYNAMIC_MULTITRIP_V1: no inherited asset can serve open route DYN_OPEN_015"": 5, ""E7_DYNAMIC_MULTITRIP_V1: no inherited asset can serve open route DYN_OPEN_016"": 17, ""E7_DYNAMIC_MULTITRIP_V1: no inherited asset can serve open route DYN_OPEN_017"": 14, ""E7_DYNAMIC_MULTITRIP_V1: no inherited asset can serve open route DYN_OPEN_018"": 1, ""E7_DYNAMIC_MULTITRIP_V1: no inherited asset can serve open route DYN_OPEN_020"": 11, ""E7_DYNAMIC_MULTITRIP_V1: no inherited asset can serve open route DYN_OPEN_022"": 6, ""E7_DYNAMIC_MULTITRIP_V1: no inherited asset can serve open route DYN_OPEN_023"": 12, ""E7_DYNAMIC_MULTITRIP_V1: no inherited asset can serve open route DYN_OPEN_024"": 2, ""E7_DYNAMIC_MULTITRIP_V1: no inherited asset can serve open route DYN_OPEN_025"": 5}",400,4003,random_customer_removal+greedy_insert_repair;random_customer_removal+regret2_insert_repair;random_customer_removal+regret3_insert_repair;worst_customer_removal+greedy_insert_repair;worst_customer_removal+regret2_insert_repair;worst_customer_removal+regret3_insert_repair;shaw_related_removal+greedy_insert_repair;shaw_related_removal+regret2_insert_repair;shaw_related_removal+regret3_insert_repair;whole_route_removal+greedy_insert_repair;whole_route_removal+regret2_insert_repair;whole_route_removal+regret3_insert_repair;route_segment_removal+greedy_insert_repair;route_segment_removal+regret2_insert_repair;route_segment_removal+regret3_insert_repair;vehicle_type_swap+greedy_insert_repair;vehicle_type_swap+regret2_insert_repair;vehicle_type_swap+regret3_insert_repair,4938.304350749997,True,True
cooperative,4,4,20006.649084376437,q_bar,25;26;27;28;29;30;31;32,demand_change;cancel;cancel;add;demand_change;add;cancel;demand_change,25;26;27;28;29;30;31;32,,8,26758.01449203482,6751.365407658384,26,23,5044.223682679798,9378.615207163673,66,8,4,N_S4_001;N_S4_002;N_S4_006;N_S4_008,222,104,118,20,85080ff0e910c554f7b1361516045fedd84da09f0545ed39701dd6207ab2cc98,98e028d6c7d307be7f073f4e79f55addae4175bac06fbb25879c4977fb209327,23d9b476f282b95da0a038163bbcf39d5542d71e33a333db5ab66b915484536b,b3a95827ae5f689cfab68d1000d0e53721d7b25ae30a7e551196eea4ea93502d,6fcafc50a6e9943759a5d816a1283db50072c8732059582774ec4eadd1cbb5d2,e1005724b6c2a6003ec22aabc205ceb5a3fe60108769044d5f9056e2e003947e,944afbb03d936bc3ea15148dd03f76f58bc72b14cff2661d1f6388380cc13b24,a821a753c7b71383e3dc154e4fad2485dde50218632217540ff60acbdd89b393,PASS,True,1,387,387,93,12,"{""E7_DYNAMIC_MULTITRIP_V1: assignment backtracking exceeded 100000 states"": 1, ""E7_DYNAMIC_MULTITRIP_V1: no inherited asset can serve open route CV11#T1"": 1, ""E7_DYNAMIC_MULTITRIP_V1: no inherited asset can serve open route CV15#T1"": 3, ""E7_DYNAMIC_MULTITRIP_V1: no inherited asset can serve open route CV16#T1"": 13, ""E7_DYNAMIC_MULTITRIP_V1: no inherited asset can serve open route CV17#T1"": 42, ""E7_DYNAMIC_MULTITRIP_V1: no inherited asset can serve open route CV18#T1"": 7, ""E7_DYNAMIC_MULTITRIP_V1: no inherited asset can serve open route CV19#T1"": 17, ""E7_DYNAMIC_MULTITRIP_V1: no inherited asset can serve open route CV20#T1"": 103, ""E7_DYNAMIC_MULTITRIP_V1: no inherited asset can serve open route CV23#T1"": 1, ""E7_DYNAMIC_MULTITRIP_V1: no inherited asset can serve open route DYN_OPEN_015"": 13, ""E7_DYNAMIC_MULTITRIP_V1: no inherited asset can serve open route DYN_OPEN_016"": 67, ""E7_DYNAMIC_MULTITRIP_V1: no inherited asset can serve open route DYN_OPEN_017"": 3, ""E7_DYNAMIC_MULTITRIP_V1: no inherited asset can serve open route DYN_OPEN_018"": 2, ""E7_DYNAMIC_MULTITRIP_V1: no inherited asset can serve open route DYN_OPEN_019"": 6, ""E7_DYNAMIC_MULTITRIP_V1: no inherited asset can serve open route DYN_OPEN_021"": 1, ""E7_DYNAMIC_MULTITRIP_V1: no inherited asset can serve open route DYN_OPEN_022"": 1, ""E7_DYNAMIC_MULTITRIP_V1: no inherited asset can serve open route DYN_OPEN_023"": 11, ""E7_DYNAMIC_MULTITRIP_V1: no inherited asset can serve open route DYN_OPEN_024"": 2}",400,4004,random_customer_removal+greedy_insert_repair;random_customer_removal+regret2_insert_repair;random_customer_removal+regret3_insert_repair;worst_customer_removal+greedy_insert_repair;worst_customer_removal+regret2_insert_repair;worst_customer_removal+regret3_insert_repair;shaw_related_removal+greedy_insert_repair;shaw_related_removal+regret2_insert_repair;shaw_related_removal+regret3_insert_repair;whole_route_removal+greedy_insert_repair;whole_route_removal+regret2_insert_repair;whole_route_removal+regret3_insert_repair;route_segment_removal+greedy_insert_repair;route_segment_removal+regret2_insert_repair;route_segment_removal+regret3_insert_repair;vehicle_type_swap+greedy_insert_repair;vehicle_type_swap+regret2_insert_repair;vehicle_type_swap+regret3_insert_repair,133.07029237499228,True,True
cooperative,4,5,26758.01449203482,q_bar,33;34;35;36;37;38;39;40,add;add;demand_change;add;add;cancel;demand_change;demand_change,33;34;35;36;37;38;39;40,,8,36993.67205186767,10235.657559832845,27,23,5084.704144008716,9562.028552786487,67,12,7,N_S4_001;N_S4_002;N_S4_006;N_S4_008;N_S4_010;N_S4_011;N_S4_012,225,105,120,20,586f3004b289d41dd9fc049aed6ddcaf9fcbd767d58999974aab0f2cd5a772ec,c704ffa24c50565d1314129b3f36d483121672c3ab10fada12a908801fccec45,1e398d26446bacc962abdfcab53e9f77072394c505d7d66d4c4aaf8d2bfa55a3,d92ea7dd929ff6d7eb0cc8659c1558520ba90b8851099ccba136998b3dd0f80b,10e52a6f1db9b814b385d55ad7f0fd25863f5f5b5beebb6759376f78b20b2a68,37819b029872b108a40fbf443571be759603729599ba83053c2543a52dc96849,94c1b314c97b3e8b863204754e76a25cf0c784d03b1cbd3e04db7e8df547e768,c0b3b2294bdb0de3f768e7565669a994b55e93bbd6fea0f6b9f7255ce24effa0,PASS,True,1,390,390,101,7,"{""E7_DYNAMIC_MULTITRIP_V1: no inherited asset can serve open route CV16#T1"": 2, ""E7_DYNAMIC_MULTITRIP_V1: no inherited asset can serve open route CV17#T1"": 7, ""E7_DYNAMIC_MULTITRIP_V1: no inherited asset can serve open route CV18#T1"": 55, ""E7_DYNAMIC_MULTITRIP_V1: no inherited asset can serve open route CV19#T1"": 1, ""E7_DYNAMIC_MULTITRIP_V1: no inherited asset can serve open route CV20#T1"": 20, ""E7_DYNAMIC_MULTITRIP_V1: no inherited asset can serve open route CV21#T1"": 97, ""E7_DYNAMIC_MULTITRIP_V1: no inherited asset can serve open route CV23#T1"": 8, ""E7_DYNAMIC_MULTITRIP_V1: no inherited asset can serve open route DYN_EVENT_C122"": 9, ""E7_DYNAMIC_MULTITRIP_V1: no inherited asset can serve open route DYN_EVENT_N_S4_009"": 1, ""E7_DYNAMIC_MULTITRIP_V1: no inherited asset can serve open route DYN_EVENT_N_S4_012"": 4, ""E7_DYNAMIC_MULTITRIP_V1: no inherited asset can serve open route DYN_OPEN_015"": 7, ""E7_DYNAMIC_MULTITRIP_V1: no inherited asset can serve open route DYN_OPEN_016"": 13, ""E7_DYNAMIC_MULTITRIP_V1: no inherited asset can serve open route DYN_OPEN_017"": 22, ""E7_DYNAMIC_MULTITRIP_V1: no inherited asset can serve open route DYN_OPEN_018"": 11, ""E7_DYNAMIC_MULTITRIP_V1: no inherited asset can serve open route DYN_OPEN_019"": 2, ""E7_DYNAMIC_MULTITRIP_V1: no inherited asset can serve open route DYN_OPEN_020"": 9, ""E7_DYNAMIC_MULTITRIP_V1: no inherited asset can serve open route DYN_OPEN_022"": 6, ""E7_DYNAMIC_MULTITRIP_V1: no inherited asset can serve open route DYN_OPEN_023"": 13, ""E7_DYNAMIC_MULTITRIP_V1: no inherited asset can serve open route DYN_OPEN_024"": 1, ""E7_DYNAMIC_MULTITRIP_V1: no inherited asset can serve open route DYN_OPEN_029"": 1}",400,4005,random_customer_removal+greedy_insert_repair;random_customer_removal+regret2_insert_repair;random_customer_removal+regret3_insert_repair;worst_customer_removal+greedy_insert_repair;worst_customer_removal+regret2_insert_repair;worst_customer_removal+regret3_insert_repair;shaw_related_removal+greedy_insert_repair;shaw_related_removal+regret2_insert_repair;shaw_related_removal+regret3_insert_repair;whole_route_removal+greedy_insert_repair;whole_route_removal+regret2_insert_repair;whole_route_removal+regret3_insert_repair;route_segment_removal+greedy_insert_repair;route_segment_removal+regret2_insert_repair;route_segment_removal+regret3_insert_repair;vehicle_type_swap+greedy_insert_repair;vehicle_type_swap+regret2_insert_repair;vehicle_type_swap+regret3_insert_repair,11.216381625039503,True,True
cooperative,4,6,36993.67205186767,q_bar,41;42;43;44;45;46;47;48,add;add;add;demand_change;demand_change;add;add;add,41;42;43;44;45;46;47;48,,8,47793.67205186767,10800.0,37,16,2714.596519387574,9990.437132019664,25,18,7,N_S4_001;N_S4_002;N_S4_006;N_S4_008;N_S4_010;N_S4_011;N_S4_012,231,168,63,20,f4e9019a5f657e03e6cc5aad66e2d502951cc285f87279a33fa1d7bbafa31138,485bf3d74bd644c647633d918444c1bbabc61b980ced2208f4627f43a8014813,89ec72a3b8fab2748e72321786e63861e538573ccaef3a23f528b7b31ab7f47f,af78abcfc60ad71bac58c12fc8f3cc2c89f2de52faa8e881165c0940f3c64d4f,3c57bd614c3e0f81911e26ad05b6dfab8e1833e83313225f6f4b303543e1fa48,23830a94e37f07fbfd421fdca3bfa15b2844d475a8deaa3eb8aaf1a796ff91e2,54ae1f60da359daa4dfa5ab79f2895f10294249a97464bcee08a92ac4b109a90,5bc715a3eeb79e6c296bb330b8c97020497fc40a8a1eef44a1c94798ce02d9ac,PASS,True,1,386,386,16,2,"{""E7_DYNAMIC_MULTITRIP_V1: no inherited asset can serve open route CV11#T1"": 20, ""E7_DYNAMIC_MULTITRIP_V1: no inherited asset can serve open route CV12#T1"": 132, ""E7_DYNAMIC_MULTITRIP_V1: no inherited asset can serve open route CV13#T1"": 7, ""E7_DYNAMIC_MULTITRIP_V1: no inherited asset can serve open route CV14#T1"": 9, ""E7_DYNAMIC_MULTITRIP_V1: no inherited asset can serve open route CV15#T1"": 6, ""E7_DYNAMIC_MULTITRIP_V1: no inherited asset can serve open route CV16#T1"": 3, ""E7_DYNAMIC_MULTITRIP_V1: no inherited asset can serve open route CV8#T1"": 6, ""E7_DYNAMIC_MULTITRIP_V1: no inherited asset can serve open route CV9#T1"": 3, ""E7_DYNAMIC_MULTITRIP_V1: no inherited asset can serve open route DYN_EVENT_N_S4_015"": 14, ""E7_DYNAMIC_MULTITRIP_V1: no inherited asset can serve open route DYN_EVENT_N_S4_016"": 1, ""E7_DYNAMIC_MULTITRIP_V1: no inherited asset can serve open route DYN_EVENT_N_S4_018"": 1, ""E7_DYNAMIC_MULTITRIP_V1: no inherited asset can serve open route DYN_OPEN_001"": 1, ""E7_DYNAMIC_MULTITRIP_V1: no inherited asset can serve open route DYN_OPEN_007"": 3, ""E7_DYNAMIC_MULTITRIP_V1: no inherited asset can serve open route DYN_OPEN_009"": 37, ""E7_DYNAMIC_MULTITRIP_V1: no inherited asset can serve open route DYN_OPEN_011"": 49, ""E7_DYNAMIC_MULTITRIP_V1: no inherited asset can serve open route DYN_OPEN_012"": 34, ""E7_DYNAMIC_MULTITRIP_V1: no inherited asset can serve open route DYN_OPEN_013"": 5, ""E7_DYNAMIC_MULTITRIP_V1: no inherited asset can serve open route DYN_OPEN_014"": 14, ""E7_DYNAMIC_MULTITRIP_V1: no inherited asset can serve open route DYN_OPEN_015"": 6, ""E7_DYNAMIC_MULTITRIP_V1: no inherited asset can serve open route DYN_OPEN_016"": 17, ""E7_DYNAMIC_MULTITRIP_V1: no inherited asset can serve open route DYN_OPEN_018"": 1, ""E7_DYNAMIC_MULTITRIP_V1: no inherited asset can serve open route DYN_OPEN_021"": 1}",400,4006,random_customer_removal+greedy_insert_repair;random_customer_removal+regret2_insert_repair;random_customer_removal+regret3_insert_repair;worst_customer_removal+greedy_insert_repair;worst_customer_removal+regret2_insert_repair;worst_customer_removal+regret3_insert_repair;shaw_related_removal+greedy_insert_repair;shaw_related_removal+regret2_insert_repair;shaw_related_removal+regret3_insert_repair;whole_route_removal+greedy_insert_repair;whole_route_removal+regret2_insert_repair;whole_route_removal+regret3_insert_repair;route_segment_removal+greedy_insert_repair;route_segment_removal+regret2_insert_repair;route_segment_removal+regret3_insert_repair;vehicle_type_swap+greedy_insert_repair;vehicle_type_swap+regret2_insert_repair;vehicle_type_swap+regret3_insert_repair,5.497634541010484,True,True
cooperative,4,7,47793.67205186767,delta_t,49;50;51;52;53;54;55,add;cancel;cancel;demand_change;add;add;add,49;50;51;52;53;54;55,,7,,,43,4,775.1616505177022,9114.642733425235,1,22,6,N_S4_001;N_S4_002;N_S4_006;N_S4_008;N_S4_012;N_S4_021,233,204,29,20,365bce774839b7eaf3b78d9ddffdf16d9a16720b81e98534fc7bd3aaac20fc96,a41ee05baf402256d21a2c01f12c1729576eb0bb371d8bd92ae97e3d709a4d67,8ece10817f998863236aa428298f59f83f8a61ef5c9f6801b47191fcaba295d4,68d6cfe35d168d8f3f659c0bc3d06f809a7bc205432e5b163183cd5c049e53ef,596bce1405f432803d4f579e1813168bf4218b86c1ee711cc65f12370013005d,fb0ff9748ceadaa1df44d226596e8a46185cd2de6aac696f8e9ed7922f14621c,32504391dca32b84eed653fbfff7be4345c9d490a9e3bf07b654f2b480bd16c7,7a5964b94c159927da638941ffd0a3f24336d2ff816680f31cec67f8943adeef,PASS,True,1,398,398,170,123,"{""E7_DYNAMIC_MULTITRIP_V1: no inherited asset can serve open route CV10#T1"": 2, ""E7_DYNAMIC_MULTITRIP_V1: no inherited asset can serve open route CV2#T1"": 4, ""E7_DYNAMIC_MULTITRIP_V1: no inherited asset can serve open route CV3#T1"": 6, ""E7_DYNAMIC_MULTITRIP_V1: no inherited asset can serve open route CV4#T1"": 6, ""E7_DYNAMIC_MULTITRIP_V1: no inherited asset can serve open route CV5#T1"": 11, ""E7_DYNAMIC_MULTITRIP_V1: no inherited asset can serve open route CV6#T1"": 6, ""E7_DYNAMIC_MULTITRIP_V1: no inherited asset can serve open route CV7#T1"": 6, ""E7_DYNAMIC_MULTITRIP_V1: no inherited asset can serve open route CV8#T1"": 1, ""E7_DYNAMIC_MULTITRIP_V1: no inherited asset can serve open route CV9#T1"": 1, ""E7_DYNAMIC_MULTITRIP_V1: no inherited asset can serve open route DYN_EVENT_N_S4_019"": 20, ""E7_DYNAMIC_MULTITRIP_V1: no inherited asset can serve open route DYN_EVENT_N_S4_020"": 5, ""E7_DYNAMIC_MULTITRIP_V1: no inherited asset can serve open route DYN_EVENT_N_S4_021"": 2, ""E7_DYNAMIC_MULTITRIP_V1: no inherited asset can serve open route DYN_EVENT_N_S4_022"": 3, ""E7_DYNAMIC_MULTITRIP_V1: no inherited asset can serve open route DYN_OPEN_002"": 44, ""E7_DYNAMIC_MULTITRIP_V1: no inherited asset can serve open route DYN_OPEN_003"": 10, ""E7_DYNAMIC_MULTITRIP_V1: no inherited asset can serve open route DYN_OPEN_004"": 5, ""E7_DYNAMIC_MULTITRIP_V1: no inherited asset can serve open route DYN_OPEN_005"": 2, ""E7_DYNAMIC_MULTITRIP_V1: no inherited asset can serve open route DYN_OPEN_007"": 13, ""E7_DYNAMIC_MULTITRIP_V1: no inherited asset can serve open route DYN_OPEN_008"": 20, ""E7_DYNAMIC_MULTITRIP_V1: no inherited asset can serve open route DYN_OPEN_009"": 10, ""E7_DYNAMIC_MULTITRIP_V1: no inherited asset can serve open route DYN_OPEN_010"": 20, ""E7_DYNAMIC_MULTITRIP_V1: no inherited asset can serve open route DYN_OPEN_011"": 16, ""E7_DYNAMIC_MULTITRIP_V1: no inherited asset can serve open route DYN_OPEN_012"": 1, ""E7_DYNAMIC_MULTITRIP_V1: open routes must not carry pre-existing charging actions"": 14}",400,4007,random_customer_removal+greedy_insert_repair;random_customer_removal+regret2_insert_repair;random_customer_removal+regret3_insert_repair;worst_customer_removal+greedy_insert_repair;worst_customer_removal+regret2_insert_repair;worst_customer_removal+regret3_insert_repair;shaw_related_removal+greedy_insert_repair;shaw_related_removal+regret2_insert_repair;shaw_related_removal+regret3_insert_repair;whole_route_removal+greedy_insert_repair;whole_route_removal+regret2_insert_repair;whole_route_removal+regret3_insert_repair;route_segment_removal+greedy_insert_repair;route_segment_removal+regret2_insert_repair;route_segment_removal+regret3_insert_repair;vehicle_type_swap+greedy_insert_repair;vehicle_type_swap+regret2_insert_repair;vehicle_type_swap+regret3_insert_repair,2.006200124975294,,True
independent,4,1,6086.080577350378,q_bar,1;2;3;4;5;6;7;8,demand_change;demand_change;cancel;demand_change;cancel;add;demand_change;add,1;2;3;4;5;6;7;8,,8,11390.779562808671,5304.6989854582935,9,26,4700.833630326088,6259.379130775556,0,2,0,,221,50,171,20,268bdd0d3c2808d10b96622fd3aa15b9f0d6451c85706c3d8edf63b55df48edf,64a10f274b37258f91794fc0148daa88b730c54779bc6b8265a29dee85eb1991,bfa26cbe949381dd96026acafc7e4009c660f6fa5eea80fc23eef51ead669d00,9c76e91bc7002781688a625c353ca86088679fd39c28e6a2594b5ac1edc0e071,9dde89658431f7b3a209571e9ca2b1e70f8a532c89fdaa84b7742b2f1e251351,497c877a1909a6b5ecff073556031b90bfec8c5d402ffd7ff811b005b7f57287,1ac0ac832f63c646a193183f4407f64edf429cbcf95a40dd9f4d673724e4c5bb,b2138bc68ad3dd598f02264fd5bd3463273329d5f8a53a450030f83870f424e4,PASS,True,2,400,400,41,4,"{""E7_DYNAMIC_MULTITRIP_V1: no inherited asset can serve open route CV10#T1"": 1, ""E7_DYNAMIC_MULTITRIP_V1: no inherited asset can serve open route CV24#T1"": 2, ""E7_DYNAMIC_MULTITRIP_V1: no inherited asset can serve open route CV27#T1"": 2, ""E7_DYNAMIC_MULTITRIP_V1: no inherited asset can serve open route CV8#T1"": 10, ""E7_DYNAMIC_MULTITRIP_V1: no inherited asset can serve open route CV9#T1"": 185, ""E7_DYNAMIC_MULTITRIP_V1: no inherited asset can serve open route DYN_OPEN_015"": 1, ""E7_DYNAMIC_MULTITRIP_V1: no inherited asset can serve open route DYN_OPEN_016"": 90, ""E7_DYNAMIC_MULTITRIP_V1: no inherited asset can serve open route DYN_OPEN_017"": 2, ""E7_DYNAMIC_MULTITRIP_V1: no inherited asset can serve open route DYN_OPEN_018"": 12, ""E7_DYNAMIC_MULTITRIP_V1: no inherited asset can serve open route DYN_OPEN_019"": 16, ""E7_DYNAMIC_MULTITRIP_V1: no inherited asset can serve open route DYN_OPEN_020"": 1, ""E7_DYNAMIC_MULTITRIP_V1: no inherited asset can serve open route DYN_OPEN_021"": 10, ""E7_DYNAMIC_MULTITRIP_V1: no inherited asset can serve open route DYN_OPEN_024"": 9, ""E7_DYNAMIC_MULTITRIP_V1: no inherited asset can serve open route DYN_OPEN_025"": 14, ""E7_DYNAMIC_MULTITRIP_V1: no inherited asset can serve open route DYN_OPEN_026"": 3, ""E7_DYNAMIC_MULTITRIP_V1: no inherited asset can serve open route DYN_OPEN_027"": 1}",400,4001,random_customer_removal+greedy_insert_repair;random_customer_removal+regret2_insert_repair;random_customer_removal+regret3_insert_repair;worst_customer_removal+greedy_insert_repair;worst_customer_removal+regret2_insert_repair;worst_customer_removal+regret3_insert_repair;shaw_related_removal+greedy_insert_repair;shaw_related_removal+regret2_insert_repair;shaw_related_removal+regret3_insert_repair;whole_route_removal+greedy_insert_repair;whole_route_removal+regret2_insert_repair;whole_route_removal+regret3_insert_repair;route_segment_removal+greedy_insert_repair;route_segment_removal+regret2_insert_repair;route_segment_removal+regret3_insert_repair;vehicle_type_swap+greedy_insert_repair;vehicle_type_swap+regret2_insert_repair;vehicle_type_swap+regret3_insert_repair,134.57501970801968,True,True
independent,4,2,11390.779562808671,q_bar,9;10;11;12;13;14;15;16,demand_change;demand_change;cancel;demand_change;demand_change;demand_change;demand_change;add,9;10;11;12;13;14;15;16,,8,15041.225071264369,3650.4455084556976,11,38,6588.274781964627,8575.918018653649,0,3,0,,221,65,156,20,da2eb6c7ffb4c819e519e19059cf1a03f74cf18f21249cf33759bf15151fbeab,088063454e24d5470ae4d53c81a8a00ebe735ff38243a738c9d309d6b72f65d5,d1b87f610f56272369546c53ae14854878e3d98d3a45124c546c200b50f6331f,9ade42f1d941f09bc7c7403990c67e0b3858a9246459fc50b208343fe95ba3b5,8c1bd31832551f7f2e48e0e55d763eafeb7489b88aea6db391f9f3bb5cb3a034,76425a42c4e5aa32cac410ead2b3b33866286fedbfcd55a616c02723df572aa6,99038376890c8e86bfb61a60cd89889b181077fadffef4a8b98ca5714aab7592,5226a2aadc20f28fa45e1796aa8797dcbdf8ec0c6a08f9203b132e11bcf9dd71,PASS,False,0,400,400,19,1,"{""E7_DYNAMIC_MULTITRIP_V1: assignment backtracking exceeded 100000 states"": 3, ""E7_DYNAMIC_MULTITRIP_V1: no inherited asset can serve open route DYN_EVENT_C024"": 4, ""E7_DYNAMIC_MULTITRIP_V1: no inherited asset can serve open route DYN_EVENT_C092"": 7, ""E7_DYNAMIC_MULTITRIP_V1: no inherited asset can serve open route DYN_EVENT_C138"": 1, ""E7_DYNAMIC_MULTITRIP_V1: no inherited asset can serve open route DYN_OPEN_001"": 2, ""E7_DYNAMIC_MULTITRIP_V1: no inherited asset can serve open route DYN_OPEN_002"": 2, ""E7_DYNAMIC_MULTITRIP_V1: no inherited asset can serve open route DYN_OPEN_003"": 35, ""E7_DYNAMIC_MULTITRIP_V1: no inherited asset can serve open route DYN_OPEN_004"": 11, ""E7_DYNAMIC_MULTITRIP_V1: no inherited asset can serve open route DYN_OPEN_005"": 6, ""E7_DYNAMIC_MULTITRIP_V1: no inherited asset can serve open route DYN_OPEN_006"": 13, ""E7_DYNAMIC_MULTITRIP_V1: no inherited asset can serve open route DYN_OPEN_007"": 19, ""E7_DYNAMIC_MULTITRIP_V1: no inherited asset can serve open route DYN_OPEN_008"": 6, ""E7_DYNAMIC_MULTITRIP_V1: no inherited asset can serve open route DYN_OPEN_009"": 29, ""E7_DYNAMIC_MULTITRIP_V1: no inherited asset can serve open route DYN_OPEN_010"": 1, ""E7_DYNAMIC_MULTITRIP_V1: no inherited asset can serve open route DYN_OPEN_020"": 30, ""E7_DYNAMIC_MULTITRIP_V1: no inherited asset can serve open route DYN_OPEN_021"": 24, ""E7_DYNAMIC_MULTITRIP_V1: no inherited asset can serve open route DYN_OPEN_022"": 12, ""E7_DYNAMIC_MULTITRIP_V1: no inherited asset can serve open route DYN_OPEN_023"": 8, ""E7_DYNAMIC_MULTITRIP_V1: no inherited asset can serve open route DYN_OPEN_024"": 16, ""E7_DYNAMIC_MULTITRIP_V1: no inherited asset can serve open route DYN_OPEN_025"": 10, ""E7_DYNAMIC_MULTITRIP_V1: no inherited asset can serve open route DYN_OPEN_027"": 17, ""E7_DYNAMIC_MULTITRIP_V1: no inherited asset can serve open route DYN_OPEN_028"": 3, ""E7_DYNAMIC_MULTITRIP_V1: no inherited asset can serve open route DYN_OPEN_029"": 1, ""E7_DYNAMIC_MULTITRIP_V1: no inherited asset can serve open route DYN_OPEN_035"": 1, ""E7_DYNAMIC_MULTITRIP_V1: no inherited asset can serve open route DYN_OPEN_036"": 17, ""E7_DYNAMIC_MULTITRIP_V1: no inherited asset can serve open route REPACK_007"": 2, ""E7_DYNAMIC_MULTITRIP_V1: route DYN_OPEN_004 exceeds one battery"": 3, ""E7_DYNAMIC_MULTITRIP_V1: route REPACK_001 exceeds one battery"": 21, ""E7_DYNAMIC_MULTITRIP_V1: route REPACK_002 exceeds one battery"": 14, ""E7_DYNAMIC_MULTITRIP_V1: route REPACK_003 exceeds one battery"": 16, ""E7_DYNAMIC_MULTITRIP_V1: route REPACK_004 exceeds one battery"": 7, ""E7_DYNAMIC_MULTITRIP_V1: route REPACK_005 exceeds one battery"": 6, ""E7_DYNAMIC_MULTITRIP_V1: route REPACK_006 exceeds one battery"": 5, ""E7_DYNAMIC_MULTITRIP_V1: route REPACK_007 exceeds one battery"": 5, ""E7_DYNAMIC_MULTITRIP_V1: route REPACK_008 exceeds one battery"": 5, ""E7_DYNAMIC_MULTITRIP_V1: route REPACK_009 exceeds one battery"": 4, ""E7_DYNAMIC_MULTITRIP_V1: route REPACK_010 exceeds one battery"": 3, ""E7_DYNAMIC_MULTITRIP_V1: route REPACK_011 exceeds one battery"": 4, ""E7_DYNAMIC_MULTITRIP_V1: route REPACK_012 exceeds one battery"": 1, ""E7_DYNAMIC_MULTITRIP_V1: route REPACK_013 exceeds one battery"": 2, ""E7_DYNAMIC_MULTITRIP_V1: route REPACK_014 exceeds one battery"": 1, ""E7_DYNAMIC_MULTITRIP_V1: route REPACK_016 exceeds one battery"": 2, ""E7_DYNAMIC_MULTITRIP_V1: route REPACK_017 exceeds one battery"": 1, ""E7_DYNAMIC_MULTITRIP_V1: route REPACK_022 exceeds one battery"": 1}",400,4002,random_customer_removal+greedy_insert_repair;random_customer_removal+regret2_insert_repair;random_customer_removal+regret3_insert_repair;worst_customer_removal+greedy_insert_repair;worst_customer_removal+regret2_insert_repair;worst_customer_removal+regret3_insert_repair;shaw_related_removal+greedy_insert_repair;shaw_related_removal+regret2_insert_repair;shaw_related_removal+regret3_insert_repair;whole_route_removal+greedy_insert_repair;whole_route_removal+regret2_insert_repair;whole_route_removal+regret3_insert_repair;route_segment_removal+greedy_insert_repair;route_segment_removal+regret2_insert_repair;route_segment_removal+regret3_insert_repair;vehicle_type_swap+greedy_insert_repair;vehicle_type_swap+regret2_insert_repair;vehicle_type_swap+regret3_insert_repair,489.078325917013,True,True
independent,4,3,15041.225071264369,q_bar,17;18;19;20;21;22;23;24,add;add;add;demand_change;cancel;cancel;demand_change;demand_change,17;18;19;20;22;23;24,21,8,20006.649084376437,4965.424013112068,23,26,4700.022673364389,8685.862035080152,0,6,0,,223,101,122,20,316199f1f2409fd2cd5fc3283409563853a1f4e5bcde3debe32980ca4fe8d31b,dc6424a8268750fa353c590150b8c24d3a4aae276af1a3cf3b6eeec64e1bce21,34c2f999ab88c51816e2aa9f7954394071fb6019db14f3361966d9c7f69994af,74a01fb33e56dd643fb013383ecb02e1c15c4e6e5ee0396126f7ba994751a402,71cbbb412a658b4b664b01253015dc5593a520b3826ee3e51103f395e535b63b,fd2ba5f0819cd124d4fabadb5edb88cc87386e9163361608f6a3ddbdd0144af0,999fecc646768dc6c2c1568d529d2183a2359f4b1a3ca72500ada4ae567ca64d,4b23976dd0aa3f413e9e5ae9024f2a64e7c1b6b41be54c457814f59d2bf1b481,PASS,True,1,400,400,76,2,"{""E7_DYNAMIC_MULTITRIP_V1: no inherited asset can serve open route CV16#T1"": 23, ""E7_DYNAMIC_MULTITRIP_V1: no inherited asset can serve open route CV17#T1"": 143, ""E7_DYNAMIC_MULTITRIP_V1: no inherited asset can serve open route CV26#T1"": 29, ""E7_DYNAMIC_MULTITRIP_V1: no inherited asset can serve open route CV3#T1"": 5, ""E7_DYNAMIC_MULTITRIP_V1: no inherited asset can serve open route DYN_OPEN_012"": 38, ""E7_DYNAMIC_MULTITRIP_V1: no inherited asset can serve open route DYN_OPEN_013"": 21, ""E7_DYNAMIC_MULTITRIP_V1: no inherited asset can serve open route DYN_OPEN_014"": 3, ""E7_DYNAMIC_MULTITRIP_V1: no inherited asset can serve open route DYN_OPEN_015"": 11, ""E7_DYNAMIC_MULTITRIP_V1: no inherited asset can serve open route DYN_OPEN_016"": 10, ""E7_DYNAMIC_MULTITRIP_V1: no inherited asset can serve open route DYN_OPEN_017"": 19, ""E7_DYNAMIC_MULTITRIP_V1: no inherited asset can serve open route DYN_OPEN_018"": 9, ""E7_DYNAMIC_MULTITRIP_V1: no inherited asset can serve open route DYN_OPEN_019"": 12, ""E7_DYNAMIC_MULTITRIP_V1: no inherited asset can serve open route DYN_OPEN_020"": 1}",400,4003,random_customer_removal+greedy_insert_repair;random_customer_removal+regret2_insert_repair;random_customer_removal+regret3_insert_repair;worst_customer_removal+greedy_insert_repair;worst_customer_removal+regret2_insert_repair;worst_customer_removal+regret3_insert_repair;shaw_related_removal+greedy_insert_repair;shaw_related_removal+regret2_insert_repair;shaw_related_removal+regret3_insert_repair;whole_route_removal+greedy_insert_repair;whole_route_removal+regret2_insert_repair;whole_route_removal+regret3_insert_repair;route_segment_removal+greedy_insert_repair;route_segment_removal+regret2_insert_repair;route_segment_removal+regret3_insert_repair;vehicle_type_swap+greedy_insert_repair;vehicle_type_swap+regret2_insert_repair;vehicle_type_swap+regret3_insert_repair,10.552462749998085,True,True
independent,4,4,20006.649084376437,q_bar,25;26;27;28;29;30;31;32,demand_change;cancel;cancel;add;demand_change;add;cancel;demand_change,25;26;27;28;29;30;31;32,,8,26758.01449203482,6751.365407658384,26,23,4286.397347494221,8716.039242602958,0,8,0,,222,104,118,20,c80864327d2634ea6332e8fe11cb3e396fa09ac04400dfea1b85f68c76a6ff98,8452fc738b9be22e6feb2b6117bddc073d1ed8105e6eeb8e9f307b839950e54a,7ad813460b175d3453fa8f1d458a915edf58bdba22d06c0c195e2eb97fe5d3e3,b3a95827ae5f689cfab68d1000d0e53721d7b25ae30a7e551196eea4ea93502d,2ebe9883ee09106b2161c16971bba3d168ad23d028abaf926ac847441d0c25fd,09c9f70a6865799ad664e5f2f9f8cda261403be852177d2a515bbfdebc2564c6,ba43da7f9fa6e3b2befa197153c19598c225453d50fe7d5ba59195afba85442f,978a2157f9d73ed6b8b011380212f8dc8f91fe7705dd6f7c5b0e8a6d694bb99a,PASS,True,1,400,400,136,7,"{""E7_DYNAMIC_MULTITRIP_V1: no inherited asset can serve open route CV1#T1"": 3, ""E7_DYNAMIC_MULTITRIP_V1: no inherited asset can serve open route CV11#T1"": 12, ""E7_DYNAMIC_MULTITRIP_V1: no inherited asset can serve open route CV12#T1"": 177, ""E7_DYNAMIC_MULTITRIP_V1: no inherited asset can serve open route CV13#T1"": 2, ""E7_DYNAMIC_MULTITRIP_V1: no inherited asset can serve open route CV14#T1"": 6, ""E7_DYNAMIC_MULTITRIP_V1: no inherited asset can serve open route DYN_EVENT_C134"": 2, ""E7_DYNAMIC_MULTITRIP_V1: no inherited asset can serve open route DYN_EVENT_N_S4_007"": 1, ""E7_DYNAMIC_MULTITRIP_V1: no inherited asset can serve open route DYN_EVENT_N_S4_008"": 2, ""E7_DYNAMIC_MULTITRIP_V1: no inherited asset can serve open route DYN_OPEN_012"": 28, ""E7_DYNAMIC_MULTITRIP_V1: no inherited asset can serve open route DYN_OPEN_013"": 8, ""E7_DYNAMIC_MULTITRIP_V1: no inherited asset can serve open route DYN_OPEN_014"": 15, ""E7_DYNAMIC_MULTITRIP_V1: no inherited asset can serve open route DYN_OPEN_015"": 3, ""E7_DYNAMIC_MULTITRIP_V1: no inherited asset can serve open route DYN_OPEN_017"": 3, ""E7_DYNAMIC_MULTITRIP_V1: no inherited asset can serve open route DYN_OPEN_018"": 2}",400,4004,random_customer_removal+greedy_insert_repair;random_customer_removal+regret2_insert_repair;random_customer_removal+regret3_insert_repair;worst_customer_removal+greedy_insert_repair;worst_customer_removal+regret2_insert_repair;worst_customer_removal+regret3_insert_repair;shaw_related_removal+greedy_insert_repair;shaw_related_removal+regret2_insert_repair;shaw_related_removal+regret3_insert_repair;whole_route_removal+greedy_insert_repair;whole_route_removal+regret2_insert_repair;whole_route_removal+regret3_insert_repair;route_segment_removal+greedy_insert_repair;route_segment_removal+regret2_insert_repair;route_segment_removal+regret3_insert_repair;vehicle_type_swap+greedy_insert_repair;vehicle_type_swap+regret2_insert_repair;vehicle_type_swap+regret3_insert_repair,14.44079750002129,True,True
independent,4,5,26758.01449203482,q_bar,33;34;35;36;37;38;39;40,add;add;demand_change;add;add;cancel;demand_change;demand_change,33;34;35;36;37;38;39;40,,8,36993.67205186767,10235.657559832845,27,22,4173.2816000022685,8824.550128820683,0,12,0,,225,110,115,20,45ccfcc9c25ec2f6bcffff97b3f749f6a976e1531da47ed4bd656f3a26907f11,1c1f953ccf83a946781357eead268e9fcae079fe4a23c777375b391d275d8645,ba7946ee122abad269465a5b09355dbeead94883a2acf06f0930f460a781a51d,d92ea7dd929ff6d7eb0cc8659c1558520ba90b8851099ccba136998b3dd0f80b,25e692d7c208c0b0f4ca99db6c063cbe9c011f8f81a10f77ee0ee91588f12431,93f9f8181c506cae36d49a4f5c39c91879674b0bc3131f7c622383a3feebe9ea,ccf00a12ff60f898ac1b716b5cc1b3f4f3a097dd9ac4854a98a45520459bd571,b2e94e79b3e5385ca16957159ce2f380815d88e6e565bfc90a30ded286a4acc6,PASS,True,1,400,400,133,7,"{""E7_DYNAMIC_MULTITRIP_V1: no inherited asset can serve open route CV1#T1"": 1, ""E7_DYNAMIC_MULTITRIP_V1: no inherited asset can serve open route CV10#T1"": 22, ""E7_DYNAMIC_MULTITRIP_V1: no inherited asset can serve open route CV11#T1"": 156, ""E7_DYNAMIC_MULTITRIP_V1: no inherited asset can serve open route CV12#T1"": 4, ""E7_DYNAMIC_MULTITRIP_V1: no inherited asset can serve open route CV13#T1"": 3, ""E7_DYNAMIC_MULTITRIP_V1: no inherited asset can serve open route CV14#T1"": 12, ""E7_DYNAMIC_MULTITRIP_V1: no inherited asset can serve open route CV16#T1"": 2, ""E7_DYNAMIC_MULTITRIP_V1: no inherited asset can serve open route DYN_EVENT_N_S4_010"": 2, ""E7_DYNAMIC_MULTITRIP_V1: no inherited asset can serve open route DYN_EVENT_N_S4_011"": 1, ""E7_DYNAMIC_MULTITRIP_V1: no inherited asset can serve open route DYN_EVENT_N_S4_012"": 1, ""E7_DYNAMIC_MULTITRIP_V1: no inherited asset can serve open route DYN_OPEN_011"": 8, ""E7_DYNAMIC_MULTITRIP_V1: no inherited asset can serve open route DYN_OPEN_013"": 9, ""E7_DYNAMIC_MULTITRIP_V1: no inherited asset can serve open route DYN_OPEN_014"": 6, ""E7_DYNAMIC_MULTITRIP_V1: no inherited asset can serve open route DYN_OPEN_015"": 3, ""E7_DYNAMIC_MULTITRIP_V1: no inherited asset can serve open route DYN_OPEN_016"": 1, ""E7_DYNAMIC_MULTITRIP_V1: no inherited asset can serve open route DYN_OPEN_017"": 4, ""E7_DYNAMIC_MULTITRIP_V1: no inherited asset can serve open route DYN_OPEN_019"": 3, ""E7_DYNAMIC_MULTITRIP_V1: no inherited asset can serve open route DYN_OPEN_020"": 23, ""E7_DYNAMIC_MULTITRIP_V1: no inherited asset can serve open route DYN_OPEN_021"": 1, ""E7_DYNAMIC_MULTITRIP_V1: no inherited asset can serve open route DYN_OPEN_022"": 2, ""E7_DYNAMIC_MULTITRIP_V1: no inherited asset can serve open route DYN_OPEN_023"": 3}",400,4005,random_customer_removal+greedy_insert_repair;random_customer_removal+regret2_insert_repair;random_customer_removal+regret3_insert_repair;worst_customer_removal+greedy_insert_repair;worst_customer_removal+regret2_insert_repair;worst_customer_removal+regret3_insert_repair;shaw_related_removal+greedy_insert_repair;shaw_related_removal+regret2_insert_repair;shaw_related_removal+regret3_insert_repair;whole_route_removal+greedy_insert_repair;whole_route_removal+regret2_insert_repair;whole_route_removal+regret3_insert_repair;route_segment_removal+greedy_insert_repair;route_segment_removal+regret2_insert_repair;route_segment_removal+regret3_insert_repair;vehicle_type_swap+greedy_insert_repair;vehicle_type_swap+regret2_insert_repair;vehicle_type_swap+regret3_insert_repair,11.976614125014748,True,True
independent,4,6,36993.67205186767,q_bar,41;42;43;44;45;46;47;48,add;add;add;demand_change;demand_change;add;add;add,41;42;43;46;47;48,44;45,8,47793.67205186767,10800.0,38,14,2024.2424617896822,9173.426651170335,0,18,0,,231,171,60,20,b25a3ea475f93da2a32d41e24db02df1f83967b43ea4c5547c0ba24927bf329a,79022dc8141b590613ac33db6db8a0dd2706c5663505718cf1f259c5044947d0,4f95e037ccb42ceb84b7304afdbb103912f41894d86cd9f39901efc05ec29129,af78abcfc60ad71bac58c12fc8f3cc2c89f2de52faa8e881165c0940f3c64d4f,e8a6cb5782d3622091d6e1738bd0b32ba36b9fa79a8f4f9aa34f8043ee80f217,26dc71da4ccba380c6c31a34747ca199e31004706f899f424b4c265216ee2132,d160fad848e6195742ef0f6725ee159b1eaa1c1b872447710bfc4675d899583a,f2b2379e0b3beaadb836c5eb398fca2b5498cade0c76af577b1d5bda9cf8d560,PASS,True,1,400,400,20,2,"{""E7_DYNAMIC_MULTITRIP_V1: no inherited asset can serve open route CV1#T1"": 1, ""E7_DYNAMIC_MULTITRIP_V1: no inherited asset can serve open route CV3#T1"": 2, ""E7_DYNAMIC_MULTITRIP_V1: no inherited asset can serve open route CV4#T1"": 1, ""E7_DYNAMIC_MULTITRIP_V1: no inherited asset can serve open route CV5#T1"": 22, ""E7_DYNAMIC_MULTITRIP_V1: no inherited asset can serve open route CV6#T1"": 150, ""E7_DYNAMIC_MULTITRIP_V1: no inherited asset can serve open route CV7#T1"": 1, ""E7_DYNAMIC_MULTITRIP_V1: no inherited asset can serve open route CV8#T1"": 7, ""E7_DYNAMIC_MULTITRIP_V1: no inherited asset can serve open route CV9#T1"": 16, ""E7_DYNAMIC_MULTITRIP_V1: no inherited asset can serve open route DYN_EVENT_N_S4_015"": 1, ""E7_DYNAMIC_MULTITRIP_V1: no inherited asset can serve open route DYN_EVENT_N_S4_018"": 2, ""E7_DYNAMIC_MULTITRIP_V1: no inherited asset can serve open route DYN_OPEN_006"": 16, ""E7_DYNAMIC_MULTITRIP_V1: no inherited asset can serve open route DYN_OPEN_007"": 2, ""E7_DYNAMIC_MULTITRIP_V1: no inherited asset can serve open route DYN_OPEN_008"": 4, ""E7_DYNAMIC_MULTITRIP_V1: no inherited asset can serve open route DYN_OPEN_009"": 8, ""E7_DYNAMIC_MULTITRIP_V1: no inherited asset can serve open route DYN_OPEN_010"": 2, ""E7_DYNAMIC_MULTITRIP_V1: no inherited asset can serve open route DYN_OPEN_011"": 2, ""E7_DYNAMIC_MULTITRIP_V1: no inherited asset can serve open route DYN_OPEN_012"": 4, ""E7_DYNAMIC_MULTITRIP_V1: no inherited asset can serve open route DYN_OPEN_013"": 88, ""E7_DYNAMIC_MULTITRIP_V1: no inherited asset can serve open route DYN_OPEN_014"": 41, ""E7_DYNAMIC_MULTITRIP_V1: no inherited asset can serve open route DYN_OPEN_015"": 1, ""E7_DYNAMIC_MULTITRIP_V1: no inherited asset can serve open route DYN_OPEN_016"": 6, ""E7_DYNAMIC_MULTITRIP_V1: no inherited asset can serve open route DYN_OPEN_017"": 3}",400,4006,random_customer_removal+greedy_insert_repair;random_customer_removal+regret2_insert_repair;random_customer_removal+regret3_insert_repair;worst_customer_removal+greedy_insert_repair;worst_customer_removal+regret2_insert_repair;worst_customer_removal+regret3_insert_repair;shaw_related_removal+greedy_insert_repair;shaw_related_removal+regret2_insert_repair;shaw_related_removal+regret3_insert_repair;whole_route_removal+greedy_insert_repair;whole_route_removal+regret2_insert_repair;whole_route_removal+regret3_insert_repair;route_segment_removal+greedy_insert_repair;route_segment_removal+regret2_insert_repair;route_segment_removal+regret3_insert_repair;vehicle_type_swap+greedy_insert_repair;vehicle_type_swap+regret2_insert_repair;vehicle_type_swap+regret3_insert_repair,3.663968415989075,True,True
independent,4,7,47793.67205186767,delta_t,49;50;51;52;53;54;55,add;cancel;cancel;demand_change;add;add;add,49;51;53;54;55,50;52,7,,,45,9,1299.4398640768322,9473.712257178528,0,22,0,,234,199,35,20,492812a9808349440213393ff02c6c231d719a779fc4af501077da76c01041fb,6940523126a12f23da3bf74c01b5c040a6f9dd533a6affa951dfeac72113528d,c9fed58d8d403b83679f4629a190c063fe3094d4be436e5a056e7d1362f5add5,c5d563f913d5aafabc9f74a0e744ae235920efc2eae6de6a2ce1a52ce5415bf9,f5587f21ec0b762b7dd22a805f5c461ae116a3fad4309fe98343bca568efb3e0,41e2727374280590203efbe9e08def44db6cb260d8c607de7dde599fe5920436,c7796baff58331c58398b010d0d509a7c571aabcc9bcda063da951f8d03b0005,28c15fb4fd6abf803eafa234631415c432e779e2902a0390da50ce1cde28689b,PASS,True,1,400,400,26,5,"{""E7_DYNAMIC_MULTITRIP_V1: no inherited asset can serve open route CV1#T1"": 9, ""E7_DYNAMIC_MULTITRIP_V1: no inherited asset can serve open route CV2#T1"": 4, ""E7_DYNAMIC_MULTITRIP_V1: no inherited asset can serve open route CV3#T1"": 5, ""E7_DYNAMIC_MULTITRIP_V1: no inherited asset can serve open route CV5#T1"": 41, ""E7_DYNAMIC_MULTITRIP_V1: no inherited asset can serve open route CV6#T1"": 137, ""E7_DYNAMIC_MULTITRIP_V1: no inherited asset can serve open route CV8#T1"": 4, ""E7_DYNAMIC_MULTITRIP_V1: no inherited asset can serve open route DYN_OPEN_004"": 6, ""E7_DYNAMIC_MULTITRIP_V1: no inherited asset can serve open route DYN_OPEN_005"": 3, ""E7_DYNAMIC_MULTITRIP_V1: no inherited asset can serve open route DYN_OPEN_006"": 25, ""E7_DYNAMIC_MULTITRIP_V1: no inherited asset can serve open route DYN_OPEN_007"": 2, ""E7_DYNAMIC_MULTITRIP_V1: no inherited asset can serve open route DYN_OPEN_008"": 96, ""E7_DYNAMIC_MULTITRIP_V1: no inherited asset can serve open route DYN_OPEN_009"": 33, ""E7_DYNAMIC_MULTITRIP_V1: no inherited asset can serve open route DYN_OPEN_010"": 5, ""E7_DYNAMIC_MULTITRIP_V1: no inherited asset can serve open route DYN_OPEN_011"": 4}",400,4007,random_customer_removal+greedy_insert_repair;random_customer_removal+regret2_insert_repair;random_customer_removal+regret3_insert_repair;worst_customer_removal+greedy_insert_repair;worst_customer_removal+regret2_insert_repair;worst_customer_removal+regret3_insert_repair;shaw_related_removal+greedy_insert_repair;shaw_related_removal+regret2_insert_repair;shaw_related_removal+regret3_insert_repair;whole_route_removal+greedy_insert_repair;whole_route_removal+regret2_insert_repair;whole_route_removal+regret3_insert_repair;route_segment_removal+greedy_insert_repair;route_segment_removal+regret2_insert_repair;route_segment_removal+regret3_insert_repair;vehicle_type_swap+greedy_insert_repair;vehicle_type_swap+regret2_insert_repair;vehicle_type_swap+regret3_insert_repair,2.26439616602147,,True
cooperative,5,1,4692.632056046293,q_bar,1;2;3;4;5;6;7;8,add;add;add;demand_change;demand_change;cancel;demand_change;demand_change,1;2;3;4;5;6;7;8,,8,13776.912348558379,9084.280292512085,9,27,4931.6837472935,6478.546282116311,2,3,1,N_S5_001,223,50,173,20,2a25ce957c663a5ad95dcb79b93f43694c10b80093ac4b54efac81d13b01ad89,41f6f246d0d5b74f21046eb60831816e8d3ea15686a2b2a7bf36386f5e18eff7,52c104065c9734afedc337d6d5fc60bcf37c3c54cf5b89a3e933ce8124d94e10,104b308461ec1188c2b38f8cf7cd7342d3441baf73cf5e1e0ebdb5ba33424f9d,9dde89658431f7b3a209571e9ca2b1e70f8a532c89fdaa84b7742b2f1e251351,69aee3609925f500998531cf471e72a54894bd19a7f8f0e4389a8c36853abfb3,c5a11874c025e02b8de7519bb32204648b7f41edcd5c17765f584959b1beb8e2,6567e2129ea244b3ac205243cf555a373571f98be1c18614875c38753607074a,PASS,True,5,398,398,17,4,"{""E7_DYNAMIC_MULTITRIP_V1: no inherited asset can serve open route CV10#T1"": 182, ""E7_DYNAMIC_MULTITRIP_V1: no inherited asset can serve open route CV13#T1"": 1, ""E7_DYNAMIC_MULTITRIP_V1: no inherited asset can serve open route CV21#T1"": 1, ""E7_DYNAMIC_MULTITRIP_V1: no inherited asset can serve open route CV27#T1"": 2, ""E7_DYNAMIC_MULTITRIP_V1: no inherited asset can serve open route CV28#T1"": 3, ""E7_DYNAMIC_MULTITRIP_V1: no inherited asset can serve open route CV8#T1"": 1, ""E7_DYNAMIC_MULTITRIP_V1: no inherited asset can serve open route CV9#T1"": 8, ""E7_DYNAMIC_MULTITRIP_V1: no inherited asset can serve open route DYN_EVENT_C077"": 1, ""E7_DYNAMIC_MULTITRIP_V1: no inherited asset can serve open route DYN_EVENT_N_S5_002"": 45, ""E7_DYNAMIC_MULTITRIP_V1: no inherited asset can serve open route DYN_EVENT_N_S5_003"": 1, ""E7_DYNAMIC_MULTITRIP_V1: no inherited asset can serve open route DYN_OPEN_015"": 2, ""E7_DYNAMIC_MULTITRIP_V1: no inherited asset can serve open route DYN_OPEN_016"": 9, ""E7_DYNAMIC_MULTITRIP_V1: no inherited asset can serve open route DYN_OPEN_018"": 3, ""E7_DYNAMIC_MULTITRIP_V1: no inherited asset can serve open route DYN_OPEN_019"": 17, ""E7_DYNAMIC_MULTITRIP_V1: no inherited asset can serve open route DYN_OPEN_020"": 2, ""E7_DYNAMIC_MULTITRIP_V1: no inherited asset can serve open route DYN_OPEN_021"": 3, ""E7_DYNAMIC_MULTITRIP_V1: no inherited asset can serve open route DYN_OPEN_022"": 5, ""E7_DYNAMIC_MULTITRIP_V1: no inherited asset can serve open route DYN_OPEN_023"": 6, ""E7_DYNAMIC_MULTITRIP_V1: no inherited asset can serve open route DYN_OPEN_024"": 22, ""E7_DYNAMIC_MULTITRIP_V1: no inherited asset can serve open route DYN_OPEN_025"": 5, ""E7_DYNAMIC_MULTITRIP_V1: no inherited asset can serve open route DYN_OPEN_026"": 10, ""E7_DYNAMIC_MULTITRIP_V1: no inherited asset can serve open route DYN_OPEN_027"": 47, ""E7_DYNAMIC_MULTITRIP_V1: no inherited asset can serve open route DYN_OPEN_028"": 5}",400,5001,random_customer_removal+greedy_insert_repair;random_customer_removal+regret2_insert_repair;random_customer_removal+regret3_insert_repair;worst_customer_removal+greedy_insert_repair;worst_customer_removal+regret2_insert_repair;worst_customer_removal+regret3_insert_repair;shaw_related_removal+greedy_insert_repair;shaw_related_removal+regret2_insert_repair;shaw_related_removal+regret3_insert_repair;whole_route_removal+greedy_insert_repair;whole_route_removal+regret2_insert_repair;whole_route_removal+regret3_insert_repair;route_segment_removal+greedy_insert_repair;route_segment_removal+regret2_insert_repair;route_segment_removal+regret3_insert_repair;vehicle_type_swap+greedy_insert_repair;vehicle_type_swap+regret2_insert_repair;vehicle_type_swap+regret3_insert_repair,48.33295337500749,True,True
cooperative,5,2,13776.912348558379,q_bar,9;10;11;12;13;14;15;16,demand_change;demand_change;demand_change;cancel;demand_change;cancel;cancel;cancel,9;10;11;12;13;14;15;16,,8,15407.992020404161,1631.0796718457823,13,24,4207.252457631187,6576.591354049095,2,3,1,N_S5_001,219,81,138,20,9d1cd7e0f26d15bc72dbe06dfb1285cf5ac8b00212916d1f81483b6937c7ec65,5c7f4623c981d961b4d6608ff78dfca9194ab98c9efd56871d2f9e231fa8ca22,c492f78576d45b3e4534606a30e98801202f7466d0c3682ca772e23fca2158cb,055df1e4962fd6bba601dca2ecb9932dd4577608237afea390f7f1a52631bf0f,03d64e59f5df631bae898cf3d04a69598bf20009ced6657e17751605080d7f13,80ea794935572a9efb3549019473e0ac4d239a637bfb260055c3728960e63727,7a64681fc2070ee9ae897a11dc241229841d5e4e18200070b17c06082bd05a5e,92d28ce0e204e1ee79ffb940f45765d6d0116b24697416734ab260870d5cea9e,PASS,True,1,395,395,61,5,"{""E7_DYNAMIC_MULTITRIP_V1: no inherited asset can serve open route CV13#T1"": 35, ""E7_DYNAMIC_MULTITRIP_V1: no inherited asset can serve open route CV14#T1"": 160, ""E7_DYNAMIC_MULTITRIP_V1: no inherited asset can serve open route DYN_OPEN_007"": 1, ""E7_DYNAMIC_MULTITRIP_V1: no inherited asset can serve open route DYN_OPEN_009"": 2, ""E7_DYNAMIC_MULTITRIP_V1: no inherited asset can serve open route DYN_OPEN_013"": 8, ""E7_DYNAMIC_MULTITRIP_V1: no inherited asset can serve open route DYN_OPEN_015"": 1, ""E7_DYNAMIC_MULTITRIP_V1: no inherited asset can serve open route DYN_OPEN_016"": 4, ""E7_DYNAMIC_MULTITRIP_V1: no inherited asset can serve open route DYN_OPEN_017"": 4, ""E7_DYNAMIC_MULTITRIP_V1: no inherited asset can serve open route DYN_OPEN_018"": 11, ""E7_DYNAMIC_MULTITRIP_V1: no inherited asset can serve open route DYN_OPEN_019"": 13, ""E7_DYNAMIC_MULTITRIP_V1: no inherited asset can serve open route DYN_OPEN_020"": 5, ""E7_DYNAMIC_MULTITRIP_V1: no inherited asset can serve open route DYN_OPEN_021"": 19, ""E7_DYNAMIC_MULTITRIP_V1: no inherited asset can serve open route DYN_OPEN_022"": 19, ""E7_DYNAMIC_MULTITRIP_V1: no inherited asset can serve open route DYN_OPEN_023"": 13, ""E7_DYNAMIC_MULTITRIP_V1: no inherited asset can serve open route DYN_OPEN_024"": 35, ""E7_DYNAMIC_MULTITRIP_V1: no inherited asset can serve open route DYN_OPEN_025"": 2, ""E7_DYNAMIC_MULTITRIP_V1: no inherited asset can serve open route DYN_OPEN_026"": 1, ""E7_DYNAMIC_MULTITRIP_V1: no inherited asset can serve open route DYN_OPEN_027"": 1}",400,5002,random_customer_removal+greedy_insert_repair;random_customer_removal+regret2_insert_repair;random_customer_removal+regret3_insert_repair;worst_customer_removal+greedy_insert_repair;worst_customer_removal+regret2_insert_repair;worst_customer_removal+regret3_insert_repair;shaw_related_removal+greedy_insert_repair;shaw_related_removal+regret2_insert_repair;shaw_related_removal+regret3_insert_repair;whole_route_removal+greedy_insert_repair;whole_route_removal+regret2_insert_repair;whole_route_removal+regret3_insert_repair;route_segment_removal+greedy_insert_repair;route_segment_removal+regret2_insert_repair;route_segment_removal+regret3_insert_repair;vehicle_type_swap+greedy_insert_repair;vehicle_type_swap+regret2_insert_repair;vehicle_type_swap+regret3_insert_repair,10.323891084000934,True,True
cooperative,5,3,15407.992020404161,q_bar,17;18;19;20;21;22;23;24,add;add;add;add;add;add;add;cancel,17;18;19;20;21;22;23;24,,8,23355.20016237953,7947.208141975369,16,25,4383.816120855024,7279.847599989414,3,10,2,N_S5_001;N_S5_007,225,99,126,20,b9c0c411da71d6c44534ef6156cbdf40c05a99497fc6b30fcb6e68bda2a8f2e7,2bad8bb3f7fe2bb7580ed49e71248b6fa3152f414f66f7376085e18ae5527d37,6e79e1fba8124e68492932f13cf8b38900161e7aad9ed17714b09c7a447007cf,f47981b467f8a69d7c0aa9f6b8cd4826a907e6d35d1261c24174361e04829ae7,da7f5e6a141d5d60986fd0b1cccdb7340f8491dcdece35fbf12731a7566cb41b,a43bc80add7b35afa302df755cb18919a3e042b22b1f6260beba60d091f3737f,d9e0e4cf5babea543c2b3e035a7864d3a6c73c33782ab30ff5e1df2275710158,176a1958e3c97064e897236fc666974c0cb0f4dddf5ab4f8f4287b2bf5c36894,PASS,True,5,397,397,7,2,"{""E7_DYNAMIC_MULTITRIP_V1: no inherited asset can serve open route CV14#T1"": 44, ""E7_DYNAMIC_MULTITRIP_V1: no inherited asset can serve open route CV24#T1"": 3, ""E7_DYNAMIC_MULTITRIP_V1: no inherited asset can serve open route CV3#T1"": 1, ""E7_DYNAMIC_MULTITRIP_V1: no inherited asset can serve open route CV4#T1"": 149, ""E7_DYNAMIC_MULTITRIP_V1: no inherited asset can serve open route DYN_EVENT_N_S5_004"": 6, ""E7_DYNAMIC_MULTITRIP_V1: no inherited asset can serve open route DYN_EVENT_N_S5_005"": 1, ""E7_DYNAMIC_MULTITRIP_V1: no inherited asset can serve open route DYN_EVENT_N_S5_007"": 2, ""E7_DYNAMIC_MULTITRIP_V1: no inherited asset can serve open route DYN_OPEN_001"": 9, ""E7_DYNAMIC_MULTITRIP_V1: no inherited asset can serve open route DYN_OPEN_002"": 2, ""E7_DYNAMIC_MULTITRIP_V1: no inherited asset can serve open route DYN_OPEN_006"": 4, ""E7_DYNAMIC_MULTITRIP_V1: no inherited asset can serve open route DYN_OPEN_007"": 1, ""E7_DYNAMIC_MULTITRIP_V1: no inherited asset can serve open route DYN_OPEN_009"": 7, ""E7_DYNAMIC_MULTITRIP_V1: no inherited asset can serve open route DYN_OPEN_014"": 3, ""E7_DYNAMIC_MULTITRIP_V1: no inherited asset can serve open route DYN_OPEN_015"": 10, ""E7_DYNAMIC_MULTITRIP_V1: no inherited asset can serve open route DYN_OPEN_016"": 4, ""E7_DYNAMIC_MULTITRIP_V1: no inherited asset can serve open route DYN_OPEN_018"": 4, ""E7_DYNAMIC_MULTITRIP_V1: no inherited asset can serve open route DYN_OPEN_019"": 11, ""E7_DYNAMIC_MULTITRIP_V1: no inherited asset can serve open route DYN_OPEN_020"": 10, ""E7_DYNAMIC_MULTITRIP_V1: no inherited asset can serve open route DYN_OPEN_021"": 5, ""E7_DYNAMIC_MULTITRIP_V1: no inherited asset can serve open route DYN_OPEN_022"": 39, ""E7_DYNAMIC_MULTITRIP_V1: no inherited asset can serve open route DYN_OPEN_023"": 6, ""E7_DYNAMIC_MULTITRIP_V1: no inherited asset can serve open route DYN_OPEN_024"": 14, ""E7_DYNAMIC_MULTITRIP_V1: no inherited asset can serve open route DYN_OPEN_025"": 16, ""E7_DYNAMIC_MULTITRIP_V1: no inherited asset can serve open route DYN_OPEN_026"": 34, ""E7_DYNAMIC_MULTITRIP_V1: no inherited asset can serve open route DYN_OPEN_027"": 1, ""E7_DYNAMIC_MULTITRIP_V1: no inherited asset can serve open route DYN_OPEN_028"": 4}",400,5003,random_customer_removal+greedy_insert_repair;random_customer_removal+regret2_insert_repair;random_customer_removal+regret3_insert_repair;worst_customer_removal+greedy_insert_repair;worst_customer_removal+regret2_insert_repair;worst_customer_removal+regret3_insert_repair;shaw_related_removal+greedy_insert_repair;shaw_related_removal+regret2_insert_repair;shaw_related_removal+regret3_insert_repair;whole_route_removal+greedy_insert_repair;whole_route_removal+regret2_insert_repair;whole_route_removal+regret3_insert_repair;route_segment_removal+greedy_insert_repair;route_segment_removal+regret2_insert_repair;route_segment_removal+regret3_insert_repair;vehicle_type_swap+greedy_insert_repair;vehicle_type_swap+regret2_insert_repair;vehicle_type_swap+regret3_insert_repair,12.15799708297709,True,True
cooperative,5,4,23355.20016237953,q_bar,25;26;27;28;29;30;31;32,add;demand_change;add;add;add;demand_change;demand_change;add,25;26;27;28;29;30;31;32,,8,31543.031716107234,8187.831553727705,28,16,2938.150346511611,7731.153676577555,1,15,3,N_S5_001;N_S5_007;N_S5_013,230,154,76,20,1963ee68859ff1a6687372daae4821a70c6d6f57c7346388679cbeac6363ea56,31d559efb4eef061fc3492cbc091436299f5982c30631127267427c4a3b9e39c,a7b5ef557a398fbc930973b3b67502d6852c7ecdeeb847fdc69e0ee6f610b15d,77fc3289525ca52c2ddd59f5e2819c67b74b6767ff53b9aedcef498832ca04f9,50ff30a90e16d0dcb553cf7a5758943f3ff55c21901114dfa1747a9c347e0e96,668da17b13ac5da758690cef633c7b3de943dcef2d6359297239585b59723fd5,024ac2898fed80bcf76860101c556de7a1105e18ddf346efee2b01808ab45031,467f5eb1a677722394009d5df258c840f2b6eb77cb20e91190b46a12a4d5fd34,PASS,True,4,400,400,41,7,"{""E7_DYNAMIC_MULTITRIP_V1: no inherited asset can serve open route CV1#T1"": 6, ""E7_DYNAMIC_MULTITRIP_V1: no inherited asset can serve open route CV11#T1"": 24, ""E7_DYNAMIC_MULTITRIP_V1: no inherited asset can serve open route CV12#T1"": 132, ""E7_DYNAMIC_MULTITRIP_V1: no inherited asset can serve open route CV15#T1"": 1, ""E7_DYNAMIC_MULTITRIP_V1: no inherited asset can serve open route CV16#T1"": 3, ""E7_DYNAMIC_MULTITRIP_V1: no inherited asset can serve open route CV17#T1"": 1, ""E7_DYNAMIC_MULTITRIP_V1: no inherited asset can serve open route CV4#T1"": 3, ""E7_DYNAMIC_MULTITRIP_V1: no inherited asset can serve open route CV5#T1"": 2, ""E7_DYNAMIC_MULTITRIP_V1: no inherited asset can serve open route CV8#T1"": 3, ""E7_DYNAMIC_MULTITRIP_V1: no inherited asset can serve open route CV9#T1"": 25, ""E7_DYNAMIC_MULTITRIP_V1: no inherited asset can serve open route DYN_EVENT_N_S5_011"": 1, ""E7_DYNAMIC_MULTITRIP_V1: no inherited asset can serve open route DYN_EVENT_N_S5_013"": 3, ""E7_DYNAMIC_MULTITRIP_V1: no inherited asset can serve open route DYN_OPEN_001"": 3, ""E7_DYNAMIC_MULTITRIP_V1: no inherited asset can serve open route DYN_OPEN_002"": 1, ""E7_DYNAMIC_MULTITRIP_V1: no inherited asset can serve open route DYN_OPEN_005"": 1, ""E7_DYNAMIC_MULTITRIP_V1: no inherited asset can serve open route DYN_OPEN_012"": 37, ""E7_DYNAMIC_MULTITRIP_V1: no inherited asset can serve open route DYN_OPEN_013"": 8, ""E7_DYNAMIC_MULTITRIP_V1: no inherited asset can serve open route DYN_OPEN_014"": 15, ""E7_DYNAMIC_MULTITRIP_V1: no inherited asset can serve open route DYN_OPEN_015"": 5, ""E7_DYNAMIC_MULTITRIP_V1: no inherited asset can serve open route DYN_OPEN_016"": 44, ""E7_DYNAMIC_MULTITRIP_V1: no inherited asset can serve open route DYN_OPEN_017"": 35, ""E7_DYNAMIC_MULTITRIP_V1: no inherited asset can serve open route DYN_OPEN_018"": 5, ""E7_DYNAMIC_MULTITRIP_V1: no inherited asset can serve open route DYN_OPEN_021"": 1}",400,5004,random_customer_removal+greedy_insert_repair;random_customer_removal+regret2_insert_repair;random_customer_removal+regret3_insert_repair;worst_customer_removal+greedy_insert_repair;worst_customer_removal+regret2_insert_repair;worst_customer_removal+regret3_insert_repair;shaw_related_removal+greedy_insert_repair;shaw_related_removal+regret2_insert_repair;shaw_related_removal+regret3_insert_repair;whole_route_removal+greedy_insert_repair;whole_route_removal+regret2_insert_repair;whole_route_removal+regret3_insert_repair;route_segment_removal+greedy_insert_repair;route_segment_removal+regret2_insert_repair;route_segment_removal+regret3_insert_repair;vehicle_type_swap+greedy_insert_repair;vehicle_type_swap+regret2_insert_repair;vehicle_type_swap+regret3_insert_repair,7.454311000008602,True,True
cooperative,5,5,31543.031716107234,q_bar,33;34;35;36;37;38;39;40,demand_change;add;demand_change;cancel;demand_change;cancel;cancel;add,33;34;35;36;37;38;39;40,,8,37855.229773535175,6312.1980574279405,29,15,2792.6446363133573,7713.64649352943,2,17,3,N_S5_001;N_S5_007;N_S5_013,229,159,70,20,a836ea676950532066b85cbf9278f7f7187e447948fc8a450613a0a44070a10e,239279bb61b4733ece0358e5711fa476e9fea6789cba82323a902b9ecf0eb14c,1f091f77f7bcb8d8fa1d62540480be8577b35a4bc18e56504f9b4c4ba28b136f,e06b68c76816851fc2406413f320c05405ba3f22ec324d0633a67122791aae7b,b6e3712f551988e482c49b617f0bfa460248c15f7c0234816f6817201286113a,8e67e4dee920d8dbe0954799e2a7f1639d052297d3e5c28908f67caa17541fad,6875bbde32eaaeaa04d7a7d1314f372133e5a88e193c54a06f27c2883226b0bb,d6c0ff74c3e8fc2de94b12071edc0076d689a0d3897988931dc56cd8458a0c77,PASS,True,1,400,400,105,3,"{""E7_DYNAMIC_MULTITRIP_V1: no inherited asset can serve open route CV10#T1"": 24, ""E7_DYNAMIC_MULTITRIP_V1: no inherited asset can serve open route CV11#T1"": 161, ""E7_DYNAMIC_MULTITRIP_V1: no inherited asset can serve open route CV14#T1"": 5, ""E7_DYNAMIC_MULTITRIP_V1: no inherited asset can serve open route CV15#T1"": 1, ""E7_DYNAMIC_MULTITRIP_V1: no inherited asset can serve open route CV16#T1"": 3, ""E7_DYNAMIC_MULTITRIP_V1: no inherited asset can serve open route CV4#T1"": 2, ""E7_DYNAMIC_MULTITRIP_V1: no inherited asset can serve open route CV6#T1"": 1, ""E7_DYNAMIC_MULTITRIP_V1: no inherited asset can serve open route CV9#T1"": 3, ""E7_DYNAMIC_MULTITRIP_V1: no inherited asset can serve open route DYN_OPEN_011"": 13, ""E7_DYNAMIC_MULTITRIP_V1: no inherited asset can serve open route DYN_OPEN_012"": 7, ""E7_DYNAMIC_MULTITRIP_V1: no inherited asset can serve open route DYN_OPEN_013"": 5, ""E7_DYNAMIC_MULTITRIP_V1: no inherited asset can serve open route DYN_OPEN_014"": 1, ""E7_DYNAMIC_MULTITRIP_V1: no inherited asset can serve open route DYN_OPEN_015"": 24, ""E7_DYNAMIC_MULTITRIP_V1: no inherited asset can serve open route DYN_OPEN_016"": 45}",400,5005,random_customer_removal+greedy_insert_repair;random_customer_removal+regret2_insert_repair;random_customer_removal+regret3_insert_repair;worst_customer_removal+greedy_insert_repair;worst_customer_removal+regret2_insert_repair;worst_customer_removal+regret3_insert_repair;shaw_related_removal+greedy_insert_repair;shaw_related_removal+regret2_insert_repair;shaw_related_removal+regret3_insert_repair;whole_route_removal+greedy_insert_repair;whole_route_removal+regret2_insert_repair;whole_route_removal+regret3_insert_repair;route_segment_removal+greedy_insert_repair;route_segment_removal+regret2_insert_repair;route_segment_removal+regret3_insert_repair;vehicle_type_swap+greedy_insert_repair;vehicle_type_swap+regret2_insert_repair;vehicle_type_swap+regret3_insert_repair,8.093455582973547,True,True
cooperative,5,6,37855.229773535175,q_bar,41;42;43;44;45;46;47;48,add;add;demand_change;add;cancel;add;demand_change;demand_change,41;42;43;44;45;46;47;48,,8,48655.229773535175,10800.0,32,21,3146.2848558795354,8859.924079809449,5,21,3,N_S5_001;N_S5_007;N_S5_013,232,179,53,20,c414ff8c5c5d18c074bab3d773adaeafef02203af07c966509035e4abd85afea,55e8955f48bde09db28e4304c76e470a9d6ed8531c6b73ea4cb09ef80b936c4e,0a4a3aac517875fcf29ea6c0a9c87d558911974275cd3f00b591b2653c4305d2,938cacbcb7abd87cdd0f07ba27fc9ef0232ace131b4d31b457a51204584d302c,74efe0af918fd9ad81ff4753145b759be05336d300bec20e1456fd288ecb5faf,e0469dc0dca0ee48e2352554825752d9fc0bf24f058fd4ff78d9ffbd50044d3c,d0418747c51fb45f240a3185f278d4b310e2342b415f1f86a0f1ba8d540bcde9,987b9dd2cd0fe9cf792aa728521a9c583c31af51a852dac28d617cfa9442e081,PASS,False,0,400,400,13,1,"{""E7_DYNAMIC_MULTITRIP_V1: no inherited asset can serve open route DYN_EVENT_C121"": 4, ""E7_DYNAMIC_MULTITRIP_V1: no inherited asset can serve open route DYN_EVENT_N_S5_018"": 1, ""E7_DYNAMIC_MULTITRIP_V1: no inherited asset can serve open route DYN_EVENT_N_S5_021"": 20, ""E7_DYNAMIC_MULTITRIP_V1: no inherited asset can serve open route DYN_OPEN_001"": 32, ""E7_DYNAMIC_MULTITRIP_V1: no inherited asset can serve open route DYN_OPEN_003"": 22, ""E7_DYNAMIC_MULTITRIP_V1: no inherited asset can serve open route DYN_OPEN_006"": 48, ""E7_DYNAMIC_MULTITRIP_V1: no inherited asset can serve open route DYN_OPEN_007"": 2, ""E7_DYNAMIC_MULTITRIP_V1: no inherited asset can serve open route DYN_OPEN_008"": 52, ""E7_DYNAMIC_MULTITRIP_V1: no inherited asset can serve open route DYN_OPEN_011"": 7, ""E7_DYNAMIC_MULTITRIP_V1: no inherited asset can serve open route DYN_OPEN_014"": 5, ""E7_DYNAMIC_MULTITRIP_V1: no inherited asset can serve open route DYN_OPEN_015"": 45, ""E7_DYNAMIC_MULTITRIP_V1: no inherited asset can serve open route DYN_OPEN_017"": 9, ""E7_DYNAMIC_MULTITRIP_V1: no inherited asset can serve open route DYN_OPEN_018"": 1, ""E7_DYNAMIC_MULTITRIP_V1: no inherited asset can serve open route DYN_OPEN_020"": 39, ""E7_DYNAMIC_MULTITRIP_V1: no inherited asset can serve open route REPACK_001"": 5, ""E7_DYNAMIC_MULTITRIP_V1: no inherited asset can serve open route REPACK_002"": 6, ""E7_DYNAMIC_MULTITRIP_V1: no inherited asset can serve open route REPACK_003"": 1, ""E7_DYNAMIC_MULTITRIP_V1: no inherited asset can serve open route REPACK_004"": 3, ""E7_DYNAMIC_MULTITRIP_V1: no inherited asset can serve open route REPACK_005"": 2, ""E7_DYNAMIC_MULTITRIP_V1: no inherited asset can serve open route REPACK_006"": 1, ""E7_DYNAMIC_MULTITRIP_V1: no inherited asset can serve open route REPACK_007"": 2, ""E7_DYNAMIC_MULTITRIP_V1: no inherited asset can serve open route REPACK_008"": 2, ""E7_DYNAMIC_MULTITRIP_V1: route REPACK_001 exceeds one battery"": 25, ""E7_DYNAMIC_MULTITRIP_V1: route REPACK_002 exceeds one battery"": 12, ""E7_DYNAMIC_MULTITRIP_V1: route REPACK_003 exceeds one battery"": 12, ""E7_DYNAMIC_MULTITRIP_V1: route REPACK_004 exceeds one battery"": 9, ""E7_DYNAMIC_MULTITRIP_V1: route REPACK_005 exceeds one battery"": 11, ""E7_DYNAMIC_MULTITRIP_V1: route REPACK_006 exceeds one battery"": 2, ""E7_DYNAMIC_MULTITRIP_V1: route REPACK_007 exceeds one battery"": 6, ""E7_DYNAMIC_MULTITRIP_V1: route REPACK_008 exceeds one battery"": 1}",400,5006,random_customer_removal+greedy_insert_repair;random_customer_removal+regret2_insert_repair;random_customer_removal+regret3_insert_repair;worst_customer_removal+greedy_insert_repair;worst_customer_removal+regret2_insert_repair;worst_customer_removal+regret3_insert_repair;shaw_related_removal+greedy_insert_repair;shaw_related_removal+regret2_insert_repair;shaw_related_removal+regret3_insert_repair;whole_route_removal+greedy_insert_repair;whole_route_removal+regret2_insert_repair;whole_route_removal+regret3_insert_repair;route_segment_removal+greedy_insert_repair;route_segment_removal+regret2_insert_repair;route_segment_removal+regret3_insert_repair;vehicle_type_swap+greedy_insert_repair;vehicle_type_swap+regret2_insert_repair;vehicle_type_swap+regret3_insert_repair,13.164056541980244,True,True
cooperative,5,7,48655.229773535175,delta_t,49;50;51;52;53;54;55,demand_change;demand_change;demand_change;cancel;demand_change;add;demand_change,50;51;52;53;54,49;55,7,,,44,3,646.6374329404467,8224.79672416924,2,22,4,N_S5_001;N_S5_007;N_S5_013;N_S5_018,232,212,20,20,75dd09cf4f6d8374e677a443903ffc4ac5b9fb93f6f4c3d03d8a7832c87e2dd2,ffa1386f182a6fca3636b3cd89b33d18acb124209e09ccaeaaaeadcff435b21e,6ec30b443ea49916d7d3142258613f5a5ad37a54c9df5e72a4317eb0349e81ac,20d2d0a76eb38ec21ee4f8d9ba89598c56c861b4de812f4aa851564fc2a1aa8e,16beed5d122960882fa124cab1e919f161e7bfe1bb45e8a62a932fce60d9799b,60b1513c4aafa4160a53de240e6ed239312a6d0e2c86f1426a89d5f28fcf3083,f1bc8c7cc431be9f40060e138e2a6f68d2d330e7df8203a4c3553d9c92d5f791,e3228a0bda4e2feaff4c3ac187907afcefebe035748a472930988fc035e9403c,PASS,True,1,400,400,307,170,"{""E7_DYNAMIC_MULTITRIP_V1: no inherited asset can serve open route DYN_OPEN_006"": 35, ""E7_DYNAMIC_MULTITRIP_V1: no inherited asset can serve open route DYN_OPEN_007"": 25, ""E7_DYNAMIC_MULTITRIP_V1: no inherited asset can serve open route DYN_OPEN_008"": 14, ""E7_DYNAMIC_MULTITRIP_V1: no inherited asset can serve open route DYN_OPEN_009"": 1, ""E7_DYNAMIC_MULTITRIP_V1: no inherited asset can serve open route DYN_OPEN_011"": 1, ""E7_DYNAMIC_MULTITRIP_V1: open routes must not carry pre-existing charging actions"": 17}",400,5007,random_customer_removal+greedy_insert_repair;random_customer_removal+regret2_insert_repair;random_customer_removal+regret3_insert_repair;worst_customer_removal+greedy_insert_repair;worst_customer_removal+regret2_insert_repair;worst_customer_removal+regret3_insert_repair;shaw_related_removal+greedy_insert_repair;shaw_related_removal+regret2_insert_repair;shaw_related_removal+regret3_insert_repair;whole_route_removal+greedy_insert_repair;whole_route_removal+regret2_insert_repair;whole_route_removal+regret3_insert_repair;route_segment_removal+greedy_insert_repair;route_segment_removal+regret2_insert_repair;route_segment_removal+regret3_insert_repair;vehicle_type_swap+greedy_insert_repair;vehicle_type_swap+regret2_insert_repair;vehicle_type_swap+regret3_insert_repair,2.5262267499929294,,True
independent,5,1,4692.632056046293,q_bar,1;2;3;4;5;6;7;8,add;add;add;demand_change;demand_change;cancel;demand_change;demand_change,1;2;3;4;5;6;7;8,,8,13776.912348558379,9084.280292512085,9,27,4942.783318474176,6489.645853296986,0,3,0,,223,50,173,20,2a25ce957c663a5ad95dcb79b93f43694c10b80093ac4b54efac81d13b01ad89,41f6f246d0d5b74f21046eb60831816e8d3ea15686a2b2a7bf36386f5e18eff7,52c104065c9734afedc337d6d5fc60bcf37c3c54cf5b89a3e933ce8124d94e10,104b308461ec1188c2b38f8cf7cd7342d3441baf73cf5e1e0ebdb5ba33424f9d,9dde89658431f7b3a209571e9ca2b1e70f8a532c89fdaa84b7742b2f1e251351,69aee3609925f500998531cf471e72a54894bd19a7f8f0e4389a8c36853abfb3,c80a19b280c06b50d81052a34ed7c932d5a7fe2a1c0bfd819c770cae787f151f,469d48e389f7f19d0af5ebbb5d1ff20c6200f09319eedf312fd189bf055e16c3,PASS,True,5,400,400,8,3,"{""E7_DYNAMIC_MULTITRIP_V1: no inherited asset can serve open route CV10#T1"": 160, ""E7_DYNAMIC_MULTITRIP_V1: no inherited asset can serve open route CV11#T1"": 1, ""E7_DYNAMIC_MULTITRIP_V1: no inherited asset can serve open route CV13#T1"": 1, ""E7_DYNAMIC_MULTITRIP_V1: no inherited asset can serve open route CV28#T1"": 6, ""E7_DYNAMIC_MULTITRIP_V1: no inherited asset can serve open route CV9#T1"": 32, ""E7_DYNAMIC_MULTITRIP_V1: no inherited asset can serve open route DYN_EVENT_N_S5_002"": 49, ""E7_DYNAMIC_MULTITRIP_V1: no inherited asset can serve open route DYN_OPEN_016"": 1, ""E7_DYNAMIC_MULTITRIP_V1: no inherited asset can serve open route DYN_OPEN_017"": 15, ""E7_DYNAMIC_MULTITRIP_V1: no inherited asset can serve open route DYN_OPEN_018"": 7, ""E7_DYNAMIC_MULTITRIP_V1: no inherited asset can serve open route DYN_OPEN_020"": 28, ""E7_DYNAMIC_MULTITRIP_V1: no inherited asset can serve open route DYN_OPEN_021"": 1, ""E7_DYNAMIC_MULTITRIP_V1: no inherited asset can serve open route DYN_OPEN_022"": 4, ""E7_DYNAMIC_MULTITRIP_V1: no inherited asset can serve open route DYN_OPEN_023"": 5, ""E7_DYNAMIC_MULTITRIP_V1: no inherited asset can serve open route DYN_OPEN_024"": 9, ""E7_DYNAMIC_MULTITRIP_V1: no inherited asset can serve open route DYN_OPEN_025"": 12, ""E7_DYNAMIC_MULTITRIP_V1: no inherited asset can serve open route DYN_OPEN_026"": 9, ""E7_DYNAMIC_MULTITRIP_V1: no inherited asset can serve open route DYN_OPEN_027"": 48, ""E7_DYNAMIC_MULTITRIP_V1: no inherited asset can serve open route DYN_OPEN_028"": 2, ""E7_DYNAMIC_MULTITRIP_V1: no inherited asset can serve open route DYN_OPEN_030"": 1, ""E7_DYNAMIC_MULTITRIP_V1: no inherited asset can serve open route DYN_OPEN_031"": 1}",400,5001,random_customer_removal+greedy_insert_repair;random_customer_removal+regret2_insert_repair;random_customer_removal+regret3_insert_repair;worst_customer_removal+greedy_insert_repair;worst_customer_removal+regret2_insert_repair;worst_customer_removal+regret3_insert_repair;shaw_related_removal+greedy_insert_repair;shaw_related_removal+regret2_insert_repair;shaw_related_removal+regret3_insert_repair;whole_route_removal+greedy_insert_repair;whole_route_removal+regret2_insert_repair;whole_route_removal+regret3_insert_repair;route_segment_removal+greedy_insert_repair;route_segment_removal+regret2_insert_repair;route_segment_removal+regret3_insert_repair;vehicle_type_swap+greedy_insert_repair;vehicle_type_swap+regret2_insert_repair;vehicle_type_swap+regret3_insert_repair,69.99051591701573,True,True
independent,5,2,13776.912348558379,q_bar,9;10;11;12;13;14;15;16,demand_change;demand_change;demand_change;cancel;demand_change;cancel;cancel;cancel,9;10;11;12;13;14;15;16,,8,15407.992020404161,1631.0796718457823,15,22,3920.3889751632696,6579.98097564083,0,3,0,,219,83,136,20,29abf5951c2bd781ef2543b12f467748128dd80cdec4c519f3e7a435a4f55e10,df73397a5041665910a5eb27fd8c98e6bd2d7fc0fe54c1b49447c16d9ae90a20,00cb74b94138427f4145c7036f80fd0f4fb8173251b2c8d4322d881e2dc8ebc6,055df1e4962fd6bba601dca2ecb9932dd4577608237afea390f7f1a52631bf0f,259a6e612f43445612d7ad6b3b58ac0afbcba41ba67b8ba018842083a9584c93,e5644ed77dcc3b480d5a9762c03ef0e02186946029ca65d001c01aacdc1ab273,0337fd009252d55aab1fbe6cd776682c83fc36eccb21fefcc68014870ebe0040,535cb019989468cda2011a4d3e108cc0cc96d6f5315d096a4583d53e6b4ba04f,PASS,True,1,400,400,66,8,"{""E7_DYNAMIC_MULTITRIP_V1: no inherited asset can serve open route CV12#T1"": 21, ""E7_DYNAMIC_MULTITRIP_V1: no inherited asset can serve open route CV13#T1"": 178, ""E7_DYNAMIC_MULTITRIP_V1: no inherited asset can serve open route CV17#T1"": 1, ""E7_DYNAMIC_MULTITRIP_V1: no inherited asset can serve open route DYN_OPEN_012"": 9, ""E7_DYNAMIC_MULTITRIP_V1: no inherited asset can serve open route DYN_OPEN_013"": 1, ""E7_DYNAMIC_MULTITRIP_V1: no inherited asset can serve open route DYN_OPEN_014"": 1, ""E7_DYNAMIC_MULTITRIP_V1: no inherited asset can serve open route DYN_OPEN_015"": 10, ""E7_DYNAMIC_MULTITRIP_V1: no inherited asset can serve open route DYN_OPEN_016"": 5, ""E7_DYNAMIC_MULTITRIP_V1: no inherited asset can serve open route DYN_OPEN_017"": 9, ""E7_DYNAMIC_MULTITRIP_V1: no inherited asset can serve open route DYN_OPEN_018"": 25, ""E7_DYNAMIC_MULTITRIP_V1: no inherited asset can serve open route DYN_OPEN_019"": 15, ""E7_DYNAMIC_MULTITRIP_V1: no inherited asset can serve open route DYN_OPEN_020"": 18, ""E7_DYNAMIC_MULTITRIP_V1: no inherited asset can serve open route DYN_OPEN_021"": 12, ""E7_DYNAMIC_MULTITRIP_V1: no inherited asset can serve open route DYN_OPEN_022"": 21, ""E7_DYNAMIC_MULTITRIP_V1: no inherited asset can serve open route DYN_OPEN_023"": 8}",400,5002,random_customer_removal+greedy_insert_repair;random_customer_removal+regret2_insert_repair;random_customer_removal+regret3_insert_repair;worst_customer_removal+greedy_insert_repair;worst_customer_removal+regret2_insert_repair;worst_customer_removal+regret3_insert_repair;shaw_related_removal+greedy_insert_repair;shaw_related_removal+regret2_insert_repair;shaw_related_removal+regret3_insert_repair;whole_route_removal+greedy_insert_repair;whole_route_removal+regret2_insert_repair;whole_route_removal+regret3_insert_repair;route_segment_removal+greedy_insert_repair;route_segment_removal+regret2_insert_repair;route_segment_removal+regret3_insert_repair;vehicle_type_swap+greedy_insert_repair;vehicle_type_swap+regret2_insert_repair;vehicle_type_swap+regret3_insert_repair,10.017049167014193,True,True
independent,5,3,15407.992020404161,q_bar,17;18;19;20;21;22;23;24,add;add;add;add;add;add;add;cancel,17;18;19;20;21;22;23;24,,8,23355.20016237953,7947.208141975369,16,24,4269.443607854537,7208.9615866452095,0,10,0,,225,95,130,20,e7020617a3e5cb6e00397928fb9c5bbccfd5025e75b4f50d96f140775d5f6387,c5533ce40805a2645724eed6b76c660b8e7597b7691498166051bcc26a0c0013,a0fb3217f2fb8cd8946bc8ce6f505c5b40e80240fb220233e78a65f1139fe765,f47981b467f8a69d7c0aa9f6b8cd4826a907e6d35d1261c24174361e04829ae7,b7ca06ea02e9a5786306762df0aa185fb6279ad3ddb4294610f41a842e307650,4ca06146607a377055054a669280e7f3408c6526a63221e7871f9c3e0ccac84f,ac87c783d82ce4099098ce2857fee70cbd137447ed671e97fdb2fa96adc557d1,37df8f39c4f272ad831967bc1bb97929a47edf3f1910e30dcf904e9b48f4b1b5,PASS,True,5,400,400,13,2,"{""E7_DYNAMIC_MULTITRIP_V1: no inherited asset can serve open route CV12#T1"": 57, ""E7_DYNAMIC_MULTITRIP_V1: no inherited asset can serve open route CV13#T1"": 134, ""E7_DYNAMIC_MULTITRIP_V1: no inherited asset can serve open route CV22#T1"": 2, ""E7_DYNAMIC_MULTITRIP_V1: no inherited asset can serve open route CV24#T1"": 1, ""E7_DYNAMIC_MULTITRIP_V1: no inherited asset can serve open route CV4#T1"": 6, ""E7_DYNAMIC_MULTITRIP_V1: no inherited asset can serve open route DYN_EVENT_N_S5_004"": 2, ""E7_DYNAMIC_MULTITRIP_V1: no inherited asset can serve open route DYN_EVENT_N_S5_007"": 2, ""E7_DYNAMIC_MULTITRIP_V1: no inherited asset can serve open route DYN_EVENT_N_S5_009"": 4, ""E7_DYNAMIC_MULTITRIP_V1: no inherited asset can serve open route DYN_EVENT_N_S5_010"": 1, ""E7_DYNAMIC_MULTITRIP_V1: no inherited asset can serve open route DYN_OPEN_005"": 2, ""E7_DYNAMIC_MULTITRIP_V1: no inherited asset can serve open route DYN_OPEN_013"": 10, ""E7_DYNAMIC_MULTITRIP_V1: no inherited asset can serve open route DYN_OPEN_014"": 6, ""E7_DYNAMIC_MULTITRIP_V1: no inherited asset can serve open route DYN_OPEN_015"": 41, ""E7_DYNAMIC_MULTITRIP_V1: no inherited asset can serve open route DYN_OPEN_016"": 9, ""E7_DYNAMIC_MULTITRIP_V1: no inherited asset can serve open route DYN_OPEN_017"": 1, ""E7_DYNAMIC_MULTITRIP_V1: no inherited asset can serve open route DYN_OPEN_018"": 4, ""E7_DYNAMIC_MULTITRIP_V1: no inherited asset can serve open route DYN_OPEN_019"": 36, ""E7_DYNAMIC_MULTITRIP_V1: no inherited asset can serve open route DYN_OPEN_020"": 1, ""E7_DYNAMIC_MULTITRIP_V1: no inherited asset can serve open route DYN_OPEN_021"": 2, ""E7_DYNAMIC_MULTITRIP_V1: no inherited asset can serve open route DYN_OPEN_022"": 31, ""E7_DYNAMIC_MULTITRIP_V1: no inherited asset can serve open route DYN_OPEN_023"": 12, ""E7_DYNAMIC_MULTITRIP_V1: no inherited asset can serve open route DYN_OPEN_024"": 15, ""E7_DYNAMIC_MULTITRIP_V1: no inherited asset can serve open route DYN_OPEN_025"": 1, ""E7_DYNAMIC_MULTITRIP_V1: no inherited asset can serve open route DYN_OPEN_026"": 6, ""E7_DYNAMIC_MULTITRIP_V1: no inherited asset can serve open route DYN_OPEN_028"": 1}",400,5003,random_customer_removal+greedy_insert_repair;random_customer_removal+regret2_insert_repair;random_customer_removal+regret3_insert_repair;worst_customer_removal+greedy_insert_repair;worst_customer_removal+regret2_insert_repair;worst_customer_removal+regret3_insert_repair;shaw_related_removal+greedy_insert_repair;shaw_related_removal+regret2_insert_repair;shaw_related_removal+regret3_insert_repair;whole_route_removal+greedy_insert_repair;whole_route_removal+regret2_insert_repair;whole_route_removal+regret3_insert_repair;route_segment_removal+greedy_insert_repair;route_segment_removal+regret2_insert_repair;route_segment_removal+regret3_insert_repair;vehicle_type_swap+greedy_insert_repair;vehicle_type_swap+regret2_insert_repair;vehicle_type_swap+regret3_insert_repair,8.705563916999381,True,True
independent,5,4,23355.20016237953,q_bar,25;26;27;28;29;30;31;32,add;demand_change;add;add;add;demand_change;demand_change;add,25;27;28;29;30;31;32,26,8,31543.031716107234,8187.831553727705,28,16,2749.8940508845476,7645.248909651371,0,15,0,,230,159,71,20,a00b59e691c736305fe34567066b5095a615b8d003ac88c944fee5cf074a4d9a,08c045603e41c3ee1f1f3d29c8872391795b7a01127b6c1ec0d55491ad3ad69e,c842ddfa4dee4769ea0ae403632583b126c8494dc53f6a0fdb08c3eb7a392a30,77fc3289525ca52c2ddd59f5e2819c67b74b6767ff53b9aedcef498832ca04f9,18f07cb5901148658c40074964e739ed4e784f87cf9b11f7ac91672ef63b4690,a15741d5ef512e1e152e45e3e71c097c0dc1634af7d0f7f803cffca57bd9f0f9,0cd30876a4020ed3b6fc4fafcfa4b390d101f37f480612b6ae4090fe81db5d80,40d352db3eafef82938ab5914f9c86a42f09239e2efd1295ca6ea1f9c6cc2813,PASS,True,4,400,400,25,4,"{""E7_DYNAMIC_MULTITRIP_V1: no inherited asset can serve open route CV3#T1"": 14, ""E7_DYNAMIC_MULTITRIP_V1: no inherited asset can serve open route CV4#T1"": 186, ""E7_DYNAMIC_MULTITRIP_V1: no inherited asset can serve open route DYN_EVENT_N_S5_013"": 1, ""E7_DYNAMIC_MULTITRIP_V1: no inherited asset can serve open route DYN_EVENT_N_S5_015"": 1, ""E7_DYNAMIC_MULTITRIP_V1: no inherited asset can serve open route DYN_OPEN_007"": 3, ""E7_DYNAMIC_MULTITRIP_V1: no inherited asset can serve open route DYN_OPEN_011"": 64, ""E7_DYNAMIC_MULTITRIP_V1: no inherited asset can serve open route DYN_OPEN_012"": 69, ""E7_DYNAMIC_MULTITRIP_V1: no inherited asset can serve open route DYN_OPEN_013"": 8, ""E7_DYNAMIC_MULTITRIP_V1: no inherited asset can serve open route DYN_OPEN_014"": 1, ""E7_DYNAMIC_MULTITRIP_V1: no inherited asset can serve open route DYN_OPEN_015"": 1, ""E7_DYNAMIC_MULTITRIP_V1: no inherited asset can serve open route DYN_OPEN_016"": 25, ""E7_DYNAMIC_MULTITRIP_V1: no inherited asset can serve open route DYN_OPEN_017"": 2}",400,5004,random_customer_removal+greedy_insert_repair;random_customer_removal+regret2_insert_repair;random_customer_removal+regret3_insert_repair;worst_customer_removal+greedy_insert_repair;worst_customer_removal+regret2_insert_repair;worst_customer_removal+regret3_insert_repair;shaw_related_removal+greedy_insert_repair;shaw_related_removal+regret2_insert_repair;shaw_related_removal+regret3_insert_repair;whole_route_removal+greedy_insert_repair;whole_route_removal+regret2_insert_repair;whole_route_removal+regret3_insert_repair;route_segment_removal+greedy_insert_repair;route_segment_removal+regret2_insert_repair;route_segment_removal+regret3_insert_repair;vehicle_type_swap+greedy_insert_repair;vehicle_type_swap+regret2_insert_repair;vehicle_type_swap+regret3_insert_repair,4.344747000024654,True,True
independent,5,5,31543.031716107234,q_bar,33;34;35;36;37;38;39;40,demand_change;add;demand_change;cancel;demand_change;cancel;cancel;add,33;34;35;36;38;39;40,37,8,37855.229773535175,6312.1980574279405,29,15,2624.1665424279627,7628.278039993924,0,17,0,,229,164,65,20,23eaa80919c5add40f23ffd9ae47fea5a02452336a489cc8e00194415ace2419,f1f604630e4af346a3f7ada27d1c48c3e6aa4c7ce5895e12b1d27fb88251d278,c842ddfa4dee4769ea0ae403632583b126c8494dc53f6a0fdb08c3eb7a392a30,e06b68c76816851fc2406413f320c05405ba3f22ec324d0633a67122791aae7b,eaab51fe7d24f7dc0f1441c8d922703d361647eb3ca0bf6bb4f96bb154988a71,b1301487d65ae7c5e3e9ae559ebda2cad7848315ee838d57542617f716184ddb,2841a4d066de02e1ba0478a4b5dd652e5f6b88f58220bbf2f0a62a7d234cca81,9d964255e75d809a1ea554c4763d75c6ac9f7b646a6c1d583b1dd849f152727b,PASS,True,5,400,400,34,3,"{""E7_DYNAMIC_MULTITRIP_V1: no inherited asset can serve open route CV10#T1"": 10, ""E7_DYNAMIC_MULTITRIP_V1: no inherited asset can serve open route CV11#T1"": 15, ""E7_DYNAMIC_MULTITRIP_V1: no inherited asset can serve open route CV2#T1"": 12, ""E7_DYNAMIC_MULTITRIP_V1: no inherited asset can serve open route CV3#T1"": 1, ""E7_DYNAMIC_MULTITRIP_V1: no inherited asset can serve open route CV4#T1"": 5, ""E7_DYNAMIC_MULTITRIP_V1: no inherited asset can serve open route CV5#T1"": 143, ""E7_DYNAMIC_MULTITRIP_V1: no inherited asset can serve open route CV9#T1"": 14, ""E7_DYNAMIC_MULTITRIP_V1: no inherited asset can serve open route DYN_EVENT_C163"": 62, ""E7_DYNAMIC_MULTITRIP_V1: no inherited asset can serve open route DYN_OPEN_001"": 8, ""E7_DYNAMIC_MULTITRIP_V1: no inherited asset can serve open route DYN_OPEN_003"": 21, ""E7_DYNAMIC_MULTITRIP_V1: no inherited asset can serve open route DYN_OPEN_005"": 18, ""E7_DYNAMIC_MULTITRIP_V1: no inherited asset can serve open route DYN_OPEN_006"": 6, ""E7_DYNAMIC_MULTITRIP_V1: no inherited asset can serve open route DYN_OPEN_011"": 15, ""E7_DYNAMIC_MULTITRIP_V1: no inherited asset can serve open route DYN_OPEN_013"": 12, ""E7_DYNAMIC_MULTITRIP_V1: no inherited asset can serve open route DYN_OPEN_014"": 4, ""E7_DYNAMIC_MULTITRIP_V1: no inherited asset can serve open route DYN_OPEN_015"": 18, ""E7_DYNAMIC_MULTITRIP_V1: no inherited asset can serve open route DYN_OPEN_019"": 2}",400,5005,random_customer_removal+greedy_insert_repair;random_customer_removal+regret2_insert_repair;random_customer_removal+regret3_insert_repair;worst_customer_removal+greedy_insert_repair;worst_customer_removal+regret2_insert_repair;worst_customer_removal+regret3_insert_repair;shaw_related_removal+greedy_insert_repair;shaw_related_removal+regret2_insert_repair;shaw_related_removal+regret3_insert_repair;whole_route_removal+greedy_insert_repair;whole_route_removal+regret2_insert_repair;whole_route_removal+regret3_insert_repair;route_segment_removal+greedy_insert_repair;route_segment_removal+regret2_insert_repair;route_segment_removal+regret3_insert_repair;vehicle_type_swap+greedy_insert_repair;vehicle_type_swap+regret2_insert_repair;vehicle_type_swap+regret3_insert_repair,4.220898833998945,True,True
independent,5,6,37855.229773535175,q_bar,41;42;43;44;45;46;47;48,add;add;demand_change;add;cancel;add;demand_change;demand_change,41;42;43;44;45;46;47;48,,8,48655.229773535175,10800.0,33,18,2776.8749759332522,8678.720019964456,0,21,0,,232,187,45,20,9d651b803bf05a3867305a845fe6043b0293f577a8697c5d401e58a5864be76d,c197257ea58cf7553ecc93de8a8816104fef047c2d62ca46b7a09a6563c14fd6,b05f5a632126bf4f0acdab4a48bc176695eba11f47e11f03fa48aed7b71e237e,938cacbcb7abd87cdd0f07ba27fc9ef0232ace131b4d31b457a51204584d302c,ad0f15f06069d3f31c3f0a9beaca86ef1c56a87b0647f636d4758ef54ac33d01,e9930a6d942e53527275f1431ac5a9d0f797469e9d4ba23361443f885c7ed853,38191b06526fc69095dcb3d1cc95067a1cea52b176d63c26daa5544d0a1ecf84,fd9162c0bc441cd5bb24da85131eef576f527f43708349a886dde550edede6ef,PASS,False,0,400,400,12,2,"{""E7_DYNAMIC_MULTITRIP_V1: no inherited asset can serve open route DYN_EVENT_C121"": 65, ""E7_DYNAMIC_MULTITRIP_V1: no inherited asset can serve open route DYN_EVENT_C206"": 1, ""E7_DYNAMIC_MULTITRIP_V1: no inherited asset can serve open route DYN_EVENT_C217"": 3, ""E7_DYNAMIC_MULTITRIP_V1: no inherited asset can serve open route DYN_EVENT_N_S5_018"": 1, ""E7_DYNAMIC_MULTITRIP_V1: no inherited asset can serve open route DYN_EVENT_N_S5_021"": 10, ""E7_DYNAMIC_MULTITRIP_V1: no inherited asset can serve open route DYN_OPEN_001"": 62, ""E7_DYNAMIC_MULTITRIP_V1: no inherited asset can serve open route DYN_OPEN_002"": 3, ""E7_DYNAMIC_MULTITRIP_V1: no inherited asset can serve open route DYN_OPEN_003"": 51, ""E7_DYNAMIC_MULTITRIP_V1: no inherited asset can serve open route DYN_OPEN_004"": 2, ""E7_DYNAMIC_MULTITRIP_V1: no inherited asset can serve open route DYN_OPEN_005"": 1, ""E7_DYNAMIC_MULTITRIP_V1: no inherited asset can serve open route DYN_OPEN_006"": 17, ""E7_DYNAMIC_MULTITRIP_V1: no inherited asset can serve open route DYN_OPEN_009"": 1, ""E7_DYNAMIC_MULTITRIP_V1: no inherited asset can serve open route DYN_OPEN_010"": 4, ""E7_DYNAMIC_MULTITRIP_V1: no inherited asset can serve open route DYN_OPEN_011"": 3, ""E7_DYNAMIC_MULTITRIP_V1: no inherited asset can serve open route DYN_OPEN_012"": 9, ""E7_DYNAMIC_MULTITRIP_V1: no inherited asset can serve open route DYN_OPEN_013"": 17, ""E7_DYNAMIC_MULTITRIP_V1: no inherited asset can serve open route DYN_OPEN_014"": 15, ""E7_DYNAMIC_MULTITRIP_V1: no inherited asset can serve open route DYN_OPEN_015"": 21, ""E7_DYNAMIC_MULTITRIP_V1: no inherited asset can serve open route DYN_OPEN_017"": 1, ""E7_DYNAMIC_MULTITRIP_V1: no inherited asset can serve open route REPACK_001"": 16, ""E7_DYNAMIC_MULTITRIP_V1: no inherited asset can serve open route REPACK_002"": 9, ""E7_DYNAMIC_MULTITRIP_V1: no inherited asset can serve open route REPACK_003"": 8, ""E7_DYNAMIC_MULTITRIP_V1: no inherited asset can serve open route REPACK_004"": 7, ""E7_DYNAMIC_MULTITRIP_V1: no inherited asset can serve open route REPACK_005"": 8, ""E7_DYNAMIC_MULTITRIP_V1: no inherited asset can serve open route REPACK_006"": 4, ""E7_DYNAMIC_MULTITRIP_V1: no inherited asset can serve open route REPACK_008"": 1, ""E7_DYNAMIC_MULTITRIP_V1: route DYN_OPEN_001 exceeds one battery"": 1, ""E7_DYNAMIC_MULTITRIP_V1: route REPACK_001 exceeds one battery"": 17, ""E7_DYNAMIC_MULTITRIP_V1: route REPACK_002 exceeds one battery"": 11, ""E7_DYNAMIC_MULTITRIP_V1: route REPACK_003 exceeds one battery"": 8, ""E7_DYNAMIC_MULTITRIP_V1: route REPACK_004 exceeds one battery"": 4, ""E7_DYNAMIC_MULTITRIP_V1: route REPACK_005 exceeds one battery"": 3, ""E7_DYNAMIC_MULTITRIP_V1: route REPACK_006 exceeds one battery"": 3, ""E7_DYNAMIC_MULTITRIP_V1: route REPACK_007 exceeds one battery"": 1}",400,5006,random_customer_removal+greedy_insert_repair;random_customer_removal+regret2_insert_repair;random_customer_removal+regret3_insert_repair;worst_customer_removal+greedy_insert_repair;worst_customer_removal+regret2_insert_repair;worst_customer_removal+regret3_insert_repair;shaw_related_removal+greedy_insert_repair;shaw_related_removal+regret2_insert_repair;shaw_related_removal+regret3_insert_repair;whole_route_removal+greedy_insert_repair;whole_route_removal+regret2_insert_repair;whole_route_removal+regret3_insert_repair;route_segment_removal+greedy_insert_repair;route_segment_removal+regret2_insert_repair;route_segment_removal+regret3_insert_repair;vehicle_type_swap+greedy_insert_repair;vehicle_type_swap+regret2_insert_repair;vehicle_type_swap+regret3_insert_repair,6.983050125010777,True,True
independent,5,7,48655.229773535175,delta_t,49;50;51;52;53;54;55,demand_change;demand_change;demand_change;cancel;demand_change;add;demand_change,49;50;51;52;53;54,55,7,,,41,9,1354.3881964405045,8530.755790843661,0,22,0,,232,205,27,20,d44c6c6db716810fc33bcd20f3f38581a54506ea22cf50e5c7ecb4c751792712,1f4b6a6efa2c0c3188facc8420d84829d2e899b7571007c62d65c5013b4f973b,1f1db9f8191b30e2405a81cfd69d9a94a26f88bfddb20d93dd9dfb1cbfd8152a,20d2d0a76eb38ec21ee4f8d9ba89598c56c861b4de812f4aa851564fc2a1aa8e,2f1c6adf4a2dafba2cc095d247b44632fa78059209f02dc19d4ed25feb471cd8,fe4e72459ee6285d2424be65d548638078555fd47cd2c562bea8129a5c1de285,7428aab62b72cb331cb7159783ba7dd20a7fc39898efea7c2600cc2fd4eea8b1,2d7d2899f1ad43eafead5ca69e89064224766c001fc771a4b9b3525fa9569551,PASS,True,6,400,400,19,4,"{""E7_DYNAMIC_MULTITRIP_V1: no inherited asset can serve open route CV2#T1"": 16, ""E7_DYNAMIC_MULTITRIP_V1: no inherited asset can serve open route CV5#T1"": 5, ""E7_DYNAMIC_MULTITRIP_V1: no inherited asset can serve open route CV6#T1"": 22, ""E7_DYNAMIC_MULTITRIP_V1: no inherited asset can serve open route CV7#T1"": 154, ""E7_DYNAMIC_MULTITRIP_V1: no inherited asset can serve open route CV9#T1"": 3, ""E7_DYNAMIC_MULTITRIP_V1: no inherited asset can serve open route DYN_EVENT_C109"": 49, ""E7_DYNAMIC_MULTITRIP_V1: no inherited asset can serve open route DYN_EVENT_C201"": 1, ""E7_DYNAMIC_MULTITRIP_V1: no inherited asset can serve open route DYN_EVENT_C210"": 2, ""E7_DYNAMIC_MULTITRIP_V1: no inherited asset can serve open route DYN_OPEN_001"": 3, ""E7_DYNAMIC_MULTITRIP_V1: no inherited asset can serve open route DYN_OPEN_004"": 4, ""E7_DYNAMIC_MULTITRIP_V1: no inherited asset can serve open route DYN_OPEN_005"": 19, ""E7_DYNAMIC_MULTITRIP_V1: no inherited asset can serve open route DYN_OPEN_006"": 37, ""E7_DYNAMIC_MULTITRIP_V1: no inherited asset can serve open route DYN_OPEN_007"": 32, ""E7_DYNAMIC_MULTITRIP_V1: no inherited asset can serve open route DYN_OPEN_008"": 20, ""E7_DYNAMIC_MULTITRIP_V1: no inherited asset can serve open route DYN_OPEN_009"": 10, ""E7_DYNAMIC_MULTITRIP_V1: no inherited asset can serve open route DYN_OPEN_010"": 2, ""E7_DYNAMIC_MULTITRIP_V1: no inherited asset can serve open route DYN_OPEN_011"": 1, ""E7_DYNAMIC_MULTITRIP_V1: no inherited asset can serve open route DYN_OPEN_012"": 1}",400,5007,random_customer_removal+greedy_insert_repair;random_customer_removal+regret2_insert_repair;random_customer_removal+regret3_insert_repair;worst_customer_removal+greedy_insert_repair;worst_customer_removal+regret2_insert_repair;worst_customer_removal+regret3_insert_repair;shaw_related_removal+greedy_insert_repair;shaw_related_removal+regret2_insert_repair;shaw_related_removal+regret3_insert_repair;whole_route_removal+greedy_insert_repair;whole_route_removal+regret2_insert_repair;whole_route_removal+regret3_insert_repair;route_segment_removal+greedy_insert_repair;route_segment_removal+regret2_insert_repair;route_segment_removal+regret3_insert_repair;vehicle_type_swap+greedy_insert_repair;vehicle_type_swap+regret2_insert_repair;vehicle_type_swap+regret3_insert_repair,2.13997100002598,,True
