2026-06-29 17:42:42	Pilot24 start
2026-06-29 17:42:43	Stage0 generate split=train idx=0 scenario=E-UK25_02__curric_d2_s3_seed24000_24h
2026-06-29 17:42:43	Stage0 generate split=train idx=1 scenario=E-UK25_03__curric_d2_s3_seed24001_24h
2026-06-29 17:42:43	Stage0 generate split=train idx=2 scenario=E-UK25_04__curric_d2_s3_seed24002_24h
2026-06-29 17:42:44	Stage0 generate split=train idx=3 scenario=E-UK25_05__curric_d2_s3_seed24003_24h
2026-06-29 17:42:44	Stage0 generate split=train idx=4 scenario=E-UK25_06__curric_d2_s3_seed24004_24h
2026-06-29 17:42:44	Stage0 generate split=train idx=5 scenario=E-UK25_07__curric_d2_s3_seed24005_24h
2026-06-29 17:42:45	Stage0 generate split=train idx=6 scenario=E-UK25_08__curric_d2_s3_seed24006_24h
2026-06-29 17:42:45	Stage0 generate split=train idx=7 scenario=E-UK25_09__curric_d2_s3_seed24007_24h
2026-06-29 17:42:45	Stage0 generate split=train idx=8 scenario=E-UK25_10__curric_d2_s3_seed24008_24h
2026-06-29 17:42:46	Stage0 generate split=train idx=9 scenario=E-UK25_11__curric_d2_s3_seed24009_24h
2026-06-29 17:42:46	Stage0 generate split=train idx=10 scenario=E-UK25_12__curric_d2_s3_seed24010_24h
2026-06-29 17:42:46	Stage0 generate split=train idx=11 scenario=E-UK25_13__curric_d2_s3_seed24011_24h
2026-06-29 17:42:47	Stage0 generate split=train idx=12 scenario=E-UK25_14__curric_d2_s3_seed24012_24h
2026-06-29 17:42:47	Stage0 generate split=train idx=13 scenario=E-UK25_15__curric_d2_s3_seed24013_24h
2026-06-29 17:42:47	Stage0 generate split=train idx=14 scenario=E-UK25_16__curric_d2_s3_seed24014_24h
2026-06-29 17:42:48	Stage0 generate split=train idx=15 scenario=E-UK25_17__curric_d2_s3_seed24015_24h
2026-06-29 17:42:48	Stage0 generate split=train idx=16 scenario=E-UK25_18__curric_d2_s3_seed24016_24h
2026-06-29 17:42:48	Stage0 generate split=train idx=17 scenario=E-UK25_19__curric_d2_s3_seed24017_24h
2026-06-29 17:42:49	Stage0 generate split=train idx=18 scenario=E-UK25_20__curric_d2_s3_seed24018_24h
2026-06-29 17:42:49	Stage0 generate split=train idx=19 scenario=E-UK25_02__curric_d2_s3_seed24019_24h
2026-06-29 17:42:49	Stage0 generate split=train idx=20 scenario=E-UK25_03__curric_d2_s3_seed24020_24h
2026-06-29 17:42:49	Stage0 generate split=train idx=21 scenario=E-UK25_04__curric_d2_s3_seed24021_24h
2026-06-29 17:42:50	Stage0 generate split=train idx=22 scenario=E-UK25_05__curric_d2_s3_seed24022_24h
2026-06-29 17:42:50	Stage0 generate split=train idx=23 scenario=E-UK25_06__curric_d2_s3_seed24023_24h
2026-06-29 17:42:50	Stage0 generate split=train idx=24 scenario=E-UK25_07__curric_d2_s3_seed24024_24h
2026-06-29 17:42:51	Stage0 generate split=train idx=25 scenario=E-UK25_08__curric_d2_s3_seed24025_24h
2026-06-29 17:42:51	Stage0 generate split=train idx=26 scenario=E-UK25_09__curric_d2_s3_seed24026_24h
2026-06-29 17:42:51	Stage0 generate split=train idx=27 scenario=E-UK25_10__curric_d2_s3_seed24027_24h
2026-06-29 17:42:52	Stage0 generate split=train idx=28 scenario=E-UK25_11__curric_d2_s3_seed24028_24h
2026-06-29 17:42:52	Stage0 generate split=train idx=29 scenario=E-UK25_12__curric_d2_s3_seed24029_24h
2026-06-29 17:42:52	Stage0 generate split=train idx=30 scenario=E-UK25_13__curric_d2_s3_seed24030_24h
2026-06-29 17:42:52	Stage0 generate split=train idx=31 scenario=E-UK25_14__curric_d2_s3_seed24031_24h
2026-06-29 17:42:53	Stage0 generate split=train idx=32 scenario=E-UK25_15__curric_d2_s3_seed24032_24h
2026-06-29 17:45:21	Pilot24 start
2026-06-29 17:45:21	Stage0 reject split=train idx=32 scenario=E-UK25_15__curric_d2_s3_seed24032_24h: models\data_bundle\generated_instances\pilot24_data_generalization\E-UK25_15__curric_d2_s3_seed24032_24h: validation did not pass: {'customer_count': 25, 'customer_demand_cap': 1040.0, 'depot_count': 2, 'distance_matrix_shape': [30, 30], 'duplicate_coordinate_count': 0, 'exact_base_layout_relaxed': False, 'isolated_customer_share': 0.16, 'max_customer_demand': 805.1, 'min_depot_distance': 34971.68394091376, 'node_count': 30, 'passed': False, 'station_count': 3}
2026-06-29 17:45:21	Stage0 generate split=train idx=33 scenario=E-UK25_16__curric_d2_s3_seed24033_24h
2026-06-29 17:45:22	Stage0 generate split=train idx=34 scenario=E-UK25_17__curric_d2_s3_seed24034_24h
2026-06-29 17:45:22	Stage0 generate split=train idx=35 scenario=E-UK25_18__curric_d2_s3_seed24035_24h
2026-06-29 17:45:22	Stage0 generate split=train idx=36 scenario=E-UK25_19__curric_d2_s3_seed24036_24h
2026-06-29 17:45:23	Stage0 generate split=train idx=37 scenario=E-UK25_20__curric_d2_s3_seed24037_24h
2026-06-29 17:45:23	Stage0 generate split=train idx=38 scenario=E-UK25_02__curric_d2_s3_seed24038_24h
2026-06-29 17:45:23	Stage0 generate split=train idx=39 scenario=E-UK25_03__curric_d2_s3_seed24039_24h
2026-06-29 17:45:23	Stage0 generate split=train idx=40 scenario=E-UK25_04__curric_d2_s3_seed24040_24h
2026-06-29 17:45:24	Stage0 generate split=train idx=41 scenario=E-UK25_05__curric_d2_s3_seed24041_24h
2026-06-29 17:45:24	Stage0 generate split=train idx=42 scenario=E-UK25_06__curric_d2_s3_seed24042_24h
2026-06-29 17:45:24	Stage0 generate split=train idx=43 scenario=E-UK25_07__curric_d2_s3_seed24043_24h
2026-06-29 17:45:25	Stage0 generate split=train idx=44 scenario=E-UK25_08__curric_d2_s3_seed24044_24h
2026-06-29 17:45:25	Stage0 generate split=train idx=45 scenario=E-UK25_09__curric_d2_s3_seed24045_24h
2026-06-29 17:45:25	Stage0 generate split=train idx=46 scenario=E-UK25_10__curric_d2_s3_seed24046_24h
2026-06-29 17:45:26	Stage0 generate split=train idx=47 scenario=E-UK25_11__curric_d2_s3_seed24047_24h
2026-06-29 17:45:26	Stage0 generate split=train idx=48 scenario=E-UK25_12__curric_d2_s3_seed24048_24h
2026-06-29 17:45:26	Stage0 generate split=train idx=49 scenario=E-UK25_13__curric_d2_s3_seed24049_24h
2026-06-29 17:45:27	Stage0 generate split=train idx=50 scenario=E-UK25_14__curric_d2_s3_seed24050_24h
2026-06-29 17:45:27	Stage0 generate split=train idx=51 scenario=E-UK25_15__curric_d2_s3_seed24051_24h
2026-06-29 17:45:27	Stage0 generate split=train idx=52 scenario=E-UK25_16__curric_d2_s3_seed24052_24h
2026-06-29 17:45:27	Stage0 generate split=train idx=53 scenario=E-UK25_17__curric_d2_s3_seed24053_24h
2026-06-29 17:45:28	Stage0 generate split=train idx=54 scenario=E-UK25_18__curric_d2_s3_seed24054_24h
2026-06-29 17:45:28	Stage0 generate split=train idx=55 scenario=E-UK25_19__curric_d2_s3_seed24055_24h
2026-06-29 17:45:28	Stage0 generate split=train idx=56 scenario=E-UK25_20__curric_d2_s3_seed24056_24h
2026-06-29 17:45:29	Stage0 generate split=train idx=57 scenario=E-UK25_02__curric_d2_s3_seed24057_24h
2026-06-29 17:45:29	Stage0 generate split=train idx=58 scenario=E-UK25_03__curric_d2_s3_seed24058_24h
2026-06-29 17:45:29	Stage0 generate split=train idx=59 scenario=E-UK25_04__curric_d2_s3_seed24059_24h
2026-06-29 17:45:30	Stage0 generate split=train idx=60 scenario=E-UK25_05__curric_d2_s3_seed24060_24h
2026-06-29 17:45:30	Stage0 generate split=train idx=61 scenario=E-UK25_06__curric_d2_s3_seed24061_24h
2026-06-29 17:45:30	Stage0 generate split=train idx=62 scenario=E-UK25_07__curric_d2_s3_seed24062_24h
2026-06-29 17:45:31	Stage0 generate split=train idx=63 scenario=E-UK25_08__curric_d2_s3_seed24063_24h
2026-06-29 17:45:31	Stage0 generate split=train idx=64 scenario=E-UK25_09__curric_d2_s3_seed24064_24h
2026-06-29 17:45:31	Stage0 generate split=train idx=65 scenario=E-UK25_10__curric_d2_s3_seed24065_24h
2026-06-29 17:45:31	Stage0 generate split=train idx=66 scenario=E-UK25_11__curric_d2_s3_seed24066_24h
2026-06-29 17:45:32	Stage0 generate split=train idx=67 scenario=E-UK25_12__curric_d2_s3_seed24067_24h
2026-06-29 17:45:32	Stage0 generate split=train idx=68 scenario=E-UK25_13__curric_d2_s3_seed24068_24h
2026-06-29 17:45:32	Stage0 generate split=train idx=69 scenario=E-UK25_14__curric_d2_s3_seed24069_24h
2026-06-29 17:45:33	Stage0 generate split=train idx=70 scenario=E-UK25_15__curric_d2_s3_seed24070_24h
2026-06-29 17:45:33	Stage0 generate split=train idx=71 scenario=E-UK25_16__curric_d2_s3_seed24071_24h
2026-06-29 17:45:33	Stage0 generate split=train idx=72 scenario=E-UK25_17__curric_d2_s3_seed24072_24h
2026-06-29 17:45:34	Stage0 generate split=train idx=73 scenario=E-UK25_18__curric_d2_s3_seed24073_24h
2026-06-29 17:45:34	Stage0 generate split=train idx=74 scenario=E-UK25_19__curric_d2_s3_seed24074_24h
2026-06-29 17:45:34	Stage0 generate split=train idx=75 scenario=E-UK25_20__curric_d2_s3_seed24075_24h
2026-06-29 17:45:35	Stage0 generate split=train idx=76 scenario=E-UK25_02__curric_d2_s3_seed24076_24h
2026-06-29 17:45:35	Stage0 generate split=train idx=77 scenario=E-UK25_03__curric_d2_s3_seed24077_24h
2026-06-29 17:45:35	Stage0 generate split=train idx=78 scenario=E-UK25_04__curric_d2_s3_seed24078_24h
2026-06-29 17:45:35	Stage0 generate split=train idx=79 scenario=E-UK25_05__curric_d2_s3_seed24079_24h
2026-06-29 17:45:36	Stage0 generate split=train idx=80 scenario=E-UK25_06__curric_d2_s3_seed24080_24h
2026-06-29 17:45:36	Stage0 generate split=train idx=81 scenario=E-UK25_07__curric_d2_s3_seed24081_24h
2026-06-29 17:45:36	Stage0 generate split=train idx=82 scenario=E-UK25_08__curric_d2_s3_seed24082_24h
2026-06-29 17:45:37	Stage0 generate split=train idx=83 scenario=E-UK25_09__curric_d2_s3_seed24083_24h
2026-06-29 17:45:37	Stage0 generate split=train idx=84 scenario=E-UK25_10__curric_d2_s3_seed24084_24h
2026-06-29 17:45:37	Stage0 generate split=train idx=85 scenario=E-UK25_11__curric_d2_s3_seed24085_24h
2026-06-29 17:45:38	Stage0 generate split=train idx=86 scenario=E-UK25_12__curric_d2_s3_seed24086_24h
2026-06-29 17:45:38	Stage0 generate split=train idx=87 scenario=E-UK25_13__curric_d2_s3_seed24087_24h
2026-06-29 17:45:38	Stage0 generate split=train idx=88 scenario=E-UK25_14__curric_d2_s3_seed24088_24h
2026-06-29 17:45:38	Stage0 generate split=train idx=89 scenario=E-UK25_15__curric_d2_s3_seed24089_24h
2026-06-29 17:45:39	Stage0 generate split=train idx=90 scenario=E-UK25_16__curric_d2_s3_seed24090_24h
2026-06-29 17:45:39	Stage0 generate split=train idx=91 scenario=E-UK25_17__curric_d2_s3_seed24091_24h
2026-06-29 17:45:39	Stage0 generate split=train idx=92 scenario=E-UK25_18__curric_d2_s3_seed24092_24h
2026-06-29 17:45:40	Stage0 generate split=train idx=93 scenario=E-UK25_19__curric_d2_s3_seed24093_24h
2026-06-29 17:45:40	Stage0 generate split=train idx=94 scenario=E-UK25_20__curric_d2_s3_seed24094_24h
2026-06-29 17:45:40	Stage0 generate split=train idx=95 scenario=E-UK25_02__curric_d2_s3_seed24095_24h
2026-06-29 17:45:41	Stage0 generate split=train idx=96 scenario=E-UK25_03__curric_d2_s3_seed24096_24h
2026-06-29 17:45:41	Stage0 generate split=train idx=97 scenario=E-UK25_04__curric_d2_s3_seed24097_24h
2026-06-29 17:45:41	Stage0 generate split=train idx=98 scenario=E-UK25_05__curric_d2_s3_seed24098_24h
2026-06-29 17:45:42	Stage0 generate split=train idx=99 scenario=E-UK25_06__curric_d2_s3_seed24099_24h
2026-06-29 17:45:42	Stage0 generate split=train idx=100 scenario=E-UK25_07__curric_d2_s3_seed24100_24h
2026-06-29 17:45:42	Stage0 generate split=train idx=101 scenario=E-UK25_08__curric_d2_s3_seed24101_24h
2026-06-29 17:45:42	Stage0 generate split=train idx=102 scenario=E-UK25_09__curric_d2_s3_seed24102_24h
2026-06-29 17:45:43	Stage0 generate split=train idx=103 scenario=E-UK25_10__curric_d2_s3_seed24103_24h
2026-06-29 17:45:43	Stage0 generate split=train idx=104 scenario=E-UK25_11__curric_d2_s3_seed24104_24h
2026-06-29 17:45:43	Stage0 generate split=train idx=105 scenario=E-UK25_12__curric_d2_s3_seed24105_24h
2026-06-29 17:45:44	Stage0 generate split=train idx=106 scenario=E-UK25_13__curric_d2_s3_seed24106_24h
2026-06-29 17:45:44	Stage0 generate split=train idx=107 scenario=E-UK25_14__curric_d2_s3_seed24107_24h
2026-06-29 17:45:44	Stage0 generate split=train idx=108 scenario=E-UK25_15__curric_d2_s3_seed24108_24h
2026-06-29 17:45:44	Stage0 generate split=train idx=109 scenario=E-UK25_16__curric_d2_s3_seed24109_24h
2026-06-29 17:45:45	Stage0 generate split=train idx=110 scenario=E-UK25_17__curric_d2_s3_seed24110_24h
2026-06-29 17:45:45	Stage0 generate split=train idx=111 scenario=E-UK25_18__curric_d2_s3_seed24111_24h
2026-06-29 17:45:45	Stage0 generate split=train idx=112 scenario=E-UK25_19__curric_d2_s3_seed24112_24h
2026-06-29 17:45:46	Stage0 generate split=train idx=113 scenario=E-UK25_20__curric_d2_s3_seed24113_24h
2026-06-29 17:45:46	Stage0 generate split=train idx=114 scenario=E-UK25_02__curric_d2_s3_seed24114_24h
2026-06-29 17:45:46	Stage0 generate split=train idx=115 scenario=E-UK25_03__curric_d2_s3_seed24115_24h
2026-06-29 17:45:47	Stage0 generate split=train idx=116 scenario=E-UK25_04__curric_d2_s3_seed24116_24h
2026-06-29 17:45:47	Stage0 generate split=train idx=117 scenario=E-UK25_05__curric_d2_s3_seed24117_24h
2026-06-29 17:45:47	Stage0 generate split=train idx=118 scenario=E-UK25_06__curric_d2_s3_seed24118_24h
2026-06-29 17:45:47	Stage0 generate split=train idx=119 scenario=E-UK25_07__curric_d2_s3_seed24119_24h
2026-06-29 17:45:48	Stage0 generate split=train idx=120 scenario=E-UK25_08__curric_d2_s3_seed24120_24h
2026-06-29 17:45:48	Stage0 generate split=train idx=121 scenario=E-UK25_09__curric_d2_s3_seed24121_24h
2026-06-29 17:45:48	Stage0 generate split=train idx=122 scenario=E-UK25_10__curric_d2_s3_seed24122_24h
2026-06-29 17:45:49	Stage0 generate split=train idx=123 scenario=E-UK25_11__curric_d2_s3_seed24123_24h
2026-06-29 17:45:49	Stage0 generate split=train idx=124 scenario=E-UK25_12__curric_d2_s3_seed24124_24h
2026-06-29 17:45:49	Stage0 generate split=train idx=125 scenario=E-UK25_13__curric_d2_s3_seed24125_24h
2026-06-29 17:45:50	Stage0 generate split=train idx=126 scenario=E-UK25_14__curric_d2_s3_seed24126_24h
2026-06-29 17:45:50	Stage0 generate split=train idx=127 scenario=E-UK25_15__curric_d2_s3_seed24127_24h
2026-06-29 17:45:50	Stage0 generate split=train idx=128 scenario=E-UK25_16__curric_d2_s3_seed24128_24h
2026-06-29 17:45:50	Stage0 generate split=train idx=129 scenario=E-UK25_17__curric_d2_s3_seed24129_24h
2026-06-29 17:45:51	Stage0 generate split=train idx=130 scenario=E-UK25_18__curric_d2_s3_seed24130_24h
2026-06-29 17:45:51	Stage0 generate split=train idx=131 scenario=E-UK25_19__curric_d2_s3_seed24131_24h
2026-06-29 17:45:51	Stage0 generate split=train idx=132 scenario=E-UK25_20__curric_d2_s3_seed24132_24h
2026-06-29 17:45:52	Stage0 reject split=train idx=132 scenario=E-UK25_20__curric_d2_s3_seed24132_24h: models\data_bundle\generated_instances\pilot24_data_generalization\E-UK25_20__curric_d2_s3_seed24132_24h: validation did not pass: {'customer_count': 25, 'customer_demand_cap': 1040.0, 'depot_count': 2, 'distance_matrix_shape': [30, 30], 'duplicate_coordinate_count': 0, 'exact_base_layout_relaxed': False, 'isolated_customer_share': 0.2, 'max_customer_demand': 892.7, 'min_depot_distance': 35937.71478415685, 'node_count': 30, 'passed': False, 'station_count': 3}
2026-06-29 17:45:52	Stage0 generate split=train idx=133 scenario=E-UK25_02__curric_d2_s3_seed24133_24h
2026-06-29 17:45:52	Stage0 generate split=train idx=134 scenario=E-UK25_03__curric_d2_s3_seed24134_24h
2026-06-29 17:45:52	Stage0 generate split=train idx=135 scenario=E-UK25_04__curric_d2_s3_seed24135_24h
2026-06-29 17:45:53	Stage0 generate split=train idx=136 scenario=E-UK25_05__curric_d2_s3_seed24136_24h
2026-06-29 17:45:53	Stage0 generate split=train idx=137 scenario=E-UK25_06__curric_d2_s3_seed24137_24h
2026-06-29 17:45:53	Stage0 generate split=train idx=138 scenario=E-UK25_07__curric_d2_s3_seed24138_24h
2026-06-29 17:45:53	Stage0 generate split=train idx=139 scenario=E-UK25_08__curric_d2_s3_seed24139_24h
2026-06-29 17:45:54	Stage0 generate split=train idx=140 scenario=E-UK25_09__curric_d2_s3_seed24140_24h
2026-06-29 17:45:54	Stage0 generate split=train idx=141 scenario=E-UK25_10__curric_d2_s3_seed24141_24h
2026-06-29 17:45:54	Stage0 generate split=train idx=142 scenario=E-UK25_11__curric_d2_s3_seed24142_24h
2026-06-29 17:45:55	Stage0 generate split=train idx=143 scenario=E-UK25_12__curric_d2_s3_seed24143_24h
2026-06-29 17:45:55	Stage0 generate split=train idx=144 scenario=E-UK25_13__curric_d2_s3_seed24144_24h
2026-06-29 17:45:55	Stage0 generate split=train idx=145 scenario=E-UK25_14__curric_d2_s3_seed24145_24h
2026-06-29 17:45:56	Stage0 generate split=train idx=146 scenario=E-UK25_15__curric_d2_s3_seed24146_24h
2026-06-29 17:45:56	Stage0 generate split=train idx=147 scenario=E-UK25_16__curric_d2_s3_seed24147_24h
2026-06-29 17:45:56	Stage0 generate split=train idx=148 scenario=E-UK25_17__curric_d2_s3_seed24148_24h
2026-06-29 17:45:57	Stage0 generate split=train idx=149 scenario=E-UK25_18__curric_d2_s3_seed24149_24h
2026-06-29 17:45:57	Stage0 generate split=train idx=150 scenario=E-UK25_19__curric_d2_s3_seed24150_24h
2026-06-29 17:45:57	Stage0 generate split=train idx=151 scenario=E-UK25_20__curric_d2_s3_seed24151_24h
2026-06-29 17:45:57	Stage0 generate split=train idx=152 scenario=E-UK25_02__curric_d2_s3_seed24152_24h
2026-06-29 17:45:58	Stage0 generate split=train idx=153 scenario=E-UK25_03__curric_d2_s3_seed24153_24h
2026-06-29 17:45:58	Stage0 generate split=train idx=154 scenario=E-UK25_04__curric_d2_s3_seed24154_24h
2026-06-29 17:45:58	Stage0 generate split=train idx=155 scenario=E-UK25_05__curric_d2_s3_seed24155_24h
2026-06-29 17:45:59	Stage0 generate split=train idx=156 scenario=E-UK25_06__curric_d2_s3_seed24156_24h
2026-06-29 17:45:59	Stage0 generate split=train idx=157 scenario=E-UK25_07__curric_d2_s3_seed24157_24h
2026-06-29 17:45:59	Stage0 generate split=train idx=158 scenario=E-UK25_08__curric_d2_s3_seed24158_24h
2026-06-29 17:45:59	Stage0 generate split=train idx=159 scenario=E-UK25_09__curric_d2_s3_seed24159_24h
2026-06-29 17:46:00	Stage0 generate split=train idx=160 scenario=E-UK25_10__curric_d2_s3_seed24160_24h
2026-06-29 17:46:00	Stage0 generate split=train idx=161 scenario=E-UK25_11__curric_d2_s3_seed24161_24h
2026-06-29 17:46:00	Stage0 generate split=train idx=162 scenario=E-UK25_12__curric_d2_s3_seed24162_24h
2026-06-29 17:46:01	Stage0 generate split=train idx=163 scenario=E-UK25_13__curric_d2_s3_seed24163_24h
2026-06-29 17:46:01	Stage0 generate split=train idx=164 scenario=E-UK25_14__curric_d2_s3_seed24164_24h
2026-06-29 17:46:01	Stage0 generate split=train idx=165 scenario=E-UK25_15__curric_d2_s3_seed24165_24h
2026-06-29 17:46:02	Stage0 generate split=train idx=166 scenario=E-UK25_16__curric_d2_s3_seed24166_24h
2026-06-29 17:46:02	Stage0 generate split=train idx=167 scenario=E-UK25_17__curric_d2_s3_seed24167_24h
2026-06-29 17:46:02	Stage0 generate split=train idx=168 scenario=E-UK25_18__curric_d2_s3_seed24168_24h
2026-06-29 17:46:03	Stage0 generate split=train idx=169 scenario=E-UK25_19__curric_d2_s3_seed24169_24h
2026-06-29 17:46:03	Stage0 generate split=train idx=170 scenario=E-UK25_20__curric_d2_s3_seed24170_24h
2026-06-29 17:46:03	Stage0 generate split=train idx=171 scenario=E-UK25_02__curric_d2_s3_seed24171_24h
2026-06-29 17:46:03	Stage0 generate split=train idx=172 scenario=E-UK25_03__curric_d2_s3_seed24172_24h
2026-06-29 17:46:04	Stage0 generate split=train idx=173 scenario=E-UK25_04__curric_d2_s3_seed24173_24h
2026-06-29 17:46:04	Stage0 generate split=train idx=174 scenario=E-UK25_05__curric_d2_s3_seed24174_24h
2026-06-29 17:46:04	Stage0 generate split=train idx=175 scenario=E-UK25_06__curric_d2_s3_seed24175_24h
2026-06-29 17:46:05	Stage0 generate split=train idx=176 scenario=E-UK25_07__curric_d2_s3_seed24176_24h
2026-06-29 17:46:05	Stage0 generate split=train idx=177 scenario=E-UK25_08__curric_d2_s3_seed24177_24h
2026-06-29 17:46:05	Stage0 generate split=train idx=178 scenario=E-UK25_09__curric_d2_s3_seed24178_24h
2026-06-29 17:46:06	Stage0 generate split=train idx=179 scenario=E-UK25_10__curric_d2_s3_seed24179_24h
2026-06-29 17:46:06	Stage0 generate split=train idx=180 scenario=E-UK25_11__curric_d2_s3_seed24180_24h
2026-06-29 17:46:06	Stage0 reject split=train idx=180 scenario=E-UK25_11__curric_d2_s3_seed24180_24h: models\data_bundle\generated_instances\pilot24_data_generalization\E-UK25_11__curric_d2_s3_seed24180_24h: validation did not pass: {'customer_count': 25, 'customer_demand_cap': 1040.0, 'depot_count': 2, 'distance_matrix_shape': [30, 30], 'duplicate_coordinate_count': 0, 'exact_base_layout_relaxed': False, 'isolated_customer_share': 0.2, 'max_customer_demand': 797.4, 'min_depot_distance': 29394.36219295893, 'node_count': 30, 'passed': False, 'station_count': 3}
2026-06-29 17:46:06	Stage0 generate split=train idx=181 scenario=E-UK25_12__curric_d2_s3_seed24181_24h
2026-06-29 17:46:07	Stage0 generate split=train idx=182 scenario=E-UK25_13__curric_d2_s3_seed24182_24h
2026-06-29 17:46:07	Stage0 generate split=train idx=183 scenario=E-UK25_14__curric_d2_s3_seed24183_24h
2026-06-29 17:46:07	Stage0 generate split=train idx=184 scenario=E-UK25_15__curric_d2_s3_seed24184_24h
2026-06-29 17:46:08	Stage0 generate split=train idx=185 scenario=E-UK25_16__curric_d2_s3_seed24185_24h
2026-06-29 17:46:08	Stage0 generate split=train idx=186 scenario=E-UK25_17__curric_d2_s3_seed24186_24h
2026-06-29 17:46:08	Stage0 generate split=train idx=187 scenario=E-UK25_18__curric_d2_s3_seed24187_24h
2026-06-29 17:46:09	Stage0 generate split=train idx=188 scenario=E-UK25_19__curric_d2_s3_seed24188_24h
2026-06-29 17:46:09	Stage0 generate split=train idx=189 scenario=E-UK25_20__curric_d2_s3_seed24189_24h
2026-06-29 17:46:09	Stage0 generate split=train idx=190 scenario=E-UK25_02__curric_d2_s3_seed24190_24h
2026-06-29 17:46:10	Stage0 generate split=train idx=191 scenario=E-UK25_03__curric_d2_s3_seed24191_24h
2026-06-29 17:46:10	Stage0 generate split=train idx=192 scenario=E-UK25_04__curric_d2_s3_seed24192_24h
2026-06-29 17:46:10	Stage0 generate split=train idx=193 scenario=E-UK25_05__curric_d2_s3_seed24193_24h
2026-06-29 17:46:11	Stage0 generate split=train idx=194 scenario=E-UK25_06__curric_d2_s3_seed24194_24h
2026-06-29 17:46:11	Stage0 generate split=train idx=195 scenario=E-UK25_07__curric_d2_s3_seed24195_24h
2026-06-29 17:46:11	Stage0 generate split=train idx=196 scenario=E-UK25_08__curric_d2_s3_seed24196_24h
2026-06-29 17:46:12	Stage0 generate split=train idx=197 scenario=E-UK25_09__curric_d2_s3_seed24197_24h
2026-06-29 17:46:12	Stage0 generate split=train idx=198 scenario=E-UK25_10__curric_d2_s3_seed24198_24h
2026-06-29 17:46:12	Stage0 generate split=train idx=199 scenario=E-UK25_11__curric_d2_s3_seed24199_24h
2026-06-29 17:46:13	Stage0 generate split=train idx=200 scenario=E-UK25_12__curric_d2_s3_seed24200_24h
2026-06-29 17:46:13	Stage0 generate split=train idx=201 scenario=E-UK25_13__curric_d2_s3_seed24201_24h
2026-06-29 17:46:13	Stage0 generate split=train idx=202 scenario=E-UK25_14__curric_d2_s3_seed24202_24h
2026-06-29 17:46:14	Stage0 generate split=train idx=203 scenario=E-UK25_15__curric_d2_s3_seed24203_24h
2026-06-29 17:46:14	Stage0 generate split=train idx=204 scenario=E-UK25_16__curric_d2_s3_seed24204_24h
2026-06-29 17:46:14	Stage0 generate split=train idx=205 scenario=E-UK25_17__curric_d2_s3_seed24205_24h
2026-06-29 17:46:15	Stage0 generate split=train idx=206 scenario=E-UK25_18__curric_d2_s3_seed24206_24h
2026-06-29 17:46:15	Stage0 generate split=train idx=207 scenario=E-UK25_19__curric_d2_s3_seed24207_24h
2026-06-29 17:46:15	Stage0 generate split=train idx=208 scenario=E-UK25_20__curric_d2_s3_seed24208_24h
2026-06-29 17:46:16	Stage0 generate split=train idx=209 scenario=E-UK25_02__curric_d2_s3_seed24209_24h
2026-06-29 17:46:16	Stage0 generate split=train idx=210 scenario=E-UK25_03__curric_d2_s3_seed24210_24h
2026-06-29 17:46:16	Stage0 generate split=train idx=211 scenario=E-UK25_04__curric_d2_s3_seed24211_24h
2026-06-29 17:46:17	Stage0 generate split=train idx=212 scenario=E-UK25_05__curric_d2_s3_seed24212_24h
2026-06-29 17:46:17	Stage0 generate split=train idx=213 scenario=E-UK25_06__curric_d2_s3_seed24213_24h
2026-06-29 17:46:17	Stage0 generate split=train idx=214 scenario=E-UK25_07__curric_d2_s3_seed24214_24h
2026-06-29 17:46:17	Stage0 generate split=train idx=215 scenario=E-UK25_08__curric_d2_s3_seed24215_24h
2026-06-29 17:46:18	Stage0 generate split=train idx=216 scenario=E-UK25_09__curric_d2_s3_seed24216_24h
2026-06-29 17:46:18	Stage0 generate split=train idx=217 scenario=E-UK25_10__curric_d2_s3_seed24217_24h
2026-06-29 17:46:18	Stage0 generate split=train idx=218 scenario=E-UK25_11__curric_d2_s3_seed24218_24h
2026-06-29 17:46:19	Stage0 generate split=train idx=219 scenario=E-UK25_12__curric_d2_s3_seed24219_24h
2026-06-29 17:46:19	Stage0 generate split=train idx=220 scenario=E-UK25_13__curric_d2_s3_seed24220_24h
2026-06-29 17:46:19	Stage0 generate split=train idx=221 scenario=E-UK25_14__curric_d2_s3_seed24221_24h
2026-06-29 17:46:20	Stage0 generate split=train idx=222 scenario=E-UK25_15__curric_d2_s3_seed24222_24h
2026-06-29 17:46:20	Stage0 generate split=train idx=223 scenario=E-UK25_16__curric_d2_s3_seed24223_24h
2026-06-29 17:46:20	Stage0 generate split=train idx=224 scenario=E-UK25_17__curric_d2_s3_seed24224_24h
2026-06-29 17:46:21	Stage0 generate split=train idx=225 scenario=E-UK25_18__curric_d2_s3_seed24225_24h
2026-06-29 17:46:21	Stage0 generate split=train idx=226 scenario=E-UK25_19__curric_d2_s3_seed24226_24h
2026-06-29 17:46:21	Stage0 generate split=train idx=227 scenario=E-UK25_20__curric_d2_s3_seed24227_24h
2026-06-29 17:46:22	Stage0 generate split=train idx=228 scenario=E-UK25_02__curric_d2_s3_seed24228_24h
2026-06-29 17:46:22	Stage0 reject split=train idx=228 scenario=E-UK25_02__curric_d2_s3_seed24228_24h: models\data_bundle\generated_instances\pilot24_data_generalization\E-UK25_02__curric_d2_s3_seed24228_24h: validation did not pass: {'customer_count': 25, 'customer_demand_cap': 1040.0, 'depot_count': 2, 'distance_matrix_shape': [30, 30], 'duplicate_coordinate_count': 0, 'exact_base_layout_relaxed': False, 'isolated_customer_share': 0.16, 'max_customer_demand': 873.9, 'min_depot_distance': 106350.97931978115, 'node_count': 30, 'passed': False, 'station_count': 3}
2026-06-29 17:46:22	Stage0 generate split=train idx=229 scenario=E-UK25_03__curric_d2_s3_seed24229_24h
2026-06-29 17:46:22	Stage0 generate split=train idx=230 scenario=E-UK25_04__curric_d2_s3_seed24230_24h
2026-06-29 17:46:23	Stage0 generate split=train idx=231 scenario=E-UK25_05__curric_d2_s3_seed24231_24h
2026-06-29 17:46:23	Stage0 generate split=train idx=232 scenario=E-UK25_06__curric_d2_s3_seed24232_24h
2026-06-29 17:46:23	Stage0 generate split=train idx=233 scenario=E-UK25_07__curric_d2_s3_seed24233_24h
2026-06-29 17:46:23	Stage0 generate split=train idx=234 scenario=E-UK25_08__curric_d2_s3_seed24234_24h
2026-06-29 17:46:24	Stage0 generate split=train idx=235 scenario=E-UK25_09__curric_d2_s3_seed24235_24h
2026-06-29 17:46:24	Stage0 generate split=train idx=236 scenario=E-UK25_10__curric_d2_s3_seed24236_24h
2026-06-29 17:46:24	Stage0 generate split=train idx=237 scenario=E-UK25_11__curric_d2_s3_seed24237_24h
2026-06-29 17:46:25	Stage0 generate split=train idx=238 scenario=E-UK25_12__curric_d2_s3_seed24238_24h
2026-06-29 17:46:25	Stage0 generate split=train idx=239 scenario=E-UK25_13__curric_d2_s3_seed24239_24h
2026-06-29 17:46:25	Stage0 generate split=train idx=240 scenario=E-UK25_14__curric_d2_s3_seed24240_24h
2026-06-29 17:46:26	Stage0 generate split=train idx=241 scenario=E-UK25_15__curric_d2_s3_seed24241_24h
2026-06-29 17:46:26	Stage0 generate split=train idx=242 scenario=E-UK25_16__curric_d2_s3_seed24242_24h
2026-06-29 17:46:26	Stage0 generate split=train idx=243 scenario=E-UK25_17__curric_d2_s3_seed24243_24h
2026-06-29 17:46:26	Stage0 generate split=train idx=244 scenario=E-UK25_18__curric_d2_s3_seed24244_24h
2026-06-29 17:46:27	Stage0 generate split=train idx=245 scenario=E-UK25_19__curric_d2_s3_seed24245_24h
2026-06-29 17:46:27	Stage0 generate split=train idx=246 scenario=E-UK25_20__curric_d2_s3_seed24246_24h
2026-06-29 17:46:27	Stage0 generate split=train idx=247 scenario=E-UK25_02__curric_d2_s3_seed24247_24h
2026-06-29 17:46:28	Stage0 generate split=train idx=248 scenario=E-UK25_03__curric_d2_s3_seed24248_24h
2026-06-29 17:46:28	Stage0 generate split=train idx=249 scenario=E-UK25_04__curric_d2_s3_seed24249_24h
2026-06-29 17:46:28	Stage0 generate split=train idx=250 scenario=E-UK25_05__curric_d2_s3_seed24250_24h
2026-06-29 17:46:29	Stage0 generate split=train idx=251 scenario=E-UK25_06__curric_d2_s3_seed24251_24h
2026-06-29 17:46:29	Stage0 generate split=train idx=252 scenario=E-UK25_07__curric_d2_s3_seed24252_24h
2026-06-29 17:46:29	Stage0 generate split=train idx=253 scenario=E-UK25_08__curric_d2_s3_seed24253_24h
2026-06-29 17:46:30	Stage0 reject split=train idx=253 scenario=E-UK25_08__curric_d2_s3_seed24253_24h: models\data_bundle\generated_instances\pilot24_data_generalization\E-UK25_08__curric_d2_s3_seed24253_24h: validation did not pass: {'customer_count': 25, 'customer_demand_cap': 1040.0, 'depot_count': 2, 'distance_matrix_shape': [30, 30], 'duplicate_coordinate_count': 0, 'exact_base_layout_relaxed': False, 'isolated_customer_share': 0.2, 'max_customer_demand': 843.6, 'min_depot_distance': 72082.74713767131, 'node_count': 30, 'passed': False, 'station_count': 3}
2026-06-29 17:46:30	Stage0 generate split=train idx=254 scenario=E-UK25_09__curric_d2_s3_seed24254_24h
2026-06-29 17:46:30	Stage0 generate split=val idx=0 scenario=E-UK25_02__curric_d2_s3_seed25000_24h
2026-06-29 17:46:30	Stage0 generate split=val idx=1 scenario=E-UK25_03__curric_d2_s3_seed25001_24h
2026-06-29 17:46:31	Stage0 generate split=val idx=2 scenario=E-UK25_04__curric_d2_s3_seed25002_24h
2026-06-29 17:46:31	Stage0 generate split=val idx=3 scenario=E-UK25_05__curric_d2_s3_seed25003_24h
2026-06-29 17:46:31	Stage0 generate split=val idx=4 scenario=E-UK25_06__curric_d2_s3_seed25004_24h
2026-06-29 17:46:32	Stage0 generate split=val idx=5 scenario=E-UK25_07__curric_d2_s3_seed25005_24h
2026-06-29 17:46:32	Stage0 generate split=val idx=6 scenario=E-UK25_08__curric_d2_s3_seed25006_24h
2026-06-29 17:46:32	Stage0 generate split=val idx=7 scenario=E-UK25_09__curric_d2_s3_seed25007_24h
2026-06-29 17:46:32	Stage0 generate split=val idx=8 scenario=E-UK25_10__curric_d2_s3_seed25008_24h
2026-06-29 17:46:33	Stage0 generate split=val idx=9 scenario=E-UK25_11__curric_d2_s3_seed25009_24h
2026-06-29 17:46:33	Stage0 generate split=val idx=10 scenario=E-UK25_12__curric_d2_s3_seed25010_24h
2026-06-29 17:46:33	Stage0 generate split=val idx=11 scenario=E-UK25_13__curric_d2_s3_seed25011_24h
2026-06-29 17:46:34	Stage0 generate split=val idx=12 scenario=E-UK25_14__curric_d2_s3_seed25012_24h
2026-06-29 17:46:34	Stage0 generate split=val idx=13 scenario=E-UK25_15__curric_d2_s3_seed25013_24h
2026-06-29 17:46:34	Stage0 generate split=val idx=14 scenario=E-UK25_16__curric_d2_s3_seed25014_24h
2026-06-29 17:46:35	Stage0 generate split=val idx=15 scenario=E-UK25_17__curric_d2_s3_seed25015_24h
2026-06-29 17:46:35	Stage0 generate split=val idx=16 scenario=E-UK25_18__curric_d2_s3_seed25016_24h
2026-06-29 17:46:35	Stage0 generate split=val idx=17 scenario=E-UK25_19__curric_d2_s3_seed25017_24h
2026-06-29 17:46:36	Stage0 generate split=val idx=18 scenario=E-UK25_20__curric_d2_s3_seed25018_24h
2026-06-29 17:46:36	Stage0 reject split=val idx=18 scenario=E-UK25_20__curric_d2_s3_seed25018_24h: models\data_bundle\generated_instances\pilot24_data_generalization\E-UK25_20__curric_d2_s3_seed25018_24h: validation did not pass: {'customer_count': 25, 'customer_demand_cap': 1040.0, 'depot_count': 2, 'distance_matrix_shape': [30, 30], 'duplicate_coordinate_count': 0, 'exact_base_layout_relaxed': False, 'isolated_customer_share': 0.16, 'max_customer_demand': 853.4, 'min_depot_distance': 37121.02960131248, 'node_count': 30, 'passed': False, 'station_count': 3}
2026-06-29 17:46:36	Stage0 generate split=val idx=19 scenario=E-UK25_02__curric_d2_s3_seed25019_24h
2026-06-29 17:46:36	Stage0 generate split=val idx=20 scenario=E-UK25_03__curric_d2_s3_seed25020_24h
2026-06-29 17:46:37	Stage0 generate split=val idx=21 scenario=E-UK25_04__curric_d2_s3_seed25021_24h
2026-06-29 17:46:37	Stage0 generate split=val idx=22 scenario=E-UK25_05__curric_d2_s3_seed25022_24h
2026-06-29 17:46:37	Stage0 generate split=val idx=23 scenario=E-UK25_06__curric_d2_s3_seed25023_24h
2026-06-29 17:46:38	Stage0 generate split=val idx=24 scenario=E-UK25_07__curric_d2_s3_seed25024_24h
2026-06-29 17:46:38	Stage0 generate split=val idx=25 scenario=E-UK25_08__curric_d2_s3_seed25025_24h
2026-06-29 17:46:38	Stage0 generate split=val idx=26 scenario=E-UK25_09__curric_d2_s3_seed25026_24h
2026-06-29 17:46:39	Stage0 generate split=val idx=27 scenario=E-UK25_10__curric_d2_s3_seed25027_24h
2026-06-29 17:46:39	Stage0 generate split=val idx=28 scenario=E-UK25_11__curric_d2_s3_seed25028_24h
2026-06-29 17:46:39	Stage0 generate split=val idx=29 scenario=E-UK25_12__curric_d2_s3_seed25029_24h
2026-06-29 17:46:40	Stage0 generate split=val idx=30 scenario=E-UK25_13__curric_d2_s3_seed25030_24h
2026-06-29 17:46:40	Stage0 generate split=test idx=0 scenario=E-UK25_02__curric_d2_s3_seed26000_24h
2026-06-29 17:46:40	Stage0 generate split=test idx=1 scenario=E-UK25_03__curric_d2_s3_seed26001_24h
2026-06-29 17:46:40	Stage0 generate split=test idx=2 scenario=E-UK25_04__curric_d2_s3_seed26002_24h
2026-06-29 17:46:41	Stage0 generate split=test idx=3 scenario=E-UK25_05__curric_d2_s3_seed26003_24h
2026-06-29 17:46:41	Stage0 generate split=test idx=4 scenario=E-UK25_06__curric_d2_s3_seed26004_24h
2026-06-29 17:46:41	Stage0 generate split=test idx=5 scenario=E-UK25_07__curric_d2_s3_seed26005_24h
2026-06-29 17:46:42	Stage0 generate split=test idx=6 scenario=E-UK25_08__curric_d2_s3_seed26006_24h
2026-06-29 17:46:42	Stage0 generate split=test idx=7 scenario=E-UK25_09__curric_d2_s3_seed26007_24h
2026-06-29 17:46:42	Stage0 generate split=test idx=8 scenario=E-UK25_10__curric_d2_s3_seed26008_24h
2026-06-29 17:46:43	Stage0 generate split=test idx=9 scenario=E-UK25_11__curric_d2_s3_seed26009_24h
2026-06-29 17:46:43	Stage0 generate split=test idx=10 scenario=E-UK25_12__curric_d2_s3_seed26010_24h
2026-06-29 17:46:43	Stage0 generate split=test idx=11 scenario=E-UK25_13__curric_d2_s3_seed26011_24h
2026-06-29 17:46:44	Stage0 generate split=test idx=12 scenario=E-UK25_14__curric_d2_s3_seed26012_24h
2026-06-29 17:46:44	Stage0 generate split=test idx=13 scenario=E-UK25_15__curric_d2_s3_seed26013_24h
2026-06-29 17:46:45	Stage0 generate split=test idx=14 scenario=E-UK25_16__curric_d2_s3_seed26014_24h
2026-06-29 17:46:45	Stage0 generate split=test idx=15 scenario=E-UK25_17__curric_d2_s3_seed26015_24h
2026-06-29 17:46:45	Stage0 generate split=test idx=16 scenario=E-UK25_18__curric_d2_s3_seed26016_24h
2026-06-29 17:46:46	Stage0 generate split=test idx=17 scenario=E-UK25_19__curric_d2_s3_seed26017_24h
2026-06-29 17:46:46	Stage0 generate split=test idx=18 scenario=E-UK25_20__curric_d2_s3_seed26018_24h
2026-06-29 17:46:46	Stage0 generate split=test idx=19 scenario=E-UK25_02__curric_d2_s3_seed26019_24h
2026-06-29 17:46:46	Stage0 generate split=test idx=20 scenario=E-UK25_03__curric_d2_s3_seed26020_24h
2026-06-29 17:46:47	Stage0 generate split=test idx=21 scenario=E-UK25_04__curric_d2_s3_seed26021_24h
2026-06-29 17:46:47	Stage0 generate split=test idx=22 scenario=E-UK25_05__curric_d2_s3_seed26022_24h
2026-06-29 17:46:47	Stage0 generate split=test idx=23 scenario=E-UK25_06__curric_d2_s3_seed26023_24h
2026-06-29 17:46:48	Stage0 generate split=test idx=24 scenario=E-UK25_07__curric_d2_s3_seed26024_24h
2026-06-29 17:46:48	Stage0 generate split=test idx=25 scenario=E-UK25_08__curric_d2_s3_seed26025_24h
2026-06-29 17:46:48	Stage0 generate split=test idx=26 scenario=E-UK25_09__curric_d2_s3_seed26026_24h
2026-06-29 17:46:49	Stage0 generate split=test idx=27 scenario=E-UK25_10__curric_d2_s3_seed26027_24h
2026-06-29 17:46:49	Stage0 generate split=test idx=28 scenario=E-UK25_11__curric_d2_s3_seed26028_24h
2026-06-29 17:46:49	Stage0 generate split=test idx=29 scenario=E-UK25_12__curric_d2_s3_seed26029_24h
2026-06-29 17:46:50	Stage0 verdict=G0_PASS: train_count=250, min_train_count=200, val_count=30, test_count=30, complete=True, overlap=False, scale=25c
2026-06-29 17:46:51	Stage1 validation initial bundle=models/data_bundle/generated_instances/pilot24_data_generalization/E-UK25_02__curric_d2_s3_seed25000_24h seed=301
2026-06-29 17:46:54	Stage1 validation initial bundle=models/data_bundle/generated_instances/pilot24_data_generalization/E-UK25_03__curric_d2_s3_seed25001_24h seed=301
2026-06-29 17:46:56	Stage1 validation initial bundle=models/data_bundle/generated_instances/pilot24_data_generalization/E-UK25_04__curric_d2_s3_seed25002_24h seed=301
2026-06-29 17:46:59	Stage1 validation initial bundle=models/data_bundle/generated_instances/pilot24_data_generalization/E-UK25_05__curric_d2_s3_seed25003_24h seed=301
2026-06-29 17:47:04	Stage1 validation initial bundle=models/data_bundle/generated_instances/pilot24_data_generalization/E-UK25_06__curric_d2_s3_seed25004_24h seed=301
2026-06-29 17:47:09	Stage1 validation initial bundle=models/data_bundle/generated_instances/pilot24_data_generalization/E-UK25_07__curric_d2_s3_seed25005_24h seed=301
2026-06-29 17:47:12	Stage1 validation initial bundle=models/data_bundle/generated_instances/pilot24_data_generalization/E-UK25_08__curric_d2_s3_seed25006_24h seed=301
2026-06-29 17:47:14	Stage1 validation initial bundle=models/data_bundle/generated_instances/pilot24_data_generalization/E-UK25_09__curric_d2_s3_seed25007_24h seed=301
2026-06-29 17:47:17	Stage1 validation initial bundle=models/data_bundle/generated_instances/pilot24_data_generalization/E-UK25_10__curric_d2_s3_seed25008_24h seed=301
2026-06-29 17:47:19	Stage1 validation initial bundle=models/data_bundle/generated_instances/pilot24_data_generalization/E-UK25_11__curric_d2_s3_seed25009_24h seed=301
2026-06-29 17:47:22	Stage1 validation initial bundle=models/data_bundle/generated_instances/pilot24_data_generalization/E-UK25_12__curric_d2_s3_seed25010_24h seed=301
2026-06-29 17:47:26	Stage1 validation initial bundle=models/data_bundle/generated_instances/pilot24_data_generalization/E-UK25_13__curric_d2_s3_seed25011_24h seed=301
2026-06-29 17:47:30	Stage1 validation initial bundle=models/data_bundle/generated_instances/pilot24_data_generalization/E-UK25_14__curric_d2_s3_seed25012_24h seed=301
2026-06-29 17:47:33	Stage1 validation initial bundle=models/data_bundle/generated_instances/pilot24_data_generalization/E-UK25_15__curric_d2_s3_seed25013_24h seed=301
2026-06-29 17:47:35	Stage1 validation initial bundle=models/data_bundle/generated_instances/pilot24_data_generalization/E-UK25_16__curric_d2_s3_seed25014_24h seed=301
2026-06-29 17:47:38	Stage1 validation initial bundle=models/data_bundle/generated_instances/pilot24_data_generalization/E-UK25_17__curric_d2_s3_seed25015_24h seed=301
2026-06-29 17:47:41	Stage1 validation initial bundle=models/data_bundle/generated_instances/pilot24_data_generalization/E-UK25_18__curric_d2_s3_seed25016_24h seed=301
2026-06-29 17:47:44	Stage1 validation initial bundle=models/data_bundle/generated_instances/pilot24_data_generalization/E-UK25_19__curric_d2_s3_seed25017_24h seed=301
2026-06-29 17:47:46	Stage1 validation initial bundle=models/data_bundle/generated_instances/pilot24_data_generalization/E-UK25_02__curric_d2_s3_seed25019_24h seed=301
2026-06-29 17:47:48	Stage1 validation initial bundle=models/data_bundle/generated_instances/pilot24_data_generalization/E-UK25_03__curric_d2_s3_seed25020_24h seed=301
2026-06-29 17:47:52	Stage1 validation initial bundle=models/data_bundle/generated_instances/pilot24_data_generalization/E-UK25_04__curric_d2_s3_seed25021_24h seed=301
2026-06-29 17:47:54	Stage1 validation initial bundle=models/data_bundle/generated_instances/pilot24_data_generalization/E-UK25_05__curric_d2_s3_seed25022_24h seed=301
2026-06-29 17:47:58	Stage1 validation initial bundle=models/data_bundle/generated_instances/pilot24_data_generalization/E-UK25_06__curric_d2_s3_seed25023_24h seed=301
2026-06-29 17:48:01	Stage1 validation initial bundle=models/data_bundle/generated_instances/pilot24_data_generalization/E-UK25_07__curric_d2_s3_seed25024_24h seed=301
2026-06-29 17:48:03	Stage1 validation initial bundle=models/data_bundle/generated_instances/pilot24_data_generalization/E-UK25_08__curric_d2_s3_seed25025_24h seed=301
2026-06-29 17:48:06	Stage1 validation initial bundle=models/data_bundle/generated_instances/pilot24_data_generalization/E-UK25_09__curric_d2_s3_seed25026_24h seed=301
2026-06-29 17:48:08	Stage1 validation initial bundle=models/data_bundle/generated_instances/pilot24_data_generalization/E-UK25_10__curric_d2_s3_seed25027_24h seed=301
2026-06-29 17:48:12	Stage1 validation initial bundle=models/data_bundle/generated_instances/pilot24_data_generalization/E-UK25_11__curric_d2_s3_seed25028_24h seed=301
2026-06-29 17:48:14	Stage1 validation initial bundle=models/data_bundle/generated_instances/pilot24_data_generalization/E-UK25_12__curric_d2_s3_seed25029_24h seed=301
2026-06-29 17:48:17	Stage1 validation initial bundle=models/data_bundle/generated_instances/pilot24_data_generalization/E-UK25_13__curric_d2_s3_seed25030_24h seed=301
2026-06-29 17:48:40	Stage1 update 0 group=0 lr=0.0001 kl=0.014435889199376106 val_gain=
2026-06-29 17:49:03	Stage1 update 1 group=1 lr=9.96386e-05 kl=0.010577468201518059 val_gain=
2026-06-29 17:49:26	Stage1 update 2 group=2 lr=9.92771e-05 kl=0.007862718775868416 val_gain=
2026-06-29 17:49:50	Stage1 update 3 group=3 lr=9.89157e-05 kl=0.007820997387170792 val_gain=
2026-06-29 17:50:19	Stage1 update 4 group=4 lr=9.85542e-05 kl=0.0078031886368989944 val_gain=
2026-06-29 17:50:48	Stage1 update 5 group=5 lr=9.81928e-05 kl=0.0061439163982868195 val_gain=
2026-06-29 17:51:15	Stage1 update 6 group=6 lr=9.78313e-05 kl=0.0031524617224931717 val_gain=
2026-06-29 17:51:43	Stage1 update 7 group=7 lr=9.74699e-05 kl=0.004074277356266975 val_gain=
2026-06-29 17:52:07	Stage1 update 8 group=8 lr=9.71084e-05 kl=0.005666837096214294 val_gain=
2026-06-29 17:52:30	Stage1 update 9 group=9 lr=9.6747e-05 kl=0.0017722882330417633 val_gain=
2026-06-29 17:52:49	Stage1 update 10 group=10 lr=9.63855e-05 kl=0.0029478929936885834 val_gain=
2026-06-29 17:53:13	Stage1 update 11 group=11 lr=9.60241e-05 kl=0.002283744513988495 val_gain=
2026-06-29 17:53:35	Stage1 update 12 group=12 lr=9.56627e-05 kl=0.004847213625907898 val_gain=
2026-06-29 17:54:00	Stage1 update 13 group=13 lr=9.53012e-05 kl=0.0022436007857322693 val_gain=
2026-06-29 17:54:25	Stage1 update 14 group=14 lr=9.49398e-05 kl=0.002946751192212105 val_gain=
2026-06-29 17:54:51	Stage1 update 15 group=15 lr=9.45783e-05 kl=0.0006139613687992096 val_gain=
2026-06-29 17:55:13	Stage1 update 16 group=16 lr=9.42169e-05 kl=0.00406377948820591 val_gain=
2026-06-29 17:55:37	Stage1 update 17 group=17 lr=9.38554e-05 kl=0.0016484949737787247 val_gain=
2026-06-29 17:56:00	Stage1 update 18 group=18 lr=9.3494e-05 kl=0.0012049395591020584 val_gain=
2026-06-29 17:56:26	Stage1 update 19 group=19 lr=9.31325e-05 kl=0.0008044932037591934 val_gain=
2026-06-29 17:56:50	Stage1 update 20 group=20 lr=9.27711e-05 kl=0.0007607564330101013 val_gain=
2026-06-29 17:57:16	Stage1 update 21 group=21 lr=9.24096e-05 kl=0.00283019058406353 val_gain=
2026-06-29 17:57:40	Stage1 update 22 group=22 lr=9.20482e-05 kl=0.002864215523004532 val_gain=
2026-06-29 17:58:03	Stage1 update 23 group=23 lr=9.16867e-05 kl=0.0023755617439746857 val_gain=
2026-06-29 17:58:29	Stage1 validation update_0025 bundle=models/data_bundle/generated_instances/pilot24_data_generalization/E-UK25_02__curric_d2_s3_seed25000_24h seed=301
2026-06-29 17:58:39	Stage1 validation update_0025 bundle=models/data_bundle/generated_instances/pilot24_data_generalization/E-UK25_03__curric_d2_s3_seed25001_24h seed=301
2026-06-29 17:58:48	Stage1 validation update_0025 bundle=models/data_bundle/generated_instances/pilot24_data_generalization/E-UK25_04__curric_d2_s3_seed25002_24h seed=301
2026-06-29 17:58:58	Stage1 validation update_0025 bundle=models/data_bundle/generated_instances/pilot24_data_generalization/E-UK25_05__curric_d2_s3_seed25003_24h seed=301
2026-06-29 17:59:06	Stage1 validation update_0025 bundle=models/data_bundle/generated_instances/pilot24_data_generalization/E-UK25_06__curric_d2_s3_seed25004_24h seed=301
2026-06-29 17:59:16	Stage1 validation update_0025 bundle=models/data_bundle/generated_instances/pilot24_data_generalization/E-UK25_07__curric_d2_s3_seed25005_24h seed=301
2026-06-29 17:59:25	Stage1 validation update_0025 bundle=models/data_bundle/generated_instances/pilot24_data_generalization/E-UK25_08__curric_d2_s3_seed25006_24h seed=301
2026-06-29 17:59:34	Stage1 validation update_0025 bundle=models/data_bundle/generated_instances/pilot24_data_generalization/E-UK25_09__curric_d2_s3_seed25007_24h seed=301
2026-06-29 17:59:43	Stage1 validation update_0025 bundle=models/data_bundle/generated_instances/pilot24_data_generalization/E-UK25_10__curric_d2_s3_seed25008_24h seed=301
2026-06-29 17:59:53	Stage1 validation update_0025 bundle=models/data_bundle/generated_instances/pilot24_data_generalization/E-UK25_11__curric_d2_s3_seed25009_24h seed=301
2026-06-29 18:00:03	Stage1 validation update_0025 bundle=models/data_bundle/generated_instances/pilot24_data_generalization/E-UK25_12__curric_d2_s3_seed25010_24h seed=301
2026-06-29 18:00:12	Stage1 validation update_0025 bundle=models/data_bundle/generated_instances/pilot24_data_generalization/E-UK25_13__curric_d2_s3_seed25011_24h seed=301
2026-06-29 18:00:24	Stage1 validation update_0025 bundle=models/data_bundle/generated_instances/pilot24_data_generalization/E-UK25_14__curric_d2_s3_seed25012_24h seed=301
2026-06-29 18:00:33	Stage1 validation update_0025 bundle=models/data_bundle/generated_instances/pilot24_data_generalization/E-UK25_15__curric_d2_s3_seed25013_24h seed=301
2026-06-29 18:00:36	Stage1 validation update_0025 bundle=models/data_bundle/generated_instances/pilot24_data_generalization/E-UK25_16__curric_d2_s3_seed25014_24h seed=301
2026-06-29 18:00:45	Stage1 validation update_0025 bundle=models/data_bundle/generated_instances/pilot24_data_generalization/E-UK25_17__curric_d2_s3_seed25015_24h seed=301
2026-06-29 18:00:55	Stage1 validation update_0025 bundle=models/data_bundle/generated_instances/pilot24_data_generalization/E-UK25_18__curric_d2_s3_seed25016_24h seed=301
2026-06-29 18:01:00	Stage1 validation update_0025 bundle=models/data_bundle/generated_instances/pilot24_data_generalization/E-UK25_19__curric_d2_s3_seed25017_24h seed=301
2026-06-29 18:01:12	Stage1 validation update_0025 bundle=models/data_bundle/generated_instances/pilot24_data_generalization/E-UK25_02__curric_d2_s3_seed25019_24h seed=301
2026-06-29 18:01:22	Stage1 validation update_0025 bundle=models/data_bundle/generated_instances/pilot24_data_generalization/E-UK25_03__curric_d2_s3_seed25020_24h seed=301
2026-06-29 18:01:32	Stage1 validation update_0025 bundle=models/data_bundle/generated_instances/pilot24_data_generalization/E-UK25_04__curric_d2_s3_seed25021_24h seed=301
2026-06-29 18:01:44	Stage1 validation update_0025 bundle=models/data_bundle/generated_instances/pilot24_data_generalization/E-UK25_05__curric_d2_s3_seed25022_24h seed=301
2026-06-29 18:01:56	Stage1 validation update_0025 bundle=models/data_bundle/generated_instances/pilot24_data_generalization/E-UK25_06__curric_d2_s3_seed25023_24h seed=301
2026-06-29 18:02:07	Stage1 validation update_0025 bundle=models/data_bundle/generated_instances/pilot24_data_generalization/E-UK25_07__curric_d2_s3_seed25024_24h seed=301
2026-06-29 18:02:17	Stage1 validation update_0025 bundle=models/data_bundle/generated_instances/pilot24_data_generalization/E-UK25_08__curric_d2_s3_seed25025_24h seed=301
2026-06-29 18:02:27	Stage1 validation update_0025 bundle=models/data_bundle/generated_instances/pilot24_data_generalization/E-UK25_09__curric_d2_s3_seed25026_24h seed=301
2026-06-29 18:02:33	Stage1 validation update_0025 bundle=models/data_bundle/generated_instances/pilot24_data_generalization/E-UK25_10__curric_d2_s3_seed25027_24h seed=301
2026-06-29 18:02:40	Stage1 validation update_0025 bundle=models/data_bundle/generated_instances/pilot24_data_generalization/E-UK25_11__curric_d2_s3_seed25028_24h seed=301
2026-06-29 18:02:50	Stage1 validation update_0025 bundle=models/data_bundle/generated_instances/pilot24_data_generalization/E-UK25_12__curric_d2_s3_seed25029_24h seed=301
2026-06-29 18:03:01	Stage1 validation update_0025 bundle=models/data_bundle/generated_instances/pilot24_data_generalization/E-UK25_13__curric_d2_s3_seed25030_24h seed=301
2026-06-29 18:03:11	Stage1 update 24 group=24 lr=9.13253e-05 kl=0.001343216747045517 val_gain=1.132707315162288
2026-06-29 18:03:11	Stage1 checkpoint solver\reports\dr_alns_ppo_v3_block_dr_alns\async_pilot\pilot24_data_generalization\checkpoints\pilot24_learned_destroy_update_0025.pt
2026-06-29 18:03:35	Stage1 update 25 group=25 lr=9.09639e-05 kl=0.0017941799014806747 val_gain=
2026-06-29 18:04:03	Stage1 update 26 group=26 lr=9.06024e-05 kl=0.0020982883870601654 val_gain=
2026-06-29 18:04:27	Stage1 update 27 group=27 lr=9.0241e-05 kl=0.001553211361169815 val_gain=
2026-06-29 18:04:51	Stage1 update 28 group=28 lr=8.98795e-05 kl=0.0036313775926828384 val_gain=
2026-06-29 18:05:15	Stage1 update 29 group=29 lr=8.95181e-05 kl=0.0012807641178369522 val_gain=
2026-06-29 18:05:40	Stage1 update 30 group=30 lr=8.91566e-05 kl=0.0042216721922159195 val_gain=
2026-06-29 18:06:05	Stage1 update 31 group=31 lr=8.87952e-05 kl=0.0021520573645830154 val_gain=
2026-06-29 18:06:26	Stage1 update 32 group=32 lr=8.84337e-05 kl=0.002247549593448639 val_gain=
2026-06-29 18:06:49	Stage1 update 33 group=33 lr=8.80723e-05 kl=0.002138255164027214 val_gain=
2026-06-29 18:07:13	Stage1 update 34 group=34 lr=8.77108e-05 kl=0.003097774460911751 val_gain=
2026-06-29 18:07:36	Stage1 update 35 group=35 lr=8.73494e-05 kl=0.002331821247935295 val_gain=
2026-06-29 18:07:58	Stage1 update 36 group=36 lr=8.6988e-05 kl=0.003599395975470543 val_gain=
2026-06-29 18:08:22	Stage1 update 37 group=37 lr=8.66265e-05 kl=0.0018583815544843674 val_gain=
2026-06-29 18:08:44	Stage1 update 38 group=38 lr=8.62651e-05 kl=0.0016992352902889252 val_gain=
2026-06-29 18:09:08	Stage1 update 39 group=39 lr=8.59036e-05 kl=0.001536589115858078 val_gain=
2026-06-29 18:09:31	Stage1 update 40 group=40 lr=8.55422e-05 kl=0.0008903574198484421 val_gain=
2026-06-29 18:09:53	Stage1 update 41 group=41 lr=8.51807e-05 kl=0.0017363820225000381 val_gain=
2026-06-29 18:10:19	Stage1 update 42 group=42 lr=8.48193e-05 kl=0.0016166884452104568 val_gain=
2026-06-29 18:10:42	Stage1 update 43 group=43 lr=8.44578e-05 kl=0.0010743048042058945 val_gain=
2026-06-29 18:11:08	Stage1 update 44 group=44 lr=8.40964e-05 kl=0.002016831189393997 val_gain=
2026-06-29 18:11:29	Stage1 update 45 group=45 lr=8.37349e-05 kl=0.0019825994968414307 val_gain=
2026-06-29 18:11:54	Stage1 update 46 group=46 lr=8.33735e-05 kl=0.0023183804005384445 val_gain=
2026-06-29 18:12:19	Stage1 update 47 group=47 lr=8.3012e-05 kl=0.002429116517305374 val_gain=
2026-06-29 18:12:45	Stage1 update 48 group=48 lr=8.26506e-05 kl=0.0020520053803920746 val_gain=
2026-06-29 18:13:09	Stage1 validation update_0050 bundle=models/data_bundle/generated_instances/pilot24_data_generalization/E-UK25_02__curric_d2_s3_seed25000_24h seed=301
2026-06-29 18:13:19	Stage1 validation update_0050 bundle=models/data_bundle/generated_instances/pilot24_data_generalization/E-UK25_03__curric_d2_s3_seed25001_24h seed=301
2026-06-29 18:13:27	Stage1 validation update_0050 bundle=models/data_bundle/generated_instances/pilot24_data_generalization/E-UK25_04__curric_d2_s3_seed25002_24h seed=301
2026-06-29 18:13:29	Stage1 validation update_0050 bundle=models/data_bundle/generated_instances/pilot24_data_generalization/E-UK25_05__curric_d2_s3_seed25003_24h seed=301
2026-06-29 18:13:33	Stage1 validation update_0050 bundle=models/data_bundle/generated_instances/pilot24_data_generalization/E-UK25_06__curric_d2_s3_seed25004_24h seed=301
2026-06-29 18:13:43	Stage1 validation update_0050 bundle=models/data_bundle/generated_instances/pilot24_data_generalization/E-UK25_07__curric_d2_s3_seed25005_24h seed=301
2026-06-29 18:13:50	Stage1 validation update_0050 bundle=models/data_bundle/generated_instances/pilot24_data_generalization/E-UK25_08__curric_d2_s3_seed25006_24h seed=301
2026-06-29 18:13:56	Stage1 validation update_0050 bundle=models/data_bundle/generated_instances/pilot24_data_generalization/E-UK25_09__curric_d2_s3_seed25007_24h seed=301
2026-06-29 18:14:03	Stage1 validation update_0050 bundle=models/data_bundle/generated_instances/pilot24_data_generalization/E-UK25_10__curric_d2_s3_seed25008_24h seed=301
2026-06-29 18:14:14	Stage1 validation update_0050 bundle=models/data_bundle/generated_instances/pilot24_data_generalization/E-UK25_11__curric_d2_s3_seed25009_24h seed=301
2026-06-29 18:14:22	Stage1 validation update_0050 bundle=models/data_bundle/generated_instances/pilot24_data_generalization/E-UK25_12__curric_d2_s3_seed25010_24h seed=301
2026-06-29 18:14:30	Stage1 validation update_0050 bundle=models/data_bundle/generated_instances/pilot24_data_generalization/E-UK25_13__curric_d2_s3_seed25011_24h seed=301
2026-06-29 18:14:41	Stage1 validation update_0050 bundle=models/data_bundle/generated_instances/pilot24_data_generalization/E-UK25_14__curric_d2_s3_seed25012_24h seed=301
2026-06-29 18:14:47	Stage1 validation update_0050 bundle=models/data_bundle/generated_instances/pilot24_data_generalization/E-UK25_15__curric_d2_s3_seed25013_24h seed=301
2026-06-29 18:14:50	Stage1 validation update_0050 bundle=models/data_bundle/generated_instances/pilot24_data_generalization/E-UK25_16__curric_d2_s3_seed25014_24h seed=301
2026-06-29 18:14:52	Stage1 validation update_0050 bundle=models/data_bundle/generated_instances/pilot24_data_generalization/E-UK25_17__curric_d2_s3_seed25015_24h seed=301
2026-06-29 18:15:01	Stage1 validation update_0050 bundle=models/data_bundle/generated_instances/pilot24_data_generalization/E-UK25_18__curric_d2_s3_seed25016_24h seed=301
2026-06-29 18:15:03	Stage1 validation update_0050 bundle=models/data_bundle/generated_instances/pilot24_data_generalization/E-UK25_19__curric_d2_s3_seed25017_24h seed=301
2026-06-29 18:15:08	Stage1 validation update_0050 bundle=models/data_bundle/generated_instances/pilot24_data_generalization/E-UK25_02__curric_d2_s3_seed25019_24h seed=301
2026-06-29 18:15:14	Stage1 validation update_0050 bundle=models/data_bundle/generated_instances/pilot24_data_generalization/E-UK25_03__curric_d2_s3_seed25020_24h seed=301
2026-06-29 18:15:20	Stage1 validation update_0050 bundle=models/data_bundle/generated_instances/pilot24_data_generalization/E-UK25_04__curric_d2_s3_seed25021_24h seed=301
2026-06-29 18:15:22	Stage1 validation update_0050 bundle=models/data_bundle/generated_instances/pilot24_data_generalization/E-UK25_05__curric_d2_s3_seed25022_24h seed=301
2026-06-29 18:15:33	Stage1 validation update_0050 bundle=models/data_bundle/generated_instances/pilot24_data_generalization/E-UK25_06__curric_d2_s3_seed25023_24h seed=301
2026-06-29 18:15:41	Stage1 validation update_0050 bundle=models/data_bundle/generated_instances/pilot24_data_generalization/E-UK25_07__curric_d2_s3_seed25024_24h seed=301
2026-06-29 18:15:49	Stage1 validation update_0050 bundle=models/data_bundle/generated_instances/pilot24_data_generalization/E-UK25_08__curric_d2_s3_seed25025_24h seed=301
2026-06-29 18:15:58	Stage1 validation update_0050 bundle=models/data_bundle/generated_instances/pilot24_data_generalization/E-UK25_09__curric_d2_s3_seed25026_24h seed=301
2026-06-29 18:16:00	Stage1 validation update_0050 bundle=models/data_bundle/generated_instances/pilot24_data_generalization/E-UK25_10__curric_d2_s3_seed25027_24h seed=301
2026-06-29 18:16:08	Stage1 validation update_0050 bundle=models/data_bundle/generated_instances/pilot24_data_generalization/E-UK25_11__curric_d2_s3_seed25028_24h seed=301
2026-06-29 18:16:15	Stage1 validation update_0050 bundle=models/data_bundle/generated_instances/pilot24_data_generalization/E-UK25_12__curric_d2_s3_seed25029_24h seed=301
2026-06-29 18:16:23	Stage1 validation update_0050 bundle=models/data_bundle/generated_instances/pilot24_data_generalization/E-UK25_13__curric_d2_s3_seed25030_24h seed=301
2026-06-29 18:16:33	Stage1 update 49 group=49 lr=8.22892e-05 kl=0.0033010821789503098 val_gain=-0.22136869475715168
2026-06-29 18:16:33	Stage1 checkpoint solver\reports\dr_alns_ppo_v3_block_dr_alns\async_pilot\pilot24_data_generalization\checkpoints\pilot24_learned_destroy_update_0050.pt
2026-06-29 18:16:55	Stage1 update 50 group=50 lr=8.19277e-05 kl=0.0023460648953914642 val_gain=
2026-06-29 18:17:18	Stage1 update 51 group=51 lr=8.15663e-05 kl=0.0017877835780382156 val_gain=
2026-06-29 18:17:44	Stage1 update 52 group=52 lr=8.12048e-05 kl=0.0009451638907194138 val_gain=
2026-06-29 18:18:06	Stage1 update 53 group=53 lr=8.08434e-05 kl=0.0009031742811203003 val_gain=
2026-06-29 18:18:29	Stage1 update 54 group=54 lr=8.04819e-05 kl=0.001025298610329628 val_gain=
2026-06-29 18:18:53	Stage1 update 55 group=55 lr=8.01205e-05 kl=0.001745874062180519 val_gain=
2026-06-29 18:19:16	Stage1 update 56 group=56 lr=7.9759e-05 kl=0.0022996515035629272 val_gain=
2026-06-29 18:19:41	Stage1 update 57 group=57 lr=7.93976e-05 kl=0.0011292807757854462 val_gain=
2026-06-29 18:20:09	Stage1 update 58 group=58 lr=7.90361e-05 kl=0.0024237222969532013 val_gain=
2026-06-29 18:20:34	Stage1 update 59 group=59 lr=7.86747e-05 kl=0.001088825985789299 val_gain=
2026-06-29 18:20:58	Stage1 update 60 group=60 lr=7.83133e-05 kl=0.0009240508079528809 val_gain=
2026-06-29 18:21:20	Stage1 update 61 group=61 lr=7.79518e-05 kl=0.0010675806552171707 val_gain=
2026-06-29 18:21:44	Stage1 update 62 group=62 lr=7.75904e-05 kl=0.002492634579539299 val_gain=
2026-06-29 18:22:09	Stage1 update 63 group=63 lr=7.72289e-05 kl=0.0013846904039382935 val_gain=
2026-06-29 18:22:36	Stage1 update 64 group=64 lr=7.68675e-05 kl=0.0008551683276891708 val_gain=
2026-06-29 18:22:59	Stage1 update 65 group=65 lr=7.6506e-05 kl=0.0015257932245731354 val_gain=
2026-06-29 18:23:21	Stage1 update 66 group=66 lr=7.61446e-05 kl=0.0009994469583034515 val_gain=
2026-06-29 18:23:43	Stage1 update 67 group=67 lr=7.57831e-05 kl=0.0017091687768697739 val_gain=
2026-06-29 18:24:08	Stage1 update 68 group=68 lr=7.54217e-05 kl=0.001973884180188179 val_gain=
2026-06-29 18:24:34	Stage1 update 69 group=69 lr=7.50602e-05 kl=0.0023616068065166473 val_gain=
2026-06-29 18:24:57	Stage1 update 70 group=70 lr=7.46988e-05 kl=0.0023080632090568542 val_gain=
2026-06-29 18:25:21	Stage1 update 71 group=71 lr=7.43373e-05 kl=0.001390550285577774 val_gain=
2026-06-29 18:25:46	Stage1 update 72 group=72 lr=7.39759e-05 kl=0.0032381974160671234 val_gain=
2026-06-29 18:26:10	Stage1 update 73 group=73 lr=7.36145e-05 kl=0.0011763852089643478 val_gain=
2026-06-29 18:26:34	Stage1 validation update_0075 bundle=models/data_bundle/generated_instances/pilot24_data_generalization/E-UK25_02__curric_d2_s3_seed25000_24h seed=301
2026-06-29 18:26:43	Stage1 validation update_0075 bundle=models/data_bundle/generated_instances/pilot24_data_generalization/E-UK25_03__curric_d2_s3_seed25001_24h seed=301
2026-06-29 18:26:51	Stage1 validation update_0075 bundle=models/data_bundle/generated_instances/pilot24_data_generalization/E-UK25_04__curric_d2_s3_seed25002_24h seed=301
2026-06-29 18:27:01	Stage1 validation update_0075 bundle=models/data_bundle/generated_instances/pilot24_data_generalization/E-UK25_05__curric_d2_s3_seed25003_24h seed=301
2026-06-29 18:27:12	Stage1 validation update_0075 bundle=models/data_bundle/generated_instances/pilot24_data_generalization/E-UK25_06__curric_d2_s3_seed25004_24h seed=301
2026-06-29 18:27:22	Stage1 validation update_0075 bundle=models/data_bundle/generated_instances/pilot24_data_generalization/E-UK25_07__curric_d2_s3_seed25005_24h seed=301
2026-06-29 18:27:30	Stage1 validation update_0075 bundle=models/data_bundle/generated_instances/pilot24_data_generalization/E-UK25_08__curric_d2_s3_seed25006_24h seed=301
2026-06-29 18:27:40	Stage1 validation update_0075 bundle=models/data_bundle/generated_instances/pilot24_data_generalization/E-UK25_09__curric_d2_s3_seed25007_24h seed=301
2026-06-29 18:27:48	Stage1 validation update_0075 bundle=models/data_bundle/generated_instances/pilot24_data_generalization/E-UK25_10__curric_d2_s3_seed25008_24h seed=301
2026-06-29 18:27:57	Stage1 validation update_0075 bundle=models/data_bundle/generated_instances/pilot24_data_generalization/E-UK25_11__curric_d2_s3_seed25009_24h seed=301
2026-06-29 18:28:05	Stage1 validation update_0075 bundle=models/data_bundle/generated_instances/pilot24_data_generalization/E-UK25_12__curric_d2_s3_seed25010_24h seed=301
2026-06-29 18:28:13	Stage1 validation update_0075 bundle=models/data_bundle/generated_instances/pilot24_data_generalization/E-UK25_13__curric_d2_s3_seed25011_24h seed=301
2026-06-29 18:28:22	Stage1 validation update_0075 bundle=models/data_bundle/generated_instances/pilot24_data_generalization/E-UK25_14__curric_d2_s3_seed25012_24h seed=301
2026-06-29 18:28:33	Stage1 validation update_0075 bundle=models/data_bundle/generated_instances/pilot24_data_generalization/E-UK25_15__curric_d2_s3_seed25013_24h seed=301
2026-06-29 18:28:42	Stage1 validation update_0075 bundle=models/data_bundle/generated_instances/pilot24_data_generalization/E-UK25_16__curric_d2_s3_seed25014_24h seed=301
2026-06-29 18:28:50	Stage1 validation update_0075 bundle=models/data_bundle/generated_instances/pilot24_data_generalization/E-UK25_17__curric_d2_s3_seed25015_24h seed=301
2026-06-29 18:28:58	Stage1 validation update_0075 bundle=models/data_bundle/generated_instances/pilot24_data_generalization/E-UK25_18__curric_d2_s3_seed25016_24h seed=301
2026-06-29 18:29:07	Stage1 validation update_0075 bundle=models/data_bundle/generated_instances/pilot24_data_generalization/E-UK25_19__curric_d2_s3_seed25017_24h seed=301
2026-06-29 18:29:19	Stage1 validation update_0075 bundle=models/data_bundle/generated_instances/pilot24_data_generalization/E-UK25_02__curric_d2_s3_seed25019_24h seed=301
2026-06-29 18:29:30	Stage1 validation update_0075 bundle=models/data_bundle/generated_instances/pilot24_data_generalization/E-UK25_03__curric_d2_s3_seed25020_24h seed=301
2026-06-29 18:29:40	Stage1 validation update_0075 bundle=models/data_bundle/generated_instances/pilot24_data_generalization/E-UK25_04__curric_d2_s3_seed25021_24h seed=301
2026-06-29 18:29:51	Stage1 validation update_0075 bundle=models/data_bundle/generated_instances/pilot24_data_generalization/E-UK25_05__curric_d2_s3_seed25022_24h seed=301
2026-06-29 18:30:01	Stage1 validation update_0075 bundle=models/data_bundle/generated_instances/pilot24_data_generalization/E-UK25_06__curric_d2_s3_seed25023_24h seed=301
2026-06-29 18:30:10	Stage1 validation update_0075 bundle=models/data_bundle/generated_instances/pilot24_data_generalization/E-UK25_07__curric_d2_s3_seed25024_24h seed=301
2026-06-29 18:30:20	Stage1 validation update_0075 bundle=models/data_bundle/generated_instances/pilot24_data_generalization/E-UK25_08__curric_d2_s3_seed25025_24h seed=301
2026-06-29 18:30:29	Stage1 validation update_0075 bundle=models/data_bundle/generated_instances/pilot24_data_generalization/E-UK25_09__curric_d2_s3_seed25026_24h seed=301
2026-06-29 18:30:36	Stage1 validation update_0075 bundle=models/data_bundle/generated_instances/pilot24_data_generalization/E-UK25_10__curric_d2_s3_seed25027_24h seed=301
2026-06-29 18:30:44	Stage1 validation update_0075 bundle=models/data_bundle/generated_instances/pilot24_data_generalization/E-UK25_11__curric_d2_s3_seed25028_24h seed=301
2026-06-29 18:30:52	Stage1 validation update_0075 bundle=models/data_bundle/generated_instances/pilot24_data_generalization/E-UK25_12__curric_d2_s3_seed25029_24h seed=301
2026-06-29 18:31:00	Stage1 validation update_0075 bundle=models/data_bundle/generated_instances/pilot24_data_generalization/E-UK25_13__curric_d2_s3_seed25030_24h seed=301
2026-06-29 18:31:10	Stage1 update 74 group=74 lr=7.3253e-05 kl=0.001645674929022789 val_gain=-0.48088855582237144
2026-06-29 18:31:10	Stage1 checkpoint solver\reports\dr_alns_ppo_v3_block_dr_alns\async_pilot\pilot24_data_generalization\checkpoints\pilot24_learned_destroy_update_0075.pt
2026-06-29 18:31:37	Stage1 update 75 group=75 lr=7.28916e-05 kl=0.0022458303719758987 val_gain=
2026-06-29 18:32:01	Stage1 update 76 group=76 lr=7.25301e-05 kl=0.002936471253633499 val_gain=
2026-06-29 18:32:25	Stage1 update 77 group=77 lr=7.21687e-05 kl=0.0013684723526239395 val_gain=
2026-06-29 18:32:49	Stage1 update 78 group=78 lr=7.18072e-05 kl=0.0015371255576610565 val_gain=
2026-06-29 18:33:13	Stage1 update 79 group=79 lr=7.14458e-05 kl=0.0023993216454982758 val_gain=
2026-06-29 18:33:35	Stage1 update 80 group=80 lr=7.10843e-05 kl=0.0004920214414596558 val_gain=
2026-06-29 18:34:01	Stage1 update 81 group=81 lr=7.07229e-05 kl=0.003057200461626053 val_gain=
2026-06-29 18:34:25	Stage1 update 82 group=82 lr=7.03614e-05 kl=0.00499739870429039 val_gain=
2026-06-29 18:34:53	Stage1 update 83 group=83 lr=7e-05 kl=0.0013187862932682037 val_gain=
2026-06-29 18:35:19	Stage1 update 84 group=84 lr=6.96386e-05 kl=0.0017042867839336395 val_gain=
2026-06-29 18:35:43	Stage1 update 85 group=85 lr=6.92771e-05 kl=0.0014463774859905243 val_gain=
2026-06-29 18:36:12	Stage1 update 86 group=86 lr=6.89157e-05 kl=0.000744817778468132 val_gain=
2026-06-29 18:36:36	Stage1 update 87 group=87 lr=6.85542e-05 kl=0.001109810546040535 val_gain=
2026-06-29 18:37:01	Stage1 update 88 group=88 lr=6.81928e-05 kl=0.001335345208644867 val_gain=
2026-06-29 18:37:23	Stage1 update 89 group=89 lr=6.78313e-05 kl=0.00088481605052948 val_gain=
2026-06-29 18:37:47	Stage1 update 90 group=90 lr=6.74699e-05 kl=0.002653447911143303 val_gain=
2026-06-29 18:38:10	Stage1 update 91 group=91 lr=6.71084e-05 kl=0.0010569915175437927 val_gain=
2026-06-29 18:38:38	Stage1 update 92 group=92 lr=6.6747e-05 kl=0.001414705067873001 val_gain=
2026-06-29 18:39:06	Stage1 update 93 group=93 lr=6.63855e-05 kl=0.00106026791036129 val_gain=
2026-06-29 18:39:30	Stage1 update 94 group=94 lr=6.60241e-05 kl=0.0018821228295564651 val_gain=
2026-06-29 18:39:54	Stage1 update 95 group=95 lr=6.56627e-05 kl=0.001075398176908493 val_gain=
2026-06-29 18:40:17	Stage1 update 96 group=96 lr=6.53012e-05 kl=0.000948682427406311 val_gain=
2026-06-29 18:40:41	Stage1 update 97 group=97 lr=6.49398e-05 kl=0.0010402500629425049 val_gain=
2026-06-29 18:41:05	Stage1 update 98 group=98 lr=6.45783e-05 kl=0.0017403308302164078 val_gain=
2026-06-29 18:41:28	Stage1 validation update_0100 bundle=models/data_bundle/generated_instances/pilot24_data_generalization/E-UK25_02__curric_d2_s3_seed25000_24h seed=301
2026-06-29 18:41:37	Stage1 validation update_0100 bundle=models/data_bundle/generated_instances/pilot24_data_generalization/E-UK25_03__curric_d2_s3_seed25001_24h seed=301
2026-06-29 18:41:47	Stage1 validation update_0100 bundle=models/data_bundle/generated_instances/pilot24_data_generalization/E-UK25_04__curric_d2_s3_seed25002_24h seed=301
2026-06-29 18:41:58	Stage1 validation update_0100 bundle=models/data_bundle/generated_instances/pilot24_data_generalization/E-UK25_05__curric_d2_s3_seed25003_24h seed=301
2026-06-29 18:42:08	Stage1 validation update_0100 bundle=models/data_bundle/generated_instances/pilot24_data_generalization/E-UK25_06__curric_d2_s3_seed25004_24h seed=301
2026-06-29 18:42:16	Stage1 validation update_0100 bundle=models/data_bundle/generated_instances/pilot24_data_generalization/E-UK25_07__curric_d2_s3_seed25005_24h seed=301
2026-06-29 18:42:25	Stage1 validation update_0100 bundle=models/data_bundle/generated_instances/pilot24_data_generalization/E-UK25_08__curric_d2_s3_seed25006_24h seed=301
2026-06-29 18:42:35	Stage1 validation update_0100 bundle=models/data_bundle/generated_instances/pilot24_data_generalization/E-UK25_09__curric_d2_s3_seed25007_24h seed=301
2026-06-29 18:42:43	Stage1 validation update_0100 bundle=models/data_bundle/generated_instances/pilot24_data_generalization/E-UK25_10__curric_d2_s3_seed25008_24h seed=301
2026-06-29 18:42:53	Stage1 validation update_0100 bundle=models/data_bundle/generated_instances/pilot24_data_generalization/E-UK25_11__curric_d2_s3_seed25009_24h seed=301
2026-06-29 18:43:01	Stage1 validation update_0100 bundle=models/data_bundle/generated_instances/pilot24_data_generalization/E-UK25_12__curric_d2_s3_seed25010_24h seed=301
2026-06-29 18:43:19	Stage1 validation update_0100 bundle=models/data_bundle/generated_instances/pilot24_data_generalization/E-UK25_13__curric_d2_s3_seed25011_24h seed=301
2026-06-29 18:43:29	Stage1 validation update_0100 bundle=models/data_bundle/generated_instances/pilot24_data_generalization/E-UK25_14__curric_d2_s3_seed25012_24h seed=301
2026-06-29 18:43:39	Stage1 validation update_0100 bundle=models/data_bundle/generated_instances/pilot24_data_generalization/E-UK25_15__curric_d2_s3_seed25013_24h seed=301
2026-06-29 18:43:47	Stage1 validation update_0100 bundle=models/data_bundle/generated_instances/pilot24_data_generalization/E-UK25_16__curric_d2_s3_seed25014_24h seed=301
2026-06-29 18:43:55	Stage1 validation update_0100 bundle=models/data_bundle/generated_instances/pilot24_data_generalization/E-UK25_17__curric_d2_s3_seed25015_24h seed=301
2026-06-29 18:44:04	Stage1 validation update_0100 bundle=models/data_bundle/generated_instances/pilot24_data_generalization/E-UK25_18__curric_d2_s3_seed25016_24h seed=301
2026-06-29 18:44:13	Stage1 validation update_0100 bundle=models/data_bundle/generated_instances/pilot24_data_generalization/E-UK25_19__curric_d2_s3_seed25017_24h seed=301
2026-06-29 18:44:31	Stage1 validation update_0100 bundle=models/data_bundle/generated_instances/pilot24_data_generalization/E-UK25_02__curric_d2_s3_seed25019_24h seed=301
2026-06-29 18:44:43	Stage1 validation update_0100 bundle=models/data_bundle/generated_instances/pilot24_data_generalization/E-UK25_03__curric_d2_s3_seed25020_24h seed=301
2026-06-29 18:44:53	Stage1 validation update_0100 bundle=models/data_bundle/generated_instances/pilot24_data_generalization/E-UK25_04__curric_d2_s3_seed25021_24h seed=301
2026-06-29 18:45:05	Stage1 validation update_0100 bundle=models/data_bundle/generated_instances/pilot24_data_generalization/E-UK25_05__curric_d2_s3_seed25022_24h seed=301
2026-06-29 18:45:15	Stage1 validation update_0100 bundle=models/data_bundle/generated_instances/pilot24_data_generalization/E-UK25_06__curric_d2_s3_seed25023_24h seed=301
2026-06-29 18:45:25	Stage1 validation update_0100 bundle=models/data_bundle/generated_instances/pilot24_data_generalization/E-UK25_07__curric_d2_s3_seed25024_24h seed=301
2026-06-29 18:45:36	Stage1 validation update_0100 bundle=models/data_bundle/generated_instances/pilot24_data_generalization/E-UK25_08__curric_d2_s3_seed25025_24h seed=301
2026-06-29 18:45:46	Stage1 validation update_0100 bundle=models/data_bundle/generated_instances/pilot24_data_generalization/E-UK25_09__curric_d2_s3_seed25026_24h seed=301
2026-06-29 18:45:53	Stage1 validation update_0100 bundle=models/data_bundle/generated_instances/pilot24_data_generalization/E-UK25_10__curric_d2_s3_seed25027_24h seed=301
2026-06-29 18:46:00	Stage1 validation update_0100 bundle=models/data_bundle/generated_instances/pilot24_data_generalization/E-UK25_11__curric_d2_s3_seed25028_24h seed=301
2026-06-29 18:46:10	Stage1 validation update_0100 bundle=models/data_bundle/generated_instances/pilot24_data_generalization/E-UK25_12__curric_d2_s3_seed25029_24h seed=301
2026-06-29 18:46:26	Stage1 validation update_0100 bundle=models/data_bundle/generated_instances/pilot24_data_generalization/E-UK25_13__curric_d2_s3_seed25030_24h seed=301
2026-06-29 18:46:37	Stage1 update 99 group=99 lr=6.42169e-05 kl=0.0026695802807807922 val_gain=0.06703453504855748
2026-06-29 18:46:37	Stage1 checkpoint solver\reports\dr_alns_ppo_v3_block_dr_alns\async_pilot\pilot24_data_generalization\checkpoints\pilot24_learned_destroy_update_0100.pt
2026-06-29 18:47:01	Stage1 update 100 group=100 lr=6.38554e-05 kl=0.0012071188539266586 val_gain=
2026-06-29 18:47:26	Stage1 update 101 group=101 lr=6.3494e-05 kl=0.0013245455920696259 val_gain=
2026-06-29 18:47:57	Stage1 update 102 group=102 lr=6.31325e-05 kl=0.002460099756717682 val_gain=
2026-06-29 18:48:22	Stage1 update 103 group=103 lr=6.27711e-05 kl=0.005045456811785698 val_gain=
2026-06-29 18:48:54	Stage1 update 104 group=104 lr=6.24096e-05 kl=0.001468481495976448 val_gain=
2026-06-29 18:49:22	Stage1 update 105 group=105 lr=6.20482e-05 kl=0.0011408794671297073 val_gain=
2026-06-29 18:49:47	Stage1 update 106 group=106 lr=6.16867e-05 kl=0.0008141361176967621 val_gain=
2026-06-29 18:50:16	Stage1 update 107 group=107 lr=6.13253e-05 kl=0.001149255782365799 val_gain=
2026-06-29 18:50:41	Stage1 update 108 group=108 lr=6.09639e-05 kl=0.00386996753513813 val_gain=
2026-06-29 18:51:09	Stage1 update 109 group=109 lr=6.06024e-05 kl=0.0012925229966640472 val_gain=
2026-06-29 18:51:40	Stage1 update 110 group=110 lr=6.0241e-05 kl=0.0008585695177316666 val_gain=
2026-06-29 18:52:08	Stage1 update 111 group=111 lr=5.98795e-05 kl=0.0009444002062082291 val_gain=
2026-06-29 18:52:33	Stage1 update 112 group=112 lr=5.95181e-05 kl=0.0014823991805315018 val_gain=
2026-06-29 18:52:59	Stage1 update 113 group=113 lr=5.91566e-05 kl=0.0016541071236133575 val_gain=
2026-06-29 18:53:30	Stage1 update 114 group=114 lr=5.87952e-05 kl=0.0017676670104265213 val_gain=
2026-06-29 18:53:53	Stage1 update 115 group=115 lr=5.84337e-05 kl=0.0010663047432899475 val_gain=
2026-06-29 18:54:21	Stage1 update 116 group=116 lr=5.80723e-05 kl=0.0011882055550813675 val_gain=
2026-06-29 18:54:49	Stage1 update 117 group=117 lr=5.77108e-05 kl=0.0008397698402404785 val_gain=
2026-06-29 18:55:18	Stage1 update 118 group=118 lr=5.73494e-05 kl=0.0007797926664352417 val_gain=
2026-06-29 18:55:45	Stage1 update 119 group=119 lr=5.6988e-05 kl=0.0005796179175376892 val_gain=
2026-06-29 18:56:12	Stage1 update 120 group=120 lr=5.66265e-05 kl=0.0019359197467565536 val_gain=
2026-06-29 18:56:37	Stage1 update 121 group=121 lr=5.62651e-05 kl=0.0018210504204034805 val_gain=
2026-06-29 18:57:03	Stage1 update 122 group=122 lr=5.59036e-05 kl=0.0023262575268745422 val_gain=
2026-06-29 18:57:29	Stage1 update 123 group=123 lr=5.55422e-05 kl=0.0008262656629085541 val_gain=
2026-06-29 18:57:55	Stage1 validation update_0125 bundle=models/data_bundle/generated_instances/pilot24_data_generalization/E-UK25_02__curric_d2_s3_seed25000_24h seed=301
2026-06-29 18:58:04	Stage1 validation update_0125 bundle=models/data_bundle/generated_instances/pilot24_data_generalization/E-UK25_03__curric_d2_s3_seed25001_24h seed=301
2026-06-29 18:58:13	Stage1 validation update_0125 bundle=models/data_bundle/generated_instances/pilot24_data_generalization/E-UK25_04__curric_d2_s3_seed25002_24h seed=301
2026-06-29 18:58:24	Stage1 validation update_0125 bundle=models/data_bundle/generated_instances/pilot24_data_generalization/E-UK25_05__curric_d2_s3_seed25003_24h seed=301
2026-06-29 18:58:34	Stage1 validation update_0125 bundle=models/data_bundle/generated_instances/pilot24_data_generalization/E-UK25_06__curric_d2_s3_seed25004_24h seed=301
2026-06-29 18:58:44	Stage1 validation update_0125 bundle=models/data_bundle/generated_instances/pilot24_data_generalization/E-UK25_07__curric_d2_s3_seed25005_24h seed=301
2026-06-29 18:58:54	Stage1 validation update_0125 bundle=models/data_bundle/generated_instances/pilot24_data_generalization/E-UK25_08__curric_d2_s3_seed25006_24h seed=301
2026-06-29 18:59:05	Stage1 validation update_0125 bundle=models/data_bundle/generated_instances/pilot24_data_generalization/E-UK25_09__curric_d2_s3_seed25007_24h seed=301
2026-06-29 18:59:13	Stage1 validation update_0125 bundle=models/data_bundle/generated_instances/pilot24_data_generalization/E-UK25_10__curric_d2_s3_seed25008_24h seed=301
2026-06-29 18:59:24	Stage1 validation update_0125 bundle=models/data_bundle/generated_instances/pilot24_data_generalization/E-UK25_11__curric_d2_s3_seed25009_24h seed=301
2026-06-29 18:59:32	Stage1 validation update_0125 bundle=models/data_bundle/generated_instances/pilot24_data_generalization/E-UK25_12__curric_d2_s3_seed25010_24h seed=301
2026-06-29 18:59:41	Stage1 validation update_0125 bundle=models/data_bundle/generated_instances/pilot24_data_generalization/E-UK25_13__curric_d2_s3_seed25011_24h seed=301
2026-06-29 18:59:52	Stage1 validation update_0125 bundle=models/data_bundle/generated_instances/pilot24_data_generalization/E-UK25_14__curric_d2_s3_seed25012_24h seed=301
2026-06-29 19:00:03	Stage1 validation update_0125 bundle=models/data_bundle/generated_instances/pilot24_data_generalization/E-UK25_15__curric_d2_s3_seed25013_24h seed=301
2026-06-29 19:00:12	Stage1 validation update_0125 bundle=models/data_bundle/generated_instances/pilot24_data_generalization/E-UK25_16__curric_d2_s3_seed25014_24h seed=301
2026-06-29 19:00:22	Stage1 validation update_0125 bundle=models/data_bundle/generated_instances/pilot24_data_generalization/E-UK25_17__curric_d2_s3_seed25015_24h seed=301
2026-06-29 19:00:31	Stage1 validation update_0125 bundle=models/data_bundle/generated_instances/pilot24_data_generalization/E-UK25_18__curric_d2_s3_seed25016_24h seed=301
2026-06-29 19:00:41	Stage1 validation update_0125 bundle=models/data_bundle/generated_instances/pilot24_data_generalization/E-UK25_19__curric_d2_s3_seed25017_24h seed=301
2026-06-29 19:00:55	Stage1 validation update_0125 bundle=models/data_bundle/generated_instances/pilot24_data_generalization/E-UK25_02__curric_d2_s3_seed25019_24h seed=301
2026-06-29 19:01:05	Stage1 validation update_0125 bundle=models/data_bundle/generated_instances/pilot24_data_generalization/E-UK25_03__curric_d2_s3_seed25020_24h seed=301
2026-06-29 19:01:17	Stage1 validation update_0125 bundle=models/data_bundle/generated_instances/pilot24_data_generalization/E-UK25_04__curric_d2_s3_seed25021_24h seed=301
2026-06-29 19:01:29	Stage1 validation update_0125 bundle=models/data_bundle/generated_instances/pilot24_data_generalization/E-UK25_05__curric_d2_s3_seed25022_24h seed=301
2026-06-29 19:01:40	Stage1 validation update_0125 bundle=models/data_bundle/generated_instances/pilot24_data_generalization/E-UK25_06__curric_d2_s3_seed25023_24h seed=301
2026-06-29 19:01:50	Stage1 validation update_0125 bundle=models/data_bundle/generated_instances/pilot24_data_generalization/E-UK25_07__curric_d2_s3_seed25024_24h seed=301
2026-06-29 19:02:00	Stage1 validation update_0125 bundle=models/data_bundle/generated_instances/pilot24_data_generalization/E-UK25_08__curric_d2_s3_seed25025_24h seed=301
2026-06-29 19:02:10	Stage1 validation update_0125 bundle=models/data_bundle/generated_instances/pilot24_data_generalization/E-UK25_09__curric_d2_s3_seed25026_24h seed=301
2026-06-29 19:02:18	Stage1 validation update_0125 bundle=models/data_bundle/generated_instances/pilot24_data_generalization/E-UK25_10__curric_d2_s3_seed25027_24h seed=301
2026-06-29 19:02:27	Stage1 validation update_0125 bundle=models/data_bundle/generated_instances/pilot24_data_generalization/E-UK25_11__curric_d2_s3_seed25028_24h seed=301
2026-06-29 19:02:41	Stage1 validation update_0125 bundle=models/data_bundle/generated_instances/pilot24_data_generalization/E-UK25_12__curric_d2_s3_seed25029_24h seed=301
2026-06-29 19:02:57	Stage1 validation update_0125 bundle=models/data_bundle/generated_instances/pilot24_data_generalization/E-UK25_13__curric_d2_s3_seed25030_24h seed=301
2026-06-29 19:03:08	Stage1 update 124 group=124 lr=5.51807e-05 kl=0.0016899742186069489 val_gain=-0.3796896452001257
2026-06-29 19:03:08	Stage1 checkpoint solver\reports\dr_alns_ppo_v3_block_dr_alns\async_pilot\pilot24_data_generalization\checkpoints\pilot24_learned_destroy_update_0125.pt
2026-06-29 19:03:34	Stage1 update 125 group=125 lr=5.48193e-05 kl=0.0008228737860918045 val_gain=
2026-06-29 19:04:00	Stage1 update 126 group=126 lr=5.44578e-05 kl=0.0017279013991355896 val_gain=
2026-06-29 19:04:29	Stage1 update 127 group=127 lr=5.40964e-05 kl=0.0006062034517526627 val_gain=
2026-06-29 19:04:56	Stage1 update 128 group=128 lr=5.37349e-05 kl=0.0011779628694057465 val_gain=
2026-06-29 19:05:26	Stage1 update 129 group=129 lr=5.33735e-05 kl=0.0013037901371717453 val_gain=
2026-06-29 19:05:52	Stage1 update 130 group=130 lr=5.3012e-05 kl=0.0011344589293003082 val_gain=
2026-06-29 19:06:17	Stage1 update 131 group=131 lr=5.26506e-05 kl=0.0015147849917411804 val_gain=
2026-06-29 19:06:53	Stage1 update 132 group=132 lr=5.22892e-05 kl=0.0016034096479415894 val_gain=
2026-06-29 19:07:21	Stage1 update 133 group=133 lr=5.19277e-05 kl=0.001258891075849533 val_gain=
2026-06-29 19:07:45	Stage1 update 134 group=134 lr=5.15663e-05 kl=0.002705877646803856 val_gain=
2026-06-29 19:08:13	Stage1 update 135 group=135 lr=5.12048e-05 kl=0.0018183086067438126 val_gain=
2026-06-29 19:08:43	Stage1 update 136 group=136 lr=5.08434e-05 kl=0.0019256025552749634 val_gain=
2026-06-29 19:09:12	Stage1 update 137 group=137 lr=5.04819e-05 kl=0.0013343673199415207 val_gain=
2026-06-29 19:09:39	Stage1 update 138 group=138 lr=5.01205e-05 kl=0.0011797044426202774 val_gain=
2026-06-29 19:10:07	Stage1 update 139 group=139 lr=4.9759e-05 kl=0.0011809039860963821 val_gain=
2026-06-29 19:10:39	Stage1 update 140 group=140 lr=4.93976e-05 kl=0.001032564789056778 val_gain=
2026-06-29 19:11:05	Stage1 update 141 group=141 lr=4.90361e-05 kl=0.001111157238483429 val_gain=
2026-06-29 19:11:35	Stage1 update 142 group=142 lr=4.86747e-05 kl=0.0013363584876060486 val_gain=
2026-06-29 19:12:03	Stage1 update 143 group=143 lr=4.83133e-05 kl=0.0019298065453767776 val_gain=
2026-06-29 19:12:29	Stage1 update 144 group=144 lr=4.79518e-05 kl=0.0010241903364658356 val_gain=
2026-06-29 19:13:00	Stage1 update 145 group=145 lr=4.75904e-05 kl=0.0017827171832323074 val_gain=
2026-06-29 19:13:28	Stage1 update 146 group=146 lr=4.72289e-05 kl=0.0011569447815418243 val_gain=
2026-06-29 19:13:57	Stage1 update 147 group=147 lr=4.68675e-05 kl=0.0013742446899414062 val_gain=
2026-06-29 19:14:23	Stage1 update 148 group=148 lr=4.6506e-05 kl=0.0022326484322547913 val_gain=
2026-06-29 19:14:50	Stage1 validation update_0150 bundle=models/data_bundle/generated_instances/pilot24_data_generalization/E-UK25_02__curric_d2_s3_seed25000_24h seed=301
2026-06-29 19:15:00	Stage1 validation update_0150 bundle=models/data_bundle/generated_instances/pilot24_data_generalization/E-UK25_03__curric_d2_s3_seed25001_24h seed=301
2026-06-29 19:15:08	Stage1 validation update_0150 bundle=models/data_bundle/generated_instances/pilot24_data_generalization/E-UK25_04__curric_d2_s3_seed25002_24h seed=301
2026-06-29 19:15:20	Stage1 validation update_0150 bundle=models/data_bundle/generated_instances/pilot24_data_generalization/E-UK25_05__curric_d2_s3_seed25003_24h seed=301
2026-06-29 19:15:30	Stage1 validation update_0150 bundle=models/data_bundle/generated_instances/pilot24_data_generalization/E-UK25_06__curric_d2_s3_seed25004_24h seed=301
2026-06-29 19:15:40	Stage1 validation update_0150 bundle=models/data_bundle/generated_instances/pilot24_data_generalization/E-UK25_07__curric_d2_s3_seed25005_24h seed=301
2026-06-29 19:15:49	Stage1 validation update_0150 bundle=models/data_bundle/generated_instances/pilot24_data_generalization/E-UK25_08__curric_d2_s3_seed25006_24h seed=301
2026-06-29 19:16:00	Stage1 validation update_0150 bundle=models/data_bundle/generated_instances/pilot24_data_generalization/E-UK25_09__curric_d2_s3_seed25007_24h seed=301
2026-06-29 19:16:09	Stage1 validation update_0150 bundle=models/data_bundle/generated_instances/pilot24_data_generalization/E-UK25_10__curric_d2_s3_seed25008_24h seed=301
2026-06-29 19:16:20	Stage1 validation update_0150 bundle=models/data_bundle/generated_instances/pilot24_data_generalization/E-UK25_11__curric_d2_s3_seed25009_24h seed=301
2026-06-29 19:16:29	Stage1 validation update_0150 bundle=models/data_bundle/generated_instances/pilot24_data_generalization/E-UK25_12__curric_d2_s3_seed25010_24h seed=301
2026-06-29 19:16:37	Stage1 validation update_0150 bundle=models/data_bundle/generated_instances/pilot24_data_generalization/E-UK25_13__curric_d2_s3_seed25011_24h seed=301
2026-06-29 19:16:48	Stage1 validation update_0150 bundle=models/data_bundle/generated_instances/pilot24_data_generalization/E-UK25_14__curric_d2_s3_seed25012_24h seed=301
2026-06-29 19:17:00	Stage1 validation update_0150 bundle=models/data_bundle/generated_instances/pilot24_data_generalization/E-UK25_15__curric_d2_s3_seed25013_24h seed=301
2026-06-29 19:17:09	Stage1 validation update_0150 bundle=models/data_bundle/generated_instances/pilot24_data_generalization/E-UK25_16__curric_d2_s3_seed25014_24h seed=301
2026-06-29 19:17:20	Stage1 validation update_0150 bundle=models/data_bundle/generated_instances/pilot24_data_generalization/E-UK25_17__curric_d2_s3_seed25015_24h seed=301
2026-06-29 19:17:30	Stage1 validation update_0150 bundle=models/data_bundle/generated_instances/pilot24_data_generalization/E-UK25_18__curric_d2_s3_seed25016_24h seed=301
2026-06-29 19:17:39	Stage1 validation update_0150 bundle=models/data_bundle/generated_instances/pilot24_data_generalization/E-UK25_19__curric_d2_s3_seed25017_24h seed=301
2026-06-29 19:17:47	Stage1 validation update_0150 bundle=models/data_bundle/generated_instances/pilot24_data_generalization/E-UK25_02__curric_d2_s3_seed25019_24h seed=301
2026-06-29 19:17:58	Stage1 validation update_0150 bundle=models/data_bundle/generated_instances/pilot24_data_generalization/E-UK25_03__curric_d2_s3_seed25020_24h seed=301
2026-06-29 19:18:10	Stage1 validation update_0150 bundle=models/data_bundle/generated_instances/pilot24_data_generalization/E-UK25_04__curric_d2_s3_seed25021_24h seed=301
2026-06-29 19:18:22	Stage1 validation update_0150 bundle=models/data_bundle/generated_instances/pilot24_data_generalization/E-UK25_05__curric_d2_s3_seed25022_24h seed=301
2026-06-29 19:18:34	Stage1 validation update_0150 bundle=models/data_bundle/generated_instances/pilot24_data_generalization/E-UK25_06__curric_d2_s3_seed25023_24h seed=301
2026-06-29 19:18:45	Stage1 validation update_0150 bundle=models/data_bundle/generated_instances/pilot24_data_generalization/E-UK25_07__curric_d2_s3_seed25024_24h seed=301
2026-06-29 19:18:53	Stage1 validation update_0150 bundle=models/data_bundle/generated_instances/pilot24_data_generalization/E-UK25_08__curric_d2_s3_seed25025_24h seed=301
2026-06-29 19:19:04	Stage1 validation update_0150 bundle=models/data_bundle/generated_instances/pilot24_data_generalization/E-UK25_09__curric_d2_s3_seed25026_24h seed=301
2026-06-29 19:19:11	Stage1 validation update_0150 bundle=models/data_bundle/generated_instances/pilot24_data_generalization/E-UK25_10__curric_d2_s3_seed25027_24h seed=301
2026-06-29 19:19:20	Stage1 validation update_0150 bundle=models/data_bundle/generated_instances/pilot24_data_generalization/E-UK25_11__curric_d2_s3_seed25028_24h seed=301
2026-06-29 19:19:29	Stage1 validation update_0150 bundle=models/data_bundle/generated_instances/pilot24_data_generalization/E-UK25_12__curric_d2_s3_seed25029_24h seed=301
2026-06-29 19:19:36	Stage1 validation update_0150 bundle=models/data_bundle/generated_instances/pilot24_data_generalization/E-UK25_13__curric_d2_s3_seed25030_24h seed=301
2026-06-29 19:19:45	Stage1 update 149 group=149 lr=4.61446e-05 kl=0.001060405746102333 val_gain=0.011648438948732607
2026-06-29 19:19:45	Stage1 checkpoint solver\reports\dr_alns_ppo_v3_block_dr_alns\async_pilot\pilot24_data_generalization\checkpoints\pilot24_learned_destroy_update_0150.pt
2026-06-29 19:20:13	Stage1 update 150 group=150 lr=4.57831e-05 kl=0.0011369194835424423 val_gain=
2026-06-29 19:20:43	Stage1 update 151 group=151 lr=4.54217e-05 kl=0.0006851498037576675 val_gain=
2026-06-29 19:21:09	Stage1 update 152 group=152 lr=4.50602e-05 kl=0.0007927920669317245 val_gain=
2026-06-29 19:21:40	Stage1 update 153 group=153 lr=4.46988e-05 kl=0.0012208390980958939 val_gain=
2026-06-29 19:22:09	Stage1 update 154 group=154 lr=4.43373e-05 kl=0.0013819262385368347 val_gain=
2026-06-29 19:22:37	Stage1 update 155 group=155 lr=4.39759e-05 kl=0.0005540996789932251 val_gain=
2026-06-29 19:23:04	Stage1 update 156 group=156 lr=4.36145e-05 kl=0.0007995497435331345 val_gain=
2026-06-29 19:23:33	Stage1 update 157 group=157 lr=4.3253e-05 kl=0.0007335953414440155 val_gain=
2026-06-29 19:24:01	Stage1 update 158 group=158 lr=4.28916e-05 kl=0.000575970858335495 val_gain=
2026-06-29 19:24:31	Stage1 update 159 group=159 lr=4.25301e-05 kl=0.0009569153189659119 val_gain=
2026-06-29 19:24:57	Stage1 update 160 group=160 lr=4.21687e-05 kl=0.0009886659681797028 val_gain=
2026-06-29 19:25:27	Stage1 update 161 group=161 lr=4.18072e-05 kl=0.001109769567847252 val_gain=
2026-06-29 19:25:58	Stage1 update 162 group=162 lr=4.14458e-05 kl=0.0007102768868207932 val_gain=
2026-06-29 19:26:27	Stage1 update 163 group=163 lr=4.10843e-05 kl=0.0007068254053592682 val_gain=
2026-06-29 19:26:57	Stage1 update 164 group=164 lr=4.07229e-05 kl=0.0019198786467313766 val_gain=
2026-06-29 19:27:26	Stage1 update 165 group=165 lr=4.03614e-05 kl=0.0006434209644794464 val_gain=
2026-06-29 19:27:54	Stage1 update 166 group=166 lr=4e-05 kl=0.000963279977440834 val_gain=
2026-06-29 19:28:22	Stage1 update 167 group=167 lr=3.96386e-05 kl=0.002583550289273262 val_gain=
2026-06-29 19:28:53	Stage1 update 168 group=168 lr=3.92771e-05 kl=0.0009139236062765121 val_gain=
2026-06-29 19:29:22	Stage1 update 169 group=169 lr=3.89157e-05 kl=0.0010577794164419174 val_gain=
2026-06-29 19:29:52	Stage1 update 170 group=170 lr=3.85542e-05 kl=0.00041675567626953125 val_gain=
2026-06-29 19:30:23	Stage1 update 171 group=171 lr=3.81928e-05 kl=0.001263406127691269 val_gain=
2026-06-29 19:30:58	Stage1 update 172 group=172 lr=3.78313e-05 kl=0.0010071471333503723 val_gain=
2026-06-29 19:31:27	Stage1 update 173 group=173 lr=3.74699e-05 kl=0.0005039647221565247 val_gain=
2026-06-29 19:32:02	Stage1 validation update_0175 bundle=models/data_bundle/generated_instances/pilot24_data_generalization/E-UK25_02__curric_d2_s3_seed25000_24h seed=301
2026-06-29 19:32:13	Stage1 validation update_0175 bundle=models/data_bundle/generated_instances/pilot24_data_generalization/E-UK25_03__curric_d2_s3_seed25001_24h seed=301
2026-06-29 19:32:22	Stage1 validation update_0175 bundle=models/data_bundle/generated_instances/pilot24_data_generalization/E-UK25_04__curric_d2_s3_seed25002_24h seed=301
2026-06-29 19:32:32	Stage1 validation update_0175 bundle=models/data_bundle/generated_instances/pilot24_data_generalization/E-UK25_05__curric_d2_s3_seed25003_24h seed=301
2026-06-29 19:32:42	Stage1 validation update_0175 bundle=models/data_bundle/generated_instances/pilot24_data_generalization/E-UK25_06__curric_d2_s3_seed25004_24h seed=301
2026-06-29 19:32:53	Stage1 validation update_0175 bundle=models/data_bundle/generated_instances/pilot24_data_generalization/E-UK25_07__curric_d2_s3_seed25005_24h seed=301
2026-06-29 19:33:01	Stage1 validation update_0175 bundle=models/data_bundle/generated_instances/pilot24_data_generalization/E-UK25_08__curric_d2_s3_seed25006_24h seed=301
2026-06-29 19:33:12	Stage1 validation update_0175 bundle=models/data_bundle/generated_instances/pilot24_data_generalization/E-UK25_09__curric_d2_s3_seed25007_24h seed=301
2026-06-29 19:33:20	Stage1 validation update_0175 bundle=models/data_bundle/generated_instances/pilot24_data_generalization/E-UK25_10__curric_d2_s3_seed25008_24h seed=301
2026-06-29 19:33:31	Stage1 validation update_0175 bundle=models/data_bundle/generated_instances/pilot24_data_generalization/E-UK25_11__curric_d2_s3_seed25009_24h seed=301
2026-06-29 19:33:39	Stage1 validation update_0175 bundle=models/data_bundle/generated_instances/pilot24_data_generalization/E-UK25_12__curric_d2_s3_seed25010_24h seed=301
2026-06-29 19:33:48	Stage1 validation update_0175 bundle=models/data_bundle/generated_instances/pilot24_data_generalization/E-UK25_13__curric_d2_s3_seed25011_24h seed=301
2026-06-29 19:33:59	Stage1 validation update_0175 bundle=models/data_bundle/generated_instances/pilot24_data_generalization/E-UK25_14__curric_d2_s3_seed25012_24h seed=301
2026-06-29 19:34:07	Stage1 validation update_0175 bundle=models/data_bundle/generated_instances/pilot24_data_generalization/E-UK25_15__curric_d2_s3_seed25013_24h seed=301
2026-06-29 19:34:17	Stage1 validation update_0175 bundle=models/data_bundle/generated_instances/pilot24_data_generalization/E-UK25_16__curric_d2_s3_seed25014_24h seed=301
2026-06-29 19:34:28	Stage1 validation update_0175 bundle=models/data_bundle/generated_instances/pilot24_data_generalization/E-UK25_17__curric_d2_s3_seed25015_24h seed=301
2026-06-29 19:34:38	Stage1 validation update_0175 bundle=models/data_bundle/generated_instances/pilot24_data_generalization/E-UK25_18__curric_d2_s3_seed25016_24h seed=301
2026-06-29 19:34:48	Stage1 validation update_0175 bundle=models/data_bundle/generated_instances/pilot24_data_generalization/E-UK25_19__curric_d2_s3_seed25017_24h seed=301
2026-06-29 19:34:56	Stage1 validation update_0175 bundle=models/data_bundle/generated_instances/pilot24_data_generalization/E-UK25_02__curric_d2_s3_seed25019_24h seed=301
2026-06-29 19:35:08	Stage1 validation update_0175 bundle=models/data_bundle/generated_instances/pilot24_data_generalization/E-UK25_03__curric_d2_s3_seed25020_24h seed=301
2026-06-29 19:35:18	Stage1 validation update_0175 bundle=models/data_bundle/generated_instances/pilot24_data_generalization/E-UK25_04__curric_d2_s3_seed25021_24h seed=301
2026-06-29 19:35:30	Stage1 validation update_0175 bundle=models/data_bundle/generated_instances/pilot24_data_generalization/E-UK25_05__curric_d2_s3_seed25022_24h seed=301
2026-06-29 19:35:38	Stage1 validation update_0175 bundle=models/data_bundle/generated_instances/pilot24_data_generalization/E-UK25_06__curric_d2_s3_seed25023_24h seed=301
2026-06-29 19:35:48	Stage1 validation update_0175 bundle=models/data_bundle/generated_instances/pilot24_data_generalization/E-UK25_07__curric_d2_s3_seed25024_24h seed=301
2026-06-29 19:35:57	Stage1 validation update_0175 bundle=models/data_bundle/generated_instances/pilot24_data_generalization/E-UK25_08__curric_d2_s3_seed25025_24h seed=301
2026-06-29 19:36:07	Stage1 validation update_0175 bundle=models/data_bundle/generated_instances/pilot24_data_generalization/E-UK25_09__curric_d2_s3_seed25026_24h seed=301
2026-06-29 19:36:17	Stage1 validation update_0175 bundle=models/data_bundle/generated_instances/pilot24_data_generalization/E-UK25_10__curric_d2_s3_seed25027_24h seed=301
2026-06-29 19:36:26	Stage1 validation update_0175 bundle=models/data_bundle/generated_instances/pilot24_data_generalization/E-UK25_11__curric_d2_s3_seed25028_24h seed=301
2026-06-29 19:36:34	Stage1 validation update_0175 bundle=models/data_bundle/generated_instances/pilot24_data_generalization/E-UK25_12__curric_d2_s3_seed25029_24h seed=301
2026-06-29 19:36:49	Stage1 validation update_0175 bundle=models/data_bundle/generated_instances/pilot24_data_generalization/E-UK25_13__curric_d2_s3_seed25030_24h seed=301
2026-06-29 19:36:58	Stage1 update 174 group=174 lr=3.71084e-05 kl=0.0015499778091907501 val_gain=0.45094054294778113
2026-06-29 19:36:58	Stage1 checkpoint solver\reports\dr_alns_ppo_v3_block_dr_alns\async_pilot\pilot24_data_generalization\checkpoints\pilot24_learned_destroy_update_0175.pt
2026-06-29 19:37:30	Stage1 update 175 group=175 lr=3.6747e-05 kl=0.0009044613689184189 val_gain=
2026-06-29 19:37:57	Stage1 update 176 group=176 lr=3.63855e-05 kl=0.0012395493686199188 val_gain=
2026-06-29 19:38:24	Stage1 update 177 group=177 lr=3.60241e-05 kl=0.0011859480291604996 val_gain=
2026-06-29 19:38:51	Stage1 update 178 group=178 lr=3.56627e-05 kl=0.00029298849403858185 val_gain=
2026-06-29 19:39:22	Stage1 update 179 group=179 lr=3.53012e-05 kl=0.0007511433213949203 val_gain=
2026-06-29 19:39:50	Stage1 update 180 group=180 lr=3.49398e-05 kl=0.0009915847331285477 val_gain=
2026-06-29 19:40:20	Stage1 update 181 group=181 lr=3.45783e-05 kl=0.0010221004486083984 val_gain=
2026-06-29 19:40:50	Stage1 update 182 group=182 lr=3.42169e-05 kl=0.0009117629379034042 val_gain=
2026-06-29 19:41:19	Stage1 update 183 group=183 lr=3.38554e-05 kl=0.002074422314763069 val_gain=
2026-06-29 19:41:50	Stage1 update 184 group=184 lr=3.3494e-05 kl=0.0005420669913291931 val_gain=
2026-06-29 19:42:18	Stage1 update 185 group=185 lr=3.31325e-05 kl=0.0005957260727882385 val_gain=
2026-06-29 19:42:49	Stage1 update 186 group=186 lr=3.27711e-05 kl=0.00047783181071281433 val_gain=
2026-06-29 19:43:19	Stage1 update 187 group=187 lr=3.24096e-05 kl=0.00038407929241657257 val_gain=
2026-06-29 19:43:48	Stage1 update 188 group=188 lr=3.20482e-05 kl=0.00048635154962539673 val_gain=
2026-06-29 19:44:16	Stage1 update 189 group=189 lr=3.16867e-05 kl=0.0008177924901247025 val_gain=
2026-06-29 19:44:45	Stage1 update 190 group=190 lr=3.13253e-05 kl=0.0013541951775550842 val_gain=
2026-06-29 19:45:13	Stage1 update 191 group=191 lr=3.09639e-05 kl=0.0006300974637269974 val_gain=
2026-06-29 19:45:43	Stage1 update 192 group=192 lr=3.06024e-05 kl=0.0005662087351083755 val_gain=
2026-06-29 19:46:10	Stage1 update 193 group=193 lr=3.0241e-05 kl=0.001098955050110817 val_gain=
2026-06-29 19:46:39	Stage1 update 194 group=194 lr=2.98795e-05 kl=0.0006859973073005676 val_gain=
2026-06-29 19:47:08	Stage1 update 195 group=195 lr=2.95181e-05 kl=0.0005068928003311157 val_gain=
2026-06-29 19:47:43	Stage1 update 196 group=196 lr=2.91566e-05 kl=0.0006001796573400497 val_gain=
2026-06-29 19:48:13	Stage1 update 197 group=197 lr=2.87952e-05 kl=0.00134303979575634 val_gain=
2026-06-29 19:48:40	Stage1 update 198 group=198 lr=2.84337e-05 kl=0.0006517097353935242 val_gain=
2026-06-29 19:49:06	Stage1 validation update_0200 bundle=models/data_bundle/generated_instances/pilot24_data_generalization/E-UK25_02__curric_d2_s3_seed25000_24h seed=301
2026-06-29 19:49:17	Stage1 validation update_0200 bundle=models/data_bundle/generated_instances/pilot24_data_generalization/E-UK25_03__curric_d2_s3_seed25001_24h seed=301
2026-06-29 19:49:26	Stage1 validation update_0200 bundle=models/data_bundle/generated_instances/pilot24_data_generalization/E-UK25_04__curric_d2_s3_seed25002_24h seed=301
2026-06-29 19:49:37	Stage1 validation update_0200 bundle=models/data_bundle/generated_instances/pilot24_data_generalization/E-UK25_05__curric_d2_s3_seed25003_24h seed=301
2026-06-29 19:49:47	Stage1 validation update_0200 bundle=models/data_bundle/generated_instances/pilot24_data_generalization/E-UK25_06__curric_d2_s3_seed25004_24h seed=301
2026-06-29 19:49:57	Stage1 validation update_0200 bundle=models/data_bundle/generated_instances/pilot24_data_generalization/E-UK25_07__curric_d2_s3_seed25005_24h seed=301
2026-06-29 19:50:09	Stage1 validation update_0200 bundle=models/data_bundle/generated_instances/pilot24_data_generalization/E-UK25_08__curric_d2_s3_seed25006_24h seed=301
2026-06-29 19:50:19	Stage1 validation update_0200 bundle=models/data_bundle/generated_instances/pilot24_data_generalization/E-UK25_09__curric_d2_s3_seed25007_24h seed=301
2026-06-29 19:50:28	Stage1 validation update_0200 bundle=models/data_bundle/generated_instances/pilot24_data_generalization/E-UK25_10__curric_d2_s3_seed25008_24h seed=301
2026-06-29 19:50:39	Stage1 validation update_0200 bundle=models/data_bundle/generated_instances/pilot24_data_generalization/E-UK25_11__curric_d2_s3_seed25009_24h seed=301
2026-06-29 19:50:49	Stage1 validation update_0200 bundle=models/data_bundle/generated_instances/pilot24_data_generalization/E-UK25_12__curric_d2_s3_seed25010_24h seed=301
2026-06-29 19:50:57	Stage1 validation update_0200 bundle=models/data_bundle/generated_instances/pilot24_data_generalization/E-UK25_13__curric_d2_s3_seed25011_24h seed=301
2026-06-29 19:51:09	Stage1 validation update_0200 bundle=models/data_bundle/generated_instances/pilot24_data_generalization/E-UK25_14__curric_d2_s3_seed25012_24h seed=301
2026-06-29 19:51:18	Stage1 validation update_0200 bundle=models/data_bundle/generated_instances/pilot24_data_generalization/E-UK25_15__curric_d2_s3_seed25013_24h seed=301
2026-06-29 19:51:27	Stage1 validation update_0200 bundle=models/data_bundle/generated_instances/pilot24_data_generalization/E-UK25_16__curric_d2_s3_seed25014_24h seed=301
2026-06-29 19:51:39	Stage1 validation update_0200 bundle=models/data_bundle/generated_instances/pilot24_data_generalization/E-UK25_17__curric_d2_s3_seed25015_24h seed=301
2026-06-29 19:51:48	Stage1 validation update_0200 bundle=models/data_bundle/generated_instances/pilot24_data_generalization/E-UK25_18__curric_d2_s3_seed25016_24h seed=301
2026-06-29 19:51:58	Stage1 validation update_0200 bundle=models/data_bundle/generated_instances/pilot24_data_generalization/E-UK25_19__curric_d2_s3_seed25017_24h seed=301
2026-06-29 19:52:06	Stage1 validation update_0200 bundle=models/data_bundle/generated_instances/pilot24_data_generalization/E-UK25_02__curric_d2_s3_seed25019_24h seed=301
2026-06-29 19:52:18	Stage1 validation update_0200 bundle=models/data_bundle/generated_instances/pilot24_data_generalization/E-UK25_03__curric_d2_s3_seed25020_24h seed=301
2026-06-29 19:52:28	Stage1 validation update_0200 bundle=models/data_bundle/generated_instances/pilot24_data_generalization/E-UK25_04__curric_d2_s3_seed25021_24h seed=301
2026-06-29 19:52:39	Stage1 validation update_0200 bundle=models/data_bundle/generated_instances/pilot24_data_generalization/E-UK25_05__curric_d2_s3_seed25022_24h seed=301
2026-06-29 19:52:47	Stage1 validation update_0200 bundle=models/data_bundle/generated_instances/pilot24_data_generalization/E-UK25_06__curric_d2_s3_seed25023_24h seed=301
2026-06-29 19:52:57	Stage1 validation update_0200 bundle=models/data_bundle/generated_instances/pilot24_data_generalization/E-UK25_07__curric_d2_s3_seed25024_24h seed=301
2026-06-29 19:53:06	Stage1 validation update_0200 bundle=models/data_bundle/generated_instances/pilot24_data_generalization/E-UK25_08__curric_d2_s3_seed25025_24h seed=301
2026-06-29 19:53:16	Stage1 validation update_0200 bundle=models/data_bundle/generated_instances/pilot24_data_generalization/E-UK25_09__curric_d2_s3_seed25026_24h seed=301
2026-06-29 19:53:25	Stage1 validation update_0200 bundle=models/data_bundle/generated_instances/pilot24_data_generalization/E-UK25_10__curric_d2_s3_seed25027_24h seed=301
2026-06-29 19:53:34	Stage1 validation update_0200 bundle=models/data_bundle/generated_instances/pilot24_data_generalization/E-UK25_11__curric_d2_s3_seed25028_24h seed=301
2026-06-29 19:53:43	Stage1 validation update_0200 bundle=models/data_bundle/generated_instances/pilot24_data_generalization/E-UK25_12__curric_d2_s3_seed25029_24h seed=301
2026-06-29 19:53:57	Stage1 validation update_0200 bundle=models/data_bundle/generated_instances/pilot24_data_generalization/E-UK25_13__curric_d2_s3_seed25030_24h seed=301
2026-06-29 19:54:05	Stage1 update 199 group=199 lr=2.80723e-05 kl=0.0012393351644277573 val_gain=0.5180281680794521
2026-06-29 19:54:05	Stage1 checkpoint solver\reports\dr_alns_ppo_v3_block_dr_alns\async_pilot\pilot24_data_generalization\checkpoints\pilot24_learned_destroy_update_0200.pt
2026-06-29 19:54:35	Stage1 update 200 group=200 lr=2.77108e-05 kl=0.0015364084392786026 val_gain=
2026-06-29 19:55:01	Stage1 update 201 group=201 lr=2.73494e-05 kl=0.0007166005671024323 val_gain=
2026-06-29 19:55:34	Stage1 update 202 group=202 lr=2.6988e-05 kl=0.0002642925828695297 val_gain=
2026-06-29 19:55:58	Stage1 update 203 group=203 lr=2.66265e-05 kl=0.0010213535279035568 val_gain=
2026-06-29 19:56:28	Stage1 update 204 group=204 lr=2.62651e-05 kl=0.0010568778961896896 val_gain=
2026-06-29 19:56:54	Stage1 update 205 group=205 lr=2.59036e-05 kl=0.0006852615624666214 val_gain=
2026-06-29 19:57:22	Stage1 update 206 group=206 lr=2.55422e-05 kl=0.00038776546716690063 val_gain=
2026-06-29 19:57:51	Stage1 update 207 group=207 lr=2.51807e-05 kl=0.0009021945297718048 val_gain=
2026-06-29 19:58:16	Stage1 update 208 group=208 lr=2.48193e-05 kl=0.0007480047643184662 val_gain=
2026-06-29 19:58:43	Stage1 update 209 group=209 lr=2.44578e-05 kl=0.0006797425448894501 val_gain=
2026-06-29 19:59:09	Stage1 update 210 group=210 lr=2.40964e-05 kl=0.0006127338856458664 val_gain=
2026-06-29 19:59:37	Stage1 update 211 group=211 lr=2.37349e-05 kl=0.00035283900797367096 val_gain=
2026-06-29 20:00:07	Stage1 update 212 group=212 lr=2.33735e-05 kl=0.0004451218992471695 val_gain=
2026-06-29 20:00:32	Stage1 update 213 group=213 lr=2.3012e-05 kl=0.00048213638365268707 val_gain=
2026-06-29 20:01:01	Stage1 update 214 group=214 lr=2.26506e-05 kl=0.0010917037725448608 val_gain=
2026-06-29 20:01:28	Stage1 update 215 group=215 lr=2.22892e-05 kl=0.00045610032975673676 val_gain=
2026-06-29 20:01:56	Stage1 update 216 group=216 lr=2.19277e-05 kl=0.00042316876351833344 val_gain=
2026-06-29 20:02:27	Stage1 update 217 group=217 lr=2.15663e-05 kl=0.00023976340889930725 val_gain=
2026-06-29 20:02:56	Stage1 update 218 group=218 lr=2.12048e-05 kl=0.0006951410323381424 val_gain=
2026-06-29 20:03:26	Stage1 update 219 group=219 lr=2.08434e-05 kl=0.0005569476634263992 val_gain=
2026-06-29 20:03:57	Stage1 update 220 group=220 lr=2.04819e-05 kl=0.0001477375626564026 val_gain=
2026-06-29 20:04:26	Stage1 update 221 group=221 lr=2.01205e-05 kl=0.00036913901567459106 val_gain=
2026-06-29 20:04:53	Stage1 update 222 group=222 lr=1.9759e-05 kl=0.0003232266753911972 val_gain=
2026-06-29 20:05:22	Stage1 update 223 group=223 lr=1.93976e-05 kl=0.00036974065005779266 val_gain=
2026-06-29 20:05:51	Stage1 validation update_0225 bundle=models/data_bundle/generated_instances/pilot24_data_generalization/E-UK25_02__curric_d2_s3_seed25000_24h seed=301
2026-06-29 20:05:59	Stage1 validation update_0225 bundle=models/data_bundle/generated_instances/pilot24_data_generalization/E-UK25_03__curric_d2_s3_seed25001_24h seed=301
2026-06-29 20:06:15	Stage1 validation update_0225 bundle=models/data_bundle/generated_instances/pilot24_data_generalization/E-UK25_04__curric_d2_s3_seed25002_24h seed=301
2026-06-29 20:06:24	Stage1 validation update_0225 bundle=models/data_bundle/generated_instances/pilot24_data_generalization/E-UK25_05__curric_d2_s3_seed25003_24h seed=301
2026-06-29 20:06:34	Stage1 validation update_0225 bundle=models/data_bundle/generated_instances/pilot24_data_generalization/E-UK25_06__curric_d2_s3_seed25004_24h seed=301
2026-06-29 20:06:44	Stage1 validation update_0225 bundle=models/data_bundle/generated_instances/pilot24_data_generalization/E-UK25_07__curric_d2_s3_seed25005_24h seed=301
2026-06-29 20:06:55	Stage1 validation update_0225 bundle=models/data_bundle/generated_instances/pilot24_data_generalization/E-UK25_08__curric_d2_s3_seed25006_24h seed=301
2026-06-29 20:07:06	Stage1 validation update_0225 bundle=models/data_bundle/generated_instances/pilot24_data_generalization/E-UK25_09__curric_d2_s3_seed25007_24h seed=301
2026-06-29 20:07:15	Stage1 validation update_0225 bundle=models/data_bundle/generated_instances/pilot24_data_generalization/E-UK25_10__curric_d2_s3_seed25008_24h seed=301
2026-06-29 20:07:26	Stage1 validation update_0225 bundle=models/data_bundle/generated_instances/pilot24_data_generalization/E-UK25_11__curric_d2_s3_seed25009_24h seed=301
2026-06-29 20:07:35	Stage1 validation update_0225 bundle=models/data_bundle/generated_instances/pilot24_data_generalization/E-UK25_12__curric_d2_s3_seed25010_24h seed=301
2026-06-29 20:07:44	Stage1 validation update_0225 bundle=models/data_bundle/generated_instances/pilot24_data_generalization/E-UK25_13__curric_d2_s3_seed25011_24h seed=301
2026-06-29 20:07:55	Stage1 validation update_0225 bundle=models/data_bundle/generated_instances/pilot24_data_generalization/E-UK25_14__curric_d2_s3_seed25012_24h seed=301
2026-06-29 20:08:09	Stage1 validation update_0225 bundle=models/data_bundle/generated_instances/pilot24_data_generalization/E-UK25_15__curric_d2_s3_seed25013_24h seed=301
2026-06-29 20:08:18	Stage1 validation update_0225 bundle=models/data_bundle/generated_instances/pilot24_data_generalization/E-UK25_16__curric_d2_s3_seed25014_24h seed=301
2026-06-29 20:08:30	Stage1 validation update_0225 bundle=models/data_bundle/generated_instances/pilot24_data_generalization/E-UK25_17__curric_d2_s3_seed25015_24h seed=301
2026-06-29 20:08:39	Stage1 validation update_0225 bundle=models/data_bundle/generated_instances/pilot24_data_generalization/E-UK25_18__curric_d2_s3_seed25016_24h seed=301
2026-06-29 20:08:48	Stage1 validation update_0225 bundle=models/data_bundle/generated_instances/pilot24_data_generalization/E-UK25_19__curric_d2_s3_seed25017_24h seed=301
2026-06-29 20:09:02	Stage1 validation update_0225 bundle=models/data_bundle/generated_instances/pilot24_data_generalization/E-UK25_02__curric_d2_s3_seed25019_24h seed=301
2026-06-29 20:09:14	Stage1 validation update_0225 bundle=models/data_bundle/generated_instances/pilot24_data_generalization/E-UK25_03__curric_d2_s3_seed25020_24h seed=301
2026-06-29 20:09:24	Stage1 validation update_0225 bundle=models/data_bundle/generated_instances/pilot24_data_generalization/E-UK25_04__curric_d2_s3_seed25021_24h seed=301
2026-06-29 20:09:36	Stage1 validation update_0225 bundle=models/data_bundle/generated_instances/pilot24_data_generalization/E-UK25_05__curric_d2_s3_seed25022_24h seed=301
2026-06-29 20:09:45	Stage1 validation update_0225 bundle=models/data_bundle/generated_instances/pilot24_data_generalization/E-UK25_06__curric_d2_s3_seed25023_24h seed=301
2026-06-29 20:09:55	Stage1 validation update_0225 bundle=models/data_bundle/generated_instances/pilot24_data_generalization/E-UK25_07__curric_d2_s3_seed25024_24h seed=301
2026-06-29 20:10:08	Stage1 validation update_0225 bundle=models/data_bundle/generated_instances/pilot24_data_generalization/E-UK25_08__curric_d2_s3_seed25025_24h seed=301
2026-06-29 20:10:18	Stage1 validation update_0225 bundle=models/data_bundle/generated_instances/pilot24_data_generalization/E-UK25_09__curric_d2_s3_seed25026_24h seed=301
2026-06-29 20:10:25	Stage1 validation update_0225 bundle=models/data_bundle/generated_instances/pilot24_data_generalization/E-UK25_10__curric_d2_s3_seed25027_24h seed=301
2026-06-29 20:10:34	Stage1 validation update_0225 bundle=models/data_bundle/generated_instances/pilot24_data_generalization/E-UK25_11__curric_d2_s3_seed25028_24h seed=301
2026-06-29 20:10:43	Stage1 validation update_0225 bundle=models/data_bundle/generated_instances/pilot24_data_generalization/E-UK25_12__curric_d2_s3_seed25029_24h seed=301
2026-06-29 20:11:00	Stage1 validation update_0225 bundle=models/data_bundle/generated_instances/pilot24_data_generalization/E-UK25_13__curric_d2_s3_seed25030_24h seed=301
2026-06-29 20:11:09	Stage1 update 224 group=224 lr=1.90361e-05 kl=0.0004685819149017334 val_gain=1.4438251239530215
2026-06-29 20:11:09	Stage1 checkpoint solver\reports\dr_alns_ppo_v3_block_dr_alns\async_pilot\pilot24_data_generalization\checkpoints\pilot24_learned_destroy_update_0225.pt
2026-06-29 20:11:44	Stage1 update 225 group=225 lr=1.86747e-05 kl=0.0004026740789413452 val_gain=
2026-06-29 20:12:14	Stage1 update 226 group=226 lr=1.83133e-05 kl=0.0003330390900373459 val_gain=
2026-06-29 20:12:45	Stage1 update 227 group=227 lr=1.79518e-05 kl=0.000156305730342865 val_gain=
2026-06-29 20:13:11	Stage1 update 228 group=228 lr=1.75904e-05 kl=0.0002597961574792862 val_gain=
2026-06-29 20:13:39	Stage1 update 229 group=229 lr=1.72289e-05 kl=0.000692298635840416 val_gain=
2026-06-29 20:14:08	Stage1 update 230 group=230 lr=1.68675e-05 kl=0.00032609887421131134 val_gain=
2026-06-29 20:14:33	Stage1 update 231 group=231 lr=1.6506e-05 kl=0.0002726912498474121 val_gain=
2026-06-29 20:15:00	Stage1 update 232 group=232 lr=1.61446e-05 kl=0.0003168489784002304 val_gain=
2026-06-29 20:15:30	Stage1 update 233 group=233 lr=1.57831e-05 kl=0.0006208177655935287 val_gain=
2026-06-29 20:15:55	Stage1 update 234 group=234 lr=1.54217e-05 kl=0.0006713680922985077 val_gain=
2026-06-29 20:16:23	Stage1 update 235 group=235 lr=1.50602e-05 kl=0.00021289102733135223 val_gain=
2026-06-29 20:16:52	Stage1 update 236 group=236 lr=1.46988e-05 kl=0.0003408491611480713 val_gain=
2026-06-29 20:17:19	Stage1 update 237 group=237 lr=1.43373e-05 kl=0.0005239956080913544 val_gain=
2026-06-29 20:17:45	Stage1 update 238 group=238 lr=1.39759e-05 kl=0.0003197062760591507 val_gain=
2026-06-29 20:18:11	Stage1 update 239 group=239 lr=1.36145e-05 kl=0.00033499859273433685 val_gain=
2026-06-29 20:18:39	Stage1 update 240 group=240 lr=1.3253e-05 kl=0.0002899002283811569 val_gain=
2026-06-29 20:19:04	Stage1 update 241 group=241 lr=1.28916e-05 kl=0.000307304784655571 val_gain=
2026-06-29 20:19:31	Stage1 update 242 group=242 lr=1.25301e-05 kl=0.0004885606467723846 val_gain=
2026-06-29 20:19:57	Stage1 update 243 group=243 lr=1.21687e-05 kl=0.0004821084439754486 val_gain=
2026-06-29 20:20:22	Stage1 update 244 group=244 lr=1.18072e-05 kl=0.0005129426717758179 val_gain=
2026-06-29 20:20:52	Stage1 update 245 group=245 lr=1.14458e-05 kl=0.00027316994965076447 val_gain=
2026-06-29 20:21:20	Stage1 update 246 group=246 lr=1.10843e-05 kl=0.000430794432759285 val_gain=
2026-06-29 20:21:50	Stage1 update 247 group=247 lr=1.07229e-05 kl=0.00019451230764389038 val_gain=
2026-06-29 20:22:18	Stage1 update 248 group=248 lr=1.03614e-05 kl=0.00018144026398658752 val_gain=
2026-06-29 20:22:46	Stage1 validation update_0250 bundle=models/data_bundle/generated_instances/pilot24_data_generalization/E-UK25_02__curric_d2_s3_seed25000_24h seed=301
2026-06-29 20:22:53	Stage1 validation update_0250 bundle=models/data_bundle/generated_instances/pilot24_data_generalization/E-UK25_03__curric_d2_s3_seed25001_24h seed=301
2026-06-29 20:23:09	Stage1 validation update_0250 bundle=models/data_bundle/generated_instances/pilot24_data_generalization/E-UK25_04__curric_d2_s3_seed25002_24h seed=301
2026-06-29 20:23:18	Stage1 validation update_0250 bundle=models/data_bundle/generated_instances/pilot24_data_generalization/E-UK25_05__curric_d2_s3_seed25003_24h seed=301
2026-06-29 20:23:26	Stage1 validation update_0250 bundle=models/data_bundle/generated_instances/pilot24_data_generalization/E-UK25_06__curric_d2_s3_seed25004_24h seed=301
2026-06-29 20:23:36	Stage1 validation update_0250 bundle=models/data_bundle/generated_instances/pilot24_data_generalization/E-UK25_07__curric_d2_s3_seed25005_24h seed=301
2026-06-29 20:23:47	Stage1 validation update_0250 bundle=models/data_bundle/generated_instances/pilot24_data_generalization/E-UK25_08__curric_d2_s3_seed25006_24h seed=301
2026-06-29 20:23:56	Stage1 validation update_0250 bundle=models/data_bundle/generated_instances/pilot24_data_generalization/E-UK25_09__curric_d2_s3_seed25007_24h seed=301
2026-06-29 20:24:04	Stage1 validation update_0250 bundle=models/data_bundle/generated_instances/pilot24_data_generalization/E-UK25_10__curric_d2_s3_seed25008_24h seed=301
2026-06-29 20:24:15	Stage1 validation update_0250 bundle=models/data_bundle/generated_instances/pilot24_data_generalization/E-UK25_11__curric_d2_s3_seed25009_24h seed=301
2026-06-29 20:24:22	Stage1 validation update_0250 bundle=models/data_bundle/generated_instances/pilot24_data_generalization/E-UK25_12__curric_d2_s3_seed25010_24h seed=301
2026-06-29 20:24:30	Stage1 validation update_0250 bundle=models/data_bundle/generated_instances/pilot24_data_generalization/E-UK25_13__curric_d2_s3_seed25011_24h seed=301
2026-06-29 20:24:41	Stage1 validation update_0250 bundle=models/data_bundle/generated_instances/pilot24_data_generalization/E-UK25_14__curric_d2_s3_seed25012_24h seed=301
2026-06-29 20:24:48	Stage1 validation update_0250 bundle=models/data_bundle/generated_instances/pilot24_data_generalization/E-UK25_15__curric_d2_s3_seed25013_24h seed=301
2026-06-29 20:24:57	Stage1 validation update_0250 bundle=models/data_bundle/generated_instances/pilot24_data_generalization/E-UK25_16__curric_d2_s3_seed25014_24h seed=301
2026-06-29 20:25:08	Stage1 validation update_0250 bundle=models/data_bundle/generated_instances/pilot24_data_generalization/E-UK25_17__curric_d2_s3_seed25015_24h seed=301
2026-06-29 20:25:16	Stage1 validation update_0250 bundle=models/data_bundle/generated_instances/pilot24_data_generalization/E-UK25_18__curric_d2_s3_seed25016_24h seed=301
2026-06-29 20:25:25	Stage1 validation update_0250 bundle=models/data_bundle/generated_instances/pilot24_data_generalization/E-UK25_19__curric_d2_s3_seed25017_24h seed=301
2026-06-29 20:25:37	Stage1 validation update_0250 bundle=models/data_bundle/generated_instances/pilot24_data_generalization/E-UK25_02__curric_d2_s3_seed25019_24h seed=301
2026-06-29 20:25:48	Stage1 validation update_0250 bundle=models/data_bundle/generated_instances/pilot24_data_generalization/E-UK25_03__curric_d2_s3_seed25020_24h seed=301
2026-06-29 20:25:58	Stage1 validation update_0250 bundle=models/data_bundle/generated_instances/pilot24_data_generalization/E-UK25_04__curric_d2_s3_seed25021_24h seed=301
2026-06-29 20:26:09	Stage1 validation update_0250 bundle=models/data_bundle/generated_instances/pilot24_data_generalization/E-UK25_05__curric_d2_s3_seed25022_24h seed=301
2026-06-29 20:26:16	Stage1 validation update_0250 bundle=models/data_bundle/generated_instances/pilot24_data_generalization/E-UK25_06__curric_d2_s3_seed25023_24h seed=301
2026-06-29 20:26:26	Stage1 validation update_0250 bundle=models/data_bundle/generated_instances/pilot24_data_generalization/E-UK25_07__curric_d2_s3_seed25024_24h seed=301
2026-06-29 20:26:42	Stage1 validation update_0250 bundle=models/data_bundle/generated_instances/pilot24_data_generalization/E-UK25_08__curric_d2_s3_seed25025_24h seed=301
2026-06-29 20:26:51	Stage1 validation update_0250 bundle=models/data_bundle/generated_instances/pilot24_data_generalization/E-UK25_09__curric_d2_s3_seed25026_24h seed=301
2026-06-29 20:26:59	Stage1 validation update_0250 bundle=models/data_bundle/generated_instances/pilot24_data_generalization/E-UK25_10__curric_d2_s3_seed25027_24h seed=301
2026-06-29 20:27:08	Stage1 validation update_0250 bundle=models/data_bundle/generated_instances/pilot24_data_generalization/E-UK25_11__curric_d2_s3_seed25028_24h seed=301
2026-06-29 20:27:16	Stage1 validation update_0250 bundle=models/data_bundle/generated_instances/pilot24_data_generalization/E-UK25_12__curric_d2_s3_seed25029_24h seed=301
2026-06-29 20:27:29	Stage1 validation update_0250 bundle=models/data_bundle/generated_instances/pilot24_data_generalization/E-UK25_13__curric_d2_s3_seed25030_24h seed=301
2026-06-29 20:27:38	Stage1 update 249 group=249 lr=1e-05 kl=0.0001880154013633728 val_gain=1.6288153766232316
2026-06-29 20:27:38	Stage1 checkpoint solver\reports\dr_alns_ppo_v3_block_dr_alns\async_pilot\pilot24_data_generalization\checkpoints\pilot24_learned_destroy_update_0250.pt
2026-06-29 20:27:38	Stage1 validation final bundle=models/data_bundle/generated_instances/pilot24_data_generalization/E-UK25_02__curric_d2_s3_seed25000_24h seed=301
2026-06-29 20:27:45	Stage1 validation final bundle=models/data_bundle/generated_instances/pilot24_data_generalization/E-UK25_03__curric_d2_s3_seed25001_24h seed=301
2026-06-29 20:28:01	Stage1 validation final bundle=models/data_bundle/generated_instances/pilot24_data_generalization/E-UK25_04__curric_d2_s3_seed25002_24h seed=301
2026-06-29 20:28:10	Stage1 validation final bundle=models/data_bundle/generated_instances/pilot24_data_generalization/E-UK25_05__curric_d2_s3_seed25003_24h seed=301
2026-06-29 20:28:18	Stage1 validation final bundle=models/data_bundle/generated_instances/pilot24_data_generalization/E-UK25_06__curric_d2_s3_seed25004_24h seed=301
2026-06-29 20:28:28	Stage1 validation final bundle=models/data_bundle/generated_instances/pilot24_data_generalization/E-UK25_07__curric_d2_s3_seed25005_24h seed=301
2026-06-29 20:28:38	Stage1 validation final bundle=models/data_bundle/generated_instances/pilot24_data_generalization/E-UK25_08__curric_d2_s3_seed25006_24h seed=301
2026-06-29 20:28:48	Stage1 validation final bundle=models/data_bundle/generated_instances/pilot24_data_generalization/E-UK25_09__curric_d2_s3_seed25007_24h seed=301
2026-06-29 20:28:56	Stage1 validation final bundle=models/data_bundle/generated_instances/pilot24_data_generalization/E-UK25_10__curric_d2_s3_seed25008_24h seed=301
2026-06-29 20:29:06	Stage1 validation final bundle=models/data_bundle/generated_instances/pilot24_data_generalization/E-UK25_11__curric_d2_s3_seed25009_24h seed=301
2026-06-29 20:29:15	Stage1 validation final bundle=models/data_bundle/generated_instances/pilot24_data_generalization/E-UK25_12__curric_d2_s3_seed25010_24h seed=301
2026-06-29 20:29:23	Stage1 validation final bundle=models/data_bundle/generated_instances/pilot24_data_generalization/E-UK25_13__curric_d2_s3_seed25011_24h seed=301
2026-06-29 20:29:33	Stage1 validation final bundle=models/data_bundle/generated_instances/pilot24_data_generalization/E-UK25_14__curric_d2_s3_seed25012_24h seed=301
2026-06-29 20:29:40	Stage1 validation final bundle=models/data_bundle/generated_instances/pilot24_data_generalization/E-UK25_15__curric_d2_s3_seed25013_24h seed=301
2026-06-29 20:29:49	Stage1 validation final bundle=models/data_bundle/generated_instances/pilot24_data_generalization/E-UK25_16__curric_d2_s3_seed25014_24h seed=301
2026-06-29 20:30:00	Stage1 validation final bundle=models/data_bundle/generated_instances/pilot24_data_generalization/E-UK25_17__curric_d2_s3_seed25015_24h seed=301
2026-06-29 20:30:08	Stage1 validation final bundle=models/data_bundle/generated_instances/pilot24_data_generalization/E-UK25_18__curric_d2_s3_seed25016_24h seed=301
2026-06-29 20:30:17	Stage1 validation final bundle=models/data_bundle/generated_instances/pilot24_data_generalization/E-UK25_19__curric_d2_s3_seed25017_24h seed=301
2026-06-29 20:30:30	Stage1 validation final bundle=models/data_bundle/generated_instances/pilot24_data_generalization/E-UK25_02__curric_d2_s3_seed25019_24h seed=301
2026-06-29 20:30:40	Stage1 validation final bundle=models/data_bundle/generated_instances/pilot24_data_generalization/E-UK25_03__curric_d2_s3_seed25020_24h seed=301
2026-06-29 20:30:51	Stage1 validation final bundle=models/data_bundle/generated_instances/pilot24_data_generalization/E-UK25_04__curric_d2_s3_seed25021_24h seed=301
2026-06-29 20:31:01	Stage1 validation final bundle=models/data_bundle/generated_instances/pilot24_data_generalization/E-UK25_05__curric_d2_s3_seed25022_24h seed=301
2026-06-29 20:31:09	Stage1 validation final bundle=models/data_bundle/generated_instances/pilot24_data_generalization/E-UK25_06__curric_d2_s3_seed25023_24h seed=301
2026-06-29 20:31:18	Stage1 validation final bundle=models/data_bundle/generated_instances/pilot24_data_generalization/E-UK25_07__curric_d2_s3_seed25024_24h seed=301
2026-06-29 20:31:34	Stage1 validation final bundle=models/data_bundle/generated_instances/pilot24_data_generalization/E-UK25_08__curric_d2_s3_seed25025_24h seed=301
2026-06-29 20:31:44	Stage1 validation final bundle=models/data_bundle/generated_instances/pilot24_data_generalization/E-UK25_09__curric_d2_s3_seed25026_24h seed=301
2026-06-29 20:31:52	Stage1 validation final bundle=models/data_bundle/generated_instances/pilot24_data_generalization/E-UK25_10__curric_d2_s3_seed25027_24h seed=301
2026-06-29 20:32:01	Stage1 validation final bundle=models/data_bundle/generated_instances/pilot24_data_generalization/E-UK25_11__curric_d2_s3_seed25028_24h seed=301
2026-06-29 20:32:10	Stage1 validation final bundle=models/data_bundle/generated_instances/pilot24_data_generalization/E-UK25_12__curric_d2_s3_seed25029_24h seed=301
2026-06-29 20:32:23	Stage1 validation final bundle=models/data_bundle/generated_instances/pilot24_data_generalization/E-UK25_13__curric_d2_s3_seed25030_24h seed=301
2026-06-29 20:32:31	Stage1 verdict=HALT_NO_VALIDATION_GAIN: best_validation_gain=1.629%, final_validation_gain=1.629%, recent_slope=0.0924951, stable_keep=True, finite_losses=True, kl_ok=True, zero_violations=True, entropy_floor_ok=True, fresh_no_reuse=True
2026-06-29 20:32:31	HALT HALT_NO_VALIDATION_GAIN: best_validation_gain=1.629%, final_validation_gain=1.629%, recent_slope=0.0924951, stable_keep=True, finite_losses=True, kl_ok=True, zero_violations=True, entropy_floor_ok=True, fresh_no_reuse=True
