{"budgets": [4000, 8000, 16000], "event": "start", "head": "df525dfb8d0f934557e1096ca6bbd6175d396d93", "time": 1783323932.492644, "workers": 3}
{"event": "task_complete", "run_id": "SELECTOR_SPRINT__b4000__multidepot__e2-multidepot-100c-01__A4_BALANCED_SELECTOR_LOCAL_SEARCH__seed1", "status": "OK", "time": 1783324127.475467}
{"event": "task_complete", "run_id": "SELECTOR_SPRINT__b4000__multidepot__e2-multidepot-100c-01__A0_MAIN_LOCAL_SEARCH__seed1", "status": "OK", "time": 1783324204.637354}
{"event": "task_complete", "run_id": "SELECTOR_SPRINT__b4000__multidepot__e2-multidepot-100c-01__A5_EPS_DECAY_SELECTOR_LOCAL_SEARCH__seed1", "status": "OK", "time": 1783324207.84778}
{"event": "task_complete", "run_id": "SELECTOR_SPRINT__b4000__multidepot__e2-multidepot-100c-01__A6_THOMPSON_SELECTOR_LOCAL_SEARCH__seed1", "status": "OK", "time": 1783324370.1097732}
{"event": "task_complete", "run_id": "SELECTOR_SPRINT__b4000__multidepot__e2-multidepot-100c-01__LNS_REFERENCE__seed1", "status": "OK", "time": 1783324424.66714}
{"event": "task_complete", "run_id": "SELECTOR_SPRINT__b4000__multidepot__e2-multidepot-100c-01__A7_SOFTMAX_SELECTOR_LOCAL_SEARCH__seed1", "status": "OK", "time": 1783324488.219528}
{"event": "task_complete", "run_id": "SELECTOR_SPRINT__b4000__multidepot__e2-multidepot-100c-01__A0_MAIN_LOCAL_SEARCH__seed2", "status": "OK", "time": 1783324610.645277}
{"event": "task_complete", "run_id": "SELECTOR_SPRINT__b4000__multidepot__e2-multidepot-100c-01__A5_EPS_DECAY_SELECTOR_LOCAL_SEARCH__seed2", "status": "OK", "time": 1783324646.28572}
{"event": "task_complete", "run_id": "SELECTOR_SPRINT__b4000__multidepot__e2-multidepot-100c-01__A4_BALANCED_SELECTOR_LOCAL_SEARCH__seed2", "status": "OK", "time": 1783324658.213525}
{"event": "task_complete", "run_id": "SELECTOR_SPRINT__b4000__multidepot__e2-multidepot-100c-01__A6_THOMPSON_SELECTOR_LOCAL_SEARCH__seed2", "status": "OK", "time": 1783324831.881771}
{"event": "task_complete", "run_id": "SELECTOR_SPRINT__b4000__multidepot__e2-multidepot-100c-01__LNS_REFERENCE__seed2", "status": "OK", "time": 1783324856.1808069}
{"event": "task_complete", "run_id": "SELECTOR_SPRINT__b4000__multidepot__e2-multidepot-100c-01__A7_SOFTMAX_SELECTOR_LOCAL_SEARCH__seed2", "status": "OK", "time": 1783324879.785884}
{"event": "task_complete", "run_id": "SELECTOR_SPRINT__b4000__multidepot__e2-multidepot-100c-01__A0_MAIN_LOCAL_SEARCH__seed3", "status": "OK", "time": 1783325106.916379}
{"event": "task_complete", "run_id": "SELECTOR_SPRINT__b4000__multidepot__e2-multidepot-100c-01__A4_BALANCED_SELECTOR_LOCAL_SEARCH__seed3", "status": "OK", "time": 1783325118.333521}
{"event": "task_complete", "run_id": "SELECTOR_SPRINT__b4000__multidepot__e2-multidepot-100c-01__A5_EPS_DECAY_SELECTOR_LOCAL_SEARCH__seed3", "status": "OK", "time": 1783325153.664141}
{"event": "task_complete", "run_id": "SELECTOR_SPRINT__b4000__multidepot__e2-multidepot-100c-01__A7_SOFTMAX_SELECTOR_LOCAL_SEARCH__seed3", "status": "OK", "time": 1783325326.798466}
{"event": "task_complete", "run_id": "SELECTOR_SPRINT__b4000__multidepot__e2-multidepot-10c-01__A0_MAIN_LOCAL_SEARCH__seed1", "status": "OK", "time": 1783325333.502938}
{"event": "task_complete", "run_id": "SELECTOR_SPRINT__b4000__multidepot__e2-multidepot-100c-01__LNS_REFERENCE__seed3", "status": "OK", "time": 1783325346.167327}
{"event": "task_complete", "run_id": "SELECTOR_SPRINT__b4000__multidepot__e2-multidepot-10c-01__A4_BALANCED_SELECTOR_LOCAL_SEARCH__seed1", "status": "OK", "time": 1783325349.0440588}
{"event": "task_complete", "run_id": "SELECTOR_SPRINT__b4000__multidepot__e2-multidepot-10c-01__A6_THOMPSON_SELECTOR_LOCAL_SEARCH__seed1", "status": "OK", "time": 1783325356.6941838}
{"event": "task_complete", "run_id": "SELECTOR_SPRINT__b4000__multidepot__e2-multidepot-10c-01__A5_EPS_DECAY_SELECTOR_LOCAL_SEARCH__seed1", "status": "OK", "time": 1783325362.5185978}
{"event": "task_complete", "run_id": "SELECTOR_SPRINT__b4000__multidepot__e2-multidepot-10c-01__A7_SOFTMAX_SELECTOR_LOCAL_SEARCH__seed1", "status": "OK", "time": 1783325365.335319}
{"event": "task_complete", "run_id": "SELECTOR_SPRINT__b4000__multidepot__e2-multidepot-10c-01__LNS_REFERENCE__seed1", "status": "OK", "time": 1783325370.128433}
{"event": "task_complete", "run_id": "SELECTOR_SPRINT__b4000__multidepot__e2-multidepot-100c-01__A6_THOMPSON_SELECTOR_LOCAL_SEARCH__seed3", "status": "OK", "time": 1783325372.222717}
{"event": "task_complete", "run_id": "SELECTOR_SPRINT__b4000__multidepot__e2-multidepot-10c-01__A0_MAIN_LOCAL_SEARCH__seed2", "status": "OK", "time": 1783325381.660587}
{"event": "task_complete", "run_id": "SELECTOR_SPRINT__b4000__multidepot__e2-multidepot-10c-01__A4_BALANCED_SELECTOR_LOCAL_SEARCH__seed2", "status": "OK", "time": 1783325385.925604}
{"event": "task_complete", "run_id": "SELECTOR_SPRINT__b4000__multidepot__e2-multidepot-10c-01__A5_EPS_DECAY_SELECTOR_LOCAL_SEARCH__seed2", "status": "OK", "time": 1783325389.090009}
{"event": "task_complete", "run_id": "SELECTOR_SPRINT__b4000__multidepot__e2-multidepot-10c-01__A6_THOMPSON_SELECTOR_LOCAL_SEARCH__seed2", "status": "OK", "time": 1783325390.962997}
{"event": "task_complete", "run_id": "SELECTOR_SPRINT__b4000__multidepot__e2-multidepot-10c-01__LNS_REFERENCE__seed2", "status": "OK", "time": 1783325396.873035}
{"event": "task_complete", "run_id": "SELECTOR_SPRINT__b4000__multidepot__e2-multidepot-10c-01__A7_SOFTMAX_SELECTOR_LOCAL_SEARCH__seed2", "status": "OK", "time": 1783325400.878193}
{"event": "task_complete", "run_id": "SELECTOR_SPRINT__b4000__multidepot__e2-multidepot-10c-01__A4_BALANCED_SELECTOR_LOCAL_SEARCH__seed3", "status": "OK", "time": 1783325403.4347079}
{"event": "task_complete", "run_id": "SELECTOR_SPRINT__b4000__multidepot__e2-multidepot-10c-01__A5_EPS_DECAY_SELECTOR_LOCAL_SEARCH__seed3", "status": "OK", "time": 1783325407.6494699}
{"event": "task_complete", "run_id": "SELECTOR_SPRINT__b4000__multidepot__e2-multidepot-10c-01__A0_MAIN_LOCAL_SEARCH__seed3", "status": "OK", "time": 1783325408.2815418}
{"event": "task_complete", "run_id": "SELECTOR_SPRINT__b4000__multidepot__e2-multidepot-10c-01__A6_THOMPSON_SELECTOR_LOCAL_SEARCH__seed3", "status": "OK", "time": 1783325412.367614}
{"event": "task_complete", "run_id": "SELECTOR_SPRINT__b4000__multidepot__e2-multidepot-10c-01__LNS_REFERENCE__seed3", "status": "OK", "time": 1783325415.072893}
{"event": "task_complete", "run_id": "SELECTOR_SPRINT__b4000__multidepot__e2-multidepot-10c-01__A7_SOFTMAX_SELECTOR_LOCAL_SEARCH__seed3", "status": "OK", "time": 1783325416.8968582}
{"event": "task_complete", "run_id": "SELECTOR_SPRINT__b4000__multidepot__e2-multidepot-150c-01__A0_MAIN_LOCAL_SEARCH__seed1", "status": "OK", "time": 1783325900.2644851}
{"event": "task_complete", "run_id": "SELECTOR_SPRINT__b4000__multidepot__e2-multidepot-150c-01__A5_EPS_DECAY_SELECTOR_LOCAL_SEARCH__seed1", "status": "OK", "time": 1783325922.124629}
{"event": "task_complete", "run_id": "SELECTOR_SPRINT__b4000__multidepot__e2-multidepot-150c-01__A4_BALANCED_SELECTOR_LOCAL_SEARCH__seed1", "status": "OK", "time": 1783326006.357766}
{"event": "task_complete", "run_id": "SELECTOR_SPRINT__b4000__multidepot__e2-multidepot-150c-01__A6_THOMPSON_SELECTOR_LOCAL_SEARCH__seed1", "status": "OK", "time": 1783326308.4221382}
{"event": "task_complete", "run_id": "SELECTOR_SPRINT__b4000__multidepot__e2-multidepot-150c-01__A7_SOFTMAX_SELECTOR_LOCAL_SEARCH__seed1", "status": "OK", "time": 1783326359.2029812}
{"event": "task_complete", "run_id": "SELECTOR_SPRINT__b4000__multidepot__e2-multidepot-150c-01__LNS_REFERENCE__seed1", "status": "OK", "time": 1783326394.9905741}
{"event": "task_complete", "run_id": "SELECTOR_SPRINT__b4000__multidepot__e2-multidepot-150c-01__A5_EPS_DECAY_SELECTOR_LOCAL_SEARCH__seed2", "status": "OK", "time": 1783326663.914858}
{"event": "task_complete", "run_id": "SELECTOR_SPRINT__b4000__multidepot__e2-multidepot-150c-01__A4_BALANCED_SELECTOR_LOCAL_SEARCH__seed2", "status": "OK", "time": 1783326705.378716}
{"event": "task_complete", "run_id": "SELECTOR_SPRINT__b4000__multidepot__e2-multidepot-150c-01__A0_MAIN_LOCAL_SEARCH__seed2", "status": "OK", "time": 1783326844.555841}
{"event": "task_complete", "run_id": "SELECTOR_SPRINT__b4000__multidepot__e2-multidepot-150c-01__A6_THOMPSON_SELECTOR_LOCAL_SEARCH__seed2", "status": "OK", "time": 1783326979.1371388}
{"event": "task_complete", "run_id": "SELECTOR_SPRINT__b4000__multidepot__e2-multidepot-150c-01__A7_SOFTMAX_SELECTOR_LOCAL_SEARCH__seed2", "status": "OK", "time": 1783327016.345056}
{"event": "task_complete", "run_id": "SELECTOR_SPRINT__b4000__multidepot__e2-multidepot-150c-01__LNS_REFERENCE__seed2", "status": "OK", "time": 1783327195.026429}
{"event": "task_complete", "run_id": "SELECTOR_SPRINT__b4000__multidepot__e2-multidepot-150c-01__A4_BALANCED_SELECTOR_LOCAL_SEARCH__seed3", "status": "OK", "time": 1783327300.778494}
{"event": "task_complete", "run_id": "SELECTOR_SPRINT__b4000__multidepot__e2-multidepot-150c-01__A5_EPS_DECAY_SELECTOR_LOCAL_SEARCH__seed3", "status": "OK", "time": 1783327467.631706}
{"event": "task_complete", "run_id": "SELECTOR_SPRINT__b4000__multidepot__e2-multidepot-150c-01__A0_MAIN_LOCAL_SEARCH__seed3", "status": "OK", "time": 1783327507.592334}
{"event": "task_complete", "run_id": "SELECTOR_SPRINT__b4000__multidepot__e2-multidepot-150c-01__A6_THOMPSON_SELECTOR_LOCAL_SEARCH__seed3", "status": "OK", "time": 1783327568.02303}
{"event": "task_complete", "run_id": "SELECTOR_SPRINT__b4000__multidepot__e2-multidepot-15c-01__A0_MAIN_LOCAL_SEARCH__seed1", "status": "OK", "time": 1783327572.992448}
{"event": "task_complete", "run_id": "SELECTOR_SPRINT__b4000__multidepot__e2-multidepot-15c-01__A4_BALANCED_SELECTOR_LOCAL_SEARCH__seed1", "status": "OK", "time": 1783327577.9186409}
{"event": "task_complete", "run_id": "SELECTOR_SPRINT__b4000__multidepot__e2-multidepot-15c-01__A5_EPS_DECAY_SELECTOR_LOCAL_SEARCH__seed1", "status": "OK", "time": 1783327582.591684}
{"event": "task_complete", "run_id": "SELECTOR_SPRINT__b4000__multidepot__e2-multidepot-15c-01__A6_THOMPSON_SELECTOR_LOCAL_SEARCH__seed1", "status": "OK", "time": 1783327586.8888068}
{"event": "task_complete", "run_id": "SELECTOR_SPRINT__b4000__multidepot__e2-multidepot-15c-01__A7_SOFTMAX_SELECTOR_LOCAL_SEARCH__seed1", "status": "OK", "time": 1783327591.421062}
{"event": "task_complete", "run_id": "SELECTOR_SPRINT__b4000__multidepot__e2-multidepot-15c-01__LNS_REFERENCE__seed1", "status": "OK", "time": 1783327599.042204}
{"event": "task_complete", "run_id": "SELECTOR_SPRINT__b4000__multidepot__e2-multidepot-15c-01__A0_MAIN_LOCAL_SEARCH__seed2", "status": "OK", "time": 1783327605.6340532}
{"event": "task_complete", "run_id": "SELECTOR_SPRINT__b4000__multidepot__e2-multidepot-15c-01__A4_BALANCED_SELECTOR_LOCAL_SEARCH__seed2", "status": "OK", "time": 1783327610.448055}
{"event": "task_complete", "run_id": "SELECTOR_SPRINT__b4000__multidepot__e2-multidepot-15c-01__A5_EPS_DECAY_SELECTOR_LOCAL_SEARCH__seed2", "status": "OK", "time": 1783327615.725287}
{"event": "task_complete", "run_id": "SELECTOR_SPRINT__b4000__multidepot__e2-multidepot-15c-01__A6_THOMPSON_SELECTOR_LOCAL_SEARCH__seed2", "status": "OK", "time": 1783327619.8131242}
{"event": "task_complete", "run_id": "SELECTOR_SPRINT__b4000__multidepot__e2-multidepot-15c-01__A7_SOFTMAX_SELECTOR_LOCAL_SEARCH__seed2", "status": "OK", "time": 1783327624.236393}
{"event": "task_complete", "run_id": "SELECTOR_SPRINT__b4000__multidepot__e2-multidepot-15c-01__LNS_REFERENCE__seed2", "status": "OK", "time": 1783327632.069962}
{"event": "task_complete", "run_id": "SELECTOR_SPRINT__b4000__multidepot__e2-multidepot-15c-01__A0_MAIN_LOCAL_SEARCH__seed3", "status": "OK", "time": 1783327636.39658}
{"event": "task_complete", "run_id": "SELECTOR_SPRINT__b4000__multidepot__e2-multidepot-15c-01__A4_BALANCED_SELECTOR_LOCAL_SEARCH__seed3", "status": "OK", "time": 1783327642.072543}
{"event": "task_complete", "run_id": "SELECTOR_SPRINT__b4000__multidepot__e2-multidepot-15c-01__A5_EPS_DECAY_SELECTOR_LOCAL_SEARCH__seed3", "status": "OK", "time": 1783327647.449634}
{"event": "task_complete", "run_id": "SELECTOR_SPRINT__b4000__multidepot__e2-multidepot-15c-01__A6_THOMPSON_SELECTOR_LOCAL_SEARCH__seed3", "status": "OK", "time": 1783327650.7237031}
{"event": "task_complete", "run_id": "SELECTOR_SPRINT__b4000__multidepot__e2-multidepot-15c-01__A7_SOFTMAX_SELECTOR_LOCAL_SEARCH__seed3", "status": "OK", "time": 1783327654.6888971}
{"event": "task_complete", "run_id": "SELECTOR_SPRINT__b4000__multidepot__e2-multidepot-15c-01__LNS_REFERENCE__seed3", "status": "OK", "time": 1783327664.526219}
{"event": "task_complete", "run_id": "SELECTOR_SPRINT__b4000__multidepot__e2-multidepot-20c-01__A0_MAIN_LOCAL_SEARCH__seed1", "status": "OK", "time": 1783327673.512264}
{"event": "task_complete", "run_id": "SELECTOR_SPRINT__b4000__multidepot__e2-multidepot-20c-01__A4_BALANCED_SELECTOR_LOCAL_SEARCH__seed1", "status": "OK", "time": 1783327681.855684}
{"event": "task_complete", "run_id": "SELECTOR_SPRINT__b4000__multidepot__e2-multidepot-20c-01__A5_EPS_DECAY_SELECTOR_LOCAL_SEARCH__seed1", "status": "OK", "time": 1783327689.5170062}
{"event": "task_complete", "run_id": "SELECTOR_SPRINT__b4000__multidepot__e2-multidepot-20c-01__A6_THOMPSON_SELECTOR_LOCAL_SEARCH__seed1", "status": "OK", "time": 1783327698.143826}
{"event": "task_complete", "run_id": "SELECTOR_SPRINT__b4000__multidepot__e2-multidepot-20c-01__A7_SOFTMAX_SELECTOR_LOCAL_SEARCH__seed1", "status": "OK", "time": 1783327705.198293}
{"event": "task_complete", "run_id": "SELECTOR_SPRINT__b4000__multidepot__e2-multidepot-20c-01__LNS_REFERENCE__seed1", "status": "OK", "time": 1783327732.266814}
{"event": "task_complete", "run_id": "SELECTOR_SPRINT__b4000__multidepot__e2-multidepot-20c-01__A0_MAIN_LOCAL_SEARCH__seed2", "status": "OK", "time": 1783327740.7022111}
{"event": "task_complete", "run_id": "SELECTOR_SPRINT__b4000__multidepot__e2-multidepot-20c-01__A4_BALANCED_SELECTOR_LOCAL_SEARCH__seed2", "status": "OK", "time": 1783327749.53613}
{"event": "task_complete", "run_id": "SELECTOR_SPRINT__b4000__multidepot__e2-multidepot-20c-01__A5_EPS_DECAY_SELECTOR_LOCAL_SEARCH__seed2", "status": "OK", "time": 1783327756.951227}
{"event": "task_complete", "run_id": "SELECTOR_SPRINT__b4000__multidepot__e2-multidepot-20c-01__A6_THOMPSON_SELECTOR_LOCAL_SEARCH__seed2", "status": "OK", "time": 1783327766.812626}
{"event": "task_complete", "run_id": "SELECTOR_SPRINT__b4000__multidepot__e2-multidepot-20c-01__A7_SOFTMAX_SELECTOR_LOCAL_SEARCH__seed2", "status": "OK", "time": 1783327774.7584379}
{"event": "task_complete", "run_id": "SELECTOR_SPRINT__b4000__multidepot__e2-multidepot-20c-01__LNS_REFERENCE__seed2", "status": "OK", "time": 1783327798.2459562}
{"event": "task_complete", "run_id": "SELECTOR_SPRINT__b4000__multidepot__e2-multidepot-20c-01__A0_MAIN_LOCAL_SEARCH__seed3", "status": "OK", "time": 1783327806.294678}
{"event": "task_complete", "run_id": "SELECTOR_SPRINT__b4000__multidepot__e2-multidepot-20c-01__A4_BALANCED_SELECTOR_LOCAL_SEARCH__seed3", "status": "OK", "time": 1783327814.5903769}
{"event": "task_complete", "run_id": "SELECTOR_SPRINT__b4000__multidepot__e2-multidepot-20c-01__A5_EPS_DECAY_SELECTOR_LOCAL_SEARCH__seed3", "status": "OK", "time": 1783327822.357478}
{"event": "task_complete", "run_id": "SELECTOR_SPRINT__b4000__multidepot__e2-multidepot-20c-01__A6_THOMPSON_SELECTOR_LOCAL_SEARCH__seed3", "status": "OK", "time": 1783327831.94456}
{"event": "task_complete", "run_id": "SELECTOR_SPRINT__b4000__multidepot__e2-multidepot-20c-01__A7_SOFTMAX_SELECTOR_LOCAL_SEARCH__seed3", "status": "OK", "time": 1783327840.247584}
{"event": "task_complete", "run_id": "SELECTOR_SPRINT__b4000__multidepot__e2-multidepot-20c-01__LNS_REFERENCE__seed3", "status": "OK", "time": 1783327865.3866181}
{"event": "task_complete", "run_id": "SELECTOR_SPRINT__b4000__multidepot__e2-multidepot-150c-01__A7_SOFTMAX_SELECTOR_LOCAL_SEARCH__seed3", "status": "OK", "time": 1783327882.7600791}
{"event": "task_complete", "run_id": "SELECTOR_SPRINT__b4000__multidepot__e2-multidepot-150c-01__LNS_REFERENCE__seed3", "status": "OK", "time": 1783327893.5103822}
{"event": "task_complete", "run_id": "SELECTOR_SPRINT__b4000__multidepot__e2-multidepot-50c-01__A0_MAIN_LOCAL_SEARCH__seed1", "status": "OK", "time": 1783327950.3303611}
{"event": "task_complete", "run_id": "SELECTOR_SPRINT__b4000__multidepot__e2-multidepot-50c-01__A5_EPS_DECAY_SELECTOR_LOCAL_SEARCH__seed1", "status": "OK", "time": 1783327978.401558}
{"event": "task_complete", "run_id": "SELECTOR_SPRINT__b4000__multidepot__e2-multidepot-50c-01__A4_BALANCED_SELECTOR_LOCAL_SEARCH__seed1", "status": "OK", "time": 1783327996.946641}
{"event": "task_complete", "run_id": "SELECTOR_SPRINT__b4000__multidepot__e2-multidepot-50c-01__A6_THOMPSON_SELECTOR_LOCAL_SEARCH__seed1", "status": "OK", "time": 1783328012.797068}
{"event": "task_complete", "run_id": "SELECTOR_SPRINT__b4000__multidepot__e2-multidepot-50c-01__A7_SOFTMAX_SELECTOR_LOCAL_SEARCH__seed1", "status": "OK", "time": 1783328085.625727}
{"event": "task_complete", "run_id": "SELECTOR_SPRINT__b4000__multidepot__e2-multidepot-50c-01__A0_MAIN_LOCAL_SEARCH__seed2", "status": "OK", "time": 1783328086.5325708}
{"event": "task_complete", "run_id": "SELECTOR_SPRINT__b4000__multidepot__e2-multidepot-50c-01__LNS_REFERENCE__seed1", "status": "OK", "time": 1783328115.9643352}
{"event": "task_complete", "run_id": "SELECTOR_SPRINT__b4000__multidepot__e2-multidepot-50c-01__A4_BALANCED_SELECTOR_LOCAL_SEARCH__seed2", "status": "OK", "time": 1783328156.8118029}
{"event": "task_complete", "run_id": "SELECTOR_SPRINT__b4000__multidepot__e2-multidepot-50c-01__A5_EPS_DECAY_SELECTOR_LOCAL_SEARCH__seed2", "status": "OK", "time": 1783328209.3968792}
{"event": "task_complete", "run_id": "SELECTOR_SPRINT__b4000__multidepot__e2-multidepot-50c-01__A6_THOMPSON_SELECTOR_LOCAL_SEARCH__seed2", "status": "OK", "time": 1783328222.008032}
{"event": "task_complete", "run_id": "SELECTOR_SPRINT__b4000__multidepot__e2-multidepot-50c-01__A7_SOFTMAX_SELECTOR_LOCAL_SEARCH__seed2", "status": "OK", "time": 1783328232.028357}
{"event": "task_complete", "run_id": "SELECTOR_SPRINT__b4000__multidepot__e2-multidepot-50c-01__A0_MAIN_LOCAL_SEARCH__seed3", "status": "OK", "time": 1783328313.52367}
{"event": "task_complete", "run_id": "SELECTOR_SPRINT__b4000__multidepot__e2-multidepot-50c-01__A4_BALANCED_SELECTOR_LOCAL_SEARCH__seed3", "status": "OK", "time": 1783328322.6270568}
{"event": "task_complete", "run_id": "SELECTOR_SPRINT__b4000__multidepot__e2-multidepot-50c-01__LNS_REFERENCE__seed2", "status": "OK", "time": 1783328327.31374}
{"event": "task_complete", "run_id": "SELECTOR_SPRINT__b4000__multidepot__e2-multidepot-50c-01__A6_THOMPSON_SELECTOR_LOCAL_SEARCH__seed3", "status": "OK", "time": 1783328395.6311018}
{"event": "task_complete", "run_id": "SELECTOR_SPRINT__b4000__multidepot__e2-multidepot-50c-01__A5_EPS_DECAY_SELECTOR_LOCAL_SEARCH__seed3", "status": "OK", "time": 1783328395.7801962}
{"event": "task_complete", "run_id": "SELECTOR_SPRINT__b4000__multidepot__e2-multidepot-50c-01__A7_SOFTMAX_SELECTOR_LOCAL_SEARCH__seed3", "status": "OK", "time": 1783328400.43362}
{"event": "task_complete", "run_id": "SELECTOR_SPRINT__b4000__multidepot__e2-multidepot-50c-01__LNS_REFERENCE__seed3", "status": "OK", "time": 1783328541.1680179}
{"event": "task_complete", "run_id": "SELECTOR_SPRINT__b4000__multidepot__e2-multidepot-75c-01__A0_MAIN_LOCAL_SEARCH__seed1", "status": "OK", "time": 1783328556.007133}
{"event": "task_complete", "run_id": "SELECTOR_SPRINT__b4000__multidepot__e2-multidepot-75c-01__A4_BALANCED_SELECTOR_LOCAL_SEARCH__seed1", "status": "OK", "time": 1783328570.204467}
{"event": "task_complete", "run_id": "SELECTOR_SPRINT__b4000__multidepot__e2-multidepot-75c-01__A6_THOMPSON_SELECTOR_LOCAL_SEARCH__seed1", "status": "OK", "time": 1783328690.459573}
{"event": "task_complete", "run_id": "SELECTOR_SPRINT__b4000__multidepot__e2-multidepot-75c-01__A5_EPS_DECAY_SELECTOR_LOCAL_SEARCH__seed1", "status": "OK", "time": 1783328714.349317}
{"event": "task_complete", "run_id": "SELECTOR_SPRINT__b4000__multidepot__e2-multidepot-75c-01__A7_SOFTMAX_SELECTOR_LOCAL_SEARCH__seed1", "status": "OK", "time": 1783328728.203752}
{"event": "task_complete", "run_id": "SELECTOR_SPRINT__b4000__multidepot__e2-multidepot-75c-01__LNS_REFERENCE__seed1", "status": "OK", "time": 1783328866.115735}
{"event": "task_complete", "run_id": "SELECTOR_SPRINT__b4000__multidepot__e2-multidepot-75c-01__A4_BALANCED_SELECTOR_LOCAL_SEARCH__seed2", "status": "OK", "time": 1783328899.652025}
{"event": "task_complete", "run_id": "SELECTOR_SPRINT__b4000__multidepot__e2-multidepot-75c-01__A0_MAIN_LOCAL_SEARCH__seed2", "status": "OK", "time": 1783328917.4602728}
{"event": "task_complete", "run_id": "SELECTOR_SPRINT__b4000__multidepot__e2-multidepot-75c-01__A6_THOMPSON_SELECTOR_LOCAL_SEARCH__seed2", "status": "OK", "time": 1783329023.923785}
{"event": "task_complete", "run_id": "SELECTOR_SPRINT__b4000__multidepot__e2-multidepot-75c-01__A5_EPS_DECAY_SELECTOR_LOCAL_SEARCH__seed2", "status": "OK", "time": 1783329028.9288661}
{"event": "task_complete", "run_id": "SELECTOR_SPRINT__b4000__multidepot__e2-multidepot-75c-01__A7_SOFTMAX_SELECTOR_LOCAL_SEARCH__seed2", "status": "OK", "time": 1783329056.9759848}
{"event": "task_complete", "run_id": "SELECTOR_SPRINT__b4000__multidepot__e2-multidepot-75c-01__A0_MAIN_LOCAL_SEARCH__seed3", "status": "OK", "time": 1783329161.7674198}
{"event": "task_complete", "run_id": "SELECTOR_SPRINT__b4000__multidepot__e2-multidepot-75c-01__LNS_REFERENCE__seed2", "status": "OK", "time": 1783329174.478752}
{"event": "task_complete", "run_id": "SELECTOR_SPRINT__b4000__multidepot__e2-multidepot-75c-01__A4_BALANCED_SELECTOR_LOCAL_SEARCH__seed3", "status": "OK", "time": 1783329217.4320261}
{"event": "task_complete", "run_id": "SELECTOR_SPRINT__b4000__multidepot__e2-multidepot-75c-01__A5_EPS_DECAY_SELECTOR_LOCAL_SEARCH__seed3", "status": "OK", "time": 1783329343.2568371}
{"event": "task_complete", "run_id": "SELECTOR_SPRINT__b4000__multidepot__e2-multidepot-75c-01__A6_THOMPSON_SELECTOR_LOCAL_SEARCH__seed3", "status": "OK", "time": 1783329343.443236}
{"event": "task_complete", "run_id": "SELECTOR_SPRINT__b4000__multidepot__e2-multidepot-75c-01__A7_SOFTMAX_SELECTOR_LOCAL_SEARCH__seed3", "status": "OK", "time": 1783329351.604384}
{"event": "task_complete", "run_id": "SELECTOR_SPRINT__b4000__multidepot__e2-multidepot-75c-01__LNS_REFERENCE__seed3", "status": "OK", "time": 1783329518.5540411}
{"event": "task_complete", "run_id": "SELECTOR_SPRINT__b4000__threeshift__e2-threeshift-100c-01__A0_MAIN_LOCAL_SEARCH__seed1", "status": "OK", "time": 1783329579.228222}
{"event": "task_complete", "run_id": "SELECTOR_SPRINT__b4000__threeshift__e2-threeshift-100c-01__A4_BALANCED_SELECTOR_LOCAL_SEARCH__seed1", "status": "OK", "time": 1783329667.195719}
{"event": "task_complete", "run_id": "SELECTOR_SPRINT__b4000__threeshift__e2-threeshift-100c-01__A5_EPS_DECAY_SELECTOR_LOCAL_SEARCH__seed1", "status": "OK", "time": 1783329856.091882}
{"event": "task_complete", "run_id": "SELECTOR_SPRINT__b4000__threeshift__e2-threeshift-100c-01__A6_THOMPSON_SELECTOR_LOCAL_SEARCH__seed1", "status": "OK", "time": 1783329874.607029}
{"event": "task_complete", "run_id": "SELECTOR_SPRINT__b4000__threeshift__e2-threeshift-100c-01__A7_SOFTMAX_SELECTOR_LOCAL_SEARCH__seed1", "status": "OK", "time": 1783329956.5753129}
{"event": "task_complete", "run_id": "SELECTOR_SPRINT__b4000__threeshift__e2-threeshift-100c-01__LNS_REFERENCE__seed1", "status": "OK", "time": 1783330088.81296}
{"event": "task_complete", "run_id": "SELECTOR_SPRINT__b4000__threeshift__e2-threeshift-100c-01__A0_MAIN_LOCAL_SEARCH__seed2", "status": "OK", "time": 1783330171.2255292}
{"event": "task_complete", "run_id": "SELECTOR_SPRINT__b4000__threeshift__e2-threeshift-100c-01__A4_BALANCED_SELECTOR_LOCAL_SEARCH__seed2", "status": "OK", "time": 1783330254.922096}
{"event": "task_complete", "run_id": "SELECTOR_SPRINT__b4000__threeshift__e2-threeshift-100c-01__A5_EPS_DECAY_SELECTOR_LOCAL_SEARCH__seed2", "status": "OK", "time": 1783330353.548008}
{"event": "task_complete", "run_id": "SELECTOR_SPRINT__b4000__threeshift__e2-threeshift-100c-01__A6_THOMPSON_SELECTOR_LOCAL_SEARCH__seed2", "status": "OK", "time": 1783330532.135129}
{"event": "task_complete", "run_id": "SELECTOR_SPRINT__b4000__threeshift__e2-threeshift-100c-01__A7_SOFTMAX_SELECTOR_LOCAL_SEARCH__seed2", "status": "OK", "time": 1783330557.912321}
{"event": "task_complete", "run_id": "SELECTOR_SPRINT__b4000__threeshift__e2-threeshift-100c-01__LNS_REFERENCE__seed2", "status": "OK", "time": 1783330664.198338}
{"event": "task_complete", "run_id": "SELECTOR_SPRINT__b4000__threeshift__e2-threeshift-100c-01__A0_MAIN_LOCAL_SEARCH__seed3", "status": "OK", "time": 1783330854.3013701}
{"event": "task_complete", "run_id": "SELECTOR_SPRINT__b4000__threeshift__e2-threeshift-100c-01__A5_EPS_DECAY_SELECTOR_LOCAL_SEARCH__seed3", "status": "OK", "time": 1783330907.389143}
{"event": "task_complete", "run_id": "SELECTOR_SPRINT__b4000__threeshift__e2-threeshift-100c-01__A4_BALANCED_SELECTOR_LOCAL_SEARCH__seed3", "status": "OK", "time": 1783330923.804857}
{"event": "task_complete", "run_id": "SELECTOR_SPRINT__b4000__threeshift__e2-threeshift-100c-01__LNS_REFERENCE__seed3", "status": "OK", "time": 1783331151.2285912}
{"event": "task_complete", "run_id": "SELECTOR_SPRINT__b4000__threeshift__e2-threeshift-100c-01__A6_THOMPSON_SELECTOR_LOCAL_SEARCH__seed3", "status": "OK", "time": 1783331169.976438}
{"event": "task_complete", "run_id": "SELECTOR_SPRINT__b4000__threeshift__e2-threeshift-100c-01__A7_SOFTMAX_SELECTOR_LOCAL_SEARCH__seed3", "status": "OK", "time": 1783331213.687876}
{"event": "task_complete", "run_id": "SELECTOR_SPRINT__b4000__threeshift__e2-threeshift-150c-01__A0_MAIN_LOCAL_SEARCH__seed1", "status": "OK", "time": 1783331404.211545}
{"event": "task_complete", "run_id": "SELECTOR_SPRINT__b4000__threeshift__e2-threeshift-150c-01__A4_BALANCED_SELECTOR_LOCAL_SEARCH__seed1", "status": "OK", "time": 1783331513.805396}
{"event": "task_complete", "run_id": "SELECTOR_SPRINT__b4000__threeshift__e2-threeshift-150c-01__A5_EPS_DECAY_SELECTOR_LOCAL_SEARCH__seed1", "status": "OK", "time": 1783331615.2020302}
{"event": "task_complete", "run_id": "SELECTOR_SPRINT__b4000__threeshift__e2-threeshift-150c-01__A6_THOMPSON_SELECTOR_LOCAL_SEARCH__seed1", "status": "OK", "time": 1783331809.7134879}
{"event": "task_complete", "run_id": "SELECTOR_SPRINT__b4000__threeshift__e2-threeshift-150c-01__LNS_REFERENCE__seed1", "status": "OK", "time": 1783331933.479577}
{"event": "task_complete", "run_id": "SELECTOR_SPRINT__b4000__threeshift__e2-threeshift-150c-01__A7_SOFTMAX_SELECTOR_LOCAL_SEARCH__seed1", "status": "OK", "time": 1783331953.389524}
{"event": "task_complete", "run_id": "SELECTOR_SPRINT__b4000__threeshift__e2-threeshift-150c-01__A0_MAIN_LOCAL_SEARCH__seed2", "status": "OK", "time": 1783332199.2044458}
{"event": "task_complete", "run_id": "SELECTOR_SPRINT__b4000__threeshift__e2-threeshift-150c-01__A4_BALANCED_SELECTOR_LOCAL_SEARCH__seed2", "status": "OK", "time": 1783332283.981885}
{"event": "task_complete", "run_id": "SELECTOR_SPRINT__b4000__threeshift__e2-threeshift-150c-01__A5_EPS_DECAY_SELECTOR_LOCAL_SEARCH__seed2", "status": "OK", "time": 1783332317.664787}
{"event": "task_complete", "run_id": "SELECTOR_SPRINT__b4000__threeshift__e2-threeshift-150c-01__A6_THOMPSON_SELECTOR_LOCAL_SEARCH__seed2", "status": "OK", "time": 1783332617.316544}
{"event": "task_complete", "run_id": "SELECTOR_SPRINT__b4000__threeshift__e2-threeshift-150c-01__LNS_REFERENCE__seed2", "status": "OK", "time": 1783332671.222213}
{"event": "task_complete", "run_id": "SELECTOR_SPRINT__b4000__threeshift__e2-threeshift-150c-01__A7_SOFTMAX_SELECTOR_LOCAL_SEARCH__seed2", "status": "OK", "time": 1783332804.1974158}
{"event": "task_complete", "run_id": "SELECTOR_SPRINT__b4000__threeshift__e2-threeshift-150c-01__A4_BALANCED_SELECTOR_LOCAL_SEARCH__seed3", "status": "OK", "time": 1783333004.534522}
{"event": "task_complete", "run_id": "SELECTOR_SPRINT__b4000__threeshift__e2-threeshift-150c-01__A0_MAIN_LOCAL_SEARCH__seed3", "status": "OK", "time": 1783333093.854524}
{"event": "task_complete", "run_id": "SELECTOR_SPRINT__b4000__threeshift__e2-threeshift-150c-01__A5_EPS_DECAY_SELECTOR_LOCAL_SEARCH__seed3", "status": "OK", "time": 1783333165.507196}
{"event": "task_complete", "run_id": "SELECTOR_SPRINT__b4000__threeshift__e2-threeshift-150c-01__A6_THOMPSON_SELECTOR_LOCAL_SEARCH__seed3", "status": "OK", "time": 1783333414.32788}
{"event": "task_complete", "run_id": "SELECTOR_SPRINT__b4000__threeshift__e2-threeshift-150c-01__A7_SOFTMAX_SELECTOR_LOCAL_SEARCH__seed3", "status": "OK", "time": 1783333427.55329}
{"event": "task_complete", "run_id": "SELECTOR_SPRINT__b4000__threeshift__e2-threeshift-50c-01__A4_BALANCED_SELECTOR_LOCAL_SEARCH__seed1", "status": "OK", "time": 1783333515.401593}
{"event": "task_complete", "run_id": "SELECTOR_SPRINT__b4000__threeshift__e2-threeshift-50c-01__A0_MAIN_LOCAL_SEARCH__seed1", "status": "OK", "time": 1783333521.249187}
{"event": "task_complete", "run_id": "SELECTOR_SPRINT__b4000__threeshift__e2-threeshift-150c-01__LNS_REFERENCE__seed3", "status": "OK", "time": 1783333540.1601229}
{"event": "task_complete", "run_id": "SELECTOR_SPRINT__b4000__threeshift__e2-threeshift-50c-01__A5_EPS_DECAY_SELECTOR_LOCAL_SEARCH__seed1", "status": "OK", "time": 1783333613.702729}
{"event": "task_complete", "run_id": "SELECTOR_SPRINT__b4000__threeshift__e2-threeshift-50c-01__A6_THOMPSON_SELECTOR_LOCAL_SEARCH__seed1", "status": "OK", "time": 1783333624.994863}
{"event": "task_complete", "run_id": "SELECTOR_SPRINT__b4000__threeshift__e2-threeshift-50c-01__A7_SOFTMAX_SELECTOR_LOCAL_SEARCH__seed1", "status": "OK", "time": 1783333634.5626812}
{"event": "task_complete", "run_id": "SELECTOR_SPRINT__b4000__threeshift__e2-threeshift-50c-01__A0_MAIN_LOCAL_SEARCH__seed2", "status": "OK", "time": 1783333722.55486}
{"event": "task_complete", "run_id": "SELECTOR_SPRINT__b4000__threeshift__e2-threeshift-50c-01__A4_BALANCED_SELECTOR_LOCAL_SEARCH__seed2", "status": "OK", "time": 1783333734.8957481}
{"event": "task_complete", "run_id": "SELECTOR_SPRINT__b4000__threeshift__e2-threeshift-50c-01__LNS_REFERENCE__seed1", "status": "OK", "time": 1783333737.264008}
{"event": "task_complete", "run_id": "SELECTOR_SPRINT__b4000__threeshift__e2-threeshift-50c-01__A5_EPS_DECAY_SELECTOR_LOCAL_SEARCH__seed2", "status": "OK", "time": 1783333822.547991}
{"event": "task_complete", "run_id": "SELECTOR_SPRINT__b4000__threeshift__e2-threeshift-50c-01__A7_SOFTMAX_SELECTOR_LOCAL_SEARCH__seed2", "status": "OK", "time": 1783333824.434814}
{"event": "task_complete", "run_id": "SELECTOR_SPRINT__b4000__threeshift__e2-threeshift-50c-01__A6_THOMPSON_SELECTOR_LOCAL_SEARCH__seed2", "status": "OK", "time": 1783333827.505941}
{"event": "task_complete", "run_id": "SELECTOR_SPRINT__b4000__threeshift__e2-threeshift-50c-01__A4_BALANCED_SELECTOR_LOCAL_SEARCH__seed3", "status": "OK", "time": 1783333919.117818}
{"event": "task_complete", "run_id": "SELECTOR_SPRINT__b4000__threeshift__e2-threeshift-50c-01__A0_MAIN_LOCAL_SEARCH__seed3", "status": "OK", "time": 1783333933.507668}
{"event": "task_complete", "run_id": "SELECTOR_SPRINT__b4000__threeshift__e2-threeshift-50c-01__LNS_REFERENCE__seed2", "status": "OK", "time": 1783333953.055126}
{"event": "task_complete", "run_id": "SELECTOR_SPRINT__b4000__threeshift__e2-threeshift-50c-01__A6_THOMPSON_SELECTOR_LOCAL_SEARCH__seed3", "status": "OK", "time": 1783334020.256584}
{"event": "task_complete", "run_id": "SELECTOR_SPRINT__b4000__threeshift__e2-threeshift-50c-01__A5_EPS_DECAY_SELECTOR_LOCAL_SEARCH__seed3", "status": "OK", "time": 1783334028.738848}
{"event": "task_complete", "run_id": "SELECTOR_SPRINT__b4000__threeshift__e2-threeshift-50c-01__A7_SOFTMAX_SELECTOR_LOCAL_SEARCH__seed3", "status": "OK", "time": 1783334047.038489}
{"event": "task_complete", "run_id": "SELECTOR_SPRINT__b4000__threeshift__e2-threeshift-50c-01__LNS_REFERENCE__seed3", "status": "OK", "time": 1783334136.7388768}
{"event": "task_complete", "run_id": "SELECTOR_SPRINT__b4000__threeshift__e2-threeshift-75c-01__A0_MAIN_LOCAL_SEARCH__seed1", "status": "OK", "time": 1783334231.078859}
{"event": "task_complete", "run_id": "SELECTOR_SPRINT__b4000__threeshift__e2-threeshift-75c-01__A4_BALANCED_SELECTOR_LOCAL_SEARCH__seed1", "status": "OK", "time": 1783334248.318513}
{"event": "task_complete", "run_id": "SELECTOR_SPRINT__b4000__threeshift__e2-threeshift-75c-01__A5_EPS_DECAY_SELECTOR_LOCAL_SEARCH__seed1", "status": "OK", "time": 1783334335.790601}
{"event": "task_complete", "run_id": "SELECTOR_SPRINT__b4000__threeshift__e2-threeshift-75c-01__A7_SOFTMAX_SELECTOR_LOCAL_SEARCH__seed1", "status": "OK", "time": 1783334399.3560672}
{"event": "task_complete", "run_id": "SELECTOR_SPRINT__b4000__threeshift__e2-threeshift-75c-01__A6_THOMPSON_SELECTOR_LOCAL_SEARCH__seed1", "status": "OK", "time": 1783334480.605087}
{"event": "task_complete", "run_id": "SELECTOR_SPRINT__b4000__threeshift__e2-threeshift-75c-01__LNS_REFERENCE__seed1", "status": "OK", "time": 1783334512.455551}
{"event": "task_complete", "run_id": "SELECTOR_SPRINT__b4000__threeshift__e2-threeshift-75c-01__A4_BALANCED_SELECTOR_LOCAL_SEARCH__seed2", "status": "OK", "time": 1783334639.607316}
{"event": "task_complete", "run_id": "SELECTOR_SPRINT__b4000__threeshift__e2-threeshift-75c-01__A0_MAIN_LOCAL_SEARCH__seed2", "status": "OK", "time": 1783334639.759685}
{"event": "task_complete", "run_id": "SELECTOR_SPRINT__b4000__threeshift__e2-threeshift-75c-01__A5_EPS_DECAY_SELECTOR_LOCAL_SEARCH__seed2", "status": "OK", "time": 1783334676.3641112}
{"event": "task_complete", "run_id": "SELECTOR_SPRINT__b4000__threeshift__e2-threeshift-75c-01__A6_THOMPSON_SELECTOR_LOCAL_SEARCH__seed2", "status": "OK", "time": 1783334801.3162591}
{"event": "task_complete", "run_id": "SELECTOR_SPRINT__b4000__threeshift__e2-threeshift-75c-01__A7_SOFTMAX_SELECTOR_LOCAL_SEARCH__seed2", "status": "OK", "time": 1783334806.0238452}
{"event": "task_complete", "run_id": "SELECTOR_SPRINT__b4000__threeshift__e2-threeshift-75c-01__LNS_REFERENCE__seed2", "status": "OK", "time": 1783334860.497343}
{"event": "task_complete", "run_id": "SELECTOR_SPRINT__b4000__threeshift__e2-threeshift-75c-01__A4_BALANCED_SELECTOR_LOCAL_SEARCH__seed3", "status": "OK", "time": 1783334959.480097}
{"event": "task_complete", "run_id": "SELECTOR_SPRINT__b4000__threeshift__e2-threeshift-75c-01__A5_EPS_DECAY_SELECTOR_LOCAL_SEARCH__seed3", "status": "OK", "time": 1783335038.2601962}
{"event": "task_complete", "run_id": "SELECTOR_SPRINT__b4000__threeshift__e2-threeshift-75c-01__A0_MAIN_LOCAL_SEARCH__seed3", "status": "OK", "time": 1783335063.90402}
{"event": "task_complete", "run_id": "SELECTOR_SPRINT__b4000__threeshift__e2-threeshift-75c-01__A6_THOMPSON_SELECTOR_LOCAL_SEARCH__seed3", "status": "OK", "time": 1783335173.21155}
{"event": "task_complete", "run_id": "SELECTOR_SPRINT__b4000__threeshift__e2-threeshift-75c-01__A7_SOFTMAX_SELECTOR_LOCAL_SEARCH__seed3", "status": "OK", "time": 1783335238.265645}
{"event": "task_complete", "run_id": "SELECTOR_SPRINT__b4000__threeshift__e2-threeshift-75c-01__LNS_REFERENCE__seed3", "status": "OK", "time": 1783335255.871113}
{"event": "task_complete", "run_id": "SELECTOR_SPRINT__b4000__vanilla__e2-vanilla-100c-01__A0_MAIN_LOCAL_SEARCH__seed1", "status": "OK", "time": 1783335367.640756}
{"event": "task_complete", "run_id": "SELECTOR_SPRINT__b4000__vanilla__e2-vanilla-100c-01__A4_BALANCED_SELECTOR_LOCAL_SEARCH__seed1", "status": "OK", "time": 1783335499.029802}
{"event": "task_complete", "run_id": "SELECTOR_SPRINT__b4000__vanilla__e2-vanilla-100c-01__A5_EPS_DECAY_SELECTOR_LOCAL_SEARCH__seed1", "status": "OK", "time": 1783335502.677589}
{"event": "task_complete", "run_id": "SELECTOR_SPRINT__b4000__vanilla__e2-vanilla-100c-01__A6_THOMPSON_SELECTOR_LOCAL_SEARCH__seed1", "status": "OK", "time": 1783335589.701439}
{"event": "task_complete", "run_id": "SELECTOR_SPRINT__b4000__vanilla__e2-vanilla-100c-01__LNS_REFERENCE__seed1", "status": "OK", "time": 1783335707.298711}
{"event": "task_complete", "run_id": "SELECTOR_SPRINT__b4000__vanilla__e2-vanilla-100c-01__A7_SOFTMAX_SELECTOR_LOCAL_SEARCH__seed1", "status": "OK", "time": 1783335723.970907}
{"event": "task_complete", "run_id": "SELECTOR_SPRINT__b4000__vanilla__e2-vanilla-100c-01__A0_MAIN_LOCAL_SEARCH__seed2", "status": "OK", "time": 1783335866.480413}
{"event": "task_complete", "run_id": "SELECTOR_SPRINT__b4000__vanilla__e2-vanilla-100c-01__A4_BALANCED_SELECTOR_LOCAL_SEARCH__seed2", "status": "OK", "time": 1783335913.003419}
{"event": "task_complete", "run_id": "SELECTOR_SPRINT__b4000__vanilla__e2-vanilla-100c-01__A5_EPS_DECAY_SELECTOR_LOCAL_SEARCH__seed2", "status": "OK", "time": 1783335927.152339}
{"event": "task_complete", "run_id": "SELECTOR_SPRINT__b4000__vanilla__e2-vanilla-100c-01__A6_THOMPSON_SELECTOR_LOCAL_SEARCH__seed2", "status": "OK", "time": 1783336058.849965}
{"event": "task_complete", "run_id": "SELECTOR_SPRINT__b4000__vanilla__e2-vanilla-100c-01__A7_SOFTMAX_SELECTOR_LOCAL_SEARCH__seed2", "status": "OK", "time": 1783336125.408607}
{"event": "task_complete", "run_id": "SELECTOR_SPRINT__b4000__vanilla__e2-vanilla-100c-01__LNS_REFERENCE__seed2", "status": "OK", "time": 1783336165.503106}
{"event": "task_complete", "run_id": "SELECTOR_SPRINT__b4000__vanilla__e2-vanilla-100c-01__A0_MAIN_LOCAL_SEARCH__seed3", "status": "OK", "time": 1783336322.218888}
{"event": "task_complete", "run_id": "SELECTOR_SPRINT__b4000__vanilla__e2-vanilla-100c-01__A4_BALANCED_SELECTOR_LOCAL_SEARCH__seed3", "status": "OK", "time": 1783336373.970521}
{"event": "task_complete", "run_id": "SELECTOR_SPRINT__b4000__vanilla__e2-vanilla-100c-01__A5_EPS_DECAY_SELECTOR_LOCAL_SEARCH__seed3", "status": "OK", "time": 1783336400.046294}
{"event": "task_complete", "run_id": "SELECTOR_SPRINT__b4000__vanilla__e2-vanilla-100c-01__A6_THOMPSON_SELECTOR_LOCAL_SEARCH__seed3", "status": "OK", "time": 1783336497.451315}
{"event": "task_complete", "run_id": "SELECTOR_SPRINT__b4000__vanilla__e2-vanilla-100c-01__LNS_REFERENCE__seed3", "status": "OK", "time": 1783336582.918166}
{"event": "task_complete", "run_id": "SELECTOR_SPRINT__b4000__vanilla__e2-vanilla-100c-01__A7_SOFTMAX_SELECTOR_LOCAL_SEARCH__seed3", "status": "OK", "time": 1783336584.1233191}
{"event": "task_complete", "run_id": "SELECTOR_SPRINT__b4000__vanilla__e2-vanilla-150c-01__A4_BALANCED_SELECTOR_LOCAL_SEARCH__seed1", "status": "OK", "time": 1783336791.100012}
{"event": "task_complete", "run_id": "SELECTOR_SPRINT__b4000__vanilla__e2-vanilla-150c-01__A5_EPS_DECAY_SELECTOR_LOCAL_SEARCH__seed1", "status": "OK", "time": 1783336869.422323}
{"event": "task_complete", "run_id": "SELECTOR_SPRINT__b4000__vanilla__e2-vanilla-150c-01__A0_MAIN_LOCAL_SEARCH__seed1", "status": "OK", "time": 1783336889.0256739}
{"event": "task_complete", "run_id": "SELECTOR_SPRINT__b4000__vanilla__e2-vanilla-150c-01__A6_THOMPSON_SELECTOR_LOCAL_SEARCH__seed1", "status": "OK", "time": 1783337150.751511}
{"event": "task_complete", "run_id": "SELECTOR_SPRINT__b4000__vanilla__e2-vanilla-150c-01__A7_SOFTMAX_SELECTOR_LOCAL_SEARCH__seed1", "status": "OK", "time": 1783337156.558723}
{"event": "task_complete", "run_id": "SELECTOR_SPRINT__b4000__vanilla__e2-vanilla-150c-01__LNS_REFERENCE__seed1", "status": "OK", "time": 1783337207.699255}
{"event": "task_complete", "run_id": "SELECTOR_SPRINT__b4000__vanilla__e2-vanilla-150c-01__A4_BALANCED_SELECTOR_LOCAL_SEARCH__seed2", "status": "OK", "time": 1783337474.955219}
{"event": "task_complete", "run_id": "SELECTOR_SPRINT__b4000__vanilla__e2-vanilla-150c-01__A0_MAIN_LOCAL_SEARCH__seed2", "status": "OK", "time": 1783337551.71457}
{"event": "task_complete", "run_id": "SELECTOR_SPRINT__b4000__vanilla__e2-vanilla-150c-01__A5_EPS_DECAY_SELECTOR_LOCAL_SEARCH__seed2", "status": "OK", "time": 1783337599.1453388}
{"event": "task_complete", "run_id": "SELECTOR_SPRINT__b4000__vanilla__e2-vanilla-150c-01__A7_SOFTMAX_SELECTOR_LOCAL_SEARCH__seed2", "status": "OK", "time": 1783337826.579977}
{"event": "task_complete", "run_id": "SELECTOR_SPRINT__b4000__vanilla__e2-vanilla-150c-01__A6_THOMPSON_SELECTOR_LOCAL_SEARCH__seed2", "status": "OK", "time": 1783337845.981312}
{"event": "task_complete", "run_id": "SELECTOR_SPRINT__b4000__vanilla__e2-vanilla-150c-01__LNS_REFERENCE__seed2", "status": "OK", "time": 1783337889.859204}
{"event": "task_complete", "run_id": "SELECTOR_SPRINT__b4000__vanilla__e2-vanilla-150c-01__A5_EPS_DECAY_SELECTOR_LOCAL_SEARCH__seed3", "status": "OK", "time": 1783338136.4952698}
{"event": "task_complete", "run_id": "SELECTOR_SPRINT__b4000__vanilla__e2-vanilla-150c-01__A4_BALANCED_SELECTOR_LOCAL_SEARCH__seed3", "status": "OK", "time": 1783338143.4918458}
{"event": "task_complete", "run_id": "SELECTOR_SPRINT__b4000__vanilla__e2-vanilla-150c-01__A0_MAIN_LOCAL_SEARCH__seed3", "status": "OK", "time": 1783338194.9370198}
{"event": "task_complete", "run_id": "SELECTOR_SPRINT__b4000__vanilla__e2-vanilla-150c-01__A7_SOFTMAX_SELECTOR_LOCAL_SEARCH__seed3", "status": "OK", "time": 1783338477.067308}
{"event": "task_complete", "run_id": "SELECTOR_SPRINT__b4000__vanilla__e2-vanilla-15c-01__A0_MAIN_LOCAL_SEARCH__seed1", "status": "OK", "time": 1783338484.384691}
{"event": "task_complete", "run_id": "SELECTOR_SPRINT__b4000__vanilla__e2-vanilla-15c-01__A4_BALANCED_SELECTOR_LOCAL_SEARCH__seed1", "status": "OK", "time": 1783338494.9150321}
{"event": "task_complete", "run_id": "SELECTOR_SPRINT__b4000__vanilla__e2-vanilla-15c-01__A5_EPS_DECAY_SELECTOR_LOCAL_SEARCH__seed1", "status": "OK", "time": 1783338505.244936}
{"event": "task_complete", "run_id": "SELECTOR_SPRINT__b4000__vanilla__e2-vanilla-15c-01__A6_THOMPSON_SELECTOR_LOCAL_SEARCH__seed1", "status": "OK", "time": 1783338508.913377}
{"event": "task_complete", "run_id": "SELECTOR_SPRINT__b4000__vanilla__e2-vanilla-150c-01__A6_THOMPSON_SELECTOR_LOCAL_SEARCH__seed3", "status": "OK", "time": 1783338514.009762}
{"event": "task_complete", "run_id": "SELECTOR_SPRINT__b4000__vanilla__e2-vanilla-15c-01__A7_SOFTMAX_SELECTOR_LOCAL_SEARCH__seed1", "status": "OK", "time": 1783338518.8834078}
{"event": "task_complete", "run_id": "SELECTOR_SPRINT__b4000__vanilla__e2-vanilla-150c-01__LNS_REFERENCE__seed3", "status": "OK", "time": 1783338518.916797}
{"event": "task_complete", "run_id": "SELECTOR_SPRINT__b4000__vanilla__e2-vanilla-15c-01__LNS_REFERENCE__seed1", "status": "OK", "time": 1783338521.557693}
{"event": "task_complete", "run_id": "SELECTOR_SPRINT__b4000__vanilla__e2-vanilla-15c-01__A0_MAIN_LOCAL_SEARCH__seed2", "status": "OK", "time": 1783338522.275626}
{"event": "task_complete", "run_id": "SELECTOR_SPRINT__b4000__vanilla__e2-vanilla-15c-01__A4_BALANCED_SELECTOR_LOCAL_SEARCH__seed2", "status": "OK", "time": 1783338523.880518}
{"event": "task_complete", "run_id": "SELECTOR_SPRINT__b4000__vanilla__e2-vanilla-15c-01__A5_EPS_DECAY_SELECTOR_LOCAL_SEARCH__seed2", "status": "OK", "time": 1783338526.5523891}
{"event": "task_complete", "run_id": "SELECTOR_SPRINT__b4000__vanilla__e2-vanilla-15c-01__A6_THOMPSON_SELECTOR_LOCAL_SEARCH__seed2", "status": "OK", "time": 1783338527.403407}
{"event": "task_complete", "run_id": "SELECTOR_SPRINT__b4000__vanilla__e2-vanilla-15c-01__A7_SOFTMAX_SELECTOR_LOCAL_SEARCH__seed2", "status": "OK", "time": 1783338531.6544251}
{"event": "task_complete", "run_id": "SELECTOR_SPRINT__b4000__vanilla__e2-vanilla-15c-01__LNS_REFERENCE__seed2", "status": "OK", "time": 1783338533.3798678}
{"event": "task_complete", "run_id": "SELECTOR_SPRINT__b4000__vanilla__e2-vanilla-15c-01__A0_MAIN_LOCAL_SEARCH__seed3", "status": "OK", "time": 1783338535.324043}
{"event": "task_complete", "run_id": "SELECTOR_SPRINT__b4000__vanilla__e2-vanilla-15c-01__A6_THOMPSON_SELECTOR_LOCAL_SEARCH__seed3", "status": "OK", "time": 1783338541.6913862}
{"event": "task_complete", "run_id": "SELECTOR_SPRINT__b4000__vanilla__e2-vanilla-15c-01__A4_BALANCED_SELECTOR_LOCAL_SEARCH__seed3", "status": "OK", "time": 1783338543.757623}
{"event": "task_complete", "run_id": "SELECTOR_SPRINT__b4000__vanilla__e2-vanilla-15c-01__A5_EPS_DECAY_SELECTOR_LOCAL_SEARCH__seed3", "status": "OK", "time": 1783338545.883703}
{"event": "task_complete", "run_id": "SELECTOR_SPRINT__b4000__vanilla__e2-vanilla-15c-01__A7_SOFTMAX_SELECTOR_LOCAL_SEARCH__seed3", "status": "OK", "time": 1783338549.5346482}
{"event": "task_complete", "run_id": "SELECTOR_SPRINT__b4000__vanilla__e2-vanilla-15c-01__LNS_REFERENCE__seed3", "status": "OK", "time": 1783338551.693347}
{"event": "task_complete", "run_id": "SELECTOR_SPRINT__b4000__vanilla__e2-vanilla-25c-01__A0_MAIN_LOCAL_SEARCH__seed1", "status": "OK", "time": 1783338558.005554}
{"event": "task_complete", "run_id": "SELECTOR_SPRINT__b4000__vanilla__e2-vanilla-25c-01__A4_BALANCED_SELECTOR_LOCAL_SEARCH__seed1", "status": "OK", "time": 1783338560.596103}
{"event": "task_complete", "run_id": "SELECTOR_SPRINT__b4000__vanilla__e2-vanilla-25c-01__A5_EPS_DECAY_SELECTOR_LOCAL_SEARCH__seed1", "status": "OK", "time": 1783338563.039005}
{"event": "task_complete", "run_id": "SELECTOR_SPRINT__b4000__vanilla__e2-vanilla-25c-01__A6_THOMPSON_SELECTOR_LOCAL_SEARCH__seed1", "status": "OK", "time": 1783338567.390521}
{"event": "task_complete", "run_id": "SELECTOR_SPRINT__b4000__vanilla__e2-vanilla-25c-01__A7_SOFTMAX_SELECTOR_LOCAL_SEARCH__seed1", "status": "OK", "time": 1783338571.0753899}
{"event": "task_complete", "run_id": "SELECTOR_SPRINT__b4000__vanilla__e2-vanilla-25c-01__A0_MAIN_LOCAL_SEARCH__seed2", "status": "OK", "time": 1783338577.803096}
{"event": "task_complete", "run_id": "SELECTOR_SPRINT__b4000__vanilla__e2-vanilla-25c-01__A4_BALANCED_SELECTOR_LOCAL_SEARCH__seed2", "status": "OK", "time": 1783338581.9888158}
{"event": "task_complete", "run_id": "SELECTOR_SPRINT__b4000__vanilla__e2-vanilla-25c-01__A5_EPS_DECAY_SELECTOR_LOCAL_SEARCH__seed2", "status": "OK", "time": 1783338588.503171}
{"event": "task_complete", "run_id": "SELECTOR_SPRINT__b4000__vanilla__e2-vanilla-25c-01__A6_THOMPSON_SELECTOR_LOCAL_SEARCH__seed2", "status": "OK", "time": 1783338591.6939251}
{"event": "task_complete", "run_id": "SELECTOR_SPRINT__b4000__vanilla__e2-vanilla-25c-01__LNS_REFERENCE__seed1", "status": "OK", "time": 1783338597.397025}
{"event": "task_complete", "run_id": "SELECTOR_SPRINT__b4000__vanilla__e2-vanilla-25c-01__A7_SOFTMAX_SELECTOR_LOCAL_SEARCH__seed2", "status": "OK", "time": 1783338600.786672}
{"event": "task_complete", "run_id": "SELECTOR_SPRINT__b4000__vanilla__e2-vanilla-25c-01__A0_MAIN_LOCAL_SEARCH__seed3", "status": "OK", "time": 1783338606.8531892}
{"event": "task_complete", "run_id": "SELECTOR_SPRINT__b4000__vanilla__e2-vanilla-25c-01__A4_BALANCED_SELECTOR_LOCAL_SEARCH__seed3", "status": "OK", "time": 1783338611.7746198}
{"event": "task_complete", "run_id": "SELECTOR_SPRINT__b4000__vanilla__e2-vanilla-25c-01__A5_EPS_DECAY_SELECTOR_LOCAL_SEARCH__seed3", "status": "OK", "time": 1783338618.38995}
{"event": "task_complete", "run_id": "SELECTOR_SPRINT__b4000__vanilla__e2-vanilla-25c-01__A6_THOMPSON_SELECTOR_LOCAL_SEARCH__seed3", "status": "OK", "time": 1783338621.9485471}
{"event": "task_complete", "run_id": "SELECTOR_SPRINT__b4000__vanilla__e2-vanilla-25c-01__LNS_REFERENCE__seed2", "status": "OK", "time": 1783338625.5128162}
{"event": "task_complete", "run_id": "SELECTOR_SPRINT__b4000__vanilla__e2-vanilla-25c-01__A7_SOFTMAX_SELECTOR_LOCAL_SEARCH__seed3", "status": "OK", "time": 1783338627.513431}
{"event": "task_complete", "run_id": "SELECTOR_SPRINT__b4000__vanilla__e2-vanilla-25c-01__LNS_REFERENCE__seed3", "status": "OK", "time": 1783338656.495232}
{"event": "task_complete", "run_id": "SELECTOR_SPRINT__b4000__vanilla__e2-vanilla-50c-01__A4_BALANCED_SELECTOR_LOCAL_SEARCH__seed1", "status": "OK", "time": 1783338687.883206}
{"event": "task_complete", "run_id": "SELECTOR_SPRINT__b4000__vanilla__e2-vanilla-50c-01__A0_MAIN_LOCAL_SEARCH__seed1", "status": "OK", "time": 1783338694.2432919}
{"event": "task_complete", "run_id": "SELECTOR_SPRINT__b4000__vanilla__e2-vanilla-50c-01__A5_EPS_DECAY_SELECTOR_LOCAL_SEARCH__seed1", "status": "OK", "time": 1783338726.2353122}
{"event": "task_complete", "run_id": "SELECTOR_SPRINT__b4000__vanilla__e2-vanilla-50c-01__A6_THOMPSON_SELECTOR_LOCAL_SEARCH__seed1", "status": "OK", "time": 1783338787.845956}
{"event": "task_complete", "run_id": "SELECTOR_SPRINT__b4000__vanilla__e2-vanilla-50c-01__A7_SOFTMAX_SELECTOR_LOCAL_SEARCH__seed1", "status": "OK", "time": 1783338792.330761}
{"event": "task_complete", "run_id": "SELECTOR_SPRINT__b4000__vanilla__e2-vanilla-50c-01__A4_BALANCED_SELECTOR_LOCAL_SEARCH__seed2", "status": "OK", "time": 1783338876.240957}
{"event": "task_complete", "run_id": "SELECTOR_SPRINT__b4000__vanilla__e2-vanilla-50c-01__A0_MAIN_LOCAL_SEARCH__seed2", "status": "OK", "time": 1783338939.676085}
{"event": "task_complete", "run_id": "SELECTOR_SPRINT__b4000__vanilla__e2-vanilla-50c-01__LNS_REFERENCE__seed1", "status": "OK", "time": 1783338990.2658482}
{"event": "task_complete", "run_id": "SELECTOR_SPRINT__b4000__vanilla__e2-vanilla-50c-01__A5_EPS_DECAY_SELECTOR_LOCAL_SEARCH__seed2", "status": "OK", "time": 1783339014.322677}
{"event": "task_complete", "run_id": "SELECTOR_SPRINT__b4000__vanilla__e2-vanilla-50c-01__A6_THOMPSON_SELECTOR_LOCAL_SEARCH__seed2", "status": "OK", "time": 1783339036.728035}
{"event": "task_complete", "run_id": "SELECTOR_SPRINT__b4000__vanilla__e2-vanilla-50c-01__A7_SOFTMAX_SELECTOR_LOCAL_SEARCH__seed2", "status": "OK", "time": 1783339056.711367}
{"event": "task_complete", "run_id": "SELECTOR_SPRINT__b4000__vanilla__e2-vanilla-50c-01__A0_MAIN_LOCAL_SEARCH__seed3", "status": "OK", "time": 1783339096.742023}
{"event": "task_complete", "run_id": "SELECTOR_SPRINT__b4000__vanilla__e2-vanilla-50c-01__A4_BALANCED_SELECTOR_LOCAL_SEARCH__seed3", "status": "OK", "time": 1783339120.24487}
{"event": "task_complete", "run_id": "SELECTOR_SPRINT__b4000__vanilla__e2-vanilla-50c-01__LNS_REFERENCE__seed2", "status": "OK", "time": 1783339140.728734}
{"event": "task_complete", "run_id": "SELECTOR_SPRINT__b4000__vanilla__e2-vanilla-50c-01__A5_EPS_DECAY_SELECTOR_LOCAL_SEARCH__seed3", "status": "OK", "time": 1783339174.744738}
{"event": "task_complete", "run_id": "SELECTOR_SPRINT__b4000__vanilla__e2-vanilla-50c-01__A6_THOMPSON_SELECTOR_LOCAL_SEARCH__seed3", "status": "OK", "time": 1783339193.317086}
{"event": "task_complete", "run_id": "SELECTOR_SPRINT__b4000__vanilla__e2-vanilla-50c-01__A7_SOFTMAX_SELECTOR_LOCAL_SEARCH__seed3", "status": "OK", "time": 1783339203.0899808}
{"event": "task_complete", "run_id": "SELECTOR_SPRINT__b4000__vanilla__e2-vanilla-50c-01__LNS_REFERENCE__seed3", "status": "OK", "time": 1783339255.5086899}
{"budget": 4000, "event": "budget_complete", "rows": 288, "survivors": ["A4_BALANCED_SELECTOR_LOCAL_SEARCH", "A5_EPS_DECAY_SELECTOR_LOCAL_SEARCH", "A6_THOMPSON_SELECTOR_LOCAL_SEARCH", "A7_SOFTMAX_SELECTOR_LOCAL_SEARCH"], "time": 1783339312.2287738}
{"event": "task_complete", "run_id": "SELECTOR_SPRINT__b8000__multidepot__e2-multidepot-100c-01__A4_BALANCED_SELECTOR_LOCAL_SEARCH__seed1", "status": "OK", "time": 1783339647.0122209}
{"event": "task_complete", "run_id": "SELECTOR_SPRINT__b8000__multidepot__e2-multidepot-100c-01__A0_MAIN_LOCAL_SEARCH__seed1", "status": "OK", "time": 1783339656.91405}
{"event": "task_complete", "run_id": "SELECTOR_SPRINT__b8000__multidepot__e2-multidepot-100c-01__A5_EPS_DECAY_SELECTOR_LOCAL_SEARCH__seed1", "status": "OK", "time": 1783339767.294083}
{"event": "task_complete", "run_id": "SELECTOR_SPRINT__b8000__multidepot__e2-multidepot-100c-01__A7_SOFTMAX_SELECTOR_LOCAL_SEARCH__seed1", "status": "OK", "time": 1783340056.771362}
{"event": "task_complete", "run_id": "SELECTOR_SPRINT__b8000__multidepot__e2-multidepot-100c-01__A6_THOMPSON_SELECTOR_LOCAL_SEARCH__seed1", "status": "OK", "time": 1783340146.485939}
{"event": "task_complete", "run_id": "SELECTOR_SPRINT__b8000__multidepot__e2-multidepot-100c-01__LNS_REFERENCE__seed1", "status": "OK", "time": 1783340208.932866}
{"event": "task_complete", "run_id": "SELECTOR_SPRINT__b8000__multidepot__e2-multidepot-100c-01__A0_MAIN_LOCAL_SEARCH__seed2", "status": "OK", "time": 1783340391.3212101}
{"event": "task_complete", "run_id": "SELECTOR_SPRINT__b8000__multidepot__e2-multidepot-100c-01__A4_BALANCED_SELECTOR_LOCAL_SEARCH__seed2", "status": "OK", "time": 1783340438.8181078}
{"event": "task_complete", "run_id": "SELECTOR_SPRINT__b8000__multidepot__e2-multidepot-100c-01__A5_EPS_DECAY_SELECTOR_LOCAL_SEARCH__seed2", "status": "OK", "time": 1783340519.155356}
{"event": "task_complete", "run_id": "SELECTOR_SPRINT__b8000__multidepot__e2-multidepot-100c-01__A6_THOMPSON_SELECTOR_LOCAL_SEARCH__seed2", "status": "OK", "time": 1783340766.138577}
{"event": "task_complete", "run_id": "SELECTOR_SPRINT__b8000__multidepot__e2-multidepot-100c-01__A7_SOFTMAX_SELECTOR_LOCAL_SEARCH__seed2", "status": "OK", "time": 1783340849.400969}
{"event": "task_complete", "run_id": "SELECTOR_SPRINT__b8000__multidepot__e2-multidepot-100c-01__LNS_REFERENCE__seed2", "status": "OK", "time": 1783340907.861899}
{"event": "task_complete", "run_id": "SELECTOR_SPRINT__b8000__multidepot__e2-multidepot-100c-01__A4_BALANCED_SELECTOR_LOCAL_SEARCH__seed3", "status": "OK", "time": 1783341287.90666}
{"event": "task_complete", "run_id": "SELECTOR_SPRINT__b8000__multidepot__e2-multidepot-100c-01__A0_MAIN_LOCAL_SEARCH__seed3", "status": "OK", "time": 1783341346.368961}
{"event": "task_complete", "run_id": "SELECTOR_SPRINT__b8000__multidepot__e2-multidepot-100c-01__A5_EPS_DECAY_SELECTOR_LOCAL_SEARCH__seed3", "status": "OK", "time": 1783341364.186962}
{"event": "task_complete", "run_id": "SELECTOR_SPRINT__b8000__multidepot__e2-multidepot-100c-01__A6_THOMPSON_SELECTOR_LOCAL_SEARCH__seed3", "status": "OK", "time": 1783341652.160752}
{"event": "task_complete", "run_id": "SELECTOR_SPRINT__b8000__multidepot__e2-multidepot-10c-01__A0_MAIN_LOCAL_SEARCH__seed1", "status": "OK", "time": 1783341665.1792388}
{"event": "task_complete", "run_id": "SELECTOR_SPRINT__b8000__multidepot__e2-multidepot-10c-01__A4_BALANCED_SELECTOR_LOCAL_SEARCH__seed1", "status": "OK", "time": 1783341694.207244}
{"event": "task_complete", "run_id": "SELECTOR_SPRINT__b8000__multidepot__e2-multidepot-10c-01__A5_EPS_DECAY_SELECTOR_LOCAL_SEARCH__seed1", "status": "OK", "time": 1783341723.1671019}
{"event": "task_complete", "run_id": "SELECTOR_SPRINT__b8000__multidepot__e2-multidepot-10c-01__A6_THOMPSON_SELECTOR_LOCAL_SEARCH__seed1", "status": "OK", "time": 1783341736.546332}
{"event": "task_complete", "run_id": "SELECTOR_SPRINT__b8000__multidepot__e2-multidepot-100c-01__LNS_REFERENCE__seed3", "status": "OK", "time": 1783341742.12514}
{"event": "task_complete", "run_id": "SELECTOR_SPRINT__b8000__multidepot__e2-multidepot-10c-01__A7_SOFTMAX_SELECTOR_LOCAL_SEARCH__seed1", "status": "OK", "time": 1783341751.798923}
{"event": "task_complete", "run_id": "SELECTOR_SPRINT__b8000__multidepot__e2-multidepot-10c-01__LNS_REFERENCE__seed1", "status": "OK", "time": 1783341755.620912}
{"event": "task_complete", "run_id": "SELECTOR_SPRINT__b8000__multidepot__e2-multidepot-10c-01__A0_MAIN_LOCAL_SEARCH__seed2", "status": "OK", "time": 1783341782.061158}
{"event": "task_complete", "run_id": "SELECTOR_SPRINT__b8000__multidepot__e2-multidepot-10c-01__A4_BALANCED_SELECTOR_LOCAL_SEARCH__seed2", "status": "OK", "time": 1783341784.894737}
{"event": "task_complete", "run_id": "SELECTOR_SPRINT__b8000__multidepot__e2-multidepot-10c-01__A6_THOMPSON_SELECTOR_LOCAL_SEARCH__seed2", "status": "OK", "time": 1783341797.417948}
{"event": "task_complete", "run_id": "SELECTOR_SPRINT__b8000__multidepot__e2-multidepot-10c-01__A5_EPS_DECAY_SELECTOR_LOCAL_SEARCH__seed2", "status": "OK", "time": 1783341811.527144}
{"event": "task_complete", "run_id": "SELECTOR_SPRINT__b8000__multidepot__e2-multidepot-100c-01__A7_SOFTMAX_SELECTOR_LOCAL_SEARCH__seed3", "status": "OK", "time": 1783341811.839735}
{"event": "task_complete", "run_id": "SELECTOR_SPRINT__b8000__multidepot__e2-multidepot-10c-01__A7_SOFTMAX_SELECTOR_LOCAL_SEARCH__seed2", "status": "OK", "time": 1783341820.922112}
{"event": "task_complete", "run_id": "SELECTOR_SPRINT__b8000__multidepot__e2-multidepot-10c-01__LNS_REFERENCE__seed2", "status": "OK", "time": 1783341824.978636}
{"event": "task_complete", "run_id": "SELECTOR_SPRINT__b8000__multidepot__e2-multidepot-10c-01__A4_BALANCED_SELECTOR_LOCAL_SEARCH__seed3", "status": "OK", "time": 1783341832.7694159}
{"event": "task_complete", "run_id": "SELECTOR_SPRINT__b8000__multidepot__e2-multidepot-10c-01__A5_EPS_DECAY_SELECTOR_LOCAL_SEARCH__seed3", "status": "OK", "time": 1783341836.532385}
{"event": "task_complete", "run_id": "SELECTOR_SPRINT__b8000__multidepot__e2-multidepot-10c-01__A0_MAIN_LOCAL_SEARCH__seed3", "status": "OK", "time": 1783341842.792386}
{"event": "task_complete", "run_id": "SELECTOR_SPRINT__b8000__multidepot__e2-multidepot-10c-01__A6_THOMPSON_SELECTOR_LOCAL_SEARCH__seed3", "status": "OK", "time": 1783341846.6133802}
{"event": "task_complete", "run_id": "SELECTOR_SPRINT__b8000__multidepot__e2-multidepot-10c-01__A7_SOFTMAX_SELECTOR_LOCAL_SEARCH__seed3", "status": "OK", "time": 1783341851.415309}
{"event": "task_complete", "run_id": "SELECTOR_SPRINT__b8000__multidepot__e2-multidepot-10c-01__LNS_REFERENCE__seed3", "status": "OK", "time": 1783341854.9968069}
{"event": "task_complete", "run_id": "SELECTOR_SPRINT__b8000__multidepot__e2-multidepot-150c-01__A0_MAIN_LOCAL_SEARCH__seed1", "status": "OK", "time": 1783342308.19014}
{"event": "task_complete", "run_id": "SELECTOR_SPRINT__b8000__multidepot__e2-multidepot-150c-01__A5_EPS_DECAY_SELECTOR_LOCAL_SEARCH__seed1", "status": "OK", "time": 1783342383.302668}
{"event": "task_complete", "run_id": "SELECTOR_SPRINT__b8000__multidepot__e2-multidepot-150c-01__A4_BALANCED_SELECTOR_LOCAL_SEARCH__seed1", "status": "OK", "time": 1783342490.345935}
{"event": "task_complete", "run_id": "SELECTOR_SPRINT__b8000__multidepot__e2-multidepot-150c-01__LNS_REFERENCE__seed1", "status": "OK", "time": 1783343132.773058}
{"event": "task_complete", "run_id": "SELECTOR_SPRINT__b8000__multidepot__e2-multidepot-150c-01__A7_SOFTMAX_SELECTOR_LOCAL_SEARCH__seed1", "status": "OK", "time": 1783343138.6782641}
{"event": "task_complete", "run_id": "SELECTOR_SPRINT__b8000__multidepot__e2-multidepot-150c-01__A6_THOMPSON_SELECTOR_LOCAL_SEARCH__seed1", "status": "OK", "time": 1783343673.911754}
{"event": "task_complete", "run_id": "SELECTOR_SPRINT__b8000__multidepot__e2-multidepot-150c-01__A4_BALANCED_SELECTOR_LOCAL_SEARCH__seed2", "status": "OK", "time": 1783343878.1662028}
{"event": "task_complete", "run_id": "SELECTOR_SPRINT__b8000__multidepot__e2-multidepot-150c-01__A5_EPS_DECAY_SELECTOR_LOCAL_SEARCH__seed2", "status": "OK", "time": 1783344216.556502}
{"event": "task_complete", "run_id": "SELECTOR_SPRINT__b8000__multidepot__e2-multidepot-150c-01__A0_MAIN_LOCAL_SEARCH__seed2", "status": "OK", "time": 1783344395.181407}
{"event": "task_complete", "run_id": "SELECTOR_SPRINT__b8000__multidepot__e2-multidepot-150c-01__A6_THOMPSON_SELECTOR_LOCAL_SEARCH__seed2", "status": "OK", "time": 1783344607.034121}
{"event": "task_complete", "run_id": "SELECTOR_SPRINT__b8000__multidepot__e2-multidepot-150c-01__A7_SOFTMAX_SELECTOR_LOCAL_SEARCH__seed2", "status": "OK", "time": 1783344937.40153}
{"event": "task_complete", "run_id": "SELECTOR_SPRINT__b8000__multidepot__e2-multidepot-150c-01__LNS_REFERENCE__seed2", "status": "OK", "time": 1783345112.089838}
{"event": "task_complete", "run_id": "SELECTOR_SPRINT__b8000__multidepot__e2-multidepot-150c-01__A0_MAIN_LOCAL_SEARCH__seed3", "status": "OK", "time": 1783345287.459509}
{"event": "task_complete", "run_id": "SELECTOR_SPRINT__b8000__multidepot__e2-multidepot-150c-01__A4_BALANCED_SELECTOR_LOCAL_SEARCH__seed3", "status": "OK", "time": 1783345405.213845}
{"event": "task_complete", "run_id": "SELECTOR_SPRINT__b8000__multidepot__e2-multidepot-150c-01__A5_EPS_DECAY_SELECTOR_LOCAL_SEARCH__seed3", "status": "OK", "time": 1783345629.292872}
{"event": "task_complete", "run_id": "SELECTOR_SPRINT__b8000__multidepot__e2-multidepot-150c-01__A6_THOMPSON_SELECTOR_LOCAL_SEARCH__seed3", "status": "OK", "time": 1783345969.605634}
{"event": "task_complete", "run_id": "SELECTOR_SPRINT__b8000__multidepot__e2-multidepot-15c-01__A0_MAIN_LOCAL_SEARCH__seed1", "status": "OK", "time": 1783345977.706722}
{"event": "task_complete", "run_id": "SELECTOR_SPRINT__b8000__multidepot__e2-multidepot-15c-01__A4_BALANCED_SELECTOR_LOCAL_SEARCH__seed1", "status": "OK", "time": 1783345984.0784209}
{"event": "task_complete", "run_id": "SELECTOR_SPRINT__b8000__multidepot__e2-multidepot-15c-01__A5_EPS_DECAY_SELECTOR_LOCAL_SEARCH__seed1", "status": "OK", "time": 1783345990.620189}
{"event": "task_complete", "run_id": "SELECTOR_SPRINT__b8000__multidepot__e2-multidepot-15c-01__A6_THOMPSON_SELECTOR_LOCAL_SEARCH__seed1", "status": "OK", "time": 1783345997.063744}
{"event": "task_complete", "run_id": "SELECTOR_SPRINT__b8000__multidepot__e2-multidepot-15c-01__A7_SOFTMAX_SELECTOR_LOCAL_SEARCH__seed1", "status": "OK", "time": 1783346003.484519}
{"event": "task_complete", "run_id": "SELECTOR_SPRINT__b8000__multidepot__e2-multidepot-15c-01__LNS_REFERENCE__seed1", "status": "OK", "time": 1783346016.049397}
{"event": "task_complete", "run_id": "SELECTOR_SPRINT__b8000__multidepot__e2-multidepot-15c-01__A0_MAIN_LOCAL_SEARCH__seed2", "status": "OK", "time": 1783346025.2803478}
{"event": "task_complete", "run_id": "SELECTOR_SPRINT__b8000__multidepot__e2-multidepot-15c-01__A4_BALANCED_SELECTOR_LOCAL_SEARCH__seed2", "status": "OK", "time": 1783346033.89293}
{"event": "task_complete", "run_id": "SELECTOR_SPRINT__b8000__multidepot__e2-multidepot-15c-01__A5_EPS_DECAY_SELECTOR_LOCAL_SEARCH__seed2", "status": "OK", "time": 1783346042.604853}
{"event": "task_complete", "run_id": "SELECTOR_SPRINT__b8000__multidepot__e2-multidepot-15c-01__A6_THOMPSON_SELECTOR_LOCAL_SEARCH__seed2", "status": "OK", "time": 1783346049.7792692}
{"event": "task_complete", "run_id": "SELECTOR_SPRINT__b8000__multidepot__e2-multidepot-15c-01__A7_SOFTMAX_SELECTOR_LOCAL_SEARCH__seed2", "status": "OK", "time": 1783346057.382079}
{"event": "task_complete", "run_id": "SELECTOR_SPRINT__b8000__multidepot__e2-multidepot-15c-01__LNS_REFERENCE__seed2", "status": "OK", "time": 1783346070.406786}
{"event": "task_complete", "run_id": "SELECTOR_SPRINT__b8000__multidepot__e2-multidepot-15c-01__A0_MAIN_LOCAL_SEARCH__seed3", "status": "OK", "time": 1783346078.04786}
{"event": "task_complete", "run_id": "SELECTOR_SPRINT__b8000__multidepot__e2-multidepot-15c-01__A4_BALANCED_SELECTOR_LOCAL_SEARCH__seed3", "status": "OK", "time": 1783346087.1082802}
{"event": "task_complete", "run_id": "SELECTOR_SPRINT__b8000__multidepot__e2-multidepot-15c-01__A5_EPS_DECAY_SELECTOR_LOCAL_SEARCH__seed3", "status": "OK", "time": 1783346096.886536}
{"event": "task_complete", "run_id": "SELECTOR_SPRINT__b8000__multidepot__e2-multidepot-15c-01__A6_THOMPSON_SELECTOR_LOCAL_SEARCH__seed3", "status": "OK", "time": 1783346102.583159}
{"event": "task_complete", "run_id": "SELECTOR_SPRINT__b8000__multidepot__e2-multidepot-150c-01__A7_SOFTMAX_SELECTOR_LOCAL_SEARCH__seed3", "status": "OK", "time": 1783346107.6347}
{"event": "task_complete", "run_id": "SELECTOR_SPRINT__b8000__multidepot__e2-multidepot-15c-01__A7_SOFTMAX_SELECTOR_LOCAL_SEARCH__seed3", "status": "OK", "time": 1783346108.547779}
{"event": "task_complete", "run_id": "SELECTOR_SPRINT__b8000__multidepot__e2-multidepot-20c-01__A0_MAIN_LOCAL_SEARCH__seed1", "status": "OK", "time": 1783346123.2860758}
{"event": "task_complete", "run_id": "SELECTOR_SPRINT__b8000__multidepot__e2-multidepot-15c-01__LNS_REFERENCE__seed3", "status": "OK", "time": 1783346123.965436}
{"event": "task_complete", "run_id": "SELECTOR_SPRINT__b8000__multidepot__e2-multidepot-20c-01__A4_BALANCED_SELECTOR_LOCAL_SEARCH__seed1", "status": "OK", "time": 1783346137.18925}
{"event": "task_complete", "run_id": "SELECTOR_SPRINT__b8000__multidepot__e2-multidepot-20c-01__A5_EPS_DECAY_SELECTOR_LOCAL_SEARCH__seed1", "status": "OK", "time": 1783346137.758658}
{"event": "task_complete", "run_id": "SELECTOR_SPRINT__b8000__multidepot__e2-multidepot-20c-01__A6_THOMPSON_SELECTOR_LOCAL_SEARCH__seed1", "status": "OK", "time": 1783346152.696278}
{"event": "task_complete", "run_id": "SELECTOR_SPRINT__b8000__multidepot__e2-multidepot-20c-01__A7_SOFTMAX_SELECTOR_LOCAL_SEARCH__seed1", "status": "OK", "time": 1783346153.137156}
{"event": "task_complete", "run_id": "SELECTOR_SPRINT__b8000__multidepot__e2-multidepot-20c-01__A0_MAIN_LOCAL_SEARCH__seed2", "status": "OK", "time": 1783346167.4996932}
{"event": "task_complete", "run_id": "SELECTOR_SPRINT__b8000__multidepot__e2-multidepot-20c-01__A4_BALANCED_SELECTOR_LOCAL_SEARCH__seed2", "status": "OK", "time": 1783346184.4801202}
{"event": "task_complete", "run_id": "SELECTOR_SPRINT__b8000__multidepot__e2-multidepot-20c-01__A5_EPS_DECAY_SELECTOR_LOCAL_SEARCH__seed2", "status": "OK", "time": 1783346200.811455}
{"event": "task_complete", "run_id": "SELECTOR_SPRINT__b8000__multidepot__e2-multidepot-20c-01__LNS_REFERENCE__seed1", "status": "OK", "time": 1783346204.449652}
{"event": "task_complete", "run_id": "SELECTOR_SPRINT__b8000__multidepot__e2-multidepot-20c-01__A6_THOMPSON_SELECTOR_LOCAL_SEARCH__seed2", "status": "OK", "time": 1783346217.402563}
{"event": "task_complete", "run_id": "SELECTOR_SPRINT__b8000__multidepot__e2-multidepot-20c-01__A7_SOFTMAX_SELECTOR_LOCAL_SEARCH__seed2", "status": "OK", "time": 1783346219.092258}
{"event": "task_complete", "run_id": "SELECTOR_SPRINT__b8000__multidepot__e2-multidepot-20c-01__A0_MAIN_LOCAL_SEARCH__seed3", "status": "OK", "time": 1783346233.2828002}
{"event": "task_complete", "run_id": "SELECTOR_SPRINT__b8000__multidepot__e2-multidepot-20c-01__A4_BALANCED_SELECTOR_LOCAL_SEARCH__seed3", "status": "OK", "time": 1783346249.284872}
{"event": "task_complete", "run_id": "SELECTOR_SPRINT__b8000__multidepot__e2-multidepot-20c-01__LNS_REFERENCE__seed2", "status": "OK", "time": 1783346267.905201}
{"event": "task_complete", "run_id": "SELECTOR_SPRINT__b8000__multidepot__e2-multidepot-20c-01__A5_EPS_DECAY_SELECTOR_LOCAL_SEARCH__seed3", "status": "OK", "time": 1783346276.2163851}
{"event": "task_complete", "run_id": "SELECTOR_SPRINT__b8000__multidepot__e2-multidepot-20c-01__A6_THOMPSON_SELECTOR_LOCAL_SEARCH__seed3", "status": "OK", "time": 1783346301.418627}
{"event": "task_complete", "run_id": "SELECTOR_SPRINT__b8000__multidepot__e2-multidepot-20c-01__A7_SOFTMAX_SELECTOR_LOCAL_SEARCH__seed3", "status": "OK", "time": 1783346302.5692859}
{"event": "task_complete", "run_id": "SELECTOR_SPRINT__b8000__multidepot__e2-multidepot-150c-01__LNS_REFERENCE__seed3", "status": "OK", "time": 1783346365.609694}
{"event": "task_complete", "run_id": "SELECTOR_SPRINT__b8000__multidepot__e2-multidepot-20c-01__LNS_REFERENCE__seed3", "status": "OK", "time": 1783346374.5416582}
{"event": "task_complete", "run_id": "SELECTOR_SPRINT__b8000__multidepot__e2-multidepot-50c-01__A0_MAIN_LOCAL_SEARCH__seed1", "status": "OK", "time": 1783346501.5771148}
{"event": "task_complete", "run_id": "SELECTOR_SPRINT__b8000__multidepot__e2-multidepot-50c-01__A5_EPS_DECAY_SELECTOR_LOCAL_SEARCH__seed1", "status": "OK", "time": 1783346596.526071}
{"event": "task_complete", "run_id": "SELECTOR_SPRINT__b8000__multidepot__e2-multidepot-50c-01__A6_THOMPSON_SELECTOR_LOCAL_SEARCH__seed1", "status": "OK", "time": 1783346665.758744}
{"event": "task_complete", "run_id": "SELECTOR_SPRINT__b8000__multidepot__e2-multidepot-50c-01__A4_BALANCED_SELECTOR_LOCAL_SEARCH__seed1", "status": "OK", "time": 1783346688.556205}
{"event": "task_complete", "run_id": "SELECTOR_SPRINT__b8000__multidepot__e2-multidepot-50c-01__A7_SOFTMAX_SELECTOR_LOCAL_SEARCH__seed1", "status": "OK", "time": 1783346785.092845}
{"event": "task_complete", "run_id": "SELECTOR_SPRINT__b8000__multidepot__e2-multidepot-50c-01__A0_MAIN_LOCAL_SEARCH__seed2", "status": "OK", "time": 1783346863.659264}
{"event": "task_complete", "run_id": "SELECTOR_SPRINT__b8000__multidepot__e2-multidepot-50c-01__A4_BALANCED_SELECTOR_LOCAL_SEARCH__seed2", "status": "OK", "time": 1783346965.088713}
{"event": "task_complete", "run_id": "SELECTOR_SPRINT__b8000__multidepot__e2-multidepot-50c-01__LNS_REFERENCE__seed1", "status": "OK", "time": 1783346993.076971}
{"event": "task_complete", "run_id": "SELECTOR_SPRINT__b8000__multidepot__e2-multidepot-50c-01__A7_SOFTMAX_SELECTOR_LOCAL_SEARCH__seed2", "status": "OK", "time": 1783347157.440951}
{"event": "task_complete", "run_id": "SELECTOR_SPRINT__b8000__multidepot__e2-multidepot-50c-01__A5_EPS_DECAY_SELECTOR_LOCAL_SEARCH__seed2", "status": "OK", "time": 1783347174.498421}
{"event": "task_complete", "run_id": "SELECTOR_SPRINT__b8000__multidepot__e2-multidepot-50c-01__A6_THOMPSON_SELECTOR_LOCAL_SEARCH__seed2", "status": "OK", "time": 1783347251.000692}
{"event": "task_complete", "run_id": "SELECTOR_SPRINT__b8000__multidepot__e2-multidepot-50c-01__A0_MAIN_LOCAL_SEARCH__seed3", "status": "OK", "time": 1783347400.9592829}
{"event": "task_complete", "run_id": "SELECTOR_SPRINT__b8000__multidepot__e2-multidepot-50c-01__LNS_REFERENCE__seed2", "status": "OK", "time": 1783347458.547681}
{"event": "task_complete", "run_id": "SELECTOR_SPRINT__b8000__multidepot__e2-multidepot-50c-01__A4_BALANCED_SELECTOR_LOCAL_SEARCH__seed3", "status": "OK", "time": 1783347465.327758}
{"event": "task_complete", "run_id": "SELECTOR_SPRINT__b8000__multidepot__e2-multidepot-50c-01__A5_EPS_DECAY_SELECTOR_LOCAL_SEARCH__seed3", "status": "OK", "time": 1783347618.135436}
{"event": "task_complete", "run_id": "SELECTOR_SPRINT__b8000__multidepot__e2-multidepot-50c-01__A6_THOMPSON_SELECTOR_LOCAL_SEARCH__seed3", "status": "OK", "time": 1783347663.884109}
{"event": "task_complete", "run_id": "SELECTOR_SPRINT__b8000__multidepot__e2-multidepot-50c-01__A7_SOFTMAX_SELECTOR_LOCAL_SEARCH__seed3", "status": "OK", "time": 1783347699.2988229}
{"event": "task_complete", "run_id": "SELECTOR_SPRINT__b8000__multidepot__e2-multidepot-50c-01__LNS_REFERENCE__seed3", "status": "OK", "time": 1783347941.683329}
{"event": "task_complete", "run_id": "SELECTOR_SPRINT__b8000__multidepot__e2-multidepot-75c-01__A0_MAIN_LOCAL_SEARCH__seed1", "status": "OK", "time": 1783347982.870419}
{"event": "task_complete", "run_id": "SELECTOR_SPRINT__b8000__multidepot__e2-multidepot-75c-01__A4_BALANCED_SELECTOR_LOCAL_SEARCH__seed1", "status": "OK", "time": 1783348090.909971}
{"event": "task_complete", "run_id": "SELECTOR_SPRINT__b8000__multidepot__e2-multidepot-75c-01__A6_THOMPSON_SELECTOR_LOCAL_SEARCH__seed1", "status": "OK", "time": 1783348279.314496}
{"event": "task_complete", "run_id": "SELECTOR_SPRINT__b8000__multidepot__e2-multidepot-75c-01__A5_EPS_DECAY_SELECTOR_LOCAL_SEARCH__seed1", "status": "OK", "time": 1783348319.4842281}
{"event": "task_complete", "run_id": "SELECTOR_SPRINT__b8000__multidepot__e2-multidepot-75c-01__A7_SOFTMAX_SELECTOR_LOCAL_SEARCH__seed1", "status": "OK", "time": 1783348452.6147509}
{"event": "task_complete", "run_id": "SELECTOR_SPRINT__b8000__multidepot__e2-multidepot-75c-01__LNS_REFERENCE__seed1", "status": "OK", "time": 1783348651.7434251}
{"event": "task_complete", "run_id": "SELECTOR_SPRINT__b8000__multidepot__e2-multidepot-75c-01__A0_MAIN_LOCAL_SEARCH__seed2", "status": "OK", "time": 1783348720.61356}
{"event": "task_complete", "run_id": "SELECTOR_SPRINT__b8000__multidepot__e2-multidepot-75c-01__A4_BALANCED_SELECTOR_LOCAL_SEARCH__seed2", "status": "OK", "time": 1783348860.5399702}
{"event": "task_complete", "run_id": "SELECTOR_SPRINT__b8000__multidepot__e2-multidepot-75c-01__A6_THOMPSON_SELECTOR_LOCAL_SEARCH__seed2", "status": "OK", "time": 1783349019.088093}
{"event": "task_complete", "run_id": "SELECTOR_SPRINT__b8000__multidepot__e2-multidepot-75c-01__A5_EPS_DECAY_SELECTOR_LOCAL_SEARCH__seed2", "status": "OK", "time": 1783349038.286945}
{"event": "task_complete", "run_id": "SELECTOR_SPRINT__b8000__multidepot__e2-multidepot-75c-01__A7_SOFTMAX_SELECTOR_LOCAL_SEARCH__seed2", "status": "OK", "time": 1783349210.9380019}
{"event": "task_complete", "run_id": "SELECTOR_SPRINT__b8000__multidepot__e2-multidepot-75c-01__A0_MAIN_LOCAL_SEARCH__seed3", "status": "OK", "time": 1783349321.2043781}
{"event": "task_complete", "run_id": "SELECTOR_SPRINT__b8000__multidepot__e2-multidepot-75c-01__LNS_REFERENCE__seed2", "status": "OK", "time": 1783349336.1992269}
{"event": "task_complete", "run_id": "SELECTOR_SPRINT__b8000__multidepot__e2-multidepot-75c-01__A4_BALANCED_SELECTOR_LOCAL_SEARCH__seed3", "status": "OK", "time": 1783349437.631946}
{"event": "task_complete", "run_id": "SELECTOR_SPRINT__b8000__multidepot__e2-multidepot-75c-01__A6_THOMPSON_SELECTOR_LOCAL_SEARCH__seed3", "status": "OK", "time": 1783349591.816378}
{"event": "task_complete", "run_id": "SELECTOR_SPRINT__b8000__multidepot__e2-multidepot-75c-01__A5_EPS_DECAY_SELECTOR_LOCAL_SEARCH__seed3", "status": "OK", "time": 1783349593.740436}
{"event": "task_complete", "run_id": "SELECTOR_SPRINT__b8000__multidepot__e2-multidepot-75c-01__A7_SOFTMAX_SELECTOR_LOCAL_SEARCH__seed3", "status": "OK", "time": 1783349642.544597}
{"event": "task_complete", "run_id": "SELECTOR_SPRINT__b8000__multidepot__e2-multidepot-75c-01__LNS_REFERENCE__seed3", "status": "OK", "time": 1783349892.262762}
{"event": "task_complete", "run_id": "SELECTOR_SPRINT__b8000__threeshift__e2-threeshift-100c-01__A0_MAIN_LOCAL_SEARCH__seed1", "status": "OK", "time": 1783350057.45996}
{"event": "task_complete", "run_id": "SELECTOR_SPRINT__b8000__threeshift__e2-threeshift-100c-01__A4_BALANCED_SELECTOR_LOCAL_SEARCH__seed1", "status": "OK", "time": 1783350091.186949}
{"event": "task_complete", "run_id": "SELECTOR_SPRINT__b8000__threeshift__e2-threeshift-100c-01__A5_EPS_DECAY_SELECTOR_LOCAL_SEARCH__seed1", "status": "OK", "time": 1783350440.4430342}
{"event": "task_complete", "run_id": "SELECTOR_SPRINT__b8000__threeshift__e2-threeshift-100c-01__A6_THOMPSON_SELECTOR_LOCAL_SEARCH__seed1", "status": "OK", "time": 1783350475.843164}
{"event": "task_complete", "run_id": "SELECTOR_SPRINT__b8000__threeshift__e2-threeshift-100c-01__A7_SOFTMAX_SELECTOR_LOCAL_SEARCH__seed1", "status": "OK", "time": 1783350606.687563}
{"event": "task_complete", "run_id": "SELECTOR_SPRINT__b8000__threeshift__e2-threeshift-100c-01__LNS_REFERENCE__seed1", "status": "OK", "time": 1783350835.735308}
{"event": "task_complete", "run_id": "SELECTOR_SPRINT__b8000__threeshift__e2-threeshift-100c-01__A0_MAIN_LOCAL_SEARCH__seed2", "status": "OK", "time": 1783351034.3746629}
{"event": "task_complete", "run_id": "SELECTOR_SPRINT__b8000__threeshift__e2-threeshift-100c-01__A4_BALANCED_SELECTOR_LOCAL_SEARCH__seed2", "status": "OK", "time": 1783351177.557033}
{"event": "task_complete", "run_id": "SELECTOR_SPRINT__b8000__threeshift__e2-threeshift-100c-01__A5_EPS_DECAY_SELECTOR_LOCAL_SEARCH__seed2", "status": "OK", "time": 1783351404.834688}
{"event": "task_complete", "run_id": "SELECTOR_SPRINT__b8000__threeshift__e2-threeshift-100c-01__A6_THOMPSON_SELECTOR_LOCAL_SEARCH__seed2", "status": "OK", "time": 1783351509.883171}
{"event": "task_complete", "run_id": "SELECTOR_SPRINT__b8000__threeshift__e2-threeshift-100c-01__A7_SOFTMAX_SELECTOR_LOCAL_SEARCH__seed2", "status": "OK", "time": 1783351552.962015}
{"event": "task_complete", "run_id": "SELECTOR_SPRINT__b8000__threeshift__e2-threeshift-100c-01__LNS_REFERENCE__seed2", "status": "OK", "time": 1783351856.849131}
{"event": "task_complete", "run_id": "SELECTOR_SPRINT__b8000__threeshift__e2-threeshift-100c-01__A4_BALANCED_SELECTOR_LOCAL_SEARCH__seed3", "status": "OK", "time": 1783352148.131354}
{"event": "task_complete", "run_id": "SELECTOR_SPRINT__b8000__threeshift__e2-threeshift-100c-01__A0_MAIN_LOCAL_SEARCH__seed3", "status": "OK", "time": 1783352244.916998}
{"event": "task_complete", "run_id": "SELECTOR_SPRINT__b8000__threeshift__e2-threeshift-100c-01__A5_EPS_DECAY_SELECTOR_LOCAL_SEARCH__seed3", "status": "OK", "time": 1783352431.1804469}
{"event": "task_complete", "run_id": "SELECTOR_SPRINT__b8000__threeshift__e2-threeshift-100c-01__A6_THOMPSON_SELECTOR_LOCAL_SEARCH__seed3", "status": "OK", "time": 1783352594.530974}
{"event": "task_complete", "run_id": "SELECTOR_SPRINT__b8000__threeshift__e2-threeshift-100c-01__A7_SOFTMAX_SELECTOR_LOCAL_SEARCH__seed3", "status": "OK", "time": 1783352725.427882}
{"event": "task_complete", "run_id": "SELECTOR_SPRINT__b8000__threeshift__e2-threeshift-100c-01__LNS_REFERENCE__seed3", "status": "OK", "time": 1783352832.039465}
{"event": "task_complete", "run_id": "SELECTOR_SPRINT__b8000__threeshift__e2-threeshift-150c-01__A0_MAIN_LOCAL_SEARCH__seed1", "status": "OK", "time": 1783353039.3265312}
{"event": "task_complete", "run_id": "SELECTOR_SPRINT__b8000__threeshift__e2-threeshift-150c-01__A4_BALANCED_SELECTOR_LOCAL_SEARCH__seed1", "status": "OK", "time": 1783353253.1050181}
{"event": "task_complete", "run_id": "SELECTOR_SPRINT__b8000__threeshift__e2-threeshift-150c-01__A5_EPS_DECAY_SELECTOR_LOCAL_SEARCH__seed1", "status": "OK", "time": 1783353514.653759}
{"event": "task_complete", "run_id": "SELECTOR_SPRINT__b8000__threeshift__e2-threeshift-150c-01__A6_THOMPSON_SELECTOR_LOCAL_SEARCH__seed1", "status": "OK", "time": 1783353708.7811358}
{"event": "task_complete", "run_id": "SELECTOR_SPRINT__b8000__threeshift__e2-threeshift-150c-01__A7_SOFTMAX_SELECTOR_LOCAL_SEARCH__seed1", "status": "OK", "time": 1783353935.091102}
{"event": "task_complete", "run_id": "SELECTOR_SPRINT__b8000__threeshift__e2-threeshift-150c-01__LNS_REFERENCE__seed1", "status": "OK", "time": 1783354040.3049972}
{"event": "task_complete", "run_id": "SELECTOR_SPRINT__b8000__threeshift__e2-threeshift-150c-01__A0_MAIN_LOCAL_SEARCH__seed2", "status": "OK", "time": 1783354134.659192}
{"event": "task_complete", "run_id": "SELECTOR_SPRINT__b8000__threeshift__e2-threeshift-150c-01__A4_BALANCED_SELECTOR_LOCAL_SEARCH__seed2", "status": "OK", "time": 1783354337.1432}
{"event": "task_complete", "run_id": "SELECTOR_SPRINT__b8000__threeshift__e2-threeshift-150c-01__A5_EPS_DECAY_SELECTOR_LOCAL_SEARCH__seed2", "status": "OK", "time": 1783354497.730992}
{"event": "task_complete", "run_id": "SELECTOR_SPRINT__b8000__threeshift__e2-threeshift-150c-01__A6_THOMPSON_SELECTOR_LOCAL_SEARCH__seed2", "status": "OK", "time": 1783354841.545565}
{"event": "task_complete", "run_id": "SELECTOR_SPRINT__b8000__threeshift__e2-threeshift-150c-01__A7_SOFTMAX_SELECTOR_LOCAL_SEARCH__seed2", "status": "OK", "time": 1783354983.377515}
{"event": "task_complete", "run_id": "SELECTOR_SPRINT__b8000__threeshift__e2-threeshift-150c-01__LNS_REFERENCE__seed2", "status": "OK", "time": 1783355070.0452712}
{"event": "task_complete", "run_id": "SELECTOR_SPRINT__b8000__threeshift__e2-threeshift-150c-01__A0_MAIN_LOCAL_SEARCH__seed3", "status": "OK", "time": 1783355412.609992}
{"event": "task_complete", "run_id": "SELECTOR_SPRINT__b8000__threeshift__e2-threeshift-150c-01__A4_BALANCED_SELECTOR_LOCAL_SEARCH__seed3", "status": "OK", "time": 1783355548.1085892}
{"event": "task_complete", "run_id": "SELECTOR_SPRINT__b8000__threeshift__e2-threeshift-150c-01__A5_EPS_DECAY_SELECTOR_LOCAL_SEARCH__seed3", "status": "OK", "time": 1783355571.979595}
{"event": "task_complete", "run_id": "SELECTOR_SPRINT__b8000__threeshift__e2-threeshift-150c-01__A6_THOMPSON_SELECTOR_LOCAL_SEARCH__seed3", "status": "OK", "time": 1783355965.03812}
{"event": "task_complete", "run_id": "SELECTOR_SPRINT__b8000__threeshift__e2-threeshift-150c-01__A7_SOFTMAX_SELECTOR_LOCAL_SEARCH__seed3", "status": "OK", "time": 1783356012.740644}
{"event": "task_complete", "run_id": "SELECTOR_SPRINT__b8000__threeshift__e2-threeshift-50c-01__A0_MAIN_LOCAL_SEARCH__seed1", "status": "OK", "time": 1783356134.386258}
{"event": "task_complete", "run_id": "SELECTOR_SPRINT__b8000__threeshift__e2-threeshift-50c-01__A4_BALANCED_SELECTOR_LOCAL_SEARCH__seed1", "status": "OK", "time": 1783356169.153186}
{"event": "task_complete", "run_id": "SELECTOR_SPRINT__b8000__threeshift__e2-threeshift-150c-01__LNS_REFERENCE__seed3", "status": "OK", "time": 1783356189.295409}
{"event": "task_complete", "run_id": "SELECTOR_SPRINT__b8000__threeshift__e2-threeshift-50c-01__A5_EPS_DECAY_SELECTOR_LOCAL_SEARCH__seed1", "status": "OK", "time": 1783356273.2449028}
{"event": "task_complete", "run_id": "SELECTOR_SPRINT__b8000__threeshift__e2-threeshift-50c-01__A6_THOMPSON_SELECTOR_LOCAL_SEARCH__seed1", "status": "OK", "time": 1783356316.094751}
{"event": "task_complete", "run_id": "SELECTOR_SPRINT__b8000__threeshift__e2-threeshift-50c-01__A7_SOFTMAX_SELECTOR_LOCAL_SEARCH__seed1", "status": "OK", "time": 1783356316.4050891}
{"event": "task_complete", "run_id": "SELECTOR_SPRINT__b8000__threeshift__e2-threeshift-50c-01__LNS_REFERENCE__seed1", "status": "OK", "time": 1783356480.593856}
{"event": "task_complete", "run_id": "SELECTOR_SPRINT__b8000__threeshift__e2-threeshift-50c-01__A4_BALANCED_SELECTOR_LOCAL_SEARCH__seed2", "status": "OK", "time": 1783356485.667409}
{"event": "task_complete", "run_id": "SELECTOR_SPRINT__b8000__threeshift__e2-threeshift-50c-01__A0_MAIN_LOCAL_SEARCH__seed2", "status": "OK", "time": 1783356492.039453}
{"event": "task_complete", "run_id": "SELECTOR_SPRINT__b8000__threeshift__e2-threeshift-50c-01__A6_THOMPSON_SELECTOR_LOCAL_SEARCH__seed2", "status": "OK", "time": 1783356632.145783}
{"event": "task_complete", "run_id": "SELECTOR_SPRINT__b8000__threeshift__e2-threeshift-50c-01__A7_SOFTMAX_SELECTOR_LOCAL_SEARCH__seed2", "status": "OK", "time": 1783356641.862154}
{"event": "task_complete", "run_id": "SELECTOR_SPRINT__b8000__threeshift__e2-threeshift-50c-01__A5_EPS_DECAY_SELECTOR_LOCAL_SEARCH__seed2", "status": "OK", "time": 1783356651.592361}
{"event": "task_complete", "run_id": "SELECTOR_SPRINT__b8000__threeshift__e2-threeshift-50c-01__A4_BALANCED_SELECTOR_LOCAL_SEARCH__seed3", "status": "OK", "time": 1783356784.4680052}
{"event": "task_complete", "run_id": "SELECTOR_SPRINT__b8000__threeshift__e2-threeshift-50c-01__A0_MAIN_LOCAL_SEARCH__seed3", "status": "OK", "time": 1783356824.166975}
{"event": "task_complete", "run_id": "SELECTOR_SPRINT__b8000__threeshift__e2-threeshift-50c-01__LNS_REFERENCE__seed2", "status": "OK", "time": 1783356860.444522}
{"event": "task_complete", "run_id": "SELECTOR_SPRINT__b8000__threeshift__e2-threeshift-50c-01__A5_EPS_DECAY_SELECTOR_LOCAL_SEARCH__seed3", "status": "OK", "time": 1783356914.289213}
{"event": "task_complete", "run_id": "SELECTOR_SPRINT__b8000__threeshift__e2-threeshift-50c-01__A6_THOMPSON_SELECTOR_LOCAL_SEARCH__seed3", "status": "OK", "time": 1783356956.7100449}
{"event": "task_complete", "run_id": "SELECTOR_SPRINT__b8000__threeshift__e2-threeshift-50c-01__A7_SOFTMAX_SELECTOR_LOCAL_SEARCH__seed3", "status": "OK", "time": 1783356984.8037682}
{"event": "task_complete", "run_id": "SELECTOR_SPRINT__b8000__threeshift__e2-threeshift-50c-01__LNS_REFERENCE__seed3", "status": "OK", "time": 1783357120.5825841}
{"event": "task_complete", "run_id": "SELECTOR_SPRINT__b8000__threeshift__e2-threeshift-75c-01__A0_MAIN_LOCAL_SEARCH__seed1", "status": "OK", "time": 1783357234.068657}
{"event": "task_complete", "run_id": "SELECTOR_SPRINT__b8000__threeshift__e2-threeshift-75c-01__A4_BALANCED_SELECTOR_LOCAL_SEARCH__seed1", "status": "OK", "time": 1783357322.640735}
{"event": "task_complete", "run_id": "SELECTOR_SPRINT__b8000__threeshift__e2-threeshift-75c-01__A5_EPS_DECAY_SELECTOR_LOCAL_SEARCH__seed1", "status": "OK", "time": 1783357413.681681}
{"event": "task_complete", "run_id": "SELECTOR_SPRINT__b8000__threeshift__e2-threeshift-75c-01__A6_THOMPSON_SELECTOR_LOCAL_SEARCH__seed1", "status": "OK", "time": 1783357657.157635}
{"event": "task_complete", "run_id": "SELECTOR_SPRINT__b8000__threeshift__e2-threeshift-75c-01__A7_SOFTMAX_SELECTOR_LOCAL_SEARCH__seed1", "status": "OK", "time": 1783357662.423064}
{"event": "task_complete", "run_id": "SELECTOR_SPRINT__b8000__threeshift__e2-threeshift-75c-01__LNS_REFERENCE__seed1", "status": "OK", "time": 1783357720.6557708}
{"event": "task_complete", "run_id": "SELECTOR_SPRINT__b8000__threeshift__e2-threeshift-75c-01__A4_BALANCED_SELECTOR_LOCAL_SEARCH__seed2", "status": "OK", "time": 1783357922.2804182}
{"event": "task_complete", "run_id": "SELECTOR_SPRINT__b8000__threeshift__e2-threeshift-75c-01__A5_EPS_DECAY_SELECTOR_LOCAL_SEARCH__seed2", "status": "OK", "time": 1783357985.500113}
{"event": "task_complete", "run_id": "SELECTOR_SPRINT__b8000__threeshift__e2-threeshift-75c-01__A0_MAIN_LOCAL_SEARCH__seed2", "status": "OK", "time": 1783358036.523668}
{"event": "task_complete", "run_id": "SELECTOR_SPRINT__b8000__threeshift__e2-threeshift-75c-01__A6_THOMPSON_SELECTOR_LOCAL_SEARCH__seed2", "status": "OK", "time": 1783358205.40027}
{"event": "task_complete", "run_id": "SELECTOR_SPRINT__b8000__threeshift__e2-threeshift-75c-01__A7_SOFTMAX_SELECTOR_LOCAL_SEARCH__seed2", "status": "OK", "time": 1783358289.0959492}
{"event": "task_complete", "run_id": "SELECTOR_SPRINT__b8000__threeshift__e2-threeshift-75c-01__LNS_REFERENCE__seed2", "status": "OK", "time": 1783358330.771146}
{"event": "task_complete", "run_id": "SELECTOR_SPRINT__b8000__threeshift__e2-threeshift-75c-01__A0_MAIN_LOCAL_SEARCH__seed3", "status": "OK", "time": 1783358546.279548}
{"event": "task_complete", "run_id": "SELECTOR_SPRINT__b8000__threeshift__e2-threeshift-75c-01__A4_BALANCED_SELECTOR_LOCAL_SEARCH__seed3", "status": "OK", "time": 1783358550.93128}
{"event": "task_complete", "run_id": "SELECTOR_SPRINT__b8000__threeshift__e2-threeshift-75c-01__A5_EPS_DECAY_SELECTOR_LOCAL_SEARCH__seed3", "status": "OK", "time": 1783358647.415853}
{"event": "task_complete", "run_id": "SELECTOR_SPRINT__b8000__threeshift__e2-threeshift-75c-01__A7_SOFTMAX_SELECTOR_LOCAL_SEARCH__seed3", "status": "OK", "time": 1783358889.749977}
{"event": "task_complete", "run_id": "SELECTOR_SPRINT__b8000__threeshift__e2-threeshift-75c-01__LNS_REFERENCE__seed3", "status": "OK", "time": 1783358947.156091}
{"event": "task_complete", "run_id": "SELECTOR_SPRINT__b8000__threeshift__e2-threeshift-75c-01__A6_THOMPSON_SELECTOR_LOCAL_SEARCH__seed3", "status": "OK", "time": 1783358984.612767}
{"event": "task_complete", "run_id": "SELECTOR_SPRINT__b8000__vanilla__e2-vanilla-100c-01__A0_MAIN_LOCAL_SEARCH__seed1", "status": "OK", "time": 1783359233.341472}
{"event": "task_complete", "run_id": "SELECTOR_SPRINT__b8000__vanilla__e2-vanilla-100c-01__A4_BALANCED_SELECTOR_LOCAL_SEARCH__seed1", "status": "OK", "time": 1783359382.2556958}
{"event": "task_complete", "run_id": "SELECTOR_SPRINT__b8000__vanilla__e2-vanilla-100c-01__A5_EPS_DECAY_SELECTOR_LOCAL_SEARCH__seed1", "status": "OK", "time": 1783359425.308684}
{"event": "task_complete", "run_id": "SELECTOR_SPRINT__b8000__vanilla__e2-vanilla-100c-01__A6_THOMPSON_SELECTOR_LOCAL_SEARCH__seed1", "status": "OK", "time": 1783359675.6164339}
{"event": "task_complete", "run_id": "SELECTOR_SPRINT__b8000__vanilla__e2-vanilla-100c-01__A7_SOFTMAX_SELECTOR_LOCAL_SEARCH__seed1", "status": "OK", "time": 1783359781.388323}
{"event": "task_complete", "run_id": "SELECTOR_SPRINT__b8000__vanilla__e2-vanilla-100c-01__LNS_REFERENCE__seed1", "status": "OK", "time": 1783359862.939631}
{"event": "task_complete", "run_id": "SELECTOR_SPRINT__b8000__vanilla__e2-vanilla-100c-01__A0_MAIN_LOCAL_SEARCH__seed2", "status": "OK", "time": 1783360121.530659}
{"event": "task_complete", "run_id": "SELECTOR_SPRINT__b8000__vanilla__e2-vanilla-100c-01__A4_BALANCED_SELECTOR_LOCAL_SEARCH__seed2", "status": "OK", "time": 1783360177.7129889}
{"event": "task_complete", "run_id": "SELECTOR_SPRINT__b8000__vanilla__e2-vanilla-100c-01__A5_EPS_DECAY_SELECTOR_LOCAL_SEARCH__seed2", "status": "OK", "time": 1783360284.3999648}
{"event": "task_complete", "run_id": "SELECTOR_SPRINT__b8000__vanilla__e2-vanilla-100c-01__A6_THOMPSON_SELECTOR_LOCAL_SEARCH__seed2", "status": "OK", "time": 1783360483.470162}
{"event": "task_complete", "run_id": "SELECTOR_SPRINT__b8000__vanilla__e2-vanilla-100c-01__A7_SOFTMAX_SELECTOR_LOCAL_SEARCH__seed2", "status": "OK", "time": 1783360530.2832582}
{"event": "task_complete", "run_id": "SELECTOR_SPRINT__b8000__vanilla__e2-vanilla-100c-01__LNS_REFERENCE__seed2", "status": "OK", "time": 1783360651.460993}
{"event": "task_complete", "run_id": "SELECTOR_SPRINT__b8000__vanilla__e2-vanilla-100c-01__A0_MAIN_LOCAL_SEARCH__seed3", "status": "OK", "time": 1783360866.956545}
{"event": "task_complete", "run_id": "SELECTOR_SPRINT__b8000__vanilla__e2-vanilla-100c-01__A4_BALANCED_SELECTOR_LOCAL_SEARCH__seed3", "status": "OK", "time": 1783360956.710398}
{"event": "task_complete", "run_id": "SELECTOR_SPRINT__b8000__vanilla__e2-vanilla-100c-01__A5_EPS_DECAY_SELECTOR_LOCAL_SEARCH__seed3", "status": "OK", "time": 1783361063.921831}
{"event": "task_complete", "run_id": "SELECTOR_SPRINT__b8000__vanilla__e2-vanilla-100c-01__A6_THOMPSON_SELECTOR_LOCAL_SEARCH__seed3", "status": "OK", "time": 1783361247.372492}
{"event": "task_complete", "run_id": "SELECTOR_SPRINT__b8000__vanilla__e2-vanilla-100c-01__A7_SOFTMAX_SELECTOR_LOCAL_SEARCH__seed3", "status": "OK", "time": 1783361277.386823}
{"event": "task_complete", "run_id": "SELECTOR_SPRINT__b8000__vanilla__e2-vanilla-100c-01__LNS_REFERENCE__seed3", "status": "OK", "time": 1783361443.837465}
{"event": "task_complete", "run_id": "SELECTOR_SPRINT__b8000__vanilla__e2-vanilla-150c-01__A4_BALANCED_SELECTOR_LOCAL_SEARCH__seed1", "status": "OK", "time": 1783361898.3185}
{"event": "task_complete", "run_id": "SELECTOR_SPRINT__b8000__vanilla__e2-vanilla-150c-01__A0_MAIN_LOCAL_SEARCH__seed1", "status": "OK", "time": 1783362100.481364}
{"event": "task_complete", "run_id": "SELECTOR_SPRINT__b8000__vanilla__e2-vanilla-150c-01__A5_EPS_DECAY_SELECTOR_LOCAL_SEARCH__seed1", "status": "OK", "time": 1783362201.332351}
{"event": "task_complete", "run_id": "SELECTOR_SPRINT__b8000__vanilla__e2-vanilla-150c-01__A7_SOFTMAX_SELECTOR_LOCAL_SEARCH__seed1", "status": "OK", "time": 1783362649.438755}
{"event": "task_complete", "run_id": "SELECTOR_SPRINT__b8000__vanilla__e2-vanilla-150c-01__A6_THOMPSON_SELECTOR_LOCAL_SEARCH__seed1", "status": "OK", "time": 1783362882.4637492}
{"event": "task_complete", "run_id": "SELECTOR_SPRINT__b8000__vanilla__e2-vanilla-150c-01__LNS_REFERENCE__seed1", "status": "OK", "time": 1783363009.806635}
{"event": "task_complete", "run_id": "SELECTOR_SPRINT__b8000__vanilla__e2-vanilla-150c-01__A4_BALANCED_SELECTOR_LOCAL_SEARCH__seed2", "status": "OK", "time": 1783363463.619012}
{"event": "task_complete", "run_id": "SELECTOR_SPRINT__b8000__vanilla__e2-vanilla-150c-01__A0_MAIN_LOCAL_SEARCH__seed2", "status": "OK", "time": 1783363545.678667}
{"event": "task_complete", "run_id": "SELECTOR_SPRINT__b8000__vanilla__e2-vanilla-150c-01__A5_EPS_DECAY_SELECTOR_LOCAL_SEARCH__seed2", "status": "OK", "time": 1783364044.233771}
{"event": "task_complete", "run_id": "SELECTOR_SPRINT__b8000__vanilla__e2-vanilla-150c-01__A6_THOMPSON_SELECTOR_LOCAL_SEARCH__seed2", "status": "OK", "time": 1783364402.7916899}
{"event": "task_complete", "run_id": "SELECTOR_SPRINT__b8000__vanilla__e2-vanilla-150c-01__A7_SOFTMAX_SELECTOR_LOCAL_SEARCH__seed2", "status": "OK", "time": 1783364432.633763}
{"event": "task_complete", "run_id": "SELECTOR_SPRINT__b8000__vanilla__e2-vanilla-150c-01__LNS_REFERENCE__seed2", "status": "OK", "time": 1783364756.708629}
{"event": "task_complete", "run_id": "SELECTOR_SPRINT__b8000__vanilla__e2-vanilla-150c-01__A4_BALANCED_SELECTOR_LOCAL_SEARCH__seed3", "status": "OK", "time": 1783364971.277355}
{"event": "task_complete", "run_id": "SELECTOR_SPRINT__b8000__vanilla__e2-vanilla-150c-01__A0_MAIN_LOCAL_SEARCH__seed3", "status": "OK", "time": 1783365201.6918771}
{"event": "task_complete", "run_id": "SELECTOR_SPRINT__b8000__vanilla__e2-vanilla-150c-01__A5_EPS_DECAY_SELECTOR_LOCAL_SEARCH__seed3", "status": "OK", "time": 1783365374.6177778}
{"event": "task_complete", "run_id": "SELECTOR_SPRINT__b8000__vanilla__e2-vanilla-150c-01__A6_THOMPSON_SELECTOR_LOCAL_SEARCH__seed3", "status": "OK", "time": 1783365541.205781}
{"event": "task_complete", "run_id": "SELECTOR_SPRINT__b8000__vanilla__e2-vanilla-15c-01__A0_MAIN_LOCAL_SEARCH__seed1", "status": "OK", "time": 1783365559.805197}
{"event": "task_complete", "run_id": "SELECTOR_SPRINT__b8000__vanilla__e2-vanilla-15c-01__A4_BALANCED_SELECTOR_LOCAL_SEARCH__seed1", "status": "OK", "time": 1783365581.356502}
{"event": "task_complete", "run_id": "SELECTOR_SPRINT__b8000__vanilla__e2-vanilla-15c-01__A5_EPS_DECAY_SELECTOR_LOCAL_SEARCH__seed1", "status": "OK", "time": 1783365603.296146}
{"event": "task_complete", "run_id": "SELECTOR_SPRINT__b8000__vanilla__e2-vanilla-15c-01__A6_THOMPSON_SELECTOR_LOCAL_SEARCH__seed1", "status": "OK", "time": 1783365612.9163892}
{"event": "task_complete", "run_id": "SELECTOR_SPRINT__b8000__vanilla__e2-vanilla-15c-01__A7_SOFTMAX_SELECTOR_LOCAL_SEARCH__seed1", "status": "OK", "time": 1783365627.959244}
{"event": "task_complete", "run_id": "SELECTOR_SPRINT__b8000__vanilla__e2-vanilla-15c-01__LNS_REFERENCE__seed1", "status": "OK", "time": 1783365641.1441631}
{"event": "task_complete", "run_id": "SELECTOR_SPRINT__b8000__vanilla__e2-vanilla-15c-01__A0_MAIN_LOCAL_SEARCH__seed2", "status": "OK", "time": 1783365651.125622}
{"event": "task_complete", "run_id": "SELECTOR_SPRINT__b8000__vanilla__e2-vanilla-15c-01__A4_BALANCED_SELECTOR_LOCAL_SEARCH__seed2", "status": "OK", "time": 1783365659.6499672}
{"event": "task_complete", "run_id": "SELECTOR_SPRINT__b8000__vanilla__e2-vanilla-15c-01__A5_EPS_DECAY_SELECTOR_LOCAL_SEARCH__seed2", "status": "OK", "time": 1783365668.8706791}
{"event": "task_complete", "run_id": "SELECTOR_SPRINT__b8000__vanilla__e2-vanilla-15c-01__A6_THOMPSON_SELECTOR_LOCAL_SEARCH__seed2", "status": "OK", "time": 1783365678.1812391}
{"event": "task_complete", "run_id": "SELECTOR_SPRINT__b8000__vanilla__e2-vanilla-15c-01__A7_SOFTMAX_SELECTOR_LOCAL_SEARCH__seed2", "status": "OK", "time": 1783365692.773768}
{"event": "task_complete", "run_id": "SELECTOR_SPRINT__b8000__vanilla__e2-vanilla-15c-01__LNS_REFERENCE__seed2", "status": "OK", "time": 1783365705.6048179}
{"event": "task_complete", "run_id": "SELECTOR_SPRINT__b8000__vanilla__e2-vanilla-15c-01__A0_MAIN_LOCAL_SEARCH__seed3", "status": "OK", "time": 1783365724.605806}
{"event": "task_complete", "run_id": "SELECTOR_SPRINT__b8000__vanilla__e2-vanilla-15c-01__A4_BALANCED_SELECTOR_LOCAL_SEARCH__seed3", "status": "OK", "time": 1783365747.484019}
{"event": "task_complete", "run_id": "SELECTOR_SPRINT__b8000__vanilla__e2-vanilla-150c-01__A7_SOFTMAX_SELECTOR_LOCAL_SEARCH__seed3", "status": "OK", "time": 1783365750.247624}
{"event": "task_complete", "run_id": "SELECTOR_SPRINT__b8000__vanilla__e2-vanilla-15c-01__A6_THOMPSON_SELECTOR_LOCAL_SEARCH__seed3", "status": "OK", "time": 1783365762.204822}
{"event": "task_complete", "run_id": "SELECTOR_SPRINT__b8000__vanilla__e2-vanilla-15c-01__A7_SOFTMAX_SELECTOR_LOCAL_SEARCH__seed3", "status": "OK", "time": 1783365768.954085}
{"event": "task_complete", "run_id": "SELECTOR_SPRINT__b8000__vanilla__e2-vanilla-15c-01__A5_EPS_DECAY_SELECTOR_LOCAL_SEARCH__seed3", "status": "OK", "time": 1783365770.860099}
{"event": "task_complete", "run_id": "SELECTOR_SPRINT__b8000__vanilla__e2-vanilla-15c-01__LNS_REFERENCE__seed3", "status": "OK", "time": 1783365782.298296}
{"event": "task_complete", "run_id": "SELECTOR_SPRINT__b8000__vanilla__e2-vanilla-25c-01__A0_MAIN_LOCAL_SEARCH__seed1", "status": "OK", "time": 1783365789.467686}
{"event": "task_complete", "run_id": "SELECTOR_SPRINT__b8000__vanilla__e2-vanilla-25c-01__A4_BALANCED_SELECTOR_LOCAL_SEARCH__seed1", "status": "OK", "time": 1783365800.491136}
{"event": "task_complete", "run_id": "SELECTOR_SPRINT__b8000__vanilla__e2-vanilla-25c-01__A5_EPS_DECAY_SELECTOR_LOCAL_SEARCH__seed1", "status": "OK", "time": 1783365807.1977751}
{"event": "task_complete", "run_id": "SELECTOR_SPRINT__b8000__vanilla__e2-vanilla-25c-01__A6_THOMPSON_SELECTOR_LOCAL_SEARCH__seed1", "status": "OK", "time": 1783365816.518451}
{"event": "task_complete", "run_id": "SELECTOR_SPRINT__b8000__vanilla__e2-vanilla-25c-01__A7_SOFTMAX_SELECTOR_LOCAL_SEARCH__seed1", "status": "OK", "time": 1783365824.022971}
{"event": "task_complete", "run_id": "SELECTOR_SPRINT__b8000__vanilla__e2-vanilla-25c-01__A0_MAIN_LOCAL_SEARCH__seed2", "status": "OK", "time": 1783365841.580152}
{"event": "task_complete", "run_id": "SELECTOR_SPRINT__b8000__vanilla__e2-vanilla-25c-01__A4_BALANCED_SELECTOR_LOCAL_SEARCH__seed2", "status": "OK", "time": 1783365859.1696908}
{"event": "task_complete", "run_id": "SELECTOR_SPRINT__b8000__vanilla__e2-vanilla-25c-01__A5_EPS_DECAY_SELECTOR_LOCAL_SEARCH__seed2", "status": "OK", "time": 1783365877.1137888}
{"event": "task_complete", "run_id": "SELECTOR_SPRINT__b8000__vanilla__e2-vanilla-25c-01__LNS_REFERENCE__seed1", "status": "OK", "time": 1783365880.4836109}
{"event": "task_complete", "run_id": "SELECTOR_SPRINT__b8000__vanilla__e2-vanilla-25c-01__A6_THOMPSON_SELECTOR_LOCAL_SEARCH__seed2", "status": "OK", "time": 1783365893.50179}
{"event": "task_complete", "run_id": "SELECTOR_SPRINT__b8000__vanilla__e2-vanilla-25c-01__A7_SOFTMAX_SELECTOR_LOCAL_SEARCH__seed2", "status": "OK", "time": 1783365896.5819929}
{"event": "task_complete", "run_id": "SELECTOR_SPRINT__b8000__vanilla__e2-vanilla-25c-01__A0_MAIN_LOCAL_SEARCH__seed3", "status": "OK", "time": 1783365913.826884}
{"event": "task_complete", "run_id": "SELECTOR_SPRINT__b8000__vanilla__e2-vanilla-25c-01__A4_BALANCED_SELECTOR_LOCAL_SEARCH__seed3", "status": "OK", "time": 1783365933.7227478}
{"event": "task_complete", "run_id": "SELECTOR_SPRINT__b8000__vanilla__e2-vanilla-25c-01__A5_EPS_DECAY_SELECTOR_LOCAL_SEARCH__seed3", "status": "OK", "time": 1783365952.027442}
{"event": "task_complete", "run_id": "SELECTOR_SPRINT__b8000__vanilla__e2-vanilla-150c-01__LNS_REFERENCE__seed3", "status": "OK", "time": 1783365952.087984}
{"event": "task_complete", "run_id": "SELECTOR_SPRINT__b8000__vanilla__e2-vanilla-25c-01__LNS_REFERENCE__seed2", "status": "OK", "time": 1783365956.450925}
{"event": "task_complete", "run_id": "SELECTOR_SPRINT__b8000__vanilla__e2-vanilla-25c-01__A7_SOFTMAX_SELECTOR_LOCAL_SEARCH__seed3", "status": "OK", "time": 1783365968.748996}
{"event": "task_complete", "run_id": "SELECTOR_SPRINT__b8000__vanilla__e2-vanilla-25c-01__A6_THOMPSON_SELECTOR_LOCAL_SEARCH__seed3", "status": "OK", "time": 1783365970.228642}
{"event": "task_complete", "run_id": "SELECTOR_SPRINT__b8000__vanilla__e2-vanilla-25c-01__LNS_REFERENCE__seed3", "status": "OK", "time": 1783366020.403747}
{"event": "task_complete", "run_id": "SELECTOR_SPRINT__b8000__vanilla__e2-vanilla-50c-01__A4_BALANCED_SELECTOR_LOCAL_SEARCH__seed1", "status": "OK", "time": 1783366062.5966778}
{"event": "task_complete", "run_id": "SELECTOR_SPRINT__b8000__vanilla__e2-vanilla-50c-01__A0_MAIN_LOCAL_SEARCH__seed1", "status": "OK", "time": 1783366083.595778}
{"event": "task_complete", "run_id": "SELECTOR_SPRINT__b8000__vanilla__e2-vanilla-50c-01__A5_EPS_DECAY_SELECTOR_LOCAL_SEARCH__seed1", "status": "OK", "time": 1783366144.8065999}
{"event": "task_complete", "run_id": "SELECTOR_SPRINT__b8000__vanilla__e2-vanilla-50c-01__A6_THOMPSON_SELECTOR_LOCAL_SEARCH__seed1", "status": "OK", "time": 1783366163.496256}
{"event": "task_complete", "run_id": "SELECTOR_SPRINT__b8000__vanilla__e2-vanilla-50c-01__A7_SOFTMAX_SELECTOR_LOCAL_SEARCH__seed1", "status": "OK", "time": 1783366172.886375}
{"event": "task_complete", "run_id": "SELECTOR_SPRINT__b8000__vanilla__e2-vanilla-50c-01__A4_BALANCED_SELECTOR_LOCAL_SEARCH__seed2", "status": "OK", "time": 1783366253.089781}
{"event": "task_complete", "run_id": "SELECTOR_SPRINT__b8000__vanilla__e2-vanilla-50c-01__A0_MAIN_LOCAL_SEARCH__seed2", "status": "OK", "time": 1783366282.630653}
{"event": "task_complete", "run_id": "SELECTOR_SPRINT__b8000__vanilla__e2-vanilla-50c-01__A5_EPS_DECAY_SELECTOR_LOCAL_SEARCH__seed2", "status": "OK", "time": 1783366333.491477}
{"event": "task_complete", "run_id": "SELECTOR_SPRINT__b8000__vanilla__e2-vanilla-50c-01__LNS_REFERENCE__seed1", "status": "OK", "time": 1783366351.7146611}
{"event": "task_complete", "run_id": "SELECTOR_SPRINT__b8000__vanilla__e2-vanilla-50c-01__A6_THOMPSON_SELECTOR_LOCAL_SEARCH__seed2", "status": "OK", "time": 1783366361.0202172}
{"event": "task_complete", "run_id": "SELECTOR_SPRINT__b8000__vanilla__e2-vanilla-50c-01__A7_SOFTMAX_SELECTOR_LOCAL_SEARCH__seed2", "status": "OK", "time": 1783366424.965923}
{"event": "task_complete", "run_id": "SELECTOR_SPRINT__b8000__vanilla__e2-vanilla-50c-01__A0_MAIN_LOCAL_SEARCH__seed3", "status": "OK", "time": 1783366454.895031}
{"event": "task_complete", "run_id": "SELECTOR_SPRINT__b8000__vanilla__e2-vanilla-50c-01__A4_BALANCED_SELECTOR_LOCAL_SEARCH__seed3", "status": "OK", "time": 1783366507.384676}
{"event": "task_complete", "run_id": "SELECTOR_SPRINT__b8000__vanilla__e2-vanilla-50c-01__LNS_REFERENCE__seed2", "status": "OK", "time": 1783366547.661371}
{"event": "task_complete", "run_id": "SELECTOR_SPRINT__b8000__vanilla__e2-vanilla-50c-01__A5_EPS_DECAY_SELECTOR_LOCAL_SEARCH__seed3", "status": "OK", "time": 1783366575.7616231}
{"event": "task_complete", "run_id": "SELECTOR_SPRINT__b8000__vanilla__e2-vanilla-50c-01__A6_THOMPSON_SELECTOR_LOCAL_SEARCH__seed3", "status": "OK", "time": 1783366625.639215}
{"event": "task_complete", "run_id": "SELECTOR_SPRINT__b8000__vanilla__e2-vanilla-50c-01__A7_SOFTMAX_SELECTOR_LOCAL_SEARCH__seed3", "status": "OK", "time": 1783366660.590662}
{"event": "task_complete", "run_id": "SELECTOR_SPRINT__b8000__vanilla__e2-vanilla-50c-01__LNS_REFERENCE__seed3", "status": "OK", "time": 1783366715.697896}
{"budget": 8000, "event": "budget_complete", "rows": 288, "survivors": ["A6_THOMPSON_SELECTOR_LOCAL_SEARCH", "A7_SOFTMAX_SELECTOR_LOCAL_SEARCH"], "time": 1783366921.7784278}
{"event": "task_complete", "run_id": "SELECTOR_SPRINT__b16000__multidepot__e2-multidepot-100c-01__A0_MAIN_LOCAL_SEARCH__seed1", "status": "OK", "time": 1783367605.083096}
{"event": "task_complete", "run_id": "SELECTOR_SPRINT__b16000__multidepot__e2-multidepot-100c-01__A6_THOMPSON_SELECTOR_LOCAL_SEARCH__seed1", "status": "OK", "time": 1783367693.5320199}
{"event": "task_complete", "run_id": "SELECTOR_SPRINT__b16000__multidepot__e2-multidepot-100c-01__A7_SOFTMAX_SELECTOR_LOCAL_SEARCH__seed1", "status": "OK", "time": 1783367809.343701}
{"event": "task_complete", "run_id": "SELECTOR_SPRINT__b16000__multidepot__e2-multidepot-100c-01__A6_THOMPSON_SELECTOR_LOCAL_SEARCH__seed2", "status": "OK", "time": 1783368416.195887}
{"event": "task_complete", "run_id": "SELECTOR_SPRINT__b16000__multidepot__e2-multidepot-100c-01__LNS_REFERENCE__seed1", "status": "OK", "time": 1783368473.5052512}
{"event": "task_complete", "run_id": "SELECTOR_SPRINT__b16000__multidepot__e2-multidepot-100c-01__A0_MAIN_LOCAL_SEARCH__seed2", "status": "OK", "time": 1783368576.78998}
{"event": "task_complete", "run_id": "SELECTOR_SPRINT__b16000__multidepot__e2-multidepot-100c-01__A7_SOFTMAX_SELECTOR_LOCAL_SEARCH__seed2", "status": "OK", "time": 1783369215.0664089}
{"event": "task_complete", "run_id": "SELECTOR_SPRINT__b16000__multidepot__e2-multidepot-100c-01__LNS_REFERENCE__seed2", "status": "OK", "time": 1783369255.493264}
{"event": "task_complete", "run_id": "SELECTOR_SPRINT__b16000__multidepot__e2-multidepot-100c-01__A0_MAIN_LOCAL_SEARCH__seed3", "status": "OK", "time": 1783369505.9486358}
{"event": "task_complete", "run_id": "SELECTOR_SPRINT__b16000__multidepot__e2-multidepot-100c-01__A6_THOMPSON_SELECTOR_LOCAL_SEARCH__seed3", "status": "OK", "time": 1783369900.419179}
{"event": "task_complete", "run_id": "SELECTOR_SPRINT__b16000__multidepot__e2-multidepot-10c-01__A0_MAIN_LOCAL_SEARCH__seed1", "status": "OK", "time": 1783369927.0277472}
{"event": "task_complete", "run_id": "SELECTOR_SPRINT__b16000__multidepot__e2-multidepot-10c-01__A6_THOMPSON_SELECTOR_LOCAL_SEARCH__seed1", "status": "OK", "time": 1783369954.0636559}
{"event": "task_complete", "run_id": "SELECTOR_SPRINT__b16000__multidepot__e2-multidepot-10c-01__A7_SOFTMAX_SELECTOR_LOCAL_SEARCH__seed1", "status": "OK", "time": 1783369984.1994739}
{"event": "task_complete", "run_id": "SELECTOR_SPRINT__b16000__multidepot__e2-multidepot-10c-01__LNS_REFERENCE__seed1", "status": "OK", "time": 1783370012.9176252}
{"event": "task_complete", "run_id": "SELECTOR_SPRINT__b16000__multidepot__e2-multidepot-10c-01__A0_MAIN_LOCAL_SEARCH__seed2", "status": "OK", "time": 1783370075.3016782}
{"event": "task_complete", "run_id": "SELECTOR_SPRINT__b16000__multidepot__e2-multidepot-10c-01__A6_THOMPSON_SELECTOR_LOCAL_SEARCH__seed2", "status": "OK", "time": 1783370100.43156}
{"event": "task_complete", "run_id": "SELECTOR_SPRINT__b16000__multidepot__e2-multidepot-100c-01__A7_SOFTMAX_SELECTOR_LOCAL_SEARCH__seed3", "status": "OK", "time": 1783370104.933005}
{"event": "task_complete", "run_id": "SELECTOR_SPRINT__b16000__multidepot__e2-multidepot-10c-01__LNS_REFERENCE__seed2", "status": "OK", "time": 1783370132.612158}
{"event": "task_complete", "run_id": "SELECTOR_SPRINT__b16000__multidepot__e2-multidepot-10c-01__A7_SOFTMAX_SELECTOR_LOCAL_SEARCH__seed2", "status": "OK", "time": 1783370148.728398}
{"event": "task_complete", "run_id": "SELECTOR_SPRINT__b16000__multidepot__e2-multidepot-10c-01__A6_THOMPSON_SELECTOR_LOCAL_SEARCH__seed3", "status": "OK", "time": 1783370176.339102}
{"event": "task_complete", "run_id": "SELECTOR_SPRINT__b16000__multidepot__e2-multidepot-10c-01__A0_MAIN_LOCAL_SEARCH__seed3", "status": "OK", "time": 1783370196.1576169}
{"event": "task_complete", "run_id": "SELECTOR_SPRINT__b16000__multidepot__e2-multidepot-10c-01__A7_SOFTMAX_SELECTOR_LOCAL_SEARCH__seed3", "status": "OK", "time": 1783370205.999902}
{"event": "task_complete", "run_id": "SELECTOR_SPRINT__b16000__multidepot__e2-multidepot-10c-01__LNS_REFERENCE__seed3", "status": "OK", "time": 1783370221.3190799}
{"event": "task_complete", "run_id": "SELECTOR_SPRINT__b16000__multidepot__e2-multidepot-100c-01__LNS_REFERENCE__seed3", "status": "OK", "time": 1783370297.492116}
{"event": "task_complete", "run_id": "SELECTOR_SPRINT__b16000__multidepot__e2-multidepot-150c-01__A0_MAIN_LOCAL_SEARCH__seed1", "status": "OK", "time": 1783371004.867181}
{"event": "task_complete", "run_id": "SELECTOR_SPRINT__b16000__multidepot__e2-multidepot-150c-01__A6_THOMPSON_SELECTOR_LOCAL_SEARCH__seed1", "status": "OK", "time": 1783371953.629241}
{"event": "task_complete", "run_id": "SELECTOR_SPRINT__b16000__multidepot__e2-multidepot-150c-01__A7_SOFTMAX_SELECTOR_LOCAL_SEARCH__seed1", "status": "OK", "time": 1783372120.530036}
{"event": "task_complete", "run_id": "SELECTOR_SPRINT__b16000__multidepot__e2-multidepot-150c-01__LNS_REFERENCE__seed1", "status": "OK", "time": 1783372216.653226}
{"event": "task_complete", "run_id": "SELECTOR_SPRINT__b16000__multidepot__e2-multidepot-150c-01__A0_MAIN_LOCAL_SEARCH__seed2", "status": "OK", "time": 1783372827.502198}
{"event": "task_complete", "run_id": "SELECTOR_SPRINT__b16000__multidepot__e2-multidepot-150c-01__A7_SOFTMAX_SELECTOR_LOCAL_SEARCH__seed2", "status": "OK", "time": 1783373259.471124}
{"event": "task_complete", "run_id": "SELECTOR_SPRINT__b16000__multidepot__e2-multidepot-150c-01__A6_THOMPSON_SELECTOR_LOCAL_SEARCH__seed2", "status": "OK", "time": 1783373446.979145}
{"event": "task_complete", "run_id": "SELECTOR_SPRINT__b16000__multidepot__e2-multidepot-150c-01__LNS_REFERENCE__seed2", "status": "OK", "time": 1783374037.140446}
{"event": "task_complete", "run_id": "SELECTOR_SPRINT__b16000__multidepot__e2-multidepot-150c-01__A0_MAIN_LOCAL_SEARCH__seed3", "status": "OK", "time": 1783374175.253927}
{"event": "task_complete", "run_id": "SELECTOR_SPRINT__b16000__multidepot__e2-multidepot-150c-01__A6_THOMPSON_SELECTOR_LOCAL_SEARCH__seed3", "status": "OK", "time": 1783374946.6391208}
{"event": "task_complete", "run_id": "SELECTOR_SPRINT__b16000__multidepot__e2-multidepot-15c-01__A0_MAIN_LOCAL_SEARCH__seed1", "status": "OK", "time": 1783374961.8304472}
{"event": "task_complete", "run_id": "SELECTOR_SPRINT__b16000__multidepot__e2-multidepot-15c-01__A6_THOMPSON_SELECTOR_LOCAL_SEARCH__seed1", "status": "OK", "time": 1783374974.484868}
{"event": "task_complete", "run_id": "SELECTOR_SPRINT__b16000__multidepot__e2-multidepot-15c-01__A7_SOFTMAX_SELECTOR_LOCAL_SEARCH__seed1", "status": "OK", "time": 1783374986.737121}
{"event": "task_complete", "run_id": "SELECTOR_SPRINT__b16000__multidepot__e2-multidepot-15c-01__LNS_REFERENCE__seed1", "status": "OK", "time": 1783375011.281898}
{"event": "task_complete", "run_id": "SELECTOR_SPRINT__b16000__multidepot__e2-multidepot-15c-01__A0_MAIN_LOCAL_SEARCH__seed2", "status": "OK", "time": 1783375028.290292}
{"event": "task_complete", "run_id": "SELECTOR_SPRINT__b16000__multidepot__e2-multidepot-15c-01__A6_THOMPSON_SELECTOR_LOCAL_SEARCH__seed2", "status": "OK", "time": 1783375040.929368}
{"event": "task_complete", "run_id": "SELECTOR_SPRINT__b16000__multidepot__e2-multidepot-15c-01__A7_SOFTMAX_SELECTOR_LOCAL_SEARCH__seed2", "status": "OK", "time": 1783375051.719722}
{"event": "task_complete", "run_id": "SELECTOR_SPRINT__b16000__multidepot__e2-multidepot-15c-01__LNS_REFERENCE__seed2", "status": "OK", "time": 1783375076.165441}
{"event": "task_complete", "run_id": "SELECTOR_SPRINT__b16000__multidepot__e2-multidepot-15c-01__A0_MAIN_LOCAL_SEARCH__seed3", "status": "OK", "time": 1783375089.714933}
{"event": "task_complete", "run_id": "SELECTOR_SPRINT__b16000__multidepot__e2-multidepot-15c-01__A6_THOMPSON_SELECTOR_LOCAL_SEARCH__seed3", "status": "OK", "time": 1783375100.2252648}
{"event": "task_complete", "run_id": "SELECTOR_SPRINT__b16000__multidepot__e2-multidepot-15c-01__A7_SOFTMAX_SELECTOR_LOCAL_SEARCH__seed3", "status": "OK", "time": 1783375111.145922}
{"event": "task_complete", "run_id": "SELECTOR_SPRINT__b16000__multidepot__e2-multidepot-15c-01__LNS_REFERENCE__seed3", "status": "OK", "time": 1783375138.894498}
{"event": "task_complete", "run_id": "SELECTOR_SPRINT__b16000__multidepot__e2-multidepot-20c-01__A0_MAIN_LOCAL_SEARCH__seed1", "status": "OK", "time": 1783375165.750914}
{"event": "task_complete", "run_id": "SELECTOR_SPRINT__b16000__multidepot__e2-multidepot-20c-01__A6_THOMPSON_SELECTOR_LOCAL_SEARCH__seed1", "status": "OK", "time": 1783375192.719733}
{"event": "task_complete", "run_id": "SELECTOR_SPRINT__b16000__multidepot__e2-multidepot-20c-01__A7_SOFTMAX_SELECTOR_LOCAL_SEARCH__seed1", "status": "OK", "time": 1783375219.773831}
{"event": "task_complete", "run_id": "SELECTOR_SPRINT__b16000__multidepot__e2-multidepot-20c-01__LNS_REFERENCE__seed1", "status": "OK", "time": 1783375316.3827891}
{"event": "task_complete", "run_id": "SELECTOR_SPRINT__b16000__multidepot__e2-multidepot-20c-01__A0_MAIN_LOCAL_SEARCH__seed2", "status": "OK", "time": 1783375344.257468}
{"event": "task_complete", "run_id": "SELECTOR_SPRINT__b16000__multidepot__e2-multidepot-20c-01__A6_THOMPSON_SELECTOR_LOCAL_SEARCH__seed2", "status": "OK", "time": 1783375375.7985542}
{"event": "task_complete", "run_id": "SELECTOR_SPRINT__b16000__multidepot__e2-multidepot-20c-01__A7_SOFTMAX_SELECTOR_LOCAL_SEARCH__seed2", "status": "OK", "time": 1783375403.3818119}
{"event": "task_complete", "run_id": "SELECTOR_SPRINT__b16000__multidepot__e2-multidepot-150c-01__LNS_REFERENCE__seed3", "status": "OK", "time": 1783375441.605561}
{"event": "task_complete", "run_id": "SELECTOR_SPRINT__b16000__multidepot__e2-multidepot-150c-01__A7_SOFTMAX_SELECTOR_LOCAL_SEARCH__seed3", "status": "OK", "time": 1783375469.774848}
{"event": "task_complete", "run_id": "SELECTOR_SPRINT__b16000__multidepot__e2-multidepot-20c-01__A0_MAIN_LOCAL_SEARCH__seed3", "status": "OK", "time": 1783375471.0131252}
{"event": "task_complete", "run_id": "SELECTOR_SPRINT__b16000__multidepot__e2-multidepot-20c-01__LNS_REFERENCE__seed2", "status": "OK", "time": 1783375482.2682061}
{"event": "task_complete", "run_id": "SELECTOR_SPRINT__b16000__multidepot__e2-multidepot-20c-01__A7_SOFTMAX_SELECTOR_LOCAL_SEARCH__seed3", "status": "OK", "time": 1783375498.098748}
{"event": "task_complete", "run_id": "SELECTOR_SPRINT__b16000__multidepot__e2-multidepot-20c-01__A6_THOMPSON_SELECTOR_LOCAL_SEARCH__seed3", "status": "OK", "time": 1783375502.912817}
{"event": "task_complete", "run_id": "SELECTOR_SPRINT__b16000__multidepot__e2-multidepot-20c-01__LNS_REFERENCE__seed3", "status": "OK", "time": 1783375561.327879}
{"event": "task_complete", "run_id": "SELECTOR_SPRINT__b16000__multidepot__e2-multidepot-50c-01__A6_THOMPSON_SELECTOR_LOCAL_SEARCH__seed1", "status": "OK", "time": 1783375719.295724}
{"event": "task_complete", "run_id": "SELECTOR_SPRINT__b16000__multidepot__e2-multidepot-50c-01__A0_MAIN_LOCAL_SEARCH__seed1", "status": "OK", "time": 1783375727.1457422}
{"event": "task_complete", "run_id": "SELECTOR_SPRINT__b16000__multidepot__e2-multidepot-50c-01__A7_SOFTMAX_SELECTOR_LOCAL_SEARCH__seed1", "status": "OK", "time": 1783375852.413764}
{"event": "task_complete", "run_id": "SELECTOR_SPRINT__b16000__multidepot__e2-multidepot-50c-01__A0_MAIN_LOCAL_SEARCH__seed2", "status": "OK", "time": 1783375984.785236}
{"event": "task_complete", "run_id": "SELECTOR_SPRINT__b16000__multidepot__e2-multidepot-50c-01__LNS_REFERENCE__seed1", "status": "OK", "time": 1783376124.595934}
{"event": "task_complete", "run_id": "SELECTOR_SPRINT__b16000__multidepot__e2-multidepot-50c-01__A7_SOFTMAX_SELECTOR_LOCAL_SEARCH__seed2", "status": "OK", "time": 1783376192.50621}
{"event": "task_complete", "run_id": "SELECTOR_SPRINT__b16000__multidepot__e2-multidepot-50c-01__A6_THOMPSON_SELECTOR_LOCAL_SEARCH__seed2", "status": "OK", "time": 1783376207.3412008}
{"event": "task_complete", "run_id": "SELECTOR_SPRINT__b16000__multidepot__e2-multidepot-50c-01__A0_MAIN_LOCAL_SEARCH__seed3", "status": "OK", "time": 1783376471.58044}
{"event": "task_complete", "run_id": "SELECTOR_SPRINT__b16000__multidepot__e2-multidepot-50c-01__A6_THOMPSON_SELECTOR_LOCAL_SEARCH__seed3", "status": "OK", "time": 1783376486.5949152}
{"event": "task_complete", "run_id": "SELECTOR_SPRINT__b16000__multidepot__e2-multidepot-50c-01__LNS_REFERENCE__seed2", "status": "OK", "time": 1783376528.901209}
{"event": "task_complete", "run_id": "SELECTOR_SPRINT__b16000__multidepot__e2-multidepot-50c-01__A7_SOFTMAX_SELECTOR_LOCAL_SEARCH__seed3", "status": "OK", "time": 1783376850.106247}
{"event": "task_complete", "run_id": "SELECTOR_SPRINT__b16000__multidepot__e2-multidepot-50c-01__LNS_REFERENCE__seed3", "status": "OK", "time": 1783376904.858449}
{"event": "task_complete", "run_id": "SELECTOR_SPRINT__b16000__multidepot__e2-multidepot-75c-01__A0_MAIN_LOCAL_SEARCH__seed1", "status": "OK", "time": 1783376981.001527}
{"event": "task_complete", "run_id": "SELECTOR_SPRINT__b16000__multidepot__e2-multidepot-75c-01__A6_THOMPSON_SELECTOR_LOCAL_SEARCH__seed1", "status": "OK", "time": 1783377247.1564229}
{"event": "task_complete", "run_id": "SELECTOR_SPRINT__b16000__multidepot__e2-multidepot-75c-01__A7_SOFTMAX_SELECTOR_LOCAL_SEARCH__seed1", "status": "OK", "time": 1783377311.77676}
{"event": "task_complete", "run_id": "SELECTOR_SPRINT__b16000__multidepot__e2-multidepot-75c-01__LNS_REFERENCE__seed1", "status": "OK", "time": 1783377530.968726}
{"event": "task_complete", "run_id": "SELECTOR_SPRINT__b16000__multidepot__e2-multidepot-75c-01__A0_MAIN_LOCAL_SEARCH__seed2", "status": "OK", "time": 1783377818.206672}
{"event": "task_complete", "run_id": "SELECTOR_SPRINT__b16000__multidepot__e2-multidepot-75c-01__A6_THOMPSON_SELECTOR_LOCAL_SEARCH__seed2", "status": "OK", "time": 1783377979.396416}
{"event": "task_complete", "run_id": "SELECTOR_SPRINT__b16000__multidepot__e2-multidepot-75c-01__A7_SOFTMAX_SELECTOR_LOCAL_SEARCH__seed2", "status": "OK", "time": 1783377981.581666}
{"event": "task_complete", "run_id": "SELECTOR_SPRINT__b16000__multidepot__e2-multidepot-75c-01__LNS_REFERENCE__seed2", "status": "OK", "time": 1783378345.613872}
{"event": "task_complete", "run_id": "SELECTOR_SPRINT__b16000__multidepot__e2-multidepot-75c-01__A0_MAIN_LOCAL_SEARCH__seed3", "status": "OK", "time": 1783378436.8133}
{"event": "task_complete", "run_id": "SELECTOR_SPRINT__b16000__multidepot__e2-multidepot-75c-01__A6_THOMPSON_SELECTOR_LOCAL_SEARCH__seed3", "status": "OK", "time": 1783378440.363538}
{"event": "task_complete", "run_id": "SELECTOR_SPRINT__b16000__multidepot__e2-multidepot-75c-01__A7_SOFTMAX_SELECTOR_LOCAL_SEARCH__seed3", "status": "OK", "time": 1783378820.8751109}
{"event": "task_complete", "run_id": "SELECTOR_SPRINT__b16000__multidepot__e2-multidepot-75c-01__LNS_REFERENCE__seed3", "status": "OK", "time": 1783378968.330706}
{"event": "task_complete", "run_id": "SELECTOR_SPRINT__b16000__threeshift__e2-threeshift-100c-01__A6_THOMPSON_SELECTOR_LOCAL_SEARCH__seed1", "status": "OK", "time": 1783379425.716164}
{"event": "task_complete", "run_id": "SELECTOR_SPRINT__b16000__threeshift__e2-threeshift-100c-01__A0_MAIN_LOCAL_SEARCH__seed1", "status": "OK", "time": 1783379454.523027}
{"event": "task_complete", "run_id": "SELECTOR_SPRINT__b16000__threeshift__e2-threeshift-100c-01__A7_SOFTMAX_SELECTOR_LOCAL_SEARCH__seed1", "status": "OK", "time": 1783379721.5367649}
{"event": "task_complete", "run_id": "SELECTOR_SPRINT__b16000__threeshift__e2-threeshift-100c-01__LNS_REFERENCE__seed1", "status": "OK", "time": 1783380127.812809}
{"event": "task_complete", "run_id": "SELECTOR_SPRINT__b16000__threeshift__e2-threeshift-100c-01__A0_MAIN_LOCAL_SEARCH__seed2", "status": "OK", "time": 1783380316.212317}
{"event": "task_complete", "run_id": "SELECTOR_SPRINT__b16000__threeshift__e2-threeshift-100c-01__A6_THOMPSON_SELECTOR_LOCAL_SEARCH__seed2", "status": "OK", "time": 1783380803.377887}
{"event": "task_complete", "run_id": "SELECTOR_SPRINT__b16000__threeshift__e2-threeshift-100c-01__A7_SOFTMAX_SELECTOR_LOCAL_SEARCH__seed2", "status": "OK", "time": 1783381116.574755}
{"event": "task_complete", "run_id": "SELECTOR_SPRINT__b16000__threeshift__e2-threeshift-100c-01__LNS_REFERENCE__seed2", "status": "OK", "time": 1783381162.333565}
{"event": "task_complete", "run_id": "SELECTOR_SPRINT__b16000__threeshift__e2-threeshift-100c-01__A0_MAIN_LOCAL_SEARCH__seed3", "status": "OK", "time": 1783381789.8822951}
{"event": "task_complete", "run_id": "SELECTOR_SPRINT__b16000__threeshift__e2-threeshift-100c-01__A6_THOMPSON_SELECTOR_LOCAL_SEARCH__seed3", "status": "OK", "time": 1783381965.777329}
{"event": "task_complete", "run_id": "SELECTOR_SPRINT__b16000__threeshift__e2-threeshift-100c-01__A7_SOFTMAX_SELECTOR_LOCAL_SEARCH__seed3", "status": "OK", "time": 1783382138.6484811}
{"event": "task_complete", "run_id": "SELECTOR_SPRINT__b16000__threeshift__e2-threeshift-100c-01__LNS_REFERENCE__seed3", "status": "OK", "time": 1783382546.761408}
{"event": "task_complete", "run_id": "SELECTOR_SPRINT__b16000__threeshift__e2-threeshift-150c-01__A0_MAIN_LOCAL_SEARCH__seed1", "status": "OK", "time": 1783382668.848746}
{"event": "task_complete", "run_id": "SELECTOR_SPRINT__b16000__threeshift__e2-threeshift-150c-01__A6_THOMPSON_SELECTOR_LOCAL_SEARCH__seed1", "status": "OK", "time": 1783383448.2828538}
{"event": "task_complete", "run_id": "SELECTOR_SPRINT__b16000__threeshift__e2-threeshift-150c-01__LNS_REFERENCE__seed1", "status": "OK", "time": 1783383736.163518}
{"event": "task_complete", "run_id": "SELECTOR_SPRINT__b16000__threeshift__e2-threeshift-150c-01__A7_SOFTMAX_SELECTOR_LOCAL_SEARCH__seed1", "status": "OK", "time": 1783383737.0845912}
{"event": "task_complete", "run_id": "SELECTOR_SPRINT__b16000__threeshift__e2-threeshift-150c-01__A0_MAIN_LOCAL_SEARCH__seed2", "status": "OK", "time": 1783384299.829171}
{"event": "task_complete", "run_id": "SELECTOR_SPRINT__b16000__threeshift__e2-threeshift-150c-01__A7_SOFTMAX_SELECTOR_LOCAL_SEARCH__seed2", "status": "OK", "time": 1783385060.211661}
{"event": "task_complete", "run_id": "SELECTOR_SPRINT__b16000__threeshift__e2-threeshift-150c-01__A6_THOMPSON_SELECTOR_LOCAL_SEARCH__seed2", "status": "OK", "time": 1783385260.7215328}
{"event": "task_complete", "run_id": "SELECTOR_SPRINT__b16000__threeshift__e2-threeshift-150c-01__LNS_REFERENCE__seed2", "status": "OK", "time": 1783385811.015883}
{"event": "task_complete", "run_id": "SELECTOR_SPRINT__b16000__threeshift__e2-threeshift-150c-01__A0_MAIN_LOCAL_SEARCH__seed3", "status": "OK", "time": 1783386227.754217}
{"event": "task_complete", "run_id": "SELECTOR_SPRINT__b16000__threeshift__e2-threeshift-150c-01__A7_SOFTMAX_SELECTOR_LOCAL_SEARCH__seed3", "status": "OK", "time": 1783387153.164644}
{"event": "task_complete", "run_id": "SELECTOR_SPRINT__b16000__threeshift__e2-threeshift-150c-01__A6_THOMPSON_SELECTOR_LOCAL_SEARCH__seed3", "status": "OK", "time": 1783387272.559069}
{"event": "task_complete", "run_id": "SELECTOR_SPRINT__b16000__threeshift__e2-threeshift-50c-01__A0_MAIN_LOCAL_SEARCH__seed1", "status": "OK", "time": 1783387560.9946098}
{"event": "task_complete", "run_id": "SELECTOR_SPRINT__b16000__threeshift__e2-threeshift-50c-01__A6_THOMPSON_SELECTOR_LOCAL_SEARCH__seed1", "status": "OK", "time": 1783387667.7316759}
{"event": "task_complete", "run_id": "SELECTOR_SPRINT__b16000__threeshift__e2-threeshift-150c-01__LNS_REFERENCE__seed3", "status": "OK", "time": 1783387709.6833549}
{"event": "task_complete", "run_id": "SELECTOR_SPRINT__b16000__threeshift__e2-threeshift-50c-01__A7_SOFTMAX_SELECTOR_LOCAL_SEARCH__seed1", "status": "OK", "time": 1783387901.470011}
{"event": "task_complete", "run_id": "SELECTOR_SPRINT__b16000__threeshift__e2-threeshift-50c-01__A0_MAIN_LOCAL_SEARCH__seed2", "status": "OK", "time": 1783388163.3963861}
{"event": "task_complete", "run_id": "SELECTOR_SPRINT__b16000__threeshift__e2-threeshift-50c-01__LNS_REFERENCE__seed1", "status": "OK", "time": 1783388174.307413}
{"event": "task_complete", "run_id": "SELECTOR_SPRINT__b16000__threeshift__e2-threeshift-50c-01__A6_THOMPSON_SELECTOR_LOCAL_SEARCH__seed2", "status": "OK", "time": 1783388234.6444669}
{"event": "task_complete", "run_id": "SELECTOR_SPRINT__b16000__threeshift__e2-threeshift-50c-01__A7_SOFTMAX_SELECTOR_LOCAL_SEARCH__seed2", "status": "OK", "time": 1783388546.24261}
{"event": "task_complete", "run_id": "SELECTOR_SPRINT__b16000__threeshift__e2-threeshift-50c-01__A0_MAIN_LOCAL_SEARCH__seed3", "status": "OK", "time": 1783388687.0073621}
{"event": "task_complete", "run_id": "SELECTOR_SPRINT__b16000__threeshift__e2-threeshift-50c-01__LNS_REFERENCE__seed2", "status": "OK", "time": 1783388690.454737}
{"event": "task_complete", "run_id": "SELECTOR_SPRINT__b16000__threeshift__e2-threeshift-50c-01__A6_THOMPSON_SELECTOR_LOCAL_SEARCH__seed3", "status": "OK", "time": 1783388851.112237}
{"event": "task_complete", "run_id": "SELECTOR_SPRINT__b16000__threeshift__e2-threeshift-50c-01__A7_SOFTMAX_SELECTOR_LOCAL_SEARCH__seed3", "status": "OK", "time": 1783389013.9876869}
{"event": "task_complete", "run_id": "SELECTOR_SPRINT__b16000__threeshift__e2-threeshift-50c-01__LNS_REFERENCE__seed3", "status": "OK", "time": 1783389233.503267}
{"event": "task_complete", "run_id": "SELECTOR_SPRINT__b16000__threeshift__e2-threeshift-75c-01__A0_MAIN_LOCAL_SEARCH__seed1", "status": "OK", "time": 1783389776.011765}
{"event": "task_complete", "run_id": "SELECTOR_SPRINT__b16000__threeshift__e2-threeshift-75c-01__A6_THOMPSON_SELECTOR_LOCAL_SEARCH__seed1", "status": "OK", "time": 1783389845.9189959}
{"event": "task_complete", "run_id": "SELECTOR_SPRINT__b16000__threeshift__e2-threeshift-75c-01__A7_SOFTMAX_SELECTOR_LOCAL_SEARCH__seed1", "status": "OK", "time": 1783389871.697101}
{"event": "task_complete", "run_id": "SELECTOR_SPRINT__b16000__threeshift__e2-threeshift-75c-01__LNS_REFERENCE__seed1", "status": "OK", "time": 1783390525.131625}
{"event": "task_complete", "run_id": "SELECTOR_SPRINT__b16000__threeshift__e2-threeshift-75c-01__A0_MAIN_LOCAL_SEARCH__seed2", "status": "OK", "time": 1783390572.411607}
{"event": "task_complete", "run_id": "SELECTOR_SPRINT__b16000__threeshift__e2-threeshift-75c-01__A6_THOMPSON_SELECTOR_LOCAL_SEARCH__seed2", "status": "OK", "time": 1783390869.2052338}
{"event": "task_complete", "run_id": "SELECTOR_SPRINT__b16000__threeshift__e2-threeshift-75c-01__A7_SOFTMAX_SELECTOR_LOCAL_SEARCH__seed2", "status": "OK", "time": 1783391141.384406}
{"event": "task_complete", "run_id": "SELECTOR_SPRINT__b16000__threeshift__e2-threeshift-75c-01__A0_MAIN_LOCAL_SEARCH__seed3", "status": "OK", "time": 1783391299.88716}
{"event": "task_complete", "run_id": "SELECTOR_SPRINT__b16000__threeshift__e2-threeshift-75c-01__LNS_REFERENCE__seed2", "status": "OK", "time": 1783391361.6180758}
{"event": "task_complete", "run_id": "SELECTOR_SPRINT__b16000__threeshift__e2-threeshift-75c-01__LNS_REFERENCE__seed3", "status": "OK", "time": 1783392046.792825}
{"event": "task_complete", "run_id": "SELECTOR_SPRINT__b16000__threeshift__e2-threeshift-75c-01__A6_THOMPSON_SELECTOR_LOCAL_SEARCH__seed3", "status": "OK", "time": 1783392130.13182}
{"event": "task_complete", "run_id": "SELECTOR_SPRINT__b16000__threeshift__e2-threeshift-75c-01__A7_SOFTMAX_SELECTOR_LOCAL_SEARCH__seed3", "status": "OK", "time": 1783392201.157148}
{"event": "task_complete", "run_id": "SELECTOR_SPRINT__b16000__vanilla__e2-vanilla-100c-01__A0_MAIN_LOCAL_SEARCH__seed1", "status": "OK", "time": 1783392856.9207108}
{"event": "task_complete", "run_id": "SELECTOR_SPRINT__b16000__vanilla__e2-vanilla-100c-01__A7_SOFTMAX_SELECTOR_LOCAL_SEARCH__seed1", "status": "OK", "time": 1783392989.476352}
{"event": "task_complete", "run_id": "SELECTOR_SPRINT__b16000__vanilla__e2-vanilla-100c-01__A6_THOMPSON_SELECTOR_LOCAL_SEARCH__seed1", "status": "OK", "time": 1783393106.789286}
{"event": "task_complete", "run_id": "SELECTOR_SPRINT__b16000__vanilla__e2-vanilla-100c-01__LNS_REFERENCE__seed1", "status": "OK", "time": 1783393747.854045}
{"event": "task_complete", "run_id": "SELECTOR_SPRINT__b16000__vanilla__e2-vanilla-100c-01__A6_THOMPSON_SELECTOR_LOCAL_SEARCH__seed2", "status": "OK", "time": 1783393975.355613}
{"event": "task_complete", "run_id": "SELECTOR_SPRINT__b16000__vanilla__e2-vanilla-100c-01__A0_MAIN_LOCAL_SEARCH__seed2", "status": "OK", "time": 1783394036.398031}
{"event": "task_complete", "run_id": "SELECTOR_SPRINT__b16000__vanilla__e2-vanilla-100c-01__A7_SOFTMAX_SELECTOR_LOCAL_SEARCH__seed2", "status": "OK", "time": 1783394684.769831}
{"event": "task_complete", "run_id": "SELECTOR_SPRINT__b16000__vanilla__e2-vanilla-100c-01__LNS_REFERENCE__seed2", "status": "OK", "time": 1783394927.1162062}
{"event": "task_complete", "run_id": "SELECTOR_SPRINT__b16000__vanilla__e2-vanilla-100c-01__A0_MAIN_LOCAL_SEARCH__seed3", "status": "OK", "time": 1783395179.121553}
{"event": "task_complete", "run_id": "SELECTOR_SPRINT__b16000__vanilla__e2-vanilla-100c-01__A6_THOMPSON_SELECTOR_LOCAL_SEARCH__seed3", "status": "OK", "time": 1783395517.641524}
{"event": "task_complete", "run_id": "SELECTOR_SPRINT__b16000__vanilla__e2-vanilla-100c-01__A7_SOFTMAX_SELECTOR_LOCAL_SEARCH__seed3", "status": "OK", "time": 1783395701.6230028}
{"event": "task_complete", "run_id": "SELECTOR_SPRINT__b16000__vanilla__e2-vanilla-100c-01__LNS_REFERENCE__seed3", "status": "OK", "time": 1783396142.5784068}
{"event": "task_complete", "run_id": "SELECTOR_SPRINT__b16000__vanilla__e2-vanilla-150c-01__A0_MAIN_LOCAL_SEARCH__seed1", "status": "OK", "time": 1783396609.407958}
{"event": "task_complete", "run_id": "SELECTOR_SPRINT__b16000__vanilla__e2-vanilla-150c-01__A7_SOFTMAX_SELECTOR_LOCAL_SEARCH__seed1", "status": "OK", "time": 1783397481.229342}
{"event": "task_complete", "run_id": "SELECTOR_SPRINT__b16000__vanilla__e2-vanilla-150c-01__A6_THOMPSON_SELECTOR_LOCAL_SEARCH__seed1", "status": "OK", "time": 1783397518.08071}
{"event": "task_complete", "run_id": "SELECTOR_SPRINT__b16000__vanilla__e2-vanilla-150c-01__LNS_REFERENCE__seed1", "status": "OK", "time": 1783398169.395833}
{"event": "task_complete", "run_id": "SELECTOR_SPRINT__b16000__vanilla__e2-vanilla-150c-01__A0_MAIN_LOCAL_SEARCH__seed2", "status": "OK", "time": 1783398796.8697758}
{"event": "task_complete", "run_id": "SELECTOR_SPRINT__b16000__vanilla__e2-vanilla-150c-01__A7_SOFTMAX_SELECTOR_LOCAL_SEARCH__seed2", "status": "OK", "time": 1783399688.943285}
{"event": "task_complete", "run_id": "SELECTOR_SPRINT__b16000__vanilla__e2-vanilla-150c-01__A6_THOMPSON_SELECTOR_LOCAL_SEARCH__seed2", "status": "OK", "time": 1783399972.8434298}
{"event": "task_complete", "run_id": "SELECTOR_SPRINT__b16000__vanilla__e2-vanilla-150c-01__LNS_REFERENCE__seed2", "status": "OK", "time": 1783400307.003648}
{"event": "task_complete", "run_id": "SELECTOR_SPRINT__b16000__vanilla__e2-vanilla-150c-01__A0_MAIN_LOCAL_SEARCH__seed3", "status": "OK", "time": 1783401008.386108}
{"event": "task_complete", "run_id": "SELECTOR_SPRINT__b16000__vanilla__e2-vanilla-150c-01__A7_SOFTMAX_SELECTOR_LOCAL_SEARCH__seed3", "status": "OK", "time": 1783401737.534776}
{"event": "task_complete", "run_id": "SELECTOR_SPRINT__b16000__vanilla__e2-vanilla-150c-01__A6_THOMPSON_SELECTOR_LOCAL_SEARCH__seed3", "status": "OK", "time": 1783401790.779982}
{"event": "task_complete", "run_id": "SELECTOR_SPRINT__b16000__vanilla__e2-vanilla-15c-01__A0_MAIN_LOCAL_SEARCH__seed1", "status": "OK", "time": 1783401805.06742}
{"event": "task_complete", "run_id": "SELECTOR_SPRINT__b16000__vanilla__e2-vanilla-15c-01__A6_THOMPSON_SELECTOR_LOCAL_SEARCH__seed1", "status": "OK", "time": 1783401823.2462049}
{"event": "task_complete", "run_id": "SELECTOR_SPRINT__b16000__vanilla__e2-vanilla-15c-01__A7_SOFTMAX_SELECTOR_LOCAL_SEARCH__seed1", "status": "OK", "time": 1783401860.957392}
{"event": "task_complete", "run_id": "SELECTOR_SPRINT__b16000__vanilla__e2-vanilla-15c-01__LNS_REFERENCE__seed1", "status": "OK", "time": 1783401873.350663}
{"event": "task_complete", "run_id": "SELECTOR_SPRINT__b16000__vanilla__e2-vanilla-15c-01__A0_MAIN_LOCAL_SEARCH__seed2", "status": "OK", "time": 1783401907.27372}
{"event": "task_complete", "run_id": "SELECTOR_SPRINT__b16000__vanilla__e2-vanilla-15c-01__A6_THOMPSON_SELECTOR_LOCAL_SEARCH__seed2", "status": "OK", "time": 1783401919.2247}
{"event": "task_complete", "run_id": "SELECTOR_SPRINT__b16000__vanilla__e2-vanilla-15c-01__A7_SOFTMAX_SELECTOR_LOCAL_SEARCH__seed2", "status": "OK", "time": 1783401978.749876}
{"event": "task_complete", "run_id": "SELECTOR_SPRINT__b16000__vanilla__e2-vanilla-15c-01__LNS_REFERENCE__seed2", "status": "OK", "time": 1783401980.8142788}
{"event": "task_complete", "run_id": "SELECTOR_SPRINT__b16000__vanilla__e2-vanilla-15c-01__A6_THOMPSON_SELECTOR_LOCAL_SEARCH__seed3", "status": "OK", "time": 1783402041.6385229}
{"event": "task_complete", "run_id": "SELECTOR_SPRINT__b16000__vanilla__e2-vanilla-15c-01__A7_SOFTMAX_SELECTOR_LOCAL_SEARCH__seed3", "status": "OK", "time": 1783402075.823317}
{"event": "task_complete", "run_id": "SELECTOR_SPRINT__b16000__vanilla__e2-vanilla-15c-01__A0_MAIN_LOCAL_SEARCH__seed3", "status": "OK", "time": 1783402087.505407}
{"event": "task_complete", "run_id": "SELECTOR_SPRINT__b16000__vanilla__e2-vanilla-15c-01__LNS_REFERENCE__seed3", "status": "OK", "time": 1783402142.235577}
{"event": "task_complete", "run_id": "SELECTOR_SPRINT__b16000__vanilla__e2-vanilla-25c-01__A0_MAIN_LOCAL_SEARCH__seed1", "status": "OK", "time": 1783402179.2281978}
{"event": "task_complete", "run_id": "SELECTOR_SPRINT__b16000__vanilla__e2-vanilla-25c-01__A6_THOMPSON_SELECTOR_LOCAL_SEARCH__seed1", "status": "OK", "time": 1783402221.374669}
{"event": "task_complete", "run_id": "SELECTOR_SPRINT__b16000__vanilla__e2-vanilla-25c-01__A7_SOFTMAX_SELECTOR_LOCAL_SEARCH__seed1", "status": "OK", "time": 1783402260.158852}
{"event": "task_complete", "run_id": "SELECTOR_SPRINT__b16000__vanilla__e2-vanilla-25c-01__A0_MAIN_LOCAL_SEARCH__seed2", "status": "OK", "time": 1783402337.341195}
{"event": "task_complete", "run_id": "SELECTOR_SPRINT__b16000__vanilla__e2-vanilla-25c-01__A6_THOMPSON_SELECTOR_LOCAL_SEARCH__seed2", "status": "OK", "time": 1783402407.061601}
{"event": "task_complete", "run_id": "SELECTOR_SPRINT__b16000__vanilla__e2-vanilla-25c-01__A7_SOFTMAX_SELECTOR_LOCAL_SEARCH__seed2", "status": "OK", "time": 1783402469.977667}
{"event": "task_complete", "run_id": "SELECTOR_SPRINT__b16000__vanilla__e2-vanilla-25c-01__LNS_REFERENCE__seed1", "status": "OK", "time": 1783402494.1306088}
{"event": "task_complete", "run_id": "SELECTOR_SPRINT__b16000__vanilla__e2-vanilla-25c-01__A0_MAIN_LOCAL_SEARCH__seed3", "status": "OK", "time": 1783402557.0701718}
{"event": "task_complete", "run_id": "SELECTOR_SPRINT__b16000__vanilla__e2-vanilla-25c-01__A6_THOMPSON_SELECTOR_LOCAL_SEARCH__seed3", "status": "OK", "time": 1783402624.6983428}
{"event": "task_complete", "run_id": "SELECTOR_SPRINT__b16000__vanilla__e2-vanilla-25c-01__A7_SOFTMAX_SELECTOR_LOCAL_SEARCH__seed3", "status": "OK", "time": 1783402686.234168}
{"event": "task_complete", "run_id": "SELECTOR_SPRINT__b16000__vanilla__e2-vanilla-25c-01__LNS_REFERENCE__seed2", "status": "OK", "time": 1783402707.0209548}
{"event": "task_complete", "run_id": "SELECTOR_SPRINT__b16000__vanilla__e2-vanilla-25c-01__LNS_REFERENCE__seed3", "status": "OK", "time": 1783402905.789403}
{"event": "task_complete", "run_id": "SELECTOR_SPRINT__b16000__vanilla__e2-vanilla-150c-01__LNS_REFERENCE__seed3", "status": "OK", "time": 1783402952.435161}
{"event": "task_complete", "run_id": "SELECTOR_SPRINT__b16000__vanilla__e2-vanilla-50c-01__A0_MAIN_LOCAL_SEARCH__seed1", "status": "OK", "time": 1783403142.7500842}
{"event": "task_complete", "run_id": "SELECTOR_SPRINT__b16000__vanilla__e2-vanilla-50c-01__A6_THOMPSON_SELECTOR_LOCAL_SEARCH__seed1", "status": "OK", "time": 1783403202.7682822}
{"event": "task_complete", "run_id": "SELECTOR_SPRINT__b16000__vanilla__e2-vanilla-50c-01__A7_SOFTMAX_SELECTOR_LOCAL_SEARCH__seed1", "status": "OK", "time": 1783403270.372169}
{"event": "task_complete", "run_id": "SELECTOR_SPRINT__b16000__vanilla__e2-vanilla-50c-01__A6_THOMPSON_SELECTOR_LOCAL_SEARCH__seed2", "status": "OK", "time": 1783403490.4952571}
{"event": "task_complete", "run_id": "SELECTOR_SPRINT__b16000__vanilla__e2-vanilla-50c-01__A0_MAIN_LOCAL_SEARCH__seed2", "status": "OK", "time": 1783403540.4751282}
{"event": "task_complete", "run_id": "SELECTOR_SPRINT__b16000__vanilla__e2-vanilla-50c-01__LNS_REFERENCE__seed1", "status": "OK", "time": 1783403726.060435}
{"event": "task_complete", "run_id": "SELECTOR_SPRINT__b16000__vanilla__e2-vanilla-50c-01__A7_SOFTMAX_SELECTOR_LOCAL_SEARCH__seed2", "status": "OK", "time": 1783403731.197946}
{"event": "task_complete", "run_id": "SELECTOR_SPRINT__b16000__vanilla__e2-vanilla-50c-01__A0_MAIN_LOCAL_SEARCH__seed3", "status": "OK", "time": 1783403969.665261}
{"event": "task_complete", "run_id": "SELECTOR_SPRINT__b16000__vanilla__e2-vanilla-50c-01__A6_THOMPSON_SELECTOR_LOCAL_SEARCH__seed3", "status": "OK", "time": 1783404051.561176}
{"event": "task_complete", "run_id": "SELECTOR_SPRINT__b16000__vanilla__e2-vanilla-50c-01__LNS_REFERENCE__seed2", "status": "OK", "time": 1783404089.140673}
{"event": "task_complete", "run_id": "SELECTOR_SPRINT__b16000__vanilla__e2-vanilla-50c-01__A7_SOFTMAX_SELECTOR_LOCAL_SEARCH__seed3", "status": "OK", "time": 1783404185.7748659}
{"event": "task_complete", "run_id": "SELECTOR_SPRINT__b16000__vanilla__e2-vanilla-50c-01__LNS_REFERENCE__seed3", "status": "OK", "time": 1783404470.854926}
{"budget": 16000, "event": "budget_complete", "rows": 192, "survivors": [], "time": 1783404911.022357}
{"budgets": [4000, 8000, 16000], "event": "start", "head": "22aa674ba1cea1da227d6533c343e84cff584a21", "time": 1783405032.140857, "workers": 3}
{"budgets": [4000, 8000, 16000], "event": "start", "head": "22aa674ba1cea1da227d6533c343e84cff584a21", "time": 1783405739.6865122, "workers": 3}
{"budgets": [4000, 8000, 16000], "event": "start", "head": "22aa674ba1cea1da227d6533c343e84cff584a21", "time": 1783406131.703084, "workers": 3}
{"event": "complete", "expected": 768, "rows": 768, "time": 1783406172.984954, "verdict": "SELECTOR_SPRINT_8000_SUPPORTED"}
{"budgets": [4000, 8000, 16000], "event": "start", "head": "22aa674ba1cea1da227d6533c343e84cff584a21", "time": 1783406267.3744981, "workers": 3}
{"event": "complete", "expected": 768, "rows": 768, "time": 1783406375.369486, "verdict": "SELECTOR_SPRINT_8000_SUPPORTED"}
